lost	top1_known	score	top10
aad	rom	-7.5598	"[[""rom"", -7.5598], [""maw"", -11.095], [""pʰoke"", -12.6278], [""arai"", -12.6713], [""awis"", -12.6862], [""aker"", -13.447], [""maras"", -13.8323], [""siwai"", -13.8476], [""ziwai"", -13.8476], [""tawarzio"", -14.2894]]"
aadi	rom	-10.4152	"[[""rom"", -10.4152], [""pʰoke"", -12.4389], [""maw"", -14.5883], [""heloke"", -15.7931], [""arai"", -15.7991], [""awis"", -15.8138], [""aker"", -15.8822], [""maras"", -16.9168], [""siwai"", -16.932], [""ziwai"", -16.932]]"
aadik	rom	-13.5311	"[[""rom"", -13.5311], [""pʰoke"", -15.9206], [""maw"", -18.0784], [""epteziu"", -18.1112], [""aker"", -18.8794], [""arai"", -19.0203], [""awis"", -19.0348], [""heloke"", -19.2292], [""ziwai"", -19.7688], [""tawarzio"", -19.7763]]"
aadiki	rom	-16.7578	"[[""rom"", -16.7578], [""pʰoke"", -18.0811], [""heloke"", -20.6885], [""epteziu"", -20.8044], [""maw"", -21.5655], [""aker"", -21.6703], [""arai"", -22.2959], [""awis"", -22.3103], [""zeronaitʰ"", -22.631], [""serunaitʰ"", -22.652]]"
aadikit	rom	-15.3963	"[[""rom"", -15.3963], [""pʰoke"", -21.5818], [""epteziu"", -23.7941], [""marasm"", -24.0524], [""heloke"", -24.1722], [""maw"", -24.4383], [""aomai"", -24.6314], [""aker"", -24.7632], [""zeronaitʰ"", -25.2604], [""serunaitʰ"", -25.4545]]"
aadikite	rom	-18.9026	"[[""rom"", -18.9026], [""pʰoke"", -25.0822], [""epteziu"", -26.9105], [""aomai"", -27.4486], [""maw"", -27.5508], [""marasm"", -27.5524], [""heloke"", -27.6481], [""zeronaitʰ"", -27.9416], [""aker"", -27.9773], [""serunaitʰ"", -28.3848]]"
aadikites	rom	-22.4088	"[[""rom"", -22.4088], [""hulaies"", -28.2368], [""pʰoke"", -28.5805], [""awis"", -28.9449], [""tis"", -29.2244], [""maras"", -29.4037], [""epteziu"", -29.9993], [""zeronaitʰ"", -30.2439], [""aomai"", -30.5414], [""maw"", -30.7685]]"
aadikitesi	rom	-25.9151	"[[""rom"", -25.9151], [""zeronaitʰ"", -30.5466], [""pʰoke"", -30.9652], [""epteziu"", -31.718], [""hulaies"", -31.7392], [""serunaitʰ"", -31.7525], [""heloke"", -32.4267], [""awis"", -32.4479], [""napʰotʰ"", -32.5876], [""tis"", -32.6343]]"
aaj	rom	-9.5503	"[[""rom"", -9.5503], [""maw"", -11.095], [""arai"", -12.6713], [""awis"", -12.6862], [""aker"", -13.447], [""maras"", -13.8323], [""siwai"", -13.8476], [""ziwai"", -13.8476], [""tis"", -14.7934], [""marasm"", -16.1701]]"
aaja	rom	-12.5792	"[[""rom"", -12.5792], [""maw"", -13.2451], [""aker"", -15.2632], [""arai"", -15.4908], [""awis"", -15.5058], [""maras"", -16.2694], [""siwai"", -16.2848], [""ziwai"", -16.2848], [""tis"", -17.8279], [""marasm"", -18.6307]]"
aau	rom	-9.5503	"[[""rom"", -9.5503], [""maw"", -11.095], [""aker"", -12.4462], [""arai"", -12.6713], [""awis"", -12.6862], [""maras"", -13.8323], [""siwai"", -13.8476], [""ziwai"", -13.8476], [""pʰoke"", -14.6178], [""tis"", -14.7934]]"
ada	rom	-7.5867	"[[""rom"", -7.5867], [""maw"", -10.4276], [""aker"", -12.5541], [""arai"", -12.8218], [""awis"", -12.8365], [""pʰoke"", -12.881], [""maras"", -13.8458], [""siwai"", -13.8611], [""ziwai"", -13.8611], [""tis"", -14.7934]]"
adad	rom	-10.2236	"[[""rom"", -10.2236], [""maw"", -13.9281], [""pʰoke"", -15.031], [""arai"", -15.807], [""ewistʰuo"", -15.8133], [""awis"", -15.8217], [""aker"", -16.0274], [""maras"", -16.6606], [""siwai"", -16.6759], [""ziwai"", -16.6759]]"
adada	rom	-13.2657	"[[""rom"", -13.2657], [""maw"", -16.3436], [""pʰoke"", -17.9684], [""aker"", -18.1999], [""arai"", -18.6834], [""awis"", -18.6983], [""maras"", -19.2641], [""ewistʰuo"", -19.2684], [""siwai"", -19.2795], [""ziwai"", -19.2795]]"
adadau	rom	-16.4567	"[[""rom"", -16.4567], [""pʰoke"", -18.7742], [""maw"", -19.8479], [""aker"", -21.3915], [""arai"", -21.7958], [""awis"", -21.8107], [""heloke"", -22.1578], [""maras"", -22.2927], [""siwai"", -22.3081], [""ziwai"", -22.3081]]"
adadaut	rom	-14.9935	"[[""rom"", -14.9935], [""pʰoke"", -21.6227], [""marasm"", -22.9733], [""maw"", -23.2082], [""aomai"", -24.0058], [""aker"", -24.6519], [""heloke"", -25.0059], [""arai"", -25.0123], [""awis"", -25.0272], [""serunaitʰ"", -25.428]]"
adadauti	rom	-18.4998	"[[""rom"", -18.4998], [""pʰoke"", -18.8693], [""heloke"", -22.2532], [""aker"", -26.0692], [""marasm"", -26.4742], [""maw"", -26.5837], [""aomai"", -26.8211], [""pʰokiasiale"", -27.7514], [""serunaitʰ"", -28.2431], [""zeronaitʰ"", -28.2431]]"
adadautin	rom	-22.006	"[[""rom"", -22.006], [""pʰoke"", -22.3765], [""heloke"", -25.7603], [""aker"", -28.9475], [""aomai"", -29.9134], [""maw"", -29.9713], [""marasm"", -29.9729], [""zeronaitʰ"", -31.1824], [""serunaitʰ"", -31.1824], [""pʰokiasiale"", -31.2434]]"
adadautinu	rom	-25.5122	"[[""rom"", -25.5122], [""pʰoke"", -25.8827], [""heloke"", -29.2649], [""aker"", -32.0567], [""aomai"", -33.1209], [""maw"", -33.3688], [""marasm"", -33.4691], [""zeronaitʰ"", -34.2066], [""serunaitʰ"", -34.2066], [""pʰokiasiale"", -34.7228]]"
adau	rom	-10.688	"[[""rom"", -10.688], [""pʰoke"", -13.5324], [""maw"", -13.9281], [""aker"", -15.3818], [""arai"", -15.807], [""awis"", -15.8217], [""maras"", -16.6606], [""siwai"", -16.6759], [""ziwai"", -16.6759], [""heloke"", -16.87]]"
adaut	rom	-9.073	"[[""rom"", -9.073], [""pʰoke"", -16.3755], [""maw"", -17.0487], [""marasm"", -17.3412], [""aomai"", -18.0421], [""aker"", -18.4759], [""arai"", -18.9603], [""awis"", -18.9749], [""maras"", -19.6109], [""heloke"", -19.7112]]"
adauti	rom	-12.5791	"[[""rom"", -12.5791], [""pʰoke"", -13.6172], [""heloke"", -16.9554], [""aker"", -19.5014], [""maw"", -20.2704], [""marasm"", -20.8383], [""aomai"", -20.8518], [""arai"", -22.1968], [""awis"", -22.2113], [""pʰokiasiale"", -22.5121]]"
adautin	rom	-16.0852	"[[""rom"", -16.0852], [""pʰoke"", -17.1244], [""heloke"", -20.4624], [""aker"", -22.3584], [""maw"", -23.5499], [""aomai"", -23.942], [""marasm"", -24.3302], [""arai"", -25.483], [""awis"", -25.4974], [""maras"", -25.7831]]"
adautinu	rom	-19.5913	"[[""rom"", -19.5913], [""pʰoke"", -20.6306], [""heloke"", -23.9617], [""aker"", -25.4568], [""maw"", -26.867], [""aomai"", -27.1484], [""marasm"", -27.8156], [""arai"", -28.8025], [""awis"", -28.8167], [""maras"", -28.9573]]"
adautinui	pʰoke	-23.0064	"[[""pʰoke"", -23.0064], [""rom"", -23.0975], [""heloke"", -25.1244], [""aker"", -28.1577], [""maw"", -30.2104], [""aomai"", -30.4187], [""pʰokiasiale"", -30.6467], [""marasm"", -31.2937], [""arai"", -32.1457], [""awis"", -32.1598]]"
adautinuin	pʰoke	-26.5139	"[[""pʰoke"", -26.5139], [""rom"", -26.6036], [""heloke"", -28.6316], [""aker"", -31.2247], [""maw"", -33.5733], [""aomai"", -33.7296], [""pʰokiasiale"", -34.1475], [""marasm"", -34.7639], [""maras"", -35.4162], [""epteziu"", -35.4687]]"
adaw	rom	-10.688	"[[""rom"", -10.688], [""maw"", -13.9281], [""murinail"", -14.4777], [""morinail"", -14.4777], [""arai"", -15.807], [""awis"", -15.8217], [""pʰoke"", -15.9576], [""aker"", -16.0274], [""maras"", -16.6606], [""siwai"", -16.6759]]"
adawa	rom	-13.8934	"[[""rom"", -13.8934], [""maw"", -16.3436], [""murinail"", -17.8611], [""morinail"", -17.8611], [""aker"", -18.1999], [""arai"", -18.6834], [""awis"", -18.6983], [""pʰoke"", -19.1483], [""maras"", -19.2641], [""siwai"", -19.2795]]"
adawai	rom	-17.1685	"[[""rom"", -17.1685], [""pʰoke"", -18.8754], [""heloke"", -19.0672], [""maw"", -19.8479], [""hulaies"", -20.1128], [""holaiesi"", -20.1647], [""murinail"", -21.2014], [""morinail"", -21.2014], [""aker"", -21.415], [""arai"", -21.7958]]"
adawaij	rom	-20.487	"[[""rom"", -20.487], [""pʰoke"", -22.3764], [""heloke"", -22.5699], [""hulaies"", -22.9411], [""holaiesi"", -22.9654], [""maw"", -23.3517], [""murinail"", -24.515], [""morinail"", -24.515], [""aker"", -24.695], [""napʰotʰ"", -24.8144]]"
adawaija	aker	-23.5005	"[[""aker"", -23.5005], [""rom"", -23.8276], [""pʰoke"", -25.8767], [""hulaies"", -26.0417], [""holaiesi"", -26.0517], [""heloke"", -26.0707], [""maw"", -26.0731], [""napʰotʰ"", -27.3026], [""murinail"", -27.8146], [""morinail"", -27.8146]]"
adi	rom	-7.6144	"[[""rom"", -7.6144], [""pʰoke"", -9.8795], [""aker"", -13.1505], [""heloke"", -13.2199], [""arai"", -13.4387], [""awis"", -13.4525], [""maw"", -14.0739], [""tis"", -14.7934], [""aomai"", -15.5536], [""napʰotʰ"", -16.3491]]"
adik	rom	-10.7256	"[[""rom"", -10.7256], [""pʰoke"", -13.3611], [""epteziu"", -15.1351], [""aker"", -15.9822], [""arai"", -16.6138], [""heloke"", -16.6154], [""awis"", -16.6272], [""ziazi"", -17.0539], [""maw"", -17.3235], [""ziwai"", -17.3393]]"
adiki	rom	-13.9498	"[[""rom"", -13.9498], [""pʰoke"", -15.4644], [""heloke"", -17.7017], [""epteziu"", -17.7575], [""aker"", -18.5993], [""ziazi"", -19.5632], [""ziwai"", -19.778], [""arai"", -19.8539], [""awis"", -19.8669], [""maw"", -20.5845]]"
adikit	rom	-12.5812	"[[""rom"", -12.5812], [""pʰoke"", -18.9652], [""epteziu"", -20.6939], [""heloke"", -21.1798], [""aomai"", -21.5024], [""maw"", -21.6021], [""aker"", -21.6412], [""ziazi"", -22.4165], [""ziwai"", -22.5829], [""arai"", -23.1355]]"
adikite	rom	-16.0874	"[[""rom"", -16.0874], [""pʰoke"", -22.4654], [""epteziu"", -23.7684], [""aomai"", -24.3188], [""maw"", -24.4441], [""heloke"", -24.6477], [""aker"", -24.8306], [""zeronaitʰ"", -25.3837], [""ziazi"", -25.4273], [""ziwai"", -25.5614]]"
adikites	rom	-19.5937	"[[""rom"", -19.5937], [""hulaies"", -25.1694], [""tis"", -25.8475], [""pʰoke"", -25.961], [""awis"", -26.339], [""maras"", -26.5801], [""epteziu"", -26.787], [""zeronaitʰ"", -27.2461], [""aomai"", -27.4114], [""maw"", -27.5457]]"
adikitesi	rom	-23.0999	"[[""rom"", -23.0999], [""zeronaitʰ"", -27.3673], [""pʰoke"", -28.1889], [""epteziu"", -28.2665], [""hulaies"", -28.6709], [""heloke"", -29.1788], [""tis"", -29.2446], [""awis"", -29.8416], [""ewistʰuo"", -30.0008], [""maras"", -30.0705]]"
adikitesir	rom	-26.6061	"[[""rom"", -26.6061], [""holaiesi"", -28.6677], [""epteziu"", -28.9088], [""zeronaitʰ"", -30.0468], [""aomai"", -30.5562], [""siasi"", -30.7365], [""ziazi"", -30.9159], [""ziwai"", -31.1924], [""tis"", -31.2733], [""pʰoke"", -31.6792]]"
adikitet	rom	-18.9053	"[[""rom"", -18.9053], [""pʰoke"", -25.965], [""epteziu"", -26.9232], [""aomai"", -27.1242], [""maw"", -27.2785], [""zeronaitʰ"", -27.8301], [""marasm"", -27.9136], [""aker"", -28.0957], [""heloke"", -28.1059], [""ziazi"", -28.5311]]"
adikitete	rom	-22.4124	"[[""rom"", -22.4124], [""pʰoke"", -29.4638], [""epteziu"", -30.1311], [""aomai"", -30.2136], [""maw"", -30.3779], [""zeronaitʰ"", -30.4936], [""marasm"", -31.4036], [""aker"", -31.407], [""heloke"", -31.555], [""ziazi"", -31.6967]]"
adikiteter	rom	-25.9196	"[[""rom"", -25.9196], [""aomai"", -30.1705], [""ziazi"", -30.9159], [""ziwai"", -31.1924], [""epteziu"", -31.7386], [""zeronaitʰ"", -31.8566], [""pʰoke"", -32.9618], [""arai"", -33.0133], [""maw"", -33.5896], [""holaiesi"", -33.8933]]"
adikitu	rom	-16.0874	"[[""rom"", -16.0874], [""pʰoke"", -22.284], [""epteziu"", -23.7684], [""heloke"", -24.0357], [""aomai"", -24.3188], [""maw"", -24.4441], [""aker"", -24.5807], [""zeronaitʰ"", -25.3837], [""ziazi"", -25.4273], [""ziwai"", -25.5614]]"
adikituj	rom	-19.5937	"[[""rom"", -19.5937], [""pʰoke"", -25.6325], [""epteziu"", -26.9232], [""heloke"", -27.148], [""aomai"", -27.4114], [""maw"", -27.5457], [""aker"", -27.7229], [""zeronaitʰ"", -27.8301], [""ziazi"", -28.5311], [""ziwai"", -28.6422]]"
adikituja	rom	-23.0998	"[[""rom"", -23.0998], [""aker"", -26.7792], [""maw"", -28.1229], [""pʰoke"", -29.0024], [""epteziu"", -30.1311], [""zeronaitʰ"", -30.3083], [""ziwai"", -30.3258], [""heloke"", -30.3699], [""aomai"", -30.6189], [""maras"", -31.4642]]"
adikitujas	rom	-26.6059	"[[""rom"", -26.6059], [""aker"", -30.2836], [""maras"", -31.2924], [""sialkʰwis"", -31.5606], [""zeronaitʰ"", -31.575], [""maw"", -31.6123], [""hulaies"", -32.1425], [""pʰoke"", -32.3864], [""awis"", -32.5521], [""tis"", -32.6138]]"
aea	rom	-9.7735	"[[""rom"", -9.7735], [""maw"", -10.4276], [""aker"", -12.5541], [""arai"", -12.8218], [""awis"", -12.8365], [""maras"", -13.8458], [""siwai"", -13.8611], [""ziwai"", -13.8611], [""tis"", -14.7934], [""pʰoke"", -16.4844]]"
aead	rom	-11.0383	"[[""rom"", -11.0383], [""maw"", -13.9281], [""pʰoke"", -15.5101], [""arai"", -15.807], [""awis"", -15.8217], [""aker"", -16.0274], [""maras"", -16.6606], [""siwai"", -16.6759], [""ziwai"", -16.6759], [""tawarzio"", -16.9074]]"
aeadi	rom	-13.9069	"[[""rom"", -13.9069], [""pʰoke"", -15.319], [""maw"", -17.4269], [""heloke"", -18.6693], [""aker"", -18.8304], [""arai"", -18.9603], [""awis"", -18.9749], [""maras"", -19.7496], [""siwai"", -19.7648], [""ziwai"", -19.7648]]"
aeadik	rom	-17.0276	"[[""rom"", -17.0276], [""pʰoke"", -18.8011], [""maw"", -20.924], [""epteziu"", -21.1897], [""aker"", -21.9256], [""heloke"", -22.1211], [""arai"", -22.1968], [""awis"", -22.2113], [""tawarzio"", -22.4704], [""ziwai"", -22.7667]]"
aeadiki	rom	-20.2567	"[[""rom"", -20.2567], [""pʰoke"", -20.987], [""heloke"", -23.7772], [""epteziu"", -23.9208], [""maw"", -24.4194], [""aker"", -24.827], [""tawarzio"", -25.3982], [""zeronaitʰ"", -25.4728], [""arai"", -25.483], [""serunaitʰ"", -25.4835]]"
aeadikit	rom	-18.9026	"[[""rom"", -18.9026], [""pʰoke"", -24.4877], [""marasm"", -26.8956], [""epteziu"", -26.9416], [""heloke"", -27.2644], [""maw"", -27.5469], [""aomai"", -27.8642], [""aker"", -27.9588], [""zeronaitʰ"", -28.1843], [""serunaitʰ"", -28.2878]]"
aeadikite	rom	-22.4088	"[[""rom"", -22.4088], [""pʰoke"", -27.9882], [""epteziu"", -30.0842], [""marasm"", -30.3972], [""aomai"", -30.6821], [""heloke"", -30.7454], [""maw"", -30.7724], [""zeronaitʰ"", -30.9698], [""aker"", -31.193], [""serunaitʰ"", -31.2203]]"
aeadikitet	rom	-25.2268	"[[""rom"", -25.2268], [""pʰoke"", -31.4883], [""marasm"", -32.9135], [""epteziu"", -33.2952], [""aomai"", -33.4949], [""zeronaitʰ"", -33.821], [""maw"", -33.885], [""heloke"", -34.2201], [""serunaitʰ"", -34.2398], [""aker"", -34.4853]]"
aid	rom	-8.2223	"[[""rom"", -8.2223], [""pʰoke"", -12.0628], [""epteziu"", -12.8044], [""aker"", -13.1505], [""arai"", -13.4387], [""awis"", -13.4525], [""heloke"", -13.6264], [""maw"", -14.0739], [""ewistʰuo"", -14.1028], [""tis"", -14.7934]]"
aida	rom	-11.0636	"[[""rom"", -11.0636], [""aker"", -11.1128], [""maw"", -13.525], [""pʰoke"", -15.1092], [""arai"", -16.0175], [""awis"", -16.032], [""epteziu"", -16.2403], [""heloke"", -16.4695], [""ewistʰuo"", -16.8745], [""maras"", -16.9349]]"
aidaa	aker	-13.9259	"[[""aker"", -13.9259], [""rom"", -14.1565], [""maw"", -16.1896], [""pʰoke"", -18.291], [""arai"", -18.7404], [""awis"", -18.7553], [""ewistʰuo"", -19.0752], [""maras"", -19.2671], [""siwai"", -19.2825], [""ziwai"", -19.2825]]"
aidaau	rom	-17.3709	"[[""rom"", -17.3709], [""aker"", -17.4279], [""pʰoke"", -19.5286], [""maw"", -19.6945], [""heloke"", -20.5895], [""ewistʰuo"", -21.3667], [""arai"", -21.8015], [""awis"", -21.8164], [""maras"", -22.2361], [""siwai"", -22.2516]]"
aidaj	rom	-14.1741	"[[""rom"", -14.1741], [""aker"", -14.6188], [""maw"", -17.0268], [""pʰoke"", -18.291], [""arai"", -19.0362], [""awis"", -19.0507], [""ewistʰuo"", -19.1601], [""heloke"", -19.5538], [""epteziu"", -19.6352], [""maras"", -19.7544]]"
aidaja	rom	-17.3844	"[[""rom"", -17.3844], [""aker"", -17.4282], [""maw"", -19.5548], [""ewistʰuo"", -21.5352], [""pʰoke"", -21.5431], [""arai"", -21.9474], [""awis"", -21.9622], [""maras"", -22.4247], [""siwai"", -22.4401], [""ziwai"", -22.4401]]"
aidajas	rom	-20.6624	"[[""rom"", -20.6624], [""aker"", -20.9352], [""awis"", -21.924], [""maras"", -22.3505], [""ewistʰuo"", -22.449], [""tis"", -22.4864], [""maw"", -23.0597], [""tawarsiu"", -23.6732], [""pʰoke"", -24.7958], [""hulaies"", -24.8514]]"
aij	rom	-10.052	"[[""rom"", -10.052], [""pʰoke"", -12.8754], [""aker"", -13.1505], [""arai"", -13.4387], [""awis"", -13.4525], [""maw"", -14.0739], [""tis"", -14.7934], [""heloke"", -15.1025], [""epteziu"", -15.8233], [""ewistʰuo"", -16.3531]]"
aija	aker	-11.1128	"[[""aker"", -11.1128], [""rom"", -13.044], [""maw"", -13.525], [""arai"", -16.0175], [""awis"", -16.032], [""pʰoke"", -16.352], [""maras"", -16.9349], [""siwai"", -16.9501], [""ziwai"", -16.9501], [""ewistʰuo"", -17.5331]]"
ain	rom	-10.052	"[[""rom"", -10.052], [""pʰoke"", -12.8754], [""aker"", -13.1505], [""arai"", -13.4387], [""awis"", -13.4525], [""maw"", -14.0739], [""tis"", -14.7934], [""heloke"", -15.1025], [""epteziu"", -15.8233], [""ewistʰuo"", -16.3531]]"
aina	aker	-11.1128	"[[""aker"", -11.1128], [""rom"", -13.044], [""maw"", -13.525], [""arai"", -16.0175], [""awis"", -16.032], [""pʰoke"", -16.352], [""maras"", -16.9349], [""siwai"", -16.9501], [""ziwai"", -16.9501], [""ewistʰuo"", -17.5331]]"
ainaj	aker	-14.6188	"[[""aker"", -14.6188], [""rom"", -16.205], [""maw"", -17.0268], [""arai"", -19.0362], [""awis"", -19.0507], [""ewistʰuo"", -19.3321], [""maras"", -19.7544], [""siwai"", -19.7697], [""ziwai"", -19.7697], [""pʰoke"", -19.8095]]"
ainaja	aker	-17.4282	"[[""aker"", -17.4282], [""rom"", -19.3504], [""maw"", -19.5548], [""ewistʰuo"", -21.5928], [""arai"", -21.9474], [""awis"", -21.9622], [""maras"", -22.4247], [""siwai"", -22.4401], [""ziwai"", -22.4401], [""pʰoke"", -23.2443]]"
ainajar	aker	-20.9352	"[[""aker"", -20.9352], [""arai"", -21.91], [""siwai"", -22.3634], [""ziwai"", -22.3634], [""rom"", -22.5864], [""awis"", -22.7312], [""ewistʰuo"", -23.0159], [""maw"", -23.0597], [""siasi"", -24.7198], [""ziazi"", -24.7198]]"
ainajare	ewistʰuo	-23.666	"[[""ewistʰuo"", -23.666], [""aker"", -24.4422], [""arai"", -25.4043], [""awis"", -25.5785], [""siwai"", -25.852], [""ziwai"", -25.852], [""rom"", -25.8756], [""maw"", -26.5642], [""serunaitʰ"", -27.2641], [""zeronaitʰ"", -27.2641]]"
ainajaret	ewistʰuo	-25.8571	"[[""ewistʰuo"", -25.8571], [""rom"", -26.5695], [""aker"", -27.9491], [""awis"", -28.6918], [""arai"", -28.8984], [""marasm"", -29.336], [""siwai"", -29.3391], [""ziwai"", -29.3391], [""maw"", -29.9599], [""serunaitʰ"", -29.9872]]"
ainajareta	ewistʰuo	-28.4628	"[[""ewistʰuo"", -28.4628], [""rom"", -30.0619], [""aker"", -31.0328], [""awis"", -31.9109], [""maw"", -32.1354], [""arai"", -32.3818], [""siwai"", -32.4965], [""ziwai"", -32.4965], [""marasm"", -32.8356], [""serunaitʰ"", -32.9216]]"
ainw	rom	-13.2567	"[[""rom"", -13.2567], [""heloke"", -15.9659], [""aker"", -16.2428], [""pʰoke"", -16.352], [""arai"", -16.6138], [""awis"", -16.6272], [""maw"", -17.3235], [""tis"", -17.8279], [""epteziu"", -18.4021], [""ewistʰuo"", -18.4021]]"
ainwa	aker	-14.6112	"[[""aker"", -14.6112], [""rom"", -16.3551], [""maw"", -16.7353], [""heloke"", -18.4293], [""arai"", -19.2776], [""awis"", -19.2918], [""pʰoke"", -19.8095], [""maras"", -20.1356], [""siwai"", -20.1506], [""ziwai"", -20.1506]]"
ainwaz	aker	-17.4244	"[[""aker"", -17.4244], [""maw"", -19.4179], [""rom"", -19.4555], [""heloke"", -21.2569], [""arai"", -22.0346], [""awis"", -22.0414], [""maras"", -22.4981], [""siwai"", -22.5018], [""ziwai"", -22.5018], [""ewistʰuo"", -22.5068]]"
ainwaza	aker	-20.5228	"[[""aker"", -20.5228], [""maw"", -22.4181], [""rom"", -22.5927], [""heloke"", -24.2573], [""ewistʰuo"", -24.78], [""napʰotʰ"", -24.8395], [""arai"", -24.935], [""awis"", -24.9413], [""maras"", -25.239], [""siwai"", -25.2435]]"
ainwazaΦ	aker	-24.0302	"[[""aker"", -24.0302], [""rom"", -24.306], [""heloke"", -24.4189], [""ewistʰuo"", -24.5934], [""napʰotʰ"", -25.9145], [""maw"", -25.9243], [""tawarsiu"", -26.5766], [""tawarzio"", -26.5766], [""epteziu"", -26.8918], [""pʰoke"", -28.0025]]"
ainwazaΦn	rom	-27.2069	"[[""rom"", -27.2069], [""heloke"", -27.2359], [""aker"", -27.5375], [""ewistʰuo"", -27.7911], [""napʰotʰ"", -28.1855], [""maw"", -29.4303], [""zeronaitʰ"", -29.9654], [""serunaitʰ"", -29.9654], [""tawarsiu"", -30.0752], [""tawarzio"", -30.0752]]"
ainwazaΦni	heloke	-27.0955	"[[""heloke"", -27.0955], [""rom"", -30.3394], [""pʰoke"", -30.7644], [""napʰotʰ"", -30.9154], [""ewistʰuo"", -31.0214], [""aker"", -31.0392], [""serunaitʰ"", -32.2513], [""zeronaitʰ"", -32.2513], [""maw"", -32.936], [""tawarzio"", -33.5705]]"
aiΘ	rom	-10.052	"[[""rom"", -10.052], [""pʰoke"", -12.8754], [""aker"", -13.1505], [""arai"", -13.4387], [""awis"", -13.4525], [""maw"", -14.0739], [""tis"", -14.7934], [""heloke"", -15.1025], [""epteziu"", -15.8233], [""ewistʰuo"", -16.3531]]"
aiΘt	rom	-10.67	"[[""rom"", -10.67], [""maw"", -14.6264], [""aker"", -16.2428], [""pʰoke"", -16.352], [""arai"", -16.6138], [""awis"", -16.6272], [""aomai"", -16.9707], [""marasm"", -17.1596], [""tis"", -17.8279], [""maras"", -17.9282]]"
aiΘti	rom	-14.158	"[[""rom"", -14.158], [""pʰoke"", -17.0401], [""maw"", -17.4521], [""heloke"", -17.7184], [""aker"", -18.8078], [""epteziu"", -19.0475], [""aomai"", -19.777], [""arai"", -19.8539], [""awis"", -19.8669], [""maras"", -20.416]]"
aiΘtij	rom	-17.6459	"[[""rom"", -17.6459], [""pʰoke"", -20.5435], [""maw"", -20.548], [""heloke"", -21.1999], [""epteziu"", -21.4986], [""aker"", -21.8362], [""aomai"", -22.864], [""arai"", -23.1355], [""awis"", -23.148], [""maras"", -23.2366]]"
aiΘtija	aker	-20.0152	"[[""aker"", -20.0152], [""rom"", -21.117], [""maw"", -21.1478], [""pʰoke"", -24.0447], [""epteziu"", -24.32], [""maras"", -24.4919], [""heloke"", -24.6722], [""arai"", -25.9069], [""awis"", -25.9206], [""aomai"", -26.0668]]"
aiΘtijas	aker	-23.5214	"[[""aker"", -23.5214], [""maras"", -24.3258], [""rom"", -24.5884], [""maw"", -24.6365], [""awis"", -25.8372], [""tis"", -25.8475], [""ewistʰuo"", -26.635], [""epteziu"", -27.107], [""hulaies"", -27.1245], [""pʰoke"", -27.524]]"
aiΘtijasa	aker	-26.337	"[[""aker"", -26.337], [""ewistʰuo"", -27.1509], [""maw"", -27.2278], [""maras"", -27.7766], [""rom"", -28.0449], [""tis"", -29.2446], [""awis"", -29.3156], [""serunaitʰ"", -29.4094], [""zeronaitʰ"", -29.4095], [""epteziu"", -29.9874]]"
aiΘtijasas	ewistʰuo	-29.2424	"[[""ewistʰuo"", -29.2424], [""maras"", -29.7691], [""aker"", -29.8442], [""tis"", -30.5834], [""epteziu"", -30.674], [""maw"", -30.7278], [""rom"", -31.5027], [""awis"", -31.6091], [""serunaitʰ"", -32.1734], [""zeronaitʰ"", -32.1749]]"
aiΘu	rom	-13.2567	"[[""rom"", -13.2567], [""aker"", -15.4889], [""heloke"", -15.9373], [""pʰoke"", -16.0807], [""arai"", -16.6138], [""awis"", -16.6272], [""maw"", -17.3235], [""tis"", -17.8279], [""epteziu"", -18.4021], [""ewistʰuo"", -18.4021]]"
aiΘuj	rom	-16.5263	"[[""rom"", -16.5263], [""aker"", -18.4601], [""heloke"", -18.7781], [""pʰoke"", -19.3443], [""arai"", -19.8539], [""awis"", -19.8669], [""maw"", -20.5845], [""ewistʰuo"", -20.852], [""tis"", -20.9547], [""epteziu"", -21.1965]]"
aiΘuja	aker	-17.8998	"[[""aker"", -17.8998], [""rom"", -19.6943], [""maw"", -20.0083], [""heloke"", -21.8828], [""sialkʰwis"", -22.5485], [""arai"", -22.5782], [""awis"", -22.5922], [""pʰoke"", -22.6423], [""ewistʰuo"", -23.3339], [""maras"", -23.3977]]"
aiΘut	rom	-13.8934	"[[""rom"", -13.8934], [""maw"", -18.1158], [""aker"", -18.4601], [""heloke"", -18.7781], [""pʰoke"", -19.3443], [""arai"", -19.8539], [""awis"", -19.8669], [""aomai"", -20.1689], [""marasm"", -20.2017], [""ewistʰuo"", -20.852]]"
aiΘuti	heloke	-16.0467	"[[""heloke"", -16.0467], [""rom"", -17.386], [""pʰoke"", -17.4381], [""aker"", -19.4931], [""maw"", -20.9489], [""epteziu"", -22.2173], [""aomai"", -22.9803], [""arai"", -23.1355], [""awis"", -23.148], [""ewistʰuo"", -23.5218]]"
aiΘutin	heloke	-19.5538	"[[""heloke"", -19.5538], [""rom"", -20.8783], [""pʰoke"", -20.9451], [""aker"", -22.3505], [""maw"", -24.0474], [""epteziu"", -24.6907], [""aomai"", -26.0694], [""ewistʰuo"", -26.3218], [""arai"", -26.4457], [""awis"", -26.4579]]"
aiΘutinu	heloke	-23.0554	"[[""heloke"", -23.0554], [""rom"", -24.3705], [""pʰoke"", -24.4466], [""aker"", -25.4491], [""maw"", -27.2582], [""epteziu"", -27.5198], [""ewistʰuo"", -29.2121], [""aomai"", -29.2737], [""maras"", -29.7084], [""arai"", -29.7771]]"
aiΘutinuj	heloke	-26.5569	"[[""heloke"", -26.5569], [""rom"", -27.8625], [""pʰoke"", -27.948], [""aker"", -28.6669], [""epteziu"", -30.519], [""maw"", -30.5314], [""ewistʰuo"", -32.1713], [""aomai"", -32.5414], [""maras"", -32.7974], [""arai"", -33.1248]]"
aiΘutinuja	aker	-27.3039	"[[""aker"", -27.3039], [""heloke"", -30.0584], [""maw"", -31.1739], [""rom"", -31.3421], [""pʰoke"", -31.4493], [""epteziu"", -33.6188], [""sialkʰwis"", -34.2637], [""maras"", -34.4549], [""ewistʰuo"", -35.1475], [""aomai"", -35.8493]]"
aiΘw	rom	-13.2567	"[[""rom"", -13.2567], [""heloke"", -15.9659], [""aker"", -16.2428], [""pʰoke"", -16.352], [""arai"", -16.6138], [""awis"", -16.6272], [""maw"", -17.3235], [""tis"", -17.8279], [""epteziu"", -18.4021], [""ewistʰuo"", -18.4021]]"
aiΘwa	aker	-14.6112	"[[""aker"", -14.6112], [""rom"", -16.3551], [""maw"", -16.7353], [""heloke"", -18.4293], [""arai"", -19.2776], [""awis"", -19.2918], [""pʰoke"", -19.8095], [""maras"", -20.1356], [""siwai"", -20.1506], [""ziwai"", -20.1506]]"
aiΘwae	aker	-18.1172	"[[""aker"", -18.1172], [""rom"", -19.5661], [""maw"", -20.2378], [""heloke"", -21.2569], [""arai"", -22.3196], [""awis"", -22.334], [""ewistʰuo"", -22.5878], [""napʰotʰ"", -22.731], [""maras"", -22.96], [""siwai"", -22.9751]]"
aiΘwaea	aker	-20.926	"[[""aker"", -20.926], [""rom"", -22.7512], [""maw"", -22.8287], [""heloke"", -24.2573], [""napʰotʰ"", -24.8395], [""ewistʰuo"", -24.9643], [""arai"", -25.2554], [""awis"", -25.27], [""maras"", -25.6675], [""siwai"", -25.6828]]"
aiΘwaead	heloke	-24.4189	"[[""heloke"", -24.4189], [""aker"", -24.4329], [""rom"", -24.5694], [""ewistʰuo"", -24.8187], [""napʰotʰ"", -25.9145], [""maw"", -26.3339], [""epteziu"", -26.8918], [""tawarsiu"", -27.3525], [""tawarzio"", -27.3525], [""pʰoke"", -28.0025]]"
aiΘwaeadi	heloke	-24.1713	"[[""heloke"", -24.1713], [""rom"", -27.4804], [""pʰoke"", -27.8657], [""aker"", -27.9325], [""ewistʰuo"", -28.0242], [""napʰotʰ"", -28.1855], [""maw"", -29.8388], [""epteziu"", -30.2461], [""serunaitʰ"", -30.2982], [""zeronaitʰ"", -30.2982]]"
aiΘwaeadik	heloke	-27.6557	"[[""heloke"", -27.6557], [""epteziu"", -29.4482], [""rom"", -30.6167], [""napʰotʰ"", -30.9154], [""ewistʰuo"", -31.2644], [""pʰoke"", -31.3494], [""aker"", -31.4321], [""zeronaitʰ"", -32.6216], [""serunaitʰ"", -32.6216], [""tawarzio"", -33.3298]]"
aiΘwaj	aker	-18.1172	"[[""aker"", -18.1172], [""rom"", -19.5661], [""maw"", -20.2378], [""heloke"", -21.2569], [""arai"", -22.3196], [""awis"", -22.334], [""ewistʰuo"", -22.5878], [""napʰotʰ"", -22.731], [""maras"", -22.96], [""siwai"", -22.9751]]"
aiΘwaja	aker	-20.926	"[[""aker"", -20.926], [""rom"", -22.7512], [""maw"", -22.8287], [""heloke"", -24.2573], [""napʰotʰ"", -24.8395], [""ewistʰuo"", -24.9643], [""arai"", -25.2554], [""awis"", -25.27], [""maras"", -25.6675], [""siwai"", -25.6828]]"
aiΘwajaa	aker	-24.0223	"[[""aker"", -24.0223], [""maw"", -25.8009], [""rom"", -25.9457], [""napʰotʰ"", -27.3149], [""heloke"", -27.3594], [""ewistʰuo"", -27.5204], [""arai"", -28.2335], [""awis"", -28.2484], [""maras"", -28.5092], [""siwai"", -28.5247]]"
aiΘwajaad	ewistʰuo	-27.4553	"[[""ewistʰuo"", -27.4553], [""aker"", -27.5296], [""rom"", -27.7856], [""heloke"", -27.9049], [""napʰotʰ"", -28.8252], [""maw"", -29.3071], [""tawarsiu"", -29.6495], [""tawarzio"", -29.6495], [""epteziu"", -30.0078], [""pʰoke"", -31.2844]]"
aiΘwajaadi	heloke	-27.6282	"[[""heloke"", -27.6282], [""ewistʰuo"", -30.676], [""rom"", -30.6988], [""aker"", -31.0314], [""pʰoke"", -31.12], [""napʰotʰ"", -31.1518], [""maw"", -32.8131], [""tawarsiu"", -33.1485], [""tawarzio"", -33.1485], [""zeronaitʰ"", -33.3486]]"
aiΘwajaaj	aker	-27.5296	"[[""aker"", -27.5296], [""rom"", -29.2096], [""maw"", -29.3071], [""napʰotʰ"", -30.0027], [""ewistʰuo"", -30.2114], [""heloke"", -30.5287], [""arai"", -31.3877], [""awis"", -31.4027], [""serunaitʰ"", -31.6037], [""zeronaitʰ"", -31.6037]]"
aiΘwajaaja	aker	-30.7394	"[[""aker"", -30.7394], [""maw"", -32.3797], [""rom"", -32.478], [""napʰotʰ"", -32.829], [""ewistʰuo"", -33.0099], [""heloke"", -33.746], [""arai"", -34.5343], [""awis"", -34.5494], [""serunaitʰ"", -34.557], [""zeronaitʰ"", -34.557]]"
aiΘwajaj	aker	-24.4329	"[[""aker"", -24.4329], [""rom"", -26.0096], [""maw"", -26.3339], [""napʰotʰ"", -27.3149], [""heloke"", -27.3594], [""ewistʰuo"", -27.5306], [""arai"", -28.3914], [""awis"", -28.4061], [""serunaitʰ"", -28.7237], [""zeronaitʰ"", -28.7237]]"
aiΘwajaja	aker	-27.5248	"[[""aker"", -27.5248], [""maw"", -29.2443], [""rom"", -29.2608], [""napʰotʰ"", -30.0027], [""ewistʰuo"", -30.2408], [""heloke"", -30.5287], [""arai"", -31.485], [""awis"", -31.4999], [""serunaitʰ"", -31.6136], [""zeronaitʰ"", -31.6136]]"
aiΘwajajaa	aker	-30.7359	"[[""aker"", -30.7359], [""maw"", -32.3386], [""rom"", -32.5191], [""napʰotʰ"", -32.829], [""ewistʰuo"", -33.055], [""heloke"", -33.746], [""serunaitʰ"", -34.5756], [""zeronaitʰ"", -34.5756], [""arai"", -34.5935], [""awis"", -34.6086]]"
aiΘwajajad	ewistʰuo	-30.2584	"[[""ewistʰuo"", -30.2584], [""aker"", -31.0321], [""rom"", -31.253], [""heloke"", -31.3878], [""napʰotʰ"", -31.8313], [""tawarsiu"", -32.7394], [""tawarzio"", -32.7394], [""maw"", -32.7504], [""epteziu"", -33.1662], [""zeronaitʰ"", -34.4867]]"
aiΘwajajai	heloke	-28.9213	"[[""heloke"", -28.9213], [""aker"", -31.0266], [""rom"", -32.5597], [""pʰoke"", -32.5897], [""maw"", -32.7504], [""napʰotʰ"", -32.829], [""ewistʰuo"", -33.0573], [""serunaitʰ"", -34.5763], [""zeronaitʰ"", -34.5763], [""arai"", -34.693]]"
aiΘwajajaj	aker	-31.0321	"[[""aker"", -31.0321], [""rom"", -32.5597], [""maw"", -32.7504], [""napʰotʰ"", -32.829], [""ewistʰuo"", -33.0573], [""heloke"", -33.746], [""serunaitʰ"", -34.5764], [""zeronaitʰ"", -34.5764], [""arai"", -34.693], [""awis"", -34.708]]"
aiΘwajajas	aker	-31.0321	"[[""aker"", -31.0321], [""awis"", -31.4945], [""maras"", -31.7039], [""ewistʰuo"", -31.964], [""sialkʰwis"", -32.2582], [""tawarsiu"", -32.536], [""napʰotʰ"", -32.5462], [""rom"", -32.5597], [""tis"", -32.6138], [""maw"", -32.7504]]"
aiΘwajas	aker	-24.4329	"[[""aker"", -24.4329], [""awis"", -25.233], [""maras"", -25.5931], [""tis"", -25.8475], [""ewistʰuo"", -25.9366], [""rom"", -26.0096], [""maw"", -26.3339], [""sialkʰwis"", -26.7176], [""tawarsiu"", -26.8679], [""napʰotʰ"", -26.8971]]"
aiΘwajase	ewistʰuo	-26.4741	"[[""ewistʰuo"", -26.4741], [""napʰotʰ"", -27.3608], [""serunaitʰ"", -27.5714], [""zeronaitʰ"", -27.5714], [""aker"", -27.9399], [""awis"", -28.7278], [""maras"", -29.085], [""tis"", -29.2446], [""rom"", -29.3131], [""tawarsiu"", -29.6689]]"
aiΘwajasek	ewistʰuo	-28.9155	"[[""ewistʰuo"", -28.9155], [""napʰotʰ"", -30.0643], [""serunaitʰ"", -30.3966], [""zeronaitʰ"", -30.3966], [""epteziu"", -30.579], [""aker"", -31.4468], [""awis"", -32.2223], [""maras"", -32.5767], [""rom"", -32.6473], [""tis"", -32.65]]"
aiΘwajat	rom	-23.4239	"[[""rom"", -23.4239], [""aker"", -24.4329], [""maw"", -26.2466], [""marasm"", -26.3484], [""napʰotʰ"", -27.3149], [""heloke"", -27.3594], [""ewistʰuo"", -27.5306], [""arai"", -28.3914], [""awis"", -28.4061], [""maras"", -28.6942]]"
aiΘwajatu	rom	-26.9151	"[[""rom"", -26.9151], [""aker"", -27.9326], [""heloke"", -28.9448], [""maw"", -29.6695], [""marasm"", -29.8482], [""napʰotʰ"", -30.0027], [""ewistʰuo"", -30.2455], [""serunaitʰ"", -31.6149], [""zeronaitʰ"", -31.6149], [""arai"", -31.621]]"
aiΘwajatur	rom	-30.4061	"[[""rom"", -30.4061], [""aker"", -31.432], [""arai"", -31.62], [""heloke"", -31.8302], [""siwai"", -31.9035], [""ziwai"", -31.9035], [""ewistʰuo"", -32.7251], [""aomai"", -32.7409], [""napʰotʰ"", -32.829], [""awis"", -33.0153]]"
aja	rom	-9.7735	"[[""rom"", -9.7735], [""maw"", -10.4276], [""aker"", -12.5541], [""arai"", -12.8218], [""awis"", -12.8365], [""maras"", -13.8458], [""siwai"", -13.8611], [""ziwai"", -13.8611], [""tis"", -14.7934], [""pʰoke"", -16.4844]]"
ajaa	rom	-12.7155	"[[""rom"", -12.7155], [""maw"", -13.0267], [""aker"", -15.0277], [""arai"", -15.4966], [""awis"", -15.5116], [""maras"", -16.1272], [""siwai"", -16.1426], [""ziwai"", -16.1426], [""tis"", -17.8279], [""marasm"", -18.6336]]"
ajaad	rom	-14.1227	"[[""rom"", -14.1227], [""maw"", -16.531], [""tawarzio"", -18.2174], [""tawarsiu"", -18.2174], [""aker"", -18.5196], [""arai"", -18.543], [""pʰoke"", -18.5472], [""awis"", -18.558], [""maras"", -19.0867], [""siwai"", -19.1022]]"
ajaadi	rom	-17.0	"[[""rom"", -17.0], [""pʰoke"", -18.349], [""maw"", -20.0346], [""aker"", -21.6433], [""heloke"", -21.6913], [""tawarzio"", -21.7136], [""tawarsiu"", -21.7136], [""arai"", -21.7265], [""awis"", -21.7415], [""maras"", -22.2325]]"
ajaadik	rom	-20.1237	"[[""rom"", -20.1237], [""pʰoke"", -21.8315], [""maw"", -23.5376], [""tawarzio"", -24.091], [""epteziu"", -24.3386], [""aker"", -24.8724], [""arai"", -24.9821], [""awis"", -24.997], [""heloke"", -25.1516], [""tawarsiu"", -25.2051]]"
ajaadiki	rom	-23.3545	"[[""rom"", -23.3545], [""pʰoke"", -24.0342], [""heloke"", -26.9333], [""maw"", -27.0398], [""tawarzio"", -27.0693], [""epteziu"", -27.0925], [""aker"", -27.9247], [""zeronaitʰ"", -28.0739], [""serunaitʰ"", -28.0782], [""arai"", -28.2822]]"
ajaadikit	rom	-22.0053	"[[""rom"", -22.0053], [""pʰoke"", -27.5349], [""marasm"", -29.432], [""epteziu"", -30.1325], [""tawarzio"", -30.224], [""maw"", -30.3728], [""heloke"", -30.4229], [""zeronaitʰ"", -30.8426], [""serunaitʰ"", -30.8855], [""aker"", -31.1197]]"
ajaadikite	rom	-25.5115	"[[""rom"", -25.5115], [""pʰoke"", -31.0354], [""marasm"", -32.9347], [""epteziu"", -33.292], [""tawarzio"", -33.4647], [""zeronaitʰ"", -33.712], [""maw"", -33.7275], [""serunaitʰ"", -33.8207], [""heloke"", -33.9073], [""aomai"", -33.9743]]"
ajaaj	rom	-15.8556	"[[""rom"", -15.8556], [""maw"", -16.531], [""aker"", -18.5196], [""arai"", -18.543], [""awis"", -18.558], [""maras"", -19.0867], [""siwai"", -19.1022], [""ziwai"", -19.1022], [""tis"", -20.9547], [""marasm"", -21.3171]]"
ajaaja	rom	-19.0187	"[[""rom"", -19.0187], [""maw"", -19.339], [""aker"", -21.1187], [""arai"", -21.5591], [""awis"", -21.5742], [""maras"", -21.9828], [""siwai"", -21.9983], [""ziwai"", -21.9983], [""marasm"", -24.1198], [""tis"", -24.1427]]"
ajad	rom	-11.0383	"[[""rom"", -11.0383], [""maw"", -13.9281], [""pʰoke"", -15.5101], [""arai"", -15.807], [""awis"", -15.8217], [""aker"", -16.0274], [""maras"", -16.6606], [""siwai"", -16.6759], [""ziwai"", -16.6759], [""tawarzio"", -16.9074]]"
ajadi	rom	-13.9069	"[[""rom"", -13.9069], [""pʰoke"", -15.319], [""maw"", -17.4269], [""heloke"", -18.6693], [""aker"", -18.8304], [""arai"", -18.9603], [""awis"", -18.9749], [""maras"", -19.7496], [""siwai"", -19.7648], [""ziwai"", -19.7648]]"
ajadik	rom	-17.0276	"[[""rom"", -17.0276], [""pʰoke"", -18.8011], [""maw"", -20.924], [""epteziu"", -21.1897], [""aker"", -21.9256], [""heloke"", -22.1211], [""arai"", -22.1968], [""awis"", -22.2113], [""tawarzio"", -22.4704], [""ziwai"", -22.7667]]"
ajadiki	rom	-20.2567	"[[""rom"", -20.2567], [""pʰoke"", -20.987], [""heloke"", -23.7772], [""epteziu"", -23.9208], [""maw"", -24.4194], [""aker"", -24.827], [""tawarzio"", -25.3982], [""zeronaitʰ"", -25.4728], [""arai"", -25.483], [""serunaitʰ"", -25.4835]]"
ajadikit	rom	-18.9026	"[[""rom"", -18.9026], [""pʰoke"", -24.4877], [""marasm"", -26.8956], [""epteziu"", -26.9416], [""heloke"", -27.2644], [""maw"", -27.5469], [""aomai"", -27.8642], [""aker"", -27.9588], [""zeronaitʰ"", -28.1843], [""serunaitʰ"", -28.2878]]"
ajadikitu	rom	-22.4088	"[[""rom"", -22.4088], [""pʰoke"", -27.7994], [""epteziu"", -30.0842], [""heloke"", -30.2788], [""marasm"", -30.3972], [""aomai"", -30.6821], [""maw"", -30.7724], [""zeronaitʰ"", -30.9698], [""aker"", -31.0191], [""serunaitʰ"", -31.2203]]"
ajadikituj	rom	-25.915	"[[""rom"", -25.915], [""pʰoke"", -31.1431], [""epteziu"", -33.2952], [""heloke"", -33.4547], [""aomai"", -33.7752], [""zeronaitʰ"", -33.821], [""marasm"", -33.8966], [""maw"", -34.0542], [""aker"", -34.2149], [""serunaitʰ"", -34.2398]]"
ajai	rom	-12.864	"[[""rom"", -12.864], [""maw"", -13.9281], [""pʰoke"", -14.2467], [""aker"", -15.4813], [""arai"", -15.807], [""awis"", -15.8217], [""maras"", -16.6606], [""siwai"", -16.6759], [""ziwai"", -16.6759], [""heloke"", -17.255]]"
ajain	rom	-16.071	"[[""rom"", -16.071], [""maw"", -17.4269], [""pʰoke"", -17.7485], [""aker"", -18.6202], [""arai"", -18.9603], [""awis"", -18.9749], [""maras"", -19.7496], [""siwai"", -19.7648], [""ziwai"", -19.7648], [""heloke"", -20.564]]"
ajainw	rom	-19.3423	"[[""rom"", -19.3423], [""maw"", -20.924], [""pʰoke"", -21.247], [""aker"", -21.8561], [""arai"", -22.1968], [""heloke"", -22.2016], [""awis"", -22.2113], [""murinail"", -22.4229], [""morinail"", -22.4229], [""maras"", -22.9526]]"
ajainwa	aker	-20.5246	"[[""aker"", -20.5246], [""rom"", -22.5802], [""maw"", -23.0499], [""heloke"", -24.7249], [""pʰoke"", -24.7412], [""arai"", -25.2419], [""awis"", -25.2566], [""maras"", -25.7764], [""siwai"", -25.7917], [""ziwai"", -25.7917]]"
ajainwaz	aker	-23.3414	"[[""aker"", -23.3414], [""rom"", -25.8148], [""maw"", -25.9095], [""heloke"", -27.5694], [""pʰoke"", -28.2302], [""arai"", -28.2625], [""awis"", -28.2726], [""maras"", -28.625], [""siwai"", -28.6335], [""ziwai"", -28.6335]]"
ajainwaza	aker	-26.443	"[[""aker"", -26.443], [""maw"", -28.989], [""rom"", -29.0605], [""heloke"", -30.5767], [""arai"", -31.3211], [""awis"", -31.33], [""maras"", -31.5733], [""siwai"", -31.5808], [""ziwai"", -31.5808], [""pʰoke"", -31.713]]"
ajainwazaΦ	aker	-29.9505	"[[""aker"", -29.9505], [""heloke"", -30.7487], [""rom"", -31.0357], [""ewistʰuo"", -31.574], [""tawarzio"", -32.3141], [""tawarsiu"", -32.3141], [""maw"", -32.4956], [""napʰotʰ"", -32.8957], [""epteziu"", -33.5644], [""pʰoke"", -34.227]]"
ajaj	rom	-12.864	"[[""rom"", -12.864], [""maw"", -13.9281], [""arai"", -15.807], [""awis"", -15.8217], [""aker"", -16.0274], [""maras"", -16.6606], [""siwai"", -16.6759], [""ziwai"", -16.6759], [""tis"", -17.8279], [""marasm"", -18.9892]]"
ajaja	rom	-15.9591	"[[""rom"", -15.9591], [""maw"", -16.3436], [""aker"", -18.1999], [""arai"", -18.6834], [""awis"", -18.6983], [""maras"", -19.2641], [""siwai"", -19.2795], [""ziwai"", -19.2795], [""tis"", -20.9547], [""marasm"", -21.5638]]"
ajajaa	rom	-19.093	"[[""rom"", -19.093], [""maw"", -19.2416], [""aker"", -20.9774], [""arai"", -21.6174], [""awis"", -21.6324], [""maras"", -22.0294], [""siwai"", -22.0449], [""ziwai"", -22.0449], [""tis"", -24.1427], [""marasm"", -24.2581]]"
ajajad	rom	-17.593	"[[""rom"", -17.593], [""maw"", -19.8479], [""tawarzio"", -21.1093], [""tawarsiu"", -21.1093], [""pʰoke"", -21.675], [""aker"", -21.6937], [""arai"", -21.7958], [""awis"", -21.8107], [""maras"", -22.2927], [""siwai"", -22.3081]]"
ajajadi	rom	-20.487	"[[""rom"", -20.487], [""pʰoke"", -21.468], [""maw"", -23.3517], [""tawarzio"", -24.6063], [""tawarsiu"", -24.6063], [""heloke"", -24.801], [""aker"", -24.8599], [""arai"", -25.0123], [""awis"", -25.0272], [""maras"", -25.4688]]"
ajajadik	rom	-23.6169	"[[""rom"", -23.6169], [""pʰoke"", -24.9509], [""maw"", -26.8549], [""tawarzio"", -27.0447], [""epteziu"", -27.5382], [""tawarsiu"", -28.0993], [""aker"", -28.112], [""heloke"", -28.2667], [""arai"", -28.2878], [""awis"", -28.3027]]"
ajajadiki	rom	-26.8508	"[[""rom"", -26.8508], [""pʰoke"", -27.1667], [""tawarzio"", -30.0355], [""heloke"", -30.1372], [""epteziu"", -30.3072], [""maw"", -30.3576], [""aker"", -31.2007], [""zeronaitʰ"", -31.3827], [""serunaitʰ"", -31.3862], [""tawarsiu"", -31.5879]]"
ajajadikit	rom	-25.5115	"[[""rom"", -25.5115], [""pʰoke"", -30.6675], [""marasm"", -32.6959], [""tawarzio"", -33.1957], [""epteziu"", -33.3599], [""heloke"", -33.6286], [""maw"", -33.7183], [""zeronaitʰ"", -34.1606], [""serunaitʰ"", -34.196], [""aker"", -34.4132]]"
ajajai	rom	-19.1686	"[[""rom"", -19.1686], [""maw"", -19.8479], [""pʰoke"", -20.0712], [""aker"", -21.415], [""arai"", -21.7958], [""awis"", -21.8107], [""maras"", -22.2927], [""siwai"", -22.3081], [""ziwai"", -22.3081], [""heloke"", -23.1097]]"
ajajain	rom	-22.4414	"[[""rom"", -22.4414], [""maw"", -23.3517], [""pʰoke"", -23.5751], [""aker"", -24.695], [""arai"", -25.0123], [""awis"", -25.0272], [""maras"", -25.4688], [""siwai"", -25.4842], [""ziwai"", -25.4842], [""heloke"", -26.517]]"
ajajainw	rom	-25.7545	"[[""rom"", -25.7545], [""maw"", -26.8549], [""pʰoke"", -27.0772], [""murinail"", -27.9382], [""morinail"", -27.9382], [""aker"", -28.016], [""arai"", -28.2878], [""awis"", -28.3027], [""heloke"", -28.679], [""maras"", -28.7207]]"
ajajainwa	aker	-27.0039	"[[""aker"", -27.0039], [""rom"", -29.0532], [""maw"", -29.497], [""pʰoke"", -30.5772], [""heloke"", -31.2846], [""murinail"", -31.3986], [""morinail"", -31.3986], [""arai"", -31.4679], [""awis"", -31.4828], [""maras"", -31.8159]]"
ajajainwaz	aker	-29.8227	"[[""aker"", -29.8227], [""rom"", -32.35], [""maw"", -32.4859], [""pʰoke"", -34.0749], [""heloke"", -34.1542], [""arai"", -34.6202], [""awis"", -34.6321], [""murinail"", -34.8386], [""morinail"", -34.8386], [""maras"", -34.8805]]"
ajajaj	rom	-19.1686	"[[""rom"", -19.1686], [""maw"", -19.8479], [""aker"", -21.6937], [""arai"", -21.7958], [""awis"", -21.8107], [""maras"", -22.2927], [""siwai"", -22.3081], [""ziwai"", -22.3081], [""tis"", -24.1427], [""marasm"", -24.3938]]"
ajajaja	rom	-22.3811	"[[""rom"", -22.3811], [""maw"", -22.6543], [""aker"", -24.302], [""arai"", -24.8551], [""awis"", -24.8701], [""maras"", -25.2356], [""siwai"", -25.2511], [""ziwai"", -25.2511], [""marasm"", -27.2825], [""tis"", -27.3745]]"
ajajas	awis	-18.6584	"[[""awis"", -18.6584], [""tis"", -19.146], [""rom"", -19.1686], [""maras"", -19.1869], [""maw"", -19.8479], [""tawarsiu"", -20.5834], [""aker"", -21.6937], [""arai"", -21.7958], [""siwai"", -22.1991], [""ziwai"", -22.3081]]"
ajajasa	awis	-22.1426	"[[""awis"", -22.1426], [""rom"", -22.3811], [""tis"", -22.5055], [""maw"", -22.6543], [""maras"", -22.6616], [""tawarsiu"", -23.3804], [""aker"", -24.302], [""siwai"", -24.4551], [""arai"", -24.8551], [""ewistʰuo"", -24.8754]]"
ajajasas	tis	-23.6251	"[[""tis"", -23.6251], [""awis"", -24.5066], [""maras"", -24.9013], [""tawarsiu"", -25.4636], [""rom"", -25.6558], [""maw"", -26.16], [""ewistʰuo"", -27.0312], [""napʰotʰ"", -27.1044], [""siasi"", -27.1487], [""siwai"", -27.3768]]"
ajajasasa	tis	-27.1076	"[[""tis"", -27.1076], [""napʰotʰ"", -27.687], [""awis"", -28.0029], [""ewistʰuo"", -28.25], [""tawarsiu"", -28.3906], [""maras"", -28.3936], [""rom"", -28.9328], [""maw"", -29.1449], [""serunaitʰ"", -29.8642], [""siwai"", -29.9359]]"
ajajasasar	siasi	-27.2682	"[[""siasi"", -27.2682], [""tawarsiu"", -29.1813], [""siwai"", -29.837], [""tis"", -30.0295], [""napʰotʰ"", -30.4978], [""ewistʰuo"", -30.7468], [""awis"", -31.1981], [""arai"", -31.2196], [""ziwai"", -31.4789], [""hktaonosi"", -31.7981]]"
ajajaw	rom	-19.1686	"[[""rom"", -19.1686], [""maw"", -19.8479], [""aker"", -21.6937], [""arai"", -21.7958], [""awis"", -21.8107], [""murinail"", -22.1557], [""morinail"", -22.1557], [""maras"", -22.2927], [""siwai"", -22.3081], [""ziwai"", -22.3081]]"
ajajawa	rom	-22.3811	"[[""rom"", -22.3811], [""maw"", -22.6543], [""aker"", -24.302], [""arai"", -24.8551], [""awis"", -24.8701], [""maras"", -25.2356], [""siwai"", -25.2511], [""ziwai"", -25.2511], [""murinail"", -25.5893], [""morinail"", -25.5893]]"
ajar	arai	-12.7414	"[[""arai"", -12.7414], [""rom"", -12.864], [""awis"", -13.2284], [""siwai"", -13.6843], [""ziwai"", -13.6843], [""maw"", -13.9281], [""ziazi"", -15.5005], [""siasi"", -15.5005], [""aomai"", -15.5327], [""tis"", -15.9824]]"
ajare	awis	-16.0651	"[[""awis"", -16.0651], [""rom"", -16.071], [""arai"", -16.2299], [""siwai"", -17.1566], [""ziwai"", -17.1566], [""maw"", -17.4269], [""tis"", -18.8406], [""ziazi"", -18.9408], [""siasi"", -18.9408], [""aomai"", -19.0341]]"
ajaret	rom	-16.73	"[[""rom"", -16.73], [""awis"", -19.1746], [""arai"", -19.7178], [""marasm"", -20.4295], [""maw"", -20.5493], [""ziwai"", -20.6241], [""siwai"", -20.6241], [""ewistʰuo"", -21.6239], [""tis"", -21.9532], [""aomai"", -22.2086]]"
ajareta	rom	-20.2156	"[[""rom"", -20.2156], [""maw"", -21.9341], [""awis"", -22.3859], [""arai"", -23.1778], [""siwai"", -23.2403], [""ziwai"", -23.2403], [""marasm"", -23.9177], [""ewistʰuo"", -24.2269], [""aker"", -24.6455], [""maras"", -25.0623]]"
ajas	tis	-12.5619	"[[""tis"", -12.5619], [""awis"", -12.7551], [""rom"", -12.864], [""maras"", -13.6762], [""maw"", -13.9281], [""arai"", -15.807], [""aker"", -16.0274], [""tawarsiu"", -16.2538], [""siwai"", -16.2979], [""ziwai"", -16.6759]]"
ajasa	tis	-15.8501	"[[""tis"", -15.8501], [""rom"", -15.9591], [""awis"", -16.223], [""maw"", -16.3436], [""maras"", -17.1126], [""siwai"", -17.7847], [""aker"", -18.1999], [""arai"", -18.6834], [""ewistʰuo"", -19.0197], [""tawarsiu"", -19.0262]]"
ajasas	tis	-16.6673	"[[""tis"", -16.6673], [""awis"", -18.3859], [""maras"", -18.9957], [""rom"", -19.1686], [""tawarsiu"", -19.7654], [""maw"", -19.8479], [""siasi"", -20.1691], [""siwai"", -20.6091], [""napʰotʰ"", -20.9432], [""ewistʰuo"", -21.1525]]"
ajasasa	tis	-20.1483	"[[""tis"", -20.1483], [""napʰotʰ"", -21.2407], [""awis"", -21.8757], [""ewistʰuo"", -22.3374], [""rom"", -22.3811], [""maras"", -22.4761], [""tawarsiu"", -22.5887], [""maw"", -22.6543], [""siasi"", -22.9956], [""siwai"", -23.0424]]"
ajasasar	siasi	-20.2732	"[[""siasi"", -20.2732], [""siwai"", -22.9289], [""tis"", -23.045], [""tawarsiu"", -23.2667], [""napʰotʰ"", -24.0419], [""ewistʰuo"", -24.8303], [""arai"", -24.8456], [""awis"", -24.9299], [""hktaonosi"", -25.1921], [""ziwai"", -25.2161]]"
ajasasara	siasi	-23.7769	"[[""siasi"", -23.7769], [""siwai"", -24.3878], [""tawarsiu"", -26.1098], [""tis"", -26.1761], [""napʰotʰ"", -27.1057], [""ewistʰuo"", -27.6563], [""awis"", -28.1223], [""arai"", -28.3368], [""ziwai"", -28.4946], [""epteziu"", -28.5729]]"
ajasasaram	siwai	-27.2543	"[[""siwai"", -27.2543], [""siasi"", -27.2788], [""tawarsiu"", -29.2207], [""tis"", -29.4109], [""napʰotʰ"", -30.2737], [""ewistʰuo"", -30.6444], [""awis"", -31.3905], [""epteziu"", -31.6738], [""ziwai"", -31.8107], [""arai"", -31.8279]]"
ajase	tis	-15.8501	"[[""tis"", -15.8501], [""rom"", -16.071], [""awis"", -16.2435], [""maras"", -17.1583], [""maw"", -17.4269], [""arai"", -18.9603], [""ewistʰuo"", -19.0201], [""pʰoke"", -19.0355], [""tawarsiu"", -19.052], [""siwai"", -19.1065]]"
ajasek	tis	-19.1732	"[[""tis"", -19.1732], [""rom"", -19.3423], [""awis"", -19.7315], [""maras"", -20.6401], [""maw"", -20.924], [""napʰotʰ"", -21.3945], [""pʰoke"", -21.4368], [""ewistʰuo"", -21.4588], [""epteziu"", -21.7345], [""siwai"", -22.0878]]"
ajaseka	tis	-22.521	"[[""tis"", -22.521], [""rom"", -22.5802], [""maw"", -23.0499], [""awis"", -23.1915], [""siwai"", -23.784], [""napʰotʰ"", -23.8373], [""maras"", -24.0554], [""pʰoke"", -24.1379], [""ewistʰuo"", -24.2702], [""epteziu"", -24.5416]]"
ajasekan	rom	-25.8706	"[[""rom"", -25.8706], [""tis"", -25.8874], [""napʰotʰ"", -26.5405], [""maw"", -26.5543], [""awis"", -26.6522], [""siwai"", -26.6611], [""pʰoke"", -27.01], [""ewistʰuo"", -27.2553], [""maras"", -27.4759], [""ziwai"", -27.5489]]"
ajasekana	rom	-29.149	"[[""rom"", -29.149], [""tis"", -29.2682], [""maw"", -29.3595], [""siwai"", -29.4042], [""napʰotʰ"", -29.4054], [""pʰoke"", -29.9928], [""awis"", -30.0822], [""ziwai"", -30.1438], [""ewistʰuo"", -30.3422], [""aker"", -30.78]]"
ajasekanas	tis	-29.673	"[[""tis"", -29.673], [""tawarsiu"", -30.5379], [""sialkʰwis"", -31.2606], [""awis"", -31.4575], [""maras"", -31.7851], [""napʰotʰ"", -32.1696], [""rom"", -32.4658], [""siwai"", -32.4686], [""maw"", -32.8653], [""siasi"", -33.0085]]"
ajat	rom	-10.3883	"[[""rom"", -10.3883], [""maw"", -13.547], [""marasm"", -14.525], [""arai"", -15.807], [""awis"", -15.8217], [""aker"", -16.0274], [""maras"", -16.4567], [""siwai"", -16.6759], [""ziwai"", -16.6759], [""aomai"", -16.9707]]"
ajatu	rom	-13.8673	"[[""rom"", -13.8673], [""maw"", -16.768], [""marasm"", -18.0152], [""aker"", -18.7569], [""arai"", -18.9603], [""awis"", -18.9749], [""maras"", -19.372], [""siwai"", -19.7648], [""ziwai"", -19.7648], [""aomai"", -19.777]]"
ajatur	rom	-17.3463	"[[""rom"", -17.3463], [""arai"", -18.9186], [""aomai"", -19.6524], [""siwai"", -19.6554], [""ziwai"", -19.6554], [""maw"", -20.0471], [""awis"", -20.1526], [""marasm"", -21.4951], [""ziazi"", -21.5681], [""siasi"", -21.5681]]"
ajaturu	rom	-20.8254	"[[""rom"", -20.8254], [""arai"", -22.4174], [""awis"", -23.0168], [""aomai"", -23.1462], [""siwai"", -23.1482], [""ziwai"", -23.1482], [""maw"", -23.3638], [""aker"", -24.7185], [""marasm"", -24.9631], [""ziazi"", -25.0354]]"
ajaturus	awis	-20.2809	"[[""awis"", -20.2809], [""tis"", -22.7177], [""rom"", -24.3046], [""sialkʰwis"", -24.9186], [""maras"", -25.2034], [""arai"", -25.9159], [""siwai"", -26.6303], [""ziwai"", -26.6381], [""aomai"", -26.6397], [""maw"", -26.707]]"
ajaturusa	awis	-23.7881	"[[""awis"", -23.7881], [""tis"", -26.2199], [""maw"", -27.6576], [""rom"", -27.7723], [""sialkʰwis"", -28.1278], [""serunaitʰ"", -28.1386], [""zeronaitʰ"", -28.1387], [""ewistʰuo"", -28.4564], [""aker"", -28.5806], [""maras"", -28.6243]]"
ajaturusai	awis	-27.2952	"[[""awis"", -27.2952], [""pʰoke"", -29.3776], [""tis"", -29.7219], [""ewistʰuo"", -30.9375], [""serunaitʰ"", -30.963], [""zeronaitʰ"", -30.9631], [""maw"", -31.1533], [""rom"", -31.2405], [""heloke"", -31.2644], [""sialkʰwis"", -31.398]]"
ajaw	rom	-12.864	"[[""rom"", -12.864], [""maw"", -13.9281], [""arai"", -15.807], [""awis"", -15.8217], [""aker"", -16.0274], [""maras"", -16.6606], [""siwai"", -16.6759], [""ziwai"", -16.6759], [""murinail"", -17.1611], [""morinail"", -17.1611]]"
ajawa	rom	-15.9591	"[[""rom"", -15.9591], [""maw"", -16.3436], [""aker"", -18.1999], [""arai"", -18.6834], [""awis"", -18.6983], [""maras"", -19.2641], [""siwai"", -19.2795], [""ziwai"", -19.2795], [""murinail"", -20.5449], [""morinail"", -20.5449]]"
aka	rom	-9.7735	"[[""rom"", -9.7735], [""maw"", -10.4276], [""ziwai"", -10.9656], [""aker"", -12.5541], [""ziazi"", -12.7555], [""arai"", -12.8218], [""awis"", -12.8365], [""maras"", -13.8458], [""siwai"", -13.8611], [""tis"", -14.7934]]"
akan	rom	-12.864	"[[""rom"", -12.864], [""ziwai"", -13.7649], [""maw"", -13.9281], [""ziazi"", -15.5581], [""arai"", -15.807], [""awis"", -15.8217], [""aker"", -16.0274], [""maras"", -16.6606], [""siwai"", -16.6759], [""tis"", -17.8279]]"
akana	rom	-15.9591	"[[""rom"", -15.9591], [""ziwai"", -16.2553], [""maw"", -16.3436], [""aker"", -18.1999], [""ziazi"", -18.5374], [""arai"", -18.6834], [""awis"", -18.6983], [""maras"", -19.2641], [""siwai"", -19.2795], [""tis"", -20.9547]]"
akanas	awis	-18.6584	"[[""awis"", -18.6584], [""tis"", -19.146], [""rom"", -19.1686], [""maras"", -19.1869], [""ziwai"", -19.2518], [""maw"", -19.8479], [""tawarsiu"", -20.5834], [""ziazi"", -21.6196], [""aker"", -21.6937], [""arai"", -21.7958]]"
akanasi	zeronaitʰ	-22.0638	"[[""zeronaitʰ"", -22.0638], [""awis"", -22.1522], [""ziwai"", -22.4103], [""rom"", -22.4414], [""tis"", -22.5055], [""maras"", -22.6775], [""pʰoke"", -22.697], [""maw"", -23.3517], [""tawarsiu"", -23.3841], [""heloke"", -23.6845]]"
ama	rom	-9.7735	"[[""rom"", -9.7735], [""maw"", -10.4276], [""aker"", -12.5541], [""arai"", -12.8218], [""awis"", -12.8365], [""maras"", -13.8458], [""siwai"", -13.8611], [""ziwai"", -13.8611], [""tis"", -14.7934], [""pʰoke"", -16.4844]]"
amai	rom	-12.864	"[[""rom"", -12.864], [""maw"", -13.9281], [""pʰoke"", -14.2467], [""aker"", -15.4813], [""arai"", -15.807], [""awis"", -15.8217], [""maras"", -16.6606], [""siwai"", -16.6759], [""ziwai"", -16.6759], [""heloke"", -17.255]]"
amain	rom	-16.071	"[[""rom"", -16.071], [""maw"", -17.4269], [""pʰoke"", -17.7485], [""aker"", -18.6202], [""arai"", -18.9603], [""awis"", -18.9749], [""maras"", -19.7496], [""siwai"", -19.7648], [""ziwai"", -19.7648], [""heloke"", -20.564]]"
amaina	aker	-17.0221	"[[""aker"", -17.0221], [""rom"", -19.2529], [""maw"", -19.6869], [""pʰoke"", -21.247], [""arai"", -21.9408], [""awis"", -21.9556], [""maras"", -22.4934], [""siwai"", -22.5088], [""ziwai"", -22.5088], [""heloke"", -23.8248]]"
amainaj	aker	-20.5283	"[[""aker"", -20.5283], [""rom"", -22.5094], [""maw"", -23.1913], [""pʰoke"", -24.7412], [""arai"", -25.0949], [""awis"", -25.1098], [""maras"", -25.5618], [""siwai"", -25.5772], [""ziwai"", -25.5772], [""ewistʰuo"", -26.2623]]"
amainaja	aker	-23.3432	"[[""aker"", -23.3432], [""rom"", -25.759], [""maw"", -25.9968], [""arai"", -28.1844], [""awis"", -28.1994], [""pʰoke"", -28.2302], [""maras"", -28.5346], [""siwai"", -28.5501], [""ziwai"", -28.5501], [""ewistʰuo"", -28.5643]]"
amainajar	aker	-26.8504	"[[""aker"", -26.8504], [""arai"", -28.1805], [""siwai"", -28.518], [""ziwai"", -28.518], [""rom"", -29.0568], [""awis"", -29.2388], [""maw"", -29.5026], [""ewistʰuo"", -30.0205], [""siasi"", -31.1548], [""ziazi"", -31.1548]]"
amainajare	aker	-30.3575	"[[""aker"", -30.3575], [""ewistʰuo"", -30.6783], [""arai"", -31.6778], [""siwai"", -32.0119], [""ziwai"", -32.0119], [""awis"", -32.0966], [""rom"", -32.3871], [""maw"", -33.0081], [""serunaitʰ"", -33.5482], [""zeronaitʰ"", -33.5482]]"
aman	rom	-12.864	"[[""rom"", -12.864], [""maw"", -13.9281], [""arai"", -15.807], [""awis"", -15.8217], [""aker"", -16.0274], [""maras"", -16.6606], [""siwai"", -16.6759], [""ziwai"", -16.6759], [""tis"", -17.8279], [""marasm"", -18.9892]]"
amana	rom	-15.9591	"[[""rom"", -15.9591], [""maw"", -16.3436], [""aker"", -18.1999], [""arai"", -18.6834], [""awis"", -18.6983], [""maras"", -19.2641], [""siwai"", -19.2795], [""ziwai"", -19.2795], [""tis"", -20.9547], [""marasm"", -21.5638]]"
amanad	rom	-17.593	"[[""rom"", -17.593], [""maw"", -19.8479], [""tawarzio"", -21.1093], [""tawarsiu"", -21.1093], [""pʰoke"", -21.675], [""aker"", -21.6937], [""arai"", -21.7958], [""awis"", -21.8107], [""maras"", -22.2927], [""siwai"", -22.3081]]"
amanada	rom	-20.4782	"[[""rom"", -20.4782], [""maw"", -22.6543], [""aker"", -24.302], [""pʰoke"", -24.4826], [""tawarzio"", -24.5969], [""tawarsiu"", -24.5969], [""arai"", -24.8551], [""awis"", -24.8701], [""maras"", -25.2356], [""siwai"", -25.2511]]"
amanadaw	rom	-23.6047	"[[""rom"", -23.6047], [""maw"", -26.16], [""murinail"", -26.9515], [""morinail"", -26.9515], [""zeronaitʰ"", -27.2154], [""serunaitʰ"", -27.2154], [""pʰoke"", -27.5708], [""aker"", -27.8019], [""arai"", -28.0458], [""awis"", -28.0609]]"
amanadawa	rom	-26.8323	"[[""rom"", -26.8323], [""serunaitʰ"", -28.9854], [""zeronaitʰ"", -28.9854], [""maw"", -29.1449], [""murinail"", -30.3634], [""morinail"", -30.3634], [""aker"", -30.6232], [""pʰoke"", -30.7748], [""arai"", -31.2055], [""awis"", -31.2206]]"
amanadawai	rom	-30.121	"[[""rom"", -30.121], [""pʰoke"", -30.6792], [""serunaitʰ"", -31.3976], [""zeronaitʰ"", -31.3976], [""heloke"", -32.0939], [""maw"", -32.6512], [""hulaies"", -33.0622], [""holaiesi"", -33.1141], [""murinail"", -33.7387], [""morinail"", -33.7387]]"
amas	tis	-12.5619	"[[""tis"", -12.5619], [""awis"", -12.7551], [""rom"", -12.864], [""maras"", -13.6762], [""maw"", -13.9281], [""arai"", -15.807], [""aker"", -16.0274], [""tawarsiu"", -16.2538], [""siwai"", -16.2979], [""ziwai"", -16.6759]]"
amasi	tis	-15.8501	"[[""tis"", -15.8501], [""rom"", -16.071], [""pʰoke"", -16.2055], [""awis"", -16.2435], [""heloke"", -16.7217], [""maras"", -17.1583], [""maw"", -17.4269], [""aker"", -18.8304], [""arai"", -18.9603], [""ewistʰuo"", -19.0196]]"
amasir	tis	-17.3576	"[[""tis"", -17.3576], [""siasi"", -17.8463], [""siwai"", -18.5323], [""arai"", -18.9186], [""awis"", -19.2788], [""rom"", -19.3423], [""heloke"", -19.5293], [""epteziu"", -19.5748], [""pʰoke"", -19.6008], [""ziwai"", -19.6554]]"
amasiru	heloke	-20.192	"[[""heloke"", -20.192], [""tis"", -20.2422], [""siasi"", -21.1941], [""siwai"", -21.7424], [""pʰoke"", -21.9193], [""epteziu"", -22.3895], [""arai"", -22.4174], [""awis"", -22.4668], [""tawarsiu"", -22.5429], [""rom"", -22.6542]]"
amasirut	heloke	-23.0274	"[[""heloke"", -23.0274], [""rom"", -23.3454], [""tis"", -23.3689], [""siasi"", -24.5014], [""marasm"", -24.8048], [""pʰoke"", -24.8781], [""siwai"", -24.9238], [""epteziu"", -25.4746], [""serunaitʰ"", -25.6368], [""tawarsiu"", -25.6547]]"
amasirute	heloke	-26.1305	"[[""heloke"", -26.1305], [""tis"", -26.6013], [""rom"", -26.8423], [""siasi"", -27.7914], [""pʰoke"", -28.0155], [""siwai"", -28.115], [""marasm"", -28.3105], [""sialkʰwis"", -28.4187], [""serunaitʰ"", -28.5496], [""epteziu"", -28.6734]]"
amat	rom	-10.3883	"[[""rom"", -10.3883], [""maw"", -13.547], [""marasm"", -14.525], [""arai"", -15.807], [""awis"", -15.8217], [""aker"", -16.0274], [""maras"", -16.4567], [""siwai"", -16.6759], [""ziwai"", -16.6759], [""aomai"", -16.9707]]"
amate	rom	-13.8673	"[[""rom"", -13.8673], [""maw"", -16.768], [""marasm"", -18.0152], [""arai"", -18.9603], [""awis"", -18.9749], [""maras"", -19.372], [""aker"", -19.4921], [""siwai"", -19.7648], [""ziwai"", -19.7648], [""aomai"", -19.777]]"
ame	rom	-10.052	"[[""rom"", -10.052], [""arai"", -13.4387], [""awis"", -13.4525], [""maw"", -14.0739], [""tis"", -14.7934], [""aker"", -15.4764], [""pʰoke"", -16.4844], [""maras"", -16.524], [""siwai"", -16.533], [""ziwai"", -16.533]]"
amei	rom	-13.2567	"[[""rom"", -13.2567], [""pʰoke"", -14.2467], [""aker"", -16.2347], [""arai"", -16.6138], [""awis"", -16.6272], [""heloke"", -17.255], [""maw"", -17.3235], [""tis"", -17.8279], [""maras"", -19.5557], [""siwai"", -19.5632]]"
ameit	rom	-13.8934	"[[""rom"", -13.8934], [""pʰoke"", -17.7485], [""maw"", -18.1158], [""aker"", -19.0757], [""arai"", -19.8539], [""awis"", -19.8669], [""aomai"", -20.1689], [""marasm"", -20.2017], [""heloke"", -20.564], [""tis"", -20.9547]]"
ameiti	rom	-17.386	"[[""rom"", -17.386], [""pʰoke"", -19.8077], [""maw"", -20.9489], [""heloke"", -21.1315], [""aker"", -21.7614], [""epteziu"", -22.964], [""aomai"", -22.9803], [""arai"", -23.1355], [""awis"", -23.148], [""marasm"", -23.6362]]"
ameu	rom	-13.2567	"[[""rom"", -13.2567], [""aker"", -16.034], [""arai"", -16.6138], [""awis"", -16.6272], [""maw"", -17.3235], [""pʰoke"", -17.3492], [""tis"", -17.8279], [""heloke"", -18.9394], [""maras"", -19.5557], [""siwai"", -19.5632]]"
ameun	rom	-16.5263	"[[""rom"", -16.5263], [""aker"", -18.8568], [""arai"", -19.8539], [""awis"", -19.8669], [""pʰoke"", -20.1716], [""maw"", -20.5845], [""tis"", -20.9547], [""heloke"", -21.7645], [""napʰotʰ"", -22.2555], [""maras"", -22.6544]]"
ameuna	aker	-19.4482	"[[""aker"", -19.4482], [""rom"", -19.6943], [""maw"", -20.0083], [""sialkʰwis"", -22.5485], [""arai"", -22.5782], [""awis"", -22.5922], [""pʰoke"", -23.2514], [""maras"", -23.3977], [""siwai"", -23.4125], [""ziwai"", -23.4125]]"
ameunak	aker	-22.9279	"[[""aker"", -22.9279], [""rom"", -22.9426], [""maw"", -23.5113], [""sialkʰwis"", -25.3468], [""tawarzio"", -25.3874], [""arai"", -25.6385], [""awis"", -25.6527], [""ziwai"", -26.08], [""maras"", -26.2273], [""siwai"", -26.2423]]"
ameunaka	aker	-25.4086	"[[""aker"", -25.4086], [""maw"", -26.1426], [""rom"", -26.1599], [""sialkʰwis"", -27.7685], [""ziwai"", -28.0547], [""tawarzio"", -28.1803], [""arai"", -28.5933], [""awis"", -28.6078], [""maras"", -28.9595], [""siwai"", -28.9747]]"
ameunakan	aker	-28.906	"[[""aker"", -28.906], [""rom"", -29.4374], [""maw"", -29.648], [""sialkʰwis"", -30.7551], [""ziwai"", -30.9512], [""tawarzio"", -31.2601], [""arai"", -31.7373], [""awis"", -31.7519], [""maras"", -32.0248], [""siwai"", -32.0401]]"
ameunakana	aker	-31.7441	"[[""aker"", -31.7441], [""maw"", -32.5866], [""rom"", -32.7046], [""ziwai"", -33.5861], [""sialkʰwis"", -33.6199], [""tawarzio"", -34.447], [""arai"", -34.8419], [""awis"", -34.8567], [""maras"", -35.0461], [""siwai"", -35.0615]]"
ameunar	arai	-22.4961	"[[""arai"", -22.4961], [""sialkʰwis"", -22.5285], [""aker"", -22.9279], [""rom"", -22.9426], [""awis"", -23.1745], [""siwai"", -23.1996], [""ziwai"", -23.1996], [""maw"", -23.5113], [""ziazi"", -24.7198], [""siasi"", -24.7198]]"
ameunaru	sialkʰwis	-25.357	"[[""sialkʰwis"", -25.357], [""arai"", -25.9881], [""awis"", -26.016], [""rom"", -26.2396], [""aker"", -26.3614], [""siwai"", -26.6772], [""ziwai"", -26.6772], [""maw"", -27.0137], [""ziazi"", -28.194], [""siasi"", -28.194]]"
ameunaruk	sialkʰwis	-28.4621	"[[""sialkʰwis"", -28.4621], [""awis"", -29.1273], [""arai"", -29.4799], [""rom"", -29.5692], [""aker"", -29.7979], [""ziwai"", -30.1439], [""siwai"", -30.1518], [""maw"", -30.5153], [""ziazi"", -31.2012], [""ewistʰuo"", -31.5622]]"
ameunaruka	sialkʰwis	-31.4119	"[[""sialkʰwis"", -31.4119], [""aker"", -31.7525], [""awis"", -32.3419], [""rom"", -32.8644], [""ziwai"", -32.9278], [""arai"", -32.9527], [""maw"", -32.9843], [""siwai"", -33.001], [""ewistʰuo"", -34.1729], [""ziazi"", -34.3528]]"
ana	rom	-9.7735	"[[""rom"", -9.7735], [""maw"", -10.4276], [""aker"", -12.5541], [""arai"", -12.8218], [""awis"", -12.8365], [""maras"", -13.8458], [""siwai"", -13.8611], [""ziwai"", -13.8611], [""tis"", -14.7934], [""pʰoke"", -16.4844]]"
anad	rom	-11.0383	"[[""rom"", -11.0383], [""maw"", -13.9281], [""pʰoke"", -15.5101], [""arai"", -15.807], [""awis"", -15.8217], [""aker"", -16.0274], [""maras"", -16.6606], [""siwai"", -16.6759], [""ziwai"", -16.6759], [""tawarzio"", -16.9074]]"
anada	rom	-13.8934	"[[""rom"", -13.8934], [""maw"", -16.3436], [""aker"", -18.1999], [""pʰoke"", -18.3121], [""arai"", -18.6834], [""awis"", -18.6983], [""maras"", -19.2641], [""siwai"", -19.2795], [""ziwai"", -19.2795], [""tawarzio"", -20.3547]]"
anadaw	rom	-17.009	"[[""rom"", -17.009], [""maw"", -19.8479], [""murinail"", -20.6272], [""morinail"", -20.6272], [""zeronaitʰ"", -21.3034], [""serunaitʰ"", -21.3034], [""pʰoke"", -21.3973], [""aker"", -21.6937], [""arai"", -21.7958], [""awis"", -21.8107]]"
anadawa	rom	-20.2285	"[[""rom"", -20.2285], [""maw"", -22.6543], [""serunaitʰ"", -23.0698], [""zeronaitʰ"", -23.0698], [""murinail"", -24.0212], [""morinail"", -24.0212], [""aker"", -24.302], [""pʰoke"", -24.5986], [""arai"", -24.8551], [""awis"", -24.8701]]"
anadawai	rom	-23.5123	"[[""rom"", -23.5123], [""pʰoke"", -24.4752], [""serunaitʰ"", -25.4813], [""zeronaitʰ"", -25.4813], [""heloke"", -25.4928], [""maw"", -26.16], [""hulaies"", -26.4488], [""holaiesi"", -26.5006], [""murinail"", -27.3745], [""morinail"", -27.3745]]"
anadawaij	rom	-26.8368	"[[""rom"", -26.8368], [""pʰoke"", -27.9757], [""serunaitʰ"", -28.1875], [""zeronaitʰ"", -28.1875], [""heloke"", -28.9957], [""hulaies"", -29.277], [""holaiesi"", -29.3014], [""maw"", -29.6653], [""murinail"", -30.7013], [""morinail"", -30.7013]]"
anadawaija	aker	-30.1505	"[[""aker"", -30.1505], [""rom"", -30.1855], [""serunaitʰ"", -31.0625], [""zeronaitʰ"", -31.0625], [""pʰoke"", -31.476], [""hulaies"", -32.3777], [""holaiesi"", -32.3877], [""heloke"", -32.497], [""maw"", -32.5964], [""murinail"", -34.0132]]"
anai	rom	-12.864	"[[""rom"", -12.864], [""maw"", -13.9281], [""pʰoke"", -14.2467], [""aker"", -15.4813], [""arai"", -15.807], [""awis"", -15.8217], [""maras"", -16.6606], [""siwai"", -16.6759], [""ziwai"", -16.6759], [""heloke"", -17.255]]"
anaiΘ	rom	-16.071	"[[""rom"", -16.071], [""maw"", -17.4269], [""pʰoke"", -17.7485], [""aker"", -18.6202], [""arai"", -18.9603], [""awis"", -18.9749], [""maras"", -19.7496], [""siwai"", -19.7648], [""ziwai"", -19.7648], [""heloke"", -20.564]]"
anaiΘt	rom	-16.73	"[[""rom"", -16.73], [""marasm"", -20.4295], [""maw"", -20.5493], [""pʰoke"", -21.247], [""aker"", -21.8561], [""arai"", -22.1968], [""awis"", -22.2113], [""maras"", -22.8485], [""siwai"", -22.9677], [""ziwai"", -22.9677]]"
anaiΘti	rom	-20.2223	"[[""rom"", -20.2223], [""pʰoke"", -22.9513], [""maw"", -23.7719], [""marasm"", -23.9291], [""heloke"", -23.9967], [""aker"", -24.8329], [""arai"", -25.483], [""awis"", -25.4974], [""maras"", -25.9829], [""epteziu"", -26.0244]]"
anaiΘtij	rom	-23.7145	"[[""rom"", -23.7145], [""pʰoke"", -26.4562], [""maw"", -27.0521], [""marasm"", -27.4251], [""heloke"", -27.4829], [""aker"", -27.9944], [""epteziu"", -28.4908], [""arai"", -28.8025], [""awis"", -28.8167], [""maras"", -29.1554]]"
anaiΘtija	aker	-26.4262	"[[""aker"", -26.4262], [""rom"", -27.2], [""maw"", -28.0894], [""pʰoke"", -29.96], [""marasm"", -30.889], [""heloke"", -30.9618], [""maras"", -31.2576], [""epteziu"", -31.3172], [""arai"", -31.9257], [""awis"", -31.9401]]"
anaiΘtijas	aker	-29.9325	"[[""aker"", -29.9325], [""rom"", -30.6855], [""maras"", -31.1275], [""maw"", -31.5794], [""awis"", -31.9337], [""tis"", -32.6138], [""hulaies"", -33.03], [""pʰoke"", -33.456], [""tawarsiu"", -33.5378], [""ewistʰuo"", -33.6264]]"
anaiΘu	rom	-19.3423	"[[""rom"", -19.3423], [""maw"", -20.924], [""pʰoke"", -21.1416], [""aker"", -21.509], [""heloke"", -22.1574], [""arai"", -22.1968], [""awis"", -22.2113], [""maras"", -22.9526], [""siwai"", -22.9677], [""ziwai"", -22.9677]]"
anaiΘut	rom	-20.018	"[[""rom"", -20.018], [""marasm"", -23.6313], [""maw"", -24.0487], [""pʰoke"", -24.543], [""aker"", -24.63], [""heloke"", -25.0404], [""arai"", -25.483], [""awis"", -25.4974], [""maras"", -26.1357], [""siwai"", -26.2333]]"
anaiΘuti	heloke	-22.3544	"[[""heloke"", -22.3544], [""pʰoke"", -23.3749], [""rom"", -23.5131], [""aker"", -26.0532], [""marasm"", -27.1321], [""maw"", -27.2726], [""arai"", -28.8025], [""awis"", -28.8167], [""epteziu"", -29.1928], [""maras"", -29.3275]]"
anaiΘutin	heloke	-25.8615	"[[""heloke"", -25.8615], [""pʰoke"", -26.882], [""rom"", -27.008], [""aker"", -28.9318], [""maw"", -30.5535], [""marasm"", -30.6302], [""epteziu"", -31.6835], [""arai"", -32.1457], [""awis"", -32.1598], [""maras"", -32.5389]]"
anaiΘutinu	heloke	-29.364	"[[""heloke"", -29.364], [""pʰoke"", -30.3857], [""rom"", -30.5028], [""aker"", -32.0414], [""maw"", -33.8715], [""marasm"", -34.125], [""epteziu"", -34.5181], [""arai"", -35.5068], [""awis"", -35.5208], [""maras"", -35.7725]]"
anas	tis	-12.5619	"[[""tis"", -12.5619], [""awis"", -12.7551], [""rom"", -12.864], [""maras"", -13.6762], [""maw"", -13.9281], [""arai"", -15.807], [""aker"", -16.0274], [""tawarsiu"", -16.2538], [""siwai"", -16.2979], [""ziwai"", -16.6759]]"
anasi	tis	-15.8501	"[[""tis"", -15.8501], [""rom"", -16.071], [""pʰoke"", -16.2055], [""awis"", -16.2435], [""heloke"", -16.7217], [""maras"", -17.1583], [""maw"", -17.4269], [""aker"", -18.8304], [""arai"", -18.9603], [""ewistʰuo"", -19.0196]]"
anasis	tis	-16.6673	"[[""tis"", -16.6673], [""hulaies"", -17.3792], [""awis"", -18.5873], [""rom"", -19.3423], [""maras"", -19.3573], [""heloke"", -19.5287], [""pʰoke"", -19.5931], [""siasi"", -20.1691], [""holaiesi"", -20.8271], [""maw"", -20.924]]"
anasisi	heloke	-19.1462	"[[""heloke"", -19.1462], [""pʰoke"", -19.1771], [""tis"", -20.1483], [""hulaies"", -20.8798], [""napʰotʰ"", -21.2407], [""epteziu"", -21.8416], [""awis"", -22.0888], [""ewistʰuo"", -22.3235], [""serunaitʰ"", -22.5544], [""rom"", -22.6542]]"
anasisir	siasi	-20.2732	"[[""siasi"", -20.2732], [""holaiesi"", -20.8765], [""epteziu"", -22.4194], [""heloke"", -22.6125], [""pʰoke"", -22.677], [""tis"", -23.045], [""napʰotʰ"", -24.0419], [""hulaies"", -24.3588], [""siwai"", -24.4177], [""ewistʰuo"", -24.8166]]"
anat	rom	-10.3883	"[[""rom"", -10.3883], [""maw"", -13.547], [""marasm"", -14.525], [""arai"", -15.807], [""awis"", -15.8217], [""aker"", -16.0274], [""maras"", -16.4567], [""siwai"", -16.6759], [""ziwai"", -16.6759], [""aomai"", -16.9707]]"
anati	rom	-13.8673	"[[""rom"", -13.8673], [""maw"", -16.768], [""pʰoke"", -17.098], [""marasm"", -18.0152], [""aker"", -18.8304], [""arai"", -18.9603], [""awis"", -18.9749], [""maras"", -19.372], [""siwai"", -19.7648], [""ziwai"", -19.7648]]"
anatiΘ	rom	-17.3463	"[[""rom"", -17.3463], [""maw"", -20.0471], [""pʰoke"", -20.601], [""marasm"", -21.4951], [""aker"", -21.9256], [""arai"", -22.1968], [""awis"", -22.2113], [""maras"", -22.425], [""aomai"", -22.864], [""siwai"", -22.9677]]"
anatiΘw	rom	-20.8254	"[[""rom"", -20.8254], [""maw"", -23.3638], [""pʰoke"", -24.1018], [""marasm"", -24.9631], [""murinail"", -25.0125], [""morinail"", -25.0125], [""aker"", -25.1395], [""heloke"", -25.4244], [""arai"", -25.483], [""awis"", -25.4974]]"
anatiΘwa	aker	-23.7347	"[[""aker"", -23.7347], [""rom"", -24.2927], [""maw"", -24.3581], [""maras"", -27.5583], [""pʰoke"", -27.5998], [""heloke"", -27.9868], [""marasm"", -28.3254], [""murinail"", -28.4454], [""morinail"", -28.4454], [""arai"", -28.573]]"
anatiΘwaj	aker	-27.2409	"[[""aker"", -27.2409], [""rom"", -27.7605], [""maw"", -27.8514], [""maras"", -30.4707], [""heloke"", -30.8429], [""pʰoke"", -31.0944], [""marasm"", -31.6178], [""arai"", -31.7783], [""awis"", -31.793], [""murinail"", -31.8434]]"
anatiΘwaja	aker	-30.0566	"[[""aker"", -30.0566], [""maw"", -30.5117], [""rom"", -31.218], [""maras"", -33.2676], [""heloke"", -33.8552], [""pʰoke"", -34.585], [""marasm"", -34.7985], [""arai"", -34.9084], [""awis"", -34.9232], [""napʰotʰ"", -35.123]]"
ara	rom	-9.7735	"[[""rom"", -9.7735], [""awis"", -10.3857], [""siwai"", -10.4195], [""ziwai"", -10.4195], [""maw"", -10.4276], [""arai"", -10.8897], [""tis"", -12.5357], [""aker"", -12.5541], [""ziazi"", -13.5713], [""siasi"", -13.5713]]"
aram	rom	-12.864	"[[""rom"", -12.864], [""siwai"", -13.2438], [""ziwai"", -13.2438], [""awis"", -13.4777], [""maw"", -13.9281], [""arai"", -14.303], [""tis"", -15.631], [""ewistʰuo"", -15.9833], [""aker"", -16.0274], [""maras"", -16.6606]]"
arama	rom	-15.9591	"[[""rom"", -15.9591], [""siwai"", -16.0575], [""ziwai"", -16.0575], [""maw"", -16.3436], [""awis"", -16.6595], [""arai"", -17.6323], [""aker"", -18.1999], [""ewistʰuo"", -18.5823], [""tis"", -18.8406], [""maras"", -19.2641]]"
araman	siwai	-19.1497	"[[""siwai"", -19.1497], [""ziwai"", -19.1497], [""rom"", -19.1686], [""maw"", -19.8479], [""awis"", -19.9203], [""arai"", -20.9837], [""ewistʰuo"", -21.3928], [""aker"", -21.6937], [""tis"", -22.1134], [""maras"", -22.2927]]"
aramana	siwai	-22.2408	"[[""siwai"", -22.2408], [""ziwai"", -22.2408], [""rom"", -22.3811], [""maw"", -22.6543], [""awis"", -23.201], [""arai"", -24.2675], [""aker"", -24.302], [""ewistʰuo"", -24.3319], [""maras"", -25.2356], [""tis"", -25.4263]]"
aramanad	rom	-24.2666	"[[""rom"", -24.2666], [""ewistʰuo"", -24.4902], [""siwai"", -25.4482], [""ziwai"", -25.4482], [""maw"", -26.16], [""tawarzio"", -26.3777], [""tawarsiu"", -26.3777], [""awis"", -26.5221], [""arai"", -27.587], [""aker"", -27.8019]]"
aramanada	rom	-27.1783	"[[""rom"", -27.1783], [""ewistʰuo"", -27.7652], [""siwai"", -28.6552], [""ziwai"", -28.6552], [""maw"", -29.1449], [""awis"", -29.8466], [""tawarsiu"", -29.8731], [""tawarzio"", -29.8731], [""aker"", -30.6232], [""arai"", -30.8613]]"
aramanadaw	rom	-30.3148	"[[""rom"", -30.3148], [""ewistʰuo"", -31.0784], [""siwai"", -31.9265], [""ziwai"", -31.9265], [""maw"", -32.6512], [""murinail"", -33.0926], [""morinail"", -33.0926], [""awis"", -33.1976], [""tawarsiu"", -33.3619], [""tawarzio"", -33.3619]]"
arame	rom	-16.071	"[[""rom"", -16.071], [""siwai"", -16.339], [""ziwai"", -16.339], [""awis"", -16.6915], [""maw"", -17.4269], [""arai"", -17.7207], [""ewistʰuo"", -18.5825], [""tis"", -18.8406], [""aker"", -19.4921], [""maras"", -19.7496]]"
aramei	rom	-19.3423	"[[""rom"", -19.3423], [""siwai"", -19.548], [""ziwai"", -19.548], [""awis"", -19.9714], [""pʰoke"", -20.0712], [""maw"", -20.924], [""arai"", -21.1423], [""ewistʰuo"", -21.3934], [""tis"", -22.1134], [""aker"", -22.1939]]"
arameit	rom	-20.018	"[[""rom"", -20.018], [""siwai"", -22.82], [""ziwai"", -22.82], [""awis"", -23.2929], [""pʰoke"", -23.5751], [""marasm"", -23.6313], [""maw"", -24.0487], [""ewistʰuo"", -24.3317], [""arai"", -24.5674], [""aker"", -25.2584]]"
arameiti	rom	-23.5131	"[[""rom"", -23.5131], [""pʰoke"", -25.8867], [""siwai"", -26.1321], [""ziwai"", -26.1321], [""awis"", -26.643], [""marasm"", -27.1321], [""maw"", -27.2726], [""ewistʰuo"", -27.3555], [""heloke"", -27.6253], [""arai"", -27.9957]]"
arameu	rom	-19.3423	"[[""rom"", -19.3423], [""siwai"", -19.548], [""ziwai"", -19.548], [""awis"", -19.9714], [""maw"", -20.924], [""arai"", -21.1423], [""ewistʰuo"", -21.3936], [""tis"", -22.1134], [""aker"", -22.1434], [""maras"", -22.9526]]"
arameun	rom	-22.6542	"[[""rom"", -22.6542], [""siwai"", -22.82], [""ziwai"", -22.82], [""awis"", -23.2929], [""ewistʰuo"", -24.3337], [""maw"", -24.4194], [""arai"", -24.5674], [""aker"", -25.1839], [""tis"", -25.4263], [""pʰoke"", -26.1062]]"
arameuna	sialkʰwis	-25.8392	"[[""sialkʰwis"", -25.8392], [""rom"", -25.9314], [""ziwai"", -25.9798], [""siwai"", -25.9798], [""aker"", -26.0188], [""maw"", -26.428], [""awis"", -26.6141], [""ewistʰuo"", -27.3611], [""arai"", -27.8867], [""tis"", -28.7671]]"
arameunak	sialkʰwis	-28.6379	"[[""sialkʰwis"", -28.6379], [""ziwai"", -29.2204], [""siwai"", -29.2235], [""rom"", -29.2475], [""aker"", -29.4997], [""maw"", -29.9325], [""awis"", -29.9634], [""tawarzio"", -30.2216], [""ewistʰuo"", -30.4516], [""arai"", -31.231]]"
arameunaka	sialkʰwis	-31.0629	"[[""sialkʰwis"", -31.0629], [""aker"", -32.0015], [""ziwai"", -32.3888], [""siwai"", -32.4308], [""rom"", -32.5489], [""maw"", -32.7376], [""tawarzio"", -33.0211], [""awis"", -33.3072], [""ewistʰuo"", -33.5898], [""arai"", -34.5035]]"
arameunar	sialkʰwis	-25.8199	"[[""sialkʰwis"", -25.8199], [""ziwai"", -25.9812], [""siwai"", -25.9812], [""arai"", -28.5309], [""ziazi"", -28.7185], [""siasi"", -28.7185], [""awis"", -29.1583], [""rom"", -29.2475], [""aker"", -29.4997], [""maw"", -29.9325]]"
arameunaru	sialkʰwis	-28.649	"[[""sialkʰwis"", -28.649], [""siwai"", -29.48], [""ziwai"", -29.48], [""arai"", -32.0286], [""awis"", -32.1845], [""ziazi"", -32.2224], [""siasi"", -32.2224], [""rom"", -32.5907], [""aker"", -32.9434], [""maw"", -33.4366]]"
are	rom	-10.052	"[[""rom"", -10.052], [""awis"", -10.4262], [""arai"", -10.9587], [""tis"", -12.5357], [""ziwai"", -13.2787], [""siwai"", -13.2787], [""ziazi"", -13.5713], [""siasi"", -13.5713], [""ewistʰuo"", -13.8118], [""aomai"", -13.8342]]"
ared	rom	-11.6737	"[[""rom"", -11.6737], [""ewistʰuo"", -13.2936], [""awis"", -13.5322], [""arai"", -14.4343], [""pʰoke"", -15.5101], [""tis"", -15.631], [""siwai"", -16.6063], [""ziwai"", -16.6063], [""epteziu"", -16.6743], [""ziazi"", -16.8525]]"
aredi	rom	-14.5666	"[[""rom"", -14.5666], [""pʰoke"", -15.319], [""ewistʰuo"", -16.4903], [""awis"", -16.7535], [""arai"", -17.9082], [""heloke"", -18.6693], [""tis"", -18.8406], [""aker"", -19.4308], [""siwai"", -19.9142], [""ziwai"", -19.9142]]"
aredij	rom	-17.6961	"[[""rom"", -17.6961], [""pʰoke"", -18.8011], [""ewistʰuo"", -19.7219], [""awis"", -20.0383], [""arai"", -21.3807], [""tis"", -22.1134], [""heloke"", -22.1211], [""aker"", -22.2804], [""napʰotʰ"", -23.061], [""ziwai"", -23.2157]]"
aredija	aker	-20.2332	"[[""aker"", -20.2332], [""rom"", -20.9162], [""pʰoke"", -22.2828], [""ewistʰuo"", -22.97], [""maw"", -23.3213], [""awis"", -23.3317], [""siwai"", -24.3272], [""ziwai"", -24.3272], [""arai"", -24.7163], [""tis"", -25.4263]]"
arej	rom	-13.2567	"[[""rom"", -13.2567], [""awis"", -13.5322], [""arai"", -14.4343], [""tis"", -15.631], [""ewistʰuo"", -15.9857], [""siwai"", -16.6063], [""ziwai"", -16.6063], [""ziazi"", -16.8525], [""siasi"", -16.8525], [""aomai"", -17.315]]"
areja	rom	-16.3551	"[[""rom"", -16.3551], [""awis"", -16.7196], [""maw"", -16.7353], [""siwai"", -17.3797], [""ziwai"", -17.3797], [""arai"", -17.8026], [""aker"", -18.4748], [""ewistʰuo"", -18.586], [""tis"", -18.8406], [""ziazi"", -20.1176]]"
aret	rom	-10.67	"[[""rom"", -10.67], [""awis"", -13.5322], [""arai"", -14.4343], [""maw"", -14.6264], [""tis"", -15.631], [""ewistʰuo"", -15.9857], [""aomai"", -16.458], [""siwai"", -16.6063], [""ziwai"", -16.6063], [""ziazi"", -16.8525]]"
areta	rom	-14.1407	"[[""rom"", -14.1407], [""maw"", -15.0984], [""awis"", -16.7196], [""siwai"", -17.3797], [""ziwai"", -17.3797], [""arai"", -17.8026], [""aker"", -18.4748], [""maras"", -18.5016], [""ewistʰuo"", -18.586], [""tis"", -18.8406]]"
aru	rom	-10.052	"[[""rom"", -10.052], [""awis"", -10.4262], [""arai"", -10.9587], [""tis"", -12.5357], [""aker"", -12.8308], [""siwai"", -13.2787], [""ziwai"", -13.2787], [""ziazi"", -13.5713], [""siasi"", -13.5713], [""ewistʰuo"", -13.8118]]"
aruk	rom	-13.2567	"[[""rom"", -13.2567], [""awis"", -13.5322], [""arai"", -14.4343], [""ziazi"", -15.5194], [""tis"", -15.631], [""aker"", -15.6443], [""ewistʰuo"", -15.9857], [""ziwai"", -16.2497], [""siwai"", -16.6063], [""siasi"", -16.8525]]"
aruka	aker	-16.2381	"[[""aker"", -16.2381], [""rom"", -16.3551], [""awis"", -16.7196], [""maw"", -16.7353], [""sialkʰwis"", -16.766], [""ziwai"", -16.9627], [""siwai"", -17.3797], [""arai"", -17.8026], [""ziazi"", -18.3517], [""ewistʰuo"", -18.586]]"
arukan	sialkʰwis	-19.5643	"[[""sialkʰwis"", -19.5643], [""rom"", -19.5661], [""aker"", -19.7172], [""ziwai"", -19.7834], [""awis"", -19.9838], [""siwai"", -20.212], [""maw"", -20.2378], [""arai"", -21.1834], [""ewistʰuo"", -21.3976], [""ziazi"", -21.3979]]"
arukana	sialkʰwis	-21.9849	"[[""sialkʰwis"", -21.9849], [""aker"", -22.1908], [""ziwai"", -22.4728], [""rom"", -22.7512], [""maw"", -22.8287], [""siwai"", -23.0315], [""awis"", -23.2651], [""ewistʰuo"", -24.3378], [""arai"", -24.47], [""ziazi"", -24.5451]]"
arukanas	awis	-21.6587	"[[""awis"", -21.6587], [""sialkʰwis"", -21.8918], [""tis"", -23.7293], [""ziwai"", -25.5233], [""maras"", -25.5931], [""aker"", -25.688], [""rom"", -26.0096], [""siwai"", -26.1211], [""maw"", -26.3339], [""tawarsiu"", -26.8678]]"
asa	tis	-9.3632	"[[""tis"", -9.3632], [""rom"", -9.7735], [""maw"", -10.4276], [""awis"", -10.9032], [""siwai"", -10.9656], [""pʰoke"", -12.0563], [""aker"", -12.5541], [""siasi"", -12.7555], [""arai"", -12.8218], [""maras"", -12.9714]]"
asar	tis	-10.4003	"[[""tis"", -10.4003], [""siwai"", -10.728], [""siasi"", -11.5716], [""arai"", -12.7414], [""rom"", -12.864], [""awis"", -12.9957], [""ziwai"", -13.6843], [""maw"", -13.9281], [""pʰoke"", -14.4398], [""ziazi"", -15.5005]]"
asara	siwai	-11.1425	"[[""siwai"", -11.1425], [""tis"", -13.258], [""siasi"", -14.7698], [""awis"", -15.9242], [""rom"", -15.9591], [""arai"", -16.2093], [""ziwai"", -16.2699], [""maw"", -16.3436], [""pʰoke"", -17.1344], [""sialkʰwis"", -17.7047]]"
asaram	siwai	-13.9646	"[[""siwai"", -13.9646], [""tis"", -16.375], [""siasi"", -17.9411], [""awis"", -19.067], [""rom"", -19.1686], [""ziwai"", -19.2943], [""arai"", -19.6773], [""maw"", -19.8479], [""pʰoke"", -20.0034], [""sialkʰwis"", -20.5145]]"
asarama	siwai	-16.7848	"[[""siwai"", -16.7848], [""tis"", -19.6025], [""siasi"", -21.1248], [""sialkʰwis"", -21.8745], [""ziwai"", -22.2346], [""awis"", -22.2965], [""rom"", -22.3811], [""maw"", -22.6543], [""pʰoke"", -22.9844], [""arai"", -23.1196]]"
asaraman	siwai	-19.8793	"[[""siwai"", -19.8793], [""tis"", -22.8915], [""siasi"", -24.334], [""sialkʰwis"", -24.7287], [""ziwai"", -25.3737], [""awis"", -25.5861], [""rom"", -25.6558], [""pʰoke"", -26.0437], [""maw"", -26.16], [""napʰotʰ"", -26.5067]]"
asaramana	siwai	-22.9769	"[[""siwai"", -22.9769], [""tis"", -26.2199], [""sialkʰwis"", -27.0473], [""siasi"", -27.5705], [""ziwai"", -28.5002], [""awis"", -28.9049], [""rom"", -28.9328], [""maw"", -29.1449], [""pʰoke"", -29.1607], [""napʰotʰ"", -29.5459]]"
asaramanad	siwai	-26.1876	"[[""siwai"", -26.1876], [""tawarsiu"", -28.9328], [""tawarzio"", -28.9568], [""tis"", -29.5755], [""pʰoke"", -29.5817], [""ewistʰuo"", -29.9804], [""sialkʰwis"", -30.0123], [""siasi"", -30.8322], [""rom"", -31.0059], [""epteziu"", -31.2069]]"
asarame	siwai	-17.0593	"[[""siwai"", -17.0593], [""tis"", -19.6025], [""siasi"", -21.1248], [""awis"", -22.3076], [""rom"", -22.4414], [""ziwai"", -22.469], [""pʰoke"", -22.9844], [""arai"", -23.1455], [""maw"", -23.3517], [""napʰotʰ"", -23.5516]]"
asaramei	siwai	-20.268	"[[""siwai"", -20.268], [""pʰoke"", -21.1074], [""tis"", -22.8915], [""siasi"", -24.334], [""heloke"", -24.7407], [""awis"", -25.6044], [""ziwai"", -25.7208], [""rom"", -25.7545], [""hulaies"", -25.951], [""holaiesi"", -26.0187]]"
asarameit	siwai	-23.5398	"[[""siwai"", -23.5398], [""pʰoke"", -24.6121], [""tis"", -26.2199], [""rom"", -26.4562], [""siasi"", -27.5705], [""heloke"", -28.1659], [""hulaies"", -28.82], [""holaiesi"", -28.8396], [""awis"", -28.9377], [""ziwai"", -29.0195]]"
asarameiti	siwai	-26.852	"[[""siwai"", -26.852], [""pʰoke"", -27.0628], [""heloke"", -29.4169], [""tis"", -29.5755], [""rom"", -29.9531], [""siasi"", -30.8322], [""holaiesi"", -31.6387], [""hulaies"", -31.6508], [""pʰokiasiale"", -31.9708], [""awis"", -32.2967]]"
asarameu	siwai	-20.268	"[[""siwai"", -20.268], [""tis"", -22.8915], [""pʰoke"", -24.3226], [""siasi"", -24.334], [""awis"", -25.6044], [""ziwai"", -25.7208], [""rom"", -25.7545], [""sialkʰwis"", -25.9041], [""napʰotʰ"", -26.5067], [""arai"", -26.614]]"
asarameun	siwai	-23.5398	"[[""siwai"", -23.5398], [""tis"", -26.2199], [""pʰoke"", -27.1854], [""siasi"", -27.5705], [""sialkʰwis"", -27.9737], [""awis"", -28.9377], [""ziwai"", -29.0195], [""rom"", -29.0955], [""napʰotʰ"", -29.5459], [""ewistʰuo"", -29.7833]]"
asarameuna	sialkʰwis	-26.5843	"[[""sialkʰwis"", -26.5843], [""siwai"", -26.7102], [""tis"", -29.5755], [""pʰoke"", -30.296], [""siasi"", -30.8322], [""ziwai"", -32.2166], [""awis"", -32.2874], [""rom"", -32.4205], [""napʰotʰ"", -32.6464], [""aker"", -32.6912]]"
asas	tis	-9.7098	"[[""tis"", -9.7098], [""awis"", -12.6038], [""rom"", -12.864], [""siasi"", -13.1764], [""tawarsiu"", -13.4478], [""maras"", -13.6415], [""siwai"", -13.7403], [""maw"", -13.9281], [""pʰoke"", -14.3919], [""hulaies"", -14.939]]"
asasa	tis	-13.1893	"[[""tis"", -13.1893], [""napʰotʰ"", -15.3478], [""rom"", -15.9591], [""siasi"", -15.9979], [""awis"", -16.0773], [""siwai"", -16.1], [""tawarsiu"", -16.2337], [""maw"", -16.3436], [""pʰoke"", -17.0014], [""ewistʰuo"", -17.0277]]"
asasar	siasi	-13.2712	"[[""siasi"", -13.2712], [""siwai"", -15.979], [""tis"", -16.0598], [""tawarsiu"", -16.8802], [""napʰotʰ"", -18.1358], [""holaiesi"", -18.4019], [""arai"", -18.6443], [""hktaonosi"", -18.7724], [""awis"", -18.8437], [""rom"", -19.1686]]"
asasara	siasi	-16.7748	"[[""siasi"", -16.7748], [""siwai"", -17.3808], [""tis"", -19.1814], [""tawarsiu"", -19.7212], [""napʰotʰ"", -21.1835], [""holaiesi"", -21.9014], [""awis"", -21.9226], [""sialkʰwis"", -22.0609], [""arai"", -22.1285], [""epteziu"", -22.2578]]"
asasaram	siwai	-20.2434	"[[""siwai"", -20.2434], [""siasi"", -20.2767], [""tis"", -22.4112], [""tawarsiu"", -22.8306], [""napʰotʰ"", -24.3322], [""sialkʰwis"", -25.1081], [""awis"", -25.1309], [""ewistʰuo"", -25.272], [""epteziu"", -25.3586], [""holaiesi"", -25.3971]]"
asasarama	siwai	-23.085	"[[""siwai"", -23.085], [""siasi"", -23.7768], [""tis"", -25.7017], [""tawarsiu"", -26.05], [""napʰotʰ"", -27.5332], [""sialkʰwis"", -27.6258], [""ewistʰuo"", -28.3244], [""awis"", -28.4025], [""epteziu"", -28.5729], [""ziwai"", -28.5927]]"
asasaraman	siwai	-26.1869	"[[""siwai"", -26.1869], [""siasi"", -27.2753], [""tis"", -29.031], [""tawarsiu"", -29.3306], [""sialkʰwis"", -30.6318], [""napʰotʰ"", -30.7661], [""ewistʰuo"", -31.4414], [""awis"", -31.7191], [""ziwai"", -31.8014], [""epteziu"", -31.8499]]"
asasarame	siwai	-23.3523	"[[""siwai"", -23.3523], [""siasi"", -23.7768], [""tis"", -25.7017], [""tawarsiu"", -26.0527], [""napʰotʰ"", -27.5332], [""sialkʰwis"", -28.2905], [""ewistʰuo"", -28.3244], [""awis"", -28.4083], [""epteziu"", -28.5729], [""ziwai"", -28.769]]"
asasaramei	siwai	-26.5683	"[[""siwai"", -26.5683], [""pʰoke"", -27.0624], [""siasi"", -27.2753], [""tis"", -29.031], [""pʰokiasiale"", -29.0821], [""tawarsiu"", -29.3373], [""heloke"", -30.741], [""napʰotʰ"", -30.7661], [""holaiesi"", -31.2671], [""ewistʰuo"", -31.4414]]"
asasarameu	siwai	-26.5683	"[[""siwai"", -26.5683], [""siasi"", -27.2753], [""tis"", -29.031], [""tawarsiu"", -29.3373], [""pʰoke"", -30.3011], [""napʰotʰ"", -30.7661], [""sialkʰwis"", -31.2954], [""ewistʰuo"", -31.4414], [""awis"", -31.7287], [""epteziu"", -31.8499]]"
asau	pʰoke	-12.4976	"[[""pʰoke"", -12.4976], [""tis"", -12.5757], [""rom"", -12.864], [""siwai"", -13.7649], [""maw"", -13.9281], [""awis"", -14.3165], [""aker"", -15.3818], [""heloke"", -15.5501], [""siasi"", -15.5581], [""napʰotʰ"", -15.8049]]"
asaun	pʰoke	-15.2944	"[[""pʰoke"", -15.2944], [""tis"", -15.8501], [""rom"", -16.071], [""siwai"", -16.8338], [""maw"", -17.4269], [""awis"", -17.7343], [""napʰotʰ"", -18.0803], [""heloke"", -18.3641], [""aker"", -18.4759], [""siasi"", -18.5374]]"
asauna	pʰoke	-18.3561	"[[""pʰoke"", -18.3561], [""sialkʰwis"", -19.1542], [""tis"", -19.164], [""rom"", -19.2529], [""aker"", -19.4235], [""siwai"", -19.4551], [""maw"", -19.6869], [""napʰotʰ"", -20.7186], [""awis"", -21.0594], [""heloke"", -21.4434]]"
asaunak	tawarzio	-20.7614	"[[""tawarzio"", -20.7614], [""pʰoke"", -21.5258], [""sialkʰwis"", -21.9529], [""siwai"", -22.485], [""tis"", -22.5055], [""rom"", -22.5094], [""aker"", -22.9038], [""maw"", -23.1913], [""napʰotʰ"", -23.5516], [""awis"", -24.4077]]"
asaunaka	tawarzio	-23.5596	"[[""tawarzio"", -23.5596], [""sialkʰwis"", -24.3708], [""pʰoke"", -24.7536], [""aker"", -25.3999], [""siwai"", -25.4082], [""rom"", -25.759], [""tis"", -25.8672], [""maw"", -25.9968], [""napʰotʰ"", -26.5067], [""awis"", -27.6866]]"
asaunakan	tawarzio	-26.6446	"[[""tawarzio"", -26.6446], [""sialkʰwis"", -27.3566], [""pʰoke"", -28.0174], [""siwai"", -28.539], [""aker"", -28.8974], [""rom"", -29.0568], [""tis"", -29.2446], [""maw"", -29.5026], [""napʰotʰ"", -29.5459], [""ziwai"", -30.8243]]"
asaunakana	tawarzio	-29.8439	"[[""tawarzio"", -29.8439], [""sialkʰwis"", -30.2151], [""pʰoke"", -31.3059], [""siwai"", -31.6231], [""aker"", -31.7397], [""rom"", -32.3529], [""maw"", -32.5018], [""tis"", -32.6343], [""napʰotʰ"", -32.6464], [""ziwai"", -33.5227]]"
ase	tis	-9.3632	"[[""tis"", -9.3632], [""rom"", -10.052], [""awis"", -10.972], [""pʰoke"", -12.0563], [""siasi"", -12.7555], [""siwai"", -12.7953], [""arai"", -13.4387], [""maras"", -13.4632], [""ewistʰuo"", -13.8139], [""maw"", -14.0739]]"
asek	tis	-12.5757	"[[""tis"", -12.5757], [""rom"", -13.2567], [""pʰoke"", -14.4398], [""awis"", -14.4476], [""siasi"", -15.5581], [""epteziu"", -15.5854], [""siwai"", -15.5884], [""napʰotʰ"", -15.8049], [""ewistʰuo"", -16.2491], [""tawarzio"", -16.2565]]"
aseka	tis	-15.8501	"[[""tis"", -15.8501], [""rom"", -16.3551], [""maw"", -16.7353], [""siwai"", -16.8735], [""pʰoke"", -17.1344], [""awis"", -17.8161], [""ziwai"", -17.9245], [""napʰotʰ"", -18.0803], [""epteziu"", -18.391], [""aker"", -18.4748]]"
asekan	tis	-19.164	"[[""tis"", -19.164], [""rom"", -19.5661], [""siwai"", -19.7199], [""pʰoke"", -20.0034], [""maw"", -20.2378], [""napʰotʰ"", -20.7186], [""ziwai"", -20.7257], [""awis"", -21.197], [""epteziu"", -21.4777], [""siasi"", -21.6196]]"
asekana	siwai	-22.4362	"[[""siwai"", -22.4362], [""tis"", -22.5055], [""rom"", -22.7512], [""maw"", -22.8287], [""pʰoke"", -22.9844], [""ziwai"", -23.2313], [""napʰotʰ"", -23.5516], [""sialkʰwis"", -24.3987], [""aker"", -24.4033], [""awis"", -24.4839]]"
asekanas	tis	-22.6785	"[[""tis"", -22.6785], [""tawarsiu"", -23.6192], [""sialkʰwis"", -24.2733], [""awis"", -25.1991], [""siwai"", -25.4921], [""maras"", -25.5888], [""siasi"", -26.0079], [""rom"", -26.0096], [""pʰoke"", -26.0393], [""ziwai"", -26.2314]]"
asekanasi	pʰoke	-24.2701	"[[""pʰoke"", -24.2701], [""tis"", -26.1761], [""tawarsiu"", -26.4202], [""napʰotʰ"", -27.1771], [""sialkʰwis"", -27.7603], [""heloke"", -27.8893], [""serunaitʰ"", -28.1253], [""siwai"", -28.6782], [""awis"", -28.6943], [""siasi"", -28.8699]]"
asekanasis	pʰoke	-27.7747	"[[""pʰoke"", -27.7747], [""hulaies"", -27.9395], [""tis"", -28.738], [""tawarsiu"", -29.2009], [""napʰotʰ"", -29.9979], [""sialkʰwis"", -30.0367], [""serunaitʰ"", -30.9177], [""awis"", -31.2046], [""heloke"", -31.2852], [""holaiesi"", -31.3797]]"
aser	tis	-10.4003	"[[""tis"", -10.4003], [""siasi"", -11.5716], [""siwai"", -11.8769], [""rom"", -13.2567], [""arai"", -13.3181], [""awis"", -13.8083], [""pʰoke"", -14.4398], [""ziwai"", -15.318], [""ziazi"", -15.5005], [""aomai"", -15.5327]]"
asera	siwai	-11.175	"[[""siwai"", -11.175], [""tis"", -13.258], [""siasi"", -14.7698], [""rom"", -16.3551], [""ziwai"", -16.67], [""maw"", -16.7353], [""arai"", -16.7783], [""awis"", -16.8773], [""pʰoke"", -17.1344], [""sialkʰwis"", -17.8419]]"
aserat	siwai	-13.9813	"[[""siwai"", -13.9813], [""tis"", -16.375], [""rom"", -17.0005], [""siasi"", -17.9411], [""ziwai"", -19.5293], [""pʰoke"", -20.0034], [""maw"", -20.0317], [""awis"", -20.0798], [""arai"", -20.2388], [""marasm"", -20.301]]"
aserate	siwai	-17.0706	"[[""siwai"", -17.0706], [""tis"", -19.6025], [""rom"", -20.4885], [""siasi"", -21.1248], [""ziwai"", -22.6371], [""pʰoke"", -22.9844], [""awis"", -23.3528], [""maw"", -23.3601], [""napʰotʰ"", -23.5516], [""sialkʰwis"", -23.6468]]"
asi	tis	-9.3632	"[[""tis"", -9.3632], [""pʰoke"", -9.5747], [""heloke"", -9.7311], [""rom"", -10.052], [""awis"", -10.972], [""siasi"", -12.7555], [""siwai"", -12.7953], [""epteziu"", -13.1086], [""aker"", -13.1505], [""arai"", -13.4387]]"
asii	heloke	-9.6893	"[[""heloke"", -9.6893], [""pʰoke"", -9.7321], [""tis"", -12.5757], [""rom"", -13.2567], [""awis"", -14.4476], [""epteziu"", -15.0452], [""aker"", -15.4549], [""siasi"", -15.5581], [""siwai"", -15.5884], [""hulaies"", -15.7427]]"
asiip	heloke	-13.1239	"[[""heloke"", -13.1239], [""pʰoke"", -13.2289], [""rom"", -13.8934], [""tis"", -15.8501], [""marasm"", -17.6262], [""epteziu"", -17.6791], [""awis"", -17.9215], [""napʰotʰ"", -18.0803], [""maw"", -18.1158], [""serunaitʰ"", -18.2423]]"
asiipi	heloke	-14.4679	"[[""heloke"", -14.4679], [""pʰoke"", -14.8559], [""rom"", -17.386], [""tis"", -19.164], [""epteziu"", -20.3515], [""serunaitʰ"", -20.5666], [""napʰotʰ"", -20.7186], [""maw"", -20.9489], [""marasm"", -21.1269], [""holaiesi"", -21.2188]]"
asiipin	heloke	-17.9572	"[[""heloke"", -17.9572], [""pʰoke"", -18.36], [""rom"", -20.8783], [""tis"", -22.5055], [""serunaitʰ"", -23.136], [""epteziu"", -23.2245], [""napʰotʰ"", -23.5516], [""maw"", -24.0474], [""holaiesi"", -24.2332], [""hulaies"", -24.2478]]"
asiipina	heloke	-21.4411	"[[""heloke"", -21.4411], [""pʰoke"", -21.8626], [""aker"", -22.8293], [""rom"", -24.3578], [""maw"", -24.6354], [""serunaitʰ"", -25.6834], [""tis"", -25.8672], [""epteziu"", -26.2355], [""napʰotʰ"", -26.5067], [""siwai"", -26.6179]]"
asiipinam	heloke	-24.9196	"[[""heloke"", -24.9196], [""pʰoke"", -25.3634], [""aker"", -26.3356], [""rom"", -27.8373], [""serunaitʰ"", -28.0532], [""maw"", -28.1245], [""tis"", -29.2446], [""epteziu"", -29.3383], [""siwai"", -29.5124], [""napʰotʰ"", -29.5459]]"
asiipinama	heloke	-28.3928	"[[""heloke"", -28.3928], [""pʰoke"", -28.8623], [""aker"", -29.1528], [""serunaitʰ"", -30.5101], [""maw"", -30.7196], [""rom"", -31.305], [""siwai"", -32.3201], [""epteziu"", -32.505], [""tis"", -32.6343], [""napʰotʰ"", -32.6464]]"
asir	tis	-10.4003	"[[""tis"", -10.4003], [""siasi"", -11.5716], [""siwai"", -11.8769], [""heloke"", -12.5267], [""pʰoke"", -12.9226], [""rom"", -13.2567], [""arai"", -13.3181], [""epteziu"", -13.6302], [""holaiesi"", -13.7126], [""awis"", -13.8083]]"
asiru	heloke	-13.1784	"[[""heloke"", -13.1784], [""tis"", -13.258], [""siasi"", -14.7698], [""siwai"", -14.9844], [""pʰoke"", -15.0014], [""serunaitʰ"", -15.9781], [""epteziu"", -16.4442], [""rom"", -16.5263], [""arai"", -16.8149], [""awis"", -16.9172]]"
asirut	heloke	-16.0134	"[[""heloke"", -16.0134], [""tis"", -16.375], [""rom"", -17.1795], [""pʰoke"", -17.9214], [""siasi"", -17.9411], [""siwai"", -18.0895], [""serunaitʰ"", -18.6616], [""sialkʰwis"", -19.0233], [""epteziu"", -19.5287], [""awis"", -20.14]]"
asirute	heloke	-19.1164	"[[""heloke"", -19.1164], [""tis"", -19.6025], [""rom"", -20.6748], [""pʰoke"", -21.0427], [""siasi"", -21.1248], [""siwai"", -21.2299], [""sialkʰwis"", -21.4061], [""serunaitʰ"", -21.5654], [""epteziu"", -22.7265], [""awis"", -23.4258]]"
asis	tis	-9.7098	"[[""tis"", -9.7098], [""hulaies"", -10.4116], [""heloke"", -12.5261], [""pʰoke"", -12.9119], [""awis"", -13.0754], [""siasi"", -13.1764], [""rom"", -13.2567], [""holaiesi"", -13.86], [""epteziu"", -14.8995], [""maras"", -15.1707]]"
asisi	heloke	-12.1324	"[[""heloke"", -12.1324], [""pʰoke"", -12.1787], [""tis"", -13.1893], [""hulaies"", -13.912], [""epteziu"", -15.2707], [""napʰotʰ"", -15.3478], [""serunaitʰ"", -15.6382], [""siasi"", -15.9979], [""rom"", -16.5263], [""awis"", -16.5747]]"
asisir	siasi	-13.2712	"[[""siasi"", -13.2712], [""holaiesi"", -13.9087], [""heloke"", -15.5987], [""pʰoke"", -15.6784], [""epteziu"", -15.8287], [""tis"", -16.0598], [""hulaies"", -17.3902], [""siwai"", -17.5767], [""serunaitʰ"", -17.8994], [""napʰotʰ"", -18.1358]]"
ata	rom	-8.1256	"[[""rom"", -8.1256], [""maw"", -8.1862], [""maras"", -11.5916], [""aker"", -12.5541], [""arai"", -12.8218], [""awis"", -12.8365], [""siwai"", -13.8611], [""ziwai"", -13.8611], [""aomai"", -13.8721], [""marasm"", -13.9349]]"
atai	rom	-11.5386	"[[""rom"", -11.5386], [""maw"", -11.6423], [""pʰoke"", -14.2467], [""maras"", -14.3918], [""aker"", -15.4813], [""arai"", -15.807], [""awis"", -15.8217], [""marasm"", -16.5993], [""siwai"", -16.6759], [""ziwai"", -16.6759]]"
ataiΘ	rom	-14.9575	"[[""rom"", -14.9575], [""maw"", -15.0995], [""maras"", -17.4619], [""pʰoke"", -17.7485], [""aker"", -18.6202], [""arai"", -18.9603], [""awis"", -18.9749], [""marasm"", -19.4757], [""siwai"", -19.7648], [""ziwai"", -19.7648]]"
ataiΘu	rom	-18.3815	"[[""rom"", -18.3815], [""maw"", -18.5577], [""maras"", -20.6456], [""pʰoke"", -21.1416], [""aker"", -21.509], [""heloke"", -22.1574], [""arai"", -22.1968], [""awis"", -22.2113], [""marasm"", -22.4849], [""siwai"", -22.9677]]"
ataiΘuj	rom	-21.8099	"[[""rom"", -21.8099], [""maw"", -22.017], [""maras"", -23.8922], [""pʰoke"", -24.543], [""aker"", -24.63], [""heloke"", -25.0404], [""arai"", -25.483], [""awis"", -25.4974], [""marasm"", -25.581], [""siwai"", -26.2333]]"
ataiΘuja	maw	-23.8667	"[[""maw"", -23.8667], [""aker"", -23.9169], [""rom"", -25.2122], [""maras"", -26.6553], [""pʰoke"", -27.9506], [""heloke"", -28.1605], [""marasm"", -28.5613], [""arai"", -28.573], [""awis"", -28.5875], [""sialkʰwis"", -28.5955]]"
ataiΘw	rom	-18.3815	"[[""rom"", -18.3815], [""maw"", -18.5577], [""murinail"", -20.1479], [""morinail"", -20.1479], [""maras"", -20.6456], [""pʰoke"", -21.247], [""aker"", -21.8561], [""arai"", -22.1968], [""heloke"", -22.2016], [""awis"", -22.2113]]"
ataiΘwa	maw	-20.5117	"[[""maw"", -20.5117], [""aker"", -20.5246], [""rom"", -21.7774], [""maras"", -23.3519], [""murinail"", -23.5915], [""morinail"", -23.5915], [""heloke"", -24.7249], [""pʰoke"", -24.7412], [""arai"", -25.2419], [""awis"", -25.2566]]"
ataiΘwae	maw	-24.009	"[[""maw"", -24.009], [""aker"", -24.0308], [""rom"", -25.1821], [""maras"", -26.4065], [""murinail"", -27.0078], [""morinail"", -27.0078], [""heloke"", -27.5694], [""pʰoke"", -28.2302], [""marasm"", -28.3419], [""arai"", -28.4254]]"
ataiΘwaea	maw	-26.7815	"[[""maw"", -26.7815], [""aker"", -26.8461], [""rom"", -28.5682], [""maras"", -29.3551], [""murinail"", -30.4002], [""morinail"", -30.4002], [""heloke"", -30.5767], [""marasm"", -31.3058], [""arai"", -31.5375], [""awis"", -31.5524]]"
ataiΘwaead	maw	-30.2842	"[[""maw"", -30.2842], [""aker"", -30.3532], [""heloke"", -30.7487], [""rom"", -31.0541], [""ewistʰuo"", -31.7909], [""maras"", -32.4965], [""tawarsiu"", -32.8432], [""tawarzio"", -32.8432], [""napʰotʰ"", -32.8957], [""epteziu"", -33.5644]]"
ataiΘwaj	maw	-24.009	"[[""maw"", -24.009], [""aker"", -24.0308], [""rom"", -25.1821], [""maras"", -26.4065], [""murinail"", -27.0078], [""morinail"", -27.0078], [""heloke"", -27.5694], [""pʰoke"", -28.2302], [""marasm"", -28.3419], [""arai"", -28.4254]]"
ataiΘwaja	maw	-26.7815	"[[""maw"", -26.7815], [""aker"", -26.8461], [""rom"", -28.5682], [""maras"", -29.3551], [""murinail"", -30.4002], [""morinail"", -30.4002], [""heloke"", -30.5767], [""marasm"", -31.3058], [""arai"", -31.5375], [""awis"", -31.5524]]"
ataiΘwajaa	maw	-29.8231	"[[""maw"", -29.8231], [""aker"", -29.947], [""rom"", -31.9423], [""maras"", -32.3414], [""heloke"", -33.6824], [""murinail"", -33.772], [""morinail"", -33.772], [""napʰotʰ"", -34.2561], [""marasm"", -34.2825], [""ewistʰuo"", -34.4981]]"
ataiΘwajaj	maw	-30.2842	"[[""maw"", -30.2842], [""aker"", -30.3532], [""rom"", -31.9649], [""maras"", -32.4965], [""heloke"", -33.6824], [""murinail"", -33.7736], [""morinail"", -33.7736], [""napʰotʰ"", -34.2561], [""marasm"", -34.3433], [""ewistʰuo"", -34.508]]"
ataiΘwajas	maras	-29.3201	"[[""maras"", -29.3201], [""maw"", -30.2842], [""aker"", -30.3532], [""awis"", -31.5531], [""rom"", -31.9649], [""tis"", -32.6138], [""tawarsiu"", -32.6624], [""marasm"", -32.6644], [""sialkʰwis"", -32.8168], [""ewistʰuo"", -32.9391]]"
ataiΘwajat	rom	-29.8092	"[[""rom"", -29.8092], [""marasm"", -30.0347], [""maw"", -30.28], [""aker"", -30.3532], [""maras"", -32.4952], [""heloke"", -33.6824], [""murinail"", -33.7736], [""morinail"", -33.7736], [""napʰotʰ"", -34.2561], [""ewistʰuo"", -34.508]]"
ate	rom	-8.1735	"[[""rom"", -8.1735], [""maw"", -10.4533], [""arai"", -13.4387], [""awis"", -13.4525], [""maras"", -13.4645], [""aomai"", -13.8721], [""marasm"", -14.6697], [""tis"", -14.7934], [""aker"", -15.4764], [""pʰoke"", -16.4844]]"
ati	rom	-8.1735	"[[""rom"", -8.1735], [""maw"", -10.4533], [""pʰoke"", -11.5993], [""aker"", -13.1505], [""arai"", -13.4387], [""awis"", -13.4525], [""maras"", -13.4645], [""aomai"", -13.8721], [""heloke"", -14.5495], [""marasm"", -14.6697]]"
atiΘ	rom	-11.6288	"[[""rom"", -11.6288], [""maw"", -13.5457], [""pʰoke"", -15.0985], [""aker"", -15.9822], [""maras"", -16.2627], [""arai"", -16.6138], [""awis"", -16.6272], [""aomai"", -16.9519], [""marasm"", -17.7227], [""heloke"", -17.7465]]"
atiΘw	rom	-15.0854	"[[""rom"", -15.0854], [""maw"", -16.7533], [""pʰoke"", -18.5919], [""heloke"", -19.032], [""murinail"", -19.0725], [""morinail"", -19.0725], [""aker"", -19.0841], [""maras"", -19.238], [""arai"", -19.8539], [""awis"", -19.8669]]"
atiΘwa	maw	-17.4002	"[[""maw"", -17.4002], [""aker"", -17.4319], [""rom"", -18.502], [""maras"", -20.7136], [""heloke"", -21.5219], [""pʰoke"", -22.0778], [""murinail"", -22.4528], [""morinail"", -22.4528], [""arai"", -22.5782], [""awis"", -22.5922]]"
atiΘwaj	maw	-20.8927	"[[""maw"", -20.8927], [""aker"", -20.938], [""rom"", -21.9239], [""maras"", -23.5749], [""heloke"", -24.3568], [""pʰoke"", -25.5543], [""arai"", -25.6385], [""awis"", -25.6527], [""murinail"", -25.7775], [""morinail"", -25.7775]]"
atiΘwaja	maw	-23.5333	"[[""maw"", -23.5333], [""aker"", -23.7508], [""rom"", -25.317], [""maras"", -26.33], [""heloke"", -27.3602], [""napʰotʰ"", -28.2954], [""ewistʰuo"", -28.4615], [""marasm"", -28.5137], [""arai"", -28.5933], [""awis"", -28.6078]]"
atu	rom	-8.1735	"[[""rom"", -8.1735], [""maw"", -10.4533], [""aker"", -12.8308], [""arai"", -13.4387], [""awis"", -13.4525], [""maras"", -13.4645], [""aomai"", -13.8721], [""pʰoke"", -14.6178], [""marasm"", -14.6697], [""tis"", -14.7934]]"
atur	rom	-11.6288	"[[""rom"", -11.6288], [""arai"", -13.3181], [""maw"", -13.5457], [""aomai"", -13.7215], [""awis"", -14.4394], [""siwai"", -15.318], [""ziwai"", -15.318], [""ziazi"", -15.5005], [""siasi"", -15.5005], [""aker"", -15.6443]]"
aturu	rom	-15.0854	"[[""rom"", -15.0854], [""maw"", -16.7533], [""arai"", -16.8149], [""aomai"", -17.2152], [""awis"", -17.294], [""aker"", -18.3221], [""siwai"", -18.7675], [""ziwai"", -18.7675], [""tis"", -18.8406], [""ziazi"", -18.9408]]"
aturus	awis	-14.5502	"[[""awis"", -14.5502], [""tis"", -16.1028], [""rom"", -18.5431], [""maras"", -18.6298], [""sialkʰwis"", -19.4668], [""maw"", -20.0246], [""arai"", -20.3109], [""aomai"", -20.7084], [""ewistʰuo"", -21.1654], [""aker"", -21.3709]]"
aturusa	awis	-18.0572	"[[""awis"", -18.0572], [""tis"", -19.6025], [""maw"", -20.6891], [""rom"", -21.9627], [""aker"", -22.0108], [""maras"", -22.0114], [""sialkʰwis"", -22.289], [""ewistʰuo"", -22.7297], [""siwai"", -23.4286], [""ziwai"", -23.6475]]"
aturusai	awis	-21.5642	"[[""awis"", -21.5642], [""pʰoke"", -23.0221], [""tis"", -23.102], [""maw"", -24.1843], [""aker"", -25.0071], [""heloke"", -25.0188], [""ewistʰuo"", -25.2107], [""sialkʰwis"", -25.3808], [""rom"", -25.3873], [""maras"", -25.4026]]"
aturusaid	awis	-25.0712	"[[""awis"", -25.0712], [""ewistʰuo"", -25.1605], [""pʰoke"", -26.1689], [""tis"", -26.6013], [""epteziu"", -26.8951], [""maw"", -27.6794], [""heloke"", -27.8268], [""rom"", -28.0895], [""aker"", -28.178], [""sialkʰwis"", -28.5852]]"
aturusaida	aker	-26.6353	"[[""aker"", -26.6353], [""ewistʰuo"", -28.3835], [""awis"", -28.578], [""pʰoke"", -29.4038], [""tis"", -30.1006], [""maw"", -30.2878], [""epteziu"", -30.3924], [""heloke"", -30.8985], [""napʰotʰ"", -31.1262], [""rom"", -31.1465]]"
aun	rom	-10.052	"[[""rom"", -10.052], [""aker"", -12.5473], [""arai"", -13.4387], [""awis"", -13.4525], [""maw"", -14.0739], [""tis"", -14.7934], [""pʰoke"", -14.9892], [""heloke"", -16.5158], [""maras"", -16.524], [""siwai"", -16.533]]"
auna	rom	-13.044	"[[""rom"", -13.044], [""aker"", -13.1422], [""maw"", -13.525], [""arai"", -16.0175], [""awis"", -16.032], [""maras"", -16.9349], [""siwai"", -16.9501], [""ziwai"", -16.9501], [""sialkʰwis"", -17.3607], [""tis"", -17.8279]]"
aunak	rom	-16.205	"[[""rom"", -16.205], [""aker"", -16.6208], [""maw"", -17.0268], [""arai"", -19.0362], [""awis"", -19.0507], [""tawarzio"", -19.182], [""ziwai"", -19.5046], [""maras"", -19.7544], [""siwai"", -19.7697], [""sialkʰwis"", -20.1589]]"
aunaka	aker	-19.0838	"[[""aker"", -19.0838], [""rom"", -19.3504], [""maw"", -19.5548], [""ziwai"", -21.2037], [""arai"", -21.9474], [""awis"", -21.9622], [""tawarzio"", -21.9724], [""maras"", -22.4247], [""siwai"", -22.4401], [""sialkʰwis"", -22.5722]]"
aunakan	aker	-22.5808	"[[""aker"", -22.5808], [""rom"", -22.5864], [""maw"", -23.0597], [""ziwai"", -24.0682], [""tawarzio"", -25.0495], [""arai"", -25.0734], [""awis"", -25.0882], [""maras"", -25.4716], [""siwai"", -25.487], [""sialkʰwis"", -25.557]]"
aunakana	aker	-25.4051	"[[""aker"", -25.4051], [""rom"", -25.8195], [""maw"", -25.9295], [""ziwai"", -26.6521], [""arai"", -28.1527], [""awis"", -28.1677], [""tawarzio"", -28.2294], [""sialkʰwis"", -28.4122], [""maras"", -28.4534], [""siwai"", -28.4689]]"
aut	rom	-7.5598	"[[""rom"", -7.5598], [""maw"", -11.1337], [""aker"", -12.5473], [""arai"", -13.4387], [""awis"", -13.4525], [""aomai"", -13.8861], [""marasm"", -14.2187], [""maras"", -14.4975], [""tis"", -14.7934], [""pʰoke"", -14.9892]]"
auti	rom	-11.039	"[[""rom"", -11.039], [""pʰoke"", -12.2755], [""aker"", -13.1991], [""heloke"", -13.8277], [""maw"", -13.9536], [""arai"", -16.6138], [""awis"", -16.6272], [""aomai"", -16.6877], [""maras"", -16.9444], [""marasm"", -17.5515]]"
autin	rom	-14.5182	"[[""rom"", -14.5182], [""pʰoke"", -15.782], [""aker"", -16.0426], [""maw"", -17.0475], [""heloke"", -17.3279], [""maras"", -19.7522], [""aomai"", -19.7721], [""arai"", -19.8539], [""awis"", -19.8669], [""marasm"", -20.7844]]"
autinu	rom	-17.9975	"[[""rom"", -17.9975], [""aker"", -19.1269], [""pʰoke"", -19.2724], [""maw"", -20.2558], [""heloke"", -20.6304], [""maras"", -22.7319], [""aomai"", -22.9727], [""arai"", -23.1355], [""awis"", -23.148], [""marasm"", -23.9557]]"
autinui	heloke	-18.843	"[[""heloke"", -18.843], [""pʰoke"", -19.797], [""rom"", -21.4767], [""aker"", -21.7], [""maw"", -23.5276], [""maras"", -25.8133], [""epteziu"", -26.0244], [""aomai"", -26.2369], [""arai"", -26.4457], [""awis"", -26.4579]]"
autinuin	heloke	-22.3501	"[[""heloke"", -22.3501], [""pʰoke"", -23.3042], [""aker"", -24.7332], [""rom"", -24.956], [""maw"", -26.8396], [""epteziu"", -28.4908], [""maras"", -28.9622], [""aomai"", -29.5413], [""arai"", -29.7771], [""awis"", -29.789]]"
autinuina	aker	-22.9078	"[[""aker"", -22.9078], [""heloke"", -25.8571], [""pʰoke"", -26.8113], [""maw"", -27.514], [""rom"", -28.4133], [""maras"", -30.7642], [""sialkʰwis"", -31.2519], [""epteziu"", -31.3172], [""arai"", -32.6209], [""awis"", -32.6341]]"
autinuinai	aker	-26.4127	"[[""aker"", -26.4127], [""heloke"", -28.6646], [""pʰoke"", -29.6194], [""maw"", -31.0111], [""rom"", -31.8718], [""maras"", -33.6558], [""sialkʰwis"", -34.0563], [""epteziu"", -34.0676], [""ewistʰuo"", -35.5523], [""arai"", -35.7214]]"
awa	rom	-9.7735	"[[""rom"", -9.7735], [""maw"", -10.4276], [""aker"", -12.5541], [""arai"", -12.8218], [""awis"", -12.8365], [""maras"", -13.8458], [""siwai"", -13.8611], [""ziwai"", -13.8611], [""tis"", -14.7934], [""napʰotʰ"", -14.8038]]"
awai	rom	-12.864	"[[""rom"", -12.864], [""heloke"", -13.1868], [""maw"", -13.9281], [""pʰoke"", -14.2467], [""aker"", -15.4813], [""arai"", -15.807], [""napʰotʰ"", -15.8189], [""awis"", -15.8217], [""hulaies"", -16.6071], [""holaiesi"", -16.659]]"
awaij	rom	-16.071	"[[""rom"", -16.071], [""heloke"", -16.6877], [""maw"", -17.4269], [""pʰoke"", -17.7485], [""napʰotʰ"", -17.8721], [""aker"", -18.6202], [""arai"", -18.9603], [""awis"", -18.9749], [""hulaies"", -19.435], [""holaiesi"", -19.4596]]"
awaija	aker	-17.0221	"[[""aker"", -17.0221], [""rom"", -19.2529], [""maw"", -19.6869], [""heloke"", -20.1857], [""napʰotʰ"", -20.3292], [""pʰoke"", -21.247], [""arai"", -21.9408], [""awis"", -21.9556], [""maras"", -22.4934], [""siwai"", -22.5088]]"
awaΦ	rom	-11.0383	"[[""rom"", -11.0383], [""napʰotʰ"", -13.8022], [""maw"", -13.9281], [""heloke"", -14.5751], [""pʰoke"", -15.5101], [""arai"", -15.807], [""awis"", -15.8217], [""aker"", -16.0274], [""maras"", -16.6606], [""siwai"", -16.6759]]"
aza	rom	-9.3726	"[[""rom"", -9.3726], [""maw"", -10.0206], [""aker"", -12.2498], [""arai"", -12.3377], [""awis"", -12.3407], [""maras"", -13.1806], [""siwai"", -13.1808], [""ziwai"", -13.1808], [""tis"", -14.7934], [""marasm"", -15.7242]]"
azaΦ	rom	-10.6344	"[[""rom"", -10.6344], [""maw"", -13.5236], [""arai"", -15.3612], [""awis"", -15.3649], [""tawarzio"", -15.3978], [""tawarsiu"", -15.3978], [""pʰoke"", -15.5101], [""aker"", -15.7321], [""maras"", -16.119], [""ziwai"", -16.1213]]"
azaΦn	rom	-13.5029	"[[""rom"", -13.5029], [""maw"", -17.0255], [""pʰoke"", -18.3121], [""arai"", -18.5333], [""awis"", -18.5374], [""tawarzio"", -18.8934], [""tawarsiu"", -18.8934], [""aker"", -19.2077], [""maras"", -19.2555], [""siwai"", -19.2586]]"
azaΦni	rom	-16.6235	"[[""rom"", -16.6235], [""pʰoke"", -18.1711], [""maw"", -20.5262], [""heloke"", -21.5319], [""arai"", -21.7817], [""awis"", -21.7859], [""aker"", -22.0569], [""tawarzio"", -22.3839], [""tawarsiu"", -22.3839], [""maras"", -22.4845]]"
aΦn	rom	-7.6144	"[[""rom"", -7.6144], [""pʰoke"", -12.881], [""arai"", -13.4387], [""awis"", -13.4525], [""maw"", -14.0739], [""tis"", -14.7934], [""aker"", -15.4764], [""aomai"", -15.5536], [""heloke"", -16.2382], [""napʰotʰ"", -16.3491]]"
aΦni	rom	-10.7256	"[[""rom"", -10.7256], [""pʰoke"", -12.6736], [""heloke"", -16.0148], [""aker"", -16.2347], [""arai"", -16.6138], [""awis"", -16.6272], [""maw"", -17.3235], [""tis"", -17.8279], [""aomai"", -18.3677], [""napʰotʰ"", -18.8693]]"
daa	maw	-10.0399	"[[""maw"", -10.0399], [""rom"", -10.0427], [""aker"", -12.2524], [""arai"", -12.6829], [""awis"", -12.6978], [""maras"", -13.2011], [""siwai"", -13.2166], [""ziwai"", -13.2166], [""tis"", -14.7934], [""aomai"", -15.5495]]"
daau	rom	-13.0329	"[[""rom"", -13.0329], [""maw"", -13.5429], [""aker"", -15.2176], [""arai"", -15.6398], [""awis"", -15.6547], [""maras"", -16.1347], [""siwai"", -16.1502], [""ziwai"", -16.1502], [""pʰoke"", -16.9666], [""tis"", -17.8279]]"
dad	rom	-8.2736	"[[""rom"", -8.2736], [""maw"", -11.1215], [""pʰoke"", -12.6162], [""arai"", -13.1949], [""awis"", -13.2091], [""aker"", -13.4554], [""maras"", -13.8721], [""siwai"", -13.8874], [""ziwai"", -13.8874], [""tawarzio"", -14.5111]]"
dada	rom	-11.0896	"[[""rom"", -11.0896], [""maw"", -13.2519], [""aker"", -15.2648], [""pʰoke"", -15.419], [""arai"", -15.8149], [""awis"", -15.8296], [""maras"", -16.2876], [""siwai"", -16.3031], [""ziwai"", -16.3031], [""tis"", -17.8279]]"
dadau	rom	-14.1915	"[[""rom"", -14.1915], [""pʰoke"", -16.0763], [""maw"", -16.7552], [""aker"", -18.3349], [""arai"", -18.8451], [""awis"", -18.8599], [""maras"", -19.2721], [""siwai"", -19.2876], [""ziwai"", -19.2876], [""heloke"", -19.4421]]"
dadaut	rom	-12.5774	"[[""rom"", -12.5774], [""pʰoke"", -18.9198], [""marasm"", -19.9528], [""maw"", -20.0479], [""aomai"", -20.8919], [""aker"", -21.5298], [""arai"", -22.0202], [""awis"", -22.0349], [""heloke"", -22.285], [""maras"", -22.3652]]"
dadauti	rom	-16.0836	"[[""rom"", -16.0836], [""pʰoke"", -16.1614], [""heloke"", -19.5281], [""aker"", -22.7659], [""maw"", -23.3736], [""marasm"", -23.4529], [""aomai"", -23.7056], [""pʰokiasiale"", -25.0557], [""arai"", -25.2703], [""awis"", -25.2849]]"
dadautin	rom	-19.5897	"[[""rom"", -19.5897], [""pʰoke"", -19.6686], [""heloke"", -23.0352], [""aker"", -25.6333], [""maw"", -26.7231], [""aomai"", -26.7973], [""marasm"", -26.9502], [""zeronaitʰ"", -28.4118], [""serunaitʰ"", -28.4118], [""pʰokiasiale"", -28.5476]]"
dadautinu	rom	-23.0958	"[[""rom"", -23.0958], [""pʰoke"", -23.1749], [""heloke"", -26.5383], [""aker"", -28.7372], [""aomai"", -30.0045], [""maw"", -30.0904], [""marasm"", -30.444], [""zeronaitʰ"", -31.4302], [""serunaitʰ"", -31.4302], [""arai"", -31.8934]]"
dadautinui	pʰoke	-25.5692	"[[""pʰoke"", -25.5692], [""rom"", -26.6019], [""heloke"", -28.1864], [""aker"", -31.4691], [""pʰokiasiale"", -33.1921], [""aomai"", -33.2754], [""maw"", -33.4717], [""marasm"", -33.9341], [""zeronaitʰ"", -34.5113], [""serunaitʰ"", -34.5113]]"
daj	rom	-10.4256	"[[""rom"", -10.4256], [""maw"", -11.1215], [""arai"", -13.1949], [""awis"", -13.2091], [""aker"", -13.4554], [""maras"", -13.8721], [""siwai"", -13.8874], [""ziwai"", -13.8874], [""tis"", -14.7934], [""aomai"", -15.5495]]"
daja	rom	-13.2499	"[[""rom"", -13.2499], [""maw"", -13.2519], [""aker"", -15.2648], [""arai"", -15.8149], [""awis"", -15.8296], [""maras"", -16.2876], [""siwai"", -16.3031], [""ziwai"", -16.3031], [""tis"", -17.8279], [""aomai"", -18.515]]"
dajaj	rom	-16.3459	"[[""rom"", -16.3459], [""maw"", -16.7552], [""aker"", -18.7524], [""arai"", -18.8451], [""awis"", -18.8599], [""maras"", -19.2721], [""siwai"", -19.2876], [""ziwai"", -19.2876], [""tis"", -20.9547], [""marasm"", -21.4265]]"
dajaja	maw	-19.4441	"[[""maw"", -19.4441], [""rom"", -19.4464], [""aker"", -21.206], [""arai"", -21.8015], [""awis"", -21.8164], [""maras"", -22.1318], [""siwai"", -22.1473], [""ziwai"", -22.1473], [""tis"", -24.1427], [""marasm"", -24.2472]]"
dajas	awis	-15.759	"[[""awis"", -15.759], [""tis"", -15.8337], [""maras"", -16.1956], [""rom"", -16.3459], [""maw"", -16.7552], [""tawarsiu"", -17.7682], [""aker"", -18.7524], [""arai"", -18.8451], [""siwai"", -19.1158], [""hulaies"", -19.1209]]"
dam	rom	-10.4256	"[[""rom"", -10.4256], [""maw"", -11.1215], [""arai"", -13.1949], [""awis"", -13.2091], [""aker"", -13.4554], [""maras"", -13.8721], [""siwai"", -13.8874], [""ziwai"", -13.8874], [""tis"", -14.7934], [""aomai"", -15.5495]]"
dama	rom	-13.2499	"[[""rom"", -13.2499], [""maw"", -13.2519], [""aker"", -15.2648], [""arai"", -15.8149], [""awis"", -15.8296], [""maras"", -16.2876], [""siwai"", -16.3031], [""ziwai"", -16.3031], [""tis"", -17.8279], [""aomai"", -18.515]]"
damat	rom	-13.685	"[[""rom"", -13.685], [""maw"", -16.5443], [""marasm"", -16.9683], [""aomai"", -18.6089], [""aker"", -18.7524], [""arai"", -18.8451], [""awis"", -18.8599], [""maras"", -19.1839], [""siwai"", -19.2876], [""ziwai"", -19.2876]]"
damate	rom	-17.1691	"[[""rom"", -17.1691], [""maw"", -19.8699], [""marasm"", -20.4655], [""aomai"", -21.4242], [""arai"", -22.0202], [""awis"", -22.0349], [""aker"", -22.2357], [""maras"", -22.2457], [""siwai"", -22.4435], [""ziwai"", -22.4435]]"
das	tis	-9.3539	"[[""tis"", -9.3539], [""awis"", -10.2611], [""rom"", -10.4256], [""maras"", -10.8979], [""maw"", -11.1215], [""arai"", -13.1949], [""siwai"", -13.2229], [""hulaies"", -13.3928], [""aker"", -13.4554], [""siasi"", -13.7144]]"
dase	tis	-12.5757	"[[""tis"", -12.5757], [""rom"", -13.5183], [""awis"", -13.7413], [""maras"", -14.3791], [""maw"", -14.6143], [""pʰoke"", -15.5416], [""siwai"", -15.9039], [""siasi"", -16.172], [""arai"", -16.2719], [""ewistʰuo"", -16.5934]]"
daser	tis	-13.8789	"[[""tis"", -13.8789], [""siasi"", -14.7034], [""siwai"", -15.1965], [""arai"", -16.1806], [""aomai"", -16.6069], [""awis"", -16.6265], [""rom"", -16.7263], [""ziwai"", -16.8142], [""holaiesi"", -16.8234], [""tawarsiu"", -17.2842]]"
dasera	siwai	-14.6791	"[[""siwai"", -14.6791], [""tis"", -16.7502], [""siasi"", -17.9885], [""ziwai"", -19.4955], [""arai"", -19.6548], [""awis"", -19.7284], [""rom"", -19.8324], [""maw"", -19.8391], [""aomai"", -20.1119], [""tawarsiu"", -20.12]]"
daserat	siwai	-17.487	"[[""siwai"", -17.487], [""tis"", -19.872], [""rom"", -20.3617], [""siasi"", -21.2339], [""marasm"", -21.9128], [""ziwai"", -22.5456], [""awis"", -22.9474], [""arai"", -23.1288], [""maw"", -23.2006], [""tawarsiu"", -23.2228]]"
daserate	siwai	-20.5768	"[[""siwai"", -20.5768], [""tis"", -23.102], [""rom"", -23.8521], [""siasi"", -24.4724], [""marasm"", -25.4174], [""ziwai"", -25.7323], [""awis"", -26.2307], [""napʰotʰ"", -26.346], [""tawarsiu"", -26.437], [""pʰoke"", -26.4883]]"
dau	rom	-10.4256	"[[""rom"", -10.4256], [""maw"", -11.1215], [""aker"", -12.4492], [""arai"", -13.1949], [""awis"", -13.2091], [""maras"", -13.8721], [""siwai"", -13.8874], [""ziwai"", -13.8874], [""pʰoke"", -13.933], [""tis"", -14.7934]]"
daut	rom	-10.6875	"[[""rom"", -10.6875], [""maw"", -13.9612], [""marasm"", -14.5514], [""aomai"", -15.1729], [""aker"", -15.4357], [""arai"", -16.2719], [""awis"", -16.2859], [""maras"", -16.6875], [""pʰoke"", -16.7548], [""siwai"", -16.9671]]"
dauti	pʰoke	-14.0108	"[[""pʰoke"", -14.0108], [""rom"", -14.1752], [""heloke"", -16.1054], [""aker"", -16.2927], [""maw"", -17.0618], [""aomai"", -17.9819], [""marasm"", -18.0446], [""arai"", -19.4641], [""awis"", -19.4779], [""maras"", -19.6271]]"
dautin	pʰoke	-17.5178	"[[""pʰoke"", -17.5178], [""rom"", -17.6627], [""aker"", -19.143], [""heloke"", -19.61], [""maw"", -20.2733], [""aomai"", -21.0717], [""marasm"", -21.5288], [""maras"", -22.6676], [""arai"", -22.7199], [""awis"", -22.7335]]"
dautinu	pʰoke	-21.0203	"[[""pʰoke"", -21.0203], [""rom"", -21.1501], [""aker"", -22.2359], [""heloke"", -23.0363], [""maw"", -23.5468], [""aomai"", -24.2777], [""marasm"", -25.002], [""maras"", -25.7816], [""arai"", -26.0161], [""awis"", -26.0296]]"
dautinui	heloke	-22.1035	"[[""heloke"", -22.1035], [""pʰoke"", -22.5667], [""rom"", -24.6373], [""aker"", -24.8911], [""maw"", -26.8598], [""aomai"", -27.5476], [""marasm"", -28.4628], [""maras"", -28.95], [""arai"", -29.3404], [""awis"", -29.3536]]"
dautinuin	heloke	-25.6106	"[[""heloke"", -25.6106], [""pʰoke"", -26.0739], [""aker"", -27.9455], [""rom"", -28.1245], [""maw"", -30.2005], [""aomai"", -30.8582], [""marasm"", -31.9105], [""epteziu"", -31.9819], [""maras"", -32.1594], [""arai"", -32.6853]]"
dautinuina	aker	-26.1549	"[[""aker"", -26.1549], [""heloke"", -29.1177], [""pʰoke"", -29.5812], [""maw"", -31.0019], [""rom"", -31.5956], [""maras"", -34.1911], [""aomai"", -34.1968], [""sialkʰwis"", -34.2365], [""epteziu"", -34.812], [""marasm"", -35.2215]]"
daw	rom	-10.4256	"[[""rom"", -10.4256], [""maw"", -11.1215], [""murinail"", -11.6689], [""morinail"", -11.6689], [""arai"", -13.1949], [""awis"", -13.2091], [""aker"", -13.4554], [""maras"", -13.8721], [""siwai"", -13.8874], [""ziwai"", -13.8874]]"
dawa	rom	-13.2499	"[[""rom"", -13.2499], [""maw"", -13.2519], [""murinail"", -15.0517], [""morinail"", -15.0517], [""aker"", -15.2648], [""arai"", -15.8149], [""awis"", -15.8296], [""maras"", -16.2876], [""siwai"", -16.3031], [""ziwai"", -16.3031]]"
dawai	heloke	-16.0024	"[[""heloke"", -16.0024], [""rom"", -16.3459], [""maw"", -16.7552], [""pʰoke"", -17.0587], [""hulaies"", -17.2694], [""holaiesi"", -17.3213], [""aker"", -18.3824], [""murinail"", -18.3911], [""morinail"", -18.3911], [""arai"", -18.8451]]"
dawaij	heloke	-19.5046	"[[""heloke"", -19.5046], [""rom"", -19.5559], [""hulaies"", -20.0976], [""holaiesi"", -20.122], [""maw"", -20.2577], [""pʰoke"", -20.5616], [""napʰotʰ"", -21.3629], [""aker"", -21.6079], [""morinail"", -21.7038], [""murinail"", -21.7038]]"
dawaija	aker	-20.2295	"[[""aker"", -20.2295], [""rom"", -22.7414], [""maw"", -22.8366], [""heloke"", -23.0048], [""hulaies"", -23.1982], [""holaiesi"", -23.2083], [""napʰotʰ"", -23.826], [""pʰoke"", -24.0624], [""murinail"", -25.0021], [""morinail"", -25.0021]]"
dij	pʰoke	-12.7166	"[[""pʰoke"", -12.7166], [""aker"", -13.1567], [""rom"", -13.3559], [""maw"", -14.7934], [""tis"", -14.7934], [""heloke"", -15.0558], [""arai"", -15.5419], [""awis"", -15.5419], [""aomai"", -15.5495], [""epteziu"", -15.8233]]"
dija	aker	-11.1128	"[[""aker"", -11.1128], [""maw"", -13.5339], [""rom"", -14.5477], [""pʰoke"", -16.1933], [""arai"", -16.65], [""awis"", -16.6633], [""maras"", -16.9707], [""siwai"", -16.9858], [""ziwai"", -16.9858], [""ewistʰuo"", -17.5715]]"
dik	epteziu	-12.3129	"[[""epteziu"", -12.3129], [""pʰoke"", -12.7166], [""aker"", -13.1567], [""rom"", -13.3559], [""ziazi"", -13.7144], [""ziwai"", -13.9139], [""tis"", -14.7934], [""maw"", -14.7934], [""heloke"", -15.0558], [""arai"", -15.5419]]"
diki	pʰoke	-14.0715	"[[""pʰoke"", -14.0715], [""epteziu"", -14.7859], [""heloke"", -14.8891], [""aker"", -15.6025], [""ziazi"", -16.172], [""ziwai"", -16.3072], [""rom"", -16.5289], [""maw"", -17.8279], [""tis"", -17.8279], [""ewistʰuo"", -18.486]]"
dikit	rom	-15.1724	"[[""rom"", -15.1724], [""pʰoke"", -17.5738], [""epteziu"", -17.6276], [""maw"", -18.1423], [""heloke"", -18.3566], [""aker"", -18.6032], [""aomai"", -18.6089], [""ziazi"", -18.9976], [""ziwai"", -19.0984], [""zeronaitʰ"", -19.9498]]"
dikite	rom	-18.6779	"[[""rom"", -18.6779], [""epteziu"", -20.6366], [""maw"", -20.9623], [""pʰoke"", -21.0733], [""aomai"", -21.4242], [""aker"", -21.7733], [""heloke"", -21.8095], [""zeronaitʰ"", -21.9356], [""ziazi"", -21.991], [""ziwai"", -22.0705]]"
dikites	rom	-22.1833	"[[""rom"", -22.1833], [""hulaies"", -22.3625], [""tis"", -22.4864], [""maras"", -23.1705], [""epteziu"", -23.5592], [""zeronaitʰ"", -23.7645], [""maw"", -24.0563], [""awis"", -24.1206], [""aomai"", -24.5162], [""pʰoke"", -24.5367]]"
dikitesi	zeronaitʰ	-23.8759	"[[""zeronaitʰ"", -23.8759], [""epteziu"", -24.8014], [""rom"", -25.6885], [""pʰoke"", -25.8138], [""hulaies"", -25.8617], [""tis"", -25.8672], [""heloke"", -25.9715], [""ewistʰuo"", -26.5583], [""maras"", -26.6595], [""maw"", -27.2648]]"
dikitesir	epteziu	-25.418	"[[""epteziu"", -25.418], [""holaiesi"", -25.8583], [""zeronaitʰ"", -26.5538], [""siasi"", -27.47], [""ziazi"", -27.5363], [""aomai"", -27.6592], [""ziwai"", -27.6958], [""tis"", -27.7942], [""ewistʰuo"", -29.0368], [""rom"", -29.1935]]"
dikitesira	epteziu	-28.236	"[[""epteziu"", -28.236], [""ziwai"", -28.6418], [""siwai"", -28.7089], [""holaiesi"", -29.3651], [""zeronaitʰ"", -29.4574], [""aker"", -29.7271], [""tis"", -30.7173], [""siasi"", -30.9092], [""ziazi"", -30.9683], [""aomai"", -31.1596]]"
dikitet	rom	-21.4433	"[[""rom"", -21.4433], [""epteziu"", -23.7432], [""maw"", -23.7846], [""aomai"", -24.2172], [""zeronaitʰ"", -24.3565], [""marasm"", -24.5676], [""pʰoke"", -24.5692], [""aker"", -25.0268], [""ziazi"", -25.0827], [""ziwai"", -25.1477]]"
dikitete	rom	-24.95	"[[""rom"", -24.95], [""maw"", -26.8799], [""epteziu"", -26.914], [""zeronaitʰ"", -27.0089], [""aomai"", -27.3024], [""marasm"", -28.0552], [""pʰoke"", -28.0606], [""ziazi"", -28.2395], [""ziwai"", -28.2941], [""aker"", -28.33]]"
dikiteter	aomai	-27.259	"[[""aomai"", -27.259], [""ziazi"", -27.5363], [""ziwai"", -27.6958], [""zeronaitʰ"", -28.358], [""rom"", -28.4567], [""epteziu"", -28.4979], [""maw"", -30.0894], [""arai"", -30.6172], [""holaiesi"", -31.0835], [""siasi"", -31.1548]]"
dikitetere	zeronaitʰ	-30.6536	"[[""zeronaitʰ"", -30.6536], [""aomai"", -30.7567], [""ziazi"", -30.9683], [""ziwai"", -31.1154], [""epteziu"", -31.3844], [""rom"", -31.9632], [""maw"", -33.3621], [""arai"", -34.1198], [""ewistʰuo"", -34.4174], [""holaiesi"", -34.5715]]"
dikitu	rom	-18.6779	"[[""rom"", -18.6779], [""epteziu"", -20.6366], [""maw"", -20.9623], [""pʰoke"", -20.9701], [""heloke"", -21.0557], [""aomai"", -21.4242], [""aker"", -21.4498], [""zeronaitʰ"", -21.9356], [""ziazi"", -21.991], [""ziwai"", -22.0705]]"
dikituj	rom	-22.1833	"[[""rom"", -22.1833], [""epteziu"", -23.7432], [""maw"", -24.0563], [""heloke"", -24.1174], [""zeronaitʰ"", -24.3565], [""pʰoke"", -24.3745], [""aomai"", -24.5162], [""aker"", -24.5562], [""ziazi"", -25.0827], [""ziwai"", -25.1477]]"
dikituja	aker	-23.6631	"[[""aker"", -23.6631], [""maw"", -24.6359], [""rom"", -25.6418], [""zeronaitʰ"", -26.8199], [""ziwai"", -26.8259], [""epteziu"", -26.914], [""heloke"", -27.3138], [""aomai"", -27.7233], [""pʰoke"", -27.7853], [""maras"", -27.9822]]"
dikitujas	aker	-27.167	"[[""aker"", -27.167], [""maras"", -27.8125], [""zeronaitʰ"", -28.0722], [""maw"", -28.1249], [""sialkʰwis"", -28.4157], [""rom"", -29.1012], [""tis"", -29.2244], [""hulaies"", -29.3316], [""awis"", -29.6584], [""ziwai"", -29.7046]]"
ead	rom	-8.2783	"[[""rom"", -8.2783], [""maw"", -11.1215], [""pʰoke"", -12.6278], [""arai"", -13.1949], [""awis"", -13.2091], [""aker"", -13.4554], [""maras"", -13.8721], [""siwai"", -13.8874], [""ziwai"", -13.8874], [""tawarzio"", -14.5111]]"
eadi	rom	-11.1204	"[[""rom"", -11.1204], [""pʰoke"", -12.4389], [""maw"", -14.6143], [""heloke"", -15.7931], [""aker"", -15.885], [""arai"", -16.2719], [""awis"", -16.2859], [""maras"", -16.9519], [""siwai"", -16.9671], [""ziwai"", -16.9671]]"
eadik	rom	-14.2317	"[[""rom"", -14.2317], [""pʰoke"", -15.9206], [""maw"", -18.1039], [""epteziu"", -18.1112], [""aker"", -18.8812], [""heloke"", -19.2292], [""arai"", -19.4641], [""awis"", -19.4779], [""ziwai"", -19.7914], [""tawarzio"", -19.9198]]"
eadiki	rom	-17.456	"[[""rom"", -17.456], [""pʰoke"", -18.0811], [""heloke"", -20.6885], [""epteziu"", -20.8044], [""maw"", -21.5905], [""aker"", -21.6712], [""zeronaitʰ"", -22.6575], [""serunaitʰ"", -22.679], [""ziwai"", -22.6887], [""arai"", -22.7199]]"
eadikit	rom	-16.0874	"[[""rom"", -16.0874], [""pʰoke"", -21.5818], [""epteziu"", -23.7941], [""marasm"", -24.0833], [""heloke"", -24.1722], [""maw"", -24.4515], [""aomai"", -24.6314], [""aker"", -24.7638], [""zeronaitʰ"", -25.2824], [""serunaitʰ"", -25.4812]]"
eadikite	rom	-19.5936	"[[""rom"", -19.5936], [""pʰoke"", -25.0822], [""epteziu"", -26.9105], [""aomai"", -27.4486], [""maw"", -27.5597], [""marasm"", -27.5832], [""heloke"", -27.6481], [""zeronaitʰ"", -27.9585], [""aker"", -27.9777], [""serunaitʰ"", -28.4114]]"
eadikitet	rom	-22.4115	"[[""rom"", -22.4115], [""pʰoke"", -28.5821], [""marasm"", -30.0008], [""epteziu"", -30.0991], [""aomai"", -30.2587], [""maw"", -30.5666], [""zeronaitʰ"", -30.7134], [""heloke"", -31.1164], [""aker"", -31.2576], [""serunaitʰ"", -31.4282]]"
eadikitete	rom	-25.9187	"[[""rom"", -25.9187], [""pʰoke"", -32.0816], [""epteziu"", -33.3349], [""aomai"", -33.3498], [""marasm"", -33.5025], [""zeronaitʰ"", -33.5511], [""maw"", -33.7341], [""serunaitʰ"", -34.5079], [""heloke"", -34.5774], [""aker"", -34.5788]]"
edi	pʰoke	-9.8795	"[[""pʰoke"", -9.8795], [""rom"", -13.1294], [""aker"", -13.1567], [""heloke"", -13.2199], [""maw"", -14.7934], [""tis"", -14.7934], [""awis"", -15.5419], [""arai"", -15.5419], [""aomai"", -15.5536], [""napʰotʰ"", -16.3491]]"
edij	pʰoke	-13.3611	"[[""pʰoke"", -13.3611], [""aker"", -15.9854], [""rom"", -16.2188], [""heloke"", -16.6154], [""maw"", -17.8279], [""tis"", -17.8279], [""aomai"", -18.3677], [""arai"", -18.5167], [""awis"", -18.5167], [""napʰotʰ"", -18.8693]]"
edija	aker	-13.9304	"[[""aker"", -13.9304], [""maw"", -16.7419], [""pʰoke"", -16.8418], [""rom"", -17.9445], [""arai"", -19.9003], [""awis"", -19.9132], [""heloke"", -19.9791], [""maras"", -20.1689], [""siwai"", -20.1839], [""ziwai"", -20.1839]]"
eid	pʰoke	-12.0628	"[[""pʰoke"", -12.0628], [""epteziu"", -12.8044], [""aker"", -13.1567], [""rom"", -13.3559], [""heloke"", -13.6264], [""ewistʰuo"", -14.3274], [""maw"", -14.7934], [""tis"", -14.7934], [""arai"", -15.5419], [""awis"", -15.5419]]"
eida	aker	-11.1128	"[[""aker"", -11.1128], [""maw"", -13.5339], [""rom"", -14.4988], [""pʰoke"", -15.1092], [""epteziu"", -16.2403], [""heloke"", -16.4695], [""arai"", -16.65], [""awis"", -16.6633], [""maras"", -16.9707], [""siwai"", -16.9858]]"
eidaj	aker	-14.6188	"[[""aker"", -14.6188], [""maw"", -17.0357], [""rom"", -17.3478], [""pʰoke"", -18.291], [""ewistʰuo"", -19.2163], [""arai"", -19.4889], [""awis"", -19.5027], [""heloke"", -19.5538], [""epteziu"", -19.6352], [""maras"", -19.777]]"
eidaja	aker	-17.4282	"[[""aker"", -17.4282], [""maw"", -19.5581], [""rom"", -20.2029], [""pʰoke"", -21.5431], [""ewistʰuo"", -21.5593], [""arai"", -22.2269], [""awis"", -22.2414], [""maras"", -22.4365], [""siwai"", -22.4519], [""ziwai"", -22.4519]]"
eidajaj	aker	-20.9352	"[[""aker"", -20.9352], [""maw"", -23.063], [""rom"", -23.3101], [""ewistʰuo"", -24.096], [""pʰoke"", -24.8382], [""arai"", -25.2925], [""awis"", -25.3071], [""maras"", -25.4804], [""siwai"", -25.4958], [""ziwai"", -25.4958]]"
eidajaja	aker	-24.0284	"[[""aker"", -24.0284], [""maw"", -25.9312], [""rom"", -26.4211], [""ewistʰuo"", -26.7866], [""pʰoke"", -28.1619], [""arai"", -28.3133], [""awis"", -28.3282], [""maras"", -28.4595], [""siwai"", -28.4749], [""ziwai"", -28.4749]]"
eidi	pʰoke	-12.4202	"[[""pʰoke"", -12.4202], [""heloke"", -13.5517], [""epteziu"", -15.4641], [""aker"", -15.6025], [""rom"", -16.2188], [""ewistʰuo"", -17.4435], [""maw"", -17.8279], [""tis"", -17.8279], [""napʰotʰ"", -17.9546], [""arai"", -18.5167]]"
eij	pʰoke	-12.8754	"[[""pʰoke"", -12.8754], [""aker"", -13.1567], [""rom"", -14.7934], [""maw"", -14.7934], [""tis"", -14.7934], [""heloke"", -15.1025], [""arai"", -15.5419], [""awis"", -15.5419], [""epteziu"", -15.8233], [""ewistʰuo"", -16.5103]]"
eija	aker	-11.1128	"[[""aker"", -11.1128], [""maw"", -13.5339], [""rom"", -14.6534], [""pʰoke"", -16.352], [""arai"", -16.65], [""awis"", -16.6633], [""maras"", -16.9707], [""siwai"", -16.9858], [""ziwai"", -16.9858], [""ewistʰuo"", -17.5715]]"
eijas	aker	-14.6188	"[[""aker"", -14.6188], [""tis"", -15.8337], [""awis"", -16.4899], [""maras"", -16.7829], [""ewistʰuo"", -16.9182], [""maw"", -17.0357], [""rom"", -17.4657], [""epteziu"", -19.0452], [""tawarsiu"", -19.3189], [""hulaies"", -19.3944]]"
eijasa	ewistʰuo	-17.3588	"[[""ewistʰuo"", -17.3588], [""aker"", -17.4282], [""tis"", -19.164], [""maw"", -19.5581], [""awis"", -19.9427], [""serunaitʰ"", -20.1911], [""zeronaitʰ"", -20.1915], [""maras"", -20.2263], [""rom"", -20.2832], [""siwai"", -21.2072]]"
eijasas	ewistʰuo	-19.4592	"[[""ewistʰuo"", -19.4592], [""tis"", -20.1462], [""epteziu"", -20.9056], [""aker"", -20.9352], [""awis"", -21.9495], [""maras"", -22.1575], [""serunaitʰ"", -22.9472], [""zeronaitʰ"", -22.9527], [""tawarsiu"", -23.0405], [""maw"", -23.063]]"
eijasasa	ewistʰuo	-20.5858	"[[""ewistʰuo"", -20.5858], [""epteziu"", -23.3039], [""tis"", -23.628], [""aker"", -24.0284], [""napʰotʰ"", -24.4343], [""serunaitʰ"", -24.8424], [""zeronaitʰ"", -24.8979], [""awis"", -25.436], [""maras"", -25.6408], [""tawarsiu"", -25.8726]]"
eijasau	ewistʰuo	-19.7942	"[[""ewistʰuo"", -19.7942], [""aker"", -20.9295], [""tis"", -22.5171], [""pʰoke"", -22.9747], [""serunaitʰ"", -23.0049], [""zeronaitʰ"", -23.0063], [""maw"", -23.063], [""rom"", -23.3769], [""awis"", -23.3965], [""maras"", -23.6716]]"
eijasaun	ewistʰuo	-22.603	"[[""ewistʰuo"", -22.603], [""aker"", -24.4306], [""pʰoke"", -25.7831], [""tis"", -25.8874], [""serunaitʰ"", -26.0929], [""zeronaitʰ"", -26.0964], [""maw"", -26.5674], [""rom"", -26.5855], [""awis"", -26.8512], [""epteziu"", -26.9143]]"
eijasauna	ewistʰuo	-25.5857	"[[""ewistʰuo"", -25.5857], [""aker"", -27.4046], [""pʰoke"", -28.8495], [""tis"", -29.2712], [""serunaitʰ"", -29.2889], [""zeronaitʰ"", -29.2959], [""maw"", -29.3659], [""sialkʰwis"", -29.5824], [""napʰotʰ"", -29.6758], [""rom"", -29.7691]]"
eijasaunak	ewistʰuo	-28.67	"[[""ewistʰuo"", -28.67], [""epteziu"", -29.7104], [""aker"", -30.9084], [""tawarzio"", -31.0834], [""pʰoke"", -32.0221], [""sialkʰwis"", -32.3843], [""serunaitʰ"", -32.538], [""zeronaitʰ"", -32.5513], [""napʰotʰ"", -32.5652], [""tis"", -32.6659]]"
eik	epteziu	-12.3129	"[[""epteziu"", -12.3129], [""pʰoke"", -12.8754], [""aker"", -13.1567], [""ziazi"", -13.7144], [""ziwai"", -13.9139], [""maw"", -14.7934], [""rom"", -14.7934], [""tis"", -14.7934], [""heloke"", -15.1025], [""arai"", -15.5419]]"
eike	epteziu	-15.1061	"[[""epteziu"", -15.1061], [""ziazi"", -16.172], [""aker"", -16.2469], [""ziwai"", -16.3072], [""pʰoke"", -16.352], [""rom"", -17.8279], [""maw"", -17.8279], [""tis"", -17.8279], [""heloke"", -18.1047], [""ewistʰuo"", -18.4959]]"
eiket	rom	-16.7263	"[[""rom"", -16.7263], [""maw"", -18.1423], [""epteziu"", -18.1819], [""ziazi"", -18.9976], [""ziwai"", -19.0984], [""aker"", -19.4518], [""pʰoke"", -19.8095], [""aomai"", -20.1689], [""marasm"", -20.8304], [""ewistʰuo"", -20.9225]]"
eiketa	aker	-18.108	"[[""aker"", -18.108], [""maw"", -18.5575], [""rom"", -20.0245], [""ziwai"", -20.3726], [""epteziu"", -21.3724], [""maras"", -21.9641], [""ziazi"", -21.991], [""aomai"", -22.9803], [""arai"", -23.1912], [""awis"", -23.2036]]"
eiketan	aker	-21.6139	"[[""aker"", -21.6139], [""maw"", -22.0203], [""ziwai"", -23.2184], [""rom"", -23.3541], [""epteziu"", -24.6248], [""maras"", -24.7668], [""ziazi"", -25.0827], [""ewistʰuo"", -25.7918], [""arai"", -26.0636], [""aomai"", -26.0694]]"
eiketana	maw	-24.3312	"[[""maw"", -24.3312], [""aker"", -24.422], [""ziwai"", -25.9354], [""rom"", -26.5821], [""maras"", -27.2999], [""epteziu"", -27.9153], [""ziazi"", -28.2395], [""ewistʰuo"", -28.3013], [""arai"", -28.8554], [""awis"", -28.8696]]"
eiketanai	maw	-27.8253	"[[""maw"", -27.8253], [""aker"", -27.9217], [""ziwai"", -28.9941], [""pʰoke"", -29.3913], [""rom"", -29.8658], [""heloke"", -30.1834], [""maras"", -30.3071], [""ewistʰuo"", -30.9332], [""epteziu"", -30.9369], [""ziazi"", -31.4428]]"
eiketanaiΘ	maw	-31.3191	"[[""maw"", -31.3191], [""aker"", -31.4214], [""ziwai"", -32.1834], [""pʰoke"", -32.8962], [""rom"", -33.186], [""maras"", -33.4708], [""heloke"", -33.6804], [""ewistʰuo"", -33.6821], [""epteziu"", -33.9405], [""ziazi"", -34.6812]]"
eit	rom	-10.4256	"[[""rom"", -10.4256], [""maw"", -11.1612], [""pʰoke"", -12.8754], [""aker"", -13.1567], [""aomai"", -13.8861], [""maras"", -14.5763], [""tis"", -14.7934], [""heloke"", -15.1025], [""marasm"", -15.2294], [""arai"", -15.5419]]"
eiti	rom	-13.926	"[[""rom"", -13.926], [""maw"", -13.9673], [""pʰoke"", -14.138], [""heloke"", -14.8935], [""aker"", -15.6025], [""epteziu"", -15.987], [""aomai"", -16.6877], [""maras"", -16.9805], [""tis"", -17.8279], [""marasm"", -18.3226]]"
eja	maw	-10.4411	"[[""maw"", -10.4411], [""rom"", -11.1612], [""aker"", -12.5576], [""arai"", -13.4638], [""awis"", -13.4776], [""maras"", -13.8861], [""siwai"", -13.9014], [""ziwai"", -13.9014], [""tis"", -14.7934], [""pʰoke"", -16.4844]]"
eka	maw	-10.4411	"[[""maw"", -10.4411], [""ziwai"", -10.9678], [""rom"", -11.1612], [""aker"", -12.5576], [""ziazi"", -12.7555], [""arai"", -13.4638], [""awis"", -13.4776], [""maras"", -13.8861], [""siwai"", -13.9014], [""tis"", -14.7934]]"
ekan	ziwai	-13.7664	"[[""ziwai"", -13.7664], [""maw"", -13.9415], [""rom"", -13.9673], [""ziazi"", -15.5581], [""aker"", -16.0307], [""arai"", -16.2846], [""awis"", -16.2986], [""maras"", -16.6877], [""siwai"", -16.7029], [""tis"", -17.8279]]"
ekana	ziwai	-16.256	"[[""ziwai"", -16.256], [""maw"", -16.348], [""rom"", -16.7809], [""aker"", -18.2008], [""ziazi"", -18.5374], [""arai"", -18.979], [""awis"", -18.9936], [""maras"", -19.2779], [""siwai"", -19.2933], [""tis"", -20.9547]]"
ekanas	awis	-18.9255	"[[""awis"", -18.9255], [""tis"", -19.146], [""maras"", -19.1991], [""ziwai"", -19.2523], [""maw"", -19.8524], [""rom"", -19.8732], [""tawarsiu"", -20.6144], [""ziazi"", -21.6196], [""aker"", -21.6945], [""arai"", -22.031]]"
ekanasi	zeronaitʰ	-22.0652	"[[""zeronaitʰ"", -22.0652], [""ziwai"", -22.4107], [""awis"", -22.417], [""tis"", -22.5055], [""maras"", -22.6896], [""pʰoke"", -22.697], [""rom"", -23.0811], [""maw"", -23.3562], [""tawarsiu"", -23.415], [""heloke"", -23.6845]]"
ekanasis	tis	-23.6251	"[[""tis"", -23.6251], [""hulaies"", -24.2952], [""awis"", -24.8301], [""zeronaitʰ"", -24.8512], [""maras"", -25.0773], [""ziwai"", -25.6501], [""pʰoke"", -26.1309], [""tawarsiu"", -26.173], [""rom"", -26.3529], [""heloke"", -26.5171]]"
ekanasisi	heloke	-26.1592	"[[""heloke"", -26.1592], [""pʰoke"", -26.1607], [""tis"", -27.1076], [""zeronaitʰ"", -27.1133], [""napʰotʰ"", -27.687], [""hulaies"", -27.7963], [""awis"", -28.3323], [""ewistʰuo"", -28.5136], [""epteziu"", -28.5472], [""maras"", -28.5793]]"
ekanasisir	siasi	-27.2682	"[[""siasi"", -27.2682], [""holaiesi"", -27.7931], [""ziwai"", -28.9152], [""epteziu"", -29.1359], [""heloke"", -29.6256], [""pʰoke"", -29.6608], [""zeronaitʰ"", -30.0058], [""tis"", -30.0295], [""tawarsiu"", -30.2577], [""napʰotʰ"", -30.4978]]"
era	siwai	-10.4341	"[[""siwai"", -10.4341], [""ziwai"", -10.4341], [""maw"", -10.4411], [""rom"", -11.1612], [""arai"", -12.4462], [""tis"", -12.5357], [""aker"", -12.5576], [""awis"", -12.666], [""ziazi"", -13.5713], [""siasi"", -13.5713]]"
erat	rom	-11.6288	"[[""rom"", -11.6288], [""ziwai"", -13.2514], [""siwai"", -13.2514], [""maw"", -13.5561], [""marasm"", -14.5652], [""tis"", -15.631], [""awis"", -15.6337], [""arai"", -15.6488], [""aker"", -16.0307], [""aomai"", -16.458]]"
erate	rom	-15.088	"[[""rom"", -15.088], [""siwai"", -16.3442], [""ziwai"", -16.3442], [""maw"", -16.7748], [""marasm"", -18.0549], [""awis"", -18.7836], [""tis"", -18.8406], [""arai"", -18.9125], [""maras"", -19.3874], [""aomai"", -19.4904]]"
ere	tis	-12.5357	"[[""tis"", -12.5357], [""arai"", -12.8263], [""awis"", -13.1567], [""ziazi"", -13.5713], [""siwai"", -13.5713], [""siasi"", -13.5713], [""ziwai"", -13.5713], [""aomai"", -13.8342], [""rom"", -14.7934], [""maw"", -14.7934]]"
erep	rom	-13.5183	"[[""rom"", -13.5183], [""maw"", -14.6534], [""tis"", -15.631], [""awis"", -16.2469], [""arai"", -16.2888], [""aomai"", -16.458], [""ziazi"", -16.8525], [""siasi"", -16.8525], [""ziwai"", -16.8525], [""siwai"", -16.8525]]"
esi	tis	-9.3632	"[[""tis"", -9.3632], [""pʰoke"", -9.5747], [""heloke"", -9.7311], [""siasi"", -12.7555], [""siwai"", -12.809], [""awis"", -12.8263], [""epteziu"", -13.1086], [""aker"", -13.1567], [""hulaies"", -13.7745], [""maras"", -13.8342]]"
esir	tis	-10.4003	"[[""tis"", -10.4003], [""siasi"", -11.5716], [""siwai"", -11.8822], [""heloke"", -12.5267], [""pʰoke"", -12.9226], [""epteziu"", -13.6302], [""holaiesi"", -13.7126], [""serunaitʰ"", -13.8282], [""arai"", -14.7695], [""hulaies"", -15.3248]]"
esira	siwai	-11.175	"[[""siwai"", -11.175], [""tis"", -13.258], [""aker"", -13.9304], [""siasi"", -14.7698], [""heloke"", -15.4494], [""serunaitʰ"", -15.8611], [""pʰoke"", -16.1874], [""epteziu"", -16.4442], [""ziwai"", -16.6897], [""maw"", -16.7419]]"
eta	maw	-8.1876	"[[""maw"", -8.1876], [""rom"", -10.4531], [""maras"", -11.5957], [""aker"", -12.5576], [""arai"", -13.4638], [""awis"", -13.4776], [""aomai"", -13.8721], [""siwai"", -13.9014], [""ziwai"", -13.9014], [""marasm"", -14.2074]]"
etan	maw	-11.6436	"[[""maw"", -11.6436], [""rom"", -13.5548], [""maras"", -14.3945], [""aker"", -16.0307], [""arai"", -16.2846], [""awis"", -16.2986], [""siwai"", -16.7029], [""ziwai"", -16.7029], [""marasm"", -16.7092], [""aomai"", -16.9519]]"
etana	maw	-13.8949	"[[""maw"", -13.8949], [""rom"", -16.5538], [""maras"", -16.888], [""aker"", -18.2008], [""arai"", -18.979], [""awis"", -18.9936], [""marasm"", -19.223], [""siwai"", -19.2933], [""ziwai"", -19.2933], [""aomai"", -20.1477]]"
etanai	maw	-17.3878	"[[""maw"", -17.3878], [""rom"", -19.7177], [""maras"", -19.8855], [""pʰoke"", -20.0712], [""aker"", -21.4157], [""marasm"", -22.0183], [""arai"", -22.031], [""awis"", -22.0457], [""siwai"", -22.3185], [""ziwai"", -22.3185]]"
etanaiΘ	maw	-20.8805	"[[""maw"", -20.8805], [""rom"", -22.9637], [""maras"", -23.0446], [""pʰoke"", -23.5751], [""aker"", -24.6956], [""marasm"", -24.9854], [""arai"", -25.217], [""awis"", -25.2317], [""siwai"", -25.493], [""ziwai"", -25.493]]"
etanaiΘt	rom	-23.7225	"[[""rom"", -23.7225], [""marasm"", -23.7246], [""maw"", -24.3603], [""maras"", -26.2819], [""pʰoke"", -27.0772], [""aker"", -28.0164], [""arai"", -28.474], [""awis"", -28.4887], [""siwai"", -28.744], [""ziwai"", -28.744]]"
etanaiΘti	rom	-27.2152	"[[""rom"", -27.2152], [""marasm"", -27.2269], [""maw"", -27.8401], [""pʰoke"", -29.1387], [""maras"", -29.5666], [""heloke"", -30.5388], [""aker"", -31.1605], [""arai"", -31.7751], [""awis"", -31.7897], [""siwai"", -32.0416]]"
etanaiΘtij	rom	-30.7077	"[[""rom"", -30.7077], [""marasm"", -30.7282], [""maw"", -31.3199], [""pʰoke"", -32.6443], [""maras"", -32.8832], [""heloke"", -34.0274], [""aker"", -34.4014], [""arai"", -35.1062], [""awis"", -35.1208], [""siwai"", -35.3706]]"
ete	maw	-10.4671	"[[""maw"", -10.4671], [""rom"", -11.1061], [""maras"", -13.4918], [""aomai"", -13.8721], [""tis"", -14.7934], [""marasm"", -15.3576], [""arai"", -15.5419], [""awis"", -15.5419], [""aker"", -15.5419], [""pʰoke"", -16.4844]]"
eter	maw	-13.5548	"[[""maw"", -13.5548], [""aomai"", -13.7215], [""rom"", -14.5992], [""arai"", -14.7695], [""ziazi"", -15.5005], [""siwai"", -15.5005], [""siasi"", -15.5005], [""ziwai"", -15.5005], [""tis"", -15.9824], [""awis"", -16.2387]]"
etere	maw	-16.7601	"[[""maw"", -16.7601], [""aomai"", -17.2152], [""rom"", -18.0891], [""arai"", -18.2651], [""tis"", -18.8406], [""ziazi"", -18.9408], [""siasi"", -18.9408], [""ziwai"", -18.9408], [""siwai"", -18.9408], [""awis"", -19.0778]]"
eterep	rom	-19.8236	"[[""rom"", -19.8236], [""maw"", -19.8594], [""marasm"", -19.926], [""aomai"", -20.6484], [""arai"", -21.7579], [""tis"", -21.9532], [""awis"", -22.1841], [""maras"", -22.2706], [""ziazi"", -22.355], [""siasi"", -22.355]]"
eto	maw	-7.6428	"[[""maw"", -7.6428], [""maras"", -10.0579], [""marasm"", -10.4342], [""aomai"", -11.0021], [""rom"", -11.1061], [""arai"", -12.5439], [""ziazi"", -13.2082], [""siasi"", -13.2082], [""awis"", -13.2211], [""aker"", -13.2211]]"
etoi	maw	-10.4721	"[[""maw"", -10.4721], [""maras"", -12.5911], [""marasm"", -13.003], [""aker"", -13.7752], [""aomai"", -13.8018], [""pʰoke"", -14.2467], [""rom"", -14.5992], [""arai"", -15.1559], [""awis"", -15.6693], [""ziazi"", -16.0093]]"
etoij	maw	-13.5792	"[[""maw"", -13.5792], [""maras"", -15.4699], [""marasm"", -15.8982], [""aker"", -16.5915], [""aomai"", -16.879], [""pʰoke"", -17.7485], [""arai"", -18.0826], [""rom"", -18.0891], [""awis"", -18.4932], [""ziazi"", -19.0957]]"
etoija	maw	-11.9096	"[[""maw"", -11.9096], [""aker"", -14.5416], [""maras"", -15.3371], [""marasm"", -17.8161], [""arai"", -18.148], [""awis"", -18.1776], [""aomai"", -20.071], [""rom"", -20.9487], [""pʰoke"", -21.247], [""ziazi"", -22.2992]]"
etu	maw	-10.4671	"[[""maw"", -10.4671], [""rom"", -11.1061], [""aker"", -12.8353], [""maras"", -13.4918], [""aomai"", -13.8721], [""pʰoke"", -14.6178], [""tis"", -14.7934], [""marasm"", -15.3576], [""awis"", -15.5419], [""arai"", -15.5419]]"
etum	maw	-13.5548	"[[""maw"", -13.5548], [""rom"", -14.5992], [""aker"", -15.6466], [""maras"", -16.2808], [""aomai"", -16.9519], [""pʰoke"", -17.4186], [""tis"", -17.8279], [""marasm"", -18.1083], [""awis"", -18.5167], [""arai"", -18.5167]]"
etume	maw	-16.7601	"[[""maw"", -16.7601], [""rom"", -18.0891], [""aker"", -18.7345], [""maras"", -19.2514], [""aomai"", -20.1477], [""pʰoke"", -20.4773], [""tis"", -20.9547], [""marasm"", -20.9779], [""awis"", -21.5964], [""arai"", -21.5964]]"
etumei	pʰoke	-18.1346	"[[""pʰoke"", -18.1346], [""heloke"", -19.7262], [""aker"", -19.7735], [""maw"", -20.0299], [""rom"", -21.576], [""maras"", -22.3276], [""aomai"", -23.4067], [""marasm"", -23.9463], [""tis"", -24.1427], [""awis"", -24.7451]]"
etumeij	pʰoke	-21.6414	"[[""pʰoke"", -21.6414], [""aker"", -22.6311], [""heloke"", -23.2299], [""maw"", -23.3407], [""rom"", -25.0599], [""maras"", -25.4731], [""aomai"", -26.7052], [""marasm"", -26.9901], [""tis"", -27.3745], [""napʰotʰ"", -27.6602]]"
etumeija	aker	-20.5781	"[[""aker"", -20.5781], [""maw"", -24.0173], [""pʰoke"", -25.1479], [""heloke"", -26.7317], [""maras"", -27.2689], [""rom"", -27.9374], [""sialkʰwis"", -28.8744], [""marasm"", -29.5334], [""arai"", -29.8493], [""awis"", -29.8608]]"
etumeijas	aker	-24.0844	"[[""aker"", -24.0844], [""maras"", -27.0848], [""maw"", -27.5143], [""pʰoke"", -28.6523], [""sialkʰwis"", -28.6674], [""tis"", -29.2244], [""awis"", -29.6584], [""hulaies"", -30.1448], [""heloke"", -30.2307], [""marasm"", -30.4652]]"
etumeijasa	aker	-26.9012	"[[""aker"", -26.9012], [""maw"", -30.2173], [""maras"", -30.5469], [""ewistʰuo"", -31.3857], [""sialkʰwis"", -32.1158], [""pʰoke"", -32.1484], [""tis"", -32.6343], [""awis"", -33.124], [""serunaitʰ"", -33.1243], [""zeronaitʰ"", -33.1245]]"
eun	aker	-12.5507	"[[""aker"", -12.5507], [""maw"", -14.7934], [""rom"", -14.7934], [""tis"", -14.7934], [""pʰoke"", -14.9892], [""awis"", -15.5419], [""arai"", -15.5419], [""heloke"", -16.5158], [""ziazi"", -17.3802], [""aomai"", -17.3802]]"
euna	aker	-13.1424	"[[""aker"", -13.1424], [""maw"", -13.5339], [""rom"", -14.6534], [""arai"", -16.65], [""awis"", -16.6633], [""maras"", -16.9707], [""siwai"", -16.9858], [""ziwai"", -16.9858], [""sialkʰwis"", -17.3607], [""tis"", -17.8279]]"
eunak	aker	-16.6209	"[[""aker"", -16.6209], [""maw"", -17.0357], [""rom"", -17.4657], [""tawarzio"", -19.3196], [""arai"", -19.4889], [""awis"", -19.5027], [""ziwai"", -19.5219], [""maras"", -19.777], [""siwai"", -19.7923], [""sialkʰwis"", -20.1589]]"
eunaka	aker	-19.0839	"[[""aker"", -19.0839], [""maw"", -19.5581], [""rom"", -20.2832], [""ziwai"", -21.2072], [""tawarzio"", -22.1087], [""arai"", -22.2269], [""awis"", -22.2414], [""maras"", -22.4365], [""siwai"", -22.4519], [""sialkʰwis"", -22.5722]]"
eunakan	aker	-22.5809	"[[""aker"", -22.5809], [""maw"", -23.063], [""rom"", -23.3769], [""ziwai"", -24.0703], [""tawarzio"", -25.1844], [""arai"", -25.2925], [""awis"", -25.3071], [""maras"", -25.4804], [""siwai"", -25.4958], [""sialkʰwis"", -25.557]]"
eunakana	aker	-25.4051	"[[""aker"", -25.4051], [""maw"", -25.9312], [""rom"", -26.4746], [""ziwai"", -26.6531], [""arai"", -28.3133], [""awis"", -28.3282], [""tawarzio"", -28.361], [""sialkʰwis"", -28.4122], [""maras"", -28.4595], [""siwai"", -28.4749]]"
eunakanas	awis	-28.3051	"[[""awis"", -28.3051], [""sialkʰwis"", -28.3655], [""maras"", -28.4299], [""aker"", -28.9072], [""tis"", -29.2244], [""tawarsiu"", -29.3073], [""maw"", -29.4371], [""ziwai"", -29.6722], [""rom"", -29.6855], [""arai"", -31.4862]]"
eunakanasi	awis	-31.8013	"[[""awis"", -31.8013], [""sialkʰwis"", -31.8591], [""maras"", -31.9255], [""tawarsiu"", -32.1092], [""pʰoke"", -32.124], [""aker"", -32.2605], [""zeronaitʰ"", -32.3914], [""tis"", -32.6343], [""ziwai"", -32.8411], [""maw"", -32.9428]]"
eunar	arai	-16.4784	"[[""arai"", -16.4784], [""aker"", -16.6209], [""awis"", -16.733], [""siwai"", -16.7915], [""ziwai"", -16.7915], [""maw"", -17.0357], [""sialkʰwis"", -17.3406], [""rom"", -17.4657], [""ziazi"", -18.4836], [""siasi"", -18.4836]]"
eunaru	awis	-19.5634	"[[""awis"", -19.5634], [""arai"", -19.9617], [""aker"", -20.0299], [""sialkʰwis"", -20.1673], [""siwai"", -20.2655], [""ziwai"", -20.2655], [""maw"", -20.5363], [""rom"", -20.557], [""ziazi"", -21.9406], [""siasi"", -21.9406]]"
eunaruk	awis	-22.6708	"[[""awis"", -22.6708], [""sialkʰwis"", -23.2664], [""arai"", -23.4445], [""aker"", -23.445], [""ziwai"", -23.7213], [""siwai"", -23.7355], [""rom"", -23.7641], [""maw"", -24.0359], [""ziazi"", -24.7578], [""ewistʰuo"", -25.1206]]"
eunaruka	aker	-25.2728	"[[""aker"", -25.2728], [""sialkʰwis"", -25.6951], [""awis"", -25.8795], [""maw"", -26.3287], [""ziwai"", -26.3359], [""siwai"", -26.45], [""rom"", -26.8663], [""arai"", -26.888], [""ewistʰuo"", -27.7218], [""ziazi"", -27.8246]]"
eunarukan	sialkʰwis	-28.683	"[[""sialkʰwis"", -28.683], [""aker"", -28.7635], [""awis"", -29.1568], [""ziwai"", -29.3641], [""siwai"", -29.5099], [""maw"", -29.8336], [""rom"", -30.0793], [""arai"", -30.3334], [""ewistʰuo"", -30.5343], [""ziazi"", -30.9997]]"
eunarukana	sialkʰwis	-31.3306	"[[""sialkʰwis"", -31.3306], [""aker"", -31.431], [""ziwai"", -32.2515], [""awis"", -32.4659], [""siwai"", -32.4785], [""maw"", -32.6874], [""rom"", -33.2665], [""ewistʰuo"", -33.4754], [""arai"", -33.7394], [""ziazi"", -34.236]]"
ida	maw	-10.4411	"[[""maw"", -10.4411], [""aker"", -10.9807], [""rom"", -11.0539], [""pʰoke"", -12.8807], [""epteziu"", -13.3489], [""arai"", -13.4638], [""awis"", -13.4776], [""ewistʰuo"", -13.5291], [""heloke"", -13.7234], [""maras"", -13.8861]]"
idaa	maw	-13.0321	"[[""maw"", -13.0321], [""rom"", -13.5183], [""aker"", -13.7157], [""ewistʰuo"", -15.6249], [""arai"", -15.823], [""awis"", -15.8376], [""pʰoke"", -15.9574], [""maras"", -16.143], [""siwai"", -16.1584], [""ziwai"", -16.1584]]"
idaau	rom	-16.5155	"[[""rom"", -16.5155], [""maw"", -16.5364], [""pʰoke"", -16.9934], [""aker"", -17.1128], [""heloke"", -17.7956], [""ewistʰuo"", -17.8819], [""arai"", -18.7946], [""awis"", -18.8093], [""maras"", -19.0982], [""siwai"", -19.1137]]"
idaj	rom	-13.8864	"[[""rom"", -13.8864], [""maw"", -13.9415], [""aker"", -14.4801], [""ewistʰuo"", -15.7149], [""pʰoke"", -15.9574], [""arai"", -16.2846], [""awis"", -16.2986], [""epteziu"", -16.6668], [""maras"", -16.6877], [""siwai"", -16.7029]]"
idaja	maw	-16.348	"[[""maw"", -16.348], [""rom"", -16.7263], [""aker"", -17.1211], [""ewistʰuo"", -18.0545], [""arai"", -18.979], [""awis"", -18.9936], [""pʰoke"", -19.1482], [""maras"", -19.2779], [""siwai"", -19.2933], [""ziwai"", -19.2933]]"
idajaj	rom	-19.828	"[[""rom"", -19.828], [""maw"", -19.8524], [""ewistʰuo"", -20.59], [""aker"", -20.6237], [""arai"", -22.031], [""awis"", -22.0457], [""maras"", -22.303], [""siwai"", -22.3185], [""ziwai"", -22.3185], [""pʰoke"", -22.3999]]"
idajaja	maw	-22.6565	"[[""maw"", -22.6565], [""rom"", -22.9337], [""ewistʰuo"", -23.2801], [""aker"", -23.5286], [""arai"", -25.0273], [""awis"", -25.0421], [""maras"", -25.2426], [""siwai"", -25.2581], [""ziwai"", -25.2581], [""pʰoke"", -25.6886]]"
idajas	awis	-18.9255	"[[""awis"", -18.9255], [""ewistʰuo"", -18.9456], [""tis"", -19.146], [""maras"", -19.1991], [""rom"", -19.828], [""maw"", -19.8524], [""tawarsiu"", -20.6143], [""aker"", -20.6237], [""hulaies"", -21.9508], [""epteziu"", -22.009]]"
idau	pʰoke	-13.5324	"[[""pʰoke"", -13.5324], [""rom"", -13.8864], [""maw"", -13.9415], [""aker"", -14.3036], [""heloke"", -14.3721], [""ewistʰuo"", -15.7149], [""arai"", -16.2846], [""awis"", -16.2986], [""epteziu"", -16.6668], [""maras"", -16.6877]]"
idi	pʰoke	-9.8795	"[[""pʰoke"", -9.8795], [""heloke"", -10.7622], [""epteziu"", -12.1961], [""aker"", -13.12], [""rom"", -13.1294], [""ewistʰuo"", -13.9613], [""maw"", -14.7934], [""tis"", -14.7934], [""awis"", -15.5419], [""arai"", -15.5419]]"
iip	rom	-10.4256	"[[""rom"", -10.4256], [""maw"", -11.1612], [""epteziu"", -12.1078], [""pʰoke"", -12.8751], [""heloke"", -13.0847], [""aker"", -13.12], [""aomai"", -13.8861], [""maras"", -14.5763], [""tis"", -14.7934], [""ewistʰuo"", -14.8033]]"
iipi	rom	-13.926	"[[""rom"", -13.926], [""maw"", -13.9673], [""pʰoke"", -14.138], [""heloke"", -14.1804], [""epteziu"", -14.336], [""aker"", -15.5854], [""aomai"", -16.6877], [""maras"", -16.9805], [""ewistʰuo"", -17.1296], [""tis"", -17.8279]]"
iipin	epteziu	-17.0233	"[[""epteziu"", -17.0233], [""maw"", -17.0565], [""rom"", -17.4248], [""pʰoke"", -17.6404], [""heloke"", -17.6618], [""aker"", -18.5903], [""ewistʰuo"", -19.7041], [""aomai"", -19.7721], [""maras"", -19.7747], [""tis"", -20.9547]]"
iipina	aker	-16.7338	"[[""aker"", -16.7338], [""maw"", -17.6605], [""epteziu"", -19.9389], [""rom"", -20.5479], [""maras"", -21.0075], [""heloke"", -21.1342], [""pʰoke"", -21.1399], [""ewistʰuo"", -22.2469], [""aomai"", -22.9727], [""arai"", -23.1912]]"
iipinam	aker	-20.24	"[[""aker"", -20.24], [""maw"", -21.1489], [""epteziu"", -22.9844], [""rom"", -23.7709], [""maras"", -23.8514], [""heloke"", -24.5978], [""pʰoke"", -24.6355], [""ewistʰuo"", -24.6926], [""arai"", -26.0636], [""awis"", -26.0769]]"
iipinama	aker	-23.0553	"[[""aker"", -23.0553], [""maw"", -23.736], [""epteziu"", -26.1129], [""maras"", -26.5679], [""rom"", -26.8799], [""ewistʰuo"", -27.2123], [""heloke"", -28.0532], [""pʰoke"", -28.1264], [""marasm"", -28.7875], [""arai"", -28.8554]]"
iipinamai	aker	-26.5606	"[[""aker"", -26.5606], [""maw"", -27.236], [""epteziu"", -29.1673], [""heloke"", -29.1773], [""pʰoke"", -29.3047], [""maras"", -29.6266], [""ewistʰuo"", -29.8461], [""rom"", -30.0962], [""marasm"", -31.6726], [""arai"", -31.9389]]"
iipinamain	aker	-30.0659	"[[""aker"", -30.0659], [""maw"", -30.7358], [""epteziu"", -32.249], [""ewistʰuo"", -32.5952], [""heloke"", -32.677], [""pʰoke"", -32.8099], [""maras"", -32.8161], [""rom"", -33.3729], [""marasm"", -34.6905], [""serunaitʰ"", -34.9935]]"
ija	maw	-10.4411	"[[""maw"", -10.4411], [""aker"", -10.9807], [""rom"", -11.1612], [""arai"", -13.4638], [""awis"", -13.4776], [""maras"", -13.8861], [""siwai"", -13.9014], [""ziwai"", -13.9014], [""ewistʰuo"", -14.068], [""tis"", -14.7934]]"
ijar	arai	-13.3038	"[[""arai"", -13.3038], [""ewistʰuo"", -13.4945], [""awis"", -13.5142], [""siwai"", -13.7174], [""ziwai"", -13.7174], [""maw"", -13.9415], [""rom"", -13.9673], [""aker"", -14.4801], [""epteziu"", -15.4929], [""siasi"", -15.5005]]"
ijare	ewistʰuo	-13.8665	"[[""ewistʰuo"", -13.8665], [""awis"", -16.3441], [""arai"", -16.7857], [""rom"", -17.0565], [""siwai"", -17.1889], [""ziwai"", -17.1889], [""maw"", -17.4401], [""aker"", -17.9774], [""epteziu"", -18.3174], [""tis"", -18.8406]]"
ijared	ewistʰuo	-13.349	"[[""ewistʰuo"", -13.349], [""epteziu"", -16.2744], [""rom"", -18.6849], [""awis"", -19.4512], [""tawarsiu"", -20.1658], [""tawarzio"", -20.1658], [""arai"", -20.267], [""siwai"", -20.6555], [""ziwai"", -20.6555], [""maw"", -20.9371]]"
ijaredi	ewistʰuo	-16.5459	"[[""ewistʰuo"", -16.5459], [""epteziu"", -19.777], [""pʰoke"", -21.468], [""rom"", -21.5784], [""awis"", -22.6734], [""heloke"", -22.9924], [""tawarsiu"", -23.6714], [""tawarzio"", -23.6714], [""arai"", -23.7478], [""siwai"", -24.1177]]"
ijaredij	ewistʰuo	-19.7781	"[[""ewistʰuo"", -19.7781], [""epteziu"", -23.2761], [""rom"", -24.7081], [""pʰoke"", -24.9509], [""awis"", -25.9591], [""heloke"", -26.4746], [""serunaitʰ"", -26.7647], [""zeronaitʰ"", -26.7647], [""tawarsiu"", -27.1767], [""tawarzio"", -27.1767]]"
ijaredija	ewistʰuo	-23.0316	"[[""ewistʰuo"", -23.0316], [""epteziu"", -26.7716], [""aker"", -26.809], [""rom"", -27.9284], [""pʰoke"", -28.4335], [""awis"", -29.2713], [""serunaitʰ"", -29.4951], [""zeronaitʰ"", -29.4951], [""maw"", -29.8207], [""heloke"", -29.9548]]"
ijas	tis	-12.5619	"[[""tis"", -12.5619], [""awis"", -13.3159], [""ewistʰuo"", -13.4113], [""maras"", -13.7096], [""maw"", -13.9415], [""rom"", -13.9673], [""aker"", -14.4801], [""epteziu"", -15.551], [""arai"", -16.2846], [""siwai"", -16.3163]]"
ijasa	ewistʰuo	-13.8519	"[[""ewistʰuo"", -13.8519], [""tis"", -15.8501], [""maw"", -16.348], [""awis"", -16.7624], [""rom"", -16.7809], [""aker"", -17.1211], [""maras"", -17.1439], [""serunaitʰ"", -17.3621], [""zeronaitʰ"", -17.3629], [""siwai"", -17.7878]]"
ijasas	ewistʰuo	-15.9522	"[[""ewistʰuo"", -15.9522], [""tis"", -16.6673], [""epteziu"", -17.3986], [""awis"", -18.7164], [""maras"", -19.0116], [""tawarsiu"", -19.7935], [""maw"", -19.8524], [""rom"", -19.8732], [""serunaitʰ"", -20.1129], [""zeronaitʰ"", -20.1237]]"
ijasasa	ewistʰuo	-17.0789	"[[""ewistʰuo"", -17.0789], [""epteziu"", -19.7968], [""tis"", -20.1483], [""napʰotʰ"", -21.2407], [""serunaitʰ"", -21.9592], [""zeronaitʰ"", -22.0655], [""awis"", -22.2009], [""maras"", -22.4916], [""tawarsiu"", -22.6124], [""maw"", -22.6565]]"
ijasasar	ewistʰuo	-19.5662	"[[""ewistʰuo"", -19.5662], [""epteziu"", -20.1908], [""siasi"", -20.2732], [""siwai"", -22.9295], [""tis"", -23.045], [""tawarsiu"", -23.2862], [""napʰotʰ"", -24.0419], [""serunaitʰ"", -24.8218], [""zeronaitʰ"", -24.951], [""arai"", -25.0026]]"
ijasau	ewistʰuo	-16.2873	"[[""ewistʰuo"", -16.2873], [""tis"", -19.1732], [""pʰoke"", -19.4982], [""maw"", -19.8524], [""rom"", -19.8732], [""serunaitʰ"", -20.1747], [""zeronaitʰ"", -20.1775], [""awis"", -20.2103], [""aker"", -20.5095], [""epteziu"", -20.5358]]"
ijasaun	ewistʰuo	-19.0961	"[[""ewistʰuo"", -19.0961], [""pʰoke"", -22.2959], [""tis"", -22.521], [""rom"", -23.0811], [""serunaitʰ"", -23.2607], [""zeronaitʰ"", -23.2675], [""maw"", -23.3562], [""epteziu"", -23.4123], [""awis"", -23.6595], [""siwai"", -23.719]]"
ijasauna	ewistʰuo	-22.0787	"[[""ewistʰuo"", -22.0787], [""pʰoke"", -25.3583], [""aker"", -25.8012], [""tis"", -25.8874], [""maw"", -26.0751], [""sialkʰwis"", -26.1149], [""rom"", -26.264], [""siwai"", -26.3937], [""epteziu"", -26.4034], [""serunaitʰ"", -26.453]]"
ijasaunak	ewistʰuo	-25.163	"[[""ewistʰuo"", -25.163], [""epteziu"", -26.2045], [""tawarzio"", -27.6413], [""pʰoke"", -28.5286], [""sialkʰwis"", -28.9146], [""tis"", -29.2682], [""aker"", -29.2872], [""napʰotʰ"", -29.4054], [""siwai"", -29.4384], [""rom"", -29.5211]]"
ijasaunaka	ewistʰuo	-28.3142	"[[""ewistʰuo"", -28.3142], [""epteziu"", -29.0157], [""tawarzio"", -30.4399], [""sialkʰwis"", -31.3337], [""pʰoke"", -31.757], [""aker"", -31.8975], [""siwai"", -32.3783], [""napʰotʰ"", -32.3789], [""maw"", -32.548], [""tis"", -32.6606]]"
ike	epteziu	-12.4713	"[[""epteziu"", -12.4713], [""ziazi"", -12.7555], [""ziwai"", -12.809], [""rom"", -14.7934], [""maw"", -14.7934], [""tis"", -14.7934], [""ewistʰuo"", -14.9983], [""aker"", -15.2008], [""arai"", -15.5419], [""awis"", -15.5419]]"
iket	rom	-13.5183	"[[""rom"", -13.5183], [""maw"", -14.6534], [""epteziu"", -15.5306], [""ziazi"", -15.5581], [""ziwai"", -15.5974], [""aomai"", -16.9707], [""ewistʰuo"", -17.4222], [""tis"", -17.8279], [""marasm"", -17.9567], [""maras"", -18.0279]]"
iketa	maw	-15.0997	"[[""maw"", -15.0997], [""rom"", -16.7532], [""ziwai"", -16.8747], [""aker"", -17.6494], [""maras"", -18.508], [""ziazi"", -18.5374], [""epteziu"", -18.701], [""aomai"", -19.777], [""ewistʰuo"", -19.8792], [""arai"", -19.9003]]"
iketan	maw	-18.5604	"[[""maw"", -18.5604], [""ziwai"", -19.7206], [""rom"", -20.0408], [""aker"", -21.1482], [""maras"", -21.3089], [""ziazi"", -21.6196], [""epteziu"", -21.9302], [""ewistʰuo"", -22.2872], [""arai"", -22.7563], [""awis"", -22.7699]]"
iketana	maw	-20.8524	"[[""maw"", -20.8524], [""ziwai"", -22.4366], [""rom"", -23.2181], [""aker"", -23.7813], [""maras"", -23.8291], [""ziazi"", -24.7696], [""ewistʰuo"", -24.7956], [""epteziu"", -25.1953], [""arai"", -25.5246], [""awis"", -25.539]]"
iketanai	maw	-24.3461	"[[""maw"", -24.3461], [""ziwai"", -25.4949], [""pʰoke"", -26.2417], [""rom"", -26.4716], [""maras"", -26.8331], [""aker"", -27.179], [""heloke"", -27.3274], [""ewistʰuo"", -27.4269], [""epteziu"", -27.935], [""ziazi"", -27.9678]]"
iketanaiΘ	maw	-27.8395	"[[""maw"", -27.8395], [""ziwai"", -28.6841], [""pʰoke"", -29.7463], [""rom"", -29.7716], [""maras"", -29.9954], [""ewistʰuo"", -30.1755], [""aker"", -30.5871], [""epteziu"", -30.7589], [""heloke"", -30.8211], [""ziazi"", -31.2021]]"
iketanaiΘt	marasm	-30.6751	"[[""marasm"", -30.6751], [""rom"", -30.7077], [""maw"", -31.3208], [""ziwai"", -31.9429], [""ewistʰuo"", -33.0236], [""maras"", -33.2347], [""pʰoke"", -33.2498], [""epteziu"", -33.7216], [""aker"", -34.0036], [""heloke"", -34.3097]]"
iki	pʰoke	-11.5992	"[[""pʰoke"", -11.5992], [""epteziu"", -11.8289], [""heloke"", -12.0976], [""ziazi"", -12.7555], [""ziwai"", -12.809], [""aker"", -13.12], [""rom"", -14.7934], [""maw"", -14.7934], [""tis"", -14.7934], [""ewistʰuo"", -14.9882]]"
ikit	rom	-13.5183	"[[""rom"", -13.5183], [""epteziu"", -14.5228], [""maw"", -14.6534], [""pʰoke"", -15.0984], [""heloke"", -15.5544], [""ziazi"", -15.5581], [""ziwai"", -15.5974], [""aker"", -15.9604], [""zeronaitʰ"", -16.4559], [""aomai"", -16.9707]]"
ikite	rom	-17.0202	"[[""rom"", -17.0202], [""epteziu"", -17.4476], [""maw"", -17.4657], [""zeronaitʰ"", -18.4351], [""ziazi"", -18.5374], [""ziwai"", -18.5682], [""pʰoke"", -18.5918], [""heloke"", -18.9922], [""aker"", -19.0654], [""aomai"", -19.777]]"
ikites	tis	-19.146	"[[""tis"", -19.146], [""maras"", -19.7277], [""zeronaitʰ"", -20.2612], [""epteziu"", -20.2665], [""rom"", -20.521], [""maw"", -20.557], [""awis"", -20.9324], [""ziazi"", -21.6196], [""ewistʰuo"", -21.6357], [""ziwai"", -21.6447]]"
ikitesi	zeronaitʰ	-20.372	"[[""zeronaitʰ"", -20.372], [""epteziu"", -21.3212], [""tis"", -22.5055], [""pʰoke"", -22.6456], [""heloke"", -22.7937], [""ewistʰuo"", -23.0544], [""maras"", -23.2156], [""maw"", -23.7641], [""rom"", -24.0207], [""awis"", -24.4325]]"
ikitesir	epteziu	-21.9217	"[[""epteziu"", -21.9217], [""zeronaitʰ"", -23.0497], [""ziazi"", -24.1317], [""ziwai"", -24.1952], [""siasi"", -24.2301], [""tis"", -24.3153], [""holaiesi"", -25.0968], [""ewistʰuo"", -25.533], [""siwai"", -25.8123], [""heloke"", -25.9647]]"
ikitesira	epteziu	-24.739	"[[""epteziu"", -24.739], [""ziwai"", -25.1351], [""siwai"", -25.2023], [""zeronaitʰ"", -25.953], [""aker"", -26.5397], [""tis"", -27.2258], [""ziazi"", -27.556], [""siasi"", -27.6493], [""maw"", -27.6795], [""ewistʰuo"", -28.3016]]"
ikitet	rom	-19.5425	"[[""rom"", -19.5425], [""maw"", -20.2832], [""epteziu"", -20.4995], [""zeronaitʰ"", -20.8538], [""marasm"", -21.1148], [""ziazi"", -21.6196], [""ziwai"", -21.6447], [""pʰoke"", -22.0777], [""aker"", -22.282], [""heloke"", -22.4134]]"
ikitete	rom	-23.0475	"[[""rom"", -23.0475], [""maw"", -23.3769], [""zeronaitʰ"", -23.5052], [""epteziu"", -23.6319], [""marasm"", -24.6017], [""ziazi"", -24.7696], [""ziwai"", -24.7906], [""aomai"", -25.4804], [""ewistʰuo"", -25.5526], [""pʰoke"", -25.5542]]"
ikiteter	ziazi	-24.1317	"[[""ziazi"", -24.1317], [""ziwai"", -24.1952], [""zeronaitʰ"", -24.8529], [""epteziu"", -25.1926], [""aomai"", -25.4326], [""rom"", -26.552], [""maw"", -26.5855], [""arai"", -27.3524], [""siwai"", -27.9193], [""siasi"", -27.9193]]"
ikitetere	zeronaitʰ	-27.1483	"[[""zeronaitʰ"", -27.1483], [""ziazi"", -27.556], [""ziwai"", -27.6143], [""epteziu"", -28.0765], [""aomai"", -28.9294], [""maw"", -29.8577], [""rom"", -30.056], [""arai"", -30.8545], [""ewistʰuo"", -30.9125], [""siwai"", -31.3986]]"
ikiteterep	zeronaitʰ	-29.8905	"[[""zeronaitʰ"", -29.8905], [""ziazi"", -30.9514], [""ziwai"", -31.0033], [""epteziu"", -31.1996], [""aomai"", -32.4146], [""marasm"", -32.6947], [""rom"", -32.7884], [""maw"", -33.0969], [""ewistʰuo"", -33.4783], [""arai"", -34.3557]]"
ikitu	rom	-17.0202	"[[""rom"", -17.0202], [""epteziu"", -17.4476], [""maw"", -17.4657], [""heloke"", -18.1168], [""zeronaitʰ"", -18.4351], [""pʰoke"", -18.4438], [""aker"", -18.5297], [""ziazi"", -18.5374], [""ziwai"", -18.5682], [""aomai"", -19.777]]"
ikituj	epteziu	-20.4995	"[[""epteziu"", -20.4995], [""rom"", -20.521], [""maw"", -20.557], [""zeronaitʰ"", -20.8538], [""heloke"", -21.1418], [""aker"", -21.5524], [""ziazi"", -21.6196], [""ziwai"", -21.6447], [""pʰoke"", -21.8061], [""ewistʰuo"", -22.6938]]"
ikituja	aker	-20.7845	"[[""aker"", -20.7845], [""maw"", -21.1483], [""zeronaitʰ"", -23.3158], [""ziwai"", -23.3243], [""epteziu"", -23.6319], [""rom"", -23.7573], [""heloke"", -24.3209], [""maras"", -24.4952], [""ziazi"", -24.7696], [""pʰoke"", -25.1802]]"
ikitujas	aker	-24.287	"[[""aker"", -24.287], [""maras"", -24.3284], [""zeronaitʰ"", -24.5664], [""maw"", -24.637], [""sialkʰwis"", -25.3392], [""tis"", -25.8475], [""ziwai"", -26.2031], [""awis"", -26.3245], [""ewistʰuo"", -26.5272], [""epteziu"", -26.6637]]"
ina	maw	-10.4411	"[[""maw"", -10.4411], [""aker"", -10.9807], [""rom"", -11.1612], [""arai"", -13.4638], [""awis"", -13.4776], [""maras"", -13.8861], [""siwai"", -13.9014], [""ziwai"", -13.9014], [""ewistʰuo"", -14.068], [""tis"", -14.7934]]"
inai	maw	-13.9415	"[[""maw"", -13.9415], [""rom"", -13.9673], [""pʰoke"", -14.2467], [""aker"", -14.3363], [""heloke"", -14.9027], [""epteziu"", -15.5501], [""ewistʰuo"", -15.8406], [""arai"", -16.2846], [""awis"", -16.2986], [""maras"", -16.6877]]"
inaid	epteziu	-13.5052	"[[""epteziu"", -13.5052], [""rom"", -15.2336], [""ewistʰuo"", -15.5131], [""pʰoke"", -17.3862], [""maw"", -17.4401], [""aker"", -17.7105], [""heloke"", -18.1056], [""arai"", -19.3721], [""awis"", -19.3861], [""tawarzio"", -19.7061]]"
inaida	epteziu	-17.0023	"[[""epteziu"", -17.0023], [""aker"", -17.0043], [""rom"", -18.0756], [""ewistʰuo"", -18.6864], [""maw"", -19.6907], [""pʰoke"", -20.617], [""heloke"", -21.3662], [""serunaitʰ"", -21.3867], [""zeronaitʰ"", -21.3867], [""arai"", -22.2182]]"
inaidaj	epteziu	-20.4958	"[[""epteziu"", -20.4958], [""aker"", -20.5105], [""rom"", -21.1864], [""ewistʰuo"", -21.8755], [""maw"", -23.1951], [""serunaitʰ"", -23.5816], [""zeronaitʰ"", -23.5816], [""pʰoke"", -23.901], [""heloke"", -24.6641], [""arai"", -25.3194]]"
inaidaja	aker	-23.3299	"[[""aker"", -23.3299], [""epteziu"", -23.9856], [""rom"", -24.3968], [""ewistʰuo"", -25.0567], [""maw"", -25.9987], [""serunaitʰ"", -26.1805], [""zeronaitʰ"", -26.1805], [""pʰoke"", -27.2198], [""heloke"", -27.9882], [""arai"", -28.3507]]"
inaidajas	aker	-26.8371	"[[""aker"", -26.8371], [""epteziu"", -27.4616], [""ewistʰuo"", -27.6245], [""rom"", -27.6749], [""awis"", -28.3451], [""maras"", -28.5099], [""serunaitʰ"", -28.5806], [""zeronaitʰ"", -28.5806], [""tis"", -29.2244], [""tawarsiu"", -29.3717]]"
inaj	maw	-13.9415	"[[""maw"", -13.9415], [""rom"", -13.9673], [""aker"", -14.4801], [""ewistʰuo"", -15.8413], [""arai"", -16.2846], [""awis"", -16.2986], [""maras"", -16.6877], [""siwai"", -16.7029], [""ziwai"", -16.7029], [""epteziu"", -17.763]]"
inaja	maw	-16.348	"[[""maw"", -16.348], [""rom"", -16.7809], [""aker"", -17.1211], [""ewistʰuo"", -18.0946], [""arai"", -18.979], [""awis"", -18.9936], [""maras"", -19.2779], [""siwai"", -19.2933], [""ziwai"", -19.2933], [""epteziu"", -20.6751]]"
inajar	arai	-18.9119	"[[""arai"", -18.9119], [""siwai"", -19.2116], [""ziwai"", -19.2116], [""ewistʰuo"", -19.5109], [""awis"", -19.5502], [""maw"", -19.8524], [""rom"", -19.8732], [""aker"", -20.6237], [""epteziu"", -21.5248], [""siasi"", -21.5681]]"
inajare	ewistʰuo	-20.1594	"[[""ewistʰuo"", -20.1594], [""awis"", -22.3911], [""arai"", -22.4033], [""siwai"", -22.6987], [""ziwai"", -22.6987], [""rom"", -23.0811], [""maw"", -23.3562], [""aker"", -24.1254], [""epteziu"", -24.3661], [""serunaitʰ"", -24.4316]]"
inajaret	ewistʰuo	-22.3504	"[[""ewistʰuo"", -22.3504], [""rom"", -23.7297], [""awis"", -25.5021], [""arai"", -25.8945], [""marasm"", -26.1572], [""siwai"", -26.184], [""ziwai"", -26.184], [""maw"", -26.7159], [""serunaitʰ"", -27.1544], [""zeronaitʰ"", -27.1544]]"
inajareta	ewistʰuo	-24.9561	"[[""ewistʰuo"", -24.9561], [""rom"", -27.2156], [""awis"", -28.7186], [""maw"", -28.7271], [""siwai"", -29.2799], [""ziwai"", -29.2799], [""arai"", -29.3699], [""marasm"", -29.6556], [""serunaitʰ"", -30.0886], [""zeronaitʰ"", -30.0886]]"
inam	maw	-13.9415	"[[""maw"", -13.9415], [""rom"", -13.9673], [""aker"", -14.4801], [""ewistʰuo"", -15.8413], [""arai"", -16.2846], [""awis"", -16.2986], [""maras"", -16.6877], [""siwai"", -16.7029], [""ziwai"", -16.7029], [""epteziu"", -17.763]]"
inama	maw	-16.348	"[[""maw"", -16.348], [""rom"", -16.7809], [""aker"", -17.1211], [""ewistʰuo"", -18.0946], [""arai"", -18.979], [""awis"", -18.9936], [""maras"", -19.2779], [""siwai"", -19.2933], [""ziwai"", -19.2933], [""epteziu"", -20.6751]]"
inamai	maw	-19.8524	"[[""maw"", -19.8524], [""rom"", -19.8732], [""pʰoke"", -20.0712], [""aker"", -20.5192], [""ewistʰuo"", -20.6058], [""heloke"", -20.9711], [""epteziu"", -21.9488], [""arai"", -22.031], [""awis"", -22.0457], [""maras"", -22.303]]"
inamain	rom	-23.0811	"[[""rom"", -23.0811], [""ewistʰuo"", -23.2918], [""maw"", -23.3562], [""pʰoke"", -23.575], [""aker"", -23.9273], [""epteziu"", -24.4423], [""heloke"", -24.4589], [""arai"", -25.217], [""awis"", -25.2317], [""maras"", -25.4776]]"
inamaina	aker	-23.485	"[[""aker"", -23.485], [""maw"", -26.0751], [""ewistʰuo"", -26.099], [""rom"", -26.264], [""pʰoke"", -27.0772], [""epteziu"", -27.278], [""heloke"", -27.9394], [""arai"", -28.3036], [""awis"", -28.3185], [""maras"", -28.5119]]"
inamainaj	aker	-26.9912	"[[""aker"", -26.9912], [""ewistʰuo"", -28.9907], [""rom"", -29.5211], [""maw"", -29.5807], [""epteziu"", -30.2807], [""pʰoke"", -30.5772], [""heloke"", -31.4124], [""arai"", -31.5078], [""awis"", -31.5227], [""maras"", -31.6914]]"
inamainaja	aker	-29.8138	"[[""aker"", -29.8138], [""ewistʰuo"", -31.946], [""maw"", -32.548], [""rom"", -32.7713], [""epteziu"", -33.3828], [""pʰoke"", -34.0749], [""arai"", -34.6687], [""awis"", -34.6837], [""maras"", -34.8118], [""siwai"", -34.8273]]"
inamas	awis	-18.9255	"[[""awis"", -18.9255], [""ewistʰuo"", -18.9486], [""tis"", -19.146], [""maras"", -19.1991], [""maw"", -19.8524], [""rom"", -19.8732], [""tawarsiu"", -20.6144], [""aker"", -20.6237], [""arai"", -22.031], [""epteziu"", -22.1424]]"
inamasi	ewistʰuo	-19.4688	"[[""ewistʰuo"", -19.4688], [""epteziu"", -21.9212], [""serunaitʰ"", -22.4046], [""zeronaitʰ"", -22.4051], [""awis"", -22.417], [""tis"", -22.5055], [""maras"", -22.6896], [""pʰoke"", -22.697], [""rom"", -23.0811], [""heloke"", -23.2397]]"
inamasir	ewistʰuo	-21.903	"[[""ewistʰuo"", -21.903], [""epteziu"", -22.4589], [""tawarsiu"", -24.0639], [""siasi"", -24.2301], [""tis"", -24.3153], [""siwai"", -24.9766], [""serunaitʰ"", -25.1171], [""zeronaitʰ"", -25.1833], [""arai"", -25.1938], [""ziwai"", -25.456]]"
inamasiru	ewistʰuo	-24.6428	"[[""ewistʰuo"", -24.6428], [""epteziu"", -25.2739], [""tawarsiu"", -26.9075], [""heloke"", -27.1842], [""tis"", -27.2258], [""siasi"", -27.6493], [""serunaitʰ"", -28.0659], [""zeronaitʰ"", -28.2196], [""siwai"", -28.3025], [""arai"", -28.6933]]"
inamasirut	ewistʰuo	-27.5372	"[[""ewistʰuo"", -27.5372], [""epteziu"", -28.3593], [""tawarsiu"", -30.0195], [""heloke"", -30.0285], [""rom"", -30.3499], [""marasm"", -30.3533], [""tis"", -30.3621], [""siasi"", -31.0374], [""serunaitʰ"", -31.1346], [""zeronaitʰ"", -31.3697]]"
inu	aker	-12.8085	"[[""aker"", -12.8085], [""heloke"", -13.1497], [""pʰoke"", -14.6162], [""rom"", -14.7934], [""maw"", -14.7934], [""tis"", -14.7934], [""epteziu"", -14.9854], [""ewistʰuo"", -14.9983], [""arai"", -15.5419], [""awis"", -15.5419]]"
inui	heloke	-9.7293	"[[""heloke"", -9.7293], [""pʰoke"", -11.2259], [""aker"", -12.8381], [""epteziu"", -15.5501], [""ewistʰuo"", -17.4187], [""tis"", -17.8279], [""rom"", -17.8279], [""maw"", -17.8279], [""awis"", -18.5167], [""arai"", -18.5167]]"
inuin	heloke	-13.2364	"[[""heloke"", -13.2364], [""pʰoke"", -14.7328], [""aker"", -15.668], [""epteziu"", -17.9973], [""ewistʰuo"", -20.0492], [""rom"", -20.9547], [""maw"", -20.9547], [""tis"", -20.9547], [""arai"", -21.5964], [""awis"", -21.5964]]"
inuina	aker	-13.5858	"[[""aker"", -13.5858], [""heloke"", -16.7433], [""pʰoke"", -18.2396], [""maw"", -20.0135], [""epteziu"", -20.8175], [""rom"", -21.628], [""sialkʰwis"", -22.5742], [""ewistʰuo"", -22.6295], [""arai"", -23.1912], [""awis"", -23.2036]]"
inuinai	aker	-17.0903	"[[""aker"", -17.0903], [""heloke"", -19.5425], [""pʰoke"", -20.9599], [""maw"", -23.5165], [""epteziu"", -23.5612], [""rom"", -24.4573], [""ewistʰuo"", -25.0932], [""sialkʰwis"", -25.3762], [""arai"", -26.0636], [""awis"", -26.0769]]"
inuinaid	aker	-20.5947	"[[""aker"", -20.5947], [""epteziu"", -22.0516], [""heloke"", -23.0466], [""pʰoke"", -24.4421], [""ewistʰuo"", -24.9556], [""rom"", -25.7493], [""maw"", -27.0188], [""sialkʰwis"", -28.4622], [""tawarsiu"", -28.8355], [""tawarzio"", -28.8355]]"
inuinaida	aker	-23.0004	"[[""aker"", -23.0004], [""epteziu"", -25.5521], [""heloke"", -26.5505], [""pʰoke"", -27.9242], [""ewistʰuo"", -28.162], [""rom"", -28.5929], [""maw"", -29.5627], [""serunaitʰ"", -30.3318], [""zeronaitʰ"", -30.3318], [""sialkʰwis"", -31.1989]]"
inuinaidaj	aker	-26.5074	"[[""aker"", -26.5074], [""epteziu"", -29.0506], [""heloke"", -30.0543], [""ewistʰuo"", -31.3901], [""pʰoke"", -31.4061], [""rom"", -31.7042], [""serunaitʰ"", -32.5334], [""zeronaitʰ"", -32.5334], [""maw"", -33.0681], [""sialkʰwis"", -34.2657]]"
inuj	aker	-15.6287	"[[""aker"", -15.6287], [""heloke"", -15.977], [""pʰoke"", -17.4178], [""ewistʰuo"", -17.4222], [""epteziu"", -17.763], [""rom"", -17.8279], [""maw"", -17.8279], [""tis"", -17.8279], [""arai"", -18.5167], [""awis"", -18.5167]]"
inuja	aker	-16.1097	"[[""aker"", -16.1097], [""maw"", -16.7419], [""rom"", -18.1423], [""heloke"", -19.0766], [""sialkʰwis"", -19.756], [""ewistʰuo"", -19.8792], [""arai"", -19.9003], [""awis"", -19.9132], [""maras"", -20.1689], [""siwai"", -20.1839]]"
inujas	tis	-19.146	"[[""tis"", -19.146], [""sialkʰwis"", -19.5743], [""aker"", -19.5921], [""awis"", -19.7301], [""maras"", -19.9677], [""maw"", -20.2444], [""ewistʰuo"", -20.3071], [""rom"", -20.9623], [""epteziu"", -22.1424], [""heloke"", -22.28]]"
inujasa	ewistʰuo	-20.8231	"[[""ewistʰuo"", -20.8231], [""aker"", -22.1006], [""tis"", -22.5055], [""maw"", -22.8313], [""sialkʰwis"", -22.9866], [""awis"", -23.1872], [""maras"", -23.4162], [""rom"", -23.7846], [""serunaitʰ"", -24.1988], [""zeronaitʰ"", -24.1995]]"
inujasas	ewistʰuo	-22.9096	"[[""ewistʰuo"", -22.9096], [""tis"", -23.6251], [""epteziu"", -24.398], [""sialkʰwis"", -24.7171], [""awis"", -25.2342], [""maras"", -25.3882], [""aker"", -25.5987], [""tawarsiu"", -26.3177], [""maw"", -26.3365], [""rom"", -26.8799]]"
inujasasa	ewistʰuo	-24.001	"[[""ewistʰuo"", -24.001], [""epteziu"", -26.8023], [""tis"", -27.1076], [""napʰotʰ"", -27.687], [""sialkʰwis"", -28.1855], [""aker"", -28.4519], [""awis"", -28.7221], [""serunaitʰ"", -28.8667], [""maras"", -28.8734], [""zeronaitʰ"", -28.9615]]"
inujasasar	ewistʰuo	-26.4854	"[[""ewistʰuo"", -26.4854], [""epteziu"", -27.1993], [""siasi"", -27.2682], [""hktaonosi"", -29.128], [""tawarsiu"", -29.8588], [""siwai"", -29.8798], [""tis"", -30.0295], [""napʰotʰ"", -30.4978], [""sialkʰwis"", -30.8763], [""arai"", -31.6167]]"
inw	heloke	-13.1645	"[[""heloke"", -13.1645], [""rom"", -14.7934], [""maw"", -14.7934], [""tis"", -14.7934], [""epteziu"", -14.9854], [""ewistʰuo"", -14.9983], [""aker"", -15.2008], [""arai"", -15.5419], [""awis"", -15.5419], [""pʰoke"", -16.474]]"
inwa	maw	-13.5339	"[[""maw"", -13.5339], [""aker"", -14.3222], [""rom"", -14.6534], [""heloke"", -15.6092], [""arai"", -16.65], [""awis"", -16.6633], [""maras"", -16.9707], [""siwai"", -16.9858], [""ziwai"", -16.9858], [""ewistʰuo"", -17.0037]]"
inwaz	maw	-16.1755	"[[""maw"", -16.1755], [""aker"", -17.0517], [""rom"", -17.0751], [""heloke"", -18.4317], [""ewistʰuo"", -19.0222], [""arai"", -19.0564], [""awis"", -19.0598], [""maras"", -19.2809], [""siwai"", -19.284], [""ziwai"", -19.284]]"
inwaza	maw	-19.1468	"[[""maw"", -19.1468], [""rom"", -19.8871], [""aker"", -20.0599], [""ewistʰuo"", -21.2843], [""napʰotʰ"", -21.3629], [""heloke"", -21.4299], [""arai"", -21.8159], [""awis"", -21.8201], [""maras"", -21.9932], [""siwai"", -21.9974]]"
inwazaΦ	ewistʰuo	-21.0942	"[[""ewistʰuo"", -21.0942], [""rom"", -21.1561], [""heloke"", -21.5886], [""napʰotʰ"", -22.4167], [""maw"", -22.6527], [""tawarsiu"", -23.4063], [""tawarzio"", -23.4063], [""epteziu"", -23.4924], [""aker"", -23.5643], [""pʰoke"", -24.8628]]"
inwazaΦn	rom	-24.025	"[[""rom"", -24.025], [""ewistʰuo"", -24.2913], [""heloke"", -24.4056], [""napʰotʰ"", -24.6859], [""maw"", -26.1584], [""tawarsiu"", -26.9046], [""tawarzio"", -26.9046], [""epteziu"", -26.9823], [""aker"", -27.0681], [""zeronaitʰ"", -27.1141]]"
inwazaΦni	heloke	-24.2652	"[[""heloke"", -24.2652], [""rom"", -27.1457], [""napʰotʰ"", -27.4151], [""ewistʰuo"", -27.5211], [""pʰoke"", -27.5347], [""serunaitʰ"", -29.3957], [""zeronaitʰ"", -29.3957], [""maw"", -29.6638], [""epteziu"", -30.2977], [""tawarzio"", -30.3997]]"
ipi	maw	-10.4671	"[[""maw"", -10.4671], [""rom"", -11.1061], [""pʰoke"", -11.5992], [""heloke"", -12.0976], [""epteziu"", -12.4895], [""aker"", -13.12], [""maras"", -13.4918], [""aomai"", -13.8721], [""tis"", -14.7934], [""ewistʰuo"", -14.9882]]"
ipin	maw	-13.5548	"[[""maw"", -13.5548], [""rom"", -14.5992], [""epteziu"", -14.9172], [""pʰoke"", -15.0984], [""heloke"", -15.5544], [""aker"", -15.9604], [""maras"", -16.2808], [""aomai"", -16.9519], [""ewistʰuo"", -17.3518], [""tis"", -17.8279]]"
ipina	aker	-13.9169	"[[""aker"", -13.9169], [""maw"", -14.1726], [""rom"", -17.4519], [""maras"", -17.519], [""epteziu"", -17.7298], [""pʰoke"", -18.5918], [""heloke"", -18.9922], [""ewistʰuo"", -19.6179], [""arai"", -19.9003], [""awis"", -19.9132]]"
ipinam	aker	-17.423	"[[""aker"", -17.423], [""maw"", -17.6607], [""maras"", -20.3631], [""rom"", -20.557], [""epteziu"", -20.7194], [""ewistʰuo"", -21.8403], [""pʰoke"", -22.0777], [""heloke"", -22.4134], [""marasm"", -22.6342], [""arai"", -22.7563]]"
ipinama	aker	-20.2358	"[[""aker"", -20.2358], [""maw"", -20.244], [""maras"", -23.0776], [""rom"", -23.5601], [""epteziu"", -23.8122], [""ewistʰuo"", -24.249], [""marasm"", -25.3101], [""arai"", -25.5246], [""awis"", -25.539], [""pʰoke"", -25.5542]]"
ipinamai	aker	-23.7397	"[[""aker"", -23.7397], [""maw"", -23.7438], [""maras"", -26.1357], [""pʰoke"", -26.1884], [""heloke"", -26.4262], [""rom"", -26.7258], [""epteziu"", -26.7317], [""ewistʰuo"", -26.828], [""marasm"", -28.1889], [""arai"", -28.6002]]"
ipinamain	maw	-27.2435	"[[""maw"", -27.2435], [""aker"", -27.2436], [""maras"", -29.3248], [""ewistʰuo"", -29.5483], [""pʰoke"", -29.6932], [""epteziu"", -29.7054], [""heloke"", -29.9234], [""rom"", -29.9729], [""marasm"", -31.2039], [""arai"", -31.7984]]"
ipinamaina	aker	-29.5616	"[[""aker"", -29.5616], [""maw"", -30.0871], [""ewistʰuo"", -32.3764], [""maras"", -32.4156], [""epteziu"", -32.7622], [""rom"", -33.1882], [""pʰoke"", -33.197], [""heloke"", -33.4178], [""marasm"", -34.2503], [""serunaitʰ"", -34.8658]]"
ipinamas	maras	-23.01	"[[""maras"", -23.01], [""aker"", -23.7429], [""maw"", -23.7438], [""ewistʰuo"", -25.2446], [""awis"", -25.4697], [""tis"", -25.8475], [""marasm"", -26.3835], [""rom"", -26.7258], [""epteziu"", -26.7928], [""tawarsiu"", -26.8925]]"
ipinamasi	ewistʰuo	-25.7846	"[[""ewistʰuo"", -25.7846], [""maras"", -26.5018], [""maw"", -27.2435], [""aker"", -27.2463], [""epteziu"", -27.9924], [""serunaitʰ"", -28.0624], [""zeronaitʰ"", -28.0625], [""awis"", -28.9624], [""pʰoke"", -29.1437], [""marasm"", -29.2287]]"
ipinamasir	ewistʰuo	-28.2196	"[[""ewistʰuo"", -28.2196], [""epteziu"", -28.6093], [""maras"", -29.9932], [""tawarsiu"", -30.3425], [""siasi"", -30.7365], [""maw"", -30.743], [""aker"", -30.7497], [""serunaitʰ"", -30.8241], [""zeronaitʰ"", -30.8416], [""tis"", -31.2733]]"
ira	siwai	-10.4341	"[[""siwai"", -10.4341], [""ziwai"", -10.4341], [""maw"", -10.4411], [""aker"", -10.9807], [""rom"", -11.1612], [""arai"", -12.4462], [""tis"", -12.5357], [""awis"", -12.666], [""ewistʰuo"", -12.8126], [""epteziu"", -13.086]]"
iru	tis	-12.5357	"[[""tis"", -12.5357], [""aker"", -12.8085], [""arai"", -12.8263], [""ewistʰuo"", -13.0021], [""epteziu"", -13.086], [""heloke"", -13.1497], [""awis"", -13.1567], [""siwai"", -13.5713], [""ziazi"", -13.5713], [""ziwai"", -13.5713]]"
irut	rom	-13.5183	"[[""rom"", -13.5183], [""maw"", -14.6534], [""ewistʰuo"", -15.2031], [""aker"", -15.6287], [""tis"", -15.631], [""heloke"", -15.977], [""epteziu"", -16.1328], [""awis"", -16.2469], [""arai"", -16.2888], [""aomai"", -16.458]]"
irute	rom	-17.0202	"[[""rom"", -17.0202], [""maw"", -17.4657], [""ewistʰuo"", -17.8088], [""aker"", -18.7198], [""tis"", -18.8406], [""heloke"", -19.0766], [""epteziu"", -19.2849], [""awis"", -19.4518], [""aomai"", -19.4904], [""arai"", -19.7409]]"
irutei	heloke	-16.7349	"[[""heloke"", -16.7349], [""pʰoke"", -18.1346], [""aker"", -19.7719], [""rom"", -20.521], [""maw"", -20.557], [""ewistʰuo"", -20.62], [""epteziu"", -21.6098], [""tis"", -22.1134], [""aomai"", -22.6669], [""awis"", -22.7199]]"
iruteid	epteziu	-19.7973	"[[""epteziu"", -19.7973], [""heloke"", -20.2391], [""ewistʰuo"", -20.6931], [""pʰoke"", -21.6038], [""aker"", -22.6301], [""maw"", -23.7641], [""rom"", -23.9612], [""tis"", -25.4263], [""aomai"", -25.8933], [""awis"", -26.0278]]"
iruteidi	heloke	-22.9985	"[[""heloke"", -22.9985], [""epteziu"", -23.2908], [""pʰoke"", -23.8955], [""ewistʰuo"", -23.9505], [""aker"", -25.4701], [""maw"", -27.0351], [""rom"", -27.4046], [""tis"", -28.7671], [""napʰotʰ"", -28.9193], [""aomai"", -29.1555]]"
isi	epteziu	-8.9658	"[[""epteziu"", -8.9658], [""tis"", -9.3632], [""pʰoke"", -9.5747], [""heloke"", -9.6488], [""ewistʰuo"", -11.7145], [""siasi"", -12.7555], [""siwai"", -12.809], [""awis"", -12.8263], [""aker"", -13.12], [""hulaies"", -13.7738]]"
isir	epteziu	-9.5044	"[[""epteziu"", -9.5044], [""tis"", -10.4003], [""siasi"", -11.5716], [""siwai"", -11.8822], [""heloke"", -12.4846], [""pʰoke"", -12.9226], [""holaiesi"", -13.7119], [""serunaitʰ"", -13.8136], [""ewistʰuo"", -14.1599], [""arai"", -14.7695]]"
ite	maw	-10.4671	"[[""maw"", -10.4671], [""rom"", -11.1061], [""maras"", -13.4918], [""aomai"", -13.8721], [""tis"", -14.7934], [""epteziu"", -14.9854], [""ewistʰuo"", -14.9983], [""aker"", -15.2008], [""marasm"", -15.3576], [""arai"", -15.5419]]"
ites	tis	-12.5619	"[[""tis"", -12.5619], [""maras"", -12.8127], [""maw"", -13.5548], [""rom"", -14.5992], [""awis"", -14.7695], [""epteziu"", -15.551], [""ewistʰuo"", -15.8597], [""marasm"", -16.1931], [""aomai"", -16.9519], [""siasi"", -17.0539]]"
itesi	epteziu	-15.3078	"[[""epteziu"", -15.3078], [""tis"", -15.8501], [""pʰoke"", -16.2055], [""maras"", -16.2989], [""heloke"", -16.4754], [""maw"", -16.7601], [""ewistʰuo"", -17.2267], [""rom"", -18.0891], [""awis"", -18.2651], [""marasm"", -19.016]]"
itesir	epteziu	-15.8444	"[[""epteziu"", -15.8444], [""tis"", -17.3576], [""siasi"", -17.8463], [""siwai"", -18.8569], [""heloke"", -19.3982], [""pʰoke"", -19.6008], [""ewistʰuo"", -19.6916], [""maras"", -19.7792], [""aomai"", -20.0005], [""maw"", -20.0299]]"
itesira	siwai	-18.1889	"[[""siwai"", -18.1889], [""epteziu"", -18.6593], [""aker"", -20.2266], [""tis"", -20.2422], [""maw"", -20.6894], [""siasi"", -21.1941], [""heloke"", -22.3806], [""ewistʰuo"", -22.4323], [""serunaitʰ"", -22.8296], [""pʰoke"", -22.9283]]"
itet	rom	-13.2363	"[[""rom"", -13.2363], [""maw"", -13.2776], [""marasm"", -14.1638], [""maras"", -16.1369], [""aomai"", -16.2876], [""ewistʰuo"", -17.4222], [""epteziu"", -17.763], [""tis"", -17.8279], [""aker"", -18.2406], [""heloke"", -18.5077]]"
itete	maw	-16.3689	"[[""maw"", -16.3689], [""rom"", -16.7397], [""marasm"", -17.65], [""maras"", -19.0055], [""aomai"", -19.2721], [""ewistʰuo"", -20.0799], [""epteziu"", -20.6751], [""tis"", -20.9547], [""aker"", -21.3661], [""heloke"", -21.5727]]"
iteter	aomai	-19.2067	"[[""aomai"", -19.2067], [""maw"", -19.5763], [""rom"", -20.2423], [""arai"", -20.9324], [""marasm"", -21.1235], [""epteziu"", -21.5248], [""siwai"", -21.5681], [""ziwai"", -21.5681], [""siasi"", -21.5681], [""ziazi"", -21.5681]]"
itetere	aomai	-22.7027	"[[""aomai"", -22.7027], [""maw"", -22.8478], [""rom"", -23.744], [""epteziu"", -24.3661], [""arai"", -24.4325], [""marasm"", -24.5821], [""ewistʰuo"", -24.9815], [""siwai"", -25.0354], [""ziazi"", -25.0354], [""ziwai"", -25.0354]]"
iteterep	marasm	-25.6969	"[[""marasm"", -25.6969], [""maw"", -26.086], [""aomai"", -26.1792], [""rom"", -26.2229], [""ewistʰuo"", -27.4357], [""epteziu"", -27.4701], [""arai"", -27.9312], [""maras"", -28.2437], [""murinail"", -28.2958], [""morinail"", -28.2958]]"
iti	maw	-10.4671	"[[""maw"", -10.4671], [""rom"", -11.1061], [""pʰoke"", -11.5992], [""heloke"", -12.0976], [""epteziu"", -12.4895], [""aker"", -13.12], [""maras"", -13.4918], [""aomai"", -13.8721], [""tis"", -14.7934], [""ewistʰuo"", -14.9882]]"
itu	maw	-10.4671	"[[""maw"", -10.4671], [""rom"", -11.1061], [""aker"", -12.8085], [""heloke"", -13.1497], [""maras"", -13.4918], [""aomai"", -13.8721], [""pʰoke"", -14.6162], [""tis"", -14.7934], [""epteziu"", -14.9854], [""ewistʰuo"", -14.9983]]"
ituj	maw	-13.5548	"[[""maw"", -13.5548], [""rom"", -14.5992], [""aker"", -15.6287], [""heloke"", -15.977], [""maras"", -16.2808], [""aomai"", -16.9519], [""pʰoke"", -17.4178], [""ewistʰuo"", -17.4222], [""epteziu"", -17.763], [""tis"", -17.8279]]"
ituja	maw	-14.1726	"[[""maw"", -14.1726], [""aker"", -16.1097], [""rom"", -17.4519], [""maras"", -17.519], [""heloke"", -19.0766], [""sialkʰwis"", -19.756], [""ewistʰuo"", -19.8792], [""arai"", -19.9003], [""awis"", -19.9132], [""marasm"", -20.044]]"
itujas	maras	-17.3567	"[[""maras"", -17.3567], [""maw"", -17.6607], [""tis"", -19.146], [""sialkʰwis"", -19.5743], [""aker"", -19.5921], [""awis"", -19.7301], [""ewistʰuo"", -20.3071], [""rom"", -20.557], [""marasm"", -20.7506], [""epteziu"", -22.1424]]"
iΘt	rom	-10.4256	"[[""rom"", -10.4256], [""maw"", -11.1612], [""aomai"", -13.8861], [""maras"", -14.5763], [""tis"", -14.7934], [""epteziu"", -14.9854], [""ewistʰuo"", -14.9983], [""aker"", -15.2008], [""marasm"", -15.2294], [""arai"", -15.5419]]"
iΘti	rom	-13.926	"[[""rom"", -13.926], [""maw"", -13.9673], [""pʰoke"", -14.2467], [""heloke"", -14.9027], [""epteziu"", -15.5501], [""aker"", -16.2066], [""aomai"", -16.6877], [""maras"", -16.9805], [""ewistʰuo"", -17.4187], [""tis"", -17.8279]]"
iΘtij	maw	-17.0565	"[[""maw"", -17.0565], [""rom"", -17.4248], [""pʰoke"", -17.7485], [""epteziu"", -17.9973], [""heloke"", -18.3768], [""aker"", -19.0572], [""aomai"", -19.7721], [""maras"", -19.7747], [""ewistʰuo"", -20.0492], [""tis"", -20.9547]]"
iΘtija	aker	-17.0153	"[[""aker"", -17.0153], [""maw"", -17.6605], [""rom"", -20.5479], [""epteziu"", -20.8175], [""maras"", -21.0075], [""pʰoke"", -21.247], [""heloke"", -21.8381], [""ewistʰuo"", -22.6295], [""aomai"", -22.9727], [""arai"", -23.1912]]"
iΘtijas	aker	-20.5215	"[[""aker"", -20.5215], [""maras"", -20.8431], [""maw"", -21.1489], [""tis"", -22.4864], [""awis"", -23.0125], [""ewistʰuo"", -23.1337], [""epteziu"", -23.6034], [""rom"", -23.7709], [""marasm"", -24.2331], [""hulaies"", -24.3278]]"
iΘtijasa	aker	-23.3354	"[[""aker"", -23.3354], [""ewistʰuo"", -23.6468], [""maw"", -23.736], [""maras"", -24.2934], [""tis"", -25.8672], [""serunaitʰ"", -26.2578], [""zeronaitʰ"", -26.2579], [""awis"", -26.473], [""epteziu"", -26.4832], [""rom"", -26.8799]]"
iΘtijasas	ewistʰuo	-25.7379	"[[""ewistʰuo"", -25.7379], [""maras"", -26.2816], [""aker"", -26.8425], [""tis"", -27.1042], [""epteziu"", -27.1666], [""maw"", -27.236], [""awis"", -28.5531], [""serunaitʰ"", -29.0198], [""zeronaitʰ"", -29.022], [""marasm"", -29.378]]"
iΘtijasasa	ewistʰuo	-26.8388	"[[""ewistʰuo"", -26.8388], [""epteziu"", -29.5982], [""maras"", -29.7669], [""aker"", -29.9417], [""maw"", -30.1405], [""tis"", -30.5874], [""serunaitʰ"", -30.9692], [""napʰotʰ"", -30.9751], [""zeronaitʰ"", -30.9916], [""awis"", -32.0421]]"
iΘu	aker	-12.8085	"[[""aker"", -12.8085], [""heloke"", -13.1497], [""pʰoke"", -14.6162], [""rom"", -14.7934], [""maw"", -14.7934], [""tis"", -14.7934], [""epteziu"", -14.9854], [""ewistʰuo"", -14.9983], [""arai"", -15.5419], [""awis"", -15.5419]]"
iΘuj	aker	-15.6287	"[[""aker"", -15.6287], [""heloke"", -15.977], [""pʰoke"", -17.4178], [""ewistʰuo"", -17.4222], [""epteziu"", -17.763], [""rom"", -17.8279], [""maw"", -17.8279], [""tis"", -17.8279], [""arai"", -18.5167], [""awis"", -18.5167]]"
iΘuja	aker	-16.1097	"[[""aker"", -16.1097], [""maw"", -16.7419], [""rom"", -18.1423], [""heloke"", -19.0766], [""sialkʰwis"", -19.756], [""ewistʰuo"", -19.8792], [""arai"", -19.9003], [""awis"", -19.9132], [""maras"", -20.1689], [""siwai"", -20.1839]]"
iΘut	rom	-13.5183	"[[""rom"", -13.5183], [""maw"", -14.6534], [""aker"", -15.6287], [""heloke"", -15.977], [""aomai"", -16.9707], [""pʰoke"", -17.4178], [""ewistʰuo"", -17.4222], [""epteziu"", -17.763], [""tis"", -17.8279], [""marasm"", -17.9567]]"
iΘuti	heloke	-13.2327	"[[""heloke"", -13.2327], [""pʰoke"", -14.6889], [""aker"", -16.3049], [""rom"", -17.0202], [""maw"", -17.4657], [""epteziu"", -18.7203], [""aomai"", -19.777], [""ewistʰuo"", -20.0784], [""maras"", -20.4603], [""tis"", -20.9547]]"
iΘutin	heloke	-16.7396	"[[""heloke"", -16.7396], [""pʰoke"", -18.1957], [""aker"", -19.1492], [""rom"", -20.521], [""maw"", -20.557], [""epteziu"", -21.1894], [""aomai"", -22.864], [""ewistʰuo"", -22.8694], [""maras"", -23.2634], [""tis"", -24.1427]]"
iΘutinu	heloke	-20.2394	"[[""heloke"", -20.2394], [""pʰoke"", -21.6945], [""aker"", -22.2398], [""maw"", -23.7641], [""epteziu"", -24.017], [""rom"", -24.0207], [""ewistʰuo"", -25.7531], [""aomai"", -26.0668], [""maras"", -26.2409], [""tis"", -27.3745]]"
iΘutinuj	heloke	-23.739	"[[""heloke"", -23.739], [""pʰoke"", -25.193], [""aker"", -25.4536], [""epteziu"", -27.0155], [""maw"", -27.0351], [""rom"", -27.5192], [""ewistʰuo"", -28.7072], [""maras"", -29.321], [""aomai"", -29.3331], [""napʰotʰ"", -30.527]]"
iΘutinuja	aker	-24.0882	"[[""aker"", -24.0882], [""heloke"", -27.2387], [""maw"", -27.6795], [""pʰoke"", -28.6913], [""epteziu"", -30.115], [""rom"", -30.758], [""maras"", -30.9635], [""sialkʰwis"", -31.246], [""ewistʰuo"", -31.6778], [""aomai"", -32.6396]]"
iΘutinujas	aker	-27.5943	"[[""aker"", -27.5943], [""heloke"", -30.7382], [""maras"", -30.7825], [""sialkʰwis"", -31.048], [""maw"", -31.1749], [""pʰoke"", -32.1875], [""tis"", -32.6138], [""awis"", -33.0092], [""epteziu"", -33.1783], [""ewistʰuo"", -33.3734]]"
iΘw	heloke	-13.1645	"[[""heloke"", -13.1645], [""rom"", -14.7934], [""maw"", -14.7934], [""tis"", -14.7934], [""epteziu"", -14.9854], [""ewistʰuo"", -14.9983], [""aker"", -15.2008], [""arai"", -15.5419], [""awis"", -15.5419], [""pʰoke"", -16.474]]"
iΘwa	maw	-13.5339	"[[""maw"", -13.5339], [""aker"", -14.3222], [""rom"", -14.6534], [""heloke"", -15.6092], [""arai"", -16.65], [""awis"", -16.6633], [""maras"", -16.9707], [""siwai"", -16.9858], [""ziwai"", -16.9858], [""ewistʰuo"", -17.0037]]"
iΘwae	maw	-17.0357	"[[""maw"", -17.0357], [""rom"", -17.4657], [""aker"", -17.8211], [""heloke"", -18.4317], [""ewistʰuo"", -19.1052], [""napʰotʰ"", -19.2924], [""arai"", -19.4889], [""awis"", -19.5027], [""maras"", -19.777], [""siwai"", -19.7923]]"
iΘwaea	maw	-19.5581	"[[""maw"", -19.5581], [""rom"", -20.2832], [""aker"", -20.4537], [""napʰotʰ"", -21.3629], [""heloke"", -21.4299], [""ewistʰuo"", -21.4709], [""arai"", -22.2269], [""awis"", -22.2414], [""maras"", -22.4365], [""siwai"", -22.4519]]"
iΘwaead	ewistʰuo	-21.3216	"[[""ewistʰuo"", -21.3216], [""rom"", -21.5585], [""heloke"", -21.5886], [""napʰotʰ"", -22.4167], [""maw"", -23.063], [""epteziu"", -23.4924], [""aker"", -23.9564], [""tawarsiu"", -24.2205], [""tawarzio"", -24.2205], [""pʰoke"", -24.8628]]"
iΘwaeadi	heloke	-21.341	"[[""heloke"", -21.341], [""rom"", -24.4278], [""ewistʰuo"", -24.5264], [""pʰoke"", -24.6466], [""napʰotʰ"", -24.6859], [""maw"", -26.5674], [""epteziu"", -26.8313], [""aker"", -27.3343], [""serunaitʰ"", -27.45], [""zeronaitʰ"", -27.45]]"
iΘwaeadik	heloke	-24.8254	"[[""heloke"", -24.8254], [""epteziu"", -25.9437], [""napʰotʰ"", -27.4151], [""rom"", -27.5486], [""ewistʰuo"", -27.7659], [""pʰoke"", -28.1299], [""zeronaitʰ"", -29.7676], [""serunaitʰ"", -29.7676], [""maw"", -30.0714], [""tawarzio"", -30.1675]]"
iΘwaeadiki	heloke	-27.0921	"[[""heloke"", -27.0921], [""epteziu"", -28.7483], [""napʰotʰ"", -30.3527], [""pʰoke"", -30.3569], [""rom"", -30.7779], [""ewistʰuo"", -31.0217], [""zeronaitʰ"", -32.4092], [""serunaitʰ"", -32.4095], [""tawarzio"", -33.1608], [""maw"", -33.575]]"
iΘwaj	maw	-17.0357	"[[""maw"", -17.0357], [""rom"", -17.4657], [""aker"", -17.8211], [""heloke"", -18.4317], [""ewistʰuo"", -19.1052], [""napʰotʰ"", -19.2924], [""arai"", -19.4889], [""awis"", -19.5027], [""maras"", -19.777], [""siwai"", -19.7923]]"
iΘwaja	maw	-19.5581	"[[""maw"", -19.5581], [""rom"", -20.2832], [""aker"", -20.4537], [""napʰotʰ"", -21.3629], [""heloke"", -21.4299], [""ewistʰuo"", -21.4709], [""arai"", -22.2269], [""awis"", -22.2414], [""maras"", -22.4365], [""siwai"", -22.4519]]"
iΘwajaa	maw	-22.5002	"[[""maw"", -22.5002], [""rom"", -23.23], [""aker"", -23.4321], [""napʰotʰ"", -23.826], [""ewistʰuo"", -24.0219], [""heloke"", -24.5309], [""arai"", -25.0893], [""awis"", -25.1041], [""maras"", -25.2448], [""siwai"", -25.2603]]"
iΘwajaad	ewistʰuo	-23.9546	"[[""ewistʰuo"", -23.9546], [""rom"", -24.6442], [""heloke"", -25.0745], [""napʰotʰ"", -25.3252], [""maw"", -26.0062], [""tawarsiu"", -26.4613], [""tawarzio"", -26.4613], [""epteziu"", -26.5866], [""aker"", -26.9365], [""pʰoke"", -28.0935]]"
iΘwajaadi	heloke	-24.7978	"[[""heloke"", -24.7978], [""ewistʰuo"", -27.1749], [""rom"", -27.5219], [""napʰotʰ"", -27.6504], [""pʰoke"", -27.868], [""maw"", -29.512], [""tawarzio"", -29.9601], [""tawarsiu"", -29.9601], [""epteziu"", -29.961], [""aker"", -30.3539]]"
iΘwajaadik	heloke	-28.2832	"[[""heloke"", -28.2832], [""epteziu"", -29.3003], [""napʰotʰ"", -30.3984], [""ewistʰuo"", -30.433], [""rom"", -30.6458], [""pʰoke"", -31.3517], [""tawarzio"", -32.5497], [""zeronaitʰ"", -32.8361], [""serunaitʰ"", -32.8361], [""maw"", -33.0175]]"
iΘwajaaj	maw	-26.0062	"[[""maw"", -26.0062], [""rom"", -26.372], [""napʰotʰ"", -26.5082], [""ewistʰuo"", -26.7102], [""aker"", -26.9365], [""heloke"", -27.6995], [""arai"", -28.1976], [""awis"", -28.2126], [""maras"", -28.3349], [""siwai"", -28.3504]]"
iΘwajaaja	maw	-29.0509	"[[""maw"", -29.0509], [""napʰotʰ"", -29.3314], [""ewistʰuo"", -29.5071], [""rom"", -29.5366], [""aker"", -29.9887], [""heloke"", -30.9163], [""arai"", -31.3011], [""awis"", -31.3162], [""maras"", -31.4106], [""siwai"", -31.4261]]"
iΘwajaj	maw	-23.063	"[[""maw"", -23.063], [""rom"", -23.3769], [""napʰotʰ"", -23.826], [""aker"", -23.9564], [""ewistʰuo"", -24.0322], [""heloke"", -24.5309], [""arai"", -25.2925], [""awis"", -25.3071], [""maras"", -25.4804], [""siwai"", -25.4958]]"
iΘwajaja	maw	-25.9312	"[[""maw"", -25.9312], [""rom"", -26.4746], [""napʰotʰ"", -26.5082], [""ewistʰuo"", -26.7397], [""aker"", -26.8614], [""heloke"", -27.6995], [""arai"", -28.3133], [""awis"", -28.3282], [""maras"", -28.4595], [""siwai"", -28.4749]]"
iΘwajajaa	maw	-29.0031	"[[""maw"", -29.0031], [""napʰotʰ"", -29.3314], [""ewistʰuo"", -29.5523], [""rom"", -29.6104], [""aker"", -29.9405], [""heloke"", -30.9163], [""arai"", -31.3664], [""awis"", -31.3815], [""maras"", -31.4745], [""siwai"", -31.49]]"
iΘwajajad	ewistʰuo	-26.7559	"[[""ewistʰuo"", -26.7559], [""rom"", -28.1144], [""napʰotʰ"", -28.3301], [""heloke"", -28.5573], [""maw"", -29.4371], [""tawarsiu"", -29.5394], [""tawarzio"", -29.5394], [""epteziu"", -29.7291], [""aker"", -30.3656], [""pʰoke"", -31.3563]]"
iΘwajajadi	heloke	-28.2556	"[[""heloke"", -28.2556], [""ewistʰuo"", -29.9935], [""napʰotʰ"", -30.7123], [""rom"", -31.0089], [""pʰoke"", -31.1218], [""maw"", -32.9428], [""tawarzio"", -33.0389], [""tawarsiu"", -33.0389], [""epteziu"", -33.1287], [""aker"", -33.7785]]"
iΘwajajai	heloke	-26.091	"[[""heloke"", -26.091], [""napʰotʰ"", -29.3314], [""pʰoke"", -29.4018], [""maw"", -29.4371], [""ewistʰuo"", -29.5547], [""rom"", -29.6855], [""aker"", -30.2852], [""arai"", -31.4862], [""awis"", -31.5012], [""maras"", -31.6145]]"
iΘwajajain	heloke	-29.5967	"[[""heloke"", -29.5967], [""napʰotʰ"", -32.2535], [""ewistʰuo"", -32.4535], [""pʰoke"", -32.9067], [""maw"", -32.9428], [""rom"", -32.9591], [""aker"", -33.7151], [""epteziu"", -34.3848], [""arai"", -34.7367], [""awis"", -34.7517]]"
iΘwajajaj	napʰotʰ	-29.3314	"[[""napʰotʰ"", -29.3314], [""maw"", -29.4371], [""ewistʰuo"", -29.5547], [""rom"", -29.6855], [""aker"", -30.3656], [""heloke"", -30.9163], [""arai"", -31.4862], [""awis"", -31.5012], [""maras"", -31.6145], [""siwai"", -31.6299]]"
iΘwajajaja	napʰotʰ	-32.2535	"[[""napʰotʰ"", -32.2535], [""ewistʰuo"", -32.4524], [""maw"", -32.4619], [""rom"", -32.8992], [""aker"", -33.3872], [""heloke"", -34.1689], [""arai"", -34.633], [""awis"", -34.648], [""maras"", -34.7321], [""siwai"", -34.7476]]"
iΘwajajas	awis	-28.3051	"[[""awis"", -28.3051], [""maras"", -28.4299], [""ewistʰuo"", -28.459], [""napʰotʰ"", -29.0476], [""tis"", -29.2244], [""tawarsiu"", -29.3073], [""sialkʰwis"", -29.3795], [""maw"", -29.4371], [""rom"", -29.6855], [""aker"", -30.3656]]"
iΘwajajasa	ewistʰuo	-29.1479	"[[""ewistʰuo"", -29.1479], [""napʰotʰ"", -29.767], [""serunaitʰ"", -31.0169], [""zeronaitʰ"", -31.0169], [""awis"", -31.7956], [""maras"", -31.9185], [""tawarsiu"", -32.1076], [""maw"", -32.4619], [""tis"", -32.6343], [""sialkʰwis"", -32.8467]]"
iΘwajas	awis	-22.1732	"[[""awis"", -22.1732], [""maras"", -22.3608], [""ewistʰuo"", -22.4325], [""tis"", -22.4864], [""maw"", -23.063], [""rom"", -23.3769], [""napʰotʰ"", -23.4051], [""tawarsiu"", -23.7007], [""sialkʰwis"", -23.8575], [""aker"", -23.9564]]"
iΘwajase	ewistʰuo	-22.9687	"[[""ewistʰuo"", -22.9687], [""napʰotʰ"", -23.8631], [""serunaitʰ"", -24.7539], [""zeronaitʰ"", -24.7539], [""awis"", -25.6653], [""maras"", -25.8522], [""tis"", -25.8672], [""tawarsiu"", -26.5015], [""maw"", -26.5674], [""rom"", -26.5855]]"
iΘwajasek	ewistʰuo	-25.4101	"[[""ewistʰuo"", -25.4101], [""napʰotʰ"", -26.5663], [""epteziu"", -27.0739], [""serunaitʰ"", -27.579], [""zeronaitʰ"", -27.579], [""awis"", -29.1572], [""tis"", -29.2593], [""maras"", -29.3432], [""tawarsiu"", -29.5892], [""rom"", -29.8577]]"
iΘwajaseka	ewistʰuo	-28.2226	"[[""ewistʰuo"", -28.2226], [""napʰotʰ"", -29.4896], [""epteziu"", -29.8775], [""serunaitʰ"", -30.6829], [""zeronaitʰ"", -30.683], [""awis"", -32.6355], [""tis"", -32.6606], [""tawarsiu"", -32.7908], [""maw"", -32.8039], [""maras"", -32.8168]]"
iΘwajat	rom	-20.8665	"[[""rom"", -20.8665], [""maw"", -22.9536], [""marasm"", -23.1175], [""napʰotʰ"", -23.826], [""aker"", -23.9564], [""ewistʰuo"", -24.0322], [""heloke"", -24.5309], [""arai"", -25.2925], [""awis"", -25.3071], [""maras"", -25.4401]]"
iΘwajatu	rom	-24.3467	"[[""rom"", -24.3467], [""heloke"", -26.1139], [""maw"", -26.3574], [""napʰotʰ"", -26.5082], [""marasm"", -26.6169], [""ewistʰuo"", -26.7444], [""aker"", -27.332], [""arai"", -28.4855], [""awis"", -28.5002], [""maras"", -28.5761]]"
iΘwajatur	rom	-27.8268	"[[""rom"", -27.8268], [""arai"", -28.4647], [""siwai"", -28.6483], [""ziwai"", -28.6483], [""heloke"", -28.9991], [""ewistʰuo"", -29.2213], [""napʰotʰ"", -29.3314], [""aomai"", -29.4136], [""maw"", -29.7683], [""awis"", -29.7764]]"
iΘwajaturu	ewistʰuo	-30.5665	"[[""ewistʰuo"", -30.5665], [""rom"", -31.307], [""heloke"", -31.7817], [""arai"", -31.9644], [""siwai"", -32.1462], [""ziwai"", -32.1462], [""napʰotʰ"", -32.2535], [""awis"", -32.646], [""aomai"", -32.9079], [""maw"", -33.1852]]"
jaa	maw	-10.0399	"[[""maw"", -10.0399], [""rom"", -10.0708], [""aker"", -12.2524], [""arai"", -12.6829], [""awis"", -12.6978], [""maras"", -13.2011], [""siwai"", -13.2166], [""ziwai"", -13.2166], [""tis"", -14.7934], [""marasm"", -15.7546]]"
jaad	rom	-11.0667	"[[""rom"", -11.0667], [""maw"", -13.5429], [""tawarzio"", -15.4893], [""tawarsiu"", -15.4893], [""pʰoke"", -15.5101], [""arai"", -15.6398], [""awis"", -15.6547], [""aker"", -15.7346], [""maras"", -16.1347], [""siwai"", -16.1502]]"
jaadi	rom	-13.9222	"[[""rom"", -13.9222], [""pʰoke"", -15.319], [""maw"", -17.0446], [""heloke"", -18.6693], [""aker"", -18.675], [""arai"", -18.7821], [""awis"", -18.7969], [""tawarzio"", -18.9847], [""tawarsiu"", -18.9847], [""maras"", -19.2691]]"
jaadik	rom	-17.0382	"[[""rom"", -17.0382], [""pʰoke"", -18.8011], [""maw"", -20.5452], [""epteziu"", -21.1897], [""tawarzio"", -21.3094], [""aker"", -21.8201], [""arai"", -22.0131], [""awis"", -22.0279], [""heloke"", -22.1211], [""ziwai"", -22.3803]]"
jaadiki	rom	-20.2649	"[[""rom"", -20.2649], [""pʰoke"", -20.987], [""heloke"", -23.7772], [""epteziu"", -23.9208], [""maw"", -24.0447], [""tawarzio"", -24.2777], [""aker"", -24.7682], [""zeronaitʰ"", -25.085], [""serunaitʰ"", -25.0923], [""arai"", -25.2966]]"
jaadikit	rom	-18.9035	"[[""rom"", -18.9035], [""pʰoke"", -24.4877], [""marasm"", -26.4565], [""epteziu"", -26.9416], [""heloke"", -27.2644], [""maw"", -27.2763], [""tawarzio"", -27.4281], [""zeronaitʰ"", -27.8273], [""aomai"", -27.8642], [""serunaitʰ"", -27.8986]]"
jaadikite	rom	-22.4098	"[[""rom"", -22.4098], [""pʰoke"", -27.9882], [""marasm"", -29.9588], [""epteziu"", -30.0842], [""maw"", -30.5619], [""zeronaitʰ"", -30.6562], [""tawarzio"", -30.6663], [""aomai"", -30.6821], [""heloke"", -30.7454], [""serunaitʰ"", -30.8328]]"
jaadikites	rom	-25.916	"[[""rom"", -25.916], [""hulaies"", -31.411], [""pʰoke"", -31.4874], [""awis"", -31.9833], [""maras"", -32.2168], [""tis"", -32.6138], [""zeronaitʰ"", -33.1709], [""epteziu"", -33.221], [""marasm"", -33.3639], [""serunaitʰ"", -33.5613]]"
jaaj	rom	-13.0552	"[[""rom"", -13.0552], [""maw"", -13.5429], [""arai"", -15.6398], [""awis"", -15.6547], [""aker"", -15.7346], [""maras"", -16.1347], [""siwai"", -16.1502], [""ziwai"", -16.1502], [""tis"", -17.8279], [""marasm"", -18.393]]"
jaaja	rom	-16.0849	"[[""rom"", -16.0849], [""maw"", -16.1972], [""aker"", -18.1142], [""arai"", -18.5455], [""awis"", -18.5605], [""maras"", -18.9423], [""siwai"", -18.9578], [""ziwai"", -18.9578], [""tis"", -20.9547], [""marasm"", -21.1324]]"
jad	rom	-8.2783	"[[""rom"", -8.2783], [""maw"", -11.1215], [""pʰoke"", -12.6278], [""arai"", -13.1949], [""awis"", -13.2091], [""aker"", -13.4554], [""maras"", -13.8721], [""siwai"", -13.8874], [""ziwai"", -13.8874], [""tawarzio"", -14.5111]]"
jadi	rom	-11.1204	"[[""rom"", -11.1204], [""pʰoke"", -12.4389], [""maw"", -14.6143], [""heloke"", -15.7931], [""aker"", -15.885], [""arai"", -16.2719], [""awis"", -16.2859], [""maras"", -16.9519], [""siwai"", -16.9671], [""ziwai"", -16.9671]]"
jadik	rom	-14.2317	"[[""rom"", -14.2317], [""pʰoke"", -15.9206], [""maw"", -18.1039], [""epteziu"", -18.1112], [""aker"", -18.8812], [""heloke"", -19.2292], [""arai"", -19.4641], [""awis"", -19.4779], [""ziwai"", -19.7914], [""tawarzio"", -19.9198]]"
jadiki	rom	-17.456	"[[""rom"", -17.456], [""pʰoke"", -18.0811], [""heloke"", -20.6885], [""epteziu"", -20.8044], [""maw"", -21.5905], [""aker"", -21.6712], [""zeronaitʰ"", -22.6575], [""serunaitʰ"", -22.679], [""ziwai"", -22.6887], [""arai"", -22.7199]]"
jadikit	rom	-16.0874	"[[""rom"", -16.0874], [""pʰoke"", -21.5818], [""epteziu"", -23.7941], [""marasm"", -24.0833], [""heloke"", -24.1722], [""maw"", -24.4515], [""aomai"", -24.6314], [""aker"", -24.7638], [""zeronaitʰ"", -25.2824], [""serunaitʰ"", -25.4812]]"
jadikitu	rom	-19.5936	"[[""rom"", -19.5936], [""pʰoke"", -24.8947], [""epteziu"", -26.9105], [""heloke"", -27.1226], [""aomai"", -27.4486], [""maw"", -27.5597], [""marasm"", -27.5832], [""aker"", -27.7738], [""zeronaitʰ"", -27.9585], [""serunaitʰ"", -28.4114]]"
jadikituj	rom	-23.0999	"[[""rom"", -23.0999], [""pʰoke"", -28.2392], [""epteziu"", -30.0991], [""heloke"", -30.2711], [""aomai"", -30.5414], [""zeronaitʰ"", -30.7134], [""maw"", -30.7752], [""aker"", -30.9462], [""marasm"", -31.0796], [""serunaitʰ"", -31.4282]]"
jadikituja	rom	-26.606	"[[""rom"", -26.606], [""aker"", -29.9996], [""maw"", -31.5942], [""pʰoke"", -31.6064], [""epteziu"", -33.3349], [""zeronaitʰ"", -33.4289], [""heloke"", -33.5123], [""aomai"", -33.7492], [""ziwai"", -33.7816], [""serunaitʰ"", -34.5048]]"
jai	rom	-10.4671	"[[""rom"", -10.4671], [""maw"", -11.1215], [""pʰoke"", -11.5993], [""aker"", -12.6561], [""arai"", -13.1949], [""awis"", -13.2091], [""maras"", -13.8721], [""siwai"", -13.8874], [""ziwai"", -13.8874], [""heloke"", -14.5495]]"
jain	rom	-13.5548	"[[""rom"", -13.5548], [""maw"", -14.6143], [""pʰoke"", -15.0985], [""aker"", -15.7007], [""arai"", -16.2719], [""awis"", -16.2859], [""maras"", -16.9519], [""siwai"", -16.9671], [""ziwai"", -16.9671], [""heloke"", -17.7465]]"
jainw	rom	-16.7601	"[[""rom"", -16.7601], [""maw"", -18.1039], [""pʰoke"", -18.5919], [""aker"", -18.888], [""heloke"", -19.032], [""arai"", -19.4641], [""awis"", -19.4779], [""murinail"", -19.6401], [""morinail"", -19.6401], [""maras"", -20.1477]]"
jainwa	aker	-17.4306	"[[""aker"", -17.4306], [""maw"", -19.8391], [""rom"", -19.8594], [""heloke"", -21.5219], [""pʰoke"", -22.0778], [""arai"", -22.3196], [""awis"", -22.334], [""maras"", -22.7556], [""siwai"", -22.7708], [""ziwai"", -22.7708]]"
jainwaz	aker	-20.2463	"[[""aker"", -20.2463], [""maw"", -22.6342], [""rom"", -22.9607], [""heloke"", -24.3568], [""arai"", -25.1952], [""awis"", -25.2035], [""maras"", -25.4773], [""siwai"", -25.4844], [""ziwai"", -25.4844], [""pʰoke"", -25.5543]]"
jainwaza	aker	-23.347	"[[""aker"", -23.347], [""maw"", -25.6825], [""rom"", -26.0985], [""heloke"", -27.3602], [""arai"", -28.162], [""awis"", -28.1694], [""ewistʰuo"", -28.2752], [""napʰotʰ"", -28.2954], [""maras"", -28.357], [""siwai"", -28.3635]]"
jainwazaΦ	aker	-26.8544	"[[""aker"", -26.8544], [""heloke"", -27.5262], [""rom"", -27.8134], [""ewistʰuo"", -28.0923], [""maw"", -29.1889], [""tawarzio"", -29.2798], [""tawarsiu"", -29.2798], [""napʰotʰ"", -29.4079], [""epteziu"", -30.2424], [""pʰoke"", -31.1152]]"
jainwazaΦn	heloke	-30.3433	"[[""heloke"", -30.3433], [""aker"", -30.3619], [""rom"", -30.7144], [""ewistʰuo"", -31.2905], [""napʰotʰ"", -31.6823], [""maw"", -32.6951], [""tawarsiu"", -32.7794], [""tawarzio"", -32.7794], [""zeronaitʰ"", -33.0433], [""serunaitʰ"", -33.0433]]"
jaj	rom	-10.4671	"[[""rom"", -10.4671], [""maw"", -11.1215], [""arai"", -13.1949], [""awis"", -13.2091], [""aker"", -13.4554], [""maras"", -13.8721], [""siwai"", -13.8874], [""ziwai"", -13.8874], [""tis"", -14.7934], [""marasm"", -16.218]]"
jaja	maw	-13.2519	"[[""maw"", -13.2519], [""rom"", -13.2776], [""aker"", -15.2648], [""arai"", -15.8149], [""awis"", -15.8296], [""maras"", -16.2876], [""siwai"", -16.3031], [""ziwai"", -16.3031], [""tis"", -17.8279], [""marasm"", -18.6586]]"
jajaa	maw	-16.0628	"[[""maw"", -16.0628], [""rom"", -16.2208], [""aker"", -17.9369], [""arai"", -18.595], [""awis"", -18.6099], [""maras"", -18.9445], [""siwai"", -18.96], [""ziwai"", -18.96], [""tis"", -20.9547], [""marasm"", -21.2464]]"
jajad	rom	-14.5451	"[[""rom"", -14.5451], [""maw"", -16.7552], [""tawarzio"", -18.3361], [""tawarsiu"", -18.3361], [""pʰoke"", -18.5472], [""aker"", -18.7524], [""arai"", -18.8451], [""awis"", -18.8599], [""maras"", -19.2721], [""siwai"", -19.2876]]"
jajadi	rom	-17.4139	"[[""rom"", -17.4139], [""pʰoke"", -18.349], [""maw"", -20.2577], [""heloke"", -21.6913], [""aker"", -21.7958], [""tawarzio"", -21.8324], [""tawarsiu"", -21.8324], [""arai"", -22.0202], [""awis"", -22.0349], [""maras"", -22.4281]]"
jajadik	rom	-20.5346	"[[""rom"", -20.5346], [""pʰoke"", -21.8315], [""maw"", -23.7593], [""tawarzio"", -24.2174], [""epteziu"", -24.3386], [""aker"", -24.9855], [""heloke"", -25.1516], [""arai"", -25.2703], [""awis"", -25.2849], [""tawarsiu"", -25.324]]"
jajadiki	rom	-23.7638	"[[""rom"", -23.7638], [""pʰoke"", -24.0342], [""heloke"", -26.9333], [""epteziu"", -27.0925], [""tawarzio"", -27.1973], [""maw"", -27.26], [""aker"", -27.9949], [""zeronaitʰ"", -28.2931], [""serunaitʰ"", -28.2985], [""arai"", -28.5663]]"
jajadikit	rom	-22.4097	"[[""rom"", -22.4097], [""pʰoke"", -27.5349], [""marasm"", -29.6354], [""epteziu"", -30.1325], [""tawarzio"", -30.3527], [""heloke"", -30.4229], [""maw"", -30.5542], [""zeronaitʰ"", -31.0534], [""serunaitʰ"", -31.1067], [""aomai"", -31.1558]]"
jajadikitu	rom	-25.916	"[[""rom"", -25.916], [""pʰoke"", -30.8468], [""marasm"", -33.138], [""epteziu"", -33.292], [""heloke"", -33.4838], [""tawarzio"", -33.5937], [""maw"", -33.8811], [""zeronaitʰ"", -33.9082], [""aomai"", -33.9743], [""serunaitʰ"", -34.0421]]"
jajai	rom	-16.3689	"[[""rom"", -16.3689], [""maw"", -16.7552], [""pʰoke"", -17.098], [""aker"", -18.3824], [""arai"", -18.8451], [""awis"", -18.8599], [""maras"", -19.2721], [""siwai"", -19.2876], [""ziwai"", -19.2876], [""heloke"", -20.128]]"
jajain	rom	-19.5763	"[[""rom"", -19.5763], [""maw"", -20.2577], [""pʰoke"", -20.601], [""aker"", -21.6079], [""arai"", -22.0202], [""awis"", -22.0349], [""maras"", -22.4281], [""siwai"", -22.4435], [""ziwai"", -22.4435], [""heloke"", -23.4984]]"
jajainw	rom	-22.8478	"[[""rom"", -22.8478], [""maw"", -23.7593], [""pʰoke"", -24.1018], [""aker"", -24.8937], [""murinail"", -24.9454], [""morinail"", -24.9454], [""arai"", -25.2703], [""awis"", -25.2849], [""heloke"", -25.4244], [""maras"", -25.6682]]"
jajainwa	aker	-23.7326	"[[""aker"", -23.7326], [""rom"", -26.086], [""maw"", -26.2384], [""pʰoke"", -27.5998], [""heloke"", -27.9868], [""arai"", -28.3809], [""awis"", -28.3956], [""murinail"", -28.4028], [""morinail"", -28.4028], [""maras"", -28.6925]]"
jajainwaz	aker	-26.5505	"[[""aker"", -26.5505], [""maw"", -29.1772], [""rom"", -29.321], [""heloke"", -30.8429], [""pʰoke"", -31.0944], [""arai"", -31.4641], [""awis"", -31.4751], [""maras"", -31.6903], [""siwai"", -31.7006], [""ziwai"", -31.7006]]"
jajainwaza	aker	-29.6527	"[[""aker"", -29.6527], [""maw"", -32.2938], [""rom"", -32.5669], [""heloke"", -33.8552], [""arai"", -34.5699], [""awis"", -34.5796], [""pʰoke"", -34.585], [""maras"", -34.7306], [""siwai"", -34.7396], [""ziwai"", -34.7396]]"
jajaj	rom	-16.3689	"[[""rom"", -16.3689], [""maw"", -16.7552], [""aker"", -18.7524], [""arai"", -18.8451], [""awis"", -18.8599], [""maras"", -19.2721], [""siwai"", -19.2876], [""ziwai"", -19.2876], [""tis"", -20.9547], [""marasm"", -21.4265]]"
jajaja	maw	-19.4441	"[[""maw"", -19.4441], [""rom"", -19.4647], [""aker"", -21.206], [""arai"", -21.8015], [""awis"", -21.8164], [""maras"", -22.1318], [""siwai"", -22.1473], [""ziwai"", -22.1473], [""tis"", -24.1427], [""marasm"", -24.2472]]"
jajajaw	rom	-22.6745	"[[""rom"", -22.6745], [""maw"", -22.9493], [""aker"", -24.7036], [""murinail"", -24.8104], [""morinail"", -24.8104], [""arai"", -24.9458], [""awis"", -24.9608], [""maras"", -25.2394], [""siwai"", -25.2549], [""ziwai"", -25.2549]]"
jajajawa	maw	-25.8696	"[[""maw"", -25.8696], [""rom"", -25.8874], [""aker"", -27.4383], [""arai"", -28.0502], [""awis"", -28.0653], [""murinail"", -28.2596], [""morinail"", -28.2596], [""maras"", -28.2857], [""siwai"", -28.3012], [""ziwai"", -28.3012]]"
jajas	awis	-15.759	"[[""awis"", -15.759], [""tis"", -15.8337], [""maras"", -16.1956], [""rom"", -16.3689], [""maw"", -16.7552], [""tawarsiu"", -17.7682], [""aker"", -18.7524], [""arai"", -18.8451], [""siwai"", -19.1158], [""ziwai"", -19.2876]]"
jajasa	tis	-19.164	"[[""tis"", -19.164], [""awis"", -19.2345], [""maw"", -19.4441], [""rom"", -19.4647], [""maras"", -19.6625], [""tawarsiu"", -20.5631], [""siwai"", -21.1095], [""aker"", -21.206], [""arai"", -21.8015], [""ewistʰuo"", -22.0121]]"
jajasas	tis	-20.1462	"[[""tis"", -20.1462], [""awis"", -21.4826], [""maras"", -21.8171], [""tawarsiu"", -22.4448], [""rom"", -22.6745], [""maw"", -22.9493], [""siasi"", -23.6605], [""siwai"", -23.9882], [""napʰotʰ"", -24.0042], [""ewistʰuo"", -24.1518]]"
jajasasa	tis	-23.628	"[[""tis"", -23.628], [""napʰotʰ"", -24.4343], [""awis"", -24.9755], [""maras"", -25.3062], [""tawarsiu"", -25.3453], [""ewistʰuo"", -25.347], [""maw"", -25.8696], [""rom"", -25.8874], [""siwai"", -26.4886], [""siasi"", -26.4907]]"
jajasasar	siasi	-23.7715	"[[""siasi"", -23.7715], [""tawarsiu"", -26.1047], [""siwai"", -26.3827], [""tis"", -26.5373], [""napʰotʰ"", -27.2401], [""ewistʰuo"", -27.8412], [""arai"", -28.0495], [""awis"", -28.094], [""ziwai"", -28.2864], [""hktaonosi"", -28.4813]]"
jajasasara	siasi	-27.2753	"[[""siasi"", -27.2753], [""siwai"", -27.8883], [""tawarsiu"", -28.951], [""tis"", -29.6733], [""napʰotʰ"", -30.3071], [""ewistʰuo"", -30.6701], [""awis"", -31.3186], [""arai"", -31.5426], [""ziwai"", -31.6211], [""epteziu"", -31.8554]]"
jajaw	rom	-16.3689	"[[""rom"", -16.3689], [""maw"", -16.7552], [""aker"", -18.7524], [""arai"", -18.8451], [""awis"", -18.8599], [""murinail"", -19.2555], [""morinail"", -19.2555], [""maras"", -19.2721], [""siwai"", -19.2876], [""ziwai"", -19.2876]]"
jajawa	maw	-19.4441	"[[""maw"", -19.4441], [""rom"", -19.4647], [""aker"", -21.206], [""arai"", -21.8015], [""awis"", -21.8164], [""maras"", -22.1318], [""siwai"", -22.1473], [""ziwai"", -22.1473], [""murinail"", -22.6819], [""morinail"", -22.6819]]"
jar	arai	-10.2484	"[[""arai"", -10.2484], [""awis"", -10.4129], [""rom"", -10.4671], [""siwai"", -10.9031], [""ziwai"", -10.9031], [""maw"", -11.1215], [""ziazi"", -12.6896], [""siasi"", -12.6896], [""aomai"", -12.7384], [""tis"", -12.7891]]"
jare	awis	-13.2421	"[[""awis"", -13.2421], [""rom"", -13.5548], [""arai"", -13.7286], [""siwai"", -14.369], [""ziwai"", -14.369], [""maw"", -14.6143], [""tis"", -15.631], [""ziazi"", -16.0981], [""siasi"", -16.0981], [""aomai"", -16.2373]]"
jared	rom	-15.1794	"[[""rom"", -15.1794], [""ewistʰuo"", -16.1081], [""awis"", -16.3488], [""arai"", -17.2079], [""tawarzio"", -17.5266], [""tawarsiu"", -17.5266], [""siwai"", -17.8278], [""ziwai"", -17.8278], [""maw"", -18.1039], [""pʰoke"", -18.5472]]"
jaredi	rom	-18.0726	"[[""rom"", -18.0726], [""pʰoke"", -18.349], [""ewistʰuo"", -19.3049], [""awis"", -19.5708], [""arai"", -20.6864], [""tawarzio"", -21.0322], [""tawarsiu"", -21.0322], [""ziwai"", -21.2803], [""siwai"", -21.2803], [""maw"", -21.5905]]"
jaredij	rom	-21.2021	"[[""rom"", -21.2021], [""pʰoke"", -21.8315], [""ewistʰuo"", -22.5368], [""awis"", -22.8562], [""arai"", -24.1642], [""tawarzio"", -24.5374], [""tawarsiu"", -24.5374], [""ziwai"", -24.7275], [""siwai"", -24.7275], [""maw"", -25.0741]]"
jaredija	aker	-23.5053	"[[""aker"", -23.5053], [""rom"", -24.4223], [""pʰoke"", -25.3136], [""ewistʰuo"", -25.7877], [""awis"", -26.1636], [""maw"", -26.5414], [""siwai"", -27.1314], [""ziwai"", -27.1314], [""arai"", -27.5634], [""tawarzio"", -28.0379]]"
jaret	rom	-14.158	"[[""rom"", -14.158], [""awis"", -16.3488], [""arai"", -17.2079], [""maw"", -17.4597], [""marasm"", -17.6309], [""ziwai"", -17.8278], [""siwai"", -17.8278], [""tis"", -18.7364], [""ewistʰuo"", -18.8004], [""aomai"", -19.2532]]"
jareta	rom	-17.6294	"[[""rom"", -17.6294], [""maw"", -18.514], [""awis"", -19.5502], [""siwai"", -20.1735], [""ziwai"", -20.1735], [""arai"", -20.624], [""marasm"", -21.1061], [""ewistʰuo"", -21.4009], [""aker"", -21.5254], [""maras"", -21.7635]]"
jas	tis	-9.3539	"[[""tis"", -9.3539], [""awis"", -10.2611], [""rom"", -10.4671], [""maras"", -10.8979], [""maw"", -11.1215], [""arai"", -13.1949], [""siwai"", -13.2229], [""aker"", -13.4554], [""siasi"", -13.7144], [""tawarsiu"", -13.8438]]"
jasa	tis	-12.5757	"[[""tis"", -12.5757], [""maw"", -13.2519], [""rom"", -13.2776], [""awis"", -13.6969], [""maras"", -14.3096], [""siwai"", -14.3737], [""aker"", -15.2648], [""pʰoke"", -15.5504], [""arai"", -15.8149], [""siasi"", -16.172]]"
jasas	tis	-13.1885	"[[""tis"", -13.1885], [""awis"", -15.5704], [""maras"", -16.0384], [""rom"", -16.3689], [""tawarsiu"", -16.5885], [""siasi"", -16.6744], [""maw"", -16.7552], [""siwai"", -17.1742], [""pʰoke"", -17.8927], [""napʰotʰ"", -17.9647]]"
jasasa	tis	-16.6688	"[[""tis"", -16.6688], [""napʰotʰ"", -18.1579], [""awis"", -19.0514], [""tawarsiu"", -19.3924], [""maw"", -19.4441], [""rom"", -19.4647], [""siasi"", -19.498], [""maras"", -19.5112], [""siwai"", -19.5714], [""ewistʰuo"", -19.8218]]"
jasasar	siasi	-16.773	"[[""siasi"", -16.773], [""siwai"", -19.4543], [""tis"", -19.5525], [""tawarsiu"", -20.053], [""napʰotʰ"", -20.9544], [""arai"", -21.7724], [""holaiesi"", -21.8698], [""awis"", -21.9407], [""hktaonosi"", -21.9459], [""ziwai"", -22.1004]]"
jasasara	siasi	-20.2767	"[[""siasi"", -20.2767], [""siwai"", -20.8844], [""tis"", -22.6788], [""tawarsiu"", -22.8951], [""napʰotʰ"", -24.0135], [""awis"", -25.0629], [""ewistʰuo"", -25.1218], [""arai"", -25.2599], [""ziwai"", -25.3223], [""epteziu"", -25.3556]]"
jasasaram	siwai	-23.7489	"[[""siwai"", -23.7489], [""siasi"", -23.7786], [""tis"", -25.9111], [""tawarsiu"", -26.0054], [""napʰotʰ"", -27.1761], [""ewistʰuo"", -28.0943], [""awis"", -28.2929], [""epteziu"", -28.4565], [""sialkʰwis"", -28.5994], [""ziwai"", -28.6016]]"
jasasarama	siwai	-26.5915	"[[""siwai"", -26.5915], [""siasi"", -27.2788], [""tis"", -29.2031], [""tawarsiu"", -29.2263], [""napʰotʰ"", -30.3926], [""sialkʰwis"", -31.1253], [""ewistʰuo"", -31.1627], [""awis"", -31.5788], [""epteziu"", -31.6709], [""ziwai"", -31.7726]]"
jasasarame	siwai	-26.8585	"[[""siwai"", -26.8585], [""siasi"", -27.2788], [""tis"", -29.2031], [""tawarsiu"", -29.2283], [""napʰotʰ"", -30.3926], [""ewistʰuo"", -31.1627], [""awis"", -31.5834], [""epteziu"", -31.6709], [""sialkʰwis"", -31.7827], [""ziwai"", -31.9184]]"
jasau	tis	-15.8556	"[[""tis"", -15.8556], [""pʰoke"", -15.9993], [""rom"", -16.3689], [""maw"", -16.7552], [""awis"", -17.135], [""siwai"", -17.1971], [""maras"", -17.7268], [""aker"", -18.3349], [""napʰotʰ"", -18.4866], [""arai"", -18.8451]]"
jasaun	pʰoke	-18.7964	"[[""pʰoke"", -18.7964], [""tis"", -19.1732], [""rom"", -19.5763], [""maw"", -20.2577], [""siwai"", -20.2753], [""awis"", -20.575], [""napʰotʰ"", -20.8355], [""maras"", -21.1487], [""aker"", -21.5298], [""ewistʰuo"", -21.8349]]"
jasauna	pʰoke	-21.8584	"[[""pʰoke"", -21.8584], [""tis"", -22.5171], [""sialkʰwis"", -22.6383], [""aker"", -22.6779], [""rom"", -22.7586], [""maw"", -22.8366], [""siwai"", -22.9243], [""napʰotʰ"", -23.5007], [""awis"", -23.9569], [""maras"", -24.4728]]"
jasaunak	tawarzio	-24.2006	"[[""tawarzio"", -24.2006], [""pʰoke"", -25.0283], [""sialkʰwis"", -25.4372], [""tis"", -25.8806], [""siwai"", -25.9617], [""rom"", -26.0154], [""aker"", -26.1591], [""maw"", -26.3418], [""napʰotʰ"", -26.3468], [""awis"", -27.3493]]"
jasaunaka	tawarzio	-26.999	"[[""tawarzio"", -26.999], [""sialkʰwis"", -27.8555], [""pʰoke"", -28.2563], [""aker"", -28.6727], [""siwai"", -28.8933], [""maw"", -29.2486], [""tis"", -29.2593], [""rom"", -29.2652], [""napʰotʰ"", -29.3096], [""awis"", -30.6921]]"
jasaunakan	tawarzio	-30.0842	"[[""tawarzio"", -30.0842], [""sialkʰwis"", -30.8413], [""pʰoke"", -31.5204], [""siwai"", -32.0274], [""aker"", -32.1704], [""napʰotʰ"", -32.3538], [""rom"", -32.5633], [""tis"", -32.65], [""maw"", -32.7547], [""epteziu"", -34.0409]]"
jase	tis	-12.5757	"[[""tis"", -12.5757], [""rom"", -13.5548], [""awis"", -13.7413], [""maras"", -14.3791], [""maw"", -14.6143], [""pʰoke"", -15.5504], [""siwai"", -15.9039], [""siasi"", -16.172], [""arai"", -16.2719], [""ewistʰuo"", -16.5934]]"
jasek	tis	-15.8556	"[[""tis"", -15.8556], [""rom"", -16.7601], [""awis"", -17.2207], [""maras"", -17.8596], [""pʰoke"", -17.9403], [""maw"", -18.1039], [""napʰotʰ"", -18.4866], [""epteziu"", -18.5737], [""siwai"", -18.8147], [""siasi"", -18.9976]]"
jaseka	tis	-19.1732	"[[""tis"", -19.1732], [""maw"", -19.8391], [""rom"", -19.8594], [""siwai"", -20.3291], [""awis"", -20.6369], [""pʰoke"", -20.6373], [""napʰotʰ"", -20.8355], [""maras"", -21.2296], [""ziwai"", -21.2891], [""epteziu"", -21.3803]]"
jasekan	tis	-22.5171	"[[""tis"", -22.5171], [""rom"", -23.0709], [""siwai"", -23.1909], [""maw"", -23.3429], [""napʰotʰ"", -23.5007], [""pʰoke"", -23.5075], [""awis"", -24.0578], [""ziwai"", -24.1355], [""epteziu"", -24.4672], [""maras"", -24.6124]]"
jasekana	tis	-25.8806	"[[""tis"", -25.8806], [""siwai"", -25.9205], [""maw"", -26.069], [""rom"", -26.2566], [""napʰotʰ"", -26.3468], [""pʰoke"", -26.4892], [""ziwai"", -26.6876], [""awis"", -27.4172], [""aker"", -27.5716], [""epteziu"", -27.6698]]"
jasekanas	tis	-26.1758	"[[""tis"", -26.1758], [""tawarsiu"", -27.0806], [""sialkʰwis"", -27.7705], [""awis"", -28.3779], [""maras"", -28.6173], [""siwai"", -28.9806], [""napʰotʰ"", -29.0954], [""siasi"", -29.5092], [""rom"", -29.5153], [""pʰoke"", -29.5446]]"
jasekanasi	pʰoke	-27.776	"[[""pʰoke"", -27.776], [""tis"", -29.6735], [""tawarsiu"", -29.883], [""napʰotʰ"", -29.996], [""sialkʰwis"", -31.2575], [""heloke"", -31.3935], [""serunaitʰ"", -31.5818], [""awis"", -31.8745], [""maras"", -32.1123], [""siwai"", -32.1688]]"
jat	rom	-8.1735	"[[""rom"", -8.1735], [""maw"", -10.461], [""marasm"", -11.7531], [""arai"", -13.1949], [""awis"", -13.2091], [""aker"", -13.4554], [""maras"", -13.4905], [""aomai"", -13.8861], [""siwai"", -13.8874], [""ziwai"", -13.8874]]"
jata	rom	-11.5846	"[[""rom"", -11.5846], [""maw"", -11.5951], [""maras"", -14.9175], [""marasm"", -15.1765], [""aker"", -15.2648], [""arai"", -15.8149], [""awis"", -15.8296], [""siwai"", -16.3031], [""ziwai"", -16.3031], [""aomai"", -16.6877]]"
jatai	rom	-15.0019	"[[""rom"", -15.0019], [""maw"", -15.0558], [""pʰoke"", -17.098], [""maras"", -17.76], [""aker"", -18.3824], [""marasm"", -18.5389], [""arai"", -18.8451], [""awis"", -18.8599], [""siwai"", -19.2876], [""ziwai"", -19.2876]]"
jataiΘ	rom	-18.4244	"[[""rom"", -18.4244], [""maw"", -18.5173], [""pʰoke"", -20.601], [""maras"", -20.8468], [""aker"", -21.6079], [""marasm"", -21.8595], [""arai"", -22.0202], [""awis"", -22.0349], [""siwai"", -22.4435], [""ziwai"", -22.4435]]"
jataiΘu	rom	-21.8515	"[[""rom"", -21.8515], [""maw"", -21.9796], [""pʰoke"", -24.0176], [""maras"", -24.04], [""aker"", -24.6295], [""marasm"", -25.1575], [""arai"", -25.2703], [""awis"", -25.2849], [""heloke"", -25.3749], [""siwai"", -25.6835]]"
jataiΘuj	rom	-25.2827	"[[""rom"", -25.2827], [""maw"", -25.4427], [""maras"", -27.2934], [""pʰoke"", -27.4394], [""aker"", -27.8056], [""heloke"", -28.2846], [""marasm"", -28.447], [""arai"", -28.5663], [""awis"", -28.5809], [""siwai"", -28.9736]]"
jataiΘuja	aker	-27.1398	"[[""aker"", -27.1398], [""maw"", -27.3494], [""rom"", -28.6883], [""maras"", -30.0975], [""pʰoke"", -30.8653], [""heloke"", -31.4148], [""marasm"", -31.6262], [""arai"", -31.7184], [""awis"", -31.7331], [""sialkʰwis"", -31.7371]]"
jatu	rom	-11.6302	"[[""rom"", -11.6302], [""maw"", -13.5601], [""marasm"", -15.2353], [""aker"", -15.7395], [""arai"", -16.2719], [""awis"", -16.2859], [""maras"", -16.2926], [""aomai"", -16.6877], [""siwai"", -16.9671], [""ziwai"", -16.9671]]"
jatur	rom	-15.088	"[[""rom"", -15.088], [""arai"", -16.1806], [""aomai"", -16.5608], [""maw"", -16.7709], [""siwai"", -16.8142], [""ziwai"", -16.8142], [""awis"", -17.3081], [""ziazi"", -18.4836], [""siasi"", -18.4836], [""aker"", -18.6976]]"
jaturu	rom	-18.5468	"[[""rom"", -18.5468], [""arai"", -19.678], [""maw"", -20.0439], [""aomai"", -20.0546], [""awis"", -20.1647], [""siwai"", -20.3036], [""ziwai"", -20.3036], [""aker"", -21.4988], [""ziazi"", -21.9406], [""siasi"", -21.9406]]"
jaturus	awis	-17.4214	"[[""awis"", -17.4214], [""tis"", -19.3903], [""maras"", -21.9007], [""rom"", -22.0066], [""sialkʰwis"", -22.2143], [""arai"", -23.1749], [""maw"", -23.3567], [""aomai"", -23.5479], [""siwai"", -23.7735], [""ziwai"", -23.7885]]"
jaturusa	awis	-20.9285	"[[""awis"", -20.9285], [""tis"", -22.8915], [""maw"", -24.1735], [""sialkʰwis"", -25.2457], [""aker"", -25.273], [""maras"", -25.3052], [""serunaitʰ"", -25.343], [""zeronaitʰ"", -25.3431], [""rom"", -25.4298], [""ewistʰuo"", -25.6006]]"
jaturusai	awis	-24.4356	"[[""awis"", -24.4356], [""pʰoke"", -26.1996], [""tis"", -26.3925], [""maw"", -27.669], [""ewistʰuo"", -28.0816], [""heloke"", -28.1169], [""serunaitʰ"", -28.1672], [""zeronaitʰ"", -28.1675], [""aker"", -28.2792], [""sialkʰwis"", -28.4215]]"
jaturusaid	awis	-27.9427	"[[""awis"", -27.9427], [""ewistʰuo"", -28.0315], [""pʰoke"", -29.4345], [""tis"", -29.8934], [""epteziu"", -30.2072], [""heloke"", -31.1098], [""maw"", -31.1643], [""serunaitʰ"", -31.2687], [""zeronaitʰ"", -31.2728], [""aker"", -31.4544]]"
jaw	rom	-10.4671	"[[""rom"", -10.4671], [""maw"", -11.1215], [""arai"", -13.1949], [""awis"", -13.2091], [""aker"", -13.4554], [""maras"", -13.8721], [""siwai"", -13.8874], [""ziwai"", -13.8874], [""murinail"", -14.4399], [""morinail"", -14.4399]]"
jawa	maw	-13.2519	"[[""maw"", -13.2519], [""rom"", -13.2776], [""aker"", -15.2648], [""arai"", -15.8149], [""awis"", -15.8296], [""maras"", -16.2876], [""siwai"", -16.3031], [""ziwai"", -16.3031], [""murinail"", -17.8147], [""morinail"", -17.8147]]"
jawaΦ	rom	-14.5451	"[[""rom"", -14.5451], [""maw"", -16.7552], [""napʰotʰ"", -17.2933], [""heloke"", -17.3926], [""tawarsiu"", -18.3361], [""tawarzio"", -18.3361], [""pʰoke"", -18.5472], [""aker"", -18.7524], [""arai"", -18.8451], [""awis"", -18.8599]]"
kan	ziwai	-10.2851	"[[""ziwai"", -10.2851], [""rom"", -10.4671], [""maw"", -11.1215], [""ziazi"", -12.0938], [""arai"", -13.1949], [""awis"", -13.2091], [""aker"", -13.4554], [""maras"", -13.8721], [""siwai"", -13.8874], [""tis"", -14.7934]]"
kana	ziwai	-12.7674	"[[""ziwai"", -12.7674], [""maw"", -13.2519], [""rom"", -13.2776], [""ziazi"", -15.064], [""aker"", -15.2648], [""arai"", -15.8149], [""awis"", -15.8296], [""maras"", -16.2876], [""siwai"", -16.3031], [""zeronaitʰ"", -17.6378]]"
kanas	awis	-15.759	"[[""awis"", -15.759], [""ziwai"", -15.762], [""tis"", -15.8337], [""maras"", -16.1956], [""rom"", -16.3689], [""maw"", -16.7552], [""tawarsiu"", -17.7682], [""ziazi"", -18.1401], [""aker"", -18.7524], [""arai"", -18.8451]]"
kanasi	zeronaitʰ	-18.5793	"[[""zeronaitʰ"", -18.5793], [""ziwai"", -18.9195], [""tis"", -19.164], [""awis"", -19.2495], [""pʰoke"", -19.4592], [""rom"", -19.5763], [""maras"", -19.6844], [""heloke"", -20.2071], [""maw"", -20.2577], [""tawarsiu"", -20.5686]]"
kanasis	tis	-20.1462	"[[""tis"", -20.1462], [""hulaies"", -20.8443], [""zeronaitʰ"", -21.3651], [""awis"", -21.6393], [""maras"", -22.0317], [""ziwai"", -22.1585], [""rom"", -22.8478], [""pʰoke"", -22.872], [""heloke"", -23.025], [""tawarsiu"", -23.3025]]"
kanasisi	heloke	-22.6528	"[[""heloke"", -22.6528], [""pʰoke"", -22.671], [""zeronaitʰ"", -23.6241], [""tis"", -23.628], [""hulaies"", -24.3451], [""napʰotʰ"", -24.4343], [""awis"", -25.1413], [""epteziu"", -25.1831], [""ewistʰuo"", -25.3408], [""ziwai"", -25.4463]]"
kanasisir	siasi	-23.7715	"[[""siasi"", -23.7715], [""holaiesi"", -24.3419], [""ziwai"", -25.4224], [""epteziu"", -25.7669], [""heloke"", -26.1191], [""pʰoke"", -26.171], [""zeronaitʰ"", -26.5151], [""tis"", -26.5373], [""ziazi"", -27.1789], [""napʰotʰ"", -27.2401]]"
ket	rom	-10.4256	"[[""rom"", -10.4256], [""maw"", -11.1612], [""ziazi"", -12.0938], [""ziwai"", -12.0942], [""aomai"", -13.8861], [""maras"", -14.5763], [""tis"", -14.7934], [""marasm"", -15.2294], [""awis"", -15.5419], [""arai"", -15.5419]]"
keta	maw	-11.6431	"[[""maw"", -11.6431], [""ziwai"", -13.3764], [""rom"", -13.5456], [""maras"", -15.0519], [""ziazi"", -15.064], [""aker"", -15.4394], [""arai"", -16.65], [""awis"", -16.6633], [""aomai"", -16.6877], [""siwai"", -16.9858]]"
ketan	maw	-15.1015	"[[""maw"", -15.1015], [""ziwai"", -16.2225], [""rom"", -16.767], [""maras"", -17.8515], [""ziazi"", -18.1401], [""aker"", -18.9232], [""arai"", -19.4889], [""awis"", -19.5027], [""aomai"", -19.7721], [""siwai"", -19.7923]]"
ketana	maw	-17.3736	"[[""maw"", -17.3736], [""ziwai"", -18.9375], [""rom"", -19.8732], [""maras"", -20.3585], [""aker"", -21.2623], [""ziazi"", -21.2858], [""arai"", -22.2269], [""awis"", -22.2414], [""siwai"", -22.4519], [""marasm"", -22.661]]"
ketanai	maw	-20.8669	"[[""maw"", -20.8669], [""ziwai"", -21.9955], [""rom"", -23.088], [""pʰoke"", -23.1267], [""maras"", -23.3593], [""ziazi"", -24.4808], [""aker"", -24.5355], [""arai"", -25.2925], [""awis"", -25.3071], [""marasm"", -25.4746]]"
ketanaiΘ	maw	-24.36	"[[""maw"", -24.36], [""ziwai"", -25.1845], [""rom"", -26.3638], [""maras"", -26.52], [""pʰoke"", -26.631], [""ziazi"", -27.7126], [""aker"", -27.8522], [""marasm"", -28.4498], [""zeronaitʰ"", -28.4775], [""arai"", -28.4855]]"
ketanaiΘt	marasm	-27.1998	"[[""marasm"", -27.1998], [""rom"", -27.2152], [""maw"", -27.8405], [""ziwai"", -28.4433], [""maras"", -29.7583], [""pʰoke"", -30.134], [""ziazi"", -30.9731], [""zeronaitʰ"", -31.1214], [""aker"", -31.1986], [""arai"", -31.747]]"
ketanaiΘti	marasm	-30.7022	"[[""marasm"", -30.7022], [""rom"", -30.7081], [""maw"", -31.321], [""ziwai"", -31.7455], [""pʰoke"", -32.3002], [""maras"", -33.0438], [""heloke"", -33.8523], [""zeronaitʰ"", -33.8678], [""ziazi"", -34.2565], [""aker"", -34.392]]"
kit	rom	-10.4256	"[[""rom"", -10.4256], [""maw"", -11.1612], [""ziazi"", -12.0938], [""ziwai"", -12.0942], [""pʰoke"", -12.8754], [""zeronaitʰ"", -12.9612], [""aker"", -13.1567], [""aomai"", -13.8861], [""maras"", -14.5763], [""tis"", -14.7934]]"
kite	rom	-13.926	"[[""rom"", -13.926], [""maw"", -13.9673], [""zeronaitʰ"", -14.9342], [""ziazi"", -15.064], [""ziwai"", -15.0643], [""aker"", -16.2469], [""pʰoke"", -16.352], [""aomai"", -16.6877], [""maras"", -16.9805], [""tis"", -17.8279]]"
kites	tis	-15.8337	"[[""tis"", -15.8337], [""maras"", -16.2754], [""zeronaitʰ"", -16.7579], [""maw"", -17.0565], [""rom"", -17.4248], [""awis"", -17.8051], [""ziazi"", -18.1401], [""ziwai"", -18.1404], [""epteziu"", -19.0452], [""ewistʰuo"", -19.3627]]"
kitesi	zeronaitʰ	-16.868	"[[""zeronaitʰ"", -16.868], [""epteziu"", -18.8075], [""tis"", -19.164], [""pʰoke"", -19.4405], [""maras"", -19.7624], [""heloke"", -19.7704], [""maw"", -20.2625], [""ewistʰuo"", -20.7264], [""rom"", -20.922], [""ziazi"", -21.2858]]"
kitesir	epteziu	-19.3443	"[[""epteziu"", -19.3443], [""zeronaitʰ"", -19.5455], [""ziazi"", -20.6928], [""ziwai"", -20.6935], [""tis"", -20.8364], [""siasi"", -21.0211], [""siwai"", -22.337], [""holaiesi"", -22.6594], [""heloke"", -22.7804], [""pʰoke"", -22.8609]]"
kitesira	ziwai	-21.6283	"[[""ziwai"", -21.6283], [""siwai"", -21.6956], [""epteziu"", -22.1591], [""zeronaitʰ"", -22.4486], [""aker"", -23.3294], [""tis"", -23.7341], [""ziazi"", -24.1115], [""maw"", -24.1845], [""siasi"", -24.4115], [""heloke"", -25.8112]]"
kitet	rom	-16.3324	"[[""rom"", -16.3324], [""maw"", -16.7809], [""zeronaitʰ"", -17.351], [""marasm"", -17.6462], [""ziazi"", -18.1401], [""ziwai"", -18.1404], [""aomai"", -19.2779], [""aker"", -19.4518], [""maras"", -19.6328], [""pʰoke"", -19.8095]]"
kitete	rom	-19.8369	"[[""rom"", -19.8369], [""maw"", -19.8732], [""zeronaitʰ"", -20.0014], [""marasm"", -21.1327], [""ziazi"", -21.2858], [""ziwai"", -21.286], [""aomai"", -22.303], [""maras"", -22.5046], [""aker"", -22.7199], [""pʰoke"", -23.2443]]"
kiteter	ziazi	-20.6928	"[[""ziazi"", -20.6928], [""ziwai"", -20.6935], [""zeronaitʰ"", -21.3477], [""aomai"", -22.2508], [""maw"", -23.0811], [""rom"", -23.3407], [""arai"", -24.1206], [""marasm"", -24.6066], [""siwai"", -24.7198], [""siasi"", -24.7198]]"
kitetere	zeronaitʰ	-23.6429	"[[""zeronaitʰ"", -23.6429], [""ziazi"", -24.1115], [""ziwai"", -24.1121], [""aomai"", -25.7473], [""maw"", -26.3529], [""rom"", -26.844], [""arai"", -27.6218], [""epteziu"", -27.8438], [""marasm"", -28.066], [""siwai"", -28.194]]"
kiteterep	zeronaitʰ	-26.3851	"[[""zeronaitʰ"", -26.3851], [""ziazi"", -27.5001], [""ziwai"", -27.5006], [""marasm"", -29.1971], [""aomai"", -29.2297], [""rom"", -29.4833], [""maw"", -29.5916], [""ewistʰuo"", -30.9375], [""epteziu"", -30.9484], [""arai"", -31.122]]"
kitu	rom	-13.926	"[[""rom"", -13.926], [""maw"", -13.9673], [""zeronaitʰ"", -14.9342], [""ziazi"", -15.064], [""ziwai"", -15.0643], [""aker"", -15.4908], [""heloke"", -15.9373], [""pʰoke"", -16.0807], [""aomai"", -16.6877], [""maras"", -16.9805]]"
kituj	maw	-17.0565	"[[""maw"", -17.0565], [""zeronaitʰ"", -17.351], [""rom"", -17.4248], [""ziazi"", -18.1401], [""ziwai"", -18.1404], [""aker"", -18.4612], [""heloke"", -18.7781], [""pʰoke"", -19.3443], [""aomai"", -19.7721], [""maras"", -19.7747]]"
kituja	maw	-17.6605	"[[""maw"", -17.6605], [""aker"", -17.8998], [""zeronaitʰ"", -19.8115], [""ziwai"", -19.8224], [""rom"", -20.5479], [""maras"", -21.0075], [""ziazi"", -21.2858], [""heloke"", -21.8828], [""sialkʰwis"", -22.5485], [""pʰoke"", -22.6423]]"
kitujas	maras	-20.8431	"[[""maras"", -20.8431], [""zeronaitʰ"", -21.0605], [""maw"", -21.1489], [""aker"", -21.4004], [""sialkʰwis"", -22.3669], [""tis"", -22.4864], [""ziwai"", -22.7013], [""awis"", -23.0125], [""rom"", -23.7709], [""ewistʰuo"", -23.8136]]"
mai	rom	-10.4671	"[[""rom"", -10.4671], [""maw"", -11.1215], [""pʰoke"", -11.5993], [""aker"", -12.6561], [""arai"", -13.1949], [""awis"", -13.2091], [""maras"", -13.8721], [""siwai"", -13.8874], [""ziwai"", -13.8874], [""heloke"", -14.5495]]"
main	rom	-13.5548	"[[""rom"", -13.5548], [""maw"", -14.6143], [""pʰoke"", -15.0985], [""aker"", -15.7007], [""arai"", -16.2719], [""awis"", -16.2859], [""maras"", -16.9519], [""siwai"", -16.9671], [""ziwai"", -16.9671], [""heloke"", -17.7465]]"
maina	aker	-13.9291	"[[""aker"", -13.9291], [""maw"", -16.5257], [""rom"", -16.5482], [""pʰoke"", -18.5919], [""arai"", -19.0402], [""awis"", -19.0547], [""maras"", -19.4899], [""siwai"", -19.5052], [""ziwai"", -19.5052], [""heloke"", -20.9058]]"
mainaj	aker	-17.4353	"[[""aker"", -17.4353], [""rom"", -19.7098], [""maw"", -20.0293], [""pʰoke"", -22.0778], [""arai"", -22.1143], [""awis"", -22.1289], [""maras"", -22.5017], [""siwai"", -22.5171], [""ziwai"", -22.5171], [""ewistʰuo"", -22.8218]]"
mainaja	aker	-20.2486	"[[""aker"", -20.2486], [""maw"", -22.7401], [""rom"", -22.8559], [""ewistʰuo"", -25.0905], [""arai"", -25.1042], [""awis"", -25.119], [""maras"", -25.3915], [""siwai"", -25.4069], [""ziwai"", -25.4069], [""pʰoke"", -25.5543]]"
mainajar	aker	-23.7557	"[[""aker"", -23.7557], [""arai"", -25.0786], [""siwai"", -25.3617], [""ziwai"", -25.3617], [""awis"", -25.993], [""rom"", -26.0923], [""maw"", -26.2456], [""ewistʰuo"", -26.5207], [""siasi"", -27.9193], [""ziazi"", -27.9193]]"
mainajare	ewistʰuo	-27.1725	"[[""ewistʰuo"", -27.1725], [""aker"", -27.2628], [""arai"", -28.5742], [""awis"", -28.844], [""siwai"", -28.8539], [""ziwai"", -28.8539], [""rom"", -29.3817], [""maw"", -29.7507], [""serunaitʰ"", -30.3423], [""zeronaitʰ"", -30.3423]]"
mainajaret	ewistʰuo	-29.3638	"[[""ewistʰuo"", -29.3638], [""rom"", -30.0732], [""aker"", -30.7699], [""awis"", -31.9586], [""arai"", -32.0695], [""siwai"", -32.345], [""ziwai"", -32.345], [""marasm"", -32.4101], [""serunaitʰ"", -33.067], [""zeronaitʰ"", -33.067]]"
man	rom	-10.4671	"[[""rom"", -10.4671], [""maw"", -11.1215], [""arai"", -13.1949], [""awis"", -13.2091], [""aker"", -13.4554], [""maras"", -13.8721], [""siwai"", -13.8874], [""ziwai"", -13.8874], [""tis"", -14.7934], [""marasm"", -16.218]]"
mana	maw	-13.2519	"[[""maw"", -13.2519], [""rom"", -13.2776], [""aker"", -15.2648], [""arai"", -15.8149], [""awis"", -15.8296], [""maras"", -16.2876], [""siwai"", -16.3031], [""ziwai"", -16.3031], [""tis"", -17.8279], [""marasm"", -18.6586]]"
manad	rom	-14.5451	"[[""rom"", -14.5451], [""maw"", -16.7552], [""tawarzio"", -18.3361], [""tawarsiu"", -18.3361], [""pʰoke"", -18.5472], [""aker"", -18.7524], [""arai"", -18.8451], [""awis"", -18.8599], [""maras"", -19.2721], [""siwai"", -19.2876]]"
manada	rom	-17.4004	"[[""rom"", -17.4004], [""maw"", -19.4441], [""aker"", -21.206], [""pʰoke"", -21.352], [""arai"", -21.8015], [""awis"", -21.8164], [""tawarzio"", -21.82], [""tawarsiu"", -21.82], [""maras"", -22.1318], [""siwai"", -22.1473]]"
manadaw	rom	-20.5161	"[[""rom"", -20.5161], [""maw"", -22.9493], [""murinail"", -23.7378], [""morinail"", -23.7378], [""zeronaitʰ"", -24.125], [""serunaitʰ"", -24.125], [""pʰoke"", -24.4389], [""aker"", -24.7036], [""arai"", -24.9458], [""awis"", -24.9608]]"
manadawa	rom	-23.7356	"[[""rom"", -23.7356], [""maw"", -25.8696], [""serunaitʰ"", -25.8939], [""zeronaitʰ"", -25.8939], [""murinail"", -27.1433], [""morinail"", -27.1433], [""aker"", -27.4383], [""pʰoke"", -27.6417], [""arai"", -28.0502], [""awis"", -28.0653]]"
manadawai	rom	-27.0194	"[[""rom"", -27.0194], [""pʰoke"", -27.5364], [""serunaitʰ"", -28.3058], [""zeronaitʰ"", -28.3058], [""heloke"", -28.779], [""maw"", -29.3757], [""hulaies"", -29.7356], [""holaiesi"", -29.7875], [""murinail"", -30.5105], [""morinail"", -30.5105]]"
manadawaij	rom	-30.3439	"[[""rom"", -30.3439], [""serunaitʰ"", -31.0123], [""zeronaitʰ"", -31.0123], [""pʰoke"", -31.0369], [""heloke"", -32.2819], [""hulaies"", -32.5639], [""holaiesi"", -32.5882], [""maw"", -32.8815], [""murinail"", -33.8518], [""morinail"", -33.8518]]"
mas	tis	-9.3539	"[[""tis"", -9.3539], [""awis"", -10.2611], [""rom"", -10.4671], [""maras"", -10.8979], [""maw"", -11.1215], [""arai"", -13.1949], [""siwai"", -13.2229], [""aker"", -13.4554], [""siasi"", -13.7144], [""tawarsiu"", -13.8438]]"
masi	tis	-12.5757	"[[""tis"", -12.5757], [""pʰoke"", -12.9171], [""heloke"", -13.2293], [""rom"", -13.5548], [""awis"", -13.7413], [""maras"", -14.3791], [""maw"", -14.6143], [""aker"", -15.885], [""siwai"", -15.9039], [""epteziu"", -15.9454]]"
masir	tis	-13.8789	"[[""tis"", -13.8789], [""siasi"", -14.7034], [""siwai"", -15.1965], [""heloke"", -16.0295], [""arai"", -16.1806], [""pʰoke"", -16.2873], [""epteziu"", -16.4723], [""awis"", -16.6265], [""rom"", -16.7601], [""ziwai"", -16.8142]]"
masiru	heloke	-16.6853	"[[""heloke"", -16.6853], [""tis"", -16.7502], [""siasi"", -17.9885], [""siwai"", -18.3609], [""pʰoke"", -18.4704], [""epteziu"", -19.2868], [""serunaitʰ"", -19.4584], [""arai"", -19.678], [""awis"", -19.753], [""rom"", -20.0299]]"
masirut	heloke	-19.5205	"[[""heloke"", -19.5205], [""tis"", -19.872], [""rom"", -20.6748], [""siasi"", -21.2339], [""pʰoke"", -21.4059], [""siwai"", -21.5066], [""marasm"", -22.0227], [""serunaitʰ"", -22.1509], [""epteziu"", -22.3717], [""sialkʰwis"", -22.5299]]"
masirute	heloke	-22.6235	"[[""heloke"", -22.6235], [""tis"", -23.102], [""rom"", -24.1702], [""siasi"", -24.4724], [""pʰoke"", -24.5336], [""siwai"", -24.6732], [""sialkʰwis"", -24.913], [""serunaitʰ"", -25.0587], [""marasm"", -25.5282], [""epteziu"", -25.5702]]"
mat	rom	-8.1735	"[[""rom"", -8.1735], [""maw"", -10.461], [""marasm"", -11.7531], [""arai"", -13.1949], [""awis"", -13.2091], [""aker"", -13.4554], [""maras"", -13.4905], [""aomai"", -13.8861], [""siwai"", -13.8874], [""ziwai"", -13.8874]]"
mate	rom	-11.6302	"[[""rom"", -11.6302], [""maw"", -13.5601], [""marasm"", -15.2353], [""arai"", -16.2719], [""awis"", -16.2859], [""maras"", -16.2926], [""aomai"", -16.6877], [""aker"", -16.8797], [""siwai"", -16.9671], [""ziwai"", -16.9671]]"
mei	pʰoke	-11.5993	"[[""pʰoke"", -11.5993], [""aker"", -13.1567], [""heloke"", -14.5495], [""rom"", -14.7934], [""tis"", -14.7934], [""maw"", -14.7934], [""awis"", -15.5419], [""arai"", -15.5419], [""epteziu"", -16.9747], [""ziazi"", -17.3802]]"
meij	pʰoke	-15.0985	"[[""pʰoke"", -15.0985], [""aker"", -15.9854], [""heloke"", -17.7465], [""rom"", -17.8279], [""maw"", -17.8279], [""tis"", -17.8279], [""awis"", -18.5167], [""arai"", -18.5167], [""epteziu"", -19.1596], [""napʰotʰ"", -19.8186]]"
meija	aker	-13.9304	"[[""aker"", -13.9304], [""maw"", -16.7419], [""rom"", -18.1423], [""pʰoke"", -18.5919], [""arai"", -19.9003], [""awis"", -19.9132], [""maras"", -20.1689], [""siwai"", -20.1839], [""ziwai"", -20.1839], [""heloke"", -20.9058]]"
meijas	aker	-17.4366	"[[""aker"", -17.4366], [""tis"", -19.146], [""awis"", -19.7301], [""maras"", -19.9677], [""maw"", -20.2444], [""ewistʰuo"", -20.4248], [""rom"", -20.9623], [""hulaies"", -21.6726], [""pʰoke"", -21.9903], [""tawarsiu"", -22.3604]]"
meijasa	aker	-20.2493	"[[""aker"", -20.2493], [""ewistʰuo"", -20.8657], [""tis"", -22.5055], [""maw"", -22.8313], [""awis"", -23.1872], [""serunaitʰ"", -23.2971], [""zeronaitʰ"", -23.2973], [""maras"", -23.4162], [""rom"", -23.7846], [""siwai"", -24.631]]"
meijasas	ewistʰuo	-22.9661	"[[""ewistʰuo"", -22.9661], [""tis"", -23.6251], [""aker"", -23.7564], [""epteziu"", -24.4124], [""awis"", -25.2342], [""maras"", -25.3882], [""serunaitʰ"", -26.055], [""zeronaitʰ"", -26.0587], [""tawarsiu"", -26.3177], [""maw"", -26.3365]]"
meijasasa	ewistʰuo	-24.0927	"[[""ewistʰuo"", -24.0927], [""epteziu"", -26.8109], [""aker"", -26.854], [""tis"", -27.1076], [""napʰotʰ"", -27.687], [""serunaitʰ"", -27.968], [""zeronaitʰ"", -28.0056], [""awis"", -28.7221], [""maras"", -28.8734], [""tawarsiu"", -29.1615]]"
meijasau	ewistʰuo	-23.3011	"[[""ewistʰuo"", -23.3011], [""aker"", -23.753], [""tis"", -25.8806], [""serunaitʰ"", -26.1112], [""zeronaitʰ"", -26.1121], [""maw"", -26.3365], [""pʰoke"", -26.4185], [""awis"", -26.6451], [""maras"", -26.8664], [""rom"", -26.8799]]"
meijasaun	ewistʰuo	-26.1099	"[[""ewistʰuo"", -26.1099], [""aker"", -27.2567], [""serunaitʰ"", -29.1999], [""zeronaitʰ"", -29.2023], [""pʰoke"", -29.2522], [""tis"", -29.2682], [""maw"", -29.8414], [""napʰotʰ"", -30.0548], [""rom"", -30.0894], [""awis"", -30.1038]]"
meijasauna	ewistʰuo	-29.0926	"[[""ewistʰuo"", -29.0926], [""aker"", -30.2836], [""pʰoke"", -32.328], [""serunaitʰ"", -32.3972], [""zeronaitʰ"", -32.4019], [""tis"", -32.6659], [""maw"", -32.6914], [""napʰotʰ"", -32.8561], [""sialkʰwis"", -33.0396], [""rom"", -33.2738]]"
meit	rom	-13.5183	"[[""rom"", -13.5183], [""maw"", -14.6534], [""pʰoke"", -15.0985], [""aker"", -15.9854], [""aomai"", -16.9707], [""heloke"", -17.7465], [""tis"", -17.8279], [""marasm"", -17.9567], [""maras"", -18.0279], [""arai"", -18.5167]]"
meiti	pʰoke	-16.9011	"[[""pʰoke"", -16.9011], [""rom"", -17.0202], [""maw"", -17.4657], [""heloke"", -17.9587], [""aker"", -18.6006], [""epteziu"", -19.4785], [""aomai"", -19.777], [""maras"", -20.4603], [""tis"", -20.9547], [""marasm"", -21.2441]]"
meu	aker	-12.8353	"[[""aker"", -12.8353], [""pʰoke"", -14.6178], [""maw"", -14.7934], [""rom"", -14.7934], [""tis"", -14.7934], [""awis"", -15.5419], [""arai"", -15.5419], [""heloke"", -16.1467], [""ziazi"", -17.3802], [""aomai"", -17.3802]]"
meun	aker	-15.6466	"[[""aker"", -15.6466], [""pʰoke"", -17.4186], [""rom"", -17.8279], [""maw"", -17.8279], [""tis"", -17.8279], [""arai"", -18.5167], [""awis"", -18.5167], [""heloke"", -18.9582], [""napʰotʰ"", -19.8186], [""ziazi"", -20.2154]]"
meuna	aker	-16.2382	"[[""aker"", -16.2382], [""maw"", -16.7419], [""rom"", -18.1423], [""sialkʰwis"", -19.756], [""arai"", -19.9003], [""awis"", -19.9132], [""maras"", -20.1689], [""siwai"", -20.1839], [""ziwai"", -20.1839], [""pʰoke"", -20.4773]]"
meunak	aker	-19.7174	"[[""aker"", -19.7174], [""maw"", -20.2444], [""rom"", -20.9623], [""tawarzio"", -22.3609], [""sialkʰwis"", -22.5542], [""arai"", -22.7563], [""awis"", -22.7699], [""ziwai"", -22.7893], [""maras"", -22.9803], [""siwai"", -22.9954]]"
meunaka	aker	-22.1908	"[[""aker"", -22.1908], [""maw"", -22.8313], [""rom"", -23.7846], [""ziwai"", -24.631], [""sialkʰwis"", -24.9735], [""tawarzio"", -25.1517], [""arai"", -25.5246], [""awis"", -25.539], [""maras"", -25.6782], [""siwai"", -25.6936]]"
meunakan	aker	-25.6881	"[[""aker"", -25.6881], [""maw"", -26.3365], [""rom"", -26.8799], [""ziwai"", -27.5109], [""sialkʰwis"", -27.9596], [""tawarzio"", -28.2294], [""arai"", -28.6002], [""awis"", -28.6147], [""maras"", -28.7332], [""siwai"", -28.7486]]"
meunakana	aker	-28.5208	"[[""aker"", -28.5208], [""maw"", -29.2457], [""rom"", -29.979], [""ziwai"", -30.1199], [""sialkʰwis"", -30.822], [""tawarzio"", -31.411], [""arai"", -31.638], [""awis"", -31.6528], [""maras"", -31.7361], [""siwai"", -31.7515]]"
meunakanas	sialkʰwis	-30.7764	"[[""sialkʰwis"", -30.7764], [""awis"", -31.6308], [""maras"", -31.7087], [""aker"", -32.023], [""tawarsiu"", -32.5474], [""tis"", -32.6138], [""maw"", -32.7518], [""ziwai"", -33.146], [""rom"", -33.1905], [""tawarzio"", -34.6522]]"
meunar	aker	-19.7174	"[[""aker"", -19.7174], [""arai"", -19.719], [""sialkʰwis"", -19.7359], [""siwai"", -19.9765], [""ziwai"", -19.9765], [""awis"", -20.0161], [""maw"", -20.2444], [""rom"", -20.9623], [""ziazi"", -21.5681], [""siasi"", -21.5681]]"
meunaru	sialkʰwis	-22.564	"[[""sialkʰwis"", -22.564], [""awis"", -22.8472], [""aker"", -23.1423], [""arai"", -23.2035], [""siwai"", -23.4522], [""ziwai"", -23.4522], [""maw"", -23.7461], [""rom"", -24.0563], [""ziazi"", -25.0354], [""siasi"", -25.0354]]"
meunaruk	sialkʰwis	-25.6678	"[[""sialkʰwis"", -25.6678], [""awis"", -25.9548], [""aker"", -26.5713], [""arai"", -26.6875], [""ziwai"", -26.9141], [""siwai"", -26.9244], [""maw"", -27.2469], [""rom"", -27.2648], [""ziazi"", -27.962], [""ewistʰuo"", -28.4034]]"
meunaruka	sialkʰwis	-28.4769	"[[""sialkʰwis"", -28.4769], [""aker"", -28.4787], [""awis"", -29.165], [""ziwai"", -29.6209], [""maw"", -29.6437], [""siwai"", -29.7111], [""arai"", -30.1375], [""rom"", -30.3688], [""ewistʰuo"", -31.0052], [""ziazi"", -31.0754]]"
meunarukan	sialkʰwis	-31.5685	"[[""sialkʰwis"", -31.5685], [""aker"", -31.9706], [""awis"", -32.4433], [""ziwai"", -32.6754], [""siwai"", -32.7936], [""maw"", -33.1488], [""rom"", -33.5828], [""arai"", -33.5888], [""ewistʰuo"", -33.818], [""ziazi"", -34.2783]]"
nad	rom	-8.2783	"[[""rom"", -8.2783], [""maw"", -11.1215], [""pʰoke"", -12.6278], [""arai"", -13.1949], [""awis"", -13.2091], [""aker"", -13.4554], [""maras"", -13.8721], [""siwai"", -13.8874], [""ziwai"", -13.8874], [""tawarzio"", -14.5111]]"
nada	rom	-11.0928	"[[""rom"", -11.0928], [""maw"", -13.2519], [""aker"", -15.2648], [""pʰoke"", -15.4268], [""arai"", -15.8149], [""awis"", -15.8296], [""maras"", -16.2876], [""siwai"", -16.3031], [""ziwai"", -16.3031], [""tis"", -17.8279]]"
nadad	rom	-13.7302	"[[""rom"", -13.7302], [""maw"", -16.7552], [""pʰoke"", -17.8495], [""tawarzio"", -18.2964], [""tawarsiu"", -18.2964], [""ewistʰuo"", -18.4127], [""aker"", -18.7524], [""arai"", -18.8451], [""awis"", -18.8599], [""maras"", -19.2721]]"
nadada	rom	-16.7724	"[[""rom"", -16.7724], [""maw"", -19.4441], [""pʰoke"", -20.836], [""aker"", -21.206], [""tawarzio"", -21.7813], [""tawarsiu"", -21.7813], [""arai"", -21.8015], [""awis"", -21.8164], [""ewistʰuo"", -21.8792], [""maras"", -22.1318]]"
nadadau	rom	-19.9635	"[[""rom"", -19.9635], [""pʰoke"", -21.7081], [""maw"", -22.9493], [""aker"", -24.4804], [""serunaitʰ"", -24.9079], [""zeronaitʰ"", -24.9079], [""arai"", -24.9458], [""awis"", -24.9608], [""heloke"", -25.095], [""maras"", -25.2394]]"
nadadaut	rom	-18.5004	"[[""rom"", -18.5004], [""pʰoke"", -24.559], [""marasm"", -25.9194], [""maw"", -26.3562], [""aomai"", -27.2314], [""serunaitʰ"", -27.6774], [""zeronaitʰ"", -27.6774], [""aker"", -27.7932], [""heloke"", -27.9456], [""arai"", -28.1799]]"
nadadauti	pʰoke	-21.8081	"[[""pʰoke"", -21.8081], [""rom"", -22.0067], [""heloke"", -25.1953], [""aker"", -29.3946], [""marasm"", -29.4211], [""maw"", -29.7697], [""aomai"", -30.0476], [""serunaitʰ"", -30.5794], [""zeronaitʰ"", -30.5794], [""pʰokiasiale"", -30.684]]"
nadadautin	pʰoke	-25.3153	"[[""pʰoke"", -25.3153], [""rom"", -25.5129], [""heloke"", -28.7025], [""aker"", -32.2863], [""marasm"", -32.9212], [""aomai"", -33.1402], [""maw"", -33.1887], [""serunaitʰ"", -33.5744], [""zeronaitʰ"", -33.5744], [""pʰokiasiale"", -34.176]]"
nadaw	rom	-14.1942	"[[""rom"", -14.1942], [""maw"", -16.7552], [""murinail"", -17.468], [""morinail"", -17.468], [""zeronaitʰ"", -18.4993], [""serunaitʰ"", -18.4993], [""pʰoke"", -18.5095], [""aker"", -18.7524], [""arai"", -18.8451], [""awis"", -18.8599]]"
nadawa	rom	-17.3996	"[[""rom"", -17.3996], [""maw"", -19.4441], [""serunaitʰ"", -20.2654], [""zeronaitʰ"", -20.2654], [""murinail"", -20.8584], [""morinail"", -20.8584], [""aker"", -21.206], [""pʰoke"", -21.708], [""arai"", -21.8015], [""awis"", -21.8164]]"
nadawai	rom	-20.6748	"[[""rom"", -20.6748], [""pʰoke"", -21.5463], [""heloke"", -22.2478], [""serunaitʰ"", -22.6768], [""zeronaitʰ"", -22.6768], [""maw"", -22.9493], [""hulaies"", -23.2244], [""holaiesi"", -23.2763], [""murinail"", -24.2073], [""morinail"", -24.2073]]"
nadawaij	rom	-23.9933	"[[""rom"", -23.9933], [""pʰoke"", -25.0469], [""serunaitʰ"", -25.3829], [""zeronaitʰ"", -25.3829], [""heloke"", -25.7507], [""hulaies"", -26.0527], [""holaiesi"", -26.077], [""maw"", -26.4541], [""murinail"", -27.5296], [""morinail"", -27.5296]]"
nadawaija	aker	-26.8115	"[[""aker"", -26.8115], [""rom"", -27.3339], [""serunaitʰ"", -28.2578], [""zeronaitʰ"", -28.2578], [""pʰoke"", -28.5471], [""hulaies"", -29.1533], [""holaiesi"", -29.1633], [""heloke"", -29.2518], [""maw"", -29.3086], [""napʰotʰ"", -30.7057]]"
nai	rom	-10.4671	"[[""rom"", -10.4671], [""maw"", -11.1215], [""pʰoke"", -11.5993], [""aker"", -12.6561], [""arai"", -13.1949], [""awis"", -13.2091], [""maras"", -13.8721], [""siwai"", -13.8874], [""ziwai"", -13.8874], [""heloke"", -14.5495]]"
naid	rom	-11.7281	"[[""rom"", -11.7281], [""pʰoke"", -14.6], [""maw"", -14.6143], [""aker"", -15.7007], [""epteziu"", -15.7094], [""arai"", -16.2719], [""awis"", -16.2859], [""heloke"", -16.5853], [""maras"", -16.9519], [""siwai"", -16.9671]]"
naida	aker	-13.9291	"[[""aker"", -13.9291], [""rom"", -14.5697], [""maw"", -16.5257], [""pʰoke"", -17.7624], [""arai"", -19.0402], [""awis"", -19.0547], [""epteziu"", -19.1726], [""heloke"", -19.485], [""maras"", -19.4899], [""ziwai"", -19.5052]]"
naidaj	aker	-17.4353	"[[""aker"", -17.4353], [""rom"", -17.6803], [""maw"", -20.0293], [""pʰoke"", -21.0053], [""arai"", -22.1143], [""awis"", -22.1289], [""maras"", -22.5017], [""siwai"", -22.5171], [""ziwai"", -22.5171], [""heloke"", -22.5914]]"
naidaja	aker	-20.2486	"[[""aker"", -20.2486], [""rom"", -20.8906], [""maw"", -22.7401], [""pʰoke"", -24.2961], [""ewistʰuo"", -25.0123], [""arai"", -25.1042], [""awis"", -25.119], [""maras"", -25.3915], [""siwai"", -25.4069], [""ziwai"", -25.4069]]"
naidajas	aker	-23.7557	"[[""aker"", -23.7557], [""rom"", -24.1687], [""awis"", -25.0927], [""maras"", -25.3481], [""tis"", -25.8475], [""ewistʰuo"", -25.952], [""maw"", -26.2456], [""tawarsiu"", -26.3348], [""pʰoke"", -27.5981], [""hulaies"", -27.7835]]"
naiΘ	rom	-13.5548	"[[""rom"", -13.5548], [""maw"", -14.6143], [""pʰoke"", -15.0985], [""aker"", -15.7007], [""arai"", -16.2719], [""awis"", -16.2859], [""maras"", -16.9519], [""siwai"", -16.9671], [""ziwai"", -16.9671], [""heloke"", -17.7465]]"
naiΘt	rom	-14.158	"[[""rom"", -14.158], [""maw"", -17.4597], [""marasm"", -17.6309], [""pʰoke"", -18.5919], [""aker"", -18.888], [""arai"", -19.4641], [""awis"", -19.4779], [""maras"", -19.9477], [""siwai"", -20.1627], [""ziwai"", -20.1627]]"
naiΘti	rom	-17.6464	"[[""rom"", -17.6464], [""pʰoke"", -19.9513], [""maw"", -20.5622], [""heloke"", -20.8027], [""marasm"", -21.1278], [""aker"", -21.7393], [""epteziu"", -22.5389], [""arai"", -22.7199], [""awis"", -22.7335], [""maras"", -22.9798]]"
naiΘtij	rom	-21.1346	"[[""rom"", -21.1346], [""pʰoke"", -23.4556], [""maw"", -23.7748], [""heloke"", -24.2871], [""marasm"", -24.6187], [""aker"", -24.8523], [""epteziu"", -24.9964], [""arai"", -26.0161], [""awis"", -26.0296], [""aomai"", -26.0694]]"
naiΘtija	aker	-23.1797	"[[""aker"", -23.1797], [""rom"", -24.6063], [""maw"", -24.6186], [""pʰoke"", -26.9584], [""heloke"", -27.7636], [""epteziu"", -27.8199], [""maras"", -27.8709], [""marasm"", -28.0486], [""arai"", -28.9745], [""awis"", -28.9885]]"
naiΘtijas	aker	-26.6859	"[[""aker"", -26.6859], [""maras"", -27.7243], [""rom"", -28.0784], [""maw"", -28.108], [""awis"", -28.9381], [""tis"", -29.2244], [""hulaies"", -30.034], [""ewistʰuo"", -30.1362], [""pʰoke"", -30.4487], [""epteziu"", -30.6087]]"
naiΘtijasa	aker	-29.5024	"[[""aker"", -29.5024], [""ewistʰuo"", -30.6549], [""maw"", -30.7129], [""maras"", -31.1796], [""rom"", -31.5357], [""awis"", -32.4227], [""serunaitʰ"", -32.5626], [""zeronaitʰ"", -32.5627], [""tis"", -32.6343], [""tawarsiu"", -33.4362]]"
naiΘu	rom	-16.7601	"[[""rom"", -16.7601], [""maw"", -18.1039], [""aker"", -18.4221], [""pʰoke"", -18.4439], [""heloke"", -18.9946], [""arai"", -19.4641], [""awis"", -19.4779], [""maras"", -20.1477], [""siwai"", -20.1627], [""ziwai"", -20.1627]]"
naiΘut	rom	-17.386	"[[""rom"", -17.386], [""marasm"", -20.8257], [""maw"", -20.9564], [""aker"", -21.4862], [""pʰoke"", -21.8062], [""heloke"", -21.8543], [""arai"", -22.7199], [""awis"", -22.7335], [""maras"", -23.2474], [""siwai"", -23.4215]]"
naiΘuti	heloke	-19.1425	"[[""heloke"", -19.1425], [""pʰoke"", -20.3547], [""rom"", -20.8787], [""aker"", -22.7505], [""maw"", -24.0615], [""marasm"", -24.3245], [""epteziu"", -25.708], [""arai"", -26.0161], [""awis"", -26.0296], [""aomai"", -26.2461]]"
naiΘutin	heloke	-22.6496	"[[""heloke"", -22.6496], [""pʰoke"", -23.8618], [""rom"", -24.3712], [""aker"", -25.6195], [""maw"", -27.2754], [""marasm"", -27.8188], [""epteziu"", -28.1887], [""aomai"", -29.3374], [""arai"", -29.3404], [""awis"", -29.3536]]"
naiΘutinu	heloke	-26.1518	"[[""heloke"", -26.1518], [""pʰoke"", -27.3647], [""rom"", -27.8636], [""aker"", -28.7242], [""maw"", -30.5503], [""epteziu"", -31.0201], [""marasm"", -31.3075], [""aomai"", -32.5431], [""maras"", -32.6462], [""ewistʰuo"", -32.6709]]"
naiΘutinuj	heloke	-29.6541	"[[""heloke"", -29.6541], [""pʰoke"", -30.8674], [""rom"", -31.3558], [""aker"", -31.9451], [""maw"", -33.8644], [""epteziu"", -34.0205], [""marasm"", -34.7896], [""ewistʰuo"", -35.6353], [""aomai"", -35.8119], [""maras"", -35.8495]]"
naj	rom	-10.4671	"[[""rom"", -10.4671], [""maw"", -11.1215], [""arai"", -13.1949], [""awis"", -13.2091], [""aker"", -13.4554], [""maras"", -13.8721], [""siwai"", -13.8874], [""ziwai"", -13.8874], [""tis"", -14.7934], [""marasm"", -16.218]]"
naja	maw	-13.2519	"[[""maw"", -13.2519], [""rom"", -13.2776], [""aker"", -15.2648], [""arai"", -15.8149], [""awis"", -15.8296], [""maras"", -16.2876], [""siwai"", -16.3031], [""ziwai"", -16.3031], [""tis"", -17.8279], [""marasm"", -18.6586]]"
najar	arai	-15.7453	"[[""arai"", -15.7453], [""siwai"", -16.2074], [""ziwai"", -16.2074], [""awis"", -16.3306], [""rom"", -16.3689], [""maw"", -16.7552], [""ziazi"", -18.4836], [""siasi"", -18.4836], [""aomai"", -18.5073], [""aker"", -18.7524]]"
najare	awis	-19.1699	"[[""awis"", -19.1699], [""arai"", -19.2358], [""rom"", -19.5763], [""siwai"", -19.6915], [""ziwai"", -19.6915], [""maw"", -20.2577], [""ziazi"", -21.9406], [""siasi"", -21.9406], [""aomai"", -22.0099], [""tis"", -22.1134]]"
najaret	rom	-20.2299	"[[""rom"", -20.2299], [""awis"", -22.2804], [""arai"", -22.7259], [""marasm"", -23.1078], [""siwai"", -23.1733], [""ziwai"", -23.1733], [""maw"", -23.5507], [""ewistʰuo"", -24.7286], [""tis"", -25.2321], [""murinail"", -25.2614]]"
najareta	rom	-23.7157	"[[""rom"", -23.7157], [""maw"", -25.3259], [""awis"", -25.4951], [""siwai"", -26.1536], [""ziwai"", -26.1536], [""arai"", -26.1964], [""marasm"", -26.604], [""ewistʰuo"", -27.3326], [""aker"", -27.7857], [""maras"", -28.2372]]"
nak	rom	-10.4671	"[[""rom"", -10.4671], [""maw"", -11.1215], [""arai"", -13.1949], [""awis"", -13.2091], [""ziwai"", -13.2229], [""aker"", -13.4554], [""ziazi"", -13.7144], [""tawarzio"", -13.847], [""maras"", -13.8721], [""siwai"", -13.8874]]"
naka	maw	-13.2519	"[[""maw"", -13.2519], [""rom"", -13.2776], [""ziwai"", -14.3737], [""aker"", -15.2648], [""arai"", -15.8149], [""awis"", -15.8296], [""ziazi"", -16.172], [""maras"", -16.2876], [""siwai"", -16.3031], [""tawarzio"", -16.6285]]"
nakan	rom	-16.3689	"[[""rom"", -16.3689], [""maw"", -16.7552], [""ziwai"", -17.1971], [""aker"", -18.7524], [""arai"", -18.8451], [""awis"", -18.8599], [""ziazi"", -18.9976], [""maras"", -19.2721], [""siwai"", -19.2876], [""tawarzio"", -19.6961]]"
nakana	maw	-19.4441	"[[""maw"", -19.4441], [""rom"", -19.4647], [""ziwai"", -19.7208], [""aker"", -21.206], [""arai"", -21.8015], [""awis"", -21.8164], [""ziazi"", -21.991], [""maras"", -22.1318], [""siwai"", -22.1473], [""tawarzio"", -22.8458]]"
nakanas	awis	-21.7867	"[[""awis"", -21.7867], [""maras"", -22.0869], [""tis"", -22.4864], [""rom"", -22.6745], [""ziwai"", -22.7251], [""maw"", -22.9493], [""tawarsiu"", -23.1364], [""aker"", -24.7036], [""arai"", -24.9458], [""ziazi"", -25.0827]]"
nakanasi	awis	-25.2817	"[[""awis"", -25.2817], [""zeronaitʰ"", -25.5044], [""maras"", -25.5806], [""tis"", -25.8672], [""ziwai"", -25.8872], [""pʰoke"", -25.9325], [""tawarsiu"", -25.9379], [""rom"", -25.9475], [""maw"", -26.4541], [""heloke"", -27.1532]]"
nam	rom	-10.4671	"[[""rom"", -10.4671], [""maw"", -11.1215], [""arai"", -13.1949], [""awis"", -13.2091], [""aker"", -13.4554], [""maras"", -13.8721], [""siwai"", -13.8874], [""ziwai"", -13.8874], [""tis"", -14.7934], [""marasm"", -16.218]]"
nama	maw	-13.2519	"[[""maw"", -13.2519], [""rom"", -13.2776], [""aker"", -15.2648], [""arai"", -15.8149], [""awis"", -15.8296], [""maras"", -16.2876], [""siwai"", -16.3031], [""ziwai"", -16.3031], [""tis"", -17.8279], [""marasm"", -18.6586]]"
namai	rom	-16.3689	"[[""rom"", -16.3689], [""maw"", -16.7552], [""pʰoke"", -17.098], [""aker"", -18.3824], [""arai"", -18.8451], [""awis"", -18.8599], [""maras"", -19.2721], [""siwai"", -19.2876], [""ziwai"", -19.2876], [""heloke"", -20.128]]"
namain	rom	-19.5763	"[[""rom"", -19.5763], [""maw"", -20.2577], [""pʰoke"", -20.601], [""aker"", -21.6079], [""arai"", -22.0202], [""awis"", -22.0349], [""maras"", -22.4281], [""siwai"", -22.4435], [""ziwai"", -22.4435], [""heloke"", -23.4984]]"
namaina	aker	-20.2295	"[[""aker"", -20.2295], [""rom"", -22.7586], [""maw"", -22.8366], [""pʰoke"", -24.1018], [""arai"", -25.0711], [""awis"", -25.086], [""maras"", -25.3902], [""siwai"", -25.4056], [""ziwai"", -25.4056], [""heloke"", -26.8249]]"
namainaj	aker	-23.7358	"[[""aker"", -23.7358], [""rom"", -26.0154], [""maw"", -26.3418], [""pʰoke"", -27.5998], [""arai"", -28.2576], [""awis"", -28.2724], [""maras"", -28.5376], [""siwai"", -28.5531], [""ziwai"", -28.5531], [""ewistʰuo"", -29.7041]]"
namainaja	aker	-26.552	"[[""aker"", -26.552], [""maw"", -29.2486], [""rom"", -29.2652], [""pʰoke"", -31.0944], [""arai"", -31.3924], [""awis"", -31.4074], [""maras"", -31.6116], [""siwai"", -31.6271], [""ziwai"", -31.6271], [""ewistʰuo"", -32.038]]"
namainajar	aker	-30.0592	"[[""aker"", -30.0592], [""arai"", -31.3987], [""siwai"", -31.6173], [""ziwai"", -31.6173], [""awis"", -32.5391], [""rom"", -32.5633], [""maw"", -32.7547], [""ewistʰuo"", -33.5202], [""siasi"", -34.4183], [""ziazi"", -34.4183]]"
namas	awis	-15.759	"[[""awis"", -15.759], [""tis"", -15.8337], [""maras"", -16.1956], [""rom"", -16.3689], [""maw"", -16.7552], [""tawarsiu"", -17.7682], [""aker"", -18.7524], [""arai"", -18.8451], [""siwai"", -19.1158], [""ziwai"", -19.2876]]"
namasi	tis	-19.164	"[[""tis"", -19.164], [""awis"", -19.2495], [""pʰoke"", -19.4592], [""rom"", -19.5763], [""maras"", -19.6844], [""heloke"", -20.2071], [""maw"", -20.2577], [""tawarsiu"", -20.5686], [""aker"", -21.7958], [""ewistʰuo"", -22.012]]"
namasir	tis	-20.8364	"[[""tis"", -20.8364], [""siasi"", -21.0211], [""tawarsiu"", -21.2173], [""siwai"", -21.7192], [""arai"", -21.9917], [""awis"", -22.3255], [""ziwai"", -22.3913], [""epteziu"", -22.7883], [""rom"", -22.8478], [""pʰoke"", -22.8781]]"
namasiru	heloke	-23.6985	"[[""heloke"", -23.6985], [""tis"", -23.7341], [""tawarsiu"", -24.0609], [""siasi"", -24.4115], [""siwai"", -25.0008], [""pʰoke"", -25.3471], [""arai"", -25.4909], [""awis"", -25.5325], [""epteziu"", -25.603], [""ziwai"", -25.8875]]"
namasirut	heloke	-26.5342	"[[""heloke"", -26.5342], [""rom"", -26.8477], [""tis"", -26.8656], [""tawarsiu"", -27.1729], [""marasm"", -27.3447], [""siasi"", -27.7654], [""siwai"", -28.2442], [""pʰoke"", -28.3364], [""epteziu"", -28.6883], [""awis"", -28.8092]]"
namasirute	heloke	-29.6374	"[[""heloke"", -29.6374], [""tis"", -30.1006], [""rom"", -30.3447], [""tawarsiu"", -30.3978], [""marasm"", -30.8507], [""siasi"", -31.0985], [""siwai"", -31.4817], [""pʰoke"", -31.4871], [""epteziu"", -31.8872], [""sialkʰwis"", -31.9214]]"
nar	arai	-10.2484	"[[""arai"", -10.2484], [""awis"", -10.4129], [""rom"", -10.4671], [""siwai"", -10.9031], [""ziwai"", -10.9031], [""maw"", -11.1215], [""ziazi"", -12.6896], [""siasi"", -12.6896], [""aomai"", -12.7384], [""tis"", -12.7891]]"
naru	awis	-13.2421	"[[""awis"", -13.2421], [""rom"", -13.5548], [""arai"", -13.7286], [""siwai"", -14.369], [""ziwai"", -14.369], [""maw"", -14.6143], [""tis"", -15.631], [""aker"", -15.7395], [""ziazi"", -16.0981], [""siasi"", -16.0981]]"
naruk	awis	-16.3488	"[[""awis"", -16.3488], [""rom"", -16.7601], [""arai"", -17.2079], [""ziwai"", -17.7852], [""siwai"", -17.8278], [""maw"", -18.1039], [""ziazi"", -18.5089], [""aker"", -18.6976], [""tis"", -18.7364], [""ewistʰuo"", -18.8004]]"
naruka	aker	-19.439	"[[""aker"", -19.439], [""awis"", -19.5502], [""maw"", -19.8391], [""sialkʰwis"", -19.8498], [""rom"", -19.8594], [""ziwai"", -19.9477], [""siwai"", -20.1735], [""arai"", -20.624], [""ewistʰuo"", -21.4009], [""ziazi"", -21.4426]]"
narukan	sialkʰwis	-22.6484	"[[""sialkʰwis"", -22.6484], [""awis"", -22.823], [""ziwai"", -22.882], [""aker"", -22.9188], [""rom"", -23.0709], [""siwai"", -23.1453], [""maw"", -23.3429], [""arai"", -24.0448], [""ewistʰuo"", -24.213], [""ziazi"", -24.5431]]"
narukana	sialkʰwis	-25.0694	"[[""sialkʰwis"", -25.0694], [""aker"", -25.4054], [""ziwai"", -25.6723], [""siwai"", -26.0498], [""maw"", -26.069], [""awis"", -26.1225], [""rom"", -26.2566], [""ewistʰuo"", -27.1537], [""arai"", -27.4038], [""ziazi"", -27.7279]]"
narukanas	awis	-24.4826	"[[""awis"", -24.4826], [""sialkʰwis"", -24.9756], [""tis"", -26.8613], [""maras"", -28.6519], [""ziwai"", -28.7546], [""aker"", -28.9028], [""siwai"", -29.1718], [""rom"", -29.5153], [""maw"", -29.5747], [""tawarsiu"", -29.6085]]"
nas	tis	-9.3539	"[[""tis"", -9.3539], [""awis"", -10.2611], [""rom"", -10.4671], [""maras"", -10.8979], [""maw"", -11.1215], [""arai"", -13.1949], [""siwai"", -13.2229], [""aker"", -13.4554], [""siasi"", -13.7144], [""tawarsiu"", -13.8438]]"
nasi	tis	-12.5757	"[[""tis"", -12.5757], [""pʰoke"", -12.9171], [""heloke"", -13.2293], [""rom"", -13.5548], [""awis"", -13.7413], [""maras"", -14.3791], [""maw"", -14.6143], [""aker"", -15.885], [""siwai"", -15.9039], [""epteziu"", -15.9454]]"
nasii	heloke	-13.1958	"[[""heloke"", -13.1958], [""pʰoke"", -13.2239], [""tis"", -15.8556], [""rom"", -16.7601], [""awis"", -17.2207], [""maras"", -17.8596], [""epteziu"", -17.9746], [""maw"", -18.1039], [""aker"", -18.4696], [""napʰotʰ"", -18.4866]]"
nasiip	heloke	-16.6305	"[[""heloke"", -16.6305], [""pʰoke"", -16.7209], [""rom"", -17.386], [""marasm"", -18.5448], [""tis"", -19.1732], [""epteziu"", -20.6357], [""awis"", -20.6992], [""napʰotʰ"", -20.8355], [""maw"", -20.9564], [""maras"", -21.3178]]"
nasiipi	heloke	-17.9749	"[[""heloke"", -17.9749], [""pʰoke"", -18.3585], [""rom"", -20.8787], [""marasm"", -22.0504], [""tis"", -22.5171], [""epteziu"", -23.3858], [""napʰotʰ"", -23.5007], [""serunaitʰ"", -23.9894], [""maw"", -24.0615], [""awis"", -24.1769]]"
nasiipin	heloke	-21.4643	"[[""heloke"", -21.4643], [""pʰoke"", -21.8626], [""rom"", -24.3712], [""marasm"", -25.5555], [""tis"", -25.8806], [""epteziu"", -26.3059], [""napʰotʰ"", -26.3468], [""serunaitʰ"", -26.6002], [""maw"", -27.2754], [""aker"", -27.6409]]"
nasiipina	heloke	-24.9482	"[[""heloke"", -24.9482], [""pʰoke"", -25.3652], [""aker"", -26.0647], [""rom"", -27.8511], [""maw"", -28.1065], [""marasm"", -29.0556], [""serunaitʰ"", -29.1701], [""tis"", -29.2593], [""napʰotʰ"", -29.3096], [""epteziu"", -29.3458]]"
nasiipinam	heloke	-28.4267	"[[""heloke"", -28.4267], [""pʰoke"", -28.8661], [""aker"", -29.571], [""rom"", -31.3309], [""serunaitʰ"", -31.5525], [""maw"", -31.5962], [""napʰotʰ"", -32.3538], [""epteziu"", -32.4678], [""marasm"", -32.5507], [""tis"", -32.65]]"
nasis	tis	-13.1885	"[[""tis"", -13.1885], [""hulaies"", -13.901], [""awis"", -15.9152], [""heloke"", -16.0289], [""pʰoke"", -16.278], [""maras"", -16.5332], [""siasi"", -16.6744], [""rom"", -16.7601], [""holaiesi"", -17.3492], [""epteziu"", -17.9436]]"
nasisi	heloke	-15.6394	"[[""heloke"", -15.6394], [""pʰoke"", -15.6795], [""tis"", -16.6688], [""hulaies"", -17.4014], [""napʰotʰ"", -18.1579], [""epteziu"", -18.5322], [""serunaitʰ"", -19.0987], [""awis"", -19.4152], [""siasi"", -19.498], [""ewistʰuo"", -19.775]]"
nasisir	siasi	-16.773	"[[""siasi"", -16.773], [""holaiesi"", -17.3982], [""epteziu"", -19.102], [""heloke"", -19.1056], [""pʰoke"", -19.1793], [""tis"", -19.5525], [""hulaies"", -20.8799], [""napʰotʰ"", -20.9544], [""siwai"", -20.9967], [""serunaitʰ"", -21.3819]]"
nat	rom	-8.1735	"[[""rom"", -8.1735], [""maw"", -10.461], [""marasm"", -11.7531], [""arai"", -13.1949], [""awis"", -13.2091], [""aker"", -13.4554], [""maras"", -13.4905], [""aomai"", -13.8861], [""siwai"", -13.8874], [""ziwai"", -13.8874]]"
nati	rom	-11.6302	"[[""rom"", -11.6302], [""maw"", -13.5601], [""pʰoke"", -14.2467], [""marasm"", -15.2353], [""aker"", -15.885], [""arai"", -16.2719], [""awis"", -16.2859], [""maras"", -16.2926], [""aomai"", -16.6877], [""siwai"", -16.9671]]"
natiΘ	rom	-15.088	"[[""rom"", -15.088], [""maw"", -16.7709], [""pʰoke"", -17.7485], [""marasm"", -18.7001], [""aker"", -18.8812], [""maras"", -19.2707], [""arai"", -19.4641], [""awis"", -19.4779], [""aomai"", -19.7721], [""siwai"", -20.1627]]"
natiΘw	rom	-18.5468	"[[""rom"", -18.5468], [""maw"", -20.0439], [""pʰoke"", -21.247], [""murinail"", -21.9288], [""morinail"", -21.9288], [""aker"", -22.0483], [""marasm"", -22.1447], [""heloke"", -22.2016], [""maras"", -22.3516], [""arai"", -22.7199]]"
natiΘwa	aker	-20.526	"[[""aker"", -20.526], [""maw"", -20.8793], [""rom"", -21.9672], [""maras"", -24.135], [""heloke"", -24.7249], [""pʰoke"", -24.7412], [""murinail"", -25.3468], [""morinail"", -25.3468], [""marasm"", -25.399], [""arai"", -25.6345]]"
natiΘwaj	aker	-24.0322	"[[""aker"", -24.0322], [""maw"", -24.3722], [""rom"", -25.3925], [""maras"", -27.0228], [""heloke"", -27.5694], [""pʰoke"", -28.2302], [""marasm"", -28.5657], [""murinail"", -28.7232], [""morinail"", -28.7232], [""arai"", -28.7613]]"
natiΘwaja	aker	-26.8468	"[[""aker"", -26.8468], [""maw"", -27.0227], [""rom"", -28.7897], [""maras"", -29.7991], [""heloke"", -30.5767], [""marasm"", -31.6111], [""pʰoke"", -31.713], [""napʰotʰ"", -31.7248], [""arai"", -31.795], [""awis"", -31.8096]]"
nui	pʰoke	-8.852	"[[""pʰoke"", -8.852], [""aker"", -9.7372], [""heloke"", -10.3386], [""rom"", -14.7934], [""maw"", -14.7934], [""tis"", -14.7934], [""arai"", -15.5419], [""awis"", -15.5419], [""epteziu"", -16.9747], [""ziwai"", -17.3802]]"
nuin	pʰoke	-12.3587	"[[""pʰoke"", -12.3587], [""aker"", -12.5664], [""heloke"", -13.8404], [""rom"", -17.8279], [""maw"", -17.8279], [""tis"", -17.8279], [""arai"", -18.5167], [""awis"", -18.5167], [""epteziu"", -19.1596], [""napʰotʰ"", -19.8186]]"
nuina	aker	-10.4837	"[[""aker"", -10.4837], [""pʰoke"", -15.865], [""maw"", -16.7419], [""heloke"", -17.3393], [""rom"", -18.1423], [""arai"", -19.9003], [""awis"", -19.9132], [""maras"", -20.1689], [""sialkʰwis"", -20.1737], [""siwai"", -20.1839]]"
nuinai	aker	-13.9882	"[[""aker"", -13.9882], [""pʰoke"", -18.4863], [""heloke"", -19.7533], [""maw"", -20.2444], [""rom"", -20.9623], [""epteziu"", -22.5389], [""arai"", -22.7563], [""awis"", -22.7699], [""ewistʰuo"", -22.8507], [""sialkʰwis"", -22.9756]]"
nuinaid	aker	-17.4926	"[[""aker"", -17.4926], [""epteziu"", -20.5058], [""pʰoke"", -21.9402], [""rom"", -22.2443], [""ewistʰuo"", -22.5247], [""heloke"", -23.1742], [""maw"", -23.7461], [""tawarsiu"", -25.695], [""tawarzio"", -25.695], [""arai"", -25.859]]"
nuinaida	aker	-19.893	"[[""aker"", -19.893], [""epteziu"", -24.0029], [""rom"", -25.0873], [""pʰoke"", -25.3952], [""ewistʰuo"", -25.6982], [""maw"", -26.2337], [""heloke"", -26.5975], [""serunaitʰ"", -27.3295], [""zeronaitʰ"", -27.3295], [""arai"", -28.7786]]"
nuinaidaj	aker	-23.3999	"[[""aker"", -23.3999], [""epteziu"", -27.4965], [""rom"", -28.1983], [""pʰoke"", -28.8511], [""ewistʰuo"", -28.8876], [""serunaitʰ"", -29.5267], [""zeronaitʰ"", -29.5267], [""maw"", -29.7388], [""heloke"", -30.0229], [""napʰotʰ"", -31.6733]]"
nuinaidaja	aker	-26.3955	"[[""aker"", -26.3955], [""epteziu"", -30.9864], [""rom"", -31.409], [""ewistʰuo"", -32.0692], [""serunaitʰ"", -32.128], [""zeronaitʰ"", -32.128], [""pʰoke"", -32.3079], [""maw"", -32.637], [""heloke"", -33.4504], [""napʰotʰ"", -34.6231]]"
nuj	aker	-12.5507	"[[""aker"", -12.5507], [""maw"", -14.7934], [""rom"", -14.7934], [""tis"", -14.7934], [""pʰoke"", -14.9892], [""awis"", -15.5419], [""arai"", -15.5419], [""heloke"", -16.5158], [""ziazi"", -17.3802], [""aomai"", -17.3802]]"
nuja	aker	-13.1424	"[[""aker"", -13.1424], [""maw"", -13.5339], [""rom"", -14.6534], [""arai"", -16.65], [""awis"", -16.6633], [""maras"", -16.9707], [""siwai"", -16.9858], [""ziwai"", -16.9858], [""sialkʰwis"", -17.3607], [""tis"", -17.8279]]"
nujas	tis	-15.8337	"[[""tis"", -15.8337], [""awis"", -16.4899], [""aker"", -16.6209], [""maras"", -16.7829], [""maw"", -17.0357], [""sialkʰwis"", -17.1786], [""rom"", -17.4657], [""tawarsiu"", -19.3189], [""arai"", -19.4889], [""siwai"", -19.5219]]"
nujasa	aker	-19.0839	"[[""aker"", -19.0839], [""tis"", -19.164], [""maw"", -19.5581], [""awis"", -19.9427], [""maras"", -20.2263], [""rom"", -20.2832], [""sialkʰwis"", -20.5895], [""siwai"", -21.2072], [""tawarsiu"", -22.0977], [""napʰotʰ"", -22.1583]]"
nujasas	tis	-20.1462	"[[""tis"", -20.1462], [""awis"", -21.9495], [""maras"", -22.1575], [""sialkʰwis"", -22.3066], [""aker"", -22.5809], [""tawarsiu"", -23.0405], [""maw"", -23.063], [""rom"", -23.3769], [""siasi"", -23.6605], [""napʰotʰ"", -24.0042]]"
nujasasa	tis	-23.628	"[[""tis"", -23.628], [""napʰotʰ"", -24.4343], [""aker"", -25.4051], [""awis"", -25.436], [""maras"", -25.6408], [""sialkʰwis"", -25.765], [""tawarsiu"", -25.8726], [""maw"", -25.9312], [""ewistʰuo"", -26.0696], [""rom"", -26.4746]]"
nujasasar	siasi	-23.7715	"[[""siasi"", -23.7715], [""hktaonosi"", -26.009], [""siwai"", -26.4047], [""tis"", -26.5373], [""tawarsiu"", -26.5587], [""napʰotʰ"", -27.2401], [""arai"", -28.2909], [""sialkʰwis"", -28.3238], [""awis"", -28.4244], [""ziwai"", -28.4439]]"
nujasasara	siasi	-27.2753	"[[""siasi"", -27.2753], [""siwai"", -27.8913], [""tawarsiu"", -29.4022], [""hktaonosi"", -29.5158], [""tis"", -29.6733], [""napʰotʰ"", -30.3071], [""sialkʰwis"", -31.3002], [""ewistʰuo"", -31.3764], [""awis"", -31.5874], [""ziwai"", -31.7526]]"
nuΦ	aker	-12.5507	"[[""aker"", -12.5507], [""pʰoke"", -12.5573], [""rom"", -13.3559], [""maw"", -14.7934], [""tis"", -14.7934], [""awis"", -15.5419], [""arai"", -15.5419], [""heloke"", -15.5861], [""napʰotʰ"", -15.7974], [""aomai"", -16.101]]"
nuΦe	pʰoke	-15.3742	"[[""pʰoke"", -15.3742], [""aker"", -15.6331], [""rom"", -16.2188], [""maw"", -17.8279], [""tis"", -17.8279], [""napʰotʰ"", -17.9546], [""heloke"", -18.477], [""arai"", -18.5167], [""awis"", -18.5167], [""aomai"", -18.6081]]"
nuΦet	rom	-14.2289	"[[""rom"", -14.2289], [""aomai"", -17.69], [""maw"", -18.1423], [""pʰoke"", -18.4635], [""aker"", -18.832], [""napʰotʰ"", -20.6187], [""marasm"", -20.8304], [""tis"", -20.9547], [""maras"", -21.4574], [""heloke"", -21.5868]]"
nuΦetu	rom	-17.735	"[[""rom"", -17.735], [""pʰoke"", -19.5441], [""aomai"", -20.4948], [""maw"", -20.9623], [""aker"", -21.6717], [""heloke"", -22.849], [""napʰotʰ"", -23.4919], [""maras"", -23.9303], [""tis"", -24.1427], [""marasm"", -24.2086]]"
nuΦetum	rom	-21.2409	"[[""rom"", -21.2409], [""pʰoke"", -22.4034], [""aomai"", -23.5835], [""maw"", -24.0563], [""aker"", -24.7719], [""heloke"", -25.7169], [""napʰotʰ"", -26.4764], [""maras"", -26.7462], [""tis"", -27.3745], [""marasm"", -27.5073]]"
nuΦetume	rom	-24.7468	"[[""rom"", -24.7468], [""pʰoke"", -25.5206], [""aomai"", -26.7891], [""maw"", -27.2648], [""aker"", -27.9829], [""heloke"", -28.8366], [""napʰotʰ"", -29.5287], [""maras"", -29.7297], [""tis"", -30.6393], [""marasm"", -30.7451]]"
nuΦetumei	pʰoke	-23.1677	"[[""pʰoke"", -23.1677], [""heloke"", -26.4929], [""rom"", -28.2527], [""aker"", -29.3058], [""aomai"", -30.059], [""maw"", -30.5366], [""pʰokiasiale"", -31.0911], [""napʰotʰ"", -32.6263], [""maras"", -32.8133], [""tis"", -33.9298]]"
nuΦetumeij	pʰoke	-26.6749	"[[""pʰoke"", -26.6749], [""heloke"", -30.0], [""rom"", -31.7584], [""aker"", -32.1782], [""aomai"", -33.3697], [""maw"", -33.8487], [""pʰokiasiale"", -34.5881], [""napʰotʰ"", -35.7566], [""maras"", -35.9637], [""hulaies"", -36.9077]]"
nwa	maw	-10.4411	"[[""maw"", -10.4411], [""rom"", -11.1612], [""aker"", -12.5576], [""arai"", -13.4638], [""awis"", -13.4776], [""maras"", -13.8861], [""siwai"", -13.9014], [""ziwai"", -13.9014], [""tis"", -14.7934], [""napʰotʰ"", -14.8038]]"
nwaz	maw	-13.0133	"[[""maw"", -13.0133], [""rom"", -13.5736], [""aker"", -15.0289], [""napʰotʰ"", -15.8189], [""arai"", -15.823], [""awis"", -15.826], [""maras"", -16.143], [""siwai"", -16.1452], [""ziwai"", -16.1452], [""tis"", -17.8279]]"
nwaza	maw	-15.937	"[[""maw"", -15.937], [""rom"", -16.3829], [""aker"", -17.8278], [""napʰotʰ"", -17.8721], [""arai"", -18.5553], [""awis"", -18.5594], [""maras"", -18.8162], [""siwai"", -18.8201], [""ziwai"", -18.8201], [""sialkʰwis"", -20.9537]]"
nwazaΦ	rom	-17.6489	"[[""rom"", -17.6489], [""napʰotʰ"", -18.9156], [""maw"", -19.4426], [""tawarzio"", -20.3054], [""tawarsiu"", -20.3054], [""aker"", -21.326], [""heloke"", -21.5416], [""arai"", -21.6197], [""awis"", -21.6241], [""pʰoke"", -21.675]]"
nwazaΦn	rom	-20.5177	"[[""rom"", -20.5177], [""napʰotʰ"", -21.1837], [""maw"", -22.9478], [""tawarsiu"", -23.8035], [""tawarzio"", -23.8035], [""heloke"", -24.3584], [""pʰoke"", -24.4826], [""arai"", -24.8126], [""awis"", -24.8172], [""aker"", -24.8223]]"
nwazaΦni	rom	-23.6383	"[[""rom"", -23.6383], [""napʰotʰ"", -23.9127], [""heloke"", -24.2181], [""pʰoke"", -24.3457], [""maw"", -26.4527], [""tawarzio"", -27.2982], [""tawarsiu"", -27.2982], [""aker"", -28.0456], [""arai"", -28.0743], [""awis"", -28.0789]]"
oij	aker	-9.6322	"[[""aker"", -9.6322], [""arai"", -11.498], [""awis"", -11.5051], [""aomai"", -12.0938], [""maw"", -12.7891], [""pʰoke"", -12.8754], [""rom"", -14.7934], [""tis"", -14.7934], [""napʰotʰ"", -14.8894], [""maras"", -14.9332]]"
oija	aker	-7.5828	"[[""aker"", -7.5828], [""maw"", -11.1312], [""arai"", -11.1485], [""awis"", -11.1639], [""maras"", -14.566], [""rom"", -14.6534], [""aomai"", -15.064], [""pʰoke"", -16.352], [""siwai"", -16.9838], [""ziwai"", -16.9838]]"
osa	awis	-6.5765	"[[""awis"", -6.5765], [""aker"", -6.9581], [""arai"", -7.6555], [""maw"", -7.656], [""tis"", -9.3632], [""maras"", -10.0199], [""siwai"", -10.9677], [""rom"", -11.1612], [""napʰotʰ"", -11.2718], [""pʰoke"", -12.0563]]"
osar	arai	-7.4785	"[[""arai"", -7.4785], [""awis"", -7.5984], [""siasi"", -10.2195], [""tis"", -10.4003], [""aker"", -10.4591], [""siwai"", -10.7286], [""maw"", -11.1619], [""aomai"", -11.4747], [""napʰotʰ"", -12.4043], [""maras"", -13.2309]]"
osare	awis	-10.4554	"[[""awis"", -10.4554], [""arai"", -10.9605], [""tis"", -13.258], [""siasi"", -13.6372], [""aker"", -13.9583], [""siwai"", -14.0736], [""napʰotʰ"", -14.6545], [""maw"", -14.6678], [""aomai"", -14.968], [""maras"", -16.5037]]"
osarej	awis	-13.5722	"[[""awis"", -13.5722], [""arai"", -14.4425], [""tis"", -16.375], [""siasi"", -17.0234], [""napʰotʰ"", -17.2853], [""siwai"", -17.3846], [""aker"", -17.4557], [""maw"", -18.1735], [""aomai"", -18.458], [""maras"", -19.816]]"
osareja	awis	-16.7923	"[[""awis"", -16.7923], [""arai"", -17.9018], [""siwai"", -18.1306], [""aker"", -19.5582], [""tis"", -19.6025], [""napʰotʰ"", -20.1157], [""siasi"", -20.3886], [""maw"", -20.9306], [""aomai"", -21.9446], [""sialkʰwis"", -22.0221]]"
pin	maw	-10.052	"[[""maw"", -10.052], [""maras"", -12.7823], [""pʰoke"", -12.8754], [""aker"", -13.1567], [""rom"", -14.0658], [""marasm"", -14.7478], [""tis"", -14.7934], [""heloke"", -15.1025], [""arai"", -15.5419], [""awis"", -15.5419]]"
pina	maw	-10.6846	"[[""maw"", -10.6846], [""aker"", -11.1128], [""maras"", -14.0299], [""rom"", -14.6259], [""pʰoke"", -16.352], [""marasm"", -16.581], [""arai"", -16.65], [""awis"", -16.6633], [""siwai"", -16.9858], [""ziwai"", -16.9858]]"
pinam	maw	-14.1723	"[[""maw"", -14.1723], [""aker"", -14.6188], [""maras"", -16.8744], [""rom"", -17.4519], [""marasm"", -19.1558], [""ewistʰuo"", -19.3471], [""arai"", -19.4889], [""awis"", -19.5027], [""siwai"", -19.7923], [""ziwai"", -19.7923]]"
pinama	maw	-16.7517	"[[""maw"", -16.7517], [""aker"", -17.4282], [""maras"", -19.587], [""rom"", -20.2763], [""ewistʰuo"", -21.6011], [""marasm"", -21.8249], [""arai"", -22.2269], [""awis"", -22.2414], [""siwai"", -22.4519], [""ziwai"", -22.4519]]"
pinamai	maw	-20.2514	"[[""maw"", -20.2514], [""aker"", -20.9298], [""maras"", -22.6445], [""pʰoke"", -23.1048], [""rom"", -23.3723], [""heloke"", -23.81], [""ewistʰuo"", -24.1126], [""marasm"", -24.7008], [""arai"", -25.2925], [""awis"", -25.3071]]"
pinamain	maw	-23.751	"[[""maw"", -23.751], [""aker"", -24.4313], [""maras"", -25.8333], [""rom"", -26.5821], [""pʰoke"", -26.6092], [""ewistʰuo"", -26.7986], [""heloke"", -27.3025], [""marasm"", -27.7145], [""epteziu"", -27.9436], [""arai"", -28.4855]]"
pinamaina	aker	-26.4272	"[[""aker"", -26.4272], [""maw"", -26.5914], [""maras"", -28.9227], [""ewistʰuo"", -29.606], [""rom"", -29.7666], [""pʰoke"", -30.1122], [""marasm"", -30.7596], [""epteziu"", -30.7809], [""heloke"", -30.7899], [""arai"", -31.5941]]"
pinamainaj	aker	-29.9339	"[[""aker"", -29.9339], [""maw"", -30.095], [""maras"", -32.1284], [""ewistʰuo"", -32.4977], [""rom"", -33.0247], [""pʰoke"", -33.6137], [""epteziu"", -33.7843], [""marasm"", -33.8634], [""heloke"", -34.2722], [""arai"", -34.8097]]"
pinamas	maras	-19.5196	"[[""maras"", -19.5196], [""maw"", -20.2514], [""aker"", -20.9352], [""awis"", -22.1732], [""ewistʰuo"", -22.4557], [""tis"", -22.4864], [""marasm"", -22.8934], [""rom"", -23.3723], [""tawarsiu"", -23.7007], [""arai"", -25.2925]]"
pinamasi	ewistʰuo	-22.9759	"[[""ewistʰuo"", -22.9759], [""maras"", -23.0113], [""maw"", -23.751], [""aker"", -24.4358], [""serunaitʰ"", -25.2387], [""zeronaitʰ"", -25.239], [""epteziu"", -25.4232], [""awis"", -25.6653], [""marasm"", -25.7384], [""tis"", -25.8672]]"
pinamasir	ewistʰuo	-25.4101	"[[""ewistʰuo"", -25.4101], [""epteziu"", -25.9612], [""maras"", -26.5027], [""tawarsiu"", -27.1504], [""maw"", -27.2504], [""siasi"", -27.47], [""tis"", -27.7942], [""aker"", -27.9363], [""serunaitʰ"", -27.9833], [""zeronaitʰ"", -28.0176]]"
pinamasiru	ewistʰuo	-28.1499	"[[""ewistʰuo"", -28.1499], [""epteziu"", -28.7762], [""maras"", -29.9938], [""tawarsiu"", -29.994], [""heloke"", -30.67], [""tis"", -30.7173], [""maw"", -30.7497], [""siasi"", -30.9092], [""serunaitʰ"", -30.9731], [""zeronaitʰ"", -31.0545]]"
ram	siwai	-10.4527	"[[""siwai"", -10.4527], [""ziwai"", -10.4527], [""rom"", -10.4671], [""maw"", -11.1215], [""tis"", -12.7891], [""awis"", -13.1704], [""arai"", -13.182], [""aker"", -13.4554], [""maras"", -13.8721], [""ziazi"", -14.9377]]"
rama	siwai	-13.2469	"[[""siwai"", -13.2469], [""ziwai"", -13.2469], [""maw"", -13.2519], [""rom"", -13.2776], [""aker"", -15.2648], [""awis"", -15.8082], [""arai"", -15.8096], [""tis"", -15.9824], [""maras"", -16.2876], [""ziazi"", -17.9163]]"
raman	siwai	-16.3326	"[[""siwai"", -16.3326], [""ziwai"", -16.3326], [""rom"", -16.3689], [""maw"", -16.7552], [""aker"", -18.7524], [""arai"", -18.8419], [""awis"", -18.8432], [""tis"", -19.2407], [""maras"", -19.2721], [""ziazi"", -20.9999]]"
ramana	siwai	-19.4143	"[[""siwai"", -19.4143], [""ziwai"", -19.4143], [""maw"", -19.4441], [""rom"", -19.4647], [""aker"", -21.206], [""arai"", -21.7996], [""awis"", -21.8049], [""maras"", -22.1318], [""tis"", -22.5402], [""sialkʰwis"", -23.5223]]"
ramanad	rom	-21.1001	"[[""rom"", -21.1001], [""siwai"", -22.617], [""ziwai"", -22.617], [""maw"", -22.9493], [""tawarzio"", -23.452], [""tawarsiu"", -23.452], [""aker"", -24.7036], [""pʰoke"", -24.8629], [""arai"", -24.9445], [""awis"", -24.9514]]"
ramanada	rom	-23.9855	"[[""rom"", -23.9855], [""siwai"", -25.8169], [""ziwai"", -25.8169], [""maw"", -25.8696], [""tawarsiu"", -26.9459], [""tawarzio"", -26.9459], [""aker"", -27.4383], [""pʰoke"", -27.6734], [""arai"", -28.0493], [""awis"", -28.0581]]"
ramanadaw	rom	-27.1121	"[[""rom"", -27.1121], [""siwai"", -29.0839], [""ziwai"", -29.0839], [""maw"", -29.3757], [""murinail"", -30.0904], [""morinail"", -30.0904], [""zeronaitʰ"", -30.3103], [""serunaitʰ"", -30.3103], [""tawarsiu"", -30.4319], [""tawarzio"", -30.4319]]"
ramanadawa	rom	-30.3397	"[[""rom"", -30.3397], [""serunaitʰ"", -32.0842], [""zeronaitʰ"", -32.0842], [""siwai"", -32.3487], [""ziwai"", -32.3487], [""maw"", -32.4236], [""murinail"", -33.5145], [""morinail"", -33.5145], [""aker"", -33.8344], [""tawarsiu"", -33.9002]]"
rame	siwai	-13.5398	"[[""siwai"", -13.5398], [""ziwai"", -13.5398], [""rom"", -13.5548], [""maw"", -14.6143], [""tis"", -15.9824], [""awis"", -16.2523], [""arai"", -16.2635], [""aker"", -16.8797], [""maras"", -16.9519], [""ziazi"", -17.9163]]"
ramei	siwai	-16.7446	"[[""siwai"", -16.7446], [""ziwai"", -16.7446], [""rom"", -16.7601], [""pʰoke"", -17.098], [""maw"", -18.1039], [""aker"", -19.1636], [""tis"", -19.2407], [""awis"", -19.4473], [""arai"", -19.4579], [""heloke"", -20.128]]"
rameit	rom	-17.386	"[[""rom"", -17.386], [""siwai"", -20.014], [""ziwai"", -20.014], [""pʰoke"", -20.601], [""marasm"", -20.8257], [""maw"", -20.9564], [""aker"", -22.1332], [""tis"", -22.5402], [""awis"", -22.7049], [""arai"", -22.7151]]"
rameiti	rom	-20.8787	"[[""rom"", -20.8787], [""pʰoke"", -22.812], [""siwai"", -23.3242], [""ziwai"", -23.3242], [""maw"", -24.0615], [""marasm"", -24.3245], [""heloke"", -24.3612], [""aker"", -24.9349], [""tis"", -25.8684], [""awis"", -26.0025]]"
rameu	siwai	-16.7446	"[[""siwai"", -16.7446], [""ziwai"", -16.7446], [""rom"", -16.7601], [""maw"", -18.1039], [""aker"", -19.0625], [""tis"", -19.2407], [""awis"", -19.4473], [""arai"", -19.4579], [""maras"", -20.1477], [""pʰoke"", -20.2513]]"
rameun	siwai	-20.014	"[[""siwai"", -20.014], [""ziwai"", -20.014], [""rom"", -20.0299], [""maw"", -21.5905], [""aker"", -22.0045], [""tis"", -22.5402], [""awis"", -22.7049], [""arai"", -22.7151], [""pʰoke"", -23.0881], [""maras"", -23.4067]]"
rameuna	aker	-22.7142	"[[""aker"", -22.7142], [""sialkʰwis"", -23.0055], [""ziwai"", -23.1604], [""siwai"", -23.1604], [""maw"", -23.1801], [""rom"", -23.1987], [""awis"", -25.6302], [""arai"", -25.6319], [""tis"", -25.8684], [""maras"", -26.0612]]"
rameunak	sialkʰwis	-25.8042	"[[""sialkʰwis"", -25.8042], [""aker"", -26.1945], [""ziwai"", -26.3905], [""siwai"", -26.3967], [""rom"", -26.4475], [""maw"", -26.6841], [""tawarzio"", -27.3386], [""arai"", -28.7595], [""awis"", -28.7612], [""ziazi"", -29.0273]]"
rameunaka	sialkʰwis	-28.229	"[[""sialkʰwis"", -28.229], [""aker"", -28.6856], [""maw"", -29.4216], [""ziwai"", -29.5116], [""siwai"", -29.5921], [""rom"", -29.6653], [""tawarzio"", -30.1371], [""arai"", -31.7939], [""awis"", -31.7995], [""ziazi"", -31.8723]]"
rameunakan	sialkʰwis	-31.2163	"[[""sialkʰwis"", -31.2163], [""aker"", -32.1832], [""ziwai"", -32.731], [""siwai"", -32.8564], [""maw"", -32.9273], [""rom"", -32.9431], [""tawarzio"", -33.2223], [""ziazi"", -34.9483], [""arai"", -34.9729], [""awis"", -34.9803]]"
rameunar	sialkʰwis	-22.9861	"[[""sialkʰwis"", -22.9861], [""siwai"", -23.1531], [""ziwai"", -23.1531], [""arai"", -25.5806], [""ziazi"", -25.8608], [""siasi"", -25.8608], [""aker"", -26.1945], [""awis"", -26.4221], [""rom"", -26.4475], [""maw"", -26.6841]]"
rameunaru	sialkʰwis	-25.8152	"[[""sialkʰwis"", -25.8152], [""siwai"", -26.6515], [""ziwai"", -26.6515], [""arai"", -29.0752], [""awis"", -29.2701], [""ziazi"", -29.3632], [""siasi"", -29.3632], [""aker"", -29.6338], [""rom"", -29.7448], [""maw"", -30.1876]]"
rameunaruk	sialkʰwis	-28.9219	"[[""sialkʰwis"", -28.9219], [""ziwai"", -30.1494], [""siwai"", -30.1496], [""awis"", -32.3837], [""arai"", -32.5694], [""ziazi"", -32.7727], [""siasi"", -32.8638], [""rom"", -33.0745], [""aker"", -33.0756], [""maw"", -33.6905]]"
rat	rom	-8.1735	"[[""rom"", -8.1735], [""siwai"", -10.4527], [""ziwai"", -10.4527], [""maw"", -10.461], [""marasm"", -11.7531], [""tis"", -12.7891], [""awis"", -13.1704], [""arai"", -13.182], [""aker"", -13.4554], [""maras"", -13.4905]]"
rate	rom	-11.6302	"[[""rom"", -11.6302], [""siwai"", -13.5398], [""ziwai"", -13.5398], [""maw"", -13.5601], [""marasm"", -15.2353], [""tis"", -15.9824], [""awis"", -16.2523], [""arai"", -16.2635], [""maras"", -16.2926], [""aomai"", -16.6873]]"
red	pʰoke	-12.6278	"[[""pʰoke"", -12.6278], [""tis"", -12.7891], [""rom"", -13.3559], [""maw"", -14.7934], [""siwai"", -14.9377], [""siasi"", -14.9377], [""ziazi"", -14.9377], [""ziwai"", -14.9377], [""awis"", -15.2008], [""arai"", -15.4149]]"
redi	pʰoke	-12.4389	"[[""pʰoke"", -12.4389], [""heloke"", -15.7931], [""tis"", -15.9824], [""rom"", -16.2188], [""aker"", -16.2387], [""maw"", -17.8279], [""ziazi"", -17.9163], [""siwai"", -17.9163], [""ziwai"", -17.9163], [""siasi"", -17.9163]]"
redij	pʰoke	-15.9206	"[[""pʰoke"", -15.9206], [""aker"", -19.0778], [""heloke"", -19.2292], [""tis"", -19.2407], [""rom"", -19.3262], [""napʰotʰ"", -20.6187], [""maw"", -20.9547], [""ziazi"", -20.9999], [""siwai"", -20.9999], [""ziwai"", -20.9999]]"
redija	aker	-17.0243	"[[""aker"", -17.0243], [""pʰoke"", -19.4019], [""maw"", -20.0135], [""rom"", -21.3498], [""siwai"", -21.4993], [""ziwai"", -21.4993], [""tis"", -22.5402], [""heloke"", -22.6453], [""awis"", -23.1582], [""arai"", -23.1836]]"
rei	pʰoke	-11.5993	"[[""pʰoke"", -11.5993], [""tis"", -12.7891], [""aker"", -13.1567], [""heloke"", -14.5495], [""rom"", -14.7934], [""maw"", -14.7934], [""ziazi"", -14.9377], [""siasi"", -14.9377], [""ziwai"", -14.9377], [""siwai"", -14.9377]]"
reik	pʰoke	-15.0985	"[[""pʰoke"", -15.0985], [""epteziu"", -15.1369], [""ziazi"", -15.8834], [""tis"", -15.9824], [""aker"", -15.9854], [""ziwai"", -16.9654], [""heloke"", -17.7465], [""maw"", -17.8279], [""rom"", -17.8279], [""siwai"", -17.9163]]"
reike	epteziu	-17.9337	"[[""epteziu"", -17.9337], [""pʰoke"", -18.5919], [""ziazi"", -18.6197], [""aker"", -19.0862], [""tis"", -19.2407], [""ziwai"", -19.564], [""heloke"", -20.9058], [""maw"", -20.9547], [""rom"", -20.9547], [""siwai"", -20.9999]]"
reiket	rom	-19.998	"[[""rom"", -19.998], [""epteziu"", -21.0155], [""ziazi"", -21.6224], [""maw"", -21.628], [""pʰoke"", -22.0778], [""aker"", -22.3006], [""ziwai"", -22.4274], [""tis"", -22.5402], [""aomai"", -23.429], [""marasm"", -23.8088]]"
reiketa	aker	-20.9325	"[[""aker"", -20.9325], [""maw"", -22.0163], [""rom"", -23.3363], [""ziwai"", -23.622], [""epteziu"", -24.2135], [""ziazi"", -24.7423], [""siwai"", -24.9547], [""maras"", -25.42], [""pʰoke"", -25.5543], [""tis"", -25.8684]]"
reiketan	aker	-24.4386	"[[""aker"", -24.4386], [""maw"", -25.4812], [""ziwai"", -26.4655], [""rom"", -26.6949], [""epteziu"", -27.4745], [""siwai"", -27.7879], [""ziazi"", -27.93], [""maras"", -28.225], [""pʰoke"", -29.0197], [""tis"", -29.2175]]"
reiketana	aker	-27.2515	"[[""aker"", -27.2515], [""maw"", -27.8102], [""ziwai"", -29.2076], [""rom"", -29.9609], [""siwai"", -30.6037], [""maras"", -30.7707], [""epteziu"", -30.7751], [""ziazi"", -31.1623], [""ewistʰuo"", -31.7966], [""arai"", -32.208]]"
reiketanai	aker	-30.7543	"[[""aker"", -30.7543], [""maw"", -31.3046], [""ziwai"", -32.2746], [""pʰoke"", -32.5696], [""rom"", -33.2689], [""heloke"", -33.2937], [""siwai"", -33.6967], [""maras"", -33.781], [""epteziu"", -33.9355], [""ziazi"", -34.4267]]"
rej	tis	-12.7891	"[[""tis"", -12.7891], [""rom"", -14.7934], [""maw"", -14.7934], [""ziazi"", -14.9377], [""siasi"", -14.9377], [""ziwai"", -14.9377], [""siwai"", -14.9377], [""awis"", -15.2008], [""arai"", -15.4149], [""aker"", -15.5419]]"
reja	maw	-13.5339	"[[""maw"", -13.5339], [""siwai"", -14.5814], [""ziwai"", -14.5814], [""rom"", -14.6534], [""aker"", -15.4394], [""tis"", -15.9824], [""awis"", -16.6147], [""arai"", -16.6378], [""maras"", -16.9707], [""ziazi"", -17.9163]]"
rep	rom	-10.4256	"[[""rom"", -10.4256], [""maw"", -11.1612], [""tis"", -12.7891], [""aomai"", -13.8853], [""maras"", -14.5763], [""siwai"", -14.9377], [""ziazi"", -14.9377], [""ziwai"", -14.9377], [""siasi"", -14.9377], [""awis"", -15.2008]]"
ret	rom	-10.4256	"[[""rom"", -10.4256], [""maw"", -11.1612], [""tis"", -12.7891], [""aomai"", -13.8853], [""maras"", -14.5763], [""siwai"", -14.9377], [""ziazi"", -14.9377], [""ziwai"", -14.9377], [""siasi"", -14.9377], [""awis"", -15.2008]]"
reta	maw	-11.6431	"[[""maw"", -11.6431], [""rom"", -13.5456], [""siwai"", -14.5814], [""ziwai"", -14.5814], [""maras"", -15.0519], [""aker"", -15.4394], [""tis"", -15.9824], [""awis"", -16.6147], [""arai"", -16.6378], [""aomai"", -16.6873]]"
rid	pʰoke	-12.0628	"[[""pʰoke"", -12.0628], [""tis"", -12.7891], [""epteziu"", -12.8042], [""aker"", -13.1567], [""rom"", -13.3559], [""heloke"", -13.6264], [""ewistʰuo"", -14.1799], [""maw"", -14.7934], [""ziazi"", -14.9377], [""siasi"", -14.9377]]"
rida	aker	-11.1128	"[[""aker"", -11.1128], [""maw"", -13.5339], [""rom"", -14.4988], [""siwai"", -14.5814], [""ziwai"", -14.5814], [""pʰoke"", -15.1092], [""tis"", -15.9824], [""epteziu"", -16.2402], [""heloke"", -16.4695], [""awis"", -16.6147]]"
ridau	aker	-14.6106	"[[""aker"", -14.6106], [""pʰoke"", -16.059], [""maw"", -17.0357], [""heloke"", -17.1624], [""rom"", -17.3478], [""siwai"", -17.3907], [""ziwai"", -17.3907], [""ewistʰuo"", -19.1828], [""tis"", -19.2407], [""awis"", -19.4713]]"
ruk	aker	-12.5507	"[[""aker"", -12.5507], [""ziazi"", -12.7124], [""tis"", -12.7891], [""ziwai"", -13.6302], [""rom"", -14.7934], [""maw"", -14.7934], [""siwai"", -14.9377], [""siasi"", -14.9377], [""pʰoke"", -14.9892], [""awis"", -15.2008]]"
ruka	aker	-13.1424	"[[""aker"", -13.1424], [""maw"", -13.5339], [""ziwai"", -13.8625], [""sialkʰwis"", -13.9684], [""siwai"", -14.5814], [""rom"", -14.6534], [""ziazi"", -15.3949], [""tis"", -15.9824], [""awis"", -16.6147], [""arai"", -16.6378]]"
rukan	aker	-16.6209	"[[""aker"", -16.6209], [""ziwai"", -16.6663], [""sialkʰwis"", -16.7667], [""maw"", -17.0357], [""siwai"", -17.3907], [""rom"", -17.4657], [""ziazi"", -18.3604], [""tis"", -19.2407], [""awis"", -19.4713], [""arai"", -19.4826]]"
rukana	aker	-19.0839	"[[""aker"", -19.0839], [""sialkʰwis"", -19.1871], [""ziwai"", -19.2914], [""maw"", -19.5581], [""siwai"", -20.1914], [""rom"", -20.2832], [""ziazi"", -21.4513], [""awis"", -22.2238], [""arai"", -22.224], [""maras"", -22.4365]]"
rukanas	sialkʰwis	-19.094	"[[""sialkʰwis"", -19.094], [""tis"", -20.8306], [""awis"", -22.0845], [""ziwai"", -22.323], [""maras"", -22.3608], [""aker"", -22.5809], [""maw"", -23.063], [""siwai"", -23.2701], [""rom"", -23.3769], [""tawarsiu"", -23.7007]]"
rus	tis	-6.9216	"[[""tis"", -6.9216], [""awis"", -10.2949], [""aker"", -12.5507], [""siasi"", -12.7124], [""maras"", -12.7384], [""sialkʰwis"", -13.0494], [""siwai"", -13.6302], [""pʰoke"", -13.6439], [""maw"", -14.7934], [""rom"", -14.7934]]"
rusa	tis	-10.4003	"[[""tis"", -10.4003], [""aker"", -13.1424], [""maw"", -13.5339], [""awis"", -13.7517], [""siwai"", -13.8625], [""sialkʰwis"", -13.9006], [""ziwai"", -14.5814], [""rom"", -14.6534], [""siasi"", -15.3949], [""pʰoke"", -15.4911]]"
rusai	pʰoke	-13.1954	"[[""pʰoke"", -13.1954], [""tis"", -13.8789], [""heloke"", -15.792], [""aker"", -16.0055], [""siwai"", -16.6663], [""sialkʰwis"", -16.7317], [""maw"", -17.0357], [""awis"", -17.2087], [""ziwai"", -17.3907], [""rom"", -17.4657]]"
rusaid	pʰoke	-16.0804	"[[""pʰoke"", -16.0804], [""epteziu"", -17.3062], [""tis"", -17.3576], [""heloke"", -17.7534], [""rom"", -18.739], [""aker"", -19.1243], [""napʰotʰ"", -19.3338], [""siwai"", -19.7448], [""sialkʰwis"", -19.8254], [""tawarsiu"", -20.1994]]"
rusaida	aker	-17.4637	"[[""aker"", -17.4637], [""pʰoke"", -19.1961], [""heloke"", -20.6434], [""epteziu"", -20.8034], [""tis"", -20.8364], [""rom"", -21.5815], [""napʰotʰ"", -21.5909], [""sialkʰwis"", -22.346], [""siwai"", -22.5174], [""maw"", -22.9376]]"
rusaidaa	aker	-20.281	"[[""aker"", -20.281], [""pʰoke"", -22.4141], [""heloke"", -23.7462], [""epteziu"", -24.297], [""tis"", -24.3153], [""napʰotʰ"", -24.3217], [""rom"", -24.6749], [""sialkʰwis"", -25.0215], [""siwai"", -25.3563], [""serunaitʰ"", -25.3592]]"
rusaidaau	pʰoke	-23.7381	"[[""pʰoke"", -23.7381], [""aker"", -23.7881], [""heloke"", -24.8149], [""napʰotʰ"", -27.265], [""serunaitʰ"", -27.6877], [""epteziu"", -27.787], [""tis"", -27.7942], [""rom"", -27.8895], [""sialkʰwis"", -28.0688], [""siwai"", -28.4558]]"
rut	rom	-10.4256	"[[""rom"", -10.4256], [""maw"", -11.1612], [""aker"", -12.5507], [""tis"", -12.7891], [""aomai"", -13.8853], [""maras"", -14.5763], [""siwai"", -14.9377], [""ziazi"", -14.9377], [""ziwai"", -14.9377], [""siasi"", -14.9377]]"
rute	rom	-13.926	"[[""rom"", -13.926], [""maw"", -13.9673], [""aker"", -15.6331], [""tis"", -15.9824], [""aomai"", -16.6873], [""maras"", -16.9805], [""sialkʰwis"", -17.88], [""siwai"", -17.9163], [""ziwai"", -17.9163], [""siasi"", -17.9163]]"
rutei	pʰoke	-15.6613	"[[""pʰoke"", -15.6613], [""aker"", -16.6618], [""maw"", -17.0565], [""heloke"", -17.3066], [""rom"", -17.4248], [""tis"", -19.2407], [""aomai"", -19.7719], [""maras"", -19.7747], [""sialkʰwis"", -20.5726], [""ziwai"", -20.9999]]"
ruteid	pʰoke	-19.0918	"[[""pʰoke"", -19.0918], [""aker"", -19.5188], [""maw"", -20.2625], [""heloke"", -20.734], [""rom"", -20.8458], [""epteziu"", -21.8132], [""tis"", -22.5402], [""maras"", -22.748], [""aomai"", -22.9358], [""sialkʰwis"", -23.4395]]"
ruteidi	pʰoke	-21.0461	"[[""pʰoke"", -21.0461], [""aker"", -22.3557], [""heloke"", -22.6354], [""maw"", -23.5328], [""rom"", -24.2722], [""epteziu"", -25.0544], [""maras"", -25.8257], [""tis"", -25.8684], [""napʰotʰ"", -25.943], [""aomai"", -26.1521]]"
sai	pʰoke	-6.2631	"[[""pʰoke"", -6.2631], [""heloke"", -9.0201], [""tis"", -9.3539], [""siwai"", -10.2851], [""rom"", -10.4671], [""maw"", -11.1215], [""siasi"", -12.0938], [""aker"", -12.6561], [""hulaies"", -12.7071], [""holaiesi"", -12.7684]]"
said	pʰoke	-9.1105	"[[""pʰoke"", -9.1105], [""heloke"", -10.7863], [""rom"", -11.7281], [""tis"", -12.5619], [""tawarsiu"", -13.2639], [""tawarzio"", -13.2639], [""siwai"", -13.3532], [""epteziu"", -13.4122], [""maw"", -14.6143], [""siasi"", -15.064]]"
saida	pʰoke	-12.2124	"[[""pʰoke"", -12.2124], [""heloke"", -13.6543], [""aker"", -13.9291], [""rom"", -14.5697], [""tis"", -15.8337], [""siwai"", -15.9659], [""serunaitʰ"", -16.4411], [""maw"", -16.5257], [""tawarsiu"", -16.7276], [""tawarzio"", -16.7276]]"
saidaa	pʰoke	-15.4233	"[[""pʰoke"", -15.4233], [""aker"", -16.7443], [""heloke"", -16.7487], [""rom"", -17.6627], [""serunaitʰ"", -18.3558], [""siwai"", -18.7041], [""tis"", -19.146], [""maw"", -19.3364], [""tawarzio"", -20.0921], [""tawarsiu"", -20.0921]]"
saidaau	pʰoke	-16.7286	"[[""pʰoke"", -16.7286], [""heloke"", -17.8022], [""aker"", -20.2485], [""serunaitʰ"", -20.6815], [""rom"", -20.8772], [""siwai"", -21.7698], [""tis"", -22.4864], [""maw"", -22.8419], [""tawarzio"", -23.3873], [""tawarsiu"", -23.3873]]"
sar	tis	-6.9216	"[[""tis"", -6.9216], [""siwai"", -7.2471], [""siasi"", -8.3841], [""arai"", -10.2484], [""awis"", -10.4121], [""rom"", -10.4671], [""ziwai"", -10.9031], [""pʰoke"", -10.9363], [""maw"", -11.1215], [""hulaies"", -12.1156]]"
sara	siwai	-7.6365	"[[""siwai"", -7.6365], [""tis"", -9.7656], [""siasi"", -11.4869], [""ziwai"", -13.2061], [""awis"", -13.2145], [""maw"", -13.2519], [""rom"", -13.2776], [""pʰoke"", -13.6297], [""arai"", -13.6841], [""sialkʰwis"", -14.2122]]"
saram	siwai	-10.4581	"[[""siwai"", -10.4581], [""tis"", -12.8778], [""siasi"", -14.5889], [""ziwai"", -16.17], [""awis"", -16.3118], [""rom"", -16.3689], [""pʰoke"", -16.498], [""maw"", -16.7552], [""sialkʰwis"", -17.0185], [""arai"", -17.122]]"
sarama	siwai	-13.2779	"[[""siwai"", -13.2779], [""tis"", -16.1028], [""siasi"", -17.7273], [""sialkʰwis"", -18.3692], [""ziwai"", -19.0678], [""maw"", -19.4441], [""rom"", -19.4647], [""pʰoke"", -19.4787], [""awis"", -19.5089], [""arai"", -20.5066]]"
saraman	siwai	-16.3723	"[[""siwai"", -16.3723], [""tis"", -19.3903], [""siasi"", -20.907], [""sialkʰwis"", -21.2229], [""ziwai"", -22.1904], [""pʰoke"", -22.5377], [""rom"", -22.6745], [""awis"", -22.7791], [""maw"", -22.9493], [""arai"", -23.9012]]"
saramana	siwai	-19.4698	"[[""siwai"", -19.4698], [""tis"", -22.7177], [""sialkʰwis"", -23.5406], [""siasi"", -24.1239], [""ziwai"", -25.3041], [""pʰoke"", -25.6545], [""maw"", -25.8696], [""rom"", -25.8874], [""awis"", -26.0773], [""tawarsiu"", -26.9188]]"
saramanad	siwai	-22.6805	"[[""siwai"", -22.6805], [""tawarzio"", -25.4684], [""tawarsiu"", -25.4684], [""tis"", -26.0727], [""pʰoke"", -26.0749], [""sialkʰwis"", -26.5056], [""ewistʰuo"", -27.3086], [""siasi"", -27.3721], [""rom"", -27.774], [""ziwai"", -28.5231]]"
saramanada	siwai	-25.8938	"[[""siwai"", -25.8938], [""pʰoke"", -28.8967], [""tawarzio"", -28.9671], [""tawarsiu"", -28.9671], [""sialkʰwis"", -29.1957], [""tis"", -29.4479], [""ewistʰuo"", -30.5839], [""siasi"", -30.6464], [""rom"", -30.6858], [""ziwai"", -31.7403]]"
sarame	siwai	-13.5525	"[[""siwai"", -13.5525], [""tis"", -16.1028], [""siasi"", -17.7273], [""ziwai"", -19.3183], [""pʰoke"", -19.4787], [""awis"", -19.5287], [""rom"", -19.5763], [""sialkʰwis"", -20.0657], [""maw"", -20.2577], [""arai"", -20.5619]]"
saramei	siwai	-16.7611	"[[""siwai"", -16.7611], [""pʰoke"", -17.6012], [""tis"", -19.3903], [""siasi"", -20.907], [""heloke"", -21.236], [""hulaies"", -22.4594], [""holaiesi"", -22.532], [""ziwai"", -22.5553], [""pʰokiasiale"", -22.7811], [""awis"", -22.8108]]"
sarameit	siwai	-20.0329	"[[""siwai"", -20.0329], [""pʰoke"", -21.1059], [""tis"", -22.7177], [""rom"", -23.5193], [""siasi"", -24.1239], [""heloke"", -24.661], [""hulaies"", -25.3283], [""holaiesi"", -25.3504], [""ziwai"", -25.8445], [""awis"", -26.1341]]"
sarameiti	siwai	-23.345	"[[""siwai"", -23.345], [""pʰoke"", -23.5564], [""heloke"", -25.9103], [""tis"", -26.0727], [""rom"", -27.0145], [""siasi"", -27.3721], [""holaiesi"", -28.1479], [""hulaies"", -28.1587], [""pʰokiasiale"", -28.5205], [""ziwai"", -29.1684]]"
sarameu	siwai	-16.7611	"[[""siwai"", -16.7611], [""tis"", -19.3903], [""pʰoke"", -20.8163], [""siasi"", -20.907], [""sialkʰwis"", -22.4006], [""ziwai"", -22.5553], [""awis"", -22.8108], [""rom"", -22.8478], [""maw"", -23.7593], [""arai"", -24.0038]]"
sarameun	siwai	-20.0329	"[[""siwai"", -20.0329], [""tis"", -22.7177], [""pʰoke"", -23.679], [""siasi"", -24.1239], [""sialkʰwis"", -24.4676], [""ziwai"", -25.8445], [""awis"", -26.1341], [""rom"", -26.1599], [""heloke"", -26.9563], [""ewistʰuo"", -27.1507]]"
sarameuna	sialkʰwis	-23.0772	"[[""sialkʰwis"", -23.0772], [""siwai"", -23.2031], [""tis"", -26.0727], [""pʰoke"", -26.7896], [""siasi"", -27.3721], [""ziwai"", -29.0285], [""aker"", -29.3457], [""rom"", -29.4374], [""awis"", -29.4689], [""maw"", -29.648]]"
sarameunak	sialkʰwis	-25.876	"[[""sialkʰwis"", -25.876], [""siwai"", -26.4528], [""tawarzio"", -29.4385], [""tis"", -29.4479], [""pʰoke"", -30.0069], [""siasi"", -30.6464], [""ziwai"", -32.284], [""rom"", -32.7536], [""aker"", -32.8273], [""awis"", -32.8285]]"
sarameunar	sialkʰwis	-23.058	"[[""sialkʰwis"", -23.058], [""siwai"", -23.2066], [""siasi"", -25.9825], [""ziwai"", -29.0761], [""tis"", -29.3341], [""pʰoke"", -30.0069], [""holaiesi"", -31.0292], [""arai"", -31.6786], [""ziazi"", -31.8321], [""tawarsiu"", -32.1382]]"
sare	tis	-9.7656	"[[""tis"", -9.7656], [""siwai"", -10.5887], [""siasi"", -11.4869], [""awis"", -13.2417], [""rom"", -13.5548], [""pʰoke"", -13.6297], [""arai"", -13.7286], [""ziwai"", -14.369], [""maw"", -14.6143], [""hulaies"", -14.9148]]"
sarej	tis	-12.8778	"[[""tis"", -12.8778], [""siwai"", -13.8961], [""siasi"", -14.5889], [""awis"", -16.3485], [""pʰoke"", -16.498], [""rom"", -16.7601], [""arai"", -17.2079], [""ziwai"", -17.8278], [""hulaies"", -17.9921], [""maw"", -18.1039]]"
sareja	siwai	-14.6246	"[[""siwai"", -14.6246], [""tis"", -16.1028], [""siasi"", -17.7273], [""sialkʰwis"", -18.5284], [""pʰoke"", -19.4787], [""awis"", -19.55], [""maw"", -19.8391], [""rom"", -19.8594], [""ziwai"", -20.1735], [""arai"", -20.624]]"
sas	tis	-6.2311	"[[""tis"", -6.2311], [""siasi"", -9.675], [""tawarsiu"", -9.9818], [""siwai"", -10.2597], [""awis"", -10.2604], [""rom"", -10.4671], [""pʰoke"", -10.8881], [""maras"", -10.8979], [""maw"", -11.1215], [""hulaies"", -11.4532]]"
sasa	tis	-9.7098	"[[""tis"", -9.7098], [""siasi"", -12.4952], [""siwai"", -12.6091], [""tawarsiu"", -12.7672], [""maw"", -13.2519], [""rom"", -13.2776], [""pʰoke"", -13.4963], [""awis"", -13.6963], [""serunaitʰ"", -13.703], [""maras"", -14.3095]]"
sasar	siasi	-9.7675	"[[""siasi"", -9.7675], [""siwai"", -12.4871], [""tis"", -12.5669], [""tawarsiu"", -13.4132], [""holaiesi"", -14.9154], [""hktaonosi"", -15.743], [""arai"", -15.7453], [""sialkʰwis"", -15.9013], [""awis"", -16.0173], [""ziwai"", -16.2074]]"
sasara	siasi	-13.2711	"[[""siasi"", -13.2711], [""siwai"", -13.875], [""tis"", -15.6837], [""tawarsiu"", -16.2542], [""holaiesi"", -18.4148], [""sialkʰwis"", -18.5614], [""awis"", -18.9856], [""ziwai"", -19.1761], [""pʰoke"", -19.2086], [""arai"", -19.2208]]"
sasaram	siwai	-16.7368	"[[""siwai"", -16.7368], [""siasi"", -16.773], [""tis"", -18.9111], [""tawarsiu"", -19.3635], [""sialkʰwis"", -21.608], [""holaiesi"", -21.9103], [""awis"", -22.1445], [""pʰoke"", -22.2191], [""serunaitʰ"", -22.3256], [""ziwai"", -22.3262]]"
sasarama	siwai	-19.5779	"[[""siwai"", -19.5779], [""siasi"", -20.2731], [""tis"", -22.2001], [""tawarsiu"", -22.5827], [""sialkʰwis"", -24.122], [""pʰoke"", -25.2969], [""ziwai"", -25.3669], [""awis"", -25.3854], [""holaiesi"", -25.4018], [""serunaitʰ"", -25.4364]]"
sasaraman	siwai	-22.6796	"[[""siwai"", -22.6796], [""siasi"", -23.7715], [""tis"", -25.5284], [""tawarsiu"", -25.8632], [""sialkʰwis"", -27.1271], [""pʰoke"", -28.4265], [""ziwai"", -28.5496], [""serunaitʰ"", -28.5955], [""awis"", -28.6823], [""holaiesi"", -28.8893]]"
sasaramana	siwai	-25.7821	"[[""siwai"", -25.7821], [""siasi"", -27.2681], [""tis"", -28.8841], [""tawarsiu"", -29.1785], [""sialkʰwis"", -29.6744], [""pʰoke"", -31.5968], [""ziwai"", -31.7092], [""serunaitʰ"", -31.7864], [""awis"", -32.0086], [""tawarzio"", -32.1368]]"
sasarame	siwai	-19.8454	"[[""siwai"", -19.8454], [""siasi"", -20.2731], [""tis"", -22.2001], [""tawarsiu"", -22.5856], [""sialkʰwis"", -24.7901], [""pʰoke"", -25.2969], [""awis"", -25.3938], [""holaiesi"", -25.4018], [""serunaitʰ"", -25.4369], [""ziwai"", -25.564]]"
sasaramei	siwai	-23.0612	"[[""siwai"", -23.0612], [""pʰoke"", -23.5553], [""siasi"", -23.7715], [""tis"", -25.5284], [""pʰokiasiale"", -25.5851], [""tawarsiu"", -25.8701], [""heloke"", -27.2349], [""holaiesi"", -27.7705], [""hulaies"", -28.0335], [""sialkʰwis"", -28.0382]]"
sasarameit	siwai	-26.3374	"[[""siwai"", -26.3374], [""pʰoke"", -27.0603], [""siasi"", -27.2681], [""tis"", -28.8841], [""pʰokiasiale"", -29.0897], [""tawarsiu"", -29.1942], [""rom"", -29.9603], [""heloke"", -30.6816], [""holaiesi"", -30.7474], [""hulaies"", -30.9091]]"
sasarameu	siwai	-23.0612	"[[""siwai"", -23.0612], [""siasi"", -23.7715], [""tis"", -25.5284], [""tawarsiu"", -25.8701], [""pʰoke"", -26.794], [""sialkʰwis"", -27.7932], [""serunaitʰ"", -28.5985], [""awis"", -28.6961], [""ziwai"", -28.8537], [""holaiesi"", -28.8893]]"
sasarameun	siwai	-26.3374	"[[""siwai"", -26.3374], [""siasi"", -27.2681], [""tis"", -28.8841], [""tawarsiu"", -29.1942], [""pʰoke"", -29.6692], [""sialkʰwis"", -30.426], [""serunaitʰ"", -31.7953], [""awis"", -32.0333], [""ziwai"", -32.1777], [""napʰotʰ"", -32.2309]]"
sau	pʰoke	-8.9937	"[[""pʰoke"", -8.9937], [""tis"", -9.3539], [""siwai"", -10.2851], [""rom"", -10.4671], [""maw"", -11.1215], [""heloke"", -12.0593], [""siasi"", -12.0938], [""aker"", -12.4492], [""arai"", -13.1949], [""awis"", -13.196]]"
saun	pʰoke	-11.7904	"[[""pʰoke"", -11.7904], [""tis"", -12.5619], [""siwai"", -13.3532], [""rom"", -13.5548], [""maw"", -14.6143], [""heloke"", -14.873], [""siasi"", -15.064], [""aker"", -15.4357], [""arai"", -16.2719], [""awis"", -16.2774]]"
sauna	pʰoke	-14.8519	"[[""pʰoke"", -14.8519], [""sialkʰwis"", -15.6635], [""tis"", -15.8337], [""siwai"", -15.9659], [""aker"", -16.2256], [""maw"", -16.5257], [""rom"", -16.5482], [""heloke"", -17.9518], [""siasi"", -18.1401], [""arai"", -19.0402]]"
saunak	tawarzio	-17.2789	"[[""tawarzio"", -17.2789], [""pʰoke"", -18.0214], [""sialkʰwis"", -18.4622], [""siwai"", -18.9934], [""tis"", -19.146], [""aker"", -19.7051], [""rom"", -19.7098], [""maw"", -20.0293], [""heloke"", -21.1398], [""siasi"", -21.2858]]"
saunaka	tawarzio	-20.0771	"[[""tawarzio"", -20.0771], [""sialkʰwis"", -20.8799], [""pʰoke"", -21.249], [""siwai"", -21.9134], [""aker"", -22.1865], [""tis"", -22.4864], [""maw"", -22.7401], [""rom"", -22.8559], [""heloke"", -24.3868], [""siasi"", -24.4808]]"
saunakan	tawarzio	-23.162	"[[""tawarzio"", -23.162], [""sialkʰwis"", -23.8657], [""pʰoke"", -24.5128], [""siwai"", -25.0429], [""aker"", -25.6837], [""tis"", -25.8475], [""rom"", -26.0923], [""maw"", -26.2456], [""ziwai"", -27.441], [""tawarsiu"", -27.4955]]"
saunakana	tawarzio	-26.3613	"[[""tawarzio"", -26.3613], [""sialkʰwis"", -26.7241], [""pʰoke"", -27.8011], [""siwai"", -28.1254], [""aker"", -28.5186], [""maw"", -29.1947], [""tis"", -29.2244], [""rom"", -29.3257], [""ziwai"", -30.0864], [""tawarsiu"", -30.2651]]"
sek	tis	-9.3539	"[[""tis"", -9.3539], [""pʰoke"", -10.9363], [""siasi"", -12.0938], [""siwai"", -12.0942], [""tawarzio"", -12.7684], [""epteziu"", -13.1728], [""ziazi"", -13.7144], [""ziwai"", -13.9139], [""heloke"", -14.0676], [""maw"", -14.7934]]"
seka	tis	-12.5619	"[[""tis"", -12.5619], [""siwai"", -13.3764], [""maw"", -13.5339], [""pʰoke"", -13.6297], [""ziwai"", -14.4482], [""rom"", -14.6534], [""siasi"", -15.064], [""aker"", -15.4394], [""tawarzio"", -15.496], [""sialkʰwis"", -15.9672]]"
sekan	tis	-15.8337	"[[""tis"", -15.8337], [""siwai"", -16.2225], [""pʰoke"", -16.498], [""maw"", -17.0357], [""ziwai"", -17.2473], [""rom"", -17.4657], [""siasi"", -18.1401], [""tawarzio"", -18.5028], [""sialkʰwis"", -18.7618], [""aker"", -18.9232]]"
sekana	siwai	-18.9375	"[[""siwai"", -18.9375], [""tis"", -19.146], [""pʰoke"", -19.4787], [""maw"", -19.5581], [""ziwai"", -19.7442], [""rom"", -20.2832], [""sialkʰwis"", -20.8971], [""aker"", -21.2623], [""siasi"", -21.2858], [""tawarzio"", -21.4166]]"
sekanas	tis	-19.1811	"[[""tis"", -19.1811], [""tawarsiu"", -20.1224], [""sialkʰwis"", -20.7716], [""siwai"", -21.993], [""awis"", -22.1731], [""maras"", -22.3608], [""siasi"", -22.5045], [""pʰoke"", -22.5333], [""ziwai"", -22.7423], [""hulaies"", -22.8197]]"
sekanasi	pʰoke	-20.7637	"[[""pʰoke"", -20.7637], [""tis"", -22.6786], [""tawarsiu"", -22.9234], [""sialkʰwis"", -24.2586], [""heloke"", -24.3843], [""serunaitʰ"", -24.6279], [""siwai"", -25.1789], [""siasi"", -25.3655], [""zeronaitʰ"", -25.5504], [""awis"", -25.6652]]"
sekanasis	pʰoke	-24.2684	"[[""pʰoke"", -24.2684], [""hulaies"", -24.4346], [""tis"", -25.2362], [""tawarsiu"", -25.704], [""sialkʰwis"", -26.5346], [""serunaitʰ"", -27.4201], [""heloke"", -27.7799], [""holaiesi"", -27.8749], [""siasi"", -28.0667], [""awis"", -28.0935]]"
sekanasisi	pʰoke	-26.7242	"[[""pʰoke"", -26.7242], [""hulaies"", -27.9402], [""tis"", -28.7382], [""tawarsiu"", -28.7855], [""heloke"", -28.801], [""serunaitʰ"", -29.76], [""sialkʰwis"", -30.036], [""zeronaitʰ"", -30.602], [""holaiesi"", -30.6819], [""napʰotʰ"", -30.8255]]"
ser	tis	-6.9216	"[[""tis"", -6.9216], [""siasi"", -8.3841], [""siwai"", -8.3877], [""pʰoke"", -10.9363], [""arai"", -11.89], [""hulaies"", -12.1156], [""holaiesi"", -12.3481], [""ziazi"", -12.6896], [""ziwai"", -12.6896], [""aomai"", -12.7384]]"
sera	siwai	-7.668	"[[""siwai"", -7.668], [""tis"", -9.7656], [""siasi"", -11.4869], [""ziwai"", -13.5033], [""maw"", -13.5339], [""pʰoke"", -13.6297], [""sialkʰwis"", -14.3364], [""rom"", -14.6534], [""hulaies"", -14.9148], [""arai"", -15.167]]"
serat	siwai	-10.4743	"[[""siwai"", -10.4743], [""tis"", -12.8778], [""siasi"", -14.5889], [""rom"", -15.0854], [""ziwai"", -16.3369], [""pʰoke"", -16.498], [""maw"", -16.765], [""sialkʰwis"", -17.1089], [""marasm"", -17.65], [""hulaies"", -17.9921]]"
serate	siwai	-13.5635	"[[""siwai"", -13.5635], [""tis"", -16.1028], [""siasi"", -17.7273], [""rom"", -18.5468], [""ziwai"", -19.4355], [""pʰoke"", -19.4787], [""maw"", -20.0502], [""sialkʰwis"", -20.141], [""marasm"", -21.1423], [""hulaies"", -21.1832]]"
set	tis	-9.3539	"[[""tis"", -9.3539], [""rom"", -10.4256], [""pʰoke"", -10.9363], [""maw"", -11.1612], [""siasi"", -12.0938], [""siwai"", -12.0942], [""aomai"", -13.8861], [""heloke"", -14.0676], [""maras"", -14.5747], [""hulaies"", -14.9863]]"
seto	maw	-11.1488	"[[""maw"", -11.1488], [""tis"", -12.5619], [""siwai"", -12.7655], [""siasi"", -12.7661], [""maras"", -13.5602], [""pʰoke"", -13.6297], [""aomai"", -13.8445], [""rom"", -13.926], [""marasm"", -13.9297], [""hulaies"", -15.5551]]"
setoi	pʰoke	-11.5122	"[[""pʰoke"", -11.5122], [""maw"", -13.9782], [""heloke"", -14.9683], [""siasi"", -15.5911], [""siwai"", -15.6038], [""tis"", -15.8337], [""maras"", -16.0944], [""hulaies"", -16.1105], [""holaiesi"", -16.1576], [""marasm"", -16.5029]]"
setoij	pʰoke	-15.0156	"[[""pʰoke"", -15.0156], [""maw"", -17.0854], [""heloke"", -18.3116], [""siasi"", -18.6839], [""siwai"", -18.7098], [""hulaies"", -18.9266], [""holaiesi"", -18.9574], [""maras"", -18.9739], [""tis"", -19.146], [""marasm"", -19.3998]]"
setoija	maw	-15.4159	"[[""maw"", -15.4159], [""aker"", -18.021], [""pʰoke"", -18.5172], [""maras"", -18.8433], [""marasm"", -21.3212], [""heloke"", -21.6075], [""arai"", -21.6474], [""awis"", -21.6843], [""siwai"", -21.7237], [""siasi"", -21.8895]]"
sii	heloke	-6.1824	"[[""heloke"", -6.1824], [""pʰoke"", -6.2336], [""tis"", -9.3539], [""siasi"", -12.0938], [""siwai"", -12.0942], [""hulaies"", -12.2486], [""holaiesi"", -12.2699], [""aker"", -12.5107], [""serunaitʰ"", -12.9179], [""epteziu"", -12.9706]]"
siip	heloke	-9.617	"[[""heloke"", -9.617], [""pʰoke"", -9.7304], [""tis"", -12.5619], [""rom"", -13.5183], [""maw"", -14.6534], [""serunaitʰ"", -14.7428], [""siasi"", -15.064], [""siwai"", -15.0643], [""hulaies"", -15.1573], [""holaiesi"", -15.1719]]"
siipi	heloke	-10.9607	"[[""heloke"", -10.9607], [""pʰoke"", -11.3515], [""tis"", -15.8337], [""rom"", -17.0202], [""serunaitʰ"", -17.0626], [""maw"", -17.4657], [""holaiesi"", -17.7168], [""hulaies"", -17.7214], [""epteziu"", -17.7329], [""siasi"", -18.1401]]"
siipin	heloke	-14.4501	"[[""heloke"", -14.4501], [""pʰoke"", -14.8556], [""tis"", -19.146], [""serunaitʰ"", -19.6304], [""epteziu"", -20.445], [""rom"", -20.521], [""maw"", -20.557], [""holaiesi"", -20.7308], [""hulaies"", -20.746], [""siasi"", -21.2858]]"
siipina	heloke	-17.934	"[[""heloke"", -17.934], [""pʰoke"", -18.3582], [""aker"", -19.685], [""maw"", -21.1483], [""serunaitʰ"", -22.177], [""tis"", -22.4864], [""siwai"", -23.116], [""epteziu"", -23.3719], [""rom"", -23.7573], [""holaiesi"", -23.9]]"
siipinam	heloke	-21.4125	"[[""heloke"", -21.4125], [""pʰoke"", -21.859], [""aker"", -23.1913], [""serunaitʰ"", -24.5463], [""maw"", -24.637], [""tis"", -25.8475], [""siwai"", -26.0103], [""epteziu"", -26.4236], [""rom"", -27.0458], [""sialkʰwis"", -27.1004]]"
siipinama	heloke	-24.8857	"[[""heloke"", -24.8857], [""pʰoke"", -25.3578], [""aker"", -26.008], [""serunaitʰ"", -27.003], [""maw"", -27.228], [""siwai"", -28.8176], [""tis"", -29.2244], [""epteziu"", -29.5561], [""sialkʰwis"", -29.6104], [""maras"", -30.0579]]"
siipinamai	heloke	-26.3133	"[[""heloke"", -26.3133], [""pʰoke"", -27.0535], [""aker"", -29.5139], [""serunaitʰ"", -29.5923], [""maw"", -30.728], [""siwai"", -31.9062], [""tis"", -32.6138], [""sialkʰwis"", -32.616], [""epteziu"", -32.6192], [""maras"", -33.1173]]"
sir	tis	-6.9216	"[[""tis"", -6.9216], [""siasi"", -8.3841], [""siwai"", -8.3877], [""heloke"", -9.0217], [""pʰoke"", -9.5001], [""holaiesi"", -10.2433], [""serunaitʰ"", -10.3217], [""hulaies"", -11.8365], [""arai"", -11.89], [""epteziu"", -12.643]]"
sira	siwai	-7.668	"[[""siwai"", -7.668], [""tis"", -9.7656], [""aker"", -11.1128], [""siasi"", -11.4869], [""heloke"", -11.9434], [""serunaitʰ"", -12.3542], [""pʰoke"", -12.7464], [""ziwai"", -13.5033], [""maw"", -13.5339], [""holaiesi"", -13.7064]]"
siru	heloke	-9.6713	"[[""heloke"", -9.6713], [""tis"", -9.7656], [""siasi"", -11.4869], [""siwai"", -11.4893], [""pʰoke"", -11.5153], [""serunaitʰ"", -12.472], [""holaiesi"", -13.7064], [""sialkʰwis"", -13.8656], [""hulaies"", -14.7016], [""arai"", -15.38]]"
sirut	heloke	-12.5063	"[[""heloke"", -12.5063], [""tis"", -12.8778], [""pʰoke"", -14.4267], [""siasi"", -14.5889], [""siwai"", -14.5904], [""serunaitʰ"", -15.1552], [""sialkʰwis"", -15.5162], [""rom"", -16.7263], [""holaiesi"", -17.1613], [""hulaies"", -17.8048]]"
sirute	heloke	-15.6093	"[[""heloke"", -15.6093], [""tis"", -16.1028], [""pʰoke"", -17.5446], [""siasi"", -17.7273], [""siwai"", -17.7284], [""sialkʰwis"", -17.8991], [""serunaitʰ"", -18.0588], [""rom"", -20.229], [""holaiesi"", -20.6089], [""maw"", -20.9623]]"
sirutei	heloke	-13.2709	"[[""heloke"", -13.2709], [""pʰoke"", -15.2634], [""tis"", -19.3903], [""sialkʰwis"", -20.5924], [""siasi"", -20.907], [""siwai"", -20.9078], [""serunaitʰ"", -21.0818], [""pʰokiasiale"", -22.3264], [""holaiesi"", -22.3722], [""hulaies"", -22.4356]]"
siruteid	heloke	-16.7764	"[[""heloke"", -16.7764], [""pʰoke"", -18.7526], [""tis"", -22.7177], [""epteziu"", -22.9421], [""sialkʰwis"", -23.4598], [""siasi"", -24.1239], [""siwai"", -24.1245], [""serunaitʰ"", -24.1707], [""ewistʰuo"", -24.1727], [""holaiesi"", -25.2635]]"
siruteidi	heloke	-19.5613	"[[""heloke"", -19.5613], [""pʰoke"", -21.2846], [""tis"", -26.0727], [""sialkʰwis"", -26.439], [""epteziu"", -26.439], [""serunaitʰ"", -27.2045], [""siasi"", -27.3721], [""siwai"", -27.3726], [""ewistʰuo"", -27.4302], [""pʰokiasiale"", -27.9331]]"
sis	tis	-6.2311	"[[""tis"", -6.2311], [""hulaies"", -6.9133], [""heloke"", -9.0211], [""pʰoke"", -9.4885], [""siasi"", -9.675], [""holaiesi"", -10.3618], [""awis"", -11.8865], [""siwai"", -11.9483], [""serunaitʰ"", -12.2088], [""epteziu"", -12.2491]]"
sisi	heloke	-8.6254	"[[""heloke"", -8.6254], [""pʰoke"", -8.6752], [""tis"", -9.7098], [""hulaies"", -10.4137], [""epteziu"", -12.0884], [""serunaitʰ"", -12.1328], [""siasi"", -12.4952], [""holaiesi"", -13.0889], [""siwai"", -14.8153], [""ewistʰuo"", -15.1988]]"
sisir	siasi	-9.7675	"[[""siasi"", -9.7675], [""holaiesi"", -10.4104], [""heloke"", -12.0916], [""pʰoke"", -12.175], [""tis"", -12.5669], [""epteziu"", -12.6266], [""hulaies"", -13.8918], [""siwai"", -14.0774], [""serunaitʰ"", -14.3931], [""hktaonosi"", -15.743]]"
tai	maw	-8.1868	"[[""maw"", -8.1868], [""rom"", -10.4531], [""maras"", -10.9382], [""pʰoke"", -11.5993], [""aker"", -12.6561], [""arai"", -13.1949], [""awis"", -13.2091], [""marasm"", -13.2816], [""siwai"", -13.8874], [""ziwai"", -13.8874]]"
taiΘ	maw	-11.6415	"[[""maw"", -11.6415], [""rom"", -13.5456], [""maras"", -14.0068], [""pʰoke"", -15.0985], [""aker"", -15.7007], [""marasm"", -16.0905], [""arai"", -16.2719], [""awis"", -16.2859], [""siwai"", -16.9671], [""ziwai"", -16.9671]]"
taiΘu	maw	-15.0974	"[[""maw"", -15.0974], [""rom"", -16.7532], [""maras"", -17.189], [""aker"", -18.4221], [""pʰoke"", -18.4439], [""heloke"", -18.9946], [""marasm"", -19.0702], [""arai"", -19.4641], [""awis"", -19.4779], [""siwai"", -20.1627]]"
taiΘuj	maw	-18.5545	"[[""maw"", -18.5545], [""rom"", -20.0245], [""maras"", -20.4344], [""aker"", -21.4862], [""pʰoke"", -21.8062], [""heloke"", -21.8543], [""marasm"", -22.1507], [""arai"", -22.7199], [""awis"", -22.7335], [""siwai"", -23.4215]]"
taiΘuja	maw	-20.3765	"[[""maw"", -20.3765], [""aker"", -20.7951], [""maras"", -23.1807], [""rom"", -23.1948], [""heloke"", -24.9658], [""marasm"", -25.1121], [""pʰoke"", -25.1803], [""sialkʰwis"", -25.5206], [""arai"", -25.6345], [""awis"", -25.6487]]"
taiΘw	maw	-15.0974	"[[""maw"", -15.0974], [""murinail"", -16.6943], [""morinail"", -16.6943], [""rom"", -16.7532], [""maras"", -17.189], [""pʰoke"", -18.5919], [""aker"", -18.888], [""heloke"", -19.032], [""marasm"", -19.0702], [""arai"", -19.4641]]"
taiΘwa	maw	-17.0241	"[[""maw"", -17.0241], [""aker"", -17.4306], [""rom"", -19.8549], [""maras"", -19.8785], [""murinail"", -20.1376], [""morinail"", -20.1376], [""heloke"", -21.5219], [""marasm"", -21.9322], [""pʰoke"", -22.0778], [""arai"", -22.3196]]"
taiΘwae	maw	-20.5212	"[[""maw"", -20.5212], [""aker"", -20.9368], [""maras"", -22.9281], [""rom"", -23.0675], [""murinail"", -23.5533], [""morinail"", -23.5533], [""heloke"", -24.3568], [""marasm"", -24.8838], [""arai"", -25.4239], [""awis"", -25.4384]]"
taiΘwaea	maw	-23.2883	"[[""maw"", -23.2883], [""aker"", -23.7502], [""maras"", -25.8706], [""rom"", -26.2542], [""murinail"", -26.945], [""morinail"", -26.945], [""heloke"", -27.3602], [""marasm"", -27.8363], [""napʰotʰ"", -28.2954], [""arai"", -28.4383]]"
taiΘwaead	maw	-26.791	"[[""maw"", -26.791], [""aker"", -27.2573], [""heloke"", -27.5262], [""rom"", -28.0761], [""ewistʰuo"", -28.3155], [""maras"", -29.0094], [""napʰotʰ"", -29.4079], [""tawarsiu"", -29.8665], [""tawarzio"", -29.8665], [""epteziu"", -30.2424]]"
taiΘwaeadi	heloke	-27.2788	"[[""heloke"", -27.2788], [""maw"", -30.2935], [""aker"", -30.7601], [""rom"", -30.9875], [""pʰoke"", -31.1154], [""ewistʰuo"", -31.5216], [""napʰotʰ"", -31.6823], [""maras"", -32.2406], [""serunaitʰ"", -33.3609], [""zeronaitʰ"", -33.3609]]"
taiΘwaj	maw	-20.5212	"[[""maw"", -20.5212], [""aker"", -20.9368], [""maras"", -22.9281], [""rom"", -23.0675], [""murinail"", -23.5533], [""morinail"", -23.5533], [""heloke"", -24.3568], [""marasm"", -24.8838], [""arai"", -25.4239], [""awis"", -25.4384]]"
taiΘwaja	maw	-23.2883	"[[""maw"", -23.2883], [""aker"", -23.7502], [""maras"", -25.8706], [""rom"", -26.2542], [""murinail"", -26.945], [""morinail"", -26.945], [""heloke"", -27.3602], [""marasm"", -27.8363], [""napʰotʰ"", -28.2954], [""arai"", -28.4383]]"
taiΘwajaa	maw	-26.3277	"[[""maw"", -26.3277], [""aker"", -26.8498], [""maras"", -28.8526], [""rom"", -29.4498], [""murinail"", -30.3157], [""morinail"", -30.3157], [""heloke"", -30.4639], [""napʰotʰ"", -30.7927], [""marasm"", -30.8049], [""ewistʰuo"", -31.0185]]"
taiΘwajaad	maw	-29.8323	"[[""maw"", -29.8323], [""aker"", -30.3573], [""ewistʰuo"", -30.9558], [""heloke"", -31.0123], [""rom"", -31.2925], [""maras"", -32.0086], [""napʰotʰ"", -32.3219], [""tawarsiu"", -32.4398], [""tawarzio"", -32.4398], [""epteziu"", -33.3874]]"
taiΘwajaaj	maw	-29.8323	"[[""maw"", -29.8323], [""aker"", -30.3573], [""maras"", -32.0086], [""rom"", -32.7144], [""napʰotʰ"", -33.4902], [""heloke"", -33.6342], [""murinail"", -33.67], [""morinail"", -33.67], [""ewistʰuo"", -33.7124], [""marasm"", -33.85]]"
taiΘwajaj	maw	-26.791	"[[""maw"", -26.791], [""aker"", -27.2573], [""maras"", -29.0094], [""rom"", -29.5134], [""murinail"", -30.3174], [""morinail"", -30.3174], [""heloke"", -30.4639], [""napʰotʰ"", -30.7927], [""marasm"", -30.8671], [""ewistʰuo"", -31.0287]]"
taiΘwajaja	maw	-29.7869	"[[""maw"", -29.7869], [""aker"", -30.3545], [""maras"", -32.1052], [""rom"", -32.7654], [""napʰotʰ"", -33.4902], [""heloke"", -33.6342], [""murinail"", -33.6742], [""morinail"", -33.6742], [""ewistʰuo"", -33.7417], [""marasm"", -33.9245]]"
taiΘwajas	maras	-25.8346	"[[""maras"", -25.8346], [""maw"", -26.791], [""aker"", -27.2573], [""awis"", -28.4297], [""marasm"", -29.1806], [""tis"", -29.2244], [""ewistʰuo"", -29.4406], [""rom"", -29.5134], [""tawarsiu"", -29.6101], [""sialkʰwis"", -29.7254]]"
taiΘwajase	maras	-29.3295	"[[""maras"", -29.3295], [""ewistʰuo"", -29.9795], [""maw"", -30.2935], [""serunaitʰ"", -30.513], [""zeronaitʰ"", -30.513], [""aker"", -30.7643], [""napʰotʰ"", -30.8542], [""awis"", -31.9257], [""marasm"", -32.0433], [""tawarsiu"", -32.412]]"
taiΘwajat	marasm	-26.5503	"[[""marasm"", -26.5503], [""maw"", -26.7867], [""rom"", -26.9256], [""aker"", -27.2573], [""maras"", -29.0082], [""murinail"", -30.3174], [""morinail"", -30.3174], [""heloke"", -30.4639], [""napʰotʰ"", -30.7927], [""ewistʰuo"", -31.0287]]"
taiΘwajatu	marasm	-30.0518	"[[""marasm"", -30.0518], [""maw"", -30.2848], [""rom"", -30.4168], [""aker"", -30.7602], [""heloke"", -32.0522], [""maras"", -32.2376], [""napʰotʰ"", -33.4902], [""murinail"", -33.6758], [""morinail"", -33.6758], [""ewistʰuo"", -33.7463]]"
tan	maw	-8.1868	"[[""maw"", -8.1868], [""rom"", -10.4531], [""maras"", -10.9382], [""arai"", -13.1949], [""awis"", -13.2091], [""marasm"", -13.2816], [""aker"", -13.4554], [""siwai"", -13.8874], [""ziwai"", -13.8874], [""tis"", -14.7934]]"
tana	maw	-10.4163	"[[""maw"", -10.4163], [""rom"", -13.2706], [""maras"", -13.4176], [""aker"", -15.2648], [""marasm"", -15.768], [""arai"", -15.8149], [""awis"", -15.8296], [""siwai"", -16.3031], [""ziwai"", -16.3031], [""tis"", -17.8279]]"
tanai	maw	-13.9088	"[[""maw"", -13.9088], [""rom"", -16.3643], [""maras"", -16.4118], [""pʰoke"", -17.098], [""aker"", -18.3824], [""marasm"", -18.5535], [""arai"", -18.8451], [""awis"", -18.8599], [""siwai"", -19.2876], [""ziwai"", -19.2876]]"
tanaiΘ	maw	-17.4011	"[[""maw"", -17.4011], [""maras"", -19.5693], [""rom"", -19.5729], [""pʰoke"", -20.601], [""marasm"", -21.516], [""aker"", -21.6079], [""arai"", -22.0202], [""awis"", -22.0349], [""siwai"", -22.4435], [""ziwai"", -22.4435]]"
tanaiΘt	rom	-20.2297	"[[""rom"", -20.2297], [""marasm"", -20.2493], [""maw"", -20.8801], [""maras"", -22.8055], [""pʰoke"", -24.1018], [""aker"", -24.8937], [""arai"", -25.2703], [""awis"", -25.2849], [""siwai"", -25.6835], [""ziwai"", -25.6835]]"
tanaiΘti	rom	-23.7222	"[[""rom"", -23.7222], [""marasm"", -23.7517], [""maw"", -24.3591], [""pʰoke"", -26.0188], [""maras"", -26.0893], [""heloke"", -27.2496], [""aker"", -27.9698], [""arai"", -28.5663], [""awis"", -28.5809], [""siwai"", -28.9736]]"
tanaiΘtij	rom	-27.2144	"[[""rom"", -27.2144], [""marasm"", -27.2529], [""maw"", -27.8382], [""maras"", -29.4052], [""pʰoke"", -29.5241], [""heloke"", -30.7371], [""aker"", -31.176], [""arai"", -31.8934], [""awis"", -31.9079], [""epteziu"", -31.9819]]"
tanaiΘtija	aker	-29.7219	"[[""aker"", -29.7219], [""maw"", -30.0912], [""rom"", -30.7001], [""marasm"", -30.7503], [""maras"", -32.4708], [""pʰoke"", -33.0285], [""heloke"", -34.2179], [""epteziu"", -34.812], [""arai"", -35.0764], [""awis"", -35.091]]"
tanaiΘu	maw	-20.8932	"[[""maw"", -20.8932], [""maras"", -22.8083], [""rom"", -22.8451], [""pʰoke"", -24.0176], [""marasm"", -24.5876], [""aker"", -24.6295], [""arai"", -25.2703], [""awis"", -25.2849], [""heloke"", -25.3749], [""siwai"", -25.6835]]"
tanaiΘut	marasm	-23.487	"[[""marasm"", -23.487], [""rom"", -23.5192], [""maw"", -24.3723], [""maras"", -26.0941], [""pʰoke"", -27.4394], [""aker"", -27.8056], [""heloke"", -28.2846], [""arai"", -28.5663], [""awis"", -28.5809], [""siwai"", -28.9736]]"
tanaiΘuti	heloke	-25.6298	"[[""heloke"", -25.6298], [""pʰoke"", -26.4665], [""marasm"", -26.9899], [""rom"", -27.0143], [""maw"", -27.8513], [""aker"", -29.3814], [""maras"", -29.4113], [""arai"", -31.8934], [""awis"", -31.9079], [""siwai"", -32.2968]]"
tanaiΘutin	heloke	-29.1369	"[[""heloke"", -29.1369], [""pʰoke"", -29.9736], [""marasm"", -30.4918], [""rom"", -30.5094], [""maw"", -31.3305], [""aker"", -32.2711], [""maras"", -32.7513], [""epteziu"", -35.1749], [""arai"", -35.243], [""awis"", -35.2574]]"
tei	maw	-10.052	"[[""maw"", -10.052], [""pʰoke"", -11.5993], [""maras"", -12.7823], [""aker"", -13.1567], [""rom"", -14.0658], [""heloke"", -14.5495], [""marasm"", -14.7478], [""tis"", -14.7934], [""arai"", -15.5419], [""awis"", -15.5419]]"
teid	maw	-13.2567	"[[""maw"", -13.2567], [""pʰoke"", -14.6], [""epteziu"", -15.7094], [""maras"", -15.7517], [""aker"", -15.9854], [""rom"", -16.3619], [""heloke"", -16.5853], [""marasm"", -17.5527], [""ewistʰuo"", -17.7552], [""tis"", -17.8279]]"
teida	maw	-13.908	"[[""maw"", -13.908], [""aker"", -13.9304], [""maras"", -17.2223], [""pʰoke"", -17.7624], [""rom"", -17.9224], [""murinail"", -18.3675], [""morinail"", -18.3675], [""epteziu"", -19.1726], [""heloke"", -19.485], [""marasm"", -19.6847]]"
teidaj	maw	-17.4003	"[[""maw"", -17.4003], [""aker"", -17.4366], [""maras"", -20.0832], [""murinail"", -20.5161], [""morinail"", -20.5161], [""rom"", -20.798], [""pʰoke"", -21.0053], [""marasm"", -22.3215], [""heloke"", -22.5914], [""epteziu"", -22.6095]]"
teidaja	maw	-20.0384	"[[""maw"", -20.0384], [""aker"", -20.2493], [""maras"", -22.8367], [""murinail"", -23.0206], [""morinail"", -23.0206], [""rom"", -23.6734], [""pʰoke"", -24.2961], [""marasm"", -25.0374], [""ewistʰuo"", -25.0598], [""arai"", -25.5246]]"
teidajaj	maw	-23.5396	"[[""maw"", -23.5396], [""aker"", -23.7564], [""murinail"", -25.7486], [""morinail"", -25.7486], [""maras"", -25.9072], [""rom"", -26.7881], [""ewistʰuo"", -27.6], [""pʰoke"", -27.6188], [""marasm"", -27.9369], [""arai"", -28.6002]]"
teidajaja	maw	-26.4775	"[[""maw"", -26.4775], [""aker"", -26.854], [""murinail"", -28.6036], [""morinail"", -28.6036], [""maras"", -28.9319], [""rom"", -29.9057], [""ewistʰuo"", -30.2921], [""marasm"", -30.8956], [""pʰoke"", -30.9639], [""arai"", -31.638]]"
teidi	pʰoke	-15.2829	"[[""pʰoke"", -15.2829], [""maw"", -16.5263], [""heloke"", -16.6242], [""aker"", -18.6006], [""epteziu"", -18.6644], [""maras"", -18.827], [""rom"", -19.3262], [""napʰotʰ"", -20.3608], [""marasm"", -20.4911], [""morinail"", -20.7219]]"
ter	maw	-10.052	"[[""maw"", -10.052], [""arai"", -11.89], [""aomai"", -12.4859], [""ziazi"", -12.6896], [""siwai"", -12.6896], [""siasi"", -12.6896], [""ziwai"", -12.6896], [""maras"", -12.7823], [""tis"", -12.7891], [""awis"", -13.1567]]"
tere	maw	-13.2567	"[[""maw"", -13.2567], [""arai"", -15.38], [""tis"", -15.631], [""maras"", -15.7517], [""aomai"", -15.9834], [""awis"", -15.9854], [""ziazi"", -16.0981], [""siwai"", -16.0981], [""siasi"", -16.0981], [""ziwai"", -16.0981]]"
terep	maw	-16.3551	"[[""maw"", -16.3551], [""marasm"", -16.427], [""rom"", -16.7197], [""tis"", -18.7364], [""maras"", -18.7696], [""arai"", -18.8652], [""murinail"", -18.9689], [""morinail"", -18.9689], [""awis"", -19.0862], [""aomai"", -19.088]]"
tes	maras	-9.3388	"[[""maras"", -9.3388], [""tis"", -9.3539], [""maw"", -10.052], [""awis"", -11.89], [""marasm"", -12.7358], [""siasi"", -13.7144], [""pʰoke"", -13.8696], [""siwai"", -13.9139], [""rom"", -14.0658], [""arai"", -15.5419]]"
tesi	tis	-12.5757	"[[""tis"", -12.5757], [""maras"", -12.8243], [""pʰoke"", -12.9171], [""heloke"", -13.2293], [""maw"", -13.2567], [""awis"", -15.38], [""marasm"", -15.5494], [""epteziu"", -15.9454], [""siasi"", -16.172], [""aker"", -16.2387]]"
tesir	tis	-13.8789	"[[""tis"", -13.8789], [""siasi"", -14.7034], [""siwai"", -15.372], [""heloke"", -16.0295], [""pʰoke"", -16.2873], [""maras"", -16.3039], [""epteziu"", -16.4723], [""maw"", -16.5263], [""holaiesi"", -17.1185], [""serunaitʰ"", -17.3333]]"
tesira	siwai	-14.682	"[[""siwai"", -14.682], [""tis"", -16.7502], [""aker"", -17.0243], [""maw"", -17.1941], [""siasi"", -17.9885], [""heloke"", -18.9541], [""epteziu"", -19.2868], [""serunaitʰ"", -19.3674], [""maras"", -19.4515], [""pʰoke"", -19.5808]]"
tet	maw	-9.7735	"[[""maw"", -9.7735], [""rom"", -10.4121], [""marasm"", -10.6702], [""maras"", -12.6371], [""aomai"", -13.8458], [""tis"", -14.7934], [""awis"", -15.5419], [""arai"", -15.5419], [""aker"", -15.5419], [""pʰoke"", -16.4844]]"
tete	maw	-12.864	"[[""maw"", -12.864], [""rom"", -13.9127], [""marasm"", -14.1564], [""maras"", -15.5039], [""aomai"", -16.6606], [""tis"", -17.8279], [""arai"", -18.5167], [""awis"", -18.5167], [""aker"", -18.5167], [""pʰoke"", -19.2109]]"
teter	maw	-16.071	"[[""maw"", -16.071], [""aomai"", -16.5377], [""rom"", -17.4116], [""marasm"", -17.6296], [""arai"", -17.8051], [""ziazi"", -18.4836], [""siwai"", -18.4836], [""ziwai"", -18.4836], [""siasi"", -18.4836], [""maras"", -18.5088]]"
tetere	maw	-19.3423	"[[""maw"", -19.3423], [""aomai"", -20.0316], [""rom"", -20.9089], [""marasm"", -21.0879], [""arai"", -21.3035], [""maras"", -21.6032], [""ziazi"", -21.9406], [""siwai"", -21.9406], [""siasi"", -21.9406], [""ziwai"", -21.9406]]"
teterep	marasm	-22.1944	"[[""marasm"", -22.1944], [""maw"", -22.5802], [""rom"", -23.0343], [""aomai"", -23.4881], [""maras"", -24.7399], [""murinail"", -24.793], [""morinail"", -24.793], [""arai"", -24.8001], [""tis"", -25.2321], [""ziazi"", -25.3769]]"
tij	maw	-10.052	"[[""maw"", -10.052], [""maras"", -12.7823], [""pʰoke"", -12.8754], [""aker"", -13.1567], [""rom"", -14.0658], [""marasm"", -14.7478], [""tis"", -14.7934], [""heloke"", -15.1025], [""arai"", -15.5419], [""awis"", -15.5419]]"
tija	maw	-10.6846	"[[""maw"", -10.6846], [""aker"", -11.1128], [""maras"", -14.0299], [""rom"", -14.6259], [""pʰoke"", -16.352], [""marasm"", -16.581], [""arai"", -16.65], [""awis"", -16.6633], [""siwai"", -16.9858], [""ziwai"", -16.9858]]"
tijas	maras	-13.8691	"[[""maras"", -13.8691], [""maw"", -14.1723], [""aker"", -14.6188], [""tis"", -15.8337], [""awis"", -16.4899], [""ewistʰuo"", -16.9182], [""marasm"", -17.2645], [""rom"", -17.4519], [""epteziu"", -19.0452], [""tawarsiu"", -19.3189]]"
tijasa	maw	-16.7517	"[[""maw"", -16.7517], [""maras"", -17.3188], [""ewistʰuo"", -17.3588], [""aker"", -17.4282], [""tis"", -19.164], [""awis"", -19.9427], [""marasm"", -20.056], [""serunaitʰ"", -20.1911], [""zeronaitʰ"", -20.1915], [""rom"", -20.2763]]"
tijasas	maras	-19.3024	"[[""maras"", -19.3024], [""ewistʰuo"", -19.4592], [""tis"", -20.1462], [""maw"", -20.2514], [""epteziu"", -20.9056], [""aker"", -20.9352], [""awis"", -21.9495], [""marasm"", -22.401], [""serunaitʰ"", -22.9472], [""zeronaitʰ"", -22.9527]]"
tijasasa	ewistʰuo	-20.5858	"[[""ewistʰuo"", -20.5858], [""maras"", -22.7875], [""maw"", -23.1507], [""epteziu"", -23.3039], [""tis"", -23.628], [""aker"", -24.0284], [""napʰotʰ"", -24.4343], [""serunaitʰ"", -24.8424], [""zeronaitʰ"", -24.8979], [""marasm"", -25.3681]]"
tijasasar	ewistʰuo	-23.0732	"[[""ewistʰuo"", -23.0732], [""epteziu"", -23.6979], [""siasi"", -23.7715], [""maras"", -26.2723], [""siwai"", -26.4047], [""tis"", -26.5373], [""tawarsiu"", -26.5587], [""maw"", -26.654], [""napʰotʰ"", -27.2401], [""aker"", -27.5358]]"
tin	maw	-10.052	"[[""maw"", -10.052], [""maras"", -12.7823], [""pʰoke"", -12.8754], [""aker"", -13.1567], [""rom"", -14.0658], [""marasm"", -14.7478], [""tis"", -14.7934], [""heloke"", -15.1025], [""arai"", -15.5419], [""awis"", -15.5419]]"
tinu	maw	-13.2567	"[[""maw"", -13.2567], [""aker"", -15.4908], [""maras"", -15.7517], [""heloke"", -15.9373], [""pʰoke"", -16.0807], [""rom"", -17.3173], [""marasm"", -17.5527], [""tis"", -17.8279], [""epteziu"", -18.4021], [""ewistʰuo"", -18.4959]]"
tinui	heloke	-12.5433	"[[""heloke"", -12.5433], [""pʰoke"", -13.9611], [""aker"", -16.0296], [""maw"", -16.5263], [""maras"", -18.827], [""epteziu"", -19.0475], [""marasm"", -20.4911], [""rom"", -20.5796], [""ewistʰuo"", -20.9191], [""tis"", -20.9547]]"
tinuin	heloke	-16.0503	"[[""heloke"", -16.0503], [""pʰoke"", -17.4681], [""aker"", -18.87], [""maw"", -19.8369], [""epteziu"", -21.4986], [""maras"", -21.972], [""marasm"", -23.5191], [""ewistʰuo"", -23.5511], [""rom"", -23.8572], [""tis"", -24.1427]]"
tinuina	aker	-16.7983	"[[""aker"", -16.7983], [""heloke"", -19.5574], [""maw"", -20.5201], [""pʰoke"", -20.9751], [""maras"", -23.7711], [""epteziu"", -24.32], [""rom"", -25.085], [""sialkʰwis"", -25.3693], [""marasm"", -26.0462], [""ewistʰuo"", -26.1332]]"
tinuinai	aker	-20.3028	"[[""aker"", -20.3028], [""heloke"", -22.3606], [""pʰoke"", -23.7306], [""maw"", -24.0171], [""maras"", -26.6623], [""epteziu"", -27.0651], [""rom"", -27.9374], [""sialkʰwis"", -28.1713], [""ewistʰuo"", -28.5986], [""marasm"", -28.802]]"
tinuinaid	aker	-23.8073	"[[""aker"", -23.8073], [""epteziu"", -25.5567], [""heloke"", -25.8658], [""pʰoke"", -27.2228], [""maw"", -27.5139], [""ewistʰuo"", -28.4618], [""rom"", -29.2526], [""maras"", -29.7789], [""sialkʰwis"", -31.2573], [""marasm"", -31.7392]]"
tinuinaida	aker	-26.2181	"[[""aker"", -26.2181], [""epteziu"", -29.0572], [""heloke"", -29.3708], [""maw"", -30.1556], [""pʰoke"", -30.7147], [""ewistʰuo"", -31.6682], [""rom"", -32.0977], [""maras"", -32.7277], [""serunaitʰ"", -33.5053], [""zeronaitʰ"", -33.5053]]"
tinuj	maw	-16.5263	"[[""maw"", -16.5263], [""aker"", -18.4612], [""heloke"", -18.7781], [""maras"", -18.827], [""pʰoke"", -19.3443], [""marasm"", -20.4911], [""rom"", -20.5796], [""ewistʰuo"", -20.9225], [""tis"", -20.9547], [""epteziu"", -21.1965]]"
tinuja	maw	-17.1941	"[[""maw"", -17.1941], [""aker"", -17.8998], [""maras"", -20.4769], [""rom"", -21.6017], [""heloke"", -21.8828], [""sialkʰwis"", -22.5485], [""pʰoke"", -22.6423], [""marasm"", -22.8464], [""arai"", -23.1912], [""awis"", -23.2036]]"
tinujas	maras	-20.3006	"[[""maras"", -20.3006], [""maw"", -20.6892], [""aker"", -21.4004], [""sialkʰwis"", -22.3669], [""tis"", -22.4864], [""awis"", -23.0125], [""marasm"", -23.6873], [""ewistʰuo"", -23.8136], [""rom"", -24.4439], [""heloke"", -25.094]]"
tinujasa	maw	-23.3649	"[[""maw"", -23.3649], [""maras"", -23.7596], [""aker"", -24.136], [""ewistʰuo"", -24.33], [""sialkʰwis"", -25.7798], [""tis"", -25.8672], [""awis"", -26.473], [""marasm"", -26.4929], [""serunaitʰ"", -27.0527], [""zeronaitʰ"", -27.053]]"
tinujasas	maras	-25.8264	"[[""maras"", -25.8264], [""ewistʰuo"", -26.4165], [""maw"", -26.8671], [""tis"", -27.1042], [""sialkʰwis"", -27.5143], [""aker"", -27.6404], [""epteziu"", -27.9048], [""awis"", -28.5531], [""marasm"", -28.8981], [""tawarsiu"", -29.6175]]"
tinujasasa	ewistʰuo	-27.5079	"[[""ewistʰuo"", -27.5079], [""maras"", -29.3146], [""maw"", -29.8318], [""epteziu"", -30.3093], [""tis"", -30.5874], [""aker"", -30.6623], [""napʰotʰ"", -30.9751], [""sialkʰwis"", -30.9853], [""serunaitʰ"", -31.77], [""zeronaitʰ"", -31.8206]]"
tiΘ	maw	-10.052	"[[""maw"", -10.052], [""maras"", -12.7823], [""pʰoke"", -12.8754], [""aker"", -13.1567], [""rom"", -14.0658], [""marasm"", -14.7478], [""tis"", -14.7934], [""heloke"", -15.1025], [""arai"", -15.5419], [""awis"", -15.5419]]"
tiΘw	maw	-13.2567	"[[""maw"", -13.2567], [""murinail"", -15.6052], [""morinail"", -15.6052], [""maras"", -15.7517], [""heloke"", -15.9659], [""aker"", -16.2469], [""pʰoke"", -16.352], [""rom"", -17.3173], [""marasm"", -17.5527], [""tis"", -17.8279]]"
tiΘwa	maw	-13.908	"[[""maw"", -13.908], [""aker"", -14.6113], [""maras"", -17.2223], [""rom"", -18.1153], [""heloke"", -18.4293], [""murinail"", -18.9843], [""morinail"", -18.9843], [""marasm"", -19.6847], [""pʰoke"", -19.8095], [""arai"", -19.9003]]"
tiΘwaj	maw	-17.4003	"[[""maw"", -17.4003], [""aker"", -18.1172], [""maras"", -20.0832], [""rom"", -20.9487], [""heloke"", -21.2569], [""murinail"", -22.3072], [""morinail"", -22.3072], [""marasm"", -22.3215], [""ewistʰuo"", -22.6103], [""napʰotʰ"", -22.731]]"
tiΘwaja	maw	-20.0384	"[[""maw"", -20.0384], [""aker"", -20.926], [""maras"", -22.8367], [""rom"", -23.7778], [""heloke"", -24.2573], [""napʰotʰ"", -24.8395], [""ewistʰuo"", -24.977], [""marasm"", -25.0374], [""arai"", -25.5246], [""awis"", -25.539]]"
toi	maw	-6.9659	"[[""maw"", -6.9659], [""maras"", -9.0867], [""marasm"", -9.5002], [""aker"", -10.2971], [""pʰoke"", -11.5993], [""arai"", -11.89], [""awis"", -12.1855], [""aomai"", -12.4992], [""ziazi"", -13.194], [""siasi"", -13.194]]"
toij	maw	-10.073	"[[""maw"", -10.073], [""maras"", -11.9651], [""marasm"", -12.3946], [""aker"", -13.1121], [""arai"", -14.7714], [""awis"", -15.0009], [""pʰoke"", -15.0985], [""aomai"", -15.363], [""siasi"", -16.2781], [""ziazi"", -16.2781]]"
toija	maw	-8.4034	"[[""maw"", -8.4034], [""aker"", -11.0622], [""maras"", -11.8308], [""marasm"", -14.3105], [""arai"", -14.6483], [""awis"", -14.6708], [""rom"", -18.1153], [""aomai"", -18.3813], [""pʰoke"", -18.5919], [""ziazi"", -19.4791]]"
tos	maras	-3.4677	"[[""maras"", -3.4677], [""marasm"", -6.9022], [""maw"", -6.9659], [""awis"", -6.9741], [""tis"", -9.3539], [""siasi"", -10.3427], [""arai"", -11.89], [""aker"", -12.1855], [""aomai"", -12.4992], [""hulaies"", -12.7999]]"
tosa	maw	-4.8981	"[[""maw"", -4.8981], [""maras"", -6.7511], [""marasm"", -9.5165], [""awis"", -10.0813], [""aker"", -10.463], [""arai"", -11.1571], [""tis"", -12.5757], [""siasi"", -13.1565], [""napʰotʰ"", -14.0612], [""siwai"", -14.4356]]"
tosar	maw	-8.4043	"[[""maw"", -8.4043], [""maras"", -10.0703], [""siasi"", -10.419], [""arai"", -10.9362], [""awis"", -11.1054], [""marasm"", -12.4436], [""tis"", -13.8789], [""aker"", -13.964], [""aomai"", -14.0447], [""siwai"", -14.1046]]"
tosare	maw	-11.9106	"[[""maw"", -11.9106], [""maras"", -13.4151], [""siasi"", -13.9227], [""awis"", -13.9625], [""arai"", -14.4194], [""marasm"", -15.5118], [""tis"", -16.7502], [""aker"", -17.4632], [""napʰotʰ"", -17.4675], [""siwai"", -17.4676]]"
tosarej	maw	-15.4168	"[[""maw"", -15.4168], [""maras"", -16.7788], [""awis"", -17.0793], [""siasi"", -17.4248], [""arai"", -17.9025], [""marasm"", -18.6628], [""tis"", -19.872], [""napʰotʰ"", -20.0992], [""siwai"", -20.7975], [""aker"", -20.9606]]"
tosareja	maw	-18.2346	"[[""maw"", -18.2346], [""maras"", -20.0559], [""awis"", -20.2994], [""siasi"", -20.9252], [""arai"", -21.364], [""siwai"", -21.6315], [""marasm"", -21.8347], [""napʰotʰ"", -22.9301], [""aker"", -23.0639], [""tis"", -23.102]]"
tuj	maw	-10.052	"[[""maw"", -10.052], [""aker"", -12.5507], [""maras"", -12.7823], [""rom"", -14.0658], [""marasm"", -14.7478], [""tis"", -14.7934], [""pʰoke"", -14.9892], [""awis"", -15.5419], [""arai"", -15.5419], [""heloke"", -16.5158]]"
tuja	maw	-10.6846	"[[""maw"", -10.6846], [""aker"", -13.1424], [""maras"", -14.0299], [""rom"", -14.6259], [""marasm"", -16.581], [""arai"", -16.65], [""awis"", -16.6633], [""siwai"", -16.9858], [""ziwai"", -16.9858], [""sialkʰwis"", -17.3607]]"
tujas	maras	-13.8691	"[[""maras"", -13.8691], [""maw"", -14.1723], [""tis"", -15.8337], [""awis"", -16.4899], [""aker"", -16.6209], [""sialkʰwis"", -17.1786], [""marasm"", -17.2645], [""rom"", -17.4519], [""tawarsiu"", -19.3189], [""arai"", -19.4889]]"
tum	maw	-10.052	"[[""maw"", -10.052], [""aker"", -12.5507], [""maras"", -12.7823], [""rom"", -14.0658], [""marasm"", -14.7478], [""tis"", -14.7934], [""pʰoke"", -14.9892], [""awis"", -15.5419], [""arai"", -15.5419], [""heloke"", -16.5158]]"
tume	maw	-13.2567	"[[""maw"", -13.2567], [""aker"", -15.6331], [""maras"", -15.7517], [""rom"", -17.3173], [""marasm"", -17.5527], [""tis"", -17.8279], [""pʰoke"", -17.9944], [""awis"", -18.5167], [""arai"", -18.5167], [""aomai"", -19.5557]]"
tumei	pʰoke	-15.6613	"[[""pʰoke"", -15.6613], [""maw"", -16.5263], [""aker"", -16.6618], [""heloke"", -17.3066], [""maras"", -18.827], [""marasm"", -20.4911], [""rom"", -20.5796], [""tis"", -20.9547], [""arai"", -21.5964], [""awis"", -21.5964]]"
tumeij	pʰoke	-19.1675	"[[""pʰoke"", -19.1675], [""aker"", -19.5188], [""maw"", -19.8369], [""heloke"", -20.8051], [""maras"", -21.972], [""marasm"", -23.5191], [""rom"", -23.8572], [""tis"", -24.1427], [""arai"", -24.7451], [""awis"", -24.7451]]"
tumeija	aker	-17.4656	"[[""aker"", -17.4656], [""maw"", -20.5201], [""pʰoke"", -22.6732], [""maras"", -23.7711], [""heloke"", -24.2991], [""rom"", -25.085], [""marasm"", -26.0462], [""sialkʰwis"", -26.458], [""arai"", -26.51], [""awis"", -26.522]]"
tumeijas	aker	-20.9719	"[[""aker"", -20.9719], [""maras"", -23.5882], [""maw"", -24.0171], [""tis"", -25.8475], [""pʰoke"", -26.1733], [""sialkʰwis"", -26.251], [""awis"", -26.3245], [""marasm"", -26.9693], [""hulaies"", -27.1765], [""ewistʰuo"", -27.4372]]"
tumeijasa	aker	-23.7886	"[[""aker"", -23.7886], [""maw"", -26.7191], [""maras"", -27.0502], [""ewistʰuo"", -27.8792], [""tis"", -29.2446], [""pʰoke"", -29.6507], [""sialkʰwis"", -29.6983], [""marasm"", -29.781], [""awis"", -29.7878], [""serunaitʰ"", -29.8012]]"
tumeijasas	aker	-27.2958	"[[""aker"", -27.2958], [""maras"", -29.1471], [""ewistʰuo"", -29.9796], [""maw"", -30.222], [""tis"", -30.5834], [""epteziu"", -31.4259], [""sialkʰwis"", -31.6577], [""awis"", -31.8965], [""marasm"", -32.2082], [""serunaitʰ"", -32.5608]]"
tumeijasau	aker	-27.2957	"[[""aker"", -27.2957], [""maw"", -30.222], [""ewistʰuo"", -30.3146], [""maras"", -30.5128], [""serunaitʰ"", -32.6156], [""zeronaitʰ"", -32.6162], [""pʰoke"", -32.6276], [""tis"", -32.65], [""marasm"", -32.8551], [""sialkʰwis"", -33.1461]]"
tur	maw	-10.052	"[[""maw"", -10.052], [""arai"", -11.89], [""aomai"", -12.4859], [""aker"", -12.5507], [""siwai"", -12.6896], [""ziazi"", -12.6896], [""siasi"", -12.6896], [""ziwai"", -12.6896], [""maras"", -12.7823], [""tis"", -12.7891]]"
turu	maw	-13.2567	"[[""maw"", -13.2567], [""aker"", -15.1559], [""arai"", -15.38], [""tis"", -15.631], [""maras"", -15.7517], [""aomai"", -15.9834], [""awis"", -15.9854], [""siwai"", -16.0981], [""ziazi"", -16.0981], [""siasi"", -16.0981]]"
turus	tis	-12.8778	"[[""tis"", -12.8778], [""awis"", -13.2402], [""maras"", -15.1471], [""maw"", -16.5263], [""sialkʰwis"", -16.9942], [""aker"", -18.1845], [""siasi"", -18.5089], [""marasm"", -18.5292], [""arai"", -18.8652], [""hulaies"", -18.9112]]"
turusa	tis	-16.375	"[[""tis"", -16.375], [""awis"", -16.7461], [""maw"", -17.1941], [""maras"", -18.5272], [""aker"", -18.8207], [""sialkʰwis"", -19.4144], [""siwai"", -20.1803], [""ziwai"", -20.4746], [""marasm"", -21.2653], [""ewistʰuo"", -21.4208]]"
turusai	pʰoke	-19.8206	"[[""pʰoke"", -19.8206], [""tis"", -19.872], [""awis"", -20.2519], [""maw"", -20.6892], [""aker"", -21.8032], [""maras"", -21.9172], [""heloke"", -21.9707], [""sialkʰwis"", -22.3979], [""siwai"", -23.0104], [""ziwai"", -23.3158]]"
turusaid	pʰoke	-22.8658	"[[""pʰoke"", -22.8658], [""tis"", -23.3689], [""epteziu"", -23.6217], [""awis"", -23.7577], [""ewistʰuo"", -23.8506], [""maw"", -24.1841], [""heloke"", -24.5219], [""aker"", -24.9682], [""maras"", -25.3154], [""sialkʰwis"", -25.5513]]"
turusaida	aker	-23.4112	"[[""aker"", -23.4112], [""pʰoke"", -26.0489], [""maw"", -26.7902], [""tis"", -26.8656], [""ewistʰuo"", -27.0734], [""epteziu"", -27.119], [""awis"", -27.2616], [""heloke"", -27.5175], [""napʰotʰ"", -27.871], [""sialkʰwis"", -28.182]]"
turusaidaa	aker	-26.2289	"[[""aker"", -26.2289], [""pʰoke"", -29.3041], [""maw"", -29.7864], [""ewistʰuo"", -30.3487], [""tis"", -30.3621], [""napʰotʰ"", -30.6102], [""epteziu"", -30.6127], [""heloke"", -30.6647], [""awis"", -30.7634], [""sialkʰwis"", -30.9098]]"
uin	aker	-9.751	"[[""aker"", -9.751], [""pʰoke"", -12.6014], [""rom"", -14.7934], [""maw"", -14.7934], [""tis"", -14.7934], [""heloke"", -15.0186], [""awis"", -15.5419], [""arai"", -15.5419], [""epteziu"", -15.8233], [""ewistʰuo"", -16.5103]]"
uina	aker	-7.6687	"[[""aker"", -7.6687], [""maw"", -13.5339], [""rom"", -14.6534], [""pʰoke"", -16.0852], [""arai"", -16.65], [""awis"", -16.6633], [""maras"", -16.9707], [""siwai"", -16.9858], [""ziwai"", -16.9858], [""ewistʰuo"", -17.5715]]"
uinai	aker	-11.173	"[[""aker"", -11.173], [""pʰoke"", -17.0044], [""maw"", -17.0357], [""rom"", -17.4657], [""heloke"", -17.7163], [""epteziu"", -19.0475], [""ewistʰuo"", -19.3464], [""arai"", -19.4889], [""awis"", -19.5027], [""maras"", -19.777]]"
uinaid	aker	-14.6773	"[[""aker"", -14.6773], [""epteziu"", -17.007], [""rom"", -18.739], [""ewistʰuo"", -19.0193], [""pʰoke"", -20.2452], [""maw"", -20.5363], [""heloke"", -20.9728], [""arai"", -22.5845], [""awis"", -22.5984], [""tawarsiu"", -22.6331]]"
uinaida	aker	-17.0625	"[[""aker"", -17.0625], [""epteziu"", -20.5041], [""rom"", -21.5815], [""ewistʰuo"", -22.1927], [""maw"", -22.9376], [""pʰoke"", -23.5359], [""serunaitʰ"", -24.2208], [""zeronaitʰ"", -24.2208], [""heloke"", -24.2686], [""arai"", -25.4747]]"
uinaidaj	aker	-20.5694	"[[""aker"", -20.5694], [""epteziu"", -23.9976], [""rom"", -24.6924], [""ewistʰuo"", -25.3819], [""serunaitʰ"", -26.4174], [""zeronaitʰ"", -26.4174], [""maw"", -26.4424], [""pʰoke"", -26.8596], [""heloke"", -27.5917], [""arai"", -28.5925]]"
uinaidaja	aker	-23.5619	"[[""aker"", -23.5619], [""epteziu"", -27.4875], [""rom"", -27.9029], [""ewistʰuo"", -28.5632], [""serunaitʰ"", -29.018], [""zeronaitʰ"", -29.018], [""maw"", -29.3025], [""pʰoke"", -30.2068], [""heloke"", -30.935], [""napʰotʰ"", -31.6215]]"
uinaidajas	aker	-27.0693	"[[""aker"", -27.0693], [""epteziu"", -30.9636], [""ewistʰuo"", -31.1315], [""rom"", -31.1811], [""serunaitʰ"", -31.4271], [""zeronaitʰ"", -31.4271], [""awis"", -31.6474], [""maras"", -31.7536], [""tawarsiu"", -32.5463], [""tis"", -32.6138]]"
uja	aker	-10.3205	"[[""aker"", -10.3205], [""maw"", -10.4411], [""rom"", -11.1612], [""arai"", -13.4638], [""awis"", -13.4776], [""maras"", -13.8861], [""siwai"", -13.9014], [""ziwai"", -13.9014], [""tis"", -14.7934], [""pʰoke"", -16.4536]]"
ujas	tis	-12.5619	"[[""tis"", -12.5619], [""awis"", -13.3159], [""maras"", -13.7096], [""aker"", -13.7979], [""maw"", -13.9415], [""rom"", -13.9673], [""arai"", -16.2846], [""siwai"", -16.3163], [""tawarsiu"", -16.4215], [""ziwai"", -16.7029]]"
ujasa	tis	-15.8501	"[[""tis"", -15.8501], [""aker"", -16.2377], [""maw"", -16.348], [""awis"", -16.7624], [""rom"", -16.7809], [""maras"", -17.1439], [""siwai"", -17.7878], [""arai"", -18.979], [""pʰoke"", -19.0349], [""tawarsiu"", -19.1891]]"
ujasas	tis	-16.6673	"[[""tis"", -16.6673], [""awis"", -18.7164], [""maras"", -19.0116], [""aker"", -19.7343], [""tawarsiu"", -19.7935], [""maw"", -19.8524], [""rom"", -19.8732], [""siasi"", -20.1691], [""siwai"", -20.611], [""napʰotʰ"", -20.9432]]"
ujasasa	tis	-20.1483	"[[""tis"", -20.1483], [""napʰotʰ"", -21.2407], [""awis"", -22.2009], [""maras"", -22.4916], [""aker"", -22.5387], [""tawarsiu"", -22.6124], [""maw"", -22.6565], [""ewistʰuo"", -22.8883], [""rom"", -22.9698], [""siasi"", -22.9956]]"
ujasasar	siasi	-20.2732	"[[""siasi"", -20.2732], [""siwai"", -22.9295], [""tis"", -23.045], [""hktaonosi"", -23.1441], [""tawarsiu"", -23.2862], [""napʰotʰ"", -24.0419], [""arai"", -25.0026], [""awis"", -25.1511], [""ziwai"", -25.2223], [""holaiesi"", -25.314]]"
ujasasara	siasi	-23.7769	"[[""siasi"", -23.7769], [""siwai"", -24.3879], [""tawarsiu"", -26.1291], [""tis"", -26.1761], [""hktaonosi"", -26.6508], [""napʰotʰ"", -27.1057], [""ewistʰuo"", -28.1928], [""awis"", -28.2978], [""arai"", -28.4919], [""ziwai"", -28.4996]]"
ujasasaram	siwai	-27.2544	"[[""siwai"", -27.2544], [""siasi"", -27.2788], [""tawarsiu"", -29.2399], [""tis"", -29.4109], [""hktaonosi"", -30.1572], [""napʰotʰ"", -30.2737], [""ewistʰuo"", -31.171], [""awis"", -31.5406], [""epteziu"", -31.6738], [""ziwai"", -31.8148]]"
uka	aker	-10.3205	"[[""aker"", -10.3205], [""maw"", -10.4411], [""ziwai"", -10.9678], [""rom"", -11.1612], [""ziazi"", -12.7555], [""arai"", -13.4638], [""awis"", -13.4776], [""maras"", -13.8861], [""siwai"", -13.9014], [""tis"", -14.7934]]"
ukan	ziwai	-13.7664	"[[""ziwai"", -13.7664], [""aker"", -13.7979], [""maw"", -13.9415], [""rom"", -13.9673], [""ziazi"", -15.5581], [""arai"", -16.2846], [""awis"", -16.2986], [""maras"", -16.6877], [""siwai"", -16.7029], [""tis"", -17.8279]]"
ukana	aker	-16.2377	"[[""aker"", -16.2377], [""ziwai"", -16.256], [""maw"", -16.348], [""rom"", -16.7809], [""ziazi"", -18.5374], [""arai"", -18.979], [""awis"", -18.9936], [""maras"", -19.2779], [""siwai"", -19.2933], [""tis"", -20.9547]]"
ukanas	awis	-18.9255	"[[""awis"", -18.9255], [""tis"", -19.146], [""maras"", -19.1991], [""ziwai"", -19.2523], [""aker"", -19.7343], [""maw"", -19.8524], [""rom"", -19.8732], [""tawarsiu"", -20.6144], [""ziazi"", -21.6196], [""arai"", -22.031]]"
ume	aker	-12.8085	"[[""aker"", -12.8085], [""rom"", -14.7934], [""maw"", -14.7934], [""tis"", -14.7934], [""arai"", -15.5419], [""awis"", -15.5419], [""pʰoke"", -16.4536], [""ziazi"", -17.3802], [""aomai"", -17.3802], [""siasi"", -17.3802]]"
umei	aker	-13.8183	"[[""aker"", -13.8183], [""pʰoke"", -14.2101], [""heloke"", -17.2327], [""rom"", -17.8279], [""tis"", -17.8279], [""maw"", -17.8279], [""awis"", -18.5167], [""arai"", -18.5167], [""napʰotʰ"", -19.8186], [""ziazi"", -20.2154]]"
umeij	aker	-16.6743	"[[""aker"", -16.6743], [""pʰoke"", -17.7122], [""heloke"", -20.5456], [""rom"", -20.9547], [""maw"", -20.9547], [""tis"", -20.9547], [""awis"", -21.5964], [""arai"", -21.5964], [""napʰotʰ"", -22.2555], [""epteziu"", -22.4628]]"
umeija	aker	-14.6207	"[[""aker"", -14.6207], [""maw"", -20.0135], [""pʰoke"", -21.211], [""rom"", -21.628], [""arai"", -23.1912], [""awis"", -23.2036], [""maras"", -23.4293], [""siwai"", -23.4441], [""ziwai"", -23.4441], [""heloke"", -23.8104]]"
umeijas	aker	-18.127	"[[""aker"", -18.127], [""tis"", -22.4864], [""awis"", -23.0125], [""maras"", -23.2146], [""maw"", -23.5165], [""ewistʰuo"", -23.9312], [""hulaies"", -24.3278], [""rom"", -24.4573], [""pʰoke"", -24.6684], [""tawarsiu"", -25.4867]]"
umeijasa	aker	-20.9437	"[[""aker"", -20.9437], [""ewistʰuo"", -24.3725], [""tis"", -25.8672], [""maw"", -26.1447], [""awis"", -26.473], [""serunaitʰ"", -26.5176], [""zeronaitʰ"", -26.5178], [""maras"", -26.6668], [""rom"", -27.2852], [""hulaies"", -27.832]]"
umeijasas	aker	-24.4509	"[[""aker"", -24.4509], [""ewistʰuo"", -26.4729], [""tis"", -27.1042], [""epteziu"", -27.9192], [""awis"", -28.5531], [""maras"", -28.6693], [""serunaitʰ"", -29.2766], [""zeronaitʰ"", -29.2794], [""tawarsiu"", -29.6175], [""maw"", -29.6501]]"
umeijasasa	aker	-27.5535	"[[""aker"", -27.5535], [""ewistʰuo"", -27.5995], [""epteziu"", -30.3179], [""tis"", -30.5874], [""napʰotʰ"", -30.9751], [""serunaitʰ"", -31.1994], [""zeronaitʰ"", -31.2277], [""awis"", -32.0421], [""maras"", -32.1558], [""tawarsiu"", -32.4719]]"
umeijasau	aker	-24.4506	"[[""aker"", -24.4506], [""ewistʰuo"", -26.8079], [""tis"", -29.2593], [""serunaitʰ"", -29.332], [""zeronaitʰ"", -29.3327], [""maw"", -29.6501], [""pʰoke"", -29.8187], [""awis"", -29.9341], [""maras"", -30.1204], [""rom"", -30.3824]]"
umeijasaun	aker	-27.9576	"[[""aker"", -27.9576], [""ewistʰuo"", -29.6167], [""serunaitʰ"", -32.4211], [""zeronaitʰ"", -32.4229], [""tis"", -32.6606], [""pʰoke"", -32.6962], [""maw"", -33.1553], [""napʰotʰ"", -33.2071], [""awis"", -33.3959], [""maras"", -33.5751]]"
una	aker	-10.3205	"[[""aker"", -10.3205], [""maw"", -10.4411], [""rom"", -11.1612], [""arai"", -13.4638], [""awis"", -13.4776], [""maras"", -13.8861], [""siwai"", -13.9014], [""ziwai"", -13.9014], [""tis"", -14.7934], [""pʰoke"", -16.4536]]"
unak	aker	-13.7979	"[[""aker"", -13.7979], [""maw"", -13.9415], [""rom"", -13.9673], [""arai"", -16.2846], [""awis"", -16.2986], [""ziwai"", -16.3163], [""tawarzio"", -16.4228], [""maras"", -16.6877], [""siwai"", -16.7029], [""ziazi"", -17.0539]]"
unaka	aker	-16.2377	"[[""aker"", -16.2377], [""maw"", -16.348], [""rom"", -16.7809], [""ziwai"", -17.7878], [""arai"", -18.979], [""awis"", -18.9936], [""tawarzio"", -19.2091], [""maras"", -19.2779], [""siwai"", -19.2933], [""ziazi"", -19.5632]]"
unakan	aker	-19.7343	"[[""aker"", -19.7343], [""maw"", -19.8524], [""rom"", -19.8732], [""ziwai"", -20.6323], [""arai"", -22.031], [""awis"", -22.0457], [""tawarzio"", -22.2821], [""maras"", -22.303], [""siwai"", -22.3185], [""ziazi"", -22.4165]]"
unakana	aker	-22.5387	"[[""aker"", -22.5387], [""maw"", -22.6565], [""rom"", -22.9698], [""ziwai"", -23.1867], [""arai"", -25.0273], [""awis"", -25.0421], [""maras"", -25.2426], [""siwai"", -25.2581], [""ziazi"", -25.4273], [""tawarzio"", -25.4503]]"
unakanas	awis	-25.0169	"[[""awis"", -25.0169], [""maras"", -25.2084], [""tis"", -25.8475], [""aker"", -26.0405], [""tawarsiu"", -26.1451], [""maw"", -26.1622], [""rom"", -26.1801], [""ziwai"", -26.1986], [""arai"", -28.189], [""siwai"", -28.352]]"
unakanasi	awis	-28.5126	"[[""awis"", -28.5126], [""maras"", -28.7033], [""tawarsiu"", -28.9469], [""zeronaitʰ"", -28.947], [""pʰoke"", -29.1713], [""tis"", -29.2446], [""ziwai"", -29.3641], [""aker"", -29.3868], [""rom"", -29.4534], [""maw"", -29.6675]]"
unar	arai	-13.3038	"[[""arai"", -13.3038], [""awis"", -13.5142], [""siwai"", -13.7174], [""ziwai"", -13.7174], [""aker"", -13.7979], [""maw"", -13.9415], [""rom"", -13.9673], [""ziazi"", -15.5005], [""siasi"", -15.5005], [""aomai"", -15.5327]]"
unaru	awis	-16.3441	"[[""awis"", -16.3441], [""arai"", -16.7857], [""rom"", -17.0565], [""aker"", -17.1628], [""ziwai"", -17.1889], [""siwai"", -17.1889], [""maw"", -17.4401], [""tis"", -18.8406], [""siasi"", -18.9408], [""ziazi"", -18.9408]]"
unaruk	awis	-19.4512	"[[""awis"", -19.4512], [""rom"", -20.2625], [""arai"", -20.267], [""aker"", -20.5415], [""ziwai"", -20.6337], [""siwai"", -20.6555], [""maw"", -20.9371], [""ziazi"", -21.6003], [""ewistʰuo"", -21.9018], [""tis"", -21.9532]]"
unaruka	aker	-22.1936	"[[""aker"", -22.1936], [""awis"", -22.6573], [""sialkʰwis"", -23.0459], [""maw"", -23.0531], [""ziwai"", -23.1004], [""siwai"", -23.2532], [""rom"", -23.3631], [""arai"", -23.7008], [""ewistʰuo"", -24.5027], [""ziazi"", -24.609]]"
unarukan	aker	-25.6816	"[[""aker"", -25.6816], [""sialkʰwis"", -25.8466], [""awis"", -25.9332], [""ziwai"", -26.0921], [""siwai"", -26.2807], [""maw"", -26.5576], [""rom"", -26.5753], [""arai"", -27.1373], [""ewistʰuo"", -27.3149], [""ziazi"", -27.7508]]"
unarukana	sialkʰwis	-28.2698	"[[""sialkʰwis"", -28.2698], [""aker"", -28.3022], [""ziwai"", -28.9405], [""siwai"", -29.2247], [""awis"", -29.239], [""maw"", -29.3611], [""rom"", -29.7617], [""ewistʰuo"", -30.2559], [""arai"", -30.5263], [""ziazi"", -30.964]]"
unarukanas	awis	-27.5877	"[[""awis"", -27.5877], [""sialkʰwis"", -28.1705], [""tis"", -30.0965], [""aker"", -31.8016], [""maras"", -31.8421], [""ziwai"", -32.0431], [""siwai"", -32.3632], [""tawarsiu"", -32.6715], [""maw"", -32.8669], [""ewistʰuo"", -32.9522]]"
uru	aker	-12.1621	"[[""aker"", -12.1621], [""tis"", -12.5357], [""arai"", -12.8263], [""awis"", -13.1567], [""ziazi"", -13.5713], [""siwai"", -13.5713], [""ziwai"", -13.5713], [""siasi"", -13.5713], [""aomai"", -13.8342], [""pʰoke"", -14.613]]"
urus	tis	-9.7656	"[[""tis"", -9.7656], [""awis"", -10.4226], [""aker"", -15.1477], [""siasi"", -15.5194], [""maras"", -15.5327], [""sialkʰwis"", -15.8056], [""arai"", -16.2888], [""siwai"", -16.4155], [""hulaies"", -16.4622], [""pʰoke"", -16.7412]]"
urusa	tis	-13.258	"[[""tis"", -13.258], [""awis"", -13.9276], [""aker"", -15.7757], [""sialkʰwis"", -16.6959], [""maw"", -16.7419], [""siwai"", -16.9724], [""ziwai"", -17.3944], [""rom"", -18.1423], [""siasi"", -18.3517], [""ewistʰuo"", -18.5987]]"
urusai	pʰoke	-16.5599	"[[""pʰoke"", -16.5599], [""tis"", -16.7502], [""awis"", -17.4326], [""aker"", -18.7309], [""heloke"", -18.9401], [""sialkʰwis"", -19.5287], [""siwai"", -19.7884], [""ziwai"", -20.2197], [""maw"", -20.2444], [""rom"", -20.9623]]"
urusaid	pʰoke	-19.5076	"[[""pʰoke"", -19.5076], [""tis"", -20.2422], [""epteziu"", -20.4092], [""awis"", -20.9374], [""ewistʰuo"", -21.0273], [""heloke"", -21.1724], [""aker"", -21.8848], [""rom"", -22.2443], [""napʰotʰ"", -22.4053], [""sialkʰwis"", -22.6232]]"
urusaida	aker	-20.3012	"[[""aker"", -20.3012], [""pʰoke"", -22.6479], [""tis"", -23.7341], [""epteziu"", -23.9064], [""heloke"", -24.102], [""ewistʰuo"", -24.2498], [""awis"", -24.4389], [""napʰotʰ"", -24.6753], [""rom"", -25.0873], [""sialkʰwis"", -25.164]]"
urusaidaa	aker	-23.1187	"[[""aker"", -23.1187], [""pʰoke"", -25.8791], [""heloke"", -27.2206], [""tis"", -27.2258], [""epteziu"", -27.4001], [""napʰotʰ"", -27.4096], [""ewistʰuo"", -27.5239], [""sialkʰwis"", -27.855], [""awis"", -27.9367], [""rom"", -28.1809]]"
urusaidaau	aker	-26.6259	"[[""aker"", -26.6259], [""pʰoke"", -27.2387], [""heloke"", -28.319], [""napʰotʰ"", -30.3543], [""tis"", -30.7173], [""ewistʰuo"", -30.8282], [""epteziu"", -30.8902], [""sialkʰwis"", -30.9074], [""serunaitʰ"", -31.1813], [""rom"", -31.3956]]"
usa	tis	-9.3632	"[[""tis"", -9.3632], [""aker"", -10.3205], [""maw"", -10.4411], [""siwai"", -10.9678], [""rom"", -11.1612], [""pʰoke"", -12.0559], [""awis"", -12.4511], [""siasi"", -12.7555], [""maras"", -13.1815], [""arai"", -13.4638]]"
usai	pʰoke	-9.7643	"[[""pʰoke"", -9.7643], [""heloke"", -12.5231], [""tis"", -12.5757], [""aker"", -13.1725], [""siwai"", -13.7664], [""maw"", -13.9415], [""rom"", -13.9673], [""siasi"", -15.5581], [""awis"", -15.6562], [""napʰotʰ"", -15.8049]]"
usaid	pʰoke	-12.6141	"[[""pʰoke"", -12.6141], [""heloke"", -14.2926], [""epteziu"", -14.461], [""rom"", -15.2336], [""tis"", -15.8501], [""aker"", -16.2871], [""napʰotʰ"", -16.5311], [""tawarsiu"", -16.7384], [""tawarzio"", -16.7412], [""siwai"", -16.835]]"
usaida	aker	-14.6189	"[[""aker"", -14.6189], [""pʰoke"", -15.7168], [""heloke"", -17.1611], [""epteziu"", -17.958], [""rom"", -18.0756], [""napʰotʰ"", -18.7798], [""tis"", -19.164], [""siwai"", -19.4557], [""maw"", -19.6907], [""serunaitʰ"", -19.9409]]"
usaidaa	aker	-17.4361	"[[""aker"", -17.4361], [""pʰoke"", -18.9282], [""heloke"", -20.2555], [""rom"", -21.1688], [""epteziu"", -21.4514], [""napʰotʰ"", -21.5084], [""serunaitʰ"", -21.8577], [""siwai"", -22.1984], [""tis"", -22.5055], [""maw"", -22.5733]]"
usaidaau	pʰoke	-20.2346	"[[""pʰoke"", -20.2346], [""aker"", -20.9431], [""heloke"", -21.3092], [""serunaitʰ"", -24.1847], [""rom"", -24.3834], [""napʰotʰ"", -24.4507], [""epteziu"", -24.941], [""siwai"", -25.2655], [""tis"", -25.8672], [""maw"", -26.0791]]"
ute	maw	-10.4671	"[[""maw"", -10.4671], [""rom"", -11.1061], [""aker"", -12.8085], [""maras"", -13.4918], [""aomai"", -13.8721], [""tis"", -14.7934], [""marasm"", -15.3576], [""arai"", -15.5419], [""awis"", -15.5419], [""pʰoke"", -16.4536]]"
utei	maw	-13.5548	"[[""maw"", -13.5548], [""aker"", -13.8183], [""pʰoke"", -14.2101], [""rom"", -14.5992], [""maras"", -16.2808], [""aomai"", -16.9519], [""heloke"", -17.2327], [""tis"", -17.8279], [""marasm"", -18.1083], [""arai"", -18.5167]]"
uteid	aker	-16.6743	"[[""aker"", -16.6743], [""maw"", -16.7601], [""pʰoke"", -17.3607], [""rom"", -17.9672], [""epteziu"", -18.7197], [""maras"", -19.2514], [""heloke"", -19.6377], [""aomai"", -20.0878], [""napʰotʰ"", -20.8121], [""tis"", -20.9547]]"
uteidi	pʰoke	-18.2927	"[[""pʰoke"", -18.2927], [""aker"", -19.5036], [""heloke"", -19.8115], [""maw"", -20.0299], [""rom"", -21.3498], [""epteziu"", -21.8526], [""maras"", -22.3276], [""napʰotʰ"", -23.07], [""aomai"", -23.2712], [""marasm"", -23.9463]]"
uti	aker	-10.3698	"[[""aker"", -10.3698], [""maw"", -10.4671], [""rom"", -11.1061], [""pʰoke"", -11.515], [""maras"", -13.4918], [""aomai"", -13.8721], [""heloke"", -14.5004], [""tis"", -14.7934], [""marasm"", -15.3576], [""arai"", -15.5419]]"
utin	aker	-13.2124	"[[""aker"", -13.2124], [""maw"", -13.5548], [""rom"", -14.5992], [""pʰoke"", -15.0148], [""maras"", -16.2808], [""aomai"", -16.9519], [""heloke"", -17.7103], [""tis"", -17.8279], [""marasm"", -18.1083], [""arai"", -18.5167]]"
utinu	aker	-16.2791	"[[""aker"", -16.2791], [""maw"", -16.7601], [""rom"", -18.0891], [""pʰoke"", -18.3723], [""heloke"", -18.9908], [""maras"", -19.2514], [""aomai"", -20.1477], [""tis"", -20.9547], [""marasm"", -20.9779], [""arai"", -21.5964]]"
utinui	heloke	-15.639	"[[""heloke"", -15.639], [""pʰoke"", -16.8696], [""aker"", -18.6539], [""maw"", -20.0299], [""rom"", -21.576], [""maras"", -22.3276], [""epteziu"", -22.5389], [""aomai"", -23.4067], [""marasm"", -23.9463], [""tis"", -24.1427]]"
utinuin	heloke	-19.1461	"[[""heloke"", -19.1461], [""pʰoke"", -20.3767], [""aker"", -21.6441], [""maw"", -23.3407], [""epteziu"", -24.9964], [""rom"", -25.0599], [""maras"", -25.4731], [""aomai"", -26.7052], [""marasm"", -26.9901], [""ewistʰuo"", -27.0484]]"
utinuina	aker	-19.7538	"[[""aker"", -19.7538], [""heloke"", -22.6532], [""pʰoke"", -23.8837], [""maw"", -24.0173], [""maras"", -27.2689], [""epteziu"", -27.8199], [""rom"", -27.9374], [""sialkʰwis"", -28.3433], [""marasm"", -29.5334], [""ewistʰuo"", -29.6342]]"
utinuinai	aker	-23.2585	"[[""aker"", -23.2585], [""heloke"", -25.4578], [""pʰoke"", -26.6575], [""maw"", -27.5143], [""maras"", -30.1599], [""epteziu"", -30.5672], [""rom"", -31.0516], [""sialkʰwis"", -31.1454], [""ewistʰuo"", -32.1026], [""marasm"", -32.2945]]"
utinuinaid	aker	-26.7633	"[[""aker"", -26.7633], [""heloke"", -28.9634], [""epteziu"", -29.0607], [""pʰoke"", -30.1544], [""maw"", -31.0112], [""ewistʰuo"", -31.967], [""rom"", -32.7067], [""maras"", -33.2764], [""sialkʰwis"", -34.2314], [""marasm"", -35.2337]]"
utinuj	aker	-19.4806	"[[""aker"", -19.4806], [""maw"", -20.0299], [""rom"", -21.576], [""pʰoke"", -21.7439], [""heloke"", -21.8522], [""maras"", -22.3276], [""aomai"", -23.4067], [""marasm"", -23.9463], [""tis"", -24.1427], [""ewistʰuo"", -24.4157]]"
utinuja	aker	-18.1459	"[[""aker"", -18.1459], [""maw"", -20.6894], [""maras"", -23.973], [""rom"", -24.4439], [""heloke"", -24.9644], [""pʰoke"", -25.1256], [""sialkʰwis"", -25.5205], [""marasm"", -26.3289], [""arai"", -26.51], [""awis"", -26.522]]"
utinujas	aker	-21.6519	"[[""aker"", -21.6519], [""maras"", -23.7954], [""maw"", -24.1846], [""sialkʰwis"", -25.3388], [""tis"", -25.8475], [""awis"", -26.3245], [""marasm"", -27.1812], [""ewistʰuo"", -27.3199], [""rom"", -27.5545], [""heloke"", -28.1813]]"
utinujasa	aker	-24.4665	"[[""aker"", -24.4665], [""maw"", -26.8619], [""maras"", -27.2545], [""ewistʰuo"", -27.8367], [""sialkʰwis"", -28.752], [""tis"", -29.2446], [""awis"", -29.7878], [""marasm"", -29.9874], [""serunaitʰ"", -30.1664], [""zeronaitʰ"", -30.1666]]"
utinujasas	aker	-27.9736	"[[""aker"", -27.9736], [""maras"", -29.3222], [""ewistʰuo"", -29.9233], [""maw"", -30.3641], [""sialkʰwis"", -30.4889], [""tis"", -30.5834], [""epteziu"", -31.4116], [""awis"", -31.8965], [""marasm"", -32.3934], [""serunaitʰ"", -32.9311]]"
uΦe	aker	-12.8085	"[[""aker"", -12.8085], [""pʰoke"", -12.8801], [""rom"", -13.1294], [""maw"", -14.7934], [""tis"", -14.7934], [""awis"", -15.5419], [""arai"", -15.5419], [""aomai"", -15.5536], [""heloke"", -16.2375], [""napʰotʰ"", -16.3491]]"
uΦet	rom	-11.1172	"[[""rom"", -11.1172], [""aomai"", -14.579], [""maw"", -14.6534], [""pʰoke"", -15.9569], [""aker"", -15.9981], [""tis"", -17.8279], [""marasm"", -17.9567], [""maras"", -18.0279], [""arai"", -18.5167], [""awis"", -18.5167]]"
uΦetu	rom	-14.6231	"[[""rom"", -14.6231], [""pʰoke"", -16.9933], [""aomai"", -17.3834], [""maw"", -17.4657], [""aker"", -18.6349], [""heloke"", -20.2674], [""maras"", -20.4603], [""tis"", -20.9547], [""marasm"", -21.2441], [""napʰotʰ"", -21.5838]]"
uΦetum	rom	-18.1289	"[[""rom"", -18.1289], [""pʰoke"", -19.8502], [""aomai"", -20.4718], [""maw"", -20.557], [""aker"", -21.6717], [""heloke"", -23.1205], [""maras"", -23.2634], [""tis"", -24.1427], [""napʰotʰ"", -24.4069], [""marasm"", -24.4252]]"
uΦetume	rom	-21.6347	"[[""rom"", -21.6347], [""pʰoke"", -22.9662], [""aomai"", -23.6773], [""maw"", -23.7641], [""aker"", -24.8514], [""heloke"", -26.2341], [""maras"", -26.2409], [""napʰotʰ"", -27.3048], [""tis"", -27.3745], [""marasm"", -27.5529]]"
uΦetumei	pʰoke	-20.6122	"[[""pʰoke"", -20.6122], [""heloke"", -23.8833], [""rom"", -25.1403], [""aker"", -26.0906], [""aomai"", -26.9471], [""maw"", -27.0351], [""pʰokiasiale"", -28.5454], [""maras"", -29.321], [""napʰotʰ"", -30.2606], [""tis"", -30.6393]]"
uΦetumeij	pʰoke	-24.1194	"[[""pʰoke"", -24.1194], [""heloke"", -27.3902], [""rom"", -28.6458], [""aker"", -28.9581], [""aomai"", -30.2576], [""maw"", -30.3466], [""pʰokiasiale"", -32.0424], [""maras"", -32.4691], [""napʰotʰ"", -33.2642], [""hulaies"", -33.7967]]"
uΦetumeija	aker	-26.9158	"[[""aker"", -26.9158], [""pʰoke"", -27.6266], [""heloke"", -30.897], [""maw"", -31.011], [""rom"", -32.1241], [""aomai"", -33.5964], [""maras"", -34.263], [""sialkʰwis"", -34.6517], [""pʰokiasiale"", -35.5327], [""napʰotʰ"", -36.3084]]"
wae	rom	-10.4671	"[[""rom"", -10.4671], [""maw"", -11.1215], [""napʰotʰ"", -12.3246], [""arai"", -13.1949], [""awis"", -13.2091], [""aker"", -13.4554], [""maras"", -13.8721], [""siwai"", -13.8874], [""ziwai"", -13.8874], [""tis"", -14.7934]]"
waea	maw	-13.2519	"[[""maw"", -13.2519], [""rom"", -13.2776], [""napʰotʰ"", -14.3722], [""aker"", -15.2648], [""arai"", -15.8149], [""awis"", -15.8296], [""maras"", -16.2876], [""siwai"", -16.3031], [""ziwai"", -16.3031], [""tis"", -17.8279]]"
waead	rom	-14.5451	"[[""rom"", -14.5451], [""napʰotʰ"", -15.4118], [""maw"", -16.7552], [""tawarzio"", -18.3361], [""tawarsiu"", -18.3361], [""pʰoke"", -18.5472], [""aker"", -18.7524], [""arai"", -18.8451], [""awis"", -18.8599], [""maras"", -19.2721]]"
waeadi	rom	-17.4139	"[[""rom"", -17.4139], [""napʰotʰ"", -17.6796], [""pʰoke"", -18.349], [""maw"", -20.2577], [""heloke"", -20.8485], [""aker"", -21.7958], [""tawarzio"", -21.8324], [""tawarsiu"", -21.8324], [""arai"", -22.0202], [""awis"", -22.0349]]"
waeadik	napʰotʰ	-20.4085	"[[""napʰotʰ"", -20.4085], [""rom"", -20.5346], [""pʰoke"", -21.8315], [""maw"", -23.7593], [""tawarzio"", -24.2174], [""heloke"", -24.3225], [""epteziu"", -24.3386], [""aker"", -24.9855], [""arai"", -25.2703], [""awis"", -25.2849]]"
waeadiki	napʰotʰ	-23.3459	"[[""napʰotʰ"", -23.3459], [""rom"", -23.7638], [""pʰoke"", -24.0342], [""heloke"", -26.3484], [""epteziu"", -27.0925], [""tawarzio"", -27.1973], [""maw"", -27.26], [""aker"", -27.9949], [""zeronaitʰ"", -28.2931], [""serunaitʰ"", -28.2985]]"
waeadikit	rom	-22.4097	"[[""rom"", -22.4097], [""napʰotʰ"", -26.4012], [""pʰoke"", -27.5349], [""marasm"", -29.6354], [""heloke"", -29.843], [""epteziu"", -30.1325], [""tawarzio"", -30.3527], [""maw"", -30.5542], [""zeronaitʰ"", -31.0534], [""serunaitʰ"", -31.1067]]"
waeadikite	rom	-25.916	"[[""rom"", -25.916], [""napʰotʰ"", -29.532], [""pʰoke"", -31.0354], [""marasm"", -33.138], [""epteziu"", -33.292], [""heloke"", -33.3346], [""tawarzio"", -33.5937], [""maw"", -33.8811], [""zeronaitʰ"", -33.9082], [""aomai"", -33.9743]]"
wai	rom	-10.4671	"[[""rom"", -10.4671], [""maw"", -11.1215], [""pʰoke"", -11.5993], [""napʰotʰ"", -12.3246], [""aker"", -12.6561], [""heloke"", -13.0403], [""arai"", -13.1949], [""awis"", -13.2091], [""maras"", -13.8721], [""siwai"", -13.8874]]"
waij	rom	-13.5548	"[[""rom"", -13.5548], [""napʰotʰ"", -14.3722], [""maw"", -14.6143], [""pʰoke"", -15.0985], [""aker"", -15.7007], [""arai"", -16.2719], [""awis"", -16.2859], [""heloke"", -16.4683], [""maras"", -16.9519], [""siwai"", -16.9671]]"
waija	aker	-13.9291	"[[""aker"", -13.9291], [""maw"", -16.5257], [""rom"", -16.5482], [""napʰotʰ"", -16.8272], [""pʰoke"", -18.5919], [""arai"", -19.0402], [""awis"", -19.0547], [""maras"", -19.4899], [""siwai"", -19.5052], [""ziwai"", -19.5052]]"
waj	rom	-10.4671	"[[""rom"", -10.4671], [""maw"", -11.1215], [""napʰotʰ"", -12.3246], [""arai"", -13.1949], [""awis"", -13.2091], [""aker"", -13.4554], [""maras"", -13.8721], [""siwai"", -13.8874], [""ziwai"", -13.8874], [""tis"", -14.7934]]"
waja	maw	-13.2519	"[[""maw"", -13.2519], [""rom"", -13.2776], [""napʰotʰ"", -14.3722], [""aker"", -15.2648], [""arai"", -15.8149], [""awis"", -15.8296], [""maras"", -16.2876], [""siwai"", -16.3031], [""ziwai"", -16.3031], [""tis"", -17.8279]]"
wajaa	maw	-16.0628	"[[""maw"", -16.0628], [""rom"", -16.2208], [""napʰotʰ"", -16.8272], [""aker"", -17.9369], [""arai"", -18.595], [""awis"", -18.6099], [""maras"", -18.9445], [""siwai"", -18.96], [""ziwai"", -18.96], [""tis"", -20.9547]]"
wajaad	rom	-17.6299	"[[""rom"", -17.6299], [""napʰotʰ"", -18.3185], [""maw"", -19.5681], [""tawarzio"", -20.416], [""tawarsiu"", -20.416], [""aker"", -21.434], [""arai"", -21.6742], [""pʰoke"", -21.675], [""awis"", -21.6892], [""maras"", -21.9878]]"
wajaadi	rom	-20.5073	"[[""rom"", -20.5073], [""napʰotʰ"", -20.6425], [""pʰoke"", -21.468], [""maw"", -23.073], [""tawarsiu"", -23.9142], [""tawarzio"", -23.9142], [""heloke"", -24.1416], [""aker"", -24.6687], [""arai"", -24.8742], [""awis"", -24.8892]]"
wajaadik	napʰotʰ	-23.3902	"[[""napʰotʰ"", -23.3902], [""rom"", -23.6311], [""pʰoke"", -24.9509], [""tawarzio"", -26.4517], [""maw"", -26.5774], [""tawarsiu"", -27.4091], [""epteziu"", -27.5382], [""heloke"", -27.6168], [""aker"", -27.9609], [""arai"", -28.14]]"
wajaadiki	napʰotʰ	-26.3388	"[[""napʰotʰ"", -26.3388], [""rom"", -26.8619], [""pʰoke"", -27.1667], [""tawarzio"", -29.4649], [""heloke"", -29.6649], [""maw"", -30.0813], [""epteziu"", -30.3072], [""tawarsiu"", -30.9005], [""aker"", -31.0988], [""zeronaitʰ"", -31.1019]]"
wajaadikit	rom	-25.5128	"[[""rom"", -25.5128], [""napʰotʰ"", -29.4029], [""pʰoke"", -30.6675], [""marasm"", -32.4062], [""tawarzio"", -32.6349], [""heloke"", -33.1599], [""epteziu"", -33.3599], [""maw"", -33.4757], [""zeronaitʰ"", -33.8882], [""serunaitʰ"", -33.9151]]"
wajaaj	rom	-19.3615	"[[""rom"", -19.3615], [""napʰotʰ"", -19.5055], [""maw"", -19.5681], [""aker"", -21.434], [""arai"", -21.6742], [""awis"", -21.6892], [""maras"", -21.9878], [""siwai"", -22.0033], [""ziwai"", -22.0033], [""marasm"", -24.0871]]"
wajaaja	napʰotʰ	-22.3265	"[[""napʰotʰ"", -22.3265], [""maw"", -22.5058], [""rom"", -22.5249], [""aker"", -24.1882], [""arai"", -24.7359], [""awis"", -24.751], [""maras"", -24.9931], [""siwai"", -25.0086], [""ziwai"", -25.0086], [""marasm"", -27.0079]]"
wajaj	rom	-16.3689	"[[""rom"", -16.3689], [""maw"", -16.7552], [""napʰotʰ"", -16.8272], [""aker"", -18.7524], [""arai"", -18.8451], [""awis"", -18.8599], [""maras"", -19.2721], [""siwai"", -19.2876], [""ziwai"", -19.2876], [""tis"", -20.9547]]"
wajaja	maw	-19.4441	"[[""maw"", -19.4441], [""rom"", -19.4647], [""napʰotʰ"", -19.5055], [""aker"", -21.206], [""arai"", -21.8015], [""awis"", -21.8164], [""maras"", -22.1318], [""siwai"", -22.1473], [""ziwai"", -22.1473], [""tis"", -24.1427]]"
wajajaa	napʰotʰ	-22.3265	"[[""napʰotʰ"", -22.3265], [""maw"", -22.4338], [""rom"", -22.599], [""aker"", -24.0744], [""arai"", -24.798], [""awis"", -24.8131], [""maras"", -25.0499], [""siwai"", -25.0654], [""ziwai"", -25.0654], [""marasm"", -27.1194]]"
wajajad	rom	-21.1001	"[[""rom"", -21.1001], [""napʰotʰ"", -21.3223], [""maw"", -22.9493], [""tawarzio"", -23.452], [""tawarsiu"", -23.452], [""aker"", -24.7036], [""pʰoke"", -24.8629], [""arai"", -24.9458], [""awis"", -24.9608], [""maras"", -25.2394]]"
wajajadi	napʰotʰ	-23.7036	"[[""napʰotʰ"", -23.7036], [""rom"", -23.9943], [""pʰoke"", -24.6466], [""maw"", -26.4541], [""tawarsiu"", -26.9509], [""tawarzio"", -26.9509], [""heloke"", -27.4401], [""aker"", -27.9551], [""arai"", -28.1799], [""awis"", -28.1948]]"
wajajadik	napʰotʰ	-26.4696	"[[""napʰotʰ"", -26.4696], [""rom"", -27.1243], [""pʰoke"", -28.1299], [""tawarzio"", -29.5541], [""maw"", -29.9586], [""tawarsiu"", -30.4468], [""epteziu"", -30.776], [""heloke"", -30.9166], [""aker"", -31.258], [""arai"", -31.4667]]"
wajajadiki	napʰotʰ	-29.4279	"[[""napʰotʰ"", -29.4279], [""pʰoke"", -30.3569], [""rom"", -30.3582], [""tawarzio"", -32.5835], [""heloke"", -32.9881], [""maw"", -33.4626], [""epteziu"", -33.5557], [""tawarsiu"", -33.9397], [""aker"", -34.4157], [""zeronaitʰ"", -34.469]]"
wajajai	napʰotʰ	-22.3265	"[[""napʰotʰ"", -22.3265], [""rom"", -22.6745], [""maw"", -22.9493], [""pʰoke"", -23.1267], [""aker"", -24.4908], [""arai"", -24.9458], [""awis"", -24.9608], [""maras"", -25.2394], [""siwai"", -25.2549], [""ziwai"", -25.2549]]"
wajajain	napʰotʰ	-25.2471	"[[""napʰotʰ"", -25.2471], [""rom"", -25.9475], [""maw"", -26.4541], [""pʰoke"", -26.631], [""aker"", -27.8151], [""arai"", -28.1799], [""awis"", -28.1948], [""maras"", -28.4545], [""siwai"", -28.47], [""ziwai"", -28.47]]"
wajajainw	napʰotʰ	-28.2414	"[[""napʰotʰ"", -28.2414], [""rom"", -29.2608], [""maw"", -29.9586], [""pʰoke"", -30.134], [""morinail"", -30.797], [""murinail"", -30.797], [""aker"", -31.1669], [""arai"", -31.4667], [""awis"", -31.4816], [""heloke"", -31.6965]]"
wajajainwa	aker	-30.3152	"[[""aker"", -30.3152], [""napʰotʰ"", -31.2923], [""rom"", -32.5597], [""maw"", -32.7504], [""pʰoke"", -33.6353], [""murinail"", -34.2638], [""morinail"", -34.2638], [""heloke"", -34.4879], [""arai"", -34.6794], [""awis"", -34.6944]]"
wajajaj	napʰotʰ	-22.3265	"[[""napʰotʰ"", -22.3265], [""rom"", -22.6745], [""maw"", -22.9493], [""aker"", -24.7036], [""arai"", -24.9458], [""awis"", -24.9608], [""maras"", -25.2394], [""siwai"", -25.2549], [""ziwai"", -25.2549], [""marasm"", -27.2037]]"
wajajaja	napʰotʰ	-25.2471	"[[""napʰotʰ"", -25.2471], [""maw"", -25.8696], [""rom"", -25.8874], [""aker"", -27.4383], [""arai"", -28.0502], [""awis"", -28.0653], [""maras"", -28.2857], [""siwai"", -28.3012], [""ziwai"", -28.3012], [""marasm"", -30.1999]]"
wajajas	awis	-21.7867	"[[""awis"", -21.7867], [""napʰotʰ"", -22.042], [""maras"", -22.0869], [""tis"", -22.4864], [""rom"", -22.6745], [""maw"", -22.9493], [""tawarsiu"", -23.1364], [""aker"", -24.7036], [""arai"", -24.9458], [""siwai"", -25.1913]]"
wajajasa	napʰotʰ	-22.7592	"[[""napʰotʰ"", -22.7592], [""awis"", -25.2742], [""maras"", -25.5702], [""tis"", -25.8672], [""maw"", -25.8696], [""rom"", -25.8874], [""tawarsiu"", -25.9357], [""aker"", -27.4383], [""serunaitʰ"", -27.6841], [""zeronaitʰ"", -27.6847]]"
wajajasas	napʰotʰ	-25.4623	"[[""napʰotʰ"", -25.4623], [""tis"", -27.1042], [""awis"", -27.6872], [""maras"", -27.9236], [""tawarsiu"", -28.2585], [""rom"", -29.1623], [""maw"", -29.3757], [""ewistʰuo"", -30.1527], [""serunaitʰ"", -30.476], [""zeronaitʰ"", -30.4852]]"
wajajasasa	napʰotʰ	-27.1906	"[[""napʰotʰ"", -27.1906], [""tis"", -30.5874], [""awis"", -31.185], [""tawarsiu"", -31.2253], [""ewistʰuo"", -31.3798], [""maras"", -31.4193], [""maw"", -32.4236], [""rom"", -32.4395], [""serunaitʰ"", -32.7776], [""zeronaitʰ"", -32.923]]"
wajas	awis	-15.759	"[[""awis"", -15.759], [""tis"", -15.8337], [""maras"", -16.1956], [""rom"", -16.3689], [""napʰotʰ"", -16.4044], [""maw"", -16.7552], [""tawarsiu"", -17.7682], [""aker"", -18.7524], [""arai"", -18.8451], [""siwai"", -19.1158]]"
wajase	napʰotʰ	-16.8584	"[[""napʰotʰ"", -16.8584], [""tis"", -19.164], [""awis"", -19.2495], [""rom"", -19.5763], [""maras"", -19.6844], [""maw"", -20.2577], [""tawarsiu"", -20.5686], [""ewistʰuo"", -22.0123], [""arai"", -22.0202], [""siwai"", -22.1024]]"
wajasek	napʰotʰ	-19.562	"[[""napʰotʰ"", -19.562], [""tis"", -22.5171], [""awis"", -22.7396], [""rom"", -22.8478], [""maras"", -23.173], [""tawarsiu"", -23.6559], [""maw"", -23.7593], [""ewistʰuo"", -24.452], [""tawarzio"", -24.495], [""pʰoke"", -24.9281]]"
wajaseka	napʰotʰ	-22.4861	"[[""napʰotʰ"", -22.4861], [""tis"", -25.8874], [""rom"", -26.086], [""awis"", -26.2102], [""maw"", -26.2384], [""maras"", -26.631], [""tawarsiu"", -26.8531], [""siwai"", -27.1892], [""ewistʰuo"", -27.2638], [""tawarzio"", -27.2876]]"
wajasekan	napʰotʰ	-25.4979	"[[""napʰotʰ"", -25.4979], [""tis"", -29.2712], [""rom"", -29.3766], [""awis"", -29.6809], [""maw"", -29.7436], [""maras"", -30.09], [""siwai"", -30.0995], [""tawarsiu"", -30.1108], [""ewistʰuo"", -30.2493], [""tawarzio"", -30.3632]]"
wajasekana	napʰotʰ	-28.5648	"[[""napʰotʰ"", -28.5648], [""maw"", -32.6396], [""rom"", -32.6553], [""tis"", -32.6659], [""siwai"", -32.8705], [""awis"", -33.13], [""ewistʰuo"", -33.3367], [""tawarsiu"", -33.3795], [""pʰoke"", -33.4951], [""maras"", -33.515]]"
wajat	rom	-13.8812	"[[""rom"", -13.8812], [""maw"", -16.5443], [""napʰotʰ"", -16.8272], [""marasm"", -16.9683], [""aker"", -18.7524], [""arai"", -18.8451], [""awis"", -18.8599], [""maras"", -19.1839], [""siwai"", -19.2876], [""ziwai"", -19.2876]]"
wajatu	rom	-17.3606	"[[""rom"", -17.3606], [""napʰotʰ"", -19.5055], [""maw"", -19.8699], [""marasm"", -20.4655], [""aker"", -21.7616], [""arai"", -22.0202], [""awis"", -22.0349], [""maras"", -22.2457], [""siwai"", -22.4435], [""ziwai"", -22.4435]]"
wajatur	rom	-20.84	"[[""rom"", -20.84], [""arai"", -21.9917], [""napʰotʰ"", -22.3265], [""ziwai"", -22.3913], [""siwai"", -22.3913], [""aomai"", -22.8525], [""maw"", -23.2192], [""awis"", -23.2647], [""marasm"", -23.958], [""siasi"", -24.7198]]"
wajaturu	rom	-24.3195	"[[""rom"", -24.3195], [""napʰotʰ"", -25.2471], [""arai"", -25.4909], [""ziwai"", -25.8875], [""siwai"", -25.8875], [""awis"", -26.1316], [""aomai"", -26.3465], [""maw"", -26.5865], [""marasm"", -27.4449], [""aker"", -27.9312]]"
wajaturus	awis	-23.3986	"[[""awis"", -23.3986], [""tis"", -26.0727], [""sialkʰwis"", -27.5077], [""rom"", -27.799], [""napʰotʰ"", -28.0258], [""maras"", -28.3698], [""arai"", -28.99], [""siwai"", -29.3784], [""ziwai"", -29.3821], [""aomai"", -29.8401]]"
wajaturusa	awis	-26.9058	"[[""awis"", -26.9058], [""napʰotʰ"", -28.9497], [""tis"", -29.5755], [""serunaitʰ"", -30.7023], [""zeronaitʰ"", -30.7023], [""sialkʰwis"", -30.855], [""maw"", -31.1317], [""rom"", -31.2672], [""ewistʰuo"", -31.5726], [""maras"", -31.8128]]"
waz	maw	-10.0192	"[[""maw"", -10.0192], [""rom"", -10.0708], [""aker"", -12.2524], [""napʰotʰ"", -12.3246], [""arai"", -12.6829], [""awis"", -12.6851], [""maras"", -13.2011], [""siwai"", -13.2012], [""ziwai"", -13.2012], [""tis"", -14.7934]]"
waza	maw	-12.8417	"[[""maw"", -12.8417], [""rom"", -12.8781], [""napʰotʰ"", -14.3722], [""aker"", -14.9097], [""arai"", -15.3714], [""awis"", -15.3752], [""maras"", -15.7865], [""siwai"", -15.7896], [""ziwai"", -15.7896], [""tis"", -17.8279]]"
wazaΦ	rom	-14.1417	"[[""rom"", -14.1417], [""napʰotʰ"", -15.4118], [""maw"", -16.3466], [""tawarzio"", -17.4127], [""tawarsiu"", -17.4127], [""aker"", -18.4035], [""arai"", -18.4221], [""awis"", -18.4263], [""pʰoke"", -18.5472], [""maras"", -18.8107]]"
wazaΦn	rom	-17.0103	"[[""rom"", -17.0103], [""napʰotʰ"", -17.6796], [""maw"", -19.851], [""tawarsiu"", -20.9105], [""tawarzio"", -20.9105], [""pʰoke"", -21.352], [""arai"", -21.6079], [""awis"", -21.6123], [""aker"", -21.894], [""maras"", -21.985]]"
wazaΦni	rom	-20.1309	"[[""rom"", -20.1309], [""napʰotʰ"", -20.4085], [""pʰoke"", -21.215], [""maw"", -23.3548], [""heloke"", -23.7533], [""tawarsiu"", -24.4046], [""tawarzio"", -24.4046], [""arai"", -24.865], [""awis"", -24.8695], [""aker"", -24.998]]"
waΦ	rom	-8.2783	"[[""rom"", -8.2783], [""napʰotʰ"", -10.303], [""maw"", -11.1215], [""pʰoke"", -12.6278], [""arai"", -13.1949], [""awis"", -13.2091], [""aker"", -13.4554], [""maras"", -13.8721], [""siwai"", -13.8874], [""ziwai"", -13.8874]]"
zaΦ	rom	-7.5598	"[[""rom"", -7.5598], [""maw"", -11.0942], [""pʰoke"", -12.6278], [""arai"", -12.6713], [""awis"", -12.6733], [""aker"", -13.447], [""maras"", -13.8323], [""siwai"", -13.8464], [""ziwai"", -13.8464], [""tawarzio"", -14.2831]]"
zaΦn	rom	-10.4152	"[[""rom"", -10.4152], [""maw"", -14.5875], [""pʰoke"", -15.4268], [""arai"", -15.7991], [""awis"", -15.8019], [""aker"", -16.8719], [""maras"", -16.9168], [""siwai"", -16.9309], [""ziwai"", -16.9309], [""tawarzio"", -17.7718]]"
zaΦni	rom	-13.5311	"[[""rom"", -13.5311], [""pʰoke"", -15.2716], [""maw"", -18.0776], [""heloke"", -18.6323], [""arai"", -19.0203], [""awis"", -19.0235], [""aker"", -19.1613], [""serunaitʰ"", -20.0631], [""zeronaitʰ"", -20.0631], [""maras"", -20.1151]]"
Θti	maw	-10.4671	"[[""maw"", -10.4671], [""rom"", -11.1061], [""pʰoke"", -11.5993], [""aker"", -13.1567], [""maras"", -13.4918], [""aomai"", -13.8721], [""heloke"", -14.5495], [""tis"", -14.7934], [""marasm"", -15.3576], [""arai"", -15.5419]]"
Θtij	maw	-13.5548	"[[""maw"", -13.5548], [""rom"", -14.5992], [""pʰoke"", -15.0985], [""aker"", -15.9854], [""maras"", -16.2808], [""aomai"", -16.9519], [""heloke"", -17.7465], [""tis"", -17.8279], [""marasm"", -18.1083], [""arai"", -18.5167]]"
Θtija	aker	-13.9304	"[[""aker"", -13.9304], [""maw"", -14.1726], [""rom"", -17.4519], [""maras"", -17.519], [""pʰoke"", -18.5919], [""arai"", -19.9003], [""awis"", -19.9132], [""marasm"", -20.044], [""aomai"", -20.1477], [""ziwai"", -20.1839]]"
Θtijas	maras	-17.3567	"[[""maras"", -17.3567], [""aker"", -17.4366], [""maw"", -17.6607], [""tis"", -19.146], [""awis"", -19.7301], [""ewistʰuo"", -20.4248], [""rom"", -20.557], [""marasm"", -20.7506], [""hulaies"", -21.6726], [""pʰoke"", -21.9903]]"
Θtijasa	maw	-20.244	"[[""maw"", -20.244], [""aker"", -20.2493], [""maras"", -20.8066], [""ewistʰuo"", -20.8657], [""tis"", -22.5055], [""awis"", -23.1872], [""serunaitʰ"", -23.2971], [""zeronaitʰ"", -23.2973], [""marasm"", -23.5432], [""rom"", -23.5601]]"
Θtijasas	maras	-22.7923	"[[""maras"", -22.7923], [""ewistʰuo"", -22.9661], [""tis"", -23.6251], [""maw"", -23.7438], [""aker"", -23.7564], [""epteziu"", -24.4124], [""awis"", -25.2342], [""marasm"", -25.8901], [""serunaitʰ"", -26.055], [""zeronaitʰ"", -26.0587]]"
Θtijasasa	ewistʰuo	-24.0927	"[[""ewistʰuo"", -24.0927], [""maras"", -26.2774], [""maw"", -26.6456], [""epteziu"", -26.8109], [""aker"", -26.854], [""tis"", -27.1076], [""napʰotʰ"", -27.687], [""serunaitʰ"", -27.968], [""zeronaitʰ"", -28.0056], [""awis"", -28.7221]]"
Θtijasasar	ewistʰuo	-26.5801	"[[""ewistʰuo"", -26.5801], [""epteziu"", -27.205], [""siasi"", -27.2682], [""maras"", -29.7624], [""tawarsiu"", -29.8588], [""siwai"", -29.8798], [""tis"", -30.0295], [""maw"", -30.149], [""aker"", -30.3614], [""napʰotʰ"", -30.4978]]"
Θuj	aker	-12.5507	"[[""aker"", -12.5507], [""maw"", -14.7934], [""rom"", -14.7934], [""tis"", -14.7934], [""pʰoke"", -14.9892], [""awis"", -15.5419], [""arai"", -15.5419], [""heloke"", -16.5158], [""ziazi"", -17.3802], [""aomai"", -17.3802]]"
Θuja	aker	-13.1424	"[[""aker"", -13.1424], [""maw"", -13.5339], [""rom"", -14.6534], [""arai"", -16.65], [""awis"", -16.6633], [""maras"", -16.9707], [""siwai"", -16.9858], [""ziwai"", -16.9858], [""sialkʰwis"", -17.3607], [""tis"", -17.8279]]"
Θut	rom	-10.4256	"[[""rom"", -10.4256], [""maw"", -11.1612], [""aker"", -12.5507], [""aomai"", -13.8861], [""maras"", -14.5763], [""tis"", -14.7934], [""pʰoke"", -14.9892], [""marasm"", -15.2294], [""awis"", -15.5419], [""arai"", -15.5419]]"
Θuti	pʰoke	-12.2755	"[[""pʰoke"", -12.2755], [""aker"", -13.1993], [""heloke"", -13.8277], [""rom"", -13.926], [""maw"", -13.9673], [""aomai"", -16.6877], [""maras"", -16.9805], [""tis"", -17.8279], [""marasm"", -18.3226], [""arai"", -18.5167]]"
Θutin	pʰoke	-15.782	"[[""pʰoke"", -15.782], [""aker"", -16.0427], [""maw"", -17.0565], [""heloke"", -17.3279], [""rom"", -17.4248], [""aomai"", -19.7721], [""maras"", -19.7747], [""tis"", -20.9547], [""marasm"", -21.3151], [""awis"", -21.5964]]"
Θutinu	aker	-19.127	"[[""aker"", -19.127], [""pʰoke"", -19.2724], [""maw"", -20.2625], [""heloke"", -20.6304], [""rom"", -20.922], [""maras"", -22.748], [""aomai"", -22.9727], [""tis"", -24.1427], [""marasm"", -24.3082], [""awis"", -24.7451]]"
Θutinuj	aker	-22.3375	"[[""aker"", -22.3375], [""pʰoke"", -22.7626], [""maw"", -23.5328], [""heloke"", -23.9651], [""rom"", -24.4175], [""maras"", -25.8257], [""aomai"", -26.2369], [""marasm"", -27.3412], [""tis"", -27.3745], [""napʰotʰ"", -27.6602]]"
Θutinuja	aker	-20.9797	"[[""aker"", -20.9797], [""maw"", -24.1845], [""pʰoke"", -26.2523], [""heloke"", -27.3228], [""maras"", -27.4685], [""rom"", -27.5456], [""sialkʰwis"", -28.3328], [""aomai"", -29.5413], [""marasm"", -29.7901], [""arai"", -29.8493]]"
Θutinujas	aker	-24.4859	"[[""aker"", -24.4859], [""maras"", -27.2894], [""maw"", -27.6799], [""sialkʰwis"", -28.1414], [""tis"", -29.2244], [""awis"", -29.6584], [""pʰoke"", -29.7362], [""marasm"", -30.6729], [""heloke"", -30.6965], [""rom"", -30.7713]]"
Θutinujasa	aker	-27.3021	"[[""aker"", -27.3021], [""maw"", -30.3586], [""maras"", -30.7486], [""ewistʰuo"", -31.3433], [""sialkʰwis"", -31.5641], [""tis"", -32.6343], [""awis"", -33.124], [""pʰoke"", -33.1969], [""serunaitʰ"", -33.3902], [""zeronaitʰ"", -33.3904]]"
Θwa	maw	-10.4411	"[[""maw"", -10.4411], [""rom"", -11.1612], [""aker"", -12.5576], [""arai"", -13.4638], [""awis"", -13.4776], [""maras"", -13.8861], [""siwai"", -13.9014], [""ziwai"", -13.9014], [""tis"", -14.7934], [""napʰotʰ"", -14.8038]]"
Θwae	maw	-13.9415	"[[""maw"", -13.9415], [""rom"", -13.9673], [""napʰotʰ"", -15.8189], [""aker"", -16.0307], [""arai"", -16.2846], [""awis"", -16.2986], [""maras"", -16.6877], [""siwai"", -16.7029], [""ziwai"", -16.7029], [""tis"", -17.8279]]"
Θwaea	maw	-16.348	"[[""maw"", -16.348], [""rom"", -16.7809], [""napʰotʰ"", -17.8721], [""aker"", -18.2008], [""arai"", -18.979], [""awis"", -18.9936], [""maras"", -19.2779], [""siwai"", -19.2933], [""ziwai"", -19.2933], [""tis"", -20.9547]]"
Θwaead	rom	-18.0519	"[[""rom"", -18.0519], [""napʰotʰ"", -18.9156], [""maw"", -19.8524], [""tawarzio"", -21.1563], [""tawarsiu"", -21.1563], [""heloke"", -21.5416], [""pʰoke"", -21.675], [""aker"", -21.6945], [""arai"", -22.031], [""awis"", -22.0457]]"
Θwaeadi	rom	-20.9209	"[[""rom"", -20.9209], [""napʰotʰ"", -21.1837], [""heloke"", -21.2951], [""pʰoke"", -21.468], [""maw"", -23.3562], [""tawarzio"", -24.6531], [""tawarsiu"", -24.6531], [""aker"", -24.8605], [""arai"", -25.217], [""awis"", -25.2317]]"
Θwaeadik	napʰotʰ	-23.9127	"[[""napʰotʰ"", -23.9127], [""rom"", -24.0416], [""heloke"", -24.7789], [""pʰoke"", -24.9509], [""maw"", -26.8594], [""tawarzio"", -27.0788], [""epteziu"", -27.5382], [""aker"", -28.1125], [""tawarsiu"", -28.1458], [""arai"", -28.474]]"
Θwaeadiki	napʰotʰ	-26.8502	"[[""napʰotʰ"", -26.8502], [""heloke"", -27.0312], [""pʰoke"", -27.1667], [""rom"", -27.2708], [""tawarzio"", -30.067], [""epteziu"", -30.3072], [""maw"", -30.3619], [""aker"", -31.201], [""zeronaitʰ"", -31.378], [""serunaitʰ"", -31.3815]]"
Θwaeadikit	rom	-25.9169	"[[""rom"", -25.9169], [""napʰotʰ"", -29.9055], [""heloke"", -30.5317], [""pʰoke"", -30.6675], [""marasm"", -32.7032], [""tawarzio"", -33.226], [""epteziu"", -33.3599], [""maw"", -33.7221], [""zeronaitʰ"", -34.1587], [""serunaitʰ"", -34.194]]"
Θwaj	maw	-13.9415	"[[""maw"", -13.9415], [""rom"", -13.9673], [""napʰotʰ"", -15.8189], [""aker"", -16.0307], [""arai"", -16.2846], [""awis"", -16.2986], [""maras"", -16.6877], [""siwai"", -16.7029], [""ziwai"", -16.7029], [""tis"", -17.8279]]"
Θwaja	maw	-16.348	"[[""maw"", -16.348], [""rom"", -16.7809], [""napʰotʰ"", -17.8721], [""aker"", -18.2008], [""arai"", -18.979], [""awis"", -18.9936], [""maras"", -19.2779], [""siwai"", -19.2933], [""ziwai"", -19.2933], [""tis"", -20.9547]]"
Θwajaa	maw	-19.244	"[[""maw"", -19.244], [""rom"", -19.7257], [""napʰotʰ"", -20.3292], [""aker"", -20.9778], [""arai"", -21.8101], [""awis"", -21.825], [""maras"", -22.0373], [""siwai"", -22.0528], [""ziwai"", -22.0528], [""sialkʰwis"", -23.8184]]"
Θwajaad	rom	-21.1371	"[[""rom"", -21.1371], [""napʰotʰ"", -21.8228], [""maw"", -22.7497], [""tawarzio"", -23.3424], [""tawarsiu"", -23.3424], [""aker"", -24.4775], [""pʰoke"", -24.8629], [""arai"", -24.907], [""awis"", -24.922], [""heloke"", -25.0175]]"
Θwajaadi	rom	-24.0146	"[[""rom"", -24.0146], [""napʰotʰ"", -24.1472], [""pʰoke"", -24.6466], [""heloke"", -24.7431], [""maw"", -26.2552], [""tawarzio"", -26.841], [""tawarsiu"", -26.841], [""aker"", -27.7759], [""arai"", -28.1162], [""awis"", -28.1312]]"
Θwajaadik	napʰotʰ	-26.8949	"[[""napʰotʰ"", -26.8949], [""rom"", -27.1385], [""pʰoke"", -28.1299], [""heloke"", -28.2279], [""tawarzio"", -29.4126], [""maw"", -29.7603], [""tawarsiu"", -30.3365], [""epteziu"", -30.776], [""aker"", -31.1097], [""arai"", -31.3879]]"
Θwajaadiki	napʰotʰ	-29.8435	"[[""napʰotʰ"", -29.8435], [""pʰoke"", -30.3569], [""rom"", -30.3693], [""heloke"", -30.4981], [""tawarzio"", -32.434], [""maw"", -33.265], [""epteziu"", -33.5557], [""tawarsiu"", -33.8288], [""zeronaitʰ"", -34.2716], [""serunaitʰ"", -34.2735]]"
Θwajaaj	maw	-22.7497	"[[""maw"", -22.7497], [""rom"", -22.8669], [""napʰotʰ"", -23.0086], [""aker"", -24.4775], [""arai"", -24.907], [""awis"", -24.922], [""maras"", -25.1113], [""siwai"", -25.1268], [""ziwai"", -25.1268], [""sialkʰwis"", -26.7908]]"
Θwajaaja	maw	-25.7539	"[[""maw"", -25.7539], [""napʰotʰ"", -25.8302], [""rom"", -26.0309], [""aker"", -27.3275], [""arai"", -27.9941], [""awis"", -28.0092], [""maras"", -28.1619], [""siwai"", -28.1774], [""ziwai"", -28.1774], [""sialkʰwis"", -29.5977]]"
Θwajaj	maw	-19.8524	"[[""maw"", -19.8524], [""rom"", -19.8732], [""napʰotʰ"", -20.3292], [""aker"", -21.6945], [""arai"", -22.031], [""awis"", -22.0457], [""maras"", -22.303], [""siwai"", -22.3185], [""ziwai"", -22.3185], [""tis"", -24.1427]]"
Θwajaja	maw	-22.6565	"[[""maw"", -22.6565], [""rom"", -22.9698], [""napʰotʰ"", -23.0086], [""aker"", -24.3024], [""arai"", -25.0273], [""awis"", -25.0421], [""maras"", -25.2426], [""siwai"", -25.2581], [""ziwai"", -25.2581], [""sialkʰwis"", -26.8974]]"
Θwajajaa	maw	-25.6965	"[[""maw"", -25.6965], [""napʰotʰ"", -25.8302], [""rom"", -26.1049], [""aker"", -27.233], [""arai"", -28.0582], [""awis"", -28.0733], [""maras"", -28.2232], [""siwai"", -28.2388], [""ziwai"", -28.2388], [""sialkʰwis"", -29.5755]]"
Θwajajad	rom	-24.6073	"[[""rom"", -24.6073], [""napʰotʰ"", -24.827], [""maw"", -26.1622], [""tawarzio"", -26.4068], [""tawarsiu"", -26.4068], [""aker"", -27.8022], [""pʰoke"", -28.0936], [""arai"", -28.189], [""awis"", -28.2039], [""maras"", -28.381]]"
Θwajajadi	napʰotʰ	-27.2085	"[[""napʰotʰ"", -27.2085], [""rom"", -27.5016], [""pʰoke"", -27.868], [""heloke"", -28.1912], [""maw"", -29.6675], [""tawarsiu"", -29.9061], [""tawarzio"", -29.9061], [""aker"", -31.1076], [""arai"", -31.4329], [""awis"", -31.4479]]"
Θwajajadik	napʰotʰ	-29.9747	"[[""napʰotʰ"", -29.9747], [""rom"", -30.6316], [""pʰoke"", -31.3517], [""heloke"", -31.6769], [""tawarzio"", -32.5492], [""maw"", -33.1726], [""tawarsiu"", -33.4026], [""epteziu"", -34.0434], [""aker"", -34.4462], [""arai"", -34.7263]]"
Θwajajai	napʰotʰ	-25.8302	"[[""napʰotʰ"", -25.8302], [""heloke"", -26.0398], [""maw"", -26.1622], [""rom"", -26.1801], [""pʰoke"", -26.2417], [""aker"", -27.6316], [""arai"", -28.189], [""awis"", -28.2039], [""maras"", -28.381], [""siwai"", -28.3965]]"
Θwajajain	napʰotʰ	-28.7513	"[[""napʰotʰ"", -28.7513], [""rom"", -29.4534], [""heloke"", -29.5433], [""maw"", -29.6675], [""pʰoke"", -29.7463], [""aker"", -30.9871], [""arai"", -31.4329], [""awis"", -31.4479], [""maras"", -31.6126], [""siwai"", -31.6281]]"
Θwajajainw	napʰotʰ	-31.7459	"[[""napʰotʰ"", -31.7459], [""rom"", -32.7669], [""heloke"", -32.9813], [""maw"", -33.1726], [""pʰoke"", -33.2498], [""murinail"", -33.8085], [""morinail"", -33.8085], [""aker"", -34.3619], [""arai"", -34.7263], [""awis"", -34.7412]]"
Θwajajaj	napʰotʰ	-25.8302	"[[""napʰotʰ"", -25.8302], [""maw"", -26.1622], [""rom"", -26.1801], [""aker"", -27.8022], [""arai"", -28.189], [""awis"", -28.2039], [""maras"", -28.381], [""siwai"", -28.3965], [""ziwai"", -28.3965], [""sialkʰwis"", -29.9104]]"
Θwajajaja	napʰotʰ	-28.7513	"[[""napʰotʰ"", -28.7513], [""maw"", -29.1462], [""rom"", -29.3934], [""aker"", -30.6234], [""arai"", -31.319], [""awis"", -31.334], [""maras"", -31.4728], [""siwai"", -31.4883], [""ziwai"", -31.4883], [""sialkʰwis"", -32.7411]]"
Θwajajas	awis	-25.0169	"[[""awis"", -25.0169], [""maras"", -25.2084], [""napʰotʰ"", -25.546], [""tis"", -25.8475], [""tawarsiu"", -26.1451], [""maw"", -26.1622], [""rom"", -26.1801], [""sialkʰwis"", -26.8106], [""hulaies"", -27.6058], [""aker"", -27.8022]]"
Θwajajasa	napʰotʰ	-26.2638	"[[""napʰotʰ"", -26.2638], [""awis"", -28.5062], [""maras"", -28.6952], [""tawarsiu"", -28.9451], [""maw"", -29.1462], [""tis"", -29.2446], [""rom"", -29.3934], [""sialkʰwis"", -30.2756], [""serunaitʰ"", -30.5429], [""zeronaitʰ"", -30.5432]]"
Θwajajasas	napʰotʰ	-28.9667	"[[""napʰotʰ"", -28.9667], [""tis"", -30.5834], [""awis"", -30.9468], [""maras"", -31.0969], [""tawarsiu"", -31.3386], [""sialkʰwis"", -32.4136], [""maw"", -32.6525], [""rom"", -32.6686], [""serunaitʰ"", -33.3441], [""zeronaitʰ"", -33.3489]]"
Θwajas	awis	-18.9255	"[[""awis"", -18.9255], [""tis"", -19.146], [""maras"", -19.1991], [""maw"", -19.8524], [""rom"", -19.8732], [""napʰotʰ"", -19.9068], [""tawarsiu"", -20.6144], [""sialkʰwis"", -21.3199], [""hulaies"", -21.3517], [""aker"", -21.6945]]"
Θwajase	napʰotʰ	-20.362	"[[""napʰotʰ"", -20.362], [""awis"", -22.417], [""tis"", -22.5055], [""maras"", -22.6896], [""rom"", -23.0811], [""maw"", -23.3562], [""tawarsiu"", -23.415], [""serunaitʰ"", -24.6639], [""zeronaitʰ"", -24.6644], [""sialkʰwis"", -24.8049]]"
Θwajasek	napʰotʰ	-23.0653	"[[""napʰotʰ"", -23.0653], [""tis"", -25.8806], [""awis"", -25.9081], [""maras"", -26.1798], [""rom"", -26.3529], [""tawarsiu"", -26.5026], [""maw"", -26.8594], [""tawarzio"", -27.4236], [""serunaitʰ"", -27.4865], [""zeronaitʰ"", -27.4875]]"
Θwajaseka	napʰotʰ	-25.9888	"[[""napʰotʰ"", -25.9888], [""tis"", -29.2682], [""awis"", -29.3836], [""maw"", -29.4989], [""rom"", -29.5916], [""maras"", -29.6485], [""tawarsiu"", -29.703], [""tawarzio"", -30.2205], [""ewistʰuo"", -30.4277], [""serunaitʰ"", -30.5864]]"
Θwajasekan	napʰotʰ	-29.0001	"[[""napʰotʰ"", -29.0001], [""tis"", -32.6659], [""awis"", -32.859], [""rom"", -32.8825], [""tawarsiu"", -32.9656], [""maw"", -33.0044], [""maras"", -33.1176], [""tawarzio"", -33.3008], [""ewistʰuo"", -33.4134], [""siwai"", -33.5405]]"
Θwajat	rom	-17.374	"[[""rom"", -17.374], [""maw"", -19.7077], [""marasm"", -19.9588], [""napʰotʰ"", -20.3292], [""aker"", -21.6945], [""arai"", -22.031], [""awis"", -22.0457], [""maras"", -22.2473], [""siwai"", -22.3185], [""ziwai"", -22.3185]]"
Θwajatu	rom	-20.8537	"[[""rom"", -20.8537], [""napʰotʰ"", -23.0086], [""maw"", -23.0827], [""marasm"", -23.4576], [""aker"", -24.8456], [""arai"", -25.217], [""awis"", -25.2317], [""maras"", -25.3584], [""siwai"", -25.493], [""ziwai"", -25.493]]"
Θwajatur	rom	-24.3335	"[[""rom"", -24.3335], [""arai"", -25.1938], [""siwai"", -25.456], [""ziwai"", -25.456], [""napʰotʰ"", -25.8302], [""aomai"", -26.1135], [""maw"", -26.4699], [""awis"", -26.4893], [""marasm"", -26.9527], [""ziazi"", -27.9193]]"
Θwajaturu	rom	-27.8133	"[[""rom"", -27.8133], [""arai"", -28.6933], [""napʰotʰ"", -28.7513], [""siwai"", -28.9533], [""ziwai"", -28.9533], [""awis"", -29.3578], [""aomai"", -29.6077], [""maw"", -29.8671], [""marasm"", -30.4438], [""aker"", -31.1672]]"
Θwajaturus	awis	-26.6264	"[[""awis"", -26.6264], [""sialkʰwis"", -28.4534], [""tis"", -29.4479], [""rom"", -31.2932], [""napʰotʰ"", -31.5304], [""maras"", -31.616], [""hulaies"", -32.1448], [""arai"", -32.1925], [""siwai"", -32.4469], [""ziwai"", -32.4493]]"
Φet	rom	-8.2736	"[[""rom"", -8.2736], [""maw"", -11.1612], [""aomai"", -11.7361], [""maras"", -14.5763], [""tis"", -14.7934], [""marasm"", -15.2294], [""awis"", -15.5419], [""aker"", -15.5419], [""arai"", -15.5419], [""pʰoke"", -16.0442]]"
Φetu	rom	-11.7792	"[[""rom"", -11.7792], [""maw"", -13.9673], [""aomai"", -14.54], [""aker"", -16.0373], [""pʰoke"", -16.9666], [""maras"", -16.9805], [""tis"", -17.8279], [""marasm"", -18.3226], [""arai"", -18.5167], [""awis"", -18.5167]]"
Φetum	rom	-15.2847	"[[""rom"", -15.2847], [""maw"", -17.0565], [""aomai"", -17.6281], [""aker"", -18.8585], [""maras"", -19.7747], [""pʰoke"", -19.8001], [""tis"", -20.9547], [""marasm"", -21.3151], [""awis"", -21.5964], [""arai"", -21.5964]]"
Φetume	rom	-18.79	"[[""rom"", -18.79], [""maw"", -20.2625], [""aomai"", -20.8332], [""aker"", -21.9507], [""maras"", -22.748], [""pʰoke"", -22.8913], [""tis"", -24.1427], [""marasm"", -24.3082], [""awis"", -24.7451], [""arai"", -24.7451]]"
Φetumei	pʰoke	-20.5442	"[[""pʰoke"", -20.5442], [""rom"", -22.295], [""heloke"", -22.4638], [""aker"", -22.9979], [""maw"", -23.5328], [""aomai"", -24.1027], [""maras"", -25.8257], [""marasm"", -27.3412], [""tis"", -27.3745], [""napʰotʰ"", -27.6597]]"
Φetumeij	pʰoke	-24.0512	"[[""pʰoke"", -24.0512], [""rom"", -25.7999], [""aker"", -25.8559], [""heloke"", -25.9691], [""maw"", -26.844], [""aomai"", -27.4129], [""maras"", -28.9722], [""marasm"", -30.4211], [""napʰotʰ"", -30.5267], [""tis"", -30.6393]]"
Φetumeija	aker	-23.8033	"[[""aker"", -23.8033], [""maw"", -27.5142], [""pʰoke"", -27.5581], [""rom"", -29.2526], [""heloke"", -29.4733], [""aomai"", -30.7512], [""maras"", -30.7662], [""sialkʰwis"", -31.6747], [""marasm"", -33.0045], [""arai"", -33.2041]]"
Φetumeijas	aker	-27.3096	"[[""aker"", -27.3096], [""maras"", -30.5807], [""maw"", -31.0113], [""pʰoke"", -31.0643], [""sialkʰwis"", -31.4676], [""hulaies"", -31.6994], [""tis"", -32.6138], [""rom"", -32.7067], [""heloke"", -32.9761], [""awis"", -33.0092]]"
Φni	pʰoke	-11.5113	"[[""pʰoke"", -11.5113], [""aker"", -13.1567], [""rom"", -13.3559], [""heloke"", -14.4982], [""maw"", -14.7934], [""tis"", -14.7934], [""awis"", -15.5419], [""arai"", -15.5419], [""aomai"", -15.5495], [""hulaies"", -16.131]]"
adikite	rom	-16.0874	"[[""rom"", -16.0874], [""pʰoke"", -22.4654], [""epteziu"", -23.7684], [""aomai"", -24.3188], [""maw"", -24.4441], [""heloke"", -24.6477], [""aker"", -24.8306], [""zeronaitʰ"", -25.3837], [""ziazi"", -25.4273], [""ziwai"", -25.5614]]"
adikitete	rom	-22.4124	"[[""rom"", -22.4124], [""pʰoke"", -29.4638], [""epteziu"", -30.1311], [""aomai"", -30.2136], [""maw"", -30.3779], [""zeronaitʰ"", -30.4936], [""marasm"", -31.4036], [""aker"", -31.407], [""heloke"", -31.555], [""ziazi"", -31.6967]]"
aja	rom	-9.7735	"[[""rom"", -9.7735], [""maw"", -10.4276], [""aker"", -12.5541], [""arai"", -12.8218], [""awis"", -12.8365], [""maras"", -13.8458], [""siwai"", -13.8611], [""ziwai"", -13.8611], [""tis"", -14.7934], [""pʰoke"", -16.4844]]"
anatiΘwaja	aker	-30.0566	"[[""aker"", -30.0566], [""maw"", -30.5117], [""rom"", -31.218], [""maras"", -33.2676], [""heloke"", -33.8552], [""pʰoke"", -34.585], [""marasm"", -34.7985], [""arai"", -34.9084], [""awis"", -34.9232], [""napʰotʰ"", -35.123]]"
asasara	siasi	-16.7748	"[[""siasi"", -16.7748], [""siwai"", -17.3808], [""tis"", -19.1814], [""tawarsiu"", -19.7212], [""napʰotʰ"", -21.1835], [""holaiesi"", -21.9014], [""awis"", -21.9226], [""sialkʰwis"", -22.0609], [""arai"", -22.1285], [""epteziu"", -22.2578]]"
ataiΘwae	maw	-24.009	"[[""maw"", -24.009], [""aker"", -24.0308], [""rom"", -25.1821], [""maras"", -26.4065], [""murinail"", -27.0078], [""morinail"", -27.0078], [""heloke"", -27.5694], [""pʰoke"", -28.2302], [""marasm"", -28.3419], [""arai"", -28.4254]]"
ataiΘwaja	maw	-26.7815	"[[""maw"", -26.7815], [""aker"", -26.8461], [""rom"", -28.5682], [""maras"", -29.3551], [""murinail"", -30.4002], [""morinail"", -30.4002], [""heloke"", -30.5767], [""marasm"", -31.3058], [""arai"", -31.5375], [""awis"", -31.5524]]"
dada	rom	-11.0896	"[[""rom"", -11.0896], [""maw"", -13.2519], [""aker"", -15.2648], [""pʰoke"", -15.419], [""arai"", -15.8149], [""awis"", -15.8296], [""maras"", -16.2876], [""siwai"", -16.3031], [""ziwai"", -16.3031], [""tis"", -17.8279]]"
damate	rom	-17.1691	"[[""rom"", -17.1691], [""maw"", -19.8699], [""marasm"", -20.4655], [""aomai"", -21.4242], [""arai"", -22.0202], [""awis"", -22.0349], [""aker"", -22.2357], [""maras"", -22.2457], [""siwai"", -22.4435], [""ziwai"", -22.4435]]"
daserate	siwai	-20.5768	"[[""siwai"", -20.5768], [""tis"", -23.102], [""rom"", -23.8521], [""siasi"", -24.4724], [""marasm"", -25.4174], [""ziwai"", -25.7323], [""awis"", -26.2307], [""napʰotʰ"", -26.346], [""tawarsiu"", -26.437], [""pʰoke"", -26.4883]]"
dawa	rom	-13.2499	"[[""rom"", -13.2499], [""maw"", -13.2519], [""murinail"", -15.0517], [""morinail"", -15.0517], [""aker"", -15.2648], [""arai"", -15.8149], [""awis"", -15.8296], [""maras"", -16.2876], [""siwai"", -16.3031], [""ziwai"", -16.3031]]"
di	pʰoke	-9.2276	"[[""pʰoke"", -9.2276], [""rom"", -10.3024], [""aker"", -10.3437], [""maw"", -11.9163], [""tis"", -11.9163], [""heloke"", -12.0612], [""arai"", -12.7481], [""awis"", -12.7481], [""aomai"", -12.7668], [""epteziu"", -13.6972]]"
ida	maw	-10.4411	"[[""maw"", -10.4411], [""aker"", -10.9807], [""rom"", -11.0539], [""pʰoke"", -12.8807], [""epteziu"", -13.3489], [""arai"", -13.4638], [""awis"", -13.4776], [""ewistʰuo"", -13.5291], [""heloke"", -13.7234], [""maras"", -13.8861]]"
idaa	maw	-13.0321	"[[""maw"", -13.0321], [""rom"", -13.5183], [""aker"", -13.7157], [""ewistʰuo"", -15.6249], [""arai"", -15.823], [""awis"", -15.8376], [""pʰoke"", -15.9574], [""maras"", -16.143], [""siwai"", -16.1584], [""ziwai"", -16.1584]]"
idi	pʰoke	-9.8795	"[[""pʰoke"", -9.8795], [""heloke"", -10.7622], [""epteziu"", -12.1961], [""aker"", -13.12], [""rom"", -13.1294], [""ewistʰuo"", -13.9613], [""maw"", -14.7934], [""tis"", -14.7934], [""awis"", -15.5419], [""arai"", -15.5419]]"
ija	maw	-10.4411	"[[""maw"", -10.4411], [""aker"", -10.9807], [""rom"", -11.1612], [""arai"", -13.4638], [""awis"", -13.4776], [""maras"", -13.8861], [""siwai"", -13.9014], [""ziwai"", -13.9014], [""ewistʰuo"", -14.068], [""tis"", -14.7934]]"
ijaredija	ewistʰuo	-23.0316	"[[""ewistʰuo"", -23.0316], [""epteziu"", -26.7716], [""aker"", -26.809], [""rom"", -27.9284], [""pʰoke"", -28.4335], [""awis"", -29.2713], [""serunaitʰ"", -29.4951], [""zeronaitʰ"", -29.4951], [""maw"", -29.8207], [""heloke"", -29.9548]]"
inaida	epteziu	-17.0023	"[[""epteziu"", -17.0023], [""aker"", -17.0043], [""rom"", -18.0756], [""ewistʰuo"", -18.6864], [""maw"", -19.6907], [""pʰoke"", -20.617], [""heloke"", -21.3662], [""serunaitʰ"", -21.3867], [""zeronaitʰ"", -21.3867], [""arai"", -22.2182]]"
inajareta	ewistʰuo	-24.9561	"[[""ewistʰuo"", -24.9561], [""rom"", -27.2156], [""awis"", -28.7186], [""maw"", -28.7271], [""siwai"", -29.2799], [""ziwai"", -29.2799], [""arai"", -29.3699], [""marasm"", -29.6556], [""serunaitʰ"", -30.0886], [""zeronaitʰ"", -30.0886]]"
ipi	maw	-10.4671	"[[""maw"", -10.4671], [""rom"", -11.1061], [""pʰoke"", -11.5992], [""heloke"", -12.0976], [""epteziu"", -12.4895], [""aker"", -13.12], [""maras"", -13.4918], [""aomai"", -13.8721], [""tis"", -14.7934], [""ewistʰuo"", -14.9882]]"
ipinama	aker	-20.2358	"[[""aker"", -20.2358], [""maw"", -20.244], [""maras"", -23.0776], [""rom"", -23.5601], [""epteziu"", -23.8122], [""ewistʰuo"", -24.249], [""marasm"", -25.3101], [""arai"", -25.5246], [""awis"", -25.539], [""pʰoke"", -25.5542]]"
iti	maw	-10.4671	"[[""maw"", -10.4671], [""rom"", -11.1061], [""pʰoke"", -11.5992], [""heloke"", -12.0976], [""epteziu"", -12.4895], [""aker"", -13.12], [""maras"", -13.4918], [""aomai"", -13.8721], [""tis"", -14.7934], [""ewistʰuo"", -14.9882]]"
ja	maw	-7.6253	"[[""maw"", -7.6253], [""rom"", -7.6655], [""aker"", -10.0127], [""arai"", -10.395], [""awis"", -10.4092], [""maras"", -11.0764], [""siwai"", -11.0917], [""ziwai"", -11.0917], [""tis"", -11.9163], [""marasm"", -13.7948]]"
jadikitu	rom	-19.5936	"[[""rom"", -19.5936], [""pʰoke"", -24.8947], [""epteziu"", -26.9105], [""heloke"", -27.1226], [""aomai"", -27.4486], [""maw"", -27.5597], [""marasm"", -27.5832], [""aker"", -27.7738], [""zeronaitʰ"", -27.9585], [""serunaitʰ"", -28.4114]]"
jainwaza	aker	-23.347	"[[""aker"", -23.347], [""maw"", -25.6825], [""rom"", -26.0985], [""heloke"", -27.3602], [""arai"", -28.162], [""awis"", -28.1694], [""ewistʰuo"", -28.2752], [""napʰotʰ"", -28.2954], [""maras"", -28.357], [""siwai"", -28.3635]]"
jaja	maw	-13.2519	"[[""maw"", -13.2519], [""rom"", -13.2776], [""aker"", -15.2648], [""arai"", -15.8149], [""awis"", -15.8296], [""maras"", -16.2876], [""siwai"", -16.3031], [""ziwai"", -16.3031], [""tis"", -17.8279], [""marasm"", -18.6586]]"
jasa	tis	-12.5757	"[[""tis"", -12.5757], [""maw"", -13.2519], [""rom"", -13.2776], [""awis"", -13.6969], [""maras"", -14.3096], [""siwai"", -14.3737], [""aker"", -15.2648], [""pʰoke"", -15.5504], [""arai"", -15.8149], [""siasi"", -16.172]]"
jasasa	tis	-16.6688	"[[""tis"", -16.6688], [""napʰotʰ"", -18.1579], [""awis"", -19.0514], [""tawarsiu"", -19.3924], [""maw"", -19.4441], [""rom"", -19.4647], [""siasi"", -19.498], [""maras"", -19.5112], [""siwai"", -19.5714], [""ewistʰuo"", -19.8218]]"
jasasara	siasi	-20.2767	"[[""siasi"", -20.2767], [""siwai"", -20.8844], [""tis"", -22.6788], [""tawarsiu"", -22.8951], [""napʰotʰ"", -24.0135], [""awis"", -25.0629], [""ewistʰuo"", -25.1218], [""arai"", -25.2599], [""ziwai"", -25.3223], [""epteziu"", -25.3556]]"
jasasarama	siwai	-26.5915	"[[""siwai"", -26.5915], [""siasi"", -27.2788], [""tis"", -29.2031], [""tawarsiu"", -29.2263], [""napʰotʰ"", -30.3926], [""sialkʰwis"", -31.1253], [""ewistʰuo"", -31.1627], [""awis"", -31.5788], [""epteziu"", -31.6709], [""ziwai"", -31.7726]]"
jasasarame	siwai	-26.8585	"[[""siwai"", -26.8585], [""siasi"", -27.2788], [""tis"", -29.2031], [""tawarsiu"", -29.2283], [""napʰotʰ"", -30.3926], [""ewistʰuo"", -31.1627], [""awis"", -31.5834], [""epteziu"", -31.6709], [""sialkʰwis"", -31.7827], [""ziwai"", -31.9184]]"
jasaunakanasi	pʰoke	-36.6488	"[[""pʰoke"", -36.6488], [""sialkʰwis"", -37.1477], [""tawarsiu"", -38.5345], [""napʰotʰ"", -39.6799], [""tis"", -39.8028], [""tawarzio"", -39.8502], [""heloke"", -39.9035], [""serunaitʰ"", -40.3282], [""pʰokiasiale"", -40.8844], [""awis"", -41.3479]]"
jataiΘuja	aker	-27.1398	"[[""aker"", -27.1398], [""maw"", -27.3494], [""rom"", -28.6883], [""maras"", -30.0975], [""pʰoke"", -30.8653], [""heloke"", -31.4148], [""marasm"", -31.6262], [""arai"", -31.7184], [""awis"", -31.7331], [""sialkʰwis"", -31.7371]]"
jawa	maw	-13.2519	"[[""maw"", -13.2519], [""rom"", -13.2776], [""aker"", -15.2648], [""arai"", -15.8149], [""awis"", -15.8296], [""maras"", -16.2876], [""siwai"", -16.3031], [""ziwai"", -16.3031], [""murinail"", -17.8147], [""morinail"", -17.8147]]"
jawaΦ	rom	-14.5451	"[[""rom"", -14.5451], [""maw"", -16.7552], [""napʰotʰ"", -17.2933], [""heloke"", -17.3926], [""tawarsiu"", -18.3361], [""tawarzio"", -18.3361], [""pʰoke"", -18.5472], [""aker"", -18.7524], [""arai"", -18.8451], [""awis"", -18.8599]]"
mai	rom	-10.4671	"[[""rom"", -10.4671], [""maw"", -11.1215], [""pʰoke"", -11.5993], [""aker"", -12.6561], [""arai"", -13.1949], [""awis"", -13.2091], [""maras"", -13.8721], [""siwai"", -13.8874], [""ziwai"", -13.8874], [""heloke"", -14.5495]]"
me	maw	-11.9163	"[[""maw"", -11.9163], [""tis"", -11.9163], [""rom"", -11.9163], [""aker"", -12.7481], [""awis"", -12.7481], [""arai"", -12.7481], [""pʰoke"", -13.9825], [""ziazi"", -14.7546], [""aomai"", -14.7546], [""siasi"", -14.7546]]"
na	maw	-7.6253	"[[""maw"", -7.6253], [""rom"", -7.6655], [""aker"", -10.0127], [""arai"", -10.395], [""awis"", -10.4092], [""maras"", -11.0764], [""siwai"", -11.0917], [""ziwai"", -11.0917], [""tis"", -11.9163], [""marasm"", -13.7948]]"
nasi	tis	-12.5757	"[[""tis"", -12.5757], [""pʰoke"", -12.9171], [""heloke"", -13.2293], [""rom"", -13.5548], [""awis"", -13.7413], [""maras"", -14.3791], [""maw"", -14.6143], [""aker"", -15.885], [""siwai"", -15.9039], [""epteziu"", -15.9454]]"
nu	aker	-9.7505	"[[""aker"", -9.7505], [""maw"", -11.9163], [""rom"", -11.9163], [""tis"", -11.9163], [""pʰoke"", -12.2364], [""awis"", -12.7481], [""arai"", -12.7481], [""heloke"", -13.7351], [""ziazi"", -14.7546], [""aomai"", -14.7546]]"
piteri	maw	-19.3423	"[[""maw"", -19.3423], [""aomai"", -20.0316], [""pʰoke"", -20.037], [""heloke"", -20.7138], [""rom"", -20.9089], [""marasm"", -21.0879], [""arai"", -21.3035], [""epteziu"", -21.342], [""maras"", -21.6032], [""holaiesi"", -21.9374]]"
rame	siwai	-13.5398	"[[""siwai"", -13.5398], [""ziwai"", -13.5398], [""rom"", -13.5548], [""maw"", -14.6143], [""tis"", -15.9824], [""awis"", -16.2523], [""arai"", -16.2635], [""aker"", -16.8797], [""maras"", -16.9519], [""ziazi"", -17.9163]]"
re	tis	-9.7141	"[[""tis"", -9.7141], [""rom"", -11.9163], [""maw"", -11.9163], [""ziazi"", -12.1401], [""siasi"", -12.1401], [""ziwai"", -12.1401], [""siwai"", -12.1401], [""awis"", -12.3075], [""arai"", -12.5037], [""aker"", -12.7481]]"
reike	epteziu	-17.9337	"[[""epteziu"", -17.9337], [""pʰoke"", -18.5919], [""ziazi"", -18.6197], [""aker"", -19.0862], [""tis"", -19.2407], [""ziwai"", -19.564], [""heloke"", -20.9058], [""maw"", -20.9547], [""rom"", -20.9547], [""siwai"", -20.9999]]"
reja	maw	-13.5339	"[[""maw"", -13.5339], [""siwai"", -14.5814], [""ziwai"", -14.5814], [""rom"", -14.6534], [""aker"", -15.4394], [""tis"", -15.9824], [""awis"", -16.6147], [""arai"", -16.6378], [""maras"", -16.9707], [""ziazi"", -17.9163]]"
ridau	aker	-14.6106	"[[""aker"", -14.6106], [""pʰoke"", -16.059], [""maw"", -17.0357], [""heloke"", -17.1624], [""rom"", -17.3478], [""siwai"", -17.3907], [""ziwai"", -17.3907], [""ewistʰuo"", -19.1828], [""tis"", -19.2407], [""awis"", -19.4713]]"
sarame	siwai	-13.5525	"[[""siwai"", -13.5525], [""tis"", -16.1028], [""siasi"", -17.7273], [""ziwai"", -19.3183], [""pʰoke"", -19.4787], [""awis"", -19.5287], [""rom"", -19.5763], [""sialkʰwis"", -20.0657], [""maw"", -20.2577], [""arai"", -20.5619]]"
sasarame	siwai	-19.8454	"[[""siwai"", -19.8454], [""siasi"", -20.2731], [""tis"", -22.2001], [""tawarsiu"", -22.5856], [""sialkʰwis"", -24.7901], [""pʰoke"", -25.2969], [""awis"", -25.3938], [""holaiesi"", -25.4018], [""serunaitʰ"", -25.4369], [""ziwai"", -25.564]]"
sekanasi	pʰoke	-20.7637	"[[""pʰoke"", -20.7637], [""tis"", -22.6786], [""tawarsiu"", -22.9234], [""sialkʰwis"", -24.2586], [""heloke"", -24.3843], [""serunaitʰ"", -24.6279], [""siwai"", -25.1789], [""siasi"", -25.3655], [""zeronaitʰ"", -25.5504], [""awis"", -25.6652]]"
setoija	maw	-15.4159	"[[""maw"", -15.4159], [""aker"", -18.021], [""pʰoke"", -18.5172], [""maras"", -18.8433], [""marasm"", -21.3212], [""heloke"", -21.6075], [""arai"", -21.6474], [""awis"", -21.6843], [""siwai"", -21.7237], [""siasi"", -21.8895]]"
si	pʰoke	-6.1673	"[[""pʰoke"", -6.1673], [""heloke"", -6.2283], [""tis"", -6.2614], [""siasi"", -9.3064], [""siwai"", -9.307], [""hulaies"", -10.3069], [""aker"", -10.3437], [""holaiesi"", -10.387], [""maw"", -11.9163], [""rom"", -11.9163]]"
siru	heloke	-9.6713	"[[""heloke"", -9.6713], [""tis"", -9.7656], [""siasi"", -11.4869], [""siwai"", -11.4893], [""pʰoke"", -11.5153], [""serunaitʰ"", -12.472], [""holaiesi"", -13.7064], [""sialkʰwis"", -13.8656], [""hulaies"", -14.7016], [""arai"", -15.38]]"
sirute	heloke	-15.6093	"[[""heloke"", -15.6093], [""tis"", -16.1028], [""pʰoke"", -17.5446], [""siasi"", -17.7273], [""siwai"", -17.7284], [""sialkʰwis"", -17.8991], [""serunaitʰ"", -18.0588], [""rom"", -20.229], [""holaiesi"", -20.6089], [""maw"", -20.9623]]"
tanaiΘti	rom	-23.7222	"[[""rom"", -23.7222], [""marasm"", -23.7517], [""maw"", -24.3591], [""pʰoke"", -26.0188], [""maras"", -26.0893], [""heloke"", -27.2496], [""aker"", -27.9698], [""arai"", -28.5663], [""awis"", -28.5809], [""siwai"", -28.9736]]"
tanaiΘutinu	heloke	-32.6397	"[[""heloke"", -32.6397], [""pʰoke"", -33.4778], [""marasm"", -33.9928], [""rom"", -34.0042], [""maw"", -34.8097], [""aker"", -35.3857], [""maras"", -36.1085], [""epteziu"", -38.0136], [""arai"", -38.6096], [""awis"", -38.624]]"
tanarateutinu	marasm	-39.7594	"[[""marasm"", -39.7594], [""pʰoke"", -39.8197], [""rom"", -40.0769], [""maw"", -41.0731], [""murinail"", -41.3401], [""morinail"", -41.3401], [""heloke"", -41.6646], [""aker"", -42.1748], [""awis"", -42.2106], [""maras"", -42.2734]]"
te	maw	-6.9652	"[[""maw"", -6.9652], [""maras"", -9.9958], [""rom"", -10.8139], [""tis"", -11.9163], [""marasm"", -12.1661], [""awis"", -12.7481], [""arai"", -12.7481], [""aker"", -12.7481], [""aomai"", -13.6068], [""pʰoke"", -13.9825]]"
tosa	maw	-4.8981	"[[""maw"", -4.8981], [""maras"", -6.7511], [""marasm"", -9.5165], [""awis"", -10.0813], [""aker"", -10.463], [""arai"", -11.1571], [""tis"", -12.5757], [""siasi"", -13.1565], [""napʰotʰ"", -14.0612], [""siwai"", -14.4356]]"
tume	maw	-13.2567	"[[""maw"", -13.2567], [""aker"", -15.6331], [""maras"", -15.7517], [""rom"", -17.3173], [""marasm"", -17.5527], [""tis"", -17.8279], [""pʰoke"", -17.9944], [""awis"", -18.5167], [""arai"", -18.5167], [""aomai"", -19.5557]]"
tumei	pʰoke	-15.6613	"[[""pʰoke"", -15.6613], [""maw"", -16.5263], [""aker"", -16.6618], [""heloke"", -17.3066], [""maras"", -18.827], [""marasm"", -20.4911], [""rom"", -20.5796], [""tis"", -20.9547], [""arai"", -21.5964], [""awis"", -21.5964]]"
turusa	tis	-16.375	"[[""tis"", -16.375], [""awis"", -16.7461], [""maw"", -17.1941], [""maras"", -18.5272], [""aker"", -18.8207], [""sialkʰwis"", -19.4144], [""siwai"", -20.1803], [""ziwai"", -20.4746], [""marasm"", -21.2653], [""ewistʰuo"", -21.4208]]"
unaka	aker	-16.2377	"[[""aker"", -16.2377], [""maw"", -16.348], [""rom"", -16.7809], [""ziwai"", -17.7878], [""arai"", -18.979], [""awis"", -18.9936], [""tawarzio"", -19.2091], [""maras"", -19.2779], [""siwai"", -19.2933], [""ziazi"", -19.5632]]"
unakana	aker	-22.5387	"[[""aker"", -22.5387], [""maw"", -22.6565], [""rom"", -22.9698], [""ziwai"", -23.1867], [""arai"", -25.0273], [""awis"", -25.0421], [""maras"", -25.2426], [""siwai"", -25.2581], [""ziazi"", -25.4273], [""tawarzio"", -25.4503]]"
unakanasi	awis	-28.5126	"[[""awis"", -28.5126], [""maras"", -28.7033], [""tawarsiu"", -28.9469], [""zeronaitʰ"", -28.947], [""pʰoke"", -29.1713], [""tis"", -29.2446], [""ziwai"", -29.3641], [""aker"", -29.3868], [""rom"", -29.4534], [""maw"", -29.6675]]"
unarukajasi	awis	-31.0948	"[[""awis"", -31.0948], [""sialkʰwis"", -31.6597], [""tis"", -33.5964], [""pʰoke"", -34.1983], [""ewistʰuo"", -34.9206], [""aker"", -35.088], [""ziwai"", -35.2549], [""maras"", -35.3378], [""tawarsiu"", -35.4747], [""zeronaitʰ"", -35.5553]]"
unarukanasi	awis	-31.0948	"[[""awis"", -31.0948], [""sialkʰwis"", -31.6597], [""tis"", -33.5964], [""pʰoke"", -34.1983], [""ewistʰuo"", -34.9206], [""aker"", -35.088], [""ziwai"", -35.2549], [""maras"", -35.3378], [""tawarsiu"", -35.4747], [""zeronaitʰ"", -35.5553]]"
unarukanati	rom	-33.9188	"[[""rom"", -33.9188], [""pʰoke"", -34.2265], [""sialkʰwis"", -34.4145], [""aker"", -35.088], [""ziwai"", -35.2549], [""siwai"", -35.5985], [""awis"", -35.9409], [""heloke"", -35.9923], [""marasm"", -36.0516], [""maw"", -36.2648]]"
utinu	aker	-16.2791	"[[""aker"", -16.2791], [""maw"", -16.7601], [""rom"", -18.0891], [""pʰoke"", -18.3723], [""heloke"", -18.9908], [""maras"", -19.2514], [""aomai"", -20.1477], [""tis"", -20.9547], [""marasm"", -20.9779], [""arai"", -21.5964]]"
Θwa	maw	-10.4411	"[[""maw"", -10.4411], [""rom"", -11.1612], [""aker"", -12.5576], [""arai"", -13.4638], [""awis"", -13.4776], [""maras"", -13.8861], [""siwai"", -13.9014], [""ziwai"", -13.9014], [""tis"", -14.7934], [""napʰotʰ"", -14.8038]]"
Φe	rom	-10.3024	"[[""rom"", -10.3024], [""maw"", -11.9163], [""tis"", -11.9163], [""awis"", -12.7481], [""aker"", -12.7481], [""arai"", -12.7481], [""aomai"", -12.7668], [""pʰoke"", -13.2924], [""ziazi"", -14.7546], [""siasi"", -14.7546]]"
Φniwi	heloke	-12.8605	"[[""heloke"", -12.8605], [""pʰoke"", -16.8535], [""hulaies"", -17.8976], [""holaiesi"", -17.9493], [""aker"", -18.6006], [""epteziu"", -19.4785], [""rom"", -19.7682], [""maw"", -20.9547], [""tis"", -20.9547], [""murinail"", -21.1481]]"
