lost	top1_known	score	top10
aad	=mẽ	-9.0981	"[[""=mẽ"", -9.0981], [""mar"", -9.3539], [""nur"", -9.3539], [""as"", -9.3933], [""es"", -9.3933], [""si-"", -10.3196], [""mu-"", -10.3196], [""si"", -10.4301], [""mẽ"", -10.4301], [""ni"", -10.4301]]"
aadi	=mẽ	-11.9271	"[[""=mẽ"", -11.9271], [""mɲn-"", -12.1883], [""is-"", -12.2188], [""mu-"", -12.5661], [""si-"", -12.5661], [""nur"", -12.5757], [""mar"", -12.5757], [""tis-"", -12.5904], [""ter-"", -12.5904], [""es"", -12.8904]]"
aadik	mɲn-	-14.8637	"[[""mɲn-"", -14.8637], [""nun͂-"", -14.9723], [""=mẽ"", -15.0292], [""is-"", -15.052], [""mu-"", -15.3009], [""si-"", -15.3009], [""ter-"", -15.4141], [""tis-"", -15.4141], [""m̃mẽ"", -15.6048], [""m̃ma"", -15.6048]]"
aadiki	nun͂-	-17.3363	"[[""nun͂-"", -17.3363], [""mɲn-"", -17.8354], [""is-"", -18.157], [""=mẽ"", -18.2452], [""mu-"", -18.2515], [""si-"", -18.2515], [""m̃ma"", -18.457], [""m̃mẽ"", -18.457], [""ter-"", -18.5181], [""tis-"", -18.5181]]"
aadikit	=mẽ	-16.2027	"[[""=mẽ"", -16.2027], [""mẽ"", -17.5422], [""ne"", -17.5422], [""se"", -17.5422], [""me"", -17.5422], [""m̃ma"", -17.8721], [""m̃mẽ"", -17.8842], [""Krɲna"", -17.9252], [""Arɲna"", -17.9252], [""Ssaxa"", -18.0225]]"
aadikite	nei	-17.5402	"[[""nei"", -17.5402], [""γarãi"", -18.8013], [""Piɡrẽi"", -19.221], [""=mẽ"", -19.6973], [""trei"", -19.8898], [""Puwẽi"", -20.7854], [""neni"", -20.7955], [""ni"", -21.036], [""si"", -21.036], [""ne"", -21.0369]]"
aadikites	nei	-21.0474	"[[""nei"", -21.0474], [""γarãi"", -22.3084], [""Piɡrẽi"", -22.728], [""m̃me/i-"", -23.0806], [""=mẽ"", -23.2044], [""trei"", -23.397], [""maxi-"", -23.6669], [""si-"", -23.8776], [""Isɲta-"", -23.9095], [""s(ije)-"", -24.1364]]"
aadikitesi	nei	-24.5546	"[[""nei"", -24.5546], [""γarãi"", -25.8153], [""m̃me/i-"", -25.8863], [""Piɡrẽi"", -26.235], [""s(ije)-"", -26.4154], [""maxi-"", -26.4899], [""m̃mẽt(i)-"", -26.6623], [""si-"", -26.7081], [""=mẽ"", -26.7115], [""trei"", -26.9042]]"
aaj	Jaɲ	-11.5351	"[[""Jaɲ"", -11.5351], [""=pe"", -11.5351], [""=mẽ"", -11.5351], [""=ti"", -11.5351], [""=be"", -11.5351], [""=de"", -11.5351], [""is-"", -12.1474], [""mu-"", -12.1474], [""xb-"", -12.1474], [""xa-"", -12.1474]]"
aaja	=be	-14.5247	"[[""=be"", -14.5247], [""=ti"", -14.5247], [""=mẽ"", -14.5247], [""Jaɲ"", -14.5247], [""=de"", -14.5247], [""=pe"", -14.5247], [""ax-"", -14.9765], [""xb-"", -14.9765], [""mu-"", -14.9765], [""is-"", -14.9765]]"
aau	Jaɲ	-11.5351	"[[""Jaɲ"", -11.5351], [""=pe"", -11.5351], [""=mẽ"", -11.5351], [""=ti"", -11.5351], [""=be"", -11.5351], [""=de"", -11.5351], [""is-"", -12.1474], [""mu-"", -12.1474], [""xb-"", -12.1474], [""xa-"", -12.1474]]"
ada	mɲn-	-9.0879	"[[""mɲn-"", -9.0879], [""=mẽ"", -9.0909], [""si-"", -9.1032], [""mu-"", -9.1032], [""is-"", -9.1314], [""mar"", -9.3632], [""nur"", -9.3632], [""m̃mẽ"", -9.6941], [""m̃ma"", -9.6941], [""mel-"", -9.7733]]"
adad	nur	-9.7098	"[[""nur"", -9.7098], [""mar"", -9.7098], [""m̃ma"", -9.7715], [""m̃mẽ"", -9.7715], [""snta"", -10.4732], [""Arɲnas"", -10.9619], [""mɲn-"", -11.5058], [""=mẽ"", -11.5443], [""miren"", -11.6289], [""nun͂-"", -11.6425]]"
adada	mɲn-	-12.4981	"[[""mɲn-"", -12.4981], [""m̃ma"", -12.574], [""m̃mẽ"", -12.574], [""mar"", -13.1893], [""nur"", -13.1893], [""snta"", -13.2766], [""nun͂-"", -13.8251], [""Arɲnas"", -14.2544], [""Pssure"", -14.4694], [""si-"", -14.5439]]"
adadau	nun͂-	-15.2206	"[[""nun͂-"", -15.2206], [""mɲn-"", -15.3403], [""m̃ma"", -15.6534], [""m̃mẽ"", -15.6534], [""snta"", -16.3649], [""mar"", -16.6688], [""nur"", -16.6688], [""m̃me/i-"", -16.7993], [""Pssure"", -17.3926], [""xm̃me-"", -17.3986]]"
adadaut	m̃ma	-13.3556	"[[""m̃ma"", -13.3556], [""m̃mẽ"", -13.368], [""Pssure"", -15.1979], [""=mẽ"", -15.5155], [""Arɲna"", -15.9046], [""Krɲna"", -15.9046], [""səm.ma"", -15.954], [""snta"", -16.3136], [""arm̃ma"", -16.4548], [""Parmna"", -16.5803]]"
adadauti	m̃ma	-16.8625	"[[""m̃ma"", -16.8625], [""m̃mẽ"", -16.875], [""Pssure"", -18.7038], [""m̃me/i-"", -18.9566], [""xm̃me-"", -18.986], [""=mẽ"", -19.0227], [""mruwe-"", -19.2214], [""θrm͂ma-"", -19.301], [""xrm̃ma-"", -19.301], [""arm̃ma-"", -19.301]]"
adadautin	m̃ma	-20.3694	"[[""m̃ma"", -20.3694], [""m̃mẽ"", -20.3818], [""m̃me/i-"", -21.1411], [""xm̃me-"", -21.8121], [""mruwe-"", -22.0464], [""arm̃ma-"", -22.1265], [""θrm͂ma-"", -22.1265], [""xrm̃ma-"", -22.1265], [""Pssure"", -22.2093], [""mara-"", -22.3018]]"
adadautinu	m̃me/i-	-23.7579	"[[""m̃me/i-"", -23.7579], [""m̃ma"", -23.8762], [""m̃mẽ"", -23.8887], [""xm̃me-"", -24.918], [""mruwe-"", -25.1511], [""arm̃ma-"", -25.2301], [""xrm̃ma-"", -25.2301], [""θrm͂ma-"", -25.2301], [""mara-"", -25.3948], [""sɲne-"", -25.4597]]"
adau	mɲn-	-11.6953	"[[""mɲn-"", -11.6953], [""mu-"", -11.8206], [""si-"", -11.8206], [""nun͂-"", -11.867], [""is-"", -11.9546], [""m̃ma"", -12.166], [""m̃mẽ"", -12.166], [""=mẽ"", -12.1832], [""mla-"", -12.2061], [""mel-"", -12.2061]]"
adaut	=mẽ	-9.8726	"[[""=mẽ"", -9.8726], [""me"", -10.5286], [""se"", -10.5286], [""mẽ"", -10.5286], [""ne"", -10.5286], [""m̃ma"", -11.5372], [""m̃mẽ"", -11.5493], [""Krɲna"", -11.9264], [""Arɲna"", -11.9264], [""Ssaxa"", -11.9285]]"
adauti	=mẽ	-13.3797	"[[""=mẽ"", -13.3797], [""me"", -14.0358], [""ne"", -14.0358], [""mẽ"", -14.0358], [""se"", -14.0358], [""m̃ma"", -15.0247], [""m̃mẽ"", -15.0366], [""Isɲta-"", -15.0574], [""mara-"", -15.1958], [""Ssaxa"", -15.2115]]"
adautin	=mẽ	-16.8867	"[[""=mẽ"", -16.8867], [""me"", -17.543], [""mẽ"", -17.543], [""se"", -17.543], [""ne"", -17.543], [""s(ije)-"", -17.8612], [""Isɲta-"", -17.8823], [""mara-"", -17.9277], [""maxa-"", -18.1312], [""nele₂"", -18.1436]]"
adautinu	s(ije)-	-20.3182	"[[""s(ije)-"", -20.3182], [""=mẽ"", -20.3937], [""mara-"", -20.9452], [""Isɲta-"", -20.9869], [""se"", -21.0502], [""me"", -21.0502], [""ne"", -21.0502], [""mẽ"", -21.0502], [""maxa-"", -21.1297], [""nele₁"", -21.1422]]"
adautinui	s(ije)-	-23.1468	"[[""s(ije)-"", -23.1468], [""=mẽ"", -23.9006], [""mara-"", -24.0841], [""Isɲta-"", -24.2072], [""ma-(ti)"", -24.2496], [""maxa-"", -24.2526], [""nele₂"", -24.265], [""nele₁"", -24.265], [""ne"", -24.5574], [""mẽ"", -24.5574]]"
adautinuin	s(ije)-	-26.1487	"[[""s(ije)-"", -26.1487], [""ma-(ti)"", -26.7329], [""mara-"", -27.2917], [""=mẽ"", -27.4075], [""maxa-"", -27.4465], [""nele₁"", -27.4589], [""nele₂"", -27.4589], [""Isɲta-"", -27.491], [""m̃me/i-"", -27.6925], [""nele(/i)-"", -27.78]]"
adaw	Krɲna	-9.8247	"[[""Krɲna"", -9.8247], [""Arɲna"", -9.8247], [""mɲn-"", -10.2289], [""stta"", -10.4219], [""sɲta"", -10.4219], [""nte"", -10.4295], [""Jaɲ"", -11.3218], [""Tlax"", -11.5285], [""Isɲta-"", -11.7753], [""mu-"", -11.8206]]"
adawa	Isɲta-	-12.5019	"[[""Isɲta-"", -12.5019], [""mɲn-"", -12.5249], [""mltt-"", -12.5688], [""Krɲna"", -12.6281], [""Arɲna"", -12.6281], [""sɲta"", -13.2251], [""stta"", -13.2251], [""sɲne-"", -13.2614], [""mɲnu-"", -13.2614], [""nte"", -13.2731]]"
adawai	Isɲta-	-14.9655	"[[""Isɲta-"", -14.9655], [""mɲn-"", -15.2743], [""mltt-"", -15.3854], [""sɲne-"", -15.7021], [""mɲnu-"", -15.7021], [""Arɲna"", -15.7169], [""Krɲna"", -15.7169], [""stta"", -16.3144], [""sɲta"", -16.3144], [""nte"", -16.3852]]"
adawaij	Isɲta-	-17.793	"[[""Isɲta-"", -17.793], [""mɲn-"", -18.2315], [""mltt-"", -18.478], [""mɲnu-"", -18.5209], [""sɲne-"", -18.5209], [""Krɲna"", -18.923], [""Arɲna"", -18.923], [""Trkʷkʷɲt"", -19.1566], [""sɲta"", -19.5213], [""stta"", -19.5213]]"
adawaija	Isɲta-	-20.792	"[[""Isɲta-"", -20.792], [""mɲn-"", -21.3074], [""sɲne-"", -21.5153], [""mɲnu-"", -21.5153], [""mltt-"", -21.6854], [""Trkʷkʷɲt"", -21.9681], [""Arɲna"", -22.1937], [""Krɲna"", -22.1937], [""s(ije)-"", -22.487], [""m̃mẽt(i)-"", -22.4873]]"
adi	mɲn-	-9.0879	"[[""mɲn-"", -9.0879], [""=mẽ"", -9.0909], [""si-"", -9.1032], [""mu-"", -9.1032], [""is-"", -9.1314], [""mar"", -9.3632], [""nur"", -9.3632], [""m̃mẽ"", -9.6941], [""m̃ma"", -9.6941], [""mel-"", -9.7733]]"
adik	mɲn-	-11.6953	"[[""mɲn-"", -11.6953], [""mu-"", -11.8206], [""si-"", -11.8206], [""nun͂-"", -11.867], [""is-"", -11.9546], [""m̃ma"", -12.166], [""m̃mẽ"", -12.166], [""=mẽ"", -12.1832], [""mla-"", -12.2061], [""mel-"", -12.2061]]"
adiki	nun͂-	-14.1858	"[[""nun͂-"", -14.1858], [""mɲn-"", -14.6175], [""mu-"", -14.7634], [""si-"", -14.7634], [""m̃ma"", -14.9964], [""m̃mẽ"", -14.9964], [""mla-"", -15.0225], [""mel-"", -15.0225], [""is-"", -15.0545], [""=mẽ"", -15.3908]]"
adikit	=mẽ	-13.3748	"[[""=mẽ"", -13.3748], [""mẽ"", -14.0349], [""se"", -14.0349], [""me"", -14.0349], [""ne"", -14.0349], [""m̃ma"", -14.5911], [""m̃mẽ"", -14.6032], [""Krɲna"", -15.1951], [""Arɲna"", -15.1951], [""Ssaxa"", -15.196]]"
adikite	nei	-14.033	"[[""nei"", -14.033], [""γarãi"", -16.108], [""trei"", -16.7723], [""Piɡrẽi"", -16.7838], [""=mẽ"", -16.8694], [""neni"", -17.3143], [""si"", -17.5288], [""ni"", -17.5288], [""ne"", -17.5297], [""me"", -17.5297]]"
adikites	nei	-17.5402	"[[""nei"", -17.5402], [""γarãi"", -19.6149], [""m̃me/i-"", -19.7081], [""maxi-"", -20.1599], [""trei"", -20.2795], [""Piɡrẽi"", -20.2907], [""si-"", -20.3706], [""=mẽ"", -20.3764], [""s(ije)-"", -20.632], [""neni"", -20.7962]]"
adikitesi	nei	-21.0474	"[[""nei"", -21.0474], [""m̃me/i-"", -22.5153], [""s(ije)-"", -22.9106], [""maxi-"", -22.9829], [""γarãi"", -23.1216], [""si-"", -23.201], [""m̃mẽt(i)-"", -23.4164], [""trei"", -23.7866], [""Piɡrẽi"", -23.7973], [""=mẽ"", -23.8834]]"
adikitesir	nei	-24.5545	"[[""nei"", -24.5545], [""s(ije)-"", -25.5817], [""m̃me/i-"", -25.5932], [""m̃mẽt(i)-"", -25.8702], [""maxi-"", -26.0792], [""m̃mai(je)-"", -26.2247], [""si-"", -26.3086], [""γarãi"", -26.6283], [""nele(/i)-"", -26.692], [""win(i)-"", -27.0181]]"
adikitet	nei	-17.5393	"[[""nei"", -17.5393], [""mmaite"", -19.0908], [""Ssaxa"", -19.4845], [""Ssewa"", -19.4899], [""γarãi"", -19.6097], [""=mẽ"", -19.687], [""m̃me/i-"", -19.7076], [""meipẽme"", -19.8427], [""Ssepije"", -20.0252], [""sãma"", -20.1186]]"
adikitete	nei	-19.9469	"[[""nei"", -19.9469], [""γarãi"", -21.0585], [""Piɡrẽi"", -21.6544], [""m̃me/i-"", -22.2448], [""mmaite"", -22.4881], [""s(ije)-"", -22.6591], [""trei"", -22.6755], [""mara-"", -22.8226], [""neni"", -22.8248], [""Hutsetẽi"", -22.8421]]"
adikiteter	m̃me/i-	-23.0102	"[[""m̃me/i-"", -23.0102], [""nei"", -23.4544], [""m̃mai(je)-"", -23.6523], [""nere/i-"", -23.9572], [""nẽne/i-"", -23.9572], [""s(ije)-"", -24.2637], [""nure/i-"", -24.3217], [""side/i-"", -24.3696], [""γarãi"", -24.5657], [""ma-(ti)"", -24.9526]]"
adikitu	=mẽ	-16.8819	"[[""=mẽ"", -16.8819], [""mẽ"", -17.5421], [""me"", -17.5421], [""se"", -17.5421], [""ne"", -17.5421], [""m̃ma"", -18.0827], [""m̃mẽ"", -18.0945], [""Isɲta-"", -18.2567], [""mara-"", -18.5097], [""Ssaxa"", -18.5219]]"
adikituj	=mẽ	-20.3889	"[[""=mẽ"", -20.3889], [""s(ije)-"", -20.6744], [""se"", -21.0493], [""ne"", -21.0493], [""me"", -21.0493], [""mẽ"", -21.0493], [""Isɲta-"", -21.0832], [""mara-"", -21.2586], [""maxa-"", -21.4267], [""nele₁"", -21.439]]"
adikituja	s(ije)-	-23.1344	"[[""s(ije)-"", -23.1344], [""=mẽ"", -23.8958], [""Isɲta-"", -24.1886], [""mara-"", -24.2902], [""maxa-"", -24.4451], [""nele₁"", -24.4575], [""nele₂"", -24.4575], [""ne"", -24.5565], [""me"", -24.5565], [""se"", -24.5565]]"
adikitujas	s(ije)-	-25.9647	"[[""s(ije)-"", -25.9647], [""=mẽ"", -27.4028], [""Isɲta-"", -27.4094], [""mara-"", -27.4412], [""maxa-"", -27.5847], [""nele₂"", -27.597], [""nele₁"", -27.597], [""ma-(ti)"", -27.73], [""m̃me/i-"", -27.7847], [""sɲne-"", -27.8574]]"
aea	is-	-9.1032	"[[""is-"", -9.1032], [""si-"", -9.1314], [""xi-"", -9.1314], [""ti-"", -9.1314], [""=ti"", -9.3279], [""iwe-"", -9.7611], [""ije"", -9.7742], [""ite"", -9.7742], [""tsi-"", -9.7766], [""iða"", -9.7806]]"
aead	is-	-10.2797	"[[""is-"", -10.2797], [""es"", -11.1406], [""si-"", -11.8333], [""ti-"", -11.9546], [""xi-"", -11.9546], [""ijãnis"", -12.1181], [""miren"", -12.1367], [""=mẽ"", -12.1869], [""iwe-"", -12.1979], [""Mitsu"", -12.4353]]"
aeadi	is-	-9.8638	"[[""is-"", -9.8638], [""ijas-"", -12.6278], [""tis-"", -12.6339], [""es"", -14.6461], [""si-"", -14.7706], [""iwe-"", -15.0163], [""=mẽ"", -15.0287], [""xi-"", -15.0545], [""ti-"", -15.0545], [""Mitsu"", -15.2747]]"
aeadik	is-	-12.6882	"[[""is-"", -12.6882], [""ijas-"", -15.4512], [""tis-"", -15.4584], [""si-"", -17.8358], [""iwe-"", -18.0107], [""win(i)-"", -18.092], [""mɲn-"", -18.1115], [""=mẽ"", -18.1367], [""es"", -18.1516], [""nun͂-"", -18.1822]]"
aeadiki	is-	-15.7938	"[[""is-"", -15.7938], [""ijas-"", -18.5551], [""tis-"", -18.5639], [""win(i)-"", -20.1296], [""nun͂-"", -20.5729], [""si-"", -20.9817], [""iwe-"", -21.1079], [""mɲn-"", -21.1126], [""səm.ma"", -21.2379], [""kəm.me"", -21.2623]]"
aeadikit	is-	-19.0154	"[[""is-"", -19.0154], [""=mẽ"", -19.3093], [""itsre"", -20.179], [""ijãna"", -20.2785], [""tise"", -20.3092], [""pise"", -20.3092], [""səm.ma"", -20.7836], [""kəm.me"", -20.8183], [""Arɲna"", -20.9423], [""Krɲna"", -20.9423]]"
aeadikite	Piɡrẽi	-19.532	"[[""Piɡrẽi"", -19.532], [""nei"", -21.0473], [""γarãi"", -21.7412], [""is-"", -22.3008], [""=mẽ"", -22.804], [""trei"", -23.1174], [""Tuminexi"", -23.6132], [""itsre"", -23.6725], [""Putinetsi"", -23.7776], [""ijãna"", -23.7829]]"
aeadikitet	Piɡrẽi	-23.0382	"[[""Piɡrẽi"", -23.0382], [""nei"", -24.5536], [""inaxe/i-"", -25.0355], [""γarãi"", -25.2459], [""Ssaxa"", -25.4189], [""Ssewa"", -25.4243], [""=mẽ"", -25.6249], [""is-"", -25.6266], [""itsre/i-"", -25.6403], [""(†)sernitẽ"", -25.6887]]"
aid	=mẽ	-9.0981	"[[""=mẽ"", -9.0981], [""mar"", -9.3539], [""nur"", -9.3539], [""as"", -9.3933], [""es"", -9.3933], [""si-"", -10.3196], [""mu-"", -10.3196], [""si"", -10.4301], [""mẽ"", -10.4301], [""ni"", -10.4301]]"
aida	=mẽ	-11.9271	"[[""=mẽ"", -11.9271], [""mɲn-"", -12.1883], [""is-"", -12.2188], [""mu-"", -12.5661], [""si-"", -12.5661], [""nur"", -12.5757], [""mar"", -12.5757], [""tis-"", -12.5904], [""ter-"", -12.5904], [""es"", -12.8904]]"
aidaa	mɲn-	-14.8637	"[[""mɲn-"", -14.8637], [""nun͂-"", -14.9723], [""=mẽ"", -15.0292], [""is-"", -15.052], [""mu-"", -15.3009], [""si-"", -15.3009], [""ter-"", -15.4141], [""tis-"", -15.4141], [""m̃mẽ"", -15.6048], [""m̃ma"", -15.6048]]"
aidaau	nun͂-	-17.3363	"[[""nun͂-"", -17.3363], [""mɲn-"", -17.8354], [""is-"", -18.157], [""=mẽ"", -18.2452], [""mu-"", -18.2515], [""si-"", -18.2515], [""m̃ma"", -18.457], [""m̃mẽ"", -18.457], [""ter-"", -18.5181], [""tis-"", -18.5181]]"
aidaj	mɲn-	-14.8637	"[[""mɲn-"", -14.8637], [""nun͂-"", -14.9723], [""=mẽ"", -15.0292], [""is-"", -15.052], [""mu-"", -15.3009], [""si-"", -15.3009], [""ter-"", -15.4141], [""tis-"", -15.4141], [""m̃mẽ"", -15.6048], [""m̃ma"", -15.6048]]"
aidaja	nun͂-	-17.3363	"[[""nun͂-"", -17.3363], [""mɲn-"", -17.8354], [""is-"", -18.157], [""=mẽ"", -18.2452], [""mu-"", -18.2515], [""si-"", -18.2515], [""m̃ma"", -18.457], [""m̃mẽ"", -18.457], [""ter-"", -18.5181], [""tis-"", -18.5181]]"
aidajas	nun͂-	-20.0748	"[[""nun͂-"", -20.0748], [""mɲn-"", -20.9365], [""si-"", -21.3236], [""mu-"", -21.3236], [""is-"", -21.3758], [""m̃mẽ"", -21.4689], [""m̃ma"", -21.4689], [""mla-"", -21.5193], [""mel-"", -21.5193], [""=mẽ"", -21.5242]]"
aij	Jaɲ	-11.5351	"[[""Jaɲ"", -11.5351], [""=pe"", -11.5351], [""=mẽ"", -11.5351], [""=ti"", -11.5351], [""=be"", -11.5351], [""=de"", -11.5351], [""is-"", -12.1474], [""mu-"", -12.1474], [""xb-"", -12.1474], [""xa-"", -12.1474]]"
aija	=be	-14.5247	"[[""=be"", -14.5247], [""=ti"", -14.5247], [""=mẽ"", -14.5247], [""Jaɲ"", -14.5247], [""=de"", -14.5247], [""=pe"", -14.5247], [""ax-"", -14.9765], [""xb-"", -14.9765], [""mu-"", -14.9765], [""is-"", -14.9765]]"
ain	Jaɲ	-11.5351	"[[""Jaɲ"", -11.5351], [""=pe"", -11.5351], [""=mẽ"", -11.5351], [""=ti"", -11.5351], [""=be"", -11.5351], [""=de"", -11.5351], [""is-"", -12.1474], [""mu-"", -12.1474], [""xb-"", -12.1474], [""xa-"", -12.1474]]"
aina	=be	-14.5247	"[[""=be"", -14.5247], [""=ti"", -14.5247], [""=mẽ"", -14.5247], [""Jaɲ"", -14.5247], [""=de"", -14.5247], [""=pe"", -14.5247], [""ax-"", -14.9765], [""xb-"", -14.9765], [""mu-"", -14.9765], [""is-"", -14.9765]]"
ainaj	=be	-17.6191	"[[""=be"", -17.6191], [""=ti"", -17.6191], [""=pe"", -17.6191], [""=de"", -17.6191], [""=mẽ"", -17.6191], [""Jaɲ"", -17.6191], [""si-"", -17.9765], [""ti-"", -17.9765], [""mu-"", -17.9765], [""ad-"", -17.9765]]"
ainaja	=be	-20.7824	"[[""=be"", -20.7824], [""=mẽ"", -20.7824], [""=de"", -20.7824], [""Jaɲ"", -20.7824], [""=ti"", -20.7824], [""=pe"", -20.7824], [""xb-"", -21.0773], [""ad-"", -21.0773], [""xa-"", -21.0773], [""ti-"", -21.0773]]"
ainajar	=pe	-23.9944	"[[""=pe"", -23.9944], [""=be"", -23.9944], [""=ti"", -23.9944], [""=mẽ"", -23.9944], [""Jaɲ"", -23.9944], [""=de"", -23.9944], [""ad-"", -24.2448], [""ti-"", -24.2448], [""is-"", -24.2448], [""mu-"", -24.2448]]"
ainajare	=ti	-23.9332	"[[""=ti"", -23.9332], [""Puwẽi"", -25.6583], [""γarãi"", -25.6603], [""ai"", -25.9512], [""ni"", -25.9512], [""ti"", -25.9512], [""si"", -25.9512], [""eri"", -25.9649], [""epi"", -25.9649], [""eti"", -25.9649]]"
ainajaret	(†)pẽnẽ	-26.3672	"[[""(†)pẽnẽ"", -26.3672], [""=we / =uwe"", -26.7316], [""Pubiele"", -26.7679], [""Tele"", -26.993], [""=ewẽ"", -26.993], [""Masa"", -27.0495], [""xe/i-"", -27.089], [""=pe"", -27.2064], [""=be"", -27.2064], [""=mẽ"", -27.2064]]"
ainajareta	(†)pẽnẽ	-29.6768	"[[""(†)pẽnẽ"", -29.6768], [""Pubiele"", -29.8647], [""ux(i)-"", -29.8761], [""xe/i-"", -29.9092], [""=we / =uwe"", -30.2263], [""eb(e)"", -30.2877], [""Tele"", -30.3474], [""=ewẽ"", -30.3474], [""Masa"", -30.3955], [""ite(/i)-"", -30.5415]]"
ainw	Jaɲ	-11.3218	"[[""Jaɲ"", -11.3218], [""Tlax"", -11.5285], [""=pe"", -12.1927], [""=be"", -12.1927], [""=ti"", -12.1927], [""=de"", -12.1927], [""wex"", -12.5619], [""epɲ"", -12.7965], [""app"", -12.7965], [""alb"", -12.8319]]"
ainwa	Jaɲ	-14.8093	"[[""Jaɲ"", -14.8093], [""=ti"", -15.0316], [""=pe"", -15.0316], [""=de"", -15.0316], [""=be"", -15.0316], [""Tlax"", -15.032], [""xb-"", -15.0351], [""xɲt-"", -15.3448], [""xtt-"", -15.3448], [""wex-"", -15.3988]]"
ainwaz	qal	-16.723	"[[""qal"", -16.723], [""kʷla-"", -16.7743], [""kʷla"", -16.7832], [""xla-"", -17.3377], [""tla"", -17.4435], [""hla"", -17.4435], [""xla"", -17.4435], [""xb-"", -17.8333], [""Tlax"", -17.9529], [""xtt-"", -18.0575]]"
ainwaza	kʷla-	-18.9453	"[[""kʷla-"", -18.9453], [""xla-"", -19.5804], [""kʷla"", -19.5987], [""tlle-"", -20.1693], [""qal"", -20.2162], [""xla"", -20.2873], [""tla"", -20.2873], [""hla"", -20.2873], [""xb-"", -20.8798], [""xɲt-"", -21.0552]]"
ainwazaΦ	kʷla-	-21.6521	"[[""kʷla-"", -21.6521], [""xla-"", -22.3141], [""tlle-"", -22.6331], [""kʷla"", -22.6915], [""hla"", -23.3995], [""xla"", -23.3995], [""tla"", -23.3995], [""qal"", -23.7092], [""xb-"", -24.0378], [""xɲtla-"", -24.0888]]"
ainwazaΦn	kʷla-	-24.5845	"[[""kʷla-"", -24.5845], [""xla-"", -25.2642], [""tlle-"", -25.4607], [""kʷla"", -25.8994], [""kʷl-/tel-"", -26.6128], [""tla"", -26.6245], [""hla"", -26.6245], [""xla"", -26.6245], [""xal(i)-"", -26.9918], [""xle/i-"", -27.0145]]"
ainwazaΦni	kʷla-	-27.6419	"[[""kʷla-"", -27.6419], [""xla-"", -28.336], [""tlle-"", -28.4598], [""kʷl-/tel-"", -28.956], [""kʷla"", -29.1707], [""xal(i)-"", -29.4736], [""xle/i-"", -29.7756], [""hla"", -29.912], [""xla"", -29.912], [""tla"", -29.912]]"
aiΘ	Jaɲ	-11.5351	"[[""Jaɲ"", -11.5351], [""=pe"", -11.5351], [""=mẽ"", -11.5351], [""=ti"", -11.5351], [""=be"", -11.5351], [""=de"", -11.5351], [""is-"", -12.1474], [""mu-"", -12.1474], [""xb-"", -12.1474], [""xa-"", -12.1474]]"
aiΘt	Masa	-11.1374	"[[""Masa"", -11.1374], [""Tele"", -11.1499], [""=ewẽ"", -11.1499], [""=pe"", -11.3338], [""=be"", -11.3338], [""=de"", -11.3338], [""=mẽ"", -11.3338], [""Mula"", -11.5285], [""Iuba"", -11.5285], [""Jaɲ"", -12.1927]]"
aiΘti	Masa	-14.3556	"[[""Masa"", -14.3556], [""Tele"", -14.3681], [""=ewẽ"", -14.3681], [""=de"", -14.8211], [""=be"", -14.8211], [""=mẽ"", -14.8211], [""=pe"", -14.8211], [""eb(e)"", -14.9867], [""Jaɲ"", -15.0316], [""Iuba"", -15.032]]"
aiΘtij	Masa	-17.6329	"[[""Masa"", -17.6329], [""=ewẽ"", -17.6453], [""Tele"", -17.6453], [""eb(e)"", -17.7921], [""ada-"", -18.1115], [""Jaɲ"", -18.1387], [""xa-"", -18.2656], [""=de"", -18.3044], [""=pe"", -18.3044], [""=mẽ"", -18.3044]]"
aiΘtija	eb(e)	-20.8678	"[[""eb(e)"", -20.8678], [""Masa"", -20.9483], [""=ewẽ"", -20.9607], [""Tele"", -20.9607], [""ada-"", -21.1126], [""Jaɲ"", -21.3586], [""xa-"", -21.3746], [""tsa-"", -21.6114], [""dda-"", -21.6114], [""xla-"", -21.6114]]"
aiΘtijas	eb(e)	-24.0486	"[[""eb(e)"", -24.0486], [""ada-"", -24.2375], [""Masa"", -24.2903], [""=ewẽ"", -24.3026], [""Tele"", -24.3026], [""xa-"", -24.5959], [""Jaɲ"", -24.6409], [""ad-"", -24.8135], [""ax-"", -24.8135], [""mla-"", -24.8318]]"
aiΘtijasa	eb(e)	-27.2817	"[[""eb(e)"", -27.2817], [""ada-"", -27.4331], [""kʷa-(ti)"", -27.5822], [""Masa"", -27.6519], [""=ewẽ"", -27.6643], [""Tele"", -27.6643], [""xa-"", -27.8797], [""Jaɲ"", -27.9629], [""ad-"", -27.9671], [""ax-"", -27.9671]]"
aiΘtijasas	kʷa-(ti)	-30.2739	"[[""kʷa-(ti)"", -30.2739], [""eb(e)"", -30.544], [""ada-"", -30.6751], [""ite(/i)-"", -30.6892], [""Masa"", -31.0287], [""Tele"", -31.041], [""=ewẽ"", -31.041], [""ax-"", -31.1738], [""ad-"", -31.1738], [""xa-"", -31.2031]]"
aiΘu	=be	-14.5247	"[[""=be"", -14.5247], [""=ti"", -14.5247], [""=mẽ"", -14.5247], [""Jaɲ"", -14.5247], [""=de"", -14.5247], [""=pe"", -14.5247], [""ax-"", -14.9765], [""xb-"", -14.9765], [""mu-"", -14.9765], [""is-"", -14.9765]]"
aiΘuj	=be	-17.6191	"[[""=be"", -17.6191], [""=ti"", -17.6191], [""=pe"", -17.6191], [""=de"", -17.6191], [""=mẽ"", -17.6191], [""Jaɲ"", -17.6191], [""si-"", -17.9765], [""ti-"", -17.9765], [""mu-"", -17.9765], [""ad-"", -17.9765]]"
aiΘuja	=be	-20.7824	"[[""=be"", -20.7824], [""=mẽ"", -20.7824], [""=de"", -20.7824], [""Jaɲ"", -20.7824], [""=ti"", -20.7824], [""=pe"", -20.7824], [""xb-"", -21.0773], [""ad-"", -21.0773], [""xa-"", -21.0773], [""ti-"", -21.0773]]"
aiΘut	Masa	-14.1963	"[[""Masa"", -14.1963], [""=ewẽ"", -14.2087], [""Tele"", -14.2087], [""=be"", -14.3779], [""=mẽ"", -14.3779], [""=de"", -14.3779], [""=pe"", -14.3779], [""Iuba"", -14.5179], [""Mula"", -14.5179], [""Jaɲ"", -15.4014]]"
aiΘuti	Masa	-17.453	"[[""Masa"", -17.453], [""Tele"", -17.4654], [""=ewẽ"", -17.4654], [""eb(e)"", -17.826], [""=pe"", -17.87], [""=de"", -17.87], [""=be"", -17.87], [""=mẽ"", -17.87], [""Mula"", -18.0222], [""Iuba"", -18.0222]]"
aiΘutin	eb(e)	-20.6409	"[[""eb(e)"", -20.6409], [""Masa"", -20.7547], [""=ewẽ"", -20.7671], [""Tele"", -20.7671], [""=be"", -21.3596], [""=mẽ"", -21.3596], [""=de"", -21.3596], [""=pe"", -21.3596], [""Jaɲ"", -21.3598], [""ada-"", -21.4073]]"
aiΘutinu	eb(e)	-23.7308	"[[""eb(e)"", -23.7308], [""Masa"", -24.087], [""Tele"", -24.0994], [""=ewẽ"", -24.0994], [""ada-"", -24.428], [""Jaɲ"", -24.5822], [""xa-"", -24.6554], [""xla-"", -24.8194], [""tsa-"", -24.8194], [""mla-"", -24.8194]]"
aiΘutinuj	eb(e)	-26.9305	"[[""eb(e)"", -26.9305], [""Masa"", -27.4414], [""=ewẽ"", -27.4538], [""Tele"", -27.4538], [""ada-"", -27.5693], [""Jaɲ"", -27.8666], [""xa-"", -27.8789], [""xla-"", -28.0404], [""tsa-"", -28.0404], [""dda-"", -28.0404]]"
aiΘutinuja	eb(e)	-30.1874	"[[""eb(e)"", -30.1874], [""kʷa-(ti)"", -30.6204], [""ada-"", -30.779], [""Masa"", -30.8127], [""=ewẽ"", -30.825], [""Tele"", -30.825], [""s(ije)-"", -31.0473], [""xa-"", -31.1643], [""Jaɲ"", -31.1905], [""ite(/i)-"", -31.3118]]"
aiΘw	Jaɲ	-11.3218	"[[""Jaɲ"", -11.3218], [""Tlax"", -11.5285], [""=pe"", -12.1927], [""=be"", -12.1927], [""=ti"", -12.1927], [""=de"", -12.1927], [""wex"", -12.5619], [""epɲ"", -12.7965], [""app"", -12.7965], [""alb"", -12.8319]]"
aiΘwa	Jaɲ	-14.8093	"[[""Jaɲ"", -14.8093], [""=ti"", -15.0316], [""=pe"", -15.0316], [""=de"", -15.0316], [""=be"", -15.0316], [""Tlax"", -15.032], [""xb-"", -15.0351], [""xɲt-"", -15.3448], [""xtt-"", -15.3448], [""wex-"", -15.3988]]"
aiΘwae	=ti	-12.2867	"[[""=ti"", -12.2867], [""ti"", -14.0243], [""pibi"", -15.6721], [""kiki"", -15.6721], [""tti"", -15.7039], [""kbi"", -15.7039], [""xɲti"", -15.8012], [""tewi"", -15.8439], [""kebi"", -15.8439], [""tedi"", -15.8439]]"
aiΘwaea	=ti	-15.7939	"[[""=ti"", -15.7939], [""ti-"", -16.8779], [""xi-"", -16.8779], [""ti"", -17.5315], [""ti-(ti)"", -18.6937], [""xa-(ti)"", -18.7067], [""pu-(di)"", -18.7067], [""ta-(di)"", -18.7067], [""da-(di)"", -18.7067], [""xa-(di)"", -18.7067]]"
aiΘwaead	=ti	-19.301	"[[""=ti"", -19.301], [""ti-"", -19.7025], [""xi-"", -19.7025], [""tis-"", -20.7931], [""pise"", -20.9474], [""tise"", -20.9474], [""ti"", -21.0387], [""ux(i)-"", -21.073], [""ti-(ti)"", -21.4781], [""da-(di)"", -21.5286]]"
aiΘwaeadi	tis-	-20.3824	"[[""tis-"", -20.3824], [""ti-"", -22.8081], [""xi-"", -22.8081], [""=ti"", -22.8082], [""ux(i)-"", -23.5288], [""kəm.me"", -23.6835], [""tise"", -23.7915], [""pise"", -23.7915], [""is-"", -23.8919], [""ebuθis-"", -24.202]]"
aiΘwaeadik	tis-	-23.207	"[[""tis-"", -23.207], [""win(i)-"", -25.7319], [""ti-"", -26.0297], [""xi-"", -26.0297], [""kəm.me"", -26.1728], [""=ti"", -26.3153], [""ux(i)-"", -26.3582], [""is-"", -26.7167], [""tise"", -26.9037], [""pise"", -26.9037]]"
aiΘwaj	xb-	-17.8333	"[[""xb-"", -17.8333], [""xtt-"", -18.0575], [""xɲt-"", -18.0575], [""tub-"", -18.1115], [""wex-"", -18.1115], [""=pe"", -18.1387], [""=de"", -18.1387], [""=ti"", -18.1387], [""=be"", -18.1387], [""ad-"", -18.2656]]"
aiΘwaja	xb-	-20.8798	"[[""xb-"", -20.8798], [""xɲt-"", -21.0552], [""xtt-"", -21.0552], [""wex-"", -21.1126], [""tub-"", -21.1126], [""=pe"", -21.3586], [""=de"", -21.3586], [""=ti"", -21.3586], [""=be"", -21.3586], [""ax-"", -21.3746]]"
aiΘwajaa	xb-	-24.0378	"[[""xb-"", -24.0378], [""xtt-"", -24.1768], [""xɲt-"", -24.1768], [""wex-"", -24.2375], [""tub-"", -24.2375], [""kʷla-"", -24.328], [""ax-"", -24.5959], [""ad-"", -24.5959], [""=ti"", -24.6409], [""=be"", -24.6409]]"
aiΘwajaad	kʷãn	-24.8376	"[[""kʷãn"", -24.8376], [""trus"", -26.1772], [""t͡seus"", -26.8379], [""Arɲnas"", -26.9122], [""(†)pẽnẽ"", -27.1432], [""kʷla-"", -27.1588], [""xb-"", -27.2605], [""trm̃mis"", -27.3567], [""xtt-"", -27.3694], [""xɲt-"", -27.3694]]"
aiΘwajaadi	kʷãn	-28.3306	"[[""kʷãn"", -28.3306], [""kʷexn͂n-"", -28.8228], [""tem-/m̃m-"", -28.8325], [""pddeːn-"", -28.8505], [""tsas-"", -29.0138], [""xber-"", -29.0783], [""ter-"", -29.1357], [""tis-"", -29.1357], [""mɲn-"", -29.4393], [""trus"", -29.5336]]"
aiΘwajaaj	kʷla-	-27.1588	"[[""kʷla-"", -27.1588], [""xb-"", -27.2605], [""xtt-"", -27.3694], [""xɲt-"", -27.3694], [""tub-"", -27.4331], [""wex-"", -27.4331], [""ad-"", -27.8797], [""ax-"", -27.8797], [""=ti"", -27.9629], [""=de"", -27.9629]]"
aiΘwajaaja	kʷla-	-30.1138	"[[""kʷla-"", -30.1138], [""xb-"", -30.5261], [""xɲt-"", -30.6089], [""xtt-"", -30.6089], [""wex-"", -30.6751], [""tub-"", -30.6751], [""kb-/tu-"", -30.8827], [""ux(i)-"", -30.8913], [""dda-"", -31.1662], [""θθe-"", -31.1662]]"
aiΘwajaj	xb-	-24.0378	"[[""xb-"", -24.0378], [""xtt-"", -24.1768], [""xɲt-"", -24.1768], [""wex-"", -24.2375], [""tub-"", -24.2375], [""kʷla-"", -24.328], [""ax-"", -24.5959], [""ad-"", -24.5959], [""=ti"", -24.6409], [""=be"", -24.6409]]"
aiΘwajaja	kʷla-	-27.1588	"[[""kʷla-"", -27.1588], [""xb-"", -27.2605], [""xtt-"", -27.3694], [""xɲt-"", -27.3694], [""tub-"", -27.4331], [""wex-"", -27.4331], [""ad-"", -27.8797], [""ax-"", -27.8797], [""=ti"", -27.9629], [""=de"", -27.9629]]"
aiΘwajajaa	kʷla-	-30.1138	"[[""kʷla-"", -30.1138], [""xb-"", -30.5261], [""xɲt-"", -30.6089], [""xtt-"", -30.6089], [""wex-"", -30.6751], [""tub-"", -30.6751], [""kb-/tu-"", -30.8827], [""ux(i)-"", -30.8913], [""dda-"", -31.1662], [""θθe-"", -31.1662]]"
aiΘwajajad	kʷãn	-27.9856	"[[""kʷãn"", -27.9856], [""trus"", -29.5168], [""t͡seus"", -29.8579], [""kʷla-"", -30.1138], [""Arɲnas"", -30.2358], [""(†)pẽnẽ"", -30.3159], [""trm̃mis"", -30.349], [""xb-"", -30.5261], [""xtt-"", -30.6089], [""xɲt-"", -30.6089]]"
aiΘwajajai	kʷla-	-30.1138	"[[""kʷla-"", -30.1138], [""xb-"", -30.5261], [""xɲt-"", -30.6089], [""xtt-"", -30.6089], [""wex-"", -30.6751], [""tub-"", -30.6751], [""kb-/tu-"", -30.8827], [""ux(i)-"", -30.8913], [""dda-"", -31.1662], [""θθe-"", -31.1662]]"
aiΘwajajaj	kʷla-	-30.1138	"[[""kʷla-"", -30.1138], [""xb-"", -30.5261], [""xɲt-"", -30.6089], [""xtt-"", -30.6089], [""wex-"", -30.6751], [""tub-"", -30.6751], [""kb-/tu-"", -30.8827], [""ux(i)-"", -30.8913], [""dda-"", -31.1662], [""θθe-"", -31.1662]]"
aiΘwajajas	kʷla-	-30.1138	"[[""kʷla-"", -30.1138], [""xb-"", -30.5261], [""xɲt-"", -30.6089], [""xtt-"", -30.6089], [""wex-"", -30.6751], [""tub-"", -30.6751], [""kb-/tu-"", -30.8827], [""ux(i)-"", -30.8913], [""dda-"", -31.1662], [""θθe-"", -31.1662]]"
aiΘwajas	xb-	-24.0378	"[[""xb-"", -24.0378], [""xtt-"", -24.1768], [""xɲt-"", -24.1768], [""wex-"", -24.2375], [""tub-"", -24.2375], [""kʷla-"", -24.328], [""ax-"", -24.5959], [""ad-"", -24.5959], [""=ti"", -24.6409], [""=be"", -24.6409]]"
aiΘwajase	=ti	-22.8015	"[[""=ti"", -22.8015], [""ti"", -24.5432], [""Axkʷkʷadi"", -25.4266], [""pibi"", -25.7703], [""kiki"", -25.7703], [""xɲti"", -25.813], [""kbi"", -25.8134], [""tti"", -25.8134], [""kebi"", -25.8793], [""tedi"", -25.8793]]"
aiΘwajasek	=ti	-26.3087	"[[""=ti"", -26.3087], [""xi-"", -27.3845], [""ti-"", -27.3845], [""xe/i-"", -27.6591], [""xle/i-"", -27.8685], [""ti"", -28.0504], [""kʷa-(ti)"", -28.5102], [""ti-(ti)"", -28.5518], [""xa-(di)"", -28.5585], [""pu-(di)"", -28.5585]]"
aiΘwajat	=be	-19.3093	"[[""=be"", -19.3093], [""=de"", -19.3093], [""=pe"", -19.3093], [""(†)pẽnẽ"", -20.727], [""Tbuwe"", -20.9548], [""da"", -21.0369], [""ta"", -21.0369], [""pe"", -21.0494], [""ke"", -21.0494], [""kʷaja"", -21.586]]"
aiΘwajatu	=pe	-22.8165	"[[""=pe"", -22.8165], [""=be"", -22.8165], [""=de"", -22.8165], [""xa-"", -23.8832], [""(†)pẽnẽ"", -24.0501], [""eb(e)"", -24.2345], [""Tbuwe"", -24.4607], [""ta"", -24.5441], [""da"", -24.5441], [""pe"", -24.5566]]"
aiΘwajatur	=pe	-26.3236	"[[""=pe"", -26.3236], [""=de"", -26.3236], [""=be"", -26.3236], [""xa-"", -26.7114], [""eb(e)"", -27.0594], [""(†)pẽnẽ"", -27.3975], [""kʷla-"", -27.4193], [""Isɲta-"", -27.5639], [""Tbuwe"", -27.9664], [""xawa-"", -27.9987]]"
aja	Jaɲ	-11.5351	"[[""Jaɲ"", -11.5351], [""=pe"", -11.5351], [""=mẽ"", -11.5351], [""=ti"", -11.5351], [""=be"", -11.5351], [""=de"", -11.5351], [""is-"", -12.1474], [""mu-"", -12.1474], [""xb-"", -12.1474], [""xa-"", -12.1474]]"
ajaa	=be	-14.5247	"[[""=be"", -14.5247], [""=ti"", -14.5247], [""=mẽ"", -14.5247], [""Jaɲ"", -14.5247], [""=de"", -14.5247], [""=pe"", -14.5247], [""ax-"", -14.9765], [""xb-"", -14.9765], [""mu-"", -14.9765], [""is-"", -14.9765]]"
ajaad	=mẽ	-15.4014	"[[""=mẽ"", -15.4014], [""nur"", -15.8337], [""mar"", -15.8337], [""as"", -15.898], [""es"", -15.898], [""Arɲnas"", -16.731], [""kʷãn"", -16.8777], [""si-"", -17.0238], [""mu-"", -17.0238], [""(†)pẽnẽ"", -17.1933]]"
ajaadi	=mẽ	-18.2489	"[[""=mẽ"", -18.2489], [""mɲn-"", -18.6706], [""is-"", -18.6931], [""ter-"", -18.8864], [""tis-"", -18.8864], [""nur"", -19.164], [""mar"", -19.164], [""as"", -19.3992], [""es"", -19.3992], [""si-"", -19.4562]]"
ajaadik	=mẽ	-21.3598	"[[""=mẽ"", -21.3598], [""mɲn-"", -21.4073], [""nun͂-"", -21.4499], [""is-"", -21.5432], [""ter-"", -21.7137], [""tis-"", -21.7137], [""mu-"", -22.2433], [""si-"", -22.2433], [""m̃ma"", -22.428], [""m̃mẽ"", -22.428]]"
ajaadiki	nun͂-	-23.86	"[[""nun͂-"", -23.86], [""mɲn-"", -24.428], [""=mẽ"", -24.5822], [""is-"", -24.6554], [""tis-"", -24.8194], [""ter-"", -24.8194], [""mu-"", -25.2166], [""si-"", -25.2166], [""m̃mẽ"", -25.336], [""m̃ma"", -25.336]]"
ajaadikit	=mẽ	-22.5315	"[[""=mẽ"", -22.5315], [""Krɲna"", -24.0811], [""Arɲna"", -24.0811], [""(†)pẽnẽ"", -24.2282], [""Ssaxa"", -24.3492], [""Ssewa"", -24.3516], [""m̃ma"", -24.3904], [""m̃mẽ"", -24.4027], [""mẽ"", -24.5566], [""me"", -24.5566]]"
ajaadikite	nei	-24.5546	"[[""nei"", -24.5546], [""γarãi"", -24.8102], [""Piɡrẽi"", -25.0323], [""=mẽ"", -26.0262], [""trei"", -26.4068], [""Hutsetẽi"", -26.8659], [""Puwẽi"", -27.2448], [""Isɲta-"", -27.409], [""Krɲna"", -27.5872], [""Arɲna"", -27.5872]]"
ajaaj	=be	-17.6191	"[[""=be"", -17.6191], [""=ti"", -17.6191], [""=pe"", -17.6191], [""=de"", -17.6191], [""=mẽ"", -17.6191], [""Jaɲ"", -17.6191], [""si-"", -17.9765], [""ti-"", -17.9765], [""mu-"", -17.9765], [""ad-"", -17.9765]]"
ajaaja	=be	-20.7824	"[[""=be"", -20.7824], [""=mẽ"", -20.7824], [""=de"", -20.7824], [""Jaɲ"", -20.7824], [""=ti"", -20.7824], [""=pe"", -20.7824], [""xb-"", -21.0773], [""ad-"", -21.0773], [""xa-"", -21.0773], [""ti-"", -21.0773]]"
ajad	=mẽ	-12.1927	"[[""=mẽ"", -12.1927], [""mar"", -12.5619], [""nur"", -12.5619], [""as"", -12.6134], [""es"", -12.6134], [""mu-"", -13.6825], [""si-"", -13.6825], [""Arɲnas"", -13.8226], [""me"", -13.9074], [""se"", -13.9074]]"
ajadi	=mẽ	-15.0316	"[[""=mẽ"", -15.0316], [""mɲn-"", -15.3988], [""is-"", -15.4237], [""tis-"", -15.681], [""ter-"", -15.681], [""mar"", -15.8501], [""nur"", -15.8501], [""mu-"", -16.0165], [""si-"", -16.0165], [""es"", -16.113]]"
ajadik	mɲn-	-18.1115	"[[""mɲn-"", -18.1115], [""=mẽ"", -18.1387], [""nun͂-"", -18.1822], [""is-"", -18.2656], [""ter-"", -18.5065], [""tis-"", -18.5065], [""si-"", -18.775], [""mu-"", -18.775], [""m̃mẽ"", -19.0238], [""m̃ma"", -19.0238]]"
ajadiki	nun͂-	-20.5729	"[[""nun͂-"", -20.5729], [""mɲn-"", -21.1126], [""=mẽ"", -21.3586], [""is-"", -21.3746], [""tis-"", -21.6114], [""ter-"", -21.6114], [""mu-"", -21.7358], [""si-"", -21.7358], [""m̃mẽ"", -21.9027], [""m̃ma"", -21.9027]]"
ajadikit	=mẽ	-19.3093	"[[""=mẽ"", -19.3093], [""Krɲna"", -20.9423], [""Arɲna"", -20.9423], [""se"", -21.0494], [""ne"", -21.0494], [""mẽ"", -21.0494], [""me"", -21.0494], [""Ssaxa"", -21.1281], [""Ssewa"", -21.1305], [""m̃ma"", -21.1312]]"
ajadikitu	=mẽ	-22.8165	"[[""=mẽ"", -22.8165], [""Isɲta-"", -24.1882], [""Krɲna"", -24.4483], [""Arɲna"", -24.4483], [""Ssaxa"", -24.4544], [""Ssewa"", -24.4585], [""mẽ"", -24.5566], [""me"", -24.5566], [""se"", -24.5566], [""ne"", -24.5566]]"
ajadikituj	=mẽ	-26.3236	"[[""=mẽ"", -26.3236], [""Isɲta-"", -27.0148], [""s(ije)-"", -27.682], [""Ssaxa"", -27.8045], [""Ssewa"", -27.8097], [""Krɲna"", -27.954], [""Arɲna"", -27.954], [""mara-"", -27.9987], [""ne"", -28.0637], [""mẽ"", -28.0637]]"
ajai	=be	-14.5247	"[[""=be"", -14.5247], [""=ti"", -14.5247], [""=mẽ"", -14.5247], [""Jaɲ"", -14.5247], [""=de"", -14.5247], [""=pe"", -14.5247], [""ax-"", -14.9765], [""xb-"", -14.9765], [""mu-"", -14.9765], [""is-"", -14.9765]]"
ajain	=be	-17.6191	"[[""=be"", -17.6191], [""=ti"", -17.6191], [""=pe"", -17.6191], [""=de"", -17.6191], [""=mẽ"", -17.6191], [""Jaɲ"", -17.6191], [""si-"", -17.9765], [""ti-"", -17.9765], [""mu-"", -17.9765], [""ad-"", -17.9765]]"
ajainw	Jaɲ	-17.5004	"[[""Jaɲ"", -17.5004], [""Tlax"", -17.6121], [""=ti"", -18.673], [""=be"", -18.673], [""=pe"", -18.673], [""=de"", -18.673], [""wex"", -19.146], [""epɲ"", -19.2816], [""app"", -19.2816], [""alb"", -19.3128]]"
ajainwa	Jaɲ	-20.9957	"[[""Jaɲ"", -20.9957], [""Tlax"", -21.1168], [""=ti"", -21.5286], [""=be"", -21.5286], [""=de"", -21.5286], [""=pe"", -21.5286], [""xb-"", -21.7356], [""(†)pẽnẽ"", -21.9101], [""xɲt-"", -21.9289], [""xtt-"", -21.9289]]"
ajainwaz	qal	-23.7069	"[[""qal"", -23.7069], [""kʷla-"", -23.7709], [""kʷla"", -23.7865], [""Tlax"", -24.2596], [""xla-"", -24.3472], [""hla"", -24.4573], [""xla"", -24.4573], [""tla"", -24.4573], [""Mutlẽi"", -24.4625], [""Jaɲ"", -24.4891]]"
ajainwaza	kʷla-	-25.9471	"[[""kʷla-"", -25.9471], [""xla-"", -26.5931], [""kʷla"", -26.6026], [""tlle-"", -27.1785], [""qal"", -27.2006], [""Mutlẽi"", -27.2653], [""tla"", -27.3014], [""xla"", -27.3014], [""hla"", -27.3014], [""kʷl-/tel-"", -27.3389]]"
ajainwazaΦ	kʷla-	-28.6551	"[[""kʷla-"", -28.6551], [""xla-"", -29.3276], [""tlle-"", -29.6441], [""kʷla"", -29.6957], [""kʷl-/tel-"", -30.0475], [""Mutlẽi"", -30.3538], [""hla"", -30.4137], [""tla"", -30.4137], [""xla"", -30.4137], [""qal"", -30.6941]]"
ajaj	=be	-14.5247	"[[""=be"", -14.5247], [""=ti"", -14.5247], [""=mẽ"", -14.5247], [""Jaɲ"", -14.5247], [""=de"", -14.5247], [""=pe"", -14.5247], [""ax-"", -14.9765], [""xb-"", -14.9765], [""mu-"", -14.9765], [""is-"", -14.9765]]"
ajaja	=be	-17.6191	"[[""=be"", -17.6191], [""=ti"", -17.6191], [""=pe"", -17.6191], [""=de"", -17.6191], [""=mẽ"", -17.6191], [""Jaɲ"", -17.6191], [""si-"", -17.9765], [""ti-"", -17.9765], [""mu-"", -17.9765], [""ad-"", -17.9765]]"
ajajaa	=be	-20.7824	"[[""=be"", -20.7824], [""=mẽ"", -20.7824], [""=de"", -20.7824], [""Jaɲ"", -20.7824], [""=ti"", -20.7824], [""=pe"", -20.7824], [""xb-"", -21.0773], [""ad-"", -21.0773], [""xa-"", -21.0773], [""ti-"", -21.0773]]"
ajajad	=mẽ	-18.673	"[[""=mẽ"", -18.673], [""nur"", -19.146], [""mar"", -19.146], [""as"", -19.2234], [""es"", -19.2234], [""(†)pẽnẽ"", -19.6634], [""Arɲnas"", -19.7396], [""kʷãn"", -19.8959], [""si-"", -20.3547], [""mu-"", -20.3547]]"
ajajadi	=mẽ	-21.5286	"[[""=mẽ"", -21.5286], [""mɲn-"", -21.9814], [""is-"", -22.0032], [""tis-"", -22.1551], [""ter-"", -22.1551], [""(†)pẽnẽ"", -22.4659], [""mar"", -22.5055], [""nur"", -22.5055], [""as"", -22.7256], [""es"", -22.7256]]"
ajajadik	=mẽ	-24.6428	"[[""=mẽ"", -24.6428], [""mɲn-"", -24.7353], [""nun͂-"", -24.7536], [""is-"", -24.8611], [""ter-"", -24.9843], [""tis-"", -24.9843], [""(†)pẽnẽ"", -25.5292], [""mu-"", -25.7065], [""si-"", -25.7065], [""m̃ma"", -25.822]]"
ajajadiki	nun͂-	-27.1803	"[[""nun͂-"", -27.1803], [""mɲn-"", -27.7701], [""=mẽ"", -27.8673], [""is-"", -27.9765], [""tis-"", -28.0908], [""ter-"", -28.0908], [""(†)pẽnẽ"", -28.6926], [""si-"", -28.6941], [""mu-"", -28.6941], [""xθθã(n)-"", -28.749]]"
ajajadikit	=mẽ	-25.8174	"[[""=mẽ"", -25.8174], [""(†)pẽnẽ"", -26.7317], [""Arɲna"", -27.2887], [""Krɲna"", -27.2887], [""Ssaxa"", -27.6339], [""Ssewa"", -27.6363], [""m̃ma"", -27.6605], [""m̃mẽ"", -27.6728], [""Masa"", -27.9617], [""mẽ"", -28.0638]]"
ajajai	=be	-20.7824	"[[""=be"", -20.7824], [""=mẽ"", -20.7824], [""=de"", -20.7824], [""Jaɲ"", -20.7824], [""=ti"", -20.7824], [""=pe"", -20.7824], [""xb-"", -21.0773], [""ad-"", -21.0773], [""xa-"", -21.0773], [""ti-"", -21.0773]]"
ajajain	=pe	-23.9944	"[[""=pe"", -23.9944], [""=be"", -23.9944], [""=ti"", -23.9944], [""=mẽ"", -23.9944], [""Jaɲ"", -23.9944], [""=de"", -23.9944], [""ad-"", -24.2448], [""ti-"", -24.2448], [""is-"", -24.2448], [""mu-"", -24.2448]]"
ajajainw	Jaɲ	-23.9332	"[[""Jaɲ"", -23.9332], [""Tlax"", -23.9865], [""(†)pẽnẽ"", -25.244], [""=ti"", -25.3242], [""=be"", -25.3242], [""=de"", -25.3242], [""=pe"", -25.3242], [""wex"", -25.8475], [""epɲ"", -25.9375], [""app"", -25.9375]]"
ajajainwa	Jaɲ	-27.4319	"[[""Jaɲ"", -27.4319], [""Tlax"", -27.4918], [""(†)pẽnẽ"", -27.6955], [""=pe"", -28.195], [""=ti"", -28.195], [""=de"", -28.195], [""=be"", -28.195], [""Trkʷkʷɲt"", -28.4483], [""xb-"", -28.499], [""kb-/tu-"", -28.6119]]"
ajajainwaz	(†)pẽnẽ	-30.5164	"[[""(†)pẽnẽ"", -30.5164], [""qal"", -30.6903], [""Tlax"", -30.7383], [""kʷla-"", -30.757], [""kʷla"", -30.7858], [""Mutlẽi"", -30.8983], [""Jaɲ"", -30.9294], [""Trkʷkʷɲt"", -31.1116], [""=pe"", -31.3153], [""=de"", -31.3153]]"
ajajaj	=be	-20.7824	"[[""=be"", -20.7824], [""=mẽ"", -20.7824], [""=de"", -20.7824], [""Jaɲ"", -20.7824], [""=ti"", -20.7824], [""=pe"", -20.7824], [""xb-"", -21.0773], [""ad-"", -21.0773], [""xa-"", -21.0773], [""ti-"", -21.0773]]"
ajajaja	=pe	-23.9944	"[[""=pe"", -23.9944], [""=be"", -23.9944], [""=ti"", -23.9944], [""=mẽ"", -23.9944], [""Jaɲ"", -23.9944], [""=de"", -23.9944], [""ad-"", -24.2448], [""ti-"", -24.2448], [""is-"", -24.2448], [""mu-"", -24.2448]]"
ajajas	=be	-20.7824	"[[""=be"", -20.7824], [""=mẽ"", -20.7824], [""=de"", -20.7824], [""Jaɲ"", -20.7824], [""=ti"", -20.7824], [""=pe"", -20.7824], [""xb-"", -21.0773], [""ad-"", -21.0773], [""xa-"", -21.0773], [""ti-"", -21.0773]]"
ajajasa	=pe	-23.9944	"[[""=pe"", -23.9944], [""=be"", -23.9944], [""=ti"", -23.9944], [""=mẽ"", -23.9944], [""Jaɲ"", -23.9944], [""=de"", -23.9944], [""ad-"", -24.2448], [""ti-"", -24.2448], [""is-"", -24.2448], [""mu-"", -24.2448]]"
ajajasas	Jaɲ	-27.2426	"[[""Jaɲ"", -27.2426], [""=de"", -27.2426], [""=pe"", -27.2426], [""=ti"", -27.2426], [""=mẽ"", -27.2426], [""=be"", -27.2426], [""(†)pẽnẽ"", -27.3885], [""ux(i)-"", -27.4466], [""ax-"", -27.4599], [""ad-"", -27.4599]]"
ajajasasa	(†)pẽnẽ	-30.2891	"[[""(†)pẽnẽ"", -30.2891], [""ux(i)-"", -30.3571], [""=mẽ"", -30.5191], [""=de"", -30.5191], [""Jaɲ"", -30.5191], [""=pe"", -30.5191], [""=be"", -30.5191], [""=ti"", -30.5191], [""ti-"", -30.7105], [""xi-"", -30.7105]]"
ajajasasar	(†)pẽnẽ	-33.2542	"[[""(†)pẽnẽ"", -33.2542], [""ux(i)-"", -33.3318], [""kb-/tu-"", -33.7632], [""as-(ti)"", -33.7632], [""ma-(ti)"", -33.7632], [""ta-(di)"", -33.7632], [""es-(ti)"", -33.7632], [""es-(di)"", -33.7632], [""da-(di)"", -33.7632], [""la-(ti)"", -33.7632]]"
ajajaw	Jaɲ	-17.5004	"[[""Jaɲ"", -17.5004], [""Tlax"", -17.6121], [""=ti"", -18.673], [""=be"", -18.673], [""=pe"", -18.673], [""=de"", -18.673], [""wex"", -19.146], [""epɲ"", -19.2816], [""app"", -19.2816], [""alb"", -19.3128]]"
ajajawa	Jaɲ	-20.9957	"[[""Jaɲ"", -20.9957], [""Tlax"", -21.1168], [""=ti"", -21.5286], [""=be"", -21.5286], [""=de"", -21.5286], [""=pe"", -21.5286], [""xb-"", -21.7356], [""(†)pẽnẽ"", -21.9101], [""xɲt-"", -21.9289], [""xtt-"", -21.9289]]"
ajar	=be	-14.5247	"[[""=be"", -14.5247], [""=ti"", -14.5247], [""=mẽ"", -14.5247], [""Jaɲ"", -14.5247], [""=de"", -14.5247], [""=pe"", -14.5247], [""ax-"", -14.9765], [""xb-"", -14.9765], [""mu-"", -14.9765], [""is-"", -14.9765]]"
ajare	=ti	-14.3659	"[[""=ti"", -14.3659], [""ni"", -15.898], [""ai"", -15.898], [""si"", -15.898], [""ti"", -15.898], [""ebi"", -16.0377], [""eti"", -16.0377], [""epi"", -16.0377], [""eni"", -16.0377], [""eli"", -16.0377]]"
ajaret	Tele	-17.2676	"[[""Tele"", -17.2676], [""=ewẽ"", -17.2676], [""Pubiele"", -17.3056], [""iða"", -17.3315], [""Masa"", -17.3396], [""ije"", -17.342], [""ite"", -17.342], [""iqta"", -17.4738], [""=mẽ"", -17.5042], [""=pe"", -17.5042]]"
ajareta	iwe-	-20.1698	"[[""iwe-"", -20.1698], [""Pubiele"", -20.4002], [""Tele"", -20.5684], [""=ewẽ"", -20.5684], [""ux(i)-"", -20.6213], [""Masa"", -20.6261], [""xe/i-"", -20.6335], [""eb(e)"", -20.7956], [""iða"", -20.8132], [""ije"", -20.8234]]"
ajas	=be	-14.5247	"[[""=be"", -14.5247], [""=ti"", -14.5247], [""=mẽ"", -14.5247], [""Jaɲ"", -14.5247], [""=de"", -14.5247], [""=pe"", -14.5247], [""ax-"", -14.9765], [""xb-"", -14.9765], [""mu-"", -14.9765], [""is-"", -14.9765]]"
ajasa	=be	-17.6191	"[[""=be"", -17.6191], [""=ti"", -17.6191], [""=pe"", -17.6191], [""=de"", -17.6191], [""=mẽ"", -17.6191], [""Jaɲ"", -17.6191], [""si-"", -17.9765], [""ti-"", -17.9765], [""mu-"", -17.9765], [""ad-"", -17.9765]]"
ajasas	=be	-20.7824	"[[""=be"", -20.7824], [""=mẽ"", -20.7824], [""=de"", -20.7824], [""Jaɲ"", -20.7824], [""=ti"", -20.7824], [""=pe"", -20.7824], [""xb-"", -21.0773], [""ad-"", -21.0773], [""xa-"", -21.0773], [""ti-"", -21.0773]]"
ajasasa	=pe	-23.9944	"[[""=pe"", -23.9944], [""=be"", -23.9944], [""=ti"", -23.9944], [""=mẽ"", -23.9944], [""Jaɲ"", -23.9944], [""=de"", -23.9944], [""ad-"", -24.2448], [""ti-"", -24.2448], [""is-"", -24.2448], [""mu-"", -24.2448]]"
ajasasar	Jaɲ	-27.2426	"[[""Jaɲ"", -27.2426], [""=de"", -27.2426], [""=pe"", -27.2426], [""=ti"", -27.2426], [""=mẽ"", -27.2426], [""=be"", -27.2426], [""(†)pẽnẽ"", -27.3885], [""ux(i)-"", -27.4466], [""ax-"", -27.4599], [""ad-"", -27.4599]]"
ajasasara	(†)pẽnẽ	-30.2891	"[[""(†)pẽnẽ"", -30.2891], [""ux(i)-"", -30.3571], [""=mẽ"", -30.5191], [""=de"", -30.5191], [""Jaɲ"", -30.5191], [""=pe"", -30.5191], [""=be"", -30.5191], [""=ti"", -30.5191], [""ti-"", -30.7105], [""xi-"", -30.7105]]"
ajasasaram	(†)pẽnẽ	-33.2542	"[[""(†)pẽnẽ"", -33.2542], [""ux(i)-"", -33.3318], [""kb-/tu-"", -33.7632], [""as-(ti)"", -33.7632], [""ma-(ti)"", -33.7632], [""ta-(di)"", -33.7632], [""es-(ti)"", -33.7632], [""es-(di)"", -33.7632], [""da-(di)"", -33.7632], [""la-(ti)"", -33.7632]]"
ajase	=ti	-14.3659	"[[""=ti"", -14.3659], [""ni"", -15.898], [""ai"", -15.898], [""si"", -15.898], [""ti"", -15.898], [""ebi"", -16.0377], [""eti"", -16.0377], [""epi"", -16.0377], [""eni"", -16.0377], [""eli"", -16.0377]]"
ajasek	xe/i-	-17.8241	"[[""xe/i-"", -17.8241], [""=ti"", -17.8582], [""si-"", -18.6931], [""xi-"", -18.6931], [""ti-"", -18.6931], [""tsi-"", -18.8864], [""si"", -19.3992], [""ti"", -19.3992], [""ai"", -19.3992], [""ni"", -19.3992]]"
ajaseka	ux(i)-	-20.6213	"[[""ux(i)-"", -20.6213], [""xe/i-"", -20.6477], [""=ti"", -21.348], [""ti-"", -21.5432], [""si-"", -21.5432], [""xi-"", -21.5432], [""tsi-"", -21.7137], [""is-"", -22.2433], [""m̃me/i-"", -22.3013], [""ite(/i)-"", -22.3351]]"
ajasekan	ux(i)-	-23.0797	"[[""ux(i)-"", -23.0797], [""xe/i-"", -23.7515], [""si-"", -24.6554], [""ti-"", -24.6554], [""xi-"", -24.6554], [""ite(/i)-"", -24.7695], [""tsi-"", -24.8194], [""=ti"", -24.8353], [""win(i)-"", -24.9943], [""xal(i)-"", -25.0124]]"
ajasekana	ux(i)-	-25.91	"[[""ux(i)-"", -25.91], [""xe/i-"", -26.9709], [""ite(/i)-"", -27.55], [""win(i)-"", -27.8151], [""xal(i)-"", -27.8421], [""xi-"", -27.8789], [""si-"", -27.8789], [""ti-"", -27.8789], [""tsi-"", -28.0404], [""s(ije)-"", -28.2211]]"
ajasekanas	ux(i)-	-28.914	"[[""ux(i)-"", -28.914], [""xe/i-"", -30.2537], [""ite(/i)-"", -30.4683], [""a(i)-(di)"", -30.655], [""win(i)-"", -30.8065], [""xal(i)-"", -30.8454], [""s(ije)-"", -31.0488], [""ti-"", -31.1643], [""si-"", -31.1643], [""xi-"", -31.1643]]"
ajat	Masa	-11.1374	"[[""Masa"", -11.1374], [""Tele"", -11.1499], [""=ewẽ"", -11.1499], [""=pe"", -11.3338], [""=be"", -11.3338], [""=de"", -11.3338], [""=mẽ"", -11.3338], [""Mula"", -11.5285], [""Iuba"", -11.5285], [""Jaɲ"", -12.1927]]"
ajatu	Masa	-14.3556	"[[""Masa"", -14.3556], [""Tele"", -14.3681], [""=ewẽ"", -14.3681], [""=de"", -14.8211], [""=be"", -14.8211], [""=mẽ"", -14.8211], [""=pe"", -14.8211], [""eb(e)"", -14.9867], [""Jaɲ"", -15.0316], [""Iuba"", -15.032]]"
ajatur	Masa	-17.6329	"[[""Masa"", -17.6329], [""=ewẽ"", -17.6453], [""Tele"", -17.6453], [""eb(e)"", -17.7921], [""ada-"", -18.1115], [""Jaɲ"", -18.1387], [""xa-"", -18.2656], [""=de"", -18.3044], [""=pe"", -18.3044], [""=mẽ"", -18.3044]]"
ajaturu	eb(e)	-20.8678	"[[""eb(e)"", -20.8678], [""Masa"", -20.9483], [""=ewẽ"", -20.9607], [""Tele"", -20.9607], [""ada-"", -21.1126], [""Jaɲ"", -21.3586], [""xa-"", -21.3746], [""tsa-"", -21.6114], [""dda-"", -21.6114], [""xla-"", -21.6114]]"
ajaturus	eb(e)	-24.0486	"[[""eb(e)"", -24.0486], [""ada-"", -24.2375], [""Masa"", -24.2903], [""=ewẽ"", -24.3026], [""Tele"", -24.3026], [""xa-"", -24.5959], [""Jaɲ"", -24.6409], [""ad-"", -24.8135], [""ax-"", -24.8135], [""mla-"", -24.8318]]"
ajaturusa	eb(e)	-27.2817	"[[""eb(e)"", -27.2817], [""ada-"", -27.4331], [""kʷa-(ti)"", -27.5822], [""Masa"", -27.6519], [""=ewẽ"", -27.6643], [""Tele"", -27.6643], [""xa-"", -27.8797], [""Jaɲ"", -27.9629], [""ad-"", -27.9671], [""ax-"", -27.9671]]"
ajaturusai	kʷa-(ti)	-30.2739	"[[""kʷa-(ti)"", -30.2739], [""eb(e)"", -30.544], [""ada-"", -30.6751], [""ite(/i)-"", -30.6892], [""Masa"", -31.0287], [""Tele"", -31.041], [""=ewẽ"", -31.041], [""ax-"", -31.1738], [""ad-"", -31.1738], [""xa-"", -31.2031]]"
ajaw	Jaɲ	-11.3218	"[[""Jaɲ"", -11.3218], [""Tlax"", -11.5285], [""=pe"", -12.1927], [""=be"", -12.1927], [""=ti"", -12.1927], [""=de"", -12.1927], [""wex"", -12.5619], [""epɲ"", -12.7965], [""app"", -12.7965], [""alb"", -12.8319]]"
ajawa	Jaɲ	-14.8093	"[[""Jaɲ"", -14.8093], [""=ti"", -15.0316], [""=pe"", -15.0316], [""=de"", -15.0316], [""=be"", -15.0316], [""Tlax"", -15.032], [""xb-"", -15.0351], [""xɲt-"", -15.3448], [""xtt-"", -15.3448], [""wex-"", -15.3988]]"
aka	Jaɲ	-11.5351	"[[""Jaɲ"", -11.5351], [""=pe"", -11.5351], [""=mẽ"", -11.5351], [""=ti"", -11.5351], [""=be"", -11.5351], [""=de"", -11.5351], [""is-"", -12.1474], [""mu-"", -12.1474], [""xb-"", -12.1474], [""xa-"", -12.1474]]"
akan	=be	-14.5247	"[[""=be"", -14.5247], [""=ti"", -14.5247], [""=mẽ"", -14.5247], [""Jaɲ"", -14.5247], [""=de"", -14.5247], [""=pe"", -14.5247], [""ax-"", -14.9765], [""xb-"", -14.9765], [""mu-"", -14.9765], [""is-"", -14.9765]]"
akana	=be	-17.6191	"[[""=be"", -17.6191], [""=ti"", -17.6191], [""=pe"", -17.6191], [""=de"", -17.6191], [""=mẽ"", -17.6191], [""Jaɲ"", -17.6191], [""si-"", -17.9765], [""ti-"", -17.9765], [""mu-"", -17.9765], [""ad-"", -17.9765]]"
akanas	=be	-20.7824	"[[""=be"", -20.7824], [""=mẽ"", -20.7824], [""=de"", -20.7824], [""Jaɲ"", -20.7824], [""=ti"", -20.7824], [""=pe"", -20.7824], [""xb-"", -21.0773], [""ad-"", -21.0773], [""xa-"", -21.0773], [""ti-"", -21.0773]]"
akanasi	=pe	-23.9944	"[[""=pe"", -23.9944], [""=be"", -23.9944], [""=ti"", -23.9944], [""=mẽ"", -23.9944], [""Jaɲ"", -23.9944], [""=de"", -23.9944], [""ad-"", -24.2448], [""ti-"", -24.2448], [""is-"", -24.2448], [""mu-"", -24.2448]]"
ama	Jaɲ	-11.5351	"[[""Jaɲ"", -11.5351], [""=pe"", -11.5351], [""=mẽ"", -11.5351], [""=ti"", -11.5351], [""=be"", -11.5351], [""=de"", -11.5351], [""is-"", -12.1474], [""mu-"", -12.1474], [""xb-"", -12.1474], [""xa-"", -12.1474]]"
amai	=be	-14.5247	"[[""=be"", -14.5247], [""=ti"", -14.5247], [""=mẽ"", -14.5247], [""Jaɲ"", -14.5247], [""=de"", -14.5247], [""=pe"", -14.5247], [""ax-"", -14.9765], [""xb-"", -14.9765], [""mu-"", -14.9765], [""is-"", -14.9765]]"
amain	=be	-17.6191	"[[""=be"", -17.6191], [""=ti"", -17.6191], [""=pe"", -17.6191], [""=de"", -17.6191], [""=mẽ"", -17.6191], [""Jaɲ"", -17.6191], [""si-"", -17.9765], [""ti-"", -17.9765], [""mu-"", -17.9765], [""ad-"", -17.9765]]"
amaina	=be	-20.7824	"[[""=be"", -20.7824], [""=mẽ"", -20.7824], [""=de"", -20.7824], [""Jaɲ"", -20.7824], [""=ti"", -20.7824], [""=pe"", -20.7824], [""xb-"", -21.0773], [""ad-"", -21.0773], [""xa-"", -21.0773], [""ti-"", -21.0773]]"
amainaj	=pe	-23.9944	"[[""=pe"", -23.9944], [""=be"", -23.9944], [""=ti"", -23.9944], [""=mẽ"", -23.9944], [""Jaɲ"", -23.9944], [""=de"", -23.9944], [""ad-"", -24.2448], [""ti-"", -24.2448], [""is-"", -24.2448], [""mu-"", -24.2448]]"
amainaja	Jaɲ	-27.2426	"[[""Jaɲ"", -27.2426], [""=de"", -27.2426], [""=pe"", -27.2426], [""=ti"", -27.2426], [""=mẽ"", -27.2426], [""=be"", -27.2426], [""(†)pẽnẽ"", -27.3885], [""ux(i)-"", -27.4466], [""ax-"", -27.4599], [""ad-"", -27.4599]]"
amainajar	(†)pẽnẽ	-30.2891	"[[""(†)pẽnẽ"", -30.2891], [""ux(i)-"", -30.3571], [""=mẽ"", -30.5191], [""=de"", -30.5191], [""Jaɲ"", -30.5191], [""=pe"", -30.5191], [""=be"", -30.5191], [""=ti"", -30.5191], [""ti-"", -30.7105], [""xi-"", -30.7105]]"
amainajare	=ti	-30.4999	"[[""=ti"", -30.4999], [""Puwẽi"", -32.009], [""γarãi"", -32.0106], [""Axkʷkʷadi"", -32.5108], [""Piɡrẽi"", -32.5202], [""Merexi"", -32.5611], [""Mulesi"", -32.5617], [""Puresi"", -32.5617], [""Mutlẽi"", -32.564], [""epi"", -32.704]]"
aman	=be	-14.5247	"[[""=be"", -14.5247], [""=ti"", -14.5247], [""=mẽ"", -14.5247], [""Jaɲ"", -14.5247], [""=de"", -14.5247], [""=pe"", -14.5247], [""ax-"", -14.9765], [""xb-"", -14.9765], [""mu-"", -14.9765], [""is-"", -14.9765]]"
amana	=be	-17.6191	"[[""=be"", -17.6191], [""=ti"", -17.6191], [""=pe"", -17.6191], [""=de"", -17.6191], [""=mẽ"", -17.6191], [""Jaɲ"", -17.6191], [""si-"", -17.9765], [""ti-"", -17.9765], [""mu-"", -17.9765], [""ad-"", -17.9765]]"
amanad	=mẽ	-18.673	"[[""=mẽ"", -18.673], [""nur"", -19.146], [""mar"", -19.146], [""as"", -19.2234], [""es"", -19.2234], [""(†)pẽnẽ"", -19.6634], [""Arɲnas"", -19.7396], [""kʷãn"", -19.8959], [""si-"", -20.3547], [""mu-"", -20.3547]]"
amanada	=mẽ	-21.5286	"[[""=mẽ"", -21.5286], [""mɲn-"", -21.9814], [""is-"", -22.0032], [""tis-"", -22.1551], [""ter-"", -22.1551], [""(†)pẽnẽ"", -22.4659], [""mar"", -22.5055], [""nur"", -22.5055], [""as"", -22.7256], [""es"", -22.7256]]"
amanadaw	Krɲna	-22.2556	"[[""Krɲna"", -22.2556], [""Arɲna"", -22.2556], [""mɲn-"", -23.9289], [""Jaɲ"", -23.9332], [""Tlax"", -23.9865], [""Isɲta-"", -24.2002], [""stta"", -24.4463], [""sɲta"", -24.4463], [""Partsa"", -24.4514], [""Murɲna"", -24.4514]]"
amanadawa	Isɲta-	-24.9378	"[[""Isɲta-"", -24.9378], [""Arɲna"", -25.061], [""Krɲna"", -25.061], [""mɲn-"", -26.3943], [""Trkʷkʷɲt"", -26.5354], [""mltt-"", -26.5758], [""tm͂mãt-"", -26.7619], [""nun͂-"", -27.1803], [""sɲta"", -27.2499], [""stta"", -27.2499]]"
amanadawai	Isɲta-	-27.4019	"[[""Isɲta-"", -27.4019], [""Arɲna"", -28.1506], [""Krɲna"", -28.1506], [""Trkʷkʷɲt"", -28.8771], [""mɲn-"", -29.2009], [""mltt-"", -29.3926], [""tm͂mãt-"", -29.5941], [""mɲnu-"", -29.7142], [""sɲne-"", -29.7142], [""nun͂-"", -29.9676]]"
amas	=be	-14.5247	"[[""=be"", -14.5247], [""=ti"", -14.5247], [""=mẽ"", -14.5247], [""Jaɲ"", -14.5247], [""=de"", -14.5247], [""=pe"", -14.5247], [""ax-"", -14.9765], [""xb-"", -14.9765], [""mu-"", -14.9765], [""is-"", -14.9765]]"
amasi	=be	-17.6191	"[[""=be"", -17.6191], [""=ti"", -17.6191], [""=pe"", -17.6191], [""=de"", -17.6191], [""=mẽ"", -17.6191], [""Jaɲ"", -17.6191], [""si-"", -17.9765], [""ti-"", -17.9765], [""mu-"", -17.9765], [""ad-"", -17.9765]]"
amasir	=be	-20.7824	"[[""=be"", -20.7824], [""=mẽ"", -20.7824], [""=de"", -20.7824], [""Jaɲ"", -20.7824], [""=ti"", -20.7824], [""=pe"", -20.7824], [""xb-"", -21.0773], [""ad-"", -21.0773], [""xa-"", -21.0773], [""ti-"", -21.0773]]"
amasiru	=pe	-23.9944	"[[""=pe"", -23.9944], [""=be"", -23.9944], [""=ti"", -23.9944], [""=mẽ"", -23.9944], [""Jaɲ"", -23.9944], [""=de"", -23.9944], [""ad-"", -24.2448], [""ti-"", -24.2448], [""is-"", -24.2448], [""mu-"", -24.2448]]"
amasirut	(†)pẽnẽ	-23.5386	"[[""(†)pẽnẽ"", -23.5386], [""Masa"", -23.779], [""Tele"", -23.7914], [""=ewẽ"", -23.7914], [""=pe"", -23.9453], [""=be"", -23.9453], [""=mẽ"", -23.9453], [""=de"", -23.9453], [""Mula"", -23.9865], [""Iuba"", -23.9865]]"
amasirute	γarãi	-23.7764	"[[""γarãi"", -23.7764], [""Puwẽi"", -23.997], [""ai"", -24.5468], [""Piɡrẽi"", -25.6691], [""Mutlẽi"", -25.6705], [""ebei"", -25.8575], [""nei"", -25.9612], [""qbai"", -25.9644], [""trei"", -25.9768], [""(†)pẽnẽ"", -26.7319]]"
amat	Masa	-11.1374	"[[""Masa"", -11.1374], [""Tele"", -11.1499], [""=ewẽ"", -11.1499], [""=pe"", -11.3338], [""=be"", -11.3338], [""=de"", -11.3338], [""=mẽ"", -11.3338], [""Mula"", -11.5285], [""Iuba"", -11.5285], [""Jaɲ"", -12.1927]]"
amate	ai	-10.518	"[[""ai"", -10.518], [""γarãi"", -11.1344], [""Puwẽi"", -11.539], [""ebei"", -12.5715], [""nei"", -12.6235], [""qbai"", -12.83], [""trei"", -12.8424], [""Piɡrẽi"", -13.7024], [""Mutlẽi"", -13.7077], [""ẽti"", -13.8636]]"
ame	=ti	-8.4315	"[[""=ti"", -8.4315], [""si"", -9.3933], [""ai"", -9.3933], [""ni"", -9.3933], [""ti"", -9.3933], [""ẽti"", -9.733], [""epi"", -9.733], [""ebi"", -9.733], [""eli"", -9.733], [""eni"", -9.733]]"
amei	=ti	-11.9096	"[[""=ti"", -11.9096], [""ti-"", -12.2188], [""xi-"", -12.2188], [""si-"", -12.2188], [""xe/i-"", -12.5249], [""is-"", -12.5661], [""tsi-"", -12.5904], [""ti"", -12.8904], [""ni"", -12.8904], [""ai"", -12.8904]]"
ameit	iða	-13.2307	"[[""iða"", -13.2307], [""ite"", -13.2423], [""ije"", -13.2423], [""iqta"", -13.2793], [""=ewẽ"", -14.096], [""Tele"", -14.096], [""Masa"", -14.1963], [""=be"", -14.3738], [""=de"", -14.3738], [""=mẽ"", -14.3738]]"
ameiti	iwe-	-16.0563	"[[""iwe-"", -16.0563], [""iða"", -16.7238], [""ite"", -16.7352], [""ije"", -16.7352], [""iqta"", -16.7838], [""Tele"", -17.3753], [""=ewẽ"", -17.3753], [""Masa"", -17.453], [""eb(e)"", -17.7028], [""ux(i)-"", -17.7801]]"
ameu	=ti	-11.9096	"[[""=ti"", -11.9096], [""ti-"", -12.2188], [""xi-"", -12.2188], [""si-"", -12.2188], [""xe/i-"", -12.5249], [""is-"", -12.5661], [""tsi-"", -12.5904], [""ti"", -12.8904], [""ni"", -12.8904], [""ai"", -12.8904]]"
ameun	xi-	-15.052	"[[""xi-"", -15.052], [""si-"", -15.052], [""ti-"", -15.052], [""is-"", -15.3009], [""ux(i)-"", -15.3255], [""xe/i-"", -15.3448], [""=ti"", -15.3809], [""tsi-"", -15.4141], [""iwe-"", -15.6903], [""ije"", -16.3651]]"
ameuna	ux(i)-	-17.7801	"[[""ux(i)-"", -17.7801], [""ti-"", -18.157], [""si-"", -18.157], [""xi-"", -18.157], [""is-"", -18.2515], [""xe/i-"", -18.444], [""iwe-"", -18.5129], [""tsi-"", -18.5181], [""=ti"", -18.8461], [""ite"", -19.5735]]"
ameunak	ux(i)-	-20.6075	"[[""ux(i)-"", -20.6075], [""is-"", -21.3236], [""xi-"", -21.3758], [""si-"", -21.3758], [""ti-"", -21.3758], [""iwe-"", -21.5095], [""xe/i-"", -21.6575], [""tsi-"", -21.7377], [""s(ije)-"", -22.3035], [""=ti"", -22.3057]]"
ameunaka	ux(i)-	-23.6084	"[[""ux(i)-"", -23.6084], [""is-"", -24.4737], [""iwe-"", -24.6081], [""xi-"", -24.6574], [""ti-"", -24.6574], [""si-"", -24.6574], [""a(i)-(di)"", -24.7801], [""xe/i-"", -24.9328], [""tsi-"", -25.0208], [""s(ije)-"", -25.1275]]"
ameunakan	ux(i)-	-26.7106	"[[""ux(i)-"", -26.7106], [""a(i)-(di)"", -27.149], [""is-"", -27.6781], [""ite(/i)-"", -27.7329], [""iwe-"", -27.774], [""xi-"", -27.979], [""ti-"", -27.979], [""si-"", -27.979], [""s(ije)-"", -28.0777], [""ti-(ti)"", -28.2347]]"
ameunakana	a(i)-(di)	-29.7309	"[[""a(i)-(di)"", -29.7309], [""ux(i)-"", -29.8793], [""ite(/i)-"", -30.4013], [""is-"", -30.9225], [""iwe-"", -30.9877], [""ti-(ti)"", -31.0853], [""s(ije)-"", -31.1136], [""si-"", -31.3282], [""ti-"", -31.3282], [""xi-"", -31.3282]]"
ameunar	ux(i)-	-20.6075	"[[""ux(i)-"", -20.6075], [""is-"", -21.3236], [""xi-"", -21.3758], [""si-"", -21.3758], [""ti-"", -21.3758], [""iwe-"", -21.5095], [""xe/i-"", -21.6575], [""tsi-"", -21.7377], [""s(ije)-"", -22.3035], [""=ti"", -22.3057]]"
ameunaru	ux(i)-	-23.6084	"[[""ux(i)-"", -23.6084], [""is-"", -24.4737], [""iwe-"", -24.6081], [""xi-"", -24.6574], [""ti-"", -24.6574], [""si-"", -24.6574], [""a(i)-(di)"", -24.7801], [""xe/i-"", -24.9328], [""tsi-"", -25.0208], [""s(ije)-"", -25.1275]]"
ameunaruk	ux(i)-	-26.7106	"[[""ux(i)-"", -26.7106], [""a(i)-(di)"", -27.149], [""is-"", -27.6781], [""ite(/i)-"", -27.7329], [""iwe-"", -27.774], [""xi-"", -27.979], [""ti-"", -27.979], [""si-"", -27.979], [""s(ije)-"", -28.0777], [""ti-(ti)"", -28.2347]]"
ameunaruka	a(i)-(di)	-29.7309	"[[""a(i)-(di)"", -29.7309], [""ux(i)-"", -29.8793], [""ite(/i)-"", -30.4013], [""is-"", -30.9225], [""iwe-"", -30.9877], [""ti-(ti)"", -31.0853], [""s(ije)-"", -31.1136], [""si-"", -31.3282], [""ti-"", -31.3282], [""xi-"", -31.3282]]"
ana	Jaɲ	-11.5351	"[[""Jaɲ"", -11.5351], [""=pe"", -11.5351], [""=mẽ"", -11.5351], [""=ti"", -11.5351], [""=be"", -11.5351], [""=de"", -11.5351], [""is-"", -12.1474], [""mu-"", -12.1474], [""xb-"", -12.1474], [""xa-"", -12.1474]]"
anad	=mẽ	-12.1927	"[[""=mẽ"", -12.1927], [""mar"", -12.5619], [""nur"", -12.5619], [""as"", -12.6134], [""es"", -12.6134], [""mu-"", -13.6825], [""si-"", -13.6825], [""Arɲnas"", -13.8226], [""me"", -13.9074], [""se"", -13.9074]]"
anada	=mẽ	-15.0316	"[[""=mẽ"", -15.0316], [""mɲn-"", -15.3988], [""is-"", -15.4237], [""tis-"", -15.681], [""ter-"", -15.681], [""mar"", -15.8501], [""nur"", -15.8501], [""mu-"", -16.0165], [""si-"", -16.0165], [""es"", -16.113]]"
anadaw	Arɲna	-15.7515	"[[""Arɲna"", -15.7515], [""Krɲna"", -15.7515], [""mɲn-"", -17.0703], [""stta"", -17.4343], [""sɲta"", -17.4343], [""nte"", -17.4435], [""Jaɲ"", -17.5004], [""Tlax"", -17.6121], [""Isɲta-"", -17.7059], [""=mẽ"", -18.1387]]"
anadawa	Isɲta-	-18.4325	"[[""Isɲta-"", -18.4325], [""Krɲna"", -18.5559], [""Arɲna"", -18.5559], [""mɲn-"", -19.4587], [""mltt-"", -19.5742], [""Trkʷkʷɲt"", -20.103], [""stta"", -20.2376], [""sɲta"", -20.2376], [""mɲnu-"", -20.2607], [""sɲne-"", -20.2607]]"
anadawai	Isɲta-	-20.896	"[[""Isɲta-"", -20.896], [""Krɲna"", -21.6451], [""Arɲna"", -21.6451], [""mɲn-"", -22.2377], [""mltt-"", -22.3908], [""Trkʷkʷɲt"", -22.4183], [""mɲnu-"", -22.7085], [""sɲne-"", -22.7085], [""stta"", -23.327], [""sɲta"", -23.327]]"
anadawaij	Isɲta-	-23.7234	"[[""Isɲta-"", -23.7234], [""Arɲna"", -24.8515], [""Krɲna"", -24.8515], [""Trkʷkʷɲt"", -25.0653], [""mɲn-"", -25.209], [""mltt-"", -25.4833], [""sɲne-"", -25.5296], [""mɲnu-"", -25.5296], [""nun͂-"", -26.2705], [""sɲta"", -26.5339]]"
anadawaija	Isɲta-	-26.7225	"[[""Isɲta-"", -26.7225], [""Trkʷkʷɲt"", -27.881], [""Arɲna"", -28.1223], [""Krɲna"", -28.1223], [""mɲn-"", -28.2929], [""sɲne-"", -28.5251], [""mɲnu-"", -28.5251], [""mltt-"", -28.6905], [""m̃mẽt(i)-"", -29.2015], [""nun͂-"", -29.3124]]"
anai	=be	-14.5247	"[[""=be"", -14.5247], [""=ti"", -14.5247], [""=mẽ"", -14.5247], [""Jaɲ"", -14.5247], [""=de"", -14.5247], [""=pe"", -14.5247], [""ax-"", -14.9765], [""xb-"", -14.9765], [""mu-"", -14.9765], [""is-"", -14.9765]]"
anaiΘ	=be	-17.6191	"[[""=be"", -17.6191], [""=ti"", -17.6191], [""=pe"", -17.6191], [""=de"", -17.6191], [""=mẽ"", -17.6191], [""Jaɲ"", -17.6191], [""si-"", -17.9765], [""ti-"", -17.9765], [""mu-"", -17.9765], [""ad-"", -17.9765]]"
anaiΘt	Masa	-17.3396	"[[""Masa"", -17.3396], [""=ewẽ"", -17.3521], [""Tele"", -17.3521], [""=be"", -17.5124], [""=de"", -17.5124], [""=mẽ"", -17.5124], [""=pe"", -17.5124], [""Mula"", -17.6121], [""Iuba"", -17.6121], [""(†)pẽnẽ"", -18.0747]]"
anaiΘti	Masa	-20.6261	"[[""Masa"", -20.6261], [""=ewẽ"", -20.6386], [""Tele"", -20.6386], [""eb(e)"", -20.8295], [""=mẽ"", -21.0076], [""=de"", -21.0076], [""=be"", -21.0076], [""=pe"", -21.0076], [""Mula"", -21.1168], [""Iuba"", -21.1168]]"
anaiΘtij	eb(e)	-23.6487	"[[""eb(e)"", -23.6487], [""Masa"", -23.9478], [""=ewẽ"", -23.9603], [""Tele"", -23.9603], [""=pe"", -24.5008], [""=mẽ"", -24.5008], [""=de"", -24.5008], [""=be"", -24.5008], [""(†)pẽnẽ"", -24.5763], [""Mula"", -24.6206]]"
anaiΘtija	eb(e)	-26.7448	"[[""eb(e)"", -26.7448], [""Masa"", -27.2945], [""Tele"", -27.3069], [""=ewẽ"", -27.3069], [""ada-"", -27.7701], [""Jaɲ"", -27.8673], [""(†)pẽnẽ"", -27.8729], [""xa-"", -27.9765], [""=de"", -27.9923], [""=mẽ"", -27.9923]]"
anaiΘtijas	eb(e)	-29.953	"[[""eb(e)"", -29.953], [""Masa"", -30.6598], [""=ewẽ"", -30.6722], [""Tele"", -30.6722], [""ada-"", -30.9236], [""s(ije)-"", -31.0169], [""Jaɲ"", -31.1533], [""(†)pẽnẽ"", -31.1835], [""xa-"", -31.2019], [""kʷa-(ti)"", -31.2635]]"
anaiΘu	=be	-20.7824	"[[""=be"", -20.7824], [""=mẽ"", -20.7824], [""=de"", -20.7824], [""Jaɲ"", -20.7824], [""=ti"", -20.7824], [""=pe"", -20.7824], [""xb-"", -21.0773], [""ad-"", -21.0773], [""xa-"", -21.0773], [""ti-"", -21.0773]]"
anaiΘut	Masa	-20.5391	"[[""Masa"", -20.5391], [""Tele"", -20.5516], [""=ewẽ"", -20.5516], [""=mẽ"", -20.7073], [""=be"", -20.7073], [""=de"", -20.7073], [""=pe"", -20.7073], [""(†)pẽnẽ"", -20.7448], [""Iuba"", -20.775], [""Mula"", -20.775]]"
anaiΘuti	Masa	-23.8495	"[[""Masa"", -23.8495], [""Tele"", -23.8619], [""=ewẽ"", -23.8619], [""eb(e)"", -23.9313], [""(†)pẽnẽ"", -24.0032], [""=de"", -24.2044], [""=pe"", -24.2044], [""=mẽ"", -24.2044], [""=be"", -24.2044], [""Mula"", -24.28]]"
anaiΘutin	eb(e)	-26.7531	"[[""eb(e)"", -26.7531], [""Masa"", -27.1879], [""Tele"", -27.2003], [""=ewẽ"", -27.2003], [""(†)pẽnẽ"", -27.2977], [""=be"", -27.7001], [""=pe"", -27.7001], [""=mẽ"", -27.7001], [""=de"", -27.7001], [""Iuba"", -27.7843]]"
anaiΘutinu	eb(e)	-29.8525	"[[""eb(e)"", -29.8525], [""Masa"", -30.5469], [""=ewẽ"", -30.5593], [""Tele"", -30.5593], [""(†)pẽnẽ"", -30.6149], [""ada-"", -31.1319], [""Jaɲ"", -31.1917], [""=mẽ"", -31.1944], [""=de"", -31.1944], [""=pe"", -31.1944]]"
anas	=be	-14.5247	"[[""=be"", -14.5247], [""=ti"", -14.5247], [""=mẽ"", -14.5247], [""Jaɲ"", -14.5247], [""=de"", -14.5247], [""=pe"", -14.5247], [""ax-"", -14.9765], [""xb-"", -14.9765], [""mu-"", -14.9765], [""is-"", -14.9765]]"
anasi	=be	-17.6191	"[[""=be"", -17.6191], [""=ti"", -17.6191], [""=pe"", -17.6191], [""=de"", -17.6191], [""=mẽ"", -17.6191], [""Jaɲ"", -17.6191], [""si-"", -17.9765], [""ti-"", -17.9765], [""mu-"", -17.9765], [""ad-"", -17.9765]]"
anasis	=be	-20.7824	"[[""=be"", -20.7824], [""=mẽ"", -20.7824], [""=de"", -20.7824], [""Jaɲ"", -20.7824], [""=ti"", -20.7824], [""=pe"", -20.7824], [""xb-"", -21.0773], [""ad-"", -21.0773], [""xa-"", -21.0773], [""ti-"", -21.0773]]"
anasisi	=pe	-23.9944	"[[""=pe"", -23.9944], [""=be"", -23.9944], [""=ti"", -23.9944], [""=mẽ"", -23.9944], [""Jaɲ"", -23.9944], [""=de"", -23.9944], [""ad-"", -24.2448], [""ti-"", -24.2448], [""is-"", -24.2448], [""mu-"", -24.2448]]"
anasisir	Jaɲ	-27.2426	"[[""Jaɲ"", -27.2426], [""=de"", -27.2426], [""=pe"", -27.2426], [""=ti"", -27.2426], [""=mẽ"", -27.2426], [""=be"", -27.2426], [""(†)pẽnẽ"", -27.3885], [""ux(i)-"", -27.4466], [""ax-"", -27.4599], [""ad-"", -27.4599]]"
anat	Masa	-11.1374	"[[""Masa"", -11.1374], [""Tele"", -11.1499], [""=ewẽ"", -11.1499], [""=pe"", -11.3338], [""=be"", -11.3338], [""=de"", -11.3338], [""=mẽ"", -11.3338], [""Mula"", -11.5285], [""Iuba"", -11.5285], [""Jaɲ"", -12.1927]]"
anati	Masa	-14.3556	"[[""Masa"", -14.3556], [""Tele"", -14.3681], [""=ewẽ"", -14.3681], [""=de"", -14.8211], [""=be"", -14.8211], [""=mẽ"", -14.8211], [""=pe"", -14.8211], [""eb(e)"", -14.9867], [""Jaɲ"", -15.0316], [""Iuba"", -15.032]]"
anatiΘ	Masa	-17.6329	"[[""Masa"", -17.6329], [""=ewẽ"", -17.6453], [""Tele"", -17.6453], [""eb(e)"", -17.7921], [""ada-"", -18.1115], [""Jaɲ"", -18.1387], [""xa-"", -18.2656], [""=de"", -18.3044], [""=pe"", -18.3044], [""=mẽ"", -18.3044]]"
anatiΘw	Jaɲ	-15.7919	"[[""Jaɲ"", -15.7919], [""Tlax"", -18.2891], [""=ewẽ"", -19.1397], [""Paɡda"", -19.162], [""app"", -19.5805], [""epɲ"", -19.5924], [""wex"", -19.6132], [""iðãb"", -19.8356], [""alb"", -19.8442], [""ada-"", -20.3684]]"
anatiΘwa	Jaɲ	-19.2991	"[[""Jaɲ"", -19.2991], [""ad-"", -20.381], [""ax-"", -20.381], [""Tlax"", -21.7961], [""Paɡda"", -21.9713], [""=ewẽ"", -22.0233], [""law-"", -22.459], [""wex-"", -22.4632], [""kʷa-(ti)"", -22.571], [""eb(e)"", -22.8267]]"
anatiΘwaj	Jaɲ	-22.8062	"[[""Jaɲ"", -22.8062], [""ax-"", -23.2072], [""ad-"", -23.2072], [""Paɡda"", -25.0629], [""=ewẽ"", -25.1496], [""eb(e)"", -25.2042], [""kʷa-(ti)"", -25.2622], [""law-"", -25.2852], [""wex-"", -25.2856], [""Tlax"", -25.3031]]"
anatiΘwaja	ad-	-26.3133	"[[""ad-"", -26.3133], [""ax-"", -26.3133], [""Jaɲ"", -26.3134], [""eb(e)"", -27.8765], [""kʷa-(ti)"", -28.1745], [""Paɡda"", -28.2711], [""†axɲta-"", -28.3675], [""=ewẽ"", -28.3818], [""wex-"", -28.3878], [""law-"", -28.3913]]"
ara	Jaɲ	-11.5351	"[[""Jaɲ"", -11.5351], [""=pe"", -11.5351], [""=mẽ"", -11.5351], [""=ti"", -11.5351], [""=be"", -11.5351], [""=de"", -11.5351], [""is-"", -12.1474], [""mu-"", -12.1474], [""xb-"", -12.1474], [""xa-"", -12.1474]]"
aram	=be	-14.5247	"[[""=be"", -14.5247], [""=ti"", -14.5247], [""=mẽ"", -14.5247], [""Jaɲ"", -14.5247], [""=de"", -14.5247], [""=pe"", -14.5247], [""ax-"", -14.9765], [""xb-"", -14.9765], [""mu-"", -14.9765], [""is-"", -14.9765]]"
arama	=be	-17.6191	"[[""=be"", -17.6191], [""=ti"", -17.6191], [""=pe"", -17.6191], [""=de"", -17.6191], [""=mẽ"", -17.6191], [""Jaɲ"", -17.6191], [""si-"", -17.9765], [""ti-"", -17.9765], [""mu-"", -17.9765], [""ad-"", -17.9765]]"
araman	=be	-20.7824	"[[""=be"", -20.7824], [""=mẽ"", -20.7824], [""=de"", -20.7824], [""Jaɲ"", -20.7824], [""=ti"", -20.7824], [""=pe"", -20.7824], [""xb-"", -21.0773], [""ad-"", -21.0773], [""xa-"", -21.0773], [""ti-"", -21.0773]]"
aramana	=pe	-23.9944	"[[""=pe"", -23.9944], [""=be"", -23.9944], [""=ti"", -23.9944], [""=mẽ"", -23.9944], [""Jaɲ"", -23.9944], [""=de"", -23.9944], [""ad-"", -24.2448], [""ti-"", -24.2448], [""is-"", -24.2448], [""mu-"", -24.2448]]"
aramanad	(†)pẽnẽ	-25.1744	"[[""(†)pẽnẽ"", -25.1744], [""=mẽ"", -25.3242], [""nur"", -25.8475], [""mar"", -25.8475], [""Arɲnas"", -25.9463], [""es"", -25.9512], [""as"", -25.9512], [""kʷãn"", -26.1303], [""si-"", -27.0137], [""mu-"", -27.0137]]"
aramanada	(†)pẽnẽ	-27.9984	"[[""(†)pẽnẽ"", -27.9984], [""=mẽ"", -28.195], [""mɲn-"", -28.6771], [""is-"", -28.7003], [""ter-"", -28.8], [""tis-"", -28.8], [""tem-/m̃m-"", -29.0952], [""Arɲnas"", -29.1652], [""nur"", -29.2446], [""mar"", -29.2446]]"
aramanadaw	Krɲna	-28.9323	"[[""Krɲna"", -28.9323], [""Arɲna"", -28.9323], [""Jaɲ"", -30.4999], [""Tlax"", -30.5103], [""(†)pẽnẽ"", -30.587], [""mɲn-"", -30.8008], [""(†)sernitẽ"", -30.8336], [""Isɲta-"", -30.8611], [""Murɲna"", -30.8836], [""Partsa"", -30.8836]]"
arame	=ti	-14.3659	"[[""=ti"", -14.3659], [""ni"", -15.898], [""ai"", -15.898], [""si"", -15.898], [""ti"", -15.898], [""ebi"", -16.0377], [""eti"", -16.0377], [""epi"", -16.0377], [""eni"", -16.0377], [""eli"", -16.0377]]"
aramei	xe/i-	-17.8241	"[[""xe/i-"", -17.8241], [""=ti"", -17.8582], [""si-"", -18.6931], [""xi-"", -18.6931], [""ti-"", -18.6931], [""tsi-"", -18.8864], [""si"", -19.3992], [""ti"", -19.3992], [""ai"", -19.3992], [""ni"", -19.3992]]"
arameit	iða	-20.215	"[[""iða"", -20.215], [""ije"", -20.2263], [""ite"", -20.2263], [""iqta"", -20.2846], [""Pubiele"", -20.3955], [""Tele"", -20.4355], [""=ewẽ"", -20.4355], [""Masa"", -20.5391], [""ux(i)-"", -20.6213], [""xe/i-"", -20.6474]]"
arameiti	iwe-	-23.0399	"[[""iwe-"", -23.0399], [""ux(i)-"", -23.0797], [""Pubiele"", -23.6116], [""iða"", -23.7085], [""ite"", -23.7196], [""ije"", -23.7196], [""xe/i-"", -23.7405], [""=ewẽ"", -23.7642], [""Tele"", -23.7642], [""iqta"", -23.7891]]"
arameu	xe/i-	-17.8241	"[[""xe/i-"", -17.8241], [""=ti"", -17.8582], [""si-"", -18.6931], [""xi-"", -18.6931], [""ti-"", -18.6931], [""tsi-"", -18.8864], [""si"", -19.3992], [""ti"", -19.3992], [""ai"", -19.3992], [""ni"", -19.3992]]"
arameun	ux(i)-	-20.6213	"[[""ux(i)-"", -20.6213], [""xe/i-"", -20.6477], [""=ti"", -21.348], [""ti-"", -21.5432], [""si-"", -21.5432], [""xi-"", -21.5432], [""tsi-"", -21.7137], [""is-"", -22.2433], [""m̃me/i-"", -22.3013], [""ite(/i)-"", -22.3351]]"
arameuna	ux(i)-	-23.0797	"[[""ux(i)-"", -23.0797], [""xe/i-"", -23.7515], [""si-"", -24.6554], [""ti-"", -24.6554], [""xi-"", -24.6554], [""ite(/i)-"", -24.7695], [""tsi-"", -24.8194], [""=ti"", -24.8353], [""win(i)-"", -24.9943], [""xal(i)-"", -25.0124]]"
arameunak	ux(i)-	-25.91	"[[""ux(i)-"", -25.91], [""xe/i-"", -26.9709], [""ite(/i)-"", -27.55], [""win(i)-"", -27.8151], [""xal(i)-"", -27.8421], [""xi-"", -27.8789], [""si-"", -27.8789], [""ti-"", -27.8789], [""tsi-"", -28.0404], [""s(ije)-"", -28.2211]]"
arameunaka	ux(i)-	-28.914	"[[""ux(i)-"", -28.914], [""xe/i-"", -30.2537], [""ite(/i)-"", -30.4683], [""a(i)-(di)"", -30.655], [""win(i)-"", -30.8065], [""xal(i)-"", -30.8454], [""s(ije)-"", -31.0488], [""ti-"", -31.1643], [""si-"", -31.1643], [""xi-"", -31.1643]]"
arameunar	ux(i)-	-25.91	"[[""ux(i)-"", -25.91], [""xe/i-"", -26.9709], [""ite(/i)-"", -27.55], [""win(i)-"", -27.8151], [""xal(i)-"", -27.8421], [""xi-"", -27.8789], [""si-"", -27.8789], [""ti-"", -27.8789], [""tsi-"", -28.0404], [""s(ije)-"", -28.2211]]"
arameunaru	ux(i)-	-28.914	"[[""ux(i)-"", -28.914], [""xe/i-"", -30.2537], [""ite(/i)-"", -30.4683], [""a(i)-(di)"", -30.655], [""win(i)-"", -30.8065], [""xal(i)-"", -30.8454], [""s(ije)-"", -31.0488], [""ti-"", -31.1643], [""si-"", -31.1643], [""xi-"", -31.1643]]"
are	=ti	-8.4315	"[[""=ti"", -8.4315], [""si"", -9.3933], [""ai"", -9.3933], [""ni"", -9.3933], [""ti"", -9.3933], [""ẽti"", -9.733], [""epi"", -9.733], [""ebi"", -9.733], [""eli"", -9.733], [""eni"", -9.733]]"
ared	is-	-10.3992	"[[""is-"", -10.3992], [""es"", -11.1413], [""=ti"", -11.9096], [""si-"", -12.0636], [""miren"", -12.1368], [""=mẽ"", -12.1775], [""xi-"", -12.2188], [""ti-"", -12.2188], [""ijãnis"", -12.2691], [""Piɡrẽi"", -12.4352]]"
aredi	is-	-9.8669	"[[""is-"", -9.8669], [""tis-"", -12.2475], [""ijas-"", -13.3294], [""es"", -14.6468], [""si-"", -14.7687], [""=mẽ"", -15.0238], [""ti-"", -15.052], [""xi-"", -15.052], [""miren"", -15.2353], [""Mitsu"", -15.2584]]"
aredij	is-	-12.6902	"[[""is-"", -12.6902], [""tis-"", -15.0708], [""ijas-"", -16.151], [""win(i)-"", -17.6516], [""si-"", -17.7615], [""ux(i)-"", -17.7801], [""səm.ma"", -18.0668], [""kəm.me"", -18.0805], [""mɲn-"", -18.1115], [""=mẽ"", -18.1335]]"
aredija	is-	-15.7954	"[[""is-"", -15.7954], [""tis-"", -18.1759], [""ijas-"", -19.2533], [""win(i)-"", -19.7142], [""nun͂-"", -20.5729], [""ux(i)-"", -20.6075], [""si-"", -20.8806], [""səm.ma"", -20.8856], [""kəm.me"", -20.9027], [""xis-(ti)"", -21.0528]]"
arej	=ti	-11.9096	"[[""=ti"", -11.9096], [""ti-"", -12.2188], [""xi-"", -12.2188], [""si-"", -12.2188], [""xe/i-"", -12.5249], [""is-"", -12.5661], [""tsi-"", -12.5904], [""ti"", -12.8904], [""ni"", -12.8904], [""ai"", -12.8904]]"
areja	xi-	-15.052	"[[""xi-"", -15.052], [""si-"", -15.052], [""ti-"", -15.052], [""is-"", -15.3009], [""ux(i)-"", -15.3255], [""xe/i-"", -15.3448], [""=ti"", -15.3809], [""tsi-"", -15.4141], [""iwe-"", -15.6903], [""ije"", -16.3651]]"
aret	iða	-10.3741	"[[""iða"", -10.3741], [""ije"", -10.3853], [""ite"", -10.3853], [""iqta"", -10.4758], [""Tele"", -11.0574], [""=ewẽ"", -11.0574], [""Masa"", -11.1374], [""=mẽ"", -11.3274], [""=be"", -11.3274], [""=pe"", -11.3274]]"
areta	iwe-	-13.2135	"[[""iwe-"", -13.2135], [""iða"", -13.8543], [""ite"", -13.8651], [""ije"", -13.8651], [""iqta"", -13.9785], [""=ewẽ"", -14.296], [""Tele"", -14.296], [""Masa"", -14.3556], [""Pubiele"", -14.6042], [""=de"", -14.8148]]"
aru	Jaɲ	-11.5351	"[[""Jaɲ"", -11.5351], [""=pe"", -11.5351], [""=mẽ"", -11.5351], [""=ti"", -11.5351], [""=be"", -11.5351], [""=de"", -11.5351], [""is-"", -12.1474], [""mu-"", -12.1474], [""xb-"", -12.1474], [""xa-"", -12.1474]]"
aruk	=be	-14.5247	"[[""=be"", -14.5247], [""=ti"", -14.5247], [""=mẽ"", -14.5247], [""Jaɲ"", -14.5247], [""=de"", -14.5247], [""=pe"", -14.5247], [""ax-"", -14.9765], [""xb-"", -14.9765], [""mu-"", -14.9765], [""is-"", -14.9765]]"
aruka	=be	-17.6191	"[[""=be"", -17.6191], [""=ti"", -17.6191], [""=pe"", -17.6191], [""=de"", -17.6191], [""=mẽ"", -17.6191], [""Jaɲ"", -17.6191], [""si-"", -17.9765], [""ti-"", -17.9765], [""mu-"", -17.9765], [""ad-"", -17.9765]]"
arukan	=be	-20.7824	"[[""=be"", -20.7824], [""=mẽ"", -20.7824], [""=de"", -20.7824], [""Jaɲ"", -20.7824], [""=ti"", -20.7824], [""=pe"", -20.7824], [""xb-"", -21.0773], [""ad-"", -21.0773], [""xa-"", -21.0773], [""ti-"", -21.0773]]"
arukana	=pe	-23.9944	"[[""=pe"", -23.9944], [""=be"", -23.9944], [""=ti"", -23.9944], [""=mẽ"", -23.9944], [""Jaɲ"", -23.9944], [""=de"", -23.9944], [""ad-"", -24.2448], [""ti-"", -24.2448], [""is-"", -24.2448], [""mu-"", -24.2448]]"
arukanas	Jaɲ	-27.2426	"[[""Jaɲ"", -27.2426], [""=de"", -27.2426], [""=pe"", -27.2426], [""=ti"", -27.2426], [""=mẽ"", -27.2426], [""=be"", -27.2426], [""(†)pẽnẽ"", -27.3885], [""ux(i)-"", -27.4466], [""ax-"", -27.4599], [""ad-"", -27.4599]]"
asa	Jaɲ	-11.5351	"[[""Jaɲ"", -11.5351], [""=pe"", -11.5351], [""=mẽ"", -11.5351], [""=ti"", -11.5351], [""=be"", -11.5351], [""=de"", -11.5351], [""is-"", -12.1474], [""mu-"", -12.1474], [""xb-"", -12.1474], [""xa-"", -12.1474]]"
asar	=be	-14.5247	"[[""=be"", -14.5247], [""=ti"", -14.5247], [""=mẽ"", -14.5247], [""Jaɲ"", -14.5247], [""=de"", -14.5247], [""=pe"", -14.5247], [""ax-"", -14.9765], [""xb-"", -14.9765], [""mu-"", -14.9765], [""is-"", -14.9765]]"
asara	=be	-17.6191	"[[""=be"", -17.6191], [""=ti"", -17.6191], [""=pe"", -17.6191], [""=de"", -17.6191], [""=mẽ"", -17.6191], [""Jaɲ"", -17.6191], [""si-"", -17.9765], [""ti-"", -17.9765], [""mu-"", -17.9765], [""ad-"", -17.9765]]"
asaram	=be	-20.7824	"[[""=be"", -20.7824], [""=mẽ"", -20.7824], [""=de"", -20.7824], [""Jaɲ"", -20.7824], [""=ti"", -20.7824], [""=pe"", -20.7824], [""xb-"", -21.0773], [""ad-"", -21.0773], [""xa-"", -21.0773], [""ti-"", -21.0773]]"
asarama	=pe	-23.9944	"[[""=pe"", -23.9944], [""=be"", -23.9944], [""=ti"", -23.9944], [""=mẽ"", -23.9944], [""Jaɲ"", -23.9944], [""=de"", -23.9944], [""ad-"", -24.2448], [""ti-"", -24.2448], [""is-"", -24.2448], [""mu-"", -24.2448]]"
asaraman	Jaɲ	-27.2426	"[[""Jaɲ"", -27.2426], [""=de"", -27.2426], [""=pe"", -27.2426], [""=ti"", -27.2426], [""=mẽ"", -27.2426], [""=be"", -27.2426], [""(†)pẽnẽ"", -27.3885], [""ux(i)-"", -27.4466], [""ax-"", -27.4599], [""ad-"", -27.4599]]"
asaramana	(†)pẽnẽ	-30.2891	"[[""(†)pẽnẽ"", -30.2891], [""ux(i)-"", -30.3571], [""=mẽ"", -30.5191], [""=de"", -30.5191], [""Jaɲ"", -30.5191], [""=pe"", -30.5191], [""=be"", -30.5191], [""=ti"", -30.5191], [""ti-"", -30.7105], [""xi-"", -30.7105]]"
asaramanad	(†)pẽnẽ	-31.0932	"[[""(†)pẽnẽ"", -31.0932], [""=mẽ"", -32.0594], [""Arɲnas"", -32.3151], [""kʷãn"", -32.5316], [""mar"", -32.6138], [""nur"", -32.6138], [""as"", -32.7434], [""es"", -32.7434], [""ux(i)-"", -33.3318], [""Krɲna"", -33.5995]]"
asarame	=ti	-20.6952	"[[""=ti"", -20.6952], [""Puwẽi"", -22.5477], [""γarãi"", -22.5499], [""ai"", -22.577], [""ti"", -22.577], [""si"", -22.577], [""ni"", -22.577], [""ebi"", -22.6237], [""eli"", -22.6237], [""eri"", -22.6237]]"
asaramei	xe/i-	-23.923	"[[""xe/i-"", -23.923], [""=ti"", -24.1925], [""m̃me/i-"", -25.0356], [""ti-"", -25.3415], [""si-"", -25.3415], [""xi-"", -25.3415], [""ti-(ti)"", -25.4231], [""es-(di)"", -25.4251], [""es-(ti)"", -25.4251], [""as-(ti)"", -25.4251]]"
asarameit	(†)pẽnẽ	-26.3663	"[[""(†)pẽnẽ"", -26.3663], [""Pubiele"", -26.6503], [""ux(i)-"", -26.7141], [""=we / =uwe"", -26.7346], [""xe/i-"", -26.7482], [""Tele"", -26.9548], [""=ewẽ"", -26.9548], [""Perikle"", -27.0412], [""Masa"", -27.0495], [""iða"", -27.1987]]"
asarameiti	ux(i)-	-29.1775	"[[""ux(i)-"", -29.1775], [""(†)pẽnẽ"", -29.6766], [""xe/i-"", -29.8477], [""Pubiele"", -29.8672], [""iwe-"", -30.0222], [""ite(/i)-"", -30.1168], [""=we / =uwe"", -30.2291], [""eb(e)"", -30.2677], [""=ewẽ"", -30.3148], [""Tele"", -30.3148]]"
asarameu	xe/i-	-23.923	"[[""xe/i-"", -23.923], [""=ti"", -24.1925], [""m̃me/i-"", -25.0356], [""ti-"", -25.3415], [""si-"", -25.3415], [""xi-"", -25.3415], [""ti-(ti)"", -25.4231], [""es-(di)"", -25.4251], [""es-(ti)"", -25.4251], [""as-(ti)"", -25.4251]]"
asarameun	ux(i)-	-26.7141	"[[""ux(i)-"", -26.7141], [""xe/i-"", -26.7484], [""ite(/i)-"", -27.6644], [""=ti"", -27.6883], [""m̃me/i-"", -27.8591], [""xi-"", -28.207], [""si-"", -28.207], [""ti-"", -28.207], [""ti-(ti)"", -28.2406], [""es-(ti)"", -28.2485]]"
asarameuna	ux(i)-	-29.1775	"[[""ux(i)-"", -29.1775], [""xe/i-"", -29.8534], [""ite(/i)-"", -30.119], [""win(i)-"", -30.8987], [""xal(i)-"", -30.907], [""m̃me/i-"", -30.9623], [""xike(/i)-"", -31.0274], [""ipre(/i)-"", -31.0283], [""nele(/i)-"", -31.0299], [""tẽpe(/i)-"", -31.0299]]"
asas	=be	-14.5247	"[[""=be"", -14.5247], [""=ti"", -14.5247], [""=mẽ"", -14.5247], [""Jaɲ"", -14.5247], [""=de"", -14.5247], [""=pe"", -14.5247], [""ax-"", -14.9765], [""xb-"", -14.9765], [""mu-"", -14.9765], [""is-"", -14.9765]]"
asasa	=be	-17.6191	"[[""=be"", -17.6191], [""=ti"", -17.6191], [""=pe"", -17.6191], [""=de"", -17.6191], [""=mẽ"", -17.6191], [""Jaɲ"", -17.6191], [""si-"", -17.9765], [""ti-"", -17.9765], [""mu-"", -17.9765], [""ad-"", -17.9765]]"
asasar	=be	-20.7824	"[[""=be"", -20.7824], [""=mẽ"", -20.7824], [""=de"", -20.7824], [""Jaɲ"", -20.7824], [""=ti"", -20.7824], [""=pe"", -20.7824], [""xb-"", -21.0773], [""ad-"", -21.0773], [""xa-"", -21.0773], [""ti-"", -21.0773]]"
asasara	=pe	-23.9944	"[[""=pe"", -23.9944], [""=be"", -23.9944], [""=ti"", -23.9944], [""=mẽ"", -23.9944], [""Jaɲ"", -23.9944], [""=de"", -23.9944], [""ad-"", -24.2448], [""ti-"", -24.2448], [""is-"", -24.2448], [""mu-"", -24.2448]]"
asasaram	Jaɲ	-27.2426	"[[""Jaɲ"", -27.2426], [""=de"", -27.2426], [""=pe"", -27.2426], [""=ti"", -27.2426], [""=mẽ"", -27.2426], [""=be"", -27.2426], [""(†)pẽnẽ"", -27.3885], [""ux(i)-"", -27.4466], [""ax-"", -27.4599], [""ad-"", -27.4599]]"
asasarama	(†)pẽnẽ	-30.2891	"[[""(†)pẽnẽ"", -30.2891], [""ux(i)-"", -30.3571], [""=mẽ"", -30.5191], [""=de"", -30.5191], [""Jaɲ"", -30.5191], [""=pe"", -30.5191], [""=be"", -30.5191], [""=ti"", -30.5191], [""ti-"", -30.7105], [""xi-"", -30.7105]]"
asasaraman	(†)pẽnẽ	-33.2542	"[[""(†)pẽnẽ"", -33.2542], [""ux(i)-"", -33.3318], [""kb-/tu-"", -33.7632], [""as-(ti)"", -33.7632], [""ma-(ti)"", -33.7632], [""ta-(di)"", -33.7632], [""es-(ti)"", -33.7632], [""es-(di)"", -33.7632], [""da-(di)"", -33.7632], [""la-(ti)"", -33.7632]]"
asasarame	=ti	-27.2038	"[[""=ti"", -27.2038], [""Puwẽi"", -28.8154], [""γarãi"", -28.8172], [""eli"", -29.3265], [""epi"", -29.3265], [""ẽti"", -29.3265], [""eri"", -29.3265], [""ebi"", -29.3265], [""eni"", -29.3265], [""eti"", -29.3265]]"
asasaramei	xe/i-	-30.3025	"[[""xe/i-"", -30.3025], [""=ti"", -30.7035], [""m̃me/i-"", -30.9946], [""ti-(ti)"", -31.2847], [""es-(ti)"", -31.2855], [""es-(di)"", -31.2855], [""xa-(di)"", -31.2855], [""ma-(ti)"", -31.2855], [""la-(ti)"", -31.2855], [""pu-(di)"", -31.2855]]"
asasarameu	xe/i-	-30.3025	"[[""xe/i-"", -30.3025], [""=ti"", -30.7035], [""m̃me/i-"", -30.9946], [""ti-(ti)"", -31.2847], [""es-(ti)"", -31.2855], [""es-(di)"", -31.2855], [""xa-(di)"", -31.2855], [""ma-(ti)"", -31.2855], [""la-(ti)"", -31.2855], [""pu-(di)"", -31.2855]]"
asau	=be	-14.5247	"[[""=be"", -14.5247], [""=ti"", -14.5247], [""=mẽ"", -14.5247], [""Jaɲ"", -14.5247], [""=de"", -14.5247], [""=pe"", -14.5247], [""ax-"", -14.9765], [""xb-"", -14.9765], [""mu-"", -14.9765], [""is-"", -14.9765]]"
asaun	=be	-17.6191	"[[""=be"", -17.6191], [""=ti"", -17.6191], [""=pe"", -17.6191], [""=de"", -17.6191], [""=mẽ"", -17.6191], [""Jaɲ"", -17.6191], [""si-"", -17.9765], [""ti-"", -17.9765], [""mu-"", -17.9765], [""ad-"", -17.9765]]"
asauna	=be	-20.7824	"[[""=be"", -20.7824], [""=mẽ"", -20.7824], [""=de"", -20.7824], [""Jaɲ"", -20.7824], [""=ti"", -20.7824], [""=pe"", -20.7824], [""xb-"", -21.0773], [""ad-"", -21.0773], [""xa-"", -21.0773], [""ti-"", -21.0773]]"
asaunak	=pe	-23.9944	"[[""=pe"", -23.9944], [""=be"", -23.9944], [""=ti"", -23.9944], [""=mẽ"", -23.9944], [""Jaɲ"", -23.9944], [""=de"", -23.9944], [""ad-"", -24.2448], [""ti-"", -24.2448], [""is-"", -24.2448], [""mu-"", -24.2448]]"
asaunaka	Jaɲ	-27.2426	"[[""Jaɲ"", -27.2426], [""=de"", -27.2426], [""=pe"", -27.2426], [""=ti"", -27.2426], [""=mẽ"", -27.2426], [""=be"", -27.2426], [""(†)pẽnẽ"", -27.3885], [""ux(i)-"", -27.4466], [""ax-"", -27.4599], [""ad-"", -27.4599]]"
asaunakan	(†)pẽnẽ	-30.2891	"[[""(†)pẽnẽ"", -30.2891], [""ux(i)-"", -30.3571], [""=mẽ"", -30.5191], [""=de"", -30.5191], [""Jaɲ"", -30.5191], [""=pe"", -30.5191], [""=be"", -30.5191], [""=ti"", -30.5191], [""ti-"", -30.7105], [""xi-"", -30.7105]]"
asaunakana	(†)pẽnẽ	-33.2542	"[[""(†)pẽnẽ"", -33.2542], [""ux(i)-"", -33.3318], [""kb-/tu-"", -33.7632], [""as-(ti)"", -33.7632], [""ma-(ti)"", -33.7632], [""ta-(di)"", -33.7632], [""es-(ti)"", -33.7632], [""es-(di)"", -33.7632], [""da-(di)"", -33.7632], [""la-(ti)"", -33.7632]]"
ase	=ti	-8.4315	"[[""=ti"", -8.4315], [""si"", -9.3933], [""ai"", -9.3933], [""ni"", -9.3933], [""ti"", -9.3933], [""ẽti"", -9.733], [""epi"", -9.733], [""ebi"", -9.733], [""eli"", -9.733], [""eni"", -9.733]]"
asek	=ti	-11.9096	"[[""=ti"", -11.9096], [""ti-"", -12.2188], [""xi-"", -12.2188], [""si-"", -12.2188], [""xe/i-"", -12.5249], [""is-"", -12.5661], [""tsi-"", -12.5904], [""ti"", -12.8904], [""ni"", -12.8904], [""ai"", -12.8904]]"
aseka	xi-	-15.052	"[[""xi-"", -15.052], [""si-"", -15.052], [""ti-"", -15.052], [""is-"", -15.3009], [""ux(i)-"", -15.3255], [""xe/i-"", -15.3448], [""=ti"", -15.3809], [""tsi-"", -15.4141], [""iwe-"", -15.6903], [""ije"", -16.3651]]"
asekan	ux(i)-	-17.7801	"[[""ux(i)-"", -17.7801], [""ti-"", -18.157], [""si-"", -18.157], [""xi-"", -18.157], [""is-"", -18.2515], [""xe/i-"", -18.444], [""iwe-"", -18.5129], [""tsi-"", -18.5181], [""=ti"", -18.8461], [""ite"", -19.5735]]"
asekana	ux(i)-	-20.6075	"[[""ux(i)-"", -20.6075], [""is-"", -21.3236], [""xi-"", -21.3758], [""si-"", -21.3758], [""ti-"", -21.3758], [""iwe-"", -21.5095], [""xe/i-"", -21.6575], [""tsi-"", -21.7377], [""s(ije)-"", -22.3035], [""=ti"", -22.3057]]"
asekanas	ux(i)-	-23.6084	"[[""ux(i)-"", -23.6084], [""is-"", -24.4737], [""iwe-"", -24.6081], [""xi-"", -24.6574], [""ti-"", -24.6574], [""si-"", -24.6574], [""a(i)-(di)"", -24.7801], [""xe/i-"", -24.9328], [""tsi-"", -25.0208], [""s(ije)-"", -25.1275]]"
asekanasi	ux(i)-	-26.7106	"[[""ux(i)-"", -26.7106], [""a(i)-(di)"", -27.149], [""is-"", -27.6781], [""ite(/i)-"", -27.7329], [""iwe-"", -27.774], [""xi-"", -27.979], [""ti-"", -27.979], [""si-"", -27.979], [""s(ije)-"", -28.0777], [""ti-(ti)"", -28.2347]]"
asekanasis	a(i)-(di)	-29.7309	"[[""a(i)-(di)"", -29.7309], [""ux(i)-"", -29.8793], [""ite(/i)-"", -30.4013], [""is-"", -30.9225], [""iwe-"", -30.9877], [""ti-(ti)"", -31.0853], [""s(ije)-"", -31.1136], [""si-"", -31.3282], [""ti-"", -31.3282], [""xi-"", -31.3282]]"
aser	=ti	-11.9096	"[[""=ti"", -11.9096], [""ti-"", -12.2188], [""xi-"", -12.2188], [""si-"", -12.2188], [""xe/i-"", -12.5249], [""is-"", -12.5661], [""tsi-"", -12.5904], [""ti"", -12.8904], [""ni"", -12.8904], [""ai"", -12.8904]]"
asera	xi-	-15.052	"[[""xi-"", -15.052], [""si-"", -15.052], [""ti-"", -15.052], [""is-"", -15.3009], [""ux(i)-"", -15.3255], [""xe/i-"", -15.3448], [""=ti"", -15.3809], [""tsi-"", -15.4141], [""iwe-"", -15.6903], [""ije"", -16.3651]]"
aserat	iða	-16.3471	"[[""iða"", -16.3471], [""ite"", -16.3588], [""ije"", -16.3588], [""iqta"", -16.3676], [""Tele"", -17.2362], [""=ewẽ"", -17.2362], [""Masa"", -17.3396], [""=mẽ"", -17.5096], [""=de"", -17.5096], [""=pe"", -17.5096]]"
aserate	Piɡrẽi	-15.0421	"[[""Piɡrẽi"", -15.0421], [""γarãi"", -17.3364], [""ai"", -17.5297], [""Puwẽi"", -17.6196], [""Piɲteusi"", -18.5049], [""ebei"", -18.9745], [""iwe-"", -19.1578], [""nei"", -19.2169], [""qbai"", -19.3095], [""trei"", -19.3171]]"
asi	Jaɲ	-11.5351	"[[""Jaɲ"", -11.5351], [""=pe"", -11.5351], [""=mẽ"", -11.5351], [""=ti"", -11.5351], [""=be"", -11.5351], [""=de"", -11.5351], [""is-"", -12.1474], [""mu-"", -12.1474], [""xb-"", -12.1474], [""xa-"", -12.1474]]"
asii	=be	-14.5247	"[[""=be"", -14.5247], [""=ti"", -14.5247], [""=mẽ"", -14.5247], [""Jaɲ"", -14.5247], [""=de"", -14.5247], [""=pe"", -14.5247], [""ax-"", -14.9765], [""xb-"", -14.9765], [""mu-"", -14.9765], [""is-"", -14.9765]]"
asiip	=pe	-17.6191	"[[""=pe"", -17.6191], [""=de"", -17.6191], [""Jaɲ"", -17.6191], [""=be"", -17.6191], [""=ti"", -17.6191], [""=mẽ"", -17.6191], [""xb-"", -17.9765], [""is-"", -17.9765], [""si-"", -17.9765], [""mu-"", -17.9765]]"
asiipi	=be	-20.7824	"[[""=be"", -20.7824], [""=pe"", -20.7824], [""=de"", -20.7824], [""=mẽ"", -20.7824], [""Jaɲ"", -20.7824], [""=ti"", -20.7824], [""xb-"", -21.0773], [""ad-"", -21.0773], [""xa-"", -21.0773], [""mu-"", -21.0773]]"
asiipin	=mẽ	-23.9944	"[[""=mẽ"", -23.9944], [""=pe"", -23.9944], [""=ti"", -23.9944], [""Jaɲ"", -23.9944], [""=de"", -23.9944], [""=be"", -23.9944], [""ax-"", -24.2448], [""ad-"", -24.2448], [""is-"", -24.2448], [""mu-"", -24.2448]]"
asiipina	Jaɲ	-27.2426	"[[""Jaɲ"", -27.2426], [""=de"", -27.2426], [""=be"", -27.2426], [""=ti"", -27.2426], [""=mẽ"", -27.2426], [""=pe"", -27.2426], [""(†)pẽnẽ"", -27.3885], [""ux(i)-"", -27.4466], [""ad-"", -27.4599], [""mu-"", -27.4599]]"
asiipinam	(†)pẽnẽ	-30.2891	"[[""(†)pẽnẽ"", -30.2891], [""ux(i)-"", -30.3571], [""=de"", -30.5191], [""=mẽ"", -30.5191], [""=pe"", -30.5191], [""=be"", -30.5191], [""=ti"", -30.5191], [""Jaɲ"", -30.5191], [""xi-"", -30.7105], [""mu-"", -30.7105]]"
asiipinama	(†)pẽnẽ	-33.2542	"[[""(†)pẽnẽ"", -33.2542], [""ux(i)-"", -33.3318], [""la-(ti)"", -33.7632], [""ta-(di)"", -33.7632], [""ti-(ti)"", -33.7632], [""es-(di)"", -33.7632], [""xa-(ti)"", -33.7632], [""pu-(di)"", -33.7632], [""xa-(di)"", -33.7632], [""es-(ti)"", -33.7632]]"
asir	=be	-14.5247	"[[""=be"", -14.5247], [""=ti"", -14.5247], [""=mẽ"", -14.5247], [""Jaɲ"", -14.5247], [""=de"", -14.5247], [""=pe"", -14.5247], [""ax-"", -14.9765], [""xb-"", -14.9765], [""mu-"", -14.9765], [""is-"", -14.9765]]"
asiru	=be	-17.6191	"[[""=be"", -17.6191], [""=ti"", -17.6191], [""=pe"", -17.6191], [""=de"", -17.6191], [""=mẽ"", -17.6191], [""Jaɲ"", -17.6191], [""si-"", -17.9765], [""ti-"", -17.9765], [""mu-"", -17.9765], [""ad-"", -17.9765]]"
asirut	Masa	-17.3396	"[[""Masa"", -17.3396], [""=ewẽ"", -17.3521], [""Tele"", -17.3521], [""=be"", -17.5124], [""=de"", -17.5124], [""=mẽ"", -17.5124], [""=pe"", -17.5124], [""Mula"", -17.6121], [""Iuba"", -17.6121], [""(†)pẽnẽ"", -18.0747]]"
asirute	γarãi	-17.3369	"[[""γarãi"", -17.3369], [""ai"", -17.5324], [""Puwẽi"", -17.6226], [""ebei"", -19.1559], [""nei"", -19.2335], [""qbai"", -19.3108], [""trei"", -19.3232], [""Piɡrẽi"", -19.5086], [""Mutlẽi"", -19.511], [""Merexi"", -20.5244]]"
asis	=be	-14.5247	"[[""=be"", -14.5247], [""=ti"", -14.5247], [""=mẽ"", -14.5247], [""Jaɲ"", -14.5247], [""=de"", -14.5247], [""=pe"", -14.5247], [""ax-"", -14.9765], [""xb-"", -14.9765], [""mu-"", -14.9765], [""is-"", -14.9765]]"
asisi	=be	-17.6191	"[[""=be"", -17.6191], [""=ti"", -17.6191], [""=pe"", -17.6191], [""=de"", -17.6191], [""=mẽ"", -17.6191], [""Jaɲ"", -17.6191], [""si-"", -17.9765], [""ti-"", -17.9765], [""mu-"", -17.9765], [""ad-"", -17.9765]]"
asisir	=be	-20.7824	"[[""=be"", -20.7824], [""=mẽ"", -20.7824], [""=de"", -20.7824], [""Jaɲ"", -20.7824], [""=ti"", -20.7824], [""=pe"", -20.7824], [""xb-"", -21.0773], [""ad-"", -21.0773], [""xa-"", -21.0773], [""ti-"", -21.0773]]"
ata	Masa	-8.725	"[[""Masa"", -8.725], [""Tele"", -8.7374], [""=ewẽ"", -8.7374], [""ada-"", -9.0879], [""Jaɲ"", -9.0909], [""ax-"", -9.1032], [""ad-"", -9.1032], [""xa-"", -9.1314], [""=pe"", -9.339], [""=mẽ"", -9.339]]"
atai	ada-	-11.6953	"[[""ada-"", -11.6953], [""ad-"", -11.8206], [""ax-"", -11.8206], [""Masa"", -11.9319], [""=ewẽ"", -11.9442], [""Tele"", -11.9442], [""xa-"", -11.9546], [""Jaɲ"", -12.1832], [""eru-"", -12.2185], [""aqa"", -12.5757]]"
ataiΘ	ada-	-14.6175	"[[""ada-"", -14.6175], [""ax-"", -14.7634], [""ad-"", -14.7634], [""eru-"", -15.0349], [""xa-"", -15.0545], [""Masa"", -15.2014], [""=ewẽ"", -15.2137], [""Tele"", -15.2137], [""Jaɲ"", -15.3908], [""tsa-"", -15.7003]]"
ataiΘu	ada-	-17.6811	"[[""ada-"", -17.6811], [""ax-"", -17.8311], [""ad-"", -17.8311], [""eru-"", -18.0281], [""xa-"", -18.2693], [""Masa"", -18.5107], [""Tele"", -18.523], [""=ewẽ"", -18.523], [""Jaɲ"", -18.662], [""tsa-"", -18.918]]"
ataiΘuj	ada-	-20.8278	"[[""ada-"", -20.8278], [""ad-"", -20.9785], [""ax-"", -20.9785], [""eru-"", -21.1244], [""xa-"", -21.5476], [""Masa"", -21.8475], [""Tele"", -21.8597], [""=ewẽ"", -21.8597], [""Jaɲ"", -21.9734], [""ẽne/i-"", -22.0249]]"
ataiΘuja	ada-	-24.0297	"[[""ada-"", -24.0297], [""ad-"", -24.181], [""ax-"", -24.181], [""eru-"", -24.2887], [""a(i)-(di)"", -24.3748], [""ite(/i)-"", -24.7894], [""kʷa-(ti)"", -24.8448], [""xa-"", -24.866], [""asa-(ti)"", -24.8826], [""as-(ti)"", -24.9152]]"
ataiΘw	Jaɲ	-13.3624	"[[""Jaɲ"", -13.3624], [""app"", -15.8657], [""epɲ"", -15.8778], [""alb"", -16.0743], [""Tlax"", -16.1825], [""Paɡda"", -16.6985], [""=ewẽ"", -16.7098], [""wex"", -16.7591], [""ada-"", -16.8964], [""ax-"", -16.9791]]"
ataiΘwa	ax-	-16.8692	"[[""ax-"", -16.8692], [""ad-"", -16.8692], [""Jaɲ"", -16.8694], [""app"", -19.1956], [""epɲ"", -19.2078], [""ada-"", -19.3976], [""Paɡda"", -19.5091], [""alb"", -19.5742], [""eb(e)"", -19.5807], [""=ewẽ"", -19.5934]]"
ataiΘwae	ebi	-17.5393	"[[""ebi"", -17.5393], [""eti"", -17.5393], [""ẽti"", -17.5393], [""epi"", -17.5393], [""Merexi"", -18.7102], [""=ti"", -18.7938], [""ẽkepi"", -19.0318], [""ax-"", -19.6972], [""ad-"", -19.6972], [""ebei"", -20.2051]]"
ataiΘwaea	kʷa-(ti)	-20.3899	"[[""kʷa-(ti)"", -20.3899], [""asa-(ti)"", -20.5345], [""as-(ti)"", -20.5614], [""es-(ti)"", -20.5734], [""es-(di)"", -20.5734], [""xa-(di)"", -20.7335], [""da-(di)"", -20.7335], [""xa-(ti)"", -20.7335], [""ta-(di)"", -20.7335], [""la-(ti)"", -20.7338]]"
ataiΘwaead	kʷa-(ti)	-23.2144	"[[""kʷa-(ti)"", -23.2144], [""asa-(ti)"", -23.3589], [""as-(ti)"", -23.3858], [""es-(ti)"", -23.3978], [""es-(di)"", -23.3978], [""da-(di)"", -23.558], [""ta-(di)"", -23.558], [""xa-(ti)"", -23.558], [""xa-(di)"", -23.558], [""ma-(ti)"", -23.5583]]"
ataiΘwaj	ad-	-19.6972	"[[""ad-"", -19.6972], [""ax-"", -19.6972], [""Jaɲ"", -20.3764], [""eb(e)"", -21.7918], [""ada-"", -22.2069], [""kʷa-(ti)"", -22.3124], [""wex-"", -22.4258], [""law-"", -22.4364], [""asa-(ti)"", -22.45], [""as-(ti)"", -22.4768]]"
ataiΘwaja	ax-	-22.8039	"[[""ax-"", -22.8039], [""ad-"", -22.8039], [""Jaɲ"", -23.8834], [""eb(e)"", -24.416], [""ada-"", -25.1902], [""kʷa-(ti)"", -25.2422], [""asa-(ti)"", -25.373], [""as-(ti)"", -25.4035], [""es-(ti)"", -25.4155], [""es-(di)"", -25.4155]]"
ataiΘwajaa	ad-	-26.0262	"[[""ad-"", -26.0262], [""ax-"", -26.0262], [""eb(e)"", -27.2482], [""Jaɲ"", -27.3904], [""ada-"", -28.28], [""kʷa-(ti)"", -28.2922], [""ebi(je)-"", -28.3151], [""a(i)-(di)"", -28.3907], [""axãt(i)-"", -28.4024], [""asa-(ti)"", -28.416]]"
ataiΘwajaj	ad-	-26.0262	"[[""ad-"", -26.0262], [""ax-"", -26.0262], [""eb(e)"", -27.2482], [""Jaɲ"", -27.3904], [""ada-"", -28.28], [""kʷa-(ti)"", -28.2922], [""ebi(je)-"", -28.3151], [""a(i)-(di)"", -28.3907], [""axãt(i)-"", -28.4024], [""asa-(ti)"", -28.416]]"
ataiΘwajas	ad-	-26.0262	"[[""ad-"", -26.0262], [""ax-"", -26.0262], [""eb(e)"", -27.2482], [""Jaɲ"", -27.3904], [""ada-"", -28.28], [""kʷa-(ti)"", -28.2922], [""ebi(je)-"", -28.3151], [""a(i)-(di)"", -28.3907], [""axãt(i)-"", -28.4024], [""asa-(ti)"", -28.416]]"
ataiΘwajat	=ewẽ	-23.9032	"[[""=ewẽ"", -23.9032], [""axa"", -24.5393], [""ada"", -24.5393], [""aqa"", -24.5393], [""epa"", -24.5518], [""aðẽ"", -24.5518], [""eke"", -24.5642], [""ebe"", -24.5642], [""epe"", -24.5642], [""Zaɡaba"", -25.0198]]"
ate	ai	-3.5036	"[[""ai"", -3.5036], [""γarãi"", -5.6281], [""ebei"", -6.2701], [""nei"", -6.3011], [""Puwẽi"", -6.3232], [""eri"", -6.907], [""eni"", -6.907], [""ẽti"", -6.907], [""epi"", -6.907], [""eli"", -6.907]]"
ati	Masa	-8.725	"[[""Masa"", -8.725], [""Tele"", -8.7374], [""=ewẽ"", -8.7374], [""ada-"", -9.0879], [""Jaɲ"", -9.0909], [""ax-"", -9.1032], [""ad-"", -9.1032], [""xa-"", -9.1314], [""=pe"", -9.339], [""=mẽ"", -9.339]]"
atiΘ	ada-	-11.6953	"[[""ada-"", -11.6953], [""ad-"", -11.8206], [""ax-"", -11.8206], [""Masa"", -11.9319], [""=ewẽ"", -11.9442], [""Tele"", -11.9442], [""xa-"", -11.9546], [""Jaɲ"", -12.1832], [""eru-"", -12.2185], [""aqa"", -12.5757]]"
atiΘw	Jaɲ	-9.8601	"[[""Jaɲ"", -9.8601], [""app"", -12.5815], [""epɲ"", -12.5936], [""Tlax"", -12.7598], [""alb"", -12.8498], [""Paɡda"", -13.2325], [""=ewẽ"", -13.2357], [""wex"", -13.2683], [""ada-"", -13.5677], [""ax-"", -13.6364]]"
atiΘwa	ad-	-13.3669	"[[""ad-"", -13.3669], [""ax-"", -13.3669], [""Jaɲ"", -13.3672], [""app"", -15.8716], [""epɲ"", -15.8838], [""ada-"", -15.9655], [""Paɡda"", -16.0395], [""=ewẽ"", -16.1062], [""eb(e)"", -16.1109], [""wex-"", -16.1182]]"
atiΘwaj	ad-	-16.1929	"[[""ad-"", -16.1929], [""ax-"", -16.1929], [""Jaɲ"", -16.8742], [""eb(e)"", -18.2999], [""ada-"", -18.7431], [""wex-"", -18.9368], [""law-"", -18.9477], [""Paɡda"", -19.1304], [""ãxra-"", -19.1993], [""app"", -19.2008]]"
atiΘwaja	ax-	-19.299	"[[""ax-"", -19.299], [""ad-"", -19.299], [""Jaɲ"", -20.3812], [""eb(e)"", -20.9179], [""ada-"", -21.7125], [""ãxra-"", -22.0217], [""wex-"", -22.0354], [""law-"", -22.0537], [""Paɡda"", -22.3382], [""†axɲta-"", -22.4367]]"
atu	Masa	-8.725	"[[""Masa"", -8.725], [""Tele"", -8.7374], [""=ewẽ"", -8.7374], [""ada-"", -9.0879], [""Jaɲ"", -9.0909], [""ax-"", -9.1032], [""ad-"", -9.1032], [""xa-"", -9.1314], [""=pe"", -9.339], [""=mẽ"", -9.339]]"
atur	ada-	-11.6953	"[[""ada-"", -11.6953], [""ad-"", -11.8206], [""ax-"", -11.8206], [""Masa"", -11.9319], [""=ewẽ"", -11.9442], [""Tele"", -11.9442], [""xa-"", -11.9546], [""Jaɲ"", -12.1832], [""eru-"", -12.2185], [""aqa"", -12.5757]]"
aturu	ada-	-14.6175	"[[""ada-"", -14.6175], [""ax-"", -14.7634], [""ad-"", -14.7634], [""eru-"", -15.0349], [""xa-"", -15.0545], [""Masa"", -15.2014], [""=ewẽ"", -15.2137], [""Tele"", -15.2137], [""Jaɲ"", -15.3908], [""tsa-"", -15.7003]]"
aturus	ada-	-17.6811	"[[""ada-"", -17.6811], [""ax-"", -17.8311], [""ad-"", -17.8311], [""eru-"", -18.0281], [""xa-"", -18.2693], [""Masa"", -18.5107], [""Tele"", -18.523], [""=ewẽ"", -18.523], [""Jaɲ"", -18.662], [""tsa-"", -18.918]]"
aturusa	ada-	-20.8278	"[[""ada-"", -20.8278], [""ad-"", -20.9785], [""ax-"", -20.9785], [""eru-"", -21.1244], [""xa-"", -21.5476], [""Masa"", -21.8475], [""Tele"", -21.8597], [""=ewẽ"", -21.8597], [""Jaɲ"", -21.9734], [""ẽne/i-"", -22.0249]]"
aturusai	ada-	-24.0297	"[[""ada-"", -24.0297], [""ad-"", -24.181], [""ax-"", -24.181], [""eru-"", -24.2887], [""a(i)-(di)"", -24.3748], [""ite(/i)-"", -24.7894], [""kʷa-(ti)"", -24.8448], [""xa-"", -24.866], [""asa-(ti)"", -24.8826], [""as-(ti)"", -24.9152]]"
aturusaid	as	-24.5415	"[[""as"", -24.5415], [""es"", -24.5539], [""arus"", -25.8653], [""a(i)-(di)"", -26.7627], [""kʷãn"", -26.8856], [""eru-"", -27.0415], [""Masa"", -27.1162], [""mar"", -27.22], [""ada-"", -27.2716], [""γarãi"", -27.2776]]"
aturusaida	as	-28.0487	"[[""as"", -28.0487], [""es"", -28.0611], [""arus"", -29.2597], [""a(i)-(di)"", -29.3094], [""kʷexn͂n-"", -29.5175], [""tem-/m̃m-"", -29.6784], [""arm̃ma-"", -29.7466], [""eru-"", -29.7476], [""adm̃ma-"", -29.7588], [""Masa"", -30.0374]]"
aun	Jaɲ	-11.5351	"[[""Jaɲ"", -11.5351], [""=pe"", -11.5351], [""=mẽ"", -11.5351], [""=ti"", -11.5351], [""=be"", -11.5351], [""=de"", -11.5351], [""is-"", -12.1474], [""mu-"", -12.1474], [""xb-"", -12.1474], [""xa-"", -12.1474]]"
auna	=be	-14.5247	"[[""=be"", -14.5247], [""=ti"", -14.5247], [""=mẽ"", -14.5247], [""Jaɲ"", -14.5247], [""=de"", -14.5247], [""=pe"", -14.5247], [""ax-"", -14.9765], [""xb-"", -14.9765], [""mu-"", -14.9765], [""is-"", -14.9765]]"
aunak	=be	-17.6191	"[[""=be"", -17.6191], [""=ti"", -17.6191], [""=pe"", -17.6191], [""=de"", -17.6191], [""=mẽ"", -17.6191], [""Jaɲ"", -17.6191], [""si-"", -17.9765], [""ti-"", -17.9765], [""mu-"", -17.9765], [""ad-"", -17.9765]]"
aunaka	=be	-20.7824	"[[""=be"", -20.7824], [""=mẽ"", -20.7824], [""=de"", -20.7824], [""Jaɲ"", -20.7824], [""=ti"", -20.7824], [""=pe"", -20.7824], [""xb-"", -21.0773], [""ad-"", -21.0773], [""xa-"", -21.0773], [""ti-"", -21.0773]]"
aunakan	=pe	-23.9944	"[[""=pe"", -23.9944], [""=be"", -23.9944], [""=ti"", -23.9944], [""=mẽ"", -23.9944], [""Jaɲ"", -23.9944], [""=de"", -23.9944], [""ad-"", -24.2448], [""ti-"", -24.2448], [""is-"", -24.2448], [""mu-"", -24.2448]]"
aunakana	Jaɲ	-27.2426	"[[""Jaɲ"", -27.2426], [""=de"", -27.2426], [""=pe"", -27.2426], [""=ti"", -27.2426], [""=mẽ"", -27.2426], [""=be"", -27.2426], [""(†)pẽnẽ"", -27.3885], [""ux(i)-"", -27.4466], [""ax-"", -27.4599], [""ad-"", -27.4599]]"
aut	Masa	-8.2229	"[[""Masa"", -8.2229], [""=ewẽ"", -8.2354], [""Tele"", -8.2354], [""=de"", -8.4435], [""=mẽ"", -8.4435], [""=be"", -8.4435], [""=pe"", -8.4435], [""Mula"", -8.7201], [""Iuba"", -8.7201], [""Jaɲ"", -9.0981]]"
auti	Masa	-11.3895	"[[""Masa"", -11.3895], [""=ewẽ"", -11.402], [""Tele"", -11.402], [""=de"", -11.9212], [""=pe"", -11.9212], [""=be"", -11.9212], [""=mẽ"", -11.9212], [""Jaɲ"", -11.9271], [""ada-"", -12.1883], [""xa-"", -12.2188]]"
autin	Masa	-14.6363	"[[""Masa"", -14.6363], [""Tele"", -14.6487], [""=ewẽ"", -14.6487], [""ada-"", -14.8637], [""Jaɲ"", -15.0292], [""xa-"", -15.052], [""eb(e)"", -15.254], [""ax-"", -15.3009], [""ad-"", -15.3009], [""=mẽ"", -15.3921]]"
autinu	ada-	-17.8354	"[[""ada-"", -17.8354], [""Masa"", -17.9313], [""=ewẽ"", -17.9437], [""Tele"", -17.9437], [""xa-"", -18.157], [""Jaɲ"", -18.2452], [""ad-"", -18.2515], [""ax-"", -18.2515], [""eb(e)"", -18.284], [""mla-"", -18.5181]]"
autinui	ada-	-20.9365	"[[""ada-"", -20.9365], [""Masa"", -21.2587], [""=ewẽ"", -21.2711], [""Tele"", -21.2711], [""ax-"", -21.3236], [""ad-"", -21.3236], [""xa-"", -21.3758], [""eb(e)"", -21.407], [""Jaɲ"", -21.5242], [""eru-"", -21.5317]]"
autinuin	ada-	-24.1125	"[[""ada-"", -24.1125], [""ax-"", -24.4737], [""ad-"", -24.4737], [""eb(e)"", -24.5736], [""Masa"", -24.6093], [""=ewẽ"", -24.6216], [""Tele"", -24.6216], [""eru-"", -24.6286], [""xa-"", -24.6574], [""kʷa-(ti)"", -24.6983]]"
autinuina	ada-	-27.338	"[[""ada-"", -27.338], [""kʷa-(ti)"", -27.3888], [""ite(/i)-"", -27.6024], [""ad-"", -27.6781], [""ax-"", -27.6781], [""eb(e)"", -27.7643], [""eru-"", -27.7933], [""a(i)-(di)"", -27.8642], [""Masa"", -27.9772], [""xa-"", -27.979]]"
autinuinai	kʷa-(ti)	-30.2188	"[[""kʷa-(ti)"", -30.2188], [""a(i)-(di)"", -30.2578], [""ite(/i)-"", -30.3236], [""ada-"", -30.5992], [""asa-(ti)"", -30.8438], [""ad-"", -30.9225], [""ax-"", -30.9225], [""eb(e)"", -30.9709], [""eru-"", -31.006], [""ma-(ti)"", -31.1071]]"
awa	xb-	-8.4485	"[[""xb-"", -8.4485], [""xɲt-"", -9.0332], [""xtt-"", -9.0332], [""wex-"", -9.0879], [""tub-"", -9.0879], [""=ti"", -9.0909], [""=be"", -9.0909], [""=de"", -9.0909], [""=pe"", -9.0909], [""ti-"", -9.1032]]"
awai	xb-	-11.2152	"[[""xb-"", -11.2152], [""xɲt-"", -11.646], [""xtt-"", -11.646], [""wex-"", -11.6953], [""tub-"", -11.6953], [""xi-"", -11.8206], [""ti-"", -11.8206], [""xa-"", -11.8206], [""ad-"", -11.9546], [""ax-"", -11.9546]]"
awaij	xb-	-14.2285	"[[""xb-"", -14.2285], [""xɲt-"", -14.569], [""xtt-"", -14.569], [""wex-"", -14.6175], [""tub-"", -14.6175], [""kʷla-"", -14.7035], [""xi-"", -14.7634], [""ti-"", -14.7634], [""xa-"", -14.7634], [""kdu-"", -14.9507]]"
awaija	kʷla-	-17.3261	"[[""kʷla-"", -17.3261], [""xb-"", -17.3572], [""xɲt-"", -17.6327], [""xtt-"", -17.6327], [""tub-"", -17.6811], [""wex-"", -17.6811], [""ti-"", -17.8311], [""xa-"", -17.8311], [""xi-"", -17.8311], [""dda-"", -17.9487]]"
awaΦ	xb-	-11.2152	"[[""xb-"", -11.2152], [""xɲt-"", -11.646], [""xtt-"", -11.646], [""wex-"", -11.6953], [""tub-"", -11.6953], [""xi-"", -11.8206], [""ti-"", -11.8206], [""xa-"", -11.8206], [""ad-"", -11.9546], [""ax-"", -11.9546]]"
aza	Tlax	-9.1276	"[[""Tlax"", -9.1276], [""law-"", -9.7733], [""mel-"", -9.7766], [""la"", -9.783], [""qal"", -10.4256], [""kʷla-"", -11.5066], [""=mẽ"", -11.5351], [""=ti"", -11.5351], [""=be"", -11.5351], [""=pe"", -11.5351]]"
azaΦ	law-	-12.2061	"[[""law-"", -12.2061], [""Tlax"", -12.2132], [""mel-"", -12.5981], [""la"", -12.8904], [""qal"", -13.926], [""kʷla-"", -14.2005], [""lada-"", -14.415], [""lawi-"", -14.415], [""lãta-"", -14.415], [""tlle-"", -14.4233]]"
azaΦn	law-	-15.0225	"[[""law-"", -15.0225], [""Tlax"", -15.416], [""mel-"", -15.7003], [""la"", -16.113], [""lada-"", -17.112], [""lawi-"", -17.112], [""lãta-"", -17.112], [""kʷla-"", -17.118], [""tlle-"", -17.2896], [""xal(i)-"", -17.2916]]"
azaΦni	law-	-18.0157	"[[""law-"", -18.0157], [""Tlax"", -18.6831], [""mel-"", -18.918], [""la"", -19.3992], [""la-(ti)"", -19.7298], [""xal(i)-"", -19.7402], [""lawi-"", -19.9824], [""lãta-"", -19.9824], [""lada-"", -19.9824], [""kʷla-"", -20.1583]]"
aΦn	Jaɲ	-11.5351	"[[""Jaɲ"", -11.5351], [""=pe"", -11.5351], [""=mẽ"", -11.5351], [""=ti"", -11.5351], [""=be"", -11.5351], [""=de"", -11.5351], [""is-"", -12.1474], [""mu-"", -12.1474], [""xb-"", -12.1474], [""xa-"", -12.1474]]"
aΦni	=be	-14.5247	"[[""=be"", -14.5247], [""=ti"", -14.5247], [""=mẽ"", -14.5247], [""Jaɲ"", -14.5247], [""=de"", -14.5247], [""=pe"", -14.5247], [""ax-"", -14.9765], [""xb-"", -14.9765], [""mu-"", -14.9765], [""is-"", -14.9765]]"
daa	si-	-8.3337	"[[""si-"", -8.3337], [""mu-"", -8.3337], [""mɲn-"", -8.6847], [""m̃mẽ"", -8.7028], [""m̃ma"", -8.7028], [""mel-"", -8.703], [""mla-"", -8.703], [""nun͂-"", -9.0051], [""is-"", -9.1389], [""nur"", -9.3539]]"
daau	nun͂-	-11.2142	"[[""nun͂-"", -11.2142], [""si-"", -11.2714], [""mu-"", -11.2714], [""mɲn-"", -11.5046], [""mla-"", -11.5182], [""mel-"", -11.5182], [""m̃ma"", -11.5188], [""m̃mẽ"", -11.5188], [""is-"", -12.2286], [""mar"", -12.5619]]"
dad	mar	-6.2311	"[[""mar"", -6.2311], [""nur"", -6.2311], [""m̃mẽ"", -6.2702], [""m̃ma"", -6.2702], [""snta"", -6.9688], [""mu-"", -8.2247], [""si-"", -8.2247], [""miren"", -8.3658], [""mɲn-"", -8.3937], [""nun͂-"", -8.618]]"
dada	mɲn-	-9.0445	"[[""mɲn-"", -9.0445], [""m̃ma"", -9.0714], [""m̃mẽ"", -9.0714], [""nur"", -9.7098], [""mar"", -9.7098], [""snta"", -9.7712], [""nun͂-"", -10.6653], [""si-"", -11.0488], [""mu-"", -11.0488], [""m̃me/i-"", -11.0884]]"
dadau	nun͂-	-11.7977	"[[""nun͂-"", -11.7977], [""mɲn-"", -11.874], [""m̃mẽ"", -12.1502], [""m̃ma"", -12.1502], [""snta"", -12.8592], [""nur"", -13.1885], [""mar"", -13.1885], [""m̃me/i-"", -13.3015], [""si-"", -14.0324], [""mu-"", -14.0324]]"
dadaut	m̃ma	-9.8519	"[[""m̃ma"", -9.8519], [""m̃mẽ"", -9.8643], [""=mẽ"", -12.6906], [""snta"", -12.8078], [""səm.ma"", -13.0032], [""sãma"", -13.1584], [""nẽne"", -13.1709], [""mere"", -13.1709], [""m̃para"", -13.2219], [""ne"", -13.3446]]"
dadauti	m̃ma	-13.3588	"[[""m̃ma"", -13.3588], [""m̃mẽ"", -13.3713], [""m̃me/i-"", -15.453], [""mruwe-"", -15.7157], [""mara-"", -16.0075], [""sɲne-"", -16.0474], [""xm̃me-"", -16.1821], [""=mẽ"", -16.1977], [""snta"", -16.3056], [""səm.ma"", -16.5045]]"
dadautin	m̃ma	-16.8657	"[[""m̃ma"", -16.8657], [""m̃mẽ"", -16.8781], [""m̃me/i-"", -17.6374], [""mruwe-"", -18.5407], [""mara-"", -18.8205], [""sɲne-"", -18.8735], [""xm̃me-"", -19.0082], [""m̃mai(je)-"", -19.6738], [""=mẽ"", -19.7048], [""snta"", -19.8033]]"
dadautinu	m̃me/i-	-20.2542	"[[""m̃me/i-"", -20.2542], [""m̃ma"", -20.3725], [""m̃mẽ"", -20.385], [""mruwe-"", -21.6454], [""mara-"", -21.9131], [""sɲne-"", -21.9795], [""m̃mai(je)-"", -22.057], [""xm̃me-"", -22.114], [""s(ije)-"", -22.3597], [""m̃mẽt(i)-"", -22.6534]]"
dadautinui	m̃me/i-	-23.0832	"[[""m̃me/i-"", -23.0832], [""m̃ma"", -23.8793], [""m̃mẽ"", -23.8917], [""m̃m(e)i-(di)"", -24.6531], [""m̃mai(je)-"", -24.7602], [""mruwe-"", -24.8658], [""sm̃ma-(ti)"", -25.0172], [""mara-"", -25.1215], [""m̃mẽt(i)-"", -25.1692], [""s(ije)-"", -25.1907]]"
daj	si-	-8.3337	"[[""si-"", -8.3337], [""mu-"", -8.3337], [""mɲn-"", -8.6847], [""m̃mẽ"", -8.7028], [""m̃ma"", -8.7028], [""mel-"", -8.703], [""mla-"", -8.703], [""nun͂-"", -9.0051], [""is-"", -9.1389], [""nur"", -9.3539]]"
daja	nun͂-	-11.2142	"[[""nun͂-"", -11.2142], [""si-"", -11.2714], [""mu-"", -11.2714], [""mɲn-"", -11.5046], [""mla-"", -11.5182], [""mel-"", -11.5182], [""m̃ma"", -11.5188], [""m̃mẽ"", -11.5188], [""is-"", -12.2286], [""mar"", -12.5619]]"
dajaj	nun͂-	-13.8325	"[[""nun͂-"", -13.8325], [""mu-"", -14.3361], [""si-"", -14.3361], [""mɲn-"", -14.4999], [""mel-"", -14.5108], [""mla-"", -14.5108], [""m̃mẽ"", -14.5118], [""m̃ma"", -14.5118], [""is-"", -15.4346], [""s(ije)-"", -15.6749]]"
dajaja	nun͂-	-16.6577	"[[""nun͂-"", -16.6577], [""si-"", -17.4814], [""mu-"", -17.4814], [""mɲn-"", -17.5978], [""mel-"", -17.6068], [""mla-"", -17.6068], [""m̃mẽ"", -17.6082], [""m̃ma"", -17.6082], [""s(ije)-"", -18.1676], [""m̃me/i-"", -18.4269]]"
dajas	nun͂-	-13.8325	"[[""nun͂-"", -13.8325], [""mu-"", -14.3361], [""si-"", -14.3361], [""mɲn-"", -14.4999], [""mel-"", -14.5108], [""mla-"", -14.5108], [""m̃mẽ"", -14.5118], [""m̃ma"", -14.5118], [""is-"", -15.4346], [""s(ije)-"", -15.6749]]"
dam	si-	-8.3337	"[[""si-"", -8.3337], [""mu-"", -8.3337], [""mɲn-"", -8.6847], [""m̃mẽ"", -8.7028], [""m̃ma"", -8.7028], [""mel-"", -8.703], [""mla-"", -8.703], [""nun͂-"", -9.0051], [""is-"", -9.1389], [""nur"", -9.3539]]"
dama	nun͂-	-11.2142	"[[""nun͂-"", -11.2142], [""si-"", -11.2714], [""mu-"", -11.2714], [""mɲn-"", -11.5046], [""mla-"", -11.5182], [""mel-"", -11.5182], [""m̃ma"", -11.5188], [""m̃mẽ"", -11.5188], [""is-"", -12.2286], [""mar"", -12.5619]]"
damat	mẽ	-10.5277	"[[""mẽ"", -10.5277], [""se"", -10.5277], [""me"", -10.5277], [""ne"", -10.5277], [""m̃ma"", -11.2516], [""m̃mẽ"", -11.2637], [""sãma"", -12.3433], [""maga"", -12.3489], [""maxa"", -12.3489], [""mere"", -12.3558]]"
damate	nei	-10.5258	"[[""nei"", -10.5258], [""neni"", -13.833], [""trei"", -13.9131], [""ni"", -14.0216], [""si"", -14.0216], [""se"", -14.0225], [""ne"", -14.0225], [""me"", -14.0225], [""mẽ"", -14.0225], [""ai"", -14.0252]]"
das	si-	-8.3337	"[[""si-"", -8.3337], [""mu-"", -8.3337], [""mɲn-"", -8.6847], [""m̃mẽ"", -8.7028], [""m̃ma"", -8.7028], [""mel-"", -8.703], [""mla-"", -8.703], [""nun͂-"", -9.0051], [""is-"", -9.1389], [""nur"", -9.3539]]"
dase	si	-7.009	"[[""si"", -7.009], [""ni"", -7.009], [""neni"", -9.344], [""nei"", -9.3486], [""suti"", -9.3573], [""si-"", -10.1341], [""eni"", -10.4259], [""eri"", -10.4259], [""pri"", -10.4263], [""xri"", -10.4263]]"
daser	si-	-9.8598	"[[""si-"", -9.8598], [""ni"", -10.5162], [""si"", -10.5162], [""m̃me/i-"", -11.8185], [""maxi-"", -12.2078], [""nei"", -12.8422], [""neni"", -12.8452], [""suti"", -12.8625], [""siðe"", -13.2599], [""nipe"", -13.2599]]"
dasera	si-	-12.6858	"[[""si-"", -12.6858], [""ni"", -14.0234], [""si"", -14.0234], [""m̃me/i-"", -14.6347], [""s(ije)-"", -14.6652], [""maxi-"", -15.0327], [""tsi-"", -16.1029], [""nei"", -16.3358], [""neni"", -16.3457], [""ma-(ti)"", -16.3542]]"
daserat	si-	-15.7918	"[[""si-"", -15.7918], [""miða"", -16.3342], [""nipe"", -16.3459], [""siðe"", -16.3459], [""sije"", -16.3459], [""siqla"", -16.3618], [""s(ije)-"", -16.705], [""m̃ma"", -17.467], [""m̃mẽ"", -17.476], [""se"", -17.528]]"
daserate	nei	-17.5232	"[[""nei"", -17.5232], [""Piɡrẽi"", -18.1467], [""si-"", -19.0098], [""s(ije)-"", -19.1278], [""sixla-"", -19.2117], [""miɲti"", -19.5647], [""sije"", -19.8186], [""nipe"", -19.8186], [""siðe"", -19.8186], [""miða"", -19.8227]]"
dau	si-	-8.3337	"[[""si-"", -8.3337], [""mu-"", -8.3337], [""mɲn-"", -8.6847], [""m̃mẽ"", -8.7028], [""m̃ma"", -8.7028], [""mel-"", -8.703], [""mla-"", -8.703], [""nun͂-"", -9.0051], [""is-"", -9.1389], [""nur"", -9.3539]]"
daut	me	-7.0214	"[[""me"", -7.0214], [""se"", -7.0214], [""ne"", -7.0214], [""mẽ"", -7.0214], [""m̃ma"", -8.3079], [""m̃mẽ"", -8.3199], [""sãma"", -9.0713], [""maxa"", -9.0784], [""maga"", -9.0784], [""nẽne"", -9.0838]]"
dauti	se	-10.5286	"[[""se"", -10.5286], [""mẽ"", -10.5286], [""me"", -10.5286], [""ne"", -10.5286], [""m̃ma"", -11.7893], [""m̃mẽ"", -11.8009], [""mara-"", -11.909], [""maxa-"", -11.916], [""nele₁"", -11.9284], [""nele₂"", -11.9284]]"
dautin	se	-14.0358	"[[""se"", -14.0358], [""me"", -14.0358], [""ne"", -14.0358], [""mẽ"", -14.0358], [""s(ije)-"", -14.3567], [""mara-"", -14.619], [""maxa-"", -14.6252], [""nele₂"", -14.6376], [""nele₁"", -14.6376], [""mla-"", -14.9983]]"
dautinu	s(ije)-	-16.8137	"[[""s(ije)-"", -16.8137], [""se"", -17.543], [""ne"", -17.543], [""me"", -17.543], [""mẽ"", -17.543], [""mara-"", -17.618], [""maxa-"", -17.6236], [""nele₂"", -17.636], [""nele₁"", -17.636], [""mla-"", -18.1078]]"
dautinui	s(ije)-	-19.6422	"[[""s(ije)-"", -19.6422], [""mara-"", -20.7413], [""ma-(ti)"", -20.743], [""maxa-"", -20.7464], [""nele₁"", -20.7588], [""nele₂"", -20.7588], [""me"", -21.0502], [""se"", -21.0502], [""mẽ"", -21.0502], [""ne"", -21.0502]]"
dautinuin	s(ije)-	-22.6442	"[[""s(ije)-"", -22.6442], [""ma-(ti)"", -23.2261], [""mara-"", -23.9356], [""maxa-"", -23.9402], [""nele₁"", -23.9526], [""nele₂"", -23.9526], [""nele(/i)-"", -24.2742], [""m̃me/i-"", -24.4526], [""mel-"", -24.4692], [""me"", -24.5574]]"
dautinuina	s(ije)-	-25.7475	"[[""s(ije)-"", -25.7475], [""ma-(ti)"", -25.9206], [""nele(/i)-"", -26.8057], [""mara-"", -27.1765], [""maxa-"", -27.1807], [""nele₁"", -27.1931], [""nele₂"", -27.1931], [""m̃me/i-"", -27.4898], [""mel-"", -27.6757], [""maxi-"", -27.7748]]"
daw	mɲn-	-6.8164	"[[""mɲn-"", -6.8164], [""stta"", -6.9157], [""sɲta"", -6.9157], [""nte"", -6.9224], [""mu-"", -8.3337], [""si-"", -8.3337], [""Jaɲ"", -8.4315], [""n͂tepi"", -8.6867], [""m̃ma"", -8.7028], [""m̃mẽ"", -8.7028]]"
dawa	mɲn-	-9.0587	"[[""mɲn-"", -9.0587], [""mltt-"", -9.0646], [""stta"", -9.7188], [""sɲta"", -9.7188], [""sɲne-"", -9.7612], [""mɲnu-"", -9.7612], [""nte"", -9.766], [""nun͂-"", -11.2142], [""n͂tepi"", -11.2195], [""si-"", -11.2714]]"
dawai	mɲn-	-11.7924	"[[""mɲn-"", -11.7924], [""mltt-"", -11.8813], [""mɲnu-"", -12.1986], [""sɲne-"", -12.1986], [""stta"", -12.8081], [""sɲta"", -12.8081], [""nte"", -12.878], [""s(ije)-"", -13.7268], [""nun͂-"", -13.8325], [""n͂tepi"", -14.0957]]"
dawaij	mɲn-	-14.7425	"[[""mɲn-"", -14.7425], [""mltt-"", -14.974], [""sɲne-"", -15.0164], [""mɲnu-"", -15.0164], [""stta"", -16.0149], [""sɲta"", -16.0149], [""nte"", -16.103], [""s(ije)-"", -16.2349], [""m̃mẽt(i)-"", -16.6249], [""nun͂-"", -16.6577]]"
dawaija	mɲn-	-17.8143	"[[""mɲn-"", -17.8143], [""sɲne-"", -18.0103], [""mɲnu-"", -18.0103], [""mltt-"", -18.1816], [""s(ije)-"", -18.983], [""m̃mẽt(i)-"", -19.0729], [""stta"", -19.2863], [""sɲta"", -19.2863], [""nte"", -19.3905], [""nun͂-"", -19.6097]]"
dij	si-	-8.3337	"[[""si-"", -8.3337], [""mu-"", -8.3337], [""mɲn-"", -8.6847], [""m̃mẽ"", -8.7028], [""m̃ma"", -8.7028], [""mel-"", -8.703], [""mla-"", -8.703], [""nun͂-"", -9.0051], [""is-"", -9.1389], [""nur"", -9.3539]]"
dija	nun͂-	-11.2142	"[[""nun͂-"", -11.2142], [""si-"", -11.2714], [""mu-"", -11.2714], [""mɲn-"", -11.5046], [""mla-"", -11.5182], [""mel-"", -11.5182], [""m̃ma"", -11.5188], [""m̃mẽ"", -11.5188], [""is-"", -12.2286], [""mar"", -12.5619]]"
dik	si-	-8.3337	"[[""si-"", -8.3337], [""mu-"", -8.3337], [""mɲn-"", -8.6847], [""m̃mẽ"", -8.7028], [""m̃ma"", -8.7028], [""mel-"", -8.703], [""mla-"", -8.703], [""nun͂-"", -9.0051], [""is-"", -9.1389], [""nur"", -9.3539]]"
diki	nun͂-	-11.2142	"[[""nun͂-"", -11.2142], [""si-"", -11.2714], [""mu-"", -11.2714], [""mɲn-"", -11.5046], [""mla-"", -11.5182], [""mel-"", -11.5182], [""m̃ma"", -11.5188], [""m̃mẽ"", -11.5188], [""is-"", -12.2286], [""mar"", -12.5619]]"
dikit	mẽ	-10.5277	"[[""mẽ"", -10.5277], [""se"", -10.5277], [""me"", -10.5277], [""ne"", -10.5277], [""m̃ma"", -11.2516], [""m̃mẽ"", -11.2637], [""sãma"", -12.3433], [""maga"", -12.3489], [""maxa"", -12.3489], [""mere"", -12.3558]]"
dikite	nei	-10.5258	"[[""nei"", -10.5258], [""neni"", -13.833], [""trei"", -13.9131], [""ni"", -14.0216], [""si"", -14.0216], [""se"", -14.0225], [""ne"", -14.0225], [""me"", -14.0225], [""mẽ"", -14.0225], [""ai"", -14.0252]]"
dikites	nei	-14.033	"[[""nei"", -14.033], [""m̃me/i-"", -16.2926], [""maxi-"", -16.6529], [""si-"", -16.8635], [""s(ije)-"", -17.1265], [""neni"", -17.3143], [""trei"", -17.4202], [""si"", -17.5288], [""ni"", -17.5288], [""se"", -17.5297]]"
dikitesi	nei	-17.5402	"[[""nei"", -17.5402], [""m̃me/i-"", -19.1009], [""s(ije)-"", -19.4049], [""maxi-"", -19.4759], [""si-"", -19.6939], [""m̃mẽt(i)-"", -20.1095], [""nele(/i)-"", -20.7951], [""neni"", -20.7956], [""nere/i-"", -20.8196], [""nẽne/i-"", -20.8196]]"
dikitesir	nei	-21.0473	"[[""nei"", -21.0473], [""s(ije)-"", -22.0759], [""m̃me/i-"", -22.1806], [""m̃mẽt(i)-"", -22.5629], [""maxi-"", -22.5722], [""si-"", -22.8014], [""m̃mai(je)-"", -22.8911], [""nele(/i)-"", -23.1925], [""ma-(ti)"", -23.6353], [""nẽne/i-"", -23.8621]]"
dikitesira	nei	-24.5545	"[[""nei"", -24.5545], [""s(ije)-"", -24.9402], [""m̃mai(je)-"", -24.9964], [""m̃me/i-"", -25.3708], [""m̃mẽt(i)-"", -25.3889], [""maxi-"", -25.7826], [""nele(/i)-"", -25.9353], [""si-"", -26.0241], [""ma-(ti)"", -26.3908], [""nere/i-"", -27.0073]]"
dikitet	nei	-14.0321	"[[""nei"", -14.0321], [""mmaite"", -15.7614], [""m̃me/i-"", -16.292], [""meipẽme"", -16.3357], [""sãma"", -16.637], [""maga"", -16.6378], [""maxa"", -16.6378], [""mere"", -16.6484], [""nẽne"", -16.6484], [""meðe"", -16.6491]]"
dikitete	nei	-16.4397	"[[""nei"", -16.4397], [""γarãi"", -18.0985], [""Piɡrẽi"", -18.739], [""m̃me/i-"", -18.8454], [""s(ije)-"", -19.1532], [""mmaite"", -19.1572], [""neni"", -19.329], [""mara-"", -19.3595], [""maxa-"", -19.3608], [""nele₁"", -19.3668]]"
dikiteter	m̃me/i-	-19.6598	"[[""m̃me/i-"", -19.6598], [""nei"", -19.9472], [""m̃mai(je)-"", -20.3133], [""nere/i-"", -20.596], [""nẽne/i-"", -20.596], [""s(ije)-"", -20.7573], [""side/i-"", -20.8638], [""nure/i-"", -21.0321], [""ma-(ti)"", -21.4469], [""γarãi"", -21.6056]]"
dikitetere	m̃me/i-	-22.4773	"[[""m̃me/i-"", -22.4773], [""m̃mai(je)-"", -22.7161], [""nei"", -22.9415], [""s(ije)-"", -23.2878], [""nele(/i)-"", -23.3195], [""nẽne/i-"", -23.3305], [""nere/i-"", -23.3305], [""side/i-"", -23.6208], [""muneit(i)-"", -23.7562], [""nure/i-"", -23.8412]]"
dikitu	me	-14.0349	"[[""me"", -14.0349], [""mẽ"", -14.0349], [""se"", -14.0349], [""ne"", -14.0349], [""m̃ma"", -14.7404], [""m̃mẽ"", -14.7522], [""mara-"", -15.1814], [""maxa-"", -15.187], [""nele₂"", -15.1993], [""nele₁"", -15.1993]]"
dikituj	s(ije)-	-17.169	"[[""s(ije)-"", -17.169], [""ne"", -17.5421], [""mẽ"", -17.5421], [""se"", -17.5421], [""me"", -17.5421], [""mara-"", -17.9156], [""maxa-"", -17.9206], [""nele₁"", -17.933], [""nele₂"", -17.933], [""mla-"", -18.2141]]"
dikituja	s(ije)-	-19.629	"[[""s(ije)-"", -19.629], [""mara-"", -20.9343], [""maxa-"", -20.9389], [""nele₁"", -20.9513], [""nele₂"", -20.9513], [""mẽ"", -21.0493], [""se"", -21.0493], [""ne"", -21.0493], [""me"", -21.0493], [""mla-"", -21.3273]]"
dikitujas	s(ije)-	-22.4592	"[[""s(ije)-"", -22.4592], [""mara-"", -24.0742], [""maxa-"", -24.0784], [""nele₂"", -24.0908], [""nele₁"", -24.0908], [""ma-(ti)"", -24.2238], [""m̃me/i-"", -24.4394], [""mla-"", -24.5509], [""ne"", -24.5565], [""me"", -24.5565]]"
ead	is-	-6.7768	"[[""is-"", -6.7768], [""es"", -7.6916], [""iwe-"", -8.7027], [""ijãnis"", -8.8073], [""si-"", -8.9096], [""itsre"", -9.0354], [""=mẽ"", -9.098], [""ti-"", -9.1389], [""xi-"", -9.1389], [""miren"", -9.3183]]"
eadi	is-	-6.3567	"[[""is-"", -6.3567], [""ijas-"", -9.123], [""tis-"", -9.804], [""es"", -11.197], [""iwe-"", -11.5181], [""si-"", -11.7281], [""itsre"", -11.8501], [""=mẽ"", -11.9271], [""ijãnis"", -11.9757], [""mɲn-"", -12.1883]]"
eadik	is-	-9.1811	"[[""is-"", -9.1811], [""ijas-"", -11.9463], [""tis-"", -12.6283], [""iwe-"", -14.5107], [""es"", -14.7023], [""si-"", -14.7098], [""mɲn-"", -14.8637], [""itsre"", -14.9448], [""nun͂-"", -14.9723], [""=mẽ"", -15.0292]]"
eadiki	is-	-12.2866	"[[""is-"", -12.2866], [""ijas-"", -15.0501], [""tis-"", -15.7338], [""win(i)-"", -17.3162], [""nun͂-"", -17.3363], [""iwe-"", -17.6067], [""si-"", -17.7963], [""mɲn-"", -17.8354], [""itsre"", -18.1552], [""es"", -18.2076]]"
eadikit	is-	-15.5082	"[[""is-"", -15.5082], [""=mẽ"", -16.2027], [""itsre"", -16.6754], [""ijãna"", -16.7736], [""pise"", -17.4789], [""tise"", -17.4789], [""me"", -17.5421], [""se"", -17.5421], [""ne"", -17.5421], [""mẽ"", -17.5421]]"
eadikite	nei	-17.5402	"[[""nei"", -17.5402], [""is-"", -18.7937], [""γarãi"", -18.8013], [""Piɡrẽi"", -18.9198], [""=mẽ"", -19.6973], [""trei"", -19.8898], [""itsre"", -20.1689], [""ijãna"", -20.278], [""Puwẽi"", -20.7854], [""neni"", -20.7858]]"
eadikitet	nei	-21.0465	"[[""nei"", -21.0465], [""inaxe/i-"", -21.5283], [""is-"", -22.1194], [""itsre/i-"", -22.1389], [""əmmije"", -22.2209], [""γarãi"", -22.3052], [""Ssaxa"", -22.3123], [""Ssewa"", -22.3177], [""Piɡrẽi"", -22.4245], [""mmaite"", -22.4473]]"
eadikitete	nei	-23.4541	"[[""nei"", -23.4541], [""inaxe/i-"", -23.7183], [""γarãi"", -24.0965], [""Piɡrẽi"", -24.3973], [""ipre(/i)-"", -24.4931], [""win(i)-"", -24.5799], [""itsre/i-"", -24.5895], [""ite(/i)-"", -25.1531], [""Hutsetẽi"", -25.279], [""Hutseimi"", -25.3976]]"
edi	is-	-2.8526	"[[""is-"", -2.8526], [""ijas-"", -6.3244], [""tis-"", -6.3302], [""es"", -7.7523], [""si-"", -8.4523], [""iwe-"", -8.7027], [""itsre"", -9.0356], [""mɲn-"", -9.0879], [""=mẽ"", -9.0908], [""mu-"", -9.1032]]"
edij	is-	-5.6759	"[[""is-"", -5.6759], [""ijas-"", -9.1458], [""tis-"", -9.1535], [""es"", -11.2575], [""si-"", -11.3367], [""iwe-"", -11.5181], [""mɲn-"", -11.6953], [""mu-"", -11.8206], [""win(i)-"", -11.847], [""nun͂-"", -11.867]]"
edija	is-	-8.781	"[[""is-"", -8.781], [""ijas-"", -12.2481], [""tis-"", -12.2585], [""win(i)-"", -13.8476], [""nun͂-"", -14.1858], [""si-"", -14.3775], [""iwe-"", -14.5107], [""mɲn-"", -14.6175], [""es"", -14.7626], [""mu-"", -14.7634]]"
eid	is-	-6.7768	"[[""is-"", -6.7768], [""es"", -7.6916], [""iwe-"", -8.7027], [""ijãnis"", -8.8073], [""si-"", -8.9096], [""itsre"", -9.0354], [""=mẽ"", -9.098], [""ti-"", -9.1389], [""xi-"", -9.1389], [""miren"", -9.3183]]"
eida	is-	-6.3567	"[[""is-"", -6.3567], [""ijas-"", -9.123], [""tis-"", -9.804], [""es"", -11.197], [""iwe-"", -11.5181], [""si-"", -11.7281], [""itsre"", -11.8501], [""=mẽ"", -11.9271], [""ijãnis"", -11.9757], [""mɲn-"", -12.1883]]"
eidaj	is-	-9.1811	"[[""is-"", -9.1811], [""ijas-"", -11.9463], [""tis-"", -12.6283], [""iwe-"", -14.5107], [""es"", -14.7023], [""si-"", -14.7098], [""mɲn-"", -14.8637], [""itsre"", -14.9448], [""nun͂-"", -14.9723], [""=mẽ"", -15.0292]]"
eidaja	is-	-12.2866	"[[""is-"", -12.2866], [""ijas-"", -15.0501], [""tis-"", -15.7338], [""win(i)-"", -17.3162], [""nun͂-"", -17.3363], [""iwe-"", -17.6067], [""si-"", -17.7963], [""mɲn-"", -17.8354], [""itsre"", -18.1552], [""es"", -18.2076]]"
eidajaj	is-	-15.5082	"[[""is-"", -15.5082], [""ijas-"", -18.2698], [""tis-"", -18.9553], [""win(i)-"", -19.7678], [""nun͂-"", -20.0748], [""xis-(ti)"", -20.699], [""iwe-"", -20.7708], [""ite(/i)-"", -20.8618], [""mɲn-"", -20.9365], [""si-"", -20.9541]]"
eidajaja	is-	-18.7937	"[[""is-"", -18.7937], [""ijas-"", -21.5529], [""tis-"", -22.2407], [""win(i)-"", -22.4515], [""nun͂-"", -22.9928], [""xis-(ti)"", -23.1758], [""ite(/i)-"", -23.48], [""ipre(/i)-"", -23.8995], [""es-(ti)"", -23.9084], [""es-(di)"", -23.9084]]"
eidi	is-	-6.3567	"[[""is-"", -6.3567], [""ijas-"", -9.123], [""tis-"", -9.804], [""es"", -11.197], [""iwe-"", -11.5181], [""si-"", -11.7281], [""itsre"", -11.8501], [""=mẽ"", -11.9271], [""ijãnis"", -11.9757], [""mɲn-"", -12.1883]]"
eij	is-	-8.3337	"[[""is-"", -8.3337], [""iwe-"", -8.7027], [""ti-"", -9.1389], [""xi-"", -9.1389], [""si-"", -9.1389], [""ije"", -9.3631], [""ite"", -9.3631], [""iða"", -9.3632], [""ti"", -10.4301], [""ni"", -10.4301]]"
eija	is-	-11.2714	"[[""is-"", -11.2714], [""iwe-"", -11.5181], [""si-"", -12.2286], [""xi-"", -12.2286], [""ti-"", -12.2286], [""ite"", -12.5687], [""ije"", -12.5687], [""iða"", -12.5688], [""ijas-"", -13.6186], [""si"", -13.9074]]"
eijas	is-	-14.3361	"[[""is-"", -14.3361], [""iwe-"", -14.5107], [""si-"", -15.4346], [""xi-"", -15.4346], [""ti-"", -15.4346], [""ite"", -15.8391], [""ije"", -15.8391], [""iða"", -15.8391], [""ite(/i)-"", -16.1976], [""ijas-"", -16.4861]]"
eijasa	is-	-17.4814	"[[""is-"", -17.4814], [""iwe-"", -17.6067], [""ite(/i)-"", -18.4076], [""si-"", -18.7045], [""ti-"", -18.7045], [""xi-"", -18.7045], [""ije"", -19.1504], [""ite"", -19.1504], [""iða"", -19.1505], [""ite-(ti)"", -19.2881]]"
eijasas	is-	-20.6825	"[[""is-"", -20.6825], [""iwe-"", -20.7708], [""ite(/i)-"", -20.8618], [""ite-(ti)"", -21.8557], [""ije-(ti)"", -21.8557], [""ti-"", -22.0149], [""si-"", -22.0149], [""xi-"", -22.0149], [""ti-(ti)"", -22.3766], [""ite"", -22.4902]]"
eijasasa	ite(/i)-	-23.48	"[[""ite(/i)-"", -23.48], [""is-"", -23.9244], [""iwe-"", -23.9831], [""ite-(ti)"", -24.5733], [""ije-(ti)"", -24.5733], [""ti-(ti)"", -25.2007], [""ti-"", -25.3533], [""si-"", -25.3533], [""xi-"", -25.3533], [""ipre(/i)-"", -25.5648]]"
eijasau	is-	-20.6825	"[[""is-"", -20.6825], [""iwe-"", -20.7708], [""ite(/i)-"", -20.8618], [""ite-(ti)"", -21.8557], [""ije-(ti)"", -21.8557], [""ti-"", -22.0149], [""si-"", -22.0149], [""xi-"", -22.0149], [""ti-(ti)"", -22.3766], [""ite"", -22.4902]]"
eijasaun	ite(/i)-	-23.48	"[[""ite(/i)-"", -23.48], [""is-"", -23.9244], [""iwe-"", -23.9831], [""ite-(ti)"", -24.5733], [""ije-(ti)"", -24.5733], [""ti-(ti)"", -25.2007], [""ti-"", -25.3533], [""si-"", -25.3533], [""xi-"", -25.3533], [""ipre(/i)-"", -25.5648]]"
eijasauna	ite(/i)-	-26.2166	"[[""ite(/i)-"", -26.2166], [""is-"", -27.1975], [""iwe-"", -27.2316], [""ije-(ti)"", -27.3987], [""ite-(ti)"", -27.3987], [""ti-(ti)"", -28.1232], [""ipre(/i)-"", -28.2579], [""ti-"", -28.7122], [""si-"", -28.7122], [""xi-"", -28.7122]]"
eijasaunak	ite(/i)-	-29.0428	"[[""ite(/i)-"", -29.0428], [""ite-(ti)"", -30.3053], [""ije-(ti)"", -30.3053], [""is-"", -30.4953], [""iwe-"", -30.508], [""ipre(/i)-"", -31.0377], [""ti-(ti)"", -31.1185], [""ijas-"", -31.999], [""si-"", -32.0868], [""ti-"", -32.0868]]"
eik	is-	-8.3337	"[[""is-"", -8.3337], [""iwe-"", -8.7027], [""ti-"", -9.1389], [""xi-"", -9.1389], [""si-"", -9.1389], [""ije"", -9.3631], [""ite"", -9.3631], [""iða"", -9.3632], [""ti"", -10.4301], [""ni"", -10.4301]]"
eike	is-	-11.2083	"[[""is-"", -11.2083], [""=ti"", -11.3198], [""iwe-"", -11.5101], [""ije"", -12.1396], [""ite"", -12.1396], [""ti-"", -12.2091], [""xi-"", -12.2091], [""si-"", -12.2091], [""iða"", -12.355], [""ite(/i)-"", -12.3678]]"
eiket	iqta	-12.3487	"[[""iqta"", -12.3487], [""iða"", -12.3535], [""ije"", -12.3582], [""ite"", -12.3582], [""əmmije"", -12.7157], [""=ewẽ"", -14.1173], [""Tele"", -14.1173], [""iwe-"", -14.1288], [""ite(/i)-"", -14.1499], [""ijãna"", -14.1753]]"
eiketa	ite(/i)-	-14.6683	"[[""ite(/i)-"", -14.6683], [""iwe-"", -15.1452], [""iða"", -15.849], [""ite"", -15.8536], [""ije"", -15.8536], [""iqta"", -15.8537], [""əmmije"", -16.1958], [""ipre(/i)-"", -16.8291], [""ije-(ti)"", -17.0165], [""ite-(ti)"", -17.0165]]"
eiketan	ite(/i)-	-17.1174	"[[""ite(/i)-"", -17.1174], [""iwe-"", -17.9962], [""ipre(/i)-"", -19.2514], [""iða"", -19.3442], [""ite"", -19.3489], [""ije"", -19.3489], [""iqta"", -19.3579], [""əmmije"", -19.6756], [""win(i)-"", -19.8718], [""ite-(ti)"", -19.9967]]"
eiketana	ite(/i)-	-19.9154	"[[""ite(/i)-"", -19.9154], [""iwe-"", -21.1069], [""ipre(/i)-"", -21.8723], [""win(i)-"", -22.7], [""s(ije)-"", -22.7935], [""ije-(ti)"", -22.8225], [""ite-(ti)"", -22.8225], [""iða"", -22.8394], [""ite"", -22.8439], [""ije"", -22.8439]]"
eiketanai	ite(/i)-	-22.8542	"[[""ite(/i)-"", -22.8542], [""iwe-"", -24.3281], [""ipre(/i)-"", -24.5144], [""ije-(ti)"", -25.5297], [""ite-(ti)"", -25.5297], [""s(ije)-"", -25.6228], [""win(i)-"", -25.7016], [""ux(i)-"", -26.0827], [""xike(/i)-"", -26.2701], [""iða"", -26.3343]]"
eiketanaiΘ	ite(/i)-	-25.8574	"[[""ite(/i)-"", -25.8574], [""ipre(/i)-"", -27.1917], [""iwe-"", -27.6109], [""ite-(ti)"", -28.2593], [""ije-(ti)"", -28.2593], [""s(ije)-"", -28.6223], [""win(i)-"", -28.8045], [""ux(i)-"", -29.1877], [""xike(/i)-"", -29.2225], [""ebi(je)-"", -29.5544]]"
eit	iða	-6.2457	"[[""iða"", -6.2457], [""ije"", -6.2576], [""ite"", -6.2576], [""iqta"", -6.2703], [""Masa"", -8.2229], [""=ewẽ"", -8.2328], [""Tele"", -8.2328], [""is-"", -8.3337], [""ijãna"", -8.3769], [""iwe-"", -8.4176]]"
eiti	iwe-	-9.0715	"[[""iwe-"", -9.0715], [""iða"", -9.7383], [""ije"", -9.7501], [""ite"", -9.7501], [""iqta"", -9.7748], [""is-"", -11.2714], [""Masa"", -11.3895], [""Tele"", -11.4001], [""=ewẽ"", -11.4001], [""ijãna"", -11.6437]]"
eja	is-	-8.3337	"[[""is-"", -8.3337], [""iwe-"", -8.7027], [""ti-"", -9.1389], [""xi-"", -9.1389], [""si-"", -9.1389], [""ije"", -9.3631], [""ite"", -9.3631], [""iða"", -9.3632], [""ti"", -10.4301], [""ni"", -10.4301]]"
eka	is-	-8.3337	"[[""is-"", -8.3337], [""iwe-"", -8.7027], [""ti-"", -9.1389], [""xi-"", -9.1389], [""si-"", -9.1389], [""ije"", -9.3631], [""ite"", -9.3631], [""iða"", -9.3632], [""ti"", -10.4301], [""ni"", -10.4301]]"
ekan	is-	-11.2714	"[[""is-"", -11.2714], [""iwe-"", -11.5181], [""si-"", -12.2286], [""xi-"", -12.2286], [""ti-"", -12.2286], [""ite"", -12.5687], [""ije"", -12.5687], [""iða"", -12.5688], [""ijas-"", -13.6186], [""si"", -13.9074]]"
ekana	is-	-14.3361	"[[""is-"", -14.3361], [""iwe-"", -14.5107], [""si-"", -15.4346], [""xi-"", -15.4346], [""ti-"", -15.4346], [""ite"", -15.8391], [""ije"", -15.8391], [""iða"", -15.8391], [""ite(/i)-"", -16.1976], [""ijas-"", -16.4861]]"
ekanas	is-	-17.4814	"[[""is-"", -17.4814], [""iwe-"", -17.6067], [""ite(/i)-"", -18.4076], [""si-"", -18.7045], [""ti-"", -18.7045], [""xi-"", -18.7045], [""ije"", -19.1504], [""ite"", -19.1504], [""iða"", -19.1505], [""ite-(ti)"", -19.2881]]"
ekanasi	is-	-20.6825	"[[""is-"", -20.6825], [""iwe-"", -20.7708], [""ite(/i)-"", -20.8618], [""ite-(ti)"", -21.8557], [""ije-(ti)"", -21.8557], [""ti-"", -22.0149], [""si-"", -22.0149], [""xi-"", -22.0149], [""ti-(ti)"", -22.3766], [""ite"", -22.4902]]"
ekanasis	ite(/i)-	-23.48	"[[""ite(/i)-"", -23.48], [""is-"", -23.9244], [""iwe-"", -23.9831], [""ite-(ti)"", -24.5733], [""ije-(ti)"", -24.5733], [""ti-(ti)"", -25.2007], [""ti-"", -25.3533], [""si-"", -25.3533], [""xi-"", -25.3533], [""ipre(/i)-"", -25.5648]]"
ekanasisi	ite(/i)-	-26.2166	"[[""ite(/i)-"", -26.2166], [""is-"", -27.1975], [""iwe-"", -27.2316], [""ije-(ti)"", -27.3987], [""ite-(ti)"", -27.3987], [""ti-(ti)"", -28.1232], [""ipre(/i)-"", -28.2579], [""ti-"", -28.7122], [""si-"", -28.7122], [""xi-"", -28.7122]]"
ekanasisir	ite(/i)-	-29.0428	"[[""ite(/i)-"", -29.0428], [""ite-(ti)"", -30.3053], [""ije-(ti)"", -30.3053], [""is-"", -30.4953], [""iwe-"", -30.508], [""ipre(/i)-"", -31.0377], [""ti-(ti)"", -31.1185], [""ijas-"", -31.999], [""si-"", -32.0868], [""ti-"", -32.0868]]"
era	is-	-8.3337	"[[""is-"", -8.3337], [""iwe-"", -8.7027], [""ti-"", -9.1389], [""xi-"", -9.1389], [""si-"", -9.1389], [""ije"", -9.3631], [""ite"", -9.3631], [""iða"", -9.3632], [""ti"", -10.4301], [""ni"", -10.4301]]"
erat	iða	-9.3524	"[[""iða"", -9.3524], [""iqta"", -9.3573], [""ite"", -9.3644], [""ije"", -9.3644], [""Masa"", -11.1374], [""Tele"", -11.1477], [""=ewẽ"", -11.1477], [""ijãna"", -11.2556], [""is-"", -11.2714], [""iwe-"", -11.2968]]"
erate	ai	-10.5171	"[[""ai"", -10.5171], [""γarãi"", -11.1344], [""Puwẽi"", -11.539], [""iwe-"", -12.1634], [""ebei"", -12.3104], [""Piɡrẽi"", -12.5161], [""nei"", -12.6203], [""qbai"", -12.83], [""ite"", -12.8365], [""ije"", -12.8365]]"
ere	is-	-8.2247	"[[""is-"", -8.2247], [""=ti"", -8.4278], [""iwe-"", -8.6888], [""ije"", -8.8988], [""ite"", -8.8988], [""iða"", -9.0837], [""ti"", -9.1137], [""ni"", -9.1137], [""si"", -9.1137], [""ai"", -9.1137]]"
erep	is-	-11.0488	"[[""is-"", -11.0488], [""iwe-"", -11.254], [""ti-"", -11.5629], [""xi-"", -11.5629], [""si-"", -11.5629], [""=ti"", -11.906], [""ite"", -12.0488], [""ije"", -12.0488], [""iða"", -12.1744], [""xe/i-"", -12.2313]]"
esi	is-	-8.3337	"[[""is-"", -8.3337], [""iwe-"", -8.7027], [""ti-"", -9.1389], [""xi-"", -9.1389], [""si-"", -9.1389], [""ije"", -9.3631], [""ite"", -9.3631], [""iða"", -9.3632], [""ti"", -10.4301], [""ni"", -10.4301]]"
esir	is-	-11.2714	"[[""is-"", -11.2714], [""iwe-"", -11.5181], [""si-"", -12.2286], [""xi-"", -12.2286], [""ti-"", -12.2286], [""ite"", -12.5687], [""ije"", -12.5687], [""iða"", -12.5688], [""ijas-"", -13.6186], [""si"", -13.9074]]"
esira	is-	-14.3361	"[[""is-"", -14.3361], [""iwe-"", -14.5107], [""si-"", -15.4346], [""xi-"", -15.4346], [""ti-"", -15.4346], [""ite"", -15.8391], [""ije"", -15.8391], [""iða"", -15.8391], [""ite(/i)-"", -16.1976], [""ijas-"", -16.4861]]"
eta	iwe-	-6.2565	"[[""iwe-"", -6.2565], [""iða"", -6.8955], [""ije"", -6.907], [""ite"", -6.907], [""iqta"", -6.9732], [""is-"", -8.3337], [""Masa"", -8.725], [""Tele"", -8.7352], [""=ewẽ"", -8.7352], [""ijas-"", -8.9679]]"
etan	iwe-	-9.0787	"[[""iwe-"", -9.0787], [""iða"", -10.3741], [""ite"", -10.3852], [""ije"", -10.3852], [""iqta"", -10.4741], [""is-"", -11.2714], [""ijas-"", -11.6771], [""ada-"", -11.6953], [""ax-"", -11.8206], [""ad-"", -11.8206]]"
etana	iwe-	-12.1736	"[[""iwe-"", -12.1736], [""iða"", -13.8528], [""ije"", -13.8636], [""ite"", -13.8636], [""iqta"", -13.9732], [""is-"", -14.3361], [""ite(/i)-"", -14.3883], [""ipre(/i)-"", -14.5437], [""ijas-"", -14.6066], [""ada-"", -14.6175]]"
etanai	iwe-	-15.3825	"[[""iwe-"", -15.3825], [""ite(/i)-"", -16.3318], [""ipre(/i)-"", -16.449], [""ije-(ti)"", -17.1277], [""ite-(ti)"", -17.1277], [""iða"", -17.3315], [""ite"", -17.342], [""ije"", -17.342], [""iqta"", -17.4705], [""is-"", -17.4814]]"
etanaiΘ	iwe-	-18.6544	"[[""iwe-"", -18.6544], [""ite(/i)-"", -18.6706], [""ipre(/i)-"", -18.774], [""ije-(ti)"", -19.6108], [""ite-(ti)"", -19.6108], [""is-"", -20.6825], [""ijas-"", -20.7909], [""iða"", -20.8103], [""ije"", -20.8205], [""ite"", -20.8205]]"
etanaiΘt	ite(/i)-	-21.2399	"[[""ite(/i)-"", -21.2399], [""ipre(/i)-"", -21.3377], [""Masa"", -21.9054], [""Tele"", -21.9278], [""=ewẽ"", -21.9278], [""iwe-"", -21.9503], [""Paɡda"", -21.9802], [""=we / =uwe"", -22.1912], [""ite-(ti)"", -22.3035], [""ije-(ti)"", -22.3035]]"
etanaiΘti	eb(e)	-23.8285	"[[""eb(e)"", -23.8285], [""ite(/i)-"", -23.9611], [""ipre(/i)-"", -24.0566], [""iwe-"", -24.6813], [""ije-(ti)"", -25.1315], [""ite-(ti)"", -25.1315], [""itatsa-"", -25.2888], [""Masa"", -25.3792], [""=ewẽ"", -25.4012], [""Tele"", -25.4012]]"
etanaiΘtij	eb(e)	-26.6557	"[[""eb(e)"", -26.6557], [""ite(/i)-"", -26.7894], [""ipre(/i)-"", -26.8842], [""iwe-"", -27.7558], [""ite-(ti)"", -28.0525], [""ije-(ti)"", -28.0525], [""itatsa-"", -28.1287], [""ada-"", -28.2885], [""ãxra-"", -28.3167], [""Masa"", -28.8531]]"
ete	ai	-3.5027	"[[""ai"", -3.5027], [""γarãi"", -5.6281], [""ebei"", -6.0817], [""iwe-"", -6.2553], [""nei"", -6.2946], [""Puwẽi"", -6.3232], [""Piɡrẽi"", -6.8482], [""ite"", -6.8575], [""ije"", -6.8575], [""iða"", -6.8686]]"
eter	ai	-7.0099	"[[""ai"", -7.0099], [""iwe-"", -9.0527], [""γarãi"", -9.133], [""ebei"", -9.5869], [""aite"", -9.7558], [""nei"", -9.8017], [""Puwẽi"", -9.8301], [""ite"", -10.3112], [""ije"", -10.3112], [""iða"", -10.3217]]"
etere	ai	-9.8253	"[[""ai"", -9.8253], [""γarãi"", -11.5303], [""ite(/i)-"", -11.6899], [""ipre(/i)-"", -11.8259], [""ebei"", -11.9861], [""iwe-"", -12.13], [""aite"", -12.3903], [""eli"", -12.5552], [""epi"", -12.5552], [""eti"", -12.5552]]"
eterep	ai	-13.333	"[[""ai"", -13.333], [""ite(/i)-"", -13.7586], [""ipre(/i)-"", -13.8834], [""inaxe/i-"", -14.0827], [""ete/i-"", -14.2985], [""ẽne/i-"", -14.2985], [""ite-(ti)"", -14.3575], [""ije-(ti)"", -14.3575], [""itlexe/i-"", -14.4169], [""iprexe/i-"", -14.4169]]"
eto	iwe-	-6.2565	"[[""iwe-"", -6.2565], [""neu"", -6.2951], [""ẽmu"", -6.8842], [""amu"", -6.8955], [""iða"", -6.8955], [""ije"", -6.907], [""ite"", -6.907], [""iqta"", -6.9732], [""adru"", -6.9741], [""is-"", -8.3337]]"
etoi	iwe-	-9.0787	"[[""iwe-"", -9.0787], [""eru-"", -9.7126], [""neu"", -9.8022], [""ẽmu"", -10.3639], [""iða"", -10.3741], [""amu"", -10.3749], [""ite"", -10.3852], [""ije"", -10.3852], [""iqta"", -10.4741], [""adru"", -10.4768]]"
etoij	iwe-	-12.1736	"[[""iwe-"", -12.1736], [""eru-"", -12.5353], [""neu"", -13.3093], [""ẽmu"", -13.8436], [""iða"", -13.8528], [""amu"", -13.8543], [""ite"", -13.8636], [""ije"", -13.8636], [""iqta"", -13.9732], [""adru"", -13.9776]]"
etoija	iwe-	-15.3825	"[[""iwe-"", -15.3825], [""eru-"", -15.6308], [""ite(/i)-"", -16.3318], [""ipre(/i)-"", -16.449], [""neu"", -16.8164], [""ije-(ti)"", -17.1277], [""ite-(ti)"", -17.1277], [""ẽmu"", -17.3233], [""iða"", -17.3315], [""amu"", -17.3337]]"
etu	iwe-	-6.2565	"[[""iwe-"", -6.2565], [""iða"", -6.8955], [""ije"", -6.907], [""ite"", -6.907], [""iqta"", -6.9732], [""is-"", -8.3337], [""Masa"", -8.725], [""Tele"", -8.7352], [""=ewẽ"", -8.7352], [""ijas-"", -8.9679]]"
etum	iwe-	-9.0787	"[[""iwe-"", -9.0787], [""iða"", -10.3741], [""ite"", -10.3852], [""ije"", -10.3852], [""iqta"", -10.4741], [""is-"", -11.2714], [""ijas-"", -11.6771], [""ada-"", -11.6953], [""ax-"", -11.8206], [""ad-"", -11.8206]]"
etume	ai	-10.5153	"[[""ai"", -10.5153], [""γarãi"", -11.9264], [""iwe-"", -12.1731], [""ite(/i)-"", -12.3703], [""ebei"", -12.4789], [""ipre(/i)-"", -12.4808], [""eri"", -12.8455], [""ẽti"", -12.8455], [""eni"", -12.8455], [""ebi"", -12.8455]]"
etumei	ai	-14.0225	"[[""ai"", -14.0225], [""ite(/i)-"", -14.1705], [""inaxe/i-"", -14.1864], [""ipre(/i)-"", -14.2757], [""ẽne/i-"", -14.4013], [""ete/i-"", -14.4013], [""ite-(ti)"", -14.4015], [""ije-(ti)"", -14.4015], [""itlexe/i-"", -14.5304], [""iprexe/i-"", -14.5304]]"
etumeij	ite(/i)-	-14.679	"[[""ite(/i)-"", -14.679], [""ipre(/i)-"", -14.7828], [""inaxe/i-"", -17.0096], [""ite-(ti)"", -17.1982], [""ije-(ti)"", -17.1982], [""ete/i-"", -17.2245], [""ẽne/i-"", -17.2245], [""itlexe/i-"", -17.3534], [""iprexe/i-"", -17.3534], [""ai"", -17.5297]]"
etumeija	ite(/i)-	-17.1337	"[[""ite(/i)-"", -17.1337], [""ipre(/i)-"", -17.2374], [""inaxe/i-"", -20.1134], [""ite-(ti)"", -20.2584], [""ije-(ti)"", -20.2584], [""ete/i-"", -20.3282], [""ẽne/i-"", -20.3282], [""itlexe/i-"", -20.4568], [""iprexe/i-"", -20.4568], [""xike(/i)-"", -20.5863]]"
etumeijas	ite(/i)-	-19.9611	"[[""ite(/i)-"", -19.9611], [""ipre(/i)-"", -20.0647], [""inaxe/i-"", -23.3327], [""xike(/i)-"", -23.4136], [""ije-(ti)"", -23.4191], [""ite-(ti)"", -23.4191], [""a(i)-(di)"", -23.4261], [""ẽne/i-"", -23.5474], [""ete/i-"", -23.5474], [""iprexe/i-"", -23.6758]]"
etumeijasa	ite(/i)-	-22.962	"[[""ite(/i)-"", -22.962], [""ipre(/i)-"", -23.0656], [""a(i)-(di)"", -25.4782], [""xike(/i)-"", -26.4142], [""inaxe/i-"", -26.6153], [""ite-(ti)"", -26.6283], [""ije-(ti)"", -26.6283], [""ete/i-"", -26.83], [""ẽne/i-"", -26.83], [""itlexe/i-"", -26.9579]]"
eun	is-	-8.3337	"[[""is-"", -8.3337], [""iwe-"", -8.7027], [""ti-"", -9.1389], [""xi-"", -9.1389], [""si-"", -9.1389], [""ije"", -9.3631], [""ite"", -9.3631], [""iða"", -9.3632], [""ti"", -10.4301], [""ni"", -10.4301]]"
euna	is-	-11.2714	"[[""is-"", -11.2714], [""iwe-"", -11.5181], [""si-"", -12.2286], [""xi-"", -12.2286], [""ti-"", -12.2286], [""ite"", -12.5687], [""ije"", -12.5687], [""iða"", -12.5688], [""ijas-"", -13.6186], [""si"", -13.9074]]"
eunak	is-	-14.3361	"[[""is-"", -14.3361], [""iwe-"", -14.5107], [""si-"", -15.4346], [""xi-"", -15.4346], [""ti-"", -15.4346], [""ite"", -15.8391], [""ije"", -15.8391], [""iða"", -15.8391], [""ite(/i)-"", -16.1976], [""ijas-"", -16.4861]]"
eunaka	is-	-17.4814	"[[""is-"", -17.4814], [""iwe-"", -17.6067], [""ite(/i)-"", -18.4076], [""si-"", -18.7045], [""ti-"", -18.7045], [""xi-"", -18.7045], [""ije"", -19.1504], [""ite"", -19.1504], [""iða"", -19.1505], [""ite-(ti)"", -19.2881]]"
eunakan	is-	-20.6825	"[[""is-"", -20.6825], [""iwe-"", -20.7708], [""ite(/i)-"", -20.8618], [""ite-(ti)"", -21.8557], [""ije-(ti)"", -21.8557], [""ti-"", -22.0149], [""si-"", -22.0149], [""xi-"", -22.0149], [""ti-(ti)"", -22.3766], [""ite"", -22.4902]]"
eunakana	ite(/i)-	-23.48	"[[""ite(/i)-"", -23.48], [""is-"", -23.9244], [""iwe-"", -23.9831], [""ite-(ti)"", -24.5733], [""ije-(ti)"", -24.5733], [""ti-(ti)"", -25.2007], [""ti-"", -25.3533], [""si-"", -25.3533], [""xi-"", -25.3533], [""ipre(/i)-"", -25.5648]]"
eunakanas	ite(/i)-	-26.2166	"[[""ite(/i)-"", -26.2166], [""is-"", -27.1975], [""iwe-"", -27.2316], [""ije-(ti)"", -27.3987], [""ite-(ti)"", -27.3987], [""ti-(ti)"", -28.1232], [""ipre(/i)-"", -28.2579], [""ti-"", -28.7122], [""si-"", -28.7122], [""xi-"", -28.7122]]"
eunakanasi	ite(/i)-	-29.0428	"[[""ite(/i)-"", -29.0428], [""ite-(ti)"", -30.3053], [""ije-(ti)"", -30.3053], [""is-"", -30.4953], [""iwe-"", -30.508], [""ipre(/i)-"", -31.0377], [""ti-(ti)"", -31.1185], [""ijas-"", -31.999], [""si-"", -32.0868], [""ti-"", -32.0868]]"
eunar	is-	-14.3361	"[[""is-"", -14.3361], [""iwe-"", -14.5107], [""si-"", -15.4346], [""xi-"", -15.4346], [""ti-"", -15.4346], [""ite"", -15.8391], [""ije"", -15.8391], [""iða"", -15.8391], [""ite(/i)-"", -16.1976], [""ijas-"", -16.4861]]"
eunaru	is-	-17.4814	"[[""is-"", -17.4814], [""iwe-"", -17.6067], [""ite(/i)-"", -18.4076], [""si-"", -18.7045], [""ti-"", -18.7045], [""xi-"", -18.7045], [""ije"", -19.1504], [""ite"", -19.1504], [""iða"", -19.1505], [""ite-(ti)"", -19.2881]]"
eunaruk	is-	-20.6825	"[[""is-"", -20.6825], [""iwe-"", -20.7708], [""ite(/i)-"", -20.8618], [""ite-(ti)"", -21.8557], [""ije-(ti)"", -21.8557], [""ti-"", -22.0149], [""si-"", -22.0149], [""xi-"", -22.0149], [""ti-(ti)"", -22.3766], [""ite"", -22.4902]]"
eunaruka	ite(/i)-	-23.48	"[[""ite(/i)-"", -23.48], [""is-"", -23.9244], [""iwe-"", -23.9831], [""ite-(ti)"", -24.5733], [""ije-(ti)"", -24.5733], [""ti-(ti)"", -25.2007], [""ti-"", -25.3533], [""si-"", -25.3533], [""xi-"", -25.3533], [""ipre(/i)-"", -25.5648]]"
eunarukan	ite(/i)-	-26.2166	"[[""ite(/i)-"", -26.2166], [""is-"", -27.1975], [""iwe-"", -27.2316], [""ije-(ti)"", -27.3987], [""ite-(ti)"", -27.3987], [""ti-(ti)"", -28.1232], [""ipre(/i)-"", -28.2579], [""ti-"", -28.7122], [""si-"", -28.7122], [""xi-"", -28.7122]]"
eunarukana	ite(/i)-	-29.0428	"[[""ite(/i)-"", -29.0428], [""ite-(ti)"", -30.3053], [""ije-(ti)"", -30.3053], [""is-"", -30.4953], [""iwe-"", -30.508], [""ipre(/i)-"", -31.0377], [""ti-(ti)"", -31.1185], [""ijas-"", -31.999], [""si-"", -32.0868], [""ti-"", -32.0868]]"
ida	mɲn-	-9.0879	"[[""mɲn-"", -9.0879], [""=mẽ"", -9.0909], [""si-"", -9.1032], [""mu-"", -9.1032], [""is-"", -9.1314], [""mar"", -9.3632], [""nur"", -9.3632], [""m̃mẽ"", -9.6941], [""m̃ma"", -9.6941], [""mel-"", -9.7733]]"
idaa	mɲn-	-11.6953	"[[""mɲn-"", -11.6953], [""mu-"", -11.8206], [""si-"", -11.8206], [""nun͂-"", -11.867], [""is-"", -11.9546], [""m̃ma"", -12.166], [""m̃mẽ"", -12.166], [""=mẽ"", -12.1832], [""mla-"", -12.2061], [""mel-"", -12.2061]]"
idaau	nun͂-	-14.1858	"[[""nun͂-"", -14.1858], [""mɲn-"", -14.6175], [""mu-"", -14.7634], [""si-"", -14.7634], [""m̃ma"", -14.9964], [""m̃mẽ"", -14.9964], [""mla-"", -15.0225], [""mel-"", -15.0225], [""is-"", -15.0545], [""=mẽ"", -15.3908]]"
idaj	mɲn-	-11.6953	"[[""mɲn-"", -11.6953], [""mu-"", -11.8206], [""si-"", -11.8206], [""nun͂-"", -11.867], [""is-"", -11.9546], [""m̃ma"", -12.166], [""m̃mẽ"", -12.166], [""=mẽ"", -12.1832], [""mla-"", -12.2061], [""mel-"", -12.2061]]"
idaja	nun͂-	-14.1858	"[[""nun͂-"", -14.1858], [""mɲn-"", -14.6175], [""mu-"", -14.7634], [""si-"", -14.7634], [""m̃ma"", -14.9964], [""m̃mẽ"", -14.9964], [""mla-"", -15.0225], [""mel-"", -15.0225], [""is-"", -15.0545], [""=mẽ"", -15.3908]]"
idajaj	nun͂-	-16.8867	"[[""nun͂-"", -16.8867], [""mɲn-"", -17.6811], [""mu-"", -17.8311], [""si-"", -17.8311], [""m̃mẽ"", -17.9969], [""m̃ma"", -17.9969], [""mla-"", -18.0157], [""mel-"", -18.0157], [""is-"", -18.2693], [""=mẽ"", -18.662]]"
idajaja	nun͂-	-19.7736	"[[""nun͂-"", -19.7736], [""mɲn-"", -20.8278], [""si-"", -20.9785], [""mu-"", -20.9785], [""m̃mẽ"", -21.0978], [""m̃ma"", -21.0978], [""mel-"", -21.112], [""mla-"", -21.112], [""is-"", -21.5476], [""s(ije)-"", -21.6706]]"
idajas	nun͂-	-16.8867	"[[""nun͂-"", -16.8867], [""mɲn-"", -17.6811], [""mu-"", -17.8311], [""si-"", -17.8311], [""m̃mẽ"", -17.9969], [""m̃ma"", -17.9969], [""mla-"", -18.0157], [""mel-"", -18.0157], [""is-"", -18.2693], [""=mẽ"", -18.662]]"
idau	mɲn-	-11.6953	"[[""mɲn-"", -11.6953], [""mu-"", -11.8206], [""si-"", -11.8206], [""nun͂-"", -11.867], [""is-"", -11.9546], [""m̃ma"", -12.166], [""m̃mẽ"", -12.166], [""=mẽ"", -12.1832], [""mla-"", -12.2061], [""mel-"", -12.2061]]"
idi	mɲn-	-9.0879	"[[""mɲn-"", -9.0879], [""=mẽ"", -9.0909], [""si-"", -9.1032], [""mu-"", -9.1032], [""is-"", -9.1314], [""mar"", -9.3632], [""nur"", -9.3632], [""m̃mẽ"", -9.6941], [""m̃ma"", -9.6941], [""mel-"", -9.7733]]"
iip	=ti	-11.5351	"[[""=ti"", -11.5351], [""Jaɲ"", -11.5351], [""=de"", -11.5351], [""=mẽ"", -11.5351], [""=pe"", -11.5351], [""=be"", -11.5351], [""xi-"", -12.1474], [""xa-"", -12.1474], [""mu-"", -12.1474], [""ti-"", -12.1474]]"
iipi	=de	-14.5247	"[[""=de"", -14.5247], [""=ti"", -14.5247], [""=be"", -14.5247], [""Jaɲ"", -14.5247], [""=pe"", -14.5247], [""=mẽ"", -14.5247], [""ti-"", -14.9765], [""is-"", -14.9765], [""xb-"", -14.9765], [""mu-"", -14.9765]]"
iipin	=de	-17.6191	"[[""=de"", -17.6191], [""=ti"", -17.6191], [""=pe"", -17.6191], [""=be"", -17.6191], [""=mẽ"", -17.6191], [""Jaɲ"", -17.6191], [""xa-"", -17.9765], [""mu-"", -17.9765], [""ti-"", -17.9765], [""xb-"", -17.9765]]"
iipina	=be	-20.7824	"[[""=be"", -20.7824], [""=pe"", -20.7824], [""=de"", -20.7824], [""=mẽ"", -20.7824], [""Jaɲ"", -20.7824], [""=ti"", -20.7824], [""xb-"", -21.0773], [""ad-"", -21.0773], [""xa-"", -21.0773], [""mu-"", -21.0773]]"
iipinam	=mẽ	-23.9944	"[[""=mẽ"", -23.9944], [""=pe"", -23.9944], [""=ti"", -23.9944], [""Jaɲ"", -23.9944], [""=de"", -23.9944], [""=be"", -23.9944], [""ax-"", -24.2448], [""ad-"", -24.2448], [""is-"", -24.2448], [""mu-"", -24.2448]]"
iipinama	Jaɲ	-27.2426	"[[""Jaɲ"", -27.2426], [""=de"", -27.2426], [""=be"", -27.2426], [""=ti"", -27.2426], [""=mẽ"", -27.2426], [""=pe"", -27.2426], [""(†)pẽnẽ"", -27.3885], [""ux(i)-"", -27.4466], [""ad-"", -27.4599], [""mu-"", -27.4599]]"
iipinamai	(†)pẽnẽ	-30.2891	"[[""(†)pẽnẽ"", -30.2891], [""ux(i)-"", -30.3571], [""=de"", -30.5191], [""Jaɲ"", -30.5191], [""=ti"", -30.5191], [""=mẽ"", -30.5191], [""=be"", -30.5191], [""=pe"", -30.5191], [""xa-"", -30.7105], [""is-"", -30.7105]]"
iipinamain	(†)pẽnẽ	-33.2542	"[[""(†)pẽnẽ"", -33.2542], [""ux(i)-"", -33.3318], [""la-(ti)"", -33.7631], [""ta-(di)"", -33.7632], [""ti-(ti)"", -33.7632], [""es-(di)"", -33.7632], [""xa-(ti)"", -33.7632], [""pu-(di)"", -33.7632], [""xa-(di)"", -33.7632], [""es-(ti)"", -33.7632]]"
ija	Jaɲ	-11.5351	"[[""Jaɲ"", -11.5351], [""=pe"", -11.5351], [""=mẽ"", -11.5351], [""=ti"", -11.5351], [""=be"", -11.5351], [""=de"", -11.5351], [""is-"", -12.1474], [""mu-"", -12.1474], [""xb-"", -12.1474], [""xa-"", -12.1474]]"
ijar	=be	-14.5247	"[[""=be"", -14.5247], [""=ti"", -14.5247], [""=mẽ"", -14.5247], [""Jaɲ"", -14.5247], [""=de"", -14.5247], [""=pe"", -14.5247], [""ax-"", -14.9765], [""xb-"", -14.9765], [""mu-"", -14.9765], [""is-"", -14.9765]]"
ijare	=ti	-14.3659	"[[""=ti"", -14.3659], [""ni"", -15.898], [""ai"", -15.898], [""si"", -15.898], [""ti"", -15.898], [""ebi"", -16.0377], [""eti"", -16.0377], [""epi"", -16.0377], [""eni"", -16.0377], [""eli"", -16.0377]]"
ijared	is-	-17.3986	"[[""is-"", -17.3986], [""xe/i-"", -17.8241], [""=ti"", -17.8582], [""es"", -18.0487], [""ijãnis"", -18.3461], [""si-"", -18.5999], [""miren"", -18.6126], [""=mẽ"", -18.6468], [""Piɡrẽi"", -18.6607], [""ti-"", -18.6931]]"
ijaredi	is-	-16.881	"[[""is-"", -16.881], [""tis-"", -18.7518], [""ijas-"", -20.3267], [""ux(i)-"", -20.6213], [""xe/i-"", -20.6477], [""=ti"", -21.348], [""ebuθis-"", -21.3603], [""si-"", -21.3661], [""=mẽ"", -21.5148], [""Piɡrẽi"", -21.526]]"
ijaredij	is-	-19.7045	"[[""is-"", -19.7045], [""tis-"", -21.5753], [""ux(i)-"", -23.0797], [""ijas-"", -23.1487], [""xe/i-"", -23.7515], [""win(i)-"", -23.8805], [""ebuθis-"", -24.1837], [""si-"", -24.4015], [""səm.ma"", -24.571], [""kəm.me"", -24.5791]]"
ijaredija	is-	-22.8097	"[[""is-"", -22.8097], [""tis-"", -24.6805], [""ux(i)-"", -25.91], [""win(i)-"", -26.0815], [""ijas-"", -26.2511], [""xe/i-"", -26.9709], [""nun͂-"", -27.1803], [""ebuθis-"", -27.2888], [""səm.ma"", -27.3931], [""kəm.me"", -27.4033]]"
ijas	=be	-14.5247	"[[""=be"", -14.5247], [""=ti"", -14.5247], [""=mẽ"", -14.5247], [""Jaɲ"", -14.5247], [""=de"", -14.5247], [""=pe"", -14.5247], [""ax-"", -14.9765], [""xb-"", -14.9765], [""mu-"", -14.9765], [""is-"", -14.9765]]"
ijasa	=be	-17.6191	"[[""=be"", -17.6191], [""=ti"", -17.6191], [""=pe"", -17.6191], [""=de"", -17.6191], [""=mẽ"", -17.6191], [""Jaɲ"", -17.6191], [""si-"", -17.9765], [""ti-"", -17.9765], [""mu-"", -17.9765], [""ad-"", -17.9765]]"
ijasas	=be	-20.7824	"[[""=be"", -20.7824], [""=mẽ"", -20.7824], [""=de"", -20.7824], [""Jaɲ"", -20.7824], [""=ti"", -20.7824], [""=pe"", -20.7824], [""xb-"", -21.0773], [""ad-"", -21.0773], [""xa-"", -21.0773], [""ti-"", -21.0773]]"
ijasasa	=pe	-23.9944	"[[""=pe"", -23.9944], [""=be"", -23.9944], [""=ti"", -23.9944], [""=mẽ"", -23.9944], [""Jaɲ"", -23.9944], [""=de"", -23.9944], [""ad-"", -24.2448], [""ti-"", -24.2448], [""is-"", -24.2448], [""mu-"", -24.2448]]"
ijasasar	Jaɲ	-27.2426	"[[""Jaɲ"", -27.2426], [""=de"", -27.2426], [""=pe"", -27.2426], [""=ti"", -27.2426], [""=mẽ"", -27.2426], [""=be"", -27.2426], [""(†)pẽnẽ"", -27.3885], [""ux(i)-"", -27.4466], [""ax-"", -27.4599], [""ad-"", -27.4599]]"
ijasau	=be	-20.7824	"[[""=be"", -20.7824], [""=mẽ"", -20.7824], [""=de"", -20.7824], [""Jaɲ"", -20.7824], [""=ti"", -20.7824], [""=pe"", -20.7824], [""xb-"", -21.0773], [""ad-"", -21.0773], [""xa-"", -21.0773], [""ti-"", -21.0773]]"
ijasaun	=pe	-23.9944	"[[""=pe"", -23.9944], [""=be"", -23.9944], [""=ti"", -23.9944], [""=mẽ"", -23.9944], [""Jaɲ"", -23.9944], [""=de"", -23.9944], [""ad-"", -24.2448], [""ti-"", -24.2448], [""is-"", -24.2448], [""mu-"", -24.2448]]"
ijasauna	Jaɲ	-27.2426	"[[""Jaɲ"", -27.2426], [""=de"", -27.2426], [""=pe"", -27.2426], [""=ti"", -27.2426], [""=mẽ"", -27.2426], [""=be"", -27.2426], [""(†)pẽnẽ"", -27.3885], [""ux(i)-"", -27.4466], [""ax-"", -27.4599], [""ad-"", -27.4599]]"
ijasaunak	(†)pẽnẽ	-30.2891	"[[""(†)pẽnẽ"", -30.2891], [""ux(i)-"", -30.3571], [""=mẽ"", -30.5191], [""=de"", -30.5191], [""Jaɲ"", -30.5191], [""=pe"", -30.5191], [""=be"", -30.5191], [""=ti"", -30.5191], [""ti-"", -30.7105], [""xi-"", -30.7105]]"
ijasaunaka	(†)pẽnẽ	-33.2542	"[[""(†)pẽnẽ"", -33.2542], [""ux(i)-"", -33.3318], [""kb-/tu-"", -33.7632], [""as-(ti)"", -33.7632], [""ma-(ti)"", -33.7632], [""ta-(di)"", -33.7632], [""es-(ti)"", -33.7632], [""es-(di)"", -33.7632], [""da-(di)"", -33.7632], [""la-(ti)"", -33.7632]]"
ike	=ti	-8.4315	"[[""=ti"", -8.4315], [""si"", -9.3933], [""ai"", -9.3933], [""ni"", -9.3933], [""ti"", -9.3933], [""ẽti"", -9.733], [""epi"", -9.733], [""ebi"", -9.733], [""eli"", -9.733], [""eni"", -9.733]]"
iket	iða	-10.3741	"[[""iða"", -10.3741], [""ije"", -10.3853], [""ite"", -10.3853], [""iqta"", -10.4758], [""Tele"", -11.0574], [""=ewẽ"", -11.0574], [""Masa"", -11.1374], [""=mẽ"", -11.3274], [""=be"", -11.3274], [""=pe"", -11.3274]]"
iketa	iwe-	-13.2135	"[[""iwe-"", -13.2135], [""iða"", -13.8543], [""ite"", -13.8651], [""ije"", -13.8651], [""iqta"", -13.9785], [""=ewẽ"", -14.296], [""Tele"", -14.296], [""Masa"", -14.3556], [""Pubiele"", -14.6042], [""=de"", -14.8148]]"
iketan	iwe-	-16.0363	"[[""iwe-"", -16.0363], [""iða"", -17.3344], [""ite"", -17.345], [""ije"", -17.345], [""s(ije)-"", -17.4498], [""iqta"", -17.4794], [""=ewẽ"", -17.5861], [""Tele"", -17.5861], [""Masa"", -17.6329], [""eb(e)"", -17.725]]"
iketana	iwe-	-19.132	"[[""iwe-"", -19.132], [""s(ije)-"", -19.919], [""ux(i)-"", -20.6075], [""eb(e)"", -20.8028], [""iða"", -20.8146], [""ije"", -20.8248], [""ite"", -20.8248], [""=ewẽ"", -20.9101], [""Tele"", -20.9101], [""Masa"", -20.9483]]"
iketanai	iwe-	-22.3417	"[[""iwe-"", -22.3417], [""s(ije)-"", -22.7478], [""ite(/i)-"", -23.2613], [""ipre(/i)-"", -23.4478], [""ux(i)-"", -23.6084], [""ebi(je)-"", -23.9668], [""ẽmi(je)-"", -23.9668], [""eb(e)"", -23.9858], [""kbi(je)-"", -24.003], [""ije-(ti)"", -24.0823]]"
iketanaiΘ	iwe-	-25.6143	"[[""iwe-"", -25.6143], [""ite(/i)-"", -25.6151], [""s(ije)-"", -25.747], [""ipre(/i)-"", -25.7761], [""ije-(ti)"", -26.5672], [""ite-(ti)"", -26.5672], [""ux(i)-"", -26.7106], [""ebi(je)-"", -26.8957], [""ẽmi(je)-"", -26.8957], [""kbi(je)-"", -26.9569]]"
iketanaiΘt	=we / =uwe	-27.5299	"[[""=we / =uwe"", -27.5299], [""Masa"", -27.9039], [""Pubiele"", -27.9133], [""Tele"", -27.9172], [""=ewẽ"", -27.9172], [""Paɡda"", -27.9174], [""Kijetse"", -28.1238], [""ite(/i)-"", -28.1905], [""ipre(/i)-"", -28.341], [""s(ije)-"", -28.8429]]"
iki	Jaɲ	-11.5351	"[[""Jaɲ"", -11.5351], [""=pe"", -11.5351], [""=mẽ"", -11.5351], [""=ti"", -11.5351], [""=be"", -11.5351], [""=de"", -11.5351], [""is-"", -12.1474], [""mu-"", -12.1474], [""xb-"", -12.1474], [""xa-"", -12.1474]]"
ikit	Masa	-11.1374	"[[""Masa"", -11.1374], [""Tele"", -11.1499], [""=ewẽ"", -11.1499], [""=pe"", -11.3338], [""=be"", -11.3338], [""=de"", -11.3338], [""=mẽ"", -11.3338], [""Mula"", -11.5285], [""Iuba"", -11.5285], [""Jaɲ"", -12.1927]]"
ikite	ai	-10.518	"[[""ai"", -10.518], [""γarãi"", -11.1344], [""Puwẽi"", -11.539], [""ebei"", -12.5715], [""nei"", -12.6235], [""qbai"", -12.83], [""trei"", -12.8424], [""Piɡrẽi"", -13.7024], [""Mutlẽi"", -13.7077], [""ẽti"", -13.8636]]"
ikites	ai	-14.0252	"[[""ai"", -14.0252], [""γarãi"", -14.6401], [""Puwẽi"", -15.0461], [""ebei"", -16.0775], [""nei"", -16.1307], [""qbai"", -16.3372], [""trei"", -16.3496], [""aite"", -16.7808], [""Piɡrẽi"", -17.1984], [""Mutlẽi"", -17.2147]]"
ikitesi	ai	-17.5324	"[[""ai"", -17.5324], [""γarãi"", -18.1452], [""Puwẽi"", -18.5532], [""ebei"", -19.5831], [""nei"", -19.6378], [""qbai"", -19.8443], [""trei"", -19.8567], [""aite"", -19.8731], [""xe/i-"", -20.3179], [""ux(i)-"", -20.6213]]"
ikitesir	ai	-21.0396	"[[""ai"", -21.0396], [""γarãi"", -21.6496], [""Puwẽi"", -22.0602], [""ux(i)-"", -23.0797], [""aite"", -23.081], [""ebei"", -23.0882], [""nei"", -23.145], [""qbai"", -23.3515], [""trei"", -23.3638], [""xe/i-"", -23.4017]]"
ikitesira	ai	-24.5468	"[[""ai"", -24.5468], [""γarãi"", -25.1535], [""Puwẽi"", -25.5671], [""ux(i)-"", -25.91], [""aite"", -26.3527], [""aðai(je)"", -26.3792], [""ite(/i)-"", -26.4977], [""ebei"", -26.5929], [""xe/i-"", -26.5968], [""nei"", -26.6521]]"
ikitet	aite	-13.9202	"[[""aite"", -13.9202], [""ai"", -14.0243], [""γarãi"", -14.6191], [""Masa"", -14.9382], [""Tele"", -14.948], [""=ewẽ"", -14.948], [""Puwẽi"", -15.0438], [""Paɡda"", -15.0441], [""Perikle"", -15.6018], [""Pertina"", -15.6211]]"
ikitete	γarãi	-14.8969	"[[""γarãi"", -14.8969], [""Piɡrẽi"", -15.4639], [""ai"", -16.4366], [""ebei"", -16.6238], [""Puwẽi"", -17.0389], [""aite"", -17.3251], [""Merexi"", -18.1724], [""Teθθiweibi"", -18.3826], [""nei"", -18.3918], [""Tele"", -18.3952]]"
ikiteter	γarãi	-18.4039	"[[""γarãi"", -18.4039], [""Piɡrẽi"", -18.971], [""ai"", -19.9441], [""ebei"", -20.1309], [""Puwẽi"", -20.5463], [""aite"", -20.7573], [""ẽne/i-"", -20.768], [""ete/i-"", -20.768], [""xe/i-"", -21.0182], [""ure/i-"", -21.3091]]"
ikitetere	γarãi	-21.2037	"[[""γarãi"", -21.2037], [""Piɡrẽi"", -21.7668], [""Teθθiweibi"", -21.822], [""ebei"", -22.9356], [""ai"", -22.9418], [""Puwẽi"", -23.4703], [""ẽne/i-"", -23.4885], [""ete/i-"", -23.4885], [""ite(/i)-"", -23.8346], [""xe/i-"", -23.8451]]"
ikiteterep	γarãi	-24.7112	"[[""γarãi"", -24.7112], [""ẽne/i-"", -24.941], [""ete/i-"", -24.941], [""esbe/i-"", -25.2323], [""ẽtre/i-"", -25.2323], [""epre/i-"", -25.2323], [""Piɡrẽi"", -25.2742], [""Teθθiweibi"", -25.2971], [""ite(/i)-"", -26.2045], [""xe/i-"", -26.2581]]"
ikitu	Masa	-14.3556	"[[""Masa"", -14.3556], [""Tele"", -14.3681], [""=ewẽ"", -14.3681], [""=de"", -14.8211], [""=be"", -14.8211], [""=mẽ"", -14.8211], [""=pe"", -14.8211], [""eb(e)"", -14.9867], [""Jaɲ"", -15.0316], [""Iuba"", -15.032]]"
ikituj	Masa	-17.6329	"[[""Masa"", -17.6329], [""=ewẽ"", -17.6453], [""Tele"", -17.6453], [""eb(e)"", -17.7921], [""ada-"", -18.1115], [""Jaɲ"", -18.1387], [""xa-"", -18.2656], [""=de"", -18.3044], [""=pe"", -18.3044], [""=mẽ"", -18.3044]]"
ikituja	eb(e)	-20.8678	"[[""eb(e)"", -20.8678], [""Masa"", -20.9483], [""=ewẽ"", -20.9607], [""Tele"", -20.9607], [""ada-"", -21.1126], [""Jaɲ"", -21.3586], [""xa-"", -21.3746], [""tsa-"", -21.6114], [""dda-"", -21.6114], [""xla-"", -21.6114]]"
ikitujas	eb(e)	-24.0486	"[[""eb(e)"", -24.0486], [""ada-"", -24.2375], [""Masa"", -24.2903], [""=ewẽ"", -24.3026], [""Tele"", -24.3026], [""xa-"", -24.5959], [""Jaɲ"", -24.6409], [""ad-"", -24.8135], [""ax-"", -24.8135], [""mla-"", -24.8318]]"
ina	Jaɲ	-11.5351	"[[""Jaɲ"", -11.5351], [""=pe"", -11.5351], [""=mẽ"", -11.5351], [""=ti"", -11.5351], [""=be"", -11.5351], [""=de"", -11.5351], [""is-"", -12.1474], [""mu-"", -12.1474], [""xb-"", -12.1474], [""xa-"", -12.1474]]"
inai	=be	-14.5247	"[[""=be"", -14.5247], [""=ti"", -14.5247], [""=mẽ"", -14.5247], [""Jaɲ"", -14.5247], [""=de"", -14.5247], [""=pe"", -14.5247], [""ax-"", -14.9765], [""xb-"", -14.9765], [""mu-"", -14.9765], [""is-"", -14.9765]]"
inaid	=mẽ	-15.4014	"[[""=mẽ"", -15.4014], [""nur"", -15.8337], [""mar"", -15.8337], [""as"", -15.898], [""es"", -15.898], [""Arɲnas"", -16.731], [""kʷãn"", -16.8777], [""si-"", -17.0238], [""mu-"", -17.0238], [""(†)pẽnẽ"", -17.1933]]"
inaida	=mẽ	-18.2489	"[[""=mẽ"", -18.2489], [""mɲn-"", -18.6706], [""is-"", -18.6931], [""ter-"", -18.8864], [""tis-"", -18.8864], [""nur"", -19.164], [""mar"", -19.164], [""as"", -19.3992], [""es"", -19.3992], [""si-"", -19.4562]]"
inaidaj	=mẽ	-21.3598	"[[""=mẽ"", -21.3598], [""mɲn-"", -21.4073], [""nun͂-"", -21.4499], [""is-"", -21.5432], [""ter-"", -21.7137], [""tis-"", -21.7137], [""mu-"", -22.2433], [""si-"", -22.2433], [""m̃ma"", -22.428], [""m̃mẽ"", -22.428]]"
inaidaja	nun͂-	-23.86	"[[""nun͂-"", -23.86], [""mɲn-"", -24.428], [""=mẽ"", -24.5822], [""is-"", -24.6554], [""tis-"", -24.8194], [""ter-"", -24.8194], [""mu-"", -25.2166], [""si-"", -25.2166], [""m̃mẽ"", -25.336], [""m̃ma"", -25.336]]"
inaidajas	nun͂-	-26.6358	"[[""nun͂-"", -26.6358], [""mɲn-"", -27.5693], [""=mẽ"", -27.8666], [""is-"", -27.8789], [""ter-"", -28.0404], [""tis-"", -28.0404], [""mu-"", -28.301], [""si-"", -28.301], [""m̃ma"", -28.379], [""m̃mẽ"", -28.379]]"
inaj	=be	-14.5247	"[[""=be"", -14.5247], [""=ti"", -14.5247], [""=mẽ"", -14.5247], [""Jaɲ"", -14.5247], [""=de"", -14.5247], [""=pe"", -14.5247], [""ax-"", -14.9765], [""xb-"", -14.9765], [""mu-"", -14.9765], [""is-"", -14.9765]]"
inaja	=be	-17.6191	"[[""=be"", -17.6191], [""=ti"", -17.6191], [""=pe"", -17.6191], [""=de"", -17.6191], [""=mẽ"", -17.6191], [""Jaɲ"", -17.6191], [""si-"", -17.9765], [""ti-"", -17.9765], [""mu-"", -17.9765], [""ad-"", -17.9765]]"
inajar	=be	-20.7824	"[[""=be"", -20.7824], [""=mẽ"", -20.7824], [""=de"", -20.7824], [""Jaɲ"", -20.7824], [""=ti"", -20.7824], [""=pe"", -20.7824], [""xb-"", -21.0773], [""ad-"", -21.0773], [""xa-"", -21.0773], [""ti-"", -21.0773]]"
inajare	=ti	-20.6952	"[[""=ti"", -20.6952], [""Puwẽi"", -22.5477], [""γarãi"", -22.5499], [""ai"", -22.577], [""ti"", -22.577], [""si"", -22.577], [""ni"", -22.577], [""ebi"", -22.6237], [""eli"", -22.6237], [""eri"", -22.6237]]"
inajaret	(†)pẽnẽ	-23.4823	"[[""(†)pẽnẽ"", -23.4823], [""Pubiele"", -23.5587], [""=ewẽ"", -23.7178], [""Tele"", -23.7178], [""Masa"", -23.779], [""xe/i-"", -23.9228], [""=pe"", -23.9361], [""=mẽ"", -23.9361], [""=de"", -23.9361], [""=be"", -23.9361]]"
inajareta	Pubiele	-26.6546	"[[""Pubiele"", -26.6546], [""ux(i)-"", -26.7141], [""xe/i-"", -26.7408], [""(†)pẽnẽ"", -26.7737], [""=ewẽ"", -27.0576], [""Tele"", -27.0576], [""eb(e)"", -27.0721], [""Masa"", -27.1088], [""iwe-"", -27.1255], [""=mẽ"", -27.4347]]"
inam	=be	-14.5247	"[[""=be"", -14.5247], [""=ti"", -14.5247], [""=mẽ"", -14.5247], [""Jaɲ"", -14.5247], [""=de"", -14.5247], [""=pe"", -14.5247], [""ax-"", -14.9765], [""xb-"", -14.9765], [""mu-"", -14.9765], [""is-"", -14.9765]]"
inama	=be	-17.6191	"[[""=be"", -17.6191], [""=ti"", -17.6191], [""=pe"", -17.6191], [""=de"", -17.6191], [""=mẽ"", -17.6191], [""Jaɲ"", -17.6191], [""si-"", -17.9765], [""ti-"", -17.9765], [""mu-"", -17.9765], [""ad-"", -17.9765]]"
inamai	=be	-20.7824	"[[""=be"", -20.7824], [""=mẽ"", -20.7824], [""=de"", -20.7824], [""Jaɲ"", -20.7824], [""=ti"", -20.7824], [""=pe"", -20.7824], [""xb-"", -21.0773], [""ad-"", -21.0773], [""xa-"", -21.0773], [""ti-"", -21.0773]]"
inamain	=pe	-23.9944	"[[""=pe"", -23.9944], [""=be"", -23.9944], [""=ti"", -23.9944], [""=mẽ"", -23.9944], [""Jaɲ"", -23.9944], [""=de"", -23.9944], [""ad-"", -24.2448], [""ti-"", -24.2448], [""is-"", -24.2448], [""mu-"", -24.2448]]"
inamaina	Jaɲ	-27.2426	"[[""Jaɲ"", -27.2426], [""=de"", -27.2426], [""=pe"", -27.2426], [""=ti"", -27.2426], [""=mẽ"", -27.2426], [""=be"", -27.2426], [""(†)pẽnẽ"", -27.3885], [""ux(i)-"", -27.4466], [""ax-"", -27.4599], [""ad-"", -27.4599]]"
inamainaj	(†)pẽnẽ	-30.2891	"[[""(†)pẽnẽ"", -30.2891], [""ux(i)-"", -30.3571], [""=mẽ"", -30.5191], [""=de"", -30.5191], [""Jaɲ"", -30.5191], [""=pe"", -30.5191], [""=be"", -30.5191], [""=ti"", -30.5191], [""ti-"", -30.7105], [""xi-"", -30.7105]]"
inamainaja	(†)pẽnẽ	-33.2542	"[[""(†)pẽnẽ"", -33.2542], [""ux(i)-"", -33.3318], [""kb-/tu-"", -33.7632], [""as-(ti)"", -33.7632], [""ma-(ti)"", -33.7632], [""ta-(di)"", -33.7632], [""es-(ti)"", -33.7632], [""es-(di)"", -33.7632], [""da-(di)"", -33.7632], [""la-(ti)"", -33.7632]]"
inamas	=be	-20.7824	"[[""=be"", -20.7824], [""=mẽ"", -20.7824], [""=de"", -20.7824], [""Jaɲ"", -20.7824], [""=ti"", -20.7824], [""=pe"", -20.7824], [""xb-"", -21.0773], [""ad-"", -21.0773], [""xa-"", -21.0773], [""ti-"", -21.0773]]"
inamasi	=pe	-23.9944	"[[""=pe"", -23.9944], [""=be"", -23.9944], [""=ti"", -23.9944], [""=mẽ"", -23.9944], [""Jaɲ"", -23.9944], [""=de"", -23.9944], [""ad-"", -24.2448], [""ti-"", -24.2448], [""is-"", -24.2448], [""mu-"", -24.2448]]"
inamasir	Jaɲ	-27.2426	"[[""Jaɲ"", -27.2426], [""=de"", -27.2426], [""=pe"", -27.2426], [""=ti"", -27.2426], [""=mẽ"", -27.2426], [""=be"", -27.2426], [""(†)pẽnẽ"", -27.3885], [""ux(i)-"", -27.4466], [""ax-"", -27.4599], [""ad-"", -27.4599]]"
inamasiru	(†)pẽnẽ	-30.2891	"[[""(†)pẽnẽ"", -30.2891], [""ux(i)-"", -30.3571], [""=mẽ"", -30.5191], [""=de"", -30.5191], [""Jaɲ"", -30.5191], [""=pe"", -30.5191], [""=be"", -30.5191], [""=ti"", -30.5191], [""ti-"", -30.7105], [""xi-"", -30.7105]]"
inamasirut	=we / =uwe	-29.2807	"[[""=we / =uwe"", -29.2807], [""(†)pẽnẽ"", -29.3785], [""Masa"", -30.3439], [""Tele"", -30.3563], [""=ewẽ"", -30.3563], [""Iuba"", -30.5103], [""Mula"", -30.5103], [""=de"", -30.5119], [""=be"", -30.5119], [""=pe"", -30.5119]]"
inu	Jaɲ	-11.5351	"[[""Jaɲ"", -11.5351], [""=pe"", -11.5351], [""=mẽ"", -11.5351], [""=ti"", -11.5351], [""=be"", -11.5351], [""=de"", -11.5351], [""is-"", -12.1474], [""mu-"", -12.1474], [""xb-"", -12.1474], [""xa-"", -12.1474]]"
inui	=be	-14.5247	"[[""=be"", -14.5247], [""=ti"", -14.5247], [""=mẽ"", -14.5247], [""Jaɲ"", -14.5247], [""=de"", -14.5247], [""=pe"", -14.5247], [""ax-"", -14.9765], [""xb-"", -14.9765], [""mu-"", -14.9765], [""is-"", -14.9765]]"
inuin	=be	-17.6191	"[[""=be"", -17.6191], [""=ti"", -17.6191], [""=pe"", -17.6191], [""=de"", -17.6191], [""=mẽ"", -17.6191], [""Jaɲ"", -17.6191], [""si-"", -17.9765], [""ti-"", -17.9765], [""mu-"", -17.9765], [""ad-"", -17.9765]]"
inuina	=be	-20.7824	"[[""=be"", -20.7824], [""=mẽ"", -20.7824], [""=de"", -20.7824], [""Jaɲ"", -20.7824], [""=ti"", -20.7824], [""=pe"", -20.7824], [""xb-"", -21.0773], [""ad-"", -21.0773], [""xa-"", -21.0773], [""ti-"", -21.0773]]"
inuinai	=pe	-23.9944	"[[""=pe"", -23.9944], [""=be"", -23.9944], [""=ti"", -23.9944], [""=mẽ"", -23.9944], [""Jaɲ"", -23.9944], [""=de"", -23.9944], [""ad-"", -24.2448], [""ti-"", -24.2448], [""is-"", -24.2448], [""mu-"", -24.2448]]"
inuinaid	(†)pẽnẽ	-25.1744	"[[""(†)pẽnẽ"", -25.1744], [""=mẽ"", -25.3242], [""nur"", -25.8475], [""mar"", -25.8475], [""Arɲnas"", -25.9463], [""es"", -25.9512], [""as"", -25.9512], [""kʷãn"", -26.1303], [""si-"", -27.0137], [""mu-"", -27.0137]]"
inuinaida	(†)pẽnẽ	-27.9984	"[[""(†)pẽnẽ"", -27.9984], [""=mẽ"", -28.195], [""mɲn-"", -28.6771], [""is-"", -28.7003], [""ter-"", -28.8], [""tis-"", -28.8], [""tem-/m̃m-"", -29.0952], [""Arɲnas"", -29.1652], [""nur"", -29.2446], [""mar"", -29.2446]]"
inuinaidaj	(†)pẽnẽ	-31.0862	"[[""(†)pẽnẽ"", -31.0862], [""=mẽ"", -31.3153], [""nun͂-"", -31.4263], [""mɲn-"", -31.4548], [""is-"", -31.5734], [""ter-"", -31.6337], [""tis-"", -31.6337], [""tem-/m̃m-"", -31.7136], [""pddẽ(n)-"", -32.2514], [""xθθã(n)-"", -32.2514]]"
inuj	=be	-14.5247	"[[""=be"", -14.5247], [""=ti"", -14.5247], [""=mẽ"", -14.5247], [""Jaɲ"", -14.5247], [""=de"", -14.5247], [""=pe"", -14.5247], [""ax-"", -14.9765], [""xb-"", -14.9765], [""mu-"", -14.9765], [""is-"", -14.9765]]"
inuja	=be	-17.6191	"[[""=be"", -17.6191], [""=ti"", -17.6191], [""=pe"", -17.6191], [""=de"", -17.6191], [""=mẽ"", -17.6191], [""Jaɲ"", -17.6191], [""si-"", -17.9765], [""ti-"", -17.9765], [""mu-"", -17.9765], [""ad-"", -17.9765]]"
inujas	=be	-20.7824	"[[""=be"", -20.7824], [""=mẽ"", -20.7824], [""=de"", -20.7824], [""Jaɲ"", -20.7824], [""=ti"", -20.7824], [""=pe"", -20.7824], [""xb-"", -21.0773], [""ad-"", -21.0773], [""xa-"", -21.0773], [""ti-"", -21.0773]]"
inujasa	=pe	-23.9944	"[[""=pe"", -23.9944], [""=be"", -23.9944], [""=ti"", -23.9944], [""=mẽ"", -23.9944], [""Jaɲ"", -23.9944], [""=de"", -23.9944], [""ad-"", -24.2448], [""ti-"", -24.2448], [""is-"", -24.2448], [""mu-"", -24.2448]]"
inujasas	Jaɲ	-27.2426	"[[""Jaɲ"", -27.2426], [""=de"", -27.2426], [""=pe"", -27.2426], [""=ti"", -27.2426], [""=mẽ"", -27.2426], [""=be"", -27.2426], [""(†)pẽnẽ"", -27.3885], [""ux(i)-"", -27.4466], [""ax-"", -27.4599], [""ad-"", -27.4599]]"
inujasasa	(†)pẽnẽ	-30.2891	"[[""(†)pẽnẽ"", -30.2891], [""ux(i)-"", -30.3571], [""=mẽ"", -30.5191], [""=de"", -30.5191], [""Jaɲ"", -30.5191], [""=pe"", -30.5191], [""=be"", -30.5191], [""=ti"", -30.5191], [""ti-"", -30.7105], [""xi-"", -30.7105]]"
inujasasar	(†)pẽnẽ	-33.2542	"[[""(†)pẽnẽ"", -33.2542], [""ux(i)-"", -33.3318], [""kb-/tu-"", -33.7632], [""as-(ti)"", -33.7632], [""ma-(ti)"", -33.7632], [""ta-(di)"", -33.7632], [""es-(ti)"", -33.7632], [""es-(di)"", -33.7632], [""da-(di)"", -33.7632], [""la-(ti)"", -33.7632]]"
inw	Jaɲ	-8.4315	"[[""Jaɲ"", -8.4315], [""Tlax"", -8.7201], [""=de"", -9.0981], [""=be"", -9.0981], [""=ti"", -9.0981], [""=pe"", -9.0981], [""wex"", -9.3539], [""app"", -9.6986], [""epɲ"", -9.6986], [""alb"", -9.7388]]"
inwa	xb-	-11.7222	"[[""xb-"", -11.7222], [""Jaɲ"", -11.9096], [""=de"", -11.9271], [""=pe"", -11.9271], [""=be"", -11.9271], [""=ti"", -11.9271], [""xtt-"", -12.1337], [""xɲt-"", -12.1337], [""tub-"", -12.1883], [""wex-"", -12.1883]]"
inwaz	qal	-13.2307	"[[""qal"", -13.2307], [""kʷla-"", -13.2728], [""kʷla"", -13.2801], [""xla-"", -13.832], [""xla"", -13.9365], [""hla"", -13.9365], [""tla"", -13.9365], [""xb-"", -14.5062], [""xtt-"", -14.8111], [""xɲt-"", -14.8111]]"
inwaza	kʷla-	-15.4426	"[[""kʷla-"", -15.4426], [""xla-"", -16.0737], [""kʷla"", -16.0954], [""tlle-"", -16.6643], [""qal"", -16.7238], [""tla"", -16.7802], [""xla"", -16.7802], [""hla"", -16.7802], [""xb-"", -17.5386], [""xɲt-"", -17.7811]]"
inwazaΦ	kʷla-	-18.1491	"[[""kʷla-"", -18.1491], [""xla-"", -18.8072], [""tlle-"", -19.1275], [""kʷla"", -19.1881], [""hla"", -19.8924], [""xla"", -19.8924], [""tla"", -19.8924], [""qal"", -20.2166], [""xb-"", -20.6842], [""xɲtla-"", -20.8164]]"
inwazaΦn	kʷla-	-21.0813	"[[""kʷla-"", -21.0813], [""xla-"", -21.7572], [""tlle-"", -21.9548], [""kʷla"", -22.3959], [""hla"", -23.1173], [""xla"", -23.1173], [""tla"", -23.1173], [""kʷl-/tel-"", -23.2427], [""xal(i)-"", -23.5004], [""xle/i-"", -23.5081]]"
inwazaΦni	kʷla-	-24.1386	"[[""kʷla-"", -24.1386], [""xla-"", -24.829], [""tlle-"", -24.9538], [""kʷl-/tel-"", -25.5062], [""kʷla"", -25.6672], [""xal(i)-"", -25.9816], [""xle/i-"", -26.2689], [""hla"", -26.4049], [""xla"", -26.4049], [""tla"", -26.4049]]"
ipi	=de	-11.5351	"[[""=de"", -11.5351], [""=mẽ"", -11.5351], [""=be"", -11.5351], [""Jaɲ"", -11.5351], [""=ti"", -11.5351], [""=pe"", -11.5351], [""si-"", -12.1474], [""xb-"", -12.1474], [""mu-"", -12.1474], [""ti-"", -12.1474]]"
ipin	=de	-14.5247	"[[""=de"", -14.5247], [""=ti"", -14.5247], [""=be"", -14.5247], [""Jaɲ"", -14.5247], [""=pe"", -14.5247], [""=mẽ"", -14.5247], [""ti-"", -14.9765], [""is-"", -14.9765], [""xb-"", -14.9765], [""mu-"", -14.9765]]"
ipina	=de	-17.6191	"[[""=de"", -17.6191], [""=ti"", -17.6191], [""=pe"", -17.6191], [""=be"", -17.6191], [""=mẽ"", -17.6191], [""Jaɲ"", -17.6191], [""xa-"", -17.9765], [""mu-"", -17.9765], [""ti-"", -17.9765], [""xb-"", -17.9765]]"
ipinam	=be	-20.7824	"[[""=be"", -20.7824], [""=pe"", -20.7824], [""=de"", -20.7824], [""=mẽ"", -20.7824], [""Jaɲ"", -20.7824], [""=ti"", -20.7824], [""xb-"", -21.0773], [""ad-"", -21.0773], [""xa-"", -21.0773], [""mu-"", -21.0773]]"
ipinama	=mẽ	-23.9944	"[[""=mẽ"", -23.9944], [""=pe"", -23.9944], [""=ti"", -23.9944], [""Jaɲ"", -23.9944], [""=de"", -23.9944], [""=be"", -23.9944], [""ax-"", -24.2448], [""ad-"", -24.2448], [""is-"", -24.2448], [""mu-"", -24.2448]]"
ipinamai	Jaɲ	-27.2426	"[[""Jaɲ"", -27.2426], [""=de"", -27.2426], [""=be"", -27.2426], [""=ti"", -27.2426], [""=mẽ"", -27.2426], [""=pe"", -27.2426], [""(†)pẽnẽ"", -27.3885], [""ux(i)-"", -27.4466], [""ad-"", -27.4599], [""mu-"", -27.4599]]"
ipinamain	(†)pẽnẽ	-30.2891	"[[""(†)pẽnẽ"", -30.2891], [""ux(i)-"", -30.3571], [""=de"", -30.5191], [""Jaɲ"", -30.5191], [""=ti"", -30.5191], [""=mẽ"", -30.5191], [""=be"", -30.5191], [""=pe"", -30.5191], [""xa-"", -30.7105], [""is-"", -30.7105]]"
ipinamaina	(†)pẽnẽ	-33.2542	"[[""(†)pẽnẽ"", -33.2542], [""ux(i)-"", -33.3318], [""la-(ti)"", -33.7631], [""ta-(di)"", -33.7632], [""ti-(ti)"", -33.7632], [""es-(di)"", -33.7632], [""xa-(ti)"", -33.7632], [""pu-(di)"", -33.7632], [""xa-(di)"", -33.7632], [""es-(ti)"", -33.7632]]"
ipinamas	Jaɲ	-27.2426	"[[""Jaɲ"", -27.2426], [""=de"", -27.2426], [""=be"", -27.2426], [""=ti"", -27.2426], [""=mẽ"", -27.2426], [""=pe"", -27.2426], [""(†)pẽnẽ"", -27.3885], [""ux(i)-"", -27.4466], [""ad-"", -27.4599], [""mu-"", -27.4599]]"
ipinamasi	(†)pẽnẽ	-30.2891	"[[""(†)pẽnẽ"", -30.2891], [""ux(i)-"", -30.3571], [""=de"", -30.5191], [""Jaɲ"", -30.5191], [""=ti"", -30.5191], [""=mẽ"", -30.5191], [""=be"", -30.5191], [""=pe"", -30.5191], [""xa-"", -30.7105], [""is-"", -30.7105]]"
ipinamasir	(†)pẽnẽ	-33.2542	"[[""(†)pẽnẽ"", -33.2542], [""ux(i)-"", -33.3318], [""la-(ti)"", -33.7631], [""ta-(di)"", -33.7632], [""ti-(ti)"", -33.7632], [""es-(di)"", -33.7632], [""xa-(ti)"", -33.7632], [""pu-(di)"", -33.7632], [""xa-(di)"", -33.7632], [""es-(ti)"", -33.7632]]"
ira	Jaɲ	-11.5351	"[[""Jaɲ"", -11.5351], [""=pe"", -11.5351], [""=mẽ"", -11.5351], [""=ti"", -11.5351], [""=be"", -11.5351], [""=de"", -11.5351], [""is-"", -12.1474], [""mu-"", -12.1474], [""xb-"", -12.1474], [""xa-"", -12.1474]]"
iru	Jaɲ	-11.5351	"[[""Jaɲ"", -11.5351], [""=pe"", -11.5351], [""=mẽ"", -11.5351], [""=ti"", -11.5351], [""=be"", -11.5351], [""=de"", -11.5351], [""is-"", -12.1474], [""mu-"", -12.1474], [""xb-"", -12.1474], [""xa-"", -12.1474]]"
irut	Masa	-11.1374	"[[""Masa"", -11.1374], [""Tele"", -11.1499], [""=ewẽ"", -11.1499], [""=pe"", -11.3338], [""=be"", -11.3338], [""=de"", -11.3338], [""=mẽ"", -11.3338], [""Mula"", -11.5285], [""Iuba"", -11.5285], [""Jaɲ"", -12.1927]]"
irute	ai	-10.518	"[[""ai"", -10.518], [""γarãi"", -11.1344], [""Puwẽi"", -11.539], [""ebei"", -12.5715], [""nei"", -12.6235], [""qbai"", -12.83], [""trei"", -12.8424], [""Piɡrẽi"", -13.7024], [""Mutlẽi"", -13.7077], [""ẽti"", -13.8636]]"
irutei	ai	-14.0252	"[[""ai"", -14.0252], [""γarãi"", -14.6401], [""Puwẽi"", -15.0461], [""ebei"", -16.0775], [""nei"", -16.1307], [""qbai"", -16.3372], [""trei"", -16.3496], [""aite"", -16.7808], [""Piɡrẽi"", -17.1984], [""Mutlẽi"", -17.2147]]"
iruteid	as	-17.5306	"[[""as"", -17.5306], [""es"", -17.5306], [""ai"", -17.5324], [""γarãi"", -17.865], [""kʷãn"", -18.3661], [""Puwẽi"", -18.5532], [""Masa"", -19.1273], [""Pertina"", -19.1487], [""ebei"", -19.5831], [""arus"", -19.5946]]"
iruteidi	is-	-20.3849	"[[""is-"", -20.3849], [""as"", -21.0378], [""es"", -21.0378], [""ai"", -21.0396], [""γarãi"", -21.1467], [""kʷãn"", -21.8732], [""Pertina"", -21.976], [""Masa"", -22.0109], [""Puwẽi"", -22.0602], [""ijas-"", -22.2029]]"
isi	Jaɲ	-11.5351	"[[""Jaɲ"", -11.5351], [""=pe"", -11.5351], [""=mẽ"", -11.5351], [""=ti"", -11.5351], [""=be"", -11.5351], [""=de"", -11.5351], [""is-"", -12.1474], [""mu-"", -12.1474], [""xb-"", -12.1474], [""xa-"", -12.1474]]"
isir	=be	-14.5247	"[[""=be"", -14.5247], [""=ti"", -14.5247], [""=mẽ"", -14.5247], [""Jaɲ"", -14.5247], [""=de"", -14.5247], [""=pe"", -14.5247], [""ax-"", -14.9765], [""xb-"", -14.9765], [""mu-"", -14.9765], [""is-"", -14.9765]]"
ite	ai	-3.5036	"[[""ai"", -3.5036], [""γarãi"", -5.6281], [""ebei"", -6.2701], [""nei"", -6.3011], [""Puwẽi"", -6.3232], [""eri"", -6.907], [""eni"", -6.907], [""ẽti"", -6.907], [""epi"", -6.907], [""eli"", -6.907]]"
ites	ai	-7.0108	"[[""ai"", -7.0108], [""γarãi"", -9.133], [""aite"", -9.7718], [""ebei"", -9.7749], [""nei"", -9.8083], [""Puwẽi"", -9.8301], [""eli"", -10.386], [""eti"", -10.386], [""eni"", -10.386], [""eri"", -10.386]]"
itesi	ai	-10.518	"[[""ai"", -10.518], [""γarãi"", -12.6369], [""aite"", -12.8622], [""ebei"", -13.2788], [""nei"", -13.3153], [""Puwẽi"", -13.3368], [""eri"", -13.8651], [""ẽti"", -13.8651], [""eli"", -13.8651], [""eni"", -13.8651]]"
itesir	ai	-14.0252	"[[""ai"", -14.0252], [""aite"", -16.0692], [""γarãi"", -16.1398], [""ebei"", -16.7818], [""nei"", -16.8224], [""Puwẽi"", -16.8433], [""eri"", -17.3442], [""epi"", -17.3442], [""eli"", -17.3442], [""eti"", -17.3442]]"
itesira	ai	-17.5324	"[[""ai"", -17.5324], [""aite"", -19.3404], [""γarãi"", -19.6417], [""aðai(je)"", -20.0778], [""ebei"", -20.2839], [""nei"", -20.3294], [""Puwẽi"", -20.3496], [""eri-(ti)"", -20.5926], [""xal(i)-"", -20.5946], [""axãt(i)-"", -20.598]]"
itet	aite	-6.9064	"[[""aite"", -6.9064], [""ai"", -7.0099], [""Masa"", -8.9954], [""Tele"", -9.0017], [""=ewẽ"", -9.0017], [""γarãi"", -9.0998], [""Paɡda"", -9.1185], [""aitãta"", -9.3176], [""aitata"", -9.3176], [""ebeila"", -9.6408]]"
itete	γarãi	-8.9677	"[[""γarãi"", -8.9677], [""Piɡrẽi"", -9.1522], [""ai"", -9.4215], [""ebei"", -9.6918], [""aite"", -10.3113], [""Puwẽi"", -11.2499], [""nei"", -11.9343], [""eb(e)"", -11.9616], [""Merexi"", -12.2489], [""qbai"", -12.3242]]"
iteter	γarãi	-12.4747	"[[""γarãi"", -12.4747], [""Piɡrẽi"", -12.6591], [""ai"", -12.9291], [""ebei"", -13.1988], [""aite"", -13.7434], [""ẽne/i-"", -14.243], [""ete/i-"", -14.243], [""xe/i-"", -14.743], [""Puwẽi"", -14.7572], [""eb(e)"", -14.7707]]"
itetere	γarãi	-15.2514	"[[""γarãi"", -15.2514], [""Piɡrẽi"", -15.4514], [""Teθθiweibi"", -15.8975], [""ai"", -15.9267], [""ebei"", -15.9888], [""ẽne/i-"", -16.9087], [""ete/i-"", -16.9087], [""aite"", -17.0703], [""xe/i-"", -17.5521], [""Puwẽi"", -17.624]]"
iteterep	ẽne/i-	-18.065	"[[""ẽne/i-"", -18.065], [""ete/i-"", -18.065], [""epre/i-"", -18.2503], [""ẽtre/i-"", -18.2503], [""esbe/i-"", -18.2503], [""γarãi"", -18.7589], [""Piɡrẽi"", -18.9587], [""Teθθiweibi"", -19.3717], [""a(i)-(di)"", -19.3796], [""ai"", -19.4344]]"
iti	Masa	-8.725	"[[""Masa"", -8.725], [""Tele"", -8.7374], [""=ewẽ"", -8.7374], [""ada-"", -9.0879], [""Jaɲ"", -9.0909], [""ax-"", -9.1032], [""ad-"", -9.1032], [""xa-"", -9.1314], [""=pe"", -9.339], [""=mẽ"", -9.339]]"
itu	Masa	-8.725	"[[""Masa"", -8.725], [""Tele"", -8.7374], [""=ewẽ"", -8.7374], [""ada-"", -9.0879], [""Jaɲ"", -9.0909], [""ax-"", -9.1032], [""ad-"", -9.1032], [""xa-"", -9.1314], [""=pe"", -9.339], [""=mẽ"", -9.339]]"
ituj	ada-	-11.6953	"[[""ada-"", -11.6953], [""ad-"", -11.8206], [""ax-"", -11.8206], [""Masa"", -11.9319], [""=ewẽ"", -11.9442], [""Tele"", -11.9442], [""xa-"", -11.9546], [""Jaɲ"", -12.1832], [""eru-"", -12.2185], [""aqa"", -12.5757]]"
ituja	ada-	-14.6175	"[[""ada-"", -14.6175], [""ax-"", -14.7634], [""ad-"", -14.7634], [""eru-"", -15.0349], [""xa-"", -15.0545], [""Masa"", -15.2014], [""=ewẽ"", -15.2137], [""Tele"", -15.2137], [""Jaɲ"", -15.3908], [""tsa-"", -15.7003]]"
itujas	ada-	-17.6811	"[[""ada-"", -17.6811], [""ax-"", -17.8311], [""ad-"", -17.8311], [""eru-"", -18.0281], [""xa-"", -18.2693], [""Masa"", -18.5107], [""Tele"", -18.523], [""=ewẽ"", -18.523], [""Jaɲ"", -18.662], [""tsa-"", -18.918]]"
iΘt	Masa	-8.2229	"[[""Masa"", -8.2229], [""=ewẽ"", -8.2354], [""Tele"", -8.2354], [""=de"", -8.4435], [""=mẽ"", -8.4435], [""=be"", -8.4435], [""=pe"", -8.4435], [""Mula"", -8.7201], [""Iuba"", -8.7201], [""Jaɲ"", -9.0981]]"
iΘti	Masa	-11.3895	"[[""Masa"", -11.3895], [""=ewẽ"", -11.402], [""Tele"", -11.402], [""=de"", -11.9212], [""=pe"", -11.9212], [""=be"", -11.9212], [""=mẽ"", -11.9212], [""Jaɲ"", -11.9271], [""ada-"", -12.1883], [""xa-"", -12.2188]]"
iΘtij	Masa	-14.6363	"[[""Masa"", -14.6363], [""Tele"", -14.6487], [""=ewẽ"", -14.6487], [""ada-"", -14.8637], [""Jaɲ"", -15.0292], [""xa-"", -15.052], [""eb(e)"", -15.254], [""ax-"", -15.3009], [""ad-"", -15.3009], [""=mẽ"", -15.3921]]"
iΘtija	ada-	-17.8354	"[[""ada-"", -17.8354], [""Masa"", -17.9313], [""=ewẽ"", -17.9437], [""Tele"", -17.9437], [""xa-"", -18.157], [""Jaɲ"", -18.2452], [""ad-"", -18.2515], [""ax-"", -18.2515], [""eb(e)"", -18.284], [""mla-"", -18.5181]]"
iΘtijas	ada-	-20.9365	"[[""ada-"", -20.9365], [""Masa"", -21.2587], [""=ewẽ"", -21.2711], [""Tele"", -21.2711], [""ax-"", -21.3236], [""ad-"", -21.3236], [""xa-"", -21.3758], [""eb(e)"", -21.407], [""Jaɲ"", -21.5242], [""eru-"", -21.5317]]"
iΘtijasa	ada-	-24.1125	"[[""ada-"", -24.1125], [""ax-"", -24.4737], [""ad-"", -24.4737], [""eb(e)"", -24.5736], [""Masa"", -24.6093], [""=ewẽ"", -24.6216], [""Tele"", -24.6216], [""eru-"", -24.6286], [""xa-"", -24.6574], [""kʷa-(ti)"", -24.6983]]"
iΘtijasas	ada-	-27.338	"[[""ada-"", -27.338], [""kʷa-(ti)"", -27.3888], [""ite(/i)-"", -27.6024], [""ad-"", -27.6781], [""ax-"", -27.6781], [""eb(e)"", -27.7643], [""eru-"", -27.7933], [""a(i)-(di)"", -27.8642], [""Masa"", -27.9772], [""xa-"", -27.979]]"
iΘtijasasa	kʷa-(ti)	-30.2188	"[[""kʷa-(ti)"", -30.2188], [""a(i)-(di)"", -30.2578], [""ite(/i)-"", -30.3236], [""ada-"", -30.5992], [""asa-(ti)"", -30.8438], [""ad-"", -30.9225], [""ax-"", -30.9225], [""eb(e)"", -30.9709], [""eru-"", -31.006], [""ma-(ti)"", -31.1071]]"
iΘu	Jaɲ	-11.5351	"[[""Jaɲ"", -11.5351], [""=pe"", -11.5351], [""=mẽ"", -11.5351], [""=ti"", -11.5351], [""=be"", -11.5351], [""=de"", -11.5351], [""is-"", -12.1474], [""mu-"", -12.1474], [""xb-"", -12.1474], [""xa-"", -12.1474]]"
iΘuj	=be	-14.5247	"[[""=be"", -14.5247], [""=ti"", -14.5247], [""=mẽ"", -14.5247], [""Jaɲ"", -14.5247], [""=de"", -14.5247], [""=pe"", -14.5247], [""ax-"", -14.9765], [""xb-"", -14.9765], [""mu-"", -14.9765], [""is-"", -14.9765]]"
iΘuja	=be	-17.6191	"[[""=be"", -17.6191], [""=ti"", -17.6191], [""=pe"", -17.6191], [""=de"", -17.6191], [""=mẽ"", -17.6191], [""Jaɲ"", -17.6191], [""si-"", -17.9765], [""ti-"", -17.9765], [""mu-"", -17.9765], [""ad-"", -17.9765]]"
iΘut	Masa	-11.1374	"[[""Masa"", -11.1374], [""Tele"", -11.1499], [""=ewẽ"", -11.1499], [""=pe"", -11.3338], [""=be"", -11.3338], [""=de"", -11.3338], [""=mẽ"", -11.3338], [""Mula"", -11.5285], [""Iuba"", -11.5285], [""Jaɲ"", -12.1927]]"
iΘuti	Masa	-14.3556	"[[""Masa"", -14.3556], [""Tele"", -14.3681], [""=ewẽ"", -14.3681], [""=de"", -14.8211], [""=be"", -14.8211], [""=mẽ"", -14.8211], [""=pe"", -14.8211], [""eb(e)"", -14.9867], [""Jaɲ"", -15.0316], [""Iuba"", -15.032]]"
iΘutin	Masa	-17.6329	"[[""Masa"", -17.6329], [""=ewẽ"", -17.6453], [""Tele"", -17.6453], [""eb(e)"", -17.7921], [""ada-"", -18.1115], [""Jaɲ"", -18.1387], [""xa-"", -18.2656], [""=de"", -18.3044], [""=pe"", -18.3044], [""=mẽ"", -18.3044]]"
iΘutinu	eb(e)	-20.8678	"[[""eb(e)"", -20.8678], [""Masa"", -20.9483], [""=ewẽ"", -20.9607], [""Tele"", -20.9607], [""ada-"", -21.1126], [""Jaɲ"", -21.3586], [""xa-"", -21.3746], [""tsa-"", -21.6114], [""dda-"", -21.6114], [""xla-"", -21.6114]]"
iΘutinuj	eb(e)	-24.0486	"[[""eb(e)"", -24.0486], [""ada-"", -24.2375], [""Masa"", -24.2903], [""=ewẽ"", -24.3026], [""Tele"", -24.3026], [""xa-"", -24.5959], [""Jaɲ"", -24.6409], [""ad-"", -24.8135], [""ax-"", -24.8135], [""mla-"", -24.8318]]"
iΘutinuja	eb(e)	-27.2817	"[[""eb(e)"", -27.2817], [""ada-"", -27.4331], [""kʷa-(ti)"", -27.5822], [""Masa"", -27.6519], [""=ewẽ"", -27.6643], [""Tele"", -27.6643], [""xa-"", -27.8797], [""Jaɲ"", -27.9629], [""ad-"", -27.9671], [""ax-"", -27.9671]]"
iΘutinujas	kʷa-(ti)	-30.2739	"[[""kʷa-(ti)"", -30.2739], [""eb(e)"", -30.544], [""ada-"", -30.6751], [""ite(/i)-"", -30.6892], [""Masa"", -31.0287], [""Tele"", -31.041], [""=ewẽ"", -31.041], [""ax-"", -31.1738], [""ad-"", -31.1738], [""xa-"", -31.2031]]"
iΘw	Jaɲ	-8.4315	"[[""Jaɲ"", -8.4315], [""Tlax"", -8.7201], [""=de"", -9.0981], [""=be"", -9.0981], [""=ti"", -9.0981], [""=pe"", -9.0981], [""wex"", -9.3539], [""app"", -9.6986], [""epɲ"", -9.6986], [""alb"", -9.7388]]"
iΘwa	xb-	-11.7222	"[[""xb-"", -11.7222], [""Jaɲ"", -11.9096], [""=de"", -11.9271], [""=pe"", -11.9271], [""=be"", -11.9271], [""=ti"", -11.9271], [""xtt-"", -12.1337], [""xɲt-"", -12.1337], [""tub-"", -12.1883], [""wex-"", -12.1883]]"
iΘwae	=ti	-9.1812	"[[""=ti"", -9.1812], [""ti"", -10.5171], [""pibi"", -12.3565], [""kiki"", -12.3565], [""kbi"", -12.3766], [""tti"", -12.3766], [""xɲti"", -12.5289], [""kebi"", -12.5687], [""tedi"", -12.5687], [""tewi"", -12.5687]]"
iΘwaea	=ti	-12.6884	"[[""=ti"", -12.6884], [""ti-"", -13.3709], [""xi-"", -13.3709], [""ti"", -14.0243], [""xe/i-"", -15.4085], [""pibi"", -15.6815], [""kiki"", -15.6815], [""tti"", -15.8778], [""kbi"", -15.8778], [""xɲti"", -16.0342]]"
iΘwaead	ti-	-16.1954	"[[""ti-"", -16.1954], [""xi-"", -16.1954], [""=ti"", -16.1955], [""tis-"", -17.2859], [""tise"", -17.4403], [""pise"", -17.4403], [""ti"", -17.5315], [""ux(i)-"", -17.8684], [""xe/i-"", -18.2251], [""kʷãn"", -18.2644]]"
iΘwaeadi	tis-	-16.8752	"[[""tis-"", -16.8752], [""xi-"", -19.3009], [""ti-"", -19.3009], [""=ti"", -19.7026], [""kəm.me"", -20.1763], [""tise"", -20.2843], [""pise"", -20.2843], [""ux(i)-"", -20.324], [""is-"", -20.3849], [""win(i)-"", -20.8728]]"
iΘwaeadik	tis-	-19.6998	"[[""tis-"", -19.6998], [""win(i)-"", -22.2276], [""ti-"", -22.5226], [""xi-"", -22.5226], [""kəm.me"", -22.6656], [""ux(i)-"", -23.1534], [""is-"", -23.2096], [""=ti"", -23.2097], [""pise"", -23.3965], [""tise"", -23.3965]]"
iΘwaeadiki	tis-	-22.8053	"[[""tis-"", -22.8053], [""win(i)-"", -24.3294], [""kəm.me"", -25.5025], [""xis-(ti)"", -25.6643], [""ti-"", -25.8081], [""xi-"", -25.8081], [""ux(i)-"", -26.157], [""is-"", -26.3152], [""pise"", -26.6215], [""tise"", -26.6215]]"
iΘwaj	xb-	-14.5062	"[[""xb-"", -14.5062], [""xtt-"", -14.8111], [""xɲt-"", -14.8111], [""tub-"", -14.8637], [""wex-"", -14.8637], [""=de"", -15.0292], [""=be"", -15.0292], [""=pe"", -15.0292], [""=ti"", -15.0292], [""ad-"", -15.052]]"
iΘwaja	xb-	-17.5386	"[[""xb-"", -17.5386], [""xtt-"", -17.7811], [""xɲt-"", -17.7811], [""wex-"", -17.8354], [""tub-"", -17.8354], [""ax-"", -18.157], [""ad-"", -18.157], [""kʷla-"", -18.2026], [""=pe"", -18.2452], [""=de"", -18.2452]]"
iΘwajaa	xb-	-20.6842	"[[""xb-"", -20.6842], [""kʷla-"", -20.8284], [""xɲt-"", -20.8804], [""xtt-"", -20.8804], [""wex-"", -20.9365], [""tub-"", -20.9365], [""ti-"", -21.3236], [""xi-"", -21.3236], [""xa-"", -21.3236], [""ad-"", -21.3758]]"
iΘwajaad	kʷãn	-21.3326	"[[""kʷãn"", -21.3326], [""trus"", -22.6718], [""t͡seus"", -23.3349], [""kʷla-"", -23.6568], [""trm̃mis"", -23.8568], [""tse-"", -23.8739], [""tsi-"", -23.8739], [""tsa-"", -23.8739], [""xb-"", -23.8961], [""Arɲnas"", -23.9909]]"
iΘwajaadi	kʷãn	-24.8256	"[[""kʷãn"", -24.8256], [""tem-/m̃m-"", -25.3473], [""kʷexn͂n-"", -25.3787], [""tsas-"", -25.5086], [""pddeːn-"", -25.5523], [""xber-"", -25.6004], [""ter-"", -25.6344], [""tis-"", -25.6344], [""trus"", -26.0279], [""mɲn-"", -26.2068]]"
iΘwajaadik	tem-/m̃m-	-27.9038	"[[""tem-/m̃m-"", -27.9038], [""kʷexn͂n-"", -28.0508], [""tsas-"", -28.2599], [""kʷãn"", -28.316], [""xθθã(n)-"", -28.347], [""pddẽ(n)-"", -28.347], [""pddeːn-"", -28.3767], [""xber-"", -28.4315], [""tis-"", -28.4958], [""ter-"", -28.4958]]"
iΘwajaaj	kʷla-	-23.6568	"[[""kʷla-"", -23.6568], [""xb-"", -23.8961], [""xɲt-"", -24.0547], [""xtt-"", -24.0547], [""tub-"", -24.1125], [""wex-"", -24.1125], [""xi-"", -24.4737], [""ti-"", -24.4737], [""xa-"", -24.4737], [""kdu-"", -24.5224]]"
iΘwajaaja	kʷla-	-26.6104	"[[""kʷla-"", -26.6104], [""xb-"", -27.1522], [""xɲt-"", -27.2789], [""xtt-"", -27.2789], [""wex-"", -27.338], [""tub-"", -27.338], [""kb-/tu-"", -27.6594], [""xi-"", -27.6781], [""ti-"", -27.6781], [""xa-"", -27.6781]]"
iΘwajaj	xb-	-20.6842	"[[""xb-"", -20.6842], [""kʷla-"", -20.8284], [""xɲt-"", -20.8804], [""xtt-"", -20.8804], [""wex-"", -20.9365], [""tub-"", -20.9365], [""ti-"", -21.3236], [""xi-"", -21.3236], [""xa-"", -21.3236], [""ad-"", -21.3758]]"
iΘwajaja	kʷla-	-23.6568	"[[""kʷla-"", -23.6568], [""xb-"", -23.8961], [""xɲt-"", -24.0547], [""xtt-"", -24.0547], [""tub-"", -24.1125], [""wex-"", -24.1125], [""xi-"", -24.4737], [""ti-"", -24.4737], [""xa-"", -24.4737], [""kdu-"", -24.5224]]"
iΘwajajaa	kʷla-	-26.6104	"[[""kʷla-"", -26.6104], [""xb-"", -27.1522], [""xɲt-"", -27.2789], [""xtt-"", -27.2789], [""wex-"", -27.338], [""tub-"", -27.338], [""kb-/tu-"", -27.6594], [""xi-"", -27.6781], [""ti-"", -27.6781], [""xa-"", -27.6781]]"
iΘwajajad	kʷãn	-24.4801	"[[""kʷãn"", -24.4801], [""trus"", -26.0112], [""t͡seus"", -26.354], [""kʷla-"", -26.6104], [""trm̃mis"", -26.8476], [""xb-"", -27.1522], [""tsi-"", -27.2035], [""tsa-"", -27.2035], [""tse-"", -27.2035], [""xtt-"", -27.2789]]"
iΘwajajadi	kʷãn	-27.9757	"[[""kʷãn"", -27.9757], [""tem-/m̃m-"", -27.9847], [""kʷexn͂n-"", -28.2201], [""pddeːn-"", -28.6061], [""tsas-"", -28.8457], [""xber-"", -28.9078], [""ter-"", -28.9478], [""tis-"", -28.9478], [""trus"", -29.3891], [""kʷla-"", -29.6496]]"
iΘwajajai	kʷla-	-26.6104	"[[""kʷla-"", -26.6104], [""xb-"", -27.1522], [""xɲt-"", -27.2789], [""xtt-"", -27.2789], [""wex-"", -27.338], [""tub-"", -27.338], [""kb-/tu-"", -27.6594], [""xi-"", -27.6781], [""ti-"", -27.6781], [""xa-"", -27.6781]]"
iΘwajajain	kʷla-	-29.6496	"[[""kʷla-"", -29.6496], [""xb-"", -30.4401], [""kʷa-(ti)"", -30.4482], [""kb-/tu-"", -30.4802], [""xtt-"", -30.539], [""xɲt-"", -30.539], [""tub-"", -30.5992], [""wex-"", -30.5992], [""ux(i)-"", -30.6231], [""pux-(ti)"", -30.8414]]"
iΘwajajaj	kʷla-	-26.6104	"[[""kʷla-"", -26.6104], [""xb-"", -27.1522], [""xɲt-"", -27.2789], [""xtt-"", -27.2789], [""wex-"", -27.338], [""tub-"", -27.338], [""kb-/tu-"", -27.6594], [""xi-"", -27.6781], [""ti-"", -27.6781], [""xa-"", -27.6781]]"
iΘwajajaja	kʷla-	-29.6496	"[[""kʷla-"", -29.6496], [""xb-"", -30.4401], [""kʷa-(ti)"", -30.4482], [""kb-/tu-"", -30.4802], [""xtt-"", -30.539], [""xɲt-"", -30.539], [""tub-"", -30.5992], [""wex-"", -30.5992], [""ux(i)-"", -30.6231], [""pux-(ti)"", -30.8414]]"
iΘwajajas	kʷla-	-26.6104	"[[""kʷla-"", -26.6104], [""xb-"", -27.1522], [""xɲt-"", -27.2789], [""xtt-"", -27.2789], [""wex-"", -27.338], [""tub-"", -27.338], [""kb-/tu-"", -27.6594], [""xi-"", -27.6781], [""ti-"", -27.6781], [""xa-"", -27.6781]]"
iΘwajajasa	kʷla-	-29.6496	"[[""kʷla-"", -29.6496], [""xb-"", -30.4401], [""kʷa-(ti)"", -30.4482], [""kb-/tu-"", -30.4802], [""xtt-"", -30.539], [""xɲt-"", -30.539], [""tub-"", -30.5992], [""wex-"", -30.5992], [""ux(i)-"", -30.6231], [""pux-(ti)"", -30.8414]]"
iΘwajas	xb-	-20.6842	"[[""xb-"", -20.6842], [""kʷla-"", -20.8284], [""xɲt-"", -20.8804], [""xtt-"", -20.8804], [""wex-"", -20.9365], [""tub-"", -20.9365], [""ti-"", -21.3236], [""xi-"", -21.3236], [""xa-"", -21.3236], [""ad-"", -21.3758]]"
iΘwajase	=ti	-19.694	"[[""=ti"", -19.694], [""ti"", -21.036], [""pibi"", -22.3846], [""kiki"", -22.3846], [""kbi"", -22.4216], [""tti"", -22.4216], [""xɲti"", -22.4517], [""tewi"", -22.5087], [""tedi"", -22.5087], [""kebi"", -22.5087]]"
iΘwajasek	=ti	-23.2011	"[[""=ti"", -23.2011], [""xi-"", -23.8776], [""ti-"", -23.8776], [""xe/i-"", -24.1693], [""xle/i-"", -24.3662], [""ti"", -24.5432], [""kʷa-(ti)"", -25.1373], [""pux-(ti)"", -25.4143], [""tsi-"", -25.6344], [""ti-(ti)"", -25.6721]]"
iΘwajaseka	xi-	-26.7081	"[[""xi-"", -26.7081], [""ti-"", -26.7081], [""=ti"", -26.7082], [""xe/i-"", -26.9934], [""ux(i)-"", -27.0117], [""win(i)-"", -27.1532], [""xal(i)-"", -27.1608], [""xle/i-"", -27.1907], [""kʷa-(ti)"", -27.9457], [""xike(/i)-"", -28.0431]]"
iΘwajat	=de	-16.2027	"[[""=de"", -16.2027], [""=pe"", -16.2027], [""=be"", -16.2027], [""ta"", -17.5297], [""da"", -17.5297], [""ke"", -17.5422], [""pe"", -17.5422], [""Tbuwe"", -17.9377], [""kʷaja"", -18.1106], [""kʷla"", -18.2644]]"
iΘwajatu	=de	-19.7098	"[[""=de"", -19.7098], [""=be"", -19.7098], [""=pe"", -19.7098], [""xa-"", -20.3762], [""eb(e)"", -21.017], [""da"", -21.0369], [""ta"", -21.0369], [""ke"", -21.0493], [""pe"", -21.0493], [""kʷla-"", -21.0829]]"
iΘwajatur	xa-	-23.2043	"[[""xa-"", -23.2043], [""=be"", -23.2169], [""=de"", -23.2169], [""=pe"", -23.2169], [""eb(e)"", -23.8418], [""kʷla-"", -23.9151], [""da"", -24.5441], [""ta"", -24.5441], [""pe"", -24.5565], [""ke"", -24.5565]]"
iΘwajaturu	xa-	-26.3111	"[[""xa-"", -26.3111], [""=pe"", -26.7239], [""=de"", -26.7239], [""=be"", -26.7239], [""eb(e)"", -26.9468], [""kʷla-"", -27.0158], [""kʷa-(ti)"", -27.4202], [""tawa-"", -27.6625], [""xawa-"", -27.6625], [""xata-"", -27.6625]]"
jaa	Jaɲ	-11.5351	"[[""Jaɲ"", -11.5351], [""=pe"", -11.5351], [""=mẽ"", -11.5351], [""=ti"", -11.5351], [""=be"", -11.5351], [""=de"", -11.5351], [""is-"", -12.1474], [""mu-"", -12.1474], [""xb-"", -12.1474], [""xa-"", -12.1474]]"
jaad	=mẽ	-12.1927	"[[""=mẽ"", -12.1927], [""mar"", -12.5619], [""nur"", -12.5619], [""as"", -12.6134], [""es"", -12.6134], [""mu-"", -13.6825], [""si-"", -13.6825], [""Arɲnas"", -13.8226], [""me"", -13.9074], [""se"", -13.9074]]"
jaadi	=mẽ	-15.0316	"[[""=mẽ"", -15.0316], [""mɲn-"", -15.3988], [""is-"", -15.4237], [""tis-"", -15.681], [""ter-"", -15.681], [""mar"", -15.8501], [""nur"", -15.8501], [""mu-"", -16.0165], [""si-"", -16.0165], [""es"", -16.113]]"
jaadik	mɲn-	-18.1115	"[[""mɲn-"", -18.1115], [""=mẽ"", -18.1387], [""nun͂-"", -18.1822], [""is-"", -18.2656], [""ter-"", -18.5065], [""tis-"", -18.5065], [""si-"", -18.775], [""mu-"", -18.775], [""m̃mẽ"", -19.0238], [""m̃ma"", -19.0238]]"
jaadiki	nun͂-	-20.5729	"[[""nun͂-"", -20.5729], [""mɲn-"", -21.1126], [""=mẽ"", -21.3586], [""is-"", -21.3746], [""tis-"", -21.6114], [""ter-"", -21.6114], [""mu-"", -21.7358], [""si-"", -21.7358], [""m̃mẽ"", -21.9027], [""m̃ma"", -21.9027]]"
jaadikit	=mẽ	-19.3093	"[[""=mẽ"", -19.3093], [""Krɲna"", -20.9423], [""Arɲna"", -20.9423], [""se"", -21.0494], [""ne"", -21.0494], [""mẽ"", -21.0494], [""me"", -21.0494], [""Ssaxa"", -21.1281], [""Ssewa"", -21.1305], [""m̃ma"", -21.1312]]"
jaadikite	nei	-21.0474	"[[""nei"", -21.0474], [""γarãi"", -21.7412], [""Piɡrẽi"", -22.0386], [""=mẽ"", -22.804], [""trei"", -23.1176], [""Hutsetẽi"", -23.8743], [""Puwẽi"", -23.997], [""Isɲta-"", -24.1882], [""neni"", -24.2767], [""Krɲna"", -24.4483]]"
jaadikites	nei	-24.5546	"[[""nei"", -24.5546], [""γarãi"", -25.2483], [""Piɡrẽi"", -25.5457], [""=mẽ"", -26.3111], [""m̃me/i-"", -26.4259], [""trei"", -26.6248], [""Isɲta-"", -27.0148], [""maxi-"", -27.1738], [""Hutsetẽi"", -27.3805], [""si-"", -27.3845]]"
jaaj	=be	-14.5247	"[[""=be"", -14.5247], [""=ti"", -14.5247], [""=mẽ"", -14.5247], [""Jaɲ"", -14.5247], [""=de"", -14.5247], [""=pe"", -14.5247], [""ax-"", -14.9765], [""xb-"", -14.9765], [""mu-"", -14.9765], [""is-"", -14.9765]]"
jaaja	=be	-17.6191	"[[""=be"", -17.6191], [""=ti"", -17.6191], [""=pe"", -17.6191], [""=de"", -17.6191], [""=mẽ"", -17.6191], [""Jaɲ"", -17.6191], [""si-"", -17.9765], [""ti-"", -17.9765], [""mu-"", -17.9765], [""ad-"", -17.9765]]"
jad	=mẽ	-9.0981	"[[""=mẽ"", -9.0981], [""mar"", -9.3539], [""nur"", -9.3539], [""as"", -9.3933], [""es"", -9.3933], [""si-"", -10.3196], [""mu-"", -10.3196], [""si"", -10.4301], [""mẽ"", -10.4301], [""ni"", -10.4301]]"
jadi	=mẽ	-11.9271	"[[""=mẽ"", -11.9271], [""mɲn-"", -12.1883], [""is-"", -12.2188], [""mu-"", -12.5661], [""si-"", -12.5661], [""nur"", -12.5757], [""mar"", -12.5757], [""tis-"", -12.5904], [""ter-"", -12.5904], [""es"", -12.8904]]"
jadik	mɲn-	-14.8637	"[[""mɲn-"", -14.8637], [""nun͂-"", -14.9723], [""=mẽ"", -15.0292], [""is-"", -15.052], [""mu-"", -15.3009], [""si-"", -15.3009], [""ter-"", -15.4141], [""tis-"", -15.4141], [""m̃mẽ"", -15.6048], [""m̃ma"", -15.6048]]"
jadiki	nun͂-	-17.3363	"[[""nun͂-"", -17.3363], [""mɲn-"", -17.8354], [""is-"", -18.157], [""=mẽ"", -18.2452], [""mu-"", -18.2515], [""si-"", -18.2515], [""m̃ma"", -18.457], [""m̃mẽ"", -18.457], [""ter-"", -18.5181], [""tis-"", -18.5181]]"
jadikit	=mẽ	-16.2027	"[[""=mẽ"", -16.2027], [""mẽ"", -17.5422], [""ne"", -17.5422], [""se"", -17.5422], [""me"", -17.5422], [""m̃ma"", -17.8721], [""m̃mẽ"", -17.8842], [""Krɲna"", -17.9252], [""Arɲna"", -17.9252], [""Ssaxa"", -18.0225]]"
jadikitu	=mẽ	-19.7098	"[[""=mẽ"", -19.7098], [""mẽ"", -21.0493], [""ne"", -21.0493], [""se"", -21.0493], [""me"", -21.0493], [""Isɲta-"", -21.0829], [""Ssaxa"", -21.3486], [""Ssewa"", -21.3527], [""m̃ma"", -21.3668], [""m̃mẽ"", -21.3788]]"
jadikituj	=mẽ	-23.2169	"[[""=mẽ"", -23.2169], [""Isɲta-"", -23.9095], [""s(ije)-"", -24.1788], [""me"", -24.5565], [""se"", -24.5565], [""mẽ"", -24.5565], [""ne"", -24.5565], [""mara-"", -24.6211], [""Ssaxa"", -24.6986], [""Ssewa"", -24.7038]]"
jadikituja	s(ije)-	-26.6389	"[[""s(ije)-"", -26.6389], [""=mẽ"", -26.7239], [""Isɲta-"", -27.0149], [""mara-"", -27.6625], [""maxa-"", -27.951], [""sɲne-"", -27.9598], [""nele₂"", -27.9633], [""nele₁"", -27.9633], [""mẽ"", -28.0637], [""ne"", -28.0637]]"
jai	Jaɲ	-11.5351	"[[""Jaɲ"", -11.5351], [""=pe"", -11.5351], [""=mẽ"", -11.5351], [""=ti"", -11.5351], [""=be"", -11.5351], [""=de"", -11.5351], [""is-"", -12.1474], [""mu-"", -12.1474], [""xb-"", -12.1474], [""xa-"", -12.1474]]"
jain	=be	-14.5247	"[[""=be"", -14.5247], [""=ti"", -14.5247], [""=mẽ"", -14.5247], [""Jaɲ"", -14.5247], [""=de"", -14.5247], [""=pe"", -14.5247], [""ax-"", -14.9765], [""xb-"", -14.9765], [""mu-"", -14.9765], [""is-"", -14.9765]]"
jainw	Jaɲ	-14.3659	"[[""Jaɲ"", -14.3659], [""Tlax"", -14.5179], [""=pe"", -15.4014], [""=be"", -15.4014], [""=ti"", -15.4014], [""=de"", -15.4014], [""wex"", -15.8337], [""epɲ"", -16.0076], [""app"", -16.0076], [""alb"", -16.0405]]"
jainwa	Jaɲ	-17.8582	"[[""Jaɲ"", -17.8582], [""Tlax"", -18.0222], [""=ti"", -18.2489], [""=de"", -18.2489], [""=pe"", -18.2489], [""=be"", -18.2489], [""xb-"", -18.3753], [""xtt-"", -18.6173], [""xɲt-"", -18.6173], [""wex-"", -18.6706]]"
jainwaz	qal	-20.215	"[[""qal"", -20.215], [""kʷla-"", -20.2737], [""kʷla"", -20.2853], [""xla-"", -20.8428], [""xla"", -20.9504], [""tla"", -20.9504], [""hla"", -20.9504], [""Tlax"", -21.0784], [""xb-"", -21.1859], [""Mutlẽi"", -21.3252]]"
jainwaza	kʷla-	-22.4469	"[[""kʷla-"", -22.4469], [""xla-"", -23.0868], [""kʷla"", -23.1011], [""tlle-"", -23.674], [""qal"", -23.7085], [""tla"", -23.7944], [""xla"", -23.7944], [""hla"", -23.7944], [""Mutlẽi"", -24.1279], [""xb-"", -24.2433]]"
jainwazaΦ	kʷla-	-25.1541	"[[""kʷla-"", -25.1541], [""xla-"", -25.8209], [""tlle-"", -26.1387], [""kʷla"", -26.194], [""tla"", -26.9066], [""hla"", -26.9066], [""xla"", -26.9066], [""qal"", -27.2017], [""Mutlẽi"", -27.2164], [""kʷl-/tel-"", -27.2899]]"
jainwazaΦn	kʷla-	-28.0867	"[[""kʷla-"", -28.0867], [""xla-"", -28.7711], [""tlle-"", -28.9666], [""kʷla"", -29.402], [""kʷl-/tel-"", -29.8021], [""hla"", -30.1316], [""xla"", -30.1316], [""tla"", -30.1316], [""xɲtla-"", -30.3483], [""Mutlẽi"", -30.4224]]"
jaj	Jaɲ	-11.5351	"[[""Jaɲ"", -11.5351], [""=pe"", -11.5351], [""=mẽ"", -11.5351], [""=ti"", -11.5351], [""=be"", -11.5351], [""=de"", -11.5351], [""is-"", -12.1474], [""mu-"", -12.1474], [""xb-"", -12.1474], [""xa-"", -12.1474]]"
jaja	=be	-14.5247	"[[""=be"", -14.5247], [""=ti"", -14.5247], [""=mẽ"", -14.5247], [""Jaɲ"", -14.5247], [""=de"", -14.5247], [""=pe"", -14.5247], [""ax-"", -14.9765], [""xb-"", -14.9765], [""mu-"", -14.9765], [""is-"", -14.9765]]"
jajaa	=be	-17.6191	"[[""=be"", -17.6191], [""=ti"", -17.6191], [""=pe"", -17.6191], [""=de"", -17.6191], [""=mẽ"", -17.6191], [""Jaɲ"", -17.6191], [""si-"", -17.9765], [""ti-"", -17.9765], [""mu-"", -17.9765], [""ad-"", -17.9765]]"
jajad	=mẽ	-15.4014	"[[""=mẽ"", -15.4014], [""nur"", -15.8337], [""mar"", -15.8337], [""as"", -15.898], [""es"", -15.898], [""Arɲnas"", -16.731], [""kʷãn"", -16.8777], [""si-"", -17.0238], [""mu-"", -17.0238], [""(†)pẽnẽ"", -17.1933]]"
jajadi	=mẽ	-18.2489	"[[""=mẽ"", -18.2489], [""mɲn-"", -18.6706], [""is-"", -18.6931], [""ter-"", -18.8864], [""tis-"", -18.8864], [""nur"", -19.164], [""mar"", -19.164], [""as"", -19.3992], [""es"", -19.3992], [""si-"", -19.4562]]"
jajadik	=mẽ	-21.3598	"[[""=mẽ"", -21.3598], [""mɲn-"", -21.4073], [""nun͂-"", -21.4499], [""is-"", -21.5432], [""ter-"", -21.7137], [""tis-"", -21.7137], [""mu-"", -22.2433], [""si-"", -22.2433], [""m̃ma"", -22.428], [""m̃mẽ"", -22.428]]"
jajadiki	nun͂-	-23.86	"[[""nun͂-"", -23.86], [""mɲn-"", -24.428], [""=mẽ"", -24.5822], [""is-"", -24.6554], [""tis-"", -24.8194], [""ter-"", -24.8194], [""mu-"", -25.2166], [""si-"", -25.2166], [""m̃mẽ"", -25.336], [""m̃ma"", -25.336]]"
jajadikit	=mẽ	-22.5315	"[[""=mẽ"", -22.5315], [""Krɲna"", -24.0811], [""Arɲna"", -24.0811], [""(†)pẽnẽ"", -24.2282], [""Ssaxa"", -24.3492], [""Ssewa"", -24.3516], [""m̃ma"", -24.3904], [""m̃mẽ"", -24.4027], [""mẽ"", -24.5566], [""me"", -24.5566]]"
jajadikitu	=mẽ	-26.0387	"[[""=mẽ"", -26.0387], [""Isɲta-"", -27.409], [""Krɲna"", -27.5872], [""Arɲna"", -27.5872], [""Ssaxa"", -27.6757], [""Ssewa"", -27.6798], [""(†)pẽnẽ"", -27.7102], [""m̃ma"", -27.89], [""m̃mẽ"", -27.9022], [""ne"", -28.0638]]"
jajai	=be	-17.6191	"[[""=be"", -17.6191], [""=ti"", -17.6191], [""=pe"", -17.6191], [""=de"", -17.6191], [""=mẽ"", -17.6191], [""Jaɲ"", -17.6191], [""si-"", -17.9765], [""ti-"", -17.9765], [""mu-"", -17.9765], [""ad-"", -17.9765]]"
jajain	=be	-20.7824	"[[""=be"", -20.7824], [""=mẽ"", -20.7824], [""=de"", -20.7824], [""Jaɲ"", -20.7824], [""=ti"", -20.7824], [""=pe"", -20.7824], [""xb-"", -21.0773], [""ad-"", -21.0773], [""xa-"", -21.0773], [""ti-"", -21.0773]]"
jajainw	Jaɲ	-20.6952	"[[""Jaɲ"", -20.6952], [""Tlax"", -20.775], [""=ti"", -21.9848], [""=be"", -21.9848], [""=de"", -21.9848], [""=pe"", -21.9848], [""(†)pẽnẽ"", -22.3008], [""wex"", -22.4864], [""epɲ"", -22.5956], [""app"", -22.5956]]"
jajainwa	Jaɲ	-24.1925	"[[""Jaɲ"", -24.1925], [""Tlax"", -24.28], [""(†)pẽnẽ"", -24.7411], [""=ti"", -24.848], [""=de"", -24.848], [""=be"", -24.848], [""=pe"", -24.848], [""xb-"", -25.1112], [""xtt-"", -25.2676], [""xɲt-"", -25.2676]]"
jajainwaz	qal	-27.1987	"[[""qal"", -27.1987], [""kʷla-"", -27.2655], [""kʷla"", -27.2866], [""Tlax"", -27.4827], [""(†)pẽnẽ"", -27.5573], [""Mutlẽi"", -27.6591], [""Jaɲ"", -27.6883], [""xla-"", -27.8508], [""xb-"", -27.9432], [""hla"", -27.9641]]"
jajainwaza	kʷla-	-29.4459	"[[""kʷla-"", -29.4459], [""kʷl-/tel-"", -30.0702], [""xla-"", -30.0991], [""kʷla"", -30.1033], [""Mutlẽi"", -30.4619], [""(†)pẽnẽ"", -30.548], [""tlle-"", -30.6826], [""qal"", -30.6926], [""Tlax"", -30.7507], [""hla"", -30.8084]]"
jajaj	=be	-17.6191	"[[""=be"", -17.6191], [""=ti"", -17.6191], [""=pe"", -17.6191], [""=de"", -17.6191], [""=mẽ"", -17.6191], [""Jaɲ"", -17.6191], [""si-"", -17.9765], [""ti-"", -17.9765], [""mu-"", -17.9765], [""ad-"", -17.9765]]"
jajaja	=be	-20.7824	"[[""=be"", -20.7824], [""=mẽ"", -20.7824], [""=de"", -20.7824], [""Jaɲ"", -20.7824], [""=ti"", -20.7824], [""=pe"", -20.7824], [""xb-"", -21.0773], [""ad-"", -21.0773], [""xa-"", -21.0773], [""ti-"", -21.0773]]"
jajajaw	Jaɲ	-20.6952	"[[""Jaɲ"", -20.6952], [""Tlax"", -20.775], [""=ti"", -21.9848], [""=be"", -21.9848], [""=de"", -21.9848], [""=pe"", -21.9848], [""(†)pẽnẽ"", -22.3008], [""wex"", -22.4864], [""epɲ"", -22.5956], [""app"", -22.5956]]"
jajajawa	Jaɲ	-24.1925	"[[""Jaɲ"", -24.1925], [""Tlax"", -24.28], [""(†)pẽnẽ"", -24.7411], [""=ti"", -24.848], [""=de"", -24.848], [""=be"", -24.848], [""=pe"", -24.848], [""xb-"", -25.1112], [""xtt-"", -25.2676], [""xɲt-"", -25.2676]]"
jajas	=be	-17.6191	"[[""=be"", -17.6191], [""=ti"", -17.6191], [""=pe"", -17.6191], [""=de"", -17.6191], [""=mẽ"", -17.6191], [""Jaɲ"", -17.6191], [""si-"", -17.9765], [""ti-"", -17.9765], [""mu-"", -17.9765], [""ad-"", -17.9765]]"
jajasa	=be	-20.7824	"[[""=be"", -20.7824], [""=mẽ"", -20.7824], [""=de"", -20.7824], [""Jaɲ"", -20.7824], [""=ti"", -20.7824], [""=pe"", -20.7824], [""xb-"", -21.0773], [""ad-"", -21.0773], [""xa-"", -21.0773], [""ti-"", -21.0773]]"
jajasas	=pe	-23.9944	"[[""=pe"", -23.9944], [""=be"", -23.9944], [""=ti"", -23.9944], [""=mẽ"", -23.9944], [""Jaɲ"", -23.9944], [""=de"", -23.9944], [""ad-"", -24.2448], [""ti-"", -24.2448], [""is-"", -24.2448], [""mu-"", -24.2448]]"
jajasasa	Jaɲ	-27.2426	"[[""Jaɲ"", -27.2426], [""=de"", -27.2426], [""=pe"", -27.2426], [""=ti"", -27.2426], [""=mẽ"", -27.2426], [""=be"", -27.2426], [""(†)pẽnẽ"", -27.3885], [""ux(i)-"", -27.4466], [""ax-"", -27.4599], [""ad-"", -27.4599]]"
jajasasar	(†)pẽnẽ	-30.2891	"[[""(†)pẽnẽ"", -30.2891], [""ux(i)-"", -30.3571], [""=mẽ"", -30.5191], [""=de"", -30.5191], [""Jaɲ"", -30.5191], [""=pe"", -30.5191], [""=be"", -30.5191], [""=ti"", -30.5191], [""ti-"", -30.7105], [""xi-"", -30.7105]]"
jajasasara	(†)pẽnẽ	-33.2542	"[[""(†)pẽnẽ"", -33.2542], [""ux(i)-"", -33.3318], [""kb-/tu-"", -33.7632], [""as-(ti)"", -33.7632], [""ma-(ti)"", -33.7632], [""ta-(di)"", -33.7632], [""es-(ti)"", -33.7632], [""es-(di)"", -33.7632], [""da-(di)"", -33.7632], [""la-(ti)"", -33.7632]]"
jajaw	Jaɲ	-14.3659	"[[""Jaɲ"", -14.3659], [""Tlax"", -14.5179], [""=pe"", -15.4014], [""=be"", -15.4014], [""=ti"", -15.4014], [""=de"", -15.4014], [""wex"", -15.8337], [""epɲ"", -16.0076], [""app"", -16.0076], [""alb"", -16.0405]]"
jajawa	Jaɲ	-17.8582	"[[""Jaɲ"", -17.8582], [""Tlax"", -18.0222], [""=ti"", -18.2489], [""=de"", -18.2489], [""=pe"", -18.2489], [""=be"", -18.2489], [""xb-"", -18.3753], [""xtt-"", -18.6173], [""xɲt-"", -18.6173], [""wex-"", -18.6706]]"
jar	Jaɲ	-11.5351	"[[""Jaɲ"", -11.5351], [""=pe"", -11.5351], [""=mẽ"", -11.5351], [""=ti"", -11.5351], [""=be"", -11.5351], [""=de"", -11.5351], [""is-"", -12.1474], [""mu-"", -12.1474], [""xb-"", -12.1474], [""xa-"", -12.1474]]"
jare	=ti	-11.3218	"[[""=ti"", -11.3218], [""ni"", -12.6134], [""ai"", -12.6134], [""ti"", -12.6134], [""si"", -12.6134], [""epi"", -12.8281], [""eni"", -12.8281], [""ẽti"", -12.8281], [""eti"", -12.8281], [""eri"", -12.8281]]"
jared	is-	-13.8997	"[[""is-"", -13.8997], [""es"", -14.5936], [""=ti"", -14.8093], [""xe/i-"", -14.9949], [""ijãnis"", -15.2738], [""si-"", -15.3068], [""miren"", -15.3427], [""=mẽ"", -15.3805], [""xi-"", -15.4237], [""ti-"", -15.4237]]"
jaredi	is-	-13.374	"[[""is-"", -13.374], [""tis-"", -15.4674], [""ijas-"", -16.8291], [""ux(i)-"", -17.7941], [""xe/i-"", -17.8173], [""si-"", -18.0473], [""es"", -18.0991], [""=mẽ"", -18.238], [""xi-"", -18.2656], [""ti-"", -18.2656]]"
jaredij	is-	-16.1974	"[[""is-"", -16.1974], [""tis-"", -18.2908], [""ijas-"", -19.6508], [""ux(i)-"", -20.2506], [""win(i)-"", -20.745], [""xe/i-"", -20.9199], [""si-"", -21.065], [""ebuθis-"", -21.2082], [""səm.ma"", -21.2876], [""kəm.me"", -21.2978]]"
jaredija	is-	-19.3026	"[[""is-"", -19.3026], [""tis-"", -21.396], [""ijas-"", -22.7531], [""win(i)-"", -22.8735], [""ux(i)-"", -23.0799], [""nun͂-"", -23.86], [""səm.ma"", -24.1082], [""kəm.me"", -24.1209], [""xe/i-"", -24.1379], [""si-"", -24.2035]]"
jaret	iða	-13.8528	"[[""iða"", -13.8528], [""ije"", -13.8636], [""ite"", -13.8636], [""iqta"", -13.9757], [""Tele"", -14.119], [""=ewẽ"", -14.119], [""Masa"", -14.1963], [""Pubiele"", -14.3177], [""=de"", -14.3703], [""=pe"", -14.3703]]"
jareta	iwe-	-16.6917	"[[""iwe-"", -16.6917], [""iða"", -17.3337], [""ije"", -17.3442], [""ite"", -17.3442], [""Tele"", -17.3929], [""=ewẽ"", -17.3929], [""Pubiele"", -17.4118], [""Masa"", -17.453], [""iqta"", -17.4784], [""eb(e)"", -17.7819]]"
jas	Jaɲ	-11.5351	"[[""Jaɲ"", -11.5351], [""=pe"", -11.5351], [""=mẽ"", -11.5351], [""=ti"", -11.5351], [""=be"", -11.5351], [""=de"", -11.5351], [""is-"", -12.1474], [""mu-"", -12.1474], [""xb-"", -12.1474], [""xa-"", -12.1474]]"
jasa	=be	-14.5247	"[[""=be"", -14.5247], [""=ti"", -14.5247], [""=mẽ"", -14.5247], [""Jaɲ"", -14.5247], [""=de"", -14.5247], [""=pe"", -14.5247], [""ax-"", -14.9765], [""xb-"", -14.9765], [""mu-"", -14.9765], [""is-"", -14.9765]]"
jasas	=be	-17.6191	"[[""=be"", -17.6191], [""=ti"", -17.6191], [""=pe"", -17.6191], [""=de"", -17.6191], [""=mẽ"", -17.6191], [""Jaɲ"", -17.6191], [""si-"", -17.9765], [""ti-"", -17.9765], [""mu-"", -17.9765], [""ad-"", -17.9765]]"
jasasa	=be	-20.7824	"[[""=be"", -20.7824], [""=mẽ"", -20.7824], [""=de"", -20.7824], [""Jaɲ"", -20.7824], [""=ti"", -20.7824], [""=pe"", -20.7824], [""xb-"", -21.0773], [""ad-"", -21.0773], [""xa-"", -21.0773], [""ti-"", -21.0773]]"
jasasar	=pe	-23.9944	"[[""=pe"", -23.9944], [""=be"", -23.9944], [""=ti"", -23.9944], [""=mẽ"", -23.9944], [""Jaɲ"", -23.9944], [""=de"", -23.9944], [""ad-"", -24.2448], [""ti-"", -24.2448], [""is-"", -24.2448], [""mu-"", -24.2448]]"
jasasara	Jaɲ	-27.2426	"[[""Jaɲ"", -27.2426], [""=de"", -27.2426], [""=pe"", -27.2426], [""=ti"", -27.2426], [""=mẽ"", -27.2426], [""=be"", -27.2426], [""(†)pẽnẽ"", -27.3885], [""ux(i)-"", -27.4466], [""ax-"", -27.4599], [""ad-"", -27.4599]]"
jasasaram	(†)pẽnẽ	-30.2891	"[[""(†)pẽnẽ"", -30.2891], [""ux(i)-"", -30.3571], [""=mẽ"", -30.5191], [""=de"", -30.5191], [""Jaɲ"", -30.5191], [""=pe"", -30.5191], [""=be"", -30.5191], [""=ti"", -30.5191], [""ti-"", -30.7105], [""xi-"", -30.7105]]"
jasasarama	(†)pẽnẽ	-33.2542	"[[""(†)pẽnẽ"", -33.2542], [""ux(i)-"", -33.3318], [""kb-/tu-"", -33.7632], [""as-(ti)"", -33.7632], [""ma-(ti)"", -33.7632], [""ta-(di)"", -33.7632], [""es-(ti)"", -33.7632], [""es-(di)"", -33.7632], [""da-(di)"", -33.7632], [""la-(ti)"", -33.7632]]"
jasasarame	=ti	-30.4999	"[[""=ti"", -30.4999], [""Puwẽi"", -32.009], [""γarãi"", -32.0106], [""Axkʷkʷadi"", -32.5108], [""Piɡrẽi"", -32.5202], [""Merexi"", -32.5611], [""Mulesi"", -32.5617], [""Puresi"", -32.5617], [""Mutlẽi"", -32.564], [""epi"", -32.704]]"
jasau	=be	-17.6191	"[[""=be"", -17.6191], [""=ti"", -17.6191], [""=pe"", -17.6191], [""=de"", -17.6191], [""=mẽ"", -17.6191], [""Jaɲ"", -17.6191], [""si-"", -17.9765], [""ti-"", -17.9765], [""mu-"", -17.9765], [""ad-"", -17.9765]]"
jasaun	=be	-20.7824	"[[""=be"", -20.7824], [""=mẽ"", -20.7824], [""=de"", -20.7824], [""Jaɲ"", -20.7824], [""=ti"", -20.7824], [""=pe"", -20.7824], [""xb-"", -21.0773], [""ad-"", -21.0773], [""xa-"", -21.0773], [""ti-"", -21.0773]]"
jasauna	=pe	-23.9944	"[[""=pe"", -23.9944], [""=be"", -23.9944], [""=ti"", -23.9944], [""=mẽ"", -23.9944], [""Jaɲ"", -23.9944], [""=de"", -23.9944], [""ad-"", -24.2448], [""ti-"", -24.2448], [""is-"", -24.2448], [""mu-"", -24.2448]]"
jasaunak	Jaɲ	-27.2426	"[[""Jaɲ"", -27.2426], [""=de"", -27.2426], [""=pe"", -27.2426], [""=ti"", -27.2426], [""=mẽ"", -27.2426], [""=be"", -27.2426], [""(†)pẽnẽ"", -27.3885], [""ux(i)-"", -27.4466], [""ax-"", -27.4599], [""ad-"", -27.4599]]"
jasaunaka	(†)pẽnẽ	-30.2891	"[[""(†)pẽnẽ"", -30.2891], [""ux(i)-"", -30.3571], [""=mẽ"", -30.5191], [""=de"", -30.5191], [""Jaɲ"", -30.5191], [""=pe"", -30.5191], [""=be"", -30.5191], [""=ti"", -30.5191], [""ti-"", -30.7105], [""xi-"", -30.7105]]"
jasaunakan	(†)pẽnẽ	-33.2542	"[[""(†)pẽnẽ"", -33.2542], [""ux(i)-"", -33.3318], [""kb-/tu-"", -33.7632], [""as-(ti)"", -33.7632], [""ma-(ti)"", -33.7632], [""ta-(di)"", -33.7632], [""es-(ti)"", -33.7632], [""es-(di)"", -33.7632], [""da-(di)"", -33.7632], [""la-(ti)"", -33.7632]]"
jase	=ti	-11.3218	"[[""=ti"", -11.3218], [""ni"", -12.6134], [""ai"", -12.6134], [""ti"", -12.6134], [""si"", -12.6134], [""epi"", -12.8281], [""eni"", -12.8281], [""ẽti"", -12.8281], [""eti"", -12.8281], [""eri"", -12.8281]]"
jasek	=ti	-14.8093	"[[""=ti"", -14.8093], [""xe/i-"", -14.9949], [""xi-"", -15.4237], [""si-"", -15.4237], [""ti-"", -15.4237], [""tsi-"", -15.681], [""is-"", -16.0165], [""ni"", -16.113], [""si"", -16.113], [""ti"", -16.113]]"
jaseka	ux(i)-	-17.7941	"[[""ux(i)-"", -17.7941], [""xe/i-"", -17.8173], [""ti-"", -18.2656], [""xi-"", -18.2656], [""si-"", -18.2656], [""=ti"", -18.293], [""tsi-"", -18.5065], [""is-"", -18.775], [""iwe-"", -19.1795], [""ni"", -19.6125]]"
jasekan	ux(i)-	-20.2506	"[[""ux(i)-"", -20.2506], [""xe/i-"", -20.9199], [""si-"", -21.3746], [""ti-"", -21.3746], [""xi-"", -21.3746], [""tsi-"", -21.6114], [""is-"", -21.7358], [""=ti"", -21.7729], [""iwe-"", -22.0074], [""win(i)-"", -22.2573]]"
jasekana	ux(i)-	-23.0799	"[[""ux(i)-"", -23.0799], [""xe/i-"", -24.1379], [""xi-"", -24.5959], [""ti-"", -24.5959], [""si-"", -24.5959], [""is-"", -24.8135], [""tsi-"", -24.8318], [""iwe-"", -25.0069], [""win(i)-"", -25.0706], [""xal(i)-"", -25.1173]]"
jasekanas	ux(i)-	-26.0831	"[[""ux(i)-"", -26.0831], [""xe/i-"", -27.4188], [""a(i)-(di)"", -27.6493], [""ti-"", -27.8797], [""si-"", -27.8797], [""xi-"", -27.8797], [""ite(/i)-"", -27.9078], [""is-"", -27.9671], [""s(ije)-"", -28.011], [""win(i)-"", -28.0523]]"
jasekanasi	ux(i)-	-29.188	"[[""ux(i)-"", -29.188], [""a(i)-(di)"", -30.0276], [""ite(/i)-"", -30.7177], [""xe/i-"", -30.7393], [""s(ije)-"", -30.9626], [""win(i)-"", -31.1302], [""is-"", -31.1738], [""xi-"", -31.2031], [""si-"", -31.2031], [""ti-"", -31.2031]]"
jat	Masa	-8.2229	"[[""Masa"", -8.2229], [""=ewẽ"", -8.2354], [""Tele"", -8.2354], [""=de"", -8.4435], [""=mẽ"", -8.4435], [""=be"", -8.4435], [""=pe"", -8.4435], [""Mula"", -8.7201], [""Iuba"", -8.7201], [""Jaɲ"", -9.0981]]"
jata	Masa	-11.3895	"[[""Masa"", -11.3895], [""=ewẽ"", -11.402], [""Tele"", -11.402], [""=de"", -11.9212], [""=pe"", -11.9212], [""=be"", -11.9212], [""=mẽ"", -11.9212], [""Jaɲ"", -11.9271], [""ada-"", -12.1883], [""xa-"", -12.2188]]"
jatai	Masa	-14.6363	"[[""Masa"", -14.6363], [""Tele"", -14.6487], [""=ewẽ"", -14.6487], [""ada-"", -14.8637], [""Jaɲ"", -15.0292], [""xa-"", -15.052], [""eb(e)"", -15.254], [""ax-"", -15.3009], [""ad-"", -15.3009], [""=mẽ"", -15.3921]]"
jataiΘ	ada-	-17.8354	"[[""ada-"", -17.8354], [""Masa"", -17.9313], [""=ewẽ"", -17.9437], [""Tele"", -17.9437], [""xa-"", -18.157], [""Jaɲ"", -18.2452], [""ad-"", -18.2515], [""ax-"", -18.2515], [""eb(e)"", -18.284], [""mla-"", -18.5181]]"
jataiΘu	ada-	-20.9365	"[[""ada-"", -20.9365], [""Masa"", -21.2587], [""=ewẽ"", -21.2711], [""Tele"", -21.2711], [""ax-"", -21.3236], [""ad-"", -21.3236], [""xa-"", -21.3758], [""eb(e)"", -21.407], [""Jaɲ"", -21.5242], [""eru-"", -21.5317]]"
jataiΘuj	ada-	-24.1125	"[[""ada-"", -24.1125], [""ax-"", -24.4737], [""ad-"", -24.4737], [""eb(e)"", -24.5736], [""Masa"", -24.6093], [""=ewẽ"", -24.6216], [""Tele"", -24.6216], [""eru-"", -24.6286], [""xa-"", -24.6574], [""kʷa-(ti)"", -24.6983]]"
jataiΘuja	ada-	-27.338	"[[""ada-"", -27.338], [""kʷa-(ti)"", -27.3888], [""ite(/i)-"", -27.6024], [""ad-"", -27.6781], [""ax-"", -27.6781], [""eb(e)"", -27.7643], [""eru-"", -27.7933], [""a(i)-(di)"", -27.8642], [""Masa"", -27.9772], [""xa-"", -27.979]]"
jatu	Masa	-11.3895	"[[""Masa"", -11.3895], [""=ewẽ"", -11.402], [""Tele"", -11.402], [""=de"", -11.9212], [""=pe"", -11.9212], [""=be"", -11.9212], [""=mẽ"", -11.9212], [""Jaɲ"", -11.9271], [""ada-"", -12.1883], [""xa-"", -12.2188]]"
jatur	Masa	-14.6363	"[[""Masa"", -14.6363], [""Tele"", -14.6487], [""=ewẽ"", -14.6487], [""ada-"", -14.8637], [""Jaɲ"", -15.0292], [""xa-"", -15.052], [""eb(e)"", -15.254], [""ax-"", -15.3009], [""ad-"", -15.3009], [""=mẽ"", -15.3921]]"
jaturu	ada-	-17.8354	"[[""ada-"", -17.8354], [""Masa"", -17.9313], [""=ewẽ"", -17.9437], [""Tele"", -17.9437], [""xa-"", -18.157], [""Jaɲ"", -18.2452], [""ad-"", -18.2515], [""ax-"", -18.2515], [""eb(e)"", -18.284], [""mla-"", -18.5181]]"
jaturus	ada-	-20.9365	"[[""ada-"", -20.9365], [""Masa"", -21.2587], [""=ewẽ"", -21.2711], [""Tele"", -21.2711], [""ax-"", -21.3236], [""ad-"", -21.3236], [""xa-"", -21.3758], [""eb(e)"", -21.407], [""Jaɲ"", -21.5242], [""eru-"", -21.5317]]"
jaturusa	ada-	-24.1125	"[[""ada-"", -24.1125], [""ax-"", -24.4737], [""ad-"", -24.4737], [""eb(e)"", -24.5736], [""Masa"", -24.6093], [""=ewẽ"", -24.6216], [""Tele"", -24.6216], [""eru-"", -24.6286], [""xa-"", -24.6574], [""kʷa-(ti)"", -24.6983]]"
jaturusai	ada-	-27.338	"[[""ada-"", -27.338], [""kʷa-(ti)"", -27.3888], [""ite(/i)-"", -27.6024], [""ad-"", -27.6781], [""ax-"", -27.6781], [""eb(e)"", -27.7643], [""eru-"", -27.7933], [""a(i)-(di)"", -27.8642], [""Masa"", -27.9772], [""xa-"", -27.979]]"
jaturusaid	as	-28.0487	"[[""as"", -28.0487], [""es"", -28.0611], [""arus"", -29.3712], [""kʷãn"", -29.4711], [""Masa"", -29.9394], [""γarãi"", -30.1108], [""kʷa-(ti)"", -30.2188], [""a(i)-(di)"", -30.2578], [""ite(/i)-"", -30.3236], [""mar"", -30.3568]]"
jaw	Jaɲ	-8.4315	"[[""Jaɲ"", -8.4315], [""Tlax"", -8.7201], [""=de"", -9.0981], [""=be"", -9.0981], [""=ti"", -9.0981], [""=pe"", -9.0981], [""wex"", -9.3539], [""app"", -9.6986], [""epɲ"", -9.6986], [""alb"", -9.7388]]"
jawa	xb-	-11.7222	"[[""xb-"", -11.7222], [""Jaɲ"", -11.9096], [""=de"", -11.9271], [""=pe"", -11.9271], [""=be"", -11.9271], [""=ti"", -11.9271], [""xtt-"", -12.1337], [""xɲt-"", -12.1337], [""tub-"", -12.1883], [""wex-"", -12.1883]]"
jawaΦ	xb-	-14.5062	"[[""xb-"", -14.5062], [""xtt-"", -14.8111], [""xɲt-"", -14.8111], [""tub-"", -14.8637], [""wex-"", -14.8637], [""=de"", -15.0292], [""=be"", -15.0292], [""=pe"", -15.0292], [""=ti"", -15.0292], [""ad-"", -15.052]]"
kan	Jaɲ	-11.5351	"[[""Jaɲ"", -11.5351], [""=pe"", -11.5351], [""=mẽ"", -11.5351], [""=ti"", -11.5351], [""=be"", -11.5351], [""=de"", -11.5351], [""is-"", -12.1474], [""mu-"", -12.1474], [""xb-"", -12.1474], [""xa-"", -12.1474]]"
kana	=be	-14.5247	"[[""=be"", -14.5247], [""=ti"", -14.5247], [""=mẽ"", -14.5247], [""Jaɲ"", -14.5247], [""=de"", -14.5247], [""=pe"", -14.5247], [""ax-"", -14.9765], [""xb-"", -14.9765], [""mu-"", -14.9765], [""is-"", -14.9765]]"
kanas	=be	-17.6191	"[[""=be"", -17.6191], [""=ti"", -17.6191], [""=pe"", -17.6191], [""=de"", -17.6191], [""=mẽ"", -17.6191], [""Jaɲ"", -17.6191], [""si-"", -17.9765], [""ti-"", -17.9765], [""mu-"", -17.9765], [""ad-"", -17.9765]]"
kanasi	=be	-20.7824	"[[""=be"", -20.7824], [""=mẽ"", -20.7824], [""=de"", -20.7824], [""Jaɲ"", -20.7824], [""=ti"", -20.7824], [""=pe"", -20.7824], [""xb-"", -21.0773], [""ad-"", -21.0773], [""xa-"", -21.0773], [""ti-"", -21.0773]]"
kanasis	=pe	-23.9944	"[[""=pe"", -23.9944], [""=be"", -23.9944], [""=ti"", -23.9944], [""=mẽ"", -23.9944], [""Jaɲ"", -23.9944], [""=de"", -23.9944], [""ad-"", -24.2448], [""ti-"", -24.2448], [""is-"", -24.2448], [""mu-"", -24.2448]]"
kanasisi	Jaɲ	-27.2426	"[[""Jaɲ"", -27.2426], [""=de"", -27.2426], [""=pe"", -27.2426], [""=ti"", -27.2426], [""=mẽ"", -27.2426], [""=be"", -27.2426], [""(†)pẽnẽ"", -27.3885], [""ux(i)-"", -27.4466], [""ax-"", -27.4599], [""ad-"", -27.4599]]"
kanasisir	(†)pẽnẽ	-30.2891	"[[""(†)pẽnẽ"", -30.2891], [""ux(i)-"", -30.3571], [""=mẽ"", -30.5191], [""=de"", -30.5191], [""Jaɲ"", -30.5191], [""=pe"", -30.5191], [""=be"", -30.5191], [""=ti"", -30.5191], [""ti-"", -30.7105], [""xi-"", -30.7105]]"
ket	iða	-6.8955	"[[""iða"", -6.8955], [""ite"", -6.907], [""ije"", -6.907], [""iqta"", -6.9741], [""Tele"", -8.1518], [""=ewẽ"", -8.1518], [""Masa"", -8.2229], [""=be"", -8.4389], [""=de"", -8.4389], [""=mẽ"", -8.4389]]"
keta	iwe-	-9.7351	"[[""iwe-"", -9.7351], [""iða"", -10.3749], [""ije"", -10.386], [""ite"", -10.386], [""iqta"", -10.4768], [""=ewẽ"", -11.3401], [""Tele"", -11.3401], [""Masa"", -11.3895], [""is-"", -11.8206], [""=pe"", -11.9168]]"
ketan	iwe-	-12.5575	"[[""iwe-"", -12.5575], [""iða"", -13.8543], [""ije"", -13.8651], [""ite"", -13.8651], [""iqta"", -13.9776], [""=ewẽ"", -14.5993], [""Tele"", -14.5993], [""Masa"", -14.6363], [""is-"", -14.7634], [""ada-"", -14.8637]]"
ketana	iwe-	-15.6528	"[[""iwe-"", -15.6528], [""iða"", -17.3337], [""ije"", -17.3442], [""ite"", -17.3442], [""s(ije)-"", -17.3683], [""iqta"", -17.4767], [""is-"", -17.8311], [""ada-"", -17.8354], [""ite(/i)-"", -17.8632], [""=ewẽ"", -17.9025]]"
ketanai	iwe-	-18.8621	"[[""iwe-"", -18.8621], [""ite(/i)-"", -19.8093], [""ipre(/i)-"", -19.9517], [""s(ije)-"", -20.1969], [""ije-(ti)"", -20.6063], [""ite-(ti)"", -20.6063], [""iða"", -20.8132], [""ite"", -20.8234], [""ije"", -20.8234], [""ada-"", -20.9365]]"
ketanaiΘ	iwe-	-22.1344	"[[""iwe-"", -22.1344], [""ite(/i)-"", -22.1488], [""ipre(/i)-"", -22.2771], [""ije-(ti)"", -23.0896], [""ite-(ti)"", -23.0896], [""s(ije)-"", -23.1959], [""ebi(je)-"", -24.0295], [""ẽmi(je)-"", -24.0295], [""ada-"", -24.1125], [""kbi(je)-"", -24.1491]]"
ketanaiΘt	=we / =uwe	-24.7009	"[[""=we / =uwe"", -24.7009], [""ite(/i)-"", -24.7186], [""Masa"", -24.783], [""=ewẽ"", -24.7987], [""Tele"", -24.7987], [""Paɡda"", -24.8107], [""ipre(/i)-"", -24.8409], [""Kijetse"", -25.3013], [""iwe-"", -25.4311], [""Pubiele"", -25.5033]]"
ketanaiΘti	eb(e)	-27.3117	"[[""eb(e)"", -27.3117], [""ite(/i)-"", -27.44], [""ipre(/i)-"", -27.56], [""iwe-"", -28.1723], [""=we / =uwe"", -28.1918], [""Masa"", -28.2678], [""=ewẽ"", -28.2834], [""Tele"", -28.2834], [""Paɡda"", -28.3143], [""ite-(ti)"", -28.6107]]"
kit	Masa	-8.2229	"[[""Masa"", -8.2229], [""=ewẽ"", -8.2354], [""Tele"", -8.2354], [""=de"", -8.4435], [""=mẽ"", -8.4435], [""=be"", -8.4435], [""=pe"", -8.4435], [""Mula"", -8.7201], [""Iuba"", -8.7201], [""Jaɲ"", -9.0981]]"
kite	ai	-7.0108	"[[""ai"", -7.0108], [""γarãi"", -8.2196], [""Puwẽi"", -8.7305], [""ebei"", -9.3632], [""nei"", -9.4035], [""qbai"", -9.7368], [""trei"", -9.7493], [""eni"", -10.3852], [""epi"", -10.3852], [""eli"", -10.3852]]"
kites	ai	-10.518	"[[""ai"", -10.518], [""γarãi"", -11.725], [""Puwẽi"", -12.2375], [""ebei"", -12.8688], [""nei"", -12.9106], [""qbai"", -13.244], [""trei"", -13.2564], [""aite"", -13.2767], [""ebi"", -13.8651], [""eli"", -13.8651]]"
kitesi	ai	-14.0252	"[[""ai"", -14.0252], [""γarãi"", -15.2296], [""Puwẽi"", -15.7445], [""aite"", -16.3679], [""ebei"", -16.3738], [""nei"", -16.4178], [""qbai"", -16.7511], [""trei"", -16.7635], [""ẽti"", -17.345], [""eri"", -17.345]]"
kitesir	ai	-17.5324	"[[""ai"", -17.5324], [""γarãi"", -18.7335], [""Puwẽi"", -19.2514], [""aite"", -19.5753], [""ebei"", -19.8782], [""nei"", -19.9249], [""ux(i)-"", -20.2506], [""qbai"", -20.2582], [""trei"", -20.2706], [""xe/i-"", -20.4388]]"
kitesira	ai	-21.0396	"[[""ai"", -21.0396], [""γarãi"", -22.2366], [""Puwẽi"", -22.7583], [""aite"", -22.8467], [""ux(i)-"", -23.0799], [""aðai(je)"", -23.1712], [""ebei"", -23.382], [""nei"", -23.4319], [""xal(i)-"", -23.5829], [""ite(/i)-"", -23.5932]]"
kitet	aite	-10.4133	"[[""aite"", -10.4133], [""ai"", -10.5171], [""γarãi"", -11.6995], [""Masa"", -11.8364], [""=ewẽ"", -11.8453], [""Tele"", -11.8453], [""Paɡda"", -11.9413], [""Puwẽi"", -12.2345], [""Perikle"", -12.5069], [""Pertina"", -12.5193]]"
kitete	γarãi	-11.8016	"[[""γarãi"", -11.8016], [""Piɡrẽi"", -12.2508], [""ai"", -12.9291], [""ebei"", -13.1575], [""aite"", -13.8183], [""Puwẽi"", -14.0604], [""Merexi"", -15.0831], [""nei"", -15.1246], [""Tele"", -15.2864], [""=ewẽ"", -15.2864]]"
kiteter	γarãi	-15.3087	"[[""γarãi"", -15.3087], [""Piɡrẽi"", -15.7578], [""ai"", -16.4366], [""ebei"", -16.6646], [""aite"", -17.2504], [""ete/i-"", -17.4805], [""ẽne/i-"", -17.4805], [""Puwẽi"", -17.5678], [""xe/i-"", -17.8233], [""eb(e)"", -18.2046]]"
kitetere	γarãi	-18.1006	"[[""γarãi"", -18.1006], [""Piɡrẽi"", -18.5519], [""Teθθiweibi"", -18.7202], [""ai"", -19.4342], [""ebei"", -19.4621], [""ete/i-"", -20.179], [""ẽne/i-"", -20.179], [""Puwẽi"", -20.471], [""aite"", -20.5774], [""xe/i-"", -20.642]]"
kiteterep	ẽne/i-	-21.5017	"[[""ẽne/i-"", -21.5017], [""ete/i-"", -21.5017], [""γarãi"", -21.6082], [""esbe/i-"", -21.7438], [""epre/i-"", -21.7438], [""ẽtre/i-"", -21.7438], [""Piɡrẽi"", -22.0593], [""Teθθiweibi"", -22.195], [""a(i)-(di)"", -22.8271], [""ai"", -22.942]]"
kitu	Masa	-11.3895	"[[""Masa"", -11.3895], [""=ewẽ"", -11.402], [""Tele"", -11.402], [""=de"", -11.9212], [""=pe"", -11.9212], [""=be"", -11.9212], [""=mẽ"", -11.9212], [""Jaɲ"", -11.9271], [""ada-"", -12.1883], [""xa-"", -12.2188]]"
kituj	Masa	-14.6363	"[[""Masa"", -14.6363], [""Tele"", -14.6487], [""=ewẽ"", -14.6487], [""ada-"", -14.8637], [""Jaɲ"", -15.0292], [""xa-"", -15.052], [""eb(e)"", -15.254], [""ax-"", -15.3009], [""ad-"", -15.3009], [""=mẽ"", -15.3921]]"
kituja	ada-	-17.8354	"[[""ada-"", -17.8354], [""Masa"", -17.9313], [""=ewẽ"", -17.9437], [""Tele"", -17.9437], [""xa-"", -18.157], [""Jaɲ"", -18.2452], [""ad-"", -18.2515], [""ax-"", -18.2515], [""eb(e)"", -18.284], [""mla-"", -18.5181]]"
kitujas	ada-	-20.9365	"[[""ada-"", -20.9365], [""Masa"", -21.2587], [""=ewẽ"", -21.2711], [""Tele"", -21.2711], [""ax-"", -21.3236], [""ad-"", -21.3236], [""xa-"", -21.3758], [""eb(e)"", -21.407], [""Jaɲ"", -21.5242], [""eru-"", -21.5317]]"
mai	Jaɲ	-11.5351	"[[""Jaɲ"", -11.5351], [""=pe"", -11.5351], [""=mẽ"", -11.5351], [""=ti"", -11.5351], [""=be"", -11.5351], [""=de"", -11.5351], [""is-"", -12.1474], [""mu-"", -12.1474], [""xb-"", -12.1474], [""xa-"", -12.1474]]"
main	=be	-14.5247	"[[""=be"", -14.5247], [""=ti"", -14.5247], [""=mẽ"", -14.5247], [""Jaɲ"", -14.5247], [""=de"", -14.5247], [""=pe"", -14.5247], [""ax-"", -14.9765], [""xb-"", -14.9765], [""mu-"", -14.9765], [""is-"", -14.9765]]"
maina	=be	-17.6191	"[[""=be"", -17.6191], [""=ti"", -17.6191], [""=pe"", -17.6191], [""=de"", -17.6191], [""=mẽ"", -17.6191], [""Jaɲ"", -17.6191], [""si-"", -17.9765], [""ti-"", -17.9765], [""mu-"", -17.9765], [""ad-"", -17.9765]]"
mainaj	=be	-20.7824	"[[""=be"", -20.7824], [""=mẽ"", -20.7824], [""=de"", -20.7824], [""Jaɲ"", -20.7824], [""=ti"", -20.7824], [""=pe"", -20.7824], [""xb-"", -21.0773], [""ad-"", -21.0773], [""xa-"", -21.0773], [""ti-"", -21.0773]]"
mainaja	=pe	-23.9944	"[[""=pe"", -23.9944], [""=be"", -23.9944], [""=ti"", -23.9944], [""=mẽ"", -23.9944], [""Jaɲ"", -23.9944], [""=de"", -23.9944], [""ad-"", -24.2448], [""ti-"", -24.2448], [""is-"", -24.2448], [""mu-"", -24.2448]]"
mainajar	Jaɲ	-27.2426	"[[""Jaɲ"", -27.2426], [""=de"", -27.2426], [""=pe"", -27.2426], [""=ti"", -27.2426], [""=mẽ"", -27.2426], [""=be"", -27.2426], [""(†)pẽnẽ"", -27.3885], [""ux(i)-"", -27.4466], [""ax-"", -27.4599], [""ad-"", -27.4599]]"
mainajare	=ti	-27.2038	"[[""=ti"", -27.2038], [""Puwẽi"", -28.8154], [""γarãi"", -28.8172], [""eli"", -29.3265], [""epi"", -29.3265], [""ẽti"", -29.3265], [""eri"", -29.3265], [""ebi"", -29.3265], [""eni"", -29.3265], [""eti"", -29.3265]]"
mainajaret	=we / =uwe	-29.2759	"[[""=we / =uwe"", -29.2759], [""(†)pẽnẽ"", -29.3229], [""Pubiele"", -30.0132], [""Tele"", -30.2916], [""=ewẽ"", -30.2916], [""xe/i-"", -30.3024], [""Masa"", -30.3439], [""=mẽ"", -30.5022], [""=de"", -30.5022], [""=pe"", -30.5022]]"
man	Jaɲ	-11.5351	"[[""Jaɲ"", -11.5351], [""=pe"", -11.5351], [""=mẽ"", -11.5351], [""=ti"", -11.5351], [""=be"", -11.5351], [""=de"", -11.5351], [""is-"", -12.1474], [""mu-"", -12.1474], [""xb-"", -12.1474], [""xa-"", -12.1474]]"
mana	=be	-14.5247	"[[""=be"", -14.5247], [""=ti"", -14.5247], [""=mẽ"", -14.5247], [""Jaɲ"", -14.5247], [""=de"", -14.5247], [""=pe"", -14.5247], [""ax-"", -14.9765], [""xb-"", -14.9765], [""mu-"", -14.9765], [""is-"", -14.9765]]"
manad	=mẽ	-15.4014	"[[""=mẽ"", -15.4014], [""nur"", -15.8337], [""mar"", -15.8337], [""as"", -15.898], [""es"", -15.898], [""Arɲnas"", -16.731], [""kʷãn"", -16.8777], [""si-"", -17.0238], [""mu-"", -17.0238], [""(†)pẽnẽ"", -17.1933]]"
manada	=mẽ	-18.2489	"[[""=mẽ"", -18.2489], [""mɲn-"", -18.6706], [""is-"", -18.6931], [""ter-"", -18.8864], [""tis-"", -18.8864], [""nur"", -19.164], [""mar"", -19.164], [""as"", -19.3992], [""es"", -19.3992], [""si-"", -19.4562]]"
manadaw	Krɲna	-18.9716	"[[""Krɲna"", -18.9716], [""Arɲna"", -18.9716], [""mɲn-"", -20.4977], [""Jaɲ"", -20.6952], [""Tlax"", -20.775], [""Isɲta-"", -20.922], [""sɲta"", -20.9403], [""stta"", -20.9403], [""nte"", -20.9504], [""Partsa"", -21.3158]]"
manadawa	Isɲta-	-21.6533	"[[""Isɲta-"", -21.6533], [""Arɲna"", -21.7765], [""Krɲna"", -21.7765], [""mɲn-"", -22.9263], [""mltt-"", -23.0755], [""Trkʷkʷɲt"", -23.292], [""tm͂mãt-"", -23.686], [""sɲta"", -23.7438], [""stta"", -23.7438], [""sɲne-"", -23.7599]]"
manadawai	Isɲta-	-24.1171	"[[""Isɲta-"", -24.1171], [""Krɲna"", -24.8659], [""Arɲna"", -24.8659], [""Trkʷkʷɲt"", -25.6183], [""mɲn-"", -25.7193], [""mltt-"", -25.8922], [""mɲnu-"", -26.2115], [""sɲne-"", -26.2115], [""tm͂mãt-"", -26.5171], [""nun͂-"", -26.6358]]"
manadawaij	Isɲta-	-26.9447	"[[""Isɲta-"", -26.9447], [""Krɲna"", -28.0724], [""Arɲna"", -28.0724], [""Trkʷkʷɲt"", -28.2705], [""mɲn-"", -28.6974], [""mltt-"", -28.9846], [""mɲnu-"", -29.0338], [""sɲne-"", -29.0338], [""nun͂-"", -29.5857], [""tm͂mãt-"", -29.6193]]"
mas	Jaɲ	-11.5351	"[[""Jaɲ"", -11.5351], [""=pe"", -11.5351], [""=mẽ"", -11.5351], [""=ti"", -11.5351], [""=be"", -11.5351], [""=de"", -11.5351], [""is-"", -12.1474], [""mu-"", -12.1474], [""xb-"", -12.1474], [""xa-"", -12.1474]]"
masi	=be	-14.5247	"[[""=be"", -14.5247], [""=ti"", -14.5247], [""=mẽ"", -14.5247], [""Jaɲ"", -14.5247], [""=de"", -14.5247], [""=pe"", -14.5247], [""ax-"", -14.9765], [""xb-"", -14.9765], [""mu-"", -14.9765], [""is-"", -14.9765]]"
masir	=be	-17.6191	"[[""=be"", -17.6191], [""=ti"", -17.6191], [""=pe"", -17.6191], [""=de"", -17.6191], [""=mẽ"", -17.6191], [""Jaɲ"", -17.6191], [""si-"", -17.9765], [""ti-"", -17.9765], [""mu-"", -17.9765], [""ad-"", -17.9765]]"
masiru	=be	-20.7824	"[[""=be"", -20.7824], [""=mẽ"", -20.7824], [""=de"", -20.7824], [""Jaɲ"", -20.7824], [""=ti"", -20.7824], [""=pe"", -20.7824], [""xb-"", -21.0773], [""ad-"", -21.0773], [""xa-"", -21.0773], [""ti-"", -21.0773]]"
masirut	Masa	-20.5391	"[[""Masa"", -20.5391], [""Tele"", -20.5516], [""=ewẽ"", -20.5516], [""=mẽ"", -20.7073], [""=be"", -20.7073], [""=de"", -20.7073], [""=pe"", -20.7073], [""(†)pẽnẽ"", -20.7448], [""Iuba"", -20.775], [""Mula"", -20.775]]"
masirute	γarãi	-20.5365	"[[""γarãi"", -20.5365], [""Puwẽi"", -20.7854], [""ai"", -21.0396], [""ebei"", -22.4964], [""Piɡrẽi"", -22.5584], [""Mutlẽi"", -22.5601], [""nei"", -22.587], [""qbai"", -22.6236], [""trei"", -22.636], [""Merexi"", -23.7364]]"
mat	Masa	-8.2229	"[[""Masa"", -8.2229], [""=ewẽ"", -8.2354], [""Tele"", -8.2354], [""=de"", -8.4435], [""=mẽ"", -8.4435], [""=be"", -8.4435], [""=pe"", -8.4435], [""Mula"", -8.7201], [""Iuba"", -8.7201], [""Jaɲ"", -9.0981]]"
mate	ai	-7.0108	"[[""ai"", -7.0108], [""γarãi"", -8.2196], [""Puwẽi"", -8.7305], [""ebei"", -9.3632], [""nei"", -9.4035], [""qbai"", -9.7368], [""trei"", -9.7493], [""eni"", -10.3852], [""epi"", -10.3852], [""eli"", -10.3852]]"
mei	is-	-9.1032	"[[""is-"", -9.1032], [""si-"", -9.1314], [""xi-"", -9.1314], [""ti-"", -9.1314], [""=ti"", -9.3279], [""iwe-"", -9.7611], [""ije"", -9.7742], [""ite"", -9.7742], [""tsi-"", -9.7766], [""iða"", -9.7806]]"
meij	is-	-11.8206	"[[""is-"", -11.8206], [""xi-"", -11.9546], [""ti-"", -11.9546], [""si-"", -11.9546], [""iwe-"", -12.1979], [""tsi-"", -12.5981], [""=ti"", -12.7639], [""ite"", -12.8644], [""ije"", -12.8644], [""iða"", -12.8687]]"
meija	is-	-14.7634	"[[""is-"", -14.7634], [""iwe-"", -15.0163], [""si-"", -15.0545], [""ti-"", -15.0545], [""xi-"", -15.0545], [""tsi-"", -15.7003], [""ite"", -16.0714], [""ije"", -16.0714], [""iða"", -16.0745], [""=ti"", -16.1876]]"
meijas	is-	-17.8311	"[[""is-"", -17.8311], [""iwe-"", -18.0107], [""ti-"", -18.2693], [""xi-"", -18.2693], [""si-"", -18.2693], [""tsi-"", -18.918], [""ite"", -19.3425], [""ije"", -19.3425], [""iða"", -19.345], [""=ti"", -19.6019]]"
meijasa	is-	-20.9785	"[[""is-"", -20.9785], [""iwe-"", -21.1079], [""xi-"", -21.5476], [""si-"", -21.5476], [""ti-"", -21.5476], [""ite(/i)-"", -21.8885], [""tsi-"", -22.199], [""a(i)-(di)"", -22.2432], [""ti-(ti)"", -22.4879], [""s(ije)-"", -22.5835]]"
meijasas	is-	-24.181	"[[""is-"", -24.181], [""iwe-"", -24.2728], [""ite(/i)-"", -24.3501], [""a(i)-(di)"", -24.6083], [""si-"", -24.866], [""xi-"", -24.866], [""ti-"", -24.866], [""ti-(ti)"", -25.183], [""ije-(ti)"", -25.3497], [""ite-(ti)"", -25.3497]]"
meijasasa	ite(/i)-	-26.9724	"[[""ite(/i)-"", -26.9724], [""a(i)-(di)"", -27.1882], [""is-"", -27.424], [""iwe-"", -27.4857], [""ti-(ti)"", -28.0146], [""ije-(ti)"", -28.0694], [""ite-(ti)"", -28.0694], [""ti-"", -28.2122], [""si-"", -28.2122], [""xi-"", -28.2122]]"
meijasau	is-	-24.181	"[[""is-"", -24.181], [""iwe-"", -24.2728], [""ite(/i)-"", -24.3501], [""a(i)-(di)"", -24.6083], [""si-"", -24.866], [""xi-"", -24.866], [""ti-"", -24.866], [""ti-(ti)"", -25.183], [""ije-(ti)"", -25.3497], [""ite-(ti)"", -25.3497]]"
meijasaun	ite(/i)-	-26.9724	"[[""ite(/i)-"", -26.9724], [""a(i)-(di)"", -27.1882], [""is-"", -27.424], [""iwe-"", -27.4857], [""ti-(ti)"", -28.0146], [""ije-(ti)"", -28.0694], [""ite-(ti)"", -28.0694], [""ti-"", -28.2122], [""si-"", -28.2122], [""xi-"", -28.2122]]"
meijasauna	ite(/i)-	-29.7114	"[[""ite(/i)-"", -29.7114], [""a(i)-(di)"", -29.9142], [""is-"", -30.698], [""iwe-"", -30.7346], [""ite-(ti)"", -30.8961], [""ije-(ti)"", -30.8961], [""ti-(ti)"", -30.9428], [""eri-(ti)"", -31.5691], [""ebi(je)-"", -31.5696], [""ẽmi(je)-"", -31.5696]]"
meit	iða	-9.7383	"[[""iða"", -9.7383], [""ije"", -9.7501], [""ite"", -9.7501], [""iqta"", -9.7752], [""Tele"", -11.0605], [""=ewẽ"", -11.0605], [""Masa"", -11.1374], [""=mẽ"", -11.3314], [""=de"", -11.3314], [""=pe"", -11.3314]]"
meiti	iwe-	-12.5641	"[[""iwe-"", -12.5641], [""iða"", -13.2311], [""ije"", -13.2427], [""ite"", -13.2427], [""iqta"", -13.2797], [""Tele"", -14.2994], [""=ewẽ"", -14.2994], [""Masa"", -14.3556], [""is-"", -14.7634], [""eb(e)"", -14.7683]]"
meu	is-	-9.1032	"[[""is-"", -9.1032], [""si-"", -9.1314], [""xi-"", -9.1314], [""ti-"", -9.1314], [""=ti"", -9.3279], [""iwe-"", -9.7611], [""ije"", -9.7742], [""ite"", -9.7742], [""tsi-"", -9.7766], [""iða"", -9.7806]]"
meun	is-	-11.8206	"[[""is-"", -11.8206], [""xi-"", -11.9546], [""ti-"", -11.9546], [""si-"", -11.9546], [""iwe-"", -12.1979], [""tsi-"", -12.5981], [""=ti"", -12.7639], [""ite"", -12.8644], [""ije"", -12.8644], [""iða"", -12.8687]]"
meuna	is-	-14.7634	"[[""is-"", -14.7634], [""iwe-"", -15.0163], [""si-"", -15.0545], [""ti-"", -15.0545], [""xi-"", -15.0545], [""tsi-"", -15.7003], [""ite"", -16.0714], [""ije"", -16.0714], [""iða"", -16.0745], [""=ti"", -16.1876]]"
meunak	is-	-17.8311	"[[""is-"", -17.8311], [""iwe-"", -18.0107], [""ti-"", -18.2693], [""xi-"", -18.2693], [""si-"", -18.2693], [""tsi-"", -18.918], [""ite"", -19.3425], [""ije"", -19.3425], [""iða"", -19.345], [""=ti"", -19.6019]]"
meunaka	is-	-20.9785	"[[""is-"", -20.9785], [""iwe-"", -21.1079], [""xi-"", -21.5476], [""si-"", -21.5476], [""ti-"", -21.5476], [""ite(/i)-"", -21.8885], [""tsi-"", -22.199], [""a(i)-(di)"", -22.2432], [""ti-(ti)"", -22.4879], [""s(ije)-"", -22.5835]]"
meunakan	is-	-24.181	"[[""is-"", -24.181], [""iwe-"", -24.2728], [""ite(/i)-"", -24.3501], [""a(i)-(di)"", -24.6083], [""si-"", -24.866], [""xi-"", -24.866], [""ti-"", -24.866], [""ti-(ti)"", -25.183], [""ije-(ti)"", -25.3497], [""ite-(ti)"", -25.3497]]"
meunakana	ite(/i)-	-26.9724	"[[""ite(/i)-"", -26.9724], [""a(i)-(di)"", -27.1882], [""is-"", -27.424], [""iwe-"", -27.4857], [""ti-(ti)"", -28.0146], [""ije-(ti)"", -28.0694], [""ite-(ti)"", -28.0694], [""ti-"", -28.2122], [""si-"", -28.2122], [""xi-"", -28.2122]]"
meunakanas	ite(/i)-	-29.7114	"[[""ite(/i)-"", -29.7114], [""a(i)-(di)"", -29.9142], [""is-"", -30.698], [""iwe-"", -30.7346], [""ite-(ti)"", -30.8961], [""ije-(ti)"", -30.8961], [""ti-(ti)"", -30.9428], [""eri-(ti)"", -31.5691], [""ebi(je)-"", -31.5696], [""ẽmi(je)-"", -31.5696]]"
meunar	is-	-17.8311	"[[""is-"", -17.8311], [""iwe-"", -18.0107], [""ti-"", -18.2693], [""xi-"", -18.2693], [""si-"", -18.2693], [""tsi-"", -18.918], [""ite"", -19.3425], [""ije"", -19.3425], [""iða"", -19.345], [""=ti"", -19.6019]]"
meunaru	is-	-20.9785	"[[""is-"", -20.9785], [""iwe-"", -21.1079], [""xi-"", -21.5476], [""si-"", -21.5476], [""ti-"", -21.5476], [""ite(/i)-"", -21.8885], [""tsi-"", -22.199], [""a(i)-(di)"", -22.2432], [""ti-(ti)"", -22.4879], [""s(ije)-"", -22.5835]]"
meunaruk	is-	-24.181	"[[""is-"", -24.181], [""iwe-"", -24.2728], [""ite(/i)-"", -24.3501], [""a(i)-(di)"", -24.6083], [""si-"", -24.866], [""xi-"", -24.866], [""ti-"", -24.866], [""ti-(ti)"", -25.183], [""ije-(ti)"", -25.3497], [""ite-(ti)"", -25.3497]]"
meunaruka	ite(/i)-	-26.9724	"[[""ite(/i)-"", -26.9724], [""a(i)-(di)"", -27.1882], [""is-"", -27.424], [""iwe-"", -27.4857], [""ti-(ti)"", -28.0146], [""ije-(ti)"", -28.0694], [""ite-(ti)"", -28.0694], [""ti-"", -28.2122], [""si-"", -28.2122], [""xi-"", -28.2122]]"
meunarukan	ite(/i)-	-29.7114	"[[""ite(/i)-"", -29.7114], [""a(i)-(di)"", -29.9142], [""is-"", -30.698], [""iwe-"", -30.7346], [""ite-(ti)"", -30.8961], [""ije-(ti)"", -30.8961], [""ti-(ti)"", -30.9428], [""eri-(ti)"", -31.5691], [""ebi(je)-"", -31.5696], [""ẽmi(je)-"", -31.5696]]"
nad	=mẽ	-9.0981	"[[""=mẽ"", -9.0981], [""mar"", -9.3539], [""nur"", -9.3539], [""as"", -9.3933], [""es"", -9.3933], [""si-"", -10.3196], [""mu-"", -10.3196], [""si"", -10.4301], [""mẽ"", -10.4301], [""ni"", -10.4301]]"
nada	=mẽ	-11.9271	"[[""=mẽ"", -11.9271], [""mɲn-"", -12.1883], [""is-"", -12.2188], [""mu-"", -12.5661], [""si-"", -12.5661], [""nur"", -12.5757], [""mar"", -12.5757], [""tis-"", -12.5904], [""ter-"", -12.5904], [""es"", -12.8904]]"
nadad	mar	-13.1885	"[[""mar"", -13.1885], [""nur"", -13.1885], [""m̃mẽ"", -13.2695], [""m̃ma"", -13.2695], [""Arɲnas"", -13.6901], [""snta"", -13.9775], [""=mẽ"", -14.5503], [""Pssure"", -14.683], [""mɲn-"", -14.7231], [""t͡seus"", -14.7351]]"
nadada	mɲn-	-15.953	"[[""mɲn-"", -15.953], [""m̃ma"", -16.0743], [""m̃mẽ"", -16.0743], [""mar"", -16.6688], [""nur"", -16.6688], [""snta"", -16.7819], [""Arɲnas"", -17.0056], [""nun͂-"", -17.0673], [""kʷexn͂n-"", -17.2919], [""Pssure"", -17.2949]]"
nadadau	nun͂-	-18.6478	"[[""nun͂-"", -18.6478], [""mɲn-"", -18.8072], [""m̃mẽ"", -19.1546], [""m̃ma"", -19.1546], [""snta"", -19.8705], [""kʷexn͂n-"", -20.1119], [""nur"", -20.1491], [""mar"", -20.1491], [""Pssure"", -20.2207], [""m̃me/i-"", -20.2916]]"
nadadaut	m̃ma	-16.8576	"[[""m̃ma"", -16.8576], [""m̃mẽ"", -16.87], [""Pssure"", -18.0173], [""=mẽ"", -18.6213], [""Krɲna"", -18.7683], [""Arɲna"", -18.7683], [""Parmna"", -19.0285], [""səm.ma"", -19.0952], [""arm̃ma"", -19.3399], [""kəm.me"", -19.5935]]"
nadadauti	m̃ma	-20.3645	"[[""m̃ma"", -20.3645], [""m̃mẽ"", -20.377], [""Pssure"", -21.5233], [""xm̃me-"", -22.0649], [""=mẽ"", -22.1285], [""arm̃ma-"", -22.187], [""θrm͂ma-"", -22.187], [""xrm̃ma-"", -22.187], [""Krɲna"", -22.2753], [""Arɲna"", -22.2753]]"
nadadautin	m̃ma	-23.8714	"[[""m̃ma"", -23.8714], [""m̃mẽ"", -23.8838], [""m̃me/i-"", -24.643], [""xm̃me-"", -24.891], [""arm̃ma-"", -25.0126], [""xrm̃ma-"", -25.0126], [""θrm͂ma-"", -25.0126], [""Pssure"", -25.0288], [""adm̃ma-"", -25.2574], [""plm̃ma-"", -25.2574]]"
nadaw	Arɲna	-12.6475	"[[""Arɲna"", -12.6475], [""Krɲna"", -12.6475], [""mɲn-"", -13.6472], [""stta"", -13.9281], [""sɲta"", -13.9281], [""nte"", -13.9365], [""Jaɲ"", -14.3659], [""Tlax"", -14.5179], [""Isɲta-"", -14.6036], [""nun͂-"", -14.9723]]"
nadawa	Isɲta-	-15.3273	"[[""Isɲta-"", -15.3273], [""Krɲna"", -15.4514], [""Arɲna"", -15.4514], [""mɲn-"", -15.9916], [""mltt-"", -16.072], [""stta"", -16.7314], [""sɲta"", -16.7314], [""mɲnu-"", -16.7612], [""sɲne-"", -16.7612], [""nte"", -16.7802]]"
nadawai	Isɲta-	-17.7907	"[[""Isɲta-"", -17.7907], [""Arɲna"", -18.5404], [""Krɲna"", -18.5404], [""mɲn-"", -18.756], [""mltt-"", -18.8886], [""mɲnu-"", -19.2054], [""sɲne-"", -19.2054], [""Trkʷkʷɲt"", -19.3295], [""stta"", -19.8207], [""sɲta"", -19.8207]]"
nadawaij	Isɲta-	-20.6181	"[[""Isɲta-"", -20.6181], [""mɲn-"", -21.7203], [""Arɲna"", -21.7467], [""Krɲna"", -21.7467], [""Trkʷkʷɲt"", -21.9727], [""mltt-"", -21.9811], [""mɲnu-"", -22.0253], [""sɲne-"", -22.0253], [""nun͂-"", -22.9928], [""sɲta"", -23.0276]]"
nadawaija	Isɲta-	-23.6171	"[[""Isɲta-"", -23.6171], [""Trkʷkʷɲt"", -24.7858], [""mɲn-"", -24.8003], [""Arɲna"", -25.0174], [""Krɲna"", -25.0174], [""mɲnu-"", -25.0202], [""sɲne-"", -25.0202], [""mltt-"", -25.1884], [""m̃mẽt(i)-"", -25.8583], [""s(ije)-"", -25.9887]]"
nai	Jaɲ	-11.5351	"[[""Jaɲ"", -11.5351], [""=pe"", -11.5351], [""=mẽ"", -11.5351], [""=ti"", -11.5351], [""=be"", -11.5351], [""=de"", -11.5351], [""is-"", -12.1474], [""mu-"", -12.1474], [""xb-"", -12.1474], [""xa-"", -12.1474]]"
naid	=mẽ	-12.1927	"[[""=mẽ"", -12.1927], [""mar"", -12.5619], [""nur"", -12.5619], [""as"", -12.6134], [""es"", -12.6134], [""mu-"", -13.6825], [""si-"", -13.6825], [""Arɲnas"", -13.8226], [""me"", -13.9074], [""se"", -13.9074]]"
naida	=mẽ	-15.0316	"[[""=mẽ"", -15.0316], [""mɲn-"", -15.3988], [""is-"", -15.4237], [""tis-"", -15.681], [""ter-"", -15.681], [""mar"", -15.8501], [""nur"", -15.8501], [""mu-"", -16.0165], [""si-"", -16.0165], [""es"", -16.113]]"
naidaj	mɲn-	-18.1115	"[[""mɲn-"", -18.1115], [""=mẽ"", -18.1387], [""nun͂-"", -18.1822], [""is-"", -18.2656], [""ter-"", -18.5065], [""tis-"", -18.5065], [""si-"", -18.775], [""mu-"", -18.775], [""m̃mẽ"", -19.0238], [""m̃ma"", -19.0238]]"
naidaja	nun͂-	-20.5729	"[[""nun͂-"", -20.5729], [""mɲn-"", -21.1126], [""=mẽ"", -21.3586], [""is-"", -21.3746], [""tis-"", -21.6114], [""ter-"", -21.6114], [""mu-"", -21.7358], [""si-"", -21.7358], [""m̃mẽ"", -21.9027], [""m̃ma"", -21.9027]]"
naidajas	nun͂-	-23.3335	"[[""nun͂-"", -23.3335], [""mɲn-"", -24.2375], [""is-"", -24.5959], [""=mẽ"", -24.6409], [""si-"", -24.8135], [""mu-"", -24.8135], [""tis-"", -24.8318], [""ter-"", -24.8318], [""m̃mẽ"", -24.9291], [""m̃ma"", -24.9291]]"
naiΘ	=be	-14.5247	"[[""=be"", -14.5247], [""=ti"", -14.5247], [""=mẽ"", -14.5247], [""Jaɲ"", -14.5247], [""=de"", -14.5247], [""=pe"", -14.5247], [""ax-"", -14.9765], [""xb-"", -14.9765], [""mu-"", -14.9765], [""is-"", -14.9765]]"
naiΘt	Masa	-14.1963	"[[""Masa"", -14.1963], [""=ewẽ"", -14.2087], [""Tele"", -14.2087], [""=be"", -14.3779], [""=mẽ"", -14.3779], [""=de"", -14.3779], [""=pe"", -14.3779], [""Iuba"", -14.5179], [""Mula"", -14.5179], [""Jaɲ"", -15.4014]]"
naiΘti	Masa	-17.453	"[[""Masa"", -17.453], [""Tele"", -17.4654], [""=ewẽ"", -17.4654], [""eb(e)"", -17.826], [""=pe"", -17.87], [""=de"", -17.87], [""=be"", -17.87], [""=mẽ"", -17.87], [""Mula"", -18.0222], [""Iuba"", -18.0222]]"
naiΘtij	eb(e)	-20.6409	"[[""eb(e)"", -20.6409], [""Masa"", -20.7547], [""=ewẽ"", -20.7671], [""Tele"", -20.7671], [""=be"", -21.3596], [""=mẽ"", -21.3596], [""=de"", -21.3596], [""=pe"", -21.3596], [""Jaɲ"", -21.3598], [""ada-"", -21.4073]]"
naiΘtija	eb(e)	-23.7308	"[[""eb(e)"", -23.7308], [""Masa"", -24.087], [""Tele"", -24.0994], [""=ewẽ"", -24.0994], [""ada-"", -24.428], [""Jaɲ"", -24.5822], [""xa-"", -24.6554], [""xla-"", -24.8194], [""tsa-"", -24.8194], [""mla-"", -24.8194]]"
naiΘtijas	eb(e)	-26.9305	"[[""eb(e)"", -26.9305], [""Masa"", -27.4414], [""=ewẽ"", -27.4538], [""Tele"", -27.4538], [""ada-"", -27.5693], [""Jaɲ"", -27.8666], [""xa-"", -27.8789], [""xla-"", -28.0404], [""tsa-"", -28.0404], [""dda-"", -28.0404]]"
naiΘtijasa	eb(e)	-30.1874	"[[""eb(e)"", -30.1874], [""kʷa-(ti)"", -30.6204], [""ada-"", -30.779], [""Masa"", -30.8127], [""=ewẽ"", -30.825], [""Tele"", -30.825], [""s(ije)-"", -31.0473], [""xa-"", -31.1643], [""Jaɲ"", -31.1905], [""ite(/i)-"", -31.3118]]"
naiΘu	=be	-17.6191	"[[""=be"", -17.6191], [""=ti"", -17.6191], [""=pe"", -17.6191], [""=de"", -17.6191], [""=mẽ"", -17.6191], [""Jaɲ"", -17.6191], [""si-"", -17.9765], [""ti-"", -17.9765], [""mu-"", -17.9765], [""ad-"", -17.9765]]"
naiΘut	Masa	-17.3396	"[[""Masa"", -17.3396], [""=ewẽ"", -17.3521], [""Tele"", -17.3521], [""=be"", -17.5124], [""=de"", -17.5124], [""=mẽ"", -17.5124], [""=pe"", -17.5124], [""Mula"", -17.6121], [""Iuba"", -17.6121], [""(†)pẽnẽ"", -18.0747]]"
naiΘuti	Masa	-20.6261	"[[""Masa"", -20.6261], [""=ewẽ"", -20.6386], [""Tele"", -20.6386], [""eb(e)"", -20.8295], [""=mẽ"", -21.0076], [""=de"", -21.0076], [""=be"", -21.0076], [""=pe"", -21.0076], [""Mula"", -21.1168], [""Iuba"", -21.1168]]"
naiΘutin	eb(e)	-23.6487	"[[""eb(e)"", -23.6487], [""Masa"", -23.9478], [""=ewẽ"", -23.9603], [""Tele"", -23.9603], [""=pe"", -24.5008], [""=mẽ"", -24.5008], [""=de"", -24.5008], [""=be"", -24.5008], [""(†)pẽnẽ"", -24.5763], [""Mula"", -24.6206]]"
naiΘutinu	eb(e)	-26.7448	"[[""eb(e)"", -26.7448], [""Masa"", -27.2945], [""Tele"", -27.3069], [""=ewẽ"", -27.3069], [""ada-"", -27.7701], [""Jaɲ"", -27.8673], [""(†)pẽnẽ"", -27.8729], [""xa-"", -27.9765], [""=de"", -27.9923], [""=mẽ"", -27.9923]]"
naiΘutinuj	eb(e)	-29.953	"[[""eb(e)"", -29.953], [""Masa"", -30.6598], [""=ewẽ"", -30.6722], [""Tele"", -30.6722], [""ada-"", -30.9236], [""s(ije)-"", -31.0169], [""Jaɲ"", -31.1533], [""(†)pẽnẽ"", -31.1835], [""xa-"", -31.2019], [""kʷa-(ti)"", -31.2635]]"
naj	Jaɲ	-11.5351	"[[""Jaɲ"", -11.5351], [""=pe"", -11.5351], [""=mẽ"", -11.5351], [""=ti"", -11.5351], [""=be"", -11.5351], [""=de"", -11.5351], [""is-"", -12.1474], [""mu-"", -12.1474], [""xb-"", -12.1474], [""xa-"", -12.1474]]"
naja	=be	-14.5247	"[[""=be"", -14.5247], [""=ti"", -14.5247], [""=mẽ"", -14.5247], [""Jaɲ"", -14.5247], [""=de"", -14.5247], [""=pe"", -14.5247], [""ax-"", -14.9765], [""xb-"", -14.9765], [""mu-"", -14.9765], [""is-"", -14.9765]]"
najar	=be	-17.6191	"[[""=be"", -17.6191], [""=ti"", -17.6191], [""=pe"", -17.6191], [""=de"", -17.6191], [""=mẽ"", -17.6191], [""Jaɲ"", -17.6191], [""si-"", -17.9765], [""ti-"", -17.9765], [""mu-"", -17.9765], [""ad-"", -17.9765]]"
najare	=ti	-17.5004	"[[""=ti"", -17.5004], [""ti"", -19.2234], [""si"", -19.2234], [""ai"", -19.2234], [""ni"", -19.2234], [""epi"", -19.3105], [""ebi"", -19.3105], [""eri"", -19.3105], [""ẽti"", -19.3105], [""eni"", -19.3105]]"
najaret	Pubiele	-20.3979	"[[""Pubiele"", -20.3979], [""Tele"", -20.4727], [""=ewẽ"", -20.4727], [""Masa"", -20.5391], [""(†)pẽnẽ"", -20.6897], [""=mẽ"", -20.6985], [""=de"", -20.6985], [""=be"", -20.6985], [""=pe"", -20.6985], [""Iuba"", -20.775]]"
najareta	Pubiele	-23.4931	"[[""Pubiele"", -23.4931], [""ux(i)-"", -23.6178], [""xe/i-"", -23.6379], [""iwe-"", -23.6478], [""=ewẽ"", -23.7949], [""Tele"", -23.7949], [""Masa"", -23.8495], [""eb(e)"", -23.9022], [""(†)pẽnẽ"", -23.9588], [""=pe"", -24.1957]]"
nak	Jaɲ	-11.5351	"[[""Jaɲ"", -11.5351], [""=pe"", -11.5351], [""=mẽ"", -11.5351], [""=ti"", -11.5351], [""=be"", -11.5351], [""=de"", -11.5351], [""is-"", -12.1474], [""mu-"", -12.1474], [""xb-"", -12.1474], [""xa-"", -12.1474]]"
naka	=be	-14.5247	"[[""=be"", -14.5247], [""=ti"", -14.5247], [""=mẽ"", -14.5247], [""Jaɲ"", -14.5247], [""=de"", -14.5247], [""=pe"", -14.5247], [""ax-"", -14.9765], [""xb-"", -14.9765], [""mu-"", -14.9765], [""is-"", -14.9765]]"
nakan	=be	-17.6191	"[[""=be"", -17.6191], [""=ti"", -17.6191], [""=pe"", -17.6191], [""=de"", -17.6191], [""=mẽ"", -17.6191], [""Jaɲ"", -17.6191], [""si-"", -17.9765], [""ti-"", -17.9765], [""mu-"", -17.9765], [""ad-"", -17.9765]]"
nakana	=be	-20.7824	"[[""=be"", -20.7824], [""=mẽ"", -20.7824], [""=de"", -20.7824], [""Jaɲ"", -20.7824], [""=ti"", -20.7824], [""=pe"", -20.7824], [""xb-"", -21.0773], [""ad-"", -21.0773], [""xa-"", -21.0773], [""ti-"", -21.0773]]"
nakanas	=pe	-23.9944	"[[""=pe"", -23.9944], [""=be"", -23.9944], [""=ti"", -23.9944], [""=mẽ"", -23.9944], [""Jaɲ"", -23.9944], [""=de"", -23.9944], [""ad-"", -24.2448], [""ti-"", -24.2448], [""is-"", -24.2448], [""mu-"", -24.2448]]"
nakanasi	Jaɲ	-27.2426	"[[""Jaɲ"", -27.2426], [""=de"", -27.2426], [""=pe"", -27.2426], [""=ti"", -27.2426], [""=mẽ"", -27.2426], [""=be"", -27.2426], [""(†)pẽnẽ"", -27.3885], [""ux(i)-"", -27.4466], [""ax-"", -27.4599], [""ad-"", -27.4599]]"
nam	Jaɲ	-11.5351	"[[""Jaɲ"", -11.5351], [""=pe"", -11.5351], [""=mẽ"", -11.5351], [""=ti"", -11.5351], [""=be"", -11.5351], [""=de"", -11.5351], [""is-"", -12.1474], [""mu-"", -12.1474], [""xb-"", -12.1474], [""xa-"", -12.1474]]"
nama	=be	-14.5247	"[[""=be"", -14.5247], [""=ti"", -14.5247], [""=mẽ"", -14.5247], [""Jaɲ"", -14.5247], [""=de"", -14.5247], [""=pe"", -14.5247], [""ax-"", -14.9765], [""xb-"", -14.9765], [""mu-"", -14.9765], [""is-"", -14.9765]]"
namai	=be	-17.6191	"[[""=be"", -17.6191], [""=ti"", -17.6191], [""=pe"", -17.6191], [""=de"", -17.6191], [""=mẽ"", -17.6191], [""Jaɲ"", -17.6191], [""si-"", -17.9765], [""ti-"", -17.9765], [""mu-"", -17.9765], [""ad-"", -17.9765]]"
namain	=be	-20.7824	"[[""=be"", -20.7824], [""=mẽ"", -20.7824], [""=de"", -20.7824], [""Jaɲ"", -20.7824], [""=ti"", -20.7824], [""=pe"", -20.7824], [""xb-"", -21.0773], [""ad-"", -21.0773], [""xa-"", -21.0773], [""ti-"", -21.0773]]"
namaina	=pe	-23.9944	"[[""=pe"", -23.9944], [""=be"", -23.9944], [""=ti"", -23.9944], [""=mẽ"", -23.9944], [""Jaɲ"", -23.9944], [""=de"", -23.9944], [""ad-"", -24.2448], [""ti-"", -24.2448], [""is-"", -24.2448], [""mu-"", -24.2448]]"
namainaj	Jaɲ	-27.2426	"[[""Jaɲ"", -27.2426], [""=de"", -27.2426], [""=pe"", -27.2426], [""=ti"", -27.2426], [""=mẽ"", -27.2426], [""=be"", -27.2426], [""(†)pẽnẽ"", -27.3885], [""ux(i)-"", -27.4466], [""ax-"", -27.4599], [""ad-"", -27.4599]]"
namainaja	(†)pẽnẽ	-30.2891	"[[""(†)pẽnẽ"", -30.2891], [""ux(i)-"", -30.3571], [""=mẽ"", -30.5191], [""=de"", -30.5191], [""Jaɲ"", -30.5191], [""=pe"", -30.5191], [""=be"", -30.5191], [""=ti"", -30.5191], [""ti-"", -30.7105], [""xi-"", -30.7105]]"
namainajar	(†)pẽnẽ	-33.2542	"[[""(†)pẽnẽ"", -33.2542], [""ux(i)-"", -33.3318], [""kb-/tu-"", -33.7632], [""as-(ti)"", -33.7632], [""ma-(ti)"", -33.7632], [""ta-(di)"", -33.7632], [""es-(ti)"", -33.7632], [""es-(di)"", -33.7632], [""da-(di)"", -33.7632], [""la-(ti)"", -33.7632]]"
namas	=be	-17.6191	"[[""=be"", -17.6191], [""=ti"", -17.6191], [""=pe"", -17.6191], [""=de"", -17.6191], [""=mẽ"", -17.6191], [""Jaɲ"", -17.6191], [""si-"", -17.9765], [""ti-"", -17.9765], [""mu-"", -17.9765], [""ad-"", -17.9765]]"
namasi	=be	-20.7824	"[[""=be"", -20.7824], [""=mẽ"", -20.7824], [""=de"", -20.7824], [""Jaɲ"", -20.7824], [""=ti"", -20.7824], [""=pe"", -20.7824], [""xb-"", -21.0773], [""ad-"", -21.0773], [""xa-"", -21.0773], [""ti-"", -21.0773]]"
namasir	=pe	-23.9944	"[[""=pe"", -23.9944], [""=be"", -23.9944], [""=ti"", -23.9944], [""=mẽ"", -23.9944], [""Jaɲ"", -23.9944], [""=de"", -23.9944], [""ad-"", -24.2448], [""ti-"", -24.2448], [""is-"", -24.2448], [""mu-"", -24.2448]]"
namasiru	Jaɲ	-27.2426	"[[""Jaɲ"", -27.2426], [""=de"", -27.2426], [""=pe"", -27.2426], [""=ti"", -27.2426], [""=mẽ"", -27.2426], [""=be"", -27.2426], [""(†)pẽnẽ"", -27.3885], [""ux(i)-"", -27.4466], [""ax-"", -27.4599], [""ad-"", -27.4599]]"
namasirut	(†)pẽnẽ	-26.4235	"[[""(†)pẽnẽ"", -26.4235], [""=we / =uwe"", -26.7357], [""Masa"", -27.0495], [""=ewẽ"", -27.0619], [""Tele"", -27.0619], [""=be"", -27.2159], [""=de"", -27.2159], [""=mẽ"", -27.2159], [""=pe"", -27.2159], [""Mula"", -27.2344]]"
namasirute	γarãi	-27.0469	"[[""γarãi"", -27.0469], [""Puwẽi"", -27.2448], [""ai"", -28.054], [""Piɡrẽi"", -28.8263], [""Mutlẽi"", -28.8274], [""ebei"", -29.2344], [""qbai"", -29.3259], [""trei"", -29.3383], [""nei"", -29.351], [""(†)pẽnẽ"", -29.6415]]"
nar	Jaɲ	-11.5351	"[[""Jaɲ"", -11.5351], [""=pe"", -11.5351], [""=mẽ"", -11.5351], [""=ti"", -11.5351], [""=be"", -11.5351], [""=de"", -11.5351], [""is-"", -12.1474], [""mu-"", -12.1474], [""xb-"", -12.1474], [""xa-"", -12.1474]]"
naru	=be	-14.5247	"[[""=be"", -14.5247], [""=ti"", -14.5247], [""=mẽ"", -14.5247], [""Jaɲ"", -14.5247], [""=de"", -14.5247], [""=pe"", -14.5247], [""ax-"", -14.9765], [""xb-"", -14.9765], [""mu-"", -14.9765], [""is-"", -14.9765]]"
naruk	=be	-17.6191	"[[""=be"", -17.6191], [""=ti"", -17.6191], [""=pe"", -17.6191], [""=de"", -17.6191], [""=mẽ"", -17.6191], [""Jaɲ"", -17.6191], [""si-"", -17.9765], [""ti-"", -17.9765], [""mu-"", -17.9765], [""ad-"", -17.9765]]"
naruka	=be	-20.7824	"[[""=be"", -20.7824], [""=mẽ"", -20.7824], [""=de"", -20.7824], [""Jaɲ"", -20.7824], [""=ti"", -20.7824], [""=pe"", -20.7824], [""xb-"", -21.0773], [""ad-"", -21.0773], [""xa-"", -21.0773], [""ti-"", -21.0773]]"
narukan	=pe	-23.9944	"[[""=pe"", -23.9944], [""=be"", -23.9944], [""=ti"", -23.9944], [""=mẽ"", -23.9944], [""Jaɲ"", -23.9944], [""=de"", -23.9944], [""ad-"", -24.2448], [""ti-"", -24.2448], [""is-"", -24.2448], [""mu-"", -24.2448]]"
narukana	Jaɲ	-27.2426	"[[""Jaɲ"", -27.2426], [""=de"", -27.2426], [""=pe"", -27.2426], [""=ti"", -27.2426], [""=mẽ"", -27.2426], [""=be"", -27.2426], [""(†)pẽnẽ"", -27.3885], [""ux(i)-"", -27.4466], [""ax-"", -27.4599], [""ad-"", -27.4599]]"
narukanas	(†)pẽnẽ	-30.2891	"[[""(†)pẽnẽ"", -30.2891], [""ux(i)-"", -30.3571], [""=mẽ"", -30.5191], [""=de"", -30.5191], [""Jaɲ"", -30.5191], [""=pe"", -30.5191], [""=be"", -30.5191], [""=ti"", -30.5191], [""ti-"", -30.7105], [""xi-"", -30.7105]]"
nas	Jaɲ	-11.5351	"[[""Jaɲ"", -11.5351], [""=pe"", -11.5351], [""=mẽ"", -11.5351], [""=ti"", -11.5351], [""=be"", -11.5351], [""=de"", -11.5351], [""is-"", -12.1474], [""mu-"", -12.1474], [""xb-"", -12.1474], [""xa-"", -12.1474]]"
nasi	=be	-14.5247	"[[""=be"", -14.5247], [""=ti"", -14.5247], [""=mẽ"", -14.5247], [""Jaɲ"", -14.5247], [""=de"", -14.5247], [""=pe"", -14.5247], [""ax-"", -14.9765], [""xb-"", -14.9765], [""mu-"", -14.9765], [""is-"", -14.9765]]"
nasii	=be	-17.6191	"[[""=be"", -17.6191], [""=ti"", -17.6191], [""=pe"", -17.6191], [""=de"", -17.6191], [""=mẽ"", -17.6191], [""Jaɲ"", -17.6191], [""si-"", -17.9765], [""ti-"", -17.9765], [""mu-"", -17.9765], [""ad-"", -17.9765]]"
nasiip	=be	-20.7824	"[[""=be"", -20.7824], [""=mẽ"", -20.7824], [""Jaɲ"", -20.7824], [""=de"", -20.7824], [""=pe"", -20.7824], [""=ti"", -20.7824], [""xb-"", -21.0773], [""ti-"", -21.0773], [""is-"", -21.0773], [""mu-"", -21.0773]]"
nasiipi	=mẽ	-23.9944	"[[""=mẽ"", -23.9944], [""=pe"", -23.9944], [""=ti"", -23.9944], [""Jaɲ"", -23.9944], [""=de"", -23.9944], [""=be"", -23.9944], [""ax-"", -24.2448], [""ad-"", -24.2448], [""is-"", -24.2448], [""mu-"", -24.2448]]"
nasiipin	=ti	-27.2426	"[[""=ti"", -27.2426], [""Jaɲ"", -27.2426], [""=be"", -27.2426], [""=de"", -27.2426], [""=mẽ"", -27.2426], [""=pe"", -27.2426], [""(†)pẽnẽ"", -27.3885], [""ux(i)-"", -27.4466], [""ad-"", -27.4599], [""mu-"", -27.4599]]"
nasiipina	(†)pẽnẽ	-30.2891	"[[""(†)pẽnẽ"", -30.2891], [""ux(i)-"", -30.3571], [""=de"", -30.5191], [""=mẽ"", -30.5191], [""=pe"", -30.5191], [""=be"", -30.5191], [""=ti"", -30.5191], [""Jaɲ"", -30.5191], [""xi-"", -30.7105], [""mu-"", -30.7105]]"
nasiipinam	(†)pẽnẽ	-33.2542	"[[""(†)pẽnẽ"", -33.2542], [""ux(i)-"", -33.3318], [""la-(ti)"", -33.7632], [""ta-(di)"", -33.7632], [""ti-(ti)"", -33.7632], [""es-(di)"", -33.7632], [""xa-(ti)"", -33.7632], [""pu-(di)"", -33.7632], [""xa-(di)"", -33.7632], [""es-(ti)"", -33.7632]]"
nasis	=be	-17.6191	"[[""=be"", -17.6191], [""=ti"", -17.6191], [""=pe"", -17.6191], [""=de"", -17.6191], [""=mẽ"", -17.6191], [""Jaɲ"", -17.6191], [""si-"", -17.9765], [""ti-"", -17.9765], [""mu-"", -17.9765], [""ad-"", -17.9765]]"
nasisi	=be	-20.7824	"[[""=be"", -20.7824], [""=mẽ"", -20.7824], [""=de"", -20.7824], [""Jaɲ"", -20.7824], [""=ti"", -20.7824], [""=pe"", -20.7824], [""xb-"", -21.0773], [""ad-"", -21.0773], [""xa-"", -21.0773], [""ti-"", -21.0773]]"
nasisir	=pe	-23.9944	"[[""=pe"", -23.9944], [""=be"", -23.9944], [""=ti"", -23.9944], [""=mẽ"", -23.9944], [""Jaɲ"", -23.9944], [""=de"", -23.9944], [""ad-"", -24.2448], [""ti-"", -24.2448], [""is-"", -24.2448], [""mu-"", -24.2448]]"
nat	Masa	-8.2229	"[[""Masa"", -8.2229], [""=ewẽ"", -8.2354], [""Tele"", -8.2354], [""=de"", -8.4435], [""=mẽ"", -8.4435], [""=be"", -8.4435], [""=pe"", -8.4435], [""Mula"", -8.7201], [""Iuba"", -8.7201], [""Jaɲ"", -9.0981]]"
nati	Masa	-11.3895	"[[""Masa"", -11.3895], [""=ewẽ"", -11.402], [""Tele"", -11.402], [""=de"", -11.9212], [""=pe"", -11.9212], [""=be"", -11.9212], [""=mẽ"", -11.9212], [""Jaɲ"", -11.9271], [""ada-"", -12.1883], [""xa-"", -12.2188]]"
natiΘ	Masa	-14.6363	"[[""Masa"", -14.6363], [""Tele"", -14.6487], [""=ewẽ"", -14.6487], [""ada-"", -14.8637], [""Jaɲ"", -15.0292], [""xa-"", -15.052], [""eb(e)"", -15.254], [""ax-"", -15.3009], [""ad-"", -15.3009], [""=mẽ"", -15.3921]]"
natiΘw	Jaɲ	-12.6859	"[[""Jaɲ"", -12.6859], [""Tlax"", -15.377], [""=ewẽ"", -16.0476], [""Paɡda"", -16.0582], [""app"", -16.081], [""epɲ"", -16.093], [""alb"", -16.3471], [""wex"", -16.3856], [""iðãb"", -16.7401], [""ada-"", -16.9639]]"
natiΘwa	Jaɲ	-16.1931	"[[""Jaɲ"", -16.1931], [""ax-"", -16.874], [""ad-"", -16.874], [""Paɡda"", -18.8662], [""Tlax"", -18.8839], [""=ewẽ"", -18.9247], [""law-"", -19.234], [""wex-"", -19.2356], [""app"", -19.3727], [""epɲ"", -19.3848]]"
natiΘwaj	ad-	-19.7001	"[[""ad-"", -19.7001], [""ax-"", -19.7001], [""Jaɲ"", -19.7002], [""eb(e)"", -21.7684], [""Paɡda"", -21.9574], [""=ewẽ"", -22.0486], [""wex-"", -22.0567], [""law-"", -22.0601], [""ada-"", -22.2198], [""kʷa-(ti)"", -22.379]]"
natiΘwaja	ad-	-22.8062	"[[""ad-"", -22.8062], [""ax-"", -22.8062], [""Jaɲ"", -23.2073], [""eb(e)"", -24.4058], [""wex-"", -25.1577], [""Paɡda"", -25.1653], [""law-"", -25.1662], [""ada-"", -25.1982], [""†axɲta-"", -25.2648], [""=ewẽ"", -25.2796]]"
nui	Jaɲ	-11.5351	"[[""Jaɲ"", -11.5351], [""=pe"", -11.5351], [""=mẽ"", -11.5351], [""=ti"", -11.5351], [""=be"", -11.5351], [""=de"", -11.5351], [""is-"", -12.1474], [""mu-"", -12.1474], [""xb-"", -12.1474], [""xa-"", -12.1474]]"
nuin	=be	-14.5247	"[[""=be"", -14.5247], [""=ti"", -14.5247], [""=mẽ"", -14.5247], [""Jaɲ"", -14.5247], [""=de"", -14.5247], [""=pe"", -14.5247], [""ax-"", -14.9765], [""xb-"", -14.9765], [""mu-"", -14.9765], [""is-"", -14.9765]]"
nuina	=be	-17.6191	"[[""=be"", -17.6191], [""=ti"", -17.6191], [""=pe"", -17.6191], [""=de"", -17.6191], [""=mẽ"", -17.6191], [""Jaɲ"", -17.6191], [""si-"", -17.9765], [""ti-"", -17.9765], [""mu-"", -17.9765], [""ad-"", -17.9765]]"
nuinai	=be	-20.7824	"[[""=be"", -20.7824], [""=mẽ"", -20.7824], [""=de"", -20.7824], [""Jaɲ"", -20.7824], [""=ti"", -20.7824], [""=pe"", -20.7824], [""xb-"", -21.0773], [""ad-"", -21.0773], [""xa-"", -21.0773], [""ti-"", -21.0773]]"
nuinaid	=mẽ	-21.9848	"[[""=mẽ"", -21.9848], [""(†)pẽnẽ"", -22.3492], [""nur"", -22.4864], [""mar"", -22.4864], [""es"", -22.577], [""as"", -22.577], [""Arɲnas"", -22.8174], [""kʷãn"", -22.9865], [""mu-"", -23.683], [""si-"", -23.683]]"
nuinaida	=mẽ	-24.848	"[[""=mẽ"", -24.848], [""(†)pẽnẽ"", -25.1645], [""mɲn-"", -25.3194], [""is-"", -25.3415], [""ter-"", -25.4637], [""tis-"", -25.4637], [""nur"", -25.8672], [""mar"", -25.8672], [""Arɲnas"", -26.0018], [""es"", -26.0799]]"
nuinaidaj	=mẽ	-27.9653	"[[""=mẽ"", -27.9653], [""nun͂-"", -28.0814], [""mɲn-"", -28.0864], [""is-"", -28.207], [""(†)pẽnẽ"", -28.2432], [""ter-"", -28.2951], [""tis-"", -28.2951], [""tem-/m̃m-"", -28.953], [""si-"", -29.165], [""mu-"", -29.165]]"
nuinaidaja	nun͂-	-30.5238	"[[""nun͂-"", -30.5238], [""mɲn-"", -31.1319], [""=mẽ"", -31.1917], [""is-"", -31.3254], [""tis-"", -31.4024], [""ter-"", -31.4024], [""(†)pẽnẽ"", -31.4267], [""xθθã(n)-"", -31.6885], [""xaxã(n)-"", -31.6885], [""pddẽ(n)-"", -31.6885]]"
nuj	Jaɲ	-11.5351	"[[""Jaɲ"", -11.5351], [""=pe"", -11.5351], [""=mẽ"", -11.5351], [""=ti"", -11.5351], [""=be"", -11.5351], [""=de"", -11.5351], [""is-"", -12.1474], [""mu-"", -12.1474], [""xb-"", -12.1474], [""xa-"", -12.1474]]"
nuja	=be	-14.5247	"[[""=be"", -14.5247], [""=ti"", -14.5247], [""=mẽ"", -14.5247], [""Jaɲ"", -14.5247], [""=de"", -14.5247], [""=pe"", -14.5247], [""ax-"", -14.9765], [""xb-"", -14.9765], [""mu-"", -14.9765], [""is-"", -14.9765]]"
nujas	=be	-17.6191	"[[""=be"", -17.6191], [""=ti"", -17.6191], [""=pe"", -17.6191], [""=de"", -17.6191], [""=mẽ"", -17.6191], [""Jaɲ"", -17.6191], [""si-"", -17.9765], [""ti-"", -17.9765], [""mu-"", -17.9765], [""ad-"", -17.9765]]"
nujasa	=be	-20.7824	"[[""=be"", -20.7824], [""=mẽ"", -20.7824], [""=de"", -20.7824], [""Jaɲ"", -20.7824], [""=ti"", -20.7824], [""=pe"", -20.7824], [""xb-"", -21.0773], [""ad-"", -21.0773], [""xa-"", -21.0773], [""ti-"", -21.0773]]"
nujasas	=pe	-23.9944	"[[""=pe"", -23.9944], [""=be"", -23.9944], [""=ti"", -23.9944], [""=mẽ"", -23.9944], [""Jaɲ"", -23.9944], [""=de"", -23.9944], [""ad-"", -24.2448], [""ti-"", -24.2448], [""is-"", -24.2448], [""mu-"", -24.2448]]"
nujasasa	Jaɲ	-27.2426	"[[""Jaɲ"", -27.2426], [""=de"", -27.2426], [""=pe"", -27.2426], [""=ti"", -27.2426], [""=mẽ"", -27.2426], [""=be"", -27.2426], [""(†)pẽnẽ"", -27.3885], [""ux(i)-"", -27.4466], [""ax-"", -27.4599], [""ad-"", -27.4599]]"
nujasasar	(†)pẽnẽ	-30.2891	"[[""(†)pẽnẽ"", -30.2891], [""ux(i)-"", -30.3571], [""=mẽ"", -30.5191], [""=de"", -30.5191], [""Jaɲ"", -30.5191], [""=pe"", -30.5191], [""=be"", -30.5191], [""=ti"", -30.5191], [""ti-"", -30.7105], [""xi-"", -30.7105]]"
nujasasara	(†)pẽnẽ	-33.2542	"[[""(†)pẽnẽ"", -33.2542], [""ux(i)-"", -33.3318], [""kb-/tu-"", -33.7632], [""as-(ti)"", -33.7632], [""ma-(ti)"", -33.7632], [""ta-(di)"", -33.7632], [""es-(ti)"", -33.7632], [""es-(di)"", -33.7632], [""da-(di)"", -33.7632], [""la-(ti)"", -33.7632]]"
nuΦ	Jaɲ	-11.5351	"[[""Jaɲ"", -11.5351], [""=pe"", -11.5351], [""=mẽ"", -11.5351], [""=ti"", -11.5351], [""=be"", -11.5351], [""=de"", -11.5351], [""is-"", -12.1474], [""mu-"", -12.1474], [""xb-"", -12.1474], [""xa-"", -12.1474]]"
nuΦe	=ti	-11.3218	"[[""=ti"", -11.3218], [""ni"", -12.6134], [""ai"", -12.6134], [""ti"", -12.6134], [""si"", -12.6134], [""epi"", -12.8281], [""eni"", -12.8281], [""ẽti"", -12.8281], [""eti"", -12.8281], [""eri"", -12.8281]]"
nuΦet	iða	-13.8528	"[[""iða"", -13.8528], [""ije"", -13.8636], [""ite"", -13.8636], [""iqta"", -13.9757], [""Tele"", -14.119], [""=ewẽ"", -14.119], [""Masa"", -14.1963], [""Pubiele"", -14.3177], [""=de"", -14.3703], [""=pe"", -14.3703]]"
nuΦetu	iwe-	-16.6917	"[[""iwe-"", -16.6917], [""iða"", -17.3337], [""ije"", -17.3442], [""ite"", -17.3442], [""Tele"", -17.3929], [""=ewẽ"", -17.3929], [""Pubiele"", -17.4118], [""Masa"", -17.453], [""iqta"", -17.4784], [""eb(e)"", -17.7819]]"
nuΦetum	iwe-	-19.515	"[[""iwe-"", -19.515], [""ux(i)-"", -20.2506], [""s(ije)-"", -20.332], [""eb(e)"", -20.5999], [""Pubiele"", -20.6204], [""=ewẽ"", -20.7061], [""Tele"", -20.7061], [""Masa"", -20.7547], [""iða"", -20.8146], [""ite"", -20.8248]]"
nuΦetume	Piɡrẽi	-19.2576	"[[""Piɡrẽi"", -19.2576], [""γarãi"", -20.7489], [""ai"", -21.0343], [""Puwẽi"", -21.5242], [""Piɲteusi"", -21.6073], [""ebei"", -22.4588], [""iwe-"", -22.6106], [""ite(/i)-"", -22.7318], [""s(ije)-"", -22.801], [""nei"", -22.88]]"
nuΦetumei	Piɡrẽi	-22.7645	"[[""Piɡrẽi"", -22.7645], [""ẽne/i-"", -24.1826], [""ete/i-"", -24.1826], [""γarãi"", -24.2549], [""xe/i-"", -24.3437], [""side/i-"", -24.4356], [""ai"", -24.5415], [""ure/i-"", -24.5544], [""xle/i-"", -24.5544], [""ite(/i)-"", -24.5826]]"
nuΦetumeij	ite(/i)-	-25.1119	"[[""ite(/i)-"", -25.1119], [""ipre(/i)-"", -25.2854], [""Piɡrẽi"", -26.2712], [""ete/i-"", -27.0082], [""ẽne/i-"", -27.0082], [""xike(/i)-"", -27.1787], [""xe/i-"", -27.1858], [""side/i-"", -27.2604], [""xle/i-"", -27.3813], [""ure/i-"", -27.3813]]"
nwa	xb-	-8.4485	"[[""xb-"", -8.4485], [""xɲt-"", -9.0332], [""xtt-"", -9.0332], [""wex-"", -9.0879], [""tub-"", -9.0879], [""=ti"", -9.0909], [""=be"", -9.0909], [""=de"", -9.0909], [""=pe"", -9.0909], [""ti-"", -9.1032]]"
nwaz	qal	-9.7383	"[[""qal"", -9.7383], [""kʷla-"", -9.7697], [""kʷla"", -9.7761], [""xla-"", -10.3258], [""xla"", -10.4295], [""tla"", -10.4295], [""hla"", -10.4295], [""xb-"", -11.2152], [""xɲt-"", -11.646], [""xtt-"", -11.646]]"
nwaza	kʷla-	-11.9388	"[[""kʷla-"", -11.9388], [""xla-"", -12.5669], [""kʷla"", -12.5912], [""tlle-"", -13.1591], [""qal"", -13.2311], [""hla"", -13.2731], [""xla"", -13.2731], [""tla"", -13.2731], [""xb-"", -14.2285], [""xtt-"", -14.569]]"
nwazaΦ	kʷla-	-14.645	"[[""kʷla-"", -14.645], [""xla-"", -15.3002], [""tlle-"", -15.6217], [""kʷla"", -15.6838], [""xla"", -16.3852], [""hla"", -16.3852], [""tla"", -16.3852], [""qal"", -16.7238], [""xb-"", -17.3572], [""xle/i-"", -17.423]]"
nwazaΦn	kʷla-	-17.5771	"[[""kʷla-"", -17.5771], [""xla-"", -18.2501], [""tlle-"", -18.4489], [""kʷla"", -18.8916], [""tla"", -19.6102], [""hla"", -19.6102], [""xla"", -19.6102], [""kʷl-/tel-"", -19.7674], [""xle/i-"", -20.0014], [""xal(i)-"", -20.0078]]"
nwazaΦni	kʷla-	-20.6344	"[[""kʷla-"", -20.6344], [""xla-"", -21.3219], [""tlle-"", -21.4477], [""kʷl-/tel-"", -22.013], [""kʷla"", -22.1628], [""xal(i)-"", -22.4889], [""xle/i-"", -22.7621], [""xla"", -22.8977], [""tla"", -22.8977], [""hla"", -22.8977]]"
oij	mu-	-9.1389	"[[""mu-"", -9.1389], [""ube"", -9.3632], [""uxi"", -9.3632], [""uni"", -9.3632], [""uta"", -9.3632], [""uba"", -9.3632], [""uwe"", -9.3632], [""pu"", -10.4301], [""ux(i)-"", -10.9734], [""ure/i-"", -10.9964]]"
oija	mu-	-12.2286	"[[""mu-"", -12.2286], [""uwe"", -12.5688], [""uxi"", -12.5688], [""uta"", -12.5688], [""uni"", -12.5688], [""uba"", -12.5688], [""ube"", -12.5688], [""ux(i)-"", -13.0641], [""ure/i-"", -13.4244], [""pu"", -13.9074]]"
osa	mu-	-9.1389	"[[""mu-"", -9.1389], [""ube"", -9.3632], [""uxi"", -9.3632], [""uni"", -9.3632], [""uta"", -9.3632], [""uba"", -9.3632], [""uwe"", -9.3632], [""pu"", -10.4301], [""ux(i)-"", -10.9734], [""ure/i-"", -10.9964]]"
osar	mu-	-12.2286	"[[""mu-"", -12.2286], [""uwe"", -12.5688], [""uxi"", -12.5688], [""uta"", -12.5688], [""uni"", -12.5688], [""uba"", -12.5688], [""ube"", -12.5688], [""ux(i)-"", -13.0641], [""ure/i-"", -13.4244], [""pu"", -13.9074]]"
osare	uxi	-12.5745	"[[""uxi"", -12.5745], [""uni"", -12.5745], [""ux(i)-"", -14.3599], [""=ti"", -14.3659], [""urubi"", -14.4656], [""ure/i-"", -14.7306], [""uðreki"", -15.0511], [""uwedri"", -15.0554], [""mu-"", -15.4346], [""ube"", -15.5669]]"
osarej	ure/i-	-14.3659	"[[""ure/i-"", -14.3659], [""uxi"", -16.0743], [""uni"", -16.0743], [""ux(i)-"", -16.3442], [""ube-(ti)"", -16.5944], [""uwe-(ti)"", -16.5944], [""pu-(di)"", -16.9979], [""upaxe/i-"", -17.2458], [""tupe/i-"", -17.8197], [""nure/i-"", -17.8197]]"
osareja	ux(i)-	-16.9157	"[[""ux(i)-"", -16.9157], [""ure/i-"", -17.1895], [""ube-(ti)"", -19.3975], [""uwe-(ti)"", -19.3975], [""uxi"", -19.574], [""uni"", -19.574], [""pu-(di)"", -19.8107], [""upaxe/i-"", -20.0678], [""kume/i-"", -20.6432], [""nure/i-"", -20.6432]]"
pin	=be	-11.5351	"[[""=be"", -11.5351], [""=mẽ"", -11.5351], [""=ti"", -11.5351], [""Jaɲ"", -11.5351], [""=de"", -11.5351], [""=pe"", -11.5351], [""xi-"", -12.1474], [""ad-"", -12.1474], [""ti-"", -12.1474], [""ax-"", -12.1474]]"
pina	=de	-14.5247	"[[""=de"", -14.5247], [""=be"", -14.5247], [""Jaɲ"", -14.5247], [""=pe"", -14.5247], [""=ti"", -14.5247], [""=mẽ"", -14.5247], [""ax-"", -14.9765], [""xa-"", -14.9765], [""ad-"", -14.9765], [""is-"", -14.9765]]"
pinam	=be	-17.6191	"[[""=be"", -17.6191], [""=pe"", -17.6191], [""Jaɲ"", -17.6191], [""=de"", -17.6191], [""=mẽ"", -17.6191], [""=ti"", -17.6191], [""is-"", -17.9765], [""ad-"", -17.9765], [""ax-"", -17.9765], [""mu-"", -17.9765]]"
pinama	=be	-20.7824	"[[""=be"", -20.7824], [""=mẽ"", -20.7824], [""=de"", -20.7824], [""Jaɲ"", -20.7824], [""=ti"", -20.7824], [""=pe"", -20.7824], [""xb-"", -21.0773], [""ad-"", -21.0773], [""xa-"", -21.0773], [""ti-"", -21.0773]]"
pinamai	=mẽ	-23.9944	"[[""=mẽ"", -23.9944], [""=pe"", -23.9944], [""=ti"", -23.9944], [""Jaɲ"", -23.9944], [""=de"", -23.9944], [""=be"", -23.9944], [""ad-"", -24.2448], [""mu-"", -24.2448], [""ax-"", -24.2448], [""xa-"", -24.2448]]"
pinamain	Jaɲ	-27.2426	"[[""Jaɲ"", -27.2426], [""=de"", -27.2426], [""=pe"", -27.2426], [""=ti"", -27.2426], [""=mẽ"", -27.2426], [""=be"", -27.2426], [""(†)pẽnẽ"", -27.3885], [""ux(i)-"", -27.4466], [""xa-"", -27.4599], [""ad-"", -27.4599]]"
pinamaina	(†)pẽnẽ	-30.2891	"[[""(†)pẽnẽ"", -30.2891], [""ux(i)-"", -30.3571], [""=de"", -30.5191], [""Jaɲ"", -30.5191], [""=ti"", -30.5191], [""=be"", -30.5191], [""=pe"", -30.5191], [""=mẽ"", -30.5191], [""mu-"", -30.7105], [""si-"", -30.7105]]"
pinamainaj	(†)pẽnẽ	-33.2542	"[[""(†)pẽnẽ"", -33.2542], [""ux(i)-"", -33.3318], [""la-(ti)"", -33.7631], [""as-(ti)"", -33.7632], [""ti-(ti)"", -33.7632], [""kb-/tu-"", -33.7632], [""es-(ti)"", -33.7632], [""es-(di)"", -33.7632], [""ma-(ti)"", -33.7632], [""xa-(di)"", -33.7632]]"
pinamas	=mẽ	-23.9944	"[[""=mẽ"", -23.9944], [""=pe"", -23.9944], [""=ti"", -23.9944], [""Jaɲ"", -23.9944], [""=de"", -23.9944], [""=be"", -23.9944], [""ad-"", -24.2448], [""mu-"", -24.2448], [""ax-"", -24.2448], [""xa-"", -24.2448]]"
pinamasi	Jaɲ	-27.2426	"[[""Jaɲ"", -27.2426], [""=de"", -27.2426], [""=pe"", -27.2426], [""=ti"", -27.2426], [""=mẽ"", -27.2426], [""=be"", -27.2426], [""(†)pẽnẽ"", -27.3885], [""ux(i)-"", -27.4466], [""xa-"", -27.4599], [""ad-"", -27.4599]]"
pinamasir	(†)pẽnẽ	-30.2891	"[[""(†)pẽnẽ"", -30.2891], [""ux(i)-"", -30.3571], [""=de"", -30.5191], [""Jaɲ"", -30.5191], [""=ti"", -30.5191], [""=be"", -30.5191], [""=pe"", -30.5191], [""=mẽ"", -30.5191], [""mu-"", -30.7105], [""si-"", -30.7105]]"
pinamasiru	(†)pẽnẽ	-33.2542	"[[""(†)pẽnẽ"", -33.2542], [""ux(i)-"", -33.3318], [""la-(ti)"", -33.7631], [""as-(ti)"", -33.7632], [""ti-(ti)"", -33.7632], [""kb-/tu-"", -33.7632], [""es-(ti)"", -33.7632], [""es-(di)"", -33.7632], [""ma-(ti)"", -33.7632], [""xa-(di)"", -33.7632]]"
ram	Jaɲ	-11.5351	"[[""Jaɲ"", -11.5351], [""=pe"", -11.5351], [""=mẽ"", -11.5351], [""=ti"", -11.5351], [""=be"", -11.5351], [""=de"", -11.5351], [""is-"", -12.1474], [""mu-"", -12.1474], [""xb-"", -12.1474], [""xa-"", -12.1474]]"
rama	=be	-14.5247	"[[""=be"", -14.5247], [""=ti"", -14.5247], [""=mẽ"", -14.5247], [""Jaɲ"", -14.5247], [""=de"", -14.5247], [""=pe"", -14.5247], [""ax-"", -14.9765], [""xb-"", -14.9765], [""mu-"", -14.9765], [""is-"", -14.9765]]"
raman	=be	-17.6191	"[[""=be"", -17.6191], [""=ti"", -17.6191], [""=pe"", -17.6191], [""=de"", -17.6191], [""=mẽ"", -17.6191], [""Jaɲ"", -17.6191], [""si-"", -17.9765], [""ti-"", -17.9765], [""mu-"", -17.9765], [""ad-"", -17.9765]]"
ramana	=be	-20.7824	"[[""=be"", -20.7824], [""=mẽ"", -20.7824], [""=de"", -20.7824], [""Jaɲ"", -20.7824], [""=ti"", -20.7824], [""=pe"", -20.7824], [""xb-"", -21.0773], [""ad-"", -21.0773], [""xa-"", -21.0773], [""ti-"", -21.0773]]"
ramanad	=mẽ	-21.9848	"[[""=mẽ"", -21.9848], [""(†)pẽnẽ"", -22.3492], [""nur"", -22.4864], [""mar"", -22.4864], [""es"", -22.577], [""as"", -22.577], [""Arɲnas"", -22.8174], [""kʷãn"", -22.9865], [""mu-"", -23.683], [""si-"", -23.683]]"
ramanada	=mẽ	-24.848	"[[""=mẽ"", -24.848], [""(†)pẽnẽ"", -25.1645], [""mɲn-"", -25.3194], [""is-"", -25.3415], [""ter-"", -25.4637], [""tis-"", -25.4637], [""nur"", -25.8672], [""mar"", -25.8672], [""Arɲnas"", -26.0018], [""es"", -26.0799]]"
ramanadaw	Krɲna	-25.58	"[[""Krɲna"", -25.58], [""Arɲna"", -25.58], [""Jaɲ"", -27.2038], [""Tlax"", -27.2344], [""mɲn-"", -27.3633], [""Isɲta-"", -27.5174], [""(†)pẽnẽ"", -27.6316], [""Partsa"", -27.6462], [""Murɲna"", -27.6462], [""kʷntsa"", -27.6944]]"
ramanadawa	Isɲta-	-28.2626	"[[""Isɲta-"", -28.2626], [""Krɲna"", -28.386], [""Arɲna"", -28.386], [""Trkʷkʷɲt"", -29.8088], [""mɲn-"", -29.8627], [""tm͂mãt-"", -29.9078], [""mltt-"", -30.075], [""(†)pẽnẽ"", -30.3837], [""Partsa"", -30.4534], [""Murɲna"", -30.4534]]"
rame	=ti	-11.3218	"[[""=ti"", -11.3218], [""ni"", -12.6134], [""ai"", -12.6134], [""ti"", -12.6134], [""si"", -12.6134], [""epi"", -12.8281], [""eni"", -12.8281], [""ẽti"", -12.8281], [""eti"", -12.8281], [""eri"", -12.8281]]"
ramei	=ti	-14.8093	"[[""=ti"", -14.8093], [""xe/i-"", -14.9949], [""xi-"", -15.4237], [""si-"", -15.4237], [""ti-"", -15.4237], [""tsi-"", -15.681], [""is-"", -16.0165], [""ni"", -16.113], [""si"", -16.113], [""ti"", -16.113]]"
rameit	iða	-16.723	"[[""iða"", -16.723], [""ije"", -16.7344], [""ite"", -16.7344], [""iqta"", -16.7824], [""Tele"", -17.2344], [""=ewẽ"", -17.2344], [""Masa"", -17.3396], [""Pubiele"", -17.4066], [""=de"", -17.5072], [""=mẽ"", -17.5072]]"
rameiti	iwe-	-19.5483	"[[""iwe-"", -19.5483], [""iða"", -20.2162], [""ite"", -20.2275], [""ije"", -20.2275], [""ux(i)-"", -20.2506], [""iqta"", -20.2869], [""=ewẽ"", -20.5418], [""Tele"", -20.5418], [""Pubiele"", -20.6224], [""Masa"", -20.6261]]"
rameu	=ti	-14.8093	"[[""=ti"", -14.8093], [""xe/i-"", -14.9949], [""xi-"", -15.4237], [""si-"", -15.4237], [""ti-"", -15.4237], [""tsi-"", -15.681], [""is-"", -16.0165], [""ni"", -16.113], [""si"", -16.113], [""ti"", -16.113]]"
rameun	ux(i)-	-17.7941	"[[""ux(i)-"", -17.7941], [""xe/i-"", -17.8173], [""ti-"", -18.2656], [""xi-"", -18.2656], [""si-"", -18.2656], [""=ti"", -18.293], [""tsi-"", -18.5065], [""is-"", -18.775], [""iwe-"", -19.1795], [""ni"", -19.6125]]"
rameuna	ux(i)-	-20.2506	"[[""ux(i)-"", -20.2506], [""xe/i-"", -20.9199], [""si-"", -21.3746], [""ti-"", -21.3746], [""xi-"", -21.3746], [""tsi-"", -21.6114], [""is-"", -21.7358], [""=ti"", -21.7729], [""iwe-"", -22.0074], [""win(i)-"", -22.2573]]"
rameunak	ux(i)-	-23.0799	"[[""ux(i)-"", -23.0799], [""xe/i-"", -24.1379], [""xi-"", -24.5959], [""ti-"", -24.5959], [""si-"", -24.5959], [""is-"", -24.8135], [""tsi-"", -24.8318], [""iwe-"", -25.0069], [""win(i)-"", -25.0706], [""xal(i)-"", -25.1173]]"
rameunaka	ux(i)-	-26.0831	"[[""ux(i)-"", -26.0831], [""xe/i-"", -27.4188], [""a(i)-(di)"", -27.6493], [""ti-"", -27.8797], [""si-"", -27.8797], [""xi-"", -27.8797], [""ite(/i)-"", -27.9078], [""is-"", -27.9671], [""s(ije)-"", -28.011], [""win(i)-"", -28.0523]]"
rameunakan	ux(i)-	-29.188	"[[""ux(i)-"", -29.188], [""a(i)-(di)"", -30.0276], [""ite(/i)-"", -30.7177], [""xe/i-"", -30.7393], [""s(ije)-"", -30.9626], [""win(i)-"", -31.1302], [""is-"", -31.1738], [""xi-"", -31.2031], [""si-"", -31.2031], [""ti-"", -31.2031]]"
rameunar	ux(i)-	-23.0799	"[[""ux(i)-"", -23.0799], [""xe/i-"", -24.1379], [""xi-"", -24.5959], [""ti-"", -24.5959], [""si-"", -24.5959], [""is-"", -24.8135], [""tsi-"", -24.8318], [""iwe-"", -25.0069], [""win(i)-"", -25.0706], [""xal(i)-"", -25.1173]]"
rameunaru	ux(i)-	-26.0831	"[[""ux(i)-"", -26.0831], [""xe/i-"", -27.4188], [""a(i)-(di)"", -27.6493], [""ti-"", -27.8797], [""si-"", -27.8797], [""xi-"", -27.8797], [""ite(/i)-"", -27.9078], [""is-"", -27.9671], [""s(ije)-"", -28.011], [""win(i)-"", -28.0523]]"
rameunaruk	ux(i)-	-29.188	"[[""ux(i)-"", -29.188], [""a(i)-(di)"", -30.0276], [""ite(/i)-"", -30.7177], [""xe/i-"", -30.7393], [""s(ije)-"", -30.9626], [""win(i)-"", -31.1302], [""is-"", -31.1738], [""xi-"", -31.2031], [""si-"", -31.2031], [""ti-"", -31.2031]]"
rat	Masa	-8.2229	"[[""Masa"", -8.2229], [""=ewẽ"", -8.2354], [""Tele"", -8.2354], [""=de"", -8.4435], [""=mẽ"", -8.4435], [""=be"", -8.4435], [""=pe"", -8.4435], [""Mula"", -8.7201], [""Iuba"", -8.7201], [""Jaɲ"", -9.0981]]"
rate	ai	-7.0108	"[[""ai"", -7.0108], [""γarãi"", -8.2196], [""Puwẽi"", -8.7305], [""ebei"", -9.3632], [""nei"", -9.4035], [""qbai"", -9.7368], [""trei"", -9.7493], [""eni"", -10.3852], [""epi"", -10.3852], [""eli"", -10.3852]]"
red	is-	-6.8969	"[[""is-"", -6.8969], [""es"", -7.6923], [""si-"", -8.9037], [""miren"", -9.0476], [""=mẽ"", -9.0893], [""ti-"", -9.1314], [""xi-"", -9.1314], [""ijãnis"", -9.3089], [""=ti"", -9.3279], [""mar"", -9.3539]]"
redi	is-	-6.3598	"[[""is-"", -6.3598], [""tis-"", -9.1452], [""ijas-"", -9.8279], [""es"", -11.1977], [""si-"", -11.5532], [""=mẽ"", -11.9227], [""xi-"", -11.9546], [""ti-"", -11.9546], [""miren"", -12.1382], [""mɲn-"", -12.1883]]"
redij	is-	-9.1831	"[[""is-"", -9.1831], [""tis-"", -11.9685], [""ijas-"", -12.6493], [""si-"", -14.5077], [""win(i)-"", -14.6386], [""es"", -14.703], [""mɲn-"", -14.8637], [""səm.ma"", -14.9598], [""nun͂-"", -14.9723], [""kəm.me"", -14.9802]]"
redija	is-	-12.2882	"[[""is-"", -12.2882], [""tis-"", -15.0736], [""ijas-"", -15.7516], [""win(i)-"", -16.6523], [""nun͂-"", -17.3363], [""si-"", -17.5976], [""səm.ma"", -17.7762], [""kəm.me"", -17.8017], [""mɲn-"", -17.8354], [""xis-(ti)"", -17.9537]]"
rei	is-	-9.1032	"[[""is-"", -9.1032], [""si-"", -9.1314], [""xi-"", -9.1314], [""ti-"", -9.1314], [""=ti"", -9.3279], [""iwe-"", -9.7611], [""ije"", -9.7742], [""ite"", -9.7742], [""tsi-"", -9.7766], [""iða"", -9.7806]]"
reik	is-	-11.8206	"[[""is-"", -11.8206], [""xi-"", -11.9546], [""ti-"", -11.9546], [""si-"", -11.9546], [""iwe-"", -12.1979], [""tsi-"", -12.5981], [""=ti"", -12.7639], [""ite"", -12.8644], [""ije"", -12.8644], [""iða"", -12.8687]]"
reike	=ti	-14.2498	"[[""=ti"", -14.2498], [""Piɡrẽi"", -14.2807], [""is-"", -14.7013], [""Pitstsi"", -14.9314], [""iwe-"", -15.0084], [""xi-"", -15.0421], [""ti-"", -15.0421], [""si-"", -15.0421], [""kiki"", -15.5565], [""pibi"", -15.5565]]"
reiket	iqta	-15.8549	"[[""iqta"", -15.8549], [""iða"", -15.855], [""ite"", -15.8596], [""ije"", -15.8596], [""əmmije"", -16.218], [""Pubiele"", -17.0636], [""Tele"", -17.1946], [""=ewẽ"", -17.1946], [""ti-(ti)"", -17.2859], [""Piɡrẽi"", -17.288]]"
reiketa	ite(/i)-	-18.1539	"[[""ite(/i)-"", -18.1539], [""iwe-"", -18.6465], [""iða"", -19.3505], [""ite"", -19.3551], [""ije"", -19.3551], [""iqta"", -19.3598], [""əmmije"", -19.6981], [""ti-(ti)"", -20.0813], [""win(i)-"", -20.2053], [""Pubiele"", -20.2057]]"
reiketan	ite(/i)-	-20.6032	"[[""ite(/i)-"", -20.6032], [""iwe-"", -21.4976], [""win(i)-"", -22.6702], [""ipre(/i)-"", -22.7184], [""iða"", -22.8459], [""ije"", -22.8504], [""ite"", -22.8504], [""iqta"", -22.8641], [""s(ije)-"", -22.9396], [""ux(i)-"", -23.026]]"
reiketana	ite(/i)-	-23.4018	"[[""ite(/i)-"", -23.4018], [""iwe-"", -24.6084], [""ipre(/i)-"", -25.3466], [""s(ije)-"", -25.439], [""win(i)-"", -25.5017], [""ux(i)-"", -25.8716], [""ebi(je)-"", -25.9184], [""ẽmi(je)-"", -25.9184], [""kbi(je)-"", -25.9946], [""xike(/i)-"", -26.1362]]"
reiketanai	ite(/i)-	-26.3415	"[[""ite(/i)-"", -26.3415], [""iwe-"", -27.8296], [""ipre(/i)-"", -27.9982], [""s(ije)-"", -28.2792], [""win(i)-"", -28.5054], [""ebi(je)-"", -28.7421], [""ẽmi(je)-"", -28.7421], [""kbi(je)-"", -28.8226], [""ux(i)-"", -28.8831], [""ite-(ti)"", -29.0267]]"
rej	is-	-9.1032	"[[""is-"", -9.1032], [""si-"", -9.1314], [""xi-"", -9.1314], [""ti-"", -9.1314], [""=ti"", -9.3279], [""iwe-"", -9.7611], [""ije"", -9.7742], [""ite"", -9.7742], [""tsi-"", -9.7766], [""iða"", -9.7806]]"
reja	is-	-11.8206	"[[""is-"", -11.8206], [""xi-"", -11.9546], [""ti-"", -11.9546], [""si-"", -11.9546], [""iwe-"", -12.1979], [""tsi-"", -12.5981], [""=ti"", -12.7639], [""ite"", -12.8644], [""ije"", -12.8644], [""iða"", -12.8687]]"
rep	is-	-9.1032	"[[""is-"", -9.1032], [""si-"", -9.1314], [""xi-"", -9.1314], [""ti-"", -9.1314], [""=ti"", -9.3279], [""iwe-"", -9.7611], [""ije"", -9.7742], [""ite"", -9.7742], [""tsi-"", -9.7766], [""iða"", -9.7806]]"
ret	iða	-6.8955	"[[""iða"", -6.8955], [""ite"", -6.907], [""ije"", -6.907], [""iqta"", -6.9741], [""Tele"", -8.1518], [""=ewẽ"", -8.1518], [""Masa"", -8.2229], [""=be"", -8.4389], [""=de"", -8.4389], [""=mẽ"", -8.4389]]"
reta	iwe-	-9.7351	"[[""iwe-"", -9.7351], [""iða"", -10.3749], [""ije"", -10.386], [""ite"", -10.386], [""iqta"", -10.4768], [""=ewẽ"", -11.3401], [""Tele"", -11.3401], [""Masa"", -11.3895], [""is-"", -11.8206], [""=pe"", -11.9168]]"
rid	=mẽ	-9.0981	"[[""=mẽ"", -9.0981], [""mar"", -9.3539], [""nur"", -9.3539], [""as"", -9.3933], [""es"", -9.3933], [""si-"", -10.3196], [""mu-"", -10.3196], [""si"", -10.4301], [""mẽ"", -10.4301], [""ni"", -10.4301]]"
rida	=mẽ	-11.9271	"[[""=mẽ"", -11.9271], [""mɲn-"", -12.1883], [""is-"", -12.2188], [""mu-"", -12.5661], [""si-"", -12.5661], [""nur"", -12.5757], [""mar"", -12.5757], [""tis-"", -12.5904], [""ter-"", -12.5904], [""es"", -12.8904]]"
ridau	mɲn-	-14.8637	"[[""mɲn-"", -14.8637], [""nun͂-"", -14.9723], [""=mẽ"", -15.0292], [""is-"", -15.052], [""mu-"", -15.3009], [""si-"", -15.3009], [""ter-"", -15.4141], [""tis-"", -15.4141], [""m̃mẽ"", -15.6048], [""m̃ma"", -15.6048]]"
ruk	Jaɲ	-11.5351	"[[""Jaɲ"", -11.5351], [""=pe"", -11.5351], [""=mẽ"", -11.5351], [""=ti"", -11.5351], [""=be"", -11.5351], [""=de"", -11.5351], [""is-"", -12.1474], [""mu-"", -12.1474], [""xb-"", -12.1474], [""xa-"", -12.1474]]"
ruka	=be	-14.5247	"[[""=be"", -14.5247], [""=ti"", -14.5247], [""=mẽ"", -14.5247], [""Jaɲ"", -14.5247], [""=de"", -14.5247], [""=pe"", -14.5247], [""ax-"", -14.9765], [""xb-"", -14.9765], [""mu-"", -14.9765], [""is-"", -14.9765]]"
rukan	=be	-17.6191	"[[""=be"", -17.6191], [""=ti"", -17.6191], [""=pe"", -17.6191], [""=de"", -17.6191], [""=mẽ"", -17.6191], [""Jaɲ"", -17.6191], [""si-"", -17.9765], [""ti-"", -17.9765], [""mu-"", -17.9765], [""ad-"", -17.9765]]"
rukana	=be	-20.7824	"[[""=be"", -20.7824], [""=mẽ"", -20.7824], [""=de"", -20.7824], [""Jaɲ"", -20.7824], [""=ti"", -20.7824], [""=pe"", -20.7824], [""xb-"", -21.0773], [""ad-"", -21.0773], [""xa-"", -21.0773], [""ti-"", -21.0773]]"
rukanas	=pe	-23.9944	"[[""=pe"", -23.9944], [""=be"", -23.9944], [""=ti"", -23.9944], [""=mẽ"", -23.9944], [""Jaɲ"", -23.9944], [""=de"", -23.9944], [""ad-"", -24.2448], [""ti-"", -24.2448], [""is-"", -24.2448], [""mu-"", -24.2448]]"
rus	Jaɲ	-11.5351	"[[""Jaɲ"", -11.5351], [""=pe"", -11.5351], [""=mẽ"", -11.5351], [""=ti"", -11.5351], [""=be"", -11.5351], [""=de"", -11.5351], [""is-"", -12.1474], [""mu-"", -12.1474], [""xb-"", -12.1474], [""xa-"", -12.1474]]"
rusa	=be	-14.5247	"[[""=be"", -14.5247], [""=ti"", -14.5247], [""=mẽ"", -14.5247], [""Jaɲ"", -14.5247], [""=de"", -14.5247], [""=pe"", -14.5247], [""ax-"", -14.9765], [""xb-"", -14.9765], [""mu-"", -14.9765], [""is-"", -14.9765]]"
rusai	=be	-17.6191	"[[""=be"", -17.6191], [""=ti"", -17.6191], [""=pe"", -17.6191], [""=de"", -17.6191], [""=mẽ"", -17.6191], [""Jaɲ"", -17.6191], [""si-"", -17.9765], [""ti-"", -17.9765], [""mu-"", -17.9765], [""ad-"", -17.9765]]"
rusaid	=mẽ	-18.673	"[[""=mẽ"", -18.673], [""nur"", -19.146], [""mar"", -19.146], [""as"", -19.2234], [""es"", -19.2234], [""(†)pẽnẽ"", -19.6634], [""Arɲnas"", -19.7396], [""kʷãn"", -19.8959], [""si-"", -20.3547], [""mu-"", -20.3547]]"
rusaida	=mẽ	-21.5286	"[[""=mẽ"", -21.5286], [""mɲn-"", -21.9814], [""is-"", -22.0032], [""tis-"", -22.1551], [""ter-"", -22.1551], [""(†)pẽnẽ"", -22.4659], [""mar"", -22.5055], [""nur"", -22.5055], [""as"", -22.7256], [""es"", -22.7256]]"
rusaidaa	=mẽ	-24.6428	"[[""=mẽ"", -24.6428], [""mɲn-"", -24.7353], [""nun͂-"", -24.7536], [""is-"", -24.8611], [""ter-"", -24.9843], [""tis-"", -24.9843], [""(†)pẽnẽ"", -25.5292], [""mu-"", -25.7065], [""si-"", -25.7065], [""m̃ma"", -25.822]]"
rusaidaau	nun͂-	-27.1803	"[[""nun͂-"", -27.1803], [""mɲn-"", -27.7701], [""=mẽ"", -27.8673], [""is-"", -27.9765], [""tis-"", -28.0908], [""ter-"", -28.0908], [""(†)pẽnẽ"", -28.6926], [""si-"", -28.6941], [""mu-"", -28.6941], [""xθθã(n)-"", -28.749]]"
rut	Masa	-8.2229	"[[""Masa"", -8.2229], [""=ewẽ"", -8.2354], [""Tele"", -8.2354], [""=de"", -8.4435], [""=mẽ"", -8.4435], [""=be"", -8.4435], [""=pe"", -8.4435], [""Mula"", -8.7201], [""Iuba"", -8.7201], [""Jaɲ"", -9.0981]]"
rute	ai	-7.0108	"[[""ai"", -7.0108], [""γarãi"", -8.2196], [""Puwẽi"", -8.7305], [""ebei"", -9.3632], [""nei"", -9.4035], [""qbai"", -9.7368], [""trei"", -9.7493], [""eni"", -10.3852], [""epi"", -10.3852], [""eli"", -10.3852]]"
rutei	ai	-10.518	"[[""ai"", -10.518], [""γarãi"", -11.725], [""Puwẽi"", -12.2375], [""ebei"", -12.8688], [""nei"", -12.9106], [""qbai"", -13.244], [""trei"", -13.2564], [""aite"", -13.2767], [""ebi"", -13.8651], [""eli"", -13.8651]]"
ruteid	as	-14.0234	"[[""as"", -14.0234], [""es"", -14.0234], [""ai"", -14.0252], [""γarãi"", -14.8995], [""kʷãn"", -15.478], [""Puwẽi"", -15.7445], [""Masa"", -16.0352], [""Pertina"", -16.0467], [""arus"", -16.0896], [""aite"", -16.3679]]"
ruteidi	is-	-16.8779	"[[""is-"", -16.8779], [""as"", -17.5306], [""es"", -17.5306], [""ai"", -17.5324], [""γarãi"", -18.1512], [""Pertina"", -18.8737], [""Masa"", -18.9123], [""ijas-"", -18.9285], [""tis-"", -18.9637], [""kʷãn"", -18.985]]"
sai	Jaɲ	-11.5351	"[[""Jaɲ"", -11.5351], [""=pe"", -11.5351], [""=mẽ"", -11.5351], [""=ti"", -11.5351], [""=be"", -11.5351], [""=de"", -11.5351], [""is-"", -12.1474], [""mu-"", -12.1474], [""xb-"", -12.1474], [""xa-"", -12.1474]]"
said	=mẽ	-12.1927	"[[""=mẽ"", -12.1927], [""mar"", -12.5619], [""nur"", -12.5619], [""as"", -12.6134], [""es"", -12.6134], [""mu-"", -13.6825], [""si-"", -13.6825], [""Arɲnas"", -13.8226], [""me"", -13.9074], [""se"", -13.9074]]"
saida	=mẽ	-15.0316	"[[""=mẽ"", -15.0316], [""mɲn-"", -15.3988], [""is-"", -15.4237], [""tis-"", -15.681], [""ter-"", -15.681], [""mar"", -15.8501], [""nur"", -15.8501], [""mu-"", -16.0165], [""si-"", -16.0165], [""es"", -16.113]]"
saidaa	mɲn-	-18.1115	"[[""mɲn-"", -18.1115], [""=mẽ"", -18.1387], [""nun͂-"", -18.1822], [""is-"", -18.2656], [""ter-"", -18.5065], [""tis-"", -18.5065], [""si-"", -18.775], [""mu-"", -18.775], [""m̃mẽ"", -19.0238], [""m̃ma"", -19.0238]]"
saidaau	nun͂-	-20.5729	"[[""nun͂-"", -20.5729], [""mɲn-"", -21.1126], [""=mẽ"", -21.3586], [""is-"", -21.3746], [""tis-"", -21.6114], [""ter-"", -21.6114], [""mu-"", -21.7358], [""si-"", -21.7358], [""m̃mẽ"", -21.9027], [""m̃ma"", -21.9027]]"
sar	Jaɲ	-11.5351	"[[""Jaɲ"", -11.5351], [""=pe"", -11.5351], [""=mẽ"", -11.5351], [""=ti"", -11.5351], [""=be"", -11.5351], [""=de"", -11.5351], [""is-"", -12.1474], [""mu-"", -12.1474], [""xb-"", -12.1474], [""xa-"", -12.1474]]"
sara	=be	-14.5247	"[[""=be"", -14.5247], [""=ti"", -14.5247], [""=mẽ"", -14.5247], [""Jaɲ"", -14.5247], [""=de"", -14.5247], [""=pe"", -14.5247], [""ax-"", -14.9765], [""xb-"", -14.9765], [""mu-"", -14.9765], [""is-"", -14.9765]]"
saram	=be	-17.6191	"[[""=be"", -17.6191], [""=ti"", -17.6191], [""=pe"", -17.6191], [""=de"", -17.6191], [""=mẽ"", -17.6191], [""Jaɲ"", -17.6191], [""si-"", -17.9765], [""ti-"", -17.9765], [""mu-"", -17.9765], [""ad-"", -17.9765]]"
sarama	=be	-20.7824	"[[""=be"", -20.7824], [""=mẽ"", -20.7824], [""=de"", -20.7824], [""Jaɲ"", -20.7824], [""=ti"", -20.7824], [""=pe"", -20.7824], [""xb-"", -21.0773], [""ad-"", -21.0773], [""xa-"", -21.0773], [""ti-"", -21.0773]]"
saraman	=pe	-23.9944	"[[""=pe"", -23.9944], [""=be"", -23.9944], [""=ti"", -23.9944], [""=mẽ"", -23.9944], [""Jaɲ"", -23.9944], [""=de"", -23.9944], [""ad-"", -24.2448], [""ti-"", -24.2448], [""is-"", -24.2448], [""mu-"", -24.2448]]"
saramana	Jaɲ	-27.2426	"[[""Jaɲ"", -27.2426], [""=de"", -27.2426], [""=pe"", -27.2426], [""=ti"", -27.2426], [""=mẽ"", -27.2426], [""=be"", -27.2426], [""(†)pẽnẽ"", -27.3885], [""ux(i)-"", -27.4466], [""ax-"", -27.4599], [""ad-"", -27.4599]]"
saramanad	(†)pẽnẽ	-28.0975	"[[""(†)pẽnẽ"", -28.0975], [""=mẽ"", -28.684], [""Arɲnas"", -29.1149], [""nur"", -29.2244], [""mar"", -29.2244], [""kʷãn"", -29.3148], [""as"", -29.3411], [""es"", -29.3411], [""Arɲna"", -30.3029], [""Krɲna"", -30.3029]]"
saramanada	(†)pẽnẽ	-30.9281	"[[""(†)pẽnẽ"", -30.9281], [""=mẽ"", -31.5622], [""tem-/m̃m-"", -31.9178], [""mɲn-"", -32.05], [""is-"", -32.0749], [""ter-"", -32.1565], [""tis-"", -32.1565], [""Arɲnas"", -32.3623], [""pddeːn-"", -32.5487], [""mar"", -32.6343]]"
sarame	=ti	-17.5004	"[[""=ti"", -17.5004], [""ti"", -19.2234], [""si"", -19.2234], [""ai"", -19.2234], [""ni"", -19.2234], [""epi"", -19.3105], [""ebi"", -19.3105], [""eri"", -19.3105], [""ẽti"", -19.3105], [""eni"", -19.3105]]"
saramei	xe/i-	-20.8234	"[[""xe/i-"", -20.8234], [""=ti"", -20.9957], [""xi-"", -22.0032], [""ti-"", -22.0032], [""si-"", -22.0032], [""tsi-"", -22.1551], [""m̃me/i-"", -22.1879], [""ti-(ti)"", -22.6408], [""es-(di)"", -22.6443], [""es-(ti)"", -22.6443]]"
sarameit	(†)pẽnẽ	-23.4871	"[[""(†)pẽnẽ"", -23.4871], [""Pubiele"", -23.4887], [""ux(i)-"", -23.6178], [""xe/i-"", -23.6477], [""=ewẽ"", -23.6794], [""Tele"", -23.6794], [""iða"", -23.7069], [""ije"", -23.718], [""ite"", -23.718], [""Masa"", -23.779]]"
sarameiti	ux(i)-	-26.0785	"[[""ux(i)-"", -26.0785], [""iwe-"", -26.5312], [""Pubiele"", -26.7052], [""xe/i-"", -26.7448], [""(†)pẽnẽ"", -26.7781], [""Tele"", -27.0253], [""=ewẽ"", -27.0253], [""eb(e)"", -27.0469], [""Masa"", -27.1088], [""iða"", -27.2006]]"
sarameu	xe/i-	-20.8234	"[[""xe/i-"", -20.8234], [""=ti"", -20.9957], [""xi-"", -22.0032], [""ti-"", -22.0032], [""si-"", -22.0032], [""tsi-"", -22.1551], [""m̃me/i-"", -22.1879], [""ti-(ti)"", -22.6408], [""es-(di)"", -22.6443], [""es-(ti)"", -22.6443]]"
sarameun	ux(i)-	-23.6178	"[[""ux(i)-"", -23.6178], [""xe/i-"", -23.6479], [""=ti"", -24.4891], [""ti-"", -24.8611], [""si-"", -24.8611], [""xi-"", -24.8611], [""ite(/i)-"", -24.9075], [""tsi-"", -24.9843], [""m̃me/i-"", -25.0105], [""win(i)-"", -25.4385]]"
sarameuna	ux(i)-	-26.0785	"[[""ux(i)-"", -26.0785], [""xe/i-"", -26.7524], [""ite(/i)-"", -27.3561], [""win(i)-"", -27.8943], [""xal(i)-"", -27.9061], [""ti-"", -27.9765], [""xi-"", -27.9765], [""si-"", -27.9765], [""=ti"", -27.9808], [""tsi-"", -28.0908]]"
sarameunak	ux(i)-	-28.9097	"[[""ux(i)-"", -28.9097], [""xe/i-"", -29.9726], [""ite(/i)-"", -30.1658], [""win(i)-"", -30.719], [""xal(i)-"", -30.7366], [""xike(/i)-"", -31.166], [""ipre(/i)-"", -31.1706], [""pede(/i)-"", -31.1796], [""tẽpe(/i)-"", -31.1796], [""nele(/i)-"", -31.1796]]"
sarameunar	ux(i)-	-28.9097	"[[""ux(i)-"", -28.9097], [""xe/i-"", -29.9726], [""ite(/i)-"", -30.1658], [""win(i)-"", -30.719], [""xal(i)-"", -30.7366], [""xike(/i)-"", -31.166], [""ipre(/i)-"", -31.1706], [""pede(/i)-"", -31.1796], [""tẽpe(/i)-"", -31.1796], [""nele(/i)-"", -31.1796]]"
sare	=ti	-11.3218	"[[""=ti"", -11.3218], [""ni"", -12.6134], [""ai"", -12.6134], [""ti"", -12.6134], [""si"", -12.6134], [""epi"", -12.8281], [""eni"", -12.8281], [""ẽti"", -12.8281], [""eti"", -12.8281], [""eri"", -12.8281]]"
sarej	=ti	-14.8093	"[[""=ti"", -14.8093], [""xe/i-"", -14.9949], [""xi-"", -15.4237], [""si-"", -15.4237], [""ti-"", -15.4237], [""tsi-"", -15.681], [""is-"", -16.0165], [""ni"", -16.113], [""si"", -16.113], [""ti"", -16.113]]"
sareja	ux(i)-	-17.7941	"[[""ux(i)-"", -17.7941], [""xe/i-"", -17.8173], [""ti-"", -18.2656], [""xi-"", -18.2656], [""si-"", -18.2656], [""=ti"", -18.293], [""tsi-"", -18.5065], [""is-"", -18.775], [""iwe-"", -19.1795], [""ni"", -19.6125]]"
sas	Jaɲ	-11.5351	"[[""Jaɲ"", -11.5351], [""=pe"", -11.5351], [""=mẽ"", -11.5351], [""=ti"", -11.5351], [""=be"", -11.5351], [""=de"", -11.5351], [""is-"", -12.1474], [""mu-"", -12.1474], [""xb-"", -12.1474], [""xa-"", -12.1474]]"
sasa	=be	-14.5247	"[[""=be"", -14.5247], [""=ti"", -14.5247], [""=mẽ"", -14.5247], [""Jaɲ"", -14.5247], [""=de"", -14.5247], [""=pe"", -14.5247], [""ax-"", -14.9765], [""xb-"", -14.9765], [""mu-"", -14.9765], [""is-"", -14.9765]]"
sasar	=be	-17.6191	"[[""=be"", -17.6191], [""=ti"", -17.6191], [""=pe"", -17.6191], [""=de"", -17.6191], [""=mẽ"", -17.6191], [""Jaɲ"", -17.6191], [""si-"", -17.9765], [""ti-"", -17.9765], [""mu-"", -17.9765], [""ad-"", -17.9765]]"
sasara	=be	-20.7824	"[[""=be"", -20.7824], [""=mẽ"", -20.7824], [""=de"", -20.7824], [""Jaɲ"", -20.7824], [""=ti"", -20.7824], [""=pe"", -20.7824], [""xb-"", -21.0773], [""ad-"", -21.0773], [""xa-"", -21.0773], [""ti-"", -21.0773]]"
sasaram	=pe	-23.9944	"[[""=pe"", -23.9944], [""=be"", -23.9944], [""=ti"", -23.9944], [""=mẽ"", -23.9944], [""Jaɲ"", -23.9944], [""=de"", -23.9944], [""ad-"", -24.2448], [""ti-"", -24.2448], [""is-"", -24.2448], [""mu-"", -24.2448]]"
sasarama	Jaɲ	-27.2426	"[[""Jaɲ"", -27.2426], [""=de"", -27.2426], [""=pe"", -27.2426], [""=ti"", -27.2426], [""=mẽ"", -27.2426], [""=be"", -27.2426], [""(†)pẽnẽ"", -27.3885], [""ux(i)-"", -27.4466], [""ax-"", -27.4599], [""ad-"", -27.4599]]"
sasaraman	(†)pẽnẽ	-30.2891	"[[""(†)pẽnẽ"", -30.2891], [""ux(i)-"", -30.3571], [""=mẽ"", -30.5191], [""=de"", -30.5191], [""Jaɲ"", -30.5191], [""=pe"", -30.5191], [""=be"", -30.5191], [""=ti"", -30.5191], [""ti-"", -30.7105], [""xi-"", -30.7105]]"
sasaramana	(†)pẽnẽ	-33.2542	"[[""(†)pẽnẽ"", -33.2542], [""ux(i)-"", -33.3318], [""kb-/tu-"", -33.7632], [""as-(ti)"", -33.7632], [""ma-(ti)"", -33.7632], [""ta-(di)"", -33.7632], [""es-(ti)"", -33.7632], [""es-(di)"", -33.7632], [""da-(di)"", -33.7632], [""la-(ti)"", -33.7632]]"
sasarame	=ti	-23.9332	"[[""=ti"", -23.9332], [""Puwẽi"", -25.6583], [""γarãi"", -25.6603], [""ai"", -25.9512], [""ni"", -25.9512], [""ti"", -25.9512], [""si"", -25.9512], [""eri"", -25.9649], [""epi"", -25.9649], [""eti"", -25.9649]]"
sasaramei	xe/i-	-27.0891	"[[""xe/i-"", -27.0891], [""=ti"", -27.4319], [""m̃me/i-"", -27.9797], [""ti-(ti)"", -28.314], [""es-(di)"", -28.3152], [""es-(ti)"", -28.3152], [""as-(ti)"", -28.3152], [""xa-(di)"", -28.3152], [""ma-(ti)"", -28.3152], [""pu-(di)"", -28.3152]]"
sasarameit	=we / =uwe	-29.2791	"[[""=we / =uwe"", -29.2791], [""(†)pẽnẽ"", -29.3176], [""Pubiele"", -29.8603], [""ux(i)-"", -29.8761], [""xe/i-"", -29.9152], [""Perikle"", -30.2514], [""Tele"", -30.2544], [""=ewẽ"", -30.2544], [""Masa"", -30.3439], [""=de"", -30.5042]]"
sasarameu	xe/i-	-27.0891	"[[""xe/i-"", -27.0891], [""=ti"", -27.4319], [""m̃me/i-"", -27.9797], [""ti-(ti)"", -28.314], [""es-(di)"", -28.3152], [""es-(ti)"", -28.3152], [""as-(ti)"", -28.3152], [""xa-(di)"", -28.3152], [""ma-(ti)"", -28.3152], [""pu-(di)"", -28.3152]]"
sasarameun	ux(i)-	-29.8761	"[[""ux(i)-"", -29.8761], [""xe/i-"", -29.9153], [""ite(/i)-"", -30.5434], [""m̃me/i-"", -30.8039], [""=ti"", -30.9294], [""ti-(ti)"", -31.1398], [""es-(di)"", -31.1447], [""es-(ti)"", -31.1447], [""da-(di)"", -31.1448], [""ma-(ti)"", -31.1448]]"
sau	Jaɲ	-11.5351	"[[""Jaɲ"", -11.5351], [""=pe"", -11.5351], [""=mẽ"", -11.5351], [""=ti"", -11.5351], [""=be"", -11.5351], [""=de"", -11.5351], [""is-"", -12.1474], [""mu-"", -12.1474], [""xb-"", -12.1474], [""xa-"", -12.1474]]"
saun	=be	-14.5247	"[[""=be"", -14.5247], [""=ti"", -14.5247], [""=mẽ"", -14.5247], [""Jaɲ"", -14.5247], [""=de"", -14.5247], [""=pe"", -14.5247], [""ax-"", -14.9765], [""xb-"", -14.9765], [""mu-"", -14.9765], [""is-"", -14.9765]]"
sauna	=be	-17.6191	"[[""=be"", -17.6191], [""=ti"", -17.6191], [""=pe"", -17.6191], [""=de"", -17.6191], [""=mẽ"", -17.6191], [""Jaɲ"", -17.6191], [""si-"", -17.9765], [""ti-"", -17.9765], [""mu-"", -17.9765], [""ad-"", -17.9765]]"
saunak	=be	-20.7824	"[[""=be"", -20.7824], [""=mẽ"", -20.7824], [""=de"", -20.7824], [""Jaɲ"", -20.7824], [""=ti"", -20.7824], [""=pe"", -20.7824], [""xb-"", -21.0773], [""ad-"", -21.0773], [""xa-"", -21.0773], [""ti-"", -21.0773]]"
saunaka	=pe	-23.9944	"[[""=pe"", -23.9944], [""=be"", -23.9944], [""=ti"", -23.9944], [""=mẽ"", -23.9944], [""Jaɲ"", -23.9944], [""=de"", -23.9944], [""ad-"", -24.2448], [""ti-"", -24.2448], [""is-"", -24.2448], [""mu-"", -24.2448]]"
saunakan	Jaɲ	-27.2426	"[[""Jaɲ"", -27.2426], [""=de"", -27.2426], [""=pe"", -27.2426], [""=ti"", -27.2426], [""=mẽ"", -27.2426], [""=be"", -27.2426], [""(†)pẽnẽ"", -27.3885], [""ux(i)-"", -27.4466], [""ax-"", -27.4599], [""ad-"", -27.4599]]"
saunakana	(†)pẽnẽ	-30.2891	"[[""(†)pẽnẽ"", -30.2891], [""ux(i)-"", -30.3571], [""=mẽ"", -30.5191], [""=de"", -30.5191], [""Jaɲ"", -30.5191], [""=pe"", -30.5191], [""=be"", -30.5191], [""=ti"", -30.5191], [""ti-"", -30.7105], [""xi-"", -30.7105]]"
sek	is-	-9.1032	"[[""is-"", -9.1032], [""si-"", -9.1314], [""xi-"", -9.1314], [""ti-"", -9.1314], [""=ti"", -9.3279], [""iwe-"", -9.7611], [""ije"", -9.7742], [""ite"", -9.7742], [""tsi-"", -9.7766], [""iða"", -9.7806]]"
seka	is-	-11.8206	"[[""is-"", -11.8206], [""xi-"", -11.9546], [""ti-"", -11.9546], [""si-"", -11.9546], [""iwe-"", -12.1979], [""tsi-"", -12.5981], [""=ti"", -12.7639], [""ite"", -12.8644], [""ije"", -12.8644], [""iða"", -12.8687]]"
sekan	is-	-14.7634	"[[""is-"", -14.7634], [""iwe-"", -15.0163], [""si-"", -15.0545], [""ti-"", -15.0545], [""xi-"", -15.0545], [""tsi-"", -15.7003], [""ite"", -16.0714], [""ije"", -16.0714], [""iða"", -16.0745], [""=ti"", -16.1876]]"
sekana	is-	-17.8311	"[[""is-"", -17.8311], [""iwe-"", -18.0107], [""ti-"", -18.2693], [""xi-"", -18.2693], [""si-"", -18.2693], [""tsi-"", -18.918], [""ite"", -19.3425], [""ije"", -19.3425], [""iða"", -19.345], [""=ti"", -19.6019]]"
sekanas	is-	-20.9785	"[[""is-"", -20.9785], [""iwe-"", -21.1079], [""xi-"", -21.5476], [""si-"", -21.5476], [""ti-"", -21.5476], [""ite(/i)-"", -21.8885], [""tsi-"", -22.199], [""a(i)-(di)"", -22.2432], [""ti-(ti)"", -22.4879], [""s(ije)-"", -22.5835]]"
sekanasi	is-	-24.181	"[[""is-"", -24.181], [""iwe-"", -24.2728], [""ite(/i)-"", -24.3501], [""a(i)-(di)"", -24.6083], [""si-"", -24.866], [""xi-"", -24.866], [""ti-"", -24.866], [""ti-(ti)"", -25.183], [""ije-(ti)"", -25.3497], [""ite-(ti)"", -25.3497]]"
sekanasis	ite(/i)-	-26.9724	"[[""ite(/i)-"", -26.9724], [""a(i)-(di)"", -27.1882], [""is-"", -27.424], [""iwe-"", -27.4857], [""ti-(ti)"", -28.0146], [""ije-(ti)"", -28.0694], [""ite-(ti)"", -28.0694], [""ti-"", -28.2122], [""si-"", -28.2122], [""xi-"", -28.2122]]"
sekanasisi	ite(/i)-	-29.7114	"[[""ite(/i)-"", -29.7114], [""a(i)-(di)"", -29.9142], [""is-"", -30.698], [""iwe-"", -30.7346], [""ite-(ti)"", -30.8961], [""ije-(ti)"", -30.8961], [""ti-(ti)"", -30.9428], [""eri-(ti)"", -31.5691], [""ebi(je)-"", -31.5696], [""ẽmi(je)-"", -31.5696]]"
ser	is-	-9.1032	"[[""is-"", -9.1032], [""si-"", -9.1314], [""xi-"", -9.1314], [""ti-"", -9.1314], [""=ti"", -9.3279], [""iwe-"", -9.7611], [""ije"", -9.7742], [""ite"", -9.7742], [""tsi-"", -9.7766], [""iða"", -9.7806]]"
sera	is-	-11.8206	"[[""is-"", -11.8206], [""xi-"", -11.9546], [""ti-"", -11.9546], [""si-"", -11.9546], [""iwe-"", -12.1979], [""tsi-"", -12.5981], [""=ti"", -12.7639], [""ite"", -12.8644], [""ije"", -12.8644], [""iða"", -12.8687]]"
serat	iða	-12.8498	"[[""iða"", -12.8498], [""ije"", -12.8617], [""ite"", -12.8617], [""iqta"", -12.8628], [""Tele"", -14.1238], [""=ewẽ"", -14.1238], [""Masa"", -14.1963], [""=de"", -14.3763], [""=pe"", -14.3763], [""=mẽ"", -14.3763]]"
serate	Piɡrẽi	-12.2175	"[[""Piɡrẽi"", -12.2175], [""ai"", -14.0234], [""γarãi"", -14.1933], [""Puwẽi"", -14.527], [""ebei"", -15.6295], [""iwe-"", -15.6607], [""Piɲteusi"", -15.6803], [""nei"", -15.8969], [""qbai"", -16.0379], [""trei"", -16.0473]]"
set	iða	-6.8955	"[[""iða"", -6.8955], [""ite"", -6.907], [""ije"", -6.907], [""iqta"", -6.9741], [""Tele"", -8.1518], [""=ewẽ"", -8.1518], [""Masa"", -8.2229], [""=be"", -8.4389], [""=de"", -8.4389], [""=mẽ"", -8.4389]]"
seto	Mitsu	-9.1221	"[[""Mitsu"", -9.1221], [""neu"", -9.3954], [""iwe-"", -9.7351], [""Piɲteusi"", -9.8085], [""ẽmu"", -10.3632], [""amu"", -10.3741], [""iða"", -10.3749], [""ije"", -10.386], [""ite"", -10.386], [""adru"", -10.4758]]"
setoi	iwe-	-12.5575	"[[""iwe-"", -12.5575], [""Piɲteusi"", -12.6091], [""Mitsu"", -12.6265], [""neu"", -12.9026], [""eru-"", -13.192], [""ẽmu"", -13.8436], [""amu"", -13.8543], [""iða"", -13.8543], [""ite"", -13.8651], [""ije"", -13.8651]]"
setoij	iwe-	-15.6528	"[[""iwe-"", -15.6528], [""Piɲteusi"", -15.697], [""eru-"", -16.0148], [""Mitsu"", -16.1299], [""neu"", -16.4097], [""ẽmu"", -17.324], [""iða"", -17.3337], [""amu"", -17.3344], [""ije"", -17.3442], [""ite"", -17.3442]]"
setoija	iwe-	-18.8621	"[[""iwe-"", -18.8621], [""Piɲteusi"", -18.9026], [""eru-"", -19.1107], [""Mitsu"", -19.6323], [""ite(/i)-"", -19.8093], [""neu"", -19.9168], [""ipre(/i)-"", -19.9517], [""s(ije)-"", -20.1969], [""ite-(ti)"", -20.6063], [""ije-(ti)"", -20.6063]]"
sii	Jaɲ	-11.5351	"[[""Jaɲ"", -11.5351], [""=pe"", -11.5351], [""=mẽ"", -11.5351], [""=ti"", -11.5351], [""=be"", -11.5351], [""=de"", -11.5351], [""is-"", -12.1474], [""mu-"", -12.1474], [""xb-"", -12.1474], [""xa-"", -12.1474]]"
siip	Jaɲ	-14.5247	"[[""Jaɲ"", -14.5247], [""=ti"", -14.5247], [""=pe"", -14.5247], [""=de"", -14.5247], [""=be"", -14.5247], [""=mẽ"", -14.5247], [""xb-"", -14.9765], [""mu-"", -14.9765], [""ax-"", -14.9765], [""is-"", -14.9765]]"
siipi	=be	-17.6191	"[[""=be"", -17.6191], [""=mẽ"", -17.6191], [""=ti"", -17.6191], [""Jaɲ"", -17.6191], [""=pe"", -17.6191], [""=de"", -17.6191], [""is-"", -17.9765], [""si-"", -17.9765], [""ax-"", -17.9765], [""mu-"", -17.9765]]"
siipin	=be	-20.7824	"[[""=be"", -20.7824], [""=pe"", -20.7824], [""=de"", -20.7824], [""=mẽ"", -20.7824], [""Jaɲ"", -20.7824], [""=ti"", -20.7824], [""xb-"", -21.0773], [""ad-"", -21.0773], [""xa-"", -21.0773], [""mu-"", -21.0773]]"
siipina	=mẽ	-23.9944	"[[""=mẽ"", -23.9944], [""=pe"", -23.9944], [""=ti"", -23.9944], [""Jaɲ"", -23.9944], [""=de"", -23.9944], [""=be"", -23.9944], [""ax-"", -24.2448], [""ad-"", -24.2448], [""is-"", -24.2448], [""mu-"", -24.2448]]"
siipinam	Jaɲ	-27.2426	"[[""Jaɲ"", -27.2426], [""=de"", -27.2426], [""=be"", -27.2426], [""=ti"", -27.2426], [""=mẽ"", -27.2426], [""=pe"", -27.2426], [""(†)pẽnẽ"", -27.3885], [""ux(i)-"", -27.4466], [""ad-"", -27.4599], [""mu-"", -27.4599]]"
siipinama	(†)pẽnẽ	-30.2891	"[[""(†)pẽnẽ"", -30.2891], [""ux(i)-"", -30.3571], [""=de"", -30.5191], [""Jaɲ"", -30.5191], [""=ti"", -30.5191], [""=mẽ"", -30.5191], [""=be"", -30.5191], [""=pe"", -30.5191], [""xa-"", -30.7105], [""is-"", -30.7105]]"
siipinamai	(†)pẽnẽ	-33.2542	"[[""(†)pẽnẽ"", -33.2542], [""ux(i)-"", -33.3318], [""la-(ti)"", -33.7632], [""ta-(di)"", -33.7632], [""ti-(ti)"", -33.7632], [""es-(di)"", -33.7632], [""xa-(ti)"", -33.7632], [""pu-(di)"", -33.7632], [""xa-(di)"", -33.7632], [""es-(ti)"", -33.7632]]"
sir	Jaɲ	-11.5351	"[[""Jaɲ"", -11.5351], [""=pe"", -11.5351], [""=mẽ"", -11.5351], [""=ti"", -11.5351], [""=be"", -11.5351], [""=de"", -11.5351], [""is-"", -12.1474], [""mu-"", -12.1474], [""xb-"", -12.1474], [""xa-"", -12.1474]]"
sira	=be	-14.5247	"[[""=be"", -14.5247], [""=ti"", -14.5247], [""=mẽ"", -14.5247], [""Jaɲ"", -14.5247], [""=de"", -14.5247], [""=pe"", -14.5247], [""ax-"", -14.9765], [""xb-"", -14.9765], [""mu-"", -14.9765], [""is-"", -14.9765]]"
siru	=be	-14.5247	"[[""=be"", -14.5247], [""=ti"", -14.5247], [""=mẽ"", -14.5247], [""Jaɲ"", -14.5247], [""=de"", -14.5247], [""=pe"", -14.5247], [""ax-"", -14.9765], [""xb-"", -14.9765], [""mu-"", -14.9765], [""is-"", -14.9765]]"
sirut	Masa	-14.1963	"[[""Masa"", -14.1963], [""=ewẽ"", -14.2087], [""Tele"", -14.2087], [""=be"", -14.3779], [""=mẽ"", -14.3779], [""=de"", -14.3779], [""=pe"", -14.3779], [""Iuba"", -14.5179], [""Mula"", -14.5179], [""Jaɲ"", -15.4014]]"
sirute	ai	-14.0252	"[[""ai"", -14.0252], [""γarãi"", -14.1934], [""Puwẽi"", -14.5284], [""ebei"", -15.8434], [""nei"", -15.9081], [""qbai"", -16.0386], [""trei"", -16.051], [""Piɡrẽi"", -16.5432], [""Mutlẽi"", -16.5466], [""ẽti"", -17.342]]"
sirutei	ai	-17.5324	"[[""ai"", -17.5324], [""γarãi"", -17.6994], [""Puwẽi"", -18.0355], [""ebei"", -19.3497], [""nei"", -19.4153], [""qbai"", -19.5457], [""trei"", -19.5581], [""Piɡrẽi"", -20.0432], [""Mutlẽi"", -20.0537], [""aite"", -20.284]]"
siruteid	γarãi	-20.9619	"[[""γarãi"", -20.9619], [""as"", -21.0378], [""es"", -21.0378], [""ai"", -21.0396], [""kʷãn"", -21.409], [""Puwẽi"", -21.5426], [""Masa"", -22.3352], [""Pertina"", -22.3663], [""ijãnis"", -22.8023], [""ebei"", -22.8556]]"
siruteidi	is-	-23.8919	"[[""is-"", -23.8919], [""γarãi"", -24.2676], [""as"", -24.545], [""es"", -24.545], [""ai"", -24.5468], [""kʷãn"", -24.9161], [""Puwẽi"", -25.0497], [""Pertina"", -25.1938], [""Masa"", -25.2253], [""ijas-"", -25.5168]]"
sis	Jaɲ	-11.5351	"[[""Jaɲ"", -11.5351], [""=pe"", -11.5351], [""=mẽ"", -11.5351], [""=ti"", -11.5351], [""=be"", -11.5351], [""=de"", -11.5351], [""is-"", -12.1474], [""mu-"", -12.1474], [""xb-"", -12.1474], [""xa-"", -12.1474]]"
sisi	=be	-14.5247	"[[""=be"", -14.5247], [""=ti"", -14.5247], [""=mẽ"", -14.5247], [""Jaɲ"", -14.5247], [""=de"", -14.5247], [""=pe"", -14.5247], [""ax-"", -14.9765], [""xb-"", -14.9765], [""mu-"", -14.9765], [""is-"", -14.9765]]"
sisir	=be	-17.6191	"[[""=be"", -17.6191], [""=ti"", -17.6191], [""=pe"", -17.6191], [""=de"", -17.6191], [""=mẽ"", -17.6191], [""Jaɲ"", -17.6191], [""si-"", -17.9765], [""ti-"", -17.9765], [""mu-"", -17.9765], [""ad-"", -17.9765]]"
tai	ax-	-8.3337	"[[""ax-"", -8.3337], [""ad-"", -8.3337], [""ada-"", -8.6847], [""eru-"", -8.7154], [""xa-"", -9.1389], [""ara"", -9.3539], [""asa"", -9.3539], [""ala"", -9.3539], [""aqa"", -9.3539], [""ada"", -9.3539]]"
taiΘ	ad-	-11.2714	"[[""ad-"", -11.2714], [""ax-"", -11.2714], [""ada-"", -11.5046], [""eru-"", -11.5307], [""xa-"", -12.2286], [""ada"", -12.5619], [""asa"", -12.5619], [""axa"", -12.5619], [""ara"", -12.5619], [""aqa"", -12.5619]]"
taiΘu	ad-	-14.3361	"[[""ad-"", -14.3361], [""ax-"", -14.3361], [""ada-"", -14.4999], [""eru-"", -14.5233], [""xa-"", -15.4346], [""eb(e)"", -15.8154], [""asa"", -15.8337], [""ada"", -15.8337], [""ara"", -15.8337], [""ala"", -15.8337]]"
taiΘuj	ax-	-17.4814	"[[""ax-"", -17.4814], [""ad-"", -17.4814], [""ada-"", -17.5978], [""eru-"", -17.6193], [""eb(e)"", -18.6878], [""xa-"", -18.7045], [""a(i)-(di)"", -18.7127], [""as-(ti)"", -18.7598], [""es-(ti)"", -18.7721], [""es-(di)"", -18.7721]]"
taiΘuja	ad-	-20.6825	"[[""ad-"", -20.6825], [""ax-"", -20.6825], [""ada-"", -20.7632], [""eru-"", -20.7833], [""a(i)-(di)"", -20.8747], [""as-(ti)"", -21.4317], [""es-(ti)"", -21.444], [""es-(di)"", -21.444], [""eb(e)"", -21.65], [""ẽne/i-"", -21.8345]]"
taiΘw	app	-12.3644	"[[""app"", -12.3644], [""epɲ"", -12.3766], [""alb"", -12.5745], [""ax-"", -13.4771], [""ad-"", -13.4771], [""Jaɲ"", -13.4896], [""ada-"", -13.525], [""axa"", -13.8758], [""ada"", -13.8758], [""aqa"", -13.8758]]"
taiΘwa	ad-	-13.3621	"[[""ad-"", -13.3621], [""ax-"", -13.3621], [""app"", -15.6934], [""epɲ"", -15.7056], [""ada-"", -15.95], [""alb"", -16.0743], [""eb(e)"", -16.0844], [""as-(ti)"", -16.2869], [""es-(ti)"", -16.2992], [""es-(di)"", -16.2992]]"
taiΘwae	ebi	-14.0321	"[[""ebi"", -14.0321], [""ẽti"", -14.0321], [""eti"", -14.0321], [""epi"", -14.0321], [""=ti"", -15.5083], [""ẽkepi"", -15.677], [""ax-"", -16.1901], [""ad-"", -16.1901], [""atsi"", -16.705], [""ebei"", -16.7117]]"
taiΘwaea	as-(ti)	-17.0803	"[[""as-(ti)"", -17.0803], [""es-(di)"", -17.0926], [""es-(ti)"", -17.0926], [""a(i)-(di)"", -17.3638], [""epi"", -17.5393], [""ebi"", -17.5393], [""ẽti"", -17.5393], [""eti"", -17.5393], [""app-(ti)"", -17.5508], [""asa-(ti)"", -17.5613]]"
taiΘwaead	as-(ti)	-19.9047	"[[""as-(ti)"", -19.9047], [""es-(ti)"", -19.917], [""es-(di)"", -19.917], [""a(i)-(di)"", -20.1858], [""app-(ti)"", -20.3731], [""asa-(ti)"", -20.3857], [""eri-(ti)"", -20.418], [""xa-(di)"", -20.7516], [""xa-(ti)"", -20.7516], [""da-(di)"", -20.7516]]"
taiΘwaeadi	ebuθis-	-22.0409	"[[""ebuθis-"", -22.0409], [""as-(ti)"", -23.0101], [""es-(di)"", -23.0224], [""es-(ti)"", -23.0224], [""a(i)-(di)"", -23.2831], [""axãt(i)-"", -23.2855], [""app-(ti)"", -23.4749], [""asa-(ti)"", -23.491], [""eri-(ti)"", -23.5228], [""ta-(di)"", -23.857]]"
taiΘwaj	ax-	-16.1901	"[[""ax-"", -16.1901], [""ad-"", -16.1901], [""eb(e)"", -18.2883], [""ada-"", -18.7349], [""as-(ti)"", -18.9956], [""es-(ti)"", -19.0078], [""es-(di)"", -19.0078], [""app"", -19.0495], [""epɲ"", -19.0618], [""ãxra-"", -19.1907]]"
taiΘwaja	ad-	-19.2968	"[[""ad-"", -19.2968], [""ax-"", -19.2968], [""eb(e)"", -20.9106], [""ada-"", -21.7071], [""as-(ti)"", -21.9219], [""es-(ti)"", -21.9342], [""es-(di)"", -21.9342], [""a(i)-(di)"", -22.0055], [""ãxra-"", -22.0157], [""ebi(je)-"", -22.0992]]"
taiΘwajaa	ad-	-22.519	"[[""ad-"", -22.519], [""ax-"", -22.519], [""eb(e)"", -23.7421], [""ada-"", -24.7909], [""ebi(je)-"", -24.811], [""a(i)-(di)"", -24.894], [""app-(ti)"", -24.9413], [""ẽmi(je)-"", -24.9546], [""as-(ti)"", -24.9681], [""es-(di)"", -24.9804]]"
taiΘwajaad	ax-	-25.8049	"[[""ax-"", -25.8049], [""ad-"", -25.8049], [""eb(e)"", -26.701], [""ãxra-"", -27.373], [""ebi(je)-"", -27.6569], [""axãt(i)-"", -27.7148], [""app-(ti)"", -27.756], [""a(i)-(di)"", -27.8185], [""ẽmi(je)-"", -27.8662], [""aðra"", -27.8699]]"
taiΘwajaaj	ad-	-25.8049	"[[""ad-"", -25.8049], [""ax-"", -25.8049], [""eb(e)"", -26.701], [""ebi(je)-"", -27.6569], [""axãt(i)-"", -27.7148], [""app-(ti)"", -27.756], [""a(i)-(di)"", -27.8185], [""ẽmi(je)-"", -27.8662], [""ada-"", -27.9482], [""as-(ti)"", -28.0894]]"
taiΘwajaj	ad-	-22.519	"[[""ad-"", -22.519], [""ax-"", -22.519], [""eb(e)"", -23.7421], [""ada-"", -24.7909], [""ebi(je)-"", -24.811], [""a(i)-(di)"", -24.894], [""app-(ti)"", -24.9413], [""ẽmi(je)-"", -24.9546], [""as-(ti)"", -24.9681], [""es-(di)"", -24.9804]]"
taiΘwajaja	ad-	-25.8049	"[[""ad-"", -25.8049], [""ax-"", -25.8049], [""eb(e)"", -26.701], [""ebi(je)-"", -27.6569], [""axãt(i)-"", -27.7148], [""app-(ti)"", -27.756], [""a(i)-(di)"", -27.8185], [""ẽmi(je)-"", -27.8662], [""ada-"", -27.9482], [""as-(ti)"", -28.0894]]"
taiΘwajas	ad-	-22.519	"[[""ad-"", -22.519], [""ax-"", -22.519], [""eb(e)"", -23.7421], [""ada-"", -24.7909], [""ebi(je)-"", -24.811], [""a(i)-(di)"", -24.894], [""app-(ti)"", -24.9413], [""ẽmi(je)-"", -24.9546], [""as-(ti)"", -24.9681], [""es-(di)"", -24.9804]]"
taiΘwajase	ẽti	-24.5509	"[[""ẽti"", -24.5509], [""eti"", -24.5509], [""epi"", -24.5509], [""ebi"", -24.5509], [""ẽkepi"", -25.7758], [""ax-"", -25.8049], [""ad-"", -25.8049], [""=ti"", -26.0242], [""awasi"", -26.3418], [""ebeli"", -26.352]]"
taiΘwajat	axa	-21.0322	"[[""axa"", -21.0322], [""ada"", -21.0322], [""aqa"", -21.0322], [""aðẽ"", -21.0446], [""epa"", -21.0446], [""ebe"", -21.0571], [""epe"", -21.0571], [""eke"", -21.0571], [""epi=ðe"", -21.9539], [""arm̃pa"", -22.0221]]"
taiΘwajatu	eb(e)	-22.1695	"[[""eb(e)"", -22.1695], [""ada-"", -23.8782], [""axa"", -24.5393], [""ada"", -24.5393], [""aqa"", -24.5393], [""aðẽ"", -24.5518], [""epa"", -24.5518], [""eke"", -24.5642], [""ebe"", -24.5642], [""epe"", -24.5642]]"
tan	ax-	-8.3337	"[[""ax-"", -8.3337], [""ad-"", -8.3337], [""ada-"", -8.6847], [""eru-"", -8.7154], [""xa-"", -9.1389], [""ara"", -9.3539], [""asa"", -9.3539], [""ala"", -9.3539], [""aqa"", -9.3539], [""ada"", -9.3539]]"
tana	ad-	-11.2714	"[[""ad-"", -11.2714], [""ax-"", -11.2714], [""ada-"", -11.5046], [""eru-"", -11.5307], [""xa-"", -12.2286], [""ada"", -12.5619], [""asa"", -12.5619], [""axa"", -12.5619], [""ara"", -12.5619], [""aqa"", -12.5619]]"
tanai	ad-	-14.3361	"[[""ad-"", -14.3361], [""ax-"", -14.3361], [""ada-"", -14.4999], [""eru-"", -14.5233], [""xa-"", -15.4346], [""eb(e)"", -15.8154], [""asa"", -15.8337], [""ada"", -15.8337], [""ara"", -15.8337], [""ala"", -15.8337]]"
tanaiΘ	ax-	-17.4814	"[[""ax-"", -17.4814], [""ad-"", -17.4814], [""ada-"", -17.5978], [""eru-"", -17.6193], [""eb(e)"", -18.6878], [""xa-"", -18.7045], [""a(i)-(di)"", -18.7127], [""as-(ti)"", -18.7598], [""es-(ti)"", -18.7721], [""es-(di)"", -18.7721]]"
tanaiΘt	aðra	-19.1422	"[[""aðra"", -19.1422], [""aite"", -19.1546], [""epre"", -19.167], [""esbe"", -19.167], [""ala"", -19.1811], [""ara"", -19.1811], [""axa"", -19.1811], [""ada"", -19.1811], [""aqa"", -19.1811], [""asa"", -19.1811]]"
tanaiΘti	eb(e)	-20.3513	"[[""eb(e)"", -20.3513], [""ada-"", -21.9373], [""ãxra-"", -21.9824], [""aðra"", -22.6475], [""aite"", -22.6599], [""epre"", -22.6723], [""esbe"", -22.6723], [""ada"", -22.6786], [""asa"", -22.6786], [""axa"", -22.6786]]"
tanaiΘtij	eb(e)	-23.177	"[[""eb(e)"", -23.177], [""ada-"", -24.8041], [""ãxra-"", -24.8124], [""ebi(je)-"", -25.5226], [""ẽmi(je)-"", -25.5226], [""adm̃ma-"", -25.605], [""arm̃ma-"", -25.605], [""ebi(je)"", -25.629], [""eri(je)"", -25.629], [""a(i)-(di)"", -25.8063]]"
tanaiΘtija	eb(e)	-26.2823	"[[""eb(e)"", -26.2823], [""ãxra-"", -27.9189], [""ada-"", -27.9211], [""ẽmi(je)-"", -28.0318], [""ebi(je)-"", -28.0318], [""ebe(ɲne)-"", -28.2852], [""a(i)-(di)"", -28.4708], [""arm̃ma-"", -28.7055], [""adm̃ma-"", -28.7055], [""ebi(je)"", -28.7295]]"
tanaiΘu	ad-	-20.6825	"[[""ad-"", -20.6825], [""ax-"", -20.6825], [""ada-"", -20.7632], [""eru-"", -20.7833], [""a(i)-(di)"", -20.8747], [""as-(ti)"", -21.4317], [""es-(ti)"", -21.444], [""es-(di)"", -21.444], [""eb(e)"", -21.65], [""ẽne/i-"", -21.8345]]"
tanaiΘut	aðra	-22.4813	"[[""aðra"", -22.4813], [""aite"", -22.4937], [""esbe"", -22.5061], [""epre"", -22.5061], [""ala"", -22.5356], [""axa"", -22.5356], [""asa"", -22.5356], [""aqa"", -22.5356], [""ara"", -22.5356], [""ada"", -22.5356]]"
tanaiΘuti	eb(e)	-23.5507	"[[""eb(e)"", -23.5507], [""ada-"", -25.2773], [""ãxra-"", -25.3172], [""a(i)-(di)"", -25.8063], [""arm̃ma-"", -25.8357], [""adm̃ma-"", -25.8357], [""ebi(je)"", -25.8595], [""eri(je)"", -25.8595], [""aðra"", -25.9867], [""aite"", -25.9991]]"
tanaiΘutin	eb(e)	-26.3773	"[[""eb(e)"", -26.3773], [""ãxra-"", -28.1494], [""ada-"", -28.1516], [""a(i)-(di)"", -28.4711], [""ebi(je)-"", -28.5689], [""ẽmi(je)-"", -28.5689], [""adm̃ma-"", -28.6769], [""arm̃ma-"", -28.6769], [""eri(je)"", -28.7009], [""ebi(je)"", -28.7009]]"
tei	ai	-3.5036	"[[""ai"", -3.5036], [""aite"", -6.2659], [""eni"", -6.907], [""ẽti"", -6.907], [""eli"", -6.907], [""epi"", -6.907], [""ebi"", -6.907], [""eti"", -6.907], [""eri"", -6.907], [""ebei"", -6.9565]]"
teid	as	-7.009	"[[""as"", -7.009], [""es"", -7.009], [""ai"", -7.0108], [""arus"", -9.0784], [""aite"", -9.3559], [""eni"", -9.7576], [""eri"", -9.7576], [""eru-"", -10.1868], [""is-"", -10.2797], [""eli"", -10.3853]]"
teida	is-	-9.8638	"[[""is-"", -9.8638], [""as"", -10.5162], [""es"", -10.5162], [""ai"", -10.518], [""arus"", -12.3611], [""eru-"", -12.5118], [""aite"", -12.5627], [""ebuθis-"", -12.5652], [""ijas-"", -12.6137], [""tis-"", -12.6339]]"
teidaj	is-	-12.6882	"[[""is-"", -12.6882], [""as"", -14.0234], [""es"", -14.0234], [""ai"", -14.0252], [""eru-"", -15.2677], [""ebuθis-"", -15.3895], [""ijas-"", -15.4371], [""tis-"", -15.4584], [""arus"", -15.6805], [""aite"", -15.8337]]"
teidaja	is-	-15.7938	"[[""is-"", -15.7938], [""as"", -17.5306], [""es"", -17.5306], [""ai"", -17.5324], [""eru-"", -18.2274], [""ebuθis-"", -18.4947], [""ijas-"", -18.541], [""tis-"", -18.5639], [""as-(ti)"", -18.5973], [""es-(ti)"", -18.598]]"
teidajaj	is-	-19.0154	"[[""is-"", -19.0154], [""as-(ti)"", -20.7349], [""es-(ti)"", -20.7352], [""es-(di)"", -20.7352], [""as"", -21.0378], [""es"", -21.0378], [""ai"", -21.0396], [""eru-"", -21.3045], [""ebuθis-"", -21.7159], [""ijas-"", -21.7607]]"
teidajaja	is-	-22.3009	"[[""is-"", -22.3009], [""as-(ti)"", -23.2226], [""es-(di)"", -23.2228], [""es-(ti)"", -23.2228], [""a(i)-(di)"", -24.4072], [""eru-"", -24.4576], [""as"", -24.545], [""es"", -24.545], [""ai"", -24.5468], [""eri-(ti)"", -24.7149]]"
teidi	is-	-9.8638	"[[""is-"", -9.8638], [""as"", -10.5162], [""es"", -10.5162], [""ai"", -10.518], [""arus"", -12.3611], [""eru-"", -12.5118], [""aite"", -12.5627], [""ebuθis-"", -12.5652], [""ijas-"", -12.6137], [""tis-"", -12.6339]]"
ter	ai	-3.5036	"[[""ai"", -3.5036], [""aite"", -6.2659], [""eni"", -6.907], [""ẽti"", -6.907], [""eli"", -6.907], [""epi"", -6.907], [""ebi"", -6.907], [""eti"", -6.907], [""eri"", -6.907], [""ebei"", -6.9565]]"
tere	ai	-6.3186	"[[""ai"", -6.3186], [""aite"", -8.8908], [""ebei"", -8.976], [""atsi"", -9.0786], [""epi"", -9.0807], [""ebi"", -9.0807], [""eri"", -9.0807], [""eni"", -9.0807], [""eti"", -9.0807], [""eli"", -9.0807]]"
terep	ai	-9.8262	"[[""ai"", -9.8262], [""ẽne/i-"", -11.3931], [""ete/i-"", -11.3931], [""xe/i-"", -11.9634], [""aite"", -12.0423], [""eri-(ti)"", -12.3559], [""ebei"", -12.4818], [""epri-(ti)"", -12.4998], [""eli"", -12.5806], [""ebi"", -12.5806]]"
tes	ai	-3.5036	"[[""ai"", -3.5036], [""aite"", -6.2659], [""eni"", -6.907], [""ẽti"", -6.907], [""eli"", -6.907], [""epi"", -6.907], [""ebi"", -6.907], [""eti"", -6.907], [""eri"", -6.907], [""ebei"", -6.9565]]"
tesi	ai	-7.0108	"[[""ai"", -7.0108], [""aite"", -9.3559], [""eti"", -10.3853], [""eri"", -10.3853], [""ebi"", -10.3853], [""eli"", -10.3853], [""ẽti"", -10.3853], [""epi"", -10.3853], [""eni"", -10.3853], [""ebei"", -10.4572]]"
tesir	ai	-10.518	"[[""ai"", -10.518], [""aite"", -12.5627], [""epi"", -13.8636], [""ebi"", -13.8636], [""ẽti"", -13.8636], [""eli"", -13.8636], [""eti"", -13.8636], [""eni"", -13.8636], [""eri"", -13.8636], [""ebei"", -13.9561]]"
tesira	ai	-14.0252	"[[""ai"", -14.0252], [""aite"", -15.8337], [""eri-(ti)"", -17.1144], [""ebi(je)-"", -17.1227], [""ẽmi(je)-"", -17.1227], [""ebi(je)"", -17.2065], [""eri(je)"", -17.2065], [""epri-(ti)"", -17.2291], [""exbi(je)-"", -17.2346], [""aðai(je)"", -17.2596]]"
tet	aite	-3.3994	"[[""aite"", -3.3994], [""ai"", -3.5027], [""aitata"", -5.8123], [""aitãta"", -5.8123], [""ala"", -6.2311], [""asa"", -6.2311], [""ara"", -6.2311], [""aqa"", -6.2311], [""ada"", -6.2311], [""axa"", -6.2311]]"
tete	ai	-5.914	"[[""ai"", -5.914], [""ebei"", -6.2267], [""Piɡrẽi"", -6.3334], [""aite"", -6.8042], [""γarãi"", -8.0264], [""eb(e)"", -8.4883], [""Puwẽi"", -8.7253], [""eli"", -8.8594], [""eti"", -8.8594], [""eri"", -8.8594]]"
teter	ai	-9.4215	"[[""ai"", -9.4215], [""ebei"", -9.7337], [""Piɡrẽi"", -9.8404], [""aite"", -10.2363], [""ete/i-"", -11.0904], [""ẽne/i-"", -11.0904], [""eb(e)"", -11.296], [""γarãi"", -11.5321], [""ada-"", -11.874], [""xe/i-"", -11.9371]]"
tetere	ai	-12.4191	"[[""ai"", -12.4191], [""ebei"", -12.5157], [""Piɡrẽi"", -12.6293], [""aite"", -13.5631], [""ete/i-"", -13.7005], [""ẽne/i-"", -13.7005], [""γarãi"", -14.055], [""ẽtre/i-"", -14.3495], [""esbe/i-"", -14.3495], [""epre/i-"", -14.3495]]"
teterep	ẽne/i-	-14.6312	"[[""ẽne/i-"", -14.6312], [""ete/i-"", -14.6312], [""ẽtre/i-"", -14.7517], [""esbe/i-"", -14.7517], [""epre/i-"", -14.7517], [""a(i)-(di)"", -15.9166], [""ai"", -15.9268], [""ebei"", -16.0233], [""Piɡrẽi"", -16.1365], [""eri-(ti)"", -16.4881]]"
tij	ax-	-8.3337	"[[""ax-"", -8.3337], [""ad-"", -8.3337], [""ada-"", -8.6847], [""eru-"", -8.7154], [""xa-"", -9.1389], [""ara"", -9.3539], [""asa"", -9.3539], [""ala"", -9.3539], [""aqa"", -9.3539], [""ada"", -9.3539]]"
tija	ad-	-11.2714	"[[""ad-"", -11.2714], [""ax-"", -11.2714], [""ada-"", -11.5046], [""eru-"", -11.5307], [""xa-"", -12.2286], [""ada"", -12.5619], [""asa"", -12.5619], [""axa"", -12.5619], [""ara"", -12.5619], [""aqa"", -12.5619]]"
tijas	ad-	-14.3361	"[[""ad-"", -14.3361], [""ax-"", -14.3361], [""ada-"", -14.4999], [""eru-"", -14.5233], [""xa-"", -15.4346], [""eb(e)"", -15.8154], [""asa"", -15.8337], [""ada"", -15.8337], [""ara"", -15.8337], [""ala"", -15.8337]]"
tijasa	ax-	-17.4814	"[[""ax-"", -17.4814], [""ad-"", -17.4814], [""ada-"", -17.5978], [""eru-"", -17.6193], [""eb(e)"", -18.6878], [""xa-"", -18.7045], [""a(i)-(di)"", -18.7127], [""as-(ti)"", -18.7598], [""es-(ti)"", -18.7721], [""es-(di)"", -18.7721]]"
tijasas	ad-	-20.6825	"[[""ad-"", -20.6825], [""ax-"", -20.6825], [""ada-"", -20.7632], [""eru-"", -20.7833], [""a(i)-(di)"", -20.8747], [""as-(ti)"", -21.4317], [""es-(ti)"", -21.444], [""es-(di)"", -21.444], [""eb(e)"", -21.65], [""ẽne/i-"", -21.8345]]"
tijasasa	a(i)-(di)	-23.2607	"[[""a(i)-(di)"", -23.2607], [""ad-"", -23.9244], [""ax-"", -23.9244], [""ada-"", -23.9766], [""eru-"", -23.9956], [""as-(ti)"", -24.2233], [""es-(di)"", -24.2356], [""es-(ti)"", -24.2356], [""asa-(ti)"", -24.5585], [""app-(ti)"", -24.5735]]"
tijasasar	a(i)-(di)	-25.8063	"[[""a(i)-(di)"", -25.8063], [""as-(ti)"", -27.1044], [""es-(ti)"", -27.1166], [""es-(di)"", -27.1166], [""ax-"", -27.1975], [""ad-"", -27.1975], [""ada-"", -27.2258], [""eru-"", -27.244], [""asa-(ti)"", -27.3854], [""app-(ti)"", -27.3988]]"
tin	ax-	-8.3337	"[[""ax-"", -8.3337], [""ad-"", -8.3337], [""ada-"", -8.6847], [""eru-"", -8.7154], [""xa-"", -9.1389], [""ara"", -9.3539], [""asa"", -9.3539], [""ala"", -9.3539], [""aqa"", -9.3539], [""ada"", -9.3539]]"
tinu	ad-	-11.2714	"[[""ad-"", -11.2714], [""ax-"", -11.2714], [""ada-"", -11.5046], [""eru-"", -11.5307], [""xa-"", -12.2286], [""ada"", -12.5619], [""asa"", -12.5619], [""axa"", -12.5619], [""ara"", -12.5619], [""aqa"", -12.5619]]"
tinui	ad-	-14.3361	"[[""ad-"", -14.3361], [""ax-"", -14.3361], [""ada-"", -14.4999], [""eru-"", -14.5233], [""xa-"", -15.4346], [""eb(e)"", -15.8154], [""asa"", -15.8337], [""ada"", -15.8337], [""ara"", -15.8337], [""ala"", -15.8337]]"
tinuin	ax-	-17.4814	"[[""ax-"", -17.4814], [""ad-"", -17.4814], [""ada-"", -17.5978], [""eru-"", -17.6193], [""eb(e)"", -18.6878], [""xa-"", -18.7045], [""a(i)-(di)"", -18.7127], [""as-(ti)"", -18.7598], [""es-(ti)"", -18.7721], [""es-(di)"", -18.7721]]"
tinuina	ad-	-20.6825	"[[""ad-"", -20.6825], [""ax-"", -20.6825], [""ada-"", -20.7632], [""eru-"", -20.7833], [""a(i)-(di)"", -20.8747], [""as-(ti)"", -21.4317], [""es-(ti)"", -21.444], [""es-(di)"", -21.444], [""eb(e)"", -21.65], [""ẽne/i-"", -21.8345]]"
tinuinai	a(i)-(di)	-23.2607	"[[""a(i)-(di)"", -23.2607], [""ad-"", -23.9244], [""ax-"", -23.9244], [""ada-"", -23.9766], [""eru-"", -23.9956], [""as-(ti)"", -24.2233], [""es-(di)"", -24.2356], [""es-(ti)"", -24.2356], [""asa-(ti)"", -24.5585], [""app-(ti)"", -24.5735]]"
tinuinaid	as	-24.5406	"[[""as"", -24.5406], [""es"", -24.553], [""arus"", -25.7348], [""a(i)-(di)"", -25.8063], [""eru-"", -26.8716], [""arm̃ma-"", -27.0803], [""adm̃ma-"", -27.0813], [""as-(ti)"", -27.1033], [""es-(di)"", -27.1155], [""es-(ti)"", -27.1155]]"
tinuinaida	as	-28.0478	"[[""as"", -28.0478], [""es"", -28.0602], [""a(i)-(di)"", -28.4712], [""arus"", -29.1423], [""arm̃ma-"", -29.4352], [""adm̃ma-"", -29.4442], [""eru-"", -29.6573], [""tem-/m̃m-"", -29.7708], [""as-(ti)"", -30.0253], [""es-(ti)"", -30.0375]]"
tinuj	ad-	-14.3361	"[[""ad-"", -14.3361], [""ax-"", -14.3361], [""ada-"", -14.4999], [""eru-"", -14.5233], [""xa-"", -15.4346], [""eb(e)"", -15.8154], [""asa"", -15.8337], [""ada"", -15.8337], [""ara"", -15.8337], [""ala"", -15.8337]]"
tinuja	ax-	-17.4814	"[[""ax-"", -17.4814], [""ad-"", -17.4814], [""ada-"", -17.5978], [""eru-"", -17.6193], [""eb(e)"", -18.6878], [""xa-"", -18.7045], [""a(i)-(di)"", -18.7127], [""as-(ti)"", -18.7598], [""es-(ti)"", -18.7721], [""es-(di)"", -18.7721]]"
tinujas	ad-	-20.6825	"[[""ad-"", -20.6825], [""ax-"", -20.6825], [""ada-"", -20.7632], [""eru-"", -20.7833], [""a(i)-(di)"", -20.8747], [""as-(ti)"", -21.4317], [""es-(ti)"", -21.444], [""es-(di)"", -21.444], [""eb(e)"", -21.65], [""ẽne/i-"", -21.8345]]"
tinujasa	a(i)-(di)	-23.2607	"[[""a(i)-(di)"", -23.2607], [""ad-"", -23.9244], [""ax-"", -23.9244], [""ada-"", -23.9766], [""eru-"", -23.9956], [""as-(ti)"", -24.2233], [""es-(di)"", -24.2356], [""es-(ti)"", -24.2356], [""asa-(ti)"", -24.5585], [""app-(ti)"", -24.5735]]"
tinujasas	a(i)-(di)	-25.8063	"[[""a(i)-(di)"", -25.8063], [""as-(ti)"", -27.1044], [""es-(ti)"", -27.1166], [""es-(di)"", -27.1166], [""ax-"", -27.1975], [""ad-"", -27.1975], [""ada-"", -27.2258], [""eru-"", -27.244], [""asa-(ti)"", -27.3854], [""app-(ti)"", -27.3988]]"
tinujasasa	a(i)-(di)	-28.4712	"[[""a(i)-(di)"", -28.4712], [""as-(ti)"", -30.0548], [""es-(ti)"", -30.067], [""es-(di)"", -30.067], [""asa-(ti)"", -30.2932], [""app-(ti)"", -30.3055], [""eri-(ti)"", -30.3179], [""ẽmi(je)-"", -30.3185], [""ebi(je)-"", -30.3185], [""ad-"", -30.4953]]"
tiΘ	ax-	-8.3337	"[[""ax-"", -8.3337], [""ad-"", -8.3337], [""ada-"", -8.6847], [""eru-"", -8.7154], [""xa-"", -9.1389], [""ara"", -9.3539], [""asa"", -9.3539], [""ala"", -9.3539], [""aqa"", -9.3539], [""ada"", -9.3539]]"
tiΘw	app	-9.0817	"[[""app"", -9.0817], [""epɲ"", -9.0939], [""alb"", -9.3524], [""ad-"", -10.1341], [""ax-"", -10.1341], [""Jaɲ"", -10.15], [""ada-"", -10.1816], [""axa"", -10.3987], [""ada"", -10.3987], [""aqa"", -10.3987]]"
tiΘwa	ad-	-9.8598	"[[""ad-"", -9.8598], [""ax-"", -9.8598], [""app"", -12.3704], [""epɲ"", -12.3827], [""ada-"", -12.5096], [""eb(e)"", -12.6126], [""alb"", -12.8498], [""ãxra-"", -13.2498], [""aqa"", -13.2567], [""ada"", -13.2567]]"
tiΘwaj	ad-	-12.6858	"[[""ad-"", -12.6858], [""ax-"", -12.6858], [""eb(e)"", -14.7957], [""ada-"", -15.2665], [""ãxra-"", -15.6964], [""app"", -15.6986], [""epɲ"", -15.7109], [""wex-"", -16.071], [""law-"", -16.1029], [""alb"", -16.3471]]"
tiΘwaja	ad-	-15.7918	"[[""ad-"", -15.7918], [""ax-"", -15.7918], [""eb(e)"", -17.4122], [""ada-"", -18.2265], [""ãxra-"", -18.5171], [""app"", -19.0541], [""epɲ"", -19.0664], [""wex-"", -19.1627], [""law-"", -19.2089], [""ebi(je)-"", -19.211]]"
toi	eru-	-6.2572	"[[""eru-"", -6.2572], [""amu"", -6.8955], [""ẽmu"", -6.9077], [""adru"", -6.9732], [""neu"", -6.9932], [""ax-"", -8.3337], [""ad-"", -8.3337], [""ada-"", -8.6847], [""Iuba"", -9.1274], [""Mula"", -9.1274]]"
toij	eru-	-9.0794	"[[""eru-"", -9.0794], [""amu"", -10.3741], [""ẽmu"", -10.3863], [""adru"", -10.4741], [""neu"", -10.5002], [""ax-"", -11.2714], [""ad-"", -11.2714], [""ada-"", -11.5046], [""mu-"", -11.9546], [""Mula"", -12.213]]"
toija	eru-	-12.1745	"[[""eru-"", -12.1745], [""amu"", -13.8528], [""ẽmu"", -13.865], [""adru"", -13.9732], [""neu"", -14.0072], [""ad-"", -14.3361], [""ax-"", -14.3361], [""ada-"", -14.4999], [""mu-"", -15.0545], [""Iuba"", -15.4159]]"
tos	eru-	-6.2572	"[[""eru-"", -6.2572], [""amu"", -6.8955], [""ẽmu"", -6.9077], [""adru"", -6.9732], [""neu"", -6.9932], [""ax-"", -8.3337], [""ad-"", -8.3337], [""ada-"", -8.6847], [""Iuba"", -9.1274], [""Mula"", -9.1274]]"
tosa	eru-	-9.0794	"[[""eru-"", -9.0794], [""amu"", -10.3741], [""ẽmu"", -10.3863], [""adru"", -10.4741], [""neu"", -10.5002], [""ax-"", -11.2714], [""ad-"", -11.2714], [""ada-"", -11.5046], [""mu-"", -11.9546], [""Mula"", -12.213]]"
tosar	eru-	-12.1745	"[[""eru-"", -12.1745], [""amu"", -13.8528], [""ẽmu"", -13.865], [""adru"", -13.9732], [""neu"", -14.0072], [""ad-"", -14.3361], [""ax-"", -14.3361], [""ada-"", -14.4999], [""mu-"", -15.0545], [""Iuba"", -15.4159]]"
tosare	ai	-14.0216	"[[""ai"", -14.0216], [""eru-"", -15.3835], [""Puwẽi"", -15.4088], [""atsi"", -15.8319], [""ebei"", -15.8385], [""eti"", -15.8721], [""ebi"", -15.8721], [""eri"", -15.8721], [""eni"", -15.8721], [""ẽti"", -15.8721]]"
tosarej	ete/i-	-17.3593	"[[""ete/i-"", -17.3593], [""ẽne/i-"", -17.3593], [""ai"", -17.5288], [""ure/i-"", -17.8523], [""a(i)-(di)"", -18.1957], [""xe/i-"", -18.2921], [""eru-"", -18.6555], [""as-(ti)"", -18.8132], [""es-(di)"", -18.8254], [""es-(ti)"", -18.8254]]"
tosareja	ẽne/i-	-20.1838	"[[""ẽne/i-"", -20.1838], [""ete/i-"", -20.1838], [""ux(i)-"", -20.4075], [""ure/i-"", -20.6759], [""a(i)-(di)"", -20.8992], [""ai"", -21.036], [""xe/i-"", -21.1179], [""as-(ti)"", -21.6337], [""es-(ti)"", -21.6459], [""es-(di)"", -21.6459]]"
tuj	ax-	-8.3337	"[[""ax-"", -8.3337], [""ad-"", -8.3337], [""ada-"", -8.6847], [""eru-"", -8.7154], [""xa-"", -9.1389], [""ara"", -9.3539], [""asa"", -9.3539], [""ala"", -9.3539], [""aqa"", -9.3539], [""ada"", -9.3539]]"
tuja	ad-	-11.2714	"[[""ad-"", -11.2714], [""ax-"", -11.2714], [""ada-"", -11.5046], [""eru-"", -11.5307], [""xa-"", -12.2286], [""ada"", -12.5619], [""asa"", -12.5619], [""axa"", -12.5619], [""ara"", -12.5619], [""aqa"", -12.5619]]"
tujas	ad-	-14.3361	"[[""ad-"", -14.3361], [""ax-"", -14.3361], [""ada-"", -14.4999], [""eru-"", -14.5233], [""xa-"", -15.4346], [""eb(e)"", -15.8154], [""asa"", -15.8337], [""ada"", -15.8337], [""ara"", -15.8337], [""ala"", -15.8337]]"
tum	ax-	-8.3337	"[[""ax-"", -8.3337], [""ad-"", -8.3337], [""ada-"", -8.6847], [""eru-"", -8.7154], [""xa-"", -9.1389], [""ara"", -9.3539], [""asa"", -9.3539], [""ala"", -9.3539], [""aqa"", -9.3539], [""ada"", -9.3539]]"
tume	ai	-7.009	"[[""ai"", -7.009], [""atsi"", -9.3573], [""ebei"", -9.3601], [""eni"", -9.3644], [""eti"", -9.3644], [""eri"", -9.3644], [""ebi"", -9.3644], [""ẽti"", -9.3644], [""epi"", -9.3644], [""eli"", -9.3644]]"
tumei	ai	-10.5162	"[[""ai"", -10.5162], [""ete/i-"", -11.5447], [""ẽne/i-"", -11.5447], [""xe/i-"", -12.0001], [""ebi"", -12.8617], [""eti"", -12.8617], [""eni"", -12.8617], [""eri"", -12.8617], [""epi"", -12.8617], [""eli"", -12.8617]]"
tumeij	ai	-14.0234	"[[""ai"", -14.0234], [""ete/i-"", -14.3672], [""ẽne/i-"", -14.3672], [""xe/i-"", -14.824], [""as-(ti)"", -16.3542], [""aite"", -16.3556], [""ẽti"", -16.3588], [""eni"", -16.3588], [""eli"", -16.3588], [""eti"", -16.3588]]"
tumeija	ẽne/i-	-17.4698	"[[""ẽne/i-"", -17.4698], [""ete/i-"", -17.4698], [""ai"", -17.5306], [""xe/i-"", -17.9287], [""a(i)-(di)"", -18.3148], [""axãt(i)-"", -19.0167], [""as-(ti)"", -19.4118], [""es-(di)"", -19.424], [""es-(ti)"", -19.424], [""aite"", -19.5653]]"
tumeijas	a(i)-(di)	-19.9228	"[[""a(i)-(di)"", -19.9228], [""ẽne/i-"", -20.6878], [""ete/i-"", -20.6878], [""ai"", -21.0378], [""xe/i-"", -21.1493], [""axãt(i)-"", -21.845], [""eri-(ti)"", -22.4875], [""as-(ti)"", -22.5646], [""es-(ti)"", -22.5767], [""es-(di)"", -22.5767]]"
tumeijasa	a(i)-(di)	-21.973	"[[""a(i)-(di)"", -21.973], [""ẽne/i-"", -23.9688], [""ete/i-"", -23.9688], [""xe/i-"", -24.4335], [""ai"", -24.545], [""axãt(i)-"", -24.8467], [""eri-(ti)"", -25.238], [""ebi(je)-"", -25.468], [""ẽmi(je)-"", -25.468], [""epri-(ti)"", -25.5532]]"
tumeijasas	a(i)-(di)	-24.3467	"[[""a(i)-(di)"", -24.3467], [""ẽne/i-"", -27.2893], [""ete/i-"", -27.2893], [""xe/i-"", -27.7581], [""axãt(i)-"", -27.9497], [""ai"", -28.0522], [""eri-(ti)"", -28.0605], [""ebi(je)-"", -28.1911], [""ẽmi(je)-"", -28.1911], [""epri-(ti)"", -28.2624]]"
tumeijasau	a(i)-(di)	-24.3467	"[[""a(i)-(di)"", -24.3467], [""ẽne/i-"", -27.2893], [""ete/i-"", -27.2893], [""xe/i-"", -27.7581], [""axãt(i)-"", -27.9497], [""ai"", -28.0522], [""eri-(ti)"", -28.0605], [""ebi(je)-"", -28.1911], [""ẽmi(je)-"", -28.1911], [""epri-(ti)"", -28.2624]]"
tur	ax-	-8.3337	"[[""ax-"", -8.3337], [""ad-"", -8.3337], [""ada-"", -8.6847], [""eru-"", -8.7154], [""xa-"", -9.1389], [""ara"", -9.3539], [""asa"", -9.3539], [""ala"", -9.3539], [""aqa"", -9.3539], [""ada"", -9.3539]]"
turu	ad-	-11.2714	"[[""ad-"", -11.2714], [""ax-"", -11.2714], [""ada-"", -11.5046], [""eru-"", -11.5307], [""xa-"", -12.2286], [""ada"", -12.5619], [""asa"", -12.5619], [""axa"", -12.5619], [""ara"", -12.5619], [""aqa"", -12.5619]]"
turus	ad-	-14.3361	"[[""ad-"", -14.3361], [""ax-"", -14.3361], [""ada-"", -14.4999], [""eru-"", -14.5233], [""xa-"", -15.4346], [""eb(e)"", -15.8154], [""asa"", -15.8337], [""ada"", -15.8337], [""ara"", -15.8337], [""ala"", -15.8337]]"
turusa	ax-	-17.4814	"[[""ax-"", -17.4814], [""ad-"", -17.4814], [""ada-"", -17.5978], [""eru-"", -17.6193], [""eb(e)"", -18.6878], [""xa-"", -18.7045], [""a(i)-(di)"", -18.7127], [""as-(ti)"", -18.7598], [""es-(ti)"", -18.7721], [""es-(di)"", -18.7721]]"
turusai	ad-	-20.6825	"[[""ad-"", -20.6825], [""ax-"", -20.6825], [""ada-"", -20.7632], [""eru-"", -20.7833], [""a(i)-(di)"", -20.8747], [""as-(ti)"", -21.4317], [""es-(ti)"", -21.444], [""es-(di)"", -21.444], [""eb(e)"", -21.65], [""ẽne/i-"", -21.8345]]"
turusaid	as	-21.0343	"[[""as"", -21.0343], [""es"", -21.0467], [""arus"", -22.3591], [""a(i)-(di)"", -23.2607], [""eru-"", -23.5354], [""ad-"", -23.9244], [""ax-"", -23.9244], [""arm̃ma-"", -23.9303], [""adm̃ma-"", -23.9318], [""ada-"", -23.9766]]"
turusaida	as	-24.5415	"[[""as"", -24.5415], [""es"", -24.5539], [""arus"", -25.7534], [""a(i)-(di)"", -25.8063], [""eru-"", -26.241], [""arm̃ma-"", -26.2416], [""adm̃ma-"", -26.2539], [""arm̃ma"", -26.8111], [""tem-/m̃m-"", -26.8626], [""as-(ti)"", -27.0534]]"
turusaidaa	as	-28.0487	"[[""as"", -28.0487], [""es"", -28.0611], [""a(i)-(di)"", -28.4712], [""arm̃ma-"", -28.9142], [""adm̃ma-"", -28.9428], [""eru-"", -29.1253], [""arus"", -29.1565], [""tem-/m̃m-"", -29.5091], [""arm̃ma"", -29.7673], [""xaxã(n)-"", -29.817]]"
uin	Jaɲ	-11.5351	"[[""Jaɲ"", -11.5351], [""=pe"", -11.5351], [""=mẽ"", -11.5351], [""=ti"", -11.5351], [""=be"", -11.5351], [""=de"", -11.5351], [""is-"", -12.1474], [""mu-"", -12.1474], [""xb-"", -12.1474], [""xa-"", -12.1474]]"
uina	=be	-14.5247	"[[""=be"", -14.5247], [""=ti"", -14.5247], [""=mẽ"", -14.5247], [""Jaɲ"", -14.5247], [""=de"", -14.5247], [""=pe"", -14.5247], [""ax-"", -14.9765], [""xb-"", -14.9765], [""mu-"", -14.9765], [""is-"", -14.9765]]"
uinai	=be	-17.6191	"[[""=be"", -17.6191], [""=ti"", -17.6191], [""=pe"", -17.6191], [""=de"", -17.6191], [""=mẽ"", -17.6191], [""Jaɲ"", -17.6191], [""si-"", -17.9765], [""ti-"", -17.9765], [""mu-"", -17.9765], [""ad-"", -17.9765]]"
uinaid	=mẽ	-18.673	"[[""=mẽ"", -18.673], [""nur"", -19.146], [""mar"", -19.146], [""as"", -19.2234], [""es"", -19.2234], [""(†)pẽnẽ"", -19.6634], [""Arɲnas"", -19.7396], [""kʷãn"", -19.8959], [""si-"", -20.3547], [""mu-"", -20.3547]]"
uinaida	=mẽ	-21.5286	"[[""=mẽ"", -21.5286], [""mɲn-"", -21.9814], [""is-"", -22.0032], [""tis-"", -22.1551], [""ter-"", -22.1551], [""(†)pẽnẽ"", -22.4659], [""mar"", -22.5055], [""nur"", -22.5055], [""as"", -22.7256], [""es"", -22.7256]]"
uinaidaj	=mẽ	-24.6428	"[[""=mẽ"", -24.6428], [""mɲn-"", -24.7353], [""nun͂-"", -24.7536], [""is-"", -24.8611], [""ter-"", -24.9843], [""tis-"", -24.9843], [""(†)pẽnẽ"", -25.5292], [""mu-"", -25.7065], [""si-"", -25.7065], [""m̃ma"", -25.822]]"
uinaidaja	nun͂-	-27.1803	"[[""nun͂-"", -27.1803], [""mɲn-"", -27.7701], [""=mẽ"", -27.8673], [""is-"", -27.9765], [""tis-"", -28.0908], [""ter-"", -28.0908], [""(†)pẽnẽ"", -28.6926], [""si-"", -28.6941], [""mu-"", -28.6941], [""xθθã(n)-"", -28.749]]"
uinaidajas	nun͂-	-29.9676	"[[""nun͂-"", -29.9676], [""mɲn-"", -30.9236], [""=mẽ"", -31.1533], [""is-"", -31.2019], [""ter-"", -31.3123], [""tis-"", -31.3123], [""xθθã(n)-"", -31.5791], [""pddẽ(n)-"", -31.5791], [""xaxã(n)-"", -31.5791], [""Isɲta-"", -31.7199]]"
uja	Jaɲ	-11.5351	"[[""Jaɲ"", -11.5351], [""=pe"", -11.5351], [""=mẽ"", -11.5351], [""=ti"", -11.5351], [""=be"", -11.5351], [""=de"", -11.5351], [""is-"", -12.1474], [""mu-"", -12.1474], [""xb-"", -12.1474], [""xa-"", -12.1474]]"
ujas	=be	-14.5247	"[[""=be"", -14.5247], [""=ti"", -14.5247], [""=mẽ"", -14.5247], [""Jaɲ"", -14.5247], [""=de"", -14.5247], [""=pe"", -14.5247], [""ax-"", -14.9765], [""xb-"", -14.9765], [""mu-"", -14.9765], [""is-"", -14.9765]]"
ujasa	=be	-17.6191	"[[""=be"", -17.6191], [""=ti"", -17.6191], [""=pe"", -17.6191], [""=de"", -17.6191], [""=mẽ"", -17.6191], [""Jaɲ"", -17.6191], [""si-"", -17.9765], [""ti-"", -17.9765], [""mu-"", -17.9765], [""ad-"", -17.9765]]"
ujasas	=be	-20.7824	"[[""=be"", -20.7824], [""=mẽ"", -20.7824], [""=de"", -20.7824], [""Jaɲ"", -20.7824], [""=ti"", -20.7824], [""=pe"", -20.7824], [""xb-"", -21.0773], [""ad-"", -21.0773], [""xa-"", -21.0773], [""ti-"", -21.0773]]"
ujasasa	=pe	-23.9944	"[[""=pe"", -23.9944], [""=be"", -23.9944], [""=ti"", -23.9944], [""=mẽ"", -23.9944], [""Jaɲ"", -23.9944], [""=de"", -23.9944], [""ad-"", -24.2448], [""ti-"", -24.2448], [""is-"", -24.2448], [""mu-"", -24.2448]]"
ujasasar	Jaɲ	-27.2426	"[[""Jaɲ"", -27.2426], [""=de"", -27.2426], [""=pe"", -27.2426], [""=ti"", -27.2426], [""=mẽ"", -27.2426], [""=be"", -27.2426], [""(†)pẽnẽ"", -27.3885], [""ux(i)-"", -27.4466], [""ax-"", -27.4599], [""ad-"", -27.4599]]"
ujasasara	(†)pẽnẽ	-30.2891	"[[""(†)pẽnẽ"", -30.2891], [""ux(i)-"", -30.3571], [""=mẽ"", -30.5191], [""=de"", -30.5191], [""Jaɲ"", -30.5191], [""=pe"", -30.5191], [""=be"", -30.5191], [""=ti"", -30.5191], [""ti-"", -30.7105], [""xi-"", -30.7105]]"
ujasasaram	(†)pẽnẽ	-33.2542	"[[""(†)pẽnẽ"", -33.2542], [""ux(i)-"", -33.3318], [""kb-/tu-"", -33.7632], [""as-(ti)"", -33.7632], [""ma-(ti)"", -33.7632], [""ta-(di)"", -33.7632], [""es-(ti)"", -33.7632], [""es-(di)"", -33.7632], [""da-(di)"", -33.7632], [""la-(ti)"", -33.7632]]"
uka	Jaɲ	-11.5351	"[[""Jaɲ"", -11.5351], [""=pe"", -11.5351], [""=mẽ"", -11.5351], [""=ti"", -11.5351], [""=be"", -11.5351], [""=de"", -11.5351], [""is-"", -12.1474], [""mu-"", -12.1474], [""xb-"", -12.1474], [""xa-"", -12.1474]]"
ukan	=be	-14.5247	"[[""=be"", -14.5247], [""=ti"", -14.5247], [""=mẽ"", -14.5247], [""Jaɲ"", -14.5247], [""=de"", -14.5247], [""=pe"", -14.5247], [""ax-"", -14.9765], [""xb-"", -14.9765], [""mu-"", -14.9765], [""is-"", -14.9765]]"
ukana	=be	-17.6191	"[[""=be"", -17.6191], [""=ti"", -17.6191], [""=pe"", -17.6191], [""=de"", -17.6191], [""=mẽ"", -17.6191], [""Jaɲ"", -17.6191], [""si-"", -17.9765], [""ti-"", -17.9765], [""mu-"", -17.9765], [""ad-"", -17.9765]]"
ukanas	=be	-20.7824	"[[""=be"", -20.7824], [""=mẽ"", -20.7824], [""=de"", -20.7824], [""Jaɲ"", -20.7824], [""=ti"", -20.7824], [""=pe"", -20.7824], [""xb-"", -21.0773], [""ad-"", -21.0773], [""xa-"", -21.0773], [""ti-"", -21.0773]]"
ume	=ti	-8.4315	"[[""=ti"", -8.4315], [""si"", -9.3933], [""ai"", -9.3933], [""ni"", -9.3933], [""ti"", -9.3933], [""ẽti"", -9.733], [""epi"", -9.733], [""ebi"", -9.733], [""eli"", -9.733], [""eni"", -9.733]]"
umei	=ti	-11.9096	"[[""=ti"", -11.9096], [""ti-"", -12.2188], [""xi-"", -12.2188], [""si-"", -12.2188], [""xe/i-"", -12.5249], [""is-"", -12.5661], [""tsi-"", -12.5904], [""ti"", -12.8904], [""ni"", -12.8904], [""ai"", -12.8904]]"
umeij	xi-	-15.052	"[[""xi-"", -15.052], [""si-"", -15.052], [""ti-"", -15.052], [""is-"", -15.3009], [""ux(i)-"", -15.3255], [""xe/i-"", -15.3448], [""=ti"", -15.3809], [""tsi-"", -15.4141], [""iwe-"", -15.6903], [""ije"", -16.3651]]"
umeija	ux(i)-	-17.7801	"[[""ux(i)-"", -17.7801], [""ti-"", -18.157], [""si-"", -18.157], [""xi-"", -18.157], [""is-"", -18.2515], [""xe/i-"", -18.444], [""iwe-"", -18.5129], [""tsi-"", -18.5181], [""=ti"", -18.8461], [""ite"", -19.5735]]"
umeijas	ux(i)-	-20.6075	"[[""ux(i)-"", -20.6075], [""is-"", -21.3236], [""xi-"", -21.3758], [""si-"", -21.3758], [""ti-"", -21.3758], [""iwe-"", -21.5095], [""xe/i-"", -21.6575], [""tsi-"", -21.7377], [""s(ije)-"", -22.3035], [""=ti"", -22.3057]]"
umeijasa	ux(i)-	-23.6084	"[[""ux(i)-"", -23.6084], [""is-"", -24.4737], [""iwe-"", -24.6081], [""xi-"", -24.6574], [""ti-"", -24.6574], [""si-"", -24.6574], [""a(i)-(di)"", -24.7801], [""xe/i-"", -24.9328], [""tsi-"", -25.0208], [""s(ije)-"", -25.1275]]"
umeijasas	ux(i)-	-26.7106	"[[""ux(i)-"", -26.7106], [""a(i)-(di)"", -27.149], [""is-"", -27.6781], [""ite(/i)-"", -27.7329], [""iwe-"", -27.774], [""xi-"", -27.979], [""ti-"", -27.979], [""si-"", -27.979], [""s(ije)-"", -28.0777], [""ti-(ti)"", -28.2347]]"
umeijasasa	a(i)-(di)	-29.7309	"[[""a(i)-(di)"", -29.7309], [""ux(i)-"", -29.8793], [""ite(/i)-"", -30.4013], [""is-"", -30.9225], [""iwe-"", -30.9877], [""ti-(ti)"", -31.0853], [""s(ije)-"", -31.1136], [""si-"", -31.3282], [""ti-"", -31.3282], [""xi-"", -31.3282]]"
umeijasau	ux(i)-	-26.7106	"[[""ux(i)-"", -26.7106], [""a(i)-(di)"", -27.149], [""is-"", -27.6781], [""ite(/i)-"", -27.7329], [""iwe-"", -27.774], [""xi-"", -27.979], [""ti-"", -27.979], [""si-"", -27.979], [""s(ije)-"", -28.0777], [""ti-(ti)"", -28.2347]]"
umeijasaun	a(i)-(di)	-29.7309	"[[""a(i)-(di)"", -29.7309], [""ux(i)-"", -29.8793], [""ite(/i)-"", -30.4013], [""is-"", -30.9225], [""iwe-"", -30.9877], [""ti-(ti)"", -31.0853], [""s(ije)-"", -31.1136], [""si-"", -31.3282], [""ti-"", -31.3282], [""xi-"", -31.3282]]"
una	Jaɲ	-11.5351	"[[""Jaɲ"", -11.5351], [""=pe"", -11.5351], [""=mẽ"", -11.5351], [""=ti"", -11.5351], [""=be"", -11.5351], [""=de"", -11.5351], [""is-"", -12.1474], [""mu-"", -12.1474], [""xb-"", -12.1474], [""xa-"", -12.1474]]"
unak	=be	-14.5247	"[[""=be"", -14.5247], [""=ti"", -14.5247], [""=mẽ"", -14.5247], [""Jaɲ"", -14.5247], [""=de"", -14.5247], [""=pe"", -14.5247], [""ax-"", -14.9765], [""xb-"", -14.9765], [""mu-"", -14.9765], [""is-"", -14.9765]]"
unaka	=be	-17.6191	"[[""=be"", -17.6191], [""=ti"", -17.6191], [""=pe"", -17.6191], [""=de"", -17.6191], [""=mẽ"", -17.6191], [""Jaɲ"", -17.6191], [""si-"", -17.9765], [""ti-"", -17.9765], [""mu-"", -17.9765], [""ad-"", -17.9765]]"
unakan	=be	-20.7824	"[[""=be"", -20.7824], [""=mẽ"", -20.7824], [""=de"", -20.7824], [""Jaɲ"", -20.7824], [""=ti"", -20.7824], [""=pe"", -20.7824], [""xb-"", -21.0773], [""ad-"", -21.0773], [""xa-"", -21.0773], [""ti-"", -21.0773]]"
unakana	=pe	-23.9944	"[[""=pe"", -23.9944], [""=be"", -23.9944], [""=ti"", -23.9944], [""=mẽ"", -23.9944], [""Jaɲ"", -23.9944], [""=de"", -23.9944], [""ad-"", -24.2448], [""ti-"", -24.2448], [""is-"", -24.2448], [""mu-"", -24.2448]]"
unakanas	Jaɲ	-27.2426	"[[""Jaɲ"", -27.2426], [""=de"", -27.2426], [""=pe"", -27.2426], [""=ti"", -27.2426], [""=mẽ"", -27.2426], [""=be"", -27.2426], [""(†)pẽnẽ"", -27.3885], [""ux(i)-"", -27.4466], [""ax-"", -27.4599], [""ad-"", -27.4599]]"
unakanasi	(†)pẽnẽ	-30.2891	"[[""(†)pẽnẽ"", -30.2891], [""ux(i)-"", -30.3571], [""=mẽ"", -30.5191], [""=de"", -30.5191], [""Jaɲ"", -30.5191], [""=pe"", -30.5191], [""=be"", -30.5191], [""=ti"", -30.5191], [""ti-"", -30.7105], [""xi-"", -30.7105]]"
unar	=be	-14.5247	"[[""=be"", -14.5247], [""=ti"", -14.5247], [""=mẽ"", -14.5247], [""Jaɲ"", -14.5247], [""=de"", -14.5247], [""=pe"", -14.5247], [""ax-"", -14.9765], [""xb-"", -14.9765], [""mu-"", -14.9765], [""is-"", -14.9765]]"
unaru	=be	-17.6191	"[[""=be"", -17.6191], [""=ti"", -17.6191], [""=pe"", -17.6191], [""=de"", -17.6191], [""=mẽ"", -17.6191], [""Jaɲ"", -17.6191], [""si-"", -17.9765], [""ti-"", -17.9765], [""mu-"", -17.9765], [""ad-"", -17.9765]]"
unaruk	=be	-20.7824	"[[""=be"", -20.7824], [""=mẽ"", -20.7824], [""=de"", -20.7824], [""Jaɲ"", -20.7824], [""=ti"", -20.7824], [""=pe"", -20.7824], [""xb-"", -21.0773], [""ad-"", -21.0773], [""xa-"", -21.0773], [""ti-"", -21.0773]]"
unaruka	=pe	-23.9944	"[[""=pe"", -23.9944], [""=be"", -23.9944], [""=ti"", -23.9944], [""=mẽ"", -23.9944], [""Jaɲ"", -23.9944], [""=de"", -23.9944], [""ad-"", -24.2448], [""ti-"", -24.2448], [""is-"", -24.2448], [""mu-"", -24.2448]]"
unarukan	Jaɲ	-27.2426	"[[""Jaɲ"", -27.2426], [""=de"", -27.2426], [""=pe"", -27.2426], [""=ti"", -27.2426], [""=mẽ"", -27.2426], [""=be"", -27.2426], [""(†)pẽnẽ"", -27.3885], [""ux(i)-"", -27.4466], [""ax-"", -27.4599], [""ad-"", -27.4599]]"
unarukana	(†)pẽnẽ	-30.2891	"[[""(†)pẽnẽ"", -30.2891], [""ux(i)-"", -30.3571], [""=mẽ"", -30.5191], [""=de"", -30.5191], [""Jaɲ"", -30.5191], [""=pe"", -30.5191], [""=be"", -30.5191], [""=ti"", -30.5191], [""ti-"", -30.7105], [""xi-"", -30.7105]]"
unarukanas	(†)pẽnẽ	-33.2542	"[[""(†)pẽnẽ"", -33.2542], [""ux(i)-"", -33.3318], [""kb-/tu-"", -33.7632], [""as-(ti)"", -33.7632], [""ma-(ti)"", -33.7632], [""ta-(di)"", -33.7632], [""es-(ti)"", -33.7632], [""es-(di)"", -33.7632], [""da-(di)"", -33.7632], [""la-(ti)"", -33.7632]]"
uru	Jaɲ	-11.5351	"[[""Jaɲ"", -11.5351], [""=pe"", -11.5351], [""=mẽ"", -11.5351], [""=ti"", -11.5351], [""=be"", -11.5351], [""=de"", -11.5351], [""is-"", -12.1474], [""mu-"", -12.1474], [""xb-"", -12.1474], [""xa-"", -12.1474]]"
urus	=be	-14.5247	"[[""=be"", -14.5247], [""=ti"", -14.5247], [""=mẽ"", -14.5247], [""Jaɲ"", -14.5247], [""=de"", -14.5247], [""=pe"", -14.5247], [""ax-"", -14.9765], [""xb-"", -14.9765], [""mu-"", -14.9765], [""is-"", -14.9765]]"
urusa	=be	-17.6191	"[[""=be"", -17.6191], [""=ti"", -17.6191], [""=pe"", -17.6191], [""=de"", -17.6191], [""=mẽ"", -17.6191], [""Jaɲ"", -17.6191], [""si-"", -17.9765], [""ti-"", -17.9765], [""mu-"", -17.9765], [""ad-"", -17.9765]]"
urusai	=be	-20.7824	"[[""=be"", -20.7824], [""=mẽ"", -20.7824], [""=de"", -20.7824], [""Jaɲ"", -20.7824], [""=ti"", -20.7824], [""=pe"", -20.7824], [""xb-"", -21.0773], [""ad-"", -21.0773], [""xa-"", -21.0773], [""ti-"", -21.0773]]"
urusaid	=mẽ	-21.9848	"[[""=mẽ"", -21.9848], [""(†)pẽnẽ"", -22.3492], [""nur"", -22.4864], [""mar"", -22.4864], [""es"", -22.577], [""as"", -22.577], [""Arɲnas"", -22.8174], [""kʷãn"", -22.9865], [""mu-"", -23.683], [""si-"", -23.683]]"
urusaida	=mẽ	-24.848	"[[""=mẽ"", -24.848], [""(†)pẽnẽ"", -25.1645], [""mɲn-"", -25.3194], [""is-"", -25.3415], [""ter-"", -25.4637], [""tis-"", -25.4637], [""nur"", -25.8672], [""mar"", -25.8672], [""Arɲnas"", -26.0018], [""es"", -26.0799]]"
urusaidaa	=mẽ	-27.9653	"[[""=mẽ"", -27.9653], [""nun͂-"", -28.0814], [""mɲn-"", -28.0864], [""is-"", -28.207], [""(†)pẽnẽ"", -28.2432], [""ter-"", -28.2951], [""tis-"", -28.2951], [""tem-/m̃m-"", -28.953], [""si-"", -29.165], [""mu-"", -29.165]]"
urusaidaau	nun͂-	-30.5238	"[[""nun͂-"", -30.5238], [""mɲn-"", -31.1319], [""=mẽ"", -31.1917], [""is-"", -31.3254], [""tis-"", -31.4024], [""ter-"", -31.4024], [""(†)pẽnẽ"", -31.4267], [""xθθã(n)-"", -31.6885], [""xaxã(n)-"", -31.6885], [""pddẽ(n)-"", -31.6885]]"
usa	Jaɲ	-11.5351	"[[""Jaɲ"", -11.5351], [""=pe"", -11.5351], [""=mẽ"", -11.5351], [""=ti"", -11.5351], [""=be"", -11.5351], [""=de"", -11.5351], [""is-"", -12.1474], [""mu-"", -12.1474], [""xb-"", -12.1474], [""xa-"", -12.1474]]"
usai	=be	-14.5247	"[[""=be"", -14.5247], [""=ti"", -14.5247], [""=mẽ"", -14.5247], [""Jaɲ"", -14.5247], [""=de"", -14.5247], [""=pe"", -14.5247], [""ax-"", -14.9765], [""xb-"", -14.9765], [""mu-"", -14.9765], [""is-"", -14.9765]]"
usaid	=mẽ	-15.4014	"[[""=mẽ"", -15.4014], [""nur"", -15.8337], [""mar"", -15.8337], [""as"", -15.898], [""es"", -15.898], [""Arɲnas"", -16.731], [""kʷãn"", -16.8777], [""si-"", -17.0238], [""mu-"", -17.0238], [""(†)pẽnẽ"", -17.1933]]"
usaida	=mẽ	-18.2489	"[[""=mẽ"", -18.2489], [""mɲn-"", -18.6706], [""is-"", -18.6931], [""ter-"", -18.8864], [""tis-"", -18.8864], [""nur"", -19.164], [""mar"", -19.164], [""as"", -19.3992], [""es"", -19.3992], [""si-"", -19.4562]]"
usaidaa	=mẽ	-21.3598	"[[""=mẽ"", -21.3598], [""mɲn-"", -21.4073], [""nun͂-"", -21.4499], [""is-"", -21.5432], [""ter-"", -21.7137], [""tis-"", -21.7137], [""mu-"", -22.2433], [""si-"", -22.2433], [""m̃ma"", -22.428], [""m̃mẽ"", -22.428]]"
usaidaau	nun͂-	-23.86	"[[""nun͂-"", -23.86], [""mɲn-"", -24.428], [""=mẽ"", -24.5822], [""is-"", -24.6554], [""tis-"", -24.8194], [""ter-"", -24.8194], [""mu-"", -25.2166], [""si-"", -25.2166], [""m̃mẽ"", -25.336], [""m̃ma"", -25.336]]"
ute	ai	-3.5036	"[[""ai"", -3.5036], [""γarãi"", -5.6281], [""ebei"", -6.2701], [""nei"", -6.3011], [""Puwẽi"", -6.3232], [""eri"", -6.907], [""eni"", -6.907], [""ẽti"", -6.907], [""epi"", -6.907], [""eli"", -6.907]]"
utei	ai	-7.0108	"[[""ai"", -7.0108], [""γarãi"", -9.133], [""aite"", -9.7718], [""ebei"", -9.7749], [""nei"", -9.8083], [""Puwẽi"", -9.8301], [""eli"", -10.386], [""eti"", -10.386], [""eni"", -10.386], [""eri"", -10.386]]"
uteid	as	-10.5162	"[[""as"", -10.5162], [""es"", -10.5162], [""ai"", -10.518], [""γarãi"", -12.2357], [""arus"", -12.5842], [""aite"", -12.8622], [""kʷãn"", -12.9295], [""Masa"", -13.2233], [""Pertina"", -13.2254], [""eri"", -13.2501]]"
uteidi	is-	-13.3709	"[[""is-"", -13.3709], [""as"", -14.0234], [""es"", -14.0234], [""ai"", -14.0252], [""γarãi"", -15.4484], [""ijas-"", -15.7158], [""tis-"", -15.7413], [""arus"", -15.8673], [""eru-"", -16.0187], [""ebuθis-"", -16.0411]]"
uti	Masa	-8.725	"[[""Masa"", -8.725], [""Tele"", -8.7374], [""=ewẽ"", -8.7374], [""ada-"", -9.0879], [""Jaɲ"", -9.0909], [""ax-"", -9.1032], [""ad-"", -9.1032], [""xa-"", -9.1314], [""=pe"", -9.339], [""=mẽ"", -9.339]]"
utin	ada-	-11.6953	"[[""ada-"", -11.6953], [""ad-"", -11.8206], [""ax-"", -11.8206], [""Masa"", -11.9319], [""=ewẽ"", -11.9442], [""Tele"", -11.9442], [""xa-"", -11.9546], [""Jaɲ"", -12.1832], [""eru-"", -12.2185], [""aqa"", -12.5757]]"
utinu	ada-	-14.6175	"[[""ada-"", -14.6175], [""ax-"", -14.7634], [""ad-"", -14.7634], [""eru-"", -15.0349], [""xa-"", -15.0545], [""Masa"", -15.2014], [""=ewẽ"", -15.2137], [""Tele"", -15.2137], [""Jaɲ"", -15.3908], [""tsa-"", -15.7003]]"
utinui	ada-	-17.6811	"[[""ada-"", -17.6811], [""ax-"", -17.8311], [""ad-"", -17.8311], [""eru-"", -18.0281], [""xa-"", -18.2693], [""Masa"", -18.5107], [""Tele"", -18.523], [""=ewẽ"", -18.523], [""Jaɲ"", -18.662], [""tsa-"", -18.918]]"
utinuin	ada-	-20.8278	"[[""ada-"", -20.8278], [""ad-"", -20.9785], [""ax-"", -20.9785], [""eru-"", -21.1244], [""xa-"", -21.5476], [""Masa"", -21.8475], [""Tele"", -21.8597], [""=ewẽ"", -21.8597], [""Jaɲ"", -21.9734], [""ẽne/i-"", -22.0249]]"
utinuina	ada-	-24.0297	"[[""ada-"", -24.0297], [""ad-"", -24.181], [""ax-"", -24.181], [""eru-"", -24.2887], [""a(i)-(di)"", -24.3748], [""ite(/i)-"", -24.7894], [""kʷa-(ti)"", -24.8448], [""xa-"", -24.866], [""asa-(ti)"", -24.8826], [""as-(ti)"", -24.9152]]"
utinuinai	a(i)-(di)	-26.7627	"[[""a(i)-(di)"", -26.7627], [""ada-"", -27.2716], [""ad-"", -27.424], [""ax-"", -27.424], [""eru-"", -27.5011], [""ite(/i)-"", -27.5091], [""asa-(ti)"", -27.6418], [""kʷa-(ti)"", -27.6734], [""as-(ti)"", -27.71], [""es-(ti)"", -27.722]]"
utinuinaid	as	-28.0478	"[[""as"", -28.0478], [""es"", -28.0602], [""arus"", -29.241], [""a(i)-(di)"", -29.3094], [""ite(/i)-"", -30.3391], [""kʷãn"", -30.3636], [""eru-"", -30.3778], [""asa-(ti)"", -30.5024], [""ada-"", -30.5435], [""arm̃ma-"", -30.5848]]"
utinuj	ada-	-17.6811	"[[""ada-"", -17.6811], [""ax-"", -17.8311], [""ad-"", -17.8311], [""eru-"", -18.0281], [""xa-"", -18.2693], [""Masa"", -18.5107], [""Tele"", -18.523], [""=ewẽ"", -18.523], [""Jaɲ"", -18.662], [""tsa-"", -18.918]]"
utinuja	ada-	-20.8278	"[[""ada-"", -20.8278], [""ad-"", -20.9785], [""ax-"", -20.9785], [""eru-"", -21.1244], [""xa-"", -21.5476], [""Masa"", -21.8475], [""Tele"", -21.8597], [""=ewẽ"", -21.8597], [""Jaɲ"", -21.9734], [""ẽne/i-"", -22.0249]]"
utinujas	ada-	-24.0297	"[[""ada-"", -24.0297], [""ad-"", -24.181], [""ax-"", -24.181], [""eru-"", -24.2887], [""a(i)-(di)"", -24.3748], [""ite(/i)-"", -24.7894], [""kʷa-(ti)"", -24.8448], [""xa-"", -24.866], [""asa-(ti)"", -24.8826], [""as-(ti)"", -24.9152]]"
utinujasa	a(i)-(di)	-26.7627	"[[""a(i)-(di)"", -26.7627], [""ada-"", -27.2716], [""ad-"", -27.424], [""ax-"", -27.424], [""eru-"", -27.5011], [""ite(/i)-"", -27.5091], [""asa-(ti)"", -27.6418], [""kʷa-(ti)"", -27.6734], [""as-(ti)"", -27.71], [""es-(ti)"", -27.722]]"
utinujasas	a(i)-(di)	-29.3094	"[[""a(i)-(di)"", -29.3094], [""ite(/i)-"", -30.3391], [""asa-(ti)"", -30.5027], [""ada-"", -30.5435], [""as-(ti)"", -30.5935], [""kʷa-(ti)"", -30.6], [""es-(di)"", -30.6055], [""es-(ti)"", -30.6055], [""ad-"", -30.698], [""ax-"", -30.698]]"
uΦe	=ti	-8.4315	"[[""=ti"", -8.4315], [""si"", -9.3933], [""ai"", -9.3933], [""ni"", -9.3933], [""ti"", -9.3933], [""ẽti"", -9.733], [""epi"", -9.733], [""ebi"", -9.733], [""eli"", -9.733], [""eni"", -9.733]]"
uΦet	iða	-10.3741	"[[""iða"", -10.3741], [""ije"", -10.3853], [""ite"", -10.3853], [""iqta"", -10.4758], [""Tele"", -11.0574], [""=ewẽ"", -11.0574], [""Masa"", -11.1374], [""=mẽ"", -11.3274], [""=be"", -11.3274], [""=pe"", -11.3274]]"
uΦetu	iwe-	-13.2135	"[[""iwe-"", -13.2135], [""iða"", -13.8543], [""ite"", -13.8651], [""ije"", -13.8651], [""iqta"", -13.9785], [""=ewẽ"", -14.296], [""Tele"", -14.296], [""Masa"", -14.3556], [""Pubiele"", -14.6042], [""=de"", -14.8148]]"
uΦetum	iwe-	-16.0363	"[[""iwe-"", -16.0363], [""iða"", -17.3344], [""ite"", -17.345], [""ije"", -17.345], [""s(ije)-"", -17.4498], [""iqta"", -17.4794], [""=ewẽ"", -17.5861], [""Tele"", -17.5861], [""Masa"", -17.6329], [""eb(e)"", -17.725]]"
uΦetume	Piɡrẽi	-16.1555	"[[""Piɡrẽi"", -16.1555], [""ai"", -17.5279], [""γarãi"", -17.6273], [""Piɲteusi"", -18.5053], [""Puwẽi"", -18.5344], [""ebei"", -19.1063], [""iwe-"", -19.1315], [""ite(/i)-"", -19.3166], [""ipre(/i)-"", -19.483], [""nei"", -19.5962]]"
uΦetumei	Piɡrẽi	-19.6623	"[[""Piɡrẽi"", -19.6623], [""ẽne/i-"", -20.8753], [""ete/i-"", -20.8753], [""ai"", -21.0351], [""xe/i-"", -21.0926], [""ite(/i)-"", -21.1243], [""inaxe/i-"", -21.1294], [""γarãi"", -21.1333], [""side/i-"", -21.2431], [""ipre(/i)-"", -21.2795]]"
uΦetumeij	ite(/i)-	-21.6358	"[[""ite(/i)-"", -21.6358], [""ipre(/i)-"", -21.7871], [""Piɡrẽi"", -23.169], [""ẽne/i-"", -23.6996], [""ete/i-"", -23.6996], [""xe/i-"", -23.9248], [""inaxe/i-"", -23.9527], [""xike(/i)-"", -23.9915], [""side/i-"", -24.0673], [""ije-(ti)"", -24.1551]]"
uΦetumeija	ite(/i)-	-24.0906	"[[""ite(/i)-"", -24.0906], [""ipre(/i)-"", -24.2417], [""xike(/i)-"", -26.4464], [""Piɡrẽi"", -26.6755], [""ẽne/i-"", -26.8041], [""ete/i-"", -26.8041], [""xe/i-"", -27.0324], [""inaxe/i-"", -27.0564], [""side/i-"", -27.1721], [""ite-(ti)"", -27.2154]]"
wae	ti	-3.5027	"[[""ti"", -3.5027], [""pibi"", -5.8621], [""kiki"", -5.8621], [""kbi"", -5.8645], [""tti"", -5.8645], [""xɲti"", -6.2272], [""qbai"", -6.2409], [""pri"", -6.2457], [""tri"", -6.2457], [""xri"", -6.2457]]"
waea	ti-	-6.3567	"[[""ti-"", -6.3567], [""xi-"", -6.3567], [""ti"", -7.0099], [""xe/i-"", -8.4683], [""tis-"", -9.0599], [""tsi-"", -9.0601], [""kiki"", -9.0794], [""pibi"", -9.0794], [""weri-"", -9.1166], [""xle/i-"", -9.1176]]"
waead	ti-	-9.1811	"[[""ti-"", -9.1811], [""xi-"", -9.1811], [""tis-"", -10.2716], [""pise"", -10.4259], [""tise"", -10.4259], [""ti"", -10.5171], [""kʷãn"", -11.2535], [""xe/i-"", -11.2844], [""win(i)-"", -11.7286], [""tsi-"", -11.7811]]"
waeadi	tis-	-9.8608	"[[""tis-"", -9.8608], [""ti-"", -12.2866], [""xi-"", -12.2866], [""kəm.me"", -13.162], [""pise"", -13.2699], [""tise"", -13.2699], [""is-"", -13.3709], [""win(i)-"", -13.8709], [""ter-"", -13.9671], [""ti"", -14.0243]]"
waeadik	tis-	-12.6853	"[[""tis-"", -12.6853], [""win(i)-"", -15.2161], [""ti-"", -15.5082], [""xi-"", -15.5082], [""kəm.me"", -15.6513], [""is-"", -16.1954], [""tise"", -16.3821], [""pise"", -16.3821], [""ter-"", -16.7987], [""xal(i)-"", -17.1996]]"
waeadiki	tis-	-15.7909	"[[""tis-"", -15.7909], [""win(i)-"", -17.3162], [""kəm.me"", -18.4881], [""xis-(ti)"", -18.6524], [""xi-"", -18.7937], [""ti-"", -18.7937], [""is-"", -19.3009], [""tise"", -19.6071], [""pise"", -19.6071], [""ti-(ti)"", -19.7122]]"
waeadikit	pise	-17.5364	"[[""pise"", -17.5364], [""tise"", -17.5364], [""kəm.me"", -18.039], [""tis-"", -19.0126], [""pinale"", -19.3652], [""win(i)-"", -19.7948], [""piqm̃ma"", -19.8637], [""tisn͂ke"", -20.2074], [""pibere"", -20.2737], [""tiðere"", -20.2737]]"
waeadikite	pise	-21.0312	"[[""pise"", -21.0312], [""tise"", -21.0312], [""trei"", -21.0426], [""kəm.me"", -21.5144], [""win(i)-"", -21.7975], [""tis-"", -22.298], [""Piɡrẽi"", -22.3644], [""pinale"", -22.617], [""xis-(ti)"", -22.8582], [""tibera["", -23.1075]]"
wai	xb-	-7.9796	"[[""xb-"", -7.9796], [""xi-"", -8.3337], [""xa-"", -8.3337], [""ti-"", -8.3337], [""xtt-"", -8.644], [""xɲt-"", -8.644], [""dda-"", -8.6615], [""kdu-"", -8.6615], [""θθe-"", -8.6615], [""wex-"", -8.6847]]"
waij	xb-	-10.9644	"[[""xb-"", -10.9644], [""kʷla-"", -11.2007], [""xi-"", -11.2714], [""xa-"", -11.2714], [""ti-"", -11.2714], [""xɲt-"", -11.4683], [""xtt-"", -11.4683], [""θθe-"", -11.4815], [""dda-"", -11.4815], [""kdu-"", -11.4815]]"
waija	kʷla-	-13.8217	"[[""kʷla-"", -13.8217], [""xb-"", -14.0683], [""xa-"", -14.3361], [""ti-"", -14.3361], [""xi-"", -14.3361], [""xɲt-"", -14.4662], [""xtt-"", -14.4662], [""θθe-"", -14.4767], [""dda-"", -14.4767], [""kdu-"", -14.4767]]"
waj	xb-	-7.9796	"[[""xb-"", -7.9796], [""xi-"", -8.3337], [""xa-"", -8.3337], [""ti-"", -8.3337], [""xtt-"", -8.644], [""xɲt-"", -8.644], [""dda-"", -8.6615], [""kdu-"", -8.6615], [""θθe-"", -8.6615], [""wex-"", -8.6847]]"
waja	xb-	-10.9644	"[[""xb-"", -10.9644], [""kʷla-"", -11.2007], [""xi-"", -11.2714], [""xa-"", -11.2714], [""ti-"", -11.2714], [""xɲt-"", -11.4683], [""xtt-"", -11.4683], [""θθe-"", -11.4815], [""dda-"", -11.4815], [""kdu-"", -11.4815]]"
wajaa	kʷla-	-13.8217	"[[""kʷla-"", -13.8217], [""xb-"", -14.0683], [""xa-"", -14.3361], [""ti-"", -14.3361], [""xi-"", -14.3361], [""xɲt-"", -14.4662], [""xtt-"", -14.4662], [""θθe-"", -14.4767], [""dda-"", -14.4767], [""kdu-"", -14.4767]]"
wajaad	kʷãn	-14.3209	"[[""kʷãn"", -14.3209], [""trus"", -15.66], [""t͡seus"", -16.3249], [""kʷla-"", -16.6479], [""trm̃mis"", -16.8502], [""tse-"", -16.8619], [""tsa-"", -16.8619], [""tsi-"", -16.8619], [""xb-"", -17.2449], [""xnna"", -17.3334]]"
wajaadi	kʷãn	-17.8138	"[[""kʷãn"", -17.8138], [""tem-/m̃m-"", -18.3504], [""kʷexn͂n-"", -18.4221], [""tsas-"", -18.497], [""ter-"", -18.6314], [""tis-"", -18.6314], [""xber-"", -18.6462], [""trus"", -19.0158], [""pddeːn-"", -19.1326], [""tse-"", -19.3837]]"
wajaadik	tem-/m̃m-	-20.9055	"[[""tem-/m̃m-"", -20.9055], [""kʷexn͂n-"", -21.0895], [""tsas-"", -21.248], [""kʷãn"", -21.3042], [""xber-"", -21.4755], [""ter-"", -21.4929], [""tis-"", -21.4929], [""xθθã(n)-"", -21.9282], [""pddẽ(n)-"", -21.9282], [""pddeːn-"", -21.9567]]"
wajaadiki	tem-/m̃m-	-23.7357	"[[""tem-/m̃m-"", -23.7357], [""kʷexn͂n-"", -24.0187], [""tsas-"", -24.2807], [""xθθã(n)-"", -24.3876], [""pddẽ(n)-"", -24.3876], [""xaxã(n)-"", -24.5809], [""xber-"", -24.5819], [""ter-"", -24.6093], [""tis-"", -24.6093], [""xm̃me-"", -24.6841]]"
wajaadikit	kʷntsa	-24.0737	"[[""kʷntsa"", -24.0737], [""tsa"", -24.5385], [""kəm.me"", -24.9182], [""xlm̃me"", -24.9182], [""prnna"", -25.705], [""xnna"", -25.7936], [""=mẽ"", -25.8174], [""t͡seus"", -25.9722], [""kʷretu"", -25.9827], [""t͡sẽmure"", -26.116]]"
wajaaj	kʷla-	-16.6479	"[[""kʷla-"", -16.6479], [""xb-"", -17.2449], [""xa-"", -17.4814], [""ti-"", -17.4814], [""xi-"", -17.4814], [""xtt-"", -17.5656], [""xɲt-"", -17.5656], [""kdu-"", -17.5743], [""θθe-"", -17.5743], [""dda-"", -17.5743]]"
wajaaja	kʷla-	-19.6003	"[[""kʷla-"", -19.6003], [""xb-"", -20.471], [""xi-"", -20.6825], [""xa-"", -20.6825], [""ti-"", -20.6825], [""xtt-"", -20.7321], [""xɲt-"", -20.7321], [""kdu-"", -20.7396], [""θθe-"", -20.7396], [""dda-"", -20.7396]]"
wajaj	kʷla-	-13.8217	"[[""kʷla-"", -13.8217], [""xb-"", -14.0683], [""xa-"", -14.3361], [""ti-"", -14.3361], [""xi-"", -14.3361], [""xɲt-"", -14.4662], [""xtt-"", -14.4662], [""θθe-"", -14.4767], [""dda-"", -14.4767], [""kdu-"", -14.4767]]"
wajaja	kʷla-	-16.6479	"[[""kʷla-"", -16.6479], [""xb-"", -17.2449], [""xa-"", -17.4814], [""ti-"", -17.4814], [""xi-"", -17.4814], [""xtt-"", -17.5656], [""xɲt-"", -17.5656], [""kdu-"", -17.5743], [""θθe-"", -17.5743], [""dda-"", -17.5743]]"
wajajaa	kʷla-	-19.6003	"[[""kʷla-"", -19.6003], [""xb-"", -20.471], [""xi-"", -20.6825], [""xa-"", -20.6825], [""ti-"", -20.6825], [""xtt-"", -20.7321], [""xɲt-"", -20.7321], [""kdu-"", -20.7396], [""θθe-"", -20.7396], [""dda-"", -20.7396]]"
wajajad	kʷãn	-17.4678	"[[""kʷãn"", -17.4678], [""trus"", -18.9992], [""t͡seus"", -19.3431], [""kʷla-"", -19.6003], [""trm̃mis"", -19.8398], [""tsa-"", -20.1915], [""tse-"", -20.1915], [""tsi-"", -20.1915], [""xb-"", -20.471], [""kʷntsa"", -20.5588]]"
wajajadi	kʷãn	-20.9634	"[[""kʷãn"", -20.9634], [""tem-/m̃m-"", -20.9837], [""kʷexn͂n-"", -21.2474], [""tsas-"", -21.834], [""ter-"", -21.9428], [""tis-"", -21.9428], [""xber-"", -21.9531], [""pddeːn-"", -22.1324], [""trus"", -22.3769], [""kʷla-"", -22.6386]]"
wajajadik	tem-/m̃m-	-23.5812	"[[""tem-/m̃m-"", -23.5812], [""kʷexn͂n-"", -23.9502], [""kʷãn"", -24.4572], [""tsas-"", -24.5983], [""xber-"", -24.7845], [""ter-"", -24.8117], [""tis-"", -24.8117], [""xθθã(n)-"", -24.9255], [""pddẽ(n)-"", -24.9255], [""pddeːn-"", -24.9572]]"
wajajadiki	tem-/m̃m-	-26.4468	"[[""tem-/m̃m-"", -26.4468], [""kʷexn͂n-"", -26.9141], [""xθθã(n)-"", -27.387], [""pddẽ(n)-"", -27.387], [""xaxã(n)-"", -27.5611], [""tsas-"", -27.6419], [""xber-"", -27.8918], [""ter-"", -27.9311], [""tis-"", -27.9311], [""kʷãn"", -27.9493]]"
wajajai	kʷla-	-19.6003	"[[""kʷla-"", -19.6003], [""xb-"", -20.471], [""xi-"", -20.6825], [""xa-"", -20.6825], [""ti-"", -20.6825], [""xtt-"", -20.7321], [""xɲt-"", -20.7321], [""kdu-"", -20.7396], [""θθe-"", -20.7396], [""dda-"", -20.7396]]"
wajajain	kʷla-	-22.6386	"[[""kʷla-"", -22.6386], [""kʷa-(ti)"", -23.4481], [""xb-"", -23.7334], [""kb-/tu-"", -23.9204], [""xi-"", -23.9244], [""xa-"", -23.9244], [""ti-"", -23.9244], [""xɲt-"", -23.9464], [""xtt-"", -23.9464], [""kdu-"", -23.9528]]"
wajajainw	kʷa-(ti)	-24.5298	"[[""kʷa-(ti)"", -24.5298], [""kʷas-(ti)"", -25.049], [""kb-/tu-"", -25.4296], [""da-(di)"", -25.6918], [""pu-(di)"", -25.6918], [""xa-(di)"", -25.6918], [""ta-(di)"", -25.6918], [""xa-(ti)"", -25.6918], [""ti-(ti)"", -25.6918], [""kjub"", -25.7107]]"
wajajainwa	kʷa-(ti)	-26.792	"[[""kʷa-(ti)"", -26.792], [""kʷas-(ti)"", -27.2893], [""xb-"", -27.3536], [""kʷl-/tel-"", -27.5045], [""kb-/tu-"", -27.7403], [""xa-(ti)"", -27.9992], [""xa-(di)"", -27.9992], [""da-(di)"", -27.9992], [""ti-(ti)"", -27.9992], [""pu-(di)"", -27.9992]]"
wajajaj	kʷla-	-19.6003	"[[""kʷla-"", -19.6003], [""xb-"", -20.471], [""xi-"", -20.6825], [""xa-"", -20.6825], [""ti-"", -20.6825], [""xtt-"", -20.7321], [""xɲt-"", -20.7321], [""kdu-"", -20.7396], [""θθe-"", -20.7396], [""dda-"", -20.7396]]"
wajajaja	kʷla-	-22.6386	"[[""kʷla-"", -22.6386], [""kʷa-(ti)"", -23.4481], [""xb-"", -23.7334], [""kb-/tu-"", -23.9204], [""xi-"", -23.9244], [""xa-"", -23.9244], [""ti-"", -23.9244], [""xɲt-"", -23.9464], [""xtt-"", -23.9464], [""kdu-"", -23.9528]]"
wajajas	kʷla-	-19.6003	"[[""kʷla-"", -19.6003], [""xb-"", -20.471], [""xi-"", -20.6825], [""xa-"", -20.6825], [""ti-"", -20.6825], [""xtt-"", -20.7321], [""xɲt-"", -20.7321], [""kdu-"", -20.7396], [""θθe-"", -20.7396], [""dda-"", -20.7396]]"
wajajasa	kʷla-	-22.6386	"[[""kʷla-"", -22.6386], [""kʷa-(ti)"", -23.4481], [""xb-"", -23.7334], [""kb-/tu-"", -23.9204], [""xi-"", -23.9244], [""xa-"", -23.9244], [""ti-"", -23.9244], [""xɲt-"", -23.9464], [""xtt-"", -23.9464], [""kdu-"", -23.9528]]"
wajajasas	kʷla-	-25.7395	"[[""kʷla-"", -25.7395], [""kʷa-(ti)"", -26.1881], [""kb-/tu-"", -26.8136], [""kʷas-(ti)"", -26.8537], [""xal(i)-"", -26.8969], [""win(i)-"", -26.8969], [""xb-"", -27.0235], [""ta-(di)"", -27.1044], [""xa-(di)"", -27.1044], [""da-(di)"", -27.1044]]"
wajajasasa	kʷla-	-28.8879	"[[""kʷla-"", -28.8879], [""kʷa-(ti)"", -29.0169], [""kʷas-(ti)"", -29.5982], [""kb-/tu-"", -29.7767], [""win(i)-"", -29.8684], [""xal(i)-"", -29.8684], [""xa-(ti)"", -30.0548], [""da-(di)"", -30.0548], [""ti-(ti)"", -30.0548], [""ta-(di)"", -30.0548]]"
wajas	kʷla-	-13.8217	"[[""kʷla-"", -13.8217], [""xb-"", -14.0683], [""xa-"", -14.3361], [""ti-"", -14.3361], [""xi-"", -14.3361], [""xɲt-"", -14.4662], [""xtt-"", -14.4662], [""θθe-"", -14.4767], [""dda-"", -14.4767], [""kdu-"", -14.4767]]"
wajase	ti	-14.0216	"[[""ti"", -14.0216], [""pibi"", -15.6554], [""kiki"", -15.6554], [""tti"", -15.6884], [""kbi"", -15.6884], [""xɲti"", -15.7988], [""qbai"", -15.8041], [""tewi"", -15.8241], [""kebi"", -15.8241], [""tedi"", -15.8241]]"
wajasek	xi-	-16.8635	"[[""xi-"", -16.8635], [""ti-"", -16.8635], [""xe/i-"", -17.182], [""xle/i-"", -17.3578], [""ti"", -17.5288], [""kʷa-(ti)"", -18.1579], [""tsi-"", -18.6314], [""weri-"", -18.6737], [""ti-(ti)"", -18.7987], [""xa-(di)"", -18.8132]]"
wajaseka	xi-	-19.6939	"[[""xi-"", -19.6939], [""ti-"", -19.6939], [""xe/i-"", -20.006], [""win(i)-"", -20.1447], [""xal(i)-"", -20.1524], [""xle/i-"", -20.1823], [""kʷa-(ti)"", -20.9656], [""ti"", -21.036], [""ux(i)-"", -21.0712], [""kʷele(/i)-"", -21.316]]"
wajasekan	win(i)-	-22.6019	"[[""win(i)-"", -22.6019], [""xal(i)-"", -22.613], [""xi-"", -22.8014], [""ti-"", -22.8014], [""xe/i-"", -23.1097], [""xle/i-"", -23.2868], [""ux(i)-"", -23.535], [""kʷele(/i)-"", -23.7683], [""kʷa-(ti)"", -24.0347], [""xike(/i)-"", -24.0626]]"
wajasekana	win(i)-	-25.4276	"[[""win(i)-"", -25.4276], [""xal(i)-"", -25.4441], [""xi-"", -26.0241], [""ti-"", -26.0241], [""xe/i-"", -26.3289], [""ux(i)-"", -26.3675], [""xle/i-"", -26.507], [""kʷele(/i)-"", -26.5891], [""xike(/i)-"", -26.8675], [""pede(/i)-"", -26.9024]]"
wajat	ta	-10.5153	"[[""ta"", -10.5153], [""da"", -10.5153], [""ke"", -10.5277], [""pe"", -10.5277], [""kʷaja"", -11.1251], [""kʷla"", -11.2535], [""kʷãn"", -12.1882], [""xaxa"", -12.3433], [""wawa"", -12.3433], [""tawa"", -12.3433]]"
wajatu	xa-	-13.3621	"[[""xa-"", -13.3621], [""ta"", -14.0225], [""da"", -14.0225], [""pe"", -14.0349], [""ke"", -14.0349], [""kʷla-"", -14.0721], [""kʷaja"", -14.3455], [""kʷla"", -14.7422], [""kʷãn"", -15.0275], [""eb(e)"", -15.0883]]"
wajatur	xa-	-16.1901	"[[""xa-"", -16.1901], [""kʷla-"", -16.9043], [""ta"", -17.5297], [""da"", -17.5297], [""ke"", -17.5421], [""pe"", -17.5421], [""kʷaja"", -17.6241], [""eb(e)"", -17.9126], [""tawa-"", -17.9156], [""xaxa-"", -17.9156]]"
wajaturu	xa-	-19.2968	"[[""xa-"", -19.2968], [""kʷla-"", -20.0049], [""kʷa-(ti)"", -20.4081], [""xe/i-"", -20.9104], [""xawa-"", -20.9343], [""xãta-"", -20.9343], [""xaxa-"", -20.9343], [""xata-"", -20.9343], [""tawa-"", -20.9343], [""wasa-"", -20.9389]]"
wajaturus	kʷa-(ti)	-22.5189	"[[""kʷa-(ti)"", -22.5189], [""xa-"", -22.519], [""kʷla-"", -23.2175], [""xe/i-"", -23.7419], [""kʷele(/i)-"", -24.0057], [""xawa-"", -24.0742], [""xãta-"", -24.0742], [""xata-"", -24.0742], [""xaxa-"", -24.0742], [""tawa-"", -24.0742]]"
wajaturusa	kʷa-(ti)	-24.9992	"[[""kʷa-(ti)"", -24.9992], [""xa-"", -25.8049], [""kʷele(/i)-"", -26.2921], [""kʷla-"", -26.4915], [""xe/i-"", -26.7008], [""xa-(ti)"", -26.718], [""xa-(di)"", -26.718], [""da-(di)"", -26.718], [""ta-(di)"", -26.718], [""xaxa-"", -27.2825]]"
waz	qal	-6.2457	"[[""qal"", -6.2457], [""kʷla-"", -6.2651], [""kʷla"", -6.2711], [""xla-"", -6.8192], [""xla"", -6.9224], [""tla"", -6.9224], [""hla"", -6.9224], [""xb-"", -7.9796], [""ti-"", -8.3337], [""xi-"", -8.3337]]"
waza	kʷla-	-8.4339	"[[""kʷla-"", -8.4339], [""xla-"", -9.0599], [""kʷla"", -9.0862], [""tlle-"", -9.6537], [""qal"", -9.7383], [""xla"", -9.766], [""tla"", -9.766], [""hla"", -9.766], [""xb-"", -10.9644], [""ti-"", -11.2714]]"
wazaΦ	kʷla-	-11.1401	"[[""kʷla-"", -11.1401], [""xla-"", -11.7931], [""tlle-"", -12.1158], [""kʷla"", -12.1787], [""hla"", -12.8781], [""xla"", -12.8781], [""tla"", -12.8781], [""qal"", -13.2307], [""xle/i-"", -13.9162], [""xb-"", -14.0683]]"
wazaΦn	kʷla-	-14.0721	"[[""kʷla-"", -14.0721], [""xla-"", -14.743], [""tlle-"", -14.9428], [""kʷla"", -15.3864], [""tla"", -16.103], [""xla"", -16.103], [""hla"", -16.103], [""kʷl-/tel-"", -16.2654], [""xle/i-"", -16.4945], [""xal(i)-"", -16.5143]]"
wazaΦni	kʷla-	-17.1294	"[[""kʷla-"", -17.1294], [""xla-"", -17.8147], [""tlle-"", -17.9416], [""kʷl-/tel-"", -18.5092], [""kʷla"", -18.6576], [""xal(i)-"", -18.9956], [""xle/i-"", -19.255], [""xla"", -19.3905], [""hla"", -19.3905], [""tla"", -19.3905]]"
waΦ	xb-	-7.9796	"[[""xb-"", -7.9796], [""xi-"", -8.3337], [""xa-"", -8.3337], [""ti-"", -8.3337], [""xtt-"", -8.644], [""xɲt-"", -8.644], [""dda-"", -8.6615], [""kdu-"", -8.6615], [""θθe-"", -8.6615], [""wex-"", -8.6847]]"
zaΦ	law-	-8.703	"[[""law-"", -8.703], [""la"", -9.3934], [""lãta-"", -10.9266], [""lawi-"", -10.9266], [""lada-"", -10.9266], [""latã"", -11.5051], [""laka"", -11.5051], [""lada"", -11.5051], [""luɡa"", -11.5051], [""=mẽ"", -11.5351]]"
zaΦn	law-	-11.5182	"[[""law-"", -11.5182], [""la"", -12.6134], [""lawi-"", -13.6186], [""lãta-"", -13.6186], [""lada-"", -13.6186], [""la-(ti)"", -14.0098], [""latã"", -14.4973], [""laka"", -14.4973], [""lada"", -14.4973], [""luɡa"", -14.4973]]"
zaΦni	law-	-14.5108	"[[""law-"", -14.5108], [""la"", -15.898], [""la-(ti)"", -16.2568], [""lawi-"", -16.4861], [""lãta-"", -16.4861], [""lada-"", -16.4861], [""latã"", -17.5948], [""lada"", -17.5948], [""laka"", -17.5948], [""luɡa"", -17.5948]]"
Θti	Masa	-8.725	"[[""Masa"", -8.725], [""Tele"", -8.7374], [""=ewẽ"", -8.7374], [""ada-"", -9.0879], [""Jaɲ"", -9.0909], [""ax-"", -9.1032], [""ad-"", -9.1032], [""xa-"", -9.1314], [""=pe"", -9.339], [""=mẽ"", -9.339]]"
Θtij	ada-	-11.6953	"[[""ada-"", -11.6953], [""ad-"", -11.8206], [""ax-"", -11.8206], [""Masa"", -11.9319], [""=ewẽ"", -11.9442], [""Tele"", -11.9442], [""xa-"", -11.9546], [""Jaɲ"", -12.1832], [""eru-"", -12.2185], [""aqa"", -12.5757]]"
Θtija	ada-	-14.6175	"[[""ada-"", -14.6175], [""ax-"", -14.7634], [""ad-"", -14.7634], [""eru-"", -15.0349], [""xa-"", -15.0545], [""Masa"", -15.2014], [""=ewẽ"", -15.2137], [""Tele"", -15.2137], [""Jaɲ"", -15.3908], [""tsa-"", -15.7003]]"
Θtijas	ada-	-17.6811	"[[""ada-"", -17.6811], [""ax-"", -17.8311], [""ad-"", -17.8311], [""eru-"", -18.0281], [""xa-"", -18.2693], [""Masa"", -18.5107], [""Tele"", -18.523], [""=ewẽ"", -18.523], [""Jaɲ"", -18.662], [""tsa-"", -18.918]]"
Θtijasa	ada-	-20.8278	"[[""ada-"", -20.8278], [""ad-"", -20.9785], [""ax-"", -20.9785], [""eru-"", -21.1244], [""xa-"", -21.5476], [""Masa"", -21.8475], [""Tele"", -21.8597], [""=ewẽ"", -21.8597], [""Jaɲ"", -21.9734], [""ẽne/i-"", -22.0249]]"
Θtijasas	ada-	-24.0297	"[[""ada-"", -24.0297], [""ad-"", -24.181], [""ax-"", -24.181], [""eru-"", -24.2887], [""a(i)-(di)"", -24.3748], [""ite(/i)-"", -24.7894], [""kʷa-(ti)"", -24.8448], [""xa-"", -24.866], [""asa-(ti)"", -24.8826], [""as-(ti)"", -24.9152]]"
Θtijasasa	a(i)-(di)	-26.7627	"[[""a(i)-(di)"", -26.7627], [""ada-"", -27.2716], [""ad-"", -27.424], [""ax-"", -27.424], [""eru-"", -27.5011], [""ite(/i)-"", -27.5091], [""asa-(ti)"", -27.6418], [""kʷa-(ti)"", -27.6734], [""as-(ti)"", -27.71], [""es-(ti)"", -27.722]]"
Θtijasasar	a(i)-(di)	-29.3094	"[[""a(i)-(di)"", -29.3094], [""ite(/i)-"", -30.3391], [""asa-(ti)"", -30.5027], [""ada-"", -30.5435], [""as-(ti)"", -30.5935], [""kʷa-(ti)"", -30.6], [""es-(di)"", -30.6055], [""es-(ti)"", -30.6055], [""ad-"", -30.698], [""ax-"", -30.698]]"
Θuj	Jaɲ	-11.5351	"[[""Jaɲ"", -11.5351], [""=pe"", -11.5351], [""=mẽ"", -11.5351], [""=ti"", -11.5351], [""=be"", -11.5351], [""=de"", -11.5351], [""is-"", -12.1474], [""mu-"", -12.1474], [""xb-"", -12.1474], [""xa-"", -12.1474]]"
Θuja	=be	-14.5247	"[[""=be"", -14.5247], [""=ti"", -14.5247], [""=mẽ"", -14.5247], [""Jaɲ"", -14.5247], [""=de"", -14.5247], [""=pe"", -14.5247], [""ax-"", -14.9765], [""xb-"", -14.9765], [""mu-"", -14.9765], [""is-"", -14.9765]]"
Θut	Masa	-8.2229	"[[""Masa"", -8.2229], [""=ewẽ"", -8.2354], [""Tele"", -8.2354], [""=de"", -8.4435], [""=mẽ"", -8.4435], [""=be"", -8.4435], [""=pe"", -8.4435], [""Mula"", -8.7201], [""Iuba"", -8.7201], [""Jaɲ"", -9.0981]]"
Θuti	Masa	-11.3895	"[[""Masa"", -11.3895], [""=ewẽ"", -11.402], [""Tele"", -11.402], [""=de"", -11.9212], [""=pe"", -11.9212], [""=be"", -11.9212], [""=mẽ"", -11.9212], [""Jaɲ"", -11.9271], [""ada-"", -12.1883], [""xa-"", -12.2188]]"
Θutin	Masa	-14.6363	"[[""Masa"", -14.6363], [""Tele"", -14.6487], [""=ewẽ"", -14.6487], [""ada-"", -14.8637], [""Jaɲ"", -15.0292], [""xa-"", -15.052], [""eb(e)"", -15.254], [""ax-"", -15.3009], [""ad-"", -15.3009], [""=mẽ"", -15.3921]]"
Θutinu	ada-	-17.8354	"[[""ada-"", -17.8354], [""Masa"", -17.9313], [""=ewẽ"", -17.9437], [""Tele"", -17.9437], [""xa-"", -18.157], [""Jaɲ"", -18.2452], [""ad-"", -18.2515], [""ax-"", -18.2515], [""eb(e)"", -18.284], [""mla-"", -18.5181]]"
Θutinuj	ada-	-20.9365	"[[""ada-"", -20.9365], [""Masa"", -21.2587], [""=ewẽ"", -21.2711], [""Tele"", -21.2711], [""ax-"", -21.3236], [""ad-"", -21.3236], [""xa-"", -21.3758], [""eb(e)"", -21.407], [""Jaɲ"", -21.5242], [""eru-"", -21.5317]]"
Θutinuja	ada-	-24.1125	"[[""ada-"", -24.1125], [""ax-"", -24.4737], [""ad-"", -24.4737], [""eb(e)"", -24.5736], [""Masa"", -24.6093], [""=ewẽ"", -24.6216], [""Tele"", -24.6216], [""eru-"", -24.6286], [""xa-"", -24.6574], [""kʷa-(ti)"", -24.6983]]"
Θutinujas	ada-	-27.338	"[[""ada-"", -27.338], [""kʷa-(ti)"", -27.3888], [""ite(/i)-"", -27.6024], [""ad-"", -27.6781], [""ax-"", -27.6781], [""eb(e)"", -27.7643], [""eru-"", -27.7933], [""a(i)-(di)"", -27.8642], [""Masa"", -27.9772], [""xa-"", -27.979]]"
Θutinujasa	kʷa-(ti)	-30.2188	"[[""kʷa-(ti)"", -30.2188], [""a(i)-(di)"", -30.2578], [""ite(/i)-"", -30.3236], [""ada-"", -30.5992], [""asa-(ti)"", -30.8438], [""ad-"", -30.9225], [""ax-"", -30.9225], [""eb(e)"", -30.9709], [""eru-"", -31.006], [""ma-(ti)"", -31.1071]]"
Θwa	xb-	-8.4485	"[[""xb-"", -8.4485], [""xɲt-"", -9.0332], [""xtt-"", -9.0332], [""wex-"", -9.0879], [""tub-"", -9.0879], [""=ti"", -9.0909], [""=be"", -9.0909], [""=de"", -9.0909], [""=pe"", -9.0909], [""ti-"", -9.1032]]"
Θwae	=ti	-6.357	"[[""=ti"", -6.357], [""ti"", -7.0099], [""kiki"", -9.0794], [""pibi"", -9.0794], [""kbi"", -9.0893], [""tti"", -9.0893], [""xɲti"", -9.3203], [""kebi"", -9.3547], [""tedi"", -9.3547], [""tewi"", -9.3547]]"
Θwaea	ti-	-9.8638	"[[""ti-"", -9.8638], [""xi-"", -9.8638], [""=ti"", -9.8641], [""ti"", -10.5171], [""xe/i-"", -11.9454], [""pibi"", -12.3622], [""kiki"", -12.3622], [""tsi-"", -12.5531], [""tis-"", -12.5669], [""tti"", -12.5889]]"
Θwaead	xi-	-12.6882	"[[""xi-"", -12.6882], [""ti-"", -12.6882], [""=ti"", -13.3712], [""tis-"", -13.7788], [""pise"", -13.9331], [""tise"", -13.9331], [""ti"", -14.0243], [""kʷãn"", -14.7593], [""xe/i-"", -14.7616], [""ux(i)-"", -14.7812]]"
Θwaeadi	tis-	-13.368	"[[""tis-"", -13.368], [""ti-"", -15.7938], [""xi-"", -15.7938], [""kəm.me"", -16.6692], [""tise"", -16.7771], [""pise"", -16.7771], [""is-"", -16.8779], [""=ti"", -16.8782], [""ux(i)-"", -17.2367], [""win(i)-"", -17.3737]]"
Θwaeadik	tis-	-16.1925	"[[""tis-"", -16.1925], [""win(i)-"", -18.7223], [""xi-"", -19.0154], [""ti-"", -19.0154], [""kəm.me"", -19.1585], [""is-"", -19.7025], [""pise"", -19.8893], [""tise"", -19.8893], [""ux(i)-"", -20.066], [""ter-"", -20.3042]]"
Θwaeadiki	tis-	-19.2981	"[[""tis-"", -19.2981], [""win(i)-"", -20.823], [""kəm.me"", -21.9953], [""xis-(ti)"", -22.1594], [""ti-"", -22.3009], [""xi-"", -22.3009], [""is-"", -22.8081], [""ux(i)-"", -23.0695], [""pise"", -23.1143], [""tise"", -23.1143]]"
Θwaeadikit	tise	-21.0436	"[[""tise"", -21.0436], [""pise"", -21.0436], [""kəm.me"", -21.5461], [""tis-"", -22.5198], [""pinale"", -22.8724], [""Sbiκatsa"", -23.0679], [""win(i)-"", -23.3018], [""piqm̃ma"", -23.3615], [""tisn͂ke"", -23.7145], [""pibere"", -23.7729]]"
Θwaj	xb-	-11.2152	"[[""xb-"", -11.2152], [""xɲt-"", -11.646], [""xtt-"", -11.646], [""wex-"", -11.6953], [""tub-"", -11.6953], [""xi-"", -11.8206], [""ti-"", -11.8206], [""xa-"", -11.8206], [""ad-"", -11.9546], [""ax-"", -11.9546]]"
Θwaja	xb-	-14.2285	"[[""xb-"", -14.2285], [""xɲt-"", -14.569], [""xtt-"", -14.569], [""wex-"", -14.6175], [""tub-"", -14.6175], [""kʷla-"", -14.7035], [""xi-"", -14.7634], [""ti-"", -14.7634], [""xa-"", -14.7634], [""kdu-"", -14.9507]]"
Θwajaa	kʷla-	-17.3261	"[[""kʷla-"", -17.3261], [""xb-"", -17.3572], [""xɲt-"", -17.6327], [""xtt-"", -17.6327], [""tub-"", -17.6811], [""wex-"", -17.6811], [""ti-"", -17.8311], [""xa-"", -17.8311], [""xi-"", -17.8311], [""dda-"", -17.9487]]"
Θwajaad	kʷãn	-17.827	"[[""kʷãn"", -17.827], [""trus"", -19.166], [""t͡seus"", -19.8304], [""kʷla-"", -20.153], [""trm̃mis"", -20.3544], [""tsa-"", -20.3681], [""tse-"", -20.3681], [""tsi-"", -20.3681], [""xb-"", -20.5546], [""xtt-"", -20.7794]]"
Θwajaadi	kʷãn	-21.3199	"[[""kʷãn"", -21.3199], [""tem-/m̃m-"", -21.852], [""kʷexn͂n-"", -21.9104], [""tsas-"", -22.0029], [""xber-"", -22.123], [""tis-"", -22.133], [""ter-"", -22.133], [""pddeːn-"", -22.3023], [""trus"", -22.522], [""tsa-"", -22.8904]]"
Θwajaadik	tem-/m̃m-	-24.4074	"[[""tem-/m̃m-"", -24.4074], [""kʷexn͂n-"", -24.5793], [""tsas-"", -24.7541], [""kʷãn"", -24.8104], [""xber-"", -24.9532], [""tis-"", -24.9944], [""ter-"", -24.9944], [""pddẽ(n)-"", -25.0973], [""xθθã(n)-"", -25.0973], [""pddeːn-"", -25.1266]]"
Θwajaadiki	tem-/m̃m-	-27.2379	"[[""tem-/m̃m-"", -27.2379], [""kʷexn͂n-"", -27.51], [""xθθã(n)-"", -27.5572], [""pddẽ(n)-"", -27.5572], [""tsas-"", -27.7868], [""xaxã(n)-"", -27.8457], [""xber-"", -28.06], [""tis-"", -28.1108], [""ter-"", -28.1108], [""xm̃me-"", -28.1861]]"
Θwajaaj	kʷla-	-20.153	"[[""kʷla-"", -20.153], [""xb-"", -20.5546], [""xtt-"", -20.7794], [""xɲt-"", -20.7794], [""tub-"", -20.8278], [""wex-"", -20.8278], [""ti-"", -20.9785], [""xa-"", -20.9785], [""xi-"", -20.9785], [""θθe-"", -21.0482]]"
Θwajaaja	kʷla-	-23.1059	"[[""kʷla-"", -23.1059], [""xb-"", -23.7982], [""xtt-"", -23.9814], [""xɲt-"", -23.9814], [""tub-"", -24.0297], [""wex-"", -24.0297], [""xi-"", -24.181], [""ti-"", -24.181], [""xa-"", -24.181], [""dda-"", -24.2148]]"
Θwajaj	kʷla-	-17.3261	"[[""kʷla-"", -17.3261], [""xb-"", -17.3572], [""xɲt-"", -17.6327], [""xtt-"", -17.6327], [""tub-"", -17.6811], [""wex-"", -17.6811], [""ti-"", -17.8311], [""xa-"", -17.8311], [""xi-"", -17.8311], [""dda-"", -17.9487]]"
Θwajaja	kʷla-	-20.153	"[[""kʷla-"", -20.153], [""xb-"", -20.5546], [""xtt-"", -20.7794], [""xɲt-"", -20.7794], [""tub-"", -20.8278], [""wex-"", -20.8278], [""ti-"", -20.9785], [""xa-"", -20.9785], [""xi-"", -20.9785], [""θθe-"", -21.0482]]"
Θwajajaa	kʷla-	-23.1059	"[[""kʷla-"", -23.1059], [""xb-"", -23.7982], [""xtt-"", -23.9814], [""xɲt-"", -23.9814], [""tub-"", -24.0297], [""wex-"", -24.0297], [""xi-"", -24.181], [""ti-"", -24.181], [""xa-"", -24.181], [""dda-"", -24.2148]]"
Θwajajad	kʷãn	-20.9742	"[[""kʷãn"", -20.9742], [""trus"", -22.5053], [""t͡seus"", -22.849], [""kʷla-"", -23.1059], [""trm̃mis"", -23.3444], [""tsi-"", -23.6977], [""tse-"", -23.6977], [""tsa-"", -23.6977], [""xb-"", -23.7982], [""xtt-"", -23.9814]]"
Θwajajadi	kʷãn	-24.4698	"[[""kʷãn"", -24.4698], [""tem-/m̃m-"", -24.4864], [""kʷexn͂n-"", -24.741], [""pddeːn-"", -25.336], [""tsas-"", -25.34], [""xber-"", -25.4301], [""tis-"", -25.4454], [""ter-"", -25.4454], [""trus"", -25.8831], [""kʷla-"", -26.1445]]"
Θwajajadik	tem-/m̃m-	-27.0841	"[[""tem-/m̃m-"", -27.0841], [""kʷexn͂n-"", -27.4447], [""kʷãn"", -27.9636], [""tsas-"", -28.1045], [""pddẽ(n)-"", -28.1283], [""xθθã(n)-"", -28.1283], [""pddeːn-"", -28.161], [""xber-"", -28.2627], [""ter-"", -28.3142], [""tis-"", -28.3142]]"
Θwajajai	kʷla-	-23.1059	"[[""kʷla-"", -23.1059], [""xb-"", -23.7982], [""xtt-"", -23.9814], [""xɲt-"", -23.9814], [""tub-"", -24.0297], [""wex-"", -24.0297], [""xi-"", -24.181], [""ti-"", -24.181], [""xa-"", -24.181], [""dda-"", -24.2148]]"
Θwajajain	kʷla-	-26.1445	"[[""kʷla-"", -26.1445], [""kʷa-(ti)"", -26.9517], [""xb-"", -27.0752], [""kb-/tu-"", -27.1828], [""xtt-"", -27.2232], [""xɲt-"", -27.2232], [""tub-"", -27.2716], [""wex-"", -27.2716], [""xa-"", -27.424], [""ti-"", -27.424]]"
Θwajajainw	kʷa-(ti)	-28.0351	"[[""kʷa-(ti)"", -28.0351], [""kʷas-(ti)"", -28.5536], [""kb-/tu-"", -28.721], [""pux-(ti)"", -29.0586], [""ti-(ti)"", -29.1851], [""pu-(di)"", -29.1851], [""ta-(di)"", -29.1851], [""xa-(ti)"", -29.1851], [""da-(di)"", -29.1851], [""xa-(di)"", -29.1851]]"
Θwajajaj	kʷla-	-23.1059	"[[""kʷla-"", -23.1059], [""xb-"", -23.7982], [""xtt-"", -23.9814], [""xɲt-"", -23.9814], [""tub-"", -24.0297], [""wex-"", -24.0297], [""xi-"", -24.181], [""ti-"", -24.181], [""xa-"", -24.181], [""dda-"", -24.2148]]"
Θwajajaja	kʷla-	-26.1445	"[[""kʷla-"", -26.1445], [""kʷa-(ti)"", -26.9517], [""xb-"", -27.0752], [""kb-/tu-"", -27.1828], [""xtt-"", -27.2232], [""xɲt-"", -27.2232], [""tub-"", -27.2716], [""wex-"", -27.2716], [""xa-"", -27.424], [""ti-"", -27.424]]"
Θwajajas	kʷla-	-23.1059	"[[""kʷla-"", -23.1059], [""xb-"", -23.7982], [""xtt-"", -23.9814], [""xɲt-"", -23.9814], [""tub-"", -24.0297], [""wex-"", -24.0297], [""xi-"", -24.181], [""ti-"", -24.181], [""xa-"", -24.181], [""dda-"", -24.2148]]"
Θwajajasa	kʷla-	-26.1445	"[[""kʷla-"", -26.1445], [""kʷa-(ti)"", -26.9517], [""xb-"", -27.0752], [""kb-/tu-"", -27.1828], [""xtt-"", -27.2232], [""xɲt-"", -27.2232], [""tub-"", -27.2716], [""wex-"", -27.2716], [""xa-"", -27.424], [""ti-"", -27.424]]"
Θwajajasas	kʷla-	-29.2456	"[[""kʷla-"", -29.2456], [""kʷa-(ti)"", -29.6924], [""kb-/tu-"", -30.0847], [""kʷas-(ti)"", -30.3571], [""xb-"", -30.3779], [""win(i)-"", -30.4011], [""xal(i)-"", -30.4011], [""xɲt-"", -30.4953], [""xtt-"", -30.4953], [""prɲna(?)"", -30.4954]]"
Θwajas	kʷla-	-17.3261	"[[""kʷla-"", -17.3261], [""xb-"", -17.3572], [""xɲt-"", -17.6327], [""xtt-"", -17.6327], [""tub-"", -17.6811], [""wex-"", -17.6811], [""ti-"", -17.8311], [""xa-"", -17.8311], [""xi-"", -17.8311], [""dda-"", -17.9487]]"
Θwajase	=ti	-16.8638	"[[""=ti"", -16.8638], [""ti"", -17.5288], [""kiki"", -19.0118], [""pibi"", -19.0118], [""tti"", -19.0451], [""kbi"", -19.0451], [""xɲti"", -19.1112], [""tedi"", -19.1551], [""kebi"", -19.1551], [""tewi"", -19.1551]]"
Θwajasek	xi-	-20.3706	"[[""xi-"", -20.3706], [""ti-"", -20.3706], [""=ti"", -20.3708], [""xe/i-"", -20.6769], [""xle/i-"", -20.8626], [""ti"", -21.036], [""kʷa-(ti)"", -21.6603], [""tsi-"", -22.133], [""weri-"", -22.1795], [""pux-(ti)"", -22.2387]]"
Θwajaseka	ti-	-23.201	"[[""ti-"", -23.201], [""xi-"", -23.201], [""xe/i-"", -23.501], [""win(i)-"", -23.6495], [""xal(i)-"", -23.6572], [""xle/i-"", -23.6871], [""=ti"", -23.8778], [""ux(i)-"", -23.9056], [""kʷa-(ti)"", -24.468], [""ti"", -24.5432]]"
Θwajasekan	win(i)-	-26.1067	"[[""win(i)-"", -26.1067], [""xal(i)-"", -26.1178], [""ti-"", -26.3086], [""xi-"", -26.3086], [""ux(i)-"", -26.3696], [""xe/i-"", -26.6048], [""xle/i-"", -26.7916], [""xike(/i)-"", -27.2452], [""tẽpe(/i)-"", -27.2543], [""pede(/i)-"", -27.2543]]"
Θwajat	=be	-13.3748	"[[""=be"", -13.3748], [""=pe"", -13.3748], [""=de"", -13.3748], [""ta"", -14.0225], [""da"", -14.0225], [""pe"", -14.0349], [""ke"", -14.0349], [""kʷaja"", -14.6228], [""kʷla"", -14.7593], [""Tbuwe"", -15.2075]]"
Θwajatu	xa-	-16.8692	"[[""xa-"", -16.8692], [""=de"", -16.8819], [""=be"", -16.8819], [""=pe"", -16.8819], [""da"", -17.5297], [""ta"", -17.5297], [""pe"", -17.5421], [""ke"", -17.5421], [""kʷla-"", -17.5779], [""kʷaja"", -17.8454]]"
Θwajatur	xa-	-19.6972	"[[""xa-"", -19.6972], [""=de"", -20.3889], [""=be"", -20.3889], [""=pe"", -20.3889], [""kʷla-"", -20.4101], [""eb(e)"", -20.7391], [""ta"", -21.0369], [""da"", -21.0369], [""pe"", -21.0493], [""ke"", -21.0493]]"
Θwajaturu	xa-	-22.8039	"[[""xa-"", -22.8039], [""kʷla-"", -23.5107], [""eb(e)"", -23.8439], [""=be"", -23.8958], [""=pe"", -23.8958], [""=de"", -23.8958], [""kʷa-(ti)"", -23.9144], [""tawa-"", -24.2902], [""xata-"", -24.2902], [""xawa-"", -24.2902]]"
Θwajaturus	kʷa-(ti)	-26.0253	"[[""kʷa-(ti)"", -26.0253], [""xa-"", -26.0262], [""kʷla-"", -26.7233], [""eb(e)"", -27.0643], [""xe/i-"", -27.2489], [""=be"", -27.4028], [""=pe"", -27.4028], [""=de"", -27.4028], [""xawa-"", -27.4412], [""xãta-"", -27.4412]]"
Φet	iða	-6.8955	"[[""iða"", -6.8955], [""ite"", -6.907], [""ije"", -6.907], [""iqta"", -6.9741], [""Tele"", -8.1518], [""=ewẽ"", -8.1518], [""Masa"", -8.2229], [""=be"", -8.4389], [""=de"", -8.4389], [""=mẽ"", -8.4389]]"
Φetu	iwe-	-9.7351	"[[""iwe-"", -9.7351], [""iða"", -10.3749], [""ije"", -10.386], [""ite"", -10.386], [""iqta"", -10.4768], [""=ewẽ"", -11.3401], [""Tele"", -11.3401], [""Masa"", -11.3895], [""is-"", -11.8206], [""=pe"", -11.9168]]"
Φetum	iwe-	-12.5575	"[[""iwe-"", -12.5575], [""iða"", -13.8543], [""ije"", -13.8651], [""ite"", -13.8651], [""iqta"", -13.9776], [""=ewẽ"", -14.5993], [""Tele"", -14.5993], [""Masa"", -14.6363], [""is-"", -14.7634], [""ada-"", -14.8637]]"
Φetume	Piɡrẽi	-13.3343	"[[""Piɡrẽi"", -13.3343], [""ai"", -14.0216], [""γarãi"", -14.6308], [""iwe-"", -15.6523], [""Piɲteusi"", -15.6843], [""Puwẽi"", -15.7238], [""ebei"", -15.7767], [""ite(/i)-"", -15.8486], [""ipre(/i)-"", -15.9838], [""eni"", -16.3333]]"
Φetumei	Piɡrẽi	-16.841	"[[""Piɡrẽi"", -16.841], [""ai"", -17.5288], [""ẽne/i-"", -17.6071], [""ete/i-"", -17.6071], [""ite(/i)-"", -17.6491], [""inaxe/i-"", -17.6626], [""ipre(/i)-"", -17.779], [""ite-(ti)"", -17.8803], [""ije-(ti)"", -17.8803], [""xe/i-"", -17.8995]]"
Φetumeij	ite(/i)-	-18.1578	"[[""ite(/i)-"", -18.1578], [""ipre(/i)-"", -18.286], [""Piɡrẽi"", -20.3475], [""ete/i-"", -20.4307], [""ẽne/i-"", -20.4307], [""inaxe/i-"", -20.4858], [""ije-(ti)"", -20.677], [""ite-(ti)"", -20.677], [""xe/i-"", -20.7242], [""iprexe/i-"", -20.8544]]"
Φetumeija	ite(/i)-	-20.6125	"[[""ite(/i)-"", -20.6125], [""ipre(/i)-"", -20.7406], [""xike(/i)-"", -23.373], [""ete/i-"", -23.5347], [""ẽne/i-"", -23.5347], [""inaxe/i-"", -23.5895], [""ije-(ti)"", -23.7372], [""ite-(ti)"", -23.7372], [""xe/i-"", -23.8292], [""Piɡrẽi"", -23.8538]]"
Φetumeijas	ite(/i)-	-23.4399	"[[""ite(/i)-"", -23.4399], [""ipre(/i)-"", -23.568], [""xike(/i)-"", -26.2004], [""a(i)-(di)"", -26.744], [""ẽne/i-"", -26.7543], [""ete/i-"", -26.7543], [""inaxe/i-"", -26.8088], [""ije-(ti)"", -26.898], [""ite-(ti)"", -26.898], [""xe/i-"", -27.05]]"
Φni	Jaɲ	-11.5351	"[[""Jaɲ"", -11.5351], [""=pe"", -11.5351], [""=mẽ"", -11.5351], [""=ti"", -11.5351], [""=be"", -11.5351], [""=de"", -11.5351], [""is-"", -12.1474], [""mu-"", -12.1474], [""xb-"", -12.1474], [""xa-"", -12.1474]]"
adikite	nei	-14.033	"[[""nei"", -14.033], [""γarãi"", -16.108], [""trei"", -16.7723], [""Piɡrẽi"", -16.7838], [""=mẽ"", -16.8694], [""neni"", -17.3143], [""si"", -17.5288], [""ni"", -17.5288], [""ne"", -17.5297], [""me"", -17.5297]]"
adikitete	nei	-19.9469	"[[""nei"", -19.9469], [""γarãi"", -21.0585], [""Piɡrẽi"", -21.6544], [""m̃me/i-"", -22.2448], [""mmaite"", -22.4881], [""s(ije)-"", -22.6591], [""trei"", -22.6755], [""mara-"", -22.8226], [""neni"", -22.8248], [""Hutsetẽi"", -22.8421]]"
aja	Jaɲ	-11.5351	"[[""Jaɲ"", -11.5351], [""=pe"", -11.5351], [""=mẽ"", -11.5351], [""=ti"", -11.5351], [""=be"", -11.5351], [""=de"", -11.5351], [""is-"", -12.1474], [""mu-"", -12.1474], [""xb-"", -12.1474], [""xa-"", -12.1474]]"
anatiΘwaja	ad-	-26.3133	"[[""ad-"", -26.3133], [""ax-"", -26.3133], [""Jaɲ"", -26.3134], [""eb(e)"", -27.8765], [""kʷa-(ti)"", -28.1745], [""Paɡda"", -28.2711], [""†axɲta-"", -28.3675], [""=ewẽ"", -28.3818], [""wex-"", -28.3878], [""law-"", -28.3913]]"
asasara	=pe	-23.9944	"[[""=pe"", -23.9944], [""=be"", -23.9944], [""=ti"", -23.9944], [""=mẽ"", -23.9944], [""Jaɲ"", -23.9944], [""=de"", -23.9944], [""ad-"", -24.2448], [""ti-"", -24.2448], [""is-"", -24.2448], [""mu-"", -24.2448]]"
ataiΘwae	ebi	-17.5393	"[[""ebi"", -17.5393], [""eti"", -17.5393], [""ẽti"", -17.5393], [""epi"", -17.5393], [""Merexi"", -18.7102], [""=ti"", -18.7938], [""ẽkepi"", -19.0318], [""ax-"", -19.6972], [""ad-"", -19.6972], [""ebei"", -20.2051]]"
ataiΘwaja	ax-	-22.8039	"[[""ax-"", -22.8039], [""ad-"", -22.8039], [""Jaɲ"", -23.8834], [""eb(e)"", -24.416], [""ada-"", -25.1902], [""kʷa-(ti)"", -25.2422], [""asa-(ti)"", -25.373], [""as-(ti)"", -25.4035], [""es-(ti)"", -25.4155], [""es-(di)"", -25.4155]]"
dada	mɲn-	-9.0445	"[[""mɲn-"", -9.0445], [""m̃ma"", -9.0714], [""m̃mẽ"", -9.0714], [""nur"", -9.7098], [""mar"", -9.7098], [""snta"", -9.7712], [""nun͂-"", -10.6653], [""si-"", -11.0488], [""mu-"", -11.0488], [""m̃me/i-"", -11.0884]]"
damate	nei	-10.5258	"[[""nei"", -10.5258], [""neni"", -13.833], [""trei"", -13.9131], [""ni"", -14.0216], [""si"", -14.0216], [""se"", -14.0225], [""ne"", -14.0225], [""me"", -14.0225], [""mẽ"", -14.0225], [""ai"", -14.0252]]"
daserate	nei	-17.5232	"[[""nei"", -17.5232], [""Piɡrẽi"", -18.1467], [""si-"", -19.0098], [""s(ije)-"", -19.1278], [""sixla-"", -19.2117], [""miɲti"", -19.5647], [""sije"", -19.8186], [""nipe"", -19.8186], [""siðe"", -19.8186], [""miða"", -19.8227]]"
dawa	mɲn-	-9.0587	"[[""mɲn-"", -9.0587], [""mltt-"", -9.0646], [""stta"", -9.7188], [""sɲta"", -9.7188], [""sɲne-"", -9.7612], [""mɲnu-"", -9.7612], [""nte"", -9.766], [""nun͂-"", -11.2142], [""n͂tepi"", -11.2195], [""si-"", -11.2714]]"
di	mu-	-5.6264	"[[""mu-"", -5.6264], [""si-"", -5.6264], [""mɲn-"", -6.2464], [""nur"", -6.2614], [""mar"", -6.2614], [""m̃mẽ"", -6.2717], [""m̃ma"", -6.2717], [""mel-"", -6.2733], [""mla-"", -6.2733], [""mla"", -6.2756]]"
ida	mɲn-	-9.0879	"[[""mɲn-"", -9.0879], [""=mẽ"", -9.0909], [""si-"", -9.1032], [""mu-"", -9.1032], [""is-"", -9.1314], [""mar"", -9.3632], [""nur"", -9.3632], [""m̃mẽ"", -9.6941], [""m̃ma"", -9.6941], [""mel-"", -9.7733]]"
idaa	mɲn-	-11.6953	"[[""mɲn-"", -11.6953], [""mu-"", -11.8206], [""si-"", -11.8206], [""nun͂-"", -11.867], [""is-"", -11.9546], [""m̃ma"", -12.166], [""m̃mẽ"", -12.166], [""=mẽ"", -12.1832], [""mla-"", -12.2061], [""mel-"", -12.2061]]"
idi	mɲn-	-9.0879	"[[""mɲn-"", -9.0879], [""=mẽ"", -9.0909], [""si-"", -9.1032], [""mu-"", -9.1032], [""is-"", -9.1314], [""mar"", -9.3632], [""nur"", -9.3632], [""m̃mẽ"", -9.6941], [""m̃ma"", -9.6941], [""mel-"", -9.7733]]"
ija	Jaɲ	-11.5351	"[[""Jaɲ"", -11.5351], [""=pe"", -11.5351], [""=mẽ"", -11.5351], [""=ti"", -11.5351], [""=be"", -11.5351], [""=de"", -11.5351], [""is-"", -12.1474], [""mu-"", -12.1474], [""xb-"", -12.1474], [""xa-"", -12.1474]]"
ijaredija	is-	-22.8097	"[[""is-"", -22.8097], [""tis-"", -24.6805], [""ux(i)-"", -25.91], [""win(i)-"", -26.0815], [""ijas-"", -26.2511], [""xe/i-"", -26.9709], [""nun͂-"", -27.1803], [""ebuθis-"", -27.2888], [""səm.ma"", -27.3931], [""kəm.me"", -27.4033]]"
inaida	=mẽ	-18.2489	"[[""=mẽ"", -18.2489], [""mɲn-"", -18.6706], [""is-"", -18.6931], [""ter-"", -18.8864], [""tis-"", -18.8864], [""nur"", -19.164], [""mar"", -19.164], [""as"", -19.3992], [""es"", -19.3992], [""si-"", -19.4562]]"
inajareta	Pubiele	-26.6546	"[[""Pubiele"", -26.6546], [""ux(i)-"", -26.7141], [""xe/i-"", -26.7408], [""(†)pẽnẽ"", -26.7737], [""=ewẽ"", -27.0576], [""Tele"", -27.0576], [""eb(e)"", -27.0721], [""Masa"", -27.1088], [""iwe-"", -27.1255], [""=mẽ"", -27.4347]]"
ipi	=de	-11.5351	"[[""=de"", -11.5351], [""=mẽ"", -11.5351], [""=be"", -11.5351], [""Jaɲ"", -11.5351], [""=ti"", -11.5351], [""=pe"", -11.5351], [""si-"", -12.1474], [""xb-"", -12.1474], [""mu-"", -12.1474], [""ti-"", -12.1474]]"
ipinama	=mẽ	-23.9944	"[[""=mẽ"", -23.9944], [""=pe"", -23.9944], [""=ti"", -23.9944], [""Jaɲ"", -23.9944], [""=de"", -23.9944], [""=be"", -23.9944], [""ax-"", -24.2448], [""ad-"", -24.2448], [""is-"", -24.2448], [""mu-"", -24.2448]]"
iti	Masa	-8.725	"[[""Masa"", -8.725], [""Tele"", -8.7374], [""=ewẽ"", -8.7374], [""ada-"", -9.0879], [""Jaɲ"", -9.0909], [""ax-"", -9.1032], [""ad-"", -9.1032], [""xa-"", -9.1314], [""=pe"", -9.339], [""=mẽ"", -9.339]]"
ja	=be	-8.7268	"[[""=be"", -8.7268], [""=de"", -8.7268], [""=mẽ"", -8.7268], [""=pe"", -8.7268], [""Jaɲ"", -8.7268], [""=ti"", -8.7268], [""ti-"", -9.6804], [""is-"", -9.6804], [""xi-"", -9.6804], [""ax-"", -9.6804]]"
jadikitu	=mẽ	-19.7098	"[[""=mẽ"", -19.7098], [""mẽ"", -21.0493], [""ne"", -21.0493], [""se"", -21.0493], [""me"", -21.0493], [""Isɲta-"", -21.0829], [""Ssaxa"", -21.3486], [""Ssewa"", -21.3527], [""m̃ma"", -21.3668], [""m̃mẽ"", -21.3788]]"
jainwaza	kʷla-	-22.4469	"[[""kʷla-"", -22.4469], [""xla-"", -23.0868], [""kʷla"", -23.1011], [""tlle-"", -23.674], [""qal"", -23.7085], [""tla"", -23.7944], [""xla"", -23.7944], [""hla"", -23.7944], [""Mutlẽi"", -24.1279], [""xb-"", -24.2433]]"
jaja	=be	-14.5247	"[[""=be"", -14.5247], [""=ti"", -14.5247], [""=mẽ"", -14.5247], [""Jaɲ"", -14.5247], [""=de"", -14.5247], [""=pe"", -14.5247], [""ax-"", -14.9765], [""xb-"", -14.9765], [""mu-"", -14.9765], [""is-"", -14.9765]]"
jasa	=be	-14.5247	"[[""=be"", -14.5247], [""=ti"", -14.5247], [""=mẽ"", -14.5247], [""Jaɲ"", -14.5247], [""=de"", -14.5247], [""=pe"", -14.5247], [""ax-"", -14.9765], [""xb-"", -14.9765], [""mu-"", -14.9765], [""is-"", -14.9765]]"
jasasa	=be	-20.7824	"[[""=be"", -20.7824], [""=mẽ"", -20.7824], [""=de"", -20.7824], [""Jaɲ"", -20.7824], [""=ti"", -20.7824], [""=pe"", -20.7824], [""xb-"", -21.0773], [""ad-"", -21.0773], [""xa-"", -21.0773], [""ti-"", -21.0773]]"
jasasara	Jaɲ	-27.2426	"[[""Jaɲ"", -27.2426], [""=de"", -27.2426], [""=pe"", -27.2426], [""=ti"", -27.2426], [""=mẽ"", -27.2426], [""=be"", -27.2426], [""(†)pẽnẽ"", -27.3885], [""ux(i)-"", -27.4466], [""ax-"", -27.4599], [""ad-"", -27.4599]]"
jasasarama	(†)pẽnẽ	-33.2542	"[[""(†)pẽnẽ"", -33.2542], [""ux(i)-"", -33.3318], [""kb-/tu-"", -33.7632], [""as-(ti)"", -33.7632], [""ma-(ti)"", -33.7632], [""ta-(di)"", -33.7632], [""es-(ti)"", -33.7632], [""es-(di)"", -33.7632], [""da-(di)"", -33.7632], [""la-(ti)"", -33.7632]]"
jasasarame	=ti	-30.4999	"[[""=ti"", -30.4999], [""Puwẽi"", -32.009], [""γarãi"", -32.0106], [""Axkʷkʷadi"", -32.5108], [""Piɡrẽi"", -32.5202], [""Merexi"", -32.5611], [""Mulesi"", -32.5617], [""Puresi"", -32.5617], [""Mutlẽi"", -32.564], [""epi"", -32.704]]"
jasaunakanasi	=we / =uwe	-42.3623	"[[""=we / =uwe"", -42.3623], [""(†)pẽnẽ"", -42.4247], [""a(i)-(di)"", -42.5003], [""ux(i)-"", -42.5305], [""ma-(ti)"", -42.8277], [""da-(di)"", -42.8277], [""as-(ti)"", -42.8277], [""ti-(ti)"", -42.8277], [""pu-(di)"", -42.8277], [""ta-(di)"", -42.8277]]"
jataiΘuja	ada-	-27.338	"[[""ada-"", -27.338], [""kʷa-(ti)"", -27.3888], [""ite(/i)-"", -27.6024], [""ad-"", -27.6781], [""ax-"", -27.6781], [""eb(e)"", -27.7643], [""eru-"", -27.7933], [""a(i)-(di)"", -27.8642], [""Masa"", -27.9772], [""xa-"", -27.979]]"
jawa	xb-	-11.7222	"[[""xb-"", -11.7222], [""Jaɲ"", -11.9096], [""=de"", -11.9271], [""=pe"", -11.9271], [""=be"", -11.9271], [""=ti"", -11.9271], [""xtt-"", -12.1337], [""xɲt-"", -12.1337], [""tub-"", -12.1883], [""wex-"", -12.1883]]"
jawaΦ	xb-	-14.5062	"[[""xb-"", -14.5062], [""xtt-"", -14.8111], [""xɲt-"", -14.8111], [""tub-"", -14.8637], [""wex-"", -14.8637], [""=de"", -15.0292], [""=be"", -15.0292], [""=pe"", -15.0292], [""=ti"", -15.0292], [""ad-"", -15.052]]"
mai	Jaɲ	-11.5351	"[[""Jaɲ"", -11.5351], [""=pe"", -11.5351], [""=mẽ"", -11.5351], [""=ti"", -11.5351], [""=be"", -11.5351], [""=de"", -11.5351], [""is-"", -12.1474], [""mu-"", -12.1474], [""xb-"", -12.1474], [""xa-"", -12.1474]]"
me	=ti	-5.8767	"[[""=ti"", -5.8767], [""ai"", -6.291], [""si"", -6.291], [""ti"", -6.291], [""ni"", -6.291], [""eni"", -6.9118], [""ẽti"", -6.9118], [""eti"", -6.9118], [""eri"", -6.9118], [""eli"", -6.9118]]"
na	=be	-8.7268	"[[""=be"", -8.7268], [""=de"", -8.7268], [""=mẽ"", -8.7268], [""=pe"", -8.7268], [""Jaɲ"", -8.7268], [""=ti"", -8.7268], [""ti-"", -9.6804], [""is-"", -9.6804], [""xi-"", -9.6804], [""ax-"", -9.6804]]"
nasi	=be	-14.5247	"[[""=be"", -14.5247], [""=ti"", -14.5247], [""=mẽ"", -14.5247], [""Jaɲ"", -14.5247], [""=de"", -14.5247], [""=pe"", -14.5247], [""ax-"", -14.9765], [""xb-"", -14.9765], [""mu-"", -14.9765], [""is-"", -14.9765]]"
nu	=be	-8.7268	"[[""=be"", -8.7268], [""=de"", -8.7268], [""=mẽ"", -8.7268], [""=pe"", -8.7268], [""Jaɲ"", -8.7268], [""=ti"", -8.7268], [""ti-"", -9.6804], [""is-"", -9.6804], [""xi-"", -9.6804], [""ax-"", -9.6804]]"
piteri	ai	-14.0252	"[[""ai"", -14.0252], [""γarãi"", -15.2296], [""Puwẽi"", -15.7445], [""aite"", -16.3679], [""ebei"", -16.3738], [""nei"", -16.4178], [""qbai"", -16.7511], [""trei"", -16.7635], [""eli"", -17.345], [""ebi"", -17.345]]"
rame	=ti	-11.3218	"[[""=ti"", -11.3218], [""ni"", -12.6134], [""ai"", -12.6134], [""ti"", -12.6134], [""si"", -12.6134], [""epi"", -12.8281], [""eni"", -12.8281], [""ẽti"", -12.8281], [""eti"", -12.8281], [""eri"", -12.8281]]"
re	=ti	-5.8767	"[[""=ti"", -5.8767], [""ai"", -6.291], [""si"", -6.291], [""ti"", -6.291], [""ni"", -6.291], [""eni"", -6.9118], [""ẽti"", -6.9118], [""eti"", -6.9118], [""eri"", -6.9118], [""eli"", -6.9118]]"
reike	=ti	-14.2498	"[[""=ti"", -14.2498], [""Piɡrẽi"", -14.2807], [""is-"", -14.7013], [""Pitstsi"", -14.9314], [""iwe-"", -15.0084], [""xi-"", -15.0421], [""ti-"", -15.0421], [""si-"", -15.0421], [""kiki"", -15.5565], [""pibi"", -15.5565]]"
reja	is-	-11.8206	"[[""is-"", -11.8206], [""xi-"", -11.9546], [""ti-"", -11.9546], [""si-"", -11.9546], [""iwe-"", -12.1979], [""tsi-"", -12.5981], [""=ti"", -12.7639], [""ite"", -12.8644], [""ije"", -12.8644], [""iða"", -12.8687]]"
ridau	mɲn-	-14.8637	"[[""mɲn-"", -14.8637], [""nun͂-"", -14.9723], [""=mẽ"", -15.0292], [""is-"", -15.052], [""mu-"", -15.3009], [""si-"", -15.3009], [""ter-"", -15.4141], [""tis-"", -15.4141], [""m̃mẽ"", -15.6048], [""m̃ma"", -15.6048]]"
sarame	=ti	-17.5004	"[[""=ti"", -17.5004], [""ti"", -19.2234], [""si"", -19.2234], [""ai"", -19.2234], [""ni"", -19.2234], [""epi"", -19.3105], [""ebi"", -19.3105], [""eri"", -19.3105], [""ẽti"", -19.3105], [""eni"", -19.3105]]"
sasarame	=ti	-23.9332	"[[""=ti"", -23.9332], [""Puwẽi"", -25.6583], [""γarãi"", -25.6603], [""ai"", -25.9512], [""ni"", -25.9512], [""ti"", -25.9512], [""si"", -25.9512], [""eri"", -25.9649], [""epi"", -25.9649], [""eti"", -25.9649]]"
sekanasi	is-	-24.181	"[[""is-"", -24.181], [""iwe-"", -24.2728], [""ite(/i)-"", -24.3501], [""a(i)-(di)"", -24.6083], [""si-"", -24.866], [""xi-"", -24.866], [""ti-"", -24.866], [""ti-(ti)"", -25.183], [""ije-(ti)"", -25.3497], [""ite-(ti)"", -25.3497]]"
setoija	iwe-	-18.8621	"[[""iwe-"", -18.8621], [""Piɲteusi"", -18.9026], [""eru-"", -19.1107], [""Mitsu"", -19.6323], [""ite(/i)-"", -19.8093], [""neu"", -19.9168], [""ipre(/i)-"", -19.9517], [""s(ije)-"", -20.1969], [""ite-(ti)"", -20.6063], [""ije-(ti)"", -20.6063]]"
si	=be	-8.7268	"[[""=be"", -8.7268], [""=de"", -8.7268], [""=mẽ"", -8.7268], [""=pe"", -8.7268], [""Jaɲ"", -8.7268], [""=ti"", -8.7268], [""ti-"", -9.6804], [""is-"", -9.6804], [""xi-"", -9.6804], [""ax-"", -9.6804]]"
siru	=be	-14.5247	"[[""=be"", -14.5247], [""=ti"", -14.5247], [""=mẽ"", -14.5247], [""Jaɲ"", -14.5247], [""=de"", -14.5247], [""=pe"", -14.5247], [""ax-"", -14.9765], [""xb-"", -14.9765], [""mu-"", -14.9765], [""is-"", -14.9765]]"
sirute	ai	-14.0252	"[[""ai"", -14.0252], [""γarãi"", -14.1934], [""Puwẽi"", -14.5284], [""ebei"", -15.8434], [""nei"", -15.9081], [""qbai"", -16.0386], [""trei"", -16.051], [""Piɡrẽi"", -16.5432], [""Mutlẽi"", -16.5466], [""ẽti"", -17.342]]"
tanaiΘti	eb(e)	-20.3513	"[[""eb(e)"", -20.3513], [""ada-"", -21.9373], [""ãxra-"", -21.9824], [""aðra"", -22.6475], [""aite"", -22.6599], [""epre"", -22.6723], [""esbe"", -22.6723], [""ada"", -22.6786], [""asa"", -22.6786], [""axa"", -22.6786]]"
tanaiΘutinu	eb(e)	-29.483	"[[""eb(e)"", -29.483], [""ebi(je)-"", -31.0943], [""ẽmi(je)-"", -31.0943], [""a(i)-(di)"", -31.2283], [""ãxra-"", -31.2568], [""ada-"", -31.2718], [""ebe(ɲne)-"", -31.3163], [""arm̃ma-"", -31.781], [""adm̃ma-"", -31.781], [""ebi(je)"", -31.805]]"
tanarateutinu	aðai(je)	-33.5128	"[[""aðai(je)"", -33.5128], [""awaxai(je)-"", -34.2851], [""a(i)-(di)"", -34.4599], [""eb(e)"", -35.3029], [""ebi(je)-"", -35.6135], [""ẽmi(je)-"", -35.6135], [""ebe(ɲne)-"", -35.6287], [""ẽne/i-"", -35.8257], [""ete/i-"", -35.8257], [""axãt(i)-"", -35.8379]]"
te	ai	0.0036	"[[""ai"", 0.0036], [""eli"", -3.4287], [""ẽti"", -3.4287], [""eni"", -3.4287], [""eri"", -3.4287], [""ebi"", -3.4287], [""epi"", -3.4287], [""eti"", -3.4287], [""ebei"", -3.4541], [""aite"", -3.4591]]"
tosa	eru-	-9.0794	"[[""eru-"", -9.0794], [""amu"", -10.3741], [""ẽmu"", -10.3863], [""adru"", -10.4741], [""neu"", -10.5002], [""ax-"", -11.2714], [""ad-"", -11.2714], [""ada-"", -11.5046], [""mu-"", -11.9546], [""Mula"", -12.213]]"
tume	ai	-7.009	"[[""ai"", -7.009], [""atsi"", -9.3573], [""ebei"", -9.3601], [""eni"", -9.3644], [""eti"", -9.3644], [""eri"", -9.3644], [""ebi"", -9.3644], [""ẽti"", -9.3644], [""epi"", -9.3644], [""eli"", -9.3644]]"
tumei	ai	-10.5162	"[[""ai"", -10.5162], [""ete/i-"", -11.5447], [""ẽne/i-"", -11.5447], [""xe/i-"", -12.0001], [""ebi"", -12.8617], [""eti"", -12.8617], [""eni"", -12.8617], [""eri"", -12.8617], [""epi"", -12.8617], [""eli"", -12.8617]]"
turusa	ax-	-17.4814	"[[""ax-"", -17.4814], [""ad-"", -17.4814], [""ada-"", -17.5978], [""eru-"", -17.6193], [""eb(e)"", -18.6878], [""xa-"", -18.7045], [""a(i)-(di)"", -18.7127], [""as-(ti)"", -18.7598], [""es-(ti)"", -18.7721], [""es-(di)"", -18.7721]]"
unaka	=be	-17.6191	"[[""=be"", -17.6191], [""=ti"", -17.6191], [""=pe"", -17.6191], [""=de"", -17.6191], [""=mẽ"", -17.6191], [""Jaɲ"", -17.6191], [""si-"", -17.9765], [""ti-"", -17.9765], [""mu-"", -17.9765], [""ad-"", -17.9765]]"
unakana	=pe	-23.9944	"[[""=pe"", -23.9944], [""=be"", -23.9944], [""=ti"", -23.9944], [""=mẽ"", -23.9944], [""Jaɲ"", -23.9944], [""=de"", -23.9944], [""ad-"", -24.2448], [""ti-"", -24.2448], [""is-"", -24.2448], [""mu-"", -24.2448]]"
unakanasi	(†)pẽnẽ	-30.2891	"[[""(†)pẽnẽ"", -30.2891], [""ux(i)-"", -30.3571], [""=mẽ"", -30.5191], [""=de"", -30.5191], [""Jaɲ"", -30.5191], [""=pe"", -30.5191], [""=be"", -30.5191], [""=ti"", -30.5191], [""ti-"", -30.7105], [""xi-"", -30.7105]]"
unarukajasi	(†)pẽnẽ	-36.2709	"[[""(†)pẽnẽ"", -36.2709], [""ux(i)-"", -36.3581], [""=we / =uwe"", -36.7266], [""ta-(di)"", -36.7372], [""ti-(ti)"", -36.7372], [""da-(di)"", -36.7372], [""la-(ti)"", -36.7372], [""ma-(ti)"", -36.7372], [""es-(ti)"", -36.7372], [""es-(di)"", -36.7372]]"
unarukanasi	(†)pẽnẽ	-36.2709	"[[""(†)pẽnẽ"", -36.2709], [""ux(i)-"", -36.3581], [""=we / =uwe"", -36.7266], [""ta-(di)"", -36.7372], [""ti-(ti)"", -36.7372], [""da-(di)"", -36.7372], [""la-(ti)"", -36.7372], [""ma-(ti)"", -36.7372], [""es-(ti)"", -36.7372], [""es-(di)"", -36.7372]]"
unarukanati	(†)pẽnẽ	-32.695	"[[""(†)pẽnẽ"", -32.695], [""=we / =uwe"", -32.7781], [""eb(e)"", -33.562], [""Masa"", -33.7036], [""Tele"", -33.716], [""=ewẽ"", -33.716], [""=be"", -34.0124], [""=pe"", -34.0124], [""=mẽ"", -34.0124], [""=de"", -34.0124]]"
utinu	ada-	-14.6175	"[[""ada-"", -14.6175], [""ax-"", -14.7634], [""ad-"", -14.7634], [""eru-"", -15.0349], [""xa-"", -15.0545], [""Masa"", -15.2014], [""=ewẽ"", -15.2137], [""Tele"", -15.2137], [""Jaɲ"", -15.3908], [""tsa-"", -15.7003]]"
Θwa	xb-	-8.4485	"[[""xb-"", -8.4485], [""xɲt-"", -9.0332], [""xtt-"", -9.0332], [""wex-"", -9.0879], [""tub-"", -9.0879], [""=ti"", -9.0909], [""=be"", -9.0909], [""=de"", -9.0909], [""=pe"", -9.0909], [""ti-"", -9.1032]]"
Φe	=ti	-5.8767	"[[""=ti"", -5.8767], [""ai"", -6.291], [""si"", -6.291], [""ti"", -6.291], [""ni"", -6.291], [""eni"", -6.9118], [""ẽti"", -6.9118], [""eti"", -6.9118], [""eri"", -6.9118], [""eli"", -6.9118]]"
Φniwi	Jaɲ	-14.8093	"[[""Jaɲ"", -14.8093], [""=ti"", -15.0316], [""=pe"", -15.0316], [""=de"", -15.0316], [""=be"", -15.0316], [""Tlax"", -15.032], [""xb-"", -15.0351], [""xɲt-"", -15.3448], [""xtt-"", -15.3448], [""wex-"", -15.3988]]"
