lost	top1_known	score	top10
aad	ukku	-6.9656	"[[""ukku"", -6.9656], [""uri"", -9.3726], [""bau"", -10.0153], [""ʃutu"", -10.0641], [""ruku"", -10.0641], [""puhu"", -10.0641], [""tuku"", -10.0641], [""dudu"", -10.0641], [""ɡuɡu"", -10.0641], [""kutu"", -10.0641]]"
aadi	ukku	-10.4657	"[[""ukku"", -10.4657], [""uri"", -12.4624], [""bau"", -13.0384], [""tuuʃ"", -13.0652], [""ukkubati"", -13.2121], [""kutu"", -13.51], [""ruku"", -13.51], [""puhu"", -13.51], [""ɡuɡu"", -13.51], [""muru"", -13.51]]"
aadik	ukkubati	-11.1217	"[[""ukkubati"", -11.1217], [""ʃudaba"", -13.7092], [""uri"", -13.7302], [""unra"", -13.8247], [""ukku"", -13.9632], [""abba"", -14.1662], [""ʃebe"", -14.2091], [""teumbe"", -14.467], [""bali"", -14.6716], [""bera"", -14.6716]]"
aadiki	ukkubati	-14.2097	"[[""ukkubati"", -14.2097], [""ʃudaba"", -17.1582], [""uri"", -17.2006], [""abebe"", -17.2911], [""abba"", -17.2951], [""unra"", -17.3213], [""ukku"", -17.458], [""ʃebe"", -17.6628], [""bali"", -17.7619], [""bera"", -17.7619]]"
aadikit	abebe	-15.3452	"[[""abebe"", -15.3452], [""ukkubati"", -15.5661], [""abba"", -17.3169], [""rabba"", -17.6764], [""tibbe"", -17.6764], [""ʃudaba"", -17.8575], [""ʃebe"", -18.4366], [""bela"", -19.1232], [""bera"", -19.1232], [""bali"", -19.1232]]"
aadikite	abebe	-18.8419	"[[""abebe"", -18.8419], [""ukkubati"", -18.9596], [""abba"", -20.815], [""rabba"", -21.1793], [""tibbe"", -21.1793], [""ʃudaba"", -21.362], [""ʃebe"", -21.9411], [""bali"", -22.5174], [""bera"", -22.5174], [""bela"", -22.5174]]"
aadikites	ukkubati	-20.9787	"[[""ukkubati"", -20.9787], [""abebe"", -22.3386], [""uriʃ"", -23.3176], [""ra-u-ba-sa"", -23.4075], [""abba"", -24.3129], [""tuuʃ"", -24.4824], [""tibbe"", -24.6822], [""rabba"", -24.6822], [""ʃudaba"", -24.8665], [""ʃebe"", -25.4456]]"
aadikitesi	ukkubati	-23.9129	"[[""ukkubati"", -23.9129], [""abebe"", -25.6199], [""ra-u-ba-sa"", -26.2337], [""uriʃ"", -26.8247], [""abba"", -27.6164], [""tuuʃ"", -27.9895], [""tibbe"", -28.1293], [""rabba"", -28.1314], [""ʃudaba"", -28.3625], [""ibbak"", -28.8677]]"
aaj	ukku	-8.3354	"[[""ukku"", -8.3354], [""uri"", -9.5503], [""tuuʃ"", -10.9539], [""bau"", -11.0797], [""puhu"", -11.4062], [""ʃutu"", -11.4062], [""tuku"", -11.4062], [""ɡuɡu"", -11.4062], [""dudu"", -11.4062], [""ruku"", -11.4062]]"
aaja	ukku	-10.0548	"[[""ukku"", -10.0548], [""uri"", -12.5792], [""dudu"", -13.1109], [""tuku"", -13.1109], [""ɡuɡu"", -13.1109], [""ruku"", -13.1109], [""kutu"", -13.1109], [""puhu"", -13.1109], [""muru"", -13.1109], [""ʃutu"", -13.1109]]"
aau	ukku	-8.3354	"[[""ukku"", -8.3354], [""uri"", -9.5503], [""tuuʃ"", -10.9539], [""bau"", -11.0797], [""dudu"", -11.4062], [""kutu"", -11.4062], [""puhu"", -11.4062], [""ruku"", -11.4062], [""muru"", -11.4062], [""ɡuɡu"", -11.4062]]"
ada	ukku	-6.9656	"[[""ukku"", -6.9656], [""uri"", -9.3726], [""bau"", -10.0153], [""ʃutu"", -10.0641], [""ruku"", -10.0641], [""puhu"", -10.0641], [""tuku"", -10.0641], [""dudu"", -10.0641], [""ɡuɡu"", -10.0641], [""kutu"", -10.0641]]"
adad	ukku	-9.5524	"[[""ukku"", -9.5524], [""uri"", -12.3607], [""ɡuɡu"", -12.5325], [""dudu"", -12.5325], [""kutu"", -12.5325], [""ruku"", -12.5325], [""muru"", -12.5325], [""ʃutu"", -12.5325], [""puhu"", -12.5325], [""tuku"", -12.5325]]"
adada	ukku	-12.3613	"[[""ukku"", -12.3613], [""ɡuɡu"", -15.2278], [""kutu"", -15.2278], [""dudu"", -15.2278], [""tuku"", -15.2278], [""ʃutu"", -15.2278], [""ruku"", -15.2278], [""muru"", -15.2278], [""puhu"", -15.2278], [""tuuʃ"", -15.2733]]"
adadau	ukku	-15.8659	"[[""ukku"", -15.8659], [""tuuʃ"", -18.3358], [""uri"", -18.6628], [""dudu"", -18.711], [""kutu"", -18.711], [""tuku"", -18.711], [""ruku"", -18.711], [""puhu"", -18.711], [""muru"", -18.711], [""ɡuɡu"", -18.711]]"
adadaut	ukku	-19.3696	"[[""ukku"", -19.3696], [""uri"", -19.9624], [""unra"", -20.0217], [""du ka"", -21.2426], [""ukkulaki"", -21.4939], [""ukkubati"", -21.4939], [""tuuʃ"", -21.5363], [""ulkina"", -22.1182], [""unsaha"", -22.1182], [""puhu"", -22.1941]]"
adadauti	ukku	-22.8724	"[[""ukku"", -22.8724], [""uri"", -23.441], [""unra"", -23.5196], [""ukkubati"", -24.4445], [""du ka"", -24.6773], [""ukkulaki"", -24.7889], [""tuuʃ"", -24.8093], [""ulkina"", -25.3905], [""unsaha"", -25.3905], [""puhu"", -25.677]]"
adadautin	huel	-23.8783	"[[""huel"", -23.8783], [""purur"", -25.6499], [""ʃutur"", -25.6716], [""kutun"", -25.6716], [""utstsun"", -25.7023], [""eul"", -25.9428], [""hunir"", -25.9538], [""ʃutin"", -25.9833], [""pur"", -26.0076], [""hun"", -26.0076]]"
adadautinu	huel	-27.3854	"[[""huel"", -27.3854], [""purur"", -29.1352], [""ʃutur"", -29.1787], [""kutun"", -29.1787], [""utstsun"", -29.2092], [""unra"", -29.3703], [""hunir"", -29.4314], [""eul"", -29.4491], [""uri"", -29.4626], [""ʃutin"", -29.4903]]"
adau	ukku	-10.4657	"[[""ukku"", -10.4657], [""uri"", -12.4624], [""tuuʃ"", -13.0652], [""muru"", -13.51], [""tuku"", -13.51], [""ɡuɡu"", -13.51], [""dudu"", -13.51], [""kutu"", -13.51], [""ruku"", -13.51], [""ʃutu"", -13.51]]"
adaut	uri	-13.7302	"[[""uri"", -13.7302], [""unra"", -13.8247], [""ukku"", -13.9632], [""du ka"", -15.6183], [""unsaha"", -16.1264], [""ulkina"", -16.1264], [""tuuʃ"", -16.2093], [""ukkulaki"", -16.4051], [""ukkubati"", -16.4051], [""turi"", -16.6013]]"
adauti	uri	-17.2006	"[[""uri"", -17.2006], [""unra"", -17.3213], [""ukku"", -17.458], [""abba"", -18.8019], [""du ka"", -19.0272], [""ukkubati"", -19.2291], [""unsaha"", -19.352], [""ulkina"", -19.352], [""tuuʃ"", -19.4503], [""ukkulaki"", -19.6639]]"
adautin	huel	-17.7639	"[[""huel"", -17.7639], [""eul"", -19.7281], [""pur"", -19.8788], [""mur"", -19.8788], [""hun"", -19.8788], [""kun"", -19.8788], [""unra"", -19.9353], [""uri"", -19.962], [""hunir"", -20.0276], [""ʃutin"", -20.0639]]"
adautinu	huel	-21.271	"[[""huel"", -21.271], [""unra"", -22.9692], [""uri"", -23.0471], [""eul"", -23.2332], [""uriʃ"", -23.3426], [""mur"", -23.3859], [""hun"", -23.3859], [""kun"", -23.3859], [""pur"", -23.3859], [""ulkina"", -23.4949]]"
adautinui	huel	-24.7781	"[[""huel"", -24.7781], [""abba"", -25.7631], [""ibbak"", -25.8618], [""unra"", -26.1498], [""uri"", -26.2586], [""uriʃ"", -26.4422], [""ulkina"", -26.5962], [""eul"", -26.7382], [""hun"", -26.893], [""pur"", -26.893]]"
adautinuin	unra	-27.4632	"[[""unra"", -27.4632], [""huel"", -27.5893], [""kunnir"", -28.5895], [""abba"", -28.6213], [""ibbak"", -28.6685], [""hunir"", -28.8105], [""purur"", -28.9123], [""abbara"", -29.0178], [""ulkina"", -29.0878], [""libair"", -29.1086]]"
adaw	ukku	-10.4657	"[[""ukku"", -10.4657], [""dudu"", -12.4544], [""ɡuɡu"", -12.4544], [""uri"", -12.4624], [""tuuʃ"", -13.0652], [""ʃutu"", -13.51], [""tuku"", -13.51], [""puhu"", -13.51], [""muru"", -13.51], [""kutu"", -13.51]]"
adawa	dudu	-10.0596	"[[""dudu"", -10.0596], [""ɡuɡu"", -10.0596], [""ukku"", -12.7866], [""hidu"", -13.5181], [""duma"", -14.6601], [""rapdu"", -15.4498], [""hindu"", -15.4498], [""mardu"", -15.4498], [""uri"", -15.593], [""ʃutu"", -15.709]]"
adawai	ɡuɡu	-13.5559	"[[""ɡuɡu"", -13.5559], [""dudu"", -13.5559], [""ukku"", -16.2901], [""hidu"", -17.0244], [""du ka"", -17.4311], [""duma"", -17.4683], [""uri"", -18.821], [""tuuʃ"", -18.9403], [""hindu"", -18.956], [""mardu"", -18.956]]"
adawaij	dudu	-17.052	"[[""dudu"", -17.052], [""ɡuɡu"", -17.052], [""ukku"", -19.7925], [""du ka"", -19.8862], [""hidu"", -20.5306], [""duma"", -20.5582], [""ukkubati"", -21.4466], [""ʃudaba"", -21.8299], [""uri"", -22.1052], [""tuuʃ"", -22.1547]]"
adawaija	ɡuɡu	-19.6522	"[[""ɡuɡu"", -19.6522], [""dudu"", -19.6522], [""ukku"", -22.3224], [""du ka"", -22.7048], [""hidu"", -23.3444], [""duma"", -23.5536], [""ukkubati"", -24.2643], [""bau"", -24.2683], [""ʃudaba"", -24.932], [""tuku"", -25.0592]]"
adi	ukku	-8.3354	"[[""ukku"", -8.3354], [""uri"", -9.5503], [""bau"", -10.052], [""tuuʃ"", -10.9539], [""ukkubati"", -11.1034], [""kutu"", -11.4062], [""puhu"", -11.4062], [""ɡuɡu"", -11.4062], [""tuku"", -11.4062], [""ruku"", -11.4062]]"
adik	ukkubati	-9.0017	"[[""ukkubati"", -9.0017], [""uri"", -10.7957], [""unra"", -10.914], [""abba"", -11.067], [""ʃudaba"", -11.115], [""ʃebe"", -11.1157], [""bela"", -11.1683], [""bali"", -11.1683], [""bera"", -11.1683], [""bau"", -11.6302]]"
adiki	ukkubati	-12.0894	"[[""ukkubati"", -12.0894], [""abba"", -14.0831], [""abebe"", -14.0923], [""bera"", -14.2573], [""bali"", -14.2573], [""bela"", -14.2573], [""uri"", -14.2598], [""unra"", -14.4095], [""bau"", -14.47], [""ʃudaba"", -14.5568]]"
adikit	abebe	-12.1182	"[[""abebe"", -12.1182], [""ukkubati"", -13.4437], [""abba"", -14.0612], [""rabba"", -14.5785], [""tibbe"", -14.5785], [""ʃudaba"", -15.1513], [""ʃebe"", -15.1745], [""bali"", -15.6166], [""bera"", -15.6166], [""bela"", -15.6166]]"
adikite	abebe	-15.6125	"[[""abebe"", -15.6125], [""ukkubati"", -16.8365], [""abba"", -17.5574], [""tibbe"", -18.0811], [""rabba"", -18.0811], [""ʃudaba"", -18.6558], [""ʃebe"", -18.679], [""bela"", -19.0106], [""bali"", -19.0106], [""bera"", -19.0106]]"
adikites	ukkubati	-18.8512	"[[""ukkubati"", -18.8512], [""abebe"", -19.1067], [""uriʃ"", -20.3342], [""abba"", -21.0536], [""tibbe"", -21.5836], [""rabba"", -21.5837], [""ʃudaba"", -22.1602], [""teiʃ"", -22.169], [""ʃebe"", -22.1834], [""tuuʃ"", -22.3246]]"
adikitesi	ukkubati	-21.7849	"[[""ukkubati"", -21.7849], [""abebe"", -22.3289], [""uriʃ"", -23.8413], [""abba"", -24.3083], [""tibbe"", -25.0194], [""rabba"", -25.0224], [""ibbak"", -25.4555], [""ra-u-ba-sa"", -25.4571], [""batsitsi"", -25.6251], [""ʃudaba"", -25.6556]]"
adikitesir	ukkubati	-24.9301	"[[""ukkubati"", -24.9301], [""abebe"", -25.6147], [""uriʃ"", -27.3484], [""abba"", -27.614], [""ibbak"", -28.3951], [""tibbe"", -28.4597], [""rabba"", -28.4655], [""ra-u-ba-sa"", -28.5516], [""batsitsi"", -28.6922], [""ʃudaba"", -29.151]]"
adikitet	abebe	-18.3454	"[[""abebe"", -18.3454], [""ukkubati"", -19.046], [""abba"", -20.3241], [""rabba"", -20.8871], [""tibbe"", -20.8871], [""bera"", -21.2259], [""bali"", -21.2259], [""bela"", -21.2259], [""abbara"", -21.3211], [""ʃudaba"", -21.4974]]"
adikitete	abebe	-21.8424	"[[""abebe"", -21.8424], [""ukkubati"", -22.5045], [""abba"", -23.8264], [""rabba"", -24.3925], [""tibbe"", -24.3925], [""bali"", -24.6848], [""bera"", -24.6848], [""bela"", -24.6848], [""abbara"", -24.7433], [""ʃudaba"", -25.0035]]"
adikiteter	abebe	-25.3392	"[[""abebe"", -25.3392], [""ukkubati"", -25.9639], [""abba"", -27.3286], [""rabba"", -27.8978], [""tibbe"", -27.8978], [""bela"", -28.1446], [""bera"", -28.1446], [""bali"", -28.1446], [""abbara"", -28.1697], [""ʃudaba"", -28.5096]]"
adikitu	abebe	-15.6125	"[[""abebe"", -15.6125], [""ukkubati"", -16.8365], [""abba"", -17.5574], [""tibbe"", -18.0811], [""rabba"", -18.0811], [""ʃudaba"", -18.6558], [""ʃebe"", -18.679], [""bela"", -19.0106], [""bera"", -19.0106], [""bali"", -19.0106]]"
adikituj	abebe	-19.1067	"[[""abebe"", -19.1067], [""ukkubati"", -20.2381], [""abba"", -21.0536], [""rabba"", -21.5837], [""tibbe"", -21.5837], [""ʃudaba"", -22.1602], [""ʃebe"", -22.1835], [""bera"", -22.4133], [""bela"", -22.4133], [""bali"", -22.4133]]"
adikituja	bau	-22.0052	"[[""bau"", -22.0052], [""abebe"", -22.6007], [""ukkubati"", -23.647], [""abba"", -24.5496], [""rabba"", -25.0862], [""tibbe"", -25.0862], [""ʃudaba"", -25.6647], [""ʃebe"", -25.688], [""bera"", -25.8232], [""bela"", -25.8232]]"
adikitujas	bau	-25.5114	"[[""bau"", -25.5114], [""ukkubati"", -25.8121], [""abebe"", -26.0945], [""uriʃ"", -27.305], [""tiut"", -27.7118], [""tuuʃ"", -27.9], [""abba"", -28.0455], [""ʃimiut"", -28.5289], [""ʃariut"", -28.5289], [""ra-u-ba-sa"", -28.5866]]"
aea	ukku	-7.6458	"[[""ukku"", -7.6458], [""uri"", -9.7735], [""bau"", -10.4121], [""puhu"", -10.8456], [""ʃutu"", -10.8456], [""tuku"", -10.8456], [""ɡuɡu"", -10.8456], [""dudu"", -10.8456], [""ruku"", -10.8456], [""muru"", -10.8456]]"
aead	ukku	-10.0551	"[[""ukku"", -10.0551], [""uri"", -12.7155], [""bau"", -13.0111], [""dudu"", -13.081], [""muru"", -13.081], [""ʃutu"", -13.081], [""tuku"", -13.081], [""ruku"", -13.081], [""puhu"", -13.081], [""ɡuɡu"", -13.081]]"
aeadi	ukku	-13.5573	"[[""ukku"", -13.5573], [""uri"", -15.8556], [""bau"", -16.201], [""ukkubati"", -16.2974], [""tuuʃ"", -16.3419], [""dudu"", -16.538], [""ruku"", -16.538], [""muru"", -16.538], [""puhu"", -16.538], [""tuku"", -16.538]]"
aeadik	ukkubati	-14.2109	"[[""ukkubati"", -14.2109], [""ʃudaba"", -16.8679], [""ukku"", -17.0578], [""uri"", -17.132], [""unra"", -17.2162], [""abba"", -17.378], [""ʃebe"", -17.4178], [""teumbe"", -17.4195], [""bela"", -18.174], [""bera"", -18.174]]"
aeadiki	ukkubati	-17.299	"[[""ukkubati"", -17.299], [""ʃudaba"", -20.3184], [""abebe"", -20.553], [""ukku"", -20.5565], [""abba"", -20.5701], [""uri"", -20.6058], [""unra"", -20.7133], [""ra-u-ba-sa"", -20.7439], [""ʃebe"", -20.877], [""teumbe"", -20.9143]]"
aeadikit	abebe	-18.6339	"[[""abebe"", -18.6339], [""ukkubati"", -18.6559], [""abba"", -20.6231], [""rabba"", -20.8867], [""tibbe"", -20.8867], [""ʃudaba"", -21.0399], [""ra-u-ba-sa"", -21.3472], [""ʃebe"", -21.746], [""duliibbe"", -22.2822], [""bali"", -22.6297]]"
aeadikite	ukkubati	-22.0495	"[[""ukkubati"", -22.0495], [""abebe"", -22.1321], [""abba"", -24.1224], [""ra-u-ba-sa"", -24.3809], [""rabba"", -24.3898], [""tibbe"", -24.3898], [""ʃudaba"", -24.5444], [""ʃebe"", -25.2506], [""duliibbe"", -25.7759], [""bela"", -26.024]]"
aeadikitet	ukkubati	-24.2628	"[[""ukkubati"", -24.2628], [""abebe"", -24.8968], [""ra-u-ba-sa"", -25.7757], [""abba"", -26.9127], [""rabba"", -27.2002], [""tibbe"", -27.2002], [""ʃudaba"", -27.39], [""abbara"", -27.8831], [""ʃebe"", -28.1016], [""bela"", -28.2402]]"
aid	bau	-7.5336	"[[""bau"", -7.5336], [""ukku"", -7.6458], [""buni"", -7.6635], [""uri"", -9.7735], [""dudu"", -10.8456], [""ʃutu"", -10.8456], [""tuku"", -10.8456], [""ɡuɡu"", -10.8456], [""muru"", -10.8456], [""puhu"", -10.8456]]"
aida	bau	-10.0065	"[[""bau"", -10.0065], [""ukku"", -10.0551], [""buni"", -10.0683], [""uri"", -12.7155], [""muru"", -13.081], [""dudu"", -13.081], [""kutu"", -13.081], [""puhu"", -13.081], [""ruku"", -13.081], [""ɡuɡu"", -13.081]]"
aidaa	ukku	-12.7868	"[[""ukku"", -12.7868], [""bau"", -12.845], [""buni"", -12.8751], [""dudu"", -15.6419], [""ʃutu"", -15.6419], [""tuku"", -15.6419], [""ɡuɡu"", -15.6419], [""muru"", -15.6419], [""ruku"", -15.6419], [""puhu"", -15.6419]]"
aidaau	buni	-15.9653	"[[""buni"", -15.9653], [""ukku"", -16.2909], [""bau"", -16.3426], [""tuuʃ"", -18.8428], [""uri"", -18.9514], [""puhu"", -19.1176], [""ruku"", -19.1176], [""muru"", -19.1176], [""tuku"", -19.1176], [""ʃutu"", -19.1176]]"
aidaj	buni	-13.0526	"[[""buni"", -13.0526], [""bau"", -13.4947], [""ukku"", -13.5573], [""uri"", -15.8556], [""tuuʃ"", -16.3419], [""dudu"", -16.538], [""ʃutu"", -16.538], [""ɡuɡu"", -16.538], [""puhu"", -16.538], [""ruku"", -16.538]]"
aidaja	ukku	-16.0779	"[[""ukku"", -16.0779], [""buni"", -16.0819], [""bau"", -16.1974], [""dudu"", -18.8506], [""muru"", -18.8506], [""kutu"", -18.8506], [""ruku"", -18.8506], [""ɡuɡu"", -18.8506], [""puhu"", -18.8506], [""ʃutu"", -18.8506]]"
aidajas	tuuʃ	-16.304	"[[""tuuʃ"", -16.304], [""uriʃ"", -19.0117], [""buni"", -19.2597], [""tiut"", -19.3201], [""ukku"", -19.582], [""bau"", -19.6962], [""kuraʃ"", -21.5526], [""kumaʃ"", -21.5526], [""kurat"", -21.5526], [""dumaʃ"", -21.5526]]"
aij	bau	-9.7735	"[[""bau"", -9.7735], [""uri"", -10.052], [""buni"", -11.9618], [""abba"", -12.1484], [""ukku"", -12.1784], [""uriʃ"", -12.1808], [""unra"", -12.1808], [""bela"", -12.1855], [""bali"", -12.1855], [""bera"", -12.1855]]"
aija	bau	-10.3883	"[[""bau"", -10.3883], [""ukku"", -10.7321], [""buni"", -11.159], [""uri"", -13.044], [""dudu"", -13.9179], [""kutu"", -13.9179], [""puhu"", -13.9179], [""ruku"", -13.9179], [""tuku"", -13.9179], [""muru"", -13.9179]]"
ain	eul	-7.5835	"[[""eul"", -7.5835], [""mur"", -7.5835], [""hun"", -7.5835], [""pur"", -7.5835], [""kun"", -7.5835], [""unra"", -7.6044], [""uri"", -7.6128], [""uriʃ"", -7.6635], [""nan"", -9.3539], [""aal"", -9.7388]]"
aina	muru	-8.2727	"[[""muru"", -8.2727], [""bau"", -10.3883], [""unra"", -10.4067], [""uri"", -10.442], [""ruku"", -10.4576], [""uriʃ"", -10.4651], [""ukku"", -10.7321], [""buni"", -10.9961], [""pur"", -11.0873], [""mur"", -11.0873]]"
ainaj	muru	-11.7788	"[[""muru"", -11.7788], [""unra"", -13.4952], [""uri"", -13.5489], [""uriʃ"", -13.5528], [""ruku"", -13.5581], [""buni"", -13.8412], [""bau"", -13.8673], [""rum"", -13.9353], [""luk"", -13.9353], [""numi"", -13.9717]]"
ainaja	ruku	-14.4925	"[[""ruku"", -14.4925], [""muru"", -14.5912], [""bau"", -16.3471], [""ukku"", -16.5363], [""buni"", -16.6937], [""unra"", -16.7009], [""uriʃ"", -16.7576], [""uri"", -16.7638], [""rum"", -16.7794], [""luk"", -16.7794]]"
ainajar	rum	-15.114	"[[""rum"", -15.114], [""ruku"", -17.9495], [""muru"", -18.0981], [""numi"", -18.377], [""buni"", -19.7999], [""bau"", -19.8444], [""luluki"", -19.8623], [""luk"", -19.8916], [""unra"", -19.971], [""uriʃ"", -20.0268]]"
ainajare	rum	-18.6194	"[[""rum"", -18.6194], [""numi"", -21.2674], [""ruku"", -21.4076], [""muru"", -21.6049], [""luluki"", -23.0124], [""buni"", -23.0153], [""luk"", -23.1167], [""unra"", -23.2819], [""uriʃ"", -23.3369], [""bau"", -23.3416]]"
ainajaret	numi	-19.9933	"[[""numi"", -19.9933], [""rum"", -22.1247], [""uri"", -23.0815], [""buni"", -24.067], [""luluki"", -24.234], [""unra"", -24.3628], [""ruku"", -24.8668], [""muru"", -25.1118], [""duma"", -25.2761], [""bali"", -25.6294]]"
ainajareta	numi	-23.4974	"[[""numi"", -23.4974], [""rum"", -25.6288], [""bau"", -26.5721], [""uri"", -26.5857], [""ruku"", -26.8363], [""buni"", -27.5431], [""luluki"", -27.6472], [""unra"", -27.8544], [""muru"", -28.1783], [""duma"", -28.78]]"
ainw	unra	-10.4075	"[[""unra"", -10.4075], [""uri"", -10.4563], [""uriʃ"", -10.466], [""kun"", -11.0904], [""eul"", -11.0904], [""pur"", -11.0904], [""hun"", -11.0904], [""mur"", -11.0904], [""nan"", -12.5757], [""buni"", -12.7586]]"
ainwa	hindu	-10.4262	"[[""hindu"", -10.4262], [""mardu"", -10.4262], [""rapdu"", -11.165], [""ɡuɡu"", -11.6243], [""dudu"", -11.6243], [""muru"", -11.7777], [""unra"", -13.4963], [""bau"", -13.5037], [""hidu"", -13.5212], [""ruku"", -13.5517]]"
ainwaz	uri	-12.5777	"[[""uri"", -12.5777], [""mardu"", -13.9325], [""hindu"", -13.9325], [""inɡi"", -14.2737], [""unra"", -14.3375], [""buni"", -14.5637], [""harɡi"", -14.6191], [""rapdu"", -14.6703], [""ɡuɡu"", -15.0836], [""dudu"", -15.0836]]"
ainwaza	bau	-16.0724	"[[""bau"", -16.0724], [""uri"", -16.082], [""hindu"", -16.7481], [""mardu"", -16.7481], [""dudu"", -17.3307], [""ɡuɡu"", -17.3307], [""rapdu"", -17.3654], [""inɡi"", -17.7781], [""unra"", -17.8208], [""ruku"", -17.9478]]"
ainwazaΦ	rum	-18.6202	"[[""rum"", -18.6202], [""bau"", -19.5785], [""uri"", -19.5863], [""lim"", -19.9916], [""mardu"", -20.2553], [""hindu"", -20.2553], [""dabarrium"", -20.4128], [""ɡuɡu"", -20.8119], [""dudu"", -20.8119], [""rapdu"", -20.8714]]"
ainwazaΦn	purur	-21.5989	"[[""purur"", -21.5989], [""rum"", -22.1255], [""nan"", -22.4028], [""rikur"", -22.4416], [""hunir"", -22.9645], [""ruelpa"", -23.0428], [""eul"", -23.0688], [""uri"", -23.0802], [""bau"", -23.0847], [""kidur"", -23.3363]]"
ainwazaΦni	purur	-25.1058	"[[""purur"", -25.1058], [""rum"", -25.6308], [""ruelpa"", -25.8496], [""nan"", -25.9099], [""rikur"", -25.9486], [""hunir"", -26.4703], [""uri"", -26.5743], [""eul"", -26.5759], [""bau"", -26.5906], [""kidur"", -26.8435]]"
aiΘ	bau	-9.7735	"[[""bau"", -9.7735], [""uri"", -10.052], [""buni"", -11.9618], [""abba"", -12.1484], [""ukku"", -12.1784], [""uriʃ"", -12.1808], [""unra"", -12.1808], [""bela"", -12.1855], [""bali"", -12.1855], [""bera"", -12.1855]]"
aiΘt	bali	-10.7528	"[[""bali"", -10.7528], [""bera"", -10.7528], [""bela"", -10.7528], [""buni"", -11.1213], [""uri"", -11.2906], [""unra"", -11.4147], [""bau"", -11.5821], [""abba"", -11.6785], [""ʃebe"", -11.7968], [""ʃudaba"", -12.4807]]"
aiΘti	bera	-13.9638	"[[""bera"", -13.9638], [""bali"", -13.9638], [""bela"", -13.9638], [""bau"", -14.4437], [""abba"", -14.4588], [""abebe"", -14.4704], [""buni"", -14.6115], [""uri"", -14.7617], [""unra"", -14.911], [""ʃebe"", -15.1838]]"
aiΘtij	bali	-17.2347	"[[""bali"", -17.2347], [""bela"", -17.2347], [""bera"", -17.2347], [""abebe"", -17.3306], [""abba"", -17.5419], [""bau"", -17.5605], [""buni"", -18.0953], [""uri"", -18.2331], [""unra"", -18.405], [""ʃebe"", -18.5838]]"
aiΘtija	bau	-16.0739	"[[""bau"", -16.0739], [""abebe"", -20.4396], [""ukku"", -20.5134], [""bela"", -20.5444], [""bali"", -20.5444], [""bera"", -20.5444], [""buni"", -20.5632], [""abba"", -20.7467], [""uri"", -21.6755], [""unra"", -21.8947]]"
aiΘtijas	bau	-19.5798	"[[""bau"", -19.5798], [""tiut"", -21.5437], [""uriʃ"", -21.67], [""tuuʃ"", -22.0649], [""ʃimiut"", -23.1697], [""ʃariut"", -23.1697], [""buni"", -23.5599], [""abebe"", -23.6563], [""ipiʃ"", -23.8781], [""bali"", -23.8811]]"
aiΘtijasa	bau	-22.3922	"[[""bau"", -22.3922], [""ʃutu"", -23.7829], [""kutu"", -23.7973], [""pitu"", -25.0207], [""hasu"", -25.0207], [""tiut"", -25.0491], [""uriʃ"", -25.1768], [""tuuʃ"", -25.5232], [""buni"", -26.4833], [""ukku"", -26.5475]]"
aiΘtijasas	bau	-25.8993	"[[""bau"", -25.8993], [""tuuʃ"", -26.6849], [""ʃutu"", -27.0724], [""tiut"", -27.1784], [""kutu"", -27.2999], [""batsitsi"", -27.7634], [""uriʃ"", -27.9171], [""ʃutur"", -28.4673], [""hasu"", -28.5251], [""pitu"", -28.5251]]"
aiΘu	bau	-12.864	"[[""bau"", -12.864], [""uri"", -13.2567], [""buni"", -14.8442], [""bera"", -15.0009], [""bali"", -15.0009], [""bela"", -15.0009], [""ukku"", -15.1712], [""unra"", -15.1726], [""uriʃ"", -15.1726], [""abba"", -15.2375]]"
aiΘuj	bau	-16.071	"[[""bau"", -16.071], [""uri"", -16.5263], [""buni"", -17.8748], [""bera"", -17.9958], [""bali"", -17.9958], [""bela"", -17.9958], [""ukku"", -18.2688], [""unra"", -18.2698], [""uriʃ"", -18.2698], [""abba"", -18.4433]]"
aiΘuja	bau	-16.73	"[[""bau"", -16.73], [""ukku"", -17.2041], [""buni"", -18.1397], [""uri"", -19.6943], [""dudu"", -20.3474], [""kutu"", -20.3474], [""ruku"", -20.3474], [""puhu"", -20.3474], [""muru"", -20.3474], [""ɡuɡu"", -20.3474]]"
aiΘut	bera	-13.9572	"[[""bera"", -13.9572], [""bali"", -13.9572], [""bela"", -13.9572], [""buni"", -14.2105], [""uri"", -14.5171], [""unra"", -14.6168], [""bau"", -14.9966], [""abba"", -15.1243], [""ʃebe"", -15.2925], [""ʃudaba"", -15.9751]]"
aiΘuti	bela	-17.2363	"[[""bela"", -17.2363], [""bera"", -17.2363], [""bali"", -17.2363], [""buni"", -17.7044], [""bau"", -17.9], [""abba"", -17.9333], [""abebe"", -17.9338], [""uri"", -17.9964], [""unra"", -18.1144], [""ʃebe"", -18.6537]]"
aiΘutin	bera	-18.7249	"[[""bera"", -18.7249], [""bali"", -18.7249], [""bela"", -18.7249], [""huel"", -19.3551], [""libair"", -19.8989], [""tsabar"", -20.2677], [""balina"", -20.3247], [""aal"", -20.3637], [""aain"", -20.4804], [""atin"", -20.5259]]"
aiΘutinu	bela	-21.608	"[[""bela"", -21.608], [""bali"", -21.608], [""bera"", -21.608], [""huel"", -22.8622], [""balina"", -23.045], [""libair"", -23.4011], [""tsabar"", -23.7583], [""aal"", -23.8668], [""abebe"", -23.9198], [""unra"", -23.9535]]"
aiΘutinuj	bera	-24.734	"[[""bera"", -24.734], [""bela"", -24.734], [""bali"", -24.734], [""balina"", -26.0425], [""huel"", -26.3692], [""libair"", -26.9022], [""abebe"", -27.139], [""unra"", -27.1547], [""tsabar"", -27.2488], [""abbara"", -27.2534]]"
aiΘutinuja	bau	-26.5753	"[[""bau"", -26.5753], [""bera"", -27.966], [""bali"", -27.966], [""bela"", -27.966], [""tsibbaru"", -28.1745], [""anaku"", -28.9339], [""muru"", -29.0901], [""balina"", -29.1629], [""huel"", -29.8755], [""libair"", -30.4023]]"
aiΘw	bau	-12.864	"[[""bau"", -12.864], [""uri"", -13.2567], [""da"", -13.9074], [""dudu"", -14.3394], [""ɡuɡu"", -14.3394], [""buni"", -14.8442], [""bera"", -15.0009], [""bela"", -15.0009], [""bali"", -15.0009], [""ukku"", -15.1712]]"
aiΘwa	dudu	-11.6243	"[[""dudu"", -11.6243], [""ɡuɡu"", -11.6243], [""bau"", -13.5037], [""hidu"", -13.5212], [""ukku"", -13.9358], [""buni"", -14.651], [""duma"", -14.6754], [""mardu"", -15.4587], [""hindu"", -15.4587], [""rapdu"", -15.4587]]"
aiΘwae	dudu	-15.0836	"[[""dudu"", -15.0836], [""ɡuɡu"", -15.0836], [""bau"", -16.9915], [""hidu"", -17.0274], [""ukku"", -17.437], [""buni"", -17.4626], [""du ka"", -17.463], [""duma"", -17.4782], [""rapdu"", -18.9649], [""mardu"", -18.9649]]"
aiΘwaea	dudu	-17.3307	"[[""dudu"", -17.3307], [""ɡuɡu"", -17.3307], [""bau"", -19.574], [""hidu"", -19.8409], [""ukku"", -19.8481], [""du ka"", -19.8941], [""buni"", -20.2791], [""duma"", -20.2888], [""mardu"", -21.7678], [""hindu"", -21.7678]]"
aiΘwaead	dudu	-20.0727	"[[""dudu"", -20.0727], [""ɡuɡu"", -20.0727], [""bau"", -22.5383], [""du ka"", -22.5628], [""ukku"", -22.7039], [""hidu"", -22.9416], [""buni"", -23.2252], [""duma"", -23.2317], [""hindu"", -24.8603], [""mardu"", -24.8603]]"
aiΘwaeadi	dudu	-23.5619	"[[""dudu"", -23.5619], [""ɡuɡu"", -23.5619], [""du ka"", -25.3827], [""bau"", -26.0374], [""ukku"", -26.2092], [""buni"", -26.3666], [""duma"", -26.3722], [""hidu"", -26.4491], [""dunih"", -28.3264], [""dumaʃ"", -28.3264]]"
aiΘwaeadik	du ka	-26.3794	"[[""du ka"", -26.3794], [""ukkubati"", -26.8567], [""dudu"", -27.051], [""ɡuɡu"", -27.051], [""duliibbe"", -27.247], [""qaduukqa"", -27.5978], [""buni"", -27.6269], [""duma"", -27.6446], [""ʃudaba"", -28.057], [""abba"", -28.5927]]"
aiΘwaj	dudu	-15.0836	"[[""dudu"", -15.0836], [""ɡuɡu"", -15.0836], [""bau"", -16.9915], [""hidu"", -17.0274], [""ukku"", -17.437], [""buni"", -17.4626], [""du ka"", -17.463], [""duma"", -17.4782], [""rapdu"", -18.9649], [""mardu"", -18.9649]]"
aiΘwaja	dudu	-17.3307	"[[""dudu"", -17.3307], [""ɡuɡu"", -17.3307], [""bau"", -19.574], [""hidu"", -19.8409], [""ukku"", -19.8481], [""du ka"", -19.8941], [""buni"", -20.2791], [""duma"", -20.2888], [""mardu"", -21.7678], [""hindu"", -21.7678]]"
aiΘwajaa	dudu	-20.0727	"[[""dudu"", -20.0727], [""ɡuɡu"", -20.0727], [""bau"", -22.5383], [""du ka"", -22.5628], [""ukku"", -22.7039], [""hidu"", -22.9416], [""buni"", -23.2252], [""duma"", -23.2317], [""hindu"", -24.8603], [""mardu"", -24.8603]]"
aiΘwajaad	ɡuɡu	-22.9751	"[[""ɡuɡu"", -22.9751], [""dudu"", -22.9751], [""du ka"", -25.3806], [""bau"", -25.6486], [""ukku"", -25.7079], [""hidu"", -26.1599], [""buni"", -26.2762], [""duma"", -26.281], [""rapdu"", -28.0703], [""hindu"", -28.0703]]"
aiΘwajaadi	dudu	-26.4693	"[[""dudu"", -26.4693], [""ɡuɡu"", -26.4693], [""du ka"", -28.3098], [""bau"", -29.1506], [""ukku"", -29.2137], [""buni"", -29.4639], [""duma"", -29.4681], [""hidu"", -29.6675], [""qaduukqa"", -31.0616], [""duliibbe"", -31.2847]]"
aiΘwajaaj	dudu	-23.5619	"[[""dudu"", -23.5619], [""ɡuɡu"", -23.5619], [""du ka"", -25.3827], [""bau"", -26.0414], [""ukku"", -26.2092], [""buni"", -26.3669], [""duma"", -26.3722], [""hidu"", -26.4491], [""duraʃ"", -28.3264], [""dumaʃ"", -28.3264]]"
aiΘwajaaja	ɡuɡu	-26.3266	"[[""ɡuɡu"", -26.3266], [""dudu"", -26.3266], [""du ka"", -28.3498], [""bau"", -29.1081], [""ukku"", -29.1106], [""buni"", -29.5311], [""duma"", -29.5354], [""hidu"", -29.6661], [""qaduukqa"", -31.2682], [""dunih"", -31.3759]]"
aiΘwajaj	ɡuɡu	-20.8119	"[[""ɡuɡu"", -20.8119], [""dudu"", -20.8119], [""du ka"", -22.567], [""bau"", -23.0738], [""hidu"", -23.348], [""ukku"", -23.3522], [""buni"", -23.3724], [""duma"", -23.38], [""hindu"", -25.2748], [""rapdu"", -25.2748]]"
aiΘwajaja	ɡuɡu	-23.3909	"[[""ɡuɡu"", -23.3909], [""dudu"", -23.3909], [""du ka"", -25.4553], [""bau"", -25.9751], [""ukku"", -26.0829], [""hidu"", -26.4474], [""buni"", -26.4697], [""duma"", -26.4755], [""mardu"", -28.3605], [""hindu"", -28.3605]]"
aiΘwajajaa	ɡuɡu	-26.2832	"[[""ɡuɡu"", -26.2832], [""dudu"", -26.2832], [""du ka"", -28.4347], [""ukku"", -29.0611], [""bau"", -29.065], [""buni"", -29.6049], [""duma"", -29.6095], [""hidu"", -29.6649], [""dunih"", -31.4555], [""dumaʃ"", -31.4555]]"
aiΘwajajad	ɡuɡu	-26.2832	"[[""ɡuɡu"", -26.2832], [""dudu"", -26.2832], [""du ka"", -28.4347], [""ukku"", -29.0611], [""bau"", -29.065], [""buni"", -29.6049], [""duma"", -29.6095], [""hidu"", -29.6649], [""dunih"", -31.4555], [""dumaʃ"", -31.4555]]"
aiΘwajajai	dudu	-26.8831	"[[""dudu"", -26.8831], [""ɡuɡu"", -26.8831], [""du ka"", -28.436], [""bau"", -29.4746], [""ukku"", -29.5881], [""buni"", -29.68], [""duma"", -29.6852], [""hidu"", -29.9549], [""duliibbe"", -31.4054], [""dumaʃ"", -31.4831]]"
aiΘwajajaj	ɡuɡu	-26.8831	"[[""ɡuɡu"", -26.8831], [""dudu"", -26.8831], [""du ka"", -28.436], [""bau"", -29.4784], [""ukku"", -29.5881], [""buni"", -29.6802], [""duma"", -29.6852], [""hidu"", -29.9549], [""duraʃ"", -31.4831], [""dumaʃ"", -31.4831]]"
aiΘwajajas	tuuʃ	-26.3868	"[[""tuuʃ"", -26.3868], [""duraʃ"", -26.4688], [""dumaʃ"", -26.4688], [""dudu"", -26.8831], [""ɡuɡu"", -26.8831], [""du ka"", -28.436], [""tiut"", -29.2251], [""uriʃ"", -29.2523], [""bau"", -29.4784], [""ukku"", -29.5881]]"
aiΘwajas	duraʃ	-20.2829	"[[""duraʃ"", -20.2829], [""dumaʃ"", -20.2829], [""tuuʃ"", -20.3866], [""ɡuɡu"", -20.8119], [""dudu"", -20.8119], [""du ka"", -22.567], [""uriʃ"", -22.7435], [""tiut"", -22.8101], [""bau"", -23.0738], [""hidu"", -23.348]]"
aiΘwajase	duraʃ	-23.7875	"[[""duraʃ"", -23.7875], [""dumaʃ"", -23.7875], [""tuuʃ"", -23.8936], [""ɡuɡu"", -24.2931], [""dudu"", -24.2931], [""du ka"", -25.4575], [""uriʃ"", -26.2489], [""tiut"", -26.3166], [""bau"", -26.5734], [""buni"", -26.5809]]"
aiΘwajasek	du ka	-26.495	"[[""du ka"", -26.495], [""dumaʃ"", -27.2766], [""duraʃ"", -27.2766], [""tuuʃ"", -27.4007], [""duʃarama"", -27.522], [""husa"", -27.5276], [""kuʃi"", -27.5276], [""huta"", -27.5276], [""ukkubati"", -27.6252], [""kurrusa"", -27.6422]]"
aiΘwajat	du ka	-20.6692	"[[""du ka"", -20.6692], [""dudu"", -20.8119], [""ɡuɡu"", -20.8119], [""buni"", -21.4776], [""duma"", -21.5059], [""da"", -22.4093], [""qaduukqa"", -22.5302], [""bau"", -23.0182], [""hidu"", -23.3475], [""ukku"", -23.3522]]"
aiΘwajatu	du ka	-24.0568	"[[""du ka"", -24.0568], [""dudu"", -24.2931], [""ɡuɡu"", -24.2931], [""buni"", -24.9345], [""duma"", -24.9616], [""da"", -25.9138], [""qaduukqa"", -26.0161], [""bau"", -26.466], [""hidu"", -26.8541], [""ukku"", -26.8554]]"
aiΘwajatur	du ka	-27.4227	"[[""du ka"", -27.4227], [""dudu"", -27.7742], [""ɡuɡu"", -27.7742], [""duma"", -28.0264], [""buni"", -28.3926], [""dumaʃ"", -28.9197], [""da"", -29.4183], [""qaduukqa"", -29.4953], [""bau"", -29.9171], [""ukku"", -30.3577]]"
aja	ukku	-7.6458	"[[""ukku"", -7.6458], [""uri"", -9.7735], [""bau"", -10.4121], [""puhu"", -10.8456], [""ʃutu"", -10.8456], [""tuku"", -10.8456], [""ɡuɡu"", -10.8456], [""dudu"", -10.8456], [""ruku"", -10.8456], [""muru"", -10.8456]]"
ajaa	ukku	-10.0551	"[[""ukku"", -10.0551], [""uri"", -12.7155], [""bau"", -13.0111], [""dudu"", -13.081], [""muru"", -13.081], [""ʃutu"", -13.081], [""tuku"", -13.081], [""ruku"", -13.081], [""puhu"", -13.081], [""ɡuɡu"", -13.081]]"
ajaad	ukku	-12.7868	"[[""ukku"", -12.7868], [""ʃutu"", -15.6419], [""dudu"", -15.6419], [""tuku"", -15.6419], [""ruku"", -15.6419], [""puhu"", -15.6419], [""ɡuɡu"", -15.6419], [""muru"", -15.6419], [""kutu"", -15.6419], [""uri"", -15.7644]]"
ajaadi	ukku	-16.2909	"[[""ukku"", -16.2909], [""tuuʃ"", -18.8428], [""uri"", -18.9514], [""ukkubati"", -19.0128], [""muru"", -19.1176], [""dudu"", -19.1176], [""kutu"", -19.1176], [""puhu"", -19.1176], [""ʃutu"", -19.1176], [""tuku"", -19.1176]]"
ajaadik	ukkubati	-16.9416	"[[""ukkubati"", -16.9416], [""ʃudaba"", -19.7235], [""ukku"", -19.7938], [""teumbe"", -20.1354], [""uri"", -20.2427], [""unra"", -20.3106], [""abba"", -20.6524], [""ʃebe"", -20.6902], [""du ka"", -21.5329], [""bali"", -21.6753]]"
ajaadiki	ukkubati	-20.03	"[[""ukkubati"", -20.03], [""ra-u-ba-sa"", -22.7281], [""ʃudaba"", -23.178], [""ukku"", -23.2957], [""teumbe"", -23.6317], [""uri"", -23.7197], [""unra"", -23.8082], [""abebe"", -23.8551], [""abba"", -23.885], [""ʃebe"", -24.1527]]"
ajaadikit	ukkubati	-21.3877	"[[""ukkubati"", -21.3877], [""abebe"", -21.9619], [""ra-u-ba-sa"", -23.3372], [""abba"", -23.963], [""ʃudaba"", -23.9647], [""tibbe"", -24.1595], [""rabba"", -24.1595], [""duliibbe"", -25.0774], [""ʃebe"", -25.0872], [""teumbe"", -25.7086]]"
ajaadikite	ukkubati	-24.7814	"[[""ukkubati"", -24.7814], [""abebe"", -25.4611], [""ra-u-ba-sa"", -26.4771], [""abba"", -27.4631], [""ʃudaba"", -27.4692], [""tibbe"", -27.6627], [""rabba"", -27.6627], [""duliibbe"", -28.5723], [""ʃebe"", -28.5918], [""teumbe"", -29.2138]]"
ajaaj	ukku	-13.5573	"[[""ukku"", -13.5573], [""uri"", -15.8556], [""tuuʃ"", -16.3419], [""bau"", -16.5155], [""ʃutu"", -16.538], [""tuku"", -16.538], [""puhu"", -16.538], [""kutu"", -16.538], [""muru"", -16.538], [""dudu"", -16.538]]"
ajaaja	ukku	-16.0779	"[[""ukku"", -16.0779], [""ʃutu"", -18.8506], [""muru"", -18.8506], [""dudu"", -18.8506], [""puhu"", -18.8506], [""ɡuɡu"", -18.8506], [""tuku"", -18.8506], [""ruku"", -18.8506], [""kutu"", -18.8506], [""uri"", -19.0187]]"
ajad	ukku	-10.0551	"[[""ukku"", -10.0551], [""uri"", -12.7155], [""bau"", -13.0111], [""dudu"", -13.081], [""muru"", -13.081], [""ʃutu"", -13.081], [""tuku"", -13.081], [""ruku"", -13.081], [""puhu"", -13.081], [""ɡuɡu"", -13.081]]"
ajadi	ukku	-13.5573	"[[""ukku"", -13.5573], [""uri"", -15.8556], [""bau"", -16.201], [""ukkubati"", -16.2974], [""tuuʃ"", -16.3419], [""dudu"", -16.538], [""ruku"", -16.538], [""muru"", -16.538], [""puhu"", -16.538], [""tuku"", -16.538]]"
ajadik	ukkubati	-14.2109	"[[""ukkubati"", -14.2109], [""ʃudaba"", -16.8679], [""ukku"", -17.0578], [""uri"", -17.132], [""unra"", -17.2162], [""abba"", -17.378], [""ʃebe"", -17.4178], [""teumbe"", -17.4195], [""bela"", -18.174], [""bera"", -18.174]]"
ajadiki	ukkubati	-17.299	"[[""ukkubati"", -17.299], [""ʃudaba"", -20.3184], [""abebe"", -20.553], [""ukku"", -20.5565], [""abba"", -20.5701], [""uri"", -20.6058], [""unra"", -20.7133], [""ra-u-ba-sa"", -20.7439], [""ʃebe"", -20.877], [""teumbe"", -20.9143]]"
ajadikit	abebe	-18.6339	"[[""abebe"", -18.6339], [""ukkubati"", -18.6559], [""abba"", -20.6231], [""rabba"", -20.8867], [""tibbe"", -20.8867], [""ʃudaba"", -21.0399], [""ra-u-ba-sa"", -21.3472], [""ʃebe"", -21.746], [""duliibbe"", -22.2822], [""bali"", -22.6297]]"
ajadikitu	ukkubati	-22.0495	"[[""ukkubati"", -22.0495], [""abebe"", -22.1321], [""abba"", -24.1224], [""ra-u-ba-sa"", -24.3809], [""rabba"", -24.3898], [""tibbe"", -24.3898], [""ʃudaba"", -24.5444], [""ʃebe"", -25.2506], [""duliibbe"", -25.7759], [""bela"", -26.024]]"
ajadikituj	ukkubati	-25.4518	"[[""ukkubati"", -25.4518], [""abebe"", -25.6302], [""ra-u-ba-sa"", -27.3628], [""abba"", -27.6216], [""rabba"", -27.8929], [""tibbe"", -27.8929], [""ʃudaba"", -28.0489], [""ʃebe"", -28.7551], [""duliibbe"", -29.2692], [""bera"", -29.4268]]"
ajai	ukku	-11.1433	"[[""ukku"", -11.1433], [""uri"", -12.864], [""bau"", -13.2637], [""ukkubati"", -13.904], [""dudu"", -14.2628], [""muru"", -14.2628], [""ɡuɡu"", -14.2628], [""tuku"", -14.2628], [""kutu"", -14.2628], [""puhu"", -14.2628]]"
ajain	pur	-13.2714	"[[""pur"", -13.2714], [""eul"", -13.2714], [""hun"", -13.2714], [""mur"", -13.2714], [""kun"", -13.2714], [""unra"", -13.8941], [""uri"", -13.9061], [""tsul"", -13.9095], [""uriʃ"", -13.9794], [""utstsun"", -14.1528]]"
ajainw	unra	-16.7006	"[[""unra"", -16.7006], [""uri"", -16.7641], [""mur"", -16.7786], [""hun"", -16.7786], [""eul"", -16.7786], [""pur"", -16.7786], [""kun"", -16.7786], [""uriʃ"", -16.7851], [""tsul"", -17.4166], [""purur"", -17.6114]]"
ajainwa	mardu	-16.7279	"[[""mardu"", -16.7279], [""hindu"", -16.7279], [""dudu"", -17.4229], [""ɡuɡu"", -17.4229], [""muru"", -17.4654], [""rapdu"", -18.163], [""unra"", -19.791], [""ukku"", -19.8479], [""uriʃ"", -19.8744], [""uri"", -19.8764]]"
ajainwaz	uri	-18.9013	"[[""uri"", -18.9013], [""mardu"", -20.2342], [""hindu"", -20.2342], [""unra"", -20.4989], [""inɡi"", -20.7783], [""ɡuɡu"", -20.915], [""dudu"", -20.915], [""harɡi"", -20.9209], [""muru"", -20.9716], [""buni"", -21.0606]]"
ajainwaza	uri	-22.4057	"[[""uri"", -22.4057], [""mardu"", -23.0499], [""hindu"", -23.0499], [""bau"", -23.0862], [""ɡuɡu"", -23.5204], [""dudu"", -23.5204], [""muru"", -23.7872], [""unra"", -23.9853], [""inɡi"", -24.2828], [""rapdu"", -24.3652]]"
ajainwazaΦ	rum	-25.6333	"[[""rum"", -25.6333], [""uri"", -25.9101], [""dabarrium"", -26.3239], [""mardu"", -26.5571], [""hindu"", -26.5571], [""bau"", -26.5923], [""lim"", -27.0059], [""dudu"", -27.0161], [""ɡuɡu"", -27.0161], [""muru"", -27.2942]]"
ajaj	ukku	-11.1433	"[[""ukku"", -11.1433], [""uri"", -12.864], [""bau"", -13.9127], [""puhu"", -14.2628], [""muru"", -14.2628], [""kutu"", -14.2628], [""ruku"", -14.2628], [""dudu"", -14.2628], [""tuku"", -14.2628], [""ɡuɡu"", -14.2628]]"
ajaja	ukku	-13.2644	"[[""ukku"", -13.2644], [""uri"", -15.9591], [""puhu"", -16.2007], [""dudu"", -16.2007], [""ʃutu"", -16.2007], [""muru"", -16.2007], [""tuku"", -16.2007], [""kutu"", -16.2007], [""ɡuɡu"", -16.2007], [""ruku"", -16.2007]]"
ajajaa	ukku	-16.0147	"[[""ukku"", -16.0147], [""ʃutu"", -18.8117], [""tuku"", -18.8117], [""ruku"", -18.8117], [""dudu"", -18.8117], [""puhu"", -18.8117], [""ɡuɡu"", -18.8117], [""muru"", -18.8117], [""kutu"", -18.8117], [""uri"", -19.093]]"
ajajad	ukku	-16.0147	"[[""ukku"", -16.0147], [""ʃutu"", -18.8117], [""tuku"", -18.8117], [""ruku"", -18.8117], [""dudu"", -18.8117], [""puhu"", -18.8117], [""ɡuɡu"", -18.8117], [""muru"", -18.8117], [""kutu"", -18.8117], [""uri"", -19.093]]"
ajajadi	ukku	-19.5193	"[[""ukku"", -19.5193], [""ukkubati"", -22.2325], [""tuuʃ"", -22.2437], [""dudu"", -22.2929], [""ʃutu"", -22.2929], [""tuku"", -22.2929], [""ɡuɡu"", -22.2929], [""puhu"", -22.2929], [""kutu"", -22.2929], [""ruku"", -22.2929]]"
ajajadik	ukkubati	-20.169	"[[""ukkubati"", -20.169], [""ʃudaba"", -22.9882], [""ukku"", -23.0231], [""teumbe"", -23.3611], [""uri"", -23.6267], [""unra"", -23.6796], [""abba"", -23.9668], [""ʃebe"", -24.003], [""du ka"", -24.7204], [""ra-u-ba-sa"", -24.8362]]"
ajajadiki	ukkubati	-23.2576	"[[""ukkubati"", -23.2576], [""ra-u-ba-sa"", -25.6611], [""ʃudaba"", -26.4445], [""ukku"", -26.5261], [""teumbe"", -26.8579], [""uri"", -27.1069], [""unra"", -27.1778], [""abebe"", -27.1852], [""abba"", -27.2278], [""ʃebe"", -27.4679]]"
ajajadikit	ukkubati	-24.6156	"[[""ukkubati"", -24.6156], [""abebe"", -25.3172], [""ra-u-ba-sa"", -26.2714], [""ʃudaba"", -27.2615], [""abba"", -27.3268], [""rabba"", -27.4722], [""tibbe"", -27.4722], [""duliibbe"", -28.2495], [""ʃebe"", -28.4512], [""teumbe"", -28.9588]]"
ajajai	ukku	-16.7672	"[[""ukku"", -16.7672], [""uri"", -19.1686], [""ukkubati"", -19.4938], [""bau"", -19.5661], [""dudu"", -19.6691], [""kutu"", -19.6691], [""muru"", -19.6691], [""ruku"", -19.6691], [""puhu"", -19.6691], [""tuku"", -19.6691]]"
ajajain	utstsun	-19.4767	"[[""utstsun"", -19.4767], [""kun"", -19.4963], [""pur"", -19.4963], [""hun"", -19.4963], [""mur"", -19.4963], [""eul"", -19.4963], [""purur"", -19.6299], [""ʃutur"", -19.6656], [""kutun"", -19.6656], [""tsul"", -19.8289]]"
ajajainw	utstsun	-22.9837	"[[""utstsun"", -22.9837], [""mur"", -23.0034], [""eul"", -23.0034], [""hun"", -23.0034], [""pur"", -23.0034], [""kun"", -23.0034], [""purur"", -23.1014], [""kutun"", -23.1726], [""ʃutur"", -23.1726], [""unra"", -23.2805]]"
ajajainwa	mardu	-23.3129	"[[""mardu"", -23.3129], [""hindu"", -23.3129], [""dudu"", -23.6706], [""ɡuɡu"", -23.6706], [""muru"", -23.6895], [""rapdu"", -25.1536], [""ukku"", -26.0826], [""purur"", -26.1468], [""unra"", -26.3726], [""uri"", -26.4776]]"
ajajainwaz	uri	-25.5116	"[[""uri"", -25.5116], [""hindu"", -26.8192], [""mardu"", -26.8192], [""unra"", -26.9685], [""ukkubati"", -26.9796], [""dudu"", -27.1703], [""ɡuɡu"", -27.1703], [""muru"", -27.1957], [""ukkulaki"", -27.2109], [""inɡi"", -27.4573]]"
ajajaj	ukku	-16.7672	"[[""ukku"", -16.7672], [""uri"", -19.1686], [""ɡuɡu"", -19.6691], [""ʃutu"", -19.6691], [""muru"", -19.6691], [""puhu"", -19.6691], [""ruku"", -19.6691], [""kutu"", -19.6691], [""tuku"", -19.6691], [""dudu"", -19.6691]]"
ajajaja	ukku	-19.3514	"[[""ukku"", -19.3514], [""kutu"", -22.0721], [""tuku"", -22.0721], [""muru"", -22.0721], [""ɡuɡu"", -22.0721], [""ʃutu"", -22.0721], [""puhu"", -22.0721], [""ruku"", -22.0721], [""dudu"", -22.0721], [""uri"", -22.3811]]"
ajajas	tuuʃ	-13.7231	"[[""tuuʃ"", -13.7231], [""uriʃ"", -15.9525], [""tiut"", -16.3248], [""ukku"", -16.7672], [""duraʃ"", -18.6772], [""kumaʃ"", -18.6772], [""kuraʃ"", -18.6772], [""dumaʃ"", -18.6772], [""kurat"", -18.6772], [""ʃutu"", -18.8851]]"
ajajasa	ʃutu	-16.6717	"[[""ʃutu"", -16.6717], [""kutu"", -16.6847], [""tuuʃ"", -17.217], [""ukku"", -19.3514], [""uriʃ"", -19.4575], [""tiut"", -19.8256], [""pitu"", -19.9968], [""hasu"", -19.9968], [""ʃutur"", -20.0569], [""kutun"", -20.0752]]"
ajajasas	tuuʃ	-19.226	"[[""tuuʃ"", -19.226], [""ʃutu"", -19.9792], [""kutu"", -20.1879], [""tiut"", -21.189], [""ʃutur"", -21.4308], [""ʃutin"", -21.6633], [""uriʃ"", -21.9367], [""utstsun"", -22.069], [""putmaʃ"", -22.2568], [""ukku"", -22.856]]"
ajajasasa	ʃutu	-18.8864	"[[""ʃutu"", -18.8864], [""ʃutur"", -22.2654], [""kutu"", -22.3768], [""tuuʃ"", -22.6857], [""utstsun"", -22.7856], [""tuʃʃuip"", -23.4252], [""kassu"", -23.4909], [""ʃutin"", -24.4706], [""tiut"", -24.6938], [""tuku"", -24.9372]]"
ajajasasar	ʃutu	-22.3926	"[[""ʃutu"", -22.3926], [""ʃutur"", -25.1145], [""maʃuum"", -25.2665], [""utstsun"", -25.6246], [""kutu"", -25.8836], [""tuuʃ"", -26.1474], [""tuʃʃuip"", -26.2282], [""kassu"", -26.9971], [""ʃutin"", -27.5596], [""tsul"", -27.9446]]"
ajajaw	ukku	-16.7672	"[[""ukku"", -16.7672], [""dudu"", -18.8851], [""ɡuɡu"", -18.8851], [""yadda"", -19.1212], [""uri"", -19.1686], [""ʃutu"", -19.6691], [""tuku"", -19.6691], [""muru"", -19.6691], [""puhu"", -19.6691], [""kutu"", -19.6691]]"
ajajawa	dudu	-16.6717	"[[""dudu"", -16.6717], [""ɡuɡu"", -16.6717], [""ukku"", -19.3514], [""hidu"", -19.9968], [""rapdu"", -21.6088], [""hindu"", -21.6088], [""mardu"", -21.6088], [""duma"", -21.66], [""yadda"", -21.9428], [""muru"", -22.0721]]"
ajar	rum	-10.8743	"[[""rum"", -10.8743], [""ukku"", -11.1433], [""uri"", -12.864], [""am"", -13.6496], [""bau"", -13.9127], [""ʃam"", -13.9171], [""lim"", -13.9171], [""kam"", -13.9171], [""numi"", -14.1727], [""duma"", -14.1727]]"
ajare	rum	-14.3794	"[[""rum"", -14.3794], [""ukku"", -14.6373], [""uri"", -16.071], [""numi"", -17.0453], [""duma"", -17.0453], [""am"", -17.1339], [""kumaʃ"", -17.1377], [""dumaʃ"", -17.1377], [""bau"", -17.4116], [""kam"", -17.416]]"
ajaret	numi	-15.7535	"[[""numi"", -15.7535], [""duma"", -15.7535], [""uri"", -17.3523], [""unra"", -17.4305], [""siya"", -17.8843], [""rum"", -17.8845], [""ukku"", -18.128], [""ʃiumme"", -18.5502], [""sukma"", -18.5788], [""amma"", -18.7082]]"
ajareta	numi	-19.2572	"[[""numi"", -19.2572], [""duma"", -19.2572], [""ukku"", -19.8479], [""mardu"", -20.6101], [""uri"", -20.8189], [""unra"", -20.9275], [""muru"", -21.1552], [""bau"", -21.1653], [""rum"", -21.3851], [""siya"", -21.3865]]"
ajas	tuuʃ	-8.2648	"[[""tuuʃ"", -8.2648], [""uriʃ"", -9.7677], [""tiut"", -10.4084], [""ukku"", -11.1433], [""tit"", -12.5619], [""duraʃ"", -12.816], [""kumaʃ"", -12.816], [""kuraʃ"", -12.816], [""dumaʃ"", -12.816], [""kurat"", -12.816]]"
ajasa	ʃutu	-10.4404	"[[""ʃutu"", -10.4404], [""kutu"", -10.4693], [""tuuʃ"", -11.7143], [""ukku"", -13.2644], [""uriʃ"", -13.2718], [""pitu"", -13.519], [""hasu"", -13.519], [""ʃutur"", -13.8214], [""kutun"", -13.8617], [""tuku"", -13.8929]]"
ajasas	tuuʃ	-13.0231	"[[""tuuʃ"", -13.0231], [""ʃutu"", -13.5552], [""kutu"", -13.9716], [""tiut"", -14.3915], [""ʃutur"", -14.5531], [""ʃutin"", -14.6671], [""uriʃ"", -15.5928], [""utstsun"", -15.6901], [""putmaʃ"", -16.0439], [""kutun"", -16.6437]]"
ajasasa	ʃutu	-11.8854	"[[""ʃutu"", -11.8854], [""ʃutur"", -15.2722], [""kutu"", -16.0455], [""utstsun"", -16.3768], [""tuuʃ"", -16.4264], [""tuʃʃuip"", -16.9911], [""kassu"", -17.0124], [""ʃutin"", -17.4698], [""tiut"", -17.8957], [""tuku"", -17.9435]]"
ajasasar	ʃutu	-15.3916	"[[""ʃutu"", -15.3916], [""ʃutur"", -18.1174], [""maʃuum"", -18.7919], [""utstsun"", -19.2137], [""kutu"", -19.5522], [""tuʃʃuip"", -19.7931], [""tuuʃ"", -19.8392], [""kassu"", -20.5186], [""ʃutin"", -20.5573], [""tsul"", -20.9357]]"
ajasasara	ʃutu	-18.2076	"[[""ʃutu"", -18.2076], [""ʃutur"", -20.9622], [""utstsun"", -21.9621], [""maʃuum"", -22.2867], [""kutu"", -22.4937], [""tuʃʃuip"", -22.5296], [""tuuʃ"", -23.0647], [""kassu"", -23.3356], [""tuku"", -23.4774], [""ʃutin"", -23.7612]]"
ajasasaram	ʃutu	-21.7147	"[[""ʃutu"", -21.7147], [""ʃutur"", -24.0747], [""tuʃʃuip"", -24.2814], [""utstsun"", -25.0407], [""maʃuum"", -25.7816], [""sukma"", -25.8208], [""kutu"", -26.001], [""ʃutin"", -26.1038], [""ʃiutmana"", -26.2196], [""tuuʃ"", -26.3524]]"
ajase	tuuʃ	-11.7714	"[[""tuuʃ"", -11.7714], [""uriʃ"", -13.2723], [""tiut"", -13.9122], [""ukku"", -14.6373], [""tit"", -15.8501], [""ʃutu"", -15.8829], [""kutu"", -15.9184], [""ʃutur"", -16.0195], [""ʃutin"", -16.0319], [""kutun"", -16.0418]]"
ajasek	kuʃi	-14.6628	"[[""kuʃi"", -14.6628], [""huta"", -14.6628], [""husa"", -14.6628], [""tuuʃ"", -15.2779], [""siya"", -15.7996], [""kurrusa"", -15.9387], [""ukkubati"", -15.9753], [""uriʃ"", -16.7615], [""unsaha"", -16.9573], [""kutina"", -17.0269]]"
ajaseka	ʃutu	-17.4217	"[[""ʃutu"", -17.4217], [""kutu"", -17.4798], [""huta"", -18.167], [""kuʃi"", -18.167], [""husa"", -18.167], [""tuuʃ"", -18.724], [""siya"", -19.2578], [""tiut"", -19.2717], [""kurrusa"", -19.4421], [""ukkubati"", -19.4755]]"
ajasekan	ʃutur	-17.4196	"[[""ʃutur"", -17.4196], [""kutun"", -17.4778], [""ʃutin"", -18.1063], [""utstsun"", -18.1906], [""sir"", -18.9033], [""ʃin"", -18.9033], [""san"", -18.9033], [""ʃalur"", -19.1567], [""ʃiltur"", -19.4723], [""eul"", -19.5742]]"
ajasekana	ʃutur	-20.9254	"[[""ʃutur"", -20.9254], [""kutun"", -20.984], [""ʃutin"", -21.6132], [""utstsun"", -21.6961], [""ʃalur"", -22.1424], [""san"", -22.4104], [""ʃin"", -22.4104], [""sir"", -22.4104], [""ʃiltur"", -22.9445], [""eul"", -23.0805]]"
ajasekanas	tuuʃ	-22.3949	"[[""tuuʃ"", -22.3949], [""tiut"", -22.4074], [""ʃariut"", -22.7831], [""ʃutur"", -24.4039], [""ʃimiut"", -24.4703], [""kutun"", -24.4901], [""ʃutin"", -25.0665], [""ʃeriit"", -25.1638], [""utstsun"", -25.1827], [""ʃalur"", -25.3086]]"
ajat	uri	-11.0007	"[[""uri"", -11.0007], [""unra"", -11.1368], [""ukku"", -11.1433], [""siya"", -12.4731], [""du ka"", -13.3928], [""ulkina"", -13.5688], [""unsaha"", -13.5688], [""aa"", -13.708], [""yadda"", -13.8658], [""bau"", -13.8864]]"
ajatu	uri	-14.4557	"[[""uri"", -14.4557], [""unra"", -14.6309], [""ukku"", -14.6373], [""siya"", -15.9699], [""du ka"", -16.7416], [""ulkina"", -16.76], [""unsaha"", -16.76], [""yadda"", -16.9688], [""uriʃ"", -17.0007], [""aa"", -17.0286]]"
ajatur	am	-16.4861	"[[""am"", -16.4861], [""rum"", -17.8522], [""uri"", -17.9121], [""unra"", -18.1217], [""ukku"", -18.128], [""kam"", -18.4731], [""ʃam"", -18.4731], [""lim"", -18.4731], [""siya"", -19.4663], [""amma"", -19.8298]]"
ajaturu	am	-19.9912	"[[""am"", -19.9912], [""rum"", -21.3573], [""uri"", -21.3696], [""unra"", -21.6093], [""ukku"", -21.6155], [""kam"", -21.9778], [""ʃam"", -21.9778], [""lim"", -21.9778], [""amma"", -22.6562], [""amni"", -22.7252]]"
ajaturus	uriʃ	-21.3641	"[[""uriʃ"", -21.3641], [""tuuʃ"", -22.2636], [""am"", -23.4964], [""kumaʃ"", -23.5328], [""dumaʃ"", -23.5328], [""ipiʃ"", -23.8781], [""tiut"", -24.2957], [""tit"", -24.3103], [""duraʃ"", -24.3179], [""kurat"", -24.3179]]"
ajaturusa	ʃutu	-24.4049	"[[""ʃutu"", -24.4049], [""kutu"", -24.4319], [""uriʃ"", -24.8709], [""pitu"", -25.0238], [""hasu"", -25.0238], [""tuuʃ"", -25.7145], [""ukku"", -26.5471], [""kassu"", -26.7263], [""kipʃu"", -26.9287], [""am"", -27.0015]]"
ajaturusai	ʃutu	-27.8974	"[[""ʃutu"", -27.8974], [""kutu"", -27.938], [""uriʃ"", -28.3776], [""hasu"", -28.5301], [""pitu"", -28.5301], [""tuuʃ"", -29.167], [""ukku"", -30.0509], [""kassu"", -30.2223], [""kipʃu"", -30.4349], [""am"", -30.5066]]"
ajaw	ukku	-11.1433	"[[""ukku"", -11.1433], [""uri"", -12.864], [""dudu"", -12.9494], [""ɡuɡu"", -12.9494], [""yadda"", -13.2012], [""da"", -13.9074], [""bau"", -13.9127], [""ruku"", -14.2628], [""kutu"", -14.2628], [""tuku"", -14.2628]]"
ajawa	dudu	-10.4404	"[[""dudu"", -10.4404], [""ɡuɡu"", -10.4404], [""ukku"", -13.2644], [""hidu"", -13.519], [""duma"", -14.6673], [""rapdu"", -15.452], [""mardu"", -15.452], [""hindu"", -15.452], [""uri"", -15.9591], [""yadda"", -16.0157]]"
aka	ukku	-7.6458	"[[""ukku"", -7.6458], [""bau"", -8.2736], [""uri"", -8.6427], [""eul"", -8.9559], [""unra"", -9.0108], [""aa"", -10.4301], [""iɡi"", -10.7364], [""ari"", -10.7364], [""eri"", -10.7364], [""muru"", -10.8456]]"
akan	eul	-5.5671	"[[""eul"", -5.5671], [""huel"", -9.0056], [""mur"", -9.7805], [""kun"", -9.7805], [""pur"", -9.7805], [""hun"", -9.7805], [""unra"", -10.3106], [""uri"", -10.3148], [""aal"", -10.4069], [""tsul"", -10.41]]"
akana	eul	-9.0734	"[[""eul"", -9.0734], [""muru"", -10.4693], [""huel"", -12.5119], [""anaku"", -12.5312], [""unra"", -13.1682], [""uri"", -13.2057], [""ukku"", -13.2644], [""uriʃ"", -13.2744], [""hun"", -13.2866], [""pur"", -13.2866]]"
akanas	eul	-12.5797	"[[""eul"", -12.5797], [""uriʃ"", -13.1641], [""tuuʃ"", -13.7231], [""muru"", -13.9755], [""tiut"", -14.5363], [""ʃariut"", -14.9477], [""antsi"", -15.3005], [""irti"", -15.3089], [""elti"", -15.3089], [""kurat"", -15.958]]"
akanasi	eul	-16.086	"[[""eul"", -16.086], [""uriʃ"", -16.658], [""tuuʃ"", -17.2301], [""muru"", -17.4817], [""tiut"", -18.0433], [""antsi"", -18.1038], [""irti"", -18.1526], [""elti"", -18.1526], [""ʃariut"", -18.4547], [""unsaha"", -19.168]]"
ama	ukku	-7.6458	"[[""ukku"", -7.6458], [""bau"", -8.2736], [""uri"", -8.6427], [""eul"", -8.9559], [""unra"", -9.0108], [""aa"", -10.4301], [""iɡi"", -10.7364], [""ari"", -10.7364], [""eri"", -10.7364], [""muru"", -10.8456]]"
amai	ukku	-11.1433	"[[""ukku"", -11.1433], [""bau"", -11.6765], [""abba"", -11.787], [""eul"", -11.801], [""uri"", -11.9961], [""unra"", -12.4779], [""abebe"", -13.6873], [""aa"", -13.708], [""ibbak"", -13.8607], [""ukkubati"", -13.8887]]"
amain	eul	-9.0723	"[[""eul"", -9.0723], [""huel"", -12.4975], [""mur"", -13.2714], [""kun"", -13.2714], [""pur"", -13.2714], [""hun"", -13.2714], [""aal"", -13.6831], [""unra"", -13.7873], [""uri"", -13.7952], [""aain"", -13.899]]"
amaina	eul	-12.5786	"[[""eul"", -12.5786], [""muru"", -13.9602], [""tsibbaru"", -15.843], [""huel"", -16.0037], [""anaku"", -16.027], [""ukku"", -16.5362], [""unra"", -16.6458], [""uri"", -16.6979], [""uriʃ"", -16.7753], [""kun"", -16.7773]]"
amainaj	eul	-16.0849	"[[""eul"", -16.0849], [""muru"", -17.4664], [""tsibbaru"", -19.3491], [""huel"", -19.5099], [""anaku"", -19.5244], [""unra"", -19.7543], [""uri"", -19.8313], [""uriʃ"", -19.8665], [""purur"", -19.9034], [""ukku"", -20.0394]]"
amainaja	eul	-19.5902	"[[""eul"", -19.5902], [""muru"", -20.2812], [""ruku"", -21.4948], [""anaku"", -21.6461], [""tsibbaru"", -22.1579], [""ukku"", -22.6644], [""purur"", -22.8774], [""luluki"", -22.8909], [""unra"", -22.9707], [""huel"", -23.0152]]"
amainajar	rum	-22.1271	"[[""rum"", -22.1271], [""ahhuum"", -23.0055], [""eul"", -23.0956], [""muru"", -23.7883], [""ʃukurrum"", -24.3], [""dabarrium"", -24.5761], [""ruku"", -24.9523], [""anaku"", -25.1498], [""erientum"", -25.3126], [""numi"", -25.3892]]"
amainajare	rum	-25.6324	"[[""rum"", -25.6324], [""ahhuum"", -26.5106], [""eul"", -26.601], [""muru"", -27.2954], [""ʃukurrum"", -27.8052], [""dabarrium"", -28.0812], [""numi"", -28.28], [""ruku"", -28.411], [""anaku"", -28.6525], [""erientum"", -28.8175]]"
aman	eul	-5.5671	"[[""eul"", -5.5671], [""huel"", -9.0056], [""mur"", -9.7805], [""kun"", -9.7805], [""pur"", -9.7805], [""hun"", -9.7805], [""unra"", -10.3106], [""uri"", -10.3148], [""aal"", -10.4069], [""tsul"", -10.41]]"
amana	eul	-9.0734	"[[""eul"", -9.0734], [""muru"", -10.4693], [""huel"", -12.5119], [""anaku"", -12.5312], [""unra"", -13.1682], [""uri"", -13.2057], [""ukku"", -13.2644], [""uriʃ"", -13.2744], [""hun"", -13.2866], [""pur"", -13.2866]]"
amanad	eul	-12.5788	"[[""eul"", -12.5788], [""muru"", -13.2844], [""anaku"", -14.9391], [""ruku"", -15.0761], [""ukku"", -16.0147], [""huel"", -16.0175], [""purur"", -16.1326], [""luluki"", -16.2321], [""unra"", -16.2758], [""uri"", -16.33]]"
amanada	eul	-16.0833	"[[""eul"", -16.0833], [""muru"", -16.386], [""ruku"", -17.3531], [""anaku"", -17.747], [""luluki"", -18.931], [""ukku"", -18.9506], [""purur"", -19.0576], [""unra"", -19.4914], [""huel"", -19.5224], [""uri"", -19.5575]]"
amanadaw	eul	-19.5878	"[[""eul"", -19.5878], [""muru"", -19.8934], [""ruku"", -20.8209], [""anaku"", -21.2521], [""luluki"", -21.9832], [""purur"", -22.1995], [""inɡi"", -22.2628], [""ukku"", -22.456], [""unra"", -22.7676], [""uriʃ"", -22.8396]]"
amanadawa	hindu	-22.2329	"[[""hindu"", -22.2329], [""mardu"", -22.2329], [""dudu"", -22.8149], [""ɡuɡu"", -22.8149], [""eul"", -23.0914], [""muru"", -23.111], [""ruku"", -23.256], [""rapdu"", -23.7403], [""anaku"", -24.1395], [""luluki"", -24.9911]]"
amanadawai	mardu	-25.7392	"[[""mardu"", -25.7392], [""hindu"", -25.7392], [""ɡuɡu"", -26.3184], [""dudu"", -26.3184], [""eul"", -26.5951], [""muru"", -26.6186], [""ruku"", -26.7456], [""rapdu"", -27.2465], [""anaku"", -27.6454], [""luluki"", -28.1568]]"
amas	tuuʃ	-8.2648	"[[""tuuʃ"", -8.2648], [""tiut"", -8.2714], [""uriʃ"", -8.639], [""ipiʃ"", -10.7317], [""ʃimiut"", -10.8693], [""ʃariut"", -10.8693], [""tit"", -10.9837], [""hiʃ"", -11.0338], [""pat"", -11.0338], [""hit"", -11.0338]]"
amasi	tuuʃ	-11.7714	"[[""tuuʃ"", -11.7714], [""tiut"", -11.7782], [""uriʃ"", -12.1454], [""ipiʃ"", -14.237], [""ʃimiut"", -14.376], [""ʃariut"", -14.376], [""tit"", -14.4417], [""pat"", -14.5406], [""hit"", -14.5406], [""hiʃ"", -14.5406]]"
amasir	tuuʃ	-15.2779	"[[""tuuʃ"", -15.2779], [""tiut"", -15.2848], [""uriʃ"", -15.6514], [""am"", -16.4809], [""ʃam"", -17.5523], [""putmaʃ"", -17.6519], [""itsa"", -17.6815], [""atta"", -17.6815], [""iʃti"", -17.6815], [""atti"", -17.6815]]"
amasiru	tuuʃ	-18.7841	"[[""tuuʃ"", -18.7841], [""tiut"", -18.7912], [""uriʃ"", -19.1572], [""am"", -19.986], [""putmaʃ"", -20.545], [""itsa"", -20.8887], [""atti"", -20.8887], [""iʃti"", -20.8887], [""atta"", -20.8887], [""atin"", -20.9511]]"
amasirut	ʃiutmana	-20.1043	"[[""ʃiutmana"", -20.1043], [""ukkubati"", -21.324], [""abebe"", -21.6417], [""kuʃi"", -21.6694], [""huta"", -21.6694], [""husa"", -21.6694], [""abba"", -21.8232], [""itsa"", -21.8238], [""iʃti"", -21.8238], [""atta"", -21.8238]]"
amasirute	ʃiutmana	-23.319	"[[""ʃiutmana"", -23.319], [""ukkubati"", -24.6526], [""abebe"", -25.0285], [""huta"", -25.1739], [""husa"", -25.1739], [""kuʃi"", -25.1739], [""abba"", -25.3105], [""iʃti"", -25.3112], [""atti"", -25.3112], [""atta"", -25.3112]]"
amat	aa	-9.7517	"[[""aa"", -9.7517], [""uri"", -10.8064], [""unra"", -10.9227], [""ukku"", -11.1433], [""eul"", -11.7738], [""bau"", -11.7761], [""ari"", -12.1848], [""eri"", -12.1848], [""iɡi"", -12.1848], [""irti"", -12.5022]]"
amate	aa	-13.2525	"[[""aa"", -13.2525], [""uri"", -14.2706], [""unra"", -14.4195], [""ukku"", -14.6373], [""eul"", -14.8762], [""bau"", -15.2785], [""ayak"", -15.3189], [""iɡi"", -15.609], [""ari"", -15.609], [""eri"", -15.609]]"
ame	uri	-8.7244	"[[""uri"", -8.7244], [""unra"", -9.0175], [""ayak"", -9.0398], [""aa"", -10.4301], [""iɡi"", -10.7364], [""eri"", -10.7364], [""ari"", -10.7364], [""ki"", -11.0372], [""ni"", -11.0372], [""da"", -11.0372]]"
amei	abba	-11.787	"[[""abba"", -11.787], [""ayak"", -11.8416], [""uri"", -12.1427], [""unra"", -12.4975], [""abebe"", -13.6873], [""aa"", -13.708], [""ibbak"", -13.8607], [""bau"", -13.926], [""ari"", -13.9464], [""eri"", -13.9464]]"
ameit	abebe	-11.6122	"[[""abebe"", -11.6122], [""abba"", -11.9668], [""ʃebe"", -12.4121], [""siya"", -13.1547], [""aa"", -13.2525], [""ʃudaba"", -13.4954], [""ayak"", -13.6476], [""uri"", -14.3214], [""unra"", -14.408], [""tibbe"", -14.591]]"
ameiti	abebe	-13.0975	"[[""abebe"", -13.0975], [""abba"", -14.6947], [""ibbak"", -15.3012], [""ʃebe"", -15.905], [""ayak"", -16.5564], [""siya"", -16.6585], [""aa"", -16.7533], [""ʃudaba"", -16.9833], [""abbara"", -17.2412], [""tibbe"", -17.3133]]"
ameu	ayak	-11.8416	"[[""ayak"", -11.8416], [""uri"", -12.1427], [""unra"", -12.4975], [""aa"", -13.708], [""iɡi"", -13.9464], [""ari"", -13.9464], [""eri"", -13.9464], [""am"", -14.1566], [""eul"", -14.1634], [""aal"", -14.1806]]"
ameun	huel	-12.518	"[[""huel"", -12.518], [""eul"", -13.6828], [""aal"", -13.6831], [""aain"", -13.899], [""atin"", -13.9408], [""unra"", -14.3508], [""uri"", -14.3607], [""nan"", -14.4376], [""pur"", -14.4843], [""kun"", -14.4843]]"
ameuna	muru	-15.1732	"[[""muru"", -15.1732], [""huel"", -16.0245], [""anaku"", -16.03], [""eul"", -17.0986], [""aal"", -17.1846], [""ukku"", -17.2041], [""unra"", -17.2534], [""uri"", -17.3109], [""aain"", -17.4042], [""atin"", -17.4464]]"
ameunak	uri	-16.0838	"[[""uri"", -16.0838], [""ari"", -16.7706], [""eri"", -16.7706], [""ulkina"", -17.3445], [""unra"", -17.6763], [""erini"", -18.2756], [""muru"", -18.6793], [""ni"", -18.9074], [""amni"", -18.9927], [""anaku"", -19.1351]]"
ameunaka	uri	-19.5881	"[[""uri"", -19.5881], [""eri"", -20.275], [""ari"", -20.275], [""anaku"", -20.4884], [""ulkina"", -20.8399], [""unra"", -21.1627], [""muru"", -21.4906], [""ruku"", -21.5045], [""erini"", -21.6461], [""uriʃ"", -22.1852]]"
ameunakan	purur	-21.4873	"[[""purur"", -21.4873], [""ʃalur"", -21.4917], [""eul"", -22.0], [""nan"", -22.4063], [""rikur"", -22.6121], [""annain"", -22.762], [""innain"", -22.762], [""hunir"", -22.8574], [""ruelpa"", -23.0373], [""uri"", -23.082]]"
ameunakana	purur	-24.9884	"[[""purur"", -24.9884], [""ʃalur"", -24.9966], [""luluki"", -25.1818], [""eul"", -25.5066], [""ruelpa"", -25.8509], [""nan"", -25.9133], [""rikur"", -26.117], [""anaku"", -26.2617], [""innain"", -26.2617], [""annain"", -26.2617]]"
ameunar	rum	-15.8082	"[[""rum"", -15.8082], [""muru"", -18.6792], [""numi"", -19.1479], [""anaku"", -19.5273], [""huel"", -19.531], [""elma"", -19.7493], [""am"", -19.9826], [""erientum"", -20.063], [""ʃukurrum"", -20.0681], [""unra"", -20.3782]]"
ameunaru	rum	-19.3135	"[[""rum"", -19.3135], [""numi"", -22.002], [""muru"", -22.1851], [""elma"", -22.6396], [""anaku"", -23.0211], [""huel"", -23.0374], [""am"", -23.4878], [""erientum"", -23.5669], [""ʃukurrum"", -23.5732], [""unra"", -23.6033]]"
ameunaruk	numi	-20.6878	"[[""numi"", -20.6878], [""elma"", -21.3653], [""rum"", -22.8188], [""uri"", -23.089], [""ari"", -23.7776], [""eri"", -23.7776], [""tarma"", -23.9612], [""tarmi"", -23.9612], [""ulkina"", -24.2956], [""unra"", -24.39]]"
ameunaruka	numi	-24.1917	"[[""numi"", -24.1917], [""elma"", -24.8696], [""rum"", -26.3214], [""uri"", -26.5933], [""ari"", -27.282], [""eri"", -27.282], [""anaku"", -27.3462], [""tarmi"", -27.4654], [""tarma"", -27.4654], [""ulkina"", -27.7843]]"
ana	muru	-4.8252	"[[""muru"", -4.8252], [""unra"", -6.9326], [""uri"", -6.9513], [""ruku"", -6.9607], [""uriʃ"", -6.9624], [""luk"", -7.5859], [""rum"", -7.5859], [""eul"", -7.6403], [""pur"", -7.6403], [""hun"", -7.6403]]"
anad	muru	-7.6391	"[[""muru"", -7.6391], [""ruku"", -8.0773], [""unra"", -10.0196], [""uri"", -10.0437], [""uriʃ"", -10.0489], [""luk"", -10.053], [""rum"", -10.053], [""ukku"", -10.0551], [""numi"", -10.0683], [""luluki"", -10.3178]]"
anada	ruku	-10.346	"[[""ruku"", -10.346], [""muru"", -10.739], [""ukku"", -12.7868], [""luluki"", -12.8303], [""numi"", -12.8751], [""rum"", -12.8877], [""luk"", -12.8877], [""unra"", -13.2238], [""uri"", -13.2513], [""uriʃ"", -13.2527]]"
anadaw	ruku	-13.8136	"[[""ruku"", -13.8136], [""muru"", -14.2463], [""luluki"", -15.8284], [""numi"", -15.9653], [""rum"", -15.9968], [""luk"", -15.9968], [""ukku"", -16.2909], [""unra"", -16.4926], [""uriʃ"", -16.521], [""uri"", -16.528]]"
anadawa	ruku	-16.2453	"[[""ruku"", -16.2453], [""dudu"", -16.3188], [""ɡuɡu"", -16.3188], [""rapdu"", -16.7529], [""muru"", -17.4597], [""hindu"", -18.1033], [""mardu"", -18.1033], [""luluki"", -18.69], [""ukku"", -19.0231], [""numi"", -19.096]]"
anadawai	ruku	-19.7349	"[[""ruku"", -19.7349], [""dudu"", -19.8204], [""ɡuɡu"", -19.8204], [""rapdu"", -20.2591], [""muru"", -20.9671], [""hindu"", -21.6096], [""mardu"", -21.6096], [""luluki"", -21.7947], [""numi"", -22.324], [""luk"", -22.3852]]"
anadawaij	ruku	-23.2243	"[[""ruku"", -23.2243], [""ɡuɡu"", -23.3218], [""dudu"", -23.3218], [""rapdu"", -23.7653], [""muru"", -24.4745], [""luluki"", -25.0055], [""hindu"", -25.1159], [""mardu"", -25.1159], [""numi"", -25.6082], [""luk"", -25.6836]]"
anadawaija	ruku	-25.8363	"[[""ruku"", -25.8363], [""dudu"", -26.0303], [""ɡuɡu"", -26.0303], [""rapdu"", -26.5807], [""muru"", -27.7451], [""mardu"", -27.9349], [""hindu"", -27.9349], [""luluki"", -28.0798], [""ra-u-ba-sa"", -28.7613], [""ukku"", -28.7958]]"
anai	muru	-8.3313	"[[""muru"", -8.3313], [""unra"", -10.0201], [""uriʃ"", -10.0495], [""uri"", -10.0533], [""ruku"", -10.0577], [""luk"", -10.4287], [""rum"", -10.4287], [""numi"", -10.4651], [""luluki"", -10.9591], [""purur"", -11.0318]]"
anaiΘ	muru	-11.8374	"[[""muru"", -11.8374], [""unra"", -13.2255], [""uriʃ"", -13.2543], [""ruku"", -13.2674], [""uri"", -13.2729], [""luk"", -13.5402], [""rum"", -13.5402], [""numi"", -13.5528], [""luluki"", -14.0193], [""purur"", -14.1522]]"
anaiΘt	uri	-12.574	"[[""uri"", -12.574], [""unra"", -14.3166], [""rabba"", -14.5863], [""numi"", -14.7779], [""ukkubati"", -14.8911], [""luluki"", -15.1717], [""muru"", -15.3435], [""ni"", -15.395], [""uriʃ"", -15.5971], [""buni"", -15.9057]]"
anaiΘti	uri	-16.0784	"[[""uri"", -16.0784], [""rabba"", -17.6252], [""unra"", -17.8004], [""ukkubati"", -18.1019], [""numi"", -18.2496], [""uriʃ"", -18.5801], [""luluki"", -18.6405], [""muru"", -18.8496], [""ni"", -18.8995], [""buni"", -19.4085]]"
anaiΘtij	uri	-19.5828	"[[""uri"", -19.5828], [""rabba"", -20.8087], [""unra"", -21.2841], [""ukkubati"", -21.3727], [""numi"", -21.7215], [""uriʃ"", -21.7447], [""luluki"", -22.1079], [""muru"", -22.3557], [""ni"", -22.404], [""duliibbe"", -22.7653]]"
anaiΘtija	uri	-23.0871	"[[""uri"", -23.0871], [""bau"", -23.0879], [""ruku"", -23.9826], [""rabba"", -24.0671], [""ukkubati"", -24.6821], [""unra"", -24.7677], [""uriʃ"", -24.9967], [""muru"", -25.1645], [""numi"", -25.1648], [""rapdu"", -25.393]]"
anaiΘtijas	uriʃ	-23.0817	"[[""uriʃ"", -23.0817], [""ukkubati"", -26.3311], [""ʃariut"", -26.4625], [""kuraʃ"", -26.5216], [""duraʃ"", -26.5216], [""kurat"", -26.5216], [""uri"", -26.5914], [""bau"", -26.5938], [""ra-u-ba-sa"", -27.0807], [""rabba"", -27.3715]]"
anaiΘu	muru	-15.3435	"[[""muru"", -15.3435], [""unra"", -16.4955], [""uriʃ"", -16.5239], [""ruku"", -16.5397], [""uri"", -16.557], [""numi"", -16.758], [""luk"", -16.7647], [""rum"", -16.7647], [""luluki"", -17.1972], [""purur"", -17.3811]]"
anaiΘut	uri	-16.0766	"[[""uri"", -16.0766], [""unra"", -17.64], [""numi"", -18.0085], [""rabba"", -18.0563], [""ukkubati"", -18.0952], [""luluki"", -18.36], [""muru"", -18.8496], [""ni"", -18.8986], [""uriʃ"", -19.0213], [""buni"", -19.354]]"
anaiΘuti	uri	-19.581	"[[""uri"", -19.581], [""rabba"", -21.1068], [""unra"", -21.1273], [""ukkubati"", -21.3741], [""numi"", -21.4881], [""luluki"", -21.8372], [""uriʃ"", -22.0358], [""muru"", -22.3557], [""ni"", -22.4032], [""ulkina"", -22.7243]]"
anaiΘutin	libair	-22.0457	"[[""libair"", -22.0457], [""purur"", -22.3487], [""nan"", -22.3994], [""hunir"", -23.0158], [""ruelpa"", -23.0309], [""uri"", -23.0785], [""napir"", -23.8834], [""unra"", -24.1625], [""rabba"", -24.2957], [""rikur"", -24.4564]]"
anaiΘutinu	libair	-25.5482	"[[""libair"", -25.5482], [""ruelpa"", -25.8437], [""purur"", -25.8556], [""nan"", -25.9064], [""hunir"", -26.5224], [""uri"", -26.5761], [""unra"", -27.3501], [""napir"", -27.3897], [""ulkina"", -27.4652], [""rabba"", -27.5572]]"
anas	uriʃ	-6.9072	"[[""uriʃ"", -6.9072], [""tuuʃ"", -8.2648], [""muru"", -8.3313], [""unra"", -10.0201], [""uri"", -10.0533], [""ruku"", -10.0577], [""duraʃ"", -10.3279], [""kurat"", -10.3279], [""kuraʃ"", -10.3279], [""unsaha"", -10.4045]]"
anasi	uriʃ	-10.4001	"[[""uriʃ"", -10.4001], [""tuuʃ"", -11.7714], [""muru"", -11.8374], [""unsaha"", -12.8501], [""unra"", -13.2255], [""ruku"", -13.2674], [""uri"", -13.2729], [""luk"", -13.5402], [""rum"", -13.5402], [""numi"", -13.5528]]"
anasis	uriʃ	-12.8425	"[[""uriʃ"", -12.8425], [""tuuʃ"", -14.4775], [""muru"", -15.3435], [""unsaha"", -15.526], [""kurtsaiʃ"", -15.5671], [""utstsun"", -15.7583], [""putmaʃ"", -16.046], [""tiut"", -16.0672], [""mantsat"", -16.2482], [""kuraʃ"", -16.2523]]"
anasisi	uriʃ	-16.3451	"[[""uriʃ"", -16.3451], [""tuuʃ"", -17.9846], [""unsaha"", -18.4192], [""utstsun"", -18.45], [""kurtsaiʃ"", -18.7952], [""muru"", -18.8496], [""mantsat"", -19.4736], [""antsi"", -19.5143], [""putmaʃ"", -19.5488], [""tiut"", -19.5725]]"
anasisir	rum	-19.3006	"[[""rum"", -19.3006], [""uriʃ"", -19.8476], [""utstsun"", -21.4362], [""unsaha"", -21.4478], [""tuuʃ"", -21.4915], [""kurtsaiʃ"", -21.9906], [""muru"", -22.3556], [""numi"", -22.3566], [""rabba"", -22.5103], [""antsi"", -22.6263]]"
anat	uri	-5.5689	"[[""uri"", -5.5689], [""unra"", -7.8158], [""muru"", -8.3313], [""ni"", -8.3878], [""uriʃ"", -8.7645], [""numi"", -8.7695], [""buni"", -9.0149], [""turi"", -9.0149], [""luluki"", -9.2537], [""ruku"", -10.0577]]"
anati	uri	-9.0733	"[[""uri"", -9.0733], [""unra"", -11.2857], [""uriʃ"", -11.673], [""rabba"", -11.816], [""muru"", -11.8374], [""ni"", -11.8923], [""numi"", -12.1861], [""buni"", -12.5186], [""turi"", -12.519], [""luluki"", -12.6641]]"
anatiΘ	uri	-12.5776	"[[""uri"", -12.5776], [""rabba"", -14.6201], [""unra"", -14.7559], [""uriʃ"", -14.8078], [""muru"", -15.3435], [""ni"", -15.3968], [""numi"", -15.6078], [""buni"", -16.0219], [""turi"", -16.0231], [""luluki"", -16.0761]]"
anatiΘw	uri	-16.082	"[[""uri"", -16.082], [""rabba"", -17.7095], [""uriʃ"", -18.0439], [""unra"", -18.2265], [""muru"", -18.8496], [""ni"", -18.9013], [""numi"", -19.0342], [""luluki"", -19.4898], [""buni"", -19.5248], [""turi"", -19.5272]]"
anatiΘwa	rapdu	-18.2802	"[[""rapdu"", -18.2802], [""uri"", -19.5863], [""ruku"", -20.6514], [""dudu"", -20.9139], [""ɡuɡu"", -20.9139], [""rabba"", -20.9162], [""uriʃ"", -21.3377], [""mardu"", -21.5254], [""hindu"", -21.5254], [""hidu"", -21.547]]"
anatiΘwaj	rapdu	-21.7864	"[[""rapdu"", -21.7864], [""uri"", -23.0905], [""ruku"", -24.1365], [""rabba"", -24.1874], [""ɡuɡu"", -24.4063], [""dudu"", -24.4063], [""uriʃ"", -24.6687], [""mardu"", -25.0316], [""hindu"", -25.0316], [""hidu"", -25.0533]]"
anatiΘwaja	rapdu	-24.5938	"[[""rapdu"", -24.5938], [""uri"", -26.5947], [""ruku"", -26.6859], [""ɡuɡu"", -27.0147], [""dudu"", -27.0147], [""rabba"", -27.4995], [""hindu"", -27.8471], [""mardu"", -27.8471], [""hidu"", -27.8691], [""uriʃ"", -28.026]]"
ara	ukku	-7.6458	"[[""ukku"", -7.6458], [""muru"", -8.019], [""mur"", -8.6736], [""rum"", -8.7274], [""uri"", -9.7735], [""bau"", -10.4121], [""am"", -10.7916], [""ɡuɡu"", -10.8456], [""ruku"", -10.8456], [""ʃutu"", -10.8456]]"
aram	numi	-10.0998	"[[""numi"", -10.0998], [""duma"", -10.0998], [""uri"", -11.0007], [""muru"", -11.1269], [""unra"", -11.1368], [""ukku"", -11.1433], [""mur"", -11.518], [""mete"", -11.8396], [""rum"", -12.2242], [""mar"", -12.6729]]"
arama	muru	-12.0741	"[[""muru"", -12.0741], [""ukku"", -13.2644], [""mardu"", -13.5968], [""numi"", -13.6016], [""duma"", -13.6016], [""mur"", -14.3622], [""uri"", -14.4325], [""bau"", -14.5392], [""unra"", -14.6293], [""mete"", -15.0531]]"
araman	mur	-11.6041	"[[""mur"", -11.6041], [""eul"", -12.5654], [""mar"", -12.9795], [""meulli"", -13.6025], [""muru"", -14.6085], [""huel"", -14.656], [""meen"", -14.9178], [""utstsun"", -15.9803], [""kun"", -15.9968], [""hun"", -15.9968]]"
aramana	muru	-12.2924	"[[""muru"", -12.2924], [""mur"", -15.1109], [""eul"", -16.0717], [""meulli"", -16.4034], [""mar"", -16.4866], [""mardu"", -16.9563], [""huel"", -18.1628], [""meen"", -18.4184], [""muʃnuik"", -18.4321], [""purur"", -19.1822]]"
aramanad	muru	-15.1082	"[[""muru"", -15.1082], [""mur"", -18.6172], [""mardu"", -19.4528], [""meulli"", -19.4906], [""eul"", -19.5771], [""mar"", -19.9937], [""muʃnuik"", -20.854], [""huel"", -21.6694], [""meen"", -21.9188], [""anaku"", -21.9418]]"
aramanada	muru	-18.2105	"[[""muru"", -18.2105], [""mur"", -22.1231], [""mardu"", -22.2999], [""meulli"", -22.695], [""eul"", -23.0816], [""mar"", -23.5008], [""muʃnuik"", -23.6601], [""ruku"", -24.3515], [""anaku"", -24.7512], [""maʃuum"", -25.0314]]"
aramanadaw	muru	-21.718	"[[""muru"", -21.718], [""mardu"", -25.5369], [""mur"", -25.6289], [""meulli"", -25.9638], [""eul"", -26.5862], [""muʃnuik"", -26.75], [""mar"", -27.0079], [""ruku"", -27.8199], [""maʃuum"", -28.0484], [""anaku"", -28.2563]]"
arame	numi	-13.6031	"[[""numi"", -13.6031], [""duma"", -13.6031], [""muru"", -14.3421], [""uri"", -14.4557], [""mur"", -14.63], [""unra"", -14.6309], [""ukku"", -14.6373], [""mete"", -15.0531], [""mar"", -15.5819], [""meen"", -15.6715]]"
aramei	numi	-17.1063	"[[""numi"", -17.1063], [""duma"", -17.1063], [""muru"", -17.6178], [""mur"", -17.8546], [""uri"", -17.9121], [""unra"", -18.1217], [""ukku"", -18.128], [""mete"", -18.327], [""mar"", -18.7168], [""meen"", -18.7612]]"
arameit	abebe	-18.2697	"[[""abebe"", -18.2697], [""ʃebe"", -18.7595], [""ukkubati"", -18.7699], [""ʃudaba"", -18.8122], [""abba"", -18.908], [""siya"", -19.4751], [""teumbe"", -19.8735], [""mete"", -19.8807], [""duma"", -19.9134], [""numi"", -19.9134]]"
arameiti	abebe	-20.0518	"[[""abebe"", -20.0518], [""abba"", -21.672], [""ukkubati"", -21.8647], [""ʃebe"", -22.2548], [""ʃudaba"", -22.304], [""ibbak"", -22.306], [""siya"", -22.9791], [""mete"", -23.3309], [""teumbe"", -23.3726], [""duma"", -23.419]]"
arameu	numi	-17.1063	"[[""numi"", -17.1063], [""duma"", -17.1063], [""muru"", -17.6178], [""mur"", -17.8546], [""uri"", -17.9121], [""unra"", -18.1217], [""ukku"", -18.128], [""mete"", -18.327], [""mar"", -18.7168], [""meen"", -18.7612]]"
arameun	mur	-15.7988	"[[""mur"", -15.7988], [""mar"", -16.4827], [""huel"", -18.1635], [""meen"", -18.2105], [""muru"", -19.1313], [""teman"", -19.8435], [""ʃiman"", -19.8435], [""marih"", -19.9384], [""mardu"", -19.9416], [""eul"", -19.9506]]"
arameuna	muru	-16.4879	"[[""muru"", -16.4879], [""mur"", -19.3051], [""mar"", -19.9899], [""mardu"", -20.4583], [""huel"", -21.6704], [""meen"", -21.7123], [""muʃnuik"", -21.9723], [""marih"", -22.7469], [""anaku"", -23.0294], [""ukku"", -23.1873]]"
arameunak	muru	-19.9942	"[[""muru"", -19.9942], [""uri"", -22.4083], [""mur"", -22.8114], [""ulkina"", -22.9839], [""muʃnuik"", -23.1751], [""meulli"", -23.374], [""mar"", -23.4961], [""ari"", -23.7794], [""eri"", -23.7794], [""unra"", -23.866]]"
arameunaka	muru	-22.8093	"[[""muru"", -22.8093], [""uri"", -25.9127], [""muʃnuik"", -25.9878], [""mardu"", -26.1727], [""mur"", -26.3168], [""ulkina"", -26.4838], [""meulli"", -26.8698], [""mar"", -27.0023], [""ari"", -27.2837], [""eri"", -27.2837]]"
arameunar	muru	-19.9942	"[[""muru"", -19.9942], [""mur"", -22.8114], [""rum"", -22.8189], [""maʃuum"", -23.3894], [""mar"", -23.4969], [""mardu"", -23.9153], [""ʃukurrum"", -24.6388], [""muʃnuik"", -24.7752], [""huel"", -25.1773], [""meen"", -25.214]]"
arameunaru	muru	-23.5004	"[[""muru"", -23.5004], [""mur"", -26.3176], [""rum"", -26.3242], [""maʃuum"", -26.8926], [""mar"", -27.0039], [""mardu"", -27.3734], [""muʃnuik"", -27.8632], [""ʃukurrum"", -28.1439], [""huel"", -28.6842], [""meen"", -28.7155]]"
are	rum	-8.7349	"[[""rum"", -8.7349], [""uri"", -10.052], [""am"", -10.7916], [""mur"", -10.8047], [""mar"", -10.866], [""numi"", -11.4176], [""duma"", -11.4176], [""kumaʃ"", -11.4982], [""dumaʃ"", -11.4982], [""lim"", -11.4991]]"
ared	ukku	-10.7321	"[[""ukku"", -10.7321], [""muru"", -11.1091], [""mur"", -12.1205], [""rum"", -12.2292], [""uri"", -13.044], [""bau"", -13.5094], [""mardu"", -13.8489], [""dudu"", -13.9179], [""ruku"", -13.9179], [""ɡuɡu"", -13.9179]]"
aredi	ukku	-14.232	"[[""ukku"", -14.232], [""muru"", -14.335], [""mur"", -14.992], [""rum"", -15.7233], [""uri"", -16.205], [""bau"", -16.5372], [""ukkubati"", -16.9898], [""mar"", -17.158], [""mardu"", -17.3158], [""ɡuɡu"", -17.3515]]"
aredij	muru	-17.617	"[[""muru"", -17.617], [""ukku"", -17.7296], [""mur"", -18.1136], [""rum"", -19.2174], [""ukkubati"", -19.4104], [""uri"", -19.4494], [""bau"", -19.7138], [""mar"", -20.4272], [""mardu"", -20.7727], [""ʃutu"", -20.7874]]"
aredija	muru	-18.6779	"[[""muru"", -18.6779], [""ukku"", -19.8505], [""bau"", -20.8262], [""mur"", -21.1378], [""buni"", -21.6622], [""ukkubati"", -22.2177], [""muʃnuik"", -22.2494], [""maʃuum"", -22.3842], [""mardu"", -22.6125], [""ɡuɡu"", -22.6462]]"
arej	rum	-12.2391	"[[""rum"", -12.2391], [""uri"", -13.2567], [""mur"", -13.8995], [""mar"", -13.9533], [""am"", -14.2557], [""numi"", -14.5296], [""duma"", -14.5296], [""kumaʃ"", -14.5844], [""dumaʃ"", -14.5844], [""kam"", -14.985]]"
areja	ukku	-13.9358	"[[""ukku"", -13.9358], [""muru"", -14.3145], [""mur"", -15.5693], [""rum"", -15.7307], [""uri"", -16.3551], [""mardu"", -16.682], [""bau"", -16.7197], [""ʃutu"", -17.1013], [""tuku"", -17.1013], [""ɡuɡu"", -17.1013]]"
aret	numi	-10.1091	"[[""numi"", -10.1091], [""duma"", -10.1091], [""uri"", -11.2906], [""unra"", -11.4147], [""siya"", -11.8003], [""mete"", -11.8396], [""rum"", -12.2391], [""mar"", -12.6729], [""amma"", -12.7502], [""ʃami"", -12.862]]"
areta	mardu	-13.6044	"[[""mardu"", -13.6044], [""duma"", -13.6117], [""numi"", -13.6117], [""ukku"", -13.9358], [""muru"", -14.3145], [""bau"", -14.5949], [""uri"", -14.7302], [""unra"", -14.9088], [""mete"", -15.0531], [""siya"", -15.3009]]"
aru	rum	-8.7349	"[[""rum"", -8.7349], [""uri"", -10.052], [""am"", -10.7916], [""mur"", -10.8047], [""mar"", -10.866], [""numi"", -11.4176], [""duma"", -11.4176], [""kumaʃ"", -11.4982], [""dumaʃ"", -11.4982], [""lim"", -11.4991]]"
aruk	numi	-10.1091	"[[""numi"", -10.1091], [""duma"", -10.1091], [""uri"", -11.2906], [""unra"", -11.4147], [""mete"", -11.8396], [""rum"", -12.2391], [""mar"", -12.6729], [""amma"", -12.7502], [""ʃami"", -12.862], [""meen"", -12.8626]]"
aruka	mardu	-13.6044	"[[""mardu"", -13.6044], [""numi"", -13.6117], [""duma"", -13.6117], [""ukku"", -13.9358], [""muru"", -14.3145], [""bau"", -14.5949], [""uri"", -14.7302], [""unra"", -14.9088], [""mete"", -15.0531], [""mur"", -15.5693]]"
arukan	mur	-12.2901	"[[""mur"", -12.2901], [""eul"", -12.5759], [""mar"", -12.9795], [""meulli"", -13.6079], [""meen"", -14.9178], [""muru"", -15.6481], [""huel"", -15.8915], [""mardu"", -16.0378], [""teman"", -16.3518], [""ʃiman"", -16.3518]]"
arukana	muru	-12.9793	"[[""muru"", -12.9793], [""mur"", -15.7964], [""eul"", -16.0821], [""meulli"", -16.4083], [""mar"", -16.4866], [""mardu"", -16.9565], [""meen"", -18.4184], [""marih"", -19.2483], [""huel"", -19.3975], [""anaku"", -19.5304]]"
arukanas	muru	-16.4855	"[[""muru"", -16.4855], [""mur"", -19.3027], [""meulli"", -19.4958], [""eul"", -19.5884], [""ʃimiut"", -19.8557], [""mar"", -19.9937], [""uriʃ"", -20.0586], [""tuuʃ"", -20.3866], [""mardu"", -20.4134], [""dumaʃ"", -20.6095]]"
asa	ʃutu	-4.7156	"[[""ʃutu"", -4.7156], [""kutu"", -4.8252], [""tuku"", -6.9607], [""tuuʃ"", -7.5615], [""tuk"", -7.5859], [""pitu"", -7.6126], [""hasu"", -7.6126], [""ukku"", -7.6458], [""uriʃ"", -7.6617], [""ʃuha"", -7.6635]]"
asar	ʃutu	-8.1698	"[[""ʃutu"", -8.1698], [""kutu"", -8.3313], [""tuku"", -10.0577], [""tuuʃ"", -10.3927], [""tuk"", -10.4287], [""ʃuha"", -10.4651], [""turi"", -10.4651], [""ʃam"", -10.7531], [""ʃutur"", -10.8615], [""rum"", -10.8743]]"
asara	ʃutu	-10.372	"[[""ʃutu"", -10.372], [""tuku"", -10.9863], [""kutu"", -11.1443], [""tuuʃ"", -11.6661], [""ukku"", -13.2644], [""tuk"", -13.2725], [""ʃuha"", -13.275], [""turi"", -13.275], [""ʃutur"", -13.3604], [""kutun"", -13.9021]]"
asaram	sukma	-13.2733	"[[""sukma"", -13.2733], [""ʃutu"", -13.8517], [""tuku"", -14.4433], [""turi"", -14.4921], [""ʃuha"", -14.4921], [""tuuʃ"", -14.5345], [""sunki"", -14.6381], [""kutu"", -14.6513], [""ʃami"", -15.5565], [""ʃiumme"", -15.6046]]"
asarama	ʃutu	-16.4082	"[[""ʃutu"", -16.4082], [""tuku"", -16.7072], [""sukma"", -16.7748], [""tuuʃ"", -17.1954], [""kutu"", -17.7481], [""turi"", -17.9247], [""ʃuha"", -17.9247], [""sunki"", -18.1305], [""tuʃʃuip"", -18.4425], [""ʃami"", -19.0243]]"
asaraman	ʃutur	-16.4054	"[[""ʃutur"", -16.4054], [""ʃutin"", -17.7391], [""kutun"", -17.7444], [""utstsun"", -18.1097], [""mur"", -18.611], [""ʃalur"", -18.7544], [""sir"", -18.8961], [""ʃin"", -18.8961], [""san"", -18.8961], [""tsul"", -18.9769]]"
asaramana	muru	-19.2992	"[[""muru"", -19.2992], [""ʃutur"", -19.9115], [""ʃutin"", -21.2459], [""kutun"", -21.2513], [""utstsun"", -21.6159], [""ʃalur"", -21.8824], [""mur"", -22.1177], [""sir"", -22.4032], [""san"", -22.4032], [""ʃin"", -22.4032]]"
asaramanad	muru	-22.115	"[[""muru"", -22.115], [""ʃutur"", -23.4163], [""ʃutin"", -24.7525], [""kutun"", -24.7579], [""ʃalur"", -24.9119], [""utstsun"", -25.1209], [""ʃukurrum"", -25.5478], [""mur"", -25.624], [""ʃutu"", -25.6554], [""tuku"", -25.7832]]"
asarame	sukma	-16.7752	"[[""sukma"", -16.7752], [""ʃutu"", -17.3314], [""tuuʃ"", -17.6545], [""tuku"", -17.9014], [""ʃuha"", -17.9478], [""turi"", -17.9478], [""sunki"", -18.1322], [""kutu"", -18.1583], [""tuʃʃuip"", -18.5782], [""ʃami"", -19.0243]]"
asaramei	sukma	-20.2762	"[[""sukma"", -20.2762], [""ʃutu"", -20.8112], [""tuuʃ"", -20.8829], [""ʃudaba"", -21.284], [""tuku"", -21.3605], [""ʃuha"", -21.4047], [""turi"", -21.4047], [""sunki"", -21.623], [""kutu"", -21.6652], [""tuʃʃuip"", -21.6968]]"
asarameit	ʃudaba	-19.3224	"[[""ʃudaba"", -19.3224], [""ʃebe"", -20.2742], [""teumbe"", -20.4153], [""siya"", -20.963], [""tibbe"", -22.3803], [""sukma"", -22.9195], [""turi"", -23.8386], [""ʃuha"", -23.8386], [""sunki"", -23.8839], [""tuuʃ"", -24.1721]]"
asarameiti	ʃudaba	-22.8158	"[[""ʃudaba"", -22.8158], [""ʃebe"", -23.7715], [""teumbe"", -23.9158], [""siya"", -24.4671], [""tibbe"", -25.1597], [""sukma"", -26.4239], [""abebe"", -27.0064], [""ʃuha"", -27.3289], [""turi"", -27.3289], [""sunki"", -27.3851]]"
asarameu	sukma	-20.2762	"[[""sukma"", -20.2762], [""ʃutu"", -20.8112], [""tuuʃ"", -20.8829], [""tuku"", -21.3605], [""ʃuha"", -21.4047], [""turi"", -21.4047], [""sunki"", -21.623], [""kutu"", -21.6652], [""tuʃʃuip"", -21.6968], [""siya"", -22.2071]]"
asarameun	ʃutur	-20.8058	"[[""ʃutur"", -20.8058], [""ʃutin"", -21.2221], [""kutun"", -21.6596], [""san"", -22.3996], [""sir"", -22.3996], [""ʃin"", -22.3996], [""teman"", -22.4881], [""ʃiman"", -22.4881], [""utstsun"", -22.5174], [""mur"", -22.8016]]"
asarameuna	muru	-23.4907	"[[""muru"", -23.4907], [""ʃutur"", -24.3104], [""ʃutin"", -24.729], [""kutun"", -25.1664], [""ʃin"", -25.9067], [""sir"", -25.9067], [""san"", -25.9067], [""ʃiman"", -25.995], [""teman"", -25.995], [""ʃalur"", -26.0036]]"
asas	tuuʃ	-6.692	"[[""tuuʃ"", -6.692], [""ʃutu"", -7.2156], [""tiut"", -7.5304], [""ʃutur"", -7.6321], [""ʃutin"", -7.6639], [""kutu"", -8.3243], [""uriʃ"", -9.5502], [""utstsun"", -9.6387], [""tit"", -9.7098], [""teiʃ"", -9.773]]"
asasa	ʃutu	-4.8793	"[[""ʃutu"", -4.8793], [""ʃutur"", -8.2709], [""tuuʃ"", -10.0031], [""kutu"", -10.0599], [""utstsun"", -10.2951], [""ʃutin"", -10.4638], [""tuʃʃuip"", -10.6279], [""tuku"", -10.9382], [""tiut"", -11.0341], [""tsul"", -11.0822]]"
asasar	ʃutu	-8.3854	"[[""ʃutu"", -8.3854], [""ʃutur"", -11.1137], [""maʃuum"", -12.8824], [""utstsun"", -13.1295], [""tuuʃ"", -13.346], [""tuʃʃuip"", -13.4284], [""ʃutin"", -13.5503], [""kutu"", -13.5665], [""tsul"", -13.9266], [""tuku"", -14.3747]]"
asasara	ʃutu	-11.2	"[[""ʃutu"", -11.2], [""ʃutur"", -13.9566], [""utstsun"", -15.8556], [""tuʃʃuip"", -16.1015], [""maʃuum"", -16.3733], [""tuuʃ"", -16.4166], [""tuku"", -16.4663], [""kutu"", -16.4694], [""ʃutin"", -16.7537], [""tsul"", -16.7713]]"
asasaram	ʃutu	-14.7071	"[[""ʃutu"", -14.7071], [""ʃutur"", -17.0684], [""tuʃʃuip"", -17.8083], [""sukma"", -18.8087], [""utstsun"", -18.9269], [""ʃutin"", -19.0953], [""ʃiutmana"", -19.3589], [""tuuʃ"", -19.6207], [""maʃuum"", -19.8645], [""tsul"", -19.8838]]"
asasarama	ʃutu	-17.8069	"[[""ʃutu"", -17.8069], [""ʃutur"", -20.1795], [""tuʃʃuip"", -20.6654], [""utstsun"", -21.9428], [""ʃutin"", -22.0778], [""sukma"", -22.3114], [""tuku"", -22.4973], [""ʃiutmana"", -22.5735], [""tuuʃ"", -22.6765], [""tsul"", -22.9961]]"
asasaraman	ʃutur	-17.8032	"[[""ʃutur"", -17.8032], [""utstsun"", -19.4065], [""ʃutin"", -19.5723], [""tsul"", -20.6222], [""ʃutu"", -21.3143], [""tsin"", -22.3944], [""kutun"", -23.1049], [""ʃiltur"", -23.2991], [""tuʃʃuip"", -23.7804], [""ʃiutmana"", -23.866]]"
asasarame	ʃutu	-18.2142	"[[""ʃutu"", -18.2142], [""ʃutur"", -20.2932], [""tuʃʃuip"", -20.7074], [""ʃutin"", -22.0779], [""utstsun"", -22.1295], [""sukma"", -22.3116], [""ʃiutmana"", -22.5736], [""tuuʃ"", -22.8956], [""tsul"", -23.1089], [""maʃuum"", -23.3558]]"
asasaramei	ʃutu	-21.7213	"[[""ʃutu"", -21.7213], [""ʃutur"", -23.5805], [""tuʃʃuip"", -23.8384], [""ʃutin"", -25.2421], [""utstsun"", -25.4018], [""sukma"", -25.814], [""ʃiutmana"", -25.8481], [""tsabar"", -25.8515], [""tuuʃ"", -26.2144], [""tsul"", -26.3965]]"
asasarameu	ʃutu	-21.7213	"[[""ʃutu"", -21.7213], [""ʃutur"", -23.5805], [""tuʃʃuip"", -23.8384], [""ʃutin"", -25.2421], [""utstsun"", -25.4018], [""sukma"", -25.814], [""ʃiutmana"", -25.8481], [""tuuʃ"", -26.2144], [""tsul"", -26.3965], [""maʃuum"", -26.8474]]"
asau	ʃutu	-8.1698	"[[""ʃutu"", -8.1698], [""kutu"", -8.3313], [""tuku"", -10.0577], [""tuuʃ"", -10.3927], [""tuk"", -10.4287], [""turi"", -10.4651], [""ʃuha"", -10.4651], [""ʃutur"", -10.8615], [""kutun"", -11.0604], [""hasu"", -11.1187]]"
asaun	ʃutur	-8.1666	"[[""ʃutur"", -8.1666], [""kutun"", -8.3284], [""utstsun"", -9.958], [""tsul"", -10.0301], [""ʃutin"", -10.4139], [""turi"", -11.1168], [""ʃalur"", -11.1504], [""sunki"", -11.1676], [""ʃutu"", -11.6252], [""kutu"", -11.8374]]"
asauna	ʃutur	-11.6704	"[[""ʃutur"", -11.6704], [""kutun"", -11.8346], [""utstsun"", -13.4607], [""tsul"", -13.5355], [""ʃutu"", -13.6609], [""ʃutin"", -13.9172], [""turi"", -13.9461], [""muru"", -13.9602], [""sunki"", -13.9693], [""tuku"", -14.1213]]"
asaunak	turi	-12.5784	"[[""turi"", -12.5784], [""sunki"", -15.1684], [""ʃutur"", -15.174], [""kutun"", -15.3409], [""uri"", -15.3978], [""muʃnuik"", -16.4982], [""ʃuntina"", -16.8212], [""utstsun"", -16.9632], [""tsul"", -17.0408], [""ʃutu"", -17.1458]]"
asaunaka	turi	-16.0827	"[[""turi"", -16.0827], [""sunki"", -18.6243], [""ʃutur"", -18.6714], [""kutun"", -18.8463], [""uri"", -18.9021], [""muʃnuik"", -19.3122], [""tranku"", -19.4735], [""ʃutu"", -19.7516], [""tuku"", -19.9992], [""ʃuntina"", -20.1646]]"
asaunakan	turi	-19.5765	"[[""turi"", -19.5765], [""ʃutur"", -19.6662], [""ʃalur"", -19.7955], [""purur"", -20.278], [""kutun"", -20.9648], [""ʃutin"", -21.042], [""utstsun"", -21.2454], [""turnah"", -21.5651], [""hunir"", -21.6521], [""ʃuntina"", -21.9058]]"
asaunakana	tranku	-22.8736	"[[""tranku"", -22.8736], [""turi"", -23.0704], [""ʃutur"", -23.1726], [""ʃalur"", -23.2637], [""purur"", -23.7827], [""turnah"", -24.4036], [""kutun"", -24.472], [""ʃukurrum"", -24.4735], [""ʃutin"", -24.5489], [""utstsun"", -24.7518]]"
ase	uriʃ	-7.6635	"[[""uriʃ"", -7.6635], [""tit"", -9.3632], [""tuk"", -9.7595], [""ʃam"", -9.7806], [""sah"", -9.7806], [""ʃak"", -9.7806], [""ʃin"", -9.7806], [""sir"", -9.7806], [""san"", -9.7806], [""uri"", -10.052]]"
asek	siya	-8.8617	"[[""siya"", -8.8617], [""husa"", -9.018], [""huta"", -9.018], [""kuʃi"", -9.018], [""titi"", -10.4556], [""teti"", -10.4556], [""tena"", -10.7528], [""ʃami"", -10.7528], [""ʃada"", -10.7528], [""tipi"", -10.7528]]"
aseka	ʃutu	-11.6233	"[[""ʃutu"", -11.6233], [""kutu"", -11.8351], [""siya"", -12.3164], [""tiut"", -12.4647], [""kuʃi"", -12.5219], [""huta"", -12.5219], [""husa"", -12.5219], [""tuku"", -13.2579], [""teti"", -13.7356], [""titi"", -13.7356]]"
asekan	ʃutur	-11.6211	"[[""ʃutur"", -11.6211], [""kutun"", -11.833], [""ʃin"", -11.8891], [""sir"", -11.8891], [""san"", -11.8891], [""ʃalur"", -12.1441], [""ʃutin"", -12.3089], [""utstsun"", -12.3105], [""ʃiltur"", -12.4994], [""eul"", -12.5759]]"
asekana	ʃutur	-15.1257	"[[""ʃutur"", -15.1257], [""ʃalur"", -15.1292], [""kutun"", -15.3393], [""san"", -15.3962], [""ʃin"", -15.3962], [""sir"", -15.3962], [""ʃutin"", -15.8154], [""utstsun"", -15.8157], [""ʃiltur"", -15.9702], [""eul"", -16.0821]]"
asekanas	tuuʃ	-15.3879	"[[""tuuʃ"", -15.3879], [""tiut"", -15.3934], [""ʃariut"", -15.7695], [""ʃimiut"", -17.4598], [""ʃeriit"", -18.1497], [""ʃalur"", -18.2951], [""ʃiltur"", -18.4245], [""ʃutur"", -18.5414], [""kutun"", -18.8449], [""tit"", -18.8958]]"
asekanasi	tuuʃ	-18.895	"[[""tuuʃ"", -18.895], [""tiut"", -18.9006], [""ʃariut"", -19.2765], [""ʃimiut"", -20.967], [""ʃiltur"", -21.4191], [""ʃalur"", -21.5483], [""ʃeriit"", -21.6542], [""ʃutur"", -21.9625], [""kutun"", -22.3505], [""tit"", -22.4029]]"
asekanasis	tuuʃ	-21.7073	"[[""tuuʃ"", -21.7073], [""tiut"", -21.7158], [""ʃariut"", -22.0453], [""ʃimiut"", -23.7802], [""ʃeriit"", -24.0509], [""ʃiltur"", -24.3418], [""ʃalur"", -24.8532], [""tit"", -25.2134], [""ʃutur"", -25.3189], [""utstsun"", -25.5441]]"
aser	ʃam	-10.7531	"[[""ʃam"", -10.7531], [""uriʃ"", -11.1643], [""rum"", -12.1235], [""putmaʃ"", -12.1822], [""tit"", -12.5757], [""tuk"", -12.8501], [""ʃak"", -12.8687], [""ʃin"", -12.8687], [""san"", -12.8687], [""sah"", -12.8687]]"
asera	ʃutu	-11.6233	"[[""ʃutu"", -11.6233], [""kutu"", -11.8351], [""tuku"", -13.2579], [""ukku"", -13.9358], [""ʃam"", -14.2196], [""tuk"", -14.4878], [""tuuʃ"", -14.501], [""pitu"", -14.6112], [""hasu"", -14.6112], [""ʃuha"", -14.651]]"
aserat	ʃutu	-15.0825	"[[""ʃutu"", -15.0825], [""sukma"", -15.1752], [""kutu"", -15.3411], [""ʃami"", -15.5565], [""ʃuha"", -15.6883], [""turi"", -15.6883], [""tarmi"", -15.7313], [""tarma"", -15.7313], [""siya"", -15.7691], [""sunki"", -16.0133]]"
aserate	ʃutu	-18.5425	"[[""ʃutu"", -18.5425], [""sukma"", -18.672], [""siya"", -18.7024], [""kutu"", -18.8471], [""ʃami"", -19.0243], [""turi"", -19.1122], [""ʃuha"", -19.1122], [""tarmi"", -19.2298], [""tarma"", -19.2298], [""sunki"", -19.4999]]"
asi	uriʃ	-7.6635	"[[""uriʃ"", -7.6635], [""tit"", -9.3632], [""tibbe"", -9.7195], [""tuk"", -9.7595], [""ʃin"", -9.7806], [""sah"", -9.7806], [""ʃak"", -9.7806], [""ʃam"", -9.7806], [""sir"", -9.7806], [""san"", -9.7806]]"
asii	tibbe	-10.2406	"[[""tibbe"", -10.2406], [""uriʃ"", -11.1643], [""tsabar"", -12.501], [""ʃebe"", -12.5045], [""tit"", -12.5757], [""abba"", -12.765], [""ibbak"", -12.8224], [""tuk"", -12.8501], [""san"", -12.8687], [""sir"", -12.8687]]"
asiip	tuk	-12.7067	"[[""tuk"", -12.7067], [""ibbak"", -12.7097], [""ʃak"", -12.8498], [""sah"", -12.8498], [""teip"", -12.8628], [""tibbe"", -13.0795], [""huh"", -14.4369], [""luk"", -14.4843], [""ukku"", -14.5467], [""uriʃ"", -14.6632]]"
asiipi	tibbe	-15.5548	"[[""tibbe"", -15.5548], [""ibbak"", -16.1345], [""tuk"", -16.2055], [""sah"", -16.3474], [""ʃak"", -16.3474], [""teip"", -16.3679], [""ukku"", -17.3563], [""huh"", -17.8974], [""tsibbaru"", -17.9809], [""luk"", -17.9911]]"
asiipin	tsabar	-18.2157	"[[""tsabar"", -18.2157], [""utstsun"", -18.4979], [""tibbe"", -18.5651], [""tsibbaru"", -18.9043], [""tsappan"", -18.9159], [""tsul"", -19.2804], [""tsin"", -19.283], [""sael"", -19.3377], [""san"", -19.3614], [""ʃin"", -19.3614]]"
asiipina	tsibbaru	-16.21	"[[""tsibbaru"", -16.21], [""ukku"", -20.3775], [""tuku"", -20.3816], [""tsabar"", -21.7082], [""tibbe"", -21.7419], [""utstsun"", -21.9672], [""ʃutu"", -21.9937], [""puhu"", -22.0026], [""muru"", -22.0804], [""ruku"", -22.091]]"
asiipinam	tsibbaru	-19.707	"[[""tsibbaru"", -19.707], [""tibbe"", -20.9181], [""abbara"", -22.975], [""uri"", -23.0953], [""muʃnuik"", -23.5138], [""buni"", -23.5312], [""abba"", -23.5856], [""bela"", -23.7618], [""bera"", -23.7618], [""bali"", -23.7618]]"
asiipinama	tsibbaru	-22.4346	"[[""tsibbaru"", -22.4346], [""tibbe"", -24.4225], [""ʃiprium"", -25.2969], [""bau"", -25.4965], [""muʃnuik"", -26.3288], [""tranku"", -26.3801], [""abbara"", -26.4624], [""tuku"", -26.569], [""ukku"", -26.5791], [""uri"", -26.5996]]"
asir	ʃam	-10.7531	"[[""ʃam"", -10.7531], [""uriʃ"", -11.1643], [""rum"", -12.1235], [""putmaʃ"", -12.1822], [""tibbe"", -12.5262], [""tit"", -12.5757], [""tuk"", -12.8501], [""sir"", -12.8687], [""sah"", -12.8687], [""san"", -12.8687]]"
asiru	ʃam	-14.2196	"[[""ʃam"", -14.2196], [""uriʃ"", -14.6632], [""putmaʃ"", -14.9911], [""tibbe"", -15.6153], [""rum"", -15.6278], [""tit"", -15.8501], [""tuk"", -16.0574], [""san"", -16.0745], [""ʃin"", -16.0745], [""sir"", -16.0745]]"
asirut	ʃebe	-15.1998	"[[""ʃebe"", -15.1998], [""tibbe"", -15.2471], [""ʃami"", -15.5565], [""sukma"", -15.7099], [""tarmi"", -15.7313], [""tarma"", -15.7313], [""husa"", -16.0242], [""huta"", -16.0242], [""kuʃi"", -16.0242], [""putmaʃ"", -16.8053]]"
asirute	ʃebe	-18.6786	"[[""ʃebe"", -18.6786], [""tibbe"", -18.7447], [""ʃami"", -19.0243], [""sukma"", -19.2134], [""tarma"", -19.2298], [""tarmi"", -19.2298], [""siya"", -19.27], [""huta"", -19.5286], [""husa"", -19.5286], [""kuʃi"", -19.5286]]"
asis	utstsun	-9.6805	"[[""utstsun"", -9.6805], [""tit"", -9.7098], [""tuuʃ"", -9.7306], [""tiut"", -9.759], [""uriʃ"", -9.7677], [""teiʃ"", -9.773], [""putmaʃ"", -10.404], [""tsul"", -10.4731], [""tsin"", -10.4732], [""ʃutu"", -12.4845]]"
asisi	utstsun	-12.3479	"[[""utstsun"", -12.3479], [""tit"", -13.1893], [""tuuʃ"", -13.2334], [""tiut"", -13.2619], [""uriʃ"", -13.2735], [""teiʃ"", -13.2758], [""tsul"", -13.2766], [""tsin"", -13.2766], [""tibbe"", -13.6086], [""tsabar"", -13.7118]]"
asisir	utstsun	-15.3152	"[[""utstsun"", -15.3152], [""tsul"", -16.3649], [""tsin"", -16.3649], [""tibbe"", -16.4666], [""tsabar"", -16.5372], [""tit"", -16.6688], [""ʃam"", -16.7008], [""tuuʃ"", -16.7345], [""tiut"", -16.763], [""teiʃ"", -16.7769]]"
ata	ukku	-7.6458	"[[""ukku"", -7.6458], [""bau"", -8.2736], [""uri"", -8.6427], [""eul"", -8.9559], [""unra"", -9.0108], [""aa"", -10.4301], [""iɡi"", -10.7364], [""ari"", -10.7364], [""eri"", -10.7364], [""muru"", -10.8456]]"
atai	ukku	-11.1433	"[[""ukku"", -11.1433], [""bau"", -11.6765], [""abba"", -11.787], [""eul"", -11.801], [""uri"", -11.9961], [""unra"", -12.4779], [""abebe"", -13.6873], [""aa"", -13.708], [""ibbak"", -13.8607], [""ukkubati"", -13.8887]]"
ataiΘ	abba	-14.5917	"[[""abba"", -14.5917], [""ukku"", -14.6373], [""eul"", -14.9133], [""bau"", -15.0867], [""uri"", -15.3667], [""unra"", -15.9336], [""ukkubati"", -16.3177], [""abebe"", -16.3449], [""ibbak"", -16.4765], [""aa"", -17.0286]]"
ataiΘu	abba	-17.6815	"[[""abba"", -17.6815], [""ukku"", -18.128], [""eul"", -18.138], [""bau"", -18.5031], [""uri"", -18.7507], [""ukkubati"", -19.1352], [""abebe"", -19.3011], [""unra"", -19.3793], [""ibbak"", -19.4061], [""tibbe"", -20.3239]]"
ataiΘuj	abba	-20.8887	"[[""abba"", -20.8887], [""eul"", -21.4252], [""ukku"", -21.6155], [""bau"", -21.925], [""ukkubati"", -22.131], [""uri"", -22.1455], [""abebe"", -22.3905], [""ibbak"", -22.4766], [""unra"", -22.817], [""ayak"", -22.9849]]"
ataiΘuja	ukku	-23.1873	"[[""ukku"", -23.1873], [""bau"", -23.5192], [""abba"", -24.1603], [""eul"", -24.6069], [""buni"", -25.1273], [""ukkubati"", -25.2241], [""uri"", -25.5085], [""abebe"", -25.5578], [""ibbak"", -25.6295], [""ayak"", -25.8158]]"
ataiΘw	abba	-17.6815	"[[""abba"", -17.6815], [""ukku"", -18.128], [""eul"", -18.138], [""bau"", -18.5031], [""iɡi"", -18.7258], [""uri"", -18.7507], [""ukkubati"", -19.1352], [""abebe"", -19.3011], [""unra"", -19.3793], [""ibbak"", -19.4061]]"
ataiΘwa	ɡuɡu	-17.4229	"[[""ɡuɡu"", -17.4229], [""dudu"", -17.4229], [""hidu"", -18.626], [""ukku"", -19.8479], [""bau"", -20.2295], [""hindu"", -20.5674], [""mardu"", -20.5674], [""rapdu"", -20.5674], [""abba"", -20.8887], [""eul"", -21.254]]"
ataiΘwae	dudu	-20.915	"[[""dudu"", -20.915], [""ɡuɡu"", -20.915], [""hidu"", -22.1323], [""ukku"", -23.3513], [""bau"", -23.7222], [""rapdu"", -24.0736], [""hindu"", -24.0736], [""mardu"", -24.0736], [""abba"", -24.1603], [""du ka"", -24.4221]]"
ataiΘwaea	ɡuɡu	-23.5204	"[[""ɡuɡu"", -23.5204], [""dudu"", -23.5204], [""hidu"", -24.9484], [""ukku"", -26.0051], [""bau"", -26.4105], [""du ka"", -26.8831], [""rapdu"", -26.8849], [""hindu"", -26.8849], [""mardu"", -26.8849], [""buni"", -27.2859]]"
ataiΘwaead	ɡuɡu	-26.4489	"[[""ɡuɡu"", -26.4489], [""dudu"", -26.4489], [""hidu"", -28.0509], [""ukku"", -28.9692], [""bau"", -29.4124], [""du ka"", -29.5631], [""hindu"", -29.9831], [""rapdu"", -29.9831], [""mardu"", -29.9831], [""buni"", -30.2348]]"
ataiΘwaj	dudu	-20.915	"[[""dudu"", -20.915], [""ɡuɡu"", -20.915], [""hidu"", -22.1323], [""ukku"", -23.3513], [""bau"", -23.7222], [""rapdu"", -24.0736], [""hindu"", -24.0736], [""mardu"", -24.0736], [""abba"", -24.1603], [""du ka"", -24.4221]]"
ataiΘwaja	ɡuɡu	-23.5204	"[[""ɡuɡu"", -23.5204], [""dudu"", -23.5204], [""hidu"", -24.9484], [""ukku"", -26.0051], [""bau"", -26.4105], [""du ka"", -26.8831], [""rapdu"", -26.8849], [""hindu"", -26.8849], [""mardu"", -26.8849], [""buni"", -27.2859]]"
ataiΘwajaa	ɡuɡu	-26.4489	"[[""ɡuɡu"", -26.4489], [""dudu"", -26.4489], [""hidu"", -28.0509], [""ukku"", -28.9692], [""bau"", -29.4124], [""du ka"", -29.5631], [""hindu"", -29.9831], [""rapdu"", -29.9831], [""mardu"", -29.9831], [""buni"", -30.2348]]"
ataiΘwajaj	dudu	-27.0161	"[[""dudu"", -27.0161], [""ɡuɡu"", -27.0161], [""hidu"", -28.4556], [""ukku"", -29.5102], [""du ka"", -29.5672], [""bau"", -29.9115], [""buni"", -30.3813], [""duma"", -30.3888], [""hindu"", -30.392], [""rapdu"", -30.392]]"
ataiΘwajas	tuuʃ	-26.6023	"[[""tuuʃ"", -26.6023], [""dudu"", -27.0161], [""ɡuɡu"", -27.0161], [""duraʃ"", -27.2896], [""dumaʃ"", -27.2896], [""tiut"", -28.0294], [""hidu"", -28.4556], [""uriʃ"", -28.8084], [""ukku"", -29.5102], [""du ka"", -29.5672]]"
ataiΘwajat	dudu	-27.0161	"[[""dudu"", -27.0161], [""ɡuɡu"", -27.0161], [""iɡi"", -27.2811], [""qaduukqa"", -27.6314], [""du ka"", -27.6679], [""ukkubati"", -27.995], [""abebe"", -28.4041], [""hidu"", -28.4555], [""buni"", -28.487], [""duma"", -28.5151]]"
ate	uri	-8.7244	"[[""uri"", -8.7244], [""unra"", -9.0175], [""ayak"", -9.0398], [""aa"", -10.4301], [""iɡi"", -10.7364], [""eri"", -10.7364], [""ari"", -10.7364], [""ki"", -11.0372], [""ni"", -11.0372], [""da"", -11.0372]]"
ati	abba	-8.3183	"[[""abba"", -8.3183], [""uri"", -8.7244], [""unra"", -9.0175], [""abebe"", -10.4268], [""aa"", -10.4301], [""bau"", -10.4392], [""ibbak"", -10.669], [""ari"", -10.7364], [""iɡi"", -10.7364], [""eri"", -10.7364]]"
atiΘ	abba	-11.1208	"[[""abba"", -11.1208], [""uri"", -12.1427], [""unra"", -12.4975], [""abebe"", -13.0356], [""ibbak"", -13.2166], [""bau"", -13.2567], [""aa"", -13.708], [""rabba"", -13.8152], [""tibbe"", -13.8152], [""ʃebe"", -13.8395]]"
atiΘw	abba	-14.2096	"[[""abba"", -14.2096], [""iɡi"", -15.2505], [""uri"", -15.5661], [""abebe"", -15.9604], [""unra"", -15.9712], [""ibbak"", -16.1042], [""bau"", -16.3505], [""rabba"", -16.906], [""tibbe"", -16.906], [""abbara"", -16.908]]"
atiΘwa	dudu	-15.0806	"[[""dudu"", -15.0806], [""ɡuɡu"", -15.0806], [""hidu"", -15.1743], [""bau"", -16.864], [""ukku"", -17.2041], [""mardu"", -17.3831], [""hindu"", -17.3831], [""rapdu"", -17.3831], [""abba"", -17.4161], [""iɡi"", -18.1217]]"
atiΘwaj	dudu	-18.5422	"[[""dudu"", -18.5422], [""ɡuɡu"", -18.5422], [""hidu"", -18.6805], [""bau"", -20.3544], [""abba"", -20.6871], [""ukku"", -20.706], [""rapdu"", -20.8893], [""mardu"", -20.8893], [""hindu"", -20.8893], [""du ka"", -20.9599]]"
atiΘwaja	ɡuɡu	-20.8101	"[[""ɡuɡu"", -20.8101], [""dudu"", -20.8101], [""hidu"", -21.4961], [""bau"", -22.9657], [""ukku"", -23.1876], [""du ka"", -23.3973], [""hindu"", -23.6953], [""rapdu"", -23.6953], [""mardu"", -23.6953], [""buni"", -23.7839]]"
atu	uri	-8.7244	"[[""uri"", -8.7244], [""unra"", -9.0175], [""aa"", -10.4301], [""eri"", -10.7364], [""ari"", -10.7364], [""iɡi"", -10.7364], [""ni"", -11.0372], [""da"", -11.0372], [""ki"", -11.0372], [""am"", -11.0372]]"
atur	am	-9.4776	"[[""am"", -9.4776], [""rum"", -12.1235], [""kam"", -12.1257], [""ʃam"", -12.1257], [""lim"", -12.1257], [""uri"", -12.1427], [""unra"", -12.4975], [""amma"", -12.8591], [""amni"", -12.9228], [""aa"", -13.708]]"
aturu	am	-12.9827	"[[""am"", -12.9827], [""uri"", -15.5661], [""rum"", -15.6278], [""kam"", -15.6301], [""ʃam"", -15.6301], [""lim"", -15.6301], [""amma"", -15.6701], [""amni"", -15.7335], [""unra"", -15.9712], [""aa"", -17.0286]]"
aturus	uriʃ	-15.5605	"[[""uriʃ"", -15.5605], [""am"", -16.4878], [""ipiʃ"", -17.2119], [""tit"", -17.8929], [""pat"", -17.9378], [""hit"", -17.9378], [""hiʃ"", -17.9378], [""kumaʃ"", -17.9457], [""dumaʃ"", -17.9457], [""ʃammiʃ"", -18.291]]"
aturusa	ʃutu	-18.5382	"[[""ʃutu"", -18.5382], [""kutu"", -18.626], [""hasu"", -18.627], [""pitu"", -18.627], [""uriʃ"", -19.067], [""am"", -19.993], [""kassu"", -20.3631], [""ukku"", -20.5134], [""kipʃu"", -20.5732], [""ipiʃ"", -20.7176]]"
aturusai	ʃutu	-22.0019	"[[""ʃutu"", -22.0019], [""kutu"", -22.132], [""hasu"", -22.1333], [""pitu"", -22.1333], [""uriʃ"", -22.5732], [""am"", -23.4981], [""kassu"", -23.8587], [""ukku"", -24.0158], [""tuku"", -24.0558], [""kipʃu"", -24.0794]]"
aturusaid	ʃutu	-24.2896	"[[""ʃutu"", -24.2896], [""kutu"", -24.9429], [""pitu"", -24.9489], [""hasu"", -24.9489], [""tuku"", -25.0104], [""maʃuum"", -25.3906], [""tuuʃ"", -25.6856], [""muru"", -25.9846], [""uriʃ"", -26.0791], [""kassu"", -26.5241]]"
aturusaida	ʃutu	-27.0481	"[[""ʃutu"", -27.0481], [""tuku"", -27.5004], [""maʃuum"", -27.6325], [""tuuʃ"", -27.941], [""kutu"", -28.0401], [""pitu"", -28.0513], [""hasu"", -28.0513], [""muru"", -28.5223], [""ukku"", -29.4612], [""kassu"", -29.5348]]"
aun	pur	-7.5835	"[[""pur"", -7.5835], [""mur"", -7.5835], [""hun"", -7.5835], [""kun"", -7.5835], [""eul"", -7.5835], [""unra"", -7.6044], [""uri"", -7.6128], [""uriʃ"", -7.6635], [""nan"", -9.3539], [""par"", -9.7388]]"
auna	muru	-8.2727	"[[""muru"", -8.2727], [""unra"", -10.4067], [""uri"", -10.442], [""ruku"", -10.4576], [""uriʃ"", -10.4651], [""ukku"", -10.7321], [""eul"", -11.0873], [""mur"", -11.0873], [""hun"", -11.0873], [""pur"", -11.0873]]"
aunak	uri	-9.0742	"[[""uri"", -9.0742], [""unra"", -11.0536], [""muru"", -11.7788], [""ni"", -11.8949], [""uriʃ"", -12.2693], [""numi"", -12.2757], [""turi"", -12.4616], [""buni"", -12.4616], [""luluki"", -12.7092], [""ulkina"", -13.3374]]"
aunaka	uri	-12.5784	"[[""uri"", -12.5784], [""ruku"", -14.4925], [""unra"", -14.5315], [""muru"", -14.5912], [""uriʃ"", -15.178], [""ni"", -15.3994], [""numi"", -15.6139], [""luluki"", -15.9281], [""turi"", -15.965], [""buni"", -15.965]]"
aunakan	purur	-14.588	"[[""purur"", -14.588], [""nan"", -15.3958], [""rikur"", -15.612], [""hunir"", -15.9605], [""ruelpa"", -16.0449], [""eul"", -16.0625], [""uri"", -16.0722], [""ʃalur"", -16.7339], [""unra"", -17.3754], [""napir"", -17.4665]]"
aunakana	purur	-18.09	"[[""purur"", -18.09], [""luluki"", -18.1685], [""ruelpa"", -18.8485], [""nan"", -18.9028], [""rikur"", -19.1169], [""hunir"", -19.4665], [""uri"", -19.5661], [""eul"", -19.5688], [""muru"", -19.733], [""ruku"", -20.2006]]"
aut	uri	-8.1735	"[[""uri"", -8.1735], [""unra"", -8.33], [""aa"", -10.4301], [""ni"", -10.6883], [""da"", -10.6883], [""ki"", -10.6883], [""iɡi"", -10.7272], [""ari"", -10.7272], [""eri"", -10.7272], [""unsaha"", -10.8672]]"
auti	uri	-11.6288	"[[""uri"", -11.6288], [""abba"", -11.8146], [""unra"", -11.8239], [""abebe"", -13.6821], [""aa"", -13.708], [""bau"", -13.926], [""iɡi"", -13.9464], [""ari"", -13.9464], [""eri"", -13.9464], [""ulkina"", -14.029]]"
autin	huel	-12.4605	"[[""huel"", -12.4605], [""aal"", -13.6889], [""eul"", -13.8838], [""aain"", -13.9], [""atin"", -13.9421], [""nan"", -14.119], [""libair"", -14.1198], [""sir"", -14.1532], [""mar"", -14.1532], [""ʃin"", -14.1532]]"
autinu	huel	-15.9676	"[[""huel"", -15.9676], [""unra"", -17.1584], [""aal"", -17.1903], [""uri"", -17.2215], [""eul"", -17.384], [""aain"", -17.4052], [""uriʃ"", -17.4394], [""atin"", -17.4479], [""nan"", -17.592], [""libair"", -17.6223]]"
autinui	abba	-18.7554	"[[""abba"", -18.7554], [""ibbak"", -18.8539], [""huel"", -19.4747], [""unra"", -20.3134], [""uri"", -20.4074], [""uriʃ"", -20.5352], [""abbara"", -20.6782], [""aal"", -20.6916], [""eul"", -20.8841], [""aain"", -20.91]]"
autinuin	unra	-21.5512	"[[""unra"", -21.5512], [""abba"", -21.6131], [""ibbak"", -21.6601], [""abbara"", -22.0119], [""huel"", -22.2833], [""libair"", -22.4875], [""innain"", -22.7627], [""annain"", -22.7627], [""nan"", -22.9392], [""tsabar"", -23.2481]]"
autinuina	tsibbaru	-22.0814	"[[""tsibbaru"", -22.0814], [""unra"", -24.4183], [""abba"", -24.7299], [""ibbak"", -24.7494], [""abbara"", -24.8626], [""anaku"", -24.9201], [""muru"", -24.9207], [""talluh"", -25.2416], [""kurrusa"", -25.649], [""huel"", -25.7905]]"
autinuinai	tsibbaru	-25.5872	"[[""tsibbaru"", -25.5872], [""unra"", -27.5385], [""ibbak"", -27.5683], [""abba"", -27.5741], [""abbara"", -27.9341], [""talluh"", -28.0841], [""anaku"", -28.4219], [""muru"", -28.4268], [""kurrusa"", -28.45], [""huel"", -29.2976]]"
awa	dudu	-4.7156	"[[""dudu"", -4.7156], [""ɡuɡu"", -4.7156], [""hidu"", -7.6126], [""ukku"", -7.6458], [""duma"", -7.6635], [""uri"", -9.7735], [""da"", -9.783], [""rapdu"", -10.0415], [""mardu"", -10.0415], [""hindu"", -10.0415]]"
awai	dudu	-8.1698	"[[""dudu"", -8.1698], [""ɡuɡu"", -8.1698], [""du ka"", -10.4578], [""duma"", -10.4651], [""hidu"", -11.1187], [""ukku"", -11.1433], [""dumaʃ"", -12.8427], [""dunih"", -12.8427], [""duraʃ"", -12.8427], [""uri"", -12.864]]"
awaij	dudu	-11.6252	"[[""dudu"", -11.6252], [""ɡuɡu"", -11.6252], [""du ka"", -12.8933], [""duma"", -13.5528], [""hidu"", -14.6247], [""ukku"", -14.6373], [""duraʃ"", -15.663], [""dunih"", -15.663], [""dumaʃ"", -15.663], [""uri"", -16.071]]"
awaija	ɡuɡu	-13.6609	"[[""ɡuɡu"", -13.6609], [""dudu"", -13.6609], [""du ka"", -15.7056], [""ukku"", -16.5362], [""duma"", -16.5456], [""bau"", -17.3467], [""hidu"", -17.4312], [""buni"", -18.16], [""dunih"", -18.5707], [""dumaʃ"", -18.5707]]"
awaΦ	ɡuɡu	-8.1698	"[[""ɡuɡu"", -8.1698], [""dudu"", -8.1698], [""duma"", -8.6273], [""dumaʃ"", -8.7543], [""du ka"", -10.4578], [""rum"", -10.8743], [""hidu"", -11.1187], [""ukku"", -11.1433], [""duraʃ"", -12.8427], [""dunih"", -12.8427]]"
aza	ukku	-7.6458	"[[""ukku"", -7.6458], [""bau"", -8.2736], [""uri"", -8.6427], [""eul"", -8.9559], [""unra"", -9.0108], [""aa"", -10.4301], [""iɡi"", -10.7364], [""ari"", -10.7364], [""eri"", -10.7364], [""muru"", -10.8456]]"
azaΦ	am	-9.4776	"[[""am"", -9.4776], [""rum"", -10.8743], [""ukku"", -11.1433], [""bau"", -11.7792], [""eul"", -11.801], [""uri"", -11.9961], [""ʃam"", -12.1257], [""kam"", -12.1257], [""lim"", -12.1257], [""ahhuum"", -12.3134]]"
azaΦn	eul	-9.0723	"[[""eul"", -9.0723], [""huel"", -12.4975], [""amni"", -12.9236], [""am"", -12.9827], [""mur"", -13.1183], [""pur"", -13.2714], [""kun"", -13.2714], [""hun"", -13.2714], [""aal"", -13.6831], [""unra"", -13.7873]]"
azaΦni	eul	-12.5795	"[[""eul"", -12.5795], [""amni"", -15.7532], [""huel"", -16.0043], [""teumbe"", -16.2878], [""am"", -16.4878], [""mur"", -16.6212], [""unra"", -16.6462], [""uri"", -16.7046], [""uriʃ"", -16.7757], [""kun"", -16.7786]]"
aΦn	mur	-7.0983	"[[""mur"", -7.0983], [""hun"", -7.5835], [""eul"", -7.5835], [""pur"", -7.5835], [""kun"", -7.5835], [""unra"", -7.6044], [""uri"", -7.6128], [""uriʃ"", -7.6635], [""mar"", -7.884], [""meen"", -8.0581]]"
aΦni	unra	-10.4075	"[[""unra"", -10.4075], [""uri"", -10.4563], [""uriʃ"", -10.466], [""mur"", -10.5939], [""kun"", -11.0904], [""pur"", -11.0904], [""hun"", -11.0904], [""eul"", -11.0904], [""mar"", -11.3659], [""meen"", -11.5606]]"
daa	ukku	-6.9656	"[[""ukku"", -6.9656], [""uri"", -9.3726], [""bau"", -10.0153], [""ʃutu"", -10.0641], [""ruku"", -10.0641], [""puhu"", -10.0641], [""tuku"", -10.0641], [""dudu"", -10.0641], [""ɡuɡu"", -10.0641], [""kutu"", -10.0641]]"
daau	ukku	-10.4657	"[[""ukku"", -10.4657], [""uri"", -12.4624], [""tuuʃ"", -13.0652], [""muru"", -13.51], [""tuku"", -13.51], [""ɡuɡu"", -13.51], [""dudu"", -13.51], [""kutu"", -13.51], [""ruku"", -13.51], [""ʃutu"", -13.51]]"
dad	ukku	-6.9656	"[[""ukku"", -6.9656], [""uri"", -9.3726], [""bau"", -10.0153], [""ʃutu"", -10.0641], [""ruku"", -10.0641], [""puhu"", -10.0641], [""tuku"", -10.0641], [""dudu"", -10.0641], [""ɡuɡu"", -10.0641], [""kutu"", -10.0641]]"
dada	ukku	-9.5524	"[[""ukku"", -9.5524], [""uri"", -12.3607], [""ɡuɡu"", -12.5325], [""dudu"", -12.5325], [""kutu"", -12.5325], [""ruku"", -12.5325], [""muru"", -12.5325], [""ʃutu"", -12.5325], [""puhu"", -12.5325], [""tuku"", -12.5325]]"
dadau	ukku	-13.0555	"[[""ukku"", -13.0555], [""uri"", -15.5201], [""tuuʃ"", -15.5933], [""dudu"", -16.0036], [""ʃutu"", -16.0036], [""muru"", -16.0036], [""tuku"", -16.0036], [""puhu"", -16.0036], [""kutu"", -16.0036], [""ruku"", -16.0036]]"
dadaut	ukku	-16.5572	"[[""ukku"", -16.5572], [""uri"", -16.8052], [""unra"", -16.8808], [""du ka"", -18.3652], [""tuuʃ"", -18.768], [""ukkulaki"", -18.8387], [""ukkubati"", -18.8387], [""ulkina"", -19.0761], [""unsaha"", -19.0761], [""ruku"", -19.4747]]"
dadauti	ukku	-20.0575	"[[""ukku"", -20.0575], [""uri"", -20.2802], [""unra"", -20.3781], [""ukkubati"", -21.7298], [""du ka"", -21.7888], [""tuuʃ"", -22.026], [""ukkulaki"", -22.1172], [""abba"", -22.2929], [""ulkina"", -22.3269], [""unsaha"", -22.3269]]"
dadautin	huel	-20.7705	"[[""huel"", -20.7705], [""eul"", -22.7999], [""mur"", -22.8946], [""pur"", -22.8946], [""hun"", -22.8946], [""kun"", -22.8946], [""purur"", -22.9091], [""hunir"", -22.9363], [""kutun"", -22.9407], [""ʃutur"", -22.9407]]"
dadautinu	huel	-24.2776	"[[""huel"", -24.2776], [""unra"", -26.1367], [""uri"", -26.2218], [""eul"", -26.3057], [""purur"", -26.3846], [""hun"", -26.4018], [""mur"", -26.4018], [""pur"", -26.4018], [""kun"", -26.4018], [""hunir"", -26.411]]"
dadautinui	huel	-27.7848	"[[""huel"", -27.7848], [""abba"", -29.2669], [""unra"", -29.3287], [""ibbak"", -29.3658], [""uri"", -29.4449], [""uriʃ"", -29.6551], [""ulkina"", -29.6608], [""eul"", -29.8115], [""purur"", -29.8602], [""duliibbe"", -29.8638]]"
daj	ukku	-8.3354	"[[""ukku"", -8.3354], [""uri"", -9.5503], [""tuuʃ"", -10.9539], [""bau"", -11.0797], [""puhu"", -11.4062], [""ʃutu"", -11.4062], [""tuku"", -11.4062], [""ɡuɡu"", -11.4062], [""dudu"", -11.4062], [""ruku"", -11.4062]]"
daja	ukku	-10.0548	"[[""ukku"", -10.0548], [""uri"", -12.5792], [""dudu"", -13.1109], [""tuku"", -13.1109], [""ɡuɡu"", -13.1109], [""ruku"", -13.1109], [""kutu"", -13.1109], [""puhu"", -13.1109], [""muru"", -13.1109], [""ʃutu"", -13.1109]]"
dajaj	ukku	-13.5564	"[[""ukku"", -13.5564], [""uri"", -15.7569], [""tuuʃ"", -16.4356], [""muru"", -16.5722], [""ʃutu"", -16.5722], [""puhu"", -16.5722], [""ɡuɡu"", -16.5722], [""tuku"", -16.5722], [""ruku"", -16.5722], [""kutu"", -16.5722]]"
dajaja	ukku	-16.0145	"[[""ukku"", -16.0145], [""muru"", -18.8911], [""kutu"", -18.8911], [""puhu"", -18.8911], [""ɡuɡu"", -18.8911], [""ruku"", -18.8911], [""ʃutu"", -18.8911], [""tuku"", -18.8911], [""dudu"", -18.8911], [""uri"", -18.9459]]"
dajas	tuuʃ	-10.4512	"[[""tuuʃ"", -10.4512], [""uriʃ"", -12.5731], [""tiut"", -13.2263], [""ukku"", -13.5564], [""duraʃ"", -15.4848], [""kumaʃ"", -15.4848], [""kuraʃ"", -15.4848], [""dumaʃ"", -15.4848], [""kurat"", -15.4848], [""ʃutu"", -15.6957]]"
dam	uri	-7.7699	"[[""uri"", -7.7699], [""unra"", -7.9318], [""ukku"", -8.3354], [""aa"", -10.4301], [""unsaha"", -10.5401], [""ulkina"", -10.5401], [""du ka"", -10.5681], [""da"", -10.6883], [""ni"", -10.6883], [""ki"", -10.6883]]"
dama	ukku	-10.0548	"[[""ukku"", -10.0548], [""uri"", -11.1794], [""bau"", -11.3381], [""unra"", -11.4212], [""eul"", -12.4376], [""ruku"", -13.1109], [""dudu"", -13.1109], [""kutu"", -13.1109], [""ɡuɡu"", -13.1109], [""puhu"", -13.1109]]"
damat	aa	-13.2525	"[[""aa"", -13.2525], [""ukku"", -13.5564], [""uri"", -13.5607], [""unra"", -13.6354], [""bau"", -14.8415], [""unsaha"", -15.0531], [""ulkina"", -15.0531], [""eul"", -15.2637], [""hupie"", -15.548], [""ruelpa"", -15.5514]]"
damate	aa	-16.7533	"[[""aa"", -16.7533], [""uri"", -17.0371], [""ukku"", -17.0563], [""unra"", -17.1346], [""bau"", -18.3448], [""eul"", -18.369], [""unsaha"", -18.4338], [""ulkina"", -18.4338], [""ayak"", -18.8192], [""ruelpa"", -19.0292]]"
das	tuuʃ	-4.8196	"[[""tuuʃ"", -4.8196], [""uriʃ"", -6.5615], [""tiut"", -7.5777], [""ukku"", -8.3354], [""tit"", -9.3539], [""uri"", -9.5503], [""kumaʃ"", -9.7381], [""duraʃ"", -9.7381], [""kuraʃ"", -9.7381], [""dumaʃ"", -9.7381]]"
dase	tuuʃ	-8.3262	"[[""tuuʃ"", -8.3262], [""uriʃ"", -10.0654], [""tiut"", -11.0783], [""ukku"", -11.819], [""tit"", -12.5757], [""ʃutu"", -12.7023], [""uri"", -12.7075], [""kutu"", -12.7519], [""ʃutur"", -12.8026], [""ʃutin"", -12.8104]]"
daser	tuuʃ	-11.8327	"[[""tuuʃ"", -11.8327], [""uriʃ"", -13.5681], [""ʃam"", -14.2465], [""tiut"", -14.5756], [""putmaʃ"", -14.6087], [""rum"", -14.6281], [""ukku"", -15.2963], [""ʃutu"", -15.8198], [""tit"", -15.8556], [""ʃutur"", -15.8813]]"
dasera	ʃutu	-14.1881	"[[""ʃutu"", -14.1881], [""kutu"", -14.2653], [""tuuʃ"", -15.2759], [""ukku"", -16.5298], [""tuku"", -16.7264], [""uriʃ"", -17.069], [""putmaʃ"", -17.4193], [""pitu"", -17.4306], [""hasu"", -17.4306], [""ʃutur"", -17.4643]]"
daserat	ʃutu	-17.6758	"[[""ʃutu"", -17.6758], [""kutu"", -17.7715], [""husa"", -18.4528], [""kuʃi"", -18.4528], [""huta"", -18.4528], [""sukma"", -18.6491], [""tuuʃ"", -18.7214], [""ʃami"", -19.0509], [""turi"", -19.1877], [""ʃuha"", -19.1877]]"
daserate	ʃutu	-21.1633	"[[""ʃutu"", -21.1633], [""kutu"", -21.2777], [""huta"", -21.9571], [""husa"", -21.9571], [""kuʃi"", -21.9571], [""putmaʃ"", -22.1448], [""sukma"", -22.1461], [""tuuʃ"", -22.1691], [""siya"", -22.1962], [""ʃami"", -22.5192]]"
dau	ukku	-8.3354	"[[""ukku"", -8.3354], [""uri"", -9.5503], [""tuuʃ"", -10.9539], [""bau"", -11.0797], [""dudu"", -11.4062], [""kutu"", -11.4062], [""puhu"", -11.4062], [""ruku"", -11.4062], [""muru"", -11.4062], [""ɡuɡu"", -11.4062]]"
daut	uri	-10.7957	"[[""uri"", -10.7957], [""unra"", -10.914], [""ukku"", -11.819], [""du ka"", -13.0824], [""unsaha"", -13.3298], [""ulkina"", -13.3298], [""aa"", -13.708], [""kuʃi"", -13.8817], [""buni"", -13.8817], [""huta"", -13.8817]]"
dauti	uri	-14.2598	"[[""uri"", -14.2598], [""unra"", -14.4095], [""ukku"", -15.2963], [""abba"", -15.3091], [""du ka"", -16.4707], [""unsaha"", -16.526], [""ulkina"", -16.526], [""uriʃ"", -16.8033], [""abebe"", -16.977], [""bau"", -17.0202]]"
dautin	huel	-14.9293	"[[""huel"", -14.9293], [""eul"", -16.7517], [""unra"", -16.9137], [""uri"", -16.9323], [""aal"", -17.0121], [""pur"", -17.0235], [""mur"", -17.0235], [""kun"", -17.0235], [""hun"", -17.0235], [""aain"", -17.1699]]"
dautinu	huel	-18.4364	"[[""huel"", -18.4364], [""unra"", -19.9206], [""uri"", -19.9913], [""uriʃ"", -20.2486], [""eul"", -20.2553], [""aal"", -20.5145], [""pur"", -20.5306], [""mur"", -20.5306], [""kun"", -20.5306], [""hun"", -20.5306]]"
dautinui	huel	-21.9435	"[[""huel"", -21.9435], [""abba"", -22.2593], [""ibbak"", -22.3579], [""unra"", -23.089], [""uri"", -23.1904], [""uriʃ"", -23.3462], [""ulkina"", -23.6723], [""eul"", -23.7587], [""aal"", -24.0168], [""hun"", -24.0376]]"
dautinuin	unra	-24.3647	"[[""unra"", -24.3647], [""huel"", -24.7541], [""abba"", -25.1172], [""ibbak"", -25.1643], [""abbara"", -25.5149], [""kunnir"", -25.775], [""libair"", -25.7803], [""hunir"", -25.9967], [""ulkina"", -26.0859], [""purur"", -26.1903]]"
dautinuina	tsibbaru	-25.1734	"[[""tsibbaru"", -25.1734], [""unra"", -27.234], [""muru"", -27.5094], [""kurrusa"", -28.1885], [""abba"", -28.2341], [""ibbak"", -28.2536], [""huel"", -28.2616], [""abbara"", -28.3659], [""anaku"", -28.4233], [""talluh"", -28.4698]]"
daw	ukku	-8.3354	"[[""ukku"", -8.3354], [""uri"", -9.5503], [""ɡuɡu"", -9.8114], [""dudu"", -9.8114], [""da"", -10.4301], [""tuuʃ"", -10.9539], [""bau"", -11.0797], [""tuku"", -11.4062], [""ruku"", -11.4062], [""puhu"", -11.4062]]"
dawa	dudu	-7.2163	"[[""dudu"", -7.2163], [""ɡuɡu"", -7.2163], [""ukku"", -10.0548], [""hidu"", -10.4268], [""duma"", -11.1641], [""rapdu"", -12.5751], [""mardu"", -12.5751], [""hindu"", -12.5751], [""uri"", -12.5792], [""muru"", -13.1109]]"
dawai	dudu	-10.7032	"[[""dudu"", -10.7032], [""ɡuɡu"", -10.7032], [""ukku"", -13.5564], [""hidu"", -13.933], [""du ka"", -13.9507], [""duma"", -13.9681], [""uri"", -15.7569], [""mardu"", -16.0811], [""hindu"", -16.0811], [""rapdu"", -16.0811]]"
dawaij	ɡuɡu	-14.1899	"[[""ɡuɡu"", -14.1899], [""dudu"", -14.1899], [""du ka"", -16.3929], [""ukku"", -17.0563], [""duma"", -17.0566], [""hidu"", -17.4391], [""ukkubati"", -18.7248], [""ʃudaba"", -19.003], [""uri"", -19.0109], [""duraʃ"", -19.1648]]"
dawaija	ɡuɡu	-16.6274	"[[""ɡuɡu"", -16.6274], [""dudu"", -16.6274], [""du ka"", -19.2073], [""ukku"", -19.3481], [""duma"", -20.0503], [""hidu"", -20.2505], [""bau"", -20.8132], [""ukkubati"", -21.5369], [""buni"", -21.6513], [""dumaʃ"", -22.0739]]"
dij	bau	-9.7735	"[[""bau"", -9.7735], [""uri"", -10.052], [""buni"", -11.9618], [""abba"", -12.1484], [""ukku"", -12.1784], [""uriʃ"", -12.1808], [""unra"", -12.1808], [""bela"", -12.1855], [""bali"", -12.1855], [""bera"", -12.1855]]"
dija	bau	-10.3883	"[[""bau"", -10.3883], [""ukku"", -10.7321], [""buni"", -11.159], [""uri"", -13.044], [""dudu"", -13.9179], [""kutu"", -13.9179], [""puhu"", -13.9179], [""ruku"", -13.9179], [""tuku"", -13.9179], [""muru"", -13.9179]]"
dik	bera	-7.664	"[[""bera"", -7.664], [""bali"", -7.664], [""bela"", -7.664], [""uri"", -8.1735], [""bau"", -8.1742], [""abba"", -8.2348], [""ʃebe"", -8.2994], [""buni"", -8.311], [""unra"", -8.33], [""ʃudaba"", -8.9839]]"
diki	bera	-10.752	"[[""bera"", -10.752], [""bela"", -10.752], [""bali"", -10.752], [""abba"", -10.9845], [""bau"", -10.9887], [""abebe"", -11.0071], [""uri"", -11.6288], [""ʃebe"", -11.7137], [""buni"", -11.7904], [""unra"", -11.8239]]"
dikit	abebe	-9.0017	"[[""abebe"", -9.0017], [""abba"", -10.8905], [""tibbe"", -11.7467], [""rabba"", -11.7467], [""ʃebe"", -11.9904], [""bera"", -12.1098], [""bela"", -12.1098], [""bali"", -12.1098], [""ʃudaba"", -12.8184], [""aa"", -13.2525]]"
dikite	abebe	-12.4913	"[[""abebe"", -12.4913], [""abba"", -14.3835], [""rabba"", -15.2485], [""tibbe"", -15.2485], [""ʃebe"", -15.4948], [""bela"", -15.5038], [""bali"", -15.5038], [""bera"", -15.5038], [""ʃudaba"", -16.3228], [""abbara"", -16.6519]]"
dikites	abebe	-15.9808	"[[""abebe"", -15.9808], [""uriʃ"", -17.6419], [""abba"", -17.8764], [""tibbe"", -18.7501], [""rabba"", -18.7502], [""bela"", -18.9063], [""bera"", -18.9063], [""bali"", -18.9063], [""teiʃ"", -18.9496], [""ʃebe"", -18.999]]"
dikitesi	abebe	-19.098	"[[""abebe"", -19.098], [""abba"", -21.0498], [""uriʃ"", -21.1489], [""ibbak"", -22.0531], [""batsitsi"", -22.1183], [""tibbe"", -22.1545], [""rabba"", -22.1604], [""bela"", -22.316], [""bera"", -22.316], [""bali"", -22.316]]"
dikitesir	abebe	-22.3254	"[[""abebe"", -22.3254], [""abba"", -24.3071], [""uriʃ"", -24.656], [""ibbak"", -24.9623], [""batsitsi"", -25.1854], [""tibbe"", -25.5684], [""rabba"", -25.5792], [""bali"", -25.7317], [""bela"", -25.7317], [""bera"", -25.7317]]"
dikitesira	bau	-25.5029	"[[""bau"", -25.5029], [""abebe"", -25.6143], [""abba"", -27.6144], [""hasu"", -27.954], [""pitu"", -27.954], [""ibbak"", -28.089], [""uriʃ"", -28.1629], [""batsitsi"", -28.3659], [""tsibbaru"", -28.3739], [""ʃutu"", -28.9269]]"
dikitet	abebe	-15.1872	"[[""abebe"", -15.1872], [""abba"", -17.1253], [""bera"", -17.7187], [""bali"", -17.7187], [""bela"", -17.7187], [""rabba"", -18.0474], [""tibbe"", -18.0474], [""abbara"", -18.1496], [""ʃebe"", -18.3291], [""siya"", -18.83]]"
dikitete	abebe	-18.6804	"[[""abebe"", -18.6804], [""abba"", -20.6261], [""bali"", -21.1776], [""bela"", -21.1776], [""bera"", -21.1776], [""tibbe"", -21.5523], [""rabba"", -21.5523], [""abbara"", -21.5696], [""ʃebe"", -21.8352], [""siya"", -22.3277]]"
dikiteter	abebe	-22.1733	"[[""abebe"", -22.1733], [""abba"", -24.1268], [""bela"", -24.6374], [""bera"", -24.6374], [""bali"", -24.6374], [""abbara"", -24.9938], [""tibbe"", -25.0572], [""rabba"", -25.0572], [""ʃebe"", -25.3413], [""siya"", -25.8255]]"
dikitetere	abebe	-25.6661	"[[""abebe"", -25.6661], [""abba"", -27.6273], [""bera"", -28.0981], [""bela"", -28.0981], [""bali"", -28.0981], [""abbara"", -28.4219], [""rabba"", -28.562], [""tibbe"", -28.562], [""ʃebe"", -28.8474], [""ayak"", -29.1286]]"
dikitu	abebe	-12.4913	"[[""abebe"", -12.4913], [""abba"", -14.3835], [""rabba"", -15.2485], [""tibbe"", -15.2485], [""ʃebe"", -15.4948], [""bela"", -15.5038], [""bali"", -15.5038], [""bera"", -15.5038], [""ʃudaba"", -16.3228], [""abbara"", -16.6519]]"
dikituj	abebe	-15.9808	"[[""abebe"", -15.9808], [""abba"", -17.8764], [""rabba"", -18.7502], [""tibbe"", -18.7502], [""bali"", -18.9063], [""bera"", -18.9063], [""bela"", -18.9063], [""ʃebe"", -18.9992], [""ʃudaba"", -19.8272], [""abbara"", -19.8787]]"
dikituja	bau	-18.4977	"[[""bau"", -18.4977], [""abebe"", -19.47], [""abba"", -21.3691], [""tibbe"", -22.2518], [""rabba"", -22.2518], [""bali"", -22.3162], [""bera"", -22.3162], [""bela"", -22.3162], [""ʃebe"", -22.5037], [""abbara"", -23.1586]]"
dikitujas	bau	-22.0039	"[[""bau"", -22.0039], [""abebe"", -22.9592], [""tiut"", -24.4305], [""uriʃ"", -24.599], [""abba"", -24.8617], [""ʃimiut"", -25.3438], [""ʃariut"", -25.3438], [""tuuʃ"", -25.5191], [""bera"", -25.7323], [""bali"", -25.7323]]"
ead	ukku	-8.3388	"[[""ukku"", -8.3388], [""bau"", -10.0243], [""uri"", -10.0708], [""dudu"", -10.7645], [""tuku"", -10.7645], [""muru"", -10.7645], [""ʃutu"", -10.7645], [""puhu"", -10.7645], [""ruku"", -10.7645], [""ɡuɡu"", -10.7645]]"
eadi	ukku	-11.8292	"[[""ukku"", -11.8292], [""bau"", -13.044], [""uri"", -13.0552], [""tuuʃ"", -13.7589], [""ɡuɡu"", -14.1701], [""ruku"", -14.1701], [""dudu"", -14.1701], [""kutu"", -14.1701], [""muru"", -14.1701], [""ʃutu"", -14.1701]]"
eadik	ukkubati	-12.4954	"[[""ukkubati"", -12.4954], [""ʃudaba"", -14.0543], [""abba"", -14.1662], [""ʃebe"", -14.2091], [""uri"", -14.2922], [""unra"", -14.4188], [""teumbe"", -14.4854], [""bela"", -14.6716], [""bera"", -14.6716], [""bali"", -14.6716]]"
eadiki	ukkubati	-15.5832	"[[""ukkubati"", -15.5832], [""abebe"", -17.2911], [""abba"", -17.2951], [""ʃudaba"", -17.4985], [""ʃebe"", -17.6628], [""uri"", -17.7567], [""bela"", -17.7619], [""bali"", -17.7619], [""bera"", -17.7619], [""unra"", -17.9143]]"
eadikit	abebe	-15.3452	"[[""abebe"", -15.3452], [""ukkubati"", -16.9375], [""abba"", -17.3169], [""rabba"", -17.6764], [""tibbe"", -17.6764], [""ʃudaba"", -18.1249], [""ʃebe"", -18.4366], [""bela"", -19.1232], [""bera"", -19.1232], [""bali"", -19.1232]]"
eadikite	abebe	-18.8419	"[[""abebe"", -18.8419], [""ukkubati"", -20.3303], [""abba"", -20.815], [""rabba"", -21.1793], [""tibbe"", -21.1793], [""ʃudaba"", -21.6294], [""ʃebe"", -21.9411], [""bali"", -22.5174], [""bela"", -22.5174], [""bera"", -22.5174]]"
eadikitet	abebe	-21.5945	"[[""abebe"", -21.5945], [""ukkubati"", -22.5398], [""abba"", -23.5959], [""ra-u-ba-sa"", -23.9499], [""rabba"", -23.9881], [""tibbe"", -23.9881], [""ʃudaba"", -24.472], [""abbara"", -24.5769], [""bela"", -24.7331], [""bera"", -24.7331]]"
eadikitete	abebe	-25.0935	"[[""abebe"", -25.0935], [""ukkubati"", -25.9983], [""abba"", -27.099], [""ra-u-ba-sa"", -27.2887], [""rabba"", -27.4936], [""tibbe"", -27.4936], [""ʃudaba"", -27.9781], [""abbara"", -28.0005], [""bela"", -28.192], [""bali"", -28.192]]"
edi	bau	-10.0613	"[[""bau"", -10.0613], [""uri"", -10.4671], [""abba"", -12.3295], [""ukku"", -12.4554], [""buni"", -12.5644], [""ɡuɡu"", -12.679], [""tuku"", -12.679], [""ruku"", -12.679], [""muru"", -12.679], [""ʃutu"", -12.679]]"
edij	bau	-13.0552	"[[""bau"", -13.0552], [""uri"", -13.5548], [""abba"", -15.1422], [""buni"", -15.2709], [""ukku"", -15.4504], [""du ka"", -15.6141], [""yadda"", -15.6644], [""uriʃ"", -15.6647], [""unra"", -15.6647], [""bera"", -15.6693]]"
edija	bau	-13.8677	"[[""bau"", -13.8677], [""ukku"", -14.2331], [""buni"", -14.6623], [""uri"", -16.5482], [""muru"", -16.7774], [""dudu"", -16.7774], [""kutu"", -16.7774], [""puhu"", -16.7774], [""ruku"", -16.7774], [""ɡuɡu"", -16.7774]]"
eid	bau	-7.5343	"[[""bau"", -7.5343], [""buni"", -7.6662], [""uri"", -11.1612], [""abba"", -12.1484], [""bela"", -12.1855], [""bera"", -12.1855], [""bali"", -12.1855], [""kutu"", -12.2549], [""puhu"", -12.2549], [""dudu"", -12.2549]]"
eida	bau	-10.0068	"[[""bau"", -10.0068], [""buni"", -10.0695], [""ukku"", -11.8256], [""uri"", -13.5736], [""muru"", -13.7897], [""tuku"", -13.7897], [""ʃutu"", -13.7897], [""puhu"", -13.7897], [""ruku"", -13.7897], [""ɡuɡu"", -13.7897]]"
eidaj	buni	-13.0535	"[[""buni"", -13.0535], [""bau"", -13.4949], [""ukku"", -15.3163], [""uri"", -16.5594], [""tuuʃ"", -16.8564], [""muru"", -17.209], [""tuku"", -17.209], [""ʃutu"", -17.209], [""puhu"", -17.209], [""ɡuɡu"", -17.209]]"
eidaja	buni	-16.0826	"[[""buni"", -16.0826], [""bau"", -16.1975], [""ukku"", -17.0591], [""muru"", -19.1912], [""dudu"", -19.1912], [""kutu"", -19.1912], [""puhu"", -19.1912], [""tuku"", -19.1912], [""ʃutu"", -19.1912], [""ɡuɡu"", -19.1912]]"
eidajaj	buni	-19.2603	"[[""buni"", -19.2603], [""bau"", -19.6963], [""ukku"", -20.5608], [""tuuʃ"", -22.5087], [""muru"", -22.6651], [""ɡuɡu"", -22.6651], [""ʃutu"", -22.6651], [""tuku"", -22.6651], [""ruku"", -22.6651], [""puhu"", -22.6651]]"
eidajaja	buni	-22.4492	"[[""buni"", -22.4492], [""bau"", -22.6075], [""ukku"", -23.0237], [""tuku"", -25.1347], [""muru"", -25.1347], [""puhu"", -25.1347], [""ɡuɡu"", -25.1347], [""ʃutu"", -25.1347], [""dudu"", -25.1347], [""ruku"", -25.1347]]"
eidi	buni	-10.4652	"[[""buni"", -10.4652], [""bau"", -10.9408], [""abba"", -13.1075], [""ibbak"", -13.2009], [""rabba"", -13.7549], [""tibbe"", -13.7549], [""uri"", -13.9673], [""bera"", -14.8524], [""bela"", -14.8524], [""bali"", -14.8524]]"
eij	bau	-9.7806	"[[""bau"", -9.7806], [""abba"", -12.1484], [""bali"", -12.1855], [""buni"", -12.1855], [""bera"", -12.1855], [""bela"", -12.1855], [""yadda"", -12.6371], [""ayak"", -12.8218], [""ni"", -12.8387], [""ki"", -12.8387]]"
eija	bau	-10.3887	"[[""bau"", -10.3887], [""buni"", -11.1627], [""uri"", -14.6534], [""bela"", -15.0009], [""bera"", -15.0009], [""bali"", -15.0009], [""kutu"", -15.2147], [""puhu"", -15.2147], [""dudu"", -15.2147], [""ʃutu"", -15.2147]]"
eijas	tuuʃ	-13.4779	"[[""tuuʃ"", -13.4779], [""tiut"", -13.5152], [""bau"", -13.8677], [""buni"", -13.967], [""uriʃ"", -14.6474], [""tit"", -15.8337], [""hiʃ"", -16.0405], [""pat"", -16.0405], [""hit"", -16.0405], [""ʃimiut"", -16.2137]]"
eijasa	ʃutu	-13.9333	"[[""ʃutu"", -13.9333], [""kutu"", -13.9618], [""bau"", -16.3472], [""tuuʃ"", -16.7018], [""pitu"", -16.7267], [""hasu"", -16.7267], [""buni"", -16.7789], [""tiut"", -17.0098], [""ʃutur"", -17.3151], [""kutun"", -17.3549]]"
eijasas	tuuʃ	-16.7109	"[[""tuuʃ"", -16.7109], [""ʃutu"", -17.0527], [""kutu"", -17.4637], [""tiut"", -17.8291], [""ʃutur"", -18.0586], [""ʃutin"", -18.1741], [""putmaʃ"", -19.5378], [""bau"", -19.8446], [""buni"", -19.8706], [""uriʃ"", -20.0553]]"
eijasasa	ʃutu	-15.3925	"[[""ʃutu"", -15.3925], [""ʃutur"", -18.7792], [""kutu"", -19.4879], [""tuuʃ"", -20.0947], [""kassu"", -20.2199], [""tuʃʃuip"", -20.4896], [""utstsun"", -20.8015], [""ʃutin"", -20.9769], [""tiut"", -21.3335], [""tuku"", -21.4522]]"
eijasau	ʃutu	-17.4252	"[[""ʃutu"", -17.4252], [""kutu"", -17.468], [""bau"", -19.8446], [""buni"", -19.8706], [""tuuʃ"", -19.9829], [""ʃutur"", -20.1436], [""kutun"", -20.197], [""pitu"", -20.2329], [""hasu"", -20.2329], [""tiut"", -20.5034]]"
eijasaun	ʃutur	-17.4222	"[[""ʃutur"", -17.4222], [""kutun"", -17.4651], [""tsul"", -19.8689], [""utstsun"", -20.3535], [""ʃutin"", -20.8049], [""buni"", -20.9164], [""ʃutu"", -20.9169], [""kutu"", -20.9742], [""turi"", -21.6355], [""ʃalur"", -21.6371]]"
eijasauna	ʃutur	-20.9278	"[[""ʃutur"", -20.9278], [""kutun"", -20.9714], [""tsul"", -23.3747], [""ʃutu"", -23.4364], [""muru"", -23.5848], [""buni"", -23.7674], [""kutu"", -23.7887], [""utstsun"", -23.8565], [""ʃutin"", -24.3075], [""muʃnuik"", -24.4369]]"
eijasaunak	buni	-22.4084	"[[""buni"", -22.4084], [""turi"", -23.0973], [""ʃutur"", -24.4333], [""kutun"", -24.4777], [""muʃnuik"", -25.6381], [""sunki"", -25.6872], [""uri"", -25.9194], [""tsul"", -26.8806], [""ʃutu"", -26.933], [""muru"", -27.091]]"
eik	bali	-7.664	"[[""bali"", -7.664], [""bera"", -7.664], [""bela"", -7.664], [""bau"", -8.1756], [""abba"", -8.2348], [""ʃebe"", -8.2994], [""buni"", -8.3441], [""abebe"", -9.8933], [""tibbe"", -10.3797], [""rabba"", -10.3797]]"
eike	bela	-10.7543	"[[""bela"", -10.7543], [""bera"", -10.7543], [""bali"", -10.7543], [""bau"", -11.0398], [""abba"", -11.7295], [""ʃebe"", -11.8009], [""buni"", -11.831], [""ayak"", -12.4714], [""abebe"", -13.1328], [""yadda"", -13.4691]]"
eiket	bali	-12.1889	"[[""bali"", -12.1889], [""bela"", -12.1889], [""bera"", -12.1889], [""siya"", -12.7522], [""yadda"", -13.1676], [""aa"", -13.2525], [""ayak"", -13.7319], [""bau"", -13.9077], [""buni"", -13.9566], [""balina"", -14.2382]]"
eiketa	bau	-11.8938	"[[""bau"", -11.8938], [""bali"", -15.6127], [""bela"", -15.6127], [""bera"", -15.6127], [""siya"", -16.2562], [""ayak"", -16.5993], [""yadda"", -16.6478], [""aa"", -16.7533], [""buni"", -17.0667], [""balina"", -17.5048]]"
eiketan	bau	-15.4	"[[""bau"", -15.4], [""eul"", -15.4], [""libair"", -16.6641], [""aal"", -16.7497], [""bera"", -17.8559], [""bela"", -17.8559], [""bali"", -17.8559], [""buni"", -18.0996], [""aain"", -18.1407], [""balina"", -18.8308]]"
eiketana	bau	-18.2161	"[[""bau"", -18.2161], [""eul"", -18.9063], [""libair"", -20.1711], [""aal"", -20.2567], [""muru"", -20.5709], [""bera"", -20.8226], [""bela"", -20.8226], [""bali"", -20.8226], [""buni"", -20.943], [""balina"", -21.6439]]"
eiketanai	bau	-21.7232	"[[""bau"", -21.7232], [""eul"", -22.4126], [""libair"", -23.678], [""aal"", -23.7637], [""bali"", -23.9811], [""bela"", -23.9811], [""bera"", -23.9811], [""buni"", -24.0548], [""muru"", -24.0771], [""balina"", -24.7074]]"
eiketanaiΘ	bau	-25.2303	"[[""bau"", -25.2303], [""eul"", -25.9189], [""libair"", -27.1848], [""bela"", -27.2305], [""bali"", -27.2305], [""bera"", -27.2305], [""aal"", -27.2707], [""buni"", -27.2793], [""muru"", -27.5833], [""balina"", -27.8809]]"
eit	bali	-7.664	"[[""bali"", -7.664], [""bera"", -7.664], [""bela"", -7.664], [""bau"", -8.1756], [""abba"", -8.2348], [""ʃebe"", -8.2994], [""buni"", -8.3441], [""abebe"", -9.8933], [""tibbe"", -10.3797], [""rabba"", -10.3797]]"
eiti	bera	-10.752	"[[""bera"", -10.752], [""bali"", -10.752], [""bela"", -10.752], [""abba"", -10.9845], [""bau"", -10.9894], [""abebe"", -11.0071], [""ʃebe"", -11.7137], [""buni"", -11.8243], [""ibbak"", -12.7335], [""rabba"", -12.8698]]"
eja	bau	-10.4256	"[[""bau"", -10.4256], [""uri"", -11.1612], [""dudu"", -12.2549], [""ʃutu"", -12.2549], [""tuku"", -12.2549], [""muru"", -12.2549], [""ruku"", -12.2549], [""kutu"", -12.2549], [""ɡuɡu"", -12.2549], [""puhu"", -12.2549]]"
eka	bau	-8.2752	"[[""bau"", -8.2752], [""eul"", -8.9653], [""yadda"", -10.3978], [""aa"", -10.4301], [""ari"", -10.7364], [""iɡi"", -10.7364], [""eri"", -10.7364], [""uri"", -10.7457], [""ni"", -11.0372], [""da"", -11.0372]]"
ekan	eul	-5.5707	"[[""eul"", -5.5707], [""pur"", -10.053], [""mur"", -10.053], [""hun"", -10.053], [""kun"", -10.053], [""aal"", -10.4069], [""tsul"", -10.4235], [""aain"", -10.6938], [""atin"", -10.7317], [""nan"", -10.9837]]"
ekana	eul	-9.0769	"[[""eul"", -9.0769], [""muru"", -10.7422], [""anaku"", -12.5312], [""pur"", -13.5587], [""kun"", -13.5587], [""hun"", -13.5587], [""mur"", -13.5587], [""aal"", -13.9069], [""tsul"", -13.9288], [""ruku"", -13.935]]"
ekanas	eul	-12.5832	"[[""eul"", -12.5832], [""uriʃ"", -13.9123], [""tuuʃ"", -14.185], [""muru"", -14.2484], [""tiut"", -14.537], [""ʃariut"", -14.9477], [""antsi"", -15.3005], [""irti"", -15.3089], [""elti"", -15.3089], [""anaku"", -16.0285]]"
ekanasi	eul	-16.0895	"[[""eul"", -16.0895], [""uriʃ"", -17.4053], [""tuuʃ"", -17.692], [""muru"", -17.7545], [""tiut"", -18.044], [""antsi"", -18.1038], [""elti"", -18.1526], [""irti"", -18.1526], [""ʃariut"", -18.4547], [""anaku"", -19.5224]]"
ekanasis	antsi	-18.7806	"[[""antsi"", -18.7806], [""eul"", -19.5958], [""uriʃ"", -19.85], [""mantsat"", -20.3643], [""tuuʃ"", -20.4678], [""tiut"", -20.8085], [""elti"", -20.9896], [""irti"", -20.9896], [""ʃariut"", -21.2183], [""muru"", -21.2607]]"
ekanasisi	antsi	-21.6247	"[[""antsi"", -21.6247], [""eul"", -23.1021], [""uriʃ"", -23.3526], [""mantsat"", -23.5896], [""tuuʃ"", -23.9752], [""irti"", -24.0996], [""elti"", -24.0996], [""tiut"", -24.3159], [""kurtsaiʃ"", -24.7181], [""ʃariut"", -24.7257]]"
ekanasisir	antsi	-24.7366	"[[""antsi"", -24.7366], [""rum"", -26.3132], [""eul"", -26.6083], [""uriʃ"", -26.8552], [""mantsat"", -26.8713], [""irti"", -27.3236], [""elti"", -27.3236], [""tuuʃ"", -27.4826], [""tiut"", -27.8232], [""kurtsaiʃ"", -27.9123]]"
era	muru	-8.0648	"[[""muru"", -8.0648], [""mur"", -8.6807], [""bau"", -10.4256], [""am"", -10.7916], [""mar"", -10.866], [""uri"", -11.1612], [""mardu"", -11.3752], [""rum"", -11.3866], [""kam"", -11.4991], [""lim"", -11.4991]]"
erat	muru	-11.1583	"[[""muru"", -11.1583], [""mur"", -11.5228], [""mete"", -11.8396], [""uri"", -12.2299], [""unra"", -12.5244], [""mar"", -12.6729], [""numi"", -12.7346], [""duma"", -12.7346], [""amma"", -12.7502], [""ʃami"", -12.862]]"
erate	muru	-14.3662	"[[""muru"", -14.3662], [""mur"", -14.6341], [""mete"", -15.0531], [""mar"", -15.5819], [""uri"", -15.6504], [""meen"", -15.6715], [""ayak"", -15.968], [""unra"", -16.011], [""numi"", -16.2248], [""duma"", -16.2248]]"
ere	am	-10.7916	"[[""am"", -10.7916], [""mur"", -10.866], [""mar"", -10.866], [""ʃam"", -11.4991], [""lim"", -11.4991], [""kam"", -11.4991], [""rum"", -11.4991], [""yadda"", -12.6371], [""ayak"", -12.8218], [""aa"", -12.8387]]"
erep	hap	-12.5619	"[[""hap"", -12.5619], [""huh"", -12.5619], [""kik"", -12.5619], [""pak"", -12.5619], [""ayak"", -12.7414], [""nap"", -12.8319], [""ʃak"", -12.8319], [""tuk"", -12.8319], [""luk"", -12.8319], [""sah"", -12.8319]]"
esi	tit	-9.3632	"[[""tit"", -9.3632], [""tibbe"", -9.7195], [""sah"", -9.7806], [""ʃin"", -9.7806], [""san"", -9.7806], [""sir"", -9.7806], [""tuk"", -9.7806], [""ʃak"", -9.7806], [""ʃam"", -9.7806], [""ʃebe"", -10.2971]]"
esir	ʃam	-10.7531	"[[""ʃam"", -10.7531], [""tibbe"", -12.5262], [""tit"", -12.5757], [""tuk"", -12.8687], [""ʃin"", -12.8687], [""san"", -12.8687], [""ʃak"", -12.8687], [""sah"", -12.8687], [""sir"", -12.8687], [""ʃebe"", -13.1121]]"
esira	ʃutu	-13.0444	"[[""ʃutu"", -13.0444], [""tuku"", -13.2729], [""bau"", -13.8816], [""ʃam"", -14.2196], [""tuk"", -14.4913], [""tuuʃ"", -14.5669], [""kutu"", -14.6071], [""pitu"", -14.6113], [""hasu"", -14.6113], [""turi"", -14.6556]]"
eta	bau	-8.2752	"[[""bau"", -8.2752], [""eul"", -8.9653], [""yadda"", -10.3978], [""aa"", -10.4301], [""ari"", -10.7364], [""iɡi"", -10.7364], [""eri"", -10.7364], [""uri"", -10.7457], [""ni"", -11.0372], [""da"", -11.0372]]"
etan	eul	-5.5707	"[[""eul"", -5.5707], [""pur"", -10.053], [""mur"", -10.053], [""hun"", -10.053], [""kun"", -10.053], [""aal"", -10.4069], [""tsul"", -10.4235], [""aain"", -10.6938], [""atin"", -10.7317], [""nan"", -10.9837]]"
etana	eul	-9.0769	"[[""eul"", -9.0769], [""muru"", -10.7422], [""anaku"", -12.5312], [""pur"", -13.5587], [""kun"", -13.5587], [""hun"", -13.5587], [""mur"", -13.5587], [""aal"", -13.9069], [""tsul"", -13.9288], [""ruku"", -13.935]]"
etanai	eul	-12.5832	"[[""eul"", -12.5832], [""muru"", -14.2484], [""anaku"", -16.0285], [""purur"", -16.8813], [""luluki"", -16.9659], [""unra"", -17.0287], [""ruku"", -17.0447], [""uri"", -17.0607], [""uriʃ"", -17.0612], [""pur"", -17.0644]]"
etanaiΘ	eul	-16.0895	"[[""eul"", -16.0895], [""muru"", -17.7545], [""anaku"", -19.5224], [""purur"", -20.023], [""luluki"", -20.0433], [""unra"", -20.2342], [""ruku"", -20.2609], [""uriʃ"", -20.2662], [""uri"", -20.2816], [""rum"", -20.5516]]"
etanaiΘt	uri	-19.5865	"[[""uri"", -19.5865], [""eul"", -19.5957], [""eri"", -20.2741], [""ari"", -20.2741], [""luluki"", -21.2408], [""muru"", -21.2607], [""unra"", -21.3077], [""rabba"", -21.5501], [""erini"", -21.6383], [""abebe"", -21.6383]]"
etanaiΘti	uri	-23.0909	"[[""uri"", -23.0909], [""eul"", -23.1019], [""abebe"", -23.5285], [""ari"", -23.7785], [""eri"", -23.7785], [""rabba"", -24.5887], [""luluki"", -24.7113], [""muru"", -24.7669], [""unra"", -24.7919], [""abba"", -24.8533]]"
etanaiΘtij	abebe	-26.4472	"[[""abebe"", -26.4472], [""uri"", -26.5953], [""eul"", -26.6082], [""ari"", -27.2829], [""eri"", -27.2829], [""rabba"", -27.7723], [""abba"", -28.0383], [""luluki"", -28.1815], [""muru"", -28.2731], [""unra"", -28.276]]"
ete	ayak	-8.9745	"[[""ayak"", -8.9745], [""yadda"", -10.3835], [""aa"", -10.4301], [""iɡi"", -10.7364], [""ari"", -10.7364], [""eri"", -10.7364], [""ki"", -11.0372], [""da"", -11.0372], [""ni"", -11.0372], [""am"", -11.0372]]"
eter	am	-9.4776	"[[""am"", -9.4776], [""ayak"", -11.7936], [""ʃam"", -12.1257], [""kam"", -12.1257], [""lim"", -12.1257], [""amma"", -12.8591], [""amni"", -12.9228], [""yadda"", -13.3219], [""aa"", -13.708], [""rum"", -13.9171]]"
etere	am	-12.9827	"[[""am"", -12.9827], [""ayak"", -14.6189], [""lim"", -15.6301], [""kam"", -15.6301], [""ʃam"", -15.6301], [""amma"", -15.6701], [""amni"", -15.7335], [""yadda"", -16.3642], [""aa"", -17.0286], [""siya"", -17.2064]]"
eterep	ayak	-14.3891	"[[""ayak"", -14.3891], [""am"", -16.4878], [""kik"", -17.8929], [""hap"", -17.8929], [""pak"", -17.8929], [""ʃak"", -17.9378], [""nap"", -17.9378], [""sah"", -17.9378], [""kiik"", -18.5308], [""teip"", -18.5357]]"
eto	am	-5.976	"[[""am"", -5.976], [""lim"", -8.6783], [""ʃam"", -8.6783], [""kam"", -8.6783], [""amma"", -9.4003], [""amni"", -9.4351], [""yadda"", -10.3978], [""aa"", -10.4301], [""eri"", -10.7364], [""iɡi"", -10.7364]]"
etoi	am	-9.4811	"[[""am"", -9.4811], [""abba"", -11.787], [""qamban"", -12.1509], [""ʃam"", -12.1827], [""kam"", -12.1827], [""lim"", -12.1827], [""amma"", -12.2057], [""amni"", -12.2401], [""yadda"", -13.347], [""abebe"", -13.6873]]"
etoij	am	-12.9862	"[[""am"", -12.9862], [""abba"", -14.5917], [""qamban"", -14.9517], [""amma"", -15.2944], [""amni"", -15.3283], [""lim"", -15.6869], [""kam"", -15.6869], [""ʃam"", -15.6869], [""ayak"", -15.8995], [""abebe"", -16.3449]]"
etoija	am	-16.4913	"[[""am"", -16.4913], [""bau"", -17.1808], [""abba"", -17.6815], [""muru"", -17.8584], [""qamban"", -18.0396], [""buni"", -18.1751], [""amma"", -18.5], [""amni"", -18.5334], [""ayak"", -18.7562], [""mur"", -19.0841]]"
etu	yadda	-10.3978	"[[""yadda"", -10.3978], [""aa"", -10.4301], [""ari"", -10.7364], [""iɡi"", -10.7364], [""eri"", -10.7364], [""ki"", -11.0372], [""ni"", -11.0372], [""da"", -11.0372], [""am"", -11.0372], [""aal"", -11.0928]]"
etum	yadda	-9.6902	"[[""yadda"", -9.6902], [""aa"", -9.7517], [""eri"", -12.1848], [""iɡi"", -12.1848], [""ari"", -12.1848], [""appi"", -12.5022], [""elpi"", -12.5022], [""amni"", -12.5022], [""ipʃi"", -12.5022], [""iʃti"", -12.5022]]"
etume	yadda	-13.1768	"[[""yadda"", -13.1768], [""aa"", -13.2525], [""ayak"", -15.2326], [""iɡi"", -15.609], [""ari"", -15.609], [""eri"", -15.609], [""aal"", -15.7617], [""aain"", -15.8753], [""ahpi"", -15.9892], [""amni"", -15.9892]]"
etumei	yadda	-16.6568	"[[""yadda"", -16.6568], [""aa"", -16.7533], [""abba"", -17.875], [""ayak"", -18.0764], [""abebe"", -18.827], [""aal"", -18.8938], [""aain"", -18.9661], [""eri"", -19.0374], [""iɡi"", -19.0374], [""ari"", -19.0374]]"
etumeij	yadda	-20.1303	"[[""yadda"", -20.1303], [""aa"", -20.2541], [""abba"", -20.7815], [""ayak"", -20.919], [""abebe"", -21.6408], [""aal"", -22.1278], [""aain"", -22.1716], [""eri"", -22.4697], [""iɡi"", -22.4697], [""ari"", -22.4697]]"
etumeija	yadda	-23.5979	"[[""yadda"", -23.5979], [""aa"", -23.755], [""bau"", -23.8757], [""abba"", -23.9081], [""ayak"", -24.0215], [""abebe"", -24.7047], [""anaku"", -25.0344], [""buni"", -25.1819], [""aal"", -25.4198], [""aain"", -25.4406]]"
etumeijas	tiut	-24.6815	"[[""tiut"", -24.6815], [""ʃariut"", -25.664], [""ʃimiut"", -25.664], [""ipiʃ"", -25.8987], [""teiʃ"", -26.3344], [""tuuʃ"", -26.6173], [""yadda"", -27.0602], [""abba"", -27.1344], [""ayak"", -27.2348], [""aa"", -27.2559]]"
etumeijasa	ʃutu	-27.2833	"[[""ʃutu"", -27.2833], [""kutu"", -27.2976], [""pitu"", -28.1664], [""hasu"", -28.1664], [""tiut"", -28.1871], [""ʃariut"", -29.1699], [""ʃimiut"", -29.1699], [""ipiʃ"", -29.4053], [""kassu"", -29.6454], [""kipʃu"", -29.8029]]"
eun	nan	-9.3539	"[[""nan"", -9.3539], [""san"", -9.7388], [""eul"", -9.7388], [""hal"", -9.7388], [""par"", -9.7388], [""kun"", -9.7388], [""har"", -9.7388], [""sir"", -9.7388], [""aal"", -9.7388], [""mar"", -9.7388]]"
euna	muru	-10.4264	"[[""muru"", -10.4264], [""ruku"", -10.4807], [""luk"", -11.0952], [""rum"", -11.0952], [""numi"", -11.1732], [""nan"", -12.5757], [""mur"", -13.2162], [""kun"", -13.2162], [""pur"", -13.2162], [""eul"", -13.2162]]"
eunak	ni	-11.8949	"[[""ni"", -11.8949], [""numi"", -12.2787], [""ruku"", -13.5737], [""lani"", -13.7331], [""muru"", -13.9309], [""rum"", -13.9374], [""luk"", -13.9374], [""uri"", -14.0852], [""luluki"", -14.1712], [""ari"", -14.2555]]"
eunaka	ruku	-14.4955	"[[""ruku"", -14.4955], [""ni"", -15.3994], [""numi"", -15.6166], [""rapdu"", -16.0144], [""muru"", -16.7164], [""rum"", -16.7807], [""luk"", -16.7807], [""lani"", -17.0552], [""luluki"", -17.0742], [""ruelpa"", -17.377]]"
eunakan	nan	-15.3958	"[[""nan"", -15.3958], [""rikur"", -15.612], [""ruelpa"", -16.0459], [""eul"", -16.0694], [""purur"", -16.7115], [""ʃalur"", -16.7339], [""napir"", -17.4665], [""ruku"", -17.9523], [""hunir"", -18.0693], [""huel"", -18.1479]]"
eunakana	luluki	-18.177	"[[""luluki"", -18.177], [""ruelpa"", -18.8495], [""nan"", -18.9028], [""rikur"", -19.1169], [""eul"", -19.5757], [""muru"", -20.048], [""purur"", -20.1826], [""ruku"", -20.2021], [""ʃalur"", -20.2304], [""napir"", -20.9722]]"
eunakanas	luluki	-20.9796	"[[""luluki"", -20.9796], [""ʃariut"", -21.5745], [""ruelpa"", -21.9382], [""nan"", -22.4099], [""nahunte"", -22.5331], [""rikur"", -22.6218], [""eul"", -23.082], [""tuuʃ"", -23.2252], [""uriʃ"", -23.3983], [""muru"", -23.5543]]"
eunakanasi	luluki	-24.0676	"[[""luluki"", -24.0676], [""ʃariut"", -25.0816], [""ruelpa"", -25.1442], [""nahunte"", -25.3769], [""nan"", -25.9169], [""rikur"", -26.1266], [""eul"", -26.5883], [""tuuʃ"", -26.7323], [""uriʃ"", -26.8954], [""kurrusa"", -27.0094]]"
eunar	rum	-8.7948	"[[""rum"", -8.7948], [""numi"", -12.1355], [""ruku"", -13.5737], [""muru"", -13.9303], [""luk"", -13.9374], [""lim"", -14.2465], [""nan"", -15.8556], [""luluki"", -15.9093], [""ʃukurrum"", -16.2908], [""nap"", -16.3735]]"
eunaru	rum	-12.3	"[[""rum"", -12.3], [""numi"", -14.9892], [""ruku"", -16.7813], [""luk"", -17.0487], [""muru"", -17.4336], [""lim"", -17.7135], [""luluki"", -18.8861], [""nan"", -19.1732], [""nap"", -19.5798], [""ni"", -19.6125]]"
eunaruk	numi	-13.6743	"[[""numi"", -13.6743], [""rum"", -15.8053], [""elma"", -18.8595], [""ni"", -18.9021], [""tarmi"", -19.2121], [""tarma"", -19.2121], [""duma"", -19.2464], [""luluki"", -19.8541], [""ruku"", -20.0524], [""luk"", -20.273]]"
eunaruka	numi	-17.1783	"[[""numi"", -17.1783], [""rum"", -19.308], [""ruku"", -20.8661], [""elma"", -22.3637], [""ni"", -22.4066], [""tarmi"", -22.7164], [""tarma"", -22.7164], [""duma"", -22.75], [""rapdu"", -22.9654], [""luluki"", -23.0254]]"
eunarukan	numi	-20.6822	"[[""numi"", -20.6822], [""nan"", -22.4028], [""rikur"", -22.4698], [""mur"", -22.7979], [""rum"", -22.8105], [""ruelpa"", -23.0408], [""eul"", -23.0782], [""mar"", -23.4942], [""purur"", -23.6908], [""ʃalur"", -23.7373]]"
eunarukana	muru	-23.4864	"[[""muru"", -23.4864], [""numi"", -24.1855], [""luluki"", -25.1824], [""ruelpa"", -25.8493], [""nan"", -25.9099], [""rikur"", -25.9749], [""mur"", -26.3042], [""rum"", -26.3078], [""eul"", -26.5845], [""ruku"", -26.8284]]"
ida	bau	-6.5187	"[[""bau"", -6.5187], [""buni"", -6.5624], [""ukku"", -8.3388], [""uri"", -10.0708], [""kutu"", -10.7645], [""tuku"", -10.7645], [""ʃutu"", -10.7645], [""puhu"", -10.7645], [""muru"", -10.7645], [""dudu"", -10.7645]]"
idaa	bau	-9.3526	"[[""bau"", -9.3526], [""buni"", -9.3687], [""ukku"", -10.467], [""uri"", -12.8781], [""kutu"", -12.962], [""ɡuɡu"", -12.962], [""ruku"", -12.962], [""dudu"", -12.962], [""muru"", -12.962], [""tuku"", -12.962]]"
idaau	buni	-12.4587	"[[""buni"", -12.4587], [""bau"", -12.85], [""ukku"", -13.9671], [""uri"", -15.9684], [""tuuʃ"", -15.9981], [""dudu"", -16.4193], [""muru"", -16.4193], [""kutu"", -16.4193], [""ruku"", -16.4193], [""ɡuɡu"", -16.4193]]"
idaj	buni	-9.5463	"[[""buni"", -9.5463], [""bau"", -10.0065], [""ukku"", -11.8292], [""uri"", -13.0552], [""tuuʃ"", -13.7589], [""puhu"", -14.1701], [""tuku"", -14.1701], [""kutu"", -14.1701], [""ʃutu"", -14.1701], [""dudu"", -14.1701]]"
idaja	buni	-12.5754	"[[""buni"", -12.5754], [""bau"", -12.7028], [""ukku"", -13.5579], [""muru"", -16.0562], [""ʃutu"", -16.0562], [""puhu"", -16.0562], [""tuku"", -16.0562], [""ɡuɡu"", -16.0562], [""kutu"", -16.0562], [""ruku"", -16.0562]]"
idajaj	buni	-15.7531	"[[""buni"", -15.7531], [""bau"", -16.2015], [""ukku"", -17.0595], [""uri"", -19.2629], [""tuuʃ"", -19.3655], [""dudu"", -19.5262], [""tuku"", -19.5262], [""ʃutu"", -19.5262], [""ɡuɡu"", -19.5262], [""puhu"", -19.5262]]"
idajaja	buni	-18.942	"[[""buni"", -18.942], [""bau"", -19.1093], [""ukku"", -19.5195], [""muru"", -21.9449], [""dudu"", -21.9449], [""kutu"", -21.9449], [""puhu"", -21.9449], [""tuku"", -21.9449], [""ʃutu"", -21.9449], [""ɡuɡu"", -21.9449]]"
idajas	tuuʃ	-13.4005	"[[""tuuʃ"", -13.4005], [""buni"", -15.7531], [""uriʃ"", -16.0787], [""tiut"", -16.1783], [""bau"", -16.2015], [""ukku"", -17.0595], [""duraʃ"", -18.5394], [""kumaʃ"", -18.5394], [""kuraʃ"", -18.5394], [""dumaʃ"", -18.5394]]"
idau	buni	-9.5463	"[[""buni"", -9.5463], [""bau"", -10.0065], [""ukku"", -11.8292], [""uri"", -13.0552], [""tuuʃ"", -13.7589], [""puhu"", -14.1701], [""kutu"", -14.1701], [""tuku"", -14.1701], [""ʃutu"", -14.1701], [""muru"", -14.1701]]"
idi	buni	-6.9581	"[[""buni"", -6.9581], [""bau"", -7.4581], [""abba"", -10.2914], [""ibbak"", -10.4132], [""uri"", -10.4671], [""bera"", -11.3549], [""bela"", -11.3549], [""bali"", -11.3549], [""ukku"", -12.4554], [""tuku"", -12.679]]"
iip	ibbak	-6.8114	"[[""ibbak"", -6.8114], [""bakkah"", -8.4554], [""bau"", -8.8598], [""pak"", -9.3539], [""kik"", -9.3539], [""huh"", -9.3539], [""hap"", -9.3539], [""abba"", -9.6936], [""luk"", -9.7388], [""sah"", -9.7388]]"
iipi	ibbak	-10.2187	"[[""ibbak"", -10.2187], [""bakkah"", -11.5766], [""bau"", -11.8887], [""abba"", -12.1372], [""pak"", -12.5757], [""hap"", -12.5757], [""huh"", -12.5757], [""kik"", -12.5757], [""nap"", -13.243], [""luk"", -13.243]]"
iipin	har	-13.2307	"[[""har"", -13.2307], [""hal"", -13.2307], [""par"", -13.2307], [""kun"", -13.2307], [""hun"", -13.2307], [""pur"", -13.2307], [""huel"", -13.2793], [""piel"", -13.2793], [""ibbak"", -13.6325], [""qamban"", -13.8321]]"
iipina	bau	-15.7418	"[[""bau"", -15.7418], [""puhu"", -16.3648], [""kun"", -16.5232], [""pur"", -16.5232], [""hun"", -16.5232], [""huel"", -16.5663], [""tsibbaru"", -16.7039], [""par"", -16.7238], [""har"", -16.7238], [""hal"", -16.7238]]"
iipinam	buni	-16.5688	"[[""buni"", -16.5688], [""bera"", -16.7538], [""bali"", -16.7538], [""bela"", -16.7538], [""abbara"", -16.9343], [""abba"", -17.4847], [""hani"", -18.085], [""kari"", -18.085], [""qara"", -18.085], [""halla"", -18.0896]]"
iipinama	bau	-18.481	"[[""bau"", -18.481], [""buni"", -20.0383], [""bali"", -20.2474], [""bera"", -20.2474], [""bela"", -20.2474], [""abbara"", -20.4207], [""abba"", -20.9891], [""puhu"", -21.3185], [""kutu"", -21.4084], [""ruku"", -21.41]]"
iipinamai	bau	-21.9871	"[[""bau"", -21.9871], [""buni"", -23.5083], [""bera"", -23.7407], [""bali"", -23.7407], [""bela"", -23.7407], [""abbara"", -23.9066], [""abba"", -24.4796], [""puhu"", -24.7839], [""kutu"", -24.8699], [""ruku"", -24.8716]]"
iipinamain	huel	-23.0877	"[[""huel"", -23.0877], [""purur"", -23.4867], [""pur"", -24.5384], [""kun"", -24.5384], [""hun"", -24.5384], [""hunir"", -24.7385], [""kunnir"", -24.8615], [""kutun"", -24.8664], [""bau"", -25.4931], [""qamban"", -25.7588]]"
ija	bau	-6.8955	"[[""bau"", -6.8955], [""buni"", -7.6557], [""uri"", -11.1612], [""bela"", -11.5051], [""bera"", -11.5051], [""bali"", -11.5051], [""kutu"", -12.2549], [""muru"", -12.2549], [""ʃutu"", -12.2549], [""tuku"", -12.2549]]"
ijar	bau	-10.3741	"[[""bau"", -10.3741], [""buni"", -10.4599], [""rum"", -11.1474], [""am"", -13.6496], [""kam"", -13.9171], [""lim"", -13.9171], [""ʃam"", -13.9171], [""uri"", -13.9673], [""maʃuum"", -14.436], [""ahhuum"", -14.4374]]"
ijare	buni	-13.5485	"[[""buni"", -13.5485], [""bau"", -13.8528], [""rum"", -14.6525], [""uri"", -17.0565], [""am"", -17.1339], [""numi"", -17.3368], [""duma"", -17.3368], [""dumaʃ"", -17.415], [""kumaʃ"", -17.415], [""kam"", -17.416]]"
ijared	bau	-16.2012	"[[""bau"", -16.2012], [""buni"", -16.5425], [""ukku"", -17.7318], [""muru"", -18.0178], [""rum"", -18.1524], [""mur"", -19.1116], [""puhu"", -19.875], [""tuku"", -19.875], [""ɡuɡu"", -19.875], [""ruku"", -19.875]]"
ijaredi	bau	-19.6918	"[[""bau"", -19.6918], [""buni"", -19.7038], [""ukku"", -21.2317], [""muru"", -21.2665], [""rum"", -21.6523], [""teumbe"", -21.9068], [""mur"", -21.9899], [""uri"", -23.2142], [""puhu"", -23.336], [""tuku"", -23.336]]"
ijaredij	buni	-22.9481	"[[""buni"", -22.9481], [""bau"", -23.1822], [""muru"", -24.563], [""ukku"", -24.7294], [""teumbe"", -24.7643], [""mur"", -25.114], [""rum"", -25.1522], [""ukkubati"", -26.4096], [""uri"", -26.4595], [""dudu"", -26.7976]]"
ijaredija	muru	-25.6737	"[[""muru"", -25.6737], [""bau"", -25.8496], [""buni"", -26.0877], [""ukku"", -26.858], [""teumbe"", -27.8808], [""mur"", -28.1413], [""rum"", -28.6448], [""tuku"", -28.9248], [""kutu"", -28.9248], [""ʃutu"", -28.9248]]"
ijas	bau	-10.3741	"[[""bau"", -10.3741], [""tuuʃ"", -10.3797], [""tiut"", -10.4218], [""buni"", -10.4599], [""uriʃ"", -11.1554], [""tit"", -12.5619], [""hiʃ"", -12.8319], [""pat"", -12.8319], [""hit"", -12.8319], [""ʃutu"", -13.3964]]"
ijasa	ʃutu	-10.7043	"[[""ʃutu"", -10.7043], [""kutu"", -10.7422], [""bau"", -12.8497], [""buni"", -13.2718], [""tuuʃ"", -13.4909], [""hasu"", -13.519], [""pitu"", -13.519], [""tiut"", -13.9105], [""tuku"", -13.935], [""ʃutur"", -14.0826]]"
ijasas	tuuʃ	-13.3453	"[[""tuuʃ"", -13.3453], [""ʃutu"", -13.7261], [""kutu"", -14.2437], [""tiut"", -14.3928], [""ʃutur"", -14.5821], [""ʃutin"", -14.6707], [""putmaʃ"", -16.3181], [""bau"", -16.3469], [""buni"", -16.3635], [""uriʃ"", -16.555]]"
ijasasa	ʃutu	-11.8881	"[[""ʃutu"", -11.8881], [""ʃutur"", -15.2764], [""kutu"", -16.2311], [""tuuʃ"", -16.7118], [""kassu"", -17.0124], [""tuʃʃuip"", -17.1581], [""utstsun"", -17.3003], [""ʃutin"", -17.4725], [""tiut"", -17.897], [""tuku"", -17.9477]]"
ijasasar	ʃutu	-15.3943	"[[""ʃutu"", -15.3943], [""ʃutur"", -18.1209], [""maʃuum"", -18.7919], [""kutu"", -19.7378], [""tuʃʃuip"", -19.9595], [""tuuʃ"", -20.0953], [""utstsun"", -20.1348], [""kassu"", -20.5186], [""ʃutin"", -20.5597], [""tsul"", -20.9357]]"
ijasau	ʃutu	-14.1916	"[[""ʃutu"", -14.1916], [""kutu"", -14.2484], [""bau"", -16.3469], [""buni"", -16.3635], [""tuuʃ"", -16.7083], [""ʃutur"", -16.9067], [""kutun"", -16.9774], [""pitu"", -17.0252], [""hasu"", -17.0252], [""tuku"", -17.0447]]"
ijasaun	ʃutur	-14.1886	"[[""ʃutur"", -14.1886], [""kutun"", -14.2455], [""tsul"", -16.5419], [""utstsun"", -16.8986], [""ʃutin"", -17.3394], [""buni"", -17.4092], [""ʃutu"", -17.6787], [""kutu"", -17.7545], [""turi"", -18.1292], [""ʃalur"", -18.145]]"
ijasauna	ʃutur	-17.694	"[[""ʃutur"", -17.694], [""kutun"", -17.7517], [""tsul"", -20.0477], [""ʃutu"", -20.1219], [""buni"", -20.2602], [""muru"", -20.2973], [""utstsun"", -20.4015], [""kutu"", -20.5687], [""ʃutin"", -20.8422], [""turi"", -20.9586]]"
ijasaunak	buni	-18.9012	"[[""buni"", -18.9012], [""turi"", -19.591], [""ʃutur"", -21.1992], [""kutun"", -21.258], [""sunki"", -22.1809], [""uri"", -22.4122], [""muʃnuik"", -22.4181], [""tsul"", -23.5534], [""ʃutu"", -23.6162], [""muru"", -23.8035]]"
ijasaunaka	buni	-22.4056	"[[""buni"", -22.4056], [""turi"", -23.0953], [""ʃutur"", -24.7017], [""kutun"", -24.7634], [""muʃnuik"", -25.2321], [""sunki"", -25.6368], [""uri"", -25.9165], [""ʃutu"", -26.4016], [""tranku"", -26.4876], [""bau"", -26.5447]]"
ike	bali	-7.2484	"[[""bali"", -7.2484], [""bera"", -7.2484], [""bela"", -7.2484], [""bau"", -7.5328], [""buni"", -8.3277], [""ayak"", -9.0398], [""balina"", -10.0028], [""aa"", -10.4301], [""bakkah"", -10.6271], [""abebe"", -10.686]]"
iket	bera	-8.6821	"[[""bera"", -8.6821], [""bali"", -8.6821], [""bela"", -8.6821], [""siya"", -9.6529], [""aa"", -9.7517], [""ayak"", -10.2412], [""bau"", -10.4007], [""buni"", -10.4516], [""balina"", -10.732], [""abebe"", -12.0673]]"
iketa	bau	-8.3866	"[[""bau"", -8.3866], [""bera"", -12.1058], [""bali"", -12.1058], [""bela"", -12.1058], [""ayak"", -13.1054], [""siya"", -13.1568], [""aa"", -13.2525], [""buni"", -13.5611], [""balina"", -13.9986], [""bakkah"", -14.9837]]"
iketan	bau	-11.8928	"[[""bau"", -11.8928], [""eul"", -11.8938], [""aal"", -13.2489], [""bela"", -14.3488], [""bali"", -14.3488], [""bera"", -14.3488], [""buni"", -14.5926], [""aain"", -14.7929], [""balina"", -15.324], [""atin"", -15.6054]]"
iketana	bau	-14.7089	"[[""bau"", -14.7089], [""eul"", -15.4001], [""aal"", -16.756], [""muru"", -17.2459], [""bera"", -17.3155], [""bali"", -17.3155], [""bela"", -17.3155], [""buni"", -17.4359], [""balina"", -18.1371], [""aain"", -18.2956]]"
iketanai	bau	-18.216	"[[""bau"", -18.216], [""eul"", -18.9064], [""aal"", -20.263], [""bera"", -20.474], [""bali"", -20.474], [""bela"", -20.474], [""buni"", -20.5476], [""muru"", -20.7522], [""balina"", -21.2005], [""aain"", -21.7981]]"
iketanaiΘ	bau	-21.7231	"[[""bau"", -21.7231], [""eul"", -22.4127], [""bali"", -23.7233], [""bela"", -23.7233], [""bera"", -23.7233], [""aal"", -23.77], [""buni"", -23.7721], [""muru"", -24.2584], [""balina"", -24.374], [""aain"", -25.3005]]"
iketanaiΘt	buni	-23.0878	"[[""buni"", -23.0878], [""bera"", -23.0896], [""bali"", -23.0896], [""bela"", -23.0896], [""balina"", -23.6595], [""bau"", -25.2294], [""eul"", -25.9189], [""abebe"", -26.1533], [""uri"", -26.5989], [""eri"", -26.5991]]"
iki	bela	-7.2461	"[[""bela"", -7.2461], [""bera"", -7.2461], [""bali"", -7.2461], [""bau"", -7.4824], [""abba"", -8.1562], [""abebe"", -8.1915], [""buni"", -8.321], [""ibbak"", -9.8621], [""balina"", -10.0012], [""aa"", -10.4301]]"
ikit	abebe	-6.145	"[[""abebe"", -6.145], [""abba"", -7.8938], [""bera"", -8.6029], [""bali"", -8.6029], [""bela"", -8.6029], [""ʃebe"", -8.9596], [""aa"", -9.7517], [""bau"", -10.1568], [""buni"", -10.2329], [""abbara"", -10.598]]"
ikite	abebe	-9.6214	"[[""abebe"", -9.6214], [""abba"", -11.3793], [""bali"", -11.9968], [""bera"", -11.9968], [""bela"", -11.9968], [""ʃebe"", -12.4639], [""bau"", -13.2158], [""aa"", -13.2525], [""abbara"", -13.7069], [""buni"", -13.7298]]"
ikites	abebe	-13.0978	"[[""abebe"", -13.0978], [""abba"", -14.8646], [""bela"", -15.3993], [""bera"", -15.3993], [""bali"", -15.3993], [""ipiʃ"", -15.6054], [""batsitsi"", -15.8242], [""teiʃ"", -15.8458], [""ʃebe"", -15.9677], [""bau"", -16.4145]]"
ikitesi	abebe	-15.974	"[[""abebe"", -15.974], [""abba"", -17.8742], [""batsitsi"", -18.6115], [""ibbak"", -18.6628], [""bera"", -18.8089], [""bali"", -18.8089], [""bela"", -18.8089], [""ipiʃ"", -19.1121], [""teiʃ"", -19.352], [""ʃebe"", -19.4546]]"
ikitesir	abebe	-19.0974	"[[""abebe"", -19.0974], [""abba"", -21.0504], [""ibbak"", -21.5356], [""batsitsi"", -21.6785], [""bela"", -22.2246], [""bera"", -22.2246], [""bali"", -22.2246], [""ipiʃ"", -22.6187], [""am"", -22.809], [""teiʃ"", -22.8579]]"
ikitesira	bau	-21.9954	"[[""bau"", -21.9954], [""abebe"", -22.3281], [""abba"", -24.3092], [""ibbak"", -24.6481], [""pitu"", -24.7246], [""hasu"", -24.7246], [""batsitsi"", -24.859], [""bera"", -25.6456], [""bali"", -25.6456], [""bela"", -25.6456]]"
ikitet	abebe	-12.2209	"[[""abebe"", -12.2209], [""abba"", -14.066], [""bera"", -14.2115], [""bela"", -14.2115], [""bali"", -14.2115], [""abbara"", -15.1505], [""ʃebe"", -15.2805], [""balina"", -15.582], [""siya"", -15.6059], [""aa"", -15.6807]]"
ikitete	abebe	-15.7049	"[[""abebe"", -15.7049], [""abba"", -17.5638], [""bela"", -17.6703], [""bera"", -17.6703], [""bali"", -17.6703], [""abbara"", -18.5651], [""ʃebe"", -18.7866], [""balina"", -18.9637], [""siya"", -19.1031], [""aa"", -19.1852]]"
ikiteter	abebe	-19.1888	"[[""abebe"", -19.1888], [""abba"", -21.0613], [""bali"", -21.1301], [""bela"", -21.1301], [""bera"", -21.1301], [""abbara"", -21.9844], [""ʃebe"", -22.2926], [""balina"", -22.3511], [""am"", -22.4113], [""ayak"", -22.4434]]"
ikitetere	abebe	-22.6726	"[[""abebe"", -22.6726], [""abba"", -24.5587], [""bela"", -24.5908], [""bera"", -24.5908], [""bali"", -24.5908], [""abbara"", -25.4079], [""ayak"", -25.6226], [""balina"", -25.7436], [""ʃebe"", -25.7986], [""am"", -25.9167]]"
ikiteterep	ayak	-23.7578	"[[""ayak"", -23.7578], [""ibbak"", -24.553], [""bakkah"", -24.8613], [""abebe"", -26.1563], [""aapih"", -27.0214], [""bela"", -28.0524], [""bera"", -28.0524], [""bali"", -28.0524], [""abba"", -28.056], [""kiik"", -28.5829]]"
ikitu	abebe	-9.6214	"[[""abebe"", -9.6214], [""abba"", -11.3793], [""bela"", -11.9968], [""bera"", -11.9968], [""bali"", -11.9968], [""ʃebe"", -12.4639], [""bau"", -13.2158], [""aa"", -13.2525], [""abbara"", -13.7069], [""buni"", -13.7298]]"
ikituj	abebe	-13.0978	"[[""abebe"", -13.0978], [""abba"", -14.8646], [""bera"", -15.3993], [""bela"", -15.3993], [""bali"", -15.3993], [""ʃebe"", -15.9681], [""bau"", -16.4145], [""aa"", -16.7533], [""abbara"", -16.917], [""ibbak"", -17.1183]]"
ikituja	bau	-14.9902	"[[""bau"", -14.9902], [""abebe"", -16.5743], [""abba"", -18.3499], [""bela"", -18.8091], [""bera"", -18.8091], [""bali"", -18.8091], [""ʃebe"", -19.4724], [""buni"", -20.1614], [""abbara"", -20.1849], [""aa"", -20.2541]]"
ikitujas	bau	-18.4965	"[[""bau"", -18.4965], [""abebe"", -20.0508], [""tiut"", -21.1968], [""abba"", -21.8351], [""bera"", -22.2251], [""bela"", -22.2251], [""bali"", -22.2251], [""ʃimiut"", -22.2548], [""ʃariut"", -22.2548], [""ipiʃ"", -22.464]]"
ina	bau	-6.8955	"[[""bau"", -6.8955], [""ruku"", -6.9763], [""buni"", -7.5448], [""luk"", -7.5883], [""rum"", -7.5883], [""muru"", -7.6101], [""numi"", -7.6662], [""nan"", -9.3632], [""bera"", -9.6322], [""bela"", -9.6322]]"
inai	ruku	-10.0683	"[[""ruku"", -10.0683], [""bau"", -10.3479], [""buni"", -10.3749], [""luk"", -10.4303], [""rum"", -10.4303], [""numi"", -10.4669], [""muru"", -11.1136], [""rabba"", -12.5265], [""nan"", -12.5757], [""luluki"", -12.6586]]"
inaid	ruku	-10.9886	"[[""ruku"", -10.9886], [""bau"", -12.6907], [""buni"", -13.0086], [""luk"", -13.2735], [""rum"", -13.2735], [""numi"", -13.2762], [""muru"", -13.8834], [""luluki"", -14.2476], [""ukku"", -14.6406], [""rabba"", -15.3415]]"
inaida	ruku	-13.4756	"[[""ruku"", -13.4756], [""bau"", -15.5286], [""buni"", -15.838], [""numi"", -16.2185], [""rum"", -16.2385], [""luk"", -16.2385], [""luluki"", -16.5531], [""muru"", -16.9337], [""ukku"", -17.0582], [""rapdu"", -18.1284]]"
inaidaj	ruku	-16.9555	"[[""ruku"", -16.9555], [""buni"", -18.9359], [""bau"", -19.0273], [""numi"", -19.3587], [""luk"", -19.3964], [""rum"", -19.3964], [""luluki"", -19.507], [""muru"", -20.4374], [""ukku"", -20.5605], [""rapdu"", -21.6237]]"
inaidaja	ruku	-19.551	"[[""ruku"", -19.551], [""bau"", -21.9735], [""buni"", -22.0581], [""luluki"", -22.306], [""numi"", -22.5217], [""rum"", -22.5737], [""luk"", -22.5737], [""ukku"", -23.0861], [""muru"", -23.5474], [""rapdu"", -24.3397]]"
inaidajas	tuuʃ	-22.6691	"[[""tuuʃ"", -22.6691], [""ruku"", -23.0438], [""buni"", -25.2816], [""luluki"", -25.3885], [""bau"", -25.476], [""tiut"", -25.7346], [""numi"", -25.7674], [""luk"", -25.8336], [""rum"", -25.8336], [""ʃariut"", -25.8651]]"
inaj	ruku	-10.0683	"[[""ruku"", -10.0683], [""bau"", -10.3741], [""buni"", -10.3765], [""rum"", -10.4303], [""luk"", -10.4303], [""numi"", -10.4669], [""muru"", -11.1136], [""nan"", -12.5757], [""luluki"", -12.6586], [""bela"", -12.7171]]"
inaja	ruku	-10.9886	"[[""ruku"", -10.9886], [""bau"", -12.8497], [""buni"", -13.2156], [""luk"", -13.2735], [""rum"", -13.2735], [""numi"", -13.2762], [""muru"", -13.8834], [""luluki"", -14.2476], [""ukku"", -14.6406], [""rapdu"", -15.491]]"
inajar	rum	-11.6072	"[[""rum"", -11.6072], [""ruku"", -14.4454], [""numi"", -14.8704], [""buni"", -16.3169], [""bau"", -16.3469], [""luk"", -16.3855], [""lim"", -17.0997], [""luluki"", -17.1015], [""muru"", -17.3867], [""maʃuum"", -17.7806]]"
inajare	rum	-15.1126	"[[""rum"", -15.1126], [""numi"", -17.7607], [""ruku"", -17.9034], [""buni"", -19.5297], [""luk"", -19.6104], [""bau"", -19.844], [""luluki"", -20.1918], [""lim"", -20.5851], [""muru"", -20.8893], [""maʃuum"", -21.2853]]"
inajaret	numi	-16.4866	"[[""numi"", -16.4866], [""rum"", -18.618], [""buni"", -20.6477], [""luluki"", -21.3622], [""ruku"", -21.3625], [""duma"", -22.0829], [""bela"", -22.1465], [""bali"", -22.1465], [""bera"", -22.1465], [""ni"", -22.4023]]"
inajareta	numi	-19.9907	"[[""numi"", -19.9907], [""rum"", -22.1221], [""bau"", -23.0652], [""ruku"", -23.3304], [""buni"", -24.1213], [""luluki"", -24.7301], [""duma"", -25.5868], [""bali"", -25.6267], [""bera"", -25.6267], [""bela"", -25.6267]]"
inam	buni	-7.8324	"[[""buni"", -7.8324], [""bera"", -8.2433], [""bela"", -8.2433], [""bali"", -8.2433], [""ni"", -8.3878], [""numi"", -8.7718], [""ruku"", -10.0683], [""balina"", -10.17], [""bau"", -10.1787], [""rum"", -10.4303]]"
inama	bau	-9.0655	"[[""bau"", -9.0655], [""ruku"", -10.9886], [""buni"", -11.2684], [""bela"", -11.7206], [""bera"", -11.7206], [""bali"", -11.7206], [""ni"", -11.8923], [""numi"", -12.1096], [""rapdu"", -12.5081], [""luk"", -13.2735]]"
inamai	bau	-12.5715	"[[""bau"", -12.5715], [""ruku"", -14.4454], [""buni"", -14.7072], [""bela"", -15.1977], [""bera"", -15.1977], [""bali"", -15.1977], [""rabba"", -15.2845], [""ni"", -15.3968], [""numi"", -15.4682], [""rapdu"", -16.005]]"
inamain	libair	-15.342	"[[""libair"", -15.342], [""nan"", -15.3923], [""rikur"", -15.5724], [""ruelpa"", -16.0318], [""eul"", -16.0738], [""bau"", -16.0774], [""buni"", -17.0995], [""napir"", -17.2334], [""purur"", -17.3801], [""ʃalur"", -17.4152]]"
inamaina	luluki	-18.1752	"[[""luluki"", -18.1752], [""ruelpa"", -18.8383], [""libair"", -18.8447], [""bau"", -18.8905], [""nan"", -18.8993], [""rikur"", -19.0768], [""eul"", -19.5801], [""ruku"", -19.9895], [""buni"", -20.0812], [""muru"", -20.2744]]"
inamainaj	luluki	-20.9783	"[[""luluki"", -20.9783], [""ruelpa"", -21.928], [""libair"", -22.3455], [""bau"", -22.3975], [""nan"", -22.4063], [""rikur"", -22.5811], [""eul"", -23.0864], [""buni"", -23.2457], [""ruku"", -23.4744], [""muru"", -23.7806]]"
inamainaja	luluki	-23.7885	"[[""luluki"", -23.7885], [""ruelpa"", -25.1345], [""bau"", -25.4952], [""libair"", -25.8447], [""nan"", -25.9133], [""rikur"", -26.0815], [""ruku"", -26.0837], [""buni"", -26.4917], [""eul"", -26.5918], [""muru"", -26.6037]]"
inamas	ʃariut	-12.4797	"[[""ʃariut"", -12.4797], [""bau"", -12.5717], [""tuuʃ"", -14.185], [""uriʃ"", -14.3564], [""ruku"", -14.4454], [""tiut"", -14.5377], [""buni"", -14.7073], [""bera"", -15.1979], [""bela"", -15.1979], [""bali"", -15.1979]]"
inamasi	ʃariut	-15.9868	"[[""ʃariut"", -15.9868], [""bau"", -16.0776], [""tuuʃ"", -17.692], [""uriʃ"", -17.8633], [""ruku"", -17.9034], [""tiut"", -18.0447], [""buni"", -18.1489], [""bera"", -18.6751], [""bela"", -18.6751], [""bali"", -18.6751]]"
inamasir	rum	-18.6162	"[[""rum"", -18.6162], [""ʃariut"", -19.494], [""bau"", -19.5835], [""lim"", -19.9843], [""tuuʃ"", -21.1989], [""ruku"", -21.3625], [""uriʃ"", -21.3701], [""numi"", -21.4899], [""tiut"", -21.5516], [""rabba"", -21.562]]"
inamasiru	rum	-22.1216	"[[""rum"", -22.1216], [""ʃariut"", -23.0012], [""bau"", -23.0894], [""lim"", -23.4895], [""numi"", -24.5413], [""rabba"", -24.6537], [""tuuʃ"", -24.7057], [""ruku"", -24.8226], [""uriʃ"", -24.8769], [""buni"", -25.039]]"
inamasirut	numi	-23.4934	"[[""numi"", -23.4934], [""rabba"", -25.31], [""rum"", -25.627], [""ra-u-ba-sa"", -25.9644], [""ruelpa"", -26.0387], [""ʃiutmana"", -26.3707], [""ʃariut"", -26.508], [""bau"", -26.5918], [""lim"", -26.9921], [""abebe"", -27.0072]]"
inu	bau	-9.3632	"[[""bau"", -9.3632], [""nan"", -9.3632], [""bela"", -9.6322], [""bali"", -9.6322], [""buni"", -9.6322], [""bera"", -9.6322], [""rum"", -9.7806], [""lim"", -9.7806], [""nap"", -9.7806], [""luk"", -9.7806]]"
inui	bau	-12.355	"[[""bau"", -12.355], [""rabba"", -12.5265], [""nan"", -12.5757], [""buni"", -12.7009], [""bali"", -12.7009], [""bela"", -12.7009], [""bera"", -12.7009], [""lim"", -12.8687], [""nap"", -12.8687], [""luk"", -12.8687]]"
inuin	nan	-12.8306	"[[""nan"", -12.8306], [""libair"", -13.1616], [""napir"", -14.9678], [""rikur"", -14.9678], [""bali"", -15.1994], [""buni"", -15.1994], [""bera"", -15.1994], [""bela"", -15.1994], [""rabba"", -15.3379], [""bau"", -15.5162]]"
inuina	bau	-16.1849	"[[""bau"", -16.1849], [""ruku"", -16.2194], [""nan"", -16.3189], [""muru"", -16.5101], [""libair"", -16.6642], [""luluki"", -16.9711], [""buni"", -17.105], [""rum"", -17.3337], [""luk"", -17.3337], [""numi"", -17.4759]]"
inuinai	ruku	-19.4743	"[[""ruku"", -19.4743], [""bau"", -19.6673], [""luluki"", -19.7626], [""nan"", -19.807], [""rabba"", -19.9157], [""buni"", -20.0134], [""muru"", -20.0154], [""libair"", -20.1594], [""rum"", -20.2154], [""luk"", -20.2154]]"
inuinaid	ruku	-20.7417	"[[""ruku"", -20.7417], [""bau"", -22.234], [""luluki"", -22.4271], [""rabba"", -22.7973], [""muru"", -22.8144], [""buni"", -22.8215], [""rum"", -23.0804], [""luk"", -23.0804], [""numi"", -23.0996], [""nan"", -23.2951]]"
inuinaida	ruku	-23.2634	"[[""ruku"", -23.2634], [""bau"", -25.1773], [""luluki"", -25.2119], [""buni"", -25.747], [""muru"", -25.8982], [""rabba"", -25.9218], [""numi"", -26.0448], [""luk"", -26.0555], [""rum"", -26.0555], [""kurrusa"", -26.6218]]"
inuinaidaj	ruku	-26.7445	"[[""ruku"", -26.7445], [""luluki"", -28.2907], [""bau"", -28.6794], [""buni"", -28.8807], [""rabba"", -29.1524], [""numi"", -29.1862], [""luk"", -29.2175], [""rum"", -29.2175], [""muru"", -29.4044], [""kurrusa"", -29.7606]]"
inuj	bau	-12.5688	"[[""bau"", -12.5688], [""nan"", -12.5757], [""bera"", -12.7171], [""buni"", -12.7171], [""bela"", -12.7171], [""bali"", -12.7171], [""rum"", -12.8687], [""nap"", -12.8687], [""luk"", -12.8687], [""lim"", -12.8687]]"
inuja	bau	-13.2301	"[[""bau"", -13.2301], [""ruku"", -13.2729], [""buni"", -14.4339], [""luk"", -14.4913], [""rum"", -14.4913], [""muru"", -14.6071], [""numi"", -14.6556], [""rapdu"", -15.6391], [""nan"", -15.8501], [""bela"", -15.9157]]"
inujas	ruku	-16.5551	"[[""ruku"", -16.5551], [""tuuʃ"", -16.6889], [""bau"", -16.7224], [""tiut"", -16.7234], [""ʃariut"", -16.8619], [""buni"", -17.3221], [""rum"", -17.3844], [""luk"", -17.3844], [""numi"", -17.4653], [""uriʃ"", -17.7628]]"
inujasa	ʃutu	-17.2231	"[[""ʃutu"", -17.2231], [""kutu"", -17.2459], [""ruku"", -17.9015], [""bau"", -19.3613], [""tuuʃ"", -19.9752], [""pitu"", -19.9981], [""hasu"", -19.9981], [""buni"", -20.1925], [""tiut"", -20.221], [""rum"", -20.2557]]"
inujasas	tuuʃ	-20.0936	"[[""tuuʃ"", -20.0936], [""ʃutu"", -20.407], [""kutu"", -20.748], [""tiut"", -21.2684], [""ruku"", -21.3631], [""ʃutur"", -21.536], [""ʃutin"", -21.6775], [""ʃariut"", -22.4422], [""putmaʃ"", -22.8217], [""bau"", -22.8625]]"
inujasasa	ʃutu	-18.8969	"[[""ʃutu"", -18.8969], [""ʃutur"", -22.282], [""kutu"", -22.795], [""kassu"", -23.4909], [""tuuʃ"", -23.4911], [""ruku"", -23.6788], [""tuʃʃuip"", -23.8474], [""utstsun"", -24.3017], [""ʃutin"", -24.4812], [""tiut"", -24.773]]"
inujasasar	ʃutu	-22.4031	"[[""ʃutu"", -22.4031], [""ʃutur"", -25.1281], [""rum"", -25.2276], [""maʃuum"", -25.2704], [""kutu"", -26.3017], [""tuʃʃuip"", -26.6493], [""tuuʃ"", -26.8991], [""kassu"", -26.9971], [""utstsun"", -27.1364], [""ruku"", -27.1659]]"
inw	nan	-9.3632	"[[""nan"", -9.3632], [""bau"", -9.3632], [""bali"", -9.6322], [""buni"", -9.6322], [""bera"", -9.6322], [""bela"", -9.6322], [""inɡi"", -9.7372], [""nap"", -9.7806], [""luk"", -9.7806], [""lim"", -9.7806]]"
inwa	hindu	-7.6108	"[[""hindu"", -7.6108], [""mardu"", -7.6108], [""rapdu"", -7.6633], [""dudu"", -9.7643], [""ɡuɡu"", -9.7643], [""bau"", -10.0063], [""ruku"", -10.0669], [""hidu"", -10.4281], [""buni"", -10.9889], [""luk"", -11.039]]"
inwaz	hindu	-11.1171	"[[""hindu"", -11.1171], [""mardu"", -11.1171], [""rapdu"", -11.1685], [""inɡi"", -11.1713], [""buni"", -11.3186], [""bera"", -11.719], [""bali"", -11.719], [""bela"", -11.719], [""harɡi"", -11.8037], [""ni"", -11.8914]]"
inwaza	bau	-12.5654	"[[""bau"", -12.5654], [""rapdu"", -13.863], [""mardu"", -13.9324], [""hindu"", -13.9324], [""dudu"", -14.3964], [""ɡuɡu"", -14.3964], [""ruku"", -14.4445], [""inɡi"", -14.6757], [""buni"", -14.7559], [""bera"", -15.197]]"
inwazaΦ	rum	-15.1135	"[[""rum"", -15.1135], [""bau"", -16.0715], [""lim"", -16.4845], [""rapdu"", -17.369], [""mardu"", -17.4396], [""hindu"", -17.4396], [""dudu"", -17.858], [""ɡuɡu"", -17.858], [""ruku"", -17.9038], [""numi"", -18.08]]"
inwazaΦn	rum	-18.6188	"[[""rum"", -18.6188], [""nan"", -18.8958], [""rikur"", -18.9354], [""ruelpa"", -19.5368], [""eul"", -19.5748], [""bau"", -19.5776], [""lim"", -19.9893], [""kidur"", -20.2402], [""napir"", -20.5493], [""buni"", -20.6007]]"
inwazaΦni	rum	-22.1241	"[[""rum"", -22.1241], [""ruelpa"", -22.3435], [""nan"", -22.4028], [""rikur"", -22.4424], [""eul"", -23.082], [""bau"", -23.0836], [""lim"", -23.4941], [""buni"", -23.5966], [""kidur"", -23.7474], [""duraʃ"", -23.786]]"
ipi	bau	-9.0837	"[[""bau"", -9.0837], [""bakkah"", -9.2791], [""pak"", -9.3632], [""huh"", -9.3632], [""kik"", -9.3632], [""hap"", -9.3632], [""ibbak"", -9.73], [""pat"", -9.7806], [""hit"", -9.7806], [""hiʃ"", -9.7806]]"
ipin	pur	-9.7383	"[[""pur"", -9.7383], [""par"", -9.7383], [""hun"", -9.7383], [""hal"", -9.7383], [""kun"", -9.7383], [""har"", -9.7383], [""piel"", -9.7752], [""huel"", -9.7752], [""qamban"", -10.3378], [""hunir"", -11.8678]]"
ipina	bau	-12.8307	"[[""bau"", -12.8307], [""pur"", -13.0279], [""kun"", -13.0279], [""hun"", -13.0279], [""puhu"", -13.0444], [""huel"", -13.0617], [""hal"", -13.2311], [""har"", -13.2311], [""par"", -13.2311], [""kutu"", -13.2729]]"
ipinam	buni	-13.6849	"[[""buni"", -13.6849], [""bali"", -13.9211], [""bela"", -13.9211], [""bera"", -13.9211], [""halla"", -14.5863], [""pirni"", -14.5863], [""qara"", -14.5921], [""hani"", -14.5921], [""kari"", -14.5921], [""kurrusa"", -14.9946]]"
ipinama	bau	-15.3824	"[[""bau"", -15.3824], [""buni"", -17.1461], [""bela"", -17.4113], [""bali"", -17.4113], [""bera"", -17.4113], [""puhu"", -17.8555], [""kutu"", -17.9015], [""ruku"", -17.9515], [""qara"", -18.0826], [""kari"", -18.0826]]"
ipinamai	bau	-18.8885	"[[""bau"", -18.8885], [""buni"", -20.6081], [""bela"", -20.9012], [""bali"", -20.9012], [""bera"", -20.9012], [""puhu"", -21.3191], [""kutu"", -21.3631], [""ruku"", -21.4109], [""kari"", -21.5728], [""hani"", -21.5728]]"
ipinamain	huel	-19.5805	"[[""huel"", -19.5805], [""purur"", -19.9909], [""hun"", -21.0313], [""kun"", -21.0313], [""pur"", -21.0313], [""hunir"", -21.2414], [""kunnir"", -21.3575], [""kutun"", -21.3595], [""qamban"", -22.2591], [""kidur"", -22.3125]]"
ipinamaina	huel	-23.0874	"[[""huel"", -23.0874], [""purur"", -23.3261], [""hun"", -24.538], [""kun"", -24.538], [""pur"", -24.538], [""hunir"", -24.7102], [""kunnir"", -24.8525], [""kutun"", -24.8638], [""luluki"", -25.1884], [""bau"", -25.2112]]"
ipinamas	kuraʃ	-17.8186	"[[""kuraʃ"", -17.8186], [""kurat"", -17.8186], [""halat"", -18.0793], [""ʃariut"", -18.3929], [""bau"", -18.8886], [""pat"", -18.8961], [""hit"", -18.8961], [""hiʃ"", -18.8961], [""kumaʃ"", -19.0395], [""huhqat"", -19.4806]]"
ipinamasi	kurat	-21.3255	"[[""kurat"", -21.3255], [""kuraʃ"", -21.3255], [""halat"", -21.5863], [""ʃariut"", -21.9001], [""bau"", -22.3946], [""hit"", -22.4032], [""hiʃ"", -22.4032], [""pat"", -22.4032], [""kumaʃ"", -22.546], [""kurrusa"", -22.7241]]"
ipinamasir	ʃiprium	-24.0889	"[[""ʃiprium"", -24.0889], [""kurat"", -24.8323], [""kuraʃ"", -24.8323], [""halat"", -25.0933], [""putmaʃ"", -25.2462], [""qalitam"", -25.2879], [""ʃariut"", -25.4073], [""rum"", -25.6306], [""kurrusa"", -25.8516], [""bau"", -25.9006]]"
ira	bau	-6.8955	"[[""bau"", -6.8955], [""buni"", -7.6557], [""muru"", -8.0648], [""mur"", -8.6807], [""am"", -10.7916], [""mar"", -10.866], [""uri"", -11.1612], [""mardu"", -11.3752], [""rum"", -11.3866], [""lim"", -11.4991]]"
iru	bau	-9.3632	"[[""bau"", -9.3632], [""am"", -10.7916], [""mur"", -10.866], [""mar"", -10.866], [""ʃam"", -11.4991], [""rum"", -11.4991], [""kam"", -11.4991], [""lim"", -11.4991], [""buni"", -11.5051], [""bali"", -11.5051]]"
irut	bela	-10.4514	"[[""bela"", -10.4514], [""bali"", -10.4514], [""bera"", -10.4514], [""buni"", -10.7262], [""bau"", -11.491], [""mete"", -11.8396], [""mar"", -12.6729], [""amma"", -12.7502], [""ʃami"", -12.862], [""meen"", -12.8626]]"
irute	bera	-13.7315	"[[""bera"", -13.7315], [""bela"", -13.7315], [""bali"", -13.7315], [""buni"", -14.2227], [""bau"", -14.439], [""mete"", -15.0531], [""mar"", -15.5819], [""meen"", -15.6715], [""ayak"", -16.0392], [""balina"", -16.0698]]"
irutei	bela	-17.0472	"[[""bela"", -17.0472], [""bali"", -17.0472], [""bera"", -17.0472], [""bau"", -17.5573], [""buni"", -17.7148], [""mete"", -18.327], [""abebe"", -18.5454], [""abba"", -18.5732], [""mar"", -18.7168], [""meen"", -18.7612]]"
iruteid	bau	-16.0739	"[[""bau"", -16.0739], [""mardu"", -19.5016], [""bali"", -20.388], [""bera"", -20.388], [""bela"", -20.388], [""buni"", -20.4118], [""muru"", -20.9356], [""abebe"", -21.3997], [""abba"", -21.4344], [""mete"", -21.6396]]"
iruteidi	bau	-19.5796	"[[""bau"", -19.5796], [""abba"", -22.2673], [""ibbak"", -22.3452], [""mardu"", -23.0035], [""buni"", -23.466], [""bera"", -23.747], [""bela"", -23.747], [""bali"", -23.747], [""abebe"", -23.915], [""tibbe"", -24.2646]]"
isi	bau	-9.0837	"[[""bau"", -9.0837], [""tit"", -9.3632], [""tibbe"", -9.7049], [""ʃin"", -9.7806], [""ʃak"", -9.7806], [""sah"", -9.7806], [""sir"", -9.7806], [""tuk"", -9.7806], [""ʃam"", -9.7806], [""san"", -9.7806]]"
isir	ʃam	-10.7531	"[[""ʃam"", -10.7531], [""bau"", -12.1744], [""tibbe"", -12.5121], [""tit"", -12.5757], [""tuk"", -12.8687], [""ʃin"", -12.8687], [""san"", -12.8687], [""sah"", -12.8687], [""ʃak"", -12.8687], [""sir"", -12.8687]]"
ite	bali	-7.2484	"[[""bali"", -7.2484], [""bera"", -7.2484], [""bela"", -7.2484], [""bau"", -7.5328], [""buni"", -8.3277], [""ayak"", -9.0398], [""balina"", -10.0028], [""aa"", -10.4301], [""bakkah"", -10.6271], [""abebe"", -10.686]]"
ites	bela	-10.4536	"[[""bela"", -10.4536], [""bera"", -10.4536], [""bali"", -10.4536], [""bau"", -10.6513], [""ipiʃ"", -10.7317], [""tit"", -10.9837], [""hiʃ"", -11.0338], [""hit"", -11.0338], [""pat"", -11.0338], [""teiʃ"", -11.6615]]"
itesi	bera	-13.7212	"[[""bera"", -13.7212], [""bela"", -13.7212], [""bali"", -13.7212], [""bau"", -13.8528], [""ipiʃ"", -14.237], [""tit"", -14.4417], [""pat"", -14.5406], [""hit"", -14.5406], [""hiʃ"", -14.5406], [""atta"", -14.5917]]"
itesir	am	-16.4809	"[[""am"", -16.4809], [""bera"", -17.0288], [""bela"", -17.0288], [""bali"", -17.0288], [""bau"", -17.1254], [""ʃam"", -17.5523], [""atti"", -17.6815], [""atta"", -17.6815], [""iʃti"", -17.6815], [""itsa"", -17.6815]]"
itesira	bau	-16.0685	"[[""bau"", -16.0685], [""hasu"", -18.733], [""pitu"", -18.733], [""ʃutu"", -19.7106], [""am"", -19.986], [""tuku"", -20.2832], [""bela"", -20.3642], [""bera"", -20.3642], [""bali"", -20.3642], [""kassu"", -20.4787]]"
itet	bera	-8.6821	"[[""bera"", -8.6821], [""bali"", -8.6821], [""bela"", -8.6821], [""siya"", -9.6529], [""aa"", -9.7517], [""ayak"", -10.2412], [""bau"", -10.4007], [""buni"", -10.4516], [""balina"", -10.732], [""abebe"", -12.0673]]"
itete	bela	-12.1058	"[[""bela"", -12.1058], [""bali"", -12.1058], [""bera"", -12.1058], [""ayak"", -13.0075], [""siya"", -13.1467], [""aa"", -13.2525], [""bau"", -13.521], [""buni"", -13.9509], [""balina"", -13.9986], [""bakkah"", -14.9837]]"
iteter	bali	-15.5338	"[[""bali"", -15.5338], [""bela"", -15.5338], [""bera"", -15.5338], [""am"", -15.8019], [""ayak"", -16.0916], [""siya"", -16.6406], [""bau"", -16.75], [""aa"", -16.7533], [""balina"", -17.2919], [""buni"", -17.4485]]"
itetere	bera	-18.9656	"[[""bera"", -18.9656], [""bela"", -18.9656], [""bali"", -18.9656], [""ayak"", -19.2563], [""am"", -19.3072], [""bau"", -20.0397], [""siya"", -20.1246], [""aa"", -20.2541], [""balina"", -20.6056], [""buni"", -20.9443]]"
iteterep	ayak	-17.4292	"[[""ayak"", -17.4292], [""bakkah"", -19.4116], [""aapih"", -21.7332], [""bera"", -22.4008], [""bali"", -22.4008], [""bela"", -22.4008], [""ibbak"", -22.64], [""am"", -22.8125], [""kiik"", -22.8385], [""teip"", -22.8388]]"
iti	bela	-7.2461	"[[""bela"", -7.2461], [""bera"", -7.2461], [""bali"", -7.2461], [""bau"", -7.4824], [""abba"", -8.1562], [""abebe"", -8.1915], [""buni"", -8.321], [""ibbak"", -9.8621], [""balina"", -10.0012], [""aa"", -10.4301]]"
itu	bela	-7.2484	"[[""bela"", -7.2484], [""bera"", -7.2484], [""bali"", -7.2484], [""bau"", -7.5328], [""buni"", -8.3277], [""balina"", -10.0028], [""aa"", -10.4301], [""bakkah"", -10.6271], [""abebe"", -10.686], [""ari"", -10.7364]]"
ituj	bela	-10.4536	"[[""bela"", -10.4536], [""bali"", -10.4536], [""bera"", -10.4536], [""bau"", -10.6513], [""buni"", -11.8081], [""ayak"", -12.5311], [""balina"", -12.9733], [""bakkah"", -13.425], [""aa"", -13.708], [""abebe"", -13.8779]]"
ituja	bau	-9.071	"[[""bau"", -9.071], [""bera"", -13.7225], [""bela"", -13.7225], [""bali"", -13.7225], [""buni"", -14.2508], [""ayak"", -15.3378], [""eul"", -15.8624], [""balina"", -16.0479], [""bakkah"", -16.4004], [""anaku"", -16.7245]]"
itujas	bau	-12.5771	"[[""bau"", -12.5771], [""tiut"", -15.1715], [""tuuʃ"", -16.6889], [""bera"", -17.0321], [""bela"", -17.0321], [""bali"", -17.0321], [""ʃariut"", -17.21], [""ʃimiut"", -17.21], [""ipiʃ"", -17.2119], [""buni"", -17.2422]]"
iΘt	bera	-7.2472	"[[""bera"", -7.2472], [""bela"", -7.2472], [""bali"", -7.2472], [""buni"", -7.6407], [""bau"", -8.0766], [""balina"", -10.0014], [""aa"", -10.4301], [""abba"", -10.5949], [""abebe"", -10.685], [""ki"", -10.6883]]"
iΘti	bela	-10.4578	"[[""bela"", -10.4578], [""bera"", -10.4578], [""bali"", -10.4578], [""bau"", -10.9374], [""buni"", -11.1314], [""abba"", -11.6282], [""abebe"", -11.6413], [""balina"", -12.987], [""ibbak"", -13.3382], [""aa"", -13.708]]"
iΘtij	bera	-13.7285	"[[""bera"", -13.7285], [""bela"", -13.7285], [""bali"", -13.7285], [""bau"", -14.0539], [""abebe"", -14.4705], [""abba"", -14.4735], [""buni"", -14.6156], [""ayak"", -16.0291], [""ibbak"", -16.0295], [""balina"", -16.0684]]"
iΘtija	bau	-12.5668	"[[""bau"", -12.5668], [""bera"", -17.038], [""bela"", -17.038], [""bali"", -17.038], [""buni"", -17.0656], [""abebe"", -17.561], [""abba"", -17.578], [""ayak"", -18.838], [""ibbak"", -19.0147], [""balina"", -19.2147]]"
iΘtijas	bau	-16.0727	"[[""bau"", -16.0727], [""tiut"", -18.3077], [""tuuʃ"", -19.9625], [""buni"", -20.0585], [""ʃariut"", -20.1121], [""ʃimiut"", -20.1121], [""bera"", -20.3746], [""bela"", -20.3746], [""bali"", -20.3746], [""ipiʃ"", -20.5326]]"
iΘtijasa	bau	-18.8851	"[[""bau"", -18.8851], [""ʃutu"", -20.5518], [""kutu"", -20.5709], [""hasu"", -21.7757], [""pitu"", -21.7757], [""tiut"", -21.8127], [""buni"", -22.9793], [""tuuʃ"", -23.2886], [""kassu"", -23.4834], [""ʃariut"", -23.6175]]"
iΘtijasas	bau	-22.3921	"[[""bau"", -22.3921], [""tuuʃ"", -23.4899], [""ʃutu"", -23.7816], [""tiut"", -23.8679], [""kutu"", -24.073], [""batsitsi"", -24.257], [""ʃutur"", -25.0143], [""ʃutin"", -25.181], [""pitu"", -25.2801], [""hasu"", -25.2801]]"
iΘtijasasa	ʃutu	-22.4014	"[[""ʃutu"", -22.4014], [""kassu"", -25.2724], [""bau"", -25.4896], [""ʃutur"", -25.7848], [""idpurattu"", -26.0249], [""kutu"", -26.1357], [""tuuʃ"", -26.8983], [""batsitsi"", -26.9647], [""tuʃʃuip"", -27.2246], [""tiut"", -27.3741]]"
iΘu	bau	-9.3632	"[[""bau"", -9.3632], [""bali"", -11.5051], [""buni"", -11.5051], [""bela"", -11.5051], [""bera"", -11.5051], [""abba"", -12.7824], [""am"", -12.8387], [""ni"", -12.8387], [""aa"", -12.8387], [""ki"", -12.8387]]"
iΘuj	bau	-12.5688	"[[""bau"", -12.5688], [""bali"", -14.4973], [""bera"", -14.4973], [""bela"", -14.4973], [""buni"", -14.4973], [""abba"", -15.9728], [""da"", -16.0479], [""aa"", -16.0479], [""ki"", -16.0479], [""ni"", -16.0479]]"
iΘuja	bau	-13.2301	"[[""bau"", -13.2301], [""buni"", -14.6383], [""bera"", -17.5947], [""bela"", -17.5947], [""bali"", -17.5947], [""uri"", -18.1423], [""kutu"", -18.2965], [""puhu"", -18.2965], [""muru"", -18.2965], [""ʃutu"", -18.2965]]"
iΘut	bali	-10.4514	"[[""bali"", -10.4514], [""bela"", -10.4514], [""bera"", -10.4514], [""buni"", -10.7262], [""bau"", -11.491], [""balina"", -12.9708], [""aa"", -13.708], [""abba"", -13.789], [""abebe"", -13.876], [""ki"", -13.9074]]"
iΘuti	bela	-13.7302	"[[""bela"", -13.7302], [""bera"", -13.7302], [""bali"", -13.7302], [""buni"", -14.2205], [""bau"", -14.3937], [""abebe"", -15.0917], [""abba"", -15.0999], [""balina"", -16.0692], [""ibbak"", -16.8132], [""aa"", -17.0286]]"
iΘutin	bela	-15.218	"[[""bela"", -15.218], [""bali"", -15.218], [""bera"", -15.218], [""balina"", -16.8185], [""aal"", -17.0121], [""aain"", -17.1699], [""atin"", -17.2142], [""libair"", -17.287], [""nan"", -17.3554], [""par"", -17.3814]]"
iΘutinu	bera	-18.1009	"[[""bera"", -18.1009], [""bela"", -18.1009], [""bali"", -18.1009], [""balina"", -19.5386], [""aal"", -20.5145], [""aain"", -20.6754], [""atin"", -20.7203], [""bau"", -20.7595], [""libair"", -20.7896], [""nan"", -20.8364]]"
iΘutinuj	bera	-21.2269	"[[""bera"", -21.2269], [""bali"", -21.2269], [""bela"", -21.2269], [""balina"", -22.536], [""aal"", -24.0168], [""bau"", -24.0516], [""aain"", -24.1805], [""buni"", -24.192], [""atin"", -24.226], [""abebe"", -24.2342]]"
iΘutinuja	bau	-23.0682	"[[""bau"", -23.0682], [""bela"", -24.4589], [""bali"", -24.4589], [""bera"", -24.4589], [""tsibbaru"", -25.2973], [""anaku"", -25.4314], [""balina"", -25.6563], [""muru"", -27.0077], [""buni"", -27.0768], [""ruku"", -27.2915]]"
iΘutinujas	bau	-26.5741	"[[""bau"", -26.5741], [""ʃariut"", -27.3363], [""bali"", -27.7507], [""bela"", -27.7507], [""bera"", -27.7507], [""tiut"", -28.4963], [""tsibbaru"", -28.8033], [""balina"", -28.8479], [""anaku"", -28.9335], [""antsi"", -29.2547]]"
iΘw	bau	-9.3632	"[[""bau"", -9.3632], [""da"", -10.4301], [""bera"", -11.5051], [""bali"", -11.5051], [""buni"", -11.5051], [""bela"", -11.5051], [""ɡuɡu"", -12.5439], [""dudu"", -12.5439], [""abba"", -12.7824], [""iɡi"", -12.7891]]"
iΘwa	dudu	-9.7643	"[[""dudu"", -9.7643], [""ɡuɡu"", -9.7643], [""bau"", -10.0063], [""hidu"", -10.4281], [""buni"", -11.1487], [""duma"", -11.1732], [""mardu"", -12.5792], [""hindu"", -12.5792], [""rapdu"", -12.5792], [""da"", -13.2748]]"
iΘwae	ɡuɡu	-13.0475	"[[""ɡuɡu"", -13.0475], [""dudu"", -13.0475], [""bau"", -13.4939], [""hidu"", -13.9342], [""buni"", -13.9583], [""du ka"", -13.9696], [""duma"", -13.974], [""mardu"", -16.0852], [""hindu"", -16.0852], [""rapdu"", -16.0852]]"
iΘwaea	dudu	-14.3964	"[[""dudu"", -14.3964], [""ɡuɡu"", -14.3964], [""bau"", -16.0742], [""du ka"", -16.3935], [""hidu"", -16.7468], [""buni"", -16.7737], [""duma"", -16.7833], [""ukku"", -18.1329], [""rapdu"", -18.8815], [""hindu"", -18.8815]]"
iΘwaead	ɡuɡu	-16.928	"[[""ɡuɡu"", -16.928], [""dudu"", -16.928], [""bau"", -19.0375], [""du ka"", -19.0594], [""buni"", -19.7191], [""duma"", -19.7256], [""hidu"", -19.8468], [""ukku"", -20.5572], [""dumaʃ"", -21.8496], [""dunih"", -21.8496]]"
iΘwaeadi	dudu	-20.4093	"[[""dudu"", -20.4093], [""ɡuɡu"", -20.4093], [""du ka"", -21.878], [""bau"", -22.5365], [""buni"", -22.8603], [""duma"", -22.8659], [""hidu"", -23.3543], [""ukku"", -24.0594], [""duraʃ"", -24.821], [""dumaʃ"", -24.821]]"
iΘwaeadik	du ka	-22.8741	"[[""du ka"", -22.8741], [""duliibbe"", -23.7463], [""ɡuɡu"", -23.8906], [""dudu"", -23.8906], [""buni"", -24.1205], [""duma"", -24.1382], [""qaduukqa"", -24.5042], [""ukkubati"", -24.7129], [""abba"", -25.7029], [""da"", -25.9094]]"
iΘwaeadiki	du ka	-26.3086	"[[""du ka"", -26.3086], [""duliibbe"", -26.6055], [""dudu"", -27.3719], [""ɡuɡu"", -27.3719], [""buni"", -27.5948], [""duma"", -27.6121], [""ukkubati"", -27.801], [""qaduukqa"", -27.999], [""ra-u-ba-sa"", -28.4504], [""abba"", -29.1559]]"
iΘwaj	ɡuɡu	-13.0475	"[[""ɡuɡu"", -13.0475], [""dudu"", -13.0475], [""bau"", -13.4939], [""hidu"", -13.9342], [""buni"", -13.9583], [""du ka"", -13.9696], [""duma"", -13.974], [""mardu"", -16.0852], [""hindu"", -16.0852], [""rapdu"", -16.0852]]"
iΘwaja	dudu	-14.3964	"[[""dudu"", -14.3964], [""ɡuɡu"", -14.3964], [""bau"", -16.0742], [""du ka"", -16.3935], [""hidu"", -16.7468], [""buni"", -16.7737], [""duma"", -16.7833], [""ukku"", -18.1329], [""rapdu"", -18.8815], [""hindu"", -18.8815]]"
iΘwajaa	ɡuɡu	-16.928	"[[""ɡuɡu"", -16.928], [""dudu"", -16.928], [""bau"", -19.0375], [""du ka"", -19.0594], [""buni"", -19.7191], [""duma"", -19.7256], [""hidu"", -19.8468], [""ukku"", -20.5572], [""dumaʃ"", -21.8496], [""dunih"", -21.8496]]"
iΘwajaad	dudu	-19.718	"[[""dudu"", -19.718], [""ɡuɡu"", -19.718], [""du ka"", -21.8759], [""bau"", -22.1471], [""buni"", -22.7698], [""duma"", -22.7746], [""hidu"", -23.0643], [""ukku"", -23.2955], [""dumaʃ"", -24.7819], [""duraʃ"", -24.7819]]"
iΘwajaadi	ɡuɡu	-23.2084	"[[""ɡuɡu"", -23.2084], [""dudu"", -23.2084], [""du ka"", -24.8043], [""bau"", -25.649], [""buni"", -25.9574], [""duma"", -25.9616], [""hidu"", -26.5719], [""ukku"", -26.7996], [""duliibbe"", -27.7805], [""dumaʃ"", -27.8206]]"
iΘwajaadik	du ka	-25.8514	"[[""du ka"", -25.8514], [""duliibbe"", -26.6602], [""dudu"", -26.6987], [""ɡuɡu"", -26.6987], [""qaduukqa"", -27.1812], [""buni"", -27.238], [""duma"", -27.2502], [""ukkubati"", -27.4503], [""ʃudaba"", -29.0957], [""bau"", -29.1072]]"
iΘwajaaj	ɡuɡu	-20.4093	"[[""ɡuɡu"", -20.4093], [""dudu"", -20.4093], [""du ka"", -21.878], [""bau"", -22.5406], [""buni"", -22.8606], [""duma"", -22.8659], [""hidu"", -23.3543], [""ukku"", -24.0594], [""dunih"", -24.821], [""duraʃ"", -24.821]]"
iΘwajaaja	dudu	-23.0293	"[[""dudu"", -23.0293], [""ɡuɡu"", -23.0293], [""du ka"", -24.8444], [""bau"", -25.6064], [""buni"", -26.0246], [""duma"", -26.0289], [""hidu"", -26.5701], [""ukku"", -26.5889], [""duraʃ"", -27.8701], [""dunih"", -27.8701]]"
iΘwajaj	ɡuɡu	-17.858	"[[""ɡuɡu"", -17.858], [""dudu"", -17.858], [""du ka"", -19.0636], [""bau"", -19.5739], [""buni"", -19.8665], [""duma"", -19.8741], [""hidu"", -20.254], [""ukku"", -21.6305], [""dumaʃ"", -21.9202], [""dunih"", -21.9202]]"
iΘwajaja	ɡuɡu	-20.1736	"[[""ɡuɡu"", -20.1736], [""dudu"", -20.1736], [""du ka"", -21.9507], [""bau"", -22.4738], [""buni"", -22.9634], [""duma"", -22.9693], [""hidu"", -23.3521], [""ukku"", -23.7708], [""dumaʃ"", -24.9046], [""duraʃ"", -24.9046]]"
iΘwajajaa	ɡuɡu	-22.976	"[[""ɡuɡu"", -22.976], [""dudu"", -22.976], [""du ka"", -24.9295], [""bau"", -25.563], [""buni"", -26.0984], [""duma"", -26.103], [""ukku"", -26.5259], [""hidu"", -26.5685], [""dunih"", -27.9497], [""duraʃ"", -27.9497]]"
iΘwajajad	ɡuɡu	-22.976	"[[""ɡuɡu"", -22.976], [""dudu"", -22.976], [""du ka"", -24.9295], [""bau"", -25.563], [""buni"", -26.0984], [""duma"", -26.103], [""ukku"", -26.5259], [""hidu"", -26.5685], [""dunih"", -27.9497], [""duraʃ"", -27.9497]]"
iΘwajajadi	ɡuɡu	-26.4701	"[[""ɡuɡu"", -26.4701], [""dudu"", -26.4701], [""du ka"", -27.9705], [""bau"", -29.0653], [""buni"", -29.3286], [""duma"", -29.3327], [""ukku"", -30.0306], [""hidu"", -30.076], [""duliibbe"", -30.9373], [""duraʃ"", -31.0616]]"
iΘwajajai	ɡuɡu	-23.6607	"[[""ɡuɡu"", -23.6607], [""dudu"", -23.6607], [""du ka"", -24.9308], [""bau"", -25.9733], [""buni"", -26.1736], [""duma"", -26.1788], [""hidu"", -26.8595], [""ukku"", -27.2736], [""duliibbe"", -27.9015], [""duraʃ"", -27.9774]]"
iΘwajajain	kidur	-26.8549	"[[""kidur"", -26.8549], [""dudu"", -27.1476], [""ɡuɡu"", -27.1476], [""buni"", -27.4949], [""dunih"", -27.5905], [""duraʃ"", -27.5905], [""du ka"", -27.9997], [""purur"", -29.0716], [""ʃutur"", -29.0955], [""kutun"", -29.0955]]"
iΘwajajaj	dudu	-23.6607	"[[""dudu"", -23.6607], [""ɡuɡu"", -23.6607], [""du ka"", -24.9308], [""bau"", -25.9772], [""buni"", -26.1738], [""duma"", -26.1788], [""hidu"", -26.8595], [""ukku"", -27.2736], [""duraʃ"", -27.9774], [""dumaʃ"", -27.9774]]"
iΘwajajaja	dudu	-26.3273	"[[""dudu"", -26.3273], [""ɡuɡu"", -26.3273], [""du ka"", -27.9989], [""bau"", -29.0263], [""buni"", -29.387], [""duma"", -29.3912], [""ukku"", -29.8641], [""hidu"", -30.074], [""dunih"", -31.0993], [""dumaʃ"", -31.0993]]"
iΘwajajas	duraʃ	-22.9626	"[[""duraʃ"", -22.9626], [""dumaʃ"", -22.9626], [""tuuʃ"", -23.2252], [""dudu"", -23.6607], [""ɡuɡu"", -23.6607], [""du ka"", -24.9308], [""tiut"", -25.9121], [""bau"", -25.9772], [""buni"", -26.1738], [""duma"", -26.1788]]"
iΘwajajasa	ɡuɡu	-26.3273	"[[""ɡuɡu"", -26.3273], [""dudu"", -26.3273], [""dumaʃ"", -26.4676], [""duraʃ"", -26.4676], [""ʃutu"", -26.5144], [""kutu"", -26.521], [""tuuʃ"", -26.727], [""du ka"", -27.9989], [""bau"", -29.0263], [""buni"", -29.387]]"
iΘwajas	duraʃ	-16.7775	"[[""duraʃ"", -16.7775], [""dumaʃ"", -16.7775], [""tuuʃ"", -17.4046], [""dudu"", -17.858], [""ɡuɡu"", -17.858], [""du ka"", -19.0636], [""tiut"", -19.5395], [""bau"", -19.5739], [""buni"", -19.8665], [""duma"", -19.8741]]"
iΘwajase	duraʃ	-20.282	"[[""duraʃ"", -20.282], [""dumaʃ"", -20.282], [""tuuʃ"", -20.9116], [""ɡuɡu"", -21.3203], [""dudu"", -21.3203], [""du ka"", -21.953], [""tiut"", -23.0458], [""bau"", -23.0735], [""buni"", -23.0748], [""duma"", -23.0813]]"
iΘwajasek	du ka	-22.99	"[[""du ka"", -22.99], [""dumaʃ"", -23.7711], [""duraʃ"", -23.7711], [""duʃarama"", -24.0152], [""kuʃi"", -24.2786], [""husa"", -24.2786], [""huta"", -24.2786], [""buni"", -24.3419], [""duma"", -24.3576], [""tuuʃ"", -24.4185]]"
iΘwajaseka	du ka	-26.4337	"[[""du ka"", -26.4337], [""bau"", -26.5618], [""dudu"", -26.8091], [""ɡuɡu"", -26.8091], [""duʃarama"", -27.0045], [""ʃutu"", -27.0716], [""kutu"", -27.0954], [""dumaʃ"", -27.2593], [""duraʃ"", -27.2593], [""huta"", -27.783]]"
iΘwajat	du ka	-17.1664	"[[""du ka"", -17.1664], [""dudu"", -17.858], [""ɡuɡu"", -17.858], [""buni"", -17.9719], [""duma"", -18.0003], [""da"", -18.9021], [""qaduukqa"", -19.4371], [""bau"", -19.518], [""hidu"", -20.2532], [""bera"", -20.365]]"
iΘwajatu	du ka	-20.5537	"[[""du ka"", -20.5537], [""ɡuɡu"", -21.3203], [""dudu"", -21.3203], [""buni"", -21.4288], [""duma"", -21.4559], [""da"", -22.4066], [""qaduukqa"", -22.923], [""bau"", -22.9654], [""bali"", -23.74], [""bela"", -23.74]]"
iΘwajatur	du ka	-23.9191	"[[""du ka"", -23.9191], [""duma"", -24.5203], [""ɡuɡu"", -24.7835], [""dudu"", -24.7835], [""buni"", -24.8868], [""dumaʃ"", -25.4131], [""da"", -25.9111], [""qaduukqa"", -26.4022], [""bau"", -26.4161], [""am"", -26.9989]]"
iΘwajaturu	du ka	-27.2718	"[[""du ka"", -27.2718], [""duma"", -27.7215], [""ɡuɡu"", -28.2474], [""dudu"", -28.2474], [""dumaʃ"", -28.2765], [""buni"", -28.346], [""da"", -29.4157], [""bau"", -29.8698], [""qaduukqa"", -29.8751], [""dunih"", -30.3124]]"
jaa	ukku	-8.3388	"[[""ukku"", -8.3388], [""bau"", -10.0243], [""uri"", -10.0708], [""dudu"", -10.7645], [""tuku"", -10.7645], [""muru"", -10.7645], [""ʃutu"", -10.7645], [""puhu"", -10.7645], [""ruku"", -10.7645], [""ɡuɡu"", -10.7645]]"
jaad	ukku	-10.467	"[[""ukku"", -10.467], [""bau"", -12.8365], [""uri"", -12.8781], [""dudu"", -12.962], [""kutu"", -12.962], [""ɡuɡu"", -12.962], [""puhu"", -12.962], [""ruku"", -12.962], [""tuku"", -12.962], [""muru"", -12.962]]"
jaadi	ukku	-13.9671	"[[""ukku"", -13.9671], [""uri"", -15.9684], [""tuuʃ"", -15.9981], [""bau"", -16.071], [""muru"", -16.4193], [""dudu"", -16.4193], [""kutu"", -16.4193], [""puhu"", -16.4193], [""tuku"", -16.4193], [""ʃutu"", -16.4193]]"
jaadik	ukkubati	-14.623	"[[""ukkubati"", -14.623], [""ʃudaba"", -16.7429], [""teumbe"", -17.1071], [""uri"", -17.2316], [""unra"", -17.3305], [""abba"", -17.378], [""ʃebe"", -17.4178], [""ukku"", -17.4646], [""bera"", -18.174], [""bela"", -18.174]]"
jaadiki	ukkubati	-17.7111	"[[""ukkubati"", -17.7111], [""ʃudaba"", -20.1938], [""abebe"", -20.553], [""abba"", -20.5701], [""teumbe"", -20.6029], [""ra-u-ba-sa"", -20.6345], [""uri"", -20.7022], [""unra"", -20.8271], [""ʃebe"", -20.877], [""ukku"", -20.9595]]"
jaadikit	abebe	-18.6339	"[[""abebe"", -18.6339], [""ukkubati"", -19.0675], [""abba"", -20.6231], [""rabba"", -20.8867], [""tibbe"", -20.8867], [""ʃudaba"", -20.9218], [""ra-u-ba-sa"", -21.2389], [""ʃebe"", -21.746], [""duliibbe"", -22.1944], [""bela"", -22.6297]]"
jaadikite	abebe	-22.1321	"[[""abebe"", -22.1321], [""ukkubati"", -22.4609], [""abba"", -24.1224], [""ra-u-ba-sa"", -24.2919], [""rabba"", -24.3898], [""tibbe"", -24.3898], [""ʃudaba"", -24.4263], [""ʃebe"", -25.2506], [""duliibbe"", -25.6877], [""bela"", -26.024]]"
jaadikites	ukkubati	-24.4801	"[[""ukkubati"", -24.4801], [""ra-u-ba-sa"", -25.2268], [""abebe"", -25.6302], [""uriʃ"", -26.8204], [""tuuʃ"", -27.4274], [""abba"", -27.6216], [""tibbe"", -27.8929], [""rabba"", -27.8929], [""ʃudaba"", -27.9308], [""ʃebe"", -28.755]]"
jaaj	ukku	-11.8292	"[[""ukku"", -11.8292], [""uri"", -13.0552], [""bau"", -13.5273], [""tuuʃ"", -13.7589], [""kutu"", -14.1701], [""muru"", -14.1701], [""ɡuɡu"", -14.1701], [""ruku"", -14.1701], [""puhu"", -14.1701], [""dudu"", -14.1701]]"
jaaja	ukku	-13.5579	"[[""ukku"", -13.5579], [""dudu"", -16.0562], [""tuku"", -16.0562], [""kutu"", -16.0562], [""puhu"", -16.0562], [""ʃutu"", -16.0562], [""ɡuɡu"", -16.0562], [""muru"", -16.0562], [""ruku"", -16.0562], [""uri"", -16.0849]]"
jad	ukku	-8.3388	"[[""ukku"", -8.3388], [""bau"", -10.0243], [""uri"", -10.0708], [""dudu"", -10.7645], [""tuku"", -10.7645], [""muru"", -10.7645], [""ʃutu"", -10.7645], [""puhu"", -10.7645], [""ruku"", -10.7645], [""ɡuɡu"", -10.7645]]"
jadi	ukku	-11.8292	"[[""ukku"", -11.8292], [""bau"", -13.044], [""uri"", -13.0552], [""tuuʃ"", -13.7589], [""ɡuɡu"", -14.1701], [""ruku"", -14.1701], [""dudu"", -14.1701], [""kutu"", -14.1701], [""muru"", -14.1701], [""ʃutu"", -14.1701]]"
jadik	ukkubati	-12.4954	"[[""ukkubati"", -12.4954], [""ʃudaba"", -14.0543], [""abba"", -14.1662], [""ʃebe"", -14.2091], [""uri"", -14.2922], [""unra"", -14.4188], [""teumbe"", -14.4854], [""bela"", -14.6716], [""bera"", -14.6716], [""bali"", -14.6716]]"
jadiki	ukkubati	-15.5832	"[[""ukkubati"", -15.5832], [""abebe"", -17.2911], [""abba"", -17.2951], [""ʃudaba"", -17.4985], [""ʃebe"", -17.6628], [""uri"", -17.7567], [""bela"", -17.7619], [""bali"", -17.7619], [""bera"", -17.7619], [""unra"", -17.9143]]"
jadikit	abebe	-15.3452	"[[""abebe"", -15.3452], [""ukkubati"", -16.9375], [""abba"", -17.3169], [""rabba"", -17.6764], [""tibbe"", -17.6764], [""ʃudaba"", -18.1249], [""ʃebe"", -18.4366], [""bela"", -19.1232], [""bera"", -19.1232], [""bali"", -19.1232]]"
jadikitu	abebe	-18.8419	"[[""abebe"", -18.8419], [""ukkubati"", -20.3303], [""abba"", -20.815], [""rabba"", -21.1793], [""tibbe"", -21.1793], [""ʃudaba"", -21.6294], [""ʃebe"", -21.9411], [""bali"", -22.5174], [""bela"", -22.5174], [""bera"", -22.5174]]"
jadikituj	abebe	-22.3386	"[[""abebe"", -22.3386], [""ukkubati"", -23.7318], [""abba"", -24.3129], [""rabba"", -24.6822], [""tibbe"", -24.6822], [""ʃudaba"", -25.1339], [""ʃebe"", -25.4457], [""ra-u-ba-sa"", -25.6676], [""bali"", -25.9201], [""bela"", -25.9201]]"
jadikituja	bau	-25.5126	"[[""bau"", -25.5126], [""abebe"", -25.835], [""ukkubati"", -27.1408], [""abba"", -27.8108], [""rabba"", -28.1851], [""tibbe"", -28.1851], [""ra-u-ba-sa"", -28.5954], [""ʃudaba"", -28.6384], [""ʃebe"", -28.9503], [""bela"", -29.33]]"
jai	bau	-10.0613	"[[""bau"", -10.0613], [""uri"", -10.4671], [""abba"", -12.3295], [""ukku"", -12.4554], [""buni"", -12.5644], [""ɡuɡu"", -12.679], [""tuku"", -12.679], [""ruku"", -12.679], [""muru"", -12.679], [""ʃutu"", -12.679]]"
jain	eul	-10.4271	"[[""eul"", -10.4271], [""mur"", -10.4271], [""hun"", -10.4271], [""pur"", -10.4271], [""kun"", -10.4271], [""tsul"", -11.1029], [""unra"", -11.1088], [""uri"", -11.1188], [""uriʃ"", -11.1696], [""purur"", -12.4191]]"
jainw	unra	-13.912	"[[""unra"", -13.912], [""pur"", -13.9341], [""mur"", -13.9341], [""eul"", -13.9341], [""hun"", -13.9341], [""kun"", -13.9341], [""uri"", -13.9625], [""uriʃ"", -13.9722], [""tsul"", -14.6098], [""purur"", -15.7169]]"
jainwa	hindu	-13.5194	"[[""hindu"", -13.5194], [""mardu"", -13.5194], [""ɡuɡu"", -14.5396], [""dudu"", -14.5396], [""muru"", -14.6214], [""rapdu"", -14.6649], [""hidu"", -16.7292], [""bau"", -16.9921], [""unra"", -17.0009], [""ruku"", -17.0356]]"
jainwaz	uri	-16.084	"[[""uri"", -16.084], [""mardu"", -17.0257], [""hindu"", -17.0257], [""inɡi"", -17.4938], [""harɡi"", -17.7123], [""unra"", -17.833], [""buni"", -17.8635], [""dudu"", -18.0196], [""ɡuɡu"", -18.0196], [""yadda"", -18.0636]]"
jainwaza	bau	-19.5793	"[[""bau"", -19.5793], [""uri"", -19.5883], [""hindu"", -19.8413], [""mardu"", -19.8413], [""ɡuɡu"", -20.476], [""dudu"", -20.476], [""rapdu"", -20.8661], [""muru"", -20.9417], [""inɡi"", -20.9982], [""harɡi"", -21.2168]]"
jainwazaΦ	rum	-22.127	"[[""rum"", -22.127], [""bau"", -23.0854], [""uri"", -23.0925], [""dabarrium"", -23.2329], [""mardu"", -23.3485], [""hindu"", -23.3485], [""lim"", -23.4987], [""ɡuɡu"", -23.965], [""dudu"", -23.965], [""rapdu"", -24.3721]]"
jainwazaΦn	purur	-24.4447	"[[""purur"", -24.4447], [""rum"", -25.6323], [""hunir"", -25.8116], [""nan"", -25.9098], [""rikur"", -25.9473], [""kidur"", -26.5458], [""ruelpa"", -26.5489], [""eul"", -26.5629], [""uri"", -26.5865], [""bau"", -26.5916]]"
jaj	uri	-10.4671	"[[""uri"", -10.4671], [""bau"", -11.1061], [""ukku"", -12.4554], [""yadda"", -12.6371], [""dudu"", -12.679], [""ʃutu"", -12.679], [""tuku"", -12.679], [""muru"", -12.679], [""ruku"", -12.679], [""kutu"", -12.679]]"
jaja	ukku	-11.145	"[[""ukku"", -11.145], [""bau"", -13.2363], [""uri"", -13.2776], [""ʃutu"", -13.6619], [""tuku"", -13.6619], [""muru"", -13.6619], [""puhu"", -13.6619], [""ɡuɡu"", -13.6619], [""dudu"", -13.6619], [""kutu"", -13.6619]]"
jajaa	ukku	-13.5576	"[[""ukku"", -13.5576], [""ɡuɡu"", -16.0357], [""kutu"", -16.0357], [""tuku"", -16.0357], [""puhu"", -16.0357], [""dudu"", -16.0357], [""ʃutu"", -16.0357], [""muru"", -16.0357], [""ruku"", -16.0357], [""bau"", -16.0472]]"
jajad	ukku	-13.5576	"[[""ukku"", -13.5576], [""ɡuɡu"", -16.0357], [""kutu"", -16.0357], [""tuku"", -16.0357], [""puhu"", -16.0357], [""dudu"", -16.0357], [""ʃutu"", -16.0357], [""muru"", -16.0357], [""ruku"", -16.0357], [""bau"", -16.0472]]"
jajadi	ukku	-17.0598	"[[""ukku"", -17.0598], [""bau"", -19.345], [""uri"", -19.3615], [""tuuʃ"", -19.3627], [""muru"", -19.5032], [""dudu"", -19.5032], [""kutu"", -19.5032], [""puhu"", -19.5032], [""ʃutu"", -19.5032], [""tuku"", -19.5032]]"
jajadik	ukkubati	-17.7134	"[[""ukkubati"", -17.7134], [""ʃudaba"", -19.9662], [""teumbe"", -20.2669], [""ukku"", -20.5602], [""uri"", -20.6338], [""abba"", -20.6524], [""ʃebe"", -20.6902], [""unra"", -20.7219], [""bela"", -21.6753], [""bera"", -21.6753]]"
jajadiki	ukkubati	-20.8015	"[[""ukkubati"", -20.8015], [""ra-u-ba-sa"", -23.1727], [""ʃudaba"", -23.4188], [""teumbe"", -23.7631], [""abebe"", -23.8551], [""abba"", -23.885], [""ukku"", -24.059], [""uri"", -24.1078], [""ʃebe"", -24.1527], [""unra"", -24.219]]"
jajadikit	abebe	-21.9619	"[[""abebe"", -21.9619], [""ukkubati"", -22.1584], [""ra-u-ba-sa"", -23.779], [""abba"", -23.963], [""rabba"", -24.1595], [""tibbe"", -24.1595], [""ʃudaba"", -24.1746], [""ʃebe"", -25.0872], [""duliibbe"", -25.3378], [""teumbe"", -25.8292]]"
jajadikitu	abebe	-25.4611	"[[""abebe"", -25.4611], [""ukkubati"", -25.552], [""ra-u-ba-sa"", -26.8681], [""abba"", -27.4631], [""tibbe"", -27.6627], [""rabba"", -27.6627], [""ʃudaba"", -27.6791], [""ʃebe"", -28.5918], [""duliibbe"", -28.8322], [""teumbe"", -29.3344]]"
jajai	ukku	-14.6425	"[[""ukku"", -14.6425], [""bau"", -16.3596], [""uri"", -16.3689], [""kutu"", -17.1013], [""puhu"", -17.1013], [""dudu"", -17.1013], [""ɡuɡu"", -17.1013], [""muru"", -17.1013], [""ʃutu"", -17.1013], [""tuku"", -17.1013]]"
jajain	eul	-16.3838	"[[""eul"", -16.3838], [""mur"", -16.3838], [""pur"", -16.3838], [""hun"", -16.3838], [""kun"", -16.3838], [""tsul"", -16.7363], [""purur"", -17.0371], [""kutun"", -17.098], [""ʃutur"", -17.098], [""unra"", -17.4003]]"
jajainw	hun	-19.8909	"[[""hun"", -19.8909], [""mur"", -19.8909], [""eul"", -19.8909], [""kun"", -19.8909], [""pur"", -19.8909], [""unra"", -20.2068], [""tsul"", -20.2434], [""uri"", -20.2712], [""uriʃ"", -20.2922], [""purur"", -20.485]]"
jajainwa	hindu	-20.0002	"[[""hindu"", -20.0002], [""mardu"", -20.0002], [""ɡuɡu"", -20.5491], [""dudu"", -20.5491], [""muru"", -20.5776], [""rapdu"", -21.6592], [""unra"", -23.2973], [""hidu"", -23.3124], [""purur"", -23.3172], [""ukku"", -23.3523]]"
jajainwaz	uri	-22.4085	"[[""uri"", -22.4085], [""mardu"", -23.5065], [""hindu"", -23.5065], [""unra"", -24.0013], [""dudu"", -24.0457], [""ɡuɡu"", -24.0457], [""muru"", -24.0838], [""inɡi"", -24.1037], [""yadda"", -24.1511], [""harɡi"", -24.1932]]"
jajainwaza	uri	-25.9129	"[[""uri"", -25.9129], [""hindu"", -26.3222], [""mardu"", -26.3222], [""bau"", -26.5929], [""dudu"", -26.7126], [""ɡuɡu"", -26.7126], [""muru"", -26.8999], [""unra"", -27.4878], [""inɡi"", -27.6082], [""yadda"", -27.6516]]"
jajaj	ukku	-14.6425	"[[""ukku"", -14.6425], [""uri"", -16.3689], [""bau"", -16.7397], [""dudu"", -17.1013], [""tuku"", -17.1013], [""muru"", -17.1013], [""ʃutu"", -17.1013], [""kutu"", -17.1013], [""ruku"", -17.1013], [""ɡuɡu"", -17.1013]]"
jajaja	ukku	-16.7679	"[[""ukku"", -16.7679], [""kutu"", -19.2081], [""ɡuɡu"", -19.2081], [""tuku"", -19.2081], [""puhu"", -19.2081], [""dudu"", -19.2081], [""muru"", -19.2081], [""ʃutu"", -19.2081], [""ruku"", -19.2081], [""bau"", -19.4285]]"
jajajaw	ukku	-20.2707	"[[""ukku"", -20.2707], [""yadda"", -21.9275], [""dudu"", -22.0095], [""ɡuɡu"", -22.0095], [""uri"", -22.6745], [""ruku"", -22.6839], [""kutu"", -22.6839], [""puhu"", -22.6839], [""tuku"", -22.6839], [""muru"", -22.6839]]"
jajajawa	dudu	-19.898	"[[""dudu"", -19.898], [""ɡuɡu"", -19.898], [""ukku"", -22.8563], [""hidu"", -23.3076], [""yadda"", -24.7558], [""hindu"", -24.7938], [""rapdu"", -24.7938], [""mardu"", -24.7938], [""duma"", -25.1531], [""muru"", -25.1835]]"
jajas	tuuʃ	-11.0826	"[[""tuuʃ"", -11.0826], [""tiut"", -13.233], [""uriʃ"", -13.2718], [""ukku"", -14.6425], [""duraʃ"", -15.8091], [""kurat"", -15.8091], [""dumaʃ"", -15.8091], [""kuraʃ"", -15.8091], [""kumaʃ"", -15.8091], [""tit"", -15.8337]]"
jajasa	ʃutu	-13.5569	"[[""ʃutu"", -13.5569], [""kutu"", -13.5764], [""tuuʃ"", -14.5596], [""hasu"", -16.726], [""pitu"", -16.726], [""tiut"", -16.7307], [""ukku"", -16.7679], [""uriʃ"", -16.7759], [""ʃutur"", -16.9412], [""kutun"", -16.9684]]"
jajasas	tuuʃ	-16.1963	"[[""tuuʃ"", -16.1963], [""ʃutu"", -16.782], [""kutu"", -17.0791], [""tiut"", -17.7864], [""ʃutur"", -18.0031], [""ʃutin"", -18.167], [""uriʃ"", -19.0979], [""putmaʃ"", -19.1506], [""utstsun"", -19.1945], [""kutun"", -19.757]]"
jajasasa	ʃutu	-15.3872	"[[""ʃutu"", -15.3872], [""ʃutur"", -18.7708], [""kutu"", -19.2123], [""tuuʃ"", -19.628], [""utstsun"", -19.8821], [""kassu"", -20.2199], [""tuʃʃuip"", -20.2238], [""ʃutin"", -20.9715], [""tiut"", -21.2909], [""tuku"", -21.4438]]"
jajasasar	ʃutu	-18.8934	"[[""ʃutu"", -18.8934], [""ʃutur"", -21.6176], [""maʃuum"", -21.9976], [""kutu"", -22.7191], [""utstsun"", -22.7191], [""tuʃʃuip"", -23.0262], [""tuuʃ"", -23.0647], [""kassu"", -23.7261], [""ʃutin"", -24.0596], [""tsul"", -24.4401]]"
jajasasara	ʃutu	-21.7103	"[[""ʃutu"", -21.7103], [""ʃutur"", -24.4637], [""utstsun"", -25.4676], [""maʃuum"", -25.4929], [""kutu"", -25.6689], [""tuʃʃuip"", -25.7801], [""tuuʃ"", -26.3524], [""kassu"", -26.5437], [""tuku"", -26.9821], [""ʃutin"", -27.2638]]"
jajaw	ukku	-14.6425	"[[""ukku"", -14.6425], [""yadda"", -15.6202], [""dudu"", -15.9834], [""ɡuɡu"", -15.9834], [""uri"", -16.3689], [""bau"", -16.7397], [""ʃutu"", -17.1013], [""tuku"", -17.1013], [""muru"", -17.1013], [""ruku"", -17.1013]]"
jajawa	ɡuɡu	-13.5569	"[[""ɡuɡu"", -13.5569], [""dudu"", -13.5569], [""hidu"", -16.726], [""ukku"", -16.7679], [""duma"", -18.1669], [""yadda"", -18.4419], [""rapdu"", -18.4844], [""hindu"", -18.4844], [""mardu"", -18.4844], [""ʃutu"", -19.2081]]"
jar	rum	-8.0454	"[[""rum"", -8.0454], [""am"", -10.4301], [""uri"", -10.4671], [""ʃam"", -10.8247], [""lim"", -10.8247], [""kam"", -10.8247], [""bau"", -11.1061], [""numi"", -11.3817], [""duma"", -11.3817], [""mur"", -11.3985]]"
jare	rum	-11.5503	"[[""rum"", -11.5503], [""uri"", -13.5548], [""am"", -13.9074], [""numi"", -14.235], [""duma"", -14.235], [""mur"", -14.2445], [""kumaʃ"", -14.3133], [""dumaʃ"", -14.3133], [""lim"", -14.3215], [""kam"", -14.3215]]"
jared	ukku	-14.2331	"[[""ukku"", -14.2331], [""muru"", -14.5637], [""rum"", -15.0489], [""mur"", -15.6161], [""bau"", -16.5101], [""uri"", -16.5482], [""ɡuɡu"", -16.7774], [""ʃutu"", -16.7774], [""ruku"", -16.7774], [""puhu"", -16.7774]]"
jaredi	ukku	-17.733	"[[""ukku"", -17.733], [""muru"", -17.8011], [""mur"", -18.491], [""rum"", -18.5473], [""teumbe"", -19.0862], [""bau"", -19.702], [""uri"", -19.7098], [""tuku"", -20.2306], [""ɡuɡu"", -20.2306], [""ruku"", -20.2306]]"
jaredij	muru	-21.0904	"[[""muru"", -21.0904], [""ukku"", -21.2306], [""mur"", -21.6138], [""teumbe"", -21.9435], [""rum"", -22.0457], [""ukkubati"", -22.9112], [""uri"", -22.9546], [""bau"", -22.9637], [""kutu"", -23.6846], [""ɡuɡu"", -23.6846]]"
jaredija	muru	-22.1759	"[[""muru"", -22.1759], [""ukku"", -23.3547], [""bau"", -24.2934], [""mur"", -24.6396], [""teumbe"", -25.0597], [""buni"", -25.1589], [""rum"", -25.5345], [""ukkubati"", -25.7186], [""ɡuɡu"", -25.7238], [""tuku"", -25.7238]]"
jaret	duma	-12.9245	"[[""duma"", -12.9245], [""numi"", -12.9245], [""uri"", -14.7797], [""siya"", -14.8846], [""unra"", -14.9172], [""rum"", -15.0551], [""mete"", -15.3383], [""amma"", -15.6026], [""ʃami"", -15.6886], [""elma"", -15.6922]]"
jareta	duma	-16.4278	"[[""duma"", -16.4278], [""numi"", -16.4278], [""mardu"", -17.1077], [""ukku"", -17.4378], [""muru"", -17.7714], [""bau"", -17.8564], [""uri"", -18.2204], [""siya"", -18.386], [""unra"", -18.4113], [""rum"", -18.5522]]"
jas	tuuʃ	-7.5486	"[[""tuuʃ"", -7.5486], [""tiut"", -7.6044], [""uriʃ"", -7.6599], [""tit"", -9.3539], [""hiʃ"", -9.7388], [""pat"", -9.7388], [""hit"", -9.7388], [""ʃutu"", -10.3076], [""kutu"", -10.3578], [""duraʃ"", -10.3892]]"
jasa	ʃutu	-7.5839	"[[""ʃutu"", -7.5839], [""kutu"", -7.6401], [""tuuʃ"", -10.3927], [""pitu"", -10.4268], [""hasu"", -10.4268], [""tuku"", -10.4485], [""ʃutur"", -10.9553], [""kutun"", -11.0334], [""tiut"", -11.0758], [""tuk"", -11.0904]]"
jasas	tuuʃ	-10.0027	"[[""tuuʃ"", -10.0027], [""ʃutu"", -10.4395], [""tiut"", -10.9598], [""ʃutur"", -11.1066], [""kutu"", -11.1411], [""ʃutin"", -11.1673], [""uriʃ"", -13.0533], [""utstsun"", -13.1402], [""tit"", -13.1885], [""putmaʃ"", -13.2157]]"
jasasa	ʃutu	-8.3837	"[[""ʃutu"", -8.3837], [""ʃutur"", -11.7737], [""kutu"", -13.0591], [""tuuʃ"", -13.346], [""utstsun"", -13.7982], [""tuʃʃuip"", -13.864], [""kassu"", -13.9198], [""ʃutin"", -13.9681], [""tuku"", -14.443], [""tiut"", -14.4637]]"
jasasar	ʃutu	-11.8898	"[[""ʃutu"", -11.8898], [""ʃutur"", -14.6173], [""maʃuum"", -15.6994], [""kutu"", -16.5657], [""utstsun"", -16.6326], [""tuʃʃuip"", -16.6651], [""tuuʃ"", -16.7121], [""ʃutin"", -17.055], [""kassu"", -17.426], [""tsul"", -17.4312]]"
jasasara	ʃutu	-14.7049	"[[""ʃutu"", -14.7049], [""ʃutur"", -17.4608], [""maʃuum"", -19.1931], [""utstsun"", -19.3589], [""tuʃʃuip"", -19.3691], [""kutu"", -19.4876], [""tuuʃ"", -19.8302], [""tuku"", -19.9727], [""kassu"", -20.2423], [""ʃutin"", -20.2585]]"
jasasaram	ʃutu	-18.212	"[[""ʃutu"", -18.212], [""ʃutur"", -20.5729], [""tuʃʃuip"", -21.0971], [""sukma"", -22.3153], [""utstsun"", -22.4303], [""ʃutin"", -22.6005], [""maʃuum"", -22.6871], [""ʃiutmana"", -22.7881], [""kutu"", -22.9949], [""tuuʃ"", -23.058]]"
jasasarama	ʃutu	-21.312	"[[""ʃutu"", -21.312], [""ʃutur"", -23.6841], [""tuʃʃuip"", -23.9597], [""utstsun"", -25.4463], [""ʃutin"", -25.583], [""sukma"", -25.818], [""ʃiutmana"", -26.0028], [""tuku"", -26.0041], [""kutu"", -26.1348], [""tuuʃ"", -26.1386]]"
jasasarame	ʃutu	-21.7191	"[[""ʃutu"", -21.7191], [""ʃutur"", -23.7977], [""tuʃʃuip"", -23.9983], [""ʃutin"", -25.5832], [""utstsun"", -25.6329], [""sukma"", -25.8182], [""ʃiutmana"", -26.0029], [""maʃuum"", -26.1812], [""tuuʃ"", -26.347], [""kutu"", -26.5022]]"
jasau	ʃutu	-11.0623	"[[""ʃutu"", -11.0623], [""kutu"", -11.1463], [""tuuʃ"", -13.4953], [""tuku"", -13.5517], [""ʃutur"", -13.771], [""kutun"", -13.8754], [""pitu"", -13.933], [""hasu"", -13.933], [""tuk"", -13.9341], [""turi"", -13.9704]]"
jasaun	ʃutur	-11.0593	"[[""ʃutur"", -11.0593], [""kutun"", -11.1434], [""tsul"", -13.2548], [""utstsun"", -13.4337], [""ʃutin"", -13.8757], [""ʃutu"", -14.5407], [""turi"", -14.623], [""ʃalur"", -14.6494], [""kutu"", -14.6525], [""sunki"", -14.6739]]"
jasauna	ʃutur	-14.5642	"[[""ʃutur"", -14.5642], [""kutun"", -14.6497], [""tsul"", -16.7604], [""ʃutu"", -16.8536], [""utstsun"", -16.9364], [""muru"", -17.0723], [""ʃutin"", -17.3787], [""turi"", -17.4524], [""kutu"", -17.4661], [""sunki"", -17.4756]]"
jasaunak	turi	-16.0847	"[[""turi"", -16.0847], [""ʃutur"", -18.069], [""kutun"", -18.156], [""sunki"", -18.6746], [""uri"", -18.905], [""muʃnuik"", -19.3153], [""tsul"", -20.266], [""ʃuntina"", -20.3189], [""ʃutu"", -20.3445], [""utstsun"", -20.439]]"
jasaunaka	turi	-19.589	"[[""turi"", -19.589], [""ʃutur"", -21.5701], [""kutun"", -21.6613], [""muʃnuik"", -22.1293], [""sunki"", -22.1306], [""uri"", -22.4093], [""tranku"", -22.9806], [""ʃutu"", -23.0601], [""muru"", -23.3938], [""tuku"", -23.5051]]"
jasaunakan	ʃutur	-22.9344	"[[""ʃutur"", -22.9344], [""turi"", -23.0828], [""ʃalur"", -23.2932], [""purur"", -23.3905], [""kutun"", -23.7832], [""ʃutin"", -24.4198], [""utstsun"", -24.7381], [""hunir"", -24.765], [""turnah"", -25.0714], [""muʃnuik"", -25.2295]]"
jase	tuuʃ	-11.0478	"[[""tuuʃ"", -11.0478], [""tiut"", -11.1048], [""uriʃ"", -11.1625], [""tit"", -12.5757], [""ʃutu"", -13.1294], [""ʃutur"", -13.1805], [""ʃutin"", -13.1823], [""kutu"", -13.2066], [""kutun"", -13.2244], [""huta"", -13.2273]]"
jasek	kuʃi	-11.8331	"[[""kuʃi"", -11.8331], [""husa"", -11.8331], [""huta"", -11.8331], [""siya"", -12.3423], [""teti"", -13.7331], [""titi"", -13.7331], [""kutina"", -14.1984], [""tiut"", -14.2254], [""tipi"", -14.2578], [""tiri"", -14.2578]]"
jaseka	ʃutu	-14.5389	"[[""ʃutu"", -14.5389], [""kutu"", -14.6505], [""kuʃi"", -15.3373], [""huta"", -15.3373], [""husa"", -15.3373], [""siya"", -15.7982], [""tiut"", -15.8657], [""tuku"", -16.7479], [""titi"", -17.0552], [""teti"", -17.0552]]"
jasekan	ʃutur	-14.5368	"[[""ʃutur"", -14.5368], [""kutun"", -14.6484], [""ʃutin"", -15.2236], [""ʃin"", -15.3962], [""sir"", -15.3962], [""san"", -15.3962], [""ʃalur"", -15.6505], [""utstsun"", -15.8002], [""ʃiltur"", -15.9892], [""eul"", -16.0767]]"
jasekana	ʃutur	-18.0421	"[[""ʃutur"", -18.0421], [""kutun"", -18.1547], [""ʃalur"", -18.6359], [""ʃutin"", -18.7304], [""sir"", -18.9033], [""san"", -18.9033], [""ʃin"", -18.9033], [""utstsun"", -19.3055], [""ʃiltur"", -19.4606], [""eul"", -19.583]]"
jasekanas	tuuʃ	-18.8931	"[[""tuuʃ"", -18.8931], [""tiut"", -18.9004], [""ʃariut"", -19.2763], [""ʃimiut"", -20.9653], [""ʃutur"", -21.4972], [""ʃeriit"", -21.6568], [""kutun"", -21.6605], [""ʃalur"", -21.8019], [""ʃiltur"", -21.9257], [""ʃutin"", -22.1394]]"
jasekanasi	tuuʃ	-22.4003	"[[""tuuʃ"", -22.4003], [""tiut"", -22.4076], [""ʃariut"", -22.7833], [""ʃimiut"", -24.4725], [""ʃiltur"", -24.9227], [""ʃutur"", -24.9535], [""ʃalur"", -25.0552], [""ʃeriit"", -25.1613], [""kutun"", -25.1664], [""ʃutin"", -25.5547]]"
jat	uri	-8.7705	"[[""uri"", -8.7705], [""unra"", -9.0295], [""yadda"", -10.3831], [""aa"", -10.4301], [""da"", -10.6883], [""ki"", -10.6883], [""ni"", -10.6883], [""ari"", -10.7272], [""iɡi"", -10.7272], [""eri"", -10.7272]]"
jata	ukku	-11.145	"[[""ukku"", -11.145], [""bau"", -11.3391], [""uri"", -12.1089], [""eul"", -12.4498], [""unra"", -12.5094], [""yadda"", -13.4784], [""puhu"", -13.6619], [""dudu"", -13.6619], [""ʃutu"", -13.6619], [""ɡuɡu"", -13.6619]]"
jatai	ukku	-14.6425	"[[""ukku"", -14.6425], [""bau"", -14.7778], [""abba"", -15.2835], [""eul"", -15.2984], [""uri"", -15.468], [""unra"", -15.9766], [""yadda"", -16.5797], [""abebe"", -16.9863], [""aa"", -17.0286], [""dudu"", -17.1013]]"
jataiΘ	abba	-18.0905	"[[""abba"", -18.0905], [""ukku"", -18.1366], [""bau"", -18.2191], [""eul"", -18.4119], [""uri"", -18.8429], [""unra"", -19.4325], [""abebe"", -19.6805], [""yadda"", -19.7196], [""ukkubati"", -19.816], [""ibbak"", -19.956]]"
jataiΘu	abba	-21.1812	"[[""abba"", -21.1812], [""ukku"", -21.6273], [""eul"", -21.6373], [""bau"", -21.6628], [""uri"", -22.2304], [""ukkubati"", -22.6339], [""abebe"", -22.6607], [""unra"", -22.8785], [""ibbak"", -22.8896], [""yadda"", -22.901]]"
jataiΘuj	abba	-24.3888	"[[""abba"", -24.3888], [""eul"", -24.9248], [""bau"", -25.1088], [""ukku"", -25.1148], [""uri"", -25.628], [""ukkubati"", -25.6298], [""abebe"", -25.768], [""ibbak"", -25.9628], [""yadda"", -26.117], [""ayak"", -26.3111]]"
jataiΘuja	ukku	-26.692	"[[""ukku"", -26.692], [""bau"", -26.9251], [""abba"", -27.6607], [""eul"", -28.1074], [""buni"", -28.613], [""ukkubati"", -28.723], [""abebe"", -28.9492], [""uri"", -28.9943], [""ruku"", -29.0951], [""kutu"", -29.0951]]"
jatu	uri	-12.1871	"[[""uri"", -12.1871], [""unra"", -12.5161], [""yadda"", -13.4784], [""aa"", -13.708], [""ari"", -13.9464], [""eri"", -13.9464], [""iɡi"", -13.9464], [""ki"", -14.1566], [""da"", -14.1566], [""ni"", -14.1566]]"
jatur	am	-12.9818	"[[""am"", -12.9818], [""rum"", -14.994], [""ʃam"", -15.2451], [""lim"", -15.2451], [""kam"", -15.2451], [""uri"", -15.609], [""unra"", -15.996], [""amma"", -16.3468], [""amni"", -16.413], [""yadda"", -16.5797]]"
jaturu	am	-16.487	"[[""am"", -16.487], [""rum"", -18.4988], [""ʃam"", -18.7497], [""lim"", -18.7497], [""kam"", -18.7497], [""uri"", -19.0354], [""amma"", -19.1644], [""amni"", -19.2307], [""unra"", -19.4697], [""yadda"", -19.7196]]"
jaturus	uriʃ	-19.0299	"[[""uriʃ"", -19.0299], [""am"", -19.9921], [""ipiʃ"", -20.5326], [""kumaʃ"", -20.7906], [""dumaʃ"", -20.7906], [""tit"", -21.0579], [""hiʃ"", -21.0896], [""pat"", -21.0896], [""hit"", -21.0896], [""tuuʃ"", -21.3341]]"
jaturusa	ʃutu	-21.4957	"[[""ʃutu"", -21.4957], [""kutu"", -21.5454], [""pitu"", -21.7787], [""hasu"", -21.7787], [""uriʃ"", -22.5364], [""am"", -23.4972], [""kassu"", -23.4985], [""kipʃu"", -23.7048], [""ukku"", -24.0163], [""ipiʃ"", -24.0386]]"
jaturusai	ʃutu	-24.9772	"[[""ʃutu"", -24.9772], [""kutu"", -25.0515], [""hasu"", -25.285], [""pitu"", -25.285], [""uriʃ"", -26.0426], [""kassu"", -26.9943], [""am"", -27.0024], [""kipʃu"", -27.211], [""tuuʃ"", -27.4314], [""maʃuum"", -27.4656]]"
jaturusaid	ʃutu	-27.4504	"[[""ʃutu"", -27.4504], [""kutu"", -27.8643], [""hasu"", -28.1007], [""pitu"", -28.1007], [""tuku"", -28.5118], [""maʃuum"", -28.7077], [""tuuʃ"", -29.1337], [""muru"", -29.4748], [""uriʃ"", -29.5485], [""kassu"", -29.6622]]"
jaw	yadda	-9.7116	"[[""yadda"", -9.7116], [""dudu"", -10.3076], [""ɡuɡu"", -10.3076], [""da"", -10.4301], [""uri"", -10.4671], [""bau"", -11.1061], [""ukku"", -12.4554], [""duma"", -12.5644], [""hidu"", -12.6561], [""ʃutu"", -12.679]]"
jawa	dudu	-7.5839	"[[""dudu"", -7.5839], [""ɡuɡu"", -7.5839], [""hidu"", -10.4268], [""ukku"", -11.145], [""duma"", -11.1678], [""yadda"", -12.5261], [""rapdu"", -12.5751], [""mardu"", -12.5751], [""hindu"", -12.5751], [""bau"", -13.2363]]"
jawaΦ	dudu	-11.0623	"[[""dudu"", -11.0623], [""ɡuɡu"", -11.0623], [""duma"", -12.1334], [""dumaʃ"", -12.2605], [""hidu"", -13.933], [""du ka"", -13.9593], [""rum"", -13.9812], [""ukku"", -14.6425], [""maʃuum"", -15.2053], [""ahhuum"", -15.2054]]"
kan	eul	-2.0663	"[[""eul"", -2.0663], [""hun"", -6.9509], [""mur"", -6.9509], [""kun"", -6.9509], [""pur"", -6.9509], [""aal"", -7.1904], [""aain"", -7.6031], [""tsul"", -7.6076], [""atin"", -7.6317], [""unra"", -7.6368]]"
kana	eul	-5.5726	"[[""eul"", -5.5726], [""muru"", -7.6401], [""anaku"", -9.0311], [""unra"", -10.4371], [""ruku"", -10.4485], [""kun"", -10.4563], [""pur"", -10.4563], [""mur"", -10.4563], [""hun"", -10.4563], [""uri"", -10.4573]]"
kanas	eul	-9.0789	"[[""eul"", -9.0789], [""uriʃ"", -10.4132], [""tuuʃ"", -11.0826], [""muru"", -11.1463], [""tiut"", -11.6693], [""antsi"", -11.7961], [""irti"", -11.8045], [""elti"", -11.8045], [""ʃariut"", -12.1446], [""anaku"", -12.5285]]"
kanasi	eul	-12.5851	"[[""eul"", -12.5851], [""uriʃ"", -13.9062], [""tuuʃ"", -14.5895], [""antsi"", -14.5993], [""elti"", -14.6482], [""irti"", -14.6482], [""muru"", -14.6525], [""tiut"", -15.1762], [""ʃariut"", -15.6515], [""anaku"", -16.0223]]"
kanasis	antsi	-15.2761	"[[""antsi"", -15.2761], [""eul"", -16.0914], [""uriʃ"", -16.3486], [""tuuʃ"", -17.3472], [""irti"", -17.4852], [""elti"", -17.4852], [""mantsat"", -17.4974], [""tiut"", -17.897], [""muru"", -18.1586], [""kurtsaiʃ"", -18.3876]]"
kanasisi	antsi	-18.1202	"[[""antsi"", -18.1202], [""eul"", -19.5977], [""uriʃ"", -19.8512], [""irti"", -20.5951], [""elti"", -20.5951], [""mantsat"", -20.7226], [""tuuʃ"", -20.8546], [""idpurattu"", -21.3689], [""tiut"", -21.4042], [""kurtsaiʃ"", -21.6146]]"
kanasisir	antsi	-21.2322	"[[""antsi"", -21.2322], [""rum"", -22.8069], [""eul"", -23.104], [""uriʃ"", -23.3537], [""elti"", -23.8191], [""irti"", -23.8191], [""mantsat"", -24.0043], [""tuuʃ"", -24.3618], [""idpurattu"", -24.4888], [""itsa"", -24.7315]]"
ket	aa	-6.251	"[[""aa"", -6.251], [""ayak"", -6.7374], [""siya"", -6.8379], [""ari"", -8.7679], [""eri"", -8.7679], [""iɡi"", -8.7679], [""amni"", -9.0121], [""itsa"", -9.0121], [""amma"", -9.0121], [""ahpi"", -9.0121]]"
keta	ayak	-9.6014	"[[""ayak"", -9.6014], [""aa"", -9.7517], [""siya"", -10.3416], [""bau"", -11.118], [""eul"", -11.7273], [""iɡi"", -12.1848], [""ari"", -12.1848], [""eri"", -12.1848], [""aal"", -12.263], [""aain"", -12.4112]]"
ketan	eul	-8.3876	"[[""eul"", -8.3876], [""aal"", -9.7482], [""aain"", -11.4744], [""atin"", -12.1811], [""ayak"", -12.7197], [""piel"", -13.0219], [""sael"", -13.0219], [""meen"", -13.0219], [""aa"", -13.2525], [""pur"", -13.2727]]"
ketana	eul	-11.8939	"[[""eul"", -11.8939], [""aal"", -13.2552], [""muru"", -13.9618], [""aain"", -14.9762], [""anaku"", -15.3101], [""atin"", -15.6878], [""ayak"", -15.947], [""sael"", -16.5287], [""meen"", -16.5287], [""piel"", -16.5287]]"
ketanai	eul	-15.4001	"[[""eul"", -15.4001], [""aal"", -16.7622], [""muru"", -17.468], [""aain"", -18.4778], [""anaku"", -18.8074], [""atin"", -19.1944], [""ayak"", -19.2354], [""piel"", -20.0355], [""sael"", -20.0355], [""meen"", -20.0355]]"
ketanaiΘ	eul	-18.9064	"[[""eul"", -18.9064], [""aal"", -20.2692], [""muru"", -20.9742], [""aain"", -21.9793], [""anaku"", -22.3013], [""ayak"", -22.5628], [""atin"", -22.7007], [""purur"", -23.2239], [""luluki"", -23.2772], [""ʃalur"", -23.4811]]"
ketanaiΘt	eul	-22.4127	"[[""eul"", -22.4127], [""uri"", -23.0928], [""ari"", -23.0929], [""eri"", -23.0929], [""erini"", -23.7165], [""abebe"", -23.7185], [""aal"", -23.7744], [""abbara"", -24.3022], [""muru"", -24.4804], [""luluki"", -24.4812]]"
ketanaiΘti	eul	-25.9189	"[[""eul"", -25.9189], [""abebe"", -26.1528], [""uri"", -26.5971], [""eri"", -26.5973], [""ari"", -26.5973], [""erini"", -27.1633], [""aal"", -27.2795], [""abba"", -27.6118], [""ra-u-ba-sa"", -27.6342], [""abbara"", -27.7579]]"
kit	abebe	-5.1224	"[[""abebe"", -5.1224], [""abba"", -5.3793], [""ʃebe"", -6.1478], [""aa"", -6.251], [""bera"", -7.6555], [""bali"", -7.6555], [""bela"", -7.6555], [""abbara"", -7.9948], [""bau"", -8.1735], [""buni"", -8.3441]]"
kite	abebe	-8.3346	"[[""abebe"", -8.3346], [""abba"", -8.8333], [""ʃebe"", -9.6519], [""aa"", -9.7517], [""bera"", -10.7484], [""bela"", -10.7484], [""bali"", -10.7484], [""bau"", -11.0383], [""abbara"", -11.1217], [""ibbak"", -11.4449]]"
kites	abebe	-11.6076	"[[""abebe"", -11.6076], [""ipiʃ"", -12.1811], [""abba"", -12.2886], [""teiʃ"", -13.0212], [""ʃebe"", -13.1553], [""aa"", -13.2525], [""tit"", -13.877], [""pat"", -13.9038], [""hiʃ"", -13.9038], [""hit"", -13.9038]]"
kitesi	abebe	-13.0961	"[[""abebe"", -13.0961], [""abba"", -14.8316], [""ibbak"", -15.2794], [""ipiʃ"", -15.6878], [""teiʃ"", -16.5267], [""ʃebe"", -16.6313], [""aa"", -16.7533], [""abbara"", -17.1506], [""bali"", -17.2238], [""bela"", -17.2238]]"
kitesir	abebe	-15.9791	"[[""abebe"", -15.9791], [""abba"", -17.8569], [""ibbak"", -18.1105], [""ipiʃ"", -19.1944], [""am"", -19.3028], [""abbara"", -20.0294], [""teiʃ"", -20.0315], [""ʃebe"", -20.1076], [""aa"", -20.2541], [""itsa"", -20.4045]]"
kitesira	abebe	-19.105	"[[""abebe"", -19.105], [""bau"", -19.5747], [""abba"", -21.0401], [""ibbak"", -21.2079], [""pitu"", -21.6034], [""hasu"", -21.6034], [""ipiʃ"", -22.7007], [""am"", -22.8081], [""abbara"", -23.0237], [""ʃutu"", -23.0755]]"
kitet	abebe	-9.979	"[[""abebe"", -9.979], [""abba"", -11.3386], [""aa"", -12.1763], [""bali"", -12.187], [""bela"", -12.187], [""bera"", -12.187], [""ʃebe"", -12.4666], [""siya"", -12.4949], [""abbara"", -12.5637], [""ayak"", -13.0529]]"
kitete	abebe	-13.4088	"[[""abebe"", -13.4088], [""abba"", -14.8264], [""bali"", -15.6108], [""bera"", -15.6108], [""bela"", -15.6108], [""aa"", -15.6807], [""ayak"", -15.8449], [""abbara"", -15.9642], [""ʃebe"", -15.9725], [""siya"", -15.9912]]"
kiteter	abebe	-16.8422	"[[""abebe"", -16.8422], [""abba"", -18.314], [""am"", -18.9045], [""ayak"", -18.9375], [""bera"", -19.0389], [""bela"", -19.0389], [""bali"", -19.0389], [""aa"", -19.1852], [""abbara"", -19.3705], [""ʃebe"", -19.4783]]"
kitetere	abebe	-20.2788	"[[""abebe"", -20.2788], [""abba"", -21.8015], [""ayak"", -22.1166], [""am"", -22.4098], [""bali"", -22.4708], [""bera"", -22.4708], [""bela"", -22.4708], [""aa"", -22.6896], [""abbara"", -22.7819], [""siya"", -22.9766]]"
kiteterep	ayak	-20.2518	"[[""ayak"", -20.2518], [""ibbak"", -21.7958], [""bakkah"", -22.916], [""aapih"", -23.5224], [""abebe"", -23.7183], [""abba"", -25.2888], [""kiik"", -25.5317], [""teip"", -25.5319], [""bela"", -25.9062], [""bali"", -25.9062]]"
kitu	abebe	-8.3346	"[[""abebe"", -8.3346], [""abba"", -8.8333], [""ʃebe"", -9.6519], [""aa"", -9.7517], [""bera"", -10.7484], [""bela"", -10.7484], [""bali"", -10.7484], [""bau"", -11.0383], [""abbara"", -11.1217], [""ibbak"", -11.4449]]"
kituj	abebe	-11.6076	"[[""abebe"", -11.6076], [""abba"", -12.2886], [""ʃebe"", -13.156], [""aa"", -13.2525], [""bera"", -13.9552], [""bali"", -13.9552], [""bela"", -13.9552], [""bau"", -14.157], [""abbara"", -14.3338], [""ibbak"", -14.5264]]"
kituja	bau	-12.5772	"[[""bau"", -12.5772], [""abebe"", -14.9197], [""abba"", -15.7451], [""ʃebe"", -16.6601], [""aa"", -16.7533], [""bela"", -17.2251], [""bali"", -17.2251], [""bera"", -17.2251], [""abbara"", -17.5968], [""ibbak"", -17.7158]]"
kitujas	bau	-16.0834	"[[""bau"", -16.0834], [""tiut"", -18.0666], [""abebe"", -18.259], [""ipiʃ"", -19.0278], [""abba"", -19.2028], [""ʃimiut"", -19.371], [""ʃariut"", -19.371], [""tuuʃ"", -19.9625], [""teiʃ"", -20.0052], [""ʃebe"", -20.1634]]"
mai	abba	-8.2887	"[[""abba"", -8.2887], [""eul"", -8.3035], [""bau"", -8.7692], [""ibbak"", -10.3863], [""abebe"", -10.4255], [""aa"", -10.4301], [""uri"", -10.4601], [""am"", -10.6883], [""aal"", -10.709], [""eri"", -10.7272]]"
main	eul	-5.5715	"[[""eul"", -5.5715], [""aal"", -10.3999], [""mur"", -10.4271], [""hun"", -10.4271], [""kun"", -10.4271], [""pur"", -10.4271], [""aain"", -10.693], [""atin"", -10.7211], [""abba"", -11.0919], [""tsul"", -11.1029]]"
maina	eul	-9.0778	"[[""eul"", -9.0778], [""muru"", -11.1162], [""anaku"", -12.528], [""bau"", -13.6746], [""aal"", -13.8999], [""unra"", -13.9112], [""pur"", -13.9321], [""kun"", -13.9321], [""mur"", -13.9321], [""hun"", -13.9321]]"
mainaj	eul	-12.584	"[[""eul"", -12.584], [""muru"", -14.6224], [""anaku"", -16.0253], [""unra"", -16.9998], [""ruku"", -17.0466], [""uri"", -17.055], [""uriʃ"", -17.059], [""bau"", -17.1591], [""purur"", -17.2597], [""buni"", -17.3077]]"
mainaja	eul	-16.0894	"[[""eul"", -16.0894], [""muru"", -17.4361], [""ruku"", -17.9962], [""anaku"", -18.1444], [""bau"", -19.7332], [""luluki"", -19.9238], [""ukku"", -20.04], [""purur"", -20.1453], [""buni"", -20.1727], [""unra"", -20.2055]]"
mainajar	rum	-18.6207	"[[""rum"", -18.6207], [""ahhuum"", -19.5099], [""eul"", -19.5948], [""muru"", -20.9431], [""ruku"", -21.4534], [""anaku"", -21.6481], [""dabarrium"", -21.7292], [""numi"", -21.8836], [""erientum"", -21.8995], [""maʃuum"", -22.5288]]"
mainajare	rum	-22.1261	"[[""rum"", -22.1261], [""ahhuum"", -23.015], [""eul"", -23.1002], [""muru"", -24.4501], [""numi"", -24.7741], [""ruku"", -24.9117], [""anaku"", -25.1508], [""dabarrium"", -25.2344], [""erientum"", -25.4045], [""maʃuum"", -26.0339]]"
mainajaret	numi	-23.5001	"[[""numi"", -23.5001], [""elma"", -24.8689], [""rum"", -25.6315], [""ahhuum"", -26.5202], [""uri"", -26.5878], [""eul"", -26.6055], [""abbara"", -27.1191], [""eri"", -27.2802], [""ari"", -27.2802], [""luluki"", -27.3557]]"
man	eul	-2.0663	"[[""eul"", -2.0663], [""hun"", -6.9509], [""mur"", -6.9509], [""kun"", -6.9509], [""pur"", -6.9509], [""aal"", -7.1904], [""aain"", -7.6031], [""tsul"", -7.6076], [""atin"", -7.6317], [""unra"", -7.6368]]"
mana	eul	-5.5726	"[[""eul"", -5.5726], [""muru"", -7.6401], [""anaku"", -9.0311], [""unra"", -10.4371], [""ruku"", -10.4485], [""kun"", -10.4563], [""pur"", -10.4563], [""mur"", -10.4563], [""hun"", -10.4563], [""uri"", -10.4573]]"
manad	eul	-9.078	"[[""eul"", -9.078], [""muru"", -10.4547], [""anaku"", -11.4374], [""ruku"", -11.5804], [""luluki"", -13.3055], [""purur"", -13.4524], [""unra"", -13.5241], [""uri"", -13.5498], [""uriʃ"", -13.5551], [""ukku"", -13.5576]]"
manada	eul	-12.5825	"[[""eul"", -12.5825], [""muru"", -13.5555], [""ruku"", -13.8512], [""anaku"", -14.2448], [""luluki"", -15.9269], [""ukku"", -16.2908], [""purur"", -16.3081], [""numi"", -16.3815], [""rum"", -16.3941], [""luk"", -16.3941]]"
manadaw	eul	-16.087	"[[""eul"", -16.087], [""muru"", -17.0629], [""ruku"", -17.3189], [""anaku"", -17.7499], [""inɡi"", -18.7584], [""luluki"", -18.9551], [""purur"", -19.4244], [""numi"", -19.4719], [""luk"", -19.5034], [""rum"", -19.5034]]"
manadawa	hindu	-19.3652	"[[""hindu"", -19.3652], [""mardu"", -19.3652], [""ɡuɡu"", -19.5621], [""dudu"", -19.5621], [""eul"", -19.5906], [""ruku"", -19.7514], [""rapdu"", -20.2467], [""muru"", -20.2788], [""anaku"", -20.6368], [""inɡi"", -21.6301]]"
manadawai	mardu	-22.8715	"[[""mardu"", -22.8715], [""hindu"", -22.8715], [""ɡuɡu"", -23.0647], [""dudu"", -23.0647], [""eul"", -23.0942], [""ruku"", -23.241], [""rapdu"", -23.753], [""muru"", -23.7863], [""anaku"", -24.1427], [""inɡi"", -24.7521]]"
manadawaij	mardu	-26.3778	"[[""mardu"", -26.3778], [""hindu"", -26.3778], [""dudu"", -26.5673], [""ɡuɡu"", -26.5673], [""eul"", -26.5978], [""ruku"", -26.7305], [""rapdu"", -27.2592], [""muru"", -27.2938], [""anaku"", -27.6482], [""inɡi"", -27.9821]]"
mas	tiut	-5.4577	"[[""tiut"", -5.4577], [""tuuʃ"", -7.5486], [""ipiʃ"", -7.6317], [""uriʃ"", -7.6457], [""tit"", -8.074], [""pat"", -8.1671], [""hiʃ"", -8.1671], [""hit"", -8.1671], [""atti"", -8.2887], [""iʃti"", -8.2887]]"
masi	tiut	-8.9641	"[[""tiut"", -8.9641], [""tuuʃ"", -11.0478], [""itsa"", -11.0919], [""atti"", -11.0919], [""atta"", -11.0919], [""iʃti"", -11.0919], [""ipiʃ"", -11.1362], [""uriʃ"", -11.1484], [""atin"", -11.1535], [""eul"", -11.4146]]"
masir	tiut	-12.4701	"[[""tiut"", -12.4701], [""am"", -12.9766], [""ʃam"", -14.147], [""iʃti"", -14.1813], [""atti"", -14.1813], [""itsa"", -14.1813], [""atta"", -14.1813], [""atin"", -14.242], [""tuuʃ"", -14.5438], [""abba"", -14.563]]"
masiru	tiut	-15.9757	"[[""tiut"", -15.9757], [""am"", -16.4818], [""itsa"", -17.3881], [""iʃti"", -17.3881], [""atta"", -17.3881], [""atti"", -17.3881], [""atin"", -17.448], [""ʃam"", -17.6176], [""abba"", -17.6536], [""putmaʃ"", -17.806]]"
masirut	ʃiutmana	-17.2901	"[[""ʃiutmana"", -17.2901], [""abebe"", -18.2707], [""abba"", -18.3363], [""iʃti"", -18.337], [""itsa"", -18.337], [""atti"", -18.337], [""atta"", -18.337], [""ʃebe"", -18.4988], [""tibbe"", -18.7051], [""kuʃi"", -18.8398]]"
masirute	ʃiutmana	-20.5048	"[[""ʃiutmana"", -20.5048], [""abebe"", -21.6417], [""abba"", -21.8232], [""atti"", -21.824], [""iʃti"", -21.824], [""atta"", -21.824], [""itsa"", -21.824], [""ʃebe"", -21.9823], [""tibbe"", -22.2021], [""husa"", -22.3442]]"
mat	aa	-6.251	"[[""aa"", -6.251], [""eul"", -8.276], [""ari"", -8.7679], [""eri"", -8.7679], [""iɡi"", -8.7679], [""uri"", -8.7692], [""bau"", -8.9606], [""elpi"", -9.0121], [""anka"", -9.0121], [""irti"", -9.0121]]"
mate	aa	-9.7517	"[[""aa"", -9.7517], [""eul"", -11.3772], [""ayak"", -11.8184], [""ari"", -12.1848], [""iɡi"", -12.1848], [""eri"", -12.1848], [""uri"", -12.1859], [""aal"", -12.263], [""aain"", -12.4112], [""bau"", -12.4607]]"
mei	abba	-8.2887	"[[""abba"", -8.2887], [""ayak"", -8.3402], [""ibbak"", -10.3863], [""abebe"", -10.4255], [""aa"", -10.4301], [""bau"", -10.4601], [""am"", -10.6883], [""aal"", -10.709], [""iɡi"", -10.7272], [""ari"", -10.7272]]"
meij	abba	-11.0919	"[[""abba"", -11.0919], [""ayak"", -11.1482], [""ibbak"", -12.9963], [""abebe"", -13.0345], [""bau"", -13.2706], [""aa"", -13.7081], [""am"", -13.9074], [""aal"", -13.9127], [""eri"", -13.9328], [""iɡi"", -13.9328]]"
meija	bau	-13.7786	"[[""bau"", -13.7786], [""abba"", -14.1813], [""ayak"", -14.2385], [""buni"", -14.6696], [""eul"", -15.8102], [""ibbak"", -15.9221], [""abebe"", -15.9593], [""anaku"", -16.4693], [""abbara"", -16.8566], [""aa"", -17.0286]]"
meijas	tiut	-15.6713	"[[""tiut"", -15.6713], [""tuuʃ"", -16.6889], [""ipiʃ"", -17.1947], [""bau"", -17.2606], [""abba"", -17.3881], [""ayak"", -17.4455], [""buni"", -17.474], [""ʃimiut"", -17.8393], [""ʃariut"", -17.8393], [""uriʃ"", -18.1224]]"
meijasa	ʃutu	-17.2231	"[[""ʃutu"", -17.2231], [""kutu"", -17.2459], [""pitu"", -19.0905], [""hasu"", -19.0905], [""tiut"", -19.1746], [""bau"", -19.7718], [""tuuʃ"", -19.9752], [""buni"", -20.286], [""ʃutur"", -20.607], [""kutun"", -20.6389]]"
meijasas	tuuʃ	-20.0936	"[[""tuuʃ"", -20.0936], [""ʃutu"", -20.407], [""kutu"", -20.748], [""tiut"", -20.8822], [""ʃutur"", -21.536], [""ʃutin"", -21.6775], [""atta"", -22.2736], [""itsa"", -22.2736], [""iʃti"", -22.2736], [""atti"", -22.2736]]"
meijasasa	ʃutu	-18.8969	"[[""ʃutu"", -18.8969], [""idpurattu"", -22.2353], [""ʃutur"", -22.282], [""kassu"", -22.5858], [""kutu"", -22.795], [""tuuʃ"", -23.4911], [""tuʃʃuip"", -23.8474], [""utstsun"", -24.3017], [""tiut"", -24.3876], [""ʃutin"", -24.4813]]"
meijasau	ʃutu	-20.7178	"[[""ʃutu"", -20.7178], [""kutu"", -20.7522], [""pitu"", -22.5968], [""hasu"", -22.5968], [""tiut"", -22.6775], [""bau"", -23.2699], [""tuuʃ"", -23.297], [""buni"", -23.3778], [""ʃutur"", -23.4381], [""kutun"", -23.4811]]"
meijasaun	ʃutur	-20.7148	"[[""ʃutur"", -20.7148], [""kutun"", -20.7492], [""eul"", -22.4019], [""tsul"", -23.2234], [""utstsun"", -23.7991], [""ʃutu"", -24.2123], [""kutu"", -24.2584], [""ʃutin"", -24.272], [""ʃiltur"", -24.3092], [""buni"", -24.4236]]"
meijasauna	ʃutur	-24.2205	"[[""ʃutur"", -24.2205], [""kutun"", -24.2555], [""eul"", -25.9087], [""tsul"", -26.7294], [""ʃutu"", -26.7821], [""muru"", -26.9121], [""kutu"", -27.073], [""buni"", -27.2746], [""utstsun"", -27.3023], [""muʃnuik"", -27.7213]]"
meit	abebe	-8.3335	"[[""abebe"", -8.3335], [""abba"", -8.4966], [""ʃebe"", -9.5454], [""aa"", -9.7517], [""ayak"", -10.144], [""siya"", -10.3391], [""abbara"", -11.1538], [""bela"", -11.1558], [""bali"", -11.1558], [""bera"", -11.1558]]"
meiti	abebe	-9.6203	"[[""abebe"", -9.6203], [""abba"", -11.2058], [""ibbak"", -11.7987], [""ʃebe"", -13.0341], [""ayak"", -13.0525], [""aa"", -13.2525], [""abbara"", -13.7561], [""siya"", -13.8425], [""bali"", -14.2487], [""bela"", -14.2487]]"
meu	ayak	-8.3402	"[[""ayak"", -8.3402], [""aa"", -10.4301], [""am"", -10.6883], [""aal"", -10.709], [""ari"", -10.7272], [""iɡi"", -10.7272], [""eri"", -10.7272], [""eul"", -10.7364], [""da"", -11.5775], [""ki"", -11.5775]]"
meun	aal	-10.3999	"[[""aal"", -10.3999], [""eul"", -10.6503], [""aain"", -10.693], [""atin"", -10.7211], [""ayak"", -11.4275], [""nan"", -11.4887], [""ʃin"", -11.5731], [""par"", -11.5731], [""sir"", -11.5731], [""san"", -11.5731]]"
meuna	anaku	-12.5298	"[[""anaku"", -12.5298], [""muru"", -13.5198], [""aal"", -13.8999], [""ruku"", -13.9842], [""eul"", -14.0148], [""aain"", -14.1978], [""atin"", -14.2262], [""luk"", -14.602], [""rum"", -14.602], [""eri"", -14.6318]]"
meunak	eri	-13.2662	"[[""eri"", -13.2662], [""ari"", -13.2662], [""erini"", -14.9258], [""ni"", -15.4012], [""amni"", -15.523], [""anaku"", -15.6335], [""numi"", -15.7855], [""inɡi"", -15.8544], [""elti"", -15.8544], [""elma"", -15.8544]]"
meunaka	ari	-16.7706	"[[""ari"", -16.7706], [""eri"", -16.7706], [""anaku"", -16.9847], [""ruku"", -18.0023], [""erini"", -18.2756], [""ni"", -18.9056], [""amni"", -19.0271], [""numi"", -19.1234], [""anka"", -19.3104], [""irpi"", -19.3104]]"
meunakan	eul	-18.4968	"[[""eul"", -18.4968], [""ʃalur"", -18.5787], [""nan"", -18.9011], [""rikur"", -19.1122], [""annain"", -19.2649], [""innain"", -19.2649], [""ruelpa"", -19.553], [""purur"", -19.8112], [""erini"", -20.0507], [""aal"", -20.2355]]"
meunakana	luluki	-21.6837	"[[""luluki"", -21.6837], [""eul"", -22.0034], [""ʃalur"", -22.0828], [""ruelpa"", -22.3566], [""nan"", -22.4081], [""rikur"", -22.6171], [""anaku"", -22.7575], [""annain"", -22.7645], [""innain"", -22.7645], [""erini"", -22.9575]]"
meunakanas	ʃariut	-23.446	"[[""ʃariut"", -23.446], [""luluki"", -24.4865], [""ruelpa"", -25.4453], [""eul"", -25.51], [""ʃalur"", -25.5868], [""erientum"", -25.6637], [""nan"", -25.9151], [""nahunte"", -26.0331], [""erini"", -26.0923], [""rikur"", -26.122]]"
meunar	rum	-12.3019	"[[""rum"", -12.3019], [""numi"", -15.6427], [""anaku"", -16.0271], [""elma"", -16.245], [""am"", -16.4783], [""erientum"", -16.7078], [""muru"", -17.0243], [""ruku"", -17.0784], [""ahhuum"", -17.3656], [""eul"", -17.3971]]"
meunaru	rum	-15.8072	"[[""rum"", -15.8072], [""numi"", -18.4963], [""elma"", -19.1352], [""anaku"", -19.521], [""am"", -19.9835], [""erientum"", -20.2117], [""ruku"", -20.2867], [""muru"", -20.5283], [""luk"", -20.5557], [""eul"", -20.7933]]"
meunaruk	numi	-17.1815	"[[""numi"", -17.1815], [""elma"", -17.8608], [""rum"", -19.3125], [""ari"", -20.2732], [""eri"", -20.2732], [""tarmi"", -21.049], [""tarma"", -21.049], [""erini"", -21.6339], [""elti"", -22.2178], [""anka"", -22.2178]]"
meunaruka	numi	-20.6854	"[[""numi"", -20.6854], [""elma"", -21.3651], [""rum"", -22.8151], [""eri"", -23.7776], [""ari"", -23.7776], [""anaku"", -23.8425], [""ruku"", -24.3731], [""tarma"", -24.5533], [""tarmi"", -24.5533], [""erini"", -25.0214]]"
meunarukan	numi	-24.1894	"[[""numi"", -24.1894], [""elma"", -24.8687], [""eul"", -25.5087], [""ʃalur"", -25.5894], [""innain"", -25.6102], [""annain"", -25.6102], [""nan"", -25.9081], [""rikur"", -25.9699], [""mur"", -26.3005], [""rum"", -26.3176]]"
nad	ruku	-4.5738	"[[""ruku"", -4.5738], [""rum"", -6.547], [""luk"", -6.547], [""numi"", -6.5624], [""luluki"", -7.9534], [""ukku"", -8.3388], [""rapdu"", -9.0531], [""nan"", -9.3539], [""nap"", -9.3632], [""lim"", -9.3632]]"
nada	ruku	-6.8407	"[[""ruku"", -6.8407], [""numi"", -9.3687], [""luk"", -9.3812], [""rum"", -9.3812], [""luluki"", -10.0316], [""ukku"", -10.467], [""rapdu"", -11.6564], [""ruelpa"", -12.2825], [""rikur"", -12.3098], [""muru"", -12.5463]]"
nadad	ruku	-9.4858	"[[""ruku"", -9.4858], [""numi"", -12.3569], [""rum"", -12.3881], [""luk"", -12.3881], [""luluki"", -12.5054], [""ukku"", -13.0562], [""rapdu"", -14.4752], [""ruelpa"", -15.0785], [""rikur"", -15.1323], [""muru"", -15.2866]]"
nadada	ruku	-12.3285	"[[""ruku"", -12.3285], [""luluki"", -15.1973], [""numi"", -15.4503], [""rum"", -15.4965], [""luk"", -15.4965], [""ukku"", -15.8663], [""rapdu"", -17.4245], [""ruelpa"", -18.0079], [""rikur"", -18.0825], [""muru"", -18.1361]]"
nadadau	ruku	-15.8213	"[[""ruku"", -15.8213], [""luluki"", -18.2461], [""numi"", -18.659], [""rum"", -18.7197], [""luk"", -18.7197], [""ukku"", -19.3709], [""rapdu"", -20.9249], [""ruelpa"", -21.0431], [""rikur"", -21.2328], [""tuuʃ"", -21.4111]]"
nadadaut	ruku	-19.314	"[[""ruku"", -19.314], [""luluki"", -19.4871], [""numi"", -19.9566], [""ruelpa"", -21.7062], [""luk"", -22.0063], [""rum"", -22.0063], [""ni"", -22.3988], [""nahunte"", -22.5551], [""ra-u-ba-sa"", -22.7746], [""ukku"", -22.8746]]"
nadadauti	ruku	-22.8065	"[[""ruku"", -22.8065], [""luluki"", -22.9545], [""numi"", -23.4352], [""ruelpa"", -25.0456], [""ra-u-ba-sa"", -25.2909], [""rum"", -25.3331], [""luk"", -25.3331], [""rabba"", -25.7637], [""ni"", -25.9034], [""nahunte"", -26.0518]]"
nadadautin	ruelpa	-24.9361	"[[""ruelpa"", -24.9361], [""libair"", -25.7995], [""rikur"", -25.8985], [""nan"", -25.8994], [""ruku"", -26.2988], [""luluki"", -26.3926], [""numi"", -26.914], [""huel"", -27.1012], [""napir"", -27.1103], [""ra-u-ba-sa"", -27.7645]]"
nadaw	ruku	-10.3083	"[[""ruku"", -10.3083], [""numi"", -12.4587], [""luk"", -12.4902], [""rum"", -12.4902], [""luluki"", -12.9431], [""ukku"", -13.9671], [""rapdu"", -14.8142], [""ruelpa"", -15.1264], [""rikur"", -15.3485], [""ɡuɡu"", -15.4913]]"
nadawa	ruku	-12.7391	"[[""ruku"", -12.7391], [""dudu"", -13.1717], [""ɡuɡu"", -13.1717], [""rapdu"", -13.2472], [""numi"", -15.5893], [""luluki"", -15.6196], [""rum"", -15.6359], [""luk"", -15.6359], [""ukku"", -16.2911], [""hidu"", -16.7244]]"
nadawai	ruku	-16.2287	"[[""ruku"", -16.2287], [""dudu"", -16.6712], [""ɡuɡu"", -16.6712], [""rapdu"", -16.7535], [""luluki"", -18.6626], [""numi"", -18.8172], [""rum"", -18.8784], [""luk"", -18.8784], [""ukku"", -19.7946], [""hidu"", -20.2306]]"
nadawaij	ruku	-19.7181	"[[""ruku"", -19.7181], [""ɡuɡu"", -20.1706], [""dudu"", -20.1706], [""rapdu"", -20.2597], [""luluki"", -21.8417], [""numi"", -22.1014], [""rum"", -22.1768], [""luk"", -22.1768], [""ra-u-ba-sa"", -22.7688], [""ukku"", -23.297]]"
nadawaija	ruku	-22.3297	"[[""ruku"", -22.3297], [""dudu"", -22.8357], [""ɡuɡu"", -22.8357], [""rapdu"", -23.075], [""luluki"", -24.8412], [""ra-u-ba-sa"", -25.2826], [""numi"", -25.386], [""luk"", -25.4731], [""rum"", -25.4731], [""ukku"", -25.8283]]"
nai	ruku	-6.5624	"[[""ruku"", -6.5624], [""rum"", -6.9233], [""luk"", -6.9233], [""numi"", -6.9598], [""rabba"", -9.0354], [""nan"", -9.3539], [""nap"", -9.3632], [""lim"", -9.3632], [""ni"", -9.3933], [""luluki"", -9.486]]"
naid	ruku	-7.4816	"[[""ruku"", -7.4816], [""rum"", -9.7664], [""luk"", -9.7664], [""numi"", -9.769], [""luluki"", -10.8281], [""bau"", -10.988], [""ukku"", -11.145], [""buni"", -11.1676], [""rabba"", -11.8501], [""rapdu"", -11.9979]]"
naida	ruku	-9.9685	"[[""ruku"", -9.9685], [""numi"", -12.7113], [""luk"", -12.7313], [""rum"", -12.7313], [""luluki"", -13.0913], [""bau"", -13.4852], [""ukku"", -13.5576], [""buni"", -13.5741], [""rapdu"", -14.6321], [""rabba"", -14.9448]]"
naidaj	ruku	-13.4484	"[[""ruku"", -13.4484], [""numi"", -15.8515], [""rum"", -15.8892], [""luk"", -15.8892], [""luluki"", -16.0373], [""buni"", -16.5588], [""bau"", -16.9739], [""ukku"", -17.0598], [""rapdu"", -18.1272], [""rabba"", -18.1552]]"
naidaja	ruku	-16.0438	"[[""ruku"", -16.0438], [""luluki"", -18.8247], [""numi"", -19.0145], [""rum"", -19.0665], [""luk"", -19.0665], [""ukku"", -19.5824], [""buni"", -19.5884], [""bau"", -19.6878], [""rapdu"", -20.8406], [""ruelpa"", -21.4082]]"
naidajas	tuuʃ	-19.4346	"[[""tuuʃ"", -19.4346], [""ruku"", -19.5367], [""luluki"", -21.9032], [""numi"", -22.2602], [""rum"", -22.3264], [""luk"", -22.3264], [""tiut"", -22.4867], [""uriʃ"", -22.49], [""buni"", -22.7663], [""ra-u-ba-sa"", -22.7742]]"
naiΘ	ruku	-9.7692	"[[""ruku"", -9.7692], [""luk"", -10.0345], [""rum"", -10.0345], [""numi"", -10.0472], [""rabba"", -11.8501], [""luluki"", -12.3818], [""nan"", -12.5619], [""nap"", -12.5688], [""lim"", -12.5688], [""ni"", -12.6134]]"
naiΘt	rabba	-11.0822	"[[""rabba"", -11.0822], [""numi"", -11.2722], [""ni"", -11.8879], [""ruku"", -13.0399], [""luluki"", -13.2093], [""rum"", -13.2588], [""luk"", -13.2588], [""ruelpa"", -13.3069], [""lani"", -13.7139], [""lahi"", -13.7195]]"
naiΘti	rabba	-14.121	"[[""rabba"", -14.121], [""numi"", -14.7438], [""ni"", -15.3924], [""ruku"", -16.351], [""rum"", -16.5457], [""luk"", -16.5457], [""ruelpa"", -16.555], [""luluki"", -16.6678], [""libair"", -16.9497], [""lani"", -17.0381]]"
naiΘtij	rabba	-17.3045	"[[""rabba"", -17.3045], [""numi"", -18.2157], [""ni"", -18.8969], [""ruku"", -19.6903], [""ruelpa"", -19.7732], [""libair"", -19.7864], [""rum"", -19.8726], [""luk"", -19.8726], [""luluki"", -20.1189], [""ra-u-ba-sa"", -20.2831]]"
naiΘtija	bau	-19.5809	"[[""bau"", -19.5809], [""ruku"", -20.4768], [""rabba"", -20.5629], [""numi"", -21.6589], [""rapdu"", -21.8861], [""ni"", -22.4014], [""libair"", -22.7942], [""ruelpa"", -22.99], [""ra-u-ba-sa"", -23.0326], [""luluki"", -23.0782]]"
naiΘtijas	bau	-23.0868	"[[""bau"", -23.0868], [""ra-u-ba-sa"", -23.632], [""rabba"", -23.8672], [""ruku"", -23.9653], [""uriʃ"", -24.7738], [""tiut"", -24.8172], [""tuuʃ"", -24.9857], [""numi"", -25.1044], [""rapdu"", -25.388], [""ʃariut"", -25.7514]]"
naiΘtijasa	bau	-25.8993	"[[""bau"", -25.8993], [""ra-u-ba-sa"", -26.4511], [""ruku"", -26.556], [""ʃutu"", -27.0741], [""kutu"", -27.0857], [""rabba"", -27.2026], [""rapdu"", -27.911], [""uriʃ"", -28.2807], [""hasu"", -28.3201], [""pitu"", -28.3201]]"
naiΘu	ruku	-13.0399	"[[""ruku"", -13.0399], [""numi"", -13.2523], [""luk"", -13.2588], [""rum"", -13.2588], [""rabba"", -14.9448], [""luluki"", -15.4227], [""ruelpa"", -15.7442], [""nan"", -15.8337], [""lim"", -15.8391], [""nap"", -15.8391]]"
naiΘut	numi	-14.5027	"[[""numi"", -14.5027], [""rabba"", -14.5526], [""ni"", -15.3915], [""luluki"", -16.2557], [""ruku"", -16.351], [""ruelpa"", -16.3615], [""luk"", -16.5457], [""rum"", -16.5457], [""lani"", -17.0236], [""lahi"", -17.0282]]"
naiΘuti	rabba	-17.6029	"[[""rabba"", -17.6029], [""numi"", -17.9822], [""ni"", -18.896], [""ruku"", -19.6903], [""ruelpa"", -19.6903], [""luluki"", -19.7257], [""luk"", -19.8726], [""rum"", -19.8726], [""lani"", -20.3773], [""nika"", -20.3813]]"
naiΘutin	libair	-18.5425	"[[""libair"", -18.5425], [""nan"", -18.8923], [""ruelpa"", -19.5248], [""napir"", -20.3773], [""rabba"", -20.7917], [""rikur"", -20.9512], [""numi"", -21.4617], [""lani"", -22.1721], [""bela"", -22.2311], [""bera"", -22.2311]]"
naiΘutinu	libair	-22.0449	"[[""libair"", -22.0449], [""ruelpa"", -22.3375], [""nan"", -22.3994], [""napir"", -23.8836], [""rabba"", -24.0531], [""rikur"", -24.4568], [""numi"", -24.9412], [""lani"", -25.0809], [""bera"", -25.1146], [""bela"", -25.1146]]"
naiΘutinuj	ruelpa	-25.4294	"[[""ruelpa"", -25.4294], [""libair"", -25.546], [""nan"", -25.9064], [""rabba"", -27.3594], [""napir"", -27.3897], [""rikur"", -27.9619], [""lani"", -28.2166], [""bali"", -28.2408], [""bera"", -28.2408], [""bela"", -28.2408]]"
naj	ruku	-6.5624	"[[""ruku"", -6.5624], [""rum"", -6.9233], [""luk"", -6.9233], [""numi"", -6.9598], [""nan"", -9.3539], [""lim"", -9.3632], [""nap"", -9.3632], [""ni"", -9.3933], [""luluki"", -9.486], [""ruelpa"", -9.9856]]"
naja	ruku	-7.4816	"[[""ruku"", -7.4816], [""luk"", -9.7664], [""rum"", -9.7664], [""numi"", -9.769], [""luluki"", -10.8281], [""ukku"", -11.145], [""rapdu"", -11.9979], [""nan"", -12.5619], [""nap"", -12.5688], [""lim"", -12.5688]]"
najar	rum	-8.1	"[[""rum"", -8.1], [""ruku"", -10.9384], [""numi"", -11.3632], [""luk"", -12.8783], [""lim"", -13.5994], [""luluki"", -13.6628], [""ukku"", -14.6425], [""maʃuum"", -15.2053], [""ahhuum"", -15.2054], [""rapdu"", -15.4811]]"
najare	rum	-11.6054	"[[""rum"", -11.6054], [""numi"", -14.2535], [""ruku"", -14.3964], [""luk"", -16.1032], [""luluki"", -16.7453], [""lim"", -17.0847], [""ukku"", -18.1366], [""ruelpa"", -18.5028], [""maʃuum"", -18.7095], [""ahhuum"", -18.7099]]"
najaret	numi	-12.9794	"[[""numi"", -12.9794], [""rum"", -15.1108], [""ruku"", -17.8555], [""luluki"", -17.9094], [""duma"", -18.8605], [""ni"", -18.8952], [""ruelpa"", -19.144], [""luk"", -19.3907], [""elma"", -19.8696], [""nahunte"", -20.322]]"
najareta	numi	-16.4835	"[[""numi"", -16.4835], [""rum"", -18.6149], [""ruku"", -19.8232], [""luluki"", -21.2721], [""duma"", -22.3643], [""ni"", -22.3997], [""ruelpa"", -22.4764], [""luk"", -22.641], [""rapdu"", -22.8475], [""ukku"", -23.3523]]"
nak	ni	-4.8807	"[[""ni"", -4.8807], [""numi"", -5.2648], [""ruku"", -6.5624], [""rum"", -6.9233], [""luk"", -6.9233], [""lani"", -7.2378], [""lahi"", -7.2472], [""nika"", -7.2472], [""ruelpa"", -7.5507], [""luluki"", -7.7146]]"
naka	ruku	-7.4816	"[[""ruku"", -7.4816], [""ni"", -8.3852], [""numi"", -8.6026], [""rapdu"", -9.0016], [""rum"", -9.7664], [""luk"", -9.7664], [""ruelpa"", -10.3669], [""luluki"", -10.3838], [""lani"", -10.4524], [""lahi"", -10.4595]]"
nakan	nan	-8.3818	"[[""nan"", -8.3818], [""rikur"", -8.5993], [""ruelpa"", -9.0316], [""eul"", -9.068], [""napir"", -10.4551], [""ruku"", -10.9383], [""lani"", -11.7448], [""huel"", -11.8247], [""ni"", -11.8861], [""numi"", -11.9609]]"
nakana	luluki	-11.1637	"[[""luluki"", -11.1637], [""ruelpa"", -11.8351], [""nan"", -11.8888], [""rikur"", -12.1042], [""eul"", -12.5743], [""ruku"", -13.1879], [""muru"", -13.5755], [""napir"", -13.9608], [""lani"", -14.6153], [""rapdu"", -14.6218]]"
nakanas	luluki	-13.9659	"[[""luluki"", -13.9659], [""ruelpa"", -14.9239], [""nan"", -15.3958], [""nahunte"", -15.5203], [""rikur"", -15.609], [""eul"", -16.0805], [""uriʃ"", -16.5659], [""ruku"", -16.6676], [""tuuʃ"", -16.7661], [""muru"", -17.0818]]"
nakanasi	luluki	-17.0537	"[[""luluki"", -17.0537], [""ruelpa"", -18.1299], [""nahunte"", -18.3641], [""nan"", -18.9028], [""rikur"", -19.1138], [""eul"", -19.5868], [""uriʃ"", -20.0611], [""ruku"", -20.1474], [""tuuʃ"", -20.2732], [""lansitie"", -20.3555]]"
nam	ni	-4.8807	"[[""ni"", -4.8807], [""numi"", -5.2648], [""ruku"", -6.5624], [""rum"", -6.9233], [""luk"", -6.9233], [""lani"", -7.2378], [""lahi"", -7.2472], [""nika"", -7.2472], [""ruelpa"", -7.5507], [""luluki"", -7.7146]]"
nama	ruku	-7.4816	"[[""ruku"", -7.4816], [""ni"", -8.3852], [""numi"", -8.6026], [""rapdu"", -9.0016], [""rum"", -9.7664], [""luk"", -9.7664], [""ruelpa"", -10.3669], [""luluki"", -10.3838], [""lani"", -10.4524], [""lahi"", -10.4595]]"
namai	ruku	-10.9384	"[[""ruku"", -10.9384], [""rabba"", -11.7777], [""ni"", -11.8897], [""numi"", -11.9611], [""rapdu"", -12.4984], [""rum"", -12.8783], [""luk"", -12.8783], [""ruelpa"", -13.3115], [""luluki"", -13.4119], [""lani"", -13.7269]]"
namain	libair	-11.8351	"[[""libair"", -11.8351], [""nan"", -11.8853], [""rikur"", -12.0659], [""ruelpa"", -12.5246], [""eul"", -12.5732], [""napir"", -13.7272], [""ruku"", -14.3964], [""rabba"", -14.5838], [""lani"", -15.2207], [""huel"", -15.3206]]"
namaina	luluki	-14.6686	"[[""luluki"", -14.6686], [""ruelpa"", -15.3311], [""libair"", -15.3378], [""nan"", -15.3923], [""rikur"", -15.5703], [""eul"", -16.0794], [""ruku"", -16.4824], [""muru"", -17.0715], [""napir"", -17.233], [""rabba"", -17.6742]]"
namainaj	luluki	-17.4714	"[[""luluki"", -17.4714], [""ruelpa"", -18.4208], [""libair"", -18.8387], [""nan"", -18.8993], [""rikur"", -19.0746], [""eul"", -19.5857], [""ruku"", -19.9672], [""muru"", -20.5777], [""napir"", -20.7384], [""rabba"", -20.8816]]"
namainaja	luluki	-20.2815	"[[""luluki"", -20.2815], [""ruelpa"", -21.6273], [""libair"", -22.3378], [""nan"", -22.4063], [""rikur"", -22.575], [""ruku"", -22.5765], [""eul"", -23.0911], [""muru"", -23.3932], [""napir uri"", -23.4919], [""rapdu"", -24.0985]]"
namainajar	luluki	-23.3726	"[[""luluki"", -23.3726], [""rum"", -24.5367], [""ruelpa"", -24.8981], [""libair"", -25.8352], [""nan"", -25.9133], [""ruku"", -26.0704], [""rikur"", -26.0753], [""napir uri"", -26.3148], [""ahhuum"", -26.4928], [""eul"", -26.5965]]"
namas	ruku	-10.9384	"[[""ruku"", -10.9384], [""tuuʃ"", -11.0826], [""uriʃ"", -11.3005], [""tiut"", -11.337], [""ni"", -11.8897], [""numi"", -11.9611], [""ʃariut"", -12.2703], [""rapdu"", -12.4984], [""rum"", -12.8783], [""luk"", -12.8783]]"
namasi	ruku	-14.3964	"[[""ruku"", -14.3964], [""tuuʃ"", -14.5895], [""uriʃ"", -14.8073], [""tiut"", -14.8439], [""rabba"", -15.2461], [""numi"", -15.3356], [""ni"", -15.3941], [""ʃariut"", -15.7774], [""rapdu"", -15.9917], [""rum"", -16.1032]]"
namasir	rum	-15.109	"[[""rum"", -15.109], [""lim"", -16.4772], [""ruku"", -17.8555], [""numi"", -17.9827], [""rabba"", -18.0551], [""tuuʃ"", -18.0962], [""uriʃ"", -18.3139], [""tiut"", -18.3507], [""ni"", -18.8986], [""ʃariut"", -19.2844]]"
namasiru	rum	-18.6144	"[[""rum"", -18.6144], [""lim"", -19.9824], [""numi"", -21.0342], [""rabba"", -21.1468], [""ruku"", -21.3156], [""tuuʃ"", -21.6029], [""uriʃ"", -21.8205], [""tiut"", -21.8573], [""ra-u-ba-sa"", -22.0164], [""ni"", -22.4032]]"
namasirut	numi	-19.9862	"[[""numi"", -19.9862], [""rabba"", -21.8034], [""rum"", -22.1198], [""ra-u-ba-sa"", -22.4891], [""ruelpa"", -22.5316], [""ʃiutmana"", -23.1699], [""lim"", -23.4849], [""nahunte"", -23.5716], [""libair"", -23.6063], [""luluki"", -24.3578]]"
namasirute	numi	-23.4905	"[[""numi"", -23.4905], [""ra-u-ba-sa"", -25.038], [""rabba"", -25.291], [""rum"", -25.6252], [""ruelpa"", -26.0259], [""ʃiutmana"", -26.3846], [""libair"", -26.4256], [""lim"", -26.9875], [""nahunte"", -27.0753], [""luluki"", -27.8409]]"
nar	rum	-1.7804	"[[""rum"", -1.7804], [""numi"", -5.1212], [""ruku"", -6.5624], [""luk"", -6.9233], [""lim"", -7.2595], [""nan"", -9.3539], [""nap"", -9.3632], [""ni"", -9.3933], [""luluki"", -9.486], [""ruelpa"", -9.9856]]"
naru	rum	-5.2857	"[[""rum"", -5.2857], [""numi"", -7.9748], [""ruku"", -9.7692], [""luk"", -10.0345], [""lim"", -10.7254], [""luluki"", -12.3818], [""nan"", -12.5619], [""nap"", -12.5688], [""ni"", -12.6134], [""ruelpa"", -12.7738]]"
naruk	numi	-6.66	"[[""numi"", -6.66], [""rum"", -8.791], [""ni"", -11.8879], [""elma"", -12.9216], [""duma"", -12.9245], [""ruku"", -13.0399], [""luluki"", -13.2093], [""luk"", -13.2588], [""ruelpa"", -13.3069], [""lani"", -13.7139]]"
naruka	numi	-10.1639	"[[""numi"", -10.1639], [""rum"", -12.2936], [""ruku"", -13.852], [""ni"", -15.3924], [""rapdu"", -15.9531], [""luluki"", -16.2802], [""luk"", -16.3753], [""elma"", -16.4255], [""duma"", -16.4278], [""ruelpa"", -16.5489]]"
narukan	numi	-13.6679	"[[""numi"", -13.6679], [""nan"", -15.3888], [""rikur"", -15.4571], [""mur"", -15.7928], [""rum"", -15.7961], [""ruelpa"", -16.0265], [""eul"", -16.0767], [""mar"", -16.4846], [""napir"", -17.0387], [""meulli"", -17.1124]]"
narukana	muru	-16.4819	"[[""muru"", -16.4819], [""numi"", -17.1711], [""luluki"", -18.1701], [""ruelpa"", -18.835], [""nan"", -18.8958], [""rikur"", -18.9622], [""rum"", -19.2934], [""mur"", -19.2991], [""eul"", -19.583], [""ruku"", -19.8141]]"
narukanas	muru	-19.9882	"[[""muru"", -19.9882], [""numi"", -20.6744], [""luluki"", -20.9749], [""ruelpa"", -21.9255], [""nahunte"", -22.3774], [""nan"", -22.4028], [""rikur"", -22.4672], [""ʃimiut"", -22.6866], [""rum"", -22.7909], [""mur"", -22.8054]]"
nas	ruku	-6.5624	"[[""ruku"", -6.5624], [""luk"", -6.9233], [""rum"", -6.9233], [""numi"", -6.9598], [""uriʃ"", -7.5471], [""tuuʃ"", -7.5486], [""tiut"", -7.6044], [""tit"", -9.3539], [""nan"", -9.3539], [""lim"", -9.3632]]"
nasi	ruku	-9.7692	"[[""ruku"", -9.7692], [""rum"", -10.0345], [""luk"", -10.0345], [""numi"", -10.0472], [""tuuʃ"", -11.0478], [""uriʃ"", -11.0486], [""tiut"", -11.1048], [""rabba"", -12.1242], [""luluki"", -12.3818], [""nan"", -12.5619]]"
nasii	rabba	-12.7087	"[[""rabba"", -12.7087], [""ruku"", -13.0399], [""numi"", -13.2523], [""rum"", -13.2588], [""luk"", -13.2588], [""tibbe"", -13.7209], [""tuuʃ"", -14.5438], [""uriʃ"", -14.5484], [""tiut"", -14.6019], [""luluki"", -15.4227]]"
nasiip	luk	-11.2017	"[[""luk"", -11.2017], [""ruku"", -14.5368], [""rabba"", -15.5499], [""nap"", -15.8601], [""ibbak"", -15.9265], [""tuk"", -16.0813], [""ʃak"", -16.3471], [""sah"", -16.3471], [""teip"", -16.3676], [""luluki"", -16.4162]]"
nasiipi	luk	-14.7089	"[[""luk"", -14.7089], [""ruku"", -17.4205], [""rabba"", -18.1301], [""tibbe"", -19.0386], [""luluki"", -19.2683], [""ibbak"", -19.3535], [""nap"", -19.3614], [""ruelpa"", -19.4877], [""tuk"", -19.5811], [""numi"", -19.8327]]"
nasiipin	luk	-18.216	"[[""luk"", -18.216], [""ruku"", -20.5469], [""libair"", -21.0263], [""rikur"", -21.1554], [""rabba"", -21.1649], [""tsabar"", -21.6927], [""utstsun"", -21.9992], [""napir"", -22.0185], [""tibbe"", -22.0497], [""ruelpa"", -22.212]]"
nasiipina	ruku	-18.9014	"[[""ruku"", -18.9014], [""tsibbaru"", -19.6846], [""luk"", -21.7214], [""luluki"", -22.3347], [""tuku"", -23.7592], [""ukku"", -23.8757], [""rabba"", -24.3526], [""libair"", -24.5311], [""rikur"", -24.5701], [""ʃutu"", -24.9719]]"
nasiipinam	ruku	-22.4076	"[[""ruku"", -22.4076], [""tsibbaru"", -23.1817], [""luluki"", -23.2654], [""rabba"", -23.5455], [""tibbe"", -24.4036], [""ruelpa"", -25.0283], [""luk"", -25.2267], [""abbara"", -26.2114], [""muʃnuik"", -26.3297], [""uri"", -26.5998]]"
nasis	tuuʃ	-12.8239	"[[""tuuʃ"", -12.8239], [""tiut"", -12.8616], [""ruku"", -13.0399], [""utstsun"", -13.1832], [""uriʃ"", -13.187], [""tit"", -13.1885], [""putmaʃ"", -13.219], [""numi"", -13.2523], [""luk"", -13.2588], [""rum"", -13.2588]]"
nasisi	utstsun	-15.8508	"[[""utstsun"", -15.8508], [""rabba"", -16.1473], [""tuuʃ"", -16.3282], [""ruku"", -16.351], [""tiut"", -16.366], [""ra-u-ba-sa"", -16.4979], [""numi"", -16.522], [""luk"", -16.5457], [""rum"", -16.5457], [""tit"", -16.6688]]"
nasisir	rum	-15.7943	"[[""rum"", -15.7943], [""utstsun"", -18.8182], [""numi"", -18.8504], [""rabba"", -19.0123], [""ra-u-ba-sa"", -19.4586], [""ruku"", -19.6903], [""antsi"", -19.7953], [""tuuʃ"", -19.8314], [""tiut"", -19.8693], [""tsul"", -19.8696]]"
nat	ni	-4.8807	"[[""ni"", -4.8807], [""numi"", -5.2648], [""ruku"", -6.5624], [""rum"", -6.9233], [""luk"", -6.9233], [""lani"", -7.2378], [""lahi"", -7.2472], [""nika"", -7.2472], [""ruelpa"", -7.5507], [""luluki"", -7.7146]]"
nati	rabba	-8.309	"[[""rabba"", -8.309], [""ni"", -8.3852], [""numi"", -8.6812], [""ruku"", -9.7692], [""luk"", -10.0345], [""rum"", -10.0345], [""ruelpa"", -10.381], [""lani"", -10.4524], [""lahi"", -10.4595], [""nika"", -10.4595]]"
natiΘ	rabba	-11.113	"[[""rabba"", -11.113], [""ni"", -11.8897], [""numi"", -12.1029], [""ruku"", -13.0399], [""luk"", -13.2588], [""rum"", -13.2588], [""ruelpa"", -13.3364], [""libair"", -13.5256], [""lani"", -13.7269], [""lahi"", -13.7326]]"
natiΘw	rabba	-14.2024	"[[""rabba"", -14.2024], [""ni"", -15.3941], [""numi"", -15.5291], [""ruku"", -16.351], [""libair"", -16.3515], [""ruelpa"", -16.3943], [""rum"", -16.5457], [""luk"", -16.5457], [""lani"", -17.04], [""nika"", -17.0447]]"
natiΘwa	rapdu	-14.7732	"[[""rapdu"", -14.7732], [""ruku"", -17.1457], [""rabba"", -17.4091], [""dudu"", -18.0176], [""ɡuɡu"", -18.0176], [""hidu"", -18.3103], [""numi"", -18.8973], [""ni"", -18.8986], [""libair"", -19.3517], [""ruelpa"", -19.5231]]"
natiΘwaj	rapdu	-18.2794	"[[""rapdu"", -18.2794], [""ruku"", -20.6308], [""rabba"", -20.6803], [""dudu"", -21.4983], [""ɡuɡu"", -21.4983], [""hidu"", -21.8166], [""numi"", -22.2794], [""ni"", -22.4032], [""libair"", -22.4541], [""ruelpa"", -22.7057]]"
natiΘwaja	rapdu	-21.0868	"[[""rapdu"", -21.0868], [""ruku"", -23.1798], [""ɡuɡu"", -23.9632], [""dudu"", -23.9632], [""rabba"", -23.9924], [""hidu"", -24.6323], [""libair"", -25.6238], [""numi"", -25.6263], [""ni"", -25.9077], [""ruelpa"", -25.9277]]"
nui	rabba	-9.0354	"[[""rabba"", -9.0354], [""nan"", -9.3539], [""lim"", -9.3632], [""luk"", -9.3632], [""nap"", -9.3632], [""rum"", -9.3632], [""ni"", -9.3933], [""bau"", -10.4814], [""lani"", -11.498], [""numi"", -11.5051]]"
nuin	nan	-9.3426	"[[""nan"", -9.3426], [""libair"", -9.6706], [""napir"", -11.4745], [""rikur"", -11.4745], [""rabba"", -11.8465], [""luk"", -12.355], [""lim"", -12.355], [""nap"", -12.355], [""rum"", -12.355], [""ni"", -12.3968]]"
nuina	ruku	-12.7129	"[[""ruku"", -12.7129], [""nan"", -12.8306], [""libair"", -13.1732], [""luluki"", -13.4832], [""muru"", -13.5108], [""rum"", -13.8263], [""luk"", -13.8263], [""bau"", -13.8816], [""numi"", -13.9685], [""buni"", -14.552]]"
nuinai	ruku	-15.9675	"[[""ruku"", -15.9675], [""luluki"", -16.2744], [""nan"", -16.3184], [""rabba"", -16.4221], [""libair"", -16.6684], [""luk"", -16.7079], [""rum"", -16.7079], [""numi"", -16.7772], [""muru"", -17.0156], [""bau"", -17.3355]]"
nuinaid	ruku	-17.2342	"[[""ruku"", -17.2342], [""luluki"", -18.9361], [""rabba"", -19.3035], [""rum"", -19.5728], [""luk"", -19.5728], [""numi"", -19.592], [""bau"", -19.6886], [""nan"", -19.806], [""muru"", -19.807], [""buni"", -20.0204]]"
nuinaida	ruku	-19.7559	"[[""ruku"", -19.7559], [""luluki"", -21.7184], [""rabba"", -22.428], [""bau"", -22.5306], [""numi"", -22.5372], [""luk"", -22.5478], [""rum"", -22.5478], [""buni"", -22.8511], [""muru"", -22.8828], [""nan"", -23.2936]]"
nuinaidaj	ruku	-23.2369	"[[""ruku"", -23.2369], [""luluki"", -24.7964], [""rabba"", -25.6586], [""numi"", -25.6786], [""rum"", -25.7099], [""luk"", -25.7099], [""buni"", -25.9494], [""bau"", -26.0295], [""muru"", -26.3885], [""napir uri"", -26.4715]]"
nuinaidaja	ruku	-25.8516	"[[""ruku"", -25.8516], [""luluki"", -27.8144], [""numi"", -28.8425], [""rum"", -28.8902], [""luk"", -28.8902], [""rabba"", -28.9488], [""bau"", -28.9788], [""buni"", -29.072], [""napir uri"", -29.3695], [""muru"", -29.5527]]"
nuj	nan	-9.3539	"[[""nan"", -9.3539], [""lim"", -9.3632], [""luk"", -9.3632], [""nap"", -9.3632], [""rum"", -9.3632], [""ni"", -9.3933], [""lani"", -11.498], [""nika"", -11.5051], [""ruku"", -11.5051], [""lahi"", -11.5051]]"
nuja	ruku	-9.7671	"[[""ruku"", -9.7671], [""rum"", -10.9844], [""luk"", -10.9844], [""numi"", -11.1487], [""rapdu"", -12.1429], [""nan"", -12.5619], [""nap"", -12.5688], [""lim"", -12.5688], [""ni"", -12.6134], [""luluki"", -13.2143]]"
nujas	ruku	-13.049	"[[""ruku"", -13.049], [""tuuʃ"", -13.4779], [""tiut"", -13.5152], [""luk"", -13.8774], [""rum"", -13.8774], [""numi"", -13.9583], [""uriʃ"", -14.4398], [""rapdu"", -15.6223], [""nan"", -15.8337], [""tit"", -15.8337]]"
nujasa	ʃutu	-13.9333	"[[""ʃutu"", -13.9333], [""kutu"", -13.9618], [""ruku"", -14.3946], [""tuuʃ"", -16.7018], [""pitu"", -16.7267], [""hasu"", -16.7267], [""rum"", -16.7485], [""luk"", -16.7485], [""numi"", -16.7737], [""tiut"", -17.0098]]"
nujasas	tuuʃ	-16.7109	"[[""tuuʃ"", -16.7109], [""ʃutu"", -17.0527], [""kutu"", -17.4637], [""tiut"", -17.8291], [""ruku"", -17.8561], [""ʃutur"", -18.0586], [""ʃutin"", -18.1741], [""putmaʃ"", -19.5378], [""numi"", -19.8665], [""rum"", -19.8704]]"
nujasasa	ʃutu	-15.3925	"[[""ʃutu"", -15.3925], [""ʃutur"", -18.7792], [""kutu"", -19.4879], [""tuuʃ"", -20.0947], [""ruku"", -20.1717], [""kassu"", -20.2199], [""tuʃʃuip"", -20.4896], [""utstsun"", -20.8015], [""ʃutin"", -20.9769], [""tiut"", -21.3335]]"
nujasasar	ʃutu	-18.8987	"[[""ʃutu"", -18.8987], [""ʃutur"", -21.6245], [""rum"", -21.7204], [""maʃuum"", -21.9994], [""kutu"", -22.9945], [""tuʃʃuip"", -23.2913], [""tuuʃ"", -23.4918], [""utstsun"", -23.6361], [""ruku"", -23.6588], [""kassu"", -23.7261]]"
nujasasara	ʃutu	-21.7147	"[[""ʃutu"", -21.7147], [""ʃutur"", -24.4693], [""rum"", -25.2249], [""maʃuum"", -25.4947], [""kutu"", -25.9294], [""tuʃʃuip"", -26.0284], [""ruku"", -26.3257], [""utstsun"", -26.363], [""kassu"", -26.5437], [""tuuʃ"", -26.6797]]"
nuΦ	lim	-7.2595	"[[""lim"", -7.2595], [""rum"", -7.2595], [""nan"", -9.3539], [""nap"", -9.3632], [""luk"", -9.3632], [""ni"", -9.3933], [""am"", -10.4301], [""numi"", -10.4628], [""ʃam"", -10.8247], [""kam"", -10.8247]]"
nuΦe	rum	-10.7254	"[[""rum"", -10.7254], [""lim"", -10.7254], [""nan"", -12.5619], [""nap"", -12.5688], [""luk"", -12.5688], [""ni"", -12.6134], [""numi"", -13.3368], [""am"", -13.9074], [""elma"", -14.1947], [""mur"", -14.3215]]"
nuΦet	ni	-11.8879	"[[""ni"", -11.8879], [""numi"", -12.0986], [""elma"", -12.9216], [""lani"", -13.7139], [""lahi"", -13.7195], [""nika"", -13.7195], [""lim"", -13.9338], [""rum"", -14.1919], [""siya"", -14.8936], [""nan"", -14.909]]"
nuΦetu	ni	-15.3924	"[[""ni"", -15.3924], [""numi"", -15.6021], [""elma"", -16.4255], [""lani"", -17.0381], [""nika"", -17.0427], [""lahi"", -17.0427], [""lim"", -17.2109], [""rum"", -17.659], [""nan"", -17.8929], [""nap"", -17.8942]]"
nuΦetum	ni	-18.2156	"[[""ni"", -18.2156], [""numi"", -18.3817], [""lani"", -18.9609], [""nika"", -18.9628], [""lahi"", -18.9628], [""elma"", -19.2219], [""rabba"", -19.4372], [""mete"", -20.2048], [""yadda"", -20.2062], [""aa"", -20.2541]]"
nuΦetume	ni	-21.7219	"[[""ni"", -21.7219], [""numi"", -21.8873], [""lani"", -22.4015], [""lahi"", -22.4033], [""nika"", -22.4033], [""elma"", -22.7276], [""rabba"", -22.9248], [""mete"", -23.6349], [""lim"", -23.6526], [""yadda"", -23.6929]]"
nuΦetumei	rabba	-24.8633	"[[""rabba"", -24.8633], [""ni"", -25.2282], [""numi"", -25.3928], [""lani"", -25.8446], [""nika"", -25.8462], [""lahi"", -25.8462], [""elma"", -26.2332], [""libair"", -26.892], [""lim"", -26.9626], [""meen"", -26.9905]]"
nuΦetumeij	rabba	-27.7759	"[[""rabba"", -27.7759], [""ni"", -28.7345], [""numi"", -28.8981], [""lani"", -29.2898], [""nika"", -29.2913], [""lahi"", -29.2913], [""elma"", -29.7386], [""libair"", -29.7696], [""meen"", -30.2247], [""lim"", -30.3051]]"
nwa	rapdu	-4.1597	"[[""rapdu"", -4.1597], [""ɡuɡu"", -6.554], [""dudu"", -6.554], [""ruku"", -6.5612], [""rum"", -7.5321], [""luk"", -7.5321], [""mardu"", -7.6117], [""hindu"", -7.6117], [""hidu"", -7.6126], [""numi"", -7.6557]]"
nwaz	rapdu	-7.6649	"[[""rapdu"", -7.6649], [""inɡi"", -8.3562], [""ni"", -8.3843], [""da"", -8.3878], [""numi"", -8.7244], [""duma"", -8.7718], [""du ka"", -8.8313], [""dudu"", -9.7703], [""ɡuɡu"", -9.7703], [""ruku"", -9.7752]]"
nwaza	rapdu	-10.3591	"[[""rapdu"", -10.3591], [""ruku"", -10.9375], [""dudu"", -10.9377], [""ɡuɡu"", -10.9377], [""inɡi"", -11.8606], [""ni"", -11.8888], [""da"", -11.8923], [""du ka"", -12.0151], [""numi"", -12.0692], [""duma"", -12.1096]]"
nwazaΦ	rum	-11.6063	"[[""rum"", -11.6063], [""lim"", -12.9774], [""rapdu"", -13.8651], [""ruku"", -14.3968], [""ɡuɡu"", -14.3971], [""dudu"", -14.3971], [""numi"", -14.5729], [""duma"", -14.5881], [""dumaʃ"", -15.024], [""du ka"", -15.0857]]"
nwazaΦn	rum	-15.1116	"[[""rum"", -15.1116], [""nan"", -15.3888], [""rikur"", -15.4288], [""ruelpa"", -16.0296], [""eul"", -16.0741], [""lim"", -16.4822], [""napir"", -17.0431], [""rapdu"", -17.3706], [""kidur"", -17.4162], [""duraʃ"", -17.4677]]"
nwazaΦni	rum	-18.6169	"[[""rum"", -18.6169], [""ruelpa"", -18.8363], [""nan"", -18.8958], [""rikur"", -18.9358], [""eul"", -19.5812], [""lim"", -19.987], [""dunih"", -20.2795], [""duraʃ"", -20.2795], [""napir"", -20.5491], [""duliibbe"", -20.7354]]"
oij	bau	-9.7806	"[[""bau"", -9.7806], [""mur"", -10.4531], [""mar"", -10.4531], [""am"", -11.3633], [""abba"", -12.1484], [""bela"", -12.1855], [""bera"", -12.1855], [""bali"", -12.1855], [""buni"", -12.1855], [""meen"", -12.569]]"
oija	bau	-10.3887	"[[""bau"", -10.3887], [""muru"", -10.8571], [""buni"", -11.1627], [""mur"", -12.0753], [""mardu"", -13.2081], [""mar"", -13.657], [""maʃuum"", -14.4823], [""uri"", -14.6534], [""am"", -14.7948], [""bali"", -15.0009]]"
osa	ʃutu	-6.554	"[[""ʃutu"", -6.554], [""tuku"", -6.9763], [""tuk"", -7.5883], [""kutu"", -7.6101], [""hasu"", -7.6126], [""pitu"", -7.6126], [""tuuʃ"", -7.6309], [""muru"", -7.6531], [""turi"", -7.6662], [""ʃuha"", -7.6662]]"
osar	maʃuum	-8.8664	"[[""maʃuum"", -8.8664], [""ʃutu"", -9.7703], [""tuku"", -10.0683], [""tuk"", -10.4303], [""tuuʃ"", -10.4347], [""ʃuha"", -10.4669], [""turi"", -10.4669], [""ʃam"", -10.7528], [""muru"", -10.8665], [""kutu"", -11.1136]]"
osare	maʃuum	-12.3334	"[[""maʃuum"", -12.3334], [""ʃutu"", -13.0464], [""tuku"", -13.2755], [""tuuʃ"", -13.5234], [""tuk"", -13.5416], [""ʃuha"", -13.5543], [""turi"", -13.5543], [""muru"", -14.1402], [""ʃam"", -14.2192], [""mur"", -14.5767]]"
osarej	maʃuum	-15.8008	"[[""maʃuum"", -15.8008], [""ʃutu"", -16.3612], [""tuku"", -16.5463], [""tuuʃ"", -16.7294], [""turi"", -16.7594], [""ʃuha"", -16.7594], [""tuk"", -16.7659], [""muru"", -17.4527], [""sukma"", -17.6569], [""ʃam"", -17.6862]]"
osareja	ʃutu	-17.3321	"[[""ʃutu"", -17.3321], [""tuku"", -17.3591], [""muru"", -18.3736], [""tuuʃ"", -18.579], [""maʃuum"", -18.8041], [""turi"", -19.8577], [""ʃuha"", -19.8577], [""tuk"", -19.8824], [""ʃutur"", -20.4679], [""mur"", -20.7868]]"
pin	par	-6.2457	"[[""par"", -6.2457], [""hal"", -6.2457], [""hun"", -6.2457], [""har"", -6.2457], [""kun"", -6.2457], [""pur"", -6.2457], [""huel"", -6.2703], [""piel"", -6.2703], [""qamban"", -6.8344], [""purur"", -8.3769]]"
pina	pur	-9.5324	"[[""pur"", -9.5324], [""hun"", -9.5324], [""kun"", -9.5324], [""huel"", -9.5563], [""hal"", -9.7383], [""har"", -9.7383], [""par"", -9.7383], [""puhu"", -9.76], [""kutu"", -9.7671], [""piel"", -9.7748]]"
pinam	halla	-11.0822	"[[""halla"", -11.0822], [""pirni"", -11.0822], [""hani"", -11.0991], [""kari"", -11.0991], [""qara"", -11.0991], [""buni"", -11.3216], [""kurrusa"", -11.4901], [""bela"", -11.7234], [""bera"", -11.7234], [""bali"", -11.7234]]"
pinama	bau	-12.5725	"[[""bau"", -12.5725], [""puhu"", -14.3933], [""kutu"", -14.3946], [""ruku"", -14.494], [""pirni"", -14.5815], [""halla"", -14.5815], [""qara"", -14.5893], [""hani"", -14.5893], [""kari"", -14.5893], [""buni"", -14.7587]]"
pinamai	bau	-16.0785	"[[""bau"", -16.0785], [""puhu"", -17.8549], [""kutu"", -17.8561], [""ruku"", -17.951], [""qara"", -18.0794], [""hani"", -18.0794], [""kari"", -18.0794], [""pirni"", -18.0798], [""halla"", -18.0798], [""kurrusa"", -18.1199]]"
pinamain	huel	-16.0733	"[[""huel"", -16.0733], [""purur"", -16.4949], [""pur"", -17.5241], [""kun"", -17.5241], [""hun"", -17.5241], [""hunir"", -17.7441], [""kutun"", -17.8526], [""kunnir"", -17.8529], [""qamban"", -18.7553], [""kidur"", -18.806]]"
pinamaina	huel	-19.5802	"[[""huel"", -19.5802], [""purur"", -19.8283], [""pur"", -21.0308], [""hun"", -21.0308], [""kun"", -21.0308], [""hunir"", -21.2125], [""kunnir"", -21.3479], [""kutun"", -21.3569], [""luluki"", -21.6818], [""qamban"", -22.26]]"
pinamainaj	huel	-23.0871	"[[""huel"", -23.0871], [""purur"", -23.1875], [""luluki"", -24.4851], [""kun"", -24.5376], [""pur"", -24.5376], [""hun"", -24.5376], [""hunir"", -24.6813], [""kunnir"", -24.8403], [""kutun"", -24.8611], [""huelip"", -25.4222]]"
pinamas	kurat	-14.3221	"[[""kurat"", -14.3221], [""kuraʃ"", -14.3221], [""halat"", -14.5861], [""ʃariut"", -15.2986], [""hit"", -15.3889], [""hiʃ"", -15.3889], [""pat"", -15.3889], [""kumaʃ"", -15.5325], [""putmaʃ"", -15.974], [""huhqat"", -15.9867]]"
pinamasi	kurat	-17.829	"[[""kurat"", -17.829], [""kuraʃ"", -17.829], [""halat"", -18.0931], [""ʃariut"", -18.8058], [""hit"", -18.8961], [""hiʃ"", -18.8961], [""pat"", -18.8961], [""kumaʃ"", -19.039], [""kurrusa"", -19.2193], [""putmaʃ"", -19.4549]]"
pinamasir	kurat	-21.3359	"[[""kurat"", -21.3359], [""kuraʃ"", -21.3359], [""halat"", -21.6001], [""putmaʃ"", -21.739], [""qalitam"", -21.7946], [""rum"", -22.1234], [""ʃariut"", -22.313], [""kurrusa"", -22.3469], [""hiʃ"", -22.4032], [""hit"", -22.4032]]"
pinamasiru	putmaʃ	-24.699	"[[""putmaʃ"", -24.699], [""kurat"", -24.8426], [""kuraʃ"", -24.8426], [""halat"", -25.1071], [""qalitam"", -25.2625], [""kurrusa"", -25.5797], [""rum"", -25.6288], [""ʃariut"", -25.8201], [""hit"", -25.9103], [""pat"", -25.9103]]"
ram	muru	-7.6566	"[[""muru"", -7.6566], [""mur"", -8.0178], [""mete"", -8.3389], [""uri"", -8.7705], [""unra"", -9.0295], [""mar"", -9.1689], [""meen"", -9.3609], [""meulli"", -9.8352], [""aa"", -10.4301], [""ki"", -10.6883]]"
rama	muru	-8.576	"[[""muru"", -8.576], [""mardu"", -10.0935], [""mur"", -10.8602], [""ukku"", -11.145], [""bau"", -11.3391], [""mete"", -11.5514], [""maʃuum"", -12.0474], [""mar"", -12.0774], [""uri"", -12.1089], [""muʃnuik"", -12.1349]]"
raman	mur	-8.1001	"[[""mur"", -8.1001], [""eul"", -9.068], [""mar"", -9.4743], [""meulli"", -10.0978], [""muru"", -11.1067], [""meen"", -11.4322], [""huel"", -11.8247], [""mardu"", -12.5306], [""kun"", -12.8878], [""hun"", -12.8878]]"
ramana	muru	-8.7884	"[[""muru"", -8.7884], [""mur"", -11.6068], [""eul"", -12.5743], [""meulli"", -12.8986], [""mar"", -12.9815], [""mardu"", -13.4512], [""muʃnuik"", -14.9315], [""meen"", -14.9327], [""huel"", -15.3313], [""marih"", -15.7432]]"
ramanad	muru	-11.6042	"[[""muru"", -11.6042], [""mur"", -15.1131], [""mardu"", -15.9477], [""meulli"", -15.9858], [""eul"", -16.0797], [""mar"", -16.4886], [""muʃnuik"", -17.3526], [""meen"", -18.433], [""anaku"", -18.4405], [""ruku"", -18.5716]]"
ramanada	muru	-14.7065	"[[""muru"", -14.7065], [""mur"", -18.619], [""mardu"", -18.7947], [""meulli"", -19.1902], [""eul"", -19.5842], [""mar"", -19.9957], [""muʃnuik"", -20.1584], [""ruku"", -20.8549], [""anaku"", -21.2492], [""maʃuum"", -21.5274]]"
ramanadaw	muru	-18.2139	"[[""muru"", -18.2139], [""mardu"", -22.0318], [""mur"", -22.1249], [""meulli"", -22.459], [""eul"", -23.0887], [""muʃnuik"", -23.2481], [""mar"", -23.5028], [""ruku"", -24.3229], [""maʃuum"", -24.5443], [""anaku"", -24.7543]]"
ramanadawa	mardu	-20.6746	"[[""mardu"", -20.6746], [""muru"", -21.4332], [""hindu"", -25.3527], [""mur"", -25.6303], [""meulli"", -25.7685], [""ɡuɡu"", -26.1197], [""dudu"", -26.1197], [""muʃnuik"", -26.3717], [""eul"", -26.5923], [""ruku"", -26.7605]]"
rame	muru	-10.8635	"[[""muru"", -10.8635], [""mur"", -11.129], [""mete"", -11.5514], [""mar"", -12.0774], [""meen"", -12.1693], [""uri"", -12.1871], [""unra"", -12.5161], [""ayak"", -12.5397], [""meulli"", -13.2318], [""aa"", -13.708]]"
ramei	muru	-14.1342	"[[""muru"", -14.1342], [""mur"", -14.3532], [""mete"", -14.8245], [""mar"", -15.2121], [""meen"", -15.2588], [""abba"", -15.2835], [""ayak"", -15.3428], [""uri"", -15.609], [""unra"", -15.996], [""meulli"", -16.5905]]"
rameit	abebe	-14.9279	"[[""abebe"", -14.9279], [""abba"", -15.4372], [""ʃebe"", -15.5315], [""siya"", -16.2562], [""ʃudaba"", -16.2778], [""mete"", -16.3762], [""aa"", -16.7533], [""ayak"", -17.1512], [""meen"", -17.3591], [""muru"", -17.4453]]"
rameiti	abebe	-16.5746	"[[""abebe"", -16.5746], [""abba"", -18.1834], [""ibbak"", -18.8036], [""ʃebe"", -19.0259], [""siya"", -19.7602], [""ʃudaba"", -19.767], [""mete"", -19.8264], [""ayak"", -20.0602], [""aa"", -20.2541], [""meen"", -20.3019]]"
rameu	muru	-14.1342	"[[""muru"", -14.1342], [""mur"", -14.3532], [""mete"", -14.8245], [""mar"", -15.2121], [""meen"", -15.2588], [""ayak"", -15.3428], [""uri"", -15.609], [""unra"", -15.996], [""meulli"", -16.5905], [""marih"", -16.9829]]"
rameun	mur	-12.2962	"[[""mur"", -12.2962], [""mar"", -12.9776], [""meen"", -14.7211], [""huel"", -15.3344], [""muru"", -15.6312], [""marih"", -16.4333], [""mardu"", -16.4368], [""eul"", -16.8694], [""aal"", -17.0071], [""aain"", -17.1688]]"
rameuna	muru	-12.9853	"[[""muru"", -12.9853], [""mur"", -15.8025], [""mar"", -16.4847], [""mardu"", -16.9532], [""meen"", -18.2229], [""muʃnuik"", -18.4727], [""huel"", -18.8411], [""marih"", -19.2418], [""anaku"", -19.5298], [""eul"", -20.3093]]"
rameunak	muru	-16.4915	"[[""muru"", -16.4915], [""mur"", -19.3088], [""uri"", -19.5901], [""muʃnuik"", -19.6739], [""meulli"", -19.8775], [""mar"", -19.991], [""ari"", -20.275], [""eri"", -20.275], [""mardu"", -20.4102], [""ulkina"", -20.8432]]"
rameunaka	muru	-19.3067	"[[""muru"", -19.3067], [""muʃnuik"", -22.4865], [""mardu"", -22.6675], [""mur"", -22.8141], [""uri"", -23.0943], [""meulli"", -23.3734], [""mar"", -23.4972], [""eri"", -23.7793], [""ari"", -23.7793], [""marih"", -23.9624]]"
rameunakan	muru	-22.8111	"[[""muru"", -22.8111], [""purur"", -24.3849], [""ʃalur"", -24.6282], [""meen"", -24.819], [""mur"", -24.9387], [""eul"", -25.5033], [""muʃnuik"", -25.5859], [""hunir"", -25.7557], [""mar"", -25.9089], [""nan"", -25.9116]]"
rameunar	muru	-16.4915	"[[""muru"", -16.4915], [""mur"", -19.3087], [""rum"", -19.3145], [""maʃuum"", -19.8879], [""mar"", -19.9917], [""mardu"", -20.4102], [""muʃnuik"", -21.2748], [""meen"", -21.7244], [""marih"", -22.3324], [""huel"", -22.3478]]"
rameunaru	muru	-19.9978	"[[""muru"", -19.9978], [""mur"", -22.8149], [""rum"", -22.8198], [""maʃuum"", -23.3911], [""mar"", -23.4987], [""mardu"", -23.8683], [""muʃnuik"", -24.3626], [""meen"", -25.2259], [""numi"", -25.5075], [""marih"", -25.5394]]"
rameunaruk	muru	-23.504	"[[""muru"", -23.504], [""numi"", -24.1941], [""elma"", -24.8698], [""mur"", -26.3212], [""rum"", -26.325], [""muʃnuik"", -26.4936], [""uri"", -26.5952], [""meulli"", -26.5978], [""maʃuum"", -26.8941], [""mar"", -27.004]]"
rat	muru	-7.6566	"[[""muru"", -7.6566], [""mur"", -8.0178], [""mete"", -8.3389], [""uri"", -8.7705], [""unra"", -9.0295], [""mar"", -9.1689], [""meen"", -9.3609], [""meulli"", -9.8352], [""aa"", -10.4301], [""ki"", -10.6883]]"
rate	muru	-10.8635	"[[""muru"", -10.8635], [""mur"", -11.129], [""mete"", -11.5514], [""mar"", -12.0774], [""meen"", -12.1693], [""uri"", -12.1871], [""unra"", -12.5161], [""ayak"", -12.5397], [""meulli"", -13.2318], [""aa"", -13.708]]"
red	muru	-7.6531	"[[""muru"", -7.6531], [""mur"", -8.6248], [""mardu"", -10.3897], [""bau"", -10.4256], [""mar"", -10.4531], [""uri"", -11.1612], [""am"", -11.3633], [""maʃuum"", -11.4291], [""puhu"", -12.2549], [""ruku"", -12.2549]]"
redi	muru	-10.8674	"[[""muru"", -10.8674], [""mur"", -11.4929], [""bau"", -13.2706], [""mar"", -13.657], [""mardu"", -13.855], [""uri"", -13.9673], [""maʃuum"", -14.2309], [""am"", -14.7948], [""abba"", -15.487], [""tuku"", -15.5044]]"
redij	muru	-14.1422	"[[""muru"", -14.1422], [""mur"", -14.6133], [""bau"", -16.3735], [""mar"", -16.9258], [""uri"", -17.0565], [""mardu"", -17.31], [""maʃuum"", -17.3165], [""am"", -18.2299], [""abba"", -18.3055], [""buni"", -18.6092]]"
redija	muru	-15.1797	"[[""muru"", -15.1797], [""bau"", -17.3471], [""mur"", -17.6361], [""ukku"", -17.7318], [""buni"", -18.1655], [""muʃnuik"", -18.7607], [""maʃuum"", -18.8864], [""mardu"", -19.1311], [""puhu"", -19.875], [""tuku"", -19.875]]"
rei	mar	-10.4531	"[[""mar"", -10.4531], [""mur"", -10.4531], [""bau"", -10.4814], [""am"", -11.3633], [""abba"", -12.3295], [""muru"", -12.569], [""meen"", -12.569], [""mete"", -12.569], [""aa"", -12.8387], [""ki"", -12.8387]]"
reik	abba	-11.067	"[[""abba"", -11.067], [""ʃebe"", -11.1157], [""bera"", -11.1683], [""bali"", -11.1683], [""bela"", -11.1683], [""mete"", -11.5412], [""bau"", -11.6822], [""buni"", -11.8456], [""siya"", -12.4731], [""mar"", -12.5814]]"
reike	bera	-14.2596	"[[""bera"", -14.2596], [""bali"", -14.2596], [""bela"", -14.2596], [""bau"", -14.5466], [""abba"", -14.5649], [""ʃebe"", -14.6182], [""mete"", -14.8215], [""buni"", -15.3325], [""mar"", -15.5293], [""meen"", -15.6305]]"
reiket	bela	-15.6956	"[[""bela"", -15.6956], [""bera"", -15.6956], [""bali"", -15.6956], [""siya"", -15.9173], [""mete"", -16.6221], [""yadda"", -16.673], [""aa"", -16.7533], [""ayak"", -17.2229], [""abba"", -17.2439], [""bau"", -17.4147]]"
reiketa	bau	-15.4009	"[[""bau"", -15.4009], [""bali"", -19.1194], [""bela"", -19.1194], [""bera"", -19.1194], [""mardu"", -19.2185], [""siya"", -19.4215], [""mete"", -20.0575], [""ayak"", -20.0934], [""yadda"", -20.1533], [""aa"", -20.2541]]"
reiketan	meen	-17.8347	"[[""meen"", -17.8347], [""eul"", -18.9063], [""bau"", -18.9072], [""mur"", -19.298], [""mar"", -19.3014], [""libair"", -19.4816], [""meulli"", -19.9233], [""aal"", -20.2506], [""bera"", -21.3629], [""bali"", -21.3629]]"
reiketana	muru	-19.9869	"[[""muru"", -19.9869], [""meen"", -21.3417], [""bau"", -21.7232], [""eul"", -22.4125], [""meulli"", -22.7246], [""mur"", -22.8042], [""mar"", -22.8086], [""libair"", -22.9886], [""mardu"", -23.2266], [""aal"", -23.7576]]"
reiketanai	muru	-23.4932	"[[""muru"", -23.4932], [""meen"", -24.8488], [""bau"", -25.2304], [""meulli"", -25.8125], [""eul"", -25.9188], [""mur"", -26.3105], [""mar"", -26.3158], [""libair"", -26.4956], [""mardu"", -26.6861], [""aal"", -27.2646]]"
rej	mur	-10.4531	"[[""mur"", -10.4531], [""mar"", -10.4531], [""am"", -11.3633], [""muru"", -12.569], [""meen"", -12.569], [""mete"", -12.569], [""ayak"", -12.6829], [""ni"", -12.8387], [""ki"", -12.8387], [""aa"", -12.8387]]"
reja	muru	-10.8571	"[[""muru"", -10.8571], [""mur"", -12.0753], [""mardu"", -13.2081], [""bau"", -13.5183], [""mar"", -13.657], [""maʃuum"", -14.4823], [""uri"", -14.6534], [""am"", -14.7948], [""kutu"", -15.2147], [""tuku"", -15.2147]]"
rep	kik	-9.3539	"[[""kik"", -9.3539], [""hap"", -9.3539], [""pak"", -9.3539], [""huh"", -9.3539], [""marih"", -9.7277], [""luk"", -9.7388], [""tuk"", -9.7388], [""ʃak"", -9.7388], [""nap"", -9.7388], [""sah"", -9.7388]]"
ret	mete	-8.3389	"[[""mete"", -8.3389], [""siya"", -8.9826], [""mar"", -9.1689], [""meen"", -9.3609], [""aa"", -10.4301], [""mur"", -10.4531], [""da"", -10.6883], [""ki"", -10.6883], [""ni"", -10.6883], [""ari"", -10.7272]]"
reta	mardu	-10.1004	"[[""mardu"", -10.1004], [""muru"", -10.8571], [""bau"", -11.3767], [""mete"", -11.5514], [""mur"", -12.0753], [""mar"", -12.0774], [""meen"", -12.1693], [""eul"", -12.4685], [""siya"", -12.4812], [""maʃuum"", -12.6952]]"
rid	bau	-7.5343	"[[""bau"", -7.5343], [""muru"", -7.6531], [""buni"", -7.6662], [""mur"", -8.6248], [""mardu"", -10.3897], [""mar"", -10.4531], [""uri"", -11.1612], [""am"", -11.3633], [""maʃuum"", -11.4291], [""abba"", -12.1484]]"
rida	muru	-9.0834	"[[""muru"", -9.0834], [""bau"", -10.0068], [""buni"", -10.0695], [""mur"", -11.1257], [""ukku"", -11.8256], [""maʃuum"", -12.0427], [""mardu"", -12.8221], [""muʃnuik"", -12.8705], [""uri"", -13.5736], [""mar"", -13.657]]"
ridau	muru	-12.5087	"[[""muru"", -12.5087], [""buni"", -13.0535], [""bau"", -13.4949], [""mur"", -14.1419], [""maʃuum"", -14.8835], [""ukku"", -15.3163], [""muʃnuik"", -15.6669], [""mardu"", -16.311], [""uri"", -16.5594], [""tuuʃ"", -16.8564]]"
ruk	mete	-8.3389	"[[""mete"", -8.3389], [""mar"", -9.1689], [""meen"", -9.3609], [""aa"", -10.4301], [""mur"", -10.4531], [""da"", -10.6883], [""ki"", -10.6883], [""ni"", -10.6883], [""iɡi"", -10.7272], [""ari"", -10.7272]]"
ruka	mardu	-10.1004	"[[""mardu"", -10.1004], [""muru"", -10.8571], [""bau"", -11.3767], [""mete"", -11.5514], [""mur"", -12.0753], [""mar"", -12.0774], [""meen"", -12.1693], [""eul"", -12.4685], [""maʃuum"", -12.6952], [""meulli"", -12.7893]]"
rukan	mur	-8.7874	"[[""mur"", -8.7874], [""eul"", -9.075], [""mar"", -9.4743], [""meulli"", -10.1028], [""meen"", -11.4322], [""muru"", -12.1505], [""mardu"", -12.533], [""marih"", -12.9385], [""pur"", -13.2727], [""hun"", -13.2727]]"
rukana	muru	-9.4766	"[[""muru"", -9.4766], [""mur"", -12.2937], [""eul"", -12.5813], [""meulli"", -12.9032], [""mar"", -12.9815], [""mardu"", -13.4514], [""meen"", -14.9327], [""marih"", -15.7432], [""anaku"", -16.031], [""muʃnuik"", -16.1837]]"
rukanas	muru	-12.9829	"[[""muru"", -12.9829], [""mur"", -15.8], [""meulli"", -15.9907], [""eul"", -16.0876], [""mar"", -16.4886], [""mardu"", -16.9083], [""tuuʃ"", -17.4046], [""uriʃ"", -17.4112], [""mantsat"", -17.601], [""tiut"", -17.6568]]"
rus	tit	-9.3539	"[[""tit"", -9.3539], [""hit"", -9.7388], [""pat"", -9.7388], [""hiʃ"", -9.7388], [""mar"", -10.4531], [""mur"", -10.4531], [""ʃam"", -10.4718], [""sah"", -10.4814], [""san"", -10.4814], [""sir"", -10.4814]]"
rusa	ʃutu	-9.7643	"[[""ʃutu"", -9.7643], [""kutu"", -10.4264], [""hasu"", -10.4281], [""pitu"", -10.4281], [""tuku"", -10.4807], [""muru"", -10.8571], [""tuk"", -11.0952], [""tuuʃ"", -11.1285], [""turi"", -11.1732], [""ʃuha"", -11.1732]]"
rusai	ʃutu	-13.0475	"[[""ʃutu"", -13.0475], [""tuku"", -13.5737], [""kutu"", -13.9309], [""hasu"", -13.9342], [""pitu"", -13.9342], [""tuuʃ"", -13.9367], [""tuk"", -13.9374], [""ʃuha"", -13.974], [""turi"", -13.974], [""muru"", -14.1392]]"
rusaid	ʃutu	-14.3964	"[[""ʃutu"", -14.3964], [""tuku"", -14.4955], [""tuuʃ"", -15.1785], [""maʃuum"", -15.45], [""muru"", -15.4853], [""kutu"", -16.7164], [""hasu"", -16.7468], [""pitu"", -16.7468], [""tuk"", -16.7807], [""ʃuha"", -16.7833]]"
rusaida	ʃutu	-16.928	"[[""ʃutu"", -16.928], [""tuku"", -16.9827], [""tuuʃ"", -17.4242], [""maʃuum"", -17.689], [""muru"", -18.0163], [""turi"", -19.7256], [""ʃuha"", -19.7256], [""tuk"", -19.7456], [""kutu"", -19.7853], [""pitu"", -19.8468]]"
rusaidaa	ʃutu	-19.718	"[[""ʃutu"", -19.718], [""tuku"", -19.7532], [""tuuʃ"", -20.0547], [""maʃuum"", -20.3139], [""muru"", -20.8059], [""ʃutur"", -22.6287], [""tuʃʃuip"", -22.7649], [""ʃuha"", -22.7746], [""turi"", -22.7746], [""tuk"", -22.8116]]"
rusaidaau	tuuʃ	-23.1023	"[[""tuuʃ"", -23.1023], [""ʃutu"", -23.2084], [""tuku"", -23.243], [""maʃuum"", -23.36], [""muru"", -24.2964], [""ʃutur"", -25.6704], [""tuʃʃuip"", -25.7786], [""ʃuha"", -25.9616], [""turi"", -25.9616], [""tuk"", -26.014]]"
rut	mete	-8.3389	"[[""mete"", -8.3389], [""mar"", -9.1689], [""meen"", -9.3609], [""aa"", -10.4301], [""mur"", -10.4531], [""da"", -10.6883], [""ki"", -10.6883], [""ni"", -10.6883], [""iɡi"", -10.7272], [""ari"", -10.7272]]"
rute	mete	-11.5514	"[[""mete"", -11.5514], [""mar"", -12.0774], [""meen"", -12.1693], [""ayak"", -12.5397], [""mur"", -13.657], [""aa"", -13.708], [""iɡi"", -13.9464], [""ari"", -13.9464], [""eri"", -13.9464], [""marih"", -14.0463]]"
rutei	mete	-14.8245	"[[""mete"", -14.8245], [""mar"", -15.2121], [""meen"", -15.2588], [""abba"", -15.2835], [""ayak"", -15.3428], [""mur"", -16.9258], [""marih"", -16.9829], [""abebe"", -16.9863], [""aa"", -17.0286], [""ari"", -17.2238]]"
ruteid	mardu	-15.9968	"[[""mardu"", -15.9968], [""muru"", -17.4337], [""bau"", -17.515], [""abba"", -18.0905], [""mete"", -18.1366], [""buni"", -18.1834], [""ayak"", -18.431], [""mar"", -18.448], [""meen"", -18.4647], [""maʃuum"", -18.6546]]"
ruteidi	abba	-18.7795	"[[""abba"", -18.7795], [""ibbak"", -18.8557], [""mardu"", -19.4987], [""muru"", -20.7886], [""bau"", -20.9621], [""buni"", -20.9846], [""rabba"", -21.0401], [""tibbe"", -21.0401], [""abebe"", -21.305], [""mete"", -21.476]]"
sai	ʃutu	-6.5528	"[[""ʃutu"", -6.5528], [""tuku"", -6.5624], [""tuk"", -6.9233], [""tuuʃ"", -6.931], [""ʃuha"", -6.9598], [""turi"", -6.9598], [""ʃudaba"", -7.5734], [""tibbe"", -9.0354], [""ʃutur"", -9.0567], [""ʃutin"", -9.3376]]"
said	ʃutu	-7.4801	"[[""ʃutu"", -7.4801], [""tuku"", -7.4816], [""tuuʃ"", -8.1652], [""tuk"", -9.7664], [""turi"", -9.769], [""ʃuha"", -9.769], [""ʃudaba"", -10.3718], [""ʃutur"", -10.7195], [""bau"", -10.988], [""tuʃʃuip"", -11.0964]]"
saida	ʃutu	-9.9677	"[[""ʃutu"", -9.9677], [""tuku"", -9.9685], [""tuuʃ"", -10.4102], [""ʃuha"", -12.7113], [""turi"", -12.7113], [""tuk"", -12.7313], [""ʃutur"", -13.0476], [""tuʃʃuip"", -13.2246], [""ʃudaba"", -13.4381], [""bau"", -13.4852]]"
saidaa	ʃutu	-12.7385	"[[""ʃutu"", -12.7385], [""tuku"", -12.739], [""tuuʃ"", -13.0405], [""ʃutur"", -15.6694], [""ʃuha"", -15.7602], [""turi"", -15.7602], [""tuʃʃuip"", -15.7629], [""tuk"", -15.7972], [""ukku"", -16.2908], [""bau"", -16.3326]]"
saidaau	tuuʃ	-16.088	"[[""tuuʃ"", -16.088], [""ʃutu"", -16.2283], [""tuku"", -16.2288], [""ʃutur"", -18.7028], [""tuʃʃuip"", -18.7749], [""turi"", -18.9472], [""ʃuha"", -18.9472], [""tuk"", -18.9996], [""buni"", -19.4719], [""ʃukurrum"", -19.5445]]"
sar	ʃutu	-6.5528	"[[""ʃutu"", -6.5528], [""tuku"", -6.5624], [""tuk"", -6.9233], [""tuuʃ"", -6.931], [""ʃuha"", -6.9598], [""turi"", -6.9598], [""ʃam"", -7.2595], [""rum"", -8.0454], [""sukma"", -8.2682], [""ʃiumme"", -8.579]]"
sara	ʃutu	-7.4801	"[[""ʃutu"", -7.4801], [""tuku"", -7.4816], [""tuuʃ"", -8.1652], [""tuk"", -9.7664], [""ʃuha"", -9.769], [""turi"", -9.769], [""ʃutur"", -10.7195], [""ʃam"", -10.7254], [""sukma"", -11.0327], [""tuʃʃuip"", -11.0964]]"
saram	sukma	-9.7683	"[[""sukma"", -9.7683], [""ʃutu"", -10.9371], [""tuku"", -10.9384], [""ʃuha"", -10.986], [""turi"", -10.986], [""tuuʃ"", -11.0314], [""sunki"", -11.1321], [""ʃami"", -12.0619], [""ʃiumme"", -12.1243], [""tarma"", -12.2264]]"
sarama	ʃutu	-13.2007	"[[""ʃutu"", -13.2007], [""tuku"", -13.2013], [""sukma"", -13.2698], [""tuuʃ"", -13.6905], [""turi"", -14.4185], [""ʃuha"", -14.4185], [""sunki"", -14.6245], [""tuʃʃuip"", -15.0245], [""ʃami"", -15.5292], [""ʃiumme"", -15.5588]]"
saraman	ʃutur	-13.1981	"[[""ʃutur"", -13.1981], [""ʃutin"", -14.4147], [""mur"", -15.1082], [""ʃalur"", -15.2481], [""san"", -15.3889], [""ʃin"", -15.3889], [""sir"", -15.3889], [""teman"", -15.5258], [""ʃiman"", -15.5258], [""tsul"", -15.6882]]"
saramana	muru	-15.7965	"[[""muru"", -15.7965], [""ʃutur"", -16.704], [""ʃutin"", -17.9214], [""ʃalur"", -18.3758], [""mur"", -18.615], [""san"", -18.8961], [""ʃin"", -18.8961], [""sir"", -18.8961], [""teman"", -19.0328], [""ʃiman"", -19.0328]]"
saramanad	muru	-18.6123	"[[""muru"", -18.6123], [""ʃutur"", -20.2082], [""ʃalur"", -21.4052], [""ʃutin"", -21.428], [""ʃukurrum"", -22.0423], [""mur"", -22.1213], [""ʃutu"", -22.2765], [""tuku"", -22.2767], [""san"", -22.4032], [""ʃin"", -22.4032]]"
saramanada	muru	-21.7146	"[[""muru"", -21.7146], [""ʃutur"", -23.7103], [""ʃalur"", -24.4653], [""ʃukurrum"", -24.7818], [""ʃutin"", -24.9342], [""ʃutu"", -25.3365], [""tuku"", -25.3367], [""mur"", -25.6271], [""tuuʃ"", -25.7344], [""mardu"", -25.8049]]"
sarame	sukma	-13.2702	"[[""sukma"", -13.2702], [""tuuʃ"", -14.1506], [""ʃutu"", -14.3951], [""tuku"", -14.3964], [""turi"", -14.4416], [""ʃuha"", -14.4416], [""sunki"", -14.6262], [""tuʃʃuip"", -15.1689], [""ʃami"", -15.5292], [""ʃiumme"", -15.5952]]"
saramei	sukma	-16.7712	"[[""sukma"", -16.7712], [""tuuʃ"", -17.3787], [""ʃudaba"", -17.7779], [""ʃutu"", -17.8543], [""tuku"", -17.8555], [""turi"", -17.8985], [""ʃuha"", -17.8985], [""sunki"", -18.117], [""tuʃʃuip"", -18.2864], [""teumbe"", -18.5224]]"
sarameit	ʃudaba	-15.8163	"[[""ʃudaba"", -15.8163], [""ʃebe"", -16.7671], [""teumbe"", -16.9336], [""siya"", -17.4559], [""tibbe"", -18.8734], [""sukma"", -19.4142], [""ʃuha"", -20.3322], [""turi"", -20.3322], [""sunki"", -20.3776], [""tuuʃ"", -20.6676]]"
sarameiti	ʃudaba	-19.3097	"[[""ʃudaba"", -19.3097], [""ʃebe"", -20.2644], [""teumbe"", -20.4341], [""siya"", -20.96], [""tibbe"", -21.6527], [""sukma"", -22.9186], [""abebe"", -23.5291], [""turi"", -23.8225], [""ʃuha"", -23.8225], [""sunki"", -23.8787]]"
sarameu	sukma	-16.7712	"[[""sukma"", -16.7712], [""tuuʃ"", -17.3787], [""ʃutu"", -17.8543], [""tuku"", -17.8555], [""ʃuha"", -17.8985], [""turi"", -17.8985], [""sunki"", -18.117], [""tuʃʃuip"", -18.2864], [""siya"", -18.7001], [""ʃami"", -18.997]]"
sarameun	ʃutur	-17.8491	"[[""ʃutur"", -17.8491], [""ʃutin"", -17.8937], [""sir"", -18.8925], [""ʃin"", -18.8925], [""san"", -18.8925], [""ʃiman"", -18.9926], [""teman"", -18.9926], [""mur"", -19.3015], [""tsul"", -19.8468], [""ʃalur"", -19.8711]]"
sarameuna	muru	-19.9906	"[[""muru"", -19.9906], [""ʃutur"", -21.3521], [""ʃutin"", -21.4005], [""sir"", -22.3996], [""ʃin"", -22.3996], [""san"", -22.3996], [""ʃalur"", -22.4971], [""ʃiman"", -22.4995], [""teman"", -22.4995], [""mur"", -22.8078]]"
sarameunak	turi	-22.4054	"[[""turi"", -22.4054], [""ʃuntina"", -22.9792], [""muru"", -23.4968], [""tiri"", -23.7739], [""ʃali"", -23.7739], [""ʃara"", -23.7739], [""tila"", -23.7739], [""siri"", -23.7739], [""tena"", -23.7739], [""ʃana"", -23.7739]]"
sarameunar	ʃukurrum	-21.3898	"[[""ʃukurrum"", -21.3898], [""muru"", -23.4968], [""ʃutur"", -24.855], [""ʃutin"", -24.9072], [""ʃalur"", -25.5433], [""sir"", -25.9067], [""ʃin"", -25.9067], [""san"", -25.9067], [""ʃiprium"", -25.9452], [""ʃiman"", -25.995]]"
sare	ʃutu	-9.7622	"[[""ʃutu"", -9.7622], [""tuku"", -9.7692], [""tuuʃ"", -10.0188], [""tuk"", -10.0345], [""ʃuha"", -10.0472], [""turi"", -10.0472], [""ʃam"", -10.7254], [""sukma"", -11.0847], [""ʃiumme"", -11.3802], [""teumbe"", -11.4138]]"
sarej	ʃutu	-13.0343	"[[""ʃutu"", -13.0343], [""tuku"", -13.0399], [""tuuʃ"", -13.2243], [""ʃuha"", -13.2523], [""turi"", -13.2523], [""tuk"", -13.2588], [""sukma"", -14.1499], [""ʃam"", -14.1919], [""ʃiumme"", -14.4671], [""teumbe"", -14.5002]]"
sareja	ʃutu	-13.8512	"[[""ʃutu"", -13.8512], [""tuku"", -13.852], [""tuuʃ"", -15.0722], [""ʃuha"", -16.3506], [""turi"", -16.3506], [""tuk"", -16.3753], [""ʃutur"", -17.0194], [""sukma"", -17.3003], [""tuʃʃuip"", -17.3721], [""ukku"", -17.4378]]"
sas	tuuʃ	-3.4013	"[[""tuuʃ"", -3.4013], [""tiut"", -4.0521], [""ʃutu"", -4.1052], [""ʃutur"", -4.1587], [""ʃutin"", -4.1606], [""tit"", -6.2311], [""teiʃ"", -6.2694], [""tuku"", -6.5612], [""ʃukkit"", -6.8597], [""ʃariut"", -6.8881]]"
sasa	ʃutu	-1.3749	"[[""ʃutu"", -1.3749], [""ʃutur"", -4.7682], [""tuuʃ"", -6.6705], [""ʃutin"", -6.9595], [""tuku"", -7.4333], [""tuʃʃuip"", -7.4936], [""tiut"", -7.5556], [""tsul"", -7.5784], [""kutu"", -7.6385], [""tuk"", -9.5324]]"
sasar	ʃutu	-4.8811	"[[""ʃutu"", -4.8811], [""ʃutur"", -7.6102], [""tuuʃ"", -9.985], [""ʃutin"", -10.0456], [""tuʃʃuip"", -10.2931], [""tsul"", -10.4221], [""tuku"", -10.8697], [""tiut"", -11.0591], [""kutu"", -11.1446], [""ʃukurrum"", -11.2364]]"
sasara	ʃutu	-7.6951	"[[""ʃutu"", -7.6951], [""ʃutur"", -10.4524], [""tuʃʃuip"", -12.9101], [""tuku"", -12.96], [""tuuʃ"", -13.0014], [""ʃutin"", -13.2488], [""tsul"", -13.2661], [""kutu"", -13.9591], [""tiut"", -14.5561], [""ʃukurrum"", -14.6878]]"
sasaram	ʃutu	-11.2022	"[[""ʃutu"", -11.2022], [""ʃutur"", -13.564], [""tuʃʃuip"", -14.5808], [""sukma"", -15.3021], [""ʃutin"", -15.5901], [""ʃiutmana"", -15.8805], [""tuuʃ"", -16.1808], [""tsul"", -16.3783], [""tuku"", -16.4398], [""turi"", -16.8455]]"
sasarama	ʃutu	-14.3019	"[[""ʃutu"", -14.3019], [""ʃutur"", -16.6748], [""tuʃʃuip"", -17.4289], [""ʃutin"", -18.5725], [""sukma"", -18.8048], [""tuku"", -18.9905], [""ʃiutmana"", -19.095], [""tuuʃ"", -19.2116], [""tsul"", -19.4904], [""tsiti"", -20.2534]]"
sasaraman	ʃutur	-14.2982	"[[""ʃutur"", -14.2982], [""ʃutin"", -16.067], [""tsul"", -17.1162], [""ʃutu"", -17.8093], [""tsin"", -18.888], [""ʃiltur"", -19.7955], [""ʃiutmana"", -20.3875], [""tsabar"", -20.5353], [""tuʃʃuip"", -20.5406], [""kutun"", -20.5617]]"
sasaramana	ʃutur	-17.8051	"[[""ʃutur"", -17.8051], [""ʃutin"", -19.5741], [""tsul"", -20.6231], [""ʃutu"", -21.0252], [""tsin"", -22.3952], [""muru"", -22.802], [""tsibbaru"", -23.1789], [""ʃiutmana"", -23.258], [""ʃiltur"", -23.2995], [""tuʃʃuip"", -23.7322]]"
sasarame	ʃutu	-14.7093	"[[""ʃutu"", -14.7093], [""ʃutur"", -16.7886], [""tuʃʃuip"", -17.4766], [""ʃutin"", -18.5727], [""sukma"", -18.805], [""ʃiutmana"", -19.0951], [""tuuʃ"", -19.4414], [""tsul"", -19.6034], [""tuku"", -19.9197], [""tsiti"", -20.2534]]"
sasaramei	ʃutu	-18.2164	"[[""ʃutu"", -18.2164], [""ʃutur"", -20.0759], [""tuʃʃuip"", -20.6062], [""ʃutin"", -21.7368], [""sukma"", -22.3074], [""tsabar"", -22.3452], [""ʃiutmana"", -22.3696], [""tuuʃ"", -22.7509], [""tsul"", -22.8909], [""tuku"", -23.3996]]"
sasarameit	ʃudaba	-21.686	"[[""ʃudaba"", -21.686], [""ʃutu"", -21.7235], [""teumbe"", -22.4426], [""ʃebe"", -23.088], [""ʃutur"", -23.4031], [""tsabar"", -23.5559], [""tuʃʃuip"", -23.6433], [""siya"", -23.7764], [""ʃiutmana"", -23.9249], [""ʃutin"", -24.8075]]"
sasarameu	ʃutu	-18.2164	"[[""ʃutu"", -18.2164], [""ʃutur"", -20.0759], [""tuʃʃuip"", -20.6062], [""ʃutin"", -21.7368], [""sukma"", -22.3074], [""ʃiutmana"", -22.3696], [""tuuʃ"", -22.7509], [""tsul"", -22.8909], [""tuku"", -23.3996], [""tsiti"", -23.6377]]"
sasarameun	ʃutur	-18.2108	"[[""ʃutur"", -18.2108], [""ʃutin"", -19.5703], [""tsul"", -21.0265], [""ʃutu"", -21.7235], [""tsin"", -22.3914], [""ʃiltur"", -23.7873], [""tuʃʃuip"", -23.8393], [""ʃiutmana"", -23.8633], [""tsabar"", -23.8818], [""kutun"", -24.4747]]"
sau	ʃutu	-6.5528	"[[""ʃutu"", -6.5528], [""tuku"", -6.5624], [""tuk"", -6.9233], [""tuuʃ"", -6.931], [""turi"", -6.9598], [""ʃuha"", -6.9598], [""ʃutur"", -9.0567], [""ʃutin"", -9.3376], [""sukma"", -9.3385], [""sunki"", -9.3385]]"
saun	ʃutur	-6.5483	"[[""ʃutur"", -6.5483], [""tsul"", -6.9046], [""ʃutin"", -6.9542], [""turi"", -7.6106], [""ʃalur"", -7.647], [""sunki"", -7.6613], [""tsin"", -9.3286], [""ʃin"", -9.3524], [""san"", -9.3524], [""sir"", -9.3524]]"
sauna	ʃutur	-10.0379	"[[""ʃutur"", -10.0379], [""tsul"", -10.4096], [""turi"", -10.4398], [""ʃutin"", -10.4579], [""sunki"", -10.463], [""ʃutu"", -10.6151], [""tuku"", -10.6161], [""ʃalur"", -11.062], [""muru"", -11.1162], [""tuuʃ"", -11.618]]"
saunak	turi	-9.0722	"[[""turi"", -9.0722], [""sunki"", -11.6621], [""uri"", -12.5805], [""ʃuntina"", -13.3228], [""ʃutur"", -13.5268], [""tsul"", -13.9145], [""ʃutin"", -13.9413], [""ʃutu"", -14.0871], [""tuku"", -14.0881], [""sirna"", -14.1711]]"
saunaka	turi	-12.5764	"[[""turi"", -12.5764], [""sunki"", -15.118], [""tranku"", -15.9663], [""uri"", -16.0847], [""ʃutu"", -16.4927], [""tuku"", -16.4932], [""ʃuntina"", -16.6651], [""ʃutur"", -16.982], [""turnah"", -17.0956], [""tuuʃ"", -17.184]]"
saunakan	turi	-16.0702	"[[""turi"", -16.0702], [""ʃalur"", -16.2975], [""ʃutur"", -16.4735], [""purur"", -17.433], [""ʃutin"", -17.6835], [""turnah"", -18.0589], [""ʃuntina"", -18.401], [""tranku"", -18.4326], [""sunki"", -18.4516], [""ʃiltur"", -18.5563]]"
saunakana	tranku	-19.3664	"[[""tranku"", -19.3664], [""turi"", -19.5641], [""ʃalur"", -19.7654], [""ʃutur"", -19.9796], [""turnah"", -20.8973], [""purur"", -20.9367], [""ʃukurrum"", -20.9767], [""ʃutin"", -21.1904], [""ʃuntina"", -21.3015], [""luluki"", -21.6667]]"
sek	siya	-5.3803	"[[""siya"", -5.3803], [""titi"", -7.2378], [""teti"", -7.2378], [""ʃara"", -7.2472], [""tila"", -7.2472], [""siri"", -7.2472], [""ʃali"", -7.2472], [""tena"", -7.2472], [""ʃami"", -7.2472], [""tipi"", -7.2472]]"
seka	siya	-8.8338	"[[""siya"", -8.8338], [""tiut"", -8.9613], [""ʃutu"", -9.76], [""tuku"", -9.7671], [""teti"", -10.4524], [""titi"", -10.4524], [""tena"", -10.4595], [""ʃami"", -10.4595], [""tipi"", -10.4595], [""tila"", -10.4595]]"
sekan	san	-8.3819	"[[""san"", -8.3819], [""sir"", -8.3819], [""ʃin"", -8.3819], [""ʃalur"", -8.6374], [""ʃiltur"", -9.0028], [""eul"", -9.075], [""tsul"", -9.7418], [""ʃutur"", -9.7572], [""sael"", -10.3646], [""ʃatin"", -10.4481]]"
sekana	ʃalur	-11.6223	"[[""ʃalur"", -11.6223], [""sir"", -11.8891], [""ʃin"", -11.8891], [""san"", -11.8891], [""ʃiltur"", -12.4732], [""eul"", -12.5813], [""tsul"", -13.2476], [""ʃutur"", -13.2547], [""sael"", -13.8649], [""turi"", -13.9452]]"
sekanas	tuuʃ	-11.8825	"[[""tuuʃ"", -11.8825], [""tiut"", -11.8862], [""ʃariut"", -12.2626], [""ʃimiut"", -13.9539], [""ʃeriit"", -14.6427], [""ʃalur"", -14.7881], [""ʃiltur"", -14.9209], [""tit"", -15.3888], [""sir"", -15.3961], [""san"", -15.3961]]"
sekanasi	tuuʃ	-15.3897	"[[""tuuʃ"", -15.3897], [""tiut"", -15.3934], [""ʃariut"", -15.7696], [""ʃimiut"", -17.461], [""ʃiltur"", -17.9141], [""ʃalur"", -18.0413], [""ʃeriit"", -18.1472], [""tit"", -18.8958], [""ʃin"", -18.9031], [""san"", -18.9031]]"
sekanasis	tuuʃ	-18.202	"[[""tuuʃ"", -18.202], [""tiut"", -18.2087], [""ʃariut"", -18.5383], [""ʃimiut"", -20.2742], [""ʃeriit"", -20.5438], [""ʃiltur"", -20.8359], [""ʃalur"", -21.3462], [""tit"", -21.7063], [""antsi"", -22.2851], [""san"", -22.41]]"
sekanasisi	tuuʃ	-21.7096	"[[""tuuʃ"", -21.7096], [""tiut"", -21.7164], [""ʃariut"", -22.0458], [""ʃimiut"", -23.7818], [""ʃiltur"", -23.968], [""ʃeriit"", -24.0502], [""ʃalur"", -24.6852], [""antsi"", -25.1291], [""tit"", -25.2138], [""ʃairʃatti"", -25.2796]]"
ser	ʃam	-7.2595	"[[""ʃam"", -7.2595], [""tit"", -9.3539], [""sah"", -9.3632], [""ʃak"", -9.3632], [""tuk"", -9.3632], [""sir"", -9.3632], [""san"", -9.3632], [""ʃin"", -9.3632], [""siya"", -10.1824], [""am"", -10.4301]]"
sera	ʃutu	-9.76	"[[""ʃutu"", -9.76], [""tuku"", -9.7671], [""ʃam"", -10.7254], [""tuk"", -10.9844], [""tuuʃ"", -11.0655], [""turi"", -11.1487], [""ʃuha"", -11.1487], [""muru"", -11.5619], [""mur"", -12.1851], [""tit"", -12.5619]]"
serat	sukma	-11.6833	"[[""sukma"", -11.6833], [""ʃami"", -12.0619], [""ʃuha"", -12.1847], [""turi"", -12.1847], [""tarma"", -12.2264], [""tarmi"", -12.2264], [""siya"", -12.2852], [""sunki"", -12.511], [""ʃutu"", -13.0433], [""tuku"", -13.049]]"
serate	sukma	-15.18	"[[""sukma"", -15.18], [""siya"", -15.2084], [""ʃami"", -15.5292], [""turi"", -15.6085], [""ʃuha"", -15.6085], [""tarmi"", -15.7249], [""tarma"", -15.7249], [""sunki"", -15.9975], [""ʃutu"", -16.3627], [""tuku"", -16.3674]]"
set	siya	-5.3803	"[[""siya"", -5.3803], [""titi"", -7.2378], [""teti"", -7.2378], [""ʃara"", -7.2472], [""tila"", -7.2472], [""siri"", -7.2472], [""ʃali"", -7.2472], [""tena"", -7.2472], [""ʃami"", -7.2472], [""tipi"", -7.2472]]"
seto	ʃam	-5.9726	"[[""ʃam"", -5.9726], [""siya"", -8.8338], [""ʃami"", -9.1666], [""teman"", -9.4281], [""ʃiman"", -9.4281], [""am"", -9.4802], [""titi"", -10.4524], [""teti"", -10.4524], [""tipi"", -10.4595], [""siri"", -10.4595]]"
setoi	ʃam	-9.4778	"[[""ʃam"", -9.4778], [""ʃebe"", -11.7458], [""tibbe"", -11.7777], [""ʃami"", -12.0879], [""teman"", -12.2324], [""ʃiman"", -12.2324], [""siya"", -12.2883], [""teumbe"", -12.481], [""am"", -12.9853], [""titi"", -13.7269]]"
setoij	ʃam	-12.9829	"[[""ʃam"", -12.9829], [""tibbe"", -14.5839], [""ʃebe"", -14.616], [""siya"", -15.2094], [""ʃami"", -15.2277], [""teumbe"", -15.3128], [""teman"", -15.3204], [""ʃiman"", -15.3204], [""am"", -16.4904], [""tsabar"", -16.8952]]"
setoija	ʃam	-16.488	"[[""ʃam"", -16.488], [""tibbe"", -17.6743], [""ʃebe"", -17.7374], [""siya"", -18.3494], [""teumbe"", -18.4014], [""ʃami"", -18.4666], [""teman"", -18.5253], [""ʃiman"", -18.5253], [""ʃimiut"", -19.0997], [""tamʃium"", -19.2997]]"
sii	tibbe	-6.7601	"[[""tibbe"", -6.7601], [""ʃebe"", -9.0191], [""tsabar"", -9.0252], [""tit"", -9.3539], [""sah"", -9.3632], [""sir"", -9.3632], [""ʃin"", -9.3632], [""san"", -9.3632], [""ʃak"", -9.3632], [""tuk"", -9.3632]]"
siip	sah	-9.3524	"[[""sah"", -9.3524], [""tuk"", -9.3524], [""ʃak"", -9.3524], [""teip"", -9.3573], [""tibbe"", -9.5993], [""ibbak"", -9.6127], [""taʃup"", -11.4698], [""sarih"", -11.4771], [""telak"", -11.4771], [""ʃarih"", -11.4771]]"
siipi	tibbe	-12.0708	"[[""tibbe"", -12.0708], [""tuk"", -12.8498], [""sah"", -12.8498], [""ʃak"", -12.8498], [""teip"", -12.8625], [""ibbak"", -13.0331], [""tsibbaru"", -14.5066], [""tsabar"", -14.7604], [""ʃebe"", -14.8058], [""sihha"", -14.9444]]"
siipin	tsabar	-14.7387	"[[""tsabar"", -14.7387], [""tibbe"", -15.0803], [""tsibbaru"", -15.4294], [""tsappan"", -15.4605], [""tsin"", -15.8041], [""tsul"", -15.8041], [""sael"", -15.8319], [""sir"", -15.8601], [""ʃin"", -15.8601], [""san"", -15.8601]]"
siipina	tsibbaru	-12.735	"[[""tsibbaru"", -12.735], [""tuku"", -17.0233], [""tsabar"", -18.2312], [""tibbe"", -18.2568], [""tranku"", -18.6588], [""tsappan"", -18.9634], [""bau"", -19.2468], [""tsul"", -19.2908], [""tsin"", -19.3096], [""sael"", -19.3375]]"
siipinam	tsibbaru	-16.232	"[[""tsibbaru"", -16.232], [""tibbe"", -17.4326], [""abbara"", -19.8404], [""buni"", -20.0734], [""bera"", -20.2579], [""bali"", -20.2579], [""bela"", -20.2579], [""ʃebe"", -20.4021], [""abba"", -20.4341], [""tuku"", -20.52]]"
siipinama	tsibbaru	-18.9595	"[[""tsibbaru"", -18.9595], [""tibbe"", -20.9369], [""ʃiprium"", -21.7994], [""bau"", -21.9888], [""tranku"", -22.8738], [""tuku"", -23.1903], [""abbara"", -23.3276], [""buni"", -23.5431], [""bali"", -23.7514], [""bera"", -23.7514]]"
siipinamai	tsibbaru	-22.4623	"[[""tsibbaru"", -22.4623], [""tibbe"", -24.4278], [""ʃiprium"", -24.6452], [""bau"", -25.4948], [""tranku"", -26.371], [""tuku"", -26.6893], [""abbara"", -26.8143], [""buni"", -27.0132], [""bera"", -27.2448], [""bela"", -27.2448]]"
sir	ʃam	-7.2595	"[[""ʃam"", -7.2595], [""tibbe"", -9.0356], [""tit"", -9.3539], [""ʃin"", -9.3632], [""san"", -9.3632], [""sir"", -9.3632], [""ʃak"", -9.3632], [""tuk"", -9.3632], [""sah"", -9.3632], [""ʃebe"", -9.6322]]"
sira	ʃutu	-9.76	"[[""ʃutu"", -9.76], [""tuku"", -9.7671], [""bau"", -10.3887], [""ʃam"", -10.7254], [""tuk"", -10.9844], [""tuuʃ"", -11.0655], [""turi"", -11.1487], [""ʃuha"", -11.1487], [""buni"", -11.1627], [""muru"", -11.5619]]"
siru	ʃam	-10.7254	"[[""ʃam"", -10.7254], [""tibbe"", -12.1247], [""tit"", -12.5619], [""ʃin"", -12.5688], [""san"", -12.5688], [""sir"", -12.5688], [""ʃak"", -12.5688], [""tuk"", -12.5688], [""sah"", -12.5688], [""ʃebe"", -12.7171]]"
sirut	ʃebe	-11.719	"[[""ʃebe"", -11.719], [""tibbe"", -11.7461], [""ʃami"", -12.0619], [""tarmi"", -12.2264], [""tarma"", -12.2264], [""sukma"", -12.2289], [""teti"", -13.7139], [""titi"", -13.7139], [""tipi"", -13.7195], [""siya"", -13.7195]]"
sirute	ʃebe	-15.197	"[[""ʃebe"", -15.197], [""tibbe"", -15.2436], [""ʃami"", -15.5292], [""tarma"", -15.7249], [""tarmi"", -15.7249], [""sukma"", -15.7324], [""siya"", -15.7632], [""titi"", -17.0381], [""teti"", -17.0381], [""tena"", -17.0427]]"
sirutei	tibbe	-18.0221	"[[""tibbe"", -18.0221], [""ʃebe"", -18.0883], [""siya"", -18.7001], [""ʃami"", -18.997], [""tarmi"", -19.2207], [""tarma"", -19.2207], [""sukma"", -19.2357], [""tsabar"", -20.1006], [""teumbe"", -20.1718], [""teti"", -20.386]]"
siruteid	bau	-19.581	"[[""bau"", -19.581], [""tibbe"", -21.1041], [""ʃebe"", -21.2174], [""tsibbaru"", -21.2908], [""siya"", -21.8463], [""ʃami"", -22.4651], [""tarma"", -22.7139], [""tarmi"", -22.7139], [""sukma"", -22.7338], [""tiut"", -22.8614]]"
siruteidi	tibbe	-22.2357	"[[""tibbe"", -22.2357], [""bau"", -23.0867], [""ʃebe"", -24.242], [""tsibbaru"", -24.6702], [""siya"", -25.0888], [""teumbe"", -25.5789], [""tsanabuna"", -25.712], [""abba"", -25.7296], [""tiut"", -25.7568], [""ibbak"", -25.8299]]"
sis	tit	-6.2311	"[[""tit"", -6.2311], [""tuuʃ"", -6.2694], [""tiut"", -6.2694], [""teiʃ"", -6.2694], [""tsul"", -6.9688], [""tsin"", -6.9688], [""tibbe"", -9.0283], [""tsiti"", -9.0327], [""ʃak"", -9.0837], [""ʃin"", -9.0837]]"
sisi	tit	-9.7098	"[[""tit"", -9.7098], [""tsul"", -9.7712], [""tsin"", -9.7712], [""teiʃ"", -9.7722], [""tuuʃ"", -9.7722], [""tiut"", -9.7722], [""tibbe"", -10.1253], [""tsabar"", -10.2092], [""tsiti"", -11.6413], [""ʃebe"", -11.952]]"
sisir	tsul	-12.8592	"[[""tsul"", -12.8592], [""tsin"", -12.8592], [""tibbe"", -12.9837], [""tsabar"", -13.0339], [""tit"", -13.1885], [""ʃam"", -13.1979], [""teiʃ"", -13.2732], [""tuuʃ"", -13.2732], [""tiut"", -13.2732], [""tamʃium"", -13.6197]]"
tai	abba	-8.2887	"[[""abba"", -8.2887], [""eul"", -8.3035], [""bau"", -8.7692], [""ibbak"", -10.3863], [""abebe"", -10.4255], [""aa"", -10.4301], [""uri"", -10.4601], [""am"", -10.6883], [""aal"", -10.709], [""eri"", -10.7272]]"
taiΘ	abba	-11.0919	"[[""abba"", -11.0919], [""eul"", -11.4146], [""bau"", -12.1067], [""ibbak"", -12.9963], [""abebe"", -13.0345], [""uri"", -13.5502], [""aa"", -13.7081], [""am"", -13.9074], [""aal"", -13.9127], [""eri"", -13.9328]]"
taiΘu	abba	-14.1813	"[[""abba"", -14.1813], [""eul"", -14.6388], [""bau"", -15.4652], [""ibbak"", -15.9221], [""abebe"", -15.9593], [""uri"", -16.7567], [""abbara"", -16.8566], [""aa"", -17.0286], [""aal"", -17.1811], [""am"", -17.191]]"
taiΘuj	abba	-17.3881	"[[""abba"", -17.3881], [""eul"", -17.9256], [""bau"", -18.8396], [""ibbak"", -18.9899], [""abebe"", -19.0262], [""ayak"", -19.4919], [""abbara"", -19.8305], [""uri"", -20.0272], [""aa"", -20.3784], [""aal"", -20.4906]]"
taiΘuja	bau	-20.1184	"[[""bau"", -20.1184], [""abba"", -20.6596], [""ukku"", -20.7066], [""eul"", -21.1064], [""buni"", -21.6411], [""ibbak"", -22.1408], [""abebe"", -22.1764], [""ayak"", -22.318], [""anaku"", -22.6929], [""abbara"", -22.9096]]"
taiΘw	abba	-14.1813	"[[""abba"", -14.1813], [""eul"", -14.6388], [""iɡi"", -15.2482], [""bau"", -15.4652], [""ibbak"", -15.9221], [""abebe"", -15.9593], [""uri"", -16.7567], [""abbara"", -16.8566], [""aa"", -17.0286], [""aal"", -17.1811]]"
taiΘwa	dudu	-14.5396	"[[""dudu"", -14.5396], [""ɡuɡu"", -14.5396], [""hidu"", -15.6745], [""bau"", -16.8565], [""abba"", -17.3881], [""ukku"", -17.4378], [""hindu"", -17.6325], [""rapdu"", -17.6325], [""mardu"", -17.6325], [""eul"", -17.7536]]"
taiΘwae	ɡuɡu	-18.0196	"[[""ɡuɡu"", -18.0196], [""dudu"", -18.0196], [""hidu"", -19.1807], [""bau"", -20.347], [""abba"", -20.6596], [""ukku"", -20.9389], [""du ka"", -20.9562], [""buni"", -20.9668], [""eul"", -20.9799], [""duma"", -20.9824]]"
taiΘwaea	dudu	-20.476	"[[""dudu"", -20.476], [""ɡuɡu"", -20.476], [""hidu"", -21.9964], [""bau"", -22.9884], [""ukku"", -23.352], [""du ka"", -23.3946], [""buni"", -23.7846], [""duma"", -23.7942], [""mardu"", -23.9487], [""hindu"", -23.9487]]"
taiΘwaead	dudu	-23.3144	"[[""dudu"", -23.3144], [""ɡuɡu"", -23.3144], [""hidu"", -25.0987], [""bau"", -25.973], [""du ka"", -26.0662], [""ukku"", -26.2085], [""buni"", -26.7313], [""duma"", -26.7378], [""mardu"", -27.046], [""rapdu"", -27.046]]"
taiΘwaeadi	ɡuɡu	-26.8079	"[[""ɡuɡu"", -26.8079], [""dudu"", -26.8079], [""hidu"", -28.6062], [""du ka"", -28.8874], [""abba"", -29.1539], [""ibbak"", -29.319], [""bau"", -29.4726], [""ukku"", -29.7138], [""buni"", -29.8729], [""duma"", -29.8785]]"
taiΘwaj	ɡuɡu	-18.0196	"[[""ɡuɡu"", -18.0196], [""dudu"", -18.0196], [""hidu"", -19.1807], [""bau"", -20.347], [""abba"", -20.6596], [""ukku"", -20.9389], [""du ka"", -20.9562], [""buni"", -20.9668], [""eul"", -20.9799], [""duma"", -20.9824]]"
taiΘwaja	dudu	-20.476	"[[""dudu"", -20.476], [""ɡuɡu"", -20.476], [""hidu"", -21.9964], [""bau"", -22.9884], [""ukku"", -23.352], [""du ka"", -23.3946], [""buni"", -23.7846], [""duma"", -23.7942], [""mardu"", -23.9487], [""hindu"", -23.9487]]"
taiΘwajaa	dudu	-23.3144	"[[""dudu"", -23.3144], [""ɡuɡu"", -23.3144], [""hidu"", -25.0987], [""bau"", -25.973], [""du ka"", -26.0662], [""ukku"", -26.2085], [""buni"", -26.7313], [""duma"", -26.7378], [""mardu"", -27.046], [""rapdu"", -27.046]]"
taiΘwajaad	dudu	-26.2824	"[[""dudu"", -26.2824], [""ɡuɡu"", -26.2824], [""hidu"", -28.3185], [""du ka"", -28.8853], [""bau"", -29.0946], [""ukku"", -29.213], [""buni"", -29.7826], [""duma"", -29.7874], [""ahhuum"", -29.8957], [""rapdu"", -30.2609]]"
taiΘwajaaj	dudu	-26.8079	"[[""dudu"", -26.8079], [""ɡuɡu"", -26.8079], [""hidu"", -28.6062], [""du ka"", -28.8874], [""bau"", -29.4764], [""ukku"", -29.7138], [""buni"", -29.8733], [""duma"", -29.8785], [""ahhuum"", -30.2397], [""mardu"", -30.5535]]"
taiΘwajaj	ɡuɡu	-23.965	"[[""ɡuɡu"", -23.965], [""dudu"", -23.965], [""hidu"", -25.5036], [""du ka"", -26.0703], [""bau"", -26.4889], [""ukku"", -26.8561], [""buni"", -26.8783], [""duma"", -26.8859], [""abba"", -27.3125], [""eul"", -27.4469]]"
taiΘwajaja	dudu	-26.6736	"[[""dudu"", -26.6736], [""ɡuɡu"", -26.6736], [""hidu"", -28.6056], [""du ka"", -28.9598], [""bau"", -29.4146], [""ukku"", -29.5878], [""buni"", -29.9759], [""duma"", -29.9817], [""ahhuum"", -30.5306], [""mardu"", -30.5495]]"
taiΘwajas	tuuʃ	-23.5457	"[[""tuuʃ"", -23.5457], [""duraʃ"", -23.7884], [""dumaʃ"", -23.7884], [""dudu"", -23.965], [""ɡuɡu"", -23.965], [""tiut"", -25.0626], [""hidu"", -25.5036], [""du ka"", -26.0703], [""uriʃ"", -26.2477], [""bau"", -26.4889]]"
taiΘwajase	tuuʃ	-27.0528	"[[""tuuʃ"", -27.0528], [""duraʃ"", -27.2929], [""dumaʃ"", -27.2929], [""ɡuɡu"", -27.4538], [""dudu"", -27.4538], [""tiut"", -28.5696], [""du ka"", -28.962], [""hidu"", -29.0108], [""uriʃ"", -29.7531], [""bau"", -29.9892]]"
taiΘwajat	iɡi	-23.7767	"[[""iɡi"", -23.7767], [""ɡuɡu"", -23.965], [""dudu"", -23.965], [""du ka"", -24.172], [""qaduukqa"", -24.6806], [""buni"", -24.9833], [""abebe"", -25.0026], [""duma"", -25.0116], [""abba"", -25.0652], [""hidu"", -25.5035]]"
taiΘwajatu	iɡi	-27.2811	"[[""iɡi"", -27.2811], [""dudu"", -27.4538], [""ɡuɡu"", -27.4538], [""du ka"", -27.5599], [""qaduukqa"", -28.1666], [""abebe"", -28.4042], [""buni"", -28.4403], [""duma"", -28.4673], [""abba"", -28.5567], [""hidu"", -29.0105]]"
tan	eul	-2.0663	"[[""eul"", -2.0663], [""hun"", -6.9509], [""mur"", -6.9509], [""kun"", -6.9509], [""pur"", -6.9509], [""aal"", -7.1904], [""aain"", -7.6031], [""tsul"", -7.6076], [""atin"", -7.6317], [""unra"", -7.6368]]"
tana	eul	-5.5726	"[[""eul"", -5.5726], [""muru"", -7.6401], [""anaku"", -9.0311], [""unra"", -10.4371], [""ruku"", -10.4485], [""kun"", -10.4563], [""pur"", -10.4563], [""mur"", -10.4563], [""hun"", -10.4563], [""uri"", -10.4573]]"
tanai	eul	-9.0789	"[[""eul"", -9.0789], [""muru"", -11.1463], [""anaku"", -12.5285], [""unra"", -13.5246], [""ruku"", -13.5517], [""uriʃ"", -13.5557], [""uri"", -13.5594], [""purur"", -13.8086], [""luluki"", -13.8407], [""rum"", -13.9341]]"
tanaiΘ	eul	-12.5851	"[[""eul"", -12.5851], [""muru"", -14.6525], [""anaku"", -16.0223], [""unra"", -16.73], [""uriʃ"", -16.7606], [""ruku"", -16.7645], [""uri"", -16.7791], [""luluki"", -16.9134], [""purur"", -16.9412], [""luk"", -17.0459]]"
tanaiΘt	uri	-16.0803	"[[""uri"", -16.0803], [""eul"", -16.0914], [""eri"", -16.7697], [""ari"", -16.7697], [""unra"", -17.8122], [""rabba"", -18.0683], [""luluki"", -18.0985], [""muru"", -18.1586], [""abebe"", -18.2668], [""erini"", -18.2668]]"
tanaiΘti	uri	-19.5847	"[[""uri"", -19.5847], [""eul"", -19.5976], [""abebe"", -20.0491], [""ari"", -20.2741], [""eri"", -20.2741], [""rabba"", -21.1069], [""unra"", -21.2962], [""abba"", -21.3595], [""luluki"", -21.5686], [""ukkubati"", -21.6011]]"
tanaiΘtij	abebe	-22.9567	"[[""abebe"", -22.9567], [""uri"", -23.0891], [""eul"", -23.1038], [""eri"", -23.7785], [""ari"", -23.7785], [""rabba"", -24.2904], [""abba"", -24.5415], [""unra"", -24.7802], [""ukkubati"", -24.8718], [""erini"", -25.0224]]"
tanaiΘtija	abebe	-26.0917	"[[""abebe"", -26.0917], [""anaku"", -26.537], [""bau"", -26.5922], [""uri"", -26.5934], [""eul"", -26.6083], [""eri"", -27.2829], [""ari"", -27.2829], [""idpurattu"", -27.4103], [""ruku"", -27.4883], [""rabba"", -27.5489]]"
tanaiΘu	eul	-16.0914	"[[""eul"", -16.0914], [""muru"", -18.1586], [""anaku"", -19.5128], [""unra"", -20.0001], [""uriʃ"", -20.0302], [""ruku"", -20.0387], [""uri"", -20.0633], [""luluki"", -20.1038], [""purur"", -20.1764], [""numi"", -20.2638]]"
tanaiΘut	uri	-19.5829	"[[""uri"", -19.5829], [""eul"", -19.5977], [""ari"", -20.2732], [""eri"", -20.2732], [""unra"", -21.1374], [""luluki"", -21.3052], [""numi"", -21.5144], [""rabba"", -21.5351], [""ukkubati"", -21.5944], [""erini"", -21.6271]]"
tanaiΘuti	uri	-23.0873	"[[""uri"", -23.0873], [""eul"", -23.1039], [""abebe"", -23.5268], [""ari"", -23.7776], [""eri"", -23.7776], [""rabba"", -24.5865], [""unra"", -24.6248], [""abba"", -24.7687], [""luluki"", -24.7834], [""ukkubati"", -24.8733]]"
tanaiΘutin	purur	-25.164	"[[""purur"", -25.164], [""annain"", -25.4288], [""innain"", -25.4288], [""eul"", -25.5146], [""libair"", -25.5184], [""hunir"", -25.8357], [""nan"", -25.9046], [""ʃalur"", -26.3778], [""abebe"", -26.4459], [""ruelpa"", -26.5369]]"
tei	abba	-8.2887	"[[""abba"", -8.2887], [""ayak"", -8.3402], [""ibbak"", -10.3863], [""abebe"", -10.4255], [""aa"", -10.4301], [""bau"", -10.4601], [""am"", -10.6883], [""aal"", -10.709], [""iɡi"", -10.7272], [""ari"", -10.7272]]"
teid	bau	-10.8274	"[[""bau"", -10.8274], [""abba"", -11.0919], [""buni"", -11.1732], [""ayak"", -11.4275], [""eul"", -12.3591], [""ibbak"", -12.9963], [""abebe"", -13.0345], [""anaku"", -13.4724], [""aa"", -13.7081], [""am"", -13.9074]]"
teida	bau	-13.3578	"[[""bau"", -13.3578], [""buni"", -13.5766], [""abba"", -14.1813], [""ayak"", -14.6325], [""eul"", -14.8938], [""ukku"", -15.3058], [""ahhuum"", -15.4159], [""ibbak"", -15.9221], [""abebe"", -15.9593], [""anaku"", -16.0192]]"
teidaj	buni	-16.5606	"[[""buni"", -16.5606], [""bau"", -16.8487], [""abba"", -17.3881], [""ayak"", -17.7292], [""eul"", -17.9177], [""ahhuum"", -18.258], [""ukku"", -18.7968], [""ibbak"", -18.9899], [""abebe"", -19.0262], [""anaku"", -19.514]]"
teidaja	buni	-19.5898	"[[""buni"", -19.5898], [""bau"", -19.5995], [""ukku"", -20.5587], [""abba"", -20.6596], [""ahhuum"", -20.8381], [""ayak"", -20.9393], [""eul"", -20.9741], [""ibbak"", -22.1408], [""abebe"", -22.1764], [""anaku"", -22.1949]]"
teidajaj	buni	-22.7675	"[[""buni"", -22.7675], [""bau"", -23.0992], [""ahhuum"", -23.8724], [""abba"", -23.9719], [""ukku"", -24.0603], [""ayak"", -24.1227], [""eul"", -24.172], [""ibbak"", -25.3471], [""abebe"", -25.3821], [""anaku"", -25.6947]]"
teidajaja	buni	-25.9564	"[[""buni"", -25.9564], [""bau"", -26.0371], [""ukku"", -26.527], [""ahhuum"", -26.762], [""abba"", -27.3125], [""eul"", -27.3765], [""ayak"", -27.38], [""dudu"", -28.3963], [""ɡuɡu"", -28.3963], [""kutu"", -28.3963]]"
teidi	abba	-11.7714	"[[""abba"", -11.7714], [""ibbak"", -11.8475], [""buni"", -13.9723], [""bau"", -14.2524], [""abebe"", -14.3898], [""abbara"", -14.5726], [""ayak"", -14.6325], [""tibbe"", -15.0513], [""rabba"", -15.0513], [""eul"", -15.252]]"
ter	am	-5.9733	"[[""am"", -5.9733], [""ayak"", -8.3402], [""kam"", -9.2588], [""lim"", -9.2588], [""ʃam"", -9.2588], [""amma"", -9.3663], [""amni"", -9.4273], [""aa"", -10.4301], [""aal"", -10.709], [""ari"", -10.7272]]"
tere	am	-9.4784	"[[""am"", -9.4784], [""ayak"", -11.1482], [""amma"", -12.1732], [""amni"", -12.2337], [""kam"", -12.7624], [""lim"", -12.7624], [""ʃam"", -12.7624], [""aa"", -13.7081], [""aal"", -13.9127], [""ari"", -13.9328]]"
terep	ayak	-11.1007	"[[""ayak"", -11.1007], [""am"", -12.9836], [""hap"", -14.909], [""pak"", -14.909], [""kik"", -14.909], [""ʃak"", -14.986], [""sah"", -14.986], [""nap"", -14.986], [""appi"", -15.2247], [""akpi"", -15.2247]]"
tes	ipiʃ	-7.6317	"[[""ipiʃ"", -7.6317], [""tit"", -8.074], [""pat"", -8.1671], [""hit"", -8.1671], [""hiʃ"", -8.1671], [""atta"", -8.2887], [""iʃti"", -8.2887], [""atti"", -8.2887], [""itsa"", -8.2887], [""ayak"", -8.3402]]"
tesi	atta	-11.0919	"[[""atta"", -11.0919], [""iʃti"", -11.0919], [""itsa"", -11.0919], [""atti"", -11.0919], [""ipiʃ"", -11.1362], [""atin"", -11.1535], [""ayak"", -11.4275], [""tit"", -11.4934], [""hiʃ"", -11.6737], [""hit"", -11.6737]]"
tesir	am	-12.9766	"[[""am"", -12.9766], [""ʃam"", -14.147], [""atti"", -14.1813], [""iʃti"", -14.1813], [""itsa"", -14.1813], [""atta"", -14.1813], [""atin"", -14.242], [""abba"", -14.563], [""ayak"", -14.6325], [""ipiʃ"", -14.6396]]"
tesira	hasu	-15.8657	"[[""hasu"", -15.8657], [""pitu"", -15.8657], [""ʃutu"", -16.3648], [""am"", -16.4818], [""tuku"", -16.7783], [""bau"", -17.2727], [""atta"", -17.3881], [""atti"", -17.3881], [""iʃti"", -17.3881], [""itsa"", -17.3881]]"
tet	aa	-6.251	"[[""aa"", -6.251], [""ayak"", -6.7374], [""siya"", -6.8379], [""ari"", -8.7679], [""eri"", -8.7679], [""iɡi"", -8.7679], [""amni"", -9.0121], [""itsa"", -9.0121], [""amma"", -9.0121], [""ahpi"", -9.0121]]"
tete	ayak	-9.5033	"[[""ayak"", -9.5033], [""aa"", -9.7517], [""siya"", -10.328], [""iɡi"", -12.1848], [""ari"", -12.1848], [""eri"", -12.1848], [""aal"", -12.263], [""aain"", -12.4112], [""iʃti"", -12.499], [""elma"", -12.499]]"
teter	am	-12.2957	"[[""am"", -12.2957], [""ayak"", -12.5873], [""aa"", -13.2525], [""siya"", -13.8183], [""kam"", -14.9951], [""lim"", -14.9951], [""ʃam"", -14.9951], [""amma"", -15.1344], [""amni"", -15.1848], [""aal"", -15.3941]]"
tetere	ayak	-15.7518	"[[""ayak"", -15.7518], [""am"", -15.801], [""aa"", -16.7533], [""siya"", -17.2951], [""amma"", -18.1723], [""amni"", -18.2356], [""kam"", -18.5], [""lim"", -18.5], [""ʃam"", -18.5], [""aal"", -18.6276]]"
teterep	ayak	-13.925	"[[""ayak"", -13.925], [""aapih"", -18.2437], [""am"", -19.3063], [""ibbak"", -19.4471], [""kiik"", -20.0052], [""teip"", -20.0059], [""aa"", -20.2541], [""siya"", -20.7728], [""kik"", -20.8317], [""hap"", -20.8317]]"
tij	abba	-7.6212	"[[""abba"", -7.6212], [""ayak"", -9.0328], [""ibbak"", -9.743], [""abebe"", -9.7682], [""bau"", -9.77], [""aa"", -10.4301], [""abbara"", -10.6227], [""am"", -10.6883], [""aal"", -10.709], [""eri"", -10.7272]]"
tija	bau	-10.2844	"[[""bau"", -10.2844], [""abba"", -10.7095], [""buni"", -11.1626], [""ayak"", -11.8373], [""eul"", -12.3591], [""ibbak"", -12.6248], [""abebe"", -12.6482], [""abbara"", -13.4121], [""anaku"", -13.4724], [""aa"", -13.7081]]"
tijas	tiut	-12.2593	"[[""tiut"", -12.2593], [""tuuʃ"", -13.4779], [""bau"", -13.7661], [""abba"", -13.9157], [""ipiʃ"", -13.926], [""buni"", -13.967], [""uriʃ"", -14.6335], [""ʃimiut"", -14.6872], [""ʃariut"", -14.6872], [""tit"", -14.909]]"
tijasa	ʃutu	-13.9333	"[[""ʃutu"", -13.9333], [""kutu"", -13.9618], [""pitu"", -15.6725], [""hasu"", -15.6725], [""tiut"", -15.7623], [""bau"", -16.2738], [""tuuʃ"", -16.7018], [""buni"", -16.7789], [""abba"", -17.1865], [""ʃutur"", -17.3151]]"
tijasas	tuuʃ	-16.7109	"[[""tuuʃ"", -16.7109], [""ʃutu"", -17.0527], [""tiut"", -17.4207], [""kutu"", -17.4637], [""ʃutur"", -18.0586], [""ʃutin"", -18.1741], [""atta"", -18.7729], [""itsa"", -18.7729], [""iʃti"", -18.7729], [""atti"", -18.7729]]"
tijasasa	ʃutu	-15.3925	"[[""ʃutu"", -15.3925], [""ʃutur"", -18.7792], [""idpurattu"", -19.0425], [""kassu"", -19.1687], [""kutu"", -19.4879], [""tuuʃ"", -20.0947], [""tuʃʃuip"", -20.4896], [""utstsun"", -20.8015], [""tiut"", -20.9261], [""ʃutin"", -20.9769]]"
tijasasar	ʃutu	-18.8987	"[[""ʃutu"", -18.8987], [""maʃuum"", -20.9468], [""ʃutur"", -21.6245], [""ahhuum"", -22.4005], [""idpurattu"", -22.5485], [""kassu"", -22.675], [""kutu"", -22.9945], [""tuʃʃuip"", -23.2913], [""tuuʃ"", -23.4918], [""utstsun"", -23.6361]]"
tin	aal	-7.1904	"[[""aal"", -7.1904], [""eul"", -7.5447], [""aain"", -7.6031], [""abba"", -7.6212], [""atin"", -7.6317], [""nan"", -8.074], [""hal"", -8.1671], [""mar"", -8.1671], [""san"", -8.1671], [""sir"", -8.1671]]"
tinu	aal	-10.688	"[[""aal"", -10.688], [""abba"", -10.7095], [""eul"", -11.0383], [""abbara"", -11.0448], [""aain"", -11.1072], [""atin"", -11.1362], [""ari"", -11.1434], [""eri"", -11.1434], [""irpi"", -11.1535], [""elma"", -11.1535]]"
tinui	abba	-11.7474	"[[""abba"", -11.7474], [""ibbak"", -11.8459], [""abbara"", -13.6786], [""abebe"", -14.0369], [""aal"", -14.1854], [""irpi"", -14.242], [""elti"", -14.242], [""inɡi"", -14.242], [""elpi"", -14.242], [""irti"", -14.242]]"
tinuin	abba	-14.6048	"[[""abba"", -14.6048], [""ibbak"", -14.6518], [""abbara"", -15.0051], [""annain"", -15.8008], [""innain"", -15.8008], [""libair"", -16.1047], [""nan"", -16.1806], [""aal"", -16.6099], [""eul"", -16.8302], [""aain"", -16.8452]]"
tinuina	abba	-17.7214	"[[""abba"", -17.7214], [""ibbak"", -17.7409], [""abbara"", -17.8553], [""anaku"", -17.9135], [""tsibbaru"", -18.9794], [""innain"", -19.1309], [""annain"", -19.1309], [""talluh"", -19.2546], [""libair"", -19.6085], [""bau"", -19.6563]]"
tinuinai	ibbak	-20.5596	"[[""ibbak"", -20.5596], [""abba"", -20.5654], [""abbara"", -20.9267], [""anaku"", -21.4154], [""talluh"", -22.0971], [""annain"", -22.4203], [""innain"", -22.4203], [""tsibbaru"", -22.4851], [""abebe"", -22.7372], [""rabba"", -22.9637]]"
tinuinaid	ibbak	-23.6536	"[[""ibbak"", -23.6536], [""abba"", -23.6777], [""anaku"", -23.8884], [""abbara"", -24.1005], [""ruku"", -24.2491], [""talluh"", -24.94], [""tsibbaru"", -25.2338], [""innain"", -25.695], [""annain"", -25.695], [""bau"", -25.7141]]"
tinuinaida	ruku	-26.7709	"[[""ruku"", -26.7709], [""anaku"", -26.8098], [""ibbak"", -26.8624], [""abba"", -26.9027], [""abbara"", -27.3345], [""talluh"", -27.9045], [""tsibbaru"", -28.2793], [""bau"", -28.6615], [""luluki"", -28.7052], [""annain"", -28.9708]]"
tinuj	abba	-13.9157	"[[""abba"", -13.9157], [""abbara"", -14.1344], [""aal"", -14.1854], [""irpi"", -14.242], [""elti"", -14.242], [""inɡi"", -14.242], [""elpi"", -14.242], [""irti"", -14.242], [""anka"", -14.242], [""elma"", -14.242]]"
tinuja	anaku	-14.9232	"[[""anaku"", -14.9232], [""bau"", -16.6755], [""ruku"", -16.7783], [""abba"", -17.1865], [""abbara"", -17.3388], [""muru"", -17.4294], [""irpi"", -17.448], [""anka"", -17.448], [""inɡi"", -17.448], [""elpi"", -17.448]]"
tinujas	ʃariut	-18.1488	"[[""ʃariut"", -18.1488], [""anaku"", -18.4254], [""antsi"", -18.7415], [""irti"", -18.7584], [""elti"", -18.7584], [""tiut"", -19.0893], [""tuuʃ"", -19.9625], [""ruku"", -20.0608], [""bau"", -20.1686], [""abba"", -20.4983]]"
tinujasa	ʃutu	-20.5518	"[[""ʃutu"", -20.5518], [""kutu"", -20.5709], [""anaku"", -20.9432], [""ruku"", -21.4084], [""antsi"", -21.5511], [""irti"", -21.6301], [""elti"", -21.6301], [""ʃariut"", -21.6544], [""hasu"", -22.5138], [""pitu"", -22.5138]]"
tinujasas	antsi	-22.2832	"[[""antsi"", -22.2832], [""tuuʃ"", -23.4899], [""ʃutu"", -23.7816], [""ʃariut"", -23.8734], [""kutu"", -24.073], [""tiut"", -24.3445], [""anaku"", -24.4482], [""mantsat"", -24.4606], [""elti"", -24.4823], [""irti"", -24.4823]]"
tinujasasa	ʃutu	-22.4014	"[[""ʃutu"", -22.4014], [""antsi"", -25.129], [""idpurattu"", -25.2435], [""ʃutur"", -25.7848], [""kassu"", -26.0082], [""kutu"", -26.1357], [""tuuʃ"", -26.8983], [""ruku"", -27.1859], [""tuʃʃuip"", -27.2246], [""anaku"", -27.3133]]"
tiΘ	abba	-7.6212	"[[""abba"", -7.6212], [""ibbak"", -9.743], [""abebe"", -9.7682], [""bau"", -9.77], [""aa"", -10.4301], [""abbara"", -10.6227], [""am"", -10.6883], [""aal"", -10.709], [""ari"", -10.7272], [""iɡi"", -10.7272]]"
tiΘw	abba	-10.7095	"[[""abba"", -10.7095], [""iɡi"", -11.7738], [""ibbak"", -12.6248], [""abebe"", -12.6482], [""bau"", -12.8594], [""abbara"", -13.4121], [""aa"", -13.7081], [""da"", -13.7081], [""am"", -13.9074], [""aal"", -13.9127]]"
tiΘwa	hidu	-12.2623	"[[""hidu"", -12.2623], [""ɡuɡu"", -13.0373], [""dudu"", -13.0373], [""bau"", -13.4323], [""abba"", -13.9157], [""rapdu"", -14.49], [""hindu"", -14.49], [""mardu"", -14.49], [""iɡi"", -14.6318], [""buni"", -14.6556]]"
tiΘwaj	hidu	-15.7686	"[[""hidu"", -15.7686], [""ɡuɡu"", -16.3631], [""dudu"", -16.3631], [""bau"", -16.9214], [""abba"", -17.1865], [""buni"", -17.4653], [""du ka"", -17.4759], [""duma"", -17.481], [""iɡi"", -17.7489], [""rapdu"", -17.9962]]"
tiΘwaja	ɡuɡu	-17.8561	"[[""ɡuɡu"", -17.8561], [""dudu"", -17.8561], [""hidu"", -18.5839], [""bau"", -19.5181], [""du ka"", -19.9003], [""buni"", -20.2808], [""duma"", -20.2904], [""abba"", -20.4983], [""rapdu"", -20.8009], [""mardu"", -20.8009]]"
toi	am	-5.9768	"[[""am"", -5.9768], [""abba"", -8.2887], [""amma"", -8.709], [""amni"", -8.7402], [""qamban"", -9.3359], [""kam"", -9.3669], [""lim"", -9.3669], [""ʃam"", -9.3669], [""ibbak"", -10.3863], [""abebe"", -10.4255]]"
toij	am	-9.482	"[[""am"", -9.482], [""abba"", -11.0919], [""amma"", -11.7962], [""amni"", -11.8269], [""qamban"", -12.1366], [""ayak"", -12.5226], [""ʃam"", -12.87], [""lim"", -12.87], [""kam"", -12.87], [""ibbak"", -12.9963]]"
toija	am	-12.9871	"[[""am"", -12.9871], [""bau"", -13.7786], [""abba"", -14.1813], [""muru"", -14.3585], [""buni"", -14.6696], [""amma"", -15.001], [""amni"", -15.0312], [""qamban"", -15.2245], [""ayak"", -15.3326], [""mur"", -15.5798]]"
tos	am	-5.9768	"[[""am"", -5.9768], [""ipiʃ"", -7.6317], [""tit"", -8.074], [""hiʃ"", -8.1671], [""pat"", -8.1671], [""hit"", -8.1671], [""atti"", -8.2887], [""iʃti"", -8.2887], [""atta"", -8.2887], [""itsa"", -8.2887]]"
tosa	hasu	-8.8564	"[[""hasu"", -8.8564], [""pitu"", -8.8564], [""am"", -9.482], [""ʃutu"", -9.7643], [""kutu"", -10.4264], [""tuku"", -10.4807], [""kassu"", -11.0892], [""atta"", -11.0919], [""itsa"", -11.0919], [""atti"", -11.0919]]"
tosar	tamʃium	-10.9744	"[[""tamʃium"", -10.9744], [""maʃuum"", -11.8289], [""am"", -12.2961], [""pitu"", -12.3627], [""hasu"", -12.3627], [""erientum"", -12.435], [""ʃutu"", -13.0475], [""tuku"", -13.5737], [""amma"", -13.6872], [""kutu"", -13.9309]]"
tosare	tamʃium	-14.4789	"[[""tamʃium"", -14.4789], [""maʃuum"", -15.2957], [""am"", -15.8028], [""hasu"", -15.8689], [""pitu"", -15.8689], [""erientum"", -15.9402], [""ʃutu"", -16.3668], [""amma"", -16.6045], [""tuku"", -16.7813], [""tuuʃ"", -17.0268]]"
tosarej	tamʃium	-17.9831	"[[""tamʃium"", -17.9831], [""maʃuum"", -18.763], [""am"", -19.3094], [""pitu"", -19.3752], [""hasu"", -19.3752], [""erientum"", -19.4455], [""ʃutu"", -19.7117], [""amma"", -19.7422], [""tuku"", -20.0524], [""tuuʃ"", -20.2336]]"
tosareja	ʃutu	-20.8129	"[[""ʃutu"", -20.8129], [""tuku"", -20.8661], [""tamʃium"", -21.4734], [""maʃuum"", -21.7669], [""muru"", -21.8787], [""tuuʃ"", -22.0855], [""hasu"", -22.1903], [""pitu"", -22.1903], [""am"", -22.816], [""erientum"", -22.948]]"
tuj	ayak	-9.0328	"[[""ayak"", -9.0328], [""aa"", -10.4301], [""am"", -10.6883], [""aal"", -10.709], [""ari"", -10.7272], [""iɡi"", -10.7272], [""eri"", -10.7272], [""eul"", -10.7364], [""da"", -11.5775], [""ki"", -11.5775]]"
tuja	ayak	-11.8373	"[[""ayak"", -11.8373], [""bau"", -12.2617], [""eul"", -12.3591], [""anaku"", -13.4724], [""aa"", -13.7081], [""am"", -13.9074], [""aal"", -13.9127], [""ari"", -13.9328], [""eri"", -13.9328], [""iɡi"", -13.9328]]"
tujas	tiut	-12.2593	"[[""tiut"", -12.2593], [""tuuʃ"", -13.4779], [""ipiʃ"", -13.926], [""uriʃ"", -14.6335], [""ʃariut"", -14.6872], [""ʃimiut"", -14.6872], [""tit"", -14.909], [""ayak"", -14.9259], [""hiʃ"", -14.986], [""pat"", -14.986]]"
tum	aa	-6.251	"[[""aa"", -6.251], [""eri"", -8.7679], [""iɡi"", -8.7679], [""ari"", -8.7679], [""akpi"", -9.0121], [""ahpi"", -9.0121], [""appi"", -9.0121], [""itsa"", -9.0121], [""amma"", -9.0121], [""amni"", -9.0121]]"
tume	aa	-9.7517	"[[""aa"", -9.7517], [""ayak"", -11.8184], [""iɡi"", -12.1848], [""ari"", -12.1848], [""eri"", -12.1848], [""aal"", -12.263], [""aain"", -12.4112], [""amni"", -12.499], [""irpi"", -12.499], [""amma"", -12.499]]"
tumei	aa	-13.2525	"[[""aa"", -13.2525], [""abba"", -14.3732], [""ayak"", -14.6318], [""aal"", -15.3941], [""abebe"", -15.4094], [""aain"", -15.4992], [""eri"", -15.6068], [""iɡi"", -15.6068], [""ari"", -15.6068], [""elma"", -15.9793]]"
tumeij	aa	-16.7533	"[[""aa"", -16.7533], [""abba"", -17.2784], [""ayak"", -17.4517], [""abebe"", -18.2102], [""aal"", -18.6276], [""aain"", -18.7031], [""ari"", -19.0334], [""iɡi"", -19.0334], [""eri"", -19.0334], [""ibbak"", -19.0581]]"
tumeija	aa	-20.2541	"[[""aa"", -20.2541], [""abba"", -20.4045], [""bau"", -20.5155], [""ayak"", -20.5462], [""abebe"", -21.267], [""anaku"", -21.6076], [""buni"", -21.6796], [""aal"", -21.9193], [""aain"", -21.9709], [""ibbak"", -22.0333]]"
tumeijas	tiut	-21.5422	"[[""tiut"", -21.5422], [""ipiʃ"", -22.4575], [""ʃimiut"", -22.7541], [""ʃariut"", -22.7541], [""tuuʃ"", -23.276], [""teiʃ"", -23.4965], [""abba"", -23.6305], [""aa"", -23.755], [""ayak"", -23.7553], [""bau"", -24.0034]]"
tumeijasa	ʃutu	-23.9076	"[[""ʃutu"", -23.9076], [""kutu"", -23.9239], [""hasu"", -25.0185], [""pitu"", -25.0185], [""tiut"", -25.0475], [""ipiʃ"", -25.9641], [""ʃariut"", -26.26], [""ʃimiut"", -26.26], [""kassu"", -26.5221], [""bau"", -26.5799]]"
tumeijasas	tuuʃ	-26.8969	"[[""tuuʃ"", -26.8969], [""ʃutu"", -27.1717], [""tiut"", -27.1777], [""kutu"", -27.4262], [""ʃutur"", -28.4933], [""pitu"", -28.5229], [""hasu"", -28.5229], [""ʃimiut"", -28.5381], [""ʃariut"", -28.5381], [""iʃti"", -28.5941]]"
tumeijasau	ʃutu	-27.4055	"[[""ʃutu"", -27.4055], [""kutu"", -27.4302], [""pitu"", -28.5248], [""hasu"", -28.5248], [""tiut"", -28.5527], [""ipiʃ"", -29.4706], [""ʃimiut"", -29.7658], [""ʃariut"", -29.7658], [""tuuʃ"", -30.0005], [""kassu"", -30.02]]"
tur	am	-5.9733	"[[""am"", -5.9733], [""kam"", -9.2588], [""lim"", -9.2588], [""ʃam"", -9.2588], [""amma"", -9.3663], [""amni"", -9.4273], [""aa"", -10.4301], [""aal"", -10.709], [""ari"", -10.7272], [""iɡi"", -10.7272]]"
turu	am	-9.4784	"[[""am"", -9.4784], [""amma"", -12.1732], [""amni"", -12.2337], [""lim"", -12.7624], [""ʃam"", -12.7624], [""kam"", -12.7624], [""aa"", -13.7081], [""aal"", -13.9127], [""iɡi"", -13.9328], [""eri"", -13.9328]]"
turus	am	-12.9836	"[[""am"", -12.9836], [""ipiʃ"", -13.926], [""tit"", -14.909], [""hiʃ"", -14.986], [""hit"", -14.986], [""pat"", -14.986], [""atti"", -15.2247], [""atta"", -15.2247], [""iʃti"", -15.2247], [""itsa"", -15.2247]]"
turusa	hasu	-15.6753	"[[""hasu"", -15.6753], [""pitu"", -15.6753], [""ʃutu"", -16.3503], [""am"", -16.4887], [""kutu"", -16.7285], [""kassu"", -17.4242], [""ipiʃ"", -17.4314], [""tuku"", -17.4867], [""kipʃu"", -17.6374], [""muru"", -17.8584]]"
turusai	pitu	-19.1815	"[[""pitu"", -19.1815], [""hasu"", -19.1815], [""ʃutu"", -19.7057], [""am"", -19.9938], [""kutu"", -20.2335], [""tuku"", -20.5825], [""maʃuum"", -20.8808], [""kassu"", -20.9197], [""tuuʃ"", -20.9354], [""ipiʃ"", -20.9363]]"
turusaid	ʃutu	-21.3168	"[[""ʃutu"", -21.3168], [""tuku"", -21.509], [""hasu"", -21.9968], [""pitu"", -21.9968], [""maʃuum"", -22.1171], [""tuuʃ"", -22.1912], [""muru"", -22.4942], [""kutu"", -23.0276], [""am"", -23.499], [""kassu"", -23.5828]]"
turusaida	ʃutu	-23.8882	"[[""ʃutu"", -23.8882], [""tuku"", -23.9966], [""maʃuum"", -24.358], [""tuuʃ"", -24.4381], [""muru"", -25.026], [""hasu"", -25.099], [""pitu"", -25.099], [""kutu"", -26.1066], [""kassu"", -26.5922], [""turi"", -26.7399]]"
turusaidaa	ʃutu	-26.6968	"[[""ʃutu"", -26.6968], [""tuku"", -26.7673], [""maʃuum"", -26.9845], [""tuuʃ"", -27.0689], [""muru"", -27.8161], [""pitu"", -28.3187], [""hasu"", -28.3187], [""kutu"", -29.2962], [""ʃutur"", -29.588], [""kassu"", -29.7361]]"
uin	nan	-9.3539	"[[""nan"", -9.3539], [""mar"", -9.7388], [""san"", -9.7388], [""hal"", -9.7388], [""mur"", -9.7388], [""sir"", -9.7388], [""har"", -9.7388], [""eul"", -9.7388], [""pur"", -9.7388], [""ʃin"", -9.7388]]"
uina	bau	-10.3887	"[[""bau"", -10.3887], [""muru"", -10.4264], [""ruku"", -10.4807], [""buni"", -11.0486], [""luk"", -11.0952], [""rum"", -11.0952], [""numi"", -11.1732], [""nan"", -12.5757], [""bali"", -13.1121], [""bela"", -13.1121]]"
uinai	ruku	-13.5737	"[[""ruku"", -13.5737], [""bau"", -13.8419], [""buni"", -13.8796], [""muru"", -13.9309], [""rum"", -13.9374], [""luk"", -13.9374], [""numi"", -13.974], [""rabba"", -15.7894], [""nan"", -15.8556], [""luluki"", -15.9093]]"
uinaid	ruku	-14.4955	"[[""ruku"", -14.4955], [""bau"", -16.1897], [""buni"", -16.5146], [""muru"", -16.7164], [""rum"", -16.7807], [""luk"", -16.7807], [""numi"", -16.7833], [""luluki"", -17.6721], [""ukku"", -18.1329], [""rabba"", -18.6139]]"
uinaida	ruku	-16.9827	"[[""ruku"", -16.9827], [""bau"", -19.0296], [""buni"", -19.3446], [""numi"", -19.7256], [""luk"", -19.7456], [""rum"", -19.7456], [""muru"", -19.7853], [""luluki"", -20.0157], [""ukku"", -20.5572], [""rapdu"", -21.6213]]"
uinaidaj	ruku	-20.4626	"[[""ruku"", -20.4626], [""buni"", -22.4427], [""bau"", -22.5285], [""numi"", -22.8659], [""rum"", -22.9036], [""luk"", -22.9036], [""luluki"", -22.9771], [""muru"", -23.2904], [""ukku"", -24.0594], [""rabba"", -24.9273]]"
uinaidaja	ruku	-23.0581	"[[""ruku"", -23.0581], [""bau"", -25.4762], [""buni"", -25.565], [""luluki"", -25.7872], [""numi"", -26.0289], [""rum"", -26.0809], [""luk"", -26.0809], [""muru"", -26.4395], [""ukku"", -26.5889], [""rapdu"", -27.8367]]"
uinaidajas	tuuʃ	-25.9623	"[[""tuuʃ"", -25.9623], [""ruku"", -26.551], [""ʃariut"", -28.7165], [""buni"", -28.7887], [""luluki"", -28.8736], [""bau"", -28.9788], [""tiut"", -29.0315], [""numi"", -29.2746], [""rum"", -29.3407], [""luk"", -29.3407]]"
uja	bau	-10.4256	"[[""bau"", -10.4256], [""uri"", -11.1612], [""dudu"", -12.2549], [""puhu"", -12.2549], [""ɡuɡu"", -12.2549], [""kutu"", -12.2549], [""ruku"", -12.2549], [""ʃutu"", -12.2549], [""muru"", -12.2549], [""tuku"", -12.2549]]"
ujas	tuuʃ	-10.3797	"[[""tuuʃ"", -10.3797], [""tiut"", -10.4218], [""uriʃ"", -11.1554], [""tit"", -12.5619], [""pat"", -12.8319], [""hiʃ"", -12.8319], [""hit"", -12.8319], [""ʃutu"", -13.3964], [""ʃimiut"", -13.4183], [""ʃariut"", -13.4183]]"
ujasa	ʃutu	-10.7043	"[[""ʃutu"", -10.7043], [""kutu"", -10.7422], [""tuuʃ"", -13.4909], [""hasu"", -13.519], [""pitu"", -13.519], [""tiut"", -13.9105], [""tuku"", -13.935], [""ʃutur"", -14.0826], [""kutun"", -14.1354], [""tuk"", -14.5949]]"
ujasas	tuuʃ	-13.3453	"[[""tuuʃ"", -13.3453], [""ʃutu"", -13.7261], [""kutu"", -14.2437], [""tiut"", -14.3928], [""ʃutur"", -14.5821], [""ʃutin"", -14.6707], [""putmaʃ"", -16.3181], [""uriʃ"", -16.555], [""utstsun"", -16.6404], [""tit"", -16.6673]]"
ujasasa	ʃutu	-11.8881	"[[""ʃutu"", -11.8881], [""ʃutur"", -15.2764], [""kutu"", -16.2311], [""tuuʃ"", -16.7118], [""kassu"", -17.0124], [""tuʃʃuip"", -17.1581], [""utstsun"", -17.3003], [""ʃutin"", -17.4725], [""tiut"", -17.897], [""tuku"", -17.9477]]"
ujasasar	ʃutu	-15.3943	"[[""ʃutu"", -15.3943], [""ʃutur"", -18.1209], [""maʃuum"", -18.7919], [""kutu"", -19.7378], [""tuʃʃuip"", -19.9595], [""tuuʃ"", -20.0953], [""utstsun"", -20.1348], [""kassu"", -20.5186], [""ʃutin"", -20.5597], [""tsul"", -20.9357]]"
ujasasara	ʃutu	-18.2098	"[[""ʃutu"", -18.2098], [""ʃutur"", -20.9651], [""maʃuum"", -22.2867], [""kutu"", -22.668], [""tuʃʃuip"", -22.6831], [""utstsun"", -22.8613], [""tuuʃ"", -23.2517], [""kassu"", -23.3356], [""tuku"", -23.479], [""ʃutin"", -23.7634]]"
ujasasaram	ʃutu	-21.7169	"[[""ʃutu"", -21.7169], [""ʃutur"", -24.0773], [""tuʃʃuip"", -24.4252], [""maʃuum"", -25.7816], [""sukma"", -25.8218], [""utstsun"", -25.9329], [""ʃutin"", -26.1057], [""kutu"", -26.1753], [""ʃiutmana"", -26.2209], [""tuuʃ"", -26.4996]]"
uka	bau	-8.2752	"[[""bau"", -8.2752], [""eul"", -8.9653], [""aa"", -10.4301], [""iɡi"", -10.7364], [""ari"", -10.7364], [""eri"", -10.7364], [""uri"", -10.7457], [""ni"", -11.0372], [""da"", -11.0372], [""ki"", -11.0372]]"
ukan	eul	-5.5707	"[[""eul"", -5.5707], [""kun"", -10.053], [""hun"", -10.053], [""mur"", -10.053], [""pur"", -10.053], [""aal"", -10.4069], [""tsul"", -10.4235], [""aain"", -10.6938], [""atin"", -10.7317], [""nan"", -10.9837]]"
ukana	eul	-9.0769	"[[""eul"", -9.0769], [""muru"", -10.7422], [""anaku"", -12.5312], [""hun"", -13.5587], [""kun"", -13.5587], [""pur"", -13.5587], [""mur"", -13.5587], [""aal"", -13.9069], [""tsul"", -13.9288], [""ruku"", -13.935]]"
ukanas	eul	-12.5832	"[[""eul"", -12.5832], [""uriʃ"", -13.9123], [""tuuʃ"", -14.185], [""muru"", -14.2484], [""tiut"", -14.537], [""ʃariut"", -14.9477], [""antsi"", -15.3005], [""irti"", -15.3089], [""elti"", -15.3089], [""anaku"", -16.0285]]"
ume	ayak	-9.0398	"[[""ayak"", -9.0398], [""aa"", -10.4301], [""iɡi"", -10.7364], [""ari"", -10.7364], [""eri"", -10.7364], [""ki"", -11.0372], [""ni"", -11.0372], [""da"", -11.0372], [""am"", -11.0372], [""aal"", -11.0928]]"
umei	abba	-11.787	"[[""abba"", -11.787], [""ayak"", -11.8416], [""abebe"", -13.6873], [""aa"", -13.708], [""ibbak"", -13.8607], [""bau"", -13.9396], [""iɡi"", -13.9464], [""ari"", -13.9464], [""eri"", -13.9464], [""am"", -14.1566]]"
umeij	abba	-14.5917	"[[""abba"", -14.5917], [""ayak"", -14.6507], [""abebe"", -16.3449], [""ibbak"", -16.4765], [""bau"", -16.7601], [""aa"", -17.0286], [""ari"", -17.2184], [""eri"", -17.2184], [""iɡi"", -17.2184], [""tibbe"", -17.2324]]"
umeija	bau	-17.1808	"[[""bau"", -17.1808], [""abba"", -17.6815], [""ayak"", -17.7414], [""buni"", -18.1751], [""abebe"", -19.3011], [""eul"", -19.3134], [""ibbak"", -19.4061], [""anaku"", -19.7691], [""rabba"", -20.3239], [""tibbe"", -20.3239]]"
umeijas	tiut	-18.6233	"[[""tiut"", -18.6233], [""tuuʃ"", -19.9625], [""ʃariut"", -20.4716], [""ʃimiut"", -20.4716], [""ipiʃ"", -20.5226], [""bau"", -20.6651], [""abba"", -20.8887], [""ayak"", -20.9486], [""buni"", -20.9804], [""uriʃ"", -21.2255]]"
umeijasa	ʃutu	-20.5518	"[[""ʃutu"", -20.5518], [""kutu"", -20.5709], [""hasu"", -22.0775], [""pitu"", -22.0775], [""tiut"", -22.1279], [""bau"", -23.2026], [""tuuʃ"", -23.2886], [""kassu"", -23.6331], [""buni"", -23.7928], [""kipʃu"", -23.8044]]"
umeijasas	tuuʃ	-23.4899	"[[""tuuʃ"", -23.4899], [""ʃutu"", -23.7816], [""kutu"", -24.073], [""tiut"", -24.0778], [""ʃutur"", -25.0143], [""ʃutin"", -25.181], [""pitu"", -25.5818], [""hasu"", -25.5818], [""itsa"", -25.7778], [""atti"", -25.7778]]"
umeijasasa	ʃutu	-22.4014	"[[""ʃutu"", -22.4014], [""kassu"", -25.5731], [""idpurattu"", -25.7312], [""ʃutur"", -25.7848], [""kutu"", -26.1357], [""tuuʃ"", -26.8983], [""tuʃʃuip"", -27.2246], [""tiut"", -27.5837], [""utstsun"", -27.801], [""hasu"", -27.9644]]"
umeijasau	ʃutu	-24.0484	"[[""ʃutu"", -24.0484], [""kutu"", -24.0771], [""pitu"", -25.5838], [""hasu"", -25.5838], [""tiut"", -25.6323], [""tuuʃ"", -26.6386], [""bau"", -26.7014], [""ʃutur"", -26.7701], [""kutun"", -26.806], [""buni"", -26.8847]]"
umeijasaun	ʃutur	-24.0454	"[[""ʃutur"", -24.0454], [""kutun"", -24.0742], [""eul"", -25.9064], [""tsul"", -26.5983], [""utstsun"", -27.2367], [""ʃiltur"", -27.2905], [""ʃutu"", -27.5448], [""kutu"", -27.5833], [""ʃutin"", -27.7402], [""buni"", -27.9308]]"
una	ruku	-6.9763	"[[""ruku"", -6.9763], [""luk"", -7.5883], [""rum"", -7.5883], [""muru"", -7.6101], [""numi"", -7.6662], [""nan"", -9.3632], [""nap"", -9.7806], [""lim"", -9.7806], [""ni"", -9.783], [""luluki"", -10.0176]]"
unak	ni	-8.3878	"[[""ni"", -8.3878], [""numi"", -8.7718], [""ruku"", -10.0683], [""rum"", -10.4303], [""luk"", -10.4303], [""lani"", -10.4556], [""nika"", -10.7528], [""lahi"", -10.7528], [""uri"", -10.8997], [""luluki"", -10.9083]]"
unaka	ruku	-10.9886	"[[""ruku"", -10.9886], [""ni"", -11.8923], [""numi"", -12.1096], [""rapdu"", -12.5081], [""luk"", -13.2735], [""rum"", -13.2735], [""luluki"", -13.7182], [""lani"", -13.7356], [""ruelpa"", -13.8725], [""muru"", -13.8834]]"
unakan	nan	-11.8888	"[[""nan"", -11.8888], [""rikur"", -12.1058], [""ruelpa"", -12.5388], [""eul"", -12.5687], [""purur"", -13.8773], [""ʃalur"", -13.9099], [""napir"", -13.9611], [""ruku"", -14.4454], [""huel"", -14.9278], [""lani"", -15.2249]]"
unakana	luluki	-14.6704	"[[""luluki"", -14.6704], [""ruelpa"", -15.3423], [""nan"", -15.3958], [""rikur"", -15.6107], [""eul"", -16.0749], [""ruku"", -16.695], [""muru"", -16.7757], [""purur"", -17.3287], [""ʃalur"", -17.4004], [""napir"", -17.4668]]"
unakanas	luluki	-17.4728	"[[""luluki"", -17.4728], [""ruelpa"", -18.431], [""ʃariut"", -18.7294], [""nan"", -18.9029], [""nahunte"", -19.0268], [""rikur"", -19.1156], [""eul"", -19.5812], [""tuuʃ"", -19.9576], [""uriʃ"", -19.9779], [""ruku"", -20.1748]]"
unakanasi	luluki	-20.5607	"[[""luluki"", -20.5607], [""ruelpa"", -21.6371], [""nahunte"", -21.8706], [""ʃariut"", -22.2366], [""nan"", -22.4098], [""rikur"", -22.6203], [""eul"", -23.0875], [""tuuʃ"", -23.4647], [""uriʃ"", -23.4742], [""ruku"", -23.6545]]"
unar	rum	-5.2876	"[[""rum"", -5.2876], [""numi"", -8.6284], [""ruku"", -10.0683], [""luk"", -10.4303], [""lim"", -10.7531], [""muru"", -11.1125], [""nan"", -12.5757], [""luluki"", -12.6586], [""nap"", -12.8687], [""ni"", -12.8904]]"
unaru	rum	-8.7929	"[[""rum"", -8.7929], [""numi"", -11.482], [""ruku"", -13.2755], [""luk"", -13.5416], [""lim"", -14.2196], [""muru"", -14.6138], [""luluki"", -15.6053], [""nan"", -15.8501], [""nap"", -16.0745], [""ni"", -16.113]]"
unaruk	numi	-10.1672	"[[""numi"", -10.1672], [""rum"", -12.2982], [""ni"", -15.395], [""elma"", -15.752], [""duma"", -16.0267], [""tarma"", -16.3943], [""tarmi"", -16.3943], [""luluki"", -16.5173], [""ruku"", -16.5463], [""luk"", -16.7659]]"
unaruka	numi	-13.6711	"[[""numi"", -13.6711], [""rum"", -15.8008], [""ruku"", -17.3591], [""ni"", -18.8995], [""elma"", -19.2561], [""rapdu"", -19.4594], [""duma"", -19.5302], [""luluki"", -19.6456], [""luk"", -19.8824], [""tarmi"", -19.8985]]"
unarukan	numi	-17.175	"[[""numi"", -17.175], [""nan"", -18.8958], [""rikur"", -18.9636], [""mur"", -19.2953], [""rum"", -19.3033], [""ruelpa"", -19.5336], [""eul"", -19.5775], [""mar"", -19.9894], [""napir"", -20.5448], [""meulli"", -20.6166]]"
unarukana	muru	-19.9841	"[[""muru"", -19.9841], [""numi"", -20.6783], [""luluki"", -21.6763], [""ruelpa"", -22.3422], [""nan"", -22.4028], [""rikur"", -22.4687], [""rum"", -22.8006], [""mur"", -22.8016], [""eul"", -23.0837], [""ruku"", -23.3213]]"
unarukanas	muru	-23.4904	"[[""muru"", -23.4904], [""numi"", -24.1816], [""luluki"", -24.4815], [""ruelpa"", -25.4326], [""ʃariut"", -25.6884], [""ʃimiut"", -25.784], [""nahunte"", -25.8839], [""nan"", -25.9099], [""rikur"", -25.9737], [""rum"", -26.298]]"
uru	am	-10.7916	"[[""am"", -10.7916], [""mur"", -10.866], [""mar"", -10.866], [""lim"", -11.4991], [""kam"", -11.4991], [""ʃam"", -11.4991], [""rum"", -11.4991], [""da"", -12.8387], [""ni"", -12.8387], [""aa"", -12.8387]]"
urus	tit	-12.5619	"[[""tit"", -12.5619], [""pat"", -12.8319], [""hiʃ"", -12.8319], [""hit"", -12.8319], [""ʃam"", -13.6849], [""mur"", -13.9533], [""mar"", -13.9533], [""tuk"", -13.9814], [""ʃin"", -13.9814], [""ʃak"", -13.9814]]"
urusa	ʃutu	-13.0373	"[[""ʃutu"", -13.0373], [""kutu"", -13.5198], [""pitu"", -13.5212], [""hasu"", -13.5212], [""tuku"", -13.9842], [""muru"", -14.3585], [""tuk"", -14.602], [""tuuʃ"", -14.6226], [""turi"", -14.6801], [""ʃuha"", -14.6801]]"
urusai	ʃutu	-16.3631	"[[""ʃutu"", -16.3631], [""kutu"", -17.0246], [""hasu"", -17.0274], [""pitu"", -17.0274], [""tuku"", -17.0784], [""tuuʃ"", -17.4369], [""tuk"", -17.4443], [""ʃuha"", -17.481], [""turi"", -17.481], [""muru"", -17.6413]]"
urusaid	ʃutu	-17.8561	"[[""ʃutu"", -17.8561], [""tuku"", -18.0023], [""tuuʃ"", -18.6849], [""maʃuum"", -18.9149], [""muru"", -18.9899], [""kutu"", -19.8157], [""hasu"", -19.8409], [""pitu"", -19.8409], [""tuk"", -20.2877], [""ʃuha"", -20.2904]]"
urusaida	ʃutu	-20.4081	"[[""ʃutu"", -20.4081], [""tuku"", -20.4896], [""tuuʃ"", -20.9312], [""maʃuum"", -21.1541], [""muru"", -21.5212], [""kutu"", -22.8913], [""pitu"", -22.9416], [""hasu"", -22.9416], [""ʃuha"", -23.2328], [""turi"", -23.2328]]"
urusaidaa	ʃutu	-23.2075	"[[""ʃutu"", -23.2075], [""tuku"", -23.2603], [""tuuʃ"", -23.5618], [""maʃuum"", -23.7792], [""muru"", -24.311], [""kutu"", -26.076], [""ʃutur"", -26.1083], [""hasu"", -26.1599], [""pitu"", -26.1599], [""tuʃʃuip"", -26.263]]"
urusaidaau	tuuʃ	-26.6094	"[[""tuuʃ"", -26.6094], [""ʃutu"", -26.6982], [""tuku"", -26.7501], [""maʃuum"", -26.8254], [""muru"", -27.8015], [""ʃutur"", -29.1542], [""tuʃʃuip"", -29.278], [""ʃuha"", -29.4688], [""turi"", -29.4688], [""tuk"", -29.5212]]"
usa	ʃutu	-6.554	"[[""ʃutu"", -6.554], [""tuku"", -6.9763], [""tuk"", -7.5883], [""kutu"", -7.6101], [""hasu"", -7.6126], [""pitu"", -7.6126], [""tuuʃ"", -7.6309], [""ʃuha"", -7.6662], [""turi"", -7.6662], [""tit"", -9.3632]]"
usai	ʃutu	-9.7703	"[[""ʃutu"", -9.7703], [""tuku"", -10.0683], [""tuk"", -10.4303], [""tuuʃ"", -10.4347], [""turi"", -10.4669], [""ʃuha"", -10.4669], [""ʃudaba"", -11.0805], [""kutu"", -11.1136], [""hasu"", -11.1187], [""pitu"", -11.1187]]"
usaid	ʃutu	-10.9377	"[[""ʃutu"", -10.9377], [""tuku"", -10.9886], [""tuuʃ"", -11.6719], [""tuk"", -13.2735], [""turi"", -13.2762], [""ʃuha"", -13.2762], [""ʃudaba"", -13.8789], [""kutu"", -13.8834], [""hasu"", -13.9288], [""pitu"", -13.9288]]"
usaida	ʃutu	-13.4479	"[[""ʃutu"", -13.4479], [""tuku"", -13.4756], [""tuuʃ"", -13.9172], [""ʃuha"", -16.2185], [""turi"", -16.2185], [""tuk"", -16.2385], [""ʃutur"", -16.5121], [""tuʃʃuip"", -16.7238], [""kutu"", -16.9337], [""ʃudaba"", -16.9451]]"
usaidaa	ʃutu	-16.2283	"[[""ʃutu"", -16.2283], [""tuku"", -16.2461], [""tuuʃ"", -16.5476], [""ʃutur"", -19.149], [""tuʃʃuip"", -19.2648], [""turi"", -19.2674], [""ʃuha"", -19.2674], [""tuk"", -19.3044], [""ukku"", -19.7937], [""bau"", -19.8201]]"
usaidaau	tuuʃ	-19.5952	"[[""tuuʃ"", -19.5952], [""ʃutu"", -19.7185], [""tuku"", -19.7359], [""ʃutur"", -22.1867], [""tuʃʃuip"", -22.2776], [""ʃuha"", -22.4544], [""turi"", -22.4544], [""tuk"", -22.5068], [""buni"", -22.9784], [""maʃuum"", -23.0063]]"
ute	ayak	-9.0398	"[[""ayak"", -9.0398], [""aa"", -10.4301], [""iɡi"", -10.7364], [""ari"", -10.7364], [""eri"", -10.7364], [""ki"", -11.0372], [""ni"", -11.0372], [""da"", -11.0372], [""am"", -11.0372], [""aal"", -11.0928]]"
utei	abba	-11.787	"[[""abba"", -11.787], [""ayak"", -11.8416], [""abebe"", -13.6873], [""aa"", -13.708], [""ibbak"", -13.8607], [""bau"", -13.9396], [""iɡi"", -13.9464], [""ari"", -13.9464], [""eri"", -13.9464], [""am"", -14.1566]]"
uteid	bau	-14.158	"[[""bau"", -14.158], [""abba"", -14.5917], [""buni"", -14.6788], [""ayak"", -14.9293], [""eul"", -15.8624], [""abebe"", -16.3449], [""ibbak"", -16.4765], [""anaku"", -16.7245], [""aa"", -17.0286], [""ari"", -17.2184]]"
uteidi	abba	-15.2755	"[[""abba"", -15.2755], [""ibbak"", -15.3516], [""buni"", -17.4787], [""bau"", -17.5958], [""abebe"", -17.8471], [""tibbe"", -17.9203], [""rabba"", -17.9203], [""abbara"", -18.0762], [""ayak"", -18.1346], [""eul"", -18.7558]]"
uti	abba	-8.3183	"[[""abba"", -8.3183], [""abebe"", -10.4268], [""aa"", -10.4301], [""bau"", -10.4531], [""ibbak"", -10.669], [""ari"", -10.7364], [""iɡi"", -10.7364], [""eri"", -10.7364], [""ʃebe"", -10.9919], [""tibbe"", -11.0068]]"
utin	aal	-10.4069	"[[""aal"", -10.4069], [""aain"", -10.6938], [""atin"", -10.7317], [""nan"", -10.9837], [""eul"", -10.9971], [""par"", -11.0338], [""sir"", -11.0338], [""san"", -11.0338], [""ʃin"", -11.0338], [""hal"", -11.0338]]"
utinu	aal	-13.9069	"[[""aal"", -13.9069], [""aain"", -14.1986], [""abba"", -14.2096], [""atin"", -14.237], [""nan"", -14.4417], [""eul"", -14.4913], [""libair"", -14.538], [""par"", -14.5406], [""har"", -14.5406], [""hal"", -14.5406]]"
utinui	abba	-15.2514	"[[""abba"", -15.2514], [""ibbak"", -15.3499], [""abbara"", -17.179], [""aal"", -17.4068], [""abebe"", -17.5004], [""aain"", -17.7028], [""atin"", -17.7417], [""irti"", -17.7455], [""elpi"", -17.7455], [""anka"", -17.7455]]"
utinuin	abba	-18.109	"[[""abba"", -18.109], [""ibbak"", -18.156], [""abbara"", -18.5086], [""libair"", -19.2492], [""innain"", -19.2836], [""annain"", -19.2836], [""nan"", -19.5519], [""aal"", -19.9148], [""aain"", -20.0897], [""atin"", -20.1319]]"
utinuina	tsibbaru	-19.2636	"[[""tsibbaru"", -19.2636], [""abba"", -21.2256], [""ibbak"", -21.2452], [""abbara"", -21.359], [""anaku"", -21.4168], [""talluh"", -22.122], [""annain"", -22.6171], [""innain"", -22.6171], [""libair"", -22.7535], [""muru"", -22.9216]]"
utinuinai	tsibbaru	-22.7695	"[[""tsibbaru"", -22.7695], [""ibbak"", -24.0639], [""abba"", -24.0698], [""abbara"", -24.4305], [""anaku"", -24.9187], [""talluh"", -24.9645], [""innain"", -25.9101], [""annain"", -25.9101], [""rabba"", -26.1569], [""abebe"", -26.2258]]"
utinuinaid	tsibbaru	-25.5357	"[[""tsibbaru"", -25.5357], [""ibbak"", -27.158], [""abba"", -27.182], [""anaku"", -27.392], [""abbara"", -27.6044], [""ruku"", -27.7565], [""talluh"", -27.8075], [""rabba"", -29.1563], [""annain"", -29.1878], [""innain"", -29.1878]]"
utinuj	aal	-17.4068	"[[""aal"", -17.4068], [""abba"", -17.4161], [""abbara"", -17.6325], [""aain"", -17.7028], [""atin"", -17.7417], [""anka"", -17.7455], [""inɡi"", -17.7455], [""elti"", -17.7455], [""elma"", -17.7455], [""irpi"", -17.7455]]"
utinuja	anaku	-18.426	"[[""anaku"", -18.426], [""tsibbaru"", -19.3992], [""bau"", -20.1244], [""ruku"", -20.2832], [""muru"", -20.5249], [""abba"", -20.6871], [""abbara"", -20.8369], [""aal"", -20.9064], [""elma"", -20.9518], [""elpi"", -20.9518]]"
utinujas	ʃariut	-21.0062	"[[""ʃariut"", -21.0062], [""anaku"", -21.9282], [""tiut"", -22.0767], [""antsi"", -22.2459], [""elti"", -22.2628], [""irti"", -22.2628], [""tsibbaru"", -22.9051], [""tuuʃ"", -23.276], [""ruku"", -23.5661], [""halat"", -23.582]]"
utinujasa	ʃutu	-23.9076	"[[""ʃutu"", -23.9076], [""kutu"", -23.9239], [""anaku"", -24.4462], [""ʃariut"", -24.5119], [""ruku"", -24.9151], [""antsi"", -25.0555], [""elti"", -25.1345], [""irti"", -25.1345], [""pitu"", -25.5324], [""hasu"", -25.5324]]"
utinujasas	antsi	-25.7877	"[[""antsi"", -25.7877], [""ʃariut"", -26.7418], [""tuuʃ"", -26.8969], [""ʃutu"", -27.1717], [""mantsat"", -27.3285], [""kutu"", -27.4262], [""tiut"", -27.5511], [""anaku"", -27.9513], [""irti"", -27.9868], [""elti"", -27.9868]]"
uΦe	am	-10.7916	"[[""am"", -10.7916], [""mur"", -10.866], [""mar"", -10.866], [""rum"", -11.4991], [""kam"", -11.4991], [""ʃam"", -11.4991], [""lim"", -11.4991], [""aa"", -12.8387], [""da"", -12.8387], [""ni"", -12.8387]]"
uΦet	siya	-11.8003	"[[""siya"", -11.8003], [""mete"", -11.8396], [""mar"", -12.6729], [""amma"", -12.7502], [""ʃami"", -12.862], [""meen"", -12.8626], [""elma"", -12.8668], [""numi"", -12.8716], [""duma"", -12.8716], [""aa"", -13.708]]"
uΦetu	mete	-15.0531	"[[""mete"", -15.0531], [""siya"", -15.3009], [""mar"", -15.5819], [""meen"", -15.6715], [""amma"", -16.2391], [""ʃami"", -16.3551], [""elma"", -16.3602], [""duma"", -16.3744], [""numi"", -16.3744], [""aa"", -17.0286]]"
uΦetum	mete	-16.7011	"[[""mete"", -16.7011], [""yadda"", -16.7011], [""aa"", -16.7533], [""meen"", -17.4485], [""siya"", -18.0844], [""mar"", -18.4742], [""amma"", -18.5546], [""elma"", -18.6506], [""ari"", -19.0334], [""eri"", -19.0334]]"
uΦetume	mete	-20.1311	"[[""mete"", -20.1311], [""yadda"", -20.1878], [""aa"", -20.2541], [""meen"", -20.3533], [""siya"", -21.5192], [""mar"", -21.6034], [""amma"", -22.0515], [""ayak"", -22.0832], [""elma"", -22.1485], [""eri"", -22.4697]]"
uΦetumei	meen	-23.4858	"[[""meen"", -23.4858], [""mete"", -23.5646], [""yadda"", -23.6678], [""aa"", -23.755], [""mar"", -24.8369], [""abba"", -24.8744], [""siya"", -24.9588], [""ayak"", -24.9761], [""amma"", -25.5458], [""elma"", -25.6436]]"
uΦetumeij	meen	-26.72	"[[""meen"", -26.72], [""mete"", -27.0013], [""yadda"", -27.1414], [""aa"", -27.2559], [""abba"", -27.7853], [""ayak"", -27.858], [""mar"", -28.1295], [""siya"", -28.3459], [""abebe"", -28.5094], [""marih"", -28.9294]]"
uΦetumeija	mardu	-28.7975	"[[""mardu"", -28.7975], [""meen"", -30.0121], [""mete"", -30.4409], [""yadda"", -30.609], [""bau"", -30.6484], [""aa"", -30.7568], [""abba"", -30.9137], [""ayak"", -30.975], [""muru"", -31.0037], [""mar"", -31.46]]"
wae	dudu	-6.5528	"[[""dudu"", -6.5528], [""ɡuɡu"", -6.5528], [""du ka"", -6.956], [""duma"", -6.9598], [""dunih"", -9.3385], [""dumaʃ"", -9.3385], [""duraʃ"", -9.3385], [""da"", -9.3933], [""uri"", -10.4671], [""bau"", -11.1061]]"
waea	dudu	-7.4801	"[[""dudu"", -7.4801], [""ɡuɡu"", -7.4801], [""du ka"", -9.3795], [""duma"", -9.769], [""ukku"", -11.145], [""dunih"", -12.0128], [""dumaʃ"", -12.0128], [""duraʃ"", -12.0128], [""da"", -12.6134], [""bau"", -13.2363]]"
waead	dudu	-9.9677	"[[""dudu"", -9.9677], [""ɡuɡu"", -9.9677], [""du ka"", -12.0453], [""duma"", -12.7113], [""ukku"", -13.5576], [""duraʃ"", -14.8354], [""dunih"", -14.8354], [""dumaʃ"", -14.8354], [""da"", -15.898], [""ruku"", -16.0357]]"
waeadi	ɡuɡu	-13.4477	"[[""ɡuɡu"", -13.4477], [""dudu"", -13.4477], [""du ka"", -14.8637], [""duma"", -15.8515], [""ukku"", -17.0598], [""duraʃ"", -17.8067], [""dunih"", -17.8067], [""dumaʃ"", -17.8067], [""duliibbe"", -17.843], [""da"", -19.2234]]"
waeadik	du ka	-15.8598	"[[""du ka"", -15.8598], [""duliibbe"", -16.7321], [""dudu"", -16.9276], [""ɡuɡu"", -16.9276], [""duma"", -17.1238], [""ukkubati"", -17.7134], [""da"", -18.8952], [""ʃudaba"", -19.9529], [""duraʃ"", -20.1381], [""dunih"", -20.1381]]"
waeadiki	du ka	-19.2943	"[[""du ka"", -19.2943], [""duliibbe"", -19.5912], [""dudu"", -20.4075], [""ɡuɡu"", -20.4075], [""duma"", -20.5978], [""ukkubati"", -20.8015], [""da"", -22.3997], [""dumaʃ"", -23.0973], [""dunih"", -23.0973], [""duraʃ"", -23.0973]]"
waeadikit	duliibbe	-19.3944	"[[""duliibbe"", -19.3944], [""du ka"", -21.7148], [""abebe"", -21.9619], [""ukkubati"", -22.1584], [""duma"", -23.2489], [""ra-u-ba-sa"", -23.779], [""dudu"", -23.8875], [""ɡuɡu"", -23.8875], [""abba"", -23.963], [""ʃudaba"", -24.1299]]"
waeadikite	duliibbe	-22.89	"[[""duliibbe"", -22.89], [""du ka"", -25.1878], [""abebe"", -25.4611], [""ukkubati"", -25.552], [""duma"", -26.7421], [""ra-u-ba-sa"", -26.8681], [""ɡuɡu"", -27.3676], [""dudu"", -27.3676], [""abba"", -27.4631], [""ʃudaba"", -27.6344]]"
wai	dudu	-6.5528	"[[""dudu"", -6.5528], [""ɡuɡu"", -6.5528], [""du ka"", -6.956], [""duma"", -6.9598], [""duraʃ"", -9.3385], [""dumaʃ"", -9.3385], [""dunih"", -9.3385], [""da"", -9.3933], [""duliibbe"", -9.945], [""bau"", -10.0613]]"
waij	du ka	-9.3892	"[[""du ka"", -9.3892], [""ɡuɡu"", -9.7622], [""dudu"", -9.7622], [""duma"", -10.0472], [""duraʃ"", -12.1581], [""dunih"", -12.1581], [""dumaʃ"", -12.1581], [""da"", -12.6134], [""duliibbe"", -12.7383], [""bau"", -13.0552]]"
waija	dudu	-10.6151	"[[""dudu"", -10.6151], [""ɡuɡu"", -10.6151], [""du ka"", -12.2008], [""duma"", -13.0395], [""bau"", -13.8677], [""ukku"", -14.2331], [""buni"", -14.6623], [""dunih"", -15.0652], [""dumaʃ"", -15.0652], [""duraʃ"", -15.0652]]"
waj	dudu	-6.5528	"[[""dudu"", -6.5528], [""ɡuɡu"", -6.5528], [""du ka"", -6.956], [""duma"", -6.9598], [""dunih"", -9.3385], [""dumaʃ"", -9.3385], [""duraʃ"", -9.3385], [""da"", -9.3933], [""uri"", -10.4671], [""bau"", -11.1061]]"
waja	dudu	-7.4801	"[[""dudu"", -7.4801], [""ɡuɡu"", -7.4801], [""du ka"", -9.3795], [""duma"", -9.769], [""ukku"", -11.145], [""dunih"", -12.0128], [""dumaʃ"", -12.0128], [""duraʃ"", -12.0128], [""da"", -12.6134], [""bau"", -13.2363]]"
wajaa	dudu	-9.9677	"[[""dudu"", -9.9677], [""ɡuɡu"", -9.9677], [""du ka"", -12.0453], [""duma"", -12.7113], [""ukku"", -13.5576], [""duraʃ"", -14.8354], [""dunih"", -14.8354], [""dumaʃ"", -14.8354], [""da"", -15.898], [""ruku"", -16.0357]]"
wajaad	dudu	-12.7385	"[[""dudu"", -12.7385], [""ɡuɡu"", -12.7385], [""du ka"", -14.8616], [""duma"", -15.7602], [""ukku"", -16.2908], [""dunih"", -17.7676], [""dumaʃ"", -17.7676], [""duraʃ"", -17.7676], [""muru"", -18.6896], [""kutu"", -18.6896]]"
wajaadi	ɡuɡu	-16.2283	"[[""ɡuɡu"", -16.2283], [""dudu"", -16.2283], [""du ka"", -17.79], [""duma"", -18.9472], [""ukku"", -19.7949], [""duliibbe"", -20.7662], [""duraʃ"", -20.8063], [""dumaʃ"", -20.8063], [""dunih"", -20.8063], [""tuuʃ"", -21.9483]]"
wajaadik	du ka	-18.8371	"[[""du ka"", -18.8371], [""duliibbe"", -19.646], [""ɡuɡu"", -19.718], [""dudu"", -19.718], [""duma"", -20.2358], [""ukkubati"", -20.4456], [""da"", -22.3988], [""ʃudaba"", -22.8769], [""teumbe"", -23.1329], [""dumaʃ"", -23.2159]]"
wajaadiki	du ka	-22.2812	"[[""du ka"", -22.2812], [""duliibbe"", -22.5698], [""dudu"", -23.2075], [""ɡuɡu"", -23.2075], [""ukkubati"", -23.534], [""duma"", -23.7129], [""ra-u-ba-sa"", -25.3791], [""da"", -25.9034], [""dumaʃ"", -26.1927], [""dunih"", -26.1927]]"
wajaadikit	duliibbe	-22.3637	"[[""duliibbe"", -22.3637], [""du ka"", -24.7523], [""ukkubati"", -24.8917], [""abebe"", -25.3172], [""ra-u-ba-sa"", -25.9897], [""duma"", -26.3857], [""dudu"", -26.6969], [""ɡuɡu"", -26.6969], [""ʃudaba"", -27.1275], [""abba"", -27.3268]]"
wajaaj	dudu	-13.4477	"[[""dudu"", -13.4477], [""ɡuɡu"", -13.4477], [""du ka"", -14.8637], [""duma"", -15.8515], [""ukku"", -17.0598], [""duraʃ"", -17.8067], [""dumaʃ"", -17.8067], [""dunih"", -17.8067], [""da"", -19.2234], [""uri"", -19.3615]]"
wajaaja	ɡuɡu	-16.0434	"[[""ɡuɡu"", -16.0434], [""dudu"", -16.0434], [""du ka"", -17.8301], [""duma"", -19.0145], [""ukku"", -19.5824], [""dunih"", -20.8558], [""duraʃ"", -20.8558], [""dumaʃ"", -20.8558], [""muru"", -21.936], [""tuku"", -21.936]]"
wajaj	dudu	-10.9371	"[[""dudu"", -10.9371], [""ɡuɡu"", -10.9371], [""du ka"", -12.0495], [""duma"", -12.8598], [""ukku"", -14.6425], [""dunih"", -14.906], [""dumaʃ"", -14.906], [""duraʃ"", -14.906], [""da"", -15.898], [""uri"", -16.3689]]"
wajaja	dudu	-13.2007	"[[""dudu"", -13.2007], [""ɡuɡu"", -13.2007], [""du ka"", -14.9365], [""duma"", -15.9549], [""ukku"", -16.7679], [""duraʃ"", -17.8903], [""dunih"", -17.8903], [""dumaʃ"", -17.8903], [""tuku"", -19.2081], [""puhu"", -19.2081]]"
wajajaa	ɡuɡu	-15.9887	"[[""ɡuɡu"", -15.9887], [""dudu"", -15.9887], [""du ka"", -17.9152], [""duma"", -19.0886], [""ukku"", -19.5193], [""dumaʃ"", -20.9354], [""duraʃ"", -20.9354], [""dunih"", -20.9354], [""ruku"", -21.8916], [""puhu"", -21.8916]]"
wajajad	ɡuɡu	-15.9887	"[[""ɡuɡu"", -15.9887], [""dudu"", -15.9887], [""du ka"", -17.9152], [""duma"", -19.0886], [""ukku"", -19.5193], [""dumaʃ"", -20.9354], [""duraʃ"", -20.9354], [""dunih"", -20.9354], [""ruku"", -21.8916], [""puhu"", -21.8916]]"
wajajadi	ɡuɡu	-19.4825	"[[""ɡuɡu"", -19.4825], [""dudu"", -19.4825], [""du ka"", -20.9562], [""duma"", -22.3183], [""ukku"", -23.0239], [""duliibbe"", -23.923], [""duraʃ"", -24.0473], [""dunih"", -24.0473], [""dumaʃ"", -24.0473], [""tuuʃ"", -25.3617]]"
wajajadik	du ka	-22.0592	"[[""du ka"", -22.0592], [""duliibbe"", -22.7938], [""ɡuɡu"", -22.976], [""dudu"", -22.976], [""duma"", -23.62], [""ukkubati"", -23.6736], [""da"", -25.9025], [""ʃudaba"", -26.1605], [""teumbe"", -26.4017], [""ukku"", -26.5277]]"
wajajadiki	du ka	-25.5134	"[[""du ka"", -25.5134], [""duliibbe"", -25.787], [""ɡuɡu"", -26.4695], [""dudu"", -26.4695], [""ukkubati"", -26.7621], [""duma"", -27.1003], [""ra-u-ba-sa"", -28.433], [""da"", -29.407], [""dumaʃ"", -29.5513], [""dunih"", -29.5513]]"
wajajai	ɡuɡu	-16.6869	"[[""ɡuɡu"", -16.6869], [""dudu"", -16.6869], [""du ka"", -17.9165], [""duma"", -19.1644], [""ukku"", -20.2707], [""duliibbe"", -20.8872], [""dumaʃ"", -20.9631], [""dunih"", -20.9631], [""duraʃ"", -20.9631], [""da"", -22.577]]"
wajajain	dudu	-20.173	"[[""dudu"", -20.173], [""ɡuɡu"", -20.173], [""dunih"", -20.5761], [""duraʃ"", -20.5761], [""du ka"", -20.9854], [""duma"", -22.4372], [""purur"", -22.6514], [""kutun"", -22.6805], [""ʃutur"", -22.6805], [""mur"", -22.7215]]"
wajajainw	dudu	-23.1788	"[[""dudu"", -23.1788], [""ɡuɡu"", -23.1788], [""dunih"", -23.3862], [""duraʃ"", -23.3862], [""du ka"", -24.1226], [""duma"", -25.7501], [""purur"", -26.1294], [""ʃutur"", -26.1875], [""kutun"", -26.1875], [""hun"", -26.2287]]"
wajajainwa	ɡuɡu	-21.3158	"[[""ɡuɡu"", -21.3158], [""dudu"", -21.3158], [""duraʃ"", -26.4769], [""dunih"", -26.4769], [""mardu"", -26.6537], [""hindu"", -26.6537], [""muru"", -26.9144], [""du ka"", -27.3106], [""rapdu"", -28.6461], [""duma"", -29.008]]"
wajajaj	dudu	-16.6869	"[[""dudu"", -16.6869], [""ɡuɡu"", -16.6869], [""du ka"", -17.9165], [""duma"", -19.1644], [""ukku"", -20.2707], [""duraʃ"", -20.9631], [""dumaʃ"", -20.9631], [""dunih"", -20.9631], [""da"", -22.577], [""uri"", -22.6745]]"
wajajaja	ɡuɡu	-19.336	"[[""ɡuɡu"", -19.336], [""dudu"", -19.336], [""du ka"", -20.9845], [""duma"", -22.3768], [""ukku"", -22.8563], [""dunih"", -24.085], [""dumaʃ"", -24.085], [""duraʃ"", -24.085], [""kutu"", -25.1835], [""puhu"", -25.1835]]"
wajajas	duraʃ	-15.9482	"[[""duraʃ"", -15.9482], [""dumaʃ"", -15.9482], [""dudu"", -16.6869], [""ɡuɡu"", -16.6869], [""tuuʃ"", -16.7661], [""du ka"", -17.9165], [""duma"", -19.1644], [""tiut"", -19.4252], [""uriʃ"", -19.458], [""ukku"", -20.2707]]"
wajajasa	ɡuɡu	-19.336	"[[""ɡuɡu"", -19.336], [""dudu"", -19.336], [""dumaʃ"", -19.4533], [""duraʃ"", -19.4533], [""ʃutu"", -19.898], [""kutu"", -19.9079], [""tuuʃ"", -20.2646], [""du ka"", -20.9845], [""duma"", -22.3768], [""ukku"", -22.8563]]"
wajajasas	duraʃ	-21.9324	"[[""duraʃ"", -21.9324], [""dumaʃ"", -21.9324], [""tuuʃ"", -22.408], [""ɡuɡu"", -22.8317], [""dudu"", -22.8317], [""ʃutu"", -23.2503], [""kutu"", -23.4112], [""du ka"", -24.1024], [""tiut"", -24.5674], [""ʃutur"", -24.8644]]"
wajajasasa	ʃutu	-22.3857	"[[""ʃutu"", -22.3857], [""duraʃ"", -25.4388], [""dumaʃ"", -25.4388], [""kutu"", -25.6295], [""ɡuɡu"", -25.6785], [""dudu"", -25.6785], [""ʃutur"", -25.7602], [""tuuʃ"", -25.8807], [""idpurattu"", -26.2053], [""utstsun"", -26.2918]]"
wajas	duraʃ	-9.7632	"[[""duraʃ"", -9.7632], [""dumaʃ"", -9.7632], [""ɡuɡu"", -10.9371], [""dudu"", -10.9371], [""tuuʃ"", -11.0826], [""du ka"", -12.0495], [""duma"", -12.8598], [""tiut"", -13.233], [""uriʃ"", -13.2718], [""ukku"", -14.6425]]"
wajase	dumaʃ	-13.2677	"[[""dumaʃ"", -13.2677], [""duraʃ"", -13.2677], [""ɡuɡu"", -14.3951], [""dudu"", -14.3951], [""tuuʃ"", -14.5895], [""du ka"", -14.9388], [""duma"", -16.067], [""tiut"", -16.7385], [""uriʃ"", -16.7763], [""dunih"", -17.9347]]"
wajasek	du ka	-15.9757	"[[""du ka"", -15.9757], [""dumaʃ"", -16.7568], [""duraʃ"", -16.7568], [""duʃarama"", -17.0008], [""duma"", -17.3433], [""kuʃi"", -17.77], [""huta"", -17.77], [""husa"", -17.77], [""ɡuɡu"", -17.8543], [""dudu"", -17.8543]]"
wajaseka	du ka	-19.4194	"[[""du ka"", -19.4194], [""dudu"", -19.8228], [""ɡuɡu"", -19.8228], [""duʃarama"", -19.9901], [""duraʃ"", -20.245], [""dumaʃ"", -20.245], [""ʃutu"", -20.5477], [""kutu"", -20.587], [""duma"", -20.8101], [""huta"", -21.2744]]"
wajasekan	ʃutur	-20.5456	"[[""ʃutur"", -20.5456], [""kutun"", -20.5849], [""ʃutin"", -21.2322], [""duʃarama"", -21.4761], [""utstsun"", -21.6899], [""ʃin"", -22.4104], [""san"", -22.4104], [""sir"", -22.4104], [""ʃalur"", -22.6623], [""du ka"", -22.849]]"
wajasekana	duʃarama	-23.9929	"[[""duʃarama"", -23.9929], [""ʃutur"", -24.0515], [""kutun"", -24.0912], [""ʃutin"", -24.7392], [""utstsun"", -25.1954], [""ʃalur"", -25.6486], [""san"", -25.9175], [""sir"", -25.9175], [""ʃin"", -25.9175], [""ɡuɡu"", -26.0239]]"
wajat	du ka	-10.1523	"[[""du ka"", -10.1523], [""ɡuɡu"", -10.9371], [""dudu"", -10.9371], [""duma"", -10.986], [""da"", -11.8879], [""ɡini"", -13.7195], [""dala"", -13.7195], [""ɡiri"", -13.7195], [""dumaʃ"", -14.0828], [""duraʃ"", -14.0828]]"
wajatu	du ka	-13.5395	"[[""du ka"", -13.5395], [""ɡuɡu"", -14.3951], [""dudu"", -14.3951], [""duma"", -14.4416], [""da"", -15.3924], [""dumaʃ"", -16.986], [""dunih"", -16.986], [""duraʃ"", -16.986], [""dala"", -17.0427], [""ɡini"", -17.0427]]"
wajatur	du ka	-16.9049	"[[""du ka"", -16.9049], [""duma"", -17.506], [""dudu"", -17.8543], [""ɡuɡu"", -17.8543], [""dumaʃ"", -18.3987], [""da"", -18.8969], [""am"", -19.9904], [""duraʃ"", -20.0941], [""dunih"", -20.0941], [""ɡiri"", -20.3899]]"
wajaturu	du ka	-20.2576	"[[""du ka"", -20.2576], [""duma"", -20.7071], [""dumaʃ"", -21.2621], [""ɡuɡu"", -21.3144], [""dudu"", -21.3144], [""da"", -22.4014], [""duraʃ"", -23.2981], [""dunih"", -23.2981], [""duʃarama"", -23.4917], [""am"", -23.4955]]"
wajaturus	dumaʃ	-20.6818	"[[""dumaʃ"", -20.6818], [""duraʃ"", -21.351], [""du ka"", -23.6046], [""duma"", -23.9802], [""dudu"", -24.7756], [""ɡuɡu"", -24.7756], [""uriʃ"", -24.8598], [""tuuʃ"", -25.0895], [""da"", -25.9059], [""dunih"", -26.5581]]"
wajaturusa	dumaʃ	-24.1815	"[[""dumaʃ"", -24.1815], [""duraʃ"", -24.8579], [""dudu"", -26.5559], [""ɡuɡu"", -26.5559], [""du ka"", -26.9504], [""duma"", -27.2904], [""ʃutu"", -27.5407], [""kutu"", -27.5592], [""pitu"", -28.3231], [""hasu"", -28.3231]]"
waz	da	-4.8807	"[[""da"", -4.8807], [""duma"", -5.2648], [""du ka"", -5.3245], [""dudu"", -6.5528], [""ɡuɡu"", -6.5528], [""ɡiri"", -7.2472], [""dala"", -7.2472], [""ɡini"", -7.2472], [""iɡi"", -8.2995], [""dunih"", -8.4476]]"
waza	ɡuɡu	-7.4801	"[[""ɡuɡu"", -7.4801], [""dudu"", -7.4801], [""da"", -8.3852], [""du ka"", -8.5083], [""duma"", -8.6026], [""dala"", -10.4595], [""ɡiri"", -10.4595], [""ɡini"", -10.4595], [""ukku"", -11.145], [""dumaʃ"", -11.2025]]"
wazaΦ	ɡuɡu	-10.9371	"[[""ɡuɡu"", -10.9371], [""dudu"", -10.9371], [""duma"", -11.081], [""dumaʃ"", -11.5168], [""du ka"", -11.5788], [""da"", -11.8897], [""am"", -12.9818], [""ɡini"", -13.7326], [""dala"", -13.7326], [""ɡiri"", -13.7326]]"
wazaΦn	eul	-12.5732	"[[""eul"", -12.5732], [""dunih"", -13.9606], [""duraʃ"", -13.9606], [""duma"", -14.0916], [""dumaʃ"", -14.3361], [""dudu"", -14.3951], [""ɡuɡu"", -14.3951], [""du ka"", -14.6583], [""ɡiri"", -15.2216], [""dala"", -15.2216]]"
wazaΦni	eul	-16.0803	"[[""eul"", -16.0803], [""duraʃ"", -16.7723], [""dunih"", -16.7723], [""duliibbe"", -17.2282], [""duma"", -17.2683], [""dumaʃ"", -17.4294], [""du ka"", -17.7815], [""ɡuɡu"", -17.8543], [""dudu"", -17.8543], [""ɡini"", -18.1048]]"
waΦ	duma	-5.1212	"[[""duma"", -5.1212], [""dumaʃ"", -5.248], [""ɡuɡu"", -6.5528], [""dudu"", -6.5528], [""du ka"", -6.956], [""rum"", -8.0454], [""duraʃ"", -9.3385], [""dunih"", -9.3385], [""da"", -9.3933], [""am"", -10.4301]]"
zaΦ	am	-5.9733	"[[""am"", -5.9733], [""rum"", -8.0454], [""eul"", -8.3035], [""ahhuum"", -8.9049], [""bau"", -8.9653], [""lim"", -9.2588], [""kam"", -9.2588], [""ʃam"", -9.2588], [""amma"", -9.3663], [""amni"", -9.4273]]"
zaΦn	eul	-5.5715	"[[""eul"", -5.5715], [""amni"", -9.4196], [""am"", -9.4784], [""mur"", -10.1484], [""aal"", -10.3999], [""kun"", -10.4271], [""pur"", -10.4271], [""hun"", -10.4271], [""aain"", -10.693], [""atin"", -10.7211]]"
zaΦni	eul	-9.0787	"[[""eul"", -9.0787], [""amni"", -12.2491], [""am"", -12.9836], [""teumbe"", -13.4743], [""mur"", -13.6483], [""aal"", -13.8999], [""unra"", -13.912], [""kun"", -13.9341], [""hun"", -13.9341], [""pur"", -13.9341]]"
Θti	abba	-8.3183	"[[""abba"", -8.3183], [""abebe"", -10.4268], [""aa"", -10.4301], [""bau"", -10.4531], [""ibbak"", -10.669], [""ari"", -10.7364], [""iɡi"", -10.7364], [""eri"", -10.7364], [""ʃebe"", -10.9919], [""tibbe"", -11.0068]]"
Θtij	abba	-11.1208	"[[""abba"", -11.1208], [""ayak"", -12.5311], [""abebe"", -13.0356], [""ibbak"", -13.2166], [""bau"", -13.2637], [""aa"", -13.708], [""tibbe"", -13.8152], [""rabba"", -13.8152], [""ʃebe"", -13.8395], [""iɡi"", -13.9464]]"
Θtija	bau	-13.6856	"[[""bau"", -13.6856], [""abba"", -14.2096], [""buni"", -14.6682], [""ayak"", -15.3378], [""eul"", -15.8624], [""abebe"", -15.9604], [""ibbak"", -16.1042], [""anaku"", -16.7245], [""rabba"", -16.906], [""tibbe"", -16.906]]"
Θtijas	tiut	-15.1715	"[[""tiut"", -15.1715], [""tuuʃ"", -16.6889], [""bau"", -17.1697], [""ʃariut"", -17.21], [""ʃimiut"", -17.21], [""ipiʃ"", -17.2119], [""abba"", -17.4161], [""buni"", -17.4734], [""uriʃ"", -17.7329], [""tit"", -17.8929]]"
Θtijasa	ʃutu	-17.2231	"[[""ʃutu"", -17.2231], [""kutu"", -17.2459], [""hasu"", -18.6241], [""pitu"", -18.6241], [""tiut"", -18.676], [""bau"", -19.7041], [""tuuʃ"", -19.9752], [""buni"", -20.2857], [""kassu"", -20.3484], [""kipʃu"", -20.555]]"
Θtijasas	tuuʃ	-20.0936	"[[""tuuʃ"", -20.0936], [""ʃutu"", -20.407], [""tiut"", -20.6049], [""kutu"", -20.748], [""ʃutur"", -21.536], [""ʃutin"", -21.6775], [""pitu"", -22.1284], [""hasu"", -22.1284], [""atti"", -22.277], [""atta"", -22.277]]"
Θtijasasa	ʃutu	-18.8969	"[[""ʃutu"", -18.8969], [""kassu"", -22.1207], [""ʃutur"", -22.282], [""idpurattu"", -22.537], [""kutu"", -22.795], [""tuuʃ"", -23.4911], [""tuʃʃuip"", -23.8474], [""tiut"", -24.1107], [""utstsun"", -24.3017], [""ʃutin"", -24.4813]]"
Θtijasasar	ʃutu	-22.4031	"[[""ʃutu"", -22.4031], [""maʃuum"", -23.8985], [""ʃutur"", -25.1281], [""kassu"", -25.6269], [""ahhuum"", -25.8986], [""idpurattu"", -26.043], [""kutu"", -26.3017], [""tuʃʃuip"", -26.6493], [""tuuʃ"", -26.8991], [""erientum"", -26.9787]]"
Θuj	am	-12.8387	"[[""am"", -12.8387], [""ki"", -12.8387], [""ni"", -12.8387], [""da"", -12.8387], [""aa"", -12.8387], [""ayak"", -13.4638], [""siya"", -13.7618], [""yadda"", -14.5763], [""huh"", -14.7934], [""pur"", -14.7934]]"
Θuja	bau	-13.5183	"[[""bau"", -13.5183], [""uri"", -14.6534], [""dudu"", -15.2147], [""puhu"", -15.2147], [""ɡuɡu"", -15.2147], [""kutu"", -15.2147], [""ruku"", -15.2147], [""ʃutu"", -15.2147], [""muru"", -15.2147], [""tuku"", -15.2147]]"
Θut	aa	-10.4301	"[[""aa"", -10.4301], [""da"", -10.6883], [""ki"", -10.6883], [""ni"", -10.6883], [""ari"", -10.7272], [""iɡi"", -10.7272], [""eri"", -10.7272], [""uri"", -11.1061], [""am"", -11.5775], [""aal"", -11.7487]]"
Θuti	abba	-11.8146	"[[""abba"", -11.8146], [""abebe"", -13.6821], [""aa"", -13.708], [""bau"", -13.9396], [""iɡi"", -13.9464], [""eri"", -13.9464], [""ari"", -13.9464], [""ʃebe"", -14.0638], [""tibbe"", -14.0902], [""rabba"", -14.0902]]"
Θutin	aal	-13.6889	"[[""aal"", -13.6889], [""aain"", -13.9], [""atin"", -13.9421], [""nan"", -14.119], [""libair"", -14.1198], [""par"", -14.1532], [""sir"", -14.1532], [""san"", -14.1532], [""hal"", -14.1532], [""har"", -14.1532]]"
Θutinu	aal	-17.1903	"[[""aal"", -17.1903], [""aain"", -17.4052], [""atin"", -17.4479], [""nan"", -17.592], [""libair"", -17.6223], [""hal"", -17.6602], [""ʃin"", -17.6602], [""har"", -17.6602], [""par"", -17.6602], [""mar"", -17.6602]]"
Θutinuj	aal	-20.6916	"[[""aal"", -20.6916], [""aain"", -20.91], [""abba"", -20.916], [""atin"", -20.9532], [""nan"", -21.0652], [""libair"", -21.1228], [""abbara"", -21.1287], [""hal"", -21.1671], [""har"", -21.1671], [""san"", -21.1671]]"
Θutinuja	anaku	-21.9287	"[[""anaku"", -21.9287], [""tsibbaru"", -22.2126], [""bau"", -23.5765], [""muru"", -23.7347], [""ruku"", -23.7876], [""hindu"", -24.1395], [""mardu"", -24.1395], [""abba"", -24.1873], [""aal"", -24.1928], [""abbara"", -24.3332]]"
Θutinujas	ʃariut	-24.1168	"[[""ʃariut"", -24.1168], [""tiut"", -25.2431], [""anaku"", -25.4309], [""tsibbaru"", -25.7186], [""antsi"", -25.7503], [""elti"", -25.7671], [""irti"", -25.7671], [""tuuʃ"", -26.6173], [""halat"", -26.6951], [""ʃeriit"", -26.7031]]"
Θutinujasa	ʃutu	-27.2833	"[[""ʃutu"", -27.2833], [""kutu"", -27.2976], [""ʃariut"", -27.6225], [""anaku"", -27.9492], [""ruku"", -28.4218], [""tsibbaru"", -28.5267], [""antsi"", -28.56], [""irti"", -28.6389], [""elti"", -28.6389], [""pitu"", -28.7123]]"
Θwa	ɡuɡu	-6.554	"[[""ɡuɡu"", -6.554], [""dudu"", -6.554], [""hidu"", -7.6126], [""duma"", -7.6662], [""da"", -9.783], [""rapdu"", -10.0415], [""mardu"", -10.0415], [""hindu"", -10.0415], [""du ka"", -10.3551], [""dunih"", -10.4115]]"
Θwae	ɡuɡu	-9.7703	"[[""ɡuɡu"", -9.7703], [""dudu"", -9.7703], [""du ka"", -10.4629], [""duma"", -10.4669], [""hidu"", -11.1187], [""duraʃ"", -12.8455], [""dumaʃ"", -12.8455], [""dunih"", -12.8455], [""da"", -12.8904], [""mardu"", -13.5473]]"
Θwaea	dudu	-10.9377	"[[""dudu"", -10.9377], [""ɡuɡu"", -10.9377], [""du ka"", -12.8865], [""duma"", -13.2762], [""hidu"", -13.9288], [""ukku"", -14.6406], [""dunih"", -15.5199], [""dumaʃ"", -15.5199], [""duraʃ"", -15.5199], [""da"", -16.113]]"
Θwaead	dudu	-13.4479	"[[""dudu"", -13.4479], [""ɡuɡu"", -13.4479], [""du ka"", -15.5524], [""duma"", -16.2185], [""hidu"", -17.0267], [""ukku"", -17.0582], [""dumaʃ"", -18.3425], [""duraʃ"", -18.3425], [""dunih"", -18.3425], [""kutu"", -19.1745]]"
Θwaeadi	dudu	-16.9285	"[[""dudu"", -16.9285], [""ɡuɡu"", -16.9285], [""du ka"", -18.3709], [""duma"", -19.3587], [""hidu"", -20.5341], [""ukku"", -20.5605], [""duraʃ"", -21.3138], [""dumaʃ"", -21.3138], [""dunih"", -21.3138], [""duliibbe"", -21.3501]]"
Θwaeadik	du ka	-19.367	"[[""du ka"", -19.367], [""duliibbe"", -20.2393], [""ɡuɡu"", -20.4091], [""dudu"", -20.4091], [""duma"", -20.631], [""ukkubati"", -21.214], [""qaduukqa"", -21.6872], [""da"", -22.4023], [""ʃudaba"", -22.8716], [""teumbe"", -23.3683]]"
Θwaeadiki	du ka	-22.8015	"[[""du ka"", -22.8015], [""duliibbe"", -23.0984], [""ɡuɡu"", -23.8898], [""dudu"", -23.8898], [""duma"", -24.105], [""ukkubati"", -24.3021], [""qaduukqa"", -25.1821], [""ra-u-ba-sa"", -25.6613], [""da"", -25.9068], [""ʃudaba"", -26.2886]]"
Θwaeadikit	duliibbe	-22.9015	"[[""duliibbe"", -22.9015], [""du ka"", -25.222], [""abebe"", -25.3172], [""ukkubati"", -25.6591], [""ra-u-ba-sa"", -26.2716], [""ʃudaba"", -26.5909], [""duma"", -26.7561], [""abba"", -27.3268], [""ɡuɡu"", -27.3704], [""dudu"", -27.3704]]"
Θwaj	ɡuɡu	-9.7703	"[[""ɡuɡu"", -9.7703], [""dudu"", -9.7703], [""du ka"", -10.4629], [""duma"", -10.4669], [""hidu"", -11.1187], [""duraʃ"", -12.8455], [""dumaʃ"", -12.8455], [""dunih"", -12.8455], [""da"", -12.8904], [""mardu"", -13.5473]]"
Θwaja	dudu	-10.9377	"[[""dudu"", -10.9377], [""ɡuɡu"", -10.9377], [""du ka"", -12.8865], [""duma"", -13.2762], [""hidu"", -13.9288], [""ukku"", -14.6406], [""dunih"", -15.5199], [""dumaʃ"", -15.5199], [""duraʃ"", -15.5199], [""da"", -16.113]]"
Θwajaa	dudu	-13.4479	"[[""dudu"", -13.4479], [""ɡuɡu"", -13.4479], [""du ka"", -15.5524], [""duma"", -16.2185], [""hidu"", -17.0267], [""ukku"", -17.0582], [""dumaʃ"", -18.3425], [""duraʃ"", -18.3425], [""dunih"", -18.3425], [""kutu"", -19.1745]]"
Θwajaad	ɡuɡu	-16.2283	"[[""ɡuɡu"", -16.2283], [""dudu"", -16.2283], [""du ka"", -18.3688], [""duma"", -19.2674], [""ukku"", -19.7937], [""hidu"", -20.242], [""duraʃ"", -21.2747], [""dumaʃ"", -21.2747], [""dunih"", -21.2747], [""muru"", -21.8746]]"
Θwajaadi	dudu	-19.7185	"[[""dudu"", -19.7185], [""ɡuɡu"", -19.7185], [""du ka"", -21.2972], [""duma"", -22.4544], [""ukku"", -23.2978], [""hidu"", -23.7495], [""duliibbe"", -24.2734], [""dumaʃ"", -24.3134], [""duraʃ"", -24.3134], [""dunih"", -24.3134]]"
Θwajaadik	du ka	-22.3443	"[[""du ka"", -22.3443], [""duliibbe"", -23.1531], [""ɡuɡu"", -23.2084], [""dudu"", -23.2084], [""duma"", -23.743], [""ukkubati"", -23.9485], [""qaduukqa"", -24.363], [""da"", -25.9059], [""ʃudaba"", -25.9124], [""teumbe"", -26.2949]]"
Θwajaadiki	du ka	-25.7884	"[[""du ka"", -25.7884], [""duliibbe"", -26.077], [""dudu"", -26.6983], [""ɡuɡu"", -26.6983], [""ukkubati"", -27.0369], [""duma"", -27.2201], [""qaduukqa"", -27.8588], [""ra-u-ba-sa"", -28.1402], [""ʃudaba"", -29.3469], [""da"", -29.4105]]"
Θwajaaj	dudu	-16.9285	"[[""dudu"", -16.9285], [""ɡuɡu"", -16.9285], [""du ka"", -18.3709], [""duma"", -19.3587], [""hidu"", -20.5341], [""ukku"", -20.5605], [""dunih"", -21.3138], [""dumaʃ"", -21.3138], [""duraʃ"", -21.3138], [""tuuʃ"", -22.5438]]"
Θwajaaja	dudu	-19.5364	"[[""dudu"", -19.5364], [""ɡuɡu"", -19.5364], [""du ka"", -21.3373], [""duma"", -22.5217], [""ukku"", -23.0861], [""hidu"", -23.7463], [""dumaʃ"", -24.3629], [""dunih"", -24.3629], [""duraʃ"", -24.3629], [""muru"", -25.1408]]"
Θwajaj	dudu	-14.3971	"[[""dudu"", -14.3971], [""ɡuɡu"", -14.3971], [""du ka"", -15.5566], [""duma"", -16.367], [""hidu"", -17.4359], [""ukku"", -18.1382], [""duraʃ"", -18.4131], [""dumaʃ"", -18.4131], [""dunih"", -18.4131], [""da"", -19.3992]]"
Θwajaja	dudu	-16.6872	"[[""dudu"", -16.6872], [""ɡuɡu"", -16.6872], [""du ka"", -18.4436], [""duma"", -19.4621], [""ukku"", -20.27], [""hidu"", -20.5304], [""dumaʃ"", -21.3975], [""duraʃ"", -21.3975], [""dunih"", -21.3975], [""kutu"", -22.373]]"
Θwajajaa	dudu	-19.4825	"[[""dudu"", -19.4825], [""ɡuɡu"", -19.4825], [""du ka"", -21.4223], [""duma"", -22.5958], [""ukku"", -23.0231], [""hidu"", -23.7436], [""dumaʃ"", -24.4426], [""duraʃ"", -24.4426], [""dunih"", -24.4426], [""muru"", -25.0941]]"
Θwajajad	dudu	-19.4825	"[[""dudu"", -19.4825], [""ɡuɡu"", -19.4825], [""du ka"", -21.4223], [""duma"", -22.5958], [""ukku"", -23.0231], [""hidu"", -23.7436], [""dumaʃ"", -24.4426], [""duraʃ"", -24.4426], [""dunih"", -24.4426], [""muru"", -25.0941]]"
Θwajajadi	ɡuɡu	-22.9764	"[[""ɡuɡu"", -22.9764], [""dudu"", -22.9764], [""du ka"", -24.4634], [""duma"", -25.8255], [""ukku"", -26.5277], [""hidu"", -27.2511], [""duliibbe"", -27.4302], [""dumaʃ"", -27.5544], [""dunih"", -27.5544], [""duraʃ"", -27.5544]]"
Θwajajadik	du ka	-25.5664	"[[""du ka"", -25.5664], [""duliibbe"", -26.3009], [""ɡuɡu"", -26.4702], [""dudu"", -26.4702], [""duma"", -27.1272], [""ukkubati"", -27.1773], [""qaduukqa"", -27.8006], [""ʃudaba"", -29.2177], [""da"", -29.4096], [""teumbe"", -29.5836]]"
Θwajajai	ɡuɡu	-20.1739	"[[""ɡuɡu"", -20.1739], [""dudu"", -20.1739], [""du ka"", -21.4237], [""duma"", -22.6716], [""ukku"", -23.7728], [""hidu"", -24.0377], [""duliibbe"", -24.3944], [""dumaʃ"", -24.4703], [""duraʃ"", -24.4703], [""dunih"", -24.4703]]"
Θwajajain	dudu	-23.6604	"[[""dudu"", -23.6604], [""ɡuɡu"", -23.6604], [""kidur"", -24.0331], [""dunih"", -24.0833], [""duraʃ"", -24.0833], [""du ka"", -24.4926], [""purur"", -25.8231], [""ʃutur"", -25.8489], [""kutun"", -25.8489], [""duma"", -25.9444]]"
Θwajajainw	ɡuɡu	-26.674	"[[""ɡuɡu"", -26.674], [""dudu"", -26.674], [""dunih"", -26.8934], [""duraʃ"", -26.8934], [""kidur"", -27.5402], [""du ka"", -27.6298], [""duma"", -29.2573], [""purur"", -29.3043], [""kutun"", -29.3559], [""ʃutur"", -29.3559]]"
Θwajajaj	dudu	-20.1739	"[[""dudu"", -20.1739], [""ɡuɡu"", -20.1739], [""du ka"", -21.4237], [""duma"", -22.6716], [""ukku"", -23.7728], [""hidu"", -24.0377], [""duraʃ"", -24.4703], [""dumaʃ"", -24.4703], [""dunih"", -24.4703], [""qaduukqa"", -25.7828]]"
Θwajajaja	dudu	-22.8318	"[[""dudu"", -22.8318], [""ɡuɡu"", -22.8318], [""du ka"", -24.4917], [""duma"", -25.884], [""ukku"", -26.3605], [""hidu"", -27.2474], [""dumaʃ"", -27.5922], [""dunih"", -27.5922], [""duraʃ"", -27.5922], [""muru"", -28.4027]]"
Θwajajas	duraʃ	-19.4554	"[[""duraʃ"", -19.4554], [""dumaʃ"", -19.4554], [""tuuʃ"", -19.9576], [""dudu"", -20.1739], [""ɡuɡu"", -20.1739], [""du ka"", -21.4237], [""tiut"", -22.6375], [""duma"", -22.6716], [""uriʃ"", -22.9631], [""ukku"", -23.7728]]"
Θwajajasa	dudu	-22.8318	"[[""dudu"", -22.8318], [""ɡuɡu"", -22.8318], [""duraʃ"", -22.9604], [""dumaʃ"", -22.9604], [""ʃutu"", -23.1864], [""kutu"", -23.1943], [""tuuʃ"", -23.4582], [""du ka"", -24.4917], [""duma"", -25.884], [""tiut"", -26.1413]]"
Θwajajasas	duraʃ	-25.4396	"[[""duraʃ"", -25.4396], [""dumaʃ"", -25.4396], [""tuuʃ"", -25.6703], [""ɡuɡu"", -26.3276], [""dudu"", -26.3276], [""ʃutu"", -26.5668], [""kutu"", -26.6977], [""du ka"", -27.6096], [""tiut"", -27.9578], [""ʃutur"", -28.3031]]"
Θwajas	duraʃ	-13.2703	"[[""duraʃ"", -13.2703], [""dumaʃ"", -13.2703], [""tuuʃ"", -14.185], [""dudu"", -14.3971], [""ɡuɡu"", -14.3971], [""du ka"", -15.5566], [""tiut"", -16.3293], [""duma"", -16.367], [""uriʃ"", -16.7749], [""hidu"", -17.4359]]"
Θwajase	duraʃ	-16.7749	"[[""duraʃ"", -16.7749], [""dumaʃ"", -16.7749], [""tuuʃ"", -17.692], [""ɡuɡu"", -17.8574], [""dudu"", -17.8574], [""du ka"", -18.4459], [""duma"", -19.5742], [""tiut"", -19.8354], [""uriʃ"", -20.2795], [""hidu"", -20.9429]]"
Θwajasek	du ka	-19.4829	"[[""du ka"", -19.4829], [""dumaʃ"", -20.264], [""duraʃ"", -20.264], [""duʃarama"", -20.508], [""duma"", -20.8505], [""husa"", -20.9926], [""huta"", -20.9926], [""kuʃi"", -20.9926], [""tuuʃ"", -21.1989], [""dudu"", -21.3186]]"
Θwajaseka	du ka	-22.9265	"[[""du ka"", -22.9265], [""dudu"", -23.3161], [""ɡuɡu"", -23.3161], [""duʃarama"", -23.4973], [""dumaʃ"", -23.7522], [""duraʃ"", -23.7522], [""ʃutu"", -23.7798], [""kutu"", -23.8094], [""duma"", -24.3173], [""huta"", -24.4969]]"
Θwajasekan	ʃutur	-23.7777	"[[""ʃutur"", -23.7777], [""kutun"", -23.8074], [""ʃutin"", -24.4643], [""duʃarama"", -24.9833], [""utstsun"", -25.1876], [""sir"", -25.9175], [""san"", -25.9175], [""ʃin"", -25.9175], [""ʃalur"", -26.1674], [""du ka"", -26.3562]]"
Θwajat	du ka	-13.6594	"[[""du ka"", -13.6594], [""ɡuɡu"", -14.3971], [""dudu"", -14.3971], [""duma"", -14.4932], [""da"", -15.395], [""qaduukqa"", -16.6215], [""ɡini"", -17.2254], [""dala"", -17.2254], [""ɡiri"", -17.2254], [""hidu"", -17.4346]]"
Θwajatu	du ka	-17.0466	"[[""du ka"", -17.0466], [""ɡuɡu"", -17.8574], [""dudu"", -17.8574], [""duma"", -17.9488], [""da"", -18.8995], [""qaduukqa"", -20.1075], [""dunih"", -20.4931], [""duraʃ"", -20.4931], [""dumaʃ"", -20.4931], [""ɡini"", -20.5488]]"
Θwajatur	du ka	-20.412	"[[""du ka"", -20.412], [""duma"", -21.0131], [""dudu"", -21.3186], [""ɡuɡu"", -21.3186], [""dumaʃ"", -21.9059], [""da"", -22.404], [""am"", -23.4946], [""qaduukqa"", -23.5867], [""dunih"", -23.6013], [""duraʃ"", -23.6013]]"
Θwajaturu	du ka	-23.7647	"[[""du ka"", -23.7647], [""duma"", -24.2143], [""dumaʃ"", -24.7693], [""ɡuɡu"", -24.7807], [""dudu"", -24.7807], [""da"", -25.9085], [""duraʃ"", -26.8052], [""dunih"", -26.8052], [""duʃarama"", -26.9988], [""am"", -26.9998]]"
Θwajaturus	dumaʃ	-24.189	"[[""dumaʃ"", -24.189], [""duraʃ"", -24.8582], [""du ka"", -27.1117], [""duma"", -27.4873], [""tuuʃ"", -28.1948], [""dudu"", -28.2436], [""ɡuɡu"", -28.2436], [""uriʃ"", -28.3552], [""da"", -29.4131], [""kumaʃ"", -29.8118]]"
Φet	mete	-8.3389	"[[""mete"", -8.3389], [""siya"", -8.9826], [""mar"", -9.1689], [""meen"", -9.3609], [""aa"", -10.4301], [""mur"", -10.4531], [""da"", -10.6883], [""ki"", -10.6883], [""ni"", -10.6883], [""ari"", -10.7272]]"
Φetu	mete	-11.5514	"[[""mete"", -11.5514], [""mar"", -12.0774], [""meen"", -12.1693], [""siya"", -12.4812], [""mur"", -13.657], [""aa"", -13.708], [""yadda"", -13.888], [""iɡi"", -13.9464], [""eri"", -13.9464], [""ari"", -13.9464]]"
Φetum	yadda	-13.1958	"[[""yadda"", -13.1958], [""mete"", -13.1969], [""aa"", -13.2525], [""meen"", -13.944], [""mar"", -14.9693], [""siya"", -15.2467], [""ari"", -15.6068], [""eri"", -15.6068], [""iɡi"", -15.6068], [""meulli"", -15.7023]]"
Φetume	mete	-16.6268	"[[""mete"", -16.6268], [""yadda"", -16.6824], [""aa"", -16.7533], [""meen"", -16.8486], [""mar"", -18.0984], [""siya"", -18.643], [""ayak"", -18.6546], [""iɡi"", -19.0374], [""eri"", -19.0374], [""ari"", -19.0374]]"
Φetumei	meen	-19.9811	"[[""meen"", -19.9811], [""mete"", -20.0603], [""yadda"", -20.1624], [""aa"", -20.2541], [""mar"", -21.3318], [""abba"", -21.3754], [""ayak"", -21.5246], [""siya"", -22.0503], [""marih"", -22.2354], [""abebe"", -22.2477]]"
Φetumeij	meen	-23.2152	"[[""meen"", -23.2152], [""mete"", -23.4969], [""yadda"", -23.636], [""aa"", -23.755], [""abba"", -24.2838], [""ayak"", -24.3878], [""mar"", -24.6243], [""abebe"", -25.074], [""siya"", -25.3865], [""marih"", -25.4251]]"
Φetumeija	mardu	-25.2923	"[[""mardu"", -25.2923], [""meen"", -26.5073], [""mete"", -26.9365], [""yadda"", -27.1036], [""bau"", -27.2548], [""aa"", -27.2559], [""abba"", -27.4112], [""ayak"", -27.4978], [""muru"", -27.5014], [""mar"", -27.9548]]"
Φetumeijas	tiut	-27.9203	"[[""tiut"", -27.9203], [""ʃimiut"", -28.6063], [""ʃariut"", -28.7656], [""mardu"", -28.7955], [""mantsat"", -29.1204], [""ipiʃ"", -29.3422], [""mete"", -29.3731], [""teiʃ"", -29.4428], [""meen"", -29.8369], [""tuuʃ"", -29.979]]"
Φni	mur	-7.9372	"[[""mur"", -7.9372], [""mar"", -7.9372], [""meen"", -8.0661], [""nan"", -9.3632], [""rabba"", -9.7195], [""rum"", -9.7759], [""lim"", -9.7759], [""nap"", -9.7806], [""luk"", -9.7806], [""ni"", -9.783]]"
adikite	abebe	-15.6125	"[[""abebe"", -15.6125], [""ukkubati"", -16.8365], [""abba"", -17.5574], [""tibbe"", -18.0811], [""rabba"", -18.0811], [""ʃudaba"", -18.6558], [""ʃebe"", -18.679], [""bela"", -19.0106], [""bali"", -19.0106], [""bera"", -19.0106]]"
adikitete	abebe	-21.8424	"[[""abebe"", -21.8424], [""ukkubati"", -22.5045], [""abba"", -23.8264], [""rabba"", -24.3925], [""tibbe"", -24.3925], [""bali"", -24.6848], [""bera"", -24.6848], [""bela"", -24.6848], [""abbara"", -24.7433], [""ʃudaba"", -25.0035]]"
aja	ukku	-7.6458	"[[""ukku"", -7.6458], [""uri"", -9.7735], [""bau"", -10.4121], [""puhu"", -10.8456], [""ʃutu"", -10.8456], [""tuku"", -10.8456], [""ɡuɡu"", -10.8456], [""dudu"", -10.8456], [""ruku"", -10.8456], [""muru"", -10.8456]]"
anatiΘwaja	rapdu	-24.5938	"[[""rapdu"", -24.5938], [""uri"", -26.5947], [""ruku"", -26.6859], [""ɡuɡu"", -27.0147], [""dudu"", -27.0147], [""rabba"", -27.4995], [""hindu"", -27.8471], [""mardu"", -27.8471], [""hidu"", -27.8691], [""uriʃ"", -28.026]]"
asasara	ʃutu	-11.2	"[[""ʃutu"", -11.2], [""ʃutur"", -13.9566], [""utstsun"", -15.8556], [""tuʃʃuip"", -16.1015], [""maʃuum"", -16.3733], [""tuuʃ"", -16.4166], [""tuku"", -16.4663], [""kutu"", -16.4694], [""ʃutin"", -16.7537], [""tsul"", -16.7713]]"
ataiΘwae	dudu	-20.915	"[[""dudu"", -20.915], [""ɡuɡu"", -20.915], [""hidu"", -22.1323], [""ukku"", -23.3513], [""bau"", -23.7222], [""rapdu"", -24.0736], [""hindu"", -24.0736], [""mardu"", -24.0736], [""abba"", -24.1603], [""du ka"", -24.4221]]"
ataiΘwaja	ɡuɡu	-23.5204	"[[""ɡuɡu"", -23.5204], [""dudu"", -23.5204], [""hidu"", -24.9484], [""ukku"", -26.0051], [""bau"", -26.4105], [""du ka"", -26.8831], [""rapdu"", -26.8849], [""hindu"", -26.8849], [""mardu"", -26.8849], [""buni"", -27.2859]]"
dada	ukku	-9.5524	"[[""ukku"", -9.5524], [""uri"", -12.3607], [""ɡuɡu"", -12.5325], [""dudu"", -12.5325], [""kutu"", -12.5325], [""ruku"", -12.5325], [""muru"", -12.5325], [""ʃutu"", -12.5325], [""puhu"", -12.5325], [""tuku"", -12.5325]]"
damate	aa	-16.7533	"[[""aa"", -16.7533], [""uri"", -17.0371], [""ukku"", -17.0563], [""unra"", -17.1346], [""bau"", -18.3448], [""eul"", -18.369], [""unsaha"", -18.4338], [""ulkina"", -18.4338], [""ayak"", -18.8192], [""ruelpa"", -19.0292]]"
daserate	ʃutu	-21.1633	"[[""ʃutu"", -21.1633], [""kutu"", -21.2777], [""huta"", -21.9571], [""husa"", -21.9571], [""kuʃi"", -21.9571], [""putmaʃ"", -22.1448], [""sukma"", -22.1461], [""tuuʃ"", -22.1691], [""siya"", -22.1962], [""ʃami"", -22.5192]]"
dawa	dudu	-7.2163	"[[""dudu"", -7.2163], [""ɡuɡu"", -7.2163], [""ukku"", -10.0548], [""hidu"", -10.4268], [""duma"", -11.1641], [""rapdu"", -12.5751], [""mardu"", -12.5751], [""hindu"", -12.5751], [""uri"", -12.5792], [""muru"", -13.1109]]"
di	bau	-6.9652	"[[""bau"", -6.9652], [""uri"", -6.9652], [""abba"", -9.3433], [""buni"", -9.3665], [""ukku"", -9.3665], [""uriʃ"", -9.3712], [""unra"", -9.3712], [""am"", -9.7452], [""aa"", -9.7452], [""da"", -9.7452]]"
ida	bau	-6.5187	"[[""bau"", -6.5187], [""buni"", -6.5624], [""ukku"", -8.3388], [""uri"", -10.0708], [""kutu"", -10.7645], [""tuku"", -10.7645], [""ʃutu"", -10.7645], [""puhu"", -10.7645], [""muru"", -10.7645], [""dudu"", -10.7645]]"
idaa	bau	-9.3526	"[[""bau"", -9.3526], [""buni"", -9.3687], [""ukku"", -10.467], [""uri"", -12.8781], [""kutu"", -12.962], [""ɡuɡu"", -12.962], [""ruku"", -12.962], [""dudu"", -12.962], [""muru"", -12.962], [""tuku"", -12.962]]"
idi	buni	-6.9581	"[[""buni"", -6.9581], [""bau"", -7.4581], [""abba"", -10.2914], [""ibbak"", -10.4132], [""uri"", -10.4671], [""bera"", -11.3549], [""bela"", -11.3549], [""bali"", -11.3549], [""ukku"", -12.4554], [""tuku"", -12.679]]"
ija	bau	-6.8955	"[[""bau"", -6.8955], [""buni"", -7.6557], [""uri"", -11.1612], [""bela"", -11.5051], [""bera"", -11.5051], [""bali"", -11.5051], [""kutu"", -12.2549], [""muru"", -12.2549], [""ʃutu"", -12.2549], [""tuku"", -12.2549]]"
ijaredija	muru	-25.6737	"[[""muru"", -25.6737], [""bau"", -25.8496], [""buni"", -26.0877], [""ukku"", -26.858], [""teumbe"", -27.8808], [""mur"", -28.1413], [""rum"", -28.6448], [""tuku"", -28.9248], [""kutu"", -28.9248], [""ʃutu"", -28.9248]]"
inaida	ruku	-13.4756	"[[""ruku"", -13.4756], [""bau"", -15.5286], [""buni"", -15.838], [""numi"", -16.2185], [""rum"", -16.2385], [""luk"", -16.2385], [""luluki"", -16.5531], [""muru"", -16.9337], [""ukku"", -17.0582], [""rapdu"", -18.1284]]"
inajareta	numi	-19.9907	"[[""numi"", -19.9907], [""rum"", -22.1221], [""bau"", -23.0652], [""ruku"", -23.3304], [""buni"", -24.1213], [""luluki"", -24.7301], [""duma"", -25.5868], [""bali"", -25.6267], [""bera"", -25.6267], [""bela"", -25.6267]]"
ipi	bau	-9.0837	"[[""bau"", -9.0837], [""bakkah"", -9.2791], [""pak"", -9.3632], [""huh"", -9.3632], [""kik"", -9.3632], [""hap"", -9.3632], [""ibbak"", -9.73], [""pat"", -9.7806], [""hit"", -9.7806], [""hiʃ"", -9.7806]]"
ipinama	bau	-15.3824	"[[""bau"", -15.3824], [""buni"", -17.1461], [""bela"", -17.4113], [""bali"", -17.4113], [""bera"", -17.4113], [""puhu"", -17.8555], [""kutu"", -17.9015], [""ruku"", -17.9515], [""qara"", -18.0826], [""kari"", -18.0826]]"
iti	bela	-7.2461	"[[""bela"", -7.2461], [""bera"", -7.2461], [""bali"", -7.2461], [""bau"", -7.4824], [""abba"", -8.1562], [""abebe"", -8.1915], [""buni"", -8.321], [""ibbak"", -9.8621], [""balina"", -10.0012], [""aa"", -10.4301]]"
ja	bau	-7.6098	"[[""bau"", -7.6098], [""uri"", -7.6655], [""tuku"", -9.5318], [""ʃutu"", -9.5318], [""ruku"", -9.5318], [""muru"", -9.5318], [""ɡuɡu"", -9.5318], [""kutu"", -9.5318], [""dudu"", -9.5318], [""puhu"", -9.5318]]"
jadikitu	abebe	-18.8419	"[[""abebe"", -18.8419], [""ukkubati"", -20.3303], [""abba"", -20.815], [""rabba"", -21.1793], [""tibbe"", -21.1793], [""ʃudaba"", -21.6294], [""ʃebe"", -21.9411], [""bali"", -22.5174], [""bela"", -22.5174], [""bera"", -22.5174]]"
jainwaza	bau	-19.5793	"[[""bau"", -19.5793], [""uri"", -19.5883], [""hindu"", -19.8413], [""mardu"", -19.8413], [""ɡuɡu"", -20.476], [""dudu"", -20.476], [""rapdu"", -20.8661], [""muru"", -20.9417], [""inɡi"", -20.9982], [""harɡi"", -21.2168]]"
jaja	ukku	-11.145	"[[""ukku"", -11.145], [""bau"", -13.2363], [""uri"", -13.2776], [""ʃutu"", -13.6619], [""tuku"", -13.6619], [""muru"", -13.6619], [""puhu"", -13.6619], [""ɡuɡu"", -13.6619], [""dudu"", -13.6619], [""kutu"", -13.6619]]"
jasa	ʃutu	-7.5839	"[[""ʃutu"", -7.5839], [""kutu"", -7.6401], [""tuuʃ"", -10.3927], [""pitu"", -10.4268], [""hasu"", -10.4268], [""tuku"", -10.4485], [""ʃutur"", -10.9553], [""kutun"", -11.0334], [""tiut"", -11.0758], [""tuk"", -11.0904]]"
jasasa	ʃutu	-8.3837	"[[""ʃutu"", -8.3837], [""ʃutur"", -11.7737], [""kutu"", -13.0591], [""tuuʃ"", -13.346], [""utstsun"", -13.7982], [""tuʃʃuip"", -13.864], [""kassu"", -13.9198], [""ʃutin"", -13.9681], [""tuku"", -14.443], [""tiut"", -14.4637]]"
jasasara	ʃutu	-14.7049	"[[""ʃutu"", -14.7049], [""ʃutur"", -17.4608], [""maʃuum"", -19.1931], [""utstsun"", -19.3589], [""tuʃʃuip"", -19.3691], [""kutu"", -19.4876], [""tuuʃ"", -19.8302], [""tuku"", -19.9727], [""kassu"", -20.2423], [""ʃutin"", -20.2585]]"
jasasarama	ʃutu	-21.312	"[[""ʃutu"", -21.312], [""ʃutur"", -23.6841], [""tuʃʃuip"", -23.9597], [""utstsun"", -25.4463], [""ʃutin"", -25.583], [""sukma"", -25.818], [""ʃiutmana"", -26.0028], [""tuku"", -26.0041], [""kutu"", -26.1348], [""tuuʃ"", -26.1386]]"
jasasarame	ʃutu	-21.7191	"[[""ʃutu"", -21.7191], [""ʃutur"", -23.7977], [""tuʃʃuip"", -23.9983], [""ʃutin"", -25.5832], [""utstsun"", -25.6329], [""sukma"", -25.8182], [""ʃiutmana"", -26.0029], [""maʃuum"", -26.1812], [""tuuʃ"", -26.347], [""kutu"", -26.5022]]"
jasaunakanasi	tuuʃ	-31.146	"[[""tuuʃ"", -31.146], [""ʃariut"", -31.5564], [""uriʃ"", -32.9052], [""tiut"", -32.9089], [""tranku"", -33.2961], [""ʃutur"", -33.4295], [""turi"", -33.565], [""ʃalur"", -33.7033], [""kurrusa"", -33.8456], [""purur"", -33.9057]]"
jataiΘuja	ukku	-26.692	"[[""ukku"", -26.692], [""bau"", -26.9251], [""abba"", -27.6607], [""eul"", -28.1074], [""buni"", -28.613], [""ukkubati"", -28.723], [""abebe"", -28.9492], [""uri"", -28.9943], [""ruku"", -29.0951], [""kutu"", -29.0951]]"
jawa	dudu	-7.5839	"[[""dudu"", -7.5839], [""ɡuɡu"", -7.5839], [""hidu"", -10.4268], [""ukku"", -11.145], [""duma"", -11.1678], [""yadda"", -12.5261], [""rapdu"", -12.5751], [""mardu"", -12.5751], [""hindu"", -12.5751], [""bau"", -13.2363]]"
jawaΦ	dudu	-11.0623	"[[""dudu"", -11.0623], [""ɡuɡu"", -11.0623], [""duma"", -12.1334], [""dumaʃ"", -12.2605], [""hidu"", -13.933], [""du ka"", -13.9593], [""rum"", -13.9812], [""ukku"", -14.6425], [""maʃuum"", -15.2053], [""ahhuum"", -15.2054]]"
mai	abba	-8.2887	"[[""abba"", -8.2887], [""eul"", -8.3035], [""bau"", -8.7692], [""ibbak"", -10.3863], [""abebe"", -10.4255], [""aa"", -10.4301], [""uri"", -10.4601], [""am"", -10.6883], [""aal"", -10.709], [""eri"", -10.7272]]"
me	ayak	-5.5395	"[[""ayak"", -5.5395], [""aa"", -7.2205], [""am"", -7.5867], [""aal"", -7.6234], [""ari"", -7.6373], [""iɡi"", -7.6373], [""eri"", -7.6373], [""eul"", -7.6513], [""da"", -8.1705], [""ki"", -8.1705]]"
na	ruku	-3.471	"[[""ruku"", -3.471], [""rum"", -4.0813], [""luk"", -4.0813], [""numi"", -4.1592], [""nan"", -6.2614], [""lim"", -6.2756], [""nap"", -6.2756], [""ni"", -6.291], [""rapdu"", -6.8906], [""luluki"", -6.9162]]"
nasi	ruku	-9.7692	"[[""ruku"", -9.7692], [""rum"", -10.0345], [""luk"", -10.0345], [""numi"", -10.0472], [""tuuʃ"", -11.0478], [""uriʃ"", -11.0486], [""tiut"", -11.1048], [""rabba"", -12.1242], [""luluki"", -12.3818], [""nan"", -12.5619]]"
nu	nan	-6.2614	"[[""nan"", -6.2614], [""luk"", -6.2756], [""rum"", -6.2756], [""lim"", -6.2756], [""nap"", -6.2756], [""ni"", -6.291], [""lani"", -8.6857], [""lahi"", -8.6953], [""ruku"", -8.6953], [""numi"", -8.6953]]"
piteri	qamban	-12.9344	"[[""qamban"", -12.9344], [""kam"", -12.9793], [""ki"", -15.3941], [""am"", -16.487], [""kiqa"", -17.04], [""paha"", -17.04], [""kate"", -17.0447], [""piti"", -17.0447], [""kari"", -17.0447], [""hani"", -17.0447]]"
rame	muru	-10.8635	"[[""muru"", -10.8635], [""mur"", -11.129], [""mete"", -11.5514], [""mar"", -12.0774], [""meen"", -12.1693], [""uri"", -12.1871], [""unra"", -12.5161], [""ayak"", -12.5397], [""meulli"", -13.2318], [""aa"", -13.708]]"
re	mur	-7.3671	"[[""mur"", -7.3671], [""mar"", -7.3671], [""am"", -7.936], [""da"", -9.7452], [""aa"", -9.7452], [""ki"", -9.7452], [""ni"", -9.7452], [""mete"", -9.7598], [""meen"", -9.7598], [""muru"", -9.7598]]"
reike	bera	-14.2596	"[[""bera"", -14.2596], [""bali"", -14.2596], [""bela"", -14.2596], [""bau"", -14.5466], [""abba"", -14.5649], [""ʃebe"", -14.6182], [""mete"", -14.8215], [""buni"", -15.3325], [""mar"", -15.5293], [""meen"", -15.6305]]"
reja	muru	-10.8571	"[[""muru"", -10.8571], [""mur"", -12.0753], [""mardu"", -13.2081], [""bau"", -13.5183], [""mar"", -13.657], [""maʃuum"", -14.4823], [""uri"", -14.6534], [""am"", -14.7948], [""kutu"", -15.2147], [""tuku"", -15.2147]]"
ridau	muru	-12.5087	"[[""muru"", -12.5087], [""buni"", -13.0535], [""bau"", -13.4949], [""mur"", -14.1419], [""maʃuum"", -14.8835], [""ukku"", -15.3163], [""muʃnuik"", -15.6669], [""mardu"", -16.311], [""uri"", -16.5594], [""tuuʃ"", -16.8564]]"
sarame	sukma	-13.2702	"[[""sukma"", -13.2702], [""tuuʃ"", -14.1506], [""ʃutu"", -14.3951], [""tuku"", -14.3964], [""turi"", -14.4416], [""ʃuha"", -14.4416], [""sunki"", -14.6262], [""tuʃʃuip"", -15.1689], [""ʃami"", -15.5292], [""ʃiumme"", -15.5952]]"
sasarame	ʃutu	-14.7093	"[[""ʃutu"", -14.7093], [""ʃutur"", -16.7886], [""tuʃʃuip"", -17.4766], [""ʃutin"", -18.5727], [""sukma"", -18.805], [""ʃiutmana"", -19.0951], [""tuuʃ"", -19.4414], [""tsul"", -19.6034], [""tuku"", -19.9197], [""tsiti"", -20.2534]]"
sekanasi	tuuʃ	-15.3897	"[[""tuuʃ"", -15.3897], [""tiut"", -15.3934], [""ʃariut"", -15.7696], [""ʃimiut"", -17.461], [""ʃiltur"", -17.9141], [""ʃalur"", -18.0413], [""ʃeriit"", -18.1472], [""tit"", -18.8958], [""ʃin"", -18.9031], [""san"", -18.9031]]"
setoija	ʃam	-16.488	"[[""ʃam"", -16.488], [""tibbe"", -17.6743], [""ʃebe"", -17.7374], [""siya"", -18.3494], [""teumbe"", -18.4014], [""ʃami"", -18.4666], [""teman"", -18.5253], [""ʃiman"", -18.5253], [""ʃimiut"", -19.0997], [""tamʃium"", -19.2997]]"
si	tibbe	-6.2289	"[[""tibbe"", -6.2289], [""tit"", -6.2614], [""sah"", -6.2756], [""sir"", -6.2756], [""tuk"", -6.2756], [""ʃak"", -6.2756], [""ʃam"", -6.2756], [""san"", -6.2756], [""ʃin"", -6.2756], [""ʃebe"", -6.8181]]"
siru	ʃam	-10.7254	"[[""ʃam"", -10.7254], [""tibbe"", -12.1247], [""tit"", -12.5619], [""ʃin"", -12.5688], [""san"", -12.5688], [""sir"", -12.5688], [""ʃak"", -12.5688], [""tuk"", -12.5688], [""sah"", -12.5688], [""ʃebe"", -12.7171]]"
sirute	ʃebe	-15.197	"[[""ʃebe"", -15.197], [""tibbe"", -15.2436], [""ʃami"", -15.5292], [""tarma"", -15.7249], [""tarmi"", -15.7249], [""sukma"", -15.7324], [""siya"", -15.7632], [""titi"", -17.0381], [""teti"", -17.0381], [""tena"", -17.0427]]"
tanaiΘti	uri	-19.5847	"[[""uri"", -19.5847], [""eul"", -19.5976], [""abebe"", -20.0491], [""ari"", -20.2741], [""eri"", -20.2741], [""rabba"", -21.1069], [""unra"", -21.2962], [""abba"", -21.3595], [""luluki"", -21.5686], [""ukkubati"", -21.6011]]"
tanaiΘutinu	purur	-28.671	"[[""purur"", -28.671], [""innain"", -28.9325], [""annain"", -28.9325], [""libair"", -29.0208], [""eul"", -29.0221], [""hunir"", -29.3425], [""ruelpa"", -29.3498], [""nan"", -29.4116], [""abebe"", -29.5853], [""ʃalur"", -29.8845]]"
tanarateutinu	innain	-33.6074	"[[""innain"", -33.6074], [""annain"", -33.6074], [""numi"", -34.0103], [""elma"", -34.7022], [""ruelpa"", -34.8195], [""purur"", -34.9951], [""libair"", -35.0236], [""meen"", -35.3586], [""tariir"", -35.4159], [""aain"", -35.5892]]"
te	ayak	-5.5395	"[[""ayak"", -5.5395], [""aa"", -7.2205], [""am"", -7.5867], [""aal"", -7.6234], [""ari"", -7.6373], [""iɡi"", -7.6373], [""eri"", -7.6373], [""eul"", -7.6513], [""da"", -8.1705], [""ki"", -8.1705]]"
tosa	hasu	-8.8564	"[[""hasu"", -8.8564], [""pitu"", -8.8564], [""am"", -9.482], [""ʃutu"", -9.7643], [""kutu"", -10.4264], [""tuku"", -10.4807], [""kassu"", -11.0892], [""atta"", -11.0919], [""itsa"", -11.0919], [""atti"", -11.0919]]"
tume	aa	-9.7517	"[[""aa"", -9.7517], [""ayak"", -11.8184], [""iɡi"", -12.1848], [""ari"", -12.1848], [""eri"", -12.1848], [""aal"", -12.263], [""aain"", -12.4112], [""amni"", -12.499], [""irpi"", -12.499], [""amma"", -12.499]]"
tumei	aa	-13.2525	"[[""aa"", -13.2525], [""abba"", -14.3732], [""ayak"", -14.6318], [""aal"", -15.3941], [""abebe"", -15.4094], [""aain"", -15.4992], [""eri"", -15.6068], [""iɡi"", -15.6068], [""ari"", -15.6068], [""elma"", -15.9793]]"
turusa	hasu	-15.6753	"[[""hasu"", -15.6753], [""pitu"", -15.6753], [""ʃutu"", -16.3503], [""am"", -16.4887], [""kutu"", -16.7285], [""kassu"", -17.4242], [""ipiʃ"", -17.4314], [""tuku"", -17.4867], [""kipʃu"", -17.6374], [""muru"", -17.8584]]"
unaka	ruku	-10.9886	"[[""ruku"", -10.9886], [""ni"", -11.8923], [""numi"", -12.1096], [""rapdu"", -12.5081], [""luk"", -13.2735], [""rum"", -13.2735], [""luluki"", -13.7182], [""lani"", -13.7356], [""ruelpa"", -13.8725], [""muru"", -13.8834]]"
unakana	luluki	-14.6704	"[[""luluki"", -14.6704], [""ruelpa"", -15.3423], [""nan"", -15.3958], [""rikur"", -15.6107], [""eul"", -16.0749], [""ruku"", -16.695], [""muru"", -16.7757], [""purur"", -17.3287], [""ʃalur"", -17.4004], [""napir"", -17.4668]]"
unakanasi	luluki	-20.5607	"[[""luluki"", -20.5607], [""ruelpa"", -21.6371], [""nahunte"", -21.8706], [""ʃariut"", -22.2366], [""nan"", -22.4098], [""rikur"", -22.6203], [""eul"", -23.0875], [""tuuʃ"", -23.4647], [""uriʃ"", -23.4742], [""ruku"", -23.6545]]"
unarukajasi	numi	-27.6858	"[[""numi"", -27.6858], [""ʃimiut"", -29.2912], [""ʃariut"", -29.2913], [""rum"", -29.8039], [""kumaʃ"", -30.0382], [""dumaʃ"", -30.0382], [""tuuʃ"", -30.3024], [""ruku"", -30.3161], [""ra-u-ba-sa"", -30.8308], [""tiut"", -30.9908]]"
unarukanasi	muru	-26.9966	"[[""muru"", -26.9966], [""luluki"", -27.5704], [""numi"", -27.6848], [""ruelpa"", -28.6395], [""nahunte"", -28.7281], [""ʃariut"", -29.1956], [""ʃimiut"", -29.2912], [""nan"", -29.4169], [""rikur"", -29.4787], [""meulli"", -29.7105]]"
unarukanati	luluki	-26.2034	"[[""luluki"", -26.2034], [""muru"", -26.9966], [""numi"", -26.9968], [""ruelpa"", -27.012], [""lani"", -27.2814], [""meulli"", -27.7546], [""napir uri"", -28.8969], [""nanamena"", -29.3845], [""nan"", -29.4134], [""uri"", -29.4188]]"
utinu	aal	-13.9069	"[[""aal"", -13.9069], [""aain"", -14.1986], [""abba"", -14.2096], [""atin"", -14.237], [""nan"", -14.4417], [""eul"", -14.4913], [""libair"", -14.538], [""par"", -14.5406], [""har"", -14.5406], [""hal"", -14.5406]]"
Θwa	ɡuɡu	-6.554	"[[""ɡuɡu"", -6.554], [""dudu"", -6.554], [""hidu"", -7.6126], [""duma"", -7.6662], [""da"", -9.783], [""rapdu"", -10.0415], [""mardu"", -10.0415], [""hindu"", -10.0415], [""du ka"", -10.3551], [""dunih"", -10.4115]]"
Φe	mur	-7.3671	"[[""mur"", -7.3671], [""mar"", -7.3671], [""am"", -7.936], [""da"", -9.7452], [""aa"", -9.7452], [""ki"", -9.7452], [""ni"", -9.7452], [""mete"", -9.7598], [""meen"", -9.7598], [""muru"", -9.7598]]"
Φniwi	rabba	-13.6518	"[[""rabba"", -13.6518], [""mardu"", -14.1962], [""mur"", -14.8967], [""mar"", -14.8967], [""meen"", -15.0655], [""nan"", -15.8501], [""rapdu"", -16.0221], [""inɡi"", -16.0427], [""rum"", -16.0722], [""lim"", -16.0722]]"
