linear_a_signs	linear_a_ipa	matched_word	score	top3_matches	ipa_length
a-a-di-k	aadik	rom	-13.5311	rom (-13.53); pʰoke (-15.92); maw (-18.08)	5
a-a-di-ki	aadiki	rom	-16.7578	rom (-16.76); pʰoke (-18.08); heloke (-20.69)	6
a-a-di-ki-t	aadikit	rom	-15.3963	rom (-15.40); pʰoke (-21.58); epteziu (-23.79)	7
a-a-di-ki-te	aadikite	rom	-18.9026	rom (-18.90); pʰoke (-25.08); epteziu (-26.91)	8
a-a-di-ki-te-s	aadikites	rom	-22.4088	rom (-22.41); hulaies (-28.24); pʰoke (-28.58)	9
a-a-di-ki-te-si	aadikitesi	rom	-25.9151	rom (-25.92); zeronaitʰ (-30.55); pʰoke (-30.97)	10
a-da-da	adada	rom	-13.2657	rom (-13.27); maw (-16.34); pʰoke (-17.97)	5
a-da-da-u	adadau	rom	-16.4567	rom (-16.46); pʰoke (-18.77); maw (-19.85)	6
a-da-da-u-t	adadaut	rom	-14.9935	rom (-14.99); pʰoke (-21.62); marasm (-22.97)	7
a-da-da-u-ti	adadauti	rom	-18.4998	rom (-18.50); pʰoke (-18.87); heloke (-22.25)	8
a-da-da-u-ti-n	adadautin	rom	-22.006	rom (-22.01); pʰoke (-22.38); heloke (-25.76)	9
a-da-da-u-ti-nu	adadautinu	rom	-25.5122	rom (-25.51); pʰoke (-25.88); heloke (-29.26)	10
a-da-u-t	adaut	rom	-9.073	rom (-9.07); pʰoke (-16.38); maw (-17.05)	5
a-da-u-ti	adauti	rom	-12.5791	rom (-12.58); pʰoke (-13.62); heloke (-16.96)	6
a-da-u-ti-n	adautin	rom	-16.0852	rom (-16.09); pʰoke (-17.12); heloke (-20.46)	7
a-da-u-ti-nu	adautinu	rom	-19.5913	rom (-19.59); pʰoke (-20.63); heloke (-23.96)	8
a-da-u-ti-nu-i	adautinui	pʰoke	-23.0064	pʰoke (-23.01); rom (-23.10); heloke (-25.12)	9
a-da-u-ti-nu-i-n	adautinuin	pʰoke	-26.5139	pʰoke (-26.51); rom (-26.60); heloke (-28.63)	10
a-da-wa	adawa	rom	-13.8934	rom (-13.89); maw (-16.34); murinail (-17.86)	5
a-da-wa-i	adawai	rom	-17.1685	rom (-17.17); pʰoke (-18.88); heloke (-19.07)	6
a-da-wa-i-j	adawaij	rom	-20.487	rom (-20.49); pʰoke (-22.38); heloke (-22.57)	7
a-da-wa-i-ja	adawaija	aker	-23.5005	aker (-23.50); rom (-23.83); pʰoke (-25.88)	8
a-di-ki	adiki	rom	-13.9498	rom (-13.95); pʰoke (-15.46); heloke (-17.70)	5
a-di-ki-t	adikit	rom	-12.5812	rom (-12.58); pʰoke (-18.97); epteziu (-20.69)	6
a-di-ki-te	adikite	rom	-16.0874	rom (-16.09); pʰoke (-22.47); epteziu (-23.77)	7
a-di-ki-te-s	adikites	rom	-19.5937	rom (-19.59); hulaies (-25.17); tis (-25.85)	8
a-di-ki-te-si	adikitesi	rom	-23.0999	rom (-23.10); zeronaitʰ (-27.37); pʰoke (-28.19)	9
a-di-ki-te-si-r	adikitesir	rom	-26.6061	rom (-26.61); holaiesi (-28.67); epteziu (-28.91)	10
a-di-ki-te-t	adikitet	rom	-18.9053	rom (-18.91); pʰoke (-25.96); epteziu (-26.92)	8
a-di-ki-te-te	adikitete	rom	-22.4124	rom (-22.41); pʰoke (-29.46); epteziu (-30.13)	9
a-di-ki-te-te-r	adikiteter	rom	-25.9196	rom (-25.92); aomai (-30.17); ziazi (-30.92)	10
a-di-ki-tu	adikitu	rom	-16.0874	rom (-16.09); pʰoke (-22.28); epteziu (-23.77)	7
a-di-ki-tu-j	adikituj	rom	-19.5937	rom (-19.59); pʰoke (-25.63); epteziu (-26.92)	8
a-di-ki-tu-ja	adikituja	rom	-23.0998	rom (-23.10); aker (-26.78); maw (-28.12)	9
a-di-ki-tu-ja-s	adikitujas	rom	-26.6059	rom (-26.61); aker (-30.28); maras (-31.29)	10
a-e-a-di	aeadi	rom	-13.9069	rom (-13.91); pʰoke (-15.32); maw (-17.43)	5
a-e-a-di-k	aeadik	rom	-17.0276	rom (-17.03); pʰoke (-18.80); maw (-20.92)	6
a-e-a-di-ki	aeadiki	rom	-20.2567	rom (-20.26); pʰoke (-20.99); heloke (-23.78)	7
a-e-a-di-ki-t	aeadikit	rom	-18.9026	rom (-18.90); pʰoke (-24.49); marasm (-26.90)	8
a-e-a-di-ki-te	aeadikite	rom	-22.4088	rom (-22.41); pʰoke (-27.99); epteziu (-30.08)	9
a-e-a-di-ki-te-t	aeadikitet	rom	-25.2268	rom (-25.23); pʰoke (-31.49); marasm (-32.91)	10
a-i-da-a	aidaa	aker	-13.9259	aker (-13.93); rom (-14.16); maw (-16.19)	5
a-i-da-a-u	aidaau	rom	-17.3709	rom (-17.37); aker (-17.43); pʰoke (-19.53)	6
a-i-da-j	aidaj	rom	-14.1741	rom (-14.17); aker (-14.62); maw (-17.03)	5
a-i-da-ja	aidaja	rom	-17.3844	rom (-17.38); aker (-17.43); maw (-19.55)	6
a-i-da-ja-s	aidajas	rom	-20.6624	rom (-20.66); aker (-20.94); awis (-21.92)	7
a-i-na-j	ainaj	aker	-14.6188	aker (-14.62); rom (-16.20); maw (-17.03)	5
a-i-na-ja	ainaja	aker	-17.4282	aker (-17.43); rom (-19.35); maw (-19.55)	6
a-i-na-ja-r	ainajar	aker	-20.9352	aker (-20.94); arai (-21.91); siwai (-22.36)	7
a-i-na-ja-re	ainajare	ewistʰuo	-23.666	ewistʰuo (-23.67); aker (-24.44); arai (-25.40)	8
a-i-na-ja-re-t	ainajaret	ewistʰuo	-25.8571	ewistʰuo (-25.86); rom (-26.57); aker (-27.95)	9
a-i-na-ja-re-ta	ainajareta	ewistʰuo	-28.4628	ewistʰuo (-28.46); rom (-30.06); aker (-31.03)	10
a-i-nwa	ainwa	aker	-14.6112	aker (-14.61); rom (-16.36); maw (-16.74)	5
a-i-nwa-z	ainwaz	aker	-17.4244	aker (-17.42); maw (-19.42); rom (-19.46)	6
a-i-nwa-za	ainwaza	aker	-20.5228	aker (-20.52); maw (-22.42); rom (-22.59)	7
a-i-nwa-za-*56	ainwazaΦ	aker	-24.0302	aker (-24.03); rom (-24.31); heloke (-24.42)	8
a-i-nwa-za-*56-n	ainwazaΦn	rom	-27.2069	rom (-27.21); heloke (-27.24); aker (-27.54)	9
a-i-nwa-za-*56-ni	ainwazaΦni	heloke	-27.0955	heloke (-27.10); rom (-30.34); pʰoke (-30.76)	10
a-i-*301-ti	aiΘti	rom	-14.158	rom (-14.16); pʰoke (-17.04); maw (-17.45)	5
a-i-*301-ti-j	aiΘtij	rom	-17.6459	rom (-17.65); pʰoke (-20.54); maw (-20.55)	6
a-i-*301-ti-ja	aiΘtija	aker	-20.0152	aker (-20.02); rom (-21.12); maw (-21.15)	7
a-i-*301-ti-ja-s	aiΘtijas	aker	-23.5214	aker (-23.52); maras (-24.33); rom (-24.59)	8
a-i-*301-ti-ja-sa	aiΘtijasa	aker	-26.337	aker (-26.34); ewistʰuo (-27.15); maw (-27.23)	9
a-i-*301-ti-ja-sa-s	aiΘtijasas	ewistʰuo	-29.2424	ewistʰuo (-29.24); maras (-29.77); aker (-29.84)	10
a-i-*301-u-j	aiΘuj	rom	-16.5263	rom (-16.53); aker (-18.46); heloke (-18.78)	5
a-i-*301-u-ja	aiΘuja	aker	-17.8998	aker (-17.90); rom (-19.69); maw (-20.01)	6
a-i-*301-u-t	aiΘut	rom	-13.8934	rom (-13.89); maw (-18.12); aker (-18.46)	5
a-i-*301-u-ti	aiΘuti	heloke	-16.0467	heloke (-16.05); rom (-17.39); pʰoke (-17.44)	6
a-i-*301-u-ti-n	aiΘutin	heloke	-19.5538	heloke (-19.55); rom (-20.88); pʰoke (-20.95)	7
a-i-*301-u-ti-nu	aiΘutinu	heloke	-23.0554	heloke (-23.06); rom (-24.37); pʰoke (-24.45)	8
a-i-*301-u-ti-nu-j	aiΘutinuj	heloke	-26.5569	heloke (-26.56); rom (-27.86); pʰoke (-27.95)	9
a-i-*301-u-ti-nu-ja	aiΘutinuja	aker	-27.3039	aker (-27.30); heloke (-30.06); maw (-31.17)	10
a-i-*301-wa	aiΘwa	aker	-14.6112	aker (-14.61); rom (-16.36); maw (-16.74)	5
a-i-*301-wa-e	aiΘwae	aker	-18.1172	aker (-18.12); rom (-19.57); maw (-20.24)	6
a-i-*301-wa-e-a	aiΘwaea	aker	-20.926	aker (-20.93); rom (-22.75); maw (-22.83)	7
a-i-*301-wa-e-a-d	aiΘwaead	heloke	-24.4189	heloke (-24.42); aker (-24.43); rom (-24.57)	8
a-i-*301-wa-e-a-di	aiΘwaeadi	heloke	-24.1713	heloke (-24.17); rom (-27.48); pʰoke (-27.87)	9
a-i-*301-wa-e-a-di-k	aiΘwaeadik	heloke	-27.6557	heloke (-27.66); epteziu (-29.45); rom (-30.62)	10
a-i-*301-wa-j	aiΘwaj	aker	-18.1172	aker (-18.12); rom (-19.57); maw (-20.24)	6
a-i-*301-wa-ja	aiΘwaja	aker	-20.926	aker (-20.93); rom (-22.75); maw (-22.83)	7
a-i-*301-wa-ja-a	aiΘwajaa	aker	-24.0223	aker (-24.02); maw (-25.80); rom (-25.95)	8
a-i-*301-wa-ja-a-d	aiΘwajaad	ewistʰuo	-27.4553	ewistʰuo (-27.46); aker (-27.53); rom (-27.79)	9
a-i-*301-wa-ja-a-di	aiΘwajaadi	heloke	-27.6282	heloke (-27.63); ewistʰuo (-30.68); rom (-30.70)	10
a-i-*301-wa-ja-a-j	aiΘwajaaj	aker	-27.5296	aker (-27.53); rom (-29.21); maw (-29.31)	9
a-i-*301-wa-ja-a-ja	aiΘwajaaja	aker	-30.7394	aker (-30.74); maw (-32.38); rom (-32.48)	10
a-i-*301-wa-ja-j	aiΘwajaj	aker	-24.4329	aker (-24.43); rom (-26.01); maw (-26.33)	8
a-i-*301-wa-ja-ja	aiΘwajaja	aker	-27.5248	aker (-27.52); maw (-29.24); rom (-29.26)	9
a-i-*301-wa-ja-ja-a	aiΘwajajaa	aker	-30.7359	aker (-30.74); maw (-32.34); rom (-32.52)	10
a-i-*301-wa-ja-ja-d	aiΘwajajad	ewistʰuo	-30.2584	ewistʰuo (-30.26); aker (-31.03); rom (-31.25)	10
a-i-*301-wa-ja-ja-i	aiΘwajajai	heloke	-28.9213	heloke (-28.92); aker (-31.03); rom (-32.56)	10
a-i-*301-wa-ja-ja-j	aiΘwajajaj	aker	-31.0321	aker (-31.03); rom (-32.56); maw (-32.75)	10
a-i-*301-wa-ja-ja-s	aiΘwajajas	aker	-31.0321	aker (-31.03); awis (-31.49); maras (-31.70)	10
a-i-*301-wa-ja-s	aiΘwajas	aker	-24.4329	aker (-24.43); awis (-25.23); maras (-25.59)	8
a-i-*301-wa-ja-se	aiΘwajase	ewistʰuo	-26.4741	ewistʰuo (-26.47); napʰotʰ (-27.36); serunaitʰ (-27.57)	9
a-i-*301-wa-ja-se-k	aiΘwajasek	ewistʰuo	-28.9155	ewistʰuo (-28.92); napʰotʰ (-30.06); serunaitʰ (-30.40)	10
a-i-*301-wa-ja-t	aiΘwajat	rom	-23.4239	rom (-23.42); aker (-24.43); maw (-26.25)	8
a-i-*301-wa-ja-tu	aiΘwajatu	rom	-26.9151	rom (-26.92); aker (-27.93); heloke (-28.94)	9
a-i-*301-wa-ja-tu-r	aiΘwajatur	rom	-30.4061	rom (-30.41); aker (-31.43); arai (-31.62)	10
a-ja-a-d	ajaad	rom	-14.1227	rom (-14.12); maw (-16.53); tawarzio (-18.22)	5
a-ja-a-di	ajaadi	rom	-17.0	rom (-17.00); pʰoke (-18.35); maw (-20.03)	6
a-ja-a-di-k	ajaadik	rom	-20.1237	rom (-20.12); pʰoke (-21.83); maw (-23.54)	7
a-ja-a-di-ki	ajaadiki	rom	-23.3545	rom (-23.35); pʰoke (-24.03); heloke (-26.93)	8
a-ja-a-di-ki-t	ajaadikit	rom	-22.0053	rom (-22.01); pʰoke (-27.53); marasm (-29.43)	9
a-ja-a-di-ki-te	ajaadikite	rom	-25.5115	rom (-25.51); pʰoke (-31.04); marasm (-32.93)	10
a-ja-a-j	ajaaj	rom	-15.8556	rom (-15.86); maw (-16.53); aker (-18.52)	5
a-ja-a-ja	ajaaja	rom	-19.0187	rom (-19.02); maw (-19.34); aker (-21.12)	6
a-ja-di	ajadi	rom	-13.9069	rom (-13.91); pʰoke (-15.32); maw (-17.43)	5
a-ja-di-k	ajadik	rom	-17.0276	rom (-17.03); pʰoke (-18.80); maw (-20.92)	6
a-ja-di-ki	ajadiki	rom	-20.2567	rom (-20.26); pʰoke (-20.99); heloke (-23.78)	7
a-ja-di-ki-t	ajadikit	rom	-18.9026	rom (-18.90); pʰoke (-24.49); marasm (-26.90)	8
a-ja-di-ki-tu	ajadikitu	rom	-22.4088	rom (-22.41); pʰoke (-27.80); epteziu (-30.08)	9
a-ja-di-ki-tu-j	ajadikituj	rom	-25.915	rom (-25.91); pʰoke (-31.14); epteziu (-33.30)	10
a-ja-i-n	ajain	rom	-16.071	rom (-16.07); maw (-17.43); pʰoke (-17.75)	5
a-ja-i-n-w	ajainw	rom	-19.3423	rom (-19.34); maw (-20.92); pʰoke (-21.25)	6
a-ja-i-nwa	ajainwa	aker	-20.5246	aker (-20.52); rom (-22.58); maw (-23.05)	7
a-ja-i-nwa-z	ajainwaz	aker	-23.3414	aker (-23.34); rom (-25.81); maw (-25.91)	8
a-ja-i-nwa-za	ajainwaza	aker	-26.443	aker (-26.44); maw (-28.99); rom (-29.06)	9
a-ja-i-nwa-za-*56	ajainwazaΦ	aker	-29.9505	aker (-29.95); heloke (-30.75); rom (-31.04)	10
a-ja-ja	ajaja	rom	-15.9591	rom (-15.96); maw (-16.34); aker (-18.20)	5
a-ja-ja-a	ajajaa	rom	-19.093	rom (-19.09); maw (-19.24); aker (-20.98)	6
a-ja-ja-d	ajajad	rom	-17.593	rom (-17.59); maw (-19.85); tawarzio (-21.11)	6
a-ja-ja-di	ajajadi	rom	-20.487	rom (-20.49); pʰoke (-21.47); maw (-23.35)	7
a-ja-ja-di-k	ajajadik	rom	-23.6169	rom (-23.62); pʰoke (-24.95); maw (-26.85)	8
a-ja-ja-di-ki	ajajadiki	rom	-26.8508	rom (-26.85); pʰoke (-27.17); tawarzio (-30.04)	9
a-ja-ja-di-ki-t	ajajadikit	rom	-25.5115	rom (-25.51); pʰoke (-30.67); marasm (-32.70)	10
a-ja-ja-i	ajajai	rom	-19.1686	rom (-19.17); maw (-19.85); pʰoke (-20.07)	6
a-ja-ja-i-n	ajajain	rom	-22.4414	rom (-22.44); maw (-23.35); pʰoke (-23.58)	7
a-ja-ja-i-n-w	ajajainw	rom	-25.7545	rom (-25.75); maw (-26.85); pʰoke (-27.08)	8
a-ja-ja-i-nwa	ajajainwa	aker	-27.0039	aker (-27.00); rom (-29.05); maw (-29.50)	9
a-ja-ja-i-nwa-z	ajajainwaz	aker	-29.8227	aker (-29.82); rom (-32.35); maw (-32.49)	10
a-ja-ja-j	ajajaj	rom	-19.1686	rom (-19.17); maw (-19.85); aker (-21.69)	6
a-ja-ja-ja	ajajaja	rom	-22.3811	rom (-22.38); maw (-22.65); aker (-24.30)	7
a-ja-ja-s	ajajas	awis	-18.6584	awis (-18.66); tis (-19.15); rom (-19.17)	6
a-ja-ja-sa	ajajasa	awis	-22.1426	awis (-22.14); rom (-22.38); tis (-22.51)	7
a-ja-ja-sa-s	ajajasas	tis	-23.6251	tis (-23.63); awis (-24.51); maras (-24.90)	8
a-ja-ja-sa-sa	ajajasasa	tis	-27.1076	tis (-27.11); napʰotʰ (-27.69); awis (-28.00)	9
a-ja-ja-sa-sa-r	ajajasasar	siasi	-27.2682	siasi (-27.27); tawarsiu (-29.18); siwai (-29.84)	10
a-ja-ja-w	ajajaw	rom	-19.1686	rom (-19.17); maw (-19.85); aker (-21.69)	6
a-ja-ja-wa	ajajawa	rom	-22.3811	rom (-22.38); maw (-22.65); aker (-24.30)	7
a-ja-re	ajare	awis	-16.0651	awis (-16.07); rom (-16.07); arai (-16.23)	5
a-ja-re-t	ajaret	rom	-16.73	rom (-16.73); awis (-19.17); arai (-19.72)	6
a-ja-re-ta	ajareta	rom	-20.2156	rom (-20.22); maw (-21.93); awis (-22.39)	7
a-ja-sa	ajasa	tis	-15.8501	tis (-15.85); rom (-15.96); awis (-16.22)	5
a-ja-sa-s	ajasas	tis	-16.6673	tis (-16.67); awis (-18.39); maras (-19.00)	6
a-ja-sa-sa	ajasasa	tis	-20.1483	tis (-20.15); napʰotʰ (-21.24); awis (-21.88)	7
a-ja-sa-sa-r	ajasasar	siasi	-20.2732	siasi (-20.27); siwai (-22.93); tis (-23.05)	8
a-ja-sa-sa-ra	ajasasara	siasi	-23.7769	siasi (-23.78); siwai (-24.39); tawarsiu (-26.11)	9
a-ja-sa-sa-ra-m	ajasasaram	siwai	-27.2543	siwai (-27.25); siasi (-27.28); tawarsiu (-29.22)	10
a-ja-se	ajase	tis	-15.8501	tis (-15.85); rom (-16.07); awis (-16.24)	5
a-ja-se-k	ajasek	tis	-19.1732	tis (-19.17); rom (-19.34); awis (-19.73)	6
a-ja-se-ka	ajaseka	tis	-22.521	tis (-22.52); rom (-22.58); maw (-23.05)	7
a-ja-se-ka-n	ajasekan	rom	-25.8706	rom (-25.87); tis (-25.89); napʰotʰ (-26.54)	8
a-ja-se-ka-na	ajasekana	rom	-29.149	rom (-29.15); tis (-29.27); maw (-29.36)	9
a-ja-se-ka-na-s	ajasekanas	tis	-29.673	tis (-29.67); tawarsiu (-30.54); sialkʰwis (-31.26)	10
a-ja-tu	ajatu	rom	-13.8673	rom (-13.87); maw (-16.77); marasm (-18.02)	5
a-ja-tu-r	ajatur	rom	-17.3463	rom (-17.35); arai (-18.92); aomai (-19.65)	6
a-ja-tu-ru	ajaturu	rom	-20.8254	rom (-20.83); arai (-22.42); awis (-23.02)	7
a-ja-tu-ru-s	ajaturus	awis	-20.2809	awis (-20.28); tis (-22.72); rom (-24.30)	8
a-ja-tu-ru-sa	ajaturusa	awis	-23.7881	awis (-23.79); tis (-26.22); maw (-27.66)	9
a-ja-tu-ru-sa-i	ajaturusai	awis	-27.2952	awis (-27.30); pʰoke (-29.38); tis (-29.72)	10
a-ja-wa	ajawa	rom	-15.9591	rom (-15.96); maw (-16.34); aker (-18.20)	5
a-ka-na	akana	rom	-15.9591	rom (-15.96); ziwai (-16.26); maw (-16.34)	5
a-ka-na-s	akanas	awis	-18.6584	awis (-18.66); tis (-19.15); rom (-19.17)	6
a-ka-na-si	akanasi	zeronaitʰ	-22.0638	zeronaitʰ (-22.06); awis (-22.15); ziwai (-22.41)	7
a-ma-i-n	amain	rom	-16.071	rom (-16.07); maw (-17.43); pʰoke (-17.75)	5
a-ma-i-na	amaina	aker	-17.0221	aker (-17.02); rom (-19.25); maw (-19.69)	6
a-ma-i-na-j	amainaj	aker	-20.5283	aker (-20.53); rom (-22.51); maw (-23.19)	7
a-ma-i-na-ja	amainaja	aker	-23.3432	aker (-23.34); rom (-25.76); maw (-26.00)	8
a-ma-i-na-ja-r	amainajar	aker	-26.8504	aker (-26.85); arai (-28.18); siwai (-28.52)	9
a-ma-i-na-ja-re	amainajare	aker	-30.3575	aker (-30.36); ewistʰuo (-30.68); arai (-31.68)	10
a-ma-na	amana	rom	-15.9591	rom (-15.96); maw (-16.34); aker (-18.20)	5
a-ma-na-d	amanad	rom	-17.593	rom (-17.59); maw (-19.85); tawarzio (-21.11)	6
a-ma-na-da	amanada	rom	-20.4782	rom (-20.48); maw (-22.65); aker (-24.30)	7
a-ma-na-da-w	amanadaw	rom	-23.6047	rom (-23.60); maw (-26.16); murinail (-26.95)	8
a-ma-na-da-wa	amanadawa	rom	-26.8323	rom (-26.83); serunaitʰ (-28.99); zeronaitʰ (-28.99)	9
a-ma-na-da-wa-i	amanadawai	rom	-30.121	rom (-30.12); pʰoke (-30.68); serunaitʰ (-31.40)	10
a-ma-si	amasi	tis	-15.8501	tis (-15.85); rom (-16.07); pʰoke (-16.21)	5
a-ma-si-r	amasir	tis	-17.3576	tis (-17.36); siasi (-17.85); siwai (-18.53)	6
a-ma-si-ru	amasiru	heloke	-20.192	heloke (-20.19); tis (-20.24); siasi (-21.19)	7
a-ma-si-ru-t	amasirut	heloke	-23.0274	heloke (-23.03); rom (-23.35); tis (-23.37)	8
a-ma-si-ru-te	amasirute	heloke	-26.1305	heloke (-26.13); tis (-26.60); rom (-26.84)	9
a-ma-te	amate	rom	-13.8673	rom (-13.87); maw (-16.77); marasm (-18.02)	5
a-me-i-t	ameit	rom	-13.8934	rom (-13.89); pʰoke (-17.75); maw (-18.12)	5
a-me-i-ti	ameiti	rom	-17.386	rom (-17.39); pʰoke (-19.81); maw (-20.95)	6
a-me-u-n	ameun	rom	-16.5263	rom (-16.53); aker (-18.86); arai (-19.85)	5
a-me-u-na	ameuna	aker	-19.4482	aker (-19.45); rom (-19.69); maw (-20.01)	6
a-me-u-na-k	ameunak	aker	-22.9279	aker (-22.93); rom (-22.94); maw (-23.51)	7
a-me-u-na-ka	ameunaka	aker	-25.4086	aker (-25.41); maw (-26.14); rom (-26.16)	8
a-me-u-na-ka-n	ameunakan	aker	-28.906	aker (-28.91); rom (-29.44); maw (-29.65)	9
a-me-u-na-ka-na	ameunakana	aker	-31.7441	aker (-31.74); maw (-32.59); rom (-32.70)	10
a-me-u-na-r	ameunar	arai	-22.4961	arai (-22.50); sialkʰwis (-22.53); aker (-22.93)	7
a-me-u-na-ru	ameunaru	sialkʰwis	-25.357	sialkʰwis (-25.36); arai (-25.99); awis (-26.02)	8
a-me-u-na-ru-k	ameunaruk	sialkʰwis	-28.4621	sialkʰwis (-28.46); awis (-29.13); arai (-29.48)	9
a-me-u-na-ru-ka	ameunaruka	sialkʰwis	-31.4119	sialkʰwis (-31.41); aker (-31.75); awis (-32.34)	10
a-na-da	anada	rom	-13.8934	rom (-13.89); maw (-16.34); aker (-18.20)	5
a-na-da-w	anadaw	rom	-17.009	rom (-17.01); maw (-19.85); murinail (-20.63)	6
a-na-da-wa	anadawa	rom	-20.2285	rom (-20.23); maw (-22.65); serunaitʰ (-23.07)	7
a-na-da-wa-i	anadawai	rom	-23.5123	rom (-23.51); pʰoke (-24.48); serunaitʰ (-25.48)	8
a-na-da-wa-i-j	anadawaij	rom	-26.8368	rom (-26.84); pʰoke (-27.98); serunaitʰ (-28.19)	9
a-na-da-wa-i-ja	anadawaija	aker	-30.1505	aker (-30.15); rom (-30.19); serunaitʰ (-31.06)	10
a-na-i-*301	anaiΘ	rom	-16.071	rom (-16.07); maw (-17.43); pʰoke (-17.75)	5
a-na-i-*301-t	anaiΘt	rom	-16.73	rom (-16.73); marasm (-20.43); maw (-20.55)	6
a-na-i-*301-ti	anaiΘti	rom	-20.2223	rom (-20.22); pʰoke (-22.95); maw (-23.77)	7
a-na-i-*301-ti-j	anaiΘtij	rom	-23.7145	rom (-23.71); pʰoke (-26.46); maw (-27.05)	8
a-na-i-*301-ti-ja	anaiΘtija	aker	-26.4262	aker (-26.43); rom (-27.20); maw (-28.09)	9
a-na-i-*301-ti-ja-s	anaiΘtijas	aker	-29.9325	aker (-29.93); rom (-30.69); maras (-31.13)	10
a-na-i-*301-u	anaiΘu	rom	-19.3423	rom (-19.34); maw (-20.92); pʰoke (-21.14)	6
a-na-i-*301-u-t	anaiΘut	rom	-20.018	rom (-20.02); marasm (-23.63); maw (-24.05)	7
a-na-i-*301-u-ti	anaiΘuti	heloke	-22.3544	heloke (-22.35); pʰoke (-23.37); rom (-23.51)	8
a-na-i-*301-u-ti-n	anaiΘutin	heloke	-25.8615	heloke (-25.86); pʰoke (-26.88); rom (-27.01)	9
a-na-i-*301-u-ti-nu	anaiΘutinu	heloke	-29.364	heloke (-29.36); pʰoke (-30.39); rom (-30.50)	10
a-na-si	anasi	tis	-15.8501	tis (-15.85); rom (-16.07); pʰoke (-16.21)	5
a-na-si-s	anasis	tis	-16.6673	tis (-16.67); hulaies (-17.38); awis (-18.59)	6
a-na-si-si	anasisi	heloke	-19.1462	heloke (-19.15); pʰoke (-19.18); tis (-20.15)	7
a-na-si-si-r	anasisir	siasi	-20.2732	siasi (-20.27); holaiesi (-20.88); epteziu (-22.42)	8
a-na-ti	anati	rom	-13.8673	rom (-13.87); maw (-16.77); pʰoke (-17.10)	5
a-na-ti-*301	anatiΘ	rom	-17.3463	rom (-17.35); maw (-20.05); pʰoke (-20.60)	6
a-na-ti-*301-w	anatiΘw	rom	-20.8254	rom (-20.83); maw (-23.36); pʰoke (-24.10)	7
a-na-ti-*301-wa	anatiΘwa	aker	-23.7347	aker (-23.73); rom (-24.29); maw (-24.36)	8
a-na-ti-*301-wa-j	anatiΘwaj	aker	-27.2409	aker (-27.24); rom (-27.76); maw (-27.85)	9
a-na-ti-*301-wa-ja	anatiΘwaja	aker	-30.0566	aker (-30.06); maw (-30.51); rom (-31.22)	10
a-ra-ma	arama	rom	-15.9591	rom (-15.96); siwai (-16.06); ziwai (-16.06)	5
a-ra-ma-n	araman	siwai	-19.1497	siwai (-19.15); ziwai (-19.15); rom (-19.17)	6
a-ra-ma-na	aramana	siwai	-22.2408	siwai (-22.24); ziwai (-22.24); rom (-22.38)	7
a-ra-ma-na-d	aramanad	rom	-24.2666	rom (-24.27); ewistʰuo (-24.49); siwai (-25.45)	8
a-ra-ma-na-da	aramanada	rom	-27.1783	rom (-27.18); ewistʰuo (-27.77); siwai (-28.66)	9
a-ra-ma-na-da-w	aramanadaw	rom	-30.3148	rom (-30.31); ewistʰuo (-31.08); siwai (-31.93)	10
a-ra-me	arame	rom	-16.071	rom (-16.07); siwai (-16.34); ziwai (-16.34)	5
a-ra-me-i	aramei	rom	-19.3423	rom (-19.34); siwai (-19.55); ziwai (-19.55)	6
a-ra-me-i-t	arameit	rom	-20.018	rom (-20.02); siwai (-22.82); ziwai (-22.82)	7
a-ra-me-i-ti	arameiti	rom	-23.5131	rom (-23.51); pʰoke (-25.89); siwai (-26.13)	8
a-ra-me-u	arameu	rom	-19.3423	rom (-19.34); siwai (-19.55); ziwai (-19.55)	6
a-ra-me-u-n	arameun	rom	-22.6542	rom (-22.65); siwai (-22.82); ziwai (-22.82)	7
a-ra-me-u-na	arameuna	sialkʰwis	-25.8392	sialkʰwis (-25.84); rom (-25.93); ziwai (-25.98)	8
a-ra-me-u-na-k	arameunak	sialkʰwis	-28.6379	sialkʰwis (-28.64); ziwai (-29.22); siwai (-29.22)	9
a-ra-me-u-na-ka	arameunaka	sialkʰwis	-31.0629	sialkʰwis (-31.06); aker (-32.00); ziwai (-32.39)	10
a-ra-me-u-na-r	arameunar	sialkʰwis	-25.8199	sialkʰwis (-25.82); ziwai (-25.98); siwai (-25.98)	9
a-ra-me-u-na-ru	arameunaru	sialkʰwis	-28.649	sialkʰwis (-28.65); siwai (-29.48); ziwai (-29.48)	10
a-re-di	aredi	rom	-14.5666	rom (-14.57); pʰoke (-15.32); ewistʰuo (-16.49)	5
a-re-di-j	aredij	rom	-17.6961	rom (-17.70); pʰoke (-18.80); ewistʰuo (-19.72)	6
a-re-di-ja	aredija	aker	-20.2332	aker (-20.23); rom (-20.92); pʰoke (-22.28)	7
a-re-ja	areja	rom	-16.3551	rom (-16.36); awis (-16.72); maw (-16.74)	5
a-re-ta	areta	rom	-14.1407	rom (-14.14); maw (-15.10); awis (-16.72)	5
a-ru-ka	aruka	aker	-16.2381	aker (-16.24); rom (-16.36); awis (-16.72)	5
a-ru-ka-n	arukan	sialkʰwis	-19.5643	sialkʰwis (-19.56); rom (-19.57); aker (-19.72)	6
a-ru-ka-na	arukana	sialkʰwis	-21.9849	sialkʰwis (-21.98); aker (-22.19); ziwai (-22.47)	7
a-ru-ka-na-s	arukanas	awis	-21.6587	awis (-21.66); sialkʰwis (-21.89); tis (-23.73)	8
a-sa-ra	asara	siwai	-11.1425	siwai (-11.14); tis (-13.26); siasi (-14.77)	5
a-sa-ra-m	asaram	siwai	-13.9646	siwai (-13.96); tis (-16.38); siasi (-17.94)	6
a-sa-ra-ma	asarama	siwai	-16.7848	siwai (-16.78); tis (-19.60); siasi (-21.12)	7
a-sa-ra-ma-n	asaraman	siwai	-19.8793	siwai (-19.88); tis (-22.89); siasi (-24.33)	8
a-sa-ra-ma-na	asaramana	siwai	-22.9769	siwai (-22.98); tis (-26.22); sialkʰwis (-27.05)	9
a-sa-ra-ma-na-d	asaramanad	siwai	-26.1876	siwai (-26.19); tawarsiu (-28.93); tawarzio (-28.96)	10
a-sa-ra-me	asarame	siwai	-17.0593	siwai (-17.06); tis (-19.60); siasi (-21.12)	7
a-sa-ra-me-i	asaramei	siwai	-20.268	siwai (-20.27); pʰoke (-21.11); tis (-22.89)	8
a-sa-ra-me-i-t	asarameit	siwai	-23.5398	siwai (-23.54); pʰoke (-24.61); tis (-26.22)	9
a-sa-ra-me-i-ti	asarameiti	siwai	-26.852	siwai (-26.85); pʰoke (-27.06); heloke (-29.42)	10
a-sa-ra-me-u	asarameu	siwai	-20.268	siwai (-20.27); tis (-22.89); pʰoke (-24.32)	8
a-sa-ra-me-u-n	asarameun	siwai	-23.5398	siwai (-23.54); tis (-26.22); pʰoke (-27.19)	9
a-sa-ra-me-u-na	asarameuna	sialkʰwis	-26.5843	sialkʰwis (-26.58); siwai (-26.71); tis (-29.58)	10
a-sa-sa	asasa	tis	-13.1893	tis (-13.19); napʰotʰ (-15.35); rom (-15.96)	5
a-sa-sa-r	asasar	siasi	-13.2712	siasi (-13.27); siwai (-15.98); tis (-16.06)	6
a-sa-sa-ra	asasara	siasi	-16.7748	siasi (-16.77); siwai (-17.38); tis (-19.18)	7
a-sa-sa-ra-m	asasaram	siwai	-20.2434	siwai (-20.24); siasi (-20.28); tis (-22.41)	8
a-sa-sa-ra-ma	asasarama	siwai	-23.085	siwai (-23.09); siasi (-23.78); tis (-25.70)	9
a-sa-sa-ra-ma-n	asasaraman	siwai	-26.1869	siwai (-26.19); siasi (-27.28); tis (-29.03)	10
a-sa-sa-ra-me	asasarame	siwai	-23.3523	siwai (-23.35); siasi (-23.78); tis (-25.70)	9
a-sa-sa-ra-me-i	asasaramei	siwai	-26.5683	siwai (-26.57); pʰoke (-27.06); siasi (-27.28)	10
a-sa-sa-ra-me-u	asasarameu	siwai	-26.5683	siwai (-26.57); siasi (-27.28); tis (-29.03)	10
a-sa-u-n	asaun	pʰoke	-15.2944	pʰoke (-15.29); tis (-15.85); rom (-16.07)	5
a-sa-u-na	asauna	pʰoke	-18.3561	pʰoke (-18.36); sialkʰwis (-19.15); tis (-19.16)	6
a-sa-u-na-k	asaunak	tawarzio	-20.7614	tawarzio (-20.76); pʰoke (-21.53); sialkʰwis (-21.95)	7
a-sa-u-na-ka	asaunaka	tawarzio	-23.5596	tawarzio (-23.56); sialkʰwis (-24.37); pʰoke (-24.75)	8
a-sa-u-na-ka-n	asaunakan	tawarzio	-26.6446	tawarzio (-26.64); sialkʰwis (-27.36); pʰoke (-28.02)	9
a-sa-u-na-ka-na	asaunakana	tawarzio	-29.8439	tawarzio (-29.84); sialkʰwis (-30.22); pʰoke (-31.31)	10
a-se-ka	aseka	tis	-15.8501	tis (-15.85); rom (-16.36); maw (-16.74)	5
a-se-ka-n	asekan	tis	-19.164	tis (-19.16); rom (-19.57); siwai (-19.72)	6
a-se-ka-na	asekana	siwai	-22.4362	siwai (-22.44); tis (-22.51); rom (-22.75)	7
a-se-ka-na-s	asekanas	tis	-22.6785	tis (-22.68); tawarsiu (-23.62); sialkʰwis (-24.27)	8
a-se-ka-na-si	asekanasi	pʰoke	-24.2701	pʰoke (-24.27); tis (-26.18); tawarsiu (-26.42)	9
a-se-ka-na-si-s	asekanasis	pʰoke	-27.7747	pʰoke (-27.77); hulaies (-27.94); tis (-28.74)	10
a-se-ra	asera	siwai	-11.175	siwai (-11.18); tis (-13.26); siasi (-14.77)	5
a-se-ra-t	aserat	siwai	-13.9813	siwai (-13.98); tis (-16.38); rom (-17.00)	6
a-se-ra-te	aserate	siwai	-17.0706	siwai (-17.07); tis (-19.60); rom (-20.49)	7
a-si-i-p	asiip	heloke	-13.1239	heloke (-13.12); pʰoke (-13.23); rom (-13.89)	5
a-si-i-pi	asiipi	heloke	-14.4679	heloke (-14.47); pʰoke (-14.86); rom (-17.39)	6
a-si-i-pi-n	asiipin	heloke	-17.9572	heloke (-17.96); pʰoke (-18.36); rom (-20.88)	7
a-si-i-pi-na	asiipina	heloke	-21.4411	heloke (-21.44); pʰoke (-21.86); aker (-22.83)	8
a-si-i-pi-na-m	asiipinam	heloke	-24.9196	heloke (-24.92); pʰoke (-25.36); aker (-26.34)	9
a-si-i-pi-na-ma	asiipinama	heloke	-28.3928	heloke (-28.39); pʰoke (-28.86); aker (-29.15)	10
a-si-ru	asiru	heloke	-13.1784	heloke (-13.18); tis (-13.26); siasi (-14.77)	5
a-si-ru-t	asirut	heloke	-16.0134	heloke (-16.01); tis (-16.38); rom (-17.18)	6
a-si-ru-te	asirute	heloke	-19.1164	heloke (-19.12); tis (-19.60); rom (-20.67)	7
a-si-si	asisi	heloke	-12.1324	heloke (-12.13); pʰoke (-12.18); tis (-13.19)	5
a-si-si-r	asisir	siasi	-13.2712	siasi (-13.27); holaiesi (-13.91); heloke (-15.60)	6
a-ta-i-*301	ataiΘ	rom	-14.9575	rom (-14.96); maw (-15.10); maras (-17.46)	5
a-ta-i-*301-u	ataiΘu	rom	-18.3815	rom (-18.38); maw (-18.56); maras (-20.65)	6
a-ta-i-*301-u-j	ataiΘuj	rom	-21.8099	rom (-21.81); maw (-22.02); maras (-23.89)	7
a-ta-i-*301-u-ja	ataiΘuja	maw	-23.8667	maw (-23.87); aker (-23.92); rom (-25.21)	8
a-ta-i-*301-w	ataiΘw	rom	-18.3815	rom (-18.38); maw (-18.56); murinail (-20.15)	6
a-ta-i-*301-wa	ataiΘwa	maw	-20.5117	maw (-20.51); aker (-20.52); rom (-21.78)	7
a-ta-i-*301-wa-e	ataiΘwae	maw	-24.009	maw (-24.01); aker (-24.03); rom (-25.18)	8
a-ta-i-*301-wa-e-a	ataiΘwaea	maw	-26.7815	maw (-26.78); aker (-26.85); rom (-28.57)	9
a-ta-i-*301-wa-e-a-d	ataiΘwaead	maw	-30.2842	maw (-30.28); aker (-30.35); heloke (-30.75)	10
a-ta-i-*301-wa-j	ataiΘwaj	maw	-24.009	maw (-24.01); aker (-24.03); rom (-25.18)	8
a-ta-i-*301-wa-ja	ataiΘwaja	maw	-26.7815	maw (-26.78); aker (-26.85); rom (-28.57)	9
a-ta-i-*301-wa-ja-a	ataiΘwajaa	maw	-29.8231	maw (-29.82); aker (-29.95); rom (-31.94)	10
a-ta-i-*301-wa-ja-j	ataiΘwajaj	maw	-30.2842	maw (-30.28); aker (-30.35); rom (-31.96)	10
a-ta-i-*301-wa-ja-s	ataiΘwajas	maras	-29.3201	maras (-29.32); maw (-30.28); aker (-30.35)	10
a-ta-i-*301-wa-ja-t	ataiΘwajat	rom	-29.8092	rom (-29.81); marasm (-30.03); maw (-30.28)	10
a-ti-*301-w	atiΘw	rom	-15.0854	rom (-15.09); maw (-16.75); pʰoke (-18.59)	5
a-ti-*301-wa	atiΘwa	maw	-17.4002	maw (-17.40); aker (-17.43); rom (-18.50)	6
a-ti-*301-wa-j	atiΘwaj	maw	-20.8927	maw (-20.89); aker (-20.94); rom (-21.92)	7
a-ti-*301-wa-ja	atiΘwaja	maw	-23.5333	maw (-23.53); aker (-23.75); rom (-25.32)	8
a-tu-ru	aturu	rom	-15.0854	rom (-15.09); maw (-16.75); arai (-16.81)	5
a-tu-ru-s	aturus	awis	-14.5502	awis (-14.55); tis (-16.10); rom (-18.54)	6
a-tu-ru-sa	aturusa	awis	-18.0572	awis (-18.06); tis (-19.60); maw (-20.69)	7
a-tu-ru-sa-i	aturusai	awis	-21.5642	awis (-21.56); pʰoke (-23.02); tis (-23.10)	8
a-tu-ru-sa-i-d	aturusaid	awis	-25.0712	awis (-25.07); ewistʰuo (-25.16); pʰoke (-26.17)	9
a-tu-ru-sa-i-da	aturusaida	aker	-26.6353	aker (-26.64); ewistʰuo (-28.38); awis (-28.58)	10
a-u-na-k	aunak	rom	-16.205	rom (-16.20); aker (-16.62); maw (-17.03)	5
a-u-na-ka	aunaka	aker	-19.0838	aker (-19.08); rom (-19.35); maw (-19.55)	6
a-u-na-ka-n	aunakan	aker	-22.5808	aker (-22.58); rom (-22.59); maw (-23.06)	7
a-u-na-ka-na	aunakana	aker	-25.4051	aker (-25.41); rom (-25.82); maw (-25.93)	8
a-u-ti-n	autin	rom	-14.5182	rom (-14.52); pʰoke (-15.78); aker (-16.04)	5
a-u-ti-nu	autinu	rom	-17.9975	rom (-18.00); aker (-19.13); pʰoke (-19.27)	6
a-u-ti-nu-i	autinui	heloke	-18.843	heloke (-18.84); pʰoke (-19.80); rom (-21.48)	7
a-u-ti-nu-i-n	autinuin	heloke	-22.3501	heloke (-22.35); pʰoke (-23.30); aker (-24.73)	8
a-u-ti-nu-i-na	autinuina	aker	-22.9078	aker (-22.91); heloke (-25.86); pʰoke (-26.81)	9
a-u-ti-nu-i-na-i	autinuinai	aker	-26.4127	aker (-26.41); heloke (-28.66); pʰoke (-29.62)	10
a-wa-i-j	awaij	rom	-16.071	rom (-16.07); heloke (-16.69); maw (-17.43)	5
a-wa-i-ja	awaija	aker	-17.0221	aker (-17.02); rom (-19.25); maw (-19.69)	6
a-za-*56-n	azaΦn	rom	-13.5029	rom (-13.50); maw (-17.03); pʰoke (-18.31)	5
a-za-*56-ni	azaΦni	rom	-16.6235	rom (-16.62); pʰoke (-18.17); maw (-20.53)	6
da-da-u	dadau	rom	-14.1915	rom (-14.19); pʰoke (-16.08); maw (-16.76)	5
da-da-u-t	dadaut	rom	-12.5774	rom (-12.58); pʰoke (-18.92); marasm (-19.95)	6
da-da-u-ti	dadauti	rom	-16.0836	rom (-16.08); pʰoke (-16.16); heloke (-19.53)	7
da-da-u-ti-n	dadautin	rom	-19.5897	rom (-19.59); pʰoke (-19.67); heloke (-23.04)	8
da-da-u-ti-nu	dadautinu	rom	-23.0958	rom (-23.10); pʰoke (-23.17); heloke (-26.54)	9
da-da-u-ti-nu-i	dadautinui	pʰoke	-25.5692	pʰoke (-25.57); rom (-26.60); heloke (-28.19)	10
da-ja-j	dajaj	rom	-16.3459	rom (-16.35); maw (-16.76); aker (-18.75)	5
da-ja-ja	dajaja	maw	-19.4441	maw (-19.44); rom (-19.45); aker (-21.21)	6
da-ja-s	dajas	awis	-15.759	awis (-15.76); tis (-15.83); maras (-16.20)	5
da-ma-t	damat	rom	-13.685	rom (-13.69); maw (-16.54); marasm (-16.97)	5
da-ma-te	damate	rom	-17.1691	rom (-17.17); maw (-19.87); marasm (-20.47)	6
da-se-r	daser	tis	-13.8789	tis (-13.88); siasi (-14.70); siwai (-15.20)	5
da-se-ra	dasera	siwai	-14.6791	siwai (-14.68); tis (-16.75); siasi (-17.99)	6
da-se-ra-t	daserat	siwai	-17.487	siwai (-17.49); tis (-19.87); rom (-20.36)	7
da-se-ra-te	daserate	siwai	-20.5768	siwai (-20.58); tis (-23.10); rom (-23.85)	8
da-u-ti	dauti	pʰoke	-14.0108	pʰoke (-14.01); rom (-14.18); heloke (-16.11)	5
da-u-ti-n	dautin	pʰoke	-17.5178	pʰoke (-17.52); rom (-17.66); aker (-19.14)	6
da-u-ti-nu	dautinu	pʰoke	-21.0203	pʰoke (-21.02); rom (-21.15); aker (-22.24)	7
da-u-ti-nu-i	dautinui	heloke	-22.1035	heloke (-22.10); pʰoke (-22.57); rom (-24.64)	8
da-u-ti-nu-i-n	dautinuin	heloke	-25.6106	heloke (-25.61); pʰoke (-26.07); aker (-27.95)	9
da-u-ti-nu-i-na	dautinuina	aker	-26.1549	aker (-26.15); heloke (-29.12); pʰoke (-29.58)	10
da-wa-i	dawai	heloke	-16.0024	heloke (-16.00); rom (-16.35); maw (-16.76)	5
da-wa-i-j	dawaij	heloke	-19.5046	heloke (-19.50); rom (-19.56); hulaies (-20.10)	6
da-wa-i-ja	dawaija	aker	-20.2295	aker (-20.23); rom (-22.74); maw (-22.84)	7
di-ki-t	dikit	rom	-15.1724	rom (-15.17); pʰoke (-17.57); epteziu (-17.63)	5
di-ki-te	dikite	rom	-18.6779	rom (-18.68); epteziu (-20.64); maw (-20.96)	6
di-ki-te-s	dikites	rom	-22.1833	rom (-22.18); hulaies (-22.36); tis (-22.49)	7
di-ki-te-si	dikitesi	zeronaitʰ	-23.8759	zeronaitʰ (-23.88); epteziu (-24.80); rom (-25.69)	8
di-ki-te-si-r	dikitesir	epteziu	-25.418	epteziu (-25.42); holaiesi (-25.86); zeronaitʰ (-26.55)	9
di-ki-te-si-ra	dikitesira	epteziu	-28.236	epteziu (-28.24); ziwai (-28.64); siwai (-28.71)	10
di-ki-te-t	dikitet	rom	-21.4433	rom (-21.44); epteziu (-23.74); maw (-23.78)	7
di-ki-te-te	dikitete	rom	-24.95	rom (-24.95); maw (-26.88); epteziu (-26.91)	8
di-ki-te-te-r	dikiteter	aomai	-27.259	aomai (-27.26); ziazi (-27.54); ziwai (-27.70)	9
di-ki-te-te-re	dikitetere	zeronaitʰ	-30.6536	zeronaitʰ (-30.65); aomai (-30.76); ziazi (-30.97)	10
di-ki-tu	dikitu	rom	-18.6779	rom (-18.68); epteziu (-20.64); maw (-20.96)	6
di-ki-tu-j	dikituj	rom	-22.1833	rom (-22.18); epteziu (-23.74); maw (-24.06)	7
di-ki-tu-ja	dikituja	aker	-23.6631	aker (-23.66); maw (-24.64); rom (-25.64)	8
di-ki-tu-ja-s	dikitujas	aker	-27.167	aker (-27.17); maras (-27.81); zeronaitʰ (-28.07)	9
e-a-di-k	eadik	rom	-14.2317	rom (-14.23); pʰoke (-15.92); maw (-18.10)	5
e-a-di-ki	eadiki	rom	-17.456	rom (-17.46); pʰoke (-18.08); heloke (-20.69)	6
e-a-di-ki-t	eadikit	rom	-16.0874	rom (-16.09); pʰoke (-21.58); epteziu (-23.79)	7
e-a-di-ki-te	eadikite	rom	-19.5936	rom (-19.59); pʰoke (-25.08); epteziu (-26.91)	8
e-a-di-ki-te-t	eadikitet	rom	-22.4115	rom (-22.41); pʰoke (-28.58); marasm (-30.00)	9
e-a-di-ki-te-te	eadikitete	rom	-25.9187	rom (-25.92); pʰoke (-32.08); epteziu (-33.33)	10
e-di-ja	edija	aker	-13.9304	aker (-13.93); maw (-16.74); pʰoke (-16.84)	5
e-i-da-j	eidaj	aker	-14.6188	aker (-14.62); maw (-17.04); rom (-17.35)	5
e-i-da-ja	eidaja	aker	-17.4282	aker (-17.43); maw (-19.56); rom (-20.20)	6
e-i-da-ja-j	eidajaj	aker	-20.9352	aker (-20.94); maw (-23.06); rom (-23.31)	7
e-i-da-ja-ja	eidajaja	aker	-24.0284	aker (-24.03); maw (-25.93); rom (-26.42)	8
e-i-ja-s	eijas	aker	-14.6188	aker (-14.62); tis (-15.83); awis (-16.49)	5
e-i-ja-sa	eijasa	ewistʰuo	-17.3588	ewistʰuo (-17.36); aker (-17.43); tis (-19.16)	6
e-i-ja-sa-s	eijasas	ewistʰuo	-19.4592	ewistʰuo (-19.46); tis (-20.15); epteziu (-20.91)	7
e-i-ja-sa-sa	eijasasa	ewistʰuo	-20.5858	ewistʰuo (-20.59); epteziu (-23.30); tis (-23.63)	8
e-i-ja-sa-u	eijasau	ewistʰuo	-19.7942	ewistʰuo (-19.79); aker (-20.93); tis (-22.52)	7
e-i-ja-sa-u-n	eijasaun	ewistʰuo	-22.603	ewistʰuo (-22.60); aker (-24.43); pʰoke (-25.78)	8
e-i-ja-sa-u-na	eijasauna	ewistʰuo	-25.5857	ewistʰuo (-25.59); aker (-27.40); pʰoke (-28.85)	9
e-i-ja-sa-u-na-k	eijasaunak	ewistʰuo	-28.67	ewistʰuo (-28.67); epteziu (-29.71); aker (-30.91)	10
e-i-ke-t	eiket	rom	-16.7263	rom (-16.73); maw (-18.14); epteziu (-18.18)	5
e-i-ke-ta	eiketa	aker	-18.108	aker (-18.11); maw (-18.56); rom (-20.02)	6
e-i-ke-ta-n	eiketan	aker	-21.6139	aker (-21.61); maw (-22.02); ziwai (-23.22)	7
e-i-ke-ta-na	eiketana	maw	-24.3312	maw (-24.33); aker (-24.42); ziwai (-25.94)	8
e-i-ke-ta-na-i	eiketanai	maw	-27.8253	maw (-27.83); aker (-27.92); ziwai (-28.99)	9
e-i-ke-ta-na-i-*301	eiketanaiΘ	maw	-31.3191	maw (-31.32); aker (-31.42); ziwai (-32.18)	10
e-ka-na	ekana	ziwai	-16.256	ziwai (-16.26); maw (-16.35); rom (-16.78)	5
e-ka-na-s	ekanas	awis	-18.9255	awis (-18.93); tis (-19.15); maras (-19.20)	6
e-ka-na-si	ekanasi	zeronaitʰ	-22.0652	zeronaitʰ (-22.07); ziwai (-22.41); awis (-22.42)	7
e-ka-na-si-s	ekanasis	tis	-23.6251	tis (-23.63); hulaies (-24.30); awis (-24.83)	8
e-ka-na-si-si	ekanasisi	heloke	-26.1592	heloke (-26.16); pʰoke (-26.16); tis (-27.11)	9
e-ka-na-si-si-r	ekanasisir	siasi	-27.2682	siasi (-27.27); holaiesi (-27.79); ziwai (-28.92)	10
e-ra-te	erate	rom	-15.088	rom (-15.09); siwai (-16.34); ziwai (-16.34)	5
e-si-ra	esira	siwai	-11.175	siwai (-11.18); tis (-13.26); aker (-13.93)	5
e-ta-na	etana	maw	-13.8949	maw (-13.89); rom (-16.55); maras (-16.89)	5
e-ta-na-i	etanai	maw	-17.3878	maw (-17.39); rom (-19.72); maras (-19.89)	6
e-ta-na-i-*301	etanaiΘ	maw	-20.8805	maw (-20.88); rom (-22.96); maras (-23.04)	7
e-ta-na-i-*301-t	etanaiΘt	rom	-23.7225	rom (-23.72); marasm (-23.72); maw (-24.36)	8
e-ta-na-i-*301-ti	etanaiΘti	rom	-27.2152	rom (-27.22); marasm (-27.23); maw (-27.84)	9
e-ta-na-i-*301-ti-j	etanaiΘtij	rom	-30.7077	rom (-30.71); marasm (-30.73); maw (-31.32)	10
e-te-re	etere	maw	-16.7601	maw (-16.76); aomai (-17.22); rom (-18.09)	5
e-te-re-p	eterep	rom	-19.8236	rom (-19.82); maw (-19.86); marasm (-19.93)	6
e-to-i-j	etoij	maw	-13.5792	maw (-13.58); maras (-15.47); marasm (-15.90)	5
e-to-i-ja	etoija	maw	-11.9096	maw (-11.91); aker (-14.54); maras (-15.34)	6
e-tu-me	etume	maw	-16.7601	maw (-16.76); rom (-18.09); aker (-18.73)	5
e-tu-me-i	etumei	pʰoke	-18.1346	pʰoke (-18.13); heloke (-19.73); aker (-19.77)	6
e-tu-me-i-j	etumeij	pʰoke	-21.6414	pʰoke (-21.64); aker (-22.63); heloke (-23.23)	7
e-tu-me-i-ja	etumeija	aker	-20.5781	aker (-20.58); maw (-24.02); pʰoke (-25.15)	8
e-tu-me-i-ja-s	etumeijas	aker	-24.0844	aker (-24.08); maras (-27.08); maw (-27.51)	9
e-tu-me-i-ja-sa	etumeijasa	aker	-26.9012	aker (-26.90); maw (-30.22); maras (-30.55)	10
e-u-na-k	eunak	aker	-16.6209	aker (-16.62); maw (-17.04); rom (-17.47)	5
e-u-na-ka	eunaka	aker	-19.0839	aker (-19.08); maw (-19.56); rom (-20.28)	6
e-u-na-ka-n	eunakan	aker	-22.5809	aker (-22.58); maw (-23.06); rom (-23.38)	7
e-u-na-ka-na	eunakana	aker	-25.4051	aker (-25.41); maw (-25.93); rom (-26.47)	8
e-u-na-ka-na-s	eunakanas	awis	-28.3051	awis (-28.31); sialkʰwis (-28.37); maras (-28.43)	9
e-u-na-ka-na-si	eunakanasi	awis	-31.8013	awis (-31.80); sialkʰwis (-31.86); maras (-31.93)	10
e-u-na-r	eunar	arai	-16.4784	arai (-16.48); aker (-16.62); awis (-16.73)	5
e-u-na-ru	eunaru	awis	-19.5634	awis (-19.56); arai (-19.96); aker (-20.03)	6
e-u-na-ru-k	eunaruk	awis	-22.6708	awis (-22.67); sialkʰwis (-23.27); arai (-23.44)	7
e-u-na-ru-ka	eunaruka	aker	-25.2728	aker (-25.27); sialkʰwis (-25.70); awis (-25.88)	8
e-u-na-ru-ka-n	eunarukan	sialkʰwis	-28.683	sialkʰwis (-28.68); aker (-28.76); awis (-29.16)	9
e-u-na-ru-ka-na	eunarukana	sialkʰwis	-31.3306	sialkʰwis (-31.33); aker (-31.43); ziwai (-32.25)	10
i-da-a-u	idaau	rom	-16.5155	rom (-16.52); maw (-16.54); pʰoke (-16.99)	5
i-da-ja	idaja	maw	-16.348	maw (-16.35); rom (-16.73); aker (-17.12)	5
i-da-ja-j	idajaj	rom	-19.828	rom (-19.83); maw (-19.85); ewistʰuo (-20.59)	6
i-da-ja-ja	idajaja	maw	-22.6565	maw (-22.66); rom (-22.93); ewistʰuo (-23.28)	7
i-da-ja-s	idajas	awis	-18.9255	awis (-18.93); ewistʰuo (-18.95); tis (-19.15)	6
i-i-pi-n	iipin	epteziu	-17.0233	epteziu (-17.02); maw (-17.06); rom (-17.42)	5
i-i-pi-na	iipina	aker	-16.7338	aker (-16.73); maw (-17.66); epteziu (-19.94)	6
i-i-pi-na-m	iipinam	aker	-20.24	aker (-20.24); maw (-21.15); epteziu (-22.98)	7
i-i-pi-na-ma	iipinama	aker	-23.0553	aker (-23.06); maw (-23.74); epteziu (-26.11)	8
i-i-pi-na-ma-i	iipinamai	aker	-26.5606	aker (-26.56); maw (-27.24); epteziu (-29.17)	9
i-i-pi-na-ma-i-n	iipinamain	aker	-30.0659	aker (-30.07); maw (-30.74); epteziu (-32.25)	10
i-ja-re	ijare	ewistʰuo	-13.8665	ewistʰuo (-13.87); awis (-16.34); arai (-16.79)	5
i-ja-re-d	ijared	ewistʰuo	-13.349	ewistʰuo (-13.35); epteziu (-16.27); rom (-18.68)	6
i-ja-re-di	ijaredi	ewistʰuo	-16.5459	ewistʰuo (-16.55); epteziu (-19.78); pʰoke (-21.47)	7
i-ja-re-di-j	ijaredij	ewistʰuo	-19.7781	ewistʰuo (-19.78); epteziu (-23.28); rom (-24.71)	8
i-ja-re-di-ja	ijaredija	ewistʰuo	-23.0316	ewistʰuo (-23.03); epteziu (-26.77); aker (-26.81)	9
i-ja-sa	ijasa	ewistʰuo	-13.8519	ewistʰuo (-13.85); tis (-15.85); maw (-16.35)	5
i-ja-sa-s	ijasas	ewistʰuo	-15.9522	ewistʰuo (-15.95); tis (-16.67); epteziu (-17.40)	6
i-ja-sa-sa	ijasasa	ewistʰuo	-17.0789	ewistʰuo (-17.08); epteziu (-19.80); tis (-20.15)	7
i-ja-sa-sa-r	ijasasar	ewistʰuo	-19.5662	ewistʰuo (-19.57); epteziu (-20.19); siasi (-20.27)	8
i-ja-sa-u	ijasau	ewistʰuo	-16.2873	ewistʰuo (-16.29); tis (-19.17); pʰoke (-19.50)	6
i-ja-sa-u-n	ijasaun	ewistʰuo	-19.0961	ewistʰuo (-19.10); pʰoke (-22.30); tis (-22.52)	7
i-ja-sa-u-na	ijasauna	ewistʰuo	-22.0787	ewistʰuo (-22.08); pʰoke (-25.36); aker (-25.80)	8
i-ja-sa-u-na-k	ijasaunak	ewistʰuo	-25.163	ewistʰuo (-25.16); epteziu (-26.20); tawarzio (-27.64)	9
i-ja-sa-u-na-ka	ijasaunaka	ewistʰuo	-28.3142	ewistʰuo (-28.31); epteziu (-29.02); tawarzio (-30.44)	10
i-ke-ta	iketa	maw	-15.0997	maw (-15.10); rom (-16.75); ziwai (-16.87)	5
i-ke-ta-n	iketan	maw	-18.5604	maw (-18.56); ziwai (-19.72); rom (-20.04)	6
i-ke-ta-na	iketana	maw	-20.8524	maw (-20.85); ziwai (-22.44); rom (-23.22)	7
i-ke-ta-na-i	iketanai	maw	-24.3461	maw (-24.35); ziwai (-25.49); pʰoke (-26.24)	8
i-ke-ta-na-i-*301	iketanaiΘ	maw	-27.8395	maw (-27.84); ziwai (-28.68); pʰoke (-29.75)	9
i-ke-ta-na-i-*301-t	iketanaiΘt	marasm	-30.6751	marasm (-30.68); rom (-30.71); maw (-31.32)	10
i-ki-te	ikite	rom	-17.0202	rom (-17.02); epteziu (-17.45); maw (-17.47)	5
i-ki-te-s	ikites	tis	-19.146	tis (-19.15); maras (-19.73); zeronaitʰ (-20.26)	6
i-ki-te-si	ikitesi	zeronaitʰ	-20.372	zeronaitʰ (-20.37); epteziu (-21.32); tis (-22.51)	7
i-ki-te-si-r	ikitesir	epteziu	-21.9217	epteziu (-21.92); zeronaitʰ (-23.05); ziazi (-24.13)	8
i-ki-te-si-ra	ikitesira	epteziu	-24.739	epteziu (-24.74); ziwai (-25.14); siwai (-25.20)	9
i-ki-te-t	ikitet	rom	-19.5425	rom (-19.54); maw (-20.28); epteziu (-20.50)	6
i-ki-te-te	ikitete	rom	-23.0475	rom (-23.05); maw (-23.38); zeronaitʰ (-23.51)	7
i-ki-te-te-r	ikiteter	ziazi	-24.1317	ziazi (-24.13); ziwai (-24.20); zeronaitʰ (-24.85)	8
i-ki-te-te-re	ikitetere	zeronaitʰ	-27.1483	zeronaitʰ (-27.15); ziazi (-27.56); ziwai (-27.61)	9
i-ki-te-te-re-p	ikiteterep	zeronaitʰ	-29.8905	zeronaitʰ (-29.89); ziazi (-30.95); ziwai (-31.00)	10
i-ki-tu	ikitu	rom	-17.0202	rom (-17.02); epteziu (-17.45); maw (-17.47)	5
i-ki-tu-j	ikituj	epteziu	-20.4995	epteziu (-20.50); rom (-20.52); maw (-20.56)	6
i-ki-tu-ja	ikituja	aker	-20.7845	aker (-20.78); maw (-21.15); zeronaitʰ (-23.32)	7
i-ki-tu-ja-s	ikitujas	aker	-24.287	aker (-24.29); maras (-24.33); zeronaitʰ (-24.57)	8
i-na-i-d	inaid	epteziu	-13.5052	epteziu (-13.51); rom (-15.23); ewistʰuo (-15.51)	5
i-na-i-da	inaida	epteziu	-17.0023	epteziu (-17.00); aker (-17.00); rom (-18.08)	6
i-na-i-da-j	inaidaj	epteziu	-20.4958	epteziu (-20.50); aker (-20.51); rom (-21.19)	7
i-na-i-da-ja	inaidaja	aker	-23.3299	aker (-23.33); epteziu (-23.99); rom (-24.40)	8
i-na-i-da-ja-s	inaidajas	aker	-26.8371	aker (-26.84); epteziu (-27.46); ewistʰuo (-27.62)	9
i-na-ja	inaja	maw	-16.348	maw (-16.35); rom (-16.78); aker (-17.12)	5
i-na-ja-r	inajar	arai	-18.9119	arai (-18.91); siwai (-19.21); ziwai (-19.21)	6
i-na-ja-re	inajare	ewistʰuo	-20.1594	ewistʰuo (-20.16); awis (-22.39); arai (-22.40)	7
i-na-ja-re-t	inajaret	ewistʰuo	-22.3504	ewistʰuo (-22.35); rom (-23.73); awis (-25.50)	8
i-na-ja-re-ta	inajareta	ewistʰuo	-24.9561	ewistʰuo (-24.96); rom (-27.22); awis (-28.72)	9
i-na-ma	inama	maw	-16.348	maw (-16.35); rom (-16.78); aker (-17.12)	5
i-na-ma-i	inamai	maw	-19.8524	maw (-19.85); rom (-19.87); pʰoke (-20.07)	6
i-na-ma-i-n	inamain	rom	-23.0811	rom (-23.08); ewistʰuo (-23.29); maw (-23.36)	7
i-na-ma-i-na	inamaina	aker	-23.485	aker (-23.48); maw (-26.08); ewistʰuo (-26.10)	8
i-na-ma-i-na-j	inamainaj	aker	-26.9912	aker (-26.99); ewistʰuo (-28.99); rom (-29.52)	9
i-na-ma-i-na-ja	inamainaja	aker	-29.8138	aker (-29.81); ewistʰuo (-31.95); maw (-32.55)	10
i-na-ma-s	inamas	awis	-18.9255	awis (-18.93); ewistʰuo (-18.95); tis (-19.15)	6
i-na-ma-si	inamasi	ewistʰuo	-19.4688	ewistʰuo (-19.47); epteziu (-21.92); serunaitʰ (-22.40)	7
i-na-ma-si-r	inamasir	ewistʰuo	-21.903	ewistʰuo (-21.90); epteziu (-22.46); tawarsiu (-24.06)	8
i-na-ma-si-ru	inamasiru	ewistʰuo	-24.6428	ewistʰuo (-24.64); epteziu (-25.27); tawarsiu (-26.91)	9
i-na-ma-si-ru-t	inamasirut	ewistʰuo	-27.5372	ewistʰuo (-27.54); epteziu (-28.36); tawarsiu (-30.02)	10
i-nu-i-n	inuin	heloke	-13.2364	heloke (-13.24); pʰoke (-14.73); aker (-15.67)	5
i-nu-i-na	inuina	aker	-13.5858	aker (-13.59); heloke (-16.74); pʰoke (-18.24)	6
i-nu-i-na-i	inuinai	aker	-17.0903	aker (-17.09); heloke (-19.54); pʰoke (-20.96)	7
i-nu-i-na-i-d	inuinaid	aker	-20.5947	aker (-20.59); epteziu (-22.05); heloke (-23.05)	8
i-nu-i-na-i-da	inuinaida	aker	-23.0004	aker (-23.00); epteziu (-25.55); heloke (-26.55)	9
i-nu-i-na-i-da-j	inuinaidaj	aker	-26.5074	aker (-26.51); epteziu (-29.05); heloke (-30.05)	10
i-nu-ja	inuja	aker	-16.1097	aker (-16.11); maw (-16.74); rom (-18.14)	5
i-nu-ja-s	inujas	tis	-19.146	tis (-19.15); sialkʰwis (-19.57); aker (-19.59)	6
i-nu-ja-sa	inujasa	ewistʰuo	-20.8231	ewistʰuo (-20.82); aker (-22.10); tis (-22.51)	7
i-nu-ja-sa-s	inujasas	ewistʰuo	-22.9096	ewistʰuo (-22.91); tis (-23.63); epteziu (-24.40)	8
i-nu-ja-sa-sa	inujasasa	ewistʰuo	-24.001	ewistʰuo (-24.00); epteziu (-26.80); tis (-27.11)	9
i-nu-ja-sa-sa-r	inujasasar	ewistʰuo	-26.4854	ewistʰuo (-26.49); epteziu (-27.20); siasi (-27.27)	10
i-nwa-z	inwaz	maw	-16.1755	maw (-16.18); aker (-17.05); rom (-17.08)	5
i-nwa-za	inwaza	maw	-19.1468	maw (-19.15); rom (-19.89); aker (-20.06)	6
i-nwa-za-*56	inwazaΦ	ewistʰuo	-21.0942	ewistʰuo (-21.09); rom (-21.16); heloke (-21.59)	7
i-nwa-za-*56-n	inwazaΦn	rom	-24.025	rom (-24.02); ewistʰuo (-24.29); heloke (-24.41)	8
i-nwa-za-*56-ni	inwazaΦni	heloke	-24.2652	heloke (-24.27); rom (-27.15); napʰotʰ (-27.42)	9
i-pi-na	ipina	aker	-13.9169	aker (-13.92); maw (-14.17); rom (-17.45)	5
i-pi-na-m	ipinam	aker	-17.423	aker (-17.42); maw (-17.66); maras (-20.36)	6
i-pi-na-ma	ipinama	aker	-20.2358	aker (-20.24); maw (-20.24); maras (-23.08)	7
i-pi-na-ma-i	ipinamai	aker	-23.7397	aker (-23.74); maw (-23.74); maras (-26.14)	8
i-pi-na-ma-i-n	ipinamain	maw	-27.2435	maw (-27.24); aker (-27.24); maras (-29.32)	9
i-pi-na-ma-i-na	ipinamaina	aker	-29.5616	aker (-29.56); maw (-30.09); ewistʰuo (-32.38)	10
i-pi-na-ma-s	ipinamas	maras	-23.01	maras (-23.01); aker (-23.74); maw (-23.74)	8
i-pi-na-ma-si	ipinamasi	ewistʰuo	-25.7846	ewistʰuo (-25.78); maras (-26.50); maw (-27.24)	9
i-pi-na-ma-si-r	ipinamasir	ewistʰuo	-28.2196	ewistʰuo (-28.22); epteziu (-28.61); maras (-29.99)	10
i-ru-te	irute	rom	-17.0202	rom (-17.02); maw (-17.47); ewistʰuo (-17.81)	5
i-ru-te-i	irutei	heloke	-16.7349	heloke (-16.73); pʰoke (-18.13); aker (-19.77)	6
i-ru-te-i-d	iruteid	epteziu	-19.7973	epteziu (-19.80); heloke (-20.24); ewistʰuo (-20.69)	7
i-ru-te-i-di	iruteidi	heloke	-22.9985	heloke (-23.00); epteziu (-23.29); pʰoke (-23.90)	8
i-te-si	itesi	epteziu	-15.3078	epteziu (-15.31); tis (-15.85); pʰoke (-16.21)	5
i-te-si-r	itesir	epteziu	-15.8444	epteziu (-15.84); tis (-17.36); siasi (-17.85)	6
i-te-si-ra	itesira	siwai	-18.1889	siwai (-18.19); epteziu (-18.66); aker (-20.23)	7
i-te-te	itete	maw	-16.3689	maw (-16.37); rom (-16.74); marasm (-17.65)	5
i-te-te-r	iteter	aomai	-19.2067	aomai (-19.21); maw (-19.58); rom (-20.24)	6
i-te-te-re	itetere	aomai	-22.7027	aomai (-22.70); maw (-22.85); rom (-23.74)	7
i-te-te-re-p	iteterep	marasm	-25.6969	marasm (-25.70); maw (-26.09); aomai (-26.18)	8
i-tu-ja	ituja	maw	-14.1726	maw (-14.17); aker (-16.11); rom (-17.45)	5
i-tu-ja-s	itujas	maras	-17.3567	maras (-17.36); maw (-17.66); tis (-19.15)	6
i-*301-ti-j	iΘtij	maw	-17.0565	maw (-17.06); rom (-17.42); pʰoke (-17.75)	5
i-*301-ti-ja	iΘtija	aker	-17.0153	aker (-17.02); maw (-17.66); rom (-20.55)	6
i-*301-ti-ja-s	iΘtijas	aker	-20.5215	aker (-20.52); maras (-20.84); maw (-21.15)	7
i-*301-ti-ja-sa	iΘtijasa	aker	-23.3354	aker (-23.34); ewistʰuo (-23.65); maw (-23.74)	8
i-*301-ti-ja-sa-s	iΘtijasas	ewistʰuo	-25.7379	ewistʰuo (-25.74); maras (-26.28); aker (-26.84)	9
i-*301-ti-ja-sa-sa	iΘtijasasa	ewistʰuo	-26.8388	ewistʰuo (-26.84); epteziu (-29.60); maras (-29.77)	10
i-*301-u-ja	iΘuja	aker	-16.1097	aker (-16.11); maw (-16.74); rom (-18.14)	5
i-*301-u-ti	iΘuti	heloke	-13.2327	heloke (-13.23); pʰoke (-14.69); aker (-16.30)	5
i-*301-u-ti-n	iΘutin	heloke	-16.7396	heloke (-16.74); pʰoke (-18.20); aker (-19.15)	6
i-*301-u-ti-nu	iΘutinu	heloke	-20.2394	heloke (-20.24); pʰoke (-21.69); aker (-22.24)	7
i-*301-u-ti-nu-j	iΘutinuj	heloke	-23.739	heloke (-23.74); pʰoke (-25.19); aker (-25.45)	8
i-*301-u-ti-nu-ja	iΘutinuja	aker	-24.0882	aker (-24.09); heloke (-27.24); maw (-27.68)	9
i-*301-u-ti-nu-ja-s	iΘutinujas	aker	-27.5943	aker (-27.59); heloke (-30.74); maras (-30.78)	10
i-*301-wa-e	iΘwae	maw	-17.0357	maw (-17.04); rom (-17.47); aker (-17.82)	5
i-*301-wa-e-a	iΘwaea	maw	-19.5581	maw (-19.56); rom (-20.28); aker (-20.45)	6
i-*301-wa-e-a-d	iΘwaead	ewistʰuo	-21.3216	ewistʰuo (-21.32); rom (-21.56); heloke (-21.59)	7
i-*301-wa-e-a-di	iΘwaeadi	heloke	-21.341	heloke (-21.34); rom (-24.43); ewistʰuo (-24.53)	8
i-*301-wa-e-a-di-k	iΘwaeadik	heloke	-24.8254	heloke (-24.83); epteziu (-25.94); napʰotʰ (-27.42)	9
i-*301-wa-e-a-di-ki	iΘwaeadiki	heloke	-27.0921	heloke (-27.09); epteziu (-28.75); napʰotʰ (-30.35)	10
i-*301-wa-j	iΘwaj	maw	-17.0357	maw (-17.04); rom (-17.47); aker (-17.82)	5
i-*301-wa-ja	iΘwaja	maw	-19.5581	maw (-19.56); rom (-20.28); aker (-20.45)	6
i-*301-wa-ja-a	iΘwajaa	maw	-22.5002	maw (-22.50); rom (-23.23); aker (-23.43)	7
i-*301-wa-ja-a-d	iΘwajaad	ewistʰuo	-23.9546	ewistʰuo (-23.95); rom (-24.64); heloke (-25.07)	8
i-*301-wa-ja-a-di	iΘwajaadi	heloke	-24.7978	heloke (-24.80); ewistʰuo (-27.17); rom (-27.52)	9
i-*301-wa-ja-a-di-k	iΘwajaadik	heloke	-28.2832	heloke (-28.28); epteziu (-29.30); napʰotʰ (-30.40)	10
i-*301-wa-ja-a-j	iΘwajaaj	maw	-26.0062	maw (-26.01); rom (-26.37); napʰotʰ (-26.51)	8
i-*301-wa-ja-a-ja	iΘwajaaja	maw	-29.0509	maw (-29.05); napʰotʰ (-29.33); ewistʰuo (-29.51)	9
i-*301-wa-ja-j	iΘwajaj	maw	-23.063	maw (-23.06); rom (-23.38); napʰotʰ (-23.83)	7
i-*301-wa-ja-ja	iΘwajaja	maw	-25.9312	maw (-25.93); rom (-26.47); napʰotʰ (-26.51)	8
i-*301-wa-ja-ja-a	iΘwajajaa	maw	-29.0031	maw (-29.00); napʰotʰ (-29.33); ewistʰuo (-29.55)	9
i-*301-wa-ja-ja-d	iΘwajajad	ewistʰuo	-26.7559	ewistʰuo (-26.76); rom (-28.11); napʰotʰ (-28.33)	9
i-*301-wa-ja-ja-di	iΘwajajadi	heloke	-28.2556	heloke (-28.26); ewistʰuo (-29.99); napʰotʰ (-30.71)	10
i-*301-wa-ja-ja-i	iΘwajajai	heloke	-26.091	heloke (-26.09); napʰotʰ (-29.33); pʰoke (-29.40)	9
i-*301-wa-ja-ja-i-n	iΘwajajain	heloke	-29.5967	heloke (-29.60); napʰotʰ (-32.25); ewistʰuo (-32.45)	10
i-*301-wa-ja-ja-j	iΘwajajaj	napʰotʰ	-29.3314	napʰotʰ (-29.33); maw (-29.44); ewistʰuo (-29.55)	9
i-*301-wa-ja-ja-ja	iΘwajajaja	napʰotʰ	-32.2535	napʰotʰ (-32.25); ewistʰuo (-32.45); maw (-32.46)	10
i-*301-wa-ja-ja-s	iΘwajajas	awis	-28.3051	awis (-28.31); maras (-28.43); ewistʰuo (-28.46)	9
i-*301-wa-ja-ja-sa	iΘwajajasa	ewistʰuo	-29.1479	ewistʰuo (-29.15); napʰotʰ (-29.77); serunaitʰ (-31.02)	10
i-*301-wa-ja-s	iΘwajas	awis	-22.1732	awis (-22.17); maras (-22.36); ewistʰuo (-22.43)	7
i-*301-wa-ja-se	iΘwajase	ewistʰuo	-22.9687	ewistʰuo (-22.97); napʰotʰ (-23.86); serunaitʰ (-24.75)	8
i-*301-wa-ja-se-k	iΘwajasek	ewistʰuo	-25.4101	ewistʰuo (-25.41); napʰotʰ (-26.57); epteziu (-27.07)	9
i-*301-wa-ja-se-ka	iΘwajaseka	ewistʰuo	-28.2226	ewistʰuo (-28.22); napʰotʰ (-29.49); epteziu (-29.88)	10
i-*301-wa-ja-t	iΘwajat	rom	-20.8665	rom (-20.87); maw (-22.95); marasm (-23.12)	7
i-*301-wa-ja-tu	iΘwajatu	rom	-24.3467	rom (-24.35); heloke (-26.11); maw (-26.36)	8
i-*301-wa-ja-tu-r	iΘwajatur	rom	-27.8268	rom (-27.83); arai (-28.46); siwai (-28.65)	9
i-*301-wa-ja-tu-ru	iΘwajaturu	ewistʰuo	-30.5665	ewistʰuo (-30.57); rom (-31.31); heloke (-31.78)	10
ja-a-di	jaadi	rom	-13.9222	rom (-13.92); pʰoke (-15.32); maw (-17.04)	5
ja-a-di-k	jaadik	rom	-17.0382	rom (-17.04); pʰoke (-18.80); maw (-20.55)	6
ja-a-di-ki	jaadiki	rom	-20.2649	rom (-20.26); pʰoke (-20.99); heloke (-23.78)	7
ja-a-di-ki-t	jaadikit	rom	-18.9035	rom (-18.90); pʰoke (-24.49); marasm (-26.46)	8
ja-a-di-ki-te	jaadikite	rom	-22.4098	rom (-22.41); pʰoke (-27.99); marasm (-29.96)	9
ja-a-di-ki-te-s	jaadikites	rom	-25.916	rom (-25.92); hulaies (-31.41); pʰoke (-31.49)	10
ja-a-ja	jaaja	rom	-16.0849	rom (-16.08); maw (-16.20); aker (-18.11)	5
ja-di-k	jadik	rom	-14.2317	rom (-14.23); pʰoke (-15.92); maw (-18.10)	5
ja-di-ki	jadiki	rom	-17.456	rom (-17.46); pʰoke (-18.08); heloke (-20.69)	6
ja-di-ki-t	jadikit	rom	-16.0874	rom (-16.09); pʰoke (-21.58); epteziu (-23.79)	7
ja-di-ki-tu	jadikitu	rom	-19.5936	rom (-19.59); pʰoke (-24.89); epteziu (-26.91)	8
ja-di-ki-tu-j	jadikituj	rom	-23.0999	rom (-23.10); pʰoke (-28.24); epteziu (-30.10)	9
ja-di-ki-tu-ja	jadikituja	rom	-26.606	rom (-26.61); aker (-30.00); maw (-31.59)	10
ja-i-n-w	jainw	rom	-16.7601	rom (-16.76); maw (-18.10); pʰoke (-18.59)	5
ja-i-nwa	jainwa	aker	-17.4306	aker (-17.43); maw (-19.84); rom (-19.86)	6
ja-i-nwa-z	jainwaz	aker	-20.2463	aker (-20.25); maw (-22.63); rom (-22.96)	7
ja-i-nwa-za	jainwaza	aker	-23.347	aker (-23.35); maw (-25.68); rom (-26.10)	8
ja-i-nwa-za-*56	jainwazaΦ	aker	-26.8544	aker (-26.85); heloke (-27.53); rom (-27.81)	9
ja-i-nwa-za-*56-n	jainwazaΦn	heloke	-30.3433	heloke (-30.34); aker (-30.36); rom (-30.71)	10
ja-ja-a	jajaa	maw	-16.0628	maw (-16.06); rom (-16.22); aker (-17.94)	5
ja-ja-d	jajad	rom	-14.5451	rom (-14.55); maw (-16.76); tawarzio (-18.34)	5
ja-ja-di	jajadi	rom	-17.4139	rom (-17.41); pʰoke (-18.35); maw (-20.26)	6
ja-ja-di-k	jajadik	rom	-20.5346	rom (-20.53); pʰoke (-21.83); maw (-23.76)	7
ja-ja-di-ki	jajadiki	rom	-23.7638	rom (-23.76); pʰoke (-24.03); heloke (-26.93)	8
ja-ja-di-ki-t	jajadikit	rom	-22.4097	rom (-22.41); pʰoke (-27.53); marasm (-29.64)	9
ja-ja-di-ki-tu	jajadikitu	rom	-25.916	rom (-25.92); pʰoke (-30.85); marasm (-33.14)	10
ja-ja-i	jajai	rom	-16.3689	rom (-16.37); maw (-16.76); pʰoke (-17.10)	5
ja-ja-i-n	jajain	rom	-19.5763	rom (-19.58); maw (-20.26); pʰoke (-20.60)	6
ja-ja-i-n-w	jajainw	rom	-22.8478	rom (-22.85); maw (-23.76); pʰoke (-24.10)	7
ja-ja-i-nwa	jajainwa	aker	-23.7326	aker (-23.73); rom (-26.09); maw (-26.24)	8
ja-ja-i-nwa-z	jajainwaz	aker	-26.5505	aker (-26.55); maw (-29.18); rom (-29.32)	9
ja-ja-i-nwa-za	jajainwaza	aker	-29.6527	aker (-29.65); maw (-32.29); rom (-32.57)	10
ja-ja-j	jajaj	rom	-16.3689	rom (-16.37); maw (-16.76); aker (-18.75)	5
ja-ja-ja	jajaja	maw	-19.4441	maw (-19.44); rom (-19.46); aker (-21.21)	6
ja-ja-ja-w	jajajaw	rom	-22.6745	rom (-22.67); maw (-22.95); aker (-24.70)	7
ja-ja-ja-wa	jajajawa	maw	-25.8696	maw (-25.87); rom (-25.89); aker (-27.44)	8
ja-ja-s	jajas	awis	-15.759	awis (-15.76); tis (-15.83); maras (-16.20)	5
ja-ja-sa	jajasa	tis	-19.164	tis (-19.16); awis (-19.23); maw (-19.44)	6
ja-ja-sa-s	jajasas	tis	-20.1462	tis (-20.15); awis (-21.48); maras (-21.82)	7
ja-ja-sa-sa	jajasasa	tis	-23.628	tis (-23.63); napʰotʰ (-24.43); awis (-24.98)	8
ja-ja-sa-sa-r	jajasasar	siasi	-23.7715	siasi (-23.77); tawarsiu (-26.10); siwai (-26.38)	9
ja-ja-sa-sa-ra	jajasasara	siasi	-27.2753	siasi (-27.28); siwai (-27.89); tawarsiu (-28.95)	10
ja-ja-w	jajaw	rom	-16.3689	rom (-16.37); maw (-16.76); aker (-18.75)	5
ja-ja-wa	jajawa	maw	-19.4441	maw (-19.44); rom (-19.46); aker (-21.21)	6
ja-re-d	jared	rom	-15.1794	rom (-15.18); ewistʰuo (-16.11); awis (-16.35)	5
ja-re-di	jaredi	rom	-18.0726	rom (-18.07); pʰoke (-18.35); ewistʰuo (-19.30)	6
ja-re-di-j	jaredij	rom	-21.2021	rom (-21.20); pʰoke (-21.83); ewistʰuo (-22.54)	7
ja-re-di-ja	jaredija	aker	-23.5053	aker (-23.51); rom (-24.42); pʰoke (-25.31)	8
ja-re-t	jaret	rom	-14.158	rom (-14.16); awis (-16.35); arai (-17.21)	5
ja-re-ta	jareta	rom	-17.6294	rom (-17.63); maw (-18.51); awis (-19.55)	6
ja-sa-s	jasas	tis	-13.1885	tis (-13.19); awis (-15.57); maras (-16.04)	5
ja-sa-sa	jasasa	tis	-16.6688	tis (-16.67); napʰotʰ (-18.16); awis (-19.05)	6
ja-sa-sa-r	jasasar	siasi	-16.773	siasi (-16.77); siwai (-19.45); tis (-19.55)	7
ja-sa-sa-ra	jasasara	siasi	-20.2767	siasi (-20.28); siwai (-20.88); tis (-22.68)	8
ja-sa-sa-ra-m	jasasaram	siwai	-23.7489	siwai (-23.75); siasi (-23.78); tis (-25.91)	9
ja-sa-sa-ra-ma	jasasarama	siwai	-26.5915	siwai (-26.59); siasi (-27.28); tis (-29.20)	10
ja-sa-sa-ra-me	jasasarame	siwai	-26.8585	siwai (-26.86); siasi (-27.28); tis (-29.20)	10
ja-sa-u	jasau	tis	-15.8556	tis (-15.86); pʰoke (-16.00); rom (-16.37)	5
ja-sa-u-n	jasaun	pʰoke	-18.7964	pʰoke (-18.80); tis (-19.17); rom (-19.58)	6
ja-sa-u-na	jasauna	pʰoke	-21.8584	pʰoke (-21.86); tis (-22.52); sialkʰwis (-22.64)	7
ja-sa-u-na-k	jasaunak	tawarzio	-24.2006	tawarzio (-24.20); pʰoke (-25.03); sialkʰwis (-25.44)	8
ja-sa-u-na-ka	jasaunaka	tawarzio	-26.999	tawarzio (-27.00); sialkʰwis (-27.86); pʰoke (-28.26)	9
ja-sa-u-na-ka-n	jasaunakan	tawarzio	-30.0842	tawarzio (-30.08); sialkʰwis (-30.84); pʰoke (-31.52)	10
ja-se-k	jasek	tis	-15.8556	tis (-15.86); rom (-16.76); awis (-17.22)	5
ja-se-ka	jaseka	tis	-19.1732	tis (-19.17); maw (-19.84); rom (-19.86)	6
ja-se-ka-n	jasekan	tis	-22.5171	tis (-22.52); rom (-23.07); siwai (-23.19)	7
ja-se-ka-na	jasekana	tis	-25.8806	tis (-25.88); siwai (-25.92); maw (-26.07)	8
ja-se-ka-na-s	jasekanas	tis	-26.1758	tis (-26.18); tawarsiu (-27.08); sialkʰwis (-27.77)	9
ja-se-ka-na-si	jasekanasi	pʰoke	-27.776	pʰoke (-27.78); tis (-29.67); tawarsiu (-29.88)	10
ja-ta-i	jatai	rom	-15.0019	rom (-15.00); maw (-15.06); pʰoke (-17.10)	5
ja-ta-i-*301	jataiΘ	rom	-18.4244	rom (-18.42); maw (-18.52); pʰoke (-20.60)	6
ja-ta-i-*301-u	jataiΘu	rom	-21.8515	rom (-21.85); maw (-21.98); pʰoke (-24.02)	7
ja-ta-i-*301-u-j	jataiΘuj	rom	-25.2827	rom (-25.28); maw (-25.44); maras (-27.29)	8
ja-ta-i-*301-u-ja	jataiΘuja	aker	-27.1398	aker (-27.14); maw (-27.35); rom (-28.69)	9
ja-tu-r	jatur	rom	-15.088	rom (-15.09); arai (-16.18); aomai (-16.56)	5
ja-tu-ru	jaturu	rom	-18.5468	rom (-18.55); arai (-19.68); maw (-20.04)	6
ja-tu-ru-s	jaturus	awis	-17.4214	awis (-17.42); tis (-19.39); maras (-21.90)	7
ja-tu-ru-sa	jaturusa	awis	-20.9285	awis (-20.93); tis (-22.89); maw (-24.17)	8
ja-tu-ru-sa-i	jaturusai	awis	-24.4356	awis (-24.44); pʰoke (-26.20); tis (-26.39)	9
ja-tu-ru-sa-i-d	jaturusaid	awis	-27.9427	awis (-27.94); ewistʰuo (-28.03); pʰoke (-29.43)	10
ja-wa-*56	jawaΦ	rom	-14.5451	rom (-14.55); maw (-16.76); napʰotʰ (-17.29)	5
ka-na-s	kanas	awis	-15.759	awis (-15.76); ziwai (-15.76); tis (-15.83)	5
ka-na-si	kanasi	zeronaitʰ	-18.5793	zeronaitʰ (-18.58); ziwai (-18.92); tis (-19.16)	6
ka-na-si-s	kanasis	tis	-20.1462	tis (-20.15); hulaies (-20.84); zeronaitʰ (-21.37)	7
ka-na-si-si	kanasisi	heloke	-22.6528	heloke (-22.65); pʰoke (-22.67); zeronaitʰ (-23.62)	8
ka-na-si-si-r	kanasisir	siasi	-23.7715	siasi (-23.77); holaiesi (-24.34); ziwai (-25.42)	9
ke-ta-n	ketan	maw	-15.1015	maw (-15.10); ziwai (-16.22); rom (-16.77)	5
ke-ta-na	ketana	maw	-17.3736	maw (-17.37); ziwai (-18.94); rom (-19.87)	6
ke-ta-na-i	ketanai	maw	-20.8669	maw (-20.87); ziwai (-22.00); rom (-23.09)	7
ke-ta-na-i-*301	ketanaiΘ	maw	-24.36	maw (-24.36); ziwai (-25.18); rom (-26.36)	8
ke-ta-na-i-*301-t	ketanaiΘt	marasm	-27.1998	marasm (-27.20); rom (-27.22); maw (-27.84)	9
ke-ta-na-i-*301-ti	ketanaiΘti	marasm	-30.7022	marasm (-30.70); rom (-30.71); maw (-31.32)	10
ki-te-s	kites	tis	-15.8337	tis (-15.83); maras (-16.28); zeronaitʰ (-16.76)	5
ki-te-si	kitesi	zeronaitʰ	-16.868	zeronaitʰ (-16.87); epteziu (-18.81); tis (-19.16)	6
ki-te-si-r	kitesir	epteziu	-19.3443	epteziu (-19.34); zeronaitʰ (-19.55); ziazi (-20.69)	7
ki-te-si-ra	kitesira	ziwai	-21.6283	ziwai (-21.63); siwai (-21.70); epteziu (-22.16)	8
ki-te-t	kitet	rom	-16.3324	rom (-16.33); maw (-16.78); zeronaitʰ (-17.35)	5
ki-te-te	kitete	rom	-19.8369	rom (-19.84); maw (-19.87); zeronaitʰ (-20.00)	6
ki-te-te-r	kiteter	ziazi	-20.6928	ziazi (-20.69); ziwai (-20.69); zeronaitʰ (-21.35)	7
ki-te-te-re	kitetere	zeronaitʰ	-23.6429	zeronaitʰ (-23.64); ziazi (-24.11); ziwai (-24.11)	8
ki-te-te-re-p	kiteterep	zeronaitʰ	-26.3851	zeronaitʰ (-26.39); ziazi (-27.50); ziwai (-27.50)	9
ki-tu-j	kituj	maw	-17.0565	maw (-17.06); zeronaitʰ (-17.35); rom (-17.42)	5
ki-tu-ja	kituja	maw	-17.6605	maw (-17.66); aker (-17.90); zeronaitʰ (-19.81)	6
ki-tu-ja-s	kitujas	maras	-20.8431	maras (-20.84); zeronaitʰ (-21.06); maw (-21.15)	7
ma-i-na	maina	aker	-13.9291	aker (-13.93); maw (-16.53); rom (-16.55)	5
ma-i-na-j	mainaj	aker	-17.4353	aker (-17.44); rom (-19.71); maw (-20.03)	6
ma-i-na-ja	mainaja	aker	-20.2486	aker (-20.25); maw (-22.74); rom (-22.86)	7
ma-i-na-ja-r	mainajar	aker	-23.7557	aker (-23.76); arai (-25.08); siwai (-25.36)	8
ma-i-na-ja-re	mainajare	ewistʰuo	-27.1725	ewistʰuo (-27.17); aker (-27.26); arai (-28.57)	9
ma-i-na-ja-re-t	mainajaret	ewistʰuo	-29.3638	ewistʰuo (-29.36); rom (-30.07); aker (-30.77)	10
ma-na-d	manad	rom	-14.5451	rom (-14.55); maw (-16.76); tawarzio (-18.34)	5
ma-na-da	manada	rom	-17.4004	rom (-17.40); maw (-19.44); aker (-21.21)	6
ma-na-da-w	manadaw	rom	-20.5161	rom (-20.52); maw (-22.95); murinail (-23.74)	7
ma-na-da-wa	manadawa	rom	-23.7356	rom (-23.74); maw (-25.87); serunaitʰ (-25.89)	8
ma-na-da-wa-i	manadawai	rom	-27.0194	rom (-27.02); pʰoke (-27.54); serunaitʰ (-28.31)	9
ma-na-da-wa-i-j	manadawaij	rom	-30.3439	rom (-30.34); serunaitʰ (-31.01); zeronaitʰ (-31.01)	10
ma-si-r	masir	tis	-13.8789	tis (-13.88); siasi (-14.70); siwai (-15.20)	5
ma-si-ru	masiru	heloke	-16.6853	heloke (-16.69); tis (-16.75); siasi (-17.99)	6
ma-si-ru-t	masirut	heloke	-19.5205	heloke (-19.52); tis (-19.87); rom (-20.67)	7
ma-si-ru-te	masirute	heloke	-22.6235	heloke (-22.62); tis (-23.10); rom (-24.17)	8
me-i-ja	meija	aker	-13.9304	aker (-13.93); maw (-16.74); rom (-18.14)	5
me-i-ja-s	meijas	aker	-17.4366	aker (-17.44); tis (-19.15); awis (-19.73)	6
me-i-ja-sa	meijasa	aker	-20.2493	aker (-20.25); ewistʰuo (-20.87); tis (-22.51)	7
me-i-ja-sa-s	meijasas	ewistʰuo	-22.9661	ewistʰuo (-22.97); tis (-23.63); aker (-23.76)	8
me-i-ja-sa-sa	meijasasa	ewistʰuo	-24.0927	ewistʰuo (-24.09); epteziu (-26.81); aker (-26.85)	9
me-i-ja-sa-u	meijasau	ewistʰuo	-23.3011	ewistʰuo (-23.30); aker (-23.75); tis (-25.88)	8
me-i-ja-sa-u-n	meijasaun	ewistʰuo	-26.1099	ewistʰuo (-26.11); aker (-27.26); serunaitʰ (-29.20)	9
me-i-ja-sa-u-na	meijasauna	ewistʰuo	-29.0926	ewistʰuo (-29.09); aker (-30.28); pʰoke (-32.33)	10
me-i-ti	meiti	pʰoke	-16.9011	pʰoke (-16.90); rom (-17.02); maw (-17.47)	5
me-u-na	meuna	aker	-16.2382	aker (-16.24); maw (-16.74); rom (-18.14)	5
me-u-na-k	meunak	aker	-19.7174	aker (-19.72); maw (-20.24); rom (-20.96)	6
me-u-na-ka	meunaka	aker	-22.1908	aker (-22.19); maw (-22.83); rom (-23.78)	7
me-u-na-ka-n	meunakan	aker	-25.6881	aker (-25.69); maw (-26.34); rom (-26.88)	8
me-u-na-ka-na	meunakana	aker	-28.5208	aker (-28.52); maw (-29.25); rom (-29.98)	9
me-u-na-ka-na-s	meunakanas	sialkʰwis	-30.7764	sialkʰwis (-30.78); awis (-31.63); maras (-31.71)	10
me-u-na-r	meunar	aker	-19.7174	aker (-19.72); arai (-19.72); sialkʰwis (-19.74)	6
me-u-na-ru	meunaru	sialkʰwis	-22.564	sialkʰwis (-22.56); awis (-22.85); aker (-23.14)	7
me-u-na-ru-k	meunaruk	sialkʰwis	-25.6678	sialkʰwis (-25.67); awis (-25.95); aker (-26.57)	8
me-u-na-ru-ka	meunaruka	sialkʰwis	-28.4769	sialkʰwis (-28.48); aker (-28.48); awis (-29.16)	9
me-u-na-ru-ka-n	meunarukan	sialkʰwis	-31.5685	sialkʰwis (-31.57); aker (-31.97); awis (-32.44)	10
na-da-d	nadad	rom	-13.7302	rom (-13.73); maw (-16.76); pʰoke (-17.85)	5
na-da-da	nadada	rom	-16.7724	rom (-16.77); maw (-19.44); pʰoke (-20.84)	6
na-da-da-u	nadadau	rom	-19.9635	rom (-19.96); pʰoke (-21.71); maw (-22.95)	7
na-da-da-u-t	nadadaut	rom	-18.5004	rom (-18.50); pʰoke (-24.56); marasm (-25.92)	8
na-da-da-u-ti	nadadauti	pʰoke	-21.8081	pʰoke (-21.81); rom (-22.01); heloke (-25.20)	9
na-da-da-u-ti-n	nadadautin	pʰoke	-25.3153	pʰoke (-25.32); rom (-25.51); heloke (-28.70)	10
na-da-w	nadaw	rom	-14.1942	rom (-14.19); maw (-16.76); murinail (-17.47)	5
na-da-wa	nadawa	rom	-17.3996	rom (-17.40); maw (-19.44); serunaitʰ (-20.27)	6
na-da-wa-i	nadawai	rom	-20.6748	rom (-20.67); pʰoke (-21.55); heloke (-22.25)	7
na-da-wa-i-j	nadawaij	rom	-23.9933	rom (-23.99); pʰoke (-25.05); serunaitʰ (-25.38)	8
na-da-wa-i-ja	nadawaija	aker	-26.8115	aker (-26.81); rom (-27.33); serunaitʰ (-28.26)	9
na-i-da	naida	aker	-13.9291	aker (-13.93); rom (-14.57); maw (-16.53)	5
na-i-da-j	naidaj	aker	-17.4353	aker (-17.44); rom (-17.68); maw (-20.03)	6
na-i-da-ja	naidaja	aker	-20.2486	aker (-20.25); rom (-20.89); maw (-22.74)	7
na-i-da-ja-s	naidajas	aker	-23.7557	aker (-23.76); rom (-24.17); awis (-25.09)	8
na-i-*301-t	naiΘt	rom	-14.158	rom (-14.16); maw (-17.46); marasm (-17.63)	5
na-i-*301-ti	naiΘti	rom	-17.6464	rom (-17.65); pʰoke (-19.95); maw (-20.56)	6
na-i-*301-ti-j	naiΘtij	rom	-21.1346	rom (-21.13); pʰoke (-23.46); maw (-23.77)	7
na-i-*301-ti-ja	naiΘtija	aker	-23.1797	aker (-23.18); rom (-24.61); maw (-24.62)	8
na-i-*301-ti-ja-s	naiΘtijas	aker	-26.6859	aker (-26.69); maras (-27.72); rom (-28.08)	9
na-i-*301-ti-ja-sa	naiΘtijasa	aker	-29.5024	aker (-29.50); ewistʰuo (-30.65); maw (-30.71)	10
na-i-*301-u	naiΘu	rom	-16.7601	rom (-16.76); maw (-18.10); aker (-18.42)	5
na-i-*301-u-t	naiΘut	rom	-17.386	rom (-17.39); marasm (-20.83); maw (-20.96)	6
na-i-*301-u-ti	naiΘuti	heloke	-19.1425	heloke (-19.14); pʰoke (-20.35); rom (-20.88)	7
na-i-*301-u-ti-n	naiΘutin	heloke	-22.6496	heloke (-22.65); pʰoke (-23.86); rom (-24.37)	8
na-i-*301-u-ti-nu	naiΘutinu	heloke	-26.1518	heloke (-26.15); pʰoke (-27.36); rom (-27.86)	9
na-i-*301-u-ti-nu-j	naiΘutinuj	heloke	-29.6541	heloke (-29.65); pʰoke (-30.87); rom (-31.36)	10
na-ja-r	najar	arai	-15.7453	arai (-15.75); siwai (-16.21); ziwai (-16.21)	5
na-ja-re	najare	awis	-19.1699	awis (-19.17); arai (-19.24); rom (-19.58)	6
na-ja-re-t	najaret	rom	-20.2299	rom (-20.23); awis (-22.28); arai (-22.73)	7
na-ja-re-ta	najareta	rom	-23.7157	rom (-23.72); maw (-25.33); awis (-25.50)	8
na-ka-n	nakan	rom	-16.3689	rom (-16.37); maw (-16.76); ziwai (-17.20)	5
na-ka-na	nakana	maw	-19.4441	maw (-19.44); rom (-19.46); ziwai (-19.72)	6
na-ka-na-s	nakanas	awis	-21.7867	awis (-21.79); maras (-22.09); tis (-22.49)	7
na-ka-na-si	nakanasi	awis	-25.2817	awis (-25.28); zeronaitʰ (-25.50); maras (-25.58)	8
na-ma-i	namai	rom	-16.3689	rom (-16.37); maw (-16.76); pʰoke (-17.10)	5
na-ma-i-n	namain	rom	-19.5763	rom (-19.58); maw (-20.26); pʰoke (-20.60)	6
na-ma-i-na	namaina	aker	-20.2295	aker (-20.23); rom (-22.76); maw (-22.84)	7
na-ma-i-na-j	namainaj	aker	-23.7358	aker (-23.74); rom (-26.02); maw (-26.34)	8
na-ma-i-na-ja	namainaja	aker	-26.552	aker (-26.55); maw (-29.25); rom (-29.27)	9
na-ma-i-na-ja-r	namainajar	aker	-30.0592	aker (-30.06); arai (-31.40); siwai (-31.62)	10
na-ma-s	namas	awis	-15.759	awis (-15.76); tis (-15.83); maras (-16.20)	5
na-ma-si	namasi	tis	-19.164	tis (-19.16); awis (-19.25); pʰoke (-19.46)	6
na-ma-si-r	namasir	tis	-20.8364	tis (-20.84); siasi (-21.02); tawarsiu (-21.22)	7
na-ma-si-ru	namasiru	heloke	-23.6985	heloke (-23.70); tis (-23.73); tawarsiu (-24.06)	8
na-ma-si-ru-t	namasirut	heloke	-26.5342	heloke (-26.53); rom (-26.85); tis (-26.87)	9
na-ma-si-ru-te	namasirute	heloke	-29.6374	heloke (-29.64); tis (-30.10); rom (-30.34)	10
na-ru-k	naruk	awis	-16.3488	awis (-16.35); rom (-16.76); arai (-17.21)	5
na-ru-ka	naruka	aker	-19.439	aker (-19.44); awis (-19.55); maw (-19.84)	6
na-ru-ka-n	narukan	sialkʰwis	-22.6484	sialkʰwis (-22.65); awis (-22.82); ziwai (-22.88)	7
na-ru-ka-na	narukana	sialkʰwis	-25.0694	sialkʰwis (-25.07); aker (-25.41); ziwai (-25.67)	8
na-ru-ka-na-s	narukanas	awis	-24.4826	awis (-24.48); sialkʰwis (-24.98); tis (-26.86)	9
na-si-i	nasii	heloke	-13.1958	heloke (-13.20); pʰoke (-13.22); tis (-15.86)	5
na-si-i-p	nasiip	heloke	-16.6305	heloke (-16.63); pʰoke (-16.72); rom (-17.39)	6
na-si-i-pi	nasiipi	heloke	-17.9749	heloke (-17.97); pʰoke (-18.36); rom (-20.88)	7
na-si-i-pi-n	nasiipin	heloke	-21.4643	heloke (-21.46); pʰoke (-21.86); rom (-24.37)	8
na-si-i-pi-na	nasiipina	heloke	-24.9482	heloke (-24.95); pʰoke (-25.37); aker (-26.06)	9
na-si-i-pi-na-m	nasiipinam	heloke	-28.4267	heloke (-28.43); pʰoke (-28.87); aker (-29.57)	10
na-si-s	nasis	tis	-13.1885	tis (-13.19); hulaies (-13.90); awis (-15.92)	5
na-si-si	nasisi	heloke	-15.6394	heloke (-15.64); pʰoke (-15.68); tis (-16.67)	6
na-si-si-r	nasisir	siasi	-16.773	siasi (-16.77); holaiesi (-17.40); epteziu (-19.10)	7
na-ti-*301	natiΘ	rom	-15.088	rom (-15.09); maw (-16.77); pʰoke (-17.75)	5
na-ti-*301-w	natiΘw	rom	-18.5468	rom (-18.55); maw (-20.04); pʰoke (-21.25)	6
na-ti-*301-wa	natiΘwa	aker	-20.526	aker (-20.53); maw (-20.88); rom (-21.97)	7
na-ti-*301-wa-j	natiΘwaj	aker	-24.0322	aker (-24.03); maw (-24.37); rom (-25.39)	8
na-ti-*301-wa-ja	natiΘwaja	aker	-26.8468	aker (-26.85); maw (-27.02); rom (-28.79)	9
nu-i-na	nuina	aker	-10.4837	aker (-10.48); pʰoke (-15.87); maw (-16.74)	5
nu-i-na-i	nuinai	aker	-13.9882	aker (-13.99); pʰoke (-18.49); heloke (-19.75)	6
nu-i-na-i-d	nuinaid	aker	-17.4926	aker (-17.49); epteziu (-20.51); pʰoke (-21.94)	7
nu-i-na-i-da	nuinaida	aker	-19.893	aker (-19.89); epteziu (-24.00); rom (-25.09)	8
nu-i-na-i-da-j	nuinaidaj	aker	-23.3999	aker (-23.40); epteziu (-27.50); rom (-28.20)	9
nu-i-na-i-da-ja	nuinaidaja	aker	-26.3955	aker (-26.40); epteziu (-30.99); rom (-31.41)	10
nu-ja-s	nujas	tis	-15.8337	tis (-15.83); awis (-16.49); aker (-16.62)	5
nu-ja-sa	nujasa	aker	-19.0839	aker (-19.08); tis (-19.16); maw (-19.56)	6
nu-ja-sa-s	nujasas	tis	-20.1462	tis (-20.15); awis (-21.95); maras (-22.16)	7
nu-ja-sa-sa	nujasasa	tis	-23.628	tis (-23.63); napʰotʰ (-24.43); aker (-25.41)	8
nu-ja-sa-sa-r	nujasasar	siasi	-23.7715	siasi (-23.77); hktaonosi (-26.01); siwai (-26.40)	9
nu-ja-sa-sa-ra	nujasasara	siasi	-27.2753	siasi (-27.28); siwai (-27.89); tawarsiu (-29.40)	10
nu-*56-e-t	nuΦet	rom	-14.2289	rom (-14.23); aomai (-17.69); maw (-18.14)	5
nu-*56-e-tu	nuΦetu	rom	-17.735	rom (-17.73); pʰoke (-19.54); aomai (-20.49)	6
nu-*56-e-tu-m	nuΦetum	rom	-21.2409	rom (-21.24); pʰoke (-22.40); aomai (-23.58)	7
nu-*56-e-tu-me	nuΦetume	rom	-24.7468	rom (-24.75); pʰoke (-25.52); aomai (-26.79)	8
nu-*56-e-tu-me-i	nuΦetumei	pʰoke	-23.1677	pʰoke (-23.17); heloke (-26.49); rom (-28.25)	9
nu-*56-e-tu-me-i-j	nuΦetumeij	pʰoke	-26.6749	pʰoke (-26.67); heloke (-30.00); rom (-31.76)	10
nwa-za	nwaza	maw	-15.937	maw (-15.94); rom (-16.38); aker (-17.83)	5
nwa-za-*56	nwazaΦ	rom	-17.6489	rom (-17.65); napʰotʰ (-18.92); maw (-19.44)	6
nwa-za-*56-n	nwazaΦn	rom	-20.5177	rom (-20.52); napʰotʰ (-21.18); maw (-22.95)	7
nwa-za-*56-ni	nwazaΦni	rom	-23.6383	rom (-23.64); napʰotʰ (-23.91); heloke (-24.22)	8
o-sa-re	osare	awis	-10.4554	awis (-10.46); arai (-10.96); tis (-13.26)	5
o-sa-re-j	osarej	awis	-13.5722	awis (-13.57); arai (-14.44); tis (-16.38)	6
o-sa-re-ja	osareja	awis	-16.7923	awis (-16.79); arai (-17.90); siwai (-18.13)	7
pi-na-m	pinam	maw	-14.1723	maw (-14.17); aker (-14.62); maras (-16.87)	5
pi-na-ma	pinama	maw	-16.7517	maw (-16.75); aker (-17.43); maras (-19.59)	6
pi-na-ma-i	pinamai	maw	-20.2514	maw (-20.25); aker (-20.93); maras (-22.64)	7
pi-na-ma-i-n	pinamain	maw	-23.751	maw (-23.75); aker (-24.43); maras (-25.83)	8
pi-na-ma-i-na	pinamaina	aker	-26.4272	aker (-26.43); maw (-26.59); maras (-28.92)	9
pi-na-ma-i-na-j	pinamainaj	aker	-29.9339	aker (-29.93); maw (-30.09); maras (-32.13)	10
pi-na-ma-s	pinamas	maras	-19.5196	maras (-19.52); maw (-20.25); aker (-20.94)	7
pi-na-ma-si	pinamasi	ewistʰuo	-22.9759	ewistʰuo (-22.98); maras (-23.01); maw (-23.75)	8
pi-na-ma-si-r	pinamasir	ewistʰuo	-25.4101	ewistʰuo (-25.41); epteziu (-25.96); maras (-26.50)	9
pi-na-ma-si-ru	pinamasiru	ewistʰuo	-28.1499	ewistʰuo (-28.15); epteziu (-28.78); maras (-29.99)	10
ra-ma-n	raman	siwai	-16.3326	siwai (-16.33); ziwai (-16.33); rom (-16.37)	5
ra-ma-na	ramana	siwai	-19.4143	siwai (-19.41); ziwai (-19.41); maw (-19.44)	6
ra-ma-na-d	ramanad	rom	-21.1001	rom (-21.10); siwai (-22.62); ziwai (-22.62)	7
ra-ma-na-da	ramanada	rom	-23.9855	rom (-23.99); siwai (-25.82); ziwai (-25.82)	8
ra-ma-na-da-w	ramanadaw	rom	-27.1121	rom (-27.11); siwai (-29.08); ziwai (-29.08)	9
ra-ma-na-da-wa	ramanadawa	rom	-30.3397	rom (-30.34); serunaitʰ (-32.08); zeronaitʰ (-32.08)	10
ra-me-i	ramei	siwai	-16.7446	siwai (-16.74); ziwai (-16.74); rom (-16.76)	5
ra-me-i-t	rameit	rom	-17.386	rom (-17.39); siwai (-20.01); ziwai (-20.01)	6
ra-me-i-ti	rameiti	rom	-20.8787	rom (-20.88); pʰoke (-22.81); siwai (-23.32)	7
ra-me-u	rameu	siwai	-16.7446	siwai (-16.74); ziwai (-16.74); rom (-16.76)	5
ra-me-u-n	rameun	siwai	-20.014	siwai (-20.01); ziwai (-20.01); rom (-20.03)	6
ra-me-u-na	rameuna	aker	-22.7142	aker (-22.71); sialkʰwis (-23.01); ziwai (-23.16)	7
ra-me-u-na-k	rameunak	sialkʰwis	-25.8042	sialkʰwis (-25.80); aker (-26.19); ziwai (-26.39)	8
ra-me-u-na-ka	rameunaka	sialkʰwis	-28.229	sialkʰwis (-28.23); aker (-28.69); maw (-29.42)	9
ra-me-u-na-ka-n	rameunakan	sialkʰwis	-31.2163	sialkʰwis (-31.22); aker (-32.18); ziwai (-32.73)	10
ra-me-u-na-r	rameunar	sialkʰwis	-22.9861	sialkʰwis (-22.99); siwai (-23.15); ziwai (-23.15)	8
ra-me-u-na-ru	rameunaru	sialkʰwis	-25.8152	sialkʰwis (-25.82); siwai (-26.65); ziwai (-26.65)	9
ra-me-u-na-ru-k	rameunaruk	sialkʰwis	-28.9219	sialkʰwis (-28.92); ziwai (-30.15); siwai (-30.15)	10
re-di-j	redij	pʰoke	-15.9206	pʰoke (-15.92); aker (-19.08); heloke (-19.23)	5
re-di-ja	redija	aker	-17.0243	aker (-17.02); pʰoke (-19.40); maw (-20.01)	6
re-i-ke	reike	epteziu	-17.9337	epteziu (-17.93); pʰoke (-18.59); ziazi (-18.62)	5
re-i-ke-t	reiket	rom	-19.998	rom (-20.00); epteziu (-21.02); ziazi (-21.62)	6
re-i-ke-ta	reiketa	aker	-20.9325	aker (-20.93); maw (-22.02); rom (-23.34)	7
re-i-ke-ta-n	reiketan	aker	-24.4386	aker (-24.44); maw (-25.48); ziwai (-26.47)	8
re-i-ke-ta-na	reiketana	aker	-27.2515	aker (-27.25); maw (-27.81); ziwai (-29.21)	9
re-i-ke-ta-na-i	reiketanai	aker	-30.7543	aker (-30.75); maw (-31.30); ziwai (-32.27)	10
ri-da-u	ridau	aker	-14.6106	aker (-14.61); pʰoke (-16.06); maw (-17.04)	5
ru-ka-n	rukan	aker	-16.6209	aker (-16.62); ziwai (-16.67); sialkʰwis (-16.77)	5
ru-ka-na	rukana	aker	-19.0839	aker (-19.08); sialkʰwis (-19.19); ziwai (-19.29)	6
ru-ka-na-s	rukanas	sialkʰwis	-19.094	sialkʰwis (-19.09); tis (-20.83); awis (-22.08)	7
ru-sa-i	rusai	pʰoke	-13.1954	pʰoke (-13.20); tis (-13.88); heloke (-15.79)	5
ru-sa-i-d	rusaid	pʰoke	-16.0804	pʰoke (-16.08); epteziu (-17.31); tis (-17.36)	6
ru-sa-i-da	rusaida	aker	-17.4637	aker (-17.46); pʰoke (-19.20); heloke (-20.64)	7
ru-sa-i-da-a	rusaidaa	aker	-20.281	aker (-20.28); pʰoke (-22.41); heloke (-23.75)	8
ru-sa-i-da-a-u	rusaidaau	pʰoke	-23.7381	pʰoke (-23.74); aker (-23.79); heloke (-24.81)	9
ru-te-i	rutei	pʰoke	-15.6613	pʰoke (-15.66); aker (-16.66); maw (-17.06)	5
ru-te-i-d	ruteid	pʰoke	-19.0918	pʰoke (-19.09); aker (-19.52); maw (-20.26)	6
ru-te-i-di	ruteidi	pʰoke	-21.0461	pʰoke (-21.05); aker (-22.36); heloke (-22.64)	7
sa-i-da	saida	pʰoke	-12.2124	pʰoke (-12.21); heloke (-13.65); aker (-13.93)	5
sa-i-da-a	saidaa	pʰoke	-15.4233	pʰoke (-15.42); aker (-16.74); heloke (-16.75)	6
sa-i-da-a-u	saidaau	pʰoke	-16.7286	pʰoke (-16.73); heloke (-17.80); aker (-20.25)	7
sa-ra-m	saram	siwai	-10.4581	siwai (-10.46); tis (-12.88); siasi (-14.59)	5
sa-ra-ma	sarama	siwai	-13.2779	siwai (-13.28); tis (-16.10); siasi (-17.73)	6
sa-ra-ma-n	saraman	siwai	-16.3723	siwai (-16.37); tis (-19.39); siasi (-20.91)	7
sa-ra-ma-na	saramana	siwai	-19.4698	siwai (-19.47); tis (-22.72); sialkʰwis (-23.54)	8
sa-ra-ma-na-d	saramanad	siwai	-22.6805	siwai (-22.68); tawarzio (-25.47); tawarsiu (-25.47)	9
sa-ra-ma-na-da	saramanada	siwai	-25.8938	siwai (-25.89); pʰoke (-28.90); tawarzio (-28.97)	10
sa-ra-me	sarame	siwai	-13.5525	siwai (-13.55); tis (-16.10); siasi (-17.73)	6
sa-ra-me-i	saramei	siwai	-16.7611	siwai (-16.76); pʰoke (-17.60); tis (-19.39)	7
sa-ra-me-i-t	sarameit	siwai	-20.0329	siwai (-20.03); pʰoke (-21.11); tis (-22.72)	8
sa-ra-me-i-ti	sarameiti	siwai	-23.345	siwai (-23.34); pʰoke (-23.56); heloke (-25.91)	9
sa-ra-me-u	sarameu	siwai	-16.7611	siwai (-16.76); tis (-19.39); pʰoke (-20.82)	7
sa-ra-me-u-n	sarameun	siwai	-20.0329	siwai (-20.03); tis (-22.72); pʰoke (-23.68)	8
sa-ra-me-u-na	sarameuna	sialkʰwis	-23.0772	sialkʰwis (-23.08); siwai (-23.20); tis (-26.07)	9
sa-ra-me-u-na-k	sarameunak	sialkʰwis	-25.876	sialkʰwis (-25.88); siwai (-26.45); tawarzio (-29.44)	10
sa-ra-me-u-na-r	sarameunar	sialkʰwis	-23.058	sialkʰwis (-23.06); siwai (-23.21); siasi (-25.98)	10
sa-re-j	sarej	tis	-12.8778	tis (-12.88); siwai (-13.90); siasi (-14.59)	5
sa-re-ja	sareja	siwai	-14.6246	siwai (-14.62); tis (-16.10); siasi (-17.73)	6
sa-sa-r	sasar	siasi	-9.7675	siasi (-9.77); siwai (-12.49); tis (-12.57)	5
sa-sa-ra	sasara	siasi	-13.2711	siasi (-13.27); siwai (-13.88); tis (-15.68)	6
sa-sa-ra-m	sasaram	siwai	-16.7368	siwai (-16.74); siasi (-16.77); tis (-18.91)	7
sa-sa-ra-ma	sasarama	siwai	-19.5779	siwai (-19.58); siasi (-20.27); tis (-22.20)	8
sa-sa-ra-ma-n	sasaraman	siwai	-22.6796	siwai (-22.68); siasi (-23.77); tis (-25.53)	9
sa-sa-ra-ma-na	sasaramana	siwai	-25.7821	siwai (-25.78); siasi (-27.27); tis (-28.88)	10
sa-sa-ra-me	sasarame	siwai	-19.8454	siwai (-19.85); siasi (-20.27); tis (-22.20)	8
sa-sa-ra-me-i	sasaramei	siwai	-23.0612	siwai (-23.06); pʰoke (-23.56); siasi (-23.77)	9
sa-sa-ra-me-i-t	sasarameit	siwai	-26.3374	siwai (-26.34); pʰoke (-27.06); siasi (-27.27)	10
sa-sa-ra-me-u	sasarameu	siwai	-23.0612	siwai (-23.06); siasi (-23.77); tis (-25.53)	9
sa-sa-ra-me-u-n	sasarameun	siwai	-26.3374	siwai (-26.34); siasi (-27.27); tis (-28.88)	10
sa-u-na	sauna	pʰoke	-14.8519	pʰoke (-14.85); sialkʰwis (-15.66); tis (-15.83)	5
sa-u-na-k	saunak	tawarzio	-17.2789	tawarzio (-17.28); pʰoke (-18.02); sialkʰwis (-18.46)	6
sa-u-na-ka	saunaka	tawarzio	-20.0771	tawarzio (-20.08); sialkʰwis (-20.88); pʰoke (-21.25)	7
sa-u-na-ka-n	saunakan	tawarzio	-23.162	tawarzio (-23.16); sialkʰwis (-23.87); pʰoke (-24.51)	8
sa-u-na-ka-na	saunakana	tawarzio	-26.3613	tawarzio (-26.36); sialkʰwis (-26.72); pʰoke (-27.80)	9
se-ka-n	sekan	tis	-15.8337	tis (-15.83); siwai (-16.22); pʰoke (-16.50)	5
se-ka-na	sekana	siwai	-18.9375	siwai (-18.94); tis (-19.15); pʰoke (-19.48)	6
se-ka-na-s	sekanas	tis	-19.1811	tis (-19.18); tawarsiu (-20.12); sialkʰwis (-20.77)	7
se-ka-na-si	sekanasi	pʰoke	-20.7637	pʰoke (-20.76); tis (-22.68); tawarsiu (-22.92)	8
se-ka-na-si-s	sekanasis	pʰoke	-24.2684	pʰoke (-24.27); hulaies (-24.43); tis (-25.24)	9
se-ka-na-si-si	sekanasisi	pʰoke	-26.7242	pʰoke (-26.72); hulaies (-27.94); tis (-28.74)	10
se-ra-t	serat	siwai	-10.4743	siwai (-10.47); tis (-12.88); siasi (-14.59)	5
se-ra-te	serate	siwai	-13.5635	siwai (-13.56); tis (-16.10); siasi (-17.73)	6
se-to-i	setoi	pʰoke	-11.5122	pʰoke (-11.51); maw (-13.98); heloke (-14.97)	5
se-to-i-j	setoij	pʰoke	-15.0156	pʰoke (-15.02); maw (-17.09); heloke (-18.31)	6
se-to-i-ja	setoija	maw	-15.4159	maw (-15.42); aker (-18.02); pʰoke (-18.52)	7
si-i-pi	siipi	heloke	-10.9607	heloke (-10.96); pʰoke (-11.35); tis (-15.83)	5
si-i-pi-n	siipin	heloke	-14.4501	heloke (-14.45); pʰoke (-14.86); tis (-19.15)	6
si-i-pi-na	siipina	heloke	-17.934	heloke (-17.93); pʰoke (-18.36); aker (-19.68)	7
si-i-pi-na-m	siipinam	heloke	-21.4125	heloke (-21.41); pʰoke (-21.86); aker (-23.19)	8
si-i-pi-na-ma	siipinama	heloke	-24.8857	heloke (-24.89); pʰoke (-25.36); aker (-26.01)	9
si-i-pi-na-ma-i	siipinamai	heloke	-26.3133	heloke (-26.31); pʰoke (-27.05); aker (-29.51)	10
si-ru-t	sirut	heloke	-12.5063	heloke (-12.51); tis (-12.88); pʰoke (-14.43)	5
si-ru-te	sirute	heloke	-15.6093	heloke (-15.61); tis (-16.10); pʰoke (-17.54)	6
si-ru-te-i	sirutei	heloke	-13.2709	heloke (-13.27); pʰoke (-15.26); tis (-19.39)	7
si-ru-te-i-d	siruteid	heloke	-16.7764	heloke (-16.78); pʰoke (-18.75); tis (-22.72)	8
si-ru-te-i-di	siruteidi	heloke	-19.5613	heloke (-19.56); pʰoke (-21.28); tis (-26.07)	9
si-si-r	sisir	siasi	-9.7675	siasi (-9.77); holaiesi (-10.41); heloke (-12.09)	5
ta-i-*301-u	taiΘu	maw	-15.0974	maw (-15.10); rom (-16.75); maras (-17.19)	5
ta-i-*301-u-j	taiΘuj	maw	-18.5545	maw (-18.55); rom (-20.02); maras (-20.43)	6
ta-i-*301-u-ja	taiΘuja	maw	-20.3765	maw (-20.38); aker (-20.80); maras (-23.18)	7
ta-i-*301-w	taiΘw	maw	-15.0974	maw (-15.10); murinail (-16.69); morinail (-16.69)	5
ta-i-*301-wa	taiΘwa	maw	-17.0241	maw (-17.02); aker (-17.43); rom (-19.85)	6
ta-i-*301-wa-e	taiΘwae	maw	-20.5212	maw (-20.52); aker (-20.94); maras (-22.93)	7
ta-i-*301-wa-e-a	taiΘwaea	maw	-23.2883	maw (-23.29); aker (-23.75); maras (-25.87)	8
ta-i-*301-wa-e-a-d	taiΘwaead	maw	-26.791	maw (-26.79); aker (-27.26); heloke (-27.53)	9
ta-i-*301-wa-e-a-di	taiΘwaeadi	heloke	-27.2788	heloke (-27.28); maw (-30.29); aker (-30.76)	10
ta-i-*301-wa-j	taiΘwaj	maw	-20.5212	maw (-20.52); aker (-20.94); maras (-22.93)	7
ta-i-*301-wa-ja	taiΘwaja	maw	-23.2883	maw (-23.29); aker (-23.75); maras (-25.87)	8
ta-i-*301-wa-ja-a	taiΘwajaa	maw	-26.3277	maw (-26.33); aker (-26.85); maras (-28.85)	9
ta-i-*301-wa-ja-a-d	taiΘwajaad	maw	-29.8323	maw (-29.83); aker (-30.36); ewistʰuo (-30.96)	10
ta-i-*301-wa-ja-a-j	taiΘwajaaj	maw	-29.8323	maw (-29.83); aker (-30.36); maras (-32.01)	10
ta-i-*301-wa-ja-j	taiΘwajaj	maw	-26.791	maw (-26.79); aker (-27.26); maras (-29.01)	9
ta-i-*301-wa-ja-ja	taiΘwajaja	maw	-29.7869	maw (-29.79); aker (-30.35); maras (-32.11)	10
ta-i-*301-wa-ja-s	taiΘwajas	maras	-25.8346	maras (-25.83); maw (-26.79); aker (-27.26)	9
ta-i-*301-wa-ja-se	taiΘwajase	maras	-29.3295	maras (-29.33); ewistʰuo (-29.98); maw (-30.29)	10
ta-i-*301-wa-ja-t	taiΘwajat	marasm	-26.5503	marasm (-26.55); maw (-26.79); rom (-26.93)	9
ta-i-*301-wa-ja-tu	taiΘwajatu	marasm	-30.0518	marasm (-30.05); maw (-30.28); rom (-30.42)	10
ta-na-i	tanai	maw	-13.9088	maw (-13.91); rom (-16.36); maras (-16.41)	5
ta-na-i-*301	tanaiΘ	maw	-17.4011	maw (-17.40); maras (-19.57); rom (-19.57)	6
ta-na-i-*301-t	tanaiΘt	rom	-20.2297	rom (-20.23); marasm (-20.25); maw (-20.88)	7
ta-na-i-*301-ti	tanaiΘti	rom	-23.7222	rom (-23.72); marasm (-23.75); maw (-24.36)	8
ta-na-i-*301-ti-j	tanaiΘtij	rom	-27.2144	rom (-27.21); marasm (-27.25); maw (-27.84)	9
ta-na-i-*301-ti-ja	tanaiΘtija	aker	-29.7219	aker (-29.72); maw (-30.09); rom (-30.70)	10
ta-na-i-*301-u	tanaiΘu	maw	-20.8932	maw (-20.89); maras (-22.81); rom (-22.85)	7
ta-na-i-*301-u-t	tanaiΘut	marasm	-23.487	marasm (-23.49); rom (-23.52); maw (-24.37)	8
ta-na-i-*301-u-ti	tanaiΘuti	heloke	-25.6298	heloke (-25.63); pʰoke (-26.47); marasm (-26.99)	9
ta-na-i-*301-u-ti-n	tanaiΘutin	heloke	-29.1369	heloke (-29.14); pʰoke (-29.97); marasm (-30.49)	10
te-i-da	teida	maw	-13.908	maw (-13.91); aker (-13.93); maras (-17.22)	5
te-i-da-j	teidaj	maw	-17.4003	maw (-17.40); aker (-17.44); maras (-20.08)	6
te-i-da-ja	teidaja	maw	-20.0384	maw (-20.04); aker (-20.25); maras (-22.84)	7
te-i-da-ja-j	teidajaj	maw	-23.5396	maw (-23.54); aker (-23.76); murinail (-25.75)	8
te-i-da-ja-ja	teidajaja	maw	-26.4775	maw (-26.48); aker (-26.85); murinail (-28.60)	9
te-i-di	teidi	pʰoke	-15.2829	pʰoke (-15.28); maw (-16.53); heloke (-16.62)	5
te-re-p	terep	maw	-16.3551	maw (-16.36); marasm (-16.43); rom (-16.72)	5
te-si-r	tesir	tis	-13.8789	tis (-13.88); siasi (-14.70); siwai (-15.37)	5
te-si-ra	tesira	siwai	-14.682	siwai (-14.68); tis (-16.75); aker (-17.02)	6
te-te-r	teter	maw	-16.071	maw (-16.07); aomai (-16.54); rom (-17.41)	5
te-te-re	tetere	maw	-19.3423	maw (-19.34); aomai (-20.03); rom (-20.91)	6
te-te-re-p	teterep	marasm	-22.1944	marasm (-22.19); maw (-22.58); rom (-23.03)	7
ti-ja-s	tijas	maras	-13.8691	maras (-13.87); maw (-14.17); aker (-14.62)	5
ti-ja-sa	tijasa	maw	-16.7517	maw (-16.75); maras (-17.32); ewistʰuo (-17.36)	6
ti-ja-sa-s	tijasas	maras	-19.3024	maras (-19.30); ewistʰuo (-19.46); tis (-20.15)	7
ti-ja-sa-sa	tijasasa	ewistʰuo	-20.5858	ewistʰuo (-20.59); maras (-22.79); maw (-23.15)	8
ti-ja-sa-sa-r	tijasasar	ewistʰuo	-23.0732	ewistʰuo (-23.07); epteziu (-23.70); siasi (-23.77)	9
ti-nu-i	tinui	heloke	-12.5433	heloke (-12.54); pʰoke (-13.96); aker (-16.03)	5
ti-nu-i-n	tinuin	heloke	-16.0503	heloke (-16.05); pʰoke (-17.47); aker (-18.87)	6
ti-nu-i-na	tinuina	aker	-16.7983	aker (-16.80); heloke (-19.56); maw (-20.52)	7
ti-nu-i-na-i	tinuinai	aker	-20.3028	aker (-20.30); heloke (-22.36); pʰoke (-23.73)	8
ti-nu-i-na-i-d	tinuinaid	aker	-23.8073	aker (-23.81); epteziu (-25.56); heloke (-25.87)	9
ti-nu-i-na-i-da	tinuinaida	aker	-26.2181	aker (-26.22); epteziu (-29.06); heloke (-29.37)	10
ti-nu-j	tinuj	maw	-16.5263	maw (-16.53); aker (-18.46); heloke (-18.78)	5
ti-nu-ja	tinuja	maw	-17.1941	maw (-17.19); aker (-17.90); maras (-20.48)	6
ti-nu-ja-s	tinujas	maras	-20.3006	maras (-20.30); maw (-20.69); aker (-21.40)	7
ti-nu-ja-sa	tinujasa	maw	-23.3649	maw (-23.36); maras (-23.76); aker (-24.14)	8
ti-nu-ja-sa-s	tinujasas	maras	-25.8264	maras (-25.83); ewistʰuo (-26.42); maw (-26.87)	9
ti-nu-ja-sa-sa	tinujasasa	ewistʰuo	-27.5079	ewistʰuo (-27.51); maras (-29.31); maw (-29.83)	10
ti-*301-wa	tiΘwa	maw	-13.908	maw (-13.91); aker (-14.61); maras (-17.22)	5
ti-*301-wa-j	tiΘwaj	maw	-17.4003	maw (-17.40); aker (-18.12); maras (-20.08)	6
ti-*301-wa-ja	tiΘwaja	maw	-20.0384	maw (-20.04); aker (-20.93); maras (-22.84)	7
to-i-ja	toija	maw	-8.4034	maw (-8.40); aker (-11.06); maras (-11.83)	5
to-sa-r	tosar	maw	-8.4043	maw (-8.40); maras (-10.07); siasi (-10.42)	5
to-sa-re	tosare	maw	-11.9106	maw (-11.91); maras (-13.42); siasi (-13.92)	6
to-sa-re-j	tosarej	maw	-15.4168	maw (-15.42); maras (-16.78); awis (-17.08)	7
to-sa-re-ja	tosareja	maw	-18.2346	maw (-18.23); maras (-20.06); awis (-20.30)	8
tu-ja-s	tujas	maras	-13.8691	maras (-13.87); maw (-14.17); tis (-15.83)	5
tu-me-i	tumei	pʰoke	-15.6613	pʰoke (-15.66); maw (-16.53); aker (-16.66)	5
tu-me-i-j	tumeij	pʰoke	-19.1675	pʰoke (-19.17); aker (-19.52); maw (-19.84)	6
tu-me-i-ja	tumeija	aker	-17.4656	aker (-17.47); maw (-20.52); pʰoke (-22.67)	7
tu-me-i-ja-s	tumeijas	aker	-20.9719	aker (-20.97); maras (-23.59); maw (-24.02)	8
tu-me-i-ja-sa	tumeijasa	aker	-23.7886	aker (-23.79); maw (-26.72); maras (-27.05)	9
tu-me-i-ja-sa-s	tumeijasas	aker	-27.2958	aker (-27.30); maras (-29.15); ewistʰuo (-29.98)	10
tu-me-i-ja-sa-u	tumeijasau	aker	-27.2957	aker (-27.30); maw (-30.22); ewistʰuo (-30.31)	10
tu-ru-s	turus	tis	-12.8778	tis (-12.88); awis (-13.24); maras (-15.15)	5
tu-ru-sa	turusa	tis	-16.375	tis (-16.38); awis (-16.75); maw (-17.19)	6
tu-ru-sa-i	turusai	pʰoke	-19.8206	pʰoke (-19.82); tis (-19.87); awis (-20.25)	7
tu-ru-sa-i-d	turusaid	pʰoke	-22.8658	pʰoke (-22.87); tis (-23.37); epteziu (-23.62)	8
tu-ru-sa-i-da	turusaida	aker	-23.4112	aker (-23.41); pʰoke (-26.05); maw (-26.79)	9
tu-ru-sa-i-da-a	turusaidaa	aker	-26.2289	aker (-26.23); pʰoke (-29.30); maw (-29.79)	10
u-i-na-i	uinai	aker	-11.173	aker (-11.17); pʰoke (-17.00); maw (-17.04)	5
u-i-na-i-d	uinaid	aker	-14.6773	aker (-14.68); epteziu (-17.01); rom (-18.74)	6
u-i-na-i-da	uinaida	aker	-17.0625	aker (-17.06); epteziu (-20.50); rom (-21.58)	7
u-i-na-i-da-j	uinaidaj	aker	-20.5694	aker (-20.57); epteziu (-24.00); rom (-24.69)	8
u-i-na-i-da-ja	uinaidaja	aker	-23.5619	aker (-23.56); epteziu (-27.49); rom (-27.90)	9
u-i-na-i-da-ja-s	uinaidajas	aker	-27.0693	aker (-27.07); epteziu (-30.96); ewistʰuo (-31.13)	10
u-ja-sa	ujasa	tis	-15.8501	tis (-15.85); aker (-16.24); maw (-16.35)	5
u-ja-sa-s	ujasas	tis	-16.6673	tis (-16.67); awis (-18.72); maras (-19.01)	6
u-ja-sa-sa	ujasasa	tis	-20.1483	tis (-20.15); napʰotʰ (-21.24); awis (-22.20)	7
u-ja-sa-sa-r	ujasasar	siasi	-20.2732	siasi (-20.27); siwai (-22.93); tis (-23.05)	8
u-ja-sa-sa-ra	ujasasara	siasi	-23.7769	siasi (-23.78); siwai (-24.39); tawarsiu (-26.13)	9
u-ja-sa-sa-ra-m	ujasasaram	siwai	-27.2544	siwai (-27.25); siasi (-27.28); tawarsiu (-29.24)	10
u-ka-na	ukana	aker	-16.2377	aker (-16.24); ziwai (-16.26); maw (-16.35)	5
u-ka-na-s	ukanas	awis	-18.9255	awis (-18.93); tis (-19.15); maras (-19.20)	6
u-me-i-j	umeij	aker	-16.6743	aker (-16.67); pʰoke (-17.71); heloke (-20.55)	5
u-me-i-ja	umeija	aker	-14.6207	aker (-14.62); maw (-20.01); pʰoke (-21.21)	6
u-me-i-ja-s	umeijas	aker	-18.127	aker (-18.13); tis (-22.49); awis (-23.01)	7
u-me-i-ja-sa	umeijasa	aker	-20.9437	aker (-20.94); ewistʰuo (-24.37); tis (-25.87)	8
u-me-i-ja-sa-s	umeijasas	aker	-24.4509	aker (-24.45); ewistʰuo (-26.47); tis (-27.10)	9
u-me-i-ja-sa-sa	umeijasasa	aker	-27.5535	aker (-27.55); ewistʰuo (-27.60); epteziu (-30.32)	10
u-me-i-ja-sa-u	umeijasau	aker	-24.4506	aker (-24.45); ewistʰuo (-26.81); tis (-29.26)	9
u-me-i-ja-sa-u-n	umeijasaun	aker	-27.9576	aker (-27.96); ewistʰuo (-29.62); serunaitʰ (-32.42)	10
u-na-ka	unaka	aker	-16.2377	aker (-16.24); maw (-16.35); rom (-16.78)	5
u-na-ka-n	unakan	aker	-19.7343	aker (-19.73); maw (-19.85); rom (-19.87)	6
u-na-ka-na	unakana	aker	-22.5387	aker (-22.54); maw (-22.66); rom (-22.97)	7
u-na-ka-na-s	unakanas	awis	-25.0169	awis (-25.02); maras (-25.21); tis (-25.85)	8
u-na-ka-na-si	unakanasi	awis	-28.5126	awis (-28.51); maras (-28.70); tawarsiu (-28.95)	9
u-na-ru	unaru	awis	-16.3441	awis (-16.34); arai (-16.79); rom (-17.06)	5
u-na-ru-k	unaruk	awis	-19.4512	awis (-19.45); rom (-20.26); arai (-20.27)	6
u-na-ru-ka	unaruka	aker	-22.1936	aker (-22.19); awis (-22.66); sialkʰwis (-23.05)	7
u-na-ru-ka-n	unarukan	aker	-25.6816	aker (-25.68); sialkʰwis (-25.85); awis (-25.93)	8
u-na-ru-ka-na	unarukana	sialkʰwis	-28.2698	sialkʰwis (-28.27); aker (-28.30); ziwai (-28.94)	9
u-na-ru-ka-na-s	unarukanas	awis	-27.5877	awis (-27.59); sialkʰwis (-28.17); tis (-30.10)	10
u-ru-sa	urusa	tis	-13.258	tis (-13.26); awis (-13.93); aker (-15.78)	5
u-ru-sa-i	urusai	pʰoke	-16.5599	pʰoke (-16.56); tis (-16.75); awis (-17.43)	6
u-ru-sa-i-d	urusaid	pʰoke	-19.5076	pʰoke (-19.51); tis (-20.24); epteziu (-20.41)	7
u-ru-sa-i-da	urusaida	aker	-20.3012	aker (-20.30); pʰoke (-22.65); tis (-23.73)	8
u-ru-sa-i-da-a	urusaidaa	aker	-23.1187	aker (-23.12); pʰoke (-25.88); heloke (-27.22)	9
u-ru-sa-i-da-a-u	urusaidaau	aker	-26.6259	aker (-26.63); pʰoke (-27.24); heloke (-28.32)	10
u-sa-i-d	usaid	pʰoke	-12.6141	pʰoke (-12.61); heloke (-14.29); epteziu (-14.46)	5
u-sa-i-da	usaida	aker	-14.6189	aker (-14.62); pʰoke (-15.72); heloke (-17.16)	6
u-sa-i-da-a	usaidaa	aker	-17.4361	aker (-17.44); pʰoke (-18.93); heloke (-20.26)	7
u-sa-i-da-a-u	usaidaau	pʰoke	-20.2346	pʰoke (-20.23); aker (-20.94); heloke (-21.31)	8
u-te-i-d	uteid	aker	-16.6743	aker (-16.67); maw (-16.76); pʰoke (-17.36)	5
u-te-i-di	uteidi	pʰoke	-18.2927	pʰoke (-18.29); aker (-19.50); heloke (-19.81)	6
u-ti-nu	utinu	aker	-16.2791	aker (-16.28); maw (-16.76); rom (-18.09)	5
u-ti-nu-i	utinui	heloke	-15.639	heloke (-15.64); pʰoke (-16.87); aker (-18.65)	6
u-ti-nu-i-n	utinuin	heloke	-19.1461	heloke (-19.15); pʰoke (-20.38); aker (-21.64)	7
u-ti-nu-i-na	utinuina	aker	-19.7538	aker (-19.75); heloke (-22.65); pʰoke (-23.88)	8
u-ti-nu-i-na-i	utinuinai	aker	-23.2585	aker (-23.26); heloke (-25.46); pʰoke (-26.66)	9
u-ti-nu-i-na-i-d	utinuinaid	aker	-26.7633	aker (-26.76); heloke (-28.96); epteziu (-29.06)	10
u-ti-nu-j	utinuj	aker	-19.4806	aker (-19.48); maw (-20.03); rom (-21.58)	6
u-ti-nu-ja	utinuja	aker	-18.1459	aker (-18.15); maw (-20.69); maras (-23.97)	7
u-ti-nu-ja-s	utinujas	aker	-21.6519	aker (-21.65); maras (-23.80); maw (-24.18)	8
u-ti-nu-ja-sa	utinujasa	aker	-24.4665	aker (-24.47); maw (-26.86); maras (-27.25)	9
u-ti-nu-ja-sa-s	utinujasas	aker	-27.9736	aker (-27.97); maras (-29.32); ewistʰuo (-29.92)	10
u-*56-e-tu	uΦetu	rom	-14.6231	rom (-14.62); pʰoke (-16.99); aomai (-17.38)	5
u-*56-e-tu-m	uΦetum	rom	-18.1289	rom (-18.13); pʰoke (-19.85); aomai (-20.47)	6
u-*56-e-tu-me	uΦetume	rom	-21.6347	rom (-21.63); pʰoke (-22.97); aomai (-23.68)	7
u-*56-e-tu-me-i	uΦetumei	pʰoke	-20.6122	pʰoke (-20.61); heloke (-23.88); rom (-25.14)	8
u-*56-e-tu-me-i-j	uΦetumeij	pʰoke	-24.1194	pʰoke (-24.12); heloke (-27.39); rom (-28.65)	9
u-*56-e-tu-me-i-ja	uΦetumeija	aker	-26.9158	aker (-26.92); pʰoke (-27.63); heloke (-30.90)	10
wa-e-a-d	waead	rom	-14.5451	rom (-14.55); napʰotʰ (-15.41); maw (-16.76)	5
wa-e-a-di	waeadi	rom	-17.4139	rom (-17.41); napʰotʰ (-17.68); pʰoke (-18.35)	6
wa-e-a-di-k	waeadik	napʰotʰ	-20.4085	napʰotʰ (-20.41); rom (-20.53); pʰoke (-21.83)	7
wa-e-a-di-ki	waeadiki	napʰotʰ	-23.3459	napʰotʰ (-23.35); rom (-23.76); pʰoke (-24.03)	8
wa-e-a-di-ki-t	waeadikit	rom	-22.4097	rom (-22.41); napʰotʰ (-26.40); pʰoke (-27.53)	9
wa-e-a-di-ki-te	waeadikite	rom	-25.916	rom (-25.92); napʰotʰ (-29.53); pʰoke (-31.04)	10
wa-i-ja	waija	aker	-13.9291	aker (-13.93); maw (-16.53); rom (-16.55)	5
wa-ja-a	wajaa	maw	-16.0628	maw (-16.06); rom (-16.22); napʰotʰ (-16.83)	5
wa-ja-a-d	wajaad	rom	-17.6299	rom (-17.63); napʰotʰ (-18.32); maw (-19.57)	6
wa-ja-a-di	wajaadi	rom	-20.5073	rom (-20.51); napʰotʰ (-20.64); pʰoke (-21.47)	7
wa-ja-a-di-k	wajaadik	napʰotʰ	-23.3902	napʰotʰ (-23.39); rom (-23.63); pʰoke (-24.95)	8
wa-ja-a-di-ki	wajaadiki	napʰotʰ	-26.3388	napʰotʰ (-26.34); rom (-26.86); pʰoke (-27.17)	9
wa-ja-a-di-ki-t	wajaadikit	rom	-25.5128	rom (-25.51); napʰotʰ (-29.40); pʰoke (-30.67)	10
wa-ja-a-j	wajaaj	rom	-19.3615	rom (-19.36); napʰotʰ (-19.51); maw (-19.57)	6
wa-ja-a-ja	wajaaja	napʰotʰ	-22.3265	napʰotʰ (-22.33); maw (-22.51); rom (-22.52)	7
wa-ja-j	wajaj	rom	-16.3689	rom (-16.37); maw (-16.76); napʰotʰ (-16.83)	5
wa-ja-ja	wajaja	maw	-19.4441	maw (-19.44); rom (-19.46); napʰotʰ (-19.51)	6
wa-ja-ja-a	wajajaa	napʰotʰ	-22.3265	napʰotʰ (-22.33); maw (-22.43); rom (-22.60)	7
wa-ja-ja-d	wajajad	rom	-21.1001	rom (-21.10); napʰotʰ (-21.32); maw (-22.95)	7
wa-ja-ja-di	wajajadi	napʰotʰ	-23.7036	napʰotʰ (-23.70); rom (-23.99); pʰoke (-24.65)	8
wa-ja-ja-di-k	wajajadik	napʰotʰ	-26.4696	napʰotʰ (-26.47); rom (-27.12); pʰoke (-28.13)	9
wa-ja-ja-di-ki	wajajadiki	napʰotʰ	-29.4279	napʰotʰ (-29.43); pʰoke (-30.36); rom (-30.36)	10
wa-ja-ja-i	wajajai	napʰotʰ	-22.3265	napʰotʰ (-22.33); rom (-22.67); maw (-22.95)	7
wa-ja-ja-i-n	wajajain	napʰotʰ	-25.2471	napʰotʰ (-25.25); rom (-25.95); maw (-26.45)	8
wa-ja-ja-i-n-w	wajajainw	napʰotʰ	-28.2414	napʰotʰ (-28.24); rom (-29.26); maw (-29.96)	9
wa-ja-ja-i-nwa	wajajainwa	aker	-30.3152	aker (-30.32); napʰotʰ (-31.29); rom (-32.56)	10
wa-ja-ja-j	wajajaj	napʰotʰ	-22.3265	napʰotʰ (-22.33); rom (-22.67); maw (-22.95)	7
wa-ja-ja-ja	wajajaja	napʰotʰ	-25.2471	napʰotʰ (-25.25); maw (-25.87); rom (-25.89)	8
wa-ja-ja-s	wajajas	awis	-21.7867	awis (-21.79); napʰotʰ (-22.04); maras (-22.09)	7
wa-ja-ja-sa	wajajasa	napʰotʰ	-22.7592	napʰotʰ (-22.76); awis (-25.27); maras (-25.57)	8
wa-ja-ja-sa-s	wajajasas	napʰotʰ	-25.4623	napʰotʰ (-25.46); tis (-27.10); awis (-27.69)	9
wa-ja-ja-sa-sa	wajajasasa	napʰotʰ	-27.1906	napʰotʰ (-27.19); tis (-30.59); awis (-31.18)	10
wa-ja-s	wajas	awis	-15.759	awis (-15.76); tis (-15.83); maras (-16.20)	5
wa-ja-se	wajase	napʰotʰ	-16.8584	napʰotʰ (-16.86); tis (-19.16); awis (-19.25)	6
wa-ja-se-k	wajasek	napʰotʰ	-19.562	napʰotʰ (-19.56); tis (-22.52); awis (-22.74)	7
wa-ja-se-ka	wajaseka	napʰotʰ	-22.4861	napʰotʰ (-22.49); tis (-25.89); rom (-26.09)	8
wa-ja-se-ka-n	wajasekan	napʰotʰ	-25.4979	napʰotʰ (-25.50); tis (-29.27); rom (-29.38)	9
wa-ja-se-ka-na	wajasekana	napʰotʰ	-28.5648	napʰotʰ (-28.56); maw (-32.64); rom (-32.66)	10
wa-ja-t	wajat	rom	-13.8812	rom (-13.88); maw (-16.54); napʰotʰ (-16.83)	5
wa-ja-tu	wajatu	rom	-17.3606	rom (-17.36); napʰotʰ (-19.51); maw (-19.87)	6
wa-ja-tu-r	wajatur	rom	-20.84	rom (-20.84); arai (-21.99); napʰotʰ (-22.33)	7
wa-ja-tu-ru	wajaturu	rom	-24.3195	rom (-24.32); napʰotʰ (-25.25); arai (-25.49)	8
wa-ja-tu-ru-s	wajaturus	awis	-23.3986	awis (-23.40); tis (-26.07); sialkʰwis (-27.51)	9
wa-ja-tu-ru-sa	wajaturusa	awis	-26.9058	awis (-26.91); napʰotʰ (-28.95); tis (-29.58)	10
wa-za-*56	wazaΦ	rom	-14.1417	rom (-14.14); napʰotʰ (-15.41); maw (-16.35)	5
wa-za-*56-n	wazaΦn	rom	-17.0103	rom (-17.01); napʰotʰ (-17.68); maw (-19.85)	6
wa-za-*56-ni	wazaΦni	rom	-20.1309	rom (-20.13); napʰotʰ (-20.41); pʰoke (-21.21)	7
za-*56-ni	zaΦni	rom	-13.5311	rom (-13.53); pʰoke (-15.27); maw (-18.08)	5
*301-ti-ja	Θtija	aker	-13.9304	aker (-13.93); maw (-14.17); rom (-17.45)	5
*301-ti-ja-s	Θtijas	maras	-17.3567	maras (-17.36); aker (-17.44); maw (-17.66)	6
*301-ti-ja-sa	Θtijasa	maw	-20.244	maw (-20.24); aker (-20.25); maras (-20.81)	7
*301-ti-ja-sa-s	Θtijasas	maras	-22.7923	maras (-22.79); ewistʰuo (-22.97); tis (-23.63)	8
*301-ti-ja-sa-sa	Θtijasasa	ewistʰuo	-24.0927	ewistʰuo (-24.09); maras (-26.28); maw (-26.65)	9
*301-ti-ja-sa-sa-r	Θtijasasar	ewistʰuo	-26.5801	ewistʰuo (-26.58); epteziu (-27.20); siasi (-27.27)	10
*301-u-ti-n	Θutin	pʰoke	-15.782	pʰoke (-15.78); aker (-16.04); maw (-17.06)	5
*301-u-ti-nu	Θutinu	aker	-19.127	aker (-19.13); pʰoke (-19.27); maw (-20.26)	6
*301-u-ti-nu-j	Θutinuj	aker	-22.3375	aker (-22.34); pʰoke (-22.76); maw (-23.53)	7
*301-u-ti-nu-ja	Θutinuja	aker	-20.9797	aker (-20.98); maw (-24.18); pʰoke (-26.25)	8
*301-u-ti-nu-ja-s	Θutinujas	aker	-24.4859	aker (-24.49); maras (-27.29); maw (-27.68)	9
*301-u-ti-nu-ja-sa	Θutinujasa	aker	-27.3021	aker (-27.30); maw (-30.36); maras (-30.75)	10
*301-wa-e-a	Θwaea	maw	-16.348	maw (-16.35); rom (-16.78); napʰotʰ (-17.87)	5
*301-wa-e-a-d	Θwaead	rom	-18.0519	rom (-18.05); napʰotʰ (-18.92); maw (-19.85)	6
*301-wa-e-a-di	Θwaeadi	rom	-20.9209	rom (-20.92); napʰotʰ (-21.18); heloke (-21.30)	7
*301-wa-e-a-di-k	Θwaeadik	napʰotʰ	-23.9127	napʰotʰ (-23.91); rom (-24.04); heloke (-24.78)	8
*301-wa-e-a-di-ki	Θwaeadiki	napʰotʰ	-26.8502	napʰotʰ (-26.85); heloke (-27.03); pʰoke (-27.17)	9
*301-wa-e-a-di-ki-t	Θwaeadikit	rom	-25.9169	rom (-25.92); napʰotʰ (-29.91); heloke (-30.53)	10
*301-wa-ja	Θwaja	maw	-16.348	maw (-16.35); rom (-16.78); napʰotʰ (-17.87)	5
*301-wa-ja-a	Θwajaa	maw	-19.244	maw (-19.24); rom (-19.73); napʰotʰ (-20.33)	6
*301-wa-ja-a-d	Θwajaad	rom	-21.1371	rom (-21.14); napʰotʰ (-21.82); maw (-22.75)	7
*301-wa-ja-a-di	Θwajaadi	rom	-24.0146	rom (-24.01); napʰotʰ (-24.15); pʰoke (-24.65)	8
*301-wa-ja-a-di-k	Θwajaadik	napʰotʰ	-26.8949	napʰotʰ (-26.89); rom (-27.14); pʰoke (-28.13)	9
*301-wa-ja-a-di-ki	Θwajaadiki	napʰotʰ	-29.8435	napʰotʰ (-29.84); pʰoke (-30.36); rom (-30.37)	10
*301-wa-ja-a-j	Θwajaaj	maw	-22.7497	maw (-22.75); rom (-22.87); napʰotʰ (-23.01)	7
*301-wa-ja-a-ja	Θwajaaja	maw	-25.7539	maw (-25.75); napʰotʰ (-25.83); rom (-26.03)	8
*301-wa-ja-j	Θwajaj	maw	-19.8524	maw (-19.85); rom (-19.87); napʰotʰ (-20.33)	6
*301-wa-ja-ja	Θwajaja	maw	-22.6565	maw (-22.66); rom (-22.97); napʰotʰ (-23.01)	7
*301-wa-ja-ja-a	Θwajajaa	maw	-25.6965	maw (-25.70); napʰotʰ (-25.83); rom (-26.10)	8
*301-wa-ja-ja-d	Θwajajad	rom	-24.6073	rom (-24.61); napʰotʰ (-24.83); maw (-26.16)	8
*301-wa-ja-ja-di	Θwajajadi	napʰotʰ	-27.2085	napʰotʰ (-27.21); rom (-27.50); pʰoke (-27.87)	9
*301-wa-ja-ja-di-k	Θwajajadik	napʰotʰ	-29.9747	napʰotʰ (-29.97); rom (-30.63); pʰoke (-31.35)	10
*301-wa-ja-ja-i	Θwajajai	napʰotʰ	-25.8302	napʰotʰ (-25.83); heloke (-26.04); maw (-26.16)	8
*301-wa-ja-ja-i-n	Θwajajain	napʰotʰ	-28.7513	napʰotʰ (-28.75); rom (-29.45); heloke (-29.54)	9
*301-wa-ja-ja-i-n-w	Θwajajainw	napʰotʰ	-31.7459	napʰotʰ (-31.75); rom (-32.77); heloke (-32.98)	10
*301-wa-ja-ja-j	Θwajajaj	napʰotʰ	-25.8302	napʰotʰ (-25.83); maw (-26.16); rom (-26.18)	8
*301-wa-ja-ja-ja	Θwajajaja	napʰotʰ	-28.7513	napʰotʰ (-28.75); maw (-29.15); rom (-29.39)	9
*301-wa-ja-ja-s	Θwajajas	awis	-25.0169	awis (-25.02); maras (-25.21); napʰotʰ (-25.55)	8
*301-wa-ja-ja-sa	Θwajajasa	napʰotʰ	-26.2638	napʰotʰ (-26.26); awis (-28.51); maras (-28.70)	9
*301-wa-ja-ja-sa-s	Θwajajasas	napʰotʰ	-28.9667	napʰotʰ (-28.97); tis (-30.58); awis (-30.95)	10
*301-wa-ja-s	Θwajas	awis	-18.9255	awis (-18.93); tis (-19.15); maras (-19.20)	6
*301-wa-ja-se	Θwajase	napʰotʰ	-20.362	napʰotʰ (-20.36); awis (-22.42); tis (-22.51)	7
*301-wa-ja-se-k	Θwajasek	napʰotʰ	-23.0653	napʰotʰ (-23.07); tis (-25.88); awis (-25.91)	8
*301-wa-ja-se-ka	Θwajaseka	napʰotʰ	-25.9888	napʰotʰ (-25.99); tis (-29.27); awis (-29.38)	9
*301-wa-ja-se-ka-n	Θwajasekan	napʰotʰ	-29.0001	napʰotʰ (-29.00); tis (-32.67); awis (-32.86)	10
*301-wa-ja-t	Θwajat	rom	-17.374	rom (-17.37); maw (-19.71); marasm (-19.96)	6
*301-wa-ja-tu	Θwajatu	rom	-20.8537	rom (-20.85); napʰotʰ (-23.01); maw (-23.08)	7
*301-wa-ja-tu-r	Θwajatur	rom	-24.3335	rom (-24.33); arai (-25.19); siwai (-25.46)	8
*301-wa-ja-tu-ru	Θwajaturu	rom	-27.8133	rom (-27.81); arai (-28.69); napʰotʰ (-28.75)	9
*301-wa-ja-tu-ru-s	Θwajaturus	awis	-26.6264	awis (-26.63); sialkʰwis (-28.45); tis (-29.45)	10
*56-e-tu-m	Φetum	rom	-15.2847	rom (-15.28); maw (-17.06); aomai (-17.63)	5
*56-e-tu-me	Φetume	rom	-18.79	rom (-18.79); maw (-20.26); aomai (-20.83)	6
*56-e-tu-me-i	Φetumei	pʰoke	-20.5442	pʰoke (-20.54); rom (-22.30); heloke (-22.46)	7
*56-e-tu-me-i-j	Φetumeij	pʰoke	-24.0512	pʰoke (-24.05); rom (-25.80); aker (-25.86)	8
*56-e-tu-me-i-ja	Φetumeija	aker	-23.8033	aker (-23.80); maw (-27.51); pʰoke (-27.56)	9
*56-e-tu-me-i-ja-s	Φetumeijas	aker	-27.3096	aker (-27.31); maras (-30.58); maw (-31.01)	10
a-di-ki-te	adikite	rom	-16.0874	rom (-16.09); pʰoke (-22.47); epteziu (-23.77)	7
a-di-ki-te-te	adikitete	rom	-22.4124	rom (-22.41); pʰoke (-29.46); epteziu (-30.13)	9
a-na-ti-*301-wa-ja	anatiΘwaja	aker	-30.0566	aker (-30.06); maw (-30.51); rom (-31.22)	10
a-sa-sa-ra	asasara	siasi	-16.7748	siasi (-16.77); siwai (-17.38); tis (-19.18)	7
a-ta-i-*301-wa-e	ataiΘwae	maw	-24.009	maw (-24.01); aker (-24.03); rom (-25.18)	8
a-ta-i-*301-wa-ja	ataiΘwaja	maw	-26.7815	maw (-26.78); aker (-26.85); rom (-28.57)	9
da-ma-te	damate	rom	-17.1691	rom (-17.17); maw (-19.87); marasm (-20.47)	6
da-se-ra-te	daserate	siwai	-20.5768	siwai (-20.58); tis (-23.10); rom (-23.85)	8
i-ja-re-di-ja	ijaredija	ewistʰuo	-23.0316	ewistʰuo (-23.03); epteziu (-26.77); aker (-26.81)	9
i-na-i-da	inaida	epteziu	-17.0023	epteziu (-17.00); aker (-17.00); rom (-18.08)	6
i-na-ja-re-ta	inajareta	ewistʰuo	-24.9561	ewistʰuo (-24.96); rom (-27.22); awis (-28.72)	9
i-pi-na-ma	ipinama	aker	-20.2358	aker (-20.24); maw (-20.24); maras (-23.08)	7
ja-di-ki-tu	jadikitu	rom	-19.5936	rom (-19.59); pʰoke (-24.89); epteziu (-26.91)	8
ja-i-nwa-za	jainwaza	aker	-23.347	aker (-23.35); maw (-25.68); rom (-26.10)	8
ja-sa-sa	jasasa	tis	-16.6688	tis (-16.67); napʰotʰ (-18.16); awis (-19.05)	6
ja-sa-sa-ra	jasasara	siasi	-20.2767	siasi (-20.28); siwai (-20.88); tis (-22.68)	8
ja-sa-sa-ra-ma	jasasarama	siwai	-26.5915	siwai (-26.59); siasi (-27.28); tis (-29.20)	10
ja-sa-sa-ra-me	jasasarame	siwai	-26.8585	siwai (-26.86); siasi (-27.28); tis (-29.20)	10
ja-sa-u-na-ka-na-si	jasaunakanasi	pʰoke	-36.6488	pʰoke (-36.65); sialkʰwis (-37.15); tawarsiu (-38.53)	13
ja-ta-i-*301-u-ja	jataiΘuja	aker	-27.1398	aker (-27.14); maw (-27.35); rom (-28.69)	9
ja-wa-*56	jawaΦ	rom	-14.5451	rom (-14.55); maw (-16.76); napʰotʰ (-17.29)	5
pi-te-ri	piteri	maw	-19.3423	maw (-19.34); aomai (-20.03); pʰoke (-20.04)	6
re-i-ke	reike	epteziu	-17.9337	epteziu (-17.93); pʰoke (-18.59); ziazi (-18.62)	5
ri-da-u	ridau	aker	-14.6106	aker (-14.61); pʰoke (-16.06); maw (-17.04)	5
sa-ra-me	sarame	siwai	-13.5525	siwai (-13.55); tis (-16.10); siasi (-17.73)	6
sa-sa-ra-me	sasarame	siwai	-19.8454	siwai (-19.85); siasi (-20.27); tis (-22.20)	8
se-ka-na-si	sekanasi	pʰoke	-20.7637	pʰoke (-20.76); tis (-22.68); tawarsiu (-22.92)	8
se-to-i-ja	setoija	maw	-15.4159	maw (-15.42); aker (-18.02); pʰoke (-18.52)	7
si-ru-te	sirute	heloke	-15.6093	heloke (-15.61); tis (-16.10); pʰoke (-17.54)	6
ta-na-i-*301-ti	tanaiΘti	rom	-23.7222	rom (-23.72); marasm (-23.75); maw (-24.36)	8
ta-na-i-*301-u-ti-nu	tanaiΘutinu	heloke	-32.6397	heloke (-32.64); pʰoke (-33.48); marasm (-33.99)	11
ta-na-ra-te-u-ti-nu	tanarateutinu	marasm	-39.7594	marasm (-39.76); pʰoke (-39.82); rom (-40.08)	13
tu-me-i	tumei	pʰoke	-15.6613	pʰoke (-15.66); maw (-16.53); aker (-16.66)	5
tu-ru-sa	turusa	tis	-16.375	tis (-16.38); awis (-16.75); maw (-17.19)	6
u-na-ka	unaka	aker	-16.2377	aker (-16.24); maw (-16.35); rom (-16.78)	5
u-na-ka-na	unakana	aker	-22.5387	aker (-22.54); maw (-22.66); rom (-22.97)	7
u-na-ka-na-si	unakanasi	awis	-28.5126	awis (-28.51); maras (-28.70); tawarsiu (-28.95)	9
u-na-ru-ka-ja-si	unarukajasi	awis	-31.0948	awis (-31.09); sialkʰwis (-31.66); tis (-33.60)	11
u-na-ru-ka-na-si	unarukanasi	awis	-31.0948	awis (-31.09); sialkʰwis (-31.66); tis (-33.60)	11
u-na-ru-ka-na-ti	unarukanati	rom	-33.9188	rom (-33.92); pʰoke (-34.23); sialkʰwis (-34.41)	11
u-ti-nu	utinu	aker	-16.2791	aker (-16.28); maw (-16.76); rom (-18.09)	5
*56-ni-wi	Φniwi	heloke	-12.8605	heloke (-12.86); pʰoke (-16.85); hulaies (-17.90)	5
