linear_a_signs	linear_a_ipa	matched_word	score	top3_matches	ipa_length
a-a-di-k	aadik	γίσσα	-13.742	γίσσα (-13.74); γέl̩α (-14.08); †=l̩ (-14.16)	5
a-a-di-ki	aadiki	†=l̩	-13.7946	†=l̩ (-13.79); γίσσα (-15.76); γέl̩α (-16.03)	6
a-a-di-ki-t	aadikit	γέl̩α	-16.5915	γέl̩α (-16.59); †=l̩ (-16.62); ἄl̩α (-17.65)	7
a-a-di-ki-te	aadikite	ml̩n	-18.3722	ml̩n (-18.37); †=n / ɲ (-18.43); γέl̩α (-19.05)	8
a-a-di-ki-te-s	aadikites	ml̩n	-21.8743	ml̩n (-21.87); γέl̩α (-21.88); †=n / ɲ (-21.92)	9
a-a-di-ki-te-si	aadikitesi	γέl̩α	-24.8844	γέl̩α (-24.88); ml̩n (-25.38); †=n / ɲ (-25.40)	10
a-da-da	adada	*mn-	-11.3493	*mn- (-11.35); γίσσα (-13.74); γrds ? (-14.22)	5
a-da-da-u	adadau	†=ð	-13.9464	†=ð (-13.95); *mn- (-14.18); γίσσα (-15.76)	6
a-da-da-u-t	adadaut	βάνðα	-15.5319	βάνðα (-15.53); *mn- (-17.28); †=ð (-17.45)	7
a-da-da-u-ti	adadauti	βάνðα	-18.3542	βάνðα (-18.35); *mn- (-20.50); γίσσα (-20.71)	8
a-da-da-u-ti-n	adadautin	βάνðα	-21.4563	βάνðα (-21.46); γίσσα (-23.44); Κβωðης (-23.57)	9
a-da-da-u-ti-nu	adadautinu	βάνðα	-24.6361	βάνðα (-24.64); γίσσα (-26.28); Κβωðης (-26.41)	10
a-da-u-t	adaut	†=ð	-11.6186	†=ð (-11.62); βάνðα (-12.36); †bið- (-12.81)	5
a-da-u-ti	adauti	†=ð	-15.1215	†=ð (-15.12); βάνðα (-15.15); Κβωðης (-15.57)	6
a-da-u-ti-n	adautin	Κβωðης	-18.0621	Κβωðης (-18.06); γίσσα (-18.13); βάνðα (-18.21)	7
a-da-u-ti-nu	adautinu	†=ð	-20.0908	†=ð (-20.09); γίσσα (-20.71); Κβωðης (-20.90)	8
a-da-u-ti-nu-i	adautinui	βάνðα	-21.3557	βάνðα (-21.36); γίσσα (-23.44); †=ð (-23.60)	9
a-da-u-ti-nu-i-n	adautinuin	βάνðα	-24.1921	βάνðα (-24.19); γίσσα (-26.28); †σωðαρ- (-26.71)	10
a-da-wa	adawa	γίσσα	-13.742	γίσσα (-13.74); *mn- (-14.66); βάνðα (-14.95)	5
a-da-wa-i	adawai	γίσσα	-15.7621	γίσσα (-15.76); βάνðα (-17.40); γrds ? (-17.71)	6
a-da-wa-i-j	adawaij	γίσσα	-18.1288	γίσσα (-18.13); βάνðα (-20.09); aɲ (?) (-20.41)	7
a-da-wa-i-ja	adawaija	γίσσα	-20.7122	γίσσα (-20.71); aɲ (?) (-22.91); βάνðα (-22.92)	8
a-di-ki	adiki	†=l̩	-10.9666	†=l̩ (-10.97); γέl̩α (-13.24); ml̩n (-13.74)	5
a-di-ki-t	adikit	γέl̩α	-13.7654	γέl̩α (-13.77); †=l̩ (-13.79); ἄl̩α (-14.43)	6
a-di-ki-te	adikite	ml̩n	-14.867	ml̩n (-14.87); γέl̩α (-16.22); ἄl̩α (-16.89)	7
a-di-ki-te-s	adikites	ml̩n	-18.3692	ml̩n (-18.37); γέl̩α (-19.05); ἄl̩α (-19.72)	8
a-di-ki-te-si	adikitesi	ml̩n	-21.87	ml̩n (-21.87); γέl̩α (-22.05); ἄl̩α (-22.73)	9
a-di-ki-te-si-r	adikitesir	γέl̩α	-25.1594	γέl̩α (-25.16); ml̩n (-25.37); ἄl̩α (-25.83)	10
a-di-ki-te-t	adikitet	ml̩n	-18.3692	ml̩n (-18.37); γέl̩α (-19.05); ἄl̩α (-19.72)	8
a-di-ki-te-te	adikitete	ml̩n	-20.7898	ml̩n (-20.79); γέl̩α (-22.05); lrTɲ (-22.51)	9
a-di-ki-te-te-r	adikiteter	ml̩n	-24.2951	ml̩n (-24.30); γέl̩α (-25.16); ἄl̩α (-25.83)	10
a-di-ki-tu	adikitu	γέl̩α	-16.2219	γέl̩α (-16.22); ἄl̩α (-16.89); †=l̩ (-16.89)	7
a-di-ki-tu-j	adikituj	βάνðα	-18.3809	βάνðα (-18.38); γέl̩α (-19.05); ἄl̩α (-19.72)	8
a-di-ki-tu-ja	adikituja	βάνðα	-21.2049	βάνðα (-21.20); γέl̩α (-22.05); ἄl̩α (-22.73)	9
a-di-ki-tu-ja-s	adikitujas	βάνðα	-24.3092	βάνðα (-24.31); γέl̩α (-25.16); ἄl̩α (-25.83)	10
a-e-a-di	aeadi	*mn-	-11.3493	*mn- (-11.35); γίσσα (-13.74); γrds ? (-14.22)	5
a-e-a-di-k	aeadik	*mn-	-14.179	*mn- (-14.18); γίσσα (-15.76); γrds ? (-16.37)	6
a-e-a-di-ki	aeadiki	†=l̩	-16.7976	†=l̩ (-16.80); *mn- (-17.28); †ɲmail̩ (-17.61)	7
a-e-a-di-ki-t	aeadikit	γέl̩α	-19.5919	γέl̩α (-19.59); †=l̩ (-19.62); †ɲmail̩ (-20.43)	8
a-e-a-di-ki-te	aeadikite	†=n / ɲ	-20.8326	†=n / ɲ (-20.83); ml̩n (-21.19); γέl̩α (-22.05)	9
a-e-a-di-ki-te-t	aeadikitet	†=n / ɲ	-24.3238	†=n / ɲ (-24.32); ml̩n (-24.69); γέl̩α (-24.88)	10
a-i-da-a	aidaa	γίσσα	-13.742	γίσσα (-13.74); *mn- (-14.39); †da- (-14.94)	5
a-i-da-a-u	aidaau	†=ð	-13.9464	†=ð (-13.95); γίσσα (-15.76); βάνðα (-16.96)	6
a-i-da-j	aidaj	γίσσα	-13.742	γίσσα (-13.74); *mn- (-14.39); †da- (-14.94)	5
a-i-da-ja	aidaja	γίσσα	-15.7621	γίσσα (-15.76); *mn- (-17.40); †=n / ɲ (-17.54)	6
a-i-da-ja-s	aidajas	γίσσα	-18.1288	γίσσα (-18.13); †=n / ɲ (-19.92); γrds ? (-20.51)	7
a-i-na-j	ainaj	γίσσα	-13.742	γίσσα (-13.74); γέl̩α (-15.31); †=k̑ (-15.51)	5
a-i-na-ja	ainaja	γίσσα	-15.7621	γίσσα (-15.76); γέl̩α (-17.87); †=k̑ (-18.34)	6
a-i-na-ja-r	ainajar	γίσσα	-18.1288	γίσσα (-18.13); γέl̩α (-20.59); †σωðαρ- (-21.18)	7
a-i-na-ja-re	ainajare	γίσσα	-20.7122	γίσσα (-20.71); †=n / ɲ (-21.36); *jnem (-22.17)	8
a-i-na-ja-re-t	ainajaret	γίσσα	-23.4428	γίσσα (-23.44); †=n / ɲ (-24.84); *jnem (-25.45)	9
a-i-na-ja-re-ta	ainajareta	γίσσα	-26.2798	γίσσα (-26.28); κόον / κοῖον (-27.97); †=n / ɲ (-28.18)	10
a-i-nwa	ainwa	γίσσα	-13.742	γίσσα (-13.74); γέl̩α (-15.31); †=l̩ (-15.51)	5
a-i-nwa-z	ainwaz	γίσσα	-15.7621	γίσσα (-15.76); †ane (-17.34); *ma (-17.50)	6
a-i-nwa-za	ainwaza	γίσσα	-18.1288	γίσσα (-18.13); *pi- (-20.30); †da- (-20.30)	7
a-i-nwa-za-*56	ainwazaΦ	*ar	-19.8867	*ar (-19.89); γίσσα (-20.71); †=n / ɲ (-21.36)	8
a-i-nwa-za-*56-n	ainwazaΦn	*ur°	-22.7305	*ur° (-22.73); *ar (-23.39); γίσσα (-23.44)	9
a-i-nwa-za-*56-ni	ainwazaΦni	*ur°	-25.5585	*ur° (-25.56); γίσσα (-26.28); *ar (-26.90)	10
a-i-*301-ti	aiΘti	γίσσα	-13.742	γίσσα (-13.74); γέl̩α (-15.31); †=l̩ (-15.51)	5
a-i-*301-ti-j	aiΘtij	γίσσα	-15.7621	γίσσα (-15.76); *wli/jat (-17.84); γέl̩α (-17.87)	6
a-i-*301-ti-ja	aiΘtija	γίσσα	-18.1288	γίσσα (-18.13); γέl̩α (-20.59); *wli/jat (-20.64)	7
a-i-*301-ti-ja-s	aiΘtijas	γίσσα	-20.7122	γίσσα (-20.71); γέl̩α (-23.42); †σωðαρ- (-23.67)	8
a-i-*301-ti-ja-sa	aiΘtijasa	γίσσα	-23.4428	γίσσα (-23.44); *al- (?) (-26.13); †σωðαρ- (-26.30)	9
a-i-*301-ti-ja-sa-s	aiΘtijasas	γίσσα	-26.2798	γίσσα (-26.28); κόον / κοῖον (-27.97); *al- (?) (-28.68)	10
a-i-*301-u-j	aiΘuj	†=ð	-11.6186	†=ð (-11.62); wðwn (-13.28); γίσσα (-13.74)	5
a-i-*301-u-ja	aiΘuja	†=ð	-15.1215	†=ð (-15.12); γίσσα (-15.76); wðwn (-16.37)	6
a-i-*301-u-t	aiΘut	†=ð	-11.6186	†=ð (-11.62); wðwn (-13.28); γίσσα (-13.74)	5
a-i-*301-u-ti	aiΘuti	†=ð	-15.1215	†=ð (-15.12); γίσσα (-15.76); wðwn (-16.37)	6
a-i-*301-u-ti-n	aiΘutin	γίσσα	-18.1288	γίσσα (-18.13); †=ð (-18.62); †σωðαρ- (-19.03)	7
a-i-*301-u-ti-nu	aiΘutinu	†=ð	-20.0908	†=ð (-20.09); γίσσα (-20.71); †σωðαρ- (-21.29)	8
a-i-*301-u-ti-nu-j	aiΘutinuj	γίσσα	-23.4428	γίσσα (-23.44); †=ð (-23.60); †σωðαρ- (-23.91)	9
a-i-*301-u-ti-nu-ja	aiΘutinuja	γίσσα	-26.2798	γίσσα (-26.28); †σωðαρ- (-26.71); †=ð (-27.10)	10
a-i-*301-wa	aiΘwa	γίσσα	-13.742	γίσσα (-13.74); γέl̩α (-15.31); †=k̑ (-15.51)	5
a-i-*301-wa-e	aiΘwae	γίσσα	-15.7621	γίσσα (-15.76); †=n / ɲ (-16.66); wðwn (-16.94)	6
a-i-*301-wa-e-a	aiΘwaea	γίσσα	-18.1288	γίσσα (-18.13); †=n / ɲ (-20.08); wðwn (-20.44)	7
a-i-*301-wa-e-a-d	aiΘwaead	γίσσα	-20.7122	γίσσα (-20.71); †=n / ɲ (-20.75); *kʷrd (-21.92)	8
a-i-*301-wa-e-a-di	aiΘwaeadi	γίσσα	-23.4428	γίσσα (-23.44); *mn- (-23.78); †=n / ɲ (-24.10)	9
a-i-*301-wa-e-a-di-k	aiΘwaeadik	γίσσα	-26.2798	γίσσα (-26.28); *mn- (-26.62); †=n / ɲ (-27.24)	10
a-i-*301-wa-j	aiΘwaj	γίσσα	-15.7621	γίσσα (-15.76); *wli/jat (-17.84); γέl̩α (-17.87)	6
a-i-*301-wa-ja	aiΘwaja	γίσσα	-18.1288	γίσσα (-18.13); γέl̩α (-20.59); *wli/jat (-20.64)	7
a-i-*301-wa-ja-a	aiΘwajaa	γίσσα	-20.7122	γίσσα (-20.71); γέl̩α (-23.42); †σωðαρ- (-23.67)	8
a-i-*301-wa-ja-a-d	aiΘwajaad	γίσσα	-23.4428	γίσσα (-23.44); †=n / ɲ (-23.98); *jnem (-25.45)	9
a-i-*301-wa-ja-a-di	aiΘwajaadi	γίσσα	-26.2798	γίσσα (-26.28); †=n / ɲ (-27.47); κόον / κοῖον (-27.97)	10
a-i-*301-wa-ja-a-j	aiΘwajaaj	γίσσα	-23.4428	γίσσα (-23.44); *al- (?) (-26.13); *wli/jat (-26.15)	9
a-i-*301-wa-ja-a-ja	aiΘwajaaja	γίσσα	-26.2798	γίσσα (-26.28); κόον / κοῖον (-27.97); *al- (?) (-28.68)	10
a-i-*301-wa-ja-j	aiΘwajaj	γίσσα	-20.7122	γίσσα (-20.71); *wli/jat (-23.00); γέl̩α (-23.42)	8
a-i-*301-wa-ja-ja	aiΘwajaja	γίσσα	-23.4428	γίσσα (-23.44); *wli/jat (-25.97); *al- (?) (-26.13)	9
a-i-*301-wa-ja-ja-a	aiΘwajajaa	γίσσα	-26.2798	γίσσα (-26.28); κόον / κοῖον (-27.97); *al- (?) (-28.68)	10
a-i-*301-wa-ja-ja-d	aiΘwajajad	γίσσα	-26.2798	γίσσα (-26.28); †=n / ɲ (-26.73); κόον / κοῖον (-27.97)	10
a-i-*301-wa-ja-ja-i	aiΘwajajai	γίσσα	-26.2798	γίσσα (-26.28); κόον / κοῖον (-27.97); *al- (?) (-28.68)	10
a-i-*301-wa-ja-ja-j	aiΘwajajaj	γίσσα	-26.2798	γίσσα (-26.28); κόον / κοῖον (-27.97); *al- (?) (-28.68)	10
a-i-*301-wa-ja-ja-s	aiΘwajajas	γίσσα	-26.2798	γίσσα (-26.28); κόον / κοῖον (-27.97); *al- (?) (-28.68)	10
a-i-*301-wa-ja-s	aiΘwajas	γίσσα	-20.7122	γίσσα (-20.71); γέl̩α (-23.42); †σωðαρ- (-23.67)	8
a-i-*301-wa-ja-se	aiΘwajase	γίσσα	-23.4428	γίσσα (-23.44); †=n / ɲ (-23.98); *jnem (-25.45)	9
a-i-*301-wa-ja-se-k	aiΘwajasek	γίσσα	-26.2798	γίσσα (-26.28); pjdl (-27.31); †=n / ɲ (-27.47)	10
a-i-*301-wa-ja-t	aiΘwajat	γίσσα	-20.7122	γίσσα (-20.71); γέl̩α (-23.42); †σωðαρ- (-23.67)	8
a-i-*301-wa-ja-tu	aiΘwajatu	γίσσα	-23.4428	γίσσα (-23.44); †=ð (-23.45); *al- (?) (-26.13)	9
a-i-*301-wa-ja-tu-r	aiΘwajatur	γίσσα	-26.2798	γίσσα (-26.28); †=ð (-26.96); κόον / κοῖον (-27.97)	10
a-ja-a-d	ajaad	*jnem	-13.018	*jnem (-13.02); γίσσα (-13.74); jsm (-13.87)	5
a-ja-a-di	ajaadi	γίσσα	-15.7621	γίσσα (-15.76); *jnem (-16.30); *jbrs (-17.11)	6
a-ja-a-di-k	ajaadik	pjdl	-17.864	pjdl (-17.86); γίσσα (-18.13); *jnem (-19.62)	7
a-ja-a-di-ki	ajaadiki	†=l̩	-19.903	†=l̩ (-19.90); γίσσα (-20.71); pjdl (-21.37)	8
a-ja-a-di-ki-t	ajaadikit	γέl̩α	-22.6938	γέl̩α (-22.69); †=l̩ (-22.73); γίσσα (-23.44)	9
a-ja-a-di-ki-te	ajaadikite	†joml̩n	-23.4116	†joml̩n (-23.41); †=n / ɲ (-23.71); γέl̩α (-25.16)	10
a-ja-a-j	ajaaj	γίσσα	-13.742	γίσσα (-13.74); γέl̩α (-15.31); †=k̑ (-15.51)	5
a-ja-a-ja	ajaaja	γίσσα	-15.7621	γίσσα (-15.76); γέl̩α (-17.87); †=k̑ (-18.34)	6
a-ja-di	ajadi	*jnem	-13.029	*jnem (-13.03); *jbrs (-13.65); γίσσα (-13.74)	5
a-ja-di-k	ajadik	pjdl	-14.375	pjdl (-14.38); γίσσα (-15.76); *jnem (-16.30)	6
a-ja-di-ki	ajadiki	†=l̩	-16.7976	†=l̩ (-16.80); pjdl (-17.88); γίσσα (-18.13)	7
a-ja-di-ki-t	ajadikit	γέl̩α	-19.5919	γέl̩α (-19.59); †=l̩ (-19.62); γίσσα (-20.71)	8
a-ja-di-ki-tu	ajadikitu	γέl̩α	-22.0526	γέl̩α (-22.05); †=l̩ (-22.73); ἄl̩α (-23.39)	9
a-ja-di-ki-tu-j	ajadikituj	γέl̩α	-24.8838	γέl̩α (-24.88); βάνðα (-25.37); †=l̩ (-25.95)	10
a-ja-i-n	ajain	γίσσα	-13.742	γίσσα (-13.74); γέl̩α (-15.31); †=k̑ (-15.51)	5
a-ja-i-n-w	ajainw	γίσσα	-15.7621	γίσσα (-15.76); γέl̩α (-17.87); †=l̩ (-18.34)	6
a-ja-i-nwa	ajainwa	γίσσα	-18.1288	γίσσα (-18.13); γέl̩α (-20.59); †σωðαρ- (-21.18)	7
a-ja-i-nwa-z	ajainwaz	γίσσα	-20.7122	γίσσα (-20.71); jzpe (-22.65); jrdso[-]i (-22.78)	8
a-ja-i-nwa-za	ajainwaza	γίσσα	-23.4428	γίσσα (-23.44); *al- (?) (-26.12); jzpe (-26.15)	9
a-ja-i-nwa-za-*56	ajainwazaΦ	γίσσα	-26.2798	γίσσα (-26.28); *jnem (-26.53); *ar (-26.57)	10
a-ja-ja	ajaja	γίσσα	-13.742	γίσσα (-13.74); γέl̩α (-15.31); †=l̩ (-15.51)	5
a-ja-ja-a	ajajaa	γίσσα	-15.7621	γίσσα (-15.76); γέl̩α (-17.87); †=l̩ (-18.34)	6
a-ja-ja-d	ajajad	*jnem	-15.2906	*jnem (-15.29); γίσσα (-15.76); *jbrs (-16.46)	6
a-ja-ja-di	ajajadi	γίσσα	-18.1288	γίσσα (-18.13); *jnem (-18.54); *jbrs (-19.27)	7
a-ja-ja-di-k	ajajadik	pjdl	-20.3117	pjdl (-20.31); γίσσα (-20.71); *jnem (-21.84)	8
a-ja-ja-di-ki	ajajadiki	†=l̩	-23.0758	†=l̩ (-23.08); γίσσα (-23.44); pjdl (-23.82)	9
a-ja-ja-di-ki-t	ajajadikit	γέl̩α	-25.8624	γέl̩α (-25.86); †=l̩ (-25.90); γίσσα (-26.28)	10
a-ja-ja-i	ajajai	γίσσα	-15.7621	γίσσα (-15.76); γέl̩α (-17.87); †=k̑ (-18.34)	6
a-ja-ja-i-n	ajajain	γίσσα	-18.1288	γίσσα (-18.13); γέl̩α (-20.59); †σωðαρ- (-21.18)	7
a-ja-ja-i-n-w	ajajainw	γίσσα	-20.7122	γίσσα (-20.71); γέl̩α (-23.42); †σωðαρ- (-23.67)	8
a-ja-ja-i-nwa	ajajainwa	γίσσα	-23.4428	γίσσα (-23.44); *al- (?) (-26.13); †σωðαρ- (-26.30)	9
a-ja-ja-i-nwa-z	ajajainwaz	γίσσα	-26.2798	γίσσα (-26.28); jrdso[-]i (-27.90); κόον / κοῖον (-27.97)	10
a-ja-ja-j	ajajaj	γίσσα	-15.7621	γίσσα (-15.76); γέl̩α (-17.87); †=l̩ (-18.34)	6
a-ja-ja-ja	ajajaja	γίσσα	-18.1288	γίσσα (-18.13); γέl̩α (-20.59); †σωðαρ- (-21.18)	7
a-ja-ja-s	ajajas	γίσσα	-15.7621	γίσσα (-15.76); γέl̩α (-17.87); †=l̩ (-18.34)	6
a-ja-ja-sa	ajajasa	γίσσα	-18.1288	γίσσα (-18.13); γέl̩α (-20.59); †σωðαρ- (-21.18)	7
a-ja-ja-sa-s	ajajasas	γίσσα	-20.7122	γίσσα (-20.71); γέl̩α (-23.42); †σωðαρ- (-23.67)	8
a-ja-ja-sa-sa	ajajasasa	γίσσα	-23.4428	γίσσα (-23.44); *al- (?) (-26.13); †σωðαρ- (-26.30)	9
a-ja-ja-sa-sa-r	ajajasasar	γίσσα	-26.2798	γίσσα (-26.28); κόον / κοῖον (-27.97); *al- (?) (-28.68)	10
a-ja-ja-w	ajajaw	γίσσα	-15.7621	γίσσα (-15.76); γέl̩α (-17.87); †=l̩ (-18.34)	6
a-ja-ja-wa	ajajawa	γίσσα	-18.1288	γίσσα (-18.13); γέl̩α (-20.59); †σωðαρ- (-21.18)	7
a-ja-re	ajare	*jnem	-13.018	*jnem (-13.02); γίσσα (-13.74); jsm (-13.87)	5
a-ja-re-t	ajaret	γίσσα	-15.7621	γίσσα (-15.76); *jnem (-16.30); *jbrs (-17.11)	6
a-ja-re-ta	ajareta	γίσσα	-18.1288	γίσσα (-18.13); *jnem (-19.62); *jbrs (-20.21)	7
a-ja-sa	ajasa	γίσσα	-13.742	γίσσα (-13.74); γέl̩α (-15.31); †=k̑ (-15.51)	5
a-ja-sa-s	ajasas	γίσσα	-15.7621	γίσσα (-15.76); γέl̩α (-17.87); †=l̩ (-18.34)	6
a-ja-sa-sa	ajasasa	γίσσα	-18.1288	γίσσα (-18.13); γέl̩α (-20.59); †σωðαρ- (-21.18)	7
a-ja-sa-sa-r	ajasasar	γίσσα	-20.7122	γίσσα (-20.71); γέl̩α (-23.42); †σωðαρ- (-23.67)	8
a-ja-sa-sa-ra	ajasasara	γίσσα	-23.4428	γίσσα (-23.44); *al- (?) (-26.13); †σωðαρ- (-26.30)	9
a-ja-sa-sa-ra-m	ajasasaram	γίσσα	-26.2798	γίσσα (-26.28); κόον / κοῖον (-27.97); *al- (?) (-28.68)	10
a-ja-se	ajase	*jnem	-13.018	*jnem (-13.02); γίσσα (-13.74); jsm (-13.87)	5
a-ja-se-k	ajasek	pjdl	-14.3598	pjdl (-14.36); γίσσα (-15.76); *jnem (-16.30)	6
a-ja-se-ka	ajaseka	†=l̩	-16.7976	†=l̩ (-16.80); pjdl (-17.87); γίσσα (-18.13)	7
a-ja-se-ka-n	ajasekan	γέl̩α	-19.5919	γέl̩α (-19.59); †=l̩ (-19.62); γίσσα (-20.71)	8
a-ja-se-ka-na	ajasekana	γέl̩α	-22.0526	γέl̩α (-22.05); †=l̩ (-22.73); ἄl̩α (-23.39)	9
a-ja-se-ka-na-s	ajasekanas	γέl̩α	-24.8838	γέl̩α (-24.88); †=l̩ (-25.95); ἄl̩α (-26.23)	10
a-ja-tu	ajatu	†=ð	-10.9425	†=ð (-10.94); γίσσα (-13.74); γέl̩α (-15.31)	5
a-ja-tu-r	ajatur	†=ð	-14.448	†=ð (-14.45); γίσσα (-15.76); βάνðα (-16.51)	6
a-ja-tu-ru	ajaturu	†=ð	-16.7147	†=ð (-16.71); γίσσα (-18.13); βάνðα (-19.30)	7
a-ja-tu-ru-s	ajaturus	†=ð	-20.2214	†=ð (-20.22); γίσσα (-20.71); βάνðα (-21.71)	8
a-ja-tu-ru-sa	ajaturusa	γίσσα	-23.4428	γίσσα (-23.44); †=ð (-23.73); †σωðαρ- (-23.98)	9
a-ja-tu-ru-sa-i	ajaturusai	γίσσα	-26.2798	γίσσα (-26.28); †σωðαρ- (-26.41); †=ð (-27.23)	10
a-ja-wa	ajawa	γίσσα	-13.742	γίσσα (-13.74); γέl̩α (-15.31); †=k̑ (-15.51)	5
a-ka-na	akana	ἄl̩α	-10.9654	ἄl̩α (-10.97); γέl̩α (-13.40); γίσσα (-13.74)	5
a-ka-na-s	akanas	ἄl̩α	-13.7944	ἄl̩α (-13.79); γίσσα (-15.76); γέl̩α (-16.19)	6
a-ka-na-si	akanasi	ἄl̩α	-16.7978	ἄl̩α (-16.80); γίσσα (-18.13); γέl̩α (-19.13)	7
a-ma-i-n	amain	γίσσα	-13.742	γίσσα (-13.74); γέl̩α (-15.31); †=l̩ (-15.51)	5
a-ma-i-na	amaina	γίσσα	-15.7621	γίσσα (-15.76); γέl̩α (-17.87); †=l̩ (-18.34)	6
a-ma-i-na-j	amainaj	γίσσα	-18.1288	γίσσα (-18.13); γέl̩α (-20.59); †σωðαρ- (-21.18)	7
a-ma-i-na-ja	amainaja	γίσσα	-20.7122	γίσσα (-20.71); γέl̩α (-23.42); †σωðαρ- (-23.67)	8
a-ma-i-na-ja-r	amainajar	γίσσα	-23.4428	γίσσα (-23.44); *al- (?) (-26.13); †σωðαρ- (-26.30)	9
a-ma-i-na-ja-re	amainajare	γίσσα	-26.2798	γίσσα (-26.28); †=n / ɲ (-26.73); κόον / κοῖον (-27.97)	10
a-ma-na	amana	γίσσα	-13.742	γίσσα (-13.74); γέl̩α (-15.31); †=l̩ (-15.51)	5
a-ma-na-d	amanad	γίσσα	-15.7621	γίσσα (-15.76); †=n / ɲ (-16.66); †=km (-17.41)	6
a-ma-na-da	amanada	γίσσα	-18.1288	γίσσα (-18.13); †=n / ɲ (-20.08); γέl̩α (-20.59)	7
a-ma-na-da-w	amanadaw	γίσσα	-20.7122	γίσσα (-20.71); †=n / ɲ (-23.05); γέl̩α (-23.42)	8
a-ma-na-da-wa	amanadawa	γίσσα	-23.4428	γίσσα (-23.44); †=n / ɲ (-25.57); *al- (?) (-26.13)	9
a-ma-na-da-wa-i	amanadawai	γίσσα	-26.2798	γίσσα (-26.28); κόον / κοῖον (-27.97); †=n / ɲ (-28.12)	10
a-ma-si	amasi	γίσσα	-13.742	γίσσα (-13.74); γέl̩α (-15.31); †=l̩ (-15.51)	5
a-ma-si-r	amasir	γίσσα	-15.7621	γίσσα (-15.76); γέl̩α (-17.87); †=l̩ (-18.34)	6
a-ma-si-ru	amasiru	†=ð	-17.0529	†=ð (-17.05); γίσσα (-18.13); γέl̩α (-20.59)	7
a-ma-si-ru-t	amasirut	†=ð	-20.5592	†=ð (-20.56); γίσσα (-20.71); βάνðα (-22.35)	8
a-ma-si-ru-te	amasirute	γίσσα	-23.4428	γίσσα (-23.44); †=n / ɲ (-23.98); †=ð (-24.06)	9
a-ma-te	amate	γίσσα	-13.742	γίσσα (-13.74); †=km (-14.50); †=n / ɲ (-14.81)	5
a-me-i-t	ameit	γίσσα	-13.742	γίσσα (-13.74); *mn- (-14.39); †da- (-14.94)	5
a-me-i-ti	ameiti	γίσσα	-15.7621	γίσσα (-15.76); *mn- (-17.40); †=n / ɲ (-17.54)	6
a-me-u-n	ameun	†=ð	-11.6186	†=ð (-11.62); †bið- (-12.82); βάνðα (-13.36)	5
a-me-u-na	ameuna	†=ð	-15.1215	†=ð (-15.12); Κβωðης (-15.60); †bið- (-15.64)	6
a-me-u-na-k	ameunak	Κβωðης	-18.0677	Κβωðης (-18.07); γίσσα (-18.13); †=ð (-18.62)	7
a-me-u-na-ka	ameunaka	†=l̩	-19.903	†=l̩ (-19.90); γίσσα (-20.71); Κβωðης (-20.90)	8
a-me-u-na-ka-n	ameunakan	γέl̩α	-22.6938	γέl̩α (-22.69); †=l̩ (-22.73); γίσσα (-23.44)	9
a-me-u-na-ka-na	ameunakana	γέl̩α	-25.1573	γέl̩α (-25.16); †=l̩ (-25.83); γίσσα (-26.28)	10
a-me-u-na-r	ameunar	Κβωðης	-18.0677	Κβωðης (-18.07); γίσσα (-18.13); †=ð (-18.62)	7
a-me-u-na-ru	ameunaru	†=ð	-20.0908	†=ð (-20.09); γίσσα (-20.71); Κβωðης (-20.89)	8
a-me-u-na-ru-k	ameunaruk	βάνðα	-21.8599	βάνðα (-21.86); γίσσα (-23.44); †=ð (-23.60)	9
a-me-u-na-ru-ka	ameunaruka	βάνðα	-24.6912	βάνðα (-24.69); γίσσα (-26.28); †=l̩ (-26.30)	10
a-na-da	anada	γίσσα	-13.742	γίσσα (-13.74); *mn- (-14.59); *ur° (-15.09)	5
a-na-da-w	anadaw	γίσσα	-15.7621	γίσσα (-15.76); *mn- (-17.38); γέl̩α (-17.87)	6
a-na-da-wa	anadawa	γίσσα	-18.1288	γίσσα (-18.13); †=n / ɲ (-19.98); *mn- (-20.41)	7
a-na-da-wa-i	anadawai	γίσσα	-20.7122	γίσσα (-20.71); †=n / ɲ (-22.37); γέl̩α (-23.42)	8
a-na-da-wa-i-j	anadawaij	γίσσα	-23.4428	γίσσα (-23.44); †=n / ɲ (-25.00); *al- (?) (-26.13)	9
a-na-da-wa-i-ja	anadawaija	γίσσα	-26.2798	γίσσα (-26.28); †=n / ɲ (-27.79); κόον / κοῖον (-27.97)	10
a-na-i-*301	anaiΘ	γίσσα	-13.742	γίσσα (-13.74); γέl̩α (-15.31); †=l̩ (-15.51)	5
a-na-i-*301-t	anaiΘt	γίσσα	-15.7621	γίσσα (-15.76); γέl̩α (-17.87); †=k̑ (-18.34)	6
a-na-i-*301-ti	anaiΘti	γίσσα	-18.1288	γίσσα (-18.13); γέl̩α (-20.59); †σωðαρ- (-21.18)	7
a-na-i-*301-ti-j	anaiΘtij	γίσσα	-20.7122	γίσσα (-20.71); γέl̩α (-23.42); †σωðαρ- (-23.67)	8
a-na-i-*301-ti-ja	anaiΘtija	γίσσα	-23.4428	γίσσα (-23.44); *al- (?) (-26.13); †σωðαρ- (-26.30)	9
a-na-i-*301-ti-ja-s	anaiΘtijas	γίσσα	-26.2798	γίσσα (-26.28); κόον / κοῖον (-27.97); *al- (?) (-28.68)	10
a-na-i-*301-u	anaiΘu	†=ð	-13.9464	†=ð (-13.95); γίσσα (-15.76); wðwn (-17.49)	6
a-na-i-*301-u-t	anaiΘut	†=ð	-17.4524	†=ð (-17.45); γίσσα (-18.13); βάνðα (-19.37)	7
a-na-i-*301-u-ti	anaiΘuti	γίσσα	-20.7122	γίσσα (-20.71); †=ð (-20.96); βάνðα (-22.19)	8
a-na-i-*301-u-ti-n	anaiΘutin	γίσσα	-23.4428	γίσσα (-23.44); †=ð (-24.46); †σωðαρ- (-24.62)	9
a-na-i-*301-u-ti-nu	anaiΘutinu	γίσσα	-26.2798	γίσσα (-26.28); †=ð (-26.46); †σωðαρ- (-26.94)	10
a-na-si	anasi	γίσσα	-13.742	γίσσα (-13.74); γέl̩α (-15.31); †=l̩ (-15.51)	5
a-na-si-s	anasis	γίσσα	-15.7621	γίσσα (-15.76); γέl̩α (-17.87); †=k̑ (-18.34)	6
a-na-si-si	anasisi	γίσσα	-18.1288	γίσσα (-18.13); γέl̩α (-20.59); †σωðαρ- (-21.18)	7
a-na-si-si-r	anasisir	γίσσα	-20.7122	γίσσα (-20.71); γέl̩α (-23.42); †σωðαρ- (-23.67)	8
a-na-ti	anati	γίσσα	-13.742	γίσσα (-13.74); γέl̩α (-15.31); †=l̩ (-15.51)	5
a-na-ti-*301	anatiΘ	γίσσα	-15.7621	γίσσα (-15.76); γέl̩α (-17.87); †=k̑ (-18.34)	6
a-na-ti-*301-w	anatiΘw	γίσσα	-18.1288	γίσσα (-18.13); γέl̩α (-20.59); †σωðαρ- (-21.18)	7
a-na-ti-*301-wa	anatiΘwa	γίσσα	-20.7122	γίσσα (-20.71); γέl̩α (-23.42); †σωðαρ- (-23.67)	8
a-na-ti-*301-wa-j	anatiΘwaj	γίσσα	-23.4428	γίσσα (-23.44); *al- (?) (-26.13); †σωðαρ- (-26.30)	9
a-na-ti-*301-wa-ja	anatiΘwaja	γίσσα	-26.2798	γίσσα (-26.28); κόον / κοῖον (-27.97); *al- (?) (-28.68)	10
a-ra-ma	arama	γίσσα	-13.742	γίσσα (-13.74); γέl̩α (-15.31); †=l̩ (-15.51)	5
a-ra-ma-n	araman	γίσσα	-15.7621	γίσσα (-15.76); γέl̩α (-17.87); †=k̑ (-18.34)	6
a-ra-ma-na	aramana	γίσσα	-18.1288	γίσσα (-18.13); γέl̩α (-20.59); †σωðαρ- (-21.18)	7
a-ra-ma-na-d	aramanad	γίσσα	-20.7122	γίσσα (-20.71); †=n / ɲ (-21.36); γέl̩α (-23.42)	8
a-ra-ma-na-da	aramanada	γίσσα	-23.4428	γίσσα (-23.44); †=n / ɲ (-24.84); *al- (?) (-26.13)	9
a-ra-ma-na-da-w	aramanadaw	γίσσα	-26.2798	γίσσα (-26.28); κόον / κοῖον (-27.97); †=n / ɲ (-28.18)	10
a-ra-me	arame	γίσσα	-13.742	γίσσα (-13.74); †=km (-14.50); †=n / ɲ (-14.81)	5
a-ra-me-i	aramei	γίσσα	-15.7621	γίσσα (-15.76); *mn- (-17.69); γέl̩α (-17.87)	6
a-ra-me-i-t	arameit	γίσσα	-18.1288	γίσσα (-18.13); *mn- (-20.50); †=n / ɲ (-20.53)	7
a-ra-me-i-ti	arameiti	γίσσα	-20.7122	γίσσα (-20.71); †=n / ɲ (-22.74); γέl̩α (-23.42)	8
a-ra-me-u	arameu	†=ð	-13.9464	†=ð (-13.95); γίσσα (-15.76); *mn- (-17.69)	6
a-ra-me-u-n	arameun	†=ð	-17.4524	†=ð (-17.45); γίσσα (-18.13); †bið- (-19.09)	7
a-ra-me-u-na	arameuna	γίσσα	-20.7122	γίσσα (-20.71); †=ð (-20.96); Κβωðης (-21.87)	8
a-ra-me-u-na-k	arameunak	γίσσα	-23.4428	γίσσα (-23.44); Κβωðης (-24.34); †=ð (-24.46)	9
a-ra-me-u-na-ka	arameunaka	γίσσα	-26.2798	γίσσα (-26.28); †=l̩ (-26.30); †σωðαρ- (-26.94)	10
a-ra-me-u-na-r	arameunar	γίσσα	-23.4428	γίσσα (-23.44); Κβωðης (-24.34); †=ð (-24.46)	9
a-ra-me-u-na-ru	arameunaru	γίσσα	-26.2798	γίσσα (-26.28); †=ð (-26.46); †σωðαρ- (-26.94)	10
a-re-di	aredi	*mn-	-10.6938	*mn- (-10.69); *tarb- (-13.72); *kʷrd (-13.73)	5
a-re-di-j	aredij	*mn-	-13.5199	*mn- (-13.52); γίσσα (-15.76); γrds ? (-15.90)	6
a-re-di-ja	aredija	*mn-	-16.6239	*mn- (-16.62); γίσσα (-18.13); γrds ? (-18.41)	7
a-re-ja	areja	γίσσα	-13.742	γίσσα (-13.74); mjze (-14.37); *mn- (-14.39)	5
a-re-ta	areta	γίσσα	-13.742	γίσσα (-13.74); *mn- (-14.39); †da- (-14.94)	5
a-ru-ka	aruka	†=l̩	-10.9666	†=l̩ (-10.97); †=ð (-12.66); γέl̩α (-13.24)	5
a-ru-ka-n	arukan	γέl̩α	-13.7654	γέl̩α (-13.77); †=l̩ (-13.79); ἄl̩α (-14.43)	6
a-ru-ka-na	arukana	γέl̩α	-16.2219	γέl̩α (-16.22); ἄl̩α (-16.89); †=l̩ (-16.89)	7
a-ru-ka-na-s	arukanas	γέl̩α	-19.0513	γέl̩α (-19.05); ἄl̩α (-19.72); †=l̩ (-20.11)	8
a-sa-ra	asara	γίσσα	-13.742	γίσσα (-13.74); γέl̩α (-15.31); †=l̩ (-15.51)	5
a-sa-ra-m	asaram	γίσσα	-15.7621	γίσσα (-15.76); γέl̩α (-17.87); †=k̑ (-18.34)	6
a-sa-ra-ma	asarama	γίσσα	-18.1288	γίσσα (-18.13); γέl̩α (-20.59); †σωðαρ- (-21.18)	7
a-sa-ra-ma-n	asaraman	γίσσα	-20.7122	γίσσα (-20.71); γέl̩α (-23.42); †σωðαρ- (-23.67)	8
a-sa-ra-ma-na	asaramana	γίσσα	-23.4428	γίσσα (-23.44); *al- (?) (-26.13); †σωðαρ- (-26.30)	9
a-sa-ra-ma-na-d	asaramanad	γίσσα	-26.2798	γίσσα (-26.28); †=n / ɲ (-26.73); κόον / κοῖον (-27.97)	10
a-sa-ra-me	asarame	γίσσα	-18.1288	γίσσα (-18.13); †=n / ɲ (-18.89); †=km (-20.42)	7
a-sa-ra-me-i	asaramei	γίσσα	-20.7122	γίσσα (-20.71); †=n / ɲ (-22.35); γέl̩α (-23.42)	8
a-sa-ra-me-i-t	asarameit	γίσσα	-23.4428	γίσσα (-23.44); †=n / ɲ (-25.58); *al- (?) (-26.13)	9
a-sa-ra-me-i-ti	asarameiti	γίσσα	-26.2798	γίσσα (-26.28); κόον / κοῖον (-27.97); †=n / ɲ (-28.42)	10
a-sa-ra-me-u	asarameu	†=ð	-20.2271	†=ð (-20.23); γίσσα (-20.71); †=n / ɲ (-22.35)	8
a-sa-ra-me-u-n	asarameun	γίσσα	-23.4428	γίσσα (-23.44); †=ð (-23.73); βάνðα (-25.37)	9
a-sa-ra-me-u-na	asarameuna	γίσσα	-26.2798	γίσσα (-26.28); †=ð (-27.24); κόον / κοῖον (-27.97)	10
a-sa-sa	asasa	γίσσα	-13.742	γίσσα (-13.74); γέl̩α (-15.31); †=l̩ (-15.51)	5
a-sa-sa-r	asasar	γίσσα	-15.7621	γίσσα (-15.76); γέl̩α (-17.87); †=k̑ (-18.34)	6
a-sa-sa-ra	asasara	γίσσα	-18.1288	γίσσα (-18.13); γέl̩α (-20.59); †σωðαρ- (-21.18)	7
a-sa-sa-ra-m	asasaram	γίσσα	-20.7122	γίσσα (-20.71); γέl̩α (-23.42); †σωðαρ- (-23.67)	8
a-sa-sa-ra-ma	asasarama	γίσσα	-23.4428	γίσσα (-23.44); *al- (?) (-26.13); †σωðαρ- (-26.30)	9
a-sa-sa-ra-ma-n	asasaraman	γίσσα	-26.2798	γίσσα (-26.28); κόον / κοῖον (-27.97); *al- (?) (-28.68)	10
a-sa-sa-ra-me	asasarame	γίσσα	-23.4428	γίσσα (-23.44); †=n / ɲ (-23.98); *al- (?) (-26.13)	9
a-sa-sa-ra-me-i	asasaramei	γίσσα	-26.2798	γίσσα (-26.28); †=n / ɲ (-27.47); κόον / κοῖον (-27.97)	10
a-sa-sa-ra-me-u	asasarameu	γίσσα	-26.2798	γίσσα (-26.28); †=ð (-26.71); †=n / ɲ (-27.47)	10
a-sa-u-n	asaun	†=ð	-11.6186	†=ð (-11.62); γίσσα (-13.74); βάνðα (-13.84)	5
a-sa-u-na	asauna	†=ð	-15.1215	†=ð (-15.12); γίσσα (-15.76); βάνðα (-16.66)	6
a-sa-u-na-k	asaunak	γίσσα	-18.1288	γίσσα (-18.13); †=ð (-18.62); †σωðαρ- (-19.03)	7
a-sa-u-na-ka	asaunaka	†=l̩	-19.903	†=l̩ (-19.90); γίσσα (-20.71); †σωðαρ- (-21.30)	8
a-sa-u-na-ka-n	asaunakan	γέl̩α	-22.6938	γέl̩α (-22.69); †=l̩ (-22.73); γίσσα (-23.44)	9
a-sa-u-na-ka-na	asaunakana	γέl̩α	-25.1573	γέl̩α (-25.16); †=l̩ (-25.83); γίσσα (-26.28)	10
a-se-ka	aseka	†=l̩	-10.9666	†=l̩ (-10.97); γέl̩α (-13.24); ml̩n (-13.73)	5
a-se-ka-n	asekan	γέl̩α	-13.7654	γέl̩α (-13.77); †=l̩ (-13.79); ἄl̩α (-14.43)	6
a-se-ka-na	asekana	γέl̩α	-16.2219	γέl̩α (-16.22); ἄl̩α (-16.89); †=l̩ (-16.89)	7
a-se-ka-na-s	asekanas	γέl̩α	-19.0513	γέl̩α (-19.05); ἄl̩α (-19.72); †=l̩ (-20.11)	8
a-se-ka-na-si	asekanasi	γέl̩α	-22.0545	γέl̩α (-22.05); ἄl̩α (-22.73); †=l̩ (-23.39)	9
a-se-ka-na-si-s	asekanasis	γέl̩α	-25.1594	γέl̩α (-25.16); ἄl̩α (-25.83); γίσσα (-26.28)	10
a-se-ra	asera	γίσσα	-13.742	γίσσα (-13.74); *mn- (-14.39); †da- (-14.94)	5
a-se-ra-t	aserat	γίσσα	-15.7621	γίσσα (-15.76); *mn- (-17.40); †=n / ɲ (-17.54)	6
a-se-ra-te	aserate	†=n / ɲ	-16.1774	†=n / ɲ (-16.18); γίσσα (-18.13); lrTɲ (-20.23)	7
a-si-i-p	asiip	γίσσα	-13.742	γίσσα (-13.74); γέl̩α (-15.31); †=l̩ (-15.51)	5
a-si-i-pi	asiipi	γίσσα	-15.7621	γίσσα (-15.76); γέl̩α (-17.87); †=k̑ (-18.34)	6
a-si-i-pi-n	asiipin	γίσσα	-18.1288	γίσσα (-18.13); γέl̩α (-20.59); †σωðαρ- (-21.18)	7
a-si-i-pi-na	asiipina	γίσσα	-20.7122	γίσσα (-20.71); γέl̩α (-23.42); †σωðαρ- (-23.67)	8
a-si-i-pi-na-m	asiipinam	γίσσα	-23.4428	γίσσα (-23.44); *al- (?) (-26.13); †σωðαρ- (-26.30)	9
a-si-i-pi-na-ma	asiipinama	γίσσα	-26.2798	γίσσα (-26.28); κόον / κοῖον (-27.97); *al- (?) (-28.68)	10
a-si-ru	asiru	†=ð	-10.9425	†=ð (-10.94); γίσσα (-13.74); γέl̩α (-15.31)	5
a-si-ru-t	asirut	†=ð	-14.448	†=ð (-14.45); γίσσα (-15.76); βάνðα (-16.51)	6
a-si-ru-te	asirute	†=ð	-17.9525	†=ð (-17.95); γίσσα (-18.13); †=n / ɲ (-18.89)	7
a-si-si	asisi	γίσσα	-13.742	γίσσα (-13.74); γέl̩α (-15.31); †=l̩ (-15.51)	5
a-si-si-r	asisir	γίσσα	-15.7621	γίσσα (-15.76); γέl̩α (-17.87); †=k̑ (-18.34)	6
a-ta-i-*301	ataiΘ	γίσσα	-13.742	γίσσα (-13.74); γέl̩α (-15.31); †=l̩ (-15.51)	5
a-ta-i-*301-u	ataiΘu	†=ð	-13.9464	†=ð (-13.95); γίσσα (-15.76); wðwn (-17.49)	6
a-ta-i-*301-u-j	ataiΘuj	†=ð	-17.4524	†=ð (-17.45); γίσσα (-18.13); βάνðα (-19.37)	7
a-ta-i-*301-u-ja	ataiΘuja	γίσσα	-20.7122	γίσσα (-20.71); †=ð (-20.96); βάνðα (-22.19)	8
a-ta-i-*301-w	ataiΘw	γίσσα	-15.7621	γίσσα (-15.76); γέl̩α (-17.87); †=k̑ (-18.34)	6
a-ta-i-*301-wa	ataiΘwa	γίσσα	-18.1288	γίσσα (-18.13); γέl̩α (-20.59); †σωðαρ- (-21.18)	7
a-ta-i-*301-wa-e	ataiΘwae	γίσσα	-20.7122	γίσσα (-20.71); †=n / ɲ (-21.36); γέl̩α (-23.42)	8
a-ta-i-*301-wa-e-a	ataiΘwaea	γίσσα	-23.4428	γίσσα (-23.44); †=n / ɲ (-24.84); *al- (?) (-26.13)	9
a-ta-i-*301-wa-e-a-d	ataiΘwaead	γίσσα	-26.2798	γίσσα (-26.28); †=n / ɲ (-26.33); κόον / κοῖον (-27.97)	10
a-ta-i-*301-wa-j	ataiΘwaj	γίσσα	-20.7122	γίσσα (-20.71); γέl̩α (-23.42); †σωðαρ- (-23.67)	8
a-ta-i-*301-wa-ja	ataiΘwaja	γίσσα	-23.4428	γίσσα (-23.44); *al- (?) (-26.13); †σωðαρ- (-26.30)	9
a-ta-i-*301-wa-ja-a	ataiΘwajaa	γίσσα	-26.2798	γίσσα (-26.28); κόον / κοῖον (-27.97); *al- (?) (-28.68)	10
a-ta-i-*301-wa-ja-j	ataiΘwajaj	γίσσα	-26.2798	γίσσα (-26.28); κόον / κοῖον (-27.97); *al- (?) (-28.68)	10
a-ta-i-*301-wa-ja-s	ataiΘwajas	γίσσα	-26.2798	γίσσα (-26.28); κόον / κοῖον (-27.97); *al- (?) (-28.68)	10
a-ta-i-*301-wa-ja-t	ataiΘwajat	γίσσα	-26.2798	γίσσα (-26.28); κόον / κοῖον (-27.97); *al- (?) (-28.68)	10
a-ti-*301-w	atiΘw	γίσσα	-13.742	γίσσα (-13.74); γέl̩α (-15.31); †=l̩ (-15.51)	5
a-ti-*301-wa	atiΘwa	γίσσα	-15.7621	γίσσα (-15.76); γέl̩α (-17.87); †=k̑ (-18.34)	6
a-ti-*301-wa-j	atiΘwaj	γίσσα	-18.1288	γίσσα (-18.13); γέl̩α (-20.59); *wli/jat (-20.94)	7
a-ti-*301-wa-ja	atiΘwaja	γίσσα	-20.7122	γίσσα (-20.71); γέl̩α (-23.42); †σωðαρ- (-23.67)	8
a-tu-ru	aturu	†=ð	-10.7815	†=ð (-10.78); γίσσα (-13.74); *kð- (-14.06)	5
a-tu-ru-s	aturus	†=ð	-14.2874	†=ð (-14.29); γίσσα (-15.76); βάνðα (-16.20)	6
a-tu-ru-sa	aturusa	†=ð	-17.7924	†=ð (-17.79); γίσσα (-18.13); †σωðαρ- (-18.68)	7
a-tu-ru-sa-i	aturusai	γίσσα	-20.7122	γίσσα (-20.71); †σωðαρ- (-20.94); †=ð (-21.30)	8
a-tu-ru-sa-i-d	aturusaid	γίσσα	-23.4428	γίσσα (-23.44); †σωðαρ- (-23.49); †=n / ɲ (-23.98)	9
a-tu-ru-sa-i-da	aturusaida	†σωðαρ-	-26.2562	†σωðαρ- (-26.26); γίσσα (-26.28); †=n / ɲ (-27.47)	10
a-u-na-k	aunak	γίσσα	-13.742	γίσσα (-13.74); piðl (-13.92); γέl̩α (-14.08)	5
a-u-na-ka	aunaka	†=l̩	-13.7946	†=l̩ (-13.79); γίσσα (-15.76); γέl̩α (-16.03)	6
a-u-na-ka-n	aunakan	γέl̩α	-16.5915	γέl̩α (-16.59); †=l̩ (-16.62); ἄl̩α (-17.65)	7
a-u-na-ka-na	aunakana	γέl̩α	-19.05	γέl̩α (-19.05); †=l̩ (-19.72); ἄl̩α (-20.11)	8
a-u-ti-n	autin	γίσσα	-13.742	γίσσα (-13.74); Κβωðης (-14.42); *kð- (-14.59)	5
a-u-ti-nu	autinu	†=ð	-13.9425	†=ð (-13.94); γίσσα (-15.76); †σωðαρ- (-16.80)	6
a-u-ti-nu-i	autinui	†=ð	-17.4484	†=ð (-17.45); γίσσα (-18.13); ða (?) (-19.15)	7
a-u-ti-nu-i-n	autinuin	γίσσα	-20.7122	γίσσα (-20.71); †=ð (-20.95); ða (?) (-21.67)	8
a-u-ti-nu-i-na	autinuina	γίσσα	-23.4428	γίσσα (-23.44); †σωðαρ- (-24.23); ða (?) (-24.35)	9
a-u-ti-nu-i-na-i	autinuinai	γίσσα	-26.2798	γίσσα (-26.28); †σωðαρ- (-26.73); ða (?) (-27.13)	10
a-wa-i-j	awaij	γίσσα	-13.742	γίσσα (-13.74); γέl̩α (-15.31); †=k̑ (-15.51)	5
a-wa-i-ja	awaija	γίσσα	-15.7621	γίσσα (-15.76); γέl̩α (-17.87); †=k̑ (-18.34)	6
a-za-*56-n	azaΦn	*ur°	-10.2942	*ur° (-10.29); eb- (-10.95); *ar (-10.95)	5
a-za-*56-ni	azaΦni	*ur°	-13.1218	*ur° (-13.12); eb- (-13.78); *ar (-14.46)	6
da-da-u	dadau	†=ð	-10.9425	†=ð (-10.94); βάνðα (-12.42); msnorð (-13.70)	5
da-da-u-t	dadaut	βάνðα	-12.0341	βάνðα (-12.03); †=ð (-14.45); †bið- (-15.65)	6
da-da-u-ti	dadauti	βάνðα	-14.8563	βάνðα (-14.86); †=ð (-17.95); γίσσα (-18.13)	7
da-da-u-ti-n	dadautin	βάνðα	-17.9584	βάνðα (-17.96); γίσσα (-20.71); Κβωðης (-20.90)	8
da-da-u-ti-nu	dadautinu	βάνðα	-21.1379	βάνðα (-21.14); †=ð (-23.25); γίσσα (-23.44)	9
da-da-u-ti-nu-i	dadautinui	βάνðα	-23.3738	βάνðα (-23.37); γίσσα (-26.28); †σωðαρ- (-26.67)	10
da-ja-j	dajaj	mjze	-13.6775	mjze (-13.68); γίσσα (-13.74); βάνðα (-13.91)	5
da-ja-ja	dajaja	γίσσα	-15.7621	γίσσα (-15.76); βάνðα (-16.59); mjze (-16.77)	6
da-ja-s	dajas	γίσσα	-13.742	γίσσα (-13.74); βάνðα (-13.91); mjze (-13.96)	5
da-ma-t	damat	γίσσα	-13.742	γίσσα (-13.74); βάνðα (-13.91); dəbr (-13.96)	5
da-ma-te	damate	dəbr	-14.7042	dəbr (-14.70); γίσσα (-15.76); ml̩n (-16.47)	6
da-se-r	daser	γίσσα	-13.742	γίσσα (-13.74); βάνðα (-13.91); ml̩n (-13.97)	5
da-se-ra	dasera	γίσσα	-15.7621	γίσσα (-15.76); βάνðα (-16.56); *mn- (-17.07)	6
da-se-ra-t	daserat	γίσσα	-18.1288	γίσσα (-18.13); βάνðα (-19.35); †=n / ɲ (-19.98)	7
da-se-ra-te	daserate	†=n / ɲ	-18.6248	†=n / ɲ (-18.62); γίσσα (-20.71); βάνðα (-22.24)	8
da-u-ti	dauti	βάνðα	-11.8182	βάνðα (-11.82); †=ð (-12.66); γίσσα (-13.74)	5
da-u-ti-n	dautin	βάνðα	-14.8606	βάνðα (-14.86); γίσσα (-15.76); †=ð (-16.16)	6
da-u-ti-nu	dautinu	†=ð	-16.9847	†=ð (-16.98); βάνðα (-17.54); γίσσα (-18.13)	7
da-u-ti-nu-i	dautinui	βάνðα	-17.859	βάνðα (-17.86); †=ð (-20.49); γίσσα (-20.71)	8
da-u-ti-nu-i-n	dautinuin	βάνðα	-20.6935	βάνðα (-20.69); γίσσα (-23.44); †=ð (-24.00)	9
da-u-ti-nu-i-na	dautinuina	βάνðα	-23.8016	βάνðα (-23.80); γίσσα (-26.28); †σωðαρ- (-26.74)	10
da-wa-i	dawai	γίσσα	-13.742	γίσσα (-13.74); βάνðα (-13.91); γέl̩α (-15.31)	5
da-wa-i-j	dawaij	γίσσα	-15.7621	γίσσα (-15.76); βάνðα (-16.59); aɲ (?) (-17.66)	6
da-wa-i-ja	dawaija	γίσσα	-18.1288	γίσσα (-18.13); βάνðα (-19.42); aɲ (?) (-20.13)	7
di-ki-t	dikit	γέl̩α	-11.3159	γέl̩α (-11.32); ἄl̩α (-11.33); †=l̩ (-11.34)	5
di-ki-te	dikite	ml̩n	-11.3618	ml̩n (-11.36); γέl̩α (-13.77); ἄl̩α (-13.79)	6
di-ki-te-s	dikites	ml̩n	-14.8639	ml̩n (-14.86); γέl̩α (-16.60); ἄl̩α (-16.62)	7
di-ki-te-si	dikitesi	ml̩n	-18.3648	ml̩n (-18.36); γέl̩α (-19.60); ἄl̩α (-19.62)	8
di-ki-te-si-r	dikitesir	ml̩n	-21.8644	ml̩n (-21.86); γέl̩α (-22.70); ἄl̩α (-22.73)	9
di-ki-te-si-ra	dikitesira	ml̩n	-25.3628	ml̩n (-25.36); γέl̩α (-25.87); ἄl̩α (-25.90)	10
di-ki-te-t	dikitet	ml̩n	-14.8639	ml̩n (-14.86); γέl̩α (-16.60); ἄl̩α (-16.62)	7
di-ki-te-te	dikitete	ml̩n	-17.2846	ml̩n (-17.28); lrTɲ (-19.01); γέl̩α (-19.60)	8
di-ki-te-te-r	dikiteter	ml̩n	-20.7898	ml̩n (-20.79); lrTɲ (-22.51); γέl̩α (-22.70)	9
di-ki-te-te-re	dikitetere	ml̩n	-23.609	ml̩n (-23.61); †=n / ɲ (-24.36); lrTɲ (-24.46)	10
di-ki-tu	dikitu	γέl̩α	-13.7704	γέl̩α (-13.77); ἄl̩α (-13.79); †=ð (-13.95)	6
di-ki-tu-j	dikituj	βάνðα	-14.8805	βάνðα (-14.88); γέl̩α (-16.60); ἄl̩α (-16.62)	7
di-ki-tu-ja	dikituja	βάνðα	-17.7045	βάνðα (-17.70); γέl̩α (-19.60); ἄl̩α (-19.62)	8
di-ki-tu-ja-s	dikitujas	βάνðα	-20.8087	βάνðα (-20.81); γέl̩α (-22.70); ἄl̩α (-22.73)	9
e-a-di-k	eadik	bal	-13.2348	bal (-13.23); mmnkal (-13.55); γίσσα (-13.74)	5
e-a-di-ki	eadiki	†=l̩	-13.7946	†=l̩ (-13.79); γίσσα (-15.76); γέl̩α (-16.03)	6
e-a-di-ki-t	eadikit	γέl̩α	-16.5915	γέl̩α (-16.59); †=l̩ (-16.62); ἄl̩α (-17.65)	7
e-a-di-ki-te	eadikite	ml̩n	-17.6831	ml̩n (-17.68); †=n / ɲ (-18.43); γέl̩α (-19.05)	8
e-a-di-ki-te-t	eadikitet	ml̩n	-21.1852	ml̩n (-21.19); γέl̩α (-21.88); †=n / ɲ (-21.92)	9
e-a-di-ki-te-te	eadikitete	ml̩n	-23.6069	ml̩n (-23.61); †=n / ɲ (-23.69); γέl̩α (-24.88)	10
e-di-ja	edija	βάνðα	-13.6171	βάνðα (-13.62); mjze (-13.67); γίσσα (-13.74)	5
e-i-da-j	eidaj	γίσσα	-13.742	γίσσα (-13.74); βάνðα (-13.84); *mn- (-13.91)	5
e-i-da-ja	eidaja	γίσσα	-15.7621	γίσσα (-15.76); βάνðα (-16.45); *mn- (-16.96)	6
e-i-da-ja-j	eidajaj	γίσσα	-18.1288	γίσσα (-18.13); βάνðα (-19.22); †=n / ɲ (-19.92)	7
e-i-da-ja-ja	eidajaja	γίσσα	-20.7122	γίσσα (-20.71); βάνðα (-22.11); aɲ (?) (-22.47)	8
e-i-ja-s	eijas	γίσσα	-13.742	γίσσα (-13.74); βάνðα (-13.91); mjze (-13.96)	5
e-i-ja-sa	eijasa	γίσσα	-15.7621	γίσσα (-15.76); βάνðα (-16.59); mjze (-17.16)	6
e-i-ja-sa-s	eijasas	γίσσα	-18.1288	γίσσα (-18.13); βάνðα (-19.42); aɲ (?) (-20.13)	7
e-i-ja-sa-sa	eijasasa	γίσσα	-20.7122	γίσσα (-20.71); βάνðα (-22.35); aɲ (?) (-22.81)	8
e-i-ja-sa-u	eijasau	†=ð	-17.0529	†=ð (-17.05); γίσσα (-18.13); βάνðα (-18.20)	7
e-i-ja-sa-u-n	eijasaun	βάνðα	-17.8839	βάνðα (-17.88); †=ð (-20.56); γίσσα (-20.71)	8
e-i-ja-sa-u-na	eijasauna	βάνðα	-20.7086	βάνðα (-20.71); γίσσα (-23.44); †=ð (-24.06)	9
e-i-ja-sa-u-na-k	eijasaunak	βάνðα	-23.8135	βάνðα (-23.81); γίσσα (-26.28); β2o[…]ol (-26.93)	10
e-i-ke-t	eiket	γέl̩α	-11.3159	γέl̩α (-11.32); ἄl̩α (-11.33); †=l̩ (-11.34)	5
e-i-ke-ta	eiketa	γέl̩α	-13.7704	γέl̩α (-13.77); ἄl̩α (-13.79); †=l̩ (-14.44)	6
e-i-ke-ta-n	eiketan	γέl̩α	-16.5978	γέl̩α (-16.60); ἄl̩α (-16.62); †=l̩ (-17.65)	7
e-i-ke-ta-na	eiketana	γέl̩α	-19.5987	γέl̩α (-19.60); ἄl̩α (-19.62); γίσσα (-20.71)	8
e-i-ke-ta-na-i	eiketanai	γέl̩α	-22.7009	γέl̩α (-22.70); ἄl̩α (-22.73); γίσσα (-23.44)	9
e-i-ke-ta-na-i-*301	eiketanaiΘ	γέl̩α	-25.8696	γέl̩α (-25.87); ἄl̩α (-25.90); γίσσα (-26.28)	10
e-ka-na	ekana	ἄl̩α	-10.9654	ἄl̩α (-10.97); ml̩n (-12.39); γέl̩α (-13.40)	5
e-ka-na-s	ekanas	ἄl̩α	-13.7944	ἄl̩α (-13.79); ml̩n (-15.45); γίσσα (-15.76)	6
e-ka-na-si	ekanasi	ἄl̩α	-16.7978	ἄl̩α (-16.80); γίσσα (-18.13); ml̩n (-18.60)	7
e-ka-na-si-s	ekanasis	ἄl̩α	-19.9033	ἄl̩α (-19.90); γίσσα (-20.71); *al- (?) (-21.56)	8
e-ka-na-si-si	ekanasisi	ἄl̩α	-23.0762	ἄl̩α (-23.08); γίσσα (-23.44); *al- (?) (-23.93)	9
e-ka-na-si-si-r	ekanasisir	γίσσα	-26.2798	γίσσα (-26.28); ἄl̩α (-26.30); *al- (?) (-26.52)	10
e-ra-te	erate	ml̩n	-13.4084	ml̩n (-13.41); γίσσα (-13.74); βάνðα (-13.91)	5
e-si-ra	esira	γίσσα	-13.742	γίσσα (-13.74); βάνðα (-13.91); γέl̩α (-15.31)	5
e-ta-na	etana	γίσσα	-13.742	γίσσα (-13.74); βάνðα (-13.91); γέl̩α (-15.31)	5
e-ta-na-i	etanai	γίσσα	-15.7621	γίσσα (-15.76); βάνðα (-16.59); aɲ (?) (-17.66)	6
e-ta-na-i-*301	etanaiΘ	γίσσα	-18.1288	γίσσα (-18.13); βάνðα (-19.42); aɲ (?) (-20.13)	7
e-ta-na-i-*301-t	etanaiΘt	γίσσα	-20.7122	γίσσα (-20.71); βάνðα (-22.35); aɲ (?) (-22.81)	8
e-ta-na-i-*301-ti	etanaiΘti	γίσσα	-23.4428	γίσσα (-23.44); βάνðα (-25.36); aɲ (?) (-25.63)	9
e-ta-na-i-*301-ti-j	etanaiΘtij	γίσσα	-26.2798	γίσσα (-26.28); κόον / κοῖον (-27.97); βάνðα (-28.42)	10
e-te-re	etere	dəbr	-12.7158	dəbr (-12.72); bebnd (-12.90); mdajn (-13.00)	5
e-te-re-p	eterep	*mn-	-14.1485	*mn- (-14.15); γίσσα (-15.76); dəbr (-16.21)	6
e-to-i-j	etoij	†=k̑	-11.337	†=k̑ (-11.34); =kʷ (-11.36); nɕ (-11.61)	5
e-to-i-ja	etoija	†=k̑	-14.4374	†=k̑ (-14.44); =kʷ (-14.46); nɕ (-15.12)	6
e-tu-me	etume	βάνðα	-11.8181	βάνðα (-11.82); dəbr (-11.87); smðəbrs (-12.46)	5
e-tu-me-i	etumei	βάνðα	-14.8604	βάνðα (-14.86); dəbr (-14.99); smðəbrs (-15.26)	6
e-tu-me-i-j	etumeij	βάνðα	-17.9967	βάνðα (-18.00); γίσσα (-18.13); dəbr (-18.21)	7
e-tu-me-i-ja	etumeija	γίσσα	-20.7122	γίσσα (-20.71); βάνðα (-21.18); †σωðαρ- (-21.41)	8
e-tu-me-i-ja-s	etumeijas	γίσσα	-23.4428	γίσσα (-23.44); †σωðαρ- (-24.22); βάνðα (-24.37)	9
e-tu-me-i-ja-sa	etumeijasa	γίσσα	-26.2798	γίσσα (-26.28); †σωðαρ- (-27.15); βάνðα (-27.59)	10
e-u-na-k	eunak	βάνðα	-12.8962	βάνðα (-12.90); bal (-13.61); γίσσα (-13.74)	5
e-u-na-ka	eunaka	†=l̩	-13.7946	†=l̩ (-13.79); γίσσα (-15.76); βάνðα (-15.89)	6
e-u-na-ka-n	eunakan	γέl̩α	-16.5915	γέl̩α (-16.59); †=l̩ (-16.62); ἄl̩α (-17.65)	7
e-u-na-ka-na	eunakana	γέl̩α	-19.05	γέl̩α (-19.05); †=l̩ (-19.72); ἄl̩α (-20.11)	8
e-u-na-ka-na-s	eunakanas	γέl̩α	-21.8803	γέl̩α (-21.88); ἄl̩α (-22.94); †=l̩ (-22.94)	9
e-u-na-ka-na-si	eunakanasi	γέl̩α	-24.8844	γέl̩α (-24.88); ἄl̩α (-25.95); †=l̩ (-26.23)	10
e-u-na-r	eunar	βάνðα	-12.8962	βάνðα (-12.90); γίσσα (-13.74); Κβωðης (-14.25)	5
e-u-na-ru	eunaru	†=ð	-13.9425	†=ð (-13.94); βάνðα (-15.01); γίσσα (-15.76)	6
e-u-na-ru-k	eunaruk	βάνðα	-14.8736	βάνðα (-14.87); †=ð (-17.45); γίσσα (-18.13)	7
e-u-na-ru-ka	eunaruka	βάνðα	-17.7003	βάνðα (-17.70); †=l̩ (-19.90); γίσσα (-20.71)	8
e-u-na-ru-ka-n	eunarukan	βάνðα	-20.8055	βάνðα (-20.81); γέl̩α (-22.69); †=l̩ (-22.73)	9
e-u-na-ru-ka-na	eunarukana	βάνðα	-24.0259	βάνðα (-24.03); γέl̩α (-25.16); †=l̩ (-25.83)	10
i-da-a-u	idaau	†=ð	-10.9425	†=ð (-10.94); βάνðα (-13.48); γίσσα (-13.74)	5
i-da-ja	idaja	γίσσα	-13.742	γίσσα (-13.74); mjze (-14.37); *mn- (-14.66)	5
i-da-ja-j	idajaj	γίσσα	-15.7621	γίσσα (-15.76); mjze (-17.18); βάνðα (-17.40)	6
i-da-ja-ja	idajaja	γίσσα	-18.1288	γίσσα (-18.13); βάνðα (-20.09); mjze (-20.27)	7
i-da-ja-s	idajas	γίσσα	-15.7621	γίσσα (-15.76); βάνðα (-17.40); mjze (-17.46)	6
i-i-pi-n	iipin	γίσσα	-13.742	γίσσα (-13.74); γέl̩α (-15.31); †=l̩ (-15.51)	5
i-i-pi-na	iipina	γίσσα	-15.7621	γίσσα (-15.76); γέl̩α (-17.87); †=k̑ (-18.34)	6
i-i-pi-na-m	iipinam	γίσσα	-18.1288	γίσσα (-18.13); γέl̩α (-20.59); †σωðαρ- (-21.18)	7
i-i-pi-na-ma	iipinama	γίσσα	-20.7122	γίσσα (-20.71); γέl̩α (-23.42); †σωðαρ- (-23.67)	8
i-i-pi-na-ma-i	iipinamai	γίσσα	-23.4428	γίσσα (-23.44); *al- (?) (-26.13); †σωðαρ- (-26.30)	9
i-i-pi-na-ma-i-n	iipinamain	γίσσα	-26.2798	γίσσα (-26.28); κόον / κοῖον (-27.97); *al- (?) (-28.68)	10
i-ja-re	ijare	*jnem	-13.018	*jnem (-13.02); γίσσα (-13.74); jsm (-13.87)	5
i-ja-re-d	ijared	*jnem	-14.8946	*jnem (-14.89); *jbrs (-15.29); *kʷrd (-15.50)	6
i-ja-re-di	ijaredi	*mn-	-17.0145	*mn- (-17.01); γίσσα (-18.13); *jbrs (-18.15)	7
i-ja-re-di-j	ijaredij	*mn-	-19.8425	*mn- (-19.84); γίσσα (-20.71); *jbrs (-21.26)	8
i-ja-re-di-ja	ijaredija	*mn-	-22.9474	*mn- (-22.95); γίσσα (-23.44); *jbrs (-24.48)	9
i-ja-sa	ijasa	γίσσα	-13.742	γίσσα (-13.74); γέl̩α (-15.31); †=k̑ (-15.51)	5
i-ja-sa-s	ijasas	γίσσα	-15.7621	γίσσα (-15.76); γέl̩α (-17.87); †=l̩ (-18.34)	6
i-ja-sa-sa	ijasasa	γίσσα	-18.1288	γίσσα (-18.13); γέl̩α (-20.59); †σωðαρ- (-21.18)	7
i-ja-sa-sa-r	ijasasar	γίσσα	-20.7122	γίσσα (-20.71); γέl̩α (-23.42); †σωðαρ- (-23.67)	8
i-ja-sa-u	ijasau	†=ð	-13.9464	†=ð (-13.95); γίσσα (-15.76); γέl̩α (-17.87)	6
i-ja-sa-u-n	ijasaun	†=ð	-17.4524	†=ð (-17.45); γίσσα (-18.13); βάνðα (-19.37)	7
i-ja-sa-u-na	ijasauna	γίσσα	-20.7122	γίσσα (-20.71); †=ð (-20.96); βάνðα (-22.19)	8
i-ja-sa-u-na-k	ijasaunak	γίσσα	-23.4428	γίσσα (-23.44); †=ð (-24.46); †σωðαρ- (-24.62)	9
i-ja-sa-u-na-ka	ijasaunaka	γίσσα	-26.2798	γίσσα (-26.28); †=l̩ (-26.30); †σωðαρ- (-26.94)	10
i-ke-ta	iketa	ἄl̩α	-10.9654	ἄl̩α (-10.97); lrTɲ (-12.83); γέl̩α (-13.40)	5
i-ke-ta-n	iketan	ἄl̩α	-13.7944	ἄl̩α (-13.79); γίσσα (-15.76); lrTɲ (-15.82)	6
i-ke-ta-na	iketana	ἄl̩α	-16.7978	ἄl̩α (-16.80); γίσσα (-18.13); lrTɲ (-18.91)	7
i-ke-ta-na-i	iketanai	ἄl̩α	-19.9033	ἄl̩α (-19.90); γίσσα (-20.71); *al- (?) (-21.56)	8
i-ke-ta-na-i-*301	iketanaiΘ	ἄl̩α	-23.0762	ἄl̩α (-23.08); γίσσα (-23.44); *al- (?) (-23.93)	9
i-ke-ta-na-i-*301-t	iketanaiΘt	γίσσα	-26.2798	γίσσα (-26.28); ἄl̩α (-26.30); *al- (?) (-26.52)	10
i-ki-te	ikite	ἄl̩α	-10.9654	ἄl̩α (-10.97); lrTɲ (-12.80); ml̩n (-13.04)	5
i-ki-te-s	ikites	ἄl̩α	-13.7944	ἄl̩α (-13.79); γίσσα (-15.76); lrTɲ (-16.05)	6
i-ki-te-si	ikitesi	ἄl̩α	-16.7978	ἄl̩α (-16.80); γίσσα (-18.13); γέl̩α (-19.13)	7
i-ki-te-si-r	ikitesir	ἄl̩α	-19.9033	ἄl̩α (-19.90); γίσσα (-20.71); *al- (?) (-21.56)	8
i-ki-te-si-ra	ikitesira	ἄl̩α	-23.0762	ἄl̩α (-23.08); γίσσα (-23.44); *al- (?) (-23.93)	9
i-ki-te-t	ikitet	ἄl̩α	-13.7944	ἄl̩α (-13.79); γίσσα (-15.76); lrTɲ (-16.05)	6
i-ki-te-te	ikitete	lrTɲ	-15.5157	lrTɲ (-15.52); ἄl̩α (-16.80); †=n / ɲ (-18.05)	7
i-ki-te-te-r	ikiteter	lrTɲ	-19.011	lrTɲ (-19.01); ἄl̩α (-19.90); *mn- (-20.50)	8
i-ki-te-te-re	ikitetere	lrTɲ	-20.956	lrTɲ (-20.96); †=n / ɲ (-21.38); ἄl̩α (-23.08)	9
i-ki-te-te-re-p	ikiteterep	lrTɲ	-24.4586	lrTɲ (-24.46); †=n / ɲ (-24.85); *mn- (-25.85)	10
i-ki-tu	ikitu	†=ð	-10.9425	†=ð (-10.94); ἄl̩α (-10.97); γέl̩α (-13.40)	5
i-ki-tu-j	ikituj	ἄl̩α	-13.7944	ἄl̩α (-13.79); †=ð (-14.45); γίσσα (-15.76)	6
i-ki-tu-ja	ikituja	ἄl̩α	-16.7978	ἄl̩α (-16.80); †=ð (-17.95); γίσσα (-18.13)	7
i-ki-tu-ja-s	ikitujas	ἄl̩α	-19.9033	ἄl̩α (-19.90); γίσσα (-20.71); †=ð (-21.46)	8
i-na-i-d	inaid	γίσσα	-13.742	γίσσα (-13.74); †=km (-14.50); †=n / ɲ (-14.81)	5
i-na-i-da	inaida	γίσσα	-15.7621	γίσσα (-15.76); *mn- (-17.69); γέl̩α (-17.87)	6
i-na-i-da-j	inaidaj	γίσσα	-18.1288	γίσσα (-18.13); *mn- (-20.50); †=n / ɲ (-20.53)	7
i-na-i-da-ja	inaidaja	γίσσα	-20.7122	γίσσα (-20.71); †=n / ɲ (-22.74); γέl̩α (-23.42)	8
i-na-i-da-ja-s	inaidajas	γίσσα	-23.4428	γίσσα (-23.44); †=n / ɲ (-25.17); *al- (?) (-26.13)	9
i-na-ja	inaja	γίσσα	-13.742	γίσσα (-13.74); γέl̩α (-15.31); †=k̑ (-15.51)	5
i-na-ja-r	inajar	γίσσα	-15.7621	γίσσα (-15.76); γέl̩α (-17.87); †=l̩ (-18.34)	6
i-na-ja-re	inajare	γίσσα	-18.1288	γίσσα (-18.13); †=n / ɲ (-18.89); *jnem (-18.95)	7
i-na-ja-re-t	inajaret	γίσσα	-20.7122	γίσσα (-20.71); *jnem (-22.23); †=n / ɲ (-22.35)	8
i-na-ja-re-ta	inajareta	γίσσα	-23.4428	γίσσα (-23.44); *jnem (-25.55); †=n / ɲ (-25.58)	9
i-na-ma	inama	γίσσα	-13.742	γίσσα (-13.74); γέl̩α (-15.31); †=l̩ (-15.51)	5
i-na-ma-i	inamai	γίσσα	-15.7621	γίσσα (-15.76); γέl̩α (-17.87); †=k̑ (-18.34)	6
i-na-ma-i-n	inamain	γίσσα	-18.1288	γίσσα (-18.13); γέl̩α (-20.59); †σωðαρ- (-21.18)	7
i-na-ma-i-na	inamaina	γίσσα	-20.7122	γίσσα (-20.71); γέl̩α (-23.42); †σωðαρ- (-23.67)	8
i-na-ma-i-na-j	inamainaj	γίσσα	-23.4428	γίσσα (-23.44); *al- (?) (-26.13); †σωðαρ- (-26.30)	9
i-na-ma-i-na-ja	inamainaja	γίσσα	-26.2798	γίσσα (-26.28); κόον / κοῖον (-27.97); *al- (?) (-28.68)	10
i-na-ma-s	inamas	γίσσα	-15.7621	γίσσα (-15.76); γέl̩α (-17.87); †=k̑ (-18.34)	6
i-na-ma-si	inamasi	γίσσα	-18.1288	γίσσα (-18.13); γέl̩α (-20.59); †σωðαρ- (-21.18)	7
i-na-ma-si-r	inamasir	γίσσα	-20.7122	γίσσα (-20.71); γέl̩α (-23.42); †σωðαρ- (-23.67)	8
i-na-ma-si-ru	inamasiru	γίσσα	-23.4428	γίσσα (-23.44); †=ð (-23.45); *al- (?) (-26.13)	9
i-na-ma-si-ru-t	inamasirut	γίσσα	-26.2798	γίσσα (-26.28); †=ð (-26.96); κόον / κοῖον (-27.97)	10
i-nu-i-n	inuin	†=ð	-12.6639	†=ð (-12.66); γίσσα (-13.74); *kð- (-14.08)	5
i-nu-i-na	inuina	γίσσα	-15.7621	γίσσα (-15.76); †=ð (-16.16); †σωðαρ- (-16.55)	6
i-nu-i-na-i	inuinai	γίσσα	-18.1288	γίσσα (-18.13); †σωðαρ- (-18.79); †=ð (-19.65)	7
i-nu-i-na-i-d	inuinaid	γίσσα	-20.7122	γίσσα (-20.71); †=n / ɲ (-21.36); †σωðαρ- (-21.41)	8
i-nu-i-na-i-da	inuinaida	γίσσα	-23.4428	γίσσα (-23.44); †σωðαρ- (-24.22); †=n / ɲ (-24.84)	9
i-nu-i-na-i-da-j	inuinaidaj	γίσσα	-26.2798	γίσσα (-26.28); †σωðαρ- (-27.15); ða (?) (-27.82)	10
i-nu-ja	inuja	†=ð	-12.6639	†=ð (-12.66); γίσσα (-13.74); *kð- (-14.08)	5
i-nu-ja-s	inujas	γίσσα	-15.7621	γίσσα (-15.76); †=ð (-16.16); †σωðαρ- (-16.55)	6
i-nu-ja-sa	inujasa	γίσσα	-18.1288	γίσσα (-18.13); †σωðαρ- (-18.79); †=ð (-19.65)	7
i-nu-ja-sa-s	inujasas	γίσσα	-20.7122	γίσσα (-20.71); †σωðαρ- (-21.41); ða (?) (-22.59)	8
i-nu-ja-sa-sa	inujasasa	γίσσα	-23.4428	γίσσα (-23.44); †σωðαρ- (-24.22); ða (?) (-25.13)	9
i-nu-ja-sa-sa-r	inujasasar	γίσσα	-26.2798	γίσσα (-26.28); †σωðαρ- (-27.15); ða (?) (-27.82)	10
i-nwa-z	inwaz	γίσσα	-13.742	γίσσα (-13.74); †ane (-14.20); *ma (-14.37)	5
i-nwa-za	inwaza	γίσσα	-15.7621	γίσσα (-15.76); u- (-16.87); †da- (-17.17)	6
i-nwa-za-*56	inwazaΦ	*ar	-16.6012	*ar (-16.60); γίσσα (-18.13); en (-18.62)	7
i-nwa-za-*56-n	inwazaΦn	*ur°	-19.4452	*ur° (-19.45); *ar (-20.11); γίσσα (-20.71)	8
i-nwa-za-*56-ni	inwazaΦni	*ur°	-22.2732	*ur° (-22.27); γίσσα (-23.44); *ar (-23.61)	9
i-pi-na	ipina	γίσσα	-13.742	γίσσα (-13.74); γέl̩α (-15.31); †=l̩ (-15.51)	5
i-pi-na-m	ipinam	γίσσα	-15.7621	γίσσα (-15.76); γέl̩α (-17.87); †=l̩ (-18.34)	6
i-pi-na-ma	ipinama	γίσσα	-18.1288	γίσσα (-18.13); γέl̩α (-20.59); †σωðαρ- (-21.18)	7
i-pi-na-ma-i	ipinamai	γίσσα	-20.7122	γίσσα (-20.71); γέl̩α (-23.42); †σωðαρ- (-23.67)	8
i-pi-na-ma-i-n	ipinamain	γίσσα	-23.4428	γίσσα (-23.44); *al- (?) (-26.13); †σωðαρ- (-26.30)	9
i-pi-na-ma-i-na	ipinamaina	γίσσα	-26.2798	γίσσα (-26.28); κόον / κοῖον (-27.97); *al- (?) (-28.68)	10
i-pi-na-ma-s	ipinamas	γίσσα	-20.7122	γίσσα (-20.71); γέl̩α (-23.42); †σωðαρ- (-23.67)	8
i-pi-na-ma-si	ipinamasi	γίσσα	-23.4428	γίσσα (-23.44); *al- (?) (-26.13); †σωðαρ- (-26.30)	9
i-pi-na-ma-si-r	ipinamasir	γίσσα	-26.2798	γίσσα (-26.28); κόον / κοῖον (-27.97); *al- (?) (-28.68)	10
i-ru-te	irute	†=ð	-12.6639	†=ð (-12.66); γίσσα (-13.74); *kð- (-14.08)	5
i-ru-te-i	irutei	γίσσα	-15.7621	γίσσα (-15.76); †=ð (-16.16); †σωðαρ- (-16.55)	6
i-ru-te-i-d	iruteid	†=n / ɲ	-18.0521	†=n / ɲ (-18.05); γίσσα (-18.13); †σωðαρ- (-18.79)	7
i-ru-te-i-di	iruteidi	*mn-	-20.499	*mn- (-20.50); γίσσα (-20.71); †=n / ɲ (-21.35)	8
i-te-si	itesi	γίσσα	-13.742	γίσσα (-13.74); *mn- (-14.39); †da- (-14.94)	5
i-te-si-r	itesir	γίσσα	-15.7621	γίσσα (-15.76); *mn- (-17.40); †=n / ɲ (-17.54)	6
i-te-si-ra	itesira	γίσσα	-18.1288	γίσσα (-18.13); †=n / ɲ (-19.92); γrds ? (-20.51)	7
i-te-te	itete	†=n / ɲ	-13.1643	†=n / ɲ (-13.16); *kʷrd (-13.71); γίσσα (-13.74)	5
i-te-te-r	iteter	*mn-	-14.1777	*mn- (-14.18); γίσσα (-15.76); †=n / ɲ (-16.37)	6
i-te-te-re	itetere	†=n / ɲ	-16.0817	†=n / ɲ (-16.08); *mn- (-16.99); γίσσα (-18.13)	7
i-te-te-re-p	iteterep	*mn-	-19.439	*mn- (-19.44); †=n / ɲ (-19.53); γίσσα (-20.71)	8
i-tu-ja	ituja	†=ð	-12.6639	†=ð (-12.66); γίσσα (-13.74); *kð- (-14.08)	5
i-tu-ja-s	itujas	γίσσα	-15.7621	γίσσα (-15.76); †=ð (-16.16); †σωðαρ- (-16.55)	6
i-*301-ti-j	iΘtij	γίσσα	-13.742	γίσσα (-13.74); *wli/jat (-15.02); γέl̩α (-15.31)	5
i-*301-ti-ja	iΘtija	γίσσα	-15.7621	γίσσα (-15.76); *wli/jat (-17.82); γέl̩α (-17.87)	6
i-*301-ti-ja-s	iΘtijas	γίσσα	-18.1288	γίσσα (-18.13); γέl̩α (-20.59); *wli/jat (-20.90)	7
i-*301-ti-ja-sa	iΘtijasa	γίσσα	-20.7122	γίσσα (-20.71); γέl̩α (-23.42); †σωðαρ- (-23.67)	8
i-*301-ti-ja-sa-s	iΘtijasas	γίσσα	-23.4428	γίσσα (-23.44); *al- (?) (-26.13); †σωðαρ- (-26.30)	9
i-*301-ti-ja-sa-sa	iΘtijasasa	γίσσα	-26.2798	γίσσα (-26.28); κόον / κοῖον (-27.97); *al- (?) (-28.68)	10
i-*301-u-ja	iΘuja	†=ð	-12.6639	†=ð (-12.66); wðwn (-12.87); γίσσα (-13.74)	5
i-*301-u-ti	iΘuti	†=ð	-12.6639	†=ð (-12.66); wðwn (-12.87); γίσσα (-13.74)	5
i-*301-u-ti-n	iΘutin	γίσσα	-15.7621	γίσσα (-15.76); wðwn (-16.07); †=ð (-16.16)	6
i-*301-u-ti-nu	iΘutinu	†=ð	-16.9847	†=ð (-16.98); γίσσα (-18.13); †σωðαρ- (-18.79)	7
i-*301-u-ti-nu-j	iΘutinuj	†=ð	-20.4911	†=ð (-20.49); γίσσα (-20.71); †σωðαρ- (-21.38)	8
i-*301-u-ti-nu-ja	iΘutinuja	γίσσα	-23.4428	γίσσα (-23.44); †=ð (-24.00); †σωðαρ- (-24.15)	9
i-*301-u-ti-nu-ja-s	iΘutinujas	γίσσα	-26.2798	γίσσα (-26.28); †σωðαρ- (-26.74); †=ð (-27.50)	10
i-*301-wa-e	iΘwae	wðwn	-13.6585	wðwn (-13.66); γίσσα (-13.74); †=km (-14.50)	5
i-*301-wa-e-a	iΘwaea	γίσσα	-15.7621	γίσσα (-15.76); wðwn (-17.16); *mn- (-17.69)	6
i-*301-wa-e-a-d	iΘwaead	†=n / ɲ	-18.0521	†=n / ɲ (-18.05); γίσσα (-18.13); *kʷrd (-18.99)	7
i-*301-wa-e-a-di	iΘwaeadi	*mn-	-20.499	*mn- (-20.50); γίσσα (-20.71); †=n / ɲ (-21.35)	8
i-*301-wa-e-a-di-k	iΘwaeadik	*mn-	-23.3342	*mn- (-23.33); γίσσα (-23.44); †=n / ɲ (-24.40)	9
i-*301-wa-e-a-di-ki	iΘwaeadiki	γίσσα	-26.2798	γίσσα (-26.28); †=l̩ (-26.30); *mn- (-26.44)	10
i-*301-wa-j	iΘwaj	γίσσα	-13.742	γίσσα (-13.74); *wli/jat (-15.02); γέl̩α (-15.31)	5
i-*301-wa-ja	iΘwaja	γίσσα	-15.7621	γίσσα (-15.76); *wli/jat (-17.82); γέl̩α (-17.87)	6
i-*301-wa-ja-a	iΘwajaa	γίσσα	-18.1288	γίσσα (-18.13); γέl̩α (-20.59); *wli/jat (-20.90)	7
i-*301-wa-ja-a-d	iΘwajaad	γίσσα	-20.7122	γίσσα (-20.71); †=n / ɲ (-21.36); *jnem (-22.17)	8
i-*301-wa-ja-a-di	iΘwajaadi	γίσσα	-23.4428	γίσσα (-23.44); †=n / ɲ (-24.84); *jnem (-25.45)	9
i-*301-wa-ja-a-di-k	iΘwajaadik	γίσσα	-26.2798	γίσσα (-26.28); pjdl (-27.49); κόον / κοῖον (-27.97)	10
i-*301-wa-ja-a-j	iΘwajaaj	γίσσα	-20.7122	γίσσα (-20.71); *wli/jat (-23.32); γέl̩α (-23.42)	8
i-*301-wa-ja-a-ja	iΘwajaaja	γίσσα	-23.4428	γίσσα (-23.44); *al- (?) (-26.13); †σωðαρ- (-26.30)	9
i-*301-wa-ja-j	iΘwajaj	γίσσα	-18.1288	γίσσα (-18.13); *wli/jat (-20.18); γέl̩α (-20.59)	7
i-*301-wa-ja-ja	iΘwajaja	γίσσα	-20.7122	γίσσα (-20.71); *wli/jat (-23.15); γέl̩α (-23.42)	8
i-*301-wa-ja-ja-a	iΘwajajaa	γίσσα	-23.4428	γίσσα (-23.44); *al- (?) (-26.13); *wli/jat (-26.30)	9
i-*301-wa-ja-ja-d	iΘwajajad	γίσσα	-23.4428	γίσσα (-23.44); †=n / ɲ (-23.98); *jnem (-24.82)	9
i-*301-wa-ja-ja-di	iΘwajajadi	γίσσα	-26.2798	γίσσα (-26.28); †=n / ɲ (-27.47); κόον / κοῖον (-27.97)	10
i-*301-wa-ja-ja-i	iΘwajajai	γίσσα	-23.4428	γίσσα (-23.44); *al- (?) (-26.13); *wli/jat (-26.30)	9
i-*301-wa-ja-ja-i-n	iΘwajajain	γίσσα	-26.2798	γίσσα (-26.28); κόον / κοῖον (-27.97); *al- (?) (-28.68)	10
i-*301-wa-ja-ja-j	iΘwajajaj	γίσσα	-23.4428	γίσσα (-23.44); *wli/jat (-25.93); *al- (?) (-26.13)	9
i-*301-wa-ja-ja-ja	iΘwajajaja	γίσσα	-26.2798	γίσσα (-26.28); κόον / κοῖον (-27.97); *al- (?) (-28.68)	10
i-*301-wa-ja-ja-s	iΘwajajas	γίσσα	-23.4428	γίσσα (-23.44); *al- (?) (-26.13); *wli/jat (-26.30)	9
i-*301-wa-ja-ja-sa	iΘwajajasa	γίσσα	-26.2798	γίσσα (-26.28); κόον / κοῖον (-27.97); *al- (?) (-28.68)	10
i-*301-wa-ja-s	iΘwajas	γίσσα	-18.1288	γίσσα (-18.13); γέl̩α (-20.59); *wli/jat (-20.90)	7
i-*301-wa-ja-se	iΘwajase	γίσσα	-20.7122	γίσσα (-20.71); †=n / ɲ (-21.36); *jnem (-22.17)	8
i-*301-wa-ja-se-k	iΘwajasek	γίσσα	-23.4428	γίσσα (-23.44); pjdl (-23.99); †=n / ɲ (-24.84)	9
i-*301-wa-ja-se-ka	iΘwajaseka	γίσσα	-26.2798	γίσσα (-26.28); †=l̩ (-26.30); pjdl (-27.49)	10
i-*301-wa-ja-t	iΘwajat	γίσσα	-18.1288	γίσσα (-18.13); γέl̩α (-20.59); *wli/jat (-20.90)	7
i-*301-wa-ja-tu	iΘwajatu	†=ð	-20.2271	†=ð (-20.23); γίσσα (-20.71); γέl̩α (-23.42)	8
i-*301-wa-ja-tu-r	iΘwajatur	γίσσα	-23.4428	γίσσα (-23.44); †=ð (-23.73); βάνðα (-25.42)	9
i-*301-wa-ja-tu-ru	iΘwajaturu	†=ð	-26.2482	†=ð (-26.25); γίσσα (-26.28); κόον / κοῖον (-27.97)	10
ja-a-di	jaadi	γίσσα	-13.742	γίσσα (-13.74); jsm (-13.85); jbt (-14.21)	5
ja-a-di-k	jaadik	pjdl	-15.0189	pjdl (-15.02); γίσσα (-15.76); γέl̩α (-16.93)	6
ja-a-di-ki	jaadiki	†=l̩	-16.7976	†=l̩ (-16.80); γίσσα (-18.13); pjdl (-18.53)	7
ja-a-di-ki-t	jaadikit	γέl̩α	-19.5919	γέl̩α (-19.59); †=l̩ (-19.62); γίσσα (-20.71)	8
ja-a-di-ki-te	jaadikite	†=n / ɲ	-20.8893	†=n / ɲ (-20.89); ml̩n (-21.88); γέl̩α (-22.05)	9
ja-a-di-ki-te-s	jaadikites	†=n / ɲ	-24.3801	†=n / ɲ (-24.38); γέl̩α (-24.88); ml̩n (-25.38)	10
ja-a-ja	jaaja	γίσσα	-13.742	γίσσα (-13.74); γέl̩α (-15.31); †=k̑ (-15.51)	5
ja-di-k	jadik	pjdl	-11.5447	pjdl (-11.54); γίσσα (-13.74); jbt (-13.88)	5
ja-di-ki	jadiki	†=l̩	-13.7946	†=l̩ (-13.79); pjdl (-15.05); γίσσα (-15.76)	6
ja-di-ki-t	jadikit	γέl̩α	-16.5915	γέl̩α (-16.59); †=l̩ (-16.62); ἄl̩α (-17.65)	7
ja-di-ki-tu	jadikitu	γέl̩α	-19.05	γέl̩α (-19.05); †=l̩ (-19.72); ἄl̩α (-20.11)	8
ja-di-ki-tu-j	jadikituj	βάνðα	-21.8786	βάνðα (-21.88); γέl̩α (-21.88); ἄl̩α (-22.94)	9
ja-di-ki-tu-ja	jadikituja	βάνðα	-24.7026	βάνðα (-24.70); γέl̩α (-24.88); ἄl̩α (-25.95)	10
ja-i-n-w	jainw	γίσσα	-13.742	γίσσα (-13.74); γέl̩α (-15.31); †=l̩ (-15.51)	5
ja-i-nwa	jainwa	γίσσα	-15.7621	γίσσα (-15.76); γέl̩α (-17.87); †=k̑ (-18.34)	6
ja-i-nwa-z	jainwaz	γίσσα	-18.1288	γίσσα (-18.13); jzpe (-19.14); jrdso[-]i (-19.28)	7
ja-i-nwa-za	jainwaza	γίσσα	-20.7122	γίσσα (-20.71); jzpe (-22.65); jrdso[-]i (-22.78)	8
ja-i-nwa-za-*56	jainwazaΦ	*ar	-23.2127	*ar (-23.21); γίσσα (-23.44); †=n / ɲ (-23.98)	9
ja-i-nwa-za-*56-n	jainwazaΦn	*ur°	-26.0562	*ur° (-26.06); γίσσα (-26.28); *ar (-26.72)	10
ja-ja-a	jajaa	γίσσα	-13.742	γίσσα (-13.74); γέl̩α (-15.31); jbt (-15.38)	5
ja-ja-d	jajad	*jnem	-12.6257	*jnem (-12.63); jsm (-13.20); *jbrs (-13.66)	5
ja-ja-di	jajadi	γίσσα	-15.7621	γίσσα (-15.76); *jnem (-15.84); *jbrs (-16.47)	6
ja-ja-di-k	jajadik	pjdl	-17.2044	pjdl (-17.20); γίσσα (-18.13); *jnem (-19.12)	7
ja-ja-di-ki	jajadiki	†=l̩	-19.903	†=l̩ (-19.90); pjdl (-20.71); γίσσα (-20.71)	8
ja-ja-di-ki-t	jajadikit	γέl̩α	-22.6938	γέl̩α (-22.69); †=l̩ (-22.73); γίσσα (-23.44)	9
ja-ja-di-ki-tu	jajadikitu	γέl̩α	-25.1573	γέl̩α (-25.16); †=l̩ (-25.83); γίσσα (-26.28)	10
ja-ja-i	jajai	γίσσα	-13.742	γίσσα (-13.74); γέl̩α (-15.31); jbt (-15.38)	5
ja-ja-i-n	jajain	γίσσα	-15.7621	γίσσα (-15.76); γέl̩α (-17.87); †=l̩ (-18.34)	6
ja-ja-i-n-w	jajainw	γίσσα	-18.1288	γίσσα (-18.13); γέl̩α (-20.59); †σωðαρ- (-21.18)	7
ja-ja-i-nwa	jajainwa	γίσσα	-20.7122	γίσσα (-20.71); γέl̩α (-23.42); †σωðαρ- (-23.67)	8
ja-ja-i-nwa-z	jajainwaz	γίσσα	-23.4428	γίσσα (-23.44); jrdso[-]i (-24.39); jzpe (-25.30)	9
ja-ja-i-nwa-za	jajainwaza	γίσσα	-26.2798	γίσσα (-26.28); jrdso[-]i (-27.90); κόον / κοῖον (-27.97)	10
ja-ja-j	jajaj	γίσσα	-13.742	γίσσα (-13.74); jbt (-15.27); jsm (-15.27)	5
ja-ja-ja	jajaja	γίσσα	-15.7621	γίσσα (-15.76); γέl̩α (-17.87); †=l̩ (-18.34)	6
ja-ja-ja-w	jajajaw	γίσσα	-18.1288	γίσσα (-18.13); γέl̩α (-20.59); †σωðαρ- (-21.18)	7
ja-ja-ja-wa	jajajawa	γίσσα	-20.7122	γίσσα (-20.71); γέl̩α (-23.42); †σωðαρ- (-23.67)	8
ja-ja-s	jajas	γίσσα	-13.742	γίσσα (-13.74); γέl̩α (-15.31); jbt (-15.38)	5
ja-ja-sa	jajasa	γίσσα	-15.7621	γίσσα (-15.76); γέl̩α (-17.87); †=l̩ (-18.34)	6
ja-ja-sa-s	jajasas	γίσσα	-18.1288	γίσσα (-18.13); γέl̩α (-20.59); †σωðαρ- (-21.18)	7
ja-ja-sa-sa	jajasasa	γίσσα	-20.7122	γίσσα (-20.71); γέl̩α (-23.42); †σωðαρ- (-23.67)	8
ja-ja-sa-sa-r	jajasasar	γίσσα	-23.4428	γίσσα (-23.44); *al- (?) (-26.13); †σωðαρ- (-26.30)	9
ja-ja-sa-sa-ra	jajasasara	γίσσα	-26.2798	γίσσα (-26.28); κόον / κοῖον (-27.97); *al- (?) (-28.68)	10
ja-ja-w	jajaw	γίσσα	-13.742	γίσσα (-13.74); γέl̩α (-15.31); jbt (-15.38)	5
ja-ja-wa	jajawa	γίσσα	-15.7621	γίσσα (-15.76); γέl̩α (-17.87); †=l̩ (-18.34)	6
ja-re-d	jared	*kʷrd	-12.7312	*kʷrd (-12.73); jsm (-13.09); *ebr (-13.37)	5
ja-re-di	jaredi	*mn-	-13.7964	*mn- (-13.80); γίσσα (-15.76); *kʷrd (-16.23)	6
ja-re-di-j	jaredij	*mn-	-16.6234	*mn- (-16.62); γίσσα (-18.13); γrds ? (-19.01)	7
ja-re-di-ja	jaredija	*mn-	-19.728	*mn- (-19.73); γίσσα (-20.71); γrds ? (-21.52)	8
ja-re-t	jaret	γίσσα	-13.742	γίσσα (-13.74); jsm (-13.85); jbt (-14.21)	5
ja-re-ta	jareta	γίσσα	-15.7621	γίσσα (-15.76); jsm (-17.33); jbt (-17.36)	6
ja-sa-s	jasas	γίσσα	-13.742	γίσσα (-13.74); γέl̩α (-15.31); †=l̩ (-15.51)	5
ja-sa-sa	jasasa	γίσσα	-15.7621	γίσσα (-15.76); γέl̩α (-17.87); †=k̑ (-18.34)	6
ja-sa-sa-r	jasasar	γίσσα	-18.1288	γίσσα (-18.13); γέl̩α (-20.59); †σωðαρ- (-21.18)	7
ja-sa-sa-ra	jasasara	γίσσα	-20.7122	γίσσα (-20.71); γέl̩α (-23.42); †σωðαρ- (-23.67)	8
ja-sa-sa-ra-m	jasasaram	γίσσα	-23.4428	γίσσα (-23.44); *al- (?) (-26.13); †σωðαρ- (-26.30)	9
ja-sa-sa-ra-ma	jasasarama	γίσσα	-26.2798	γίσσα (-26.28); κόον / κοῖον (-27.97); *al- (?) (-28.68)	10
ja-sa-sa-ra-me	jasasarame	γίσσα	-26.2798	γίσσα (-26.28); †=n / ɲ (-26.73); κόον / κοῖον (-27.97)	10
ja-sa-u	jasau	†=ð	-10.9425	†=ð (-10.94); γίσσα (-13.74); γέl̩α (-15.31)	5
ja-sa-u-n	jasaun	†=ð	-14.448	†=ð (-14.45); γίσσα (-15.76); βάνðα (-16.51)	6
ja-sa-u-na	jasauna	†=ð	-17.9525	†=ð (-17.95); γίσσα (-18.13); βάνðα (-19.33)	7
ja-sa-u-na-k	jasaunak	γίσσα	-20.7122	γίσσα (-20.71); †=ð (-21.46); †σωðαρ- (-21.76)	8
ja-sa-u-na-ka	jasaunaka	†=l̩	-23.0758	†=l̩ (-23.08); γίσσα (-23.44); †σωðαρ- (-24.04)	9
ja-sa-u-na-ka-n	jasaunakan	γέl̩α	-25.8624	γέl̩α (-25.86); †=l̩ (-25.90); γίσσα (-26.28)	10
ja-se-k	jasek	pjdl	-11.515	pjdl (-11.52); γίσσα (-13.74); jsm (-13.85)	5
ja-se-ka	jaseka	†=l̩	-13.7946	†=l̩ (-13.79); pjdl (-15.02); γίσσα (-15.76)	6
ja-se-ka-n	jasekan	γέl̩α	-16.5915	γέl̩α (-16.59); †=l̩ (-16.62); ἄl̩α (-17.65)	7
ja-se-ka-na	jasekana	γέl̩α	-19.05	γέl̩α (-19.05); †=l̩ (-19.72); ἄl̩α (-20.11)	8
ja-se-ka-na-s	jasekanas	γέl̩α	-21.8803	γέl̩α (-21.88); ἄl̩α (-22.94); †=l̩ (-22.94)	9
ja-se-ka-na-si	jasekanasi	γέl̩α	-24.8844	γέl̩α (-24.88); ἄl̩α (-25.95); †=l̩ (-26.23)	10
ja-ta-i	jatai	γίσσα	-13.742	γίσσα (-13.74); γέl̩α (-15.31); †=l̩ (-15.51)	5
ja-ta-i-*301	jataiΘ	γίσσα	-15.7621	γίσσα (-15.76); γέl̩α (-17.87); †=l̩ (-18.34)	6
ja-ta-i-*301-u	jataiΘu	†=ð	-17.0529	†=ð (-17.05); γίσσα (-18.13); γέl̩α (-20.59)	7
ja-ta-i-*301-u-j	jataiΘuj	†=ð	-20.5592	†=ð (-20.56); γίσσα (-20.71); βάνðα (-22.35)	8
ja-ta-i-*301-u-ja	jataiΘuja	γίσσα	-23.4428	γίσσα (-23.44); †=ð (-24.06); βάνðα (-25.18)	9
ja-tu-r	jatur	†=ð	-11.6186	†=ð (-11.62); γίσσα (-13.74); βάνðα (-13.84)	5
ja-tu-ru	jaturu	†=ð	-13.6805	†=ð (-13.68); γίσσα (-15.76); βάνðα (-16.63)	6
ja-tu-ru-s	jaturus	†=ð	-17.1869	†=ð (-17.19); γίσσα (-18.13); βάνðα (-18.86)	7
ja-tu-ru-sa	jaturusa	†=ð	-20.6929	†=ð (-20.69); γίσσα (-20.71); †σωðαρ- (-21.22)	8
ja-tu-ru-sa-i	jaturusai	γίσσα	-23.4428	γίσσα (-23.44); †σωðαρ- (-23.59); †=ð (-24.20)	9
ja-tu-ru-sa-i-d	jaturusaid	†σωðαρ-	-26.2018	†σωðαρ- (-26.20); γίσσα (-26.28); †=n / ɲ (-26.73)	10
ja-wa-*56	jawaΦ	jsm	-13.5994	jsm (-13.60); γίσσα (-13.74); †=km (-14.50)	5
ka-na-s	kanas	γίσσα	-13.742	γίσσα (-13.74); ἄl̩α (-14.19); γέl̩α (-15.25)	5
ka-na-si	kanasi	γίσσα	-15.7621	γίσσα (-15.76); ἄl̩α (-17.14); γέl̩α (-17.83)	6
ka-na-si-s	kanasis	γίσσα	-18.1288	γίσσα (-18.13); ἄl̩α (-20.19); γέl̩α (-20.56)	7
ka-na-si-si	kanasisi	γίσσα	-20.7122	γίσσα (-20.71); ἄl̩α (-23.30); γέl̩α (-23.40)	8
ka-na-si-si-r	kanasisir	γίσσα	-23.4428	γίσσα (-23.44); *al- (?) (-25.94); †σωðαρ- (-26.30)	9
ke-ta-n	ketan	lrTɲ	-12.317	lrTɲ (-12.32); γίσσα (-13.74); ἄl̩α (-14.19)	5
ke-ta-na	ketana	lrTɲ	-15.4055	lrTɲ (-15.41); γίσσα (-15.76); ἄl̩α (-17.14)	6
ke-ta-na-i	ketanai	γίσσα	-18.1288	γίσσα (-18.13); lrTɲ (-18.56); βάνðα (-20.09)	7
ke-ta-na-i-*301	ketanaiΘ	γίσσα	-20.7122	γίσσα (-20.71); lrTɲ (-21.77); aɲ (?) (-22.91)	8
ke-ta-na-i-*301-t	ketanaiΘt	γίσσα	-23.4428	γίσσα (-23.44); lrTɲ (-25.02); aɲ (?) (-25.62)	9
ke-ta-na-i-*301-ti	ketanaiΘti	γίσσα	-26.2798	γίσσα (-26.28); κόον / κοῖον (-27.97); lrTɲ (-28.30)	10
ki-te-s	kites	lrTɲ	-12.5594	lrTɲ (-12.56); ml̩n (-13.73); γίσσα (-13.74)	5
ki-te-si	kitesi	lrTɲ	-15.7479	lrTɲ (-15.75); γίσσα (-15.76); ἄl̩α (-17.14)	6
ki-te-si-r	kitesir	γίσσα	-18.1288	γίσσα (-18.13); lrTɲ (-18.93); †=n / ɲ (-19.98)	7
ki-te-si-ra	kitesira	γίσσα	-20.7122	γίσσα (-20.71); lrTɲ (-22.14); †=n / ɲ (-22.37)	8
ki-te-t	kitet	lrTɲ	-12.5594	lrTɲ (-12.56); ml̩n (-13.73); γίσσα (-13.74)	5
ki-te-te	kitete	lrTɲ	-12.0091	lrTɲ (-12.01); †=n / ɲ (-15.46); γίσσα (-15.76)	6
ki-te-te-r	kiteter	lrTɲ	-15.5044	lrTɲ (-15.50); *mn- (-17.28); γίσσα (-18.13)	7
ki-te-te-re	kitetere	lrTɲ	-17.449	lrTɲ (-17.45); †=n / ɲ (-18.56); *mn- (-20.09)	8
ki-te-te-re-p	kiteterep	lrTɲ	-20.9516	lrTɲ (-20.95); †=n / ɲ (-22.02); *mn- (-22.60)	9
ki-tu-j	kituj	†=ð	-11.6186	†=ð (-11.62); γίσσα (-13.74); βάνðα (-13.84)	5
ki-tu-ja	kituja	†=ð	-15.1215	†=ð (-15.12); γίσσα (-15.76); βάνðα (-16.66)	6
ki-tu-ja-s	kitujas	γίσσα	-18.1288	γίσσα (-18.13); †=ð (-18.62); †σωðαρ- (-19.03)	7
ma-i-na	maina	γίσσα	-13.742	γίσσα (-13.74); γέl̩α (-15.31); †=k̑ (-15.51)	5
ma-i-na-j	mainaj	γίσσα	-15.7621	γίσσα (-15.76); γέl̩α (-17.87); †=l̩ (-18.34)	6
ma-i-na-ja	mainaja	γίσσα	-18.1288	γίσσα (-18.13); γέl̩α (-20.59); †σωðαρ- (-21.18)	7
ma-i-na-ja-r	mainajar	γίσσα	-20.7122	γίσσα (-20.71); γέl̩α (-23.42); †σωðαρ- (-23.67)	8
ma-i-na-ja-re	mainajare	γίσσα	-23.4428	γίσσα (-23.44); †=n / ɲ (-23.98); *jnem (-25.45)	9
ma-i-na-ja-re-t	mainajaret	γίσσα	-26.2798	γίσσα (-26.28); †=n / ɲ (-27.47); κόον / κοῖον (-27.97)	10
ma-na-d	manad	γίσσα	-13.742	γίσσα (-13.74); †=km (-14.50); †=n / ɲ (-14.81)	5
ma-na-da	manada	γίσσα	-15.7621	γίσσα (-15.76); *mn- (-17.69); γέl̩α (-17.87)	6
ma-na-da-w	manadaw	γίσσα	-18.1288	γίσσα (-18.13); *mn- (-20.50); †=n / ɲ (-20.53)	7
ma-na-da-wa	manadawa	γίσσα	-20.7122	γίσσα (-20.71); †=n / ɲ (-22.74); γέl̩α (-23.42)	8
ma-na-da-wa-i	manadawai	γίσσα	-23.4428	γίσσα (-23.44); †=n / ɲ (-25.17); *al- (?) (-26.13)	9
ma-na-da-wa-i-j	manadawaij	γίσσα	-26.2798	γίσσα (-26.28); †=n / ɲ (-27.82); κόον / κοῖον (-27.97)	10
ma-si-r	masir	γίσσα	-13.742	γίσσα (-13.74); γέl̩α (-15.31); †=k̑ (-15.51)	5
ma-si-ru	masiru	†=ð	-13.9464	†=ð (-13.95); γίσσα (-15.76); γέl̩α (-17.87)	6
ma-si-ru-t	masirut	†=ð	-17.4524	†=ð (-17.45); γίσσα (-18.13); βάνðα (-19.37)	7
ma-si-ru-te	masirute	γίσσα	-20.7122	γίσσα (-20.71); †=ð (-20.96); †=n / ɲ (-21.36)	8
me-i-ja	meija	γίσσα	-13.742	γίσσα (-13.74); mjze (-14.37); *mn- (-14.66)	5
me-i-ja-s	meijas	γίσσα	-15.7621	γίσσα (-15.76); βάνðα (-17.40); mjze (-17.46)	6
me-i-ja-sa	meijasa	γίσσα	-18.1288	γίσσα (-18.13); βάνðα (-20.09); aɲ (?) (-20.41)	7
me-i-ja-sa-s	meijasas	γίσσα	-20.7122	γίσσα (-20.71); aɲ (?) (-22.91); βάνðα (-22.92)	8
me-i-ja-sa-sa	meijasasa	γίσσα	-23.4428	γίσσα (-23.44); aɲ (?) (-25.62); βάνðα (-25.85)	9
me-i-ja-sa-u	meijasau	†=ð	-20.2271	†=ð (-20.23); γίσσα (-20.71); βάνðα (-21.70)	8
me-i-ja-sa-u-n	meijasaun	βάνðα	-21.3856	βάνðα (-21.39); γίσσα (-23.44); †=ð (-23.73)	9
me-i-ja-sa-u-na	meijasauna	βάνðα	-24.2104	βάνðα (-24.21); γίσσα (-26.28); †=ð (-27.24)	10
me-i-ti	meiti	γίσσα	-13.742	γίσσα (-13.74); *mn- (-14.66); βάνðα (-14.95)	5
me-u-na	meuna	†=ð	-12.6639	†=ð (-12.66); Κβωðης (-12.78); †bið- (-12.82)	5
me-u-na-k	meunak	Κβωðης	-15.2481	Κβωðης (-15.25); γίσσα (-15.76); †bið- (-15.92)	6
me-u-na-ka	meunaka	†=l̩	-16.7976	†=l̩ (-16.80); Κβωðης (-18.08); γίσσα (-18.13)	7
me-u-na-ka-n	meunakan	γέl̩α	-19.5919	γέl̩α (-19.59); †=l̩ (-19.62); γίσσα (-20.71)	8
me-u-na-ka-na	meunakana	γέl̩α	-22.0526	γέl̩α (-22.05); †=l̩ (-22.73); ἄl̩α (-23.39)	9
me-u-na-ka-na-s	meunakanas	γέl̩α	-24.8838	γέl̩α (-24.88); †=l̩ (-25.95); ἄl̩α (-26.23)	10
me-u-na-r	meunar	Κβωðης	-15.2481	Κβωðης (-15.25); γίσσα (-15.76); †bið- (-15.92)	6
me-u-na-ru	meunaru	†=ð	-16.9847	†=ð (-16.98); Κβωðης (-18.07); γίσσα (-18.13)	7
me-u-na-ru-k	meunaruk	βάνðα	-18.3707	βάνðα (-18.37); †=ð (-20.49); γίσσα (-20.71)	8
me-u-na-ru-ka	meunaruka	βάνðα	-21.1987	βάνðα (-21.20); †=l̩ (-23.08); γίσσα (-23.44)	9
me-u-na-ru-ka-n	meunarukan	βάνðα	-24.3043	βάνðα (-24.30); γέl̩α (-25.86); †=l̩ (-25.90)	10
na-da-d	nadad	†=n / ɲ	-13.1643	†=n / ɲ (-13.16); *kʷrd (-13.71); γίσσα (-13.74)	5
na-da-da	nadada	*mn-	-14.1777	*mn- (-14.18); γίσσα (-15.76); †=n / ɲ (-16.37)	6
na-da-da-u	nadadau	*mn-	-17.0096	*mn- (-17.01); †=ð (-17.05); γίσσα (-18.13)	7
na-da-da-u-t	nadadaut	βάνðα	-19.0253	βάνðα (-19.03); *mn- (-20.12); †=ð (-20.56)	8
na-da-da-u-ti	nadadauti	βάνðα	-21.8476	βάνðα (-21.85); *mn- (-23.33); γίσσα (-23.44)	9
na-da-da-u-ti-n	nadadautin	βάνðα	-24.9498	βάνðα (-24.95); γίσσα (-26.28); *mn- (-26.62)	10
na-da-w	nadaw	γίσσα	-13.742	γίσσα (-13.74); *mn- (-14.39); †da- (-14.94)	5
na-da-wa	nadawa	γίσσα	-15.7621	γίσσα (-15.76); *mn- (-17.40); †=n / ɲ (-17.54)	6
na-da-wa-i	nadawai	γίσσα	-18.1288	γίσσα (-18.13); †=n / ɲ (-19.92); γrds ? (-20.51)	7
na-da-wa-i-j	nadawaij	γίσσα	-20.7122	γίσσα (-20.71); †=n / ɲ (-22.54); γrds ? (-23.34)	8
na-da-wa-i-ja	nadawaija	γίσσα	-23.4428	γίσσα (-23.44); †=n / ɲ (-25.33); aɲ (?) (-25.95)	9
na-i-da	naida	γίσσα	-13.742	γίσσα (-13.74); *mn- (-14.59); *ur° (-15.09)	5
na-i-da-j	naidaj	γίσσα	-15.7621	γίσσα (-15.76); *mn- (-17.38); γέl̩α (-17.87)	6
na-i-da-ja	naidaja	γίσσα	-18.1288	γίσσα (-18.13); †=n / ɲ (-19.98); *mn- (-20.41)	7
na-i-da-ja-s	naidajas	γίσσα	-20.7122	γίσσα (-20.71); †=n / ɲ (-22.37); γέl̩α (-23.42)	8
na-i-*301-t	naiΘt	γίσσα	-13.742	γίσσα (-13.74); γέl̩α (-15.31); †=l̩ (-15.51)	5
na-i-*301-ti	naiΘti	γίσσα	-15.7621	γίσσα (-15.76); γέl̩α (-17.87); †=k̑ (-18.34)	6
na-i-*301-ti-j	naiΘtij	γίσσα	-18.1288	γίσσα (-18.13); γέl̩α (-20.59); *wli/jat (-20.94)	7
na-i-*301-ti-ja	naiΘtija	γίσσα	-20.7122	γίσσα (-20.71); γέl̩α (-23.42); †σωðαρ- (-23.67)	8
na-i-*301-ti-ja-s	naiΘtijas	γίσσα	-23.4428	γίσσα (-23.44); *al- (?) (-26.13); †σωðαρ- (-26.30)	9
na-i-*301-ti-ja-sa	naiΘtijasa	γίσσα	-26.2798	γίσσα (-26.28); κόον / κοῖον (-27.97); *al- (?) (-28.68)	10
na-i-*301-u	naiΘu	†=ð	-10.9425	†=ð (-10.94); γίσσα (-13.74); wðwn (-13.99)	5
na-i-*301-u-t	naiΘut	†=ð	-14.448	†=ð (-14.45); γίσσα (-15.76); βάνðα (-16.51)	6
na-i-*301-u-ti	naiΘuti	†=ð	-17.9525	†=ð (-17.95); γίσσα (-18.13); βάνðα (-19.33)	7
na-i-*301-u-ti-n	naiΘutin	γίσσα	-20.7122	γίσσα (-20.71); †=ð (-21.46); †σωðαρ- (-21.76)	8
na-i-*301-u-ti-nu	naiΘutinu	†=ð	-23.2532	†=ð (-23.25); γίσσα (-23.44); †σωðαρ- (-24.04)	9
na-i-*301-u-ti-nu-j	naiΘutinuj	γίσσα	-26.2798	γίσσα (-26.28); †σωðαρ- (-26.67); †=ð (-26.76)	10
na-ja-r	najar	γίσσα	-13.742	γίσσα (-13.74); γέl̩α (-15.31); †=k̑ (-15.51)	5
na-ja-re	najare	γίσσα	-15.7621	γίσσα (-15.76); *jnem (-15.84); †=n / ɲ (-16.66)	6
na-ja-re-t	najaret	γίσσα	-18.1288	γίσσα (-18.13); *jnem (-19.12); *jbrs (-19.94)	7
na-ja-re-ta	najareta	γίσσα	-20.7122	γίσσα (-20.71); *jnem (-22.44); *jbrs (-23.03)	8
na-ka-n	nakan	γέl̩α	-11.3159	γέl̩α (-11.32); ἄl̩α (-11.33); †=l̩ (-11.34)	5
na-ka-na	nakana	γέl̩α	-13.7704	γέl̩α (-13.77); ἄl̩α (-13.79); †=l̩ (-14.44)	6
na-ka-na-s	nakanas	γέl̩α	-16.5978	γέl̩α (-16.60); ἄl̩α (-16.62); †=l̩ (-17.65)	7
na-ka-na-si	nakanasi	γέl̩α	-19.5987	γέl̩α (-19.60); ἄl̩α (-19.62); γίσσα (-20.71)	8
na-ma-i	namai	γίσσα	-13.742	γίσσα (-13.74); γέl̩α (-15.31); †=k̑ (-15.51)	5
na-ma-i-n	namain	γίσσα	-15.7621	γίσσα (-15.76); γέl̩α (-17.87); †=k̑ (-18.34)	6
na-ma-i-na	namaina	γίσσα	-18.1288	γίσσα (-18.13); γέl̩α (-20.59); †σωðαρ- (-21.18)	7
na-ma-i-na-j	namainaj	γίσσα	-20.7122	γίσσα (-20.71); γέl̩α (-23.42); †σωðαρ- (-23.67)	8
na-ma-i-na-ja	namainaja	γίσσα	-23.4428	γίσσα (-23.44); *al- (?) (-26.13); †σωðαρ- (-26.30)	9
na-ma-i-na-ja-r	namainajar	γίσσα	-26.2798	γίσσα (-26.28); κόον / κοῖον (-27.97); *al- (?) (-28.68)	10
na-ma-s	namas	γίσσα	-13.742	γίσσα (-13.74); γέl̩α (-15.31); †=k̑ (-15.51)	5
na-ma-si	namasi	γίσσα	-15.7621	γίσσα (-15.76); γέl̩α (-17.87); †=k̑ (-18.34)	6
na-ma-si-r	namasir	γίσσα	-18.1288	γίσσα (-18.13); γέl̩α (-20.59); †σωðαρ- (-21.18)	7
na-ma-si-ru	namasiru	†=ð	-20.2271	†=ð (-20.23); γίσσα (-20.71); γέl̩α (-23.42)	8
na-ma-si-ru-t	namasirut	γίσσα	-23.4428	γίσσα (-23.44); †=ð (-23.73); βάνðα (-25.42)	9
na-ma-si-ru-te	namasirute	γίσσα	-26.2798	γίσσα (-26.28); †=n / ɲ (-26.73); †=ð (-27.24)	10
na-ru-k	naruk	†=ð	-11.6186	†=ð (-11.62); piðl (-12.83); γίσσα (-13.74)	5
na-ru-ka	naruka	†=l̩	-13.7946	†=l̩ (-13.79); †=ð (-15.12); γίσσα (-15.76)	6
na-ru-ka-n	narukan	γέl̩α	-16.5915	γέl̩α (-16.59); †=l̩ (-16.62); ἄl̩α (-17.65)	7
na-ru-ka-na	narukana	γέl̩α	-19.05	γέl̩α (-19.05); †=l̩ (-19.72); ἄl̩α (-20.11)	8
na-ru-ka-na-s	narukanas	γέl̩α	-21.8803	γέl̩α (-21.88); ἄl̩α (-22.94); †=l̩ (-22.94)	9
na-si-i	nasii	γίσσα	-13.742	γίσσα (-13.74); γέl̩α (-15.31); †=l̩ (-15.51)	5
na-si-i-p	nasiip	γίσσα	-15.7621	γίσσα (-15.76); γέl̩α (-17.87); †=k̑ (-18.34)	6
na-si-i-pi	nasiipi	γίσσα	-18.1288	γίσσα (-18.13); γέl̩α (-20.59); †σωðαρ- (-21.18)	7
na-si-i-pi-n	nasiipin	γίσσα	-20.7122	γίσσα (-20.71); γέl̩α (-23.42); †σωðαρ- (-23.67)	8
na-si-i-pi-na	nasiipina	γίσσα	-23.4428	γίσσα (-23.44); *al- (?) (-26.13); †σωðαρ- (-26.30)	9
na-si-i-pi-na-m	nasiipinam	γίσσα	-26.2798	γίσσα (-26.28); κόον / κοῖον (-27.97); *al- (?) (-28.68)	10
na-si-s	nasis	γίσσα	-13.742	γίσσα (-13.74); γέl̩α (-15.31); †=l̩ (-15.51)	5
na-si-si	nasisi	γίσσα	-15.7621	γίσσα (-15.76); γέl̩α (-17.87); †=k̑ (-18.34)	6
na-si-si-r	nasisir	γίσσα	-18.1288	γίσσα (-18.13); γέl̩α (-20.59); †σωðαρ- (-21.18)	7
na-ti-*301	natiΘ	γίσσα	-13.742	γίσσα (-13.74); γέl̩α (-15.31); †=l̩ (-15.51)	5
na-ti-*301-w	natiΘw	γίσσα	-15.7621	γίσσα (-15.76); γέl̩α (-17.87); †=k̑ (-18.34)	6
na-ti-*301-wa	natiΘwa	γίσσα	-18.1288	γίσσα (-18.13); γέl̩α (-20.59); †σωðαρ- (-21.18)	7
na-ti-*301-wa-j	natiΘwaj	γίσσα	-20.7122	γίσσα (-20.71); γέl̩α (-23.42); †σωðαρ- (-23.67)	8
na-ti-*301-wa-ja	natiΘwaja	γίσσα	-23.4428	γίσσα (-23.44); *al- (?) (-26.13); †σωðαρ- (-26.30)	9
nu-i-na	nuina	γίσσα	-13.742	γίσσα (-13.74); Κβωðης (-14.42); *kð- (-14.59)	5
nu-i-na-i	nuinai	γίσσα	-15.7621	γίσσα (-15.76); †σωðαρ- (-16.80); ða (?) (-16.88)	6
nu-i-na-i-d	nuinaid	γίσσα	-18.1288	γίσσα (-18.13); †=n / ɲ (-18.89); ða (?) (-19.16)	7
nu-i-na-i-da	nuinaida	γίσσα	-20.7122	γίσσα (-20.71); ða (?) (-21.67); †σωðαρ- (-22.15)	8
nu-i-na-i-da-j	nuinaidaj	γίσσα	-23.4428	γίσσα (-23.44); ða (?) (-24.36); †σωðαρ- (-25.03)	9
nu-i-na-i-da-ja	nuinaidaja	γίσσα	-26.2798	γίσσα (-26.28); ða (?) (-27.16); κόον / κοῖον (-27.97)	10
nu-ja-s	nujas	γίσσα	-13.742	γίσσα (-13.74); Κβωðης (-14.42); *kð- (-14.59)	5
nu-ja-sa	nujasa	γίσσα	-15.7621	γίσσα (-15.76); †σωðαρ- (-16.80); ða (?) (-16.88)	6
nu-ja-sa-s	nujasas	γίσσα	-18.1288	γίσσα (-18.13); ða (?) (-19.16); †σωðαρ- (-19.38)	7
nu-ja-sa-sa	nujasasa	γίσσα	-20.7122	γίσσα (-20.71); ða (?) (-21.67); †σωðαρ- (-22.15)	8
nu-ja-sa-sa-r	nujasasar	γίσσα	-23.4428	γίσσα (-23.44); ða (?) (-24.36); †σωðαρ- (-25.03)	9
nu-ja-sa-sa-ra	nujasasara	γίσσα	-26.2798	γίσσα (-26.28); ða (?) (-27.16); κόον / κοῖον (-27.97)	10
nu-*56-e-t	nuΦet	*mn-	-10.6938	*mn- (-10.69); *tarb- (-13.72); *kʷrd (-13.73)	5
nu-*56-e-tu	nuΦetu	*mn-	-13.5199	*mn- (-13.52); †=ð (-13.94); γίσσα (-15.76)	6
nu-*56-e-tu-m	nuΦetum	βάνðα	-16.5156	βάνðα (-16.52); *mn- (-16.62); †=ð (-17.45)	7
nu-*56-e-tu-me	nuΦetume	†=n / ɲ	-17.8615	†=n / ɲ (-17.86); βάνðα (-19.34); *mn- (-19.83)	8
nu-*56-e-tu-me-i	nuΦetumei	†=n / ɲ	-21.345	†=n / ɲ (-21.34); βάνðα (-22.43); *mn- (-22.72)	9
nu-*56-e-tu-me-i-j	nuΦetumeij	†=n / ɲ	-24.808	†=n / ɲ (-24.81); βάνðα (-25.64); *mn- (-25.85)	10
nwa-za	nwaza	u-	-13.3674	u- (-13.37); γίσσα (-13.74); *pi- (-14.14)	5
nwa-za-*56	nwazaΦ	*ar	-13.3796	*ar (-13.38); an (-15.12); en (-15.12)	6
nwa-za-*56-n	nwazaΦn	*ur°	-16.2238	*ur° (-16.22); *ar (-16.88); eb- (-17.96)	7
nwa-za-*56-ni	nwazaΦni	*ur°	-19.0516	*ur° (-19.05); *ar (-20.39); γίσσα (-20.71)	8
o-sa-re	osare	pn	-11.6048	pn (-11.60); kb (-11.60); sb (-11.60)	5
o-sa-re-j	osarej	sb	-15.1101	sb (-15.11); kb (-15.11); pn (-15.11)	6
o-sa-re-ja	osareja	γίσσα	-18.1288	γίσσα (-18.13); kʷmol̩ (-18.53); kb (-18.62)	7
pi-na-m	pinam	γίσσα	-13.742	γίσσα (-13.74); γέl̩α (-15.31); †=l̩ (-15.51)	5
pi-na-ma	pinama	γίσσα	-15.7621	γίσσα (-15.76); γέl̩α (-17.87); †=k̑ (-18.34)	6
pi-na-ma-i	pinamai	γίσσα	-18.1288	γίσσα (-18.13); γέl̩α (-20.59); †σωðαρ- (-21.18)	7
pi-na-ma-i-n	pinamain	γίσσα	-20.7122	γίσσα (-20.71); γέl̩α (-23.42); †σωðαρ- (-23.67)	8
pi-na-ma-i-na	pinamaina	γίσσα	-23.4428	γίσσα (-23.44); *al- (?) (-26.13); †σωðαρ- (-26.30)	9
pi-na-ma-i-na-j	pinamainaj	γίσσα	-26.2798	γίσσα (-26.28); κόον / κοῖον (-27.97); *al- (?) (-28.68)	10
pi-na-ma-s	pinamas	γίσσα	-18.1288	γίσσα (-18.13); γέl̩α (-20.59); †σωðαρ- (-21.18)	7
pi-na-ma-si	pinamasi	γίσσα	-20.7122	γίσσα (-20.71); γέl̩α (-23.42); †σωðαρ- (-23.67)	8
pi-na-ma-si-r	pinamasir	γίσσα	-23.4428	γίσσα (-23.44); *al- (?) (-26.13); †σωðαρ- (-26.30)	9
pi-na-ma-si-ru	pinamasiru	γίσσα	-26.2798	γίσσα (-26.28); †=ð (-26.71); κόον / κοῖον (-27.97)	10
ra-ma-n	raman	γίσσα	-13.742	γίσσα (-13.74); γέl̩α (-15.31); †=k̑ (-15.51)	5
ra-ma-na	ramana	γίσσα	-15.7621	γίσσα (-15.76); γέl̩α (-17.87); †=k̑ (-18.34)	6
ra-ma-na-d	ramanad	γίσσα	-18.1288	γίσσα (-18.13); †=n / ɲ (-18.89); †=km (-20.42)	7
ra-ma-na-da	ramanada	γίσσα	-20.7122	γίσσα (-20.71); †=n / ɲ (-22.35); γέl̩α (-23.42)	8
ra-ma-na-da-w	ramanadaw	γίσσα	-23.4428	γίσσα (-23.44); †=n / ɲ (-25.58); *al- (?) (-26.13)	9
ra-ma-na-da-wa	ramanadawa	γίσσα	-26.2798	γίσσα (-26.28); κόον / κοῖον (-27.97); †=n / ɲ (-28.42)	10
ra-me-i	ramei	γίσσα	-13.742	γίσσα (-13.74); *mn- (-14.59); *ur° (-15.09)	5
ra-me-i-t	rameit	γίσσα	-15.7621	γίσσα (-15.76); *mn- (-17.38); γέl̩α (-17.87)	6
ra-me-i-ti	rameiti	γίσσα	-18.1288	γίσσα (-18.13); †=n / ɲ (-19.98); *mn- (-20.41)	7
ra-me-u	rameu	†=ð	-10.9425	†=ð (-10.94); γίσσα (-13.74); *mn- (-14.59)	5
ra-me-u-n	rameun	†=ð	-14.448	†=ð (-14.45); γίσσα (-15.76); †bið- (-15.90)	6
ra-me-u-na	rameuna	†=ð	-17.9525	†=ð (-17.95); γίσσα (-18.13); Κβωðης (-18.68)	7
ra-me-u-na-k	rameunak	γίσσα	-20.7122	γίσσα (-20.71); Κβωðης (-21.15); †=ð (-21.46)	8
ra-me-u-na-ka	rameunaka	†=l̩	-23.0758	†=l̩ (-23.08); γίσσα (-23.44); Κβωðης (-23.98)	9
ra-me-u-na-ka-n	rameunakan	γέl̩α	-25.8624	γέl̩α (-25.86); †=l̩ (-25.90); γίσσα (-26.28)	10
ra-me-u-na-r	rameunar	γίσσα	-20.7122	γίσσα (-20.71); Κβωðης (-21.15); †=ð (-21.46)	8
ra-me-u-na-ru	rameunaru	†=ð	-23.2532	†=ð (-23.25); γίσσα (-23.44); Κβωðης (-23.97)	9
ra-me-u-na-ru-k	rameunaruk	βάνðα	-25.3393	βάνðα (-25.34); γίσσα (-26.28); †σωðαρ- (-26.67)	10
re-di-j	redij	*mn-	-10.6952	*mn- (-10.70); γrds ? (-13.07); γίσσα (-13.74)	5
re-di-ja	redija	*mn-	-13.7981	*mn- (-13.80); γrds ? (-15.57); γίσσα (-15.76)	6
re-i-ke	reike	†=l̩	-10.9666	†=l̩ (-10.97); ml̩n (-12.21); γέl̩α (-13.24)	5
re-i-ke-t	reiket	γέl̩α	-13.7654	γέl̩α (-13.77); †=l̩ (-13.79); ἄl̩α (-14.43)	6
re-i-ke-ta	reiketa	γέl̩α	-16.2219	γέl̩α (-16.22); ἄl̩α (-16.89); †=l̩ (-16.89)	7
re-i-ke-ta-n	reiketan	γέl̩α	-19.0513	γέl̩α (-19.05); ἄl̩α (-19.72); †=l̩ (-20.11)	8
re-i-ke-ta-na	reiketana	γέl̩α	-22.0545	γέl̩α (-22.05); ἄl̩α (-22.73); †=l̩ (-23.39)	9
re-i-ke-ta-na-i	reiketanai	γέl̩α	-25.1594	γέl̩α (-25.16); ἄl̩α (-25.83); γίσσα (-26.28)	10
ri-da-u	ridau	†=ð	-10.9425	†=ð (-10.94); γίσσα (-13.74); *mn- (-14.39)	5
ru-ka-n	rukan	γέl̩α	-11.3159	γέl̩α (-11.32); ἄl̩α (-11.33); †=l̩ (-11.34)	5
ru-ka-na	rukana	γέl̩α	-13.7704	γέl̩α (-13.77); ἄl̩α (-13.79); †=l̩ (-14.44)	6
ru-ka-na-s	rukanas	γέl̩α	-16.5978	γέl̩α (-16.60); ἄl̩α (-16.62); †=l̩ (-17.65)	7
ru-sa-i	rusai	γίσσα	-13.742	γίσσα (-13.74); Κβωðης (-14.42); *kð- (-14.59)	5
ru-sa-i-d	rusaid	γίσσα	-15.7621	γίσσα (-15.76); †=n / ɲ (-16.66); †σωðαρ- (-16.80)	6
ru-sa-i-da	rusaida	γίσσα	-18.1288	γίσσα (-18.13); ða (?) (-19.16); †σωðαρ- (-19.38)	7
ru-sa-i-da-a	rusaidaa	γίσσα	-20.7122	γίσσα (-20.71); ða (?) (-21.67); †σωðαρ- (-22.15)	8
ru-sa-i-da-a-u	rusaidaau	γίσσα	-23.4428	γίσσα (-23.44); †=ð (-23.45); ða (?) (-24.36)	9
ru-te-i	rutei	γίσσα	-13.742	γίσσα (-13.74); ðen (-14.22); Κβωðης (-14.39)	5
ru-te-i-d	ruteid	†=n / ɲ	-15.4626	†=n / ɲ (-15.46); γίσσα (-15.76); *kʷrd (-16.22)	6
ru-te-i-di	ruteidi	*mn-	-17.2811	*mn- (-17.28); γίσσα (-18.13); †=n / ɲ (-18.71)	7
sa-i-da	saida	γίσσα	-13.742	γίσσα (-13.74); *mn- (-14.59); *ur° (-15.09)	5
sa-i-da-a	saidaa	γίσσα	-15.7621	γίσσα (-15.76); *mn- (-17.38); γέl̩α (-17.87)	6
sa-i-da-a-u	saidaau	†=ð	-17.0529	†=ð (-17.05); γίσσα (-18.13); †=n / ɲ (-19.98)	7
sa-ra-m	saram	γίσσα	-13.742	γίσσα (-13.74); γέl̩α (-15.31); †=l̩ (-15.51)	5
sa-ra-ma	sarama	γίσσα	-15.7621	γίσσα (-15.76); γέl̩α (-17.87); †=l̩ (-18.34)	6
sa-ra-ma-n	saraman	γίσσα	-18.1288	γίσσα (-18.13); γέl̩α (-20.59); †σωðαρ- (-21.18)	7
sa-ra-ma-na	saramana	γίσσα	-20.7122	γίσσα (-20.71); γέl̩α (-23.42); †σωðαρ- (-23.67)	8
sa-ra-ma-na-d	saramanad	γίσσα	-23.4428	γίσσα (-23.44); †=n / ɲ (-23.98); *al- (?) (-26.13)	9
sa-ra-ma-na-da	saramanada	γίσσα	-26.2798	γίσσα (-26.28); †=n / ɲ (-27.47); κόον / κοῖον (-27.97)	10
sa-ra-me	sarame	γίσσα	-15.7621	γίσσα (-15.76); †=n / ɲ (-16.66); †=km (-17.41)	6
sa-ra-me-i	saramei	γίσσα	-18.1288	γίσσα (-18.13); †=n / ɲ (-20.08); γέl̩α (-20.59)	7
sa-ra-me-i-t	sarameit	γίσσα	-20.7122	γίσσα (-20.71); †=n / ɲ (-23.05); γέl̩α (-23.42)	8
sa-ra-me-i-ti	sarameiti	γίσσα	-23.4428	γίσσα (-23.44); †=n / ɲ (-25.57); *al- (?) (-26.13)	9
sa-ra-me-u	sarameu	†=ð	-17.0529	†=ð (-17.05); γίσσα (-18.13); †=n / ɲ (-20.08)	7
sa-ra-me-u-n	sarameun	†=ð	-20.5592	†=ð (-20.56); γίσσα (-20.71); βάνðα (-22.27)	8
sa-ra-me-u-na	sarameuna	γίσσα	-23.4428	γίσσα (-23.44); †=ð (-24.06); βάνðα (-25.09)	9
sa-ra-me-u-na-k	sarameunak	γίσσα	-26.2798	γίσσα (-26.28); †=ð (-27.57); †σωðαρ- (-27.58)	10
sa-ra-me-u-na-r	sarameunar	γίσσα	-26.2798	γίσσα (-26.28); †=ð (-27.57); †σωðαρ- (-27.58)	10
sa-re-j	sarej	γίσσα	-13.742	γίσσα (-13.74); *mn- (-14.59); mjze (-15.08)	5
sa-re-ja	sareja	γίσσα	-15.7621	γίσσα (-15.76); *mn- (-17.38); γέl̩α (-17.87)	6
sa-sa-r	sasar	γίσσα	-13.742	γίσσα (-13.74); γέl̩α (-15.31); †=l̩ (-15.51)	5
sa-sa-ra	sasara	γίσσα	-15.7621	γίσσα (-15.76); γέl̩α (-17.87); †=k̑ (-18.34)	6
sa-sa-ra-m	sasaram	γίσσα	-18.1288	γίσσα (-18.13); γέl̩α (-20.59); †σωðαρ- (-21.18)	7
sa-sa-ra-ma	sasarama	γίσσα	-20.7122	γίσσα (-20.71); γέl̩α (-23.42); †σωðαρ- (-23.67)	8
sa-sa-ra-ma-n	sasaraman	γίσσα	-23.4428	γίσσα (-23.44); *al- (?) (-26.13); †σωðαρ- (-26.30)	9
sa-sa-ra-ma-na	sasaramana	γίσσα	-26.2798	γίσσα (-26.28); κόον / κοῖον (-27.97); *al- (?) (-28.68)	10
sa-sa-ra-me	sasarame	γίσσα	-20.7122	γίσσα (-20.71); †=n / ɲ (-21.36); γέl̩α (-23.42)	8
sa-sa-ra-me-i	sasaramei	γίσσα	-23.4428	γίσσα (-23.44); †=n / ɲ (-24.84); *al- (?) (-26.13)	9
sa-sa-ra-me-i-t	sasarameit	γίσσα	-26.2798	γίσσα (-26.28); κόον / κοῖον (-27.97); †=n / ɲ (-28.18)	10
sa-sa-ra-me-u	sasarameu	γίσσα	-23.4428	γίσσα (-23.44); †=ð (-23.45); †=n / ɲ (-24.84)	9
sa-sa-ra-me-u-n	sasarameun	γίσσα	-26.2798	γίσσα (-26.28); †=ð (-26.96); κόον / κοῖον (-27.97)	10
sa-u-na	sauna	†=ð	-12.6639	†=ð (-12.66); γίσσα (-13.74); *kð- (-14.08)	5
sa-u-na-k	saunak	γίσσα	-15.7621	γίσσα (-15.76); †=ð (-16.16); †σωðαρ- (-16.55)	6
sa-u-na-ka	saunaka	†=l̩	-16.7976	†=l̩ (-16.80); γίσσα (-18.13); †σωðαρ- (-18.79)	7
sa-u-na-ka-n	saunakan	γέl̩α	-19.5919	γέl̩α (-19.59); †=l̩ (-19.62); γίσσα (-20.71)	8
sa-u-na-ka-na	saunakana	γέl̩α	-22.0526	γέl̩α (-22.05); †=l̩ (-22.73); ἄl̩α (-23.39)	9
se-ka-n	sekan	γέl̩α	-11.3159	γέl̩α (-11.32); ἄl̩α (-11.33); †=l̩ (-11.34)	5
se-ka-na	sekana	γέl̩α	-13.7704	γέl̩α (-13.77); ἄl̩α (-13.79); †=l̩ (-14.44)	6
se-ka-na-s	sekanas	γέl̩α	-16.5978	γέl̩α (-16.60); ἄl̩α (-16.62); †=l̩ (-17.65)	7
se-ka-na-si	sekanasi	γέl̩α	-19.5987	γέl̩α (-19.60); ἄl̩α (-19.62); γίσσα (-20.71)	8
se-ka-na-si-s	sekanasis	γέl̩α	-22.7009	γέl̩α (-22.70); ἄl̩α (-22.73); γίσσα (-23.44)	9
se-ka-na-si-si	sekanasisi	γέl̩α	-25.8696	γέl̩α (-25.87); ἄl̩α (-25.90); γίσσα (-26.28)	10
se-ra-t	serat	γίσσα	-13.742	γίσσα (-13.74); *mn- (-14.66); βάνðα (-14.95)	5
se-ra-te	serate	†=n / ɲ	-15.5985	†=n / ɲ (-15.60); γίσσα (-15.76); ml̩n (-16.87)	6
se-to-i	setoi	†=k̑	-10.9666	†=k̑ (-10.97); nɕ (-11.61); †=ʃ (-11.62)	5
se-to-i-j	setoij	†=k̑	-13.7895	†=k̑ (-13.79); =kʷ (-14.46); nɕ (-15.12)	6
se-to-i-ja	setoija	†=k̑	-16.8928	†=k̑ (-16.89); =kʷ (-17.57); γrds ? (-17.62)	7
si-i-pi	siipi	γίσσα	-13.742	γίσσα (-13.74); γέl̩α (-15.31); †=l̩ (-15.51)	5
si-i-pi-n	siipin	γίσσα	-15.7621	γίσσα (-15.76); γέl̩α (-17.87); †=k̑ (-18.34)	6
si-i-pi-na	siipina	γίσσα	-18.1288	γίσσα (-18.13); γέl̩α (-20.59); †σωðαρ- (-21.18)	7
si-i-pi-na-m	siipinam	γίσσα	-20.7122	γίσσα (-20.71); γέl̩α (-23.42); †σωðαρ- (-23.67)	8
si-i-pi-na-ma	siipinama	γίσσα	-23.4428	γίσσα (-23.44); *al- (?) (-26.13); †σωðαρ- (-26.30)	9
si-i-pi-na-ma-i	siipinamai	γίσσα	-26.2798	γίσσα (-26.28); κόον / κοῖον (-27.97); *al- (?) (-28.68)	10
si-ru-t	sirut	†=ð	-11.6186	†=ð (-11.62); γίσσα (-13.74); βάνðα (-13.84)	5
si-ru-te	sirute	†=ð	-15.1215	†=ð (-15.12); γίσσα (-15.76); βάνðα (-16.66)	6
si-ru-te-i	sirutei	γίσσα	-18.1288	γίσσα (-18.13); †=ð (-18.62); †σωðαρ- (-19.03)	7
si-ru-te-i-d	siruteid	γίσσα	-20.7122	γίσσα (-20.71); †=n / ɲ (-20.75); †σωðαρ- (-21.30)	8
si-ru-te-i-di	siruteidi	γίσσα	-23.4428	γίσσα (-23.44); *mn- (-23.78); †σωðαρ- (-23.93)	9
si-si-r	sisir	γίσσα	-13.742	γίσσα (-13.74); γέl̩α (-15.31); †=l̩ (-15.51)	5
ta-i-*301-u	taiΘu	†=ð	-10.9425	†=ð (-10.94); γίσσα (-13.74); wðwn (-13.99)	5
ta-i-*301-u-j	taiΘuj	†=ð	-14.448	†=ð (-14.45); γίσσα (-15.76); βάνðα (-16.51)	6
ta-i-*301-u-ja	taiΘuja	†=ð	-17.9525	†=ð (-17.95); γίσσα (-18.13); βάνðα (-19.33)	7
ta-i-*301-w	taiΘw	γίσσα	-13.742	γίσσα (-13.74); γέl̩α (-15.31); †=l̩ (-15.51)	5
ta-i-*301-wa	taiΘwa	γίσσα	-15.7621	γίσσα (-15.76); γέl̩α (-17.87); †=k̑ (-18.34)	6
ta-i-*301-wa-e	taiΘwae	γίσσα	-18.1288	γίσσα (-18.13); †=n / ɲ (-18.89); wðwn (-20.26)	7
ta-i-*301-wa-e-a	taiΘwaea	γίσσα	-20.7122	γίσσα (-20.71); †=n / ɲ (-22.35); γέl̩α (-23.42)	8
ta-i-*301-wa-e-a-d	taiΘwaead	γίσσα	-23.4428	γίσσα (-23.44); †=n / ɲ (-23.51); *kʷrd (-24.95)	9
ta-i-*301-wa-e-a-di	taiΘwaeadi	γίσσα	-26.2798	γίσσα (-26.28); †=n / ɲ (-26.91); *mn- (-27.10)	10
ta-i-*301-wa-j	taiΘwaj	γίσσα	-18.1288	γίσσα (-18.13); γέl̩α (-20.59); *wli/jat (-20.94)	7
ta-i-*301-wa-ja	taiΘwaja	γίσσα	-20.7122	γίσσα (-20.71); γέl̩α (-23.42); †σωðαρ- (-23.67)	8
ta-i-*301-wa-ja-a	taiΘwajaa	γίσσα	-23.4428	γίσσα (-23.44); *al- (?) (-26.13); †σωðαρ- (-26.30)	9
ta-i-*301-wa-ja-a-d	taiΘwajaad	γίσσα	-26.2798	γίσσα (-26.28); †=n / ɲ (-26.73); κόον / κοῖον (-27.97)	10
ta-i-*301-wa-ja-a-j	taiΘwajaaj	γίσσα	-26.2798	γίσσα (-26.28); κόον / κοῖον (-27.97); *al- (?) (-28.68)	10
ta-i-*301-wa-ja-j	taiΘwajaj	γίσσα	-23.4428	γίσσα (-23.44); *wli/jat (-26.10); *al- (?) (-26.13)	9
ta-i-*301-wa-ja-ja	taiΘwajaja	γίσσα	-26.2798	γίσσα (-26.28); κόον / κοῖον (-27.97); *al- (?) (-28.68)	10
ta-i-*301-wa-ja-s	taiΘwajas	γίσσα	-23.4428	γίσσα (-23.44); *al- (?) (-26.13); †σωðαρ- (-26.30)	9
ta-i-*301-wa-ja-se	taiΘwajase	γίσσα	-26.2798	γίσσα (-26.28); †=n / ɲ (-26.73); κόον / κοῖον (-27.97)	10
ta-i-*301-wa-ja-t	taiΘwajat	γίσσα	-23.4428	γίσσα (-23.44); *al- (?) (-26.13); †σωðαρ- (-26.30)	9
ta-i-*301-wa-ja-tu	taiΘwajatu	γίσσα	-26.2798	γίσσα (-26.28); †=ð (-26.71); κόον / κοῖον (-27.97)	10
ta-na-i	tanai	γίσσα	-13.742	γίσσα (-13.74); γέl̩α (-15.31); †=l̩ (-15.51)	5
ta-na-i-*301	tanaiΘ	γίσσα	-15.7621	γίσσα (-15.76); γέl̩α (-17.87); †=k̑ (-18.34)	6
ta-na-i-*301-t	tanaiΘt	γίσσα	-18.1288	γίσσα (-18.13); γέl̩α (-20.59); †σωðαρ- (-21.18)	7
ta-na-i-*301-ti	tanaiΘti	γίσσα	-20.7122	γίσσα (-20.71); γέl̩α (-23.42); †σωðαρ- (-23.67)	8
ta-na-i-*301-ti-j	tanaiΘtij	γίσσα	-23.4428	γίσσα (-23.44); *al- (?) (-26.13); †σωðαρ- (-26.30)	9
ta-na-i-*301-ti-ja	tanaiΘtija	γίσσα	-26.2798	γίσσα (-26.28); κόον / κοῖον (-27.97); *al- (?) (-28.68)	10
ta-na-i-*301-u	tanaiΘu	†=ð	-17.0529	†=ð (-17.05); γίσσα (-18.13); γέl̩α (-20.59)	7
ta-na-i-*301-u-t	tanaiΘut	†=ð	-20.5592	†=ð (-20.56); γίσσα (-20.71); βάνðα (-22.35)	8
ta-na-i-*301-u-ti	tanaiΘuti	γίσσα	-23.4428	γίσσα (-23.44); †=ð (-24.06); βάνðα (-25.18)	9
ta-na-i-*301-u-ti-n	tanaiΘutin	γίσσα	-26.2798	γίσσα (-26.28); †=ð (-27.57); †σωðαρ- (-27.58)	10
te-i-da	teida	*mn-	-11.3493	*mn- (-11.35); γίσσα (-13.74); γrds ? (-14.22)	5
te-i-da-j	teidaj	*mn-	-14.179	*mn- (-14.18); γίσσα (-15.76); γrds ? (-16.37)	6
te-i-da-ja	teidaja	*mn-	-17.2828	*mn- (-17.28); γίσσα (-18.13); γrds ? (-18.92)	7
te-i-da-ja-j	teidajaj	*mn-	-20.5009	*mn- (-20.50); γίσσα (-20.71); γrds ? (-21.70)	8
te-i-da-ja-ja	teidajaja	γίσσα	-23.4428	γίσσα (-23.44); *mn- (-23.78); γrds ? (-24.62)	9
te-i-di	teidi	*mn-	-11.3493	*mn- (-11.35); γίσσα (-13.74); γrds ? (-14.22)	5
te-re-p	terep	*mn-	-11.3493	*mn- (-11.35); γίσσα (-13.74); γrds ? (-14.22)	5
te-si-r	tesir	γίσσα	-13.742	γίσσα (-13.74); *mn- (-14.66); βάνðα (-14.95)	5
te-si-ra	tesira	γίσσα	-15.7621	γίσσα (-15.76); βάνðα (-17.40); γrds ? (-17.71)	6
te-te-r	teter	*mn-	-11.3493	*mn- (-11.35); γίσσα (-13.74); γrds ? (-14.22)	5
te-te-re	tetere	*mn-	-14.1466	*mn- (-14.15); †=n / ɲ (-15.01); γίσσα (-15.76)	6
te-te-re-p	teterep	*mn-	-16.4619	*mn- (-16.46); γίσσα (-18.13); †=n / ɲ (-18.33)	7
ti-ja-s	tijas	γίσσα	-13.742	γίσσα (-13.74); γέl̩α (-15.31); †=k̑ (-15.51)	5
ti-ja-sa	tijasa	γίσσα	-15.7621	γίσσα (-15.76); γέl̩α (-17.87); †=l̩ (-18.34)	6
ti-ja-sa-s	tijasas	γίσσα	-18.1288	γίσσα (-18.13); γέl̩α (-20.59); †σωðαρ- (-21.18)	7
ti-ja-sa-sa	tijasasa	γίσσα	-20.7122	γίσσα (-20.71); γέl̩α (-23.42); †σωðαρ- (-23.67)	8
ti-ja-sa-sa-r	tijasasar	γίσσα	-23.4428	γίσσα (-23.44); *al- (?) (-26.13); †σωðαρ- (-26.30)	9
ti-nu-i	tinui	†=ð	-11.6186	†=ð (-11.62); γίσσα (-13.74); βάνðα (-13.84)	5
ti-nu-i-n	tinuin	†=ð	-15.1215	†=ð (-15.12); γίσσα (-15.76); βάνðα (-16.66)	6
ti-nu-i-na	tinuina	γίσσα	-18.1288	γίσσα (-18.13); †=ð (-18.62); †σωðαρ- (-19.03)	7
ti-nu-i-na-i	tinuinai	γίσσα	-20.7122	γίσσα (-20.71); †σωðαρ- (-21.30); †=ð (-22.12)	8
ti-nu-i-na-i-d	tinuinaid	γίσσα	-23.4428	γίσσα (-23.44); †σωðαρ- (-23.93); †=n / ɲ (-23.98)	9
ti-nu-i-na-i-da	tinuinaida	γίσσα	-26.2798	γίσσα (-26.28); †σωðαρ- (-26.75); †=n / ɲ (-27.47)	10
ti-nu-j	tinuj	†=ð	-11.6186	†=ð (-11.62); γίσσα (-13.74); βάνðα (-13.84)	5
ti-nu-ja	tinuja	†=ð	-15.1215	†=ð (-15.12); γίσσα (-15.76); βάνðα (-16.66)	6
ti-nu-ja-s	tinujas	γίσσα	-18.1288	γίσσα (-18.13); †=ð (-18.62); †σωðαρ- (-19.03)	7
ti-nu-ja-sa	tinujasa	γίσσα	-20.7122	γίσσα (-20.71); †σωðαρ- (-21.30); †=ð (-22.12)	8
ti-nu-ja-sa-s	tinujasas	γίσσα	-23.4428	γίσσα (-23.44); †σωðαρ- (-23.93); Κβωðης (-25.47)	9
ti-nu-ja-sa-sa	tinujasasa	γίσσα	-26.2798	γίσσα (-26.28); †σωðαρ- (-26.75); κόον / κοῖον (-27.97)	10
ti-*301-wa	tiΘwa	γίσσα	-13.742	γίσσα (-13.74); γέl̩α (-15.31); †=k̑ (-15.51)	5
ti-*301-wa-j	tiΘwaj	γίσσα	-15.7621	γίσσα (-15.76); *wli/jat (-17.84); γέl̩α (-17.87)	6
ti-*301-wa-ja	tiΘwaja	γίσσα	-18.1288	γίσσα (-18.13); γέl̩α (-20.59); *wli/jat (-20.64)	7
to-i-ja	toija	=kʷ	-11.6354	=kʷ (-11.64); tjk̂ (-12.52); sfes (-12.87)	5
to-sa-r	tosar	=kʷ	-11.6354	=kʷ (-11.64); γίσσα (-13.74); †=k̑ (-13.99)	5
to-sa-re	tosare	*sb	-14.4511	*sb (-14.45); *kʷrd (-14.85); =kʷ (-14.86)	6
to-sa-re-j	tosarej	*sb	-17.956	*sb (-17.96); *kʷrd (-18.10); γίσσα (-18.13)	7
to-sa-re-ja	tosareja	γίσσα	-20.7122	γίσσα (-20.71); *kʷrd (-21.40); *sb (-21.46)	8
tu-ja-s	tujas	γίσσα	-13.742	γίσσα (-13.74); Κβωðης (-14.42); *kð- (-14.59)	5
tu-me-i	tumei	γίσσα	-13.742	γίσσα (-13.74); ðen (-14.22); smðəbrs (-14.25)	5
tu-me-i-j	tumeij	γίσσα	-15.7621	γίσσα (-15.76); †σωðαρ- (-16.80); ða (?) (-16.88)	6
tu-me-i-ja	tumeija	γίσσα	-18.1288	γίσσα (-18.13); ða (?) (-19.16); †σωðαρ- (-19.38)	7
tu-me-i-ja-s	tumeijas	γίσσα	-20.7122	γίσσα (-20.71); ða (?) (-21.67); †σωðαρ- (-22.15)	8
tu-me-i-ja-sa	tumeijasa	γίσσα	-23.4428	γίσσα (-23.44); ða (?) (-24.36); †=n / ɲ (-25.00)	9
tu-me-i-ja-sa-s	tumeijasas	γίσσα	-26.2798	γίσσα (-26.28); ða (?) (-27.16); †=n / ɲ (-27.79)	10
tu-me-i-ja-sa-u	tumeijasau	γίσσα	-26.2798	γίσσα (-26.28); †=ð (-26.71); ða (?) (-27.16)	10
tu-ru-s	turus	†=ð	-11.6059	†=ð (-11.61); *kð- (-13.70); γίσσα (-13.74)	5
tu-ru-sa	turusa	†=ð	-15.1088	†=ð (-15.11); γίσσα (-15.76); Κβωðης (-16.53)	6
tu-ru-sa-i	turusai	γίσσα	-18.1288	γίσσα (-18.13); †σωðαρ- (-18.57); †=ð (-18.61)	7
tu-ru-sa-i-d	turusaid	γίσσα	-20.7122	γίσσα (-20.71); †σωðαρ- (-21.01); †=n / ɲ (-21.36)	8
tu-ru-sa-i-da	turusaida	γίσσα	-23.4428	γίσσα (-23.44); †σωðαρ- (-23.71); ða (?) (-24.21)	9
tu-ru-sa-i-da-a	turusaidaa	γίσσα	-26.2798	γίσσα (-26.28); †σωðαρ- (-26.57); ða (?) (-26.97)	10
u-i-na-i	uinai	ða (?)	-13.4185	ða (?) (-13.42); γίσσα (-13.74); γέl̩α (-15.31)	5
u-i-na-i-d	uinaid	ða (?)	-15.6819	ða (?) (-15.68); γίσσα (-15.76); †=n / ɲ (-16.66)	6
u-i-na-i-da	uinaida	γίσσα	-18.1288	γίσσα (-18.13); ða (?) (-18.19); †=n / ɲ (-20.08)	7
u-i-na-i-da-j	uinaidaj	γίσσα	-20.7122	γίσσα (-20.71); ða (?) (-20.87); †=n / ɲ (-23.05)	8
u-i-na-i-da-ja	uinaidaja	γίσσα	-23.4428	γίσσα (-23.44); ða (?) (-23.67); †=n / ɲ (-25.57)	9
u-i-na-i-da-ja-s	uinaidajas	γίσσα	-26.2798	γίσσα (-26.28); ða (?) (-26.56); κόον / κοῖον (-27.97)	10
u-ja-sa	ujasa	ða (?)	-13.4185	ða (?) (-13.42); γίσσα (-13.74); γέl̩α (-15.31)	5
u-ja-sa-s	ujasas	ða (?)	-15.6819	ða (?) (-15.68); γίσσα (-15.76); γέl̩α (-17.87)	6
u-ja-sa-sa	ujasasa	γίσσα	-18.1288	γίσσα (-18.13); ða (?) (-18.19); γέl̩α (-20.59)	7
u-ja-sa-sa-r	ujasasar	γίσσα	-20.7122	γίσσα (-20.71); ða (?) (-20.87); γέl̩α (-23.42)	8
u-ja-sa-sa-ra	ujasasara	γίσσα	-23.4428	γίσσα (-23.44); ða (?) (-23.67); *al- (?) (-26.13)	9
u-ja-sa-sa-ra-m	ujasasaram	γίσσα	-26.2798	γίσσα (-26.28); ða (?) (-26.56); κόον / κοῖον (-27.97)	10
u-ka-na	ukana	ἄl̩α	-10.9654	ἄl̩α (-10.97); γέl̩α (-13.40); ða (?) (-13.42)	5
u-ka-na-s	ukanas	ἄl̩α	-13.7944	ἄl̩α (-13.79); ða (?) (-15.68); γίσσα (-15.76)	6
u-me-i-j	umeij	ða (?)	-13.4185	ða (?) (-13.42); γίσσα (-13.74); ðen (-14.19)	5
u-me-i-ja	umeija	ða (?)	-15.6819	ða (?) (-15.68); γίσσα (-15.76); *mn- (-17.40)	6
u-me-i-ja-s	umeijas	γίσσα	-18.1288	γίσσα (-18.13); ða (?) (-18.19); †=n / ɲ (-19.92)	7
u-me-i-ja-sa	umeijasa	γίσσα	-20.7122	γίσσα (-20.71); ða (?) (-20.87); †=n / ɲ (-22.54)	8
u-me-i-ja-sa-s	umeijasas	γίσσα	-23.4428	γίσσα (-23.44); ða (?) (-23.67); †=n / ɲ (-25.33)	9
u-me-i-ja-sa-sa	umeijasasa	γίσσα	-26.2798	γίσσα (-26.28); ða (?) (-26.56); κόον / κοῖον (-27.97)	10
u-me-i-ja-sa-u	umeijasau	γίσσα	-23.4428	γίσσα (-23.44); †=ð (-23.45); ða (?) (-23.67)	9
u-me-i-ja-sa-u-n	umeijasaun	βάνðα	-24.8855	βάνðα (-24.89); γίσσα (-26.28); ða (?) (-26.56)	10
u-na-ka	unaka	†=l̩	-10.9666	†=l̩ (-10.97); γέl̩α (-13.24); ða (?) (-13.42)	5
u-na-ka-n	unakan	γέl̩α	-13.7654	γέl̩α (-13.77); †=l̩ (-13.79); ἄl̩α (-14.43)	6
u-na-ka-na	unakana	γέl̩α	-16.2219	γέl̩α (-16.22); ἄl̩α (-16.89); †=l̩ (-16.89)	7
u-na-ka-na-s	unakanas	γέl̩α	-19.0513	γέl̩α (-19.05); ἄl̩α (-19.72); †=l̩ (-20.11)	8
u-na-ka-na-si	unakanasi	γέl̩α	-22.0545	γέl̩α (-22.05); ἄl̩α (-22.73); †=l̩ (-23.39)	9
u-na-ru	unaru	†=ð	-10.9425	†=ð (-10.94); ða (?) (-13.42); γίσσα (-13.74)	5
u-na-ru-k	unaruk	†=ð	-14.448	†=ð (-14.45); ða (?) (-15.68); γίσσα (-15.76)	6
u-na-ru-ka	unaruka	†=l̩	-16.7976	†=l̩ (-16.80); †=ð (-17.95); γίσσα (-18.13)	7
u-na-ru-ka-n	unarukan	γέl̩α	-19.5919	γέl̩α (-19.59); †=l̩ (-19.62); γίσσα (-20.71)	8
u-na-ru-ka-na	unarukana	γέl̩α	-22.0526	γέl̩α (-22.05); †=l̩ (-22.73); ἄl̩α (-23.39)	9
u-na-ru-ka-na-s	unarukanas	γέl̩α	-24.8838	γέl̩α (-24.88); †=l̩ (-25.95); ἄl̩α (-26.23)	10
u-ru-sa	urusa	†=ð	-12.6637	†=ð (-12.66); ða (?) (-13.40); γίσσα (-13.74)	5
u-ru-sa-i	urusai	ða (?)	-15.6285	ða (?) (-15.63); γίσσα (-15.76); †=ð (-16.16)	6
u-ru-sa-i-d	urusaid	ða (?)	-18.0943	ða (?) (-18.09); γίσσα (-18.13); †σωðαρ- (-18.79)	7
u-ru-sa-i-da	urusaida	γίσσα	-20.7122	γίσσα (-20.71); ða (?) (-20.73); †σωðαρ- (-21.41)	8
u-ru-sa-i-da-a	urusaidaa	γίσσα	-23.4428	γίσσα (-23.44); ða (?) (-23.48); †σωðαρ- (-24.22)	9
u-ru-sa-i-da-a-u	urusaidaau	γίσσα	-26.2798	γίσσα (-26.28); ða (?) (-26.33); †=ð (-26.68)	10
u-sa-i-d	usaid	ða (?)	-13.4185	ða (?) (-13.42); ðen (-13.60); γίσσα (-13.74)	5
u-sa-i-da	usaida	ða (?)	-15.6819	ða (?) (-15.68); γίσσα (-15.76); ðen (-17.08)	6
u-sa-i-da-a	usaidaa	γίσσα	-18.1288	γίσσα (-18.13); ða (?) (-18.19); *mn- (-20.50)	7
u-sa-i-da-a-u	usaidaau	†=ð	-20.2271	†=ð (-20.23); γίσσα (-20.71); ða (?) (-20.87)	8
u-te-i-d	uteid	†=n / ɲ	-13.1643	†=n / ɲ (-13.16); ðen (-13.23); ðbikrm (-13.41)	5
u-te-i-di	uteidi	*mn-	-14.1777	*mn- (-14.18); ða (?) (-15.68); γίσσα (-15.76)	6
u-ti-nu	utinu	†=ð	-10.9425	†=ð (-10.94); ða (?) (-13.42); γίσσα (-13.74)	5
u-ti-nu-i	utinui	†=ð	-14.448	†=ð (-14.45); ða (?) (-15.68); γίσσα (-15.76)	6
u-ti-nu-i-n	utinuin	†=ð	-17.9525	†=ð (-17.95); γίσσα (-18.13); ða (?) (-18.19)	7
u-ti-nu-i-na	utinuina	γίσσα	-20.7122	γίσσα (-20.71); ða (?) (-20.86); †=ð (-21.46)	8
u-ti-nu-i-na-i	utinuinai	γίσσα	-23.4428	γίσσα (-23.44); ða (?) (-23.65); †σωðαρ- (-24.04)	9
u-ti-nu-i-na-i-d	utinuinaid	γίσσα	-26.2798	γίσσα (-26.28); ða (?) (-26.52); †σωðαρ- (-26.68)	10
u-ti-nu-j	utinuj	†=ð	-14.448	†=ð (-14.45); ða (?) (-15.68); γίσσα (-15.76)	6
u-ti-nu-ja	utinuja	†=ð	-17.9525	†=ð (-17.95); γίσσα (-18.13); ða (?) (-18.19)	7
u-ti-nu-ja-s	utinujas	γίσσα	-20.7122	γίσσα (-20.71); ða (?) (-20.86); †=ð (-21.46)	8
u-ti-nu-ja-sa	utinujasa	γίσσα	-23.4428	γίσσα (-23.44); ða (?) (-23.65); †σωðαρ- (-24.04)	9
u-ti-nu-ja-sa-s	utinujasas	γίσσα	-26.2798	γίσσα (-26.28); ða (?) (-26.52); †σωðαρ- (-26.68)	10
u-*56-e-tu	uΦetu	*mn-	-10.6952	*mn- (-10.70); †=ð (-10.94); γrds ? (-13.07)	5
u-*56-e-tu-m	uΦetum	βάνðα	-13.0359	βάνðα (-13.04); *mn- (-13.80); †=ð (-14.45)	6
u-*56-e-tu-me	uΦetume	βάνðα	-15.8549	βάνðα (-15.85); †=n / ɲ (-16.06); *mn- (-17.00)	7
u-*56-e-tu-me-i	uΦetumei	βάνðα	-18.9524	βάνðα (-18.95); †=n / ɲ (-19.54); *mn- (-19.83)	8
u-*56-e-tu-me-i-j	uΦetumeij	βάνðα	-22.1631	βάνðα (-22.16); *mn- (-22.94); †=n / ɲ (-22.97)	9
u-*56-e-tu-me-i-ja	uΦetumeija	βάνðα	-25.4344	βάνðα (-25.43); *mn- (-26.16); Κβωðης (-26.27)	10
wa-e-a-d	waead	†=n / ɲ	-13.1643	†=n / ɲ (-13.16); *kʷrd (-13.71); γίσσα (-13.74)	5
wa-e-a-di	waeadi	*mn-	-14.1777	*mn- (-14.18); γίσσα (-15.76); †=n / ɲ (-16.37)	6
wa-e-a-di-k	waeadik	*mn-	-17.0096	*mn- (-17.01); γίσσα (-18.13); †=n / ɲ (-19.20)	7
wa-e-a-di-ki	waeadiki	†=l̩	-19.903	†=l̩ (-19.90); *mn- (-20.12); †ɲmail̩ (-20.44)	8
wa-e-a-di-ki-t	waeadikit	γέl̩α	-22.6938	γέl̩α (-22.69); †=l̩ (-22.73); †ɲmail̩ (-23.26)	9
wa-e-a-di-ki-te	waeadikite	†=n / ɲ	-23.133	†=n / ɲ (-23.13); ml̩n (-24.70); γέl̩α (-25.16)	10
wa-i-ja	waija	γίσσα	-13.742	γίσσα (-13.74); γέl̩α (-15.31); †=k̑ (-15.51)	5
wa-ja-a	wajaa	γίσσα	-13.742	γίσσα (-13.74); γέl̩α (-15.31); †=k̑ (-15.51)	5
wa-ja-a-d	wajaad	γίσσα	-15.7621	γίσσα (-15.76); *jnem (-15.84); †=n / ɲ (-16.66)	6
wa-ja-a-di	wajaadi	γίσσα	-18.1288	γίσσα (-18.13); *jnem (-19.12); *jbrs (-19.94)	7
wa-ja-a-di-k	wajaadik	γίσσα	-20.7122	γίσσα (-20.71); pjdl (-20.98); *jnem (-22.44)	8
wa-ja-a-di-ki	wajaadiki	†=l̩	-23.0758	†=l̩ (-23.08); γίσσα (-23.44); pjdl (-24.48)	9
wa-ja-a-di-ki-t	wajaadikit	γέl̩α	-25.8624	γέl̩α (-25.86); †=l̩ (-25.90); γίσσα (-26.28)	10
wa-ja-a-j	wajaaj	γίσσα	-15.7621	γίσσα (-15.76); γέl̩α (-17.87); †=k̑ (-18.34)	6
wa-ja-a-ja	wajaaja	γίσσα	-18.1288	γίσσα (-18.13); γέl̩α (-20.59); †σωðαρ- (-21.18)	7
wa-ja-j	wajaj	γίσσα	-13.742	γίσσα (-13.74); γέl̩α (-15.31); †=l̩ (-15.51)	5
wa-ja-ja	wajaja	γίσσα	-15.7621	γίσσα (-15.76); γέl̩α (-17.87); †=k̑ (-18.34)	6
wa-ja-ja-a	wajajaa	γίσσα	-18.1288	γίσσα (-18.13); γέl̩α (-20.59); †σωðαρ- (-21.18)	7
wa-ja-ja-d	wajajad	γίσσα	-18.1288	γίσσα (-18.13); *jnem (-18.35); †=n / ɲ (-18.89)	7
wa-ja-ja-di	wajajadi	γίσσα	-20.7122	γίσσα (-20.71); *jnem (-21.61); †=n / ɲ (-22.35)	8
wa-ja-ja-di-k	wajajadik	γίσσα	-23.4428	γίσσα (-23.44); pjdl (-23.53); *jnem (-24.92)	9
wa-ja-ja-di-ki	wajajadiki	γίσσα	-26.2798	γίσσα (-26.28); †=l̩ (-26.30); pjdl (-27.04)	10
wa-ja-ja-i	wajajai	γίσσα	-18.1288	γίσσα (-18.13); γέl̩α (-20.59); †σωðαρ- (-21.18)	7
wa-ja-ja-i-n	wajajain	γίσσα	-20.7122	γίσσα (-20.71); γέl̩α (-23.42); †σωðαρ- (-23.67)	8
wa-ja-ja-i-n-w	wajajainw	γίσσα	-23.4428	γίσσα (-23.44); *al- (?) (-26.13); †σωðαρ- (-26.30)	9
wa-ja-ja-i-nwa	wajajainwa	γίσσα	-26.2798	γίσσα (-26.28); κόον / κοῖον (-27.97); *al- (?) (-28.68)	10
wa-ja-ja-j	wajajaj	γίσσα	-18.1288	γίσσα (-18.13); γέl̩α (-20.59); †σωðαρ- (-21.18)	7
wa-ja-ja-ja	wajajaja	γίσσα	-20.7122	γίσσα (-20.71); γέl̩α (-23.42); †σωðαρ- (-23.67)	8
wa-ja-ja-s	wajajas	γίσσα	-18.1288	γίσσα (-18.13); γέl̩α (-20.59); †σωðαρ- (-21.18)	7
wa-ja-ja-sa	wajajasa	γίσσα	-20.7122	γίσσα (-20.71); γέl̩α (-23.42); †σωðαρ- (-23.67)	8
wa-ja-ja-sa-s	wajajasas	γίσσα	-23.4428	γίσσα (-23.44); *al- (?) (-26.13); †σωðαρ- (-26.30)	9
wa-ja-ja-sa-sa	wajajasasa	γίσσα	-26.2798	γίσσα (-26.28); κόον / κοῖον (-27.97); *al- (?) (-28.68)	10
wa-ja-s	wajas	γίσσα	-13.742	γίσσα (-13.74); γέl̩α (-15.31); †=k̑ (-15.51)	5
wa-ja-se	wajase	γίσσα	-15.7621	γίσσα (-15.76); *jnem (-15.84); †=n / ɲ (-16.66)	6
wa-ja-se-k	wajasek	pjdl	-17.4723	pjdl (-17.47); γίσσα (-18.13); *jnem (-19.12)	7
wa-ja-se-ka	wajaseka	†=l̩	-19.903	†=l̩ (-19.90); γίσσα (-20.71); pjdl (-20.98)	8
wa-ja-se-ka-n	wajasekan	γέl̩α	-22.6938	γέl̩α (-22.69); †=l̩ (-22.73); γίσσα (-23.44)	9
wa-ja-se-ka-na	wajasekana	γέl̩α	-25.1573	γέl̩α (-25.16); †=l̩ (-25.83); γίσσα (-26.28)	10
wa-ja-t	wajat	γίσσα	-13.742	γίσσα (-13.74); γέl̩α (-15.31); †=k̑ (-15.51)	5
wa-ja-tu	wajatu	†=ð	-13.9464	†=ð (-13.95); γίσσα (-15.76); γέl̩α (-17.87)	6
wa-ja-tu-r	wajatur	†=ð	-17.4524	†=ð (-17.45); γίσσα (-18.13); βάνðα (-19.37)	7
wa-ja-tu-ru	wajaturu	†=ð	-19.8369	†=ð (-19.84); γίσσα (-20.71); βάνðα (-22.17)	8
wa-ja-tu-ru-s	wajaturus	†=ð	-23.3439	†=ð (-23.34); γίσσα (-23.44); †σωðαρ- (-24.59)	9
wa-ja-tu-ru-sa	wajaturusa	γίσσα	-26.2798	γίσσα (-26.28); †=ð (-26.85); †σωðαρ- (-26.89)	10
wa-za-*56	wazaΦ	*ar	-10.2741	*ar (-10.27); en (-11.61); an (-11.61)	5
wa-za-*56-n	wazaΦn	*ur°	-13.1185	*ur° (-13.12); *ar (-13.78); eb- (-14.45)	6
wa-za-*56-ni	wazaΦni	*ur°	-15.9462	*ur° (-15.95); eb- (-17.28); *ar (-17.28)	7
za-*56-ni	zaΦni	eb-	-10.2682	eb- (-10.27); an (-11.61); en (-11.61)	5
*301-ti-ja	Θtija	γίσσα	-13.742	γίσσα (-13.74); γέl̩α (-15.31); †=k̑ (-15.51)	5
*301-ti-ja-s	Θtijas	γίσσα	-15.7621	γίσσα (-15.76); γέl̩α (-17.87); †=l̩ (-18.34)	6
*301-ti-ja-sa	Θtijasa	γίσσα	-18.1288	γίσσα (-18.13); γέl̩α (-20.59); †σωðαρ- (-21.18)	7
*301-ti-ja-sa-s	Θtijasas	γίσσα	-20.7122	γίσσα (-20.71); γέl̩α (-23.42); †σωðαρ- (-23.67)	8
*301-ti-ja-sa-sa	Θtijasasa	γίσσα	-23.4428	γίσσα (-23.44); *al- (?) (-26.13); †σωðαρ- (-26.30)	9
*301-ti-ja-sa-sa-r	Θtijasasar	γίσσα	-26.2798	γίσσα (-26.28); κόον / κοῖον (-27.97); *al- (?) (-28.68)	10
*301-u-ti-n	Θutin	wðwn	-12.5656	wðwn (-12.57); γίσσα (-13.74); Κβωðης (-14.42)	5
*301-u-ti-nu	Θutinu	†=ð	-13.9425	†=ð (-13.94); wðwn (-15.66); γίσσα (-15.76)	6
*301-u-ti-nu-j	Θutinuj	†=ð	-17.4484	†=ð (-17.45); γίσσα (-18.13); wðwn (-18.87)	7
*301-u-ti-nu-ja	Θutinuja	γίσσα	-20.7122	γίσσα (-20.71); †=ð (-20.95); ða (?) (-21.67)	8
*301-u-ti-nu-ja-s	Θutinujas	γίσσα	-23.4428	γίσσα (-23.44); †σωðαρ- (-24.23); ða (?) (-24.35)	9
*301-u-ti-nu-ja-sa	Θutinujasa	γίσσα	-26.2798	γίσσα (-26.28); †σωðαρ- (-26.73); ða (?) (-27.13)	10
*301-wa-e-a	Θwaea	γίσσα	-13.742	γίσσα (-13.74); wðwn (-13.93); wbt (-14.21)	5
*301-wa-e-a-d	Θwaead	†=n / ɲ	-15.4626	†=n / ɲ (-15.46); γίσσα (-15.76); *kʷrd (-16.22)	6
*301-wa-e-a-di	Θwaeadi	*mn-	-17.2811	*mn- (-17.28); γίσσα (-18.13); †=n / ɲ (-18.71)	7
*301-wa-e-a-di-k	Θwaeadik	*mn-	-20.1147	*mn- (-20.11); γίσσα (-20.71); †=n / ɲ (-21.67)	8
*301-wa-e-a-di-ki	Θwaeadiki	†=l̩	-23.0758	†=l̩ (-23.08); *mn- (-23.22); γίσσα (-23.44)	9
*301-wa-e-a-di-ki-t	Θwaeadikit	γέl̩α	-25.8624	γέl̩α (-25.86); †=l̩ (-25.90); γίσσα (-26.28)	10
*301-wa-ja	Θwaja	γίσσα	-13.742	γίσσα (-13.74); γέl̩α (-15.31); †=l̩ (-15.51)	5
*301-wa-ja-a	Θwajaa	γίσσα	-15.7621	γίσσα (-15.76); γέl̩α (-17.87); †=l̩ (-18.34)	6
*301-wa-ja-a-d	Θwajaad	γίσσα	-18.1288	γίσσα (-18.13); †=n / ɲ (-18.89); *jnem (-18.95)	7
*301-wa-ja-a-di	Θwajaadi	γίσσα	-20.7122	γίσσα (-20.71); *jnem (-22.23); †=n / ɲ (-22.35)	8
*301-wa-ja-a-di-k	Θwajaadik	γίσσα	-23.4428	γίσσα (-23.44); pjdl (-24.20); *jnem (-25.55)	9
*301-wa-ja-a-di-ki	Θwajaadiki	γίσσα	-26.2798	γίσσα (-26.28); †=l̩ (-26.30); pjdl (-27.71)	10
*301-wa-ja-a-j	Θwajaaj	γίσσα	-18.1288	γίσσα (-18.13); γέl̩α (-20.59); †σωðαρ- (-21.18)	7
*301-wa-ja-a-ja	Θwajaaja	γίσσα	-20.7122	γίσσα (-20.71); γέl̩α (-23.42); †σωðαρ- (-23.67)	8
*301-wa-ja-j	Θwajaj	γίσσα	-15.7621	γίσσα (-15.76); γέl̩α (-17.87); †=l̩ (-18.34)	6
*301-wa-ja-ja	Θwajaja	γίσσα	-18.1288	γίσσα (-18.13); γέl̩α (-20.59); †σωðαρ- (-21.18)	7
*301-wa-ja-ja-a	Θwajajaa	γίσσα	-20.7122	γίσσα (-20.71); γέl̩α (-23.42); †σωðαρ- (-23.67)	8
*301-wa-ja-ja-d	Θwajajad	γίσσα	-20.7122	γίσσα (-20.71); †=n / ɲ (-21.36); *jnem (-21.55)	8
*301-wa-ja-ja-di	Θwajajadi	γίσσα	-23.4428	γίσσα (-23.44); *jnem (-24.81); †=n / ɲ (-24.84)	9
*301-wa-ja-ja-di-k	Θwajajadik	γίσσα	-26.2798	γίσσα (-26.28); pjdl (-26.82); κόον / κοῖον (-27.97)	10
*301-wa-ja-ja-i	Θwajajai	γίσσα	-20.7122	γίσσα (-20.71); γέl̩α (-23.42); †σωðαρ- (-23.67)	8
*301-wa-ja-ja-i-n	Θwajajain	γίσσα	-23.4428	γίσσα (-23.44); *al- (?) (-26.13); †σωðαρ- (-26.30)	9
*301-wa-ja-ja-i-n-w	Θwajajainw	γίσσα	-26.2798	γίσσα (-26.28); κόον / κοῖον (-27.97); *al- (?) (-28.68)	10
*301-wa-ja-ja-j	Θwajajaj	γίσσα	-20.7122	γίσσα (-20.71); γέl̩α (-23.42); †σωðαρ- (-23.67)	8
*301-wa-ja-ja-ja	Θwajajaja	γίσσα	-23.4428	γίσσα (-23.44); *al- (?) (-26.13); †σωðαρ- (-26.30)	9
*301-wa-ja-ja-s	Θwajajas	γίσσα	-20.7122	γίσσα (-20.71); γέl̩α (-23.42); †σωðαρ- (-23.67)	8
*301-wa-ja-ja-sa	Θwajajasa	γίσσα	-23.4428	γίσσα (-23.44); *al- (?) (-26.13); †σωðαρ- (-26.30)	9
*301-wa-ja-ja-sa-s	Θwajajasas	γίσσα	-26.2798	γίσσα (-26.28); κόον / κοῖον (-27.97); *al- (?) (-28.68)	10
*301-wa-ja-s	Θwajas	γίσσα	-15.7621	γίσσα (-15.76); γέl̩α (-17.87); †=l̩ (-18.34)	6
*301-wa-ja-se	Θwajase	γίσσα	-18.1288	γίσσα (-18.13); †=n / ɲ (-18.89); *jnem (-18.95)	7
*301-wa-ja-se-k	Θwajasek	pjdl	-20.6975	pjdl (-20.70); γίσσα (-20.71); *jnem (-22.23)	8
*301-wa-ja-se-ka	Θwajaseka	†=l̩	-23.0758	†=l̩ (-23.08); γίσσα (-23.44); pjdl (-24.20)	9
*301-wa-ja-se-ka-n	Θwajasekan	γέl̩α	-25.8624	γέl̩α (-25.86); †=l̩ (-25.90); γίσσα (-26.28)	10
*301-wa-ja-t	Θwajat	γίσσα	-15.7621	γίσσα (-15.76); γέl̩α (-17.87); †=l̩ (-18.34)	6
*301-wa-ja-tu	Θwajatu	†=ð	-17.0529	†=ð (-17.05); γίσσα (-18.13); γέl̩α (-20.59)	7
*301-wa-ja-tu-r	Θwajatur	†=ð	-20.5592	†=ð (-20.56); γίσσα (-20.71); βάνðα (-22.35)	8
*301-wa-ja-tu-ru	Θwajaturu	†=ð	-23.0202	†=ð (-23.02); γίσσα (-23.44); βάνðα (-25.16)	9
*301-wa-ja-tu-ru-s	Θwajaturus	γίσσα	-26.2798	γίσσα (-26.28); †=ð (-26.53); †σωðαρ- (-27.56)	10
*56-e-tu-m	Φetum	βάνðα	-9.5456	βάνðα (-9.55); †=ð (-11.62); †bið- (-12.79)	5
*56-e-tu-me	Φetume	βάνðα	-12.3645	βάνðα (-12.36); dəbr (-14.60); smðəbrs (-14.96)	6
*56-e-tu-me-i	Φetumei	βάνðα	-15.4619	βάνðα (-15.46); dəbr (-17.74); smðəbrs (-17.76)	7
*56-e-tu-me-i-j	Φetumeij	βάνðα	-18.6724	βάνðα (-18.67); γίσσα (-20.71); smðəbrs (-20.84)	8
*56-e-tu-me-i-ja	Φetumeija	βάνðα	-21.9435	βάνðα (-21.94); γίσσα (-23.44); Κβωðης (-23.86)	9
*56-e-tu-me-i-ja-s	Φetumeijas	βάνðα	-25.2514	βάνðα (-25.25); γίσσα (-26.28); †σωðαρ- (-26.75)	10
a-di-ki-te	adikite	ml̩n	-14.867	ml̩n (-14.87); γέl̩α (-16.22); ἄl̩α (-16.89)	7
a-di-ki-te-te	adikitete	ml̩n	-20.7898	ml̩n (-20.79); γέl̩α (-22.05); lrTɲ (-22.51)	9
a-na-ti-*301-wa-ja	anatiΘwaja	γίσσα	-26.2798	γίσσα (-26.28); κόον / κοῖον (-27.97); *al- (?) (-28.68)	10
a-sa-sa-ra	asasara	γίσσα	-18.1288	γίσσα (-18.13); γέl̩α (-20.59); †σωðαρ- (-21.18)	7
a-ta-i-*301-wa-e	ataiΘwae	γίσσα	-20.7122	γίσσα (-20.71); †=n / ɲ (-21.36); γέl̩α (-23.42)	8
a-ta-i-*301-wa-ja	ataiΘwaja	γίσσα	-23.4428	γίσσα (-23.44); *al- (?) (-26.13); †σωðαρ- (-26.30)	9
da-ma-te	damate	dəbr	-14.7042	dəbr (-14.70); γίσσα (-15.76); ml̩n (-16.47)	6
da-se-ra-te	daserate	†=n / ɲ	-18.6248	†=n / ɲ (-18.62); γίσσα (-20.71); βάνðα (-22.24)	8
i-ja-re-di-ja	ijaredija	*mn-	-22.9474	*mn- (-22.95); γίσσα (-23.44); *jbrs (-24.48)	9
i-na-i-da	inaida	γίσσα	-15.7621	γίσσα (-15.76); *mn- (-17.69); γέl̩α (-17.87)	6
i-na-ja-re-ta	inajareta	γίσσα	-23.4428	γίσσα (-23.44); *jnem (-25.55); †=n / ɲ (-25.58)	9
i-pi-na-ma	ipinama	γίσσα	-18.1288	γίσσα (-18.13); γέl̩α (-20.59); †σωðαρ- (-21.18)	7
ja-di-ki-tu	jadikitu	γέl̩α	-19.05	γέl̩α (-19.05); †=l̩ (-19.72); ἄl̩α (-20.11)	8
ja-i-nwa-za	jainwaza	γίσσα	-20.7122	γίσσα (-20.71); jzpe (-22.65); jrdso[-]i (-22.78)	8
ja-sa-sa	jasasa	γίσσα	-15.7621	γίσσα (-15.76); γέl̩α (-17.87); †=k̑ (-18.34)	6
ja-sa-sa-ra	jasasara	γίσσα	-20.7122	γίσσα (-20.71); γέl̩α (-23.42); †σωðαρ- (-23.67)	8
ja-sa-sa-ra-ma	jasasarama	γίσσα	-26.2798	γίσσα (-26.28); κόον / κοῖον (-27.97); *al- (?) (-28.68)	10
ja-sa-sa-ra-me	jasasarame	γίσσα	-26.2798	γίσσα (-26.28); †=n / ɲ (-26.73); κόον / κοῖον (-27.97)	10
ja-sa-u-na-ka-na-si	jasaunakanasi	κόον / κοῖον	-33.4872	κόον / κοῖον (-33.49); γέl̩α (-34.17); γίσσα (-35.21)	13
ja-ta-i-*301-u-ja	jataiΘuja	γίσσα	-23.4428	γίσσα (-23.44); †=ð (-24.06); βάνðα (-25.18)	9
ja-wa-*56	jawaΦ	jsm	-13.5994	jsm (-13.60); γίσσα (-13.74); †=km (-14.50)	5
pi-te-ri	piteri	γίσσα	-15.7621	γίσσα (-15.76); *mn- (-17.38); γέl̩α (-17.87)	6
re-i-ke	reike	†=l̩	-10.9666	†=l̩ (-10.97); ml̩n (-12.21); γέl̩α (-13.24)	5
ri-da-u	ridau	†=ð	-10.9425	†=ð (-10.94); γίσσα (-13.74); *mn- (-14.39)	5
sa-ra-me	sarame	γίσσα	-15.7621	γίσσα (-15.76); †=n / ɲ (-16.66); †=km (-17.41)	6
sa-sa-ra-me	sasarame	γίσσα	-20.7122	γίσσα (-20.71); †=n / ɲ (-21.36); γέl̩α (-23.42)	8
se-ka-na-si	sekanasi	γέl̩α	-19.5987	γέl̩α (-19.60); ἄl̩α (-19.62); γίσσα (-20.71)	8
se-to-i-ja	setoija	†=k̑	-16.8928	†=k̑ (-16.89); =kʷ (-17.57); γrds ? (-17.62)	7
si-ru-te	sirute	†=ð	-15.1215	†=ð (-15.12); γίσσα (-15.76); βάνðα (-16.66)	6
ta-na-i-*301-ti	tanaiΘti	γίσσα	-20.7122	γίσσα (-20.71); γέl̩α (-23.42); †σωðαρ- (-23.67)	8
ta-na-i-*301-u-ti-nu	tanaiΘutinu	γίσσα	-29.1973	γίσσα (-29.20); κόον / κοῖον (-29.67); †=ð (-29.70)	11
ta-na-ra-te-u-ti-nu	tanarateutinu	κόον / κοῖον	-33.4872	κόον / κοῖον (-33.49); γίσσα (-35.21); †σωðαρ- (-36.08)	13
tu-me-i	tumei	γίσσα	-13.742	γίσσα (-13.74); ðen (-14.22); smðəbrs (-14.25)	5
tu-ru-sa	turusa	†=ð	-15.1088	†=ð (-15.11); γίσσα (-15.76); Κβωðης (-16.53)	6
u-na-ka	unaka	†=l̩	-10.9666	†=l̩ (-10.97); γέl̩α (-13.24); ða (?) (-13.42)	5
u-na-ka-na	unakana	γέl̩α	-16.2219	γέl̩α (-16.22); ἄl̩α (-16.89); †=l̩ (-16.89)	7
u-na-ka-na-si	unakanasi	γέl̩α	-22.0545	γέl̩α (-22.05); ἄl̩α (-22.73); †=l̩ (-23.39)	9
u-na-ru-ka-ja-si	unarukajasi	γέl̩α	-27.8885	γέl̩α (-27.89); γίσσα (-29.20); ἄl̩α (-29.23)	11
u-na-ru-ka-na-si	unarukanasi	γέl̩α	-27.8885	γέl̩α (-27.89); γίσσα (-29.20); ἄl̩α (-29.23)	11
u-na-ru-ka-na-ti	unarukanati	γέl̩α	-27.8885	γέl̩α (-27.89); γίσσα (-29.20); ἄl̩α (-29.23)	11
u-ti-nu	utinu	†=ð	-10.9425	†=ð (-10.94); ða (?) (-13.42); γίσσα (-13.74)	5
*56-ni-wi	Φniwi	γίσσα	-13.742	γίσσα (-13.74); βάνðα (-13.91); γέl̩α (-15.31)	5
