linear_a_signs	linear_a_ipa	matched_word	score	top3_matches	ipa_length
a-a-di-k	aadik	po	-9.8249	po (-9.82); paːʈu (-10.43); aʈʈu (-10.48)	5
a-a-di-ki	aadiki	poːr	-12.689	poːr (-12.69); pokaj (-13.27); po (-13.33)	6
a-a-di-ki-t	aadikit	puli	-16.022	puli (-16.02); pula (-16.02); ajja (-16.08)	7
a-a-di-ki-te	aadikite	put̪a-	-16.5818	put̪a- (-16.58); pera- (-17.70); putʃa- (-18.72)	8
a-a-di-ki-te-s	aadikites	put̪a-	-19.4052	put̪a- (-19.41); pera- (-20.53); putʃa- (-21.54)	9
a-a-di-ki-te-si	aadikitesi	paːraj	-20.5645	paːraj (-20.56); poːr (-21.82); piːr (-22.50)	10
a-da-da	adada	poʈʈ-	-11.6185	poʈʈ- (-11.62); putʃ (-11.89); patʃ- (-11.92)	5
a-da-da-u	adadau	poʈʈ-	-12.476	poʈʈ- (-12.48); patʃ- (-14.35); pitʃtʃ- (-15.17)	6
a-da-da-u-t	adadaut	peʈʈi	-13.1782	peʈʈi (-13.18); poʈʈ- (-15.33); appa (-15.88)	7
a-da-da-u-ti	adadauti	muːʈʈaj	-16.6616	muːʈʈaj (-16.66); peʈʈi (-16.69); paːʈa- (-17.21)	8
a-da-da-u-ti-n	adadautin	paːʈa-	-20.0358	paːʈa- (-20.04); muːʈʈaj (-20.17); peʈʈi (-20.19)	9
a-da-da-u-ti-nu	adadautinu	paːʈa-	-23.135	paːʈa- (-23.14); muːʈʈaj (-23.68); peʈʈi (-23.70)	10
a-da-u-t	adaut	peʈʈi	-9.6952	peʈʈi (-9.70); appa (-10.45); poʈʈ- (-11.87)	5
a-da-u-ti	adauti	paːʈa-	-11.9719	paːʈa- (-11.97); -aj (-12.00); -ar (-12.00)	6
a-da-u-ti-n	adautin	paːʈa-	-14.7809	paːʈa- (-14.78); pera- (-15.34); putʃa- (-15.45)	7
a-da-u-ti-nu	adautinu	paːʈa-	-17.8613	paːʈa- (-17.86); pera- (-18.08); tʃir- (-18.29)	8
a-da-u-ti-nu-i	adautinui	piːr	-18.5965	piːr (-18.60); paːraj (-20.66); pera- (-20.98)	9
a-da-u-ti-nu-i-n	adautinuin	piːr	-22.103	piːr (-22.10); paːraj (-23.94); pera- (-23.97)	10
a-da-wa	adawa	poʈʈ-	-11.6185	poʈʈ- (-11.62); putʃ (-11.89); patʃ- (-11.92)	5
a-da-wa-i	adawai	poʈʈ-	-12.476	poʈʈ- (-12.48); piːr (-14.00); poːr (-14.00)	6
a-da-wa-i-j	adawaij	poʈʈ-	-15.3253	poʈʈ- (-15.33); patʃ- (-17.35); piːr (-17.50)	7
a-da-wa-i-ja	adawaija	poʈʈ-	-18.4185	poʈʈ- (-18.42); patʃ- (-20.51); piːr (-21.01)	8
a-di-ki	adiki	poːr	-9.9832	poːr (-9.98); pokaj (-10.46); po (-10.52)	5
a-di-ki-t	adikit	ajja	-12.8635	ajja (-12.86); puli (-13.21); pula (-13.21)	6
a-di-ki-te	adikite	put̪a-	-13.7909	put̪a- (-13.79); pera- (-15.03); putʃa- (-16.13)	7
a-di-ki-te-s	adikites	put̪a-	-16.6143	put̪a- (-16.61); pera- (-17.85); t̪oramp- (-18.75)	8
a-di-ki-te-si	adikitesi	paːraj	-18.0348	paːraj (-18.03); poːr (-19.00); piːr (-19.69)	9
a-di-ki-te-si-r	adikitesir	paːraj	-21.5359	paːraj (-21.54); jaːh (-22.11); poːr (-22.51)	10
a-di-ki-te-t	adikitet	put̪a-	-16.6057	put̪a- (-16.61); pera- (-17.84); t̪oramp- (-18.74)	8
a-di-ki-te-te	adikitete	put̪a-	-19.4051	put̪a- (-19.41); pera- (-20.59); t̪oramp- (-21.41)	9
a-di-ki-te-te-r	adikiteter	jaːh	-21.8247	jaːh (-21.82); put̪a- (-22.50); pera- (-23.67)	10
a-di-ki-tu	adikitu	put̪a-	-13.7909	put̪a- (-13.79); pera- (-15.03); putʃa- (-16.13)	7
a-di-ki-tu-j	adikituj	put̪a-	-16.6143	put̪a- (-16.61); pera- (-17.85); t̪oramp- (-18.75)	8
a-di-ki-tu-ja	adikituja	put̪a-	-19.7194	put̪a- (-19.72); pera- (-20.95); t̪oramp- (-21.34)	9
a-di-ki-tu-ja-s	adikitujas	t̪oramp-	-22.1944	t̪oramp- (-22.19); put̪a- (-22.94); pera- (-24.17)	10
a-e-a-di	aeadi	poːr	-11.0447	poːr (-11.04); piːr (-11.04); poʈʈ- (-11.87)	5
a-e-a-di-k	aeadik	paːʈu	-12.6184	paːʈu (-12.62); po (-13.33); aʈʈu (-13.95)	6
a-e-a-di-ki	aeadiki	poːr	-16.0673	poːr (-16.07); paːʈu (-16.13); pokaj (-16.77)	7
a-e-a-di-ki-t	aeadikit	ajja	-19.3678	ajja (-19.37); poːr (-19.51); puli (-19.52)	8
a-e-a-di-ki-te	aeadikite	put̪a-	-20.0638	put̪a- (-20.06); pera- (-21.08); putʃa- (-22.04)	9
a-e-a-di-ki-te-t	aeadikitet	put̪a-	-22.8788	put̪a- (-22.88); pera- (-23.89); putʃa- (-24.85)	10
a-i-da-a	aidaa	poʈʈ-	-11.7248	poʈʈ- (-11.72); putʃ (-11.88); patʃ- (-12.18)	5
a-i-da-a-u	aidaau	poʈʈ-	-12.1369	poʈʈ- (-12.14); patʃ- (-14.42); jaɳʈ- (-14.89)	6
a-i-da-j	aidaj	poʈʈ-	-12.1407	poʈʈ- (-12.14); patʃ- (-12.21); jaɳʈ- (-12.63)	5
a-i-da-ja	aidaja	poʈʈ-	-14.7207	poʈʈ- (-14.72); patʃ- (-15.01); putʃ (-15.16)	6
a-i-da-ja-s	aidajas	poʈʈ-	-15.5955	poʈʈ- (-15.60); patʃ- (-17.55); jaɳʈ- (-18.03)	7
a-i-na-j	ainaj	poʈʈ-	-12.1407	poʈʈ- (-12.14); patʃ- (-12.21); jaɳʈ- (-12.63)	5
a-i-na-ja	ainaja	poʈʈ-	-14.7207	poʈʈ- (-14.72); patʃ- (-15.01); putʃ (-15.16)	6
a-i-na-ja-r	ainajar	poʈʈ-	-15.5955	poʈʈ- (-15.60); patʃ- (-17.55); jaːh (-17.83)	7
a-i-na-ja-re	ainajare	poʈʈ-	-18.4456	poʈʈ- (-18.45); patʃ- (-20.58); jaɳʈ- (-21.07)	8
a-i-na-ja-re-t	ainajaret	peʈʈi	-19.8036	peʈʈi (-19.80); poʈʈ- (-21.56); appa (-22.71)	9
a-i-na-ja-re-ta	ainajareta	peʈʈi	-23.2806	peʈʈi (-23.28); paːʈa- (-23.76); kaʈ (-24.54)	10
a-i-nwa	ainwa	putʃ	-12.5618	putʃ (-12.56); piːr (-13.94); poːr (-13.94)	5
a-i-nwa-z	ainwaz	paːl	-14.291	paːl (-14.29); poʈʈ- (-15.35); patʃ- (-15.39)	6
a-i-nwa-za	ainwaza	putʃ	-15.6576	putʃ (-15.66); pitʃtʃ- (-15.94); pin̪tʃtʃar (-16.81)	7
a-i-nwa-za-*56	ainwazaΦ	pitʃtʃ-	-15.4112	pitʃtʃ- (-15.41); peːtʃ- (-17.14); piɻatʃtʃ- (-17.90)	8
a-i-nwa-za-*56-n	ainwazaΦn	pitʃtʃ-	-18.2339	pitʃtʃ- (-18.23); peːtʃ- (-19.97); piɻatʃtʃ- (-20.72)	9
a-i-nwa-za-*56-ni	ainwazaΦni	pitʃtʃ-	-21.3383	pitʃtʃ- (-21.34); pin̪tʃtʃar (-22.65); peːtʃ- (-23.07)	10
a-i-*301-ti	aiΘti	paːraj	-6.9565	paːraj (-6.96); -aj (-8.78); -ar (-8.78)	5
a-i-*301-ti-j	aiΘtij	paːraj	-10.462	paːraj (-10.46); pera- (-11.90); -ar (-12.29)	6
a-i-*301-ti-ja	aiΘtija	paːraj	-13.9671	paːraj (-13.97); pera- (-14.79); jaː- (-15.12)	7
a-i-*301-ti-ja-s	aiΘtijas	paːraj	-17.4718	paːraj (-17.47); pera- (-17.84); jaː- (-17.95)	8
a-i-*301-ti-ja-sa	aiΘtijasa	paːʈa-	-20.7693	paːʈa- (-20.77); peʈʈi (-20.91); peːtʃ- (-20.95)	9
a-i-*301-ti-ja-sa-s	aiΘtijasas	peːtʃ-	-23.4471	peːtʃ- (-23.45); paːʈa- (-23.52); peʈʈi (-23.75)	10
a-i-*301-u-j	aiΘuj	piːr	-13.9398	piːr (-13.94); poːr (-13.94); jaː- (-14.21)	5
a-i-*301-u-ja	aiΘuja	putʃ	-15.8315	putʃ (-15.83); jaː- (-16.98); piːr (-17.41)	6
a-i-*301-u-t	aiΘut	paɻa	-12.3489	paɻa (-12.35); puli (-12.56); pula (-12.56)	5
a-i-*301-u-ti	aiΘuti	paːraj	-10.4461	paːraj (-10.45); -aj (-12.00); -ar (-12.00)	6
a-i-*301-u-ti-n	aiΘutin	paːraj	-13.9514	paːraj (-13.95); pera- (-15.39); -aj (-15.51)	7
a-i-*301-u-ti-nu	aiΘutinu	paːraj	-17.4563	paːraj (-17.46); pera- (-18.29); jaː- (-18.62)	8
a-i-*301-u-ti-nu-j	aiΘutinuj	paːraj	-20.9608	paːraj (-20.96); pera- (-21.34); jaː- (-21.45)	9
a-i-*301-u-ti-nu-ja	aiΘutinuja	jaː-	-24.4588	jaː- (-24.46); paːraj (-24.46); pera- (-24.48)	10
a-i-*301-wa	aiΘwa	putʃ	-12.5618	putʃ (-12.56); piːr (-13.94); poːr (-13.94)	5
a-i-*301-wa-e	aiΘwae	poʈʈ-	-15.3463	poʈʈ- (-15.35); patʃ- (-15.41); jaɳʈ- (-15.71)	6
a-i-*301-wa-e-a	aiΘwaea	poʈʈ-	-17.9344	poʈʈ- (-17.93); patʃ- (-18.22); putʃ (-18.47)	7
a-i-*301-wa-e-a-d	aiΘwaead	poʈʈ-	-18.8234	poʈʈ- (-18.82); patʃ- (-20.83); jaɳʈ- (-21.19)	8
a-i-*301-wa-e-a-di	aiΘwaeadi	poʈʈ-	-21.6742	poʈʈ- (-21.67); piːr (-23.64); poːr (-23.64)	9
a-i-*301-wa-e-a-di-k	aiΘwaeadik	paːʈu	-24.0433	paːʈu (-24.04); jaːʈu (-24.52); poʈʈ- (-24.79)	10
a-i-*301-wa-j	aiΘwaj	poʈʈ-	-15.3463	poʈʈ- (-15.35); patʃ- (-15.41); jaɳʈ- (-15.71)	6
a-i-*301-wa-ja	aiΘwaja	poʈʈ-	-17.9344	poʈʈ- (-17.93); patʃ- (-18.22); putʃ (-18.47)	7
a-i-*301-wa-ja-a	aiΘwajaa	poʈʈ-	-18.782	poʈʈ- (-18.78); patʃ- (-20.82); jaɳʈ- (-21.18)	8
a-i-*301-wa-ja-a-d	aiΘwajaad	poʈʈ-	-20.8139	poʈʈ- (-20.81); patʃ- (-23.57); pitʃtʃ- (-23.59)	9
a-i-*301-wa-ja-a-di	aiΘwajaadi	poʈʈ-	-23.7497	poʈʈ- (-23.75); pitʃtʃ- (-26.53); muːʈʈaj (-26.60)	10
a-i-*301-wa-ja-a-j	aiΘwajaaj	poʈʈ-	-20.8139	poʈʈ- (-20.81); patʃ- (-23.57); pitʃtʃ- (-23.59)	9
a-i-*301-wa-ja-a-ja	aiΘwajaaja	poʈʈ-	-23.7398	poʈʈ- (-23.74); pitʃtʃ- (-26.52); patʃ- (-26.64)	10
a-i-*301-wa-ja-j	aiΘwajaj	poʈʈ-	-18.8234	poʈʈ- (-18.82); patʃ- (-20.83); jaɳʈ- (-21.19)	8
a-i-*301-wa-ja-ja	aiΘwajaja	poʈʈ-	-21.6522	poʈʈ- (-21.65); patʃ- (-23.86); jaɳʈ- (-24.24)	9
a-i-*301-wa-ja-ja-a	aiΘwajajaa	poʈʈ-	-24.1159	poʈʈ- (-24.12); pitʃtʃ- (-26.64); patʃ- (-26.77)	10
a-i-*301-wa-ja-ja-d	aiΘwajajad	poʈʈ-	-24.1321	poʈʈ- (-24.13); pitʃtʃ- (-26.66); patʃ- (-26.77)	10
a-i-*301-wa-ja-ja-i	aiΘwajajai	poʈʈ-	-24.1321	poʈʈ- (-24.13); pitʃtʃ- (-26.66); patʃ- (-26.77)	10
a-i-*301-wa-ja-ja-j	aiΘwajajaj	poʈʈ-	-24.1321	poʈʈ- (-24.13); pitʃtʃ- (-26.66); patʃ- (-26.77)	10
a-i-*301-wa-ja-ja-s	aiΘwajajas	poʈʈ-	-24.1321	poʈʈ- (-24.13); pitʃtʃ- (-26.66); patʃ- (-26.77)	10
a-i-*301-wa-ja-s	aiΘwajas	poʈʈ-	-18.8234	poʈʈ- (-18.82); patʃ- (-20.83); jaɳʈ- (-21.19)	8
a-i-*301-wa-ja-se	aiΘwajase	poʈʈ-	-21.6742	poʈʈ- (-21.67); patʃ- (-23.87); jaɳʈ- (-24.25)	9
a-i-*301-wa-ja-se-k	aiΘwajasek	paːʈu	-24.0433	paːʈu (-24.04); jaːʈu (-24.53); poʈʈ- (-24.79)	10
a-i-*301-wa-ja-t	aiΘwajat	peʈʈi	-16.024	peʈʈi (-16.02); poʈʈ- (-18.82); appa (-19.05)	8
a-i-*301-wa-ja-tu	aiΘwajatu	peʈʈi	-19.531	peʈʈi (-19.53); paːʈa- (-19.89); putʃa- (-21.32)	9
a-i-*301-wa-ja-tu-r	aiΘwajatur	paːʈa-	-22.7093	paːʈa- (-22.71); peʈʈi (-23.04); jaːh (-23.87)	10
a-ja-a-d	ajaad	poʈʈ-	-9.026	poʈʈ- (-9.03); patʃ- (-11.25); putʃ (-12.18)	5
a-ja-a-di	ajaadi	poʈʈ-	-11.8623	poʈʈ- (-11.86); piːr (-13.92); poːr (-13.92)	6
a-ja-a-di-k	ajaadik	paːʈu	-14.8875	paːʈu (-14.89); poʈʈ- (-14.97); aʈʈu (-15.89)	7
a-ja-a-di-ki	ajaadiki	poʈʈ-	-18.1834	poʈʈ- (-18.18); paːʈu (-18.39); poːr (-19.09)	8
a-ja-a-di-ki-t	ajaadikit	peʈʈi	-20.2143	peʈʈi (-20.21); poʈʈ- (-21.45); paːʈu (-21.90)	9
a-ja-a-di-ki-te	ajaadikite	put̪a-	-23.1502	put̪a- (-23.15); peʈʈi (-23.72); pera- (-24.11)	10
a-ja-a-j	ajaaj	poʈʈ-	-9.026	poʈʈ- (-9.03); patʃ- (-11.25); putʃ (-12.18)	5
a-ja-a-ja	ajaaja	poʈʈ-	-11.8393	poʈʈ- (-11.84); patʃ- (-14.19); putʃ (-14.70)	6
a-ja-di	ajadi	poːr	-11.0447	poːr (-11.04); piːr (-11.04); poʈʈ- (-11.87)	5
a-ja-di-k	ajadik	paːʈu	-12.6184	paːʈu (-12.62); po (-13.33); aʈʈu (-13.95)	6
a-ja-di-ki	ajadiki	poːr	-16.0673	poːr (-16.07); paːʈu (-16.13); pokaj (-16.77)	7
a-ja-di-ki-t	ajadikit	ajja	-19.3678	ajja (-19.37); poːr (-19.51); puli (-19.52)	8
a-ja-di-ki-tu	ajadikitu	put̪a-	-20.0638	put̪a- (-20.06); pera- (-21.08); putʃa- (-22.04)	9
a-ja-di-ki-tu-j	ajadikituj	put̪a-	-22.8873	put̪a- (-22.89); pera- (-23.90); putʃa- (-24.87)	10
a-ja-i-n	ajain	poːr	-11.7248	poːr (-11.72); piːr (-11.72); poʈʈ- (-11.87)	5
a-ja-i-n-w	ajainw	poʈʈ-	-14.9576	poʈʈ- (-14.96); patʃ- (-15.05); piːr (-15.23)	6
a-ja-i-nwa	ajainwa	poʈʈ-	-18.0229	poʈʈ- (-18.02); patʃ- (-18.24); putʃ (-18.47)	7
a-ja-i-nwa-z	ajainwaz	poʈʈ-	-19.3806	poʈʈ- (-19.38); paːl (-20.26); patʃ- (-20.83)	8
a-ja-i-nwa-za	ajainwaza	pitʃtʃ-	-21.7814	pitʃtʃ- (-21.78); putʃ (-21.90); poʈʈ- (-22.21)	9
a-ja-i-nwa-za-*56	ajainwazaΦ	pitʃtʃ-	-21.3198	pitʃtʃ- (-21.32); peːtʃ- (-23.11); piɻatʃtʃ- (-23.67)	10
a-ja-ja	ajaja	poʈʈ-	-11.6185	poʈʈ- (-11.62); putʃ (-11.89); patʃ- (-11.92)	5
a-ja-ja-a	ajajaa	poʈʈ-	-12.4221	poʈʈ- (-12.42); patʃ- (-14.33); putʃ (-14.64)	6
a-ja-ja-d	ajajad	poʈʈ-	-12.476	poʈʈ- (-12.48); patʃ- (-14.35); pitʃtʃ- (-15.17)	6
a-ja-ja-di	ajajadi	poʈʈ-	-15.3253	poʈʈ- (-15.33); piːr (-17.04); poːr (-17.04)	7
a-ja-ja-di-k	ajajadik	paːʈu	-17.8663	paːʈu (-17.87); poʈʈ- (-18.44); aʈʈu (-19.39)	8
a-ja-ja-di-ki	ajajadiki	paːʈu	-21.3733	paːʈu (-21.37); poʈʈ- (-21.65); poːr (-22.43)	9
a-ja-ja-di-ki-t	ajajadikit	peʈʈi	-23.689	peʈʈi (-23.69); paːʈu (-24.88); poʈʈ- (-24.93)	10
a-ja-ja-i	ajajai	poʈʈ-	-12.476	poʈʈ- (-12.48); piːr (-14.00); poːr (-14.00)	6
a-ja-ja-i-n	ajajain	poʈʈ-	-15.3253	poʈʈ- (-15.33); patʃ- (-17.35); piːr (-17.50)	7
a-ja-ja-i-n-w	ajajainw	poʈʈ-	-18.4385	poʈʈ- (-18.44); patʃ- (-20.52); poːr (-21.01)	8
a-ja-ja-i-nwa	ajajainwa	poʈʈ-	-21.6479	poʈʈ- (-21.65); patʃ- (-23.77); pitʃtʃ- (-24.27)	9
a-ja-ja-i-nwa-z	ajajainwaz	poʈʈ-	-24.3901	poʈʈ- (-24.39); pitʃtʃ- (-26.47); paːl (-26.55)	10
a-ja-ja-j	ajajaj	poʈʈ-	-12.476	poʈʈ- (-12.48); patʃ- (-14.35); pitʃtʃ- (-15.17)	6
a-ja-ja-ja	ajajaja	poʈʈ-	-15.2964	poʈʈ- (-15.30); patʃ- (-17.34); putʃ (-17.97)	7
a-ja-ja-s	ajajas	poʈʈ-	-12.476	poʈʈ- (-12.48); patʃ- (-14.35); pitʃtʃ- (-15.17)	6
a-ja-ja-sa	ajajasa	poʈʈ-	-15.2964	poʈʈ- (-15.30); patʃ- (-17.34); putʃ (-17.97)	7
a-ja-ja-sa-s	ajajasas	poʈʈ-	-17.6444	poʈʈ- (-17.64); patʃ- (-20.15); pitʃtʃ- (-20.23)	8
a-ja-ja-sa-sa	ajajasasa	poʈʈ-	-20.6164	poʈʈ- (-20.62); pitʃtʃ- (-23.18); patʃ- (-23.25)	9
a-ja-ja-sa-sa-r	ajajasasar	poʈʈ-	-23.347	poʈʈ- (-23.35); pitʃtʃ- (-25.81); patʃ- (-26.24)	10
a-ja-ja-w	ajajaw	poʈʈ-	-12.476	poʈʈ- (-12.48); patʃ- (-14.35); pitʃtʃ- (-15.17)	6
a-ja-ja-wa	ajajawa	poʈʈ-	-15.2964	poʈʈ- (-15.30); patʃ- (-17.34); putʃ (-17.97)	7
a-ja-re	ajare	poʈʈ-	-11.8658	poʈʈ- (-11.87); patʃ- (-11.94); puh (-12.56)	5
a-ja-re-t	ajaret	peʈʈi	-13.1685	peʈʈi (-13.17); appa (-13.95); poʈʈ- (-14.96)	6
a-ja-re-ta	ajareta	kaʈ	-14.0223	kaʈ (-14.02); paːʈa- (-15.45); peʈʈi (-16.02)	7
a-ja-sa	ajasa	poʈʈ-	-11.6185	poʈʈ- (-11.62); putʃ (-11.89); patʃ- (-11.92)	5
a-ja-sa-s	ajasas	poʈʈ-	-12.476	poʈʈ- (-12.48); patʃ- (-14.35); pitʃtʃ- (-15.17)	6
a-ja-sa-sa	ajasasa	poʈʈ-	-15.2964	poʈʈ- (-15.30); patʃ- (-17.34); putʃ (-17.97)	7
a-ja-sa-sa-r	ajasasar	poʈʈ-	-17.6444	poʈʈ- (-17.64); patʃ- (-20.15); pitʃtʃ- (-20.23)	8
a-ja-sa-sa-ra	ajasasara	poʈʈ-	-20.6164	poʈʈ- (-20.62); pitʃtʃ- (-23.18); patʃ- (-23.25)	9
a-ja-sa-sa-ra-m	ajasasaram	poʈʈ-	-23.347	poʈʈ- (-23.35); pitʃtʃ- (-25.81); patʃ- (-26.24)	10
a-ja-se	ajase	poʈʈ-	-11.8658	poʈʈ- (-11.87); patʃ- (-11.94); putʃ (-13.27)	5
a-ja-se-k	ajasek	paːʈu	-12.6184	paːʈu (-12.62); po (-13.33); aʈʈu (-13.95)	6
a-ja-se-ka	ajaseka	tʃup	-16.1064	tʃup (-16.11); paːʈu (-16.11); poʈʈ- (-16.49)	7
a-ja-se-ka-n	ajasekan	poʈʈ-	-18.191	poʈʈ- (-18.19); paːʈu (-19.61); tʃup (-19.61)	8
a-ja-se-ka-na	ajasekana	poʈʈ-	-19.8982	poʈʈ- (-19.90); tʃuːʈ (-21.77); putʃ (-22.34)	9
a-ja-se-ka-na-s	ajasekanas	poʈʈ-	-19.6797	poʈʈ- (-19.68); tʃuːʈ- (-24.59); tʃuːʈ (-25.27)	10
a-ja-tu	ajatu	paːʈa-	-8.473	paːʈa- (-8.47); putʃa- (-9.12); piː (-9.17)	5
a-ja-tu-r	ajatur	paːʈa-	-11.2808	paːʈa- (-11.28); putʃa- (-11.95); piː (-12.00)	6
a-ja-tu-ru	ajaturu	paːʈa-	-14.3607	paːʈa- (-14.36); putʃa- (-15.05); piː (-15.10)	7
a-ja-tu-ru-s	ajaturus	paːʈa-	-17.5478	paːʈa- (-17.55); putʃa- (-18.27); tʃah- (-18.29)	8
a-ja-tu-ru-sa	ajaturusa	paːʈa-	-20.4805	paːʈa- (-20.48); tʃah- (-21.40); putʃa- (-21.56)	9
a-ja-tu-ru-sa-i	ajaturusai	piːr	-21.6051	piːr (-21.61); paːʈa- (-23.32); peːtʃ- (-23.45)	10
a-ja-wa	ajawa	poʈʈ-	-11.6185	poʈʈ- (-11.62); putʃ (-11.89); patʃ- (-11.92)	5
a-ka-na	akana	poʈʈ-	-6.6566	poʈʈ- (-6.66); putʃ (-9.04); tʃuːʈ (-9.14)	5
a-ka-na-s	akanas	poʈʈ-	-6.3481	poʈʈ- (-6.35); tʃuːʈ- (-11.97); oʈ- (-12.00)	6
a-ka-na-si	akanasi	poʈʈ-	-9.1733	poʈʈ- (-9.17); poːr (-12.00); tʃuːʈ- (-14.81)	7
a-ma-i-n	amain	poːr	-11.7248	poːr (-11.72); piːr (-11.72); poʈʈ- (-11.87)	5
a-ma-i-na	amaina	poʈʈ-	-14.7796	poʈʈ- (-14.78); patʃ- (-15.03); putʃ (-15.16)	6
a-ma-i-na-j	amainaj	poʈʈ-	-15.9276	poʈʈ- (-15.93); patʃ- (-17.56); pitʃtʃ- (-18.27)	7
a-ma-i-na-ja	amainaja	poʈʈ-	-18.7547	poʈʈ- (-18.75); patʃ- (-20.57); pitʃtʃ- (-21.08)	8
a-ma-i-na-ja-r	amainajar	poʈʈ-	-21.0103	poʈʈ- (-21.01); pitʃtʃ- (-23.41); patʃ- (-23.43)	9
a-ma-i-na-ja-re	amainajare	poʈʈ-	-23.9787	poʈʈ- (-23.98); pitʃtʃ- (-26.39); patʃ- (-26.54)	10
a-ma-na	amana	poʈʈ-	-11.6185	poʈʈ- (-11.62); putʃ (-11.89); patʃ- (-11.92)	5
a-ma-na-d	amanad	poʈʈ-	-12.476	poʈʈ- (-12.48); patʃ- (-14.35); pitʃtʃ- (-15.17)	6
a-ma-na-da	amanada	poʈʈ-	-15.2964	poʈʈ- (-15.30); patʃ- (-17.34); putʃ (-17.97)	7
a-ma-na-da-w	amanadaw	poʈʈ-	-17.6444	poʈʈ- (-17.64); patʃ- (-20.15); pitʃtʃ- (-20.23)	8
a-ma-na-da-wa	amanadawa	poʈʈ-	-20.6164	poʈʈ- (-20.62); pitʃtʃ- (-23.18); patʃ- (-23.25)	9
a-ma-na-da-wa-i	amanadawai	poʈʈ-	-23.347	poʈʈ- (-23.35); pitʃtʃ- (-25.81); patʃ- (-26.24)	10
a-ma-si	amasi	poːr	-11.0447	poːr (-11.04); piːr (-11.04); poʈʈ- (-11.87)	5
a-ma-si-r	amasir	poːr	-14.5501	poːr (-14.55); piːr (-14.55); poʈʈ- (-14.96)	6
a-ma-si-ru	amasiru	piːr	-18.0544	piːr (-18.05); poːr (-18.05); poʈʈ- (-18.16)	7
a-ma-si-ru-t	amasirut	peʈʈi	-20.1136	peʈʈi (-20.11); appa (-20.96); paːraj (-21.39)	8
a-ma-si-ru-te	amasirute	pera-	-22.0084	pera- (-22.01); paːʈa- (-22.44); put̪a- (-22.70)	9
a-ma-te	amate	paːʈa-	-8.473	paːʈa- (-8.47); putʃa- (-9.12); piː (-9.17)	5
a-me-i-t	ameit	piːr	-11.7261	piːr (-11.73); paːraj (-11.73); poːr (-11.83)	5
a-me-i-ti	ameiti	paːraj	-8.3254	paːraj (-8.33); -ar (-12.00); -aj (-12.00)	6
a-me-u-n	ameun	piː	-14.3361	piː (-14.34); paɳ- (-14.51); oʈ- (-15.43)	5
a-me-u-na	ameuna	putʃ	-15.8315	putʃ (-15.83); piː (-17.45); paːʈa- (-17.58)	6
a-me-u-na-k	ameunak	paːʈu	-14.33	paːʈu (-14.33); -oːʈu (-16.25); paːmpu (-16.76)	7
a-me-u-na-ka	ameunaka	paːʈu	-17.8353	paːʈu (-17.84); tʃup (-19.07); -oːʈu (-19.75)	8
a-me-u-na-ka-n	ameunakan	paːʈu	-21.3405	paːʈu (-21.34); poʈʈ- (-21.39); tʃup (-22.58)	9
a-me-u-na-ka-na	ameunakana	poʈʈ-	-23.2958	poʈʈ- (-23.30); tʃuːʈ (-24.73); paːʈu (-24.84)	10
a-me-u-na-r	ameunar	poʈʈ-	-18.615	poʈʈ- (-18.61); patʃ- (-18.68); puh (-19.03)	7
a-me-u-na-ru	ameunaru	poʈʈ-	-21.4364	poʈʈ- (-21.44); patʃ- (-21.50); peːtʃ- (-22.40)	8
a-me-u-na-ru-k	ameunaruk	paːʈu	-21.3391	paːʈu (-21.34); paʈaku (-22.59); -oːʈu (-23.26)	9
a-me-u-na-ru-ka	ameunaruka	paːʈu	-24.8428	paːʈu (-24.84); tʃup (-26.07); paʈaku (-26.10)	10
a-na-da	anada	poʈʈ-	-11.6185	poʈʈ- (-11.62); putʃ (-11.89); patʃ- (-11.92)	5
a-na-da-w	anadaw	poʈʈ-	-12.476	poʈʈ- (-12.48); patʃ- (-14.35); pitʃtʃ- (-15.17)	6
a-na-da-wa	anadawa	poʈʈ-	-15.2964	poʈʈ- (-15.30); patʃ- (-17.34); putʃ (-17.97)	7
a-na-da-wa-i	anadawai	poʈʈ-	-17.6444	poʈʈ- (-17.64); piːr (-20.15); poːr (-20.15)	8
a-na-da-wa-i-j	anadawaij	poʈʈ-	-20.6291	poʈʈ- (-20.63); pitʃtʃ- (-23.19); patʃ- (-23.25)	9
a-na-da-wa-i-ja	anadawaija	poʈʈ-	-23.7858	poʈʈ- (-23.79); pitʃtʃ- (-26.32); patʃ- (-26.47)	10
a-na-i-*301	anaiΘ	poːr	-11.7248	poːr (-11.72); piːr (-11.72); poʈʈ- (-11.87)	5
a-na-i-*301-t	anaiΘt	peʈʈi	-13.1685	peʈʈi (-13.17); appa (-13.95); poʈʈ- (-14.96)	6
a-na-i-*301-ti	anaiΘti	paːraj	-11.7191	paːraj (-11.72); pera- (-15.18); -aj (-15.29)	7
a-na-i-*301-ti-j	anaiΘtij	paːraj	-15.2259	paːraj (-15.23); pera- (-17.83); paːʈa- (-18.28)	8
a-na-i-*301-ti-ja	anaiΘtija	paːraj	-18.7326	paːraj (-18.73); pera- (-20.79); paːʈa- (-21.08)	9
a-na-i-*301-ti-ja-s	anaiΘtijas	paːraj	-22.2392	paːraj (-22.24); pera- (-23.88); paːʈa- (-23.90)	10
a-na-i-*301-u	anaiΘu	poʈʈ-	-14.9576	poʈʈ- (-14.96); patʃ- (-15.05); piːr (-15.23)	6
a-na-i-*301-u-t	anaiΘut	peʈʈi	-16.6413	peʈʈi (-16.64); appa (-17.46); poʈʈ- (-18.16)	7
a-na-i-*301-u-ti	anaiΘuti	paːraj	-15.2206	paːraj (-15.22); -aj (-18.61); -ar (-18.61)	8
a-na-i-*301-u-ti-n	anaiΘutin	paːraj	-18.7273	paːraj (-18.73); pera- (-21.33); paːʈa- (-21.77)	9
a-na-i-*301-u-ti-nu	anaiΘutinu	paːraj	-22.234	paːraj (-22.23); pera- (-24.29); paːʈa- (-24.85)	10
a-na-si	anasi	poːr	-11.0447	poːr (-11.04); piːr (-11.04); poʈʈ- (-11.87)	5
a-na-si-s	anasis	piːr	-14.5501	piːr (-14.55); poːr (-14.55); poʈʈ- (-14.96)	6
a-na-si-si	anasisi	poːr	-16.7886	poːr (-16.79); piːr (-16.79); paːraj (-17.18)	7
a-na-si-si-r	anasisir	piːr	-20.2953	piːr (-20.30); poːr (-20.30); paːraj (-20.64)	8
a-na-ti	anati	paːʈa-	-8.473	paːʈa- (-8.47); -aj (-8.78); -ar (-8.78)	5
a-na-ti-*301	anatiΘ	paːʈa-	-11.2808	paːʈa- (-11.28); pera- (-11.86); putʃa- (-11.95)	6
a-na-ti-*301-w	anatiΘw	paːʈa-	-14.3607	paːʈa- (-14.36); pera- (-14.59); tʃij- (-14.79)	7
a-na-ti-*301-wa	anatiΘwa	paːʈa-	-17.2434	paːʈa- (-17.24); pera- (-17.55); tʃij- (-17.89)	8
a-na-ti-*301-wa-j	anatiΘwaj	paːʈa-	-20.075	paːʈa- (-20.07); peːtʃ- (-20.39); pera- (-20.62)	9
a-na-ti-*301-wa-ja	anatiΘwaja	paːʈa-	-22.9042	paːʈa- (-22.90); peːtʃ- (-23.21); peʈʈi (-23.69)	10
a-ra-ma	arama	poʈʈ-	-11.6185	poʈʈ- (-11.62); putʃ (-11.89); patʃ- (-11.92)	5
a-ra-ma-n	araman	poʈʈ-	-12.476	poʈʈ- (-12.48); patʃ- (-14.35); koːʈ- (-14.37)	6
a-ra-ma-na	aramana	poʈʈ-	-15.2964	poʈʈ- (-15.30); koːʈ- (-17.26); kuːʈ- (-17.26)	7
a-ra-ma-na-d	aramanad	poʈʈ-	-17.6444	poʈʈ- (-17.64); kuːʈ- (-19.85); koːʈ- (-19.85)	8
a-ra-ma-na-da	aramanada	poʈʈ-	-20.6164	poʈʈ- (-20.62); koːʈ- (-22.88); kuːʈ- (-22.88)	9
a-ra-ma-na-da-w	aramanadaw	poʈʈ-	-23.347	poʈʈ- (-23.35); koːʈ- (-25.75); kuːʈ- (-25.75)	10
a-ra-me	arame	poʈʈ-	-11.8658	poʈʈ- (-11.87); patʃ- (-11.94); kaʈ- (-12.55)	5
a-ra-me-i	aramei	piːr	-14.0284	piːr (-14.03); poːr (-14.03); kaːj (-14.76)	6
a-ra-me-i-t	arameit	kerri	-16.0357	kerri (-16.04); peʈʈi (-16.64); kut̪i (-16.75)	7
a-ra-me-i-ti	arameiti	paːraj	-14.0243	paːraj (-14.02); pokaj (-17.22); kaj (-17.52)	8
a-ra-me-u	arameu	poʈʈ-	-14.9576	poʈʈ- (-14.96); patʃ- (-15.05); koʈ- (-15.64)	6
a-ra-me-u-n	arameun	poʈʈ-	-18.1639	poʈʈ- (-18.16); patʃ- (-18.26); kaʈ- (-18.85)	7
a-ra-me-u-na	arameuna	poʈʈ-	-21.3155	poʈʈ- (-21.32); patʃ- (-21.53); putʃ (-21.81)	8
a-ra-me-u-na-k	arameunak	paːʈu	-20.2177	paːʈu (-20.22); kuːʈu (-20.94); koːʈu (-20.94)	9
a-ra-me-u-na-ka	arameunaka	paːʈu	-23.7233	paːʈu (-23.72); koːʈu (-24.45); kuːʈu (-24.45)	10
a-ra-me-u-na-r	arameunar	poʈʈ-	-22.8349	poʈʈ- (-22.83); kuːʈ- (-23.66); koːʈ- (-23.66)	9
a-ra-me-u-na-ru	arameunaru	poʈʈ-	-25.7183	poʈʈ- (-25.72); koːʈ- (-26.55); kuːʈ- (-26.55)	10
a-re-di	aredi	piːr	-11.2674	piːr (-11.27); poːr (-11.27); kaːr (-11.82)	5
a-re-di-j	aredij	kuːr-	-14.6693	kuːr- (-14.67); piːr (-14.77); poːr (-14.77)	6
a-re-di-ja	aredija	kuːr-	-17.4926	kuːr- (-17.49); piːr (-18.28); poːr (-18.28)	7
a-re-ja	areja	putʃ	-12.5618	putʃ (-12.56); kaʈ (-12.85); puh (-13.83)	5
a-re-ta	areta	kaʈ	-7.008	kaʈ (-7.01); piː (-9.86); kaː (-9.86)	5
a-ru-ka	aruka	koː	-9.8638	koː (-9.86); putʃ (-10.34); poʈʈ- (-10.40)	5
a-ru-ka-n	arukan	koʈ-	-9.8641	koʈ- (-9.86); poʈʈ- (-12.19); koː (-12.69)	6
a-ru-ka-na	arukana	koʈ-	-12.6796	koʈ- (-12.68); poʈʈ- (-13.66); koːʈ- (-15.26)	7
a-ru-ka-na-s	arukanas	poʈʈ-	-13.3605	poʈʈ- (-13.36); koʈ- (-15.50); kuːʈ- (-15.51)	8
a-sa-ra	asara	poʈʈ-	-11.6185	poʈʈ- (-11.62); putʃ (-11.89); patʃ- (-11.92)	5
a-sa-ra-m	asaram	poʈʈ-	-12.476	poʈʈ- (-12.48); patʃ- (-14.35); pitʃtʃ- (-15.17)	6
a-sa-ra-ma	asarama	poʈʈ-	-15.2964	poʈʈ- (-15.30); patʃ- (-17.34); putʃ (-17.97)	7
a-sa-ra-ma-n	asaraman	poʈʈ-	-17.6444	poʈʈ- (-17.64); patʃ- (-20.15); pitʃtʃ- (-20.23)	8
a-sa-ra-ma-na	asaramana	poʈʈ-	-20.6164	poʈʈ- (-20.62); pitʃtʃ- (-23.18); patʃ- (-23.25)	9
a-sa-ra-ma-na-d	asaramanad	poʈʈ-	-23.347	poʈʈ- (-23.35); pitʃtʃ- (-25.81); patʃ- (-26.24)	10
a-sa-ra-me	asarame	poʈʈ-	-15.3253	poʈʈ- (-15.33); patʃ- (-17.35); pitʃtʃ- (-18.01)	7
a-sa-ra-me-i	asaramei	poʈʈ-	-18.4385	poʈʈ- (-18.44); piːr (-20.16); poːr (-20.16)	8
a-sa-ra-me-i-t	asarameit	peʈʈi	-20.1854	peʈʈi (-20.19); poʈʈ- (-21.66); appa (-22.89)	9
a-sa-ra-me-i-ti	asarameiti	paːraj	-20.1554	paːraj (-20.16); pokaj (-23.00); muːʈʈaj (-23.66)	10
a-sa-ra-me-u	asarameu	poʈʈ-	-18.4385	poʈʈ- (-18.44); patʃ- (-20.52); pitʃtʃ- (-21.10)	8
a-sa-ra-me-u-n	asarameun	poʈʈ-	-21.6633	poʈʈ- (-21.66); patʃ- (-23.77); pitʃtʃ- (-24.30)	9
a-sa-ra-me-u-na	asarameuna	poʈʈ-	-24.9376	poʈʈ- (-24.94); patʃ- (-27.07); pitʃtʃ- (-27.54)	10
a-sa-sa	asasa	poʈʈ-	-11.6185	poʈʈ- (-11.62); putʃ (-11.89); patʃ- (-11.92)	5
a-sa-sa-r	asasar	poʈʈ-	-12.476	poʈʈ- (-12.48); patʃ- (-14.35); pitʃtʃ- (-15.17)	6
a-sa-sa-ra	asasara	poʈʈ-	-15.2964	poʈʈ- (-15.30); patʃ- (-17.34); putʃ (-17.97)	7
a-sa-sa-ra-m	asasaram	poʈʈ-	-17.6444	poʈʈ- (-17.64); patʃ- (-20.15); pitʃtʃ- (-20.23)	8
a-sa-sa-ra-ma	asasarama	poʈʈ-	-20.6164	poʈʈ- (-20.62); pitʃtʃ- (-23.18); patʃ- (-23.25)	9
a-sa-sa-ra-ma-n	asasaraman	poʈʈ-	-23.347	poʈʈ- (-23.35); pitʃtʃ- (-25.81); patʃ- (-26.24)	10
a-sa-sa-ra-me	asasarame	poʈʈ-	-20.6291	poʈʈ- (-20.63); pitʃtʃ- (-23.19); patʃ- (-23.25)	9
a-sa-sa-ra-me-i	asasaramei	poʈʈ-	-23.7949	poʈʈ- (-23.79); pitʃtʃ- (-26.34); patʃ- (-26.47)	10
a-sa-sa-ra-me-u	asasarameu	poʈʈ-	-23.7949	poʈʈ- (-23.79); pitʃtʃ- (-26.34); patʃ- (-26.47)	10
a-sa-u-n	asaun	poʈʈ-	-11.8658	poʈʈ- (-11.87); patʃ- (-11.94); putʃ (-13.27)	5
a-sa-u-na	asauna	poʈʈ-	-14.7796	poʈʈ- (-14.78); patʃ- (-15.03); putʃ (-15.16)	6
a-sa-u-na-k	asaunak	paːʈu	-13.913	paːʈu (-13.91); aʈʈu (-15.88); poʈʈ- (-15.93)	7
a-sa-u-na-ka	asaunaka	paːʈu	-17.4184	paːʈu (-17.42); poʈʈ- (-18.46); tʃup (-18.72)	8
a-sa-u-na-ka-n	asaunakan	poʈʈ-	-20.5891	poʈʈ- (-20.59); paːʈu (-20.92); tʃup (-22.23)	9
a-sa-u-na-ka-na	asaunakana	poʈʈ-	-22.7526	poʈʈ- (-22.75); tʃuːʈ (-24.38); paːʈu (-24.43)	10
a-se-ka	aseka	putʃ	-10.3447	putʃ (-10.34); poʈʈ- (-10.40); tʃup (-10.42)	5
a-se-ka-n	asekan	poʈʈ-	-12.1865	poʈʈ- (-12.19); oʈ- (-13.37); putʃ (-13.83)	6
a-se-ka-na	asekana	poʈʈ-	-13.664	poʈʈ- (-13.66); putʃ (-16.03); tʃuːʈ (-16.08)	7
a-se-ka-na-s	asekanas	poʈʈ-	-13.3605	poʈʈ- (-13.36); uɻupp- (-18.91); tʃuːʈ- (-18.91)	8
a-se-ka-na-si	asekanasi	poʈʈ-	-16.1857	poʈʈ- (-16.19); poːr (-19.01); uɻupp- (-21.74)	9
a-se-ka-na-si-s	asekanasis	poʈʈ-	-19.2912	poʈʈ- (-19.29); poːr (-22.51); uɻupp- (-24.84)	10
a-se-ra	asera	putʃ	-12.5618	putʃ (-12.56); puh (-12.84); kaʈ (-13.85)	5
a-se-ra-t	aserat	peʈʈi	-12.5226	peʈʈi (-12.52); kuʈa (-13.85); appa (-13.90)	6
a-se-ra-te	aserate	paːʈa-	-14.1208	paːʈa- (-14.12); putʃa- (-15.42); peʈʈi (-16.03)	7
a-si-i-p	asiip	piːr	-11.4661	piːr (-11.47); poːr (-11.47); paːraj (-12.32)	5
a-si-i-pi	asiipi	paːraj	-13.8914	paːraj (-13.89); piːr (-13.91); poːr (-13.91)	6
a-si-i-pi-n	asiipin	paːraj	-17.3681	paːraj (-17.37); piːr (-17.42); poːr (-17.42)	7
a-si-i-pi-na	asiipina	paːraj	-20.8448	paːraj (-20.84); poːr (-20.92); piːr (-20.92)	8
a-si-i-pi-na-m	asiipinam	paːraj	-24.3215	paːraj (-24.32); poːr (-24.43); piːr (-24.43)	9
a-si-i-pi-na-ma	asiipinama	jaɳʈ-	-27.7353	jaɳʈ- (-27.74); paːraj (-27.80); poʈʈ- (-27.87)	10
a-si-ru	asiru	poːr	-12.6271	poːr (-12.63); piːr (-12.63); puh (-12.85)	5
a-si-ru-t	asirut	paɻa	-15.66	paɻa (-15.66); puli (-15.83); pula (-15.83)	6
a-si-ru-te	asirute	pera-	-16.0629	pera- (-16.06); put̪a- (-16.80); piː (-16.86)	7
a-si-si	asisi	piːr	-11.0421	piːr (-11.04); poːr (-11.04); paːraj (-11.73)	5
a-si-si-r	asisir	piːr	-14.5483	piːr (-14.55); poːr (-14.55); paːraj (-15.17)	6
a-ta-i-*301	ataiΘ	piːr	-6.3531	piːr (-6.35); paːraj (-8.69); piː (-8.78)	5
a-ta-i-*301-u	ataiΘu	piːr	-9.8572	piːr (-9.86); pera- (-11.77); piːt̪- (-11.86)	6
a-ta-i-*301-u-j	ataiΘuj	piːr	-13.3605	piːr (-13.36); pera- (-14.72); piːt̪- (-14.92)	7
a-ta-i-*301-u-ja	ataiΘuja	piːr	-16.8629	piːr (-16.86); peʈʈi (-17.32); pera- (-17.80)	8
a-ta-i-*301-w	ataiΘw	piːr	-9.8572	piːr (-9.86); pera- (-11.77); piːt̪- (-11.86)	6
a-ta-i-*301-wa	ataiΘwa	piːr	-13.3605	piːr (-13.36); peʈʈi (-13.84); pera- (-14.72)	7
a-ta-i-*301-wa-e	ataiΘwae	peʈʈi	-16.7134	peʈʈi (-16.71); piːr (-16.86); peːtʃ- (-16.95)	8
a-ta-i-*301-wa-e-a	ataiΘwaea	peʈʈi	-19.3589	peʈʈi (-19.36); peːtʃ- (-19.84); paːʈa- (-20.09)	9
a-ta-i-*301-wa-e-a-d	ataiΘwaead	peʈʈi	-22.4105	peʈʈi (-22.41); peːtʃ- (-22.54); paːʈa- (-22.90)	10
a-ta-i-*301-wa-j	ataiΘwaj	peʈʈi	-16.7134	peʈʈi (-16.71); piːr (-16.86); peːtʃ- (-16.95)	8
a-ta-i-*301-wa-ja	ataiΘwaja	peʈʈi	-19.3589	peʈʈi (-19.36); peːtʃ- (-19.84); paːʈa- (-20.09)	9
a-ta-i-*301-wa-ja-a	ataiΘwajaa	peʈʈi	-22.1038	peʈʈi (-22.10); peːtʃ- (-22.53); paːʈa- (-22.82)	10
a-ta-i-*301-wa-ja-j	ataiΘwajaj	peʈʈi	-22.4105	peʈʈi (-22.41); peːtʃ- (-22.54); paːʈa- (-22.90)	10
a-ta-i-*301-wa-ja-s	ataiΘwajas	peʈʈi	-22.4105	peʈʈi (-22.41); peːtʃ- (-22.54); paːʈa- (-22.90)	10
a-ta-i-*301-wa-ja-t	ataiΘwajat	peʈʈi	-16.4259	peʈʈi (-16.43); appa (-19.94); paːʈa- (-21.36)	10
a-ti-*301-w	atiΘw	pera-	-8.2918	pera- (-8.29); piː (-8.78); tʃij- (-9.15)	5
a-ti-*301-wa	atiΘwa	pera-	-11.2388	pera- (-11.24); piː (-12.00); paːʈa- (-12.07)	6
a-ti-*301-wa-j	atiΘwaj	peːtʃ-	-14.0699	peːtʃ- (-14.07); pera- (-14.31); paːʈa- (-14.32)	7
a-ti-*301-wa-ja	atiΘwaja	peːtʃ-	-16.8857	peːtʃ- (-16.89); paːʈa- (-16.89); peʈʈi (-17.40)	8
a-tu-ru	aturu	piː	-8.781	piː (-8.78); pakal (-9.77); tʃah- (-9.83)	5
a-tu-ru-s	aturus	piː	-12.0025	piː (-12.00); tʃah- (-12.66); pakal (-12.86)	6
a-tu-ru-sa	aturusa	paːʈa-	-15.2077	paːʈa- (-15.21); piː (-15.29); paːʈu (-15.39)	7
a-tu-ru-sa-i	aturusai	piːr	-15.2834	piːr (-15.28); peːtʃ- (-17.13); paːraj (-17.33)	8
a-tu-ru-sa-i-d	aturusaid	piːr	-18.7901	piːr (-18.79); peːtʃ- (-19.97); paːʈa- (-20.26)	9
a-tu-ru-sa-i-da	aturusaida	piːr	-22.2968	piːr (-22.30); peːtʃ- (-23.06); paːʈa- (-23.11)	10
a-u-na-k	aunak	paːʈu	-8.3275	paːʈu (-8.33); po (-9.83); aʈʈu (-10.42)	5
a-u-na-ka	aunaka	paːʈu	-11.8317	paːʈu (-11.83); tʃup (-12.39); poʈʈ- (-13.02)	6
a-u-na-ka-n	aunakan	poʈʈ-	-14.5905	poʈʈ- (-14.59); paːʈu (-15.34); tʃup (-15.90)	7
a-u-na-ka-na	aunakana	poʈʈ-	-16.3585	poʈʈ- (-16.36); tʃuːʈ (-18.06); tʃup (-18.71)	8
a-u-ti-n	autin	pera-	-9.0445	pera- (-9.04); piː (-9.18); -aj (-9.18)	5
a-u-ti-nu	autinu	pera-	-11.7788	pera- (-11.78); piː (-12.29); tʃij- (-12.63)	6
a-u-ti-nu-i	autinui	piːr	-12.2762	piːr (-12.28); paːraj (-14.41); pera- (-14.67)	7
a-u-ti-nu-i-n	autinuin	piːr	-15.7827	piːr (-15.78); pera- (-17.66); paːraj (-17.68)	8
a-u-ti-nu-i-na	autinuina	piːr	-19.2889	piːr (-19.29); pera- (-20.74); piːt̪- (-20.90)	9
a-u-ti-nu-i-na-i	autinuinai	paːraj	-21.543	paːraj (-21.54); piːr (-21.71); peːtʃ- (-23.77)	10
a-wa-i-j	awaij	poːr	-11.7248	poːr (-11.72); piːr (-11.72); poʈʈ- (-11.87)	5
a-wa-i-ja	awaija	poʈʈ-	-14.7796	poʈʈ- (-14.78); patʃ- (-15.03); putʃ (-15.16)	6
a-za-*56-n	azaΦn	patʃ-	-9.0942	patʃ- (-9.09); peːtʃ- (-9.14); putʃ (-10.43)	5
a-za-*56-ni	azaΦni	tʃeːr	-11.8136	tʃeːr (-11.81); patʃ- (-12.20); peːtʃ- (-12.25)	6
da-da-u	dadau	poʈʈ-	-12.169	poʈʈ- (-12.17); patʃ- (-12.62); aɳʈʈ- (-13.26)	5
da-da-u-t	dadaut	peʈʈi	-12.8177	peʈʈi (-12.82); appa (-13.27); poʈʈ- (-14.99)	6
da-da-u-ti	dadauti	-ar	-15.288	-ar (-15.29); -aj (-15.29); paːʈa- (-15.45)	7
da-da-u-ti-n	dadautin	paːʈa-	-18.2574	paːʈa- (-18.26); tʃij- (-18.57); tʃir- (-18.57)	8
da-da-u-ti-nu	dadautinu	paːʈa-	-21.3385	paːʈa- (-21.34); tʃir- (-21.40); tʃij- (-21.40)	9
da-da-u-ti-nu-i	dadautinui	piːr	-22.1041	piːr (-22.10); paːraj (-24.16); pera- (-24.49)	10
da-ja-j	dajaj	poʈʈ-	-12.169	poʈʈ- (-12.17); patʃ- (-12.62); aɳʈʈ- (-13.26)	5
da-ja-ja	dajaja	poʈʈ-	-14.8095	poʈʈ- (-14.81); putʃ (-15.39); patʃ- (-15.42)	6
da-ja-s	dajas	poʈʈ-	-12.169	poʈʈ- (-12.17); patʃ- (-12.62); aɳʈʈ- (-13.26)	5
da-ma-t	damat	peʈʈi	-9.3337	peʈʈi (-9.33); appa (-9.76); poʈʈ- (-12.17)	5
da-ma-te	damate	paːʈa-	-11.9489	paːʈa- (-11.95); putʃa- (-12.63); piː (-12.68)	6
da-se-r	daser	puh	-12.8498	puh (-12.85); piː (-14.76); jaːh (-14.97)	5
da-se-ra	dasera	putʃ	-16.0669	putʃ (-16.07); puh (-16.34); kaʈ (-17.31)	6
da-se-ra-t	daserat	peʈʈi	-15.8165	peʈʈi (-15.82); appa (-16.74); kuʈa (-17.30)	7
da-se-ra-te	daserate	paːʈa-	-17.6125	paːʈa- (-17.61); putʃa- (-18.92); peʈʈi (-19.32)	8
da-u-ti	dauti	-ar	-8.7812	-ar (-8.78); -aj (-8.78); pokaj (-9.77)	5
da-u-ti-n	dautin	-ar	-12.2883	-ar (-12.29); -aj (-12.29); pera- (-12.55)	6
da-u-ti-nu	dautinu	pera-	-15.2859	pera- (-15.29); tʃir- (-15.46); tʃij- (-15.46)	7
da-u-ti-nu-i	dautinui	piːr	-15.7834	piːr (-15.78); paːraj (-17.91); pera- (-18.18)	8
da-u-ti-nu-i-n	dautinuin	piːr	-19.2898	piːr (-19.29); pera- (-21.17); paːraj (-21.18)	9
da-u-ti-nu-i-na	dautinuina	piːr	-22.796	piːr (-22.80); pera- (-24.25); piːt̪- (-24.40)	10
da-wa-i	dawai	poːr	-11.7094	poːr (-11.71); piːr (-11.71); poʈʈ- (-12.17)	5
da-wa-i-j	dawaij	poʈʈ-	-14.9884	poʈʈ- (-14.99); poːr (-15.21); piːr (-15.21)	6
da-wa-i-ja	dawaija	poʈʈ-	-17.9568	poʈʈ- (-17.96); patʃ- (-18.53); putʃ (-18.67)	7
di-ki-t	dikit	ajja	-9.761	ajja (-9.76); oj- (-9.86); kerri (-10.42)	5
di-ki-te	dikite	oj-	-12.6867	oj- (-12.69); t̪oramp- (-13.22); ajja (-13.27)	6
di-ki-te-s	dikites	jaː-	-15.4771	jaː- (-15.48); t̪oramp- (-15.65); oj- (-15.79)	7
di-ki-te-si	dikitesi	jaː-	-17.9358	jaː- (-17.94); t̪oramp- (-18.46); t̪eːr (-18.56)	8
di-ki-te-si-r	dikitesir	jaːh	-18.6061	jaːh (-18.61); jaː- (-20.77); t̪oramp- (-21.46)	9
di-ki-te-si-ra	dikitesira	jaːh	-22.1126	jaːh (-22.11); koran̪k- (-22.23); jaː- (-23.77)	10
di-ki-te-t	dikitet	jaː-	-15.4692	jaː- (-15.47); t̪oramp- (-15.64); oj- (-15.79)	7
di-ki-te-te	dikitete	jaː-	-17.9204	jaː- (-17.92); t̪oramp- (-18.31); oj- (-19.01)	8
di-ki-te-te-r	dikiteter	jaːh	-18.317	jaːh (-18.32); jaː- (-20.61); t̪oramp- (-21.20)	9
di-ki-te-te-re	dikitetere	jaːh	-21.8231	jaːh (-21.82); jaː- (-23.51); t̪oramp- (-24.22)	10
di-ki-tu	dikitu	oj-	-12.6867	oj- (-12.69); t̪oramp- (-13.22); ajja (-13.27)	6
di-ki-tu-j	dikituj	jaː-	-15.4771	jaː- (-15.48); t̪oramp- (-15.65); oj- (-15.79)	7
di-ki-tu-ja	dikituja	jaː-	-17.9358	jaː- (-17.94); t̪oramp- (-18.24); kuratʃ (-18.72)	8
di-ki-tu-ja-s	dikitujas	t̪oramp-	-19.0924	t̪oramp- (-19.09); jaː- (-20.77); kuratʃ- (-21.52)	9
e-a-di-k	eadik	po	-10.5162	po (-10.52); poːr (-12.38); puɻu (-12.58)	5
e-a-di-ki	eadiki	poːr	-13.484	poːr (-13.48); pokaj (-13.97); po (-14.02)	6
e-a-di-ki-t	eadikit	ajja	-16.0835	ajja (-16.08); kerri (-16.33); puli (-16.72)	7
e-a-di-ki-te	eadikite	put̪a-	-17.2978	put̪a- (-17.30); pera- (-18.53); t̪oramp- (-19.54)	8
e-a-di-ki-te-t	eadikitet	put̪a-	-20.1127	put̪a- (-20.11); pera- (-21.34); t̪oramp- (-21.96)	9
e-a-di-ki-te-te	eadikitete	put̪a-	-22.9121	put̪a- (-22.91); pera- (-24.09); t̪oramp- (-24.63)	10
e-di-ja	edija	ir-	-15.052	ir- (-15.05); oj- (-15.05); jaː- (-15.13)	5
e-i-da-j	eidaj	jaɳʈ-	-12.6278	jaɳʈ- (-12.63); jaː- (-14.21); jAm (-14.80)	5
e-i-da-ja	eidaja	jaɳʈ-	-15.4353	jaɳʈ- (-15.44); aɳʈʈ (-16.33); putʃ (-16.77)	6
e-i-da-ja-j	eidajaj	jaɳʈ-	-18.0332	jaɳʈ- (-18.03); poʈʈ- (-18.67); aɳʈʈ- (-19.17)	7
e-i-da-ja-ja	eidajaja	jaɳʈ-	-21.066	jaɳʈ- (-21.07); poʈʈ- (-21.37); aɳʈʈ- (-21.98)	8
e-i-ja-s	eijas	jaɳʈ-	-12.6278	jaɳʈ- (-12.63); jaː- (-14.21); jAm (-14.80)	5
e-i-ja-sa	eijasa	jaɳʈ-	-15.4353	jaɳʈ- (-15.44); aɳʈʈ (-16.33); putʃ (-16.77)	6
e-i-ja-sa-s	eijasas	jaɳʈ-	-18.0332	jaɳʈ- (-18.03); poʈʈ- (-18.67); aɳʈʈ- (-19.17)	7
e-i-ja-sa-sa	eijasasa	jaɳʈ-	-21.066	jaɳʈ- (-21.07); poʈʈ- (-21.37); aɳʈʈ- (-21.98)	8
e-i-ja-sa-u	eijasau	jaɳʈ-	-18.0332	jaɳʈ- (-18.03); poʈʈ- (-18.67); aɳʈʈ- (-19.17)	7
e-i-ja-sa-u-n	eijasaun	jaɳʈ-	-21.0721	jaɳʈ- (-21.07); poʈʈ- (-21.49); aɳʈʈ- (-22.00)	8
e-i-ja-sa-u-na	eijasauna	jaɳʈ-	-24.2563	jaɳʈ- (-24.26); poʈʈ- (-24.51); aɳʈʈ- (-25.09)	9
e-i-ja-sa-u-na-k	eijasaunak	jaːʈu	-23.8273	jaːʈu (-23.83); paːʈu (-24.39); -oːʈu (-25.21)	10
e-i-ke-t	eiket	-oː	-11.3554	-oː (-11.36); t̪oːɻ-a (-12.57); n̪oʈa (-13.18)	5
e-i-ke-ta	eiketa	-oː	-14.4601	-oː (-14.46); -oːʈu (-14.77); -aː (-14.86)	6
e-i-ke-ta-n	eiketan	jaː-	-16.159	jaː- (-16.16); jaɳʈ- (-16.68); n̪oʈ- (-16.81)	7
e-i-ke-ta-na	eiketana	jaː-	-18.622	jaː- (-18.62); jaɳʈ- (-19.48); jaːʈu (-19.58)	8
e-i-ke-ta-na-i	eiketanai	iruppaj	-20.0677	iruppaj (-20.07); jaː- (-21.45); muːʈʈaj (-21.84)	9
e-i-ke-ta-na-i-*301	eiketanaiΘ	iruppaj	-23.5498	iruppaj (-23.55); jaː- (-24.46); jaɳʈ- (-24.99)	10
e-ka-na	ekana	oʈ-	-9.1752	oʈ- (-9.18); -oː (-11.64); -oːʈu (-11.92)	5
e-ka-na-s	ekanas	oʈ-	-11.9984	oʈ- (-12.00); uɻupp- (-12.61); poʈʈ- (-12.61)	6
e-ka-na-si	ekanasi	oʈ-	-15.1037	oʈ- (-15.10); uɻupp- (-15.43); poʈʈ- (-15.44)	7
e-ka-na-si-s	ekanasis	oʈ-	-18.3253	oʈ- (-18.33); uɻupp- (-18.54); poʈʈ- (-18.54)	8
e-ka-na-si-si	ekanasisi	uːr	-21.6087	uːr (-21.61); oʈ- (-21.61); uɻupp- (-21.76)	9
e-ka-na-si-si-r	ekanasisir	oʈ-	-24.9371	oʈ- (-24.94); uɻupp- (-25.04); uʈump- (-25.05)	10
e-ra-te	erate	kaː	-9.8638	kaː (-9.86); piː (-9.87); kuʈa (-10.40)	5
e-si-ra	esira	en̪k-	-13.2795	en̪k- (-13.28); jaːh (-13.81); kaʈ (-13.85)	5
e-ta-na	etana	aɳʈʈ	-10.3433	aɳʈʈ (-10.34); appa (-10.40); aʈʈu (-10.40)	5
e-ta-na-i	etanai	aːj	-12.2858	aːj (-12.29); aɳʈʈ- (-13.15); appa (-13.24)	6
e-ta-na-i-*301	etanaiΘ	aːj	-15.7923	aːj (-15.79); aɳʈʈ- (-15.99); appa (-16.35)	7
e-ta-na-i-*301-t	etanaiΘt	appa	-14.0149	appa (-14.01); peʈʈi (-16.77); appam (-17.41)	8
e-ta-na-i-*301-ti	etanaiΘti	iruppaj	-17.4656	iruppaj (-17.47); appa (-17.52); paːraj (-17.96)	9
e-ta-na-i-*301-ti-j	etanaiΘtij	iruppaj	-20.9728	iruppaj (-20.97); appa (-21.03); paːraj (-21.46)	10
e-te-re	etere	ah	-10.5171	ah (-10.52); ih (-10.52); aː- (-11.62)	5
e-te-re-p	eterep	ah	-14.0243	ah (-14.02); ih (-14.02); aː- (-14.45)	6
e-to-i-j	etoij	aɭ-	-9.1831	aɭ- (-9.18); eɳ- (-9.18); aːj (-9.86)	5
e-to-i-ja	etoija	aɭ-	-12.2882	aɭ- (-12.29); eɳ- (-12.29); aɳʈʈ (-12.58)	6
e-tu-me	etume	aː-	-11.6167	aː- (-11.62); -aː (-11.64); iː (-12.29)	5
e-tu-me-i	etumei	aːj	-12.2858	aːj (-12.29); -aj (-13.36); -ar (-13.36)	6
e-tu-me-i-j	etumeij	aːj	-15.7923	aːj (-15.79); ir- (-16.87); -aj (-16.87)	7
e-tu-me-i-ja	etumeija	aːj	-19.2985	aːj (-19.30); ir- (-19.70); -aj (-20.38)	8
e-tu-me-i-ja-s	etumeijas	ir-	-22.8039	ir- (-22.80); aːj (-22.80); aː- (-23.73)	9
e-tu-me-i-ja-sa	etumeijasa	ir-	-26.0262	ir- (-26.03); aɳʈʈ (-26.16); aːj (-26.31)	10
e-u-na-k	eunak	po	-10.518	po (-10.52); -oːʈu (-10.56); aːʈu (-11.36)	5
e-u-na-ka	eunaka	tʃup	-12.6094	tʃup (-12.61); poʈʈ- (-13.90); putʃ (-13.91)	6
e-u-na-ka-n	eunakan	poʈʈ-	-15.6851	poʈʈ- (-15.69); tʃup (-16.12); oʈ- (-16.87)	7
e-u-na-ka-na	eunakana	poʈʈ-	-17.1702	poʈʈ- (-17.17); tʃuːʈ (-18.28); tʃup (-18.93)	8
e-u-na-ka-na-s	eunakanas	poʈʈ-	-16.8694	poʈʈ- (-16.87); tʃuːʈ- (-21.11); tʃuːʈ (-21.78)	9
e-u-na-ka-na-si	eunakanasi	poʈʈ-	-19.6946	poʈʈ- (-19.69); poːr (-22.52); tʃuːʈ- (-23.95)	10
e-u-na-r	eunar	puh	-13.8528	puh (-13.85); jaːh (-14.97); koːʈ- (-14.99)	5
e-u-na-ru	eunaru	puh	-17.3337	puh (-17.33); koːʈ- (-17.81); kuːʈ- (-17.81)	6
e-u-na-ru-k	eunaruk	po	-17.5306	po (-17.53); -oːʈu (-17.56); aːʈu (-18.37)	7
e-u-na-ru-ka	eunaruka	tʃup	-19.6066	tʃup (-19.61); koː (-20.38); putʃ (-20.87)	8
e-u-na-ru-ka-n	eunarukan	koʈ-	-20.3853	koʈ- (-20.39); poʈʈ- (-22.68); tʃup (-23.11)	9
e-u-na-ru-ka-na	eunarukana	koʈ-	-23.2009	koʈ- (-23.20); poʈʈ- (-24.18); tʃuːʈ (-25.27)	10
i-da-a-u	idaau	jaɳʈ-	-11.3814	jaɳʈ- (-11.38); poʈʈ- (-12.18); aɳʈʈ- (-12.58)	5
i-da-ja	idaja	jaɳʈ-	-11.9303	jaɳʈ- (-11.93); aɳʈʈ (-13.23); putʃ (-13.27)	5
i-da-ja-j	idajaj	jaɳʈ-	-14.5279	jaɳʈ- (-14.53); poʈʈ- (-15.39); aɳʈʈ- (-16.08)	6
i-da-ja-ja	idajaja	jaɳʈ-	-17.5607	jaɳʈ- (-17.56); poʈʈ- (-18.07); aɳʈʈ (-18.86)	7
i-da-ja-s	idajas	jaɳʈ-	-14.5279	jaɳʈ- (-14.53); poʈʈ- (-15.39); aɳʈʈ- (-16.08)	6
i-i-pi-n	iipin	jaː-	-13.0846	jaː- (-13.08); jAm (-13.77); ir- (-14.24)	5
i-i-pi-na	iipina	jaː-	-15.9115	jaː- (-15.91); jAm (-16.84); jaːʈu (-17.16)	6
i-i-pi-na-m	iipinam	jaɳʈ-	-17.9069	jaɳʈ- (-17.91); jaː- (-18.85); jAm (-19.98)	7
i-i-pi-na-ma	iipinama	jaɳʈ-	-20.7214	jaɳʈ- (-20.72); jaː- (-21.88); jaːʈu (-22.57)	8
i-i-pi-na-ma-i	iipinamai	jaɳʈ-	-23.416	jaɳʈ- (-23.42); iruppaj (-24.65); muːʈʈaj (-24.78)	9
i-i-pi-na-ma-i-n	iipinamain	jaɳʈ-	-26.481	jaɳʈ- (-26.48); jaː- (-28.10); iruppaj (-28.13)	10
i-ja-re	ijare	jaːh	-11.8348	jaːh (-11.83); jaɳʈ- (-11.95); jaː- (-13.49)	5
i-ja-re-d	ijared	jaɳʈ-	-15.0501	jaɳʈ- (-15.05); jaːh (-15.34); jaː- (-16.40)	6
i-ja-re-di	ijaredi	poːr	-18.2475	poːr (-18.25); piːr (-18.25); jaɳʈ- (-18.27)	7
i-ja-re-di-j	ijaredij	jaɳʈ-	-21.5526	jaɳʈ- (-21.55); kuːr- (-21.62); poːr (-21.75)	8
i-ja-re-di-ja	ijaredija	kuːr-	-24.4469	kuːr- (-24.45); t̪ah(r) (-24.64); jaɳʈ- (-24.86)	9
i-ja-sa	ijasa	jaɳʈ-	-11.9303	jaɳʈ- (-11.93); aɳʈʈ (-13.23); putʃ (-13.27)	5
i-ja-sa-s	ijasas	jaɳʈ-	-14.5279	jaɳʈ- (-14.53); poʈʈ- (-15.39); aɳʈʈ- (-16.08)	6
i-ja-sa-sa	ijasasa	jaɳʈ-	-17.5607	jaɳʈ- (-17.56); poʈʈ- (-18.07); aɳʈʈ (-18.86)	7
i-ja-sa-sa-r	ijasasar	poʈʈ-	-19.3678	poʈʈ- (-19.37); jaɳʈ- (-20.50); jaːh (-20.68)	8
i-ja-sa-u	ijasau	jaɳʈ-	-14.5279	jaɳʈ- (-14.53); poʈʈ- (-15.39); aɳʈʈ- (-16.08)	6
i-ja-sa-u-n	ijasaun	jaɳʈ-	-17.5668	jaɳʈ- (-17.57); poʈʈ- (-18.21); aɳʈʈ- (-18.91)	7
i-ja-sa-u-na	ijasauna	jaɳʈ-	-20.7509	jaɳʈ- (-20.75); poʈʈ- (-21.21); aɳʈʈ- (-22.00)	8
i-ja-sa-u-na-k	ijasaunak	jaːʈu	-20.3316	jaːʈu (-20.33); paːʈu (-20.90); aʈʈu (-22.11)	9
i-ja-sa-u-na-ka	ijasaunaka	jaːʈu	-23.8378	jaːʈu (-23.84); paːʈu (-24.41); tʃup (-25.27)	10
i-ke-ta	iketa	-oː	-11.6354	-oː (-11.64); -aː (-11.64); -oːʈu (-11.95)	5
i-ke-ta-n	iketan	jaː-	-12.6522	jaː- (-12.65); jaɳʈ- (-13.17); oʈ- (-13.37)	6
i-ke-ta-na	iketana	jaː-	-15.115	jaː- (-15.12); jaɳʈ- (-15.98); jaːʈu (-16.07)	7
i-ke-ta-na-i	iketanai	iruppaj	-17.238	iruppaj (-17.24); jaː- (-17.95); jaɳʈ- (-18.47)	8
i-ke-ta-na-i-*301	iketanaiΘ	iruppaj	-20.7201	iruppaj (-20.72); jaː- (-20.95); jaɳʈ- (-21.48)	9
i-ke-ta-na-i-*301-t	iketanaiΘt	appa	-21.0293	appa (-21.03); peʈʈi (-23.11); iruppaj (-23.64)	10
i-ki-te	ikite	oj-	-9.1813	oj- (-9.18); oraɭu (-9.78); t̪oramp- (-10.40)	5
i-ki-te-s	ikites	jaː-	-11.9696	jaː- (-11.97); oj- (-12.29); t̪oramp- (-12.83)	6
i-ki-te-si	ikitesi	jaː-	-14.4282	jaː- (-14.43); jaːn̪ (-15.28); n̪iːr (-15.46)	7
i-ki-te-si-r	ikitesir	jaːh	-15.0985	jaːh (-15.10); jaː- (-17.26); oj- (-18.61)	8
i-ki-te-si-ra	ikitesira	jaːh	-18.605	jaːh (-18.61); koran̪k- (-19.14); jaː- (-20.26)	9
i-ki-te-t	ikitet	jaː-	-11.9618	jaː- (-11.96); oj- (-12.29); oraɭu (-12.58)	6
i-ki-te-te	ikitete	jaː-	-14.4128	jaː- (-14.41); t̪oramp- (-15.49); oj- (-15.51)	7
i-ki-te-te-r	ikiteter	jaːh	-14.8094	jaːh (-14.81); jaː- (-17.10); t̪oramp- (-18.38)	8
i-ki-te-te-re	ikitetere	jaːh	-18.3155	jaːh (-18.32); jaː- (-20.00); koran̪k- (-21.30)	9
i-ki-te-te-re-p	ikiteterep	jaːh	-21.8212	jaːh (-21.82); jaː- (-23.03); koran̪k- (-24.13)	10
i-ki-tu	ikitu	oj-	-9.1813	oj- (-9.18); oraɭu (-9.78); t̪oramp- (-10.40)	5
i-ki-tu-j	ikituj	jaː-	-11.9696	jaː- (-11.97); oj- (-12.29); t̪oramp- (-12.83)	6
i-ki-tu-ja	ikituja	jaː-	-14.4282	jaː- (-14.43); jaːʈu (-15.41); t̪oramp- (-15.42)	7
i-ki-tu-ja-s	ikitujas	t̪oramp-	-16.2775	t̪oramp- (-16.28); jaː- (-17.26); jaːʈu (-18.24)	8
i-na-i-d	inaid	jaɳʈ-	-11.9455	jaɳʈ- (-11.95); jaː- (-13.45); poːr (-13.81)	5
i-na-i-da	inaida	jaɳʈ-	-15.0299	jaɳʈ- (-15.03); jaː- (-16.31); putʃ (-16.36)	6
i-na-i-da-j	inaidaj	jaɳʈ-	-17.6263	jaɳʈ- (-17.63); poʈʈ- (-18.66); patʃ- (-19.21)	7
i-na-i-da-ja	inaidaja	jaɳʈ-	-20.6572	jaɳʈ- (-20.66); poʈʈ- (-21.33); patʃ- (-22.02)	8
i-na-i-da-ja-s	inaidajas	poʈʈ-	-22.5249	poʈʈ- (-22.52); jaɳʈ- (-23.56); patʃ- (-24.56)	9
i-na-ja	inaja	jaɳʈ-	-11.9303	jaɳʈ- (-11.93); aɳʈʈ (-13.23); putʃ (-13.27)	5
i-na-ja-r	inajar	jaːh	-14.3321	jaːh (-14.33); jaɳʈ- (-14.53); poʈʈ- (-15.39)	6
i-na-ja-re	inajare	jaɳʈ-	-17.5668	jaɳʈ- (-17.57); jaːh (-17.84); poʈʈ- (-18.21)	7
i-na-ja-re-t	inajaret	peʈʈi	-19.5293	peʈʈi (-19.53); appa (-19.87); jaɳʈ- (-20.75)	8
i-na-ja-re-ta	inajareta	kaʈ	-21.0366	kaʈ (-21.04); paːʈa- (-22.38); peʈʈi (-22.64)	9
i-na-ma	inama	jaɳʈ-	-11.9303	jaɳʈ- (-11.93); aɳʈʈ (-13.23); putʃ (-13.27)	5
i-na-ma-i	inamai	jaɳʈ-	-14.5279	jaɳʈ- (-14.53); poːr (-15.19); piːr (-15.19)	6
i-na-ma-i-n	inamain	jaɳʈ-	-17.5666	jaɳʈ- (-17.57); poʈʈ- (-18.21); poːr (-18.70)	7
i-na-ma-i-na	inamaina	jaɳʈ-	-20.7491	jaɳʈ- (-20.75); poʈʈ- (-21.21); aɳʈʈ- (-22.00)	8
i-na-ma-i-na-j	inamainaj	poʈʈ-	-22.804	poʈʈ- (-22.80); jaɳʈ- (-23.73); patʃ- (-24.57)	9
i-na-ma-i-na-ja	inamainaja	poʈʈ-	-25.6626	poʈʈ- (-25.66); jaɳʈ- (-26.89); patʃ- (-27.58)	10
i-na-ma-s	inamas	jaɳʈ-	-14.5279	jaɳʈ- (-14.53); poʈʈ- (-15.39); aɳʈʈ- (-16.08)	6
i-na-ma-si	inamasi	jaɳʈ-	-17.5668	jaɳʈ- (-17.57); piːr (-18.03); poːr (-18.03)	7
i-na-ma-si-r	inamasir	jaːh	-20.6568	jaːh (-20.66); jaɳʈ- (-20.76); poʈʈ- (-21.31)	8
i-na-ma-si-ru	inamasiru	jaɳʈ-	-24.0221	jaɳʈ- (-24.02); jaːh (-24.16); poʈʈ- (-24.52)	9
i-na-ma-si-ru-t	inamasirut	peʈʈi	-26.5054	peʈʈi (-26.51); appa (-26.88); jaɳʈ- (-27.33)	10
i-nu-i-n	inuin	jaː-	-13.4542	jaː- (-13.45); jAm (-14.21); oj- (-14.78)	5
i-nu-i-na	inuina	jaː-	-16.3112	jaː- (-16.31); jAm (-17.28); jaːʈu (-17.58)	6
i-nu-i-na-i	inuinai	jaɳʈ-	-18.356	jaɳʈ- (-18.36); jaː- (-19.27); jaːn̪ (-20.16)	7
i-nu-i-na-i-d	inuinaid	jaɳʈ-	-21.1828	jaɳʈ- (-21.18); jaː- (-22.29); kuːr- (-23.34)	8
i-nu-i-na-i-da	inuinaida	jaɳʈ-	-24.2767	jaɳʈ- (-24.28); jaː- (-25.37); jaːʈu (-26.19)	9
i-nu-i-na-i-da-j	inuinaidaj	jaɳʈ-	-27.0711	jaɳʈ- (-27.07); jaː- (-28.49); poʈʈ- (-28.69)	10
i-nu-ja	inuja	jaː-	-13.4909	jaː- (-13.49); jAm (-14.36); jaːʈu (-14.67)	5
i-nu-ja-s	inujas	jaɳʈ-	-15.4099	jaɳʈ- (-15.41); jaː- (-16.40); jAm (-17.51)	6
i-nu-ja-sa	inujasa	jaɳʈ-	-18.2244	jaɳʈ- (-18.22); jaː- (-19.41); aɳʈʈ (-19.54)	7
i-nu-ja-sa-s	inujasas	jaɳʈ-	-20.9276	jaɳʈ- (-20.93); poʈʈ- (-21.98); aɳʈʈ- (-22.38)	8
i-nu-ja-sa-sa	inujasasa	jaɳʈ-	-23.9905	jaɳʈ- (-23.99); poʈʈ- (-24.71); aɳʈʈ- (-25.19)	9
i-nu-ja-sa-sa-r	inujasasar	poʈʈ-	-26.2669	poʈʈ- (-26.27); jaɳʈ- (-27.00); jaːh (-27.19)	10
i-nwa-z	inwaz	jaɳʈ-	-12.2078	jaɳʈ- (-12.21); -aːl (-13.33); jaː- (-13.49)	5
i-nwa-za	inwaza	putʃ	-13.8504	putʃ (-13.85); jaɳʈ- (-15.02); aɲtʃ (-16.00)	6
i-nwa-za-*56	inwazaΦ	peːtʃ-	-16.5295	peːtʃ- (-16.53); patʃ- (-16.71); putʃ (-17.36)	7
i-nwa-za-*56-n	inwazaΦn	peːtʃ-	-19.3529	peːtʃ- (-19.35); patʃ- (-19.53); pitʃtʃ- (-20.16)	8
i-nwa-za-*56-ni	inwazaΦni	tʃeːr	-22.3275	tʃeːr (-22.33); peːtʃ- (-22.46); jaːn̪ (-22.46)	9
i-pi-na	ipina	jaː-	-13.333	jaː- (-13.33); jAm (-14.05); jaːʈu (-14.45)	5
i-pi-na-m	ipinam	jaɳʈ-	-15.0175	jaɳʈ- (-15.02); jaː- (-16.17); jAm (-17.14)	6
i-pi-na-ma	ipinama	jaɳʈ-	-17.8298	jaɳʈ- (-17.83); jaː- (-19.13); aɳʈʈ (-19.54)	7
i-pi-na-ma-i	ipinamai	jaɳʈ-	-20.4975	jaɳʈ- (-20.50); muːʈʈaj (-21.77); iruppaj (-21.86)	8
i-pi-na-ma-i-n	ipinamain	jaɳʈ-	-23.5549	jaɳʈ- (-23.55); poʈʈ- (-24.81); aɳʈʈ- (-25.21)	9
i-pi-na-ma-i-na	ipinamaina	jaɳʈ-	-26.748	jaɳʈ- (-26.75); poʈʈ- (-27.84); aɳʈʈ- (-28.30)	10
i-pi-na-ma-s	ipinamas	jaɳʈ-	-20.4975	jaɳʈ- (-20.50); poʈʈ- (-21.98); jaː- (-22.17)	8
i-pi-na-ma-si	ipinamasi	jaɳʈ-	-23.5549	jaɳʈ- (-23.55); muːʈʈaj (-24.62); iruppaj (-24.74)	9
i-pi-na-ma-si-r	ipinamasir	jaːh	-26.7218	jaːh (-26.72); jaɳʈ- (-26.75); poʈʈ- (-27.91)	10
i-ru-te	irute	kaː	-9.8638	kaː (-9.86); -aː (-11.64); jaː- (-12.01)	5
i-ru-te-i	irutei	kaːr	-9.8597	kaːr (-9.86); kaːj (-9.86); kaj (-10.51)	6
i-ru-te-i-d	iruteid	kaːr	-13.3647	kaːr (-13.36); kaːj (-13.36); kaj (-14.02)	7
i-ru-te-i-di	iruteidi	kaːj	-15.5001	kaːj (-15.50); kaːr (-15.50); kej (-16.84)	8
i-te-si	itesi	jaː-	-8.1096	jaː- (-8.11); jaːn̪ (-8.96); aːj (-9.18)	5
i-te-si-r	itesir	jaːh	-8.7771	jaːh (-8.78); jaː- (-10.94); jaːn̪ (-12.42)	6
i-te-si-ra	itesira	jaːh	-12.2836	jaːh (-12.28); jaː- (-13.94); jaːʈu (-15.39)	7
i-te-te	itete	jaː-	-8.0941	jaː- (-8.09); -aː (-10.95); jaːɭ (-11.06)	5
i-te-te-r	iteter	jaːh	-8.4874	jaːh (-8.49); jaː- (-10.78); ih (-13.33)	6
i-te-te-re	itetere	jaːh	-11.9935	jaːh (-11.99); jaː- (-13.68); n̪ah- (-16.75)	7
i-te-te-re-p	iteterep	jaːh	-15.4992	jaːh (-15.50); jaː- (-16.71); n̪ah- (-19.58)	8
i-tu-ja	ituja	jaː-	-8.1096	jaː- (-8.11); jaːʈu (-9.09); jaɳʈ- (-11.29)	5
i-tu-ja-s	itujas	jaː-	-10.9393	jaː- (-10.94); jaːʈu (-11.92); jaɳʈ- (-12.14)	6
i-*301-ti-j	iΘtij	jaː-	-9.1551	jaː- (-9.16); -aj (-9.18); -ar (-9.18)	5
i-*301-ti-ja	iΘtija	jaː-	-11.6123	jaː- (-11.61); jaːʈu (-12.60); ir- (-12.69)	6
i-*301-ti-ja-s	iΘtijas	jaː-	-14.4427	jaː- (-14.44); jaːʈu (-15.43); jaɳʈ- (-15.62)	7
i-*301-ti-ja-sa	iΘtijasa	jaː-	-17.4473	jaː- (-17.45); jaːʈu (-18.05); jaɳʈ- (-18.45)	8
i-*301-ti-ja-sa-s	iΘtijasas	jaː-	-20.5541	jaː- (-20.55); jaːʈu (-21.09); jaɳʈ- (-21.16)	9
i-*301-ti-ja-sa-sa	iΘtijasasa	jaː-	-23.7283	jaː- (-23.73); jaːʈu (-24.05); jaɳʈ- (-24.22)	10
i-*301-u-ja	iΘuja	jaː-	-13.4909	jaː- (-13.49); jAm (-14.36); jaːʈu (-14.67)	5
i-*301-u-ti	iΘuti	-aj	-8.7811	-aj (-8.78); -ar (-8.78); ʋeriɡ (-10.48)	5
i-*301-u-ti-n	iΘutin	-aj	-12.2883	-aj (-12.29); -ar (-12.29); jaː- (-12.65)	6
i-*301-u-ti-nu	iΘutinu	jaː-	-15.1142	jaː- (-15.11); -aj (-15.80); -ar (-15.80)	7
i-*301-u-ti-nu-j	iΘutinuj	jaː-	-17.9462	jaː- (-17.95); ir- (-19.30); -aj (-19.30)	8
i-*301-u-ti-nu-ja	iΘutinuja	jaː-	-20.9517	jaː- (-20.95); jaːʈu (-22.40); ir- (-22.52)	9
i-*301-u-ti-nu-ja-s	iΘutinujas	jaː-	-24.0589	jaː- (-24.06); jaːʈu (-25.25); jaɳʈ- (-25.60)	10
i-*301-wa-e	iΘwae	jaɳʈ-	-12.2078	jaɳʈ- (-12.21); jaː- (-13.49); jAm (-14.36)	5
i-*301-wa-e-a	iΘwaea	jaɳʈ-	-15.0194	jaɳʈ- (-15.02); aɳʈʈ (-16.33); jaː- (-16.40)	6
i-*301-wa-e-a-d	iΘwaead	jaɳʈ-	-17.6857	jaɳʈ- (-17.69); poʈʈ- (-18.67); aɳʈʈ- (-19.17)	7
i-*301-wa-e-a-di	iΘwaeadi	jaɳʈ-	-20.7427	jaɳʈ- (-20.74); poʈʈ- (-21.49); piːr (-21.52)	8
i-*301-wa-e-a-di-k	iΘwaeadik	jaːʈu	-21.0321	jaːʈu (-21.03); paːʈu (-22.97); -oːʈu (-23.03)	9
i-*301-wa-e-a-di-ki	iΘwaeadiki	jaːʈu	-24.5393	jaːʈu (-24.54); paːʈu (-26.48); -oːʈu (-26.53)	10
i-*301-wa-j	iΘwaj	jaɳʈ-	-12.2078	jaɳʈ- (-12.21); jaː- (-13.49); jAm (-14.36)	5
i-*301-wa-ja	iΘwaja	jaɳʈ-	-15.0194	jaɳʈ- (-15.02); aɳʈʈ (-16.33); jaː- (-16.40)	6
i-*301-wa-ja-a	iΘwajaa	jaɳʈ-	-17.6788	jaɳʈ- (-17.68); poʈʈ- (-18.46); aɳʈʈ (-18.54)	7
i-*301-wa-ja-a-d	iΘwajaad	poʈʈ-	-19.3918	poʈʈ- (-19.39); jaɳʈ- (-20.49); aɳʈʈ- (-21.15)	8
i-*301-wa-ja-a-di	iΘwajaadi	poʈʈ-	-22.2445	poʈʈ- (-22.24); jaɳʈ- (-23.60); muːʈʈaj (-23.62)	9
i-*301-wa-ja-a-di-k	iΘwajaadik	jaːʈu	-23.8221	jaːʈu (-23.82); paːʈu (-25.31); poʈʈ- (-25.36)	10
i-*301-wa-ja-a-j	iΘwajaaj	poʈʈ-	-19.3918	poʈʈ- (-19.39); jaɳʈ- (-20.49); aɳʈʈ- (-21.15)	8
i-*301-wa-ja-a-ja	iΘwajaaja	poʈʈ-	-22.2236	poʈʈ- (-22.22); jaɳʈ- (-23.59); aɳʈʈ- (-24.08)	9
i-*301-wa-ja-j	iΘwajaj	jaɳʈ-	-17.6857	jaɳʈ- (-17.69); poʈʈ- (-18.67); aɳʈʈ- (-19.17)	7
i-*301-wa-ja-ja	iΘwajaja	jaɳʈ-	-20.7375	jaɳʈ- (-20.74); poʈʈ- (-21.37); aɳʈʈ- (-21.98)	8
i-*301-wa-ja-ja-a	iΘwajajaa	poʈʈ-	-22.7698	poʈʈ- (-22.77); jaɳʈ- (-23.72); aɳʈʈ- (-24.45)	9
i-*301-wa-ja-ja-d	iΘwajajad	poʈʈ-	-22.8165	poʈʈ- (-22.82); jaɳʈ- (-23.72); aɳʈʈ- (-24.47)	9
i-*301-wa-ja-ja-di	iΘwajajadi	poʈʈ-	-25.6954	poʈʈ- (-25.70); jaɳʈ- (-26.89); muːʈʈaj (-27.03)	10
i-*301-wa-ja-ja-i	iΘwajajai	poʈʈ-	-22.8165	poʈʈ- (-22.82); jaɳʈ- (-23.72); muːʈʈaj (-24.05)	9
i-*301-wa-ja-ja-i-n	iΘwajajain	poʈʈ-	-25.6954	poʈʈ- (-25.70); jaɳʈ- (-26.89); aɳʈʈ- (-27.48)	10
i-*301-wa-ja-ja-j	iΘwajajaj	poʈʈ-	-22.8165	poʈʈ- (-22.82); jaɳʈ- (-23.72); aɳʈʈ- (-24.47)	9
i-*301-wa-ja-ja-ja	iΘwajajaja	poʈʈ-	-25.6698	poʈʈ- (-25.67); jaɳʈ- (-26.88); aɳʈʈ- (-27.47)	10
i-*301-wa-ja-ja-s	iΘwajajas	poʈʈ-	-22.8165	poʈʈ- (-22.82); jaɳʈ- (-23.72); aɳʈʈ- (-24.47)	9
i-*301-wa-ja-ja-sa	iΘwajajasa	poʈʈ-	-25.6698	poʈʈ- (-25.67); jaɳʈ- (-26.88); aɳʈʈ- (-27.47)	10
i-*301-wa-ja-s	iΘwajas	jaɳʈ-	-17.6857	jaɳʈ- (-17.69); poʈʈ- (-18.67); aɳʈʈ- (-19.17)	7
i-*301-wa-ja-se	iΘwajase	jaɳʈ-	-20.7427	jaɳʈ- (-20.74); poʈʈ- (-21.49); aɳʈʈ- (-22.00)	8
i-*301-wa-ja-se-k	iΘwajasek	jaːʈu	-21.0322	jaːʈu (-21.03); paːʈu (-22.97); -oːʈu (-23.03)	9
i-*301-wa-ja-se-ka	iΘwajaseka	jaːʈu	-24.5372	jaːʈu (-24.54); tʃup (-25.73); paːʈu (-26.47)	10
i-*301-wa-ja-t	iΘwajat	peʈʈi	-15.8283	peʈʈi (-15.83); appa (-16.08); jaɳʈ- (-17.68)	7
i-*301-wa-ja-tu	iΘwajatu	paːʈa-	-18.8215	paːʈa- (-18.82); peʈʈi (-19.33); appa (-19.59)	8
i-*301-wa-ja-tu-r	iΘwajatur	jaːh	-20.36	jaːh (-20.36); paːʈa- (-21.63); tʃah (-22.23)	9
i-*301-wa-ja-tu-ru	iΘwajaturu	jaːh	-23.8651	jaːh (-23.87); paːʈa- (-24.72); tʃah- (-25.08)	10
ja-a-di	jaadi	piːr	-11.4574	piːr (-11.46); poːr (-11.46); poʈʈ- (-11.90)	5
ja-a-di-k	jaadik	aʈʈu	-13.28	aʈʈu (-13.28); po (-13.33); paːʈu (-13.88)	6
ja-a-di-ki	jaadiki	poːr	-16.1928	poːr (-16.19); pokaj (-16.78); aʈʈu (-16.79)	7
ja-a-di-ki-t	jaadikit	ajja	-19.3678	ajja (-19.37); pula (-19.53); puli (-19.53)	8
ja-a-di-ki-te	jaadikite	put̪a-	-20.0893	put̪a- (-20.09); pera- (-21.21); putʃa- (-22.23)	9
ja-a-di-ki-te-s	jaadikites	put̪a-	-22.9127	put̪a- (-22.91); pera- (-24.03); putʃa- (-25.05)	10
ja-a-ja	jaaja	poʈʈ-	-11.7426	poʈʈ- (-11.74); putʃ (-12.18); aɳʈʈ (-12.55)	5
ja-di-k	jadik	po	-10.5162	po (-10.52); poːr (-12.38); puɻu (-12.58)	5
ja-di-ki	jadiki	poːr	-13.484	poːr (-13.48); pokaj (-13.97); po (-14.02)	6
ja-di-ki-t	jadikit	ajja	-16.0835	ajja (-16.08); kerri (-16.33); puli (-16.72)	7
ja-di-ki-tu	jadikitu	put̪a-	-17.2978	put̪a- (-17.30); pera- (-18.53); t̪oramp- (-19.54)	8
ja-di-ki-tu-j	jadikituj	put̪a-	-20.1213	put̪a- (-20.12); pera- (-21.35); t̪oramp- (-21.97)	9
ja-di-ki-tu-ja	jadikituja	put̪a-	-23.2263	put̪a- (-23.23); pera- (-24.45); t̪oramp- (-24.56)	10
ja-i-n-w	jainw	piːr	-13.9047	piːr (-13.90); poːr (-13.90); pot̪ (-14.65)	5
ja-i-nwa	jainwa	putʃ	-16.0669	putʃ (-16.07); poːr (-17.39); piːr (-17.39)	6
ja-i-nwa-z	jainwaz	paːl	-17.7865	paːl (-17.79); poʈʈ- (-18.64); patʃ- (-18.89)	7
ja-i-nwa-za	jainwaza	putʃ	-19.1601	putʃ (-19.16); pitʃtʃ- (-19.44); pin̪tʃtʃar (-20.31)	8
ja-i-nwa-za-*56	jainwazaΦ	pitʃtʃ-	-18.9162	pitʃtʃ- (-18.92); peːtʃ- (-20.64); piɻatʃtʃ- (-21.41)	9
ja-i-nwa-za-*56-n	jainwazaΦn	pitʃtʃ-	-21.7389	pitʃtʃ- (-21.74); peːtʃ- (-23.46); piɻatʃtʃ- (-24.23)	10
ja-ja-a	jajaa	poʈʈ-	-11.854	poʈʈ- (-11.85); putʃ (-12.18); aɳʈʈ (-12.32)	5
ja-ja-d	jajad	poʈʈ-	-12.169	poʈʈ- (-12.17); patʃ- (-12.62); aɳʈʈ- (-13.26)	5
ja-ja-di	jajadi	piːr	-14.5399	piːr (-14.54); poːr (-14.54); poʈʈ- (-14.99)	6
ja-ja-di-k	jajadik	paːʈu	-16.0946	paːʈu (-16.09); aʈʈu (-16.77); po (-16.84)	7
ja-ja-di-ki	jajadiki	poːr	-19.5707	poːr (-19.57); paːʈu (-19.60); aʈʈu (-20.28)	8
ja-ja-di-ki-t	jajadikit	ajja	-22.6929	ajja (-22.69); kerri (-22.81); poːr (-23.01)	9
ja-ja-di-ki-tu	jajadikitu	put̪a-	-23.5713	put̪a- (-23.57); pera- (-24.58); putʃa- (-25.55)	10
ja-ja-i	jajai	poːr	-11.7094	poːr (-11.71); piːr (-11.71); poʈʈ- (-12.17)	5
ja-ja-i-n	jajain	poʈʈ-	-14.9884	poʈʈ- (-14.99); poːr (-15.21); piːr (-15.21)	6
ja-ja-i-n-w	jajainw	poʈʈ-	-18.0848	poʈʈ- (-18.08); patʃ- (-18.55); poːr (-18.72)	7
ja-ja-i-nwa	jajainwa	poʈʈ-	-21.1947	poʈʈ- (-21.19); patʃ- (-21.75); putʃ (-21.98)	8
ja-ja-i-nwa-z	jajainwaz	poʈʈ-	-22.8104	poʈʈ- (-22.81); paːl (-23.76); patʃ- (-24.33)	9
ja-ja-i-nwa-za	jajainwaza	pitʃtʃ-	-25.2873	pitʃtʃ- (-25.29); putʃ (-25.41); poʈʈ- (-25.66)	10
ja-ja-j	jajaj	poʈʈ-	-12.169	poʈʈ- (-12.17); patʃ- (-12.62); aɳʈʈ- (-13.26)	5
ja-ja-ja	jajaja	poʈʈ-	-14.8095	poʈʈ- (-14.81); putʃ (-15.39); patʃ- (-15.42)	6
ja-ja-ja-w	jajajaw	poʈʈ-	-15.9209	poʈʈ- (-15.92); patʃ- (-17.85); aɳʈʈ- (-18.35)	7
ja-ja-ja-wa	jajajawa	poʈʈ-	-18.7531	poʈʈ- (-18.75); patʃ- (-20.84); aɳʈʈ- (-21.31)	8
ja-ja-s	jajas	poʈʈ-	-12.169	poʈʈ- (-12.17); patʃ- (-12.62); aɳʈʈ- (-13.26)	5
ja-ja-sa	jajasa	poʈʈ-	-14.8095	poʈʈ- (-14.81); putʃ (-15.39); patʃ- (-15.42)	6
ja-ja-sa-s	jajasas	poʈʈ-	-15.9209	poʈʈ- (-15.92); patʃ- (-17.85); aɳʈʈ- (-18.35)	7
ja-ja-sa-sa	jajasasa	poʈʈ-	-18.7531	poʈʈ- (-18.75); patʃ- (-20.84); aɳʈʈ- (-21.31)	8
ja-ja-sa-sa-r	jajasasar	poʈʈ-	-21.1239	poʈʈ- (-21.12); patʃ- (-23.66); pitʃtʃ- (-23.74)	9
ja-ja-sa-sa-ra	jajasasara	poʈʈ-	-24.1005	poʈʈ- (-24.10); pitʃtʃ- (-26.68); patʃ- (-26.76)	10
ja-ja-w	jajaw	poʈʈ-	-12.169	poʈʈ- (-12.17); patʃ- (-12.62); aɳʈʈ- (-13.26)	5
ja-ja-wa	jajawa	poʈʈ-	-14.8095	poʈʈ- (-14.81); putʃ (-15.39); patʃ- (-15.42)	6
ja-re-d	jared	puh	-13.8543	puh (-13.85); piː (-14.76); koʈ- (-15.02)	5
ja-re-di	jaredi	piːr	-14.7594	piːr (-14.76); poːr (-14.76); kuːr (-15.30)	6
ja-re-di-j	jaredij	kuːr-	-18.1495	kuːr- (-18.15); poːr (-18.27); piːr (-18.27)	7
ja-re-di-ja	jaredija	kuːr-	-20.9729	kuːr- (-20.97); poːr (-21.77); piːr (-21.77)	8
ja-re-t	jaret	paɻa	-12.5842	paɻa (-12.58); pula (-12.86); puli (-12.86)	5
ja-re-ta	jareta	kaʈ	-10.5151	kaʈ (-10.52); piː (-13.37); kaː (-13.37)	6
ja-sa-s	jasas	poʈʈ-	-12.169	poʈʈ- (-12.17); patʃ- (-12.62); aɳʈʈ- (-13.26)	5
ja-sa-sa	jasasa	poʈʈ-	-14.8095	poʈʈ- (-14.81); putʃ (-15.39); patʃ- (-15.42)	6
ja-sa-sa-r	jasasar	poʈʈ-	-15.9209	poʈʈ- (-15.92); patʃ- (-17.85); aɳʈʈ- (-18.35)	7
ja-sa-sa-ra	jasasara	poʈʈ-	-18.7531	poʈʈ- (-18.75); patʃ- (-20.84); aɳʈʈ- (-21.31)	8
ja-sa-sa-ra-m	jasasaram	poʈʈ-	-21.1239	poʈʈ- (-21.12); patʃ- (-23.66); pitʃtʃ- (-23.74)	9
ja-sa-sa-ra-ma	jasasarama	poʈʈ-	-24.1005	poʈʈ- (-24.10); pitʃtʃ- (-26.68); patʃ- (-26.76)	10
ja-sa-sa-ra-me	jasasarame	poʈʈ-	-24.113	poʈʈ- (-24.11); pitʃtʃ- (-26.69); patʃ- (-26.76)	10
ja-sa-u	jasau	poʈʈ-	-12.169	poʈʈ- (-12.17); patʃ- (-12.62); aɳʈʈ- (-13.26)	5
ja-sa-u-n	jasaun	poʈʈ-	-14.9884	poʈʈ- (-14.99); patʃ- (-15.45); aɳʈʈ- (-16.09)	6
ja-sa-u-na	jasauna	poʈʈ-	-17.9568	poʈʈ- (-17.96); patʃ- (-18.53); putʃ (-18.67)	7
ja-sa-u-na-k	jasaunak	paːʈu	-17.409	paːʈu (-17.41); aʈʈu (-18.92); -oːʈu (-19.12)	8
ja-sa-u-na-ka	jasaunaka	paːʈu	-20.9143	paːʈu (-20.91); poʈʈ- (-21.93); tʃup (-21.97)	9
ja-sa-u-na-ka-n	jasaunakan	poʈʈ-	-24.0796	poʈʈ- (-24.08); paːʈu (-24.42); tʃup (-25.47)	10
ja-se-k	jasek	po	-10.5162	po (-10.52); puɻu (-12.58); pitu (-12.86)	5
ja-se-ka	jaseka	tʃup	-13.269	tʃup (-13.27); putʃ (-13.85); poʈʈ- (-13.90)	6
ja-se-ka-n	jasekan	poʈʈ-	-15.6839	poʈʈ- (-15.68); tʃup (-16.78); oʈ- (-16.87)	7
ja-se-ka-na	jasekana	poʈʈ-	-17.1686	poʈʈ- (-17.17); tʃuːʈ (-18.93); putʃ (-19.54)	8
ja-se-ka-na-s	jasekanas	poʈʈ-	-16.8676	poʈʈ- (-16.87); tʃuːʈ- (-21.76); uɻupp- (-22.18)	9
ja-se-ka-na-si	jasekanasi	poʈʈ-	-19.6928	poʈʈ- (-19.69); poːr (-22.51); tʃuːʈ- (-24.60)	10
ja-ta-i	jatai	piːr	-6.3552	piːr (-6.36); paːraj (-9.09); tʃeːr (-9.14)	5
ja-ta-i-*301	jataiΘ	piːr	-9.8602	piːr (-9.86); paːraj (-12.20); piː (-12.29)	6
ja-ta-i-*301-u	jataiΘu	piːr	-13.3643	piːr (-13.36); pera- (-15.27); piːt̪- (-15.37)	7
ja-ta-i-*301-u-j	jataiΘuj	piːr	-16.8676	piːr (-16.87); pera- (-18.23); piːt̪- (-18.43)	8
ja-ta-i-*301-u-ja	jataiΘuja	piːr	-20.3701	piːr (-20.37); peʈʈi (-20.83); pera- (-21.31)	9
ja-tu-r	jatur	piː	-9.1831	piː (-9.18); tʃah (-9.79); pakal (-10.48)	5
ja-tu-ru	jaturu	piː	-12.2882	piː (-12.29); tʃah- (-12.65); pakal (-13.28)	6
ja-tu-ru-s	jaturus	tʃah-	-15.4717	tʃah- (-15.47); piː (-15.51); pakal (-16.37)	7
ja-tu-ru-sa	jaturusa	tʃah-	-18.5773	tʃah- (-18.58); paːʈa- (-18.71); piː (-18.80)	8
ja-tu-ru-sa-i	jaturusai	piːr	-18.7906	piːr (-18.79); peːtʃ- (-20.63); paːraj (-20.83)	9
ja-tu-ru-sa-i-d	jaturusaid	piːr	-22.2973	piːr (-22.30); peːtʃ- (-23.47); paːʈa- (-23.77)	10
ja-wa-*56	jawaΦ	poʈʈ-	-12.169	poʈʈ- (-12.17); patʃ- (-12.62); aɳʈʈ- (-13.26)	5
ka-na-s	kanas	oʈ-	-8.4912	oʈ- (-8.49); uʈump- (-9.12); poʈʈ- (-9.77)	5
ka-na-si	kanasi	oʈ-	-11.5965	oʈ- (-11.60); uʈump- (-11.94); uːr (-12.00)	6
ka-na-si-s	kanasis	oʈ-	-14.8181	oʈ- (-14.82); uʈump- (-15.04); uːr (-15.51)	7
ka-na-si-si	kanasisi	uːr	-18.1019	uːr (-18.10); oʈ- (-18.10); uʈump- (-18.26)	8
ka-na-si-si-r	kanasisir	oʈ-	-21.4299	oʈ- (-21.43); uʈump- (-21.54); uːr (-21.61)	9
ke-ta-n	ketan	oʈ-	-9.8598	oʈ- (-9.86); -aː (-11.36); uɻa- (-11.90)	5
ke-ta-na	ketana	oʈ-	-12.678	oʈ- (-12.68); aɳʈʈ (-13.82); appa (-13.90)	6
ke-ta-na-i	ketanai	uːr	-15.2855	uːr (-15.29); oʈ- (-15.50); uɻupp- (-15.69)	7
ke-ta-na-i-*301	ketanaiΘ	uɻupp-	-18.5182	uɻupp- (-18.52); oʈ- (-18.61); uːr (-18.79)	8
ke-ta-na-i-*301-t	ketanaiΘt	appa	-17.5221	appa (-17.52); peʈʈi (-19.88); appam (-20.91)	9
ke-ta-na-i-*301-ti	ketanaiΘti	muːʈʈaj	-19.6382	muːʈʈaj (-19.64); iruppaj (-20.94); appa (-21.03)	10
ki-te-s	kites	oj-	-8.781	oj- (-8.78); jaː- (-9.16); oraɭu (-9.36)	5
ki-te-si	kitesi	jaː-	-11.6167	jaː- (-11.62); uːr (-12.00); oj- (-12.00)	6
ki-te-si-r	kitesir	jaːh	-12.2843	jaːh (-12.28); jaː- (-14.45); oj- (-15.10)	7
ki-te-si-ra	kitesira	jaːh	-15.7908	jaːh (-15.79); koran̪k- (-16.32); jaː- (-17.45)	8
ki-te-t	kitet	oj-	-8.781	oj- (-8.78); oraɭu (-9.08); jaː- (-9.15)	5
ki-te-te	kitete	jaː-	-11.6013	jaː- (-11.60); oj- (-12.00); oraɭu (-12.17)	6
ki-te-te-r	kiteter	jaːh	-11.9946	jaːh (-11.99); jaː- (-14.28); oj- (-15.29)	7
ki-te-te-re	kitetere	jaːh	-15.5007	jaːh (-15.50); jaː- (-17.18); koran̪k- (-18.49)	8
ki-te-te-re-p	kiteterep	jaːh	-19.0064	jaːh (-19.01); jaː- (-20.22); koran̪k- (-21.32)	9
ki-tu-j	kituj	oj-	-8.781	oj- (-8.78); jaː- (-9.16); oraɭu (-9.36)	5
ki-tu-ja	kituja	jaː-	-11.6167	jaː- (-11.62); oj- (-12.00); oraɭu (-12.56)	6
ki-tu-ja-s	kitujas	jaː-	-14.4464	jaː- (-14.45); oj- (-15.29); jaːʈu (-15.43)	7
ma-i-na	maina	putʃ	-12.8613	putʃ (-12.86); piːr (-13.90); poːr (-13.90)	5
ma-i-na-j	mainaj	poʈʈ-	-15.3743	poʈʈ- (-15.37); patʃ- (-15.71); jaɳʈ- (-16.13)	6
ma-i-na-ja	mainaja	poʈʈ-	-18.0056	poʈʈ- (-18.01); patʃ- (-18.52); putʃ (-18.67)	7
ma-i-na-ja-r	mainajar	poʈʈ-	-19.0599	poʈʈ- (-19.06); patʃ- (-21.06); jaːh (-21.32)	8
ma-i-na-ja-re	mainajare	poʈʈ-	-21.9175	poʈʈ- (-21.92); patʃ- (-24.08); jaɳʈ- (-24.58)	9
ma-i-na-ja-re-t	mainajaret	peʈʈi	-23.2834	peʈʈi (-23.28); poʈʈ- (-25.03); appa (-25.82)	10
ma-na-d	manad	poʈʈ-	-12.169	poʈʈ- (-12.17); patʃ- (-12.62); aɳʈʈ- (-13.26)	5
ma-na-da	manada	poʈʈ-	-14.8095	poʈʈ- (-14.81); putʃ (-15.39); patʃ- (-15.42)	6
ma-na-da-w	manadaw	poʈʈ-	-15.9209	poʈʈ- (-15.92); patʃ- (-17.85); aɳʈʈ- (-18.35)	7
ma-na-da-wa	manadawa	poʈʈ-	-18.7531	poʈʈ- (-18.75); patʃ- (-20.84); aɳʈʈ- (-21.31)	8
ma-na-da-wa-i	manadawai	poʈʈ-	-21.1239	poʈʈ- (-21.12); piːr (-23.65); poːr (-23.65)	9
ma-na-da-wa-i-j	manadawaij	poʈʈ-	-24.113	poʈʈ- (-24.11); pitʃtʃ- (-26.69); patʃ- (-26.76)	10
ma-si-r	masir	poːr	-12.6025	poːr (-12.60); piːr (-12.60); puh (-12.85)	5
ma-si-ru	masiru	aʈan̪k-	-16.0869	aʈan̪k- (-16.09); poːr (-16.10); piːr (-16.10)	6
ma-si-ru-t	masirut	aʈan̪k-	-18.91	aʈan̪k- (-18.91); tʃukka (-19.07); paɻa (-19.17)	7
ma-si-ru-te	masirute	pera-	-19.5561	pera- (-19.56); put̪a- (-20.31); piː (-20.37)	8
me-i-ja	meija	ir-	-15.052	ir- (-15.05); oj- (-15.05); jaː- (-15.13)	5
me-i-ja-s	meijas	jaɳʈ-	-16.1317	jaɳʈ- (-16.13); jaː- (-17.68); kuːʈ- (-17.82)	6
me-i-ja-sa	meijasa	jaɳʈ-	-18.9392	jaɳʈ- (-18.94); aɳʈʈ (-19.54); putʃ (-20.27)	7
me-i-ja-sa-s	meijasas	jaɳʈ-	-21.5377	jaɳʈ- (-21.54); poʈʈ- (-21.98); aɳʈʈ- (-22.38)	8
me-i-ja-sa-sa	meijasasa	jaɳʈ-	-24.5706	jaɳʈ- (-24.57); poʈʈ- (-24.71); aɳʈʈ- (-25.19)	9
me-i-ja-sa-u	meijasau	jaɳʈ-	-21.5377	jaɳʈ- (-21.54); poʈʈ- (-21.98); aɳʈʈ- (-22.38)	8
me-i-ja-sa-u-n	meijasaun	jaɳʈ-	-24.5767	jaɳʈ- (-24.58); poʈʈ- (-24.81); aɳʈʈ- (-25.21)	9
me-i-ja-sa-u-na	meijasauna	jaɳʈ-	-27.761	jaɳʈ- (-27.76); poʈʈ- (-27.84); aɳʈʈ- (-28.30)	10
me-i-ti	meiti	-aj	-8.7799	-aj (-8.78); -ar (-8.78); paːraj (-9.67)	5
me-u-na	meuna	kaʈ	-16.0405	kaʈ (-16.04); -oː (-16.26); -aː (-16.26)	5
me-u-na-k	meunak	-oːʈu	-13.3288	-oːʈu (-13.33); po (-14.03); aːʈu (-14.40)	6
me-u-na-ka	meunaka	tʃup	-15.894	tʃup (-15.89); -oːʈu (-16.82); poʈʈ- (-17.41)	7
me-u-na-ka-n	meunakan	poʈʈ-	-19.1817	poʈʈ- (-19.18); tʃup (-19.40); -oːʈu (-20.30)	8
me-u-na-ka-na	meunakana	poʈʈ-	-20.6746	poʈʈ- (-20.67); tʃuːʈ (-21.56); tʃup (-22.21)	9
me-u-na-ka-na-s	meunakanas	poʈʈ-	-20.3765	poʈʈ- (-20.38); tʃuːʈ- (-24.40); tʃuːʈ (-25.07)	10
me-u-na-r	meunar	puh	-17.3315	puh (-17.33); kuːʈ- (-17.82); koːʈ- (-17.82)	6
me-u-na-ru	meunaru	kuːʈ-	-20.6428	kuːʈ- (-20.64); koːʈ- (-20.64); puh (-20.81)	7
me-u-na-ru-k	meunaruk	-oːʈu	-20.335	-oːʈu (-20.34); po (-21.04); aːʈu (-21.41)	8
me-u-na-ru-ka	meunaruka	tʃup	-22.8942	tʃup (-22.89); -oːʈu (-23.82); koː (-23.89)	9
me-u-na-ru-ka-n	meunarukan	koʈ-	-23.8923	koʈ- (-23.89); poʈʈ- (-26.17); tʃup (-26.40)	10
na-da-d	nadad	poʈʈ-	-12.169	poʈʈ- (-12.17); patʃ- (-12.62); aɳʈʈ- (-13.26)	5
na-da-da	nadada	poʈʈ-	-14.8095	poʈʈ- (-14.81); putʃ (-15.39); patʃ- (-15.42)	6
na-da-da-u	nadadau	poʈʈ-	-15.9209	poʈʈ- (-15.92); patʃ- (-17.85); aɳʈʈ- (-18.35)	7
na-da-da-u-t	nadadaut	peʈʈi	-16.6453	peʈʈi (-16.65); poʈʈ- (-18.78); appa (-18.92)	8
na-da-da-u-ti	nadadauti	muːʈʈaj	-19.0948	muːʈʈaj (-19.09); peʈʈi (-20.15); paːʈa- (-20.71)	9
na-da-da-u-ti-n	nadadautin	muːʈʈaj	-22.602	muːʈʈaj (-22.60); paːʈa- (-23.53); peʈʈi (-23.66)	10
na-da-w	nadaw	poʈʈ-	-12.169	poʈʈ- (-12.17); patʃ- (-12.62); aɳʈʈ- (-13.26)	5
na-da-wa	nadawa	poʈʈ-	-14.8095	poʈʈ- (-14.81); putʃ (-15.39); patʃ- (-15.42)	6
na-da-wa-i	nadawai	poʈʈ-	-15.9209	poʈʈ- (-15.92); poːr (-17.50); piːr (-17.50)	7
na-da-wa-i-j	nadawaij	poʈʈ-	-18.7808	poʈʈ- (-18.78); patʃ- (-20.85); poːr (-21.00)	8
na-da-wa-i-ja	nadawaija	poʈʈ-	-21.8786	poʈʈ- (-21.88); patʃ- (-24.01); aɳʈʈ- (-24.48)	9
na-i-da	naida	putʃ	-12.8613	putʃ (-12.86); piːr (-13.90); poːr (-13.90)	5
na-i-da-j	naidaj	poʈʈ-	-15.3743	poʈʈ- (-15.37); patʃ- (-15.71); jaɳʈ- (-16.13)	6
na-i-da-ja	naidaja	poʈʈ-	-18.0056	poʈʈ- (-18.01); patʃ- (-18.52); putʃ (-18.67)	7
na-i-da-ja-s	naidajas	poʈʈ-	-19.0599	poʈʈ- (-19.06); patʃ- (-21.06); jaɳʈ- (-21.54)	8
na-i-*301-t	naiΘt	paɻa	-12.5842	paɻa (-12.58); pula (-12.86); puli (-12.86)	5
na-i-*301-ti	naiΘti	paːraj	-10.4043	paːraj (-10.40); -aj (-12.00); -ar (-12.00)	6
na-i-*301-ti-j	naiΘtij	paːraj	-13.9099	paːraj (-13.91); pera- (-15.39); -ar (-15.51)	7
na-i-*301-ti-ja	naiΘtija	paːraj	-17.4151	paːraj (-17.42); pera- (-18.29); jaː- (-18.63)	8
na-i-*301-ti-ja-s	naiΘtijas	paːraj	-20.92	paːraj (-20.92); pera- (-21.34); jaː- (-21.46)	9
na-i-*301-ti-ja-sa	naiΘtijasa	paːʈa-	-24.2754	paːʈa- (-24.28); peʈʈi (-24.41); paːraj (-24.42)	10
na-i-*301-u	naiΘu	piːr	-13.9047	piːr (-13.90); poːr (-13.90); pot̪ (-14.65)	5
na-i-*301-u-t	naiΘut	paɻa	-15.8549	paɻa (-15.85); puli (-16.07); pula (-16.07)	6
na-i-*301-u-ti	naiΘuti	paːraj	-13.8947	paːraj (-13.89); -ar (-15.29); -aj (-15.29)	7
na-i-*301-u-ti-n	naiΘutin	paːraj	-17.4001	paːraj (-17.40); -aj (-18.79); -ar (-18.79)	8
na-i-*301-u-ti-nu	naiΘutinu	paːraj	-20.9051	paːraj (-20.91); pera- (-21.78); jaː- (-22.13)	9
na-i-*301-u-ti-nu-j	naiΘutinuj	paːraj	-24.4098	paːraj (-24.41); pera- (-24.83); jaː- (-24.96)	10
na-ja-r	najar	poʈʈ-	-12.169	poʈʈ- (-12.17); puh (-12.57); patʃ- (-12.62)	5
na-ja-re	najare	poʈʈ-	-14.9884	poʈʈ- (-14.99); patʃ- (-15.45); puh (-16.06)	6
na-ja-re-t	najaret	peʈʈi	-16.3011	peʈʈi (-16.30); appa (-16.77); poʈʈ- (-18.08)	7
na-ja-re-ta	najareta	kaʈ	-17.5295	kaʈ (-17.53); paːʈa- (-18.93); peʈʈi (-19.31)	8
na-ka-n	nakan	poʈʈ-	-8.6913	poʈʈ- (-8.69); tʃup (-9.79); oʈ- (-9.86)	5
na-ka-na	nakana	poʈʈ-	-10.1612	poʈʈ- (-10.16); tʃuːʈ (-11.95); putʃ (-12.55)	6
na-ka-na-s	nakanas	poʈʈ-	-9.8552	poʈʈ- (-9.86); tʃuːʈ- (-14.79); tʃuːʈ (-15.46)	7
na-ka-na-si	nakanasi	poʈʈ-	-12.6804	poʈʈ- (-12.68); poːr (-15.50); tʃuːʈ- (-17.62)	8
na-ma-i	namai	poːr	-11.7094	poːr (-11.71); piːr (-11.71); poʈʈ- (-12.17)	5
na-ma-i-n	namain	poʈʈ-	-14.9884	poʈʈ- (-14.99); poːr (-15.21); piːr (-15.21)	6
na-ma-i-na	namaina	poʈʈ-	-17.9568	poʈʈ- (-17.96); patʃ- (-18.53); putʃ (-18.67)	7
na-ma-i-na-j	namainaj	poʈʈ-	-19.3644	poʈʈ- (-19.36); patʃ- (-21.06); aɳʈʈ- (-21.72)	8
na-ma-i-na-ja	namainaja	poʈʈ-	-22.208	poʈʈ- (-22.21); patʃ- (-24.08); pitʃtʃ- (-24.58)	9
na-ma-i-na-ja-r	namainajar	poʈʈ-	-24.4918	poʈʈ- (-24.49); pitʃtʃ- (-26.92); patʃ- (-26.93)	10
na-ma-s	namas	poʈʈ-	-12.169	poʈʈ- (-12.17); patʃ- (-12.62); aɳʈʈ- (-13.26)	5
na-ma-si	namasi	piːr	-14.5399	piːr (-14.54); poːr (-14.54); poʈʈ- (-14.99)	6
na-ma-si-r	namasir	poːr	-18.0452	poːr (-18.05); piːr (-18.05); poʈʈ- (-18.08)	7
na-ma-si-ru	namasiru	poʈʈ-	-21.2959	poʈʈ- (-21.30); piːr (-21.55); poːr (-21.55)	8
na-ma-si-ru-t	namasirut	peʈʈi	-23.2663	peʈʈi (-23.27); appa (-23.78); aʈan̪k- (-24.54)	9
na-ma-si-ru-te	namasirute	pera-	-25.5111	pera- (-25.51); paːʈa- (-25.92); put̪a- (-26.21)	10
na-ru-k	naruk	po	-10.5162	po (-10.52); puɻu (-12.58); paʈaku (-12.77)	5
na-ru-ka	naruka	tʃup	-13.269	tʃup (-13.27); koː (-13.37); putʃ (-13.85)	6
na-ru-ka-n	narukan	koʈ-	-13.3711	koʈ- (-13.37); poʈʈ- (-15.68); koː (-16.20)	7
na-ru-ka-na	narukana	koʈ-	-16.1867	koʈ- (-16.19); poʈʈ- (-17.17); kuːʈ- (-18.76)	8
na-ru-ka-na-s	narukanas	poʈʈ-	-16.8676	poʈʈ- (-16.87); koʈ- (-19.01); kuːʈ- (-19.02)	9
na-si-i	nasii	piːr	-11.4439	piːr (-11.44); poːr (-11.44); paːraj (-12.36)	5
na-si-i-p	nasiip	piːr	-14.9499	piːr (-14.95); poːr (-14.95); paːraj (-15.79)	6
na-si-i-pi	nasiipi	paːraj	-17.3741	paːraj (-17.37); piːr (-17.40); poːr (-17.40)	7
na-si-i-pi-n	nasiipin	paːraj	-20.851	paːraj (-20.85); poːr (-20.91); piːr (-20.91)	8
na-si-i-pi-na	nasiipina	paːraj	-24.328	paːraj (-24.33); poːr (-24.42); piːr (-24.42)	9
na-si-i-pi-na-m	nasiipinam	paːraj	-27.8049	paːraj (-27.80); poːr (-27.92); piːr (-27.92)	10
na-si-s	nasis	poːr	-12.6025	poːr (-12.60); piːr (-12.60); pan̪ (-13.96)	5
na-si-si	nasisi	poːr	-14.531	poːr (-14.53); piːr (-14.53); paːraj (-15.21)	6
na-si-si-r	nasisir	piːr	-18.0372	piːr (-18.04); poːr (-18.04); paːraj (-18.65)	7
na-ti-*301	natiΘ	pera-	-9.0735	pera- (-9.07); tʃij- (-9.14); tʃir- (-9.14)	5
na-ti-*301-w	natiΘw	pera-	-11.799	pera- (-11.80); tʃij- (-11.97); tʃir- (-11.97)	6
na-ti-*301-wa	natiΘwa	pera-	-14.746	pera- (-14.75); tʃir- (-15.07); tʃij- (-15.07)	7
na-ti-*301-wa-j	natiΘwaj	peːtʃ-	-17.577	peːtʃ- (-17.58); pera- (-17.82); paːʈa- (-17.83)	8
na-ti-*301-wa-ja	natiΘwaja	peːtʃ-	-20.3929	peːtʃ- (-20.39); paːʈa- (-20.40); peʈʈi (-20.91)	9
nu-i-na	nuina	ir-	-15.052	ir- (-15.05); oj- (-15.05); jaː- (-15.13)	5
nu-i-na-i	nuinai	jaɳʈ-	-16.1315	jaɳʈ- (-16.13); piːr (-16.98); poːr (-16.98)	6
nu-i-na-i-d	nuinaid	jaɳʈ-	-18.9544	jaɳʈ- (-18.95); jaː- (-20.42); kuːr- (-20.47)	7
nu-i-na-i-da	nuinaida	jaɳʈ-	-22.0389	jaɳʈ- (-22.04); aɳʈʈ (-23.04); jaː- (-23.29)	8
nu-i-na-i-da-j	nuinaidaj	jaɳʈ-	-24.637	jaɳʈ- (-24.64); poʈʈ- (-25.33); aɳʈʈ- (-25.87)	9
nu-i-na-i-da-ja	nuinaidaja	jaɳʈ-	-27.6684	jaɳʈ- (-27.67); poʈʈ- (-28.03); aɳʈʈ- (-28.69)	10
nu-ja-s	nujas	kuːʈ-	-14.9953	kuːʈ- (-15.00); koːʈ- (-15.00); oʈ- (-15.42)	5
nu-ja-sa	nujasa	aɳʈʈ	-16.3284	aɳʈʈ (-16.33); putʃ (-16.77); kuːʈ- (-17.79)	6
nu-ja-sa-s	nujasas	poʈʈ-	-18.6675	poʈʈ- (-18.67); aɳʈʈ- (-19.17); patʃ- (-19.61)	7
nu-ja-sa-sa	nujasasa	poʈʈ-	-21.3742	poʈʈ- (-21.37); aɳʈʈ- (-21.98); aɳʈʈ (-22.04)	8
nu-ja-sa-sa-r	nujasasar	poʈʈ-	-22.8165	poʈʈ- (-22.82); aɳʈʈ- (-24.47); patʃ- (-24.86)	9
nu-ja-sa-sa-ra	nujasasara	poʈʈ-	-25.6698	poʈʈ- (-25.67); aɳʈʈ- (-27.47); patʃ- (-27.85)	10
nu-*56-e-t	nuΦet	-aː	-15.1276	-aː (-15.13); -ar (-15.40); -aj (-15.40)	5
nu-*56-e-tu	nuΦetu	-aː	-14.8551	-aː (-14.86); iː (-16.87); aː (-16.87)	6
nu-*56-e-tu-m	nuΦetum	-aː	-17.6807	-aː (-17.68); aː- (-19.64); aː (-19.70)	7
nu-*56-e-tu-me	nuΦetume	-aː	-20.7864	-aː (-20.79); aː- (-22.12); aː (-22.81)	8
nu-*56-e-tu-me-i	nuΦetumei	-aj	-22.5191	-aj (-22.52); -ar (-22.52); aːj (-22.80)	9
nu-*56-e-tu-me-i-j	nuΦetumeij	-ar	-26.0263	-ar (-26.03); -aj (-26.03); aːj (-26.31)	10
nwa-za	nwaza	putʃ	-10.3719	putʃ (-10.37); aɲtʃ (-12.79); tʃup (-13.20)	5
nwa-za-*56	nwazaΦ	peːtʃ-	-13.1666	peːtʃ- (-13.17); patʃ- (-13.23); putʃ (-13.88)	6
nwa-za-*56-n	nwazaΦn	peːtʃ-	-15.9899	peːtʃ- (-15.99); patʃ- (-16.05); pitʃtʃ- (-17.09)	7
nwa-za-*56-ni	nwazaΦni	tʃeːr	-18.8229	tʃeːr (-18.82); peːtʃ- (-19.09); patʃ- (-19.16)	8
o-sa-re	osare	wetʃ-	-11.9463	wetʃ- (-11.95); mitʃ- (-11.95); muh (-12.85)	5
o-sa-re-j	osarej	mitʃ-	-15.0501	mitʃ- (-15.05); wetʃ- (-15.05); muh (-16.35)	6
o-sa-re-ja	osareja	aɳʈʈ	-17.4635	aɳʈʈ (-17.46); mitʃ- (-18.26); wetʃ- (-18.26)	7
pi-na-m	pinam	jaɳʈ-	-12.6278	jaɳʈ- (-12.63); jaː- (-14.21); jAm (-14.80)	5
pi-na-ma	pinama	jaɳʈ-	-15.4353	jaɳʈ- (-15.44); aɳʈʈ (-16.33); putʃ (-16.77)	6
pi-na-ma-i	pinamai	jaɳʈ-	-18.0331	jaɳʈ- (-18.03); poʈʈ- (-18.67); poːr (-18.67)	7
pi-na-ma-i-n	pinamain	jaɳʈ-	-21.0719	jaɳʈ- (-21.07); poʈʈ- (-21.49); aɳʈʈ- (-22.00)	8
pi-na-ma-i-na	pinamaina	jaɳʈ-	-24.2545	jaɳʈ- (-24.25); poʈʈ- (-24.51); aɳʈʈ- (-25.09)	9
pi-na-ma-i-na-j	pinamainaj	poʈʈ-	-26.2462	poʈʈ- (-26.25); jaɳʈ- (-27.24); aɳʈʈ- (-27.81)	10
pi-na-ma-s	pinamas	jaɳʈ-	-18.0332	jaɳʈ- (-18.03); poʈʈ- (-18.67); aɳʈʈ- (-19.17)	7
pi-na-ma-si	pinamasi	jaɳʈ-	-21.0721	jaɳʈ- (-21.07); poʈʈ- (-21.49); poːr (-21.52)	8
pi-na-ma-si-r	pinamasir	jaːh	-24.1555	jaːh (-24.16); jaɳʈ- (-24.26); poʈʈ- (-24.59)	9
pi-na-ma-si-ru	pinamasiru	jaɳʈ-	-27.5275	jaɳʈ- (-27.53); jaːh (-27.66); poʈʈ- (-27.81)	10
ra-ma-n	raman	kuːʈ-	-10.8897	kuːʈ- (-10.89); koːʈ- (-10.89); koʈ- (-11.51)	5
ra-ma-na	ramana	kuːʈ-	-13.7827	kuːʈ- (-13.78); koːʈ- (-13.78); kaʈ- (-14.51)	6
ra-ma-na-d	ramanad	poʈʈ-	-15.9209	poʈʈ- (-15.92); kuːʈ- (-16.36); koːʈ- (-16.36)	7
ra-ma-na-da	ramanada	poʈʈ-	-18.7531	poʈʈ- (-18.75); kuːʈ- (-19.39); koːʈ- (-19.39)	8
ra-ma-na-da-w	ramanadaw	poʈʈ-	-21.1239	poʈʈ- (-21.12); kuːʈ- (-22.26); koːʈ- (-22.26)	9
ra-ma-na-da-wa	ramanadawa	poʈʈ-	-24.1005	poʈʈ- (-24.10); kuːʈ- (-25.38); koːʈ- (-25.38)	10
ra-me-i	ramei	kaːr	-11.2674	kaːr (-11.27); kaːj (-11.27); kuːr (-11.27)	5
ra-me-i-t	rameit	kerri	-12.5302	kerri (-12.53); kut̪i (-13.25); kuʈa (-13.85)	6
ra-me-i-ti	rameiti	paːraj	-11.8123	paːraj (-11.81); kej (-14.02); kaj (-14.02)	7
ra-me-u	rameu	koʈ-	-12.1623	koʈ- (-12.16); kaʈ- (-12.16); kuːʈ- (-12.23)	5
ra-me-u-n	rameun	kaʈ-	-15.3714	kaʈ- (-15.37); koʈ- (-15.37); kuːʈ- (-15.44)	6
ra-me-u-na	rameuna	kuːʈ-	-18.6156	kuːʈ- (-18.62); koːʈ- (-18.62); koʈ- (-18.63)	7
ra-me-u-na-k	rameunak	koːʈu	-17.4464	koːʈu (-17.45); kuːʈu (-17.45); paːʈu (-17.82)	8
ra-me-u-na-ka	rameunaka	kuːʈu	-20.9496	kuːʈu (-20.95); koːʈu (-20.95); paːʈu (-21.33)	9
ra-me-u-na-ka-n	rameunakan	koʈ-	-23.8643	koʈ- (-23.86); koːʈu (-24.45); kuːʈu (-24.45)	10
ra-me-u-na-r	rameunar	koːʈ-	-20.1693	koːʈ- (-20.17); kuːʈ- (-20.17); kaʈ- (-21.32)	8
ra-me-u-na-ru	rameunaru	koːʈ-	-23.0568	koːʈ- (-23.06); kuːʈ- (-23.06); koʈ- (-24.39)	9
ra-me-u-na-ru-k	rameunaruk	koːʈu	-24.4566	koːʈu (-24.46); kuːʈu (-24.46); paːʈu (-24.83)	10
re-di-j	redij	kuːr-	-11.1824	kuːr- (-11.18); kaːj (-11.83); kuːr (-11.83)	5
re-di-ja	redija	kuːr-	-14.0057	kuːr- (-14.01); koj- (-15.00); kuːr (-15.34)	6
re-i-ke	reike	koː	-9.8598	koː (-9.86); kuːr- (-11.07); koj- (-11.51)	5
re-i-ke-t	reiket	koː	-12.6858	koː (-12.69); kut̪i (-12.87); kerri (-13.19)	6
re-i-ke-ta	reiketa	kaʈ	-14.0196	kaʈ (-14.02); koː (-15.79); kuratʃ (-15.90)	7
re-i-ke-ta-n	reiketan	kuːʈ-	-15.5352	kuːʈ- (-15.54); koːʈ- (-15.54); koʈ- (-16.87)	8
re-i-ke-ta-na	reiketana	kuːʈ-	-18.3437	kuːʈ- (-18.34); koːʈ- (-18.34); koʈ- (-19.69)	9
re-i-ke-ta-na-i	reiketanai	koːʈ-	-20.9543	koːʈ- (-20.95); kuːʈ- (-20.95); kuːr (-22.29)	10
ri-da-u	ridau	kuːʈ-	-11.1824	kuːʈ- (-11.18); koːʈ- (-11.18); kaʈ- (-12.15)	5
ru-ka-n	rukan	koʈ-	-6.3569	koʈ- (-6.36); koː (-9.18); koːʈ- (-9.46)	5
ru-ka-na	rukana	koʈ-	-9.1724	koʈ- (-9.17); kuːʈ- (-11.75); koːʈ- (-11.75)	6
ru-ka-na-s	rukanas	koʈ-	-11.9956	koʈ- (-12.00); kuːʈ- (-12.00); koːʈ- (-12.00)	7
ru-sa-i	rusai	kuːʈ-	-11.1824	kuːʈ- (-11.18); koːʈ- (-11.18); kuːr (-11.27)	5
ru-sa-i-d	rusaid	kuːʈ-	-14.0057	kuːʈ- (-14.01); koːʈ- (-14.01); kuːr- (-14.12)	6
ru-sa-i-da	rusaida	kuːr-	-16.9436	kuːr- (-16.94); koːʈ- (-17.09); kuːʈ- (-17.09)	7
ru-sa-i-da-a	rusaidaa	koːʈ-	-19.6308	koːʈ- (-19.63); kuːʈ- (-19.63); kuːr- (-20.05)	8
ru-sa-i-da-a-u	rusaidaau	koːʈ-	-22.3198	koːʈ- (-22.32); kuːʈ- (-22.32); poʈʈ- (-22.55)	9
ru-te-i	rutei	kaːr	-6.3526	kaːr (-6.35); kaːj (-6.35); kaj (-7.01)	5
ru-te-i-d	ruteid	kaːr	-9.8576	kaːr (-9.86); kaːj (-9.86); kej (-10.51)	6
ru-te-i-di	ruteidi	kaːj	-11.993	kaːj (-11.99); kaːr (-11.99); kej (-13.33)	7
sa-i-da	saida	putʃ	-12.8613	putʃ (-12.86); piːr (-13.90); poːr (-13.90)	5
sa-i-da-a	saidaa	poʈʈ-	-15.0381	poʈʈ- (-15.04); putʃ (-15.39); aɳʈʈ (-15.64)	6
sa-i-da-a-u	saidaau	poʈʈ-	-15.608	poʈʈ- (-15.61); patʃ- (-17.93); aɳʈʈ- (-18.34)	7
sa-ra-m	saram	poʈʈ-	-12.169	poʈʈ- (-12.17); patʃ- (-12.62); kaʈ- (-13.13)	5
sa-ra-ma	sarama	poʈʈ-	-14.8095	poʈʈ- (-14.81); putʃ (-15.39); patʃ- (-15.42)	6
sa-ra-ma-n	saraman	poʈʈ-	-15.9209	poʈʈ- (-15.92); kuːʈ- (-17.82); koːʈ- (-17.82)	7
sa-ra-ma-na	saramana	poʈʈ-	-18.7531	poʈʈ- (-18.75); koːʈ- (-20.73); kuːʈ- (-20.73)	8
sa-ra-ma-na-d	saramanad	poʈʈ-	-21.1239	poʈʈ- (-21.12); koːʈ- (-23.33); kuːʈ- (-23.33)	9
sa-ra-ma-na-da	saramanada	poʈʈ-	-24.1005	poʈʈ- (-24.10); kuːʈ- (-26.36); koːʈ- (-26.36)	10
sa-ra-me	sarame	poʈʈ-	-14.9884	poʈʈ- (-14.99); patʃ- (-15.45); koʈ- (-15.97)	6
sa-ra-me-i	saramei	piːr	-17.5268	piːr (-17.53); poːr (-17.53); poʈʈ- (-18.08)	7
sa-ra-me-i-t	sarameit	kerri	-19.5407	kerri (-19.54); peʈʈi (-19.78); kut̪i (-20.26)	8
sa-ra-me-i-ti	sarameiti	paːraj	-17.5227	paːraj (-17.52); pokaj (-20.70); kaj (-21.03)	9
sa-ra-me-u	sarameu	poʈʈ-	-18.0848	poʈʈ- (-18.08); patʃ- (-18.55); koːʈ- (-19.07)	7
sa-ra-me-u-n	sarameun	poʈʈ-	-21.2959	poʈʈ- (-21.30); patʃ- (-21.77); koːʈ- (-22.29)	8
sa-ra-me-u-na	sarameuna	poʈʈ-	-24.4857	poʈʈ- (-24.49); patʃ- (-25.03); putʃ (-25.32)	9
sa-ra-me-u-na-k	sarameunak	paːʈu	-23.718	paːʈu (-23.72); kuːʈu (-24.43); koːʈu (-24.43)	10
sa-ra-me-u-na-r	sarameunar	poʈʈ-	-26.2586	poʈʈ- (-26.26); koːʈ- (-27.14); kuːʈ- (-27.14)	10
sa-re-j	sarej	puh	-13.8543	puh (-13.85); piː (-14.76); koʈ- (-15.02)	5
sa-re-ja	sareja	putʃ	-16.0669	putʃ (-16.07); kaʈ (-16.34); puh (-17.31)	6
sa-sa-r	sasar	poʈʈ-	-12.169	poʈʈ- (-12.17); puh (-12.57); patʃ- (-12.62)	5
sa-sa-ra	sasara	poʈʈ-	-14.8095	poʈʈ- (-14.81); putʃ (-15.39); patʃ- (-15.42)	6
sa-sa-ra-m	sasaram	poʈʈ-	-15.9209	poʈʈ- (-15.92); patʃ- (-17.85); aɳʈʈ- (-18.35)	7
sa-sa-ra-ma	sasarama	poʈʈ-	-18.7531	poʈʈ- (-18.75); patʃ- (-20.84); aɳʈʈ- (-21.31)	8
sa-sa-ra-ma-n	sasaraman	poʈʈ-	-21.1239	poʈʈ- (-21.12); patʃ- (-23.66); pitʃtʃ- (-23.74)	9
sa-sa-ra-ma-na	sasaramana	poʈʈ-	-24.1005	poʈʈ- (-24.10); pitʃtʃ- (-26.68); patʃ- (-26.76)	10
sa-sa-ra-me	sasarame	poʈʈ-	-18.7808	poʈʈ- (-18.78); patʃ- (-20.85); aɳʈʈ- (-21.32)	8
sa-sa-ra-me-i	sasaramei	poʈʈ-	-21.8979	poʈʈ- (-21.90); piːr (-23.66); poːr (-23.66)	9
sa-sa-ra-me-i-t	sasarameit	peʈʈi	-23.6528	peʈʈi (-23.65); poʈʈ- (-25.12); appa (-25.94)	10
sa-sa-ra-me-u	sasarameu	poʈʈ-	-21.8979	poʈʈ- (-21.90); patʃ- (-24.02); aɳʈʈ- (-24.49)	9
sa-sa-ra-me-u-n	sasarameun	poʈʈ-	-25.1247	poʈʈ- (-25.12); patʃ- (-27.28); aɳʈʈ- (-27.74)	10
sa-u-na	sauna	putʃ	-12.8613	putʃ (-12.86); aɳʈʈ (-13.92); tʃuːʈ (-14.57)	5
sa-u-na-k	saunak	paːʈu	-11.8139	paːʈu (-11.81); aʈʈu (-13.25); -oːʈu (-13.30)	6
sa-u-na-ka	saunaka	paːʈu	-15.3182	paːʈu (-15.32); tʃup (-15.57); poʈʈ- (-16.48)	7
sa-u-na-ka-n	saunakan	poʈʈ-	-18.0821	poʈʈ- (-18.08); paːʈu (-18.82); tʃup (-19.07)	8
sa-u-na-ka-na	saunakana	poʈʈ-	-19.8616	poʈʈ- (-19.86); tʃuːʈ (-21.23); tʃup (-21.89)	9
se-ka-n	sekan	oʈ-	-9.8669	oʈ- (-9.87); -oː (-11.36); koʈ- (-12.25)	5
se-ka-na	sekana	oʈ-	-12.6824	oʈ- (-12.68); -oː (-14.46); -oːʈu (-14.74)	6
se-ka-na-s	sekanas	oʈ-	-15.5056	oʈ- (-15.51); uɻupp- (-15.70); poʈʈ- (-15.72)	7
se-ka-na-si	sekanasi	uɻupp-	-18.5262	uɻupp- (-18.53); poʈʈ- (-18.55); oʈ- (-18.61)	8
se-ka-na-si-s	sekanasis	uɻupp-	-21.6315	uɻupp- (-21.63); poʈʈ- (-21.65); oʈ- (-21.83)	9
se-ka-na-si-si	sekanasisi	uɻupp-	-24.8527	uɻupp- (-24.85); poʈʈ- (-24.88); uːr (-25.12)	10
se-ra-t	serat	kuʈa	-10.3722	kuʈa (-10.37); kuɳʈa (-10.47); appa (-12.79)	5
se-ra-te	serate	kaː	-13.3709	kaː (-13.37); piː (-13.37); kuʈa (-13.88)	6
se-to-i	setoi	-ar	-9.1812	-ar (-9.18); -aj (-9.18); -am (-9.18)	5
se-to-i-j	setoij	-ar	-12.6884	-ar (-12.69); -aj (-12.69); aɭ- (-12.69)	6
se-to-i-ja	setoija	aɭ-	-15.7954	aɭ- (-15.80); eɳ- (-15.80); aɳʈʈ (-16.09)	7
si-i-pi	siipi	jaː-	-13.909	jaː- (-13.91); -ar (-14.00); -aj (-14.00)	5
si-i-pi-n	siipin	jaː-	-16.5785	jaː- (-16.58); jAm (-17.28); oj- (-17.29)	6
si-i-pi-na	siipina	jaː-	-19.4088	jaː- (-19.41); kuːr- (-20.33); jAm (-20.35)	7
si-i-pi-na-m	siipinam	jaɳʈ-	-21.4139	jaɳʈ- (-21.41); jaː- (-22.35); kuːr- (-23.48)	8
si-i-pi-na-ma	siipinama	jaɳʈ-	-24.2284	jaɳʈ- (-24.23); jaː- (-25.38); jaːʈu (-26.07)	9
si-i-pi-na-ma-i	siipinamai	jaɳʈ-	-26.9231	jaɳʈ- (-26.92); iruppaj (-27.75); muːʈʈaj (-27.88)	10
si-ru-t	sirut	kiɭi	-12.8824	kiɭi (-12.88); kaɻi (-12.88); kale (-12.88)	5
si-ru-te	sirute	kaː	-13.3709	kaː (-13.37); -aː (-14.86); jaː- (-15.52)	6
si-ru-te-i	sirutei	kaːr	-13.3668	kaːr (-13.37); kaːj (-13.37); kej (-14.02)	7
si-ru-te-i-d	siruteid	kaːj	-16.8718	kaːj (-16.87); kaːr (-16.87); kaj (-17.53)	8
si-ru-te-i-di	siruteidi	kaːj	-19.0073	kaːj (-19.01); kaːr (-19.01); kaj (-20.34)	9
si-si-r	sisir	jaːh	-11.7094	jaːh (-11.71); jaː- (-14.14); -n̪kk (-14.35)	5
ta-i-*301-u	taiΘu	ir-	-9.1811	ir- (-9.18); aːj (-9.86); ir (-10.52)	5
ta-i-*301-u-j	taiΘuj	ir-	-12.2866	ir- (-12.29); aːj (-13.36); aː- (-13.95)	6
ta-i-*301-u-ja	taiΘuja	ir-	-15.5082	ir- (-15.51); aːj (-16.87); aː- (-17.05)	7
ta-i-*301-w	taiΘw	ir-	-9.1811	ir- (-9.18); aːj (-9.86); ir (-10.52)	5
ta-i-*301-wa	taiΘwa	ir-	-12.2866	ir- (-12.29); aːj (-13.36); aɳʈʈ (-13.82)	6
ta-i-*301-wa-e	taiΘwae	ir-	-15.5082	ir- (-15.51); aɳʈʈ- (-16.57); aʈʈu (-16.72)	7
ta-i-*301-wa-e-a	taiΘwaea	ir-	-18.7937	ir- (-18.79); aɳʈʈ (-19.01); aʈʈu (-19.36)	8
ta-i-*301-wa-e-a-d	taiΘwaead	aɳʈʈ-	-21.5759	aɳʈʈ- (-21.58); ir- (-22.12); poʈʈ- (-22.30)	9
ta-i-*301-wa-e-a-di	taiΘwaeadi	iruppaj	-22.432	iruppaj (-22.43); aɳʈʈ- (-24.53); poʈʈ- (-25.15)	10
ta-i-*301-wa-j	taiΘwaj	ir-	-15.5082	ir- (-15.51); aɳʈʈ- (-16.57); aʈʈu (-16.72)	7
ta-i-*301-wa-ja	taiΘwaja	ir-	-18.7937	ir- (-18.79); aɳʈʈ (-19.01); aʈʈu (-19.36)	8
ta-i-*301-wa-ja-a	taiΘwajaa	aɳʈʈ	-21.492	aɳʈʈ (-21.49); aɳʈʈ- (-21.55); iruppaj (-21.74)	9
ta-i-*301-wa-ja-a-d	taiΘwajaad	aɳʈʈ-	-23.9617	aɳʈʈ- (-23.96); poʈʈ- (-24.31); iruppaj (-24.67)	10
ta-i-*301-wa-ja-a-j	taiΘwajaaj	aɳʈʈ-	-23.9617	aɳʈʈ- (-23.96); poʈʈ- (-24.31); iruppaj (-24.67)	10
ta-i-*301-wa-ja-j	taiΘwajaj	aɳʈʈ-	-21.5759	aɳʈʈ- (-21.58); ir- (-22.12); poʈʈ- (-22.30)	9
ta-i-*301-wa-ja-ja	taiΘwajaja	aɳʈʈ-	-24.5193	aɳʈʈ- (-24.52); aɳʈʈ (-25.00); iruppaj (-25.04)	10
ta-i-*301-wa-ja-s	taiΘwajas	aɳʈʈ-	-21.5759	aɳʈʈ- (-21.58); ir- (-22.12); poʈʈ- (-22.30)	9
ta-i-*301-wa-ja-se	taiΘwajase	aɳʈʈ-	-24.5315	aɳʈʈ- (-24.53); poʈʈ- (-25.15); ir- (-25.47)	10
ta-i-*301-wa-ja-t	taiΘwajat	appa	-16.4292	appa (-16.43); peʈʈi (-19.01); iruppaj (-19.73)	9
ta-i-*301-wa-ja-tu	taiΘwajatu	appa	-19.9364	appa (-19.94); peʈʈi (-22.52); iruppaj (-22.56)	10
ta-na-i	tanai	aːj	-8.7793	aːj (-8.78); aɳʈʈ- (-9.66); aʈʈu (-9.73)	5
ta-na-i-*301	tanaiΘ	aːj	-12.2858	aːj (-12.29); aɳʈʈ- (-12.51); aʈʈu (-12.85)	6
ta-na-i-*301-t	tanaiΘt	appa	-10.5077	appa (-10.51); appam (-13.90); peʈʈi (-13.92)	7
ta-na-i-*301-ti	tanaiΘti	iruppaj	-13.9621	iruppaj (-13.96); appa (-14.01); paːraj (-14.77)	8
ta-na-i-*301-ti-j	tanaiΘtij	iruppaj	-17.4693	iruppaj (-17.47); appa (-17.52); paːraj (-18.27)	9
ta-na-i-*301-ti-ja	tanaiΘtija	iruppaj	-20.9761	iruppaj (-20.98); appa (-21.03); paːraj (-21.78)	10
ta-na-i-*301-u	tanaiΘu	aɳʈʈ-	-15.6255	aɳʈʈ- (-15.63); aːj (-15.79); appam (-16.06)	7
ta-na-i-*301-u-t	tanaiΘut	appa	-14.0131	appa (-14.01); appam (-17.37); peʈʈi (-17.42)	8
ta-na-i-*301-u-ti	tanaiΘuti	iruppaj	-17.4601	iruppaj (-17.46); appa (-17.52); paːraj (-18.27)	9
ta-na-i-*301-u-ti-n	tanaiΘutin	iruppaj	-20.9673	iruppaj (-20.97); appa (-21.03); paːraj (-21.77)	10
te-i-da	teida	ir-	-9.1811	ir- (-9.18); aːj (-9.86); ir (-10.52)	5
te-i-da-j	teidaj	ir-	-12.2866	ir- (-12.29); aːj (-13.36); aː- (-13.95)	6
te-i-da-ja	teidaja	ir-	-15.5082	ir- (-15.51); aɳʈʈ (-16.04); iruppaj (-16.60)	7
te-i-da-ja-j	teidajaj	ir-	-18.7937	ir- (-18.79); aɳʈʈ- (-18.84); iruppaj (-19.42)	8
te-i-da-ja-ja	teidajaja	aɳʈʈ-	-21.6709	aɳʈʈ- (-21.67); aɳʈʈ (-21.84); iruppaj (-21.89)	9
te-i-di	teidi	aːj	-8.4899	aːj (-8.49); ir- (-9.17); ir (-9.83)	5
te-re-p	terep	ih	-10.5171	ih (-10.52); ah (-10.52); aː- (-10.94)	5
te-si-r	tesir	aːj	-9.1805	aːj (-9.18); ir- (-9.86); ih (-10.52)	5
te-si-ra	tesira	ir-	-12.6858	ir- (-12.69); aːj (-12.69); en̪k- (-12.86)	6
te-te-r	teter	ih	-9.8253	ih (-9.83); ah (-9.83); aː- (-10.78)	5
te-te-re	tetere	ih	-13.3326	ih (-13.33); ah (-13.33); aː- (-13.68)	6
te-te-re-p	teterep	aː-	-16.714	aː- (-16.71); ih (-16.84); ah (-16.84)	7
ti-ja-s	tijas	ir-	-8.781	ir- (-8.78); ir (-10.52); aː- (-10.94)	5
ti-ja-sa	tijasa	ir-	-12.0025	ir- (-12.00); aɳʈʈ (-12.82); iruppaj (-13.10)	6
ti-ja-sa-s	tijasas	ir-	-15.2879	ir- (-15.29); aɳʈʈ- (-15.62); iruppaj (-15.93)	7
ti-ja-sa-sa	tijasasa	iruppaj	-18.3941	iruppaj (-18.39); aɳʈʈ- (-18.45); aɳʈʈ (-18.57)	8
ti-ja-sa-sa-r	tijasasar	aɳʈʈ-	-20.975	aɳʈʈ- (-20.98); iruppaj (-21.39); ir- (-21.97)	9
ti-nu-i	tinui	aːj	-8.7736	aːj (-8.77); ir- (-8.78); ir (-9.83)	5
ti-nu-i-n	tinuin	ir-	-11.7773	ir- (-11.78); aːj (-12.28); ajja (-13.22)	6
ti-nu-i-na	tinuina	ir-	-14.9506	ir- (-14.95); aːj (-15.79); ajja (-16.34)	7
ti-nu-i-na-i	tinuinai	aːj	-18.2048	aːj (-18.20); ir- (-18.21); iruppaj (-18.23)	8
ti-nu-i-na-i-d	tinuinaid	ir-	-21.428	ir- (-21.43); aːj (-21.71); iruppaj (-21.72)	9
ti-nu-i-na-i-da	tinuinaida	ir-	-24.7135	ir- (-24.71); iruppaj (-24.83); aːj (-25.22)	10
ti-nu-j	tinuj	ir-	-8.781	ir- (-8.78); ir (-10.52); aː- (-10.94)	5
ti-nu-ja	tinuja	ir-	-12.0025	ir- (-12.00); aː- (-13.95); ir (-14.03)	6
ti-nu-ja-s	tinujas	ir-	-15.2879	ir- (-15.29); aː- (-17.05); ir (-17.53)	7
ti-nu-ja-sa	tinujasa	ir-	-18.6138	ir- (-18.61); aɳʈʈ (-19.33); iruppaj (-19.44)	8
ti-nu-ja-sa-s	tinujasas	ir-	-21.9678	ir- (-21.97); aɳʈʈ- (-22.12); iruppaj (-22.27)	9
ti-nu-ja-sa-sa	tinujasasa	iruppaj	-24.8131	iruppaj (-24.81); aɳʈʈ- (-24.96); aɳʈʈ (-25.16)	10
ti-*301-wa	tiΘwa	ir-	-8.781	ir- (-8.78); ir (-10.52); aː- (-10.94)	5
ti-*301-wa-j	tiΘwaj	ir-	-12.0025	ir- (-12.00); aː- (-13.95); ir (-14.03)	6
ti-*301-wa-ja	tiΘwaja	ir-	-15.2879	ir- (-15.29); aɳʈʈ (-16.04); iruppaj (-16.22)	7
to-i-ja	toija	eɳ-	-8.781	eɳ- (-8.78); aɭ- (-8.78); aɳʈʈ (-9.07)	5
to-sa-r	tosar	aɳʈʈ-	-8.4017	aɳʈʈ- (-8.40); eɳ- (-8.78); aɭ- (-8.78)	5
to-sa-re	tosare	aɳʈʈ-	-11.1771	aɳʈʈ- (-11.18); aɭ- (-12.00); eɳ- (-12.00)	6
to-sa-re-j	tosarej	aɳʈʈ-	-14.1953	aɳʈʈ- (-14.20); eɳ- (-15.29); aɭ- (-15.29)	7
to-sa-re-ja	tosareja	aɳʈʈ	-14.015	aɳʈʈ (-14.02); aɳʈʈ- (-16.72); eɳ- (-18.61)	8
tu-ja-s	tujas	aː-	-10.9416	aː- (-10.94); aːʈu (-11.92); aː (-12.00)	5
tu-me-i	tumei	aːj	-8.7793	aːj (-8.78); ir (-10.52); aː- (-10.94)	5
tu-me-i-j	tumeij	aːj	-12.2858	aːj (-12.29); ir- (-13.36); aː- (-13.95)	6
tu-me-i-ja	tumeija	aːj	-15.792	aːj (-15.79); ir- (-16.19); aː- (-17.05)	7
tu-me-i-ja-s	tumeijas	ir-	-19.2968	ir- (-19.30); aːj (-19.30); aː- (-20.23)	8
tu-me-i-ja-sa	tumeijasa	ir-	-22.519	ir- (-22.52); aɳʈʈ (-22.65); aːj (-22.80)	9
tu-me-i-ja-sa-s	tumeijasas	aɳʈʈ-	-25.4493	aɳʈʈ- (-25.45); ir- (-25.80); aɳʈʈ (-26.16)	10
tu-me-i-ja-sa-u	tumeijasau	aɳʈʈ-	-25.4493	aɳʈʈ- (-25.45); ir- (-25.80); aɳʈʈ (-26.16)	10
tu-ru-s	turus	ih	-10.5171	ih (-10.52); ah (-10.52); aː- (-10.94)	5
tu-ru-sa	turusa	aː-	-13.9459	aː- (-13.95); ih (-14.02); ah (-14.02)	6
tu-ru-sa-i	turusai	aːj	-15.2855	aːj (-15.29); ahn̪ (-16.72); aː- (-17.05)	7
tu-ru-sa-i-d	turusaid	aːj	-18.7923	aːj (-18.79); ahn̪- (-19.44); ahn̪ (-20.21)	8
tu-ru-sa-i-da	turusaida	aːj	-22.2989	aːj (-22.30); ahn̪- (-22.32); aɳʈʈ (-22.83)	9
tu-ru-sa-i-da-a	turusaidaa	aɳʈʈ	-25.0988	aɳʈʈ (-25.10); ahn̪- (-25.44); aɳʈʈ- (-25.56)	10
u-i-na-i	uinai	jaɳʈ-	-12.6276	jaɳʈ- (-12.63); piːr (-13.67); poːr (-13.67)	5
u-i-na-i-d	uinaid	jaɳʈ-	-15.4504	jaɳʈ- (-15.45); jaː- (-16.94); piːr (-17.17)	6
u-i-na-i-da	uinaida	jaɳʈ-	-18.5349	jaɳʈ- (-18.53); jaː- (-19.80); aɳʈʈ (-19.83)	7
u-i-na-i-da-j	uinaidaj	jaɳʈ-	-21.1319	jaɳʈ- (-21.13); poʈʈ- (-21.98); aɳʈʈ- (-22.67)	8
u-i-na-i-da-ja	uinaidaja	jaɳʈ-	-24.1631	jaɳʈ- (-24.16); poʈʈ- (-24.67); aɳʈʈ (-25.45)	9
u-i-na-i-da-ja-s	uinaidajas	poʈʈ-	-25.9905	poʈʈ- (-25.99); jaɳʈ- (-27.06); aɳʈʈ- (-27.91)	10
u-ja-sa	ujasa	aɳʈʈ	-13.235	aɳʈʈ (-13.23); putʃ (-13.27); tʃuːʈ (-14.90)	5
u-ja-sa-s	ujasas	poʈʈ-	-15.3894	poʈʈ- (-15.39); aɳʈʈ- (-16.08); patʃ- (-16.12)	6
u-ja-sa-sa	ujasasa	poʈʈ-	-18.0701	poʈʈ- (-18.07); aɳʈʈ (-18.86); aɳʈʈ- (-18.88)	7
u-ja-sa-sa-r	ujasasar	poʈʈ-	-19.3678	poʈʈ- (-19.37); aɳʈʈ- (-21.32); patʃ- (-21.35)	8
u-ja-sa-sa-ra	ujasasara	poʈʈ-	-22.2109	poʈʈ- (-22.21); aɳʈʈ- (-24.31); patʃ- (-24.35)	9
u-ja-sa-sa-ra-m	ujasasaram	poʈʈ-	-24.6035	poʈʈ- (-24.60); aɳʈʈ- (-27.13); patʃ- (-27.16)	10
u-ka-na	ukana	oʈ-	-9.1752	oʈ- (-9.18); -oː (-11.64); -oːʈu (-11.92)	5
u-ka-na-s	ukanas	oʈ-	-11.9984	oʈ- (-12.00); uɻupp- (-12.61); poʈʈ- (-12.61)	6
u-me-i-j	umeij	-aj	-14.8093	-aj (-14.81); -ar (-14.81); uːr (-14.87)	5
u-me-i-ja	umeija	kuːr-	-17.8182	kuːr- (-17.82); oj- (-18.27); ir- (-18.27)	6
u-me-i-ja-s	umeijas	jaɳʈ-	-19.6346	jaɳʈ- (-19.63); koːʈ- (-20.82); kuːʈ- (-20.82)	7
u-me-i-ja-sa	umeijasa	jaɳʈ-	-22.4423	jaɳʈ- (-22.44); aɳʈʈ (-22.81); koːʈ- (-23.63)	8
u-me-i-ja-sa-s	umeijasas	jaɳʈ-	-25.0414	jaɳʈ- (-25.04); poʈʈ- (-25.33); aɳʈʈ- (-25.65)	9
u-me-i-ja-sa-sa	umeijasasa	poʈʈ-	-28.0637	poʈʈ- (-28.06); jaɳʈ- (-28.07); aɳʈʈ- (-28.46)	10
u-me-i-ja-sa-u	umeijasau	jaɳʈ-	-25.0414	jaɳʈ- (-25.04); poʈʈ- (-25.33); aɳʈʈ- (-25.65)	9
u-me-i-ja-sa-u-n	umeijasaun	jaɳʈ-	-28.0807	jaɳʈ- (-28.08); poʈʈ- (-28.15); aɳʈʈ- (-28.48)	10
u-na-ka	unaka	tʃup	-9.3894	tʃup (-9.39); poʈʈ- (-10.40); putʃ (-10.40)	5
u-na-ka-n	unakan	poʈʈ-	-12.1883	poʈʈ- (-12.19); tʃup (-12.90); oʈ- (-13.37)	6
u-na-ka-na	unakana	poʈʈ-	-13.6658	poʈʈ- (-13.67); tʃuːʈ (-15.06); tʃup (-15.71)	7
u-na-ka-na-s	unakanas	poʈʈ-	-13.3623	poʈʈ- (-13.36); tʃuːʈ- (-17.89); tʃuːʈ (-18.56)	8
u-na-ka-na-si	unakanasi	poʈʈ-	-16.1875	poʈʈ- (-16.19); poːr (-19.01); tʃuːʈ- (-20.73)	9
u-na-ru	unaru	puh	-13.8543	puh (-13.85); oʈ- (-15.05); koʈ- (-15.19)	5
u-na-ru-k	unaruk	po	-14.0234	po (-14.02); -oːʈu (-15.06); aːʈu (-15.48)	6
u-na-ru-ka	unaruka	tʃup	-16.3815	tʃup (-16.38); koː (-16.88); putʃ (-17.36)	7
u-na-ru-ka-n	unarukan	koʈ-	-16.8782	koʈ- (-16.88); poʈʈ- (-19.18); koː (-19.70)	8
u-na-ru-ka-na	unarukana	koʈ-	-19.6938	koʈ- (-19.69); poʈʈ- (-20.67); tʃuːʈ (-22.04)	9
u-na-ru-ka-na-s	unarukanas	poʈʈ-	-20.3747	poʈʈ- (-20.37); koʈ- (-22.52); kuːʈ- (-22.52)	10
u-ru-sa	urusa	kaʈ	-12.8498	kaʈ (-12.85); kaː- (-14.21); kaː (-14.76)	5
u-ru-sa-i	urusai	koːʈ-	-14.6693	koːʈ- (-14.67); kuːʈ- (-14.67); kuːr (-14.76)	6
u-ru-sa-i-d	urusaid	kuːʈ-	-17.4926	kuːʈ- (-17.49); koːʈ- (-17.49); kuːr- (-17.61)	7
u-ru-sa-i-da	urusaida	kuːr-	-20.4356	kuːr- (-20.44); kuːʈ- (-20.58); koːʈ- (-20.58)	8
u-ru-sa-i-da-a	urusaidaa	kuːʈ-	-23.1229	kuːʈ- (-23.12); koːʈ- (-23.12); kuːr- (-23.54)	9
u-ru-sa-i-da-a-u	urusaidaau	koːʈ-	-25.8145	koːʈ- (-25.81); kuːʈ- (-25.81); poʈʈ- (-26.02)	10
u-sa-i-d	usaid	piːr	-13.8121	piːr (-13.81); poːr (-13.81); pot̪ (-14.66)	5
u-sa-i-da	usaida	putʃ	-16.3647	putʃ (-16.36); aɳʈʈ (-16.74); poːr (-17.30)	6
u-sa-i-da-a	usaidaa	poʈʈ-	-18.3778	poʈʈ- (-18.38); aɳʈʈ (-18.74); putʃ (-18.89)	7
u-sa-i-da-a-u	usaidaau	poʈʈ-	-19.0793	poʈʈ- (-19.08); aɳʈʈ- (-21.39); patʃ- (-21.43)	8
u-te-i-d	uteid	aːj	-9.8609	aːj (-9.86); ir- (-9.86); -ar (-9.86)	5
u-te-i-di	uteidi	aːj	-11.9961	aːj (-12.00); -aj (-12.68); -ar (-12.68)	6
u-ti-nu	utinu	ir-	-9.1831	ir- (-9.18); -ar (-9.87); -aj (-9.87)	5
u-ti-nu-i	utinui	aːj	-12.2794	aːj (-12.28); ir- (-12.28); -ar (-12.68)	6
u-ti-nu-i-n	utinuin	ir-	-15.2845	ir- (-15.28); aːj (-15.79); -ar (-16.19)	7
u-ti-nu-i-na	utinuina	ir-	-18.4578	ir- (-18.46); aːj (-19.29); -aj (-19.69)	8
u-ti-nu-i-na-i	utinuinai	aːj	-21.7112	aːj (-21.71); ir- (-21.71); iruppaj (-21.74)	9
u-ti-nu-i-na-i-d	utinuinaid	ir-	-24.9352	ir- (-24.94); aːj (-25.22); iruppaj (-25.23)	10
u-ti-nu-j	utinuj	ir-	-12.2882	ir- (-12.29); -ar (-13.37); -aj (-13.37)	6
u-ti-nu-ja	utinuja	ir-	-15.5097	ir- (-15.51); -ar (-16.88); -aj (-16.88)	7
u-ti-nu-ja-s	utinujas	ir-	-18.7951	ir- (-18.80); -ar (-20.39); -aj (-20.39)	8
u-ti-nu-ja-sa	utinujasa	ir-	-22.121	ir- (-22.12); aɳʈʈ (-22.83); iruppaj (-22.95)	9
u-ti-nu-ja-sa-s	utinujasas	ir-	-25.475	ir- (-25.48); aɳʈʈ- (-25.63); iruppaj (-25.78)	10
u-*56-e-tu	uΦetu	-aː	-11.6354	-aː (-11.64); aː (-13.37); iː (-13.37)	5
u-*56-e-tu-m	uΦetum	-aː	-14.4601	-aː (-14.46); aː- (-16.15); aː (-16.20)	6
u-*56-e-tu-me	uΦetume	-aː	-17.5653	-aː (-17.57); aː- (-18.62); iː (-19.30)	7
u-*56-e-tu-me-i	uΦetumei	-ar	-19.2969	-ar (-19.30); -aj (-19.30); aːj (-19.30)	8
u-*56-e-tu-me-i-j	uΦetumeij	-aj	-22.804	-aj (-22.80); -ar (-22.80); aːj (-22.80)	9
u-*56-e-tu-me-i-ja	uΦetumeija	aːj	-26.3105	aːj (-26.31); -aj (-26.31); -ar (-26.31)	10
wa-e-a-d	waead	poʈʈ-	-12.169	poʈʈ- (-12.17); patʃ- (-12.62); aɳʈʈ- (-13.26)	5
wa-e-a-di	waeadi	piːr	-14.5399	piːr (-14.54); poːr (-14.54); poʈʈ- (-14.99)	6
wa-e-a-di-k	waeadik	paːʈu	-16.0946	paːʈu (-16.09); aʈʈu (-16.77); po (-16.84)	7
wa-e-a-di-ki	waeadiki	poːr	-19.5707	poːr (-19.57); paːʈu (-19.60); aʈʈu (-20.28)	8
wa-e-a-di-ki-t	waeadikit	ajja	-22.6929	ajja (-22.69); kerri (-22.81); poːr (-23.01)	9
wa-e-a-di-ki-te	waeadikite	put̪a-	-23.5713	put̪a- (-23.57); pera- (-24.58); putʃa- (-25.55)	10
wa-i-ja	waija	putʃ	-12.8613	putʃ (-12.86); piːr (-13.90); poːr (-13.90)	5
wa-ja-a	wajaa	poʈʈ-	-11.854	poʈʈ- (-11.85); putʃ (-12.18); aɳʈʈ (-12.32)	5
wa-ja-a-d	wajaad	poʈʈ-	-12.48	poʈʈ- (-12.48); patʃ- (-14.75); aɳʈʈ- (-15.00)	6
wa-ja-a-di	wajaadi	poʈʈ-	-15.3222	poʈʈ- (-15.32); poːr (-17.42); piːr (-17.42)	7
wa-ja-a-di-k	wajaadik	paːʈu	-18.3729	paːʈu (-18.37); poʈʈ- (-18.43); aʈʈu (-18.93)	8
wa-ja-a-di-ki	wajaadiki	poʈʈ-	-21.6468	poʈʈ- (-21.65); paːʈu (-21.88); aʈʈu (-22.44)	9
wa-ja-a-di-ki-t	wajaadikit	peʈʈi	-23.6804	peʈʈi (-23.68); poʈʈ- (-24.92); paːʈu (-25.39)	10
wa-ja-a-j	wajaaj	poʈʈ-	-12.48	poʈʈ- (-12.48); patʃ- (-14.75); aɳʈʈ- (-15.00)	6
wa-ja-a-ja	wajaaja	poʈʈ-	-15.2999	poʈʈ- (-15.30); patʃ- (-17.70); aɳʈʈ- (-17.89)	7
wa-ja-j	wajaj	poʈʈ-	-12.169	poʈʈ- (-12.17); patʃ- (-12.62); aɳʈʈ- (-13.26)	5
wa-ja-ja	wajaja	poʈʈ-	-14.8095	poʈʈ- (-14.81); putʃ (-15.39); patʃ- (-15.42)	6
wa-ja-ja-a	wajajaa	poʈʈ-	-15.8696	poʈʈ- (-15.87); patʃ- (-17.84); putʃ (-18.14)	7
wa-ja-ja-d	wajajad	poʈʈ-	-15.9209	poʈʈ- (-15.92); patʃ- (-17.85); aɳʈʈ- (-18.35)	7
wa-ja-ja-di	wajajadi	poʈʈ-	-18.7808	poʈʈ- (-18.78); piːr (-20.54); poːr (-20.54)	8
wa-ja-ja-di-k	wajajadik	paːʈu	-21.3582	paːʈu (-21.36); poʈʈ- (-21.90); aʈʈu (-22.43)	9
wa-ja-ja-di-ki	wajajadiki	paːʈu	-24.8653	paːʈu (-24.87); poʈʈ- (-25.11); poːr (-25.93)	10
wa-ja-ja-i	wajajai	poʈʈ-	-15.9209	poʈʈ- (-15.92); poːr (-17.50); piːr (-17.50)	7
wa-ja-ja-i-n	wajajain	poʈʈ-	-18.7808	poʈʈ- (-18.78); patʃ- (-20.85); poːr (-21.00)	8
wa-ja-ja-i-n-w	wajajainw	poʈʈ-	-21.8979	poʈʈ- (-21.90); patʃ- (-24.02); aɳʈʈ- (-24.49)	9
wa-ja-ja-i-nwa	wajajainwa	poʈʈ-	-25.1098	poʈʈ- (-25.11); patʃ- (-27.27); aɳʈʈ- (-27.73)	10
wa-ja-ja-j	wajajaj	poʈʈ-	-15.9209	poʈʈ- (-15.92); patʃ- (-17.85); aɳʈʈ- (-18.35)	7
wa-ja-ja-ja	wajajaja	poʈʈ-	-18.7531	poʈʈ- (-18.75); patʃ- (-20.84); aɳʈʈ- (-21.31)	8
wa-ja-ja-s	wajajas	poʈʈ-	-15.9209	poʈʈ- (-15.92); patʃ- (-17.85); aɳʈʈ- (-18.35)	7
wa-ja-ja-sa	wajajasa	poʈʈ-	-18.7531	poʈʈ- (-18.75); patʃ- (-20.84); aɳʈʈ- (-21.31)	8
wa-ja-ja-sa-s	wajajasas	poʈʈ-	-21.1239	poʈʈ- (-21.12); patʃ- (-23.66); pitʃtʃ- (-23.74)	9
wa-ja-ja-sa-sa	wajajasasa	poʈʈ-	-24.1005	poʈʈ- (-24.10); pitʃtʃ- (-26.68); patʃ- (-26.76)	10
wa-ja-s	wajas	poʈʈ-	-12.169	poʈʈ- (-12.17); patʃ- (-12.62); aɳʈʈ- (-13.26)	5
wa-ja-se	wajase	poʈʈ-	-14.9884	poʈʈ- (-14.99); patʃ- (-15.45); aɳʈʈ- (-16.09)	6
wa-ja-se-k	wajasek	paːʈu	-16.0946	paːʈu (-16.09); aʈʈu (-16.77); po (-16.84)	7
wa-ja-se-ka	wajaseka	tʃup	-19.2164	tʃup (-19.22); paːʈu (-19.59); poʈʈ- (-19.91)	8
wa-ja-se-ka-n	wajasekan	poʈʈ-	-21.6743	poʈʈ- (-21.67); tʃup (-22.72); paːʈu (-23.09)	9
wa-ja-se-ka-na	wajasekana	poʈʈ-	-23.4	poʈʈ- (-23.40); tʃuːʈ (-24.88); tʃup (-25.54)	10
wa-ja-t	wajat	peʈʈi	-9.3337	peʈʈi (-9.33); appa (-9.76); poʈʈ- (-12.17)	5
wa-ja-tu	wajatu	paːʈa-	-11.9489	paːʈa- (-11.95); putʃa- (-12.63); piː (-12.68)	6
wa-ja-tu-r	wajatur	paːʈa-	-14.7571	paːʈa- (-14.76); putʃa- (-15.45); piː (-15.50)	7
wa-ja-tu-ru	wajaturu	paːʈa-	-17.8378	paːʈa- (-17.84); putʃa- (-18.56); tʃah- (-18.57)	8
wa-ja-tu-ru-s	wajaturus	paːʈa-	-21.0259	paːʈa- (-21.03); tʃah- (-21.40); putʃa- (-21.78)	9
wa-ja-tu-ru-sa	wajaturusa	paːʈa-	-23.9674	paːʈa- (-23.97); tʃah- (-24.50); putʃa- (-25.06)	10
wa-za-*56	wazaΦ	patʃ-	-9.7493	patʃ- (-9.75); peːtʃ- (-9.77); putʃ (-10.40)	5
wa-za-*56-n	wazaΦn	patʃ-	-12.5726	patʃ- (-12.57); peːtʃ- (-12.59); putʃ (-13.91)	6
wa-za-*56-ni	wazaΦni	tʃeːr	-15.3183	tʃeːr (-15.32); patʃ- (-15.68); peːtʃ- (-15.70)	7
za-*56-ni	zaΦni	tʃeːr	-8.3088	tʃeːr (-8.31); tʃij (-9.34); tʃaj (-9.34)	5
*301-ti-ja	Θtija	ir-	-9.1831	ir- (-9.18); -ar (-9.87); -aj (-9.87)	5
*301-ti-ja-s	Θtijas	ir-	-12.2882	ir- (-12.29); -ar (-13.37); -aj (-13.37)	6
*301-ti-ja-sa	Θtijasa	ir-	-15.5097	ir- (-15.51); aɳʈʈ (-16.31); iruppaj (-16.61)	7
*301-ti-ja-sa-s	Θtijasas	ir-	-18.7951	ir- (-18.80); aɳʈʈ- (-19.11); iruppaj (-19.44)	8
*301-ti-ja-sa-sa	Θtijasasa	iruppaj	-21.9012	iruppaj (-21.90); aɳʈʈ- (-21.94); aɳʈʈ (-22.07)	9
*301-ti-ja-sa-sa-r	Θtijasasar	aɳʈʈ-	-24.4737	aɳʈʈ- (-24.47); iruppaj (-24.90); ir- (-25.48)	10
*301-u-ti-n	Θutin	-aj	-9.1832	-aj (-9.18); -ar (-9.18); ir- (-9.87)	5
*301-u-ti-nu	Θutinu	ir-	-12.6902	ir- (-12.69); -aj (-12.69); -ar (-12.69)	6
*301-u-ti-nu-j	Θutinuj	ir-	-15.7954	ir- (-15.80); -aj (-16.20); -ar (-16.20)	7
*301-u-ti-nu-ja	Θutinuja	ir-	-19.0169	ir- (-19.02); -ar (-19.70); -aj (-19.70)	8
*301-u-ti-nu-ja-s	Θutinujas	ir-	-22.3023	ir- (-22.30); -aj (-23.21); -ar (-23.21)	9
*301-u-ti-nu-ja-sa	Θutinujasa	ir-	-25.6282	ir- (-25.63); aɳʈʈ (-26.33); iruppaj (-26.46)	10
*301-wa-e-a	Θwaea	aɳʈʈ	-13.235	aɳʈʈ (-13.23); putʃ (-13.27); tʃuːʈ (-14.90)	5
*301-wa-e-a-d	Θwaead	poʈʈ-	-15.3894	poʈʈ- (-15.39); aɳʈʈ- (-16.08); patʃ- (-16.12)	6
*301-wa-e-a-di	Θwaeadi	poːr	-18.0319	poːr (-18.03); piːr (-18.03); poʈʈ- (-18.21)	7
*301-wa-e-a-di-k	Θwaeadik	paːʈu	-19.5434	paːʈu (-19.54); aʈʈu (-19.87); -oːʈu (-20.18)	8
*301-wa-e-a-di-ki	Θwaeadiki	paːʈu	-23.0502	paːʈu (-23.05); poːr (-23.07); aʈʈu (-23.38)	9
*301-wa-e-a-di-ki-t	Θwaeadikit	ajja	-26.0461	ajja (-26.05); kerri (-26.12); peʈʈi (-26.51)	10
*301-wa-ja	Θwaja	aɳʈʈ	-13.235	aɳʈʈ (-13.23); putʃ (-13.27); tʃuːʈ (-14.90)	5
*301-wa-ja-a	Θwajaa	poʈʈ-	-15.1381	poʈʈ- (-15.14); aɳʈʈ (-15.36); putʃ (-15.69)	6
*301-wa-ja-a-d	Θwajaad	poʈʈ-	-15.9353	poʈʈ- (-15.94); aɳʈʈ- (-17.99); patʃ- (-18.26)	7
*301-wa-ja-a-di	Θwajaadi	poʈʈ-	-18.7829	poʈʈ- (-18.78); muːʈʈaj (-20.80); piːr (-20.91)	8
*301-wa-ja-a-di-k	Θwajaadik	paːʈu	-21.8459	paːʈu (-21.85); poʈʈ- (-21.90); aʈʈu (-22.12)	9
*301-wa-ja-a-di-ki	Θwajaadiki	poʈʈ-	-25.1108	poʈʈ- (-25.11); paːʈu (-25.35); aʈʈu (-25.62)	10
*301-wa-ja-a-j	Θwajaaj	poʈʈ-	-15.9353	poʈʈ- (-15.94); aɳʈʈ- (-17.99); patʃ- (-18.26)	7
*301-wa-ja-a-ja	Θwajaaja	poʈʈ-	-18.7613	poʈʈ- (-18.76); aɳʈʈ- (-20.91); patʃ- (-21.20)	8
*301-wa-ja-j	Θwajaj	poʈʈ-	-15.3894	poʈʈ- (-15.39); aɳʈʈ- (-16.08); patʃ- (-16.12)	6
*301-wa-ja-ja	Θwajaja	poʈʈ-	-18.0701	poʈʈ- (-18.07); aɳʈʈ (-18.86); aɳʈʈ- (-18.88)	7
*301-wa-ja-ja-a	Θwajajaa	poʈʈ-	-19.3189	poʈʈ- (-19.32); aɳʈʈ- (-21.30); patʃ- (-21.34)	8
*301-wa-ja-ja-d	Θwajajad	poʈʈ-	-19.3678	poʈʈ- (-19.37); aɳʈʈ- (-21.32); patʃ- (-21.35)	8
*301-wa-ja-ja-di	Θwajajadi	poʈʈ-	-22.2376	poʈʈ- (-22.24); piːr (-24.04); poːr (-24.04)	9
*301-wa-ja-ja-di-k	Θwajajadik	paːʈu	-24.8426	paːʈu (-24.84); poʈʈ- (-25.36); aʈʈu (-25.62)	10
*301-wa-ja-ja-i	Θwajajai	poʈʈ-	-19.3678	poʈʈ- (-19.37); poːr (-20.99); piːr (-20.99)	8
*301-wa-ja-ja-i-n	Θwajajain	poʈʈ-	-22.2376	poʈʈ- (-22.24); aɳʈʈ- (-24.32); patʃ- (-24.35)	9
*301-wa-ja-ja-i-n-w	Θwajajainw	poʈʈ-	-25.3582	poʈʈ- (-25.36); aɳʈʈ- (-27.49); patʃ- (-27.53)	10
*301-wa-ja-ja-j	Θwajajaj	poʈʈ-	-19.3678	poʈʈ- (-19.37); aɳʈʈ- (-21.32); patʃ- (-21.35)	8
*301-wa-ja-ja-ja	Θwajajaja	poʈʈ-	-22.2109	poʈʈ- (-22.21); aɳʈʈ- (-24.31); patʃ- (-24.35)	9
*301-wa-ja-ja-s	Θwajajas	poʈʈ-	-19.3678	poʈʈ- (-19.37); aɳʈʈ- (-21.32); patʃ- (-21.35)	8
*301-wa-ja-ja-sa	Θwajajasa	poʈʈ-	-22.2109	poʈʈ- (-22.21); aɳʈʈ- (-24.31); patʃ- (-24.35)	9
*301-wa-ja-ja-sa-s	Θwajajasas	poʈʈ-	-24.6035	poʈʈ- (-24.60); aɳʈʈ- (-27.13); patʃ- (-27.16)	10
*301-wa-ja-s	Θwajas	poʈʈ-	-15.3894	poʈʈ- (-15.39); aɳʈʈ- (-16.08); patʃ- (-16.12)	6
*301-wa-ja-se	Θwajase	poʈʈ-	-18.211	poʈʈ- (-18.21); aɳʈʈ- (-18.91); patʃ- (-18.95)	7
*301-wa-ja-se-k	Θwajasek	paːʈu	-19.5434	paːʈu (-19.54); aʈʈu (-19.87); -oːʈu (-20.18)	8
*301-wa-ja-se-ka	Θwajaseka	tʃup	-22.4405	tʃup (-22.44); paːʈu (-23.04); poʈʈ- (-23.34)	9
*301-wa-ja-se-ka-n	Θwajasekan	poʈʈ-	-25.1575	poʈʈ- (-25.16); tʃup (-25.95); paːʈu (-26.54)	10
*301-wa-ja-t	Θwajat	peʈʈi	-12.5512	peʈʈi (-12.55); appa (-12.86); poʈʈ- (-15.39)	6
*301-wa-ja-tu	Θwajatu	paːʈa-	-15.397	paːʈa- (-15.40); peʈʈi (-16.06); putʃa- (-16.13)	7
*301-wa-ja-tu-r	Θwajatur	paːʈa-	-18.2062	paːʈa- (-18.21); tʃah (-18.94); putʃa- (-18.95)	8
*301-wa-ja-tu-ru	Θwajaturu	paːʈa-	-21.2883	paːʈa- (-21.29); tʃah- (-21.80); putʃa- (-22.06)	9
*301-wa-ja-tu-ru-s	Θwajaturus	paːʈa-	-24.4782	paːʈa- (-24.48); tʃah- (-24.62); putʃa- (-25.28)	10
*56-e-tu-m	Φetum	-aː	-11.3554	-aː (-11.36); aː- (-12.66); aː (-12.69)	5
*56-e-tu-me	Φetume	-aː	-14.4601	-aː (-14.46); aː- (-15.12); aː (-15.80)	6
*56-e-tu-me-i	Φetumei	aːj	-15.792	aːj (-15.79); -aj (-16.19); -ar (-16.19)	7
*56-e-tu-me-i-j	Φetumeij	aːj	-19.2985	aːj (-19.30); -ar (-19.70); -aj (-19.70)	8
*56-e-tu-me-i-ja	Φetumeija	aːj	-22.8046	aːj (-22.80); ir- (-23.20); -ar (-23.20)	9
*56-e-tu-me-i-ja-s	Φetumeijas	aːj	-26.3105	aːj (-26.31); ir- (-26.31); -ar (-26.71)	10
a-di-ki-te	adikite	put̪a-	-13.7909	put̪a- (-13.79); pera- (-15.03); putʃa- (-16.13)	7
a-di-ki-te-te	adikitete	put̪a-	-19.4051	put̪a- (-19.41); pera- (-20.59); t̪oramp- (-21.41)	9
a-na-ti-*301-wa-ja	anatiΘwaja	paːʈa-	-22.9042	paːʈa- (-22.90); peːtʃ- (-23.21); peʈʈi (-23.69)	10
a-sa-sa-ra	asasara	poʈʈ-	-15.2964	poʈʈ- (-15.30); patʃ- (-17.34); putʃ (-17.97)	7
a-ta-i-*301-wa-e	ataiΘwae	peʈʈi	-16.7134	peʈʈi (-16.71); piːr (-16.86); peːtʃ- (-16.95)	8
a-ta-i-*301-wa-ja	ataiΘwaja	peʈʈi	-19.3589	peʈʈi (-19.36); peːtʃ- (-19.84); paːʈa- (-20.09)	9
da-ma-te	damate	paːʈa-	-11.9489	paːʈa- (-11.95); putʃa- (-12.63); piː (-12.68)	6
da-se-ra-te	daserate	paːʈa-	-17.6125	paːʈa- (-17.61); putʃa- (-18.92); peʈʈi (-19.32)	8
i-ja-re-di-ja	ijaredija	kuːr-	-24.4469	kuːr- (-24.45); t̪ah(r) (-24.64); jaɳʈ- (-24.86)	9
i-na-i-da	inaida	jaɳʈ-	-15.0299	jaɳʈ- (-15.03); jaː- (-16.31); putʃ (-16.36)	6
i-na-ja-re-ta	inajareta	kaʈ	-21.0366	kaʈ (-21.04); paːʈa- (-22.38); peʈʈi (-22.64)	9
i-pi-na-ma	ipinama	jaɳʈ-	-17.8298	jaɳʈ- (-17.83); jaː- (-19.13); aɳʈʈ (-19.54)	7
ja-di-ki-tu	jadikitu	put̪a-	-17.2978	put̪a- (-17.30); pera- (-18.53); t̪oramp- (-19.54)	8
ja-i-nwa-za	jainwaza	putʃ	-19.1601	putʃ (-19.16); pitʃtʃ- (-19.44); pin̪tʃtʃar (-20.31)	8
ja-sa-sa	jasasa	poʈʈ-	-14.8095	poʈʈ- (-14.81); putʃ (-15.39); patʃ- (-15.42)	6
ja-sa-sa-ra	jasasara	poʈʈ-	-18.7531	poʈʈ- (-18.75); patʃ- (-20.84); aɳʈʈ- (-21.31)	8
ja-sa-sa-ra-ma	jasasarama	poʈʈ-	-24.1005	poʈʈ- (-24.10); pitʃtʃ- (-26.68); patʃ- (-26.76)	10
ja-sa-sa-ra-me	jasasarame	poʈʈ-	-24.113	poʈʈ- (-24.11); pitʃtʃ- (-26.69); patʃ- (-26.76)	10
ja-sa-u-na-ka-na-si	jasaunakanasi	poʈʈ-	-29.1089	poʈʈ- (-29.11); poːr (-31.94); tʃuːʈ- (-33.29)	13
ja-ta-i-*301-u-ja	jataiΘuja	piːr	-20.3701	piːr (-20.37); peʈʈi (-20.83); pera- (-21.31)	9
ja-wa-*56	jawaΦ	poʈʈ-	-12.169	poʈʈ- (-12.17); patʃ- (-12.62); aɳʈʈ- (-13.26)	5
pi-te-ri	piteri	jaːh	-9.8607	jaːh (-9.86); jaː- (-11.62); jaːn̪ (-12.47)	6
re-i-ke	reike	koː	-9.8598	koː (-9.86); kuːr- (-11.07); koj- (-11.51)	5
ri-da-u	ridau	kuːʈ-	-11.1824	kuːʈ- (-11.18); koːʈ- (-11.18); kaʈ- (-12.15)	5
sa-ra-me	sarame	poʈʈ-	-14.9884	poʈʈ- (-14.99); patʃ- (-15.45); koʈ- (-15.97)	6
sa-sa-ra-me	sasarame	poʈʈ-	-18.7808	poʈʈ- (-18.78); patʃ- (-20.85); aɳʈʈ- (-21.32)	8
se-ka-na-si	sekanasi	uɻupp-	-18.5262	uɻupp- (-18.53); poʈʈ- (-18.55); oʈ- (-18.61)	8
se-to-i-ja	setoija	aɭ-	-15.7954	aɭ- (-15.80); eɳ- (-15.80); aɳʈʈ (-16.09)	7
si-ru-te	sirute	kaː	-13.3709	kaː (-13.37); -aː (-14.86); jaː- (-15.52)	6
ta-na-i-*301-ti	tanaiΘti	iruppaj	-13.9621	iruppaj (-13.96); appa (-14.01); paːraj (-14.77)	8
ta-na-i-*301-u-ti-nu	tanaiΘutinu	iruppaj	-24.4745	iruppaj (-24.47); appa (-24.53); paːraj (-25.28)	11
ta-na-ra-te-u-ti-nu	tanarateutinu	iruppaj	-29.1984	iruppaj (-29.20); appa (-29.77); appam (-31.55)	13
tu-me-i	tumei	aːj	-8.7793	aːj (-8.78); ir (-10.52); aː- (-10.94)	5
tu-ru-sa	turusa	aː-	-13.9459	aː- (-13.95); ih (-14.02); ah (-14.02)	6
u-na-ka	unaka	tʃup	-9.3894	tʃup (-9.39); poʈʈ- (-10.40); putʃ (-10.40)	5
u-na-ka-na	unakana	poʈʈ-	-13.6658	poʈʈ- (-13.67); tʃuːʈ (-15.06); tʃup (-15.71)	7
u-na-ka-na-si	unakanasi	poʈʈ-	-16.1875	poʈʈ- (-16.19); poːr (-19.01); tʃuːʈ- (-20.73)	9
u-na-ru-ka-ja-si	unarukajasi	poʈʈ-	-23.1999	poʈʈ- (-23.20); koːʈ- (-25.36); kuːʈ- (-25.36)	11
u-na-ru-ka-na-si	unarukanasi	poʈʈ-	-23.1999	poʈʈ- (-23.20); koːʈ- (-25.36); kuːʈ- (-25.36)	11
u-na-ru-ka-na-ti	unarukanati	iruppaj	-22.8069	iruppaj (-22.81); poʈʈ- (-23.20); kuʈa (-23.85)	11
u-ti-nu	utinu	ir-	-9.1831	ir- (-9.18); -ar (-9.87); -aj (-9.87)	5
*56-ni-wi	Φniwi	-aj	-14.0854	-aj (-14.09); -ar (-14.09); uːr (-14.11)	5
