Word	IPA	SCA	Source	Concept_ID	Cognate_Set_ID
ac	ak	AK	wikipron	-	-
acah	akah	AKAH	wikipron	-	-
acahualli	akawali	AKAWALI	wikipron	-	-
acalchimalli	akalt͡ʃimali	AKALSIMALI	wikipron	-	-
acalli	akali	AKALI	wikipron	-	-
Acapolco	Akapolko	0KAPOLKO	wikipron	-	-
acattopa	akattopa	AKATTOPA	wikipron	-	-
acaxtontli	akaʃtont͡ɬi	AKASTONTI	wikipron	-	-
acayotl	akayot͡ɬ	AKAUOT	wikipron	-	-
acecec	akekek	AKEKEK	wikipron	-	-
acelli	akeli	AKELI	wikipron	-	-
achcohcoltin	at͡ʃkohkoltin	ASKOHKOLTIN	wikipron	-	-
achcolli	at͡ʃkoli	ASKOLI	wikipron	-	-
achto	at͡ʃto	ASTO	wikipron	-	-
achtontli	at͡ʃtont͡ɬi	ASTONTI	wikipron	-	-
achtopa	at͡ʃtopa	ASTOPA	wikipron	-	-
acilli	akili	AKILI	wikipron	-	-
acocilin	akokilin	AKOKILIN	wikipron	-	-
acolhuah	akolwah	AKOLWAH	wikipron	-	-
ahaztli	ahast͡ɬi	AHASTI	wikipron	-	-
ahcan	ahkan	AHKAN	wikipron	-	-
Ahcolco	Ahkolko	0HKOLKO	wikipron	-	-
ahcolli	ahkoli	AHKOLI	wikipron	-	-
ahhua	ahwa	AHWA	wikipron	-	-
ahhuatl	ahwat͡ɬ	AHWAT	wikipron	-	-
ahmiquiliztli	ahmikilist͡ɬi	AHMIKILISTI	wikipron	-	-
ahmo	aʔmoː	AHMO	wikipron	-	-
ahmolli	ahmoli	AHMOLI	wikipron	-	-
ahtlanqui	aht͡ɬanki	AHTANKI	wikipron	-	-
ahtlatl	aht͡ɬat͡ɬ	AHTAT	wikipron	-	-
ahuacacuahuitl	awakakʷawit͡ɬ	AWAKAKAWIT	wikipron	-	-
ahuacatl	awakat͡ɬ	AWAKAT	wikipron	-	-
ahuacaxochitl	awakaʃot͡ʃit͡ɬ	AWAKASOSIT	wikipron	-	-
ahuah	awah	AWAH	wikipron	-	-
ahuehuetl	awewet͡ɬ	AWEWET	wikipron	-	-
ahuillahtolli	awilahtoli	AWILAHTOLI	wikipron	-	-
Ahuitzotl	Awit͡sot͡ɬ	0WISOT	wikipron	-	-
ahuiyani	awiyani	AWIUANI	wikipron	-	-
ahuiyanicalli	awiyanikali	AWIUANIKALI	wikipron	-	-
ahuiyanimeh	awiyanimeh	AWIUANIMEH	wikipron	-	-
aic	aik	AIK	wikipron	-	-
alahua	alawa	ALAWA	wikipron	-	-
altepemeh	aːltepeːmeʔ	ALTEPEMEH	wikipron	-	-
altepetenamitl	altepetenamit͡ɬ	ALTEPETENAMIT	wikipron	-	-
altepetenancoyoctli	altepetenankoyokt͡ɬi	ALTEPETENANKOUOKTI	wikipron	-	-
altepetenanquetza	altepetenanket͡sa	ALTEPETENANKESA	wikipron	-	-
altepetl	altepet͡ɬ	ALTEPET	wikipron	-	-
Amaquemehcan	Amakemehkan	0MAKEMEHKAN	wikipron	-	-
amatl	amat͡ɬ	AMAT	wikipron	-	-
amehhuan	amehwan	AMEHWAN	wikipron	-	-
amehhuantin	amehwantin	AMEHWANTIN	wikipron	-	-
amintli	amint͡ɬi	AMINTI	wikipron	-	-
amiqui	amiki	AMIKI	wikipron	-	-
amoxcalli	amoʃkali	AMOSKALI	wikipron	-	-
amoxnamacac	amoʃnamakak	AMOSNAMAKAK	wikipron	-	-
amoxpohua	amoʃpowa	AMOSPOWA	wikipron	-	-
amoxpohualiztli	amoʃpowalist͡ɬi	AMOSPOWALISTI	wikipron	-	-
amoxpohuani	amoʃpowani	AMOSPOWANI	wikipron	-	-
amoxtli	amoʃt͡ɬi	AMOSTI	wikipron	-	-
aoctli	aokt͡ɬi	AOKTI	wikipron	-	-
aohtli	aoht͡ɬi	AOHTI	wikipron	-	-
aoni	aːoniː	AONI	wikipron	-	-
apipiyollotl	apipiyolot͡ɬ	APIPIUOLOT	wikipron	-	-
atemeh	atemeʔ	ATEMEH	wikipron	-	-
atemitl	atemit͡ɬ	ATEMIT	wikipron	-	-
atemmeh	aːtemmeʔ	ATEMMEH	wikipron	-	-
atentli	atent͡ɬi	ATENTI	wikipron	-	-
atl	at͡ɬ	AT	wikipron	-	-
atlacatl	at͡ɬakat͡ɬ	ATAKAT	wikipron	-	-
Atlacomolco	At͡ɬakomolko	0TAKOMOLKO	wikipron	-	-
atlahcatl	at͡ɬahkat͡ɬ	ATAHKAT	wikipron	-	-
atolli	atoli	ATOLI	wikipron	-	-
atotolin	aːtoːtolin	ATOTOLIN	wikipron	-	-
axixcalli	aʃiʃkali	ASISKALI	wikipron	-	-
axixcomitl	aʃiʃkomit͡ɬ	ASISKOMIT	wikipron	-	-
axixtli	aʃiʃt͡ɬi	ASISTI	wikipron	-	-
axolomeh	aʃolomeh	ASOLOMEH	wikipron	-	-
axolotl	aʃolot͡ɬ	ASOLOT	wikipron	-	-
ayatl	ayat͡ɬ	AUAT	wikipron	-	-
ayotochtli	ayotot͡ʃt͡ɬi	AUOTOSTI	wikipron	-	-
azcatl	askat͡ɬ	ASKAT	wikipron	-	-
azcayoh	askayoh	ASKAUOH	wikipron	-	-
azolin	asolin	ASOLIN	wikipron	-	-
aztatl	astat͡ɬ	ASTAT	wikipron	-	-
aztatzoneh	astat͡soneh	ASTASONEH	wikipron	-	-
aztatzontli	astat͡sont͡ɬi	ASTASONTI	wikipron	-	-
cacahuacentli	kakawakent͡ɬi	KAKAWAKENTI	wikipron	-	-
cahcatza	kahkat͡sa	KAHKASA	wikipron	-	-
cahua	kawa	KAWA	wikipron	-	-
cahuayoh	kawayoh	KAWAUOH	wikipron	-	-
cahuitl	kawit͡ɬ	KAWIT	wikipron	-	-
caleh	kaleh	KALEH	wikipron	-	-
calehqueh	kalehkeh	KALEHKEH	wikipron	-	-
Callifornia	California	0ALIPORNIA	wikipron	-	-
calmecac	kalmekak	KALMEKAK	wikipron	-	-
calmecatl	kalmekat͡ɬ	KALMEKAT	wikipron	-	-
calpohua	kalpowa	KALPOWA	wikipron	-	-
calpohualli	kalpowali	KALPOWALI	wikipron	-	-
caltechoa	kaltet͡ʃoa	KALTESOA	wikipron	-	-
caltechtli	kaltet͡ʃt͡ɬi	KALTESTI	wikipron	-	-
caltia	kaltia	KALTIA	wikipron	-	-
caltzalantli	kalt͡salant͡ɬi	KALSALANTI	wikipron	-	-
campa	kampa	KAMPA	wikipron	-	-
can	kan	KAN	wikipron	-	-
capotztic	kapot͡stik	KAPOSTIK	wikipron	-	-
caqui	kaki	KAKI	wikipron	-	-
catzana	kat͡sana	KASANA	wikipron	-	-
caxitl	kaʃit͡ɬ	KASIT	wikipron	-	-
caxtiltecatl	kaʃtiltekat͡ɬ	KASTILTEKAT	wikipron	-	-
cecec	kekek	KEKEK	wikipron	-	-
cehcen	kehken	KEHKEN	wikipron	-	-
cemanahuac	kemanawak	KEMANAWAK	wikipron	-	-
cemanahuatl	kemanawat͡ɬ	KEMANAWAT	wikipron	-	-
cemihcac	kemihkak	KEMIHKAK	wikipron	-	-
cemiztitl	kemistit͡ɬ	KEMISTIT	wikipron	-	-
cempohualxochitl	kempowalʃot͡ʃit͡ɬ	KEMPOWALSOSIT	wikipron	-	-
centlapal	kent͡ɬapal	KENTAPAL	wikipron	-	-
centzontlahtoleh	kent͡sont͡ɬahtoleh	KENSONTAHTOLEH	wikipron	-	-
cenxiquipilli	kenʃikipili	KENSIKIPILI	wikipron	-	-
cepayahui	kepayawi	KEPAUAWI	wikipron	-	-
cepayahuitl	kepayawit͡ɬ	KEPAUAWIT	wikipron	-	-
cetl	ket͡ɬ	KET	wikipron	-	-
chacalin	t͡ʃakalin	SAKALIN	wikipron	-	-
chachapoltin	t͡ʃat͡ʃapoltin	SASAPOLTIN	wikipron	-	-
chalchihuitl	t͡ʃalt͡ʃiwit͡ɬ	SALSIWIT	wikipron	-	-
chaneh	t͡ʃaneh	SANEH	wikipron	-	-
chanehqueh	t͡ʃanehkeh	SANEHKEH	wikipron	-	-
chapolin	t͡ʃapolin	SAPOLIN	wikipron	-	-
chapoltin	t͡ʃapoltin	SAPOLTIN	wikipron	-	-
chicahua	t͡ʃikawa	SIKAWA	wikipron	-	-
chichi	t͡ʃit͡ʃi	SISI	wikipron	-	-
chichicatl	t͡ʃit͡ʃikat͡ɬ	SISIKAT	wikipron	-	-
chichihualmecapalli	t͡ʃit͡ʃiwalmekapali	SISIWALMEKAPALI	wikipron	-	-
chichimecatl	t͡ʃit͡ʃimekat͡ɬ	SISIMEKAT	wikipron	-	-
chichimeh	t͡ʃit͡ʃimeh	SISIMEH	wikipron	-	-
chichitoton	t͡ʃit͡ʃitoton	SISITOTON	wikipron	-	-
chicuahtli	t͡ʃikʷaht͡ɬi	SIKAHTI	wikipron	-	-
chihcha	t͡ʃiht͡ʃa	SIHSA	wikipron	-	-
chihchitl	t͡ʃiht͡ʃit͡ɬ	SIHSIT	wikipron	-	-
chihua	t͡ʃiwa	SIWA	wikipron	-	-
chimalli	t͡ʃimali	SIMALI	wikipron	-	-
chinamitl	t͡ʃinamit͡ɬ	SINAMIT	wikipron	-	-
chiquihuitl	t͡ʃikiwit͡ɬ	SIKIWIT	wikipron	-	-
chiya	t͡ʃiya	SIUA	wikipron	-	-
chocani	t͡ʃokani	SOKANI	wikipron	-	-
chocolatl	t͡ʃokolat͡ɬ	SOKOLAT	wikipron	-	-
chīhua	t͡ʃiːwa	SIWA	wikipron	-	-
cicitlaltin	kikit͡ɬaltin	KIKITALTIN	wikipron	-	-
cihtepiton	kihtepiton	KIHTEPITON	wikipron	-	-
cihtli	kiht͡ɬi	KIHTI	wikipron	-	-
cihtontli	kihtont͡ɬi	KIHTONTI	wikipron	-	-
cihuaconetl	kiwakonet͡ɬ	KIWAKONET	wikipron	-	-
cihuamicqui	kiwamikki	KIWAMIKKI	wikipron	-	-
cihuamiqui	kiwamiki	KIWAMIKI	wikipron	-	-
cihuamiztli	kiwamist͡ɬi	KIWAMISTI	wikipron	-	-
cihuapilli	kiwapili	KIWAPILI	wikipron	-	-
cihuapipiltin	kiwapipiltin	KIWAPIPILTIN	wikipron	-	-
cihuatlacohtli	kiwat͡ɬakoht͡ɬi	KIWATAKOHTI	wikipron	-	-
cihuatotolin	kiwatotolin	KIWATOTOLIN	wikipron	-	-
cilin	kilin	KILIN	wikipron	-	-
coamichin	koamit͡ʃin	KOAMISIN	wikipron	-	-
cochiliztli	kot͡ʃilist͡ɬi	KOSILISTI	wikipron	-	-
cochiztli	kot͡ʃist͡ɬi	KOSISTI	wikipron	-	-
cochmiquini	kot͡ʃmikini	KOSMIKINI	wikipron	-	-
cocho	kot͡ʃo	KOSO	wikipron	-	-
cochotl	kot͡ʃot͡ɬ	KOSOT	wikipron	-	-
cocoa	kokoa	KOKOA	wikipron	-	-
cocoah	kokoah	KOKOAH	wikipron	-	-
cocoliztli	kokolist͡ɬi	KOKOLISTI	wikipron	-	-
cocoxqui	kokoʃki	KOKOSKI	wikipron	-	-
colli	koli	KOLI	wikipron	-	-
colotl	kolot͡ɬ	KOLOT	wikipron	-	-
coltin	koltin	KOLTIN	wikipron	-	-
comalli	komali	KOMALI	wikipron	-	-
comaltin	komaltin	KOMALTIN	wikipron	-	-
cotona	kotona	KOTONA	wikipron	-	-
cotoni	kotoni	KOTONI	wikipron	-	-
coyolli	koyoli	KOUOLI	wikipron	-	-
coyomeh	koyomeh	KOUOMEH	wikipron	-	-
coyotl	koyot͡ɬ	KOUOT	wikipron	-	-
cozticteocuitlaoztotl	kostikteokʷit͡ɬaostot͡ɬ	KOSTIKTEOKITAOSTOT	wikipron	-	-
cua	kʷa	KA	wikipron	-	-
cuachpamitl	kʷat͡ʃpamit͡ɬ	KASPAMIT	wikipron	-	-
cuachtli	kʷat͡ʃt͡ɬi	KASTI	wikipron	-	-
cuacuahuitl	kʷakʷawit͡ɬ	KAKAWIT	wikipron	-	-
cuaitl	kʷait͡ɬ	KAIT	wikipron	-	-
cualani	kʷalani	KALANI	wikipron	-	-
cualantli	kʷalant͡ɬi	KALANTI	wikipron	-	-
cuamana	kʷamana	KAMANA	wikipron	-	-
cuanaca	kʷanaka	KANAKA	wikipron	-	-
cuauhiztexochitl	kʷawisteʃot͡ʃit͡ɬ	KAWISTESOSIT	wikipron	-	-
cuauhmiztli	kʷawmist͡ɬi	KAWMISTI	wikipron	-	-
Cuauhnahuac	Cuawnawak	0UAWNAWAK	wikipron	-	-
Cuauhtemallan	Cuawtemalan	0UAWTEMALAN	wikipron	-	-
cuauhtentetl	kʷawtentet͡ɬ	KAWTENTET	wikipron	-	-
cuauhtlapanmeh	kʷawt͡ɬapanmeh	KAWTAPANMEH	wikipron	-	-
cuauhtlapantli	kʷawt͡ɬapant͡ɬi	KAWTAPANTI	wikipron	-	-
cuauhtotolin	kʷawtotolin	KAWTOTOLIN	wikipron	-	-
cue	kʷe	KE	wikipron	-	-
cuehzoa	kʷehsoa	KEHSOA	wikipron	-	-
cuemitl	kʷemit͡ɬ	KEMIT	wikipron	-	-
cuepa	kʷepa	KEPA	wikipron	-	-
cueponi	kʷeponi	KEPONI	wikipron	-	-
cuetlachtli	kʷet͡ɬat͡ʃt͡ɬi	KETASTI	wikipron	-	-
cuetlauhqui	kʷet͡ɬawki	KETAWKI	wikipron	-	-
cueyameh	kʷeyameh	KEUAMEH	wikipron	-	-
cuica	kʷika	KIKA	wikipron	-	-
cuicani	kʷikani	KIKANI	wikipron	-	-
cuicuitzcaconetl	kʷikʷit͡skakonet͡ɬ	KIKISKAKONET	wikipron	-	-
cuicuitzcatl	kʷikʷit͡skat͡ɬ	KIKISKAT	wikipron	-	-
cuitlacalli	kʷit͡ɬakali	KITAKALI	wikipron	-	-
cuitlacomitl	kʷit͡ɬakomit͡ɬ	KITAKOMIT	wikipron	-	-
cuitlapilli	kʷit͡ɬapili	KITAPILI	wikipron	-	-
cuitlatl	kʷit͡ɬat͡ɬ	KITAT	wikipron	-	-
cuitlaxcolli	kʷit͡ɬaʃkoli	KITASKOLI	wikipron	-	-
cuix	kʷiʃ	KIS	wikipron	-	-
ehco	ehko	EHKO	wikipron	-	-
ehuatl	ewat͡ɬ	EWAT	wikipron	-	-
ehēcatl	eheːkat͡ɬ	EHEKAT	wikipron	-	-
elchiquihuitl	elt͡ʃikiwit͡ɬ	ELSIKIWIT	wikipron	-	-
elehuia	elewia	ELEWIA	wikipron	-	-
elimiqui	elimiki	ELIMIKI	wikipron	-	-
elotl	elot͡ɬ	ELOT	wikipron	-	-
epatl	epat͡ɬ	EPAT	wikipron	-	-
epazoyoh	epasoyoh	EPASOUOH	wikipron	-	-
etic	etik	ETIK	wikipron	-	-
expa	eʃpa	ESPA	wikipron	-	-
ezhuia	eswia	ESWIA	wikipron	-	-
ezzoh	essoh	ESSOH	wikipron	-	-
huacalli	wakali	WAKALI	wikipron	-	-
hualtemo	waltemo	WALTEMO	wikipron	-	-
hualtemoliztli	waltemolist͡ɬi	WALTEMOLISTI	wikipron	-	-
huan	wan	WAN	wikipron	-	-
huapahua	wapawa	WAPAWA	wikipron	-	-
huauhtli	wawt͡ɬi	WAWTI	wikipron	-	-
huehuehxoloh	wewehʃoloh	WEWEHSOLOH	wikipron	-	-
huehuetl	wewet͡ɬ	WEWET	wikipron	-	-
huexolotl	weʃolot͡ɬ	WESOLOT	wikipron	-	-
huexotl	weʃot͡ɬ	WESOT	wikipron	-	-
hueyac	weyak	WEUAK	wikipron	-	-
huica	wika	WIKA	wikipron	-	-
huicci	wikki	WIKKI	wikipron	-	-
huihuitla	wiwit͡ɬa	WIWITA	wikipron	-	-
huilotl	wilot͡ɬ	WILOT	wikipron	-	-
huipilli	wipili	WIPILI	wikipron	-	-
huiptla	wipt͡ɬa	WIPTA	wikipron	-	-
huitequi	witeki	WITEKI	wikipron	-	-
huitzilin	wit͡silin	WISILIN	wikipron	-	-
huitzquilitl	wit͡skilit͡ɬ	WISKILIT	wikipron	-	-
huitztli	wit͡st͡ɬi	WISTI	wikipron	-	-
i	iː	I	wikipron	-	-
icah	ikah	IKAH	wikipron	-	-
ichmecatl	it͡ʃmekat͡ɬ	ISMEKAT	wikipron	-	-
ichpocheh	it͡ʃpot͡ʃeh	ISPOSEH	wikipron	-	-
ichpochehqueh	it͡ʃpot͡ʃehkeh	ISPOSEHKEH	wikipron	-	-
ichpopochtin	it͡ʃpopot͡ʃtin	ISPOPOSTIN	wikipron	-	-
ichpopochtotontin	it͡ʃpopot͡ʃtotontin	ISPOPOSTOTONTIN	wikipron	-	-
ichtecqui	it͡ʃtekki	ISTEKKI	wikipron	-	-
ichtequi	it͡ʃteki	ISTEKI	wikipron	-	-
ichtequiliztli	it͡ʃtekilist͡ɬi	ISTEKILISTI	wikipron	-	-
icuitlapil	ikʷit͡ɬapil	IKITAPIL	wikipron	-	-
icxitl	ikʃit͡ɬ	IKSIT	wikipron	-	-
icza	iksa	IKSA	wikipron	-	-
ielchiquiuh	ielt͡ʃikiw	IELSIKIW	wikipron	-	-
ihcequi	ihkeki	IHKEKI	wikipron	-	-
ihcihui	ihkiwi	IHKIWI	wikipron	-	-
ihcuac	ihkʷak	IHKAK	wikipron	-	-
ihcuiloa	ihkʷiloa	IHKILOA	wikipron	-	-
ihhuitl	ihwit͡ɬ	IHWIT	wikipron	-	-
ihiyotl	ihiyot͡ɬ	IHIUOT	wikipron	-	-
ihnecui	ihnekʷi	IHNEKI	wikipron	-	-
ihpotoctli	ihpotokt͡ɬi	IHPOTOKTI	wikipron	-	-
ihquiti	ihkiti	IHKITI	wikipron	-	-
ihtacatl	ihtakat͡ɬ	IHTAKAT	wikipron	-	-
ihtetl	ihtet͡ɬ	IHTET	wikipron	-	-
ihtlacoa	iht͡ɬakoa	IHTAKOA	wikipron	-	-
ihtoa	iʔtoa	IHTOA	wikipron	-	-
ihza	ihsa	IHSA	wikipron	-	-
ilamapil	ilamapiːɬ	ILAMAPIL	wikipron	-	-
ilamapipil	ilamapipiːɬ	ILAMAPIPIL	wikipron	-	-
ilamatl	ilamat͡ɬ	ILAMAT	wikipron	-	-
ilamatoton	ilamatotoːn	ILAMATOTON	wikipron	-	-
ilamatototl	ilamatotot͡ɬ	ILAMATOTOT	wikipron	-	-
ilamatqueh	ilamatkeh	ILAMATKEH	wikipron	-	-
ilamayotl	ilamayot͡ɬ	ILAMAUOT	wikipron	-	-
ilantli	ilant͡ɬi	ILANTI	wikipron	-	-
ilcahua	ilkawa	ILKAWA	wikipron	-	-
ilhuicac	ilwikak	ILWIKAK	wikipron	-	-
ilhuicatl	ilwikat͡ɬ	ILWIKAT	wikipron	-	-
ilhuitl	ilwit͡ɬ	ILWIT	wikipron	-	-
ilitl	ilit͡ɬ	ILIT	wikipron	-	-
ilnamiqui	ilnamiki	ILNAMIKI	wikipron	-	-
iloti	iloːti	ILOTI	wikipron	-	-
ilpia	iɬpia	ILPIA	wikipron	-	-
ilpiliztli	ilpilist͡ɬi	ILPILISTI	wikipron	-	-
imaxtli	imaʃt͡ɬi	IMASTI	wikipron	-	-
ithui	itwi	ITWI	wikipron	-	-
itqui	itki	ITKI	wikipron	-	-
itta	itːa	ITA	wikipron	-	-
itzcuauhtli	it͡skʷawt͡ɬi	ISKAWTI	wikipron	-	-
itztli	it͡st͡ɬi	ISTI	wikipron	-	-
iucci	iukki	IUKKI	wikipron	-	-
iucxoa	iukʃoa	IUKSOA	wikipron	-	-
ixayopohpohua	iʃayopohpowa	ISAUOPOHPOWA	wikipron	-	-
ixayotl	iʃayot͡ɬ	ISAUOT	wikipron	-	-
ixca	iʃka	ISKA	wikipron	-	-
ixcuahmolli	iʃkʷahmoli	ISKAHMOLI	wikipron	-	-
ixcuepa	iʃkʷepa	ISKEPA	wikipron	-	-
ixeh	iʃeh	ISEH	wikipron	-	-
ixehqueh	iʃehkeh	ISEHKEH	wikipron	-	-
ixhui	iʃwi	ISWI	wikipron	-	-
ixhuiuhtli	iʃwiwt͡ɬi	ISWIWTI	wikipron	-	-
ixpopoyotl	iʃpopoyot͡ɬ	ISPOPOUOT	wikipron	-	-
ixtelolohtli	iʃteloloht͡ɬi	ISTELOLOHTI	wikipron	-	-
ixtli	iʃt͡ɬi	ISTI	wikipron	-	-
ixxayotl	iʃʃayot͡ɬ	ISSAUOT	wikipron	-	-
izhuatl	iswat͡ɬ	ISWAT	wikipron	-	-
iztac	istak	ISTAK	wikipron	-	-
iztanamacac	istanamakak	ISTANAMAKAK	wikipron	-	-
iztapinolli	istapinoli	ISTAPINOLI	wikipron	-	-
iztatl	istat͡ɬ	ISTAT	wikipron	-	-
iztetl	istet͡ɬ	ISTET	wikipron	-	-
iztlacati	ist͡ɬakati	ISTAKATI	wikipron	-	-
Juan	ʃiwaːn	SIWAN	wikipron	-	-
macahuitl	makawit͡ɬ	MAKAWIT	wikipron	-	-
maccuahuitl	makkʷawit͡ɬ	MAKKAWIT	wikipron	-	-
macehualli	makewali	MAKEWALI	wikipron	-	-
macel	makel	MAKEL	wikipron	-	-
machtli	mat͡ʃt͡ɬi	MASTI	wikipron	-	-
macuahuitl	makʷawit͡ɬ	MAKAWIT	wikipron	-	-
mahpilli	mahpili	MAHPILI	wikipron	-	-
mahpilxocoyotl	mahpilʃokoyot͡ɬ	MAHPILSOKOUOT	wikipron	-	-
mahui	mawi	MAWI	wikipron	-	-
mahuizzotl	mawissot͡ɬ	MAWISSOT	wikipron	-	-
maitl	mait͡ɬ	MAIT	wikipron	-	-
mamali	mamali	MAMALI	wikipron	-	-
mamox	mamoʃ	MAMOS	wikipron	-	-
manamictin	manamiktin	MANAMIKTIN	wikipron	-	-
manamictli	manamikt͡ɬi	MANAMIKTI	wikipron	-	-
mani	mani	MANI	wikipron	-	-
mapohpohua	mapohpowa	MAPOHPOWA	wikipron	-	-
matemecatl	matemekat͡ɬ	MATEMEKAT	wikipron	-	-
matlatl	mat͡ɬat͡ɬ	MATAT	wikipron	-	-
matlequiquiztlazqui	mat͡ɬekikist͡ɬaski	MATEKIKISTASKI	wikipron	-	-
matlequiquiztli	mat͡ɬekikist͡ɬi	MATEKIKISTI	wikipron	-	-
matoca	matoka	MATOKA	wikipron	-	-
matzahtli	mat͡saht͡ɬi	MASAHTI	wikipron	-	-
maxauhtinemi	maʃawtinemi	MASAWTINEMI	wikipron	-	-
maxtlatl	maʃt͡ɬat͡ɬ	MASTAT	wikipron	-	-
mayana	majaːna	MAYANA	wikipron	-	-
mazamamachtia	masamamat͡ʃtia	MASAMAMASTIA	wikipron	-	-
mazamamachtiliztli	masamamat͡ʃtilist͡ɬi	MASAMAMASTILISTI	wikipron	-	-
mazamecatl	masamekat͡ɬ	MASAMEKAT	wikipron	-	-
mecahuehuetl	mekawewet͡ɬ	MEKAWEWET	wikipron	-	-
mecapalli	mekapali	MEKAPALI	wikipron	-	-
mecatl	mekat͡ɬ	MEKAT	wikipron	-	-
mecayotl	mekayot͡ɬ	MEKAUOT	wikipron	-	-
meocuilin	meokʷilin	MEOKILIN	wikipron	-	-
metl	met͡ɬ	MET	wikipron	-	-
metlapilli	met͡ɬapili	METAPILI	wikipron	-	-
metlatl	met͡ɬat͡ɬ	METAT	wikipron	-	-
metztli	met͡st͡ɬi	MESTI	wikipron	-	-
Mexihcatlahtolpan	Meʃihkat͡ɬahtolpan	0ESIHKATAHTOLPAN	wikipron	-	-
miccazayolin	mikkasayolin	MIKKASAUOLIN	wikipron	-	-
michhuah	mit͡ʃwah	MISWAH	wikipron	-	-
michmecatl	mit͡ʃmekat͡ɬ	MISMEKAT	wikipron	-	-
michtecatl	mit͡ʃtekat͡ɬ	MISTEKAT	wikipron	-	-
micqui	mikki	MIKKI	wikipron	-	-
mictihuetzi	miktiwet͡si	MIKTIWESI	wikipron	-	-
mihtotihqueh	mihtotihkeh	MIHTOTIHKEH	wikipron	-	-
millahcatl	milahkat͡ɬ	MILAHKAT	wikipron	-	-
milli	mili	MILI	wikipron	-	-
mimicqueh	mimikkeh	MIMIKKEH	wikipron	-	-
mina	miːna	MINA	wikipron	-	-
mintontli	mintont͡ɬi	MINTONTI	wikipron	-	-
miqui	miki	MIKI	wikipron	-	-
miquiliztli	mikilist͡ɬi	MIKILISTI	wikipron	-	-
miquini	mikini	MIKINI	wikipron	-	-
mitl	mit͡ɬ	MIT	wikipron	-	-
mixtecatl	miʃtekat͡ɬ	MISTEKAT	wikipron	-	-
mixtli	miʃt͡ɬi	MISTI	wikipron	-	-
mizconetl	miskonet͡ɬ	MISKONET	wikipron	-	-
mizquitl	miskit͡ɬ	MISKIT	wikipron	-	-
miztli	mist͡ɬi	MISTI	wikipron	-	-
molcaxitl	molkaʃit͡ɬ	MOLKASIT	wikipron	-	-
momoyoh	moːmoːjoʔ	MOMOYOH	wikipron	-	-
montli	mont͡ɬi	MONTI	wikipron	-	-
Moteuczoma	Moteuksoma	0OTEUKSOMA	wikipron	-	-
motla	mot͡ɬa	MOTA	wikipron	-	-
moxahua	moʃawa	MOSAWA	wikipron	-	-
moyotl	moyot͡ɬ	MOUOT	wikipron	-	-
moztla	most͡ɬa	MOSTA	wikipron	-	-
nacaceh	nakakeh	NAKAKEH	wikipron	-	-
nacacehqueh	nakakehkeh	NAKAKEHKEH	wikipron	-	-
nacamolli	nakamoli	NAKAMOLI	wikipron	-	-
nacatl	nakat͡ɬ	NAKAT	wikipron	-	-
nahualli	nawali	NAWALI	wikipron	-	-
nahuatlahtohqueh	nawat͡ɬahtohkeh	NAWATAHTOHKEH	wikipron	-	-
namictli	namikt͡ɬi	NAMIKTI	wikipron	-	-
namox	namoʃ	NAMOS	wikipron	-	-
nanacatl	nanakat͡ɬ	NANAKAT	wikipron	-	-
nanahualtin	nanawaltin	NANAWALTIN	wikipron	-	-
nanamictin	nanamiktin	NANAMIKTIN	wikipron	-	-
nanquilia	nankilia	NANKILIA	wikipron	-	-
neci	neki	NEKI	wikipron	-	-
nelli	neli	NELI	wikipron	-	-
nemini	nemini	NEMINI	wikipron	-	-
nenamictiliztli	nenamiktilist͡ɬi	NENAMIKTILISTI	wikipron	-	-
nepohualiztli	nepowalist͡ɬi	NEPOWALISTI	wikipron	-	-
nequi	neki	NEKI	wikipron	-	-
netlapololtiliztli	net͡ɬapololtilist͡ɬi	NETAPOLOLTILISTI	wikipron	-	-
neuctli	neukt͡ɬi	NEUKTI	wikipron	-	-
nextamalli	neʃtamali	NESTAMALI	wikipron	-	-
nextli	neʃt͡ɬi	NESTI	wikipron	-	-
neyolmelahualoni	neyolmelawaloni	NEUOLMELAWALONI	wikipron	-	-
Nezahualpilli	Nesawalpili	0ESAWALPILI	wikipron	-	-
nican	nikan	NIKAN	wikipron	-	-
nicca	nikka	NIKKA	wikipron	-	-
niltze	nilt͡se	NILSE	wikipron	-	-
nochehuatl	not͡ʃewat͡ɬ	NOSEWAT	wikipron	-	-
nochtli	not͡ʃt͡ɬi	NOSTI	wikipron	-	-
nohpalli	nohpali	NOHPALI	wikipron	-	-
oceloh	okeloh	OKELOH	wikipron	-	-
ocelometl	okelomet͡ɬ	OKELOMET	wikipron	-	-
ocelomichin	okelomit͡ʃin	OKELOMISIN	wikipron	-	-
ocelopetlatl	okelopet͡ɬat͡ɬ	OKELOPETAT	wikipron	-	-
oceloquichtli	okelokit͡ʃt͡ɬi	OKELOKISTI	wikipron	-	-
ocelotl	okelot͡ɬ	OKELOT	wikipron	-	-
ocotochtli	okotot͡ʃt͡ɬi	OKOTOSTI	wikipron	-	-
ocotzotl	okot͡sot͡ɬ	OKOSOT	wikipron	-	-
octli	okt͡ɬi	OKTI	wikipron	-	-
ocuilin	okʷilin	OKILIN	wikipron	-	-
ocuiltin	okʷiltin	OKILTIN	wikipron	-	-
ocxayotl	okʃayot͡ɬ	OKSAUOT	wikipron	-	-
ohcalli	ohkali	OHKALI	wikipron	-	-
ohtli	oht͡ɬi	OHTI	wikipron	-	-
ohza	ohsa	OHSA	wikipron	-	-
olotl	olot͡ɬ	OLOT	wikipron	-	-
oloxochitl	oloʃot͡ʃit͡ɬ	OLOSOSIT	wikipron	-	-
omitl	omit͡ɬ	OMIT	wikipron	-	-
oncah	onkah	ONKAH	wikipron	-	-
ooceloh	ookeloh	OOKELOH	wikipron	-	-
opochtli	opot͡ʃt͡ɬi	OPOSTI	wikipron	-	-
oquichtli	okit͡ʃt͡ɬi	OKISTI	wikipron	-	-
otomitl	otomit͡ɬ	OTOMIT	wikipron	-	-
otztli	ot͡st͡ɬi	OSTI	wikipron	-	-
oyametl	oyamet͡ɬ	OUAMET	wikipron	-	-
oztotl	ostot͡ɬ	OSTOT	wikipron	-	-
pa	paː	PA	wikipron	-	-
paca	paka	PAKA	wikipron	-	-
pachoa	pat͡ʃoa	PASOA	wikipron	-	-
pahtli	paht͡ɬi	PAHTI	wikipron	-	-
pahuaci	pawaki	PAWAKI	wikipron	-	-
pahuatl	pawat͡ɬ	PAWAT	wikipron	-	-
Painal	paːinal	PAINAL	wikipron	-	-
palehuia	palewia	PALEWIA	wikipron	-	-
palli	pali	PALI	wikipron	-	-
papalomeh	paːpaloːmeʔ	PAPALOMEH	wikipron	-	-
papalotl	papalot͡ɬ	PAPALOT	wikipron	-	-
paqui	paki	PAKI	wikipron	-	-
paquiliztli	pakilist͡ɬi	PAKILISTI	wikipron	-	-
pati	paːti	PATI	wikipron	-	-
patla	pat͡ɬa	PATA	wikipron	-	-
patlani	pat͡ɬani	PATANI	wikipron	-	-
Patzcuaro	Pat͡skʷaro	0ASKARO	wikipron	-	-
pehpena	peʔpena	PEHPENA	wikipron	-	-
petlatl	pet͡ɬat͡ɬ	PETAT	wikipron	-	-
petlazolli	pet͡ɬasoli	PETASOLI	wikipron	-	-
petlazoyatl	pet͡ɬasoyat͡ɬ	PETASOUAT	wikipron	-	-
petzcoa	pet͡skoa	PESKOA	wikipron	-	-
petzoa	pet͡soa	PESOA	wikipron	-	-
petztoloa	pet͡stoloa	PESTOLOA	wikipron	-	-
pilli	pili	PILI	wikipron	-	-
pilpil	piɬpiːɬ	PILPIL	wikipron	-	-
piltzintli	pilt͡sint͡ɬi	PILSINTI	wikipron	-	-
pinacatl	pinakat͡ɬ	PINAKAT	wikipron	-	-
pinahua	pinawa	PINAWA	wikipron	-	-
pintura	pintoːlaʔ	PINTOLAH	wikipron	-	-
pipillotl	pipilot͡ɬ	PIPILOT	wikipron	-	-
pipilpipil	piːpiɬpipiːɬ	PIPILPIPIL	wikipron	-	-
pipiltin	piːpiɬtin	PIPILTIN	wikipron	-	-
pipiltotontin	piːpiɬtotoːntin	PIPILTOTONTIN	wikipron	-	-
piptontli	piptont͡ɬi	PIPTONTI	wikipron	-	-
piqui	piki	PIKI	wikipron	-	-
pitza	pit͡sa	PISA	wikipron	-	-
pitzahuac	pit͡sawak	PISAWAK	wikipron	-	-
pitzonacatl	pit͡sonakat͡ɬ	PISONAKAT	wikipron	-	-
pitzotl	pit͡sot͡ɬ	PISOT	wikipron	-	-
pochocuauhtitech	pot͡ʃokʷawtitet͡ʃ	POSOKAWTITES	wikipron	-	-
pochotitlan	pot͡ʃotit͡ɬan	POSOTITAN	wikipron	-	-
pochotl	pot͡ʃot͡ɬ	POSOT	wikipron	-	-
pochtecah	pot͡ʃtekah	POSTEKAH	wikipron	-	-
pochtecatl	pot͡ʃtekat͡ɬ	POSTEKAT	wikipron	-	-
pochtecayotl	pot͡ʃtekayot͡ɬ	POSTEKAUOT	wikipron	-	-
poctli	pokt͡ɬi	POKTI	wikipron	-	-
pohpohua	pohpowa	POHPOWA	wikipron	-	-
pohua	powa	POWA	wikipron	-	-
pohualli	powali	POWALI	wikipron	-	-
popoca	popoka	POPOKA	wikipron	-	-
popocani	popokani	POPOKANI	wikipron	-	-
Popocatepetl	Popokatepet͡ɬ	0OPOKATEPET	wikipron	-	-
Popocatzin	Popokat͡sin	0OPOKASIN	wikipron	-	-
popotl	popot͡ɬ	POPOT	wikipron	-	-
Portugal	poɾtuɡal	PORTUGAL	wikipron	-	-
potoni	potoːni	POTONI	wikipron	-	-
Poyauhtecatl	Poyawtekat͡ɬ	0OUAWTEKAT	wikipron	-	-
quemah	kemah	KEMAH	wikipron	-	-
quemeh	kemeh	KEMEH	wikipron	-	-
quetzalitztli	ket͡salit͡st͡ɬi	KESALISTI	wikipron	-	-
quetzaltotomeh	ket͡saltotomeh	KESALTOTOMEH	wikipron	-	-
quetzaltototl	ket͡saltotot͡ɬ	KESALTOTOT	wikipron	-	-
quihtoznequi	kihtosneki	KIHTOSNEKI	wikipron	-	-
quilitl	kilit͡ɬ	KILIT	wikipron	-	-
quimichimeh	kimit͡ʃimeh	KIMISIMEH	wikipron	-	-
quimichin	kimit͡ʃin	KIMISIN	wikipron	-	-
quimichpil	kimit͡ʃpil	KIMISPIL	wikipron	-	-
quimichtin	kimit͡ʃtin	KIMISTIN	wikipron	-	-
quimichtlapehualli	kimit͡ʃt͡ɬapewali	KIMISTAPEWALI	wikipron	-	-
quiquici	kikiki	KIKIKI	wikipron	-	-
quiyahui	kiyawi	KIUAWI	wikipron	-	-
quiza	kisa	KISA	wikipron	-	-
señora	ʃinoːraʔ	SINORAH	wikipron	-	-
tahyotl	tahyot͡ɬ	TAHUOT	wikipron	-	-
tamazolin	tamasolin	TAMASOLIN	wikipron	-	-
tamox	tamoʃ	TAMOS	wikipron	-	-
tapachtli	tapat͡ʃt͡ɬi	TAPASTI	wikipron	-	-
tataca	tataka	TATAKA	wikipron	-	-
tatapahtli	tatapaht͡ɬi	TATAPAHTI	wikipron	-	-
teca	teka	TEKA	wikipron	-	-
tecciztli	tekkist͡ɬi	TEKKISTI	wikipron	-	-
techinamitl	tet͡ʃinamit͡ɬ	TESINAMIT	wikipron	-	-
teci	teki	TEKI	wikipron	-	-
tecihui	tekiwi	TEKIWI	wikipron	-	-
tecihuitl	tekiwit͡ɬ	TEKIWIT	wikipron	-	-
tecolomeh	tekolomeh	TEKOLOMEH	wikipron	-	-
tecolotl	tekolot͡ɬ	TEKOLOT	wikipron	-	-
tecpoa	tekpoa	TEKPOA	wikipron	-	-
teh	teʔ	TEH	wikipron	-	-
tehhuan	tehwan	TEHWAN	wikipron	-	-
tehhuantin	tehwantin	TEHWANTIN	wikipron	-	-
teilaquiliztli	teilakilist͡ɬi	TEILAKILISTI	wikipron	-	-
teixcuepani	teiʃkʷepani	TEISKEPANI	wikipron	-	-
telpochcalli	telpot͡ʃkali	TELPOSKALI	wikipron	-	-
telpocheh	telpot͡ʃeh	TELPOSEH	wikipron	-	-
telpochehqueh	telpot͡ʃehkeh	TELPOSEHKEH	wikipron	-	-
telpopochtin	telpopot͡ʃtin	TELPOPOSTIN	wikipron	-	-
telpopochtotontin	telpopot͡ʃtotontin	TELPOPOSTOTONTIN	wikipron	-	-
temazcalli	temaskali	TEMASKALI	wikipron	-	-
temi	teːmi	TEMI	wikipron	-	-
temictli	temikt͡ɬi	TEMIKTI	wikipron	-	-
temiqui	temiki	TEMIKI	wikipron	-	-
tenamitl	tenamit͡ɬ	TENAMIT	wikipron	-	-
tenihza	tenihsa	TENIHSA	wikipron	-	-
tenitl	tenit͡ɬ	TENIT	wikipron	-	-
tentetl	tentet͡ɬ	TENTET	wikipron	-	-
tentli	tent͡ɬi	TENTI	wikipron	-	-
tentzontli	tent͡sont͡ɬi	TENSONTI	wikipron	-	-
tenyotl	tenyot͡ɬ	TENUOT	wikipron	-	-
teochichimecatl	teot͡ʃit͡ʃimekat͡ɬ	TEOSISIMEKAT	wikipron	-	-
teochihua	teot͡ʃiwa	TEOSIWA	wikipron	-	-
teococolizpalaniliztli	teokokolispalanilist͡ɬi	TEOKOKOLISPALANILISTI	wikipron	-	-
teococoliztli	teokokolist͡ɬi	TEOKOKOLISTI	wikipron	-	-
teocuitlacozcatl	teokʷit͡ɬakoskat͡ɬ	TEOKITAKOSKAT	wikipron	-	-
teocuitlacuauhtentetl	teokʷit͡ɬakʷawtentet͡ɬ	TEOKITAKAWTENTET	wikipron	-	-
teocuitlamaquiztli	teokʷit͡ɬamakist͡ɬi	TEOKITAMAKISTI	wikipron	-	-
teocuitlatentetl	teokʷit͡ɬatentet͡ɬ	TEOKITATENTET	wikipron	-	-
teocuitlatl	teokʷit͡ɬat͡ɬ	TEOKITAT	wikipron	-	-
teopixqueh	teopiʃkeh	TEOPISKEH	wikipron	-	-
teopixqui	teopiʃki	TEOPISKI	wikipron	-	-
teotetl	teotet͡ɬ	TEOTET	wikipron	-	-
teotlac	teot͡ɬak	TEOTAK	wikipron	-	-
teotlalli	teot͡ɬali	TEOTALI	wikipron	-	-
teotlalmazatl	teot͡ɬalmasat͡ɬ	TEOTALMASAT	wikipron	-	-
teoxihuitl	teoʃiwit͡ɬ	TEOSIWIT	wikipron	-	-
tepec	tepek	TEPEK	wikipron	-	-
tepecoyoctli	tepekoyokt͡ɬi	TEPEKOUOKTI	wikipron	-	-
tepeehecatl	tepeehekat͡ɬ	TEPEEHEKAT	wikipron	-	-
tepehuah	tepewah	TEPEWAH	wikipron	-	-
tepetl	tepet͡ɬ	TEPET	wikipron	-	-
tepezolimeh	tepesolimeh	TEPESOLIMEH	wikipron	-	-
tepilli	tepili	TEPILI	wikipron	-	-
tepitonyotl	tepitonyot͡ɬ	TEPITONUOT	wikipron	-	-
tepoleh	tepoleʔ	TEPOLEH	wikipron	-	-
tepolli	tepoli	TEPOLI	wikipron	-	-
tepozcactli	teposkakt͡ɬi	TEPOSKAKTI	wikipron	-	-
tepozcuacalalahtli	teposkʷakalalaht͡ɬi	TEPOSKAKALALAHTI	wikipron	-	-
tepozmaccuahuitl	teposmakkʷawit͡ɬ	TEPOSMAKKAWIT	wikipron	-	-
tepozmitl	teposmit͡ɬ	TEPOSMIT	wikipron	-	-
tepoztlateconi	tepost͡ɬatekoni	TEPOSTATEKONI	wikipron	-	-
tepoztli	tepost͡ɬi	TEPOSTI	wikipron	-	-
tequi	teki	TEKI	wikipron	-	-
tequipachoa	tekipat͡ʃoa	TEKIPASOA	wikipron	-	-
tetecoloh	tetekoloh	TETEKOLOH	wikipron	-	-
teteo	teːteoʔ	TETEOH	wikipron	-	-
tetlazohtlaliztli	tet͡ɬasoht͡ɬalist͡ɬi	TETASOHTALISTI	wikipron	-	-
teucyotl	teukyot͡ɬ	TEUKUOT	wikipron	-	-
teuhyoh	tewyoh	TEWUOH	wikipron	-	-
texiliztli	teʃilist͡ɬi	TESILISTI	wikipron	-	-
texolomeh	teʃolomeh	TESOLOMEH	wikipron	-	-
texolotl	teʃolot͡ɬ	TESOLOT	wikipron	-	-
Tezcatlipoca	Teskat͡ɬipoka	0ESKATIPOKA	wikipron	-	-
tezonpahtli	tesonpaht͡ɬi	TESONPAHTI	wikipron	-	-
ticitl	tikit͡ɬ	TIKIT	wikipron	-	-
titicih	titikih	TITIKIH	wikipron	-	-
tititza	titit͡sa	TITISA	wikipron	-	-
Titlacahuan	Tit͡ɬakawan	0ITAKAWAN	wikipron	-	-
tizatl	tisat͡ɬ	TISAT	wikipron	-	-
tlacamazatl	t͡ɬakamasat͡ɬ	TAKAMASAT	wikipron	-	-
tlacamecayotl	t͡ɬakamekayot͡ɬ	TAKAMEKAUOT	wikipron	-	-
tlacamictiani	t͡ɬakamiktiani	TAKAMIKTIANI	wikipron	-	-
tlacatecolotl	t͡ɬakatekolot͡ɬ	TAKATEKOLOT	wikipron	-	-
tlacati	t͡ɬakati	TAKATI	wikipron	-	-
tlacatilia	t͡ɬakatilia	TAKATILIA	wikipron	-	-
tlacatiliztli	t͡ɬakatilist͡ɬi	TAKATILISTI	wikipron	-	-
tlacatiyan	t͡ɬakatiyan	TAKATIUAN	wikipron	-	-
tlacatlahcuiloh	t͡ɬakat͡ɬahkʷiloh	TAKATAHKILOH	wikipron	-	-
tlacaxolotl	t͡ɬakaʃolot͡ɬ	TAKASOLOT	wikipron	-	-
tlacazolchichihualeh	t͡ɬakasolt͡ʃit͡ʃiwaleh	TAKASOLSISIWALEH	wikipron	-	-
tlachihualli	t͡ɬat͡ʃiwali	TASIWALI	wikipron	-	-
tlacochinamitl	t͡ɬakot͡ʃinamit͡ɬ	TAKOSINAMIT	wikipron	-	-
tlacochtli	t͡ɬakot͡ʃt͡ɬi	TAKOSTI	wikipron	-	-
tlacohtli	t͡ɬakoht͡ɬi	TAKOHTI	wikipron	-	-
tlahcuiloltic	t͡ɬahkʷiloltik	TAHKILOLTIK	wikipron	-	-
tlahtlacoa	t͡ɬaht͡ɬakoa	TAHTAKOA	wikipron	-	-
tlahtlacoani	t͡ɬaht͡ɬakoani	TAHTAKOANI	wikipron	-	-
tlahtlacolli	t͡ɬaht͡ɬakoli	TAHTAKOLI	wikipron	-	-
tlahtlalteyoh	t͡ɬaht͡ɬalteyoh	TAHTALTEUOH	wikipron	-	-
tlahtli	t͡ɬaht͡ɬi	TAHTI	wikipron	-	-
tlahtoani	t͡ɬahtoani	TAHTOANI	wikipron	-	-
tlahtocati	t͡ɬahtokati	TAHTOKATI	wikipron	-	-
tlahtohcayotl	t͡ɬahtohkayot͡ɬ	TAHTOHKAUOT	wikipron	-	-
tlahtolli	t͡ɬahtoli	TAHTOLI	wikipron	-	-
tlahuanqueh	t͡ɬawankeh	TAWANKEH	wikipron	-	-
tlahuanqui	t͡ɬawanki	TAWANKI	wikipron	-	-
tlahuelli	t͡ɬaweli	TAWELI	wikipron	-	-
tlahyelpaquiliztli	t͡ɬahyelpakilist͡ɬi	TAHUELPAKILISTI	wikipron	-	-
tlalcacahuatl	t͡ɬalkakawat͡ɬ	TALKAKAWAT	wikipron	-	-
tlalli	t͡ɬali	TALI	wikipron	-	-
tlalloh	t͡ɬaloh	TALOH	wikipron	-	-
tlaltetl	t͡ɬaltet͡ɬ	TALTET	wikipron	-	-
tlalteyoh	t͡ɬalteyoh	TALTEUOH	wikipron	-	-
tlalticpacquiza	t͡ɬaltikpakkisa	TALTIKPAKKISA	wikipron	-	-
tlalxayotl	t͡ɬalʃayot͡ɬ	TALSAUOT	wikipron	-	-
tlamacazqui	t͡ɬamakaski	TAMAKASKI	wikipron	-	-
tlamatini	t͡ɬamatini	TAMATINI	wikipron	-	-
tlami	t͡ɬami	TAMI	wikipron	-	-
tlanchoa	t͡ɬant͡ʃoa	TANSOA	wikipron	-	-
tlantli	t͡ɬant͡ɬi	TANTI	wikipron	-	-
tlaocoya	t͡ɬaokoya	TAOKOUA	wikipron	-	-
tlaolli	t͡ɬaoli	TAOLI	wikipron	-	-
tlapallahcuiloh	t͡ɬapalahkʷiloh	TAPALAHKILOH	wikipron	-	-
tlapanco	t͡ɬapanko	TAPANKO	wikipron	-	-
tlapanmeh	t͡ɬapanmeh	TAPANMEH	wikipron	-	-
tlapantli	t͡ɬapant͡ɬi	TAPANTI	wikipron	-	-
tlapayahui	t͡ɬapayawi	TAPAUAWI	wikipron	-	-
tlaquimilolli	t͡ɬakimiloli	TAKIMILOLI	wikipron	-	-
tlatlacatecoloh	t͡ɬat͡ɬakatekoloh	TATAKATEKOLOH	wikipron	-	-
tlatlatziniliztli	t͡ɬat͡ɬat͡sinilist͡ɬi	TATASINILISTI	wikipron	-	-
tlatlequiquiztlaltentli	t͡ɬat͡ɬekikist͡ɬaltent͡ɬi	TATEKIKISTALTENTI	wikipron	-	-
tlatquitl	t͡ɬatkit͡ɬ	TATKIT	wikipron	-	-
tlattoyan	t͡ɬattoyan	TATTOUAN	wikipron	-	-
tlauhquechol	t͡ɬawket͡ʃol	TAWKESOL	wikipron	-	-
Tlaxcallan	Tlaʃkalan	0LASKALAN	wikipron	-	-
tlayohualli	t͡ɬayowali	TAUOWALI	wikipron	-	-
tlazohtla	t͡ɬasoht͡ɬa	TASOHTA	wikipron	-	-
tleatl	t͡ɬeat͡ɬ	TEAT	wikipron	-	-
tlehco	t͡ɬehko	TEHKO	wikipron	-	-
tlemiqui	t͡ɬemiki	TEMIKI	wikipron	-	-
tlemoyonextli	t͡ɬemoyoneʃt͡ɬi	TEMOUONESTI	wikipron	-	-
tlemoyotl	t͡ɬemoyot͡ɬ	TEMOUOT	wikipron	-	-
tlenamacac	t͡ɬenamakak	TENAMAKAK	wikipron	-	-
tlenenepilli	t͡ɬenenepili	TENENEPILI	wikipron	-	-
tlequiquiztlalli	t͡ɬekikist͡ɬali	TEKIKISTALI	wikipron	-	-
tlequiquiztli	t͡ɬekikist͡ɬi	TEKIKISTI	wikipron	-	-
tlilli	t͡ɬili	TILI	wikipron	-	-
tliltic	t͡ɬiltik	TILTIK	wikipron	-	-
tlohtli	t͡ɬoht͡ɬi	TOHTI	wikipron	-	-
toca	toka	TOKA	wikipron	-	-
tocaitl	tokait͡ɬ	TOKAIT	wikipron	-	-
tocatl	tokat͡ɬ	TOKAT	wikipron	-	-
tocatzahualli	tokat͡sawali	TOKASAWALI	wikipron	-	-
tocayoh	tokayoh	TOKAUOH	wikipron	-	-
tochconetl	tot͡ʃkonet͡ɬ	TOSKONET	wikipron	-	-
tochin	tot͡ʃin	TOSIN	wikipron	-	-
tohtomahuac	tohtomawak	TOHTOMAWAK	wikipron	-	-
tolinia	toliːnia	TOLINIA	wikipron	-	-
Tollan	Tolan	0OLAN	wikipron	-	-
toloa	toloa	TOLOA	wikipron	-	-
toltecatl	toltekat͡ɬ	TOLTEKAT	wikipron	-	-
toltecayotl	toltekayot͡ɬ	TOLTEKAUOT	wikipron	-	-
tomahuac	tomawak	TOMAWAK	wikipron	-	-
tomahuactlacopahtli	tomawakt͡ɬakopaht͡ɬi	TOMAWAKTAKOPAHTI	wikipron	-	-
tomatl	tomat͡ɬ	TOMAT	wikipron	-	-
tona	toːna	TONA	wikipron	-	-
tonalehecatl	tonalehekat͡ɬ	TONALEHEKAT	wikipron	-	-
tonalli	tonali	TONALI	wikipron	-	-
tonalmiqui	tonalmiki	TONALMIKI	wikipron	-	-
tonalmitl	tonalmit͡ɬ	TONALMIT	wikipron	-	-
tonalpohua	tonalpowa	TONALPOWA	wikipron	-	-
tonalpohualiztli	tonalpowalist͡ɬi	TONALPOWALISTI	wikipron	-	-
tonameyotl	tonameyot͡ɬ	TONAMEUOT	wikipron	-	-
tonatiuh	tonatiw	TONATIW	wikipron	-	-
tonehua	tonewa	TONEWA	wikipron	-	-
topileh	toːpiːleʔ	TOPILEH	wikipron	-	-
topilli	topili	TOPILI	wikipron	-	-
totochtin	totot͡ʃtin	TOTOSTIN	wikipron	-	-
totolin	toːtolin	TOTOLIN	wikipron	-	-
totoltemeh	toːtoltemeʔ	TOTOLTEMEH	wikipron	-	-
totoltepohua	totoltepowa	TOTOLTEPOWA	wikipron	-	-
totopochtic	totopot͡ʃtik	TOTOPOSTIK	wikipron	-	-
tototentli	tototent͡ɬi	TOTOTENTI	wikipron	-	-
tototl	totot͡ɬ	TOTOT	wikipron	-	-
tozan	tosan	TOSAN	wikipron	-	-
tozquitl	toskit͡ɬ	TOSKIT	wikipron	-	-
toztli	tost͡ɬi	TOSTI	wikipron	-	-
tzacua	t͡sakʷa	SAKA	wikipron	-	-
tzacualli	t͡sakʷali	SAKALI	wikipron	-	-
tzacui	t͡sakʷi	SAKI	wikipron	-	-
tzalantli	t͡salant͡ɬi	SALANTI	wikipron	-	-
tzapatl	t͡sapat͡ɬ	SAPAT	wikipron	-	-
tzaponochtli	t͡saponot͡ʃt͡ɬi	SAPONOSTI	wikipron	-	-
tzapotecatl	t͡sapotekat͡ɬ	SAPOTEKAT	wikipron	-	-
tzatzi	t͡sat͡si	SASI	wikipron	-	-
tzayani	t͡sayani	SAUANI	wikipron	-	-
tzicatl	t͡sikat͡ɬ	SIKAT	wikipron	-	-
tzictli	t͡sikt͡ɬi	SIKTI	wikipron	-	-
tzinacan	t͡sinakan	SINAKAN	wikipron	-	-
tzinacantli	t͡sinakant͡ɬi	SINAKANTI	wikipron	-	-
tzinti	t͡sinti	SINTI	wikipron	-	-
tziucnoa	t͡siuknoa	SIUKNOA	wikipron	-	-
tzompilihui	t͡sompiliwi	SOMPILIWI	wikipron	-	-
tzompilli	t͡sompili	SOMPILI	wikipron	-	-
tzoncui	t͡sonkʷi	SONKI	wikipron	-	-
tzonhuaztli	t͡sonwast͡ɬi	SONWASTI	wikipron	-	-
tzonicpalli	t͡sonikpali	SONIKPALI	wikipron	-	-
tzontecomameh	t͡sontekomameh	SONTEKOMAMEH	wikipron	-	-
tzontecomatl	t͡sontekomat͡ɬ	SONTEKOMAT	wikipron	-	-
tzontli	t͡sont͡ɬi	SONTI	wikipron	-	-
tzopilotetl	t͡sopilotet͡ɬ	SOPILOTET	wikipron	-	-
tzopilotl	t͡sopilot͡ɬ	SOPILOT	wikipron	-	-
xahcalli	ʃahkali	SAHKALI	wikipron	-	-
Xalixco	Xaliʃko	0ALISKO	wikipron	-	-
xalli	ʃali	SALI	wikipron	-	-
xaltetl	ʃaltet͡ɬ	SALTET	wikipron	-	-
xaltozan	ʃaltosan	SALTOSAN	wikipron	-	-
xalxocotl	ʃalʃokot͡ɬ	SALSOKOT	wikipron	-	-
xamitl	ʃamit͡ɬ	SAMIT	wikipron	-	-
xayacatl	ʃayakat͡ɬ	SAUAKAT	wikipron	-	-
xayotl	ʃayot͡ɬ	SAUOT	wikipron	-	-
xicohtli	ʃikoht͡ɬi	SIKOHTI	wikipron	-	-
xictli	ʃikt͡ɬi	SIKTI	wikipron	-	-
xihuitl	ʃiwit͡ɬ	SIWIT	wikipron	-	-
xihxicuin	ʃihʃikʷin	SIHSIKIN	wikipron	-	-
xihxicuinyotl	ʃihʃikʷinyot͡ɬ	SIHSIKINUOT	wikipron	-	-
xihxili	ʃihʃili	SIHSILI	wikipron	-	-
xilotl	ʃilot͡ɬ	SILOT	wikipron	-	-
xima	ʃima	SIMA	wikipron	-	-
xinachtli	ʃinat͡ʃt͡ɬi	SINASTI	wikipron	-	-
xinachyotl	ʃinat͡ʃyot͡ɬ	SINASUOT	wikipron	-	-
xiquipiltontli	ʃikipiltont͡ɬi	SIKIPILTONTI	wikipron	-	-
xitomatl	ʃitomat͡ɬ	SITOMAT	wikipron	-	-
xiuhtotonacocheh	ʃiwtotonakot͡ʃeh	SIWTOTONAKOSEH	wikipron	-	-
xiuhtotonacochtli	ʃiwtotonakot͡ʃt͡ɬi	SIWTOTONAKOSTI	wikipron	-	-
xiuhtototic	ʃiwtototik	SIWTOTOTIK	wikipron	-	-
xiuhtototl	ʃiwtotot͡ɬ	SIWTOTOT	wikipron	-	-
xochipalli	ʃot͡ʃipali	SOSIPALI	wikipron	-	-
xochitl	ʃot͡ʃit͡ɬ	SOSIT	wikipron	-	-
xococ	ʃokok	SOKOK	wikipron	-	-
xocolia	ʃokolia	SOKOLIA	wikipron	-	-
xocotl	ʃokot͡ɬ	SOKOT	wikipron	-	-
xocoyotl	ʃokoyot͡ɬ	SOKOUOT	wikipron	-	-
xohuilin	ʃowilin	SOWILIN	wikipron	-	-
xolahua	ʃolawa	SOLAWA	wikipron	-	-
xoloa	ʃoloa	SOLOA	wikipron	-	-
xolopihtli	ʃolopiht͡ɬi	SOLOPIHTI	wikipron	-	-
xopantlah	ʃopant͡ɬah	SOPANTAH	wikipron	-	-
xotl	ʃot͡ɬ	SOT	wikipron	-	-
xotla	ʃot͡ɬa	SOTA	wikipron	-	-
yacatl	yakat͡ɬ	UAKAT	wikipron	-	-
yalhua	yalwa	UALWA	wikipron	-	-
yancuic	yankʷik	UANKIK	wikipron	-	-
yaomiqui	yaomiki	UAOMIKI	wikipron	-	-
yaotenhuah	yaotenwah	UAOTENWAH	wikipron	-	-
yaotequihuah	yaotekiwah	UAOTEKIWAH	wikipron	-	-
yaotl	yaot͡ɬ	UAOT	wikipron	-	-
yaotlatquichihchihua	yaot͡ɬatkit͡ʃiht͡ʃiwa	UAOTATKISIHSIWA	wikipron	-	-
yaotlatquichihchiuhqui	yaot͡ɬatkit͡ʃiht͡ʃiwki	UAOTATKISIHSIWKI	wikipron	-	-
yaotlatquitl	yaot͡ɬatkit͡ɬ	UAOTATKIT	wikipron	-	-
yaoyotl	yaoyot͡ɬ	UAOUOT	wikipron	-	-
yectenehua	yektenewa	UEKTENEWA	wikipron	-	-
yectli	yekt͡ɬi	UEKTI	wikipron	-	-
yehhuan	yehwan	UEHWAN	wikipron	-	-
yehhuatl	yehwat͡ɬ	UEHWAT	wikipron	-	-
yohua	yowa	UOWA	wikipron	-	-
yohuac	yowak	UOWAK	wikipron	-	-
yohualli	yowali	UOWALI	wikipron	-	-
yohualtetzahuitl	yowaltet͡sawit͡ɬ	UOWALTESAWIT	wikipron	-	-
yohualtica	yowaltika	UOWALTIKA	wikipron	-	-
yohualtotomeh	yowaltotomeh	UOWALTOTOMEH	wikipron	-	-
yohualtototl	yowaltotot͡ɬ	UOWALTOTOT	wikipron	-	-
yolcatl	yolkat͡ɬ	UOLKAT	wikipron	-	-
yoli	joːli	YOLI	wikipron	-	-
yollotl	yolot͡ɬ	UOLOT	wikipron	-	-
yolpaqui	yolpaki	UOLPAKI	wikipron	-	-
yolqui	yolki	UOLKI	wikipron	-	-
zaca	saka	SAKA	wikipron	-	-
zacatl	sakat͡ɬ	SAKAT	wikipron	-	-
zacayoh	sakayoh	SAKAUOH	wikipron	-	-
zacuan	sakʷan	SAKAN	wikipron	-	-
zahuatl	sawat͡ɬ	SAWAT	wikipron	-	-
zan	san	SAN	wikipron	-	-
zapalotl	sapalot͡ɬ	SAPALOT	wikipron	-	-
zayolin	sayolin	SAUOLIN	wikipron	-	-
zolin	solin	SOLIN	wikipron	-	-
zoltetl	soltet͡ɬ	SOLTET	wikipron	-	-
zoquitl	sokit͡ɬ	SOKIT	wikipron	-	-
zoquixicohcuitlatl	sokiʃikohkʷit͡ɬat͡ɬ	SOKISIKOHKITAT	wikipron	-	-
zoquiyoh	sokiyoh	SOKIUOH	wikipron	-	-
zotolin	sotolin	SOTOLIN	wikipron	-	-
zoyachiquihuitl	soyat͡ʃikiwit͡ɬ	SOUASIKIWIT	wikipron	-	-
zoyatanahtli	soyatanaht͡ɬi	SOUATANAHTI	wikipron	-	-
zozoltin	sosoltin	SOSOLTIN	wikipron	-	-
āna	aːna	ANA	wikipron	-	-
ī	iː	I	wikipron	-	-
a a a	a a a	AAA	wiktionary_cat	-	-
aacatla	aakat͡ɬa	AAKATA	wiktionary_cat	-	-
aacatlah	aakat͡ɬah	AAKATAH	wiktionary_cat	-	-
aauaquauhtla	aauakawt͡ɬa	AAUAKAWTA	wiktionary_cat	-	-
aauatla	aauat͡ɬa	AAUATA	wiktionary_cat	-	-
abril	abril	ABRIL	wiktionary_cat	-	-
aca	aka	AKA	wiktionary_cat	-	-
acacalotl	akakalot͡ɬ	AKAKALOT	wiktionary_cat	-	-
acacapacquilitl	akakapakkilit͡ɬ	AKAKAPAKKILIT	wiktionary_cat	-	-
acacatl	akakat͡ɬ	AKAKAT	wiktionary_cat	-	-
acachapolin	akat͡ʃapolin	AKASAPOLIN	wiktionary_cat	-	-
acachatl	akat͡ʃat͡ɬ	AKASAT	wiktionary_cat	-	-
acachichictli	akat͡ʃit͡ʃikt͡ɬi	AKASISIKTI	wiktionary_cat	-	-
acacihtli	akakiht͡ɬi	AKAKIHTI	wiktionary_cat	-	-
acacocoyotl	akakokoyot͡ɬ	AKAKOKOUOT	wiktionary_cat	-	-
acacoyotl	akakoyot͡ɬ	AKAKOUOT	wiktionary_cat	-	-
acacueyatl	akakʷeyat͡ɬ	AKAKEUAT	wiktionary_cat	-	-
acaicpalli	akaikpali	AKAIKPALI	wiktionary_cat	-	-
acalco	akalko	AKALKO	wiktionary_cat	-	-
acallapani	akalapani	AKALAPANI	wiktionary_cat	-	-
acalmaitl	akalmait͡ɬ	AKALMAIT	wiktionary_cat	-	-
acaltetepon	akaltetepon	AKALTETEPON	wiktionary_cat	-	-
acaltica nemiliztli	akaltika nemilist͡ɬi	AKALTIKANEMILISTI	wiktionary_cat	-	-
acalyacatl	akalyakat͡ɬ	AKALUAKAT	wiktionary_cat	-	-
acamayatl	akamayat͡ɬ	AKAMAUAT	wiktionary_cat	-	-
acan	akan	AKAN	wiktionary_cat	-	-
acapahtli	akapaht͡ɬi	AKAPAHTI	wiktionary_cat	-	-
acatl	akat͡ɬ	AKAT	wiktionary_cat	-	-
acatla	akat͡ɬa	AKATA	wiktionary_cat	-	-
acatlah	akat͡ɬah	AKATAH	wiktionary_cat	-	-
acatlan	akat͡ɬan	AKATAN	wiktionary_cat	-	-
Acatlan	Akat͡ɬan	0KATAN	wiktionary_cat	-	-
acatzanatl	akat͡sanat͡ɬ	AKASANAT	wiktionary_cat	-	-
acaxitl	akaʃit͡ɬ	AKASIT	wiktionary_cat	-	-
aceite cuahuitl	akeite kʷawit͡ɬ	AKEITEKAWIT	wiktionary_cat	-	-
aceite cuauhtlah	akeite kʷawt͡ɬah	AKEITEKAWTAH	wiktionary_cat	-	-
acello	akelo	AKELO	wiktionary_cat	-	-
acelloh	akeloh	AKELOH	wiktionary_cat	-	-
achacalin	at͡ʃakalin	ASAKALIN	wiktionary_cat	-	-
achahuitl	at͡ʃawit͡ɬ	ASAWIT	wiktionary_cat	-	-
achalalahtli	at͡ʃalalaht͡ɬi	ASALALAHTI	wiktionary_cat	-	-
achcocolli	at͡ʃkokoli	ASKOKOLI	wiktionary_cat	-	-
achiotl	at͡ʃiot͡ɬ	ASIOT	wiktionary_cat	-	-
achtli	at͡ʃt͡ɬi	ASTI	wiktionary_cat	-	-
aci	aki	AKI	wiktionary_cat	-	-
acilin	akilin	AKILIN	wiktionary_cat	-	-
acillo	akilo	AKILO	wiktionary_cat	-	-
acilloh	akiloh	AKILOH	wiktionary_cat	-	-
acipactli	akipakt͡ɬi	AKIPAKTI	wiktionary_cat	-	-
acoatl	akoat͡ɬ	AKOAT	wiktionary_cat	-	-
acocohxochitl	akokohʃot͡ʃit͡ɬ	AKOKOHSOSIT	wiktionary_cat	-	-
acolli	akoli	AKOLI	wiktionary_cat	-	-
acomitl	akomit͡ɬ	AKOMIT	wiktionary_cat	-	-
acoyotl	akoyot͡ɬ	AKOUOT	wiktionary_cat	-	-
acpatl	akpat͡ɬ	AKPAT	wiktionary_cat	-	-
acuetzpalin	akʷet͡spalin	AKESPALIN	wiktionary_cat	-	-
acueyotl	akʷeyot͡ɬ	AKEUOT	wiktionary_cat	-	-
aculhuacanotza	akʷlwakanot͡sa	AKLWAKANOSA	wiktionary_cat	-	-
acxoyatl	akʃoyat͡ɬ	AKSOUAT	wiktionary_cat	-	-
acxoyatototl	akʃoyatotot͡ɬ	AKSOUATOTOT	wiktionary_cat	-	-
aehecatl	aehekat͡ɬ	AEHEKAT	wiktionary_cat	-	-
-ah	-ah	AH	wiktionary_cat	-	-
ah-	ah-	AH	wiktionary_cat	-	-
ahahuacuauhtlah	ahawakʷawt͡ɬah	AHAWAKAWTAH	wiktionary_cat	-	-
ahahuatlah	ahawat͡ɬah	AHAWATAH	wiktionary_cat	-	-
ahaztontli	ahastont͡ɬi	AHASTONTI	wiktionary_cat	-	-
ahci	ahki	AHKI	wiktionary_cat	-	-
ahcolchimalli	ahkolt͡ʃimali	AHKOLSIMALI	wiktionary_cat	-	-
ahcoltetl	ahkoltet͡ɬ	AHKOLTET	wiktionary_cat	-	-
ahcopechtli	ahkopet͡ʃt͡ɬi	AHKOPESTI	wiktionary_cat	-	-
ahcuallahtolli	ahkʷalahtoli	AHKALAHTOLI	wiktionary_cat	-	-
ahhuachchoh	ahwat͡ʃt͡ʃoh	AHWASSOH	wiktionary_cat	-	-
ahhuachtli	ahwat͡ʃt͡ɬi	AHWASTI	wiktionary_cat	-	-
ahhuechchoh	ahwet͡ʃt͡ʃoh	AHWESSOH	wiktionary_cat	-	-
ahhuechtli	ahwet͡ʃt͡ɬi	AHWESTI	wiktionary_cat	-	-
ahhuiaya	ahwiaya	AHWIAUA	wiktionary_cat	-	-
ahmicqui	ahmikki	AHMIKKI	wiktionary_cat	-	-
ahmo hueyi	ahmo weyi	AHMOWEUI	wiktionary_cat	-	-
ahpohualiztli	ahpowalist͡ɬi	AHPOWALISTI	wiktionary_cat	-	-
ahtlacatl	aht͡ɬakat͡ɬ	AHTAKAT	wiktionary_cat	-	-
ahtlacayotl	aht͡ɬakayot͡ɬ	AHTAKAUOT	wiktionary_cat	-	-
ahtlapalli	aht͡ɬapali	AHTAPALI	wiktionary_cat	-	-
ahtle	aht͡ɬe	AHTE	wiktionary_cat	-	-
ahuacamilli	awakamili	AWAKAMILI	wiktionary_cat	-	-
ahuacamolli	awakamoli	AWAKAMOLI	wiktionary_cat	-	-
ahuacuahuitl	awakʷawit͡ɬ	AWAKAWIT	wiktionary_cat	-	-
ahuacuauhtlah	awakʷawt͡ɬah	AWAKAWTAH	wiktionary_cat	-	-
ahuacuauhtomatl	awakʷawtomat͡ɬ	AWAKAWTOMAT	wiktionary_cat	-	-
ahuah tepehuah	awah tepewah	AWAHTEPEWAH	wiktionary_cat	-	-
ahuatecolotl	awatekolot͡ɬ	AWATEKOLOT	wiktionary_cat	-	-
ahuatl	awat͡ɬ	AWAT	wiktionary_cat	-	-
ahuatlah	awat͡ɬah	AWATAH	wiktionary_cat	-	-
ahuatomatl	awatomat͡ɬ	AWATOMAT	wiktionary_cat	-	-
ahuiani	awiani	AWIANI	wiktionary_cat	-	-
ahuictli	awikt͡ɬi	AWIKTI	wiktionary_cat	-	-
ahuihuitla	awiwit͡ɬa	AWIWITA	wiktionary_cat	-	-
Ahuilizapan	Awilisapan	0WILISAPAN	wiktionary_cat	-	-
ahuitzotl	awit͡sot͡ɬ	AWISOT	wiktionary_cat	-	-
ahuiçuçin	awiçuçin	AWIUIN	wiktionary_cat	-	-
aihtectli	aihtekt͡ɬi	AIHTEKTI	wiktionary_cat	-	-
aitualli	aituali	AITUALI	wiktionary_cat	-	-
aitzcuintli	ait͡skʷint͡ɬi	AISKINTI	wiktionary_cat	-	-
alcalde	alkalde	ALKALDE	wiktionary_cat	-	-
alcaldeyotl	alkaldeyot͡ɬ	ALKALDEUOT	wiktionary_cat	-	-
Alemania	Alemania	0LEMANIA	wiktionary_cat	-	-
alo	alo	ALO	wiktionary_cat	-	-
alotl	alot͡ɬ	ALOT	wiktionary_cat	-	-
altepecuaxochtli	altepekʷaʃot͡ʃt͡ɬi	ALTEPEKASOSTI	wiktionary_cat	-	-
altepehuah	altepewah	ALTEPEWAH	wiktionary_cat	-	-
altepemaitl	altepemait͡ɬ	ALTEPEMAIT	wiktionary_cat	-	-
altepemame	altepemame	ALTEPEMAME	wiktionary_cat	-	-
altepeme	altepeme	ALTEPEME	wiktionary_cat	-	-
altepenahuatilli	altepenawatili	ALTEPENAWATILI	wiktionary_cat	-	-
altepenanyotl	altepenanyot͡ɬ	ALTEPENANUOT	wiktionary_cat	-	-
altepequaxochtli	altepekaʃot͡ʃt͡ɬi	ALTEPEKASOSTI	wiktionary_cat	-	-
altepetepantli	altepetepant͡ɬi	ALTEPETEPANTI	wiktionary_cat	-	-
Altepetl Mexico	Altepet͡ɬ Meʃiko	0LTEPET0ESIKO	wiktionary_cat	-	-
Altepetl Mexihco	Altepet͡ɬ Meʃihko	0LTEPET0ESIHKO	wiktionary_cat	-	-
altepetlacatl	altepet͡ɬakat͡ɬ	ALTEPETAKAT	wiktionary_cat	-	-
altepetlacuilo	altepet͡ɬakʷilo	ALTEPETAKILO	wiktionary_cat	-	-
altepetlahcuiloh	altepet͡ɬahkʷiloh	ALTEPETAHKILOH	wiktionary_cat	-	-
altepetlalli	altepet͡ɬali	ALTEPETALI	wiktionary_cat	-	-
altepeua	altepeua	ALTEPEUA	wiktionary_cat	-	-
am-	am-	AM	wiktionary_cat	-	-
amaitl	amait͡ɬ	AMAIT	wiktionary_cat	-	-
amantecatl	amantekat͡ɬ	AMANTEKAT	wiktionary_cat	-	-
amapatolli	amapatoli	AMAPATOLI	wiktionary_cat	-	-
amatlacuilolli	amat͡ɬakʷiloli	AMATAKILOLI	wiktionary_cat	-	-
amatlahcuilolli	amat͡ɬahkʷiloli	AMATAHKILOLI	wiktionary_cat	-	-
amaxayacatl	amaʃayakat͡ɬ	AMASAUAKAT	wiktionary_cat	-	-
amech-	amet͡ʃ-	AMES	wiktionary_cat	-	-
ameyalatl	ameyalat͡ɬ	AMEUALAT	wiktionary_cat	-	-
ameyalla	ameyala	AMEUALA	wiktionary_cat	-	-
ameyallah	ameyalah	AMEUALAH	wiktionary_cat	-	-
ameyalli	ameyali	AMEUALI	wiktionary_cat	-	-
ameyaltontli	ameyaltont͡ɬi	AMEUALTONTI	wiktionary_cat	-	-
amilli	amili	AMILI	wiktionary_cat	-	-
amilotetl	amilotet͡ɬ	AMILOTET	wiktionary_cat	-	-
amilotl	amilot͡ɬ	AMILOT	wiktionary_cat	-	-
amiquiliztli	amikilist͡ɬi	AMIKILISTI	wiktionary_cat	-	-
amiquiztli	amikist͡ɬi	AMIKISTI	wiktionary_cat	-	-
amiztli	amist͡ɬi	AMISTI	wiktionary_cat	-	-
amo	amo	AMO	wiktionary_cat	-	-
amo-	amo-	AMO	wiktionary_cat	-	-
amolli	amoli	AMOLI	wiktionary_cat	-	-
amox tepito	amoʃ tepito	AMOSTEPITO	wiktionary_cat	-	-
amoxtepiton	amoʃtepiton	AMOSTEPITON	wiktionary_cat	-	-
amoxtlahcuiloh	amoʃt͡ɬahkʷiloh	AMOSTAHKILOH	wiktionary_cat	-	-
amoxtocaitl	amoʃtokait͡ɬ	AMOSTOKAIT	wiktionary_cat	-	-
amoxtocaytl	amoʃtokayt͡ɬ	AMOSTOKAUT	wiktionary_cat	-	-
amoxtontli	amoʃtont͡ɬi	AMOSTONTI	wiktionary_cat	-	-
amulli	amuli	AMULI	wiktionary_cat	-	-
amuxtli	amuʃt͡ɬi	AMUSTI	wiktionary_cat	-	-
an-	an-	AN	wiktionary_cat	-	-
anantli	anant͡ɬi	ANANTI	wiktionary_cat	-	-
aneneztli	anenest͡ɬi	ANENESTI	wiktionary_cat	-	-
anqui	anki	ANKI	wiktionary_cat	-	-
anqui chichi	anki t͡ʃit͡ʃi	ANKISISI	wiktionary_cat	-	-
aocmo hueyi tlahcahtli	aokmo weyi t͡ɬahkaht͡ɬi	AOKMOWEUITAHKAHTI	wiktionary_cat	-	-
aocmo hueyi tonatiuh	aokmo weyi tonatiw	AOKMOWEUITONATIW	wiktionary_cat	-	-
aocmo uey tlacatli	aokmo uey t͡ɬakat͡ɬi	AOKMOUEUTAKATI	wiktionary_cat	-	-
aotli	aot͡ɬi	AOTI	wiktionary_cat	-	-
apachtli	apat͡ʃt͡ɬi	APASTI	wiktionary_cat	-	-
apantli	apant͡ɬi	APANTI	wiktionary_cat	-	-
apizmiqui	apismiki	APISMIKI	wiktionary_cat	-	-
apizzotl	apissot͡ɬ	APISSOT	wiktionary_cat	-	-
apizçotl	apisçot͡ɬ	APISOT	wiktionary_cat	-	-
apiçotl	apiçot͡ɬ	APIOT	wiktionary_cat	-	-
apoctli	apokt͡ɬi	APOKTI	wiktionary_cat	-	-
apostolo	apostolo	APOSTOLO	wiktionary_cat	-	-
apoualiztli	apoualist͡ɬi	APOUALISTI	wiktionary_cat	-	-
apozonalli	aposonali	APOSONALI	wiktionary_cat	-	-
apozonallotl	aposonalot͡ɬ	APOSONALOT	wiktionary_cat	-	-
apoçonalli	apoçonali	APOONALI	wiktionary_cat	-	-
apoçonallotl	apoçonalot͡ɬ	APOONALOT	wiktionary_cat	-	-
aquihqueh	akihkeh	AKIHKEH	wiktionary_cat	-	-
aquin	akin	AKIN	wiktionary_cat	-	-
aquiyan	akiyan	AKIUAN	wiktionary_cat	-	-
atecuicihtli	atekʷikiht͡ɬi	ATEKIKIHTI	wiktionary_cat	-	-
Atemaxac	Atemaʃak	0TEMASAK	wiktionary_cat	-	-
atenyo	atenyo	ATENUO	wiktionary_cat	-	-
atenyoh	atenyoh	ATENUOH	wiktionary_cat	-	-
atepocatl	atepokat͡ɬ	ATEPOKAT	wiktionary_cat	-	-
atetepeyotl	atetepeyot͡ɬ	ATETEPEUOT	wiktionary_cat	-	-
atetl	atet͡ɬ	ATET	wiktionary_cat	-	-
atezcatl	ateskat͡ɬ	ATESKAT	wiktionary_cat	-	-
athl	athl	ATHL	wiktionary_cat	-	-
atl tepetl	at͡ɬ tepet͡ɬ	ATTEPET	wiktionary_cat	-	-
atlacomolatl	at͡ɬakomolat͡ɬ	ATAKOMOLAT	wiktionary_cat	-	-
atlacomolli	at͡ɬakomoli	ATAKOMOLI	wiktionary_cat	-	-
atlacomulatl	at͡ɬakomulat͡ɬ	ATAKOMULAT	wiktionary_cat	-	-
atlacuezonan	at͡ɬakʷesonan	ATAKESONAN	wiktionary_cat	-	-
atlacueçonan	at͡ɬakʷeçonan	ATAKEONAN	wiktionary_cat	-	-
atlan chanehqueh	at͡ɬan t͡ʃanehkeh	ATANSANEHKEH	wiktionary_cat	-	-
Atlapechco	At͡ɬapet͡ʃko	0TAPESKO	wiktionary_cat	-	-
atlatl	at͡ɬat͡ɬ	ATAT	wiktionary_cat	-	-
atlauhtli	at͡ɬawt͡ɬi	ATAWTI	wiktionary_cat	-	-
atlauhyo	at͡ɬawyo	ATAWUO	wiktionary_cat	-	-
atlauhyoh	at͡ɬawyoh	ATAWUOH	wiktionary_cat	-	-
Atlixco	At͡ɬiʃko	0TISKO	wiktionary_cat	-	-
Atocpan	Atokpan	0TOKPAN	wiktionary_cat	-	-
atoctli	atokt͡ɬi	ATOKTI	wiktionary_cat	-	-
atonalittaloni	atonalittaloni	ATONALITTALONI	wiktionary_cat	-	-
atonalmachiotl	atonalmat͡ʃiot͡ɬ	ATONALMASIOT	wiktionary_cat	-	-
atonalmachiyotl	atonalmat͡ʃiyot͡ɬ	ATONALMASIUOT	wiktionary_cat	-	-
Atotonilco	Atotonilko	0TOTONILKO	wiktionary_cat	-	-
atotonilli	atotonili	ATOTONILI	wiktionary_cat	-	-
atoyapitzactli	atoyapit͡sakt͡ɬi	ATOUAPISAKTI	wiktionary_cat	-	-
atoyapitzactontli	atoyapit͡saktont͡ɬi	ATOUAPISAKTONTI	wiktionary_cat	-	-
atoyatetl	atoyatet͡ɬ	ATOUATET	wiktionary_cat	-	-
atoyatl	atoyat͡ɬ	ATOUAT	wiktionary_cat	-	-
atoyatontli	atoyatont͡ɬi	ATOUATONTI	wiktionary_cat	-	-
atzapotl	at͡sapot͡ɬ	ASAPOT	wiktionary_cat	-	-
atzitzicaztli	at͡sit͡sikast͡ɬi	ASISIKASTI	wiktionary_cat	-	-
atzoncal	at͡sonkal	ASONKAL	wiktionary_cat	-	-
auacamilli	auakamili	AUAKAMILI	wiktionary_cat	-	-
auacamulli	auakamuli	AUAKAMULI	wiktionary_cat	-	-
auacatl	auakat͡ɬ	AUAKAT	wiktionary_cat	-	-
auacho	auat͡ʃo	AUASO	wiktionary_cat	-	-
auachtli	auat͡ʃt͡ɬi	AUASTI	wiktionary_cat	-	-
auaquauhtla	auakawt͡ɬa	AUAKAWTA	wiktionary_cat	-	-
auaquauhtomatl	auakawtomat͡ɬ	AUAKAWTOMAT	wiktionary_cat	-	-
auaquauitl	auakauit͡ɬ	AUAKAUIT	wiktionary_cat	-	-
auatecolotl	auatekolot͡ɬ	AUATEKOLOT	wiktionary_cat	-	-
auatla	auat͡ɬa	AUATA	wiktionary_cat	-	-
auatomatl	auatomat͡ɬ	AUATOMAT	wiktionary_cat	-	-
auecho	auet͡ʃo	AUESO	wiktionary_cat	-	-
auechtli	auet͡ʃt͡ɬi	AUESTI	wiktionary_cat	-	-
auillatolli	auilatoli	AUILATOLI	wiktionary_cat	-	-
Austria	Austria	0USTRIA	wiktionary_cat	-	-
Axayacatl	Aʃayakat͡ɬ	0SAUAKAT	wiktionary_cat	-	-
axcaitl	aʃkait͡ɬ	ASKAIT	wiktionary_cat	-	-
axcan	aʃkan	ASKAN	wiktionary_cat	-	-
axcancayotl	aʃkankayot͡ɬ	ASKANKAUOT	wiktionary_cat	-	-
axiliztli	aʃilist͡ɬi	ASILISTI	wiktionary_cat	-	-
axittontli	aʃittont͡ɬi	ASITTONTI	wiktionary_cat	-	-
axno	aʃno	ASNO	wiktionary_cat	-	-
axno conetl	aʃno konet͡ɬ	ASNOKONET	wiktionary_cat	-	-
axnoh	aʃnoh	ASNOH	wiktionary_cat	-	-
axnoh conetl	aʃnoh konet͡ɬ	ASNOHKONET	wiktionary_cat	-	-
Axocopan	Aʃokopan	0SOKOPAN	wiktionary_cat	-	-
axolomichin	aʃolomit͡ʃin	ASOLOMISIN	wiktionary_cat	-	-
ayac	ayak	AUAK	wiktionary_cat	-	-
ayacachtli	ayakat͡ʃt͡ɬi	AUAKASTI	wiktionary_cat	-	-
ayahuitl	ayawit͡ɬ	AUAWIT	wiktionary_cat	-	-
ayauh coçamalotl	ayaw koçamalot͡ɬ	AUAWKOAMALOT	wiktionary_cat	-	-
ayauhcozamalotl	ayawkosamalot͡ɬ	AUAWKOSAMALOT	wiktionary_cat	-	-
ayaxcan	ayaʃkan	AUASKAN	wiktionary_cat	-	-
ayc	ayk	AUK	wiktionary_cat	-	-
ayi	ayi	AUI	wiktionary_cat	-	-
ayic	ayik	AUIK	wiktionary_cat	-	-
ayo	ayo	AUO	wiktionary_cat	-	-
ayo tapalcatl	ayo tapalkat͡ɬ	AUOTAPALKAT	wiktionary_cat	-	-
ayocacallotl	ayokakalot͡ɬ	AUOKAKALOT	wiktionary_cat	-	-
ayoh	ayoh	AUOH	wiktionary_cat	-	-
ayohconetl	ayohkonet͡ɬ	AUOHKONET	wiktionary_cat	-	-
ayohtli	ayoht͡ɬi	AUOHTI	wiktionary_cat	-	-
ayohualli	ayowali	AUOWALI	wiktionary_cat	-	-
ayolloco	ayoloko	AUOLOKO	wiktionary_cat	-	-
ayollohco	ayolohko	AUOLOHKO	wiktionary_cat	-	-
ayonecutli	ayonekʷt͡ɬi	AUONEKTI	wiktionary_cat	-	-
ayoneuctli	ayoneukt͡ɬi	AUONEUKTI	wiktionary_cat	-	-
ayotapalcatl	ayotapalkat͡ɬ	AUOTAPALKAT	wiktionary_cat	-	-
ayotl	ayot͡ɬ	AUOT	wiktionary_cat	-	-
ayotli	ayot͡ɬi	AUOTI	wiktionary_cat	-	-
ayutl	ayut͡ɬ	AUUT	wiktionary_cat	-	-
ayutli	ayut͡ɬi	AUUTI	wiktionary_cat	-	-
azcacoyotl	askakoyot͡ɬ	ASKAKOUOT	wiktionary_cat	-	-
azcamolli	askamoli	ASKAMOLI	wiktionary_cat	-	-
Azcapotzalco	Askapot͡salko	0SKAPOSALKO	wiktionary_cat	-	-
azcapotzalli	askapot͡sali	ASKAPOSALI	wiktionary_cat	-	-
azcaputzalli	askaput͡sali	ASKAPUSALI	wiktionary_cat	-	-
azcaxalli	askaʃali	ASKASALI	wiktionary_cat	-	-
azeite quauitl	aseite kauit͡ɬ	ASEITEKAUIT	wiktionary_cat	-	-
a̱miqui	a̱miki	AMIKI	wiktionary_cat	-	-
barrio	barrio	BARRIO	wiktionary_cat	-	-
Batavia	Batavia	0ATABIA	wiktionary_cat	-	-
bazquallo	baskalo	BASKALO	wiktionary_cat	-	-
bintula	bintula	BINTULA	wiktionary_cat	-	-
-c	-k	K	wiktionary_cat	-	-
c-	k-	K	wiktionary_cat	-	-
ca	ka	KA	wiktionary_cat	-	-
caballo	kabalo	KABALO	wiktionary_cat	-	-
cacahuaatl	kakawaat͡ɬ	KAKAWAAT	wiktionary_cat	-	-
cacahuapinolli	kakawapinoli	KAKAWAPINOLI	wiktionary_cat	-	-
cacahuapozonallotl	kakawaposonalot͡ɬ	KAKAWAPOSONALOT	wiktionary_cat	-	-
cacahuapozonillotl	kakawaposonilot͡ɬ	KAKAWAPOSONILOT	wiktionary_cat	-	-
cacahuatl	kakawat͡ɬ	KAKAWAT	wiktionary_cat	-	-
cacalachin	kakalat͡ʃin	KAKALASIN	wiktionary_cat	-	-
cacalotl	kakalot͡ɬ	KAKALOT	wiktionary_cat	-	-
cacamatl	kakamat͡ɬ	KAKAMAT	wiktionary_cat	-	-
cacatl	kakat͡ɬ	KAKAT	wiktionary_cat	-	-
cacatzac	kakat͡sak	KAKASAK	wiktionary_cat	-	-
Cacatzac	Cakat͡sak	0AKASAK	wiktionary_cat	-	-
cacaua atl	kakaua at͡ɬ	KAKAUAAT	wiktionary_cat	-	-
cacauaatl	kakauaat͡ɬ	KAKAUAAT	wiktionary_cat	-	-
cacauapinolli	kakauapinoli	KAKAUAPINOLI	wiktionary_cat	-	-
cacauapoçonallotl	kakauapoçonalot͡ɬ	KAKAUAPOONALOT	wiktionary_cat	-	-
cacauapoçonillotl	kakauapoçonilot͡ɬ	KAKAUAPOONILOT	wiktionary_cat	-	-
cacauatl	kakauat͡ɬ	KAKAUAT	wiktionary_cat	-	-
cacchiuhqui	kakt͡ʃiwki	KAKSIWKI	wiktionary_cat	-	-
cactli	kakt͡ɬi	KAKTI	wiktionary_cat	-	-
cah	kah	KAH	wiktionary_cat	-	-
cahuallo	kawalo	KAWALO	wiktionary_cat	-	-
cahualloh	kawaloh	KAWALOH	wiktionary_cat	-	-
cahuayo	kawayo	KAWAUO	wiktionary_cat	-	-
calaquiliztli	kalakilist͡ɬi	KALAKILISTI	wiktionary_cat	-	-
calatl	kalat͡ɬ	KALAT	wiktionary_cat	-	-
calcuichcho	kalkʷit͡ʃt͡ʃo	KALKISSO	wiktionary_cat	-	-
calcuichchoh	kalkʷit͡ʃt͡ʃoh	KALKISSOH	wiktionary_cat	-	-
calcuicho	kalkʷit͡ʃo	KALKISO	wiktionary_cat	-	-
calixatl	kaliʃat͡ɬ	KALISAT	wiktionary_cat	-	-
calla	kala	KALA	wiktionary_cat	-	-
callah	kalah	KALAH	wiktionary_cat	-	-
callalli	kalali	KALALI	wiktionary_cat	-	-
calli	kali	KALI	wiktionary_cat	-	-
calmanaliztli	kalmanalist͡ɬi	KALMANALISTI	wiktionary_cat	-	-
calmanani	kalmanani	KALMANANI	wiktionary_cat	-	-
calnahuac	kalnawak	KALNAWAK	wiktionary_cat	-	-
caltentli	kaltent͡ɬi	KALTENTI	wiktionary_cat	-	-
camachalli	kamat͡ʃali	KAMASALI	wiktionary_cat	-	-
camactli	kamakt͡ɬi	KAMAKTI	wiktionary_cat	-	-
camanalli	kamanali	KAMANALI	wiktionary_cat	-	-
camatl	kamat͡ɬ	KAMAT	wiktionary_cat	-	-
camatzontli	kamat͡sont͡ɬi	KAMASONTI	wiktionary_cat	-	-
camohpaltic	kamohpaltik	KAMOHPALTIK	wiktionary_cat	-	-
camohtli	kamoht͡ɬi	KAMOHTI	wiktionary_cat	-	-
campana yollohtli	kampana yoloht͡ɬi	KAMPANAUOLOHTI	wiktionary_cat	-	-
campana yollotli	kampana yolot͡ɬi	KAMPANAUOLOTI	wiktionary_cat	-	-
campanario	kampanario	KAMPANARIO	wiktionary_cat	-	-
-can	-kan	KAN	wiktionary_cat	-	-
cana	kana	KANA	wiktionary_cat	-	-
canah	kanah	KANAH	wiktionary_cat	-	-
canahpa	kanahpa	KANAHPA	wiktionary_cat	-	-
canapa	kanapa	KANAPA	wiktionary_cat	-	-
canauhconetl	kanawkonet͡ɬ	KANAWKONET	wiktionary_cat	-	-
canauhconetontli	kanawkonetont͡ɬi	KANAWKONETONTI	wiktionary_cat	-	-
canauhnacatl	kanawnakat͡ɬ	KANAWNAKAT	wiktionary_cat	-	-
canauhquilitl	kanawkilit͡ɬ	KANAWKILIT	wiktionary_cat	-	-
canauhtetl	kanawtet͡ɬ	KANAWTET	wiktionary_cat	-	-
canauhtli	kanawt͡ɬi	KANAWTI	wiktionary_cat	-	-
canin	kanin	KANIN	wiktionary_cat	-	-
cantli	kant͡ɬi	KANTI	wiktionary_cat	-	-
capatli	kapat͡ɬi	KAPATI	wiktionary_cat	-	-
capolcuahuitl	kapolkʷawit͡ɬ	KAPOLKAWIT	wiktionary_cat	-	-
capolcuauhtlah	kapolkʷawt͡ɬah	KAPOLKAWTAH	wiktionary_cat	-	-
capolin	kapolin	KAPOLIN	wiktionary_cat	-	-
capollah	kapolah	KAPOLAH	wiktionary_cat	-	-
capoloctli	kapolokt͡ɬi	KAPOLOKTI	wiktionary_cat	-	-
capulla	kapula	KAPULA	wiktionary_cat	-	-
capuloctli	kapulokt͡ɬi	KAPULOKTI	wiktionary_cat	-	-
castilla acalli	kastila akali	KASTILAAKALI	wiktionary_cat	-	-
castilla acaltepiton	kastila akaltepiton	KASTILAAKALTEPITON	wiktionary_cat	-	-
castilla acaltontli	kastila akaltont͡ɬi	KASTILAAKALTONTI	wiktionary_cat	-	-
Castillan	Castilan	0ASTILAN	wiktionary_cat	-	-
castillan	kastilan	KASTILAN	wiktionary_cat	-	-
castillan acalli	kastilan akali	KASTILANAKALI	wiktionary_cat	-	-
castillan acaltepiton	kastilan akaltepiton	KASTILANAKALTEPITON	wiktionary_cat	-	-
castillan acaltontli	kastilan akaltont͡ɬi	KASTILANAKALTONTI	wiktionary_cat	-	-
castillan canauhtli	kastilan kanawt͡ɬi	KASTILANKANAWTI	wiktionary_cat	-	-
castillan chiancaca	kastilan t͡ʃiankaka	KASTILANSIANKAKA	wiktionary_cat	-	-
castillan tlaulli	kastilan t͡ɬauli	KASTILANTAULI	wiktionary_cat	-	-
castillan tlaxcalli	kastilan t͡ɬaʃkali	KASTILANTASKALI	wiktionary_cat	-	-
castillan totolin	kastilan totolin	KASTILANTOTOLIN	wiktionary_cat	-	-
castillan vexolotl	kastilan veʃolot͡ɬ	KASTILANBESOLOT	wiktionary_cat	-	-
castillan xochitl	kastilan ʃot͡ʃit͡ɬ	KASTILANSOSIT	wiktionary_cat	-	-
castillan yaoacalli	kastilan yaoakali	KASTILANUAOAKALI	wiktionary_cat	-	-
castillatlaxcalli	kastilat͡ɬaʃkali	KASTILATASKALI	wiktionary_cat	-	-
Castillã	Castilã	0ASTILA	wiktionary_cat	-	-
castillã	kastilã	KASTILA	wiktionary_cat	-	-
castiltecatl	kastiltekat͡ɬ	KASTILTEKAT	wiktionary_cat	-	-
cauallo	kaualo	KAUALO	wiktionary_cat	-	-
cauitl	kauit͡ɬ	KAUIT	wiktionary_cat	-	-
cavallo	kavalo	KABALO	wiktionary_cat	-	-
caxahua	kaʃawa	KASAWA	wiktionary_cat	-	-
caxani	kaʃani	KASANI	wiktionary_cat	-	-
caxpechtontli	kaʃpet͡ʃtont͡ɬi	KASPESTONTI	wiktionary_cat	-	-
caxtepiton	kaʃtepiton	KASTEPITON	wiktionary_cat	-	-
Caxtillan	Caʃtilan	0ASTILAN	wiktionary_cat	-	-
caxtillan	kaʃtilan	KASTILAN	wiktionary_cat	-	-
Caxtillan acalli	Caʃtilan akali	0ASTILANAKALI	wiktionary_cat	-	-
Caxtillan acaltepiton	Caʃtilan akaltepiton	0ASTILANAKALTEPITON	wiktionary_cat	-	-
Caxtillan acaltontli	Caʃtilan akaltont͡ɬi	0ASTILANAKALTONTI	wiktionary_cat	-	-
Caxtillan camohtli	Caʃtilan kamoht͡ɬi	0ASTILANKAMOHTI	wiktionary_cat	-	-
Caxtillan centli	Caʃtilan kent͡ɬi	0ASTILANKENTI	wiktionary_cat	-	-
Caxtillan chilli	Caʃtilan t͡ʃili	0ASTILANSILI	wiktionary_cat	-	-
Caxtillan chiyancaca	Caʃtilan t͡ʃiyankaka	0ASTILANSIUANKAKA	wiktionary_cat	-	-
Caxtillan copalli	Caʃtilan kopali	0ASTILANKOPALI	wiktionary_cat	-	-
Caxtillan epazotl	Caʃtilan epasot͡ɬ	0ASTILANEPASOT	wiktionary_cat	-	-
Caxtillan huehxolotl	Caʃtilan wehʃolot͡ɬ	0ASTILANWEHSOLOT	wiktionary_cat	-	-
Caxtillan nacatlaoyoh tlaxcalli	Caʃtilan nakat͡ɬaoyoh t͡ɬaʃkali	0ASTILANNAKATAOUOHTASKALI	wiktionary_cat	-	-
Caxtillan ocoxochitl	Caʃtilan okoʃot͡ʃit͡ɬ	0ASTILANOKOSOSIT	wiktionary_cat	-	-
Caxtillan pitzahuac etl	Caʃtilan pit͡sawak et͡ɬ	0ASTILANPISAWAKET	wiktionary_cat	-	-
Caxtillan quetzaltototl	Caʃtilan ket͡saltotot͡ɬ	0ASTILANKESALTOTOT	wiktionary_cat	-	-
Caxtillan texocooctli	Caʃtilan teʃokookt͡ɬi	0ASTILANTESOKOOKTI	wiktionary_cat	-	-
Caxtillan tlahtolli	Caʃtilan t͡ɬahtoli	0ASTILANTAHTOLI	wiktionary_cat	-	-
Caxtillan tlaolli	Caʃtilan t͡ɬaoli	0ASTILANTAOLI	wiktionary_cat	-	-
Caxtillan tlaxcalli	Caʃtilan t͡ɬaʃkali	0ASTILANTASKALI	wiktionary_cat	-	-
Caxtillan totolin	Caʃtilan totolin	0ASTILANTOTOLIN	wiktionary_cat	-	-
Caxtillan tzaucxochitl	Caʃtilan t͡saukʃot͡ʃit͡ɬ	0ASTILANSAUKSOSIT	wiktionary_cat	-	-
Caxtillan yaoacalli	Caʃtilan yaoakali	0ASTILANUAOAKALI	wiktionary_cat	-	-
caxtolli	kaʃtoli	KASTOLI	wiktionary_cat	-	-
caxtolli omeyi	kaʃtoli omeyi	KASTOLIOMEUI	wiktionary_cat	-	-
caxtolli omome	kaʃtoli omome	KASTOLIOMOME	wiktionary_cat	-	-
caxtolli once	kaʃtoli onke	KASTOLIONKE	wiktionary_cat	-	-
caxtolli onnahui	kaʃtoli onnawi	KASTOLIONNAWI	wiktionary_cat	-	-
caxtolpa	kaʃtolpa	KASTOLPA	wiktionary_cat	-	-
caxtolpa onnappa	kaʃtolpa onnappa	KASTOLPAONNAPPA	wiktionary_cat	-	-
caxtolpohualli	kaʃtolpowali	KASTOLPOWALI	wiktionary_cat	-	-
caxtoltzompa	kaʃtolt͡sompa	KASTOLSOMPA	wiktionary_cat	-	-
caxtoltzontli	kaʃtolt͡sont͡ɬi	KASTOLSONTI	wiktionary_cat	-	-
caxtolxiquipilli	kaʃtolʃikipili	KASTOLSIKIPILI	wiktionary_cat	-	-
caxtolxiquipilpa	kaʃtolʃikipilpa	KASTOLSIKIPILPA	wiktionary_cat	-	-
caxtuli	kaʃtuli	KASTULI	wiktionary_cat	-	-
caxtuli once	kaʃtuli onke	KASTULIONKE	wiktionary_cat	-	-
caxtulli	kaʃtuli	KASTULI	wiktionary_cat	-	-
caxtulli oce	kaʃtuli oke	KASTULIOKE	wiktionary_cat	-	-
caxtulli omei	kaʃtuli omei	KASTULIOMEI	wiktionary_cat	-	-
caxtulli omome	kaʃtuli omome	KASTULIOMOME	wiktionary_cat	-	-
caxtulli onnaui	kaʃtuli onnaui	KASTULIONNAUI	wiktionary_cat	-	-
caxtulliomey	kaʃtuliomey	KASTULIOMEU	wiktionary_cat	-	-
caxtullionce	kaʃtulionke	KASTULIONKE	wiktionary_cat	-	-
ce	ke	KE	wiktionary_cat	-	-
cecemilhuitlacuilolli	kekemilwit͡ɬakʷiloli	KEKEMILWITAKILOLI	wiktionary_cat	-	-
cecemilhuitlahcuilolli	kekemilwit͡ɬahkʷiloli	KEKEMILWITAHKILOLI	wiktionary_cat	-	-
cecen	keken	KEKEN	wiktionary_cat	-	-
ceceya	kekeya	KEKEUA	wiktionary_cat	-	-
ceceyoh	kekeyoh	KEKEUOH	wiktionary_cat	-	-
cecmiqui	kekmiki	KEKMIKI	wiktionary_cat	-	-
ceehecatl	keehekat͡ɬ	KEEHEKAT	wiktionary_cat	-	-
cehualli	kewali	KEWALI	wiktionary_cat	-	-
celia	kelia	KELIA	wiktionary_cat	-	-
cemanahuactli	kemanawakt͡ɬi	KEMANAWAKTI	wiktionary_cat	-	-
cemanahuactli imachiyo	kemanawakt͡ɬi imat͡ʃiyo	KEMANAWAKTIIMASIUO	wiktionary_cat	-	-
cemanauac	kemanauak	KEMANAUAK	wiktionary_cat	-	-
cemanauatl	kemanauat͡ɬ	KEMANAUAT	wiktionary_cat	-	-
cemicac	kemikak	KEMIKAK	wiktionary_cat	-	-
cemicac yoliliztli	kemikak yolilist͡ɬi	KEMIKAKUOLILISTI	wiktionary_cat	-	-
cemihcac yoliliztli	kemihkak yolilist͡ɬi	KEMIHKAKUOLILISTI	wiktionary_cat	-	-
cemithualtin	kemitwaltin	KEMITWALTIN	wiktionary_cat	-	-
cemiztetl	kemistet͡ɬ	KEMISTET	wiktionary_cat	-	-
cemolotontli	kemolotont͡ɬi	KEMOLOTONTI	wiktionary_cat	-	-
cempoal ilhuitl	kempoal ilwit͡ɬ	KEMPOALILWIT	wiktionary_cat	-	-
cempoalli	kempoali	KEMPOALI	wiktionary_cat	-	-
cempoalli oce	kempoali oke	KEMPOALIOKE	wiktionary_cat	-	-
cempoalli omei	kempoali omei	KEMPOALIOMEI	wiktionary_cat	-	-
cempoalli ommacuilli	kempoali ommakʷili	KEMPOALIOMMAKILI	wiktionary_cat	-	-
cempoalli ommatlactli	kempoali ommat͡ɬakt͡ɬi	KEMPOALIOMMATAKTI	wiktionary_cat	-	-
cempoalli ommatlactli omei	kempoali ommat͡ɬakt͡ɬi omei	KEMPOALIOMMATAKTIOMEI	wiktionary_cat	-	-
cempoalli ommatlactli omome	kempoali ommat͡ɬakt͡ɬi omome	KEMPOALIOMMATAKTIOMOME	wiktionary_cat	-	-
cempoalli ommatlactli onnaui	kempoali ommat͡ɬakt͡ɬi onnaui	KEMPOALIOMMATAKTIONNAUI	wiktionary_cat	-	-
cempoalli omome	kempoali omome	KEMPOALIOMOME	wiktionary_cat	-	-
cempoalli oncaxtulli	kempoali onkaʃtuli	KEMPOALIONKASTULI	wiktionary_cat	-	-
cempoalli oncaxtulli oce	kempoali onkaʃtuli oke	KEMPOALIONKASTULIOKE	wiktionary_cat	-	-
cempoalli oncaxtulli omei	kempoali onkaʃtuli omei	KEMPOALIONKASTULIOMEI	wiktionary_cat	-	-
cempoalli oncaxtulli omome	kempoali onkaʃtuli omome	KEMPOALIONKASTULIOMOME	wiktionary_cat	-	-
cempoalli oncaxtulli onnaui	kempoali onkaʃtuli onnaui	KEMPOALIONKASTULIONNAUI	wiktionary_cat	-	-
cempoalli onchicuei	kempoali ont͡ʃikʷei	KEMPOALIONSIKEI	wiktionary_cat	-	-
cempoalli onchicume	kempoali ont͡ʃikʷme	KEMPOALIONSIKME	wiktionary_cat	-	-
cempoalli onchicunaui	kempoali ont͡ʃikʷnaui	KEMPOALIONSIKNAUI	wiktionary_cat	-	-
cempoalli onchiquace	kempoali ont͡ʃikake	KEMPOALIONSIKAKE	wiktionary_cat	-	-
cempoalpa	kempoalpa	KEMPOALPA	wiktionary_cat	-	-
cempoalpa ommatlacpa	kempoalpa ommat͡ɬakpa	KEMPOALPAOMMATAKPA	wiktionary_cat	-	-
cempoalxiuitl	kempoalʃiuit͡ɬ	KEMPOALSIUIT	wiktionary_cat	-	-
cempohualilhuitl	kempowalilwit͡ɬ	KEMPOWALILWIT	wiktionary_cat	-	-
cempohualli	kempowali	KEMPOWALI	wiktionary_cat	-	-
cempohualli omeyi	kempowali omeyi	KEMPOWALIOMEUI	wiktionary_cat	-	-
cempohualli ommacuilli	kempowali ommakʷili	KEMPOWALIOMMAKILI	wiktionary_cat	-	-
cempohualli ommahtlactli	kempowali ommaht͡ɬakt͡ɬi	KEMPOWALIOMMAHTAKTI	wiktionary_cat	-	-
cempohualli ommahtlactli omeyi	kempowali ommaht͡ɬakt͡ɬi omeyi	KEMPOWALIOMMAHTAKTIOMEUI	wiktionary_cat	-	-
cempohualli ommahtlactli omome	kempowali ommaht͡ɬakt͡ɬi omome	KEMPOWALIOMMAHTAKTIOMOME	wiktionary_cat	-	-
cempohualli ommahtlactli once	kempowali ommaht͡ɬakt͡ɬi onke	KEMPOWALIOMMAHTAKTIONKE	wiktionary_cat	-	-
cempohualli ommahtlactli onnahui	kempowali ommaht͡ɬakt͡ɬi onnawi	KEMPOWALIOMMAHTAKTIONNAWI	wiktionary_cat	-	-
cempohualli omome	kempowali omome	KEMPOWALIOMOME	wiktionary_cat	-	-
cempohualli oncaxtolli	kempowali onkaʃtoli	KEMPOWALIONKASTOLI	wiktionary_cat	-	-
cempohualli oncaxtolli omeyi	kempowali onkaʃtoli omeyi	KEMPOWALIONKASTOLIOMEUI	wiktionary_cat	-	-
cempohualli oncaxtolli omome	kempowali onkaʃtoli omome	KEMPOWALIONKASTOLIOMOME	wiktionary_cat	-	-
cempohualli oncaxtolli once	kempowali onkaʃtoli onke	KEMPOWALIONKASTOLIONKE	wiktionary_cat	-	-
cempohualli oncaxtolli onnahui	kempowali onkaʃtoli onnawi	KEMPOWALIONKASTOLIONNAWI	wiktionary_cat	-	-
cempohualli once	kempowali onke	KEMPOWALIONKE	wiktionary_cat	-	-
cempohualli onchicome	kempowali ont͡ʃikome	KEMPOWALIONSIKOME	wiktionary_cat	-	-
cempohualli onchicuace	kempowali ont͡ʃikʷake	KEMPOWALIONSIKAKE	wiktionary_cat	-	-
cempohualli onchicueyi	kempowali ont͡ʃikʷeyi	KEMPOWALIONSIKEUI	wiktionary_cat	-	-
cempohualli onchiucnahui	kempowali ont͡ʃiuknawi	KEMPOWALIONSIUKNAWI	wiktionary_cat	-	-
cempohualli onnahui	kempowali onnawi	KEMPOWALIONNAWI	wiktionary_cat	-	-
cempohualpa	kempowalpa	KEMPOWALPA	wiktionary_cat	-	-
cempohualpa ommahtlacpa	kempowalpa ommaht͡ɬakpa	KEMPOWALPAOMMAHTAKPA	wiktionary_cat	-	-
cempohualtiyanquiztli	kempowaltiyankist͡ɬi	KEMPOWALTIUANKISTI	wiktionary_cat	-	-
cempohualxihuitl	kempowalʃiwit͡ɬ	KEMPOWALSIWIT	wiktionary_cat	-	-
cempohualxiquipilli	kempowalʃikipili	KEMPOWALSIKIPILI	wiktionary_cat	-	-
cempoualli	kempouali	KEMPOUALI	wiktionary_cat	-	-
cempoualli omei	kempouali omei	KEMPOUALIOMEI	wiktionary_cat	-	-
cempoualli omey	kempouali omey	KEMPOUALIOMEU	wiktionary_cat	-	-
cempoualli ommacuilli	kempouali ommakʷili	KEMPOUALIOMMAKILI	wiktionary_cat	-	-
cempoualli ommatlactli	kempouali ommat͡ɬakt͡ɬi	KEMPOUALIOMMATAKTI	wiktionary_cat	-	-
cempoualli ommatlactli omei	kempouali ommat͡ɬakt͡ɬi omei	KEMPOUALIOMMATAKTIOMEI	wiktionary_cat	-	-
cempoualli ommatlactli omey	kempouali ommat͡ɬakt͡ɬi omey	KEMPOUALIOMMATAKTIOMEU	wiktionary_cat	-	-
cempoualli ommatlactli omome	kempouali ommat͡ɬakt͡ɬi omome	KEMPOUALIOMMATAKTIOMOME	wiktionary_cat	-	-
cempoualli ommatlactli onnaui	kempouali ommat͡ɬakt͡ɬi onnaui	KEMPOUALIOMMATAKTIONNAUI	wiktionary_cat	-	-
cempoualli omome	kempouali omome	KEMPOUALIOMOME	wiktionary_cat	-	-
cempoualli oncaxtolli omei	kempouali onkaʃtoli omei	KEMPOUALIONKASTOLIOMEI	wiktionary_cat	-	-
cempoualli oncaxtolli omome	kempouali onkaʃtoli omome	KEMPOUALIONKASTOLIOMOME	wiktionary_cat	-	-
cempoualli oncaxtolli once	kempouali onkaʃtoli onke	KEMPOUALIONKASTOLIONKE	wiktionary_cat	-	-
cempoualli oncaxtolli onnaui	kempouali onkaʃtoli onnaui	KEMPOUALIONKASTOLIONNAUI	wiktionary_cat	-	-
cempoualli oncaxtulli	kempouali onkaʃtuli	KEMPOUALIONKASTULI	wiktionary_cat	-	-
cempoualli oncaxtulli omey	kempouali onkaʃtuli omey	KEMPOUALIONKASTULIOMEU	wiktionary_cat	-	-
cempoualli oncaxtulli omome	kempouali onkaʃtuli omome	KEMPOUALIONKASTULIOMOME	wiktionary_cat	-	-
cempoualli oncaxtulli once	kempouali onkaʃtuli onke	KEMPOUALIONKASTULIONKE	wiktionary_cat	-	-
cempoualli oncaxtulli onnaui	kempouali onkaʃtuli onnaui	KEMPOUALIONKASTULIONNAUI	wiktionary_cat	-	-
cempoualli onchicome	kempouali ont͡ʃikome	KEMPOUALIONSIKOME	wiktionary_cat	-	-
cempoualli onchicuei	kempouali ont͡ʃikʷei	KEMPOUALIONSIKEI	wiktionary_cat	-	-
cempoualli onchicuey	kempouali ont͡ʃikʷey	KEMPOUALIONSIKEU	wiktionary_cat	-	-
cempoualli onchicunaui	kempouali ont͡ʃikʷnaui	KEMPOUALIONSIKNAUI	wiktionary_cat	-	-
cempoualli onchiquace	kempouali ont͡ʃikake	KEMPOUALIONSIKAKE	wiktionary_cat	-	-
cempouallionce	kempoualionke	KEMPOUALIONKE	wiktionary_cat	-	-
cempoualpa	kempoualpa	KEMPOUALPA	wiktionary_cat	-	-
cempoualtianquiztli	kempoualtiankist͡ɬi	KEMPOUALTIANKISTI	wiktionary_cat	-	-
centeconetl	kentekonet͡ɬ	KENTEKONET	wiktionary_cat	-	-
centlachipiniltontli	kent͡ɬat͡ʃipiniltont͡ɬi	KENTASIPINILTONTI	wiktionary_cat	-	-
centlacolmetztli	kent͡ɬakolmet͡st͡ɬi	KENTAKOLMESTI	wiktionary_cat	-	-
centzommayeh	kent͡sommayeh	KENSOMMAUEH	wiktionary_cat	-	-
centzonmaxtlatl	kent͡sonmaʃt͡ɬat͡ɬ	KENSONMASTAT	wiktionary_cat	-	-
centzontli	kent͡sont͡ɬi	KENSONTI	wiktionary_cat	-	-
centzummaye	kent͡summaye	KENSUMMAUE	wiktionary_cat	-	-
ceppa	keppa	KEPPA	wiktionary_cat	-	-
cetochhuia	ketot͡ʃwia	KETOSWIA	wiktionary_cat	-	-
ceualli	keuali	KEUALI	wiktionary_cat	-	-
cexihuitl	keʃiwit͡ɬ	KESIWIT	wiktionary_cat	-	-
cexiuamatl	keʃiuamat͡ɬ	KESIUAMAT	wiktionary_cat	-	-
cexiuhamatl	keʃiwamat͡ɬ	KESIWAMAT	wiktionary_cat	-	-
cexiuhtlacuilolli	keʃiwt͡ɬakʷiloli	KESIWTAKILOLI	wiktionary_cat	-	-
cexiuhtlahcuilolli	keʃiwt͡ɬahkʷiloli	KESIWTAHKILOLI	wiktionary_cat	-	-
cexiuitl	keʃiuit͡ɬ	KESIUIT	wiktionary_cat	-	-
ceyaliztli	keyalist͡ɬi	KEUALISTI	wiktionary_cat	-	-
chachapahtli	t͡ʃat͡ʃapaht͡ɬi	SASAPAHTI	wiktionary_cat	-	-
chachapahtontli	t͡ʃat͡ʃapahtont͡ɬi	SASAPAHTONTI	wiktionary_cat	-	-
chachapatli	t͡ʃat͡ʃapat͡ɬi	SASAPATI	wiktionary_cat	-	-
chachapatontli	t͡ʃat͡ʃapatont͡ɬi	SASAPATONTI	wiktionary_cat	-	-
chachauatl	t͡ʃat͡ʃauat͡ɬ	SASAUAT	wiktionary_cat	-	-
chachayahua	t͡ʃat͡ʃayawa	SASAUAWA	wiktionary_cat	-	-
chacuani	t͡ʃakʷani	SAKANI	wiktionary_cat	-	-
chahuiztli	t͡ʃawist͡ɬi	SAWISTI	wiktionary_cat	-	-
chalani	t͡ʃalani	SALANI	wiktionary_cat	-	-
Chalchiuhcuecan	Chalt͡ʃiwkʷekan	0HALSIWKEKAN	wiktionary_cat	-	-
Chalchiuhtlicueyecatl	Chalt͡ʃiwt͡ɬikʷeyekat͡ɬ	0HALSIWTIKEUEKAT	wiktionary_cat	-	-
chane	t͡ʃane	SANE	wiktionary_cat	-	-
chanti	t͡ʃanti	SANTI	wiktionary_cat	-	-
chantli	t͡ʃant͡ɬi	SANTI	wiktionary_cat	-	-
Chapolhuahcan	Chapolwahkan	0HAPOLWAHKAN	wiktionary_cat	-	-
chapoltepec	t͡ʃapoltepek	SAPOLTEPEK	wiktionary_cat	-	-
chia	t͡ʃia	SIA	wiktionary_cat	-	-
chiahuitl	t͡ʃiawit͡ɬ	SIAWIT	wiktionary_cat	-	-
chiamachiuhqui	t͡ʃiamat͡ʃiwki	SIAMASIWKI	wiktionary_cat	-	-
chiamatl	t͡ʃiamat͡ɬ	SIAMAT	wiktionary_cat	-	-
chian	t͡ʃian	SIAN	wiktionary_cat	-	-
chiancaca	t͡ʃiankaka	SIANKAKA	wiktionary_cat	-	-
Chiauhtlah	Chiawt͡ɬah	0HIAWTAH	wiktionary_cat	-	-
chichic	t͡ʃit͡ʃik	SISIK	wiktionary_cat	-	-
chichihualayotl	t͡ʃit͡ʃiwalayot͡ɬ	SISIWALAUOT	wiktionary_cat	-	-
chichihualli	t͡ʃit͡ʃiwali	SISIWALI	wiktionary_cat	-	-
chichihualtzapotl	t͡ʃit͡ʃiwalt͡sapot͡ɬ	SISIWALSAPOT	wiktionary_cat	-	-
chichiltic	t͡ʃit͡ʃiltik	SISILTIK	wiktionary_cat	-	-
chichimeca	t͡ʃit͡ʃimeka	SISIMEKA	wiktionary_cat	-	-
chichioalmecapalli	t͡ʃit͡ʃioalmekapali	SISIOALMEKAPALI	wiktionary_cat	-	-
chichiquilli	t͡ʃit͡ʃikili	SISIKILI	wiktionary_cat	-	-
chichiquiltopilli	t͡ʃit͡ʃikiltopili	SISIKILTOPILI	wiktionary_cat	-	-
chichitl	t͡ʃit͡ʃit͡ɬ	SISIT	wiktionary_cat	-	-
chichito	t͡ʃit͡ʃito	SISITO	wiktionary_cat	-	-
chichiton	t͡ʃit͡ʃiton	SISITON	wiktionary_cat	-	-
chichiualayotl	t͡ʃit͡ʃiualayot͡ɬ	SISIUALAUOT	wiktionary_cat	-	-
chichiualmecapal	t͡ʃit͡ʃiualmekapal	SISIUALMEKAPAL	wiktionary_cat	-	-
chichtli	t͡ʃit͡ʃt͡ɬi	SISTI	wiktionary_cat	-	-
chicome	t͡ʃikome	SIKOME	wiktionary_cat	-	-
chiconaui	t͡ʃikonaui	SIKONAUI	wiktionary_cat	-	-
Chicontepec	Chikontepek	0HIKONTEPEK	wiktionary_cat	-	-
chicoppa	t͡ʃikoppa	SIKOPPA	wiktionary_cat	-	-
chicoxxihuitl	t͡ʃikoʃʃiwit͡ɬ	SIKOSSIWIT	wiktionary_cat	-	-
chictzapotl	t͡ʃikt͡sapot͡ɬ	SIKSAPOT	wiktionary_cat	-	-
chicuace	t͡ʃikʷake	SIKAKE	wiktionary_cat	-	-
chicuaceppa	t͡ʃikʷakeppa	SIKAKEPPA	wiktionary_cat	-	-
chicuei	t͡ʃikʷei	SIKEI	wiktionary_cat	-	-
chicueilhuitl	t͡ʃikʷeilwit͡ɬ	SIKEILWIT	wiktionary_cat	-	-
chicuexpa	t͡ʃikʷeʃpa	SIKESPA	wiktionary_cat	-	-
chicuey	t͡ʃikʷey	SIKEU	wiktionary_cat	-	-
chicueyi	t͡ʃikʷeyi	SIKEUI	wiktionary_cat	-	-
chicueyilhuitl	t͡ʃikʷeyilwit͡ɬ	SIKEUILWIT	wiktionary_cat	-	-
chicume	t͡ʃikʷme	SIKME	wiktionary_cat	-	-
chicunappa	t͡ʃikʷnappa	SIKNAPPA	wiktionary_cat	-	-
chicunauh mictlan	t͡ʃikʷnaw mikt͡ɬan	SIKNAWMIKTAN	wiktionary_cat	-	-
chicunauhtianquiztli	t͡ʃikʷnawtiankist͡ɬi	SIKNAWTIANKISTI	wiktionary_cat	-	-
chicunaui	t͡ʃikʷnaui	SIKNAUI	wiktionary_cat	-	-
chicuppa	t͡ʃikʷppa	SIKPPA	wiktionary_cat	-	-
chilacatl	t͡ʃilakat͡ɬ	SILAKAT	wiktionary_cat	-	-
chilatl	t͡ʃilat͡ɬ	SILAT	wiktionary_cat	-	-
chilcacahuatl	t͡ʃilkakawat͡ɬ	SILKAKAWAT	wiktionary_cat	-	-
chilcacauatl	t͡ʃilkakauat͡ɬ	SILKAKAUAT	wiktionary_cat	-	-
chilchomolli	t͡ʃilt͡ʃomoli	SILSOMOLI	wiktionary_cat	-	-
chilchomulli	t͡ʃilt͡ʃomuli	SILSOMULI	wiktionary_cat	-	-
chilchotl	t͡ʃilt͡ʃot͡ɬ	SILSOT	wiktionary_cat	-	-
chilcoztic	t͡ʃilkostik	SILKOSTIK	wiktionary_cat	-	-
chilcoztli	t͡ʃilkost͡ɬi	SILKOSTI	wiktionary_cat	-	-
chilhuacmolli	t͡ʃilwakmoli	SILWAKMOLI	wiktionary_cat	-	-
chilli	t͡ʃili	SILI	wiktionary_cat	-	-
chillo	t͡ʃilo	SILO	wiktionary_cat	-	-
chillo cacauatl	t͡ʃilo kakauat͡ɬ	SILOKAKAUAT	wiktionary_cat	-	-
chilloh	t͡ʃiloh	SILOH	wiktionary_cat	-	-
chilloh cacahuatl	t͡ʃiloh kakawat͡ɬ	SILOHKAKAWAT	wiktionary_cat	-	-
chilmolcaxitl	t͡ʃilmolkaʃit͡ɬ	SILMOLKASIT	wiktionary_cat	-	-
chilmolli	t͡ʃilmoli	SILMOLI	wiktionary_cat	-	-
chilmulcaxitl	t͡ʃilmulkaʃit͡ɬ	SILMULKASIT	wiktionary_cat	-	-
chiltomatl	t͡ʃiltomat͡ɬ	SILTOMAT	wiktionary_cat	-	-
chiltototl	t͡ʃiltotot͡ɬ	SILTOTOT	wiktionary_cat	-	-
chiluacmulli	t͡ʃiluakmuli	SILUAKMULI	wiktionary_cat	-	-
chimalayotl	t͡ʃimalayot͡ɬ	SIMALAUOT	wiktionary_cat	-	-
chimalchiuhqui	t͡ʃimalt͡ʃiwki	SIMALSIWKI	wiktionary_cat	-	-
chimalmichin	t͡ʃimalmit͡ʃin	SIMALMISIN	wiktionary_cat	-	-
chimalxochitl	t͡ʃimalʃot͡ʃit͡ɬ	SIMALSOSIT	wiktionary_cat	-	-
chinampan	t͡ʃinampan	SINAMPAN	wiktionary_cat	-	-
chinancalli	t͡ʃinankali	SINANKALI	wiktionary_cat	-	-
chipahuacatl	t͡ʃipawakat͡ɬ	SIPAWAKAT	wiktionary_cat	-	-
chipauacatl	t͡ʃipauakat͡ɬ	SIPAUAKAT	wiktionary_cat	-	-
chipelihuiztontli	t͡ʃipeliwistont͡ɬi	SIPELIWISTONTI	wiktionary_cat	-	-
chipeliuiztontli	t͡ʃipeliuistont͡ɬi	SIPELIUISTONTI	wiktionary_cat	-	-
chipilin	t͡ʃipilin	SIPILIN	wiktionary_cat	-	-
chipini	t͡ʃipini	SIPINI	wiktionary_cat	-	-
chipolin	t͡ʃipolin	SIPOLIN	wiktionary_cat	-	-
chipuli	t͡ʃipuli	SIPULI	wiktionary_cat	-	-
chiquace	t͡ʃikake	SIKAKE	wiktionary_cat	-	-
chiquaceppa	t͡ʃikakeppa	SIKAKEPPA	wiktionary_cat	-	-
chiquatli	t͡ʃikat͡ɬi	SIKATI	wiktionary_cat	-	-
chiquilichtli	t͡ʃikilit͡ʃt͡ɬi	SIKILISTI	wiktionary_cat	-	-
chiquiuhchihua	t͡ʃikiwt͡ʃiwa	SIKIWSIWA	wiktionary_cat	-	-
chiquiuhchiua	t͡ʃikiwt͡ʃiua	SIKIWSIUA	wiktionary_cat	-	-
chiquiuhchiuhqui	t͡ʃikiwt͡ʃiwki	SIKIWSIWKI	wiktionary_cat	-	-
chiquiuhtontli	t͡ʃikiwtont͡ɬi	SIKIWTONTI	wiktionary_cat	-	-
chiquâtli	t͡ʃikât͡ɬi	SIKTI	wiktionary_cat	-	-
chiuc-	t͡ʃiuk-	SIUK	wiktionary_cat	-	-
chiucnahui	t͡ʃiuknawi	SIUKNAWI	wiktionary_cat	-	-
chiucnappa	t͡ʃiuknappa	SIUKNAPPA	wiktionary_cat	-	-
chiucnauhmictlan	t͡ʃiuknawmikt͡ɬan	SIUKNAWMIKTAN	wiktionary_cat	-	-
chiucnauhtiyanquiztli	t͡ʃiuknawtiyankist͡ɬi	SIUKNAWTIUANKISTI	wiktionary_cat	-	-
chiyahua	t͡ʃiyawa	SIUAWA	wiktionary_cat	-	-
chiyamachiuhqui	t͡ʃiyamat͡ʃiwki	SIUAMASIWKI	wiktionary_cat	-	-
chiyamatl	t͡ʃiyamat͡ɬ	SIUAMAT	wiktionary_cat	-	-
chiyampinolli	t͡ʃiyampinoli	SIUAMPINOLI	wiktionary_cat	-	-
chiyan	t͡ʃiyan	SIUAN	wiktionary_cat	-	-
chiyancaca	t͡ʃiyankaka	SIUANKAKA	wiktionary_cat	-	-
choca	t͡ʃoka	SOKA	wiktionary_cat	-	-
chocolanamacac	t͡ʃokolanamakak	SOKOLANAMAKAK	wiktionary_cat	-	-
-choh	-t͡ʃoh	SOH	wiktionary_cat	-	-
cholli	t͡ʃoli	SOLI	wiktionary_cat	-	-
choloa	t͡ʃoloa	SOLOA	wiktionary_cat	-	-
Cholollan	Chololan	0HOLOLAN	wiktionary_cat	-	-
choquizzoh	t͡ʃokissoh	SOKISSOH	wiktionary_cat	-	-
choquiço	t͡ʃokiço	SOKIO	wiktionary_cat	-	-
-chotl	-t͡ʃot͡ɬ	SOT	wiktionary_cat	-	-
christiano	t͡ʃristiano	SRISTIANO	wiktionary_cat	-	-
Chīchīmēcâ	Chiːt͡ʃiːmeːkâ	0HISIMEK	wiktionary_cat	-	-
ciahuitl	kiawit͡ɬ	KIAWIT	wiktionary_cat	-	-
cicitlallo	kikit͡ɬalo	KIKITALO	wiktionary_cat	-	-
cicitlalloh	kikit͡ɬaloh	KIKITALOH	wiktionary_cat	-	-
cihoapilli	kihoapili	KIHOAPILI	wiktionary_cat	-	-
cihua	kiwa	KIWA	wiktionary_cat	-	-
cihuacoatl	kiwakoat͡ɬ	KIWAKOAT	wiktionary_cat	-	-
cihuahuah	kiwawah	KIWAWAH	wiktionary_cat	-	-
cihuaichcatl	kiwait͡ʃkat͡ɬ	KIWAISKAT	wiktionary_cat	-	-
cihuanehtotiliztli	kiwanehtotilist͡ɬi	KIWANEHTOTILISTI	wiktionary_cat	-	-
cihuaoquichtli	kiwaokit͡ʃt͡ɬi	KIWAOKISTI	wiktionary_cat	-	-
cihuapiltzintli	kiwapilt͡sint͡ɬi	KIWAPILSINTI	wiktionary_cat	-	-
cihuateopixqui	kiwateopiʃki	KIWATEOPISKI	wiktionary_cat	-	-
cihuatepiton	kiwatepiton	KIWATEPITON	wiktionary_cat	-	-
cihuatl	kiwat͡ɬ	KIWAT	wiktionary_cat	-	-
cihuatlacamichin	kiwat͡ɬakamit͡ʃin	KIWATAKAMISIN	wiktionary_cat	-	-
cihuatlahtoani	kiwat͡ɬahtoani	KIWATAHTOANI	wiktionary_cat	-	-
cihuatlamacazqui	kiwat͡ɬamakaski	KIWATAMAKASKI	wiktionary_cat	-	-
cihuatontli	kiwatont͡ɬi	KIWATONTI	wiktionary_cat	-	-
cihuatotolixpopoyotl	kiwatotoliʃpopoyot͡ɬ	KIWATOTOLISPOPOUOT	wiktionary_cat	-	-
cihuayotl	kiwayot͡ɬ	KIWAUOT	wiktionary_cat	-	-
cihyotl	kihyot͡ɬ	KIHUOT	wiktionary_cat	-	-
cimatl	kimat͡ɬ	KIMAT	wiktionary_cat	-	-
cincoatl	kinkoat͡ɬ	KINKOAT	wiktionary_cat	-	-
cinteotl	kinteot͡ɬ	KINTEOT	wiktionary_cat	-	-
cintli	kint͡ɬi	KINTI	wiktionary_cat	-	-
cipactli	kipakt͡ɬi	KIPAKTI	wiktionary_cat	-	-
ciruela cuahuitl	kiruela kʷawit͡ɬ	KIRUELAKAWIT	wiktionary_cat	-	-
citlali	kit͡ɬali	KITALI	wiktionary_cat	-	-
citlalicue	kit͡ɬalikʷe	KITALIKE	wiktionary_cat	-	-
citlalim popoca	kit͡ɬalim popoka	KITALIMPOPOKA	wiktionary_cat	-	-
citlalimpopoca	kit͡ɬalimpopoka	KITALIMPOPOKA	wiktionary_cat	-	-
citlalin	kit͡ɬalin	KITALIN	wiktionary_cat	-	-
citlalin popoca	kit͡ɬalin popoka	KITALINPOPOKA	wiktionary_cat	-	-
citlalli	kit͡ɬali	KITALI	wiktionary_cat	-	-
citlallicue	kit͡ɬalikʷe	KITALIKE	wiktionary_cat	-	-
citlallo	kit͡ɬalo	KITALO	wiktionary_cat	-	-
citlalloh	kit͡ɬaloh	KITALOH	wiktionary_cat	-	-
Citlaltepetl	Cit͡ɬaltepet͡ɬ	0ITALTEPET	wiktionary_cat	-	-
citlaltepito	kit͡ɬaltepito	KITALTEPITO	wiktionary_cat	-	-
citlaltepiton	kit͡ɬaltepiton	KITALTEPITON	wiktionary_cat	-	-
citlalton	kit͡ɬalton	KITALTON	wiktionary_cat	-	-
citlaltontli	kit͡ɬaltont͡ɬi	KITALTONTI	wiktionary_cat	-	-
citlaltzintli	kit͡ɬalt͡sint͡ɬi	KITALSINTI	wiktionary_cat	-	-
citli	kit͡ɬi	KITI	wiktionary_cat	-	-
citontli	kitont͡ɬi	KITONTI	wiktionary_cat	-	-
ciua	kiua	KIUA	wiktionary_cat	-	-
ciua ichcatl	kiua it͡ʃkat͡ɬ	KIUAISKAT	wiktionary_cat	-	-
ciua oquichtli	kiua okit͡ʃt͡ɬi	KIUAOKISTI	wiktionary_cat	-	-
ciua teupixqui	kiua teupiʃki	KIUATEUPISKI	wiktionary_cat	-	-
ciua tlacamichin	kiua t͡ɬakamit͡ʃin	KIUATAKAMISIN	wiktionary_cat	-	-
ciuaayotl	kiuaayot͡ɬ	KIUAAUOT	wiktionary_cat	-	-
ciuaoquichtli	kiuaokit͡ʃt͡ɬi	KIUAOKISTI	wiktionary_cat	-	-
ciuatl	kiuat͡ɬ	KIUAT	wiktionary_cat	-	-
ciuatontli	kiuatont͡ɬi	KIUATONTI	wiktionary_cat	-	-
ciuatotolin	kiuatotolin	KIUATOTOLIN	wiktionary_cat	-	-
ciuatotolixpopoyotl	kiuatotoliʃpopoyot͡ɬ	KIUATOTOLISPOPOUOT	wiktionary_cat	-	-
ciuaua	kiuaua	KIUAUA	wiktionary_cat	-	-
ciudad	kiudad	KIUDAD	wiktionary_cat	-	-
ciyahui	kiyawi	KIUAWI	wiktionary_cat	-	-
ciyotl	kiyot͡ɬ	KIUOT	wiktionary_cat	-	-
-co	-ko	KO	wiktionary_cat	-	-
coaehuatl	koaewat͡ɬ	KOAEWAT	wiktionary_cat	-	-
coaeuatl	koaeuat͡ɬ	KOAEUAT	wiktionary_cat	-	-
coaiztlactli	koaist͡ɬakt͡ɬi	KOAISTAKTI	wiktionary_cat	-	-
coamichi	koamit͡ʃi	KOAMISI	wiktionary_cat	-	-
coanacatl	koanakat͡ɬ	KOANAKAT	wiktionary_cat	-	-
Coatepec	Coatepek	0OATEPEK	wiktionary_cat	-	-
coatetl	koatet͡ɬ	KOATET	wiktionary_cat	-	-
coatl	koat͡ɬ	KOAT	wiktionary_cat	-	-
coatl icue	koat͡ɬ ikʷe	KOATIKE	wiktionary_cat	-	-
coatlan tonan	koat͡ɬan tonan	KOATANTONAN	wiktionary_cat	-	-
coatlantli	koat͡ɬant͡ɬi	KOATANTI	wiktionary_cat	-	-
coatlanxocotl	koat͡ɬanʃokot͡ɬ	KOATANSOKOT	wiktionary_cat	-	-
Coatlicue	Coat͡ɬikʷe	0OATIKE	wiktionary_cat	-	-
Coatzacualco	Coat͡sakʷalko	0OASAKALKO	wiktionary_cat	-	-
coautli	koaut͡ɬi	KOAUTI	wiktionary_cat	-	-
coayztlactli	koayst͡ɬakt͡ɬi	KOAUSTAKTI	wiktionary_cat	-	-
cochi	kot͡ʃi	KOSI	wiktionary_cat	-	-
cochihuaniton	kot͡ʃiwaniton	KOSIWANITON	wiktionary_cat	-	-
cochitzapotl	kot͡ʃit͡sapot͡ɬ	KOSISAPOT	wiktionary_cat	-	-
cochiuanito	kot͡ʃiuanito	KOSIUANITO	wiktionary_cat	-	-
cochiuaniton	kot͡ʃiuaniton	KOSIUANITON	wiktionary_cat	-	-
cochome	kot͡ʃome	KOSOME	wiktionary_cat	-	-
cocohtli	kokoht͡ɬi	KOKOHTI	wiktionary_cat	-	-
cocohton	kokohton	KOKOHTON	wiktionary_cat	-	-
cocohua	kokowa	KOKOWA	wiktionary_cat	-	-
cocolin	kokolin	KOKOLIN	wiktionary_cat	-	-
cocone	kokone	KOKONE	wiktionary_cat	-	-
coconeyotl	kokoneyot͡ɬ	KOKONEUOT	wiktionary_cat	-	-
cocotli	kokot͡ɬi	KOKOTI	wiktionary_cat	-	-
cocoto	kokoto	KOKOTO	wiktionary_cat	-	-
cocoxcalli	kokoʃkali	KOKOSKALI	wiktionary_cat	-	-
cocoya	kokoya	KOKOUA	wiktionary_cat	-	-
cohuatl	kowat͡ɬ	KOWAT	wiktionary_cat	-	-
coiotl	koiot͡ɬ	KOIOT	wiktionary_cat	-	-
colelectli	kolelekt͡ɬi	KOLELEKTI	wiktionary_cat	-	-
colelehtli	koleleht͡ɬi	KOLELEHTI	wiktionary_cat	-	-
coleletli	kolelet͡ɬi	KOLELETI	wiktionary_cat	-	-
Colhuahcan	Colwahkan	0OLWAHKAN	wiktionary_cat	-	-
Comalcalco	Comalkalko	0OMALKALKO	wiktionary_cat	-	-
comaltlilli	komalt͡ɬili	KOMALTILI	wiktionary_cat	-	-
comitl	komit͡ɬ	KOMIT	wiktionary_cat	-	-
comoni	komoni	KOMONI	wiktionary_cat	-	-
coneepatl	koneepat͡ɬ	KONEEPAT	wiktionary_cat	-	-
conetl	konet͡ɬ	KONET	wiktionary_cat	-	-
conetontli	konetont͡ɬi	KONETONTI	wiktionary_cat	-	-
conetzintli	konet͡sint͡ɬi	KONESINTI	wiktionary_cat	-	-
confites	konfites	KONPITES	wiktionary_cat	-	-
confites chihua	konfites t͡ʃiwa	KONPITESSIWA	wiktionary_cat	-	-
confites chiuhqui	konfites t͡ʃiwki	KONPITESSIWKI	wiktionary_cat	-	-
contradeciroa	kontradekiroa	KONTRADEKIROA	wiktionary_cat	-	-
copalcuahuitl	kopalkʷawit͡ɬ	KOPALKAWIT	wiktionary_cat	-	-
copalli	kopali	KOPALI	wiktionary_cat	-	-
copichtic	kopit͡ʃtik	KOPISTIK	wiktionary_cat	-	-
copilli	kopili	KOPILI	wiktionary_cat	-	-
copitl	kopit͡ɬ	KOPIT	wiktionary_cat	-	-
corregidoryotl	korregidoryot͡ɬ	KORREGIDORUOT	wiktionary_cat	-	-
cotaloliztli	kotalolist͡ɬi	KOTALOLISTI	wiktionary_cat	-	-
cotzahui	kot͡sawi	KOSAWI	wiktionary_cat	-	-
cotztli	kot͡st͡ɬi	KOSTI	wiktionary_cat	-	-
couatetl	kouatet͡ɬ	KOUATET	wiktionary_cat	-	-
couatl	kouat͡ɬ	KOUAT	wiktionary_cat	-	-
coxolihtli	koʃoliht͡ɬi	KOSOLIHTI	wiktionary_cat	-	-
coxolitli	koʃolit͡ɬi	KOSOLITI	wiktionary_cat	-	-
coyame calli	koyame kali	KOUAMEKALI	wiktionary_cat	-	-
coyame chiyauacayotl	koyame t͡ʃiyauakayot͡ɬ	KOUAMESIUAUAKAUOT	wiktionary_cat	-	-
coyamecalli	koyamekali	KOUAMEKALI	wiktionary_cat	-	-
coyamechiyahuacayotl	koyamet͡ʃiyawakayot͡ɬ	KOUAMESIUAWAKAUOT	wiktionary_cat	-	-
coyamechiyauacayotl	koyamet͡ʃiyauakayot͡ɬ	KOUAMESIUAUAKAUOT	wiktionary_cat	-	-
coyameconetl	koyamekonet͡ɬ	KOUAMEKONET	wiktionary_cat	-	-
coyameme	koyameme	KOUAMEME	wiktionary_cat	-	-
coyametepiton	koyametepiton	KOUAMETEPITON	wiktionary_cat	-	-
coyametepitõ	koyametepitõ	KOUAMETEPITO	wiktionary_cat	-	-
coyametl	koyamet͡ɬ	KOUAMET	wiktionary_cat	-	-
coyametontli	koyametont͡ɬi	KOUAMETONTI	wiktionary_cat	-	-
coyolacatl	koyolakat͡ɬ	KOUOLAKAT	wiktionary_cat	-	-
coyonehnemi	koyonehnemi	KOUONEHNEMI	wiktionary_cat	-	-
coyonenemi	koyonenemi	KOUONENEMI	wiktionary_cat	-	-
coyoni	koyoni	KOUONI	wiktionary_cat	-	-
coyopil	koyopil	KOUOPIL	wiktionary_cat	-	-
coyotontli	koyotont͡ɬi	KOUOTONTI	wiktionary_cat	-	-
coyulacatl	koyulakat͡ɬ	KOUULAKAT	wiktionary_cat	-	-
coyulli	koyuli	KOUULI	wiktionary_cat	-	-
cozahtli	kosaht͡ɬi	KOSAHTI	wiktionary_cat	-	-
cozamalotl	kosamalot͡ɬ	KOSAMALOT	wiktionary_cat	-	-
cozamatl	kosamat͡ɬ	KOSAMAT	wiktionary_cat	-	-
cozauhqui	kosawki	KOSAWKI	wiktionary_cat	-	-
cozcacuauhtli	koskakʷawt͡ɬi	KOSKAKAWTI	wiktionary_cat	-	-
cozcaquauhtli	koskakawt͡ɬi	KOSKAKAWTI	wiktionary_cat	-	-
cozcatl	koskat͡ɬ	KOSKAT	wiktionary_cat	-	-
Cozcatlan	Coskat͡ɬan	0OSKATAN	wiktionary_cat	-	-
cozehuatl	kosewat͡ɬ	KOSEWAT	wiktionary_cat	-	-
coztic	kostik	KOSTIK	wiktionary_cat	-	-
coztic teocuitlatl	kostik teokʷit͡ɬat͡ɬ	KOSTIKTEOKITAT	wiktionary_cat	-	-
coztic teocuitlatomin	kostik teokʷit͡ɬatomin	KOSTIKTEOKITATOMIN	wiktionary_cat	-	-
coçamalotl	koçamalot͡ɬ	KOAMALOT	wiktionary_cat	-	-
cuachcalli	kʷat͡ʃkali	KASKALI	wiktionary_cat	-	-
cuachicpalli	kʷat͡ʃikpali	KASIKPALI	wiktionary_cat	-	-
cuachihchil	kʷat͡ʃiht͡ʃil	KASIHSIL	wiktionary_cat	-	-
cuacuahueh	kʷakʷaweh	KAKAWEH	wiktionary_cat	-	-
cuacuauhxolotl	kʷakʷawʃolot͡ɬ	KAKAWSOLOT	wiktionary_cat	-	-
cuahcuauhtlah	kʷahkʷawt͡ɬah	KAHKAWTAH	wiktionary_cat	-	-
cuahuitl	kʷawit͡ɬ	KAWIT	wiktionary_cat	-	-
cuahuiztetl	kʷawistet͡ɬ	KAWISTET	wiktionary_cat	-	-
cuahuiztitl	kʷawistit͡ɬ	KAWISTIT	wiktionary_cat	-	-
cualli	kʷali	KALI	wiktionary_cat	-	-
cualnemiliztli	kʷalnemilist͡ɬi	KALNEMILISTI	wiktionary_cat	-	-
cuamatlatl	kʷamat͡ɬat͡ɬ	KAMATAT	wiktionary_cat	-	-
cuamiztin	kʷamistin	KAMISTIN	wiktionary_cat	-	-
cuamiztli	kʷamist͡ɬi	KAMISTI	wiktionary_cat	-	-
cuammaitl	kʷammait͡ɬ	KAMMAIT	wiktionary_cat	-	-
cuammimiltontli	kʷammimiltont͡ɬi	KAMMIMILTONTI	wiktionary_cat	-	-
cuammitl	kʷammit͡ɬ	KAMMIT	wiktionary_cat	-	-
cuammiztli	kʷammist͡ɬi	KAMMISTI	wiktionary_cat	-	-
cuanacatl	kʷanakat͡ɬ	KANAKAT	wiktionary_cat	-	-
cuappantontli	kʷappantont͡ɬi	KAPPANTONTI	wiktionary_cat	-	-
cuappatolli	kʷappatoli	KAPPATOLI	wiktionary_cat	-	-
cuatopilli	kʷatopili	KATOPILI	wiktionary_cat	-	-
cuauhcalli	kʷawkali	KAWKALI	wiktionary_cat	-	-
cuauhcaltepiton	kʷawkaltepiton	KAWKALTEPITON	wiktionary_cat	-	-
cuauhcaltontli	kʷawkaltont͡ɬi	KAWKALTONTI	wiktionary_cat	-	-
cuauhchimal	kʷawt͡ʃimal	KAWSIMAL	wiktionary_cat	-	-
cuauhchimalli	kʷawt͡ʃimali	KAWSIMALI	wiktionary_cat	-	-
cuauhchiquihuitl	kʷawt͡ʃikiwit͡ɬ	KAWSIKIWIT	wiktionary_cat	-	-
cuauhcoconetl	kʷawkokonet͡ɬ	KAWKOKONET	wiktionary_cat	-	-
cuauhcomitl	kʷawkomit͡ɬ	KAWKOMIT	wiktionary_cat	-	-
cuauhconetl	kʷawkonet͡ɬ	KAWKONET	wiktionary_cat	-	-
cuauhcuetzpalin	kʷawkʷet͡spalin	KAWKESPALIN	wiktionary_cat	-	-
cuauhehuatl	kʷawewat͡ɬ	KAWEWAT	wiktionary_cat	-	-
cuauhhuatzalli	kʷawwat͡sali	KAWWASALI	wiktionary_cat	-	-
cuauhhuatzaltontli	kʷawwat͡saltont͡ɬi	KAWWASALTONTI	wiktionary_cat	-	-
cuauhicpalli	kʷawikpali	KAWIKPALI	wiktionary_cat	-	-
cuauhitzcuintli	kʷawit͡skʷint͡ɬi	KAWISKINTI	wiktionary_cat	-	-
cuauhizhuatl	kʷawiswat͡ɬ	KAWISWAT	wiktionary_cat	-	-
cuauhmaitl	kʷawmait͡ɬ	KAWMAIT	wiktionary_cat	-	-
cuauhnanacatl	kʷawnanakat͡ɬ	KAWNANAKAT	wiktionary_cat	-	-
cuauhnexatl	kʷawneʃat͡ɬ	KAWNESAT	wiktionary_cat	-	-
cuauhocuilin	kʷawokʷilin	KAWOKILIN	wiktionary_cat	-	-
cuauhpatolli	kʷawpatoli	KAWPATOLI	wiktionary_cat	-	-
cuauhpilli	kʷawpili	KAWPILI	wiktionary_cat	-	-
cuauhtatala	kʷawtatala	KAWTATALA	wiktionary_cat	-	-
cuauhtequi	kʷawteki	KAWTEKI	wiktionary_cat	-	-
cuauhtetl	kʷawtet͡ɬ	KAWTET	wiktionary_cat	-	-
Cuauhtitlan	Cuawtit͡ɬan	0UAWTITAN	wiktionary_cat	-	-
cuauhtla	kʷawt͡ɬa	KAWTA	wiktionary_cat	-	-
cuauhtlah	kʷawt͡ɬah	KAWTAH	wiktionary_cat	-	-
Cuauhtlah	Cuawt͡ɬah	0UAWTAH	wiktionary_cat	-	-
Cuauhtlahtoatzin	Cuawt͡ɬahtoat͡sin	0UAWTAHTOASIN	wiktionary_cat	-	-
cuauhtlatilli	kʷawt͡ɬatili	KAWTATILI	wiktionary_cat	-	-
cuauhtli	kʷawt͡ɬi	KAWTI	wiktionary_cat	-	-
cuauhtontli	kʷawtont͡ɬi	KAWTONTI	wiktionary_cat	-	-
cuauhtopilli	kʷawtopili	KAWTOPILI	wiktionary_cat	-	-
cuauhxicalli	kʷawʃikali	KAWSIKALI	wiktionary_cat	-	-
cuauhyotl	kʷawyot͡ɬ	KAWUOT	wiktionary_cat	-	-
cuaxochtli	kʷaʃot͡ʃt͡ɬi	KASOSTI	wiktionary_cat	-	-
Cuba	Cuba	0UBA	wiktionary_cat	-	-
cucuxqui	kʷkʷʃki	KKSKI	wiktionary_cat	-	-
cuecuechmictia	kʷekʷet͡ʃmiktia	KEKESMIKTIA	wiktionary_cat	-	-
cueiatl	kʷeiat͡ɬ	KEIAT	wiktionary_cat	-	-
cueitl	kʷeit͡ɬ	KEIT	wiktionary_cat	-	-
cuepcayotl	kʷepkayot͡ɬ	KEPKAUOT	wiktionary_cat	-	-
Cuetlaxcoapan	Cuet͡ɬaʃkoapan	0UETASKOAPAN	wiktionary_cat	-	-
cuetlaxochitl	kʷet͡ɬaʃot͡ʃit͡ɬ	KETASOSIT	wiktionary_cat	-	-
cuetlaxtli	kʷet͡ɬaʃt͡ɬi	KETASTI	wiktionary_cat	-	-
cuetlāchtli	kʷet͡ɬaːt͡ʃt͡ɬi	KETASTI	wiktionary_cat	-	-
cuetzpalin	kʷet͡spalin	KESPALIN	wiktionary_cat	-	-
cuexcochtli	kʷeʃkot͡ʃt͡ɬi	KESKOSTI	wiktionary_cat	-	-
Cuextecapan	Cueʃtekapan	0UESTEKAPAN	wiktionary_cat	-	-
cueyamolli	kʷeyamoli	KEUAMOLI	wiktionary_cat	-	-
cueyamulli	kʷeyamuli	KEUAMULI	wiktionary_cat	-	-
cueyatl	kʷeyat͡ɬ	KEUAT	wiktionary_cat	-	-
cuezcomatl	kʷeskomat͡ɬ	KESKOMAT	wiktionary_cat	-	-
cui	kʷi	KI	wiktionary_cat	-	-
cuica amatl	kʷika amat͡ɬ	KIKAAMAT	wiktionary_cat	-	-
cuicaamatl	kʷikaamat͡ɬ	KIKAAMAT	wiktionary_cat	-	-
cuicanitototl	kʷikanitotot͡ɬ	KIKANITOTOT	wiktionary_cat	-	-
cuicatl	kʷikat͡ɬ	KIKAT	wiktionary_cat	-	-
cuichcho	kʷit͡ʃt͡ʃo	KISSO	wiktionary_cat	-	-
cuichchoh	kʷit͡ʃt͡ʃoh	KISSOH	wiktionary_cat	-	-
cuicho	kʷit͡ʃo	KISO	wiktionary_cat	-	-
cuicuicanito	kʷikʷikanito	KIKIKANITO	wiktionary_cat	-	-
cuicuicaniton	kʷikʷikaniton	KIKIKANITON	wiktionary_cat	-	-
cuicuitlayo	kʷikʷit͡ɬayo	KIKITAUO	wiktionary_cat	-	-
cuicuitlayoh	kʷikʷit͡ɬayoh	KIKITAUOH	wiktionary_cat	-	-
cuiiatl	kʷiiat͡ɬ	KIIAT	wiktionary_cat	-	-
cuiloni	kʷiloni	KILONI	wiktionary_cat	-	-
cuilontli	kʷilont͡ɬi	KILONTI	wiktionary_cat	-	-
cuilonyotl	kʷilonyot͡ɬ	KILONUOT	wiktionary_cat	-	-
cuitlacochin	kʷit͡ɬakot͡ʃin	KITAKOSIN	wiktionary_cat	-	-
cuitlapilli ahtlapalli	kʷit͡ɬapili aht͡ɬapali	KITAPILIAHTAPALI	wiktionary_cat	-	-
cuitlatlotli	kʷit͡ɬat͡ɬot͡ɬi	KITATOTI	wiktionary_cat	-	-
cuitlayo	kʷit͡ɬayo	KITAUO	wiktionary_cat	-	-
cuitlayoh	kʷit͡ɬayoh	KITAUOH	wiktionary_cat	-	-
cuixin	kʷiʃin	KISIN	wiktionary_cat	-	-
cuiyatl	kʷiyat͡ɬ	KIUAT	wiktionary_cat	-	-
cuyutl	kʷyut͡ɬ	KUUT	wiktionary_cat	-	-
cuzcaquauhtli	kʷskakawt͡ɬi	KSKAKAWTI	wiktionary_cat	-	-
cuā	kʷaː	KA	wiktionary_cat	-	-
cuīcuītzcatl	kʷiːkʷiːt͡skat͡ɬ	KIKISKAT	wiktionary_cat	-	-
cītlalli	kiːt͡ɬali	KITALI	wiktionary_cat	-	-
diezmo	diesmo	DIESMO	wiktionary_cat	-	-
Dios	Dios	0IOS	wiktionary_cat	-	-
Dios Spiritu Santo	Dios Spiritu Santo	0IOS0PIRITU0ANTO	wiktionary_cat	-	-
Dios Tepiltzin	Dios Tepilt͡sin	0IOS0EPILSIN	wiktionary_cat	-	-
Dios Tetahtzin	Dios Tetaht͡sin	0IOS0ETAHSIN	wiktionary_cat	-	-
discipulo	diskipulo	DISKIPULO	wiktionary_cat	-	-
ecamecatl	ekamekat͡ɬ	EKAMEKAT	wiktionary_cat	-	-
ecapaquauhtla	ekapakawt͡ɬa	EKAPAKAWTA	wiktionary_cat	-	-
ecapatli	ekapat͡ɬi	EKAPATI	wiktionary_cat	-	-
eecatl	eekat͡ɬ	EEKAT	wiktionary_cat	-	-
eecayo	eekayo	EEKAUO	wiktionary_cat	-	-
eecayo quiyauitl	eekayo kiyauit͡ɬ	EEKAUOKIUAUIT	wiktionary_cat	-	-
eezço	eesço	EESO	wiktionary_cat	-	-
eeço	eeço	EEO	wiktionary_cat	-	-
Egipto	Egipto	0GIPTO	wiktionary_cat	-	-
-eh	-eh	EH	wiktionary_cat	-	-
ehcamecatl	ehkamekat͡ɬ	EHKAMEKAT	wiktionary_cat	-	-
ehcapahcuauhtlah	ehkapahkʷawt͡ɬah	EHKAPAHKAWTAH	wiktionary_cat	-	-
ehcapahtli	ehkapaht͡ɬi	EHKAPAHTI	wiktionary_cat	-	-
ehcaxoctli	ehkaʃokt͡ɬi	EHKASOKTI	wiktionary_cat	-	-
Ehecatepec	Ehekatepek	0HEKATEPEK	wiktionary_cat	-	-
ehecatl	ehekat͡ɬ	EHEKAT	wiktionary_cat	-	-
ehecatocatl	ehekatokat͡ɬ	EHEKATOKAT	wiktionary_cat	-	-
ehecayo	ehekayo	EHEKAUO	wiktionary_cat	-	-
ehecayo quiauitl	ehekayo kiauit͡ɬ	EHEKAUOKIAUIT	wiktionary_cat	-	-
ehecayoh	ehekayoh	EHEKAUOH	wiktionary_cat	-	-
ehecayoh quiyahuitl	ehekayoh kiyawit͡ɬ	EHEKAUOHKIUAWIT	wiktionary_cat	-	-
ehehcatl	ehehkat͡ɬ	EHEHKAT	wiktionary_cat	-	-
ehezzoh	ehessoh	EHESSOH	wiktionary_cat	-	-
ehua	ewa	EWA	wiktionary_cat	-	-
ehuaamatl	ewaamat͡ɬ	EWAAMAT	wiktionary_cat	-	-
ehuatlapitzalli	ewat͡ɬapit͡sali	EWATAPISALI	wiktionary_cat	-	-
ei	ei	EI	wiktionary_cat	-	-
eilhuitl	eilwit͡ɬ	EILWIT	wiktionary_cat	-	-
eilvitl	eilvit͡ɬ	EILBIT	wiktionary_cat	-	-
elefante	elefante	ELEPANTE	wiktionary_cat	-	-
elli	eli	ELI	wiktionary_cat	-	-
ellotl	elot͡ɬ	ELOT	wiktionary_cat	-	-
elmatlatl	elmat͡ɬat͡ɬ	ELMATAT	wiktionary_cat	-	-
elozacatl	elosakat͡ɬ	ELOSAKAT	wiktionary_cat	-	-
eloçacatl	eloçakat͡ɬ	ELOAKAT	wiktionary_cat	-	-
emilla	emila	EMILA	wiktionary_cat	-	-
emillah	emilah	EMILAH	wiktionary_cat	-	-
emilli	emili	EMILI	wiktionary_cat	-	-
emolli	emoli	EMOLI	wiktionary_cat	-	-
emulli	emuli	EMULI	wiktionary_cat	-	-
epahuaxmolli	epawaʃmoli	EPAWASMOLI	wiktionary_cat	-	-
epahuaxtli	epawaʃt͡ɬi	EPAWASTI	wiktionary_cat	-	-
epauaxmulli	epauaʃmuli	EPAUASMULI	wiktionary_cat	-	-
epauaxtli	epauaʃt͡ɬi	EPAUASTI	wiktionary_cat	-	-
epazotl	epasot͡ɬ	EPASOT	wiktionary_cat	-	-
epaçotl	epaçot͡ɬ	EPAOT	wiktionary_cat	-	-
eptapalcatl	eptapalkat͡ɬ	EPTAPALKAT	wiktionary_cat	-	-
eptli	ept͡ɬi	EPTI	wiktionary_cat	-	-
epyollohtli	epyoloht͡ɬi	EPUOLOHTI	wiktionary_cat	-	-
epyollotli	epyolot͡ɬi	EPUOLOTI	wiktionary_cat	-	-
etamalli	etamali	ETAMALI	wiktionary_cat	-	-
etextli	eteʃt͡ɬi	ETESTI	wiktionary_cat	-	-
etiliztli	etilist͡ɬi	ETILISTI	wiktionary_cat	-	-
etl	et͡ɬ	ET	wiktionary_cat	-	-
etla	et͡ɬa	ETA	wiktionary_cat	-	-
etlah	et͡ɬah	ETAH	wiktionary_cat	-	-
etzalcualiztli	et͡salkʷalist͡ɬi	ESALKALISTI	wiktionary_cat	-	-
etzatl	et͡sat͡ɬ	ESAT	wiktionary_cat	-	-
eua amatl	eua amat͡ɬ	EUAAMAT	wiktionary_cat	-	-
excan	eʃkan	ESKAN	wiktionary_cat	-	-
exotl	eʃot͡ɬ	ESOT	wiktionary_cat	-	-
eyi	eyi	EUI	wiktionary_cat	-	-
eyilhuitl	eyilwit͡ɬ	EUILWIT	wiktionary_cat	-	-
eyluitl	eyluit͡ɬ	EULUIT	wiktionary_cat	-	-
ezcohtli	eskoht͡ɬi	ESKOHTI	wiktionary_cat	-	-
eztli	est͡ɬi	ESTI	wiktionary_cat	-	-
eztli tlapalli	est͡ɬi t͡ɬapali	ESTITAPALI	wiktionary_cat	-	-
ezyoh	esyoh	ESUOH	wiktionary_cat	-	-
eço	eço	EO	wiktionary_cat	-	-
Filipinas	Filipinas	0ILIPINAS	wiktionary_cat	-	-
firma	firma	PIRMA	wiktionary_cat	-	-
gadana	gadana	GADANA	wiktionary_cat	-	-
granadaxocotl	granadaʃokot͡ɬ	GRANADASOKOT	wiktionary_cat	-	-
Guadalupe	Guadalupe	0UADALUPE	wiktionary_cat	-	-
-h	-h	H	wiktionary_cat	-	-
ha ha ha	ha ha ha	HAHAHA	wiktionary_cat	-	-
hamoli	hamoli	HAMOLI	wiktionary_cat	-	-
he	he	HE	wiktionary_cat	-	-
hecamecatl	hekamekat͡ɬ	HEKAMEKAT	wiktionary_cat	-	-
hi hi hi	hi hi hi	HIHIHI	wiktionary_cat	-	-
hicox	hikoʃ	HIKOS	wiktionary_cat	-	-
hicoxcuahuitl	hikoʃkʷawit͡ɬ	HIKOSKAWIT	wiktionary_cat	-	-
hicoxcuauhtlah	hikoʃkʷawt͡ɬah	HIKOSKAWTAH	wiktionary_cat	-	-
hicoxquauhtla	hikoʃkawt͡ɬa	HIKOSKAWTA	wiktionary_cat	-	-
hicoxquauitl	hikoʃkauit͡ɬ	HIKOSKAUIT	wiktionary_cat	-	-
hitacatl	hitakat͡ɬ	HITAKAT	wiktionary_cat	-	-
hitetl	hitet͡ɬ	HITET	wiktionary_cat	-	-
hititl	hitit͡ɬ	HITIT	wiktionary_cat	-	-
ho ho ho	ho ho ho	HOHOHO	wiktionary_cat	-	-
home	home	HOME	wiktionary_cat	-	-
huacalxochitl	wakalʃot͡ʃit͡ɬ	WAKALSOSIT	wiktionary_cat	-	-
huacax	wakaʃ	WAKAS	wiktionary_cat	-	-
-huah	-wah	WAH	wiktionary_cat	-	-
-huahqueh	-wahkeh	WAHKEH	wiktionary_cat	-	-
hualla	wala	WALA	wiktionary_cat	-	-
-huan	-wan	WAN	wiktionary_cat	-	-
huaqui	waki	WAKI	wiktionary_cat	-	-
huauhquiltamalli	wawkiltamali	WAWKILTAMALI	wiktionary_cat	-	-
huehue	wewe	WEWE	wiktionary_cat	-	-
huehueh	weweh	WEWEH	wiktionary_cat	-	-
huehuehpil	wewehpil	WEWEHPIL	wiktionary_cat	-	-
huehuehpol	wewehpol	WEWEHPOL	wiktionary_cat	-	-
huehuenton	wewenton	WEWENTON	wiktionary_cat	-	-
huehuetcatontli	wewetkatont͡ɬi	WEWETKATONTI	wiktionary_cat	-	-
huehueyipol	weweyipol	WEWEUIPOL	wiktionary_cat	-	-
huehxolotl	wehʃolot͡ɬ	WEHSOLOT	wiktionary_cat	-	-
huei	wei	WEI	wiktionary_cat	-	-
huei zahuatl	wei sawat͡ɬ	WEISAWAT	wiktionary_cat	-	-
huei çahuatl	wei çawat͡ɬ	WEIAWAT	wiktionary_cat	-	-
huelic	welik	WELIK	wiktionary_cat	-	-
huemmanaliztli	wemmanalist͡ɬi	WEMMANALISTI	wiktionary_cat	-	-
huentli	went͡ɬi	WENTI	wiktionary_cat	-	-
huentzintli	went͡sint͡ɬi	WENSINTI	wiktionary_cat	-	-
huetzca	wet͡ska	WESKA	wiktionary_cat	-	-
huetzi	wet͡si	WESI	wiktionary_cat	-	-
huexotlah	weʃot͡ɬah	WESOTAH	wiktionary_cat	-	-
Huexotlah	Hueʃot͡ɬah	HUESOTAH	wiktionary_cat	-	-
huey	wey	WEU	wiktionary_cat	-	-
hueyatl	weyat͡ɬ	WEUAT	wiktionary_cat	-	-
hueyi	weyi	WEUI	wiktionary_cat	-	-
hueyi acueyotl	weyi akʷeyot͡ɬ	WEUIAKEUOT	wiktionary_cat	-	-
hueyi aehecatl	weyi aehekat͡ɬ	WEUIAEHEKAT	wiktionary_cat	-	-
hueyi altepetl	weyi altepet͡ɬ	WEUIALTEPET	wiktionary_cat	-	-
hueyi analli	weyi anali	WEUIANALI	wiktionary_cat	-	-
hueyi atentli	weyi atent͡ɬi	WEUIATENTI	wiktionary_cat	-	-
hueyi atezcatl	weyi ateskat͡ɬ	WEUIATESKAT	wiktionary_cat	-	-
hueyi atl	weyi at͡ɬ	WEUIAT	wiktionary_cat	-	-
hueyi Caxtillan xonacatl	weyi Caʃtilan ʃonakat͡ɬ	WEUI0ASTILANSONAKAT	wiktionary_cat	-	-
hueyi cihuapilli	weyi kiwapili	WEUIKIWAPILI	wiktionary_cat	-	-
hueyi cihuatlahtoani	weyi kiwat͡ɬahtoani	WEUIKIWATAHTOANI	wiktionary_cat	-	-
hueyi citlalin	weyi kit͡ɬalin	WEUIKITALIN	wiktionary_cat	-	-
hueyi ehecatl	weyi ehekat͡ɬ	WEUIEHEKAT	wiktionary_cat	-	-
hueyi mahpilli	weyi mahpili	WEUIMAHPILI	wiktionary_cat	-	-
hueyi michchiyahuacayotl	weyi mit͡ʃt͡ʃiyawakayot͡ɬ	WEUIMISSIUAWAKAUOT	wiktionary_cat	-	-
hueyi tecpan	weyi tekpan	WEUITEKPAN	wiktionary_cat	-	-
hueyi tecuilhuitl	weyi tekʷilwit͡ɬ	WEUITEKILWIT	wiktionary_cat	-	-
hueyi teopixcatitlantli	weyi teopiʃkatit͡ɬant͡ɬi	WEUITEOPISKATITANTI	wiktionary_cat	-	-
hueyi teopixcatlahtoani	weyi teopiʃkat͡ɬahtoani	WEUITEOPISKATAHTOANI	wiktionary_cat	-	-
hueyi teopixcatlahtohcayotl	weyi teopiʃkat͡ɬahtohkayot͡ɬ	WEUITEOPISKATAHTOHKAUOT	wiktionary_cat	-	-
hueyi tlahtoani	weyi t͡ɬahtoani	WEUITAHTOANI	wiktionary_cat	-	-
hueyi tlohtli	weyi t͡ɬoht͡ɬi	WEUITOHTI	wiktionary_cat	-	-
hueyi tozoztli	weyi tosost͡ɬi	WEUITOSOSTI	wiktionary_cat	-	-
hueyicayotl	weyikayot͡ɬ	WEUIKAUOT	wiktionary_cat	-	-
Hueyipochtlan	Hueyipot͡ʃt͡ɬan	HUEUIPOSTAN	wiktionary_cat	-	-
-huia	-wia	WIA	wiktionary_cat	-	-
huicatz	wikat͡s	WIKAS	wiktionary_cat	-	-
huicoltepiton	wikoltepiton	WIKOLTEPITON	wiktionary_cat	-	-
huicoltontli	wikoltont͡ɬi	WIKOLTONTI	wiktionary_cat	-	-
huicoltzintli	wikolt͡sint͡ɬi	WIKOLSINTI	wiktionary_cat	-	-
huictli	wikt͡ɬi	WIKTI	wiktionary_cat	-	-
huilocalli	wilokali	WILOKALI	wiktionary_cat	-	-
huiloconetl	wilokonet͡ɬ	WILOKONET	wiktionary_cat	-	-
huilopiltontli	wilopiltont͡ɬi	WILOPILTONTI	wiktionary_cat	-	-
huitz	wit͡s	WIS	wiktionary_cat	-	-
huitzilli	wit͡sili	WISILI	wiktionary_cat	-	-
huitzilopochcah	wit͡silopot͡ʃkah	WISILOPOSKAH	wiktionary_cat	-	-
Huitzilopochco	Huit͡silopot͡ʃko	HUISILOPOSKO	wiktionary_cat	-	-
Huitzilopochtli	Huit͡silopot͡ʃt͡ɬi	HUISILOPOSTI	wiktionary_cat	-	-
huitzilopochtli	wit͡silopot͡ʃt͡ɬi	WISILOPOSTI	wiktionary_cat	-	-
huitzitzilepyollohtli	wit͡sit͡silepyoloht͡ɬi	WISISILEPUOLOHTI	wiktionary_cat	-	-
huitzitzilin	wit͡sit͡silin	WISISILIN	wiktionary_cat	-	-
huitzitzilnahualeh	wit͡sit͡silnawaleh	WISISILNAWALEH	wiktionary_cat	-	-
huitzitzilnahualli	wit͡sit͡silnawali	WISISILNAWALI	wiktionary_cat	-	-
huitznahuac	wit͡snawak	WISNAWAK	wiktionary_cat	-	-
huitzotl	wit͡sot͡ɬ	WISOT	wiktionary_cat	-	-
huitzquilli	wit͡skili	WISKILI	wiktionary_cat	-	-
huitzquiltzontecomatl	wit͡skilt͡sontekomat͡ɬ	WISKILSONTEKOMAT	wiktionary_cat	-	-
huixachin	wiʃat͡ʃin	WISASIN	wiktionary_cat	-	-
huixtohcihuatl	wiʃtohkiwat͡ɬ	WISTOHKIWAT	wiktionary_cat	-	-
huizacotl	wisakot͡ɬ	WISAKOT	wiktionary_cat	-	-
huēhuê	weːwê	WEW	wiktionary_cat	-	-
i-	i-	I	wiktionary_cat	-	-
iautl	iaut͡ɬ	IAUT	wiktionary_cat	-	-
ic ce	ik ke	IKKE	wiktionary_cat	-	-
ic ce metztli in cexihuitl	ik ke met͡st͡ɬi in keʃiwit͡ɬ	IKKEMESTIINKESIWIT	wiktionary_cat	-	-
ic chicome	ik t͡ʃikome	IKSIKOME	wiktionary_cat	-	-
ic chicuace	ik t͡ʃikʷake	IKSIKAKE	wiktionary_cat	-	-
ic chicueyi	ik t͡ʃikʷeyi	IKSIKEUI	wiktionary_cat	-	-
ic chicueyi metztli in cexihuitl	ik t͡ʃikʷeyi met͡st͡ɬi in keʃiwit͡ɬ	IKSIKEUIMESTIINKESIWIT	wiktionary_cat	-	-
ic chiucnahui	ik t͡ʃiuknawi	IKSIUKNAWI	wiktionary_cat	-	-
ic eyi	ik eyi	IKEUI	wiktionary_cat	-	-
ic eyi metztli in cexihuitl	ik eyi met͡st͡ɬi in keʃiwit͡ɬ	IKEUIMESTIINKESIWIT	wiktionary_cat	-	-
ic eyilhuitl semana	ik eyilwit͡ɬ semana	IKEUILWITSEMANA	wiktionary_cat	-	-
ic macuilli	ik makʷili	IKMAKILI	wiktionary_cat	-	-
ic macuilli metztli in cexihuitl	ik makʷili met͡st͡ɬi in keʃiwit͡ɬ	IKMAKILIMESTIINKESIWIT	wiktionary_cat	-	-
ic nahui	ik nawi	IKNAWI	wiktionary_cat	-	-
ic nahuilhuitl semana	ik nawilwit͡ɬ semana	IKNAWILWITSEMANA	wiktionary_cat	-	-
ic ome	ik ome	IKOME	wiktionary_cat	-	-
ic omilhuitl semana	ik omilwit͡ɬ semana	IKOMILWITSEMANA	wiktionary_cat	-	-
ichcacalli	it͡ʃkakali	ISKAKALI	wiktionary_cat	-	-
ichcaconetl	it͡ʃkakonet͡ɬ	ISKAKONET	wiktionary_cat	-	-
ichcaehuatl	it͡ʃkaewat͡ɬ	ISKAEWAT	wiktionary_cat	-	-
ichcahuipilli	it͡ʃkawipili	ISKAWIPILI	wiktionary_cat	-	-
ichcatilmahtli	it͡ʃkatilmaht͡ɬi	ISKATILMAHTI	wiktionary_cat	-	-
ichcatilmatli	it͡ʃkatilmat͡ɬi	ISKATILMATI	wiktionary_cat	-	-
ichcatl	it͡ʃkat͡ɬ	ISKAT	wiktionary_cat	-	-
ichcueitl	it͡ʃkʷeit͡ɬ	ISKEIT	wiktionary_cat	-	-
ichpochpiltontli	it͡ʃpot͡ʃpiltont͡ɬi	ISPOSPILTONTI	wiktionary_cat	-	-
ichpochtepiton	it͡ʃpot͡ʃtepiton	ISPOSTEPITON	wiktionary_cat	-	-
ichpochtli	it͡ʃpot͡ʃt͡ɬi	ISPOSTI	wiktionary_cat	-	-
ichpochtontli	it͡ʃpot͡ʃtont͡ɬi	ISPOSTONTI	wiktionary_cat	-	-
ichpochtotolin	it͡ʃpot͡ʃtotolin	ISPOSTOTOLIN	wiktionary_cat	-	-
ichpochtzintli	it͡ʃpot͡ʃt͡sint͡ɬi	ISPOSSINTI	wiktionary_cat	-	-
ichtli	it͡ʃt͡ɬi	ISTI	wiktionary_cat	-	-
icihui	ikiwi	IKIWI	wiktionary_cat	-	-
iciuh	ikiw	IKIW	wiktionary_cat	-	-
icniuhtli	ikniwt͡ɬi	IKNIWTI	wiktionary_cat	-	-
icno oquichotl	ikno okit͡ʃot͡ɬ	IKNOOKISOT	wiktionary_cat	-	-
icno oquichtli	ikno okit͡ʃt͡ɬi	IKNOOKISTI	wiktionary_cat	-	-
icnocihuatl	iknokiwat͡ɬ	IKNOKIWAT	wiktionary_cat	-	-
icnocihuayotl	iknokiwayot͡ɬ	IKNOKIWAUOT	wiktionary_cat	-	-
icnociuatl	iknokiuat͡ɬ	IKNOKIUAT	wiktionary_cat	-	-
icnociuayotl	iknokiuayot͡ɬ	IKNOKIUAUOT	wiktionary_cat	-	-
icnomacehualli	iknomakewali	IKNOMAKEWALI	wiktionary_cat	-	-
icnooquichchotl	iknookit͡ʃt͡ʃot͡ɬ	IKNOOKISSOT	wiktionary_cat	-	-
icnooquichtli	iknookit͡ʃt͡ɬi	IKNOOKISTI	wiktionary_cat	-	-
icnopilcalli	iknopilkali	IKNOPILKALI	wiktionary_cat	-	-
icnotlacatl	iknot͡ɬakat͡ɬ	IKNOTAKAT	wiktionary_cat	-	-
icnotlacayotl	iknot͡ɬakayot͡ɬ	IKNOTAKAUOT	wiktionary_cat	-	-
icnotlacualli	iknot͡ɬakʷali	IKNOTAKALI	wiktionary_cat	-	-
icnotlaqualli	iknot͡ɬakali	IKNOTAKALI	wiktionary_cat	-	-
icnotlaquemitl	iknot͡ɬakemit͡ɬ	IKNOTAKEMIT	wiktionary_cat	-	-
icox	ikoʃ	IKOS	wiktionary_cat	-	-
icoxcuahuitl	ikoʃkʷawit͡ɬ	IKOSKAWIT	wiktionary_cat	-	-
icoxcuauhtlah	ikoʃkʷawt͡ɬah	IKOSKAWTAH	wiktionary_cat	-	-
-icpac	-ikpak	IKPAK	wiktionary_cat	-	-
icpacxochitl	ikpakʃot͡ʃit͡ɬ	IKPAKSOSIT	wiktionary_cat	-	-
icpalli	ikpali	IKPALI	wiktionary_cat	-	-
icpatetl	ikpatet͡ɬ	IKPATET	wiktionary_cat	-	-
icpatetontli	ikpatetont͡ɬi	IKPATETONTI	wiktionary_cat	-	-
icpitl	ikpit͡ɬ	IKPIT	wiktionary_cat	-	-
icuac	ikʷak	IKAK	wiktionary_cat	-	-
icutontli	ikʷtont͡ɬi	IKTONTI	wiktionary_cat	-	-
iczotl	iksot͡ɬ	IKSOT	wiktionary_cat	-	-
iglesia	iglesia	IGLESIA	wiktionary_cat	-	-
ihca	ihka	IHKA	wiktionary_cat	-	-
ihciuh	ihkiw	IHKIW	wiktionary_cat	-	-
ihquac	ihkak	IHKAK	wiktionary_cat	-	-
ihtitl	ihtit͡ɬ	IHTIT	wiktionary_cat	-	-
ihuan	iwan	IWAN	wiktionary_cat	-	-
ihuitl	iwit͡ɬ	IWIT	wiktionary_cat	-	-
ihxili	ihʃili	IHSILI	wiktionary_cat	-	-
ihyaya	ihyaya	IHUAUA	wiktionary_cat	-	-
ihyelli	ihyeli	IHUELI	wiktionary_cat	-	-
ilama	ilama	ILAMA	wiktionary_cat	-	-
ilamatcatontli	ilamatkatont͡ɬi	ILAMATKATONTI	wiktionary_cat	-	-
ilamaton	ilamaton	ILAMATON	wiktionary_cat	-	-
ilhuicaamaitl	ilwikaamait͡ɬ	ILWIKAAMAIT	wiktionary_cat	-	-
ilhuicaatentli	ilwikaatent͡ɬi	ILWIKAATENTI	wiktionary_cat	-	-
ilhuicaatl	ilwikaat͡ɬ	ILWIKAAT	wiktionary_cat	-	-
ilhuicaaxalli	ilwikaaʃali	ILWIKAASALI	wiktionary_cat	-	-
ilhuicac chane	ilwikak t͡ʃane	ILWIKAKSANE	wiktionary_cat	-	-
ilhuicac chaneh	ilwikak t͡ʃaneh	ILWIKAKSANEH	wiktionary_cat	-	-
ilhuicac tlahtohcayotl	ilwikak t͡ɬahtohkayot͡ɬ	ILWIKAKTAHTOHKAUOT	wiktionary_cat	-	-
ilhuitlapoal amoxtli	ilwit͡ɬapoal amoʃt͡ɬi	ILWITAPOALAMOSTI	wiktionary_cat	-	-
ilhuitlapohualamoxtli	ilwit͡ɬapowalamoʃt͡ɬi	ILWITAPOWALAMOSTI	wiktionary_cat	-	-
im-	im-	IM	wiktionary_cat	-	-
in	in	IN	wiktionary_cat	-	-
in mitl in chimalli	in mit͡ɬ in t͡ʃimali	INMITINSIMALI	wiktionary_cat	-	-
In Vaticano	In Vatikano	0N0ATIKANO	wiktionary_cat	-	-
Inglatera	Inglatera	0NGLATERA	wiktionary_cat	-	-
inihqueh in	inihkeh in	INIHKEHIN	wiktionary_cat	-	-
inihqueh on	inihkeh on	INIHKEHON	wiktionary_cat	-	-
inin	inin	ININ	wiktionary_cat	-	-
inon	inon	INON	wiktionary_cat	-	-
inteohuan	inteowan	INTEOWAN	wiktionary_cat	-	-
ipalnemohuani	ipalnemowani	IPALNEMOWANI	wiktionary_cat	-	-
ipan	ipan	IPAN	wiktionary_cat	-	-
ipotoctli	ipotokt͡ɬi	IPOTOKTI	wiktionary_cat	-	-
iquac	ikak	IKAK	wiktionary_cat	-	-
itacatl	itakat͡ɬ	ITAKAT	wiktionary_cat	-	-
itetl	itet͡ɬ	ITET	wiktionary_cat	-	-
ithualli	itwali	ITWALI	wiktionary_cat	-	-
ititl	itit͡ɬ	ITIT	wiktionary_cat	-	-
itlacatilizilhuitzin in toteucyo	it͡ɬakatilisilwit͡sin in toteukyo	ITAKATILISILWISININTOTEUKUO	wiktionary_cat	-	-
itlah	it͡ɬah	ITAH	wiktionary_cat	-	-
itoalli	itoali	ITOALI	wiktionary_cat	-	-
itualli	ituali	ITUALI	wiktionary_cat	-	-
Itzcoatl	It͡skoat͡ɬ	0SKOAT	wiktionary_cat	-	-
itzcuinconetl	it͡skʷinkonet͡ɬ	ISKINKONET	wiktionary_cat	-	-
itzcuintli	it͡skʷint͡ɬi	ISKINTI	wiktionary_cat	-	-
itzcuinyotl	it͡skʷinyot͡ɬ	ISKINUOT	wiktionary_cat	-	-
itzmiquilitl	it͡smikilit͡ɬ	ISMIKILIT	wiktionary_cat	-	-
Itzmiquilpan	It͡smikilpan	0SMIKILPAN	wiktionary_cat	-	-
itztic ehecatl	it͡stik ehekat͡ɬ	ISTIKEHEKAT	wiktionary_cat	-	-
iuctontli	iuktont͡ɬi	IUKTONTI	wiktionary_cat	-	-
ixachi	iʃat͡ʃi	ISASI	wiktionary_cat	-	-
ixachim mimicqueh	iʃat͡ʃim mimikkeh	ISASIMMIMIKKEH	wiktionary_cat	-	-
ixachintin cuauhneuczayoltin	iʃat͡ʃintin kʷawneuksayoltin	ISASINTINKAWNEUKSAUOLTIN	wiktionary_cat	-	-
ixachipol	iʃat͡ʃipol	ISASIPOL	wiktionary_cat	-	-
ixayoyo	iʃayoyo	ISAUOUO	wiktionary_cat	-	-
ixayoyoh	iʃayoyoh	ISAUOUOH	wiktionary_cat	-	-
ixcuamolli	iʃkʷamoli	ISKAMOLI	wiktionary_cat	-	-
ixeh nacaceh	iʃeh nakakeh	ISEHNAKAKEH	wiktionary_cat	-	-
ixili	iʃili	ISILI	wiktionary_cat	-	-
ixiptlahtli	iʃipt͡ɬaht͡ɬi	ISIPTAHTI	wiktionary_cat	-	-
ixoculin	iʃokʷlin	ISOKLIN	wiktionary_cat	-	-
ixtelohtli	iʃteloht͡ɬi	ISTELOHTI	wiktionary_cat	-	-
ixtelolohtontli	iʃtelolohtont͡ɬi	ISTELOLOHTONTI	wiktionary_cat	-	-
ixtelolotli	iʃtelolot͡ɬi	ISTELOLOTI	wiktionary_cat	-	-
ixtzontli	iʃt͡sont͡ɬi	ISSONTI	wiktionary_cat	-	-
iyahuitl	iyawit͡ɬ	IUAWIT	wiktionary_cat	-	-
iyauhtlaolli	iyawt͡ɬaoli	IUAWTAOLI	wiktionary_cat	-	-
iyeliz in Dios	iyelis in Dios	IUELISIN0IOS	wiktionary_cat	-	-
iyeliz yn dios	iyelis yn dios	IUELISUNDIOS	wiktionary_cat	-	-
iyeliztzin in Dios	iyelist͡sin in Dios	IUELISSININ0IOS	wiktionary_cat	-	-
iyelli	iyeli	IUELI	wiktionary_cat	-	-
iyetl	iyet͡ɬ	IUET	wiktionary_cat	-	-
izcuintli	iskʷint͡ɬi	ISKINTI	wiktionary_cat	-	-
izquiztepiton	iskistepiton	ISKISTEPITON	wiktionary_cat	-	-
izquiztli	iskist͡ɬi	ISKISTI	wiktionary_cat	-	-
izta ayutl	ista ayut͡ɬ	ISTAAUUT	wiktionary_cat	-	-
iztaayotl	istaayot͡ɬ	ISTAAUOT	wiktionary_cat	-	-
iztac teocuitlatl	istak teokʷit͡ɬat͡ɬ	ISTAKTEOKITAT	wiktionary_cat	-	-
Iztac tepetl	Istak tepet͡ɬ	0STAKTEPET	wiktionary_cat	-	-
iztac tepetl	istak tepet͡ɬ	ISTAKTEPET	wiktionary_cat	-	-
iztacayotl	istakayot͡ɬ	ISTAKAUOT	wiktionary_cat	-	-
iztaccuauhtli	istakkʷawt͡ɬi	ISTAKKAWTI	wiktionary_cat	-	-
iztaxalli	istaʃali	ISTASALI	wiktionary_cat	-	-
iztaya	istaya	ISTAUA	wiktionary_cat	-	-
iztayotl	istayot͡ɬ	ISTAUOT	wiktionary_cat	-	-
iztitl	istit͡ɬ	ISTIT	wiktionary_cat	-	-
iztlacatlacuilo	ist͡ɬakat͡ɬakʷilo	ISTAKATAKILO	wiktionary_cat	-	-
iztlacatlahcuiloh	ist͡ɬakat͡ɬahkʷiloh	ISTAKATAHKILOH	wiktionary_cat	-	-
Jesu xpo	Jesu ʃpo	0ESUSPO	wiktionary_cat	-	-
Jesucristo	Jesukristo	0ESUKRISTO	wiktionary_cat	-	-
jlvicac	jlvikak	YLBIKAK	wiktionary_cat	-	-
jua	jua	YUA	wiktionary_cat	-	-
juan	juan	YUAN	wiktionary_cat	-	-
judio tlacatl	judio t͡ɬakat͡ɬ	YUDIOTAKAT	wiktionary_cat	-	-
judiocayotl	judiokayot͡ɬ	YUDIOKAUOT	wiktionary_cat	-	-
judiocihuatl	judiokiwat͡ɬ	YUDIOKIWAT	wiktionary_cat	-	-
judioquichtli	judiokit͡ʃt͡ɬi	YUDIOKISTI	wiktionary_cat	-	-
judiotlacatl	judiot͡ɬakat͡ɬ	YUDIOTAKAT	wiktionary_cat	-	-
judioyotl	judioyot͡ɬ	YUDIOUOT	wiktionary_cat	-	-
Juº	Juº	0U	wiktionary_cat	-	-
juã	juã	YUA	wiktionary_cat	-	-
-lah	-lah	LAH	wiktionary_cat	-	-
latin tlahtolli	latin t͡ɬahtoli	LATINTAHTOLI	wiktionary_cat	-	-
latin tlahtollotl	latin t͡ɬahtolot͡ɬ	LATINTAHTOLOT	wiktionary_cat	-	-
letra	letra	LETRA	wiktionary_cat	-	-
lima cuahuitl	lima kʷawit͡ɬ	LIMAKAWIT	wiktionary_cat	-	-
limon cuahuitl	limon kʷawit͡ɬ	LIMONKAWIT	wiktionary_cat	-	-
-liztli	-list͡ɬi	LISTI	wiktionary_cat	-	-
-lli	-li	LI	wiktionary_cat	-	-
-loh	-loh	LOH	wiktionary_cat	-	-
-lotl	-lot͡ɬ	LOT	wiktionary_cat	-	-
maca	maka	MAKA	wiktionary_cat	-	-
maccuauhtopilli	makkʷawtopili	MAKKAWTOPILI	wiktionary_cat	-	-
macehua	makewa	MAKEWA	wiktionary_cat	-	-
macehuallotl	makewalot͡ɬ	MAKEWALOT	wiktionary_cat	-	-
maceualli	makeuali	MAKEUALI	wiktionary_cat	-	-
macevalli	makevali	MAKEBALI	wiktionary_cat	-	-
machiotl	mat͡ʃiot͡ɬ	MASIOT	wiktionary_cat	-	-
machiyotl	mat͡ʃiyot͡ɬ	MASIUOT	wiktionary_cat	-	-
machiyotlahtoliztli	mat͡ʃiyot͡ɬahtolist͡ɬi	MASIUOTAHTOLISTI	wiktionary_cat	-	-
macpalcomolli	makpalkomoli	MAKPALKOMOLI	wiktionary_cat	-	-
macpalcomulli	makpalkomuli	MAKPALKOMULI	wiktionary_cat	-	-
macpalli	makpali	MAKPALI	wiktionary_cat	-	-
macpalxochitl	makpalʃot͡ʃit͡ɬ	MAKPALSOSIT	wiktionary_cat	-	-
macpalyollohtli	makpalyoloht͡ɬi	MAKPALUOLOHTI	wiktionary_cat	-	-
macpalyollotli	makpalyolot͡ɬi	MAKPALUOLOTI	wiktionary_cat	-	-
macuahuimeh	makʷawimeh	MAKAWIMEH	wiktionary_cat	-	-
macuauhtopilli	makʷawtopili	MAKAWTOPILI	wiktionary_cat	-	-
macuilli	makʷili	MAKILI	wiktionary_cat	-	-
macuilpa	makʷilpa	MAKILPA	wiktionary_cat	-	-
macuilpohualli	makʷilpowali	MAKILPOWALI	wiktionary_cat	-	-
macuiltianquiztli	makʷiltiankist͡ɬi	MAKILTIANKISTI	wiktionary_cat	-	-
macuiltiyanquiztli	makʷiltiyankist͡ɬi	MAKILTIUANKISTI	wiktionary_cat	-	-
macuiltzontli	makʷilt͡sont͡ɬi	MAKILSONTI	wiktionary_cat	-	-
mah-	mah-	MAH	wiktionary_cat	-	-
mahomacalli	mahomakali	MAHOMAKALI	wiktionary_cat	-	-
mahpiltontli	mahpiltont͡ɬi	MAHPILTONTI	wiktionary_cat	-	-
mahtlacpa	maht͡ɬakpa	MAHTAKPA	wiktionary_cat	-	-
mahtlacpohualli	maht͡ɬakpowali	MAHTAKPOWALI	wiktionary_cat	-	-
mahtlacpohualpa	maht͡ɬakpowalpa	MAHTAKPOWALPA	wiktionary_cat	-	-
mahtlactli	maht͡ɬakt͡ɬi	MAHTAKTI	wiktionary_cat	-	-
mahtlactli omeyi	maht͡ɬakt͡ɬi omeyi	MAHTAKTIOMEUI	wiktionary_cat	-	-
mahtlactli omome	maht͡ɬakt͡ɬi omome	MAHTAKTIOMOME	wiktionary_cat	-	-
mahtlactli once	maht͡ɬakt͡ɬi onke	MAHTAKTIONKE	wiktionary_cat	-	-
mahtlactli onnahui	maht͡ɬakt͡ɬi onnawi	MAHTAKTIONNAWI	wiktionary_cat	-	-
mahtlactzontli	maht͡ɬakt͡sont͡ɬi	MAHTAKSONTI	wiktionary_cat	-	-
mahtli	maht͡ɬi	MAHTI	wiktionary_cat	-	-
mahuizotl	mawisot͡ɬ	MAWISOT	wiktionary_cat	-	-
mahuiztic	mawistik	MAWISTIK	wiktionary_cat	-	-
mahuiztli	mawist͡ɬi	MAWISTI	wiktionary_cat	-	-
mahuizyotl	mawisyot͡ɬ	MAWISUOT	wiktionary_cat	-	-
mahuizçotl	mawisçot͡ɬ	MAWISOT	wiktionary_cat	-	-
mahuiçotl	mawiçot͡ɬ	MAWIOT	wiktionary_cat	-	-
mahuiçōtl	mawiçoːt͡ɬ	MAWIOT	wiktionary_cat	-	-
malina	malina	MALINA	wiktionary_cat	-	-
Malinalco	Malinalko	0ALINALKO	wiktionary_cat	-	-
malinale	malinale	MALINALE	wiktionary_cat	-	-
malinali	malinali	MALINALI	wiktionary_cat	-	-
malinalli	malinali	MALINALI	wiktionary_cat	-	-
malli	mali	MALI	wiktionary_cat	-	-
mamatlatl	mamat͡ɬat͡ɬ	MAMATAT	wiktionary_cat	-	-
mamaça	mamaça	MAMAA	wiktionary_cat	-	-
manteles	manteles	MANTELES	wiktionary_cat	-	-
mantelesto	mantelesto	MANTELESTO	wiktionary_cat	-	-
mantelex	manteleʃ	MANTELES	wiktionary_cat	-	-
mantelexton	manteleʃton	MANTELESTON	wiktionary_cat	-	-
manzana octli	mansana okt͡ɬi	MANSANAOKTI	wiktionary_cat	-	-
maololli	maololi	MAOLOLI	wiktionary_cat	-	-
maopochtli	maopot͡ʃt͡ɬi	MAOPOSTI	wiktionary_cat	-	-
mapachihtli	mapat͡ʃiht͡ɬi	MAPASIHTI	wiktionary_cat	-	-
mapilli	mapili	MAPILI	wiktionary_cat	-	-
mapiltontli	mapiltont͡ɬi	MAPILTONTI	wiktionary_cat	-	-
maquauhtopilli	makawtopili	MAKAWTOPILI	wiktionary_cat	-	-
maquechtli	maket͡ʃt͡ɬi	MAKESTI	wiktionary_cat	-	-
masehualli	masewali	MASEWALI	wiktionary_cat	-	-
matelexto	mateleʃto	MATELESTO	wiktionary_cat	-	-
matelexton	mateleʃton	MATELESTON	wiktionary_cat	-	-
matepito	matepito	MATEPITO	wiktionary_cat	-	-
matepiton	matepiton	MATEPITON	wiktionary_cat	-	-
matepitõ	matepitõ	MATEPITO	wiktionary_cat	-	-
matepoztlaximaloniton	matepost͡ɬaʃimaloniton	MATEPOSTASIMALONITON	wiktionary_cat	-	-
matepoztli	matepost͡ɬi	MATEPOSTI	wiktionary_cat	-	-
matepoztontli	matepostont͡ɬi	MATEPOSTONTI	wiktionary_cat	-	-
matepuztlaximalonito	matepust͡ɬaʃimalonito	MATEPUSTASIMALONITO	wiktionary_cat	-	-
matepuztli	matepust͡ɬi	MATEPUSTI	wiktionary_cat	-	-
matepuztontli	matepustont͡ɬi	MATEPUSTONTI	wiktionary_cat	-	-
matepuztõtli	matepustõt͡ɬi	MATEPUSTOTI	wiktionary_cat	-	-
mati	mati	MATI	wiktionary_cat	-	-
matlacpa	mat͡ɬakpa	MATAKPA	wiktionary_cat	-	-
matlactli	mat͡ɬakt͡ɬi	MATAKTI	wiktionary_cat	-	-
matlactli oce	mat͡ɬakt͡ɬi oke	MATAKTIOKE	wiktionary_cat	-	-
matlactli omei	mat͡ɬakt͡ɬi omei	MATAKTIOMEI	wiktionary_cat	-	-
matlactli once	mat͡ɬakt͡ɬi onke	MATAKTIONKE	wiktionary_cat	-	-
matlactli onnaui	mat͡ɬakt͡ɬi onnaui	MATAKTIONNAUI	wiktionary_cat	-	-
matlactliomey	mat͡ɬakt͡ɬiomey	MATAKTIOMEU	wiktionary_cat	-	-
matlalin	mat͡ɬalin	MATALIN	wiktionary_cat	-	-
matlaltic	mat͡ɬaltik	MATALTIK	wiktionary_cat	-	-
matlalxochitl	mat͡ɬalʃot͡ʃit͡ɬ	MATALSOSIT	wiktionary_cat	-	-
matlatepito	mat͡ɬatepito	MATATEPITO	wiktionary_cat	-	-
matlatepiton	mat͡ɬatepiton	MATATEPITON	wiktionary_cat	-	-
matlatli uçe	mat͡ɬat͡ɬi uçe	MATATIUE	wiktionary_cat	-	-
matlatontli	mat͡ɬatont͡ɬi	MATATONTI	wiktionary_cat	-	-
matontli	matont͡ɬi	MATONTI	wiktionary_cat	-	-
matzahoctli	mat͡sahokt͡ɬi	MASAHOKTI	wiktionary_cat	-	-
matzaoctli	mat͡saokt͡ɬi	MASAOKTI	wiktionary_cat	-	-
matzatli	mat͡sat͡ɬi	MASATI	wiktionary_cat	-	-
matzotzopaztli	mat͡sot͡sopast͡ɬi	MASOSOPASTI	wiktionary_cat	-	-
mauhcatzatzi	mawkat͡sat͡si	MAWKASASI	wiktionary_cat	-	-
mauizçotl	mauisçot͡ɬ	MAUISOT	wiktionary_cat	-	-
maviztik	mavistik	MABISTIK	wiktionary_cat	-	-
maxactli	maʃakt͡ɬi	MASAKTI	wiktionary_cat	-	-
maxalli	maʃali	MASALI	wiktionary_cat	-	-
maxatl	maʃat͡ɬ	MASAT	wiktionary_cat	-	-
maxtli	maʃt͡ɬi	MASTI	wiktionary_cat	-	-
maxáuhtinemi	maʃáwtinemi	MASWTINEMI	wiktionary_cat	-	-
maxăuhtinemi	maʃăwtinemi	MASWTINEMI	wiktionary_cat	-	-
mayaquen	mayaken	MAUAKEN	wiktionary_cat	-	-
mayatl	mayat͡ɬ	MAUAT	wiktionary_cat	-	-
mayectli	mayekt͡ɬi	MAUEKTI	wiktionary_cat	-	-
mayehuatl	mayewat͡ɬ	MAUEWAT	wiktionary_cat	-	-
mazaatemitl	masaatemit͡ɬ	MASAATEMIT	wiktionary_cat	-	-
mazacalli	masakali	MASAKALI	wiktionary_cat	-	-
mazacoatl	masakoat͡ɬ	MASAKOAT	wiktionary_cat	-	-
mazacocoliztli	masakokolist͡ɬi	MASAKOKOLISTI	wiktionary_cat	-	-
mazacocolizzoh	masakokolissoh	MASAKOKOLISSOH	wiktionary_cat	-	-
mazaconetl	masakonet͡ɬ	MASAKONET	wiktionary_cat	-	-
mazaehuatl	masaewat͡ɬ	MASAEWAT	wiktionary_cat	-	-
mazame	masame	MASAME	wiktionary_cat	-	-
mazamolli	masamoli	MASAMOLI	wiktionary_cat	-	-
mazanacatl	masanakat͡ɬ	MASANAKAT	wiktionary_cat	-	-
mazapil	masapil	MASAPIL	wiktionary_cat	-	-
mazatl	masat͡ɬ	MASAT	wiktionary_cat	-	-
mazatl elefante icoatlan	masat͡ɬ elefante ikoat͡ɬan	MASATELEPANTEIKOATAN	wiktionary_cat	-	-
mazatlacualli	masat͡ɬakʷali	MASATAKALI	wiktionary_cat	-	-
Mazatlan	Masat͡ɬan	0ASATAN	wiktionary_cat	-	-
mazaxococuahuitl	masaʃokokʷawit͡ɬ	MASASOKOKAWIT	wiktionary_cat	-	-
mazaxocotl	masaʃokot͡ɬ	MASASOKOT	wiktionary_cat	-	-
mazayotl	masayot͡ɬ	MASAUOT	wiktionary_cat	-	-
maça atemitl	maça atemit͡ɬ	MAAATEMIT	wiktionary_cat	-	-
maçacalli	maçakali	MAAKALI	wiktionary_cat	-	-
maçacocoliztli	maçakokolist͡ɬi	MAAKOKOLISTI	wiktionary_cat	-	-
maçacocolizço	maçakokolisço	MAAKOKOLISO	wiktionary_cat	-	-
maçacocoliço	maçakokoliço	MAAKOKOLIO	wiktionary_cat	-	-
maçaconetl	maçakonet͡ɬ	MAAKONET	wiktionary_cat	-	-
maçaeuatl	maçaeuat͡ɬ	MAAEUAT	wiktionary_cat	-	-
maçamulli	maçamuli	MAAMULI	wiktionary_cat	-	-
maçanacatl	maçanakat͡ɬ	MAANAKAT	wiktionary_cat	-	-
maçatl	maçat͡ɬ	MAAT	wiktionary_cat	-	-
maçatl elefante ycoatlan	maçat͡ɬ elefante ykoat͡ɬan	MAATELEPANTEUKOATAN	wiktionary_cat	-	-
maçatlaqualli	maçat͡ɬakali	MAATAKALI	wiktionary_cat	-	-
maçaxocoquauitl	maçaʃokokauit͡ɬ	MAASOKOKAUIT	wiktionary_cat	-	-
maçaxocotl	maçaʃokot͡ɬ	MAASOKOT	wiktionary_cat	-	-
maçayutl	maçayut͡ɬ	MAAUUT	wiktionary_cat	-	-
maçehualli	maçewali	MAEWALI	wiktionary_cat	-	-
mecaueuetl	mekaueuet͡ɬ	MEKAUEUET	wiktionary_cat	-	-
-meh	-meh	MEH	wiktionary_cat	-	-
melon milpan	melon milpan	MELONMILPAN	wiktionary_cat	-	-
memetl	memet͡ɬ	MEMET	wiktionary_cat	-	-
memilli	memili	MEMILI	wiktionary_cat	-	-
menecutli	menekʷt͡ɬi	MENEKTI	wiktionary_cat	-	-
meneuctli	meneukt͡ɬi	MENEUKTI	wiktionary_cat	-	-
meoctli	meokt͡ɬi	MEOKTI	wiktionary_cat	-	-
mequiyotl	mekiyot͡ɬ	MEKIUOT	wiktionary_cat	-	-
Metepec	Metepek	0ETEPEK	wiktionary_cat	-	-
metzonalli	met͡sonali	MESONALI	wiktionary_cat	-	-
Metztitlan	Met͡stit͡ɬan	0ESTITAN	wiktionary_cat	-	-
metztli icualoca	met͡st͡ɬi ikʷaloka	MESTIIKALOKA	wiktionary_cat	-	-
metztli imiquiz	met͡st͡ɬi imikis	MESTIIMIKIS	wiktionary_cat	-	-
metztli mayo	met͡st͡ɬi mayo	MESTIMAUO	wiktionary_cat	-	-
metztona	met͡stona	MESTONA	wiktionary_cat	-	-
metztonalli	met͡stonali	MESTONALI	wiktionary_cat	-	-
metztonallotl	met͡stonalot͡ɬ	MESTONALOT	wiktionary_cat	-	-
metztontli	met͡stont͡ɬi	MESTONTI	wiktionary_cat	-	-
metztuna	met͡stuna	MESTUNA	wiktionary_cat	-	-
metztunalli	met͡stunali	MESTUNALI	wiktionary_cat	-	-
metztunallotl	met͡stunalot͡ɬ	MESTUNALOT	wiktionary_cat	-	-
mexcalli	meʃkali	MESKALI	wiktionary_cat	-	-
mexicatl	meʃikat͡ɬ	MESIKAT	wiktionary_cat	-	-
Mexicatlahtolpan	Meʃikat͡ɬahtolpan	0ESIKATAHTOLPAN	wiktionary_cat	-	-
mexicopa	meʃikopa	MESIKOPA	wiktionary_cat	-	-
mexicopauic	meʃikopauik	MESIKOPAUIK	wiktionary_cat	-	-
mexihcatl	meʃihkat͡ɬ	MESIHKAT	wiktionary_cat	-	-
mexihcayotl	meʃihkayot͡ɬ	MESIHKAUOT	wiktionary_cat	-	-
Mexihco	Meʃihko	0ESIHKO	wiktionary_cat	-	-
mexihcopa	meʃihkopa	MESIHKOPA	wiktionary_cat	-	-
mexihcopahuic	meʃihkopawik	MESIHKOPAWIK	wiktionary_cat	-	-
mexixin	meʃiʃin	MESISIN	wiktionary_cat	-	-
mexixquilitl	meʃiʃkilit͡ɬ	MESISKILIT	wiktionary_cat	-	-
mexixquillaxcalli	meʃiʃkilaʃkali	MESISKILASKALI	wiktionary_cat	-	-
meyollohtli	meyoloht͡ɬi	MEUOLOHTI	wiktionary_cat	-	-
meyollotli	meyolot͡ɬi	MEUOLOTI	wiktionary_cat	-	-
miahuatl	miawat͡ɬ	MIAWAT	wiktionary_cat	-	-
miaoatvtvtl	miaoatvtvt͡ɬ	MIAOATBTBT	wiktionary_cat	-	-
miauatl	miauat͡ɬ	MIAUAT	wiktionary_cat	-	-
miauatototl	miauatotot͡ɬ	MIAUATOTOT	wiktionary_cat	-	-
micca petlacalli	mikka pet͡ɬakali	MIKKAPETAKALI	wiktionary_cat	-	-
miccapetlacalli	mikkapet͡ɬakali	MIKKAPETAKALI	wiktionary_cat	-	-
miccatetl	mikkatet͡ɬ	MIKKATET	wiktionary_cat	-	-
miccatlatatactzaccayotl	mikkat͡ɬatatakt͡sakkayot͡ɬ	MIKKATATATAKSAKKAUOT	wiktionary_cat	-	-
miccaçaioli	mikkaçaioli	MIKKAAIOLI	wiktionary_cat	-	-
miccaçayulin	mikkaçayulin	MIKKAAUULIN	wiktionary_cat	-	-
mich amanalli	mit͡ʃ amanali	MISAMANALI	wiktionary_cat	-	-
michacaxitl	mit͡ʃakaʃit͡ɬ	MISAKASIT	wiktionary_cat	-	-
michahhuatl	mit͡ʃahwat͡ɬ	MISAHWAT	wiktionary_cat	-	-
michahxiliztli	mit͡ʃahʃilist͡ɬi	MISAHSILISTI	wiktionary_cat	-	-
michamanalli	mit͡ʃamanali	MISAMANALI	wiktionary_cat	-	-
michauatl	mit͡ʃauat͡ɬ	MISAUAT	wiktionary_cat	-	-
michaxiliztli	mit͡ʃaʃilist͡ɬi	MISASILISTI	wiktionary_cat	-	-
michcoyolli	mit͡ʃkoyoli	MISKOUOLI	wiktionary_cat	-	-
michcuyulli	mit͡ʃkʷyuli	MISKUULI	wiktionary_cat	-	-
michehuatl	mit͡ʃewat͡ɬ	MISEWAT	wiktionary_cat	-	-
micheuatl	mit͡ʃeuat͡ɬ	MISEUAT	wiktionary_cat	-	-
Michhuahcan	Mit͡ʃwahkan	0ISWAHKAN	wiktionary_cat	-	-
Michhuâ	Mit͡ʃwâ	0ISW	wiktionary_cat	-	-
michin	mit͡ʃin	MISIN	wiktionary_cat	-	-
michinix	mit͡ʃiniʃ	MISINIS	wiktionary_cat	-	-
michmaliztli	mit͡ʃmalist͡ɬi	MISMALISTI	wiktionary_cat	-	-
michmatlatl	mit͡ʃmat͡ɬat͡ɬ	MISMATAT	wiktionary_cat	-	-
michmolli	mit͡ʃmoli	MISMOLI	wiktionary_cat	-	-
michmulli	mit͡ʃmuli	MISMULI	wiktionary_cat	-	-
michnamacacan	mit͡ʃnamakakan	MISNAMAKAKAN	wiktionary_cat	-	-
michomitl	mit͡ʃomit͡ɬ	MISOMIT	wiktionary_cat	-	-
michtetl	mit͡ʃtet͡ɬ	MISTET	wiktionary_cat	-	-
michtlaoyo	mit͡ʃt͡ɬaoyo	MISTAOUO	wiktionary_cat	-	-
michtlaoyoh	mit͡ʃt͡ɬaoyoh	MISTAOUOH	wiktionary_cat	-	-
michuâ	mit͡ʃuâ	MISU	wiktionary_cat	-	-
michxoneuatl	mit͡ʃʃoneuat͡ɬ	MISSONEUAT	wiktionary_cat	-	-
mictia	miktia	MIKTIA	wiktionary_cat	-	-
mictiuetzi	miktiuet͡si	MIKTIUESI	wiktionary_cat	-	-
mictlan	mikt͡ɬan	MIKTAN	wiktionary_cat	-	-
mictlancayotl	mikt͡ɬankayot͡ɬ	MIKTANKAUOT	wiktionary_cat	-	-
Mictlanteuctli	Mikt͡ɬanteukt͡ɬi	0IKTANTEUKTI	wiktionary_cat	-	-
mihlacatl	mihlakat͡ɬ	MIHLAKAT	wiktionary_cat	-	-
mihtotihqui	mihtotihki	MIHTOTIHKI	wiktionary_cat	-	-
milcalatl	milkalat͡ɬ	MILKALAT	wiktionary_cat	-	-
millacatl	milakat͡ɬ	MILAKAT	wiktionary_cat	-	-
millahtlacatl	milaht͡ɬakat͡ɬ	MILAHTAKAT	wiktionary_cat	-	-
milpan	milpan	MILPAN	wiktionary_cat	-	-
milpanecatl	milpanekat͡ɬ	MILPANEKAT	wiktionary_cat	-	-
miltepito	miltepito	MILTEPITO	wiktionary_cat	-	-
miltepiton	miltepiton	MILTEPITON	wiktionary_cat	-	-
miltomatl	miltomat͡ɬ	MILTOMAT	wiktionary_cat	-	-
miltontli	miltont͡ɬi	MILTONTI	wiktionary_cat	-	-
mimilihui	mimiliwi	MIMILIWI	wiktionary_cat	-	-
miquiztlacualli	mikist͡ɬakʷali	MIKISTAKALI	wiktionary_cat	-	-
miquiztli	mikist͡ɬi	MIKISTI	wiktionary_cat	-	-
misal amoxtli	misal amoʃt͡ɬi	MISALAMOSTI	wiktionary_cat	-	-
missal amuxtli	missal amuʃt͡ɬi	MISSALAMUSTI	wiktionary_cat	-	-
mitz-	mit͡s-	MIS	wiktionary_cat	-	-
mixcoatl	miʃkoat͡ɬ	MISKOAT	wiktionary_cat	-	-
mixincayotl	miʃinkayot͡ɬ	MISINKAUOT	wiktionary_cat	-	-
mixoneuatl	miʃoneuat͡ɬ	MISONEUAT	wiktionary_cat	-	-
mixtitlan ayauhtitlan	miʃtit͡ɬan ayawtit͡ɬan	MISTITANAUAWTITAN	wiktionary_cat	-	-
Mixtlan	Miʃt͡ɬan	0ISTAN	wiktionary_cat	-	-
mixxincayotl	miʃʃinkayot͡ɬ	MISSINKAUOT	wiktionary_cat	-	-
mixxo	miʃʃo	MISSO	wiktionary_cat	-	-
mixxoh	miʃʃoh	MISSOH	wiktionary_cat	-	-
mixxonehuatl	miʃʃonewat͡ɬ	MISSONEWAT	wiktionary_cat	-	-
mixxoneuatl	miʃʃoneuat͡ɬ	MISSONEUAT	wiktionary_cat	-	-
miyahuatl	miyawat͡ɬ	MIUAWAT	wiktionary_cat	-	-
miyahuatototl	miyawatotot͡ɬ	MIUAWATOTOT	wiktionary_cat	-	-
miyauatl	miyauat͡ɬ	MIUAUAT	wiktionary_cat	-	-
miyequintin cuauhneuczayoltin	miyekintin kʷawneuksayoltin	MIUEKINTINKAWNEUKSAUOLTIN	wiktionary_cat	-	-
mizto	misto	MISTO	wiktionary_cat	-	-
mizton	miston	MISTON	wiktionary_cat	-	-
miztontli	mistont͡ɬi	MISTONTI	wiktionary_cat	-	-
mjchoaque	mjt͡ʃoake	MYSOAKE	wiktionary_cat	-	-
mo-	mo-	MO	wiktionary_cat	-	-
mochi	mot͡ʃi	MOSI	wiktionary_cat	-	-
mocuepa	mokʷepa	MOKEPA	wiktionary_cat	-	-
molli	moli	MOLI	wiktionary_cat	-	-
moloni	moloni	MOLONI	wiktionary_cat	-	-
momochtli	momot͡ʃt͡ɬi	MOMOSTI	wiktionary_cat	-	-
motecçuma	motekçuma	MOTEKUMA	wiktionary_cat	-	-
moteohuan	moteowan	MOTEOWAN	wiktionary_cat	-	-
moteuhcçoma	motewkçoma	MOTEWKOMA	wiktionary_cat	-	-
motohtli	motoht͡ɬi	MOTOHTI	wiktionary_cat	-	-
moxaua	moʃaua	MOSAUA	wiktionary_cat	-	-
moyoni	moyoni	MOUONI	wiktionary_cat	-	-
mozoma	mosoma	MOSOMA	wiktionary_cat	-	-
muztla	must͡ɬa	MUSTA	wiktionary_cat	-	-
mīllàcatl	miːlàkat͡ɬ	MILKAT	wiktionary_cat	-	-
nabox	naboʃ	NABOS	wiktionary_cat	-	-
nacaayotl	nakaayot͡ɬ	NAKAAUOT	wiktionary_cat	-	-
nacaceh ixeh	nakakeh iʃeh	NAKAKEHISEH	wiktionary_cat	-	-
nacacuitlaxcolli	nakakʷit͡ɬaʃkoli	NAKAKITASKOLI	wiktionary_cat	-	-
nacamulli	nakamuli	NAKAMULI	wiktionary_cat	-	-
nacaocuilin	nakaokʷilin	NAKAOKILIN	wiktionary_cat	-	-
nacatamalli	nakatamali	NAKATAMALI	wiktionary_cat	-	-
nacatlaolli	nakat͡ɬaoli	NAKATAOLI	wiktionary_cat	-	-
nacatlaoyoh	nakat͡ɬaoyoh	NAKATAOUOH	wiktionary_cat	-	-
nacatlapatzcaayotl	nakat͡ɬapat͡skaayot͡ɬ	NAKATAPASKAAUOT	wiktionary_cat	-	-
nacayo	nakayo	NAKAUO	wiktionary_cat	-	-
nacayoh	nakayoh	NAKAUOH	wiktionary_cat	-	-
nacazcuihcuitlatl	nakaskʷihkʷit͡ɬat͡ɬ	NAKASKIHKITAT	wiktionary_cat	-	-
nacaztli	nakast͡ɬi	NAKASTI	wiktionary_cat	-	-
nacochtli	nakot͡ʃt͡ɬi	NAKOSTI	wiktionary_cat	-	-
nahnahui	nahnawi	NAHNAWI	wiktionary_cat	-	-
nahuallotl	nawalot͡ɬ	NAWALOT	wiktionary_cat	-	-
nahuatl	nawat͡ɬ	NAWAT	wiktionary_cat	-	-
nahuatlahto	nawat͡ɬahto	NAWATAHTO	wiktionary_cat	-	-
nahuatlahtoh	nawat͡ɬahtoh	NAWATAHTOH	wiktionary_cat	-	-
nahuatlahtolli	nawat͡ɬahtoli	NAWATAHTOLI	wiktionary_cat	-	-
nahuatlato	nawat͡ɬato	NAWATATO	wiktionary_cat	-	-
nahuatlatolli	nawat͡ɬatoli	NAWATATOLI	wiktionary_cat	-	-
nahui	nawi	NAWI	wiktionary_cat	-	-
nahuilhuitl	nawilwit͡ɬ	NAWILWIT	wiktionary_cat	-	-
namictia	namiktia	NAMIKTIA	wiktionary_cat	-	-
namique	namike	NAMIKE	wiktionary_cat	-	-
namiqueh	namikeh	NAMIKEH	wiktionary_cat	-	-
namiqui	namiki	NAMIKI	wiktionary_cat	-	-
nanahui	nanawi	NANAWI	wiktionary_cat	-	-
nanatzca	nanat͡ska	NANASKA	wiktionary_cat	-	-
nanaui	nanaui	NANAUI	wiktionary_cat	-	-
nantli	nant͡ɬi	NANTI	wiktionary_cat	-	-
nantontli	nantont͡ɬi	NANTONTI	wiktionary_cat	-	-
nanyotl	nanyot͡ɬ	NANUOT	wiktionary_cat	-	-
nappa	nappa	NAPPA	wiktionary_cat	-	-
nappohualli	nappowali	NAPPOWALI	wiktionary_cat	-	-
nappohualpa	nappowalpa	NAPPOWALPA	wiktionary_cat	-	-
naranjaxocotl	naranjaʃokot͡ɬ	NARANYASOKOT	wiktionary_cat	-	-
naualli	nauali	NAUALI	wiktionary_cat	-	-
nauallotl	naualot͡ɬ	NAUALOT	wiktionary_cat	-	-
nauatl	nauat͡ɬ	NAUAT	wiktionary_cat	-	-
nauatlato	nauat͡ɬato	NAUATATO	wiktionary_cat	-	-
nauatlatolli	nauat͡ɬatoli	NAUATATOLI	wiktionary_cat	-	-
nauh xiuitl	naw ʃiuit͡ɬ	NAWSIUIT	wiktionary_cat	-	-
nauh ylhuitl	naw ylwit͡ɬ	NAWULWIT	wiktionary_cat	-	-
nauhcampa nacaceh machiyotl	nawkampa nakakeh mat͡ʃiyot͡ɬ	NAWKAMPANAKAKEHMASIUOT	wiktionary_cat	-	-
nauhpohualli	nawpowali	NAWPOWALI	wiktionary_cat	-	-
nauhxihuitl	nawʃiwit͡ɬ	NAWSIWIT	wiktionary_cat	-	-
naui	naui	NAUI	wiktionary_cat	-	-
nauilhuitl	nauilwit͡ɬ	NAUILWIT	wiktionary_cat	-	-
nealtilatl	nealtilat͡ɬ	NEALTILAT	wiktionary_cat	-	-
nealtiloyan	nealtiloyan	NEALTILOUAN	wiktionary_cat	-	-
nech-	net͡ʃ-	NES	wiktionary_cat	-	-
necoc yaotl	nekok yaot͡ɬ	NEKOKUAOT	wiktionary_cat	-	-
necoctetencatl	nekoktetenkat͡ɬ	NEKOKTETENKAT	wiktionary_cat	-	-
necuatequilizteahpaztli	nekʷatekilisteahpast͡ɬi	NEKATEKILISTEAHPASTI	wiktionary_cat	-	-
necuatequiliztli	nekʷatekilist͡ɬi	NEKATEKILISTI	wiktionary_cat	-	-
necuatl	nekʷat͡ɬ	NEKAT	wiktionary_cat	-	-
nehhuatl	nehwat͡ɬ	NEHWAT	wiktionary_cat	-	-
nehnemi	nehnemi	NEHNEMI	wiktionary_cat	-	-
nehoatl	nehoat͡ɬ	NEHOAT	wiktionary_cat	-	-
nehuatl	newat͡ɬ	NEWAT	wiktionary_cat	-	-
neicxitapayolhuiliztli	neikʃitapayolwilist͡ɬi	NEIKSITAPAUOLWILISTI	wiktionary_cat	-	-
nelhuatl	nelwat͡ɬ	NELWAT	wiktionary_cat	-	-
neltoca	neltoka	NELTOKA	wiktionary_cat	-	-
nemanahuilcalli	nemanawilkali	NEMANAWILKALI	wiktionary_cat	-	-
nemanauilcalli	nemanauilkali	NEMANAUILKALI	wiktionary_cat	-	-
nemekatilistli	nemekatilist͡ɬi	NEMEKATILISTI	wiktionary_cat	-	-
nemi	nemi	NEMI	wiktionary_cat	-	-
nenehcihui	nenehkiwi	NENEHKIWI	wiktionary_cat	-	-
nenepilli	nenepili	NENEPILI	wiktionary_cat	-	-
nenetl	nenet͡ɬ	NENET	wiktionary_cat	-	-
neneuhcayotl	nenewkayot͡ɬ	NENEWKAUOT	wiktionary_cat	-	-
nequatl	nekat͡ɬ	NEKAT	wiktionary_cat	-	-
netzolli	net͡soli	NESOLI	wiktionary_cat	-	-
neuczayolin	neuksayolin	NEUKSAUOLIN	wiktionary_cat	-	-
nextlahualli	neʃt͡ɬawali	NESTAWALI	wiktionary_cat	-	-
Nextlalpan	Neʃt͡ɬalpan	0ESTALPAN	wiktionary_cat	-	-
nexxo	neʃʃo	NESSO	wiktionary_cat	-	-
nexxoh	neʃʃoh	NESSOH	wiktionary_cat	-	-
neyolmelaualoni	neyolmelaualoni	NEUOLMELAUALONI	wiktionary_cat	-	-
Neçahualpilli	Neçawalpili	0EAWALPILI	wiktionary_cat	-	-
-ni	-ni	NI	wiktionary_cat	-	-
ni-	ni-	NI	wiktionary_cat	-	-
nican tlacatl	nikan t͡ɬakat͡ɬ	NIKANTAKAT	wiktionary_cat	-	-
no-	no-	NO	wiktionary_cat	-	-
nocheuatl	not͡ʃeuat͡ɬ	NOSEUAT	wiktionary_cat	-	-
nocheztli	not͡ʃest͡ɬi	NOSESTI	wiktionary_cat	-	-
nochoctli	not͡ʃokt͡ɬi	NOSOKTI	wiktionary_cat	-	-
Nohpallah	Nohpalah	0OHPALAH	wiktionary_cat	-	-
Nohpaltepec	Nohpaltepek	0OHPALTEPEK	wiktionary_cat	-	-
nopalli	nopali	NOPALI	wiktionary_cat	-	-
noteohuan	noteowan	NOTEOWAN	wiktionary_cat	-	-
notza	not͡sa	NOSA	wiktionary_cat	-	-
nozo	noso	NOSO	wiktionary_cat	-	-
nupal suchitl	nupal sut͡ʃit͡ɬ	NUPALSUSIT	wiktionary_cat	-	-
nupalli	nupali	NUPALI	wiktionary_cat	-	-
-oa	-oa	OA	wiktionary_cat	-	-
oactli	oakt͡ɬi	OAKTI	wiktionary_cat	-	-
occalli	okkali	OKKALI	wiktionary_cat	-	-
ocelocopile	okelokopile	OKELOKOPILE	wiktionary_cat	-	-
ocelocopileh	okelokopileh	OKELOKOPILEH	wiktionary_cat	-	-
ocelocopilli	okelokopili	OKELOKOPILI	wiktionary_cat	-	-
oceloehuatl	okeloewat͡ɬ	OKELOEWAT	wiktionary_cat	-	-
oceloeuatl	okeloeuat͡ɬ	OKELOEUAT	wiktionary_cat	-	-
ocelome	okelome	OKELOME	wiktionary_cat	-	-
ocelopilli	okelopili	OKELOPILI	wiktionary_cat	-	-
oceloxochitl	okeloʃot͡ʃit͡ɬ	OKELOSOSIT	wiktionary_cat	-	-
oceloyotl	okeloyot͡ɬ	OKELOUOT	wiktionary_cat	-	-
ocelupetlatl	okelupet͡ɬat͡ɬ	OKELUPETAT	wiktionary_cat	-	-
ochpaniztli	ot͡ʃpanist͡ɬi	OSPANISTI	wiktionary_cat	-	-
ococallotl	okokalot͡ɬ	OKOKALOT	wiktionary_cat	-	-
ococentli	okokent͡ɬi	OKOKENTI	wiktionary_cat	-	-
ococenyollohtli	okokenyoloht͡ɬi	OKOKENUOLOHTI	wiktionary_cat	-	-
ococenyollotli	okokenyolot͡ɬi	OKOKENUOLOTI	wiktionary_cat	-	-
ococuahuitl	okokʷawit͡ɬ	OKOKAWIT	wiktionary_cat	-	-
ococuauhtlah	okokʷawt͡ɬah	OKOKAWTAH	wiktionary_cat	-	-
ocoquauhtla	okokawt͡ɬa	OKOKAWTA	wiktionary_cat	-	-
ocoquauitl	okokauit͡ɬ	OKOKAUIT	wiktionary_cat	-	-
ocotl	okot͡ɬ	OKOT	wiktionary_cat	-	-
ocoxochitl	okoʃot͡ʃit͡ɬ	OKOSOSIT	wiktionary_cat	-	-
ocozacatl	okosakat͡ɬ	OKOSAKAT	wiktionary_cat	-	-
octlaliloyan	okt͡ɬaliloyan	OKTALILOUAN	wiktionary_cat	-	-
ocuilin cuacuahueh	okʷilin kʷakʷaweh	OKILINKAKAWEH	wiktionary_cat	-	-
ocuillo	okʷilo	OKILO	wiktionary_cat	-	-
ocuilloh	okʷiloh	OKILOH	wiktionary_cat	-	-
ocuilto	okʷilto	OKILTO	wiktionary_cat	-	-
ocuilton	okʷilton	OKILTON	wiktionary_cat	-	-
ohococuauhtlah	ohokokʷawt͡ɬah	OHOKOKAWTAH	wiktionary_cat	-	-
ohocotlah	ohokot͡ɬah	OHOKOTAH	wiktionary_cat	-	-
ohome	ohome	OHOME	wiktionary_cat	-	-
ohtlatl	oht͡ɬat͡ɬ	OHTAT	wiktionary_cat	-	-
ohuatl	owat͡ɬ	OWAT	wiktionary_cat	-	-
ohueyix metztli	oweyiʃ met͡st͡ɬi	OWEUISMESTI	wiktionary_cat	-	-
ohuihcayotl	owihkayot͡ɬ	OWIHKAUOT	wiktionary_cat	-	-
ohxitl	ohʃit͡ɬ	OHSIT	wiktionary_cat	-	-
olin	olin	OLIN	wiktionary_cat	-	-
olini	olini	OLINI	wiktionary_cat	-	-
ollama	olama	OLAMA	wiktionary_cat	-	-
ollamaliztli	olamalist͡ɬi	OLAMALISTI	wiktionary_cat	-	-
olli	oli	OLI	wiktionary_cat	-	-
ollin	olin	OLIN	wiktionary_cat	-	-
ollo	olo	OLO	wiktionary_cat	-	-
olloh	oloh	OLOH	wiktionary_cat	-	-
om-	om-	OM	wiktionary_cat	-	-
ome	ome	OME	wiktionary_cat	-	-
omicalli	omikali	OMIKALI	wiktionary_cat	-	-
omicicuilli	omikikʷili	OMIKIKILI	wiktionary_cat	-	-
omilhuitl	omilwit͡ɬ	OMILWIT	wiktionary_cat	-	-
ompa	ompa	OMPA	wiktionary_cat	-	-
ompoalilhuitl	ompoalilwit͡ɬ	OMPOALILWIT	wiktionary_cat	-	-
ompoalli	ompoali	OMPOALI	wiktionary_cat	-	-
ompoalli oce	ompoali oke	OMPOALIOKE	wiktionary_cat	-	-
ompoalli omei	ompoali omei	OMPOALIOMEI	wiktionary_cat	-	-
ompoalli ommacuilli	ompoali ommakʷili	OMPOALIOMMAKILI	wiktionary_cat	-	-
ompoalli ommatlactli	ompoali ommat͡ɬakt͡ɬi	OMPOALIOMMATAKTI	wiktionary_cat	-	-
ompoalli omome	ompoali omome	OMPOALIOMOME	wiktionary_cat	-	-
ompoalli onchicome	ompoali ont͡ʃikome	OMPOALIONSIKOME	wiktionary_cat	-	-
ompoalli onchicuei	ompoali ont͡ʃikʷei	OMPOALIONSIKEI	wiktionary_cat	-	-
ompoalli onchicunaui	ompoali ont͡ʃikʷnaui	OMPOALIONSIKNAUI	wiktionary_cat	-	-
ompoalli onchiquace	ompoali ont͡ʃikake	OMPOALIONSIKAKE	wiktionary_cat	-	-
ompoalli onnaui	ompoali onnaui	OMPOALIONNAUI	wiktionary_cat	-	-
ompoalpa	ompoalpa	OMPOALPA	wiktionary_cat	-	-
ompohualilhuitl	ompowalilwit͡ɬ	OMPOWALILWIT	wiktionary_cat	-	-
ompohualli	ompowali	OMPOWALI	wiktionary_cat	-	-
ompohualli omeyi	ompowali omeyi	OMPOWALIOMEUI	wiktionary_cat	-	-
ompohualli ommacuilli	ompowali ommakʷili	OMPOWALIOMMAKILI	wiktionary_cat	-	-
ompohualli ommahtlactli	ompowali ommaht͡ɬakt͡ɬi	OMPOWALIOMMAHTAKTI	wiktionary_cat	-	-
ompohualli omome	ompowali omome	OMPOWALIOMOME	wiktionary_cat	-	-
ompohualli once	ompowali onke	OMPOWALIONKE	wiktionary_cat	-	-
ompohualli onchicome	ompowali ont͡ʃikome	OMPOWALIONSIKOME	wiktionary_cat	-	-
ompohualli onchicuace	ompowali ont͡ʃikʷake	OMPOWALIONSIKAKE	wiktionary_cat	-	-
ompohualli onchicueyi	ompowali ont͡ʃikʷeyi	OMPOWALIONSIKEUI	wiktionary_cat	-	-
ompohualli onchiucnahui	ompowali ont͡ʃiuknawi	OMPOWALIONSIUKNAWI	wiktionary_cat	-	-
ompohualli onnahui	ompowali onnawi	OMPOWALIONNAWI	wiktionary_cat	-	-
ompohualpa	ompowalpa	OMPOWALPA	wiktionary_cat	-	-
ompoualli	ompouali	OMPOUALI	wiktionary_cat	-	-
ompoualli omei	ompouali omei	OMPOUALIOMEI	wiktionary_cat	-	-
ompoualli omey	ompouali omey	OMPOUALIOMEU	wiktionary_cat	-	-
ompoualli ommacuilli	ompouali ommakʷili	OMPOUALIOMMAKILI	wiktionary_cat	-	-
ompoualli ommatlactli	ompouali ommat͡ɬakt͡ɬi	OMPOUALIOMMATAKTI	wiktionary_cat	-	-
ompoualli omome	ompouali omome	OMPOUALIOMOME	wiktionary_cat	-	-
ompoualli once	ompouali onke	OMPOUALIONKE	wiktionary_cat	-	-
ompoualli onchicome	ompouali ont͡ʃikome	OMPOUALIONSIKOME	wiktionary_cat	-	-
ompoualli onchicuei	ompouali ont͡ʃikʷei	OMPOUALIONSIKEI	wiktionary_cat	-	-
ompoualli onchicuey	ompouali ont͡ʃikʷey	OMPOUALIONSIKEU	wiktionary_cat	-	-
ompoualli onchicunaui	ompouali ont͡ʃikʷnaui	OMPOUALIONSIKNAUI	wiktionary_cat	-	-
ompoualli onchiquace	ompouali ont͡ʃikake	OMPOUALIONSIKAKE	wiktionary_cat	-	-
ompoualli onnaui	ompouali onnaui	OMPOUALIONNAUI	wiktionary_cat	-	-
ompoualpa	ompoualpa	OMPOUALPA	wiktionary_cat	-	-
on	on	ON	wiktionary_cat	-	-
oncan	onkan	ONKAN	wiktionary_cat	-	-
ono	ono	ONO	wiktionary_cat	-	-
ontzontli	ont͡sont͡ɬi	ONSONTI	wiktionary_cat	-	-
ontzontli ipan mahtlacpohualli	ont͡sont͡ɬi ipan maht͡ɬakpowali	ONSONTIIPANMAHTAKPOWALI	wiktionary_cat	-	-
onxihuitl	onʃiwit͡ɬ	ONSIWIT	wiktionary_cat	-	-
oocelo	ookelo	OOKELO	wiktionary_cat	-	-
oocoquauhtla	ookokawt͡ɬa	OOKOKAWTA	wiktionary_cat	-	-
oocotla	ookot͡ɬa	OOKOTA	wiktionary_cat	-	-
oome	oome	OOME	wiktionary_cat	-	-
opochmaitl	opot͡ʃmait͡ɬ	OPOSMAIT	wiktionary_cat	-	-
opochmayeh	opot͡ʃmayeh	OPOSMAUEH	wiktionary_cat	-	-
opochmaytl	opot͡ʃmayt͡ɬ	OPOSMAUT	wiktionary_cat	-	-
oppa	oppa	OPPA	wiktionary_cat	-	-
oquich oçomatli	okit͡ʃ oçomat͡ɬi	OKISOOMATI	wiktionary_cat	-	-
oquich quaquaue	okit͡ʃ kakaue	OKISKAKAUE	wiktionary_cat	-	-
oquichchotl	okit͡ʃt͡ʃot͡ɬ	OKISSOT	wiktionary_cat	-	-
oquichcuacuahueh	okit͡ʃkʷakʷaweh	OKISKAKAWEH	wiktionary_cat	-	-
oquichhuah	okit͡ʃwah	OKISWAH	wiktionary_cat	-	-
oquichhuilotl	okit͡ʃwilot͡ɬ	OKISWILOT	wiktionary_cat	-	-
oquichotl	okit͡ʃot͡ɬ	OKISOT	wiktionary_cat	-	-
oquichozomahtli	okit͡ʃosomaht͡ɬi	OKISOSOMAHTI	wiktionary_cat	-	-
oquichoçomatli	okit͡ʃoçomat͡ɬi	OKISOOMATI	wiktionary_cat	-	-
oquichquaquaue	okit͡ʃkakaue	OKISKAKAUE	wiktionary_cat	-	-
oquichua	okit͡ʃua	OKISUA	wiktionary_cat	-	-
oquichuilotl	okit͡ʃuilot͡ɬ	OKISUILOT	wiktionary_cat	-	-
oquichyutl	okit͡ʃyut͡ɬ	OKISUUT	wiktionary_cat	-	-
ostia calli	ostia kali	OSTIAKALI	wiktionary_cat	-	-
otlatl	ot͡ɬat͡ɬ	OTAT	wiktionary_cat	-	-
otli	ot͡ɬi	OTI	wiktionary_cat	-	-
otomi	otomi	OTOMI	wiktionary_cat	-	-
Otomitl	Otomit͡ɬ	0TOMIT	wiktionary_cat	-	-
Otomî	Otomî	0TOM	wiktionary_cat	-	-
otontlahtolli	otont͡ɬahtoli	OTONTAHTOLI	wiktionary_cat	-	-
ouicayotl	ouikayot͡ɬ	OUIKAUOT	wiktionary_cat	-	-
oxinamacac	oʃinamakak	OSINAMAKAK	wiktionary_cat	-	-
oxinamacaque	oʃinamakake	OSINAMAKAKE	wiktionary_cat	-	-
oxitl	oʃit͡ɬ	OSIT	wiktionary_cat	-	-
oyahualiuh metztli	oyawaliw met͡st͡ɬi	OUAWALIWMESTI	wiktionary_cat	-	-
ozomahtli	osomaht͡ɬi	OSOMAHTI	wiktionary_cat	-	-
ozomatli	osomat͡ɬi	OSOMATI	wiktionary_cat	-	-
oztoatl	ostoat͡ɬ	OSTOAT	wiktionary_cat	-	-
oçelotl	oçelot͡ɬ	OELOT	wiktionary_cat	-	-
oçomahtli	oçomaht͡ɬi	OOMAHTI	wiktionary_cat	-	-
oçumatli	oçumat͡ɬi	OUMATI	wiktionary_cat	-	-
-pa	-pa	PA	wiktionary_cat	-	-
paatl	paat͡ɬ	PAAT	wiktionary_cat	-	-
pacalli	pakali	PAKALI	wiktionary_cat	-	-
pachtli	pat͡ʃt͡ɬi	PASTI	wiktionary_cat	-	-
Pachyohcan	Pat͡ʃyohkan	0ASUOHKAN	wiktionary_cat	-	-
pacxixihtli	pakʃiʃiht͡ɬi	PAKSISIHTI	wiktionary_cat	-	-
padre	padre	PADRE	wiktionary_cat	-	-
pahatl	pahat͡ɬ	PAHAT	wiktionary_cat	-	-
pahcalli	pahkali	PAHKALI	wiktionary_cat	-	-
pahpaqui	pahpaki	PAHPAKI	wiktionary_cat	-	-
pahtiliztli	pahtilist͡ɬi	PAHTILISTI	wiktionary_cat	-	-
pahtly	paht͡ɬy	PAHTU	wiktionary_cat	-	-
-pahuic	-pawik	PAWIK	wiktionary_cat	-	-
pamitl	pamit͡ɬ	PAMIT	wiktionary_cat	-	-
-pan	-pan	PAN	wiktionary_cat	-	-
panhuehuetl	panwewet͡ɬ	PANWEWET	wiktionary_cat	-	-
panitl	panit͡ɬ	PANIT	wiktionary_cat	-	-
pano	pano	PANO	wiktionary_cat	-	-
panquetzaliztli	panket͡salist͡ɬi	PANKESALISTI	wiktionary_cat	-	-
pantlalia	pant͡ɬalia	PANTALIA	wiktionary_cat	-	-
pantli	pant͡ɬi	PANTI	wiktionary_cat	-	-
papalotepito	papalotepito	PAPALOTEPITO	wiktionary_cat	-	-
papalotepiton	papalotepiton	PAPALOTEPITON	wiktionary_cat	-	-
Papalotlah	Papalot͡ɬah	0APALOTAH	wiktionary_cat	-	-
papalotontli	papalotont͡ɬi	PAPALOTONTI	wiktionary_cat	-	-
patlachuia	pat͡ɬat͡ʃuia	PATASUIA	wiktionary_cat	-	-
patlana	pat͡ɬana	PATANA	wiktionary_cat	-	-
patli	pat͡ɬi	PATI	wiktionary_cat	-	-
patolli	patoli	PATOLI	wiktionary_cat	-	-
patox	patoʃ	PATOS	wiktionary_cat	-	-
patzca	pat͡ska	PASKA	wiktionary_cat	-	-
Paynal	Paynal	0AUNAL	wiktionary_cat	-	-
paynal	paynal	PAUNAL	wiktionary_cat	-	-
payotl	payot͡ɬ	PAUOT	wiktionary_cat	-	-
pehua	pewa	PEWA	wiktionary_cat	-	-
Pelon	Pelon	0ELON	wiktionary_cat	-	-
pelonichcatl	pelonit͡ʃkat͡ɬ	PELONISKAT	wiktionary_cat	-	-
penitencia	penitenkia	PENITENKIA	wiktionary_cat	-	-
pepechtli	pepet͡ʃt͡ɬi	PEPESTI	wiktionary_cat	-	-
peral cuahuitl	peral kʷawit͡ɬ	PERALKAWIT	wiktionary_cat	-	-
Peru	Peru	0ERU	wiktionary_cat	-	-
petlahua	pet͡ɬawa	PETAWA	wiktionary_cat	-	-
petlani	pet͡ɬani	PETANI	wiktionary_cat	-	-
petlazolcoatl	pet͡ɬasolkoat͡ɬ	PETASOLKOAT	wiktionary_cat	-	-
petlaçolcoatl	pet͡ɬaçolkoat͡ɬ	PETAOLKOAT	wiktionary_cat	-	-
petlaçolcohuatl	pet͡ɬaçolkowat͡ɬ	PETAOLKOWAT	wiktionary_cat	-	-
petlaçolli	pet͡ɬaçoli	PETAOLI	wiktionary_cat	-	-
petztli	pet͡st͡ɬi	PESTI	wiktionary_cat	-	-
peuhyotl	pewyot͡ɬ	PEWUOT	wiktionary_cat	-	-
peyoni	peyoni	PEUONI	wiktionary_cat	-	-
peyotl	peyot͡ɬ	PEUOT	wiktionary_cat	-	-
pezohtli	pesoht͡ɬi	PESOHTI	wiktionary_cat	-	-
pi	pi	PI	wiktionary_cat	-	-
piccatl	pikkat͡ɬ	PIKKAT	wiktionary_cat	-	-
picietl	pikiet͡ɬ	PIKIET	wiktionary_cat	-	-
piciyetl	pikiyet͡ɬ	PIKIUET	wiktionary_cat	-	-
-pil	-pil	PIL	wiktionary_cat	-	-
pilhtzintli	pilht͡sint͡ɬi	PILHSINTI	wiktionary_cat	-	-
piltlahtoani	pilt͡ɬahtoani	PILTAHTOANI	wiktionary_cat	-	-
piltontli	piltont͡ɬi	PILTONTI	wiktionary_cat	-	-
pinolatl	pinolat͡ɬ	PINOLAT	wiktionary_cat	-	-
pinolli	pinoli	PINOLI	wiktionary_cat	-	-
pionacatl	pionakat͡ɬ	PIONAKAT	wiktionary_cat	-	-
piotl	piot͡ɬ	PIOT	wiktionary_cat	-	-
-pipil	-pipil	PIPIL	wiktionary_cat	-	-
pipiltotonti	pipiltotonti	PIPILTOTONTI	wiktionary_cat	-	-
pipiltzitzinti	pipilt͡sit͡sinti	PIPILSISINTI	wiktionary_cat	-	-
pipiolin	pipiolin	PIPIOLIN	wiktionary_cat	-	-
pipitzca	pipit͡ska	PIPISKA	wiktionary_cat	-	-
pipiyoli	pipiyoli	PIPIUOLI	wiktionary_cat	-	-
pipiyolin	pipiyolin	PIPIUOLIN	wiktionary_cat	-	-
pitzahuac ehecatl	pit͡sawak ehekat͡ɬ	PISAWAKEHEKAT	wiktionary_cat	-	-
pitzini	pit͡sini	PISINI	wiktionary_cat	-	-
pitzocalli	pit͡sokali	PISOKALI	wiktionary_cat	-	-
pitzoconetl	pit͡sokonet͡ɬ	PISOKONET	wiktionary_cat	-	-
pixahui	piʃawi	PISAWI	wiktionary_cat	-	-
pixca	piʃka	PISKA	wiktionary_cat	-	-
piyali	piyali	PIUALI	wiktionary_cat	-	-
pochoquauhtitech	pot͡ʃokawtitet͡ʃ	POSOKAWTITES	wiktionary_cat	-	-
pochtecati	pot͡ʃtekati	POSTEKATI	wiktionary_cat	-	-
pochōtl	pot͡ʃoːt͡ɬ	POSOT	wiktionary_cat	-	-
pocyo	pokyo	POKUO	wiktionary_cat	-	-
pocyoh	pokyoh	POKUOH	wiktionary_cat	-	-
poiauhtecatl	poiawtekat͡ɬ	POIAWTEKAT	wiktionary_cat	-	-
-pol	-pol	POL	wiktionary_cat	-	-
polihui	poliwi	POLIWI	wiktionary_cat	-	-
poliuhqui	poliwki	POLIWKI	wiktionary_cat	-	-
poloni	poloni	POLONI	wiktionary_cat	-	-
popucatepetl	popukatepet͡ɬ	POPUKATEPET	wiktionary_cat	-	-
portugallacatl	portugalakat͡ɬ	PORTUGALAKAT	wiktionary_cat	-	-
potza	pot͡sa	POSA	wiktionary_cat	-	-
poxahuac	poʃawak	POSAWAK	wiktionary_cat	-	-
poyahua	poyawa	POUAWA	wiktionary_cat	-	-
poyomiqui	poyomiki	POUOMIKI	wiktionary_cat	-	-
pozolatl	posolat͡ɬ	POSOLAT	wiktionary_cat	-	-
pozolli	posoli	POSOLI	wiktionary_cat	-	-
pozonallotl	posonalot͡ɬ	POSONALOT	wiktionary_cat	-	-
pozoni	posoni	POSONI	wiktionary_cat	-	-
pozonia	posonia	POSONIA	wiktionary_cat	-	-
poztequi	posteki	POSTEKI	wiktionary_cat	-	-
poçonallotl	poçonalot͡ɬ	POONALOT	wiktionary_cat	-	-
pregon	pregon	PREGON	wiktionary_cat	-	-
propheta	propheta	PROPHETA	wiktionary_cat	-	-
puchtecaiotl	put͡ʃtekaiot͡ɬ	PUSTEKAIOT	wiktionary_cat	-	-
puchtecatl	put͡ʃtekat͡ɬ	PUSTEKAT	wiktionary_cat	-	-
puchtecayotl	put͡ʃtekayot͡ɬ	PUSTEKAUOT	wiktionary_cat	-	-
puñal	puñal	PUAL	wiktionary_cat	-	-
puñaltontli	puñaltont͡ɬi	PUALTONTI	wiktionary_cat	-	-
pōchōtl	poːt͡ʃoːt͡ɬ	POSOT	wiktionary_cat	-	-
qu-	k-	K	wiktionary_cat	-	-
qua	ka	KA	wiktionary_cat	-	-
quachcalli	kat͡ʃkali	KASKALI	wiktionary_cat	-	-
quachichil	kat͡ʃit͡ʃil	KASISIL	wiktionary_cat	-	-
quachicpalli	kat͡ʃikpali	KASIKPALI	wiktionary_cat	-	-
quahuitl	kawit͡ɬ	KAWIT	wiktionary_cat	-	-
quaitl	kait͡ɬ	KAIT	wiktionary_cat	-	-
qualli	kali	KALI	wiktionary_cat	-	-
quammaitl	kammait͡ɬ	KAMMAIT	wiktionary_cat	-	-
quammaytl	kammayt͡ɬ	KAMMAUT	wiktionary_cat	-	-
quammitl	kammit͡ɬ	KAMMIT	wiktionary_cat	-	-
quanaca	kanaka	KANAKA	wiktionary_cat	-	-
quappantontli	kappantont͡ɬi	KAPPANTONTI	wiktionary_cat	-	-
quappatolli	kappatoli	KAPPATOLI	wiktionary_cat	-	-
quaquauhtla	kakawt͡ɬa	KAKAWTA	wiktionary_cat	-	-
quauh euatl	kaw euat͡ɬ	KAWEUAT	wiktionary_cat	-	-
quauh icpalli	kaw ikpali	KAWIKPALI	wiktionary_cat	-	-
quauh izuatl	kaw isuat͡ɬ	KAWISUAT	wiktionary_cat	-	-
quauh nanacatl	kaw nanakat͡ɬ	KAWNANAKAT	wiktionary_cat	-	-
quauh ocuilin	kaw okʷilin	KAWOKILIN	wiktionary_cat	-	-
quauhcalli	kawkali	KAWKALI	wiktionary_cat	-	-
quauhchimal	kawt͡ʃimal	KAWSIMAL	wiktionary_cat	-	-
quauhchimalli	kawt͡ʃimali	KAWSIMALI	wiktionary_cat	-	-
quauhcoconetl	kawkokonet͡ɬ	KAWKOKONET	wiktionary_cat	-	-
quauhconetl	kawkonet͡ɬ	KAWKONET	wiktionary_cat	-	-
quauheuatl	kaweuat͡ɬ	KAWEUAT	wiktionary_cat	-	-
quauhiztesuchitl	kawistesut͡ʃit͡ɬ	KAWISTESUSIT	wiktionary_cat	-	-
quauhmiztin	kawmistin	KAWMISTIN	wiktionary_cat	-	-
quauhmiztli	kawmist͡ɬi	KAWMISTI	wiktionary_cat	-	-
quauhnanacatl	kawnanakat͡ɬ	KAWNANAKAT	wiktionary_cat	-	-
quauhocuilin	kawokʷilin	KAWOKILIN	wiktionary_cat	-	-
quauhpatolli	kawpatoli	KAWPATOLI	wiktionary_cat	-	-
Quauhtemallan	Quawtemalan	0UAWTEMALAN	wiktionary_cat	-	-
quauhtentetl	kawtentet͡ɬ	KAWTENTET	wiktionary_cat	-	-
quauhtla	kawt͡ɬa	KAWTA	wiktionary_cat	-	-
quauhtli	kawt͡ɬi	KAWTI	wiktionary_cat	-	-
quauhtontli	kawtont͡ɬi	KAWTONTI	wiktionary_cat	-	-
quauhuatzalli	kawuat͡sali	KAWUASALI	wiktionary_cat	-	-
quauhuatzaltontli	kawuat͡saltont͡ɬi	KAWUASALTONTI	wiktionary_cat	-	-
quauhyztexochitl	kawysteʃot͡ʃit͡ɬ	KAWUSTESOSIT	wiktionary_cat	-	-
quauhyzuatl	kawysuat͡ɬ	KAWUSUAT	wiktionary_cat	-	-
quauitl	kauit͡ɬ	KAUIT	wiktionary_cat	-	-
quaviztisuchitl	kavistisut͡ʃit͡ɬ	KABISTISUSIT	wiktionary_cat	-	-
quaxochtli	kaʃot͡ʃt͡ɬi	KASOSTI	wiktionary_cat	-	-
quecholli	ket͡ʃoli	KESOLI	wiktionary_cat	-	-
quecholtototl	ket͡ʃoltotot͡ɬ	KESOLTOTOT	wiktionary_cat	-	-
quechquemitl	ket͡ʃkemit͡ɬ	KESKEMIT	wiktionary_cat	-	-
quechtli	ket͡ʃt͡ɬi	KESTI	wiktionary_cat	-	-
-queh	-keh	KEH	wiktionary_cat	-	-
quehquelli	kehkeli	KEHKELI	wiktionary_cat	-	-
quemi	kemi	KEMI	wiktionary_cat	-	-
quen	ken	KEN	wiktionary_cat	-	-
quen otitlathuiltic	ken otit͡ɬatwiltik	KENOTITATWILTIK	wiktionary_cat	-	-
quequelli	kekeli	KEKELI	wiktionary_cat	-	-
quequetzalcoa	keket͡salkoa	KEKESALKOA	wiktionary_cat	-	-
quequetzalcoah	keket͡salkoah	KEKESALKOAH	wiktionary_cat	-	-
quequetzolli	keket͡soli	KEKESOLI	wiktionary_cat	-	-
quetza	ket͡sa	KESA	wiktionary_cat	-	-
Quetzalcoatl	Quet͡salkoat͡ɬ	0UESALKOAT	wiktionary_cat	-	-
quetzalli	ket͡sali	KESALI	wiktionary_cat	-	-
quetzalpapalotl	ket͡salpapalot͡ɬ	KESALPAPALOT	wiktionary_cat	-	-
quexilli	keʃili	KESILI	wiktionary_cat	-	-
queyoni	keyoni	KEUONI	wiktionary_cat	-	-
-qui	-ki	KI	wiktionary_cat	-	-
quiahui	kiawi	KIAWI	wiktionary_cat	-	-
quiahuitl	kiawit͡ɬ	KIAWIT	wiktionary_cat	-	-
quiaui	kiaui	KIAUI	wiktionary_cat	-	-
quiauitl	kiauit͡ɬ	KIAUIT	wiktionary_cat	-	-
quil mulli	kil muli	KILMULI	wiktionary_cat	-	-
quilitic	kilitik	KILITIK	wiktionary_cat	-	-
quilito	kilito	KILITO	wiktionary_cat	-	-
quiliton	kiliton	KILITON	wiktionary_cat	-	-
quilmolli	kilmoli	KILMOLI	wiktionary_cat	-	-
quilocuilin	kilokʷilin	KILOKILIN	wiktionary_cat	-	-
quilpalli	kilpali	KILPALI	wiktionary_cat	-	-
quim-	kim-	KIM	wiktionary_cat	-	-
quimichton	kimit͡ʃton	KIMISTON	wiktionary_cat	-	-
quin-	kin-	KIN	wiktionary_cat	-	-
quinamehtli	kinameht͡ɬi	KINAMEHTI	wiktionary_cat	-	-
quinametli	kinamet͡ɬi	KINAMETI	wiktionary_cat	-	-
quiquinatza	kikinat͡sa	KIKINASA	wiktionary_cat	-	-
quitoznequi	kitosneki	KITOSNEKI	wiktionary_cat	-	-
quiyahuitl	kiyawit͡ɬ	KIUAWIT	wiktionary_cat	-	-
quiyauitl	kiyauit͡ɬ	KIUAUIT	wiktionary_cat	-	-
quiyotl	kiyot͡ɬ	KIUOT	wiktionary_cat	-	-
quiyoyo	kiyoyo	KIUOUO	wiktionary_cat	-	-
quiyoyoh	kiyoyoh	KIUOUOH	wiktionary_cat	-	-
quiça	kiça	KIA	wiktionary_cat	-	-
rahuano	rawano	RAWANO	wiktionary_cat	-	-
regidor	regidor	REGIDOR	wiktionary_cat	-	-
Regidor	Regidor	0EGIDOR	wiktionary_cat	-	-
Rexidor	Reʃidor	0ESIDOR	wiktionary_cat	-	-
rosa	rosa	ROSA	wiktionary_cat	-	-
sacerdote	sakerdote	SAKERDOTE	wiktionary_cat	-	-
sacerdoteyotl	sakerdoteyot͡ɬ	SAKERDOTEUOT	wiktionary_cat	-	-
san	san	SAN	wiktionary_cat	-	-
san Agustin teopixqui	san Agustin teopiʃki	SAN0GUSTINTEOPISKI	wiktionary_cat	-	-
san Francisco teopixqui	san Frankisko teopiʃki	SAN0RANKISKOTEOPISKI	wiktionary_cat	-	-
san francisco teupixqui	san frankisko teupiʃki	SANPRANKISKOTEUPISKI	wiktionary_cat	-	-
sancto domingo teupixqui	sankto domingo teupiʃki	SANKTODOMINGOTEUPISKI	wiktionary_cat	-	-
santo Domingo teopixqui	santo Domingo teopiʃki	SANTO0OMINGOTEOPISKI	wiktionary_cat	-	-
Santo Padre ititlan	Santo Padre itit͡ɬan	0ANTO0ADREITITAN	wiktionary_cat	-	-
santo padre ytitlan	santo padre ytit͡ɬan	SANTOPADREUTITAN	wiktionary_cat	-	-
semana	semana	SEMANA	wiktionary_cat	-	-
Spiritu Santo	Spiritu Santo	0PIRITU0ANTO	wiktionary_cat	-	-
Spu Scto	Spu Skto	0PU0KTO	wiktionary_cat	-	-
suchitl	sut͡ʃit͡ɬ	SUSIT	wiktionary_cat	-	-
tacualli	takʷali	TAKALI	wiktionary_cat	-	-
tahtli	taht͡ɬi	TAHTI	wiktionary_cat	-	-
tamalli	tamali	TAMALI	wiktionary_cat	-	-
tamaoc	tamaok	TAMAOK	wiktionary_cat	-	-
tamasolli	tamasoli	TAMASOLI	wiktionary_cat	-	-
tamaçulin	tamaçulin	TAMAULIN	wiktionary_cat	-	-
Tamomox	Tamomoʃ	0AMOMOS	wiktionary_cat	-	-
Tamooc	Tamook	0AMOOK	wiktionary_cat	-	-
tamuoc	tamuok	TAMUOK	wiktionary_cat	-	-
tanahtontli	tanahtont͡ɬi	TANAHTONTI	wiktionary_cat	-	-
taoyutl	taoyut͡ɬ	TAOUUT	wiktionary_cat	-	-
tapalca tlapantli	tapalka t͡ɬapant͡ɬi	TAPALKATAPANTI	wiktionary_cat	-	-
tapalcatemalacatl	tapalkatemalakat͡ɬ	TAPALKATEMALAKAT	wiktionary_cat	-	-
tapalcatl	tapalkat͡ɬ	TAPALKAT	wiktionary_cat	-	-
tapalcatlapantli	tapalkat͡ɬapant͡ɬi	TAPALKATAPANTI	wiktionary_cat	-	-
tata	tata	TATA	wiktionary_cat	-	-
tatapatli	tatapat͡ɬi	TATAPATI	wiktionary_cat	-	-
tatapàtli	tatapàt͡ɬi	TATAPTI	wiktionary_cat	-	-
tatli	tat͡ɬi	TATI	wiktionary_cat	-	-
te	te	TE	wiktionary_cat	-	-
te-	te-	TE	wiktionary_cat	-	-
teahpaztli	teahpast͡ɬi	TEAHPASTI	wiktionary_cat	-	-
tecactli	tekakt͡ɬi	TEKAKTI	wiktionary_cat	-	-
Tecamac	Tekamak	0EKAMAK	wiktionary_cat	-	-
-tech	-tet͡ʃ	TES	wiktionary_cat	-	-
tech-	tet͡ʃ-	TES	wiktionary_cat	-	-
techalotl	tet͡ʃalot͡ɬ	TESALOT	wiktionary_cat	-	-
techan tlacah	tet͡ʃan t͡ɬakah	TESANTAKAH	wiktionary_cat	-	-
techichi	tet͡ʃit͡ʃi	TESISI	wiktionary_cat	-	-
-techpa	-tet͡ʃpa	TESPA	wiktionary_cat	-	-
tecocoa	tekokoa	TEKOKOA	wiktionary_cat	-	-
tecolli	tekoli	TEKOLI	wiktionary_cat	-	-
tecolutl	tekolut͡ɬ	TEKOLUT	wiktionary_cat	-	-
tecomatl	tekomat͡ɬ	TEKOMAT	wiktionary_cat	-	-
tecpan	tekpan	TEKPAN	wiktionary_cat	-	-
tecpancalli	tekpankali	TEKPANKALI	wiktionary_cat	-	-
tecpatl	tekpat͡ɬ	TEKPAT	wiktionary_cat	-	-
tecpilconetl	tekpilkonet͡ɬ	TEKPILKONET	wiktionary_cat	-	-
tecpilli	tekpili	TEKPILI	wiktionary_cat	-	-
tecpin	tekpin	TEKPIN	wiktionary_cat	-	-
tecpintla	tekpint͡ɬa	TEKPINTA	wiktionary_cat	-	-
tecpintlah	tekpint͡ɬah	TEKPINTAH	wiktionary_cat	-	-
tecpintli	tekpint͡ɬi	TEKPINTI	wiktionary_cat	-	-
tecuacan	tekʷakan	TEKAKAN	wiktionary_cat	-	-
tecuampiltontli	tekʷampiltont͡ɬi	TEKAMPILTONTI	wiktionary_cat	-	-
tecuancoaconetl	tekʷankoakonet͡ɬ	TEKANKOAKONET	wiktionary_cat	-	-
tecuancoatl	tekʷankoat͡ɬ	TEKANKOAT	wiktionary_cat	-	-
tecuanconetl	tekʷankonet͡ɬ	TEKANKONET	wiktionary_cat	-	-
tecuanehuatl	tekʷanewat͡ɬ	TEKANEWAT	wiktionary_cat	-	-
tecuani	tekʷani	TEKANI	wiktionary_cat	-	-
tecuani coaconetl	tekʷani koakonet͡ɬ	TEKANIKOAKONET	wiktionary_cat	-	-
tecuappantli	tekʷappant͡ɬi	TEKAPPANTI	wiktionary_cat	-	-
tecuhtli	tekʷht͡ɬi	TEKHTI	wiktionary_cat	-	-
tecuicihtli	tekʷikiht͡ɬi	TEKIKIHTI	wiktionary_cat	-	-
tecuilhuitontli	tekʷilwitont͡ɬi	TEKILWITONTI	wiktionary_cat	-	-
tecuini	tekʷini	TEKINI	wiktionary_cat	-	-
tecutlacoçauhqui	tekʷt͡ɬakoçawki	TEKTAKOAWKI	wiktionary_cat	-	-
tecutli	tekʷt͡ɬi	TEKTI	wiktionary_cat	-	-
tehhuatl	tehwat͡ɬ	TEHWAT	wiktionary_cat	-	-
tehoatl	tehoat͡ɬ	TEHOAT	wiktionary_cat	-	-
tehtetlah	tehtet͡ɬah	TEHTETAH	wiktionary_cat	-	-
Tehuahcan	Tewahkan	0EWAHKAN	wiktionary_cat	-	-
tehuatl	tewat͡ɬ	TEWAT	wiktionary_cat	-	-
tehuilotl	tewilot͡ɬ	TEWILOT	wiktionary_cat	-	-
teixcuepanj	teiʃkʷepanj	TEISKEPANY	wiktionary_cat	-	-
tel	tel	TEL	wiktionary_cat	-	-
telpochchotl	telpot͡ʃt͡ʃot͡ɬ	TELPOSSOT	wiktionary_cat	-	-
telpochotl	telpot͡ʃot͡ɬ	TELPOSOT	wiktionary_cat	-	-
telpochtli	telpot͡ʃt͡ɬi	TELPOSTI	wiktionary_cat	-	-
telpochtontli	telpot͡ʃtont͡ɬi	TELPOSTONTI	wiktionary_cat	-	-
telpochyotl	telpot͡ʃyot͡ɬ	TELPOSUOT	wiktionary_cat	-	-
telpuchchotl	telput͡ʃt͡ʃot͡ɬ	TELPUSSOT	wiktionary_cat	-	-
telpuchtli	telput͡ʃt͡ɬi	TELPUSTI	wiktionary_cat	-	-
telpuchtontli	telput͡ʃtont͡ɬi	TELPUSTONTI	wiktionary_cat	-	-
telpuchyotl	telput͡ʃyot͡ɬ	TELPUSUOT	wiktionary_cat	-	-
temalacatl	temalakat͡ɬ	TEMALAKAT	wiktionary_cat	-	-
temalli	temali	TEMALI	wiktionary_cat	-	-
tematl	temat͡ɬ	TEMAT	wiktionary_cat	-	-
temazatl	temasat͡ɬ	TEMASAT	wiktionary_cat	-	-
Temazcaltepec	Temaskaltepek	0EMASKALTEPEK	wiktionary_cat	-	-
Temazcaltzinco	Temaskalt͡sinko	0EMASKALSINKO	wiktionary_cat	-	-
teme	teme	TEME	wiktionary_cat	-	-
temecahuitequini	temekawitekini	TEMEKAWITEKINI	wiktionary_cat	-	-
temecauitequini	temekauitekini	TEMEKAUITEKINI	wiktionary_cat	-	-
temetzeh	temet͡seh	TEMESEH	wiktionary_cat	-	-
temetztli	temet͡st͡ɬi	TEMESTI	wiktionary_cat	-	-
temo	temo	TEMO	wiktionary_cat	-	-
tenacatl	tenakat͡ɬ	TENAKAT	wiktionary_cat	-	-
tenamaztli	tenamast͡ɬi	TENAMASTI	wiktionary_cat	-	-
tename altepetl	tename altepet͡ɬ	TENAMEALTEPET	wiktionary_cat	-	-
tenameh altepetl	tenameh altepet͡ɬ	TENAMEHALTEPET	wiktionary_cat	-	-
tenantli	tenant͡ɬi	TENANTI	wiktionary_cat	-	-
tenextetl	teneʃtet͡ɬ	TENESTET	wiktionary_cat	-	-
tenextli	teneʃt͡ɬi	TENESTI	wiktionary_cat	-	-
tennamiqui	tennamiki	TENNAMIKI	wiktionary_cat	-	-
Tenochtitlan	Tenot͡ʃtit͡ɬan	0ENOSTITAN	wiktionary_cat	-	-
tenohpallah	tenohpalah	TENOHPALAH	wiktionary_cat	-	-
tenohpalli	tenohpali	TENOHPALI	wiktionary_cat	-	-
tenzacatl	tensakat͡ɬ	TENSAKAT	wiktionary_cat	-	-
teoamoxtli	teoamoʃt͡ɬi	TEOAMOSTI	wiktionary_cat	-	-
teoatl tlahchinolli	teoat͡ɬ t͡ɬaht͡ʃinoli	TEOATTAHSINOLI	wiktionary_cat	-	-
teocalcuitlapilli	teokalkʷit͡ɬapili	TEOKALKITAPILI	wiktionary_cat	-	-
teocalli	teokali	TEOKALI	wiktionary_cat	-	-
teocaltontli	teokaltont͡ɬi	TEOKALTONTI	wiktionary_cat	-	-
teocaltototl	teokaltotot͡ɬ	TEOKALTOTOT	wiktionary_cat	-	-
teochichimecah	teot͡ʃit͡ʃimekah	TEOSISIMEKAH	wiktionary_cat	-	-
teocintli	teokint͡ɬi	TEOKINTI	wiktionary_cat	-	-
teocomitl	teokomit͡ɬ	TEOKOMIT	wiktionary_cat	-	-
teocuitlacuzcatl	teokʷit͡ɬakʷskat͡ɬ	TEOKITAKSKAT	wiktionary_cat	-	-
teocuitlatlalli	teokʷit͡ɬat͡ɬali	TEOKITATALI	wiktionary_cat	-	-
teocuitlaxalli	teokʷit͡ɬaʃali	TEOKITASALI	wiktionary_cat	-	-
teocuytlatl	teokʷyt͡ɬat͡ɬ	TEOKUTAT	wiktionary_cat	-	-
teohcalli	teohkali	TEOHKALI	wiktionary_cat	-	-
teohcihui	teohkiwi	TEOHKIWI	wiktionary_cat	-	-
teomicque	teomikke	TEOMIKKE	wiktionary_cat	-	-
teomicqui	teomikki	TEOMIKKI	wiktionary_cat	-	-
teomilco	teomilko	TEOMILKO	wiktionary_cat	-	-
teonanacatl	teonanakat͡ɬ	TEONANAKAT	wiktionary_cat	-	-
teonochtli	teonot͡ʃt͡ɬi	TEONOSTI	wiktionary_cat	-	-
teopam mahuizzocan	teopam mawissokan	TEOPAMMAWISSOKAN	wiktionary_cat	-	-
teopam mauiçocan	teopam mauiçokan	TEOPAMMAUIOKAN	wiktionary_cat	-	-
teopan	teopan	TEOPAN	wiktionary_cat	-	-
teopantli	teopant͡ɬi	TEOPANTI	wiktionary_cat	-	-
teopantontli	teopantont͡ɬi	TEOPANTONTI	wiktionary_cat	-	-
teopixcacalli	teopiʃkakali	TEOPISKAKALI	wiktionary_cat	-	-
teopixcachantli	teopiʃkat͡ʃant͡ɬi	TEOPISKASANTI	wiktionary_cat	-	-
teopixcatlahtoani	teopiʃkat͡ɬahtoani	TEOPISKATAHTOANI	wiktionary_cat	-	-
teopixcatlatoani	teopiʃkat͡ɬatoani	TEOPISKATATOANI	wiktionary_cat	-	-
teopixcayotl	teopiʃkayot͡ɬ	TEOPISKAUOT	wiktionary_cat	-	-
teopixki	teopiʃki	TEOPISKI	wiktionary_cat	-	-
teopixq̓	teopiʃq̓	TEOPISK	wiktionary_cat	-	-
Teotihuahcan	Teotiwahkan	0EOTIWAHKAN	wiktionary_cat	-	-
teotl	teot͡ɬ	TEOT	wiktionary_cat	-	-
teoyotica tepachoani	teoyotika tepat͡ʃoani	TEOUOTIKATEPASOANI	wiktionary_cat	-	-
teoyotl	teoyot͡ɬ	TEOUOT	wiktionary_cat	-	-
tepachoani	tepat͡ʃoani	TEPASOANI	wiktionary_cat	-	-
tepantlahtoani	tepant͡ɬahtoani	TEPANTAHTOANI	wiktionary_cat	-	-
tepantlàtoani	tepant͡ɬàtoani	TEPANTTOANI	wiktionary_cat	-	-
tepatlachuiani	tepat͡ɬat͡ʃuiani	TEPATASUIANI	wiktionary_cat	-	-
tepechichi	tepet͡ʃit͡ʃi	TEPESISI	wiktionary_cat	-	-
tepeilhuitl	tepeilwit͡ɬ	TEPEILWIT	wiktionary_cat	-	-
tepeitzcuintli	tepeit͡skʷint͡ɬi	TEPEISKINTI	wiktionary_cat	-	-
tepeme	tepeme	TEPEME	wiktionary_cat	-	-
tepeololli	tepeololi	TEPEOLOLI	wiktionary_cat	-	-
tepepoa	tepepoa	TEPEPOA	wiktionary_cat	-	-
tepetla	tepet͡ɬa	TEPETA	wiktionary_cat	-	-
tepetlah	tepet͡ɬah	TEPETAH	wiktionary_cat	-	-
tepetlatl	tepet͡ɬat͡ɬ	TEPETAT	wiktionary_cat	-	-
tepetontli	tepetont͡ɬi	TEPETONTI	wiktionary_cat	-	-
tepeyahualli	tepeyawali	TEPEUAWALI	wiktionary_cat	-	-
tepeyaualli	tepeyauali	TEPEUAUALI	wiktionary_cat	-	-
tepezolconetl	tepesolkonet͡ɬ	TEPESOLKONET	wiktionary_cat	-	-
tepezolin	tepesolin	TEPESOLIN	wiktionary_cat	-	-
tepeçulconetl	tepeçulkonet͡ɬ	TEPEULKONET	wiktionary_cat	-	-
tepeçulin	tepeçulin	TEPEULIN	wiktionary_cat	-	-
tepito	tepito	TEPITO	wiktionary_cat	-	-
tepiton	tepiton	TEPITON	wiktionary_cat	-	-
tepolayotl	tepolayot͡ɬ	TEPOLAUOT	wiktionary_cat	-	-
tepolcamapiccatl	tepolkamapikkat͡ɬ	TEPOLKAMAPIKKAT	wiktionary_cat	-	-
tepolcuaxipeuhcatl	tepolkʷaʃipewkat͡ɬ	TEPOLKASIPEWKAT	wiktionary_cat	-	-
tepoleh cihuatl	tepoleh kiwat͡ɬ	TEPOLEHKIWAT	wiktionary_cat	-	-
tepolehuayotl	tepolewayot͡ɬ	TEPOLEWAUOT	wiktionary_cat	-	-
tepoltzontli	tepolt͡sont͡ɬi	TEPOLSONTI	wiktionary_cat	-	-
teponazoa	teponasoa	TEPONASOA	wiktionary_cat	-	-
teponazoani	teponasoani	TEPONASOANI	wiktionary_cat	-	-
teponazoh	teponasoh	TEPONASOH	wiktionary_cat	-	-
teponazoqueh	teponasokeh	TEPONASOKEH	wiktionary_cat	-	-
teponaztli	teponast͡ɬi	TEPONASTI	wiktionary_cat	-	-
teponaztzatzaztli	teponast͡sat͡sast͡ɬi	TEPONASSASASTI	wiktionary_cat	-	-
Tepotzohtlan	Tepot͡soht͡ɬan	0EPOSOHTAN	wiktionary_cat	-	-
tepozhuitztli	teposwit͡st͡ɬi	TEPOSWISTI	wiktionary_cat	-	-
tepozmaccuahuitl yacapitzahuac	teposmakkʷawit͡ɬ yakapit͡sawak	TEPOSMAKKAWITUAKAPISAWAK	wiktionary_cat	-	-
tepozmaccuauhtepiton	teposmakkʷawtepiton	TEPOSMAKKAWTEPITON	wiktionary_cat	-	-
tepozmaccuauhtontli	teposmakkʷawtont͡ɬi	TEPOSMAKKAWTONTI	wiktionary_cat	-	-
tepozmacuahuitl	teposmakʷawit͡ɬ	TEPOSMAKAWIT	wiktionary_cat	-	-
tepozmahquahuitl	teposmahkawit͡ɬ	TEPOSMAHKAWIT	wiktionary_cat	-	-
tepoztopilli	tepostopili	TEPOSTOPILI	wiktionary_cat	-	-
tepoztopiltontli	tepostopiltont͡ɬi	TEPOSTOPILTONTI	wiktionary_cat	-	-
tepoztzotzopaztli	tepost͡sot͡sopast͡ɬi	TEPOSSOSOPASTI	wiktionary_cat	-	-
tepulayotl	tepulayot͡ɬ	TEPULAUOT	wiktionary_cat	-	-
tepulcama piccatl	tepulkama pikkat͡ɬ	TEPULKAMAPIKKAT	wiktionary_cat	-	-
tepule	tepule	TEPULE	wiktionary_cat	-	-
tepule ciuatl	tepule kiuat͡ɬ	TEPULEKIUAT	wiktionary_cat	-	-
tepuleuayotl	tepuleuayot͡ɬ	TEPULEUAUOT	wiktionary_cat	-	-
tepulli	tepuli	TEPULI	wiktionary_cat	-	-
tepunaztli	tepunast͡ɬi	TEPUNASTI	wiktionary_cat	-	-
tepuzmacquauitl	tepusmakkauit͡ɬ	TEPUSMAKKAUIT	wiktionary_cat	-	-
tepuzquacalalatli	tepuskakalalat͡ɬi	TEPUSKAKALALATI	wiktionary_cat	-	-
tepuztopilhuia	tepustopilwia	TEPUSTOPILWIA	wiktionary_cat	-	-
tepuztopilli	tepustopili	TEPUSTOPILI	wiktionary_cat	-	-
tepuztopiltontli	tepustopiltont͡ɬi	TEPUSTOPILTONTI	wiktionary_cat	-	-
tequampiltontli	tekampiltont͡ɬi	TEKAMPILTONTI	wiktionary_cat	-	-
tequan coacocone	tekan koakokone	TEKANKOAKOKONE	wiktionary_cat	-	-
tequan conetl	tekan konet͡ɬ	TEKANKONET	wiktionary_cat	-	-
tequancoa conetl	tekankoa konet͡ɬ	TEKANKOAKONET	wiktionary_cat	-	-
tequancoaconetl	tekankoakonet͡ɬ	TEKANKOAKONET	wiktionary_cat	-	-
tequanconetl	tekankonet͡ɬ	TEKANKONET	wiktionary_cat	-	-
tequaneuatl	tekaneuat͡ɬ	TEKANEUAT	wiktionary_cat	-	-
tequani	tekani	TEKANI	wiktionary_cat	-	-
tequani coacocone	tekani koakokone	TEKANIKOAKOKONE	wiktionary_cat	-	-
tequani coaconetl	tekani koakonet͡ɬ	TEKANIKOAKONET	wiktionary_cat	-	-
tequiti	tekiti	TEKITI	wiktionary_cat	-	-
tequitl	tekit͡ɬ	TEKIT	wiktionary_cat	-	-
Tequixquiac	Tekiʃkiak	0EKISKIAK	wiktionary_cat	-	-
Tequixquiapan	Tekiʃkiapan	0EKISKIAPAN	wiktionary_cat	-	-
Tequixquitenco	Tekiʃkitenko	0EKISKITENKO	wiktionary_cat	-	-
tequixquitl	tekiʃkit͡ɬ	TEKISKIT	wiktionary_cat	-	-
Tequixquitlah	Tekiʃkit͡ɬah	0EKISKITAH	wiktionary_cat	-	-
tetemaloyan	tetemaloyan	TETEMALOUAN	wiktionary_cat	-	-
tetennamiquiliztli	tetennamikilist͡ɬi	TETENNAMIKILISTI	wiktionary_cat	-	-
Teteoh innan	Teteoh innan	0ETEOHINNAN	wiktionary_cat	-	-
teteoh innan	teteoh innan	TETEOHINNAN	wiktionary_cat	-	-
tetepe	tetepe	TETEPE	wiktionary_cat	-	-
tetetla	tetet͡ɬa	TETETA	wiktionary_cat	-	-
teteuynan	teteuynan	TETEUUNAN	wiktionary_cat	-	-
tetl	tet͡ɬ	TET	wiktionary_cat	-	-
tetla	tet͡ɬa	TETA	wiktionary_cat	-	-
tetlah	tet͡ɬah	TETAH	wiktionary_cat	-	-
tetlatzontequiliani	tet͡ɬat͡sontekiliani	TETASONTEKILIANI	wiktionary_cat	-	-
tetlatzontequililiztli	tet͡ɬat͡sontekililist͡ɬi	TETASONTEKILILISTI	wiktionary_cat	-	-
tetlaçohtlaliztli	tet͡ɬaçoht͡ɬalist͡ɬi	TETAOHTALISTI	wiktionary_cat	-	-
tetlaçotlaliztli	tet͡ɬaçot͡ɬalist͡ɬi	TETAOTALISTI	wiktionary_cat	-	-
tetonalli	tetonali	TETONALI	wiktionary_cat	-	-
tetontli	tetont͡ɬi	TETONTI	wiktionary_cat	-	-
tetzapotl	tet͡sapot͡ɬ	TESAPOT	wiktionary_cat	-	-
tetzilacatl	tet͡silakat͡ɬ	TESILAKAT	wiktionary_cat	-	-
tetzontzapotl	tet͡sont͡sapot͡ɬ	TESONSAPOT	wiktionary_cat	-	-
teucalli	teukali	TEUKALI	wiktionary_cat	-	-
teuchichimeca	teut͡ʃit͡ʃimeka	TEUSISIMEKA	wiktionary_cat	-	-
teuctlacozauhqui	teukt͡ɬakosawki	TEUKTAKOSAWKI	wiktionary_cat	-	-
teuctlacoçauhqui	teukt͡ɬakoçawki	TEUKTAKOAWKI	wiktionary_cat	-	-
teuctli	teukt͡ɬi	TEUKTI	wiktionary_cat	-	-
teucuitlaquauhtẽtetl	teukʷit͡ɬakawtẽtet͡ɬ	TEUKITAKAWTETET	wiktionary_cat	-	-
teuhtla	tewt͡ɬa	TEWTA	wiktionary_cat	-	-
teuhtlah	tewt͡ɬah	TEWTAH	wiktionary_cat	-	-
teuhtli	tewt͡ɬi	TEWTI	wiktionary_cat	-	-
teuhtli tlahzolli	tewt͡ɬi t͡ɬahsoli	TEWTITAHSOLI	wiktionary_cat	-	-
teuhtontli	tewtont͡ɬi	TEWTONTI	wiktionary_cat	-	-
teumilco	teumilko	TEUMILKO	wiktionary_cat	-	-
teupixqui	teupiʃki	TEUPISKI	wiktionary_cat	-	-
teutetl	teutet͡ɬ	TEUTET	wiktionary_cat	-	-
teutl	teut͡ɬ	TEUT	wiktionary_cat	-	-
teuxiujtl	teuʃiujt͡ɬ	TEUSIUYT	wiktionary_cat	-	-
texca	teʃka	TESKA	wiktionary_cat	-	-
texcalli	teʃkali	TESKALI	wiktionary_cat	-	-
texcan	teʃkan	TESKAN	wiktionary_cat	-	-
texocotl	teʃokot͡ɬ	TESOKOT	wiktionary_cat	-	-
texohtic	teʃohtik	TESOHTIK	wiktionary_cat	-	-
textli	teʃt͡ɬi	TESTI	wiktionary_cat	-	-
tezacatl	tesakat͡ɬ	TESAKAT	wiktionary_cat	-	-
tezcatepito	teskatepito	TESKATEPITO	wiktionary_cat	-	-
tezcatepiton	teskatepiton	TESKATEPITON	wiktionary_cat	-	-
tezcatl	teskat͡ɬ	TESKAT	wiktionary_cat	-	-
tezcatontli	teskatont͡ɬi	TESKATONTI	wiktionary_cat	-	-
tezompahtli	tesompaht͡ɬi	TESOMPAHTI	wiktionary_cat	-	-
tezonpatli	tesonpat͡ɬi	TESONPATI	wiktionary_cat	-	-
tezzacatl	tessakat͡ɬ	TESSAKAT	wiktionary_cat	-	-
teçacatl	teçakat͡ɬ	TEAKAT	wiktionary_cat	-	-
teçonpahtli	teçonpaht͡ɬi	TEONPAHTI	wiktionary_cat	-	-
theopixqui	theopiʃki	THEOPISKI	wiktionary_cat	-	-
theotl	theot͡ɬ	THEOT	wiktionary_cat	-	-
-ti-	-ti-	TI	wiktionary_cat	-	-
ti-	ti-	TI	wiktionary_cat	-	-
tiamicacalli	tiamikakali	TIAMIKAKALI	wiktionary_cat	-	-
tiamiqui	tiamiki	TIAMIKI	wiktionary_cat	-	-
tianquiztli	tiankist͡ɬi	TIANKISTI	wiktionary_cat	-	-
ticiotl	tikiot͡ɬ	TIKIOT	wiktionary_cat	-	-
ticiyotl	tikiyot͡ɬ	TIKIUOT	wiktionary_cat	-	-
-ticpac	-tikpak	TIKPAK	wiktionary_cat	-	-
tilmahocuilin	tilmahokʷilin	TILMAHOKILIN	wiktionary_cat	-	-
tilmahtli	tilmaht͡ɬi	TILMAHTI	wiktionary_cat	-	-
tilmaocuilin	tilmaokʷilin	TILMAOKILIN	wiktionary_cat	-	-
tilmatli	tilmat͡ɬi	TILMATI	wiktionary_cat	-	-
-tin	-tin	TIN	wiktionary_cat	-	-
-titlan	-tit͡ɬan	TITAN	wiktionary_cat	-	-
titlantli	tit͡ɬant͡ɬi	TITANTI	wiktionary_cat	-	-
titlapallahcuilohqueh	tit͡ɬapalahkʷilohkeh	TITAPALAHKILOHKEH	wiktionary_cat	-	-
titlapallácuilóque	tit͡ɬapalákʷilóke	TITAPALKILKE	wiktionary_cat	-	-
tiyamicacalli	tiyamikakali	TIUAMIKAKALI	wiktionary_cat	-	-
tiyanquiztli	tiyankist͡ɬi	TIUANKISTI	wiktionary_cat	-	-
Tizayohcan	Tisayohkan	0ISAUOHKAN	wiktionary_cat	-	-
tiçatl	tiçat͡ɬ	TIAT	wiktionary_cat	-	-
-tl	-t͡ɬ	T	wiktionary_cat	-	-
tla-	t͡ɬa-	TA	wiktionary_cat	-	-
tlaayotilli	t͡ɬaayotili	TAAUOTILI	wiktionary_cat	-	-
tlaayotilli vino	t͡ɬaayotili vino	TAAUOTILIBINO	wiktionary_cat	-	-
tlaca	t͡ɬaka	TAKA	wiktionary_cat	-	-
tlacahuah	t͡ɬakawah	TAKAWAH	wiktionary_cat	-	-
tlacahuilotl	t͡ɬakawilot͡ɬ	TAKAWILOT	wiktionary_cat	-	-
tlacamaye tecuani	t͡ɬakamaye tekʷani	TAKAMAUETEKANI	wiktionary_cat	-	-
tlacamaye tequani	t͡ɬakamaye tekani	TAKAMAUETEKANI	wiktionary_cat	-	-
tlacamayeh	t͡ɬakamayeh	TAKAMAUEH	wiktionary_cat	-	-
tlacamayeh tecuani	t͡ɬakamayeh tekʷani	TAKAMAUEHTEKANI	wiktionary_cat	-	-
tlacamaçatl	t͡ɬakamaçat͡ɬ	TAKAMAAT	wiktionary_cat	-	-
tlacametl	t͡ɬakamet͡ɬ	TAKAMET	wiktionary_cat	-	-
tlacamichin	t͡ɬakamit͡ʃin	TAKAMISIN	wiktionary_cat	-	-
tlacanacatl	t͡ɬakanakat͡ɬ	TAKANAKAT	wiktionary_cat	-	-
tlacatecolo ciuatl	t͡ɬakatekolo kiuat͡ɬ	TAKATEKOLOKIUAT	wiktionary_cat	-	-
tlacatecolocihuatl	t͡ɬakatekolokiwat͡ɬ	TAKATEKOLOKIWAT	wiktionary_cat	-	-
tlacatecolooquichtli	t͡ɬakatekolookit͡ʃt͡ɬi	TAKATEKOLOOKISTI	wiktionary_cat	-	-
tlacatecolotlahtolli	t͡ɬakatekolot͡ɬahtoli	TAKATEKOLOTAHTOLI	wiktionary_cat	-	-
tlacatecoloxocohuitztli	t͡ɬakatekoloʃokowit͡st͡ɬi	TAKATEKOLOSOKOWISTI	wiktionary_cat	-	-
tlacatiliz ylhuitl	t͡ɬakatilis ylwit͡ɬ	TAKATILISULWIT	wiktionary_cat	-	-
tlacatilizilhuitl	t͡ɬakatilisilwit͡ɬ	TAKATILISILWIT	wiktionary_cat	-	-
tlacatl	t͡ɬakat͡ɬ	TAKAT	wiktionary_cat	-	-
tlacatlacuilo	t͡ɬakat͡ɬakʷilo	TAKATAKILO	wiktionary_cat	-	-
tlacatlacuiloliztli	t͡ɬakat͡ɬakʷilolist͡ɬi	TAKATAKILOLISTI	wiktionary_cat	-	-
tlacatli	t͡ɬakat͡ɬi	TAKATI	wiktionary_cat	-	-
tlacaua	t͡ɬakaua	TAKAUA	wiktionary_cat	-	-
tlacaxinachtli	t͡ɬakaʃinat͡ʃt͡ɬi	TAKASINASTI	wiktionary_cat	-	-
tlacaxipehualiztli	t͡ɬakaʃipewalist͡ɬi	TAKASIPEWALISTI	wiktionary_cat	-	-
tlacaçolchichiuale	t͡ɬakaçolt͡ʃit͡ʃiuale	TAKAOLSISIUALE	wiktionary_cat	-	-
tlachcayotl	t͡ɬat͡ʃkayot͡ɬ	TASKAUOT	wiktionary_cat	-	-
Tlachco	Tlat͡ʃko	0LASKO	wiktionary_cat	-	-
Tlachcoapan	Tlat͡ʃkoapan	0LASKOAPAN	wiktionary_cat	-	-
tlachialoyan	t͡ɬat͡ʃialoyan	TASIALOUAN	wiktionary_cat	-	-
tlachihualiztli	t͡ɬat͡ʃiwalist͡ɬi	TASIWALISTI	wiktionary_cat	-	-
tlachihualtontli	t͡ɬat͡ʃiwaltont͡ɬi	TASIWALTONTI	wiktionary_cat	-	-
tlachioalli	t͡ɬat͡ʃioali	TASIOALI	wiktionary_cat	-	-
tlachiualli	t͡ɬat͡ʃiuali	TASIUALI	wiktionary_cat	-	-
tlachiualtontli	t͡ɬat͡ʃiualtont͡ɬi	TASIUALTONTI	wiktionary_cat	-	-
tlachiuhtontli	t͡ɬat͡ʃiwtont͡ɬi	TASIWTONTI	wiktionary_cat	-	-
tlachtli	t͡ɬat͡ʃt͡ɬi	TASTI	wiktionary_cat	-	-
tlachueyac	t͡ɬat͡ʃueyak	TASUEUAK	wiktionary_cat	-	-
tlacohtontli	t͡ɬakohtont͡ɬi	TAKOHTONTI	wiktionary_cat	-	-
tlacotl	t͡ɬakot͡ɬ	TAKOT	wiktionary_cat	-	-
tlacotli	t͡ɬakot͡ɬi	TAKOTI	wiktionary_cat	-	-
tlacotontli	t͡ɬakotont͡ɬi	TAKOTONTI	wiktionary_cat	-	-
tlactli	t͡ɬakt͡ɬi	TAKTI	wiktionary_cat	-	-
tlacua	t͡ɬakʷa	TAKA	wiktionary_cat	-	-
tlacuachin	t͡ɬakʷat͡ʃin	TAKASIN	wiktionary_cat	-	-
tlacuahuac	t͡ɬakʷawak	TAKAWAK	wiktionary_cat	-	-
tlacuahuac tecpatl	t͡ɬakʷawak tekpat͡ɬ	TAKAWAKTEKPAT	wiktionary_cat	-	-
tlacualcalli	t͡ɬakʷalkali	TAKALKALI	wiktionary_cat	-	-
tlacualli	t͡ɬakʷali	TAKALI	wiktionary_cat	-	-
tlacuatzin	t͡ɬakʷat͡sin	TAKASIN	wiktionary_cat	-	-
tlacuelpacholli	t͡ɬakʷelpat͡ʃoli	TAKELPASOLI	wiktionary_cat	-	-
tlacuexcochtiloni	t͡ɬakʷeʃkot͡ʃtiloni	TAKESKOSTILONI	wiktionary_cat	-	-
tlacuiloh	t͡ɬakʷiloh	TAKILOH	wiktionary_cat	-	-
tlacuilolli	t͡ɬakʷiloli	TAKILOLI	wiktionary_cat	-	-
-tlah	-t͡ɬah	TAH	wiktionary_cat	-	-
tlahciuhqui	t͡ɬahkiwki	TAHKIWKI	wiktionary_cat	-	-
tlahcomiztli	t͡ɬahkomist͡ɬi	TAHKOMISTI	wiktionary_cat	-	-
tlahcoocelotl	t͡ɬahkookelot͡ɬ	TAHKOOKELOT	wiktionary_cat	-	-
tlahcuilolli	t͡ɬahkʷiloli	TAHKILOLI	wiktionary_cat	-	-
tlahtlamaliztli	t͡ɬaht͡ɬamalist͡ɬi	TAHTAMALISTI	wiktionary_cat	-	-
tlahtoaniton	t͡ɬahtoaniton	TAHTOANITON	wiktionary_cat	-	-
tlahtocayotl	t͡ɬahtokayot͡ɬ	TAHTOKAUOT	wiktionary_cat	-	-
tlahtohcapilli	t͡ɬahtohkapili	TAHTOHKAPILI	wiktionary_cat	-	-
tlahtohcatepiton	t͡ɬahtohkatepiton	TAHTOHKATEPITON	wiktionary_cat	-	-
tlahtohcatlatquitl	t͡ɬahtohkat͡ɬatkit͡ɬ	TAHTOHKATATKIT	wiktionary_cat	-	-
tlahtohcatontli	t͡ɬahtohkatont͡ɬi	TAHTOHKATONTI	wiktionary_cat	-	-
tlahtohcatopilli	t͡ɬahtohkatopili	TAHTOHKATOPILI	wiktionary_cat	-	-
tlahtohcayoh	t͡ɬahtohkayoh	TAHTOHKAUOH	wiktionary_cat	-	-
tlahtolmatiliztli	t͡ɬahtolmatilist͡ɬi	TAHTOLMATILISTI	wiktionary_cat	-	-
tlahtolpeuhcayotl	t͡ɬahtolpewkayot͡ɬ	TAHTOLPEWKAUOT	wiktionary_cat	-	-
tlahuantli	t͡ɬawant͡ɬi	TAWANTI	wiktionary_cat	-	-
tlahueliloc	t͡ɬawelilok	TAWELILOK	wiktionary_cat	-	-
tlahuelilocamati	t͡ɬawelilokamati	TAWELILOKAMATI	wiktionary_cat	-	-
tlahuelpochtli	t͡ɬawelpot͡ʃt͡ɬi	TAWELPOSTI	wiktionary_cat	-	-
tlahuilcalli	t͡ɬawilkali	TAWILKALI	wiktionary_cat	-	-
tlahuilli	t͡ɬawili	TAWILI	wiktionary_cat	-	-
tlahuilloh	t͡ɬawiloh	TAWILOH	wiktionary_cat	-	-
tlahuiztli	t͡ɬawist͡ɬi	TAWISTI	wiktionary_cat	-	-
tlahxilli	t͡ɬahʃili	TAHSILI	wiktionary_cat	-	-
tlahzolli	t͡ɬahsoli	TAHSOLI	wiktionary_cat	-	-
tlaiooalli	t͡ɬaiooali	TAIOOALI	wiktionary_cat	-	-
tlaixxo	t͡ɬaiʃʃo	TAISSO	wiktionary_cat	-	-
tlaixxoh	t͡ɬaiʃʃoh	TAISSOH	wiktionary_cat	-	-
tlalaala	t͡ɬalaala	TALAALA	wiktionary_cat	-	-
tlalaalatlah	t͡ɬalaalat͡ɬah	TALAALATAH	wiktionary_cat	-	-
tlalalacatl	t͡ɬalalakat͡ɬ	TALALAKAT	wiktionary_cat	-	-
tlalchichi	t͡ɬalt͡ʃit͡ʃi	TALSISI	wiktionary_cat	-	-
tlalcoyotl	t͡ɬalkoyot͡ɬ	TALKOUOT	wiktionary_cat	-	-
tlalcoyutl	t͡ɬalkoyut͡ɬ	TALKOUUT	wiktionary_cat	-	-
tlalcuyutl	t͡ɬalkʷyut͡ɬ	TALKUUT	wiktionary_cat	-	-
tlalhticpactli	t͡ɬalhtikpakt͡ɬi	TALHTIKPAKTI	wiktionary_cat	-	-
Tlalnepantlah	Tlalnepant͡ɬah	0LALNEPANTAH	wiktionary_cat	-	-
Tlaloc	Tlalok	0LALOK	wiktionary_cat	-	-
tlalocahuehuetqueh	t͡ɬalokawewetkeh	TALOKAWEWETKEH	wiktionary_cat	-	-
tlalocan	t͡ɬalokan	TALOKAN	wiktionary_cat	-	-
tlalocelotl	t͡ɬalokelot͡ɬ	TALOKELOT	wiktionary_cat	-	-
tlalohqueh	t͡ɬalohkeh	TALOHKEH	wiktionary_cat	-	-
tlalolin	t͡ɬalolin	TALOLIN	wiktionary_cat	-	-
tlaltetontli	t͡ɬaltetont͡ɬi	TALTETONTI	wiktionary_cat	-	-
tlalteuhnemitia	t͡ɬaltewnemitia	TALTEWNEMITIA	wiktionary_cat	-	-
tlalticpacquiça	t͡ɬaltikpakkiça	TALTIKPAKKIA	wiktionary_cat	-	-
tlalticpactli	t͡ɬaltikpakt͡ɬi	TALTIKPAKTI	wiktionary_cat	-	-
tlalxiquipilli	t͡ɬalʃikipili	TALSIKIPILI	wiktionary_cat	-	-
tlamahuizolli	t͡ɬamawisoli	TAMAWISOLI	wiktionary_cat	-	-
tlamahuizoltica	t͡ɬamawisoltika	TAMAWISOLTIKA	wiktionary_cat	-	-
tlamahuiçoltica	t͡ɬamawiçoltika	TAMAWIOLTIKA	wiktionary_cat	-	-
tlamanaliztli	t͡ɬamanalist͡ɬi	TAMANALISTI	wiktionary_cat	-	-
tlamanitiliztli	t͡ɬamanitilist͡ɬi	TAMANITILISTI	wiktionary_cat	-	-
tlamatzoalcaxitl	t͡ɬamat͡soalkaʃit͡ɬ	TAMASOALKASIT	wiktionary_cat	-	-
tlamatzoalli	t͡ɬamat͡soali	TAMASOALI	wiktionary_cat	-	-
tlamatzohualcaxitl	t͡ɬamat͡sowalkaʃit͡ɬ	TAMASOWALKASIT	wiktionary_cat	-	-
tlamatzohualli	t͡ɬamat͡sowali	TAMASOWALI	wiktionary_cat	-	-
tlamatzoualcaxitl	t͡ɬamat͡soualkaʃit͡ɬ	TAMASOUALKASIT	wiktionary_cat	-	-
tlaminqui	t͡ɬaminki	TAMINKI	wiktionary_cat	-	-
-tlan	-t͡ɬan	TAN	wiktionary_cat	-	-
tlancuaitl	t͡ɬankʷait͡ɬ	TANKAIT	wiktionary_cat	-	-
tlanequiliztli	t͡ɬanekilist͡ɬi	TANEKILISTI	wiktionary_cat	-	-
tlanextli	t͡ɬaneʃt͡ɬi	TANESTI	wiktionary_cat	-	-
tlanomitl	t͡ɬanomit͡ɬ	TANOMIT	wiktionary_cat	-	-
tlaoctacaantli	t͡ɬaoktakaant͡ɬi	TAOKTAKAANTI	wiktionary_cat	-	-
tlapalantli	t͡ɬapalant͡ɬi	TAPALANTI	wiktionary_cat	-	-
tlapallahcuilohqueh	t͡ɬapalahkʷilohkeh	TAPALAHKILOHKEH	wiktionary_cat	-	-
tlapalli	t͡ɬapali	TAPALI	wiktionary_cat	-	-
tlapallácuiló	t͡ɬapalákʷiló	TAPALKIL	wiktionary_cat	-	-
tlapallácuilóque	t͡ɬapalákʷilóke	TAPALKILKE	wiktionary_cat	-	-
tlapaloctli	t͡ɬapalokt͡ɬi	TAPALOKTI	wiktionary_cat	-	-
tlapaltehuilotl	t͡ɬapaltewilot͡ɬ	TAPALTEWILOT	wiktionary_cat	-	-
tlapalteuilotl	t͡ɬapalteuilot͡ɬ	TAPALTEUILOT	wiktionary_cat	-	-
tlapechtli	t͡ɬapet͡ʃt͡ɬi	TAPESTI	wiktionary_cat	-	-
tlapetlani	t͡ɬapet͡ɬani	TAPETANI	wiktionary_cat	-	-
tlapitzalli	t͡ɬapit͡sali	TAPISALI	wiktionary_cat	-	-
tlapoa	t͡ɬapoa	TAPOA	wiktionary_cat	-	-
tlapohualiztli	t͡ɬapowalist͡ɬi	TAPOWALISTI	wiktionary_cat	-	-
tlapoyahua	t͡ɬapoyawa	TAPOUAWA	wiktionary_cat	-	-
tlaqualli	t͡ɬakali	TAKALI	wiktionary_cat	-	-
tlaquauac	t͡ɬakauak	TAKAUAK	wiktionary_cat	-	-
tlaquauac tecpatl	t͡ɬakauak tekpat͡ɬ	TAKAUAKTEKPAT	wiktionary_cat	-	-
tlaquetza	t͡ɬaket͡sa	TAKESA	wiktionary_cat	-	-
tlatatactli	t͡ɬatatakt͡ɬi	TATATAKTI	wiktionary_cat	-	-
tlatatactzaccayotl	t͡ɬatatakt͡sakkayot͡ɬ	TATATAKSAKKAUOT	wiktionary_cat	-	-
tlatehuiliztli	t͡ɬatewilist͡ɬi	TATEWILISTI	wiktionary_cat	-	-
tlateochihualatl	t͡ɬateot͡ʃiwalat͡ɬ	TATEOSIWALAT	wiktionary_cat	-	-
tlateochihuallaxcalli	t͡ɬateot͡ʃiwalaʃkali	TATEOSIWALASKALI	wiktionary_cat	-	-
tlateochiualatl	t͡ɬateot͡ʃiualat͡ɬ	TATEOSIUALAT	wiktionary_cat	-	-
tlatepuztopilhuilli	t͡ɬatepustopilwili	TATEPUSTOPILWILI	wiktionary_cat	-	-
tlatetzauhtli	t͡ɬatet͡sawt͡ɬi	TATESAWTI	wiktionary_cat	-	-
tlatia	t͡ɬatia	TATIA	wiktionary_cat	-	-
tlatl	t͡ɬat͡ɬ	TAT	wiktionary_cat	-	-
tlatla	t͡ɬat͡ɬa	TATA	wiktionary_cat	-	-
tlatlacolli	t͡ɬat͡ɬakoli	TATAKOLI	wiktionary_cat	-	-
tlatlacoua	t͡ɬat͡ɬakoua	TATAKOUA	wiktionary_cat	-	-
tlatlacouani	t͡ɬat͡ɬakouani	TATAKOUANI	wiktionary_cat	-	-
tlatlamaliztli	t͡ɬat͡ɬamalist͡ɬi	TATAMALISTI	wiktionary_cat	-	-
tlatlapoloni	t͡ɬat͡ɬapoloni	TATAPOLONI	wiktionary_cat	-	-
tlatlapoloniton	t͡ɬat͡ɬapoloniton	TATAPOLONITON	wiktionary_cat	-	-
tlatlatlahtlalilli	t͡ɬat͡ɬat͡ɬaht͡ɬalili	TATATAHTALILI	wiktionary_cat	-	-
tlatlatlatlalilli	t͡ɬat͡ɬat͡ɬat͡ɬalili	TATATATALILI	wiktionary_cat	-	-
tlatoani	t͡ɬatoani	TATOANI	wiktionary_cat	-	-
tlatocaiotl	t͡ɬatokaiot͡ɬ	TATOKAIOT	wiktionary_cat	-	-
tlatocapilli	t͡ɬatokapili	TATOKAPILI	wiktionary_cat	-	-
tlatocatontli	t͡ɬatokatont͡ɬi	TATOKATONTI	wiktionary_cat	-	-
tlatocayotl	t͡ɬatokayot͡ɬ	TATOKAUOT	wiktionary_cat	-	-
tlatolli	t͡ɬatoli	TATOLI	wiktionary_cat	-	-
tlatolpeuhcayotl	t͡ɬatolpewkayot͡ɬ	TATOLPEWKAUOT	wiktionary_cat	-	-
tlatquihuah	t͡ɬatkiwah	TATKIWAH	wiktionary_cat	-	-
tlatquiua	t͡ɬatkiua	TATKIUA	wiktionary_cat	-	-
tlatzcan	t͡ɬat͡skan	TASKAN	wiktionary_cat	-	-
tlatzihui	t͡ɬat͡siwi	TASIWI	wiktionary_cat	-	-
tlatzontequilia	t͡ɬat͡sontekilia	TASONTEKILIA	wiktionary_cat	-	-
tlauhquecholli	t͡ɬawket͡ʃoli	TAWKESOLI	wiktionary_cat	-	-
tlauilcalli	t͡ɬauilkali	TAUILKALI	wiktionary_cat	-	-
tlauilli	t͡ɬauili	TAUILI	wiktionary_cat	-	-
tlauillo	t͡ɬauilo	TAUILO	wiktionary_cat	-	-
tlaulli	t͡ɬauli	TAULI	wiktionary_cat	-	-
tlaxcalatolli	t͡ɬaʃkalatoli	TASKALATOLI	wiktionary_cat	-	-
tlaxcalchilatl	t͡ɬaʃkalt͡ʃilat͡ɬ	TASKALSILAT	wiktionary_cat	-	-
tlaxcalchiquihuitl	t͡ɬaʃkalt͡ʃikiwit͡ɬ	TASKALSIKIWIT	wiktionary_cat	-	-
tlaxcalchiquiuitl	t͡ɬaʃkalt͡ʃikiuit͡ɬ	TASKALSIKIUIT	wiktionary_cat	-	-
tlaxcalli	t͡ɬaʃkali	TASKALI	wiktionary_cat	-	-
tlaxcalmimilyahualtontli	t͡ɬaʃkalmimilyawaltont͡ɬi	TASKALMIMILUAWALTONTI	wiktionary_cat	-	-
tlaxcalmimilyaualtontli	t͡ɬaʃkalmimilyaualtont͡ɬi	TASKALMIMILUAUALTONTI	wiktionary_cat	-	-
tlaxcalpacholli	t͡ɬaʃkalpat͡ʃoli	TASKALPASOLI	wiktionary_cat	-	-
tlaxcaltecatl	t͡ɬaʃkaltekat͡ɬ	TASKALTEKAT	wiktionary_cat	-	-
tlaxcaltexcalli	t͡ɬaʃkalteʃkali	TASKALTESKALI	wiktionary_cat	-	-
tlaxilli	t͡ɬaʃili	TASILI	wiktionary_cat	-	-
tlaxtlahuileh	t͡ɬaʃt͡ɬawileh	TASTAWILEH	wiktionary_cat	-	-
tlaxtlahuilli	t͡ɬaʃt͡ɬawili	TASTAWILI	wiktionary_cat	-	-
tlaxtlahuiltontli	t͡ɬaʃt͡ɬawiltont͡ɬi	TASTAWILTONTI	wiktionary_cat	-	-
tlaxtlauile	t͡ɬaʃt͡ɬauile	TASTAUILE	wiktionary_cat	-	-
tlaxtlauiltontli	t͡ɬaʃt͡ɬauiltont͡ɬi	TASTAUILTONTI	wiktionary_cat	-	-
tlayelpaquiliztli	t͡ɬayelpakilist͡ɬi	TAUELPAKILISTI	wiktionary_cat	-	-
tlayoalli	t͡ɬayoali	TAUOALI	wiktionary_cat	-	-
tlayolli	t͡ɬayoli	TAUOLI	wiktionary_cat	-	-
tlaza	t͡ɬasa	TASA	wiktionary_cat	-	-
tlazohcamati	t͡ɬasohkamati	TASOHKAMATI	wiktionary_cat	-	-
tlazohnantzintli	t͡ɬasohnant͡sint͡ɬi	TASOHNANSINTI	wiktionary_cat	-	-
tlazohtli	t͡ɬasoht͡ɬi	TASOHTI	wiktionary_cat	-	-
tlazolcolotl	t͡ɬasolkolot͡ɬ	TASOLKOLOT	wiktionary_cat	-	-
tlazolli	t͡ɬasoli	TASOLI	wiktionary_cat	-	-
tlazolloh	t͡ɬasoloh	TASOLOH	wiktionary_cat	-	-
tlazololololoni	t͡ɬasololololoni	TASOLOLOLOLONI	wiktionary_cat	-	-
tlazololololoniton	t͡ɬasololololoniton	TASOLOLOLOLONITON	wiktionary_cat	-	-
tlaçolli	t͡ɬaçoli	TAOLI	wiktionary_cat	-	-
tlaçollo	t͡ɬaçolo	TAOLO	wiktionary_cat	-	-
tlaçololololoni	t͡ɬaçololololoni	TAOLOLOLOLONI	wiktionary_cat	-	-
tlaçololololonito	t͡ɬaçololololonito	TAOLOLOLOLONITO	wiktionary_cat	-	-
tlaçotla	t͡ɬaçot͡ɬa	TAOTA	wiktionary_cat	-	-
tlaçotli	t͡ɬaçot͡ɬi	TAOTI	wiktionary_cat	-	-
tleatoyatl	t͡ɬeatoyat͡ɬ	TEATOUAT	wiktionary_cat	-	-
tlecalli	t͡ɬekali	TEKALI	wiktionary_cat	-	-
tlecuauhtli	t͡ɬekʷawt͡ɬi	TEKAWTI	wiktionary_cat	-	-
tlecuiltontli	t͡ɬekʷiltont͡ɬi	TEKILTONTI	wiktionary_cat	-	-
tleh	t͡ɬeh	TEH	wiktionary_cat	-	-
tlein	t͡ɬein	TEIN	wiktionary_cat	-	-
tlemolli	t͡ɬemoli	TEMOLI	wiktionary_cat	-	-
tlen	t͡ɬen	TEN	wiktionary_cat	-	-
tlequiquiztlaltema	t͡ɬekikist͡ɬaltema	TEKIKISTALTEMA	wiktionary_cat	-	-
tlequiquiztlalxoquiyac	t͡ɬekikist͡ɬalʃokiyak	TEKIKISTALSOKIUAK	wiktionary_cat	-	-
tletepiton	t͡ɬetepiton	TETEPITON	wiktionary_cat	-	-
tletl	t͡ɬet͡ɬ	TET	wiktionary_cat	-	-
tletontli	t͡ɬetont͡ɬi	TETONTI	wiktionary_cat	-	-
tletzintli	t͡ɬet͡sint͡ɬi	TESINTI	wiktionary_cat	-	-
-tli	-t͡ɬi	TI	wiktionary_cat	-	-
tlilatl	t͡ɬilat͡ɬ	TILAT	wiktionary_cat	-	-
tlilcoatl	t͡ɬilkoat͡ɬ	TILKOAT	wiktionary_cat	-	-
tlilli tlapalli	t͡ɬili t͡ɬapali	TILITAPALI	wiktionary_cat	-	-
tliltetl	t͡ɬiltet͡ɬ	TILTET	wiktionary_cat	-	-
tliltzapotl	t͡ɬilt͡sapot͡ɬ	TILSAPOT	wiktionary_cat	-	-
tlilxochitl	t͡ɬilʃot͡ʃit͡ɬ	TILSOSIT	wiktionary_cat	-	-
tlilxuchitl	t͡ɬilʃut͡ʃit͡ɬ	TILSUSIT	wiktionary_cat	-	-
-tloc	-t͡ɬok	TOK	wiktionary_cat	-	-
tlotli	t͡ɬot͡ɬi	TOTI	wiktionary_cat	-	-
tlàtlacoāni	t͡ɬàt͡ɬakoaːni	TTAKOANI	wiktionary_cat	-	-
tlàtōlli	t͡ɬàtoːli	TTOLI	wiktionary_cat	-	-
to-	to-	TO	wiktionary_cat	-	-
toca amatl	toka amat͡ɬ	TOKAAMAT	wiktionary_cat	-	-
tocaamatl	tokaamat͡ɬ	TOKAAMAT	wiktionary_cat	-	-
tocatzaoalli	tokat͡saoali	TOKASAOALI	wiktionary_cat	-	-
tochcalli	tot͡ʃkali	TOSKALI	wiktionary_cat	-	-
tochohmitl	tot͡ʃohmit͡ɬ	TOSOHMIT	wiktionary_cat	-	-
tochomitl	tot͡ʃomit͡ɬ	TOSOMIT	wiktionary_cat	-	-
Tochpan	Tot͡ʃpan	0OSPAN	wiktionary_cat	-	-
Tochtepec	Tot͡ʃtepek	0OSTEPEK	wiktionary_cat	-	-
tochtepiton	tot͡ʃtepiton	TOSTEPITON	wiktionary_cat	-	-
Tochtlah	Tot͡ʃt͡ɬah	0OSTAH	wiktionary_cat	-	-
tochtli	tot͡ʃt͡ɬi	TOSTI	wiktionary_cat	-	-
tochtomahuactlacopahtli	tot͡ʃtomawakt͡ɬakopaht͡ɬi	TOSTOMAWAKTAKOPAHTI	wiktionary_cat	-	-
tocih	tokih	TOKIH	wiktionary_cat	-	-
Tocih	Tokih	0OKIH	wiktionary_cat	-	-
tolin	tolin	TOLIN	wiktionary_cat	-	-
Tollantzinco	Tolant͡sinko	0OLANSINKO	wiktionary_cat	-	-
Tollohcan	Tolohkan	0OLOHKAN	wiktionary_cat	-	-
toloatzin	toloat͡sin	TOLOASIN	wiktionary_cat	-	-
toltecatontli	toltekatont͡ɬi	TOLTEKATONTI	wiktionary_cat	-	-
Toltitlan	Toltit͡ɬan	0OLTITAN	wiktionary_cat	-	-
tomahua	tomawa	TOMAWA	wiktionary_cat	-	-
tomi	tomi	TOMI	wiktionary_cat	-	-
tomin	tomin	TOMIN	wiktionary_cat	-	-
tominchiuhqui	tomint͡ʃiwki	TOMINSIWKI	wiktionary_cat	-	-
-ton	-ton	TON	wiktionary_cat	-	-
tonalamatl	tonalamat͡ɬ	TONALAMAT	wiktionary_cat	-	-
tonalchichicaquilitl	tonalt͡ʃit͡ʃikakilit͡ɬ	TONALSISIKAKILIT	wiktionary_cat	-	-
tonalchilli	tonalt͡ʃili	TONALSILI	wiktionary_cat	-	-
tonalco	tonalko	TONALKO	wiktionary_cat	-	-
tonalla	tonala	TONALA	wiktionary_cat	-	-
tonallan	tonalan	TONALAN	wiktionary_cat	-	-
tonalmio	tonalmio	TONALMIO	wiktionary_cat	-	-
tonalpohualli	tonalpowali	TONALPOWALI	wiktionary_cat	-	-
tonalpouhqui	tonalpowki	TONALPOWKI	wiktionary_cat	-	-
tonantzin	tonant͡sin	TONANSIN	wiktionary_cat	-	-
tonatiuhyo	tonatiwyo	TONATIWUO	wiktionary_cat	-	-
tonatiuhyoh	tonatiwyoh	TONATIWUOH	wiktionary_cat	-	-
toneua	toneua	TONEUA	wiktionary_cat	-	-
-tontli	-tont͡ɬi	TONTI	wiktionary_cat	-	-
topile	topile	TOPILE	wiktionary_cat	-	-
topitl	topit͡ɬ	TOPIT	wiktionary_cat	-	-
topitzin	topit͡sin	TOPISIN	wiktionary_cat	-	-
torazno	torasno	TORASNO	wiktionary_cat	-	-
totec	totek	TOTEK	wiktionary_cat	-	-
toteº	toteº	TOTE	wiktionary_cat	-	-
totli	tot͡ɬi	TOTI	wiktionary_cat	-	-
totochiquihuitl	totot͡ʃikiwit͡ɬ	TOTOSIKIWIT	wiktionary_cat	-	-
totochiquiuitl	totot͡ʃikiuit͡ɬ	TOTOSIKIUIT	wiktionary_cat	-	-
totoconetl	totokonet͡ɬ	TOTOKONET	wiktionary_cat	-	-
totolayotl	totolayot͡ɬ	TOTOLAUOT	wiktionary_cat	-	-
totolcalli	totolkali	TOTOLKALI	wiktionary_cat	-	-
totolcuitlatl	totolkʷit͡ɬat͡ɬ	TOTOLKITAT	wiktionary_cat	-	-
totolmolli	totolmoli	TOTOLMOLI	wiktionary_cat	-	-
totoltecacalli	totoltekakali	TOTOLTEKAKALI	wiktionary_cat	-	-
totoltecahcalli	totoltekahkali	TOTOLTEKAHKALI	wiktionary_cat	-	-
totolteehuatl	totolteewat͡ɬ	TOTOLTEEWAT	wiktionary_cat	-	-
totolteeuatl	totolteeuat͡ɬ	TOTOLTEEUAT	wiktionary_cat	-	-
totoltemolli	totoltemoli	TOTOLTEMOLI	wiktionary_cat	-	-
totoltemulli	totoltemuli	TOTOLTEMULI	wiktionary_cat	-	-
totoltetl	totoltet͡ɬ	TOTOLTET	wiktionary_cat	-	-
totoltetl icoztica	totoltet͡ɬ ikostika	TOTOLTETIKOSTIKA	wiktionary_cat	-	-
totoltetl itehuilotca	totoltet͡ɬ itewilotka	TOTOLTETITEWILOTKA	wiktionary_cat	-	-
totoltetl iyiztaca	totoltet͡ɬ iyistaka	TOTOLTETIUISTAKA	wiktionary_cat	-	-
totomatlatl	totomat͡ɬat͡ɬ	TOTOMATAT	wiktionary_cat	-	-
totomicqui	totomikki	TOTOMIKKI	wiktionary_cat	-	-
totomochtli	totomot͡ʃt͡ɬi	TOTOMOSTI	wiktionary_cat	-	-
-toton	-toton	TOTON	wiktionary_cat	-	-
tototapahzolli	tototapahsoli	TOTOTAPAHSOLI	wiktionary_cat	-	-
tototapaçolli	tototapaçoli	TOTOTAPAOLI	wiktionary_cat	-	-
tototecaxtli	tototekaʃt͡ɬi	TOTOTEKASTI	wiktionary_cat	-	-
tototepito	tototepito	TOTOTEPITO	wiktionary_cat	-	-
tototepiton	tototepiton	TOTOTEPITON	wiktionary_cat	-	-
tototetl	tototet͡ɬ	TOTOTET	wiktionary_cat	-	-
tototontli	tototont͡ɬi	TOTOTONTI	wiktionary_cat	-	-
toxiuhmolpilia	toʃiwmolpilia	TOSIWMOLPILIA	wiktionary_cat	-	-
tozampotzalli	tosampot͡sali	TOSAMPOSALI	wiktionary_cat	-	-
tozan ichan	tosan it͡ʃan	TOSANISAN	wiktionary_cat	-	-
tozoa	tosoa	TOSOA	wiktionary_cat	-	-
tozoztontli	tosostont͡ɬi	TOSOSTONTI	wiktionary_cat	-	-
toçampotzalli	toçampot͡sali	TOAMPOSALI	wiktionary_cat	-	-
toçan	toçan	TOAN	wiktionary_cat	-	-
toçanychan	toçanyt͡ʃan	TOANUSAN	wiktionary_cat	-	-
trebol	trebol	TREBOL	wiktionary_cat	-	-
trigo tlaxcalli	trigo t͡ɬaʃkali	TRIGOTASKALI	wiktionary_cat	-	-
Tullam	Tulam	0ULAM	wiktionary_cat	-	-
tultecayotl	tultekayot͡ɬ	TULTEKAUOT	wiktionary_cat	-	-
tuça	tuça	TUA	wiktionary_cat	-	-
tuçamputzalli	tuçamput͡sali	TUAMPUSALI	wiktionary_cat	-	-
tzahtzi	t͡saht͡si	SAHSI	wiktionary_cat	-	-
tzahua	t͡sawa	SAWA	wiktionary_cat	-	-
tzahualli	t͡sawali	SAWALI	wiktionary_cat	-	-
-tzalan	-t͡salan	SALAN	wiktionary_cat	-	-
tzanatl	t͡sanat͡ɬ	SANAT	wiktionary_cat	-	-
tzapa	t͡sapa	SAPA	wiktionary_cat	-	-
tzapaton	t͡sapaton	SAPATON	wiktionary_cat	-	-
tzapatzin	t͡sapat͡sin	SAPASIN	wiktionary_cat	-	-
Tzapopan	Tsapopan	0SAPOPAN	wiktionary_cat	-	-
tzapotl	t͡sapot͡ɬ	SAPOT	wiktionary_cat	-	-
tzaqua	t͡saka	SAKA	wiktionary_cat	-	-
tzauctli	t͡saukt͡ɬi	SAUKTI	wiktionary_cat	-	-
tzayana	t͡sayana	SAUANA	wiktionary_cat	-	-
tzicuini	t͡sikʷini	SIKINI	wiktionary_cat	-	-
tziktli	t͡sikt͡ɬi	SIKTI	wiktionary_cat	-	-
tzilacayohtli	t͡silakayoht͡ɬi	SILAKAUOHTI	wiktionary_cat	-	-
tzilacayutli	t͡silakayut͡ɬi	SILAKAUUTI	wiktionary_cat	-	-
-tzin	-t͡sin	SIN	wiktionary_cat	-	-
Tzinacantepec	Tsinakantepek	0SINAKANTEPEK	wiktionary_cat	-	-
tzinitzca	t͡sinit͡ska	SINISKA	wiktionary_cat	-	-
tzinitzcan	t͡sinit͡skan	SINISKAN	wiktionary_cat	-	-
tzinjtzcan	t͡sinjt͡skan	SINYSKAN	wiktionary_cat	-	-
tzinquiza	t͡sinkisa	SINKISA	wiktionary_cat	-	-
tzintamalli	t͡sintamali	SINTAMALI	wiktionary_cat	-	-
tzintlantli	t͡sint͡ɬant͡ɬi	SINTANTI	wiktionary_cat	-	-
tzintli	t͡sint͡ɬi	SINTI	wiktionary_cat	-	-
tzipitl	t͡sipit͡ɬ	SIPIT	wiktionary_cat	-	-
tziucnoliztli	t͡siuknolist͡ɬi	SIUKNOLISTI	wiktionary_cat	-	-
tzohuaztli	t͡sowast͡ɬi	SOWASTI	wiktionary_cat	-	-
tzolihui	t͡soliwi	SOLIWI	wiktionary_cat	-	-
Tzompanco	Tsompanko	0SOMPANKO	wiktionary_cat	-	-
tzompantli	t͡sompant͡ɬi	SOMPANTI	wiktionary_cat	-	-
tzompiliui	t͡sompiliui	SOMPILIUI	wiktionary_cat	-	-
tzonvaztli	t͡sonvast͡ɬi	SONBASTI	wiktionary_cat	-	-
tzopelic	t͡sopelik	SOPELIK	wiktionary_cat	-	-
tzotzopaztli	t͡sot͡sopast͡ɬi	SOSOPASTI	wiktionary_cat	-	-
tzouaztli	t͡souast͡ɬi	SOUASTI	wiktionary_cat	-	-
tzoyoni	t͡soyoni	SOUONI	wiktionary_cat	-	-
tzīnti	t͡siːnti	SINTI	wiktionary_cat	-	-
tçoaztli	tçoast͡ɬi	TOASTI	wiktionary_cat	-	-
tēmictli	teːmikt͡ɬi	TEMIKTI	wiktionary_cat	-	-
uei	uei	UEI	wiktionary_cat	-	-
uei mapilli	uei mapili	UEIMAPILI	wiktionary_cat	-	-
uei teopixcatlatocayotl	uei teopiʃkat͡ɬatokayot͡ɬ	UEITEOPISKATATOKAUOT	wiktionary_cat	-	-
ueialtepetl	ueialtepet͡ɬ	UEIALTEPET	wiktionary_cat	-	-
uetzi	uet͡si	UESI	wiktionary_cat	-	-
ueue	ueue	UEUE	wiktionary_cat	-	-
ueuento	ueuento	UEUENTO	wiktionary_cat	-	-
ueuepil	ueuepil	UEUEPIL	wiktionary_cat	-	-
ueuetcatontli	ueuetkatont͡ɬi	UEUETKATONTI	wiktionary_cat	-	-
ueuetl	ueuet͡ɬ	UEUET	wiktionary_cat	-	-
ueuetque	ueuetke	UEUETKE	wiktionary_cat	-	-
uexolotl	ueʃolot͡ɬ	UESOLOT	wiktionary_cat	-	-
uexotla	ueʃot͡ɬa	UESOTA	wiktionary_cat	-	-
uey	uey	UEU	wiktionary_cat	-	-
uey a eecatl	uey a eekat͡ɬ	UEUAEEKAT	wiktionary_cat	-	-
uey analli	uey anali	UEUANALI	wiktionary_cat	-	-
uey atentli	uey atent͡ɬi	UEUATENTI	wiktionary_cat	-	-
uey atl	uey at͡ɬ	UEUAT	wiktionary_cat	-	-
uey ciuapilli	uey kiuapili	UEUKIUAPILI	wiktionary_cat	-	-
uey ciuatlatoani	uey kiuat͡ɬatoani	UEUKIUATATOANI	wiktionary_cat	-	-
uey teopixcatlatoani	uey teopiʃkat͡ɬatoani	UEUTEOPISKATATOANI	wiktionary_cat	-	-
uey tlotli	uey t͡ɬot͡ɬi	UEUTOTI	wiktionary_cat	-	-
ueyatezcatl	ueyateskat͡ɬ	UEUATESKAT	wiktionary_cat	-	-
uilocalli	uilokali	UILOKALI	wiktionary_cat	-	-
uiloconetl	uilokonet͡ɬ	UILOKONET	wiktionary_cat	-	-
uilopiltontli	uilopiltont͡ɬi	UILOPILTONTI	wiktionary_cat	-	-
uilotl	uilot͡ɬ	UILOT	wiktionary_cat	-	-
uilutl	uilut͡ɬ	UILUT	wiktionary_cat	-	-
uino	uino	UINO	wiktionary_cat	-	-
uiçacotl	uiçakot͡ɬ	UIAKOT	wiktionary_cat	-	-
uçumatli	uçumat͡ɬi	UUMATI	wiktionary_cat	-	-
vacas	vakas	BAKAS	wiktionary_cat	-	-
valido	valido	BALIDO	wiktionary_cat	-	-
vei	vei	BEI	wiktionary_cat	-	-
vei aehecatl	vei aehekat͡ɬ	BEIAEHEKAT	wiktionary_cat	-	-
vei altepetl	vei altepet͡ɬ	BEIALTEPET	wiktionary_cat	-	-
vei atentli	vei atent͡ɬi	BEIATENTI	wiktionary_cat	-	-
vei atezcatl	vei ateskat͡ɬ	BEIATESKAT	wiktionary_cat	-	-
vei citlalin	vei kit͡ɬalin	BEIKITALIN	wiktionary_cat	-	-
vei mapilli	vei mapili	BEIMAPILI	wiktionary_cat	-	-
vei tecpan	vei tekpan	BEITEKPAN	wiktionary_cat	-	-
vei teopixcatitlantli	vei teopiʃkatit͡ɬant͡ɬi	BEITEOPISKATITANTI	wiktionary_cat	-	-
vei teupixcatlatocayotl	vei teupiʃkat͡ɬatokayot͡ɬ	BEITEUPISKATATOKAUOT	wiktionary_cat	-	-
veiatl	veiat͡ɬ	BEIAT	wiktionary_cat	-	-
veicayotl	veikayot͡ɬ	BEIKAUOT	wiktionary_cat	-	-
veitlotli	veit͡ɬot͡ɬi	BEITOTI	wiktionary_cat	-	-
ventana	ventana	BENTANA	wiktionary_cat	-	-
ventzintli	vent͡sint͡ɬi	BENSINTI	wiktionary_cat	-	-
veue	veue	BEUE	wiktionary_cat	-	-
veueipol	veueipol	BEUEIPOL	wiktionary_cat	-	-
veueipul	veueipul	BEUEIPUL	wiktionary_cat	-	-
veuento	veuento	BEUENTO	wiktionary_cat	-	-
veuepil	veuepil	BEUEPIL	wiktionary_cat	-	-
veuepul	veuepul	BEUEPUL	wiktionary_cat	-	-
veuetcatontli	veuetkatont͡ɬi	BEUETKATONTI	wiktionary_cat	-	-
vexotla	veʃot͡ɬa	BESOTA	wiktionary_cat	-	-
vey	vey	BEU	wiktionary_cat	-	-
vey a eecatl	vey a eekat͡ɬ	BEUAEEKAT	wiktionary_cat	-	-
vey analli	vey anali	BEUANALI	wiktionary_cat	-	-
vey atentli	vey atent͡ɬi	BEUATENTI	wiktionary_cat	-	-
vey atezcatl	vey ateskat͡ɬ	BEUATESKAT	wiktionary_cat	-	-
vey atl	vey at͡ɬ	BEUAT	wiktionary_cat	-	-
vey ciuapilli	vey kiuapili	BEUKIUAPILI	wiktionary_cat	-	-
vey ciuatlatoani	vey kiuat͡ɬatoani	BEUKIUATATOANI	wiktionary_cat	-	-
vey ehecatl	vey ehekat͡ɬ	BEUEHEKAT	wiktionary_cat	-	-
vey tlotli	vey t͡ɬot͡ɬi	BEUTOTI	wiktionary_cat	-	-
vicoltepito	vikoltepito	BIKOLTEPITO	wiktionary_cat	-	-
vicoltepiton	vikoltepiton	BIKOLTEPITON	wiktionary_cat	-	-
vicoltzintli	vikolt͡sint͡ɬi	BIKOLSINTI	wiktionary_cat	-	-
vilocalli	vilokali	BILOKALI	wiktionary_cat	-	-
viloconetl	vilokonet͡ɬ	BILOKONET	wiktionary_cat	-	-
vilopiltontli	vilopiltont͡ɬi	BILOPILTONTI	wiktionary_cat	-	-
vilopiltõtli	vilopiltõt͡ɬi	BILOPILTOTI	wiktionary_cat	-	-
vilotl	vilot͡ɬ	BILOT	wiktionary_cat	-	-
vino	vino	BINO	wiktionary_cat	-	-
vino calli	vino kali	BINOKALI	wiktionary_cat	-	-
vinoh	vinoh	BINOH	wiktionary_cat	-	-
Vitzilubuchtli	Vit͡silubut͡ʃt͡ɬi	0ISILUBUSTI	wiktionary_cat	-	-
vitzitzilepyullotli	vit͡sit͡silepyulot͡ɬi	BISISILEPUULOTI	wiktionary_cat	-	-
vitzitzilin	vit͡sit͡silin	BISISILIN	wiktionary_cat	-	-
vitzitzilnaoale	vit͡sit͡silnaoale	BISISILNAOALE	wiktionary_cat	-	-
vme	vme	BME	wiktionary_cat	-	-
vnxiuitl	vnʃiuit͡ɬ	BNSIUIT	wiktionary_cat	-	-
vçumatli	vçumat͡ɬi	BUMATI	wiktionary_cat	-	-
Xabon	Xabon	0ABON	wiktionary_cat	-	-
xacalli	ʃakali	SAKALI	wiktionary_cat	-	-
xacaltontli	ʃakaltont͡ɬi	SAKALTONTI	wiktionary_cat	-	-
xahcaltontli	ʃahkaltont͡ɬi	SAHKALTONTI	wiktionary_cat	-	-
xala	ʃala	SALA	wiktionary_cat	-	-
Xalapan	Xalapan	0ALAPAN	wiktionary_cat	-	-
xalcanauhtli	ʃalkanawt͡ɬi	SALKANAWTI	wiktionary_cat	-	-
xalla	ʃala	SALA	wiktionary_cat	-	-
xallah	ʃalah	SALAH	wiktionary_cat	-	-
xaltetla	ʃaltet͡ɬa	SALTETA	wiktionary_cat	-	-
xaltetlah	ʃaltet͡ɬah	SALTETAH	wiktionary_cat	-	-
xaltoçan	ʃaltoçan	SALTOAN	wiktionary_cat	-	-
xalxococuahuitl	ʃalʃokokʷawit͡ɬ	SALSOKOKAWIT	wiktionary_cat	-	-
xamixcal chiualoyan	ʃamiʃkal t͡ʃiualoyan	SAMISKALSIUALOUAN	wiktionary_cat	-	-
xamixcalchihualoyan	ʃamiʃkalt͡ʃiwaloyan	SAMISKALSIWALOUAN	wiktionary_cat	-	-
xamixcalcopinaloyan	ʃamiʃkalkopinaloyan	SAMISKALKOPINALOUAN	wiktionary_cat	-	-
xamixcalli	ʃamiʃkali	SAMISKALI	wiktionary_cat	-	-
xamixcaltepantli	ʃamiʃkaltepant͡ɬi	SAMISKALTEPANTI	wiktionary_cat	-	-
xamixcaltexcalli	ʃamiʃkalteʃkali	SAMISKALTESKALI	wiktionary_cat	-	-
Xapon	Xapon	0APON	wiktionary_cat	-	-
xeloa	ʃeloa	SELOA	wiktionary_cat	-	-
xicalli	ʃikali	SIKALI	wiktionary_cat	-	-
xicama	ʃikama	SIKAMA	wiktionary_cat	-	-
xicamatl	ʃikamat͡ɬ	SIKAMAT	wiktionary_cat	-	-
xicmecayotl	ʃikmekayot͡ɬ	SIKMEKAUOT	wiktionary_cat	-	-
xicocuitla ocotl	ʃikokʷit͡ɬa okot͡ɬ	SIKOKITAOKOT	wiktionary_cat	-	-
xicocuitlaocochiuhqui	ʃikokʷit͡ɬaokot͡ʃiwki	SIKOKITAOKOSIWKI	wiktionary_cat	-	-
xicocuitlaocotl	ʃikokʷit͡ɬaokot͡ɬ	SIKOKITAOKOT	wiktionary_cat	-	-
xicocuitlatl	ʃikokʷit͡ɬat͡ɬ	SIKOKITAT	wiktionary_cat	-	-
xicohcuitlaocochiuhqui	ʃikohkʷit͡ɬaokot͡ʃiwki	SIKOHKITAOKOSIWKI	wiktionary_cat	-	-
xicohcuitlaocotl	ʃikohkʷit͡ɬaokot͡ɬ	SIKOHKITAOKOT	wiktionary_cat	-	-
xicohcuitlatl	ʃikohkʷit͡ɬat͡ɬ	SIKOHKITAT	wiktionary_cat	-	-
Xicohtepec	Xikohtepek	0IKOHTEPEK	wiktionary_cat	-	-
xicolli	ʃikoli	SIKOLI	wiktionary_cat	-	-
xicotli	ʃikot͡ɬi	SIKOTI	wiktionary_cat	-	-
xihua	ʃiwa	SIWA	wiktionary_cat	-	-
xihuan	ʃiwan	SIWAN	wiktionary_cat	-	-
xillantli	ʃilant͡ɬi	SILANTI	wiktionary_cat	-	-
xilonen	ʃilonen	SILONEN	wiktionary_cat	-	-
xilotla	ʃilot͡ɬa	SILOTA	wiktionary_cat	-	-
xilotlah	ʃilot͡ɬah	SILOTAH	wiktionary_cat	-	-
xinola	ʃinola	SINOLA	wiktionary_cat	-	-
Xipe totec	Xipe totek	0IPETOTEK	wiktionary_cat	-	-
xipe totec	ʃipe totek	SIPETOTEK	wiktionary_cat	-	-
xipintontli	ʃipintont͡ɬi	SIPINTONTI	wiktionary_cat	-	-
xippohualli	ʃippowali	SIPPOWALI	wiktionary_cat	-	-
xiquipilli	ʃikipili	SIKIPILI	wiktionary_cat	-	-
xitini	ʃitini	SITINI	wiktionary_cat	-	-
xiuhcactli	ʃiwkakt͡ɬi	SIWKAKTI	wiktionary_cat	-	-
xiuhhuitzolli	ʃiwwit͡soli	SIWWISOLI	wiktionary_cat	-	-
xiuhpohualli	ʃiwpowali	SIWPOWALI	wiktionary_cat	-	-
xiuhtlacuilo	ʃiwt͡ɬakʷilo	SIWTAKILO	wiktionary_cat	-	-
xiuhtlahcuiloh	ʃiwt͡ɬahkʷiloh	SIWTAHKILOH	wiktionary_cat	-	-
xiuhtotonacoche	ʃiwtotonakot͡ʃe	SIWTOTONAKOSE	wiktionary_cat	-	-
xiuhuiztli	ʃiwuist͡ɬi	SIWUISTI	wiktionary_cat	-	-
xiuitl	ʃiuit͡ɬ	SIUIT	wiktionary_cat	-	-
xixicuin	ʃiʃikʷin	SISIKIN	wiktionary_cat	-	-
xochichinancalli	ʃot͡ʃit͡ʃinankali	SOSISINANKALI	wiktionary_cat	-	-
xochihcualcuahuitl	ʃot͡ʃihkʷalkʷawit͡ɬ	SOSIHKALKAWIT	wiktionary_cat	-	-
xochihcualcuauhtlah	ʃot͡ʃihkʷalkʷawt͡ɬah	SOSIHKALKAWTAH	wiktionary_cat	-	-
xochihcualli	ʃot͡ʃihkʷali	SOSIHKALI	wiktionary_cat	-	-
xochihua	ʃot͡ʃiwa	SOSIWA	wiktionary_cat	-	-
xochimanque	ʃot͡ʃimanke	SOSIMANKE	wiktionary_cat	-	-
xochimanqueh	ʃot͡ʃimankeh	SOSIMANKEH	wiktionary_cat	-	-
xochimicque	ʃot͡ʃimikke	SOSIMIKKE	wiktionary_cat	-	-
xochimicqui	ʃot͡ʃimikki	SOSIMIKKI	wiktionary_cat	-	-
Xochimilco	Xot͡ʃimilko	0OSIMILKO	wiktionary_cat	-	-
xochimiztli	ʃot͡ʃimist͡ɬi	SOSIMISTI	wiktionary_cat	-	-
xochincuahuitl	ʃot͡ʃinkʷawit͡ɬ	SOSINKAWIT	wiktionary_cat	-	-
xochinquauitl	ʃot͡ʃinkauit͡ɬ	SOSINKAUIT	wiktionary_cat	-	-
xochio	ʃot͡ʃio	SOSIO	wiktionary_cat	-	-
xochipaltic	ʃot͡ʃipaltik	SOSIPALTIK	wiktionary_cat	-	-
xochiqualquauhtla	ʃot͡ʃikalkawt͡ɬa	SOSIKALKAWTA	wiktionary_cat	-	-
xochiqualquauitl	ʃot͡ʃikalkauit͡ɬ	SOSIKALKAUIT	wiktionary_cat	-	-
xochitenacatl	ʃot͡ʃitenakat͡ɬ	SOSITENAKAT	wiktionary_cat	-	-
Xochitepec	Xot͡ʃitepek	0OSITEPEK	wiktionary_cat	-	-
xochiyoh	ʃot͡ʃiyoh	SOSIUOH	wiktionary_cat	-	-
xocomecatl	ʃokomekat͡ɬ	SOKOMEKAT	wiktionary_cat	-	-
xoconochnohpalli	ʃokonot͡ʃnohpali	SOKONOSNOHPALI	wiktionary_cat	-	-
xoconochtli	ʃokonot͡ʃt͡ɬi	SOKONOSTI	wiktionary_cat	-	-
xocotexxoh	ʃokoteʃʃoh	SOKOTESSOH	wiktionary_cat	-	-
xocotexxoh tlaxcalli	ʃokoteʃʃoh t͡ɬaʃkali	SOKOTESSOHTASKALI	wiktionary_cat	-	-
xocotl huetzi	ʃokot͡ɬ wet͡si	SOKOTWESI	wiktionary_cat	-	-
xocoyotzin	ʃokoyot͡sin	SOKOUOSIN	wiktionary_cat	-	-
-xoh	-ʃoh	SOH	wiktionary_cat	-	-
xolo	ʃolo	SOLO	wiktionary_cat	-	-
xoloitzcuintli	ʃoloit͡skʷint͡ɬi	SOLOISKINTI	wiktionary_cat	-	-
xolotl	ʃolot͡ɬ	SOLOT	wiktionary_cat	-	-
xoloto	ʃoloto	SOLOTO	wiktionary_cat	-	-
xoloton	ʃoloton	SOLOTON	wiktionary_cat	-	-
xometl	ʃomet͡ɬ	SOMET	wiktionary_cat	-	-
xomotl	ʃomot͡ɬ	SOMOT	wiktionary_cat	-	-
xonacatl	ʃonakat͡ɬ	SONAKAT	wiktionary_cat	-	-
xopan	ʃopan	SOPAN	wiktionary_cat	-	-
xopilchicuace	ʃopilt͡ʃikʷake	SOPILSIKAKE	wiktionary_cat	-	-
xopilli	ʃopili	SOPILI	wiktionary_cat	-	-
xoquechtli	ʃoket͡ʃt͡ɬi	SOKESTI	wiktionary_cat	-	-
xoujli	ʃoujli	SOUYLI	wiktionary_cat	-	-
xoxoctic	ʃoʃoktik	SOSOKTIK	wiktionary_cat	-	-
xoxohuiya	ʃoʃowiya	SOSOWIUA	wiktionary_cat	-	-
xoxotla	ʃoʃot͡ɬa	SOSOTA	wiktionary_cat	-	-
xoxotlato	ʃoʃot͡ɬato	SOSOTATO	wiktionary_cat	-	-
xoxotlaton	ʃoʃot͡ɬaton	SOSOTATON	wiktionary_cat	-	-
xuchichinancalli	ʃut͡ʃit͡ʃinankali	SUSISINANKALI	wiktionary_cat	-	-
xuchiqualli	ʃut͡ʃikali	SUSIKALI	wiktionary_cat	-	-
xuchiqualquauhtla	ʃut͡ʃikalkawt͡ɬa	SUSIKALKAWTA	wiktionary_cat	-	-
xuchiqualquauitl	ʃut͡ʃikalkauit͡ɬ	SUSIKALKAUIT	wiktionary_cat	-	-
xuchitl	ʃut͡ʃit͡ɬ	SUSIT	wiktionary_cat	-	-
xuchiyo	ʃut͡ʃiyo	SUSIUO	wiktionary_cat	-	-
xupantla	ʃupant͡ɬa	SUPANTA	wiktionary_cat	-	-
xōpantlà	ʃoːpant͡ɬà	SOPANT	wiktionary_cat	-	-
yaca xiuitl	yaka ʃiuit͡ɬ	UAKASIUIT	wiktionary_cat	-	-
yacacuitlatl	yakakʷit͡ɬat͡ɬ	UAKAKITAT	wiktionary_cat	-	-
yacacuitle	yakakʷit͡ɬe	UAKAKITE	wiktionary_cat	-	-
yacacuitleh	yakakʷit͡ɬeh	UAKAKITEH	wiktionary_cat	-	-
yacahcuitlatl	yakahkʷit͡ɬat͡ɬ	UAKAHKITAT	wiktionary_cat	-	-
yacapatlahuatl	yakapat͡ɬawat͡ɬ	UAKAPATAWAT	wiktionary_cat	-	-
yacatotonaton	yakatotonaton	UAKATOTONATON	wiktionary_cat	-	-
yacaxihuitl	yakaʃiwit͡ɬ	UAKASIWIT	wiktionary_cat	-	-
yacaxiuitl	yakaʃiuit͡ɬ	UAKASIUIT	wiktionary_cat	-	-
yancuic chichihualayotlatetzauhtli	yankʷik t͡ʃit͡ʃiwalayot͡ɬatet͡sawt͡ɬi	UANKIKSISIWALAUOTATESAWTI	wiktionary_cat	-	-
Yancuic Mexihco	Yankʷik Meʃihko	0ANKIK0ESIHKO	wiktionary_cat	-	-
yancuiya	yankʷiya	UANKIUA	wiktionary_cat	-	-
yaoacalli	yaoakali	UAOAKALI	wiktionary_cat	-	-
yaocalli	yaokali	UAOKALI	wiktionary_cat	-	-
yaoyutl	yaoyut͡ɬ	UAOUUT	wiktionary_cat	-	-
yauh	yaw	UAW	wiktionary_cat	-	-
yauhtli	yawt͡ɬi	UAWTI	wiktionary_cat	-	-
yauitl	yauit͡ɬ	UAUIT	wiktionary_cat	-	-
yc eyluitl semana	yk eyluit͡ɬ semana	UKEULUITSEMANA	wiktionary_cat	-	-
yc macuilli metztli yn cexiuitl	yk makʷili met͡st͡ɬi yn keʃiuit͡ɬ	UKMAKILIMESTIUNKESIUIT	wiktionary_cat	-	-
yc omilhuitl semana	yk omilwit͡ɬ semana	UKOMILWITSEMANA	wiktionary_cat	-	-
ychcacalli	yt͡ʃkakali	USKAKALI	wiktionary_cat	-	-
ychcaconetl	yt͡ʃkakonet͡ɬ	USKAKONET	wiktionary_cat	-	-
ychcaeuatl	yt͡ʃkaeuat͡ɬ	USKAEUAT	wiktionary_cat	-	-
ychcatilmatli	yt͡ʃkatilmat͡ɬi	USKATILMATI	wiktionary_cat	-	-
ychcatl	yt͡ʃkat͡ɬ	USKAT	wiktionary_cat	-	-
ychcueitl	yt͡ʃkʷeit͡ɬ	USKEIT	wiktionary_cat	-	-
ychpuchtli	yt͡ʃput͡ʃt͡ɬi	USPUSTI	wiktionary_cat	-	-
ychpuchtotoli	yt͡ʃput͡ʃtotoli	USPUSTOTOLI	wiktionary_cat	-	-
ychteccatetlatzontequiliani	yt͡ʃtekkatet͡ɬat͡sontekiliani	USTEKKATETASONTEKILIANI	wiktionary_cat	-	-
ychtecqui	yt͡ʃtekki	USTEKKI	wiktionary_cat	-	-
ychtli	yt͡ʃt͡ɬi	USTI	wiktionary_cat	-	-
yciuh	ykiw	UKIW	wiktionary_cat	-	-
ycnauiluitl semana	yknauiluit͡ɬ semana	UKNAUILUITSEMANA	wiktionary_cat	-	-
ycno oquichtli	ykno okit͡ʃt͡ɬi	UKNOOKISTI	wiktionary_cat	-	-
ycno oquichyotl	ykno okit͡ʃyot͡ɬ	UKNOOKISUOT	wiktionary_cat	-	-
ycnociuatl	yknokiuat͡ɬ	UKNOKIUAT	wiktionary_cat	-	-
ycnociuayotl	yknokiuayot͡ɬ	UKNOKIUAUOT	wiktionary_cat	-	-
ycnooquichotl	yknookit͡ʃot͡ɬ	UKNOOKISOT	wiktionary_cat	-	-
ycnooquichtli	yknookit͡ʃt͡ɬi	UKNOOKISTI	wiktionary_cat	-	-
ycnopilcalli	yknopilkali	UKNOPILKALI	wiktionary_cat	-	-
ycnotlacayotl	yknot͡ɬakayot͡ɬ	UKNOTAKAUOT	wiktionary_cat	-	-
ycpatetl	ykpatet͡ɬ	UKPATET	wiktionary_cat	-	-
ycpatetontli	ykpatetont͡ɬi	UKPATETONTI	wiktionary_cat	-	-
ycpitl	ykpit͡ɬ	UKPIT	wiktionary_cat	-	-
ye huehcauh	ye wehkaw	UEWEHKAW	wiktionary_cat	-	-
yecatl	yekat͡ɬ	UEKAT	wiktionary_cat	-	-
yecoa	yekoa	UEKOA	wiktionary_cat	-	-
yecteneua	yekteneua	UEKTENEUA	wiktionary_cat	-	-
yeh	yeh	UEH	wiktionary_cat	-	-
yehuatl	yewat͡ɬ	UEWAT	wiktionary_cat	-	-
yei	yei	UEI	wiktionary_cat	-	-
yei teopixcatlatoani	yei teopiʃkat͡ɬatoani	UEITEOPISKATATOANI	wiktionary_cat	-	-
yeliztli	yelist͡ɬi	UELISTI	wiktionary_cat	-	-
yepohualli	yepowali	UEPOWALI	wiktionary_cat	-	-
yepohualli ommahtlactli	yepowali ommaht͡ɬakt͡ɬi	UEPOWALIOMMAHTAKTI	wiktionary_cat	-	-
yetl	yet͡ɬ	UET	wiktionary_cat	-	-
yey	yey	UEU	wiktionary_cat	-	-
yeyi	yeyi	UEUI	wiktionary_cat	-	-
yhiyutl	yhiyut͡ɬ	UHIUUT	wiktionary_cat	-	-
yhuitl	ywit͡ɬ	UWIT	wiktionary_cat	-	-
yhyyotl	yhyyot͡ɬ	UHUUOT	wiktionary_cat	-	-
ylama	ylama	ULAMA	wiktionary_cat	-	-
ylhui tlapoal amuxtli	ylwi t͡ɬapoal amuʃt͡ɬi	ULWITAPOALAMUSTI	wiktionary_cat	-	-
ylhuica amaitl	ylwika amait͡ɬ	ULWIKAAMAIT	wiktionary_cat	-	-
ylhuica atl	ylwika at͡ɬ	ULWIKAAT	wiktionary_cat	-	-
ylhuicaatl	ylwikaat͡ɬ	ULWIKAAT	wiktionary_cat	-	-
ylhuicac	ylwikak	ULWIKAK	wiktionary_cat	-	-
ylhuicac chane	ylwikak t͡ʃane	ULWIKAKSANE	wiktionary_cat	-	-
ylhuicatl	ylwikat͡ɬ	ULWIKAT	wiktionary_cat	-	-
ylhuitl	ylwit͡ɬ	ULWIT	wiktionary_cat	-	-
ylhujcac	ylwjkak	ULWYKAK	wiktionary_cat	-	-
ymaxtli	ymaʃt͡ɬi	UMASTI	wiktionary_cat	-	-
yoa	yoa	UOA	wiktionary_cat	-	-
yoac	yoak	UOAK	wiktionary_cat	-	-
yoaltica	yoaltika	UOALTIKA	wiktionary_cat	-	-
-yoh	-yoh	UOH	wiktionary_cat	-	-
yohuac moteittitia	yowak moteittitia	UOWAKMOTEITTITIA	wiktionary_cat	-	-
yohualahhuachtli	yowalahwat͡ʃt͡ɬi	UOWALAHWASTI	wiktionary_cat	-	-
yohualahhuechtli	yowalahwet͡ʃt͡ɬi	UOWALAHWESTI	wiktionary_cat	-	-
yol	yol	UOL	wiktionary_cat	-	-
yolcame	yolkame	UOLKAME	wiktionary_cat	-	-
yolcatlaxcalli	yolkat͡ɬaʃkali	UOLKATASKALI	wiktionary_cat	-	-
yolilizatl	yolilisat͡ɬ	UOLILISAT	wiktionary_cat	-	-
yoliliztlaxcalli	yolilist͡ɬaʃkali	UOLILISTASKALI	wiktionary_cat	-	-
yoliliztli	yolilist͡ɬi	UOLILISTI	wiktionary_cat	-	-
yollohtli	yoloht͡ɬi	UOLOHTI	wiktionary_cat	-	-
yollohxochitl	yolohʃot͡ʃit͡ɬ	UOLOHSOSIT	wiktionary_cat	-	-
yollotli	yolot͡ɬi	UOLOTI	wiktionary_cat	-	-
yolloxochitl	yoloʃot͡ʃit͡ɬ	UOLOSOSIT	wiktionary_cat	-	-
-yotl	-yot͡ɬ	UOT	wiktionary_cat	-	-
youac	youak	UOUAK	wiktionary_cat	-	-
youac moteittitia	youak moteittitia	UOUAKMOTEITTITIA	wiktionary_cat	-	-
youalauachtli	youalauat͡ʃt͡ɬi	UOUALAUASTI	wiktionary_cat	-	-
youalauechtli	youalauet͡ʃt͡ɬi	UOUALAUESTI	wiktionary_cat	-	-
youalli	youali	UOUALI	wiktionary_cat	-	-
youaltetzauitl	youaltet͡sauit͡ɬ	UOUALTESAUIT	wiktionary_cat	-	-
youaltica	youaltika	UOUALTIKA	wiktionary_cat	-	-
youaltotome	youaltotome	UOUALTOTOME	wiktionary_cat	-	-
youaltototl	youaltotot͡ɬ	UOUALTOTOT	wiktionary_cat	-	-
yovalli	yovali	UOBALI	wiktionary_cat	-	-
yovaltica	yovaltika	UOBALTIKA	wiktionary_cat	-	-
ypotoctli	ypotokt͡ɬi	UPOTOKTI	wiktionary_cat	-	-
ytacatl	ytakat͡ɬ	UTAKAT	wiktionary_cat	-	-
ytetl	ytet͡ɬ	UTET	wiktionary_cat	-	-
ythualli	ytwali	UTWALI	wiktionary_cat	-	-
ytlacatiliz ylhuitzin yn totecuyo	yt͡ɬakatilis ylwit͡sin yn totekʷyo	UTAKATILISULWISINUNTOTEKUO	wiktionary_cat	-	-
ytzcuinconetl	yt͡skʷinkonet͡ɬ	USKINKONET	wiktionary_cat	-	-
ytzcuintli	yt͡skʷint͡ɬi	USKINTI	wiktionary_cat	-	-
ytztic	yt͡stik	USTIK	wiktionary_cat	-	-
ytztic ehecatl	yt͡stik ehekat͡ɬ	USTIKEHEKAT	wiktionary_cat	-	-
ytztli	yt͡st͡ɬi	USTI	wiktionary_cat	-	-
yuhquin	ywkin	UWKIN	wiktionary_cat	-	-
yuitl	yuit͡ɬ	UUIT	wiktionary_cat	-	-
yuliliz atl	yulilis at͡ɬ	UULILISAT	wiktionary_cat	-	-
yuliliztli	yulilist͡ɬi	UULILISTI	wiktionary_cat	-	-
yullotli	yulot͡ɬi	UULOTI	wiktionary_cat	-	-
yxachi	yʃat͡ʃi	USASI	wiktionary_cat	-	-
yxpopoyutl	yʃpopoyut͡ɬ	USPOPOUUT	wiktionary_cat	-	-
yxquamulli	yʃkamuli	USKAMULI	wiktionary_cat	-	-
yxtelolotli	yʃtelolot͡ɬi	USTELOLOTI	wiktionary_cat	-	-
yxtelolotontli	yʃtelolotont͡ɬi	USTELOLOTONTI	wiktionary_cat	-	-
yxtololotli	yʃtololot͡ɬi	USTOLOLOTI	wiktionary_cat	-	-
yxuiuhtli	yʃuiwt͡ɬi	USUIWTI	wiktionary_cat	-	-
yyelli	yyeli	UUELI	wiktionary_cat	-	-
yzquiztepiton	yskistepiton	USKISTEPITON	wiktionary_cat	-	-
yzquiztli	yskist͡ɬi	USKISTI	wiktionary_cat	-	-
yzta ayotl	ysta ayot͡ɬ	USTAAUOT	wiktionary_cat	-	-
yzta xalli	ysta ʃali	USTASALI	wiktionary_cat	-	-
yztac	ystak	USTAK	wiktionary_cat	-	-
yztacayotl	ystakayot͡ɬ	USTAKAUOT	wiktionary_cat	-	-
yztatl	ystat͡ɬ	USTAT	wiktionary_cat	-	-
yztlacatemictli	yst͡ɬakatemikt͡ɬi	USTAKATEMIKTI	wiktionary_cat	-	-
yztlacatlacuilo	yst͡ɬakat͡ɬakʷilo	USTAKATAKILO	wiktionary_cat	-	-
zacamecatl	sakamekat͡ɬ	SAKAMEKAT	wiktionary_cat	-	-
zacamilli	sakamili	SAKAMILI	wiktionary_cat	-	-
zacamiztli	sakamist͡ɬi	SAKAMISTI	wiktionary_cat	-	-
zacanochtli	sakanot͡ʃt͡ɬi	SAKANOSTI	wiktionary_cat	-	-
zacaocuilin	sakaokʷilin	SAKAOKILIN	wiktionary_cat	-	-
zacapilli	sakapili	SAKAPILI	wiktionary_cat	-	-
zacatamalli	sakatamali	SAKATAMALI	wiktionary_cat	-	-
zacatecatl	sakatekat͡ɬ	SAKATEKAT	wiktionary_cat	-	-
zacatlah	sakat͡ɬah	SAKATAH	wiktionary_cat	-	-
Zacatlan	Zakat͡ɬan	0AKATAN	wiktionary_cat	-	-
zacatochin	sakatot͡ʃin	SAKATOSIN	wiktionary_cat	-	-
zacayaman	sakayaman	SAKAUAMAN	wiktionary_cat	-	-
zacayamanqui	sakayamanki	SAKAUAMANKI	wiktionary_cat	-	-
zacayo	sakayo	SAKAUO	wiktionary_cat	-	-
zahui	sawi	SAWI	wiktionary_cat	-	-
zahzacatlah	sahsakat͡ɬah	SAHSAKATAH	wiktionary_cat	-	-
zazaliuhyantli	sasaliwyant͡ɬi	SASALIWUANTI	wiktionary_cat	-	-
zihuatl	siwat͡ɬ	SIWAT	wiktionary_cat	-	-
-zoh	-soh	SOH	wiktionary_cat	-	-
zohuatl	sowat͡ɬ	SOWAT	wiktionary_cat	-	-
zolcanauhtli	solkanawt͡ɬi	SOLKANAWTI	wiktionary_cat	-	-
zolcoatl	solkoat͡ɬ	SOLKOAT	wiktionary_cat	-	-
zolnacatl	solnakat͡ɬ	SOLNAKAT	wiktionary_cat	-	-
Zoltepec	Zoltepek	0OLTEPEK	wiktionary_cat	-	-
zoquicanauhtli	sokikanawt͡ɬi	SOKIKANAWTI	wiktionary_cat	-	-
zoquixicocuitlatl	sokiʃikokʷit͡ɬat͡ɬ	SOKISIKOKITAT	wiktionary_cat	-	-
zoquiyo	sokiyo	SOKIUO	wiktionary_cat	-	-
-zotl	-sot͡ɬ	SOT	wiktionary_cat	-	-
zotl	sot͡ɬ	SOT	wiktionary_cat	-	-
zotlahua	sot͡ɬawa	SOTAWA	wiktionary_cat	-	-
zotolcactli	sotolkakt͡ɬi	SOTOLKAKTI	wiktionary_cat	-	-
zotollah	sotolah	SOTOLAH	wiktionary_cat	-	-
zoyacapolin	soyakapolin	SOUAKAPOLIN	wiktionary_cat	-	-
zoyacuahuitl	soyakʷawit͡ɬ	SOUAKAWIT	wiktionary_cat	-	-
zoyacuauhtlah	soyakʷawt͡ɬah	SOUAKAWTAH	wiktionary_cat	-	-
zoyatanahtontli	soyatanahtont͡ɬi	SOUATANAHTONTI	wiktionary_cat	-	-
zoyatepiton	soyatepiton	SOUATEPITON	wiktionary_cat	-	-
zoyatl	soyat͡ɬ	SOUAT	wiktionary_cat	-	-
zoyatlah	soyat͡ɬah	SOUATAH	wiktionary_cat	-	-
çaca ocuilin	çaka okʷilin	AKAOKILIN	wiktionary_cat	-	-
çacamecatl	çakamekat͡ɬ	AKAMEKAT	wiktionary_cat	-	-
çacatla	çakat͡ɬa	AKATA	wiktionary_cat	-	-
çacayaman	çakayaman	AKAUAMAN	wiktionary_cat	-	-
çacayamanqui	çakayamanki	AKAUAMANKI	wiktionary_cat	-	-
çacayo	çakayo	AKAUO	wiktionary_cat	-	-
çacayoh	çakayoh	AKAUOH	wiktionary_cat	-	-
çahuatl	çawat͡ɬ	AWAT	wiktionary_cat	-	-
çan	çan	AN	wiktionary_cat	-	-
çaqua	çaka	AKA	wiktionary_cat	-	-
çayulin	çayulin	AUULIN	wiktionary_cat	-	-
çaçacatla	çaçakat͡ɬa	AAKATA	wiktionary_cat	-	-
çihoapilli	çihoapili	IHOAPILI	wiktionary_cat	-	-
çiuapilli	çiuapili	IUAPILI	wiktionary_cat	-	-
çivapilli	çivapili	IBAPILI	wiktionary_cat	-	-
çohuatl	çowat͡ɬ	OWAT	wiktionary_cat	-	-
çoli	çoli	OLI	wiktionary_cat	-	-
çolin	çolin	OLIN	wiktionary_cat	-	-
çoquitl	çokit͡ɬ	OKIT	wiktionary_cat	-	-
çoquiyo	çokiyo	OKIUO	wiktionary_cat	-	-
çotolcactli	çotolkakt͡ɬi	OTOLKAKTI	wiktionary_cat	-	-
çotolla	çotola	OTOLA	wiktionary_cat	-	-
çouatl	çouat͡ɬ	OUAT	wiktionary_cat	-	-
çoya capuli	çoya kapuli	OUAKAPULI	wiktionary_cat	-	-
çoyaquauhtla	çoyakawt͡ɬa	OUAKAWTA	wiktionary_cat	-	-
çoyaquauitl	çoyakauit͡ɬ	OUAKAUIT	wiktionary_cat	-	-
çoyatepito	çoyatepito	OUATEPITO	wiktionary_cat	-	-
çoyatepiton	çoyatepiton	OUATEPITON	wiktionary_cat	-	-
çoyatl	çoyat͡ɬ	OUAT	wiktionary_cat	-	-
çoyatla	çoyat͡ɬa	OUATA	wiktionary_cat	-	-
çoçoltin	çoçoltin	OOLTIN	wiktionary_cat	-	-
çuyatl	çuyat͡ɬ	UUAT	wiktionary_cat	-	-
çã	çã	A	wiktionary_cat	-	-
ìquāc	ìkaːk	KAK	wiktionary_cat	-	-
āquin	aːkin	AKIN	wiktionary_cat	-	-
ātl	aːt͡ɬ	AT	wiktionary_cat	-	-
āxān	aːʃaːn	ASAN	wiktionary_cat	-	-
