Word	IPA	SCA	Source	Concept_ID	Cognate_Set_ID
-m-	-m-	M	oncoj	-	-
-masi-	-masi-	MASI	oncoj	-	-
-n-	-n-	N	oncoj	-	-
-nana	-nana	NANA	oncoj	-	-
-s-	-s-	S	oncoj	-	-
-sime-	-sime-	SIME	oncoj	-	-
-ye-	-je-	YE	oncoj	-	-
-zar-	-zaɾ-	SAR	oncoj	-	-
-ki-	-ki-	KI	oncoj	-	-
-kyer-	-kʲeɾ-	KER	oncoj	-	-
-tar-	-taɾ-	TAR	oncoj	-	-
-te-	-te-	TE	oncoj	-	-
-yer-	-jeɾ-	YER	oncoj	-	-
api	api	API	oncoj	-	-
ari	aɾi	ARI	oncoj	-	-
-re-	-ɾe-	RE	oncoj	-	-
kaki	kaki	KAKI	oncoj	-	-
-kar-	-kaɾ-	KAR	oncoj	-	-
-ki	-ki	KI	oncoj	-	-
-mi	-mi	MI	oncoj	-	-
mi	mi	MI	oncoj	-	-
opomi	opomi	OPOMI	oncoj	-	-
na	na	NA	oncoj	-	-
wosawosa	wosawosa	WOSAWOSA	oncoj	-	-
na…so	na…so	NASO	oncoj	-	-
-sa	-sa	SA	oncoj	-	-
sa	sa	SA	oncoj	-	-
ta	ta	TA	oncoj	-	-
uti	uti	UTI	oncoj	-	-
-nap-	-nap-	NAP	oncoj	-	-
ka	ka	KA	oncoj	-	-
-ap-	-ap-	AP	oncoj	-	-
-r-	-ɾ-	R	oncoj	-	-
-e-	-e-	E	oncoj	-	-
-i-	-i-	I	oncoj	-	-
-t-	-t-	T	oncoj	-	-
-bwi-	-bwi-	BWI	oncoj	-	-
-sabwi-	-sabwi-	SABWI	oncoj	-	-
-sibwi-	-sibwi-	SIBWI	oncoj	-	-
wo	wo	WO	oncoj	-	-
ma	ma	MA	oncoj	-	-
kwo	kwo	KWO	oncoj	-	-
maswo	maswo	MASWO	oncoj	-	-
maswomi	maswomi	MASWOMI	oncoj	-	-
bakari	bakaɾi	BAKARI	oncoj	-	-
dani	dani	DANI	oncoj	-	-
ga	ɡa	GA	oncoj	-	-
gane	ɡane	GANE	oncoj	-	-
kamo	kamo	KAMO	oncoj	-	-
kara	kaɾa	KARA	oncoj	-	-
karani	kaɾani	KARANI	oncoj	-	-
koso	koso	KOSO	oncoj	-	-
kosoba	kosoba	KOSOBA	oncoj	-	-
made	made	MADE	oncoj	-	-
madeni	madeni	MADENI	oncoj	-	-
miyu	miju	MIYU	oncoj	-	-
mo	mo	MO	oncoj	-	-
moga	moɡa	MOGA	oncoj	-	-
mono	mono	MONO	oncoj	-	-
namo	namo	NAMO	oncoj	-	-
ni	ni	NI	oncoj	-	-
no	no	NO	oncoj	-	-
nomwi	nomwi	NOMWI	oncoj	-	-
pa	pa	PA	oncoj	-	-
pye	pʲe	PE	oncoj	-	-
ro	ɾo	RO	oncoj	-	-
sape	sape	SAPE	oncoj	-	-
sapeni	sapeni	SAPENI	oncoj	-	-
si	si	SI	oncoj	-	-
su	su	SU	oncoj	-	-
so	so	SO	oncoj	-	-
sura	suɾa	SURA	oncoj	-	-
surani	suɾani	SURANI	oncoj	-	-
to	to	TO	oncoj	-	-
tomo	tomo	TOMO	oncoj	-	-
tu	tu	TU	oncoj	-	-
we	we	WE	oncoj	-	-
woba	woba	WOBA	oncoj	-	-
ya	ja	YA	oncoj	-	-
yo	jo	YO	oncoj	-	-
yuwe	juwe	YUWE	oncoj	-	-
ywori	jwoɾi	YWORI	oncoj	-	-
ywo	jwo	YWO	oncoj	-	-
yuri	juɾi	YURI	oncoj	-	-
yu	ju	YU	oncoj	-	-
nape	nape	NAPE	oncoj	-	-
two	two	TWO	oncoj	-	-
goto	ɡoto	GOTO	oncoj	-	-
wa	wa	WA	oncoj	-	-
gape	ɡape	GAPE	oncoj	-	-
be	be	BE	oncoj	-	-
masizi	masizi	MASISI	oncoj	-	-
myer	mʲeɾ	MER	oncoj	-	-
nar	naɾ	NAR	oncoj	-	-
ram	ɾam	RAM	oncoj	-	-
rasi	ɾasi	RASI	oncoj	-	-
nagara	naɡaɾa	NAGARA	oncoj	-	-
domo	domo	DOMO	oncoj	-	-
gwosi	ɡwosi	GWOSI	oncoj	-	-
ra	ɾa	RA	oncoj	-	-
tati	tati	TATI	oncoj	-	-
gatera	ɡateɾa	GATERA	oncoj	-	-
zimono	zimono	SIMONO	oncoj	-	-
zi	zi	SI	oncoj	-	-
gari	ɡaɾi	GARI	oncoj	-	-
pito	pito	PITO	oncoj	-	-
puta	puta	PUTA	oncoj	-	-
yo(n)	jo(n)	YON	oncoj	-	-
mu	mu	MU	oncoj	-	-
nana	nana	NANA	oncoj	-	-
kokono	kokono	KOKONO	oncoj	-	-
towo	towo	TOWO	oncoj	-	-
mwomwo	mwomwo	MWOMWO	oncoj	-	-
ti	ti	TI	oncoj	-	-
yati	jati	YATI	oncoj	-	-
yorodu	joɾodu	YORODU	oncoj	-	-
ri	ɾi	RI	oncoj	-	-
go	ɡo	GO	oncoj	-	-
po	po	PO	oncoj	-	-
swo	swo	SWO	oncoj	-	-
moto	moto	MOTO	oncoj	-	-
manima	manima	MANIMA	oncoj	-	-
ito	ito	ITO	oncoj	-	-
tada	tada	TADA	oncoj	-	-
tune	tune	TUNE	oncoj	-	-
imada	imada	IMADA	oncoj	-	-
arakazime	aɾakazime	ARAKASIME	oncoj	-	-
itadura	itaduɾa	ITADURA	oncoj	-	-
nemokoro	nemokoɾo	NEMOKORO	oncoj	-	-
motona	motona	MOTONA	oncoj	-	-
yume	jume	YUME	oncoj	-	-
todoro	todoɾo	TODORO	oncoj	-	-
iya	ija	IYA	oncoj	-	-
nakanaka	nakanaka	NAKANAKA	oncoj	-	-
tabimaneku	tabimaneku	TABIMANEKU	oncoj	-	-
katugatu	katuɡatu	KATUGATU	oncoj	-	-
kedasi	kedasi	KEDASI	oncoj	-	-
sikusiku	sikusiku	SIKUSIKU	oncoj	-	-
sikusikuni	sikusikuni	SIKUSIKUNI	oncoj	-	-
napo	napo	NAPO	oncoj	-	-
pata	pata	PATA	oncoj	-	-
ima	ima	IMA	oncoj	-	-
apete	apete	APETE	oncoj	-	-
imasiku	imasiku	IMASIKU	oncoj	-	-
imasarani	imasaɾani	IMASARANI	oncoj	-	-
tagwosi	taɡwosi	TAGWOSI	oncoj	-	-
nakapazu	nakapazu	NAKAPASU	oncoj	-	-
sara	saɾa	SARA	oncoj	-	-
paya	paja	PAYA	oncoj	-	-
ube	ube	UBE	oncoj	-	-
obo	obo	OBO	oncoj	-	-
sapa	sapa	SAPA	oncoj	-	-
sapada	sapada	SAPADA	oncoj	-	-
sizi	sizi	SISI	oncoj	-	-
katu	katu	KATU	oncoj	-	-
ututape	ututape	UTUTAPE	oncoj	-	-
aswoswo	aswoswo	ASWOSWO	oncoj	-	-
kotosara	kotosaɾa	KOTOSARA	oncoj	-	-
namazipwi	namazipwi	NAMASIPWI	oncoj	-	-
sugara	suɡaɾa	SUGARA	oncoj	-	-
tamasaka	tamasaka	TAMASAKA	oncoj	-	-
simasi	simasi	SIMASI	oncoj	-	-
katute	katute	KATUTE	oncoj	-	-
iyoyo	ijojo	IYOYO	oncoj	-	-
sane	sane	SANE	oncoj	-	-
tokosiku	tokosiku	TOKOSIKU	oncoj	-	-
amata	amata	AMATA	oncoj	-	-
yaya	jaja	YAYA	oncoj	-	-
oporoka	opoɾoka	OPOROKA	oncoj	-	-
makoto	makoto	MAKOTO	oncoj	-	-
yuta	juta	YUTA	oncoj	-	-
simimi	simimi	SIMIMI	oncoj	-	-
panapada	panapada	PANAPADA	oncoj	-	-
ikasama	ikasama	IKASAMA	oncoj	-	-
tana	tana	TANA	oncoj	-	-
mura	muɾa	MURA	oncoj	-	-
simi	simi	SIMI	oncoj	-	-
ina	ina	INA	oncoj	-	-
niki	niki	NIKI	oncoj	-	-
apa	apa	APA	oncoj	-	-
apani	apani	APANI	oncoj	-	-
apusawa	apusawa	APUSAWA	oncoj	-	-
asarakani	asaɾakani	ASARAKANI	oncoj	-	-
nikipada	nikipada	NIKIPADA	oncoj	-	-
ayani	ajani	AYANI	oncoj	-	-
kadura	kaduɾa	KADURA	oncoj	-	-
kapyeramani	kapʲeɾamani	KAPERAMANI	oncoj	-	-
kurekureto	kuɾekuɾeto	KUREKURETO	oncoj	-	-
kyeni	kʲeni	KENI	oncoj	-	-
pikyeni	pikʲeni	PIKENI	oncoj	-	-
pinikyeni	pinikʲeni	PINIKENI	oncoj	-	-
kyeya	kʲeja	KEYA	oncoj	-	-
mare	maɾe	MARE	oncoj	-	-
mara	maɾa	MARA	oncoj	-	-
masani	masani	MASANI	oncoj	-	-
masadeni	masadeni	MASADENI	oncoj	-	-
masasini	masasini	MASASINI	oncoj	-	-
masumasu	masumasu	MASUMASU	oncoj	-	-
masumasuni	masumasuni	MASUMASUNI	oncoj	-	-
naponapo	naponapo	NAPONAPO	oncoj	-	-
nemokorogoro	nemokoɾoɡoɾo	NEMOKOROGORO	oncoj	-	-
nikwo	nikwo	NIKWO	oncoj	-	-
nikwoya	nikwoja	NIKWOYA	oncoj	-	-
pupaya	pupaja	PUPAYA	oncoj	-	-
nipaka	nipaka	NIPAKA	oncoj	-	-
nipubuni	nipubuni	NIPUBUNI	oncoj	-	-
nipubukani	nipubukani	NIPUBUKANI	oncoj	-	-
nodoni	nodoni	NODONI	oncoj	-	-
noti	noti	NOTI	oncoj	-	-
oboroka	oboɾoka	OBOROKA	oncoj	-	-
oponobwini	oponobwini	OPONOBWINI	oncoj	-	-
oroka	oɾoka	OROKA	oncoj	-	-
oso	oso	OSO	oncoj	-	-
oyodure	ojoduɾe	OYODURE	oncoj	-	-
padara	padaɾa	PADARA	oncoj	-	-
padare	padaɾe	PADARE	oncoj	-	-
panayaka	panajaka	PANAYAKA	oncoj	-	-
parwoparwo	paɾwopaɾwo	PARWOPARWO	oncoj	-	-
patuka	patuka	PATUKA	oncoj	-	-
pinemosuni	pinemosuni	PINEMOSUNI	oncoj	-	-
pisa	pisa	PISA	oncoj	-	-
podoro	podoɾo	PODORO	oncoj	-	-
podoropodoro	podoɾopodoɾo	PODOROPODORO	oncoj	-	-
ponoka	ponoka	PONOKA	oncoj	-	-
potopotosikuni	potopotosikuni	POTOPOTOSIKUNI	oncoj	-	-
pususani	pususani	PUSUSANI	oncoj	-	-
putumani	putumani	PUTUMANI	oncoj	-	-
samura	samuɾa	SAMURA	oncoj	-	-
sayaka	sajaka	SAYAKA	oncoj	-	-
sige	siɡe	SIGE	oncoj	-	-
simira	simiɾa	SIMIRA	oncoj	-	-
simyera	simʲeɾa	SIMERA	oncoj	-	-
sinwonwoni	sinwonwoni	SINWONWONI	oncoj	-	-
sipopo	sipopo	SIPOPO	oncoj	-	-
soyo	sojo	SOYO	oncoj	-	-
sudeni	sudeni	SUDENI	oncoj	-	-
sum	sum	SUM	oncoj	-	-
tadameni	tadameni	TADAMENI	oncoj	-	-
takataka	takataka	TAKATAKA	oncoj	-	-
tamayurani	tamajuɾani	TAMAYURANI	oncoj	-	-
tasidasini	tasidasini	TASIDASINI	oncoj	-	-
tatimatini	tatimatini	TATIMATINI	oncoj	-	-
tokosipeni	tokosipeni	TOKOSIPENI	oncoj	-	-
tokotoba	tokotoba	TOKOTOBA	oncoj	-	-
towowo	towowo	TOWOWO	oncoj	-	-
toyo	tojo	TOYO	oncoj	-	-
tubara	tubaɾa	TUBARA	oncoj	-	-
tubaraka	tubaɾaka	TUBARAKA	oncoj	-	-
tubaratubara	tubaɾatubaɾa	TUBARATUBARA	oncoj	-	-
tubusa	tubusa	TUBUSA	oncoj	-	-
tupi	tupi	TUPI	oncoj	-	-
turatura	tuɾatuɾa	TURATURA	oncoj	-	-
tutwo	tutwo	TUTWO	oncoj	-	-
umara	umaɾa	UMARA	oncoj	-	-
usu	usu	USU	oncoj	-	-
wakurabani	wakuɾabani	WAKURABANI	oncoj	-	-
werawera	weɾaweɾa	WERAWERA	oncoj	-	-
yakuyaku	jakujaku	YAKUYAKU	oncoj	-	-
yakuyakuni	jakujakuni	YAKUYAKUNI	oncoj	-	-
yukurakani	jukuɾakani	YUKURAKANI	oncoj	-	-
yukurayukura	jukuɾajukuɾa	YUKURAYUKURA	oncoj	-	-
yukuyukuto	jukujukuto	YUKUYUKUTO	oncoj	-	-
yura	juɾa	YURA	oncoj	-	-
yurara	juɾaɾa	YURARA	oncoj	-	-
kokibaku	kokibaku	KOKIBAKU	oncoj	-	-
mutu	mutu	MUTU	oncoj	-	-
muka	muka	MUKA	oncoj	-	-
isasameni	isasameni	ISASAMENI	oncoj	-	-
iroiro	iɾoiɾo	IROIRO	oncoj	-	-
sokidaku	sokidaku	SOKIDAKU	oncoj	-	-
atataka	atataka	ATATAKA	oncoj	-	-
akara	akaɾa	AKARA	oncoj	-	-
yosi	josi	YOSI	oncoj	-	-
kata	kata	KATA	oncoj	-	-
tamukapi	tamukapi	TAMUKAPI	oncoj	-	-
yasu	jasu	YASU	oncoj	-	-
niku	niku	NIKU	oncoj	-	-
taka	taka	TAKA	oncoj	-	-
sira	siɾa	SIRA	oncoj	-	-
sirwo	siɾwo	SIRWO	oncoj	-	-
naga	naɡa	NAGA	oncoj	-	-
topo	topo	TOPO	oncoj	-	-
saya	saja	SAYA	oncoj	-	-
opo	opo	OPO	oncoj	-	-
ita	ita	ITA	oncoj	-	-
moro	moɾo	MORO	oncoj	-	-
maro	maɾo	MARO	oncoj	-	-
marone	maɾone	MARONE	oncoj	-	-
siba	siba	SIBA	oncoj	-	-
saka	saka	SAKA	oncoj	-	-
ye	je	YE	oncoj	-	-
aka	aka	AKA	oncoj	-	-
ake	ake	AKE	oncoj	-	-
tika	tika	TIKA	oncoj	-	-
putwo	putwo	PUTWO	oncoj	-	-
uresi	uɾesi	URESI	oncoj	-	-
uma	uma	UMA	oncoj	-	-
kanasi	kanasi	KANASI	oncoj	-	-
kanasira	kanasiɾa	KANASIRA	oncoj	-	-
tatapasi	tatapasi	TATAPASI	oncoj	-	-
soti	soti	SOTI	oncoj	-	-
takyeswokani	takʲeswokani	TAKESWOKANI	oncoj	-	-
takye	takʲe	TAKE	oncoj	-	-
taputwo	taputwo	TAPUTWO	oncoj	-	-
tomosi	tomosi	TOMOSI	oncoj	-	-
mana	mana	MANA	oncoj	-	-
adukina	adukina	ADUKINA	oncoj	-	-
akarake	akaɾake	AKARAKE	oncoj	-	-
akirake	akiɾake	AKIRAKE	oncoj	-	-
amaneku	amaneku	AMANEKU	oncoj	-	-
ara	aɾa	ARA	oncoj	-	-
arata	aɾata	ARATA	oncoj	-	-
aratasi	aɾatasi	ARATASI	oncoj	-	-
atara	ataɾa	ATARA	oncoj	-	-
atarasi	ataɾasi	ATARASI	oncoj	-	-
atu	atu	ATU	oncoj	-	-
awo	awo	AWO	oncoj	-	-
ayapo	ajapo	AYAPO	oncoj	-	-
ayasi	ajasi	AYASI	oncoj	-	-
iyapikwo	ijapikwo	IYAPIKWO	oncoj	-	-
matupo	matupo	MATUPO	oncoj	-	-
tabasami	tabasami	TABASAMI	oncoj	-	-
namitagumasi	namitaɡumasi	NAMITAGUMASI	oncoj	-	-
sopobune	sopobune	SOPOBUNE	oncoj	-	-
ariake	aɾiake	ARIAKE	oncoj	-	-
gumasi	ɡumasi	GUMASI	oncoj	-	-
magupasi	maɡupasi	MAGUPASI	oncoj	-	-
uragupasi	uɾaɡupasi	URAGUPASI	oncoj	-	-
panagupasi	panaɡupasi	PANAGUPASI	oncoj	-	-
yaponiyosi	japonijosi	YAPONIYOSI	oncoj	-	-
uragwopwisi	uɾaɡwopwisi	URAGWOPWISI	oncoj	-	-
ibuse	ibuse	IBUSE	oncoj	-	-
ikidukasi	ikidukasi	IKIDUKASI	oncoj	-	-
ipukasi	ipukasi	IPUKASI	oncoj	-	-
irana	iɾana	IRANA	oncoj	-	-
isosi	isosi	ISOSI	oncoj	-	-
itapasi	itapasi	ITAPASI	oncoj	-	-
itaburasi	itabuɾasi	ITABURASI	oncoj	-	-
itisirwo	itisiɾwo	ITISIRWO	oncoj	-	-
itopasi	itopasi	ITOPASI	oncoj	-	-
itukusi	itukusi	ITUKUSI	oncoj	-	-
iyasi	ijasi	IYASI	oncoj	-	-
kagupasi	kaɡupasi	KAGUPASI	oncoj	-	-
kakarapasi	kakaɾapasi	KAKARAPASI	oncoj	-	-
kasikwo	kasikwo	KASIKWO	oncoj	-	-
kaswoke	kaswoke	KASWOKE	oncoj	-	-
kayu	kaju	KAYU	oncoj	-	-
kenaga	kenaɡa	KENAGA	oncoj	-	-
kyesi	kʲesi	KESI	oncoj	-	-
kirakirasi	kiɾakiɾasi	KIRAKIRASI	oncoj	-	-
kitana	kitana	KITANA	oncoj	-	-
kiywo	kijwo	KIYWO	oncoj	-	-
kogosi	koɡosi	KOGOSI	oncoj	-	-
kokorogu	kokoɾoɡu	KOKOROGU	oncoj	-	-
kotita	kotita	KOTITA	oncoj	-	-
kupasi	kupasi	KUPASI	oncoj	-	-
kurusi	kuɾusi	KURUSI	oncoj	-	-
kurwo	kuɾwo	KURWO	oncoj	-	-
kusubasi	kusubasi	KUSUBASI	oncoj	-	-
kususi	kususi	KUSUSI	oncoj	-	-
kuyasi	kujasi	KUYASI	oncoj	-	-
kwoposi	kwoposi	KWOPOSI	oncoj	-	-
kwopwisi	kwopwisi	KWOPWISI	oncoj	-	-
madusi	madusi	MADUSI	oncoj	-	-
makanasi	makanasi	MAKANASI	oncoj	-	-
makirapasi	makiɾapasi	MAKIRAPASI	oncoj	-	-
mane	mane	MANE	oncoj	-	-
maso	maso	MASO	oncoj	-	-
masura	masuɾa	MASURA	oncoj	-	-
masurawo	masuɾawo	MASURAWO	oncoj	-	-
medasi	medasi	MEDASI	oncoj	-	-
medurasi	meduɾasi	MEDURASI	oncoj	-	-
megu	meɡu	MEGU	oncoj	-	-
miniku	miniku	MINIKU	oncoj	-	-
mizika	mizika	MISIKA	oncoj	-	-
mugasi	muɡasi	MUGASI	oncoj	-	-
munasi	munasi	MUNASI	oncoj	-	-
muna	muna	MUNA	oncoj	-	-
mutumasi	mutumasi	MUTUMASI	oncoj	-	-
nakupasi	nakupasi	NAKUPASI	oncoj	-	-
namye	namʲe	NAME	oncoj	-	-
natukasi	natukasi	NATUKASI	oncoj	-	-
neta	neta	NETA	oncoj	-	-
nipasi	nipasi	NIPASI	oncoj	-	-
nipi	nipi	NIPI	oncoj	-	-
nuru	nuɾu	NURU	oncoj	-	-
obobosi	obobosi	OBOBOSI	oncoj	-	-
obotukana	obotukana	OBOTUKANA	oncoj	-	-
ogirona	oɡiɾona	OGIRONA	oncoj	-	-
omosirwo	omosiɾwo	OMOSIRWO	oncoj	-	-
onazi	onazi	ONASI	oncoj	-	-
oyazi	ojazi	OYASI	oncoj	-	-
padukasi	padukasi	PADUKASI	oncoj	-	-
paruke	paɾuke	PARUKE	oncoj	-	-
pasi	pasi	PASI	oncoj	-	-
pwinepwinesi	pwinepwinesi	PWINEPWINESI	oncoj	-	-
piro	piɾo	PIRO	oncoj	-	-
pisasi	pisasi	PISASI	oncoj	-	-
pono	pono	PONO	oncoj	-	-
poso	poso	POSO	oncoj	-	-
puka	puka	PUKA	oncoj	-	-
puru	puɾu	PURU	oncoj	-	-
sabisi	sabisi	SABISI	oncoj	-	-
sabusi	sabusi	SABUSI	oncoj	-	-
sakasi	sakasi	SAKASI	oncoj	-	-
samu	samu	SAMU	oncoj	-	-
sato	sato	SATO	oncoj	-	-
sayake	sajake	SAYAKE	oncoj	-	-
seba	seba	SEBA	oncoj	-	-
siduke	siduke	SIDUKE	oncoj	-	-
siru	siɾu	SIRU	oncoj	-	-
sukana	sukana	SUKANA	oncoj	-	-
sukuna	sukuna	SUKUNA	oncoj	-	-
sumuyake	sumujake	SUMUYAKE	oncoj	-	-
suzusi	suzusi	SUSUSI	oncoj	-	-
tadasikumo	tadasikumo	TADASIKUMO	oncoj	-	-
tadutadusi	tadutadusi	TADUTADUSI	oncoj	-	-
tanwosi	tanwosi	TANWOSI	oncoj	-	-
tapirake	tapiɾake	TAPIRAKE	oncoj	-	-
tasike	tasike	TASIKE	oncoj	-	-
tawa	tawa	TAWA	oncoj	-	-
tayasu	tajasu	TAYASU	oncoj	-	-
tayu	taju	TAYU	oncoj	-	-
tokizi	tokizi	TOKISI	oncoj	-	-
kopukopu	kopukopu	KOPUKOPU	oncoj	-	-
tokiziku	tokiziku	TOKISIKU	oncoj	-	-
toko	toko	TOKO	oncoj	-	-
tonosiku	tonosiku	TONOSIKU	oncoj	-	-
topodoposi	topodoposi	TOPODOPOSI	oncoj	-	-
toposiro	toposiɾo	TOPOSIRO	oncoj	-	-
uramyesi	uɾamʲesi	URAMESI	oncoj	-	-
urawaka	uɾawaka	URAWAKA	oncoj	-	-
ureta	uɾeta	URETA	oncoj	-	-
urupasi	uɾupasi	URUPASI	oncoj	-	-
utukusi	utukusi	UTUKUSI	oncoj	-	-
wabwisi	wabwisi	WABWISI	oncoj	-	-
waka	waka	WAKA	oncoj	-	-
waku	waku	WAKU	oncoj	-	-
wemapasi	wemapasi	WEMAPASI	oncoj	-	-
wodina	wodina	WODINA	oncoj	-	-
wowosi	wowosi	WOWOSI	oncoj	-	-
yasasi	jasasi	YASASI	oncoj	-	-
yorasi	joɾasi	YORASI	oncoj	-	-
yorosi	joɾosi	YOROSI	oncoj	-	-
ywowa	jwowa	YWOWA	oncoj	-	-
yukurina	jukuɾina	YUKURINA	oncoj	-	-
yutake	jutake	YUTAKE	oncoj	-	-
yuyusi	jujusi	YUYUSI	oncoj	-	-
asi	asi	ASI	oncoj	-	-
mata	mata	MATA	oncoj	-	-
wosi	wosi	WOSI	oncoj	-	-
agak	aɡak	AGAK	oncoj	-	-
agaki	aɡaki	AGAKI	oncoj	-	-
akas	akas	AKAS	oncoj	-	-
akat	akat	AKAT	oncoj	-	-
akatuk	akatuk	AKATUK	oncoj	-	-
taywor	tajwoɾ	TAYWOR	oncoj	-	-
akap	akap	AKAP	oncoj	-	-
akarapik	akaɾapik	AKARAPIK	oncoj	-	-
akar	akaɾ	AKAR	oncoj	-	-
akari	akaɾi	AKARI	oncoj	-	-
agar	aɡaɾ	AGAR	oncoj	-	-
akitar	akitaɾ	AKITAR	oncoj	-	-
akiduk	akiduk	AKIDUK	oncoj	-	-
akirame	akiɾame	AKIRAME	oncoj	-	-
ak	ak	AK	oncoj	-	-
age	aɡe	AGE	oncoj	-	-
akesar	akesaɾ	AKESAR	oncoj	-	-
aketat	aketat	AKETAT	oncoj	-	-
akemake	akemake	AKEMAKE	oncoj	-	-
asapapur	asapapuɾ	ASAPAPUR	oncoj	-	-
azapar	azapaɾ	ASAPAR	oncoj	-	-
azamuk	azamuk	ASAMUK	oncoj	-	-
asar	asaɾ	ASAR	oncoj	-	-
azar	azaɾ	ASAR	oncoj	-	-
azawarap	azawaɾap	ASAWARAP	oncoj	-	-
as	as	AS	oncoj	-	-
ase	ase	ASE	oncoj	-	-
aswobas	aswobas	ASWOBAS	oncoj	-	-
aswob	aswob	ASWOB	oncoj	-	-
aswobi	aswobi	ASWOBI	oncoj	-	-
adas	adas	ADAS	oncoj	-	-
atap	atap	ATAP	oncoj	-	-
atapi	atapi	ATAPI	oncoj	-	-
atape	atape	ATAPE	oncoj	-	-
atari	ataɾi	ATARI	oncoj	-	-
ate	ate	ATE	oncoj	-	-
atumar	atumaɾ	ATUMAR	oncoj	-	-
adomop	adomop	ADOMOP	oncoj	-	-
anayum	anajum	ANAYUM	oncoj	-	-
apase	apase	APASE	oncoj	-	-
aparem	apaɾem	APAREM	oncoj	-	-
ap	ap	AP	oncoj	-	-
ape	ape	APE	oncoj	-	-
apug	apuɡ	APUG	oncoj	-	-
apugi	apuɡi	APUGI	oncoj	-	-
abus	abus	ABUS	oncoj	-	-
abur	abuɾ	ABUR	oncoj	-	-
apure	apuɾe	APURE	oncoj	-	-
apek	apek	APEK	oncoj	-	-
amakaker	amakakeɾ	AMAKAKER	oncoj	-	-
amagwiras	amaɡwiɾas	AMAGWIRAS	oncoj	-	-
amagwirap	amaɡwiɾap	AMAGWIRAP	oncoj	-	-
amagomor	amaɡomoɾ	AMAGOMOR	oncoj	-	-
amagomori	amaɡomoɾi	AMAGOMORI	oncoj	-	-
imogakiru	imoɡakiɾu	IMOGAKIRU	oncoj	-	-
kimigakiru	kimiɡakiɾu	KIMIGAKIRU	oncoj	-	-
amas	amas	AMAS	oncoj	-	-
yunop	junop	YUNOP	oncoj	-	-
amasosor	amasosoɾ	AMASOSOR	oncoj	-	-
amatar	amataɾ	AMATAR	oncoj	-	-
amatutap	amatutap	AMATUTAP	oncoj	-	-
amatutum	amatutum	AMATUTUM	oncoj	-	-
amater	amateɾ	AMATER	oncoj	-	-
amatob	amatob	AMATOB	oncoj	-	-
amar	amaɾ	AMAR	oncoj	-	-
amari	amaɾi	AMARI	oncoj	-	-
am	am	AM	oncoj	-	-
amus	amus	AMUS	oncoj	-	-
amori	amoɾi	AMORI	oncoj	-	-
ayamat	ajamat	AYAMAT	oncoj	-	-
aye	aje	AYE	oncoj	-	-
ayum	ajum	AYUM	oncoj	-	-
ayumi	ajumi	AYUMI	oncoj	-	-
aywok	ajwok	AYWOK	oncoj	-	-
aras	aɾas	ARAS	oncoj	-	-
araswop	aɾaswop	ARASWOP	oncoj	-	-
araswopi	aɾaswopi	ARASWOPI	oncoj	-	-
arat	aɾat	ARAT	oncoj	-	-
arapas	aɾapas	ARAPAS	oncoj	-	-
arapare	aɾapaɾe	ARAPARE	oncoj	-	-
arap	aɾap	ARAP	oncoj	-	-
arabwi	aɾabwi	ARABWI	oncoj	-	-
ar	aɾ	AR	oncoj	-	-
ariko	aɾiko	ARIKO	oncoj	-	-
aritamotopor	aɾitamotopoɾ	ARITAMOTOPOR	oncoj	-	-
arinam	aɾinam	ARINAM	oncoj	-	-
arimat	aɾimat	ARIMAT	oncoj	-	-
are	aɾe	ARE	oncoj	-	-
aruk	aɾuk	ARUK	oncoj	-	-
aruki	aɾuki	ARUKI	oncoj	-	-
aretug	aɾetuɡ	ARETUG	oncoj	-	-
ikar	ikaɾ	IKAR	oncoj	-	-
ikiduk	ikiduk	IKIDUK	oncoj	-	-
ikidopor	ikidopoɾ	IKIDOPOR	oncoj	-	-
ik	ik	IK	oncoj	-	-
iki	iki	IKI	oncoj	-	-
ike	ike	IKE	oncoj	-	-
ikop	ikop	IKOP	oncoj	-	-
izanap	izanap	ISANAP	oncoj	-	-
isam	isam	ISAM	oncoj	-	-
isame	isame	ISAME	oncoj	-	-
isaywop	isajwop	ISAYWOP	oncoj	-	-
isaywopi	isajwopi	ISAYWOPI	oncoj	-	-
izar	izaɾ	ISAR	oncoj	-	-
izari	izaɾi	ISARI	oncoj	-	-
iswokakur	iswokakuɾ	ISWOKAKUR	oncoj	-	-
iswog	iswoɡ	ISWOG	oncoj	-	-
iswop	iswop	ISWOP	oncoj	-	-
idas	idas	IDAS	oncoj	-	-
itadak	itadak	ITADAK	oncoj	-	-
itaduk	itaduk	ITADUK	oncoj	-	-
itabur	itabuɾ	ITABUR	oncoj	-	-
itam	itam	ITAM	oncoj	-	-
itar	itaɾ	ITAR	oncoj	-	-
ide	ide	IDE	oncoj	-	-
ituk	ituk	ITUK	oncoj	-	-
ituki	ituki	ITUKI	oncoj	-	-
itupar	itupaɾ	ITUPAR	oncoj	-	-
itupari	itupaɾi	ITUPARI	oncoj	-	-
idetat	idetat	IDETAT	oncoj	-	-
idemas	idemas	IDEMAS	oncoj	-	-
idemasi	idemasi	IDEMASI	oncoj	-	-
itop	itop	ITOP	oncoj	-	-
itopi	itopi	ITOPI	oncoj	-	-
inabwi	inabwi	INABWI	oncoj	-	-
ine	ine	INE	oncoj	-	-
in	in	IN	oncoj	-	-
inogop	inoɡop	INOGOP	oncoj	-	-
inor	inoɾ	INOR	oncoj	-	-
ipagakur	ipaɡakuɾ	IPAGAKUR	oncoj	-	-
ipasosok	ipasosok	IPASOSOK	oncoj	-	-
ipabasir	ipabasiɾ	IPABASIR	oncoj	-	-
ipapimat	ipapimat	IPAPIMAT	oncoj	-	-
ipap	ipap	IPAP	oncoj	-	-
ibaye	ibaje	IBAYE	oncoj	-	-
ipitug	ipituɡ	IPITUG	oncoj	-	-
ipitute	ipitute	IPITUTE	oncoj	-	-
ipidurap	ipiduɾap	IPIDURAP	oncoj	-	-
ip	ip	IP	oncoj	-	-
ipi	ipi	IPI	oncoj	-	-
ipukar	ipukaɾ	IPUKAR	oncoj	-	-
ibusem	ibusem	IBUSEM	oncoj	-	-
ipyeduk	ipʲeduk	IPEDUK	oncoj	-	-
ipyewor	ipʲewoɾ	IPEWOR	oncoj	-	-
ipor	ipoɾ	IPOR	oncoj	-	-
ipori	ipoɾi	IPORI	oncoj	-	-
imas	imas	IMAS	oncoj	-	-
imasi	imasi	IMASI	oncoj	-	-
imase	imase	IMASE	oncoj	-	-
im	im	IM	oncoj	-	-
iyazakar	ijazakaɾ	IYASAKAR	oncoj	-	-
iyatate	ijatate	IYATATE	oncoj	-	-
iye	ije	IYE	oncoj	-	-
iritat	iɾitat	IRITAT	oncoj	-	-
ir	iɾ	IR	oncoj	-	-
iri	iɾi	IRI	oncoj	-	-
ire	iɾe	IRE	oncoj	-	-
iroduk	iɾoduk	IRODUK	oncoj	-	-
irotor	iɾotoɾ	IROTOR	oncoj	-	-
irotori	iɾotoɾi	IROTORI	oncoj	-	-
uwe	uwe	UWE	oncoj	-	-
ukakap	ukakap	UKAKAP	oncoj	-	-
ukanerap	ukaneɾap	UKANERAP	oncoj	-	-
ukab	ukab	UKAB	oncoj	-	-
ukabe	ukabe	UKABE	oncoj	-	-
ukare	ukaɾe	UKARE	oncoj	-	-
uk	uk	UK	oncoj	-	-
uke	uke	UKE	oncoj	-	-
ugutuk	uɡutuk	UGUTUK	oncoj	-	-
ukesuwe	ukesuwe	UKESUWE	oncoj	-	-
ukep	ukep	UKEP	oncoj	-	-
ugwokas	uɡwokas	UGWOKAS	oncoj	-	-
ugwok	uɡwok	UGWOK	oncoj	-	-
usinap	usinap	USINAP	oncoj	-	-
usipak	usipak	USIPAK	oncoj	-	-
use	use	USE	oncoj	-	-
uzusumar	uzusumaɾ	USUSUMAR	oncoj	-	-
usure	usuɾe	USURE	oncoj	-	-
usobuk	usobuk	USOBUK	oncoj	-	-
utagapi	utaɡapi	UTAGAPI	oncoj	-	-
utak	utak	UTAK	oncoj	-	-
utaki	utaki	UTAKI	oncoj	-	-
udak	udak	UDAK	oncoj	-	-
utap	utap	UTAP	oncoj	-	-
ut	ut	UT	oncoj	-	-
ute	ute	UTE	oncoj	-	-
utus	utus	UTUS	oncoj	-	-
utusi	utusi	UTUSI	oncoj	-	-
utute	utute	UTUTE	oncoj	-	-
udunap	udunap	UDUNAP	oncoj	-	-
utur	utuɾ	UTUR	oncoj	-	-
uturop	utuɾop	UTUROP	oncoj	-	-
unagaker	unaɡakeɾ	UNAGAKER	oncoj	-	-
unagas	unaɡas	UNAGAS	oncoj	-	-
unakabus	unakabus	UNAKABUS	oncoj	-	-
unag	unaɡ	UNAG	oncoj	-	-
unakudar	unakudaɾ	UNAKUDAR	oncoj	-	-
ubap	ubap	UBAP	oncoj	-	-
umap	umap	UMAP	oncoj	-	-
umare	umaɾe	UMARE	oncoj	-	-
um	um	UM	oncoj	-	-
umi	umi	UMI	oncoj	-	-
uyamap	ujamap	UYAMAP	oncoj	-	-
uragare	uɾaɡaɾe	URAGARE	oncoj	-	-
urasabwi	uɾasabwi	URASABWI	oncoj	-	-
uranake	uɾanake	URANAKE	oncoj	-	-
uranap	uɾanap	URANAP	oncoj	-	-
urape	uɾape	URAPE	oncoj	-	-
urabure	uɾabuɾe	URABURE	oncoj	-	-
uramat	uɾamat	URAMAT	oncoj	-	-
uramwi	uɾamwi	URAMWI	oncoj	-	-
uri	uɾi	URI	oncoj	-	-
uresibwi	uɾesibwi	URESIBWI	oncoj	-	-
urepe	uɾepe	UREPE	oncoj	-	-
uweopos	uweopos	UWEOPOS	oncoj	-	-
erap	eɾap	ERAP	oncoj	-	-
er	eɾ	ER	oncoj	-	-
oiduk	oiduk	OIDUK	oncoj	-	-
okinasabwi	okinasabwi	OKINASABWI	oncoj	-	-
okipurus	okipuɾus	OKIPURUS	oncoj	-	-
ok	ok	OK	oncoj	-	-
okwi	okwi	OKWI	oncoj	-	-
okumake	okumake	OKUMAKE	oncoj	-	-
okumape	okumape	OKUMAPE	oncoj	-	-
okur	okuɾ	OKUR	oncoj	-	-
okure	okuɾe	OKURE	oncoj	-	-
okos	okos	OKOS	oncoj	-	-
okose	okose	OKOSE	oncoj	-	-
okonap	okonap	OKONAP	oncoj	-	-
osape	osape	OSAPE	oncoj	-	-
ositer	ositeɾ	OSITER	oncoj	-	-
osinabe	osinabe	OSINABE	oncoj	-	-
osipirak	osipiɾak	OSIPIRAK	oncoj	-	-
os	os	OS	oncoj	-	-
osobur	osobuɾ	OSOBUR	oncoj	-	-
osori	osoɾi	OSORI	oncoj	-	-
otapap	otapap	OTAPAP	oncoj	-	-
oti	oti	OTI	oncoj	-	-
odi	odi	ODI	oncoj	-	-
otos	otos	OTOS	oncoj	-	-
otor	otoɾ	OTOR	oncoj	-	-
odorok	odoɾok	ODOROK	oncoj	-	-
otorope	otoɾope	OTOROPE	oncoj	-	-
opisik	opisik	OPISIK	oncoj	-	-
opwisik	opwisik	OPWISIK	oncoj	-	-
opwitat	opwitat	OPWITAT	oncoj	-	-
obiye	obije	OBIYE	oncoj	-	-
op	op	OP	oncoj	-	-
opi	opi	OPI	oncoj	-	-
opwi	opwi	OPWI	oncoj	-	-
ob	ob	OB	oncoj	-	-
obi	obi	OBI	oncoj	-	-
opuse	opuse	OPUSE	oncoj	-	-
opos	opos	OPOS	oncoj	-	-
opose	opose	OPOSE	oncoj	-	-
opotor	opotoɾ	OPOTOR	oncoj	-	-
opop	opop	OPOP	oncoj	-	-
opopi	opopi	OPOPI	oncoj	-	-
omokakus	omokakus	OMOKAKUS	oncoj	-	-
omopiape	omopiape	OMOPIAPE	oncoj	-	-
omopikane	omopikane	OMOPIKANE	oncoj	-	-
omopisugwi	omopisuɡwi	OMOPISUGWI	oncoj	-	-
omopisugus	omopisuɡus	OMOPISUGUS	oncoj	-	-
omopisugwos	omopisuɡwos	OMOPISUGWOS	oncoj	-	-
omopitaye	omopitaje	OMOPITAYE	oncoj	-	-
omopituk	omopituk	OMOPITUK	oncoj	-	-
omopimatupar	omopimatupaɾ	OMOPIMATUPAR	oncoj	-	-
omopiyar	omopijaɾ	OMOPIYAR	oncoj	-	-
omop	omop	OMOP	oncoj	-	-
omopi	omopi	OMOPI	oncoj	-	-
omopos	omopos	OMOPOS	oncoj	-	-
omopoye	omopoje	OMOPOYE	oncoj	-	-
oi	oi	OI	oncoj	-	-
oyob	ojob	OYOB	oncoj	-	-
orab	oɾab	ORAB	oncoj	-	-
or	oɾ	OR	oncoj	-	-
ori	oɾi	ORI	oncoj	-	-
oros	oɾos	OROS	oncoj	-	-
orosi	oɾosi	OROSI	oncoj	-	-
orosuwe	oɾosuwe	OROSUWE	oncoj	-	-
kainuk	kainuk	KAINUK	oncoj	-	-
kakage	kakaɡe	KAKAGE	oncoj	-	-
kakanak	kakanak	KAKANAK	oncoj	-	-
kagap	kaɡap	KAGAP	oncoj	-	-
kagapi	kaɡapi	KAGAPI	oncoj	-	-
kagapur	kaɡapuɾ	KAGAPUR	oncoj	-	-
kagapuri	kaɡapuɾi	KAGAPURI	oncoj	-	-
kagaywop	kaɡajwop	KAGAYWOP	oncoj	-	-
kakar	kakaɾ	KAKAR	oncoj	-	-
kagar	kaɡaɾ	KAGAR	oncoj	-	-
kakituke	kakituke	KAKITUKE	oncoj	-	-
kakitor	kakitoɾ	KAKITOR	oncoj	-	-
kakire	kakiɾe	KAKIRE	oncoj	-	-
kagir	kaɡiɾ	KAGIR	oncoj	-	-
kagiri	kaɡiɾi	KAGIRI	oncoj	-	-
kak	kak	KAK	oncoj	-	-
kake	kake	KAKE	oncoj	-	-
kagi	kaɡi	KAGI	oncoj	-	-
kakus	kakus	KAKUS	oncoj	-	-
kakusi	kakusi	KAKUSI	oncoj	-	-
kakum	kakum	KAKUM	oncoj	-	-
kakur	kakuɾ	KAKUR	oncoj	-	-
kakure	kakuɾe	KAKURE	oncoj	-	-
kagure	kaɡuɾe	KAGURE	oncoj	-	-
kaker	kakeɾ	KAKER	oncoj	-	-
kazas	kazas	KASAS	oncoj	-	-
kazasi	kazasi	KASASI	oncoj	-	-
kasanar	kasanaɾ	KASANAR	oncoj	-	-
kasane	kasane	KASANE	oncoj	-	-
kazar	kazaɾ	KASAR	oncoj	-	-
kasik	kasik	KASIK	oncoj	-	-
kasikwom	kasikwom	KASIKWOM	oncoj	-	-
kas	kas	KAS	oncoj	-	-
kasumikakur	kasumikakuɾ	KASUMIKAKUR	oncoj	-	-
kasum	kasum	KASUM	oncoj	-	-
kazwope	kazwope	KASWOPE	oncoj	-	-
katakik	katakik	KATAKIK	oncoj	-	-
katasar	katasaɾ	KATASAR	oncoj	-	-
katasik	katasik	KATASIK	oncoj	-	-
kataduk	kataduk	KATADUK	oncoj	-	-
katane	katane	KATANE	oncoj	-	-
katap	katap	KATAP	oncoj	-	-
katabuk	katabuk	KATABUK	oncoj	-	-
katabuke	katabuke	KATABUKE	oncoj	-	-
katamake	katamake	KATAMAKE	oncoj	-	-
katamat	katamat	KATAMAT	oncoj	-	-
katamati	katamati	KATAMATI	oncoj	-	-
katamise	katamise	KATAMISE	oncoj	-	-
katame	katame	KATAME	oncoj	-	-
katayak	katajak	KATAYAK	oncoj	-	-
katayor	katajoɾ	KATAYOR	oncoj	-	-
katayori	katajoɾi	KATAYORI	oncoj	-	-
katarap	kataɾap	KATARAP	oncoj	-	-
kazarap	kazaɾap	KASARAP	oncoj	-	-
katarisake	kataɾisake	KATARISAKE	oncoj	-	-
kataritug	kataɾituɡ	KATARITUG	oncoj	-	-
katar	kataɾ	KATAR	oncoj	-	-
katari	kataɾi	KATARI	oncoj	-	-
kat	kat	KAT	oncoj	-	-
kate	kate	KATE	oncoj	-	-
kaduk	kaduk	KADUK	oncoj	-	-
kaduke	kaduke	KADUKE	oncoj	-	-
kadurak	kaduɾak	KADURAK	oncoj	-	-
kanasibwi	kanasibwi	KANASIBWI	oncoj	-	-
kanap	kanap	KANAP	oncoj	-	-
kane	kane	KANE	oncoj	-	-
kapas	kapas	KAPAS	oncoj	-	-
kapar	kapaɾ	KAPAR	oncoj	-	-
kap	kap	KAP	oncoj	-	-
kapi	kapi	KAPI	oncoj	-	-
kape	kape	KAPE	oncoj	-	-
kabus	kabus	KABUS	oncoj	-	-
kapyes	kapʲes	KAPES	oncoj	-	-
kapyesi	kapʲesi	KAPESI	oncoj	-	-
kapyerimi	kapʲeɾimi	KAPERIMI	oncoj	-	-
kapyer	kapʲeɾ	KAPER	oncoj	-	-
kapyeri	kapʲeɾi	KAPERI	oncoj	-	-
kapir	kapiɾ	KAPIR	oncoj	-	-
kamake	kamake	KAMAKE	oncoj	-	-
kamape	kamape	KAMAPE	oncoj	-	-
kaminas	kaminas	KAMINAS	oncoj	-	-
kam	kam	KAM	oncoj	-	-
kamuagar	kamuaɡaɾ	KAMUAGAR	oncoj	-	-
kamukudas	kamukudas	KAMUKUDAS	oncoj	-	-
kamusabwi	kamusabwi	KAMUSABWI	oncoj	-	-
kamusimwi	kamusimwi	KAMUSIMWI	oncoj	-	-
simwi	simwi	SIMWI	oncoj	-	-
kamudumar	kamudumaɾ	KAMUDUMAR	oncoj	-	-
kamunobor	kamunoboɾ	KAMUNOBOR	oncoj	-	-
kamubwi	kamubwi	KAMUBWI	oncoj	-	-
kaye	kaje	KAYE	oncoj	-	-
kaywop	kajwop	KAYWOP	oncoj	-	-
kaywopi	kajwopi	KAYWOPI	oncoj	-	-
kayup	kajup	KAYUP	oncoj	-	-
kayor	kajoɾ	KAYOR	oncoj	-	-
karas	kaɾas	KARAS	oncoj	-	-
karamar	kaɾamaɾ	KARAMAR	oncoj	-	-
karisoke	kaɾisoke	KARISOKE	oncoj	-	-
karitum	kaɾitum	KARITUM	oncoj	-	-
kariparap	kaɾipaɾap	KARIPARAP	oncoj	-	-
karimidar	kaɾimidaɾ	KARIMIDAR	oncoj	-	-
kar	kaɾ	KAR	oncoj	-	-
kari	kaɾi	KARI	oncoj	-	-
kare	kaɾe	KARE	oncoj	-	-
kawak	kawak	KAWAK	oncoj	-	-
kawor	kawoɾ	KAWOR	oncoj	-	-
kiyeuse	kijeuse	KIYEUSE	oncoj	-	-
kiyenokor	kijenokoɾ	KIYENOKOR	oncoj	-	-
kikasane	kikasane	KIKASANE	oncoj	-	-
kikam	kikam	KIKAM	oncoj	-	-
kikaywop	kikajwop	KIKAYWOP	oncoj	-	-
kikikwopwi	kikikwopwi	KIKIKWOPWI	oncoj	-	-
kikisir	kikisiɾ	KIKISIR	oncoj	-	-
kikitug	kikituɡ	KIKITUG	oncoj	-	-
kikiwatar	kikiwataɾ	KIKIWATAR	oncoj	-	-
kik	kik	KIK	oncoj	-	-
kiki	kiki	KIKI	oncoj	-	-
kikosimyes	kikosimʲes	KIKOSIMES	oncoj	-	-
kikosiwos	kikosiwos	KIKOSIWOS	oncoj	-	-
kikos	kikos	KIKOS	oncoj	-	-
kikoye	kikoje	KIKOYE	oncoj	-	-
kisik	kisik	KISIK	oncoj	-	-
kise	kise	KISE	oncoj	-	-
kisum	kisum	KISUM	oncoj	-	-
kisop	kisop	KISOP	oncoj	-	-
kitat	kitat	KITAT	oncoj	-	-
kitamas	kitamas	KITAMAS	oncoj	-	-
kitar	kitaɾ	KITAR	oncoj	-	-
kitug	kituɡ	KITUG	oncoj	-	-
kiduki	kiduki	KIDUKI	oncoj	-	-
kinak	kinak	KINAK	oncoj	-	-
kinare	kinaɾe	KINARE	oncoj	-	-
kipanare	kipanaɾe	KIPANARE	oncoj	-	-
kipamar	kipamaɾ	KIPAMAR	oncoj	-	-
kipam	kipam	KIPAM	oncoj	-	-
kipami	kipami	KIPAMI	oncoj	-	-
kipame	kipame	KIPAME	oncoj	-	-
kipar	kipaɾ	KIPAR	oncoj	-	-
kipop	kipop	KIPOP	oncoj	-	-
kimukap	kimukap	KIMUKAP	oncoj	-	-
kiye	kije	KIYE	oncoj	-	-
kiyose	kijose	KIYOSE	oncoj	-	-
kiywob	kijwob	KIYWOB	oncoj	-	-
kiywome	kijwome	KIYWOME	oncoj	-	-
kiyor	kijoɾ	KIYOR	oncoj	-	-
kwiras	kwiɾas	KWIRAS	oncoj	-	-
kirioros	kiɾioɾos	KIRIOROS	oncoj	-	-
kwirigomor	kwiɾiɡomoɾ	KWIRIGOMOR	oncoj	-	-
kir	kiɾ	KIR	oncoj	-	-
ki	ki	KI	oncoj	-	-
kire	kiɾe	KIRE	oncoj	-	-
kwir	kwiɾ	KWIR	oncoj	-	-
ke	ke	KE	oncoj	-	-
ko	ko	KO	oncoj	-	-
kuk	kuk	KUK	oncoj	-	-
kukum	kukum	KUKUM	oncoj	-	-
kukumor	kukumoɾ	KUKUMOR	oncoj	-	-
kukur	kukuɾ	KUKUR	oncoj	-	-
kusator	kusatoɾ	KUSATOR	oncoj	-	-
kudak	kudak	KUDAK	oncoj	-	-
kudake	kudake	KUDAKE	oncoj	-	-
kutas	kutas	KUTAS	oncoj	-	-
kudas	kudas	KUDAS	oncoj	-	-
kutat	kutat	KUTAT	oncoj	-	-
kutati	kutati	KUTATI	oncoj	-	-
kudar	kudaɾ	KUDAR	oncoj	-	-
kudari	kudaɾi	KUDARI	oncoj	-	-
kuti	kuti	KUTI	oncoj	-	-
kupape	kupape	KUPAPE	oncoj	-	-
kup	kup	KUP	oncoj	-	-
kumimagap	kumimaɡap	KUMIMAGAP	oncoj	-	-
kum	kum	KUM	oncoj	-	-
kumi	kumi	KUMI	oncoj	-	-
kumogakur	kumoɡakuɾ	KUMOGAKUR	oncoj	-	-
kumwobanare	kumwobanaɾe	KUMWOBANARE	oncoj	-	-
kumor	kumoɾ	KUMOR	oncoj	-	-
kumori	kumoɾi	KUMORI	oncoj	-	-
kumowikakur	kumowikakuɾ	KUMOWIKAKUR	oncoj	-	-
kui	kui	KUI	oncoj	-	-
kuye	kuje	KUYE	oncoj	-	-
kuras	kuɾas	KURAS	oncoj	-	-
kurasi	kuɾasi	KURASI	oncoj	-	-
kurap	kuɾap	KURAP	oncoj	-	-
kurikapyes	kuɾikapʲes	KURIKAPES	oncoj	-	-
kuritatane	kuɾitatane	KURITATANE	oncoj	-	-
kur	kuɾ	KUR	oncoj	-	-
kure	kuɾe	KURE	oncoj	-	-
kurup	kuɾup	KURUP	oncoj	-	-
kurupos	kuɾupos	KURUPOS	oncoj	-	-
keuse	keuse	KEUSE	oncoj	-	-
kyes	kʲes	KES	oncoj	-	-
ket	ket	KET	oncoj	-	-
kedur	keduɾ	KEDUR	oncoj	-	-
keduri	keduɾi	KEDURI	oncoj	-	-
kenarabe	kenaɾabe	KENARABE	oncoj	-	-
kenokor	kenokoɾ	KENOKOR	oncoj	-	-
kyer	kʲeɾ	KER	oncoj	-	-
koipus	koipus	KOIPUS	oncoj	-	-
koimarob	koimaɾob	KOIMAROB	oncoj	-	-
kwogare	kwoɡaɾe	KWOGARE	oncoj	-	-
kogikakur	koɡikakuɾ	KOGIKAKUR	oncoj	-	-
kwokisik	kwokisik	KWOKISIK	oncoj	-	-
kogitamwi	koɡitamwi	KOGITAMWI	oncoj	-	-
kogide	koɡide	KOGIDE	oncoj	-	-
kogin	koɡin	KOGIN	oncoj	-	-
kogimwi	koɡimwi	KOGIMWI	oncoj	-	-
kwokire	kwokiɾe	KWOKIRE	oncoj	-	-
kogir	koɡiɾ	KOGIR	oncoj	-	-
kwok	kwok	KWOK	oncoj	-	-
kog	koɡ	KOG	oncoj	-	-
kokoroar	kokoɾoaɾ	KOKOROAR	oncoj	-	-
kokorotuke	kokoɾotuke	KOKOROTUKE	oncoj	-	-
kokorotukus	kokoɾotukus	KOKOROTUKUS	oncoj	-	-
kokorotugwok	kokoɾotuɡwok	KOKOROTUGWOK	oncoj	-	-
kwos	kwos	KWOS	oncoj	-	-
kwosi	kwosi	KWOSI	oncoj	-	-
kozi	kozi	KOSI	oncoj	-	-
kotape	kotape	KOTAPE	oncoj	-	-
kodar	kodaɾ	KODAR	oncoj	-	-
kodari	kodaɾi	KODARI	oncoj	-	-
kotide	kotide	KOTIDE	oncoj	-	-
kodutap	kodutap	KODUTAP	oncoj	-	-
kotodate	kotodate	KOTODATE	oncoj	-	-
kotode	kotode	KOTODE	oncoj	-	-
kototop	kototop	KOTOTOP	oncoj	-	-
kotodopi	kotodopi	KOTODOPI	oncoj	-	-
kotonas	kotonas	KOTONAS	oncoj	-	-
kotonar	kotonaɾ	KOTONAR	oncoj	-	-
kotomuke	kotomuke	KOTOMUKE	oncoj	-	-
kotoyose	kotojose	KOTOYOSE	oncoj	-	-
konom	konom	KONOM	oncoj	-	-
kwopwiamar	kwopwiamaɾ	KWOPWIAMAR	oncoj	-	-
kwopwisin	kwopwisin	KWOPWISIN	oncoj	-	-
kopinom	kopinom	KOPINOM	oncoj	-	-
kwopwi	kwopwi	KWOPWI	oncoj	-	-
kop	kop	KOP	oncoj	-	-
kwobwi	kwobwi	KWOBWI	oncoj	-	-
kopot	kopot	KOPOT	oncoj	-	-
kopor	kopoɾ	KOPOR	oncoj	-	-
kopore	kopoɾe	KOPORE	oncoj	-	-
kwom	kwom	KWOM	oncoj	-	-
komwi	komwi	KOMWI	oncoj	-	-
kome	kome	KOME	oncoj	-	-
komukap	komukap	KOMUKAP	oncoj	-	-
komor	komoɾ	KOMOR	oncoj	-	-
komori	komoɾi	KOMORI	oncoj	-	-
koyas	kojas	KOYAS	oncoj	-	-
koyar	kojaɾ	KOYAR	oncoj	-	-
kwoye	kwoje	KWOYE	oncoj	-	-
koi	koi	KOI	oncoj	-	-
kor	koɾ	KOR	oncoj	-	-
kori	koɾi	KORI	oncoj	-	-
koros	koɾos	KOROS	oncoj	-	-
korop	koɾop	KOROP	oncoj	-	-
koropus	koɾopus	KOROPUS	oncoj	-	-
sakanobor	sakanoboɾ	SAKANOBOR	oncoj	-	-
sakap	sakap	SAKAP	oncoj	-	-
sakapi	sakapi	SAKAPI	oncoj	-	-
sakapuk	sakapuk	SAKAPUK	oncoj	-	-
sakamak	sakamak	SAKAMAK	oncoj	-	-
sakamiduk	sakamiduk	SAKAMIDUK	oncoj	-	-
sakaye	sakaje	SAKAYE	oncoj	-	-
sakar	sakaɾ	SAKAR	oncoj	-	-
sakari	sakaɾi	SAKARI	oncoj	-	-
sagar	saɡaɾ	SAGAR	oncoj	-	-
sakidat	sakidat	SAKIDAT	oncoj	-	-
uradat	uɾadat	URADAT	oncoj	-	-
sakitir	sakitiɾ	SAKITIR	oncoj	-	-
sakipap	sakipap	SAKIPAP	oncoj	-	-
sakipapi	sakipapi	SAKIPAPI	oncoj	-	-
sak	sak	SAK	oncoj	-	-
saki	saki	SAKI	oncoj	-	-
sakwi	sakwi	SAKWI	oncoj	-	-
sake	sake	SAKE	oncoj	-	-
sagukum	saɡukum	SAGUKUM	oncoj	-	-
sakum	sakum	SAKUM	oncoj	-	-
sagumor	saɡumoɾ	SAGUMOR	oncoj	-	-
sakur	sakuɾ	SAKUR	oncoj	-	-
sagur	saɡuɾ	SAGUR	oncoj	-	-
sakyeb	sakʲeb	SAKEB	oncoj	-	-
sasagas	sasaɡas	SASAGAS	oncoj	-	-
sasak	sasak	SASAK	oncoj	-	-
sasage	sasaɡe	SASAGE	oncoj	-	-
sasayak	sasajak	SASAYAK	oncoj	-	-
sasinarab	sasinaɾab	SASINARAB	oncoj	-	-
sasipak	sasipak	SASIPAK	oncoj	-	-
sasimakur	sasimakuɾ	SASIMAKUR	oncoj	-	-
sasimukap	sasimukap	SASIMUKAP	oncoj	-	-
sasiyak	sasijak	SASIYAK	oncoj	-	-
sasiyor	sasijoɾ	SASIYOR	oncoj	-	-
sasiwatas	sasiwatas	SASIWATAS	oncoj	-	-
sas	sas	SAS	oncoj	-	-
sasi	sasi	SASI	oncoj	-	-
sasup	sasup	SASUP	oncoj	-	-
sadamar	sadamaɾ	SADAMAR	oncoj	-	-
sadame	sadame	SADAME	oncoj	-	-
sadam	sadam	SADAM	oncoj	-	-
saduke	saduke	SADUKE	oncoj	-	-
sadwop	sadwop	SADWOP	oncoj	-	-
sanokor	sanokoɾ	SANOKOR	oncoj	-	-
sabasir	sabasiɾ	SABASIR	oncoj	-	-
sapar	sapaɾ	SAPAR	oncoj	-	-
sapari	sapaɾi	SAPARI	oncoj	-	-
sapidur	sapiduɾ	SAPIDUR	oncoj	-	-
sabwi	sabwi	SABWI	oncoj	-	-
sama	sama	SAMA	oncoj	-	-
samas	samas	SAMAS	oncoj	-	-
samaywop	samajwop	SAMAYWOP	oncoj	-	-
same	same	SAME	oncoj	-	-
samorap	samoɾap	SAMORAP	oncoj	-	-
samorapi	samoɾapi	SAMORAPI	oncoj	-	-
sayag	sajaɡ	SAYAG	oncoj	-	-
sayar	sajaɾ	SAYAR	oncoj	-	-
saye	saje	SAYE	oncoj	-	-
saras	saɾas	SARAS	oncoj	-	-
sarasi	saɾasi	SARASI	oncoj	-	-
sar	saɾ	SAR	oncoj	-	-
sari	saɾi	SARI	oncoj	-	-
sawak	sawak	SAWAK	oncoj	-	-
sawaki	sawaki	SAWAKI	oncoj	-	-
sawatar	sawataɾ	SAWATAR	oncoj	-	-
sawatari	sawataɾi	SAWATARI	oncoj	-	-
sawodor	sawodoɾ	SAWODOR	oncoj	-	-
sawobik	sawobik	SAWOBIK	oncoj	-	-
sigaram	siɡaɾam	SIGARAM	oncoj	-	-
sikar	sikaɾ	SIKAR	oncoj	-	-
sikir	sikiɾ	SIKIR	oncoj	-	-
sik	sik	SIK	oncoj	-	-
siki	siki	SIKI	oncoj	-	-
sigup	siɡup	SIGUP	oncoj	-	-
siger	siɡeɾ	SIGER	oncoj	-	-
sigeri	siɡeɾi	SIGERI	oncoj	-	-
sikor	sikoɾ	SIKOR	oncoj	-	-
sikori	sikoɾi	SIKORI	oncoj	-	-
sizinuk	sizinuk	SISINUK	oncoj	-	-
sise	sise	SISE	oncoj	-	-
sitakwogare	sitakwoɡaɾe	SITAKWOGARE	oncoj	-	-
sitader	sitadeɾ	SITADER	oncoj	-	-
sitapape	sitapape	SITAPAPE	oncoj	-	-
sitap	sitap	SITAP	oncoj	-	-
sitapi	sitapi	SITAPI	oncoj	-	-
sidar	sidaɾ	SIDAR	oncoj	-	-
sidari	sidaɾi	SIDARI	oncoj	-	-
side	side	SIDE	oncoj	-	-
siduk	siduk	SIDUK	oncoj	-	-
sidumar	sidumaɾ	SIDUMAR	oncoj	-	-
sidum	sidum	SIDUM	oncoj	-	-
sidume	sidume	SIDUME	oncoj	-	-
sinap	sinap	SINAP	oncoj	-	-
sinapi	sinapi	SINAPI	oncoj	-	-
sinaye	sinaje	SINAYE	oncoj	-	-
sinikapyer	sinikapʲeɾ	SINIKAPER	oncoj	-	-
sin	sin	SIN	oncoj	-	-
sini	sini	SINI	oncoj	-	-
sinwog	sinwoɡ	SINWOG	oncoj	-	-
sinwop	sinwop	SINWOP	oncoj	-	-
sinwopi	sinwopi	SINWOPI	oncoj	-	-
sinwopu	sinwopu	SINWOPU	oncoj	-	-
sinobwi	sinobwi	SINOBWI	oncoj	-	-
sibatat	sibatat	SIBATAT	oncoj	-	-
sibanak	sibanak	SIBANAK	oncoj	-	-
sipabuk	sipabuk	SIPABUK	oncoj	-	-
sipabure	sipabuɾe	SIPABURE	oncoj	-	-
sibami	sibami	SIBAMI	oncoj	-	-
sip	sip	SIP	oncoj	-	-
sipi	sipi	SIPI	oncoj	-	-
sipwi	sipwi	SIPWI	oncoj	-	-
sibom	sibom	SIBOM	oncoj	-	-
simagakur	simaɡakuɾ	SIMAGAKUR	oncoj	-	-
simagakure	simaɡakuɾe	SIMAGAKURE	oncoj	-	-
simadutap	simadutap	SIMADUTAP	oncoj	-	-
simar	simaɾ	SIMAR	oncoj	-	-
simisabwi	simisabwi	SIMISABWI	oncoj	-	-
sim	sim	SIM	oncoj	-	-
sime	sime	SIME	oncoj	-	-
simyes	simʲes	SIMES	oncoj	-	-
sirake	siɾake	SIRAKE	oncoj	-	-
sirase	siɾase	SIRASE	oncoj	-	-
sir	siɾ	SIR	oncoj	-	-
sire	siɾe	SIRE	oncoj	-	-
sirus	siɾus	SIRUS	oncoj	-	-
sirusi	siɾusi	SIRUSI	oncoj	-	-
siwam	siwam	SIWAM	oncoj	-	-
siwore	siwoɾe	SIWORE	oncoj	-	-
se	se	SE	oncoj	-	-
suwe	suwe	SUWE	oncoj	-	-
suk	suk	SUK	oncoj	-	-
suki	suki	SUKI	oncoj	-	-
suke	suke	SUKE	oncoj	-	-
sugwi	suɡwi	SUGWI	oncoj	-	-
sugus	suɡus	SUGUS	oncoj	-	-
sukup	sukup	SUKUP	oncoj	-	-
sugur	suɡuɾ	SUGUR	oncoj	-	-
sugwos	suɡwos	SUGWOS	oncoj	-	-
susabwi	susabwi	SUSABWI	oncoj	-	-
sus	sus	SUS	oncoj	-	-
susuk	susuk	SUSUK	oncoj	-	-
sususikipop	sususikipop	SUSUSIKIPOP	oncoj	-	-
susum	susum	SUSUM	oncoj	-	-
susumi	susumi	SUSUMI	oncoj	-	-
susume	susume	SUSUME	oncoj	-	-
susurop	susuɾop	SUSUROP	oncoj	-	-
suswopik	suswopik	SUSWOPIK	oncoj	-	-
sudak	sudak	SUDAK	oncoj	-	-
sute	sute	SUTE	oncoj	-	-
sunador	sunadoɾ	SUNADOR	oncoj	-	-
sube	sube	SUBE	oncoj	-	-
sumap	sumap	SUMAP	oncoj	-	-
surituke	suɾituke	SURITUKE	oncoj	-	-
sur	suɾ	SUR	oncoj	-	-
sek	sek	SEK	oncoj	-	-
seki	seki	SEKI	oncoj	-	-
ses	ses	SES	oncoj	-	-
seme	seme	SEME	oncoj	-	-
sok	sok	SOK	oncoj	-	-
soki	soki	SOKI	oncoj	-	-
soke	soke	SOKE	oncoj	-	-
sosok	sosok	SOSOK	oncoj	-	-
sosor	sosoɾ	SOSOR	oncoj	-	-
sodatak	sodatak	SODATAK	oncoj	-	-
sodar	sodaɾ	SODAR	oncoj	-	-
swonap	swonap	SWONAP	oncoj	-	-
swobap	swobap	SWOBAP	oncoj	-	-
swop	swop	SWOP	oncoj	-	-
swopi	swopi	SWOPI	oncoj	-	-
sope	sope	SOPE	oncoj	-	-
sopoti	sopoti	SOPOTI	oncoj	-	-
sopopur	sopopuɾ	SOPOPUR	oncoj	-	-
some	some	SOME	oncoj	-	-
somuk	somuk	SOMUK	oncoj	-	-
sor	soɾ	SOR	oncoj	-	-
takasik	takasik	TAKASIK	oncoj	-	-
takasir	takasiɾ	TAKASIR	oncoj	-	-
takatob	takatob	TAKATOB	oncoj	-	-
tagane	taɡane	TAGANE	oncoj	-	-
tagap	taɡap	TAGAP	oncoj	-	-
takayuk	takajuk	TAKAYUK	oncoj	-	-
takar	takaɾ	TAKAR	oncoj	-	-
tagit	taɡit	TAGIT	oncoj	-	-
tagiti	taɡiti	TAGITI	oncoj	-	-
tak	tak	TAK	oncoj	-	-
taki	taki	TAKI	oncoj	-	-
tage	taɡe	TAGE	oncoj	-	-
takupap	takupap	TAKUPAP	oncoj	-	-
tagup	taɡup	TAGUP	oncoj	-	-
tagupi	taɡupi	TAGUPI	oncoj	-	-
takyebwi	takʲebwi	TAKEBWI	oncoj	-	-
tasuke	tasuke	TASUKE	oncoj	-	-
tatakap	tatakap	TATAKAP	oncoj	-	-
tatak	tatak	TATAK	oncoj	-	-
tatazum	tatazum	TATASUM	oncoj	-	-
tatanaduk	tatanaduk	TATANADUK	oncoj	-	-
tatanapar	tatanapaɾ	TATANAPAR	oncoj	-	-
tatane	tatane	TATANE	oncoj	-	-
tatami	tatami	TATAMI	oncoj	-	-
tadamukap	tadamukap	TADAMUKAP	oncoj	-	-
tadayopas	tadajopas	TADAYOPAS	oncoj	-	-
tatiap	tatiap	TATIAP	oncoj	-	-
tatikapar	tatikapaɾ	TATIKAPAR	oncoj	-	-
tatikapyer	tatikapʲeɾ	TATIKAPER	oncoj	-	-
tatikuk	tatikuk	TATIKUK	oncoj	-	-
tatisakaye	tatisakaje	TATISAKAYE	oncoj	-	-
tatisinap	tatisinap	TATISINAP	oncoj	-	-
tatinaras	tatinaɾas	TATINARAS	oncoj	-	-
tatipasir	tatipasiɾ	TATIPASIR	oncoj	-	-
tatimukap	tatimukap	TATIMUKAP	oncoj	-	-
tatimotopor	tatimotopoɾ	TATIMOTOPOR	oncoj	-	-
tatiyosop	tatijosop	TATIYOSOP	oncoj	-	-
tat	tat	TAT	oncoj	-	-
tate	tate	TATE	oncoj	-	-
tadukur	tadukuɾ	TADUKUR	oncoj	-	-
tadusapar	tadusapaɾ	TADUSAPAR	oncoj	-	-
tadune	tadune	TADUNE	oncoj	-	-
tatematur	tatematuɾ	TATEMATUR	oncoj	-	-
tatope	tatope	TATOPE	oncoj	-	-
tadwor	tadwoɾ	TADWOR	oncoj	-	-
tanagwirap	tanaɡwiɾap	TANAGWIRAP	oncoj	-	-
tanasir	tanasiɾ	TANASIR	oncoj	-	-
tanabik	tanabik	TANABIK	oncoj	-	-
tanigir	taniɡiɾ	TANIGIR	oncoj	-	-
tanom	tanom	TANOM	oncoj	-	-
tanome	tanome	TANOME	oncoj	-	-
tabasam	tabasam	TABASAM	oncoj	-	-
tabasir	tabasiɾ	TABASIR	oncoj	-	-
tapabure	tapabuɾe	TAPABURE	oncoj	-	-
tapare	tapaɾe	TAPARE	oncoj	-	-
tabar	tabaɾ	TABAR	oncoj	-	-
tapirage	tapiɾaɡe	TAPIRAGE	oncoj	-	-
tape	tape	TAPE	oncoj	-	-
tab	tab	TAB	oncoj	-	-
taputwobwi	taputwobwi	TAPUTWOBWI	oncoj	-	-
taputwom	taputwom	TAPUTWOM	oncoj	-	-
tabure	tabuɾe	TABURE	oncoj	-	-
tamapar	tamapaɾ	TAMAPAR	oncoj	-	-
tamap	tamap	TAMAP	oncoj	-	-
tamape	tamape	TAMAPE	oncoj	-	-
tamar	tamaɾ	TAMAR	oncoj	-	-
tamwi	tamwi	TAMWI	oncoj	-	-
tame	tame	TAME	oncoj	-	-
tamuke	tamuke	TAMUKE	oncoj	-	-
wodaye	wodaje	WODAYE	oncoj	-	-
tamudak	tamudak	TAMUDAK	oncoj	-	-
tamotopor	tamotopoɾ	TAMOTOPOR	oncoj	-	-
taye	taje	TAYE	oncoj	-	-
tayutap	tajutap	TAYUTAP	oncoj	-	-
tayutapi	tajutapi	TAYUTAPI	oncoj	-	-
tarapas	taɾapas	TARAPAS	oncoj	-	-
tar	taɾ	TAR	oncoj	-	-
tari	taɾi	TARI	oncoj	-	-
tare	taɾe	TARE	oncoj	-	-
wosu	wosu	WOSU	oncoj	-	-
tayema	tajema	TAYEMA	oncoj	-	-
tawasure	tawasuɾe	TAWASURE	oncoj	-	-
tawam	tawam	TAWAM	oncoj	-	-
tawor	tawoɾ	TAWOR	oncoj	-	-
tikaduk	tikaduk	TIKADUK	oncoj	-	-
tipap	tipap	TIPAP	oncoj	-	-
tiras	tiɾas	TIRAS	oncoj	-	-
tirisugwi	tiɾisuɡwi	TIRISUGWI	oncoj	-	-
tirimagap	tiɾimaɡap	TIRIMAGAP	oncoj	-	-
tir	tiɾ	TIR	oncoj	-	-
tukas	tukas	TUKAS	oncoj	-	-
tukane	tukane	TUKANE	oncoj	-	-
tukap	tukap	TUKAP	oncoj	-	-
tukape	tukape	TUKAPE	oncoj	-	-
tukapematur	tukapematuɾ	TUKAPEMATUR	oncoj	-	-
tukam	tukam	TUKAM	oncoj	-	-
tukare	tukaɾe	TUKARE	oncoj	-	-
tugar	tuɡaɾ	TUGAR	oncoj	-	-
tuk	tuk	TUK	oncoj	-	-
tuki	tuki	TUKI	oncoj	-	-
tukwi	tukwi	TUKWI	oncoj	-	-
tuke	tuke	TUKE	oncoj	-	-
tug	tuɡ	TUG	oncoj	-	-
tugi	tuɡi	TUGI	oncoj	-	-
tuge	tuɡe	TUGE	oncoj	-	-
tukus	tukus	TUKUS	oncoj	-	-
tukusi	tukusi	TUKUSI	oncoj	-	-
tukupor	tukupoɾ	TUKUPOR	oncoj	-	-
tukur	tukuɾ	TUKUR	oncoj	-	-
tukuri	tukuɾi	TUKURI	oncoj	-	-
tutap	tutap	TUTAP	oncoj	-	-
tutape	tutape	TUTAPE	oncoj	-	-
tute	tute	TUTE	oncoj	-	-
tutuk	tutuk	TUTUK	oncoj	-	-
tutuke	tutuke	TUTUKE	oncoj	-	-
tudusirop	tudusiɾop	TUDUSIROP	oncoj	-	-
tutum	tutum	TUTUM	oncoj	-	-
tutumi	tutumi	TUTUMI	oncoj	-	-
tudwop	tudwop	TUDWOP	oncoj	-	-
tudwopi	tudwopi	TUDWOPI	oncoj	-	-
tudwope	tudwope	TUDWOPE	oncoj	-	-
tutwome	tutwome	TUTWOME	oncoj	-	-
tunag	tunaɡ	TUNAG	oncoj	-	-
tumaduk	tumaduk	TUMADUK	oncoj	-	-
tumadop	tumadop	TUMADOP	oncoj	-	-
tumadopi	tumadopi	TUMADOPI	oncoj	-	-
tumapik	tumapik	TUMAPIK	oncoj	-	-
tumar	tumaɾ	TUMAR	oncoj	-	-
tum	tum	TUM	oncoj	-	-
tume	tume	TUME	oncoj	-	-
tumor	tumoɾ	TUMOR	oncoj	-	-
turaname	tuɾaname	TURANAME	oncoj	-	-
turanuk	tuɾanuk	TURANUK	oncoj	-	-
turarak	tuɾaɾak	TURARAK	oncoj	-	-
tur	tuɾ	TUR	oncoj	-	-
turi	tuɾi	TURI	oncoj	-	-
terasap	teɾasap	TERASAP	oncoj	-	-
teras	teɾas	TERAS	oncoj	-	-
terap	teɾap	TERAP	oncoj	-	-
ter	teɾ	TER	oncoj	-	-
teri	teɾi	TERI	oncoj	-	-
togame	toɡame	TOGAME	oncoj	-	-
tokikapas	tokikapas	TOKIKAPAS	oncoj	-	-
tokikape	tokikape	TOKIKAPE	oncoj	-	-
tokisake	tokisake	TOKISAKE	oncoj	-	-
twok	twok	TWOK	oncoj	-	-
tok	tok	TOK	oncoj	-	-
toki	toki	TOKI	oncoj	-	-
toke	toke	TOKE	oncoj	-	-
twog	twoɡ	TWOG	oncoj	-	-
toge	toɡe	TOGE	oncoj	-	-
tosikipar	tosikipaɾ	TOSIKIPAR	oncoj	-	-
todokopor	todokopoɾ	TODOKOPOR	oncoj	-	-
totonop	totonop	TOTONOP	oncoj	-	-
totonope	totonope	TOTONOPE	oncoj	-	-
todomar	todomaɾ	TODOMAR	oncoj	-	-
todomwi	todomwi	TODOMWI	oncoj	-	-
todome	todome	TODOME	oncoj	-	-
twonape	twonape	TWONAPE	oncoj	-	-
tonogumor	tonoɡumoɾ	TONOGUMOR	oncoj	-	-
tonokomor	tonokomoɾ	TONOKOMOR	oncoj	-	-
tonobik	tonobik	TONOBIK	oncoj	-	-
tobas	tobas	TOBAS	oncoj	-	-
tobikaker	tobikakeɾ	TOBIKAKER	oncoj	-	-
twop	twop	TWOP	oncoj	-	-
twopi	twopi	TWOPI	oncoj	-	-
top	top	TOP	oncoj	-	-
topi	topi	TOPI	oncoj	-	-
tob	tob	TOB	oncoj	-	-
toburap	tobuɾap	TOBURAP	oncoj	-	-
topozakar	topozakaɾ	TOPOSAKAR	oncoj	-	-
topos	topos	TOPOS	oncoj	-	-
toposok	toposok	TOPOSOK	oncoj	-	-
topor	topoɾ	TOPOR	oncoj	-	-
tomar	tomaɾ	TOMAR	oncoj	-	-
tomari	tomaɾi	TOMARI	oncoj	-	-
tome	tome	TOME	oncoj	-	-
tomosibwi	tomosibwi	TOMOSIBWI	oncoj	-	-
tomosime	tomosime	TOMOSIME	oncoj	-	-
tomos	tomos	TOMOS	oncoj	-	-
tomonape	tomonape	TOMONAPE	oncoj	-	-
toyom	tojom	TOYOM	oncoj	-	-
toyome	tojome	TOYOME	oncoj	-	-
toyomos	tojomos	TOYOMOS	oncoj	-	-
torape	toɾape	TORAPE	oncoj	-	-
toriside	toɾiside	TORISIDE	oncoj	-	-
torimi	toɾimi	TORIMI	oncoj	-	-
torimuke	toɾimuke	TORIMUKE	oncoj	-	-
torimot	toɾimot	TORIMOT	oncoj	-	-
toriyorop	toɾijoɾop	TORIYOROP	oncoj	-	-
tor	toɾ	TOR	oncoj	-	-
tori	toɾi	TORI	oncoj	-	-
towerap	toweɾap	TOWERAP	oncoj	-	-
towom	towom	TOWOM	oncoj	-	-
towoyor	towojoɾ	TOWOYOR	oncoj	-	-
toworap	towoɾap	TOWORAP	oncoj	-	-
nagas	naɡas	NAGAS	oncoj	-	-
nagarape	naɡaɾape	NAGARAPE	oncoj	-	-
nagare	naɡaɾe	NAGARE	oncoj	-	-
nak	nak	NAK	oncoj	-	-
naki	naki	NAKI	oncoj	-	-
nake	nake	NAKE	oncoj	-	-
nagwi	naɡwi	NAGWI	oncoj	-	-
nage	naɡe	NAGE	oncoj	-	-
nagusam	naɡusam	NAGUSAM	oncoj	-	-
nagusame	naɡusame	NAGUSAME	oncoj	-	-
nagusamor	naɡusamoɾ	NAGUSAMOR	oncoj	-	-
nagek	naɡek	NAGEK	oncoj	-	-
nageki	naɡeki	NAGEKI	oncoj	-	-
nas	nas	NAS	oncoj	-	-
nasi	nasi	NASI	oncoj	-	-
naswope	naswope	NASWOPE	oncoj	-	-
nadas	nadas	NADAS	oncoj	-	-
nade	nade	NADE	oncoj	-	-
natuk	natuk	NATUK	oncoj	-	-
natuke	natuke	NATUKE	oncoj	-	-
naduke	naduke	NADUKE	oncoj	-	-
nadusap	nadusap	NADUSAP	oncoj	-	-
nadum	nadum	NADUM	oncoj	-	-
nanor	nanoɾ	NANOR	oncoj	-	-
nabar	nabaɾ	NABAR	oncoj	-	-
nabikas	nabikas	NABIKAS	oncoj	-	-
nabik	nabik	NABIK	oncoj	-	-
nabiki	nabiki	NABIKI	oncoj	-	-
nabike	nabike	NABIKE	oncoj	-	-
nabe	nabe	NABE	oncoj	-	-
nabur	nabuɾ	NABUR	oncoj	-	-
namar	namaɾ	NAMAR	oncoj	-	-
nam	nam	NAM	oncoj	-	-
nami	nami	NAMI	oncoj	-	-
name	name	NAME	oncoj	-	-
nayamas	najamas	NAYAMAS	oncoj	-	-
nayamasi	najamasi	NAYAMASI	oncoj	-	-
nayam	najam	NAYAM	oncoj	-	-
naras	naɾas	NARAS	oncoj	-	-
narasi	naɾasi	NARASI	oncoj	-	-
narab	naɾab	NARAB	oncoj	-	-
narabi	naɾabi	NARABI	oncoj	-	-
narabe	naɾabe	NARABE	oncoj	-	-
nari	naɾi	NARI	oncoj	-	-
nare	naɾe	NARE	oncoj	-	-
nikibwi	nikibwi	NIKIBWI	oncoj	-	-
nigir	niɡiɾ	NIGIR	oncoj	-	-
nige	niɡe	NIGE	oncoj	-	-
nikum	nikum	NIKUM	oncoj	-	-
nigor	niɡoɾ	NIGOR	oncoj	-	-
nituk	nituk	NITUK	oncoj	-	-
niturap	nituɾap	NITURAP	oncoj	-	-
saniturap	sanituɾap	SANITURAP	oncoj	-	-
sanitukap	sanitukap	SANITUKAP	oncoj	-	-
ninap	ninap	NINAP	oncoj	-	-
nipe	nipe	NIPE	oncoj	-	-
nipopas	nipopas	NIPOPAS	oncoj	-	-
nipop	nipop	NIPOP	oncoj	-	-
nipopi	nipopi	NIPOPI	oncoj	-	-
nipope	nipope	NIPOPE	oncoj	-	-
nipoye	nipoje	NIPOYE	oncoj	-	-
ne	ne	NE	oncoj	-	-
nukatuk	nukatuk	NUKATUK	oncoj	-	-
nukite	nukite	NUKITE	oncoj	-	-
nuk	nuk	NUK	oncoj	-	-
nusum	nusum	NUSUM	oncoj	-	-
nupituke	nupituke	NUPITUKE	oncoj	-	-
nup	nup	NUP	oncoj	-	-
nuras	nuɾas	NURAS	oncoj	-	-
nur	nuɾ	NUR	oncoj	-	-
nuri	nuɾi	NURI	oncoj	-	-
nure	nuɾe	NURE	oncoj	-	-
negap	neɡap	NEGAP	oncoj	-	-
negwi	neɡwi	NEGWI	oncoj	-	-
nezame	nezame	NESAME	oncoj	-	-
nedar	nedaɾ	NEDAR	oncoj	-	-
nenak	nenak	NENAK	oncoj	-	-
nepap	nepap	NEPAP	oncoj	-	-
nerap	neɾap	NERAP	oncoj	-	-
nerapi	neɾapi	NERAPI	oncoj	-	-
ner	neɾ	NER	oncoj	-	-
neri	neɾi	NERI	oncoj	-	-
nwoganape	nwoɡanape	NWOGANAPE	oncoj	-	-
nok	nok	NOK	oncoj	-	-
nokos	nokos	NOKOS	oncoj	-	-
nogop	noɡop	NOGOP	oncoj	-	-
nokor	nokoɾ	NOKOR	oncoj	-	-
nokori	nokoɾi	NOKORI	oncoj	-	-
nozok	nozok	NOSOK	oncoj	-	-
nozomi	nozomi	NOSOMI	oncoj	-	-
notab	notab	NOTAB	oncoj	-	-
nodoyop	nodojop	NODOYOP	oncoj	-	-
nobe	nobe	NOBE	oncoj	-	-
nobose	nobose	NOBOSE	oncoj	-	-
nobor	noboɾ	NOBOR	oncoj	-	-
nobori	noboɾi	NOBORI	oncoj	-	-
nom	nom	NOM	oncoj	-	-
nor	noɾ	NOR	oncoj	-	-
nori	noɾi	NORI	oncoj	-	-
pagas	paɡas	PAGAS	oncoj	-	-
pakar	pakaɾ	PAKAR	oncoj	-	-
pakari	pakaɾi	PAKARI	oncoj	-	-
paki	paki	PAKI	oncoj	-	-
pak	pak	PAK	oncoj	-	-
pake	pake	PAKE	oncoj	-	-
pag	paɡ	PAG	oncoj	-	-
pagi	paɡi	PAGI	oncoj	-	-
pagukum	paɡukum	PAGUKUM	oncoj	-	-
pasasage	pasasaɡe	PASASAGE	oncoj	-	-
pasase	pasase	PASASE	oncoj	-	-
pasam	pasam	PASAM	oncoj	-	-
pazik	pazik	PASIK	oncoj	-	-
pazime	pazime	PASIME	oncoj	-	-
pasir	pasiɾ	PASIR	oncoj	-	-
patas	patas	PATAS	oncoj	-	-
patar	pataɾ	PATAR	oncoj	-	-
pate	pate	PATE	oncoj	-	-
padi	padi	PADI	oncoj	-	-
panat	panat	PANAT	oncoj	-	-
panapwi	panapwi	PANAPWI	oncoj	-	-
panar	panaɾ	PANAR	oncoj	-	-
panare	panaɾe	PANARE	oncoj	-	-
pane	pane	PANE	oncoj	-	-
panekwir	panekwiɾ	PANEKWIR	oncoj	-	-
pabakar	pabakaɾ	PABAKAR	oncoj	-	-
papinor	papinoɾ	PAPINOR	oncoj	-	-
pap	pap	PAP	oncoj	-	-
pape	pape	PAPE	oncoj	-	-
papuk	papuk	PAPUK	oncoj	-	-
papur	papuɾ	PAPUR	oncoj	-	-
pabur	pabuɾ	PABUR	oncoj	-	-
paburi	pabuɾi	PABURI	oncoj	-	-
pam	pam	PAM	oncoj	-	-
pame	pame	PAME	oncoj	-	-
payas	pajas	PAYAS	oncoj	-	-
payasi	pajasi	PAYASI	oncoj	-	-
paye	paje	PAYE	oncoj	-	-
parabap	paɾabap	PARABAP	oncoj	-	-
parap	paɾap	PARAP	oncoj	-	-
parape	paɾape	PARAPE	oncoj	-	-
pararakas	paɾaɾakas	PARARAKAS	oncoj	-	-
par	paɾ	PAR	oncoj	-	-
pari	paɾi	PARI	oncoj	-	-
pare	paɾe	PARE	oncoj	-	-
pwiwe	pwiwe	PWIWE	oncoj	-	-
pikager	pikaɡeɾ	PIKAGER	oncoj	-	-
pikar	pikaɾ	PIKAR	oncoj	-	-
pikari	pikaɾi	PIKARI	oncoj	-	-
pikiuwe	pikiuwe	PIKIUWE	oncoj	-	-
pikikwos	pikikwos	PIKIKWOS	oncoj	-	-
pikinuras	pikinuɾas	PIKINURAS	oncoj	-	-
pikinobor	pikinoboɾ	PIKINOBOR	oncoj	-	-
pikiyodi	pikijodi	PIKIYODI	oncoj	-	-
pikire	pikiɾe	PIKIRE	oncoj	-	-
pikiwor	pikiwoɾ	PIKIWOR	oncoj	-	-
pik	pik	PIK	oncoj	-	-
piki	piki	PIKI	oncoj	-	-
pike	pike	PIKE	oncoj	-	-
pitar	pitaɾ	PITAR	oncoj	-	-
pit	pit	PIT	oncoj	-	-
pide	pide	PIDE	oncoj	-	-
pidut	pidut	PIDUT	oncoj	-	-
pider	pideɾ	PIDER	oncoj	-	-
pinazakar	pinazakaɾ	PINASAKAR	oncoj	-	-
pinarabe	pinaɾabe	PINARABE	oncoj	-	-
pipik	pipik	PIPIK	oncoj	-	-
pibik	pibik	PIBIK	oncoj	-	-
pibiki	pibiki	PIBIKI	oncoj	-	-
pimukap	pimukap	PIMUKAP	oncoj	-	-
pirak	piɾak	PIRAK	oncoj	-	-
piraki	piɾaki	PIRAKI	oncoj	-	-
pirip	piɾip	PIRIP	oncoj	-	-
pirop	piɾop	PIROP	oncoj	-	-
piror	piɾoɾ	PIROR	oncoj	-	-
pwi	pwi	PWI	oncoj	-	-
pe	pe	PE	oncoj	-	-
pukame	pukame	PUKAME	oncoj	-	-
pukikapyes	pukikapʲes	PUKIKAPES	oncoj	-	-
puk	puk	PUK	oncoj	-	-
puki	puki	PUKI	oncoj	-	-
puke	puke	PUKE	oncoj	-	-
pukure	pukuɾe	PUKURE	oncoj	-	-
pusap	pusap	PUSAP	oncoj	-	-
pus	pus	PUS	oncoj	-	-
pusi	pusi	PUSI	oncoj	-	-
puse	puse	PUSE	oncoj	-	-
putanarab	putanaɾab	PUTANARAB	oncoj	-	-
putayuk	putajuk	PUTAYUK	oncoj	-	-
putwosik	putwosik	PUTWOSIK	oncoj	-	-
putwosir	putwosiɾ	PUTWOSIR	oncoj	-	-
putwotakasik	putwotakasik	PUTWOTAKASIK	oncoj	-	-
punagipop	punaɡipop	PUNAGIPOP	oncoj	-	-
punanor	punanoɾ	PUNANOR	oncoj	-	-
punayosop	punajosop	PUNAYOSOP	oncoj	-	-
pupum	pupum	PUPUM	oncoj	-	-
pupogomor	pupoɡomoɾ	PUPOGOMOR	oncoj	-	-
pumiadas	pumiadas	PUMIADAS	oncoj	-	-
pumiokos	pumiokos	PUMIOKOS	oncoj	-	-
pumikaras	pumikaɾas	PUMIKARAS	oncoj	-	-
pumitate	pumitate	PUMITATE	oncoj	-	-
pumitapirage	pumitapiɾaɡe	PUMITAPIRAGE	oncoj	-	-
puminaras	puminaɾas	PUMINARAS	oncoj	-	-
puminuk	puminuk	PUMINUK	oncoj	-	-
pum	pum	PUM	oncoj	-	-
purabape	puɾabape	PURABAPE	oncoj	-	-
puriokos	puɾiokos	PURIOKOS	oncoj	-	-
purisake	puɾisake	PURISAKE	oncoj	-	-
purisik	puɾisik	PURISIK	oncoj	-	-
purinadum	puɾinadum	PURINADUM	oncoj	-	-
pur	puɾ	PUR	oncoj	-	-
puri	puɾi	PURI	oncoj	-	-
pure	puɾe	PURE	oncoj	-	-
purus	puɾus	PURUS	oncoj	-	-
pyedatar	pʲedataɾ	PEDATAR	oncoj	-	-
pyedat	pʲedat	PEDAT	oncoj	-	-
pyedasi	pʲedasi	PEDASI	oncoj	-	-
pyedate	pʲedate	PEDATE	oncoj	-	-
pyetukap	pʲetukap	PETUKAP	oncoj	-	-
pyenar	pʲenaɾ	PENAR	oncoj	-	-
pok	pok	POK	oncoj	-	-
poki	poki	POKI	oncoj	-	-
pokor	pokoɾ	POKOR	oncoj	-	-
pokorop	pokoɾop	POKOROP	oncoj	-	-
pos	pos	POS	oncoj	-	-
podok	podok	PODOK	oncoj	-	-
pobikor	pobikoɾ	POBIKOR	oncoj	-	-
pome	pome	POME	oncoj	-	-
poye	poje	POYE	oncoj	-	-
por	poɾ	POR	oncoj	-	-
porobwi	poɾobwi	POROBWI	oncoj	-	-
porobos	poɾobos	POROBOS	oncoj	-	-
mawi	mawi	MAWI	oncoj	-	-
mauke	mauke	MAUKE	oncoj	-	-
maus	maus	MAUS	oncoj	-	-
makase	makase	MAKASE	oncoj	-	-
magap	maɡap	MAGAP	oncoj	-	-
magapi	maɡapi	MAGAPI	oncoj	-	-
magape	maɡape	MAGAPE	oncoj	-	-
makaride	makaɾide	MAKARIDE	oncoj	-	-
makar	makaɾ	MAKAR	oncoj	-	-
makari	makaɾi	MAKARI	oncoj	-	-
magar	maɡaɾ	MAGAR	oncoj	-	-
magari	maɡaɾi	MAGARI	oncoj	-	-
makiko	makiko	MAKIKO	oncoj	-	-
mak	mak	MAK	oncoj	-	-
maki	maki	MAKI	oncoj	-	-
make	make	MAKE	oncoj	-	-
mag	maɡ	MAG	oncoj	-	-
mage	maɡe	MAGE	oncoj	-	-
makurak	makuɾak	MAKURAK	oncoj	-	-
masar	masaɾ	MASAR	oncoj	-	-
mazipar	mazipaɾ	MASIPAR	oncoj	-	-
mazipe	mazipe	MASIPE	oncoj	-	-
mazir	maziɾ	MASIR	oncoj	-	-
mas	mas	MAS	oncoj	-	-
mat	mat	MAT	oncoj	-	-
matupar	matupaɾ	MATUPAR	oncoj	-	-
maturap	matuɾap	MATURAP	oncoj	-	-
matur	matuɾ	MATUR	oncoj	-	-
maturi	matuɾi	MATURI	oncoj	-	-
maturwop	matuɾwop	MATURWOP	oncoj	-	-
maturope	matuɾope	MATUROPE	oncoj	-	-
matwopas	matwopas	MATWOPAS	oncoj	-	-
matwop	matwop	MATWOP	oncoj	-	-
matwopi	matwopi	MATWOPI	oncoj	-	-
managar	manaɡaɾ	MANAGAR	oncoj	-	-
manukare	manukaɾe	MANUKARE	oncoj	-	-
manek	manek	MANEK	oncoj	-	-
mapar	mapaɾ	MAPAR	oncoj	-	-
map	map	MAP	oncoj	-	-
mamworap	mamwoɾap	MAMWORAP	oncoj	-	-
mamwor	mamwoɾ	MAMWOR	oncoj	-	-
mamwori	mamwoɾi	MAMWORI	oncoj	-	-
mayup	majup	MAYUP	oncoj	-	-
maywop	majwop	MAYWOP	oncoj	-	-
maywopi	majwopi	MAYWOPI	oncoj	-	-
mar	maɾ	MAR	oncoj	-	-
marob	maɾob	MAROB	oncoj	-	-
mawitar	mawitaɾ	MAWITAR	oncoj	-	-
mawide	mawide	MAWIDE	oncoj	-	-
mawir	mawiɾ	MAWIR	oncoj	-	-
mawiri	mawiɾi	MAWIRI	oncoj	-	-
mawositamap	mawositamap	MAWOSITAMAP	oncoj	-	-
mawos	mawos	MAWOS	oncoj	-	-
miokur	miokuɾ	MIOKUR	oncoj	-	-
misake	misake	MISAKE	oncoj	-	-
mise	mise	MISE	oncoj	-	-
misog	misoɡ	MISOG	oncoj	-	-
midaye	midaje	MIDAYE	oncoj	-	-
midar	midaɾ	MIDAR	oncoj	-	-
midare	midaɾe	MIDARE	oncoj	-	-
mitibik	mitibik	MITIBIK	oncoj	-	-
mit	mit	MIT	oncoj	-	-
miti	miti	MITI	oncoj	-	-
mite	mite	MITE	oncoj	-	-
midukap	midukap	MIDUKAP	oncoj	-	-
miduk	miduk	MIDUK	oncoj	-	-
miduki	miduki	MIDUKI	oncoj	-	-
miture	mituɾe	MITURE	oncoj	-	-
minagirap	minaɡiɾap	MINAGIRAP	oncoj	-	-
minagwirap	minaɡwiɾap	MINAGWIRAP	oncoj	-	-
miyakwopik	mijakwopik	MIYAKWOPIK	oncoj	-	-
miyakwobwi	mijakwobwi	MIYAKWOBWI	oncoj	-	-
miyatukape	mijatukape	MIYATUKAPE	oncoj	-	-
miyabwi	mijabwi	MIYABWI	oncoj	-	-
miyar	mijaɾ	MIYAR	oncoj	-	-
mwi	mwi	MWI	oncoj	-	-
miwasure	miwasuɾe	MIWASURE	oncoj	-	-
miwatas	miwatas	MIWATAS	oncoj	-	-
miwatasi	miwatasi	MIWATASI	oncoj	-	-
miwobik	miwobik	MIWOBIK	oncoj	-	-
mukap	mukap	MUKAP	oncoj	-	-
mukapi	mukapi	MUKAPI	oncoj	-	-
mukape	mukape	MUKAPE	oncoj	-	-
mukabus	mukabus	MUKABUS	oncoj	-	-
muk	muk	MUK	oncoj	-	-
muki	muki	MUKI	oncoj	-	-
muke	muke	MUKE	oncoj	-	-
mus	mus	MUS	oncoj	-	-
muse	muse	MUSE	oncoj	-	-
musub	musub	MUSUB	oncoj	-	-
musubi	musubi	MUSUBI	oncoj	-	-
musubore	musuboɾe	MUSUBORE	oncoj	-	-
musep	musep	MUSEP	oncoj	-	-
mudak	mudak	MUDAK	oncoj	-	-
muragar	muɾaɡaɾ	MURAGAR	oncoj	-	-
mure	muɾe	MURE	oncoj	-	-
mekare	mekaɾe	MEKARE	oncoj	-	-
megum	meɡum	MEGUM	oncoj	-	-
meguras	meɡuɾas	MEGURAS	oncoj	-	-
megur	meɡuɾ	MEGUR	oncoj	-	-
meguri	meɡuɾi	MEGURI	oncoj	-	-
myesage	mʲesaɡe	MESAGE	oncoj	-	-
myes	mʲes	MES	oncoj	-	-
mede	mede	MEDE	oncoj	-	-
modas	modas	MODAS	oncoj	-	-
mot	mot	MOT	oncoj	-	-
moti	moti	MOTI	oncoj	-	-
mote	mote	MOTE	oncoj	-	-
motopos	motopos	MOTOPOS	oncoj	-	-
motopor	motopoɾ	MOTOPOR	oncoj	-	-
motopori	motopoɾi	MOTOPORI	oncoj	-	-
motoporop	motopoɾop	MOTOPOROP	oncoj	-	-
motome	motome	MOTOME	oncoj	-	-
monoip	monoip	MONOIP	oncoj	-	-
monomawos	monomawos	MONOMAWOS	oncoj	-	-
monomop	monomop	MONOMOP	oncoj	-	-
mobik	mobik	MOBIK	oncoj	-	-
mobiki	mobiki	MOBIKI	oncoj	-	-
momitap	momitap	MOMITAP	oncoj	-	-
momit	momit	MOMIT	oncoj	-	-
momiti	momiti	MOMITI	oncoj	-	-
mom	mom	MOM	oncoj	-	-
mwomwodar	mwomwodaɾ	MWOMWODAR	oncoj	-	-
mwomwotidar	mwomwotidaɾ	MWOMWOTIDAR	oncoj	-	-
mwoye	mwoje	MWOYE	oncoj	-	-
moye	moje	MOYE	oncoj	-	-
mor	moɾ	MOR	oncoj	-	-
mori	moɾi	MORI	oncoj	-	-
yak	jak	YAK	oncoj	-	-
yaki	jaki	YAKI	oncoj	-	-
yake	jake	YAKE	oncoj	-	-
yasinap	jasinap	YASINAP	oncoj	-	-
yase	jase	YASE	oncoj	-	-
yasum	jasum	YASUM	oncoj	-	-
yasume	jasume	YASUME	oncoj	-	-
yaswosimagakur	jaswosimaɡakuɾ	YASWOSIMAGAKUR	oncoj	-	-
yador	jadoɾ	YADOR	oncoj	-	-
yadori	jadoɾi	YADORI	oncoj	-	-
yapas	japas	YAPAS	oncoj	-	-
yabur	jabuɾ	YABUR	oncoj	-	-
yapyewor	japʲewoɾ	YAPEWOR	oncoj	-	-
yamagakus	jamaɡakus	YAMAGAKUS	oncoj	-	-
yamasabwi	jamasabwi	YAMASABWI	oncoj	-	-
yam	jam	YAM	oncoj	-	-
yame	jame	YAME	oncoj	-	-
yar	jaɾ	YAR	oncoj	-	-
yare	jaɾe	YARE	oncoj	-	-
yukiap	jukiap	YUKIAP	oncoj	-	-
yukiapi	jukiapi	YUKIAPI	oncoj	-	-
yukipur	jukipuɾ	YUKIPUR	oncoj	-	-
yukiburi	jukibuɾi	YUKIBURI	oncoj	-	-
yukipure	jukipuɾe	YUKIPURE	oncoj	-	-
yukikapar	jukikapaɾ	YUKIKAPAR	oncoj	-	-
yukikapyer	jukikapʲeɾ	YUKIKAPER	oncoj	-	-
yukikaywop	jukikajwop	YUKIKAYWOP	oncoj	-	-
yukiko	jukiko	YUKIKO	oncoj	-	-
yukikuras	jukikuɾas	YUKIKURAS	oncoj	-	-
yukisugwi	jukisuɡwi	YUKISUGWI	oncoj	-	-
yukitarap	jukitaɾap	YUKITARAP	oncoj	-	-
yukitopor	jukitopoɾ	YUKITOPOR	oncoj	-	-
yukimwi	jukimwi	YUKIMWI	oncoj	-	-
yukimukap	jukimukap	YUKIMUKAP	oncoj	-	-
yukimegur	jukimeɡuɾ	YUKIMEGUR	oncoj	-	-
yuk	juk	YUK	oncoj	-	-
yuki	juki	YUKI	oncoj	-	-
yusup	jusup	YUSUP	oncoj	-	-
yusur	jusuɾ	YUSUR	oncoj	-	-
yutur	jutuɾ	YUTUR	oncoj	-	-
yudur	juduɾ	YUDUR	oncoj	-	-
yupituke	jupituke	YUPITUKE	oncoj	-	-
yup	jup	YUP	oncoj	-	-
yupi	jupi	YUPI	oncoj	-	-
yupusar	jupusaɾ	YUPUSAR	oncoj	-	-
yupuduk	jupuduk	YUPUDUK	oncoj	-	-
yupupapur	jupupapuɾ	YUPUPAPUR	oncoj	-	-
yurak	juɾak	YURAK	oncoj	-	-
yurus	juɾus	YURUS	oncoj	-	-
yurup	juɾup	YURUP	oncoj	-	-
yurupe	juɾupe	YURUPE	oncoj	-	-
yokwi	jokwi	YOKWI	oncoj	-	-
ywogutat	jwoɡutat	YWOGUTAT	oncoj	-	-
ywogutati	jwoɡutati	YWOGUTATI	oncoj	-	-
yokogir	jokoɡiɾ	YOKOGIR	oncoj	-	-
yokosarap	jokosaɾap	YOKOSARAP	oncoj	-	-
yokos	jokos	YOKOS	oncoj	-	-
yogomor	joɡomoɾ	YOGOMOR	oncoj	-	-
yos	jos	YOS	oncoj	-	-
yose	jose	YOSE	oncoj	-	-
yosop	josop	YOSOP	oncoj	-	-
yosopi	josopi	YOSOPI	oncoj	-	-
yosope	josope	YOSOPE	oncoj	-	-
yosor	josoɾ	YOSOR	oncoj	-	-
yosori	josoɾi	YOSORI	oncoj	-	-
ywodat	jwodat	YWODAT	oncoj	-	-
yodi	jodi	YODI	oncoj	-	-
yodom	jodom	YODOM	oncoj	-	-
ywobap	jwobap	YWOBAP	oncoj	-	-
ywob	jwob	YWOB	oncoj	-	-
ywobi	jwobi	YWOBI	oncoj	-	-
yomwigapyer	jomwiɡapʲeɾ	YOMWIGAPER	oncoj	-	-
yom	jom	YOM	oncoj	-	-
yoyom	jojom	YOYOM	oncoj	-	-
yoriap	joɾiap	YORIAP	oncoj	-	-
yoriapi	joɾiapi	YORIAPI	oncoj	-	-
yorine	joɾine	YORINE	oncoj	-	-
yor	joɾ	YOR	oncoj	-	-
yori	joɾi	YORI	oncoj	-	-
yorokobwi	joɾokobwi	YOROKOBWI	oncoj	-	-
yorop	joɾop	YOROP	oncoj	-	-
yoropop	joɾopop	YOROPOP	oncoj	-	-
wakas	wakas	WAKAS	oncoj	-	-
wakayar	wakajaɾ	WAKAYAR	oncoj	-	-
wakare	wakaɾe	WAKARE	oncoj	-	-
wakibasam	wakibasam	WAKIBASAM	oncoj	-	-
wak	wak	WAK	oncoj	-	-
waki	waki	WAKI	oncoj	-	-
wake	wake	WAKE	oncoj	-	-
wasise	wasise	WASISE	oncoj	-	-
wasir	wasiɾ	WASIR	oncoj	-	-
wasur	wasuɾ	WASUR	oncoj	-	-
wasuri	wasuɾi	WASURI	oncoj	-	-
wasure	wasuɾe	WASURE	oncoj	-	-
watas	watas	WATAS	oncoj	-	-
watasi	watasi	WATASI	oncoj	-	-
watarap	wataɾap	WATARAP	oncoj	-	-
watar	wataɾ	WATAR	oncoj	-	-
watari	wataɾi	WATARI	oncoj	-	-
wadurap	waduɾap	WADURAP	oncoj	-	-
wabwi	wabwi	WABWI	oncoj	-	-
wabure	wabuɾe	WABURE	oncoj	-	-
war	waɾ	WAR	oncoj	-	-
ware	waɾe	WARE	oncoj	-	-
wawake	wawake	WAWAKE	oncoj	-	-
wiakas	wiakas	WIAKAS	oncoj	-	-
wine	wine	WINE	oncoj	-	-
wiyuk	wijuk	WIYUK	oncoj	-	-
wi	wi	WI	oncoj	-	-
wep	wep	WEP	oncoj	-	-
wemap	wemap	WEMAP	oncoj	-	-
wemapi	wemapi	WEMAPI	oncoj	-	-
wemisakaye	wemisakaje	WEMISAKAYE	oncoj	-	-
wemimagar	wemimaɡaɾ	WEMIMAGAR	oncoj	-	-
wem	wem	WEM	oncoj	-	-
wemi	wemi	WEMI	oncoj	-	-
wer	weɾ	WER	oncoj	-	-
wok	wok	WOK	oncoj	-	-
wosame	wosame	WOSAME	oncoj	-	-
wosim	wosim	WOSIM	oncoj	-	-
wos	wos	WOS	oncoj	-	-
wotikapyer	wotikapʲeɾ	WOTIKAPER	oncoj	-	-
woti	woti	WOTI	oncoj	-	-
wotwokwosabwi	wotwokwosabwi	WOTWOKWOSABWI	oncoj	-	-
wotomyesabwi	wotomʲesabwi	WOTOMESABWI	oncoj	-	-
wodor	wodoɾ	WODOR	oncoj	-	-
wopar	wopaɾ	WOPAR	oncoj	-	-
wopari	wopaɾi	WOPARI	oncoj	-	-
wope	wope	WOPE	oncoj	-	-
wor	woɾ	WOR	oncoj	-	-
woriakas	woɾiakas	WORIAKAS	oncoj	-	-
worikapyes	woɾikapʲes	WORIKAPES	oncoj	-	-
wori	woɾi	WORI	oncoj	-	-
worogam	woɾoɡam	WOROGAM	oncoj	-	-
wowor	wowoɾ	WOWOR	oncoj	-	-
wowori	wowoɾi	WOWORI	oncoj	-	-
kose	kose	KOSE	oncoj	-	-
makur	makuɾ	MAKUR	oncoj	-	-
makuri	makuɾi	MAKURI	oncoj	-	-
tagupe	taɡupe	TAGUPE	oncoj	-	-
tipayaburu	tipajabuɾu	TIPAYABURU	oncoj	-	-
neraye	neɾaje	NERAYE	oncoj	-	-
ipyes	ipʲes	IPES	oncoj	-	-
kapyerap	kapʲeɾap	KAPERAP	oncoj	-	-
nagekap	naɡekap	NAGEKAP	oncoj	-	-
sasap	sasap	SASAP	oncoj	-	-
kasanap	kasanap	KASANAP	oncoj	-	-
kakusap	kakusap	KAKUSAP	oncoj	-	-
tirap	tiɾap	TIRAP	oncoj	-	-
sinase	sinase	SINASE	oncoj	-	-
tadusape	tadusape	TADUSAPE	oncoj	-	-
atorap	atoɾap	ATORAP	oncoj	-	-
kwirap	kwiɾap	KWIRAP	oncoj	-	-
sitanak	sitanak	SITANAK	oncoj	-	-
sitanaki	sitanaki	SITANAKI	oncoj	-	-
serare	seɾaɾe	SERARE	oncoj	-	-
kanumaduk	kanumaduk	KANUMADUK	oncoj	-	-
osoburap	osobuɾap	OSOBURAP	oncoj	-	-
pikodurap	pikoduɾap	PIKODURAP	oncoj	-	-
pikodur	pikoduɾ	PIKODUR	oncoj	-	-
kaparap	kapaɾap	KAPARAP	oncoj	-	-
serasimye	seɾasimʲe	SERASIME	oncoj	-	-
matwopap	matwopap	MATWOPAP	oncoj	-	-
sinoburap	sinobuɾap	SINOBURAP	oncoj	-	-
tunwosapapu	tunwosapapu	TUNWOSAPAPU	oncoj	-	-
aswobap	aswobap	ASWOBAP	oncoj	-	-
abik	abik	ABIK	oncoj	-	-
sapyenapye	sapʲenapʲe	SAPENAPE	oncoj	-	-
saparap	sapaɾap	SAPARAP	oncoj	-	-
kakurwop	kakuɾwop	KAKURWOP	oncoj	-	-
tukurap	tukuɾap	TUKURAP	oncoj	-	-
towi	towi	TOWI	oncoj	-	-
takiswonape	takiswonape	TAKISWONAPE	oncoj	-	-
umapitosabwi	umapitosabwi	UMAPITOSABWI	oncoj	-	-
pimyenaswob	pimʲenaswob	PIMENASWOB	oncoj	-	-
sapidurap	sapiduɾap	SAPIDURAP	oncoj	-	-
yokas	jokas	YOKAS	oncoj	-	-
nipos	nipos	NIPOS	oncoj	-	-
kikase	kikase	KIKASE	oncoj	-	-
nagekase	naɡekase	NAGEKASE	oncoj	-	-
tarap	taɾap	TARAP	oncoj	-	-
tarapi	taɾapi	TARAPI	oncoj	-	-
sarap	saɾap	SARAP	oncoj	-	-
komorap	komoɾap	KOMORAP	oncoj	-	-
nagasap	naɡasap	NAGASAP	oncoj	-	-
kadus	kadus	KADUS	oncoj	-	-
kadusak	kadusak	KADUSAK	oncoj	-	-
arase	aɾase	ARASE	oncoj	-	-
tugap	tuɡap	TUGAP	oncoj	-	-
tabanare	tabanaɾe	TABANARE	oncoj	-	-
kumorap	kumoɾap	KUMORAP	oncoj	-	-
kogoye	koɡoje	KOGOYE	oncoj	-	-
togar	toɡaɾ	TOGAR	oncoj	-	-
ika	ika	IKA	oncoj	-	-
uremu	uɾemu	UREMU	oncoj	-	-
nani	nani	NANI	oncoj	-	-
idu	idu	IDU	oncoj	-	-
osoki	osoki	OSOKI	oncoj	-	-
idure	iduɾe	IDURE	oncoj	-	-
iduku	iduku	IDUKU	oncoj	-	-
iduti	iduti	IDUTI	oncoj	-	-
idura	iduɾa	IDURA	oncoj	-	-
idupye	idupʲe	IDUPE	oncoj	-	-
itu	itu	ITU	oncoj	-	-
ikura	ikuɾa	IKURA	oncoj	-	-
ikuda	ikuda	IKUDA	oncoj	-	-
kaku	kaku	KAKU	oncoj	-	-
kore	koɾe	KORE	oncoj	-	-
koko	koko	KOKO	oncoj	-	-
konata	konata	KONATA	oncoj	-	-
kanata	kanata	KANATA	oncoj	-	-
koti	koti	KOTI	oncoj	-	-
kokoda (proximal)	kokoda (pɾoximal)	KOKODAPROKIMAL	oncoj	-	-
kokwida	kokwida	KOKWIDA	oncoj	-	-
kokwisi	kokwisi	KOKWISI	oncoj	-	-
nurunuru	nuɾunuɾu	NURUNURU	oncoj	-	-
kokodaku	kokodaku	KOKODAKU	oncoj	-	-
kokidaku	kokidaku	KOKIDAKU	oncoj	-	-
sore	soɾe	SORE	oncoj	-	-
soko	soko	SOKO	oncoj	-	-
sate	sate	SATE	oncoj	-	-
sika	sika	SIKA	oncoj	-	-
sokorakuni	sokoɾakuni	SOKORAKUNI	oncoj	-	-
sokoba	sokoba	SOKOBA	oncoj	-	-
wanu	wanu	WANU	oncoj	-	-
purupi	puɾupi	PURUPI	oncoj	-	-
ipamaro	ipamaɾo	IPAMARO	oncoj	-	-
namuti	namuti	NAMUTI	oncoj	-	-
kimi	kimi	KIMI	oncoj	-	-
ono	ono	ONO	oncoj	-	-
onore	onoɾe	ONORE	oncoj	-	-
onodukara	onodukaɾa	ONODUKARA	oncoj	-	-
nado	nado	NADO	oncoj	-	-
ado	ado	ADO	oncoj	-	-
mwina	mwina	MWINA	oncoj	-	-
pusa	pusa	PUSA	oncoj	-	-
ikubaku	ikubaku	IKUBAKU	oncoj	-	-
woto	woto	WOTO	oncoj	-	-
wotikoti	wotikoti	WOTIKOTI	oncoj	-	-
yatukwo	jatukwo	YATUKWO	oncoj	-	-
aso	aso	ASO	oncoj	-	-
iku	iku	IKU	oncoj	-	-
koro	koɾo	KORO	oncoj	-	-
ame	ame	AME	oncoj	-	-
ama	ama	AMA	oncoj	-	-
kwi	kwi	KWI	oncoj	-	-
tuku	tuku	TUKU	oncoj	-	-
kamwi	kamwi	KAMWI	oncoj	-	-
kamu	kamu	KAMU	oncoj	-	-
ipye	ipʲe	IPE	oncoj	-	-
ipa	ipa	IPA	oncoj	-	-
pune	pune	PUNE	oncoj	-	-
puna	puna	PUNA	oncoj	-	-
kaze	kaze	KASE	oncoj	-	-
kaza	kaza	KASA	oncoj	-	-
arasi	aɾasi	ARASI	oncoj	-	-
pu	pu	PU	oncoj	-	-
suge	suɡe	SUGE	oncoj	-	-
suga	suɡa	SUGA	oncoj	-	-
kage	kaɡe	KAGE	oncoj	-	-
te	te	TE	oncoj	-	-
take	take	TAKE	oncoj	-	-
tuti	tuti	TUTI	oncoj	-	-
makura	makuɾa	MAKURA	oncoj	-	-
miya	mija	MIYA	oncoj	-	-
wagapye	waɡapʲe	WAGAPE	oncoj	-	-
wagimo	waɡimo	WAGIMO	oncoj	-	-
konure	konuɾe	KONURE	oncoj	-	-
ure	uɾe	URE	oncoj	-	-
ura	uɾa	URA	oncoj	-	-
nusi	nusi	NUSI	oncoj	-	-
kapa	kapa	KAPA	oncoj	-	-
sita	sita	SITA	oncoj	-	-
imwo	imwo	IMWO	oncoj	-	-
upe	upe	UPE	oncoj	-	-
upa	upa	UPA	oncoj	-	-
yadwo	jadwo	YADWO	oncoj	-	-
sudare	sudaɾe	SUDARE	oncoj	-	-
aki	aki	AKI	oncoj	-	-
yama	jama	YAMA	oncoj	-	-
ipane	ipane	IPANE	oncoj	-	-
putakamiyama	putakamijama	PUTAKAMIYAMA	oncoj	-	-
kokoro	kokoɾo	KOKORO	oncoj	-	-
koto	koto	KOTO	oncoj	-	-
kami	kami	KAMI	oncoj	-	-
me	me	ME	oncoj	-	-
nupime	nupime	NUPIME	oncoj	-	-
meduma	meduma	MEDUMA	oncoj	-	-
tabi	tabi	TABI	oncoj	-	-
satwo	satwo	SATWO	oncoj	-	-
mapye	mapʲe	MAPE	oncoj	-	-
yukusa	jukusa	YUKUSA	oncoj	-	-
kusa	kusa	KUSA	oncoj	-	-
kapyerusa	kapʲeɾusa	KAPERUSA	oncoj	-	-
kotogoto	kotoɡoto	KOTOGOTO	oncoj	-	-
kazu	kazu	KASU	oncoj	-	-
tokoro	tokoɾo	TOKORO	oncoj	-	-
yabu	jabu	YABU	oncoj	-	-
ami	ami	AMI	oncoj	-	-
naka	naka	NAKA	oncoj	-	-
oto	oto	OTO	oncoj	-	-
sitamopi	sitamopi	SITAMOPI	oncoj	-	-
sitagokoro	sitaɡokoɾo	SITAGOKORO	oncoj	-	-
mariya	maɾija	MARIYA	oncoj	-	-
mitorasi	mitoɾasi	MITORASI	oncoj	-	-
puseya	puseja	PUSEYA	oncoj	-	-
puseyataku	pusejataku	PUSEYATAKU	oncoj	-	-
minasigapa	minasiɡapa	MINASIGAPA	oncoj	-	-
neyadwo	nejadwo	NEYADWO	oncoj	-	-
sima	sima	SIMA	oncoj	-	-
suswo	suswo	SUSWO	oncoj	-	-
suswomwi	suswomwi	SUSWOMWI	oncoj	-	-
nuka	nuka	NUKA	oncoj	-	-
pana	pana	PANA	oncoj	-	-
omo	omo	OMO	oncoj	-	-
yupu	jupu	YUPU	oncoj	-	-
pina	pina	PINA	oncoj	-	-
pi	pi	PI	oncoj	-	-
mina	mina	MINA	oncoj	-	-
yoko	joko	YOKO	oncoj	-	-
tadwoki	tadwoki	TADWOKI	oncoj	-	-
miwa	miwa	MIWA	oncoj	-	-
iswo	iswo	ISWO	oncoj	-	-
naganagasi	naɡanaɡasi	NAGANAGASI	oncoj	-	-
madasi	madasi	MADASI	oncoj	-	-
osi	osi	OSI	oncoj	-	-
iro	iɾo	IRO	oncoj	-	-
una	una	UNA	oncoj	-	-
kaka	kaka	KAKA	oncoj	-	-
kumwo	kumwo	KUMWO	oncoj	-	-
siri	siɾi	SIRI	oncoj	-	-
tuma	tuma	TUMA	oncoj	-	-
tosi	tosi	TOSI	oncoj	-	-
tono	tono	TONO	oncoj	-	-
midu	midu	MIDU	oncoj	-	-
miyakwo	mijakwo	MIYAKWO	oncoj	-	-
miwo	miwo	MIWO	oncoj	-	-
mune	mune	MUNE	oncoj	-	-
mye	mʲe	ME	oncoj	-	-
oya	oja	OYA	oncoj	-	-
pimye	pimʲe	PIME	oncoj	-	-
kumwowi	kumwowi	KUMWOWI	oncoj	-	-
osipye	osipʲe	OSIPE	oncoj	-	-
iswopye	iswopʲe	ISWOPE	oncoj	-	-
asa	asa	ASA	oncoj	-	-
okina	okina	OKINA	oncoj	-	-
adi	adi	ADI	oncoj	-	-
tunwo	tunwo	TUNWO	oncoj	-	-
tukasa	tukasa	TUKASA	oncoj	-	-
wotomye	wotomʲe	WOTOME	oncoj	-	-
wotokwo	wotokwo	WOTOKWO	oncoj	-	-
pagwi	paɡwi	PAGWI	oncoj	-	-
tatibana	tatibana	TATIBANA	oncoj	-	-
tatibanawo	tatibanawo	TATIBANAWO	oncoj	-	-
yagwi	jaɡwi	YAGWI	oncoj	-	-
oposazaki	oposazaki	OPOSASAKI	oncoj	-	-
tutuzi	tutuzi	TUTUSI	oncoj	-	-
sazaki	sazaki	SASAKI	oncoj	-	-
itukwi	itukwi	ITUKWI	oncoj	-	-
punakwo	punakwo	PUNAKWO	oncoj	-	-
matu	matu	MATU	oncoj	-	-
pototogisu	pototoɡisu	POTOTOGISU	oncoj	-	-
ugupisu	uɡupisu	UGUPISU	oncoj	-	-
sinwo	sinwo	SINWO	oncoj	-	-
susuki	susuki	SUSUKI	oncoj	-	-
wominapyesi	wominapʲesi	WOMINAPESI	oncoj	-	-
tapi	tapi	TAPI	oncoj	-	-
sipo	sipo	SIPO	oncoj	-	-
tubaki	tubaki	TUBAKI	oncoj	-	-
nebu	nebu	NEBU	oncoj	-	-
pisagwi	pisaɡwi	PISAGWI	oncoj	-	-
sinwonome	sinwonome	SINWONOME	oncoj	-	-
katati	katati	KATATI	oncoj	-	-
kumakasi	kumakasi	KUMAKASI	oncoj	-	-
kwosima	kwosima	KWOSIMA	oncoj	-	-
kwosimakwo	kwosimakwo	KWOSIMAKWO	oncoj	-	-
kwopama	kwopama	KWOPAMA	oncoj	-	-
oposaki	oposaki	OPOSAKI	oncoj	-	-
simatu	simatu	SIMATU	oncoj	-	-
simayama	simajama	SIMAYAMA	oncoj	-	-
pukatu	pukatu	PUKATU	oncoj	-	-
ikwomayama	ikwomajama	IKWOMAYAMA	oncoj	-	-
yamasirogapa	jamasiɾoɡapa	YAMASIROGAPA	oncoj	-	-
yamasirodi	jamasiɾodi	YAMASIRODI	oncoj	-	-
kaseyama	kasejama	KASEYAMA	oncoj	-	-
kasenoyama	kasenojama	KASENOYAMA	oncoj	-	-
mikanopara	mikanopaɾa	MIKANOPARA	oncoj	-	-
anasigapa	anasiɡapa	ANASIGAPA	oncoj	-	-
anasinokapa	anasinokapa	ANASINOKAPA	oncoj	-	-
yutukwigatake	jutukwiɡatake	YUTUKWIGATAKE	oncoj	-	-
putagaminoyama	putaɡaminojama	PUTAGAMINOYAMA	oncoj	-	-
sapinokuma	sapinokuma	SAPINOKUMA	oncoj	-	-
puruyama	puɾujama	PURUYAMA	oncoj	-	-
mikumariyama	mikumaɾijama	MIKUMARIYAMA	oncoj	-	-
nagwonoumi	naɡwonoumi	NAGWONOUMI	oncoj	-	-
nagwoye	naɡwoje	NAGWOYE	oncoj	-	-
nagwonoye	naɡwonoje	NAGWONOYE	oncoj	-	-
toposatwowonwo	toposatwowonwo	TOPOSATWOWONWO	oncoj	-	-
titanoura	titanouɾa	TITANOURA	oncoj	-	-
namikurayama	namikuɾajama	NAMIKURAYAMA	oncoj	-	-
miwogasaki	miwoɡasaki	MIWOGASAKI	oncoj	-	-
unakamigata	unakamiɡata	UNAKAMIGATA	oncoj	-	-
tamanoura	tamanouɾa	TAMANOURA	oncoj	-	-
itokanoyama	itokanojama	ITOKANOYAMA	oncoj	-	-
nagusa	naɡusa	NAGUSA	oncoj	-	-
nagusayama	naɡusajama	NAGUSAYAMA	oncoj	-	-
kurwousigata	kuɾwousiɡata	KURWOUSIGATA	oncoj	-	-
kanenomisaki	kanenomisaki	KANENOMISAKI	oncoj	-	-
woka	woka	WOKA	oncoj	-	-
wokanominatwo	wokanominatwo	WOKANOMINATWO	oncoj	-	-
minabutiyama	minabutijama	MINABUTIYAMA	oncoj	-	-
posokapayama	posokapajama	POSOKAPAYAMA	oncoj	-	-
asasapa	asasapa	ASASAPA	oncoj	-	-
asasapanwo	asasapanwo	ASASAPANWO	oncoj	-	-
pirose	piɾose	PIROSE	oncoj	-	-
pirosegapa	piɾoseɡapa	PIROSEGAPA	oncoj	-	-
natakanoura	natakanouɾa	NATAKANOURA	oncoj	-	-
ipasenwo	ipasenwo	IPASENWO	oncoj	-	-
woguranoyama	woɡuɾanojama	WOGURANOYAMA	oncoj	-	-
yuranosaki	juɾanosaki	YURANOSAKI	oncoj	-	-
yuranomisaki	juɾanomisaki	YURANOMISAKI	oncoj	-	-
kamiwoka	kamiwoka	KAMIWOKA	oncoj	-	-
opoganwo	opoɡanwo	OPOGANWO	oncoj	-	-
adwokapa	adwokapa	ADWOKAPA	oncoj	-	-
opokura	opokuɾa	OPOKURA	oncoj	-	-
ipatanwo	ipatanwo	IPATANWO	oncoj	-	-
managanoura	manaɡanouɾa	MANAGANOURA	oncoj	-	-
pitatinokuni	pitatinokuni	PITATINOKUNI	oncoj	-	-
nuye	nuje	NUYE	oncoj	-	-
kigisi	kiɡisi	KIGISI	oncoj	-	-
tutipari	tutipaɾi	TUTIPARI	oncoj	-	-
yaswoka	jaswoka	YASWOKA	oncoj	-	-
pimekabura	pimekabuɾa	PIMEKABURA	oncoj	-	-
karakadi	kaɾakadi	KARAKADI	oncoj	-	-
makadi	makadi	MAKADI	oncoj	-	-
tamakadura	tamakaduɾa	TAMAKADURA	oncoj	-	-
yamakadura	jamakaduɾa	YAMAKADURA	oncoj	-	-
maswokagami	maswokaɡami	MASWOKAGAMI	oncoj	-	-
iswokage	iswokaɡe	ISWOKAGE	oncoj	-	-
omokage	omokaɡe	OMOKAGE	oncoj	-	-
kusakage	kusakaɡe	KUSAKAGE	oncoj	-	-
simakage	simakaɡe	SIMAKAGE	oncoj	-	-
pikage	pikaɡe	PIKAGE	oncoj	-	-
matukage	matukaɡe	MATUKAGE	oncoj	-	-
yaswokage	jaswokaɡe	YASWOKAGE	oncoj	-	-
makai	makai	MAKAI	oncoj	-	-
asikaki	asikaki	ASIKAKI	oncoj	-	-
ayakaki	ajakaki	AYAKAKI	oncoj	-	-
arakaki	aɾakaki	ARAKAKI	oncoj	-	-
arakakino	aɾakakino	ARAKAKINO	oncoj	-	-
awokaki	awokaki	AWOKAKI	oncoj	-	-
awokakiyama	awokakijama	AWOKAKIYAMA	oncoj	-	-
kakiyama	kakijama	KAKIYAMA	oncoj	-	-
karakaki	kaɾakaki	KARAKAKI	oncoj	-	-
kumikaki	kumikaki	KUMIKAKI	oncoj	-	-
sibakaki	sibakaki	SIBAKAKI	oncoj	-	-
pasiride	pasiɾide	PASIRIDE	oncoj	-	-
wasiride	wasiɾide	WASIRIDE	oncoj	-	-
tamakaki	tamakaki	TAMAKAKI	oncoj	-	-
yapyegaki	japʲeɡaki	YAPEGAKI	oncoj	-	-
asanegami	asaneɡami	ASANEGAMI	oncoj	-	-
oisita	oisita	OISITA	oncoj	-	-
kurwokami	kuɾwokami	KURWOKAMI	oncoj	-	-
kurwokamiyama	kuɾwokamijama	KURWOKAMIYAMA	oncoj	-	-
unakami	unakami	UNAKAMI	oncoj	-	-
kapakami	kapakami	KAPAKAMI	oncoj	-	-
kotogami	kotoɡami	KOTOGAMI	oncoj	-	-
sumyekamwi	sumʲekamwi	SUMEKAMWI	oncoj	-	-
sumye	sumʲe	SUME	oncoj	-	-
asigamo	asiɡamo	ASIGAMO	oncoj	-	-
makamo	makamo	MAKAMO	oncoj	-	-
kugane	kuɡane	KUGANE	oncoj	-	-
makane	makane	MAKANE	oncoj	-	-
asigani	asiɡani	ASIGANI	oncoj	-	-
isikapa	isikapa	ISIKAPA	oncoj	-	-
ukapa	ukapa	UKAPA	oncoj	-	-
yamakapa	jamakapa	YAMAKAPA	oncoj	-	-
wogapa	woɡapa	WOGAPA	oncoj	-	-
omogapar	omoɡapaɾ	OMOGAPAR	oncoj	-	-
wakakapyerute	wakakapʲeɾute	WAKAKAPERUTE	oncoj	-	-
yamagapi	jamaɡapi	YAMAGAPI	oncoj	-	-
kakigapi	kakiɡapi	KAKIGAPI	oncoj	-	-
kwopwiwasuregapi	kwopwiwasuɾeɡapi	KWOPWIWASUREGAPI	oncoj	-	-
wasuregapi	wasuɾeɡapi	WASUREGAPI	oncoj	-	-
asagapo	asaɡapo	ASAGAPO	oncoj	-	-
inagara	inaɡaɾa	INAGARA	oncoj	-	-
inaba	inaba	INABA	oncoj	-	-
ugara	uɡaɾa	UGARA	oncoj	-	-
kapakara	kapakaɾa	KAPAKARA	oncoj	-	-
kamukara	kamukaɾa	KAMUKARA	oncoj	-	-
tomokara	tomokaɾa	TOMOKARA	oncoj	-	-
paragara	paɾaɡaɾa	PARAGARA	oncoj	-	-
pisigara	pisiɡaɾa	PISIGARA	oncoj	-	-
kinugasa	kinuɡasa	KINUGASA	oncoj	-	-
itukasi	itukasi	ITUKASI	oncoj	-	-
sirakasi	siɾakasi	SIRAKASI	oncoj	-	-
wotikata	wotikata	WOTIKATA	oncoj	-	-
omokata	omokata	OMOKATA	oncoj	-	-
sasaragata	sasaɾaɡata	SASARAGATA	oncoj	-	-
kuzupagata	kuzupaɡata	KUSUPAGATA	oncoj	-	-
sanekaya	sanekaja	SANEKAYA	oncoj	-	-
takagaya	takaɡaja	TAKAGAYA	oncoj	-	-
simogare	simoɡaɾe	SIMOGARE	oncoj	-	-
akikaze	akikaze	AKIKASE	oncoj	-	-
akikapyesi	akikapʲesi	AKIKAPESI	oncoj	-	-
ikapokaze	ikapokaze	IKAPOKASE	oncoj	-	-
ipekaze	ipekaze	IPEKASE	oncoj	-	-
kamukaze	kamukaze	KAMUKASE	oncoj	-	-
sitakaze	sitakaze	SITAKASE	oncoj	-	-
sirayama	siɾajama	SIRAYAMA	oncoj	-	-
okiswoyama	okiswojama	OKISWOYAMA	oncoj	-	-
okiswo	okiswo	OKISWO	oncoj	-	-
wodukupa	wodukupa	WODUKUPA	oncoj	-	-
uranwo	uɾanwo	URANWO	oncoj	-	-
wototupi	wototupi	WOTOTUPI	oncoj	-	-
panakazu	panakazu	PANAKASU	oncoj	-	-
kusige	kusiɡe	KUSIGE	oncoj	-	-
tamake	tamake	TAMAKE	oncoj	-	-
woke	woke	WOKE	oncoj	-	-
opokimi	opokimi	OPOKIMI	oncoj	-	-
minakipa	minakipa	MINAKIPA	oncoj	-	-
ipakwi	ipakwi	IPAKWI	oncoj	-	-
kusakwi	kusakwi	KUSAKWI	oncoj	-	-
sitakwi	sitakwi	SITAKWI	oncoj	-	-
somekwi	somekwi	SOMEKWI	oncoj	-	-
puyukwi	pujukwi	PUYUKWI	oncoj	-	-
makwi	makwi	MAKWI	oncoj	-	-
takakwi	takakwi	TAKAKWI	oncoj	-	-
asagwiri	asaɡwiɾi	ASAGWIRI	oncoj	-	-
yupugwiri	jupuɡwiɾi	YUPUGWIRI	oncoj	-	-
ayukwo	ajukwo	AYUKWO	oncoj	-	-
itwokwo	itwokwo	ITWOKWO	oncoj	-	-
itwokwoya	itwokwoja	ITWOKWOYA	oncoj	-	-
imokwo	imokwo	IMOKWO	oncoj	-	-
kakwo	kakwo	KAKWO	oncoj	-	-
sekwo	sekwo	SEKWO	oncoj	-	-
makwo	makwo	MAKWO	oncoj	-	-
managwo	manaɡwo	MANAGWO	oncoj	-	-
yotikwo	jotikwo	YOTIKWO	oncoj	-	-
wagimokwo	waɡimokwo	WAGIMOKWO	oncoj	-	-
wakugwo	wakuɡwo	WAKUGWO	oncoj	-	-
wikwo	wikwo	WIKWO	oncoj	-	-
akagwoma	akaɡwoma	AKAGWOMA	oncoj	-	-
kurwokwoma	kuɾwokwoma	KURWOKWOMA	oncoj	-	-
takwomura	takwomuɾa	TAKWOMURA	oncoj	-	-
katakwopwi	katakwopwi	KATAKWOPWI	oncoj	-	-
sitagwopwi	sitaɡwopwi	SITAGWOPWI	oncoj	-	-
nagakwopwi	naɡakwopwi	NAGAKWOPWI	oncoj	-	-
twogokoro	twoɡokoɾo	TWOGOKORO	oncoj	-	-
karikomo	kaɾikomo	KARIKOMO	oncoj	-	-
tatamikomo	tatamikomo	TATAMIKOMO	oncoj	-	-
tatugomo	tatuɡomo	TATUGOMO	oncoj	-	-
mawogomo	mawoɡomo	MAWOGOMO	oncoj	-	-
korogoro	koɾoɡoɾo	KOROGORO	oncoj	-	-
tukwigoro	tukwiɡoɾo	TUKWIGORO	oncoj	-	-
tosikoro	tosikoɾo	TOSIKORO	oncoj	-	-
karakoromo	kaɾakoɾomo	KARAKOROMO	oncoj	-	-
kekoromo	kekoɾomo	KEKOROMO	oncoj	-	-
sagoromo	saɡoɾomo	SAGOROMO	oncoj	-	-
sitagoromo	sitaɡoɾomo	SITAGOROMO	oncoj	-	-
swodetukegoromo	swodetukeɡoɾomo	SWODETUKEGOROMO	oncoj	-	-
tabikoromo	tabikoɾomo	TABIKOROMO	oncoj	-	-
tokiarapigoromo	tokiaɾapiɡoɾomo	TOKIARAPIGOROMO	oncoj	-	-
simekoromo	simekoɾomo	SIMEKOROMO	oncoj	-	-
kotigoti	kotiɡoti	KOTIGOTI	oncoj	-	-
ipegoto	ipeɡoto	IPEGOTO	oncoj	-	-
katarigoto	kataɾiɡoto	KATARIGOTO	oncoj	-	-
tapakoto	tapakoto	TAPAKOTO	oncoj	-	-
tutekoto	tutekoto	TUTEKOTO	oncoj	-	-
pitogoto	pitoɡoto	PITOGOTO	oncoj	-	-
magakoto	maɡakoto	MAGAKOTO	oncoj	-	-
munakoto	munakoto	MUNAKOTO	oncoj	-	-
yogoto	joɡoto	YOGOTO	oncoj	-	-
pitokowe	pitokowe	PITOKOWE	oncoj	-	-
midukukwi	midukukwi	MIDUKUKWI	oncoj	-	-
midukukwino	midukukwino	MIDUKUKWINO	oncoj	-	-
kapakuma	kapakuma	KAPAKUMA	oncoj	-	-
mikuma	mikuma	MIKUMA	oncoj	-	-
momokuma	momokuma	MOMOKUMA	oncoj	-	-
amakumo	amakumo	AMAKUMO	oncoj	-	-
awokumo	awokumo	AWOKUMO	oncoj	-	-
sitagumo	sitaɡumo	SITAGUMO	oncoj	-	-
sirakumo	siɾakumo	SIRAKUMO	oncoj	-	-
yakumo	jakumo	YAKUMO	oncoj	-	-
karakuni	kaɾakuni	KARAKUNI	oncoj	-	-
pitokuni	pitokuni	PITOKUNI	oncoj	-	-
yasimakuni	jasimakuni	YASIMAKUNI	oncoj	-	-
yaswokuni	jaswokuni	YASWOKUNI	oncoj	-	-
kokupa	kokupa	KOKUPA	oncoj	-	-
uragupa	uɾaɡupa	URAGUPA	oncoj	-	-
nipigupamaywo	nipiɡupamajwo	NIPIGUPAMAYWO	oncoj	-	-
nipimurwo	nipimuɾwo	NIPIMURWO	oncoj	-	-
makupi	makupi	MAKUPI	oncoj	-	-
ikupi	ikupi	IKUPI	oncoj	-	-
wigupi	wiɡupi	WIGUPI	oncoj	-	-
agura	aɡuɾa	AGURA	oncoj	-	-
situkura	situkuɾa	SITUKURA	oncoj	-	-
mituguri	mituɡuɾi	MITUGURI	oncoj	-	-
ayamyegusa	ajamʲeɡusa	AYAMEGUSA	oncoj	-	-
arakusa	aɾakusa	ARAKUSA	oncoj	-	-
uwegusa	uweɡusa	UWEGUSA	oncoj	-	-
natukusa	natukusa	NATUKUSA	oncoj	-	-
nikwogusa	nikwoɡusa	NIKWOGUSA	oncoj	-	-
nipikusa	nipikusa	NIPIKUSA	oncoj	-	-
nuyekusa	nujekusa	NUYEKUSA	oncoj	-	-
purukusa	puɾukusa	PURUKUSA	oncoj	-	-
momokusa	momokusa	MOMOKUSA	oncoj	-	-
momoyogusa	momojoɡusa	MOMOYOGUSA	oncoj	-	-
yatikusa	jatikusa	YATIKUSA	oncoj	-	-
wakakusa	wakakusa	WAKAKUSA	oncoj	-	-
katarapigusa	kataɾapiɡusa	KATARAPIGUSA	oncoj	-	-
tamukekusa	tamukekusa	TAMUKEKUSA	oncoj	-	-
pukusi	pukusi	PUKUSI	oncoj	-	-
kotonagusi	kotonaɡusi	KOTONAGUSI	oncoj	-	-
kusurigari	kusuɾiɡaɾi	KUSURIGARI	oncoj	-	-
wegusi	weɡusi	WEGUSI	oncoj	-	-
ukegutu	ukeɡutu	UKEGUTU	oncoj	-	-
uraba	uɾaba	URABA	oncoj	-	-
kasipa	kasipa	KASIPA	oncoj	-	-
papaswoba	papaswoba	PAPASWOBA	oncoj	-	-
papaswobano	papaswobano	PAPASWOBANO	oncoj	-	-
sasapa	sasapa	SASAPA	oncoj	-	-
sitaba	sitaba	SITABA	oncoj	-	-
takapa	takapa	TAKAPA	oncoj	-	-
itada	itada	ITADA	oncoj	-	-
mikuku	mikuku	MIKUKU	oncoj	-	-
aritigata	aɾitiɡata	ARITIGATA	oncoj	-	-
pusikwoye	pusikwoje	PUSIKWOYE	oncoj	-	-
opoya	opoja	OPOYA	oncoj	-	-
tagituya	taɡituja	TAGITUYA	oncoj	-	-
yakami	jakami	YAKAMI	oncoj	-	-
ipami	ipami	IPAMI	oncoj	-	-
idemi	idemi	IDEMI	oncoj	-	-
yosikigapa	josikiɡapa	YOSIKIGAPA	oncoj	-	-
toriyama	toɾijama	TORIYAMA	oncoj	-	-
yaturi	jatuɾi	YATURI	oncoj	-	-
izami	izami	ISAMI	oncoj	-	-
izakapa	izakapa	ISAKAPA	oncoj	-	-
izanipa	izanipa	ISANIPA	oncoj	-	-
tiba	tiba	TIBA	oncoj	-	-
tokopa	tokopa	TOKOPA	oncoj	-	-
momitipa	momitipa	MOMITIPA	oncoj	-	-
yaswoba	jaswoba	YASWOBA	oncoj	-	-
nipipada	nipipada	NIPIPADA	oncoj	-	-
akipagwi	akipaɡwi	AKIPAGWI	oncoj	-	-
karibaka	kaɾibaka	KARIBAKA	oncoj	-	-
kapobana	kapobana	KAPOBANA	oncoj	-	-
sakurapana	sakuɾapana	SAKURAPANA	oncoj	-	-
sayuribana	sajuɾibana	SAYURIBANA	oncoj	-	-
patupana	patupana	PATUPANA	oncoj	-	-
patupagwi	patupaɡwi	PATUPAGWI	oncoj	-	-
parupana	paɾupana	PARUPANA	oncoj	-	-
wobana	wobana	WOBANA	oncoj	-	-
unawipanari	unawipanaɾi	UNAWIPANARI	oncoj	-	-
sipani	sipani	SIPANI	oncoj	-	-
titipapa	titipapa	TITIPAPA	oncoj	-	-
ikedori	ikedoɾi	IKEDORI	oncoj	-	-
tamabapaki	tamabapaki	TAMABAPAKI	oncoj	-	-
asadipara	asadipaɾa	ASADIPARA	oncoj	-	-
asipara	asipaɾa	ASIPARA	oncoj	-	-
sinwopara	sinwopaɾa	SINWOPARA	oncoj	-	-
sinwosima	sinwosima	SINWOSIMA	oncoj	-	-
sinwosusuki	sinwosusuki	SINWOSUSUKI	oncoj	-	-
pimyesima	pimʲesima	PIMESIMA	oncoj	-	-
kamogapa	kamoɡapa	KAMOGAPA	oncoj	-	-
unapara	unapaɾa	UNAPARA	oncoj	-	-
matupara	matupaɾa	MATUPARA	oncoj	-	-
sugapara	suɡapaɾa	SUGAPARA	oncoj	-	-
piropasi	piɾopasi	PIROPASI	oncoj	-	-
punapasi	punapasi	PUNAPASI	oncoj	-	-
tugipasi	tuɡipasi	TUGIPASI	oncoj	-	-
manabasira	manabasiɾa	MANABASIRA	oncoj	-	-
miyabasira	mijabasiɾa	MIYABASIRA	oncoj	-	-
kanabata	kanabata	KANABATA	oncoj	-	-
situpata	situpata	SITUPATA	oncoj	-	-
tanabata	tanabata	TANABATA	oncoj	-	-
panabatisu	panabatisu	PANABATISU	oncoj	-	-
patupatu	patupatu	PATUPATU	oncoj	-	-
asipye	asipʲe	ASIPE	oncoj	-	-
umipye	umipʲe	UMIPE	oncoj	-	-
okipye	okipʲe	OKIPE	oncoj	-	-
kapapye	kapapʲe	KAPAPE	oncoj	-	-
kunipye	kunipʲe	KUNIPE	oncoj	-	-
motopye	motopʲe	MOTOPE	oncoj	-	-
pamapye	pamapʲe	PAMAPE	oncoj	-	-
siripye	siɾipʲe	SIRIPE	oncoj	-	-
sokipye	sokipʲe	SOKIPE	oncoj	-	-
sumyerabye	sumʲeɾabje	SUMERABYE	oncoj	-	-
suwepye	suwepʲe	SUWEPE	oncoj	-	-
tokobye	tokobje	TOKOBYE	oncoj	-	-
tokoyopye	tokojopʲe	TOKOYOPE	oncoj	-	-
yamapye	jamapʲe	YAMAPE	oncoj	-	-
yupupye	jupupʲe	YUPUPE	oncoj	-	-
nanapye	nanapʲe	NANAPE	oncoj	-	-
pitopye	pitopʲe	PITOPE	oncoj	-	-
putapye	putapʲe	PUTAPE	oncoj	-	-
tipye	tipʲe	TIPE	oncoj	-	-
yapye	japʲe	YAPE	oncoj	-	-
ipapibe	ipapibe	IPAPIBE	oncoj	-	-
asapi	asapi	ASAPI	oncoj	-	-
iripi	iɾipi	IRIPI	oncoj	-	-
parupi	paɾupi	PARUPI	oncoj	-	-
pitopi	pitopi	PITOPI	oncoj	-	-
yupupi	jupupi	YUPUPI	oncoj	-	-
usurabi	usuɾabi	USURABI	oncoj	-	-
tiripidi	tiɾipidi	TIRIPIDI	oncoj	-	-
sirapige	siɾapiɡe	SIRAPIGE	oncoj	-	-
yamabikwo	jamabikwo	YAMABIKWO	oncoj	-	-
pikwoye	pikwoje	PIKWOYE	oncoj	-	-
otopimye	otopimʲe	OTOPIME	oncoj	-	-
sitapimo	sitapimo	SITAPIMO	oncoj	-	-
takupire	takupiɾe	TAKUPIRE	oncoj	-	-
pabiro	pabiɾo	PABIRO	oncoj	-	-
nwobiru	nwobiɾu	NWOBIRU	oncoj	-	-
ikupisasa	ikupisasa	IKUPISASA	oncoj	-	-
amepito	amepito	AMEPITO	oncoj	-	-
ipyebito	ipʲebito	IPEBITO	oncoj	-	-
umapito	umapito	UMAPITO	oncoj	-	-
opomiyapito	opomijapito	OPOMIYAPITO	oncoj	-	-
kipe	kipe	KIPE	oncoj	-	-
sakaribito	sakaɾibito	SAKARIBITO	oncoj	-	-
satwobito	satwobito	SATWOBITO	oncoj	-	-
sumapito	sumapito	SUMAPITO	oncoj	-	-
tipayapito	tipajapito	TIPAYAPITO	oncoj	-	-
tipaya	tipaja	TIPAYA	oncoj	-	-
kotona	kotona	KOTONA	oncoj	-	-
tunepito	tunepito	TUNEPITO	oncoj	-	-
nagapito	naɡapito	NAGAPITO	oncoj	-	-
narapito	naɾapito	NARAPITO	oncoj	-	-
punabito	punabito	PUNABITO	oncoj	-	-
marapito	maɾapito	MARAPITO	oncoj	-	-
mwinapito	mwinapito	MWINAPITO	oncoj	-	-
miyapito	mijapito	MIYAPITO	oncoj	-	-
miyakwokatapito	mijakwokatapito	MIYAKWOKATAPITO	oncoj	-	-
moropito	moɾopito	MOROPITO	oncoj	-	-
yamabito	jamabito	YAMABITO	oncoj	-	-
mapwi	mapwi	MAPWI	oncoj	-	-
kokorobiki	kokoɾobiki	KOKOROBIKI	oncoj	-	-
adisukitakapikwone	adisukitakapikwone	ADISUKITAKAPIKWONE	oncoj	-	-
tabwi	tabwi	TABWI	oncoj	-	-
pamabwi	pamabwi	PAMABWI	oncoj	-	-
sitabwi	sitabwi	SITABWI	oncoj	-	-
midupo	midupo	MIDUPO	oncoj	-	-
ipapo	ipapo	IPAPO	oncoj	-	-
patapoko	patapoko	PATAPOKO	oncoj	-	-
tamapoko	tamapoko	TAMAPOKO	oncoj	-	-
yapoko	japoko	YAPOKO	oncoj	-	-
akaposi	akaposi	AKAPOSI	oncoj	-	-
akaposino	akaposino	AKAPOSINO	oncoj	-	-
pikwoposi	pikwoposi	PIKWOPOSI	oncoj	-	-
pikwo	pikwo	PIKWO	oncoj	-	-
pipaboso	pipaboso	PIPABOSO	oncoj	-	-
motopototogisu	motopototoɡisu	MOTOPOTOTOGISU	oncoj	-	-
yapu	japu	YAPU	oncoj	-	-
apapu	apapu	APAPU	oncoj	-	-
sonopu	sonopu	SONOPU	oncoj	-	-
panipu	panipu	PANIPU	oncoj	-	-
mugurapu	muɡuɾapu	MUGURAPU	oncoj	-	-
yamabuki	jamabuki	YAMABUKI	oncoj	-	-
paribukurwo	paɾibukuɾwo	PARIBUKURWO	oncoj	-	-
suribukurwo	suɾibukuɾwo	SURIBUKURWO	oncoj	-	-
amabune	amabune	AMABUNE	oncoj	-	-
opopune	opopune	OPOPUNE	oncoj	-	-
sipopune	sipopune	SIPOPUNE	oncoj	-	-
suzupune	suzupune	SUSUPUNE	oncoj	-	-
pitoma	pitoma	PITOMA	oncoj	-	-
turipune	tuɾipune	TURIPUNE	oncoj	-	-
momopune	momopune	MOMOPUNE	oncoj	-	-
ywopune	jwopune	YWOPUNE	oncoj	-	-
wobune	wobune	WOBUNE	oncoj	-	-
kwobusuma	kwobusuma	KWOBUSUMA	oncoj	-	-
takubusuma	takubusuma	TAKUBUSUMA	oncoj	-	-
madarabusuma	madaɾabusuma	MADARABUSUMA	oncoj	-	-
musibusuma	musibusuma	MUSIBUSUMA	oncoj	-	-
kataputi	kataputi	KATAPUTI	oncoj	-	-
yasaka	jasaka	YASAKA	oncoj	-	-
umasake	umasake	UMASAKE	oncoj	-	-
masaki	masaki	MASAKI	oncoj	-	-
nipisakimori	nipisakimoɾi	NIPISAKIMORI	oncoj	-	-
sakimori	sakimoɾi	SAKIMORI	oncoj	-	-
yamasakura	jamasakuɾa	YAMASAKURA	oncoj	-	-
kakusama	kakusama	KAKUSAMA	oncoj	-	-
yamasapa	jamasapa	YAMASAPA	oncoj	-	-
asate	asate	ASATE	oncoj	-	-
sarasara	saɾasaɾa	SARASARA	oncoj	-	-
kapase	kapase	KAPASE	oncoj	-	-
nanase	nanase	NANASE	oncoj	-	-
sipose	sipose	SIPOSE	oncoj	-	-
watarize	wataɾize	WATARISE	oncoj	-	-
irose	iɾose	IROSE	oncoj	-	-
nase	nase	NASE	oncoj	-	-
momosikwi	momosikwi	MOMOSIKWI	oncoj	-	-
kwosiba	kwosiba	KWOSIBA	oncoj	-	-
masibani	masibani	MASIBANI	oncoj	-	-
sibasiba	sibasiba	SIBASIBA	oncoj	-	-
wosika	wosika	WOSIKA	oncoj	-	-
akidusima	akidusima	AKIDUSIMA	oncoj	-	-
yasima	jasima	YASIMA	oncoj	-	-
yaswosima	jaswosima	YASWOSIMA	oncoj	-	-
yamatosima	jamatosima	YAMATOSIMA	oncoj	-	-
asasimo	asasimo	ASASIMO	oncoj	-	-
tuyusimo	tujusimo	TUYUSIMO	oncoj	-	-
udusipo	udusipo	UDUSIPO	oncoj	-	-
urasipo	uɾasipo	URASIPO	oncoj	-	-
yupusipo	jupusipo	YUPUSIPO	oncoj	-	-
yasipo	jasipo	YASIPO	oncoj	-	-
apabisiratama	apabisiɾatama	APABISIRATAMA	oncoj	-	-
miyadesiriburi	mijadesiɾibuɾi	MIYADESIRIBURI	oncoj	-	-
nezirwo	neziɾwo	NESIRWO	oncoj	-	-
miyade	mijade	MIYADE	oncoj	-	-
masirwo	masiɾwo	MASIRWO	oncoj	-	-
napasiro	napasiɾo	NAPASIRO	oncoj	-	-
yasiro	jasiɾo	YASIRO	oncoj	-	-
kamasisi	kamasisi	KAMASISI	oncoj	-	-
yamisisi	jamisisi	YAMISISI	oncoj	-	-
yamasita	jamasita	YAMASITA	oncoj	-	-
masitoto	masitoto	MASITOTO	oncoj	-	-
sitoto	sitoto	SITOTO	oncoj	-	-
natuswo	natuswo	NATUSWO	oncoj	-	-
maswode	maswode	MASWODE	oncoj	-	-
opisoya	opisoja	OPISOYA	oncoj	-	-
tatisoba	tatisoba	TATISOBA	oncoj	-	-
masopo	masopo	MASOPO	oncoj	-	-
urasu	uɾasu	URASU	oncoj	-	-
pamasu	pamasu	PAMASU	oncoj	-	-
kurusu	kuɾusu	KURUSU	oncoj	-	-
wonwo	wonwo	WONWO	oncoj	-	-
kwosuge	kwosuɡe	KWOSUGE	oncoj	-	-
yamasuge	jamasuɡe	YAMASUGE	oncoj	-	-
kamusugwi	kamusuɡwi	KAMUSUGWI	oncoj	-	-
kanasuki	kanasuki	KANASUKI	oncoj	-	-
tasuki	tasuki	TASUKI	oncoj	-	-
mosuswo	mosuswo	MOSUSWO	oncoj	-	-
patasusuki	patasusuki	PATASUSUKI	oncoj	-	-
panasusuki	panasusuki	PANASUSUKI	oncoj	-	-
nipasuzume	nipasuzume	NIPASUSUME	oncoj	-	-
yamata	jamata	YAMATA	oncoj	-	-
yorodutabi	joɾodutabi	YORODUTABI	oncoj	-	-
sirwotadamuki	siɾwotadamuki	SIRWOTADAMUKI	oncoj	-	-
asitadu	asitadu	ASITADU	oncoj	-	-
yamatadu	jamatadu	YAMATADU	oncoj	-	-
nipatadumi	nipatadumi	NIPATADUMI	oncoj	-	-
nezirwotakagaya	neziɾwotakaɡaja	NESIRWOTAKAGAYA	oncoj	-	-
masuratakyewo	masuɾatakʲewo	MASURATAKEWO	oncoj	-	-
ikumidake	ikumidake	IKUMIDAKE	oncoj	-	-
uwedake	uwedake	UWEDAKE	oncoj	-	-
tasimidake	tasimidake	TASIMIDAKE	oncoj	-	-
yodake	jodake	YODAKE	oncoj	-	-
akadama	akadama	AKADAMA	oncoj	-	-
takadama	takadama	TAKADAMA	oncoj	-	-
anatama	anatama	ANATAMA	oncoj	-	-
apabitama	apabitama	APABITAMA	oncoj	-	-
karatama	kaɾatama	KARATAMA	oncoj	-	-
siratama	siɾatama	SIRATAMA	oncoj	-	-
matama	matama	MATAMA	oncoj	-	-
muratama	muɾatama	MURATAMA	oncoj	-	-
midutamauki	midutamauki	MIDUTAMAUKI	oncoj	-	-
punadana	punadana	PUNADANA	oncoj	-	-
kuratani	kuɾatani	KURATANI	oncoj	-	-
aratape	aɾatape	ARATAPE	oncoj	-	-
sikitape	sikitape	SIKITAPE	oncoj	-	-
sirwotape	siɾwotape	SIRWOTAPE	oncoj	-	-
nikitape	nikitape	NIKITAPE	oncoj	-	-
sugatatami	suɡatatami	SUGATATAMI	oncoj	-	-
wodate	wodate	WODATE	oncoj	-	-
turugitati	tuɾuɡitati	TURUGITATI	oncoj	-	-
yakitati	jakitati	YAKITATI	oncoj	-	-
akaratatibana	akaɾatatibana	AKARATATIBANA	oncoj	-	-
panatatibana	panatatibana	PANATATIBANA	oncoj	-	-
yamatatibana	jamatatibana	YAMATATIBANA	oncoj	-	-
itate	itate	ITATE	oncoj	-	-
kapyerute	kapʲeɾute	KAPERUTE	oncoj	-	-
koromode	koɾomode	KOROMODE	oncoj	-	-
sakwide	sakwide	SAKWIDE	oncoj	-	-
tamade	tamade	TAMADE	oncoj	-	-
matamate	matamate	MATAMATE	oncoj	-	-
pitateri	pitateɾi	PITATERI	oncoj	-	-
asadi	asadi	ASADI	oncoj	-	-
wodi	wodi	WODI	oncoj	-	-
titi	titi	TITI	oncoj	-	-
yamadisa	jamadisa	YAMADISA	oncoj	-	-
asatwo	asatwo	ASATWO	oncoj	-	-
itatwo	itatwo	ITATWO	oncoj	-	-
kanatwo	kanatwo	KANATWO	oncoj	-	-
kapatwo	kapatwo	KAPATWO	oncoj	-	-
setwo	setwo	SETWO	oncoj	-	-
tonotwo	tonotwo	TONOTWO	oncoj	-	-
tatidwo	tatidwo	TATIDWO	oncoj	-	-
nedwo	nedwo	NEDWO	oncoj	-	-
yuputwo	juputwo	YUPUTWO	oncoj	-	-
amotwozi	amotwozi	AMOTWOSI	oncoj	-	-
papatwozi	papatwozi	PAPATWOSI	oncoj	-	-
akatoki	akatoki	AKATOKI	oncoj	-	-
kapataredoki	kapataɾedoki	KAPATAREDOKI	oncoj	-	-
tokitoki	tokitoki	TOKITOKI	oncoj	-	-
saywodoko	sajwodoko	SAYWODOKO	oncoj	-	-
ywotoko	jwotoko	YWOTOKO	oncoj	-	-
atwodokoro	atwodokoɾo	ATWODOKORO	oncoj	-	-
punadomo	punadomo	PUNADOMO	oncoj	-	-
kwodomo	kwodomo	KWODOMO	oncoj	-	-
yaswotomonowo	jaswotomonowo	YASWOTOMONOWO	oncoj	-	-
opowosodori	opowosodoɾi	OPOWOSODORI	oncoj	-	-
kapotori	kapotoɾi	KAPOTORI	oncoj	-	-
sirwotori	siɾwotoɾi	SIRWOTORI	oncoj	-	-
tidori	tidoɾi	TIDORI	oncoj	-	-
nadori	nadoɾi	NADORI	oncoj	-	-
nipodori	nipodoɾi	NIPODORI	oncoj	-	-
nipo	nipo	NIPO	oncoj	-	-
nipodorino	nipodoɾino	NIPODORINO	oncoj	-	-
mipodori	mipodoɾi	MIPODORI	oncoj	-	-
mipodorino	mipodoɾino	MIPODORINO	oncoj	-	-
kazapayano	kazapajano	KASAPAYANO	oncoj	-	-
kazapaya	kazapaja	KASAPAYA	oncoj	-	-
sudori	sudoɾi	SUDORI	oncoj	-	-
piketori	piketoɾi	PIKETORI	oncoj	-	-
midutori	midutoɾi	MIDUTORI	oncoj	-	-
miyakwodori	mijakwodoɾi	MIYAKWODORI	oncoj	-	-
muratori	muɾatoɾi	MURATORI	oncoj	-	-
myedori	mʲedoɾi	MEDORI	oncoj	-	-
motidori	motidoɾi	MOTIDORI	oncoj	-	-
momotori	momotoɾi	MOMOTORI	oncoj	-	-
yasakadori	jasakadoɾi	YASAKADORI	oncoj	-	-
wakakusano	wakakusano	WAKAKUSANO	oncoj	-	-
yamadori	jamadoɾi	YAMADORI	oncoj	-	-
wadori	wadoɾi	WADORI	oncoj	-	-
wosidori	wosidoɾi	WOSIDORI	oncoj	-	-
kotosi	kotosi	KOTOSI	oncoj	-	-
kapatu	kapatu	KAPATU	oncoj	-	-
komoridu	komoɾidu	KOMORIDU	oncoj	-	-
yamatubaki	jamatubaki	YAMATUBAKI	oncoj	-	-
yutumatubaki	jutumatubaki	YUTUMATUBAKI	oncoj	-	-
pamatudura	pamatuduɾa	PAMATUDURA	oncoj	-	-
tugitugi	tuɡituɡi	TUGITUGI	oncoj	-	-
tatuka	tatuka	TATUKA	oncoj	-	-
nwodukasa	nwodukasa	NWODUKASA	oncoj	-	-
sakaduki	sakaduki	SAKADUKI	oncoj	-	-
satukwi	satukwi	SATUKWI	oncoj	-	-
mutukwi	mutukwi	MUTUKWI	oncoj	-	-
yuputukuywo	juputukujwo	YUPUTUKUYWO	oncoj	-	-
okuduma	okuduma	OKUDUMA	oncoj	-	-
onotuma	onotuma	ONOTUMA	oncoj	-	-
omopiduma	omopiduma	OMOPIDUMA	oncoj	-	-
kokorotuma	kokoɾotuma	KOKOROTUMA	oncoj	-	-
komoriduma	komoɾiduma	KOMORIDUMA	oncoj	-	-
pasiduma	pasiduma	PASIDUMA	oncoj	-	-
panaduma	panaduma	PANADUMA	oncoj	-	-
pitoduma	pitoduma	PITODUMA	oncoj	-	-
yosorituma	josoɾituma	YOSORITUMA	oncoj	-	-
yosetuna	josetuna	YOSETUNA	oncoj	-	-
ametuti	ametuti	AMETUTI	oncoj	-	-
ipyedutwo	ipʲedutwo	IPEDUTWO	oncoj	-	-
yamatutwo	jamatutwo	YAMATUTWO	oncoj	-	-
mami	mami	MAMI	oncoj	-	-
pamatutwo	pamatutwo	PAMATUTWO	oncoj	-	-
tatukaduwe	tatukaduwe	TATUKADUWE	oncoj	-	-
asatuyu	asatuju	ASATUYU	oncoj	-	-
siratuyu	siɾatuju	SIRATUYU	oncoj	-	-
potopoto	potopoto	POTOPOTO	oncoj	-	-
koworokoworo	kowoɾokowoɾo	KOWOROKOWORO	oncoj	-	-
uraura	uɾauɾa	URAURA	oncoj	-	-
sawasawa	sawasawa	SAWASAWA	oncoj	-	-
sawesawe	sawesawe	SAWESAWE	oncoj	-	-
sawisawi	sawisawi	SAWISAWI	oncoj	-	-
sayasaya	sajasaja	SAYASAYA	oncoj	-	-
sukusuku	sukusuku	SUKUSUKU	oncoj	-	-
tawatawa	tawatawa	TAWATAWA	oncoj	-	-
todo	todo	TODO	oncoj	-	-
tapito	tapito	TAPITO	oncoj	-	-
yuduru	juduɾu	YUDURU	oncoj	-	-
yutuka	jutuka	YUTUKA	oncoj	-	-
asade	asade	ASADE	oncoj	-	-
usirode	usiɾode	USIRODE	oncoj	-	-
omote	omote	OMOTE	oncoj	-	-
nagate	naɡate	NAGATE	oncoj	-	-
patate	patate	PATATE	oncoj	-	-
wataride	wataɾide	WATARIDE	oncoj	-	-
wide	wide	WIDE	oncoj	-	-
mikadwo	mikadwo	MIKADWO	oncoj	-	-
miki	miki	MIKI	oncoj	-	-
mike	mike	MIKE	oncoj	-	-
mige	miɡe	MIGE	oncoj	-	-
mikoto	mikoto	MIKOTO	oncoj	-	-
yatipoko	jatipoko	YATIPOKO	oncoj	-	-
misaki	misaki	MISAKI	oncoj	-	-
mitama	mitama	MITAMA	oncoj	-	-
mitukwi	mitukwi	MITUKWI	oncoj	-	-
aa	aa	AA	oncoj	-	-
siyawo	sijawo	SIYAWO	oncoj	-	-
aba	aba	ABA	oncoj	-	-
abaya	abaja	ABAYA	oncoj	-	-
abe	abe	ABE	oncoj	-	-
unebwi	unebwi	UNEBWI	oncoj	-	-
abiki	abiki	ABIKI	oncoj	-	-
abumi	abumi	ABUMI	oncoj	-	-
abura	abuɾa	ABURA	oncoj	-	-
ada	ada	ADA	oncoj	-	-
adatara	adataɾa	ADATARA	oncoj	-	-
adikage	adikaɡe	ADIKAGE	oncoj	-	-
adima	adima	ADIMA	oncoj	-	-
adimasa	adimasa	ADIMASA	oncoj	-	-
adimura	adimuɾa	ADIMURA	oncoj	-	-
adipu	adipu	ADIPU	oncoj	-	-
adisawi	adisawi	ADISAWI	oncoj	-	-
aduki	aduki	ADUKI	oncoj	-	-
aduma	aduma	ADUMA	oncoj	-	-
adusa	adusa	ADUSA	oncoj	-	-
adusayumi	adusajumi	ADUSAYUMI	oncoj	-	-
saketu	saketu	SAKETU	oncoj	-	-
onogoro	onoɡoɾo	ONOGORO	oncoj	-	-
saketusima	saketusima	SAKETUSIMA	oncoj	-	-
adimasanosima	adimasanosima	ADIMASANOSIMA	oncoj	-	-
siratukwiyama	siɾatukwijama	SIRATUKWIYAMA	oncoj	-	-
siratukwi	siɾatukwi	SIRATUKWI	oncoj	-	-
adwo	adwo	ADWO	oncoj	-	-
aga	aɡa	AGA	oncoj	-	-
agwone	aɡwone	AGWONE	oncoj	-	-
agwo	aɡwo	AGWO	oncoj	-	-
akwo	akwo	AKWO	oncoj	-	-
akamiyama	akamijama	AKAMIYAMA	oncoj	-	-
akane	akane	AKANE	oncoj	-	-
akidu	akidu	AKIDU	oncoj	-	-
akidupa	akidupa	AKIDUPA	oncoj	-	-
akina	akina	AKINA	oncoj	-	-
akisa	akisa	AKISA	oncoj	-	-
akizikori	akizikoɾi	AKISIKORI	oncoj	-	-
akuta	akuta	AKUTA	oncoj	-	-
akwi	akwi	AKWI	oncoj	-	-
ametutu	ametutu	AMETUTU	oncoj	-	-
amu	amu	AMU	oncoj	-	-
ana	ana	ANA	oncoj	-	-
anase	anase	ANASE	oncoj	-	-
anasi	anasi	ANASI	oncoj	-	-
anwo	anwo	ANWO	oncoj	-	-
apabi	apabi	APABI	oncoj	-	-
apadi	apadi	APADI	oncoj	-	-
apare	apaɾe	APARE	oncoj	-	-
apasima	apasima	APASIMA	oncoj	-	-
apida	apida	APIDA	oncoj	-	-
apine	apine	APINE	oncoj	-	-
apo	apo	APO	oncoj	-	-
apumi	apumi	APUMI	oncoj	-	-
apumiagata	apumiaɡata	APUMIAGATA	oncoj	-	-
apupi	apupi	APUPI	oncoj	-	-
apusaka	apusaka	APUSAKA	oncoj	-	-
apidune	apidune	APIDUNE	oncoj	-	-
aputi	aputi	APUTI	oncoj	-	-
tukapi	tukapi	TUKAPI	oncoj	-	-
araka	aɾaka	ARAKA	oncoj	-	-
opoarakwinwo	opoaɾakwinwo	OPOARAKWINWO	oncoj	-	-
opoarakwi	opoaɾakwi	OPOARAKWI	oncoj	-	-
arakwi	aɾakwi	ARAKWI	oncoj	-	-
arara	aɾaɾa	ARARA	oncoj	-	-
arare	aɾaɾe	ARARE	oncoj	-	-
tedukuri	tedukuɾi	TEDUKURI	oncoj	-	-
arimayama	aɾimajama	ARIMAYAMA	oncoj	-	-
arima	aɾima	ARIMA	oncoj	-	-
arine	aɾine	ARINE	oncoj	-	-
ariswo	aɾiswo	ARISWO	oncoj	-	-
arumi	aɾumi	ARUMI	oncoj	-	-
arwozi	aɾwozi	ARWOSI	oncoj	-	-
asaka	asaka	ASAKA	oncoj	-	-
asakanoura	asakanouɾa	ASAKANOURA	oncoj	-	-
asake	asake	ASAKE	oncoj	-	-
yupuna	jupuna	YUPUNA	oncoj	-	-
asana	asana	ASANA	oncoj	-	-
asanaasana	asanaasana	ASANAASANA	oncoj	-	-
asara	asaɾa	ASARA	oncoj	-	-
asibi	asibi	ASIBI	oncoj	-	-
asigara	asiɡaɾa	ASIGARA	oncoj	-	-
asigari	asiɡaɾi	ASIGARI	oncoj	-	-
asikara	asikaɾa	ASIKARA	oncoj	-	-
asikwi	asikwi	ASIKWI	oncoj	-	-
asipikwi	asipikwi	ASIPIKWI	oncoj	-	-
asipo	asipo	ASIPO	oncoj	-	-
asita	asita	ASITA	oncoj	-	-
asiya	asija	ASIYA	oncoj	-	-
asu	asu	ASU	oncoj	-	-
asuka	asuka	ASUKA	oncoj	-	-
asupa	asupa	ASUPA	oncoj	-	-
aswo	aswo	ASWO	oncoj	-	-
ata	ata	ATA	oncoj	-	-
atakamo	atakamo	ATAKAMO	oncoj	-	-
atane	atane	ATANE	oncoj	-	-
atasi	atasi	ATASI	oncoj	-	-
atikawosi	atikawosi	ATIKAWOSI	oncoj	-	-
ato	ato	ATO	oncoj	-	-
atori	atoɾi	ATORI	oncoj	-	-
keri	keɾi	KERI	oncoj	-	-
atumono	atumono	ATUMONO	oncoj	-	-
atwo	atwo	ATWO	oncoj	-	-
awi	awi	AWI	oncoj	-	-
aya	aja	AYA	oncoj	-	-
ayamye	ajamʲe	AYAME	oncoj	-	-
ayapa	ajapa	AYAPA	oncoj	-	-
ayu	aju	AYU	oncoj	-	-
ayupi	ajupi	AYUPI	oncoj	-	-
ayuti	ajuti	AYUTI	oncoj	-	-
aywopi	ajwopi	AYWOPI	oncoj	-	-
aza	aza	ASA	oncoj	-	-
azasa	azasa	ASASA	oncoj	-	-
aze	aze	ASE	oncoj	-	-
azekagata	azekaɡata	ASEKAGATA	oncoj	-	-
azikuma	azikuma	ASIKUMA	oncoj	-	-
aziro	aziɾo	ASIRO	oncoj	-	-
azirwokwi	aziɾwokwi	ASIRWOKWI	oncoj	-	-
azu	azu	ASU	oncoj	-	-
paka	paka	PAKA	oncoj	-	-
panari	panaɾi	PANARI	oncoj	-	-
bane	bane	BANE	oncoj	-	-
papaki	papaki	PAPAKI	oncoj	-	-
baramon	baɾamon	BARAMON	oncoj	-	-
patisu	patisu	PATISU	oncoj	-	-
wobatuse	wobatuse	WOBATUSE	oncoj	-	-
maywobiki	majwobiki	MAYWOBIKI	oncoj	-	-
asabiraki	asabiɾaki	ASABIRAKI	oncoj	-	-
piru	piɾu	PIRU	oncoj	-	-
bisibisi	bisibisi	BISIBISI	oncoj	-	-
payabusa	pajabusa	PAYABUSA	oncoj	-	-
payabusawake	pajabusawake	PAYABUSAWAKE	oncoj	-	-
purukuma	puɾukuma	PURUKUMA	oncoj	-	-
kusabusi	kusabusi	KUSABUSI	oncoj	-	-
omotakabuta	omotakabuta	OMOTAKABUTA	oncoj	-	-
bwi	bwi	BWI	oncoj	-	-
bye	bje	BYE	oncoj	-	-
damwi	damwi	DAMWI	oncoj	-	-
daniwoti	daniwoti	DANIWOTI	oncoj	-	-
podari	podaɾi	PODARI	oncoj	-	-
karatomari	kaɾatomaɾi	KARATOMARI	oncoj	-	-
dwoti	dwoti	DWOTI	oncoj	-	-
tedukara	tedukaɾa	TEDUKARA	oncoj	-	-
asituki	asituki	ASITUKI	oncoj	-	-
wakidukwi	wakidukwi	WAKIDUKWI	oncoj	-	-
wodume	wodume	WODUME	oncoj	-	-
podumi	podumi	PODUMI	oncoj	-	-
takudunwo	takudunwo	TAKUDUNWO	oncoj	-	-
medurakwo	meduɾakwo	MEDURAKWO	oncoj	-	-
turu	tuɾu	TURU	oncoj	-	-
kokorodwo	kokoɾodwo	KOKORODWO	oncoj	-	-
ee	ee	EE	oncoj	-	-
emisi	emisi	EMISI	oncoj	-	-
enatu	enatu	ENATU	oncoj	-	-
etukwi	etukwi	ETUKWI	oncoj	-	-
gakwi	ɡakwi	GAKWI	oncoj	-	-
taniguku	taniɡuku	TANIGUKU	oncoj	-	-
kuri	kuɾi	KURI	oncoj	-	-
opokurwo	opokuɾwo	OPOKURWO	oncoj	-	-
gwi	ɡwi	GWI	oncoj	-	-
idumi	idumi	IDUMI	oncoj	-	-
idumwo	idumwo	IDUMWO	oncoj	-	-
ikada	ikada	IKADA	oncoj	-	-
ikaduti	ikaduti	IKADUTI	oncoj	-	-
ikagwo	ikaɡwo	IKAGWO	oncoj	-	-
ikagwoyama	ikaɡwojama	IKAGWOYAMA	oncoj	-	-
ikaki	ikaki	IKAKI	oncoj	-	-
ikapo	ikapo	IKAPO	oncoj	-	-
ikaruga	ikaɾuɡa	IKARUGA	oncoj	-	-
ikatuti	ikatuti	IKATUTI	oncoj	-	-
ikidoporosi	ikidopoɾosi	IKIDOPOROSI	oncoj	-	-
ikudi	ikudi	IKUDI	oncoj	-	-
ikuri	ikuɾi	IKURI	oncoj	-	-
ikusa	ikusa	IKUSA	oncoj	-	-
ikwoma	ikwoma	IKWOMA	oncoj	-	-
imakwi	imakwi	IMAKWI	oncoj	-	-
ime	ime	IME	oncoj	-	-
imose	imose	IMOSE	oncoj	-	-
inadaki	inadaki	INADAKI	oncoj	-	-
inami	inami	INAMI	oncoj	-	-
inamituma	inamituma	INAMITUMA	oncoj	-	-
inamusiro	inamusiɾo	INAMUSIRO	oncoj	-	-
inanome	inanome	INANOME	oncoj	-	-
inara	inaɾa	INARA	oncoj	-	-
amitor	amitoɾ	AMITOR	oncoj	-	-
udipito	udipito	UDIPITO	oncoj	-	-
inasa	inasa	INASA	oncoj	-	-
inausiro	inausiɾo	INAUSIRO	oncoj	-	-
inisipye	inisipʲe	INISIPE	oncoj	-	-
inoti	inoti	INOTI	oncoj	-	-
inu	inu	INU	oncoj	-	-
inukami	inukami	INUKAMI	oncoj	-	-
ipakuni	ipakuni	IPAKUNI	oncoj	-	-
ipape	ipape	IPAPE	oncoj	-	-
ipare	ipaɾe	IPARE	oncoj	-	-
ipasiro	ipasiɾo	IPASIRO	oncoj	-	-
ipawi	ipawi	IPAWI	oncoj	-	-
ipawitura	ipawituɾa	IPAWITURA	oncoj	-	-
ipo	ipo	IPO	oncoj	-	-
iragwo	iɾaɡwo	IRAGWO	oncoj	-	-
iraka	iɾaka	IRAKA	oncoj	-	-
irima	iɾima	IRIMA	oncoj	-	-
irinwo	iɾinwo	IRINWO	oncoj	-	-
kirikami	kiɾikami	KIRIKAMI	oncoj	-	-
iriye	iɾije	IRIYE	oncoj	-	-
isa	isa	ISA	oncoj	-	-
isagwo	isaɡwo	ISAGWO	oncoj	-	-
isana	isana	ISANA	oncoj	-	-
isasa	isasa	ISASA	oncoj	-	-
isasaka	isasaka	ISASAKA	oncoj	-	-
isaya	isaja	ISAYA	oncoj	-	-
ise	ise	ISE	oncoj	-	-
isi	isi	ISI	oncoj	-	-
isitapuya	isitapuja	ISITAPUYA	oncoj	-	-
isukupasi	isukupasi	ISUKUPASI	oncoj	-	-
iswonokami	iswonokami	ISWONOKAMI	oncoj	-	-
inamikunipara	inamikunipaɾa	INAMIKUNIPARA	oncoj	-	-
inaminwo	inaminwo	INAMINWO	oncoj	-	-
ipakuniyama	ipakunijama	IPAKUNIYAMA	oncoj	-	-
ipyenosima	ipʲenosima	IPENOSIMA	oncoj	-	-
iti	iti	ITI	oncoj	-	-
itidisima	itidisima	ITIDISIMA	oncoj	-	-
itipi	itipi	ITIPI	oncoj	-	-
itisaka	itisaka	ITISAKA	oncoj	-	-
itisi	itisi	ITISI	oncoj	-	-
itoka	itoka	ITOKA	oncoj	-	-
itoma	itoma	ITOMA	oncoj	-	-
itonokite	itonokite	ITONOKITE	oncoj	-	-
kamokamo	kamokamo	KAMOKAMO	oncoj	-	-
itumo	itumo	ITUMO	oncoj	-	-
itusiba	itusiba	ITUSIBA	oncoj	-	-
itwoma	itwoma	ITWOMA	oncoj	-	-
iyazeru	ijazeɾu	IYASERU	oncoj	-	-
iyo	ijo	IYO	oncoj	-	-
iza	iza	ISA	oncoj	-	-
izaripwi	izaɾipwi	ISARIPWI	oncoj	-	-
kabane	kabane	KABANE	oncoj	-	-
kabe	kabe	KABE	oncoj	-	-
kabu	kabu	KABU	oncoj	-	-
kabura	kabuɾa	KABURA	oncoj	-	-
kada	kada	KADA	oncoj	-	-
kadi	kadi	KADI	oncoj	-	-
kadu	kadu	KADU	oncoj	-	-
imenowada	imenowada	IMENOWADA	oncoj	-	-
kaditori	kaditoɾi	KADITORI	oncoj	-	-
imosenoyama	imosenojama	IMOSENOYAMA	oncoj	-	-
imoyama	imojama	IMOYAMA	oncoj	-	-
imonoyama	imonojama	IMONOYAMA	oncoj	-	-
imo	imo	IMO	oncoj	-	-
udikapa	udikapa	UDIKAPA	oncoj	-	-
udimayama	udimajama	UDIMAYAMA	oncoj	-	-
unebwinoyama	unebwinojama	UNEBWINOYAMA	oncoj	-	-
unebwiyama	unebwijama	UNEBWIYAMA	oncoj	-	-
oposima	oposima	OPOSIMA	oncoj	-	-
opotomo	opotomo	OPOTOMO	oncoj	-	-
opotomonomitu	opotomonomitu	OPOTOMONOMITU	oncoj	-	-
oponwo	oponwo	OPONWO	oncoj	-	-
kagami	kaɡami	KAGAMI	oncoj	-	-
kagaminoyama	kaɡaminojama	KAGAMINOYAMA	oncoj	-	-
kagamiyama	kaɡamijama	KAGAMIYAMA	oncoj	-	-
kasanupinosima	kasanupinosima	KASANUPINOSIMA	oncoj	-	-
kasa	kasa	KASA	oncoj	-	-
kadurakwi	kaduɾakwi	KADURAKWI	oncoj	-	-
kadurakwiyama	kaduɾakwijama	KADURAKWIYAMA	oncoj	-	-
kasipara	kasipaɾa	KASIPARA	oncoj	-	-
kasuganwo	kasuɡanwo	KASUGANWO	oncoj	-	-
kasugayama	kasuɡajama	KASUGAYAMA	oncoj	-	-
kasuganoyama	kasuɡanojama	KASUGANOYAMA	oncoj	-	-
kamoyama	kamojama	KAMOYAMA	oncoj	-	-
kadwo	kadwo	KADWO	oncoj	-	-
kwinoyama	kwinojama	KWINOYAMA	oncoj	-	-
oponwoyama	oponwojama	OPONWOYAMA	oncoj	-	-
opokwinoyama	opokwinojama	OPOKWINOYAMA	oncoj	-	-
kisanowogapa	kisanowoɡapa	KISANOWOGAPA	oncoj	-	-
kisayama	kisajama	KISAYAMA	oncoj	-	-
kisanonakayama	kisanonakajama	KISANONAKAYAMA	oncoj	-	-
kwisimigatake	kwisimiɡatake	KWISIMIGATAKE	oncoj	-	-
kiywomiparanomiya	kijwomipaɾanomija	KIYWOMIPARANOMIYA	oncoj	-	-
kiywominomiya	kijwominomija	KIYWOMINOMIYA	oncoj	-	-
kiywominosaki	kijwominosaki	KIYWOMINOSAKI	oncoj	-	-
kiywominokapa	kijwominokapa	KIYWOMINOKAPA	oncoj	-	-
kusakaye	kusakaje	KUSAKAYE	oncoj	-	-
kusakanoyama	kusakanojama	KUSAKANOYAMA	oncoj	-	-
kudaranwo	kudaɾanwo	KUDARANWO	oncoj	-	-
kudaranopara	kudaɾanopaɾa	KUDARANOPARA	oncoj	-	-
kurapasiyama	kuɾapasijama	KURAPASIYAMA	oncoj	-	-
kurapasinoyama	kuɾapasinojama	KURAPASINOYAMA	oncoj	-	-
kurapasigapa	kuɾapasiɡapa	KURAPASIGAPA	oncoj	-	-
koseyama	kosejama	KOSEYAMA	oncoj	-	-
sagarakayama	saɡaɾakajama	SAGARAKAYAMA	oncoj	-	-
sakurada	sakuɾada	SAKURADA	oncoj	-	-
sanunowoka	sanunowoka	SANUNOWOKA	oncoj	-	-
pinokumagapa	pinokumaɡapa	PINOKUMAGAPA	oncoj	-	-
sapogapa	sapoɡapa	SAPOGAPA	oncoj	-	-
saponokapa	saponokapa	SAPONOKAPA	oncoj	-	-
sapoyama	sapojama	SAPOYAMA	oncoj	-	-
saponoyama	saponojama	SAPONOYAMA	oncoj	-	-
sipatuyama	sipatujama	SIPATUYAMA	oncoj	-	-
sipotuyama	sipotujama	SIPOTUYAMA	oncoj	-	-
simanomiya	simanomija	SIMANOMIYA	oncoj	-	-
senoumi	senoumi	SENOUMI	oncoj	-	-
takakwinoyama	takakwinojama	TAKAKWINOYAMA	oncoj	-	-
takatunwoyama	takatunwojama	TAKATUNWOYAMA	oncoj	-	-
takanwopara	takanwopaɾa	TAKANWOPARA	oncoj	-	-
takamatwoyama	takamatwojama	TAKAMATWOYAMA	oncoj	-	-
takamatwonoyama	takamatwonojama	TAKAMATWONOYAMA	oncoj	-	-
taketa	taketa	TAKETA	oncoj	-	-
takwonosima	takwonosima	TAKWONOSIMA	oncoj	-	-
takwonoura	takwonouɾa	TAKWONOURA	oncoj	-	-
takwonosaki	takwonosaki	TAKWONOSAKI	oncoj	-	-
tatutayama	tatutajama	TATUTAYAMA	oncoj	-	-
tatutanoyama	tatutanojama	TATUTANOYAMA	oncoj	-	-
kadwode	kadwode	KADWODE	oncoj	-	-
tanakamiyama	tanakamijama	TANAKAMIYAMA	oncoj	-	-
tanakami	tanakami	TANAKAMI	oncoj	-	-
tapusinosaki	tapusinosaki	TAPUSINOSAKI	oncoj	-	-
tayupigaura	tajupiɡauɾa	TAYUPIGAURA	oncoj	-	-
tukupayama	tukupajama	TUKUPAYAMA	oncoj	-	-
tukupanoyama	tukupanojama	TUKUPANOYAMA	oncoj	-	-
tokwonoyama	tokwonojama	TOKWONOYAMA	oncoj	-	-
tobayama	tobajama	TOBAYAMA	oncoj	-	-
tomiyama	tomijama	TOMIYAMA	oncoj	-	-
tomonoura	tomonouɾa	TOMONOURA	oncoj	-	-
nasugiyama	nasuɡijama	NASUGIYAMA	oncoj	-	-
nanipagata	nanipaɡata	NANIPAGATA	oncoj	-	-
nanipatu	nanipatu	NANIPATU	oncoj	-	-
nanipadi	nanipadi	NANIPADI	oncoj	-	-
tukusidi	tukusidi	TUKUSIDI	oncoj	-	-
tukusinokuni	tukusinokuni	TUKUSINOKUNI	oncoj	-	-
tukusinosima	tukusinosima	TUKUSINOSIMA	oncoj	-	-
narayama	naɾajama	NARAYAMA	oncoj	-	-
naranoyama	naɾanojama	NARANOYAMA	oncoj	-	-
naranomiyakwo	naɾanomijakwo	NARANOMIYAKWO	oncoj	-	-
nipunokapa	nipunokapa	NIPUNOKAPA	oncoj	-	-
kagetomo	kaɡetomo	KAGETOMO	oncoj	-	-
nwosaka	nwosaka	NWOSAKA	oncoj	-	-
kagirwopwi	kaɡiɾwopwi	KAGIRWOPWI	oncoj	-	-
nwosima	nwosima	NWOSIMA	oncoj	-	-
nwosimagasaki	nwosimaɡasaki	NWOSIMAGASAKI	oncoj	-	-
notisenoyama	notisenojama	NOTISENOYAMA	oncoj	-	-
notiseyama	notisejama	NOTISEYAMA	oncoj	-	-
notosenokapa	notosenokapa	NOTOSENOKAPA	oncoj	-	-
notosegapa	notoseɡapa	NOTOSEGAPA	oncoj	-	-
pagapinoyama	paɡapinojama	PAGAPINOYAMA	oncoj	-	-
patusenokapa	patusenokapa	PATUSENOKAPA	oncoj	-	-
patusegapa	patuseɡapa	PATUSEGAPA	oncoj	-	-
patusenoyama	patusenojama	PATUSENOYAMA	oncoj	-	-
patuseyama	patusejama	PATUSEYAMA	oncoj	-	-
pikumanwo	pikumanwo	PIKUMANWO	oncoj	-	-
puzikapa	puzikapa	PUSIKAPA	oncoj	-	-
puzinoyama	puzinojama	PUSINOYAMA	oncoj	-	-
puzinotakane	puzinotakane	PUSINOTAKANE	oncoj	-	-
puzinone	puzinone	PUSINONE	oncoj	-	-
pudiye	pudije	PUDIYE	oncoj	-	-
pudiyenoura	pudijenouɾa	PUDIYENOURA	oncoj	-	-
pupayama	pupajama	PUPAYAMA	oncoj	-	-
makamwi	makamwi	MAKAMWI	oncoj	-	-
makamwinopara	makamwinopaɾa	MAKAMWINOPARA	oncoj	-	-
magarinoike	maɡaɾinoike	MAGARINOIKE	oncoj	-	-
matutiyama	matutijama	MATUTIYAMA	oncoj	-	-
matutinoyama	matutinojama	MATUTINOYAMA	oncoj	-	-
kaguyama	kaɡujama	KAGUYAMA	oncoj	-	-
kai	kai	KAI	oncoj	-	-
mayumi	majumi	MAYUMI	oncoj	-	-
mayuminowoka	majuminowoka	MAYUMINOWOKA	oncoj	-	-
kakapu	kakapu	KAKAPU	oncoj	-	-
mikasayama	mikasajama	MIKASAYAMA	oncoj	-	-
mikasanoyama	mikasanojama	MIKASANOYAMA	oncoj	-	-
midusima	midusima	MIDUSIMA	oncoj	-	-
mipunenoyama	mipunenojama	MIPUNENOYAMA	oncoj	-	-
miwayama	miwajama	MIWAYAMA	oncoj	-	-
miwanoyama	miwanojama	MIWANOYAMA	oncoj	-	-
miwanosaki	miwanosaki	MIWANOSAKI	oncoj	-	-
miwagasaki	miwaɡasaki	MIWAGASAKI	oncoj	-	-
miwagapa	miwaɡapa	MIWAGAPA	oncoj	-	-
mukwogapa	mukwoɡapa	MUKWOGAPA	oncoj	-	-
yakaminoyama	jakaminojama	YAKAMINOYAMA	oncoj	-	-
yasunonwo	jasunonwo	YASUNONWO	oncoj	-	-
yasunokapa	jasunokapa	YASUNOKAPA	oncoj	-	-
yaswoudikapa	jaswoudikapa	YASWOUDIKAPA	oncoj	-	-
yaturiyama	jatuɾijama	YATURIYAMA	oncoj	-	-
yaturigapa	jatuɾiɡapa	YATURIGAPA	oncoj	-	-
miyosinwo	mijosinwo	MIYOSINWO	oncoj	-	-
yosinwokapa	josinwokapa	YOSINWOKAPA	oncoj	-	-
miyosinwokapa	mijosinwokapa	MIYOSINWOKAPA	oncoj	-	-
yosinwonokapa	josinwonokapa	YOSINWONOKAPA	oncoj	-	-
yosinwonoyama	josinwonojama	YOSINWONOYAMA	oncoj	-	-
wazamigapara	wazamiɡapaɾa	WASAMIGAPARA	oncoj	-	-
watarapi	wataɾapi	WATARAPI	oncoj	-	-
watarinoyama	wataɾinojama	WATARINOYAMA	oncoj	-	-
winanwo	winanwo	WINANWO	oncoj	-	-
winayama	winajama	WINAYAMA	oncoj	-	-
winagapa	winaɡapa	WINAGAPA	oncoj	-	-
wotinwo	wotinwo	WOTINWO	oncoj	-	-
wotinooponwo	wotinooponwo	WOTINOOPONWO	oncoj	-	-
apuminoumi	apuminoumi	APUMINOUMI	oncoj	-	-
kwosinoumi	kwosinoumi	KWOSINOUMI	oncoj	-	-
kwosidi	kwosidi	KWOSIDI	oncoj	-	-
ounoumi	ounoumi	OUNOUMI	oncoj	-	-
tukumanwo	tukumanwo	TUKUMANWO	oncoj	-	-
apuminokuni	apuminokuni	APUMINOKUNI	oncoj	-	-
apumidi	apumidi	APUMIDI	oncoj	-	-
sasanamidi	sasanamidi	SASANAMIDI	oncoj	-	-
isenokuni	isenokuni	ISENOKUNI	oncoj	-	-
isenoumi	isenoumi	ISENOUMI	oncoj	-	-
iragwonosima	iɾaɡwonosima	IRAGWONOSIMA	oncoj	-	-
kakitu	kakitu	KAKITU	oncoj	-	-
kwinokuni	kwinokuni	KWINOKUNI	oncoj	-	-
asigarayama	asiɡaɾajama	ASIGARAYAMA	oncoj	-	-
ikudiyama	ikudijama	IKUDIYAMA	oncoj	-	-
akasinotwo	akasinotwo	AKASINOTWO	oncoj	-	-
akasiopotwo	akasiopotwo	AKASIOPOTWO	oncoj	-	-
takasimayama	takasimajama	TAKASIMAYAMA	oncoj	-	-
manwonoura	manwonouɾa	MANWONOURA	oncoj	-	-
tagwonoura	taɡwonouɾa	TAGWONOURA	oncoj	-	-
iposaki	iposaki	IPOSAKI	oncoj	-	-
kakitupata	kakitupata	KAKITUPATA	oncoj	-	-
kirikamino	kiɾikamino	KIRIKAMINO	oncoj	-	-
kako	kako	KAKO	oncoj	-	-
kakute	kakute	KAKUTE	oncoj	-	-
kakye	kakʲe	KAKE	oncoj	-	-
kamadwo	kamadwo	KAMADWO	oncoj	-	-
kamamaro	kamamaɾo	KAMAMARO	oncoj	-	-
kamame	kamame	KAMAME	oncoj	-	-
kame	kame	KAME	oncoj	-	-
kamira	kamiɾa	KAMIRA	oncoj	-	-
kamwo	kamwo	KAMWO	oncoj	-	-
kamunadukwi	kamunadukwi	KAMUNADUKWI	oncoj	-	-
minadukwi	minadukwi	MINADUKWI	oncoj	-	-
matamadura	matamaduɾa	MATAMADURA	oncoj	-	-
kamunabwi	kamunabwi	KAMUNABWI	oncoj	-	-
kamunusi	kamunusi	KAMUNUSI	oncoj	-	-
kamusida	kamusida	KAMUSIDA	oncoj	-	-
kamutoke	kamutoke	KAMUTOKE	oncoj	-	-
kana	kana	KANA	oncoj	-	-
kanakwi	kanakwi	KANAKWI	oncoj	-	-
kanarazu	kanaɾazu	KANARASU	oncoj	-	-
kanarumasidumi	kanaɾumasidumi	KANARUMASIDUMI	oncoj	-	-
kanete	kanete	KANETE	oncoj	-	-
kani	kani	KANI	oncoj	-	-
kanipa	kanipa	KANIPA	oncoj	-	-
kapagoromo	kapaɡoɾomo	KAPAGOROMO	oncoj	-	-
kapara	kapaɾa	KAPARA	oncoj	-	-
kaparapudi	kapaɾapudi	KAPARAPUDI	oncoj	-	-
kaparu	kapaɾu	KAPARU	oncoj	-	-
kapigwo	kapiɡwo	KAPIGWO	oncoj	-	-
kapina	kapina	KAPINA	oncoj	-	-
kapo	kapo	KAPO	oncoj	-	-
kapoya	kapoja	KAPOYA	oncoj	-	-
kaputi	kaputi	KAPUTI	oncoj	-	-
kapwi	kapwi	KAPWI	oncoj	-	-
kapwiya	kapwija	KAPWIYA	oncoj	-	-
karanosaki	kaɾanosaki	KARANOSAKI	oncoj	-	-
karasaki	kaɾasaki	KARASAKI	oncoj	-	-
karaawi	kaɾaawi	KARAAWI	oncoj	-	-
karasu	kaɾasu	KARASU	oncoj	-	-
karatati	kaɾatati	KARATATI	oncoj	-	-
karepi	kaɾepi	KAREPI	oncoj	-	-
kariipo	kaɾiipo	KARIIPO	oncoj	-	-
karimiya	kaɾimija	KARIMIYA	oncoj	-	-
karitaka	kaɾitaka	KARITAKA	oncoj	-	-
karite	kaɾite	KARITE	oncoj	-	-
karu	kaɾu	KARU	oncoj	-	-
karuusu	kaɾuusu	KARUUSU	oncoj	-	-
karausu	kaɾausu	KARAUSU	oncoj	-	-
kasanupi	kasanupi	KASANUPI	oncoj	-	-
kase	kase	KASE	oncoj	-	-
mayukaserapumo	majukaseɾapumo	MAYUKASERAPUMO	oncoj	-	-
kasima	kasima	KASIMA	oncoj	-	-
kasipi	kasipi	KASIPI	oncoj	-	-
kasipu	kasipu	KASIPU	oncoj	-	-
kasira	kasiɾa	KASIRA	oncoj	-	-
kasu	kasu	KASU	oncoj	-	-
kasuga	kasuɡa	KASUGA	oncoj	-	-
katakagwo	katakaɡwo	KATAKAGWO	oncoj	-	-
katasipa	katasipa	KATASIPA	oncoj	-	-
katawoka	katawoka	KATAWOKA	oncoj	-	-
katuma	katuma	KATUMA	oncoj	-	-
katumata	katumata	KATUMATA	oncoj	-	-
katura	katuɾa	KATURA	oncoj	-	-
katuwo	katuwo	KATUWO	oncoj	-	-
katwori	katwoɾi	KATWORI	oncoj	-	-
kaya	kaja	KAYA	oncoj	-	-
kazanasi	kazanasi	KASANASI	oncoj	-	-
keburi	kebuɾi	KEBURI	oncoj	-	-
kena	kena	KENA	oncoj	-	-
kepi	kepi	KEPI	oncoj	-	-
keta	keta	KETA	oncoj	-	-
kibwi	kibwi	KIBWI	oncoj	-	-
kiku	kiku	KIKU	oncoj	-	-
kimwo	kimwo	KIMWO	oncoj	-	-
momokine	momokine	MOMOKINE	oncoj	-	-
kinopu	kinopu	KINOPU	oncoj	-	-
kinu	kinu	KINU	oncoj	-	-
kipa	kipa	KIPA	oncoj	-	-
kipatuku	kipatuku	KIPATUKU	oncoj	-	-
kirime	kiɾime	KIRIME	oncoj	-	-
kisa	kisa	KISA	oncoj	-	-
kita	kita	KITA	oncoj	-	-
kitapi	kitapi	KITAPI	oncoj	-	-
kitune	kitune	KITUNE	oncoj	-	-
kiywomi	kijwomi	KIYWOMI	oncoj	-	-
kiywomipara	kijwomipaɾa	KIYWOMIPARA	oncoj	-	-
kiso	kiso	KISO	oncoj	-	-
kizu	kizu	KISU	oncoj	-	-
kogoto	koɡoto	KOGOTO	oncoj	-	-
koke	koke	KOKE	oncoj	-	-
kokoba	kokoba	KOKOBA	oncoj	-	-
kokobaku	kokobaku	KOKOBAKU	oncoj	-	-
koma	koma	KOMA	oncoj	-	-
komanisiki	komanisiki	KOMANISIKI	oncoj	-	-
komaturugi	komatuɾuɡi	KOMATURUGI	oncoj	-	-
komayama	komajama	KOMAYAMA	oncoj	-	-
komo	komo	KOMO	oncoj	-	-
konomo	konomo	KONOMO	oncoj	-	-
konumi	konumi	KONUMI	oncoj	-	-
koporogi	kopoɾoɡi	KOPOROGI	oncoj	-	-
koromo	koɾomo	KOROMO	oncoj	-	-
kosi	kosi	KOSI	oncoj	-	-
kosiki	kosiki	KOSIKI	oncoj	-	-
kotoba	kotoba	KOTOBA	oncoj	-	-
kotodama	kotodama	KOTODAMA	oncoj	-	-
kotopi	kotopi	KOTOPI	oncoj	-	-
kotosapyek	kotosapʲek	KOTOSAPEK	oncoj	-	-
amasizim	amasizim	AMASISIM	oncoj	-	-
kototo	kototo	KOTOTO	oncoj	-	-
kotowari	kotowaɾi	KOTOWARI	oncoj	-	-
kotumi	kotumi	KOTUMI	oncoj	-	-
kowe	kowe	KOWE	oncoj	-	-
koyopi	kojopi	KOYOPI	oncoj	-	-
kozo	kozo	KOSO	oncoj	-	-
ku	ku	KU	oncoj	-	-
kubi	kubi	KUBI	oncoj	-	-
kubu	kubu	KUBU	oncoj	-	-
kuda	kuda	KUDA	oncoj	-	-
kudara	kudaɾa	KUDARA	oncoj	-	-
kudira	kudiɾa	KUDIRA	oncoj	-	-
kugi	kuɡi	KUGI	oncoj	-	-
kugutu	kuɡutu	KUGUTU	oncoj	-	-
kukwi	kukwi	KUKWI	oncoj	-	-
kuku	kuku	KUKU	oncoj	-	-
kuma	kuma	KUMA	oncoj	-	-
kumaki	kumaki	KUMAKI	oncoj	-	-
kumatwo	kumatwo	KUMATWO	oncoj	-	-
kume	kume	KUME	oncoj	-	-
kuni	kuni	KUNI	oncoj	-	-
kunuti	kunuti	KUNUTI	oncoj	-	-
watarimori	wataɾimoɾi	WATARIMORI	oncoj	-	-
kupa	kupa	KUPA	oncoj	-	-
kupe	kupe	KUPE	oncoj	-	-
kupye	kupʲe	KUPE	oncoj	-	-
kura	kuɾa	KURA	oncoj	-	-
kuranasi	kuɾanasi	KURANASI	oncoj	-	-
piketa	piketa	PIKETA	oncoj	-	-
kurapasi	kuɾapasi	KURAPASI	oncoj	-	-
kurenawi	kuɾenawi	KURENAWI	oncoj	-	-
kukumira	kukumiɾa	KUKUMIRA	oncoj	-	-
kuresige	kuɾesiɡe	KURESIGE	oncoj	-	-
kuru	kuɾu	KURU	oncoj	-	-
kurubyeki	kuɾubjeki	KURUBYEKI	oncoj	-	-
kuruma	kuɾuma	KURUMA	oncoj	-	-
kurwopo	kuɾwopo	KURWOPO	oncoj	-	-
kurwousi	kuɾwousi	KURWOUSI	oncoj	-	-
kurwozaya	kuɾwozaja	KURWOSAYA	oncoj	-	-
kusaka	kusaka	KUSAKA	oncoj	-	-
kuse	kuse	KUSE	oncoj	-	-
kusi	kusi	KUSI	oncoj	-	-
kusiro	kusiɾo	KUSIRO	oncoj	-	-
kusuri	kusuɾi	KUSURI	oncoj	-	-
kusurisi	kusuɾisi	KUSURISI	oncoj	-	-
wakakupe	wakakupe	WAKAKUPE	oncoj	-	-
wakakape	wakakape	WAKAKAPE	oncoj	-	-
kuswo	kuswo	KUSWO	oncoj	-	-
kutu	kutu	KUTU	oncoj	-	-
kuu	kuu	KUU	oncoj	-	-
kwaso	kwaso	KWASO	oncoj	-	-
kuzi	kuzi	KUSI	oncoj	-	-
kuzigapa	kuziɡapa	KUSIGAPA	oncoj	-	-
kuzu	kuzu	KUSU	oncoj	-	-
kwidi	kwidi	KWIDI	oncoj	-	-
kwisi	kwisi	KWISI	oncoj	-	-
kwisimi	kwisimi	KWISIMI	oncoj	-	-
kwoba	kwoba	KWOBA	oncoj	-	-
kwogata	kwoɡata	KWOGATA	oncoj	-	-
kwogwoto	kwoɡwoto	KWOGWOTO	oncoj	-	-
kwoma	kwoma	KWOMA	oncoj	-	-
kwomura	kwomuɾa	KWOMURA	oncoj	-	-
kwona	kwona	KWONA	oncoj	-	-
kwonagwi	kwonaɡwi	KWONAGWI	oncoj	-	-
kwopada	kwopada	KWOPADA	oncoj	-	-
kwosame	kwosame	KWOSAME	oncoj	-	-
kenwo	kenwo	KENWO	oncoj	-	-
kyepu	kʲepu	KEPU	oncoj	-	-
kyesa	kʲesa	KESA	oncoj	-	-
kyetu	kʲetu	KETU	oncoj	-	-
madara	madaɾa	MADARA	oncoj	-	-
madu	madu	MADU	oncoj	-	-
madwo	madwo	MADWO	oncoj	-	-
maga	maɡa	MAGA	oncoj	-	-
magaki	maɡaki	MAGAKI	oncoj	-	-
magupasimadwo	maɡupasimadwo	MAGUPASIMADWO	oncoj	-	-
makagwoya	makaɡwoja	MAKAGWOYA	oncoj	-	-
makiki	makiki	MAKIKI	oncoj	-	-
takatipo	takatipo	TAKATIPO	oncoj	-	-
makimoku	makimoku	MAKIMOKU	oncoj	-	-
mama	mama	MAMA	oncoj	-	-
mame	mame	MAME	oncoj	-	-
manabuta	manabuta	MANABUTA	oncoj	-	-
managa	manaɡa	MANAGA	oncoj	-	-
manwo	manwo	MANWO	oncoj	-	-
parima	paɾima	PARIMA	oncoj	-	-
payamati	pajamati	PAYAMATI	oncoj	-	-
mapora	mapoɾa	MAPORA	oncoj	-	-
maporama	mapoɾama	MAPORAMA	oncoj	-	-
maporoba	mapoɾoba	MAPOROBA	oncoj	-	-
mapyetukimi	mapʲetukimi	MAPETUKIMI	oncoj	-	-
maripu	maɾipu	MARIPU	oncoj	-	-
marogati	maɾoɡati	MAROGATI	oncoj	-	-
masadukwo	masadukwo	MASADUKWO	oncoj	-	-
masaka	masaka	MASAKA	oncoj	-	-
masakidura	masakiduɾa	MASAKIDURA	oncoj	-	-
masameni	masameni	MASAMENI	oncoj	-	-
matubusa	matubusa	MATUBUSA	oncoj	-	-
masite	masite	MASITE	oncoj	-	-
masini	masini	MASINI	oncoj	-	-
matori	matoɾi	MATORI	oncoj	-	-
matura	matuɾa	MATURA	oncoj	-	-
matuti	matuti	MATUTI	oncoj	-	-
matwo	matwo	MATWO	oncoj	-	-
maywo	majwo	MAYWO	oncoj	-	-
maywone	majwone	MAYWONE	oncoj	-	-
miaraka	miaɾaka	MIARAKA	oncoj	-	-
mikage	mikaɡe	MIKAGE	oncoj	-	-
midori	midoɾi	MIDORI	oncoj	-	-
midorikwo	midoɾikwo	MIDORIKWO	oncoj	-	-
midura	miduɾa	MIDURA	oncoj	-	-
migiri	miɡiɾi	MIGIRI	oncoj	-	-
migwosi	miɡwosi	MIGWOSI	oncoj	-	-
mika	mika	MIKA	oncoj	-	-
mikuni	mikuni	MIKUNI	oncoj	-	-
mikapa	mikapa	MIKAPA	oncoj	-	-
mikaki	mikaki	MIKAKI	oncoj	-	-
mikamo	mikamo	MIKAMO	oncoj	-	-
mikasipo	mikasipo	MIKASIPO	oncoj	-	-
mikata	mikata	MIKATA	oncoj	-	-
mikumari	mikumaɾi	MIKUMARI	oncoj	-	-
mikusa	mikusa	MIKUSA	oncoj	-	-
mikwo	mikwo	MIKWO	oncoj	-	-
mima	mima	MIMA	oncoj	-	-
mimi	mimi	MIMI	oncoj	-	-
mimiga	mimiɡa	MIMIGA	oncoj	-	-
miminasi	miminasi	MIMINASI	oncoj	-	-
mimoro	mimoɾo	MIMORO	oncoj	-	-
mimorotwo	mimoɾotwo	MIMOROTWO	oncoj	-	-
minabye	minabje	MINABYE	oncoj	-	-
minabuti	minabuti	MINABUTI	oncoj	-	-
minami	minami	MINAMI	oncoj	-	-
minasegapa	minaseɡapa	MINASEGAPA	oncoj	-	-
minasoko	minasoko	MINASOKO	oncoj	-	-
minatwo	minatwo	MINATWO	oncoj	-	-
minatwokaze	minatwokaze	MINATWOKASE	oncoj	-	-
itukinomiya	itukinomija	ITUKINOMIYA	oncoj	-	-
minawa	minawa	MINAWA	oncoj	-	-
mine	mine	MINE	oncoj	-	-
mino	mino	MINO	oncoj	-	-
minume	minume	MINUME	oncoj	-	-
minumye	minumʲe	MINUME	oncoj	-	-
minwo	minwo	MINWO	oncoj	-	-
mipanada	mipanada	MIPANADA	oncoj	-	-
mipo	mipo	MIPO	oncoj	-	-
mira	miɾa	MIRA	oncoj	-	-
miru	miɾu	MIRU	oncoj	-	-
misagwo	misaɡwo	MISAGWO	oncoj	-	-
misibu	misibu	MISIBU	oncoj	-	-
misima	misima	MISIMA	oncoj	-	-
misimaye	misimaje	MISIMAYE	oncoj	-	-
misimanwo	misimanwo	MISIMANWO	oncoj	-	-
misome	misome	MISOME	oncoj	-	-
mita	mita	MITA	oncoj	-	-
mitinoku	mitinoku	MITINOKU	oncoj	-	-
mitinokuyama	mitinokujama	MITINOKUYAMA	oncoj	-	-
minumyenoura	minumʲenouɾa	MINUMENOURA	oncoj	-	-
mitu	mitu	MITU	oncoj	-	-
mitubo	mitubo	MITUBO	oncoj	-	-
mitumitusi	mitumitusi	MITUMITUSI	oncoj	-	-
mwituti	mwituti	MWITUTI	oncoj	-	-
mitwo	mitwo	MITWO	oncoj	-	-
miwori	miwoɾi	MIWORI	oncoj	-	-
miwotukusi	miwotukusi	MIWOTUKUSI	oncoj	-	-
miyabwiwo	mijabwiwo	MIYABWIWO	oncoj	-	-
miyake	mijake	MIYAKE	oncoj	-	-
miyakwi	mijakwi	MIYAKWI	oncoj	-	-
mizo	mizo	MISO	oncoj	-	-
moda	moda	MODA	oncoj	-	-
mokoro	mokoɾo	MOKORO	oncoj	-	-
mokorowo	mokoɾowo	MOKOROWO	oncoj	-	-
momo	momo	MOMO	oncoj	-	-
momu	momu	MOMU	oncoj	-	-
mone	mone	MONE	oncoj	-	-
mononopu	mononopu	MONONOPU	oncoj	-	-
monosapani	monosapani	MONOSAPANI	oncoj	-	-
mopi	mopi	MOPI	oncoj	-	-
moribye	moɾibje	MORIBYE	oncoj	-	-
morokwosi	moɾokwosi	MOROKWOSI	oncoj	-	-
moromoro	moɾomoɾo	MOROMORO	oncoj	-	-
moroti	moɾoti	MOROTI	oncoj	-	-
mosi	mosi	MOSI	oncoj	-	-
motidukwi	motidukwi	MOTIDUKWI	oncoj	-	-
motoyama	motojama	MOTOYAMA	oncoj	-	-
motomo	motomo	MOTOMO	oncoj	-	-
mozu	mozu	MOSU	oncoj	-	-
mugi	muɡi	MUGI	oncoj	-	-
mugura	muɡuɾa	MUGURA	oncoj	-	-
mukabaki	mukabaki	MUKABAKI	oncoj	-	-
mukasi	mukasi	MUKASI	oncoj	-	-
mukau	mukau	MUKAU	oncoj	-	-
mukimuki	mukimuki	MUKIMUKI	oncoj	-	-
makimuku	makimuku	MAKIMUKU	oncoj	-	-
makimukuyama	makimukujama	MAKIMUKUYAMA	oncoj	-	-
makimukunokapa	makimukunokapa	MAKIMUKUNOKAPA	oncoj	-	-
mukwo	mukwo	MUKWO	oncoj	-	-
munagi	munaɡi	MUNAGI	oncoj	-	-
murakimono	muɾakimono	MURAKIMONO	oncoj	-	-
mukaunosatwo	mukaunosatwo	MUKAUNOSATWO	oncoj	-	-
muranape	muɾanape	MURANAPE	oncoj	-	-
murasaki	muɾasaki	MURASAKI	oncoj	-	-
muratwo	muɾatwo	MURATWO	oncoj	-	-
murazi	muɾazi	MURASI	oncoj	-	-
murwo	muɾwo	MURWO	oncoj	-	-
murwogaya	muɾwoɡaja	MURWOGAYA	oncoj	-	-
murwopu	muɾwopu	MURWOPU	oncoj	-	-
musasabi	musasabi	MUSASABI	oncoj	-	-
muzasi	muzasi	MUSASI	oncoj	-	-
musiro	musiɾo	MUSIRO	oncoj	-	-
muta	muta	MUTA	oncoj	-	-
mututa	mututa	MUTUTA	oncoj	-	-
myepi	mʲepi	MEPI	oncoj	-	-
nada	nada	NADA	oncoj	-	-
nadesikwo	nadesikwo	NADESIKWO	oncoj	-	-
nadu	nadu	NADU	oncoj	-	-
naduki	naduki	NADUKI	oncoj	-	-
migomori	miɡomoɾi	MIGOMORI	oncoj	-	-
mwomwonagani	mwomwonaɡani	MWOMWONAGANI	oncoj	-	-
nagisa	naɡisa	NAGISA	oncoj	-	-
nagori	naɡoɾi	NAGORI	oncoj	-	-
nagwo	naɡwo	NAGWO	oncoj	-	-
nagwoya	naɡwoja	NAGWOYA	oncoj	-	-
nakati	nakati	NAKATI	oncoj	-	-
nakatomi	nakatomi	NAKATOMI	oncoj	-	-
nakisumi	nakisumi	NAKISUMI	oncoj	-	-
nakisima	nakisima	NAKISIMA	oncoj	-	-
nakwi	nakwi	NAKWI	oncoj	-	-
nakwosi	nakwosi	NAKWOSI	oncoj	-	-
namasu	namasu	NAMASU	oncoj	-	-
namayomino	namajomino	NAMAYOMINO	oncoj	-	-
namikura	namikuɾa	NAMIKURA	oncoj	-	-
naminami	naminami	NAMINAMI	oncoj	-	-
namita	namita	NAMITA	oncoj	-	-
nane	nane	NANE	oncoj	-	-
nanipa	nanipa	NANIPA	oncoj	-	-
nanoriso	nanoɾiso	NANORISO	oncoj	-	-
napa	napa	NAPA	oncoj	-	-
napori	napoɾi	NAPORI	oncoj	-	-
nara	naɾa	NARA	oncoj	-	-
naripapi	naɾipapi	NARIPAPI	oncoj	-	-
nasaka	nasaka	NASAKA	oncoj	-	-
nasugi	nasuɡi	NASUGI	oncoj	-	-
nataka	nataka	NATAKA	oncoj	-	-
natu	natu	NATU	oncoj	-	-
natukuzu	natukuzu	NATUKUSU	oncoj	-	-
natume	natume	NATUME	oncoj	-	-
natumwi	natumwi	NATUMWI	oncoj	-	-
nawi	nawi	NAWI	oncoj	-	-
naywotake	najwotake	NAYWOTAKE	oncoj	-	-
naywo	najwo	NAYWO	oncoj	-	-
natukuzuno	natukuzuno	NATUKUSUNO	oncoj	-	-
yapara	japaɾa	YAPARA	oncoj	-	-
nigisi	niɡisi	NIGISI	oncoj	-	-
nikime	nikime	NIKIME	oncoj	-	-
neyaparakwosuge	nejapaɾakwosuɡe	NEYAPARAKWOSUGE	oncoj	-	-
nikitatu	nikitatu	NIKITATU	oncoj	-	-
nikwoyokani	nikwojokani	NIKWOYOKANI	oncoj	-	-
nikwode	nikwode	NIKWODE	oncoj	-	-
mikadukwi	mikadukwi	MIKADUKWI	oncoj	-	-
ninopo	ninopo	NINOPO	oncoj	-	-
nipa	nipa	NIPA	oncoj	-	-
nipikapa	nipikapa	NIPIKAPA	oncoj	-	-
nipibari	nipibaɾi	NIPIBARI	oncoj	-	-
nipimo	nipimo	NIPIMO	oncoj	-	-
nipita	nipita	NIPITA	oncoj	-	-
nire	niɾe	NIRE	oncoj	-	-
nisi	nisi	NISI	oncoj	-	-
nisiki	nisiki	NISIKI	oncoj	-	-
nitutuzi	nitutuzi	NITUTUSI	oncoj	-	-
noko	noko	NOKO	oncoj	-	-
norito	noɾito	NORITO	oncoj	-	-
nosaki	nosaki	NOSAKI	oncoj	-	-
noto	noto	NOTO	oncoj	-	-
nukisu	nukisu	NUKISU	oncoj	-	-
numa	numa	NUMA	oncoj	-	-
nuna	nuna	NUNA	oncoj	-	-
nunagapa	nunaɡapa	NUNAGAPA	oncoj	-	-
nunapa	nunapa	NUNAPA	oncoj	-	-
nunwo	nunwo	NUNWO	oncoj	-	-
nusa	nusa	NUSA	oncoj	-	-
nusubito	nusubito	NUSUBITO	oncoj	-	-
nute	nute	NUTE	oncoj	-	-
nwo	nwo	NWO	oncoj	-	-
nwopye	nwopʲe	NWOPE	oncoj	-	-
nwozi	nwozi	NWOSI	oncoj	-	-
okami	okami	OKAMI	oncoj	-	-
okimaro	okimaɾo	OKIMARO	oncoj	-	-
okime	okime	OKIME	oncoj	-	-
okinaga	okinaɡa	OKINAGA	oncoj	-	-
oku	oku	OKU	oncoj	-	-
okuka	okuka	OKUKA	oncoj	-	-
okuyama	okujama	OKUYAMA	oncoj	-	-
murwokamiyama	muɾwokamijama	MURWOKAMIYAMA	oncoj	-	-
murwokami	muɾwokami	MURWOKAMI	oncoj	-	-
torikapigapa	toɾikapiɡapa	TORIKAPIGAPA	oncoj	-	-
torikapi	toɾikapi	TORIKAPI	oncoj	-	-
okura	okuɾa	OKURA	oncoj	-	-
okute	okute	OKUTE	oncoj	-	-
ome	ome	OME	oncoj	-	-
omi	omi	OMI	oncoj	-	-
omina	omina	OMINA	oncoj	-	-
omowa	omowa	OMOWA	oncoj	-	-
ominokwi	ominokwi	OMINOKWI	oncoj	-	-
omino	omino	OMINO	oncoj	-	-
omoya	omoja	OMOYA	oncoj	-	-
onogasisi	onoɡasisi	ONOGASISI	oncoj	-	-
onogorosima	onoɡoɾosima	ONOGOROSIMA	oncoj	-	-
opoba	opoba	OPOBA	oncoj	-	-
opokwi	opokwi	OPOKWI	oncoj	-	-
oponawa	oponawa	OPONAWA	oncoj	-	-
opopara	opopaɾa	OPOPARA	oncoj	-	-
oposaka	oposaka	OPOSAKA	oncoj	-	-
opuwo	opuwo	OPUWO	oncoj	-	-
opwisi	opwisi	OPWISI	oncoj	-	-
osaka	osaka	OSAKA	oncoj	-	-
osinumi	osinumi	OSINUMI	oncoj	-	-
ositare	ositaɾe	OSITARE	oncoj	-	-
ositodwo	ositodwo	OSITODWO	oncoj	-	-
osupi	osupi	OSUPI	oncoj	-	-
otodoro	otodoɾo	OTODORO	oncoj	-	-
otopi	otopi	OTOPI	oncoj	-	-
ou	ou	OU	oncoj	-	-
oyobi	ojobi	OYOBI	oncoj	-	-
oyosi	ojosi	OYOSI	oncoj	-	-
pada	pada	PADA	oncoj	-	-
paduma	paduma	PADUMA	oncoj	-	-
pagapi	paɡapi	PAGAPI	oncoj	-	-
pakama	pakama	PAKAMA	oncoj	-	-
pakasi	pakasi	PAKASI	oncoj	-	-
mipakasiwo	mipakasiwo	MIPAKASIWO	oncoj	-	-
matorisumu	matoɾisumu	MATORISUMU	oncoj	-	-
pakata	pakata	PAKATA	oncoj	-	-
pakupi	pakupi	PAKUPI	oncoj	-	-
pakwo	pakwo	PAKWO	oncoj	-	-
pakwoye	pakwoje	PAKWOYE	oncoj	-	-
pakwone	pakwone	PAKWONE	oncoj	-	-
pakwoya	pakwoja	PAKWOYA	oncoj	-	-
pama	pama	PAMA	oncoj	-	-
pamamatu	pamamatu	PAMAMATU	oncoj	-	-
pamamo	pamamo	PAMAMO	oncoj	-	-
panakatumi	panakatumi	PANAKATUMI	oncoj	-	-
panareswo	panaɾeswo	PANARESWO	oncoj	-	-
panezu	panezu	PANESU	oncoj	-	-
pani	pani	PANI	oncoj	-	-
nipu	nipu	NIPU	oncoj	-	-
paniyasu	panijasu	PANIYASU	oncoj	-	-
papa	papa	PAPA	oncoj	-	-
papaswo	papaswo	PAPASWO	oncoj	-	-
para	paɾa	PARA	oncoj	-	-
kagari	kaɡaɾi	KAGARI	oncoj	-	-
yubara	jubaɾa	YUBARA	oncoj	-	-
yuzuwe	juzuwe	YUSUWE	oncoj	-	-
suwepito	suwepito	SUWEPITO	oncoj	-	-
yorosinape	joɾosinape	YOROSINAPE	oncoj	-	-
paru	paɾu	PARU	oncoj	-	-
parusame	paɾusame	PARUSAME	oncoj	-	-
pasa	pasa	PASA	oncoj	-	-
pasama	pasama	PASAMA	oncoj	-	-
pasira	pasiɾa	PASIRA	oncoj	-	-
patake	patake	PATAKE	oncoj	-	-
patakwo	patakwo	PATAKWO	oncoj	-	-
pokosugwi	pokosuɡwi	POKOSUGWI	oncoj	-	-
posoye	posoje	POSOYE	oncoj	-	-
potati	potati	POTATI	oncoj	-	-
potade	potade	POTADE	oncoj	-	-
patatagi	patataɡi	PATATAGI	oncoj	-	-
patu	patu	PATU	oncoj	-	-
patuse	patuse	PATUSE	oncoj	-	-
patwo	patwo	PATWO	oncoj	-	-
payuma	pajuma	PAYUMA	oncoj	-	-
pazi	pazi	PASI	oncoj	-	-
pazikami	pazikami	PASIKAMI	oncoj	-	-
pazu	pazu	PASU	oncoj	-	-
pemi	pemi	PEMI	oncoj	-	-
peswo	peswo	PESWO	oncoj	-	-
pitari	pitaɾi	PITARI	oncoj	-	-
sorikupi	soɾikupi	SORIKUPI	oncoj	-	-
pibari	pibaɾi	PIBARI	oncoj	-	-
pida	pida	PIDA	oncoj	-	-
pidari	pidaɾi	PIDARI	oncoj	-	-
pidi	pidi	PIDI	oncoj	-	-
pidikwi	pidikwi	PIDIKWI	oncoj	-	-
pige	piɡe	PIGE	oncoj	-	-
pigurasi	piɡuɾasi	PIGURASI	oncoj	-	-
pika	pika	PIKA	oncoj	-	-
pikasa	pikasa	PIKASA	oncoj	-	-
pikita	pikita	PIKITA	oncoj	-	-
pikitu	pikitu	PIKITU	oncoj	-	-
tatutapikwo	tatutapikwo	TATUTAPIKWO	oncoj	-	-
tatuta	tatuta	TATUTA	oncoj	-	-
pime	pime	PIME	oncoj	-	-
pimyesugapara	pimʲesuɡapaɾa	PIMESUGAPARA	oncoj	-	-
pimi	pimi	PIMI	oncoj	-	-
pimo	pimo	PIMO	oncoj	-	-
pimoroki	pimoɾoki	PIMOROKI	oncoj	-	-
pimugasi	pimuɡasi	PIMUGASI	oncoj	-	-
pimuka	pimuka	PIMUKA	oncoj	-	-
namisiba	namisiba	NAMISIBA	oncoj	-	-
pimusi	pimusi	PIMUSI	oncoj	-	-
pimutuki	pimutuki	PIMUTUKI	oncoj	-	-
pinamisi	pinamisi	PINAMISI	oncoj	-	-
pinogure	pinoɡuɾe	PINOGURE	oncoj	-	-
pipara	pipaɾa	PIPARA	oncoj	-	-
pira	piɾa	PIRA	oncoj	-	-
pirakutuma	piɾakutuma	PIRAKUTUMA	oncoj	-	-
pirase	piɾase	PIRASE	oncoj	-	-
pire	piɾe	PIRE	oncoj	-	-
tipiro	tipiɾo	TIPIRO	oncoj	-	-
pirumye	piɾumʲe	PIRUME	oncoj	-	-
pisakata	pisakata	PISAKATA	oncoj	-	-
pisi	pisi	PISI	oncoj	-	-
pisipo	pisipo	PISIPO	oncoj	-	-
pita	pita	PITA	oncoj	-	-
pitasawo	pitasawo	PITASAWO	oncoj	-	-
mopusitukapuna	mopusitukapuna	MOPUSITUKAPUNA	oncoj	-	-
pitati	pitati	PITATI	oncoj	-	-
pitu	pitu	PITU	oncoj	-	-
pitura	pituɾa	PITURA	oncoj	-	-
piwo	piwo	PIWO	oncoj	-	-
piye	pije	PIYE	oncoj	-	-
piza	piza	PISA	oncoj	-	-
pizi	pizi	PISI	oncoj	-	-
piziri	piziɾi	PISIRI	oncoj	-	-
poda	poda	PODA	oncoj	-	-
pomuki	pomuki	POMUKI	oncoj	-	-
poka	poka	POKA	oncoj	-	-
poko	poko	POKO	oncoj	-	-
pomuta	pomuta	POMUTA	oncoj	-	-
ponopo	ponopo	PONOPO	oncoj	-	-
popogasipa	popoɡasipa	POPOGASIPA	oncoj	-	-
popusi	popusi	POPUSI	oncoj	-	-
ponaka	ponaka	PONAKA	oncoj	-	-
pokagokoro	pokaɡokoɾo	POKAGOKORO	oncoj	-	-
poroni	poɾoni	PORONI	oncoj	-	-
posokapa	posokapa	POSOKAPA	oncoj	-	-
potaru	potaɾu	POTARU	oncoj	-	-
potoke	potoke	POTOKE	oncoj	-	-
potu	potu	POTU	oncoj	-	-
sidu	sidu	SIDU	oncoj	-	-
potuye	potuje	POTUYE	oncoj	-	-
potute	potute	POTUTE	oncoj	-	-
potutaka	potutaka	POTUTAKA	oncoj	-	-
potumwori	potumwoɾi	POTUMWORI	oncoj	-	-
potwo	potwo	POTWO	oncoj	-	-
poyo	pojo	POYO	oncoj	-	-
pudi	pudi	PUDI	oncoj	-	-
pudipara	pudipaɾa	PUDIPARA	oncoj	-	-
pukamiruno	pukamiɾuno	PUKAMIRUNO	oncoj	-	-
naminopono	naminopono	NAMINOPONO	oncoj	-	-
pukurwo	pukuɾwo	PUKURWO	oncoj	-	-
pumite	pumite	PUMITE	oncoj	-	-
pumodasi	pumodasi	PUMODASI	oncoj	-	-
pumoto	pumoto	PUMOTO	oncoj	-	-
pupa	pupa	PUPA	oncoj	-	-
pupo	pupo	PUPO	oncoj	-	-
purumapi	puɾumapi	PURUMAPI	oncoj	-	-
purupye	puɾupʲe	PURUPE	oncoj	-	-
naminopo	naminopo	NAMINOPO	oncoj	-	-
purusatwo	puɾusatwo	PURUSATWO	oncoj	-	-
pusape	pusape	PUSAPE	oncoj	-	-
pusimi	pusimi	PUSIMI	oncoj	-	-
pusuma	pusuma	PUSUMA	oncoj	-	-
putagami	putaɡami	PUTAGAMI	oncoj	-	-
putagamiyama	putaɡamijama	PUTAGAMIYAMA	oncoj	-	-
tamasima	tamasima	TAMASIMA	oncoj	-	-
tamakapa	tamakapa	TAMAKAPA	oncoj	-	-
tukupa	tukupa	TUKUPA	oncoj	-	-
tama	tama	TAMA	oncoj	-	-
tamasimakapa	tamasimakapa	TAMASIMAKAPA	oncoj	-	-
tamatusima	tamatusima	TAMATUSIMA	oncoj	-	-
tamatusimayama	tamatusimajama	TAMATUSIMAYAMA	oncoj	-	-
putapogami	putapoɡami	PUTAPOGAMI	oncoj	-	-
putasaya	putasaja	PUTASAYA	oncoj	-	-
putasayano	putasajano	PUTASAYANO	oncoj	-	-
puti	puti	PUTI	oncoj	-	-
puye	puje	PUYE	oncoj	-	-
puyu	puju	PUYU	oncoj	-	-
puzi	puzi	PUSI	oncoj	-	-
pwida	pwida	PWIDA	oncoj	-	-
pyeguri	pʲeɡuɾi	PEGURI	oncoj	-	-
mipune	mipune	MIPUNE	oncoj	-	-
pikide	pikide	PIKIDE	oncoj	-	-
pyeta	pʲeta	PETA	oncoj	-	-
rikizi	ɾikizi	RIKISI	oncoj	-	-
rikizimapi	ɾikizimapi	RIKISIMAPI	oncoj	-	-
saburu	sabuɾu	SABURU	oncoj	-	-
sada	sada	SADA	oncoj	-	-
sade	sade	SADE	oncoj	-	-
sagamu	saɡamu	SAGAMU	oncoj	-	-
sagaraka	saɡaɾaka	SAGARAKA	oncoj	-	-
sagi	saɡi	SAGI	oncoj	-	-
sagumye	saɡumʲe	SAGUME	oncoj	-	-
sakabaye	sakabaje	SAKABAYE	oncoj	-	-
sakasira	sakasiɾa	SAKASIRA	oncoj	-	-
sakate	sakate	SAKATE	oncoj	-	-
miura	miuɾa	MIURA	oncoj	-	-
tatiyama	tatijama	TATIYAMA	oncoj	-	-
sakitama	sakitama	SAKITAMA	oncoj	-	-
wosirwo	wosiɾwo	WOSIRWO	oncoj	-	-
yabunami	jabunami	YABUNAMI	oncoj	-	-
putakami	putakami	PUTAKAMI	oncoj	-	-
pudisirwo	pudisiɾwo	PUDISIRWO	oncoj	-	-
twonami	twonami	TWONAMI	oncoj	-	-
sakita	sakita	SAKITA	oncoj	-	-
sakitutosi	sakitutosi	SAKITUTOSI	oncoj	-	-
makwisaku	makwisaku	MAKWISAKU	oncoj	-	-
sakura	sakuɾa	SAKURA	oncoj	-	-
sami	sami	SAMI	oncoj	-	-
sanatura	sanatuɾa	SANATURA	oncoj	-	-
sanekadura	sanekaduɾa	SANEKADURA	oncoj	-	-
sanesasi	sanesasi	SANESASI	oncoj	-	-
sanu	sanu	SANU	oncoj	-	-
sanuki	sanuki	SANUKI	oncoj	-	-
sanwokata	sanwokata	SANWOKATA	oncoj	-	-
sanwo	sanwo	SANWO	oncoj	-	-
sanwoda	sanwoda	SANWODA	oncoj	-	-
sapeki	sapeki	SAPEKI	oncoj	-	-
sapi	sapi	SAPI	oncoj	-	-
sapika	sapika	SAPIKA	oncoj	-	-
sapo	sapo	SAPO	oncoj	-	-
tukunwo	tukunwo	TUKUNWO	oncoj	-	-
sapyek	sapʲek	SAPEK	oncoj	-	-
saru	saɾu	SARU	oncoj	-	-
sasa	sasa	SASA	oncoj	-	-
sasaganeno	sasaɡaneno	SASAGANENO	oncoj	-	-
asadukupi	asadukupi	ASADUKUPI	oncoj	-	-
asadukuywo	asadukujwo	ASADUKUYWO	oncoj	-	-
mikomokaru	mikomokaɾu	MIKOMOKARU	oncoj	-	-
sasanami	sasanami	SASANAMI	oncoj	-	-
sasara	sasaɾa	SASARA	oncoj	-	-
ani	ani	ANI	oncoj	-	-
satu	satu	SATU	oncoj	-	-
satuma	satuma	SATUMA	oncoj	-	-
satuya	satuja	SATUYA	oncoj	-	-
inawokamo	inawokamo	INAWOKAMO	oncoj	-	-
sawi	sawi	SAWI	oncoj	-	-
sawo	sawo	SAWO	oncoj	-	-
saywo	sajwo	SAYWO	oncoj	-	-
sazare	sazaɾe	SASARE	oncoj	-	-
sazarenami	sazaɾenami	SASARENAMI	oncoj	-	-
sazaresi	sazaɾesi	SASARESI	oncoj	-	-
takasazinwo	takasazinwo	TAKASASINWO	oncoj	-	-
takasazi	takasazi	TAKASASI	oncoj	-	-
minanosegapa	minanoseɡapa	MINANOSEGAPA	oncoj	-	-
semi	semi	SEMI	oncoj	-	-
senoyama	senojama	SENOYAMA	oncoj	-	-
seri	seɾi	SERI	oncoj	-	-
seze	seze	SESE	oncoj	-	-
sibi	sibi	SIBI	oncoj	-	-
sibimaro	sibimaɾo	SIBIMARO	oncoj	-	-
sida	sida	SIDA	oncoj	-	-
sidusuge	sidusuɡe	SIDUSUGE	oncoj	-	-
siduku	siduku	SIDUKU	oncoj	-	-
sidusi	sidusi	SIDUSI	oncoj	-	-
siduye	siduje	SIDUYE	oncoj	-	-
siga	siɡa	SIGA	oncoj	-	-
sigatu	siɡatu	SIGATU	oncoj	-	-
siganotu	siɡanotu	SIGANOTU	oncoj	-	-
sigemi	siɡemi	SIGEMI	oncoj	-	-
sigi	siɡi	SIGI	oncoj	-	-
sigure	siɡuɾe	SIGURE	oncoj	-	-
sikama	sikama	SIKAMA	oncoj	-	-
sikimi	sikimi	SIKIMI	oncoj	-	-
siko	siko	SIKO	oncoj	-	-
sikoya	sikoja	SIKOYA	oncoj	-	-
sikura	sikuɾa	SIKURA	oncoj	-	-
sikwi	sikwi	SIKWI	oncoj	-	-
sikwotomye	sikwotomʲe	SIKWOTOME	oncoj	-	-
simenwo	simenwo	SIMENWO	oncoj	-	-
simo	simo	SIMO	oncoj	-	-
simoto	simoto	SIMOTO	oncoj	-	-
sinaga	sinaɡa	SINAGA	oncoj	-	-
sinanwo	sinanwo	SINANWO	oncoj	-	-
sinanwodi	sinanwodi	SINANWODI	oncoj	-	-
sinokipa	sinokipa	SINOKIPA	oncoj	-	-
sinwopukusa	sinwopukusa	SINWOPUKUSA	oncoj	-	-
sipase	sipase	SIPASE	oncoj	-	-
sipasu	sipasu	SIPASU	oncoj	-	-
sipopwi	sipopwi	SIPOPWI	oncoj	-	-
sipotu	sipotu	SIPOTU	oncoj	-	-
sugaura	suɡauɾa	SUGAURA	oncoj	-	-
sirakwi	siɾakwi	SIRAKWI	oncoj	-	-
siranupi	siɾanupi	SIRANUPI	oncoj	-	-
sirasuge	siɾasuɡe	SIRASUGE	oncoj	-	-
siratopopu	siɾatopopu	SIRATOPOPU	oncoj	-	-
siriburi	siɾibuɾi	SIRIBURI	oncoj	-	-
siro	siɾo	SIRO	oncoj	-	-
sisi	sisi	SISI	oncoj	-	-
sitatani	sitatani	SITATANI	oncoj	-	-
situ	situ	SITU	oncoj	-	-
situku	situku	SITUKU	oncoj	-	-
situmaki	situmaki	SITUMAKI	oncoj	-	-
situtamaki	situtamaki	SITUTAMAKI	oncoj	-	-
siwa	siwa	SIWA	oncoj	-	-
siweya	siweja	SIWEYA	oncoj	-	-
siwodi	siwodi	SIWODI	oncoj	-	-
siyakwosiya	sijakwosija	SIYAKWOSIYA	oncoj	-	-
soba	soba	SOBA	oncoj	-	-
sogapini	soɡapini	SOGAPINI	oncoj	-	-
sokopi	sokopi	SOKOPI	oncoj	-	-
minasokopu	minasokopu	MINASOKOPU	oncoj	-	-
sokupye	sokupʲe	SOKUPE	oncoj	-	-
soma	soma	SOMA	oncoj	-	-
sone	sone	SONE	oncoj	-	-
swoni	swoni	SWONI	oncoj	-	-
sono	sono	SONO	oncoj	-	-
sopo	sopo	SOPO	oncoj	-	-
sotomo	sotomo	SOTOMO	oncoj	-	-
sotubikwo	sotubikwo	SOTUBIKWO	oncoj	-	-
sowapye	sowapʲe	SOWAPE	oncoj	-	-
subye	subje	SUBYE	oncoj	-	-
sugamo	suɡamo	SUGAMO	oncoj	-	-
sugaru	suɡaɾu	SUGARU	oncoj	-	-
sugasi	suɡasi	SUGASI	oncoj	-	-
sugata	suɡata	SUGATA	oncoj	-	-
sugomo	suɡomo	SUGOMO	oncoj	-	-
suguroku	suɡuɾoku	SUGUROKU	oncoj	-	-
sukara	sukaɾa	SUKARA	oncoj	-	-
sukwosi	sukwosi	SUKWOSI	oncoj	-	-
sukune	sukune	SUKUNE	oncoj	-	-
sukyeki	sukʲeki	SUKEKI	oncoj	-	-
suma	suma	SUMA	oncoj	-	-
misumaru	misumaɾu	MISUMARU	oncoj	-	-
sumyera	sumʲeɾa	SUMERA	oncoj	-	-
sumida	sumida	SUMIDA	oncoj	-	-
suminoye	suminoje	SUMINOYE	oncoj	-	-
sumire	sumiɾe	SUMIRE	oncoj	-	-
sumomo	sumomo	SUMOMO	oncoj	-	-
kemomo	kemomo	KEMOMO	oncoj	-	-
sumyeroki	sumʲeɾoki	SUMEROKI	oncoj	-	-
sunapati	sunapati	SUNAPATI	oncoj	-	-
supa	supa	SUPA	oncoj	-	-
suruga	suɾuɡa	SURUGA	oncoj	-	-
susa	susa	SUSA	oncoj	-	-
susu	susu	SUSU	oncoj	-	-
susukori	susukoɾi	SUSUKORI	oncoj	-	-
suzu	suzu	SUSU	oncoj	-	-
suzuka	suzuka	SUSUKA	oncoj	-	-
suzuki	suzuki	SUSUKI	oncoj	-	-
suzume	suzume	SUSUME	oncoj	-	-
swode	swode	SWODE	oncoj	-	-
swoga	swoɡa	SWOGA	oncoj	-	-
swogi	swoɡi	SWOGI	oncoj	-	-
swoma	swoma	SWOMA	oncoj	-	-
swora	swoɾa	SWORA	oncoj	-	-
tabuse	tabuse	TABUSE	oncoj	-	-
tabute	tabute	TABUTE	oncoj	-	-
tadaka	tadaka	TADAKA	oncoj	-	-
tadamuki	tadamuki	TADAMUKI	oncoj	-	-
tade	tade	TADE	oncoj	-	-
tadipi	tadipi	TADIPI	oncoj	-	-
tadimamori	tadimamoɾi	TADIMAMORI	oncoj	-	-
tadokapa	tadokapa	TADOKAPA	oncoj	-	-
tado	tado	TADO	oncoj	-	-
tadori	tadoɾi	TADORI	oncoj	-	-
tadu	tadu	TADU	oncoj	-	-
tadumi	tadumi	TADUMI	oncoj	-	-
tagimati	taɡimati	TAGIMATI	oncoj	-	-
tagima	taɡima	TAGIMA	oncoj	-	-
tagwo	taɡwo	TAGWO	oncoj	-	-
takabye	takabje	TAKABYE	oncoj	-	-
takama	takama	TAKAMA	oncoj	-	-
ariwo	aɾiwo	ARIWO	oncoj	-	-
takamatu	takamatu	TAKAMATU	oncoj	-	-
takara	takaɾa	TAKARA	oncoj	-	-
taketi	taketi	TAKETI	oncoj	-	-
taku	taku	TAKU	oncoj	-	-
nikitadu	nikitadu	NIKITADU	oncoj	-	-
takudunwono	takudunwono	TAKUDUNWONO	oncoj	-	-
yapotadewo	japotadewo	YAPOTADEWO	oncoj	-	-
takunapa	takunapa	TAKUNAPA	oncoj	-	-
takunapano	takunapano	TAKUNAPANO	oncoj	-	-
takupura	takupuɾa	TAKUPURA	oncoj	-	-
takyeru	takʲeɾu	TAKERU	oncoj	-	-
tamadusa	tamadusa	TAMADUSA	oncoj	-	-
kwonotegasipa	kwonoteɡasipa	KWONOTEGASIPA	oncoj	-	-
tamakusige	tamakusiɡe	TAMAKUSIGE	oncoj	-	-
tamamaki	tamamaki	TAMAMAKI	oncoj	-	-
tamamo	tamamo	TAMAMO	oncoj	-	-
tamana	tamana	TAMANA	oncoj	-	-
tamamori	tamamoɾi	TAMAMORI	oncoj	-	-
tamasipi	tamasipi	TAMASIPI	oncoj	-	-
tamoto	tamoto	TAMOTO	oncoj	-	-
tamu	tamu	TAMU	oncoj	-	-
tanakura	tanakuɾa	TANAKURA	oncoj	-	-
tanayupi	tanajupi	TANAYUPI	oncoj	-	-
tane	tane	TANE	oncoj	-	-
tani	tani	TANI	oncoj	-	-
tapa	tapa	TAPA	oncoj	-	-
tapamidura	tapamiduɾa	TAPAMIDURA	oncoj	-	-
tapami	tapami	TAPAMI	oncoj	-	-
tapu	tapu	TAPU	oncoj	-	-
tapusaki	tapusaki	TAPUSAKI	oncoj	-	-
tarasipimye	taɾasipimʲe	TARASIPIME	oncoj	-	-
taratine	taɾatine	TARATINE	oncoj	-	-
taratisi	taɾatisi	TARATISI	oncoj	-	-
taresu	taɾesu	TARESU	oncoj	-	-
tarumi	taɾumi	TARUMI	oncoj	-	-
taru	taɾu	TARU	oncoj	-	-
tasi	tasi	TASI	oncoj	-	-
tasika	tasika	TASIKA	oncoj	-	-
tata	tata	TATA	oncoj	-	-
tatamikeme	tatamikeme	TATAMIKEME	oncoj	-	-
tatanaduku	tatanaduku	TATANADUKU	oncoj	-	-
tatanamete	tatanamete	TATANAMETE	oncoj	-	-
tatasa	tatasa	TATASA	oncoj	-	-
tatikomono	tatikomono	TATIKOMONO	oncoj	-	-
tatu	tatu	TATU	oncoj	-	-
midunoye	midunoje	MIDUNOYE	oncoj	-	-
tawarapa	tawaɾapa	TAWARAPA	oncoj	-	-
tawaya	tawaja	TAWAYA	oncoj	-	-
waya	waja	WAYA	oncoj	-	-
tawayamye	tawajamʲe	TAWAYAME	oncoj	-	-
tawi	tawi	TAWI	oncoj	-	-
tayupi	tajupi	TAYUPI	oncoj	-	-
tayuraki	tajuɾaki	TAYURAKI	oncoj	-	-
teburi	tebuɾi	TEBURI	oncoj	-	-
mitegura	miteɡuɾa	MITEGURA	oncoj	-	-
tegwona	teɡwona	TEGWONA	oncoj	-	-
tera	teɾa	TERA	oncoj	-	-
terusadu	teɾusadu	TERUSADU	oncoj	-	-
tiguma	tiɡuma	TIGUMA	oncoj	-	-
sapikanwo	sapikanwo	SAPIKANWO	oncoj	-	-
sapikanoura	sapikanouɾa	SAPIKANOURA	oncoj	-	-
wakanoura	wakanouɾa	WAKANOURA	oncoj	-	-
matuponoura	matuponouɾa	MATUPONOURA	oncoj	-	-
kasipigata	kasipiɡata	KASIPIGATA	oncoj	-	-
yunopara	junopaɾa	YUNOPARA	oncoj	-	-
tikara	tikaɾa	TIKARA	oncoj	-	-
timata	timata	TIMATA	oncoj	-	-
tinu	tinu	TINU	oncoj	-	-
tipu	tipu	TIPU	oncoj	-	-
tisa	tisa	TISA	oncoj	-	-
Tita	Tita	0ITA	oncoj	-	-
toba	toba	TOBA	oncoj	-	-
tobata	tobata	TOBATA	oncoj	-	-
tobusa	tobusa	TOBUSA	oncoj	-	-
toga	toɡa	TOGA	oncoj	-	-
togura	toɡuɾa	TOGURA	oncoj	-	-
tokipa	tokipa	TOKIPA	oncoj	-	-
tokitukaze	tokitukaze	TOKITUKASE	oncoj	-	-
tokonamye	tokonamʲe	TOKONAME	oncoj	-	-
tokorodura	tokoɾoduɾa	TOKORODURA	oncoj	-	-
tokorotura	tokoɾotuɾa	TOKOROTURA	oncoj	-	-
tokwo	tokwo	TOKWO	oncoj	-	-
tomi	tomi	TOMI	oncoj	-	-
twomi	twomi	TWOMI	oncoj	-	-
twomibito	twomibito	TWOMIBITO	oncoj	-	-
tomonowo	tomonowo	TOMONOWO	oncoj	-	-
tomonobye	tomonobje	TOMONOBYE	oncoj	-	-
tonami	tonami	TONAMI	oncoj	-	-
toneri	toneɾi	TONERI	oncoj	-	-
topetapomi	topetapomi	TOPETAPOMI	oncoj	-	-
topotu	topotu	TOPOTU	oncoj	-	-
torosi	toɾosi	TOROSI	oncoj	-	-
twosa	twosa	TWOSA	oncoj	-	-
tose	tose	TOSE	oncoj	-	-
totomi	totomi	TOTOMI	oncoj	-	-
twotu	twotu	TWOTU	oncoj	-	-
toya	toja	TOYA	oncoj	-	-
tubaiti	tubaiti	TUBAITI	oncoj	-	-
tubame	tubame	TUBAME	oncoj	-	-
tubana	tubana	TUBANA	oncoj	-	-
tubasa	tubasa	TUBASA	oncoj	-	-
tubo	tubo	TUBO	oncoj	-	-
tubosumire	tubosumiɾe	TUBOSUMIRE	oncoj	-	-
tubure	tubuɾe	TUBURE	oncoj	-	-
tuda	tuda	TUDA	oncoj	-	-
tudu	tudu	TUDU	oncoj	-	-
yuputudu	juputudu	YUPUTUDU	oncoj	-	-
tudumi	tudumi	TUDUMI	oncoj	-	-
tudura	tuduɾa	TUDURA	oncoj	-	-
tuga	tuɡa	TUGA	oncoj	-	-
tuginepu	tuɡinepu	TUGINEPU	oncoj	-	-
tuka	tuka	TUKA	oncoj	-	-
tukuma	tukuma	TUKUMA	oncoj	-	-
tukume	tukume	TUKUME	oncoj	-	-
tukupane	tukupane	TUKUPANE	oncoj	-	-
tukuwe	tukuwe	TUKUWE	oncoj	-	-
wome	wome	WOME	oncoj	-	-
tukuyomi	tukujomi	TUKUYOMI	oncoj	-	-
sabape	sabape	SABAPE	oncoj	-	-
tukuywomi	tukujwomi	TUKUYWOMI	oncoj	-	-
agi	aɡi	AGI	oncoj	-	-
umore	umoɾe	UMORE	oncoj	-	-
netukwo	netukwo	NETUKWO	oncoj	-	-
netukwogusa	netukwoɡusa	NETUKWOGUSA	oncoj	-	-
tumakwi	tumakwi	TUMAKWI	oncoj	-	-
tumama	tumama	TUMAMA	oncoj	-	-
tumaya	tumaja	TUMAYA	oncoj	-	-
tumuga	tumuɡa	TUMUGA	oncoj	-	-
mituga	mituɡa	MITUGA	oncoj	-	-
tumuzi	tumuzi	TUMUSI	oncoj	-	-
tuna	tuna	TUNA	oncoj	-	-
tunasi	tunasi	TUNASI	oncoj	-	-
tunusasi	tunusasi	TUNUSASI	oncoj	-	-
tunuga	tunuɡa	TUNUGA	oncoj	-	-
itipitu	itipitu	ITIPITU	oncoj	-	-
ture	tuɾe	TURE	oncoj	-	-
turupami	tuɾupami	TURUPAMI	oncoj	-	-
turugi	tuɾuɡi	TURUGI	oncoj	-	-
tusima	tusima	TUSIMA	oncoj	-	-
tuta	tuta	TUTA	oncoj	-	-
tutui	tutui	TUTUI	oncoj	-	-
tutukwi	tutukwi	TUTUKWI	oncoj	-	-
tuwe	tuwe	TUWE	oncoj	-	-
tuwo	tuwo	TUWO	oncoj	-	-
tuyu	tuju	TUYU	oncoj	-	-
twonari	twonaɾi	TWONARI	oncoj	-	-
twora	twoɾa	TWORA	oncoj	-	-
tworo	twoɾo	TWORO	oncoj	-	-
twositodwo	twositodwo	TWOSITODWO	oncoj	-	-
twozi	twozi	TWOSI	oncoj	-	-
ubara	ubaɾa	UBARA	oncoj	-	-
uda	uda	UDA	oncoj	-	-
udi	udi	UDI	oncoj	-	-
udima	udima	UDIMA	oncoj	-	-
udu	udu	UDU	oncoj	-	-
udura	uduɾa	UDURA	oncoj	-	-
ukapi	ukapi	UKAPI	oncoj	-	-
isitutui	isitutui	ISITUTUI	oncoj	-	-
kubututui	kubututui	KUBUTUTUI	oncoj	-	-
ukinunapa	ukinunapa	UKINUNAPA	oncoj	-	-
ukwo	ukwo	UKWO	oncoj	-	-
ukyera	ukʲeɾa	UKERA	oncoj	-	-
umaguta	umaɡuta	UMAGUTA	oncoj	-	-
umakori	umakoɾi	UMAKORI	oncoj	-	-
umase	umase	UMASE	oncoj	-	-
umaya	umaja	UMAYA	oncoj	-	-
ume	ume	UME	oncoj	-	-
umiwo	umiwo	UMIWO	oncoj	-	-
umo	umo	UMO	oncoj	-	-
umoregwi	umoɾeɡwi	UMOREGWI	oncoj	-	-
unapi	unapi	UNAPI	oncoj	-	-
unate	unate	UNATE	oncoj	-	-
unawi	unawi	UNAWI	oncoj	-	-
unemye	unemʲe	UNEME	oncoj	-	-
une	une	UNE	oncoj	-	-
unopana	unopana	UNOPANA	oncoj	-	-
upagwi	upaɡwi	UPAGWI	oncoj	-	-
upapye	upapʲe	UPAPE	oncoj	-	-
upyekata	upʲekata	UPEKATA	oncoj	-	-
uruya	uɾuja	URUYA	oncoj	-	-
uruwa	uɾuwa	URUWA	oncoj	-	-
usa	usa	USA	oncoj	-	-
mari	maɾi	MARI	oncoj	-	-
usayuduru	usajuduɾu	USAYUDURU	oncoj	-	-
usi	usi	USI	oncoj	-	-
usimadwo	usimadwo	USIMADWO	oncoj	-	-
usipo	usipo	USIPO	oncoj	-	-
usiro	usiɾo	USIRO	oncoj	-	-
usupi	usupi	USUPI	oncoj	-	-
ututa	ututa	UTUTA	oncoj	-	-
uta	uta	UTA	oncoj	-	-
utagatamo	utaɡatamo	UTAGATAMO	oncoj	-	-
utatakedani	utatakedani	UTATAKEDANI	oncoj	-	-
utate	utate	UTATE	oncoj	-	-
utikutiburino	utikutibuɾino	UTIKUTIBURINO	oncoj	-	-
utimwi	utimwi	UTIMWI	oncoj	-	-
utipi	utipi	UTIPI	oncoj	-	-
utiswo	utiswo	UTISWO	oncoj	-	-
utiswoyasi	utiswojasi	UTISWOYASI	oncoj	-	-
utumasa	utumasa	UTUMASA	oncoj	-	-
utupari	utupaɾi	UTUPARI	oncoj	-	-
uturautura	utuɾautuɾa	UTURAUTURA	oncoj	-	-
utuse	utuse	UTUSE	oncoj	-	-
utusegapi	utuseɡapi	UTUSEGAPI	oncoj	-	-
utusemi	utusemi	UTUSEMI	oncoj	-	-
utusomi	utusomi	UTUSOMI	oncoj	-	-
ututu	ututu	UTUTU	oncoj	-	-
uwo	uwo	UWO	oncoj	-	-
uzu	uzu	USU	oncoj	-	-
wada	wada	WADA	oncoj	-	-
waduka	waduka	WADUKA	oncoj	-	-
waduki	waduki	WADUKI	oncoj	-	-
wakame	wakame	WAKAME	oncoj	-	-
wakasa	wakasa	WAKASA	oncoj	-	-
wakasadi	wakasadi	WAKASADI	oncoj	-	-
wakayu	wakaju	WAKAYU	oncoj	-	-
wana	wana	WANA	oncoj	-	-
wani	wani	WANI	oncoj	-	-
wara	waɾa	WARA	oncoj	-	-
warabi	waɾabi	WARABI	oncoj	-	-
warapa	waɾapa	WARAPA	oncoj	-	-
wasa	wasa	WASA	oncoj	-	-
wasada	wasada	WASADA	oncoj	-	-
wasapo	wasapo	WASAPO	oncoj	-	-
wase	wase	WASE	oncoj	-	-
pitatuti	pitatuti	PITATUTI	oncoj	-	-
wasi	wasi	WASI	oncoj	-	-
wata	wata	WATA	oncoj	-	-
watakusi	watakusi	WATAKUSI	oncoj	-	-
watakusida	watakusida	WATAKUSIDA	oncoj	-	-
watatumi	watatumi	WATATUMI	oncoj	-	-
yamatumi	jamatumi	YAMATUMI	oncoj	-	-
yukike	jukike	YUKIKE	oncoj	-	-
yuweyosi	juwejosi	YUWEYOSI	oncoj	-	-
wawaraba	wawaɾaba	WAWARABA	oncoj	-	-
waza	waza	WASA	oncoj	-	-
wazami	wazami	WASAMI	oncoj	-	-
wegu	weɡu	WEGU	oncoj	-	-
wikapi	wikapi	WIKAPI	oncoj	-	-
wina	wina	WINA	oncoj	-	-
winaka	winaka	WINAKA	oncoj	-	-
wodwo	wodwo	WODWO	oncoj	-	-
wogusa	woɡusa	WOGUSA	oncoj	-	-
wogwi	woɡwi	WOGWI	oncoj	-	-
katawokayama	katawokajama	KATAWOKAYAMA	oncoj	-	-
woko	woko	WOKO	oncoj	-	-
wokusa	wokusa	WOKUSA	oncoj	-	-
womi	womi	WOMI	oncoj	-	-
womina	womina	WOMINA	oncoj	-	-
womura	womuɾa	WOMURA	oncoj	-	-
wona	wona	WONA	oncoj	-	-
wono	wono	WONO	oncoj	-	-
wonokwo	wonokwo	WONOKWO	oncoj	-	-
wonopyeda	wonopʲeda	WONOPEDA	oncoj	-	-
wonoto	wonoto	WONOTO	oncoj	-	-
woparida	wopaɾida	WOPARIDA	oncoj	-	-
wopu	wopu	WOPU	oncoj	-	-
wosa	wosa	WOSA	oncoj	-	-
wosagi	wosaɡi	WOSAGI	oncoj	-	-
wosaki	wosaki	WOSAKI	oncoj	-	-
woso	woso	WOSO	oncoj	-	-
wosoro	wosoɾo	WOSORO	oncoj	-	-
wosute	wosute	WOSUTE	oncoj	-	-
wotemo	wotemo	WOTEMO	oncoj	-	-
wototosi	wototosi	WOTOTOSI	oncoj	-	-
wotu	wotu	WOTU	oncoj	-	-
wozakari	wozakaɾi	WOSAKARI	oncoj	-	-
yabase	jabase	YABASE	oncoj	-	-
kakumiyadari	kakumijadaɾi	KAKUMIYADARI	oncoj	-	-
yade	jade	YADE	oncoj	-	-
yakata	jakata	YAKATA	oncoj	-	-
yamapi	jamapi	YAMAPI	oncoj	-	-
yamasina	jamasina	YAMASINA	oncoj	-	-
yamasiro	jamasiɾo	YAMASIRO	oncoj	-	-
yamato	jamato	YAMATO	oncoj	-	-
yamwi	jamwi	YAMWI	oncoj	-	-
yana	jana	YANA	oncoj	-	-
yane	jane	YANE	oncoj	-	-
yara	jaɾa	YARA	oncoj	-	-
yanwo	janwo	YANWO	oncoj	-	-
kutami	kutami	KUTAMI	oncoj	-	-
yasumikwo	jasumikwo	YASUMIKWO	oncoj	-	-
yaswokuma	jaswokuma	YASWOKUMA	oncoj	-	-
yata	jata	YATA	oncoj	-	-
yatumesasu	jatumesasu	YATUMESASU	oncoj	-	-
yeda	jeda	YEDA	oncoj	-	-
yodo	jodo	YODO	oncoj	-	-
yokusu	jokusu	YOKUSU	oncoj	-	-
yokogumo	jokoɡumo	YOKOGUMO	oncoj	-	-
yokwidi	jokwidi	YOKWIDI	oncoj	-	-
yomo	jomo	YOMO	oncoj	-	-
tanomo	tanomo	TANOMO	oncoj	-	-
yomogwi	jomoɡwi	YOMOGWI	oncoj	-	-
yomwi	jomwi	YOMWI	oncoj	-	-
yonabari	jonabaɾi	YONABARI	oncoj	-	-
nabari	nabaɾi	NABARI	oncoj	-	-
yopi	jopi	YOPI	oncoj	-	-
yopiyopi	jopijopi	YOPIYOPI	oncoj	-	-
yoroki	joɾoki	YOROKI	oncoj	-	-
yworu	jwoɾu	YWORU	oncoj	-	-
yoruka	joɾuka	YORUKA	oncoj	-	-
yosami	josami	YOSAMI	oncoj	-	-
yosinwo	josinwo	YOSINWO	oncoj	-	-
yoso	joso	YOSO	oncoj	-	-
yosopopi	josopopi	YOSOPOPI	oncoj	-	-
yosuka	josuka	YOSUKA	oncoj	-	-
yoti	joti	YOTI	oncoj	-	-
yuge	juɡe	YUGE	oncoj	-	-
yumapi	jumapi	YUMAPI	oncoj	-	-
atayumapi	atajumapi	ATAYUMAPI	oncoj	-	-
pitugi	pituɡi	PITUGI	oncoj	-	-
yumi	jumi	YUMI	oncoj	-	-
yunayuna	junajuna	YUNAYUNA	oncoj	-	-
yupazu	jupazu	YUPASU	oncoj	-	-
yupuke	jupuke	YUPUKE	oncoj	-	-
sirayupubana	siɾajupubana	SIRAYUPUBANA	oncoj	-	-
yukupye	jukupʲe	YUKUPE	oncoj	-	-
pitorigwo	pitoɾiɡwo	PITORIGWO	oncoj	-	-
yupuma	jupuma	YUPUMA	oncoj	-	-
toyora	tojoɾa	TOYORA	oncoj	-	-
kwinope	kwinope	KWINOPE	oncoj	-	-
yupunagi	jupunaɡi	YUPUNAGI	oncoj	-	-
asanagi	asanaɡi	ASANAGI	oncoj	-	-
yupuya	jupuja	YUPUYA	oncoj	-	-
yusasa	jusasa	YUSASA	oncoj	-	-
yutane	jutane	YUTANE	oncoj	-	-
yutuipamura	jutuipamuɾa	YUTUIPAMURA	oncoj	-	-
ywomi	jwomi	YWOMI	oncoj	-	-
ywora	jwoɾa	YWORA	oncoj	-	-
kasuyuzake	kasujuzake	KASUYUSAKE	oncoj	-	-
matizake	matizake	MATISAKE	oncoj	-	-
miyaziro	mijaziɾo	MIYASIRO	oncoj	-	-
mapi	mapi	MAPI	oncoj	-	-
itipiwi	itipiwi	ITIPIWI	oncoj	-	-
wonope	wonope	WONOPE	oncoj	-	-
kusagusa	kusaɡusa	KUSAGUSA	oncoj	-	-
kumo	kumo	KUMO	oncoj	-	-
oki	oki	OKI	oncoj	-	-
posi	posi	POSI	oncoj	-	-
tapenopo	tapenopo	TAPENOPO	oncoj	-	-
mesamasikusa	mesamasikusa	MESAMASIKUSA	oncoj	-	-
minaura	minauɾa	MINAURA	oncoj	-	-
kamwiyoriita	kamwijoɾiita	KAMWIYORIITA	oncoj	-	-
kotokoto	kotokoto	KOTOKOTO	oncoj	-	-
awa	awa	AWA	oncoj	-	-
nipinape	nipinape	NIPINAPE	oncoj	-	-
yamanobye	jamanobje	YAMANOBYE	oncoj	-	-
yakitu	jakitu	YAKITU	oncoj	-	-
kapadu	kapadu	KAPADU	oncoj	-	-
mapitogoto	mapitoɡoto	MAPITOGOTO	oncoj	-	-
pamasudori	pamasudoɾi	PAMASUDORI	oncoj	-	-
wakakomowo	wakakomowo	WAKAKOMOWO	oncoj	-	-
opoti	opoti	OPOTI	oncoj	-	-
ikupisa	ikupisa	IKUPISA	oncoj	-	-
pisasa	pisasa	PISASA	oncoj	-	-
sana	sana	SANA	oncoj	-	-
yakatawo	jakatawo	YAKATAWO	oncoj	-	-
akidunwo	akidunwo	AKIDUNWO	oncoj	-	-
akidunowonwo	akidunowonwo	AKIDUNOWONWO	oncoj	-	-
akwinooponwo	akwinooponwo	AKWINOOPONWO	oncoj	-	-
akwinonwo	akwinonwo	AKWINONWO	oncoj	-	-
tabasamiyama	tabasamijama	TABASAMIYAMA	oncoj	-	-
asanwo	asanwo	ASANWO	oncoj	-	-
asikita	asikita	ASIKITA	oncoj	-	-
apadisima	apadisima	APADISIMA	oncoj	-	-
apanokwosima	apanokwosima	APANOKWOSIMA	oncoj	-	-
asukagapa	asukaɡapa	ASUKAGAPA	oncoj	-	-
asukanokapa	asukanokapa	ASUKANOKAPA	oncoj	-	-
apadinosima	apadinosima	APADINOSIMA	oncoj	-	-
abesimayama	abesimajama	ABESIMAYAMA	oncoj	-	-
abetatibana	abetatibana	ABETATIBANA	oncoj	-	-
aminoura	aminouɾa	AMINOURA	oncoj	-	-
amenokaguyama	amenokaɡujama	AMENOKAGUYAMA	oncoj	-	-
ayutigata	ajutiɡata	AYUTIGATA	oncoj	-	-
arati	aɾati	ARATI	oncoj	-	-
aratiyama	aɾatijama	ARATIYAMA	oncoj	-	-
ararematubara	aɾaɾematubaɾa	ARAREMATUBARA	oncoj	-	-
arenosaki	aɾenosaki	ARENOSAKI	oncoj	-	-
ikatutiyama	ikatutijama	IKATUTIYAMA	oncoj	-	-
kagu	kaɡu	KAGU	oncoj	-	-
purukapa	puɾukapa	PURUKAPA	oncoj	-	-
isayagapa	isajaɡapa	ISAYAGAPA	oncoj	-	-
idumigapa	idumiɡapa	IDUMIGAPA	oncoj	-	-
iduminokapa	iduminokapa	IDUMINOKAPA	oncoj	-	-
iduminosatwo	iduminosatwo	IDUMINOSATWO	oncoj	-	-
awoniyosi	awonijosi	AWONIYOSI	oncoj	-	-
yasumisisi	jasumisisi	YASUMISISI	oncoj	-	-
awopatano	awopatano	AWOPATANO	oncoj	-	-
yakumwotatu	jakumwotatu	YAKUMWOTATU	oncoj	-	-
siramayumi	siɾamajumi	SIRAMAYUMI	oncoj	-	-
tukuyumino	tukujumino	TUKUYUMINO	oncoj	-	-
sikyesi	sikʲesi	SIKESI	oncoj	-	-
simaraku	simaɾaku	SIMARAKU	oncoj	-	-
akanesasu	akanesasu	AKANESASU	oncoj	-	-
aratamano	aɾatamano	ARATAMANO	oncoj	-	-
aratapeno	aɾatapeno	ARATAPENO	oncoj	-	-
isanatori	isanatoɾi	ISANATORI	oncoj	-	-
karikomono	kaɾikomono	KARIKOMONO	oncoj	-	-
komorikuno	komoɾikuno	KOMORIKUNO	oncoj	-	-
komorinuno	komoɾinuno	KOMORINUNO	oncoj	-	-
momosikwino	momosikwino	MOMOSIKWINO	oncoj	-	-
nubatamano	nubatamano	NUBATAMANO	oncoj	-	-
pisakatano	pisakatano	PISAKATANO	oncoj	-	-
puyugomori	pujuɡomoɾi	PUYUGOMORI	oncoj	-	-
gomor	ɡomoɾ	GOMOR	oncoj	-	-
sikitapeno	sikitapeno	SIKITAPENO	oncoj	-	-
sworamitu	swoɾamitu	SWORAMITU	oncoj	-	-
takakurano	takakuɾano	TAKAKURANO	oncoj	-	-
tamadusano	tamadusano	TAMADUSANO	oncoj	-	-
tamapokono	tamapokono	TAMAPOKONO	oncoj	-	-
tamanowono	tamanowono	TAMANOWONO	oncoj	-	-
taratineno	taɾatineno	TARATINENO	oncoj	-	-
adisapapu	adisapapu	ADISAPAPU	oncoj	-	-
mwomwodutapu	mwomwodutapu	MWOMWODUTAPU	oncoj	-	-
utinabiku	utinabiku	UTINABIKU	oncoj	-	-
akiyamano	akijamano	AKIYAMANO	oncoj	-	-
amadutapu	amadutapu	AMADUTAPU	oncoj	-	-
amakumono	amakumono	AMAKUMONO	oncoj	-	-
amazakaru	amazakaɾu	AMASAKARU	oncoj	-	-
amatobuya	amatobuja	AMATOBUYA	oncoj	-	-
ameniaru	ameniaɾu	AMENIARU	oncoj	-	-
ararepuri	aɾaɾepuɾi	ARAREPURI	oncoj	-	-
arikinuno	aɾikinuno	ARIKINUNO	oncoj	-	-
arikinu	aɾikinu	ARIKINU	oncoj	-	-
asagwirino	asaɡwiɾino	ASAGWIRINO	oncoj	-	-
asamoyosi	asamojosi	ASAMOYOSI	oncoj	-	-
asatorino	asatoɾino	ASATORINO	oncoj	-	-
asatuyuno	asatujuno	ASATUYUNO	oncoj	-	-
asikakino	asikakino	ASIKAKINO	oncoj	-	-
takapikaru	takapikaɾu	TAKAPIKARU	oncoj	-	-
takayukuya	takajukuja	TAKAYUKUYA	oncoj	-	-
takaterasu	takateɾasu	TAKATERASU	oncoj	-	-
takasiruya	takasiɾuja	TAKASIRUYA	oncoj	-	-
utusemino	utusemino	UTUSEMINO	oncoj	-	-
asipikwino	asipikwino	ASIPIKWINO	oncoj	-	-
tamatasuki	tamatasuki	TAMATASUKI	oncoj	-	-
tamakiparu	tamakipaɾu	TAMAKIPARU	oncoj	-	-
tamakagiru	tamakaɡiɾu	TAMAKAGIRU	oncoj	-	-
tamadareno	tamadaɾeno	TAMADARENO	oncoj	-	-
tamadare	tamadaɾe	TAMADARE	oncoj	-	-
matamatuku	matamatuku	MATAMATUKU	oncoj	-	-
tamakusiro	tamakusiɾo	TAMAKUSIRO	oncoj	-	-
tamakatuma	tamakatuma	TAMAKATUMA	oncoj	-	-
tamapayasu	tamapajasu	TAMAPAYASU	oncoj	-	-
pasikiyasi	pasikijasi	PASIKIYASI	oncoj	-	-
utipisasu	utipisasu	UTIPISASU	oncoj	-	-
ositeruya	ositeɾuja	OSITERUYA	oncoj	-	-
saniturapu	sanituɾapu	SANITURAPU	oncoj	-	-
akarapiku	akaɾapiku	AKARAPIKU	oncoj	-	-
matugapyeri	matuɡapʲeɾi	MATUGAPERI	oncoj	-	-
matukapeno	matukapeno	MATUKAPENO	oncoj	-	-
kimomukapu	kimomukapu	KIMOMUKAPU	oncoj	-	-
pasimukapu	pasimukapu	PASIMUKAPU	oncoj	-	-
mikemukapu	mikemukapu	MIKEMUKAPU	oncoj	-	-
notogapano	notoɡapano	NOTOGAPANO	oncoj	-	-
tamamoyosi	tamamojosi	TAMAMOYOSI	oncoj	-	-
tumagomoru	tumaɡomoɾu	TUMAGOMORU	oncoj	-	-
momotarazu	momotaɾazu	MOMOTARASU	oncoj	-	-
tuwetarazu	tuwetaɾazu	TUWETARASU	oncoj	-	-
amadamu	amadamu	AMADAMU	oncoj	-	-
tonamiparu	tonamipaɾu	TONAMIPARU	oncoj	-	-
kotosapyeku	kotosapʲeku	KOTOSAPEKU	oncoj	-	-
sinadayupu	sinadajupu	SINADAYUPU	oncoj	-	-
sirwotapeno	siɾwotapeno	SIRWOTAPENO	oncoj	-	-
adikamano	adikamano	ADIKAMANO	oncoj	-	-
punaamari	punaamaɾi	PUNAAMARI	oncoj	-	-
natuswobiku	natuswobiku	NATUSWOBIKU	oncoj	-	-
sinazakaru	sinazakaɾu	SINASAKARU	oncoj	-	-
nakukwonasu	nakukwonasu	NAKUKWONASU	oncoj	-	-
nagurusano	naɡuɾusano	NAGURUSANO	oncoj	-	-
imidu	imidu	IMIDU	oncoj	-	-
kisima	kisima	KISIMA	oncoj	-	-
yokosa	jokosa	YOKOSA	oncoj	-	-
isatisukune	isatisukune	ISATISUKUNE	oncoj	-	-
omoposi	omoposi	OMOPOSI	oncoj	-	-
notoka	notoka	NOTOKA	oncoj	-	-
sirakatuku	siɾakatuku	SIRAKATUKU	oncoj	-	-
katakapi	katakapi	KATAKAPI	oncoj	-	-
yagapaye	jaɡapaje	YAGAPAYE	oncoj	-	-
makuraga	makuɾaɡa	MAKURAGA	oncoj	-	-
koga	koɡa	KOGA	oncoj	-	-
opoga	opoɡa	OPOGA	oncoj	-	-
mwokwo	mwokwo	MWOKWO	oncoj	-	-
mikasa	mikasa	MIKASA	oncoj	-	-
kasi	kasi	KASI	oncoj	-	-
kati	kati	KATI	oncoj	-	-
matwokata	matwokata	MATWOKATA	oncoj	-	-
pirakata	piɾakata	PIRAKATA	oncoj	-	-
agata	aɡata	AGATA	oncoj	-	-
yamagata	jamaɡata	YAMAGATA	oncoj	-	-
akasi	akasi	AKASI	oncoj	-	-
ikari	ikaɾi	IKARI	oncoj	-	-
ipopara	ipopaɾa	IPOPARA	oncoj	-	-
idetati	idetati	IDETATI	oncoj	-	-
anani	anani	ANANI	oncoj	-	-
arawi	aɾawi	ARAWI	oncoj	-	-
iswosaki	iswosaki	ISWOSAKI	oncoj	-	-
ipase	ipase	IPASE	oncoj	-	-
aratama	aɾatama	ARATAMA	oncoj	-	-
inaki	inaki	INAKI	oncoj	-	-
urabye	uɾabje	URABYE	oncoj	-	-
udukwi	udukwi	UDUKWI	oncoj	-	-
katami	katami	KATAMI	oncoj	-	-
katusika	katusika	KATUSIKA	oncoj	-	-
karigane	kaɾiɡane	KARIGANE	oncoj	-	-
mikane	mikane	MIKANE	oncoj	-	-
kama	kama	KAMA	oncoj	-	-
kamakura	kamakuɾa	KAMAKURA	oncoj	-	-
karipa	kaɾipa	KARIPA	oncoj	-	-
karidi	kaɾidi	KARIDI	oncoj	-	-
mimakwiiribikwo	mimakwiiɾibikwo	MIMAKWIIRIBIKWO	oncoj	-	-
karanwo	kaɾanwo	KARANWO	oncoj	-	-
sakakwi	sakakwi	SAKAKWI	oncoj	-	-
kupi	kupi	KUPI	oncoj	-	-
kwiri	kwiɾi	KWIRI	oncoj	-	-
kuki	kuki	KUKI	oncoj	-	-
kukuri	kukuɾi	KUKURI	oncoj	-	-
uraganasi	uɾaɡanasi	URAGANASI	oncoj	-	-
utusigokoro	utusiɡokoɾo	UTUSIGOKORO	oncoj	-	-
nakamana	nakamana	NAKAMANA	oncoj	-	-
yapyekwo	japʲekwo	YAPEKWO	oncoj	-	-
wogura	woɡuɾa	WOGURA	oncoj	-	-
kupakwo	kupakwo	KUPAKWO	oncoj	-	-
kumanwo	kumanwo	KUMANWO	oncoj	-	-
kodoki	kodoki	KODOKI	oncoj	-	-
kotu	kotu	KOTU	oncoj	-	-
kopata	kopata	KOPATA	oncoj	-	-
adisikwitakapikwone	adisikwitakapikwone	ADISIKWITAKAPIKWONE	oncoj	-	-
kwonami	kwonami	KWONAMI	oncoj	-	-
upanari	upanaɾi	UPANARI	oncoj	-	-
nuyekwotori	nujekwotoɾi	NUYEKWOTORI	oncoj	-	-
poriye	poɾije	PORIYE	oncoj	-	-
matamiru	matamiɾu	MATAMIRU	oncoj	-	-
pukamiru	pukamiɾu	PUKAMIRU	oncoj	-	-
minanowata	minanowata	MINANOWATA	oncoj	-	-
ikemidu	ikemidu	IKEMIDU	oncoj	-	-
ikenami	ikenami	IKENAMI	oncoj	-	-
ywobukwodori	jwobukwodoɾi	YWOBUKWODORI	oncoj	-	-
kwomoti	kwomoti	KWOMOTI	oncoj	-	-
kwopu	kwopu	KWOPU	oncoj	-	-
tegwo	teɡwo	TEGWO	oncoj	-	-
kotopakari	kotopakaɾi	KOTOPAKARI	oncoj	-	-
koroku	koɾoku	KOROKU	oncoj	-	-
sani	sani	SANI	oncoj	-	-
saninuri	saninuɾi	SANINURI	oncoj	-	-
saywopimye	sajwopimʲe	SAYWOPIME	oncoj	-	-
kagepimye	kaɡepimʲe	KAGEPIME	oncoj	-	-
arasaka	aɾasaka	ARASAKA	oncoj	-	-
sakatori	sakatoɾi	SAKATORI	oncoj	-	-
sakadwo	sakadwo	SAKADWO	oncoj	-	-
manurar	manuɾaɾ	MANURAR	oncoj	-	-
usaka	usaka	USAKA	oncoj	-	-
kapyeru	kapʲeɾu	KAPERU	oncoj	-	-
sumisaka	sumisaka	SUMISAKA	oncoj	-	-
sumi	sumi	SUMI	oncoj	-	-
tapusi	tapusi	TAPUSI	oncoj	-	-
sakikusa	sakikusa	SAKIKUSA	oncoj	-	-
opobakwo	opobakwo	OPOBAKWO	oncoj	-	-
sasibu	sasibu	SASIBU	oncoj	-	-
sasizumi	sasizumi	SASISUMI	oncoj	-	-
sasutape	sasutape	SASUTAPE	oncoj	-	-
sasutake	sasutake	SASUTAKE	oncoj	-	-
kasumi	kasumi	KASUMI	oncoj	-	-
nakisapa	nakisapa	NAKISAPA	oncoj	-	-
pinokuma	pinokuma	PINOKUMA	oncoj	-	-
siposawi	siposawi	SIPOSAWI	oncoj	-	-
sawawe	sawawe	SAWAWE	oncoj	-	-
sawosika	sawosika	SAWOSIKA	oncoj	-	-
sidariyanagwi	sidaɾijanaɡwi	SIDARIYANAGWI	oncoj	-	-
simidu	simidu	SIMIDU	oncoj	-	-
sikanoura	sikanouɾa	SIKANOURA	oncoj	-	-
sikanoyama	sikanojama	SIKANOYAMA	oncoj	-	-
maturagata	matuɾaɡata	MATURAGATA	oncoj	-	-
maturayama	matuɾajama	MATURAYAMA	oncoj	-	-
maturagapa	matuɾaɡapa	MATURAGAPA	oncoj	-	-
maturanokapa	matuɾanokapa	MATURANOKAPA	oncoj	-	-
sikasugani	sikasuɡani	SIKASUGANI	oncoj	-	-
sigarami	siɡaɾami	SIGARAMI	oncoj	-	-
sikwisimano	sikwisimano	SIKWISIMANO	oncoj	-	-
sikwisima	sikwisima	SIKWISIMA	oncoj	-	-
sidakusa	sidakusa	SIDAKUSA	oncoj	-	-
omotiti	omotiti	OMOTITI	oncoj	-	-
sisikusiro	sisikusiɾo	SISIKUSIRO	oncoj	-	-
sizimi	sizimi	SISIMI	oncoj	-	-
sitadami	sitadami	SITADAMI	oncoj	-	-
sitawemasi	sitawemasi	SITAWEMASI	oncoj	-	-
siduwo	siduwo	SIDUWO	oncoj	-	-
akura	akuɾa	AKURA	oncoj	-	-
akunoura	akunouɾa	AKUNOURA	oncoj	-	-
aku	aku	AKU	oncoj	-	-
oponoura	oponouɾa	OPONOURA	oncoj	-	-
sinatatu	sinatatu	SINATATU	oncoj	-	-
sinateru	sinateɾu	SINATERU	oncoj	-	-
asazinwopara	asazinwopaɾa	ASASINWOPARA	oncoj	-	-
panisina	panisina	PANISINA	oncoj	-	-
sibatuki	sibatuki	SIBATUKI	oncoj	-	-
sibuwo	sibuwo	SIBUWO	oncoj	-	-
sibutani	sibutani	SIBUTANI	oncoj	-	-
adikama	adikama	ADIKAMA	oncoj	-	-
utuyupu	utujupu	UTUYUPU	oncoj	-	-
sipoke	sipoke	SIPOKE	oncoj	-	-
urasima	uɾasima	URASIMA	oncoj	-	-
tasimi	tasimi	TASIMI	oncoj	-	-
simotukyenwo	simotukʲenwo	SIMOTUKENWO	oncoj	-	-
siraka	siɾaka	SIRAKA	oncoj	-	-
sirakamwi	siɾakamwi	SIRAKAMWI	oncoj	-	-
sirupa	siɾupa	SIRUPA	oncoj	-	-
sugasima	suɡasima	SUGASIMA	oncoj	-	-
suzuganeno	suzuɡaneno	SUSUGANENO	oncoj	-	-
kiywosumi	kijwosumi	KIYWOSUMI	oncoj	-	-
punase	punase	PUNASE	oncoj	-	-
notise	notise	NOTISE	oncoj	-	-
sworakazwopu	swoɾakazwopu	SWORAKASWOPU	oncoj	-	-
sworadi	swoɾadi	SWORADI	oncoj	-	-
sanukata	sanukata	SANUKATA	oncoj	-	-
tadama	tadama	TADAMA	oncoj	-	-
asidama	asidama	ASIDAMA	oncoj	-	-
tamakura	tamakuɾa	TAMAKURA	oncoj	-	-
Ukita	Ukita	0KITA	oncoj	-	-
ipata	ipata	IPATA	oncoj	-	-
opoura	opouɾa	OPOURA	oncoj	-	-
takami	takami	TAKAMI	oncoj	-	-
seta	seta	SETA	oncoj	-	-
notose	notose	NOTOSE	oncoj	-	-
matudaye	matudaje	MATUDAYE	oncoj	-	-
sinwoda	sinwoda	SINWODA	oncoj	-	-
takatuki	takatuki	TAKATUKI	oncoj	-	-
takatono	takatono	TAKATONO	oncoj	-	-
takane	takane	TAKANE	oncoj	-	-
takapasi	takapasi	TAKAPASI	oncoj	-	-
takapi	takapi	TAKAPI	oncoj	-	-
takamatwo	takamatwo	TAKAMATWO	oncoj	-	-
katinwo	katinwo	KATINWO	oncoj	-	-
takasima	takasima	TAKASIMA	oncoj	-	-
takasiki	takasiki	TAKASIKI	oncoj	-	-
takatu	takatu	TAKATU	oncoj	-	-
takatunwo	takatunwo	TAKATUNWO	oncoj	-	-
takamikura	takamikuɾa	TAKAMIKURA	oncoj	-	-
takakura	takakuɾa	TAKAKURA	oncoj	-	-
takasi	takasi	TAKASI	oncoj	-	-
takaya	takaja	TAKAYA	oncoj	-	-
takayama	takajama	TAKAYAMA	oncoj	-	-
taginoupe	taɡinoupe	TAGINOUPE	oncoj	-	-
takupireno	takupiɾeno	TAKUPIRENO	oncoj	-	-
sanakadura	sanakaduɾa	SANAKADURA	oncoj	-	-
yupututumi	jupututumi	YUPUTUTUMI	oncoj	-	-
tutumiwi	tutumiwi	TUTUMIWI	oncoj	-	-
pasiriwi	pasiɾiwi	PASIRIWI	oncoj	-	-
napanori	napanoɾi	NAPANORI	oncoj	-	-
suminapa	suminapa	SUMINAPA	oncoj	-	-
takumi	takumi	TAKUMI	oncoj	-	-
takwo	takwo	TAKWO	oncoj	-	-
tadakwoye	tadakwoje	TADAKWOYE	oncoj	-	-
tadamwi	tadamwi	TADAMWI	oncoj	-	-
patanwo	patanwo	PATANWO	oncoj	-	-
itupata	itupata	ITUPATA	oncoj	-	-
komotatami	komotatami	KOMOTATAMI	oncoj	-	-
tatari	tataɾi	TATARI	oncoj	-	-
tatinosiri	tatinosiɾi	TATINOSIRI	oncoj	-	-
kukutati	kukutati	KUKUTATI	oncoj	-	-
yakitatino	jakitatino	YAKITATINO	oncoj	-	-
yakitatiwo	jakitatiwo	YAKITATIWO	oncoj	-	-
yupudati	jupudati	YUPUDATI	oncoj	-	-
muratorino	muɾatoɾino	MURATORINO	oncoj	-	-
kodati	kodati	KODATI	oncoj	-	-
tadikara	tadikaɾa	TADIKARA	oncoj	-	-
tadugana	taduɡana	TADUGANA	oncoj	-	-
tadugane	taduɡane	TADUGANE	oncoj	-	-
taduna	taduna	TADUNA	oncoj	-	-
panaduna	panaduna	PANADUNA	oncoj	-	-
nuki	nuki	NUKI	oncoj	-	-
tanare	tanaɾe	TANARE	oncoj	-	-
tanipadi	tanipadi	TANIPADI	oncoj	-	-
tura	tuɾa	TURA	oncoj	-	-
tabine	tabine	TABINE	oncoj	-	-
kusirotuku	kusiɾotuku	KUSIROTUKU	oncoj	-	-
tamaki	tamaki	TAMAKI	oncoj	-	-
tami	tami	TAMI	oncoj	-	-
pusatawori	pusatawoɾi	PUSATAWORI	oncoj	-	-
tamotopori	tamotopoɾi	TAMOTOPORI	oncoj	-	-
taywowa	tajwowa	TAYWOWA	oncoj	-	-
taratisiya	taɾatisija	TARATISIYA	oncoj	-	-
taratisino	taɾatisino	TARATISINO	oncoj	-	-
tawori	tawoɾi	TAWORI	oncoj	-	-
tigaya	tiɡaja	TIGAYA	oncoj	-	-
titinomwino	titinomwino	TITINOMWINO	oncoj	-	-
tibano	tibano	TIBANO	oncoj	-	-
tiri	tiɾi	TIRI	oncoj	-	-
mitukapa	mitukapa	MITUKAPA	oncoj	-	-
opotu	opotu	OPOTU	oncoj	-	-
sikitu	sikitu	SIKITU	oncoj	-	-
aratu	aɾatu	ARATU	oncoj	-	-
mopakitu	mopakitu	MOPAKITU	oncoj	-	-
tuganwo	tuɡanwo	TUGANWO	oncoj	-	-
tukanedomo	tukanedomo	TUKANEDOMO	oncoj	-	-
tukwikusa	tukwikusa	TUKWIKUSA	oncoj	-	-
yutukwi	jutukwi	YUTUKWI	oncoj	-	-
pumitukwi	pumitukwi	PUMITUKWI	oncoj	-	-
nagatukwi	naɡatukwi	NAGATUKWI	oncoj	-	-
tukwikusano	tukwikusano	TUKWIKUSANO	oncoj	-	-
tuginepuya	tuɡinepuja	TUGINEPUYA	oncoj	-	-
okitutori	okitutoɾi	OKITUTORI	oncoj	-	-
nagatwo	naɡatwo	NAGATWO	oncoj	-	-
tunwosima	tunwosima	TUNWOSIMA	oncoj	-	-
tunwoga	tunwoɡa	TUNWOGA	oncoj	-	-
tumade	tumade	TUMADE	oncoj	-	-
asaduma	asaduma	ASADUMA	oncoj	-	-
tumi	tumi	TUMI	oncoj	-	-
turara	tuɾaɾa	TURARA	oncoj	-	-
narutwo	naɾutwo	NARUTWO	oncoj	-	-
ipisikwoga	ipisikwoɡa	IPISIKWOGA	oncoj	-	-
putami	putami	PUTAMI	oncoj	-	-
murasakino	muɾasakino	MURASAKINO	oncoj	-	-
umiwonasu	umiwonasu	UMIWONASU	oncoj	-	-
pyenami	pʲenami	PENAMI	oncoj	-	-
tokikinuno	tokikinuno	TOKIKINUNO	oncoj	-	-
topotupito	topotupito	TOPOTUPITO	oncoj	-	-
agakokoro	aɡakokoɾo	AGAKOKORO	oncoj	-	-
uduranaku	uduɾanaku	UDURANAKU	oncoj	-	-
sanwopari	sanwopaɾi	SANWOPARI	oncoj	-	-
midarewo	midaɾewo	MIDAREWO	oncoj	-	-
tariwo	taɾiwo	TARIWO	oncoj	-	-
sagasi	saɡasi	SAGASI	oncoj	-	-
parukasumi	paɾukasumi	PARUKASUMI	oncoj	-	-
ipatunano	ipatunano	IPATUNANO	oncoj	-	-
opokimino	opokimino	OPOKIMINO	oncoj	-	-
awomidura	awomiduɾa	AWOMIDURA	oncoj	-	-
mononopuno	mononopuno	MONONOPUNO	oncoj	-	-
kosiboso	kosiboso	KOSIBOSO	oncoj	-	-
sagisaka	saɡisaka	SAGISAKA	oncoj	-	-
kamitukenwo	kamitukenwo	KAMITUKENWO	oncoj	-	-
pukepi	pukepi	PUKEPI	oncoj	-	-
topotukamwi	topotukamwi	TOPOTUKAMWI	oncoj	-	-
katori	katoɾi	KATORI	oncoj	-	-
imogasima	imoɡasima	IMOGASIMA	oncoj	-	-
ipakura	ipakuɾa	IPAKURA	oncoj	-	-
pasitateno	pasitateno	PASITATENO	oncoj	-	-
tokage	tokaɡe	TOKAGE	oncoj	-	-
migaposi	miɡaposi	MIGAPOSI	oncoj	-	-
arigaposi	aɾiɡaposi	ARIGAPOSI	oncoj	-	-
subyena	subjena	SUBYENA	oncoj	-	-
opuwoyosi	opuwojosi	OPUWOYOSI	oncoj	-	-
imogatewo	imoɡatewo	IMOGATEWO	oncoj	-	-
mipye	mipʲe	MIPE	oncoj	-	-
kunisu	kunisu	KUNISU	oncoj	-	-
tatikomo	tatikomo	TATIKOMO	oncoj	-	-
nubatama	nubatama	NUBATAMA	oncoj	-	-
tokimori	tokimoɾi	TOKIMORI	oncoj	-	-
sipatu	sipatu	SIPATU	oncoj	-	-
tokoyo	tokojo	TOKOYO	oncoj	-	-
tosinopa	tosinopa	TOSINOPA	oncoj	-	-
tosinowo	tosinowo	TOSINOWO	oncoj	-	-
twone	twone	TWONE	oncoj	-	-
tobutorino	tobutoɾino	TOBUTORINO	oncoj	-	-
minasitapu	minasitapu	MINASITAPU	oncoj	-	-
minasosoku	minasosoku	MINASOSOKU	oncoj	-	-
tobupwi	tobupwi	TOBUPWI	oncoj	-	-
pitotose	pitotose	PITOTOSE	oncoj	-	-
topotuma	topotuma	TOPOTUMA	oncoj	-	-
topona	topona	TOPONA	oncoj	-	-
toponaga	toponaɡa	TOPONAGA	oncoj	-	-
toyokuni	tojokuni	TOYOKUNI	oncoj	-	-
toriganaku	toɾiɡanaku	TORIGANAKU	oncoj	-	-
opotorino	opotoɾino	OPOTORINO	oncoj	-	-
midutorino	midutoɾino	MIDUTORINO	oncoj	-	-
parutorino	paɾutoɾino	PARUTORINO	oncoj	-	-
siratorino	siɾatoɾino	SIRATORINO	oncoj	-	-
ipyesima	ipʲesima	IPESIMA	oncoj	-	-
nakwo	nakwo	NAKWO	oncoj	-	-
simatutori	simatutoɾi	SIMATUTORI	oncoj	-	-
yapoyorodu	japojoɾodu	YAPOYORODU	oncoj	-	-
megoto	meɡoto	MEGOTO	oncoj	-	-
manakapi	manakapi	MANAKAPI	oncoj	-	-
naoto	naoto	NAOTO	oncoj	-	-
nakagoto	nakaɡoto	NAKAGOTO	oncoj	-	-
nakada	nakada	NAKADA	oncoj	-	-
nagati	naɡati	NAGATI	oncoj	-	-
nakanobori	nakanoboɾi	NAKANOBORI	oncoj	-	-
nagame	naɡame	NAGAME	oncoj	-	-
mitugurino	mituɡuɾino	MITUGURINO	oncoj	-	-
nagaya	naɡaja	NAGAYA	oncoj	-	-
nagaywo	naɡajwo	NAGAYWO	oncoj	-	-
nagi	naɡi	NAGI	oncoj	-	-
uwekwonagwi	uwekwonaɡwi	UWEKWONAGWI	oncoj	-	-
kokoronagusa	kokoɾonaɡusa	KOKORONAGUSA	oncoj	-	-
nageya	naɡeja	NAGEYA	oncoj	-	-
nanigokoro	naniɡokoɾo	NANIGOKORO	oncoj	-	-
saku	saku	SAKU	oncoj	-	-
natunwo	natunwo	NATUNWO	oncoj	-	-
natukage	natukaɡe	NATUKAGE	oncoj	-	-
natumusi	natumusi	NATUMUSI	oncoj	-	-
musi	musi	MUSI	oncoj	-	-
nanaywo	nanajwo	NANAYWO	oncoj	-	-
nanakusa	nanakusa	NANAKUSA	oncoj	-	-
nanakuruma	nanakuɾuma	NANAKURUMA	oncoj	-	-
nanapusuge	nanapusuɡe	NANAPUSUGE	oncoj	-	-
nanayo	nanajo	NANAYO	oncoj	-	-
nanigoto	naniɡoto	NANIGOTO	oncoj	-	-
naniyuwe	nanijuwe	NANIYUWE	oncoj	-	-
nanimono	nanimono	NANIMONO	oncoj	-	-
itupye	itupʲe	ITUPE	oncoj	-	-
nabikimo	nabikimo	NABIKIMO	oncoj	-	-
pudinami	pudinami	PUDINAMI	oncoj	-	-
siranami	siɾanami	SIRANAMI	oncoj	-	-
namikumo	namikumo	NAMIKUMO	oncoj	-	-
narasiba	naɾasiba	NARASIBA	oncoj	-	-
patuni	patuni	PATUNI	oncoj	-	-
nigurwo	niɡuɾwo	NIGURWO	oncoj	-	-
yanipa	janipa	YANIPA	oncoj	-	-
nipakusa	nipakusa	NIPAKUSA	oncoj	-	-
nipatutori	nipatutoɾi	NIPATUTORI	oncoj	-	-
nipanaka	nipanaka	NIPANAKA	oncoj	-	-
nipinapeya	nipinapeja	NIPINAPEYA	oncoj	-	-
nipisimamori	nipisimamoɾi	NIPISIMAMORI	oncoj	-	-
nipoyewotomye	nipojewotomʲe	NIPOYEWOTOME	oncoj	-	-
komorinu	komoɾinu	KOMORINU	oncoj	-	-
ipakakinuma	ipakakinuma	IPAKAKINUMA	oncoj	-	-
sawotwori	sawotwoɾi	SAWOTWORI	oncoj	-	-
nuyedori	nujedoɾi	NUYEDORI	oncoj	-	-
nuyedorino	nujedoɾino	NUYEDORINO	oncoj	-	-
nukagami	nukaɡami	NUKAGAMI	oncoj	-	-
situnusa	situnusa	SITUNUSA	oncoj	-	-
atonusi	atonusi	ATONUSI	oncoj	-	-
nunwokatakinu	nunwokatakinu	NUNWOKATAKINU	oncoj	-	-
nunwokinu	nunwokinu	NUNWOKINU	oncoj	-	-
tuto	tuto	TUTO	oncoj	-	-
nureginu	nuɾeɡinu	NUREGINU	oncoj	-	-
makine	makine	MAKINE	oncoj	-	-
ukine	ukine	UKINE	oncoj	-	-
opone	opone	OPONE	oncoj	-	-
kusane	kusane	KUSANE	oncoj	-	-
suganone	suɡanone	SUGANONE	oncoj	-	-
suganoneno	suɡanoneno	SUGANONENO	oncoj	-	-
kakine	kakine	KAKINE	oncoj	-	-
matugane	matuɡane	MATUGANE	oncoj	-	-
matuganeno	matuɡaneno	MATUGANENO	oncoj	-	-
nepariadusa	nepaɾiadusa	NEPARIADUSA	oncoj	-	-
simane	simane	SIMANE	oncoj	-	-
kuzunone	kuzunone	KUSUNONE	oncoj	-	-
kuzunoneno	kuzunoneno	KUSUNONENO	oncoj	-	-
panekadura	panekaduɾa	PANEKADURA	oncoj	-	-
awone	awone	AWONE	oncoj	-	-
awonegamine	awoneɡamine	AWONEGAMINE	oncoj	-	-
sanedoko	sanedoko	SANEDOKO	oncoj	-	-
amekanabata	amekanabata	AMEKANABATA	oncoj	-	-
nezirwono	neziɾwono	NESIRWONO	oncoj	-	-
nerapar	neɾapaɾ	NERAPAR	oncoj	-	-
nwogwi	nwoɡwi	NWOGWI	oncoj	-	-
noki	noki	NOKI	oncoj	-	-
sakatorino	sakatoɾino	SAKATORINO	oncoj	-	-
tabiyador	tabijadoɾ	TABIYADOR	oncoj	-	-
notipito	notipito	NOTIPITO	oncoj	-	-
nwotutori	nwotutoɾi	NWOTUTORI	oncoj	-	-
nwonaka	nwonaka	NWONAKA	oncoj	-	-
nwobwi	nwobwi	NWOBWI	oncoj	-	-
pitonaburi	pitonabuɾi	PITONABURI	oncoj	-	-
nwomori	nwomoɾi	NWOMORI	oncoj	-	-
nwoyama	nwojama	NWOYAMA	oncoj	-	-
nwoyamadukasa	nwojamadukasa	NWOYAMADUKASA	oncoj	-	-
paoto	paoto	PAOTO	oncoj	-	-
pimusipa	pimusipa	PIMUSIPA	oncoj	-	-
kusapa	kusapa	KUSAPA	oncoj	-	-
pagukumor	paɡukumoɾ	PAGUKUMOR	oncoj	-	-
sasipa	sasipa	SASIPA	oncoj	-	-
kamopa	kamopa	KAMOPA	oncoj	-	-
awoba	awoba	AWOBA	oncoj	-	-
motopa	motopa	MOTOPA	oncoj	-	-
kuzupa	kuzupa	KUSUPA	oncoj	-	-
asapa	asapa	ASAPA	oncoj	-	-
kurenawino	kuɾenawino	KURENAWINO	oncoj	-	-
asapanwo	asapanwo	ASAPANWO	oncoj	-	-
patisupa	patisupa	PATISUPA	oncoj	-	-
yudurupa	juduɾupa	YUDURUPA	oncoj	-	-
kayakaribaka	kajakaɾibaka	KAYAKARIBAKA	oncoj	-	-
pudibakama	pudibakama	PUDIBAKAMA	oncoj	-	-
pakare	pakaɾe	PAKARE	oncoj	-	-
pagwipara	paɡwipaɾa	PAGWIPARA	oncoj	-	-
wasapagwi	wasapaɡwi	WASAPAGWI	oncoj	-	-
akinwo	akinwo	AKINWO	oncoj	-	-
pagwipana	paɡwipana	PAGWIPANA	oncoj	-	-
tutuzipana	tutuzipana	TUTUSIPANA	oncoj	-	-
utipasi	utipasi	UTIPASI	oncoj	-	-
tanapasi	tanapasi	TANAPASI	oncoj	-	-
pasitate	pasitate	PASITATE	oncoj	-	-
isipasi	isipasi	ISIPASI	oncoj	-	-
amapasi	amapasi	AMAPASI	oncoj	-	-
ipapasi	ipapasi	IPAPASI	oncoj	-	-
pipasi	pipasi	PIPASI	oncoj	-	-
ukipasi	ukipasi	UKIPASI	oncoj	-	-
opopasi	opopasi	OPOPASI	oncoj	-	-
tamapasi	tamapasi	TAMAPASI	oncoj	-	-
sawopasi	sawopasi	SAWOPASI	oncoj	-	-
kutipipik	kutipipik	KUTIPIPIK	oncoj	-	-
oinami	oinami	OINAMI	oncoj	-	-
paziyumi	pazijumi	PASIYUMI	oncoj	-	-
makwibasira	makwibasiɾa	MAKWIBASIRA	oncoj	-	-
ipabasiru	ipabasiɾu	IPABASIRU	oncoj	-	-
amapase	amapase	AMAPASE	oncoj	-	-
amapasedukapi	amapasedukapi	AMAPASEDUKAPI	oncoj	-	-
patamono	patamono	PATAMONO	oncoj	-	-
patakumo	patakumo	PATAKUMO	oncoj	-	-
situpataobi	situpataobi	SITUPATAOBI	oncoj	-	-
padasusuki	padasusuki	PADASUSUKI	oncoj	-	-
patukowe	patukowe	PATUKOWE	oncoj	-	-
patumomitiba	patumomitiba	PATUMOMITIBA	oncoj	-	-
patuwobana	patuwobana	PATUWOBANA	oncoj	-	-
patutari	patutaɾi	PATUTARI	oncoj	-	-
patuakikaze	patuakikaze	PATUAKIKASE	oncoj	-	-
patuyuki	patujuki	PATUYUKI	oncoj	-	-
patuparu	patupaɾu	PATUPARU	oncoj	-	-
patune	patune	PATUNE	oncoj	-	-
patukari	patukaɾi	PATUKARI	oncoj	-	-
tositukwi	tositukwi	TOSITUKWI	oncoj	-	-
patusekaze	patusekaze	PATUSEKASE	oncoj	-	-
patusedi	patusedi	PATUSEDI	oncoj	-	-
patusemye	patusemʲe	PATUSEME	oncoj	-	-
patusewotomye	patusewotomʲe	PATUSEWOTOME	oncoj	-	-
patusewoguni	patusewoɡuni	PATUSEWOGUNI	oncoj	-	-
kosedi	kosedi	KOSEDI	oncoj	-	-
patusewo	patusewo	PATUSEWO	oncoj	-	-
panakadura	panakaduɾa	PANAKADURA	oncoj	-	-
panatigwoma	panatiɡwoma	PANATIGWOMA	oncoj	-	-
panatitori	panatitoɾi	PANATITORI	oncoj	-	-
panatutuma	panatutuma	PANATUTUMA	oncoj	-	-
panani	panani	PANANI	oncoj	-	-
pananipopi	pananipopi	PANANIPOPI	oncoj	-	-
pananwo	pananwo	PANANWO	oncoj	-	-
panamono	panamono	PANAMONO	oncoj	-	-
konopa	konopa	KONOPA	oncoj	-	-
yononaka	jononaka	YONONAKA	oncoj	-	-
konoma	konoma	KONOMA	oncoj	-	-
okutukwi	okutukwi	OKUTUKWI	oncoj	-	-
konokure	konokuɾe	KONOKURE	oncoj	-	-
punanope	punanope	PUNANOPE	oncoj	-	-
okitumo	okitumo	OKITUMO	oncoj	-	-
kapayagwi	kapajaɡwi	KAPAYAGWI	oncoj	-	-
konone	konone	KONONE	oncoj	-	-
konoye	konoje	KONOYE	oncoj	-	-
panawemi	panawemi	PANAWEMI	oncoj	-	-
napanorino	napanoɾino	NAPANORINO	oncoj	-	-
sakayewotomye	sakajewotomʲe	SAKAYEWOTOME	oncoj	-	-
miyawomina	mijawomina	MIYAWOMINA	oncoj	-	-
kurwoki	kuɾwoki	KURWOKI	oncoj	-	-
sirwoki	siɾwoki	SIRWOKI	oncoj	-	-
opokunimitama	opokunimitama	OPOKUNIMITAMA	oncoj	-	-
oponamuti	oponamuti	OPONAMUTI	oncoj	-	-
panezuiro	panezuiɾo	PANESUIRO	oncoj	-	-
panezuirono	panezuiɾono	PANESUIRONO	oncoj	-	-
papi	papi	PAPI	oncoj	-	-
ipatuna	ipatuna	IPATUNA	oncoj	-	-
papututano	papututano	PAPUTUTANO	oncoj	-	-
papukwogami	papukwoɡami	PAPUKWOGAMI	oncoj	-	-
papukuzuno	papukuzuno	PAPUKUSUNO	oncoj	-	-
papuri	papuɾi	PAPURI	oncoj	-	-
takapama	takapama	TAKAPAMA	oncoj	-	-
siranamino	siɾanamino	SIRANAMINO	oncoj	-	-
pamakaze	pamakaze	PAMAKASE	oncoj	-	-
pamapisagwi	pamapisaɡwi	PAMAPISAGWI	oncoj	-	-
sirapamanami	siɾapamanami	SIRAPAMANAMI	oncoj	-	-
nagapama	naɡapama	NAGAPAMA	oncoj	-	-
pamana	pamana	PAMANA	oncoj	-	-
pamanami	pamanami	PAMANAMI	oncoj	-	-
pamayupu	pamajupu	PAMAYUPU	oncoj	-	-
pamawogwi	pamawoɡwi	PAMAWOGWI	oncoj	-	-
sirapama	siɾapama	SIRAPAMA	oncoj	-	-
payase	pajase	PAYASE	oncoj	-	-
payakapa	pajakapa	PAYAKAPA	oncoj	-	-
payatori	pajatoɾi	PAYATORI	oncoj	-	-
payakup	pajakup	PAYAKUP	oncoj	-	-
payapito	pajapito	PAYAPITO	oncoj	-	-
payumadi	pajumadi	PAYUMADI	oncoj	-	-
sugwipara	suɡwipaɾa	SUGWIPARA	oncoj	-	-
putagi	putaɡi	PUTAGI	oncoj	-	-
maywobikino	majwobikino	MAYWOBIKINO	oncoj	-	-
kasimane	kasimane	KASIMANE	oncoj	-	-
kunipara	kunipaɾa	KUNIPARA	oncoj	-	-
paripara	paɾipaɾa	PARIPARA	oncoj	-	-
makuzupara	makuzupaɾa	MAKUSUPARA	oncoj	-	-
tuyupara	tujupaɾa	TUYUPARA	oncoj	-	-
paranwo	paɾanwo	PARANWO	oncoj	-	-
itusibapara	itusibapaɾa	ITUSIBAPARA	oncoj	-	-
kayapara	kajapaɾa	KAYAPARA	oncoj	-	-
papaswopara	papaswopaɾa	PAPASWOPARA	oncoj	-	-
yabupara	jabupaɾa	YABUPARA	oncoj	-	-
kakipo	kakipo	KAKIPO	oncoj	-	-
pitome	pitome	PITOME	oncoj	-	-
parara	paɾaɾa	PARARA	oncoj	-	-
parime	paɾime	PARIME	oncoj	-	-
parukusa	paɾukusa	PARUKUSA	oncoj	-	-
parukaze	paɾukaze	PARUKASE	oncoj	-	-
parukusano	paɾukusano	PARUKUSANO	oncoj	-	-
parutori	paɾutoɾi	PARUTORI	oncoj	-	-
paruna	paɾuna	PARUNA	oncoj	-	-
tirinomagapi	tiɾinomaɡapi	TIRINOMAGAPI	oncoj	-	-
parupanano	paɾupanano	PARUPANANO	oncoj	-	-
paruyanagwi	paɾujanaɡwi	PARUYANAGWI	oncoj	-	-
paruyama	paɾujama	PARUYAMA	oncoj	-	-
paruyamano	paɾujamano	PARUYAMANO	oncoj	-	-
tukwipi	tukwipi	TUKWIPI	oncoj	-	-
pitukwi	pitukwi	PITUKWI	oncoj	-	-
pisarasi	pisaɾasi	PISARASI	oncoj	-	-
asapikage	asapikaɡe	ASAPIKAGE	oncoj	-	-
pikata	pikata	PIKATA	oncoj	-	-
wokabwi	wokabwi	WOKABWI	oncoj	-	-
yamabwi	jamabwi	YAMABWI	oncoj	-	-
poke	poke	POKE	oncoj	-	-
pinomikwo	pinomikwo	PINOMIKWO	oncoj	-	-
pinomikadwo	pinomikadwo	PINOMIKADWO	oncoj	-	-
pikarukamwi	pikaɾukamwi	PIKARUKAMWI	oncoj	-	-
patawotomye	patawotomʲe	PATAWOTOME	oncoj	-	-
pikipune	pikipune	PIKIPUNE	oncoj	-	-
pikituna	pikituna	PIKITUNA	oncoj	-	-
tunate	tunate	TUNATE	oncoj	-	-
pikiobi	pikiobi	PIKIOBI	oncoj	-	-
pidapito	pidapito	PIDAPITO	oncoj	-	-
pidarite	pidaɾite	PIDARITE	oncoj	-	-
pitori	pitoɾi	PITORI	oncoj	-	-
pitooto	pitooto	PITOOTO	oncoj	-	-
pitodama	pitodama	PITODAMA	oncoj	-	-
pinakumori	pinakumoɾi	PINAKUMORI	oncoj	-	-
pinotate	pinotate	PINOTATE	oncoj	-	-
pinomitukwi	pinomitukwi	PINOMITUKWI	oncoj	-	-
pinomotono	pinomotono	PINOMOTONO	oncoj	-	-
pinoyoko	pinojoko	PINOYOKO	oncoj	-	-
tarupimye	taɾupimʲe	TARUPIME	oncoj	-	-
pimyeyuri	pimʲejuɾi	PIMEYURI	oncoj	-	-
pimokagami	pimokaɡami	PIMOKAGAMI	oncoj	-	-
piyama	pijama	PIYAMA	oncoj	-	-
kutuma	kutuma	KUTUMA	oncoj	-	-
pirake	piɾake	PIRAKE	oncoj	-	-
akidupire	akidupiɾe	AKIDUPIRE	oncoj	-	-
amapire	amapiɾe	AMAPIRE	oncoj	-	-
puyepuki	pujepuki	PUYEPUKI	oncoj	-	-
pukatusimayama	pukatusimajama	PUKATUSIMAYAMA	oncoj	-	-
kusapukayuri	kusapukajuɾi	KUSAPUKAYURI	oncoj	-	-
apidaywo	apidajwo	APIDAYWO	oncoj	-	-
puriwake	puɾiwake	PURIWAKE	oncoj	-	-
pusumadiwo	pusumadiwo	PUSUMADIWO	oncoj	-	-
puseipo	puseipo	PUSEIPO	oncoj	-	-
ipakakiputi	ipakakiputi	IPAKAKIPUTI	oncoj	-	-
ipaputi	ipaputi	IPAPUTI	oncoj	-	-
awoputi	awoputi	AWOPUTI	oncoj	-	-
pudiwi	pudiwi	PUDIWI	oncoj	-	-
pudikoromo	pudikoɾomo	PUDIKOROMO	oncoj	-	-
pudinamino	pudinamino	PUDINAMINO	oncoj	-	-
putwonoritogoto	putwonoɾitoɡoto	PUTWONORITOGOTO	oncoj	-	-
punade	punade	PUNADE	oncoj	-	-
punapate	punapate	PUNAPATE	oncoj	-	-
punakwi	punakwi	PUNAKWI	oncoj	-	-
punakazar	punakazaɾ	PUNAKASAR	oncoj	-	-
punatu	punatu	PUNATU	oncoj	-	-
punekadi	punekadi	PUNEKADI	oncoj	-	-
pumi	pumi	PUMI	oncoj	-	-
puyunwo	pujunwo	PUYUNWO	oncoj	-	-
puruye	puɾuje	PURUYE	oncoj	-	-
purukara	puɾukaɾa	PURUKARA	oncoj	-	-
purukoromo	puɾukoɾomo	PURUKOROMO	oncoj	-	-
purupito	puɾupito	PURUPITO	oncoj	-	-
puruya	puɾuja	PURUYA	oncoj	-	-
puruyukino	puɾujukino	PURUYUKINO	oncoj	-	-
uki	uki	UKI	oncoj	-	-
ukinu	ukinu	UKINU	oncoj	-	-
ukitu	ukitu	UKITU	oncoj	-	-
nawori	nawoɾi	NAWORI	oncoj	-	-
ipanami	ipanami	IPANAMI	oncoj	-	-
panami	panami	PANAMI	oncoj	-	-
isinami	isinami	ISINAMI	oncoj	-	-
pitonami	pitonami	PITONAMI	oncoj	-	-
yamanami	jamanami	YAMANAMI	oncoj	-	-
kapanami	kapanami	KAPANAMI	oncoj	-	-
sirasaki	siɾasaki	SIRASAKI	oncoj	-	-
neyapara	nejapaɾa	NEYAPARA	oncoj	-	-
kwinokapa	kwinokapa	KWINOKAPA	oncoj	-	-
mokaribune	mokaɾibune	MOKARIBUNE	oncoj	-	-
mekaribune	mekaɾibune	MEKARIBUNE	oncoj	-	-
mukapebune	mukapebune	MUKAPEBUNE	oncoj	-	-
takigwi	takiɡwi	TAKIGWI	oncoj	-	-
takigwikoru	takiɡwikoɾu	TAKIGWIKORU	oncoj	-	-
takamiya	takamija	TAKAMIYA	oncoj	-	-
topopito	topopito	TOPOPITO	oncoj	-	-
xxxxxxxxxx	xxxxxxxxxx	KKKKKKKKKK	oncoj	-	-
iyusisino	ijusisino	IYUSISINO	oncoj	-	-
ko2ro2su	ko2ɾo2su	KOROSU	wiktionary_cat	-	-
あが	あが		wiktionary_cat	-	-
あかとき	あかとき		wiktionary_cat	-	-
曉	曉		wiktionary_cat	-	-
あかねさす	あかねさす		wiktionary_cat	-	-
茜さす	茜さす		wiktionary_cat	-	-
秋つ葉	秋つ葉		wiktionary_cat	-	-
あきやま	あきやま		wiktionary_cat	-	-
朝	朝		wiktionary_cat	-	-
あしひ	あしひ		wiktionary_cat	-	-
あしひきの	あしひきの		wiktionary_cat	-	-
足引きの	足引きの		wiktionary_cat	-	-
あしふ	あしふ		wiktionary_cat	-	-
葦火	葦火		wiktionary_cat	-	-
明日	明日		wiktionary_cat	-	-
淺す	淺す		wiktionary_cat	-	-
明日香	明日香		wiktionary_cat	-	-
朝臣	朝臣		wiktionary_cat	-	-
あぢさはふ	あぢさはふ		wiktionary_cat	-	-
小豆	小豆		wiktionary_cat	-	-
あづき	あづき		wiktionary_cat	-	-
梓	梓		wiktionary_cat	-	-
梓弓	梓弓		wiktionary_cat	-	-
あづさゆみ	あづさゆみ		wiktionary_cat	-	-
あはさ	あはさ		wiktionary_cat	-	-
雨	雨		wiktionary_cat	-	-
天香具山	天香具山		wiktionary_cat	-	-
あめのかぐやま	あめのかぐやま		wiktionary_cat	-	-
漢女	漢女		wiktionary_cat	-	-
新たし	新たし		wiktionary_cat	-	-
露	露		wiktionary_cat	-	-
有馬	有馬		wiktionary_cat	-	-
我	我		wiktionary_cat	-	-
靑海原	靑海原		wiktionary_cat	-	-
あをによし	あをによし		wiktionary_cat	-	-
靑丹よし	靑丹よし		wiktionary_cat	-	-
汝	汝		wiktionary_cat	-	-
いかだ	いかだ		wiktionary_cat	-	-
雷	雷		wiktionary_cat	-	-
いかり	いかり		wiktionary_cat	-	-
いくさ	いくさ		wiktionary_cat	-	-
軍	軍		wiktionary_cat	-	-
いくり	いくり		wiktionary_cat	-	-
石	石		wiktionary_cat	-	-
いしつつ	いしつつ		wiktionary_cat	-	-
いすくはし	いすくはし		wiktionary_cat	-	-
蓬蔂	蓬蔂		wiktionary_cat	-	-
出づ	出づ		wiktionary_cat	-	-
いづく	いづく		wiktionary_cat	-	-
いとこ	いとこ		wiktionary_cat	-	-
稻田	稻田		wiktionary_cat	-	-
いにしへにこふるとり	いにしへにこふるとり		wiktionary_cat	-	-
寢ぬ	寢ぬ		wiktionary_cat	-	-
曰く	曰く		wiktionary_cat	-	-
磐余	磐余		wiktionary_cat	-	-
いへつとり	いへつとり		wiktionary_cat	-	-
いまし	いまし		wiktionary_cat	-	-
妹	妹		wiktionary_cat	-	-
夢	夢		wiktionary_cat	-	-
鰯	鰯		wiktionary_cat	-	-
浮かむ	浮かむ		wiktionary_cat	-	-
海原	海原		wiktionary_cat	-	-
味	味		wiktionary_cat	-	-
うまら	うまら		wiktionary_cat	-	-
うみが	うみが		wiktionary_cat	-	-
梅	梅		wiktionary_cat	-	-
心	心		wiktionary_cat	-	-
うらぐ	うらぐ		wiktionary_cat	-	-
うるけぢ	うるけぢ		wiktionary_cat	-	-
うるぢ	うるぢ		wiktionary_cat	-	-
ええしやごしや	ええしやごしや		wiktionary_cat	-	-
蝦夷	蝦夷		wiktionary_cat	-	-
おきつとり	おきつとり		wiktionary_cat	-	-
おつ	おつ		wiktionary_cat	-	-
生ふ	生ふ		wiktionary_cat	-	-
大魚	大魚		wiktionary_cat	-	-
おふをよし	おふをよし		wiktionary_cat	-	-
大魚よし	大魚よし		wiktionary_cat	-	-
太后	太后		wiktionary_cat	-	-
太政大臣	太政大臣		wiktionary_cat	-	-
太政官	太政官		wiktionary_cat	-	-
大坂	大坂		wiktionary_cat	-	-
おほみ	おほみ		wiktionary_cat	-	-
大臣	大臣		wiktionary_cat	-	-
大倭根子天皇	大倭根子天皇		wiktionary_cat	-	-
同じ	同じ		wiktionary_cat	-	-
爾	爾		wiktionary_cat	-	-
かかふ	かかふ		wiktionary_cat	-	-
鑑	鑑		wiktionary_cat	-	-
鏡	鏡		wiktionary_cat	-	-
重なる	重なる		wiktionary_cat	-	-
春日	春日		wiktionary_cat	-	-
霞む	霞む		wiktionary_cat	-	-
父	父		wiktionary_cat	-	-
門	門		wiktionary_cat	-	-
悲し	悲し		wiktionary_cat	-	-
かなるましづみ	かなるましづみ		wiktionary_cat	-	-
かぬち	かぬち		wiktionary_cat	-	-
鍛	鍛		wiktionary_cat	-	-
河原	河原		wiktionary_cat	-	-
かはる	かはる		wiktionary_cat	-	-
かふ	かふ		wiktionary_cat	-	-
かへす	かへす		wiktionary_cat	-	-
かへる	かへる		wiktionary_cat	-	-
鎌倉	鎌倉		wiktionary_cat	-	-
鎌倉山	鎌倉山		wiktionary_cat	-	-
かまめ	かまめ		wiktionary_cat	-	-
神無月	神無月		wiktionary_cat	-	-
神戸	神戸		wiktionary_cat	-	-
かめ	かめ		wiktionary_cat	-	-
甁	甁		wiktionary_cat	-	-
龜	龜		wiktionary_cat	-	-
からす	からす		wiktionary_cat	-	-
寸	寸		wiktionary_cat	-	-
聞こゆ	聞こゆ		wiktionary_cat	-	-
きず	きず		wiktionary_cat	-	-
黍	黍		wiktionary_cat	-	-
君が代	君が代		wiktionary_cat	-	-
來	來		wiktionary_cat	-	-
蹴う	蹴う		wiktionary_cat	-	-
金	金		wiktionary_cat	-	-
黃金	黃金		wiktionary_cat	-	-
串	串		wiktionary_cat	-	-
酒	酒		wiktionary_cat	-	-
奇御魂	奇御魂		wiktionary_cat	-	-
百濟	百濟		wiktionary_cat	-	-
くぢら	くぢら		wiktionary_cat	-	-
戀し	戀し		wiktionary_cat	-	-
雲	雲		wiktionary_cat	-	-
蜘蛛の巢	蜘蛛の巢		wiktionary_cat	-	-
越ゆ	越ゆ		wiktionary_cat	-	-
くるるに	くるるに		wiktionary_cat	-	-
紅	紅		wiktionary_cat	-	-
日	日		wiktionary_cat	-	-
木	木		wiktionary_cat	-	-
けふ	けふ		wiktionary_cat	-	-
けり	けり		wiktionary_cat	-	-
こ	こ		wiktionary_cat	-	-
籠	籠		wiktionary_cat	-	-
漕ぎ出づ	漕ぎ出づ		wiktionary_cat	-	-
こそ	こそ		wiktionary_cat	-	-
こち	こち		wiktionary_cat	-	-
東風	東風		wiktionary_cat	-	-
箏	箏		wiktionary_cat	-	-
ことだまのさきはふくに	ことだまのさきはふくに		wiktionary_cat	-	-
言靈の幸ふ國	言靈の幸ふ國		wiktionary_cat	-	-
國主	國主		wiktionary_cat	-	-
王	王		wiktionary_cat	-	-
大城	大城		wiktionary_cat	-	-
木の花	木の花		wiktionary_cat	-	-
戀	戀		wiktionary_cat	-	-
子等	子等		wiktionary_cat	-	-
ころす	ころす		wiktionary_cat	-	-
五位	五位		wiktionary_cat	-	-
大后	大后		wiktionary_cat	-	-
さかき	さかき		wiktionary_cat	-	-
相模	相模		wiktionary_cat	-	-
埼玉	埼玉		wiktionary_cat	-	-
防人	防人		wiktionary_cat	-	-
櫻	櫻		wiktionary_cat	-	-
ささのは	ささのは		wiktionary_cat	-	-
さし	さし		wiktionary_cat	-	-
時	時		wiktionary_cat	-	-
里	里		wiktionary_cat	-	-
さなかづら	さなかづら		wiktionary_cat	-	-
さり	さり		wiktionary_cat	-	-
死	死		wiktionary_cat	-	-
時雨の雨	時雨の雨		wiktionary_cat	-	-
時雨	時雨		wiktionary_cat	-	-
繁	繁		wiktionary_cat	-	-
ししくしろ	ししくしろ		wiktionary_cat	-	-
しだ	しだ		wiktionary_cat	-	-
下方	下方		wiktionary_cat	-	-
篠原	篠原		wiktionary_cat	-	-
強ふ	強ふ		wiktionary_cat	-	-
島	島		wiktionary_cat	-	-
しまつとり	しまつとり		wiktionary_cat	-	-
しむ	しむ		wiktionary_cat	-	-
下	下		wiktionary_cat	-	-
釋迦	釋迦		wiktionary_cat	-	-
新羅	新羅		wiktionary_cat	-	-
銀	銀		wiktionary_cat	-	-
白妙の	白妙の		wiktionary_cat	-	-
白栲の	白栲の		wiktionary_cat	-	-
す	す		wiktionary_cat	-	-
村	村		wiktionary_cat	-	-
菅	菅		wiktionary_cat	-	-
煤	煤		wiktionary_cat	-	-
捔力	捔力		wiktionary_cat	-	-
相撲	相撲		wiktionary_cat	-	-
天皇	天皇		wiktionary_cat	-	-
陶	陶		wiktionary_cat	-	-
そね	そね		wiktionary_cat	-	-
そほど	そほど		wiktionary_cat	-	-
そらにみつ	そらにみつ		wiktionary_cat	-	-
空に満つ	空に満つ		wiktionary_cat	-	-
そらみつ	そらみつ		wiktionary_cat	-	-
た	た		wiktionary_cat	-	-
高嶺	高嶺		wiktionary_cat	-	-
たごのうら	たごのうら		wiktionary_cat	-	-
橘	橘		wiktionary_cat	-	-
龍	龍		wiktionary_cat	-	-
鶴	鶴		wiktionary_cat	-	-
龍の馬	龍の馬		wiktionary_cat	-	-
たなつもの	たなつもの		wiktionary_cat	-	-
玉の緖	玉の緖		wiktionary_cat	-	-
回む	回む		wiktionary_cat	-	-
たら	たら		wiktionary_cat	-	-
手弱女	手弱女		wiktionary_cat	-	-
千	千		wiktionary_cat	-	-
ちはやひと	ちはやひと		wiktionary_cat	-	-
千早人	千早人		wiktionary_cat	-	-
千早ぶ	千早ぶ		wiktionary_cat	-	-
ちはやぶる	ちはやぶる		wiktionary_cat	-	-
千早振る	千早振る		wiktionary_cat	-	-
千萬	千萬		wiktionary_cat	-	-
出	出		wiktionary_cat	-	-
月	月		wiktionary_cat	-	-
月日	月日		wiktionary_cat	-	-
つくみ	つくみ		wiktionary_cat	-	-
月夜	月夜		wiktionary_cat	-	-
月夜見	月夜見		wiktionary_cat	-	-
月讀	月讀		wiktionary_cat	-	-
葛	葛		wiktionary_cat	-	-
翼	翼		wiktionary_cat	-	-
つまごみに	つまごみに		wiktionary_cat	-	-
飄	飄		wiktionary_cat	-	-
剣	剣		wiktionary_cat	-	-
歲月日	歲月日		wiktionary_cat	-	-
とと	とと		wiktionary_cat	-	-
隣	隣		wiktionary_cat	-	-
とりよろふ	とりよろふ		wiktionary_cat	-	-
な	な		wiktionary_cat	-	-
魚	魚		wiktionary_cat	-	-
なぐるさの	なぐるさの		wiktionary_cat	-	-
腦	腦		wiktionary_cat	-	-
七	七		wiktionary_cat	-	-
難波	難波		wiktionary_cat	-	-
隠る	隠る		wiktionary_cat	-	-
浪速	浪速		wiktionary_cat	-	-
なも	なも		wiktionary_cat	-	-
奈良	奈良		wiktionary_cat	-	-
均す	均す		wiktionary_cat	-	-
奈良山	奈良山		wiktionary_cat	-	-
なりけり	なりけり		wiktionary_cat	-	-
鳴門	鳴門		wiktionary_cat	-	-
虹	虹		wiktionary_cat	-	-
布	布		wiktionary_cat	-	-
にはつとり	にはつとり		wiktionary_cat	-	-
庭つ鳥	庭つ鳥		wiktionary_cat	-	-
ぬ	ぬ		wiktionary_cat	-	-
野	野		wiktionary_cat	-	-
ぬじ	ぬじ		wiktionary_cat	-	-
射干玉	射干玉		wiktionary_cat	-	-
ね	ね		wiktionary_cat	-	-
の	の		wiktionary_cat	-	-
能	能		wiktionary_cat	-	-
のじ	のじ		wiktionary_cat	-	-
のつとり	のつとり		wiktionary_cat	-	-
のど	のど		wiktionary_cat	-	-
刃	刃		wiktionary_cat	-	-
羽	羽		wiktionary_cat	-	-
將	將		wiktionary_cat	-	-
初	初		wiktionary_cat	-	-
初春	初春		wiktionary_cat	-	-
憚る	憚る		wiktionary_cat	-	-
這ふ葛の	這ふ葛の		wiktionary_cat	-	-
生ゆ	生ゆ		wiktionary_cat	-	-
春	春		wiktionary_cat	-	-
針	針		wiktionary_cat	-	-
檜	檜		wiktionary_cat	-	-
光	光		wiktionary_cat	-	-
光る	光る		wiktionary_cat	-	-
一人	一人		wiktionary_cat	-	-
左手	左手		wiktionary_cat	-	-
一月	一月		wiktionary_cat	-	-
ひなもり	ひなもり		wiktionary_cat	-	-
夷守	夷守		wiktionary_cat	-	-
ひのもとの	ひのもとの		wiktionary_cat	-	-
日の本の	日の本の		wiktionary_cat	-	-
ひみ	ひみ		wiktionary_cat	-	-
日向	日向		wiktionary_cat	-	-
東	東		wiktionary_cat	-	-
姬児	姬児		wiktionary_cat	-	-
姬子	姬子		wiktionary_cat	-	-
ひめなそび	ひめなそび		wiktionary_cat	-	-
姬遊び	姬遊び		wiktionary_cat	-	-
晝	晝		wiktionary_cat	-	-
火	火		wiktionary_cat	-	-
節	節		wiktionary_cat	-	-
深海松	深海松		wiktionary_cat	-	-
深海松の	深海松の		wiktionary_cat	-	-
掘串	掘串		wiktionary_cat	-	-
不盡	不盡		wiktionary_cat	-	-
富士	富士		wiktionary_cat	-	-
藤	藤		wiktionary_cat	-	-
藤原	藤原		wiktionary_cat	-	-
懐	懐		wiktionary_cat	-	-
太し	太し		wiktionary_cat	-	-
ふるさと	ふるさと		wiktionary_cat	-	-
蛇	蛇		wiktionary_cat	-	-
品	品		wiktionary_cat	-	-
富	富		wiktionary_cat	-	-
本	本		wiktionary_cat	-	-
煩	煩		wiktionary_cat	-	-
番	番		wiktionary_cat	-	-
菩	菩		wiktionary_cat	-	-
蕃	蕃		wiktionary_cat	-	-
星	星		wiktionary_cat	-	-
蛍	蛍		wiktionary_cat	-	-
ほたるなす	ほたるなす		wiktionary_cat	-	-
ほとけ	ほとけ		wiktionary_cat	-	-
佛	佛		wiktionary_cat	-	-
ほととぎす	ほととぎす		wiktionary_cat	-	-
ほとほとしくに	ほとほとしくに		wiktionary_cat	-	-
炎	炎		wiktionary_cat	-	-
申す	申す		wiktionary_cat	-	-
まが	まが		wiktionary_cat	-	-
まきばしら	まきばしら		wiktionary_cat	-	-
まけばしら	まけばしら		wiktionary_cat	-	-
まし	まし		wiktionary_cat	-	-
在す	在す		wiktionary_cat	-	-
坐す	坐す		wiktionary_cat	-	-
座す	座す		wiktionary_cat	-	-
俣海松	俣海松		wiktionary_cat	-	-
公卿	公卿		wiktionary_cat	-	-
愛	愛		wiktionary_cat	-	-
參る	參る		wiktionary_cat	-	-
御	御		wiktionary_cat	-	-
水	水		wiktionary_cat	-	-
みかしほ	みかしほ		wiktionary_cat	-	-
三日月	三日月		wiktionary_cat	-	-
御酒	御酒		wiktionary_cat	-	-
御籠	御籠		wiktionary_cat	-	-
禊	禊		wiktionary_cat	-	-
みちゆき	みちゆき		wiktionary_cat	-	-
道行き	道行き		wiktionary_cat	-	-
みな	みな		wiktionary_cat	-	-
水無月	水無月		wiktionary_cat	-	-
南	南		wiktionary_cat	-	-
御間城入彦	御間城入彦		wiktionary_cat	-	-
みまし	みまし		wiktionary_cat	-	-
官家	官家		wiktionary_cat	-	-
都	都		wiktionary_cat	-	-
みら	みら		wiktionary_cat	-	-
海松	海松		wiktionary_cat	-	-
澪	澪		wiktionary_cat	-	-
むだく	むだく		wiktionary_cat	-	-
抱く	抱く		wiktionary_cat	-	-
紫	紫		wiktionary_cat	-	-
山	山		wiktionary_cat	-	-
雌	雌		wiktionary_cat	-	-
愛で	愛で		wiktionary_cat	-	-
愛での盛り	愛での盛り		wiktionary_cat	-	-
も	も		wiktionary_cat	-	-
母	母		wiktionary_cat	-	-
もこ	もこ		wiktionary_cat	-	-
納言	納言		wiktionary_cat	-	-
紅葉	紅葉		wiktionary_cat	-	-
もみつ	もみつ		wiktionary_cat	-	-
紅葉つ	紅葉つ		wiktionary_cat	-	-
黄葉つ	黄葉つ		wiktionary_cat	-	-
やくもたつ	やくもたつ		wiktionary_cat	-	-
八雲立つ	八雲立つ		wiktionary_cat	-	-
やすみしし	やすみしし		wiktionary_cat	-	-
柔ら	柔ら		wiktionary_cat	-	-
日本	日本		wiktionary_cat	-	-
ゆ	ゆ		wiktionary_cat	-	-
夜	夜		wiktionary_cat	-	-
行方	行方		wiktionary_cat	-	-
齋庭	齋庭		wiktionary_cat	-	-
ゆふなみちどり	ゆふなみちどり		wiktionary_cat	-	-
四	四		wiktionary_cat	-	-
雪	雪		wiktionary_cat	-	-
よごと	よごと		wiktionary_cat	-	-
よし	よし		wiktionary_cat	-	-
四つの蛇	四つの蛇		wiktionary_cat	-	-
宵	宵		wiktionary_cat	-	-
黃泉	黃泉		wiktionary_cat	-	-
搖る	搖る		wiktionary_cat	-	-
れ	れ		wiktionary_cat	-	-
吾	吾		wiktionary_cat	-	-
若菜	若菜		wiktionary_cat	-	-
私	私		wiktionary_cat	-	-
私田	私田		wiktionary_cat	-	-
笑酒	笑酒		wiktionary_cat	-	-
をさぎ	をさぎ		wiktionary_cat	-	-
復つ	復つ		wiktionary_cat	-	-
一昨日	一昨日		wiktionary_cat	-	-
斧	斧		wiktionary_cat	-	-
麻生	麻生		wiktionary_cat	-	-
与ヽ余ヽ	与ヽ余ヽ		wiktionary_cat	-	-
久治良	久治良		wiktionary_cat	-	-
久真	久真		wiktionary_cat	-	-
伊与	伊与		wiktionary_cat	-	-
伊須久波斯	伊須久波斯		wiktionary_cat	-	-
保止	保止		wiktionary_cat	-	-
力士舞	力士舞		wiktionary_cat	-	-
北	北		wiktionary_cat	-	-
吾が	吾が		wiktionary_cat	-	-
吾常世等	吾常世等		wiktionary_cat	-	-
奈良の都	奈良の都		wiktionary_cat	-	-
子ろ	子ろ		wiktionary_cat	-	-
富登	富登		wiktionary_cat	-	-
小枝	小枝		wiktionary_cat	-	-
日に日に	日に日に		wiktionary_cat	-	-
歳月日	歳月日		wiktionary_cat	-	-
瑕	瑕		wiktionary_cat	-	-
神	神		wiktionary_cat	-	-
紙	紙		wiktionary_cat	-	-
絲	絲		wiktionary_cat	-	-
葦原の中つ國	葦原の中つ國		wiktionary_cat	-	-
蕃登	蕃登		wiktionary_cat	-	-
虎	虎		wiktionary_cat	-	-
阿阿志夜胡志夜	阿阿志夜胡志夜		wiktionary_cat	-	-
阿阿時夜塢	阿阿時夜塢		wiktionary_cat	-	-
𛀁	𛀁		wiktionary_cat	-	-
𛄡	𛄡		wiktionary_cat	-	-
吉野	吉野		wiktionary_cat	-	-
