Word	IPA	SCA	Source	Concept_ID	Cognate_Set_ID
-a	-a	A	wiktionary_cat	-	-
a-	a-	A	wiktionary_cat	-	-
abьje	abĭje	ABYE	wiktionary_cat	-	-
ablo	ablo	ABLO	wiktionary_cat	-	-
ablonevъ	ablonevŭ	ABLONEB	wiktionary_cat	-	-
ablonica	ablonitsa	ABLONITSA	wiktionary_cat	-	-
ablonišče	abloniʃtʃe	ABLONISTSE	wiktionary_cat	-	-
ablonь	ablonĭ	ABLON	wiktionary_cat	-	-
ablonьje	ablonĭje	ABLONYE	wiktionary_cat	-	-
ablonьnъ	ablonĭnŭ	ABLONN	wiktionary_cat	-	-
abloňa	ablonʲa	ABLONA	wiktionary_cat	-	-
ablonovъ	ablonovŭ	ABLONOB	wiktionary_cat	-	-
ablušьko	abluʃĭko	ABLUSKO	wiktionary_cat	-	-
ablъ	ablŭ	ABL	wiktionary_cat	-	-
ablъčьnъ	ablŭtʃĭnŭ	ABLTSN	wiktionary_cat	-	-
ablъka	ablŭka	ABLKA	wiktionary_cat	-	-
ablъko	ablŭko	ABLKO	wiktionary_cat	-	-
ablъkovъ	ablŭkovŭ	ABLKOB	wiktionary_cat	-	-
ablъkъ	ablŭkŭ	ABLK	wiktionary_cat	-	-
abo	abo	ABO	wiktionary_cat	-	-
abolnь	abolnĭ	ABOLN	wiktionary_cat	-	-
abolnovъ	abolnovŭ	ABOLNOB	wiktionary_cat	-	-
abolnъ	abolnŭ	ABOLN	wiktionary_cat	-	-
abrědь	abræːdĭ	ABRAD	wiktionary_cat	-	-
abrědьje	abræːdĭje	ABRADYE	wiktionary_cat	-	-
abrędь	abrẽdĭ	ABRED	wiktionary_cat	-	-
abrędьje	abrẽdĭje	ABREDYE	wiktionary_cat	-	-
abrędъ	abrẽdŭ	ABRED	wiktionary_cat	-	-
abrędъkъ	abrẽdŭkŭ	ABREDK	wiktionary_cat	-	-
aby	abɨ	ABI	wiktionary_cat	-	-
ače	atʃe	ATSE	wiktionary_cat	-	-
-ačь	-atʃĭ	ATS	wiktionary_cat	-	-
adati	adati	ADATI	wiktionary_cat	-	-
adušivъ	aduʃivŭ	ADUSIB	wiktionary_cat	-	-
aduxa	aduxa	ADUKA	wiktionary_cat	-	-
aga	aɡa	AGA	wiktionary_cat	-	-
agnę	aɡnẽ	AGNE	wiktionary_cat	-	-
agnędъ	aɡnẽdŭ	AGNED	wiktionary_cat	-	-
agnętina	aɡnẽtina	AGNETINA	wiktionary_cat	-	-
agnęťь	aɡnẽtʲĭ	AGNET	wiktionary_cat	-	-
agnica	aɡnitsa	AGNITSA	wiktionary_cat	-	-
agniti	aɡniti	AGNITI	wiktionary_cat	-	-
agnьcь	aɡnĭtsĭ	AGNTS	wiktionary_cat	-	-
agnъ	aɡnŭ	AGN	wiktionary_cat	-	-
agoda	aɡoda	AGODA	wiktionary_cat	-	-
agodica	aɡoditsa	AGODITSA	wiktionary_cat	-	-
agodina	aɡodina	AGODINA	wiktionary_cat	-	-
agodišče	aɡodiʃtʃe	AGODISTSE	wiktionary_cat	-	-
agodьje	aɡodĭje	AGODYE	wiktionary_cat	-	-
agodьnica	aɡodĭnitsa	AGODNITSA	wiktionary_cat	-	-
agodьnikъ	aɡodĭnikŭ	AGODNIK	wiktionary_cat	-	-
agodьnъ	aɡodĭnŭ	AGODN	wiktionary_cat	-	-
agolvo	aɡolvo	AGOLBO	wiktionary_cat	-	-
ajatъ	ajatŭ	AYAT	wiktionary_cat	-	-
aje	aje	AYE	wiktionary_cat	-	-
ajina	ajina	AYINA	wiktionary_cat	-	-
ajitъ	ajitŭ	AYIT	wiktionary_cat	-	-
-ajь	-ajĭ	AY	wiktionary_cat	-	-
ajьce	ajĭtse	AYTSE	wiktionary_cat	-	-
ajьčь	ajĭtʃĭ	AYTS	wiktionary_cat	-	-
ajьčьna	ajĭtʃĭna	AYTSNA	wiktionary_cat	-	-
ajьčьnica	ajĭtʃĭnitsa	AYTSNITSA	wiktionary_cat	-	-
ajьčьnikъ	ajĭtʃĭnikŭ	AYTSNIK	wiktionary_cat	-	-
ajьčьnъ	ajĭtʃĭnŭ	AYTSN	wiktionary_cat	-	-
ajьko	ajĭko	AYKO	wiktionary_cat	-	-
ajьno	ajĭno	AYNO	wiktionary_cat	-	-
ajьnъ	ajĭnŭ	AYN	wiktionary_cat	-	-
-akъ	-akŭ	AK	wiktionary_cat	-	-
ale	ale	ALE	wiktionary_cat	-	-
-aľь	-alʲĭ	AL	wiktionary_cat	-	-
-anikъ	-anikŭ	ANIK	wiktionary_cat	-	-
ano	ano	ANO	wiktionary_cat	-	-
arębina	arẽbina	AREBINA	wiktionary_cat	-	-
arębъ	arẽbŭ	AREB	wiktionary_cat	-	-
arьmo	arĭmo	ARMO	wiktionary_cat	-	-
-ařь	-ar̝ĭ	AR	wiktionary_cat	-	-
asenь	asenĭ	ASEN	wiktionary_cat	-	-
astrębъ	astrẽbŭ	ASTREB	wiktionary_cat	-	-
aščerica	aʃtʃeritsa	ASTSERITSA	wiktionary_cat	-	-
aščerъ	aʃtʃerŭ	ASTSER	wiktionary_cat	-	-
aščerъka	aʃtʃerŭka	ASTSERKA	wiktionary_cat	-	-
ašutь	aʃutĭ	ASUT	wiktionary_cat	-	-
-ati	-ati	ATI	wiktionary_cat	-	-
-atъ	-atŭ	AT	wiktionary_cat	-	-
avě	avæː	ABA	wiktionary_cat	-	-
aviti	aviti	ABITI	wiktionary_cat	-	-
avь	avĭ	AB	wiktionary_cat	-	-
avьnъ	avĭnŭ	ABN	wiktionary_cat	-	-
avorъ	avorŭ	ABOR	wiktionary_cat	-	-
axati	axati	AKATI	wiktionary_cat	-	-
axъ	axŭ	AK	wiktionary_cat	-	-
axъkati	axŭkati	AKKATI	wiktionary_cat	-	-
azь	azĭ	AS	wiktionary_cat	-	-
azьno	azĭno	ASNO	wiktionary_cat	-	-
aže	aʒe	ASE	wiktionary_cat	-	-
ba	ba	BA	wiktionary_cat	-	-
baba	baba	BABA	wiktionary_cat	-	-
baba ęga	baba ẽɡa	BABAEGA	wiktionary_cat	-	-
babona	babona	BABONA	wiktionary_cat	-	-
babonъ	babonŭ	BABON	wiktionary_cat	-	-
babrati	babrati	BABRATI	wiktionary_cat	-	-
babunъ	babunŭ	BABUN	wiktionary_cat	-	-
babušьka	babuʃĭka	BABUSKA	wiktionary_cat	-	-
babъka	babŭka	BABKA	wiktionary_cat	-	-
badati	badati	BADATI	wiktionary_cat	-	-
badli	badli	BADLI	wiktionary_cat	-	-
badlovati	badlovati	BADLOBATI	wiktionary_cat	-	-
badъ	badŭ	BAD	wiktionary_cat	-	-
bagati	baɡati	BAGATI	wiktionary_cat	-	-
bagno	baɡno	BAGNO	wiktionary_cat	-	-
bagra	baɡra	BAGRA	wiktionary_cat	-	-
bagrъ	baɡrŭ	BAGR	wiktionary_cat	-	-
bagy	baɡɨ	BAGI	wiktionary_cat	-	-
bajačь	bajatʃĭ	BAYATS	wiktionary_cat	-	-
bajati	bajati	BAYATI	wiktionary_cat	-	-
bajьda	bajĭda	BAYDA	wiktionary_cat	-	-
bajьka	bajĭka	BAYKA	wiktionary_cat	-	-
bakati	bakati	BAKATI	wiktionary_cat	-	-
bala	bala	BALA	wiktionary_cat	-	-
balakati	balakati	BALAKATI	wiktionary_cat	-	-
balъka	balŭka	BALKA	wiktionary_cat	-	-
baňa	banʲa	BANA	wiktionary_cat	-	-
banъ	banŭ	BAN	wiktionary_cat	-	-
bara	bara	BARA	wiktionary_cat	-	-
baranъ	baranŭ	BARAN	wiktionary_cat	-	-
barina	barina	BARINA	wiktionary_cat	-	-
barьnъ	barĭnŭ	BARN	wiktionary_cat	-	-
basь	basĭ	BAS	wiktionary_cat	-	-
basnь	basnĭ	BASN	wiktionary_cat	-	-
basъ	basŭ	BAS	wiktionary_cat	-	-
basъkъ	basŭkŭ	BASK	wiktionary_cat	-	-
batę	batẽ	BATE	wiktionary_cat	-	-
batь	batĭ	BAT	wiktionary_cat	-	-
batьko	batĭko	BATKO	wiktionary_cat	-	-
batogъ	batoɡŭ	BATOG	wiktionary_cat	-	-
batъ	batŭ	BAT	wiktionary_cat	-	-
baviti	baviti	BABITI	wiktionary_cat	-	-
bavьnъ	bavĭnŭ	BABN	wiktionary_cat	-	-
baxati	baxati	BAKATI	wiktionary_cat	-	-
baxoriti	baxoriti	BAKORITI	wiktionary_cat	-	-
bazь	bazĭ	BAS	wiktionary_cat	-	-
bazovъ	bazovŭ	BASOB	wiktionary_cat	-	-
bazъ	bazŭ	BAS	wiktionary_cat	-	-
bažiti	baʒiti	BASITI	wiktionary_cat	-	-
bebrъ	bebrŭ	BEBR	wiktionary_cat	-	-
bebrъkъ	bebrŭkŭ	BEBRK	wiktionary_cat	-	-
bedrьnikъ	bedrĭnikŭ	BEDRNIK	wiktionary_cat	-	-
bedrьnьcь	bedrĭnĭtsĭ	BEDRNTS	wiktionary_cat	-	-
bedro	bedro	BEDRO	wiktionary_cat	-	-
bekati	bekati	BEKATI	wiktionary_cat	-	-
bel(e)niti	beleniti	BELENITI	wiktionary_cat	-	-
belnъ	belnŭ	BELN	wiktionary_cat	-	-
beračь	beratʃĭ	BERATS	wiktionary_cat	-	-
berďь	berdʲĭ	BERD	wiktionary_cat	-	-
bergъ	berɡŭ	BERG	wiktionary_cat	-	-
beridlo	beridlo	BERIDLO	wiktionary_cat	-	-
berьba	berĭba	BERBA	wiktionary_cat	-	-
berьna	berĭna	BERNA	wiktionary_cat	-	-
bermenьnъ	bermenĭnŭ	BERMENN	wiktionary_cat	-	-
bermę	bermẽ	BERME	wiktionary_cat	-	-
bernъ	bernŭ	BERN	wiktionary_cat	-	-
bersky	berskɨ	BERSKI	wiktionary_cat	-	-
bersto	bersto	BERSTO	wiktionary_cat	-	-
berstъ	berstŭ	BERST	wiktionary_cat	-	-
berťi	bertʲi	BERTI	wiktionary_cat	-	-
berza	berza	BERSA	wiktionary_cat	-	-
berzьňь	berzĭnʲĭ	BERSN	wiktionary_cat	-	-
berzovъ	berzovŭ	BERSOB	wiktionary_cat	-	-
berzozolъ	berzozolŭ	BERSOSOL	wiktionary_cat	-	-
berzujь	berzujĭ	BERSUY	wiktionary_cat	-	-
berzъ	berzŭ	BERS	wiktionary_cat	-	-
beržaninъ	berʒaninŭ	BERSANIN	wiktionary_cat	-	-
besěda	besæːda	BESADA	wiktionary_cat	-	-
besědovati	besæːdovati	BESADOBATI	wiktionary_cat	-	-
bezbordъ	bezbordŭ	BESBORD	wiktionary_cat	-	-
bezčędьnъ	beztʃẽdĭnŭ	BESTSEDN	wiktionary_cat	-	-
bezdětьnъ	bezdæːtĭnŭ	BESDATN	wiktionary_cat	-	-
bezdušьnъ	bezduʃĭnŭ	BESDUSN	wiktionary_cat	-	-
bezdъna	bezdŭna	BESDNA	wiktionary_cat	-	-
bezdъždžь	bezdŭʒdʒĭ	BESDSDS	wiktionary_cat	-	-
bezdъždžьje	bezdŭʒdʒĭje	BESDSDSYE	wiktionary_cat	-	-
bezdъždžьnъ	bezdŭʒdʒĭnŭ	BESDSDSN	wiktionary_cat	-	-
bezimenьnъ	bezimenĭnŭ	BESIMENN	wiktionary_cat	-	-
bezočьnъ	bezotʃĭnŭ	BESOTSN	wiktionary_cat	-	-
bezokъ	bezokŭ	BESOK	wiktionary_cat	-	-
bezorьnъ	bezorĭnŭ	BESORN	wiktionary_cat	-	-
bezstrašьnъ	bezstraʃĭnŭ	BESSTRASN	wiktionary_cat	-	-
bezumьnъ	bezumĭnŭ	BESUMN	wiktionary_cat	-	-
bez(ъ)	bez(ŭ)	BES	wiktionary_cat	-	-
bezvěstь	bezvæːstĭ	BESBAST	wiktionary_cat	-	-
bezzǫbъ	bezzõbŭ	BESSOB	wiktionary_cat	-	-
běda	bæːda	BADA	wiktionary_cat	-	-
běditi	bæːditi	BADITI	wiktionary_cat	-	-
bědьnъ	bæːdĭnŭ	BADN	wiktionary_cat	-	-
běgati	bæːɡati	BAGATI	wiktionary_cat	-	-
běglъ	bæːɡlŭ	BAGL	wiktionary_cat	-	-
běgǫtъ	bæːɡõtŭ	BAGOT	wiktionary_cat	-	-
běgunъ	bæːɡunŭ	BAGUN	wiktionary_cat	-	-
běgъ	bæːɡŭ	BAG	wiktionary_cat	-	-
běka	bæːka	BAKA	wiktionary_cat	-	-
běkati	bæːkati	BAKATI	wiktionary_cat	-	-
bělěti	bæːlæːti	BALATI	wiktionary_cat	-	-
bělica	bæːlitsa	BALITSA	wiktionary_cat	-	-
bělidlo	bæːlidlo	BALIDLO	wiktionary_cat	-	-
bělina	bæːlina	BALINA	wiktionary_cat	-	-
běliti	bæːliti	BALITI	wiktionary_cat	-	-
bělivo	bæːlivo	BALIBO	wiktionary_cat	-	-
bělь	bæːlĭ	BAL	wiktionary_cat	-	-
bělьcь	bæːlĭtsĭ	BALTS	wiktionary_cat	-	-
bělьmo	bæːlĭmo	BALMO	wiktionary_cat	-	-
bělonogъ	bæːlonoɡŭ	BALONOG	wiktionary_cat	-	-
běloǫsъ	bæːloõsŭ	BALOOS	wiktionary_cat	-	-
bělota	bæːlota	BALOTA	wiktionary_cat	-	-
bělověža	bæːlovæːʒa	BALOBASA	wiktionary_cat	-	-
Bělovoldъ	Bæːlovoldŭ	0ALOBOLD	wiktionary_cat	-	-
bělovolsъ	bæːlovolsŭ	BALOBOLS	wiktionary_cat	-	-
bělъ	bæːlŭ	BAL	wiktionary_cat	-	-
bělъ bogъ	bæːlŭ boɡŭ	BALBOG	wiktionary_cat	-	-
Bělъgordъ	Bæːlŭɡordŭ	0ALGORD	wiktionary_cat	-	-
bělъka	bæːlŭka	BALKA	wiktionary_cat	-	-
bělъkъ	bæːlŭkŭ	BALK	wiktionary_cat	-	-
běsiti	bæːsiti	BASITI	wiktionary_cat	-	-
běsъ	bæːsŭ	BAS	wiktionary_cat	-	-
běťi	bæːtʲi	BATI	wiktionary_cat	-	-
běžati	bæːʒati	BASATI	wiktionary_cat	-	-
biba	biba	BIBA	wiktionary_cat	-	-
bičati	bitʃati	BITSATI	wiktionary_cat	-	-
bičevati	bitʃevati	BITSEBATI	wiktionary_cat	-	-
bičь	bitʃĭ	BITS	wiktionary_cat	-	-
bidlo	bidlo	BIDLO	wiktionary_cat	-	-
bigrъ	biɡrŭ	BIGR	wiktionary_cat	-	-
birati	birati	BIRATI	wiktionary_cat	-	-
biti	biti	BITI	wiktionary_cat	-	-
bitva	bitva	BITBA	wiktionary_cat	-	-
bьbrъ	bĭbrŭ	BBR	wiktionary_cat	-	-
bьčela	bĭtʃela	BTSELA	wiktionary_cat	-	-
bьčelinъ	bĭtʃelinŭ	BTSELIN	wiktionary_cat	-	-
bьčelь	bĭtʃelĭ	BTSEL	wiktionary_cat	-	-
bьčelьnica	bĭtʃelĭnitsa	BTSELNITSA	wiktionary_cat	-	-
bьčelьnikъ	bĭtʃelĭnikŭ	BTSELNIK	wiktionary_cat	-	-
bьčelьnъ	bĭtʃelĭnŭ	BTSELN	wiktionary_cat	-	-
bьčelъka	bĭtʃelŭka	BTSELKA	wiktionary_cat	-	-
bьčeľařь	bĭtʃelʲar̝ĭ	BTSELAR	wiktionary_cat	-	-
bьltati	bĭltati	BLTATI	wiktionary_cat	-	-
bьranь	bĭranĭ	BRAN	wiktionary_cat	-	-
bьrati	bĭrati	BRATI	wiktionary_cat	-	-
bьrava	bĭrava	BRABA	wiktionary_cat	-	-
bьrdo	bĭrdo	BRDO	wiktionary_cat	-	-
bьrgъ	bĭrɡŭ	BRG	wiktionary_cat	-	-
bьrgъlězъ	bĭrɡŭlæːzŭ	BRGLAS	wiktionary_cat	-	-
bьrlati	bĭrlati	BRLATI	wiktionary_cat	-	-
bьrlogъ	bĭrloɡŭ	BRLOG	wiktionary_cat	-	-
blazniti	blazniti	BLASNITI	wiktionary_cat	-	-
blaznь	blaznĭ	BLASN	wiktionary_cat	-	-
blaznъ	blaznŭ	BLASN	wiktionary_cat	-	-
blejati	blejati	BLEYATI	wiktionary_cat	-	-
blekotъ	blekotŭ	BLEKOT	wiktionary_cat	-	-
blědostь	blæːdostĭ	BLADOST	wiktionary_cat	-	-
blědъ	blæːdŭ	BLAD	wiktionary_cat	-	-
blějati	blæːjati	BLAYATI	wiktionary_cat	-	-
blěknǫti	blæːknõti	BLAKNOTI	wiktionary_cat	-	-
blěskъ	blæːskŭ	BLASK	wiktionary_cat	-	-
blędati	blẽdati	BLEDATI	wiktionary_cat	-	-
blędivъ	blẽdivŭ	BLEDIB	wiktionary_cat	-	-
blędь	blẽdĭ	BLED	wiktionary_cat	-	-
blęsti	blẽsti	BLESTI	wiktionary_cat	-	-
blimati	blimati	BLIMATI	wiktionary_cat	-	-
blizьnьcь	blizĭnĭtsĭ	BLISNTS	wiktionary_cat	-	-
blizna	blizna	BLISNA	wiktionary_cat	-	-
blizozorkъ	blizozorkŭ	BLISOSORK	wiktionary_cat	-	-
blizъ	blizŭ	BLIS	wiktionary_cat	-	-
blizъkъ	blizŭkŭ	BLISK	wiktionary_cat	-	-
bližina	bliʒina	BLISINA	wiktionary_cat	-	-
bližiti	bliʒiti	BLISITI	wiktionary_cat	-	-
bližьnъ	bliʒĭnŭ	BLISN	wiktionary_cat	-	-
blьknǫti	blĭknõti	BLKNOTI	wiktionary_cat	-	-
blьsknǫti	blĭsknõti	BLSKNOTI	wiktionary_cat	-	-
blьščati	blĭʃtʃati	BLSTSATI	wiktionary_cat	-	-
blǫdati	blõdati	BLODATI	wiktionary_cat	-	-
blǫditi	blõditi	BLODITI	wiktionary_cat	-	-
blǫdьnъ	blõdĭnŭ	BLODN	wiktionary_cat	-	-
blǫdъ	blõdŭ	BLOD	wiktionary_cat	-	-
blъxa	blŭxa	BLKA	wiktionary_cat	-	-
blyjati	blɨjati	BLIYATI	wiktionary_cat	-	-
bľьvati	blʲĭvati	BLBATI	wiktionary_cat	-	-
bľudo	blʲudo	BLUDO	wiktionary_cat	-	-
bľukati	blʲukati	BLUKATI	wiktionary_cat	-	-
bľusti	blʲusti	BLUSTI	wiktionary_cat	-	-
bľuščь	blʲuʃtʃĭ	BLUSTS	wiktionary_cat	-	-
bľuti	blʲuti	BLUTI	wiktionary_cat	-	-
bľuzgati	blʲuzɡati	BLUSGATI	wiktionary_cat	-	-
bo	bo	BO	wiktionary_cat	-	-
bobrъ	bobrŭ	BOBR	wiktionary_cat	-	-
bobъ	bobŭ	BOB	wiktionary_cat	-	-
bobyrь	bobɨrĭ	BOBIR	wiktionary_cat	-	-
bodačь	bodatʃĭ	BODATS	wiktionary_cat	-	-
bodati	bodati	BODATI	wiktionary_cat	-	-
bodъ	bodŭ	BOD	wiktionary_cat	-	-
bodъľь	bodŭlʲĭ	BODL	wiktionary_cat	-	-
bogačь	boɡatʃĭ	BOGATS	wiktionary_cat	-	-
bogatьstvo	boɡatĭstvo	BOGATSTBO	wiktionary_cat	-	-
bogatъ	boɡatŭ	BOGAT	wiktionary_cat	-	-
Bogodanъ	Boɡodanŭ	0OGODAN	wiktionary_cat	-	-
bogъ	boɡŭ	BOG	wiktionary_cat	-	-
bogъ daďь	boɡŭ dadʲĭ	BOGDAD	wiktionary_cat	-	-
Bogъdanъ	Boɡŭdanŭ	0OGDAN	wiktionary_cat	-	-
bogyni	boɡɨni	BOGINI	wiktionary_cat	-	-
bojati	bojati	BOYATI	wiktionary_cat	-	-
bojaznь	bojaznĭ	BOYASN	wiktionary_cat	-	-
bojevati	bojevati	BOYEBATI	wiktionary_cat	-	-
bojevъ	bojevŭ	BOYEB	wiktionary_cat	-	-
bojь	bojĭ	BOY	wiktionary_cat	-	-
bojьcь	bojĭtsĭ	BOYTS	wiktionary_cat	-	-
bojьkъ	bojĭkŭ	BOYK	wiktionary_cat	-	-
Bojьmirъ	Bojĭmirŭ	0OYMIR	wiktionary_cat	-	-
bojьnъ	bojĭnŭ	BOYN	wiktionary_cat	-	-
bokъ	bokŭ	BOK	wiktionary_cat	-	-
bolěti	bolæːti	BOLATI	wiktionary_cat	-	-
bolěznь	bolæːznĭ	BOLASN	wiktionary_cat	-	-
bolgo	bolɡo	BOLGO	wiktionary_cat	-	-
bolgъ	bolɡŭ	BOLG	wiktionary_cat	-	-
bolgyni	bolɡɨni	BOLGINI	wiktionary_cat	-	-
bolь	bolĭ	BOL	wiktionary_cat	-	-
bolьnica	bolĭnitsa	BOLNITSA	wiktionary_cat	-	-
bolna	bolna	BOLNA	wiktionary_cat	-	-
bolnьje	bolnĭje	BOLNYE	wiktionary_cat	-	-
boltina	boltina	BOLTINA	wiktionary_cat	-	-
bolto	bolto	BOLTO	wiktionary_cat	-	-
bolzina	bolzina	BOLSINA	wiktionary_cat	-	-
bolžiti	bolʒiti	BOLSITI	wiktionary_cat	-	-
boľь	bolʲĭ	BOL	wiktionary_cat	-	-
boľьjь	bolʲĭjĭ	BOLY	wiktionary_cat	-	-
boľьnica	bolʲĭnitsa	BOLNITSA	wiktionary_cat	-	-
borda	borda	BORDA	wiktionary_cat	-	-
bordačь	bordatʃĭ	BORDATS	wiktionary_cat	-	-
bordatъ	bordatŭ	BORDAT	wiktionary_cat	-	-
bordavъka	bordavŭka	BORDABKA	wiktionary_cat	-	-
bordlo	bordlo	BORDLO	wiktionary_cat	-	-
bordy	bordɨ	BORDI	wiktionary_cat	-	-
borgъ	borɡŭ	BORG	wiktionary_cat	-	-
boriti	boriti	BORITI	wiktionary_cat	-	-
borьba	borĭba	BORBA	wiktionary_cat	-	-
borьcь	borĭtsĭ	BORTS	wiktionary_cat	-	-
borkъ	borkŭ	BORK	wiktionary_cat	-	-
borna	borna	BORNA	wiktionary_cat	-	-
Bornimirъ	Bornimirŭ	0ORNIMIR	wiktionary_cat	-	-
borniti	borniti	BORNITI	wiktionary_cat	-	-
bornь	bornĭ	BORN	wiktionary_cat	-	-
boršьna	borʃĭna	BORSNA	wiktionary_cat	-	-
boršьnikъ	borʃĭnikŭ	BORSNIK	wiktionary_cat	-	-
boršьnьnъ	borʃĭnĭnŭ	BORSNN	wiktionary_cat	-	-
boršьňa	borʃĭnʲa	BORSNA	wiktionary_cat	-	-
boršьno	borʃĭno	BORSNO	wiktionary_cat	-	-
borti	borti	BORTI	wiktionary_cat	-	-
borъ	borŭ	BOR	wiktionary_cat	-	-
borvъ	borvŭ	BORB	wiktionary_cat	-	-
borzda	borzda	BORSDA	wiktionary_cat	-	-
borzditi	borzditi	BORSDITI	wiktionary_cat	-	-
bosonogъ	bosonoɡŭ	BOSONOG	wiktionary_cat	-	-
bosti	bosti	BOSTI	wiktionary_cat	-	-
bosъ	bosŭ	BOS	wiktionary_cat	-	-
botьjanъ	botĭjanŭ	BOTYAN	wiktionary_cat	-	-
božiťь	boʒitʲĭ	BOSIT	wiktionary_cat	-	-
božьnica	boʒĭnitsa	BOSNITSA	wiktionary_cat	-	-
božurъ	boʒurŭ	BOSUR	wiktionary_cat	-	-
bǫba	bõba	BOBA	wiktionary_cat	-	-
bǫbarъ	bõbarŭ	BOBAR	wiktionary_cat	-	-
bǫbьniti	bõbĭniti	BOBNITI	wiktionary_cat	-	-
bǫbьnъ	bõbĭnŭ	BOBN	wiktionary_cat	-	-
bǫkъ	bõkŭ	BOK	wiktionary_cat	-	-
braga	braɡa	BRAGA	wiktionary_cat	-	-
bratiťь	bratitʲĭ	BRATIT	wiktionary_cat	-	-
bratьcь	bratĭtsĭ	BRATTS	wiktionary_cat	-	-
bratьskъ	bratĭskŭ	BRATSK	wiktionary_cat	-	-
bratriti	bratriti	BRATRITI	wiktionary_cat	-	-
bratrьja	bratrĭja	BRATRYA	wiktionary_cat	-	-
bratrьstvo	bratrĭstvo	BRATRSTBO	wiktionary_cat	-	-
bratrъ	bratrŭ	BRATR	wiktionary_cat	-	-
brečьka	bretʃĭka	BRETSKA	wiktionary_cat	-	-
brediti	brediti	BREDITI	wiktionary_cat	-	-
bresti	bresti	BRESTI	wiktionary_cat	-	-
brexati	brexati	BREKATI	wiktionary_cat	-	-
brědъ	bræːdŭ	BRAD	wiktionary_cat	-	-
brěskъ	bræːskŭ	BRASK	wiktionary_cat	-	-
brězgati	bræːzɡati	BRASGATI	wiktionary_cat	-	-
brězgъ	bræːzɡŭ	BRASG	wiktionary_cat	-	-
brěždžati	bræːʒdʒati	BRASDSATI	wiktionary_cat	-	-
brěždžiti	bræːʒdʒiti	BRASDSITI	wiktionary_cat	-	-
bręcadlo	brẽtsadlo	BRETSADLO	wiktionary_cat	-	-
bręčati	brẽtʃati	BRETSATI	wiktionary_cat	-	-
brękati	brẽkati	BREKATI	wiktionary_cat	-	-
bręknǫti	brẽknõti	BREKNOTI	wiktionary_cat	-	-
bręždžati	brẽʒdʒati	BRESDSATI	wiktionary_cat	-	-
bričь	britʃĭ	BRITS	wiktionary_cat	-	-
bridъ	bridŭ	BRID	wiktionary_cat	-	-
bridъkostь	bridŭkostĭ	BRIDKOST	wiktionary_cat	-	-
bridъkъ	bridŭkŭ	BRIDK	wiktionary_cat	-	-
brinъ	brinŭ	BRIN	wiktionary_cat	-	-
briti	briti	BRITI	wiktionary_cat	-	-
britva	britva	BRITBA	wiktionary_cat	-	-
brьdnǫti	brĭdnõti	BRDNOTI	wiktionary_cat	-	-
brьna	brĭna	BRNA	wiktionary_cat	-	-
brьvь	brĭvĭ	BRB	wiktionary_cat	-	-
brьvьno	brĭvĭno	BRBNO	wiktionary_cat	-	-
brьzgati	brĭzɡati	BRSGATI	wiktionary_cat	-	-
broditi	broditi	BRODITI	wiktionary_cat	-	-
brodъ	brodŭ	BROD	wiktionary_cat	-	-
brojiti	brojiti	BROYITI	wiktionary_cat	-	-
brojь	brojĭ	BROY	wiktionary_cat	-	-
bronъ	bronŭ	BRON	wiktionary_cat	-	-
brosky	broskɨ	BROSKI	wiktionary_cat	-	-
broščь	broʃtʃĭ	BROSTS	wiktionary_cat	-	-
brudьnъ	brudĭnŭ	BRUDN	wiktionary_cat	-	-
brudъ	brudŭ	BRUD	wiktionary_cat	-	-
brujati	brujati	BRUYATI	wiktionary_cat	-	-
brusidlo	brusidlo	BRUSIDLO	wiktionary_cat	-	-
brusiti	brusiti	BRUSITI	wiktionary_cat	-	-
brusьnica	brusĭnitsa	BRUSNITSA	wiktionary_cat	-	-
brusъ	brusŭ	BRUS	wiktionary_cat	-	-
brutъ	brutŭ	BRUT	wiktionary_cat	-	-
brъkati	brŭkati	BRKATI	wiktionary_cat	-	-
brъňa	brŭnʲa	BRNA	wiktionary_cat	-	-
brъsati	brŭsati	BRSATI	wiktionary_cat	-	-
brъsiti	brŭsiti	BRSITI	wiktionary_cat	-	-
brъzda	brŭzda	BRSDA	wiktionary_cat	-	-
brъzgati	brŭzɡati	BRSGATI	wiktionary_cat	-	-
bry	brɨ	BRI	wiktionary_cat	-	-
brysadlo	brɨsadlo	BRISADLO	wiktionary_cat	-	-
brysati	brɨsati	BRISATI	wiktionary_cat	-	-
bryzgati	brɨzɡati	BRISGATI	wiktionary_cat	-	-
břuxo	br̝uxo	BRUKO	wiktionary_cat	-	-
břuxъ	br̝uxŭ	BRUK	wiktionary_cat	-	-
bučati	butʃati	BUTSATI	wiktionary_cat	-	-
buditi	buditi	BUDITI	wiktionary_cat	-	-
buga	buɡa	BUGA	wiktionary_cat	-	-
bugъrъ	buɡŭrŭ	BUGR	wiktionary_cat	-	-
bujati	bujati	BUYATI	wiktionary_cat	-	-
bujiti	bujiti	BUYITI	wiktionary_cat	-	-
bujь	bujĭ	BUY	wiktionary_cat	-	-
bujьnъ	bujĭnŭ	BUYN	wiktionary_cat	-	-
bukъ	bukŭ	BUK	wiktionary_cat	-	-
bukъvica	bukŭvitsa	BUKBITSA	wiktionary_cat	-	-
buky	bukɨ	BUKI	wiktionary_cat	-	-
buniti	buniti	BUNITI	wiktionary_cat	-	-
burьjanъ	burĭjanŭ	BURYAN	wiktionary_cat	-	-
buřa	bur̝a	BURA	wiktionary_cat	-	-
buřelomъ	bur̝elomŭ	BURELOM	wiktionary_cat	-	-
buxati	buxati	BUKATI	wiktionary_cat	-	-
buza	buza	BUSA	wiktionary_cat	-	-
bъči	bŭtʃi	BTSI	wiktionary_cat	-	-
bъčьka	bŭtʃĭka	BTSKA	wiktionary_cat	-	-
bъděti	bŭdæːti	BDATI	wiktionary_cat	-	-
Bъdigostь	Bŭdiɡostĭ	0DIGOST	wiktionary_cat	-	-
bъdьňa	bŭdĭnʲa	BDNA	wiktionary_cat	-	-
bъdrъ	bŭdrŭ	BDR	wiktionary_cat	-	-
bъgati	bŭɡati	BGATI	wiktionary_cat	-	-
bъlvanъ	bŭlvanŭ	BLBAN	wiktionary_cat	-	-
bъno	bŭno	BNO	wiktionary_cat	-	-
bъrkati	bŭrkati	BRKATI	wiktionary_cat	-	-
bъrkъ	bŭrkŭ	BRK	wiktionary_cat	-	-
bъrna	bŭrna	BRNA	wiktionary_cat	-	-
bъrščь	bŭrʃtʃĭ	BRSTS	wiktionary_cat	-	-
bъrtь	bŭrtĭ	BRT	wiktionary_cat	-	-
bъrъ	bŭrŭ	BR	wiktionary_cat	-	-
bъrzъ	bŭrzŭ	BRS	wiktionary_cat	-	-
bъxъ	bŭxŭ	BK	wiktionary_cat	-	-
bъzikati	bŭzikati	BSIKATI	wiktionary_cat	-	-
bъzoľь	bŭzolʲĭ	BSOL	wiktionary_cat	-	-
bъzъ	bŭzŭ	BS	wiktionary_cat	-	-
by	bɨ	BI	wiktionary_cat	-	-
byčati	bɨtʃati	BITSATI	wiktionary_cat	-	-
byčę	bɨtʃẽ	BITSE	wiktionary_cat	-	-
byčь	bɨtʃĭ	BITS	wiktionary_cat	-	-
bydlo	bɨdlo	BIDLO	wiktionary_cat	-	-
byjati	bɨjati	BIYATI	wiktionary_cat	-	-
bykъ	bɨkŭ	BIK	wiktionary_cat	-	-
bylьje	bɨlĭje	BILYE	wiktionary_cat	-	-
bystrъ	bɨstrŭ	BISTR	wiktionary_cat	-	-
byti	bɨti	BITI	wiktionary_cat	-	-
bytьje	bɨtĭje	BITYE	wiktionary_cat	-	-
byvati	bɨvati	BIBATI	wiktionary_cat	-	-
byvolъ	bɨvolŭ	BIBOL	wiktionary_cat	-	-
capati	tsapati	TSAPATI	wiktionary_cat	-	-
capъ	tsapŭ	TSAP	wiktionary_cat	-	-
cěditi	tsæːditi	TSADITI	wiktionary_cat	-	-
cěglъ	tsæːɡlŭ	TSAGL	wiktionary_cat	-	-
cělěti	tsæːlæːti	TSALATI	wiktionary_cat	-	-
cělina	tsæːlina	TSALINA	wiktionary_cat	-	-
cěliti	tsæːliti	TSALITI	wiktionary_cat	-	-
cělizna	tsæːlizna	TSALISNA	wiktionary_cat	-	-
cělьba	tsæːlĭba	TSALBA	wiktionary_cat	-	-
cělьbьnъ	tsæːlĭbĭnŭ	TSALBN	wiktionary_cat	-	-
cělostь	tsæːlostĭ	TSALOST	wiktionary_cat	-	-
cělovati	tsæːlovati	TSALOBATI	wiktionary_cat	-	-
cělъ	tsæːlŭ	TSAL	wiktionary_cat	-	-
cěna	tsæːna	TSANA	wiktionary_cat	-	-
cěniti	tsæːniti	TSANITI	wiktionary_cat	-	-
cěpeněti	tsæːpenæːti	TSAPENATI	wiktionary_cat	-	-
cěpiti	tsæːpiti	TSAPITI	wiktionary_cat	-	-
cěpъ	tsæːpŭ	TSAP	wiktionary_cat	-	-
cěsařь	tsæːsar̝ĭ	TSASAR	wiktionary_cat	-	-
cěsta	tsæːsta	TSASTA	wiktionary_cat	-	-
cěstiti	tsæːstiti	TSASTITI	wiktionary_cat	-	-
cěva	tsæːva	TSABA	wiktionary_cat	-	-
cěvь	tsæːvĭ	TSAB	wiktionary_cat	-	-
cěvъka	tsæːvŭka	TSABKA	wiktionary_cat	-	-
cęta	tsẽta	TSETA	wiktionary_cat	-	-
cica	tsitsa	TSITSA	wiktionary_cat	-	-
cicati	tsitsati	TSITSATI	wiktionary_cat	-	-
cicь	tsitsĭ	TSITS	wiktionary_cat	-	-
cicьkъ	tsitsĭkŭ	TSITSK	wiktionary_cat	-	-
cьrky	tsĭrkɨ	TSRKI	wiktionary_cat	-	-
cu	tsu	TSU	wiktionary_cat	-	-
cucьkъ	tsutsĭkŭ	TSUTSK	wiktionary_cat	-	-
čaditi	tʃaditi	TSADITI	wiktionary_cat	-	-
čadъ	tʃadŭ	TSAD	wiktionary_cat	-	-
čaja	tʃaja	TSAYA	wiktionary_cat	-	-
čajati	tʃajati	TSAYATI	wiktionary_cat	-	-
čajaznь	tʃajaznĭ	TSAYASN	wiktionary_cat	-	-
čajica	tʃajitsa	TSAYITSA	wiktionary_cat	-	-
čajьka	tʃajĭka	TSAYKA	wiktionary_cat	-	-
čakati	tʃakati	TSAKATI	wiktionary_cat	-	-
čapati	tʃapati	TSAPATI	wiktionary_cat	-	-
čapľa	tʃaplʲa	TSAPLA	wiktionary_cat	-	-
čara	tʃara	TSARA	wiktionary_cat	-	-
čarodějь	tʃarodæːjĭ	TSARODAY	wiktionary_cat	-	-
čarovati	tʃarovati	TSAROBATI	wiktionary_cat	-	-
čarovьnikъ	tʃarovĭnikŭ	TSAROBNIK	wiktionary_cat	-	-
čarovьnъ	tʃarovĭnŭ	TSAROBN	wiktionary_cat	-	-
čarъ	tʃarŭ	TSAR	wiktionary_cat	-	-
časъ	tʃasŭ	TSAS	wiktionary_cat	-	-
čaša	tʃaʃa	TSASA	wiktionary_cat	-	-
čašьka	tʃaʃĭka	TSASKA	wiktionary_cat	-	-
čavъka	tʃavŭka	TSABKA	wiktionary_cat	-	-
čečetъ	tʃetʃetŭ	TSETSET	wiktionary_cat	-	-
čekati	tʃekati	TSEKATI	wiktionary_cat	-	-
čelnъ	tʃelnŭ	TSELN	wiktionary_cat	-	-
čelo	tʃelo	TSELO	wiktionary_cat	-	-
čelověčьnъ	tʃelovæːtʃĭnŭ	TSELOBATSN	wiktionary_cat	-	-
čelověčьskъ	tʃelovæːtʃĭskŭ	TSELOBATSSK	wiktionary_cat	-	-
čelověkъ	tʃelovæːkŭ	TSELOBAK	wiktionary_cat	-	-
čeľadь	tʃelʲadĭ	TSELAD	wiktionary_cat	-	-
čeľustь	tʃelʲustĭ	TSELUST	wiktionary_cat	-	-
čemerъ	tʃemerŭ	TSEMER	wiktionary_cat	-	-
čepьcь	tʃepĭtsĭ	TSEPTS	wiktionary_cat	-	-
čepъ	tʃepŭ	TSEP	wiktionary_cat	-	-
čerda	tʃerda	TSERDA	wiktionary_cat	-	-
čerdъ	tʃerdŭ	TSERD	wiktionary_cat	-	-
čermъša	tʃermŭʃa	TSERMSA	wiktionary_cat	-	-
čermъxa	tʃermŭxa	TSERMKA	wiktionary_cat	-	-
černъ	tʃernŭ	TSERN	wiktionary_cat	-	-
čerpaxa	tʃerpaxa	TSERPAKA	wiktionary_cat	-	-
čerpti	tʃerpti	TSERPTI	wiktionary_cat	-	-
čerpъ	tʃerpŭ	TSERP	wiktionary_cat	-	-
čerslo	tʃerslo	TSERSLO	wiktionary_cat	-	-
čersti	tʃersti	TSERSTI	wiktionary_cat	-	-
čersъ	tʃersŭ	TSERS	wiktionary_cat	-	-
čeršьňa	tʃerʃĭnʲa	TSERSNA	wiktionary_cat	-	-
čerti	tʃerti	TSERTI	wiktionary_cat	-	-
červьjь	tʃervĭjĭ	TSERBY	wiktionary_cat	-	-
červo	tʃervo	TSERBO	wiktionary_cat	-	-
česati	tʃesati	TSESATI	wiktionary_cat	-	-
česnikъ	tʃesnikŭ	TSESNIK	wiktionary_cat	-	-
česnъ	tʃesnŭ	TSESN	wiktionary_cat	-	-
česnъkъ	tʃesnŭkŭ	TSESNK	wiktionary_cat	-	-
česo	tʃeso	TSESO	wiktionary_cat	-	-
češuja	tʃeʃuja	TSESUYA	wiktionary_cat	-	-
četa	tʃeta	TSETA	wiktionary_cat	-	-
četvьrgъ	tʃetvĭrɡŭ	TSETBRG	wiktionary_cat	-	-
četvьrtъ	tʃetvĭrtŭ	TSETBRT	wiktionary_cat	-	-
četvьrtъkъ	tʃetvĭrtŭkŭ	TSETBRTK	wiktionary_cat	-	-
četyre	tʃetɨre	TSETIRE	wiktionary_cat	-	-
čexъlъ	tʃexŭlŭ	TSEKL	wiktionary_cat	-	-
čeznǫti	tʃeznõti	TSESNOTI	wiktionary_cat	-	-
čędo	tʃẽdo	TSEDO	wiktionary_cat	-	-
čęstь	tʃẽstĭ	TSEST	wiktionary_cat	-	-
čęstъ	tʃẽstŭ	TSEST	wiktionary_cat	-	-
čęsťьjь	tʃẽstʲĭjĭ	TSESTY	wiktionary_cat	-	-
čęšča	tʃẽʃtʃa	TSESTSA	wiktionary_cat	-	-
čęti	tʃẽti	TSETI	wiktionary_cat	-	-
či	tʃi	TSI	wiktionary_cat	-	-
činiti	tʃiniti	TSINITI	wiktionary_cat	-	-
činъ	tʃinŭ	TSIN	wiktionary_cat	-	-
čirьjь	tʃirĭjĭ	TSIRY	wiktionary_cat	-	-
čislo	tʃislo	TSISLO	wiktionary_cat	-	-
čisti	tʃisti	TSISTI	wiktionary_cat	-	-
čistiti	tʃistiti	TSISTITI	wiktionary_cat	-	-
čistostь	tʃistostĭ	TSISTOST	wiktionary_cat	-	-
čistъ	tʃistŭ	TSIST	wiktionary_cat	-	-
čitati	tʃitati	TSITATI	wiktionary_cat	-	-
čitavъ	tʃitavŭ	TSITAB	wiktionary_cat	-	-
čitъ	tʃitŭ	TSIT	wiktionary_cat	-	-
čixati	tʃixati	TSIKATI	wiktionary_cat	-	-
čižь	tʃiʒĭ	TSIS	wiktionary_cat	-	-
-čь	-tʃĭ	TS	wiktionary_cat	-	-
čь	tʃĭ	TS	wiktionary_cat	-	-
čьbanъ	tʃĭbanŭ	TSBAN	wiktionary_cat	-	-
čьbьrъ	tʃĭbĭrŭ	TSBR	wiktionary_cat	-	-
čьjь	tʃĭjĭ	TSY	wiktionary_cat	-	-
čьlnъ	tʃĭlnŭ	TSLN	wiktionary_cat	-	-
čьlověčьjь	tʃĭlovæːtʃĭjĭ	TSLOBATSY	wiktionary_cat	-	-
čьmeľь	tʃĭmelʲĭ	TSMEL	wiktionary_cat	-	-
čьrmь	tʃĭrmĭ	TSRM	wiktionary_cat	-	-
čьrmьnъ	tʃĭrmĭnŭ	TSRMN	wiktionary_cat	-	-
čьrna agoda	tʃĭrna aɡoda	TSRNAAGODA	wiktionary_cat	-	-
čьrnobylь	tʃĭrnobɨlĭ	TSRNOBIL	wiktionary_cat	-	-
čьrnota	tʃĭrnota	TSRNOTA	wiktionary_cat	-	-
čьrnъ	tʃĭrnŭ	TSRN	wiktionary_cat	-	-
čьrnъ bogъ	tʃĭrnŭ boɡŭ	TSRNBOG	wiktionary_cat	-	-
čьrnъ xlěbъ	tʃĭrnŭ xlæːbŭ	TSRNKLAB	wiktionary_cat	-	-
čьrpati	tʃĭrpati	TSRPATI	wiktionary_cat	-	-
čьrstvъ	tʃĭrstvŭ	TSRSTB	wiktionary_cat	-	-
čьrta	tʃĭrta	TSRTA	wiktionary_cat	-	-
čьrtati	tʃĭrtati	TSRTATI	wiktionary_cat	-	-
čьrtežь	tʃĭrteʒĭ	TSRTES	wiktionary_cat	-	-
čьrtъ	tʃĭrtŭ	TSRT	wiktionary_cat	-	-
čьrvenъ	tʃĭrvenŭ	TSRBEN	wiktionary_cat	-	-
čьrvь	tʃĭrvĭ	TSRB	wiktionary_cat	-	-
čьsokolivěkъ	tʃĭsokolivæːkŭ	TSSOKOLIBAK	wiktionary_cat	-	-
čьstiti	tʃĭstiti	TSSTITI	wiktionary_cat	-	-
čьstь	tʃĭstĭ	TSST	wiktionary_cat	-	-
čьstьnota	tʃĭstĭnota	TSSTNOTA	wiktionary_cat	-	-
čьstьnъ	tʃĭstĭnŭ	TSSTN	wiktionary_cat	-	-
čьto	tʃĭto	TSTO	wiktionary_cat	-	-
čьvanъ	tʃĭvanŭ	TSBAN	wiktionary_cat	-	-
čьvati	tʃĭvati	TSBATI	wiktionary_cat	-	-
čьvorъ	tʃĭvorŭ	TSBOR	wiktionary_cat	-	-
čǫbьrъ	tʃõbĭrŭ	TSOBR	wiktionary_cat	-	-
čubъ	tʃubŭ	TSUB	wiktionary_cat	-	-
čuditi	tʃuditi	TSUDITI	wiktionary_cat	-	-
čudьnъ	tʃudĭnŭ	TSUDN	wiktionary_cat	-	-
čudlo	tʃudlo	TSUDLO	wiktionary_cat	-	-
čudo	tʃudo	TSUDO	wiktionary_cat	-	-
čudovišče	tʃudoviʃtʃe	TSUDOBISTSE	wiktionary_cat	-	-
čudъ	tʃudŭ	TSUD	wiktionary_cat	-	-
čujьnъ	tʃujĭnŭ	TSUYN	wiktionary_cat	-	-
čuka	tʃuka	TSUKA	wiktionary_cat	-	-
čukati	tʃukati	TSUKATI	wiktionary_cat	-	-
čukъ	tʃukŭ	TSUK	wiktionary_cat	-	-
čula	tʃula	TSULA	wiktionary_cat	-	-
čupъ	tʃupŭ	TSUP	wiktionary_cat	-	-
čurъ	tʃurŭ	TSUR	wiktionary_cat	-	-
čuti	tʃuti	TSUTI	wiktionary_cat	-	-
čutьje	tʃutĭje	TSUTYE	wiktionary_cat	-	-
čutьnъ	tʃutĭnŭ	TSUTN	wiktionary_cat	-	-
čutъkъ	tʃutŭkŭ	TSUTK	wiktionary_cat	-	-
čuvati	tʃuvati	TSUBATI	wiktionary_cat	-	-
čuvьstvo	tʃuvĭstvo	TSUBSTBO	wiktionary_cat	-	-
čuxati	tʃuxati	TSUKATI	wiktionary_cat	-	-
čuxъ	tʃuxŭ	TSUK	wiktionary_cat	-	-
da	da	DA	wiktionary_cat	-	-
dada	dada	DADA	wiktionary_cat	-	-
dadinъ	dadinŭ	DADIN	wiktionary_cat	-	-
dadьka	dadĭka	DADKA	wiktionary_cat	-	-
dadьko	dadĭko	DADKO	wiktionary_cat	-	-
daďь bože	dadʲĭ boʒe	DADBOSE	wiktionary_cat	-	-
Daďьbogъ	Dadʲĭboɡŭ	0ADBOG	wiktionary_cat	-	-
dajati	dajati	DAYATI	wiktionary_cat	-	-
dalekъ	dalekŭ	DALEK	wiktionary_cat	-	-
dalь	dalĭ	DAL	wiktionary_cat	-	-
danь	danĭ	DAN	wiktionary_cat	-	-
dariti	dariti	DARITI	wiktionary_cat	-	-
darovati	darovati	DAROBATI	wiktionary_cat	-	-
darъ	darŭ	DAR	wiktionary_cat	-	-
dateľь	datelʲĭ	DATEL	wiktionary_cat	-	-
dati	dati	DATI	wiktionary_cat	-	-
davati	davati	DABATI	wiktionary_cat	-	-
davě	davæː	DABA	wiktionary_cat	-	-
daviti	daviti	DABITI	wiktionary_cat	-	-
davьnъ	davĭnŭ	DABN	wiktionary_cat	-	-
debelěti	debelæːti	DEBELATI	wiktionary_cat	-	-
debelina	debelina	DEBELINA	wiktionary_cat	-	-
debelostь	debelostĭ	DEBELOST	wiktionary_cat	-	-
debelъ	debelŭ	DEBEL	wiktionary_cat	-	-
debnǫti	debnõti	DEBNOTI	wiktionary_cat	-	-
degъtь	deɡŭtĭ	DEGT	wiktionary_cat	-	-
delěti	delæːti	DELATI	wiktionary_cat	-	-
delto	delto	DELTO	wiktionary_cat	-	-
dereza	dereza	DERESA	wiktionary_cat	-	-
dernъ	dernŭ	DERN	wiktionary_cat	-	-
derti	derti	DERTI	wiktionary_cat	-	-
dervo	dervo	DERBO	wiktionary_cat	-	-
desętь	desẽtĭ	DESET	wiktionary_cat	-	-
desętъ	desẽtŭ	DESET	wiktionary_cat	-	-
desiti	desiti	DESITI	wiktionary_cat	-	-
desnъ	desnŭ	DESN	wiktionary_cat	-	-
deševъ	deʃevŭ	DESEB	wiktionary_cat	-	-
devęsilъ	devẽsilŭ	DEBESIL	wiktionary_cat	-	-
devętь	devẽtĭ	DEBET	wiktionary_cat	-	-
devętь sъtъ	devẽtĭ sŭtŭ	DEBETST	wiktionary_cat	-	-
devę(t)nosъto	devẽ(t)nosŭto	DEBETNOSTO	wiktionary_cat	-	-
devętъ	devẽtŭ	DEBET	wiktionary_cat	-	-
dědъ	dæːdŭ	DAD	wiktionary_cat	-	-
děgati	dæːɡati	DAGATI	wiktionary_cat	-	-
dějanьje	dæːjanĭje	DAYANYE	wiktionary_cat	-	-
dějati	dæːjati	DAYATI	wiktionary_cat	-	-
dělati	dæːlati	DALATI	wiktionary_cat	-	-
děliti	dæːliti	DALITI	wiktionary_cat	-	-
dělitьba	dæːlitĭba	DALITBA	wiktionary_cat	-	-
dělo	dæːlo	DALO	wiktionary_cat	-	-
dělъ	dæːlŭ	DAL	wiktionary_cat	-	-
děľa	dæːlʲa	DALA	wiktionary_cat	-	-
děra	dæːra	DARA	wiktionary_cat	-	-
dětę	dæːtẽ	DATE	wiktionary_cat	-	-
děti	dæːti	DATI	wiktionary_cat	-	-
dětь	dæːtĭ	DAT	wiktionary_cat	-	-
dětьca	dæːtĭtsa	DATTSA	wiktionary_cat	-	-
děva	dæːva	DABA	wiktionary_cat	-	-
děverь	dæːverĭ	DABER	wiktionary_cat	-	-
děverьja	dæːverĭja	DABERYA	wiktionary_cat	-	-
děvica	dæːvitsa	DABITSA	wiktionary_cat	-	-
děvъčę	dæːvŭtʃẽ	DABTSE	wiktionary_cat	-	-
děvъka	dæːvŭka	DABKA	wiktionary_cat	-	-
děža	dæːʒa	DASA	wiktionary_cat	-	-
dęgľь	dẽɡlʲĭ	DEGL	wiktionary_cat	-	-
dęsna	dẽsna	DESNA	wiktionary_cat	-	-
dętelina	dẽtelina	DETELINA	wiktionary_cat	-	-
dętelьcь	dẽtelĭtsĭ	DETELTS	wiktionary_cat	-	-
dętelъ	dẽtelŭ	DETEL	wiktionary_cat	-	-
di	di	DI	wiktionary_cat	-	-
dikъ	dikŭ	DIK	wiktionary_cat	-	-
dira	dira	DIRA	wiktionary_cat	-	-
diřa	dir̝a	DIRA	wiktionary_cat	-	-
diva	diva	DIBA	wiktionary_cat	-	-
divadlo	divadlo	DIBADLO	wiktionary_cat	-	-
divakъ	divakŭ	DIBAK	wiktionary_cat	-	-
divati	divati	DIBATI	wiktionary_cat	-	-
divěti	divæːti	DIBATI	wiktionary_cat	-	-
divica	divitsa	DIBITSA	wiktionary_cat	-	-
divina	divina	DIBINA	wiktionary_cat	-	-
diviti	diviti	DIBITI	wiktionary_cat	-	-
divizna	divizna	DIBISNA	wiktionary_cat	-	-
divь	divĭ	DIB	wiktionary_cat	-	-
divьjačь	divĭjatʃĭ	DIBYATS	wiktionary_cat	-	-
divьjadь	divĭjadĭ	DIBYAD	wiktionary_cat	-	-
divьjakъ	divĭjakŭ	DIBYAK	wiktionary_cat	-	-
divьjati	divĭjati	DIBYATI	wiktionary_cat	-	-
divьjestь	divĭjestĭ	DIBYEST	wiktionary_cat	-	-
divьjeta	divĭjeta	DIBYETA	wiktionary_cat	-	-
divьnъ	divĭnŭ	DIBN	wiktionary_cat	-	-
divьskъ	divĭskŭ	DIBSK	wiktionary_cat	-	-
divo	divo	DIBO	wiktionary_cat	-	-
divostь	divostĭ	DIBOST	wiktionary_cat	-	-
divota	divota	DIBOTA	wiktionary_cat	-	-
divovati	divovati	DIBOBATI	wiktionary_cat	-	-
divъ	divŭ	DIB	wiktionary_cat	-	-
diža	diʒa	DISA	wiktionary_cat	-	-
dьbrь	dĭbrĭ	DBR	wiktionary_cat	-	-
dьgna	dĭɡna	DGNA	wiktionary_cat	-	-
dьgnǫti	dĭɡnõti	DGNOTI	wiktionary_cat	-	-
dьlbati	dĭlbati	DLBATI	wiktionary_cat	-	-
dьlbiti	dĭlbiti	DLBITI	wiktionary_cat	-	-
dьlgota	dĭlɡota	DLGOTA	wiktionary_cat	-	-
dьlgъ	dĭlɡŭ	DLG	wiktionary_cat	-	-
dьlina	dĭlina	DLINA	wiktionary_cat	-	-
dьliti	dĭliti	DLITI	wiktionary_cat	-	-
dьlь	dĭlĭ	DL	wiktionary_cat	-	-
dьly	dĭlɨ	DLI	wiktionary_cat	-	-
dьľьjь	dĭlʲĭjĭ	DLY	wiktionary_cat	-	-
dьněti	dĭnæːti	DNATI	wiktionary_cat	-	-
dьnь	dĭnĭ	DN	wiktionary_cat	-	-
dьnьsь	dĭnĭsĭ	DNS	wiktionary_cat	-	-
dьraka	dĭraka	DRAKA	wiktionary_cat	-	-
dьrati	dĭrati	DRATI	wiktionary_cat	-	-
dьrba	dĭrba	DRBA	wiktionary_cat	-	-
dьrbati	dĭrbati	DRBATI	wiktionary_cat	-	-
dьrcati	dĭrtsati	DRTSATI	wiktionary_cat	-	-
dьrča	dĭrtʃa	DRTSA	wiktionary_cat	-	-
dьrčati	dĭrtʃati	DRTSATI	wiktionary_cat	-	-
dьrgati	dĭrɡati	DRGATI	wiktionary_cat	-	-
dьrkati	dĭrkati	DRKATI	wiktionary_cat	-	-
dьrnǫti	dĭrnõti	DRNOTI	wiktionary_cat	-	-
dьrnъ	dĭrnŭ	DRN	wiktionary_cat	-	-
dьrpati	dĭrpati	DRPATI	wiktionary_cat	-	-
dьrpъ	dĭrpŭ	DRP	wiktionary_cat	-	-
dьrtěti	dĭrtæːti	DRTATI	wiktionary_cat	-	-
dьrtъ	dĭrtŭ	DRT	wiktionary_cat	-	-
dьrvьňa	dĭrvĭnʲa	DRBNA	wiktionary_cat	-	-
dьrzati	dĭrzati	DRSATI	wiktionary_cat	-	-
dьrznǫti	dĭrznõti	DRSNOTI	wiktionary_cat	-	-
dьrzъ	dĭrzŭ	DRS	wiktionary_cat	-	-
dьrzъkъ	dĭrzŭkŭ	DRSK	wiktionary_cat	-	-
dьržati	dĭrʒati	DRSATI	wiktionary_cat	-	-
dьržati ęzykъ za zǫby	dĭrʒati ẽzɨkŭ za zõbɨ	DRSATIESIKSASOBI	wiktionary_cat	-	-
dьržava	dĭrʒava	DRSABA	wiktionary_cat	-	-
dьžica	dĭʒitsa	DSITSA	wiktionary_cat	-	-
dlaka	dlaka	DLAKA	wiktionary_cat	-	-
-dlo	-dlo	DLO	wiktionary_cat	-	-
do	do	DO	wiktionary_cat	-	-
doba	doba	DOBA	wiktionary_cat	-	-
dobь	dobĭ	DOB	wiktionary_cat	-	-
dobľestь	doblʲestĭ	DOBLEST	wiktionary_cat	-	-
dobľestьnъ	doblʲestĭnŭ	DOBLESTN	wiktionary_cat	-	-
dobľь	doblʲĭ	DOBL	wiktionary_cat	-	-
dobręťь	dobrẽtʲĭ	DOBRET	wiktionary_cat	-	-
dobrina	dobrina	DOBRINA	wiktionary_cat	-	-
dobrota	dobrota	DOBROTA	wiktionary_cat	-	-
dobrъ	dobrŭ	DOBR	wiktionary_cat	-	-
dobrъ dьnь	dobrŭ dĭnĭ	DOBRDN	wiktionary_cat	-	-
dobъ	dobŭ	DOB	wiktionary_cat	-	-
dobyti	dobɨti	DOBITI	wiktionary_cat	-	-
dobytъkъ	dobɨtŭkŭ	DOBITK	wiktionary_cat	-	-
dobyťa	dobɨtʲa	DOBITA	wiktionary_cat	-	-
dojidlica	dojidlitsa	DOYIDLITSA	wiktionary_cat	-	-
dojidlo	dojidlo	DOYIDLO	wiktionary_cat	-	-
dojiti	dojiti	DOYITI	wiktionary_cat	-	-
dojьčę	dojĭtʃẽ	DOYTSE	wiktionary_cat	-	-
dola	dola	DOLA	wiktionary_cat	-	-
dolga	dolɡa	DOLGA	wiktionary_cat	-	-
dolina	dolina	DOLINA	wiktionary_cat	-	-
dolь	dolĭ	DOL	wiktionary_cat	-	-
dolьnъ	dolĭnŭ	DOLN	wiktionary_cat	-	-
dolka	dolka	DOLKA	wiktionary_cat	-	-
dolnь	dolnĭ	DOLN	wiktionary_cat	-	-
dolto	dolto	DOLTO	wiktionary_cat	-	-
dolъ	dolŭ	DOL	wiktionary_cat	-	-
doľa	dolʲa	DOLA	wiktionary_cat	-	-
domasědъ	domasæːdŭ	DOMASAD	wiktionary_cat	-	-
domъ	domŭ	DOM	wiktionary_cat	-	-
dorbъ	dorbŭ	DORB	wiktionary_cat	-	-
dorga	dorɡa	DORGA	wiktionary_cat	-	-
dorgъ	dorɡŭ	DORG	wiktionary_cat	-	-
dorgъnъ	dorɡŭnŭ	DORGN	wiktionary_cat	-	-
dorodьnъ	dorodĭnŭ	DORODN	wiktionary_cat	-	-
dorъ	dorŭ	DOR	wiktionary_cat	-	-
dosada	dosada	DOSADA	wiktionary_cat	-	-
doselě	doselæː	DOSELA	wiktionary_cat	-	-
dositi	dositi	DOSITI	wiktionary_cat	-	-
dosǫgъ	dosõɡŭ	DOSOG	wiktionary_cat	-	-
dostatъkъ	dostatŭkŭ	DOSTATK	wiktionary_cat	-	-
dostojьnъ	dostojĭnŭ	DOSTOYN	wiktionary_cat	-	-
dovьlěti	dovĭlæːti	DOBLATI	wiktionary_cat	-	-
dǫbovъ	dõbovŭ	DOBOB	wiktionary_cat	-	-
dǫbrava	dõbrava	DOBRABA	wiktionary_cat	-	-
dǫbъ	dõbŭ	DOB	wiktionary_cat	-	-
dǫga	dõɡa	DOGA	wiktionary_cat	-	-
dǫti	dõti	DOTI	wiktionary_cat	-	-
drabъ	drabŭ	DRAB	wiktionary_cat	-	-
drapati	drapati	DRAPATI	wiktionary_cat	-	-
draska	draska	DRASKA	wiktionary_cat	-	-
draskati	draskati	DRASKATI	wiktionary_cat	-	-
drazniti	drazniti	DRASNITI	wiktionary_cat	-	-
dražiti	draʒiti	DRASITI	wiktionary_cat	-	-
drebězgъ	drebæːzɡŭ	DREBASG	wiktionary_cat	-	-
drebiti	drebiti	DREBITI	wiktionary_cat	-	-
drebьnъ	drebĭnŭ	DREBN	wiktionary_cat	-	-
drebъ	drebŭ	DREB	wiktionary_cat	-	-
drebъxa	drebŭxa	DREBKA	wiktionary_cat	-	-
drevьnostь	drevĭnostĭ	DREBNOST	wiktionary_cat	-	-
drevьnъ	drevĭnŭ	DREBN	wiktionary_cat	-	-
drěčьnъ	dræːtʃĭnŭ	DRATSN	wiktionary_cat	-	-
drěkъ	dræːkŭ	DRAK	wiktionary_cat	-	-
drěmati	dræːmati	DRAMATI	wiktionary_cat	-	-
drězga	dræːzɡa	DRASGA	wiktionary_cat	-	-
dręx(ъ)lъ	drẽx(ŭ)lŭ	DREKL	wiktionary_cat	-	-
dręzga	drẽzɡa	DRESGA	wiktionary_cat	-	-
drika	drika	DRIKA	wiktionary_cat	-	-
dripa	dripa	DRIPA	wiktionary_cat	-	-
dristati	dristati	DRISTATI	wiktionary_cat	-	-
drьkolь	drĭkolĭ	DRKOL	wiktionary_cat	-	-
droba	droba	DROBA	wiktionary_cat	-	-
drobězgъ	drobæːzɡŭ	DROBASG	wiktionary_cat	-	-
drobiti	drobiti	DROBITI	wiktionary_cat	-	-
drobь	drobĭ	DROB	wiktionary_cat	-	-
drobьnъ	drobĭnŭ	DROBN	wiktionary_cat	-	-
drobъ	drobŭ	DROB	wiktionary_cat	-	-
dročiti	drotʃiti	DROTSITI	wiktionary_cat	-	-
droga	droɡa	DROGA	wiktionary_cat	-	-
drokъ	drokŭ	DROK	wiktionary_cat	-	-
drozdъ	drozdŭ	DROSD	wiktionary_cat	-	-
drozga	drozɡa	DROSGA	wiktionary_cat	-	-
droždža	droʒdʒa	DROSDSA	wiktionary_cat	-	-
drǫčiti	drõtʃiti	DROTSITI	wiktionary_cat	-	-
drǫgъ	drõɡŭ	DROG	wiktionary_cat	-	-
drugъ	druɡŭ	DRUG	wiktionary_cat	-	-
družina	druʒina	DRUSINA	wiktionary_cat	-	-
družiti	druʒiti	DRUSITI	wiktionary_cat	-	-
družьba	druʒĭba	DRUSBA	wiktionary_cat	-	-
družьja	druʒĭja	DRUSYA	wiktionary_cat	-	-
družьnъ	druʒĭnŭ	DRUSN	wiktionary_cat	-	-
drъgati	drŭɡati	DRGATI	wiktionary_cat	-	-
drъva	drŭva	DRBA	wiktionary_cat	-	-
drъvo	drŭvo	DRBO	wiktionary_cat	-	-
drъžati	drŭʒati	DRSATI	wiktionary_cat	-	-
drъžь	drŭʒĭ	DRS	wiktionary_cat	-	-
drybati	drɨbati	DRIBATI	wiktionary_cat	-	-
drygati	drɨɡati	DRIGATI	wiktionary_cat	-	-
drynъ	drɨnŭ	DRIN	wiktionary_cat	-	-
dubati	dubati	DUBATI	wiktionary_cat	-	-
dubъ	dubŭ	DUB	wiktionary_cat	-	-
duma	duma	DUMA	wiktionary_cat	-	-
dumati	dumati	DUMATI	wiktionary_cat	-	-
Dunavь	Dunavĭ	0UNAB	wiktionary_cat	-	-
dunǫti	dunõti	DUNOTI	wiktionary_cat	-	-
dupa	dupa	DUPA	wiktionary_cat	-	-
dupę	dupẽ	DUPE	wiktionary_cat	-	-
dupina	dupina	DUPINA	wiktionary_cat	-	-
duplь	duplĭ	DUPL	wiktionary_cat	-	-
duplo	duplo	DUPLO	wiktionary_cat	-	-
dupľa	duplʲa	DUPLA	wiktionary_cat	-	-
dupl̥ce	dupl̥tse	DUPLTSE	wiktionary_cat	-	-
dura	dura	DURA	wiktionary_cat	-	-
duriti	duriti	DURITI	wiktionary_cat	-	-
durь	durĭ	DUR	wiktionary_cat	-	-
durьnъ	durĭnŭ	DURN	wiktionary_cat	-	-
duša	duʃa	DUSA	wiktionary_cat	-	-
duševьnъ	duʃevĭnŭ	DUSEBN	wiktionary_cat	-	-
dušiti	duʃiti	DUSITI	wiktionary_cat	-	-
dušьnъ	duʃĭnŭ	DUSN	wiktionary_cat	-	-
duti	duti	DUTI	wiktionary_cat	-	-
duxati	duxati	DUKATI	wiktionary_cat	-	-
duxmenъ	duxmenŭ	DUKMEN	wiktionary_cat	-	-
duxnǫti	duxnõti	DUKNOTI	wiktionary_cat	-	-
duxovitъ	duxovitŭ	DUKOBIT	wiktionary_cat	-	-
duxovъ	duxovŭ	DUKOB	wiktionary_cat	-	-
duxъ	duxŭ	DUK	wiktionary_cat	-	-
duxъna	duxŭna	DUKNA	wiktionary_cat	-	-
dužь	duʒĭ	DUS	wiktionary_cat	-	-
dъbati	dŭbati	DBATI	wiktionary_cat	-	-
dъlgъ	dŭlɡŭ	DLG	wiktionary_cat	-	-
dъlžiti	dŭlʒiti	DLSITI	wiktionary_cat	-	-
dъlžьnъ	dŭlʒĭnŭ	DLSN	wiktionary_cat	-	-
dъmuxati	dŭmuxati	DMUKATI	wiktionary_cat	-	-
Dъněprъ	Dŭnæːprŭ	0NAPR	wiktionary_cat	-	-
Dъněstrъ	Dŭnæːstrŭ	0NASTR	wiktionary_cat	-	-
dъno	dŭno	DNO	wiktionary_cat	-	-
dъska	dŭska	DSKA	wiktionary_cat	-	-
dъščь	dŭʃtʃĭ	DSTS	wiktionary_cat	-	-
dъščьka	dŭʃtʃĭka	DSTSKA	wiktionary_cat	-	-
dъťerьnъ	dŭtʲerĭnŭ	DTERN	wiktionary_cat	-	-
dъťi	dŭtʲi	DTI	wiktionary_cat	-	-
dъťьka	dŭtʲĭka	DTKA	wiktionary_cat	-	-
dъva	dŭva	DBA	wiktionary_cat	-	-
dъvidzь	dŭvidzĭ	DBIDS	wiktionary_cat	-	-
dъvojakъ	dŭvojakŭ	DBOYAK	wiktionary_cat	-	-
dъvojь	dŭvojĭ	DBOY	wiktionary_cat	-	-
dъvojьťi	dŭvojĭtʲi	DBOYTI	wiktionary_cat	-	-
dъxnǫti	dŭxnõti	DKNOTI	wiktionary_cat	-	-
dъxořь	dŭxor̝ĭ	DKOR	wiktionary_cat	-	-
dъxъ	dŭxŭ	DK	wiktionary_cat	-	-
dъždžati	dŭʒdʒati	DSDSATI	wiktionary_cat	-	-
dъždževъ	dŭʒdʒevŭ	DSDSEB	wiktionary_cat	-	-
dъždžěnъ	dŭʒdʒæːnŭ	DSDSAN	wiktionary_cat	-	-
dъždžiti	dŭʒdʒiti	DSDSITI	wiktionary_cat	-	-
dъždžь	dŭʒdʒĭ	DSDS	wiktionary_cat	-	-
dъždžьcь	dŭʒdʒĭtsĭ	DSDSTS	wiktionary_cat	-	-
dъždžьnъ	dŭʒdʒĭnŭ	DSDSN	wiktionary_cat	-	-
dvigati	dviɡati	DBIGATI	wiktionary_cat	-	-
dvignǫti	dviɡnõti	DBIGNOTI	wiktionary_cat	-	-
dvьrь	dvĭrĭ	DBR	wiktionary_cat	-	-
dvorъ	dvorŭ	DBOR	wiktionary_cat	-	-
dybati	dɨbati	DIBATI	wiktionary_cat	-	-
dymiti	dɨmiti	DIMITI	wiktionary_cat	-	-
dymъ	dɨmŭ	DIM	wiktionary_cat	-	-
dyňa	dɨnʲa	DINA	wiktionary_cat	-	-
dyra	dɨra	DIRA	wiktionary_cat	-	-
dyšati	dɨʃati	DISATI	wiktionary_cat	-	-
dyxati	dɨxati	DIKATI	wiktionary_cat	-	-
dyxъ	dɨxŭ	DIK	wiktionary_cat	-	-
dzělo	dzæːlo	DSALO	wiktionary_cat	-	-
dzělъ	dzæːlŭ	DSAL	wiktionary_cat	-	-
ďupa	dʲupa	DUPA	wiktionary_cat	-	-
edinakъ	edinakŭ	EDINAK	wiktionary_cat	-	-
edinъ	edinŭ	EDIN	wiktionary_cat	-	-
edinъ na desęte	edinŭ na desẽte	EDINNADESETE	wiktionary_cat	-	-
edla	edla	EDLA	wiktionary_cat	-	-
edlь	edlĭ	EDL	wiktionary_cat	-	-
edlovъ	edlovŭ	EDLOB	wiktionary_cat	-	-
edlъka	edlŭka	EDLKA	wiktionary_cat	-	-
edъva	edŭva	EDBA	wiktionary_cat	-	-
elenę	elenẽ	ELENE	wiktionary_cat	-	-
elenica	elenitsa	ELENITSA	wiktionary_cat	-	-
elenina	elenina	ELENINA	wiktionary_cat	-	-
eleňь	elenʲĭ	ELEN	wiktionary_cat	-	-
elьxa	elĭxa	ELKA	wiktionary_cat	-	-
ely	elɨ	ELI	wiktionary_cat	-	-
emela	emela	EMELA	wiktionary_cat	-	-
-enikъ	-enikŭ	ENIK	wiktionary_cat	-	-
-erъ	-erŭ	ER	wiktionary_cat	-	-
esenь	esenĭ	ESEN	wiktionary_cat	-	-
esenьnъ	esenĭnŭ	ESENN	wiktionary_cat	-	-
esetь	esetĭ	ESET	wiktionary_cat	-	-
esetrъ	esetrŭ	ESETR	wiktionary_cat	-	-
-estь	-estĭ	EST	wiktionary_cat	-	-
esva	esva	ESBA	wiktionary_cat	-	-
eša	eʃa	ESA	wiktionary_cat	-	-
ešče	eʃtʃe	ESTSE	wiktionary_cat	-	-
-evъ	-evŭ	EB	wiktionary_cat	-	-
ezero	ezero	ESERO	wiktionary_cat	-	-
ezeřanъ	ezer̝anŭ	ESERAN	wiktionary_cat	-	-
ežakъ	eʒakŭ	ESAK	wiktionary_cat	-	-
eževica	eʒevitsa	ESEBITSA	wiktionary_cat	-	-
eževika	eʒevika	ESEBIKA	wiktionary_cat	-	-
eževina	eʒevina	ESEBINA	wiktionary_cat	-	-
eževъ	eʒevŭ	ESEB	wiktionary_cat	-	-
ežica	eʒitsa	ESITSA	wiktionary_cat	-	-
ežika	eʒika	ESIKA	wiktionary_cat	-	-
ežikъ	eʒikŭ	ESIK	wiktionary_cat	-	-
ežina	eʒina	ESINA	wiktionary_cat	-	-
ežiti	eʒiti	ESITI	wiktionary_cat	-	-
-ežь	-eʒĭ	ES	wiktionary_cat	-	-
ežь	eʒĭ	ES	wiktionary_cat	-	-
ěda	æːda	ADA	wiktionary_cat	-	-
ědivo	æːdivo	ADIBO	wiktionary_cat	-	-
ědlo	æːdlo	ADLO	wiktionary_cat	-	-
ědro	æːdro	ADRO	wiktionary_cat	-	-
ědъ	æːdŭ	AD	wiktionary_cat	-	-
ědъkъ	æːdŭkŭ	ADK	wiktionary_cat	-	-
ěďa	æːdʲa	ADA	wiktionary_cat	-	-
-ějь	-æːjĭ	AY	wiktionary_cat	-	-
-ělь	-æːlĭ	AL	wiktionary_cat	-	-
-ělъ	-æːlŭ	AL	wiktionary_cat	-	-
-ěninъ	-æːninŭ	ANIN	wiktionary_cat	-	-
-ěnъ	-æːnŭ	AN	wiktionary_cat	-	-
ěpa	æːpa	APA	wiktionary_cat	-	-
ěsa	æːsa	ASA	wiktionary_cat	-	-
ěsněti	æːsnæːti	ASNATI	wiktionary_cat	-	-
ěsninа	æːsninа	ASNIN	wiktionary_cat	-	-
ěsniti	æːsniti	ASNITI	wiktionary_cat	-	-
ěsnostь	æːsnostĭ	ASNOST	wiktionary_cat	-	-
ěsnota	æːsnota	ASNOTA	wiktionary_cat	-	-
ěsnъ	æːsnŭ	ASN	wiktionary_cat	-	-
ěsti	æːsti	ASTI	wiktionary_cat	-	-
ěstьje	æːstĭje	ASTYE	wiktionary_cat	-	-
ěstva	æːstva	ASTBA	wiktionary_cat	-	-
-ěti	-æːti	ATI	wiktionary_cat	-	-
ězъ	æːzŭ	AS	wiktionary_cat	-	-
-ę	-ẽ	E	wiktionary_cat	-	-
ęčati	ẽtʃati	ETSATI	wiktionary_cat	-	-
ęčьmy	ẽtʃĭmɨ	ETSMI	wiktionary_cat	-	-
ędlo	ẽdlo	EDLO	wiktionary_cat	-	-
ędro	ẽdro	EDRO	wiktionary_cat	-	-
ęga	ẽɡa	EGA	wiktionary_cat	-	-
ękati	ẽkati	EKATI	wiktionary_cat	-	-
ęti	ẽti	ETI	wiktionary_cat	-	-
ętro	ẽtro	ETRO	wiktionary_cat	-	-
-ęťь	-ẽtʲĭ	ET	wiktionary_cat	-	-
ęzykъ	ẽzɨkŭ	ESIK	wiktionary_cat	-	-
-ga	-ɡa	GA	wiktionary_cat	-	-
gabati	ɡabati	GABATI	wiktionary_cat	-	-
gadati	ɡadati	GADATI	wiktionary_cat	-	-
gaditi	ɡaditi	GADITI	wiktionary_cat	-	-
gadъ	ɡadŭ	GAD	wiktionary_cat	-	-
gadъkъ	ɡadŭkŭ	GADK	wiktionary_cat	-	-
gajati	ɡajati	GAYATI	wiktionary_cat	-	-
gajь	ɡajĭ	GAY	wiktionary_cat	-	-
gajьka	ɡajĭka	GAYKA	wiktionary_cat	-	-
galica	ɡalitsa	GALITSA	wiktionary_cat	-	-
galiti	ɡaliti	GALITI	wiktionary_cat	-	-
galǫzь	ɡalõzĭ	GALOS	wiktionary_cat	-	-
galъ	ɡalŭ	GAL	wiktionary_cat	-	-
galъka	ɡalŭka	GALKA	wiktionary_cat	-	-
garь	ɡarĭ	GAR	wiktionary_cat	-	-
gasiti	ɡasiti	GASITI	wiktionary_cat	-	-
gasnь	ɡasnĭ	GASN	wiktionary_cat	-	-
gasnǫti	ɡasnõti	GASNOTI	wiktionary_cat	-	-
gatati	ɡatati	GATATI	wiktionary_cat	-	-
gatiti	ɡatiti	GATITI	wiktionary_cat	-	-
gatь	ɡatĭ	GAT	wiktionary_cat	-	-
gatъka	ɡatŭka	GATKA	wiktionary_cat	-	-
gaťę	ɡatʲẽ	GATE	wiktionary_cat	-	-
gavati	ɡavati	GABATI	wiktionary_cat	-	-
gavědь	ɡavæːdĭ	GABAD	wiktionary_cat	-	-
gavęzь	ɡavẽzĭ	GABES	wiktionary_cat	-	-
gavornъ	ɡavornŭ	GABORN	wiktionary_cat	-	-
gavъkati	ɡavŭkati	GABKATI	wiktionary_cat	-	-
gaziti	ɡaziti	GASITI	wiktionary_cat	-	-
gazъ	ɡazŭ	GAS	wiktionary_cat	-	-
gladiti	ɡladiti	GLADITI	wiktionary_cat	-	-
gladъkъ	ɡladŭkŭ	GLADK	wiktionary_cat	-	-
glazikъ	ɡlazikŭ	GLASIK	wiktionary_cat	-	-
glazьcь	ɡlazĭtsĭ	GLASTS	wiktionary_cat	-	-
glazьnъ	ɡlazĭnŭ	GLASN	wiktionary_cat	-	-
glazъ	ɡlazŭ	GLAS	wiktionary_cat	-	-
glazъkъ	ɡlazŭkŭ	GLASK	wiktionary_cat	-	-
gleznъ	ɡleznŭ	GLESN	wiktionary_cat	-	-
glěnь	ɡlæːnĭ	GLAN	wiktionary_cat	-	-
glěvъ	ɡlæːvŭ	GLAB	wiktionary_cat	-	-
ględati	ɡlẽdati	GLEDATI	wiktionary_cat	-	-
ględěti	ɡlẽdæːti	GLEDATI	wiktionary_cat	-	-
gliba	ɡliba	GLIBA	wiktionary_cat	-	-
glina	ɡlina	GLINA	wiktionary_cat	-	-
gliněnъ	ɡlinæːnŭ	GLINAN	wiktionary_cat	-	-
glista	ɡlista	GLISTA	wiktionary_cat	-	-
glistъ	ɡlistŭ	GLIST	wiktionary_cat	-	-
gliva	ɡliva	GLIBA	wiktionary_cat	-	-
glьjь	ɡlĭjĭ	GLY	wiktionary_cat	-	-
globa	ɡloba	GLOBA	wiktionary_cat	-	-
globiti	ɡlobiti	GLOBITI	wiktionary_cat	-	-
glodati	ɡlodati	GLODATI	wiktionary_cat	-	-
glogъ	ɡloɡŭ	GLOG	wiktionary_cat	-	-
glota	ɡlota	GLOTA	wiktionary_cat	-	-
glǫbina	ɡlõbina	GLOBINA	wiktionary_cat	-	-
glǫbь	ɡlõbĭ	GLOB	wiktionary_cat	-	-
glǫbokъ	ɡlõbokŭ	GLOBOK	wiktionary_cat	-	-
glumiti	ɡlumiti	GLUMITI	wiktionary_cat	-	-
glumъ	ɡlumŭ	GLUM	wiktionary_cat	-	-
glupavъ	ɡlupavŭ	GLUPAB	wiktionary_cat	-	-
glupostь	ɡlupostĭ	GLUPOST	wiktionary_cat	-	-
glupъ	ɡlupŭ	GLUP	wiktionary_cat	-	-
glušьcь	ɡluʃĭtsĭ	GLUSTS	wiktionary_cat	-	-
gluxnǫti	ɡluxnõti	GLUKNOTI	wiktionary_cat	-	-
gluxъ	ɡluxŭ	GLUK	wiktionary_cat	-	-
glъtati	ɡlŭtati	GLTATI	wiktionary_cat	-	-
glъxnǫti	ɡlŭxnõti	GLKNOTI	wiktionary_cat	-	-
glyba	ɡlɨba	GLIBA	wiktionary_cat	-	-
gnesti	ɡnesti	GNESTI	wiktionary_cat	-	-
gnědъ	ɡnæːdŭ	GNAD	wiktionary_cat	-	-
gnětiti	ɡnæːtiti	GNATITI	wiktionary_cat	-	-
gněvъ	ɡnæːvŭ	GNAB	wiktionary_cat	-	-
gnězdo	ɡnæːzdo	GNASDO	wiktionary_cat	-	-
gnьsь	ɡnĭsĭ	GNS	wiktionary_cat	-	-
gňida	ɡnʲida	GNIDA	wiktionary_cat	-	-
gňilъ	ɡnʲilŭ	GNIL	wiktionary_cat	-	-
gňiti	ɡnʲiti	GNITI	wiktionary_cat	-	-
gnobiti	ɡnobiti	GNOBITI	wiktionary_cat	-	-
gnojь	ɡnojĭ	GNOY	wiktionary_cat	-	-
gnǫsьnъ	ɡnõsĭnŭ	GNOSN	wiktionary_cat	-	-
gnǫšati	ɡnõʃati	GNOSATI	wiktionary_cat	-	-
gnusiti	ɡnusiti	GNUSITI	wiktionary_cat	-	-
gnusьnъ	ɡnusĭnŭ	GNUSN	wiktionary_cat	-	-
gnusъ	ɡnusŭ	GNUS	wiktionary_cat	-	-
gnušati	ɡnuʃati	GNUSATI	wiktionary_cat	-	-
gobino	ɡobino	GOBINO	wiktionary_cat	-	-
godina	ɡodina	GODINA	wiktionary_cat	-	-
goditi	ɡoditi	GODITI	wiktionary_cat	-	-
godьnъ	ɡodĭnŭ	GODN	wiktionary_cat	-	-
godъ	ɡodŭ	GOD	wiktionary_cat	-	-
goďь	ɡodʲĭ	GOD	wiktionary_cat	-	-
gogolъ	ɡoɡolŭ	GOGOL	wiktionary_cat	-	-
gogoľь	ɡoɡolʲĭ	GOGOL	wiktionary_cat	-	-
gojiti	ɡojiti	GOYITI	wiktionary_cat	-	-
gojь	ɡojĭ	GOY	wiktionary_cat	-	-
goldьnъ	ɡoldĭnŭ	GOLDN	wiktionary_cat	-	-
goldъ	ɡoldŭ	GOLD	wiktionary_cat	-	-
golěmъ	ɡolæːmŭ	GOLAM	wiktionary_cat	-	-
golěnь	ɡolæːnĭ	GOLAN	wiktionary_cat	-	-
golěno	ɡolæːno	GOLANO	wiktionary_cat	-	-
golgolati	ɡolɡolati	GOLGOLATI	wiktionary_cat	-	-
golgoliti	ɡolɡoliti	GOLGOLITI	wiktionary_cat	-	-
golgolъ	ɡolɡolŭ	GOLGOL	wiktionary_cat	-	-
golota	ɡolota	GOLOTA	wiktionary_cat	-	-
golǫbь	ɡolõbĭ	GOLOB	wiktionary_cat	-	-
golǫbъ	ɡolõbŭ	GOLOB	wiktionary_cat	-	-
golsiti	ɡolsiti	GOLSITI	wiktionary_cat	-	-
golsьnъ	ɡolsĭnŭ	GOLSN	wiktionary_cat	-	-
golsъ	ɡolsŭ	GOLS	wiktionary_cat	-	-
golъ	ɡolŭ	GOL	wiktionary_cat	-	-
golva	ɡolva	GOLBA	wiktionary_cat	-	-
golvačь	ɡolvatʃĭ	GOLBATS	wiktionary_cat	-	-
golvьňa	ɡolvĭnʲa	GOLBNA	wiktionary_cat	-	-
golvьnъ	ɡolvĭnŭ	GOLBN	wiktionary_cat	-	-
golvъ	ɡolvŭ	GOLB	wiktionary_cat	-	-
gomola	ɡomola	GOMOLA	wiktionary_cat	-	-
gomoniti	ɡomoniti	GOMONITI	wiktionary_cat	-	-
gomonъ	ɡomonŭ	GOMON	wiktionary_cat	-	-
goněti	ɡonæːti	GONATI	wiktionary_cat	-	-
goniti	ɡoniti	GONITI	wiktionary_cat	-	-
gonъ	ɡonŭ	GON	wiktionary_cat	-	-
gora	ɡora	GORA	wiktionary_cat	-	-
gorazdъ	ɡorazdŭ	GORASD	wiktionary_cat	-	-
gordišče	ɡordiʃtʃe	GORDISTSE	wiktionary_cat	-	-
gorditi	ɡorditi	GORDITI	wiktionary_cat	-	-
gordьcь	ɡordĭtsĭ	GORDTS	wiktionary_cat	-	-
gordьskъ	ɡordĭskŭ	GORDSK	wiktionary_cat	-	-
gordъ	ɡordŭ	GORD	wiktionary_cat	-	-
gorďa	ɡordʲa	GORDA	wiktionary_cat	-	-
gorďaninъ	ɡordʲaninŭ	GORDANIN	wiktionary_cat	-	-
gorďь	ɡordʲĭ	GORD	wiktionary_cat	-	-
gorěnъ	ɡoræːnŭ	GORAN	wiktionary_cat	-	-
gorěti	ɡoræːti	GORATI	wiktionary_cat	-	-
goręťь	ɡorẽtʲĭ	GORET	wiktionary_cat	-	-
gorgorъ	ɡorɡorŭ	GORGOR	wiktionary_cat	-	-
gorьčica	ɡorĭtʃitsa	GORTSITSA	wiktionary_cat	-	-
gorьkъ	ɡorĭkŭ	GORK	wiktionary_cat	-	-
gorьnъ	ɡorĭnŭ	GORN	wiktionary_cat	-	-
gornostajь	ɡornostajĭ	GORNOSTAY	wiktionary_cat	-	-
goruxa	ɡoruxa	GORUKA	wiktionary_cat	-	-
gorxъ	ɡorxŭ	GORK	wiktionary_cat	-	-
goře	ɡor̝e	GORE	wiktionary_cat	-	-
gořestь	ɡor̝estĭ	GOREST	wiktionary_cat	-	-
gořьjь	ɡor̝ĭjĭ	GORY	wiktionary_cat	-	-
gospoda	ɡospoda	GOSPODA	wiktionary_cat	-	-
gospodařь	ɡospodar̝ĭ	GOSPODAR	wiktionary_cat	-	-
gospodinъ	ɡospodinŭ	GOSPODIN	wiktionary_cat	-	-
gospodь	ɡospodĭ	GOSPOD	wiktionary_cat	-	-
gospodyni	ɡospodɨni	GOSPODINI	wiktionary_cat	-	-
gospoďa	ɡospodʲa	GOSPODA	wiktionary_cat	-	-
gosti	ɡosti	GOSTI	wiktionary_cat	-	-
Gostislavъ	Gostislavŭ	0OSTISLAB	wiktionary_cat	-	-
gostiti	ɡostiti	GOSTITI	wiktionary_cat	-	-
gostь	ɡostĭ	GOST	wiktionary_cat	-	-
gotoviti	ɡotoviti	GOTOBITI	wiktionary_cat	-	-
gotovъ	ɡotovŭ	GOTOB	wiktionary_cat	-	-
gověti	ɡovæːti	GOBATI	wiktionary_cat	-	-
govędo	ɡovẽdo	GOBEDO	wiktionary_cat	-	-
govęďь	ɡovẽdʲĭ	GOBED	wiktionary_cat	-	-
govьno	ɡovĭno	GOBNO	wiktionary_cat	-	-
govori	ɡovori	GOBORI	wiktionary_cat	-	-
govoriti	ɡovoriti	GOBORITI	wiktionary_cat	-	-
govorъ	ɡovorŭ	GOBOR	wiktionary_cat	-	-
gǫba	ɡõba	GOBA	wiktionary_cat	-	-
gǫděti	ɡõdæːti	GODATI	wiktionary_cat	-	-
gǫdьba	ɡõdĭba	GODBA	wiktionary_cat	-	-
gǫsakъ	ɡõsakŭ	GOSAK	wiktionary_cat	-	-
gǫserъ	ɡõserŭ	GOSER	wiktionary_cat	-	-
gǫsь	ɡõsĭ	GOS	wiktionary_cat	-	-
gǫsli	ɡõsli	GOSLI	wiktionary_cat	-	-
gǫstěti	ɡõstæːti	GOSTATI	wiktionary_cat	-	-
gǫsti	ɡõsti	GOSTI	wiktionary_cat	-	-
gǫstъ	ɡõstŭ	GOST	wiktionary_cat	-	-
gǫsyni	ɡõsɨni	GOSINI	wiktionary_cat	-	-
gǫšča	ɡõʃtʃa	GOSTSA	wiktionary_cat	-	-
gǫzъ	ɡõzŭ	GOS	wiktionary_cat	-	-
gǫži	ɡõʒi	GOSI	wiktionary_cat	-	-
gǫžь	ɡõʒĭ	GOS	wiktionary_cat	-	-
grabežь	ɡrabeʒĭ	GRABES	wiktionary_cat	-	-
grabiti	ɡrabiti	GRABITI	wiktionary_cat	-	-
grabrъ	ɡrabrŭ	GRABR	wiktionary_cat	-	-
gradъ	ɡradŭ	GRAD	wiktionary_cat	-	-
grajati	ɡrajati	GRAYATI	wiktionary_cat	-	-
grakati	ɡrakati	GRAKATI	wiktionary_cat	-	-
grakъ	ɡrakŭ	GRAK	wiktionary_cat	-	-
granica	ɡranitsa	GRANITSA	wiktionary_cat	-	-
granivъ	ɡranivŭ	GRANIB	wiktionary_cat	-	-
granь	ɡranĭ	GRAN	wiktionary_cat	-	-
greby	ɡrebɨ	GREBI	wiktionary_cat	-	-
greti	ɡreti	GRETI	wiktionary_cat	-	-
grějati	ɡræːjati	GRAYATI	wiktionary_cat	-	-
grěnь	ɡræːnĭ	GRAN	wiktionary_cat	-	-
grěnъ	ɡræːnŭ	GRAN	wiktionary_cat	-	-
grěšiti	ɡræːʃiti	GRASITI	wiktionary_cat	-	-
grěšьnъ	ɡræːʃĭnŭ	GRASN	wiktionary_cat	-	-
grěti	ɡræːti	GRATI	wiktionary_cat	-	-
grěvъ	ɡræːvŭ	GRAB	wiktionary_cat	-	-
grěxovьnъ	ɡræːxovĭnŭ	GRAKOBN	wiktionary_cat	-	-
grěxъ	ɡræːxŭ	GRAK	wiktionary_cat	-	-
grěza	ɡræːza	GRASA	wiktionary_cat	-	-
grěziti	ɡræːziti	GRASITI	wiktionary_cat	-	-
gręda	ɡrẽda	GREDA	wiktionary_cat	-	-
grędь	ɡrẽdĭ	GRED	wiktionary_cat	-	-
grędnǫti	ɡrẽdnõti	GREDNOTI	wiktionary_cat	-	-
gręsti	ɡrẽsti	GRESTI	wiktionary_cat	-	-
gręza	ɡrẽza	GRESA	wiktionary_cat	-	-
gręziti	ɡrẽziti	GRESITI	wiktionary_cat	-	-
gręzь	ɡrẽzĭ	GRES	wiktionary_cat	-	-
gręznǫti	ɡrẽznõti	GRESNOTI	wiktionary_cat	-	-
gręzti	ɡrẽzti	GRESTI	wiktionary_cat	-	-
gribъ	ɡribŭ	GRIB	wiktionary_cat	-	-
grimati	ɡrimati	GRIMATI	wiktionary_cat	-	-
griva	ɡriva	GRIBA	wiktionary_cat	-	-
grivьna	ɡrivĭna	GRIBNA	wiktionary_cat	-	-
grьčinъ	ɡrĭtʃinŭ	GRTSIN	wiktionary_cat	-	-
grьčьskъ	ɡrĭtʃĭskŭ	GRTSSK	wiktionary_cat	-	-
grьkъ	ɡrĭkŭ	GRK	wiktionary_cat	-	-
grьkyni	ɡrĭkɨni	GRKINI	wiktionary_cat	-	-
grьměti	ɡrĭmæːti	GRMATI	wiktionary_cat	-	-
grobъ	ɡrobŭ	GROB	wiktionary_cat	-	-
gromada	ɡromada	GROMADA	wiktionary_cat	-	-
gromiti	ɡromiti	GROMITI	wiktionary_cat	-	-
gromъ	ɡromŭ	GROM	wiktionary_cat	-	-
grotъ	ɡrotŭ	GROT	wiktionary_cat	-	-
groxati	ɡroxati	GROKATI	wiktionary_cat	-	-
groxnǫti	ɡroxnõti	GROKNOTI	wiktionary_cat	-	-
groxotъ	ɡroxotŭ	GROKOT	wiktionary_cat	-	-
groza	ɡroza	GROSA	wiktionary_cat	-	-
grozdъ	ɡrozdŭ	GROSD	wiktionary_cat	-	-
groziti	ɡroziti	GROSITI	wiktionary_cat	-	-
grozьnъ	ɡrozĭnŭ	GROSN	wiktionary_cat	-	-
grǫbъ	ɡrõbŭ	GROB	wiktionary_cat	-	-
grǫdь	ɡrõdĭ	GROD	wiktionary_cat	-	-
grǫziti	ɡrõziti	GROSITI	wiktionary_cat	-	-
grǫzъ	ɡrõzŭ	GROS	wiktionary_cat	-	-
gruda	ɡruda	GRUDA	wiktionary_cat	-	-
gruditi	ɡruditi	GRUDITI	wiktionary_cat	-	-
grudьňь	ɡrudĭnʲĭ	GRUDN	wiktionary_cat	-	-
grudьnъ	ɡrudĭnŭ	GRUDN	wiktionary_cat	-	-
grupa	ɡrupa	GRUPA	wiktionary_cat	-	-
grustiti	ɡrustiti	GRUSTITI	wiktionary_cat	-	-
grustь	ɡrustĭ	GRUST	wiktionary_cat	-	-
gruzъ	ɡruzŭ	GRUS	wiktionary_cat	-	-
grъmъ	ɡrŭmŭ	GRM	wiktionary_cat	-	-
gryzti	ɡrɨzti	GRISTI	wiktionary_cat	-	-
gryža	ɡrɨʒa	GRISA	wiktionary_cat	-	-
gubiti	ɡubiti	GUBITI	wiktionary_cat	-	-
guja	ɡuja	GUYA	wiktionary_cat	-	-
gulъ	ɡulŭ	GUL	wiktionary_cat	-	-
gumьno	ɡumĭno	GUMNO	wiktionary_cat	-	-
guna	ɡuna	GUNA	wiktionary_cat	-	-
guščerъ	ɡuʃtʃerŭ	GUSTSER	wiktionary_cat	-	-
gutoriti	ɡutoriti	GUTORITI	wiktionary_cat	-	-
gutorъ	ɡutorŭ	GUTOR	wiktionary_cat	-	-
gъbnǫti	ɡŭbnõti	GBNOTI	wiktionary_cat	-	-
-gъda	-ɡŭda	GDA	wiktionary_cat	-	-
gъdьliti	ɡŭdĭliti	GDLITI	wiktionary_cat	-	-
gъdьlъ	ɡŭdĭlŭ	GDL	wiktionary_cat	-	-
gъlbь	ɡŭlbĭ	GLB	wiktionary_cat	-	-
gъlčь	ɡŭltʃĭ	GLTS	wiktionary_cat	-	-
gъlkъ	ɡŭlkŭ	GLK	wiktionary_cat	-	-
gъľakъ	ɡŭlʲakŭ	GLAK	wiktionary_cat	-	-
gъľь	ɡŭlʲĭ	GL	wiktionary_cat	-	-
gъľьcь	ɡŭlʲĭtsĭ	GLTS	wiktionary_cat	-	-
gъľьkъ	ɡŭlʲĭkŭ	GLK	wiktionary_cat	-	-
gъmyzъ	ɡŭmɨzŭ	GMIS	wiktionary_cat	-	-
gъnati	ɡŭnati	GNATI	wiktionary_cat	-	-
gъnǫti	ɡŭnõti	GNOTI	wiktionary_cat	-	-
gъpanъ	ɡŭpanŭ	GPAN	wiktionary_cat	-	-
gъrba	ɡŭrba	GRBA	wiktionary_cat	-	-
gъrbatъ	ɡŭrbatŭ	GRBAT	wiktionary_cat	-	-
gъrbъ	ɡŭrbŭ	GRB	wiktionary_cat	-	-
gъrbyľь	ɡŭrbɨlʲĭ	GRBIL	wiktionary_cat	-	-
gъrčь	ɡŭrtʃĭ	GRTS	wiktionary_cat	-	-
gъrdlica	ɡŭrdlitsa	GRDLITSA	wiktionary_cat	-	-
gъrdlo	ɡŭrdlo	GRDLO	wiktionary_cat	-	-
gъrdъ	ɡŭrdŭ	GRD	wiktionary_cat	-	-
gъrkati	ɡŭrkati	GRKATI	wiktionary_cat	-	-
gъrnidlo	ɡŭrnidlo	GRNIDLO	wiktionary_cat	-	-
gъrnьcь	ɡŭrnĭtsĭ	GRNTS	wiktionary_cat	-	-
gъrno	ɡŭrno	GRNO	wiktionary_cat	-	-
gъrnъ	ɡŭrnŭ	GRN	wiktionary_cat	-	-
gъrstь	ɡŭrstĭ	GRST	wiktionary_cat	-	-
gъrtanь	ɡŭrtanĭ	GRTAN	wiktionary_cat	-	-
gъslo	ɡŭslo	GSLO	wiktionary_cat	-	-
gъtъ	ɡŭtŭ	GT	wiktionary_cat	-	-
gvězda	ɡvæːzda	GBASDA	wiktionary_cat	-	-
gvězdica	ɡvæːzditsa	GBASDITSA	wiktionary_cat	-	-
gvizdati	ɡvizdati	GBISDATI	wiktionary_cat	-	-
gvozdь	ɡvozdĭ	GBOSD	wiktionary_cat	-	-
gvozdъ	ɡvozdŭ	GBOSD	wiktionary_cat	-	-
gybati	ɡɨbati	GIBATI	wiktionary_cat	-	-
gybělь	ɡɨbæːlĭ	GIBAL	wiktionary_cat	-	-
gybъkъ	ɡɨbŭkŭ	GIBK	wiktionary_cat	-	-
gyditi	ɡɨditi	GIDITI	wiktionary_cat	-	-
gykati	ɡɨkati	GIKATI	wiktionary_cat	-	-
gylь	ɡɨlĭ	GIL	wiktionary_cat	-	-
gynǫti	ɡɨnõti	GINOTI	wiktionary_cat	-	-
gyža	ɡɨʒa	GISA	wiktionary_cat	-	-
i li	i li	ILI	wiktionary_cat	-	-
-ica	-itsa	ITSA	wiktionary_cat	-	-
-ikъ	-ikŭ	IK	wiktionary_cat	-	-
-ina	-ina	INA	wiktionary_cat	-	-
-inъ	-inŭ	IN	wiktionary_cat	-	-
-isko	-isko	ISKO	wiktionary_cat	-	-
-išče	-iʃtʃe	ISTSE	wiktionary_cat	-	-
-iti	-iti	ITI	wiktionary_cat	-	-
-itъ	-itŭ	IT	wiktionary_cat	-	-
-iťь	-itʲĭ	IT	wiktionary_cat	-	-
-ivo	-ivo	IBO	wiktionary_cat	-	-
-ь	-ĭ		wiktionary_cat	-	-
-ьba	-ĭba	BA	wiktionary_cat	-	-
-ьca	-ĭtsa	TSA	wiktionary_cat	-	-
-ьce	-ĭtse	TSE	wiktionary_cat	-	-
-ьcь	-ĭtsĭ	TS	wiktionary_cat	-	-
-ьja	-ĭja	YA	wiktionary_cat	-	-
-ьje	-ĭje	YE	wiktionary_cat	-	-
-ьjь	-ĭjĭ	Y	wiktionary_cat	-	-
-ьlъ	-ĭlŭ	L	wiktionary_cat	-	-
-ьma	-ĭma	MA	wiktionary_cat	-	-
-ьmo	-ĭmo	MO	wiktionary_cat	-	-
-ьnikъ	-ĭnikŭ	NIK	wiktionary_cat	-	-
-ьňa	-ĭnʲa	NA	wiktionary_cat	-	-
-ьnъ	-ĭnŭ	N	wiktionary_cat	-	-
-ьskъ	-ĭskŭ	SK	wiktionary_cat	-	-
-ьstvo	-ĭstvo	STBO	wiktionary_cat	-	-
-ьtъ	-ĭtŭ	T	wiktionary_cat	-	-
-ja	-ja	YA	wiktionary_cat	-	-
jadъ	jadŭ	YAD	wiktionary_cat	-	-
jako	jako	YAKO	wiktionary_cat	-	-
-jakъ	-jakŭ	YAK	wiktionary_cat	-	-
jakъ	jakŭ	YAK	wiktionary_cat	-	-
jalovъ	jalovŭ	YALOB	wiktionary_cat	-	-
jama	jama	YAMA	wiktionary_cat	-	-
jamo	jamo	YAMO	wiktionary_cat	-	-
-janinъ	-janinŭ	YANIN	wiktionary_cat	-	-
(j)apa	japa	YAPA	wiktionary_cat	-	-
jara	jara	YARA	wiktionary_cat	-	-
jarę	jarẽ	YARE	wiktionary_cat	-	-
jarina	jarina	YARINA	wiktionary_cat	-	-
jariti	jariti	YARITI	wiktionary_cat	-	-
jarь	jarĭ	YAR	wiktionary_cat	-	-
jaro	jaro	YARO	wiktionary_cat	-	-
Jaroslavъ	Jaroslavŭ	0AROSLAB	wiktionary_cat	-	-
jarostь	jarostĭ	YAROST	wiktionary_cat	-	-
jarovitъ	jarovitŭ	YAROBIT	wiktionary_cat	-	-
jarovъ	jarovŭ	YAROB	wiktionary_cat	-	-
jarъ	jarŭ	YAR	wiktionary_cat	-	-
jarъkъ	jarŭkŭ	YARK	wiktionary_cat	-	-
jasli	jasli	YASLI	wiktionary_cat	-	-
(j)azъ	(j)azŭ	YAS	wiktionary_cat	-	-
jazva	jazva	YASBA	wiktionary_cat	-	-
jazvьcь	jazvĭtsĭ	YASBTS	wiktionary_cat	-	-
jebati	jebati	YEBATI	wiktionary_cat	-	-
jebьcь	jebĭtsĭ	YEBTS	wiktionary_cat	-	-
jebľa	jeblʲa	YEBLA	wiktionary_cat	-	-
jegъda	jeɡŭda	YEGDA	wiktionary_cat	-	-
jeti	jeti	YETI	wiktionary_cat	-	-
jevinъ	jevinŭ	YEBIN	wiktionary_cat	-	-
jěbati	jæːbati	YABATI	wiktionary_cat	-	-
jěrę	jæːrẽ	YARE	wiktionary_cat	-	-
jěrьcь	jæːrĭtsĭ	YARTS	wiktionary_cat	-	-
jěti	jæːti	YATI	wiktionary_cat	-	-
jěto	jæːto	YATO	wiktionary_cat	-	-
jěxati	jæːxati	YAKATI	wiktionary_cat	-	-
jězda	jæːzda	YASDA	wiktionary_cat	-	-
jězditi	jæːzditi	YASDITI	wiktionary_cat	-	-
jętry	jẽtrɨ	YETRI	wiktionary_cat	-	-
jilъ	jilŭ	YIL	wiktionary_cat	-	-
-jь	-jĭ	Y	wiktionary_cat	-	-
jь	jĭ	Y	wiktionary_cat	-	-
jь že	jĭ ʒe	YSE	wiktionary_cat	-	-
Jьbrъ	Jĭbrŭ	0BR	wiktionary_cat	-	-
jьde	jĭde	YDE	wiktionary_cat	-	-
jьgo	jĭɡo	YGO	wiktionary_cat	-	-
jьgra	jĭɡra	YGRA	wiktionary_cat	-	-
jьgračь	jĭɡratʃĭ	YGRATS	wiktionary_cat	-	-
jьgrati	jĭɡrati	YGRATI	wiktionary_cat	-	-
jьgrьcь	jĭɡrĭtsĭ	YGRTS	wiktionary_cat	-	-
jьgъla	jĭɡŭla	YGLA	wiktionary_cat	-	-
-jьjь	-jĭjĭ	YY	wiktionary_cat	-	-
jьkati	jĭkati	YKATI	wiktionary_cat	-	-
jьkra	jĭkra	YKRA	wiktionary_cat	-	-
jьkriti	jĭkriti	YKRITI	wiktionary_cat	-	-
jьlьmъ	jĭlĭmŭ	YLM	wiktionary_cat	-	-
jьlъ	jĭlŭ	YL	wiktionary_cat	-	-
jьmati	jĭmati	YMATI	wiktionary_cat	-	-
jьmenovati	jĭmenovati	YMENOBATI	wiktionary_cat	-	-
jьměti	jĭmæːti	YMATI	wiktionary_cat	-	-
jьmę	jĭmẽ	YME	wiktionary_cat	-	-
jьnako	jĭnako	YNAKO	wiktionary_cat	-	-
jьnamo	jĭnamo	YNAMO	wiktionary_cat	-	-
jьnьjь	jĭnĭjĭ	YNY	wiktionary_cat	-	-
jьnogъ	jĭnoɡŭ	YNOG	wiktionary_cat	-	-
jьnogъda	jĭnoɡŭda	YNOGDA	wiktionary_cat	-	-
jьnǫdu	jĭnõdu	YNODU	wiktionary_cat	-	-
jьnъ	jĭnŭ	YN	wiktionary_cat	-	-
jьnъde	jĭnŭde	YNDE	wiktionary_cat	-	-
jьrzati	jĭrzati	YRSATI	wiktionary_cat	-	-
jьskati	jĭskati	YSKATI	wiktionary_cat	-	-
jьskra	jĭskra	YSKRA	wiktionary_cat	-	-
jьskriti	jĭskriti	YSKRITI	wiktionary_cat	-	-
jьspolinъ	jĭspolinŭ	YSPOLIN	wiktionary_cat	-	-
jьstina	jĭstina	YSTINA	wiktionary_cat	-	-
jьsto	jĭsto	YSTO	wiktionary_cat	-	-
jьstъ	jĭstŭ	YST	wiktionary_cat	-	-
jьstъba	jĭstŭba	YSTBA	wiktionary_cat	-	-
jьti	jĭti	YTI	wiktionary_cat	-	-
jьva	jĭva	YBA	wiktionary_cat	-	-
jьverъ	jĭverŭ	YBER	wiktionary_cat	-	-
jьvьlga	jĭvĭlɡa	YBLGA	wiktionary_cat	-	-
jьz	jĭz	YS	wiktionary_cat	-	-
jьz koni	jĭz koni	YSKONI	wiktionary_cat	-	-
jьz za	jĭz za	YSSA	wiktionary_cat	-	-
jьzborъ	jĭzborŭ	YSBOR	wiktionary_cat	-	-
jьzbyti	jĭzbɨti	YSBITI	wiktionary_cat	-	-
jьzčezati	jĭztʃezati	YSTSESATI	wiktionary_cat	-	-
Jьzęslavъ	Jĭzẽslavŭ	0SESLAB	wiktionary_cat	-	-
jьzgaga	jĭzɡaɡa	YSGAGA	wiktionary_cat	-	-
jьzkrьňь	jĭzkrĭnʲĭ	YSKRN	wiktionary_cat	-	-
jьzměna	jĭzmæːna	YSMANA	wiktionary_cat	-	-
jьzmьlsti	jĭzmĭlsti	YSMLSTI	wiktionary_cat	-	-
jьzokъ	jĭzokŭ	YSOK	wiktionary_cat	-	-
jьzraziti	jĭzraziti	YSRASITI	wiktionary_cat	-	-
jьzuti	jĭzuti	YSUTI	wiktionary_cat	-	-
jьzvorъ	jĭzvorŭ	YSBOR	wiktionary_cat	-	-
jǫtъ	jõtŭ	YOT	wiktionary_cat	-	-
juditi	juditi	YUDITI	wiktionary_cat	-	-
jugъ	juɡŭ	YUG	wiktionary_cat	-	-
junakъ	junakŭ	YUNAK	wiktionary_cat	-	-
junę	junẽ	YUNE	wiktionary_cat	-	-
junьcь	junĭtsĭ	YUNTS	wiktionary_cat	-	-
junostь	junostĭ	YUNOST	wiktionary_cat	-	-
junoša	junoʃa	YUNOSA	wiktionary_cat	-	-
junota	junota	YUNOTA	wiktionary_cat	-	-
junoxъ	junoxŭ	YUNOK	wiktionary_cat	-	-
junъ	junŭ	YUN	wiktionary_cat	-	-
juriti	juriti	YURITI	wiktionary_cat	-	-
juxa	juxa	YUKA	wiktionary_cat	-	-
(j)uže	(j)uʒe	YUSE	wiktionary_cat	-	-
kadidlьnica	kadidlĭnitsa	KADIDLNITSA	wiktionary_cat	-	-
kadidlo	kadidlo	KADIDLO	wiktionary_cat	-	-
kaditi	kaditi	KADITI	wiktionary_cat	-	-
kadь	kadĭ	KAD	wiktionary_cat	-	-
kajati	kajati	KAYATI	wiktionary_cat	-	-
kaka	kaka	KAKA	wiktionary_cat	-	-
kakati	kakati	KAKATI	wiktionary_cat	-	-
kako	kako	KAKO	wiktionary_cat	-	-
kakъ	kakŭ	KAK	wiktionary_cat	-	-
kalina	kalina	KALINA	wiktionary_cat	-	-
kaliti	kaliti	KALITI	wiktionary_cat	-	-
kalokalǫga	kalokalõɡa	KALOKALOGA	wiktionary_cat	-	-
kaluga	kaluɡa	KALUGA	wiktionary_cat	-	-
kaluža	kaluʒa	KALUSA	wiktionary_cat	-	-
kalъ	kalŭ	KAL	wiktionary_cat	-	-
kaľati	kalʲati	KALATI	wiktionary_cat	-	-
kaľuxъ	kalʲuxŭ	KALUK	wiktionary_cat	-	-
kamo	kamo	KAMO	wiktionary_cat	-	-
kamy	kamɨ	KAMI	wiktionary_cat	-	-
kaňa	kanʲa	KANA	wiktionary_cat	-	-
kapati	kapati	KAPATI	wiktionary_cat	-	-
kapľa	kaplʲa	KAPLA	wiktionary_cat	-	-
kapnǫti	kapnõti	KAPNOTI	wiktionary_cat	-	-
kapъka	kapŭka	KAPKA	wiktionary_cat	-	-
kara	kara	KARA	wiktionary_cat	-	-
karasь	karasĭ	KARAS	wiktionary_cat	-	-
karati	karati	KARATI	wiktionary_cat	-	-
kasati	kasati	KASATI	wiktionary_cat	-	-
kaša	kaʃa	KASA	wiktionary_cat	-	-
kašьľati	kaʃĭlʲati	KASLATI	wiktionary_cat	-	-
kaš(ь)ľь	kaʃ(ĭ)lʲĭ	KASL	wiktionary_cat	-	-
katati	katati	KATATI	wiktionary_cat	-	-
katerica	kateritsa	KATERITSA	wiktionary_cat	-	-
-kati	-kati	KATI	wiktionary_cat	-	-
katъ	katŭ	KAT	wiktionary_cat	-	-
kava	kava	KABA	wiktionary_cat	-	-
kavъka	kavŭka	KABKA	wiktionary_cat	-	-
kazati	kazati	KASATI	wiktionary_cat	-	-
kaziti	kaziti	KASITI	wiktionary_cat	-	-
kazniti	kazniti	KASNITI	wiktionary_cat	-	-
kaznь	kaznĭ	KASN	wiktionary_cat	-	-
kažьde	kaʒĭde	KASDE	wiktionary_cat	-	-
kažьdo	kaʒĭdo	KASDO	wiktionary_cat	-	-
klamati	klamati	KLAMATI	wiktionary_cat	-	-
klasti	klasti	KLASTI	wiktionary_cat	-	-
klasti ogňь	klasti oɡnʲĭ	KLASTIOGN	wiktionary_cat	-	-
klekotъ	klekotŭ	KLEKOT	wiktionary_cat	-	-
klenь	klenĭ	KLEN	wiktionary_cat	-	-
klenъ	klenŭ	KLEN	wiktionary_cat	-	-
klepati	klepati	KLEPATI	wiktionary_cat	-	-
kleveta	kleveta	KLEBETA	wiktionary_cat	-	-
klevetati	klevetati	KLEBETATI	wiktionary_cat	-	-
klějь	klæːjĭ	KLAY	wiktionary_cat	-	-
klěstiti	klæːstiti	KLASTITI	wiktionary_cat	-	-
klěšča	klæːʃtʃa	KLASTSA	wiktionary_cat	-	-
klěščiti	klæːʃtʃiti	KLASTSITI	wiktionary_cat	-	-
klěščь	klæːʃtʃĭ	KLASTS	wiktionary_cat	-	-
klětь	klæːtĭ	KLAT	wiktionary_cat	-	-
klětъka	klæːtŭka	KLATKA	wiktionary_cat	-	-
klęčati	klẽtʃati	KLETSATI	wiktionary_cat	-	-
klęti	klẽti	KLETI	wiktionary_cat	-	-
klętva	klẽtva	KLETBA	wiktionary_cat	-	-
klikati	klikati	KLIKATI	wiktionary_cat	-	-
kliknǫti	kliknõti	KLIKNOTI	wiktionary_cat	-	-
klikъ	klikŭ	KLIK	wiktionary_cat	-	-
klinъ	klinŭ	KLIN	wiktionary_cat	-	-
klьjь	klĭjĭ	KLY	wiktionary_cat	-	-
klokotati	klokotati	KLOKOTATI	wiktionary_cat	-	-
klokotъ	klokotŭ	KLOKOT	wiktionary_cat	-	-
kloniti	kloniti	KLONITI	wiktionary_cat	-	-
klonъ	klonŭ	KLON	wiktionary_cat	-	-
klopotъ	klopotŭ	KLOPOT	wiktionary_cat	-	-
klopъ	klopŭ	KLOP	wiktionary_cat	-	-
klǫbъ	klõbŭ	KLOB	wiktionary_cat	-	-
kľьvati	klʲĭvati	KLBATI	wiktionary_cat	-	-
kľučiti	klʲutʃiti	KLUTSITI	wiktionary_cat	-	-
kľučь	klʲutʃĭ	KLUTS	wiktionary_cat	-	-
kľuka	klʲuka	KLUKA	wiktionary_cat	-	-
kľunъ	klʲunŭ	KLUN	wiktionary_cat	-	-
kľusę	klʲusẽ	KLUSE	wiktionary_cat	-	-
kľuti	klʲuti	KLUTI	wiktionary_cat	-	-
kľuvъ	klʲuvŭ	KLUB	wiktionary_cat	-	-
kobь	kobĭ	KOB	wiktionary_cat	-	-
kobьcь	kobĭtsĭ	KOBTS	wiktionary_cat	-	-
kobyla	kobɨla	KOBILA	wiktionary_cat	-	-
kobylica	kobɨlitsa	KOBILITSA	wiktionary_cat	-	-
kobylina	kobɨlina	KOBILINA	wiktionary_cat	-	-
kobylь	kobɨlĭ	KOBIL	wiktionary_cat	-	-
kobylъka	kobɨlŭka	KOBILKA	wiktionary_cat	-	-
kočanъ	kotʃanŭ	KOTSAN	wiktionary_cat	-	-
kogъda	koɡŭda	KOGDA	wiktionary_cat	-	-
kogъtь	koɡŭtĭ	KOGT	wiktionary_cat	-	-
kojiti	kojiti	KOYITI	wiktionary_cat	-	-
kokošь	kokoʃĭ	KOKOS	wiktionary_cat	-	-
kokotъ	kokotŭ	KOKOT	wiktionary_cat	-	-
kolačь	kolatʃĭ	KOLATS	wiktionary_cat	-	-
kolarь	kolarĭ	KOLAR	wiktionary_cat	-	-
kolbъ	kolbŭ	KOLB	wiktionary_cat	-	-
kolda	kolda	KOLDA	wiktionary_cat	-	-
koldędzь	koldẽdzĭ	KOLDEDS	wiktionary_cat	-	-
kolesьnъ	kolesĭnŭ	KOLESN	wiktionary_cat	-	-
kolě	kolæː	KOLA	wiktionary_cat	-	-
kolěbati	kolæːbati	KOLABATI	wiktionary_cat	-	-
kolěja	kolæːja	KOLAYA	wiktionary_cat	-	-
kolěno	kolæːno	KOLANO	wiktionary_cat	-	-
kolęda	kolẽda	KOLEDA	wiktionary_cat	-	-
koliko	koliko	KOLIKO	wiktionary_cat	-	-
kolikъ	kolikŭ	KOLIK	wiktionary_cat	-	-
kolivěkъ	kolivæːkŭ	KOLIBAK	wiktionary_cat	-	-
kolivo	kolivo	KOLIBO	wiktionary_cat	-	-
kolkolъ	kolkolŭ	KOLKOL	wiktionary_cat	-	-
kolo	kolo	KOLO	wiktionary_cat	-	-
kolodějь	kolodæːjĭ	KOLODAY	wiktionary_cat	-	-
kologъ	koloɡŭ	KOLOG	wiktionary_cat	-	-
kolovortъ	kolovortŭ	KOLOBORT	wiktionary_cat	-	-
kolovozъ	kolovozŭ	KOLOBOS	wiktionary_cat	-	-
kolsiti	kolsiti	KOLSITI	wiktionary_cat	-	-
kolsъ	kolsŭ	KOLS	wiktionary_cat	-	-
kolti	kolti	KOLTI	wiktionary_cat	-	-
koltiti	koltiti	KOLTITI	wiktionary_cat	-	-
koltъ	koltŭ	KOLT	wiktionary_cat	-	-
kolъ	kolŭ	KOL	wiktionary_cat	-	-
kolybělь	kolɨbæːlĭ	KOLIBAL	wiktionary_cat	-	-
kolyxati	kolɨxati	KOLIKATI	wiktionary_cat	-	-
komarъ	komarŭ	KOMAR	wiktionary_cat	-	-
komaxa	komaxa	KOMAKA	wiktionary_cat	-	-
komęga	komẽɡa	KOMEGA	wiktionary_cat	-	-
komina	komina	KOMINA	wiktionary_cat	-	-
komiti	komiti	KOMITI	wiktionary_cat	-	-
komolъ	komolŭ	KOMOL	wiktionary_cat	-	-
komoňь	komonʲĭ	KOMON	wiktionary_cat	-	-
komъ	komŭ	KOM	wiktionary_cat	-	-
konarъ	konarŭ	KONAR	wiktionary_cat	-	-
konьcь	konĭtsĭ	KONTS	wiktionary_cat	-	-
konьčina	konĭtʃina	KONTSINA	wiktionary_cat	-	-
konьčiti	konĭtʃiti	KONTSITI	wiktionary_cat	-	-
konьčьnъ	konĭtʃĭnŭ	KONTSN	wiktionary_cat	-	-
konьnica	konĭnitsa	KONNITSA	wiktionary_cat	-	-
konьnъ	konĭnŭ	KONN	wiktionary_cat	-	-
konьskъ	konĭskŭ	KONSK	wiktionary_cat	-	-
koňekradъ	konʲekradŭ	KONEKRAD	wiktionary_cat	-	-
koňь	konʲĭ	KON	wiktionary_cat	-	-
koňušьna	konʲuʃĭna	KONUSNA	wiktionary_cat	-	-
koňuxъ	konʲuxŭ	KONUK	wiktionary_cat	-	-
konopь	konopĭ	KONOP	wiktionary_cat	-	-
konotopъ	konotopŭ	KONOTOP	wiktionary_cat	-	-
konъ	konŭ	KON	wiktionary_cat	-	-
kopa	kopa	KOPA	wiktionary_cat	-	-
kopanica	kopanitsa	KOPANITSA	wiktionary_cat	-	-
kopanь	kopanĭ	KOPAN	wiktionary_cat	-	-
kopati	kopati	KOPATI	wiktionary_cat	-	-
kopiti	kopiti	KOPITI	wiktionary_cat	-	-
kopьje	kopĭje	KOPYE	wiktionary_cat	-	-
kopněti	kopnæːti	KOPNATI	wiktionary_cat	-	-
kopriva	kopriva	KOPRIBA	wiktionary_cat	-	-
koprъ	koprŭ	KOPR	wiktionary_cat	-	-
kopъtiti	kopŭtiti	KOPTITI	wiktionary_cat	-	-
kopъtь	kopŭtĭ	KOPT	wiktionary_cat	-	-
kopъtъ	kopŭtŭ	KOPT	wiktionary_cat	-	-
kopytьnikъ	kopɨtĭnikŭ	KOPITNIK	wiktionary_cat	-	-
kopyto	kopɨto	KOPITO	wiktionary_cat	-	-
kora	kora	KORA	wiktionary_cat	-	-
korabľь	korablʲĭ	KORABL	wiktionary_cat	-	-
korbi	korbi	KORBI	wiktionary_cat	-	-
korbica	korbitsa	KORBITSA	wiktionary_cat	-	-
korbiti	korbiti	KORBITI	wiktionary_cat	-	-
korbъ	korbŭ	KORB	wiktionary_cat	-	-
korbъka	korbŭka	KORBKA	wiktionary_cat	-	-
korda	korda	KORDA	wiktionary_cat	-	-
korgujь	korɡujĭ	KORGUY	wiktionary_cat	-	-
korica	koritsa	KORITSA	wiktionary_cat	-	-
koristь	koristĭ	KORIST	wiktionary_cat	-	-
koristьnъ	koristĭnŭ	KORISTN	wiktionary_cat	-	-
koriti	koriti	KORITI	wiktionary_cat	-	-
korьcь	korĭtsĭ	KORTS	wiktionary_cat	-	-
korkъ	korkŭ	KORK	wiktionary_cat	-	-
korľica	korlʲitsa	KORLITSA	wiktionary_cat	-	-
korľь	korlʲĭ	KORL	wiktionary_cat	-	-
kormola	kormola	KORMOLA	wiktionary_cat	-	-
korpa	korpa	KORPA	wiktionary_cat	-	-
korpъ	korpŭ	KORP	wiktionary_cat	-	-
korsta	korsta	KORSTA	wiktionary_cat	-	-
korstělь	korstæːlĭ	KORSTAL	wiktionary_cat	-	-
kortiti	kortiti	KORTITI	wiktionary_cat	-	-
kortъ	kortŭ	KORT	wiktionary_cat	-	-
kortъkъ	kortŭkŭ	KORTK	wiktionary_cat	-	-
korva	korva	KORBA	wiktionary_cat	-	-
korvajь	korvajĭ	KORBAY	wiktionary_cat	-	-
korvь	korvĭ	KORB	wiktionary_cat	-	-
korvьjakъ	korvĭjakŭ	KORBYAK	wiktionary_cat	-	-
korvъ	korvŭ	KORB	wiktionary_cat	-	-
kory	korɨ	KORI	wiktionary_cat	-	-
korystь	korɨstĭ	KORIST	wiktionary_cat	-	-
koryto	korɨto	KORITO	wiktionary_cat	-	-
kosa	kosa	KOSA	wiktionary_cat	-	-
kosatъ	kosatŭ	KOSAT	wiktionary_cat	-	-
kositi	kositi	KOSITI	wiktionary_cat	-	-
kosmъ	kosmŭ	KOSM	wiktionary_cat	-	-
kosnǫti	kosnõti	KOSNOTI	wiktionary_cat	-	-
kosorь	kosorĭ	KOSOR	wiktionary_cat	-	-
kostь	kostĭ	KOST	wiktionary_cat	-	-
kostьnъ	kostĭnŭ	KOSTN	wiktionary_cat	-	-
kosturъ	kosturŭ	KOSTUR	wiktionary_cat	-	-
kostъka	kostŭka	KOSTKA	wiktionary_cat	-	-
kosъ	kosŭ	KOS	wiktionary_cat	-	-
kosvenъ	kosvenŭ	KOSBEN	wiktionary_cat	-	-
košara	koʃara	KOSARA	wiktionary_cat	-	-
košь	koʃĭ	KOS	wiktionary_cat	-	-
košuľa	koʃulʲa	KOSULA	wiktionary_cat	-	-
kotalěti	kotalæːti	KOTALATI	wiktionary_cat	-	-
koterъ	koterŭ	KOTER	wiktionary_cat	-	-
kotę	kotẽ	KOTE	wiktionary_cat	-	-
kotidlo	kotidlo	KOTIDLO	wiktionary_cat	-	-
kotiti	kotiti	KOTITI	wiktionary_cat	-	-
kotь	kotĭ	KOT	wiktionary_cat	-	-
kotьcь	kotĭtsĭ	KOTTS	wiktionary_cat	-	-
kotьlikъ	kotĭlikŭ	KOTLIK	wiktionary_cat	-	-
kotьlьnica	kotĭlĭnitsa	KOTLNITSA	wiktionary_cat	-	-
kotьlъ	kotĭlŭ	KOTL	wiktionary_cat	-	-
kotorъ	kotorŭ	KOTOR	wiktionary_cat	-	-
koturati	koturati	KOTURATI	wiktionary_cat	-	-
kotъ	kotŭ	KOT	wiktionary_cat	-	-
kotъka	kotŭka	KOTKA	wiktionary_cat	-	-
koty	kotɨ	KOTI	wiktionary_cat	-	-
koťь	kotʲĭ	KOT	wiktionary_cat	-	-
koťьka	kotʲĭka	KOTKA	wiktionary_cat	-	-
kovaľь	kovalʲĭ	KOBAL	wiktionary_cat	-	-
kovarьnъ	kovarĭnŭ	KOBARN	wiktionary_cat	-	-
kovati	kovati	KOBATI	wiktionary_cat	-	-
koverslo	koverslo	KOBERSLO	wiktionary_cat	-	-
kovъkъ	kovŭkŭ	KOBK	wiktionary_cat	-	-
kovylь	kovɨlĭ	KOBIL	wiktionary_cat	-	-
koxati	koxati	KOKATI	wiktionary_cat	-	-
koza	koza	KOSA	wiktionary_cat	-	-
kozь	kozĭ	KOS	wiktionary_cat	-	-
kozьlъ	kozĭlŭ	KOSL	wiktionary_cat	-	-
koža	koʒa	KOSA	wiktionary_cat	-	-
kožьde	koʒĭde	KOSDE	wiktionary_cat	-	-
kožьdo	koʒĭdo	KOSDO	wiktionary_cat	-	-
kožuxъ	koʒuxŭ	KOSUK	wiktionary_cat	-	-
kǫda	kõda	KODA	wiktionary_cat	-	-
kǫdělь	kõdæːlĭ	KODAL	wiktionary_cat	-	-
kǫdьlo	kõdĭlo	KODLO	wiktionary_cat	-	-
kǫdrь	kõdrĭ	KODR	wiktionary_cat	-	-
kǫdřavъ	kõdr̝avŭ	KODRAB	wiktionary_cat	-	-
kǫkoľь	kõkolʲĭ	KOKOL	wiktionary_cat	-	-
kǫpadlo	kõpadlo	KOPADLO	wiktionary_cat	-	-
kǫpati	kõpati	KOPATI	wiktionary_cat	-	-
kǫpělь	kõpæːlĭ	KOPAL	wiktionary_cat	-	-
kǫpina	kõpina	KOPINA	wiktionary_cat	-	-
kǫsati	kõsati	KOSATI	wiktionary_cat	-	-
kǫsъ	kõsŭ	KOS	wiktionary_cat	-	-
kǫtati	kõtati	KOTATI	wiktionary_cat	-	-
kǫtъ	kõtŭ	KOT	wiktionary_cat	-	-
kǫťa	kõtʲa	KOTA	wiktionary_cat	-	-
krajina	krajina	KRAYINA	wiktionary_cat	-	-
krajь	krajĭ	KRAY	wiktionary_cat	-	-
krajьnъ	krajĭnŭ	KRAYN	wiktionary_cat	-	-
krakati	krakati	KRAKATI	wiktionary_cat	-	-
krasa	krasa	KRASA	wiktionary_cat	-	-
krasiti	krasiti	KRASITI	wiktionary_cat	-	-
krasivъ	krasivŭ	KRASIB	wiktionary_cat	-	-
krasьnъ	krasĭnŭ	KRASN	wiktionary_cat	-	-
krasti	krasti	KRASTI	wiktionary_cat	-	-
krasъka	krasŭka	KRASKA	wiktionary_cat	-	-
krečetъ	kretʃetŭ	KRETSET	wiktionary_cat	-	-
kremľь	kremlʲĭ	KREML	wiktionary_cat	-	-
kremy	kremɨ	KREMI	wiktionary_cat	-	-
kresadlo	kresadlo	KRESADLO	wiktionary_cat	-	-
kresati	kresati	KRESATI	wiktionary_cat	-	-
kresidlo	kresidlo	KRESIDLO	wiktionary_cat	-	-
kresiti	kresiti	KRESITI	wiktionary_cat	-	-
krěpiti	kræːpiti	KRAPITI	wiktionary_cat	-	-
krěpostь	kræːpostĭ	KRAPOST	wiktionary_cat	-	-
krěpъ	kræːpŭ	KRAP	wiktionary_cat	-	-
krěpъkъ	kræːpŭkŭ	KRAPK	wiktionary_cat	-	-
krěslo	kræːslo	KRASLO	wiktionary_cat	-	-
krěti	kræːti	KRATI	wiktionary_cat	-	-
krěxъkъ	kræːxŭkŭ	KRAKK	wiktionary_cat	-	-
kręgъ	krẽɡŭ	KREG	wiktionary_cat	-	-
krękъ	krẽkŭ	KREK	wiktionary_cat	-	-
kręnǫti	krẽnõti	KRENOTI	wiktionary_cat	-	-
krętati	krẽtati	KRETATI	wiktionary_cat	-	-
kręžь	krẽʒĭ	KRES	wiktionary_cat	-	-
kričati	kritʃati	KRITSATI	wiktionary_cat	-	-
krida	krida	KRIDA	wiktionary_cat	-	-
kridlo	kridlo	KRIDLO	wiktionary_cat	-	-
krikъ	krikŭ	KRIK	wiktionary_cat	-	-
krina	krina	KRINA	wiktionary_cat	-	-
krinica	krinitsa	KRINITSA	wiktionary_cat	-	-
kriti	kriti	KRITI	wiktionary_cat	-	-
krivьda	krivĭda	KRIBDA	wiktionary_cat	-	-
krivъ	krivŭ	KRIB	wiktionary_cat	-	-
krь(jь)	krĭ(jĭ)	KRY	wiktionary_cat	-	-
krьstiti	krĭstiti	KRSTITI	wiktionary_cat	-	-
krьstъ	krĭstŭ	KRST	wiktionary_cat	-	-
krojiti	krojiti	KROYITI	wiktionary_cat	-	-
kroma	kroma	KROMA	wiktionary_cat	-	-
kromъka	kromŭka	KROMKA	wiktionary_cat	-	-
kropiti	kropiti	KROPITI	wiktionary_cat	-	-
kropъ	kropŭ	KROP	wiktionary_cat	-	-
krosno	krosno	KROSNO	wiktionary_cat	-	-
krošňa	kroʃnʲa	KROSNA	wiktionary_cat	-	-
krotiti	krotiti	KROTITI	wiktionary_cat	-	-
krotostь	krotostĭ	KROTOST	wiktionary_cat	-	-
krotъkъ	krotŭkŭ	KROTK	wiktionary_cat	-	-
krovъ	krovŭ	KROB	wiktionary_cat	-	-
krǫglъ	krõɡlŭ	KROGL	wiktionary_cat	-	-
krǫgovortъ	krõɡovortŭ	KROGOBORT	wiktionary_cat	-	-
krǫgъ	krõɡŭ	KROG	wiktionary_cat	-	-
krǫpъ	krõpŭ	KROP	wiktionary_cat	-	-
krǫtiti	krõtiti	KROTITI	wiktionary_cat	-	-
krǫtъ	krõtŭ	KROT	wiktionary_cat	-	-
krǫžiti	krõʒiti	KROSITI	wiktionary_cat	-	-
krukъ	krukŭ	KRUK	wiktionary_cat	-	-
krupa	krupa	KRUPA	wiktionary_cat	-	-
krupьnъ	krupĭnŭ	KRUPN	wiktionary_cat	-	-
kruša	kruʃa	KRUSA	wiktionary_cat	-	-
krušiti	kruʃiti	KRUSITI	wiktionary_cat	-	-
kruxъ	kruxŭ	KRUK	wiktionary_cat	-	-
krъšiti	krŭʃiti	KRSITI	wiktionary_cat	-	-
krъtъ	krŭtŭ	KRT	wiktionary_cat	-	-
krъvavъ	krŭvavŭ	KRBAB	wiktionary_cat	-	-
krъvьnъ	krŭvĭnŭ	KRBN	wiktionary_cat	-	-
krъxa	krŭxa	KRKA	wiktionary_cat	-	-
kry	krɨ	KRI	wiktionary_cat	-	-
krydla	krɨdla	KRIDLA	wiktionary_cat	-	-
krydlo	krɨdlo	KRIDLO	wiktionary_cat	-	-
kryša	krɨʃa	KRISA	wiktionary_cat	-	-
kryšь	krɨʃĭ	KRIS	wiktionary_cat	-	-
kryti	krɨti	KRITI	wiktionary_cat	-	-
kubъ	kubŭ	KUB	wiktionary_cat	-	-
kucъ	kutsŭ	KUTS	wiktionary_cat	-	-
kuča	kutʃa	KUTSA	wiktionary_cat	-	-
kučati	kutʃati	KUTSATI	wiktionary_cat	-	-
kučeravъ	kutʃeravŭ	KUTSERAB	wiktionary_cat	-	-
kučьka	kutʃĭka	KUTSKA	wiktionary_cat	-	-
kuda	kuda	KUDA	wiktionary_cat	-	-
kuditi	kuditi	KUDITI	wiktionary_cat	-	-
kudo	kudo	KUDO	wiktionary_cat	-	-
kuga	kuɡa	KUGA	wiktionary_cat	-	-
kuka	kuka	KUKA	wiktionary_cat	-	-
kukati	kukati	KUKATI	wiktionary_cat	-	-
kukoba	kukoba	KUKOBA	wiktionary_cat	-	-
kulikъ	kulikŭ	KULIK	wiktionary_cat	-	-
kulьbava	kulĭbava	KULBABA	wiktionary_cat	-	-
kumъ	kumŭ	KUM	wiktionary_cat	-	-
kuna	kuna	KUNA	wiktionary_cat	-	-
kunica	kunitsa	KUNITSA	wiktionary_cat	-	-
kunь	kunĭ	KUN	wiktionary_cat	-	-
kupa	kupa	KUPA	wiktionary_cat	-	-
kupiti	kupiti	KUPITI	wiktionary_cat	-	-
kupьcь	kupĭtsĭ	KUPTS	wiktionary_cat	-	-
kupľati	kuplʲati	KUPLATI	wiktionary_cat	-	-
kuprъ	kuprŭ	KUPR	wiktionary_cat	-	-
kupъ	kupŭ	KUP	wiktionary_cat	-	-
kura	kura	KURA	wiktionary_cat	-	-
kurica	kuritsa	KURITSA	wiktionary_cat	-	-
kuriti	kuriti	KURITI	wiktionary_cat	-	-
kurьcь	kurĭtsĭ	KURTS	wiktionary_cat	-	-
kurьmo	kurĭmo	KURMO	wiktionary_cat	-	-
kuropěnьje	kuropæːnĭje	KUROPANYE	wiktionary_cat	-	-
kuropъtъka	kuropŭtŭka	KUROPTKA	wiktionary_cat	-	-
kuropъty	kuropŭtɨ	KUROPTI	wiktionary_cat	-	-
kurъ	kurŭ	KUR	wiktionary_cat	-	-
kurъčę	kurŭtʃẽ	KURTSE	wiktionary_cat	-	-
kury	kurɨ	KURI	wiktionary_cat	-	-
kusiti	kusiti	KUSITI	wiktionary_cat	-	-
kustъ	kustŭ	KUST	wiktionary_cat	-	-
kusъ	kusŭ	KUS	wiktionary_cat	-	-
kušati	kuʃati	KUSATI	wiktionary_cat	-	-
kuti	kuti	KUTI	wiktionary_cat	-	-
kutiti	kutiti	KUTITI	wiktionary_cat	-	-
kuzlo	kuzlo	KUSLO	wiktionary_cat	-	-
kuznь	kuznĭ	KUSN	wiktionary_cat	-	-
kuznьcь	kuznĭtsĭ	KUSNTS	wiktionary_cat	-	-
-kъ	-kŭ	K	wiktionary_cat	-	-
kъbьlъ	kŭbĭlŭ	KBL	wiktionary_cat	-	-
kъda	kŭda	KDA	wiktionary_cat	-	-
kъde	kŭde	KDE	wiktionary_cat	-	-
kъduňa	kŭdunʲa	KDUNA	wiktionary_cat	-	-
kъdy	kŭdɨ	KDI	wiktionary_cat	-	-
kъjь	kŭjĭ	KY	wiktionary_cat	-	-
kъlbasa	kŭlbasa	KLBASA	wiktionary_cat	-	-
kъlbь	kŭlbĭ	KLB	wiktionary_cat	-	-
kъlpь	kŭlpĭ	KLP	wiktionary_cat	-	-
kъlъ	kŭlŭ	KL	wiktionary_cat	-	-
kъlykъ	kŭlɨkŭ	KLIK	wiktionary_cat	-	-
kъlzati	kŭlzati	KLSATI	wiktionary_cat	-	-
kъlziti	kŭlziti	KLSITI	wiktionary_cat	-	-
kъlzъkъ	kŭlzŭkŭ	KLSK	wiktionary_cat	-	-
kъmenь	kŭmenĭ	KMEN	wiktionary_cat	-	-
kъ(n)	kŭ(n)	KN	wiktionary_cat	-	-
kъněja	kŭnæːja	KNAYA	wiktionary_cat	-	-
kъnędzь	kŭnẽdzĭ	KNEDS	wiktionary_cat	-	-
kъnęgyni	kŭnẽɡɨni	KNEGINI	wiktionary_cat	-	-
kъnęžiťь	kŭnẽʒitʲĭ	KNESIT	wiktionary_cat	-	-
kъnь	kŭnĭ	KN	wiktionary_cat	-	-
kъňiga	kŭnʲiɡa	KNIGA	wiktionary_cat	-	-
kъnorzъ	kŭnorzŭ	KNORS	wiktionary_cat	-	-
kъnъ	kŭnŭ	KN	wiktionary_cat	-	-
kъrčevati	kŭrtʃevati	KRTSEBATI	wiktionary_cat	-	-
kъrčiti	kŭrtʃiti	KRTSITI	wiktionary_cat	-	-
kъrčьma	kŭrtʃĭma	KRTSMA	wiktionary_cat	-	-
kъrčьmařь	kŭrtʃĭmar̝ĭ	KRTSMAR	wiktionary_cat	-	-
kъrdo	kŭrdo	KRDO	wiktionary_cat	-	-
kъrkъ	kŭrkŭ	KRK	wiktionary_cat	-	-
kъrma	kŭrma	KRMA	wiktionary_cat	-	-
kъrmiti	kŭrmiti	KRMITI	wiktionary_cat	-	-
kъrmivo	kŭrmivo	KRMIBO	wiktionary_cat	-	-
kъrmъ	kŭrmŭ	KRM	wiktionary_cat	-	-
kъrnonosъ	kŭrnonosŭ	KRNONOS	wiktionary_cat	-	-
kъrnъ	kŭrnŭ	KRN	wiktionary_cat	-	-
kъrpa	kŭrpa	KRPA	wiktionary_cat	-	-
kъrpati	kŭrpati	KRPATI	wiktionary_cat	-	-
kъrsъ	kŭrsŭ	KRS	wiktionary_cat	-	-
kъrtiti	kŭrtiti	KRTITI	wiktionary_cat	-	-
kъrzьno	kŭrzĭno	KRSNO	wiktionary_cat	-	-
kъřь	kŭr̝ĭ	KR	wiktionary_cat	-	-
kъsьnъ	kŭsĭnŭ	KSN	wiktionary_cat	-	-
kъto	kŭto	KTO	wiktionary_cat	-	-
kъtyrь	kŭtɨrĭ	KTIR	wiktionary_cat	-	-
kъznь	kŭznĭ	KSN	wiktionary_cat	-	-
kъžьde	kŭʒĭde	KSDE	wiktionary_cat	-	-
kъžьdo	kŭʒĭdo	KSDO	wiktionary_cat	-	-
kvapiti	kvapiti	KBAPITI	wiktionary_cat	-	-
kvasiti	kvasiti	KBASITI	wiktionary_cat	-	-
kvasъ	kvasŭ	KBAS	wiktionary_cat	-	-
květьňь	kvæːtĭnʲĭ	KBATN	wiktionary_cat	-	-
květъ	kvæːtŭ	KBAT	wiktionary_cat	-	-
kviliti	kviliti	KBILITI	wiktionary_cat	-	-
kvisti	kvisti	KBISTI	wiktionary_cat	-	-
kvočьka	kvotʃĭka	KBOTSKA	wiktionary_cat	-	-
kyčiti	kɨtʃiti	KITSITI	wiktionary_cat	-	-
kydati	kɨdati	KIDATI	wiktionary_cat	-	-
kydnǫti	kɨdnõti	KIDNOTI	wiktionary_cat	-	-
kyjakъ	kɨjakŭ	KIYAK	wiktionary_cat	-	-
kyjana	kɨjana	KIYANA	wiktionary_cat	-	-
kyjanica	kɨjanitsa	KIYANITSA	wiktionary_cat	-	-
kyjanъka	kɨjanŭka	KIYANKA	wiktionary_cat	-	-
kyjevъ	kɨjevŭ	KIYEB	wiktionary_cat	-	-
kyjь	kɨjĭ	KIY	wiktionary_cat	-	-
kyjьcь	kɨjĭtsĭ	KIYTS	wiktionary_cat	-	-
kyjьkъ	kɨjĭkŭ	KIYK	wiktionary_cat	-	-
kyla	kɨla	KILA	wiktionary_cat	-	-
kymati	kɨmati	KIMATI	wiktionary_cat	-	-
kypěti	kɨpæːti	KIPATI	wiktionary_cat	-	-
kysati	kɨsati	KISATI	wiktionary_cat	-	-
kysělъ	kɨsæːlŭ	KISAL	wiktionary_cat	-	-
kyslъ	kɨslŭ	KISL	wiktionary_cat	-	-
kysnǫti	kɨsnõti	KISNOTI	wiktionary_cat	-	-
kystь	kɨstĭ	KIST	wiktionary_cat	-	-
kyšьka	kɨʃĭka	KISKA	wiktionary_cat	-	-
kyta	kɨta	KITA	wiktionary_cat	-	-
kytiti	kɨtiti	KITITI	wiktionary_cat	-	-
kyvati	kɨvati	KIBATI	wiktionary_cat	-	-
kyxati	kɨxati	KIKATI	wiktionary_cat	-	-
lada	lada	LADA	wiktionary_cat	-	-
laditi	laditi	LADITI	wiktionary_cat	-	-
ladъ	ladŭ	LAD	wiktionary_cat	-	-
lagoda	laɡoda	LAGODA	wiktionary_cat	-	-
lajati	lajati	LAYATI	wiktionary_cat	-	-
lajьno	lajĭno	LAYNO	wiktionary_cat	-	-
lamati	lamati	LAMATI	wiktionary_cat	-	-
lamъ	lamŭ	LAM	wiktionary_cat	-	-
lapa	lapa	LAPA	wiktionary_cat	-	-
lapъtъ	lapŭtŭ	LAPT	wiktionary_cat	-	-
lasica	lasitsa	LASITSA	wiktionary_cat	-	-
laska	laska	LASKA	wiktionary_cat	-	-
laskati	laskati	LASKATI	wiktionary_cat	-	-
laskavъ	laskavŭ	LASKAB	wiktionary_cat	-	-
lastavica	lastavitsa	LASTABITSA	wiktionary_cat	-	-
lastovica	lastovitsa	LASTOBITSA	wiktionary_cat	-	-
lastъka	lastŭka	LASTKA	wiktionary_cat	-	-
lasъ	lasŭ	LAS	wiktionary_cat	-	-
lata	lata	LATA	wiktionary_cat	-	-
latъka	latŭka	LATKA	wiktionary_cat	-	-
laty	latɨ	LATI	wiktionary_cat	-	-
lava	lava	LABA	wiktionary_cat	-	-
laziti	laziti	LASITI	wiktionary_cat	-	-
lazivo	lazivo	LASIBO	wiktionary_cat	-	-
lazъ	lazŭ	LAS	wiktionary_cat	-	-
leděnъ	ledæːnŭ	LEDAN	wiktionary_cat	-	-
ledъ	ledŭ	LED	wiktionary_cat	-	-
lelějati	lelæːjati	LELAYATI	wiktionary_cat	-	-
lemešь	lemeʃĭ	LEMES	wiktionary_cat	-	-
lemexъ	lemexŭ	LEMEK	wiktionary_cat	-	-
lepěnъ	lepæːnŭ	LEPAN	wiktionary_cat	-	-
leščь	leʃtʃĭ	LESTS	wiktionary_cat	-	-
letěti	letæːti	LETATI	wiktionary_cat	-	-
letъ	letŭ	LET	wiktionary_cat	-	-
leťi	letʲi	LETI	wiktionary_cat	-	-
ležati	leʒati	LESATI	wiktionary_cat	-	-
lěčiti	læːtʃiti	LATSITI	wiktionary_cat	-	-
lěgati	læːɡati	LAGATI	wiktionary_cat	-	-
lěkařь	læːkar̝ĭ	LAKAR	wiktionary_cat	-	-
lěkařьnъ	læːkar̝ĭnŭ	LAKARN	wiktionary_cat	-	-
lěkъ	læːkŭ	LAK	wiktionary_cat	-	-
lěnivъ	læːnivŭ	LANIB	wiktionary_cat	-	-
lěnь	læːnĭ	LAN	wiktionary_cat	-	-
lěnostь	læːnostĭ	LANOST	wiktionary_cat	-	-
lěnъ	læːnŭ	LAN	wiktionary_cat	-	-
lěpidlo	læːpidlo	LAPIDLO	wiktionary_cat	-	-
lěpiti	læːpiti	LAPITI	wiktionary_cat	-	-
lěpьjь	læːpĭjĭ	LAPY	wiktionary_cat	-	-
lěpъ	læːpŭ	LAP	wiktionary_cat	-	-
lěska	læːska	LASKA	wiktionary_cat	-	-
lěstva	læːstva	LASTBA	wiktionary_cat	-	-
lěstvica	læːstvitsa	LASTBITSA	wiktionary_cat	-	-
lěsъ	læːsŭ	LAS	wiktionary_cat	-	-
lětь	læːtĭ	LAT	wiktionary_cat	-	-
lěto	læːto	LATO	wiktionary_cat	-	-
lěvakъ	læːvakŭ	LABAK	wiktionary_cat	-	-
lěviti	læːviti	LABITI	wiktionary_cat	-	-
lěvъ	læːvŭ	LAB	wiktionary_cat	-	-
lěxa	læːxa	LAKA	wiktionary_cat	-	-
lězti	læːzti	LASTI	wiktionary_cat	-	-
lęčь	lẽtʃĭ	LETS	wiktionary_cat	-	-
lęděninъ	lẽdæːninŭ	LEDANIN	wiktionary_cat	-	-
lędina	lẽdina	LEDINA	wiktionary_cat	-	-
lędo	lẽdo	LEDO	wiktionary_cat	-	-
lędvьje	lẽdvĭje	LEDBYE	wiktionary_cat	-	-
lęgati	lẽɡati	LEGATI	wiktionary_cat	-	-
lękati	lẽkati	LEKATI	wiktionary_cat	-	-
lękъ	lẽkŭ	LEK	wiktionary_cat	-	-
lęťa	lẽtʲa	LETA	wiktionary_cat	-	-
lęťi	lẽtʲi	LETI	wiktionary_cat	-	-
lęxъ	lẽxŭ	LEK	wiktionary_cat	-	-
li	li	LI	wiktionary_cat	-	-
lice	litse	LITSE	wiktionary_cat	-	-
liceměrъ	litsemæːrŭ	LITSEMAR	wiktionary_cat	-	-
ličiti	litʃiti	LITSITI	wiktionary_cat	-	-
liga	liɡa	LIGA	wiktionary_cat	-	-
lijь	lijĭ	LIY	wiktionary_cat	-	-
likъ	likŭ	LIK	wiktionary_cat	-	-
lilъ	lilŭ	LIL	wiktionary_cat	-	-
liněti	linæːti	LINATI	wiktionary_cat	-	-
linь	linĭ	LIN	wiktionary_cat	-	-
liňati	linʲati	LINATI	wiktionary_cat	-	-
linǫti	linõti	LINOTI	wiktionary_cat	-	-
linъ	linŭ	LIN	wiktionary_cat	-	-
lipa	lipa	LIPA	wiktionary_cat	-	-
lipiga	lipiɡa	LIPIGA	wiktionary_cat	-	-
lipьňь	lipĭnʲĭ	LIPN	wiktionary_cat	-	-
lipъkъ	lipŭkŭ	LIPK	wiktionary_cat	-	-
lisa	lisa	LISA	wiktionary_cat	-	-
lisatъ	lisatŭ	LISAT	wiktionary_cat	-	-
lisavъ	lisavŭ	LISAB	wiktionary_cat	-	-
lisę	lisẽ	LISE	wiktionary_cat	-	-
lisica	lisitsa	LISITSA	wiktionary_cat	-	-
lisičь	lisitʃĭ	LISITS	wiktionary_cat	-	-
lisičьka	lisitʃĭka	LISITSKA	wiktionary_cat	-	-
lisinъ	lisinŭ	LISIN	wiktionary_cat	-	-
lisь	lisĭ	LIS	wiktionary_cat	-	-
lisьcь	lisĭtsĭ	LISTS	wiktionary_cat	-	-
lisovъ	lisovŭ	LISOB	wiktionary_cat	-	-
listopadъ	listopadŭ	LISTOPAD	wiktionary_cat	-	-
listъ	listŭ	LIST	wiktionary_cat	-	-
lisъ	lisŭ	LIS	wiktionary_cat	-	-
lisъka	lisŭka	LISKA	wiktionary_cat	-	-
lišajь	liʃajĭ	LISAY	wiktionary_cat	-	-
lišiti	liʃiti	LISITI	wiktionary_cat	-	-
liti	liti	LITI	wiktionary_cat	-	-
litva	litva	LITBA	wiktionary_cat	-	-
lixodějь	lixodæːjĭ	LIKODAY	wiktionary_cat	-	-
lixъ	lixŭ	LIK	wiktionary_cat	-	-
lixva	lixva	LIKBA	wiktionary_cat	-	-
lizati	lizati	LISATI	wiktionary_cat	-	-
lьgъkъ	lĭɡŭkŭ	LGK	wiktionary_cat	-	-
lьnǫti	lĭnõti	LNOTI	wiktionary_cat	-	-
lьnъ	lĭnŭ	LN	wiktionary_cat	-	-
lьpěti	lĭpæːti	LPATI	wiktionary_cat	-	-
lьstiti	lĭstiti	LSTITI	wiktionary_cat	-	-
lьstь	lĭstĭ	LST	wiktionary_cat	-	-
lьvъ	lĭvŭ	LB	wiktionary_cat	-	-
loboda	loboda	LOBODA	wiktionary_cat	-	-
lobozgъ	lobozɡŭ	LOBOSG	wiktionary_cat	-	-
lobъzati	lobŭzati	LOBSATI	wiktionary_cat	-	-
logъ	loɡŭ	LOG	wiktionary_cat	-	-
lojь	lojĭ	LOY	wiktionary_cat	-	-
lokati	lokati	LOKATI	wiktionary_cat	-	-
loky	lokɨ	LOKI	wiktionary_cat	-	-
lomiti	lomiti	LOMITI	wiktionary_cat	-	-
lomъ	lomŭ	LOM	wiktionary_cat	-	-
lomъkъ	lomŭkŭ	LOMK	wiktionary_cat	-	-
lono	lono	LONO	wiktionary_cat	-	-
lopata	lopata	LOPATA	wiktionary_cat	-	-
lopěnъ	lopæːnŭ	LOPAN	wiktionary_cat	-	-
lopiti	lopiti	LOPITI	wiktionary_cat	-	-
lopurъ	lopurŭ	LOPUR	wiktionary_cat	-	-
lopuxъ	lopuxŭ	LOPUK	wiktionary_cat	-	-
lopъ	lopŭ	LOP	wiktionary_cat	-	-
lopъta	lopŭta	LOPTA	wiktionary_cat	-	-
loskutъ	loskutŭ	LOSKUT	wiktionary_cat	-	-
loskъ	loskŭ	LOSK	wiktionary_cat	-	-
lososь	lososĭ	LOSOS	wiktionary_cat	-	-
lošь	loʃĭ	LOS	wiktionary_cat	-	-
loťika	lotʲika	LOTIKA	wiktionary_cat	-	-
lovišče	loviʃtʃe	LOBISTSE	wiktionary_cat	-	-
loviti	loviti	LOBITI	wiktionary_cat	-	-
lovitva	lovitva	LOBITBA	wiktionary_cat	-	-
lovьcь	lovĭtsĭ	LOBTS	wiktionary_cat	-	-
lovъ	lovŭ	LOB	wiktionary_cat	-	-
lovъkъ	lovŭkŭ	LOBK	wiktionary_cat	-	-
loxmotьje	loxmotĭje	LOKMOTYE	wiktionary_cat	-	-
loza	loza	LOSA	wiktionary_cat	-	-
lože	loʒe	LOSE	wiktionary_cat	-	-
ložesno	loʒesno	LOSESNO	wiktionary_cat	-	-
ložiti	loʒiti	LOSITI	wiktionary_cat	-	-
ložьmъ	loʒĭmŭ	LOSM	wiktionary_cat	-	-
lǫčiti	lõtʃiti	LOTSITI	wiktionary_cat	-	-
lǫčьje	lõtʃĭje	LOTSYE	wiktionary_cat	-	-
lǫgъ	lõɡŭ	LOG	wiktionary_cat	-	-
lǫka	lõka	LOKA	wiktionary_cat	-	-
lǫkavьstvo	lõkavĭstvo	LOKABSTBO	wiktionary_cat	-	-
lǫkavъ	lõkavŭ	LOKAB	wiktionary_cat	-	-
lǫkъ	lõkŭ	LOK	wiktionary_cat	-	-
lǫkъno	lõkŭno	LOKNO	wiktionary_cat	-	-
lǫtъ	lõtŭ	LOT	wiktionary_cat	-	-
lubъ	lubŭ	LUB	wiktionary_cat	-	-
lučiti	lutʃiti	LUTSITI	wiktionary_cat	-	-
lučь	lutʃĭ	LUTS	wiktionary_cat	-	-
lučьjь	lutʃĭjĭ	LUTSY	wiktionary_cat	-	-
luditi	luditi	LUDITI	wiktionary_cat	-	-
ludъ	ludŭ	LUD	wiktionary_cat	-	-
lukъ	lukŭ	LUK	wiktionary_cat	-	-
luna	luna	LUNA	wiktionary_cat	-	-
lupežь	lupeʒĭ	LUPES	wiktionary_cat	-	-
lupiti	lupiti	LUPITI	wiktionary_cat	-	-
luska	luska	LUSKA	wiktionary_cat	-	-
luskati	luskati	LUSKATI	wiktionary_cat	-	-
luskъ	luskŭ	LUSK	wiktionary_cat	-	-
luspa	luspa	LUSPA	wiktionary_cat	-	-
luščiti	luʃtʃiti	LUSTSITI	wiktionary_cat	-	-
luža	luʒa	LUSA	wiktionary_cat	-	-
-lъ	-lŭ	L	wiktionary_cat	-	-
lъbъ	lŭbŭ	LB	wiktionary_cat	-	-
lъgařь	lŭɡar̝ĭ	LGAR	wiktionary_cat	-	-
lъgati	lŭɡati	LGATI	wiktionary_cat	-	-
lъkno	lŭkno	LKNO	wiktionary_cat	-	-
lъskъ	lŭskŭ	LSK	wiktionary_cat	-	-
lъxati	lŭxati	LKATI	wiktionary_cat	-	-
lъža	lŭʒa	LSA	wiktionary_cat	-	-
lъžica	lŭʒitsa	LSITSA	wiktionary_cat	-	-
lъžь	lŭʒĭ	LS	wiktionary_cat	-	-
lъžьnъ	lŭʒĭnŭ	LSN	wiktionary_cat	-	-
lybědь	lɨbæːdĭ	LIBAD	wiktionary_cat	-	-
lyčьnъ	lɨtʃĭnŭ	LITSN	wiktionary_cat	-	-
lygura	lɨɡura	LIGURA	wiktionary_cat	-	-
lyko	lɨko	LIKO	wiktionary_cat	-	-
lysъ	lɨsŭ	LIS	wiktionary_cat	-	-
lysъka	lɨsŭka	LISKA	wiktionary_cat	-	-
lyzgati	lɨzɡati	LISGATI	wiktionary_cat	-	-
lyzgavъ	lɨzɡavŭ	LISGAB	wiktionary_cat	-	-
lyža	lɨʒa	LISA	wiktionary_cat	-	-
lyži	lɨʒi	LISI	wiktionary_cat	-	-
lyžьka	lɨʒĭka	LISKA	wiktionary_cat	-	-
ľubiti	lʲubiti	LUBITI	wiktionary_cat	-	-
ľubь	lʲubĭ	LUB	wiktionary_cat	-	-
ľubъ	lʲubŭ	LUB	wiktionary_cat	-	-
ľuby	lʲubɨ	LUBI	wiktionary_cat	-	-
ľudina	lʲudina	LUDINA	wiktionary_cat	-	-
ľudьje	lʲudĭje	LUDYE	wiktionary_cat	-	-
ľudьskъ	lʲudĭskŭ	LUDSK	wiktionary_cat	-	-
ľudъ	lʲudŭ	LUD	wiktionary_cat	-	-
ľutъ	lʲutŭ	LUT	wiktionary_cat	-	-
-ma	-ma	MA	wiktionary_cat	-	-
maca	matsa	MATSA	wiktionary_cat	-	-
mačerъ	matʃerŭ	MATSER	wiktionary_cat	-	-
mačьka	matʃĭka	MATSKA	wiktionary_cat	-	-
majakъ	majakŭ	MAYAK	wiktionary_cat	-	-
majati	majati	MAYATI	wiktionary_cat	-	-
makati	makati	MAKATI	wiktionary_cat	-	-
maklenъ	maklenŭ	MAKLEN	wiktionary_cat	-	-
makъ	makŭ	MAK	wiktionary_cat	-	-
malę	malẽ	MALE	wiktionary_cat	-	-
malina	malina	MALINA	wiktionary_cat	-	-
malьčikъ	malĭtʃikŭ	MALTSIK	wiktionary_cat	-	-
malota	malota	MALOTA	wiktionary_cat	-	-
malъ	malŭ	MAL	wiktionary_cat	-	-
malyšьka	malɨʃĭka	MALISKA	wiktionary_cat	-	-
maľukъ	malʲukŭ	MALUK	wiktionary_cat	-	-
mama	mama	MAMA	wiktionary_cat	-	-
maminъ	maminŭ	MAMIN	wiktionary_cat	-	-
mamiti	mamiti	MAMITI	wiktionary_cat	-	-
mamъ	mamŭ	MAM	wiktionary_cat	-	-
mamъka	mamŭka	MAMKA	wiktionary_cat	-	-
mana	mana	MANA	wiktionary_cat	-	-
maniti	maniti	MANITI	wiktionary_cat	-	-
manǫti	manõti	MANOTI	wiktionary_cat	-	-
marati	marati	MARATI	wiktionary_cat	-	-
marěna	maræːna	MARANA	wiktionary_cat	-	-
maslěnъ	maslæːnŭ	MASLAN	wiktionary_cat	-	-
maslьko	maslĭko	MASLKO	wiktionary_cat	-	-
maslo	maslo	MASLO	wiktionary_cat	-	-
mastь	mastĭ	MAST	wiktionary_cat	-	-
materinьstvo	materinĭstvo	MATERINSTBO	wiktionary_cat	-	-
materinъ	materinŭ	MATERIN	wiktionary_cat	-	-
mati	mati	MATI	wiktionary_cat	-	-
matoga	matoɡa	MATOGA	wiktionary_cat	-	-
matorъ	matorŭ	MATOR	wiktionary_cat	-	-
maťexa	matʲexa	MATEKA	wiktionary_cat	-	-
maxati	maxati	MAKATI	wiktionary_cat	-	-
maxnǫti	maxnõti	MAKNOTI	wiktionary_cat	-	-
maxъ	maxŭ	MAK	wiktionary_cat	-	-
mazati	mazati	MASATI	wiktionary_cat	-	-
mazivo	mazivo	MASIBO	wiktionary_cat	-	-
mazь	mazĭ	MAS	wiktionary_cat	-	-
mečь	metʃĭ	METS	wiktionary_cat	-	-
mečьka	metʃĭka	METSKA	wiktionary_cat	-	-
medovina	medovina	MEDOBINA	wiktionary_cat	-	-
medъ	medŭ	MED	wiktionary_cat	-	-
medvědę	medvæːdẽ	MEDBADE	wiktionary_cat	-	-
medvědь	medvæːdĭ	MEDBAD	wiktionary_cat	-	-
meďa	medʲa	MEDA	wiktionary_cat	-	-
meďi	medʲi	MEDI	wiktionary_cat	-	-
meďu	medʲu	MEDU	wiktionary_cat	-	-
melčьnъ	meltʃĭnŭ	MELTSN	wiktionary_cat	-	-
melivo	melivo	MELIBO	wiktionary_cat	-	-
melьnica	melĭnitsa	MELNITSA	wiktionary_cat	-	-
melko	melko	MELKO	wiktionary_cat	-	-
melstva	melstva	MELSTBA	wiktionary_cat	-	-
melti	melti	MELTI	wiktionary_cat	-	-
meltva	meltva	MELTBA	wiktionary_cat	-	-
melzivo	melzivo	MELSIBO	wiktionary_cat	-	-
melzti	melzti	MELSTI	wiktionary_cat	-	-
merti	merti	MERTI	wiktionary_cat	-	-
mertva	mertva	MERTBA	wiktionary_cat	-	-
merža	merʒa	MERSA	wiktionary_cat	-	-
meslo	meslo	MESLO	wiktionary_cat	-	-
mesti	mesti	MESTI	wiktionary_cat	-	-
mešьkati	meʃĭkati	MESKATI	wiktionary_cat	-	-
metadlo	metadlo	METADLO	wiktionary_cat	-	-
metati	metati	METATI	wiktionary_cat	-	-
metělь	metæːlĭ	METAL	wiktionary_cat	-	-
metnǫti	metnõti	METNOTI	wiktionary_cat	-	-
metъla	metŭla	METLA	wiktionary_cat	-	-
metъliga	metŭliɡa	METLIGA	wiktionary_cat	-	-
měděnikъ	mæːdæːnikŭ	MADANIK	wiktionary_cat	-	-
měděnъ	mæːdæːnŭ	MADAN	wiktionary_cat	-	-
mědь	mæːdĭ	MAD	wiktionary_cat	-	-
mělь	mæːlĭ	MAL	wiktionary_cat	-	-
mělъkъ	mæːlŭkŭ	MALK	wiktionary_cat	-	-
měna	mæːna	MANA	wiktionary_cat	-	-
měniti	mæːniti	MANITI	wiktionary_cat	-	-
měra	mæːra	MARA	wiktionary_cat	-	-
měridlo	mæːridlo	MARIDLO	wiktionary_cat	-	-
měriti	mæːriti	MARITI	wiktionary_cat	-	-
-měrъ	-mæːrŭ	MAR	wiktionary_cat	-	-
měsęcь	mæːsẽtsĭ	MASETS	wiktionary_cat	-	-
měsiti	mæːsiti	MASITI	wiktionary_cat	-	-
městiti	mæːstiti	MASTITI	wiktionary_cat	-	-
město	mæːsto	MASTO	wiktionary_cat	-	-
měšadlo	mæːʃadlo	MASADLO	wiktionary_cat	-	-
měšati	mæːʃati	MASATI	wiktionary_cat	-	-
měšьkъ	mæːʃĭkŭ	MASK	wiktionary_cat	-	-
mětiti	mæːtiti	MATITI	wiktionary_cat	-	-
měxъ	mæːxŭ	MAK	wiktionary_cat	-	-
měxyrь	mæːxɨrĭ	MAKIR	wiktionary_cat	-	-
mězga	mæːzɡa	MASGA	wiktionary_cat	-	-
mězgyrь	mæːzɡɨrĭ	MASGIR	wiktionary_cat	-	-
měžiti	mæːʒiti	MASITI	wiktionary_cat	-	-
-mę	-mẽ	ME	wiktionary_cat	-	-
męčь	mẽtʃĭ	METS	wiktionary_cat	-	-
męknǫti	mẽknõti	MEKNOTI	wiktionary_cat	-	-
mękъkъ	mẽkŭkŭ	MEKK	wiktionary_cat	-	-
mękyna	mẽkɨna	MEKINA	wiktionary_cat	-	-
męsarь	mẽsarĭ	MESAR	wiktionary_cat	-	-
męso	mẽso	MESO	wiktionary_cat	-	-
męsti	mẽsti	MESTI	wiktionary_cat	-	-
męta	mẽta	META	wiktionary_cat	-	-
mętežь	mẽteʒĭ	METES	wiktionary_cat	-	-
męti	mẽti	METI	wiktionary_cat	-	-
męzdra	mẽzdra	MESDRA	wiktionary_cat	-	-
męzъ	mẽzŭ	MES	wiktionary_cat	-	-
męžьjь	mẽʒĭjĭ	MESY	wiktionary_cat	-	-
migati	miɡati	MIGATI	wiktionary_cat	-	-
mignǫti	miɡnõti	MIGNOTI	wiktionary_cat	-	-
migъ	miɡŭ	MIG	wiktionary_cat	-	-
mijati	mijati	MIYATI	wiktionary_cat	-	-
milosьrdьnъ	milosĭrdĭnŭ	MILOSRDN	wiktionary_cat	-	-
milostivъ	milostivŭ	MILOSTIB	wiktionary_cat	-	-
milostь	milostĭ	MILOST	wiktionary_cat	-	-
milovati	milovati	MILOBATI	wiktionary_cat	-	-
milъ	milŭ	MIL	wiktionary_cat	-	-
mimo	mimo	MIMO	wiktionary_cat	-	-
minovati	minovati	MINOBATI	wiktionary_cat	-	-
minǫti	minõti	MINOTI	wiktionary_cat	-	-
miriti	miriti	MIRITI	wiktionary_cat	-	-
mirьnъ	mirĭnŭ	MIRN	wiktionary_cat	-	-
Miroslavъ	Miroslavŭ	0IROSLAB	wiktionary_cat	-	-
mirъ	mirŭ	MIR	wiktionary_cat	-	-
misa	misa	MISA	wiktionary_cat	-	-
misъka	misŭka	MISKA	wiktionary_cat	-	-
mitě	mitæː	MITA	wiktionary_cat	-	-
mitorъ	mitorŭ	MITOR	wiktionary_cat	-	-
mitъ	mitŭ	MIT	wiktionary_cat	-	-
mižati	miʒati	MISATI	wiktionary_cat	-	-
mьčь	mĭtʃĭ	MTS	wiktionary_cat	-	-
mьčьta	mĭtʃĭta	MTSTA	wiktionary_cat	-	-
mьčьtati	mĭtʃĭtati	MTSTATI	wiktionary_cat	-	-
mьčьtъ	mĭtʃĭtŭ	MTST	wiktionary_cat	-	-
mьgla	mĭɡla	MGLA	wiktionary_cat	-	-
mьgnovenьje	mĭɡnovenĭje	MGNOBENYE	wiktionary_cat	-	-
mьlčati	mĭltʃati	MLTSATI	wiktionary_cat	-	-
mьlgati	mĭlɡati	MLGATI	wiktionary_cat	-	-
mьlgonь	mĭlɡonĭ	MLGON	wiktionary_cat	-	-
mьlknǫti	mĭlknõti	MLKNOTI	wiktionary_cat	-	-
mьlkъ	mĭlkŭ	MLK	wiktionary_cat	-	-
mьněti	mĭnæːti	MNATI	wiktionary_cat	-	-
mьňьjь	mĭnʲĭjĭ	MNY	wiktionary_cat	-	-
mьrcati	mĭrtsati	MRTSATI	wiktionary_cat	-	-
mьrějьnъ	mĭræːjĭnŭ	MRAYN	wiktionary_cat	-	-
mьrěti	mĭræːti	MRATI	wiktionary_cat	-	-
mьriti	mĭriti	MRITI	wiktionary_cat	-	-
mьrknǫti	mĭrknõti	MRKNOTI	wiktionary_cat	-	-
mьrkъ	mĭrkŭ	MRK	wiktionary_cat	-	-
mьrsiti	mĭrsiti	MRSITI	wiktionary_cat	-	-
mьrtь	mĭrtĭ	MRT	wiktionary_cat	-	-
mьrtvъ	mĭrtvŭ	MRTB	wiktionary_cat	-	-
mьrviti	mĭrviti	MRBITI	wiktionary_cat	-	-
mьrzěti	mĭrzæːti	MRSATI	wiktionary_cat	-	-
mьrziti	mĭrziti	MRSITI	wiktionary_cat	-	-
mьrzlъ	mĭrzlŭ	MRSL	wiktionary_cat	-	-
mьrznǫti	mĭrznõti	MRSNOTI	wiktionary_cat	-	-
mьrzъkъ	mĭrzŭkŭ	MRSK	wiktionary_cat	-	-
Mьstislavъ	Mĭstislavŭ	0STISLAB	wiktionary_cat	-	-
mьstiti	mĭstiti	MSTITI	wiktionary_cat	-	-
Mьstivojь	Mĭstivojĭ	0STIBOY	wiktionary_cat	-	-
Mьstivujь	Mĭstivujĭ	0STIBUY	wiktionary_cat	-	-
mьstь	mĭstĭ	MST	wiktionary_cat	-	-
mьzda	mĭzda	MSDA	wiktionary_cat	-	-
mьžiti	mĭʒiti	MSITI	wiktionary_cat	-	-
mьžuriti	mĭʒuriti	MSURITI	wiktionary_cat	-	-
mlinъ	mlinŭ	MLIN	wiktionary_cat	-	-
-mo	-mo	MO	wiktionary_cat	-	-
moča	motʃa	MOTSA	wiktionary_cat	-	-
močidlo	motʃidlo	MOTSIDLO	wiktionary_cat	-	-
močiti	motʃiti	MOTSITI	wiktionary_cat	-	-
modla	modla	MODLA	wiktionary_cat	-	-
modliti	modliti	MODLITI	wiktionary_cat	-	-
modlitva	modlitva	MODLITBA	wiktionary_cat	-	-
modrъ	modrŭ	MODR	wiktionary_cat	-	-
mogyla	moɡɨla	MOGILA	wiktionary_cat	-	-
mojь	mojĭ	MOY	wiktionary_cat	-	-
Mojьslavъ	Mojĭslavŭ	0OYSLAB	wiktionary_cat	-	-
mok-	mok-	MOK	wiktionary_cat	-	-
moknǫti	moknõti	MOKNOTI	wiktionary_cat	-	-
Mokošь	Mokoʃĭ	0OKOS	wiktionary_cat	-	-
mokrъ	mokrŭ	MOKR	wiktionary_cat	-	-
moky	mokɨ	MOKI	wiktionary_cat	-	-
moldenьcь	moldenĭtsĭ	MOLDENTS	wiktionary_cat	-	-
moldežь	moldeʒĭ	MOLDES	wiktionary_cat	-	-
moldostь	moldostĭ	MOLDOST	wiktionary_cat	-	-
moldъ	moldŭ	MOLD	wiktionary_cat	-	-
molka	molka	MOLKA	wiktionary_cat	-	-
molta	molta	MOLTA	wiktionary_cat	-	-
moltiti	moltiti	MOLTITI	wiktionary_cat	-	-
molto	molto	MOLTO	wiktionary_cat	-	-
moltъ	moltŭ	MOLT	wiktionary_cat	-	-
moľь	molʲĭ	MOL	wiktionary_cat	-	-
monisto	monisto	MONISTO	wiktionary_cat	-	-
mora	mora	MORA	wiktionary_cat	-	-
morčiti	mortʃiti	MORTSITI	wiktionary_cat	-	-
morčьnъ	mortʃĭnŭ	MORTSN	wiktionary_cat	-	-
moriti	moriti	MORITI	wiktionary_cat	-	-
morьskъ	morĭskŭ	MORSK	wiktionary_cat	-	-
morkъ	morkŭ	MORK	wiktionary_cat	-	-
morǫgъ	morõɡŭ	MOROG	wiktionary_cat	-	-
morъ	morŭ	MOR	wiktionary_cat	-	-
morvь	morvĭ	MORB	wiktionary_cat	-	-
morvъ	morvŭ	MORB	wiktionary_cat	-	-
morzъ	morzŭ	MORS	wiktionary_cat	-	-
mořakъ	mor̝akŭ	MORAK	wiktionary_cat	-	-
mořaninъ	mor̝aninŭ	MORANIN	wiktionary_cat	-	-
moře	mor̝e	MORE	wiktionary_cat	-	-
mosędzь	mosẽdzĭ	MOSEDS	wiktionary_cat	-	-
mostъ	mostŭ	MOST	wiktionary_cat	-	-
mošьna	moʃĭna	MOSNA	wiktionary_cat	-	-
motati	motati	MOTATI	wiktionary_cat	-	-
moteľь	motelʲĭ	MOTEL	wiktionary_cat	-	-
motovidlo	motovidlo	MOTOBIDLO	wiktionary_cat	-	-
motriti	motriti	MOTRITI	wiktionary_cat	-	-
motuľь	motulʲĭ	MOTUL	wiktionary_cat	-	-
motyka	motɨka	MOTIKA	wiktionary_cat	-	-
motyľь	motɨlʲĭ	MOTIL	wiktionary_cat	-	-
motyra	motɨra	MOTIRA	wiktionary_cat	-	-
motyřь	motɨr̝ĭ	MOTIR	wiktionary_cat	-	-
moťi	motʲi	MOTI	wiktionary_cat	-	-
moťь	motʲĭ	MOT	wiktionary_cat	-	-
mozgъ	mozɡŭ	MOSG	wiktionary_cat	-	-
mozolь	mozolĭ	MOSOL	wiktionary_cat	-	-
mǫčiti	mõtʃiti	MOTSITI	wiktionary_cat	-	-
mǫdo	mõdo	MODO	wiktionary_cat	-	-
mǫdrьcь	mõdrĭtsĭ	MODRTS	wiktionary_cat	-	-
mǫdrostь	mõdrostĭ	MODROST	wiktionary_cat	-	-
mǫdrъ	mõdrŭ	MODR	wiktionary_cat	-	-
mǫka	mõka	MOKA	wiktionary_cat	-	-
mǫtiti	mõtiti	MOTITI	wiktionary_cat	-	-
mǫtьnъ	mõtĭnŭ	MOTN	wiktionary_cat	-	-
mǫty	mõtɨ	MOTI	wiktionary_cat	-	-
mǫžikъ	mõʒikŭ	MOSIK	wiktionary_cat	-	-
mǫžь	mõʒĭ	MOS	wiktionary_cat	-	-
mǫžьja	mõʒĭja	MOSYA	wiktionary_cat	-	-
mǫžьskъ	mõʒĭskŭ	MOSSK	wiktionary_cat	-	-
mǫžьščina	mõʒĭʃtʃina	MOSSTSINA	wiktionary_cat	-	-
muditi	muditi	MUDITI	wiktionary_cat	-	-
mudьnъ	mudĭnŭ	MUDN	wiktionary_cat	-	-
murava	murava	MURABA	wiktionary_cat	-	-
murъ	murŭ	MUR	wiktionary_cat	-	-
muxa	muxa	MUKA	wiktionary_cat	-	-
-mъ	-mŭ	M	wiktionary_cat	-	-
mъčati	mŭtʃati	MTSATI	wiktionary_cat	-	-
mъděti	mŭdæːti	MDATI	wiktionary_cat	-	-
mъd(ь)lěti	mŭd(ĭ)læːti	MDLATI	wiktionary_cat	-	-
mъdьliti	mŭdĭliti	MDLITI	wiktionary_cat	-	-
mъdьlь	mŭdĭlĭ	MDL	wiktionary_cat	-	-
mъdьlьnъ	mŭdĭlĭnŭ	MDLN	wiktionary_cat	-	-
mъknǫti	mŭknõti	MKNOTI	wiktionary_cat	-	-
mъldni	mŭldni	MLDNI	wiktionary_cat	-	-
mъlinъ	mŭlinŭ	MLIN	wiktionary_cat	-	-
mъlva	mŭlva	MLBA	wiktionary_cat	-	-
mъlvěninъ	mŭlvæːninŭ	MLBANIN	wiktionary_cat	-	-
mъlviti	mŭlviti	MLBITI	wiktionary_cat	-	-
mъlvьnъ	mŭlvĭnŭ	MLBN	wiktionary_cat	-	-
mъnogъ	mŭnoɡŭ	MNOG	wiktionary_cat	-	-
mъnožiti	mŭnoʒiti	MNOSITI	wiktionary_cat	-	-
mъrda	mŭrda	MRDA	wiktionary_cat	-	-
mъrdati	mŭrdati	MRDATI	wiktionary_cat	-	-
mъrgati	mŭrɡati	MRGATI	wiktionary_cat	-	-
mъrgnǫti	mŭrɡnõti	MRGNOTI	wiktionary_cat	-	-
mъrgoda	mŭrɡoda	MRGODA	wiktionary_cat	-	-
mъrky	mŭrkɨ	MRKI	wiktionary_cat	-	-
mъrmorьcь	mŭrmorĭtsĭ	MRMORTS	wiktionary_cat	-	-
mъrščina	mŭrʃtʃina	MRSTSINA	wiktionary_cat	-	-
mъrščiti	mŭrʃtʃiti	MRSTSITI	wiktionary_cat	-	-
mъskъ	mŭskŭ	MSK	wiktionary_cat	-	-
mъšica	mŭʃitsa	MSITSA	wiktionary_cat	-	-
mъxъ	mŭxŭ	MK	wiktionary_cat	-	-
my	mɨ	MI	wiktionary_cat	-	-
mydlo	mɨdlo	MIDLO	wiktionary_cat	-	-
myliti	mɨliti	MILITI	wiktionary_cat	-	-
myslěti	mɨslæːti	MISLATI	wiktionary_cat	-	-
mysliti	mɨsliti	MISLITI	wiktionary_cat	-	-
myslь	mɨslĭ	MISL	wiktionary_cat	-	-
myšę	mɨʃẽ	MISE	wiktionary_cat	-	-
myšь	mɨʃĭ	MIS	wiktionary_cat	-	-
mytařь	mɨtar̝ĭ	MITAR	wiktionary_cat	-	-
mytělь	mɨtæːlĭ	MITAL	wiktionary_cat	-	-
myti	mɨti	MITI	wiktionary_cat	-	-
myto	mɨto	MITO	wiktionary_cat	-	-
mytva	mɨtva	MITBA	wiktionary_cat	-	-
na	na	NA	wiktionary_cat	-	-
na avě	na avæː	NAABA	wiktionary_cat	-	-
na desęte	na desẽte	NADESETE	wiktionary_cat	-	-
nabasъ	nabasŭ	NABAS	wiktionary_cat	-	-
nabiti	nabiti	NABITI	wiktionary_cat	-	-
nabojь	nabojĭ	NABOY	wiktionary_cat	-	-
naborъ	naborŭ	NABOR	wiktionary_cat	-	-
načędlo	natʃẽdlo	NATSEDLO	wiktionary_cat	-	-
načęti	natʃẽti	NATSETI	wiktionary_cat	-	-
nadeďa	nadedʲa	NADEDA	wiktionary_cat	-	-
nadeďьnъ	nadedʲĭnŭ	NADEDN	wiktionary_cat	-	-
naděja	nadæːja	NADAYA	wiktionary_cat	-	-
nadějьnъ	nadæːjĭnŭ	NADAYN	wiktionary_cat	-	-
nadorgy	nadorɡɨ	NADORGI	wiktionary_cat	-	-
nadъ	nadŭ	NAD	wiktionary_cat	-	-
nadъzorъ	nadŭzorŭ	NADSOR	wiktionary_cat	-	-
naglъ	naɡlŭ	NAGL	wiktionary_cat	-	-
nagorda	naɡorda	NAGORDA	wiktionary_cat	-	-
nagъ	naɡŭ	NAG	wiktionary_cat	-	-
naji-	naji-	NAYI	wiktionary_cat	-	-
najь-	najĭ-	NAY	wiktionary_cat	-	-
najьti	najĭti	NAYTI	wiktionary_cat	-	-
naklonъ	naklonŭ	NAKLON	wiktionary_cat	-	-
nalogъ	naloɡŭ	NALOG	wiktionary_cat	-	-
nana	nana	NANA	wiktionary_cat	-	-
napadъ	napadŭ	NAPAD	wiktionary_cat	-	-
napastь	napastĭ	NAPAST	wiktionary_cat	-	-
napisati	napisati	NAPISATI	wiktionary_cat	-	-
napitъkъ	napitŭkŭ	NAPITK	wiktionary_cat	-	-
napьrstъkъ	napĭrstŭkŭ	NAPRSTK	wiktionary_cat	-	-
napojь	napojĭ	NAPOY	wiktionary_cat	-	-
naporъ	naporŭ	NAPOR	wiktionary_cat	-	-
narěčьje	naræːtʃĭje	NARATSYE	wiktionary_cat	-	-
naręsti	narẽsti	NARESTI	wiktionary_cat	-	-
naročьnъ	narotʃĭnŭ	NAROTSN	wiktionary_cat	-	-
narodьnъ	narodĭnŭ	NARODN	wiktionary_cat	-	-
narodъ	narodŭ	NAROD	wiktionary_cat	-	-
nasilьje	nasilĭje	NASILYE	wiktionary_cat	-	-
nasilьnikъ	nasilĭnikŭ	NASILNIK	wiktionary_cat	-	-
nasilovati	nasilovati	NASILOBATI	wiktionary_cat	-	-
naskakati	naskakati	NASKAKATI	wiktionary_cat	-	-
nasoka	nasoka	NASOKA	wiktionary_cat	-	-
nastrojь	nastrojĭ	NASTROY	wiktionary_cat	-	-
našь	naʃĭ	NAS	wiktionary_cat	-	-
natь	natĭ	NAT	wiktionary_cat	-	-
naučьnъ	nautʃĭnŭ	NAUTSN	wiktionary_cat	-	-
nauka	nauka	NAUKA	wiktionary_cat	-	-
naustiti	naustiti	NAUSTITI	wiktionary_cat	-	-
navada	navada	NABADA	wiktionary_cat	-	-
naviděti	navidæːti	NABIDATI	wiktionary_cat	-	-
naviti	naviti	NABITI	wiktionary_cat	-	-
navь	navĭ	NAB	wiktionary_cat	-	-
navykъ	navɨkŭ	NABIK	wiktionary_cat	-	-
naxalъ	naxalŭ	NAKAL	wiktionary_cat	-	-
nazola	nazola	NASOLA	wiktionary_cat	-	-
ne	ne	NE	wiktionary_cat	-	-
ne-	ne-	NE	wiktionary_cat	-	-
nebasъkъ	nebasŭkŭ	NEBASK	wiktionary_cat	-	-
nebesьskъ	nebesĭskŭ	NEBESSK	wiktionary_cat	-	-
nebьce	nebĭtse	NEBTSE	wiktionary_cat	-	-
nebo	nebo	NEBO	wiktionary_cat	-	-
nebogъ	neboɡŭ	NEBOG	wiktionary_cat	-	-
nebojь	nebojĭ	NEBOY	wiktionary_cat	-	-
neděľa	nedæːlʲa	NEDALA	wiktionary_cat	-	-
nedǫgъ	nedõɡŭ	NEDOG	wiktionary_cat	-	-
negodějь	neɡodæːjĭ	NEGODAY	wiktionary_cat	-	-
negodovati	neɡodovati	NEGODOBATI	wiktionary_cat	-	-
nejęsytь	nejẽsɨtĭ	NEYESIT	wiktionary_cat	-	-
nenaviděti	nenavidæːti	NENABIDATI	wiktionary_cat	-	-
nenavistь	nenavistĭ	NENABIST	wiktionary_cat	-	-
nepogoda	nepoɡoda	NEPOGODA	wiktionary_cat	-	-
nepravьda	nepravĭda	NEPRABDA	wiktionary_cat	-	-
neprijateľь	neprijatelʲĭ	NEPRIYATEL	wiktionary_cat	-	-
nerstъ	nerstŭ	NERST	wiktionary_cat	-	-
nerti	nerti	NERTI	wiktionary_cat	-	-
nestera	nestera	NESTERA	wiktionary_cat	-	-
nesti	nesti	NESTI	wiktionary_cat	-	-
netьjь	netĭjĭ	NETY	wiktionary_cat	-	-
netopyřь	netopɨr̝ĭ	NETOPIR	wiktionary_cat	-	-
neudobьnъ	neudobĭnŭ	NEUDOBN	wiktionary_cat	-	-
neudobьstvo	neudobĭstvo	NEUDOBSTBO	wiktionary_cat	-	-
neugasimъ	neuɡasimŭ	NEUGASIM	wiktionary_cat	-	-
neukъ	neukŭ	NEUK	wiktionary_cat	-	-
neuspěšьnъ	neuspæːʃĭnŭ	NEUSPASN	wiktionary_cat	-	-
neuspěxъ	neuspæːxŭ	NEUSPAK	wiktionary_cat	-	-
neutolimъ	neutolimŭ	NEUTOLIM	wiktionary_cat	-	-
nevědomъ	nevæːdomŭ	NEBADOM	wiktionary_cat	-	-
nevěsta	nevæːsta	NEBASTA	wiktionary_cat	-	-
nevidimъ	nevidimŭ	NEBIDIM	wiktionary_cat	-	-
nevodъ	nevodŭ	NEBOD	wiktionary_cat	-	-
nevoľa	nevolʲa	NEBOLA	wiktionary_cat	-	-
nexati	nexati	NEKATI	wiktionary_cat	-	-
neza(j)apьnъ	neza(j)apĭnŭ	NESAYAPN	wiktionary_cat	-	-
ně-	næː-	NA	wiktionary_cat	-	-
něga	næːɡa	NAGA	wiktionary_cat	-	-
něgati	næːɡati	NAGATI	wiktionary_cat	-	-
něměti	næːmæːti	NAMATI	wiktionary_cat	-	-
němьcь	næːmĭtsĭ	NAMTS	wiktionary_cat	-	-
němьčьskъ	næːmĭtʃĭskŭ	NAMTSSK	wiktionary_cat	-	-
němota	næːmota	NAMOTA	wiktionary_cat	-	-
němъ	næːmŭ	NAM	wiktionary_cat	-	-
něti	næːti	NATI	wiktionary_cat	-	-
nětu	næːtu	NATU	wiktionary_cat	-	-
něžiti	næːʒiti	NASITI	wiktionary_cat	-	-
něžьnъ	næːʒĭnŭ	NASN	wiktionary_cat	-	-
ni	ni	NI	wiktionary_cat	-	-
ni-	ni-	NI	wiktionary_cat	-	-
nicati	nitsati	NITSATI	wiktionary_cat	-	-
nicь	nitsĭ	NITS	wiktionary_cat	-	-
ničadlo	nitʃadlo	NITSADLO	wiktionary_cat	-	-
ničati	nitʃati	NITSATI	wiktionary_cat	-	-
ničьto	nitʃĭto	NITSTO	wiktionary_cat	-	-
niknǫti	niknõti	NIKNOTI	wiktionary_cat	-	-
-nikъ	-nikŭ	NIK	wiktionary_cat	-	-
nikъde	nikŭde	NIKDE	wiktionary_cat	-	-
nikъto	nikŭto	NIKTO	wiktionary_cat	-	-
niščeta	niʃtʃeta	NISTSETA	wiktionary_cat	-	-
niščь	niʃtʃĭ	NISTS	wiktionary_cat	-	-
nitь	nitĭ	NIT	wiktionary_cat	-	-
nizati	nizati	NISATI	wiktionary_cat	-	-
nizina	nizina	NISINA	wiktionary_cat	-	-
nizъ	nizŭ	NIS	wiktionary_cat	-	-
nizъkъ	nizŭkŭ	NISK	wiktionary_cat	-	-
nižьjь	niʒĭjĭ	NISY	wiktionary_cat	-	-
-nь	-nĭ	N	wiktionary_cat	-	-
-nьje	-nĭje	NYE	wiktionary_cat	-	-
nьťьky	nĭtʲĭkɨ	NTKI	wiktionary_cat	-	-
nьťьvy	nĭtʲĭvɨ	NTBI	wiktionary_cat	-	-
ňiva	nʲiva	NIBA	wiktionary_cat	-	-
ňuxati	nʲuxati	NUKATI	wiktionary_cat	-	-
noga	noɡa	NOGA	wiktionary_cat	-	-
nogъtь	noɡŭtĭ	NOGT	wiktionary_cat	-	-
nora	nora	NORA	wiktionary_cat	-	-
noriti	noriti	NORITI	wiktionary_cat	-	-
norstъ	norstŭ	NORST	wiktionary_cat	-	-
norvъ	norvŭ	NORB	wiktionary_cat	-	-
nosačь	nosatʃĭ	NOSATS	wiktionary_cat	-	-
nosatъ	nosatŭ	NOSAT	wiktionary_cat	-	-
nositi	nositi	NOSITI	wiktionary_cat	-	-
nosъ	nosŭ	NOS	wiktionary_cat	-	-
noťь	notʲĭ	NOT	wiktionary_cat	-	-
noťьlěgъ	notʲĭlæːɡŭ	NOTLAG	wiktionary_cat	-	-
noťьsь	notʲĭsĭ	NOTS	wiktionary_cat	-	-
novakъ	novakŭ	NOBAK	wiktionary_cat	-	-
novějь	novæːjĭ	NOBAY	wiktionary_cat	-	-
novъ	novŭ	NOB	wiktionary_cat	-	-
Novъgordъ	Novŭɡordŭ	0OBGORD	wiktionary_cat	-	-
nozdra	nozdra	NOSDRA	wiktionary_cat	-	-
nožь	noʒĭ	NOS	wiktionary_cat	-	-
nǫditi	nõditi	NODITI	wiktionary_cat	-	-
-nǫti	-nõti	NOTI	wiktionary_cat	-	-
nu	nu	NU	wiktionary_cat	-	-
nuditi	nuditi	NUDITI	wiktionary_cat	-	-
nuďa	nudʲa	NUDA	wiktionary_cat	-	-
nukati	nukati	NUKATI	wiktionary_cat	-	-
nuriti	nuriti	NURITI	wiktionary_cat	-	-
nuta	nuta	NUTA	wiktionary_cat	-	-
nъ	nŭ	N	wiktionary_cat	-	-
nъťьky	nŭtʲĭkɨ	NTKI	wiktionary_cat	-	-
nъťьvy	nŭtʲĭvɨ	NTBI	wiktionary_cat	-	-
nyně	nɨnæː	NINA	wiktionary_cat	-	-
nyrnǫti	nɨrnõti	NIRNOTI	wiktionary_cat	-	-
nyřati	nɨr̝ati	NIRATI	wiktionary_cat	-	-
nyti	nɨti	NITI	wiktionary_cat	-	-
-o-	-o-	O	wiktionary_cat	-	-
o(b)	ob	OB	wiktionary_cat	-	-
ob rokъ	ob rokŭ	OBROK	wiktionary_cat	-	-
-oba	-oba	OBA	wiktionary_cat	-	-
oba	oba	OBA	wiktionary_cat	-	-
oba dъva	oba dŭva	OBADBA	wiktionary_cat	-	-
obačiti	obatʃiti	OBATSITI	wiktionary_cat	-	-
o(b)aditi	obaditi	OBADITI	wiktionary_cat	-	-
o(b)čertъ	o(b)tʃertŭ	OBTSERT	wiktionary_cat	-	-
o(b)dějadlo	o(b)dæːjadlo	OBDAYADLO	wiktionary_cat	-	-
obě sъtě	obæː sŭtæː	OBASTA	wiktionary_cat	-	-
obědati	obæːdati	OBADATI	wiktionary_cat	-	-
obědъ	obæːdŭ	OBAD	wiktionary_cat	-	-
obětъ	obæːtŭ	OBAT	wiktionary_cat	-	-
oběťati	obæːtʲati	OBATATI	wiktionary_cat	-	-
o(b)gorda	o(b)ɡorda	OBGORDA	wiktionary_cat	-	-
o(b)gordъ	o(b)ɡordŭ	OBGORD	wiktionary_cat	-	-
obida	obida	OBIDA	wiktionary_cat	-	-
obilьje	obilĭje	OBILYE	wiktionary_cat	-	-
obilъ	obilŭ	OBIL	wiktionary_cat	-	-
obitělь	obitæːlĭ	OBITAL	wiktionary_cat	-	-
obьlъ	obĭlŭ	OBL	wiktionary_cat	-	-
obьťa	obĭtʲa	OBTA	wiktionary_cat	-	-
obьťina	obĭtʲina	OBTINA	wiktionary_cat	-	-
obьťь	obĭtʲĭ	OBT	wiktionary_cat	-	-
obьťьnъ	obĭtʲĭnŭ	OBTN	wiktionary_cat	-	-
o(b)krajina	obkrajina	OBKRAYINA	wiktionary_cat	-	-
o(b)krajinьnъ	o(b)krajinĭnŭ	OBKRAYINN	wiktionary_cat	-	-
o(b)krajь	o(b)krajĭ	OBKRAY	wiktionary_cat	-	-
oblava	oblava	OBLABA	wiktionary_cat	-	-
obličьje	oblitʃĭje	OBLITSYE	wiktionary_cat	-	-
oblikъ	oblikŭ	OBLIK	wiktionary_cat	-	-
obolkъ	obolkŭ	OBOLK	wiktionary_cat	-	-
obolsti	obolsti	OBOLSTI	wiktionary_cat	-	-
obolstь	obolstĭ	OBOLST	wiktionary_cat	-	-
obora	obora	OBORA	wiktionary_cat	-	-
oborna	oborna	OBORNA	wiktionary_cat	-	-
obortъ	obortŭ	OBORT	wiktionary_cat	-	-
oborъ	oborŭ	OBOR	wiktionary_cat	-	-
o(b)pasьnostь	o(b)pasĭnostĭ	OBPASNOST	wiktionary_cat	-	-
o(b)pasьnъ	o(b)pasĭnŭ	OBPASN	wiktionary_cat	-	-
o(b)peka	obpeka	OBPEKA	wiktionary_cat	-	-
o(b)poka	obpoka	OBPOKA	wiktionary_cat	-	-
obpona	obpona	OBPONA	wiktionary_cat	-	-
o(b)pora	obpora	OBPORA	wiktionary_cat	-	-
o(b)pytъ	o(b)pɨtŭ	OBPIT	wiktionary_cat	-	-
obraziti	obraziti	OBRASITI	wiktionary_cat	-	-
obrazъ	obrazŭ	OBRAS	wiktionary_cat	-	-
obrěsti	obræːsti	OBRASTI	wiktionary_cat	-	-
obrětati	obræːtati	OBRATATI	wiktionary_cat	-	-
obrędъ	obrẽdŭ	OBRED	wiktionary_cat	-	-
obrokъ	obrokŭ	OBROK	wiktionary_cat	-	-
obrǫčь	obrõtʃĭ	OBROTS	wiktionary_cat	-	-
obrusъ	obrusŭ	OBRUS	wiktionary_cat	-	-
obrъtь	obrŭtĭ	OBRT	wiktionary_cat	-	-
o(b)sada	obsada	OBSADA	wiktionary_cat	-	-
o(b)sadъ	o(b)sadŭ	OBSAD	wiktionary_cat	-	-
o(b)sьca	o(b)sĭtsa	OBSTSA	wiktionary_cat	-	-
o(b)sьcati	o(b)sĭtsati	OBSTSATI	wiktionary_cat	-	-
o(b)sьčaulъ	o(b)sĭtʃaulŭ	OBSTSAUL	wiktionary_cat	-	-
o(b)sьrati	o(b)sĭrati	OBSRATI	wiktionary_cat	-	-
o(b)soka	obsoka	OBSOKA	wiktionary_cat	-	-
o(b)strovъ	o(b)strovŭ	OBSTROB	wiktionary_cat	-	-
o(b)tekъ	o(b)tekŭ	OBTEK	wiktionary_cat	-	-
o(b)tokъ	o(b)tokŭ	OBTOK	wiktionary_cat	-	-
obutělь	obutæːlĭ	OBUTAL	wiktionary_cat	-	-
obuti	obuti	OBUTI	wiktionary_cat	-	-
obuvati	obuvati	OBUBATI	wiktionary_cat	-	-
obuvь	obuvĭ	OBUB	wiktionary_cat	-	-
obuxъ	obuxŭ	OBUK	wiktionary_cat	-	-
obъjězdъ	obŭjæːzdŭ	OBYASD	wiktionary_cat	-	-
obъjętьje	obŭjẽtĭje	OBYETYE	wiktionary_cat	-	-
obъjьmati	obŭjĭmati	OBYMATI	wiktionary_cat	-	-
obvida	obvida	OBBIDA	wiktionary_cat	-	-
obvodъ	obvodŭ	OBBOD	wiktionary_cat	-	-
obvolčьka	obvoltʃĭka	OBBOLTSKA	wiktionary_cat	-	-
obvoldati	obvoldati	OBBOLDATI	wiktionary_cat	-	-
obvortiti	obvortiti	OBBORTITI	wiktionary_cat	-	-
obyčajь	obɨtʃajĭ	OBITSAY	wiktionary_cat	-	-
obyknovenъ	obɨknovenŭ	OBIKNOBEN	wiktionary_cat	-	-
obzorъ	obzorŭ	OBSOR	wiktionary_cat	-	-
o(b)žerdlьje	o(b)ʒerdlĭje	OBSERDLYE	wiktionary_cat	-	-
ocьtъ	otsĭtŭ	OTST	wiktionary_cat	-	-
-očь	-otʃĭ	OTS	wiktionary_cat	-	-
-oda	-oda	ODA	wiktionary_cat	-	-
odeďa	odedʲa	ODEDA	wiktionary_cat	-	-
odьlgъ	odĭlɡŭ	ODLG	wiktionary_cat	-	-
odolěnъ	odolæːnŭ	ODOLAN	wiktionary_cat	-	-
odolěti	odolæːti	ODOLATI	wiktionary_cat	-	-
odrъ	odrŭ	ODR	wiktionary_cat	-	-
-oga	-oɡa	OGA	wiktionary_cat	-	-
ogarь	oɡarĭ	OGAR	wiktionary_cat	-	-
ogňišče	oɡnʲiʃtʃe	OGNISTSE	wiktionary_cat	-	-
ogňь	oɡnʲĭ	OGN	wiktionary_cat	-	-
-ogъ	-oɡŭ	OG	wiktionary_cat	-	-
-oja	-oja	OYA	wiktionary_cat	-	-
oje	oje	OYE	wiktionary_cat	-	-
ojьminъ	ojĭminŭ	OYMIN	wiktionary_cat	-	-
okačь	okatʃĭ	OKATS	wiktionary_cat	-	-
oko	oko	OKO	wiktionary_cat	-	-
okolina	okolina	OKOLINA	wiktionary_cat	-	-
okolo	okolo	OKOLO	wiktionary_cat	-	-
okovъ	okovŭ	OKOB	wiktionary_cat	-	-
okunevъ	okunevŭ	OKUNEB	wiktionary_cat	-	-
okunь	okunĭ	OKUN	wiktionary_cat	-	-
-okъ	-okŭ	OK	wiktionary_cat	-	-
okъno	okŭno	OKNO	wiktionary_cat	-	-
okъša	okŭʃa	OKSA	wiktionary_cat	-	-
okъšy	okŭʃɨ	OKSI	wiktionary_cat	-	-
olbǫdь	olbõdĭ	OLBOD	wiktionary_cat	-	-
olčьnъ	oltʃĭnŭ	OLTSN	wiktionary_cat	-	-
oldi	oldi	OLDI	wiktionary_cat	-	-
oldyga	oldɨɡa	OLDIGA	wiktionary_cat	-	-
olějь	olæːjĭ	OLAY	wiktionary_cat	-	-
olьxa	olĭxa	OLKA	wiktionary_cat	-	-
olkati	olkati	OLKATI	wiktionary_cat	-	-
olkomъ	olkomŭ	OLKOM	wiktionary_cat	-	-
olkъtь	olkŭtĭ	OLKT	wiktionary_cat	-	-
olnę	olnẽ	OLNE	wiktionary_cat	-	-
olni	olni	OLNI	wiktionary_cat	-	-
olnita	olnita	OLNITA	wiktionary_cat	-	-
olovo	olovo	OLOBO	wiktionary_cat	-	-
olsь	olsĭ	OLS	wiktionary_cat	-	-
-olъ	-olŭ	OL	wiktionary_cat	-	-
olъ	olŭ	OL	wiktionary_cat	-	-
omanъ	omanŭ	OMAN	wiktionary_cat	-	-
oměgъ	omæːɡŭ	OMAG	wiktionary_cat	-	-
omъča	omŭtʃa	OMTSA	wiktionary_cat	-	-
on-	on-	ON	wiktionary_cat	-	-
ona	ona	ONA	wiktionary_cat	-	-
onako	onako	ONAKO	wiktionary_cat	-	-
onamo	onamo	ONAMO	wiktionary_cat	-	-
oně	onæː	ONA	wiktionary_cat	-	-
oni	oni	ONI	wiktionary_cat	-	-
ono	ono	ONO	wiktionary_cat	-	-
onoliko	onoliko	ONOLIKO	wiktionary_cat	-	-
onǫda	onõda	ONODA	wiktionary_cat	-	-
onuťa	onutʲa	ONUTA	wiktionary_cat	-	-
onъ	onŭ	ON	wiktionary_cat	-	-
onъde	onŭde	ONDE	wiktionary_cat	-	-
ony	onɨ	ONI	wiktionary_cat	-	-
opakъ	opakŭ	OPAK	wiktionary_cat	-	-
opekati	opekati	OPEKATI	wiktionary_cat	-	-
opekunъ	opekunŭ	OPEKUN	wiktionary_cat	-	-
opeťi	opetʲi	OPETI	wiktionary_cat	-	-
opętь	opẽtĭ	OPET	wiktionary_cat	-	-
opica	opitsa	OPITSA	wiktionary_cat	-	-
oporęditi	oporẽditi	OPOREDITI	wiktionary_cat	-	-
opsa	opsa	OPSA	wiktionary_cat	-	-
opsika	opsika	OPSIKA	wiktionary_cat	-	-
opsina	opsina	OPSINA	wiktionary_cat	-	-
opyšь	opɨʃĭ	OPIS	wiktionary_cat	-	-
oradlo	oradlo	ORADLO	wiktionary_cat	-	-
orati	orati	ORATI	wiktionary_cat	-	-
oratva	oratva	ORATBA	wiktionary_cat	-	-
orba	orba	ORBA	wiktionary_cat	-	-
orbę	orbẽ	ORBE	wiktionary_cat	-	-
orbiti	orbiti	ORBITI	wiktionary_cat	-	-
orbьskъ	orbĭskŭ	ORBSK	wiktionary_cat	-	-
orbьstvo	orbĭstvo	ORBSTBO	wiktionary_cat	-	-
orbota	orbota	ORBOTA	wiktionary_cat	-	-
orbotati	orbotati	ORBOTATI	wiktionary_cat	-	-
orbotędzь	orbotẽdzĭ	ORBOTEDS	wiktionary_cat	-	-
orbotęga	orbotẽɡa	ORBOTEGA	wiktionary_cat	-	-
orbotęgъ	orbotẽɡŭ	ORBOTEG	wiktionary_cat	-	-
orbotьnikъ	orbotĭnikŭ	ORBOTNIK	wiktionary_cat	-	-
orbъ	orbŭ	ORB	wiktionary_cat	-	-
orbyni	orbɨni	ORBINI	wiktionary_cat	-	-
ordlo	ordlo	ORDLO	wiktionary_cat	-	-
orěxъ	oræːxŭ	ORAK	wiktionary_cat	-	-
oriti	oriti	ORITI	wiktionary_cat	-	-
orьlъ	orĭlŭ	ORL	wiktionary_cat	-	-
orkyta	orkɨta	ORKITA	wiktionary_cat	-	-
orlьja	orlĭja	ORLYA	wiktionary_cat	-	-
ormę	ormẽ	ORME	wiktionary_cat	-	-
ormo	ormo	ORMO	wiktionary_cat	-	-
orǫdьje	orõdĭje	ORODYE	wiktionary_cat	-	-
orǫga	orõɡa	OROGA	wiktionary_cat	-	-
orǫžьje	orõʒĭje	OROSYE	wiktionary_cat	-	-
orsti	orsti	ORSTI	wiktionary_cat	-	-
orstiti	orstiti	ORSTITI	wiktionary_cat	-	-
orstъ	orstŭ	ORST	wiktionary_cat	-	-
ortajь	ortajĭ	ORTAY	wiktionary_cat	-	-
ortь	ortĭ	ORT	wiktionary_cat	-	-
orvьnina	orvĭnina	ORBNINA	wiktionary_cat	-	-
orvьnъ	orvĭnŭ	ORBN	wiktionary_cat	-	-
orz-	orz-	ORS	wiktionary_cat	-	-
orzbojь	orzbojĭ	ORSBOY	wiktionary_cat	-	-
orzdorъ	orzdorŭ	ORSDOR	wiktionary_cat	-	-
orzьnъ	orzĭnŭ	ORSN	wiktionary_cat	-	-
orzkošь	orzkoʃĭ	ORSKOS	wiktionary_cat	-	-
orzkrǫtiti	orzkrõtiti	ORSKROTITI	wiktionary_cat	-	-
orzličьnъ	orzlitʃĭnŭ	ORSLITSN	wiktionary_cat	-	-
orzměrъ	orzmæːrŭ	ORSMAR	wiktionary_cat	-	-
orzoriti	orzoriti	ORSORITI	wiktionary_cat	-	-
orzraziti	orzraziti	ORSRASITI	wiktionary_cat	-	-
orzsolъ	orzsolŭ	ORSSOL	wiktionary_cat	-	-
orzsvětъ	orzsvæːtŭ	ORSSBAT	wiktionary_cat	-	-
orztvorъ	orztvorŭ	ORSTBOR	wiktionary_cat	-	-
orzuditi	orzuditi	ORSUDITI	wiktionary_cat	-	-
orzuměti	orzumæːti	ORSUMATI	wiktionary_cat	-	-
orzuměvati	orzumæːvati	ORSUMABATI	wiktionary_cat	-	-
orzumъ	orzumŭ	ORSUM	wiktionary_cat	-	-
orzuti	orzuti	ORSUTI	wiktionary_cat	-	-
orzъ	orzŭ	ORS	wiktionary_cat	-	-
orz(ъ)zěva	orz(ŭ)zæːva	ORSSABA	wiktionary_cat	-	-
orz(ъ)zěvati	orz(ŭ)zæːvati	ORSSABATI	wiktionary_cat	-	-
orz(ъ)zěviti	orz(ŭ)zæːviti	ORSSABITI	wiktionary_cat	-	-
orz(ъ)zinǫti	orz(ŭ)zinõti	ORSSINOTI	wiktionary_cat	-	-
oržьnъ	orʒĭnŭ	ORSN	wiktionary_cat	-	-
osa	osa	OSA	wiktionary_cat	-	-
osь	osĭ	OS	wiktionary_cat	-	-
os(ь)la	os(ĭ)la	OSLA	wiktionary_cat	-	-
osьlъ	osĭlŭ	OSL	wiktionary_cat	-	-
oskъrdъ	oskŭrdŭ	OSKRD	wiktionary_cat	-	-
osmь	osmĭ	OSM	wiktionary_cat	-	-
osmь sъtъ	osmĭ sŭtŭ	OSMST	wiktionary_cat	-	-
osmъ	osmŭ	OSM	wiktionary_cat	-	-
osnova	osnova	OSNOBA	wiktionary_cat	-	-
osoba	osoba	OSOBA	wiktionary_cat	-	-
osojь	osojĭ	OSOY	wiktionary_cat	-	-
-ostь	-ostĭ	OST	wiktionary_cat	-	-
ostь	ostĭ	OST	wiktionary_cat	-	-
ostьnъ	ostĭnŭ	OSTN	wiktionary_cat	-	-
ostrьje	ostrĭje	OSTRYE	wiktionary_cat	-	-
ostroga	ostroɡa	OSTROGA	wiktionary_cat	-	-
ostrъ	ostrŭ	OSTR	wiktionary_cat	-	-
osъpa	osŭpa	OSPA	wiktionary_cat	-	-
osъtъ	osŭtŭ	OST	wiktionary_cat	-	-
osvětьlъ	osvæːtĭlŭ	OSBATL	wiktionary_cat	-	-
oščepъ	oʃtʃepŭ	OSTSEP	wiktionary_cat	-	-
-ošь	-oʃĭ	OS	wiktionary_cat	-	-
-ota	-ota	OTA	wiktionary_cat	-	-
otava	otava	OTABA	wiktionary_cat	-	-
otęgъčati	otẽɡŭtʃati	OTEGTSATI	wiktionary_cat	-	-
otęgъčiti	otẽɡŭtʃiti	OTEGTSITI	wiktionary_cat	-	-
-otь	-otĭ	OT	wiktionary_cat	-	-
otьcь	otĭtsĭ	OTTS	wiktionary_cat	-	-
otьčimъ	otĭtʃimŭ	OTTSIM	wiktionary_cat	-	-
otьčina	otĭtʃina	OTTSINA	wiktionary_cat	-	-
otьčь	otĭtʃĭ	OTTS	wiktionary_cat	-	-
-otьja	-otĭja	OTYA	wiktionary_cat	-	-
otrokъ	otrokŭ	OTROK	wiktionary_cat	-	-
otrǫba	otrõba	OTROBA	wiktionary_cat	-	-
-otъ	-otŭ	OT	wiktionary_cat	-	-
otъ	otŭ	OT	wiktionary_cat	-	-
otъbiti	otŭbiti	OTBITI	wiktionary_cat	-	-
otъbojь	otŭbojĭ	OTBOY	wiktionary_cat	-	-
otъbojьnъ	otŭbojĭnŭ	OTBOYN	wiktionary_cat	-	-
otъborъ	otŭborŭ	OTBOR	wiktionary_cat	-	-
otъlěkъ	otŭlæːkŭ	OTLAK	wiktionary_cat	-	-
otъličьnъ	otŭlitʃĭnŭ	OTLITSN	wiktionary_cat	-	-
otъpočivati	otŭpotʃivati	OTPOTSIBATI	wiktionary_cat	-	-
otъporъ	otŭporŭ	OTPOR	wiktionary_cat	-	-
otъraziti	otŭraziti	OTRASITI	wiktionary_cat	-	-
otъskakati	otŭskakati	OTSKAKATI	wiktionary_cat	-	-
otъverti	otŭverti	OTBERTI	wiktionary_cat	-	-
otъverzti	otŭverzti	OTBERSTI	wiktionary_cat	-	-
otъvětъ	otŭvæːtŭ	OTBAT	wiktionary_cat	-	-
otъvěťati	otŭvæːtʲati	OTBATATI	wiktionary_cat	-	-
otъvoriti	otŭvoriti	OTBORITI	wiktionary_cat	-	-
otъvorъ	otŭvorŭ	OTBOR	wiktionary_cat	-	-
oťьtnǫti	otʲĭtnõti	OTTNOTI	wiktionary_cat	-	-
oťutiti	otʲutiti	OTUTITI	wiktionary_cat	-	-
ova	ova	OBA	wiktionary_cat	-	-
ovadъ	ovadŭ	OBAD	wiktionary_cat	-	-
ovako	ovako	OBAKO	wiktionary_cat	-	-
ovamo	ovamo	OBAMO	wiktionary_cat	-	-
-ovati	-ovati	OBATI	wiktionary_cat	-	-
-oviťь	-ovitʲĭ	OBIT	wiktionary_cat	-	-
ovь	ovĭ	OB	wiktionary_cat	-	-
ovьca	ovĭtsa	OBTSA	wiktionary_cat	-	-
ovьnъ	ovĭnŭ	OBN	wiktionary_cat	-	-
ovьsiga	ovĭsiɡa	OBSIGA	wiktionary_cat	-	-
ovьsъ	ovĭsŭ	OBS	wiktionary_cat	-	-
ovo	ovo	OBO	wiktionary_cat	-	-
ovoliko	ovoliko	OBOLIKO	wiktionary_cat	-	-
ovoťe	ovotʲe	OBOTE	wiktionary_cat	-	-
-ovъ	-ovŭ	OB	wiktionary_cat	-	-
ovъ	ovŭ	OB	wiktionary_cat	-	-
ovъde	ovŭde	OBDE	wiktionary_cat	-	-
oxota	oxota	OKOTA	wiktionary_cat	-	-
oxъ	oxŭ	OK	wiktionary_cat	-	-
ǫbьlъ	õbĭlŭ	OBL	wiktionary_cat	-	-
ǫda	õda	ODA	wiktionary_cat	-	-
ǫdica	õditsa	ODITSA	wiktionary_cat	-	-
ǫditi	õditi	ODITI	wiktionary_cat	-	-
ǫdolь	õdolĭ	ODOL	wiktionary_cat	-	-
ǫdolьje	õdolĭje	ODOLYE	wiktionary_cat	-	-
ǫdъka	õdŭka	ODKA	wiktionary_cat	-	-
ǫgľь	õɡlʲĭ	OGL	wiktionary_cat	-	-
ǫgořь	õɡor̝ĭ	OGOR	wiktionary_cat	-	-
ǫgrъ	õɡrŭ	OGR	wiktionary_cat	-	-
ǫgъlъ	õɡŭlŭ	OGL	wiktionary_cat	-	-
ǫgъrinъ	õɡŭrinŭ	OGRIN	wiktionary_cat	-	-
ǫkotь	õkotĭ	OKOT	wiktionary_cat	-	-
ǫpyrь	õpɨrĭ	OPIR	wiktionary_cat	-	-
ǫrodivъ	õrodivŭ	ORODIB	wiktionary_cat	-	-
ǫrodъ	õrodŭ	OROD	wiktionary_cat	-	-
ǫsatъ	õsatŭ	OSAT	wiktionary_cat	-	-
ǫsěnica	õsæːnitsa	OSANITSA	wiktionary_cat	-	-
ǫsъ	õsŭ	OS	wiktionary_cat	-	-
ǫtę	õtẽ	OTE	wiktionary_cat	-	-
ǫtęťь	õtẽtʲĭ	OTET	wiktionary_cat	-	-
ǫtica	õtitsa	OTITSA	wiktionary_cat	-	-
ǫtinъ	õtinŭ	OTIN	wiktionary_cat	-	-
ǫtь	õtĭ	OT	wiktionary_cat	-	-
ǫtьlъ	õtĭlŭ	OTL	wiktionary_cat	-	-
ǫtorъ	õtorŭ	OTOR	wiktionary_cat	-	-
ǫtrь	õtrĭ	OTR	wiktionary_cat	-	-
ǫtro	õtro	OTRO	wiktionary_cat	-	-
ǫtroba	õtroba	OTROBA	wiktionary_cat	-	-
ǫtъka	õtŭka	OTKA	wiktionary_cat	-	-
ǫtъkъ	õtŭkŭ	OTK	wiktionary_cat	-	-
ǫty	õtɨ	OTI	wiktionary_cat	-	-
-ǫťь	-õtʲĭ	OT	wiktionary_cat	-	-
ǫvozъ	õvozŭ	OBOS	wiktionary_cat	-	-
ǫxati	õxati	OKATI	wiktionary_cat	-	-
ǫziti	õziti	OSITI	wiktionary_cat	-	-
ǫzlъ	õzlŭ	OSL	wiktionary_cat	-	-
ǫzъ	õzŭ	OS	wiktionary_cat	-	-
ǫzъkъ	õzŭkŭ	OSK	wiktionary_cat	-	-
ǫže	õʒe	OSE	wiktionary_cat	-	-
ǫžь	õʒĭ	OS	wiktionary_cat	-	-
pa-	pa-	PA	wiktionary_cat	-	-
pacę	patsẽ	PATSE	wiktionary_cat	-	-
padati	padati	PADATI	wiktionary_cat	-	-
padežь	padeʒĭ	PADES	wiktionary_cat	-	-
padorga	padorɡa	PADORGA	wiktionary_cat	-	-
padъ	padŭ	PAD	wiktionary_cat	-	-
paďati	padʲati	PADATI	wiktionary_cat	-	-
paguba	paɡuba	PAGUBA	wiktionary_cat	-	-
pakostь	pakostĭ	PAKOST	wiktionary_cat	-	-
pakъ	pakŭ	PAK	wiktionary_cat	-	-
paležь	paleʒĭ	PALES	wiktionary_cat	-	-
palica	palitsa	PALITSA	wiktionary_cat	-	-
paliti	paliti	PALITI	wiktionary_cat	-	-
palьcь	palĭtsĭ	PALTS	wiktionary_cat	-	-
palъka	palŭka	PALKA	wiktionary_cat	-	-
pamętati	pamẽtati	PAMETATI	wiktionary_cat	-	-
pamętь	pamẽtĭ	PAMET	wiktionary_cat	-	-
pamętьnъ	pamẽtĭnŭ	PAMETN	wiktionary_cat	-	-
paorbьňь	paorbĭnʲĭ	PAORBN	wiktionary_cat	-	-
paorbъ	paorbŭ	PAORB	wiktionary_cat	-	-
paorbъkъ	paorbŭkŭ	PAORBK	wiktionary_cat	-	-
paǫčina	paõtʃina	PAOTSINA	wiktionary_cat	-	-
paǫkъ	paõkŭ	PAOK	wiktionary_cat	-	-
paǫzъ	paõzŭ	PAOS	wiktionary_cat	-	-
paportь	paportĭ	PAPORT	wiktionary_cat	-	-
para	para	PARA	wiktionary_cat	-	-
pariti	pariti	PARITI	wiktionary_cat	-	-
pasěka	pasæːka	PASAKA	wiktionary_cat	-	-
pasěkъ	pasæːkŭ	PASAK	wiktionary_cat	-	-
pasmo	pasmo	PASMO	wiktionary_cat	-	-
pasti	pasti	PASTI	wiktionary_cat	-	-
pastь	pastĭ	PAST	wiktionary_cat	-	-
pastuřь	pastur̝ĭ	PASTUR	wiktionary_cat	-	-
pastuxъ	pastuxŭ	PASTUK	wiktionary_cat	-	-
pastyřь	pastɨr̝ĭ	PASTIR	wiktionary_cat	-	-
pasynъkъ	pasɨnŭkŭ	PASINK	wiktionary_cat	-	-
patračь	patratʃĭ	PATRATS	wiktionary_cat	-	-
patrati	patrati	PATRATI	wiktionary_cat	-	-
patriti	patriti	PATRITI	wiktionary_cat	-	-
pavorzъ	pavorzŭ	PABORS	wiktionary_cat	-	-
paxati	paxati	PAKATI	wiktionary_cat	-	-
paxnǫti	paxnõti	PAKNOTI	wiktionary_cat	-	-
pazduxa	pazduxa	PASDUKA	wiktionary_cat	-	-
paziti	paziti	PASITI	wiktionary_cat	-	-
pazurъ	pazurŭ	PASUR	wiktionary_cat	-	-
pazъ	pazŭ	PAS	wiktionary_cat	-	-
peča	petʃa	PETSA	wiktionary_cat	-	-
pečalь	petʃalĭ	PETSAL	wiktionary_cat	-	-
pečara	petʃara	PETSARA	wiktionary_cat	-	-
pečatь	petʃatĭ	PETSAT	wiktionary_cat	-	-
pečenь	petʃenĭ	PETSEN	wiktionary_cat	-	-
pečenьka	petʃenĭka	PETSENKA	wiktionary_cat	-	-
pečěra	petʃæːra	PETSARA	wiktionary_cat	-	-
pečivo	petʃivo	PETSIBO	wiktionary_cat	-	-
pečura	petʃura	PETSURA	wiktionary_cat	-	-
pelena	pelena	PELENA	wiktionary_cat	-	-
pelnъ	pelnŭ	PELN	wiktionary_cat	-	-
pelsti	pelsti	PELSTI	wiktionary_cat	-	-
pelti	pelti	PELTI	wiktionary_cat	-	-
pelunъ	pelunŭ	PELUN	wiktionary_cat	-	-
pelva	pelva	PELBA	wiktionary_cat	-	-
pelvelъ	pelvelŭ	PELBEL	wiktionary_cat	-	-
pelynь	pelɨnĭ	PELIN	wiktionary_cat	-	-
pelynъ	pelɨnŭ	PELIN	wiktionary_cat	-	-
peľati	pelʲati	PELATI	wiktionary_cat	-	-
pepelъ	pepelŭ	PEPEL	wiktionary_cat	-	-
per	per	PER	wiktionary_cat	-	-
per-	per-	PER	wiktionary_cat	-	-
perbyti	perbɨti	PERBITI	wiktionary_cat	-	-
perčiti	pertʃiti	PERTSITI	wiktionary_cat	-	-
perdati	perdati	PERDATI	wiktionary_cat	-	-
perdьnъ	perdĭnŭ	PERDN	wiktionary_cat	-	-
perdъ	perdŭ	PERD	wiktionary_cat	-	-
perdъkъ	perdŭkŭ	PERDK	wiktionary_cat	-	-
perina	perina	PERINA	wiktionary_cat	-	-
perkъ	perkŭ	PERK	wiktionary_cat	-	-
perlьstь	perlĭstĭ	PERLST	wiktionary_cat	-	-
pero	pero	PERO	wiktionary_cat	-	-
perpelъ	perpelŭ	PERPEL	wiktionary_cat	-	-
perpona	perpona	PERPONA	wiktionary_cat	-	-
persky	perskɨ	PERSKI	wiktionary_cat	-	-
perstati	perstati	PERSTATI	wiktionary_cat	-	-
perstolъ	perstolŭ	PERSTOL	wiktionary_cat	-	-
perti	perti	PERTI	wiktionary_cat	-	-
pertiti	pertiti	PERTITI	wiktionary_cat	-	-
Perunъ	Perunŭ	0ERUN	wiktionary_cat	-	-
perunъ	perunŭ	PERUN	wiktionary_cat	-	-
perъka	perŭka	PERKA	wiktionary_cat	-	-
pervezti	pervezti	PERBESTI	wiktionary_cat	-	-
pervortiti	pervortiti	PERBORTITI	wiktionary_cat	-	-
perzъ	perzŭ	PERS	wiktionary_cat	-	-
perživati	perʒivati	PERSIBATI	wiktionary_cat	-	-
petьlъ	petĭlŭ	PETL	wiktionary_cat	-	-
petьľa	petĭlʲa	PETLA	wiktionary_cat	-	-
peťera	petʲera	PETERA	wiktionary_cat	-	-
peťi	petʲi	PETI	wiktionary_cat	-	-
peťь	petʲĭ	PET	wiktionary_cat	-	-
pěga	pæːɡa	PAGA	wiktionary_cat	-	-
pěknъ	pæːknŭ	PAKN	wiktionary_cat	-	-
pěna	pæːna	PANA	wiktionary_cat	-	-
pěnędzь	pæːnẽdzĭ	PANEDS	wiktionary_cat	-	-
pěsnь	pæːsnĭ	PASN	wiktionary_cat	-	-
pěstovati	pæːstovati	PASTOBATI	wiktionary_cat	-	-
pěstъ	pæːstŭ	PAST	wiktionary_cat	-	-
pěsъčьnъ	pæːsŭtʃĭnŭ	PASTSN	wiktionary_cat	-	-
pěsъkъ	pæːsŭkŭ	PASK	wiktionary_cat	-	-
pěšь	pæːʃĭ	PAS	wiktionary_cat	-	-
pěšьka	pæːʃĭka	PASKA	wiktionary_cat	-	-
pěti	pæːti	PATI	wiktionary_cat	-	-
pětьlъ	pæːtĭlŭ	PATL	wiktionary_cat	-	-
pěvati	pæːvati	PABATI	wiktionary_cat	-	-
pěvьcь	pæːvĭtsĭ	PABTS	wiktionary_cat	-	-
pěxota	pæːxota	PAKOTA	wiktionary_cat	-	-
pędь	pẽdĭ	PED	wiktionary_cat	-	-
pędlo	pẽdlo	PEDLO	wiktionary_cat	-	-
pęstь	pẽstĭ	PEST	wiktionary_cat	-	-
pęta	pẽta	PETA	wiktionary_cat	-	-
pęti	pẽti	PETI	wiktionary_cat	-	-
pętь	pẽtĭ	PET	wiktionary_cat	-	-
pętьno	pẽtĭno	PETNO	wiktionary_cat	-	-
pętъ	pẽtŭ	PET	wiktionary_cat	-	-
pętъkъ	pẽtŭkŭ	PETK	wiktionary_cat	-	-
pikati	pikati	PIKATI	wiktionary_cat	-	-
pila	pila	PILA	wiktionary_cat	-	-
pilę	pilẽ	PILE	wiktionary_cat	-	-
piliti	piliti	PILITI	wiktionary_cat	-	-
pilьnъ	pilĭnŭ	PILN	wiktionary_cat	-	-
piľukъ	pilʲukŭ	PILUK	wiktionary_cat	-	-
pirogъ	piroɡŭ	PIROG	wiktionary_cat	-	-
pirъ	pirŭ	PIR	wiktionary_cat	-	-
pisьmo	pisĭmo	PISMO	wiktionary_cat	-	-
piskati	piskati	PISKATI	wiktionary_cat	-	-
piskořь	piskor̝ĭ	PISKOR	wiktionary_cat	-	-
piskъ	piskŭ	PISK	wiktionary_cat	-	-
piščalь	piʃtʃalĭ	PISTSAL	wiktionary_cat	-	-
piščati	piʃtʃati	PISTSATI	wiktionary_cat	-	-
pitati	pitati	PITATI	wiktionary_cat	-	-
piti	piti	PITI	wiktionary_cat	-	-
pitь	pitĭ	PIT	wiktionary_cat	-	-
pitьje	pitĭje	PITYE	wiktionary_cat	-	-
pitьnъ	pitĭnŭ	PITN	wiktionary_cat	-	-
piťa	pitʲa	PITA	wiktionary_cat	-	-
pivьnica	pivĭnitsa	PIBNITSA	wiktionary_cat	-	-
pivo	pivo	PIBO	wiktionary_cat	-	-
pizda	pizda	PISDA	wiktionary_cat	-	-
pьjanъ	pĭjanŭ	PYAN	wiktionary_cat	-	-
pьjavъka	pĭjavŭka	PYABKA	wiktionary_cat	-	-
pьkъ	pĭkŭ	PK	wiktionary_cat	-	-
pьkъlo	pĭkŭlo	PKLO	wiktionary_cat	-	-
pьkъlъ	pĭkŭlŭ	PKL	wiktionary_cat	-	-
pьlniti	pĭlniti	PLNITI	wiktionary_cat	-	-
pьlnъ	pĭlnŭ	PLN	wiktionary_cat	-	-
pьlstь	pĭlstĭ	PLST	wiktionary_cat	-	-
pьlxъ	pĭlxŭ	PLK	wiktionary_cat	-	-
pьlzati	pĭlzati	PLSATI	wiktionary_cat	-	-
pьlžь	pĭlʒĭ	PLS	wiktionary_cat	-	-
pьňь	pĭnʲĭ	PN	wiktionary_cat	-	-
pьpьrěnikъ	pĭpĭræːnikŭ	PPRANIK	wiktionary_cat	-	-
pьpьrěnъ	pĭpĭræːnŭ	PPRAN	wiktionary_cat	-	-
pьpьrь	pĭpĭrĭ	PPR	wiktionary_cat	-	-
pьrati	pĭrati	PRATI	wiktionary_cat	-	-
pьrdežь	pĭrdeʒĭ	PRDES	wiktionary_cat	-	-
pьrděti	pĭrdæːti	PRDATI	wiktionary_cat	-	-
pьrdnǫti	pĭrdnõti	PRDNOTI	wiktionary_cat	-	-
pьrěnьje	pĭræːnĭje	PRANYE	wiktionary_cat	-	-
pьrěti	pĭræːti	PRATI	wiktionary_cat	-	-
pьrga	pĭrɡa	PRGA	wiktionary_cat	-	-
pьrsь	pĭrsĭ	PRS	wiktionary_cat	-	-
pьrstь	pĭrstĭ	PRST	wiktionary_cat	-	-
pьrstъ	pĭrstŭ	PRST	wiktionary_cat	-	-
pьrsty	pĭrstɨ	PRSTI	wiktionary_cat	-	-
pьrtь	pĭrtĭ	PRT	wiktionary_cat	-	-
pьrvъ	pĭrvŭ	PRB	wiktionary_cat	-	-
pьrxotь	pĭrxotĭ	PRKOT	wiktionary_cat	-	-
pьrxъ	pĭrxŭ	PRK	wiktionary_cat	-	-
pьržiti	pĭrʒiti	PRSITI	wiktionary_cat	-	-
pьsanьje	pĭsanĭje	PSANYE	wiktionary_cat	-	-
pьsati	pĭsati	PSATI	wiktionary_cat	-	-
pьsę	pĭsẽ	PSE	wiktionary_cat	-	-
pьsina	pĭsina	PSINA	wiktionary_cat	-	-
pьsь	pĭsĭ	PS	wiktionary_cat	-	-
pьsьcь	pĭsĭtsĭ	PSTS	wiktionary_cat	-	-
pьsovati	pĭsovati	PSOBATI	wiktionary_cat	-	-
pьstrъ	pĭstrŭ	PSTR	wiktionary_cat	-	-
pьsъ	pĭsŭ	PS	wiktionary_cat	-	-
pьšenica	pĭʃenitsa	PSENITSA	wiktionary_cat	-	-
pьšeno	pĭʃeno	PSENO	wiktionary_cat	-	-
pьxati	pĭxati	PKATI	wiktionary_cat	-	-
pьzděti	pĭzdæːti	PSDATI	wiktionary_cat	-	-
plačь	platʃĭ	PLATS	wiktionary_cat	-	-
plakati	plakati	PLAKATI	wiktionary_cat	-	-
plastъ	plastŭ	PLAST	wiktionary_cat	-	-
plaščь	plaʃtʃĭ	PLASTS	wiktionary_cat	-	-
platežь	plateʒĭ	PLATES	wiktionary_cat	-	-
platiti	platiti	PLATITI	wiktionary_cat	-	-
platьje	platĭje	PLATYE	wiktionary_cat	-	-
platъ	platŭ	PLAT	wiktionary_cat	-	-
plavati	plavati	PLABATI	wiktionary_cat	-	-
plaviti	plaviti	PLABITI	wiktionary_cat	-	-
plaxъta	plaxŭta	PLAKTA	wiktionary_cat	-	-
plemę	plemẽ	PLEME	wiktionary_cat	-	-
pleskati	pleskati	PLESKATI	wiktionary_cat	-	-
pleskъ	pleskŭ	PLESK	wiktionary_cat	-	-
plesno	plesno	PLESNO	wiktionary_cat	-	-
plesti	plesti	PLESTI	wiktionary_cat	-	-
pleťe	pletʲe	PLETE	wiktionary_cat	-	-
plěna	plæːna	PLANA	wiktionary_cat	-	-
plěskъ	plæːskŭ	PLASK	wiktionary_cat	-	-
plěsnь	plæːsnĭ	PLASN	wiktionary_cat	-	-
plěšivъ	plæːʃivŭ	PLASIB	wiktionary_cat	-	-
plěšь	plæːʃĭ	PLAS	wiktionary_cat	-	-
plěva	plæːva	PLABA	wiktionary_cat	-	-
plęsati	plẽsati	PLESATI	wiktionary_cat	-	-
pliska	pliska	PLISKA	wiktionary_cat	-	-
plьsky	plĭskɨ	PLSKI	wiktionary_cat	-	-
ploča	plotʃa	PLOTSA	wiktionary_cat	-	-
plodъ	plodŭ	PLOD	wiktionary_cat	-	-
ploskъ	ploskŭ	PLOSK	wiktionary_cat	-	-
plotъ	plotŭ	PLOT	wiktionary_cat	-	-
plǫtati	plõtati	PLOTATI	wiktionary_cat	-	-
plugъ	pluɡŭ	PLUG	wiktionary_cat	-	-
pluščiti	pluʃtʃiti	PLUSTSITI	wiktionary_cat	-	-
pluti	pluti	PLUTI	wiktionary_cat	-	-
pluto	pluto	PLUTO	wiktionary_cat	-	-
pluťe	plutʲe	PLUTE	wiktionary_cat	-	-
plužiti	pluʒiti	PLUSITI	wiktionary_cat	-	-
plъtь	plŭtĭ	PLT	wiktionary_cat	-	-
plъtьnъ	plŭtĭnŭ	PLTN	wiktionary_cat	-	-
plъtъ	plŭtŭ	PLT	wiktionary_cat	-	-
plynǫti	plɨnõti	PLINOTI	wiktionary_cat	-	-
plyti	plɨti	PLITI	wiktionary_cat	-	-
plytъkъ	plɨtŭkŭ	PLITK	wiktionary_cat	-	-
pľьnǫti	plʲĭnõti	PLNOTI	wiktionary_cat	-	-
pľьvati	plʲĭvati	PLBATI	wiktionary_cat	-	-
pľugavъ	plʲuɡavŭ	PLUGAB	wiktionary_cat	-	-
pľuťe	plʲutʲe	PLUTE	wiktionary_cat	-	-
po	po	PO	wiktionary_cat	-	-
po-	po-	PO	wiktionary_cat	-	-
poběda	pobæːda	POBADA	wiktionary_cat	-	-
pobratimъ	pobratimŭ	POBRATIM	wiktionary_cat	-	-
počęti	potʃẽti	POTSETI	wiktionary_cat	-	-
počiti	potʃiti	POTSITI	wiktionary_cat	-	-
počivati	potʃivati	POTSIBATI	wiktionary_cat	-	-
podьlьcь	podĭlĭtsĭ	PODLTS	wiktionary_cat	-	-
podьlostь	podĭlostĭ	PODLOST	wiktionary_cat	-	-
podьlъ	podĭlŭ	PODL	wiktionary_cat	-	-
podobьnъ	podobĭnŭ	PODOBN	wiktionary_cat	-	-
podušьka	poduʃĭka	PODUSKA	wiktionary_cat	-	-
podъ	podŭ	POD	wiktionary_cat	-	-
podъbělъ	podŭbæːlŭ	PODBAL	wiktionary_cat	-	-
podъborъ	podŭborŭ	PODBOR	wiktionary_cat	-	-
podъkova	podŭkova	PODKOBA	wiktionary_cat	-	-
podъšьva	podŭʃĭva	PODSBA	wiktionary_cat	-	-
pogoda	poɡoda	POGODA	wiktionary_cat	-	-
pogrebъ	poɡrebŭ	POGREB	wiktionary_cat	-	-
pojasъ	pojasŭ	POYAS	wiktionary_cat	-	-
pojiti	pojiti	POYITI	wiktionary_cat	-	-
poklonъ	poklonŭ	POKLON	wiktionary_cat	-	-
pokojь	pokojĭ	POKOY	wiktionary_cat	-	-
pola	pola	POLA	wiktionary_cat	-	-
polěno	polæːno	POLANO	wiktionary_cat	-	-
polěsьje	polæːsĭje	POLASYE	wiktionary_cat	-	-
polica	politsa	POLITSA	wiktionary_cat	-	-
polьdza	polĭdza	POLDSA	wiktionary_cat	-	-
polkati	polkati	POLKATI	wiktionary_cat	-	-
polknǫti	polknõti	POLKNOTI	wiktionary_cat	-	-
polmy	polmɨ	POLMI	wiktionary_cat	-	-
polnina	polnina	POLNINA	wiktionary_cat	-	-
polnъ	polnŭ	POLN	wiktionary_cat	-	-
polsa	polsa	POLSA	wiktionary_cat	-	-
polskati	polskati	POLSKATI	wiktionary_cat	-	-
polšiti	polʃiti	POLSITI	wiktionary_cat	-	-
polti	polti	POLTI	wiktionary_cat	-	-
poltьnьce	poltĭnĭtse	POLTNTSE	wiktionary_cat	-	-
poltьno	poltĭno	POLTNO	wiktionary_cat	-	-
polъ	polŭ	POL	wiktionary_cat	-	-
polъdьne	polŭdĭne	POLDNE	wiktionary_cat	-	-
polъka	polŭka	POLKA	wiktionary_cat	-	-
polъnoťь	polŭnotʲĭ	POLNOT	wiktionary_cat	-	-
polvъ	polvŭ	POLB	wiktionary_cat	-	-
polxъ	polxŭ	POLK	wiktionary_cat	-	-
polzъ	polzŭ	POLS	wiktionary_cat	-	-
poľana	polʲana	POLANA	wiktionary_cat	-	-
poľaninъ	polʲaninŭ	POLANIN	wiktionary_cat	-	-
poľe	polʲe	POLE	wiktionary_cat	-	-
poľьskъ	polʲĭskŭ	POLSK	wiktionary_cat	-	-
pomьněti	pomĭnæːti	POMNATI	wiktionary_cat	-	-
pomьniti	pomĭniti	POMNITI	wiktionary_cat	-	-
pomorьje	pomorĭje	POMORYE	wiktionary_cat	-	-
pomoťь	pomotʲĭ	POMOT	wiktionary_cat	-	-
ponedělьnikъ	ponedæːlĭnikŭ	PONEDALNIK	wiktionary_cat	-	-
ponedělъkъ	ponedæːlŭkŭ	PONEDALK	wiktionary_cat	-	-
poneděľa	ponedæːlʲa	PONEDALA	wiktionary_cat	-	-
poňe	ponʲe	PONE	wiktionary_cat	-	-
poňevaže	ponʲevaʒe	PONEBASE	wiktionary_cat	-	-
poňeže	ponʲeʒe	PONESE	wiktionary_cat	-	-
popara	popara	POPARA	wiktionary_cat	-	-
pora	pora	PORA	wiktionary_cat	-	-
poraziti	poraziti	PORASITI	wiktionary_cat	-	-
porędъkъ	porẽdŭkŭ	POREDK	wiktionary_cat	-	-
porgъ	porɡŭ	PORG	wiktionary_cat	-	-
porkъ	porkŭ	PORK	wiktionary_cat	-	-
pormъ	pormŭ	PORM	wiktionary_cat	-	-
pormy	pormɨ	PORMI	wiktionary_cat	-	-
porokъ	porokŭ	POROK	wiktionary_cat	-	-
porporъ	porporŭ	PORPOR	wiktionary_cat	-	-
porsę	porsẽ	PORSE	wiktionary_cat	-	-
porsky	porskɨ	PORSKI	wiktionary_cat	-	-
poršiti	porʃiti	PORSITI	wiktionary_cat	-	-
porti	porti	PORTI	wiktionary_cat	-	-
portiti	portiti	PORTITI	wiktionary_cat	-	-
porťa	portʲa	PORTA	wiktionary_cat	-	-
porxъ	porxŭ	PORK	wiktionary_cat	-	-
porxъno	porxŭno	PORKNO	wiktionary_cat	-	-
porzdьňь	porzdĭnʲĭ	PORSDN	wiktionary_cat	-	-
porzdьnъ	porzdĭnŭ	PORSDN	wiktionary_cat	-	-
porzdъ	porzdŭ	PORSD	wiktionary_cat	-	-
porzъ	porzŭ	PORS	wiktionary_cat	-	-
posagъ	posaɡŭ	POSAG	wiktionary_cat	-	-
posětiti	posæːtiti	POSATITI	wiktionary_cat	-	-
poskonь	poskonĭ	POSKON	wiktionary_cat	-	-
poslědьnъ	poslæːdĭnŭ	POSLADN	wiktionary_cat	-	-
posoka	posoka	POSOKA	wiktionary_cat	-	-
posoxъ	posoxŭ	POSOK	wiktionary_cat	-	-
posǫda	posõda	POSODA	wiktionary_cat	-	-
posteľь	postelʲĭ	POSTEL	wiktionary_cat	-	-
postignǫti	postiɡnõti	POSTIGNOTI	wiktionary_cat	-	-
postъ	postŭ	POST	wiktionary_cat	-	-
posъlati	posŭlati	POSLATI	wiktionary_cat	-	-
posъlъ	posŭlŭ	POSL	wiktionary_cat	-	-
posylati	posɨlati	POSILATI	wiktionary_cat	-	-
potęti	potẽti	POTETI	wiktionary_cat	-	-
potьběga	potĭbæːɡa	POTBAGA	wiktionary_cat	-	-
potokъ	potokŭ	POTOK	wiktionary_cat	-	-
potomьstvo	potomĭstvo	POTOMSTBO	wiktionary_cat	-	-
potomъkъ	potomŭkŭ	POTOMK	wiktionary_cat	-	-
potopъ	potopŭ	POTOP	wiktionary_cat	-	-
potǫga	potõɡa	POTOGA	wiktionary_cat	-	-
potъ	potŭ	POT	wiktionary_cat	-	-
povědati	povæːdati	POBADATI	wiktionary_cat	-	-
pověděti	povæːdæːti	POBADATI	wiktionary_cat	-	-
pověsьmo	povæːsĭmo	POBASMO	wiktionary_cat	-	-
pověstь	povæːstĭ	POBAST	wiktionary_cat	-	-
povinǫti	povinõti	POBINOTI	wiktionary_cat	-	-
povorzъ	povorzŭ	POBORS	wiktionary_cat	-	-
poxota	poxota	POKOTA	wiktionary_cat	-	-
poxotь	poxotĭ	POKOT	wiktionary_cat	-	-
poxotьlivъ	poxotĭlivŭ	POKOTLIB	wiktionary_cat	-	-
pozdьnъ	pozdĭnŭ	POSDN	wiktionary_cat	-	-
poznati	poznati	POSNATI	wiktionary_cat	-	-
pozorъ	pozorŭ	POSOR	wiktionary_cat	-	-
požarъ	poʒarŭ	POSAR	wiktionary_cat	-	-
požitъčiti	poʒitŭtʃiti	POSITTSITI	wiktionary_cat	-	-
pǫčina	põtʃina	POTSINA	wiktionary_cat	-	-
pǫčiti	põtʃiti	POTSITI	wiktionary_cat	-	-
pǫditi	põditi	PODITI	wiktionary_cat	-	-
pǫgy	põɡɨ	POGI	wiktionary_cat	-	-
pǫkati	põkati	POKATI	wiktionary_cat	-	-
pǫknǫti	põknõti	POKNOTI	wiktionary_cat	-	-
pǫkъ	põkŭ	POK	wiktionary_cat	-	-
pǫpъ	põpŭ	POP	wiktionary_cat	-	-
pǫtati	põtati	POTATI	wiktionary_cat	-	-
pǫtь	põtĭ	POT	wiktionary_cat	-	-
pǫtьnikъ	põtĭnikŭ	POTNIK	wiktionary_cat	-	-
pǫto	põto	POTO	wiktionary_cat	-	-
pǫťi	põtʲi	POTI	wiktionary_cat	-	-
pǫxyrь	põxɨrĭ	POKIR	wiktionary_cat	-	-
pra-	pra-	PRA	wiktionary_cat	-	-
prababa	prababa	PRABABA	wiktionary_cat	-	-
pragnǫti	praɡnõti	PRAGNOTI	wiktionary_cat	-	-
praščurъ	praʃtʃurŭ	PRASTSUR	wiktionary_cat	-	-
pravidlьnъ	pravidlĭnŭ	PRABIDLN	wiktionary_cat	-	-
pravidlo	pravidlo	PRABIDLO	wiktionary_cat	-	-
praviti	praviti	PRABITI	wiktionary_cat	-	-
pravьda	pravĭda	PRABDA	wiktionary_cat	-	-
pravьdivъ	pravĭdivŭ	PRABDIB	wiktionary_cat	-	-
pravьdьnъ	pravĭdĭnŭ	PRABDN	wiktionary_cat	-	-
pravo	pravo	PRABO	wiktionary_cat	-	-
pravъ	pravŭ	PRAB	wiktionary_cat	-	-
pražiti	praʒiti	PRASITI	wiktionary_cat	-	-
prěmъ	præːmŭ	PRAM	wiktionary_cat	-	-
prěsnъ	præːsnŭ	PRASN	wiktionary_cat	-	-
prędati	prẽdati	PREDATI	wiktionary_cat	-	-
prędivo	prẽdivo	PREDIBO	wiktionary_cat	-	-
prędnǫti	prẽdnõti	PREDNOTI	wiktionary_cat	-	-
pręďa	prẽdʲa	PREDA	wiktionary_cat	-	-
pręslo	prẽslo	PRESLO	wiktionary_cat	-	-
pręsti	prẽsti	PRESTI	wiktionary_cat	-	-
prętati	prẽtati	PRETATI	wiktionary_cat	-	-
pręťi	prẽtʲi	PRETI	wiktionary_cat	-	-
pri	pri	PRI	wiktionary_cat	-	-
priborъ	priborŭ	PRIBOR	wiktionary_cat	-	-
pričina	pritʃina	PRITSINA	wiktionary_cat	-	-
pridъ	pridŭ	PRID	wiktionary_cat	-	-
prijateľь	prijatelʲĭ	PRIYATEL	wiktionary_cat	-	-
prijati	prijati	PRIYATI	wiktionary_cat	-	-
prijaznь	prijaznĭ	PRIYASN	wiktionary_cat	-	-
prijěždžati	prijæːʒdʒati	PRIYASDSATI	wiktionary_cat	-	-
prijьti	prijĭti	PRIYTI	wiktionary_cat	-	-
prijǫtъ	prijõtŭ	PRIYOT	wiktionary_cat	-	-
prikrъ	prikrŭ	PRIKR	wiktionary_cat	-	-
priličьnъ	prilitʃĭnŭ	PRILITSN	wiktionary_cat	-	-
priroda	priroda	PRIRODA	wiktionary_cat	-	-
prisęga	prisẽɡa	PRISEGA	wiktionary_cat	-	-
pris(ь)nъ	pris(ĭ)nŭ	PRISN	wiktionary_cat	-	-
pritъča	pritŭtʃa	PRITTSA	wiktionary_cat	-	-
privětъ	privæːtŭ	PRIBAT	wiktionary_cat	-	-
pro	pro	PRO	wiktionary_cat	-	-
pro-	pro-	PRO	wiktionary_cat	-	-
prokaza	prokaza	PROKASA	wiktionary_cat	-	-
prokuda	prokuda	PROKUDA	wiktionary_cat	-	-
prokъ	prokŭ	PROK	wiktionary_cat	-	-
prokъnъ	prokŭnŭ	PROKN	wiktionary_cat	-	-
pronьziti	pronĭziti	PRONSITI	wiktionary_cat	-	-
propastь	propastĭ	PROPAST	wiktionary_cat	-	-
propovědь	propovæːdĭ	PROPOBAD	wiktionary_cat	-	-
prorokъ	prorokŭ	PROROK	wiktionary_cat	-	-
prosěka	prosæːka	PROSAKA	wiktionary_cat	-	-
prosěkъ	prosæːkŭ	PROSAK	wiktionary_cat	-	-
prosinьcь	prosinĭtsĭ	PROSINTS	wiktionary_cat	-	-
prositi	prositi	PROSITI	wiktionary_cat	-	-
proso	proso	PROSO	wiktionary_cat	-	-
prosterti	prosterti	PROSTERTI	wiktionary_cat	-	-
prostiti	prostiti	PROSTITI	wiktionary_cat	-	-
prostorьnъ	prostorĭnŭ	PROSTORN	wiktionary_cat	-	-
prostorъ	prostorŭ	PROSTOR	wiktionary_cat	-	-
prostъ	prostŭ	PROST	wiktionary_cat	-	-
protivьnikъ	protivĭnikŭ	PROTIBNIK	wiktionary_cat	-	-
protivьnъ	protivĭnŭ	PROTIBN	wiktionary_cat	-	-
protivъ	protivŭ	PROTIB	wiktionary_cat	-	-
providěti	providæːti	PROBIDATI	wiktionary_cat	-	-
proxolda	proxolda	PROKOLDA	wiktionary_cat	-	-
proxolditi	proxolditi	PROKOLDITI	wiktionary_cat	-	-
prǫdъ	prõdŭ	PROD	wiktionary_cat	-	-
prǫdъkъ	prõdŭkŭ	PRODK	wiktionary_cat	-	-
prǫga	prõɡa	PROGA	wiktionary_cat	-	-
prǫglo	prõɡlo	PROGLO	wiktionary_cat	-	-
prǫgъ	prõɡŭ	PROG	wiktionary_cat	-	-
prǫtъ	prõtŭ	PROT	wiktionary_cat	-	-
prǫžina	prõʒina	PROSINA	wiktionary_cat	-	-
prǫžiti	prõʒiti	PROSITI	wiktionary_cat	-	-
prъskati	prŭskati	PRSKATI	wiktionary_cat	-	-
prygati	prɨɡati	PRIGATI	wiktionary_cat	-	-
prygnǫti	prɨɡnõti	PRIGNOTI	wiktionary_cat	-	-
pryskati	prɨskati	PRISKATI	wiktionary_cat	-	-
prysnǫti	prɨsnõti	PRISNOTI	wiktionary_cat	-	-
pryščь	prɨʃtʃĭ	PRISTS	wiktionary_cat	-	-
pustiti	pustiti	PUSTITI	wiktionary_cat	-	-
pustošь	pustoʃĭ	PUSTOS	wiktionary_cat	-	-
pustъ	pustŭ	PUST	wiktionary_cat	-	-
pustyni	pustɨni	PUSTINI	wiktionary_cat	-	-
pušča	puʃtʃa	PUSTSA	wiktionary_cat	-	-
puščati	puʃtʃati	PUSTSATI	wiktionary_cat	-	-
puxati	puxati	PUKATI	wiktionary_cat	-	-
puxlъ	puxlŭ	PUKL	wiktionary_cat	-	-
puxnǫti	puxnõti	PUKNOTI	wiktionary_cat	-	-
puxъ	puxŭ	PUK	wiktionary_cat	-	-
puzdro	puzdro	PUSDRO	wiktionary_cat	-	-
puzo	puzo	PUSO	wiktionary_cat	-	-
-pъ	-pŭ	P	wiktionary_cat	-	-
pъlkъ	pŭlkŭ	PLK	wiktionary_cat	-	-
pъrskati	pŭrskati	PRSKATI	wiktionary_cat	-	-
pъrtiti	pŭrtiti	PRTITI	wiktionary_cat	-	-
pъrtъ	pŭrtŭ	PRT	wiktionary_cat	-	-
pъrxati	pŭrxati	PRKATI	wiktionary_cat	-	-
pъtakъ	pŭtakŭ	PTAK	wiktionary_cat	-	-
pъtica	pŭtitsa	PTITSA	wiktionary_cat	-	-
pъtiťь	pŭtitʲĭ	PTIT	wiktionary_cat	-	-
pъťьka	pŭtʲĭka	PTKA	wiktionary_cat	-	-
pъvati	pŭvati	PBATI	wiktionary_cat	-	-
pylъ	pɨlŭ	PIL	wiktionary_cat	-	-
pyrь	pɨrĭ	PIR	wiktionary_cat	-	-
pyrьjь	pɨrĭjĭ	PIRY	wiktionary_cat	-	-
pyrъ	pɨrŭ	PIR	wiktionary_cat	-	-
pytati	pɨtati	PITATI	wiktionary_cat	-	-
pyxati	pɨxati	PIKATI	wiktionary_cat	-	-
račiti	ratʃiti	RATSITI	wiktionary_cat	-	-
radi	radi	RADI	wiktionary_cat	-	-
raditi	raditi	RADITI	wiktionary_cat	-	-
radostь	radostĭ	RADOST	wiktionary_cat	-	-
radostьnъ	radostĭnŭ	RADOSTN	wiktionary_cat	-	-
radǫga	radõɡa	RADOGA	wiktionary_cat	-	-
radъ	radŭ	RAD	wiktionary_cat	-	-
raďati	radʲati	RADATI	wiktionary_cat	-	-
rajь	rajĭ	RAY	wiktionary_cat	-	-
rakъ	rakŭ	RAK	wiktionary_cat	-	-
rana	rana	RANA	wiktionary_cat	-	-
raniti	raniti	RANITI	wiktionary_cat	-	-
ranъ	ranŭ	RAN	wiktionary_cat	-	-
rarati	rarati	RARATI	wiktionary_cat	-	-
rarogъ	raroɡŭ	RAROG	wiktionary_cat	-	-
rarъ	rarŭ	RAR	wiktionary_cat	-	-
ratь	ratĭ	RAT	wiktionary_cat	-	-
raziti	raziti	RASITI	wiktionary_cat	-	-
razъ	razŭ	RAS	wiktionary_cat	-	-
rebrьce	rebrĭtse	REBRTSE	wiktionary_cat	-	-
rebro	rebro	REBRO	wiktionary_cat	-	-
redьky	redĭkɨ	REDKI	wiktionary_cat	-	-
regati	reɡati	REGATI	wiktionary_cat	-	-
regti	reɡti	REGTI	wiktionary_cat	-	-
remeslo	remeslo	REMESLO	wiktionary_cat	-	-
remy	remɨ	REMI	wiktionary_cat	-	-
rešeto	reʃeto	RESETO	wiktionary_cat	-	-
retędzь	retẽdzĭ	RETEDS	wiktionary_cat	-	-
reťi	retʲi	RETI	wiktionary_cat	-	-
rěčь	ræːtʃĭ	RATS	wiktionary_cat	-	-
rědъkъ	ræːdŭkŭ	RADK	wiktionary_cat	-	-
rějati	ræːjati	RAYATI	wiktionary_cat	-	-
rěka	ræːka	RAKA	wiktionary_cat	-	-
rěpa	ræːpa	RAPA	wiktionary_cat	-	-
rěpьjь	ræːpĭjĭ	RAPY	wiktionary_cat	-	-
rěsnъ	ræːsnŭ	RASN	wiktionary_cat	-	-
rěšiti	ræːʃiti	RASITI	wiktionary_cat	-	-
rězati	ræːzati	RASATI	wiktionary_cat	-	-
rězьba	ræːzĭba	RASBA	wiktionary_cat	-	-
rězьcь	ræːzĭtsĭ	RASTS	wiktionary_cat	-	-
rězъ	ræːzŭ	RAS	wiktionary_cat	-	-
rězъkъ	ræːzŭkŭ	RASK	wiktionary_cat	-	-
rězvъ	ræːzvŭ	RASB	wiktionary_cat	-	-
rębъ	rẽbŭ	REB	wiktionary_cat	-	-
ręditi	rẽditi	REDITI	wiktionary_cat	-	-
rędъ	rẽdŭ	RED	wiktionary_cat	-	-
ręsa	rẽsa	RESA	wiktionary_cat	-	-
ręsьnica	rẽsĭnitsa	RESNITSA	wiktionary_cat	-	-
ręxъ	rẽxŭ	REK	wiktionary_cat	-	-
Rimъ	Rimŭ	0IM	wiktionary_cat	-	-
rinǫti	rinõti	RINOTI	wiktionary_cat	-	-
riskati	riskati	RISKATI	wiktionary_cat	-	-
ristati	ristati	RISTATI	wiktionary_cat	-	-
ritь	ritĭ	RIT	wiktionary_cat	-	-
rivati	rivati	RIBATI	wiktionary_cat	-	-
riza	riza	RISA	wiktionary_cat	-	-
rьtь	rĭtĭ	RT	wiktionary_cat	-	-
rьtǫtь	rĭtõtĭ	RTOT	wiktionary_cat	-	-
rьvьnivъ	rĭvĭnivŭ	RBNIB	wiktionary_cat	-	-
rьvьnostь	rĭvĭnostĭ	RBNOST	wiktionary_cat	-	-
-ro	-ro	RO	wiktionary_cat	-	-
rodina	rodina	RODINA	wiktionary_cat	-	-
roditi	roditi	RODITI	wiktionary_cat	-	-
rodъ	rodŭ	ROD	wiktionary_cat	-	-
roďanica	rodʲanitsa	RODANITSA	wiktionary_cat	-	-
roďьstvo	rodʲĭstvo	RODSTBO	wiktionary_cat	-	-
rogačь	roɡatʃĭ	ROGATS	wiktionary_cat	-	-
rogatъ	roɡatŭ	ROGAT	wiktionary_cat	-	-
rogozъ	roɡozŭ	ROGOS	wiktionary_cat	-	-
rogъ	roɡŭ	ROG	wiktionary_cat	-	-
rojь	rojĭ	ROY	wiktionary_cat	-	-
rokotati	rokotati	ROKOTATI	wiktionary_cat	-	-
rokotъ	rokotŭ	ROKOT	wiktionary_cat	-	-
rokъ	rokŭ	ROK	wiktionary_cat	-	-
roniti	roniti	RONITI	wiktionary_cat	-	-
rosa	rosa	ROSA	wiktionary_cat	-	-
rota	rota	ROTA	wiktionary_cat	-	-
rovъ	rovŭ	ROB	wiktionary_cat	-	-
rozga	rozɡa	ROSGA	wiktionary_cat	-	-
rožьcь	roʒĭtsĭ	ROSTS	wiktionary_cat	-	-
rǫbežь	rõbeʒĭ	ROBES	wiktionary_cat	-	-
rǫbiti	rõbiti	ROBITI	wiktionary_cat	-	-
rǫbъ	rõbŭ	ROB	wiktionary_cat	-	-
rǫgati	rõɡati	ROGATI	wiktionary_cat	-	-
rǫka	rõka	ROKA	wiktionary_cat	-	-
rǫkavica	rõkavitsa	ROKABITSA	wiktionary_cat	-	-
rǫkavъ	rõkavŭ	ROKAB	wiktionary_cat	-	-
rǫko(j)ętь	rõko(j)ẽtĭ	ROKOYET	wiktionary_cat	-	-
ručajь	rutʃajĭ	RUTSAY	wiktionary_cat	-	-
ručьjь	rutʃĭjĭ	RUTSY	wiktionary_cat	-	-
ruda	ruda	RUDA	wiktionary_cat	-	-
rudъ	rudŭ	RUD	wiktionary_cat	-	-
ruměnъ	rumæːnŭ	RUMAN	wiktionary_cat	-	-
runo	runo	RUNO	wiktionary_cat	-	-
rusъ	rusŭ	RUS	wiktionary_cat	-	-
rušiti	ruʃiti	RUSITI	wiktionary_cat	-	-
ruxnǫti	ruxnõti	RUKNOTI	wiktionary_cat	-	-
ruxo	ruxo	RUKO	wiktionary_cat	-	-
ruxъ	ruxŭ	RUK	wiktionary_cat	-	-
-rъ	-rŭ	R	wiktionary_cat	-	-
rъděti	rŭdæːti	RDATI	wiktionary_cat	-	-
rъdrъ	rŭdrŭ	RDR	wiktionary_cat	-	-
rъďa	rŭdʲa	RDA	wiktionary_cat	-	-
rъďavъ	rŭdʲavŭ	RDAB	wiktionary_cat	-	-
rъpъtati	rŭpŭtati	RPTATI	wiktionary_cat	-	-
rъpъtъ	rŭpŭtŭ	RPT	wiktionary_cat	-	-
rъtъ	rŭtŭ	RT	wiktionary_cat	-	-
rъvati	rŭvati	RBATI	wiktionary_cat	-	-
rъzati	rŭzati	RSATI	wiktionary_cat	-	-
rъžь	rŭʒĭ	RS	wiktionary_cat	-	-
ryba	rɨba	RIBA	wiktionary_cat	-	-
rybařь	rɨbar̝ĭ	RIBAR	wiktionary_cat	-	-
rybę	rɨbẽ	RIBE	wiktionary_cat	-	-
rybь	rɨbĭ	RIB	wiktionary_cat	-	-
rydati	rɨdati	RIDATI	wiktionary_cat	-	-
rydlo	rɨdlo	RIDLO	wiktionary_cat	-	-
ryďь	rɨdʲĭ	RID	wiktionary_cat	-	-
rygati	rɨɡati	RIGATI	wiktionary_cat	-	-
rykati	rɨkati	RIKATI	wiktionary_cat	-	-
rysь	rɨsĭ	RIS	wiktionary_cat	-	-
ryti	rɨti	RITI	wiktionary_cat	-	-
ryxlъ	rɨxlŭ	RIKL	wiktionary_cat	-	-
řujьnъ	r̝ujĭnŭ	RUYN	wiktionary_cat	-	-
řuma	r̝uma	RUMA	wiktionary_cat	-	-
řumati	r̝umati	RUMATI	wiktionary_cat	-	-
řuti	r̝uti	RUTI	wiktionary_cat	-	-
řutiti	r̝utiti	RUTITI	wiktionary_cat	-	-
sabľa	sablʲa	SABLA	wiktionary_cat	-	-
saditi	saditi	SADITI	wiktionary_cat	-	-
sadlo	sadlo	SADLO	wiktionary_cat	-	-
sadъ	sadŭ	SAD	wiktionary_cat	-	-
saďa	sadʲa	SADA	wiktionary_cat	-	-
samьcь	samĭtsĭ	SAMTS	wiktionary_cat	-	-
samъ	samŭ	SAM	wiktionary_cat	-	-
sanь	sanĭ	SAN	wiktionary_cat	-	-
sčemiti	stʃemiti	STSEMITI	wiktionary_cat	-	-
sedliti	sedliti	SEDLITI	wiktionary_cat	-	-
sedmica	sedmitsa	SEDMITSA	wiktionary_cat	-	-
sedmь	sedmĭ	SEDM	wiktionary_cat	-	-
sedmь sъtъ	sedmĭ sŭtŭ	SEDMST	wiktionary_cat	-	-
sedmъ	sedmŭ	SEDM	wiktionary_cat	-	-
sedъlo	sedŭlo	SEDLO	wiktionary_cat	-	-
sego dьne	seɡo dĭne	SEGODNE	wiktionary_cat	-	-
sekyra	sekɨra	SEKIRA	wiktionary_cat	-	-
selьskъ	selĭskŭ	SELSK	wiktionary_cat	-	-
selmę	selmẽ	SELME	wiktionary_cat	-	-
selo	selo	SELO	wiktionary_cat	-	-
selzenь	selzenĭ	SELSEN	wiktionary_cat	-	-
seľaninъ	selʲaninŭ	SELANIN	wiktionary_cat	-	-
Semь	Semĭ	0EM	wiktionary_cat	-	-
serda	serda	SERDA	wiktionary_cat	-	-
serdina	serdina	SERDINA	wiktionary_cat	-	-
serdьnъ	serdĭnŭ	SERDN	wiktionary_cat	-	-
sernъ	sernŭ	SERN	wiktionary_cat	-	-
sestra	sestra	SESTRA	wiktionary_cat	-	-
sěčivo	sæːtʃivo	SATSIBO	wiktionary_cat	-	-
sěčьňь	sæːtʃĭnʲĭ	SATSN	wiktionary_cat	-	-
sěděti	sæːdæːti	SADATI	wiktionary_cat	-	-
sědlo	sæːdlo	SADLO	wiktionary_cat	-	-
sějati	sæːjati	SAYATI	wiktionary_cat	-	-
sěmę	sæːmẽ	SAME	wiktionary_cat	-	-
sěmь	sæːmĭ	SAM	wiktionary_cat	-	-
sěmьja	sæːmĭja	SAMYA	wiktionary_cat	-	-
sěmьjьnъ	sæːmĭjĭnŭ	SAMYN	wiktionary_cat	-	-
sěmьjьstvo	sæːmĭjĭstvo	SAMYSTBO	wiktionary_cat	-	-
sěmo	sæːmo	SAMO	wiktionary_cat	-	-
sěnь	sæːnĭ	SAN	wiktionary_cat	-	-
sěno	sæːno	SANO	wiktionary_cat	-	-
sěra	sæːra	SARA	wiktionary_cat	-	-
sěsti	sæːsti	SASTI	wiktionary_cat	-	-
sěta	sæːta	SATA	wiktionary_cat	-	-
sěti	sæːti	SATI	wiktionary_cat	-	-
sětiti	sæːtiti	SATITI	wiktionary_cat	-	-
sětь	sæːtĭ	SAT	wiktionary_cat	-	-
sětovati	sæːtovati	SATOBATI	wiktionary_cat	-	-
sěťi	sæːtʲi	SATI	wiktionary_cat	-	-
sěvati	sæːvati	SABATI	wiktionary_cat	-	-
sěverъ	sæːverŭ	SABER	wiktionary_cat	-	-
sę	sẽ	SE	wiktionary_cat	-	-
sębrъ	sẽbrŭ	SEBR	wiktionary_cat	-	-
sędzati	sẽdzati	SEDSATI	wiktionary_cat	-	-
sęgati	sẽɡati	SEGATI	wiktionary_cat	-	-
sęgnǫti	sẽɡnõti	SEGNOTI	wiktionary_cat	-	-
sęgъ	sẽɡŭ	SEG	wiktionary_cat	-	-
sęknǫti	sẽknõti	SEKNOTI	wiktionary_cat	-	-
sęťi	sẽtʲi	SETI	wiktionary_cat	-	-
sęťь	sẽtʲĭ	SET	wiktionary_cat	-	-
sęženь	sẽʒenĭ	SESEN	wiktionary_cat	-	-
si	si	SI	wiktionary_cat	-	-
sidlo	sidlo	SIDLO	wiktionary_cat	-	-
sijati	sijati	SIYATI	wiktionary_cat	-	-
sikati	sikati	SIKATI	wiktionary_cat	-	-
sikъ	sikŭ	SIK	wiktionary_cat	-	-
sila	sila	SILA	wiktionary_cat	-	-
silьnъ	silĭnŭ	SILN	wiktionary_cat	-	-
sinica	sinitsa	SINITSA	wiktionary_cat	-	-
siňь	sinʲĭ	SIN	wiktionary_cat	-	-
sirota	sirota	SIROTA	wiktionary_cat	-	-
sirъ	sirŭ	SIR	wiktionary_cat	-	-
sito	sito	SITO	wiktionary_cat	-	-
sitъ	sitŭ	SIT	wiktionary_cat	-	-
sivъ	sivŭ	SIB	wiktionary_cat	-	-
sizъ	sizŭ	SIS	wiktionary_cat	-	-
sь	sĭ	S	wiktionary_cat	-	-
sьcaka	sĭtsaka	STSAKA	wiktionary_cat	-	-
sьcati	sĭtsati	STSATI	wiktionary_cat	-	-
sьčava	sĭtʃava	STSABA	wiktionary_cat	-	-
sьčavь	sĭtʃavĭ	STSAB	wiktionary_cat	-	-
sьčavъ	sĭtʃavŭ	STSAB	wiktionary_cat	-	-
sьčina	sĭtʃina	STSINA	wiktionary_cat	-	-
sьčь	sĭtʃĭ	STS	wiktionary_cat	-	-
sьde	sĭde	SDE	wiktionary_cat	-	-
sьgъda	sĭɡŭda	SGDA	wiktionary_cat	-	-
sьkyľь	sĭkɨlʲĭ	SKIL	wiktionary_cat	-	-
sьraka	sĭraka	SRAKA	wiktionary_cat	-	-
sьrati	sĭrati	SRATI	wiktionary_cat	-	-
sьrbati	sĭrbati	SRBATI	wiktionary_cat	-	-
sьrbьstvo	sĭrbĭstvo	SRBSTBO	wiktionary_cat	-	-
sьrbъ	sĭrbŭ	SRB	wiktionary_cat	-	-
sьrditi	sĭrditi	SRDITI	wiktionary_cat	-	-
sьrditъ	sĭrditŭ	SRDIT	wiktionary_cat	-	-
sьrdьce	sĭrdĭtse	SRDTSE	wiktionary_cat	-	-
sьrdьčьnъ	sĭrdĭtʃĭnŭ	SRDTSN	wiktionary_cat	-	-
sьrebrьnъ	sĭrebrĭnŭ	SREBRN	wiktionary_cat	-	-
sьrebro	sĭrebro	SREBRO	wiktionary_cat	-	-
sьrna	sĭrna	SRNA	wiktionary_cat	-	-
sьrpьňь	sĭrpĭnʲĭ	SRPN	wiktionary_cat	-	-
sьrpъ	sĭrpŭ	SRP	wiktionary_cat	-	-
sьrstь	sĭrstĭ	SRST	wiktionary_cat	-	-
sьrxy	sĭrxɨ	SRKI	wiktionary_cat	-	-
skakati	skakati	SKAKATI	wiktionary_cat	-	-
skala	skala	SKALA	wiktionary_cat	-	-
skaliti	skaliti	SKALITI	wiktionary_cat	-	-
skama	skama	SKAMA	wiktionary_cat	-	-
skarędъ	skarẽdŭ	SKARED	wiktionary_cat	-	-
skoba	skoba	SKOBA	wiktionary_cat	-	-
skobľiti	skoblʲiti	SKOBLITI	wiktionary_cat	-	-
skobľь	skoblʲĭ	SKOBL	wiktionary_cat	-	-
skočiti	skotʃiti	SKOTSITI	wiktionary_cat	-	-
skokъ	skokŭ	SKOK	wiktionary_cat	-	-
skolbiti	skolbiti	SKOLBITI	wiktionary_cat	-	-
skomiti	skomiti	SKOMITI	wiktionary_cat	-	-
skopiti	skopiti	SKOPITI	wiktionary_cat	-	-
skopьcь	skopĭtsĭ	SKOPTS	wiktionary_cat	-	-
skora	skora	SKORA	wiktionary_cat	-	-
skorda	skorda	SKORDA	wiktionary_cat	-	-
skormъ	skormŭ	SKORM	wiktionary_cat	-	-
skornь	skornĭ	SKORN	wiktionary_cat	-	-
skorupa	skorupa	SKORUPA	wiktionary_cat	-	-
skorъ	skorŭ	SKOR	wiktionary_cat	-	-
skotъ	skotŭ	SKOT	wiktionary_cat	-	-
skovorda	skovorda	SKOBORDA	wiktionary_cat	-	-
skovornъ	skovornŭ	SKOBORN	wiktionary_cat	-	-
skǫdьnъ	skõdĭnŭ	SKODN	wiktionary_cat	-	-
skǫpъ	skõpŭ	SKOP	wiktionary_cat	-	-
skreti	skreti	SKRETI	wiktionary_cat	-	-
skrini	skrini	SKRINI	wiktionary_cat	-	-
skripěti	skripæːti	SKRIPATI	wiktionary_cat	-	-
skripъ	skripŭ	SKRIP	wiktionary_cat	-	-
skrižalь	skriʒalĭ	SKRISAL	wiktionary_cat	-	-
skrьgъtati	skrĭɡŭtati	SKRGTATI	wiktionary_cat	-	-
skubati	skubati	SKUBATI	wiktionary_cat	-	-
skula	skula	SKULA	wiktionary_cat	-	-
skuti	skuti	SKUTI	wiktionary_cat	-	-
skutъ	skutŭ	SKUT	wiktionary_cat	-	-
-skъ	-skŭ	SK	wiktionary_cat	-	-
skъrběti	skŭrbæːti	SKRBATI	wiktionary_cat	-	-
skъrbiti	skŭrbiti	SKRBITI	wiktionary_cat	-	-
skъrbь	skŭrbĭ	SKRB	wiktionary_cat	-	-
skvara	skvara	SKBARA	wiktionary_cat	-	-
skverti	skverti	SKBERTI	wiktionary_cat	-	-
(s)kvьrčěti	(s)kvĭrtʃæːti	SKBRTSATI	wiktionary_cat	-	-
skvьrna	skvĭrna	SKBRNA	wiktionary_cat	-	-
(s)kvьrъ	(s)kvĭrŭ	SKBR	wiktionary_cat	-	-
skvorьcь	skvorĭtsĭ	SKBORTS	wiktionary_cat	-	-
skvozъ	skvozŭ	SKBOS	wiktionary_cat	-	-
skytati	skɨtati	SKITATI	wiktionary_cat	-	-
slabostь	slabostĭ	SLABOST	wiktionary_cat	-	-
slabъ	slabŭ	SLAB	wiktionary_cat	-	-
slava	slava	SLABA	wiktionary_cat	-	-
slaviti	slaviti	SLABITI	wiktionary_cat	-	-
slavьnъ	slavĭnŭ	SLABN	wiktionary_cat	-	-
slěditi	slæːditi	SLADITI	wiktionary_cat	-	-
slědъ	slæːdŭ	SLAD	wiktionary_cat	-	-
slěpiti	slæːpiti	SLAPITI	wiktionary_cat	-	-
slěpьcь	slæːpĭtsĭ	SLAPTS	wiktionary_cat	-	-
slěpъ	slæːpŭ	SLAP	wiktionary_cat	-	-
slězъ	slæːzŭ	SLAS	wiktionary_cat	-	-
slękъtь	slẽkŭtĭ	SLEKT	wiktionary_cat	-	-
slimakъ	slimakŭ	SLIMAK	wiktionary_cat	-	-
slina	slina	SLINA	wiktionary_cat	-	-
sliva	sliva	SLIBA	wiktionary_cat	-	-
slizь	slizĭ	SLIS	wiktionary_cat	-	-
slizъkъ	slizŭkŭ	SLISK	wiktionary_cat	-	-
slьza	slĭza	SLSA	wiktionary_cat	-	-
-slo	-slo	SLO	wiktionary_cat	-	-
sloniti	sloniti	SLONITI	wiktionary_cat	-	-
slonъ	slonŭ	SLON	wiktionary_cat	-	-
slota	slota	SLOTA	wiktionary_cat	-	-
slověninъ	slovæːninŭ	SLOBANIN	wiktionary_cat	-	-
slověnьskъ	slovæːnĭskŭ	SLOBANSK	wiktionary_cat	-	-
slověnъka	slovæːnŭka	SLOBANKA	wiktionary_cat	-	-
slovo	slovo	SLOBO	wiktionary_cat	-	-
Slovǫta	Slovõta	0LOBOTA	wiktionary_cat	-	-
slǫka	slõka	SLOKA	wiktionary_cat	-	-
sluga	sluɡa	SLUGA	wiktionary_cat	-	-
slušati	sluʃati	SLUSATI	wiktionary_cat	-	-
sluti	sluti	SLUTI	wiktionary_cat	-	-
sluxъ	sluxŭ	SLUK	wiktionary_cat	-	-
sluzь	sluzĭ	SLUS	wiktionary_cat	-	-
služiti	sluʒiti	SLUSITI	wiktionary_cat	-	-
služьba	sluʒĭba	SLUSBA	wiktionary_cat	-	-
slyšati	slɨʃati	SLISATI	wiktionary_cat	-	-
smaga	smaɡa	SMAGA	wiktionary_cat	-	-
smagnǫti	smaɡnõti	SMAGNOTI	wiktionary_cat	-	-
smaliti	smaliti	SMALITI	wiktionary_cat	-	-
smažiti	smaʒiti	SMASITI	wiktionary_cat	-	-
smerkъ	smerkŭ	SMERK	wiktionary_cat	-	-
smědъ	smæːdŭ	SMAD	wiktionary_cat	-	-
směšiti	smæːʃiti	SMASITI	wiktionary_cat	-	-
směšьnъ	smæːʃĭnŭ	SMASN	wiktionary_cat	-	-
směxъ	smæːxŭ	SMAK	wiktionary_cat	-	-
smьjati	smĭjati	SMYATI	wiktionary_cat	-	-
smьrděti	smĭrdæːti	SMRDATI	wiktionary_cat	-	-
smokъ	smokŭ	SMOK	wiktionary_cat	-	-
smokъtati	smokŭtati	SMOKTATI	wiktionary_cat	-	-
smoky	smokɨ	SMOKI	wiktionary_cat	-	-
smola	smola	SMOLA	wiktionary_cat	-	-
smordъ	smordŭ	SMORD	wiktionary_cat	-	-
(s)mǫditi	(s)mõditi	SMODITI	wiktionary_cat	-	-
smǫglъ	smõɡlŭ	SMOGL	wiktionary_cat	-	-
smǫgnǫti	smõɡnõti	SMOGNOTI	wiktionary_cat	-	-
smuga	smuɡa	SMUGA	wiktionary_cat	-	-
-smъ	-smŭ	SM	wiktionary_cat	-	-
(s)mъlžь	(s)mŭlʒĭ	SMLS	wiktionary_cat	-	-
smъrčьkъ	smŭrtʃĭkŭ	SMRTSK	wiktionary_cat	-	-
smъrkati	smŭrkati	SMRKATI	wiktionary_cat	-	-
smъržь	smŭrʒĭ	SMRS	wiktionary_cat	-	-
smykati	smɨkati	SMIKATI	wiktionary_cat	-	-
-sna	-sna	SNA	wiktionary_cat	-	-
snaga	snaɡa	SNAGA	wiktionary_cat	-	-
sněgъ	snæːɡŭ	SNAG	wiktionary_cat	-	-
sněgyřь	snæːɡɨr̝ĭ	SNAGIR	wiktionary_cat	-	-
sněžьnъ	snæːʒĭnŭ	SNASN	wiktionary_cat	-	-
snopъ	snopŭ	SNOP	wiktionary_cat	-	-
snovati	snovati	SNOBATI	wiktionary_cat	-	-
snubiti	snubiti	SNUBITI	wiktionary_cat	-	-
snuti	snuti	SNUTI	wiktionary_cat	-	-
snъxa	snŭxa	SNKA	wiktionary_cat	-	-
sobaka	sobaka	SOBAKA	wiktionary_cat	-	-
sobolь	sobolĭ	SOBOL	wiktionary_cat	-	-
sočiti	sotʃiti	SOTSITI	wiktionary_cat	-	-
sočivo	sotʃivo	SOTSIBO	wiktionary_cat	-	-
soja	soja	SOYA	wiktionary_cat	-	-
sojьka	sojĭka	SOYKA	wiktionary_cat	-	-
sokolъ	sokolŭ	SOKOL	wiktionary_cat	-	-
sokъ	sokŭ	SOK	wiktionary_cat	-	-
soldъ	soldŭ	SOLD	wiktionary_cat	-	-
soldъkъ	soldŭkŭ	SOLDK	wiktionary_cat	-	-
solďьjь	soldʲĭjĭ	SOLDY	wiktionary_cat	-	-
soliti	soliti	SOLITI	wiktionary_cat	-	-
solь	solĭ	SOL	wiktionary_cat	-	-
solma	solma	SOLMA	wiktionary_cat	-	-
solna	solna	SOLNA	wiktionary_cat	-	-
solnina	solnina	SOLNINA	wiktionary_cat	-	-
solnъ	solnŭ	SOLN	wiktionary_cat	-	-
solpъ	solpŭ	SOLP	wiktionary_cat	-	-
solstь	solstĭ	SOLST	wiktionary_cat	-	-
soltina	soltina	SOLTINA	wiktionary_cat	-	-
solvьjь	solvĭjĭ	SOLBY	wiktionary_cat	-	-
solvъ	solvŭ	SOLB	wiktionary_cat	-	-
somъ	somŭ	SOM	wiktionary_cat	-	-
sopěti	sopæːti	SOPATI	wiktionary_cat	-	-
sorka	sorka	SORKA	wiktionary_cat	-	-
sormъ	sormŭ	SORM	wiktionary_cat	-	-
soršiti	sorʃiti	SORSITI	wiktionary_cat	-	-
sorъ	sorŭ	SOR	wiktionary_cat	-	-
sosna	sosna	SOSNA	wiktionary_cat	-	-
soti	soti	SOTI	wiktionary_cat	-	-
sova	sova	SOBA	wiktionary_cat	-	-
sovati	sovati	SOBATI	wiktionary_cat	-	-
soxa	soxa	SOKA	wiktionary_cat	-	-
sǫ-	sõ-	SO	wiktionary_cat	-	-
sǫbota	sõbota	SOBOTA	wiktionary_cat	-	-
sǫcělьnъ	sõtsæːlĭnŭ	SOTSALN	wiktionary_cat	-	-
sǫčiti	sõtʃiti	SOTSITI	wiktionary_cat	-	-
sǫda	sõda	SODA	wiktionary_cat	-	-
sǫdakъ	sõdakŭ	SODAK	wiktionary_cat	-	-
sǫdi	sõdi	SODI	wiktionary_cat	-	-
sǫditi	sõditi	SODITI	wiktionary_cat	-	-
sǫdъ	sõdŭ	SOD	wiktionary_cat	-	-
sǫgubъ	sõɡubŭ	SOGUB	wiktionary_cat	-	-
sǫka	sõka	SOKA	wiktionary_cat	-	-
sǫkъ	sõkŭ	SOK	wiktionary_cat	-	-
sǫmorkъ	sõmorkŭ	SOMORK	wiktionary_cat	-	-
sǫpiti	sõpiti	SOPITI	wiktionary_cat	-	-
sǫpoľьnъ	sõpolʲĭnŭ	SOPOLN	wiktionary_cat	-	-
sǫpostatъ	sõpostatŭ	SOPOSTAT	wiktionary_cat	-	-
sǫprǫga	sõprõɡa	SOPROGA	wiktionary_cat	-	-
sǫprǫgъ	sõprõɡŭ	SOPROG	wiktionary_cat	-	-
sǫpъ	sõpŭ	SOP	wiktionary_cat	-	-
sǫsědъ	sõsæːdŭ	SOSAD	wiktionary_cat	-	-
sǫsěkъ	sõsæːkŭ	SOSAK	wiktionary_cat	-	-
sǫtulъ	sõtulŭ	SOTUL	wiktionary_cat	-	-
spěšiti	spæːʃiti	SPASITI	wiktionary_cat	-	-
spěti	spæːti	SPATI	wiktionary_cat	-	-
spěxъ	spæːxŭ	SPAK	wiktionary_cat	-	-
sporъ	sporŭ	SPOR	wiktionary_cat	-	-
stado	stado	STADO	wiktionary_cat	-	-
staja	staja	STAYA	wiktionary_cat	-	-
stajati	stajati	STAYATI	wiktionary_cat	-	-
stamъ	stamŭ	STAM	wiktionary_cat	-	-
stanъ	stanŭ	STAN	wiktionary_cat	-	-
starati	starati	STARATI	wiktionary_cat	-	-
starějь	staræːjĭ	STARAY	wiktionary_cat	-	-
starica	staritsa	STARITSA	wiktionary_cat	-	-
starina	starina	STARINA	wiktionary_cat	-	-
starьcь	starĭtsĭ	STARTS	wiktionary_cat	-	-
starostь	starostĭ	STAROST	wiktionary_cat	-	-
starъ	starŭ	STAR	wiktionary_cat	-	-
stati	stati	STATI	wiktionary_cat	-	-
statь	statĭ	STAT	wiktionary_cat	-	-
statъkъ	statŭkŭ	STATK	wiktionary_cat	-	-
stavati	stavati	STABATI	wiktionary_cat	-	-
staviti	staviti	STABITI	wiktionary_cat	-	-
stavľati	stavlʲati	STABLATI	wiktionary_cat	-	-
stavъ	stavŭ	STAB	wiktionary_cat	-	-
stegno	steɡno	STEGNO	wiktionary_cat	-	-
stegn̥ce	steɡn̥tse	STEGNTSE	wiktionary_cat	-	-
steliti	steliti	STELITI	wiktionary_cat	-	-
stenati	stenati	STENATI	wiktionary_cat	-	-
stepy	stepɨ	STEPI	wiktionary_cat	-	-
sterti	sterti	STERTI	wiktionary_cat	-	-
sterťi	stertʲi	STERTI	wiktionary_cat	-	-
stěgъ	stæːɡŭ	STAG	wiktionary_cat	-	-
stěna	stæːna	STANA	wiktionary_cat	-	-
stęgъ	stẽɡŭ	STEG	wiktionary_cat	-	-
stigati	stiɡati	STIGATI	wiktionary_cat	-	-
stignǫti	stiɡnõti	STIGNOTI	wiktionary_cat	-	-
stiťi	stitʲi	STITI	wiktionary_cat	-	-
stьblь	stĭblĭ	STBL	wiktionary_cat	-	-
stьblьje	stĭblĭje	STBLYE	wiktionary_cat	-	-
stьblo	stĭblo	STBLO	wiktionary_cat	-	-
stьbľь	stĭblʲĭ	STBL	wiktionary_cat	-	-
stьbъ	stĭbŭ	STB	wiktionary_cat	-	-
stьdza	stĭdza	STDSA	wiktionary_cat	-	-
stьgna	stĭɡna	STGNA	wiktionary_cat	-	-
stьklěnъ	stĭklæːnŭ	STKLAN	wiktionary_cat	-	-
stьklo	stĭklo	STKLO	wiktionary_cat	-	-
stьkl̥ce	stĭkl̥tse	STKLTSE	wiktionary_cat	-	-
stьlati	stĭlati	STLATI	wiktionary_cat	-	-
stьrbnǫti	stĭrbnõti	STRBNOTI	wiktionary_cat	-	-
stьrkъ	stĭrkŭ	STRK	wiktionary_cat	-	-
stьrnь	stĭrnĭ	STRN	wiktionary_cat	-	-
stьrvь	stĭrvĭ	STRB	wiktionary_cat	-	-
stьvolъ	stĭvolŭ	STBOL	wiktionary_cat	-	-
stьžьka	stĭʒĭka	STSKA	wiktionary_cat	-	-
stoborъ	stoborŭ	STOBOR	wiktionary_cat	-	-
stogъ	stoɡŭ	STOG	wiktionary_cat	-	-
stojati	stojati	STOYATI	wiktionary_cat	-	-
stojiti	stojiti	STOYITI	wiktionary_cat	-	-
stolica	stolitsa	STOLITSA	wiktionary_cat	-	-
stolъ	stolŭ	STOL	wiktionary_cat	-	-
stonati	stonati	STONATI	wiktionary_cat	-	-
stonъ	stonŭ	STON	wiktionary_cat	-	-
stopa	stopa	STOPA	wiktionary_cat	-	-
storbiti	storbiti	STORBITI	wiktionary_cat	-	-
storna	storna	STORNA	wiktionary_cat	-	-
storža	storʒa	STORSA	wiktionary_cat	-	-
storžь	storʒĭ	STORS	wiktionary_cat	-	-
stožěrъ	stoʒæːrŭ	STOSAR	wiktionary_cat	-	-
stǫpa	stõpa	STOPA	wiktionary_cat	-	-
stǫpenь	stõpenĭ	STOPEN	wiktionary_cat	-	-
stǫpiti	stõpiti	STOPITI	wiktionary_cat	-	-
stradati	stradati	STRADATI	wiktionary_cat	-	-
strastь	strastĭ	STRAST	wiktionary_cat	-	-
strastьnъ	strastĭnŭ	STRASTN	wiktionary_cat	-	-
strašidlo	straʃidlo	STRASIDLO	wiktionary_cat	-	-
strašiti	straʃiti	STRASITI	wiktionary_cat	-	-
strašьnъ	straʃĭnŭ	STRASN	wiktionary_cat	-	-
straxъ	straxŭ	STRAK	wiktionary_cat	-	-
stremę	stremẽ	STREME	wiktionary_cat	-	-
strěkati	stræːkati	STRAKATI	wiktionary_cat	-	-
strěla	stræːla	STRALA	wiktionary_cat	-	-
strěľati	stræːlʲati	STRALATI	wiktionary_cat	-	-
strěxa	stræːxa	STRAKA	wiktionary_cat	-	-
strępati	strẽpati	STREPATI	wiktionary_cat	-	-
striťi	stritʲi	STRITI	wiktionary_cat	-	-
strьměti	strĭmæːti	STRMATI	wiktionary_cat	-	-
strьmь	strĭmĭ	STRM	wiktionary_cat	-	-
strьmьnъ	strĭmĭnŭ	STRMN	wiktionary_cat	-	-
strьmъ	strĭmŭ	STRM	wiktionary_cat	-	-
strьnadъ	strĭnadŭ	STRNAD	wiktionary_cat	-	-
strьžę	strĭʒẽ	STRSE	wiktionary_cat	-	-
strьžь	strĭʒĭ	STRS	wiktionary_cat	-	-
strьžьnь	strĭʒĭnĭ	STRSN	wiktionary_cat	-	-
strogostь	stroɡostĭ	STROGOST	wiktionary_cat	-	-
strogъ	stroɡŭ	STROG	wiktionary_cat	-	-
strojiti	strojiti	STROYITI	wiktionary_cat	-	-
strojь	strojĭ	STROY	wiktionary_cat	-	-
strojьnъ	strojĭnŭ	STROYN	wiktionary_cat	-	-
stroka	stroka	STROKA	wiktionary_cat	-	-
stromъ	stromŭ	STROM	wiktionary_cat	-	-
stropъ	stropŭ	STROP	wiktionary_cat	-	-
strǫga	strõɡa	STROGA	wiktionary_cat	-	-
strǫkъ	strõkŭ	STROK	wiktionary_cat	-	-
struga	struɡa	STRUGA	wiktionary_cat	-	-
strugati	struɡati	STRUGATI	wiktionary_cat	-	-
strugъ	struɡŭ	STRUG	wiktionary_cat	-	-
struja	struja	STRUYA	wiktionary_cat	-	-
strujiti	strujiti	STRUYITI	wiktionary_cat	-	-
strumy	strumɨ	STRUMI	wiktionary_cat	-	-
struna	struna	STRUNA	wiktionary_cat	-	-
strupъ	strupŭ	STRUP	wiktionary_cat	-	-
stružiti	struʒiti	STRUSITI	wiktionary_cat	-	-
strъgati	strŭɡati	STRGATI	wiktionary_cat	-	-
strъjь	strŭjĭ	STRY	wiktionary_cat	-	-
strъjьcь	strŭjĭtsĭ	STRYTS	wiktionary_cat	-	-
strъjьkъ	strŭjĭkŭ	STRYK	wiktionary_cat	-	-
strybati	strɨbati	STRIBATI	wiktionary_cat	-	-
Strybogъ	Strɨboɡŭ	0TRIBOG	wiktionary_cat	-	-
stublь	stublĭ	STUBL	wiktionary_cat	-	-
studenьcь	studenĭtsĭ	STUDENTS	wiktionary_cat	-	-
studenъ	studenŭ	STUDEN	wiktionary_cat	-	-
studiti	studiti	STUDITI	wiktionary_cat	-	-
studъ	studŭ	STUD	wiktionary_cat	-	-
stuga	stuɡa	STUGA	wiktionary_cat	-	-
stukati	stukati	STUKATI	wiktionary_cat	-	-
stukъ	stukŭ	STUK	wiktionary_cat	-	-
-stъ	-stŭ	ST	wiktionary_cat	-	-
stъbъrъ	stŭbŭrŭ	STBR	wiktionary_cat	-	-
stъlbъ	stŭlbŭ	STLB	wiktionary_cat	-	-
stъlpъ	stŭlpŭ	STLP	wiktionary_cat	-	-
stъpica	stŭpitsa	STPITSA	wiktionary_cat	-	-
(s)tъrčati	(s)tŭrtʃati	STRTSATI	wiktionary_cat	-	-
stydnǫti	stɨdnõti	STIDNOTI	wiktionary_cat	-	-
stydъ	stɨdŭ	STID	wiktionary_cat	-	-
sudlica	sudlitsa	SUDLITSA	wiktionary_cat	-	-
sujь	sujĭ	SUY	wiktionary_cat	-	-
suka	suka	SUKA	wiktionary_cat	-	-
sukati	sukati	SUKATI	wiktionary_cat	-	-
sukno	sukno	SUKNO	wiktionary_cat	-	-
sunǫti	sunõti	SUNOTI	wiktionary_cat	-	-
surovъ	surovŭ	SUROB	wiktionary_cat	-	-
suša	suʃa	SUSA	wiktionary_cat	-	-
sušiti	suʃiti	SUSITI	wiktionary_cat	-	-
suti	suti	SUTI	wiktionary_cat	-	-
suxъ	suxŭ	SUK	wiktionary_cat	-	-
sъ-	sŭ-	S	wiktionary_cat	-	-
sъblaznь	sŭblaznĭ	SBLASN	wiktionary_cat	-	-
sъborъ	sŭborŭ	SBOR	wiktionary_cat	-	-
sъbožьje	sŭboʒĭje	SBOSYE	wiktionary_cat	-	-
sъčęstьje	sŭtʃẽstĭje	STSESTYE	wiktionary_cat	-	-
sъčęstьnъ	sŭtʃẽstĭnŭ	STSESTN	wiktionary_cat	-	-
sъdoba	sŭdoba	SDOBA	wiktionary_cat	-	-
sъdorvьje	sŭdorvĭje	SDORBYE	wiktionary_cat	-	-
sъdorvъ	sŭdorvŭ	SDORB	wiktionary_cat	-	-
sъjьmъ	sŭjĭmŭ	SYM	wiktionary_cat	-	-
sъkati	sŭkati	SKATI	wiktionary_cat	-	-
sъkatъ	sŭkatŭ	SKAT	wiktionary_cat	-	-
sъklepъ	sŭklepŭ	SKLEP	wiktionary_cat	-	-
sъklonъ	sŭklonŭ	SKLON	wiktionary_cat	-	-
sъkromьnъ	sŭkromĭnŭ	SKROMN	wiktionary_cat	-	-
sъkryti	sŭkrɨti	SKRITI	wiktionary_cat	-	-
sъlati	sŭlati	SLATI	wiktionary_cat	-	-
sъlnь	sŭlnĭ	SLN	wiktionary_cat	-	-
sъlnьce	sŭlnĭtse	SLNTSE	wiktionary_cat	-	-
sъlnьje	sŭlnĭje	SLNYE	wiktionary_cat	-	-
sъlnьnъ	sŭlnĭnŭ	SLNN	wiktionary_cat	-	-
sъlno	sŭlno	SLNO	wiktionary_cat	-	-
sъlojь	sŭlojĭ	SLOY	wiktionary_cat	-	-
sъlučajь	sŭlutʃajĭ	SLUTSAY	wiktionary_cat	-	-
sъlučajьnъ	sŭlutʃajĭnŭ	SLUTSAYN	wiktionary_cat	-	-
sъlъ	sŭlŭ	SL	wiktionary_cat	-	-
sъľubъ	sŭlʲubŭ	SLUB	wiktionary_cat	-	-
sъmetana	sŭmetana	SMETANA	wiktionary_cat	-	-
sъmetati	sŭmetati	SMETATI	wiktionary_cat	-	-
sъmetь	sŭmetĭ	SMET	wiktionary_cat	-	-
sъmetьje	sŭmetĭje	SMETYE	wiktionary_cat	-	-
sъmělostь	sŭmæːlostĭ	SMALOST	wiktionary_cat	-	-
sъmělъ	sŭmæːlŭ	SMAL	wiktionary_cat	-	-
sъměti	sŭmæːti	SMATI	wiktionary_cat	-	-
sъmětь	sŭmæːtĭ	SMAT	wiktionary_cat	-	-
sъmьrtь	sŭmĭrtĭ	SMRT	wiktionary_cat	-	-
sъmьrtьnostь	sŭmĭrtĭnostĭ	SMRTNOST	wiktionary_cat	-	-
sъmьrtьnъ	sŭmĭrtĭnŭ	SMRTN	wiktionary_cat	-	-
sъmotriti	sŭmotriti	SMOTRITI	wiktionary_cat	-	-
sъ(n)	sŭ(n)	SN	wiktionary_cat	-	-
sъnabъděti	sŭnabŭdæːti	SNABDATI	wiktionary_cat	-	-
sъnědati	sŭnæːdati	SNADATI	wiktionary_cat	-	-
sъněsti	sŭnæːsti	SNASTI	wiktionary_cat	-	-
sъnęti	sŭnẽti	SNETI	wiktionary_cat	-	-
sъnьmъ	sŭnĭmŭ	SNM	wiktionary_cat	-	-
sъ(n)ǫzъ	sŭ(n)õzŭ	SNOS	wiktionary_cat	-	-
sъnъ	sŭnŭ	SN	wiktionary_cat	-	-
sъpadъ	sŭpadŭ	SPAD	wiktionary_cat	-	-
sъpati	sŭpati	SPATI	wiktionary_cat	-	-
sъ(p)nьje	sŭ(p)nĭje	SPNYE	wiktionary_cat	-	-
sъpokojьnъ	sŭpokojĭnŭ	SPOKOYN	wiktionary_cat	-	-
sъporьnъ	sŭporĭnŭ	SPORN	wiktionary_cat	-	-
sъporъ	sŭporŭ	SPOR	wiktionary_cat	-	-
sъposobьnъ	sŭposobĭnŭ	SPOSOBN	wiktionary_cat	-	-
sъposobъ	sŭposobŭ	SPOSOB	wiktionary_cat	-	-
sъpъ	sŭpŭ	SP	wiktionary_cat	-	-
sъrěsti	sŭræːsti	SRASTI	wiktionary_cat	-	-
sъrokъ	sŭrokŭ	SROK	wiktionary_cat	-	-
sъsati	sŭsati	SSATI	wiktionary_cat	-	-
sъsьlъ	sŭsĭlŭ	SSL	wiktionary_cat	-	-
sъsora	sŭsora	SSORA	wiktionary_cat	-	-
sъsǫdъ	sŭsõdŭ	SSOD	wiktionary_cat	-	-
sъsъka	sŭsŭka	SSKA	wiktionary_cat	-	-
sъto	sŭto	STO	wiktionary_cat	-	-
sъtrava	sŭtrava	STRABA	wiktionary_cat	-	-
sъtraviti	sŭtraviti	STRABITI	wiktionary_cat	-	-
sъtъ	sŭtŭ	ST	wiktionary_cat	-	-
sъtvarь	sŭtvarĭ	STBAR	wiktionary_cat	-	-
sъvada	sŭvada	SBADA	wiktionary_cat	-	-
sъvariti	sŭvariti	SBARITI	wiktionary_cat	-	-
Sъvarogъ	Sŭvaroɡŭ	0BAROG	wiktionary_cat	-	-
sъvarъ	sŭvarŭ	SBAR	wiktionary_cat	-	-
sъvědъkъ	sŭvæːdŭkŭ	SBADK	wiktionary_cat	-	-
sъvětъ	sŭvæːtŭ	SBAT	wiktionary_cat	-	-
sъvila	sŭvila	SBILA	wiktionary_cat	-	-
sъvodъ	sŭvodŭ	SBOD	wiktionary_cat	-	-
sъvora	sŭvora	SBORA	wiktionary_cat	-	-
sъvorьnь	sŭvorĭnĭ	SBORN	wiktionary_cat	-	-
sъvъkupiti	sŭvŭkupiti	SBKUPITI	wiktionary_cat	-	-
sъvyčajь	sŭvɨtʃajĭ	SBITSAY	wiktionary_cat	-	-
sъxnǫti	sŭxnõti	SKNOTI	wiktionary_cat	-	-
svariti	svariti	SBARITI	wiktionary_cat	-	-
svarъ	svarŭ	SBAR	wiktionary_cat	-	-
svati	svati	SBATI	wiktionary_cat	-	-
svatьba	svatĭba	SBATBA	wiktionary_cat	-	-
svatъ	svatŭ	SBAT	wiktionary_cat	-	-
svekrъ	svekrŭ	SBEKR	wiktionary_cat	-	-
svekry	svekrɨ	SBEKRI	wiktionary_cat	-	-
sverěpъ	sveræːpŭ	SBERAP	wiktionary_cat	-	-
světiti	svæːtiti	SBATITI	wiktionary_cat	-	-
světьlo	svæːtĭlo	SBATLO	wiktionary_cat	-	-
světьlъ	svæːtĭlŭ	SBATL	wiktionary_cat	-	-
světъ	svæːtŭ	SBAT	wiktionary_cat	-	-
svěťa	svæːtʲa	SBATA	wiktionary_cat	-	-
svěťařь	svæːtʲar̝ĭ	SBATAR	wiktionary_cat	-	-
svěťьnikъ	svæːtʲĭnikŭ	SBATNIK	wiktionary_cat	-	-
svěžь	svæːʒĭ	SBAS	wiktionary_cat	-	-
svętъ	svẽtŭ	SBET	wiktionary_cat	-	-
svidъ	svidŭ	SBID	wiktionary_cat	-	-
svinę	svinẽ	SBINE	wiktionary_cat	-	-
svinьcь	svinĭtsĭ	SBINTS	wiktionary_cat	-	-
svinьja	svinĭja	SBINYA	wiktionary_cat	-	-
svinъ	svinŭ	SBIN	wiktionary_cat	-	-
svirati	svirati	SBIRATI	wiktionary_cat	-	-
svirělь	sviræːlĭ	SBIRAL	wiktionary_cat	-	-
svirěpъ	sviræːpŭ	SBIRAP	wiktionary_cat	-	-
svistati	svistati	SBISTATI	wiktionary_cat	-	-
svьnǫti	svĭnõti	SBNOTI	wiktionary_cat	-	-
svьrběti	svĭrbæːti	SBRBATI	wiktionary_cat	-	-
svьrčь	svĭrtʃĭ	SBRTS	wiktionary_cat	-	-
svьrdьlъ	svĭrdĭlŭ	SBRDL	wiktionary_cat	-	-
svьtěti	svĭtæːti	SBTATI	wiktionary_cat	-	-
svoboda	svoboda	SBOBODA	wiktionary_cat	-	-
svobodьnъ	svobodĭnŭ	SBOBODN	wiktionary_cat	-	-
svojь	svojĭ	SBOY	wiktionary_cat	-	-
svorbъ	svorbŭ	SBORB	wiktionary_cat	-	-
svorga	svorɡa	SBORGA	wiktionary_cat	-	-
svorka	svorka	SBORKA	wiktionary_cat	-	-
sykora	sɨkora	SIKORA	wiktionary_cat	-	-
synъ	sɨnŭ	SIN	wiktionary_cat	-	-
sypati	sɨpati	SIPATI	wiktionary_cat	-	-
syrovatъka	sɨrovatŭka	SIROBATKA	wiktionary_cat	-	-
syrъ	sɨrŭ	SIR	wiktionary_cat	-	-
sytiti	sɨtiti	SITITI	wiktionary_cat	-	-
sytъ	sɨtŭ	SIT	wiktionary_cat	-	-
šaliti	ʃaliti	SALITI	wiktionary_cat	-	-
šastati	ʃastati	SASTATI	wiktionary_cat	-	-
šata	ʃata	SATA	wiktionary_cat	-	-
šatъ	ʃatŭ	SAT	wiktionary_cat	-	-
ščapъ	ʃtʃapŭ	STSAP	wiktionary_cat	-	-
ščedrъ	ʃtʃedrŭ	STSEDR	wiktionary_cat	-	-
ščeka	ʃtʃeka	STSEKA	wiktionary_cat	-	-
ščelina	ʃtʃelina	STSELINA	wiktionary_cat	-	-
ščelь	ʃtʃelĭ	STSEL	wiktionary_cat	-	-
ščenę	ʃtʃenẽ	STSENE	wiktionary_cat	-	-
ščepa	ʃtʃepa	STSEPA	wiktionary_cat	-	-
ščepati	ʃtʃepati	STSEPATI	wiktionary_cat	-	-
ščepiti	ʃtʃepiti	STSEPITI	wiktionary_cat	-	-
(š)četina	(ʃ)tʃetina	STSETINA	wiktionary_cat	-	-
(š)četъka	(ʃ)tʃetŭka	STSETKA	wiktionary_cat	-	-
ščęditi	ʃtʃẽditi	STSEDITI	wiktionary_cat	-	-
ščigъlъ	ʃtʃiɡŭlŭ	STSIGL	wiktionary_cat	-	-
ščikokoltъka	ʃtʃikokoltŭka	STSIKOKOLTKA	wiktionary_cat	-	-
ščipati	ʃtʃipati	STSIPATI	wiktionary_cat	-	-
ščirъ	ʃtʃirŭ	STSIR	wiktionary_cat	-	-
ščitъ	ʃtʃitŭ	STSIT	wiktionary_cat	-	-
ščьbьtati	ʃtʃĭbĭtati	STSBTATI	wiktionary_cat	-	-
ščьbьtъ	ʃtʃĭbĭtŭ	STSBT	wiktionary_cat	-	-
ščьkъtati	ʃtʃĭkŭtati	STSKTATI	wiktionary_cat	-	-
ščьrba	ʃtʃĭrba	STSRBA	wiktionary_cat	-	-
ščьvati	ʃtʃĭvati	STSBATI	wiktionary_cat	-	-
ščuka	ʃtʃuka	STSUKA	wiktionary_cat	-	-
ščupati	ʃtʃupati	STSUPATI	wiktionary_cat	-	-
ščuplъ	ʃtʃuplŭ	STSUPL	wiktionary_cat	-	-
ščurьcь	ʃtʃurĭtsĭ	STSURTS	wiktionary_cat	-	-
ščurъ	ʃtʃurŭ	STSUR	wiktionary_cat	-	-
šelmъ	ʃelmŭ	SELM	wiktionary_cat	-	-
šestь	ʃestĭ	SEST	wiktionary_cat	-	-
šestъ	ʃestŭ	SEST	wiktionary_cat	-	-
ševeliti	ʃeveliti	SEBELITI	wiktionary_cat	-	-
šęga	ʃẽɡa	SEGA	wiktionary_cat	-	-
šętati	ʃẽtati	SETATI	wiktionary_cat	-	-
šibati	ʃibati	SIBATI	wiktionary_cat	-	-
šibenica	ʃibenitsa	SIBENITSA	wiktionary_cat	-	-
šibъkъ	ʃibŭkŭ	SIBK	wiktionary_cat	-	-
šidlo	ʃidlo	SIDLO	wiktionary_cat	-	-
šija	ʃija	SIYA	wiktionary_cat	-	-
šipъ	ʃipŭ	SIP	wiktionary_cat	-	-
širina	ʃirina	SIRINA	wiktionary_cat	-	-
širiti	ʃiriti	SIRITI	wiktionary_cat	-	-
širь	ʃirĭ	SIR	wiktionary_cat	-	-
širokъ	ʃirokŭ	SIROK	wiktionary_cat	-	-
širъ	ʃirŭ	SIR	wiktionary_cat	-	-
šišьka	ʃiʃĭka	SISKA	wiktionary_cat	-	-
šiti	ʃiti	SITI	wiktionary_cat	-	-
šivačь	ʃivatʃĭ	SIBATS	wiktionary_cat	-	-
šьpъtati	ʃĭpŭtati	SPTATI	wiktionary_cat	-	-
šьpъtъ	ʃĭpŭtŭ	SPT	wiktionary_cat	-	-
šьstьje	ʃĭstĭje	SSTYE	wiktionary_cat	-	-
šьstъ	ʃĭstŭ	SST	wiktionary_cat	-	-
šьstvьje	ʃĭstvĭje	SSTBYE	wiktionary_cat	-	-
šьvьcь	ʃĭvĭtsĭ	SBTS	wiktionary_cat	-	-
šьvъ	ʃĭvŭ	SB	wiktionary_cat	-	-
šujь	ʃujĭ	SUY	wiktionary_cat	-	-
šulьga	ʃulĭɡa	SULGA	wiktionary_cat	-	-
šulo	ʃulo	SULO	wiktionary_cat	-	-
šulъ	ʃulŭ	SUL	wiktionary_cat	-	-
šuměti	ʃumæːti	SUMATI	wiktionary_cat	-	-
šumьnъ	ʃumĭnŭ	SUMN	wiktionary_cat	-	-
šumъ	ʃumŭ	SUM	wiktionary_cat	-	-
šurь	ʃurĭ	SUR	wiktionary_cat	-	-
šustrъ	ʃustrŭ	SUSTR	wiktionary_cat	-	-
šutiti	ʃutiti	SUTITI	wiktionary_cat	-	-
šutъ	ʃutŭ	SUT	wiktionary_cat	-	-
śědъ	sʲæːdŭ	SAD	wiktionary_cat	-	-
śěpati	sʲæːpati	SAPATI	wiktionary_cat	-	-
śěrь	sʲæːrĭ	SAR	wiktionary_cat	-	-
śěrъ	sʲæːrŭ	SAR	wiktionary_cat	-	-
ta	ta	TA	wiktionary_cat	-	-
tačati	tatʃati	TATSATI	wiktionary_cat	-	-
tajati	tajati	TAYATI	wiktionary_cat	-	-
tajiti	tajiti	TAYITI	wiktionary_cat	-	-
tajьna	tajĭna	TAYNA	wiktionary_cat	-	-
tajьnьstvenъ	tajĭnĭstvenŭ	TAYNSTBEN	wiktionary_cat	-	-
tajьnьstvo	tajĭnĭstvo	TAYNSTBO	wiktionary_cat	-	-
tajьnъ	tajĭnŭ	TAYN	wiktionary_cat	-	-
tako	tako	TAKO	wiktionary_cat	-	-
takъ	takŭ	TAK	wiktionary_cat	-	-
talь	talĭ	TAL	wiktionary_cat	-	-
tamo	tamo	TAMO	wiktionary_cat	-	-
taščiti	taʃtʃiti	TASTSITI	wiktionary_cat	-	-
tata	tata	TATA	wiktionary_cat	-	-
-tati	-tati	TATI	wiktionary_cat	-	-
tatь	tatĭ	TAT	wiktionary_cat	-	-
taviti	taviti	TABITI	wiktionary_cat	-	-
tekъ	tekŭ	TEK	wiktionary_cat	-	-
telěga	telæːɡa	TELAGA	wiktionary_cat	-	-
telę	telẽ	TELE	wiktionary_cat	-	-
telkti	telkti	TELKTI	wiktionary_cat	-	-
telťi	teltʲi	TELTI	wiktionary_cat	-	-
-teľь	-telʲĭ	TEL	wiktionary_cat	-	-
teneto	teneto	TENETO	wiktionary_cat	-	-
teplъ	teplŭ	TEPL	wiktionary_cat	-	-
terba	terba	TERBA	wiktionary_cat	-	-
terbiti	terbiti	TERBITI	wiktionary_cat	-	-
termъ	termŭ	TERM	wiktionary_cat	-	-
terti	terti	TERTI	wiktionary_cat	-	-
terzvъ	terzvŭ	TERSB	wiktionary_cat	-	-
tesařь	tesar̝ĭ	TESAR	wiktionary_cat	-	-
tesati	tesati	TESATI	wiktionary_cat	-	-
tesla	tesla	TESLA	wiktionary_cat	-	-
tesъ	tesŭ	TES	wiktionary_cat	-	-
teta	teta	TETA	wiktionary_cat	-	-
tetervь	tetervĭ	TETERB	wiktionary_cat	-	-
teti	teti	TETI	wiktionary_cat	-	-
teťi	tetʲi	TETI	wiktionary_cat	-	-
tějati	tæːjati	TAYATI	wiktionary_cat	-	-
tělo	tæːlo	TALO	wiktionary_cat	-	-
těmę	tæːmẽ	TAME	wiktionary_cat	-	-
těnь	tæːnĭ	TAN	wiktionary_cat	-	-
těřati	tæːr̝ati	TARATI	wiktionary_cat	-	-
těsnъ	tæːsnŭ	TASN	wiktionary_cat	-	-
těsto	tæːsto	TASTO	wiktionary_cat	-	-
těšiti	tæːʃiti	TASITI	wiktionary_cat	-	-
tęgati	tẽɡati	TEGATI	wiktionary_cat	-	-
tęgnǫti	tẽɡnõti	TEGNOTI	wiktionary_cat	-	-
tęgъ	tẽɡŭ	TEG	wiktionary_cat	-	-
tępati	tẽpati	TEPATI	wiktionary_cat	-	-
tęti	tẽti	TETI	wiktionary_cat	-	-
tętiva	tẽtiva	TETIBA	wiktionary_cat	-	-
tęťi	tẽtʲi	TETI	wiktionary_cat	-	-
tęžati	tẽʒati	TESATI	wiktionary_cat	-	-
tęželъ	tẽʒelŭ	TESEL	wiktionary_cat	-	-
tęžestь	tẽʒestĭ	TESEST	wiktionary_cat	-	-
tęžiti	tẽʒiti	TESITI	wiktionary_cat	-	-
tęžьjь	tẽʒĭjĭ	TESY	wiktionary_cat	-	-
tęžьkъ	tẽʒĭkŭ	TESK	wiktionary_cat	-	-
-ti	-ti	TI	wiktionary_cat	-	-
tiňa	tinʲa	TINA	wiktionary_cat	-	-
tisa	tisa	TISA	wiktionary_cat	-	-
tiskati	tiskati	TISKATI	wiktionary_cat	-	-
tisъ	tisŭ	TIS	wiktionary_cat	-	-
tišina	tiʃina	TISINA	wiktionary_cat	-	-
tixnǫti	tixnõti	TIKNOTI	wiktionary_cat	-	-
tixъ	tixŭ	TIK	wiktionary_cat	-	-
-tь	-tĭ	T	wiktionary_cat	-	-
-tьje	-tĭje	TYE	wiktionary_cat	-	-
tьlěti	tĭlæːti	TLATI	wiktionary_cat	-	-
tьlknǫti	tĭlknõti	TLKNOTI	wiktionary_cat	-	-
tьlo	tĭlo	TLO	wiktionary_cat	-	-
tьma	tĭma	TMA	wiktionary_cat	-	-
tьmьnica	tĭmĭnitsa	TMNITSA	wiktionary_cat	-	-
tьmьnъ	tĭmĭnŭ	TMN	wiktionary_cat	-	-
tьnъkъ	tĭnŭkŭ	TNK	wiktionary_cat	-	-
tьrnьje	tĭrnĭje	TRNYE	wiktionary_cat	-	-
tьrnъ	tĭrnŭ	TRN	wiktionary_cat	-	-
tьrpěti	tĭrpæːti	TRPATI	wiktionary_cat	-	-
tьrpъkъ	tĭrpŭkŭ	TRPK	wiktionary_cat	-	-
tьrzati	tĭrzati	TRSATI	wiktionary_cat	-	-
tьstь	tĭstĭ	TST	wiktionary_cat	-	-
tьšča	tĭʃtʃa	TSTSA	wiktionary_cat	-	-
tьzъ	tĭzŭ	TS	wiktionary_cat	-	-
tlaka	tlaka	TLAKA	wiktionary_cat	-	-
tobola	tobola	TOBOLA	wiktionary_cat	-	-
točiti	totʃiti	TOTSITI	wiktionary_cat	-	-
togъda	toɡŭda	TOGDA	wiktionary_cat	-	-
tokъ	tokŭ	TOK	wiktionary_cat	-	-
toliko	toliko	TOLIKO	wiktionary_cat	-	-
toliti	toliti	TOLITI	wiktionary_cat	-	-
tolka	tolka	TOLKA	wiktionary_cat	-	-
tolkti	tolkti	TOLKTI	wiktionary_cat	-	-
tolkъno	tolkŭno	TOLKNO	wiktionary_cat	-	-
tomiti	tomiti	TOMITI	wiktionary_cat	-	-
topiti	topiti	TOPITI	wiktionary_cat	-	-
topьrvo	topĭrvo	TOPRBO	wiktionary_cat	-	-
toplъ	toplŭ	TOPL	wiktionary_cat	-	-
topnǫti	topnõti	TOPNOTI	wiktionary_cat	-	-
topolь	topolĭ	TOPOL	wiktionary_cat	-	-
toporъ	toporŭ	TOPOR	wiktionary_cat	-	-
toriti	toriti	TORITI	wiktionary_cat	-	-
torkъ	torkŭ	TORK	wiktionary_cat	-	-
torpъ	torpŭ	TORP	wiktionary_cat	-	-
tortoriti	tortoriti	TORTORITI	wiktionary_cat	-	-
torъ	torŭ	TOR	wiktionary_cat	-	-
tovariščь	tovariʃtʃĭ	TOBARISTS	wiktionary_cat	-	-
tovarъ	tovarŭ	TOBAR	wiktionary_cat	-	-
toviti	toviti	TOBITI	wiktionary_cat	-	-
tǫča	tõtʃa	TOTSA	wiktionary_cat	-	-
tǫda	tõda	TODA	wiktionary_cat	-	-
tǫga	tõɡa	TOGA	wiktionary_cat	-	-
tǫgъ	tõɡŭ	TOG	wiktionary_cat	-	-
tǫpiti	tõpiti	TOPITI	wiktionary_cat	-	-
tǫpъ	tõpŭ	TOP	wiktionary_cat	-	-
tǫtьnъ	tõtĭnŭ	TOTN	wiktionary_cat	-	-
tǫxlъ	tõxlŭ	TOKL	wiktionary_cat	-	-
tǫžiti	tõʒiti	TOSITI	wiktionary_cat	-	-
tragъ	traɡŭ	TRAG	wiktionary_cat	-	-
trajati	trajati	TRAYATI	wiktionary_cat	-	-
tratiti	tratiti	TRATITI	wiktionary_cat	-	-
trava	trava	TRABA	wiktionary_cat	-	-
traviti	traviti	TRABITI	wiktionary_cat	-	-
travьnikъ	travĭnikŭ	TRABNIK	wiktionary_cat	-	-
travьňь	travĭnʲĭ	TRABN	wiktionary_cat	-	-
trepati	trepati	TREPATI	wiktionary_cat	-	-
trepetati	trepetati	TREPETATI	wiktionary_cat	-	-
trepetъ	trepetŭ	TREPET	wiktionary_cat	-	-
tretь	tretĭ	TRET	wiktionary_cat	-	-
trěska	træːska	TRASKA	wiktionary_cat	-	-
trěskati	træːskati	TRASKATI	wiktionary_cat	-	-
trěskъ	træːskŭ	TRASK	wiktionary_cat	-	-
trěščati	træːʃtʃati	TRASTSATI	wiktionary_cat	-	-
trěva	træːva	TRABA	wiktionary_cat	-	-
tręsti	trẽsti	TRESTI	wiktionary_cat	-	-
Trigolvъ	Triɡolvŭ	0RIGOLB	wiktionary_cat	-	-
trijьťi	trijĭtʲi	TRIYTI	wiktionary_cat	-	-
trimati	trimati	TRIMATI	wiktionary_cat	-	-
trьbuxъ	trĭbuxŭ	TRBUK	wiktionary_cat	-	-
trьje	trĭje	TRYE	wiktionary_cat	-	-
trьměti	trĭmæːti	TRMATI	wiktionary_cat	-	-
trьstь	trĭstĭ	TRST	wiktionary_cat	-	-
trьvoga	trĭvoɡa	TRBOGA	wiktionary_cat	-	-
trьvožiti	trĭvoʒiti	TRBOSITI	wiktionary_cat	-	-
trьvožьnъ	trĭvoʒĭnŭ	TRBOSN	wiktionary_cat	-	-
trojь	trojĭ	TROY	wiktionary_cat	-	-
tropa	tropa	TROPA	wiktionary_cat	-	-
troska	troska	TROSKA	wiktionary_cat	-	-
troskotъ	troskotŭ	TROSKOT	wiktionary_cat	-	-
trošiti	troʃiti	TROSITI	wiktionary_cat	-	-
trovati	trovati	TROBATI	wiktionary_cat	-	-
trǫba	trõba	TROBA	wiktionary_cat	-	-
trǫbiti	trõbiti	TROBITI	wiktionary_cat	-	-
trǫdъ	trõdŭ	TROD	wiktionary_cat	-	-
trǫsiti	trõsiti	TROSITI	wiktionary_cat	-	-
trǫsъ	trõsŭ	TROS	wiktionary_cat	-	-
trǫtiti	trõtiti	TROTITI	wiktionary_cat	-	-
trǫtъ	trõtŭ	TROT	wiktionary_cat	-	-
trǫtvъ	trõtvŭ	TROTB	wiktionary_cat	-	-
truditi	truditi	TRUDITI	wiktionary_cat	-	-
trudьnъ	trudĭnŭ	TRUDN	wiktionary_cat	-	-
trudъ	trudŭ	TRUD	wiktionary_cat	-	-
trupъ	trupŭ	TRUP	wiktionary_cat	-	-
truti	truti	TRUTI	wiktionary_cat	-	-
truxlъ	truxlŭ	TRUKL	wiktionary_cat	-	-
trъvati	trŭvati	TRBATI	wiktionary_cat	-	-
tryti	trɨti	TRITI	wiktionary_cat	-	-
tu	tu	TU	wiktionary_cat	-	-
tučьnъ	tutʃĭnŭ	TUTSN	wiktionary_cat	-	-
tukъ	tukŭ	TUK	wiktionary_cat	-	-
tuliti	tuliti	TULITI	wiktionary_cat	-	-
tulъ	tulŭ	TUL	wiktionary_cat	-	-
tuňь	tunʲĭ	TUN	wiktionary_cat	-	-
tupati	tupati	TUPATI	wiktionary_cat	-	-
turiti	turiti	TURITI	wiktionary_cat	-	-
turь	turĭ	TUR	wiktionary_cat	-	-
turъ	turŭ	TUR	wiktionary_cat	-	-
tuřь	tur̝ĭ	TUR	wiktionary_cat	-	-
tuřьcь	tur̝ĭtsĭ	TURTS	wiktionary_cat	-	-
tuskъ	tuskŭ	TUSK	wiktionary_cat	-	-
tušiti	tuʃiti	TUSITI	wiktionary_cat	-	-
tuxnǫti	tuxnõti	TUKNOTI	wiktionary_cat	-	-
-tъ	-tŭ	T	wiktionary_cat	-	-
tъ	tŭ	T	wiktionary_cat	-	-
tъčьka	tŭtʃĭka	TTSKA	wiktionary_cat	-	-
tъčьnъ	tŭtʃĭnŭ	TTSN	wiktionary_cat	-	-
tъďedьnь	tŭdʲedĭnĭ	TDEDN	wiktionary_cat	-	-
tъjьdьnь	tŭjĭdĭnĭ	TYDN	wiktionary_cat	-	-
tъjьžedьnь	tŭjĭʒedĭnĭ	TYSEDN	wiktionary_cat	-	-
tъkačь	tŭkatʃĭ	TKATS	wiktionary_cat	-	-
tъkanь	tŭkanĭ	TKAN	wiktionary_cat	-	-
tъkati	tŭkati	TKATI	wiktionary_cat	-	-
tъknǫti	tŭknõti	TKNOTI	wiktionary_cat	-	-
tъkъmo	tŭkŭmo	TKMO	wiktionary_cat	-	-
tъlěnъ	tŭlæːnŭ	TLAN	wiktionary_cat	-	-
tъlkovati	tŭlkovati	TLKOBATI	wiktionary_cat	-	-
tъlkъ	tŭlkŭ	TLK	wiktionary_cat	-	-
tъlmačiti	tŭlmatʃiti	TLMATSITI	wiktionary_cat	-	-
tъlmačь	tŭlmatʃĭ	TLMATS	wiktionary_cat	-	-
tъlpa	tŭlpa	TLPA	wiktionary_cat	-	-
tъlstъ	tŭlstŭ	TLST	wiktionary_cat	-	-
tъlšča	tŭlʃtʃa	TLSTSA	wiktionary_cat	-	-
tъpati	tŭpati	TPATI	wiktionary_cat	-	-
tъpъtati	tŭpŭtati	TPTATI	wiktionary_cat	-	-
tъpъtъ	tŭpŭtŭ	TPT	wiktionary_cat	-	-
tъrčati	tŭrtʃati	TRTSATI	wiktionary_cat	-	-
tъrčiti	tŭrtʃiti	TRTSITI	wiktionary_cat	-	-
tъrgati	tŭrɡati	TRGATI	wiktionary_cat	-	-
tъrgovati	tŭrɡovati	TRGOBATI	wiktionary_cat	-	-
tъrgъ	tŭrɡŭ	TRG	wiktionary_cat	-	-
tъrkati	tŭrkati	TRKATI	wiktionary_cat	-	-
tъrkъ	tŭrkŭ	TRK	wiktionary_cat	-	-
tъska	tŭska	TSKA	wiktionary_cat	-	-
tъščati	tŭʃtʃati	TSTSATI	wiktionary_cat	-	-
tъščeta	tŭʃtʃeta	TSTSETA	wiktionary_cat	-	-
tъščь	tŭʃtʃĭ	TSTS	wiktionary_cat	-	-
-tva	-tva	TBA	wiktionary_cat	-	-
tvarь	tvarĭ	TBAR	wiktionary_cat	-	-
tvarogъ	tvaroɡŭ	TBAROG	wiktionary_cat	-	-
tvьrditi	tvĭrditi	TBRDITI	wiktionary_cat	-	-
tvьrdь	tvĭrdĭ	TBRD	wiktionary_cat	-	-
tvьrdъ	tvĭrdŭ	TBRD	wiktionary_cat	-	-
tvojь	tvojĭ	TBOY	wiktionary_cat	-	-
tvoriti	tvoriti	TBORITI	wiktionary_cat	-	-
tvorьcь	tvorĭtsĭ	TBORTS	wiktionary_cat	-	-
tvorъ	tvorŭ	TBOR	wiktionary_cat	-	-
ty	tɨ	TI	wiktionary_cat	-	-
tykati	tɨkati	TIKATI	wiktionary_cat	-	-
tyky	tɨkɨ	TIKI	wiktionary_cat	-	-
tylъ	tɨlŭ	TIL	wiktionary_cat	-	-
tynъ	tɨnŭ	TIN	wiktionary_cat	-	-
tysǫti	tɨsõti	TISOTI	wiktionary_cat	-	-
tyti	tɨti	TITI	wiktionary_cat	-	-
-ťi	-tʲi	TI	wiktionary_cat	-	-
-ťь	-tʲĭ	T	wiktionary_cat	-	-
ťuďь	tʲudʲĭ	TUD	wiktionary_cat	-	-
ťutati	tʲutati	TUTATI	wiktionary_cat	-	-
ubogъ	uboɡŭ	UBOG	wiktionary_cat	-	-
učiti	utʃiti	UTSITI	wiktionary_cat	-	-
učьstivъ	utʃĭstivŭ	UTSSTIB	wiktionary_cat	-	-
udariti	udariti	UDARITI	wiktionary_cat	-	-
udobьnъ	udobĭnŭ	UDOBN	wiktionary_cat	-	-
udъ	udŭ	UD	wiktionary_cat	-	-
ugoda	uɡoda	UGODA	wiktionary_cat	-	-
-uja	-uja	UYA	wiktionary_cat	-	-
-ujь	-ujĭ	UY	wiktionary_cat	-	-
ujь	ujĭ	UY	wiktionary_cat	-	-
ujǫtъ	ujõtŭ	UYOT	wiktionary_cat	-	-
uklěja	uklæːja	UKLAYA	wiktionary_cat	-	-
ukrajina	ukrajina	UKRAYINA	wiktionary_cat	-	-
ulica	ulitsa	ULITSA	wiktionary_cat	-	-
ulьjь	ulĭjĭ	ULY	wiktionary_cat	-	-
ulybъka	ulɨbŭka	ULIBKA	wiktionary_cat	-	-
-uľa	-ulʲa	ULA	wiktionary_cat	-	-
uměti	umæːti	UMATI	wiktionary_cat	-	-
umъ	umŭ	UM	wiktionary_cat	-	-
uňьjь	unʲĭjĭ	UNY	wiktionary_cat	-	-
-unъ	-unŭ	UN	wiktionary_cat	-	-
upъvati	upŭvati	UPBATI	wiktionary_cat	-	-
uroďajь	urodʲajĭ	URODAY	wiktionary_cat	-	-
urokъ	urokŭ	UROK	wiktionary_cat	-	-
-urъ	-urŭ	UR	wiktionary_cat	-	-
uslo	uslo	USLO	wiktionary_cat	-	-
usmъ	usmŭ	USM	wiktionary_cat	-	-
uspěxъ	uspæːxŭ	USPAK	wiktionary_cat	-	-
usta	usta	USTA	wiktionary_cat	-	-
ustiti	ustiti	USTITI	wiktionary_cat	-	-
ustьje	ustĭje	USTYE	wiktionary_cat	-	-
ustьnъ	ustĭnŭ	USTN	wiktionary_cat	-	-
usъnǫti	usŭnõti	USNOTI	wiktionary_cat	-	-
uščьrbъ	uʃtʃĭrbŭ	USTSRB	wiktionary_cat	-	-
ušьnъ	uʃĭnŭ	USN	wiktionary_cat	-	-
utěxa	utæːxa	UTAKA	wiktionary_cat	-	-
uti	uti	UTI	wiktionary_cat	-	-
utro	utro	UTRO	wiktionary_cat	-	-
uvy	uvɨ	UBI	wiktionary_cat	-	-
uxo	uxo	UKO	wiktionary_cat	-	-
uzda	uzda	USDA	wiktionary_cat	-	-
užasъ	uʒasŭ	USAS	wiktionary_cat	-	-
-ъ	-ŭ		wiktionary_cat	-	-
-ъka	-ŭka	KA	wiktionary_cat	-	-
-ъkъ	-ŭkŭ	K	wiktionary_cat	-	-
-ъla	-ŭla	LA	wiktionary_cat	-	-
-ъlъ	-ŭlŭ	L	wiktionary_cat	-	-
-ъtь	-ŭtĭ	T	wiktionary_cat	-	-
-ъtъ	-ŭtŭ	T	wiktionary_cat	-	-
va	va	BA	wiktionary_cat	-	-
vabiti	vabiti	BABITI	wiktionary_cat	-	-
vada	vada	BADA	wiktionary_cat	-	-
vaditi	vaditi	BADITI	wiktionary_cat	-	-
vajati	vajati	BAYATI	wiktionary_cat	-	-
valežь	valeʒĭ	BALES	wiktionary_cat	-	-
valiti	valiti	BALITI	wiktionary_cat	-	-
valъ	valŭ	BAL	wiktionary_cat	-	-
vapa	vapa	BAPA	wiktionary_cat	-	-
vapьno	vapĭno	BAPNO	wiktionary_cat	-	-
variti	variti	BARITI	wiktionary_cat	-	-
varъ	varŭ	BAR	wiktionary_cat	-	-
vasnь	vasnĭ	BASN	wiktionary_cat	-	-
vašь	vaʃĭ	BAS	wiktionary_cat	-	-
večerъ	vetʃerŭ	BETSER	wiktionary_cat	-	-
vedro	vedro	BEDRO	wiktionary_cat	-	-
vedrъ	vedrŭ	BEDR	wiktionary_cat	-	-
velěti	velæːti	BELATI	wiktionary_cat	-	-
velikъ	velikŭ	BELIK	wiktionary_cat	-	-
velь	velĭ	BEL	wiktionary_cat	-	-
velьb(l)ǫdъ	velĭb(l)õdŭ	BELBLOD	wiktionary_cat	-	-
velьmi	velĭmi	BELMI	wiktionary_cat	-	-
velьrybъ	velĭrɨbŭ	BELRIB	wiktionary_cat	-	-
velťi	veltʲi	BELTI	wiktionary_cat	-	-
veprь	veprĭ	BEPR	wiktionary_cat	-	-
verditi	verditi	BERDITI	wiktionary_cat	-	-
verdьnъ	verdĭnŭ	BERDN	wiktionary_cat	-	-
verdъ	verdŭ	BERD	wiktionary_cat	-	-
verěja	veræːja	BERAYA	wiktionary_cat	-	-
veriga	veriɡa	BERIGA	wiktionary_cat	-	-
vermę	vermẽ	BERME	wiktionary_cat	-	-
versьňь	versĭnʲĭ	BERSN	wiktionary_cat	-	-
verskъ	verskŭ	BERSK	wiktionary_cat	-	-
versъ	versŭ	BERS	wiktionary_cat	-	-
verščati	verʃtʃati	BERSTSATI	wiktionary_cat	-	-
verteno	verteno	BERTENO	wiktionary_cat	-	-
verti	verti	BERTI	wiktionary_cat	-	-
verťa	vertʲa	BERTA	wiktionary_cat	-	-
verťi	vertʲi	BERTI	wiktionary_cat	-	-
verzti	verzti	BERSTI	wiktionary_cat	-	-
veselъ	veselŭ	BESEL	wiktionary_cat	-	-
veslo	veslo	BESLO	wiktionary_cat	-	-
vesl̥ce	vesl̥tse	BESLTSE	wiktionary_cat	-	-
vesna	vesna	BESNA	wiktionary_cat	-	-
vesti	vesti	BESTI	wiktionary_cat	-	-
vetъxъ	vetŭxŭ	BETK	wiktionary_cat	-	-
veťь	vetʲĭ	BET	wiktionary_cat	-	-
vezti	vezti	BESTI	wiktionary_cat	-	-
vě	væː	BA	wiktionary_cat	-	-
věčьnostь	væːtʃĭnostĭ	BATSNOST	wiktionary_cat	-	-
věčьnъ	væːtʃĭnŭ	BATSN	wiktionary_cat	-	-
věda	væːda	BADA	wiktionary_cat	-	-
věděti	væːdæːti	BADATI	wiktionary_cat	-	-
vědьma	væːdĭma	BADMA	wiktionary_cat	-	-
vědomъ	væːdomŭ	BADOM	wiktionary_cat	-	-
vědro	væːdro	BADRO	wiktionary_cat	-	-
vědr̥ce	væːdr̥tse	BADRTSE	wiktionary_cat	-	-
věďa	væːdʲa	BADA	wiktionary_cat	-	-
věja	væːja	BAYA	wiktionary_cat	-	-
vějati	væːjati	BAYATI	wiktionary_cat	-	-
vějь	væːjĭ	BAY	wiktionary_cat	-	-
věko	væːko	BAKO	wiktionary_cat	-	-
věkъ	væːkŭ	BAK	wiktionary_cat	-	-
věnikъ	væːnikŭ	BANIK	wiktionary_cat	-	-
věnьcь	væːnĭtsĭ	BANTS	wiktionary_cat	-	-
věno	væːno	BANO	wiktionary_cat	-	-
věnъkъ	væːnŭkŭ	BANK	wiktionary_cat	-	-
věra	væːra	BARA	wiktionary_cat	-	-
věriti	væːriti	BARITI	wiktionary_cat	-	-
věrьnostь	væːrĭnostĭ	BARNOST	wiktionary_cat	-	-
věrьnъ	væːrĭnŭ	BARN	wiktionary_cat	-	-
věrovati	væːrovati	BAROBATI	wiktionary_cat	-	-
věsiti	væːsiti	BASITI	wiktionary_cat	-	-
věstь	væːstĭ	BAST	wiktionary_cat	-	-
věstъ	væːstŭ	BAST	wiktionary_cat	-	-
věščati	væːʃtʃati	BASTSATI	wiktionary_cat	-	-
věščь	væːʃtʃĭ	BASTS	wiktionary_cat	-	-
věščьba	væːʃtʃĭba	BASTSBA	wiktionary_cat	-	-
věti	væːti	BATI	wiktionary_cat	-	-
větridlo	væːtridlo	BATRIDLO	wiktionary_cat	-	-
větrьnъ	væːtrĭnŭ	BATRN	wiktionary_cat	-	-
větrъ	væːtrŭ	BATR	wiktionary_cat	-	-
větъ	væːtŭ	BAT	wiktionary_cat	-	-
větvь	væːtvĭ	BATB	wiktionary_cat	-	-
věťati	væːtʲati	BATATI	wiktionary_cat	-	-
věťe	væːtʲe	BATE	wiktionary_cat	-	-
věverica	væːveritsa	BABERITSA	wiktionary_cat	-	-
věverъka	væːverŭka	BABERKA	wiktionary_cat	-	-
věxa	væːxa	BAKA	wiktionary_cat	-	-
věža	væːʒa	BASA	wiktionary_cat	-	-
vędnǫti	vẽdnõti	BEDNOTI	wiktionary_cat	-	-
vęslo	vẽslo	BESLO	wiktionary_cat	-	-
Vęťeslavъ	Vẽtʲeslavŭ	0ETESLAB	wiktionary_cat	-	-
vęťьjь	vẽtʲĭjĭ	BETY	wiktionary_cat	-	-
vęzati	vẽzati	BESATI	wiktionary_cat	-	-
vęzti	vẽzti	BESTI	wiktionary_cat	-	-
vęzъ	vẽzŭ	BES	wiktionary_cat	-	-
viděti	vidæːti	BIDATI	wiktionary_cat	-	-
vidimъ	vidimŭ	BIDIM	wiktionary_cat	-	-
vidla	vidla	BIDLA	wiktionary_cat	-	-
vidъ	vidŭ	BID	wiktionary_cat	-	-
vijunъ	vijunŭ	BIYUN	wiktionary_cat	-	-
vila	vila	BILA	wiktionary_cat	-	-
vina	vina	BINA	wiktionary_cat	-	-
viniti	viniti	BINITI	wiktionary_cat	-	-
viňaga	vinʲaɡa	BINAGA	wiktionary_cat	-	-
vino	vino	BINO	wiktionary_cat	-	-
vinogordъ	vinoɡordŭ	BINOGORD	wiktionary_cat	-	-
vira	vira	BIRA	wiktionary_cat	-	-
virъ	virŭ	BIR	wiktionary_cat	-	-
visěti	visæːti	BISATI	wiktionary_cat	-	-
visnǫti	visnõti	BISNOTI	wiktionary_cat	-	-
višьňa	viʃĭnʲa	BISNA	wiktionary_cat	-	-
višьňevъ	viʃĭnʲevŭ	BISNEB	wiktionary_cat	-	-
vitati	vitati	BITATI	wiktionary_cat	-	-
vitędzь	vitẽdzĭ	BITEDS	wiktionary_cat	-	-
viti	viti	BITI	wiktionary_cat	-	-
vitь	vitĭ	BIT	wiktionary_cat	-	-
vixъrъ	vixŭrŭ	BIKR	wiktionary_cat	-	-
vьčera	vĭtʃera	BTSERA	wiktionary_cat	-	-
vьdova	vĭdova	BDOBA	wiktionary_cat	-	-
vьdovica	vĭdovitsa	BDOBITSA	wiktionary_cat	-	-
vьlčę	vĭltʃẽ	BLTSE	wiktionary_cat	-	-
vьlčica	vĭltʃitsa	BLTSITSA	wiktionary_cat	-	-
vьlčina	vĭltʃina	BLTSINA	wiktionary_cat	-	-
vьlčь	vĭltʃĭ	BLTS	wiktionary_cat	-	-
vьlgnǫti	vĭlɡnõti	BLGNOTI	wiktionary_cat	-	-
vьlgъkъ	vĭlɡŭkŭ	BLGK	wiktionary_cat	-	-
vьlkolakъ	vĭlkolakŭ	BLKOLAK	wiktionary_cat	-	-
vьlkъ	vĭlkŭ	BLK	wiktionary_cat	-	-
vьlna	vĭlna	BLNA	wiktionary_cat	-	-
vьračь	vĭratʃĭ	BRATS	wiktionary_cat	-	-
vьrati	vĭrati	BRATI	wiktionary_cat	-	-
vьrba	vĭrba	BRBA	wiktionary_cat	-	-
vьrěti	vĭræːti	BRATI	wiktionary_cat	-	-
vьrgati	vĭrɡati	BRGATI	wiktionary_cat	-	-
vьrgnǫti	vĭrɡnõti	BRGNOTI	wiktionary_cat	-	-
vьrmьje	vĭrmĭje	BRMYE	wiktionary_cat	-	-
vьrsta	vĭrsta	BRSTA	wiktionary_cat	-	-
vьrstva	vĭrstva	BRSTBA	wiktionary_cat	-	-
vьrša	vĭrʃa	BRSA	wiktionary_cat	-	-
vьršiti	vĭrʃiti	BRSITI	wiktionary_cat	-	-
vьrtěti	vĭrtæːti	BRTATI	wiktionary_cat	-	-
vьrtъ	vĭrtŭ	BRT	wiktionary_cat	-	-
vьrtъpъ	vĭrtŭpŭ	BRTP	wiktionary_cat	-	-
vьrťi	vĭrtʲi	BRTI	wiktionary_cat	-	-
vьrvь	vĭrvĭ	BRB	wiktionary_cat	-	-
vьrxolъ	vĭrxolŭ	BRKOL	wiktionary_cat	-	-
vьrxъ	vĭrxŭ	BRK	wiktionary_cat	-	-
vьrzati	vĭrzati	BRSATI	wiktionary_cat	-	-
vьsegъda	vĭseɡŭda	BSEGDA	wiktionary_cat	-	-
vьsь	vĭsĭ	BS	wiktionary_cat	-	-
vьśako	vĭsʲako	BSAKO	wiktionary_cat	-	-
vьśamo	vĭsʲamo	BSAMO	wiktionary_cat	-	-
vьśegъda	vĭsʲeɡŭda	BSEGDA	wiktionary_cat	-	-
vьśěmo	vĭsʲæːmo	BSAMO	wiktionary_cat	-	-
vьśь	vĭsʲĭ	BS	wiktionary_cat	-	-
vьśǫdu	vĭsʲõdu	BSODU	wiktionary_cat	-	-
vьxǫdu	vĭxõdu	BKODU	wiktionary_cat	-	-
vьxъde	vĭxŭde	BKDE	wiktionary_cat	-	-
voda	voda	BODA	wiktionary_cat	-	-
voditi	voditi	BODITI	wiktionary_cat	-	-
vodьnikъ	vodĭnikŭ	BODNIK	wiktionary_cat	-	-
voďь	vodʲĭ	BOD	wiktionary_cat	-	-
vojakъ	vojakŭ	BOYAK	wiktionary_cat	-	-
vojevati	vojevati	BOYEBATI	wiktionary_cat	-	-
vojevoda	vojevoda	BOYEBODA	wiktionary_cat	-	-
voji	voji	BOYI	wiktionary_cat	-	-
vojinьskъ	vojinĭskŭ	BOYINSK	wiktionary_cat	-	-
vojinъ	vojinŭ	BOYIN	wiktionary_cat	-	-
vojь	vojĭ	BOY	wiktionary_cat	-	-
vojьna	vojĭna	BOYNA	wiktionary_cat	-	-
vojьnьnъ	vojĭnĭnŭ	BOYNN	wiktionary_cat	-	-
vojьsko	vojĭsko	BOYSKO	wiktionary_cat	-	-
volati	volati	BOLATI	wiktionary_cat	-	-
volčiti	voltʃiti	BOLTSITI	wiktionary_cat	-	-
voldati	voldati	BOLDATI	wiktionary_cat	-	-
volděti	voldæːti	BOLDATI	wiktionary_cat	-	-
Voldiměrъ	Voldimæːrŭ	0OLDIMAR	wiktionary_cat	-	-
volga	volɡa	BOLGA	wiktionary_cat	-	-
voliti	voliti	BOLITI	wiktionary_cat	-	-
volkъ	volkŭ	BOLK	wiktionary_cat	-	-
volkъno	volkŭno	BOLKNO	wiktionary_cat	-	-
volsь	volsĭ	BOLS	wiktionary_cat	-	-
volsti	volsti	BOLSTI	wiktionary_cat	-	-
volstь	volstĭ	BOLST	wiktionary_cat	-	-
volsъ	volsŭ	BOLS	wiktionary_cat	-	-
volšьskъ	volʃĭskŭ	BOLSSK	wiktionary_cat	-	-
voltь	voltĭ	BOLT	wiktionary_cat	-	-
volъ	volŭ	BOL	wiktionary_cat	-	-
volxъ	volxŭ	BOLK	wiktionary_cat	-	-
volžiti	volʒiti	BOLSITI	wiktionary_cat	-	-
voľa	volʲa	BOLA	wiktionary_cat	-	-
voľьnъ	volʲĭnŭ	BOLN	wiktionary_cat	-	-
voňati	vonʲati	BONATI	wiktionary_cat	-	-
voňь	vonʲĭ	BON	wiktionary_cat	-	-
vorbь	vorbĭ	BORB	wiktionary_cat	-	-
vorbьcь	vorbĭtsĭ	BORBTS	wiktionary_cat	-	-
vorbьjь	vorbĭjĭ	BORBY	wiktionary_cat	-	-
vorbьľь	vorbĭlʲĭ	BORBL	wiktionary_cat	-	-
vorgъ	vorɡŭ	BORG	wiktionary_cat	-	-
vorna	vorna	BORNA	wiktionary_cat	-	-
vornь	vornĭ	BORN	wiktionary_cat	-	-
vornъ	vornŭ	BORN	wiktionary_cat	-	-
voršiti	vorʃiti	BORSITI	wiktionary_cat	-	-
vorta	vorta	BORTA	wiktionary_cat	-	-
vortičь	vortitʃĭ	BORTITS	wiktionary_cat	-	-
vortiti	vortiti	BORTITI	wiktionary_cat	-	-
vortъ	vortŭ	BORT	wiktionary_cat	-	-
vorťati	vortʲati	BORTATI	wiktionary_cat	-	-
vorxъ	vorxŭ	BORK	wiktionary_cat	-	-
voržiti	vorʒiti	BORSITI	wiktionary_cat	-	-
voržьba	vorʒĭba	BORSBA	wiktionary_cat	-	-
voržьda	vorʒĭda	BORSDA	wiktionary_cat	-	-
voskъ	voskŭ	BOSK	wiktionary_cat	-	-
voziti	voziti	BOSITI	wiktionary_cat	-	-
vozъ	vozŭ	BOS	wiktionary_cat	-	-
-vъ	-vŭ	B	wiktionary_cat	-	-
vъkusьnъ	vŭkusĭnŭ	BKUSN	wiktionary_cat	-	-
vъkusъ	vŭkusŭ	BKUS	wiktionary_cat	-	-
vъlšьba	vŭlʃĭba	BLSBA	wiktionary_cat	-	-
vъ(n)	vŭ(n)	BN	wiktionary_cat	-	-
vъniti	vŭniti	BNITI	wiktionary_cat	-	-
vъnǫtrь	vŭnõtrĭ	BNOTR	wiktionary_cat	-	-
vъnǫtrьnъ	vŭnõtrĭnŭ	BNOTRN	wiktionary_cat	-	-
vъnuka	vŭnuka	BNUKA	wiktionary_cat	-	-
vъnukъ	vŭnukŭ	BNUK	wiktionary_cat	-	-
vъnъ	vŭnŭ	BN	wiktionary_cat	-	-
vъpiti	vŭpiti	BPITI	wiktionary_cat	-	-
vъplь	vŭplĭ	BPL	wiktionary_cat	-	-
vъrčati	vŭrtʃati	BRTSATI	wiktionary_cat	-	-
vъšь	vŭʃĭ	BS	wiktionary_cat	-	-
vъtorьnikъ	vŭtorĭnikŭ	BTORNIK	wiktionary_cat	-	-
vъtorъ	vŭtorŭ	BTOR	wiktionary_cat	-	-
vъtorъkъ	vŭtorŭkŭ	BTORK	wiktionary_cat	-	-
vъz	vŭz	BS	wiktionary_cat	-	-
vъz-	vŭz-	BS	wiktionary_cat	-	-
vъzajьmьnъ	vŭzajĭmĭnŭ	BSAYMN	wiktionary_cat	-	-
vъzduxъ	vŭzduxŭ	BSDUK	wiktionary_cat	-	-
vъzęti	vŭzẽti	BSETI	wiktionary_cat	-	-
vъzkrьsnǫti	vŭzkrĭsnõti	BSKRSNOTI	wiktionary_cat	-	-
vъzorъ	vŭzorŭ	BSOR	wiktionary_cat	-	-
vъzraziti	vŭzraziti	BSRASITI	wiktionary_cat	-	-
vy	vɨ	BI	wiktionary_cat	-	-
vy-	vɨ-	BI	wiktionary_cat	-	-
vydati	vɨdati	BIDATI	wiktionary_cat	-	-
vydavati	vɨdavati	BIDABATI	wiktionary_cat	-	-
vydra	vɨdra	BIDRA	wiktionary_cat	-	-
vygъňь	vɨɡŭnʲĭ	BIGN	wiktionary_cat	-	-
vyja	vɨja	BIYA	wiktionary_cat	-	-
vykati	vɨkati	BIKATI	wiktionary_cat	-	-
vyknǫti	vɨknõti	BIKNOTI	wiktionary_cat	-	-
vymę	vɨmẽ	BIME	wiktionary_cat	-	-
vysiti	vɨsiti	BISITI	wiktionary_cat	-	-
vysь	vɨsĭ	BIS	wiktionary_cat	-	-
vysokъ	vɨsokŭ	BISOK	wiktionary_cat	-	-
vysъlati	vɨsŭlati	BISLATI	wiktionary_cat	-	-
vyšьjь	vɨʃĭjĭ	BISY	wiktionary_cat	-	-
vyti	vɨti	BITI	wiktionary_cat	-	-
vyza	vɨza	BISA	wiktionary_cat	-	-
vyzъ	vɨzŭ	BIS	wiktionary_cat	-	-
xa	xa	KA	wiktionary_cat	-	-
xabiti	xabiti	KABITI	wiktionary_cat	-	-
xabьnъ	xabĭnŭ	KABN	wiktionary_cat	-	-
xabъ	xabŭ	KAB	wiktionary_cat	-	-
xajati	xajati	KAYATI	wiktionary_cat	-	-
xala	xala	KALA	wiktionary_cat	-	-
xalěpa	xalæːpa	KALAPA	wiktionary_cat	-	-
xalǫga	xalõɡa	KALOGA	wiktionary_cat	-	-
xalupa	xalupa	KALUPA	wiktionary_cat	-	-
xapati	xapati	KAPATI	wiktionary_cat	-	-
xarati	xarati	KARATI	wiktionary_cat	-	-
xariti	xariti	KARITI	wiktionary_cat	-	-
xarobura	xarobura	KAROBURA	wiktionary_cat	-	-
xarobylьje	xarobɨlĭje	KAROBILYE	wiktionary_cat	-	-
xaropǫditi	xaropõditi	KAROPODITI	wiktionary_cat	-	-
xarъ	xarŭ	KAR	wiktionary_cat	-	-
xata	xata	KATA	wiktionary_cat	-	-
xatъrъčь	xatŭrŭtʃĭ	KATRTS	wiktionary_cat	-	-
xava	xava	KABA	wiktionary_cat	-	-
xlapa	xlapa	KLAPA	wiktionary_cat	-	-
xlebati	xlebati	KLEBATI	wiktionary_cat	-	-
xlestati	xlestati	KLESTATI	wiktionary_cat	-	-
xlěbьcь	xlæːbĭtsĭ	KLABTS	wiktionary_cat	-	-
xlěbьnica	xlæːbĭnitsa	KLABNITSA	wiktionary_cat	-	-
xlěbьnikъ	xlæːbĭnikŭ	KLABNIK	wiktionary_cat	-	-
xlěbьnъ	xlæːbĭnŭ	KLABN	wiktionary_cat	-	-
xlěbovina	xlæːbovina	KLABOBINA	wiktionary_cat	-	-
xlěbovъ	xlæːbovŭ	KLABOB	wiktionary_cat	-	-
xlěbъ	xlæːbŭ	KLAB	wiktionary_cat	-	-
xlěvъ	xlæːvŭ	KLAB	wiktionary_cat	-	-
xlipati	xlipati	KLIPATI	wiktionary_cat	-	-
xlopati	xlopati	KLOPATI	wiktionary_cat	-	-
xlǫdъ	xlõdŭ	KLOD	wiktionary_cat	-	-
xlynǫti	xlɨnõti	KLINOTI	wiktionary_cat	-	-
xmara	xmara	KMARA	wiktionary_cat	-	-
xmuriti	xmuriti	KMURITI	wiktionary_cat	-	-
xmurьnъ	xmurĭnŭ	KMURN	wiktionary_cat	-	-
xmyzъ	xmɨzŭ	KMIS	wiktionary_cat	-	-
xobotъ	xobotŭ	KOBOT	wiktionary_cat	-	-
xodęťь	xodẽtʲĭ	KODET	wiktionary_cat	-	-
xoditi	xoditi	KODITI	wiktionary_cat	-	-
xodьba	xodĭba	KODBA	wiktionary_cat	-	-
xoduľa	xodulʲa	KODULA	wiktionary_cat	-	-
xodъ	xodŭ	KOD	wiktionary_cat	-	-
xolditi	xolditi	KOLDITI	wiktionary_cat	-	-
xoldьnъ	xoldĭnŭ	KOLDN	wiktionary_cat	-	-
xoldъ	xoldŭ	KOLD	wiktionary_cat	-	-
xoliti	xoliti	KOLITI	wiktionary_cat	-	-
xolkъ	xolkŭ	KOLK	wiktionary_cat	-	-
xolpьcь	xolpĭtsĭ	KOLPTS	wiktionary_cat	-	-
xolpъ	xolpŭ	KOLP	wiktionary_cat	-	-
xolstъ	xolstŭ	KOLST	wiktionary_cat	-	-
xolъka	xolŭka	KOLKA	wiktionary_cat	-	-
xoľeva	xolʲeva	KOLEBA	wiktionary_cat	-	-
xoměkъ	xomæːkŭ	KOMAK	wiktionary_cat	-	-
xoměstorъ	xomæːstorŭ	KOMASTOR	wiktionary_cat	-	-
xomǫtъ	xomõtŭ	KOMOT	wiktionary_cat	-	-
xopiti	xopiti	KOPITI	wiktionary_cat	-	-
xorbrostь	xorbrostĭ	KORBROST	wiktionary_cat	-	-
xorbrъ	xorbrŭ	KORBR	wiktionary_cat	-	-
xormъ	xormŭ	KORM	wiktionary_cat	-	-
xorna	xorna	KORNA	wiktionary_cat	-	-
xorniti	xorniti	KORNITI	wiktionary_cat	-	-
xorostь	xorostĭ	KOROST	wiktionary_cat	-	-
xoroščьnъ	xoroʃtʃĭnŭ	KOROSTSN	wiktionary_cat	-	-
xorovitъ	xorovitŭ	KOROBIT	wiktionary_cat	-	-
xorǫgy	xorõɡɨ	KOROGI	wiktionary_cat	-	-
xorpuxa	xorpuxa	KORPUKA	wiktionary_cat	-	-
xorъ	xorŭ	KOR	wiktionary_cat	-	-
xorxoriti	xorxoriti	KORKORITI	wiktionary_cat	-	-
xotěti	xotæːti	KOTATI	wiktionary_cat	-	-
xovati	xovati	KOBATI	wiktionary_cat	-	-
xoxolъ	xoxolŭ	KOKOL	wiktionary_cat	-	-
xoxotati	xoxotati	KOKOTATI	wiktionary_cat	-	-
xoxotъ	xoxotŭ	KOKOT	wiktionary_cat	-	-
xoxuľa	xoxulʲa	KOKULA	wiktionary_cat	-	-
xǫdogъ	xõdoɡŭ	KODOG	wiktionary_cat	-	-
xǫtь	xõtĭ	KOT	wiktionary_cat	-	-
xramati	xramati	KRAMATI	wiktionary_cat	-	-
xrapěti	xrapæːti	KRAPATI	wiktionary_cat	-	-
xrěnъ	xræːnŭ	KRAN	wiktionary_cat	-	-
xręščь	xrẽʃtʃĭ	KRESTS	wiktionary_cat	-	-
xripěti	xripæːti	KRIPATI	wiktionary_cat	-	-
xrьbьtъ	xrĭbĭtŭ	KRBT	wiktionary_cat	-	-
xrobakъ	xrobakŭ	KROBAK	wiktionary_cat	-	-
xromiti	xromiti	KROMITI	wiktionary_cat	-	-
xromьcь	xromĭtsĭ	KROMTS	wiktionary_cat	-	-
xromostь	xromostĭ	KROMOST	wiktionary_cat	-	-
xromota	xromota	KROMOTA	wiktionary_cat	-	-
xromъ	xromŭ	KROM	wiktionary_cat	-	-
xroti	xroti	KROTI	wiktionary_cat	-	-
xrǫščalь	xrõʃtʃalĭ	KROSTSAL	wiktionary_cat	-	-
xrǫščь	xrõʃtʃĭ	KROSTS	wiktionary_cat	-	-
xrupati	xrupati	KRUPATI	wiktionary_cat	-	-
xrupъkъ	xrupŭkŭ	KRUPK	wiktionary_cat	-	-
xudoba	xudoba	KUDOBA	wiktionary_cat	-	-
xudostь	xudostĭ	KUDOST	wiktionary_cat	-	-
xudъ	xudŭ	KUD	wiktionary_cat	-	-
xujь	xujĭ	KUY	wiktionary_cat	-	-
xula	xula	KULA	wiktionary_cat	-	-
xuliti	xuliti	KULITI	wiktionary_cat	-	-
-xъ	-xŭ	K	wiktionary_cat	-	-
xъlmъ	xŭlmŭ	KLM	wiktionary_cat	-	-
xъmeľь	xŭmelʲĭ	KMEL	wiktionary_cat	-	-
xъrkati	xŭrkati	KRKATI	wiktionary_cat	-	-
Xъrsъ	Xŭrsŭ	0RS	wiktionary_cat	-	-
xъrtica	xŭrtitsa	KRTITSA	wiktionary_cat	-	-
xъrtъ	xŭrtŭ	KRT	wiktionary_cat	-	-
xъrvatъ	xŭrvatŭ	KRBAT	wiktionary_cat	-	-
xъtěti	xŭtæːti	KTATI	wiktionary_cat	-	-
xъtivъ	xŭtivŭ	KTIB	wiktionary_cat	-	-
xvala	xvala	KBALA	wiktionary_cat	-	-
xvaliti	xvaliti	KBALITI	wiktionary_cat	-	-
xvalьba	xvalĭba	KBALBA	wiktionary_cat	-	-
xvastati	xvastati	KBASTATI	wiktionary_cat	-	-
xvatati	xvatati	KBATATI	wiktionary_cat	-	-
xvatiti	xvatiti	KBATITI	wiktionary_cat	-	-
xvěti	xvæːti	KBATI	wiktionary_cat	-	-
xvoja	xvoja	KBOYA	wiktionary_cat	-	-
xvojica	xvojitsa	KBOYITSA	wiktionary_cat	-	-
xvojina	xvojina	KBOYINA	wiktionary_cat	-	-
xvojь	xvojĭ	KBOY	wiktionary_cat	-	-
xvojьka	xvojĭka	KBOYKA	wiktionary_cat	-	-
xvojьnъ	xvojĭnŭ	KBOYN	wiktionary_cat	-	-
xvoroba	xvoroba	KBOROBA	wiktionary_cat	-	-
xvorstьje	xvorstĭje	KBORSTYE	wiktionary_cat	-	-
xvorstъ	xvorstŭ	KBORST	wiktionary_cat	-	-
xvorъ	xvorŭ	KBOR	wiktionary_cat	-	-
xvostъ	xvostŭ	KBOST	wiktionary_cat	-	-
xvoščь	xvoʃtʃĭ	KBOSTS	wiktionary_cat	-	-
xyba	xɨba	KIBA	wiktionary_cat	-	-
xybati	xɨbati	KIBATI	wiktionary_cat	-	-
xybiti	xɨbiti	KIBITI	wiktionary_cat	-	-
xyliti	xɨliti	KILITI	wiktionary_cat	-	-
xylъ	xɨlŭ	KIL	wiktionary_cat	-	-
xyniti	xɨniti	KINITI	wiktionary_cat	-	-
xyrěti	xɨræːti	KIRATI	wiktionary_cat	-	-
xyrъ	xɨrŭ	KIR	wiktionary_cat	-	-
xytiti	xɨtiti	KITITI	wiktionary_cat	-	-
xytriti	xɨtriti	KITRITI	wiktionary_cat	-	-
xytrьcь	xɨtrĭtsĭ	KITRTS	wiktionary_cat	-	-
xytrostь	xɨtrostĭ	KITROST	wiktionary_cat	-	-
xytrъ	xɨtrŭ	KITR	wiktionary_cat	-	-
xyťьnъ	xɨtʲĭnŭ	KITN	wiktionary_cat	-	-
xyža	xɨʒa	KISA	wiktionary_cat	-	-
-y	-ɨ	I	wiktionary_cat	-	-
-yka	-ɨka	IKA	wiktionary_cat	-	-
-yľь	-ɨlʲĭ	IL	wiktionary_cat	-	-
-yni	-ɨni	INI	wiktionary_cat	-	-
-ynъ	-ɨnŭ	IN	wiktionary_cat	-	-
za	za	SA	wiktionary_cat	-	-
za utra	za utra	SAUTRA	wiktionary_cat	-	-
zabava	zabava	SABABA	wiktionary_cat	-	-
zabavьnъ	zabavĭnŭ	SABABN	wiktionary_cat	-	-
zabordlo	zabordlo	SABORDLO	wiktionary_cat	-	-
zabyti	zabɨti	SABITI	wiktionary_cat	-	-
začęti	zatʃẽti	SATSETI	wiktionary_cat	-	-
zadьnica	zadĭnitsa	SADNITSA	wiktionary_cat	-	-
zaduxъ	zaduxŭ	SADUK	wiktionary_cat	-	-
zadъ	zadŭ	SAD	wiktionary_cat	-	-
zajęcь	zajẽtsĭ	SAYETS	wiktionary_cat	-	-
zajьčę	zajĭtʃẽ	SAYTSE	wiktionary_cat	-	-
zajьka	zajĭka	SAYKA	wiktionary_cat	-	-
zajьvъ	zajĭvŭ	SAYB	wiktionary_cat	-	-
zajukъ	zajukŭ	SAYUK	wiktionary_cat	-	-
zakonъ	zakonŭ	SAKON	wiktionary_cat	-	-
zalogъ	zaloɡŭ	SALOG	wiktionary_cat	-	-
zamъkъ	zamŭkŭ	SAMK	wiktionary_cat	-	-
zaňe	zanʲe	SANE	wiktionary_cat	-	-
zanovětь	zanovæːtĭ	SANOBAT	wiktionary_cat	-	-
zapadъ	zapadŭ	SAPAD	wiktionary_cat	-	-
zapęstьje	zapẽstĭje	SAPESTYE	wiktionary_cat	-	-
zapojь	zapojĭ	SAPOY	wiktionary_cat	-	-
zaporъ	zaporŭ	SAPOR	wiktionary_cat	-	-
zapovědь	zapovæːdĭ	SAPOBAD	wiktionary_cat	-	-
zapъrtъkъ	zapŭrtŭkŭ	SAPRTK	wiktionary_cat	-	-
zaraza	zaraza	SARASA	wiktionary_cat	-	-
zaraziti	zaraziti	SARASITI	wiktionary_cat	-	-
zaslonъ	zaslonŭ	SASLON	wiktionary_cat	-	-
zasluga	zasluɡa	SASLUGA	wiktionary_cat	-	-
zatopnъ	zatopnŭ	SATOPN	wiktionary_cat	-	-
zatorъ	zatorŭ	SATOR	wiktionary_cat	-	-
zatъxlъ	zatŭxlŭ	SATKL	wiktionary_cat	-	-
zautrъkъ	zautrŭkŭ	SAUTRK	wiktionary_cat	-	-
zavada	zavada	SABADA	wiktionary_cat	-	-
zaverti	zaverti	SABERTI	wiktionary_cat	-	-
zavětъ	zavæːtŭ	SABAT	wiktionary_cat	-	-
zavistь	zavistĭ	SABIST	wiktionary_cat	-	-
zavorъ	zavorŭ	SABOR	wiktionary_cat	-	-
zelenъ	zelenŭ	SELEN	wiktionary_cat	-	-
zelьje	zelĭje	SELYE	wiktionary_cat	-	-
zemь	zemĭ	SEM	wiktionary_cat	-	-
zemьnъ	zemĭnŭ	SEMN	wiktionary_cat	-	-
zemľa	zemlʲa	SEMLA	wiktionary_cat	-	-
zemľanъ	zemlʲanŭ	SEMLAN	wiktionary_cat	-	-
zěnica	zæːnitsa	SANITSA	wiktionary_cat	-	-
zěpati	zæːpati	SAPATI	wiktionary_cat	-	-
zěvati	zæːvati	SABATI	wiktionary_cat	-	-
zěviti	zæːviti	SABITI	wiktionary_cat	-	-
zěvъ	zæːvŭ	SAB	wiktionary_cat	-	-
zěxati	zæːxati	SAKATI	wiktionary_cat	-	-
zęba	zẽba	SEBA	wiktionary_cat	-	-
zębnǫti	zẽbnõti	SEBNOTI	wiktionary_cat	-	-
zęti	zẽti	SETI	wiktionary_cat	-	-
zętь	zẽtĭ	SET	wiktionary_cat	-	-
-zgъ	-zɡŭ	SG	wiktionary_cat	-	-
zidъ	zidŭ	SID	wiktionary_cat	-	-
zijati	zijati	SIYATI	wiktionary_cat	-	-
zima	zima	SIMA	wiktionary_cat	-	-
zimьnъ	zimĭnŭ	SIMN	wiktionary_cat	-	-
zinǫti	zinõti	SINOTI	wiktionary_cat	-	-
zьdati	zĭdati	SDATI	wiktionary_cat	-	-
zьdunъ	zĭdunŭ	SDUN	wiktionary_cat	-	-
zьlčь	zĭltʃĭ	SLTS	wiktionary_cat	-	-
zьrcadlo	zĭrtsadlo	SRTSADLO	wiktionary_cat	-	-
zьrělъ	zĭræːlŭ	SRAL	wiktionary_cat	-	-
zьrěti	zĭræːti	SRATI	wiktionary_cat	-	-
zьrkadlo	zĭrkadlo	SRKADLO	wiktionary_cat	-	-
zьrno	zĭrno	SRNO	wiktionary_cat	-	-
zmьja	zmĭja	SMYA	wiktionary_cat	-	-
zmьjь	zmĭjĭ	SMY	wiktionary_cat	-	-
značiti	znatʃiti	SNATSITI	wiktionary_cat	-	-
znakъ	znakŭ	SNAK	wiktionary_cat	-	-
znamenьje	znamenĭje	SNAMENYE	wiktionary_cat	-	-
znamę	znamẽ	SNAME	wiktionary_cat	-	-
znati	znati	SNATI	wiktionary_cat	-	-
znaxařь	znaxar̝ĭ	SNAKAR	wiktionary_cat	-	-
znьjati	znĭjati	SNYATI	wiktionary_cat	-	-
znobiti	znobiti	SNOBITI	wiktionary_cat	-	-
znojь	znojĭ	SNOY	wiktionary_cat	-	-
zobati	zobati	SOBATI	wiktionary_cat	-	-
zobь	zobĭ	SOB	wiktionary_cat	-	-
zojь	zojĭ	SOY	wiktionary_cat	-	-
zojьkъ	zojĭkŭ	SOYK	wiktionary_cat	-	-
zola	zola	SOLA	wiktionary_cat	-	-
zolkъ	zolkŭ	SOLK	wiktionary_cat	-	-
zoltьnъ	zoltĭnŭ	SOLTN	wiktionary_cat	-	-
zolto	zolto	SOLTO	wiktionary_cat	-	-
zordъ	zordŭ	SORD	wiktionary_cat	-	-
zoriti	zoriti	SORITI	wiktionary_cat	-	-
zorkъ	zorkŭ	SORK	wiktionary_cat	-	-
zorъkъ	zorŭkŭ	SORK	wiktionary_cat	-	-
zořa	zor̝a	SORA	wiktionary_cat	-	-
zovъ	zovŭ	SOB	wiktionary_cat	-	-
zǫbatъ	zõbatŭ	SOBAT	wiktionary_cat	-	-
zǫbrъ	zõbrŭ	SOBR	wiktionary_cat	-	-
zǫbъ	zõbŭ	SOB	wiktionary_cat	-	-
zudъ	zudŭ	SUD	wiktionary_cat	-	-
zukъ	zukŭ	SUK	wiktionary_cat	-	-
zъlo	zŭlo	SLO	wiktionary_cat	-	-
zъloba	zŭloba	SLOBA	wiktionary_cat	-	-
zъlodějь	zŭlodæːjĭ	SLODAY	wiktionary_cat	-	-
zъlъ	zŭlŭ	SL	wiktionary_cat	-	-
zъly	zŭlɨ	SLI	wiktionary_cat	-	-
zъvati	zŭvati	SBATI	wiktionary_cat	-	-
zveno	zveno	SBENO	wiktionary_cat	-	-
zvěrěti	zvæːræːti	SBARATI	wiktionary_cat	-	-
zvěrę	zvæːrẽ	SBARE	wiktionary_cat	-	-
zvěrina	zvæːrina	SBARINA	wiktionary_cat	-	-
zvěrinьskъ	zvæːrinĭskŭ	SBARINSK	wiktionary_cat	-	-
zvěrinъ	zvæːrinŭ	SBARIN	wiktionary_cat	-	-
zvěrь	zvæːrĭ	SBAR	wiktionary_cat	-	-
zvěrьskъ	zvæːrĭskŭ	SBARSK	wiktionary_cat	-	-
zvękъ	zvẽkŭ	SBEK	wiktionary_cat	-	-
zvizdati	zvizdati	SBISDATI	wiktionary_cat	-	-
zvьněti	zvĭnæːti	SBNATI	wiktionary_cat	-	-
zvoniti	zvoniti	SBONITI	wiktionary_cat	-	-
zvonъ	zvonŭ	SBON	wiktionary_cat	-	-
zvǫkъ	zvõkŭ	SBOK	wiktionary_cat	-	-
zybati	zɨbati	SIBATI	wiktionary_cat	-	-
zybь	zɨbĭ	SIB	wiktionary_cat	-	-
zykъ	zɨkŭ	SIK	wiktionary_cat	-	-
žaba	ʒaba	SABA	wiktionary_cat	-	-
žabę	ʒabẽ	SABE	wiktionary_cat	-	-
žabь	ʒabĭ	SAB	wiktionary_cat	-	-
žaliti	ʒaliti	SALITI	wiktionary_cat	-	-
žalь	ʒalĭ	SAL	wiktionary_cat	-	-
žaloba	ʒaloba	SALOBA	wiktionary_cat	-	-
žalъkъ	ʒalŭkŭ	SALK	wiktionary_cat	-	-
žara	ʒara	SARA	wiktionary_cat	-	-
žariti	ʒariti	SARITI	wiktionary_cat	-	-
žarъ	ʒarŭ	SAR	wiktionary_cat	-	-
žarъkъ	ʒarŭkŭ	SARK	wiktionary_cat	-	-
žasiti	ʒasiti	SASITI	wiktionary_cat	-	-
žasnǫti	ʒasnõti	SASNOTI	wiktionary_cat	-	-
žasъ	ʒasŭ	SAS	wiktionary_cat	-	-
že	ʒe	SE	wiktionary_cat	-	-
žega	ʒeɡa	SEGA	wiktionary_cat	-	-
žegъza	ʒeɡŭza	SEGSA	wiktionary_cat	-	-
žegъzica	ʒeɡŭzitsa	SEGSITSA	wiktionary_cat	-	-
žegъzuľa	ʒeɡŭzulʲa	SEGSULA	wiktionary_cat	-	-
želati	ʒelati	SELATI	wiktionary_cat	-	-
želbъ	ʒelbŭ	SELB	wiktionary_cat	-	-
želdica	ʒelditsa	SELDITSA	wiktionary_cat	-	-
želdь	ʒeldĭ	SELD	wiktionary_cat	-	-
želdъ	ʒeldŭ	SELD	wiktionary_cat	-	-
želěti	ʒelæːti	SELATI	wiktionary_cat	-	-
želězo	ʒelæːzo	SELASO	wiktionary_cat	-	-
želǫdь	ʒelõdĭ	SELOD	wiktionary_cat	-	-
želǫdъkъ	ʒelõdŭkŭ	SELODK	wiktionary_cat	-	-
želpati	ʒelpati	SELPATI	wiktionary_cat	-	-
želsti	ʒelsti	SELSTI	wiktionary_cat	-	-
želti	ʒelti	SELTI	wiktionary_cat	-	-
žely	ʒelɨ	SELI	wiktionary_cat	-	-
želza	ʒelza	SELSA	wiktionary_cat	-	-
žena	ʒena	SENA	wiktionary_cat	-	-
ženixъ	ʒenixŭ	SENIK	wiktionary_cat	-	-
ženьskъ	ʒenĭskŭ	SENSK	wiktionary_cat	-	-
ženьščina	ʒenĭʃtʃina	SENSTSINA	wiktionary_cat	-	-
ženъka	ʒenŭka	SENKA	wiktionary_cat	-	-
žerava	ʒerava	SERABA	wiktionary_cat	-	-
žeravь	ʒeravĭ	SERAB	wiktionary_cat	-	-
žeravľь	ʒeravlʲĭ	SERABL	wiktionary_cat	-	-
žeravъ	ʒeravŭ	SERAB	wiktionary_cat	-	-
žerbę	ʒerbẽ	SERBE	wiktionary_cat	-	-
žerbьjь	ʒerbĭjĭ	SERBY	wiktionary_cat	-	-
žerbъ	ʒerbŭ	SERB	wiktionary_cat	-	-
žerdlo	ʒerdlo	SERDLO	wiktionary_cat	-	-
žerti	ʒerti	SERTI	wiktionary_cat	-	-
žestokъ	ʒestokŭ	SESTOK	wiktionary_cat	-	-
žestъ	ʒestŭ	SEST	wiktionary_cat	-	-
žestъkъ	ʒestŭkŭ	SESTK	wiktionary_cat	-	-
žeťi	ʒetʲi	SETI	wiktionary_cat	-	-
žezlъ	ʒezlŭ	SESL	wiktionary_cat	-	-
žežьkъ	ʒeʒĭkŭ	SESK	wiktionary_cat	-	-
žędati	ʒẽdati	SEDATI	wiktionary_cat	-	-
žęděti	ʒẽdæːti	SEDATI	wiktionary_cat	-	-
žędьnъ	ʒẽdĭnŭ	SEDN	wiktionary_cat	-	-
žędliti	ʒẽdliti	SEDLITI	wiktionary_cat	-	-
žędlo	ʒẽdlo	SEDLO	wiktionary_cat	-	-
žęďa	ʒẽdʲa	SEDA	wiktionary_cat	-	-
žęti	ʒẽti	SETI	wiktionary_cat	-	-
žętva	ʒẽtva	SETBA	wiktionary_cat	-	-
žica	ʒitsa	SITSA	wiktionary_cat	-	-
židъ	ʒidŭ	SID	wiktionary_cat	-	-
židъkъ	ʒidŭkŭ	SIDK	wiktionary_cat	-	-
žigъ	ʒiɡŭ	SIG	wiktionary_cat	-	-
žila	ʒila	SILA	wiktionary_cat	-	-
žiliti	ʒiliti	SILITI	wiktionary_cat	-	-
Žiroslavъ	Žiroslavŭ	IROSLAB	wiktionary_cat	-	-
žirovati	ʒirovati	SIROBATI	wiktionary_cat	-	-
žirъ	ʒirŭ	SIR	wiktionary_cat	-	-
žiti	ʒiti	SITI	wiktionary_cat	-	-
žitьje	ʒitĭje	SITYE	wiktionary_cat	-	-
žito	ʒito	SITO	wiktionary_cat	-	-
žitъčiti	ʒitŭtʃiti	SITTSITI	wiktionary_cat	-	-
Živa	Živa	IBA	wiktionary_cat	-	-
živěti	ʒivæːti	SIBATI	wiktionary_cat	-	-
živica	ʒivitsa	SIBITSA	wiktionary_cat	-	-
živostь	ʒivostĭ	SIBOST	wiktionary_cat	-	-
životъ	ʒivotŭ	SIBOT	wiktionary_cat	-	-
živъ	ʒivŭ	SIB	wiktionary_cat	-	-
žiznь	ʒiznĭ	SISN	wiktionary_cat	-	-
žьbirъ	ʒĭbirŭ	SBIR	wiktionary_cat	-	-
žьdati	ʒĭdati	SDATI	wiktionary_cat	-	-
žьlděti	ʒĭldæːti	SLDATI	wiktionary_cat	-	-
žьlknǫti	ʒĭlknõti	SLKNOTI	wiktionary_cat	-	-
žьlna	ʒĭlna	SLNA	wiktionary_cat	-	-
žьltěti	ʒĭltæːti	SLTATI	wiktionary_cat	-	-
žьltъ	ʒĭltŭ	SLT	wiktionary_cat	-	-
žьmьnь	ʒĭmĭnĭ	SMN	wiktionary_cat	-	-
žьrdь	ʒĭrdĭ	SRD	wiktionary_cat	-	-
žьrdlo	ʒĭrdlo	SRDLO	wiktionary_cat	-	-
žьrica	ʒĭritsa	SRITSA	wiktionary_cat	-	-
žьrьcь	ʒĭrĭtsĭ	SRTS	wiktionary_cat	-	-
žьrny	ʒĭrnɨ	SRNI	wiktionary_cat	-	-
žьrti	ʒĭrti	SRTI	wiktionary_cat	-	-
žьrtva	ʒĭrtva	SRTBA	wiktionary_cat	-	-
žьvati	ʒĭvati	SBATI	wiktionary_cat	-	-
žuboriti	ʒuboriti	SUBORITI	wiktionary_cat	-	-
žuka	ʒuka	SUKA	wiktionary_cat	-	-
žukъ	ʒukŭ	SUK	wiktionary_cat	-	-
žuliti	ʒuliti	SULITI	wiktionary_cat	-	-
žuna	ʒuna	SUNA	wiktionary_cat	-	-
župa	ʒupa	SUPA	wiktionary_cat	-	-
žuriti	ʒuriti	SURITI	wiktionary_cat	-	-
žuti	ʒuti	SUTI	wiktionary_cat	-	-
žužati	ʒuʒati	SUSATI	wiktionary_cat	-	-
žuželica	ʒuʒelitsa	SUSELITSA	wiktionary_cat	-	-
žužeľь	ʒuʒelʲĭ	SUSEL	wiktionary_cat	-	-
роlъ vъtora	роlŭ vŭtora	LBTORA	wiktionary_cat	-	-
