Word	IPA	SCA	Source	Concept_ID	Cognate_Set_ID
padūkilātta[(-)	patuːkilaːtːa[(-)	PATUKILATA	ediana	(unknown)	-
targaššanalli(ya)-	tarkaʃʃanalːi(ja)-	TARKASSANALIYA	ediana	of_a_muleteer_or_of_a_horse	-
ḫūpp(a)-	xuːpː(a)-	KUPA	ediana	(unknown)	-
tīta-	tiːta-	TITA	ediana	(unknown)	-
zarduwatata[(-)	tsartuwatata[(-)	TSARTUWATATA	ediana	(unknown)	-
malliti(ya)-	malːiti(ja)-	MALITIYA	ediana	honeyed	-
ḫamrit-	xamrit-	KAMRIT	ediana	shrine	-
wāwi[	waːwi[	WAWI	ediana	(unknown)	-
zīdan(a/i)- (?)	tsiːtan(a/i)- (?)	TSITANAI	ediana	(unknown)	-
zidāḫid-	tsitaːxit-	TSITAKIT	ediana	virility	-
āšša- (?)	aːʃʃa- (?)	ASSA	ediana	(unknown)	-
āšš-	aːʃʃ-	ASS	ediana	(an_object_belonging_to_women)	-
āštummant-	aːʃtummant-	ASTUMMANT	ediana	gate	-
mimitala	mimitala	MIMITALA	ediana	(unknown)	-
[patal]ḫāimma/i-	[patal]xaːimma/i-	PATALKAIMMAI	ediana	fettered	-
ḫur-	xur-	KUR	ediana	(unknown)	-
tarimaniya-	tarimanija-	TARIMANIYA	ediana	(unknown)	-
īnzagan-	iːntsakan-	INTSAKAN	ediana	rake_(?)	-
madduwi(ya)-	matːuwi(ja)-	MATUWIYA	ediana	of_wine	-
kūš(a)i- or kūša(i)-	kuːʃ(a)i- or kuːʃa(i)-	KUSAIORKUSAI	ediana	(unknown)	-
†kuranna/i-	†kuranna/i-	KURANNAI	ediana	(ghost_word)	-
kūramman-	kuːramman-	KURAMMAN	ediana	cut(ting)_(?)	-
*kurattar / kuratn-	*kuratːar / kuratn-	SKURATARKURATN	ediana	cutting_(?)	-
ku(wa)rša-	ku(wa)rʃa-	KUWARSA	ediana	(an_institution_or_body_of_the_hittite_state)	-
witpan(i)-	witpan(i)-	WITPANI	ediana	(unknown)	-
āšḫanuwant(i)-	aːʃxanuwant(i)-	ASKANUWANTI	ediana	bloody	-
]ḫaniya-	]xanija-	KANIYA	ediana	(unknown)	-
nātatt(i)-	naːtatː(i)-	NATATI	ediana	reed	-
zapaduwanna/i-	tsapatuwanna/i-	TSAPATUWANNAI	ediana	(unknown)	-
zatanti	tsatanti	TSATANTI	ediana	(unknown)	-
ašḫa-	aʃxa-	ASKA	ediana	(unknown)	-
zawiya-	tsawija-	TSAWIYA	ediana	(unknown)	-
*šakkar/šakn-	*ʃakːar/ʃakn-	SSAKARSAKN	ediana	excrement	-
ašriwant(i)-	aʃriwant(i)-	ASRIWANTI	ediana	having_femininity_(?)	-
ašrulāḫi(t)-	aʃrulaːxi(t)-	ASRULAKIT	ediana	femininity	-
ašrul(i)-	aʃrul(i)-	ASRULI	ediana	female	-
mannustarr(i)-	mannustarr(i)-	MANNUSTARRI	ediana	state_of_having_fertility	-
mannauwallāimma/i-	mannauwalːaːimma/i-	MANNAUWALAIMMAI	ediana	equipped_with_strength/manliness	-
mannimma[n(-)	mannimma[n(-)	MANNIMMAN	ediana	being_fertile_or_fertility	-
lāliya(-)	laːlija(-)	LALIYA	ediana	(unknown)	-
šunatruwant(i)-	ʃunatruwant(i)-	SUNATRUWANTI	ediana	rich_in_outpourings	-
šunnuwant(i)-	ʃunnuwant(i)-	SUNNUWANTI	ediana	filled	-
pa-	pa-	PA	ediana	(unknown)	-
hašši-	xaʃʃi-	KASSI	ediana	(unknown)	-
zanta	tsanta	TSANTA	ediana	down	-
tāti(ya)-	taːti(ja)-	TATIYA	ediana	paternal	-
tātawann(i)-	taːtawann(i)-	TATAWANNI	ediana	step-father	-
zammitāti-	tsammitaːti-	TSAMMITATI	ediana	flour_and/or_groats	-
lammaur	lammaur	LAMMAUR	ediana	(unknown)	-
zāni	tsaːni	TSANI	ediana	so	-
zanna/i-	tsanna/i-	TSANNAI	ediana	this_(?)	-
zasta/i-	tsasta/i-	TSASTAI	ediana	this	-
zādu-(ti)	tsaːtu-(ti)	TSATUTI	ediana	(unknown)	-
wayam(ma)n-	wajam(ma)n-	WAYAMMAN	ediana	howl	-
wida-	wita-	WITA	ediana	(a_topographical_feature	-
witam[	witam[	WITAM	ediana	(unknown)	-
witatt(a)-	witatː(a)-	WITATA	ediana	(unknown)	-
*ḫuwanḫuwan-	*xuwanxuwan-	SKUWANKUWAN	ediana	(unknown)	-
uwiši-	uwiʃi-	UWISI	ediana	to_pursue_vel_sim.	-
atraḫit-	atraxit-	ATRAKIT	ediana	nourishment	-
kuwatta[	kuwatːa[	KUWATA	ediana	(unknown)	-
ulant(i)-	ulant(i)-	ULANTI	ediana	dead	-
walantiya-	walantija-	WALANTIYA	ediana	of_the_dead	-
ḫantawadaḫi(t)-	xantawataxi(t)-	KANTAWATAKIT	ediana	kingship	-
ḫaššara(/i)-	xaʃʃara(/i)-	KASSARAI	ediana	(unknown)	-
kummaiyalla/i-	kummaijalːa/i-	KUMMAIYALAI	ediana	(unknown)	-
kummai(ya)-	kummai(ja)-	KUMMAIYA	ediana	pure	-
kuwal(a)i-	kuwal(a)i-	KUWALAI	ediana	to_turn_(?)	-
partarīnali(t)-	partariːnali(t)-	PARTARINALIT	ediana	deer_pass_(?)	-
šiwanna	ʃiwanna	SIWANNA	ediana	(unknown)	-
wayaḫi(t)-	wajaxi(t)-	WAYAKIT	ediana	vitality_(?)	-
wayant(i)-	wajant(i)-	WAYANTI	ediana	animal_(?)	-
muḫat(ta)ra-	muxat(ta)ra-	MUKATTARA	ediana	(a_tool)	-
attīda	atːiːta	ATITA	ediana	(unknown)	-
maššanalla/i-	maʃʃanalːa/i-	MASSANALAI	ediana	divine	-
maššaniya-	maʃʃanija-	MASSANIYA	ediana	divine	-
ḫiyaluwand(i)-	xijaluwant(i)-	KIYALUWANTI	ediana	(a_wooden_object)	-
nānun	naːnun	NANUN	ediana	now	-
nanuntarri(t)-	nanuntarri(t)-	NANUNTARRIT	ediana	present	-
nutar-	nutar-	NUTAR	ediana	(unknown)	-
nānuntar(r)iyāl(i)-	naːnuntar(r)ijaːl(i)-	NANUNTARRIYALI	ediana	present	-
kuwannan(i)-	kuwannan(i)-	KUWANNANI	ediana	eyebrow	-
ḫalalannu-	xalalannu-	KALALANNU	ediana	to_purify	-
arraš-	arraʃ-	ARRAS	ediana	(unknown)	-
tumminu(wa)-(i)	tumminu(wa)-(i)	TUMMINUWAI	ediana	(unknown)	-
šapiyā(i)-(di)	ʃapijaː(i)-(ti)	SAPIYAITI	ediana	to_scrub	-
*šapi(ya)-	*ʃapi(ja)-	SSAPIYA	ediana	to_scrub	-
papta-(i)	papta-(i)	PAPTAI	ediana	(unknown)	-
nutu-	nutu-	NUTU	ediana	(unknown)	-
iunāḫi(t)-	iunaːxi(t)-	IUNAKIT	ediana	capacity_to_walk	-
šuwa-	ʃuwa-	SUWA	ediana	to_fill	-
zarā(i)-(di)	tsaraː(i)-(ti)	TSARAITI	ediana	to_sway	-
zazzarā(i)-(di)	tsatsːaraː(i)-(ti)	TSATSARAITI	ediana	to_sway	-
zariya-(ti)	tsarija-(ti)	TSARIYATI	ediana	(unknown)	-
zārizza-	tsaːritsːa-	TSARITSA	ediana	(unknown)	-
zarniya-	tsarnija-	TSARNIYA	ediana	(unknown)	-
zappunta	tsapːunta	TSAPUNTA	ediana	(unknown)	-
ḫalāl(i)-	xalaːl(i)-	KALALI	ediana	pure	-
*war-	*war-	SWAR	ediana	to_speak	-
zaganin	tsakanin	TSAKANIN	ediana	(unknown)	-
wašḫaya/i-	waʃxaja/i-	WASKAYAI	ediana	pertaining_to_wašḫa-	-
wašḫašaur-	waʃxaʃaur-	WASKASAUR	ediana	(continuously_/_repeatedly_?)_wašḫa-ized_objects_v	-
wašḫar-	waʃxar-	WASKAR	ediana	(unknown)	-
ḫuitumar	xuitumar	KUITUMAR	ediana	life	-
ḫuitwāli(ya)-	xuitwaːli(ja)-	KUITWALIYA	ediana	related_to_a_living_person	-
ḫuitwalaḫi(t)-	xuitwalaxi(t)-	KUITWALAKIT	ediana	life	-
ḫuitwal(i)-	xuitwal(i)-	KUITWALI	ediana	alive	-
*šuwār-	*ʃuwaːr-	SSUWAR	ediana	(unknown)	-
marnuwalānn(i)-	marnuwalaːnn(i)-	MARNUWALANNI	ediana	the_one_causing_to_disappear	-
išumma	iʃumma	ISUMMA	ediana	ruined_(?)	-
tattawali(t)-	tatːawali(t)-	TATAWALIT	ediana	(unknown)	-
*ašš-	*aʃʃ-	SASS	ediana	to_remain	-
*mar-	*mar-	SMAR	ediana	to_disappear	-
išti	iʃti	ISTI	ediana	(unknown)	-
kulimmašša/i-	kulimmaʃʃa/i-	KULIMMASSAI	ediana	(unknown)	-
mārda(/i)-	maːrta(/i)-	MARTAI	ediana	(a_tool)	-
artannalla/i-	artannalːa/i-	ARTANNALAI	ediana	(unknown)	-
*art-	*art-	SART	ediana	to_saw	-
zizzara-(i)	tsitsːara-(i)	TSITSARAI	ediana	to_grow	-
ḫaššanitt(i)-	xaʃʃanitː(i)-	KASSANITI	ediana	hearth	-
talku-(ti)	talku-(ti)	TALKUTI	ediana	(verb_of_destruction)	-
warmalla/i-	warmalːa/i-	WARMALAI	ediana	(unknown)	-
wārmāunta	waːrmaːunta	WARMAUNTA	ediana	conjured_(?)	-
āppuwan(i)-	aːpːuwan(i)-	APUWANI	ediana	(unknown)	-
āššuwi(ya)-	aːʃʃuwi(ja)-	ASSUWIYA	ediana	of_stone	-
ḫuinaim(a)-	xuinaim(a)-	KUINAIMA	ediana	(a_kind_of_food)	-
ikkuwar/n-	ikːuwar/n-	IKUWARN	ediana	liver	-
īkkunāwunta	iːkːunaːwunta	IKUNAWUNTA	ediana	to_equate_to_the_liver_(?)	-
šakalda-(i)	ʃakalta-(i)	SAKALTAI	ediana	to_scratch_(?)	-
ḫapšašša-	xapʃaʃʃa-	KAPSASSA	ediana	(unknown)	-
ḫappašḫā-	xapːaʃxaː-	KAPASKA	ediana	joining	-
ḫaḫḫapattar/n-	xaxxapatːar/n-	KAKKAPATARN	ediana	binding	-
ḫūwallar(i)-	xuːwalːar(i)-	KUWALARI	ediana	(unknown)	-
ḫišḫiya-(i)	xiʃxija-(i)	KISKIYAI	ediana	to_bind	-
ḫišḫiš-	xiʃxiʃ-	KISKIS	ediana	spell	-
ulipn(i)-/walipn(i)-	ulipn(i)-/walipn(i)-	ULIPNIWALIPNI	ediana	wolf	-
*walwa(/i)-	*walwa(/i)-	SWALWAI	ediana	lion	-
šaḫḫanišša-(i)	ʃaxxaniʃʃa-(i)	SAKKANISSAI	ediana	to_impose_service_on	-
(u)wāi-	(u)waːi-	UWAI	ediana	woe	-
mīlušga/i-	miːluʃka/i-	MILUSKAI	ediana	gentle	-
mi(ya)ša-	mi(ja)ʃa-	MIYASA	ediana	(a_body_part)	-
mimi-	mimi-	MIMI	ediana	(a_soft_and_pleasant_foodstuff)	-
māya(/i)-	maːja(/i)-	MAYAI	ediana	adulthood	-
kuwazza	kuwatsːa	KUWATSA	ediana	(unknown)	-
*saptam(m)-	*saptam(m)-	SSAPTAMM	ediana	seven	-
šappatammimma/i-	ʃapːatammimma/i-	SAPATAMMIMMAI	ediana	sevenfold	-
tamma(/i)-	tamma(/i)-	TAMMAI	ediana	cut	-
āyattar/n-	aːjatːar/n-	AYATARN	ediana	act_(?)	-
pipišša-(i)	pipiʃʃa-(i)	PIPISSAI	ediana	to_give	-
ilūwa	iluːwa	ILUWA	ediana	steps_(?)	-
mannawa(/i)-	mannawa(/i)-	MANNAWAI	ediana	(the_one)_related_to_fertility	-
wardul(i)-	wartul(i)-	WARTULI	ediana	(a_part_of_the_house)	-
mašḫariš-	maʃxariʃ-	MASKARIS	ediana	(something_favorable)	-
mašḫāḫit-	maʃxaːxit-	MASKAKIT	ediana	favor_(?)	-
*mašḫa-	*maʃxa-	SMASKA	ediana	(unknown)	-
pizzarna-	pitsːarna-	PITSARNA	ediana	(a_tool)	-
warann(i)-	warann(i)-	WARANNI	ediana	the_speaking_one	-
māuwa(/i)-	maːuwa(/i)-	MAUWAI	ediana	four	-
wāšu-	waːʃu-	WASU	ediana	good(s)	-
kuinnašša-	kuinnaʃʃa-	KUINNASSA	ediana	(unknown)	-
kuinna-(di)	kuinna-(ti)	KUINNATI	ediana	(unknown)	-
waḫri-(ti)	waxri-(ti)	WAKRITI	ediana	(unknown)	-
unaimma/i-	unaimma/i-	UNAIMMAI	ediana	(unknown)	-
*warriya-(i)	*warrija-(i)	SWARRIYAI	ediana	to_help	-
*warra-	*warra-	SWARRA	ediana	help	-
uš?nuwant(i)-	uʃ?nuwant(i)-	USNUWANTI	ediana	to_bless	-
wašumman-	waʃumman-	WASUMMAN	ediana	wellness	-
waššārāḫit-	waʃʃaːraːxit-	WASSARAKIT	ediana	favour	-
ušmant(i)-	uʃmant(i)-	USMANTI	ediana	gains-bringing	-
warāya	waraːja	WARAYA	ediana	(unknown)	-
šaltinnima/i-	ʃaltinnima/i-	SALTINNIMAI	ediana	(unknown)	-
šaltāḫit-	ʃaltaːxit-	SALTAKIT	ediana	(unknown)	-
šalt(i)-	ʃalt(i)-	SALTI	ediana	(unknown)	-
waniyant(i)-	wanijant(i)-	WANIYANTI	ediana	stone_block	-
wanīti(ya)-	waniːti(ja)-	WANITIYA	ediana	related_to_a_stone_block	-
uwanīt(a)i-(di)	uwaniːt(a)i-(ti)	UWANITAITI	ediana	to_petrify	-
*wana-	*wana-	SWANA	ediana	rock-carving	-
wandani(ya)-	wantani(ja)-	WANTANIYA	ediana	radiant	-
laḫḫ[i-	laxx[i-	LAKKI	ediana	(unknown)	-
ū-	uː-	U	ediana	to_drink	-
dušḫa-	tuʃxa-	TUSKA	ediana	(unknown)	-
*šunn(a)-	*ʃunn(a)-	SSUNNA	ediana	to_fill	-
atta(/i)-	atːa(/i)-	ATAI	ediana	(unknown)	-
āšḫar-	aːʃxar-	ASKAR	ediana	blood	-
wartā(i)-(di)	wartaː(i)-(ti)	WARTAITI	ediana	(unknown)	-
wartal(i)-	wartal(i)-	WARTALI	ediana	(unknown)	-
ḫāzza-	xaːtsːa-	KATSA	ediana	(unknown)	-
dai-	tai-	TAI	ediana	(unknown)	-
karš-(ti)	karʃ-(ti)	KARSTI	ediana	to_cut	-
duntum(a)n-	tuntum(a)n-	TUNTUMAN	ediana	(a_type_of_architectural_enclosure_of_a_spring)	-
itārai(ya)-	itaːrai(ja)-	ITARAIYA	ediana	(unknown)	-
tintinant(i)-	tintinant(i)-	TINTINANTI	ediana	(unknown)	-
ḫandawat(i)-	xantawat(i)-	KANTAWATI	ediana	(unknown)	-
išarway(a)-	iʃarwaj(a)-	ISARWAYA	ediana	right_(in_physical_sense)	-
išarwili(ya)-	iʃarwili(ja)-	ISARWILIYA	ediana	1._right_(in_physical_sense)	-
eḫuzipaš	exutsipaʃ	EKUTSIPAS	ediana	(unknown)	-
ḫarāšša/i-	xaraːʃʃa/i-	KARASSAI	ediana	(unknown)	-
tarupinant(i)-	tarupinant(i)-	TARUPINANTI	ediana	(unknown)	-
tarrawa-	tarrawa-	TARRAWA	ediana	(unknown)	-
[ḫa]ntawattalla/i-	[xa]ntawatːalːa/i-	KANTAWATALAI	ediana	of_the_king	-
*dam-	*tam-	STAM	ediana	to_build	-
pāḫur-	paːxur-	PAKUR	ediana	fire	-
dašda-	taʃta-	TASTA	ediana	(unknown)	-
mānantari(ya)-	maːnantari(ja)-	MANANTARIYA	ediana	(unknown)	-
imralla/i-	imralːa/i-	IMRALAI	ediana	of_the_open_country	-
9-šu	9-ʃu	SU	ediana	nine_times	-
ḫuinuwa-(i)	xuinuwa-(i)	KUINUWAI	ediana	to_cause_to_walk/run	-
*ḫūtarl(i)-	*xuːtarl(i)-	SKUTARLI	ediana	servant	-
ḫūtarlānn(i)-	xuːtarlaːnn(i)-	KUTARLANNI	ediana	servant_(vel_sim.)	-
ḫuwayur/n-	xuwajur/n-	KUWAYURN	ediana	help	-
ḫuitta-	xuitːa-	KUITA	ediana	running	-
šaḫlašallu-	ʃaxlaʃalːu-	SAKLASALU	ediana	(unknown)	-
ḫīluwa	xiːluwa	KILUWA	ediana	(a_tree_or_wooden_object)	-
āšḫarnu-	aːʃxarnu-	ASKARNU	ediana	to_bloody	-
šāwatar	ʃaːwatar	SAWATAR	ediana	horn	-
marāwišta-	maraːwiʃta-	MARAWISTA	ediana	(unknown)	-
adāri(ya)-	ataːri(ja)-	ATARIYA	ediana	to_feed	-
šinapši(t)-	ʃinapʃi(t)-	SINAPSIT	ediana	(a_part_of_the_temple_complex)	-
āšḫarnummai-	aːʃxarnummai-	ASKARNUMMAI	ediana	to_color_blood-red	-
uwata-	uwata-	UWATA	ediana	to_bring	-
mammiya-(i)	mammija-(i)	MAMMIYAI	ediana	to_speak_(?)	-
kumma/i-	kumma/i-	KUMMAI	ediana	pure	-
pūna-	puːna-	PUNA	ediana	all	-
ḫanna-	xanna-	KANNA	ediana	to_judge_(?)	-
warpi(t)-	warpi(t)-	WARPIT	ediana	(unknown)	-
warpašša-(i)	warpaʃʃa-(i)	WARPASSAI	ediana	(unknown)	-
šapartara-	ʃapartara-	SAPARTARA	ediana	(something_cut_up_with_a_knife)_or_knife_(?)	-
palpati-	palpati-	PALPATI	ediana	to_blaze_(?)	-
warpann(i)-	warpann(i)-	WARPANNI	ediana	(a_type_of_little_tool)	-
ḫwist(i)-	xwist(i)-	KWISTI	ediana	(unknown)	-
tūḫa-	tuːxa-	TUKA	ediana	(unknown)	-
āršiya-(ti)	aːrʃija-(ti)	ARSIYATI	ediana	to_cause_to_flow	-
aršimānalli(ya)-	arʃimaːnalːi(ja)-	ARSIMANALIYA	ediana	(unknown)	-
arzazī-	artsatsiː-	ARTSATSI	ediana	(unknown)	-
šummallann(a)-	ʃummalːann(a)-	SUMMALANNA	ediana	(unknown)	-
ḫašiya-	xaʃija-	KASIYA	ediana	to_satiate	-
āriya-(ti)	aːrija-(ti)	ARIYATI	ediana	to_carry	-
zantanta	tsantanta	TSANTANTA	ediana	down_(?)	-
*wazz-	*watsː-	SWATS	ediana	to_wish	-
wazzi-(ti)	watsːi-(ti)	WATSITI	ediana	to_request	-
ūppi-	uːpːi-	UPI	ediana	(unknown)	-
ūppanna-(i)	uːpːanna-(i)	UPANNAI	ediana	to_carry_(imperf.)	-
uppuppa[	upːupːa[	UPUPA	ediana	(unknown)	-
māḫuwallašša/i-	maːxuwalːaʃʃa/i-	MAKUWALASSAI	ediana	(something_positive)	-
mamḫui-	mamxui-	MAMKUI	ediana	(unknown)	-
wanatiyatiya-	wanatijatija-	WANATIYATIYA	ediana	female_genitals	-
*ḫuwa-(di)	*xuwa-(ti)	SKUWATI	ediana	to_walk_(?)	-
ḫuiya-(i)	xuija-(i)	KUIYAI	ediana	to_walk	-
wārina-(i)	waːrina-(i)	WARINAI	ediana	to_make_watery	-
āmmamma[	aːmmamma[	AMMAMMA	ediana	(unknown)	-
arpalli-(ti)	arpalːi-(ti)	ARPALITI	ediana	(unknown)	-
ḫardant(i)-	xartant(i)-	KARTANTI	ediana	(unknown)	-
akaka-	akaka-	AKAKA	ediana	(unknown)	-
ḫāpinna/i-	xaːpinna/i-	KAPINNAI	ediana	stream	-
kuwalanalli(ya)-	kuwalanalːi(ja)-	KUWALANALIYA	ediana	military_(or_sim.)	-
LÚ	LÚ	0	ediana	male	-
ḫalmaššuwitt(i)-	xalmaʃʃuwitː(i)-	KALMASSUWITI	ediana	throne	-
duwatna-	tuwatna-	TUWATNA	ediana	cultic_space	-
azzu(wa)-	atsːu(wa)-	ATSUWA	ediana	(unknown)	-
āššūtti(-)	aːʃʃuːtːi(-)	ASSUTI	ediana	(unknown)	-
dūdupa(-)	tuːtupa(-)	TUTUPA	ediana	(unknown)	-
kīša-	kiːʃa-	KISA	ediana	to_comb	-
kuršawar / kuršawan-	kurʃawar / kurʃawan-	KURSAWARKURSAWAN	ediana	island	-
kūri- / *kurai-	kuːri- / *kurai-	KURISKURAI	ediana	to_cut_into_slices	-
aruwili(ya)-	aruwili(ja)-	ARUWILIYA	ediana	(unknown)	-
āštarala-	aːʃtarala-	ASTARALA	ediana	(a_tree_or_a_wooden_object)	-
anā(i)-(di)	anaː(i)-(ti)	ANAITI	ediana	(unknown)	-
malḫaššalla/i-	malxaʃʃalːa/i-	MALKASSALAI	ediana	pertaining_to_the_ritual_(offerings)	-
ḫ/kuwalapant(i)-	x/kuwalapant(i)-	KKUWALAPANTI	ediana	(unknown)	-
mai-/miya-(i)	mai-/mija-(i)	MAIMIYAI	ediana	to_grow	-
ašunama/i-	aʃunama/i-	ASUNAMAI	ediana	(unknown)	-
parnink(i)-	parnink(i)-	PARNINKI	ediana	(a_disease_of_the_head)	-
šapiya-	ʃapija-	SAPIYA	ediana	washbowl	-
arūwāl(i)-	aruːwaːl(i)-	ARUWALI	ediana	deep_(?)	-
āruna-	aːruna-	ARUNA	ediana	to_make_great	-
†[wa]rapalla/i-	†[wa]rapalːa/i-	WARAPALAI	ediana	(ghost_word)	-
ḫarta(/i)-	xarta(/i)-	KARTAI	ediana	(unknown)	-
ḫarš(a)-	xarʃ(a)-	KARSA	ediana	(bread)loaf_(?)	-
ḫarlā	xarlaː	KARLA	ediana	back_(?)	-
†tummandaḫi-	†tummantaxi-	TUMMANTAKI	ediana	(ghost_word)	-
†ḫūtarlā-	†xuːtarlaː-	KUTARLA	ediana	(ghost_word)	-
†zuwann(i)-	†tsuwann(i)-	TSUWANNI	ediana	(ghost_word)	-
†azzti-	†atsːti-	ATSTI	ediana	(ghost_word)	-
(†)ḫart(a)i-(di)	(†)xart(a)i-(ti)	KARTAITI	ediana	(unknown	-
†ḫatantalliya-	†xatantalːija-	KATANTALIYA	ediana	(ghost_word)	-
paḫḫi-	paxxi-	PAKKI	ediana	to_burn_(?)	-
tarm(a)i-(di)	tarm(a)i-(ti)	TARMAITI	ediana	to_nail	-
tarmišša-(i)	tarmiʃʃa-(i)	TARMISSAI	ediana	to_nail	-
*arp-	*arp-	SARP	ediana	to_be_crooked	-
ti(ya)-	ti(ja)-	TIYA	ediana	to_take_a_step_(?)	-
wi-	wi-	WI	ediana	to_observe	-
nita	nita	NITA	ediana	(unknown)	-
ḫappiš-	xapːiʃ-	KAPIS	ediana	limb	-
arpuwan-	arpuwan-	ARPUWAN	ediana	crook	-
*nāt(i)-	*naːt(i)-	SNATI	ediana	(unknown)	-
*wall-	*walː-	SWAL	ediana	to_be_strong	-
widāl(a/i)-	witaːl(a/i)-	WITALAI	ediana	(unknown)	-
ḫuitum(ma)naḫi(t)-	xuitum(ma)naxi(t)-	KUITUMMANAKIT	ediana	life	-
nawila(/i)-	nawila(/i)-	NAWILAI	ediana	youth	-
x-tiya-	x-tija-	KTIYA	ediana	(a_liquid_or_the_qualifier_of_a_liquid)	-
waḫra-	waxra-	WAKRA	ediana	woe	-
*nawa/i-	*nawa/i-	SNAWAI	ediana	new	-
tarm(i)-	tarm(i)-	TARMI	ediana	nail	-
SI-n-	SI-n-	00N	ediana	sumerogram:horn	-
zarwani(ya)-	tsarwani(ja)-	TSARWANIYA	ediana	of_the_horn	-
wāri(ya)-	waːri(ja)-	WARIYA	ediana	something_related_to_water	-
wašat(i)-	waʃat(i)-	WASATI	ediana	good_substance_(?)	-
†meniyalla/i-	†menijalːa/i-	MENIYALAI	ediana	(ghost_word)	-
kuwayata-	kuwajata-	KUWAYATA	ediana	fear	-
ḫūiḫuiya-(i)	xuːixuija-(i)	KUIKUIYAI	ediana	to_run	-
*zar-	*tsar-	STSAR	ediana	to_grow	-
ašta-	aʃta-	ASTA	ediana	penance	-
āštaiya-(ti)	aːʃtaija-(ti)	ASTAIYATI	ediana	to_perform_an_act_of_witchcraft	-
ēḫḫui-(ti)	eːxxui-(ti)	EKKUITI	ediana	to_make_one’s_own	-
ēr(ḫū)walli(ya)-	eːr(xuː)walːi(ja)-	ERKUWALIYA	ediana	internal	-
ēr(ḫu)wa-	eːr(xu)wa-	ERKUWA	ediana	(the)_interior_(of_a_circle)	-
ir(ḫū)wašša-	ir(xuː)waʃʃa-	IRKUWASSA	ediana	(the)_interior	-
[ērḫ]uwal(l)iya-	[eːrx]uwal(l)ija-	ERKUWALLIYA	ediana	internality	-
ārlanuwa-(i)	aːrlanuwa-(i)	ARLANUWAI	ediana	to_relocate	-
ḫallīna-(i)	xalːiːna-(i)	KALINAI	ediana	to_(de)contaminate_(vel_sim.)	-
dūwinin	tuːwinin	TUWININ	ediana	(unknown)	-
dūwaš-	tuːwaʃ-	TUWAS	ediana	harvest	-
dūwazza-	tuːwatsːa-	TUWATSA	ediana	fruitful	-
ḫartuwatt(i)-	xartuwatː(i)-	KARTUWATI	ediana	descendant	-
āmla/i-	aːmla/i-	AMLAI	ediana	(unknown)	-
yar(uwa)-	jar(uwa)-	YARUWA	ediana	(unknown)	-
*du(wa)ttar(i)-	*tu(wa)tːar(i)-	STUWATARI	ediana	daughter_(?)	-
zar(r)iya-	tsar(r)ija-	TSARRIYA	ediana	(a_moving_waterbody)	-
wašḫa-	waʃxa-	WASKA	ediana	(an_implement	-
GEŠTU-	GEŠTU-	0000	ediana	ear	-
ḫuitar	xuitar	KUITAR	ediana	wild_animal	-
tūliya-	tuːlija-	TULIYA	ediana	assembly	-
šargāta-	ʃarkaːta-	SARKATA	ediana	(a_body_part)	-
ītwaniti(ya)-	iːtwaniti(ja)-	ITWANITIYA	ediana	(unknown)	-
]uwattar	]uwatːar	UWATAR	ediana	(unknown)	-
ūtar/n-	uːtar/n-	UTARN	ediana	word	-
adduwali(ya)-	atːuwali(ja)-	ATUWALIYA	ediana	belonging_to_evil	-
warḫītant(i)-	warxiːtant(i)-	WARKITANTI	ediana	(unknown)	-
warḫa-(ti)	warxa-(ti)	WARKATI	ediana	to_brush	-
wārḫuwašša/i-	waːrxuwaʃʃa/i-	WARKUWASSAI	ediana	brush_(?)	-
kallimali-	kalːimali-	KALIMALI	ediana	(unknown)	-
ḫū-(di)	xuː-(ti)	KUTI	ediana	(unknown)	-
antarwīl(i)-	antarwiːl(i)-	ANTARWILI	ediana	something_in_lower_position_(?)	-
tātariyamman-	taːtarijamman-	TATARIYAMMAN	ediana	curse	-
*zi-	*tsi-	STSI	ediana	to_end_(vel_sim.)	-
zilan	tsilan	TSILAN	ediana	behind	-
aḫarriyala (or aḫurriyala)	axarrijala (or axurrijala)	AKARRIYALAORAKURRIYALA	ediana	(unknown)	-
ilināi(ya)-	ilinaːi(ja)-	ILINAIYA	ediana	(unknown)	-
(-)liyūnni	(-)lijuːnni	LIYUNNI	ediana	(unknown)	-
(-)līlun	(-)liːlun	LILUN	ediana	(unknown)	-
zammaniya-	tsammanija-	TSAMMANIYA	ediana	damager_(vel_sim.)	-
uwašuw(a)-	uwaʃuw(a)-	UWASUWA	ediana	(a_body_part)	-
ḫullur(i)-	xulːur(i)-	KULURI	ediana	(unknown)	-
witantalliya-	witantalːija-	WITANTALIYA	ediana	(unknown)	-
nanuntarri(ya)-	nanuntarri(ja)-	NANUNTARRIYA	ediana	present	-
tīr(a)i-(di)	tiːr(a)i-(ti)	TIRAITI	ediana	to_roast	-
watinaz	watinats	WATINATS	ediana	(unknown)	-
*utta-	*utːa-	SUTA	ediana	(verb_of_speaking)	-
warwalan(a)-	warwalan(a)-	WARWALANA	ediana	seed	-
maddu-	matːu-	MATU	ediana	wine	-
papparkuwa-	papːarkuwa-	PAPARKUWA	ediana	to_cleanse	-
*wiš-	*wiʃ-	SWIS	ediana	to_emerge	-
ad-/ād-	at-/aːt-	ATAT	ediana	to_eat	-
wiši- / wišaī-	wiʃi- / wiʃaiː-	WISIWISAI	ediana	to_emerge	-
kattaluzzi(t)-	katːalutsːi(t)-	KATALUTSIT	ediana	threshold	-
wiwai-	wiwai-	WIWAI	ediana	to_scream	-
ḫatayann(i)-	xatajann(i)-	KATAYANNI	ediana	drier	-
uwaniya-	uwanija-	UWANIYA	ediana	rock_face	-
iwaru-	iwaru-	IWARU	ediana	share	-
iwarui(ya)-	iwarui(ja)-	IWARUIYA	ediana	related_to_the_share	-
lālašḫā-	laːlaʃxaː-	LALASKA	ediana	act_of_taking_repeatedly_(?)	-
ḫatamma/i-	xatamma/i-	KATAMMAI	ediana	(unknown)	-
*win-	*win-	SWIN	ediana	to_push	-
walū-	waluː-	WALU	ediana	to_praise_(?)	-
walluwar/-un-	walːuwar/-un-	WALUWARUN	ediana	lifting	-
walli-(ti)	walːi-(ti)	WALITI	ediana	to_raise	-
*tawa-(i)	*tawa-(i)	STAWAI	ediana	to_see	-
*ašr(i)-	*aʃr(i)-	SASRI	ediana	woman_(vel_sim.)	-
mannu-	mannu-	MANNU	ediana	the_fertile	-
wār-	waːr-	WAR	ediana	water	-
āššu-	aːʃʃu-	ASSU	ediana	stone_(monument)	-
*wattar/n-	*watːar/n-	SWATARN	ediana	water	-
9-un-	9-un-	UN	ediana	nine	-
alkumā-	alkumaː-	ALKUMA	ediana	(unknown)	-
pāuwal(i)-	paːuwal(i)-	PAUWALI	ediana	(unknown)	-
*āšši-	*aːʃʃi-	SASSI	ediana	(dem._pr.)	-
āššiwantattar-/-t(ta)n-	aːʃʃiwantatːar-/-t(ta)n-	ASSIWANTATARTTAN	ediana	poverty	-
*nun	*nun	SNUN	ediana	now	-
tiwataniya-(ti)	tiwatanija-(ti)	TIWATANIYATI	ediana	to_swear	-
tiwali(ya)-	tiwali(ja)-	TIWALIYA	ediana	divine	-
ḫaši(ya)-	xaʃi(ja)-	KASIYA	ediana	(unknown)	-
ārrazza-	aːrratsːa-	ARRATSA	ediana	white_(?)	-
ḫūppara-	xuːpːara-	KUPARA	ediana	cloak	-
tarupiyalla/i-	tarupijalːa/i-	TARUPIYALAI	ediana	(unknown)	-
tapāla-	tapaːla-	TAPALA	ediana	storm_clouds	-
pūš(i)-	puːʃ(i)-	PUSI	ediana	(a_tool)	-
pušann(i)-	puʃann(i)-	PUSANNI	ediana	(a_tool)	-
kaldunn(i)-	kaltunn(i)-	KALTUNNI	ediana	thigh-bone	-
parittaruwāšša-	paritːaruwaːʃʃa-	PARITARUWASSA	ediana	(the)_exterior	-
parittarwalli(ya)-	paritːarwalːi(ja)-	PARITARWALIYA	ediana	external	-
pariyanalla/i-	parijanalːa/i-	PARIYANALAI	ediana	future	-
parla/i-	parla/i-	PARLAI	ediana	front	-
parlai(ya)-	parlai(ja)-	PARLAIYA	ediana	front_(adj.)_(?)	-
parlā-	parlaː-	PARLA	ediana	front_position_(?)	-
pušūri(ya)- (pašūri(ya)-)	puʃuːri(ja)- (paʃuːri(ja)-)	PUSURIYAPASURIYA	ediana	rubbing_substance	-
pappaša-(ti)	papːaʃa-(ti)	PAPASATI	ediana	to_rub	-
zalt(i)-	tsalt(i)-	TSALTI	ediana	cart	-
zall[a-	tsalː[a-	TSALA	ediana	(unknown)	-
(-)ḫarran(i)- (or (-)ḫurran(i)-)	(-)xarran(i)- (or (-)xurran(i)-)	KARRANIORKURRANI	ediana	(unknown)	-
palara-	palara-	PALARA	ediana	(unknown)	-
šalawa(/i)-	ʃalawa(/i)-	SALAWAI	ediana	(unknown)	-
innašša-	innaʃʃa-	INNASSA	ediana	(unknown)	-
watiya-	watija-	WATIYA	ediana	(unknown)	-
māla	maːla	MALA	ediana	(unknown)	-
kalmiya-	kalmija-	KALMIYA	ediana	stick_(?)	-
nai-/niya-(i)	nai-/nija-(i)	NAINIYAI	ediana	to_turn	-
nanna-(i)	nanna-(i)	NANNAI	ediana	to_lead_(?)	-
nana-(i)	nana-(i)	NANAI	ediana	to_lead_(?)	-
niniyal-	ninijal-	NINIYAL	ediana	cradle	-
malḫu-	malxu-	MALKU	ediana	to_crush	-
mammalḫuwa-(i)	mammalxuwa-(i)	MAMMALKUWAI	ediana	to_crush	-
mimma-	mimma-	MIMMA	ediana	to_regard_well	-
manna(ḫ)uwann(i)- (mannakun(i)-)	manna(x)uwann(i)- (mannakun(i)-)	MANNAKUWANNIMANNAKUNI	ediana	nose_(or_other_facial_feature)	-
tarwayann(i)-	tarwajann(i)-	TARWAYANNI	ediana	the_wooden_one_(?)	-
tarwai(ya)-	tarwai(ja)-	TARWAIYA	ediana	woody_(?)	-
[ta]ruwi-	[ta]ruwi-	TARUWI	ediana	to_turn_to_wood_(?)	-
*išhiya-(i)	*iʃxija-(i)	SISKIYAI	ediana	to_bind	-
wawalipa-(i)	wawalipa-(i)	WAWALIPAI	ediana	to_wrap	-
walut(i)-	walut(i)-	WALUTI	ediana	(unknown)	-
walpaimann(i)-	walpaimann(i)-	WALPAIMANNI	ediana	(a_type_of_pastry)	-
walippantalla/i-	walipːantalːa/i-	WALIPANTALAI	ediana	intricate	-
*walip-	*walip-	SWALIP	ediana	to_wrap	-
wattant(i)-	watːant(i)-	WATANTI	ediana	having_rocks	-
watta(t)tar/n-	watːa(t)tar/n-	WATATTARN	ediana	representation_of_a_mountain	-
ḫūwalm(i)-	xuːwalm(i)-	KUWALMI	ediana	wool_strands_(?)	-
ḫuwanḫuwalmišš[a(-)	xuwanxuwalmiʃʃ[a(-)	KUWANKUWALMISSA	ediana	(unknown)	-
*ḫulan(i)-	*xulan(i)-	SKULANI	ediana	wool	-
ušiyam[	uʃijam[	USIYAM	ediana	(unknown)	-
tatarḫ-	tatarx-	TATARK	ediana	to_break	-
maršantarr[i-	marʃantarr[i-	MARSANTARRI	ediana	(unknown)	-
marša-(ti)	marʃa-(ti)	MARSATI	ediana	to_commit_treachery	-
šuwāru-	ʃuwaːru-	SUWARU	ediana	heavy_or_full_(?)	-
wašša-	waʃʃa-	WASSA	ediana	rain_(?)	-
*mī-	*miː-	SMI	ediana	soft	-
arūna-	aruːna-	ARUNA	ediana	heights_(?)	-
ī-(di)	iː-(ti)	ITI	ediana	to_go	-
zārt-	tsaːrt-	TSART	ediana	heart	-
ḫarzatan/ḫurzatan/murzatan	xartsatan/xurtsatan/murtsatan	KARTSATANKURTSATANMURTSATAN	ediana	(unknown)	-
*ḫaš-	*xaʃ-	SKAS	ediana	to_quench_one’s_thirst	-
paparkantāimma/i- (parkant[a-)	paparkantaːimma/i- (parkant[a-)	PAPARKANTAIMMAIPARKANTA	ediana	(unknown)	-
ārraḫḫani-(ti)	aːrraxxani-(ti)	ARRAKKANITI	ediana	to_curse	-
ḫalḫalzān(i)-	xalxaltsaːn(i)-	KALKALTSANI	ediana	(a_body_part)	-
lalp(i)-	lalp(i)-	LALPI	ediana	eyelash	-
ḫalti-	xalti-	KALTI	ediana	to_call	-
tītan-	tiːtan-	TITAN	ediana	(female)_breast	-
tītī(t)-	tiːtiː(t)-	TITIT	ediana	pupil_(of_the_eye)	-
titiyāl(i)-	titijaːl(i)-	TITIYALI	ediana	lactating	-
titiya-	titija-	TITIYA	ediana	(unknown)	-
zarpa(i)-(di)	tsarpa(i)-(ti)	TSARPAITI	ediana	to_brush	-
(u)warannaḫi(t)-	(u)warannaxi(t)-	UWARANNAKIT	ediana	capacity_to_speak	-
ḫalliš-	xalːiʃ-	KALIS	ediana	contamination	-
lūda(/i)-	luːta(/i)-	LUTAI	ediana	(unknown)	-
šarḫul(i)-	ʃarxul(i)-	SARKULI	ediana	pillar_(?)	-
ḫar[wann(i)-]	xar[wann(i)-]	KARWANNI	ediana	little_path	-
ḫarrawiyata	xarrawijata	KARRAWIYATA	ediana	to_tread_(?)	-
ḫarwa-	xarwa-	KARWA	ediana	to_send_(?)	-
šāla-	ʃaːla-	SALA	ediana	(a_type_of_harness)	-
šīrutti(ya)-	ʃiːrutːi(ja)-	SIRUTIYA	ediana	(unknown)	-
šarḫam(i)-	ʃarxam(i)-	SARKAMI	ediana	courageous	-
dūr/n-	tuːr/n-	TURN	ediana	urine	-
šēwa/i-	ʃeːwa/i-	SEWAI	ediana	bitter	-
dušdušša-(i)	tuʃtuʃʃa-(i)	TUSTUSSAI	ediana	(unknown)	-
ḫizza(i)-(di)	xitsːa(i)-(ti)	KITSAITI	ediana	to_entrust	-
dūpana	tuːpana	TUPANA	ediana	affliction_(?)	-
dūpani(ya)-	tuːpani(ja)-	TUPANIYA	ediana	related_to_striking_(?)	-
ḫappašḫantaš	xapːaʃxantaʃ	KAPASKANTAS	ediana	(unknown)	-
ḫuwalpa-	xuwalpa-	KUWALPA	ediana	protuberance	-
ḫuwalpana/i-	xuwalpana/i-	KUWALPANAI	ediana	hump-backed	-
ariyattalla/i-	arijatːalːa/i-	ARIYATALAI	ediana	of_the_accumulation_of_livestock	-
*ārla(/i)-	*aːrla(/i)-	SARLAI	ediana	place_(?)	-
ādduwāl(i)-	aːtːuwaːl(i)-	ATUWALI	ediana	bad	-
attuwalaḫi(t)-	atːuwalaxi(t)-	ATUWALAKIT	ediana	evilness	-
*/zal(l)-/	*/tsal(l)-/	STSALL	ediana	to_be_in_movement	-
waššina(/i)-	waʃʃina(/i)-	WASSINAI	ediana	body	-
walzamma/i-	waltsamma/i-	WALTSAMMAI	ediana	beaten_(?)	-
kaluttan(n)i-	kalutːan(n)i-	KALUTANNI	ediana	to_treat_in_succession	-
naḫḫuwašša/i-	naxxuwaʃʃa/i-	NAKKUWASSAI	ediana	fearsome	-
naḫišra-	naxiʃra-	NAKISRA	ediana	(unknown)	-
†šaḫwa/i-	†ʃaxwa/i-	SAKWAI	ediana	(unknown)	-
šāḫuidāl-	ʃaːxuitaːl-	SAKUITAL	ediana	medium_for_binding_(?)	-
šaḫuitantalli(ya)-	ʃaxuitantalːi(ja)-	SAKUITANTALIYA	ediana	related_to_a_binder_(?)	-
šaḫuitant(a)-	ʃaxuitant(a)-	SAKUITANTA	ediana	binding	-
*šāḫuid-	*ʃaːxuit-	SSAKUIT	ediana	binding_(?)	-
āpparant(i)-	aːpːarant(i)-	APARANTI	ediana	future	-
appar(a)i-(di)	apːar(a)i-(ti)	APARAITI	ediana	to_place_behind	-
arūt(i)-	aruːt(i)-	ARUTI	ediana	wing	-
*ḫartu-	*xartu-	SKARTU	ediana	descendant_(?)	-
ḫarwanni-(ti)	xarwanni-(ti)	KARWANNITI	ediana	to_send	-
ḫaruwa-	xaruwa-	KARUWA	ediana	path	-
ḫāš-	xaːʃ-	KAS	ediana	bone	-
imma	imma	IMMA	ediana	(emphatic_adverb)	-
ḫarmaḫ(i)-	xarmax(i)-	KARMAKI	ediana	head	-
garupann(i)-	karupann(i)-	KARUPANNI	ediana	honored_person_(?)	-
kwāti(n), kwatī(n)	kwaːti(n), kwatiː(n)	KWATINKWATIN	ediana	as	-
manā-(di)	manaː-(ti)	MANATI	ediana	to_see	-
mammanna-(i)	mammanna-(i)	MAMMANNAI	ediana	to_see	-
pariyan	parijan	PARIYAN	ediana	beyond	-
tarwi(ya)-	tarwi(ja)-	TARWIYA	ediana	wooden_(vel_sim.)	-
*tiw-	*tiw-	STIW	ediana	god	-
tiwandalla/i-	tiwantalːa/i-	TIWANTALAI	ediana	(unknown)	-
ūppa-(i)	uːpːa-(i)	UPAI	ediana	to_carry	-
duwayā-(i)	tuwajaː-(i)	TUWAYAI	ediana	to_fear	-
parkuwa(i)- / parkuw(a)i-	parkuwa(i)- / parkuw(a)i-	PARKUWAIPARKUWAI	ediana	to_cleanse	-
2(-an)	2(-an)	AN	ediana	two	-
*ḫap(p)-	*xap(p)-	SKAPP	ediana	to_join	-
widā(i)-	witaː(i)-	WITAI	ediana	to_smash	-
kwal-	kwal-	KWAL	ediana	to_turn	-
tāru-	taːru-	TARU	ediana	wood	-
atti	atːi	ATI	ediana	(unknown)	-
tāwan(i)-	taːwan(i)-	TAWANI	ediana	stalk	-
waššānt(i)-	waʃʃaːnt(i)-	WASSANTI	ediana	wearing	-
wašpant(i)-	waʃpant(i)-	WASPANTI	ediana	garment	-
kuwāriḫa	kuwaːrixa	KUWARIKA	ediana	(unknown)	-
tarza-	tartsa-	TARTSA	ediana	(unknown)	-
kūnuwa-(i)	kuːnuwa-(i)	KUNUWAI	ediana	(unknown)	-
tappān(i)-	tapːaːn(i)-	TAPANI	ediana	hair	-
*gull-	*kulː-	SKUL	ediana	(to_be)_round	-
gullant(i)-	kulːant(i)-	KULANTI	ediana	ring-shaped	-
gulluntatt(i)-	kulːuntatː(i)-	KULUNTATI	ediana	(unknown)	-
gulluš-	kulːuʃ-	KULUS	ediana	(unknown)	-
gulluštānn(i)-	kulːuʃtaːnn(i)-	KULUSTANNI	ediana	muller	-
šānak(k)ukkulla-	ʃaːnak(k)ukːulːa-	SANAKKUKULA	ediana	(a_plant)	-
†=ni	†=ni	NI	ediana	(a_particle)	-
nīš	niːʃ	NIS	ediana	not_(prohib.)	-
ḫāša(/i)-	xaːʃa(/i)-	KASAI	ediana	ashes	-
kuwar- / kūr-	kuwar- / kuːr-	KUWARKUR	ediana	to_cut	-
ala-	ala-	ALA	ediana	food_(?)	-
lammaur/n-	lammaur/n-	LAMMAURN	ediana	denomination	-
alaššamm(i)-	alaʃʃamm(i)-	ALASSAMMI	ediana	wilderness_(?)	-
alinna/i-	alinna/i-	ALINNAI	ediana	foreign_(?)	-
im(ma)ra(/i)-	im(ma)ra(/i)-	IMMARAI	ediana	open_country	-
ūpnalla/i-	uːpnalːa/i-	UPNALAI	ediana	emerging_(?)	-
ar-(ti)	ar-(ti)	ARTI	ediana	to_move	-
allauwāi-/-iya-(i)	alːauwaːi-/-ija-(i)	ALAUWAIIYAI	ediana	to_remain_in_a_distance_(?)	-
allatima-	alːatima-	ALATIMA	ediana	distant_area_(?)	-
alla(/i)-	alːa(/i)-	ALAI	ediana	distant_(?)	-
kulkulliya	kulkulːija	KULKULIYA	ediana	(unknown)	-
taršuliya	tarʃulija	TARSULIYA	ediana	(unknown)	-
taršiya-(i)	tarʃija-(i)	TARSIYAI	ediana	(unknown)	-
tarš(i)-	tarʃ(i)-	TARSI	ediana	(unknown)	-
tarš(a)i-(di)	tarʃ(a)i-(ti)	TARSAITI	ediana	to_trample_on_(?)	-
ḫinuriya	xinurija	KINURIYA	ediana	(unknown)	-
tūwā	tuːwaː	TUWA	ediana	in_the_distance	-
tūwalli(ya)-	tuːwalːi(ja)-	TUWALIYA	ediana	appearing_in_a_distance_(?)	-
tūwallanatima-	tuːwalːanatima-	TUWALANATIMA	ediana	distant_area_(?)	-
dūwa-	tuːwa-	TUWA	ediana	(a_disease)_(?)	-
duwanta	tuwanta	TUWANTA	ediana	in_a_distance	-
duwan(i)-	tuwan(i)-	TUWANI	ediana	(unknown)	-
uranu(wa)-(i)	uranu(wa)-(i)	URANUWAI	ediana	to_make_great	-
urayann(i)-	urajann(i)-	URAYANNI	ediana	(a_military_rank)_(?)	-
urann(i)-	urann(i)-	URANNI	ediana	grandmother	-
annaliy[a(-)	annalij[a(-)	ANNALIYA	ediana	(unknown)	-
malḫašša-	malxaʃʃa-	MALKASSA	ediana	ritual	-
zappiyalla/i-	tsapːijalːa/i-	TSAPIYALAI	ediana	soft_rain_shower	-
*zapp-	*tsapː-	STSAP	ediana	to_trickle	-
zappalālla	tsapːalaːlːa	TSAPALALA	ediana	(household_appliance_used_in_setting_the_table)	-
*zappal-	*tsapːal-	STSAPAL	ediana	slaughter_(?)	-
zappa-(ti)	tsapːa-(ti)	TSAPATI	ediana	to_let_flow	-
=pi	=pi	PI	ediana	(particle)	-
arānašša/i-	araːnaʃʃa/i-	ARANASSAI	ediana	(unknown)	-
aranuwa-(i)	aranuwa-(i)	ARANUWAI	ediana	to_confer_ownership	-
šīwar-	ʃiːwar-	SIWAR	ediana	(unknown)	-
dannaš-	tannaʃ-	TANNAS	ediana	(a_type_of_bread)	-
ānnunn(i)-	aːnnunn(i)-	ANNUNNI	ediana	former_state_(?)	-
tūr(i)-	tuːr(i)-	TURI	ediana	lance	-
tūrā-(ti)	tuːraː-(ti)	TURATI	ediana	to_pierce_(with_a_lance)	-
turaḫ(i)-	turax(i)-	TURAKI	ediana	(a_wooden_tool)	-
ḫant(i)-	xant(i)-	KANTI	ediana	forehead	-
zam(ma)n-	tsam(ma)n-	TSAMMAN	ediana	damage	-
zamnant(i)- (zammant(i)-)	tsamnant(i)- (tsammant(i)-)	TSAMNANTITSAMMANTI	ediana	damaged	-
talupp(i)-	talupː(i)-	TALUPI	ediana	clod	-
ḫapanuša-(i)	xapanuʃa-(i)	KAPANUSAI	ediana	to_rinse	-
tiyamm(i)-	tijamm(i)-	TIYAMMI	ediana	earth	-
*kuša-(i)	*kuʃa-(i)	SKUSAI	ediana	to_erase	-
3-šu	3-ʃu	SU	ediana	thrice	-
manam(=)	manam(=)	MANAM	ediana	(unknown)	-
šalḫa(/i)-	ʃalxa(/i)-	SALKAI	ediana	great	-
šašla-	ʃaʃla-	SASLA	ediana	(unknown)	-
parran	parran	PARRAN	ediana	before	-
=mu, =mi	=mu, =mi	MUMI	ediana	me	-
elelḫā-(i) (ililḫā-)	elelxaː-(i) (ililxaː-)	ELELKAIILILKA	ediana	to_wash_(off)	-
la(ḫ)un(a)i-(di)	la(x)un(a)i-(ti)	LAKUNAITI	ediana	to_wash_away	-
lalluwyawa(/i)-	lalːuwjawa(/i)-	LALUWYAWAI	ediana	belonging_to_lallupiya	-
ēlḫā(i)-(di) (ilḫa(i)-)	eːlxaː(i)-(ti) (ilxa(i)-)	ELKAITIILKAI	ediana	to_wash_(off)	-
lilūwa-(i)	liluːwa-(i)	LILUWAI	ediana	to_pour	-
lūwa-(i)	luːwa-(i)	LUWAI	ediana	to_pour	-
pītann(i)-	piːtann(i)-	PITANNI	ediana	(unknown)	-
apār-(ti)	apaːr-(ti)	APARTI	ediana	(unknown)	-
paratt(a)-	paratː(a)-	PARATA	ediana	impurity	-
par-(ti)	par-(ti)	PARTI	ediana	to_carry_(?)	-
andan, =antan	antan, =antan	ANTANANTAN	ediana	inside	-
dudummani-(ti)	tutummani-(ti)	TUTUMMANITI	ediana	to_have_mercy_on_(?)	-
maraḫšiwal(i)-	maraxʃiwal(i)-	MARAKSIWALI	ediana	having_fuzzes	-
*ḫaš(š)a-(i)	*xaʃ(ʃ)a-(i)	SKASSAI	ediana	to_procreate	-
ḫamšukkalla-	xamʃukːalːa-	KAMSUKALA	ediana	great-grandchild	-
lalḫiya-	lalxija-	LALKIYA	ediana	journey	-
laḫḫi-	laxxi-	LAKKI	ediana	to_travel	-
iš-(ti)	iʃ-(ti)	ISTI	ediana	to_sit	-
*wanatti(ya)-	*wanatːi(ja)-	SWANATIYA	ediana	female	-
tūwa-	tuːwa-	TUWA	ediana	crop	-
tuwawantil(i)-	tuwawantil(i)-	TUWAWANTILI	ediana	in_the_manner_of_one_having_harvest_(?)	-
uša-(i)	uʃa-(i)	USAI	ediana	to_bring_(here)	-
šašša-(i)	ʃaʃʃa-(i)	SASSAI	ediana	to_release	-
šāšati	ʃaːʃati	SASATI	ediana	(unknown)	-
ušanda	uʃanta	USANTA	ediana	to_prosper_(?)	-
zātī	tsaːtiː	TSATI	ediana	thus	-
zā-/zī-	tsaː-/tsiː-	TSATSI	ediana	this	-
papra-(i)	papra-(i)	PAPRAI	ediana	to_carry_(off)	-
tapašalla/i-	tapaʃalːa/i-	TAPASALAI	ediana	related_to_the_sky_(?)	-
muwinaent(i)-	muwinaent(i)-	MUWINAENTI	ediana	(unknown)	-
mur(i)-	mur(i)-	MURI	ediana	cluster_of_grapes_(?)	-
mūwa-(i)	muːwa-(i)	MUWAI	ediana	to_overpower	-
mūwattalla/i-	muːwatːalːa/i-	MUWATALAI	ediana	mighty	-
mutti(ya)-	mutːi(ja)-	MUTIYA	ediana	having_(overpowering)_might	-
awī-(di)	awiː-(ti)	AWITI	ediana	to_come	-
duššaniyalla-	tuʃʃanijalːa-	TUSSANIYALA	ediana	(a_functionary)	-
lālā-(i)	laːlaː-(i)	LALAI	ediana	to_take_(imperf.)	-
mallit-	malːit-	MALIT	ediana	honey	-
tāpāru-	taːpaːru-	TAPARU	ediana	(verbal)_humiliation_(?)	-
tāpa/i-	taːpa/i-	TAPAI	ediana	bad	-
īnta	iːnta	INTA	ediana	below_(?)	-
ḫīrūtalla/i-	xiːruːtalːa/i-	KIRUTALAI	ediana	related_to_oath	-
ḫīrūtaniya-(ti)	xiːruːtanija-(ti)	KIRUTANIYATI	ediana	to_swear	-
ḫap(a)i-(di)	xap(a)i-(ti)	KAPAITI	ediana	to_bind	-
tammūga-	tammuːka-	TAMMUKA	ediana	nails	-
*waya-	*waja-	SWAYA	ediana	life_(?)	-
ḫīrūn/t-	xiːruːn/t-	KIRUNT	ediana	(false)_oath	-
*ḫatt-	*xatː-	SKAT	ediana	to_pierce	-
ḫattašta(r)r(i)-	xatːaʃta(r)r(i)-	KATASTARRI	ediana	piercing/striking_action	-
ḫattai(ya)-	xatːai(ja)-	KATAIYA	ediana	related_to_piercing/striking	-
ḫattara-	xatːara-	KATARA	ediana	(a_long	-
ḫattari-(ti)	xatːari-(ti)	KATARITI	ediana	to_treat_with_the_ḫattara-_tool	-
ḫatta-	xatːa-	KATA	ediana	the_piercing/striking_(one)_(?)	-
ḫarpanalli(ya)-	xarpanalːi(ja)-	KARPANALIYA	ediana	rebellious	-
warīta	wariːta	WARITA	ediana	(unknown)	-
aru-	aru-	ARU	ediana	high	-
=ḫa	=xa	KA	ediana	and	-
*šark-	*ʃark-	SSARK	ediana	to_lift	-
ūmmaya-	uːmmaja-	UMMAYA	ediana	non-growing	-
ūmmayalla/i-	uːmmajalːa/i-	UMMAYALAI	ediana	belonging_to_the_non-growing	-
tappā-	tapːaː-	TAPA	ediana	to_spit	-
ārrai(ya)-	aːrrai(ja)-	ARRAIYA	ediana	long	-
īppatarrišša-(i)	iːpːatarriʃʃa-(i)	IPATARRISSAI	ediana	to_distrain	-
appa	apːa	APA	ediana	behind	-
*ip(a)- (ipama/i-)	*ip(a)- (ipama/i-)	SIPAIPAMAI	ediana	perverted	-
ipalāt(i)-	ipalaːt(i)-	IPALATI	ediana	sinisterness	-
ipal(i)-	ipal(i)-	IPALI	ediana	left_(hand)	-
tarraš-	tarraʃ-	TARRAS	ediana	food_(?)	-
p]araššātta-	p]araʃʃaːtːa-	PARASSATA	ediana	provisions_(?)	-
mīlu-	miːlu-	MILU	ediana	fruits_(?)	-
ANŠE.KUR.RA-u-	ANŠE.KUR.RA-u-	00000000U	ediana	horse	-
šaknuwant(i)-	ʃaknuwant(i)-	SAKNUWANTI	ediana	defiled	-
para-(ti)	para-(ti)	PARATI	ediana	to_carry_(off)	-
šarkiwal(i)-	ʃarkiwal(i)-	SARKIWALI	ediana	vengeful_(?)	-
ḫantil(i)-	xantil(i)-	KANTILI	ediana	foremost	-
aru(wa)ru-	aru(wa)ru-	ARUWARU	ediana	to_lift_(?)	-
ādduwāl-	aːtːuwaːl-	ATUWAL	ediana	evil	-
ḫamš(i)-	xamʃ(i)-	KAMSI	ediana	grandchild	-
apatī(n)	apatiː(n)	APATIN	ediana	thus	-
ḫarši(ya)-	xarʃi(ja)-	KARSIYA	ediana	related_to_a_pithos	-
papašāla	papaʃaːla	PAPASALA	ediana	esophagus	-
parḫ(a)-	parx(a)-	PARKA	ediana	to_drive	-
išarwil(i)-	iʃarwil(i)-	ISARWILI	ediana	right_side	-
pūnata/i-	puːnata/i-	PUNATAI	ediana	all	-
šann(a)i-(di)	ʃann(a)i-(ti)	SANNAITI	ediana	to_empty_(?)	-
tanima/i-	tanima/i-	TANIMAI	ediana	all	-
tāruš-	taːruʃ-	TARUS	ediana	(wooden)_statue	-
daweyan / tāwiyān	tawejan / taːwijaːn	TAWEYANTAWIYAN	ediana	1._‘at’_(postposition)	-
dūpi-/dūpai-	tuːpi-/tuːpai-	TUPITUPAI	ediana	to_strike_(down)	-
tūm(m)anti-(ti)	tuːm(m)anti-(ti)	TUMMANTITI	ediana	to_hear	-
tappaš-	tapːaʃ-	TAPAS	ediana	sky	-
tiwad-	tiwat-	TIWAT	ediana	sun-god	-
zāwi(n)	tsaːwi(n)	TSAWIN	ediana	here	-
wāna(/i)-	waːna(/i)-	WANAI	ediana	woman	-
*wāni(t)-	*waːni(t)-	SWANIT	ediana	block	-
waralla/i-	waralːa/i-	WARALAI	ediana	own	-
waliya-(i)	walija-(i)	WALIYAI	ediana	to_raise	-
wašš-	waʃʃ-	WASS	ediana	to_wear	-
waššar-	waʃʃar-	WASSAR	ediana	favour_vel_sim.	-
wattani(ya)-	watːani(ja)-	WATANIYA	ediana	land	-
zīla	tsiːla	TSILA	ediana	afterwards	-
tapp(i)-	tapː(i)-	TAPI	ediana	kitchen_(?)	-
UD.KAM-i(ya)-	UD.KAM-i(ja)-	00000IYA	ediana	sumerogram:day	-
ḫālā(i)-(di)	xaːlaː(i)-(ti)	KALAITI	ediana	(unknown)	-
=tar	=tar	TAR	ediana	(local_particle)	-
=r	=r	R	ediana	(local_particle)	-
*ḫa-	*xa-	SKA	ediana	to_be_warm	-
ḫattūlāḫi(t)-	xatːuːlaːxi(t)-	KATULAKIT	ediana	health	-
(-)š]āriyaḫ(i)-	(-)ʃ]aːrijax(i)-	SARIYAKI	ediana	(unknown)	-
umušanza	umuʃantsa	UMUSANTSA	ediana	(unknown)	-
šāriyani-(ti)	ʃaːrijani-(ti)	SARIYANITI	ediana	to_treat_with_a_curry_comb	-
šar(r)iyan(i)-	ʃar(r)ijan(i)-	SARRIYANI	ediana	curry_comb	-
pūr(i)-	puːr(i)-	PURI	ediana	lip	-
*ḫattula-	*xatːula-	SKATULA	ediana	health	-
ḫarra-	xarra-	KARRA	ediana	to_crush_(?)	-
ḫarra(/i)-	xarra(/i)-	KARRAI	ediana	grindstone	-
ḫaratar-/-tn-	xaratar-/-tn-	KARATARTN	ediana	(matter_of)_concern	-
wašku(wa)llimma/i-	waʃku(wa)lːimma/i-	WASKUWALIMMAI	ediana	sinful	-
talā-	talaː-	TALA	ediana	(a_household_item)	-
alalanti	alalanti	ALALANTI	ediana	(unknown)	-
šarḫadu	ʃarxatu	SARKATU	ediana	to_activate/empty_the_womb_(vel_sim.)	-
*irḫ(i)-	*irx(i)-	SIRKI	ediana	border	-
ḫuwarpann(i)-	xuwarpann(i)-	KUWARPANNI	ediana	foliage_(?)	-
warp(i)-	warp(i)-	WARPI	ediana	enclosure	-
ḫu(wa)ḫḫuršant(i)-	xu(wa)xxurʃant(i)-	KUWAKKURSANTI	ediana	(part_of_the_house)	-
*tar(k)u-	*tar(k)u-	STARKU	ediana	to_turn	-
taruwāliya-	taruwaːlija-	TARUWALIYA	ediana	dance	-
tarkumm(a)i-(di)	tarkumm(a)i-(ti)	TARKUMMAITI	ediana	to_report	-
*katt(i)-	*katː(i)-	SKATI	ediana	hostility_(?)	-
kattawatnalla/i-	katːawatnalːa/i-	KATAWATNALAI	ediana	vengeful	-
*winiyaduwant(i)-	*winijatuwant(i)-	SWINIYATUWANTI	ediana	related_to_grapevines	-
*wiyan(i)-	*wijan(i)-	SWIYANI	ediana	wine	-
*warwa(/i)-	*warwa(/i)-	SWARWAI	ediana	seed	-
ḫūm(ma)t(i)-	xuːm(ma)t(i)-	KUMMATI	ediana	niche	-
ḫūmi(t)-	xuːmi(t)-	KUMIT	ediana	arm	-
ḫuwammitiya[	xuwammitija[	KUWAMMITIYA	ediana	(unknown)	-
*tarāw-	*taraːw-	STARAW	ediana	to_hand_over	-
altannima-	altannima-	ALTANNIMA	ediana	sacred_spring_basin	-
tarāwi-(ti)	taraːwi-(ti)	TARAWITI	ediana	to_hand_over	-
lāl(i)-	laːl(i)-	LALI	ediana	tongue	-
ura/i-	ura/i-	URAI	ediana	great	-
labarna-	laparna-	LAPARNA	ediana	(a_divine/royal_title)	-
pū-(di)	puː-(ti)	PUTI	ediana	to_grab	-
*pū-(di)	*puː-(ti)	SPUTI	ediana	to_engrave	-
pupulā[	pupulaː[	PUPULA	ediana	(unknown)	-
zarp(i)-	tsarp(i)-	TSARPI	ediana	(unknown)	-
lalašḫa-(ti)	lalaʃxa-(ti)	LALASKATI	ediana	to_take_repeatedly_(?)	-
urazza-	uratsːa-	URATSA	ediana	greatest_one	-
milta-	milta-	MILTA	ediana	illness_(?)	-
*ḫuit-	*xuit-	SKUIT	ediana	to_live	-
wašš(a)-	waʃʃ(a)-	WASSA	ediana	table	-
šarla-	ʃarla-	SARLA	ediana	to_elevate	-
nāni(ya)-	naːni(ja)-	NANIYA	ediana	related_to_a_brother	-
nānaḫ[i-	naːnax[i-	NANAKI	ediana	brotherhood_(?)	-
nānašri(ya)-	naːnaʃri(ja)-	NANASRIYA	ediana	related_to_a_sister	-
šarla/i-	ʃarla/i-	SARLAI	ediana	supreme	-
*nān(i)-	*naːn(i)-	SNANI	ediana	brother	-
arunā(i)-(di)	arunaː(i)-(ti)	ARUNAITI	ediana	to_raise_(?)	-
šarri	ʃarri	SARRI	ediana	up	-
†lapantati	†lapantati	LAPANTATI	ediana	(ghostword)	-
ḫāpiri(ya)-	xaːpiri(ja)-	KAPIRIYA	ediana	desert-dweller	-
aul(i)-	aul(i)-	AULI	ediana	(tube-shaped_organ)	-
lūlaḫi(ya)-	luːlaxi(ja)-	LULAKIYA	ediana	(uncivilized_mountain_dwellers)	-
anne	anne	ANNE	ediana	with	-
ūnza-	uːntsa-	UNTSA	ediana	you_(pl.)	-
nakkuššā(i)-(di)	nakːuʃʃaː(i)-(ti)	NAKUSSAITI	ediana	to_perform_a_scapegoat_rite	-
nakkuššaḫi(t)-	nakːuʃʃaxi(t)-	NAKUSSAKIT	ediana	scapegoat_rite	-
pašš-(ti)	paʃʃ-(ti)	PASSTI	ediana	to_swallow	-
paddaliya-(i)	patːalija-(i)	PATALIYAI	ediana	to_carry_off	-
padd-/patz-	patː-/patts-	PATPATTS	ediana	to_carry	-
pūwa	puːwa	PUWA	ediana	formerly	-
pūwātil(i)-	puːwaːtil(i)-	PUWATILI	ediana	past	-
tarpatta(/i)-	tarpatːa(/i)-	TARPATAI	ediana	struggle	-
tarpatarpatta-	tarpatarpatːa-	TARPATARPATA	ediana	constant_struggle	-
tarpatarp(a)i-(di)	tarpatarp(a)i-(ti)	TARPATARPAITI	ediana	to_(constantly)_struggle	-
tarp(a)i-(di)	tarp(a)i-(ti)	TARPAITI	ediana	to_attack	-
*tarpa-(i)	*tarpa-(i)	STARPAI	ediana	to_tread_on_(?)	-
tarpā(i)-(di)	tarpaː(i)-(ti)	TARPAITI	ediana	to_tread	-
tarpāi(ya)-	tarpaːi(ja)-	TARPAIYA	ediana	(unknown)	-
*tarp-	*tarp-	STARP	ediana	replace	-
tarpani(ya)-	tarpani(ja)-	TARPANIYA	ediana	usurper	-
tarpāššā-	tarpaːʃʃaː-	TARPASSA	ediana	(ritual)_substitute	-
tarpal(l)a/i-	tarpal(l)a/i-	TARPALLAI	ediana	(ritual)_substitute_(?)	-
tarpandu	tarpantu	TARPANTU	ediana	give_in_return	-
šarlātt(a)-	ʃarlaːtː(a)-	SARLATA	ediana	exaltation	-
šēḫuwai(ya)-	ʃeːxuwai(ja)-	SEKUWAIYA	ediana	related_to_that_which_is_sour	-
dānit-	taːnit-	TANIT	ediana	(cult_object)	-
kuppiš-	kupːiʃ-	KUPIS	ediana	bench	-
pārta(/i)-	paːrta(/i)-	PARTAI	ediana	leg	-
paršant(a)-	parʃant(a)-	PARSANTA	ediana	(unknown)	-
*maruwa-	*maruwa-	SMARUWA	ediana	black	-
marrutti	marrutːi	MARRUTI	ediana	(unknown)	-
*lapa-	*lapa-	SLAPA	ediana	to_provide_salt-lick_(?)	-
lapanalla/i-	lapanalːa/i-	LAPANALAI	ediana	pertaining_to_the_salt-lick	-
part-	part-	PART	ediana	to_escape_(?)	-
gangat(a)i-(di)	kankat(a)i-(ti)	KANKATAITI	ediana	to_treat_with_the_gangati-plant	-
ḫuipa-(ti)	xuipa-(ti)	KUIPATI	ediana	to_act_ruthlessly/cruelly	-
parn(a)-	parn(a)-	PARNA	ediana	house	-
ḫūpalziyati(ya)-	xuːpaltsijati(ja)-	KUPALTSIYATIYA	ediana	skull-shaped	-
ḫupallašā(i)-(di) (or ḫupallaš(a)i-(di))	xupalːaʃaː(i)-(ti) (or xupalːaʃ(a)i-(ti))	KUPALASAITIORKUPALASAITI	ediana	to_injure_(the_head)	-
ḫupallaš-	xupalːaʃ-	KUPALAS	ediana	skull	-
pā	paː	PA	ediana	then	-
=pa	=pa	PA	ediana	(weak_contrastive_conjunction)	-
līla-	liːla-	LILA	ediana	pacification(?)	-
līla-(ti)	liːla-(ti)	LILATI	ediana	to_pacify	-
lila(i)-(di)	lila(i)-(ti)	LILAITI	ediana	to_become_calm	-
ḫāpa/i-	xaːpa/i-	KAPAI	ediana	river	-
tīran-	tiːran-	TIRAN	ediana	(tool_for_roasting)_(?)	-
nimiyanni	nimijanni	NIMIYANNI	ediana	ungrowth_(?)	-
*warp(i)-	*warp(i)-	SWARPI	ediana	weapon	-
lā-(i)	laː-(i)	LAI	ediana	to_take	-
ḫu(waḫ)ḫurt(i)-	xu(wax)xurt(i)-	KUWAKKURTI	ediana	throat	-
=mmaš	=mmaʃ	MMAS	ediana	to_them	-
uwarḫina-(i)	uwarxina-(i)	UWARKINAI	ediana	(unknown)	-
tannarant(i)-	tannarant(i)-	TANNARANTI	ediana	empty	-
tanama-	tanama-	TANAMA	ediana	drawn_(?)	-
nā	naː	NA	ediana	not_(?)	-
māntalla/i-	maːntalːa/i-	MANTALAI	ediana	related_to_slander	-
tāin-	taːin-	TAIN	ediana	oil	-
dāini(ya)-	taːini(ja)-	TAINIYA	ediana	oily	-
kwī-, kwatt-	kwiː-, kwatː-	KWIKWAT	ediana	who	-
tī, =du	tiː, =tu	TITU	ediana	you	-
kuišḫa, kuiḫa	kuiʃxa, kuixa	KUISKAKUIKA	ediana	each_(universal_quantifier)	-
āš-/aš-(ti)	aːʃ-/aʃ-(ti)	ASASTI	ediana	to_be	-
*arma-	*arma-	SARMA	ediana	moon	-
*ara	*ara	SARA	ediana	right	-
āp(p)-(ti)	aːp(p)-(ti)	APPTI	ediana	to_seize	-
*tatariya-(i)	*tatarija-(i)	STATARIYAI	ediana	to_curse	-
=wa	=wa	WA	ediana	(quotative_particle)	-
ānza-	aːntsa-	ANTSA	ediana	we	-
dūwa-(i)	tuːwa-(i)	TUWAI	ediana	to_place	-
=appi	=apːi	API	ediana	behind_(?)	-
āppan	aːpːan	APAN	ediana	behind	-
EGIR-anda	EGIR-anta	0000ANTA	ediana	sumerogram:behind	-
āri-(ti)	aːri-(ti)	ARITI	ediana	to_raise	-
šā-(i)	ʃaː-(i)	SAI	ediana	to_release	-
šuwātar	ʃuwaːtar	SUWATAR	ediana	fullness	-
iya-(i)	ija-(i)	IYAI	ediana	to_take	-
inašša/i-	inaʃʃa/i-	INASSAI	ediana	the_sick_ones_(?)	-
īš(ša)r(i)-	iːʃ(ʃa)r(i)-	ISSARI	ediana	hand	-
2-šu	2-ʃu	SU	ediana	twice	-
kumma-	kumma-	KUMMA	ediana	pure/sacred_object	-
*wala-	*wala-	SWALA	ediana	to_die	-
māššan(i)-	maːʃʃan(i)-	MASSANI	ediana	god	-
mān	maːn	MAN	ediana	if	-
*mant-	*mant-	SMANT	ediana	slander_(?)	-
*malḫa-	*malxa-	SMALKA	ediana	offering_(?)	-
nāwa	naːwa	NAWA	ediana	not	-
nī	niː	NI	ediana	not_(prohibitive)	-
pāta-	paːta-	PATA	ediana	foot	-
*pipiya-(i)	*pipija-(i)	SPIPIYAI	ediana	to_give	-
piya-(i)	pija-(i)	PIYAI	ediana	to_give	-
parī	pariː	PARI	ediana	forth	-
zī-	tsiː-	TSI	ediana	to_lie_and/or_to_be_present	-
zita/i-	tsita/i-	TSITAI	ediana	man	-
tā-(i)	taː-(i)	TAI	ediana	step	-
*ta-(di)	*ta-(ti)	STATI	ediana	to_place	-
tāwa/ī-	taːwa/iː-	TAWAI	ediana	eye	-
tāta/i-	taːta/i-	TATAI	ediana	father	-
kwāri	kwaːri	KWARI	ediana	(unknown)	-
tarḫunt-	tarxunt-	TARKUNT	ediana	storm-god	-
tūwi(ya)-	tuːwi(ja)-	TUWIYA	ediana	your	-
uba-(i)	upa-(i)	UPAI	ediana	to_provide	-
ušš(i)-	uʃʃ(i)-	USSI	ediana	year	-
awa-(i)	awa-(i)	AWAI	ediana	to_see	-
wašḫazza-	waʃxatsːa-	WASKATSA	ediana	the_wašḫa-one	-
GUD-(a/i)-	GUD-(a/i)-	000AI	ediana	sumerogram:bull	-
watt(i)-	watː(i)-	WATI	ediana	mountain	-
wazzaimma/i-	watsːaimma/i-	WATSAIMMAI	ediana	requested	-
*ḫašša-	*xaʃʃa-	SKASSA	ediana	hearth	-
*ḫal-	*xal-	SKAL	ediana	to_set_in_motion	-
ḫūḫa-	xuːxa-	KUKA	ediana	grandfather	-
mūtamūtali(t)-	muːtamuːtali(t)-	MUTAMUTALIT	ediana	rooting_place_of_pigs	-
mūtamut(i)-	muːtamut(i)-	MUTAMUTI	ediana	pig	-
mummuta[	mummuta[	MUMMUTA	ediana	(unknown)	-
*tišš-	*tiʃʃ-	STISS	ediana	to_shape	-
tiššatwa-	tiʃʃatwa-	TISSATWA	ediana	fabrication	-
ḫāwī-	xaːwiː-	KAWI	ediana	sheep	-
šarra	ʃarra	SARRA	ediana	up(on)	-
ḫutarli(ya)-	xutarli(ja)-	KUTARLIYA	ediana	related_to_the_servant	-
ā(ya)-(di)	aː(ja)-(ti)	AYATI	ediana	to_do	-
āḫḫa	aːxxa	AKKA	ediana	away	-
āḫra-	aːxra-	AKRA	ediana	pain	-
ayann(i)-	ajann(i)-	AYANNI	ediana	the_acting_one_(?)	-
āla/i-	aːla/i-	ALAI	ediana	distant_(?)	-
aliya-	alija-	ALIYA	ediana	wild_animal_(?)	-
ammaniyaš	ammanijaʃ	AMMANIYAS	ediana	(unknown)	-
allat(i)-	alːat(i)-	ALATI	ediana	distance_(?)	-
ammart(a)-	ammart(a)-	AMMARTA	ediana	(unknown)	-
ālālatta(/i)-	aːlaːlatːa(/i)-	ALALATAI	ediana	(a_body_part)	-
alanna/i-	alanna/i-	ALANNAI	ediana	hostile_(?)	-
alašša/i-	alaʃʃa/i-	ALASSAI	ediana	alienated_(?)	-
āmmašš-(ti)	aːmmaʃʃ-(ti)	AMMASSTI	ediana	to_wipe	-
ammašši(ya)-(di)	ammaʃʃi(ja)-(ti)	AMMASSIYATI	ediana	to_wipe	-
ānna	aːnna	ANNA	ediana	(unknown)	-
ānnan/annān	aːnnan/annaːn	ANNANANNAN	ediana	below	-
ānnarumāḫi(t)-	aːnnarumaːxi(t)-	ANNARUMAKIT	ediana	strength	-
annarumma/i-	annarumma/i-	ANNARUMMAI	ediana	strong	-
ānnawanna/i-	aːnnawanna/i-	ANNAWANNAI	ediana	step-mother	-
ānn(i)-	aːnn(i)-	ANNI	ediana	mother	-
ānni(ya)-(di)	aːnni(ja)-(ti)	ANNIYATI	ediana	to_carry_out	-
ānni(ya)-	aːnni(ja)-	ANNIYA	ediana	related_to_the_mother	-
anda	anta	ANTA	ediana	in	-
āḫḫašā-(i)	aːxxaʃaː-(i)	AKKASAI	ediana	to_abandon	-
anti	anti	ANTI	ediana	(along)_with	-
apā-	apaː-	APA	ediana	that	-
*star-	*star-	SSTAR	ediana	to_start	-
paršul-	parʃul-	PARSUL	ediana	morsel	-
ār(i)-	aːr(i)-	ARI	ediana	time	-
āppa	aːpːa	APA	ediana	again	-
=ku(wa)	=ku(wa)	KUWA	ediana	in_turn_(successive-adversative_particle)	-
šarḫuwant(i)-	ʃarxuwant(i)-	SARKUWANTI	ediana	womb	-
/lalatt(i)-/, “LINGUA”-la-ti-	/lalatː(i)-/, “LINGUA”-la-ti-	LALATI000000LATI	ediana	language	-
/zanta/, INFRA-ta	/tsanta/, INFRA-ta	TSANTA00000TA	ediana	down	-
/tadi(ya)-/, tá-ti-ia-	/tati(ja)-/, tá-ti-ia-	TATIYATTIIA	ediana	paternal	-
/zin/, zi-na	/tsin/, tsi-na	TSINTSINA	ediana	on_this_side	-
CENTUM	CENTUM	000000	ediana	sumerogram:(one)_hundred	-
/hanta/, (“FRONS”)ha-ta	/xanta/, (“FRONS”)xa-ta	KANTA00000KATA	ediana	in_front_of_(?)	-
/tadalla/i-/, tá-tà-li-	/tatalːa/i-/, tá-tà-li-	TATALAITTLI	ediana	paternal	-
/kummastarr(i)-/, ku-ma-sa-tara/i-	/kummastarr(i)-/, ku-ma-sa-tara/i-	KUMMASTARRIKUMASATARAI	ediana	purification	-
/ussallizza-/, (“ANNUS”)u-sa-li-za-	/usːalːitsːa-/, (“ANNUS”)u-sa-li-tsa-	USALITSA00000USALITSA	ediana	annual	-
/masr(i)-?/, (*472)ma-sa5+ra/i-	/masr(i)-?/, (*472)ma-sa5+ra/i-	MASRISMASARAI	ediana	(a_commodity)	-
/kummi-x-ssa-/, PURUS-mi-x-sá-	/kummi-x-sːa-/, PURUS-mi-x-sá-	KUMMIKSA00000MIKS	ediana	(unknown)	-
/kummayalla-/, ku-ma-ia-la-	/kummajalːa-/, ku-ma-ia-la-	KUMMAYALAKUMAIALA	ediana	temple_official	-
/kwalan-/, EXERCITUS.LA/I/U-	/kwalan-/, EXERCITUS.LA/I/U-	KWALAN0000000000000	ediana	army	-
/waralla/i-/, wa/i+ra/i-la-	/waralːa/i-/, wa/i+ra/i-la-	WARALAIWAIRAILA	ediana	-	-
/nawaralla/i-/, na-wa/i+ra/i-li-	/nawaralːa/i-/, na-wa/i+ra/i-li-	NAWARALAINAWAIRAILI	ediana	foreign	-
/azzanu(wa)-(i)/, AMPLECTI-nú-	/atsːanu(wa)-(i)/, AMPLECTI-nú-	ATSANUWAI00000000N	ediana	to_cause_to_embrace_(?)	-
/lusi-(ti)/, (OCCIDENS)la/i/u-i-si-	/lusi-(ti)/, (OCCIDENS)la/i/u-i-si-	LUSITI00000000LAIUISI	ediana	to_disappear	-
(FLAMMAE)la/i/u-x-	(FLAMMAE)la/i/u-x-	0000000LAIUK	ediana	to_burn_(?)	-
/luslusa-(i)/, (“FLAMMAE”)la/i/u-sà-la/i/u-sà-	/luslusa-(i)/, (“FLAMMAE”)la/i/u-sà-la/i/u-sà-	LUSLUSAI0000000LAIUSLAIUS	ediana	to_sacrifice_(by_burning)	-
/luzzall(i)-/, (“FLAMMAE”)la/i/u-za-li-	/lutsːalː(i)-/, (“FLAMMAE”)la/i/u-tsa-li-	LUTSALI0000000LAIUTSALI	ediana	complete_sacrificial_burning	-
*/lus-/	*/lus-/	SLUS	ediana	to_disappear_(vel_sim.)	-
/lamanissa-(i)/, (LOQUI)la-ma-ní-sà-	/lamanisːa-(i)/, (LOQUI)la-ma-ní-sà-	LAMANISAI00000LAMANS	ediana	to_proclaim_(?)	-
/nanun/, nà-nú-	/nanun/, nà-nú-	NANUNNN	ediana	now	-
/nawanawa(/i)-/, (INFANS)na-wa/i-na-wa/i-	/nawanawa(/i)-/, (INFANS)na-wa/i-na-wa/i-	NAWANAWAI000000NAWAINAWAI	ediana	great-great-great-grandson	-
/nawa(/i)-/, (INFANS)na-wa/i-	/nawa(/i)-/, (INFANS)na-wa/i-	NAWAI000000NAWAI	ediana	great-great-grandson	-
/puTi-/, pu-ti-	/puTi-/, pu-ti-	PU0IPUTI	ediana	(unknown)	-
/puTi(n)t(i)-/, pu-ti-ti-	/puTi(n)t(i)-/, pu-ti-ti-	PU0INTIPUTITI	ediana	(an_occupation)	-
/warzan(i)-/, (CURRUS)wa/i+ra/i-za-ní-	/wartsan(i)-/, (CURRUS)wa/i+ra/i-tsa-ní-	WARTSANI000000WAIRAITSAN	ediana	campaign	-
/sarmiyazza-(i)/, SARMA+RA/I+MI-ia-za-	/sarmijatsːa-(i)/, SARMA+RA/I+MI-ia-tsa-	SARMIYATSAI0000000000IATSA	ediana	(unknown)	-
/suwa-(i)?/, su-wa/i-	/suwa-(i)?/, su-wa/i-	SUWAISUWAI	ediana	to_fill	-
/zazzara-(di)/, za-za+ra/i-	/tsatsːara-(ti)/, tsa-tsa+ra/i-	TSATSARATITSATSARAI	ediana	to_surge(?)	-
/washa(d?)-/, (“*419”)wa/i-sa-ha-	/wasxa(t?)-/, (“*419”)wa/i-sa-xa-	WASKATSWAISAKA	ediana	(unknown)	-
*/war-/	*/war-/	SWAR	ediana	to_speak	-
/wazz(a)i-(di)(?)/, (“*69”)wa/i-zi-	/watsː(a)i-(ti)(?)/, (“*69”)wa/i-tsi-	WATSAITISWAITSI	ediana	to_wish	-
/wazza-/, (“*69”)wa/i-za-	/watsːa-/, (“*69”)wa/i-tsa-	WATSASWAITSA	ediana	request	-
/wassinassahid-/, “EUNUCHUS”-hi-	/wasːinasːaxit-/, “EUNUCHUS”-xi-	WASINASAKIT00000H00KI	ediana	retinue_(?)	-
/wassinass(i)-/, (“EUNUCHUS”)wa/i-si-na-sa-	/wasːinasː(i)-/, (“EUNUCHUS”)wa/i-si-na-sa-	WASINASI00000H00WAISINASA	ediana	attendant	-
/wassinan/(?), *336-na-na	/wasːinan/(?), *336-na-na	WASINANSNANA	ediana	in_the_presence_of_(?)	-
/padatta(/i)-/, pa(+ra/i)?-ti-	/patatːa(/i)-/, pa(+ra/i)?-ti-	PATATAIPARAITI	ediana	foothill_(?)	-
/washai(ya)-/, (“*419”)wa/i-sa-ha-i-	/wasxai(ja)-/, (“*419”)wa/i-sa-xa-i-	WASKAIYASWAISAKAI	ediana	of_washa-	-
*/manna-/	*/manna-/	SMANNA	ediana	fertile_(?)	-
/wasi/, wa/i-si-	/wasi/, wa/i-si-	WASIWAISI	ediana	to_buy_(?)	-
/isau-/, i-sa-u-	/isau-/, i-sa-u-	ISAUISAU	ediana	to_ruin_(?)	-
/mawasu/, 4-su	/mawasu/, 4-su	MAWASUSU	ediana	four_times	-
/zikkuna(/i)-/, zi-ku-na-	/tsikːuna(/i)-/, tsi-ku-na-	TSIKUNAITSIKUNA	ediana	(unknown)	-
/tatta-/ ta-ta-	/tatːa-/ ta-ta-	TATATATA	ediana	to_stand_out	-
/tanussa-(i)/, CRUS-nu-sà-	/tanusːa-(i)/, CRUS-nu-sà-	TANUSAI0000NUS	ediana	to_set_up	-
/tawara-/, CRUS-wa/i+ra/i	/tawara-/, CRUS-wa/i+ra/i	TAWARA0000WAIRAI	ediana	standing	-
/ist(a)ratt(a)-/, (THRONUS)i-sà-tara/i-tá-	/ist(a)ratː(a)-/, (THRONUS)i-sà-tara/i-tá-	ISTARATA0H00000ISTARAIT	ediana	throne	-
/ist(a)ral-/, í-sà-tara/i-la-	/ist(a)ral-/, í-sà-tara/i-la-	ISTARALSTARAILA	ediana	chair_(?)	-
/asa-/, (MENSA.SOLIUM)á-sa-	/asa-/, (MENSA.SOLIUM)á-sa-	ASA00000000000SA	ediana	seat	-
/marnussa-(i)/, DELERE-nu-sà-	/marnusːa-(i)/, DELERE-nu-sà-	MARNUSAI000000NUS	ediana	to_destroy	-
*/mar-/	*/mar-/	SMAR	ediana	to_disappear	-
/hinuwa(/i)-/, (“*261”)hi-nu-wa/i-	/xinuwa(/i)-/, (“*261”)xi-nu-wa/i-	KINUWAISKINUWAI	ediana	(unknown)	-
/kitrid-/, ki-tara/i-	/kitrit-/, ki-tara/i-	KITRITKITARAI	ediana	share	-
/huhad(i)-/, AVUS-ha-ti-	/xuxat(i)-/, AVUS-xa-ti-	KUKATI0000KATI	ediana	great-grandfather	-
/huhadi(ya)-/, (AVUS)hu-ha-ti-	/xuxati(ja)-/, (AVUS)xu-xa-ti-	KUKATIYA0000KUKATI	ediana	of_great-grandfather	-
/huhadalla/i-/, AVUS-ha-tà-li-	/xuxatalːa/i-/, AVUS-xa-tà-li-	KUKATALAI0000KATLI	ediana	ancestral	-
/zir(a/i)lamma/i-/, zí-ra/i-la-mi-	/tsir(a/i)lamma/i-/, tsí-ra/i-la-mi-	TSIRAILAMMAITSRAILAMI	ediana	fruitful	-
/zarza-/, za+ra/i-	/tsartsa-/, tsa+ra/i-	TSARTSATSARAI	ediana	to_grow	-
/has(s)a(/i)-/, FLAMMAE?(-)hax-si	/xas(s)a(/i)-/, FLAMMAE?(-)xax-si	KASSAI0000000KAKSI	ediana	pyre	-
/warm(i)-/, wa/i+ra/i-mi-	/warm(i)-/, wa/i+ra/i-mi-	WARMIWAIRAIMI	ediana	(unknown)	-
/warma-/, wa/i+ra/i-ma-	/warma-/, wa/i+ra/i-ma-	WARMAWAIRAIMA	ediana	(unknown)	-
/kuruPi-/, “OVIS”-ru-pi-	/kuruPi-/, “OVIS”-ru-pi-	KURU0I0000RUPI	ediana	(an_ovid)	-
/kuruPil(i)-/, (“*478”)ku-tú-pi-li-	/kuruPil(i)-/, (“*478”)ku-tú-pi-li-	KURU0ILISKUTPILI	ediana	(an_ovid)	-
/assuwi(ya)-/(?), SCALPRUM	/asːuwi(ja)-/(?), SCALPRUM	ASUWIYA00000000	ediana	of_stone	-
/skalda-(i)/, sà-ka-la-tà-	/skalta-(i)/, sà-ka-la-tà-	SKALTAISKALAT	ediana	to_scratch_(?)	-
/habanzulawa(/i)-/, (“COR”)ha-pa-zú+ra/i-wa/i-	/xapantsulawa(/i)-/, (“COR”)xa-pa-tsú+ra/i-wa/i-	KAPANTSULAWAI000KAPATSRAIWAI	ediana	devotion_(?)	-
/habanzanuwa-(i)/, ha-pa-za-nu-wa/i-	/xapantsanuwa-(i)/, xa-pa-tsa-nu-wa/i-	KAPANTSANUWAIKAPATSANUWAI	ediana	to_tie_(?)	-
/hishiya-/, (PUGNUS+PUGNUS)hi-sà-hi-	/xisxija-/, (PUGNUS+PUGNUS)xi-sà-xi-	KISKIYA000000000000KISKI	ediana	to_bind	-
/walwa(/i)-/, LEO(ANIMA)-wa/i-	/walwa(/i)-/, LEO(ANIMA)-wa/i-	WALWAI00000000WAI	ediana	lion	-
*/sahhan-/	*/saxːan-/	SSAKAN	ediana	service_(?)	-
/wai-/, wa/i-i-	/wai-/, wa/i-i-	WAIWAII	ediana	woe	-
/irnila-/, i+ra/i-ní-la-	/irnila-/, i+ra/i-ní-la-	IRNILAIRAINLA	ediana	(unknown)	-
/irnilizza-/, i+ra/i-ní-li-za	/irnilitsːa-/, i+ra/i-ní-li-tsa	IRNILITSAIRAINLITSA	ediana	(unknown)	-
/miyant(i)-/, mi-ia-ti-	/mijant(i)-/, mi-ia-ti-	MIYANTIMIIATI	ediana	many	-
/tummanta-(di)/, AUDIRE+MI-ta+ra/i-	/tummanta-(ti)/, AUDIRE+MI-ta+ra/i-	TUMMANTATI00000000TARAI	ediana	to_listen_(?)	-
/an(n)iya-(ti)/, á-ni-i(a)-	/an(n)ija-(ti)/, á-ni-i(a)-	ANNIYATINIIA	ediana	to_procure_(?)	-
/piyaRiya-/, pi-ia+ra/i-ia-	/pijaRija-/, pi-ia+ra/i-ia-	PIYA0IYAPIIARAIIA	ediana	(a_kind_of_transfer)	-
/pibassa-(i)/, pi-pa-sa-	/pipasːa-(i)/, pi-pa-sa-	PIPASAIPIPASA	ediana	to_grant	-
/piyattara(/i)-/, (ARGENTUM)pi-ia-tara/i-	/pijatːara(/i)-/, (ARGENTUM)pi-ia-tara/i-	PIYATARAI00000000PIIATARAI	ediana	a_kind_of_gift	-
*/zahha-/	*/tsaxːa-/	STSAKA	ediana	fight	-
*/zahha-(i)/	*/tsaxːa-(i)/	STSAKAI	ediana	to_fight	-
/san(n)awizza(/i)-?/, sa-na-wa/i-za-	/san(n)awitsːa(/i)-?/, sa-na-wa/i-tsa-	SANNAWITSAISANAWAITSA	ediana	(very)_good	-
/san(n)awi?/, sa-na-wa/i	/san(n)awi?/, sa-na-wa/i	SANNAWISANAWAI	ediana	well	-
/san(n)a/, sà-na	/san(n)a/, sà-na	SANNASNA	ediana	well	-
/luhanu(wa)-(i)/, (FLAMMAE)lax-há-nú-wa/i-	/luxanu(wa)-(i)/, (FLAMMAE)lax-xá-nú-wa/i-	LUKANUWAI0000000LAKKNWAI	ediana	to_burn_down	-
ARGENTUM-	ARGENTUM-	00000000	ediana	sumerogram:silver	-
ARGENTUM.DARE-si-	ARGENTUM.DARE-si-	000000000000SI	ediana	sumerogram:costly	-
FEMINA(-)ti-ia+ra/i(-)na-(?)	FEMINA(-)ti-ia+ra/i(-)na-(?)	000000TIIARAINA	ediana	sumerogram:(unknown)	-
FLAMMAE-x-tà-	FLAMMAE-x-tà-	0000000KT	ediana	sumerogram:(unknown)	-
˹“˺FLAMMAE˹”˺-	˹“˺FLAMMAE˹”˺-	0000000	ediana	flame(s)_(?)	-
/mashunalla/i-/, (“DEUS”)ma-sa-hu-na-li-	/masxunalːa/i-/, (“DEUS”)ma-sa-xu-na-li-	MASKUNALAI0000MASAKUNALI	ediana	of_prosperity_(?)	-
/mashani-(ti)/, ma-sa-ha-ni-	/masxani-(ti)/, ma-sa-xa-ni-	MASKANITIMASAKANI	ediana	to_make_prosper_(?)	-
*/masha-/	*/masxa-/	SMASKA	ediana	(unknown)	-
/mawa(/i)-/, 4-wa/i-	/mawa(/i)-/, 4-wa/i-	MAWAIWAI	ediana	four	-
/su-/, (MANUS)su-	/su-/, (MANUS)su-	SU00000SU	ediana	full	-
/unun/, u-nu-	/unun/, u-nu-	UNUNUNU	ediana	now	-
/ununu(wa)-(i)/, “X”(-)u-nú-nú-	/ununu(wa)-(i)/, “X”(-)u-nú-nú-	UNUNUWAI0UNN	ediana	(unknown)	-
/unanu(wa)-/, u-na-nu-	/unanu(wa)-/, u-na-nu-	UNANUWAUNANU	ediana	to_teach	-
/warriya-(i)/, wa/i+ra/i-ia-	/warrija-(i)/, wa/i+ra/i-ia-	WARRIYAIWAIRAIIA	ediana	to_help	-
/usnussa-(i)?/, u-sa-nu-sa-	/usnusːa-(i)?/, u-sa-nu-sa-	USNUSAIUSANUSA	ediana	to_please	-
/usnu(wa)-(i)?/, u-sa-nú-wa/i-	/usnu(wa)-(i)?/, u-sa-nú-wa/i-	USNUWAIUSANWAI	ediana	to_bless	-
/wassiyazza-(i)/, BONUS-si-ia-za-	/wasːijatsːa-(i)/, BONUS-si-ia-tsa-	WASIYATSAI00000SIIATSA	ediana	to_be_dear	-
/wassranu(wa)-(i)/, (BONUS)wa/i-sa5+ra/i-nu-	/wasːranu(wa)-(i)/, (BONUS)wa/i-sa5+ra/i-nu-	WASRANUWAI00000WAISARAINU	ediana	to_treat_favourably	-
/kwazza-(i)/, (“X.FLAMMAE”)ku-wa/i-za-	/kwatsːa-(i)/, (“X.FLAMMAE”)ku-wa/i-tsa-	KWATSAI00000000KUWAITSA	ediana	to_fall_(?)	-
/k(u)wa-(i)/, (CORNU2)ku-wa/i-	/k(u)wa-(i)/, (CORNU2)ku-wa/i-	KUWAI00000KUWAI	ediana	(unknown)	-
/sariyas(i)-/, (EUNUCHUS)sa-ri+i-ia-si-	/sarijas(i)-/, (EUNUCHUS)sa-ri+i-ia-si-	SARIYASI00000H00SARIIIASI	ediana	eunuch	-
/wassi(ya)-/, (MENSA)wa/i-si-	/wasːi(ja)-/, (MENSA)wa/i-si-	WASIYA00000WAISI	ediana	table	-
*/wana-/	*/wana-/	SWANA	ediana	rock-carving	-
/kwanza-(di)/, (CAPERE+SCALPRUM)kwa/i-za-	/kwantsa-(ti)/, (CAPERE+SCALPRUM)kwa/i-tsa-	KWANTSATI00000000000000KWAITSA	ediana	to_carve	-
/kwananalla-/, (SA4)kwa/i-na-na-la-	/kwananalːa-/, (SA4)kwa/i-na-na-la-	KWANANALA00KWAINANALA	ediana	stone-mason	-
/kwaTana/i-/, (*187)kwa/i-ta-na-	/kwaTana/i-/, (*187)kwa/i-ta-na-	KWA0ANAISKWAITANA	ediana	(unknown)	-
/kwissant(i)-/, hwa/i-sà-ta-	/kwisːant(i)-/, xwa/i-sà-ta-	KWISANTIKWAISTA	ediana	fearsome	-
/kwissa-(i)/, kwa/i-sà-	/kwisːa-(i)/, kwa/i-sà-	KWISAIKWAIS	ediana	to_fear	-
/wa(n)Tula(/i)-/, (“FLAMMAE.SOL”)wa/i-tú-la-	/wa(n)Tula(/i)-/, (“FLAMMAE.SOL”)wa/i-tú-la-	WAN0ULAI0000000000WAITLA	ediana	radiance_(?)	-
/u-/, u-, BIBERE	/u-/, u-, BIBERE	UU000000	ediana	to_drink	-
*/sun(na)-/	*/sun(na)-/	SSUNNA	ediana	to_fill	-
*/ashar/	*/asxar/	SASKAR	ediana	blood	-
/laranu(wa)-(i)/, la+ra/i+a-nú-	/laranu(wa)-(i)/, la+ra/i+a-nú-	LARANUWAILARAIAN	ediana	to_make_prosper	-
/lara-(i)/, la+ra/i-	/lara-(i)/, la+ra/i-	LARAILARAI	ediana	to_enhance	-
/tad-/, (“PODIUM”)ta-	/tat-/, (“PODIUM”)ta-	TAT000000TA	ediana	block	-
/kusa(/i)-/, (CURRUS)ku-sà-	/kusa(/i)-/, (CURRUS)ku-sà-	KUSAI000000KUS	ediana	chariot_(?)	-
/iyassarazza-(i)/, (*351.*406)ia-sa5+ra/i-za	/ijasːaratsːa-(i)/, (*351.*406)ia-sa5+ra/i-tsa	IYASARATSAISSIASARAITSA	ediana	(unknown)	-
*/tarrawa-/	*/tarrawa-/	STARRAWA	ediana	to_establish	-
/hantawattalla/i-/, REX-lu/a/i-	/xantawatːalːa/i-/, REX-lu/a/i-	KANTAWATALAI000LUAI	ediana	of_the_king	-
*/tam-/	*/tam-/	STAM	ediana	to_build	-
/zunawal(i)-/, zú-na-wa/i-ra/i-	/tsunawal(i)-/, tsú-na-wa/i-ra/i-	TSUNAWALITSNAWAIRAI	ediana	hunter_(?)	-
/hinu(wa)-(i)/, hi-nu-wa/i-	/xinu(wa)-(i)/, xi-nu-wa/i-	KINUWAIKINUWAI	ediana	to_move	-
/usuppatt(i)-/, (“BOS”)u-su-pa-ta-	/usupːatː(i)-/, (“BOS”)u-su-pa-ta-	USUPATI000USUPATA	ediana	bull_sacrifice	-
/hwinu(wa)-(i)/, hwa/i-nu-wa/i-	/xwinu(wa)-(i)/, xwa/i-nu-wa/i-	KWINUWAIKWAINUWAI	ediana	to_make_run_(?)	-
/hudarl(i)-/, SERVUS-la/i-i-	/xutarl(i)-/, SERVUS-la/i-i-	KUTARLI000000LAII	ediana	servant	-
/sas(a)da(/i)-/, (DOMUS)sa5-sa5-tà-	/sas(a)ta(/i)-/, (DOMUS)sa5-sa5-tà-	SASATAI00000SASAT	ediana	bed-chamber_(?)	-
/warall(i)-/, wa/i+ra/i-li-	/waralː(i)-/, wa/i+ra/i-li-	WARALIWAIRAILI	ediana	relative	-
/warallazza-/, wa/i+ra/i-la-za-	/waralːatsːa-/, wa/i+ra/i-la-tsa-	WARALATSAWAIRAILATSA	ediana	serf	-
/warallin/, wa/i˹+ra/i˺-li-na	/waralːin/, wa/i˹+ra/i˺-li-na	WARALINWAIRAILINA	ediana	on_his/her_own	-
/adari-/, EDERE	/atari-/, EDERE	ATARI00000	ediana	to_feed	-
*/huda-/	*/xuta-/	SKUTA	ediana	haste	-
*/ass-/	*/asː-/	SAS	ediana	(to_be)_good	-
*/kumma/i-/	*/kumma/i-/	SKUMMAI	ediana	(unknown)	-
CAPUT-ti-	CAPUT-ti-	00000TI	ediana	sumerogram:(noble)person	-
CAPUT-ti-ia-	CAPUT-ti-ia-	00000TIIA	ediana	sumerogram:of_(noble)person	-
CAPUT.CULTER	CAPUT.CULTER	00000000000	ediana	sumerogram:(unknown)	-
CAPUT.LINGUA+x.CULTER-la-	CAPUT.LINGUA+x.CULTER-la-	00000000000K000000LA	ediana	(unknown)	-
CAPUT.VIR	CAPUT.VIR	00000000	ediana	sumerogram:chieftain_(?)	-
/kummaiya-/, PURUS.MI-	/kummaija-/, PURUS.MI-	KUMMAIYA0000000	ediana	pure_sacrifice	-
URBS.MI-na-li-	URBS.MI-na-li-	000000NALI	ediana	sumerogram:urban	-
/zuwan(i)-/, zú-wa/i-ni-, CANIS	/tsuwan(i)-/, tsú-wa/i-ni-, CANIS	TSUWANITSWAINI00000	ediana	dog	-
/zantanta/, INFRA-tá-ta	/tsantanta/, INFRA-tá-ta	TSANTANTA00000TTA	ediana	down_(?)	-
*/wazz-/	*/watsː-/	SWATS	ediana	to_wish	-
“CAPUT.CULTER.LINGUA+x”-i	“CAPUT.CULTER.LINGUA+x”-i	00000000000000000KI	ediana	to_slaughter_(?)	-
/piya-/, pi-ia-	/pija-/, pi-ia-	PIYAPIIA	ediana	(a_kind_of_transfer)	-
/wanattiyadiya-/, FEMINA-ti-ia-ti-ia-	/wanatːijatija-/, FEMINA-ti-ia-ti-ia-	WANATIYATIYA000000TIIATIIA	ediana	femininity	-
*/hwa-(di)/	*/xwa-(ti)/	SKWATI	ediana	to_walk_(?)	-
/hwiya-(i)/, (PES2)hwa/i-ia-	/xwija-(i)/, (PES2)xwa/i-ia-	KWIYAI000KWAIIA	ediana	to_walk	-
/zidi(ya)-/, VIR-ti-i-	/tsiti(ja)-/, VIR-ti-i-	TSITIYA000TII	ediana	pertaining_to_the_man	-
/mar-(ti)/, (LOQUI)mara/i+ra/i-	/mar-(ti)/, (LOQUI)mara/i+ra/i-	MARTI00000MARAIRAI	ediana	to_order	-
*/miya-(i)/	*/mija-(i)/	SMIYAI	ediana	to_grow	-
*/haniya-(i)/, */hanhaniya-(i)/	*/xanija-(i)/, */xanxanija-(i)/	SKANIYAISKANKANIYAI	ediana	to_be_vexed	-
/kwalayana-/, (HORDEUM)kwa/i-la-ia-na-	/kwalajana-/, (HORDEUM)kwa/i-la-ia-na-	KWALAYANAH000000KWAILAIANA	ediana	(unknown)	-
/zahhanuwa-(i)/, za-ha-nu-wa/i-	/tsaxːanuwa-(i)/, tsa-xa-nu-wa/i-	TSAKANUWAITSAKANUWAI	ediana	to_cause_to_attack	-
/tanuwa-(i)/, ta-nu-wa/i-	/tanuwa-(i)/, ta-nu-wa/i-	TANUWAITANUWAI	ediana	to_cause_to_stand	-
/tazza-(i)/, ta-za-	/tatsːa-(i)/, ta-tsa-	TATSAITATSA	ediana	to_continue_to_stand	-
/assunu(wa)-(i)/, a-su-nu-	/asːunu(wa)-(i)/, a-su-nu-	ASUNUWAIASUNU	ediana	to_make_good_(?)	-
/par(r)it(t)un(n)i-/, (“CULTER”)pa+ra/i-tú-ní-	/par(r)it(t)un(n)i-/, (“CULTER”)pa+ra/i-tú-ní-	PARRITTUNNI000000PARAITN	ediana	to_sever	-
/san(n)awistarr(i)-/, sa-na-wa/i-sa-tara/i-	/san(n)awistarr(i)-/, sa-na-wa/i-sa-tara/i-	SANNAWISTARRISANAWAISATARAI	ediana	goodness	-
*/nawa/i-/	*/nawa/i-/	SNAWAI	ediana	new	-
/zurni(ya)-/, (“CORNU”)zú+ra/i-ni-	/tsurni(ja)-/, (“CORNU”)tsú+ra/i-ni-	TSURNIYA00000TSRAINI	ediana	horn	-
/kwayada-/, kwa/i-ia-ta-	/kwajata-/, kwa/i-ia-ta-	KWAYATAKWAIIATA	ediana	reverence	-
/hwihwiya-(i)/, (“PES2”)hwa/i-hwa/i-	/xwixwija-(i)/, (“PES2”)xwa/i-xwa/i-	KWIKWIYAI000KWAIKWAI	ediana	to_run_(?)	-
*/zar-/, */zir-/	*/tsar-/, */tsir-/	STSARSTSIR	ediana	to_grow	-
PANIS.*402-	PANIS.*402-	00000S	ediana	sumerogram:(unknown)	-
PANIS-li-	PANIS-li-	00000LI	ediana	sumerogram:(type_or_form_of_bread)	-
PANIS-ni-na-	PANIS-ni-na-	00000NINA	ediana	sumerogram:(form_or_type_of_bread)	-
á-CERVUS3	á-CERVUS3	000000	ediana	(unknown)	-
CRUS+x-	CRUS+x-	0000K	ediana	(verb_of_standing/placing?)	-
CRUS+RA/I	CRUS+RA/I	0000000	ediana	sumerogram:to_stand_(?)	-
CRUS	CRUS	0000	ediana	sumerogram:infantry	-
“LONGUS?”(-)ki-x-zá?	“LONGUS?”(-)ki-x-tsá?	000000KIKTS	ediana	(unknown)	-
/tuwatr(i)-(?)/, tú-wa/i-tara/i-, FILIA	/tuwatr(i)-(?)/, tú-wa/i-tara/i-, FILIA	TUWATRITWAITARAI00000	ediana	daughter	-
*/zar/-	*/tsar/-	STSAR	ediana	to_sway	-
*/washa-/	*/wasxa-/	SWASKA	ediana	(unknown)	-
*/tumman(t)-/	*/tumman(t)-/	STUMMANT	ediana	ear	-
*/luha-/	*/luxa-/	SLUKA	ediana	(unknown)	-
/hwidar-/, (LEO)hwa/i-tara/i-	/xwitar-/, (LEO)xwa/i-tara/i-	KWITAR000KWAITARAI	ediana	animal	-
/was(s)a-/, wa/i-sà-	/was(s)a-/, wa/i-sà-	WASSAWAIS	ediana	goodness	-
/habad(i)-/, FLUMEN-pa-ti-, FLUMEN.REGIO	/xapat(i)-/, FLUMEN-pa-ti-, FLUMEN.REGIO	KAPATI000000PATI00000000000	ediana	river-valley	-
sa5?-x+ra/i-	sa5?-x+ra/i-	SAKRAI	ediana	(unknown)	-
*/za-/, */zi-/	*/tsa-/, */tsi-/	STSASTSI	ediana	to_end_(vel_sim.)	-
/zam(m)a(n)t(i)-/	/tsam(m)a(n)t(i)-/	TSAMMANTI	ediana	(unknown)	-
/asta-/, (“LIGNUM”)*a-sa-tá-	/asta-/, (“LIGNUM”)*a-sa-tá-	ASTA000000SASAT	ediana	to_give_in_compensation_(?)	-
/huhadul(i)-/, AVUS-ha-tu-li-	/xuxatul(i)-/, AVUS-xa-tu-li-	KUKATULI0000KATULI	ediana	forefather	-
/warwala(n)-/, (“*471”)u!-ru-wa/i-tà-	/warwala(n)-/, (“*471”)u!-ru-wa/i-tà-	WARWALANSURUWAIT	ediana	seed	-
“UNUS?”-ta	“UNUS?”-ta	0000TA	ediana	alone_(?)	-
/mattu-/, (VITIS)ma-tu-	/matːu-/, (VITIS)ma-tu-	MATU00000MATU	ediana	wine	-
/husa(n)-/, (*185)hu-sa-	/xusa(n)-/, (*185)xu-sa-	KUSANSKUSA	ediana	life_(?)	-
CRUS+FLUMEN-	CRUS+FLUMEN-	0000000000	ediana	sumerogram:to_cross_(?)	-
/am(m)att(a)-/, á-ma-ta-	/am(m)atː(a)-/, á-ma-ta-	AMMATAMATA	ediana	(estate_component)	-
/amurallura-/, á-mu+ra/i-la/i/u+ra/i-	/amuralːura-/, á-mu+ra/i-la/i/u+ra/i-	AMURALURAMURAILAIURAI	ediana	(a_title)	-
/amur(i)-/, á-mu+ra/i-	/amur(i)-/, á-mu+ra/i-	AMURIMURAI	ediana	(unknown)	-
/annadawin/, SUB-na-tà-wa/i-na	/annatawin/, SUB-na-tà-wa/i-na	ANNATAWIN000NATWAINA	ediana	on_the_spot	-
/a(n)tass(i)-/ or /a(n)tassassa-/, a-ta-sà-(sa-)	/a(n)tasː(i)-/ or /a(n)tasːasːa-/, a-ta-sà-(sa-)	ANTASIORANTASASAATASSA	ediana	(unknown)	-
/arad(i)-/, ara/i-ti-	/arat(i)-/, ara/i-ti-	ARATIARAITI	ediana	(a_disaster)	-
/arilka?/, a+ra/i-li-ka	/arilka?/, a+ra/i-li-ka	ARILKAARAILIKA	ediana	(unknown)	-
/asr(a)i-(di)?/, á-sa5+ra/i-	/asr(a)i-(ti)?/, á-sa5+ra/i-	ASRAITISARAI	ediana	(unknown)	-
/kamara-?/, ka-mara/i-	/kamara-?/, ka-mara/i-	KAMARAKAMARAI	ediana	(a_commodity)	-
/hanhaniwan-/, (“MALUS2”)ha-ha-ní-wa/i-	/xanxaniwan-/, (“MALUS2”)xa-xa-ní-wa/i-	KANKANIWAN00000KAKANWAI	ediana	bad_thing	-
/awimma-?/, “PES”-wa/i-ma-	/awimma-?/, “PES”-wa/i-ma-	AWIMMA000WAIMA	ediana	to_be_forthcoming(?)	-
/zarumada-(ti)?/, za-ru-ma-tà-	/tsarumata-(ti)?/, tsa-ru-ma-tà-	TSARUMATATITSARUMAT	ediana	(unknown)	-
/sun(n)i-(ti)/, (“*69”)su-ni-	/sun(n)i-(ti)/, (“*69”)su-ni-	SUNNITISSUNI	ediana	to_pour	-
/suhidi-(ti)?/, (MANUS.ARMA)su-hi-i-ti-	/suxiti-(ti)?/, (MANUS.ARMA)su-xi-i-ti-	SUKITITI000000000SUKIITI	ediana	to_make_complete	-
/surawanni-(ti)/, sú+ra/i-wa/i-ni-	/surawanni-(ti)/, sú+ra/i-wa/i-ni-	SURAWANNITISRAIWAINI	ediana	to_become_wealthy	-
/sark(u)-/, sa5+ra/i-ku-	/sark(u)-/, sa5+ra/i-ku-	SARKUSARAIKU	ediana	to_make_shoes_(?)	-
*/wis-/	*/wis-/	SWIS	ediana	to_emerge	-
/ad-(ti)/, EDERE	/at-(ti)/, EDERE	ATTI00000	ediana	to_eat	-
/walanu-(i)/, MORI-nu-	/walanu-(i)/, MORI-nu-	WALANUI0000NU	ediana	to_kill	-
/hantawatta-(ti)/, REX-ta-	/xantawatːa-(ti)/, REX-ta-	KANTAWATATI000TA	ediana	to_become_king	-
/wis(a)i-(di)/, (PES2)wa/i-sà-i-	/wis(a)i-(ti)/, (PES2)wa/i-sà-i-	WISAITI000WAISI	ediana	to_emerge	-
ADORARE-su-	ADORARE-su-	0000000SU	ediana	sumerogram:to_worship	-
/kar(a)i-(di)/, (“SIGNACULUM+*195”)ka-ri+i-	/kar(a)i-(ti)/, (“SIGNACULUM+*195”)ka-ri+i-	KARAITI0000000000SKARII	ediana	to_sacrifice	-
/haP-x-hal(a)i-/, ha-pa(-)x(-)ha-la-i-	/xaP-x-xal(a)i-/, xa-pa(-)x(-)xa-la-i-	KA0KKALAIKAPAKKALAI	ediana	(unknown)	-
/wazza-/, (“CONTRACTUS”)wa/i-za-	/watsːa-/, (“CONTRACTUS”)wa/i-tsa-	WATSA0000000000WAITSA	ediana	to_trade_(?)	-
/wazzassa-/, (“PES2”)wa/i-a-za-sa-	/watsːasːa-/, (“PES2”)wa/i-a-tsa-sa-	WATSASA000WAIATSASA	ediana	to_lead	-
SCALPRUM.STELE	SCALPRUM.STELE	0000000000000	ediana	sumerogram:inscribed_stele	-
SCALPRUM.CRUS.LOCUS-	SCALPRUM.CRUS.LOCUS-	00000000000000000	ediana	sumerogram:(a_kind_of_memorial)	-
VITELLUS(ANIMA)	VITELLUS(ANIMA)	0000000000000	ediana	sumerogram:calf	-
TERRA.PONERE-ru-tà-	TERRA.PONERE-ru-tà-	00000000000RUT	ediana	sumerogram:(type_of_land_holding)_(?)	-
“PITHOS”(-)[x]-ti-	“PITHOS”(-)[x]-ti-	000H00KTI	ediana	(unknown)	-
GENUFLECTERE	GENUFLECTERE	000000000000	ediana	sumerogram:(unknown)	-
GENU-	GENU-	0000	ediana	sumerogram:knee	-
AUDIRE?-wa/i-	AUDIRE?-wa/i-	000000WAI	ediana	sumerogram:(unknown)	-
/hul(l)iya-(i)/, hu-li-ia-	/xul(l)ija-(i)/, xu-li-ia-	KULLIYAIKULIIA	ediana	to_smite	-
/san(n)awiya-/, sa-na-wa/i-ia-	/san(n)awija-/, sa-na-wa/i-ia-	SANNAWIYASANAWAIIA	ediana	to_become_good	-
/war(ri)muttall(i)-/, (*481)wa/i+ra/i-mu-ta-li-	/war(ri)mutːalː(i)-/, (*481)wa/i+ra/i-mu-ta-li-	WARRIMUTALISWAIRAIMUTALI	ediana	(type_of_dog)	-
/wariyamalla?/, (BONUS)wa/i+ra/i-ia-ma-la	/warijamalːa?/, (BONUS)wa/i+ra/i-ia-ma-la	WARIYAMALA00000WAIRAIIAMALA	ediana	at_ease	-
*/tawa-(i)/	*/tawa-(i)/	STAWAI	ediana	to_see	-
/tawasha-/, ta-wa/i-sa-ha-, *476	/tawasxa-/, ta-wa/i-sa-xa-, *476	TAWASKATAWAISAKAS	ediana	appearance	-
/assu-/, (“SCALPRUM”)á-su-	/asːu-/, (“SCALPRUM”)á-su-	ASU00000000SU	ediana	stone	-
*/wattan-/	*/watːan-/	SWATAN	ediana	water	-
*/nun/	*/nun/	SNUN	ediana	now	-
/asa-(i)/, (SOLIUM)á-sa-	/asa-(i)/, (SOLIUM)á-sa-	ASAI000000SA	ediana	to_sit	-
CAPERE.PANIS-	CAPERE.PANIS-	00000000000	ediana	sumerogram:(type_of_offering)	-
CAPERE.ARGENTUM-˹x˺-sà-	CAPERE.ARGENTUM-˹x˺-sà-	00000000000000KS	ediana	sumerogram:to_requite_(?)	-
CAPERE+MALLEUS	CAPERE+MALLEUS	0000000000000	ediana	sumerogram:to_carve	-
SUPER-ru-	SUPER-ru-	00000RU	ediana	sumerogram:(unknown)	-
/isarulla-?/, BRACCHIUM-ru-la-	/isarulːa-?/, BRACCHIUM-ru-la-	ISARULA00000H000RULA	ediana	(an_occupation)(?)	-
*/skanda-/	*/skanta-/	SSKANTA	ediana	(gleaming	-
OCULUS(-)zá-ni-	OCULUS(-)tsá-ni-	000000TSNI	ediana	sumerogram:to_admire	-
ku-INFRA	ku-INFRA	KU00000	ediana	(unknown)	-
i-wa/i-x-si-	i-wa/i-x-si-	IWAIKSI	ediana	(epithet_of_sun-god?)	-
*/niya-(i)/	*/nija-(i)/	SNIYAI	ediana	to_turn	-
*/ishiya-(i)/	*/isxija-(i)/	SISKIYAI	ediana	to_bind	-
MANUS(-)su-l[a?]+ra/i-	MANUS(-)su-l[a?]+ra/i-	00000SULARAI	ediana	sumerogram:(unknown)	-
PUGNUS.PUGNUS-nu-	PUGNUS.PUGNUS-nu-	000000000000NU	ediana	sumerogram:to_uphold	-
PUGNUS.PUGNUS-li-(ti)	PUGNUS.PUGNUS-li-(ti)	000000000000LITI	ediana	sumerogram:to_hold	-
PUGNUS.PUGNUS-la-	PUGNUS.PUGNUS-la-	000000000000LA	ediana	sumerogram:to_hold_(?)	-
“PUGNUS”-sá-	“PUGNUS”-sá-	000000S	ediana	to_beat	-
SACERDOS-li-	SACERDOS-li-	00000000LI	ediana	sumerogram:priest	-
MAGNUS.SACERDOS2	MAGNUS.SACERDOS2	00000000000000	ediana	sumerogram:high_priest	-
/i-(di)/, (PES2)i-ti	/i-(ti)/, (PES2)i-ti	ITI000ITI	ediana	to_go	-
/zart-/, za+ra/i-	/tsart-/, tsa+ra/i-	TSARTTSARAI	ediana	heart	-
/harza-(i)?/, ha+ra/i-za-	/xartsa-(i)?/, xa+ra/i-tsa-	KARTSAIKARAITSA	ediana	to_collect	-
*/has-/	*/xas-/	SKAS	ediana	to_quench_one’s_thirst	-
PES-	PES-	000	ediana	sumerogram:to_be_located_(?)	-
PES2.PES2-tà-	PES2.PES2-tà-	000000T	ediana	sumerogram:to_walk	-
“PES2”-ti-ri+i-	“PES2”-ti-ri+i-	000TIRII	ediana	(unknown)	-
PRAE-	PRAE-	0000	ediana	sumerogram:(unknown)	-
PRAE?-wa/i-na-	PRAE?-wa/i-na-	0000WAINA	ediana	sumerogram:(unknown)	-
BONUS2.VITIS-mi-	BONUS2.VITIS-mi-	0000000000MI	ediana	sumerogram:(type_of_wine)	-
DOMUS.PONERE-ti-	DOMUS.PONERE-ti-	00000000000TI	ediana	sumerogram:habitation_(?)	-
CURRUS.HWI-	CURRUS.HWI-	000000H00	ediana	sumerogram:to_raid_(?)	-
IUSTITIA-li-i-	IUSTITIA-li-i-	00000000LII	ediana	sumerogram:(unknown)	-
/wasu-/, wa/i-su	/wasu-/, wa/i-su	WASUWAISU	ediana	good	-
/pittahaliya-/, pi-ta-ha-li-ia-	/pitːaxalija-/, pi-ta-xa-li-ia-	PITAKALIYAPITAKALIIA	ediana	to_obtain_legally	-
/annarzuha(/i)-/, á-na+ra/i-zú-ha-	/annartsuxa(/i)-/, á-na+ra/i-tsú-xa-	ANNARTSUKAINARAITSKA	ediana	forcefulness_(?)	-
*/annara/i-/	*/annara/i-/	SANNARAI	ediana	strong	-
/amanasr(i)-/, á-ma-na-sa5+ra/i-	/amanasr(i)-/, á-ma-na-sa5+ra/i-	AMANASRIMANASARAI	ediana	concubine	-
/annant(ar)ra/i-/, á-na-tara/i-	/annant(ar)ra/i-/, á-na-tara/i-	ANNANTARRAINATARAI	ediana	lower	-
/annatt(i)-/, á-na-ti-	/annatː(i)-/, á-na-ti-	ANNATINATI	ediana	mother	-
/annattinn(i)-/, MATER-na-tí-ni-	/annatːinn(i)-/, MATER-na-tí-ni-	ANNATINNI00000NATNI	ediana	mother	-
/anzi(ya)-/, a-zi-	/antsi(ja)-/, a-tsi-	ANTSIYAATSI	ediana	our	-
/ariya-/, PUGNUS-ri+i-i-ia-	/arija-/, PUGNUS-ri+i-i-ia-	ARIYA000000RIIIIA	ediana	exultation_(?)	-
/ari(ya)ttall(i)-/, a+ra/i-ta-li-	/ari(ja)tːalː(i)-/, a+ra/i-ta-li-	ARIYATALIARAITALI	ediana	of_the_accumulation_of_livestock_(?)	-
/arla-/, ara/i-la-	/arla-/, ara/i-la-	ARLAARAILA	ediana	pedestal	-
/aliya-/, LOCUS-li-ia-	/alija-/, LOCUS-li-ia-	ALIYA00000LIIA	ediana	to_place	-
/alawa-/, LOCUS-la/i-wa/i-	/alawa-/, LOCUS-la/i-wa/i-	ALAWA00000LAIWAI	ediana	household_member_(?)	-
/alantall(i)-/, LOCUS-la/i-ta-li-	/alantalː(i)-/, LOCUS-la/i-ta-li-	ALANTALI00000LAITALI	ediana	precinct	-
/alada-/, “LOCUS”-tà-tà-	/alata-/, “LOCUS”-tà-tà-	ALATA00000TT	ediana	place	-
/sis(s)uwa(/i)-/, si-su-wa/i	/sis(s)uwa(/i)-/, si-su-wa/i	SISSUWAISISUWAI	ediana	(unknown)	-
/irhattina/, FINES+HI-ti-i-na	/irxatːina/, FINES+HI-ti-i-na	IRKATINA00000H0TIINA	ediana	abroad	-
/irhali(ya)-/, FINES-ha+ra/i-ia	/irxali(ja)-/, FINES-xa+ra/i-ia	IRKALIYA00000KARAIIA	ediana	border-marking	-
/irhal(l)issa-(i)/, FINES-ha-li-sa-	/irxal(l)isːa-(i)/, FINES-xa-li-sa-	IRKALLISAI00000KALISA	ediana	to_separate_(?)	-
/irha(l)l(i)-/, FINES+RA/I+HA-ha-lí	/irxa(l)l(i)-/, FINES+RA/I+HA-xa-lí	IRKALLI00000000H0KAL	ediana	frontier-post	-
/ahhattil(i)-/, ARHA-ti-i-li-	/axːatːil(i)-/, ARHA-ti-i-li-	AKATILI00H0TIILI	ediana	outer	-
/attuwal(i)-/, (MALUS)á-tu-wa/i-ri+i-	/atːuwal(i)-/, (MALUS)á-tu-wa/i-ri+i-	ATUWALI00000TUWAIRII	ediana	evil	-
/attuwalahid-/, MALUS-la/i-hi-tà-	/atːuwalaxit-/, MALUS-la/i-xi-tà-	ATUWALAKIT00000LAIKIT	ediana	malice	-
/attuwalastarr(i)-/, MALUS-la/i-sa-tara/i-	/atːuwalastarr(i)-/, MALUS-la/i-sa-tara/i-	ATUWALASTARRI00000LAISATARAI	ediana	viciousness	-
/zuwani(ya)-/, zú-wa/i-ní-i-	/tsuwani(ja)-/, tsú-wa/i-ní-i-	TSUWANIYATSWAINI	ediana	of_the_dog(s)(?)	-
/ziladuwa/, zi/a-la-tu-wa/i	/tsilatuwa/, tsi/a-la-tu-wa/i	TSILATUWATSIALATUWAI	ediana	thereupon	-
/zilatta/, zi-la-ta	/tsilatːa/, tsi-la-ta	TSILATATSILATA	ediana	thereupon_(?)	-
/zalan/, za-la-na	/tsalan/, tsa-la-na	TSALANTSALANA	ediana	aside_(?)	-
/zala/, za-la	/tsala/, tsa-la	TSALATSALA	ediana	beside_(?)	-
/zallaniya-(i)/, (“LITUUS+PA”)za-la-ní-	/tsalːanija-(i)/, (“LITUUS+PA”)tsa-la-ní-	TSALANIYAI00000000TSALAN	ediana	to_move	-
/zallalla(/i)-/, za-la-la-	/tsalːalːa(/i)-/, tsa-la-la-	TSALALAITSALALA	ediana	cart	-
/zalla-/, za/i-lá/í-tax	/tsalːa-/, tsa/i-lá/í-tax	TSALATSAILTAK	ediana	to_raid_(?)	-
/uttaTa(/i)-/, u-ta-ti(-)	/utːaTa(/i)-/, u-ta-ti(-)	UTA0AIUTATI	ediana	hill_country_(?)	-
*/wassina(/i)-/	*/wasːina(/i)-/	SWASINAI	ediana	body	-
ROTA	ROTA	0000	ediana	sumerogram:chariot_(?)	-
“SOLIUM”(-)x-ma-ma-	“SOLIUM”(-)x-ma-ma-	000000KMAMA	ediana	settlements_(?)	-
/aTuT(i)-/, (“*91”)á-tu-ti-	/aTuT(i)-/, (“*91”)á-tu-ti-	A0U0ISTUTI	ediana	(unknown)	-
*91-ta-ti-	*91-ta-ti-	STATI	ediana	(unknown)	-
/nahhutti(ya)-/, (COR)na-hu-ti-	/naxːutːi(ja)-/, (COR)na-xu-ti-	NAKUTIYA000NAKUTI	ediana	terrified_(?)	-
/nahhutt(i)-/, na-hu-ti-	/naxːutː(i)-/, na-xu-ti-	NAKUTINAKUTI	ediana	terror_(?)	-
/nahhassa-(i)/, (COR)na-ha-sa5-	/naxːasːa-(i)/, (COR)na-xa-sa5-	NAKASAI000NAKASA	ediana	to_fear_(?)	-
/nahh(i)-/, (“COR”)na-hi-	/naxː(i)-/, (“COR”)na-xi-	NAKI000NAKI	ediana	fear	-
/hadinu(wa)-(i)/, (LOQUI)ha+ra/i-nu-	/xatinu(wa)-(i)/, (LOQUI)xa+ra/i-nu-	KATINUWAI00000KARAINU	ediana	to_cause_to_speak	-
/hadid-/, ha-ti-sá	/xatit-/, xa-ti-sá	KATITKATIS	ediana	declaration	-
/hadi-(ti)/, (“LOQUI”)ha-ti-	/xati-(ti)/, (“LOQUI”)xa-ti-	KATITI00000KATI	ediana	to_declare	-
/hadi(ya)-/, ha-ti-	/xati(ja)-/, xa-ti-	KATIYAKATI	ediana	aforementioned_(?)	-
*77.*77-	*77.*77-	SS	ediana	to_keep_promising_(?)	-
*77-	*77-	S	ediana	to_pledge	-
/appariwisanti/, POST+ra/i-wa/i-sà-ti	/apːariwisanti/, POST+ra/i-wa/i-sà-ti	APARIWISANTI0000RAIWAISTI	ediana	afterwards	-
/appari/, á-pa-ara/i	/apːari/, á-pa-ara/i	APARIPAARAI	ediana	afterwards	-
/apparadi/, POST+ra/i-ti	/apːarati/, POST+ra/i-ti	APARATI0000RAITI	ediana	afterwards	-
/appanni/, POST-ni	/apːanni/, POST-ni	APANNI0000NI	ediana	behind	-
/allummidai(ya)-/, PUGNUS-la/i/u-mi-tà-ia-	/alːummitai(ja)-/, PUGNUS-la/i/u-mi-tà-ia-	ALUMMITAIYA000000LAIUMITIA	ediana	strong	-
/allummi/, PUGNUS-la/i/u-mi	/alːummi/, PUGNUS-la/i/u-mi	ALUMMI000000LAIUMI	ediana	strongly	-
/allummi-(ti)/, PUGNUS-la/i/u-mi-	/alːummi-(ti)/, PUGNUS-la/i/u-mi-	ALUMMITI000000LAIUMI	ediana	to_strengthen	-
/i(ya)riya-(i)/, (“LONGUS”)ia+ra/-i-ia-	/i(ja)rija-(i)/, (“LONGUS”)ia+ra/-i-ia-	IYARIYAI000000IARAIIA	ediana	to_stretch_out	-
/i(ya)rinaya-/, (“LONGUS”)ia-ti-na-ia	/i(ja)rinaja-/, (“LONGUS”)ia-ti-na-ia	IYARINAYA000000IATINAIA	ediana	to_promote_(?)	-
/i(ya)ri-(ti)/, (LONGUS)i+ra/i-	/i(ja)ri-(ti)/, (LONGUS)i+ra/i-	IYARITI000000IRAI	ediana	to_extend	-
/arud(i)-/, (“ALA”)a-ru-ti-	/arut(i)-/, (“ALA”)a-ru-ti-	ARUTI000ARUTI	ediana	basket	-
/as(a)iya-?/, SOLIUM.MI-ia-	/as(a)ija-?/, SOLIUM.MI-ia-	ASAIYA00000000IA	ediana	living	-
/astadura-?/, á-sa-tara/i-MAGNUS+RA/I-ia	/astatura-?/, á-sa-tara/i-MAGNUS+RA/I-ia	ASTATURASATARAI000000000IA	ediana	(a_title)	-
/asta(/i)-/, (“*460”)á-sa-ta-	/asta(/i)-/, (“*460”)á-sa-ta-	ASTAISSATA	ediana	(an_act_of_witchcraft)_(?)	-
/asti(ya)-/, *460-ti-	/asti(ja)-/, *460-ti-	ASTIYASTI	ediana	bewitched_(?)	-
/attanassamm(a)-/, (“COR”)á-ta-na-sa-ma-	/atːanasːamm(a)-/, (“COR”)á-ta-na-sa-ma-	ATANASAMMA000TANASAMA	ediana	wisdom	-
/atri(ya)-/, COR-[x]-i-	/atri(ja)-/, COR-[x]-i-	ATRIYA000KI	ediana	personal_(?)	-
/hadamma/, (“*464”)ha-tà-ma	/xatamma/, (“*464”)xa-tà-ma	KATAMMASKATMA	ediana	terribly	-
/hayala/, há-ia-la	/xajala/, xá-ia-la	KAYALAKIALA	ediana	(unknown)	-
/harnissa-/, (“CASTRUM”)ha+ra/i-ni-sà-	/xarnisːa-/, (“CASTRUM”)xa+ra/i-ni-sà-	KARNISA0000000KARAINIS	ediana	fortress	-
/hartu-/, (INFANS)ha+ra/i-tu-	/xartu-/, (INFANS)xa+ra/i-tu-	KARTU000000KARAITU	ediana	descendant	-
/hartuwi(ya?)-/, *187-tu-wa/i-i-	/xartuwi(ja?)-/, *187-tu-wa/i-i-	KARTUWIYASTUWAII	ediana	relatives	-
/hartuwi(ya)-/, “*187”-tu-wa/i-i-	/xartuwi(ja)-/, “*187”-tu-wa/i-i-	KARTUWIYASTUWAII	ediana	dear	-
/ahhull(i)-/, (“MALLEUS”)á-hu-li-	/axːulː(i)-/, (“MALLEUS”)á-xu-li-	AKULI0000000KULI	ediana	club_(?)	-
/ha-(i)/, ha-	/xa-(i)/, xa-	KAIKA	ediana	to_allow_(?)	-
/harwa(n)t(i)-?/, VIA-wa/i-ta-	/xarwa(n)t(i)-?/, VIA-wa/i-ta-	KARWANTI000WAITA	ediana	road_(?)	-
/harwa(n)tahid-/, (“VIA”)ha+ra/i-wa/i-ta-hi-lá/í-	/xarwa(n)taxit-/, (“VIA”)xa+ra/i-wa/i-ta-xi-lá/í-	KARWANTAKIT000KARAIWAITAKIL	ediana	travel	-
/harwanni-(ti)/, VIA-wa/i-ni-	/xarwanni-(ti)/, VIA-wa/i-ni-	KARWANNITI000WAINI	ediana	to_send	-
/harwa-/, VIA-wa/i-	/xarwa-/, VIA-wa/i-	KARWA000WAI	ediana	road	-
/has(s)(a/i?)-/, (“*314”)ha-sá-	/xas(s)(a/i?)-/, (“*314”)xa-sá-	KASSAISKAS	ediana	force_(?)	-
/hast(ar)r(a/iTi)?-/, há-sa-tara/i-ti-	/xast(ar)r(a/iTi)?-/, xá-sa-tara/i-ti-	KASTARRAI0IKSATARAITI	ediana	(unknown)	-
/hastal(i)-/, HEROS-li-	/xastal(i)-/, HEROS-li-	KASTALIH0000LI	ediana	hero	-
/hastali(ya)-/, HEROS-li-	/xastali(ja)-/, HEROS-li-	KASTALIYAH0000LI	ediana	heroic	-
/hastana(/i)-/, (*314)ha-sa-ta-na-	/xastana(/i)-/, (*314)xa-sa-ta-na-	KASTANAISKASATANA	ediana	support	-
*/has(t)-/	*/xas(t)-/	SKAST	ediana	bone	-
/hawantazza-/, ha-wa/i-tá-za-	/xawantatsːa-/, xa-wa/i-tá-tsa-	KAWANTATSAKAWAITTSA	ediana	(unknown)	-
/hi(n)Tuna(/i)-/, (SCALPRUM)hi-tu-na-	/xi(n)Tuna(/i)-/, (SCALPRUM)xi-tu-na-	KIN0UNAI00000000KITUNA	ediana	(unknown)	-
/hipparawann(i)-/, hi-pa+ra/i-wa/i-ni-	/xipːarawann(i)-/, xi-pa+ra/i-wa/i-ni-	KIPARAWANNIKIPARAIWAINI	ediana	of_serf	-
/hiTi-/, (LIGNUM)hi-ti-	/xiTi-/, (LIGNUM)xi-ti-	KI0I000000KITI	ediana	(unknown)	-
/hur(i)-/, (*522)hu-ri+i-	/xur(i)-/, (*522)xu-ri+i-	KURISKURII	ediana	libation_vessel	-
/husa-…/, (COR)hú-sà(-)SERVUS-wa/i-sá	/xusa-…/, (COR)xú-sà(-)SERVUS-wa/i-sá	KUSA000KS000000WAIS	ediana	(unknown)	-
/huttalli-(ti)/, (ARMA)hu-ta-li-	/xutːalːi-(ti)/, (ARMA)xu-ta-li-	KUTALITI0000KUTALI	ediana	to_smite	-
/hwisnamai(ya)-/, (LEO)hwa/i-sá-na-ma-	/xwisnamai(ja)-/, (LEO)xwa/i-sá-na-ma-	KWISNAMAIYA000KWAISNAMA	ediana	(unknown)	-
/hwisnam(i)-/, LEO-sa-na-mi-	/xwisnam(i)-/, LEO-sa-na-mi-	KWISNAMI000SANAMI	ediana	(unknown)	-
/hwisar-/, (LEO)˺hwa/i-sa5+ra/i-	/xwisar-/, (LEO)˺xwa/i-sa5+ra/i-	KWISAR000KWAISARAI	ediana	beast	-
/imma/, i(a)-ma	/imma/, i(a)-ma	IMMAIAMA	ediana	ever	-
/kadirh(i)-?/, ka-tara/i-hi-	/katirx(i)-?/, ka-tara/i-xi-	KATIRKIKATARAIKI	ediana	promise_(?)	-
/kurid-/, ku+ra/i-i-	/kurit-/, ku+ra/i-i-	KURITKURAII	ediana	(a_sacred_object_or_other_sacrifice)	-
/harmah(i)-/, (“CAPUT”)ha+ra/i-ma-hi-	/xarmax(i)-/, (“CAPUT”)xa+ra/i-ma-xi-	KARMAKI00000KARAIMAKI	ediana	head	-
/kaPara(/i)-/, (*187)ka-pa+ra/i-	/kaPara(/i)-/, (*187)ka-pa+ra/i-	KA0ARAISKAPARAI	ediana	(a_commodity)	-
/i(ya)di-(ti)/, (“*69”)i-ti-	/i(ja)ti-(ti)/, (“*69”)i-ti-	IYATITISITI	ediana	to_delete	-
/i(ya)di(ya)-/, i+ra/i-ia-	/i(ja)ti(ja)-/, i+ra/i-ia-	IYATIYAIRAIIA	ediana	representation_(?)	-
/kih(h)ar(ran)ni(ya)-/, ki-ha+ra/i-ni-	/kix(x)ar(ran)ni(ja)-/, ki-xa+ra/i-ni-	KIKKARRANNIYAKIKARAINI	ediana	(something_damaging)	-
/karubann(i)-/, ka-ru-pa-ni-	/karupann(i)-/, ka-ru-pa-ni-	KARUPANNIKARUPANI	ediana	honored_person_(?)	-
/makkissa-(i)/, ma-ki-sa-	/makːisːa-(i)/, ma-ki-sa-	MAKISAIMAKISA	ediana	to_drain_(in_order_to_make_arable)_(?)	-
/lalamma-/, CAPERE-ma-	/lalamma-/, CAPERE-ma-	LALAMMA000000MA	ediana	contract	-
/(-)kina-(i)/, (“MANUS”)ki-na-	/(-)kina-(i)/, (“MANUS”)ki-na-	KINAI00000KINA	ediana	(verb_of_moving)_(?)	-
/kinussa-(i)/, (FLAMMAE)ki-nú-sà-	/kinusːa-(i)/, (FLAMMAE)ki-nú-sà-	KINUSAI0000000KINS	ediana	to_set_on_fire	-
/kinu(wa)-(i)/, (“FLAMMAE”)ki-nu-wa/i-	/kinu(wa)-(i)/, (“FLAMMAE”)ki-nu-wa/i-	KINUWAI0000000KINUWAI	ediana	to_burn	-
/kistara(/i)-/, (DOMUS)ki-sà-ta+ra/i-	/kistara(/i)-/, (DOMUS)ki-sà-ta+ra/i-	KISTARAI00000KISTARAI	ediana	(a_religious_installation)	-
/kistami(ya)-/, ORIENS-mi-ia-	/kistami(ja)-/, ORIENS-mi-ia-	KISTAMIYA000000MIIA	ediana	eastern	-
/kistam(i)-/, (ORIENS)ki-sà-ta-mi-	/kistam(i)-/, (ORIENS)ki-sà-ta-mi-	KISTAMI000000KISTAMI	ediana	east	-
/kurtinn(i)-/, (“X”)ku+ra/i-ti-ni-	/kurtinn(i)-/, (“X”)ku+ra/i-ti-ni-	KURTINNI0KURAITINI	ediana	(unknown)	-
/kwi(ya)/, kwa/i-i	/kwi(ja)/, kwa/i-i	KWIYAKWAII	ediana	when	-
/kwanza/, kwa/i-a-za	/kwantsa/, kwa/i-a-tsa	KWANTSAKWAIATSA	ediana	while	-
/kwadi/, kwa/i-a-ti	/kwati/, kwa/i-a-ti	KWATIKWAIATI	ediana	as	-
/kwadi=ha/, kwa/i-ti-ha	/kwati=xa/, kwa/i-ti-xa	KWATIKAKWAITIKA	ediana	some/anywhere_(?)	-
/m(a)na-(di)/, LITUUS+na-	/m(a)na-(ti)/, LITUUS+na-	MANATI000000NA	ediana	to_see	-
/mammanna-(i)/, LITUUS.LITUUS-na-	/mammanna-(i)/, LITUUS.LITUUS-na-	MAMMANNAI000000000000NA	ediana	to_see	-
/m(amman)nassa-(i)/, LITUUS-sà-	/m(amman)nasːa-(i)/, LITUUS-sà-	MAMMANNASAI000000S	ediana	to_regard_(?)	-
/m(a)nahid-/, LITUUS+na-hi-i-tà	/m(a)naxit-/, LITUUS+na-xi-i-tà	MANAKIT000000NAKIIT	ediana	vision	-
/mari/, (“ANNUS”)mara/i-i	/mari/, (“ANNUS”)mara/i-i	MARI00000MARAII	ediana	during_(?)	-
/mar(al)li(lli)ssa-/, (LOQUI)mara/i-li-i-li-i-sà-	/mar(al)li(lːi)sːa-/, (LOQUI)mara/i-li-i-li-i-sà-	MARALLILISA00000MARAILIILIIS	ediana	(unknown)	-
/mariyan(i)-/, (*255)mara/i-ia-ní-	/marijan(i)-/, (*255)mara/i-ia-ní-	MARIYANISMARAIIAN	ediana	(a_kind_of_field)_(?)	-
/massanam(i)-/, DEUS-na-mi-	/masːanam(i)-/, DEUS-na-mi-	MASANAMI0000NAMI	ediana	prophet	-
/midassar(i)-/, (*33(1))mi-tà-sa5+ra/i-i-	/mitasːar(i)-/, (*33(1))mi-tà-sa5+ra/i-i-	MITASARISMITSARAII	ediana	(a_precious_object)	-
/na-?/, (-)na-ha-a	/na-?/, (-)na-xa-a	NANAKAA	ediana	to_drive_(?)	-
/niyasha-/, (CRUS.CRUS)ní-ia-sa-ha-	/nijasxa-/, (CRUS.CRUS)ní-ia-sa-xa-	NIYASKA00000000NIASAKA	ediana	procession	-
/niyassattalla-/, (CRUS+CRUS)ní-ia-sa-ta-la-	/nijasːatːalːa-/, (CRUS+CRUS)ní-ia-sa-ta-la-	NIYASATALA00000000NIASATALA	ediana	successor	-
/niyai(ya)-/, DOMINUS-ia-	/nijai(ja)-/, DOMINUS-ia-	NIYAIYA0000000IA	ediana	of_the_lord	-
/naPa-/, (ASCIA)na-pa-	/naPa-/, (ASCIA)na-pa-	NA0A00000NAPA	ediana	axe	-
/nattaP(i)-/, na-ta-pi-	/natːaP(i)-/, na-ta-pi-	NATA0INATAPI	ediana	(unknown)	-
/hwidni(ya)-/, hwa/i-tà-ni-ia-	/xwitni(ja)-/, xwa/i-tà-ni-ia-	KWITNIYAKWAITNIIA	ediana	game_(?)	-
/wazza-/, (“PES2”)wa/i-za-	/watsːa-/, (“PES2”)wa/i-tsa-	WATSA000WAITSA	ediana	to_lead	-
/muKa-/, (URCEUS)mu-ka-	/muKa-/, (URCEUS)mu-ka-	MU0A000000MUKA	ediana	jug	-
/nuntarri-(ti)/, nu-tara/i-	/nuntarri-(ti)/, nu-tara/i-	NUNTARRITINUTARAI	ediana	to_hurry	-
/pariyan/, PRAE-i-ia-na	/parijan/, PRAE-i-ia-na	PARIYAN0000IIANA	ediana	beyond	-
/parira-(i)/, pa+ra/i-ra+a-	/parira-(i)/, pa+ra/i-ra+a-	PARIRAIPARAIRAA	ediana	to_become_irrelevant_(?)	-
/parranihha/, PRAE-ni-ha	/parranixːa/, PRAE-ni-xa	PARRANIKA0000NIKA	ediana	from_before	-
/parihha/, pa+ra/i-i-ha	/parixːa/, pa+ra/i-i-xa	PARIKAPARAIIKA	ediana	over_from	-
/partuHi(ya)-/, pa+ra/i-tu-hi-	/partuHi(ja)-/, pa+ra/i-tu-xi-	PARTUHIYAPARAITUKI	ediana	(unknown)	-
/salizza-(i)/, LIS-la/i/u-za-	/salitsːa-(i)/, LIS-la/i/u-tsa-	SALITSAI000LAIUTSA	ediana	to_confront	-
/salissa-(i)/, LIS-la/i/u-sa-	/salisːa-(i)/, LIS-la/i/u-sa-	SALISAI000LAIUSA	ediana	to_confront	-
/salazza-/, LIS-la/i/u-za-	/salatsːa-/, LIS-la/i/u-tsa-	SALATSA000LAIUTSA	ediana	aggressive_one	-
/salahid-/, LIS-la/i/u-hi-	/salaxit-/, LIS-la/i/u-xi-	SALAKIT000LAIUKI	ediana	confrontation	-
/sal(i)-/, LIS-la/i/u-	/sal(i)-/, LIS-la/i/u-	SALI000LAIU	ediana	opponent	-
/sark(a)-/, sa5+ra/i-ka-	/sark(a)-/, sa5+ra/i-ka-	SARKASARAIKA	ediana	uprising	-
/tahha-/, ta-ha-	/taxːa-/, ta-xa-	TAKATAKA	ediana	alter_(?)	-
/tamihid-/, tá-mi-hi-sá	/tamixit-/, tá-mi-xi-sá	TAMIKITTMIKIS	ediana	non-mobile_wealth	-
/tanidi(ya)-/, ta-ni-ti-	/taniti(ja)-/, ta-ni-ti-	TANITIYATANITI	ediana	a_kind_of_priestess	-
/tanissa-(i)/, ta-ni-sà-	/tanisːa-(i)/, ta-ni-sà-	TANISAITANIS	ediana	to_install	-
/tani(ya)-/, (LITUUS.AVIS)ta-ni-	/tani(ja)-/, (LITUUS.AVIS)ta-ni-	TANIYA0000000000TANI	ediana	holding	-
/tarhuwanu(wa)?-(i)/, TONITRUS-wa/i-nú-wa/i-	/tarxuwanu(wa)?-(i)/, TONITRUS-wa/i-nú-wa/i-	TARKUWANUWAI00000000WAINWAI	ediana	to_defeat_(like_tarhunt?)	-
/tarhunzassitt(i)-?/, REX-hu-za-si-ti-	/tarxuntsasːitː(i)-?/, REX-xu-tsa-si-ti-	TARKUNTSASITI000KUTSASITI	ediana	divine_kingship_(?)	-
/Tarhunti(ya)-/, (DEUS)TONITRUS-hu-ti-	/Tarxunti(ja)-/, (DEUS)TONITRUS-xu-ti-	0ARKUNTIYA000000000000KUTI	ediana	of_the_storm-god	-
/massatt(i)-/, (DEUS)ma-sa-ti-	/masːatː(i)-/, (DEUS)ma-sa-ti-	MASATI0000MASATI	ediana	divine_law_(?)	-
/massattidaiya-(di)/, ma-sa-ti-tà-ia-	/masːatːitaija-(ti)/, ma-sa-ti-tà-ia-	MASATITAIYATIMASATITIA	ediana	to_become_massattidaiya	-
/taruwi(ya)-/, “LIGNUM”-wa/i-ia-	/taruwi(ja)-/, “LIGNUM”-wa/i-ia-	TARUWIYA000000WAIIA	ediana	of_wood	-
/taTu-/, tá-tu-	/taTu-/, tá-tu-	TA0UTTU	ediana	compensation	-
/taTum(m)assa-/, tá-tu-ma-sa-	/taTum(m)asːa-/, tá-tu-ma-sa-	TA0UMMASATTUMASA	ediana	(unknown)	-
/taTuttaTu(wa)-(i)/, tá-tu-tá-tu-	/taTutːaTu(wa)-(i)/, tá-tu-tá-tu-	TA0UTA0UWAITTUTTU	ediana	(verb_denoting_punitive_action)	-
/tawall(i)-/, ta-*375-li-i-	/tawalː(i)-/, ta-*375-li-i-	TAWALITASLII	ediana	evil_eye_(?)	-
/tidi(ya)-/, (LITUUS)ti-ti-	/titi(ja)-/, (LITUUS)ti-ti-	TITIYA000000TITI	ediana	(unknown)	-
/tinantissa-(i)/, ti-na-ti-sà-	/tinantisːa-(i)/, ti-na-ti-sà-	TINANTISAITINATIS	ediana	to_give_a_tithe_(?)	-
/tinant(a)-/, ti-na-ta-	/tinant(a)-/, ti-na-ta-	TINANTATINATA	ediana	tithe	-
*/tiw-/	*/tiw-/	STIW	ediana	deity	-
/tiwadama/i-/, (DEUS)SOL-wa/i-tà-mi-	/tiwatama/i-/, (DEUS)SOL-wa/i-tà-mi-	TIWATAMAI0000000WAITMI	ediana	the_sun-god’s_(devotee)	-
/tiwad-/, SOL-tà-	/tiwat-/, SOL-tà-	TIWAT000T	ediana	sun_(?)	-
/tiwa(n)talla/i-/, ti-wa/i-tá-li-	/tiwa(n)talːa/i-/, ti-wa/i-tá-li-	TIWANTALAITIWAITLI	ediana	(a_volume_measure)	-
/tunikkala-/, (SCUTELLA)tu-ni-ka-la-	/tunikːala-/, (SCUTELLA)tu-ni-ka-la-	TUNIKALA00000000TUNIKALA	ediana	baker	-
/tuwadi/, tu-wa/i-ri+i	/tuwati/, tu-wa/i-ri+i	TUWATITUWAIRII	ediana	from/at_your_(sg.)_place_(?)	-
/tuwarisi(ya)-/, (VITIS)tu-wa/i+ra/i-si-	/tuwarisi(ja)-/, (VITIS)tu-wa/i+ra/i-si-	TUWARISIYA00000TUWAIRAISI	ediana	of_the_vineyard	-
/tuwaris(a)-/, (“VITIS”)tu-wa/i+ra/i-sà-	/tuwaris(a)-/, (“VITIS”)tu-wa/i+ra/i-sà-	TUWARISA00000TUWAIRAIS	ediana	vineyard	-
/ul(l)iyanada-/, u-li-ia-na-tà-	/ul(l)ijanata-/, u-li-ia-na-tà-	ULLIYANATAULIIANAT	ediana	(a_title)	-
/uni-(ti)/, (LITUSS)u-ni-	/uni-(ti)/, (LITUSS)u-ni-	UNITI000000UNI	ediana	to_know	-
/uppa(n)n(i)-/, (SCALPRUM.CAPERE2)u-pa-ní-	/upːa(n)n(i)-/, (SCALPRUM.CAPERE2)u-pa-ní-	UPANNI00000000000000UPAN	ediana	trophy	-
/uppa-(i)/, (CAPERE2)u-pa-	/upːa-(i)/, (CAPERE2)u-pa-	UPAI000000UPA	ediana	to_bring	-
/usi-/, u-si-	/usi-/, u-si-	USIUSI	ediana	to_supply_(?)	-
/uzzamma-/, (“PES”)u-za-ma-	/utsːamma-/, (“PES”)u-tsa-ma-	UTSAMMA000UTSAMA	ediana	to_be_disposed_(?)	-
/wa/ittamuzza(/i)-/, wa/i-tá-mu-za	/wa/itːamutsːa(/i)-/, wa/i-tá-mu-tsa	WAITAMUTSAIWAITMUTSA	ediana	(unknown)	-
/wa(/i)zzurall(i)-/, (“BIBERE”)wa/i-zú+ra/i-li-	/wa(/i)tsːuralː(i)-/, (“BIBERE”)wa/i-tsú+ra/i-li-	WAITSURALI000000WAITSRAILI	ediana	(unknown)	-
/wa(/i)Tarassa-(i)/, (“PES2”)wa/i-tara/i-sa-	/wa(/i)Tarasːa-(i)/, (“PES2”)wa/i-tara/i-sa-	WAI0ARASAI000WAITARAISA	ediana	to_appoint	-
/wa(/i)Tara(/i)-/, wa/i-tara/i	/wa(/i)Tara(/i)-/, wa/i-tara/i	WAI0ARAIWAITARAI	ediana	(an_occupation)	-
/walliya-/, BONUS-li-ia-	/walːija-/, BONUS-li-ia-	WALIYA00000LIIA	ediana	raising	-
/walliyazza-(i)/, BONUS-li-ia-za-	/walːijatsːa-(i)/, BONUS-li-ia-tsa-	WALIYATSAI00000LIIATSA	ediana	to_favour	-
/walliya-(ti)/, wa/i-li-ia-	/walːija-(ti)/, wa/i-li-ia-	WALIYATIWAILIIA	ediana	to_rise_(in_favour)	-
/warp-?/, wa/i+ra/i-ARMA-	/warp-?/, wa/i+ra/i-ARMA-	WARPWAIRAI0000	ediana	to_lock	-
/warpassalli(ya)-/, (ARMA)wa/i+ra/i-pa-sa-li-ia-	/warpasːalːi(ja)-/, (ARMA)wa/i+ra/i-pa-sa-li-ia-	WARPASALIYA0000WAIRAIPASALIIA	ediana	miltary_(?)	-
/warpassahid-/, wa/i+ra/i-pa-sa-hi-	/warpasːaxit-/, wa/i+ra/i-pa-sa-xi-	WARPASAKITWAIRAIPASAKI	ediana	military_career_(?)	-
/warpamma/i-/, ARMA-pa-mi-	/warpamma/i-/, ARMA-pa-mi-	WARPAMMAI0000PAMI	ediana	armed_(?)	-
/warpallawa-?/, ARMA.REX-wa/i-	/warpalːawa-?/, ARMA.REX-wa/i-	WARPALAWA0000000WAI	ediana	royal_warrior_(?)	-
/warpalla(/i)-?/, VIR2.ARMA-	/warpalːa(/i)-?/, VIR2.ARMA-	WARPALAI0000000	ediana	warrior_(?)	-
/has(s)a-/, ha-sa-mi-	/xas(s)a-/, xa-sa-mi-	KASSAKASAMI	ediana	to_be_forceful	-
/kwaya-(i)/, kwa/i-i(a)-	/kwaja-(i)/, kwa/i-i(a)-	KWAYAIKWAIIA	ediana	to_fear	-
/tub(a)-/, tu-pa-	/tup(a)-/, tu-pa-	TUPATUPA	ediana	to_strike	-
/t(u)w(a/i)-?/, 2-	/t(u)w(a/i)-?/, 2-	TUWAI	ediana	two	-
*/hab-/	*/xap-/	SKAP	ediana	to_join	-
*/kwal-/	*/kwal-/	SKWAL	ediana	to_turn	-
*/taru-/	*/taru-/	STARU	ediana	wood	-
/wasszza-(i)/, (“BONUS”)wa/i-sà-za-	/wasːtsːa-(i)/, (“BONUS”)wa/i-sà-tsa-	WASTSAI00000WAISTSA	ediana	to_begin_to_be_dear/respectful_(?)	-
/was(a)u-(di)?/, wa/i5-sú-	/was(a)u-(ti)?/, wa/i5-sú-	WASAUTIWAIS	ediana	to_succeed	-
/mizzinalla-/, (*265)mi-zi-na-la-	/mitsːinalːa-/, (*265)mi-tsi-na-la-	MITSINALASMITSINALA	ediana	brewer	-
/tawan(i)-/, tá-wa/i-ni-	/tawan(i)-/, tá-wa/i-ni-	TAWANITWAINI	ediana	place_to_stand	-
/waspa-/, (*179.*347.5)wa/i-sà-pa-	/waspa-/, (*179.*347.5)wa/i-sà-pa-	WASPASSWAISPA	ediana	garment	-
/hazz(iy)ann(i)-/, (LIGNUM)ha-za-ni-	/xatsː(ij)ann(i)-/, (LIGNUM)xa-tsa-ni-	KATSIYANNI000000KATSANI	ediana	mayor	-
MANDARE-nú-wa/i-	MANDARE-nú-wa/i-	0000000NWAI	ediana	sumerogram:(unknown)	-
/kwittan/, kwa/i-i-ta-na	/kwitːan/, kwa/i-i-ta-na	KWITANKWAIITANA	ediana	where	-
/ni/	/ni/	NI	ediana	or	-
/nis/, NEG3-sa	/nis/, NEG3-sa	NIS000SA	ediana	not_(prohib.)	-
/niba/, ni-pa	/nipa/, ni-pa	NIPANIPA	ediana	or	-
*/nahh(uw)a-(i)/	*/naxː(uw)a-(i)/	SNAKUWAI	ediana	to_fear	-
/isan-/, (“LECTUS”)i-sà-na-	/isan-/, (“LECTUS”)i-sà-na-	ISAN000000ISNA	ediana	couch	-
/kwar-/, kwa/i+ra/i	/kwar-/, kwa/i+ra/i	KWARKWAIRAI	ediana	to_cut	-
/arzatt(a)-/, ara/i-za5-	/artsatː(a)-/, ara/i-tsa5-	ARTSATAARAITSA	ediana	(unknown)	-
AEDIFICIUM-	AEDIFICIUM-	0000000000	ediana	sumerogram:building	-
/ta(m)m(i)-/, tá-mi-	/ta(m)m(i)-/, tá-mi-	TAMMITMI	ediana	adult_(?)	-
/nisa-/, ni-sà-	/nisa-/, ni-sà-	NISANIS	ediana	(unknown)	-
/kuruppa(/i)-/, ku-ru-pi-	/kurupːa(/i)-/, ku-ru-pi-	KURUPAIKURUPI	ediana	(a_type_of_basket)	-
/kurkura(/i)-/, (CRUS2)ku+ra/i-ku+ra/i-	/kurkura(/i)-/, (CRUS2)ku+ra/i-ku+ra/i-	KURKURAI0000KURAIKURAI	ediana	(unknown)	-
/aliya-/, (“*476.*311”)a-li-ia-	/alija-/, (“*476.*311”)a-li-ia-	ALIYASSALIIA	ediana	to_other	-
/alan(na)-/, á-lá/í-na-	/alan(na)-/, á-lá/í-na-	ALANNALNA	ediana	enmity_(?)	-
/(a)liwannid-/, (VIR2)ali-wa/i-ní-	/(a)liwannit-/, (VIR2)ali-wa/i-ní-	ALIWANNIT000ALIWAIN	ediana	enemy_force	-
/al(l)a-/, a-la-	/al(l)a-/, a-la-	ALLAALA	ediana	to_make_a_mistake_(?)	-
/al(l)amis-/, á-lá/í-mí-	/al(l)amis-/, á-lá/í-mí-	ALLAMISLM	ediana	(unknown)	-
/immara(/i)-/, i-mára/i-	/immara(/i)-/, i-mára/i-	IMMARAIIMRAI	ediana	open_country	-
/arnu(wa)-(i)/, CRUS+RA/I-nu-wa/i-	/arnu(wa)-(i)/, CRUS+RA/I-nu-wa/i-	ARNUWAI0000000NUWAI	ediana	to_remove_(?)	-
/ar-(ti)/, (“PES2”)a+ra/i-	/ar-(ti)/, (“PES2”)a+ra/i-	ARTI000ARAI	ediana	to_move	-
sax-*514-mi-ti	sax-*514-mi-ti	SAKSMITI	ediana	(unknown)	-
/alunazza-(i)/, (COR)á-la/i/u-na-za-	/alunatsːa-(i)/, (COR)á-la/i/u-na-tsa-	ALUNATSAI000LAIUNATSA	ediana	to_become_envious	-
/alunam(i)-/, (“COR”)á-la/i/u-na-ma-	/alunam(i)-/, (“COR”)á-la/i/u-na-ma-	ALUNAMI000LAIUNAMA	ediana	envy	-
/as(s)uhana/i-/, *a-su-ha-na-	/as(s)uxana/i-/, *a-su-xa-na-	ASSUKANAISASUKANA	ediana	smiling_(?)	-
/s(ap)pantal(i)-/, (CAELUM.*286.x)sá-pa-tara/i-i-	/s(ap)pantal(i)-/, (CAELUM.*286.x)sá-pa-tara/i-i-	SAPPANTALI000000SKSPATARAII	ediana	person_in_charge_of_dairy_(?)	-
MAGNUS.URCEUS-	MAGNUS.URCEUS-	000000000000	ediana	sumerogram:chief_cup-bearer_(?)	-
MAGNUS.INFANS	MAGNUS.INFANS	000000000000	ediana	sumerogram:heir_apparent_(?)	-
MAGNUS.CENTUM	MAGNUS.CENTUM	000000000000	ediana	sumerogram:commander_of_one-hundred	-
MAGNUS+RA/I.FONS.*311-	MAGNUS+RA/I.FONS.*311-	0000000000000S	ediana	sumerogram:large_marsh_(?)	-
/uranu(wa)-(i)/, MAGNUS+ra/i-nu-	/uranu(wa)-(i)/, MAGNUS+ra/i-nu-	URANUWAI000000RAINU	ediana	to_make_great	-
/uru-x-ha-/, u-ru-x-ha-sá	/uru-x-xa-/, u-ru-x-xa-sá	URUKKAURUKKAS	ediana	(unknown)	-
/urazza(/i)-/, MAGNUS+ra/i-zi/a-na-	/uratsːa(/i)-/, MAGNUS+ra/i-tsi/a-na-	URATSAI000000RAITSIANA	ediana	very_great	-
/uraiya-/, MAGNUS+ra/i-ia-zi-ha-	/uraija-/, MAGNUS+ra/i-ia-tsi-xa-	URAIYA000000RAIIATSIKA	ediana	grandee	-
/uraiya-(di)/, MAGNUS+ra/i-ia-ri+i-	/uraija-(ti)/, MAGNUS+ra/i-ia-ri+i-	URAIYATI000000RAIIARII	ediana	to_be(come)_great/a_grandee	-
/ur(a)iyall(i)-/	/ur(a)ijalː(i)-/	URAIYALI	ediana	grandee	-
SCRIBA+RA/I-la-(i)	SCRIBA+RA/I-la-(i)	000000000LAI	ediana	sumerogram:to_re-write_(?)	-
/malhassa-/, LIBATIO-ha-sà	/malxasːa-/, LIBATIO-xa-sà	MALKASA0000000KAS	ediana	ritual	-
/azza-(i)/, á-za-	/atsːa-(i)/, á-tsa-	ATSAITSA	ediana	to_begin_to_eat_(?)	-
*/zapp-/	*/tsapː-/	STSAP	ediana	to_drip_(?)	-
/zappa-(ti)/, za-pa-	/tsapːa-(ti)/, tsa-pa-	TSAPATITSAPA	ediana	to_slaughter	-
/arawa-(ti)/, a+ra/i-wa/i-	/arawa-(ti)/, a+ra/i-wa/i-	ARAWATIARAIWAI	ediana	to_set_free	-
/arawann(i)-/, a+ra/i-wa/i-ni-	/arawann(i)-/, a+ra/i-wa/i-ni-	ARAWANNIARAIWAINI	ediana	freeman	-
/aralla(/i)-/, (“INFANS.NI”)á-lá/í-la-	/aralːa(/i)-/, (“INFANS.NI”)á-lá/í-la-	ARALAI00000000LLA	ediana	companion	-
LAPIS	LAPIS	00000	ediana	sumerogram:tanding_stone_(?)	-
/mam(m)ud-/, ma-mu-	/mam(m)ut-/, ma-mu-	MAMMUTMAMU	ediana	company	-
/kirad(i)-/, (*198)ki+ra/i-ti-	/kirat(i)-/, (*198)ki+ra/i-ti-	KIRATISKIRAITI	ediana	(item_requiring_skill_to_produce)	-
*69-la/i/u-	*69-la/i/u-	SLAIU	ediana	(unknown)	-
*69(-)sà-tara/i-	*69(-)sà-tara/i-	SSTARAI	ediana	(unknown)	-
*179.SCALPRUM-	*179.SCALPRUM-	S00000000	ediana	sumerogram:mill(-stone?)	-
*179.*347.5-ia-ma-	*179.*347.5-ia-ma-	SSIAMA	ediana	equipped_with_(?)	-
*179	*179	S	ediana	barley	-
(MANUS)li-*375-	(MANUS)li-*375-	00000LIS	ediana	to_damage	-
/hant(a)-/, (“FRONS”)ha-ta-	/xant(a)-/, (“FRONS”)xa-ta-	KANTA00000KATA	ediana	face	-
/saru(ssa)-/, (CAPERE)sa-ru-sa	/saru(sːa)-/, (CAPERE)sa-ru-sa	SARUSA000000SARUSA	ediana	loot	-
/ahharku?/, á-ha+ra/i-ku	/axːarku?/, á-xa+ra/i-ku	AKARKUKARAIKU	ediana	(volume_measure_term)	-
/aruza?/, á-ru-za	/arutsa?/, á-ru-tsa	ARUTSARUTSA	ediana	(volume_measure_term)	-
/aPasiTi/, á-pa-si-ti	/aPasiTi/, á-pa-si-ti	A0ASI0IPASITI	ediana	(unknown)	-
/aPittaPuTuwa-?/, á-pi-tá-pu-tu-wa/i-	/aPitːaPuTuwa-?/, á-pi-tá-pu-tu-wa/i-	A0ITA0U0UWAPITPUTUWAI	ediana	(unknown)	-
ara/i-x-	ara/i-x-	ARAIK	ediana	(unknown)	-
“ARGENTUM?”(-)˹(m)u?˺-zi-x-za-wa/i	“ARGENTUM?”(-)˹(m)u?˺-tsi-x-tsa-wa/i	00000000MUTSIKTSAWAI	ediana	(unknown)	-
/wanattiyad(i)-/, FEMINA-ti-ia-ti-	/wanatːijat(i)-/, FEMINA-ti-ia-ti-	WANATIYATI000000TIIATI	ediana	female	-
/kawar(i)-?/, ka-wa/i+ra/i-	/kawar(i)-?/, ka-wa/i+ra/i-	KAWARIKAWAIRAI	ediana	(unknown)	-
ARMA-x-ta	ARMA-x-ta	0000KTA	ediana	sumerogram:(unknown)	-
/tagamm(i)-/, (“TERRA”)ta-ka-mi-i	/takamm(i)-/, (“TERRA”)ta-ka-mi-i	TAKAMMI00000TAKAMII	ediana	land	-
/kusa-(i)/, ku-sà-	/kusa-(i)/, ku-sà-	KUSAIKUS	ediana	to_erase	-
/tarrisu/, tara/i-su	/tarrisu/, tara/i-su	TARRISUTARAISU	ediana	three_times	-
/tarri-/, tara/i-	/tarri-/, tara/i-	TARRITARAI	ediana	three	-
/2-s(sa)/, 2-sa	/2-s(sa)/, 2-sa	SSASA	ediana	second_time	-
/ashanatt(i)-/, á-sa-ha-na-ti-	/asxanatː(i)-/, á-sa-xa-na-ti-	ASKANATISAKANATI	ediana	blood-_offering	-
/kummani-/, (“PURUS”)ku-ma-ni-	/kummani-/, (“PURUS”)ku-ma-ni-	KUMMANI00000KUMANI	ediana	to_purify_(?)	-
BONUS2.SCRIBA-la-	BONUS2.SCRIBA-la-	00000000000LA	ediana	sumerogram:(type_of_scribe)	-
CERVUS3(ANIMA)-ni-ia-	CERVUS3(ANIMA)-ni-ia-	00000000000NIIA	ediana	sumerogram:(unknown)	-
*74-wa/i7-	*74-wa/i7-	SWAI	ediana	(unknown)	-
*92	*92	S	ediana	charioteer	-
/wanahha/, wa/i-na-ha	/wanaxːa/, wa/i-na-xa	WANAKAWAINAKA	ediana	away	-
/wan/, wa/i-na	/wan/, wa/i-na	WANWAINA	ediana	hither_(?)	-
*/salha(/i)-/	*/salxa(/i)-/	SSALKAI	ediana	-	-
/parran/, PRAE-na, pa+ra/i-na	/parran/, PRAE-na, pa+ra/i-na	PARRAN0000NAPARAINA	ediana	before	-
/=mu, =mi/, -mu	/=mu, =mi/, -mu	MUMIMU	ediana	i	-
/skandal(l)issa-/, sà-ka-ta-li-sà-	/skantal(l)isːa-/, sà-ka-ta-li-sà-	SKANTALLISASKATALIS	ediana	to_furnish_with_applications	-
/walla-(i)/, (“MALLEUS”)*71-la-	/walːa-(i)/, (“MALLEUS”)*71-la-	WALAI0000000SLA	ediana	to_smash	-
/wami(ya)-(di)/, wa/i-mi-LITUUS-	/wami(ja)-(ti)/, wa/i-mi-LITUUS-	WAMIYATIWAIMI000000	ediana	to_find	-
MANUS.*311(-)la/i/u?-	MANUS.*311(-)la/i/u?-	00000SLAIU	ediana	sumerogram:to_appoint_(?)	-
LIGNUM(-)˹pa˺-ma-	LIGNUM(-)˹pa˺-ma-	000000PAMA	ediana	sumerogram:(an_installation)	-
*135(9)-	*135(9)-	S	ediana	(unknown)	-
*161-ma-	*161-ma-	SMA	ediana	(unknown)	-
*293-	*293-	S	ediana	(unknown)	-
/kwihhan/, kwa/i-ha-	/kwixːan/, kwa/i-xa-	KWIKANKWAIKA	ediana	any	-
/par(r)alla/i-/, pa+ra/i-la-ri+i	/par(r)alːa/i-/, pa+ra/i-la-ri+i	PARRALAIPARAILARII	ediana	(unknown)	-
*259.*502-mi-li-	*259.*502-mi-li-	SSMILI	ediana	(unknown)	-
*/mus-/	*/mus-/	SMUS	ediana	to_satiate_one’s_hunger	-
/antan/, á-ta-na	/antan/, á-ta-na	ANTANTANA	ediana	inside	-
/antattil(i)-/, a-tá-ti-li-	/antatːil(i)-/, a-tá-ti-li-	ANTATILIATTILI	ediana	inner	-
/antatt(i)-/, a-ta-ti-	/antatː(i)-/, a-ta-ti-	ANTATIATATI	ediana	interior	-
/antaH(i)-/, á-ta-ha-	/antaH(i)-/, á-ta-xa-	ANTAHITAKA	ediana	the_inside(s)	-
/anta/, a-tá	/anta/, a-tá	ANTAAT	ediana	also	-
*502-mi-li-	*502-mi-li-	SMILI	ediana	untouched_(?)	-
/has(s)a-(i)/, ha-sa-	/xas(s)a-(i)/, xa-sa-	KASSAIKASA	ediana	to_give_birth	-
/hamsukkalla-/, (INFANS.NEPOS)ha-ma-su-ka-la-	/xamsukːalːa-/, (INFANS.NEPOS)xa-ma-su-ka-la-	KAMSUKALA00000000000KAMASUKALA	ediana	great-grandson	-
/hassusr(i)-/, (MAGNUS.DOMINA)ha-su-sa5+ra/i-	/xasːusr(i)-/, (MAGNUS.DOMINA)xa-su-sa5+ra/i-	KASUSRI000000000000KASUSARAI	ediana	queen	-
/hamsiyad(i)-/, NEPOS-ia-ti-	/xamsijat(i)-/, NEPOS-ia-ti-	KAMSIYATI00000IATI	ediana	descendant	-
/laH(i)-/, la-hi-	/laH(i)-/, la-xi-	LAHILAKI	ediana	component_of_an_estate	-
/lahhinalla-/, la-hi-na-la-	/laxːinalːa-/, la-xi-na-la-	LAKINALALAKINALA	ediana	soldier	-
NEPOS-sa-ta-ni-	NEPOS-sa-ta-ni-	00000SATANI	ediana	sumerogram:progeny	-
*279-la/i/u-	*279-la/i/u-	SLAIU	ediana	(a_title)	-
*336-za+ra/i-	*336-tsa+ra/i-	STSARAI	ediana	inscription_(?)	-
*275-i-	*275-i-	SI	ediana	to_battle	-
*308-mi-sa-	*308-mi-sa-	SMISA	ediana	(unknown)	-
/pazzanna-(i)/, PES2-za-na-	/patsːanna-(i)/, PES2-tsa-na-	PATSANNAI000TSANA	ediana	to_keep_moving_along	-
/pazzai(ya)-/, pa-za-i(a)-	/patsːai(ja)-/, pa-tsa-i(a)-	PATSAIYAPATSAIA	ediana	(verb_of_motion_?)	-
/pazza-(i)/, (PES2)pa-za-	/patsːa-(i)/, (PES2)pa-tsa-	PATSAI000PATSA	ediana	to_pass	-
/panu(wa)-(i)/, pa-nu-wa/i-	/panu(wa)-(i)/, pa-nu-wa/i-	PANUWAIPANUWAI	ediana	to_allow	-
/pa-/, (“PES2”)pa-	/pa-/, (“PES2”)pa-	PA000PA	ediana	to_go	-
/sazza-(i)/, (SA4)sá-za-	/satsːa-(i)/, (SA4)sá-tsa-	SATSAI00STSA	ediana	(unknown)	-
/s(a)may(a)-/, sà-ma-ia-	/s(a)maj(a)-/, sà-ma-ia-	SAMAYASMAIA	ediana	trapped	-
*414.OVIS-	*414.OVIS-	S0000	ediana	sumerogram:(cult_object_related_to_sheep)	-
*/is-(ti)/	*/is-(ti)/	SISTI	ediana	to_sit	-
/mallidi-(ti)/, ma-li-ri-i-mi-	/malːiti-(ti)/, ma-li-ri-i-mi-	MALITITIMALIRIIMI	ediana	to_provide_with_honey	-
/wanatti(ya)-/, FEMINA-ti-, FEMINA	/wanatːi(ja)-/, FEMINA-ti-, FEMINA	WANATIYA000000TI000000	ediana	of_the_woman	-
*/tuwa-/	*/tuwa-/	STUWA	ediana	harvest	-
/usa-(i)?/, (“PES”)u-sa-	/usa-(i)?/, (“PES”)u-sa-	USAI000USA	ediana	to_lead_(here)	-
/sas(s)a-(i)/, (“*69”)sa-sa-	/sas(s)a-(i)/, (“*69”)sa-sa-	SASSAISSASA	ediana	to_release	-
/usal(i)-?/, (“*217”)u-sà-li5-	/usal(i)-?/, (“*217”)u-sà-li5-	USALISUSLI	ediana	thief	-
/sasalli(ya)-/	/sasalːi(ja)-/	SASALIYA	ediana	hunting_ground	-
/sas(a)-/, (“SIGILLUM”)sa-sa-	/sas(a)-/, (“SIGILLUM”)sa-sa-	SASA00000000SASA	ediana	seal	-
/zadi/, za-ti	/tsati/, tsa-ti	TSATITSATI	ediana	here	-
/za-/, za-	/tsa-/, tsa-	TSATSA	ediana	this	-
“*286”+ra/i-li-	“*286”+ra/i-li-	SRAILI	ediana	to_favour_(?)	-
*485-li-	*485-li-	SLI	ediana	(unknown)	-
/muwa-/, mu-wa-	/muwa-/, mu-wa-	MUWAMUWA	ediana	power_(?)	-
/muwa-(i)/, mu-wa/i-	/muwa-(i)/, mu-wa/i-	MUWAIMUWAI	ediana	to_control	-
/muwatalla/i-/, (FORTIS)mu-wa/i-ta-li-	/muwatalːa/i-/, (FORTIS)mu-wa/i-ta-li-	MUWATALAI000000MUWAITALI	ediana	mighty	-
/nimuwiyai(ya)-/, INFANS-mu-wa/i-ia-	/nimuwijai(ja)-/, INFANS-mu-wa/i-ia-	NIMUWIYAIYA000000MUWAIIA	ediana	filial	-
/muwida-/, (*642)mu-wa/i-tà-	/muwita-/, (*642)mu-wa/i-tà-	MUWITASMUWAIT	ediana	procreative_power_(?)	-
/awi-(di)/, PES-wa/i-	/awi-(ti)/, PES-wa/i-	AWITI000WAI	ediana	to_come	-
/zunni-(ti)/, (*466)zú-ní-	/tsunni-(ti)/, (*466)tsú-ní-	TSUNNITISTSN	ediana	to_put_right_(?)	-
/lala-(i)/, (“CAPERE”)la-la-	/lala-(i)/, (“CAPERE”)la-la-	LALAI000000LALA	ediana	to_take	-
/ada-/, ara/i	/ata-/, ara/i	ATAARAI	ediana	food	-
*/mallid-/	*/malːit-/	SMALIT	ediana	honey	-
“*300+MINUS”-i-	“*300+MINUS”-i-	S00000I	ediana	(unknown)	-
*317.CRUS2(-)pa-sa-	*317.CRUS2(-)pa-sa-	S0000PASA	ediana	sumerogram:(a_craft_or_item_that_requires_skill_to_produce)	-
*317-ni-	*317-ni-	SNI	ediana	(unknown)	-
*349(-)ara/i-ma-	*349(-)ara/i-ma-	SARAIMA	ediana	(unknown)	-
REX.INFANS	REX.INFANS	000000000	ediana	sumerogram:prince(ss)	-
/adantiwal(i)-/, ara/i-ti-wa/i-li-	/atantiwal(i)-/, ara/i-ti-wa/i-li-	ATANTIWALIARAITIWAILI	ediana	fat	-
/hirud-/, (“*476”)hi-ru-tà-	/xirut-/, (“*476”)xi-ru-tà-	KIRUTSKIRUT	ediana	curse	-
*236	*236	S	ediana	(a_type_of_building)	-
*235	*235	S	ediana	(a_type_of_building)	-
*234	*234	S	ediana	(a_type_of_building)	-
*263-tá-na-	*263-tá-na-	STNA	ediana	(unknown)	-
“*256”-tà-sá-	“*256”-tà-sá-	STS	ediana	(unknown)	-
*/hatt-/	*/xatː-/	SKAT	ediana	to_pierce	-
/hazzi-/, ha-zi-	/xatsːi-/, xa-tsi-	KATSIKATSI	ediana	to_engrave	-
/hazziwid-/, (*314)ha-zi-wa/i-	/xatsːiwit-/, (*314)xa-tsi-wa/i-	KATSIWITSKATSIWAI	ediana	rite	-
/hattast(ar)r(i)-/, (“*314”)ha-ta6-sá-tara/i-	/xatːast(ar)r(i)-/, (“*314”)xa-ta6-sá-tara/i-	KATASTARRISKATASTARAI	ediana	violence	-
/hah(h)atta-/, (“*218”)há-ha-ta-	/xax(x)atːa-/, (“*218”)xá-xa-ta-	KAKKATASKKATA	ediana	to_annihilate_(?)	-
/hah(h)attaiya-/, há-ha-ta-ia-	/xax(x)atːaija-/, xá-xa-ta-ia-	KAKKATAIYAKKATAIA	ediana	to_be_violent/destructive	-
/hattall(a)i-(di)/, (*274)ha-ta-li-	/xatːalː(a)i-(ti)/, (*274)xa-ta-li-	KATALAITISKATALI	ediana	to_smite	-
/hazz(a/i)nussa-(i)/, (“FLAMMAE”)ha-z[a/i]-nu-sà	/xatsː(a/i)nusːa-(i)/, (“FLAMMAE”)xa-ts[a/i]-nu-sà	KATSAINUSAI0000000KATSAINUS	ediana	(unknown)	-
*/harb(i)-/	*/xarp(i)-/	SKARPI	ediana	heap	-
/harba-/, (*219)ha+ra/i-pa-	/xarpa-/, (*219)xa+ra/i-pa-	KARPASKARAIPA	ediana	rebel_(?)	-
/aru-/, á-ru	/aru-/, á-ru	ARURU	ediana	highly	-
/=ha/, -ha	/=xa/, -xa	KAKA	ediana	and	-
*/sark-/	*/sark-/	SSARK	ediana	to_lift	-
/adun(i)-/, á-tu-ni-	/atun(i)-/, á-tu-ni-	ATUNITUNI	ediana	provisions_(?)	-
/asharimis-?/, á-sa-ha+ra/i-mi-sà	/asxarimis-?/, á-sa-xa+ra/i-mi-sà	ASKARIMISSAKARAIMIS	ediana	(blood)_sacrifice_(?)	-
/arrai(ya)-/, (“LONGUS”)a+ra/i-ia-	/arrai(ja)-/, (“LONGUS”)a+ra/i-ia-	ARRAIYA000000ARAIIA	ediana	long	-
/arrayasha-/, LONGUS-tà-ia-sa-ha-	/arrajasxa-/, LONGUS-tà-ia-sa-xa-	ARRAYASKA000000TIASAKA	ediana	length_(?)	-
*530-ma-	*530-ma-	SMA	ediana	(unknown)	-
*527-na-ta-	*527-na-ta-	SNATA	ediana	(unknown)	-
*523(-)a+ra/i-	*523(-)a+ra/i-	SARAI	ediana	(unknown)	-
*516	*516	S	ediana	(unknown)	-
/pasaya-/, pa-sa-iá-	/pasaja-/, pa-sa-iá-	PASAYAPASAI	ediana	to_press_down_(?)	-
/paya-/, (PES2.PES2)pa-ia-	/paja-/, (PES2.PES2)pa-ia-	PAYA000000PAIA	ediana	to_send_(?)	-
*/ib(a)-/	*/ip(a)-/	SIPA	ediana	(unknown)	-
MANUS-ru-	MANUS-ru-	00000RU	ediana	sumerogram:to_(mis)use_(?)	-
/im(ma)ni-(ti)/, (OCCIDENS)i-ma-ni-	/im(ma)ni-(ti)/, (OCCIDENS)i-ma-ni-	IMMANITI00000000IMANI	ediana	to_topple_(?)	-
/ibamizza(/i)-/, “OCCIDENS”-zi-	/ipamitsːa(/i)-/, “OCCIDENS”-tsi-	IPAMITSAI00000000TSI	ediana	western	-
/ibami(ya)-/, OCCIDENS-mi-	/ipami(ja)-/, OCCIDENS-mi-	IPAMIYA00000000MI	ediana	western	-
/ibam(i)-/, (“OCCIDENS”)i-pa-mi-	/ipam(i)-/, (“OCCIDENS”)i-pa-mi-	IPAMI00000000IPAMI	ediana	west	-
/azzu-/, á-zu-, EQUUS	/atsːu-/, á-tsu-, EQUUS	ATSUTSU00000	ediana	horse	-
/hanti(ya)-/, FRONS-ti-	/xanti(ja)-/, FRONS-ti-	KANTIYA00000TI	ediana	first	-
/kuKisad(i)-/, ku-ki-sà-ti-	/kuKisat(i)-/, ku-ki-sà-ti-	KU0ISATIKUKISTI	ediana	(an_occupation)	-
/huhurpa-/, (PUGNUSxPUGNUS)hu-hu+ra/i-pa-	/xuxurpa-/, (PUGNUSxPUGNUS)xu-xu+ra/i-pa-	KUKURPA000000K000000KUKURAIPA	ediana	to_hunt	-
/kaTin-?/, (“SCALPRUM”)ka-ti-na-	/kaTin-?/, (“SCALPRUM”)ka-ti-na-	KA0IN00000000KATINA	ediana	(a_dedicatory_object)	-
/attan(i)-/, COR-ni-	/atːan(i)-/, COR-ni-	ATANI000NI	ediana	soul	-
/attani(ya)-/, “COR”?-ni-	/atːani(ja)-/, “COR”?-ni-	ATANIYA000NI	ediana	of_soul	-
/azzali(ya)-/, á-za-li-	/atsːali(ja)-/, á-tsa-li-	ATSALIYATSALI	ediana	meal	-
/azzussattalla-/, ANIMAL.EQUUS-zú-sà-ta-la-	/atsːusːatːalːa-/, ANIMAL.EQUUS-tsú-sà-ta-la-	ATSUSATALA00000000000TSSTALA	ediana	to_ride_(on_horses)	-
/habadai(ya)-/, FLUMEN.REGIO-tà-i-	/xapatai(ja)-/, FLUMEN.REGIO-tà-i-	KAPATAIYA00000000000TI	ediana	pertaining_to_the_river-valley	-
/halarall(a)-?/, ha-la+ra/i-la	/xalaralː(a)-?/, xa-la+ra/i-la	KALARALAKALARAILA	ediana	animal_part?	-
/haniyatt(a)-/, (“MALUS2”)ha-ní-ia-ta-	/xanijatː(a)-/, (“MALUS2”)xa-ní-ia-ta-	KANIYATA00000KANIATA	ediana	bad_thing	-
/hantahid-/, “FRONS”-hi-ti	/xantaxit-/, “FRONS”-xi-ti	KANTAKIT00000KITI	ediana	pre-_eminence	-
/hantawattahid-/, REX-ta-hi-	/xantawatːaxit-/, REX-ta-xi-	KANTAWATAKIT000TAKI	ediana	kingdom	-
/hantawattura-/, MAGNUS.REX	/xantawatːura-/, MAGNUS.REX	KANTAWATURA000000000	ediana	great_king	-
/hantawatturi(ya)-/, MAGNUS.REX	/xantawatːuri(ja)-/, MAGNUS.REX	KANTAWATURIYA000000000	ediana	of_the_great_king	-
/hanti/, FRONS-ti	/xanti/, FRONS-ti	KANTI00000TI	ediana	against	-
/hantili/, FRONS-la/i/u	/xantili/, FRONS-la/i/u	KANTILI00000LAIU	ediana	most	-
/haristan(i)-/, (DOMUS.SUPER)ha+ra/i-sà-tá-ni-	/xaristan(i)-/, (DOMUS.SUPER)xa+ra/i-sà-tá-ni-	KARISTANI0000000000KARAISTNI	ediana	upper_floor	-
/hantil(i)-/, FRONS.LA/I/U-	/xantil(i)-/, FRONS.LA/I/U-	KANTILI000000000	ediana	foremost	-
/hasa-/, (LINGERE)ha-sa-, LINGERE-sa-	/xasa-/, (LINGERE)xa-sa-, LINGERE-sa-	KASA0000000KASA0000000SA	ediana	abundance	-
/hasi-/, (COR )ha-si-	/xasi-/, (COR )xa-si-	KASI000KASI	ediana	to_fulfill	-
/hawatt(i)-/, OVIS-ti-	/xawatː(i)-/, OVIS-ti-	KAWATI0000TI	ediana	sheep_(?)	-
/alant-/, LOCUS-la/i-za	/alant-/, LOCUS-la/i-tsa	ALANT00000LAITSA	ediana	place	-
/ammi(ya)-/, á-mi-	/ammi(ja)-/, á-mi-	AMMIYAMI	ediana	my	-
/aruwaru(wa)-(i)/, *261.PUGNUS-ru-	/aruwaru(wa)-(i)/, *261.PUGNUS-ru-	ARUWARUWAIS000000RU	ediana	to_erect_(?)	-
/assazza-(i)/, á-sa5-za-	/asːatsːa-(i)/, á-sa5-tsa-	ASATSAISATSA	ediana	to_speak	-
/attuwal-/, MALUS-la/i-	/atːuwal-/, MALUS-la/i-	ATUWAL00000LAI	ediana	evil	-
/hams(i)-/, (“INFANS.NEPOS”)ha-ma-si-	/xams(i)-/, (“INFANS.NEPOS”)xa-ma-si-	KAMSI00000000000KAMASI	ediana	grandson	-
/hudarlahid-/(?), SERVUS-	/xutarlaxit-/(?), SERVUS-	KUTARLAKIT000000	ediana	servant_(of_a_household)	-
/hudarlatt(i)-/, SERVUS-la/i-ti-	/xutarlatː(i)-/, SERVUS-la/i-ti-	KUTARLATI000000LAITI	ediana	subordinate_(?)	-
/huhurpali(ya)-/, hu-hu+ra/i-pa+ra/i-ia-	/xuxurpali(ja)-/, xu-xu+ra/i-pa+ra/i-ia-	KUKURPALIYAKUKURAIPARAIIA	ediana	person_in_charge_of_a_huhurpal	-
/hussallahid-/, (VIA)hu-sa-la-hi-tà-	/xusːalːaxit-/, (VIA)xu-sa-la-xi-tà-	KUSALAKIT000KUSALAKIT	ediana	readiness_to_run_(?)	-
/hwasatt(i)-/, hwa/i-sa-ti-	/xwasatː(i)-/, xwa/i-sa-ti-	KWASATIKWAISATI	ediana	sacred_stone_(?)	-
/hwihwissa-(i)/, hwa/i-hwa/i-sà-	/xwixwisːa-(i)/, xwa/i-xwa/i-sà-	KWIKWISAIKWAIKWAIS	ediana	to_run	-
/i(ya)ssa-(i)/, (“CONTRACTUS”)i-sa-	/i(ja)sːa-(i)/, (“CONTRACTUS”)i-sa-	IYASAI0000000000ISA	ediana	to_buy	-
/ikkara(/i)-/, (PUGNUS+PUGNUS)i-ka+ra/i-	/ikːara(/i)-/, (PUGNUS+PUGNUS)i-ka+ra/i-	IKARAI000000000000IKARAI	ediana	peasant_(?)	-
/isnu(wa)-(i)/, (SOLIUM)i-sà-nu-wa/i-	/isnu(wa)-(i)/, (SOLIUM)i-sà-nu-wa/i-	ISNUWAI000000ISNUWAI	ediana	to_seat	-
/kalmarattahid-/, (“CUBITUM”)ka+ra/i-mara/i-ta-hi-	/kalmaratːaxit-/, (“CUBITUM”)ka+ra/i-mara/i-ta-xi-	KALMARATAKIT0000000KARAIMARAITAKI	ediana	protection(?)	-
/kaluna-/, (*255/256)ka-lu/a/i-na-	/kaluna-/, (*255/256)ka-lu/a/i-na-	KALUNASKALUAINA	ediana	granary	-
/kuttass(a)r(i)-/, (“SCALPRUM”)ku-ta-sa5+ra/i-	/kutːasː(a)r(i)-/, (“SCALPRUM”)ku-ta-sa5+ra/i-	KUTASARI00000000KUTASARAI	ediana	orthostat	-
/kuttassari-/, SCALPRUM-sa5+ra/i-	/kutːasːari-/, SCALPRUM-sa5+ra/i-	KUTASARI00000000SARAI	ediana	to_furnish_(with)_(an)_orthostat(s)	-
/kwarissamm(i)-?/, kwa/i-ti-sà-mi-	/kwarisːamm(i)-?/, kwa/i-ti-sà-mi-	KWARISAMMIKWAITISMI	ediana	(some_type_of_defensive_armour?)	-
/kwitta/, kwa/i-i-ta	/kwitːa/, kwa/i-i-ta	KWITAKWAIITA	ediana	where	-
/lalhiliya-/, la+ra/i-hi-ri+i-ia-	/lalxilija-/, la+ra/i-xi-ri+i-ia-	LALKILIYALARAIKIRIIIA	ediana	anxiety_(?)	-
/lapta-?/, la-pa-ta-	/lapta-?/, la-pa-ta-	LAPTALAPATA	ediana	(parts_of_stone_installation)	-
/malwa/, ma-lu-wa/i	/malwa/, ma-lu-wa/i	MALWAMALUWAI	ediana	(unknown)	-
/man/, ma-na	/man/, ma-na	MANMANA	ediana	much	-
/abadi/, á-pa-ti	/apati/, á-pa-ti	APATIPATI	ediana	there	-
/abin/, *a-pi-[na]	/apin/, *a-pi-[na]	APINSAPINA	ediana	on_that_side	-
“LONGUS”-zi-	“LONGUS”-tsi-	000000TSI	ediana	funeral_(?)	-
/patta-/	/patːa-/	PATA	ediana	to_drink	-
/pazza-(i)/, pa-za-	/patsːa-(i)/, pa-tsa-	PATSAIPATSA	ediana	to_begin_to_drink_(?)	-
/parh(a)-/, (PES2)FUGARE+RA/I-	/parx(a)-/, (PES2)FUGARE+RA/I-	PARKA000000000000	ediana	to_drive	-
/sah(i)-/, sa-hi-	/sax(i)-/, sa-xi-	SAKISAKI	ediana	generation	-
*463.*398	*463.*398	SS	ediana	field_master_(?)	-
/saharzaT(i)-/, sa5-ha+ra/i-zá-ti-	/saxartsaT(i)-/, sa5-xa+ra/i-tsá-ti-	SAKARTSA0ISAKARAITSTI	ediana	(unknown)	-
/isarwil(i)-/, (“BRACCHIUM”)i-sa5+ra/i-wa/i-li-	/isarwil(i)-/, (“BRACCHIUM”)i-sa5+ra/i-wa/i-li-	ISARWILI00000H000ISARAIWAILI	ediana	right_(hand)	-
/mannawasunad(i)-/, ma-na-wa/i-su-na-	/mannawasunat(i)-/, ma-na-wa/i-su-na-	MANNAWASUNATIMANAWAISUNA	ediana	fertilisation_(?)	-
/manuhha/, ma-nu-ha	/manuxːa/, ma-nu-xa	MANUKAMANUKA	ediana	in_any_way	-
/mar(al)larV-/, mara/i-la+ra/i-	/mar(al)larV-/, mara/i-la+ra/i-	MARALLAR0MARAILARAI	ediana	(unknown)	-
/maratta-/, mara/i-ta-, LOQUI	/maratːa-/, mara/i-ta-, LOQUI	MARATAMARAITA00000	ediana	order	-
/maraT(i)-/, ma-ra+a-ti-	/maraT(i)-/, ma-ra+a-ti-	MARA0IMARAATI	ediana	order	-
/mana-/, (“SCALPRUM”)ma-na-	/mana-/, (“SCALPRUM”)ma-na-	MANA00000000MANA	ediana	mina	-
/marnu(wa)-(i)/, (“DELERE”)mara/i-nu-wa/i-	/marnu(wa)-(i)/, (“DELERE”)mara/i-nu-wa/i-	MARNUWAI000000MARAINUWAI	ediana	to_cause_to_disappear	-
/mila-/, (*187.ZÚ)mi-la-	/mila-/, (*187.ZÚ)mi-la-	MILAS0MILA	ediana	(a_commodity?)	-
/mugissar/, mu-ki-SUPER+ra/i	/mukisːar/, mu-ki-SUPER+ra/i	MUKISARMUKI00000RAI	ediana	invocation_ritual	-
/muHa-/, mu-ha-	/muHa-/, mu-xa-	MUHAMUKA	ediana	(unknown)	-
/musnuwant(i)-/, mu-sa-nu-wa/i-ti-	/musnuwant(i)-/, mu-sa-nu-wa/i-ti-	MUSNUWANTIMUSANUWAITI	ediana	lavishly_providing	-
/naba/, NEG2-pa	/napa/, NEG2-pa	NAPA000PA	ediana	or	-
/naha/, NEG2-ha	/naxa/, NEG2-xa	NAKA000KA	ediana	neither	-
/nann(i)-/, (DOMINUS)na-ni-i-	/nann(i)-/, (DOMINUS)na-ni-i-	NANNI0000000NANII	ediana	master	-
/niya-/, DOMINUS-ia-	/nija-/, DOMINUS-ia-	NIYA0000000IA	ediana	lord	-
/niyazza-(i)/, (CRUS+CRUS)ni-za-	/nijatsːa-(i)/, (CRUS+CRUS)ni-tsa-	NIYATSAI00000000NITSA	ediana	to_pass_on	-
/nimuwizza-/, (INFANS)ni-mu-wa/i-za-	/nimuwitsːa-/, (INFANS)ni-mu-wa/i-tsa-	NIMUWITSA000000NIMUWAITSA	ediana	son	-
/nisba/, NEG3-sa-pa	/nispa/, NEG3-sa-pa	NISPA000SAPA	ediana	or	-
/niwarann(i)-/, (INFANS)ni-wa/i+ra/i-ni-	/niwarann(i)-/, (INFANS)ni-wa/i+ra/i-ni-	NIWARANNI000000NIWAIRAINI	ediana	child	-
/nu(wa)tt(i)-/, 9-ti-	/nu(wa)tː(i)-/, 9-ti-	NUWATITI	ediana	ninth	-
/nuwi(ya)-/, “9”-wa/i-i-	/nuwi(ja)-/, “9”-wa/i-i-	NUWIYAWAII	ediana	a_ninth	-
/pariya-?/, pa+ra/i-ia-	/parija-?/, pa+ra/i-ia-	PARIYAPARAIIA	ediana	(unknown)	-
/parzin(n)a-/, pa+ra/i-zi-na-	/partsin(n)a-/, pa+ra/i-tsi-na-	PARTSINNAPARAITSINA	ediana	(unknown)	-
/salhant-/, (“LIGNUM”)sà-la-ha-	/salxant-/, (“LIGNUM”)sà-la-xa-	SALKANT000000SLAKA	ediana	greatness_(?)	-
/punad(i)-/, OMNIS2-ti-	/punat(i)-/, OMNIS2-ti-	PUNATI00000TI	ediana	all	-
/salumas(s)a-/, (HORDEUM)sà-la/i/u-ma-sa-	/salumas(s)a-/, (HORDEUM)sà-la/i/u-ma-sa-	SALUMASSAH000000SLAIUMASA	ediana	(unknown)	-
/s(a)muruwa-/, sà-mu-ru-wa/i-	/s(a)muruwa-/, sà-mu-ru-wa/i-	SAMURUWASMURUWAI	ediana	(unknown)	-
/sann(a)i-(di)/, (SA4)sa-ni-	/sann(a)i-(ti)/, (SA4)sa-ni-	SANNAITI00SANI	ediana	to_cover_(?)	-
/san(n)awi-/, sa-na-wa/i-	/san(n)awi-/, sa-na-wa/i-	SANNAWISANAWAI	ediana	good(ness)	-
/san(n)utta-/, (“FEMINA”)sà-nu-ta-	/san(n)utːa-/, (“FEMINA”)sà-nu-ta-	SANNUTA000000SNUTA	ediana	(unknown)	-
/saplalli(ya)-/, sá-pa-la/i-li-	/saplalːi(ja)-/, sá-pa-la/i-li-	SAPLALIYASPALAILI	ediana	ancestral_(?)	-
/sar(i)-/, sara/i-	/sar(i)-/, sara/i-	SARISARAI	ediana	(unknown)	-
/sarkunalla-/, sa5+ra/i-ku-na-la-	/sarkunalːa-/, sa5+ra/i-ku-na-la-	SARKUNALASARAIKUNALA	ediana	shoe_maker_(?)	-
/sarnu(wa)-(i)/, (FLAMMAE)sa5+ra/i-nu-wa/i-	/sarnu(wa)-(i)/, (FLAMMAE)sa5+ra/i-nu-wa/i-	SARNUWAI0000000SARAINUWAI	ediana	to_burn	-
/sti-?/, (PONERE)sà-ti-	/sti-?/, (PONERE)sà-ti-	STI000000STI	ediana	to_put_aside(?)	-
/stinu(wa)-(i)/, (PONERE)sà-ti-nu-	/stinu(wa)-(i)/, (PONERE)sà-ti-nu-	STINUWAI000000STINU	ediana	to_cause_to_be_put_aside(?)	-
/sturn(a)-?/, su-tu+ra/i-	/sturn(a)-?/, su-tu+ra/i-	STURNASUTURAI	ediana	(a_piece_from_an_animal_sacrifice?)	-
/sukkalla-/, (LIGNUM)su-ka-la-	/sukːalːa-/, (LIGNUM)su-ka-la-	SUKALA000000SUKALA	ediana	vizier	-
/sun(n)as(sa)-/, su-na-sa-	/sun(n)as(sa)-/, su-na-sa-	SUNNASSASUNASA	ediana	fullness	-
/suppatt(i)-/, (“BOS”)su-pa-ti-	/supːatː(i)-/, (“BOS”)su-pa-ti-	SUPATI000SUPATI	ediana	(animal_offering)	-
/suraTi(ya)-/, CORNU+RA/I-ti-	/suraTi(ja)-/, CORNU+RA/I-ti-	SURA0IYA00000000TI	ediana	satiated	-
/sur(i)-/, (CORNU+RA/I)su+ra/i-	/sur(i)-/, (CORNU+RA/I)su+ra/i-	SURI00000000SURAI	ediana	abundance	-
/susu(wa)-/, su-su-	/susu(wa)-/, su-su-	SUSUWASUSU	ediana	to_fill_(habitually?)	-
/suTir(i)-/, su-ti-ri+i-	/suTir(i)-/, su-ti-ri+i-	SU0IRISUTIRII	ediana	greed(?)_(vel_sim.)	-
/su(wa)hid-/, (MANUS)su-hi-	/su(wa)xit-/, (MANUS)su-xi-	SUWAKIT00000SUKI	ediana	completeness	-
/tabisa-/, CAELUM.PI	/tapisa-/, CAELUM.PI	TAPISA00000000	ediana	cup	-
/tamaduna-/, ta-ma-ru-na-	/tamatuna-/, ta-ma-ru-na-	TAMATUNATAMARUNA	ediana	(unknown)	-
/tanima/i-/, ta-ni-ma-	/tanima/i-/, ta-ni-ma-	TANIMAITANIMA	ediana	all	-
/tarrawann(i)-/, (“IUSTITIA”)tara/i-wa/i-ni-	/tarrawann(i)-/, (“IUSTITIA”)tara/i-wa/i-ni-	TARRAWANNI00000000TARAIWAINI	ediana	just	-
/tarkasna-/, ASINUS.ANIMAL-na-	/tarkasna-/, ASINUS.ANIMAL-na-	TARKASNA000000000000NA	ediana	donkey	-
/tarkasni(ya)-/, (“ASINUS”)tara/i-ka-sa-ni-ia-	/tarkasni(ja)-/, (“ASINUS”)tara/i-ka-sa-ni-ia-	TARKASNIYA000000TARAIKASANIIA	ediana	equid	-
/tarkasni(ya)-/, ASINUS(ANIMAL)	/tarkasni(ja)-/, ASINUS(ANIMAL)	TARKASNIYA000000000000	ediana	homer_(unit_of_weight)	-
/tarud-/, (STATUA)ta-ru-	/tarut-/, (STATUA)ta-ru-	TARUT000000TARU	ediana	wood	-
/tarrawanna(/i)-/, (IUSTITIA)tara/i-wa/i-ni-	/tarrawanna(/i)-/, (IUSTITIA)tara/i-wa/i-ni-	TARRAWANNAI00000000TARAIWAINI	ediana	justice	-
/tawast(i)-?/, ta-wa/i-sà-ta-, COR	/tawast(i)-?/, ta-wa/i-sà-ta-, COR	TAWASTITAWAISTA000	ediana	a_negative_condition	-
/taskwar(i)-/, (“TERRA”)ta-sà-kwa/i+ra/i-	/taskwar(i)-/, (“TERRA”)ta-sà-kwa/i+ra/i-	TASKWARI00000TASKWAIRAI	ediana	land	-
/tawiyan(ni)/, ta-wa/i-ia-na , VERSUS-ia-ni	/tawijan(ni)/, ta-wa/i-ia-na , VERSUS-ia-ni	TAWIYANNITAWAIIANA000000IANI	ediana	toward	-
/tub(a)i-(di)/, tu-pi-, *273-pi-	/tup(a)i-(ti)/, tu-pi-, *273-pi-	TUPAITITUPISPI	ediana	to_strike_repeatedly	-
/tubas(s)adi/, tù-pa-sa6-	/tupas(s)ati/, tù-pa-sa6-	TUPASSATITPASA	ediana	battle	-
/tummanti-(ti)/, AUDIRE+MI-ti-	/tummanti-(ti)/, AUDIRE+MI-ti-	TUMMANTITI00000000TI	ediana	to_hear	-
/tuppalalliya-/, SCRIBA-la-ia-	/tupːalalːija-/, SCRIBA-la-ia-	TUPALALIYA000000LAIA	ediana	writing	-
/tiPas-/, (“CAELUM”)ti-pa-sá	/tiPas-/, (“CAELUM”)ti-pa-sá	TI0AS000000TIPAS	ediana	sky	-
/Tiwad-/, (DEUS)SOL-wa/i-	/Tiwat-/, (DEUS)SOL-wa/i-	0IWAT0000000WAI	ediana	sun-god	-
/turuPi?/, tu-ru-pi	/turuPi?/, tu-ru-pi	TURU0ITURUPI	ediana	(volume_measure_term)	-
/turuza?/, tu-ru-za	/turutsa?/, tu-ru-tsa	TURUTSATURUTSA	ediana	(volume_measure_term)	-
/tuppala-/ SCRIBA-la-	/tupːala-/ SCRIBA-la-	TUPALA000000LA	ediana	scribe	-
/turp(i)-/, (PANIS)tú+ra/i-pi-	/turp(i)-/, (PANIS)tú+ra/i-pi-	TURPI00000TRAIPI	ediana	bread	-
/una-/, (BIBERE)u-na-sa	/una-/, (BIBERE)u-na-sa	UNA000000UNASA	ediana	drinking	-
/ussalli(ya)-/, (“ANNUS”)u-sa-li-	/usːalːi(ja)-/, (“ANNUS”)u-sa-li-	USALIYA00000USALI	ediana	annual	-
/usuttari-/, (BONUS)u-su-tara/i-	/usutːari-/, (BONUS)u-su-tara/i-	USUTARI00000USUTARAI	ediana	to_improve	-
/kuman/, ku-ma-na	/kuman/, ku-ma-na	KUMANKUMANA	ediana	when	-
/uzzaKall(i)-/, u-za-ka-li-	/utsːaKalː(i)-/, u-tsa-ka-li-	UTSA0ALIUTSAKALI	ediana	(an_occupation)	-
/wadiya-/, wa/i-ti-ia-	/watija-/, wa/i-ti-ia-	WATIYAWAITIIA	ediana	(unknown)	-
wa/i-*336-nu-wa/i-	wa/i-*336-nu-wa/i-	WAISNUWAI	ediana	(unknown)	-
/wala/, wa/i-la	/wala/, wa/i-la	WALAWAILA	ediana	fatally	-
/walliyawant(i)-/, wa/i-li-ia-wa/i-ti-	/walːijawant(i)-/, wa/i-li-ia-wa/i-ti-	WALIYAWANTIWAILIIAWAITI	ediana	equipped_with_elevation_(?)	-
/walliyanu(wa)-(i)/, (BONUS)wa/i-li-ia-nú-wa/i-	/walːijanu(wa)-(i)/, (BONUS)wa/i-li-ia-nú-wa/i-	WALIYANUWAI00000WAILIIANWAI	ediana	to_raise	-
*/siya-(i)/, */sasa-(i)/	*/sija-(i)/, */sasa-(i)/	SSIYAISSASAI	ediana	to_impress	-
/wanid-/, (“STELE”)wa/i-ni-	/wanit-/, (“STELE”)wa/i-ni-	WANIT00000WAINI	ediana	stele	-
*/wass-/	*/wasː-/	SWAS	ediana	to_wear	-
/wass-/, (BONUS)wa/i-sa-	/wasː-/, (BONUS)wa/i-sa-	WAS00000WAISA	ediana	to_be_dear	-
/warall(a)i-(di)/, wa/i+ra/i-li-	/waralː(a)i-(ti)/, wa/i+ra/i-li-	WARALAITIWAIRAILI	ediana	to_adopt	-
/wassar-/, (BONUS)wa/i-sa5+ra/i-	/wasːar-/, (BONUS)wa/i-sa5+ra/i-	WASAR00000WAISARAI	ediana	favour	-
/wattani(ya)-/, REGIO-ni-ia-	/watːani(ja)-/, REGIO-ni-ia-	WATANIYA00000NIIA	ediana	country	-
/wawali-(ti)/, wa/i-wa/i-+ra/i-	/wawali-(ti)/, wa/i-wa/i-+ra/i-	WAWALITIWAIWAIRAI	ediana	to_be_ill	-
/zam(m)arni-?/, (VIR2)za-mara/i-ní-	/tsam(m)arni-?/, (VIR2)tsa-mara/i-ní-	TSAMMARNI000TSAMARAIN	ediana	(unknown)	-
/za(n)tal(l)i-/, za-CRUS+RA/I-	/tsa(n)tal(l)i-/, tsa-CRUS+RA/I-	TSANTALLITSA0000000	ediana	(unknown)	-
/zara/iwa/iya-?/, za+ra/i-wa/i-ia-	/tsara/iwa/ija-?/, tsa+ra/i-wa/i-ia-	TSARAIWAIYATSARAIWAIIA	ediana	(unknown)	-
/zarti-(ti)/, (COR)za+ra/i-ti-	/tsarti-(ti)/, (COR)tsa+ra/i-ti-	TSARTITI000TSARAITI	ediana	to_wish	-
/zartiya-/, (COR)za+ra/i-ti-ia-	/tsartija-/, (COR)tsa+ra/i-ti-ia-	TSARTIYA000TSARAITIIA	ediana	wish	-
/zidiyad(i)-/, VIR-ti-ia-ti-	/tsitijat(i)-/, VIR-ti-ia-ti-	TSITIYATI000TIIATI	ediana	male	-
/zidiyadiya-/, VIR-ti-ia-ti-ia	/tsitijatija-/, VIR-ti-ia-ti-ia	TSITIYATIYA000TIIATIIA	ediana	masculinity	-
/zila/, zi-la	/tsila/, tsi-la	TSILATSILA	ediana	then	-
/ziPattann(i)-?/, zi-pa-ta-ní-	/tsiPatːann(i)-?/, tsi-pa-ta-ní-	TSI0ATANNITSIPATAN	ediana	volume_measure_term_/_tool	-
/zuP-/, zú-pu-	/tsuP-/, tsú-pu-	TSU0TSPU	ediana	(unknown)	-
ARIES-ni-	ARIES-ni-	00000NI	ediana	sumerogram:ram_(?)	-
BOS(ANIMAL)-	BOS(ANIMAL)-	000000000	ediana	sumerogram:(unknown)	-
DEUS.DOMUS(-)ha-tà-	DEUS.DOMUS(-)xa-tà-	000000000KAT	ediana	sumerogram:temple	-
FORTIS.CRUS	FORTIS.CRUS	0000000000	ediana	sumerogram:to_resist_(?)	-
FORTIS-si	FORTIS-si	000000SI	ediana	sumerogram:(unknown)	-
“LOQUI”-da-	“LOQUI”-ta-	00000TA	ediana	(word_of_speaking)	-
PONERE2.PONERE2-	PONERE2.PONERE2-	000000000000	ediana	sumerogram:(unknown)	-
SCRIBA-na-x-	SCRIBA-na-x-	000000NAK	ediana	sumerogram:(unknown)	-
SCRIBA+RA/I-	SCRIBA+RA/I-	000000000	ediana	sumerogram:(unknown)	-
SCRIBA+RA/I-wa/i-ma-	SCRIBA+RA/I-wa/i-ma-	000000000WAIMA	ediana	sumerogram:(unknown)	-
SERVUS-l[a/i]-i-wa/i-	SERVUS-l[a/i]-i-wa/i-	000000LAIIWAI	ediana	sumerogram:(unknown)	-
SERVUS-wa/i-	SERVUS-wa/i-	000000WAI	ediana	sumerogram:slavery_(?)	-
URBS(-)hu-tá-ni-	URBS(-)xu-tá-ni-	0000KUTNI	ediana	sumerogram:village	-
URBS+MI-ni-	URBS+MI-ni-	000000NI	ediana	sumerogram:town	-
VIR-tà-x-tá	VIR-tà-x-tá	000TKT	ediana	sumerogram:(unknown)	-
“*370”-sa-li-	“*370”-sa-li-	SSALI	ediana	(unknown)	-
*406+ra/i-	*406+ra/i-	SRAI	ediana	(unknown)	-
/hasp(i)-/, ha-sà-pi-	/xasp(i)-/, xa-sà-pi-	KASPIKASPI	ediana	(unknown)	-
*398-ha-(ti-)	*398-xa-(ti-)	SKATI	ediana	(unknown)	-
*455-li-ia-	*455-li-ia-	SLIIA	ediana	(unknown)	-
*480-ia-	*480-ia-	SIA	ediana	(to_cause_pain_or_worry_?)	-
*469-	*469-	S	ediana	(unknown)	-
/sitta(r)-/, (“FUSUS”)si-tara/i-	/sitːa(r)-/, (“FUSUS”)si-tara/i-	SITAR00000SITARAI	ediana	spindle	-
*509	*509	S	ediana	captive	-
/kumabi/, ku-ma-pi	/kumapi/, ku-ma-pi	KUMAPIKUMAPI	ediana	together_with	-
/halli(ya)-/, (“DIES”)ha-li-ia-	/xalːi(ja)-/, (“DIES”)xa-li-ia-	KALIYA0000KALIIA	ediana	day	-
/hilan-/, PORTA-la-na-	/xilan-/, PORTA-la-na-	KILAN00000LANA	ediana	gate	-
/hilamm(a)-/, PORTA-mi	/xilamm(a)-/, PORTA-mi	KILAMMA00000MI	ediana	court(yard)_(?)	-
*286-na-	*286-na-	SNA	ediana	(unknown)	-
/walilid-/, (TERRA+LA+LA)wa/i-li-li-tà-	/walilit-/, (TERRA+LA+LA)wa/i-li-li-tà-	WALILIT000000000WAILILIT	ediana	territory	-
/wanatt(i)-/, FEMINA-na-ti-	/wanatː(i)-/, FEMINA-na-ti-	WANATI000000NATI	ediana	wife	-
*/ha-/	*/xa-/	SKA	ediana	to_be_warm	-
*484	*484	S	ediana	(unknown)	-
/hadastramma-/, ha-tà-sà-tara/i-ma-	/xatastramma-/, xa-tà-sà-tara/i-ma-	KATASTRAMMAKATSTARAIMA	ediana	vitality_(?)	-
/had(a)ri(ya)-/, ha-IUSTITIA-i-	/xat(a)ri(ja)-/, xa-IUSTITIA-i-	KATARIYAKA00000000I	ediana	alive	-
/had(a)r(i)-/, ha-IUSTITIA+RA/I-	/xat(a)r(i)-/, xa-IUSTITIA+RA/I-	KATARIKA00000000000	ediana	life	-
/marattam(i)-/, mara/i-ta-mi-	/maratːam(i)-/, mara/i-ta-mi-	MARATAMIMARAITAMI	ediana	(a_title)(?)	-
/hattulalla-/, ha-tu+ra/i-la-	/xatːulalːa-/, xa-tu+ra/i-la-	KATULALAKATURAILA	ediana	(related_to_health)(?)	-
/hattula-/, ha-tu-ra+a	/xatːula-/, xa-tu-ra+a	KATULAKATURAA	ediana	health	-
/saPisura-/, sa-pi-su+ra/i-	/saPisura-/, sa-pi-su+ra/i-	SA0ISURASAPISURAI	ediana	health	-
/saPisara(/i)-/, sa-pi-sá-lá/í-	/saPisara(/i)-/, sa-pi-sá-lá/í-	SA0ISARAISAPISL	ediana	health	-
*507	*507	S	ediana	to_be_successful_(?)	-
*476.*311	*476.*311	SS	ediana	tear_(?)	-
*513-tà-nú-	*513-tà-nú-	STN	ediana	(unknown)	-
/izzitta-/, i(a)-za/i-tá-	/itsːitːa-/, i(a)-tsa/i-tá-	ITSITAIATSAIT	ediana	celebration	-
/izzi(ya)di(ya)-/, i-zi-i-ia-ti-	/itsːi(ja)ti(ja)-/, i-tsi-i-ia-ti-	ITSIYATIYAITSIIIATI	ediana	offering	-
/izziyad(ar)ra-/, i-zi-i-ia-tara/i-	/itsːijat(ar)ra-/, i-tsi-i-ia-tara/i-	ITSIYATARRAITSIIIATARAI	ediana	offering	-
/izziyassa-(i)/, i-zi-ia-sa-	/itsːijasːa-(i)/, i-tsi-ia-sa-	ITSIYASAIITSIIASA	ediana	to_be_reverent_(?)	-
/izzista-/, i-zi-i-sa-ta-	/itsːista-/, i-tsi-i-sa-ta-	ITSISTAITSIISATA	ediana	honour	-
/izziyana-/, i-zi-ia-na-	/itsːijana-/, i-tsi-ia-na-	ITSIYANAITSIIANA	ediana	rite	-
/izzista-(i)/, i-zi-i-sa-ta-	/itsːista-(i)/, i-tsi-i-sa-ta-	ITSISTAIITSIISATA	ediana	to_honour	-
/izzi(ya)-(di)/, i-zi-ia-	/itsːi(ja)-(ti)/, i-tsi-ia-	ITSIYATIITSIIA	ediana	to_make	-
*/harra-(i)/	*/xarra-(i)/	SKARRAI	ediana	to_crush	-
/harralla/i-/, (“*272”)hara/i-li-	/xarralːa/i-/, (“*272”)xara/i-li-	KARRALAISKARAILI	ediana	(a_type_of_weapon)	-
/harra(/i)-/, (“VITIS”)há+ra/i-	/xarra(/i)-/, (“VITIS”)xá+ra/i-	KARRAI00000KRAI	ediana	crushing	-
/har(rat)t(i)-/, (“*272”)ha+ra/i-ti-	/xar(rat)t(i)-/, (“*272”)xa+ra/i-ti-	KARRATTISKARAITI	ediana	sword_(?)	-
/h(ar)ra-(di)/, ha+ra/i-	/x(ar)ra-(ti)/, xa+ra/i-	KARRATIKARAI	ediana	to_crush	-
/harattutta-/, (“MALUS”)ha+ra/i-tú-tá	/xaratːutːa-/, (“MALUS”)xa+ra/i-tú-tá	KARATUTA00000KARAITT	ediana	affliction	-
/haratta-/, ha+ra/i-ta-	/xaratːa-/, xa+ra/i-ta-	KARATAKARAITA	ediana	(matter_of)_prosecution_(?)	-
/hurnalla/i-/, hú+ra/i-na-li-	/xurnalːa/i-/, xú+ra/i-na-li-	KURNALAIKRAINALI	ediana	hunter	-
*521	*521	S	ediana	(unknown)	-
*520	*520	S	ediana	(unknown)	-
*519	*519	S	ediana	(uknown)	-
*518	*518	S	ediana	(unknown)	-
/irh(i)-/, (FINES)i+ra/i-há-	/irx(i)-/, (FINES)i+ra/i-xá-	IRKI00000IRAIK	ediana	border	-
/huhurpal-/, (“LIGNUM”)hu-hú+ra/i-pa-li	/xuxurpal-/, (“LIGNUM”)xu-xú+ra/i-pa-li	KUKURPAL000000KUKRAIPALI	ediana	(unknown)	-
*517	*517	S	ediana	(unknown)	-
*502.*300	*502.*300	SS	ediana	(to_be_defeated)(?)	-
“*476”-wa/i	“*476”-wa/i	SWAI	ediana	(negative_condition)	-
*/tarkw-/	*/tarkw-/	STARKW	ediana	to_turn	-
/tarza-/, (PES2.PES)tara/i-za-	/tartsa-/, (PES2.PES)tara/i-tsa-	TARTSA000000TARAITSA	ediana	to_turn_(oneself)	-
/tarzi-/, (PES2)tara/i-zi-	/tartsi-/, (PES2)tara/i-tsi-	TARTSI000TARAITSI	ediana	to_have_access_to_(?)	-
/tarkummam(i)-/, tara/i-ku-ma-mi-	/tarkummam(i)-/, tara/i-ku-ma-mi-	TARKUMMAMITARAIKUMAMI	ediana	interpreter	-
/katt(i)-/, ka-ti-i-	/katː(i)-/, ka-ti-i-	KATIKATII	ediana	hostility_(?)	-
/kattun(i)-/, (“*314”)ka-tú-na-	/katːun(i)-/, (“*314”)ka-tú-na-	KATUNISKATNA	ediana	weapon	-
/wiyani(ya)-/, wa/i-ia-ni-	/wijani(ja)-/, wa/i-ia-ni-	WIYANIYAWAIIANI	ediana	vine	-
*/wiyan(i)-/	*/wijan(i)-/	SWIYANI	ediana	wine	-
/hummad(i)-/, (“PODIUM”)hu-ma-ti-	/xummat(i)-/, (“PODIUM”)xu-ma-ti-	KUMMATI000000KUMATI	ediana	precinct_(?)	-
*/humma-/	*/xumma-/	SKUMMA	ediana	pigsty	-
/humid-/, (BRACCHIUM)hu-mi+ra/i-	/xumit-/, (BRACCHIUM)xu-mi+ra/i-	KUMIT00000H000KUMIRAI	ediana	arm	-
BRACCHIUM-˹la/i/u˺-sa-	BRACCHIUM-˹la/i/u˺-sa-	00000H000LAIUSA	ediana	sumerogram:(unknown)	-
[“BRA]CCHIUM?”-li-	[“BRA]CCHIUM?”-li-	00000H000LI	ediana	(unknown)	-
*/traw-/	*/traw-/	STRAW	ediana	to_hand_over	-
*512-	*512-	S	ediana	(unknown)	-
*510-ti	*510-ti	STI	ediana	in_full_measure_(?)	-
/trawi-(ti)/, (LITUUS)tara/i-wa/i-i-	/trawi-(ti)/, (LITUUS)tara/i-wa/i-i-	TRAWITI000000TARAIWAII	ediana	to_hand_over	-
*/lal(i)-/	*/lal(i)-/	SLALI	ediana	tongue	-
/ura/i-/, MAGNUS+ra/i-	/ura/i-/, MAGNUS+ra/i-	URAI000000RAI	ediana	great	-
/labarna-/, IUSTITIA.LA	/laparna-/, IUSTITIA.LA	LAPARNA0000000000	ediana	(title)	-
/tabariyalla/i-/, LEPUS2+ra/i-ia-li-	/taparijalːa/i-/, LEPUS2+ra/i-ia-li-	TAPARIYALAI00000RAIIALI	ediana	governor	-
/tabariya-/, LEPUS+ra/i-ia-	/taparija-/, LEPUS+ra/i-ia-	TAPARIYA00000RAIIA	ediana	command	-
/tabariyalli(ya)-/, LEPUS+ra/i-ia-li-	/taparijalːi(ja)-/, LEPUS+ra/i-ia-li-	TAPARIYALIYA00000RAIIALI	ediana	gubernatorial	-
/tabariyalla-(ti)/, LEPUS+ra/i-ia-la-	/taparijalːa-(ti)/, LEPUS+ra/i-ia-la-	TAPARIYALATI00000RAIIALA	ediana	to_make_into_a_commander	-
/tabariya-(ti)/, (“LIGNUM”)LEPUS+ra/i-ia-	/taparija-(ti)/, (“LIGNUM”)LEPUS+ra/i-ia-	TAPARIYATI00000000000RAIIA	ediana	to_decree	-
/tabarahid-/, LEPUS2-pa+ra/i-hi-	/taparaxit-/, LEPUS2-pa+ra/i-xi-	TAPARAKIT00000PARAIKI	ediana	command	-
/tabar(it)ta-/, LEPUS+RA/I-ta-	/tapar(it)ta-/, LEPUS+RA/I-ta-	TAPARITTA00000000TA	ediana	authority	-
/saman-/, sà-ma-	/saman-/, sà-ma-	SAMANSMA	ediana	compact_(?)	-
/samni-/, sa-ma-ni-	/samni-/, sa-ma-ni-	SAMNISAMANI	ediana	to_create	-
/pu-(di)/, (VIA.PUGNUS)pu-	/pu-(ti)/, (VIA.PUGNUS)pu-	PUTI000000000PU	ediana	to_lift	-
*/pu-(di)/	*/pu-(ti)/	SPUTI	ediana	to_engrave	-
/puballi-(ti)/, pu-pa-li-	/pupalːi-(ti)/, pu-pa-li-	PUPALITIPUPALI	ediana	to_write	-
/puballa-(ti)/	/pupalːa-(ti)/	PUPALATI	ediana	to_write	-
/urazza-/, MAGNUS+ra/i-za-	/uratsːa-/, MAGNUS+ra/i-tsa-	URATSA000000RAITSA	ediana	chief	-
*/hwid-/	*/xwit-/	SKWIT	ediana	to_live	-
/wiyani-(ti)/, wa/i-ia-ni-	/wijani-(ti)/, wa/i-ia-ni-	WIYANITIWAIIANI	ediana	to_send_(?)	-
/sarl(a)i-(di)/, (LIBARE)sa5+ra/i-la-	/sarl(a)i-(ti)/, (LIBARE)sa5+ra/i-la-	SARLAITI000000SARAILA	ediana	to_offer_(in_sacrifice)	-
/sisarli(ya)-/, si-sà+ra/i-li-	/sisarli(ja)-/, si-sà+ra/i-li-	SISARLIYASISRAILI	ediana	worshipper_(?)	-
/sasarla-(i)/, (“LIBARE”)sa-sa5+ra/i-la-	/sasarla-(i)/, (“LIBARE”)sa-sa5+ra/i-la-	SASARLAI000000SASARAILA	ediana	to_offer_(in_sacrifice)	-
/sarrawiya-(i)/, sa5+ra/i-wa/i-ia-	/sarrawija-(i)/, sa5+ra/i-wa/i-ia-	SARRAWIYAISARAIWAIIA	ediana	to_be(come)_higher_(?)	-
/sarranta/, SUPER+ra/i-ta	/sarranta/, SUPER+ra/i-ta	SARRANTA00000RAITA	ediana	above	-
/sarrahha/, SUPER+ra/i-ha-a	/sarraxːa/, SUPER+ra/i-xa-a	SARRAKA00000RAIKAA	ediana	up_from	-
/sarli/, SUPER+ra/i-li	/sarli/, SUPER+ra/i-li	SARLI00000RAILI	ediana	highly	-
/sarlaya/, SUPER-la-ia	/sarlaja/, SUPER-la-ia	SARLAYA00000LAIA	ediana	up(ward)	-
/sarlahid-/, (LIBARE)sà+ra/i-hi-	/sarlaxit-/, (LIBARE)sà+ra/i-xi-	SARLAKIT000000SRAIKI	ediana	libation_(?)	-
/sarladi/, SUPER+ra/i-˹la˺-ti	/sarlati/, SUPER+ra/i-˹la˺-ti	SARLATI00000RAILATI	ediana	above	-
/sarlada/, SUPER+ra/i-la+ra+a	/sarlata/, SUPER+ra/i-la+ra+a	SARLATA00000RAILARAA	ediana	above	-
/sarla/i-/, SUPER+ra/i-li-	/sarla/i-/, SUPER+ra/i-li-	SARLAI00000RAILI	ediana	high	-
/nanasr(i)-/, (FEMINA)na-na-sa5+ra/i-	/nanasr(i)-/, (FEMINA)na-na-sa5+ra/i-	NANASRI000000NANASARAI	ediana	sister	-
*/nan(i)-/	*/nan(i)-/	SNANI	ediana	brother	-
FRATER.LA-	FRATER.LA-	00000000	ediana	sumerogram:brother	-
/ruwan/, rú-wa/i-na	/ruwan/, rú-wa/i-na	RUWANRWAINA	ediana	formerly	-
/aliwann(i)-, alunn(i)-/, ali-wa/i-ní-	/aliwann(i)-, alunn(i)-/, ali-wa/i-ní-	ALIWANNIALUNNIALIWAIN	ediana	enemy	-
/sarri/	/sarri/	SARRI	ediana	up	-
/anni/, CUM-ni	/anni/, CUM-ni	ANNI000NI	ediana	with	-
/tarsa-/, tara/i-sa-	/tarsa-/, tara/i-sa-	TARSATARAISA	ediana	shoot	-
/unza-/, u-za5-	/untsa-/, u-tsa5-	UNTSAUTSA	ediana	you_(pl.)	-
/unzi(ya)-/, u-zi-	/untsi(ja)-/, u-tsi-	UNTSIYAUTSI	ediana	your_(pl.)	-
/unzadi/, u-za-ri+i	/untsati/, u-tsa-ri+i	UNTSATIUTSARII	ediana	at_your_place	-
/pals(i)-/, pa-la-sa-	/pals(i)-/, pa-la-sa-	PALSIPALASA	ediana	way	-
*462-	*462-	S	ediana	(unknown)	-
/tapsallai(ya)-/, (“LEPUS.ANIMA”)ta-pa-sà-la-ia-	/tapsalːai(ja)-/, (“LEPUS.ANIMA”)ta-pa-sà-la-ia-	TAPSALAIYA0000000000TAPASLAIA	ediana	(unknown)	-
/ubadid-/, (*274)u-pa-ti-	/upatit-/, (*274)u-pa-ti-	UPATITSUPATI	ediana	demesne	-
/parni(ya)-/, DOMUS-ní-	/parni(ja)-/, DOMUS-ní-	PARNIYA00000N	ediana	domestic	-
/parnawa-/, (“DOMUS.CRUX”)pa+ra/i-na-wa/i-	/parnawa-/, (“DOMUS.CRUX”)pa+ra/i-na-wa/i-	PARNAWA000000000PARAINAWAI	ediana	to_serve	-
/apparanta/, POST+ra/i-tá	/apːaranta/, POST+ra/i-tá	APARANTA0000RAIT	ediana	afterwards	-
/pass-(ti)/, (EDERE)pa-sà-	/pasː-(ti)/, (EDERE)pa-sà-	PASTI00000PAS	ediana	to_swallow	-
*314(-)sá-pa-	*314(-)sá-pa-	SSPA	ediana	(unknown)	-
*274(-)sà-	*274(-)sà-	SS	ediana	to_loot	-
/puwa/	/puwa/	PUWA	ediana	formerly	-
/puwadi/, pu-wa/i-ti	/puwati/, pu-wa/i-ti	PUWATIPUWAITI	ediana	before	-
*274-	*274-	S	ediana	booty	-
/tarbi/, (SCALPRUM)tara/i-pi	/tarpi/, (SCALPRUM)tara/i-pi	TARPI00000000TARAIPI	ediana	in_opposition	-
/tarba/, (“CORNU”)tara/i-pa	/tarpa/, (“CORNU”)tara/i-pa	TARPA00000TARAIPA	ediana	in_opposition	-
/tarbiwa/, (“CORNU”)tara/i-pi-wa/i	/tarpiwa/, (“CORNU”)tara/i-pi-wa/i	TARPIWA00000TARAIPIWAI	ediana	in_opposition	-
/tarban(n)a-/, PES2.PES-na-	/tarpan(n)a-/, PES2.PES-na-	TARPANNA000000NA	ediana	to_oppose	-
/tarb(a)i-(di)/, (PES2.PES)tara/i-pi-	/tarp(a)i-(ti)/, (PES2.PES)tara/i-pi-	TARPAITI000000TARAIPI	ediana	to_attack	-
*/tarba-(i)/	*/tarpa-(i)/	STARPAI	ediana	to_tread_on_(?)	-
/tarba-(di)/, (“PES2.PES”)tara/i-pa-	/tarpa-(ti)/, (“PES2.PES”)tara/i-pa-	TARPATI000000TARAIPA	ediana	to_tread	-
/tarPunalla(/i)-/, tara/i-pu-na-la-	/tarPunalːa(/i)-/, tara/i-pu-na-la-	TAR0UNALAITARAIPUNALA	ediana	rival_(?)	-
/tarPuna-/, (“LIGNUM”)tara/i-pu-na-	/tarPuna-/, (“LIGNUM”)tara/i-pu-na-	TAR0UNA000000TARAIPUNA	ediana	(a_kind_of_toy)	-
/tarPu(na)llahid-/, tara/i-pu-la-hi-ri+i-	/tarPu(na)lːaxit-/, tara/i-pu-la-xi-ri+i-	TAR0UNALAKITTARAIPULAKIRII	ediana	(unknown)	-
/tarPalla(/i)-/, tara/i-pa-la-	/tarPalːa(/i)-/, tara/i-pa-la-	TAR0ALAITARAIPALA	ediana	farmer_(?)	-
/tarbamma/i-/, (“PES2.PES”)tara/i-pa-ma-	/tarpamma/i-/, (“PES2.PES”)tara/i-pa-ma-	TARPAMMAI000000TARAIPAMA	ediana	highway	-
/irwa(/i)-/, (CAPRA)i+ra/i-wa/i-	/irwa(/i)-/, (CAPRA)i+ra/i-wa/i-	IRWAI00000IRAIWAI	ediana	gazelle_(?)	-
/landra-(ti)/, la-tara/i-	/lantra-(ti)/, la-tara/i-	LANTRATILATARAI	ediana	to_extend	-
/sarlatt(a)-/, (LIBARE)sa5+ra/i-la-ta-	/sarlatː(a)-/, (LIBARE)sa5+ra/i-la-ta-	SARLATA000000SARAILATA	ediana	offering	-
/tarPari-(ti)/, (“*218”)ta+ra/i-pa-ri+i-	/tarPari-(ti)/, (“*218”)ta+ra/i-pa-ri+i-	TAR0ARITISTARAIPARII	ediana	to_happen	-
/tarzanu(wa)-(i)/, (PES2)tara/i-za-nu-wa/i-	/tartsanu(wa)-(i)/, (PES2)tara/i-tsa-nu-wa/i-	TARTSANUWAI000TARAITSANUWAI	ediana	to_cause_to_turn	-
/muwatta-/, mu-wa/i-ta-	/muwatːa-/, mu-wa/i-ta-	MUWATAMUWAITA	ediana	conquest	-
/tanid-/, (STELE)ta-ni-	/tanit-/, (STELE)ta-ni-	TANIT00000TANI	ediana	stele	-
/marawalla/i-/, mara/i-wa/i-li-	/marawalːa/i-/, mara/i-wa/i-li-	MARAWALAIMARAIWAILI	ediana	corn-stem	-
*/maruw-/	*/maruw-/	SMARUW	ediana	black	-
/marusana(/i)-/, (FLAMMAE)ma-ru-sà-na-	/marusana(/i)-/, (FLAMMAE)ma-ru-sà-na-	MARUSANAI0000000MARUSNA	ediana	firebolt_(?)	-
/laba-/, la-pa-	/lapa-/, la-pa-	LAPALAPA	ediana	to_provide_a_salt-lick_(?)	-
/labani-(ti)/, la-pa-ni-	/lapani-(ti)/, la-pa-ni-	LAPANITILAPANI	ediana	to_provide_a_salt-lick	-
/tiyari(ya)-/, (LITUUS)ti-ia+ra/i-	/tijari(ja)-/, (LITUUS)ti-ia+ra/i-	TIYARIYA000000TIIARAI	ediana	to_guard	-
/paskwa-/, pa-sà-kwa/i-	/paskwa-/, pa-sà-kwa/i-	PASKWAPASKWAI	ediana	to_neglect	-
/pihassa-/, “FULGUR”-há-sá-	/pixasːa-/, “FULGUR”-xá-sá-	PIKASA000000KS	ediana	vigour_(?)	-
/pihamma/i-/, (FULGUR)pi-ha-	/pixamma/i-/, (FULGUR)pi-xa-	PIKAMMAI000000PIKA	ediana	glorified_(?)	-
ARMA+RA/I.FULGUR-	ARMA+RA/I.FULGUR-	0000000000000	ediana	sumerogram:victory	-
/pihai(ya)-/, pi-ha-ia-	/pixai(ja)-/, pi-xa-ia-	PIKAIYAPIKAIA	ediana	glory_(?)	-
*/huib(i)-/	*/xuip(i)-/	SKUIPI	ediana	cruelty	-
/hwibassanu(wa)-(i)/, (“SIGILLUM”)hwa/i-pa-sa-nu-	/xwipasːanu(wa)-(i)/, (“SIGILLUM”)xwa/i-pa-sa-nu-	KWIPASANUWAI00000000KWAIPASANU	ediana	to_cause_harm_(?)	-
*/piha-/	*/pixa-/	SPIKA	ediana	brightness_(?)	-
/parn(a)-/, DOMUS-na-	/parn(a)-/, DOMUS-na-	PARNA00000NA	ediana	house	-
/p(ar)riya-/, (“*179”)pa+ra/i-ia-	/p(ar)rija-/, (“*179”)pa+ra/i-ia-	PARRIYASPARAIIA	ediana	(unknown)	-
/karmali-(ti)/, (ASCIA)ka+ra/i-ma-li-	/karmali-(ti)/, (ASCIA)ka+ra/i-ma-li-	KARMALITI00000KARAIMALI	ediana	to_hack	-
/=ba/, -pa	/=pa/, -pa	PAPA	ediana	enclitic_connective_‘but’	-
/=ppa?/, -pa	/=pːa?/, -pa	PAPA	ediana	(strong_sequencer?)	-
/liliya-/, (SA4)li-li-ya-	/lilija-/, (SA4)li-li-ja-	LILIYA00LILIYA	ediana	to_pacify_(?)	-
/hab(i)-/, FLUMEN-pi-	/xap(i)-/, FLUMEN-pi-	KAPI000000PI	ediana	river	-
/hursa/i-/, hu+ra/i-si-	/xursa/i-/, xu+ra/i-si-	KURSAIKURAISI	ediana	(unknown)	-
/nanni(ya)-/, (DOMINUS)na-ni-ia-	/nanni(ja)-/, (DOMINUS)na-ni-ia-	NANNIYA0000000NANIIA	ediana	of_the_master	-
REX.*398	REX.*398	000S	ediana	sumerogram:(something_connected_to_the_king)	-
/marwai(ya)-/	/marwai(ja)-/	MARWAIYA	ediana	dark	-
/warriya-/, wa/i+ra/i-ia-	/warrija-/, wa/i+ra/i-ia-	WARRIYAWAIRAIIA	ediana	help	-
/warp(i)-/, (ARMA)wa/i+ra/i-pi-	/warp(i)-/, (ARMA)wa/i+ra/i-pi-	WARPI0000WAIRAIPI	ediana	weapon	-
/wawarriyattalla/i-/, wa/i-wa/i+ra/i-i(a)-tá-li-	/wawarrijatːalːa/i-/, wa/i-wa/i+ra/i-i(a)-tá-li-	WAWARRIYATALAIWAIWAIRAIIATLI	ediana	assistant_(?)	-
/la-(i)/, CAPERE, la-	/la-(i)/, CAPERE, la-	LAI000000LA	ediana	to_take	-
/=mmanz/, -ma-za	/=mmants/, -ma-tsa	MMANTSMATSA	ediana	you_(pl.)	-
/kibud(i)-/, (CORNU)ki-pu-tà-	/kiput(i)-/, (CORNU)ki-pu-tà-	KIPUTI00000KIPUT	ediana	horn	-
/tannatta-(ti)/, (“VACUUS”)ta-na-tá-	/tannatːa-(ti)/, (“VACUUS”)ta-na-tá-	TANNATATI000000TANAT	ediana	to_devastate	-
/tannatta/i-/, (“VACUUS”)ta-na-ti	/tannatːa/i-/, (“VACUUS”)ta-na-ti	TANNATAI000000TANATI	ediana	empty	-
/hap(pa)rinu(wa)-(i)/, “*30”-ri+i-nu-wa/i-	/xap(pa)rinu(wa)-(i)/, “*30”-ri+i-nu-wa/i-	KAPPARINUWAISRIINUWAI	ediana	to_deliver_(?)	-
/na/, NEG	/na/, NEG	NA000	ediana	not	-
FEMINA.MANUS.VIR2	FEMINA.MANUS.VIR2	00000000000000	ediana	sumerogram:people	-
FEMINA.*462(-)3-tà-	FEMINA.*462(-)3-tà-	000000ST	ediana	sumerogram:procreation	-
FEMINA-la-	FEMINA-la-	000000LA	ediana	sumerogram:female_(?)	-
/kwi-/kwa-/, kwa/i-i-	/kwi-/kwa-/, kwa/i-i-	KWIKWAKWAII	ediana	who	-
/ti, tu, =du, =di/, -ti, -tu-u	/ti, tu, =tu, =ti/, -ti, -tu-u	TITUTUTITITUU	ediana	you_(sg.)	-
/kwiba/, kwa/i-pa	/kwipa/, kwa/i-pa	KWIPAKWAIPA	ediana	indeed	-
/kwa/i-=ha/, kwa/i-…-ha	/kwa/i-=xa/, kwa/i-…-xa	KWAIKAKWAIKA	ediana	someone	-
/hassu-/, (NEPOS)ha-su-	/xasːu-/, (NEPOS)xa-su-	KASU00000KASU	ediana	progeny	-
/as-(ti)/, á-sa-	/as-(ti)/, á-sa-	ASTISA	ediana	to_be	-
/alaman-/, á-lá/í-ma-	/alaman-/, á-lá/í-ma-	ALAMANLMA	ediana	name	-
/azza-/, á-za- / AMPLECTI-	/atsːa-/, á-tsa- / AMPLECTI-	ATSATSA00000000	ediana	to_love	-
/arma-/, LUNA+MI-	/arma-/, LUNA+MI-	ARMA000000	ediana	month	-
/ara/, á-lá/í	/ara/, á-lá/í	ARAL	ediana	right	-
/atr(i)-/, á-tara/i-, COR-tara/i-	/atr(i)-/, á-tara/i-, COR-tara/i-	ATRITARAI000TARAI	ediana	person	-
/tadariya-(i)/, (LOQUI)tá-tara/i-ia-	/tatarija-(i)/, (LOQUI)tá-tara/i-ia-	TATARIYAI00000TTARAIIA	ediana	to_curse	-
/=wa/, wa/i	/=wa/, wa/i	WAWAI	ediana	(demarcational_particle)	-
/anza-/, a-za5-	/antsa-/, a-tsa5-	ANTSAATSA	ediana	we	-
/tuwa-(i)/, (PONERE)tu-wa/i-	/tuwa-(i)/, (PONERE)tu-wa/i-	TUWAI000000TUWAI	ediana	to_put	-
/ammu/, á-mu	/ammu/, á-mu	AMMUMU	ediana	i	-
/appi/, á-pi	/apːi/, á-pi	APIPI	ediana	back	-
/appara/i-/, POST+ra/i-i-	/apːara/i-/, POST+ra/i-i-	APARAI0000RAII	ediana	lesser	-
/appan/, á-pa-na	/apːan/, á-pa-na	APANPANA	ediana	behind	-
/appanta/, [*a-]pa-tá	/apːanta/, [*a-]pa-tá	APANTASAPAT	ediana	behind_(?)	-
/ari-(ti)/, PUGNUS-ri+i-	/ari-(ti)/, PUGNUS-ri+i-	ARITI000000RII	ediana	to_raise	-
/sa-(i)/, (“*69”)sa-	/sa-(i)/, (“*69”)sa-	SAISSA	ediana	to_release	-
*/iya-(i)/	*/ija-(i)/	SIYAI	ediana	to_take	-
/istr(i)-/, (MANUS)i-sà-tara/i-	/istr(i)-/, (MANUS)i-sà-tara/i-	ISTRI00000ISTARAI	ediana	hand	-
/t(u)wisu?/, 2-sú	/t(u)wisu?/, 2-sú	TUWISUS	ediana	twice	-
/kummazza-/, ku-ma-za-	/kummatsːa-/, ku-ma-tsa-	KUMMATSAKUMATSA	ediana	purest_(?)	-
/wala-/, wa/i-la-	/wala-/, wa/i-la-	WALAWAILA	ediana	to_die	-
/massan(i)-/, DEUS-	/masːan(i)-/, DEUS-	MASANI0000	ediana	god	-
*/malha-/	*/malxa-/	SMALKA	ediana	offering_(?)	-
/tama-(di)/, ta-ma-, AEDIFICARE	/tama-(ti)/, ta-ma-, AEDIFICARE	TAMATITAMA0000000000	ediana	to_build	-
/tam(i)-/, tá-mi-, AEDIFICIUM	/tam(i)-/, tá-mi-, AEDIFICIUM	TAMITMI0000000000	ediana	building(?)	-
/nawa/, NEG-wa/i	/nawa/, NEG-wa/i	NAWA000WAI	ediana	not	-
/ni/, NEG3	/ni/, NEG3	NI000	ediana	not_(prohibitive)	-
/pad(i)-/, PES-	/pat(i)-/, PES-	PATI000	ediana	foot	-
*/pibiya-(i)/ ( > */piba-(i)/)	*/pipija-(i)/ ( > */pipa-(i)/)	SPIPIYAISPIPAI	ediana	to_give	-
/piyatta-/, pi-ia-tá-	/pijatːa-/, pi-ia-tá-	PIYATAPIIAT	ediana	gift_(?)	-
/piya-(i)/, pi-ia-	/pija-(i)/, pi-ia-	PIYAIPIIA	ediana	to_give	-
/pari/, PRAE-i, pa+ra/i-i	/pari/, PRAE-i, pa+ra/i-i	PARI0000IPARAII	ediana	before	-
/kwan-/, kwa/i-na-	/kwan-/, kwa/i-na-	KWANKWAINA	ediana	to_carve_(?)	-
/zi-/, zi-	/tsi-/, tsi-	TSITSI	ediana	to_lie	-
/zid(i)-/, VIR-ti-	/tsit(i)-/, VIR-ti-	TSITI000TI	ediana	man	-
/ta-(i)/, ta-, CRUS	/ta-(i)/, ta-, CRUS	TAITA0000	ediana	to_(come_to)_stand	-
/taw(i)-/, ta-wa/i-, COR/LITUUS	/taw(i)-/, ta-wa/i-, COR/LITUUS	TAWITAWAI000000000	ediana	eye	-
/taba-(i)/, (*261)ta-pa-	/tapa-(i)/, (*261)ta-pa-	TAPAISTAPA	ediana	to_block	-
/tad(i)-/, tá-ti-	/tat(i)-/, tá-ti-	TATITTI	ediana	father	-
/kwari/, kwa/i+ra/i	/kwari/, kwa/i+ra/i	KWARIKWAIRAI	ediana	if	-
/Tarhunt-/, (DEUS)TONITRUS-hu-za-	/Tarxunt-/, (DEUS)TONITRUS-xu-tsa-	0ARKUNT000000000000KUTSA	ediana	storm-god	-
/tuwi(ya)-/, tu-wa/i-	/tuwi(ja)-/, tu-wa/i-	TUWIYATUWAI	ediana	your_(sg.)	-
/uba-(i)/, (PES)u-pa-	/upa-(i)/, (PES)u-pa-	UPAI000UPA	ediana	to_found	-
/uss(i)-/, (“ANNUS”)u-si-	/usː(i)-/, (“ANNUS”)u-si-	USI00000USI	ediana	year	-
/waw(i)-/, /uw(i)-/, BOS	/waw(i)-/, /uw(i)-/, BOS	WAWIUWI000	ediana	ox	-
/watt(i)-/, (MONS)wa/i-ti-	/watː(i)-/, (MONS)wa/i-ti-	WATI0000WAITI	ediana	mountain	-
*/hal-/	*/xal-/	SKAL	ediana	to_set_in_motion	-
/hantawatt(i)-/, REX-ti-	/xantawatː(i)-/, REX-ti-	KANTAWATI000TI	ediana	king	-
/hantawatti(ya)-/, REX-ti-	/xantawatːi(ja)-/, REX-ti-	KANTAWATIYA000TI	ediana	of_the_king	-
/hatta-(di)/, ha-ta-	/xatːa-(ti)/, xa-ta-	KATATIKATA	ediana	to_do_harm	-
/huhahanna-/, AVUS.HANA-na-	/xuxaxanna-/, AVUS.HANA-na-	KUKAKANNA0000H000NA	ediana	ancestor	-
/huha-/, (AVUS)hu-ha-	/xuxa-/, (AVUS)xu-xa-	KUKA0000KUKA	ediana	grandfather	-
*/hanna-/	*/xanna-/	SKANNA	ediana	grandmother	-
*/kappila(/i)-/	*/kapːila(/i)-/	SKAPILAI	ediana	wrath	-
/kappilalla/i-/, (“*314”)ka-pi-la-li-	/kapːilalːa/i-/, (“*314”)ka-pi-la-li-	KAPILALAISKAPILALI	ediana	hostile	-
/kappilalli(ya)-/, (“*314”)ka-pi-la-li-	/kapːilalːi(ja)-/, (“*314”)ka-pi-la-li-	KAPILALIYASKAPILALI	ediana	pertaining_to_the_hostile_one	-
/haw(i)-/, há-wa/i-, OVIS	/xaw(i)-/, xá-wa/i-, OVIS	KAWIKWAI0000	ediana	sheep	-
/sarra/, SUPER+ra/i-a	/sarra/, SUPER+ra/i-a	SARRA00000RAIA	ediana	over	-
/hudarli(ya)-/, SERVUS-la/i-ia-	/xutarli(ja)-/, SERVUS-la/i-ia-	KUTARLIYA000000LAIIA	ediana	of_servant	-
/a(ya)-(di)/, á-(ia)-	/a(ja)-(ti)/, á-(ia)-	AYATIIA	ediana	to_do	-
/ahha/, ARHA	/axːa/, ARHA	AKA00H0	ediana	away	-
*/ala/i-/	*/ala/i-/	SALAI	ediana	distant_(?)	-
/annan/, INFRA-na-na	/annan/, INFRA-na-na	ANNAN00000NANA	ediana	under	-
*/ann(i)-/	*/ann(i)-/	SANNI	ediana	mother	-
/a-tá/, a-tá	/a-tá/, a-tá	ATAT	ediana	in(to)	-
/aba-/, á-pa-	/apa-/, á-pa-	APAPA	ediana	that	-
/ar(i)-/, ara/i-	/ar(i)-/, ara/i-	ARIARAI	ediana	time	-
/appa/, á-pa	/apːa/, á-pa	APAPA	ediana	back	-
ad-	at-	AT	wiktionary_cat	-	-
-una	-ú-na	NA	wiktionary_cat	-	-
𒀲𒆳𒊏𒍑	EQUUS-sa	00000SA	wiktionary_cat	-	-
𒁕𒀀𒌋𒄿𒅖	ta-wa/i	TAWAI	wiktionary_cat	-	-
𒍣𒋾𒅖	LÚ-iš	0I	wiktionary_cat	-	-
𔐑𔑣𔗔	𔐑𔑣𔗔		wiktionary_cat	-	-
𔐓𔗔𔘰𔓉𔗆	𔐓𔗔𔘰𔓉𔗆		wiktionary_cat	-	-
𔐱𔕬𔗬𔑰𔖱	𔐱𔕬𔗬𔑰𔖱		wiktionary_cat	-	-
𔑢𔗬𔐤𔔂	Túana	0ANA	wiktionary_cat	-	-
𔑬𔗵𔗬	𔑬𔗵𔗬		wiktionary_cat	-	-
𔑮𔗔	EQUUS-	00000	wiktionary_cat	-	-
𔑺𔗬𔗔	𔑺𔗬𔗔		wiktionary_cat	-	-
𔓬𔖢𔑙𔒅𔗔	𔓬𔖢𔑙𔒅𔗔		wiktionary_cat	-	-
𔕬𔗬𔑣𔓯𔗔	tu-wa/i₄-ti-sa₇	TUWAITISA	wiktionary_cat	-	-
𔖪𔖱𔖪	𔖪𔖱𔖪		wiktionary_cat	-	-
𔗒𔓱𔗬𔔂	á-tana-wa/i	TANAWAI	wiktionary_cat	-	-
𔗜𔖱𔑣𔓯𔗦	𔗜𔖱𔑣𔓯𔗦		wiktionary_cat	-	-
𔗜𔖱𔑣𔓱𔗔	𔗜𔖱𔑣𔓱𔗔		wiktionary_cat	-	-
𔗬𔖱𔕸𔓊𔗬𔗔	𔗬𔖱𔕸𔓊𔗬𔗔		wiktionary_cat	-	-
𔗳𔓱𔗳𔓱𔗔	𔗳𔓱𔗳𔓱𔗔		wiktionary_cat	-	-
aaš-	aːʃ-	AS	palaeolexicon	mouth	-
alasammis	alasammis	ALASAMMIS	palaeolexicon	sea	-
annarai-	annarai-	ANNARAI	palaeolexicon	forceful	-
anniš	anniʃ	ANNIS	palaeolexicon	mother	-
ariyattis	arijatːis	ARIYATIS	palaeolexicon	mountain	-
atra	atra	ATRA	palaeolexicon	person	-
gh(o)umata	kx(o)umata	KKOUMATA	palaeolexicon	ear	-
huha	xuxa	KUKA	palaeolexicon	grandfather	-
immara	immara	IMMARA	palaeolexicon	open_country	-
ka+ra/i-tu	ka+ra/i-tu	KARAITU	palaeolexicon	let_him_sacrifice	-
kuman	kuman	KUMAN	palaeolexicon	when	-
melit	melit	MELIT	palaeolexicon	honey	-
mūwa-	muːwa-	MUWA	palaeolexicon	might	-
nana-	nana-	NANA	palaeolexicon	to_bring	-
para	para	PARA	palaeolexicon	forth	-
piha-	pixa-	PIKA	palaeolexicon	luminosity	-
pijama	pijama	PIYAMA	palaeolexicon	gave	-
piya-	pija-	PIYA	palaeolexicon	give_ear_to	-
pūna	puːna	PUNA	palaeolexicon	all	-
tāta	taːta	TATA	palaeolexicon	father	-
talupa	talupa	TALUPA	palaeolexicon	lump	-
titita	titita	TITITA	palaeolexicon	nose	-
tub(a)i-	tup(a)i-	TUPAI	palaeolexicon	strike	-
ura-	ura-	URA	palaeolexicon	great	-
aḫ-ḫa-ta-ta	ax-xa-ta-ta	AKKATATA	palaeolexicon	when	-
a-a-aš-ša	a-a-aʃ-ʃa	AAASSA	palaeolexicon	mouth	-
a-a-an-ni-in-ni-ya-mi-iš	a-a-an-ni-in-ni-ja-mi-iʃ	AAANNIINNIYAMIIS	palaeolexicon	cousin	-
a-a-li-iš	a-a-li-iʃ	AALIIS	palaeolexicon	high	-
a-a-ri-in	āri	RI	palaeolexicon	time	-
a-aš-ḫar-ša	a-aʃ-xar-ʃa	AASKARSA	palaeolexicon	blood	-
a-an-na-an	ānnan	NNAN	palaeolexicon	below	-
a-ar-ši-ya-	a-ar-ʃi-ja-	AARSIYA	palaeolexicon	to_flow	-
a-ar-ra-i-in-zi	a-ar-ra-i-in-tsi	AARRAIINTSI	palaeolexicon	long	-
a-la-aš-ša-am-	a-la-aʃ-ʃa-am-	ALAASSAAM	palaeolexicon	sea	-
a-la-at-tar-ša	a-la-at-tar-ʃa	ALAATTARSA	palaeolexicon	fruit	-
a-pa-aš	a-pa-aʃ	APAAS	palaeolexicon	that	-
a-ri-ya-at-	a-ri-ja-at-	ARIYAAT	palaeolexicon	elevation	-
a-ru-ta-	aruta	ARUTA	palaeolexicon	wing	-
a-u-i-	awī	AW	palaeolexicon	to_come	-
a-ya-	a-ja-	AYA	palaeolexicon	to_do	-
aš-ša-at-ta-aš-ši-iš	aʃ-ʃa-at-ta-aʃ-ʃi-iʃ	ASSAATTAASSIIS	palaeolexicon	peace	-
aš-ta	aʃ-ta	ASTA	palaeolexicon	spell	-
aš-tu	aʃ-tu	ASTU	palaeolexicon	to_be	-
ad-du-wa	at-tu-wa	ATTUWA	palaeolexicon	evil	-
am-ma-aš-ša-	am-ma-aʃ-ʃa-	AMMAASSA	palaeolexicon	to_wipe	-
an	an	AN	palaeolexicon	two	-
an-da-an	an-ta-an	ANTAAN	palaeolexicon	in	-
an-ni-iš	an-ni-iʃ	ANNIIS	palaeolexicon	mother	-
an-za-aš	an-tsa-aʃ	ANTSAAS	palaeolexicon	we	-
ar-ma	arma	ARMA	palaeolexicon	moon_goddess	-
az-zu-wa-	ats-tsu-wa-	ATSTSUWA	palaeolexicon	horse	-
da-a-ru-uš-ša	ta-a-ru-uʃ-ʃa	TAARUUSSA	palaeolexicon	statue	-
da-aš-da-a-	ta-aʃ-ta-a-	TAASTAA	palaeolexicon	to_step	-
da-ak-ku-u-i-iš	ta-ak-ku-u-i-iʃ	TAAKKUUIIS	palaeolexicon	dark	-
du	tu	TU	palaeolexicon	thee	-
du-u-ur	tu-u-ur	TUUUR	palaeolexicon	urine	-
du-u-wa-	tu-u-wa-	TUUWA	palaeolexicon	to_put	-
du-ut-tar-ri-ya-ti-iš	tu-ut-tar-ri-ja-ti-iʃ	TUUTTARRIYATIIS	palaeolexicon	daughter	-
e-el-ḫa-a	e-el-xa-a	EELKAA	palaeolexicon	to_wash	-
ga-aš-ga-a-aš	ka-aʃ-ka-a-aʃ	KAASKAAAS	palaeolexicon	ethnonym	-
ga-lu-ut-ta-im-ma	ka-lu-ut-ta-im-ma	KALUUTTAIMMA	palaeolexicon	to_finish	-
gul-za	kul-tsa	KULTSA	palaeolexicon	fate	-
ḫa-a-aš-ša	xa-a-aʃ-ʃa	KAAASSA	palaeolexicon	bone	-
ḫa-a-pi-iš	xa-a-pi-iʃ	KAAPIIS	palaeolexicon	river	-
ḫa-aš-ša-ni-it-ti-iš	xa-aʃ-ʃa-ni-it-ti-iʃ	KAASSANIITTIIS	palaeolexicon	hearth	-
ḫa-aḫ-ḫa-lu-wa-an-ti	xa-ax-xa-lu-wa-an-ti	KAAKKALUWAANTI	palaeolexicon	yellow	-
ḫa-an-na-a	xa-an-na-a	KAANNAA	palaeolexicon	judge	-
ḫa-at-tu-u-la-a-ḫi-ta-	xa-at-tu-u-la-a-xi-ta-	KAATTUULAAKITA	palaeolexicon	health	-
ḫal-li-ya	xal-li-ja	KALLIYA	palaeolexicon	day	-
ḫal-ta-	xal-ta-	KALTA	palaeolexicon	to_call	-
ḫar-ma-ḫa	xar-ma-xa	KARMAKA	palaeolexicon	head	-
ḫi-i-ru-ta-ni	xi-i-ru-ta-ni	KIIRUTANI	palaeolexicon	curse	-
ḫi-i-ru-u-un	xi-i-ru-u-un	KIIRUUUN	palaeolexicon	oath	-
ḫu-i-du-wa-li-iš	xu-i-tu-wa-li-iʃ	KUITUWALIIS	palaeolexicon	alive	-
ḫu-i-tum-na-a-ḫi-ta-ti	xu-i-tum-na-a-xi-ta-ti	KUITUMNAAKITATI	palaeolexicon	vitality	-
ḫu-la	xu-la	KULA	palaeolexicon	winding	-
ḫu-tar-la-a	xu-tar-la-a	KUTARLAA	palaeolexicon	slave	-
ḫu-u-i-tar-ša	xu-u-i-tar-ʃa	KUUITARSA	palaeolexicon	animal	-
ḫu-uḫ-ḫu-pa-aš	xu-ux-xu-pa-aʃ	KUUKKUPAAS	palaeolexicon	evil	-
ḫu-ul-li-ti-iš	xu-ul-li-ti-iʃ	KUULLITIIS	palaeolexicon	kind_of_bread	-
ha	xa	KA	palaeolexicon	and	-
ha-a-pi-in-ni	xa-a-pi-in-ni	KAAPIINNI	palaeolexicon	stream	-
ha-am-ša-ti	xa-am-ʃa-ti	KAAMSATI	palaeolexicon	grandson	-
ha-am-šu-uk-kal-la	xa-am-ʃu-uk-kal-la	KAAMSUUKKALLA	palaeolexicon	great-grandson	-
ha-an-da-wa-te-eš	xa-an-ta-wa-te-eʃ	KAANTAWATEES	palaeolexicon	king	-
ha-an-na-a	xa-an-na-a	KAANNAA	palaeolexicon	to_judge	-
ha-an-ti-iš	xa-an-ti-iʃ	KAANTIIS	palaeolexicon	first	-
ha-ap-pí-iš-ša	xa-ap-pí-iʃ-ʃa	KAAPPISSA	palaeolexicon	limb	-
ha-at-ta-aš	xa-at-ta-aʃ	KAATTAAS	palaeolexicon	violent	-
ha-at-tu-ša	xa-at-tu-ʃa	KAATTUSA	palaeolexicon	hattusa	-
ha-la-a-al	xa-la-a-al	KALAAAL	palaeolexicon	pure	-
hal-li-iš-ša	xal-li-iʃ-ʃa	KALLIISSA	palaeolexicon	pain	-
hal-ma-aš-šu-u-it-ti-iš	xal-ma-aʃ-ʃu-u-it-ti-iʃ	KALMAASSUUITTIIS	palaeolexicon	throne	-
hal-ta	xal-ta	KALTA	palaeolexicon	to_call	-
har-du-wa-at-ti	xar-tu-wa-at-ti	KARTUWAATTI	palaeolexicon	descendant	-
har-ra-an-ta	xar-ra-an-ta	KARRAANTA	palaeolexicon	to_crush	-
har-tu	xar-tu	KARTU	palaeolexicon	clan	-
hi-ru-u-ta	xi-ru-u-ta	KIRUUTA	palaeolexicon	curse	-
hu-i-du-mar-ša	xu-i-tu-mar-ʃa	KUITUMARSA	palaeolexicon	life	-
i-šar-u-i-li-iš	i-ʃar-u-i-li-iʃ	ISARUILIIS	palaeolexicon	right	-
i-pa-la-	ipala	IPALA	palaeolexicon	left	-
i-par-wa	iparwa	IPARWA	palaeolexicon	west	-
i-ti	iti	ITI	palaeolexicon	to_go	-
i-ya-ša	i-ja-ʃa	IYASA	palaeolexicon	to_buy	-
iš-ša-ri-iš	iʃ-ʃa-ri-iʃ	ISSARIIS	palaeolexicon	hand	-
im-ma	imma	IMMA	palaeolexicon	indeed	-
in	in	IN	palaeolexicon	one	-
ir-ḫa-at-ta	ir-xa-at-ta	IRKAATTA	palaeolexicon	circle	-
kal-du-un-ni	kal-tu-un-ni	KALTUUNNI	palaeolexicon	thigh	-
kal-du-un-ni-iš	kal-tu-un-ni-iʃ	KALTUUNNIIS	palaeolexicon	leg	-
kal-mi-ya-ni-in	kal-mi-ja-ni-in	KALMIYANIIN	palaeolexicon	little_stick	-
kam-ru-še-pa	kam-ru-ʃe-pa	KAMRUSEPA	palaeolexicon	deity_name	-
kam-ru-ši-pa	kam-ru-ʃi-pa	KAMRUSIPA	palaeolexicon	deity_name	-
kap-pi-la-al-li-iš	kap-pi-la-al-li-iʃ	KAPPILAALLIIS	palaeolexicon	hostile	-
kar-šu	kar-ʃu	KARSU	palaeolexicon	to_cut	-
ki-i-ša	ki-i-ʃa	KIISA	palaeolexicon	comb	-
ki-i-ša-am-ma	ki-i-ʃa-am-ma	KIISAAMMA	palaeolexicon	combed	-
KIN-an	kinan	KINAN	palaeolexicon	sumerogram:work	-
ku-iš	ku-iʃ	KUIS	palaeolexicon	which	-
ku-iš-ḫa	ku-iʃ-xa	KUISKA	palaeolexicon	someone	-
ku-u-ra-am-mi	kuramman	KURAMMAN	palaeolexicon	cutting	-
ku-um-ma	kumma	KUMMA	palaeolexicon	pure	-
ku-wa-la-na-al-li	kwalanalːi	KWALANALI	palaeolexicon	warrior	-
ku-wa-li-	kuwali	KUWALI	palaeolexicon	to_turn	-
ku-wa-ri	kwari	KWARI	palaeolexicon	if	-
ku-wa-ya-taš	ku-wa-ja-taʃ	KUWAYATAS	palaeolexicon	fear	-
la-a-li	lali	LALI	palaeolexicon	tongue	-
la-ap-pi	lapːi	LAPI	palaeolexicon	to_glow	-
la-ba-ar-na	la-pa-ar-na	LAPAARNA	palaeolexicon	ruler	-
li-lu-u-wa	liluwa	LILUWA	palaeolexicon	to_pour	-
lu-lu-ti	lulut-	LULUT	palaeolexicon	prosperity	-
lu-un-ni	lunni	LUNNI	palaeolexicon	i_take	-
m-ma-aš	m-ma-aʃ	MMAAS	palaeolexicon	you	-
ma-a-aš-ša-ni-iš	ma-a-aʃ-ʃa-ni-iʃ	MAAASSANIIS	palaeolexicon	god	-
ma-a-an	man	MAN	palaeolexicon	if	-
ma-a-la-ḫu-	ma-a-la-xu-	MAALAKU	palaeolexicon	to_crush	-
ma-a-li-	māli	MLI	palaeolexicon	thought	-
ma-a-u-wa	māwa	MWA	palaeolexicon	four	-
ma-aš-ša-na-al-li	ma-aʃ-ʃa-na-al-li	MAASSANAALLI	palaeolexicon	divine	-
ma-ad-du	ma-at-tu	MAATTU	palaeolexicon	wine	-
ma-al-ha-ša	ma-al-xa-ʃa	MAALKASA	palaeolexicon	ritual	-
ma-al-li	malːi	MALI	palaeolexicon	honey	-
ma-an-na-ku-na	mannakuna	MANNAKUNA	palaeolexicon	short	-
ma-li-	mali	MALI	palaeolexicon	to_think	-
ma-na-a-	manā-	MAN	palaeolexicon	to_look_at	-
mu	mu	MU	palaeolexicon	me	-
na-a	nā	N	palaeolexicon	not	-
na-a-na-	nāna	NNA	palaeolexicon	brother	-
na-a-ni-ia-an	na-a-ni-ia-an	NAANIIAAN	palaeolexicon	of_a_brother	-
na-a-nu-un	nānun	NNUN	palaeolexicon	now	-
na-a-ta-at-ta	nātatta	NTATTA	palaeolexicon	reed	-
na-a-u-wa-	nāwa	NWA	palaeolexicon	new	-
ni-ni-ya-al	ni-ni-ja-al	NINIYAAL	palaeolexicon	cradle	-
nu-u-tu-	nūtu	NTU	palaeolexicon	desire	-
pa	pa	PA	palaeolexicon	but	-
pa-a-ar-ta	pārta	PRTA	palaeolexicon	leg	-
pa-a-ḫu-u-ur	pa-a-xu-u-ur	PAAKUUUR	palaeolexicon	fire	-
pa-aš-šu-	pa-aʃ-ʃu-	PAASSU	palaeolexicon	swallow	-
pa-aḫ-ḫi-ša	pa-ax-xi-ʃa	PAAKKISA	palaeolexicon	drum	-
pa-ap-par-ku-wa	papːarkuwa	PAPARKUWA	palaeolexicon	cleanse	-
pa-ap-ra-	papra	PAPRA	palaeolexicon	drive	-
pa-šu-ú-ri-ya-	pa-ʃu-ú-ri-ja-	PASURIYA	palaeolexicon	dust	-
pa-ri-i	parī	PAR	palaeolexicon	forth	-
pa-ta-a-aš	pa-ta-a-aʃ	PATAAAS	palaeolexicon	foot	-
pal-ḫa-a	pal-xa-a	PALKAA	palaeolexicon	to_make_flat	-
par-na-	parna	PARNA	palaeolexicon	house	-
par-ra-an	parran	PARRAN	palaeolexicon	before	-
par-za-kiš	par-tsa-kiʃ	PARTSAKIS	palaeolexicon	label	-
pat-za-	pat-tsa-	PATTSA	palaeolexicon	to_carry	-
pi-i-ya-	pi-i-ja-	PIIYA	palaeolexicon	to_give	-
pu-u-na	puna	PUNA	palaeolexicon	all	-
ta-a-in	tāin	TIN	palaeolexicon	oil	-
ta-a-ru	tāru	TRU	palaeolexicon	wood	-
ta-a-ti-iš	ta-a-ti-iʃ	TAATIIS	palaeolexicon	father	-
ta-a-wa-	tāwa	TWA	palaeolexicon	eye	-
ta-ap-pa-aš-ša	ta-ap-pa-aʃ-ʃa	TAAPPAASSA	palaeolexicon	heaven	-
ta-ša-an-za	ta-ʃa-an-tsa	TASAANTSA	palaeolexicon	votive_stele	-
ta-ḫu-ši-ya-	ta-xu-ʃi-ja-	TAKUSIYA	palaeolexicon	to_keep_silent	-
ta-lu-up-pi-iš	ta-lu-up-pi-iʃ	TALUUPPIIS	palaeolexicon	clod	-
ta-pa-aš-ša-aš	ta-pa-aʃ-ʃa-aʃ	TAPAASSAAS	palaeolexicon	fever	-
ta-pa-ru	taparu	TAPARU	palaeolexicon	something_evil	-
ta-par	tapar	TAPAR	palaeolexicon	to_rule	-
ta-ta-ar-ḫa-	ta-ta-ar-xa-	TATAARKA	palaeolexicon	break	-
tap-pa-	tapːa	TAPA	palaeolexicon	to_spit	-
tap-pa-a-ni-in	tappānin	TAPPNIN	palaeolexicon	hair	-
tap-paš	tap-paʃ	TAPPAS	palaeolexicon	sky	-
tar-ḫu-un-za	tar-xu-un-tsa	TARKUUNTSA	palaeolexicon	storm_god	-
tar-mi-iš	tar-mi-iʃ	TARMIIS	palaeolexicon	nail	-
ti-i-ta-ni	tītan	TTAN	palaeolexicon	breast	-
ti-ta-i-me-iš	ti-ta-i-me-iʃ	TITAIMEIS	palaeolexicon	nurturing	-
ti-ti-ta-a-ti	tītīt	TTT	palaeolexicon	pupil	-
ti-wa-az	ti-wa-ats	TIWAATS	palaeolexicon	sun_god	-
ti-ya-am-mi-iš	ti-ja-am-mi-iʃ	TIYAAMMIIS	palaeolexicon	earth	-
tum-ma-a-an	tumman	TUMMAN	palaeolexicon	ear	-
u-al-ua	walwa	WALWA	palaeolexicon	lion	-
u-e-na-al	winal	WINAL	palaeolexicon	stick	-
u-i-da-an	u-i-ta-an	UITAAN	palaeolexicon	watery	-
u-i-lu-ša	u-i-lu-ʃa	UILUSA	palaeolexicon	place_name	-
u-i-ni	wini	WINI	palaeolexicon	wine	-
u-la-an-ti-iš	u-la-an-ti-iʃ	ULAANTIIS	palaeolexicon	dead	-
u-ra-an-nu	urannu	URANNU	palaeolexicon	to_make_great	-
u-ra-az-za-aš	u-ra-ats-tsa-aʃ	URAATSTSAAS	palaeolexicon	great	-
u-tar	utar	UTAR	palaeolexicon	word	-
u-un-za	u-un-tsa	UUNTSA	palaeolexicon	you	-
u-ut-ti-	ūtti-	TTI	palaeolexicon	to_drink	-
uš-ša	uʃ-ʃa	USSA	palaeolexicon	year	-
wa-a-ar-ša	wa-a-ar-ʃa	WAAARSA	palaeolexicon	water	-
wa-a-šu	wa-a-ʃu	WAASU	palaeolexicon	good	-
wa-a-u-i	wāwi	WWI	palaeolexicon	cow	-
wa-aš-ša-a	wa-aʃ-ʃa-a	WAASSAA	palaeolexicon	to_be_favourable	-
wa-aš-ḫa-az-za-aš	wa-aʃ-xa-ats-tsa-aʃ	WAASKAATSTSAAS	palaeolexicon	sanctified	-
wa-al-li-it-	walːija	WALIYA	palaeolexicon	to_raise	-
wa-ar-ta-li	wartali	WARTALI	palaeolexicon	winding	-
wa-ar-wa-la-na-	warwalan-	WARWALAN	palaeolexicon	seed	-
wa-ar-wa-li-ya	wa-ar-wa-li-ja	WAARWALIYA	palaeolexicon	god_of_sowing	-
wa-na-a	u̯ānā	UN	palaeolexicon	woman	-
wa-na-at-ti-iš	wa-na-at-ti-iʃ	WANAATTIIS	palaeolexicon	woman	-
za-a-u-i-in	tsa-a-u-i-in	TSAAUIIN	palaeolexicon	here	-
za-aš	tsa-aʃ	TSAAS	palaeolexicon	this	-
za-ar-ta	tsa-ar-ta	TSAARTA	palaeolexicon	heart	-
zi-i-ya-ri	tsi-i-ja-ri	TSIIYARI	palaeolexicon	lie	-
zi-ti	tsi-ti	TSITI	palaeolexicon	man	-
zu-u-wa-an	tsu-u-wa-an	TSUUWAAN	palaeolexicon	bread	-
zu-uḫ-ri-ti	tsu-ux-ri-ti	TSUUKRITI	palaeolexicon	grass	-
zu-wa-ni	tsu-wa-ni	TSUWANI	palaeolexicon	dog	-
