lost	top1_known	score	top10
aad	tso-	-3.9722	"[[""tso-"", -3.9722], [""sfa-"", -5.5794], [""tse-"", -5.5794], [""tfi-"", -5.5794], [""kat-"", -6.215], [""tis-"", -6.215], [""kot"", -6.2309], [""sof"", -6.2309], [""sfa"", -6.244], [""sfar-"", -6.2604]]"
aadi	tso-	-3.5376	"[[""tso-"", -3.5376], [""sfato-"", -6.3018], [""tsito-"", -6.3018], [""sako-"", -6.9308], [""takto-"", -6.9495], [""ʃanto-"", -7.0115], [""iʃko-"", -7.0144], [""tse-"", -8.2914], [""tfi-"", -8.2914], [""sfa-"", -8.2914]]"
aadik	tso-	-6.3614	"[[""tso-"", -6.3614], [""tsito-"", -9.1237], [""sfato-"", -9.1237], [""kowe"", -9.681], [""sako-"", -9.7545], [""takto-"", -9.7731], [""ʃanto-"", -9.8351], [""iʃko-"", -9.8381], [""tse-"", -10.1174], [""tase"", -10.2906]]"
aadiki	tso-	-9.4664	"[[""tso-"", -9.4664], [""tse-"", -9.854], [""kʷe-"", -11.1212], [""tsuwe-"", -12.1996], [""tsuve-"", -12.1996], [""sfato-"", -12.2258], [""tsito-"", -12.2258], [""ʃe-"", -12.6738], [""sako-"", -12.8592], [""takto-"", -12.8772]]"
aadikit	tse-	-12.68	"[[""tse-"", -12.68], [""tso-"", -12.6875], [""kʷe-"", -13.9457], [""tsuwe-"", -15.0245], [""tsuve-"", -15.0245], [""sfato-"", -15.4433], [""tsito-"", -15.4433], [""ʃe-"", -15.5007], [""tseʃi-"", -15.6854], [""kʷeːn-"", -16.048]]"
aadikite	tse-	-15.7861	"[[""tse-"", -15.7861], [""tso-"", -15.9726], [""kʷe-"", -17.0508], [""tsuwe-"", -18.1292], [""tsuve-"", -18.1292], [""tseʃi-"", -18.5078], [""ʃe-"", -18.6071], [""kʷeːn-"", -18.662], [""sfato-"", -18.7241], [""tsito-"", -18.7241]]"
aadikites	tse-	-19.008	"[[""tse-"", -19.008], [""tso-"", -19.2981], [""kʷe-"", -20.2718], [""tsuve-"", -21.3496], [""tsuwe-"", -21.3496], [""tseʃi-"", -21.4382], [""kʷeːn-"", -21.4896], [""tsato-(d)"", -21.7738], [""ko-(t)"", -21.8286], [""ʃe-"", -21.8292]]"
aadikitesi	tse-	-22.2937	"[[""tse-"", -22.2937], [""tso-"", -22.6516], [""tseʃi-"", -23.2472], [""kʷe-"", -23.5565], [""sfẽn(i)-"", -24.069], [""kʷe(si)-"", -24.2747], [""sfẽnd(i)-"", -24.4194], [""kʷeːn-"", -24.4462], [""tsẽkʷra-"", -24.4617], [""tʰesa-"", -24.4829]]"
aaj	kofu	-3.3863	"[[""kofu"", -3.3863], [""tso-"", -5.5794], [""tse-"", -5.5794], [""tfi-"", -5.5794], [""sfa-"", -5.5794], [""kofuu"", -6.1068], [""kup-"", -6.1788], [""tsuwe-"", -6.1982], [""tsuni-"", -6.1982], [""tsuve-"", -6.1982]]"
aaja	kukok	-5.5752	"[[""kukok"", -5.5752], [""kuka-"", -6.2264], [""tsuni-"", -6.2612], [""tsuve-"", -6.2612], [""tsuwe-"", -6.2612], [""kʷisk"", -6.7536], [""kofu"", -6.8892], [""taats"", -6.9585], [""kʷi=k"", -7.548], [""tso-"", -8.0913]]"
aau	tso-	-5.5794	"[[""tso-"", -5.5794], [""tfi-"", -5.5794], [""tse-"", -5.5794], [""sfa-"", -5.5794], [""tis-"", -6.215], [""kat-"", -6.215], [""sfa"", -6.244], [""sfar-"", -6.2604], [""tsiw-"", -6.2604], [""karʃ-"", -6.3212]]"
ada	kot	-0.6856	"[[""kot"", -0.6856], [""sof"", -0.6856], [""kukok"", -4.1242], [""kofu"", -4.1346], [""kofuu"", -4.1606], [""kʷi=k"", -5.6167], [""=k"", -5.6702], [""tso-"", -5.8614], [""kʷisk"", -6.208], [""fak"", -6.2311]]"
adad	sof	-4.191	"[[""sof"", -4.191], [""kot"", -4.191], [""ko-(t)"", -6.7981], [""kofu"", -6.9348], [""kofuu"", -6.9595], [""os-"", -7.0443], [""tso-"", -7.3024], [""kukok"", -7.5687], [""kof(i)-"", -8.6071], [""tse-"", -9.0423]]"
adada	kot	-6.3157	"[[""kot"", -6.3157], [""sof"", -6.3157], [""kukok"", -6.8895], [""tso-"", -7.0365], [""ko-(t)"", -8.9555], [""kʷisk"", -9.0235], [""kof(i)-"", -9.0462], [""tsito-"", -9.3658], [""sfato-"", -9.3658], [""kofuu"", -9.3715]]"
adadau	ko-(t)	-9.1438	"[[""ko-(t)"", -9.1438], [""kot"", -9.8231], [""sof"", -9.8231], [""tso-"", -9.8603], [""kukok"", -10.3965], [""kof(i)-"", -11.0289], [""tsito-"", -12.1682], [""sfato-"", -12.1682], [""kotʰtʰ(i)-"", -12.3256], [""kofuu"", -12.3573]]"
adadaut	ko-(t)	-11.9704	"[[""ko-(t)"", -11.9704], [""tso-"", -12.9642], [""kof(i)-"", -13.3012], [""kot"", -13.3306], [""sof"", -13.3306], [""kotʰtʰ(i)-"", -13.6044], [""kukok"", -13.9035], [""kotsw(i)-"", -14.9195], [""katof(i)-"", -15.1044], [""katoʃ(i)-"", -15.1044]]"
adadauti	kotʰtʰ(i)-	-14.5806	"[[""kotʰtʰ(i)-"", -14.5806], [""ko-(t)"", -15.0697], [""kof(i)-"", -15.8157], [""tso-"", -16.1838], [""sof"", -16.838], [""kot"", -16.838], [""kotsw(i)-"", -17.0798], [""katoʃ(i)-"", -17.1865], [""katof(i)-"", -17.1865], [""kukok"", -17.4105]]"
adadautin	kotʰtʰ(i)-	-16.4925	"[[""kotʰtʰ(i)-"", -16.4925], [""katosn"", -17.4059], [""ko-(t)"", -18.2803], [""kof(i)-"", -18.5095], [""tso-"", -19.4672], [""kotsw(i)-"", -19.5355], [""katoʃ(i)-"", -19.6631], [""katof(i)-"", -19.6631], [""kolts(i)-"", -20.1616], [""kot"", -20.3454]]"
adadautinu	kotʰtʰ(i)-	-18.8194	"[[""kotʰtʰ(i)-"", -18.8194], [""tsato-(d)"", -20.2699], [""katosn"", -20.9131], [""kof(i)-"", -21.3332], [""ko-(t)"", -21.5503], [""kotsw(i)-"", -22.1801], [""katoʃ(i)-"", -22.3589], [""katof(i)-"", -22.3589], [""korfi-(d)"", -22.4325], [""ʃodkʷlːtʰa-(d)"", -22.768]]"
adau	sof	-4.1928	"[[""sof"", -4.1928], [""kot"", -4.1928], [""ko-(t)"", -6.7989], [""kofuu"", -6.9612], [""kofu"", -6.9637], [""os-"", -7.0448], [""kukok"", -7.6274], [""tso-"", -8.4125], [""kof(i)-"", -8.6075], [""tse-"", -9.0423]]"
adaut	kot	-7.6999	"[[""kot"", -7.6999], [""sof"", -7.6999], [""kof(i)-"", -9.058], [""ko-(t)"", -9.4966], [""os-"", -9.8699], [""kofuu"", -10.049], [""kofu"", -10.0708], [""kukok"", -11.1305], [""tso-"", -11.3001], [""tse-"", -11.7714]]"
adauti	kof(i)-	-11.059	"[[""kof(i)-"", -11.059], [""sof"", -11.207], [""kot"", -11.207], [""ko-(t)"", -12.4237], [""os-"", -12.9756], [""kofuu"", -13.2547], [""kofu"", -13.2932], [""kotʰtʰ(i)-"", -14.031], [""kotsw(i)-"", -14.2324], [""tso-"", -14.3421]]"
adautin	kof(i)-	-13.5078	"[[""kof(i)-"", -13.5078], [""katosn"", -14.6286], [""sof"", -14.7141], [""kot"", -14.7141], [""ko-(t)"", -15.4284], [""kotʰtʰ(i)-"", -15.7755], [""sfard"", -16.0288], [""os-"", -16.1973], [""kofuu"", -16.5251], [""kotsw(i)-"", -16.5421]]"
adautinu	kof(i)-	-16.1902	"[[""kof(i)-"", -16.1902], [""korfi-(d)"", -17.5246], [""kro-(d)"", -17.7355], [""tro-(d)"", -17.7355], [""kotʰtʰ(i)-"", -17.9342], [""katosn"", -18.1358], [""kot"", -18.2212], [""sof"", -18.2212], [""ko-(t)"", -18.4742], [""kʷeːn-"", -18.7728]]"
adautinui	kof(i)-	-19.0191	"[[""kof(i)-"", -19.0191], [""kotʰtʰ(i)-"", -20.3371], [""korfi-(d)"", -20.345], [""tro-(d)"", -20.5586], [""kro-(d)"", -20.5586], [""ko-(t)"", -21.5513], [""kʷeːn-"", -21.5968], [""katosn"", -21.643], [""tsato-(d)"", -21.6588], [""sfard-"", -21.6665]]"
adautinuin	kof(i)-	-21.9492	"[[""kof(i)-"", -21.9492], [""kotʰtʰ(i)-"", -22.9038], [""sfard"", -23.0008], [""korfi-(d)"", -23.3878], [""tro-(d)"", -23.6349], [""kro-(d)"", -23.6349], [""katosn"", -24.4521], [""tsakʷrla-"", -24.4782], [""trodn"", -24.4996], [""sfard-"", -24.5978]]"
adaw	kot	-4.1928	"[[""kot"", -4.1928], [""sof"", -4.1928], [""ko-(t)"", -6.7989], [""kofuu"", -6.9612], [""kofu"", -6.9637], [""os-"", -7.0448], [""kowe"", -7.6086], [""kukok"", -7.6274], [""tso-"", -8.4125], [""kof(i)-"", -8.6075]]"
adawa	sof	-7.0051	"[[""sof"", -7.0051], [""kot"", -7.0051], [""=ms"", -8.7799], [""ko-(t)"", -8.9643], [""kʷisk"", -9.0235], [""kof(i)-"", -9.0542], [""tsiw-"", -9.6659], [""taats"", -9.7639], [""kofuu"", -9.7682], [""kofu"", -9.7918]]"
adawai	ko-(t)	-9.1608	"[[""ko-(t)"", -9.1608], [""kot"", -10.5127], [""sof"", -10.5127], [""kof(i)-"", -11.0491], [""kotsw(i)-"", -11.5876], [""=ms"", -12.2871], [""kotʰtʰ(i)-"", -12.3277], [""tsa-(t)"", -12.3643], [""tsiw-"", -12.4634], [""kʷisk"", -12.5264]]"
adawaij	kofu	-10.509	"[[""kofu"", -10.509], [""ko-(t)"", -11.99], [""kofuu"", -12.5855], [""kof(i)-"", -13.434], [""kotsw(i)-"", -13.5166], [""kotʰtʰ(i)-"", -13.6071], [""kot"", -14.0203], [""sof"", -14.0203], [""taakʷu"", -14.3423], [""tsa-(t)"", -15.1798]]"
adawaija	kofu	-14.0158	"[[""kofu"", -14.0158], [""kotʰtʰ(i)-"", -14.5827], [""ko-(t)"", -15.0468], [""kofuu"", -15.8705], [""kotsw(i)-"", -15.8892], [""kof(i)-"", -16.0486], [""kot"", -17.117], [""sof"", -17.117], [""buk"", -17.5276], [""puk"", -17.5276]]"
adi	tso-	-6.256	"[[""tso-"", -6.256], [""sof"", -6.9224], [""kot"", -6.9224], [""kofu"", -6.9598], [""kowe"", -6.9598], [""sako-"", -6.9793], [""tulo-"", -7.0076], [""tro"", -7.5073], [""kʷe-"", -7.7874], [""kʷi-"", -7.7874]]"
adik	kowe	-6.8802	"[[""kowe"", -6.8802], [""kʷe-"", -8.9256], [""kʷel-"", -9.0348], [""ko-(t)"", -9.0497], [""tso-"", -9.0785], [""kʷen"", -9.0935], [""kʷela"", -9.1453], [""tase"", -9.348], [""kave"", -9.3573], [""sako-"", -9.7995]]"
adiki	kʷe-	-8.5274	"[[""kʷe-"", -8.5274], [""ʃe-"", -9.8598], [""kowe"", -10.3735], [""ko-(t)"", -11.0555], [""kʷel-"", -11.243], [""kʷeːn-"", -11.2847], [""tse-"", -11.8937], [""kʷen"", -11.9231], [""tʰesa-"", -11.9336], [""kʷela-"", -11.9336]]"
adikit	kʷe-	-11.3514	"[[""kʷe-"", -11.3514], [""ʃe-"", -12.6858], [""kʷeːn-"", -13.456], [""ko-(t)"", -13.5059], [""kowe"", -13.8666], [""kʷel-"", -13.9633], [""tʰesa-"", -14.3697], [""kʷela-"", -14.3697], [""tse-"", -14.7349], [""kʷen"", -15.0252]]"
adikite	kʷe-	-14.4562	"[[""kʷe-"", -14.4562], [""ʃe-"", -15.7918], [""kʷeːn-"", -16.0688], [""ko-(t)"", -16.189], [""kʷel-"", -16.9045], [""kʷela-"", -17.1865], [""tʰesa-"", -17.1865], [""kʷe(si)-"", -17.3218], [""kowe"", -17.3595], [""tse-"", -17.8436]]"
adikites	kʷe-	-17.6769	"[[""kʷe-"", -17.6769], [""kʷeːn-"", -18.8958], [""ʃe-"", -19.0137], [""ko-(t)"", -19.0182], [""kʷela"", -19.2315], [""kʷe(si)-"", -19.3085], [""kʷel-"", -19.9689], [""tʰesa-"", -20.1122], [""kʷela-"", -20.1122], [""tesa"", -20.5893]]"
adikitesi	kʷe-	-20.9613	"[[""kʷe-"", -20.9613], [""kʷe(si)-"", -21.6828], [""kʷeːn-"", -21.8521], [""kʷela-"", -21.9052], [""tʰesa-"", -21.9052], [""ko-(t)"", -21.9485], [""ʃe-"", -22.2994], [""kʷi-"", -22.5201], [""kʷela"", -22.7174], [""kʷel-"", -23.1122]]"
adikitesir	kʷe(si)-	-23.3751	"[[""kʷe(si)-"", -23.3751], [""kʷe-"", -24.2861], [""kʷela-"", -24.8042], [""tʰesa-"", -24.8042], [""kof(i)-"", -24.8045], [""kʷeːn-"", -24.8955], [""ko-(t)"", -24.9531], [""ʃerl(i)-"", -25.2244], [""kʷi-"", -25.359], [""kotʰtʰ(i)-"", -25.4411]]"
adikitet	kʷe-	-17.6769	"[[""kʷe-"", -17.6769], [""kʷeːn-"", -18.8958], [""ʃe-"", -19.0137], [""ko-(t)"", -19.0182], [""kʷe(si)-"", -19.4218], [""kʷel-"", -19.9689], [""tʰesa-"", -20.1792], [""kʷela-"", -20.1792], [""kowe"", -20.8523], [""tse-"", -21.0648]]"
adikitete	kʷe-	-20.9613	"[[""kʷe-"", -20.9613], [""kʷeːn-"", -21.8521], [""kʷe(si)-"", -21.8986], [""ko-(t)"", -21.9485], [""ʃe-"", -22.2994], [""kʷel-"", -23.1122], [""kʷela-"", -23.2748], [""tʰesa-"", -23.2748], [""kowe"", -24.3448], [""tse-"", -24.3485]]"
adikiteter	kʷe-	-24.2861	"[[""kʷe-"", -24.2861], [""kʷe(si)-"", -24.5901], [""kʷeːn-"", -24.8955], [""ko-(t)"", -24.9531], [""ʃe-"", -25.6255], [""kʷel-"", -26.3103], [""kʷela-"", -26.4381], [""tʰesa-"", -26.4381], [""kʷe(si)=k"", -27.1182], [""kof(i)-"", -27.3258]]"
adikitu	kʷe-	-14.4562	"[[""kʷe-"", -14.4562], [""ʃe-"", -15.7918], [""kʷeːn-"", -16.0688], [""ko-(t)"", -16.189], [""kʷel-"", -16.9045], [""kʷela-"", -17.1865], [""tʰesa-"", -17.1865], [""kʷe(si)-"", -17.3218], [""kowe"", -17.3595], [""tse-"", -17.8436]]"
adikituj	kʷe-	-17.6769	"[[""kʷe-"", -17.6769], [""kʷeːn-"", -18.8958], [""ʃe-"", -19.0137], [""ko-(t)"", -19.0182], [""kʷe(si)-"", -19.4218], [""kofuu"", -19.7963], [""kofu"", -19.8361], [""kʷel-"", -19.9689], [""kʷela-"", -20.1792], [""tʰesa-"", -20.1792]]"
adikituja	kʷe(si)=k	-19.4097	"[[""kʷe(si)=k"", -19.4097], [""ko-(t)"", -20.8446], [""kʷe-"", -20.9613], [""kʷelis"", -21.4998], [""kot"", -21.7177], [""sof"", -21.7177], [""kʷe(si)-"", -21.7816], [""kʷeːn-"", -21.8521], [""moːus"", -22.1691], [""ʃe-"", -22.2993]]"
adikitujas	ko-(t)	-20.5851	"[[""ko-(t)"", -20.5851], [""kʷe(si)-"", -22.0008], [""tesa"", -22.1248], [""kʷe(si)=k"", -22.7741], [""tʰesa-"", -23.9119], [""kʷe-"", -24.286], [""sareta"", -24.4611], [""kʷãn-(t)"", -24.5966], [""kʷeːn-"", -24.8955], [""kʷelis"", -24.9937]]"
aea	kʷi=k	-5.6167	"[[""kʷi=k"", -5.6167], [""=k"", -5.6702], [""kʷisk"", -6.208], [""sof"", -6.2311], [""kot"", -6.2311], [""kat"", -6.2311], [""fak"", -6.2311], [""tfi-"", -6.8113], [""tso-"", -6.8113], [""tse-"", -6.8113]]"
aead	tso-	-7.4696	"[[""tso-"", -7.4696], [""sfa-"", -9.0423], [""tfi-"", -9.0423], [""tse-"", -9.0423], [""tis-"", -9.0445], [""kat-"", -9.0445], [""ko-(t)"", -9.072], [""kʷi=k"", -9.1114], [""karʃ-"", -9.1213], [""=k"", -9.1763]]"
aeadi	tso-	-7.0437	"[[""tso-"", -7.0437], [""tsito-"", -9.3906], [""sfato-"", -9.3906], [""takto-"", -9.7645], [""sako-"", -9.7737], [""ʃanto-"", -9.8123], [""iʃko-"", -10.4893], [""tfi-"", -11.7714], [""tse-"", -11.7714], [""sfa-"", -11.7714]]"
aeadik	tso-	-9.8676	"[[""tso-"", -9.8676], [""tsito-"", -12.2132], [""sfato-"", -12.2132], [""takto-"", -12.5882], [""sako-"", -12.5975], [""ʃanto-"", -12.636], [""kowe"", -13.1738], [""tase"", -13.1846], [""iʃko-"", -13.3131], [""tse-"", -13.6176]]"
aeadiki	tso-	-12.9726	"[[""tso-"", -12.9726], [""tse-"", -13.3601], [""kʷe-"", -14.4461], [""sfato-"", -15.3163], [""tsito-"", -15.3163], [""takto-"", -15.6925], [""sako-"", -15.7024], [""tsuwe-"", -15.7034], [""tsuve-"", -15.7034], [""ʃanto-"", -15.7409]]"
aeadikit	tse-	-16.1863	"[[""tse-"", -16.1863], [""tso-"", -16.1938], [""kʷe-"", -17.2714], [""tsuwe-"", -18.5283], [""tsuve-"", -18.5283], [""sfato-"", -18.535], [""tsito-"", -18.535], [""takto-"", -18.9128], [""sako-"", -18.9233], [""ʃanto-"", -18.962]]"
aeadikite	tse-	-19.2924	"[[""tse-"", -19.2924], [""tso-"", -19.4788], [""kʷe-"", -20.3768], [""tsuwe-"", -21.6331], [""tsuve-"", -21.6331], [""tsito-"", -21.8172], [""sfato-"", -21.8172], [""kʷeːn-"", -21.9857], [""tseʃi-"", -22.0103], [""tsato-(d)"", -22.0357]]"
aeadikitet	tse-	-22.5143	"[[""tse-"", -22.5143], [""tso-"", -22.8043], [""kʷe-"", -23.5981], [""kʷeːn-"", -24.8142], [""tsuve-"", -24.8535], [""tsuwe-"", -24.8535], [""tsato-(d)"", -24.8642], [""tseʃi-"", -25.0071], [""tsito-"", -25.1395], [""sfato-"", -25.1395]]"
aid	tro	-6.8955	"[[""tro"", -6.8955], [""sof"", -7.5306], [""kot"", -7.5306], [""kofu"", -7.6555], [""kowe"", -7.6557], [""kʷe-"", -7.7874], [""kʷi-"", -7.7874], [""ʃi-"", -8.3337], [""ʃe-"", -8.3337], [""tso-"", -8.448]]"
aida	kot	-4.191	"[[""kot"", -4.191], [""sof"", -4.191], [""kukok"", -6.9392], [""kofu"", -7.6396], [""kofuu"", -7.6657], [""kʷi=k"", -7.7823], [""kʷisk"", -8.6544], [""=k"", -8.7778], [""tso-"", -9.0533], [""kat"", -9.3426]]"
aidaa	kot	-7.0047	"[[""kot"", -7.0047], [""sof"", -7.0047], [""kʷisk"", -8.2874], [""taats"", -9.3498], [""kukok"", -9.7063], [""ko-(t)"", -9.9321], [""kʷi=k"", -10.0517], [""kofuu"", -10.0664], [""kofu"", -10.0778], [""os-"", -10.5338]]"
aidaau	kot	-10.5123	"[[""kot"", -10.5123], [""sof"", -10.5123], [""ko-(t)"", -11.6508], [""kʷisk"", -11.7929], [""kof(i)-"", -12.5181], [""taats"", -12.8554], [""os-"", -12.9693], [""kofuu"", -13.0502], [""kofu"", -13.0806], [""kukok"", -13.2103]]"
aidaj	kofu	-4.1891	"[[""kofu"", -4.1891], [""kofuu"", -6.9458], [""kot"", -7.6981], [""sof"", -7.6981], [""ko-(t)"", -9.9958], [""kukok"", -10.4402], [""os-"", -10.5492], [""kʷi=k"", -11.2843], [""tso-"", -11.6825], [""tsa-(t)"", -11.7931]]"
aidaja	kofu	-7.6954	"[[""kofu"", -7.6954], [""kofuu"", -10.0479], [""sof"", -10.5105], [""kot"", -10.5105], [""kʷisk"", -11.7609], [""kukok"", -12.1579], [""ko-(t)"", -12.294], [""kof(i)-"", -12.5579], [""moːus"", -12.8438], [""taats"", -12.8523]]"
aidajas	kofu	-11.2017	"[[""kofu"", -11.2017], [""ko-(t)"", -12.6447], [""kofuu"", -13.2676], [""kof(i)-"", -13.8019], [""sof"", -14.0181], [""kot"", -14.0181], [""sfa"", -14.0187], [""kuka-"", -14.1129], [""kotʰtʰ(i)-"", -14.5715], [""kʷisk"", -15.2513]]"
aij	kofu	-6.2561	"[[""kofu"", -6.2561], [""kup-"", -6.8192], [""kud"", -6.9224], [""kʷe-"", -7.7874], [""kʷi-"", -7.7874], [""ʃi-"", -8.3337], [""ʃe-"", -8.3337], [""kofuu"", -8.3696], [""taakʷu"", -8.5347], [""sfa-"", -8.6615]]"
aija	kukok	-6.2812	"[[""kukok"", -6.2812], [""kuka-"", -6.9211], [""kʷi=k"", -7.7823], [""kʷisk"", -8.6544], [""=k"", -8.7778], [""kup-"", -9.0595], [""kudkit"", -9.278], [""sof"", -9.3426], [""kot"", -9.3426], [""fak"", -9.3426]]"
ain	kʷen	-5.5946	"[[""kʷen"", -5.5946], [""kan"", -6.2457], [""kud"", -6.2457], [""sav"", -6.2457], [""ʃawn"", -6.2703], [""tamn"", -6.2703], [""tro"", -6.9224], [""fra"", -6.9224], [""kʷe-"", -7.7874], [""kʷi-"", -7.7874]]"
aina	ʃawls	-6.2683	"[[""ʃawls"", -6.2683], [""trfãn"", -6.9702], [""kʷi=k"", -7.7823], [""kʷel-"", -8.4339], [""kʷeːn-"", -8.4665], [""kʷisk"", -8.6544], [""=k"", -8.7778], [""kʷelis"", -8.9372], [""kudkit"", -9.0039], [""tʰorsa-"", -9.0117]]"
ainaj	karʃ-	-9.0997	"[[""karʃ-"", -9.0997], [""kofu"", -9.3406], [""trfãn"", -9.7736], [""ʃawls"", -9.7754], [""nu"", -10.5171], [""ko-(t)"", -11.0694], [""tʰorsa-"", -11.191], [""kʷel-"", -11.2423], [""kʷeːn-"", -11.2832], [""kʷi=k"", -11.2843]]"
ainaja	kʷalmlus	-11.2448	"[[""kʷalmlus"", -11.2448], [""kʷisk"", -11.7609], [""trf(i)-"", -11.8689], [""karʃ-"", -11.9147], [""kudkit"", -12.408], [""kukok"", -12.5538], [""trfãn"", -12.5829], [""ʃawls"", -12.586], [""kofu"", -12.8458], [""taats"", -12.8523]]"
ainajar	trf(i)-	-13.8641	"[[""trf(i)-"", -13.8641], [""kʷãn-(t)"", -14.0391], [""karʃ-"", -14.7238], [""kʷalmlus"", -14.7519], [""tsẽnʃi-(t)"", -15.2607], [""kʷisk"", -15.2652], [""karfto-"", -15.2862], [""kuka-"", -15.418], [""tsa-(t)"", -15.5281], [""kukok"", -15.6637]]"
ainajare	trf(i)-	-16.2493	"[[""trf(i)-"", -16.2493], [""kʷãn-(t)"", -16.8686], [""srfast(i)-"", -17.6707], [""karʃ-"", -17.8242], [""karfto-"", -18.0152], [""tsẽnʃi-(t)"", -18.0714], [""kolts(i)-"", -18.0885], [""kuka-"", -18.1363], [""kʷalmlus"", -18.2591], [""tsa-(t)"", -18.3793]]"
ainajaret	trf(i)-	-18.8643	"[[""trf(i)-"", -18.8643], [""srfast(i)-"", -19.6874], [""kʷãn-(t)"", -19.9717], [""kolts(i)-"", -20.1053], [""karfto-"", -20.9626], [""karʃ-"", -21.0434], [""kuka-"", -21.0794], [""tsẽnʃi-(t)"", -21.152], [""tutra-"", -21.3343], [""tsa-(t)"", -21.4806]]"
ainajareta	trf(i)-	-21.6339	"[[""trf(i)-"", -21.6339], [""srfast(i)-"", -22.1314], [""kukok"", -22.376], [""kolts(i)-"", -22.5584], [""kʷãn-(t)"", -23.1326], [""kʷe(si)=k"", -23.2888], [""katʰtʰirs"", -23.5681], [""karfto-"", -23.9541], [""kuka-"", -24.1068], [""tsẽnʃi-(t)"", -24.11]]"
ainw	tarb	-6.2437	"[[""tarb"", -6.2437], [""kʷel-"", -8.434], [""kʷeːn-"", -8.4666], [""kʷen"", -9.0591], [""kan-"", -9.0601], [""ʃar-"", -9.0601], [""ta-(d)"", -9.0807], [""Mlːim"", -9.085], [""sfar-"", -9.0925], [""sakn-"", -9.1088]]"
ainwa	=ms	-8.7811	"[[""=ms"", -8.7811], [""kʷalmlus"", -9.0589], [""tarp-"", -9.0998], [""ʃawls"", -9.7265], [""tarb"", -9.7508], [""lewɕ"", -10.3722], [""kʷi=k"", -10.3936], [""trfãn"", -10.472], [""kʷel-"", -11.2428], [""kʷeːn-"", -11.2835]]"
ainwaz	tavsa	-10.8282	"[[""tavsa"", -10.8282], [""tansa"", -10.8282], [""trfãn"", -11.4402], [""fra"", -11.6035], [""sfa"", -11.6061], [""tarp-"", -11.9229], [""=ms"", -12.2883], [""kʷalmlus"", -12.5615], [""karʃ-"", -12.5887], [""klːida"", -12.7746]]"
ainwaza	kulumsis	-10.6653	"[[""kulumsis"", -10.6653], [""kudkit"", -10.826], [""Sãntas"", -12.9971], [""tʰorsa-"", -12.9986], [""tawsa-"", -13.293], [""=mas"", -13.3745], [""kʷelis"", -13.5897], [""tarplati-"", -13.6131], [""satit"", -13.629], [""titiɕ"", -13.629]]"
ainwazaΦ	ʃarpta-(t)	-13.3899	"[[""ʃarpta-(t)"", -13.3899], [""kulumsis"", -14.1723], [""kudkit"", -14.333], [""tʰorsa-"", -15.8214], [""tawsa-"", -16.1156], [""tarplati-"", -16.4031], [""kʷãn-(t)"", -16.4593], [""trf(i)-"", -16.4913], [""tarta-"", -16.5], [""tavɕa-"", -16.5]]"
ainwazaΦn	trfãn	-15.1011	"[[""trfãn"", -15.1011], [""ʃarpta-(t)"", -16.0938], [""ʃlːẽtsad"", -17.4568], [""kulumsis"", -17.6794], [""kudkit"", -17.8401], [""kafolːtsn"", -18.4752], [""srfast(i)-"", -18.5611], [""kʷardolːtsn"", -18.7175], [""kʷrata-(d)"", -18.7857], [""trf(i)-"", -18.9167]]"
ainwazaΦni	kʷrata-(d)	-18.3979	"[[""kʷrata-(d)"", -18.3979], [""trfãn"", -18.6082], [""tarptʰa-(d)"", -18.6467], [""ʃarpta-(t)"", -19.0285], [""korfi-(d)"", -19.321], [""kʷir-, kʷr-"", -19.587], [""ʃlːipi-(d)"", -19.7788], [""ksplːtalː"", -19.9863], [""tdi-(d)"", -20.0507], [""ʃawtar-"", -20.293]]"
aiΘ	kʷe-	-7.7874	"[[""kʷe-"", -7.7874], [""kʷi-"", -7.7874], [""ʃe-"", -8.3337], [""ʃi-"", -8.3337], [""tso-"", -8.6615], [""tfi-"", -8.6615], [""sfa-"", -8.6615], [""tse-"", -8.6615], [""kat-"", -8.6847], [""tis-"", -8.6847]]"
aiΘt	kʷe-	-10.398	"[[""kʷe-"", -10.398], [""kʷi-"", -10.398], [""kʷel-"", -11.2007], [""tinV-"", -11.2342], [""ʃe-"", -11.2714], [""ʃi-"", -11.2714], [""tso-"", -11.4815], [""tse-"", -11.4815], [""tfi-"", -11.4815], [""sfa-"", -11.4815]]"
aiΘti	kʷe-	-13.2242	"[[""kʷe-"", -13.2242], [""kʷi-"", -13.2242], [""kʷel-"", -13.8217], [""tinV-"", -13.8487], [""ʃi-"", -14.3361], [""ʃe-"", -14.3361], [""tso-"", -14.4767], [""tse-"", -14.4767], [""sfa-"", -14.4767], [""tfi-"", -14.4767]]"
aiΘtij	kofu	-15.8264	"[[""kofu"", -15.8264], [""kʷi-"", -16.1802], [""kʷe-"", -16.1802], [""taakʷu"", -16.4795], [""kʷel-"", -16.6479], [""tinV-"", -16.6713], [""kup-"", -16.8619], [""kʷalːmlːu"", -16.8968], [""kud"", -17.3539], [""kofuu"", -17.409]]"
aiΘtija	kʷi=k	-16.176	"[[""kʷi=k"", -16.176], [""helũk"", -16.3656], [""kukok"", -16.7876], [""kʷalmlus"", -17.1955], [""kuka-"", -17.4352], [""kʷisk"", -17.5687], [""moːus"", -17.9704], [""=(i)s"", -18.3354], [""kʷe(si)=k"", -18.359], [""=k"", -18.6132]]"
aiΘtijas	kuka-	-18.3107	"[[""kuka-"", -18.3107], [""sfa"", -18.6185], [""kʷãn-(t)"", -19.0758], [""ko-(t)"", -19.2479], [""tsa-(t)"", -19.4776], [""kʷi=k"", -19.6521], [""helũk"", -19.8728], [""kukok"", -19.8853], [""tutra-"", -20.1322], [""tavsa"", -20.2344]]"
aiΘtijasa	kuka-	-17.9626	"[[""kuka-"", -17.9626], [""kudkit"", -18.3919], [""kulumsis"", -19.9682], [""kukok"", -20.2244], [""satit"", -20.2519], [""titiɕ"", -20.2519], [""kʷe(si)=k"", -20.4692], [""kʷisk"", -20.7419], [""tutra-"", -21.1808], [""kʷaʃa-"", -21.2439]]"
aiΘtijasas	kuka-	-20.7701	"[[""kuka-"", -20.7701], [""kudkit"", -21.8955], [""tsa- (tsak)"", -22.1508], [""fata"", -22.5109], [""fẽnstifi"", -22.7365], [""tsati-"", -22.8502], [""kʷe(si)-"", -22.8878], [""kʷaʃa-"", -23.4065], [""kulumsis"", -23.471], [""titiɕ"", -23.6524]]"
aiΘu	kʷe-	-10.398	"[[""kʷe-"", -10.398], [""kʷi-"", -10.398], [""kʷel-"", -11.2007], [""tinV-"", -11.2342], [""ʃe-"", -11.2714], [""ʃi-"", -11.2714], [""tso-"", -11.4815], [""tse-"", -11.4815], [""tfi-"", -11.4815], [""sfa-"", -11.4815]]"
aiΘuj	kofu	-12.5553	"[[""kofu"", -12.5553], [""kʷe-"", -13.2242], [""kʷi-"", -13.2242], [""kup-"", -13.5291], [""taakʷu"", -13.6108], [""kʷel-"", -13.8217], [""tinV-"", -13.8487], [""kud"", -13.8766], [""kofuu"", -14.2825], [""ʃe-"", -14.3361]]"
aiΘuja	kʷi=k	-13.22	"[[""kʷi=k"", -13.22], [""helũk"", -13.2773], [""kukok"", -13.2864], [""kuka-"", -13.9311], [""kʷalmlus"", -14.3889], [""kʷisk"", -14.4709], [""moːus"", -14.9703], [""=k"", -15.2868], [""=(i)s"", -15.5082], [""fak"", -15.8542]]"
aiΘut	kʷe-	-13.2242	"[[""kʷe-"", -13.2242], [""kʷi-"", -13.2242], [""kʷel-"", -13.8217], [""tinV-"", -13.8487], [""ʃi-"", -14.3361], [""ʃe-"", -14.3361], [""tso-"", -14.4767], [""tse-"", -14.4767], [""sfa-"", -14.4767], [""tfi-"", -14.4767]]"
aiΘuti	kʷi-	-16.1802	"[[""kʷi-"", -16.1802], [""kʷe-"", -16.1802], [""kʷel-"", -16.6479], [""tinV-"", -16.6713], [""ʃe-"", -17.4814], [""ʃi-"", -17.4814], [""tso-"", -17.5743], [""tfi-"", -17.5743], [""tse-"", -17.5743], [""sfa-"", -17.5743]]"
aiΘutin	kʷen	-17.4678	"[[""kʷen"", -17.4678], [""ʃawn"", -19.1425], [""tamn"", -19.1425], [""kan"", -19.186], [""kud"", -19.186], [""sav"", -19.186], [""kʷe-"", -19.2238], [""kʷi-"", -19.2238], [""kʷelad"", -19.2579], [""kʷeːn-"", -19.351]]"
aiΘutinu	kʷeːn-	-19.0273	"[[""kʷeːn-"", -19.0273], [""ta-(d)"", -19.2479], [""tro-(d)"", -19.5174], [""tdi-(d)"", -19.5174], [""kro-(d)"", -19.5174], [""kʷel-"", -20.2659], [""kʷen"", -20.9634], [""kʷir-, kʷr-"", -21.5509], [""ʃapi-(d)"", -21.5688], [""tawa-(d)"", -21.5688]]"
aiΘutinuj	kʷeːn-	-21.8517	"[[""kʷeːn-"", -21.8517], [""kʷalːmlːu"", -21.9265], [""ta-(d)"", -22.0721], [""tro-(d)"", -22.3393], [""tdi-(d)"", -22.3393], [""kro-(d)"", -22.3393], [""kʷel-"", -23.1117], [""kʷir-, kʷr-"", -24.3614], [""ʃapi-(d)"", -24.3919], [""tawa-(d)"", -24.3919]]"
aiΘutinuja	kʷalmlus	-22.5834	"[[""kʷalmlus"", -22.5834], [""helũk"", -23.0691], [""kʷeːn-"", -24.9561], [""ta-(d)"", -25.1764], [""kʷalːmlːu"", -25.4295], [""kro-(d)"", -25.439], [""tro-(d)"", -25.439], [""tdi-(d)"", -25.439], [""kʷi=k"", -25.4806], [""alus"", -26.075]]"
aiΘw	kim	-9.3524	"[[""kim"", -9.3524], [""tarb"", -9.3573], [""kʷe-"", -10.398], [""kʷi-"", -10.398], [""kʷel-"", -11.2007], [""tinV-"", -11.2342], [""ʃi-"", -11.2714], [""ʃe-"", -11.2714], [""kup-"", -11.2945], [""ʃaw-"", -11.2945]]"
aiΘwa	=ms	-8.7811	"[[""=ms"", -8.7811], [""kʷi=k"", -10.3936], [""kʷisk"", -11.4754], [""=k"", -12.0006], [""=mas"", -12.1371], [""saw-"", -12.1523], [""kup-"", -12.1523], [""tam-"", -12.1523], [""ʃaw-"", -12.1523], [""kʷalmlus"", -12.1601]]"
aiΘwae	=ms	-12.2883	"[[""=ms"", -12.2883], [""ko-(t)"", -13.5778], [""kʷi=k"", -13.8976], [""tsa-(t)"", -14.0286], [""kʷãn-(t)"", -14.5049], [""tsiw-"", -14.8488], [""kʷisk"", -14.9434], [""tawsa-"", -14.9467], [""saw-"", -14.9934], [""kup-"", -14.9934]]"
aiΘwaea	kʷisk	-14.7113	"[[""kʷisk"", -14.7113], [""=ms"", -15.1025], [""kʷi=k"", -15.8978], [""taats"", -16.0574], [""ko-(t)"", -16.37], [""kʷe(si)=k"", -16.466], [""tsa-(t)"", -16.7743], [""kʷãn-(t)"", -17.2333], [""wsta-"", -17.3216], [""tawsa-"", -17.5534]]"
aiΘwaead	fabatko	-16.8	"[[""fabatko"", -16.8], [""kʷisk"", -18.2163], [""ʃarpta-(t)"", -18.3788], [""tsa-(t)"", -18.5655], [""=ms"", -18.6101], [""ko-(t)"", -18.6687], [""kʷãn-(t)"", -18.8503], [""kʷi=k"", -19.4037], [""wsta-"", -19.5571], [""taats"", -19.5628]]"
aiΘwaeadi	takto-	-19.5683	"[[""takto-"", -19.5683], [""karfto-"", -19.6001], [""tso-"", -19.9727], [""tsito-"", -20.1386], [""sfato-"", -20.1386], [""fabatko"", -20.3062], [""ʃarpta-(t)"", -21.1918], [""tsa-(t)"", -21.4675], [""ko-(t)"", -21.6432], [""kʷiʃtori-"", -21.6601]]"
aiΘwaeadik	takto-	-22.3924	"[[""takto-"", -22.3924], [""karfto-"", -22.424], [""tso-"", -22.7985], [""tsito-"", -22.9626], [""sfato-"", -22.9626], [""fabatko"", -23.8123], [""kʷiʃtori-"", -24.0954], [""ʃarpta-(t)"", -24.2767], [""tsa-(t)"", -24.5914], [""ko-(t)"", -24.7906]]"
aiΘwaj	=ms	-12.2883	"[[""=ms"", -12.2883], [""kofu"", -12.5651], [""ko-(t)"", -13.5778], [""kʷi=k"", -13.8976], [""pu"", -14.0243], [""bu"", -14.0243], [""tsa-(t)"", -14.0286], [""kʷãn-(t)"", -14.5049], [""kʷalːmlːu"", -14.5223], [""kup-"", -14.8435]]"
aiΘwaja	buk	-14.0214	"[[""buk"", -14.0214], [""puk"", -14.0214], [""kʷisk"", -14.7113], [""kʷalmlus"", -14.8609], [""=ms"", -15.1025], [""kʷi=k"", -15.8978], [""moːus"", -16.0095], [""kukok"", -16.0422], [""taats"", -16.0574], [""kofu"", -16.0705]]"
aiΘwajaa	kukok	-16.6602	"[[""kukok"", -16.6602], [""kʷisk"", -16.7643], [""puk"", -16.8369], [""buk"", -16.8369], [""kʷalmlus"", -17.6755], [""taats"", -18.1818], [""=ms"", -18.2041], [""kʷe(si)=k"", -18.2996], [""ʃarpta-(t)"", -18.3119], [""tsa-(t)"", -18.53]]"
aiΘwajaad	fabatko	-18.7837	"[[""fabatko"", -18.7837], [""kukok"", -19.5312], [""ʃarpta-(t)"", -20.0264], [""kʷisk"", -20.271], [""buk"", -20.3445], [""puk"", -20.3445], [""tsa-(t)"", -20.6526], [""tsa- (tsak)"", -20.7216], [""kʷãn-(t)"", -21.0643], [""kʷalmlus"", -21.1831]]"
aiΘwajaadi	karfto-	-21.7233	"[[""karfto-"", -21.7233], [""takto-"", -21.741], [""fabatko"", -22.2899], [""sfato-"", -22.4914], [""tsito-"", -22.4914], [""kukok"", -22.6527], [""tutrlo-"", -22.7347], [""tso-"", -22.7885], [""ʃarpta-(t)"", -22.9235], [""iʃkupto-"", -23.1457]]"
aiΘwajaaj	kofuu	-19.5636	"[[""kofuu"", -19.5636], [""ʃarpta-(t)"", -20.0264], [""kukok"", -20.1156], [""kʷisk"", -20.271], [""buk"", -20.3441], [""puk"", -20.3441], [""tsa-(t)"", -20.6526], [""tsa- (tsak)"", -20.7216], [""taakʷu"", -20.8068], [""kʷãn-(t)"", -21.0643]]"
aiΘwajaaja	kukok	-21.9664	"[[""kukok"", -21.9664], [""kʷisk"", -22.8349], [""ʃarpta-(t)"", -22.8846], [""kofuu"", -23.0657], [""kʷe(si)=k"", -23.1213], [""buk"", -23.1596], [""puk"", -23.1596], [""tsa- (tsak)"", -23.3467], [""katʰtʰirs"", -23.414], [""tsa-(t)"", -23.5652]]"
aiΘwajaj	kofuu	-16.064	"[[""kofuu"", -16.064], [""buk"", -17.5277], [""puk"", -17.5277], [""taakʷu"", -18.2014], [""kofu"", -18.2118], [""kʷisk"", -18.2163], [""kʷalmlus"", -18.3663], [""ʃarpta-(t)"", -18.3788], [""tsa-(t)"", -18.5655], [""=ms"", -18.6101]]"
aiΘwajaja	kukok	-19.4912	"[[""kukok"", -19.4912], [""kofuu"", -19.5684], [""buk"", -19.9395], [""puk"", -19.9395], [""kʷisk"", -20.2619], [""kʷalmlus"", -20.4882], [""kʷe(si)=k"", -20.7495], [""ʃarpta-(t)"", -21.0967], [""moːus"", -21.2943], [""katʰtʰirs"", -21.3509]]"
aiΘwajajaa	kukok	-21.7437	"[[""kukok"", -21.7437], [""ʃarpta-(t)"", -22.604], [""kʷisk"", -22.7115], [""puk"", -22.937], [""buk"", -22.937], [""kʷe(si)=k"", -23.0167], [""kofuu"", -23.0728], [""estsats"", -23.3136], [""tsa-(t)"", -23.378], [""kʷalmlus"", -23.4343]]"
aiΘwajajad	fabatko	-22.284	"[[""fabatko"", -22.284], [""kukok"", -22.4165], [""ʃarpta-(t)"", -22.6324], [""kofuu"", -23.0729], [""tsa-(t)"", -23.4026], [""buk"", -23.447], [""puk"", -23.447], [""tsa- (tsak)"", -23.6694], [""kʷisk"", -23.7682], [""takʷtula-"", -23.8743]]"
aiΘwajajai	ʃarpta-(t)	-22.6324	"[[""ʃarpta-(t)"", -22.6324], [""kukok"", -22.9524], [""kofuu"", -23.0729], [""tsa-(t)"", -23.4026], [""buk"", -23.447], [""puk"", -23.447], [""tsa- (tsak)"", -23.6694], [""kʷisk"", -23.7682], [""takʷtula-"", -23.8743], [""kʷalmlus"", -23.9956]]"
aiΘwajajaj	kofuu	-21.4877	"[[""kofuu"", -21.4877], [""ʃarpta-(t)"", -22.6324], [""kukok"", -22.9523], [""tsa-(t)"", -23.4026], [""buk"", -23.4467], [""puk"", -23.4467], [""taakʷu"", -23.628], [""tsa- (tsak)"", -23.6694], [""kʷisk"", -23.7682], [""takʷtula-"", -23.8285]]"
aiΘwajajas	ʃarpta-(t)	-22.6319	"[[""ʃarpta-(t)"", -22.6319], [""kukok"", -22.9524], [""kofuu"", -23.0729], [""tesasta"", -23.1215], [""tsa- (tsak)"", -23.1415], [""kuka-"", -23.1873], [""fẽnstifi"", -23.1966], [""tsa-(t)"", -23.402], [""buk"", -23.447], [""puk"", -23.447]]"
aiΘwajas	sfa	-17.5259	"[[""sfa"", -17.5259], [""buk"", -17.5286], [""puk"", -17.5286], [""kuka-"", -17.6192], [""kʷisk"", -18.2071], [""wsta-"", -18.2933], [""kʷalmlus"", -18.368], [""ʃarpta-(t)"", -18.3739], [""wiɕɕi"", -18.3942], [""weɕfa"", -18.3942]]"
aiΘwajase	kuka-	-17.2737	"[[""kuka-"", -17.2737], [""wsta-"", -17.9626], [""tawsa-"", -19.5871], [""tsfisa-"", -19.9421], [""kasta-"", -19.9691], [""sfa-"", -20.3713], [""tfi-"", -20.3713], [""tsuni-"", -20.4784], [""tutra-"", -20.4895], [""tsati-"", -20.5018]]"
aiΘwajasek	kuka-	-20.0979	"[[""kuka-"", -20.0979], [""wsta-"", -20.787], [""tawsa-"", -22.4153], [""kʷe(si)-"", -22.6285], [""tsfisa-"", -22.6573], [""kasta-"", -22.7936], [""tfi-"", -23.1986], [""sfa-"", -23.1986], [""tsati-"", -23.3089], [""tutra-"", -23.3112]]"
aiΘwajat	buk	-17.5286	"[[""buk"", -17.5286], [""puk"", -17.5286], [""kʷisk"", -18.2163], [""kʷalmlus"", -18.3681], [""ʃarpta-(t)"", -18.3788], [""tsa-(t)"", -18.5655], [""=ms"", -18.6101], [""ko-(t)"", -18.6689], [""kʷãn-(t)"", -18.8503], [""kuka-"", -18.9231]]"
aiΘwajatu	buk	-21.0358	"[[""buk"", -21.0358], [""puk"", -21.0358], [""ʃarpta-(t)"", -21.1918], [""tsa-(t)"", -21.4675], [""kuka-"", -21.6421], [""ko-(t)"", -21.6442], [""kʷisk"", -21.7212], [""kʷãn-(t)"", -21.7404], [""kʷalmlus"", -21.8752], [""tsuwe-"", -22.0175]]"
aiΘwajatur	ʃarpta-(t)	-24.2767	"[[""ʃarpta-(t)"", -24.2767], [""puk"", -24.543], [""buk"", -24.543], [""kuka-"", -24.5855], [""tsa-(t)"", -24.5914], [""ko-(t)"", -24.8052], [""tutra-"", -24.8438], [""kʷãn-(t)"", -24.8657], [""tsuwe-"", -25.011], [""tsuve-"", -25.0175]]"
aja	kukok	-2.7773	"[[""kukok"", -2.7773], [""kuka-"", -3.4154], [""kup-"", -5.5959], [""kʷi=k"", -5.6167], [""=k"", -5.6702], [""kudkit"", -5.8123], [""tutra-"", -6.201], [""kʷisk"", -6.208], [""kat"", -6.2311], [""kot"", -6.2311]]"
ajaa	kukok	-3.3325	"[[""kukok"", -3.3325], [""kuka-"", -5.3713], [""kʷisk"", -5.575], [""tutra-"", -6.2356], [""taats"", -6.263], [""kudkit"", -6.6392], [""kʷi=k"", -7.5483], [""=k"", -8.2695], [""kup-"", -8.3058], [""tutrlo-"", -8.3806]]"
ajaad	kukok	-6.1996	"[[""kukok"", -6.1996], [""kuka-"", -7.9507], [""tutra-"", -8.4047], [""kʷisk"", -9.0798], [""fabatko"", -9.327], [""tutrlo-"", -9.6201], [""taats"", -9.7683], [""tso-"", -9.815], [""kudkit"", -10.0766], [""takto-"", -10.1676]]"
ajaadi	kukok	-9.3197	"[[""kukok"", -9.3197], [""tutrlo-"", -9.4006], [""tso-"", -9.4542], [""takto-"", -9.7416], [""karfto-"", -9.8058], [""sfato-"", -10.2791], [""tsito-"", -10.2791], [""kuka-"", -10.8176], [""tutra-"", -11.1081], [""sulːo-"", -11.8377]]"
ajaadik	tutrlo-	-12.2233	"[[""tutrlo-"", -12.2233], [""tso-"", -12.2787], [""kukok"", -12.5485], [""takto-"", -12.5655], [""karfto-"", -12.6296], [""sfato-"", -13.1028], [""tsito-"", -13.1028], [""kuka-"", -13.8383], [""tutra-"", -14.0386], [""sulːo-"", -14.6615]]"
ajaadiki	tutrlo-	-15.3247	"[[""tutrlo-"", -15.3247], [""tso-"", -15.384], [""takto-"", -15.6704], [""karfto-"", -15.7346], [""tse-"", -15.7729], [""kukok"", -15.8383], [""sfato-"", -16.2074], [""tsito-"", -16.2074], [""kuka-"", -16.9538], [""tutra-"", -17.0951]]"
ajaadikit	tutrlo-	-18.5411	"[[""tutrlo-"", -18.5411], [""tse-"", -18.5996], [""tso-"", -18.6053], [""takto-"", -18.8916], [""karfto-"", -18.9557], [""kukok"", -19.167], [""sfato-"", -19.4281], [""tsito-"", -19.4281], [""kuka-"", -20.1333], [""tutra-"", -20.2319]]"
ajaadikite	tse-	-21.7059	"[[""tse-"", -21.7059], [""tutrlo-"", -21.8205], [""tso-"", -21.8904], [""takto-"", -22.1766], [""karfto-"", -22.2407], [""kukok"", -22.5228], [""sfato-"", -22.7125], [""tsito-"", -22.7125], [""tsato-(d)"", -22.9258], [""kuka-"", -23.359]]"
ajaaj	kukok	-6.7874	"[[""kukok"", -6.7874], [""kuka-"", -7.9502], [""tutra-"", -8.4043], [""kofu"", -8.6628], [""kʷisk"", -9.0798], [""taakʷu"", -9.0827], [""taats"", -9.7683], [""kudkit"", -10.0747], [""kofuu"", -10.0882], [""tutrlo-"", -10.6319]]"
ajaaja	kukok	-8.6233	"[[""kukok"", -8.6233], [""kuka-"", -10.6575], [""kʷisk"", -11.0924], [""tutra-"", -11.0941], [""kudkit"", -11.7109], [""taats"", -11.8911], [""kofu"", -12.1685], [""tsuni-"", -12.1704], [""tsuve-"", -12.1704], [""tsuwe-"", -12.1704]]"
ajad	kukok	-4.0239	"[[""kukok"", -4.0239], [""kuka-"", -5.5943], [""tutra-"", -6.264], [""tutrlo-"", -7.3141], [""tso-"", -7.4696], [""kup-"", -8.306], [""tulo-"", -8.5389], [""kudkit"", -9.005], [""tse-"", -9.0423], [""sfa-"", -9.0423]]"
ajadi	kukok	-6.8916	"[[""kukok"", -6.8916], [""tutrlo-"", -7.0008], [""tso-"", -7.0437], [""kuka-"", -8.3108], [""tutra-"", -8.696], [""sulːo-"", -9.1271], [""tsito-"", -9.3906], [""sfato-"", -9.3906], [""tulo-"", -9.6441], [""takto-"", -9.7645]]"
ajadik	tutrlo-	-9.821	"[[""tutrlo-"", -9.821], [""tso-"", -9.8676], [""kukok"", -10.0118], [""kuka-"", -11.2532], [""tutra-"", -11.5121], [""sulːo-"", -11.9484], [""tsito-"", -12.2132], [""sfato-"", -12.2132], [""tulo-"", -12.4913], [""takto-"", -12.5882]]"
ajadiki	tutrlo-	-12.9202	"[[""tutrlo-"", -12.9202], [""tso-"", -12.9726], [""kukok"", -13.2408], [""tse-"", -13.3601], [""kuka-"", -14.3207], [""kʷe-"", -14.4461], [""tutra-"", -14.5051], [""sulːo-"", -15.048], [""sfato-"", -15.3163], [""tsito-"", -15.3163]]"
ajadikit	tutrlo-	-16.1342	"[[""tutrlo-"", -16.1342], [""tse-"", -16.1863], [""tso-"", -16.1938], [""kukok"", -16.5305], [""kʷe-"", -17.2714], [""kuka-"", -17.4679], [""tutra-"", -17.6013], [""sulːo-"", -18.2617], [""tsuwe-"", -18.4506], [""tsuve-"", -18.4506]]"
ajadikitu	tse-	-19.2924	"[[""tse-"", -19.2924], [""tutrlo-"", -19.4109], [""tso-"", -19.4788], [""kukok"", -19.8592], [""kʷe-"", -20.3768], [""kuka-"", -20.6702], [""tutra-"", -20.7655], [""sulːo-"", -21.5372], [""tsuve-"", -21.556], [""tsuwe-"", -21.556]]"
ajadikituj	tse-	-22.5143	"[[""tse-"", -22.5143], [""tutrlo-"", -22.7268], [""tso-"", -22.8043], [""kukok"", -23.215], [""kʷe-"", -23.5981], [""kuka-"", -23.9131], [""tutra-"", -23.9779], [""ʃupat(i)-"", -24.7217], [""tsuwe-"", -24.7743], [""tsuve-"", -24.7743]]"
ajai	kuka-	-5.5943	"[[""kuka-"", -5.5943], [""kukok"", -5.87], [""tutra-"", -6.264], [""kup-"", -8.306], [""tutrlo-"", -8.5182], [""tulo-"", -8.697], [""kudkit"", -9.005], [""tfi-"", -9.0423], [""sfa-"", -9.0423], [""tso-"", -9.0423]]"
ajain	tutra-	-6.8149	"[[""tutra-"", -6.8149], [""kud"", -7.0052], [""kuka-"", -8.3108], [""tutrlo-"", -8.9366], [""kukok"", -9.0779], [""sfard"", -9.7353], [""tulo-"", -10.181], [""un"", -10.5162], [""kʷen"", -11.0252], [""kup-"", -11.2438]]"
ajainw	tutra-	-9.0559	"[[""tutra-"", -9.0559], [""tutrlo-"", -9.6481], [""kud"", -10.5124], [""kuka-"", -11.2532], [""u-(d)"", -12.0055], [""=tlː"", -12.0272], [""tarb"", -12.1753], [""kukok"", -12.3495], [""tulo-"", -12.5071], [""sfar-"", -12.5086]]"
ajainwa	tutra-	-11.789	"[[""tutra-"", -11.789], [""tutrlo-"", -12.1106], [""kukok"", -12.5493], [""kudkit"", -12.8316], [""kulumsis"", -13.0779], [""kup-"", -13.3571], [""kud"", -14.0195], [""kuka-"", -14.2799], [""kʷalmlus"", -14.4871], [""sulːo-"", -14.779]]"
ajainwaz	tutra-	-14.2157	"[[""tutra-"", -14.2157], [""kulumsis"", -14.6696], [""kudkit"", -14.7863], [""tutrlo-"", -14.9374], [""kukok"", -16.0421], [""kup-"", -16.1852], [""ksplːtalː"", -16.6999], [""tavsa"", -16.7549], [""tansa"", -16.7549], [""kuka-"", -16.9156]]"
ajainwaza	kulumsis	-11.4041	"[[""kulumsis"", -11.4041], [""kudkit"", -11.5992], [""tutra-"", -14.4345], [""sfarwa-"", -17.1323], [""kuka-"", -17.2464], [""tutrlo-"", -17.9358], [""tsfisa-"", -18.2578], [""tʰorsa-"", -18.4454], [""kukok"", -18.4947], [""kumlilis"", -18.5421]]"
ajainwazaΦ	kulumsis	-14.9111	"[[""kulumsis"", -14.9111], [""kudkit"", -15.1062], [""tutra-"", -17.2669], [""ʃarpta-(t)"", -19.3212], [""sfarwa-"", -19.9599], [""kuka-"", -20.0805], [""tsa- (tsak)"", -20.1701], [""tsẽnʃi-(t)"", -20.3014], [""tsfisa-"", -20.5534], [""tutrlo-"", -21.0352]]"
ajaj	kuka-	-5.5934	"[[""kuka-"", -5.5934], [""kukok"", -5.8688], [""kofu"", -6.2147], [""tutra-"", -6.2631], [""kofuu"", -6.8236], [""kup-"", -8.1035], [""tutrlo-"", -8.5174], [""tulo-"", -8.6776], [""kud"", -8.8755], [""kudkit"", -8.9908]]"
ajaja	kukok	-6.1468	"[[""kukok"", -6.1468], [""kuka-"", -8.0087], [""tutra-"", -8.665], [""kʷisk"", -9.0235], [""kudkit"", -9.4337], [""kofu"", -9.7193], [""tsuwe-"", -9.7568], [""tsuni-"", -9.7568], [""tsuve-"", -9.7568], [""taats"", -9.7639]]"
ajajaa	kukok	-8.3399	"[[""kukok"", -8.3399], [""kuka-"", -10.5838], [""kʷisk"", -10.6745], [""tutra-"", -11.0902], [""kudkit"", -11.4792], [""taats"", -11.6616], [""tsuni-"", -12.1918], [""tsuve-"", -12.1918], [""tsuwe-"", -12.1918], [""tsa-(t)"", -12.3021]]"
ajajad	kukok	-9.0144	"[[""kukok"", -9.0144], [""kuka-"", -10.6877], [""tutra-"", -11.0999], [""tsuni-"", -12.1923], [""tsuwe-"", -12.1923], [""tsuve-"", -12.1923], [""tutrlo-"", -12.3538], [""tsa-(t)"", -12.3643], [""kʷisk"", -12.5264], [""fabatko"", -12.7998]]"
ajajadi	kukok	-12.1347	"[[""kukok"", -12.1347], [""tutrlo-"", -12.2078], [""tso-"", -12.9586], [""tsito-"", -13.1809], [""sfato-"", -13.1809], [""takto-"", -13.2189], [""karfto-"", -13.3064], [""kuka-"", -13.5876], [""tutra-"", -13.866], [""iʃkupto-"", -13.8718]]"
ajajadik	tutrlo-	-15.0314	"[[""tutrlo-"", -15.0314], [""kukok"", -15.3636], [""tso-"", -15.7842], [""sfato-"", -16.0048], [""tsito-"", -16.0048], [""takto-"", -16.0429], [""karfto-"", -16.1302], [""kuka-"", -16.6228], [""iʃkupto-"", -16.6956], [""tutra-"", -16.8201]]"
ajajadiki	tutrlo-	-18.1332	"[[""tutrlo-"", -18.1332], [""kukok"", -18.6534], [""tsuwe-"", -18.8109], [""tsuve-"", -18.8109], [""tso-"", -18.8899], [""tsito-"", -19.1097], [""sfato-"", -19.1097], [""takto-"", -19.1479], [""karfto-"", -19.2352], [""tse-"", -19.2781]]"
ajajadikit	tutrlo-	-21.3498	"[[""tutrlo-"", -21.3498], [""tsuve-"", -21.6636], [""tsuwe-"", -21.6636], [""kukok"", -21.9821], [""tse-"", -22.1056], [""tso-"", -22.1113], [""tsito-"", -22.3306], [""sfato-"", -22.3306], [""takto-"", -22.369], [""karfto-"", -22.4563]]"
ajajai	kukok	-9.6019	"[[""kukok"", -9.6019], [""kuka-"", -10.6877], [""tutra-"", -11.0999], [""tsuve-"", -12.1923], [""tsuni-"", -12.1923], [""tsuwe-"", -12.1923], [""tsa-(t)"", -12.3643], [""kʷisk"", -12.5264], [""kudkit"", -12.8727], [""kofu"", -13.2239]]"
ajajain	tutra-	-12.3598	"[[""tutra-"", -12.3598], [""kud"", -12.9241], [""kukok"", -13.0582], [""kuka-"", -13.5876], [""tsuni-"", -13.6792], [""tsuve-"", -13.6792], [""tutrlo-"", -14.3704], [""tsuwe-"", -15.0088], [""tsa-(t)"", -15.1798], [""sfard"", -15.3575]]"
ajajainw	tutra-	-14.6541	"[[""tutra-"", -14.6541], [""tutrlo-"", -15.2442], [""tsuni-"", -16.0057], [""tsuve-"", -16.0057], [""kud"", -16.4314], [""kukok"", -16.5158], [""kuka-"", -16.6228], [""tsuwe-"", -17.0214], [""u-(d)"", -17.1329], [""=tlː"", -17.9516]]"
ajajainwa	tutra-	-17.4009	"[[""tutra-"", -17.4009], [""tutrlo-"", -17.717], [""kusedus pusedus"", -17.8252], [""kukok"", -17.9736], [""katʰtʰirs"", -18.0366], [""kulumsis"", -18.5148], [""kudkit"", -18.6972], [""tsuve-"", -18.762], [""tsuni-"", -18.762], [""kup-"", -19.2736]]"
ajajainwaz	tutra-	-19.839	"[[""tutra-"", -19.839], [""kulumsis"", -20.1265], [""tutrlo-"", -20.5475], [""kudkit"", -20.693], [""kusedus pusedus"", -20.97], [""tsuni-"", -21.2101], [""kukok"", -21.4707], [""katʰtʰirs"", -21.5248], [""tsuve-"", -21.7219], [""kup-"", -22.1034]]"
ajajaj	kukok	-9.6018	"[[""kukok"", -9.6018], [""kofuu"", -9.6979], [""kuka-"", -10.6875], [""tutra-"", -11.0997], [""kofu"", -11.659], [""taakʷu"", -11.9037], [""tsuve-"", -12.1636], [""tsuwe-"", -12.1636], [""tsuni-"", -12.1636], [""tsa-(t)"", -12.3643]]"
ajajaja	kukok	-11.4432	"[[""kukok"", -11.4432], [""kusedus pusedus"", -11.8469], [""kofuu"", -13.2016], [""kuka-"", -13.4719], [""tutra-"", -13.8563], [""kʷisk"", -14.1618], [""kudkit"", -14.5243], [""tsuve-"", -14.6017], [""tsuwe-"", -14.6017], [""tsuni-"", -14.6017]]"
ajajas	kukok	-9.6019	"[[""kukok"", -9.6019], [""kuka-"", -9.7405], [""sfa"", -10.5115], [""tutra-"", -10.9942], [""tsuni-"", -12.0831], [""tsuwe-"", -12.1923], [""tsuve-"", -12.1923], [""kudkit"", -12.3529], [""tsa-(t)"", -12.3581], [""kʷisk"", -12.5006]]"
ajajasa	kuka-	-9.5626	"[[""kuka-"", -9.5626], [""kudkit"", -9.7379], [""kulumsis"", -10.5235], [""tsfisa-"", -11.3493], [""kukok"", -11.4572], [""tutra-"", -12.3852], [""satit"", -12.9598], [""titiɕ"", -12.9598], [""tsati-"", -13.0481], [""sfa-"", -13.3559]]"
ajajasas	fẽnstifi	-11.946	"[[""fẽnstifi"", -11.946], [""tsfisa-"", -12.3565], [""kuka-"", -12.3743], [""kudkit"", -13.2424], [""kulumsis"", -14.027], [""tsati-"", -14.6166], [""kukok"", -14.9478], [""fata"", -15.0958], [""tutra-"", -15.2017], [""tsa- (tsak)"", -15.6744]]"
ajajasasa	tsfisa-	-12.0262	"[[""tsfisa-"", -12.0262], [""tsati-"", -14.4411], [""estsats"", -15.0229], [""kuka-"", -15.0349], [""titiɕ"", -15.0861], [""satit"", -15.0861], [""kudkit"", -15.1912], [""fẽnstifi"", -15.4351], [""kulumsis"", -15.7776], [""kʷisk"", -16.1669]]"
ajajasasar	tsfisa-	-14.844	"[[""tsfisa-"", -14.844], [""tsati-"", -17.2634], [""tsaʃi-(t)"", -17.4609], [""kuka-"", -18.09], [""tsa- (tsak)"", -18.1329], [""estsats"", -18.5239], [""titiɕ"", -18.5931], [""satit"", -18.5931], [""kudkit"", -18.6985], [""fẽnstifi"", -18.9245]]"
ajajaw	kukok	-9.6019	"[[""kukok"", -9.6019], [""tsuwe-"", -10.315], [""kuka-"", -10.6877], [""tutra-"", -11.0999], [""tsuni-"", -12.1923], [""tsuve-"", -12.1923], [""tsa-(t)"", -12.3643], [""kʷisk"", -12.5264], [""kup-"", -12.574], [""kudkit"", -12.8727]]"
ajajawa	kukok	-11.4572	"[[""kukok"", -11.4572], [""kup-"", -12.2694], [""kulumsis"", -12.3794], [""tsuwe-"", -12.5564], [""istup-"", -13.2973], [""kuka-"", -13.5297], [""iʃkupto-"", -13.8543], [""tutra-"", -13.8614], [""kʷisk"", -14.1618], [""kudkit"", -14.5383]]"
ajar	kuka-	-5.5943	"[[""kuka-"", -5.5943], [""kukok"", -5.87], [""tutra-"", -6.264], [""kup-"", -8.306], [""tutrlo-"", -8.5182], [""tulo-"", -8.697], [""kudkit"", -9.005], [""tfi-"", -9.0423], [""sfa-"", -9.0423], [""tso-"", -9.0423]]"
ajare	kuka-	-8.3108	"[[""kuka-"", -8.3108], [""tutra-"", -8.696], [""kukok"", -9.0779], [""tutrlo-"", -10.9054], [""kup-"", -11.2438], [""tulo-"", -11.5125], [""sfa-"", -11.7714], [""tso-"", -11.7714], [""tfi-"", -11.7714], [""tse-"", -11.7714]]"
ajaret	kuka-	-11.2532	"[[""kuka-"", -11.2532], [""tutra-"", -11.5121], [""kukok"", -12.3495], [""tutrlo-"", -13.602], [""ʃupat(i)-"", -13.8355], [""kup-"", -14.3081], [""tulo-"", -14.5049], [""tse-"", -14.719], [""tso-"", -14.719], [""sfa-"", -14.719]]"
ajareta	kukok	-12.5493	"[[""kukok"", -12.5493], [""kuka-"", -14.2799], [""tutra-"", -14.5021], [""kudkit"", -15.8089], [""kʷisk"", -15.8548], [""kʷi=k"", -15.8977], [""kʷe(si)=k"", -16.2355], [""ʃupat(i)-"", -16.2822], [""tutrlo-"", -16.4608], [""taats"", -16.7603]]"
ajas	kuka-	-4.2861	"[[""kuka-"", -4.2861], [""sfa"", -4.5936], [""kukok"", -5.87], [""tutra-"", -6.1091], [""fata"", -7.296], [""tesa"", -7.3237], [""tavsa"", -7.3604], [""tansa"", -7.3604], [""ti"", -7.4117], [""fa"", -7.4117]]"
ajasa	kuka-	-3.9375	"[[""kuka-"", -3.9375], [""kudkit"", -4.4781], [""kukok"", -6.2001], [""kulumsis"", -6.9019], [""tutra-"", -7.1566], [""satit"", -7.2666], [""titiɕ"", -7.2666], [""kat"", -7.4068], [""fak"", -7.4068], [""tfi-"", -7.4419]]"
ajasas	kuka-	-6.745	"[[""kuka-"", -6.745], [""kudkit"", -7.9816], [""fata"", -8.4968], [""tsati-"", -8.859], [""kukok"", -9.6795], [""tutra-"", -9.9211], [""tsito-"", -10.1889], [""sfato-"", -10.1889], [""sfa"", -10.2252], [""tfi-"", -10.2407]]"
ajasasa	satit	-8.4916	"[[""satit"", -8.4916], [""titiɕ"", -8.4916], [""tsati-"", -8.5291], [""kuka-"", -9.3542], [""kudkit"", -9.7209], [""tsfisa-"", -10.2269], [""kʷisk"", -10.2441], [""kʷaʃa-"", -10.6805], [""fasiʃa-"", -10.8088], [""tsitala-"", -11.28]]"
ajasasar	tsati-	-11.3482	"[[""tsati-"", -11.3482], [""tsaʃi-(t)"", -11.7137], [""satit"", -11.9985], [""titiɕ"", -11.9985], [""kuka-"", -12.3958], [""tsfisa-"", -12.8266], [""tsa-(t)"", -13.0321], [""kudkit"", -13.2282], [""fasiʃa-"", -13.371], [""kʷaʃa-"", -13.5022]]"
ajasasara	tsaʃi-(t)	-13.9127	"[[""tsaʃi-(t)"", -13.9127], [""tsati-"", -14.4459], [""titiɕ"", -14.8065], [""satit"", -14.8065], [""estsats"", -15.0224], [""taats"", -15.4774], [""kʷisk"", -15.4866], [""kuka-"", -15.5861], [""tsfisa-"", -15.69], [""tsa-(t)"", -15.7966]]"
ajasasaram	tsaʃi-(t)	-14.144	"[[""tsaʃi-(t)"", -14.144], [""tsa-(t)"", -17.6496], [""tsati-"", -17.6579], [""titiɕ"", -18.314], [""satit"", -18.314], [""fabatko"", -18.4346], [""estsats"", -18.5287], [""tsfisa-"", -18.6768], [""kuka-"", -18.8527], [""kʷaʃãni-(t)"", -18.9789]]"
ajase	kuka-	-3.9389	"[[""kuka-"", -3.9389], [""tutra-"", -7.1587], [""tfi-"", -7.4448], [""sfa-"", -7.4448], [""sfa"", -8.0989], [""kukok"", -9.0779], [""tsati-"", -9.4993], [""kʷaʃa-"", -9.508], [""tʰesa-"", -9.5375], [""kʷi-"", -9.5949]]"
ajasek	kuka-	-6.7632	"[[""kuka-"", -6.7632], [""tutra-"", -9.9801], [""tfi-"", -10.2692], [""sfa-"", -10.2692], [""sfa"", -11.6042], [""tsati-"", -12.2073], [""kʷaʃa-"", -12.3179], [""kukok"", -12.3495], [""tʰesa-"", -12.3575], [""kʷe(si)-"", -12.3577]]"
ajaseka	kuka-	-9.8676	"[[""kuka-"", -9.8676], [""kudkit"", -11.4859], [""kʷe(si)=k"", -12.3515], [""kʷi=k"", -12.4154], [""kukok"", -12.5493], [""tutra-"", -13.0593], [""tse-"", -13.3592], [""sfa-"", -13.3731], [""tfi-"", -13.3731], [""tsa-(t)"", -13.487]]"
ajasekan	kuka-	-13.0875	"[[""kuka-"", -13.0875], [""tsa-(t)"", -13.0877], [""kudkit"", -14.9925], [""kʷen"", -15.0986], [""tsaʃi-(t)"", -15.1261], [""tutra-"", -15.7868], [""kʷe(si)=k"", -15.852], [""kʷi=k"", -15.9214], [""taɕẽv"", -16.0389], [""kukok"", -16.0421]]"
ajasekana	tsa-(t)	-15.8658	"[[""tsa-(t)"", -15.8658], [""kuka-"", -16.3708], [""kʷisk"", -17.24], [""sakn-"", -17.2693], [""kʷeːn-"", -17.2955], [""kʷe(si)=k"", -17.4371], [""kudkit"", -17.716], [""sfatrtʰa-"", -17.7538], [""katʰtʰirs"", -17.841], [""tsaʃi-(t)"", -17.858]]"
ajasekanas	sfatrtʰa-	-17.1288	"[[""sfatrtʰa-"", -17.1288], [""tsa-(t)"", -17.9588], [""tesasta"", -18.6915], [""tansa"", -19.0094], [""tavsa"", -19.0094], [""tsa- (tsak)"", -19.3844], [""tsaʃi-(t)"", -19.5269], [""kuka-"", -19.6864], [""kʷela"", -19.6959], [""sakn-"", -20.0923]]"
ajat	kuka-	-5.5943	"[[""kuka-"", -5.5943], [""kukok"", -5.87], [""tutra-"", -6.264], [""kup-"", -8.306], [""tutrlo-"", -8.5182], [""tulo-"", -8.697], [""kudkit"", -9.005], [""tfi-"", -9.0423], [""sfa-"", -9.0423], [""tso-"", -9.0423]]"
ajatu	kuka-	-8.3108	"[[""kuka-"", -8.3108], [""tutra-"", -8.696], [""kukok"", -9.0779], [""tutrlo-"", -10.9054], [""kup-"", -11.2438], [""tulo-"", -11.5125], [""sfa-"", -11.7714], [""tso-"", -11.7714], [""tfi-"", -11.7714], [""tse-"", -11.7714]]"
ajatur	kuka-	-11.2532	"[[""kuka-"", -11.2532], [""tutra-"", -11.5121], [""kukok"", -12.3495], [""tutrlo-"", -13.602], [""ʃupat(i)-"", -13.8355], [""kup-"", -14.3081], [""tulo-"", -14.5049], [""tse-"", -14.719], [""tso-"", -14.719], [""sfa-"", -14.719]]"
ajaturu	kuka-	-14.3207	"[[""kuka-"", -14.3207], [""tutra-"", -14.5051], [""kukok"", -15.6616], [""ʃupat(i)-"", -16.2838], [""tutrlo-"", -16.4721], [""kup-"", -17.4528], [""aktʰα-"", -17.5672], [""tulo-"", -17.6006], [""tso-"", -17.7891], [""tfi-"", -17.7891]]"
ajaturus	kuka-	-17.1957	"[[""kuka-"", -17.1957], [""tutra-"", -17.5474], [""sfa"", -18.6077], [""ʃupat(i)-"", -18.6711], [""kukok"", -19.0017], [""tutrlo-"", -19.4539], [""aktʰα-"", -20.2004], [""kup-"", -20.6533], [""tfi-"", -20.6734], [""sfa-"", -20.6734]]"
ajaturusa	kuka-	-17.9133	"[[""kuka-"", -17.9133], [""kudkit"", -18.3831], [""kukok"", -19.1677], [""tutra-"", -19.5096], [""kulumsis"", -20.6974], [""ʃupat(i)-"", -21.1097], [""satit"", -21.1762], [""titiɕ"", -21.1762], [""tfi-"", -21.4129], [""sfa-"", -21.4129]]"
ajaturusai	kuka-	-20.7568	"[[""kuka-"", -20.7568], [""kudkit"", -21.8898], [""ʃupat(i)-"", -22.1415], [""tutra-"", -22.4217], [""tsa-(t)"", -22.5798], [""kukok"", -22.6652], [""tsa- (tsak)"", -23.5646], [""kotʰtʰ(i)-"", -23.7417], [""tsati-"", -24.0109], [""sfato-"", -24.1966]]"
ajaw	kuka-	-5.5943	"[[""kuka-"", -5.5943], [""kukok"", -5.87], [""tutra-"", -6.264], [""kup-"", -6.7688], [""tutrlo-"", -8.5182], [""tulo-"", -8.697], [""kudkit"", -9.005], [""tso-"", -9.0423], [""tfi-"", -9.0423], [""tse-"", -9.0423]]"
ajawa	kukok	-6.2001	"[[""kukok"", -6.2001], [""kup-"", -6.3537], [""kuka-"", -8.2034], [""kulumsis"", -8.6157], [""tutra-"", -8.6862], [""=ms"", -8.7799], [""kʷisk"", -9.0235], [""kudkit"", -9.4995], [""tsiw-"", -9.6659], [""taats"", -9.7639]]"
aka	ʃe-	-2.8521	"[[""ʃe-"", -2.8521], [""tesa"", -3.4435], [""kaweɕ"", -3.4685], [""eɕ"", -3.5027], [""es"", -3.5027], [""tse-"", -5.3832], [""kʷi=k"", -5.6167], [""=k"", -5.6702], [""eʃt"", -5.8738], [""kʷe-"", -6.081]]"
akan	fẽtamn	-3.464	"[[""fẽtamn"", -3.464], [""ʃe-"", -5.675], [""fẽntsal"", -6.166], [""ʃẽʃwa-"", -6.264], [""tesa"", -6.2727], [""e͂n"", -6.3559], [""eʃ-"", -6.3571], [""ẽt-"", -6.3571], [""kʷen"", -6.6814], [""fedtro-"", -6.7776]]"
akana	fẽtwinte-	-6.8825	"[[""fẽtwinte-"", -6.8825], [""fẽtamn"", -6.9649], [""eʃt"", -7.0043], [""=tlː"", -8.5234], [""fedtro-"", -8.5889], [""fẽntsal"", -8.6182], [""ʃẽʃwa-"", -8.6862], [""ʃe-"", -8.7795], [""tesasta"", -8.791], [""kʷeːn-"", -8.9298]]"
akanas	tesasta	-6.9327	"[[""tesasta"", -6.9327], [""tesa"", -7.4061], [""teli"", -8.0971], [""fẽnstifi"", -8.9266], [""fẽtwinte-"", -9.0612], [""fedtro-"", -9.6327], [""esk-"", -9.8537], [""fẽnani"", -9.9518], [""fẽtamn"", -9.9615], [""serli"", -10.1016]]"
akanasi	tesasta	-10.4338	"[[""tesasta"", -10.4338], [""tesa"", -10.9115], [""etla-"", -10.9418], [""teli"", -11.6025], [""fẽtwinte-"", -11.7771], [""fedtro-"", -12.1164], [""tʰorsa-"", -12.1345], [""fẽnstifi"", -12.204], [""fẽtwinta-(t)"", -12.3175], [""tseʃi-"", -12.5902]]"
ama	kot	-0.6856	"[[""kot"", -0.6856], [""sof"", -0.6856], [""kukok"", -4.1242], [""kofu"", -4.1346], [""kofuu"", -4.1606], [""kʷi=k"", -5.6167], [""=k"", -5.6702], [""tso-"", -5.8614], [""kʷisk"", -6.208], [""fak"", -6.2311]]"
amai	sof	-4.1928	"[[""sof"", -4.1928], [""kot"", -4.1928], [""ko-(t)"", -6.7989], [""kofuu"", -6.9612], [""kofu"", -6.9637], [""os-"", -7.0448], [""kukok"", -7.6274], [""tso-"", -8.4125], [""kof(i)-"", -8.6075], [""tse-"", -9.0423]]"
amain	katosn	-7.6246	"[[""katosn"", -7.6246], [""kot"", -7.6999], [""sof"", -7.6999], [""kof(i)-"", -9.058], [""ko-(t)"", -9.4966], [""sfard"", -9.7353], [""os-"", -9.8699], [""kofuu"", -10.049], [""kofu"", -10.0708], [""kʷen"", -11.0252]]"
amaina	kot	-10.5109	"[[""kot"", -10.5109], [""sof"", -10.5109], [""kof(i)-"", -11.0581], [""katosn"", -11.1305], [""ko-(t)"", -11.6693], [""katʰtʰirs"", -11.7618], [""=tlː"", -12.026], [""ʃawls"", -12.1654], [""kʷisk"", -12.4485], [""tro-(d)"", -12.4525]]"
amainaj	kofu	-10.5077	"[[""kofu"", -10.5077], [""ko-(t)"", -11.6325], [""kofuu"", -12.7159], [""kof(i)-"", -13.5043], [""kot"", -14.0185], [""sof"", -14.0185], [""tsa-(t)"", -14.4552], [""katosn"", -14.6364], [""sfatrtʰa-"", -14.6857], [""kotʰtʰ(i)-"", -14.8486]]"
amainaja	kofu	-14.0145	"[[""kofu"", -14.0145], [""ko-(t)"", -14.4348], [""kofuu"", -15.9731], [""kof(i)-"", -16.157], [""kotʰtʰ(i)-"", -16.3243], [""kʷalmlus"", -16.4284], [""aɕtrkoɕ"", -16.6512], [""sfatrtʰa-"", -16.8466], [""kot"", -17.1164], [""sof"", -17.1164]]"
amainajar	ko-(t)	-16.8326	"[[""ko-(t)"", -16.8326], [""kotʰtʰ(i)-"", -17.3722], [""kofu"", -17.5212], [""tsẽnʃi-(t)"", -18.7018], [""kolts(i)-"", -18.7933], [""kof(i)-"", -18.9439], [""kofuu"", -19.2806], [""tsa-(t)"", -19.2992], [""sfatrtʰa-"", -19.3562], [""kʷãn-(t)"", -19.3874]]"
amainajare	kotʰtʰ(i)-	-19.2789	"[[""kotʰtʰ(i)-"", -19.2789], [""kolts(i)-"", -19.5197], [""ko-(t)"", -19.8268], [""kofu"", -21.028], [""tsẽnʃi-(t)"", -21.5157], [""kof(i)-"", -21.8226], [""sfatrtʰa-"", -22.0922], [""kʷãn-(t)"", -22.2295], [""tsa-(t)"", -22.2379], [""ol-(t)"", -22.4852]]"
aman	katosn	-4.1223	"[[""katosn"", -4.1223], [""kot"", -4.1928], [""sof"", -4.1928], [""ko-(t)"", -6.7989], [""sfard"", -6.9315], [""kofuu"", -6.9612], [""kofu"", -6.9637], [""os-"", -7.0448], [""kukok"", -7.6274], [""fadol"", -7.6417]]"
amana	sof	-7.0051	"[[""sof"", -7.0051], [""kot"", -7.0051], [""katosn"", -7.6283], [""=tlː"", -8.5234], [""ko-(t)"", -8.9643], [""kʷisk"", -9.0235], [""kof(i)-"", -9.0542], [""ʃawls"", -9.0747], [""sakn-"", -9.0837], [""katʰtʰirs"", -9.6115]]"
amanad	ko-(t)	-9.1608	"[[""ko-(t)"", -9.1608], [""sof"", -10.5114], [""kot"", -10.5114], [""tro"", -10.5123], [""astrko-"", -10.9231], [""aɕtrkoɕ"", -10.9718], [""kof(i)-"", -11.0491], [""katosn"", -11.1271], [""=tlː"", -11.3459], [""sfatrtʰa-"", -11.4684]]"
amanada	aɕtrkoɕ	-7.63	"[[""aɕtrkoɕ"", -7.63], [""astrko-"", -10.4849], [""astrkota-"", -11.0501], [""ko-(t)"", -11.9475], [""kukok"", -12.5677], [""ʃanto-"", -12.5934], [""sof"", -12.9241], [""kot"", -12.9241], [""tso-"", -12.9547], [""karfto-"", -13.1289]]"
amanadaw	aɕtrkoɕ	-11.1371	"[[""aɕtrkoɕ"", -11.1371], [""astrkota-"", -13.2295], [""astrko-"", -13.3078], [""ko-(t)"", -14.047], [""kotʰtʰ(i)-"", -14.5561], [""kolts(i)-"", -15.3049], [""ʃanto-"", -15.4163], [""tso-"", -15.7806], [""tsẽnʃi-(t)"", -15.8546], [""karfto-"", -15.9015]]"
amanadawa	aɕtrkoɕ	-13.9494	"[[""aɕtrkoɕ"", -13.9494], [""astrkota-"", -15.8383], [""kolts(i)-"", -16.0105], [""astrko-"", -16.4116], [""kotʰtʰ(i)-"", -16.4405], [""ko-(t)"", -16.9736], [""kotsw(i)-"", -17.848], [""ʃanto-"", -18.5201], [""tsẽnʃi-(t)"", -18.5714], [""kof(i)-"", -18.7638]]"
amanadawai	aɕtrkoɕ	-17.457	"[[""aɕtrkoɕ"", -17.457], [""kolts(i)-"", -18.022], [""kotsw(i)-"", -18.4537], [""kotʰtʰ(i)-"", -18.6054], [""astrkota-"", -18.6673], [""ko-(t)"", -19.5683], [""astrko-"", -19.6312], [""tsẽnʃi-(t)"", -20.1005], [""ol-(t)"", -21.062], [""kʷãn-(t)"", -21.5137]]"
amas	sof	-4.1928	"[[""sof"", -4.1928], [""kot"", -4.1928], [""sfa"", -4.5936], [""ko-(t)"", -6.7989], [""kofuu"", -6.9612], [""kofu"", -6.9637], [""os-"", -7.0448], [""fata"", -7.296], [""tesa"", -7.3237], [""tansa"", -7.3604]]"
amasi	sfa-	-7.4448	"[[""sfa-"", -7.4448], [""tfi-"", -7.4448], [""sof"", -7.6999], [""kot"", -7.6999], [""sfa"", -8.0989], [""ʃaroka-"", -8.1004], [""saroka-"", -8.1004], [""ofi-"", -8.1366], [""kof(i)-"", -8.8323], [""ko-(t)"", -9.4966]]"
amasir	kof(i)-	-10.2483	"[[""kof(i)-"", -10.2483], [""tfi-"", -10.2692], [""sfa-"", -10.2692], [""saroka-"", -10.9246], [""ʃaroka-"", -10.9246], [""ofi-"", -10.9609], [""sof"", -11.207], [""kot"", -11.207], [""sfa"", -11.6042], [""tsati-"", -12.2073]]"
amasiru	kof(i)-	-12.6993	"[[""kof(i)-"", -12.6993], [""sfa-"", -13.374], [""tfi-"", -13.374], [""ʃaroka-"", -14.0293], [""saroka-"", -14.0293], [""ofi-"", -14.0657], [""sof"", -14.7141], [""kot"", -14.7141], [""kʷe(si)-"", -14.8153], [""tsa-(t)"", -14.9492]]"
amasirut	kof(i)-	-15.4605	"[[""kof(i)-"", -15.4605], [""tfi-"", -16.5949], [""sfa-"", -16.5949], [""ʃaroka-"", -17.2499], [""saroka-"", -17.2499], [""ofi-"", -17.2866], [""tsa-(t)"", -17.4047], [""kotʰtʰ(i)-"", -17.6067], [""kʷe(si)-"", -17.6449], [""korfi-(d)"", -17.9327]]"
amasirute	kof(i)-	-18.3764	"[[""kof(i)-"", -18.3764], [""tfi-"", -19.8795], [""sfa-"", -19.8795], [""tsa-(t)"", -20.0898], [""kotʰtʰ(i)-"", -20.1446], [""ʃaroka-"", -20.5343], [""saroka-"", -20.5343], [""ofi-"", -20.5713], [""korfi-(d)"", -20.6165], [""kʷe(si)-"", -20.6482]]"
amat	sof	-4.1928	"[[""sof"", -4.1928], [""kot"", -4.1928], [""ko-(t)"", -6.7989], [""kofuu"", -6.9612], [""kofu"", -6.9637], [""os-"", -7.0448], [""kukok"", -7.6274], [""tso-"", -8.4125], [""kof(i)-"", -8.6075], [""tse-"", -9.0423]]"
amate	kot	-7.6999	"[[""kot"", -7.6999], [""sof"", -7.6999], [""kof(i)-"", -9.058], [""ko-(t)"", -9.4966], [""os-"", -9.8699], [""kofuu"", -10.049], [""kofu"", -10.0708], [""kukok"", -11.1305], [""tso-"", -11.3001], [""tse-"", -11.7714]]"
ame	tso-	-6.256	"[[""tso-"", -6.256], [""sof"", -6.9224], [""kot"", -6.9224], [""kofu"", -6.9598], [""kowe"", -6.9598], [""sako-"", -6.9793], [""tulo-"", -7.0076], [""tro"", -7.5073], [""kʷe-"", -7.7874], [""kʷi-"", -7.7874]]"
amei	ko-(t)	-9.0497	"[[""ko-(t)"", -9.0497], [""tso-"", -9.0785], [""sako-"", -9.7995], [""tulo-"", -9.8276], [""kot"", -10.0339], [""sof"", -10.0339], [""kofu"", -10.0471], [""kowe"", -10.0472], [""kʷi-"", -10.398], [""kʷe-"", -10.398]]"
ameit	ko-(t)	-11.0555	"[[""ko-(t)"", -11.0555], [""tso-"", -12.1734], [""sako-"", -12.8989], [""tulo-"", -12.9269], [""kʷi-"", -13.2242], [""kʷe-"", -13.2242], [""kofu"", -13.2522], [""kowe"", -13.2523], [""kot"", -13.2584], [""sof"", -13.2584]]"
ameiti	ko-(t)	-13.5059	"[[""ko-(t)"", -13.5059], [""tso-"", -15.382], [""kof(i)-"", -16.1016], [""sako-"", -16.1131], [""tulo-"", -16.1409], [""kʷe-"", -16.1802], [""kʷi-"", -16.1802], [""kofu"", -16.5219], [""kowe"", -16.522], [""sof"", -16.5454]]"
ameu	ko-(t)	-9.0497	"[[""ko-(t)"", -9.0497], [""tso-"", -9.0785], [""sako-"", -9.7995], [""tulo-"", -9.8276], [""kot"", -10.0339], [""sof"", -10.0339], [""kofu"", -10.0471], [""kowe"", -10.0472], [""kʷi-"", -10.398], [""kʷe-"", -10.398]]"
ameun	ko-(t)	-11.0555	"[[""ko-(t)"", -11.0555], [""fadol"", -11.138], [""kʷen"", -11.2535], [""tso-"", -12.1734], [""ʃawn"", -12.5622], [""tamn"", -12.5622], [""sav"", -12.5745], [""kan"", -12.5745], [""kud"", -12.5745], [""kro-(d)"", -12.8554]]"
ameuna	kot	-11.2017	"[[""kot"", -11.2017], [""sof"", -11.2017], [""ko-(t)"", -12.0429], [""kro-(d)"", -12.4569], [""tro-(d)"", -12.4569], [""ʃawls"", -12.5603], [""kʷi=k"", -13.22], [""kʷeːn-"", -13.2459], [""ta-(d)"", -13.5779], [""tʰorsa-"", -13.9118]]"
ameunak	ko-(t)	-11.646	"[[""ko-(t)"", -11.646], [""fakarse"", -14.4613], [""sof"", -14.7088], [""kot"", -14.7088], [""tro-(d)"", -15.276], [""kro-(d)"", -15.276], [""karʃ-"", -15.4283], [""tase"", -15.8521], [""kave"", -16.0643], [""kʷeːn-"", -16.0646]]"
ameunaka	ko-(t)	-14.4438	"[[""ko-(t)"", -14.4438], [""timleɕ"", -16.0615], [""tse-"", -16.8725], [""tseʃi-"", -17.4355], [""kolts(i)-"", -17.4974], [""sof"", -17.5226], [""kot"", -17.5226], [""det"", -17.5285], [""kʷisk"", -17.7827], [""fẽtwinte-"", -17.8962]]"
ameunakan	ʃlːẽtsad	-16.7742	"[[""ʃlːẽtsad"", -16.7742], [""ko-(t)"", -16.8377], [""kafolːtsn"", -17.4631], [""kʷen"", -18.7838], [""kolts(i)-"", -18.8977], [""korfi-(d)"", -19.0941], [""tawɕẽn"", -19.3321], [""taɕẽv"", -19.3547], [""fẽntsal"", -19.3844], [""timleɕ"", -19.5686]]"
ameunakana	korfi-(d)	-18.7239	"[[""korfi-(d)"", -18.7239], [""kolts(i)-"", -19.5323], [""ʃlːẽtsad"", -19.6137], [""ko-(t)"", -19.821], [""karʃe-(d)"", -20.5418], [""kafolːtsn"", -20.907], [""kʷeːn-"", -20.9699], [""kʷel-"", -21.6318], [""katʰtʰirs"", -21.6455], [""kʷelis"", -22.1104]]"
ameunar	ko-(t)	-11.646	"[[""ko-(t)"", -11.646], [""kot"", -14.7088], [""sof"", -14.7088], [""tro-(d)"", -15.276], [""kro-(d)"", -15.276], [""karʃ-"", -15.4283], [""ʃawls"", -16.0674], [""kʷeːn-"", -16.0686], [""tʰorsa-"", -16.0929], [""kʷãn-(t)"", -16.2616]]"
ameunaru	ko-(t)	-14.4689	"[[""ko-(t)"", -14.4689], [""kot"", -18.2159], [""sof"", -18.2159], [""korfi-(d)"", -18.2289], [""karʃ-"", -18.2517], [""kolts(i)-"", -18.2567], [""kro-(d)"", -18.3726], [""tro-(d)"", -18.3726], [""tʰorsa-"", -18.8098], [""trf(i)-"", -18.8806]]"
ameunaruk	ko-(t)	-17.5722	"[[""ko-(t)"", -17.5722], [""kolts(i)-"", -20.3314], [""korfi-(d)"", -20.4986], [""trf(i)-"", -20.8848], [""karʃ-"", -21.3569], [""fakarse"", -21.4715], [""kof(i)-"", -21.5251], [""tro-(d)"", -21.5805], [""kro-(d)"", -21.5805], [""sof"", -21.723]]"
ameunaruka	ko-(t)	-20.7648	"[[""ko-(t)"", -20.7648], [""ãntʰẽt"", -21.5692], [""kolts(i)-"", -22.6815], [""korfi-(d)"", -23.0084], [""timleɕ"", -23.067], [""trf(i)-"", -23.3342], [""kʷe(si)=k"", -23.8636], [""tse-"", -23.8774], [""kof(i)-"", -23.9953], [""tseʃi-"", -24.4423]]"
ana	trfãn	-3.4676	"[[""trfãn"", -3.4676], [""ʃawls"", -3.4685], [""kʷi=k"", -5.6167], [""=k"", -5.6702], [""kudkit"", -6.1835], [""kʷisk"", -6.208], [""=tlː"", -6.2173], [""=nak"", -6.2203], [""sof"", -6.2311], [""fak"", -6.2311]]"
anad	tro	-4.1901	"[[""tro"", -4.1901], [""trfãn"", -6.2692], [""karʃ-"", -6.2709], [""ʃawls"", -6.9756], [""ʃanto-"", -7.3951], [""tso-"", -7.4696], [""trodn"", -7.6438], [""trf(i)-"", -7.9196], [""sfar-"", -8.6999], [""=tlː"", -8.9911]]"
anada	aɕtrkoɕ	-6.9157	"[[""aɕtrkoɕ"", -6.9157], [""kukok"", -6.918], [""ʃanto-"", -6.9571], [""edkok"", -6.9759], [""kot"", -7.0051], [""sof"", -7.0051], [""tso-"", -7.0418], [""tro"", -7.6963], [""trf(i)-"", -8.3635], [""kʷisk"", -9.0235]]"
anadaw	ʃanto-	-9.7798	"[[""ʃanto-"", -9.7798], [""tso-"", -9.8639], [""trf(i)-"", -10.3581], [""aɕtrkoɕ"", -10.4228], [""kukok"", -10.425], [""edkok"", -10.483], [""kot"", -10.5123], [""sof"", -10.5123], [""tro"", -11.2025], [""karfto-"", -11.7949]]"
anadawa	trf(i)-	-12.7429	"[[""trf(i)-"", -12.7429], [""ʃanto-"", -12.8834], [""tso-"", -12.9662], [""aɕtrkoɕ"", -13.2326], [""kukok"", -13.2337], [""edkok"", -13.2954], [""sof"", -13.3265], [""kot"", -13.3265], [""srfast(i)-"", -14.0824], [""kʷisk"", -14.1618]]"
anadawai	trf(i)-	-15.3568	"[[""trf(i)-"", -15.3568], [""ko-(t)"", -15.4493], [""srfast(i)-"", -15.973], [""ʃanto-"", -16.1028], [""tso-"", -16.1837], [""tsẽnʃi-(t)"", -16.5881], [""tsa-(t)"", -16.6513], [""kʷãn-(t)"", -16.71], [""trfno-(d)"", -16.7116], [""aɕtrkoɕ"", -16.74]]"
anadawaij	kofu	-16.8304	"[[""kofu"", -16.8304], [""srfast(i)-"", -17.6094], [""trf(i)-"", -18.1139], [""ko-(t)"", -18.2845], [""kofuu"", -18.906], [""kotsw(i)-"", -19.2702], [""ʃanto-"", -19.3859], [""trfno-(d)"", -19.3882], [""triʃm(i)-"", -19.409], [""tsẽnʃi-(t)"", -19.4626]]"
anadawaija	srfast(i)-	-19.8005	"[[""srfast(i)-"", -19.8005], [""kofu"", -20.3372], [""kotʰtʰ(i)-"", -20.8652], [""trf(i)-"", -20.9749], [""ko-(t)"", -21.3444], [""kotsw(i)-"", -21.6752], [""triʃm(i)-"", -21.86], [""kolts(i)-"", -22.0109], [""kofuu"", -22.1912], [""trfno-(d)"", -22.204]]"
anai	trfãn	-6.2692	"[[""trfãn"", -6.2692], [""karʃ-"", -6.2709], [""ʃawls"", -6.9756], [""trf(i)-"", -7.9196], [""sfar-"", -8.6999], [""=tlː"", -8.9911], [""tʰorsa-"", -9.0108], [""tarta-"", -9.0127], [""ʃanto-"", -9.0127], [""tavɕa-"", -9.0127]]"
anaiΘ	trf(i)-	-8.3673	"[[""trf(i)-"", -8.3673], [""karʃ-"", -9.0942], [""trfãn"", -9.3574], [""ʃawls"", -10.4825], [""tinV-"", -11.482], [""sfar-"", -11.52], [""trfno-(d)"", -11.7037], [""tʰorsa-"", -11.7252], [""tarta-"", -11.729], [""tavɕa-"", -11.729]]"
anaiΘt	trf(i)-	-10.368	"[[""trf(i)-"", -10.368], [""karʃ-"", -12.1992], [""trfãn"", -12.5632], [""trfno-(d)"", -13.5737], [""ʃawls"", -13.9894], [""tinV-"", -14.3017], [""sfar-"", -14.5155], [""tʰorsa-"", -14.6648], [""tarta-"", -14.6709], [""ʃanto-"", -14.6709]]"
anaiΘti	trf(i)-	-12.8167	"[[""trf(i)-"", -12.8167], [""karʃ-"", -15.4204], [""trfãn"", -15.8337], [""trfno-(d)"", -15.8839], [""tinV-"", -17.2919], [""ʃawls"", -17.4963], [""srfast(i)-"", -17.534], [""aktʰα-"", -17.5672], [""sfar-"", -17.6134], [""tʰorsa-"", -17.7288]]"
anaiΘtij	trf(i)-	-15.4992	"[[""trf(i)-"", -15.4992], [""taakʷu"", -18.2604], [""trfno-(d)"", -18.4385], [""karʃ-"", -18.7056], [""trfãn"", -19.1452], [""kʷalːmlːu"", -19.9262], [""srfast(i)-"", -20.096], [""kofu"", -20.1403], [""aktʰα-"", -20.2004], [""tinV-"", -20.3826]]"
anaiΘtija	trf(i)-	-18.328	"[[""trf(i)-"", -18.328], [""trfno-(d)"", -21.1512], [""taakʷu"", -21.7662], [""kʷe(si)=k"", -21.7973], [""kʷalmlus"", -21.9537], [""kʷi=k"", -21.9671], [""karʃ-"", -22.0277], [""artimus"", -22.1186], [""trfãn"", -22.3613], [""kudkit"", -22.5537]]"
anaiΘtijas	trf(i)-	-21.122	"[[""trf(i)-"", -21.122], [""vsta"", -22.1219], [""tsẽnʃi-(t)"", -22.6303], [""tsa-(t)"", -22.6898], [""kʷãn-(t)"", -23.0652], [""fẽnstifi"", -23.3555], [""trfno-(d)"", -23.9754], [""sfa"", -24.5366], [""trfãn"", -24.5425], [""tsaʃi-(t)"", -24.5448]]"
anaiΘu	trf(i)-	-10.368	"[[""trf(i)-"", -10.368], [""karʃ-"", -12.1992], [""trfãn"", -12.5632], [""trfno-(d)"", -13.5737], [""ʃawls"", -13.9894], [""tinV-"", -14.3017], [""sfar-"", -14.5155], [""tʰorsa-"", -14.6648], [""tarta-"", -14.6709], [""ʃanto-"", -14.6709]]"
anaiΘut	trf(i)-	-12.8167	"[[""trf(i)-"", -12.8167], [""karʃ-"", -15.4204], [""trfãn"", -15.8337], [""trfno-(d)"", -15.8839], [""tinV-"", -17.2919], [""ʃawls"", -17.4963], [""srfast(i)-"", -17.534], [""aktʰα-"", -17.5672], [""sfar-"", -17.6134], [""tʰorsa-"", -17.7288]]"
anaiΘuti	trf(i)-	-15.4992	"[[""trf(i)-"", -15.4992], [""trfno-(d)"", -18.4385], [""karʃ-"", -18.7056], [""trfãn"", -19.1452], [""srfast(i)-"", -20.096], [""aktʰα-"", -20.2004], [""tinV-"", -20.3826], [""trol(i)-"", -20.7418], [""tro-(d)"", -20.7703], [""kro-(d)"", -20.7703]]"
anaiΘutin	trf(i)-	-18.328	"[[""trf(i)-"", -18.328], [""trfãn"", -19.1772], [""trfno-(d)"", -19.8516], [""karʃ-"", -22.0302], [""ʃlːẽtsad"", -22.1211], [""trodn"", -22.3267], [""sfard"", -22.4667], [""tro-(d)"", -22.5083], [""kro-(d)"", -22.5083], [""tdi-(d)"", -22.5083]]"
anaiΘutinu	trfno-(d)	-19.5091	"[[""trfno-(d)"", -19.5091], [""trf(i)-"", -21.2581], [""tdi-(d)"", -22.2285], [""tro-(d)"", -22.2285], [""kro-(d)"", -22.2285], [""karʃe-(d)"", -22.6459], [""korfi-(d)"", -22.6459], [""trfãn"", -22.6795], [""ʃlːipi-(d)"", -23.6768], [""kʷir-, kʷr-"", -24.0073]]"
anas	trfãn	-4.4284	"[[""trfãn"", -4.4284], [""tavsa"", -4.5078], [""tansa"", -4.5078], [""fra"", -4.5928], [""sfa"", -4.5936], [""karʃ-"", -6.2704], [""klːida"", -6.6754], [""klida"", -6.6756], [""vsta"", -6.9103], [""ʃawls"", -6.9744]]"
anasi	trfãn	-7.282	"[[""trfãn"", -7.282], [""tʰorsa-"", -7.3573], [""tarta-"", -7.3592], [""tavɕa-"", -7.3592], [""tfi-"", -7.4448], [""sfa-"", -7.4448], [""tavsa"", -8.0129], [""tansa"", -8.0129], [""fra"", -8.098], [""sfa"", -8.0989]]"
anasis	trf(i)-	-9.1538	"[[""trf(i)-"", -9.1538], [""trfãn"", -10.1381], [""tʰorsa-"", -10.1738], [""tavɕa-"", -10.1752], [""tarta-"", -10.1752], [""sfa-"", -10.2614], [""tfi-"", -10.2614], [""tansa"", -10.8107], [""tavsa"", -10.8107], [""klːida"", -10.8856]]"
anasisi	trf(i)-	-11.3277	"[[""trf(i)-"", -11.3277], [""tarta-"", -12.9907], [""tavɕa-"", -12.9907], [""tʰorsa-"", -12.998], [""tfi-"", -13.0859], [""sfa-"", -13.0859], [""srfast(i)-"", -13.2317], [""trfãn"", -13.2543], [""klːida-"", -13.5951], [""slːibi-"", -13.5982]]"
anasisir	trf(i)-	-12.3436	"[[""trf(i)-"", -12.3436], [""srfast(i)-"", -14.0101], [""tarta-"", -16.0929], [""tavɕa-"", -16.0929], [""tʰorsa-"", -16.1033], [""sfa-"", -16.1913], [""tfi-"", -16.1913], [""klːida-"", -16.4314], [""slːibi-"", -16.4338], [""trfãn"", -16.4813]]"
anat	trfãn	-6.2692	"[[""trfãn"", -6.2692], [""karʃ-"", -6.2709], [""ʃawls"", -6.9756], [""trf(i)-"", -7.9196], [""sfar-"", -8.6999], [""=tlː"", -8.9911], [""tʰorsa-"", -9.0108], [""tarta-"", -9.0127], [""ʃanto-"", -9.0127], [""tavɕa-"", -9.0127]]"
anati	trf(i)-	-8.3673	"[[""trf(i)-"", -8.3673], [""karʃ-"", -9.0942], [""trfãn"", -9.3574], [""ʃawls"", -10.4825], [""tinV-"", -11.482], [""sfar-"", -11.52], [""trfno-(d)"", -11.7037], [""tʰorsa-"", -11.7252], [""tarta-"", -11.729], [""tavɕa-"", -11.729]]"
anatiΘ	trf(i)-	-10.368	"[[""trf(i)-"", -10.368], [""karʃ-"", -12.1992], [""trfãn"", -12.5632], [""trfno-(d)"", -13.5737], [""ʃawls"", -13.9894], [""tinV-"", -14.3017], [""sfar-"", -14.5155], [""tʰorsa-"", -14.6648], [""tarta-"", -14.6709], [""ʃanto-"", -14.6709]]"
anatiΘw	trf(i)-	-12.8167	"[[""trf(i)-"", -12.8167], [""karʃ-"", -15.4204], [""trfãn"", -15.8337], [""trfno-(d)"", -15.8839], [""Mlːim"", -17.1724], [""tarb"", -17.2263], [""tinV-"", -17.2919], [""slːibi-"", -17.434], [""ʃawls"", -17.4873], [""srfast(i)-"", -17.534]]"
anatiΘwa	trf(i)-	-15.499	"[[""trf(i)-"", -15.499], [""trfno-(d)"", -18.4384], [""=ms"", -18.6133], [""karʃ-"", -18.7015], [""tsiw-"", -18.8218], [""kʷi=k"", -18.8976], [""kʷe(si)=k"", -18.9489], [""trfãn"", -19.0007], [""kʷisk"", -19.2478], [""kudkit"", -19.252]]"
anatiΘwaj	trf(i)-	-18.3273	"[[""trf(i)-"", -18.3273], [""tsẽnʃi-(t)"", -19.7262], [""tsa-(t)"", -19.7714], [""kʷãn-(t)"", -20.0361], [""kʷalːmlːu"", -20.6787], [""trfno-(d)"", -21.1507], [""taakʷu"", -21.5197], [""tsiw-"", -21.668], [""tsaʃi-(t)"", -21.7343], [""sfẽni-(t)"", -21.7794]]"
anatiΘwaja	trf(i)-	-21.2486	"[[""trf(i)-"", -21.2486], [""artimus"", -22.3426], [""tsẽnʃi-(t)"", -22.5242], [""tsa-(t)"", -22.5719], [""kʷãn-(t)"", -22.8433], [""kʷalmlus"", -22.8484], [""kʷisk"", -23.6231], [""srfast(i)-"", -23.722], [""trfno-(d)"", -23.9706], [""kʷe(si)=k"", -24.0672]]"
ara	kʷi=k	-5.6167	"[[""kʷi=k"", -5.6167], [""=k"", -5.6702], [""kʷisk"", -6.208], [""sof"", -6.2311], [""kot"", -6.2311], [""kat"", -6.2311], [""fak"", -6.2311], [""tfi-"", -6.8113], [""tso-"", -6.8113], [""tse-"", -6.8113]]"
aram	tso-	-7.4696	"[[""tso-"", -7.4696], [""sfa-"", -9.0423], [""tfi-"", -9.0423], [""tse-"", -9.0423], [""tis-"", -9.0445], [""kat-"", -9.0445], [""ko-(t)"", -9.072], [""kʷi=k"", -9.1114], [""karʃ-"", -9.1213], [""=k"", -9.1763]]"
arama	kukok	-6.918	"[[""kukok"", -6.918], [""kot"", -7.0051], [""sof"", -7.0051], [""tso-"", -7.0418], [""kʷisk"", -9.0235], [""tsito-"", -9.3684], [""sfato-"", -9.3684], [""takto-"", -9.7323], [""taats"", -9.7639], [""sako-"", -9.771]]"
araman	katosn	-6.9161	"[[""katosn"", -6.9161], [""tso-"", -9.8639], [""kukok"", -10.425], [""sof"", -10.5123], [""kot"", -10.5123], [""kafolːtsn"", -12.1301], [""tsito-"", -12.1699], [""sfato-"", -12.1699], [""sfard"", -12.3298], [""tsa-(t)"", -12.3643]]"
aramana	katosn	-10.4224	"[[""katosn"", -10.4224], [""katʰtʰirs"", -12.3298], [""tso-"", -12.9662], [""kukok"", -13.2337], [""tʰorsa-"", -13.2616], [""sof"", -13.3265], [""kot"", -13.3265], [""fakorfid"", -13.8505], [""kʷisk"", -14.1618], [""tsato-(d)"", -14.4347]]"
aramanad	katosn	-13.9284	"[[""katosn"", -13.9284], [""sfatrtʰa-"", -15.2565], [""tʰorsa-"", -15.4459], [""ko-(t)"", -15.4493], [""ʃawkorflː["", -15.5479], [""katʰtʰirs"", -15.8358], [""tso-"", -16.1607], [""astrko-"", -16.3526], [""aɕtrkoɕ"", -16.3715], [""tsa-(t)"", -16.6513]]"
aramanada	aɕtrkoɕ	-13.0631	"[[""aɕtrkoɕ"", -13.0631], [""astrko-"", -15.918], [""astrkota-"", -16.4828], [""sfatrtʰa-"", -17.4179], [""katosn"", -17.4251], [""ʃawkorflː["", -17.8245], [""tʰorsa-"", -18.0562], [""ko-(t)"", -18.2431], [""katʰtʰirs"", -18.4128], [""kukok"", -18.4193]]"
aramanadaw	aɕtrkoɕ	-16.5702	"[[""aɕtrkoɕ"", -16.5702], [""astrkota-"", -18.6624], [""astrko-"", -18.7409], [""sfatrtʰa-"", -19.932], [""ko-(t)"", -20.3585], [""ʃawkorflː["", -20.4664], [""kotʰtʰ(i)-"", -20.8395], [""tʰorsa-"", -20.8859], [""katosn"", -20.9219], [""tsẽnʃi-(t)"", -21.173]]"
arame	tso-	-7.0437	"[[""tso-"", -7.0437], [""tsito-"", -9.3906], [""sfato-"", -9.3906], [""takto-"", -9.7645], [""sako-"", -9.7737], [""ʃanto-"", -9.8123], [""iʃko-"", -10.4893], [""tfi-"", -11.7714], [""tse-"", -11.7714], [""sfa-"", -11.7714]]"
aramei	tso-	-9.8676	"[[""tso-"", -9.8676], [""sfato-"", -12.2132], [""tsito-"", -12.2132], [""takto-"", -12.5882], [""sako-"", -12.5975], [""ʃanto-"", -12.636], [""iʃko-"", -13.3131], [""ko-(t)"", -14.4701], [""karfto-"", -14.6954], [""tfi-"", -14.719]]"
arameit	tso-	-12.9726	"[[""tso-"", -12.9726], [""tsito-"", -15.3163], [""sfato-"", -15.3163], [""takto-"", -15.6925], [""sako-"", -15.7024], [""ʃanto-"", -15.7409], [""iʃko-"", -16.4181], [""tsato-(d)"", -16.9027], [""ko-(t)"", -17.0123], [""aktʰα-"", -17.5672]]"
arameiti	tso-	-16.1938	"[[""tso-"", -16.1938], [""sfato-"", -18.535], [""tsito-"", -18.535], [""takto-"", -18.9128], [""sako-"", -18.9233], [""ʃanto-"", -18.962], [""tsato-(d)"", -19.353], [""iʃko-"", -19.6392], [""ko-(t)"", -19.6498], [""aktʰα-"", -20.2004]]"
arameu	tso-	-9.8676	"[[""tso-"", -9.8676], [""sfato-"", -12.2132], [""tsito-"", -12.2132], [""takto-"", -12.5882], [""sako-"", -12.5975], [""ʃanto-"", -12.636], [""iʃko-"", -13.3131], [""ko-(t)"", -14.4701], [""karfto-"", -14.6954], [""tfi-"", -14.719]]"
arameun	tso-	-12.9726	"[[""tso-"", -12.9726], [""sfato-"", -15.3163], [""tsito-"", -15.3163], [""tsato-(d)"", -15.436], [""takto-"", -15.6925], [""sako-"", -15.7024], [""ʃanto-"", -15.7408], [""sfard"", -16.0288], [""katosn"", -16.1741], [""iʃko-"", -16.4181]]"
arameuna	tsato-(d)	-15.0353	"[[""tsato-(d)"", -15.0353], [""tso-"", -16.1933], [""tʰorsa-"", -16.7684], [""katʰtʰirs"", -17.3312], [""fakorfid"", -17.3897], [""kukok"", -17.4327], [""sof"", -17.5212], [""kot"", -17.5212], [""tro-(d)"", -18.006], [""kro-(d)"", -18.006]]"
arameunak	tsato-(d)	-17.8561	"[[""tsato-(d)"", -17.8561], [""ko-(t)"", -17.9591], [""fakarse"", -18.6834], [""tʰorsa-"", -18.9491], [""tso-"", -19.4773], [""tsa-(t)"", -19.7714], [""ʃawkorflː["", -20.0045], [""fakorfid"", -20.1962], [""kro-(d)"", -20.8266], [""tro-(d)"", -20.8266]]"
arameunaka	ko-(t)	-20.7575	"[[""ko-(t)"", -20.7575], [""tsato-(d)"", -20.9564], [""tʰorsa-"", -21.5588], [""fẽtwinte-"", -21.5883], [""ʃawkorflː["", -22.0535], [""timleɕ"", -22.1455], [""fakarse"", -22.1896], [""tsuve-"", -22.3711], [""tsa-(t)"", -22.5719], [""kafolːtsn"", -22.6633]]"
arameunar	tsato-(d)	-17.8561	"[[""tsato-(d)"", -17.8561], [""ko-(t)"", -17.9591], [""tʰorsa-"", -18.9491], [""tso-"", -19.4773], [""tsa-(t)"", -19.7714], [""ʃawkorflː["", -20.0045], [""fakorfid"", -20.1962], [""tro-(d)"", -20.8266], [""kro-(d)"", -20.8266], [""katʰtʰirs"", -20.836]]"
arameunaru	ko-(t)	-20.7825	"[[""ko-(t)"", -20.7825], [""tsato-(d)"", -20.9564], [""tʰorsa-"", -21.666], [""ʃawkorflː["", -22.0589], [""tsa-(t)"", -22.5952], [""tso-"", -22.8015], [""fakorfid"", -23.2861], [""sfatrtʰa-"", -23.4417], [""kro-(d)"", -23.926], [""tro-(d)"", -23.926]]"
are	kʷe-	-7.7874	"[[""kʷe-"", -7.7874], [""kʷi-"", -7.7874], [""ʃe-"", -8.3337], [""ʃi-"", -8.3337], [""tfi-"", -8.6615], [""tso-"", -8.6615], [""tse-"", -8.6615], [""sfa-"", -8.6615], [""tis-"", -8.6847], [""kat-"", -8.6847]]"
ared	tro	-10.0063	"[[""tro"", -10.0063], [""kʷe-"", -10.398], [""kʷi-"", -10.398], [""kot"", -10.983], [""sof"", -10.983], [""kofu"", -11.1485], [""kowe"", -11.1487], [""kʷel-"", -11.2007], [""tinV-"", -11.2342], [""ʃe-"", -11.2714]]"
aredi	sulːo-	-12.2334	"[[""sulːo-"", -12.2334], [""tso-"", -12.514], [""sako-"", -12.8779], [""tulo-"", -12.8872], [""kʷe-"", -13.2242], [""kʷi-"", -13.2242], [""tro"", -13.4939], [""kʷel-"", -13.8217], [""tinV-"", -13.8487], [""kot"", -13.8766]]"
aredij	kofu	-13.8355	"[[""kofu"", -13.8355], [""kofuu"", -13.9206], [""sulːo-"", -15.0534], [""tso-"", -15.3712], [""tulo-"", -15.7042], [""sako-"", -15.7047], [""ko-(t)"", -15.9512], [""kʷe-"", -16.1802], [""kʷi-"", -16.1802], [""taakʷu"", -16.4795]]"
aredija	kot	-14.707	"[[""kot"", -14.707], [""sof"", -14.707], [""moːus"", -16.0358], [""kʷi=k"", -16.176], [""kukok"", -16.2213], [""ko-(t)"", -16.5646], [""kofu"", -16.9854], [""kofuu"", -17.0218], [""kʷalmlus"", -17.1955], [""kuka-"", -17.4352]]"
arej	kofu	-9.348	"[[""kofu"", -9.348], [""kup-"", -10.1852], [""kʷi-"", -10.398], [""kʷe-"", -10.398], [""kud"", -10.3995], [""taakʷu"", -10.9166], [""kʷel-"", -11.2007], [""tinV-"", -11.2342], [""kofuu"", -11.2478], [""ʃi-"", -11.2714]]"
areja	kukok	-9.7843	"[[""kukok"", -9.7843], [""kʷi=k"", -10.3936], [""kuka-"", -10.4263], [""kʷisk"", -11.4754], [""kʷalmlus"", -11.7941], [""=k"", -12.0006], [""moːus"", -12.1409], [""kup-"", -12.5107], [""sof"", -12.5671], [""kot"", -12.5671]]"
aret	kʷe-	-10.398	"[[""kʷe-"", -10.398], [""kʷi-"", -10.398], [""kʷel-"", -11.2007], [""tinV-"", -11.2342], [""ʃe-"", -11.2714], [""ʃi-"", -11.2714], [""tso-"", -11.4815], [""tfi-"", -11.4815], [""tse-"", -11.4815], [""sfa-"", -11.4815]]"
areta	kʷi=k	-10.3936	"[[""kʷi=k"", -10.3936], [""kʷisk"", -11.4754], [""=k"", -12.0006], [""kot"", -12.5671], [""sof"", -12.5671], [""kat"", -12.5671], [""fak"", -12.5671], [""=(i)s"", -12.8292], [""kʷe-"", -13.2234], [""kʷi-"", -13.2234]]"
aru	kʷe-	-7.7874	"[[""kʷe-"", -7.7874], [""kʷi-"", -7.7874], [""ʃe-"", -8.3337], [""ʃi-"", -8.3337], [""tfi-"", -8.6615], [""tso-"", -8.6615], [""tse-"", -8.6615], [""sfa-"", -8.6615], [""tis-"", -8.6847], [""kat-"", -8.6847]]"
aruk	kʷe-	-8.9256	"[[""kʷe-"", -8.9256], [""kʷel-"", -9.0348], [""kʷen"", -9.0935], [""kʷela"", -9.1453], [""tase"", -9.348], [""kowe"", -9.3573], [""kave"", -9.3573], [""ʃe-"", -10.1341], [""kʷi-"", -10.398], [""tesa"", -10.4731]]"
aruka	kʷe-	-8.5274	"[[""kʷe-"", -8.5274], [""tʰesa-"", -9.0928], [""kʷelis"", -9.1397], [""kaweɕ"", -9.3554], [""ʃe-"", -9.8593], [""kʷi=k"", -10.3936], [""tesa"", -10.4558], [""eɕ"", -10.5171], [""es"", -10.5171], [""kʷel-"", -11.2429]]"
arukan	kʷen	-9.1773	"[[""kʷen"", -9.1773], [""fẽtamn"", -10.4763], [""tʰesa-"", -11.2721], [""kʷe-"", -11.3512], [""kʷelad"", -11.5437], [""ʃlːẽtsad"", -11.764], [""kʷeːn-"", -11.8191], [""kʷelis"", -11.9574], [""kʷel-"", -12.4419], [""kʷela-"", -12.4927]]"
arukana	kʷeːn-	-11.3768	"[[""kʷeːn-"", -11.3768], [""kʷel-"", -12.0311], [""kʷelis"", -12.5144], [""kʷen"", -12.6845], [""tʰesa-"", -13.8811], [""fẽtwinte-"", -13.8948], [""fẽtamn"", -13.9773], [""eʃt"", -14.0187], [""kʷe-"", -14.4555], [""ʃlːẽtsad"", -14.5949]]"
arukanas	kʷela	-13.7746	"[[""kʷela"", -13.7746], [""tesasta"", -13.9416], [""kʷeːn-"", -14.1997], [""tesa"", -14.4187], [""kʷel-"", -14.8556], [""teli"", -15.1097], [""kʷe(si)-"", -15.701], [""kʷelis"", -15.7533], [""fẽnstifi"", -15.9192], [""tʰesa-"", -15.9602]]"
asa	kat	-1.0892	"[[""kat"", -1.0892], [""fak"", -1.0892], [""satit"", -3.4571], [""titiɕ"", -3.4571], [""ʃi-"", -3.9415], [""=iʃ"", -3.944], [""=ãk"", -3.944], [""tasa-"", -4.4556], [""tafa-"", -4.4556], [""taats"", -4.4633]]"
asar	tis-	-3.9452	"[[""tis-"", -3.9452], [""kat-"", -3.9452], [""fak"", -4.5962], [""kat"", -4.5962], [""tasa-"", -6.66], [""tafa-"", -6.66], [""titiɕ"", -6.6722], [""satit"", -6.6722], [""sako-"", -6.6886], [""sakn-"", -6.6886]]"
asara	kat-	-6.7606	"[[""kat-"", -6.7606], [""tis-"", -6.7606], [""taats"", -7.2535], [""satit"", -7.2666], [""titiɕ"", -7.2666], [""fak"", -7.4068], [""kat"", -7.4068], [""kʷisk"", -7.7099], [""kasta-"", -7.9001], [""takto-"", -7.9004]]"
asaram	fabatko	-8.0576	"[[""fabatko"", -8.0576], [""takto-"", -8.5601], [""kat-"", -9.5817], [""tis-"", -9.5817], [""kasta-"", -10.1321], [""titiɕ"", -10.7467], [""satit"", -10.7467], [""taats"", -10.7588], [""fiʃfid"", -10.8616], [""kat"", -10.9144]]"
asarama	takto-	-8.1324	"[[""takto-"", -8.1324], [""katʰtʰirs"", -10.192], [""sako-"", -10.9425], [""aɕtrkoɕ"", -11.0657], [""karfto-"", -11.3712], [""katosn"", -11.5357], [""fabatko"", -11.5582], [""iʃko-"", -11.6347], [""kukok"", -12.5789], [""kasta-"", -12.6655]]"
asaraman	katosn	-8.0887	"[[""katosn"", -8.0887], [""kafolːtsn"", -10.7911], [""takto-"", -10.9545], [""fiʃfid"", -13.4043], [""katʰtʰirs"", -13.5166], [""sako-"", -13.7685], [""karfto-"", -14.1917], [""laftsn"", -14.3209], [""iʃko-"", -14.4567], [""fakorfid"", -14.5643]]"
asaramana	katosn	-11.595	"[[""katosn"", -11.595], [""katʰtʰirs"", -11.8544], [""takto-"", -14.0567], [""kafolːtsn"", -14.2447], [""fakorfid"", -15.0221], [""aɕtrkoɕ"", -16.3391], [""katoʃ(i)-"", -16.4334], [""katof(i)-"", -16.4334], [""sakn-"", -16.8563], [""sako-"", -16.8738]]"
asaramanad	katosn	-15.1012	"[[""katosn"", -15.1012], [""katʰtʰirs"", -15.3613], [""takto-"", -17.2511], [""kafolːtsn"", -17.6975], [""fakorfid"", -17.8461], [""aɕtrkoɕ"", -17.9806], [""astrko-"", -17.9832], [""katof(i)-"", -18.4423], [""katoʃ(i)-"", -18.4423], [""tatsd(i)-"", -18.8581]]"
asarame	takto-	-8.1343	"[[""takto-"", -8.1343], [""sako-"", -10.9429], [""karfto-"", -11.3747], [""fabatko"", -11.5638], [""iʃko-"", -11.6366], [""tis-"", -12.6862], [""kat-"", -12.6862], [""tsito-"", -12.7341], [""sfato-"", -12.7341], [""kasta-"", -12.8614]]"
asaramei	takto-	-10.9582	"[[""takto-"", -10.9582], [""sako-"", -13.7694], [""karfto-"", -14.1987], [""iʃko-"", -14.4604], [""tats(i)-"", -14.9505], [""fabatko"", -15.07], [""tsito-"", -15.5589], [""sfato-"", -15.5589], [""tso-"", -15.7842], [""kasta-"", -15.809]]"
asarameit	takto-	-14.0632	"[[""takto-"", -14.0632], [""sako-"", -16.8753], [""karfto-"", -17.3037], [""tats(i)-"", -17.4043], [""iʃko-"", -17.5655], [""fabatko"", -18.5761], [""sfato-"", -18.6642], [""tsito-"", -18.6642], [""aktʰα-"", -18.7061], [""kasta-"", -18.8792]]"
asarameiti	takto-	-17.2843	"[[""takto-"", -17.2843], [""tats(i)-"", -20.089], [""sako-"", -20.0969], [""karfto-"", -20.5248], [""iʃko-"", -20.7866], [""aktʰα-"", -21.3432], [""sfato-"", -21.8853], [""tsito-"", -21.8853], [""kasta-"", -22.0279], [""fabatko"", -22.0823]]"
asarameu	takto-	-10.9582	"[[""takto-"", -10.9582], [""sako-"", -13.7694], [""karfto-"", -14.1987], [""iʃko-"", -14.4604], [""tats(i)-"", -14.9505], [""fabatko"", -15.07], [""tsito-"", -15.5589], [""sfato-"", -15.5589], [""tso-"", -15.7842], [""kasta-"", -15.809]]"
asarameun	takto-	-14.0632	"[[""takto-"", -14.0632], [""sako-"", -16.8753], [""katosn"", -16.905], [""fiʃfid"", -17.1242], [""karfto-"", -17.3037], [""tats(i)-"", -17.4043], [""iʃko-"", -17.5655], [""katʰtʰirs"", -18.561], [""fabatko"", -18.5761], [""kʷiʃtori-"", -18.5824]]"
asarameuna	katʰtʰirs	-15.1858	"[[""katʰtʰirs"", -15.1858], [""takto-"", -17.2839], [""tsato-(d)"", -18.3753], [""fakorfid"", -18.5572], [""satro-(d)"", -19.0882], [""tatro-(d)"", -19.0882], [""ʃisiro-(d)"", -19.3275], [""tats(i)-"", -20.0888], [""sako-"", -20.0968], [""katosn"", -20.241]]"
asas	fata	-2.1819	"[[""fata"", -2.1819], [""tis-"", -3.9442], [""kat-"", -3.9442], [""sfa"", -4.5918], [""kat"", -4.5944], [""fak"", -4.5944], [""tafa-"", -5.3726], [""tasa-"", -5.3726], [""titiɕ"", -5.376], [""satit"", -5.376]]"
asasa	satit	-2.1795	"[[""satit"", -2.1795], [""titiɕ"", -2.1795], [""tafa-"", -5.029], [""tasa-"", -5.029], [""fasiʃa-"", -5.4477], [""fata"", -5.6792], [""isas"", -5.6792], [""fak"", -6.7193], [""kat"", -6.7193], [""tis-"", -6.7434]]"
asasar	titiɕ	-5.6864	"[[""titiɕ"", -5.6864], [""satit"", -5.6864], [""fasiʃa-"", -7.6963], [""tasa-"", -7.8492], [""tafa-"", -7.8492], [""tis-"", -9.1761], [""kat-"", -9.1761], [""fata"", -9.1765], [""isas"", -9.1861], [""kasta-"", -9.6158]]"
asasara	titiɕ	-8.4916	"[[""titiɕ"", -8.4916], [""satit"", -8.4916], [""taats"", -9.1632], [""katʰtʰirs"", -10.1872], [""kʷisk"", -10.2249], [""fasiʃa-"", -10.3351], [""tafa-"", -10.9487], [""tasa-"", -10.9487], [""isas"", -11.9954], [""tis-"", -12.173]]"
asasaram	titiɕ	-11.9989	"[[""titiɕ"", -11.9989], [""satit"", -11.9989], [""fabatko"", -12.1998], [""taats"", -12.6695], [""tsaʃi-(t)"", -12.7659], [""tsa-(t)"", -13.0423], [""fasiʃa-"", -13.179], [""katʰtʰirs"", -13.6691], [""kʷisk"", -13.7312], [""takto-"", -13.8646]]"
asasarama	takto-	-13.5385	"[[""takto-"", -13.5385], [""sfato-"", -14.439], [""tsito-"", -14.439], [""katʰtʰirs"", -14.6671], [""aɕtrkoɕ"", -14.8751], [""taats"", -15.0831], [""titiɕ"", -15.0861], [""satit"", -15.0861], [""tsaʃi-(t)"", -15.5229], [""fabatko"", -15.7024]]"
asasaraman	katosn	-13.8534	"[[""katosn"", -13.8534], [""kafolːtsn"", -15.4656], [""takto-"", -16.3622], [""tsito-"", -17.265], [""sfato-"", -17.265], [""tsaʃi-(t)"", -17.3334], [""kʷiʃtori-"", -17.7291], [""tsa-(t)"", -17.9407], [""katʰtʰirs"", -18.0674], [""aɕtrkoɕ"", -18.3816]]"
asasarame	takto-	-13.5398	"[[""takto-"", -13.5398], [""tsito-"", -14.4395], [""sfato-"", -14.4395], [""satit"", -15.5063], [""titiɕ"", -15.5063], [""tsaʃi-(t)"", -15.5883], [""fabatko"", -15.706], [""tsa-(t)"", -15.8738], [""fasiʃa-"", -16.1731], [""taats"", -16.1758]]"
asasaramei	takto-	-16.3648	"[[""takto-"", -16.3648], [""tsito-"", -17.266], [""sfato-"", -17.266], [""tsaʃi-(t)"", -18.6837], [""tsa-(t)"", -18.9779], [""satit"", -19.0137], [""titiɕ"", -19.0137], [""fabatko"", -19.2122], [""fasiʃa-"", -19.2666], [""karfto-"", -19.3503]]"
asasarameu	takto-	-16.3648	"[[""takto-"", -16.3648], [""tsito-"", -17.266], [""sfato-"", -17.266], [""tsaʃi-(t)"", -18.6837], [""tsa-(t)"", -18.9779], [""satit"", -19.0137], [""titiɕ"", -19.0137], [""fabatko"", -19.2122], [""fasiʃa-"", -19.2666], [""karfto-"", -19.3503]]"
asau	tis-	-3.9452	"[[""tis-"", -3.9452], [""kat-"", -3.9452], [""fak"", -4.5962], [""kat"", -4.5962], [""tasa-"", -6.66], [""tafa-"", -6.66], [""titiɕ"", -6.6722], [""satit"", -6.6722], [""sako-"", -6.6886], [""sakn-"", -6.6886]]"
asaun	kat-	-6.7685	"[[""kat-"", -6.7685], [""tis-"", -6.7685], [""katosn"", -6.9578], [""taɕẽv"", -7.3224], [""fiʃfid"", -7.3238], [""sakn-"", -7.8635], [""kaʃno-"", -7.9095], [""kan"", -8.0925], [""sav"", -8.0925], [""fak"", -8.1033]]"
asauna	sakn-	-7.4468	"[[""sakn-"", -7.4468], [""katʰtʰirs"", -8.9125], [""ta-(d)"", -9.5852], [""kat-"", -9.8683], [""tis-"", -9.8683], [""kaʃno-"", -10.15], [""ʃawls"", -10.3005], [""satit"", -10.3957], [""titiɕ"", -10.3957], [""katosn"", -10.4335]]"
asaunak	fakarse	-7.3041	"[[""fakarse"", -7.3041], [""sakn-"", -10.2708], [""tase"", -10.9085], [""karʃ-"", -10.9425], [""kave"", -11.5966], [""katʰtʰirs"", -12.3739], [""ta-(d)"", -12.406], [""sfatrtʰa-"", -12.847], [""tis-"", -12.8672], [""kat-"", -12.8672]]"
asaunaka	fakarse	-10.8104	"[[""fakarse"", -10.8104], [""katʰtʰirs"", -12.9168], [""sakn-"", -13.3758], [""karʃ-"", -13.7596], [""timleɕ"", -13.8034], [""tase"", -14.4153], [""ãntʰẽt"", -14.7319], [""karfto-"", -14.8925], [""ʃarẽta-"", -15.0061], [""sfatrtʰa-"", -15.0083]]"
asaunakan	kafolːtsn	-12.8908	"[[""kafolːtsn"", -12.8908], [""fatinẽd"", -14.2883], [""fakarse"", -14.3165], [""taɕẽv"", -14.4115], [""karʃe-(d)"", -15.9213], [""ʃlːẽtsad"", -16.0882], [""katosn"", -16.2477], [""katʰtʰirs"", -16.2765], [""fakorfid"", -16.3661], [""karʃ-"", -16.5836]]"
asaunakana	katʰtʰirs	-14.8037	"[[""katʰtʰirs"", -14.8037], [""karʃe-(d)"", -16.0589], [""kafolːtsn"", -16.3671], [""fatinẽd"", -17.7954], [""fakarse"", -17.8175], [""taɕẽv"", -17.9186], [""tatro-(d)"", -18.1018], [""satro-(d)"", -18.1018], [""atʰlːe-(d)"", -18.2201], [""kikorʃi-(d)"", -18.3465]]"
ase	ʃi-	-3.9429	"[[""ʃi-"", -3.9429], [""ti"", -4.5967], [""fa"", -4.5967], [""tis-"", -6.6069], [""kat-"", -6.6069], [""kan-"", -6.6092], [""tam-"", -6.6092], [""ʃar-"", -6.6092], [""ʃaw-"", -6.6092], [""saw-"", -6.6092]]"
asek	ʃi-	-6.7671	"[[""ʃi-"", -6.7671], [""tase"", -7.2434], [""kave"", -7.2445], [""fa"", -8.102], [""ti"", -8.102], [""kʷe-"", -8.9256], [""kʷel-"", -9.0348], [""kʷen"", -9.0935], [""kʷela"", -9.14], [""tinV-"", -9.1973]]"
aseka	kaweɕ	-7.2426	"[[""kaweɕ"", -7.2426], [""timleɕ"", -7.3524], [""fak"", -8.098], [""kat"", -8.098], [""kʷe-"", -8.5274], [""tʰesa-"", -9.092], [""kʷelis"", -9.1344], [""kʷi=k"", -9.599], [""ʃe-"", -9.8593], [""ʃi-"", -9.8715]]"
asekan	kʷen	-9.1773	"[[""kʷen"", -9.1773], [""katosn"", -10.1603], [""taɕẽv"", -10.3678], [""fẽtamn"", -10.4751], [""kaweɕ"", -10.7497], [""tawɕẽn"", -10.8069], [""timleɕ"", -10.8576], [""kat-"", -10.9482], [""tis-"", -10.9482], [""tʰesa-"", -11.2718]]"
asekana	sakn-	-10.9516	"[[""sakn-"", -10.9516], [""kʷeːn-"", -11.3768], [""kʷel-"", -12.0311], [""ta-(d)"", -12.0469], [""kʷelis"", -12.5141], [""katʰtʰirs"", -12.6173], [""kʷen"", -12.6845], [""ʃawls"", -13.5487], [""kaweɕ"", -13.551], [""taats"", -13.5797]]"
asekanas	tavsa	-12.6877	"[[""tavsa"", -12.6877], [""tansa"", -12.6877], [""sakn-"", -13.7745], [""kʷela"", -13.7746], [""tesasta"", -13.8376], [""kʷeːn-"", -14.1997], [""tesa"", -14.4187], [""sareta"", -14.4406], [""karʃ-"", -14.4448], [""kʷel-"", -14.8556]]"
asekanasi	tarta-	-15.5392	"[[""tarta-"", -15.5392], [""tavɕa-"", -15.5392], [""kasta-"", -15.5421], [""tʰesa-"", -15.9267], [""tavsa"", -16.1931], [""tansa"", -16.1931], [""kʷela-"", -16.619], [""sakn-"", -16.8792], [""karʃ-"", -17.2711], [""kʷela"", -17.28]]"
asekanasis	kʷe(si)-	-18.0713	"[[""kʷe(si)-"", -18.0713], [""tarta-"", -18.3557], [""tavɕa-"", -18.3557], [""kasta-"", -18.3587], [""tʰesa-"", -18.7472], [""tansa"", -19.0099], [""tavsa"", -19.0099], [""kʷela-"", -19.439], [""tatsd(i)-"", -19.5253], [""sfatrtʰa-"", -19.8685]]"
aser	ʃi-	-6.7671	"[[""ʃi-"", -6.7671], [""ti"", -8.102], [""fa"", -8.102], [""tinV-"", -9.1973], [""tafa-"", -9.2869], [""tasa-"", -9.2869], [""tada-"", -9.2981], [""fadi-"", -9.2981], [""sana-"", -9.2981], [""ʃani-"", -9.2981]]"
asera	kat	-8.098	"[[""kat"", -8.098], [""fak"", -8.098], [""kʷi=k"", -9.599], [""ʃi-"", -9.8715], [""satit"", -9.9418], [""titiɕ"", -9.9418], [""taats"", -10.3727], [""ʃawls"", -10.4407], [""kaweɕ"", -10.4407], [""=iʃ"", -10.9369]]"
aserat	tis-	-10.9482	"[[""tis-"", -10.9482], [""kat-"", -10.9482], [""fak"", -11.605], [""kat"", -11.605], [""tsa-(t)"", -12.2258], [""ʃi-"", -13.0914], [""kʷi=k"", -13.1041], [""karʃ-"", -13.1669], [""titiɕ"", -13.266], [""satit"", -13.266]]"
aserate	kat-	-13.7744	"[[""kat-"", -13.7744], [""tis-"", -13.7744], [""tsa-(t)"", -15.0452], [""kat"", -15.1121], [""fak"", -15.1121], [""karʃ-"", -16.011], [""tasa-"", -16.3254], [""tafa-"", -16.3254], [""sako-"", -16.3557], [""sakn-"", -16.3557]]"
asi	ʃi-	-3.9429	"[[""ʃi-"", -3.9429], [""ti"", -4.5967], [""fa"", -4.5967], [""tis-"", -6.6069], [""kat-"", -6.6069], [""kan-"", -6.6092], [""tam-"", -6.6092], [""ʃar-"", -6.6092], [""ʃaw-"", -6.6092], [""saw-"", -6.6092]]"
asii	ʃi-	-6.7671	"[[""ʃi-"", -6.7671], [""ti"", -8.102], [""fa"", -8.102], [""tinV-"", -9.1973], [""tafa-"", -9.2869], [""tasa-"", -9.2869], [""tada-"", -9.2981], [""fadi-"", -9.2981], [""sana-"", -9.2981], [""ʃani-"", -9.2981]]"
asiip	ʃi-	-9.8719	"[[""ʃi-"", -9.8719], [""ta-(d)"", -11.4543], [""ti"", -11.6074], [""fa"", -11.6074], [""tinV-"", -11.721], [""tasa-"", -12.2067], [""tafa-"", -12.2067], [""sana-"", -12.216], [""ʃani-"", -12.216], [""kãna-"", -12.216]]"
asiipi	ʃi-	-13.0928	"[[""ʃi-"", -13.0928], [""ta-(d)"", -13.9059], [""tinV-"", -14.4904], [""ti"", -15.1128], [""fa"", -15.1128], [""tafa-"", -15.2682], [""tasa-"", -15.2682], [""tada-"", -15.2761], [""sana-"", -15.2761], [""fadi-"", -15.2761]]"
asiipin	kan	-15.1069	"[[""kan"", -15.1069], [""sav"", -15.1069], [""ta-(d)"", -15.238], [""ʃi-"", -16.3775], [""fadol"", -16.7416], [""ʃawn"", -16.8792], [""tamn"", -16.8792], [""taɕẽv"", -16.9126], [""tinV-"", -17.1399], [""kʷen"", -17.4678]]"
asiipina	ta-(d)	-14.8773	"[[""ta-(d)"", -14.8773], [""ʃawls"", -16.8772], [""tawa-(d)"", -17.3345], [""ʃapi-(d)"", -17.3345], [""kan-"", -17.9476], [""ʃar-"", -17.9476], [""tdi-(d)"", -18.0927], [""karʃ-"", -18.4694], [""tarta-"", -18.5197], [""tavɕa-"", -18.5197]]"
asiipinam	ta-(d)	-17.7012	"[[""ta-(d)"", -17.7012], [""karʃ-"", -17.9606], [""ʃanto-"", -19.0851], [""ʃapi-(d)"", -20.1577], [""tawa-(d)"", -20.1577], [""ʃawls"", -20.3844], [""tsa-(t)"", -20.5322], [""tarta-"", -20.7027], [""tavɕa-"", -20.7027], [""tinV-"", -20.7129]]"
asiipinama	ʃanto-	-18.6472	"[[""ʃanto-"", -18.6472], [""karʃ-"", -20.7763], [""ta-(d)"", -20.8055], [""karfto-"", -20.9021], [""aɕtrkoɕ"", -20.9939], [""kantro-"", -21.8122], [""sako-"", -22.1518], [""ʃaroka-"", -22.7014], [""saroka-"", -22.7014], [""katosn"", -22.7445]]"
asir	ʃi-	-6.7671	"[[""ʃi-"", -6.7671], [""ti"", -8.102], [""fa"", -8.102], [""tinV-"", -9.1973], [""tafa-"", -9.2869], [""tasa-"", -9.2869], [""tada-"", -9.2981], [""fadi-"", -9.2981], [""sana-"", -9.2981], [""ʃani-"", -9.2981]]"
asiru	ʃi-	-9.8719	"[[""ʃi-"", -9.8719], [""ta-(d)"", -11.4543], [""ti"", -11.6074], [""fa"", -11.6074], [""tinV-"", -11.721], [""tasa-"", -12.2067], [""tafa-"", -12.2067], [""sana-"", -12.216], [""ʃani-"", -12.216], [""kãna-"", -12.216]]"
asirut	ʃi-	-13.0928	"[[""ʃi-"", -13.0928], [""ta-(d)"", -13.9059], [""tinV-"", -14.4904], [""ti"", -15.1128], [""fa"", -15.1128], [""tafa-"", -15.2682], [""tasa-"", -15.2682], [""tada-"", -15.2761], [""sana-"", -15.2761], [""fadi-"", -15.2761]]"
asirute	ʃi-	-16.3775	"[[""ʃi-"", -16.3775], [""ta-(d)"", -16.5895], [""tinV-"", -17.4067], [""tafa-"", -18.4129], [""tasa-"", -18.4129], [""kãna-"", -18.4198], [""sana-"", -18.4198], [""fadi-"", -18.4198], [""ʃani-"", -18.4198], [""tada-"", -18.4198]]"
asis	ʃi-	-6.7593	"[[""ʃi-"", -6.7593], [""ti"", -7.4135], [""fa"", -7.4135], [""fata"", -8.1936], [""kana"", -8.1955], [""tansa"", -8.4367], [""tavsa"", -8.4367], [""aɕaa"", -9.0976], [""taats"", -9.1266], [""tinV-"", -9.1919]]"
asisi	kʷi-	-9.5836	"[[""kʷi-"", -9.5836], [""ʃi-"", -9.5841], [""taada-"", -10.8441], [""tasa-"", -10.8885], [""tafa-"", -10.8885], [""tada-"", -10.8918], [""ʃani-"", -10.8918], [""sana-"", -10.8918], [""fadi-"", -10.8918], [""kãna-"", -10.8918]]"
asisir	kʷi-	-12.4177	"[[""kʷi-"", -12.4177], [""ʃi-"", -12.6896], [""ʃat(i)-"", -13.3146], [""ʃaw(i)-"", -13.317], [""ʃar(i)-"", -13.317], [""ʃiw(i)-"", -13.317], [""taada-"", -13.5238], [""tafa-"", -13.7546], [""tasa-"", -13.7546], [""kãna-"", -13.7572]]"
ata	kʷi=k	-5.6167	"[[""kʷi=k"", -5.6167], [""=k"", -5.6702], [""kʷisk"", -6.208], [""sof"", -6.2311], [""kot"", -6.2311], [""kat"", -6.2311], [""fak"", -6.2311], [""tfi-"", -6.8113], [""tso-"", -6.8113], [""tse-"", -6.8113]]"
atai	tfi-	-9.0423	"[[""tfi-"", -9.0423], [""sfa-"", -9.0423], [""tse-"", -9.0423], [""tso-"", -9.0423], [""kat-"", -9.0445], [""tis-"", -9.0445], [""ko-(t)"", -9.0797], [""kʷi=k"", -9.1114], [""karʃ-"", -9.1213], [""=k"", -9.1763]]"
ataiΘ	tfi-	-11.7714	"[[""tfi-"", -11.7714], [""tso-"", -11.7714], [""tse-"", -11.7714], [""sfa-"", -11.7714], [""kat-"", -11.874], [""tis-"", -11.874], [""ko-(t)"", -11.8914], [""karʃ-"", -11.9438], [""sfar-"", -12.1926], [""tsiw-"", -12.1926]]"
ataiΘu	sfa-	-14.719	"[[""sfa-"", -14.719], [""tse-"", -14.719], [""tso-"", -14.719], [""tfi-"", -14.719], [""tis-"", -14.9717], [""kat-"", -14.9717], [""ko-(t)"", -14.9752], [""sfar-"", -15.0107], [""tsiw-"", -15.0107], [""karʃ-"", -15.0464]]"
ataiΘuj	taakʷu	-15.0426	"[[""taakʷu"", -15.0426], [""kofu"", -16.6624], [""aktʰα-"", -17.5672], [""tfi-"", -17.7891], [""tse-"", -17.7891], [""tso-"", -17.7891], [""sfa-"", -17.7891], [""tsiw-"", -18.0044], [""sfar-"", -18.0044], [""ko-(t)"", -18.1639]]"
ataiΘuja	taakʷu	-18.5481	"[[""taakʷu"", -18.5481], [""kʷi=k"", -18.8976], [""kʷe(si)=k"", -18.9489], [""kʷisk"", -19.2478], [""kukok"", -19.5301], [""kʷalmlus"", -19.8854], [""tsa-(t)"", -20.0852], [""kofu"", -20.1649], [""aktʰα-"", -20.2003], [""kuka-"", -20.2238]]"
ataiΘw	tfi-	-14.719	"[[""tfi-"", -14.719], [""sfa-"", -14.719], [""tse-"", -14.719], [""tso-"", -14.719], [""tsiw-"", -14.7791], [""tis-"", -14.9717], [""kat-"", -14.9717], [""ko-(t)"", -14.9752], [""sfar-"", -15.0107], [""karʃ-"", -15.0464]]"
ataiΘwa	=ms	-15.2872	"[[""=ms"", -15.2872], [""tsiw-"", -15.6095], [""kʷisk"", -15.8548], [""kʷi=k"", -15.8977], [""kʷe(si)=k"", -16.2355], [""taats"", -16.7603], [""tsa-(t)"", -17.31], [""aktʰα-"", -17.5669], [""katʰtʰirs"", -17.5964], [""kʷalmlus"", -17.7043]]"
ataiΘwae	tsa-(t)	-16.996	"[[""tsa-(t)"", -16.996], [""tsiw-"", -18.4456], [""=ms"", -18.7944], [""ko-(t)"", -18.9432], [""kʷãn-(t)"", -18.9883], [""tsaʃi-(t)"", -19.0788], [""kʷisk"", -19.3531], [""kʷi=k"", -19.403], [""sfẽni-(t)"", -19.7083], [""kʷe(si)=k"", -19.7309]]"
ataiΘwaea	tsa-(t)	-19.7889	"[[""tsa-(t)"", -19.7889], [""kʷisk"", -20.4243], [""katʰtʰirs"", -21.1161], [""kʷe(si)=k"", -21.1431], [""tsiw-"", -21.5456], [""=ms"", -21.6093], [""kʷi=k"", -21.6404], [""kʷãn-(t)"", -21.7731], [""ko-(t)"", -21.7763], [""taats"", -21.822]]"
ataiΘwaead	tsa-(t)	-22.0913	"[[""tsa-(t)"", -22.0913], [""fabatko"", -22.7873], [""tsa- (tsak)"", -22.8116], [""tsaʃi-(t)"", -23.7708], [""kʷisk"", -23.9301], [""kʷãn-(t)"", -23.9348], [""ko-(t)"", -24.2698], [""ʃarpta-(t)"", -24.343], [""ksplːtalː"", -24.4085], [""tsẽnʃi-(t)"", -24.5182]]"
ataiΘwaj	tsa-(t)	-16.996	"[[""tsa-(t)"", -16.996], [""taakʷu"", -18.238], [""tsiw-"", -18.4456], [""kofu"", -18.5044], [""=ms"", -18.7944], [""ko-(t)"", -18.9432], [""kʷãn-(t)"", -18.9883], [""tsaʃi-(t)"", -19.0788], [""kʷalːmlːu"", -19.2632], [""kʷisk"", -19.3531]]"
ataiΘwaja	tsa-(t)	-19.7889	"[[""tsa-(t)"", -19.7889], [""kʷalmlus"", -20.4196], [""kʷisk"", -20.4243], [""buk"", -21.0357], [""puk"", -21.0357], [""katʰtʰirs"", -21.1161], [""kʷe(si)=k"", -21.1431], [""takʷtula-"", -21.2275], [""tsiw-"", -21.5456], [""=ms"", -21.6093]]"
ataiΘwajaa	tsa-(t)	-22.076	"[[""tsa-(t)"", -22.076], [""tsa- (tsak)"", -22.5667], [""kʷisk"", -22.6711], [""kʷalmlus"", -23.2344], [""kukok"", -23.2553], [""katʰtʰirs"", -23.2875], [""estsats"", -23.3535], [""kʷe(si)=k"", -23.3757], [""takʷtula-"", -23.6573], [""tsaʃi-(t)"", -23.7404]]"
ataiΘwajaj	kofuu	-22.0039	"[[""kofuu"", -22.0039], [""tsa-(t)"", -22.0913], [""tsa- (tsak)"", -22.8116], [""takʷtula-"", -23.618], [""taakʷu"", -23.6392], [""tsaʃi-(t)"", -23.7708], [""kʷalmlus"", -23.9251], [""kʷisk"", -23.9301], [""kʷãn-(t)"", -23.9348], [""ko-(t)"", -24.2699]]"
ataiΘwajas	tsa- (tsak)	-21.7972	"[[""tsa- (tsak)"", -21.7972], [""tsa-(t)"", -22.0911], [""ksplːtalː"", -22.9346], [""tesasta"", -23.157], [""takʷtula-"", -23.547], [""fẽnstifi"", -23.7233], [""tsaʃi-(t)"", -23.7685], [""sfa"", -23.8476], [""kʷisk"", -23.9251], [""kʷalmlus"", -23.9268]]"
ataiΘwajat	tsa-(t)	-22.0913	"[[""tsa-(t)"", -22.0913], [""tsa- (tsak)"", -22.8116], [""takʷtula-"", -23.6581], [""tsaʃi-(t)"", -23.7708], [""kʷalmlus"", -23.9268], [""kʷisk"", -23.9301], [""kʷãn-(t)"", -23.9348], [""ko-(t)"", -24.2699], [""ʃarpta-(t)"", -24.343], [""ksplːtalː"", -24.4085]]"
ate	kʷe-	-7.7874	"[[""kʷe-"", -7.7874], [""kʷi-"", -7.7874], [""ʃe-"", -8.3337], [""ʃi-"", -8.3337], [""tfi-"", -8.6615], [""tso-"", -8.6615], [""tse-"", -8.6615], [""sfa-"", -8.6615], [""tis-"", -8.6847], [""kat-"", -8.6847]]"
ati	kʷe-	-7.7874	"[[""kʷe-"", -7.7874], [""kʷi-"", -7.7874], [""ʃe-"", -8.3337], [""ʃi-"", -8.3337], [""tfi-"", -8.6615], [""tso-"", -8.6615], [""tse-"", -8.6615], [""sfa-"", -8.6615], [""tis-"", -8.6847], [""kat-"", -8.6847]]"
atiΘ	kʷe-	-10.398	"[[""kʷe-"", -10.398], [""kʷi-"", -10.398], [""kʷel-"", -11.2007], [""tinV-"", -11.2342], [""ʃe-"", -11.2714], [""ʃi-"", -11.2714], [""tso-"", -11.4815], [""tfi-"", -11.4815], [""tse-"", -11.4815], [""sfa-"", -11.4815]]"
atiΘw	tarb	-12.5622	"[[""tarb"", -12.5622], [""kim"", -12.5745], [""kʷe-"", -13.2242], [""kʷi-"", -13.2242], [""kʷel-"", -13.8217], [""tinV-"", -13.8487], [""kup-"", -14.3287], [""saw-"", -14.3287], [""ʃaw-"", -14.3287], [""tam-"", -14.3287]]"
atiΘwa	=ms	-12.0026	"[[""=ms"", -12.0026], [""kʷi=k"", -13.22], [""kʷisk"", -14.4709], [""kʷalmlus"", -14.9741], [""=k"", -15.2868], [""=mas"", -15.3463], [""tam-"", -15.36], [""kup-"", -15.36], [""ʃaw-"", -15.36], [""saw-"", -15.36]]"
atiΘwaj	=ms	-15.5097	"[[""=ms"", -15.5097], [""kofu"", -15.8521], [""ko-(t)"", -16.338], [""kʷãn-(t)"", -16.6007], [""tsa-(t)"", -16.6531], [""kʷi=k"", -16.725], [""kʷalːmlːu"", -16.754], [""pu"", -17.5315], [""bu"", -17.5315], [""kʷisk"", -17.9422]]"
atiΘwaja	puk	-17.5285	"[[""puk"", -17.5285], [""buk"", -17.5285], [""kʷalmlus"", -17.6878], [""kʷisk"", -17.7827], [""=ms"", -18.3241], [""kʷi=k"", -18.8977], [""ko-(t)"", -19.138], [""kʷe(si)=k"", -19.2166], [""taats"", -19.3269], [""kofu"", -19.3577]]"
atu	kʷe-	-7.7874	"[[""kʷe-"", -7.7874], [""kʷi-"", -7.7874], [""ʃe-"", -8.3337], [""ʃi-"", -8.3337], [""tfi-"", -8.6615], [""tso-"", -8.6615], [""tse-"", -8.6615], [""sfa-"", -8.6615], [""tis-"", -8.6847], [""kat-"", -8.6847]]"
atur	kʷe-	-10.398	"[[""kʷe-"", -10.398], [""kʷi-"", -10.398], [""kʷel-"", -11.2007], [""tinV-"", -11.2342], [""ʃe-"", -11.2714], [""ʃi-"", -11.2714], [""tso-"", -11.4815], [""tfi-"", -11.4815], [""tse-"", -11.4815], [""sfa-"", -11.4815]]"
aturu	kʷi-	-13.2242	"[[""kʷi-"", -13.2242], [""kʷe-"", -13.2242], [""kʷel-"", -13.8217], [""tinV-"", -13.8487], [""ʃi-"", -14.3361], [""ʃe-"", -14.3361], [""tso-"", -14.4767], [""tse-"", -14.4767], [""sfa-"", -14.4767], [""tfi-"", -14.4767]]"
aturus	ti	-15.1093	"[[""ti"", -15.1093], [""fa"", -15.1093], [""kʷida"", -15.2745], [""kʷira"", -15.2745], [""kʷela"", -15.59], [""kʷi-"", -15.6795], [""kʷe-"", -16.1802], [""kʷi=k"", -16.468], [""kʷisk"", -16.528], [""kʷel-"", -16.6479]]"
aturusa	fak	-15.1068	"[[""fak"", -15.1068], [""kat"", -15.1068], [""kʷelis"", -15.5877], [""kʷi=k"", -15.6316], [""kʷisk"", -15.7166], [""kʷi-"", -15.9241], [""kʷaʃa-"", -16.3728], [""=ãk"", -16.3776], [""=iʃ"", -16.3776], [""titiɕ"", -16.593]]"
aturusai	tis-	-17.9613	"[[""tis-"", -17.9613], [""kat-"", -17.9613], [""fak"", -18.6139], [""kat"", -18.6139], [""kʷaʃa-"", -18.6152], [""kʷi-"", -18.7557], [""kʷisk"", -18.8687], [""kʷãn-(t)"", -19.0271], [""kʷi=k"", -19.0858], [""kʷelis"", -19.0947]]"
aturusaid	tis-	-20.7854	"[[""tis-"", -20.7854], [""kat-"", -20.7854], [""kʷaʃa-"", -21.3549], [""kʷaʃãn-"", -21.7833], [""kʷãn-(t)"", -21.8416], [""kʷi-"", -21.8618], [""ko-(t)"", -22.072], [""kʷisk"", -22.1145], [""fak"", -22.1209], [""kat"", -22.1209]]"
aturusaida	kʷisk	-20.097	"[[""kʷisk"", -20.097], [""kʷi=k"", -21.8451], [""sako-"", -22.1497], [""katosn"", -22.7478], [""kukok"", -23.3632], [""taats"", -23.7088], [""tsito-"", -23.7361], [""sfato-"", -23.7361], [""=(i)s"", -23.7909], [""kʷe(si)=k"", -23.8718]]"
aun	kʷen	-5.5946	"[[""kʷen"", -5.5946], [""kan"", -6.2457], [""kud"", -6.2457], [""sav"", -6.2457], [""ʃawn"", -6.2703], [""tamn"", -6.2703], [""tro"", -6.9224], [""fra"", -6.9224], [""kʷe-"", -7.7874], [""kʷi-"", -7.7874]]"
auna	ʃawls	-6.2683	"[[""ʃawls"", -6.2683], [""trfãn"", -6.9702], [""kʷi=k"", -7.7823], [""kʷel-"", -8.4339], [""kʷeːn-"", -8.4665], [""kʷisk"", -8.6544], [""=k"", -8.7778], [""kʷelis"", -8.9372], [""kudkit"", -9.0039], [""tʰorsa-"", -9.0117]]"
aunak	fakarse	-8.6479	"[[""fakarse"", -8.6479], [""karʃ-"", -9.0997], [""tase"", -9.3406], [""kave"", -9.7214], [""trfãn"", -9.7736], [""ʃawls"", -9.7754], [""tse-"", -10.3857], [""kʷel-"", -10.9328], [""ko-(t)"", -11.0694], [""tʰorsa-"", -11.191]]"
aunaka	timleɕ	-9.7681	"[[""timleɕ"", -9.7681], [""tse-"", -9.8602], [""tseʃi-"", -10.4235], [""det"", -10.5142], [""kʷe-"", -11.6246], [""kʷisk"", -11.7609], [""trf(i)-"", -11.8689], [""karʃ-"", -11.9147], [""ʃlːẽtsad"", -12.0272], [""fẽtwinte-"", -12.1304]]"
aunakan	ʃlːẽtsad	-9.7694	"[[""ʃlːẽtsad"", -9.7694], [""kʷen"", -12.2755], [""trfãn"", -12.5623], [""tseʃi-"", -12.6027], [""tse-"", -12.6827], [""taɕẽv"", -12.8428], [""tawɕẽn"", -12.8569], [""fẽntsal"", -13.0299], [""timleɕ"", -13.2752], [""fẽtamn"", -13.2889]]"
aunakana	ʃlːẽtsad	-12.6086	"[[""ʃlːẽtsad"", -12.6086], [""karʃe-(d)"", -14.2134], [""kʷeːn-"", -14.4724], [""kʷel-"", -15.1268], [""tseʃi-"", -15.2118], [""tsẽkʷra-"", -15.3094], [""trfno-(d)"", -15.3165], [""katʰtʰirs"", -15.3307], [""kʷelis"", -15.6081], [""kʷen"", -15.7826]]"
aut	kʷe-	-7.7874	"[[""kʷe-"", -7.7874], [""kʷi-"", -7.7874], [""ʃe-"", -8.3337], [""ʃi-"", -8.3337], [""tfi-"", -8.6615], [""tso-"", -8.6615], [""tse-"", -8.6615], [""sfa-"", -8.6615], [""tis-"", -8.6847], [""kat-"", -8.6847]]"
auti	kʷe-	-10.398	"[[""kʷe-"", -10.398], [""kʷi-"", -10.398], [""kʷel-"", -11.2007], [""tinV-"", -11.2342], [""ʃe-"", -11.2714], [""ʃi-"", -11.2714], [""tso-"", -11.4815], [""tfi-"", -11.4815], [""tse-"", -11.4815], [""sfa-"", -11.4815]]"
autin	kʷen	-11.2535	"[[""kʷen"", -11.2535], [""ʃawn"", -12.5622], [""tamn"", -12.5622], [""kan"", -12.5745], [""kud"", -12.5745], [""sav"", -12.5745], [""kʷe-"", -13.2242], [""kʷi-"", -13.2242], [""kʷelad"", -13.3316], [""kʷel-"", -13.5028]]"
autinu	kʷeːn-	-13.2459	"[[""kʷeːn-"", -13.2459], [""ta-(d)"", -13.5779], [""kʷel-"", -14.0721], [""kro-(d)"", -14.0758], [""tdi-(d)"", -14.0758], [""tro-(d)"", -14.0758], [""kʷen"", -14.7422], [""kan-"", -15.3602], [""ʃar-"", -15.3602], [""sfar-"", -15.3798]]"
autinui	kʷeːn-	-16.0686	"[[""kʷeːn-"", -16.0686], [""ta-(d)"", -16.4003], [""kro-(d)"", -16.888], [""tdi-(d)"", -16.888], [""tro-(d)"", -16.888], [""kʷel-"", -16.9043], [""tinV-"", -18.0451], [""sfar-"", -18.2071], [""kan-"", -18.2141], [""ʃar-"", -18.2141]]"
autinuin	trodn	-19.0046	"[[""trodn"", -19.0046], [""kʷeːn-"", -19.1434], [""ta-(d)"", -19.4702], [""sfard"", -19.5337], [""tdi-(d)"", -19.836], [""tro-(d)"", -19.836], [""kro-(d)"", -19.836], [""trfãn"", -19.8584], [""kʷel-"", -19.9902], [""kʷen"", -20.3942]]"
autinuina	Qlːdãns	-20.1238	"[[""Qlːdãns"", -20.1238], [""tdi-(d)"", -21.1246], [""kro-(d)"", -21.1246], [""tro-(d)"", -21.1246], [""kʷeːn-"", -21.531], [""ta-(d)"", -21.7764], [""ʃawls"", -22.0453], [""kʷi=k"", -22.3262], [""sfard-"", -22.3679], [""ʃalːre-(d)"", -22.4355]]"
autinuinai	kʷãn-(t)	-22.1561	"[[""kʷãn-(t)"", -22.1561], [""Qlːdãns"", -23.6293], [""tdi-(d)"", -23.9917], [""kro-(d)"", -23.9917], [""tro-(d)"", -23.9917], [""kʷeːn-"", -24.5231], [""ta-(d)"", -24.7533], [""kʷir-, kʷr-"", -24.7799], [""karʃ-"", -24.9511], [""sfard-"", -25.2005]]"
awa	=ms	-2.853	"[[""=ms"", -2.853], [""kʷi=k"", -5.6167], [""=k"", -5.6702], [""kʷisk"", -6.208], [""=mas"", -6.2203], [""kot"", -6.2311], [""sof"", -6.2311], [""fak"", -6.2311], [""kat"", -6.2311], [""kup-"", -6.2442]]"
awai	=ms	-6.3601	"[[""=ms"", -6.3601], [""tsiw-"", -8.6999], [""tawsa-"", -9.0127], [""tso-"", -9.0423], [""tfi-"", -9.0423], [""sfa-"", -9.0423], [""tse-"", -9.0423], [""kat-"", -9.0445], [""tis-"", -9.0445], [""ʃaw-"", -9.0528]]"
awaij	taakʷu	-9.1173	"[[""taakʷu"", -9.1173], [""kofu"", -9.7068], [""=ms"", -9.8672], [""pu"", -10.5162], [""bu"", -10.5162], [""tsiw-"", -11.52], [""tawsa-"", -11.729], [""tso-"", -11.7714], [""tse-"", -11.7714], [""tfi-"", -11.7714]]"
awaija	puk	-10.5133	"[[""puk"", -10.5133], [""buk"", -10.5133], [""moːus"", -11.8144], [""kʷisk"", -12.4485], [""kukok"", -12.5538], [""taakʷu"", -12.6203], [""=ms"", -12.6777], [""kʷi=k"", -12.9897], [""kofu"", -13.2106], [""kuka-"", -13.2295]]"
awaΦ	=ms	-6.3601	"[[""=ms"", -6.3601], [""tsiw-"", -8.6999], [""tawsa-"", -9.0127], [""tso-"", -9.0423], [""tfi-"", -9.0423], [""sfa-"", -9.0423], [""tse-"", -9.0423], [""kat-"", -9.0445], [""tis-"", -9.0445], [""ʃaw-"", -9.0528]]"
aza	kat	-1.0892	"[[""kat"", -1.0892], [""fak"", -1.0892], [""satit"", -3.4571], [""titiɕ"", -3.4571], [""ʃi-"", -3.9415], [""=iʃ"", -3.944], [""=ãk"", -3.944], [""tasa-"", -4.4556], [""tafa-"", -4.4556], [""taats"", -4.4633]]"
azaΦ	tis-	-3.9452	"[[""tis-"", -3.9452], [""kat-"", -3.9452], [""fak"", -4.5962], [""kat"", -4.5962], [""tasa-"", -6.66], [""tafa-"", -6.66], [""titiɕ"", -6.6722], [""satit"", -6.6722], [""sako-"", -6.6886], [""sakn-"", -6.6886]]"
azaΦn	kat-	-6.7685	"[[""kat-"", -6.7685], [""tis-"", -6.7685], [""katosn"", -6.9578], [""taɕẽv"", -7.3224], [""fiʃfid"", -7.3238], [""sakn-"", -7.8635], [""kaʃno-"", -7.9095], [""kan"", -8.0925], [""sav"", -8.0925], [""fak"", -8.1033]]"
azaΦni	sakn-	-7.4473	"[[""sakn-"", -7.4473], [""ta-(d)"", -9.5852], [""tis-"", -9.8736], [""kat-"", -9.8736], [""kaʃno-"", -10.1505], [""katosn"", -10.4632], [""taɕẽv"", -10.8152], [""fiʃfid"", -10.8279], [""ʃar-"", -10.9425], [""kan-"", -10.9425]]"
aΦn	kʷen	-5.5946	"[[""kʷen"", -5.5946], [""kan"", -6.2457], [""kud"", -6.2457], [""sav"", -6.2457], [""ʃawn"", -6.2703], [""tamn"", -6.2703], [""tro"", -6.9224], [""fra"", -6.9224], [""kʷe-"", -7.7874], [""kʷi-"", -7.7874]]"
aΦni	kʷel-	-8.434	"[[""kʷel-"", -8.434], [""kʷeːn-"", -8.4666], [""kʷen"", -9.0591], [""ʃar-"", -9.0601], [""kan-"", -9.0601], [""ta-(d)"", -9.0807], [""sfar-"", -9.0925], [""sakn-"", -9.1088], [""=tlː"", -9.6453], [""kan"", -9.7383]]"
daa	os-	-3.5284	"[[""os-"", -3.5284], [""=k"", -5.2711], [""ofi-"", -6.0646], [""sof"", -6.2309], [""kot"", -6.2309], [""eʃt"", -6.2721], [""ist"", -6.2721], [""iʃt"", -6.2721], [""fak"", -6.8408], [""kat"", -6.8408]]"
daau	os-	-5.9598	"[[""os-"", -5.9598], [""ofi-"", -8.6439], [""=k"", -8.7778], [""tso-"", -9.084], [""tfi-"", -9.0846], [""tse-"", -9.0846], [""sfa-"", -9.0846], [""esk-"", -9.1118], [""tis-"", -9.6437], [""kat-"", -9.6437]]"
dad	os-	-3.5434	"[[""os-"", -3.5434], [""ofi-"", -6.2871], [""=k"", -6.36], [""sof"", -6.9224], [""kot"", -6.9224], [""tro"", -7.5336], [""kofu"", -7.6043], [""kowe"", -7.6635], [""=tlː"", -8.44], [""olː"", -8.8982]]"
dada	sof	-4.191	"[[""sof"", -4.191], [""kot"", -4.191], [""os-"", -6.3507], [""kukok"", -6.9435], [""edkok"", -7.6104], [""kofu"", -7.6381], [""kofuu"", -7.6639], [""=k"", -8.4937], [""ofi-"", -8.7947], [""tso-"", -9.0954]]"
dadau	sof	-7.6981	"[[""sof"", -7.6981], [""kot"", -7.6981], [""os-"", -8.958], [""ko-(t)"", -10.2117], [""kukok"", -10.4486], [""kofuu"", -10.4655], [""kofu"", -10.4682], [""edkok"", -11.1174], [""ofi-"", -11.539], [""tso-"", -11.7055]]"
dadaut	sof	-11.2052	"[[""sof"", -11.2052], [""kot"", -11.2052], [""os-"", -11.9999], [""kof(i)-"", -12.5521], [""ko-(t)"", -12.9205], [""kofuu"", -13.5537], [""kofu"", -13.5755], [""kukok"", -13.9537], [""ofi-"", -14.4739], [""ol-(t)"", -14.5477]]"
dadauti	kof(i)-	-14.559	"[[""kof(i)-"", -14.559], [""sof"", -14.7123], [""kot"", -14.7123], [""os-"", -15.191], [""ko-(t)"", -15.8606], [""kofuu"", -16.7596], [""kofu"", -16.7981], [""kotʰtʰ(i)-"", -17.0636], [""katof(i)-"", -17.316], [""katoʃ(i)-"", -17.316]]"
dadautin	kof(i)-	-17.0098	"[[""kof(i)-"", -17.0098], [""katosn"", -17.454], [""kot"", -18.2194], [""sof"", -18.2194], [""os-"", -18.4587], [""kotʰtʰ(i)-"", -18.8681], [""ko-(t)"", -18.8783], [""sfard"", -19.5346], [""katoʃ(i)-"", -19.7645], [""katof(i)-"", -19.7645]]"
dadautinu	kof(i)-	-19.6932	"[[""kof(i)-"", -19.6932], [""katosn"", -20.9612], [""korfi-(d)"", -21.0259], [""kotʰtʰ(i)-"", -21.081], [""tro-(d)"", -21.2163], [""kro-(d)"", -21.2163], [""luko-(d)"", -21.3942], [""lafo-(d)"", -21.3942], [""arto-(d)"", -21.3942], [""kot"", -21.7266]]"
dadautinui	kof(i)-	-22.5226	"[[""kof(i)-"", -22.5226], [""kotʰtʰ(i)-"", -23.5302], [""korfi-(d)"", -23.8464], [""kro-(d)"", -24.0395], [""tro-(d)"", -24.0395], [""lafo-(d)"", -24.2181], [""arto-(d)"", -24.2181], [""luko-(d)"", -24.2181], [""katosn"", -24.4684], [""=tlː"", -24.6818]]"
daj	os-	-3.5439	"[[""os-"", -3.5439], [""kofu"", -4.0777], [""ofi-"", -6.2876], [""=k"", -6.36], [""kofuu"", -6.8099], [""kup-"", -6.9244], [""kud"", -6.9526], [""sof"", -7.5321], [""kot"", -7.5321], [""=tlː"", -8.44]]"
daja	kukok	-6.2834	"[[""kukok"", -6.2834], [""os-"", -6.3593], [""kuka-"", -6.9224], [""moːus"", -6.983], [""kofu"", -7.5804], [""=k"", -8.4937], [""ofi-"", -8.8967], [""kup-"", -9.1029], [""kʷi=k"", -9.1143], [""kudkit"", -9.3176]]"
dajaj	kofuu	-7.5713	"[[""kofuu"", -7.5713], [""kuka-"", -9.1005], [""kofu"", -9.181], [""os-"", -9.1821], [""kukok"", -9.3754], [""tutra-"", -9.7701], [""moːus"", -10.4873], [""kup-"", -11.6107], [""ofi-"", -11.726], [""ol-(t)"", -11.7296]]"
dajaja	kukok	-9.6539	"[[""kukok"", -9.6539], [""kofuu"", -11.0729], [""kuka-"", -11.5159], [""tutra-"", -12.1722], [""os-"", -12.2846], [""moːus"", -12.3625], [""kʷisk"", -12.5256], [""kofu"", -12.6867], [""kudkit"", -12.9406], [""tsuve-"", -13.2578]]"
dajas	kuka-	-7.7932	"[[""kuka-"", -7.7932], [""sfa"", -8.0999], [""os-"", -9.1821], [""kukok"", -9.3765], [""tutra-"", -9.6161], [""moːus"", -10.4901], [""fata"", -10.7754], [""tesa"", -10.8023], [""vsta"", -10.8556], [""tavsa"", -10.864]]"
dam	os-	-3.5434	"[[""os-"", -3.5434], [""ofi-"", -6.2871], [""=k"", -6.36], [""sof"", -6.9224], [""kot"", -6.9224], [""tro"", -7.5336], [""kofu"", -7.6043], [""kowe"", -7.6635], [""=tlː"", -8.44], [""olː"", -8.8982]]"
dama	sof	-4.191	"[[""sof"", -4.191], [""kot"", -4.191], [""os-"", -6.3507], [""kukok"", -6.9435], [""edkok"", -7.6104], [""kofu"", -7.6381], [""kofuu"", -7.6639], [""=k"", -8.4937], [""ofi-"", -8.7947], [""tso-"", -9.0954]]"
damat	sof	-7.6981	"[[""sof"", -7.6981], [""kot"", -7.6981], [""os-"", -8.958], [""ko-(t)"", -10.2117], [""kukok"", -10.4486], [""kofuu"", -10.4655], [""kofu"", -10.4682], [""edkok"", -11.1174], [""ofi-"", -11.539], [""tso-"", -11.7055]]"
damate	sof	-11.2052	"[[""sof"", -11.2052], [""kot"", -11.2052], [""os-"", -11.9999], [""kof(i)-"", -12.5521], [""ko-(t)"", -12.9205], [""kofuu"", -13.5537], [""kofu"", -13.5755], [""kukok"", -13.9537], [""ofi-"", -14.4739], [""ol-(t)"", -14.5477]]"
das	os-	-3.5439	"[[""os-"", -3.5439], [""ti"", -4.5984], [""fa"", -4.5984], [""ofi-"", -4.9793], [""=k"", -6.36], [""sfa"", -6.9316], [""fata"", -6.9571], [""tesa"", -7.3493], [""kana"", -7.379], [""eta"", -7.3838]]"
dase	ofi-	-4.6322	"[[""ofi-"", -4.6322], [""os-"", -6.3672], [""ʃi-"", -7.4499], [""fa"", -8.1038], [""ti"", -8.1038], [""tfi-"", -9.7552], [""sfa-"", -9.7552], [""tafa-"", -9.7889], [""tasa-"", -9.7889], [""=k"", -9.8641]]"
daser	ofi-	-7.4564	"[[""ofi-"", -7.4564], [""os-"", -9.4723], [""ʃi-"", -10.2742], [""ti"", -11.6092], [""fa"", -11.6092], [""tasa-"", -12.4613], [""tafa-"", -12.4613], [""sfa-"", -12.5782], [""tfi-"", -12.5782], [""tinV-"", -12.7038]]"
dasera	ofi-	-10.5608	"[[""ofi-"", -10.5608], [""fak"", -11.605], [""kat"", -11.605], [""=(i)s"", -12.4017], [""os-"", -12.6898], [""kʷi=k"", -13.0356], [""satit"", -13.266], [""titiɕ"", -13.266], [""ʃi-"", -13.3786], [""=ãk"", -13.7664]]"
daserat	ofi-	-13.7807	"[[""ofi-"", -13.7807], [""tis-"", -14.4549], [""kat-"", -14.4549], [""kat"", -15.1121], [""fak"", -15.1121], [""=(i)tʰ"", -15.2545], [""tsa-(t)"", -15.3742], [""os-"", -15.7943], [""=(i)s"", -15.9077], [""pita-(t)"", -16.5081]]"
daserate	ofi-	-17.0643	"[[""ofi-"", -17.0643], [""kat-"", -17.2813], [""tis-"", -17.2813], [""=(i)tʰ"", -18.0785], [""tsa-(t)"", -18.194], [""kat"", -18.6192], [""fak"", -18.6192], [""os-"", -19.0155], [""pita-(t)"", -19.3288], [""=(i)s"", -19.4132]]"
dau	os-	-3.5439	"[[""os-"", -3.5439], [""ofi-"", -6.2876], [""=k"", -6.36], [""sof"", -7.5321], [""kot"", -7.5321], [""=tlː"", -8.44], [""olː"", -9.005], [""ow-"", -9.005], [""tis-"", -9.0879], [""kat-"", -9.0879]]"
daut	os-	-6.3672	"[[""os-"", -6.3672], [""ofi-"", -9.0041], [""=k"", -9.8641], [""sof"", -10.9858], [""kot"", -10.9858], [""=tlː"", -11.1453], [""kʷe-"", -11.2904], [""kʷi-"", -11.2904], [""tis-"", -11.6953], [""kat-"", -11.6953]]"
dauti	os-	-9.4723	"[[""os-"", -9.4723], [""ofi-"", -11.9464], [""=k"", -13.3674], [""kʷi-"", -13.9025], [""kʷe-"", -13.9025], [""=tlː"", -14.077], [""kof(i)-"", -14.4384], [""kot"", -14.441], [""sof"", -14.441], [""kat-"", -14.6175]]"
dautin	os-	-12.6937	"[[""os-"", -12.6937], [""kʷen"", -14.7593], [""ofi-"", -15.0139], [""ʃawn"", -16.0679], [""tamn"", -16.0679], [""sav"", -16.0743], [""kud"", -16.0743], [""kan"", -16.0743], [""=tlː"", -16.3033], [""kʷe-"", -16.7294]]"
dautinu	os-	-15.9791	"[[""os-"", -15.9791], [""=tlː"", -16.2086], [""kʷeːn-"", -16.7504], [""ta-(d)"", -17.0589], [""olː"", -17.5508], [""tro-(d)"", -17.5579], [""kro-(d)"", -17.5579], [""tdi-(d)"", -17.5774], [""kʷel-"", -17.5779], [""lo-(d)"", -17.8838]]"
dautinui	=tlː	-19.0368	"[[""=tlː"", -19.0368], [""os-"", -19.3051], [""kʷeːn-"", -19.5731], [""ta-(d)"", -19.8814], [""kro-(d)"", -20.3703], [""tro-(d)"", -20.3703], [""olː"", -20.3814], [""tdi-(d)"", -20.3896], [""kʷel-"", -20.4101], [""lo-(d)"", -20.7072]]"
dautinuin	=tlː	-22.1382	"[[""=tlː"", -22.1382], [""trodn"", -22.5089], [""kʷeːn-"", -22.648], [""os-"", -22.659], [""ta-(d)"", -22.9517], [""sfard"", -23.011], [""tro-(d)"", -23.3215], [""kro-(d)"", -23.3215], [""tdi-(d)"", -23.3383], [""trfãn"", -23.3622]]"
dautinuina	Qlːdãns	-23.374	"[[""Qlːdãns"", -23.374], [""tro-(d)"", -24.6259], [""kro-(d)"", -24.6259], [""tdi-(d)"", -24.6305], [""oʃ (or e!ʃ)"", -24.9546], [""kʷeːn-"", -25.0364], [""=tlː"", -25.1375], [""ta-(d)"", -25.2649], [""ʃawls"", -25.5512], [""kʷi=k"", -25.8323]]"
daw	os-	-3.5439	"[[""os-"", -3.5439], [""ofi-"", -6.2876], [""=k"", -6.36], [""kim"", -6.8955], [""tarb"", -6.9741], [""ow-"", -7.4632], [""sof"", -7.5321], [""kot"", -7.5321], [""=tlː"", -8.44], [""=ms"", -8.5632]]"
dawa	=ms	-5.6754	"[[""=ms"", -5.6754], [""os-"", -6.3593], [""ow-"", -7.047], [""=k"", -8.4937], [""ofi-"", -8.8967], [""=mas"", -9.0284], [""kʷi=k"", -9.1143], [""sof"", -9.3426], [""kot"", -9.3426], [""kʷisk"", -9.6448]]"
dawai	os-	-9.1821	"[[""os-"", -9.1821], [""=ms"", -9.1826], [""ow-"", -9.8714], [""ofi-"", -11.726], [""ol-(t)"", -11.7296], [""ko-(t)"", -11.9095], [""=k"", -12.0006], [""tsiw-"", -12.1849], [""tawsa-"", -12.491], [""tis-"", -12.4981]]"
dawaij	os-	-12.2872	"[[""os-"", -12.2872], [""taakʷu"", -12.6183], [""=ms"", -12.6897], [""kofu"", -12.8275], [""ow-"", -12.9769], [""bu"", -14.0234], [""pu"", -14.0234], [""ol-(t)"", -14.5559], [""ofi-"", -14.7124], [""ko-(t)"", -14.7294]]"
dawaija	buk	-14.0205	"[[""buk"", -14.0205], [""puk"", -14.0205], [""moːus"", -14.9558], [""=ms"", -15.5028], [""os-"", -15.5068], [""kʷisk"", -15.951], [""kukok"", -16.0591], [""taakʷu"", -16.1213], [""ow-"", -16.1985], [""kofu"", -16.3323]]"
dij	os-	-9.005	"[[""os-"", -9.005], [""olː"", -9.005], [""ow-"", -9.005], [""ora-"", -9.392], [""ofi-"", -9.392], [""pu"", -9.3933], [""bu"", -9.3933], [""nu"", -9.3933], [""amu"", -9.7388], [""ora"", -10.052]]"
dija	moːus	-6.9834	"[[""moːus"", -6.9834], [""=k"", -8.7831], [""puk"", -9.3914], [""buk"", -9.3914], [""alus"", -9.7368], [""=(i)s"", -10.3885], [""os-"", -10.817], [""ofi-"", -10.8745], [""sof"", -10.983], [""kot"", -10.983]]"
dik	Kile	-8.7201	"[[""Kile"", -8.7201], [""ow-"", -9.005], [""olː"", -9.005], [""os-"", -9.005], [""ora-"", -9.392], [""ofi-"", -9.392], [""ora"", -10.052], [""kowe"", -10.2598], [""eʃ-"", -10.3196], [""el-"", -10.3196]]"
diki	kʷe-	-11.3268	"[[""kʷe-"", -11.3268], [""olː"", -11.9403], [""os-"", -11.9403], [""ow-"", -11.9403], [""ofi-"", -12.2068], [""ora-"", -12.2068], [""ʃe-"", -12.2188], [""Kile"", -12.2218], [""eʃ-"", -12.5661], [""el-"", -12.5661]]"
dikit	kʷe-	-14.1496	"[[""kʷe-"", -14.1496], [""olː"", -15.0034], [""ow-"", -15.0034], [""os-"", -15.0034], [""ʃe-"", -15.052], [""ofi-"", -15.199], [""ora-"", -15.199], [""ẽt-"", -15.3009], [""eʃ-"", -15.3009], [""el-"", -15.3009]]"
dikite	kʷe-	-17.2531	"[[""kʷe-"", -17.2531], [""os-"", -18.1475], [""olː"", -18.1475], [""ow-"", -18.1475], [""ʃe-"", -18.157], [""eʃ-"", -18.2515], [""ẽt-"", -18.2515], [""el-"", -18.2515], [""ofi-"", -18.2945], [""ora-"", -18.2945]]"
dikites	kʷe-	-20.4723	"[[""kʷe-"", -20.4723], [""emi"", -20.5998], [""ena"", -20.5998], [""eta"", -20.5998], [""ora"", -20.8769], [""nẽne/i"", -21.181], [""eʃ-"", -21.3236], [""ẽt-"", -21.3236], [""el-"", -21.3236], [""olː"", -21.3476]]"
dikitesi	ẽna-	-23.2688	"[[""ẽna-"", -23.2688], [""eʃa-"", -23.2688], [""eɕa-"", -23.2688], [""ofi-"", -23.479], [""ora-"", -23.479], [""etla-"", -23.4845], [""=(i)tʰ"", -23.6436], [""=(i)s"", -23.7472], [""kʷe-"", -23.7547], [""eta"", -24.0853]]"
dikitesir	ed(i)-	-24.956	"[[""ed(i)-"", -24.956], [""=(i)tʰ"", -25.8763], [""otra(/i)-"", -26.0954], [""eɕa-"", -26.1698], [""ẽna-"", -26.1698], [""eʃa-"", -26.1698], [""kʷe(si)-"", -26.1731], [""etla-"", -26.3183], [""ora-"", -26.413], [""ofi-"", -26.413]]"
dikitesira	=(i)s	-23.8037	"[[""=(i)s"", -23.8037], [""kʷe(si)=k"", -26.167], [""=iʃ"", -26.709], [""=ãk"", -26.709], [""=(i)tʰ"", -27.0501], [""ed(i)-"", -27.4281], [""kʷi=k"", -27.4776], [""elːf"", -27.6736], [""eɕ"", -28.0487], [""es"", -28.0487]]"
dikitet	kʷe-	-20.4723	"[[""kʷe-"", -20.4723], [""el-"", -21.3236], [""eʃ-"", -21.3236], [""ẽt-"", -21.3236], [""ow-"", -21.3476], [""olː"", -21.3476], [""os-"", -21.3476], [""e͂n"", -21.3707], [""ʃe-"", -21.3758], [""ora-"", -21.458]]"
dikitete	kʷe-	-23.7547	"[[""kʷe-"", -23.7547], [""ol-(t)"", -24.3598], [""ẽt-"", -24.4737], [""el-"", -24.4737], [""eʃ-"", -24.4737], [""e͂n"", -24.5175], [""ow-"", -24.5888], [""os-"", -24.5888], [""olː"", -24.5888], [""esk-"", -24.6162]]"
dikiteter	kʷe-	-27.0771	"[[""kʷe-"", -27.0771], [""ol-(t)"", -27.3108], [""kʷe(si)-"", -27.3889], [""eʃ-"", -27.6781], [""ẽt-"", -27.6781], [""el-"", -27.6781], [""kʷeːn-"", -27.6918], [""e͂n"", -27.7196], [""eʃa-"", -27.7809], [""ẽna-"", -27.7809]]"
dikitetere	kʷe(si)-	-30.2189	"[[""kʷe(si)-"", -30.2189], [""ol-(t)"", -30.3183], [""kʷe-"", -30.4267], [""ed(i)-"", -30.7162], [""kʷeːn-"", -30.7972], [""eʃ-"", -30.9225], [""el-"", -30.9225], [""ẽt-"", -30.9225], [""e͂n"", -30.9623], [""esk-"", -30.9937]]"
dikitu	kʷe-	-17.2531	"[[""kʷe-"", -17.2531], [""os-"", -18.1475], [""olː"", -18.1475], [""ow-"", -18.1475], [""ʃe-"", -18.157], [""eʃ-"", -18.2515], [""ẽt-"", -18.2515], [""el-"", -18.2515], [""ofi-"", -18.2945], [""ora-"", -18.2945]]"
dikituj	kʷe-	-20.4723	"[[""kʷe-"", -20.4723], [""ẽt-"", -21.3236], [""eʃ-"", -21.3236], [""el-"", -21.3236], [""ow-"", -21.3476], [""olː"", -21.3476], [""os-"", -21.3476], [""e͂n"", -21.3707], [""ʃe-"", -21.3758], [""ora-"", -21.458]]"
dikituja	moːus	-19.3022	"[[""moːus"", -19.3022], [""eɕ"", -21.036], [""es"", -21.036], [""=(i)s"", -21.2645], [""elːf"", -21.3195], [""helũk"", -21.9132], [""=k"", -21.9698], [""kʷe(si)=k"", -22.2112], [""puk"", -22.5749], [""buk"", -22.5749]]"
dikitujas	eta	-22.1287	"[[""eta"", -22.1287], [""moːus"", -22.8094], [""ol-(t)"", -22.9253], [""ẽt-"", -23.8776], [""eʃ-"", -23.8776], [""ko-(t)"", -23.9543], [""=(i)tʰ"", -24.1144], [""tesa"", -24.4582], [""es"", -24.5432], [""eɕ"", -24.5432]]"
ead	=k	-6.36	"[[""=k"", -6.36], [""sof"", -7.5321], [""kot"", -7.5321], [""tro"", -7.5343], [""kofu"", -7.6625], [""kowe"", -7.6662], [""=tlː"", -8.44], [""os-"", -9.0111], [""kat-"", -9.0879], [""tis-"", -9.0879]]"
eadi	tso-	-9.3814	"[[""tso-"", -9.3814], [""sako-"", -9.799], [""=k"", -9.8641], [""kot"", -10.4011], [""sof"", -10.4011], [""iʃko-"", -10.4038], [""kofu"", -10.4642], [""kowe"", -10.4669], [""tulo-"", -10.5109], [""tro"", -10.9887]]"
eadik	kowe	-10.3873	"[[""kowe"", -10.3873], [""tso-"", -12.2044], [""kʷe-"", -12.4313], [""kʷel-"", -12.5406], [""ko-(t)"", -12.5547], [""tase"", -12.5704], [""kʷen"", -12.5996], [""sako-"", -12.621], [""kʷela"", -12.6514], [""kave"", -12.8628]]"
eadiki	kʷe-	-12.0335	"[[""kʷe-"", -12.0335], [""ʃe-"", -13.3669], [""kowe"", -13.8806], [""ko-(t)"", -14.5619], [""kʷel-"", -14.749], [""kʷeːn-"", -14.7908], [""tse-"", -15.1899], [""tso-"", -15.3024], [""kʷen"", -15.4291], [""tʰesa-"", -15.4393]]"
eadikit	kʷe-	-14.8575	"[[""kʷe-"", -14.8575], [""ʃe-"", -16.1929], [""kʷeːn-"", -16.9621], [""ko-(t)"", -17.0127], [""kowe"", -17.3737], [""kʷel-"", -17.4694], [""tʰesa-"", -17.8756], [""kʷela-"", -17.8758], [""tse-"", -18.0281], [""tso-"", -18.515]]"
eadikite	kʷe-	-17.9623	"[[""kʷe-"", -17.9623], [""ʃe-"", -19.299], [""kʷeːn-"", -19.5749], [""ko-(t)"", -19.6959], [""kʷel-"", -20.4105], [""tʰesa-"", -20.6924], [""kʷela-"", -20.6926], [""kʷe(si)-"", -20.8274], [""kowe"", -20.8666], [""tse-"", -21.1363]]"
eadikitet	kʷe-	-21.183	"[[""kʷe-"", -21.183], [""kʷeːn-"", -22.4019], [""ʃe-"", -22.5209], [""ko-(t)"", -22.5252], [""kʷe(si)-"", -22.9278], [""kʷel-"", -23.475], [""tʰesa-"", -23.6852], [""kʷela-"", -23.6853], [""tse-"", -24.3578], [""kowe"", -24.3593]]"
eadikitete	kʷe-	-24.4675	"[[""kʷe-"", -24.4675], [""kʷeːn-"", -25.3582], [""kʷe(si)-"", -25.4046], [""ko-(t)"", -25.4555], [""ʃe-"", -25.8066], [""kʷel-"", -26.6183], [""tʰesa-"", -26.7808], [""kʷela-"", -26.7809], [""tse-"", -27.6418], [""kowe"", -27.8519]]"
edi	os-	-9.7498	"[[""os-"", -9.7498], [""olː"", -9.7498], [""ow-"", -9.7498], [""ora-"", -10.4544], [""ofi-"", -10.4544], [""tso-"", -10.4576], [""ora"", -10.4671], [""tro"", -11.1061], [""=tlː"", -11.2432], [""i-"", -11.3633]]"
edij	os-	-12.472	"[[""os-"", -12.472], [""olː"", -12.472], [""ow-"", -12.472], [""bu"", -12.6134], [""pu"", -12.6134], [""nu"", -12.6134], [""amu"", -12.8319], [""ora-"", -12.8903], [""ofi-"", -12.8903], [""kofu"", -13.0871]]"
edija	moːus	-9.7707	"[[""moːus"", -9.7707], [""=k"", -12.0045], [""puk"", -12.6115], [""buk"", -12.6115], [""=(i)s"", -12.8292], [""alus"", -12.83], [""imbous"", -13.4499], [""kot"", -13.8766], [""sof"", -13.8766], [""os-"", -14.3137]]"
eid	tro	-10.4256	"[[""tro"", -10.4256], [""olː"", -10.8637], [""ow-"", -10.8637], [""os-"", -10.8637], [""ora"", -11.1612], [""=tlː"", -11.2432], [""=k"", -11.3633], [""i-"", -11.3633], [""=ms"", -11.5351], [""=in"", -11.5351]]"
eida	=k	-8.7831	"[[""=k"", -8.7831], [""kot"", -10.0339], [""sof"", -10.0339], [""=(i)s"", -10.3885], [""os-"", -11.0789], [""ofi-"", -11.1191], [""=iʃ"", -11.3218], [""=ãk"", -11.3218], [""=ms"", -11.3218], [""=mas"", -11.5285]]"
eidaj	kofu	-10.032	"[[""kofu"", -10.032], [""os-"", -10.5562], [""=k"", -12.2896], [""kofuu"", -12.7793], [""=(i)tʰ"", -13.2394], [""ofi-"", -13.2993], [""kot"", -13.5218], [""sof"", -13.5218], [""=(i)s"", -13.8883], [""kup-"", -13.9368]]"
eidaja	moːus	-12.8438	"[[""moːus"", -12.8438], [""kukok"", -13.2921], [""os-"", -13.3717], [""kofu"", -13.5371], [""kuka-"", -13.9362], [""=k"", -14.8207], [""=(i)s"", -15.3691], [""nã=kukod"", -15.6138], [""kot"", -15.8542], [""sof"", -15.8542]]"
eidajaj	kofuu	-13.5302	"[[""kofuu"", -13.5302], [""kofu"", -15.5881], [""kuka-"", -16.1147], [""os-"", -16.1946], [""moːus"", -16.3484], [""kukok"", -16.3859], [""tutra-"", -16.7842], [""=(i)tʰ"", -17.9954], [""ko-(t)"", -18.1003], [""=k"", -18.328]]"
eidajaja	kukok	-16.6681	"[[""kukok"", -16.6681], [""kofuu"", -17.0343], [""moːus"", -18.2698], [""kuka-"", -18.5304], [""kofu"", -19.0945], [""tutra-"", -19.1864], [""os-"", -19.2971], [""kʷisk"", -19.5159], [""kudkit"", -19.9541], [""tsuwe-"", -20.26]]"
eidi	os-	-13.1732	"[[""os-"", -13.1732], [""olː"", -13.1732], [""ow-"", -13.1732], [""elːo-"", -13.206], [""tso-"", -13.2703], [""=tlː"", -13.8491], [""tro"", -13.926], [""ora-"", -13.9344], [""ofi-"", -13.9344], [""ora"", -13.9673]]"
eij	nu	-9.3933	"[[""nu"", -9.3933], [""pu"", -9.3933], [""bu"", -9.3933], [""amu"", -9.7388], [""un"", -10.4301], [""=tlː"", -11.2432], [""i-"", -11.3633], [""=k"", -11.3633], [""=iʃ"", -11.5351], [""=ms"", -11.5351]]"
eija	=k	-8.7831	"[[""=k"", -8.7831], [""buk"", -9.3914], [""puk"", -9.3914], [""moːus"", -9.6723], [""alus"", -9.7368], [""=(i)s"", -10.3885], [""=ãk"", -11.3218], [""=iʃ"", -11.3218], [""=ms"", -11.3218], [""=nak"", -11.5285]]"
eijas	fa	-11.6127	"[[""fa"", -11.6127], [""ti"", -11.6127], [""=k"", -12.2896], [""puk"", -12.8986], [""buk"", -12.8986], [""moːus"", -13.1793], [""=(i)tʰ"", -13.2334], [""alus"", -13.2437], [""fata"", -13.4406], [""sfa"", -13.4548]]"
eijasa	kat	-11.6103	"[[""kat"", -11.6103], [""fak"", -11.6103], [""Sãntas"", -12.6171], [""=ãk"", -13.088], [""=iʃ"", -13.088], [""titiɕ"", -13.2627], [""satit"", -13.2627], [""kuka-"", -13.3234], [""isas"", -13.6889], [""kudkit"", -13.8032]]"
eijasas	fata	-12.7028	"[[""fata"", -12.7028], [""tis-"", -14.4649], [""kat-"", -14.4649], [""sfa"", -15.1081], [""kat"", -15.1156], [""fak"", -15.1156], [""titiɕ"", -15.7036], [""satit"", -15.7036], [""tafa-"", -15.8699], [""tasa-"", -15.8699]]"
eijasasa	titiɕ	-12.7001	"[[""titiɕ"", -12.7001], [""satit"", -12.7001], [""tasa-"", -15.5494], [""tafa-"", -15.5494], [""fasiʃa-"", -15.8304], [""isas"", -16.1715], [""fata"", -16.2001], [""[k]asa-"", -16.6763], [""Sãntas"", -17.0815], [""tsati-"", -17.1033]]"
eijasau	tis-	-14.4658	"[[""tis-"", -14.4658], [""kat-"", -14.4658], [""kat"", -15.1174], [""fak"", -15.1174], [""Sãntas"", -16.1234], [""kuka-"", -16.1454], [""=ãk"", -16.5951], [""=iʃ"", -16.5951], [""satit"", -16.6164], [""titiɕ"", -16.6164]]"
eijasaun	kat-	-17.2894	"[[""kat-"", -17.2894], [""tis-"", -17.2894], [""katosn"", -17.4729], [""fiʃfid"", -17.8286], [""taɕẽv"", -17.8433], [""sakn-"", -18.3846], [""kaʃno-"", -18.4305], [""sav"", -18.614], [""kan"", -18.614], [""fak"", -18.6245]]"
eijasauna	sakn-	-17.968	"[[""sakn-"", -17.968], [""katʰtʰirs"", -19.2828], [""ta-(d)"", -20.1043], [""kat-"", -20.3893], [""tis-"", -20.3893], [""kaʃno-"", -20.6712], [""=(i)s"", -20.7856], [""u-(d)"", -20.7995], [""ʃawls"", -20.8216], [""titiɕ"", -20.8605]]"
eijasaunak	fakarse	-17.782	"[[""fakarse"", -17.782], [""sakn-"", -20.792], [""tase"", -21.4298], [""karʃ-"", -21.4639], [""kave"", -22.1181], [""Alikre"", -22.3521], [""sfatrtʰa-"", -22.5421], [""katʰtʰirs"", -22.7505], [""ta-(d)"", -22.9252], [""kat-"", -23.3883]]"
eik	Kile	-8.7201	"[[""Kile"", -8.7201], [""ẽt-"", -10.3196], [""el-"", -10.3196], [""eʃ-"", -10.3196], [""es"", -10.4301], [""eɕ"", -10.4301], [""el"", -10.4301], [""e͂n"", -10.4656], [""eta"", -10.4814], [""eʃt"", -10.4814]]"
eike	kʷe-	-11.3268	"[[""kʷe-"", -11.3268], [""ʃe-"", -12.2188], [""Kile"", -12.2218], [""el-"", -12.5661], [""ẽt-"", -12.5661], [""eʃ-"", -12.5661], [""tse-"", -12.5904], [""e͂n"", -12.6461], [""eʃa-"", -13.2671], [""esk-"", -13.2671]]"
eiket	kʷe-	-14.1496	"[[""kʷe-"", -14.1496], [""ʃe-"", -15.052], [""ẽt-"", -15.3009], [""el-"", -15.3009], [""eʃ-"", -15.3009], [""e͂n"", -15.3619], [""tse-"", -15.4141], [""eʃa-"", -15.7066], [""eɕa-"", -15.7066], [""ẽna-"", -15.7066]]"
eiketa	eɕ	-14.0234	"[[""eɕ"", -14.0234], [""es"", -14.0234], [""=k"", -15.2899], [""elːf"", -15.2969], [""=(i)s"", -15.5082], [""eʃt"", -16.081], [""det"", -16.3835], [""esk-"", -17.1325], [""ẽt-"", -17.1374], [""eʃ-"", -17.1374]]"
eiketan	e͂n	-15.792	"[[""e͂n"", -15.792], [""eʃ-"", -16.874], [""ẽt-"", -16.874], [""esan"", -17.3589], [""etla-"", -17.4407], [""el"", -17.5297], [""es"", -17.5306], [""eɕ"", -17.5306], [""=(i)tʰ"", -18.3601], [""=tlː"", -18.668]]"
eiketana	eʃt	-17.524	"[[""eʃt"", -17.524], [""=tlː"", -18.1433], [""e͂n"", -19.2985], [""etla-"", -19.6203], [""eʃ-"", -19.6923], [""ẽt-"", -19.6923], [""kʷeːn-"", -20.0993], [""edkok"", -20.2058], [""kʷe(si)=k"", -20.2364], [""elːf"", -20.2744]]"
eiketanai	esk-	-20.3713	"[[""esk-"", -20.3713], [""=tlː"", -20.966], [""eʃt"", -21.0304], [""etla-"", -22.3307], [""ẽt-"", -22.5173], [""eʃ-"", -22.5173], [""e͂n"", -22.8046], [""kʷeːn-"", -22.9239], [""el-"", -23.2043], [""edkok"", -23.332]]"
eiketanaiΘ	esk-	-23.1984	"[[""esk-"", -23.1984], [""=tlː"", -24.0706], [""eʃt"", -24.5367], [""etla-"", -25.2686], [""ẽt-"", -25.6232], [""eʃ-"", -25.6232], [""ẽtwerʃ(i)-"", -25.8427], [""trf(i)-"", -25.9013], [""kʷeːn-"", -26.0285], [""e͂n"", -26.3105]]"
eit	=tlː	-11.2432	"[[""=tlː"", -11.2432], [""=k"", -11.3633], [""i-"", -11.3633], [""=iʃ"", -11.5351], [""=ms"", -11.5351], [""=in"", -11.5351], [""=ãk"", -11.5351], [""ẽt-"", -12.1474], [""bi-"", -12.1474], [""ni-"", -12.1474]]"
eiti	=tlː	-13.8491	"[[""=tlː"", -13.8491], [""=k"", -14.4053], [""i-"", -14.4053], [""=ãk"", -14.5247], [""=in"", -14.5247], [""=iʃ"", -14.5247], [""=ms"", -14.5247], [""wr-"", -14.9765], [""eʃ-"", -14.9765], [""bi-"", -14.9765]]"
eja	=k	-5.678	"[[""=k"", -5.678], [""puk"", -6.289], [""buk"", -6.289], [""alus"", -6.9214], [""=(i)s"", -8.4164], [""=ãk"", -8.4315], [""=ms"", -8.4315], [""=iʃ"", -8.4315], [""=nak"", -8.7201], [""=mas"", -8.7201]]"
eka	es	-3.5036	"[[""es"", -3.5036], [""eɕ"", -3.5036], [""=k"", -5.678], [""eʃt"", -6.2597], [""det"", -6.289], [""esk-"", -6.8957], [""eʃ-"", -6.8969], [""ẽt-"", -6.8969], [""elːf"", -6.9144], [""eɕa-"", -6.9244]]"
ekan	e͂n	-6.3559	"[[""e͂n"", -6.3559], [""ẽt-"", -6.3598], [""eʃ-"", -6.3598], [""esan"", -6.8951], [""etla-"", -6.9226], [""el"", -7.0099], [""eɕ"", -7.0108], [""es"", -7.0108], [""esk-"", -8.7029], [""=tlː"", -9.0664]]"
ekana	eʃt	-7.0061	"[[""eʃt"", -7.0061], [""=tlː"", -8.5313], [""etla-"", -9.1011], [""ẽt-"", -9.1752], [""eʃ-"", -9.1752], [""edkok"", -9.756], [""eɕ"", -9.8258], [""es"", -9.8258], [""e͂n"", -9.8609], [""el-"", -9.8638]]"
ekanas	esk-	-9.8573	"[[""esk-"", -9.8573], [""eʃt"", -10.5124], [""mẽtli"", -10.8835], [""weɕfa"", -10.8842], [""eta"", -10.9162], [""etla-"", -11.015], [""=tlː"", -11.3537], [""trfãn"", -11.4426], [""tavsa"", -11.4648], [""tansa"", -11.4648]]"
ekanasi	etla-	-10.9427	"[[""etla-"", -10.9427], [""esk-"", -12.6824], [""mẽtli-"", -13.7282], [""wesfa-"", -13.7354], [""eɕa-"", -13.7596], [""eʃa-"", -13.7596], [""eʃt"", -14.0188], [""trfãn"", -14.2963], [""tarta-"", -14.3162], [""tavɕa-"", -14.3162]]"
ekanasis	etla-	-13.7626	"[[""etla-"", -13.7626], [""esk-"", -15.7879], [""ẽtwerʃ(i)-"", -16.1257], [""trf(i)-"", -16.1656], [""mẽtli-"", -16.548], [""wesfa-"", -16.552], [""ed(i)-"", -16.5634], [""eɕa-"", -16.5802], [""eʃa-"", -16.5802], [""tavɕa-"", -17.1323]]"
ekanasisi	etla-	-16.5893	"[[""etla-"", -16.5893], [""ẽtwerʃ(i)-"", -18.3001], [""trf(i)-"", -18.3402], [""ed(i)-"", -19.0027], [""esk-"", -19.0093], [""mẽtli-"", -19.3748], [""wesfa-"", -19.3764], [""eʃa-"", -19.4078], [""eɕa-"", -19.4078], [""ẽtamni-"", -19.7552]]"
ekanasisir	ẽtwerʃ(i)-	-19.3171	"[[""ẽtwerʃ(i)-"", -19.3171], [""trf(i)-"", -19.3576], [""etla-"", -19.6955], [""srfast(i)-"", -21.0232], [""ed(i)-"", -21.466], [""esk-"", -22.2945], [""mẽtli-"", -22.4809], [""wesfa-"", -22.4818], [""eɕa-"", -22.5143], [""eʃa-"", -22.5143]]"
era	=k	-5.678	"[[""=k"", -5.678], [""=(i)s"", -8.4164], [""=ms"", -8.4315], [""=ãk"", -8.4315], [""=iʃ"", -8.4315], [""=nak"", -8.7201], [""=mas"", -8.7201], [""=tlː"", -9.0427], [""sof"", -9.3539], [""kat"", -9.3539]]"
erat	=k	-9.1841	"[[""=k"", -9.1841], [""=tlː"", -11.2482], [""=(i)tʰ"", -11.2634], [""=(i)s"", -11.9065], [""=iʃ"", -11.9096], [""=ãk"", -11.9096], [""=ms"", -11.9096], [""tis-"", -12.1883], [""kat-"", -12.1883], [""ak-"", -12.2188]]"
erate	=k	-12.6898	"[[""=k"", -12.6898], [""=tlː"", -13.9679], [""=(i)tʰ"", -14.0756], [""kʷi-"", -14.7898], [""kʷe-"", -14.7898], [""tis-"", -14.8637], [""kat-"", -14.8637], [""as-"", -15.052], [""if-"", -15.052], [""ak-"", -15.052]]"
ere	=tlː	-11.2432	"[[""=tlː"", -11.2432], [""=k"", -11.3633], [""i-"", -11.3633], [""=iʃ"", -11.5351], [""=ms"", -11.5351], [""=in"", -11.5351], [""=ãk"", -11.5351], [""ẽt-"", -12.1474], [""bi-"", -12.1474], [""ni-"", -12.1474]]"
erep	=tlː	-13.8491	"[[""=tlː"", -13.8491], [""=k"", -14.4053], [""i-"", -14.4053], [""=ãk"", -14.5247], [""=in"", -14.5247], [""=iʃ"", -14.5247], [""=ms"", -14.5247], [""wr-"", -14.9765], [""eʃ-"", -14.9765], [""bi-"", -14.9765]]"
esi	i-	-7.4452	"[[""i-"", -7.4452], [""kʷi-"", -9.8628], [""=ãk"", -10.0294], [""=iʃ"", -10.0294], [""=in"", -10.0294], [""as-"", -10.1108], [""if-"", -10.1108], [""ad-"", -10.1108], [""ak-"", -10.1108], [""bi-"", -10.1366]]"
esir	i-	-10.272	"[[""i-"", -10.272], [""p(i)-"", -12.6575], [""kʷi-"", -12.6801], [""isa-"", -12.7831], [""ara-"", -12.7831], [""ifi-"", -12.7831], [""ama-"", -12.7831], [""ani-"", -12.7831], [""ata-"", -12.7831], [""ada-"", -12.7831]]"
esira	=ãk	-10.9369	"[[""=ãk"", -10.9369], [""=iʃ"", -10.9369], [""=(i)s"", -11.7884], [""=k"", -12.0045], [""kʷi=k"", -12.6761], [""i-"", -13.3777], [""isas"", -13.4438], [""=mas"", -13.5622], [""=nak"", -13.5622], [""ist"", -13.6171]]"
eta	=k	-5.678	"[[""=k"", -5.678], [""=(i)s"", -8.4164], [""=ms"", -8.4315], [""=ãk"", -8.4315], [""=iʃ"", -8.4315], [""=nak"", -8.7201], [""=mas"", -8.7201], [""=tlː"", -9.0427], [""sof"", -9.3539], [""kat"", -9.3539]]"
etan	=tlː	-9.0664	"[[""=tlː"", -9.0664], [""=k"", -9.1841], [""sav"", -10.3741], [""kan"", -10.3741], [""kud"", -10.3741], [""kʷen"", -10.4069], [""tro"", -10.4597], [""fra"", -10.4597], [""ʃawn"", -10.4758], [""tamn"", -10.4758]]"
etana	=tlː	-8.5313	"[[""=tlː"", -8.5313], [""ʃawls"", -10.4737], [""trfãn"", -10.4799], [""=k"", -11.599], [""=nak"", -12.1103], [""sakn-"", -12.1956], [""aɕtrkoɕ"", -12.4725], [""nãrs"", -12.5574], [""nars"", -12.5574], [""kʷi=k"", -12.5995]]"
etanai	=tlː	-11.3537	"[[""=tlː"", -11.3537], [""karʃ-"", -13.2276], [""trfãn"", -13.2825], [""ʃawls"", -13.9808], [""trf(i)-"", -14.9284], [""sakn-"", -15.0082], [""=k"", -15.1062], [""astrko-"", -15.2899], [""=(i)tʰ"", -15.4852], [""aɕtrkoɕ"", -15.5652]]"
etanaiΘ	=tlː	-14.4579	"[[""=tlː"", -14.4579], [""trf(i)-"", -15.3809], [""karʃ-"", -16.051], [""trfãn"", -16.371], [""ʃawls"", -17.4877], [""astrko-"", -18.0056], [""sakn-"", -18.1023], [""=(i)tʰ"", -18.3672], [""tinV-"", -18.4413], [""sfar-"", -18.5]]"
etanaiΘt	trf(i)-	-17.382	"[[""trf(i)-"", -17.382], [""=tlː"", -17.6785], [""karʃ-"", -19.1561], [""trfãn"", -19.5771], [""trfno-(d)"", -20.5766], [""astrko-"", -20.9472], [""ʃawls"", -20.9947], [""aktʰα-"", -21.1054], [""tinV-"", -21.2617], [""sakn-"", -21.3125]]"
etanaiΘti	trf(i)-	-19.8309	"[[""trf(i)-"", -19.8309], [""=tlː"", -20.963], [""karʃ-"", -22.3774], [""trfãn"", -22.8477], [""trfno-(d)"", -22.8904], [""aktʰα-"", -23.4181], [""astrko-"", -24.0139], [""tinV-"", -24.2527], [""ʃawls"", -24.5015], [""srfast(i)-"", -24.5231]]"
etanaiΘtij	trf(i)-	-22.5133	"[[""trf(i)-"", -22.5133], [""=tlː"", -24.288], [""taakʷu"", -25.2642], [""trfno-(d)"", -25.4467], [""karʃ-"", -25.6626], [""aktʰα-"", -26.0756], [""trfãn"", -26.1592], [""kʷalːmlːu"", -26.9138], [""srfast(i)-"", -27.0879], [""kofu"", -27.1039]]"
ete	=tlː	-11.2432	"[[""=tlː"", -11.2432], [""=k"", -11.3633], [""i-"", -11.3633], [""=iʃ"", -11.5351], [""=ms"", -11.5351], [""=in"", -11.5351], [""=ãk"", -11.5351], [""ẽt-"", -12.1474], [""bi-"", -12.1474], [""ni-"", -12.1474]]"
eter	=tlː	-13.8491	"[[""=tlː"", -13.8491], [""=k"", -14.4053], [""i-"", -14.4053], [""=ãk"", -14.5247], [""=in"", -14.5247], [""=iʃ"", -14.5247], [""=ms"", -14.5247], [""wr-"", -14.9765], [""eʃ-"", -14.9765], [""bi-"", -14.9765]]"
etere	=tlː	-16.6681	"[[""=tlː"", -16.6681], [""=k"", -17.5387], [""i-"", -17.5387], [""=(i)tʰ"", -17.5502], [""=ãk"", -17.6191], [""=iʃ"", -17.6191], [""=ms"", -17.6191], [""=in"", -17.6191], [""ẽt-"", -17.9765], [""mi-"", -17.9765]]"
eterep	=tlː	-19.6166	"[[""=tlː"", -19.6166], [""=(i)tʰ"", -20.139], [""=k"", -20.7328], [""i-"", -20.7328], [""=ãk"", -20.7824], [""=in"", -20.7824], [""=ms"", -20.7824], [""=iʃ"", -20.7824], [""=(i)s"", -20.9144], [""u-(d)"", -20.9943]]"
eto	=in	-10.0355	"[[""=in"", -10.0355], [""=iʃ"", -10.0355], [""=ãk"", -10.0355], [""=(i)s"", -10.1923], [""Kile"", -10.228], [""ni"", -10.4301], [""ti"", -10.4301], [""da"", -10.4301], [""bi"", -10.4301], [""fa"", -10.4301]]"
etoi	i-	-10.9416	"[[""i-"", -10.9416], [""=(i)tʰ"", -12.3365], [""=(i)s"", -12.3699], [""kʷi-"", -12.4072], [""=iʃ"", -12.8869], [""=ãk"", -12.8869], [""=in"", -12.8869], [""Kile"", -13.0296], [""ni-"", -13.198], [""mi-"", -13.198]]"
etoij	i-	-13.7729	"[[""i-"", -13.7729], [""amu"", -14.2156], [""=(i)tʰ"", -14.5118], [""aula"", -15.0692], [""=(i)s"", -15.0782], [""p(i)-"", -15.1978], [""kʷi-"", -15.23], [""taakʷu"", -15.7941], [""bu"", -15.898], [""nu"", -15.898]]"
etoija	=(i)s	-12.4017	"[[""=(i)s"", -12.4017], [""=iʃ"", -13.7685], [""=ãk"", -13.7685], [""alus"", -14.2136], [""moːus"", -14.9703], [""kʷi=k"", -15.2262], [""=k"", -15.2899], [""=(i)tʰ"", -15.652], [""buk"", -15.896], [""puk"", -15.896]]"
etu	=tlː	-11.2432	"[[""=tlː"", -11.2432], [""=k"", -11.3633], [""i-"", -11.3633], [""=iʃ"", -11.5351], [""=ms"", -11.5351], [""=in"", -11.5351], [""=ãk"", -11.5351], [""ẽt-"", -12.1474], [""bi-"", -12.1474], [""ni-"", -12.1474]]"
etum	tro	-13.5183	"[[""tro"", -13.5183], [""=tlː"", -13.8491], [""ow-"", -14.1334], [""os-"", -14.1334], [""olː"", -14.1334], [""=k"", -14.4053], [""i-"", -14.4053], [""=iʃ"", -14.5247], [""=ãk"", -14.5247], [""=ms"", -14.5247]]"
etume	elːo-	-15.6779	"[[""elːo-"", -15.6779], [""tso-"", -16.3581], [""os-"", -16.5778], [""olː"", -16.5778], [""ow-"", -16.5778], [""=tlː"", -16.6681], [""tro"", -17.0202], [""ora-"", -17.4001], [""ofi-"", -17.4001], [""ora"", -17.4657]]"
etumei	elːo-	-18.5008	"[[""elːo-"", -18.5008], [""tso-"", -19.1861], [""olː"", -19.3728], [""os-"", -19.3728], [""ow-"", -19.3728], [""=tlː"", -19.6166], [""ofi-"", -19.8701], [""ora-"", -19.8701], [""=(i)tʰ"", -20.139], [""tro"", -20.521]]"
etumeij	elːo-	-21.602	"[[""elːo-"", -21.602], [""tso-"", -22.2906], [""moːus"", -22.3133], [""olː"", -22.3508], [""ow-"", -22.3508], [""os-"", -22.3508], [""lalou"", -22.3976], [""=im, =(u)m"", -22.4195], [""kofu"", -22.5022], [""kofuu"", -22.5475]]"
etumeija	moːus	-18.8948	"[[""moːus"", -18.8948], [""=(i)s"", -21.2645], [""=k"", -21.9698], [""imbous"", -22.3957], [""buk"", -22.5749], [""puk"", -22.5749], [""alus"", -22.6236], [""sof"", -23.7309], [""kot"", -23.7309], [""=ms"", -23.9332]]"
etumeijas	moːus	-22.4019	"[[""moːus"", -22.4019], [""=(i)tʰ"", -24.1144], [""ko-(t)"", -24.1237], [""ol-(t)"", -24.5315], [""os-"", -24.5683], [""=(i)s"", -24.7322], [""=k"", -25.4767], [""ti"", -25.6413], [""fa"", -25.6413], [""imbous"", -25.9029]]"
etumeijasa	Sãntas	-25.0761	"[[""Sãntas"", -25.0761], [""moːus"", -25.2156], [""fak"", -25.6385], [""kat"", -25.6385], [""ofi-"", -25.6645], [""=ãk"", -26.419], [""=iʃ"", -26.419], [""oratsit"", -26.4784], [""kuka-"", -26.5132], [""=(i)s"", -26.6758]]"
eun	=dãn	-8.2229	"[[""=dãn"", -8.2229], [""=in"", -8.4315], [""e͂n"", -8.4735], [""=nak"", -9.1497], [""nãv"", -9.3539], [""nin"", -9.3539], [""lẽn"", -9.3539], [""dãn"", -9.3539], [""nid"", -9.3539], [""nãn"", -9.3539]]"
euna	=k	-8.7831	"[[""=k"", -8.7831], [""=nak"", -9.042], [""nãrs"", -9.3508], [""nars"", -9.3508], [""vis"", -10.3741], [""nak"", -10.3741], [""det"", -10.3741], [""nik"", -10.3741], [""=(i)s"", -10.3885], [""vsta"", -10.4545]]"
eunak	Kile	-11.9066	"[[""Kile"", -11.9066], [""Alikre"", -12.2837], [""=k"", -12.2896], [""=nak"", -12.5219], [""tase"", -12.5591], [""duve"", -12.5717], [""lale"", -12.5717], [""karʃ-"", -12.5915], [""fakarse"", -12.732], [""kave"", -12.8557]]"
eunaka	det	-10.5142	"[[""det"", -10.5142], [""ãntʰẽt"", -12.6712], [""ʃe-"", -13.3735], [""nikumek"", -13.8141], [""nikumẽk"", -13.8141], [""lewɕ"", -13.854], [""vsta"", -13.9045], [""tesa"", -13.9649], [""kaweɕ"", -13.9735], [""es"", -14.0216]]"
eunakan	laftsn	-13.8731	"[[""laftsn"", -13.8731], [""fẽtamn"", -13.9853], [""lẽn"", -14.0214], [""det"", -14.0214], [""ʃlːẽtsad"", -15.4775], [""alːev"", -15.7168], [""fẽntsal"", -15.9371], [""taɕẽv"", -16.0464], [""ãntʰẽt"", -16.1726], [""ʃe-"", -16.1965]]"
eunakana	Qlːdãns	-16.7759	"[[""Qlːdãns"", -16.7759], [""det"", -16.8364], [""laftsn"", -17.3449], [""fẽtwinte-"", -17.4016], [""fẽtamn"", -17.4863], [""eʃt"", -17.5205], [""lẽn"", -17.5285], [""=tlː"", -17.6696], [""karʃe-(d)"", -17.7053], [""ʃlːẽtsad"", -18.3156]]"
eunakanas	tesasta	-17.4521	"[[""tesasta"", -17.4521], [""vsta"", -17.5227], [""tesa"", -17.9277], [""teli"", -18.6187], [""fẽnstifi"", -19.1305], [""brafrsi"", -19.4987], [""fẽtwinte-"", -19.5818], [""ʃlːẽtsad"", -19.9128], [""dẽt(i)-"", -20.1225], [""fedtro-"", -20.1392]]"
eunakanasi	arstʰãnʃi-	-20.2321	"[[""arstʰãnʃi-"", -20.2321], [""tesasta"", -20.9532], [""vsta"", -21.0281], [""tesa"", -21.4331], [""etla-"", -21.4607], [""teli"", -22.1241], [""dẽt(i)-"", -22.1446], [""fẽtwinte-"", -22.298], [""tseʃi-"", -22.44], [""fẽnstifi"", -22.4563]]"
eunar	=k	-12.2896	"[[""=k"", -12.2896], [""=nak"", -12.5219], [""karʃ-"", -12.5915], [""nãrs"", -12.8566], [""nars"", -12.8566], [""=(i)tʰ"", -13.2394], [""vsta"", -13.2556], [""=tlː"", -13.5473], [""det"", -13.8543], [""nik"", -13.8543]]"
eunaru	karʃ-	-15.4139	"[[""karʃ-"", -15.4139], [""=k"", -15.7958], [""=nak"", -16.0018], [""=(i)tʰ"", -16.0587], [""vsta"", -16.344], [""nãrs"", -16.3617], [""nars"", -16.3617], [""=tlː"", -16.4647], [""Mlːim"", -17.1954], [""vis"", -17.3344]]"
eunaruk	Alikre	-18.269	"[[""Alikre"", -18.269], [""ãntʰẽt"", -18.4858], [""karʃ-"", -18.5179], [""Kile"", -18.8412], [""=(i)tʰ"", -19.1561], [""lale"", -19.1673], [""duve"", -19.1673], [""tase"", -19.1684], [""=k"", -19.3017], [""kave"", -19.3561]]"
eunaruka	ãntʰẽt	-15.0652	"[[""ãntʰẽt"", -15.0652], [""det"", -17.5268], [""kʷe-"", -19.0444], [""tʰesa-"", -19.6097], [""kʷelis"", -19.656], [""nikumek"", -19.6916], [""nikumẽk"", -19.6916], [""kaweɕ"", -19.8698], [""ʃe-"", -20.3805], [""lewɕ"", -20.8123]]"
eunarukan	ãntʰẽt	-18.5724	"[[""ãntʰẽt"", -18.5724], [""kʷen"", -19.6944], [""laftsn"", -20.8139], [""fẽtamn"", -20.9975], [""lẽn"", -21.0339], [""det"", -21.0339], [""ʃlːẽtsad"", -21.1874], [""alːev"", -21.6568], [""tʰesa-"", -21.789], [""kʷe-"", -21.8682]]"
eunarukana	ãntʰẽt	-21.3856	"[[""ãntʰẽt"", -21.3856], [""kʷeːn-"", -21.8937], [""kʷel-"", -22.5481], [""Qlːdãns"", -22.9869], [""kʷelis"", -23.0313], [""kʷen"", -23.2015], [""det"", -23.849], [""ʃlːẽtsad"", -24.0208], [""laftsn"", -24.2849], [""tʰesa-"", -24.398]]"
ida	=k	-5.678	"[[""=k"", -5.678], [""kot"", -6.9224], [""sof"", -6.9224], [""os-"", -7.5825], [""ofi-"", -7.6143], [""=(i)s"", -8.4164], [""=ãk"", -8.4315], [""=iʃ"", -8.4315], [""=ms"", -8.4315], [""=mas"", -8.7201]]"
idaa	os-	-7.0346	"[[""os-"", -7.0346], [""=k"", -8.2727], [""kot"", -9.3424], [""sof"", -9.3424], [""ist"", -9.3695], [""eʃt"", -9.3695], [""iʃt"", -9.3695], [""ofi-"", -9.5706], [""=(i)s"", -10.1952], [""kat"", -10.2947]]"
idaau	os-	-9.466	"[[""os-"", -9.466], [""=k"", -11.7798], [""ofi-"", -12.1501], [""esk-"", -12.2044], [""tso-"", -12.568], [""wits-"", -12.5836], [""tfi-"", -12.5897], [""sfa-"", -12.5897], [""tse-"", -12.5897], [""sof"", -12.8306]]"
idaj	kofu	-6.9205	"[[""kofu"", -6.9205], [""os-"", -7.0501], [""=k"", -9.1841], [""kofuu"", -9.6641], [""ofi-"", -9.7936], [""sof"", -10.4011], [""kot"", -10.4011], [""kup-"", -10.4308], [""kud"", -10.4597], [""=tlː"", -11.2482]]"
idaja	moːus	-9.7702	"[[""moːus"", -9.7702], [""kukok"", -9.7883], [""os-"", -9.8655], [""kofu"", -10.4249], [""kuka-"", -10.4293], [""=k"", -11.599], [""ofi-"", -12.4028], [""kot"", -12.5671], [""sof"", -12.5671], [""buk"", -12.5958]]"
idajaj	kofuu	-10.4175	"[[""kofuu"", -10.4175], [""kofu"", -12.3391], [""kuka-"", -12.6076], [""os-"", -12.6884], [""kukok"", -12.881], [""moːus"", -13.2746], [""tutra-"", -13.2772], [""ko-(t)"", -14.9752], [""=k"", -15.1062], [""kup-"", -15.1178]]"
idajaja	kukok	-13.161	"[[""kukok"", -13.161], [""kofuu"", -13.921], [""kuka-"", -15.0232], [""moːus"", -15.179], [""tutra-"", -15.6793], [""os-"", -15.7908], [""kofu"", -15.8453], [""kʷisk"", -16.0234], [""kudkit"", -16.4474], [""tsuwe-"", -16.7589]]"
idajas	kuka-	-11.3004	"[[""kuka-"", -11.3004], [""sfa"", -11.6063], [""os-"", -12.6884], [""kukok"", -12.8821], [""tutra-"", -13.1232], [""moːus"", -13.2773], [""kofu"", -13.9293], [""vsta"", -13.9581], [""fata"", -14.2548], [""tesa"", -14.2809]]"
idau	os-	-7.0501	"[[""os-"", -7.0501], [""=k"", -9.1841], [""ofi-"", -9.7936], [""kot"", -10.4011], [""sof"", -10.4011], [""=tlː"", -11.2482], [""=(i)tʰ"", -11.2634], [""=(i)s"", -11.9065], [""=ms"", -11.9096], [""=ãk"", -11.9096]]"
idi	os-	-9.7498	"[[""os-"", -9.7498], [""olː"", -9.7498], [""ow-"", -9.7498], [""ora-"", -10.4544], [""ofi-"", -10.4544], [""tso-"", -10.4576], [""ora"", -10.4671], [""tro"", -11.1061], [""=tlː"", -11.2432], [""i-"", -11.3633]]"
iip	=tlː	-11.2432	"[[""=tlː"", -11.2432], [""=k"", -11.3633], [""i-"", -11.3633], [""=iʃ"", -11.5351], [""=ms"", -11.5351], [""=in"", -11.5351], [""=ãk"", -11.5351], [""ẽt-"", -12.1474], [""bi-"", -12.1474], [""ni-"", -12.1474]]"
iipi	=tlː	-13.8491	"[[""=tlː"", -13.8491], [""=k"", -14.4053], [""i-"", -14.4053], [""=ãk"", -14.5247], [""=in"", -14.5247], [""=iʃ"", -14.5247], [""=ms"", -14.5247], [""wr-"", -14.9765], [""eʃ-"", -14.9765], [""bi-"", -14.9765]]"
iipin	=dãn	-14.1963	"[[""=dãn"", -14.1963], [""=in"", -14.3659], [""e͂n"", -14.4013], [""=nak"", -15.4696], [""nãn"", -15.8337], [""nin"", -15.8337], [""lẽn"", -15.8337], [""nid"", -15.8337], [""dãn"", -15.8337], [""nãv"", -15.8337]]"
iipina	=k	-15.2899	"[[""=k"", -15.2899], [""=nak"", -15.3463], [""=(i)s"", -15.5082], [""Qlːdãns"", -15.751], [""nars"", -15.8311], [""nãrs"", -15.8311], [""u-(d)"", -16.5063], [""=tlː"", -16.9891], [""Sãntas"", -17.119], [""vis"", -17.3315]]"
iipinam	=(i)tʰ	-18.3601	"[[""=(i)tʰ"", -18.3601], [""=k"", -18.7967], [""=nak"", -18.827], [""karʃ-"", -18.8939], [""=(i)s"", -19.0123], [""Qlːdãns"", -19.2489], [""u-(d)"", -19.3294], [""nars"", -19.3374], [""nãrs"", -19.3374], [""=tlː"", -19.6788]]"
iipinama	edkok	-16.5833	"[[""edkok"", -16.5833], [""sof"", -18.2212], [""kot"", -18.2212], [""aɕtrkoɕ"", -18.4832], [""ʃanto-"", -19.5799], [""kukok"", -19.8314], [""Sãntas"", -20.5669], [""vsta"", -20.9187], [""=(i)s"", -21.0158], [""=nak"", -21.0322]]"
iipinamai	edkok	-20.0905	"[[""edkok"", -20.0905], [""sof"", -21.7283], [""kot"", -21.7283], [""aɕtrkoɕ"", -21.9902], [""ʃanto-"", -22.4024], [""kukok"", -23.3379], [""=(i)tʰ"", -23.5101], [""vsta"", -23.762], [""ko-(t)"", -24.0156], [""alːtoka-"", -24.0252]]"
iipinamain	katosn	-23.3351	"[[""katosn"", -23.3351], [""edkok"", -23.5976], [""laftsn"", -24.3378], [""sof"", -25.2354], [""kot"", -25.2354], [""arto-(d)"", -25.4841], [""aɕtrkoɕ"", -25.4963], [""ʃanto-"", -25.506], [""fẽntsal"", -25.7183], [""pitotsn"", -25.7588]]"
ija	=k	-5.678	"[[""=k"", -5.678], [""puk"", -6.289], [""buk"", -6.289], [""alus"", -6.9214], [""=(i)s"", -8.4164], [""=ãk"", -8.4315], [""=ms"", -8.4315], [""=iʃ"", -8.4315], [""=nak"", -8.7201], [""=mas"", -8.7201]]"
ijar	=k	-9.1841	"[[""=k"", -9.1841], [""puk"", -9.7962], [""buk"", -9.7962], [""alus"", -10.4285], [""=tlː"", -11.2482], [""=(i)tʰ"", -11.2634], [""kuka-"", -11.8633], [""u-(d)"", -11.8662], [""=(i)s"", -11.9065], [""=ms"", -11.9096]]"
ijare	=k	-12.6898	"[[""=k"", -12.6898], [""buk"", -13.3033], [""puk"", -13.3033], [""u-(d)"", -13.8734], [""alus"", -13.9356], [""=tlː"", -13.9679], [""=(i)tʰ"", -14.0756], [""kuka-"", -14.5702], [""kʷe-"", -14.7898], [""kʷi-"", -14.7898]]"
ijared	=k	-16.195	"[[""=k"", -16.195], [""u-(d)"", -16.3243], [""puk"", -16.8104], [""buk"", -16.8104], [""=tlː"", -16.9087], [""tro"", -17.0015], [""=(i)tʰ"", -17.1602], [""kukok"", -17.1845], [""kʷe-"", -17.405], [""kʷi-"", -17.405]]"
ijaredi	u-(d)	-19.0077	"[[""u-(d)"", -19.0077], [""sulːo-"", -19.0994], [""tutrlo-"", -19.1451], [""tso-"", -19.1625], [""sako-"", -19.3815], [""umno-"", -19.5913], [""=k"", -19.6998], [""tulo-"", -19.8106], [""=tlː"", -19.9731], [""kukok"", -20.0972]]"
ijaredij	kofu	-20.7978	"[[""kofu"", -20.7978], [""kofuu"", -20.9215], [""u-(d)"", -21.8371], [""sulːo-"", -21.9201], [""tutrlo-"", -21.9717], [""tso-"", -22.0111], [""sako-"", -22.2093], [""luko-(d)"", -22.2389], [""umno-"", -22.4213], [""tulo-"", -22.633]]"
ijaredija	kukok	-20.8968	"[[""kukok"", -20.8968], [""kot"", -21.7213], [""sof"", -21.7213], [""moːus"", -22.588], [""kʷi=k"", -23.1863], [""ko-(t)"", -23.5751], [""kofu"", -23.963], [""kofuu"", -24.026], [""kʷalmlus"", -24.204], [""=(i)s"", -24.263]]"
ijas	fa	-8.1056	"[[""fa"", -8.1056], [""ti"", -8.1056], [""=k"", -9.1841], [""buk"", -9.7962], [""puk"", -9.7962], [""sfa"", -10.1633], [""fata"", -10.1675], [""alus"", -10.428], [""tesa"", -10.4434], [""eta"", -10.4861]]"
ijasa	fak	-8.1033	"[[""fak"", -8.1033], [""kat"", -8.1033], [""Sãntas"", -9.8077], [""=ãk"", -9.8687], [""=iʃ"", -9.8687], [""satit"", -9.948], [""titiɕ"", -9.948], [""kuka-"", -10.2156], [""isas"", -10.4641], [""kudkit"", -10.7162]]"
ijasas	fata	-9.1959	"[[""fata"", -9.1959], [""kat-"", -10.958], [""tis-"", -10.958], [""sfa"", -11.6026], [""kat"", -11.6086], [""fak"", -11.6086], [""titiɕ"", -12.2587], [""satit"", -12.2587], [""tasa-"", -12.3709], [""tafa-"", -12.3709]]"
ijasasa	satit	-9.1932	"[[""satit"", -9.1932], [""titiɕ"", -9.1932], [""tasa-"", -12.0426], [""tafa-"", -12.0426], [""fasiʃa-"", -12.3687], [""isas"", -12.674], [""fata"", -12.6931], [""[k]asa-"", -13.6259], [""kat"", -13.7341], [""fak"", -13.7341]]"
ijasasar	titiɕ	-12.7001	"[[""titiɕ"", -12.7001], [""satit"", -12.7001], [""fasiʃa-"", -14.6569], [""tafa-"", -14.863], [""tasa-"", -14.863], [""isas"", -16.181], [""fata"", -16.1905], [""kat-"", -16.1906], [""tis-"", -16.1906], [""tsati-"", -16.3503]]"
ijasau	tis-	-10.959	"[[""tis-"", -10.959], [""kat-"", -10.959], [""kat"", -11.6103], [""fak"", -11.6103], [""kuka-"", -13.0372], [""satit"", -13.272], [""titiɕ"", -13.272], [""Sãntas"", -13.3136], [""=ãk"", -13.3757], [""=iʃ"", -13.3757]]"
ijasaun	tis-	-13.7825	"[[""tis-"", -13.7825], [""kat-"", -13.7825], [""katosn"", -13.968], [""fiʃfid"", -14.3279], [""taɕẽv"", -14.3363], [""sakn-"", -14.8776], [""kaʃno-"", -14.9235], [""kan"", -15.1068], [""sav"", -15.1068], [""fak"", -15.1174]]"
ijasauna	sakn-	-14.461	"[[""sakn-"", -14.461], [""katʰtʰirs"", -15.8265], [""ta-(d)"", -16.5983], [""kat-"", -16.8823], [""tis-"", -16.8823], [""kaʃno-"", -17.1641], [""u-(d)"", -17.295], [""ʃawls"", -17.3146], [""satit"", -17.3724], [""titiɕ"", -17.3724]]"
ijasaunak	fakarse	-14.2896	"[[""fakarse"", -14.2896], [""sakn-"", -17.285], [""tase"", -17.9227], [""karʃ-"", -17.9568], [""kave"", -18.611], [""sfatrtʰa-"", -19.2423], [""katʰtʰirs"", -19.2922], [""Alikre"", -19.3123], [""ta-(d)"", -19.4192], [""kat-"", -19.8813]]"
ijasaunaka	fakarse	-17.7958	"[[""fakarse"", -17.7958], [""katʰtʰirs"", -19.9199], [""sakn-"", -20.3899], [""karʃ-"", -20.7739], [""timleɕ"", -20.8176], [""sfatrtʰa-"", -21.4037], [""tase"", -21.4295], [""ãntʰẽt"", -21.6847], [""karfto-"", -21.9067], [""fẽtwinte-"", -21.9965]]"
ike	kʷe-	-8.7845	"[[""kʷe-"", -8.7845], [""el-"", -9.1032], [""eʃ-"", -9.1032], [""ẽt-"", -9.1032], [""ʃe-"", -9.1314], [""e͂n"", -9.1443], [""esk-"", -9.7733], [""ẽna-"", -9.7733], [""eɕa-"", -9.7733], [""eʃa-"", -9.7733]]"
iket	kʷe-	-11.6055	"[[""kʷe-"", -11.6055], [""ẽt-"", -11.8206], [""eʃ-"", -11.8206], [""el-"", -11.8206], [""e͂n"", -11.8578], [""ʃe-"", -11.9546], [""eʃa-"", -12.2061], [""eɕa-"", -12.2061], [""esk-"", -12.2061], [""ẽna-"", -12.2061]]"
iketa	eɕ	-10.5162	"[[""eɕ"", -10.5162], [""es"", -10.5162], [""elːf"", -11.8166], [""=k"", -12.0045], [""eʃt"", -12.5815], [""=(i)s"", -12.8292], [""det"", -13.271], [""esk-"", -13.627], [""eʃ-"", -13.6364], [""ẽt-"", -13.6364]]"
iketan	e͂n	-12.2858	"[[""e͂n"", -12.2858], [""ẽt-"", -13.3669], [""eʃ-"", -13.3669], [""esan"", -13.8519], [""etla-"", -13.9335], [""el"", -14.0225], [""es"", -14.0234], [""eɕ"", -14.0234], [""esk-"", -15.1813], [""elːf"", -15.2151]]"
iketana	eʃt	-14.0169	"[[""eʃt"", -14.0169], [""=tlː"", -14.8579], [""e͂n"", -15.7923], [""etla-"", -16.1131], [""ẽt-"", -16.1851], [""eʃ-"", -16.1851], [""edkok"", -16.6996], [""elːf"", -16.7758], [""es"", -16.8393], [""eɕ"", -16.8393]]"
iketanai	esk-	-16.8642	"[[""esk-"", -16.8642], [""eʃt"", -17.5232], [""=tlː"", -17.6806], [""etla-"", -18.8235], [""eʃ-"", -19.0101], [""ẽt-"", -19.0101], [""e͂n"", -19.2985], [""el-"", -19.6972], [""edkok"", -19.8255], [""karʃ-"", -20.1839]]"
iketanaiΘ	esk-	-19.6912	"[[""esk-"", -19.6912], [""=tlː"", -20.7851], [""eʃt"", -21.0295], [""etla-"", -21.7614], [""eʃ-"", -22.116], [""ẽt-"", -22.116], [""ẽtwerʃ(i)-"", -22.3403], [""trf(i)-"", -22.3945], [""el-"", -22.8039], [""e͂n"", -22.8043]]"
iketanaiΘt	esk-	-22.7973	"[[""esk-"", -22.7973], [""=tlː"", -24.0059], [""ẽtwerʃ(i)-"", -24.3422], [""trf(i)-"", -24.396], [""eʃt"", -24.5358], [""etla-"", -24.8258], [""eʃ-"", -25.338], [""ẽt-"", -25.338], [""ẽmi(n)-"", -25.956], [""el-"", -26.0262]]"
iki	kʷe-	-8.7845	"[[""kʷe-"", -8.7845], [""el-"", -9.1032], [""eʃ-"", -9.1032], [""ẽt-"", -9.1032], [""ʃe-"", -9.1314], [""e͂n"", -9.1443], [""esk-"", -9.7733], [""ẽna-"", -9.7733], [""eɕa-"", -9.7733], [""eʃa-"", -9.7733]]"
ikit	kʷe-	-11.6055	"[[""kʷe-"", -11.6055], [""ẽt-"", -11.8206], [""eʃ-"", -11.8206], [""el-"", -11.8206], [""e͂n"", -11.8578], [""ʃe-"", -11.9546], [""eʃa-"", -12.2061], [""eɕa-"", -12.2061], [""esk-"", -12.2061], [""ẽna-"", -12.2061]]"
ikite	kʷe-	-14.7068	"[[""kʷe-"", -14.7068], [""ẽt-"", -14.7634], [""el-"", -14.7634], [""eʃ-"", -14.7634], [""e͂n"", -14.7985], [""esk-"", -15.0225], [""ẽna-"", -15.0225], [""eʃa-"", -15.0225], [""eɕa-"", -15.0225], [""ʃe-"", -15.0545]]"
ikites	emi	-17.0997	"[[""emi"", -17.0997], [""eta"", -17.0997], [""ena"", -17.0997], [""ẽt-"", -17.8311], [""el-"", -17.8311], [""eʃ-"", -17.8311], [""e͂n"", -17.8651], [""kʷe-"", -17.9231], [""eʃa-"", -17.9509], [""ẽna-"", -17.9509]]"
ikitesi	eɕa-	-19.768	"[[""eɕa-"", -19.768], [""ẽna-"", -19.768], [""eʃa-"", -19.768], [""etla-"", -19.9798], [""=(i)tʰ"", -20.5709], [""emi"", -20.5851], [""eta"", -20.5851], [""ena"", -20.5851], [""ed(i)-"", -20.6387], [""=(i)s"", -20.6484]]"
ikitesir	ed(i)-	-21.4688	"[[""ed(i)-"", -21.4688], [""eɕa-"", -22.6693], [""ẽna-"", -22.6693], [""eʃa-"", -22.6693], [""=(i)tʰ"", -22.7831], [""etla-"", -22.8134], [""=(i)s"", -23.3695], [""kʷe(si)-"", -23.6282], [""ẽnar(i)-"", -23.808], [""ẽtam(i)-"", -23.808]]"
ikitesira	=(i)s	-20.6984	"[[""=(i)s"", -20.6984], [""=ãk"", -23.3834], [""=iʃ"", -23.3834], [""kʷe(si)=k"", -23.6221], [""ed(i)-"", -23.9403], [""=(i)tʰ"", -23.9462], [""elːf"", -24.1765], [""kʷi=k"", -24.2859], [""eɕ"", -24.5415], [""es"", -24.5415]]"
ikitet	el-	-17.8311	"[[""el-"", -17.8311], [""ẽt-"", -17.8311], [""eʃ-"", -17.8311], [""e͂n"", -17.8651], [""kʷe-"", -17.9231], [""eɕa-"", -18.0157], [""ẽna-"", -18.0157], [""eʃa-"", -18.0157], [""esk-"", -18.0157], [""ʃe-"", -18.2693]]"
ikitete	el-	-20.9785	"[[""el-"", -20.9785], [""ẽt-"", -20.9785], [""eʃ-"", -20.9785], [""e͂n"", -21.0116], [""esk-"", -21.112], [""eɕa-"", -21.112], [""eʃa-"", -21.112], [""ẽna-"", -21.112], [""kʷe-"", -21.202], [""ʃe-"", -21.5476]]"
ikiteter	eʃ-	-24.181	"[[""eʃ-"", -24.181], [""el-"", -24.181], [""ẽt-"", -24.181], [""e͂n"", -24.2135], [""esk-"", -24.2763], [""eɕa-"", -24.2763], [""ẽna-"", -24.2763], [""eʃa-"", -24.2763], [""ed(i)-"", -24.3704], [""kʷe-"", -24.52]]"
ikitetere	ed(i)-	-27.2387	"[[""ed(i)-"", -27.2387], [""ẽt-"", -27.424], [""el-"", -27.424], [""eʃ-"", -27.424], [""e͂n"", -27.456], [""eɕa-"", -27.4887], [""ẽna-"", -27.4887], [""eʃa-"", -27.4887], [""esk-"", -27.4887], [""ẽmi(n)-"", -27.4943]]"
ikiteterep	ed(i)-	-30.1817	"[[""ed(i)-"", -30.1817], [""ẽmi(n)-"", -30.4011], [""kʷe(si)-"", -30.6002], [""ẽt-"", -30.698], [""el-"", -30.698], [""eʃ-"", -30.698], [""e͂n"", -30.7297], [""eʃa-"", -30.7373], [""ẽna-"", -30.7373], [""esk-"", -30.7373]]"
ikitu	kʷe-	-14.7068	"[[""kʷe-"", -14.7068], [""ẽt-"", -14.7634], [""el-"", -14.7634], [""eʃ-"", -14.7634], [""e͂n"", -14.7985], [""esk-"", -15.0225], [""ẽna-"", -15.0225], [""eʃa-"", -15.0225], [""eɕa-"", -15.0225], [""ʃe-"", -15.0545]]"
ikituj	el-	-17.8311	"[[""el-"", -17.8311], [""eʃ-"", -17.8311], [""ẽt-"", -17.8311], [""e͂n"", -17.8651], [""kʷe-"", -17.9231], [""eʃa-"", -18.0157], [""eɕa-"", -18.0157], [""ẽna-"", -18.0157], [""esk-"", -18.0157], [""ʃe-"", -18.2693]]"
ikituja	es	-17.5288	"[[""es"", -17.5288], [""eɕ"", -17.5288], [""elːf"", -17.8271], [""moːus"", -17.9704], [""=(i)s"", -18.3354], [""=k"", -18.6158], [""helũk"", -18.8007], [""eʃt"", -19.1907], [""buk"", -19.2214], [""puk"", -19.2214]]"
ikitujas	eta	-18.6215	"[[""eta"", -18.6215], [""eʃ-"", -20.3706], [""ẽt-"", -20.3706], [""es"", -21.036], [""eɕ"", -21.036], [""=(i)tʰ"", -21.1854], [""tesa"", -21.3311], [""elːf"", -21.3332], [""moːus"", -21.4776], [""eɕa-"", -21.7502]]"
ina	=k	-5.678	"[[""=k"", -5.678], [""=nak"", -6.2203], [""nars"", -6.2578], [""nãrs"", -6.2578], [""nak"", -6.8955], [""vis"", -6.8955], [""nik"", -6.8955], [""det"", -6.8955], [""vsta"", -6.9483], [""lewɕ"", -6.9741]]"
inai	=k	-9.1841	"[[""=k"", -9.1841], [""=nak"", -9.7001], [""vsta"", -9.7493], [""nãrs"", -9.7628], [""nars"", -9.7628], [""karʃ-"", -9.7746], [""vis"", -10.3749], [""nik"", -10.3749], [""nak"", -10.3749], [""det"", -10.3749]]"
inaid	karʃ-	-12.5962	"[[""karʃ-"", -12.5962], [""=k"", -12.6898], [""vsta"", -12.8377], [""=nak"", -13.1797], [""tro"", -13.2578], [""nars"", -13.267], [""nãrs"", -13.267], [""=tlː"", -13.5826], [""blːaso"", -13.755], [""edkok"", -13.7713]]"
inaida	edkok	-10.4816	"[[""edkok"", -10.4816], [""kot"", -11.2052], [""sof"", -11.2052], [""kukok"", -13.2573], [""aɕtrkoɕ"", -13.4959], [""vsta"", -13.8744], [""ʃanto-"", -13.9562], [""ãntʰẽt"", -14.6009], [""kofu"", -14.6535], [""kofuu"", -14.6796]]"
inaidaj	kofu	-11.2033	"[[""kofu"", -11.2033], [""kofuu"", -13.9598], [""edkok"", -13.9887], [""sof"", -14.7123], [""kot"", -14.7123], [""vsta"", -16.7317], [""lalou"", -16.7585], [""kukok"", -16.7614], [""ʃanto-"", -16.7788], [""ko-(t)"", -16.9713]]"
inaidaja	kofu	-14.7096	"[[""kofu"", -14.7096], [""edkok"", -16.801], [""kofuu"", -17.062], [""kot"", -17.5248], [""sof"", -17.5248], [""nã=kukod"", -18.1634], [""artimus"", -18.6247], [""kʷisk"", -18.7675], [""kukok"", -18.884], [""ko-(t)"", -19.2852]]"
inaidajas	vsta	-17.5231	"[[""vsta"", -17.5231], [""kofu"", -18.2159], [""ko-(t)"", -19.6564], [""kofuu"", -20.2817], [""edkok"", -20.3086], [""kof(i)-"", -20.8154], [""fẽnstifi"", -20.9552], [""nã=kukod"", -20.9643], [""sof"", -21.0324], [""kot"", -21.0324]]"
inaj	nu	-7.0099	"[[""nu"", -7.0099], [""=k"", -9.1841], [""kofu"", -9.3508], [""=nak"", -9.7001], [""vsta"", -9.7493], [""nãrs"", -9.7628], [""nars"", -9.7628], [""karʃ-"", -9.7746], [""dum-"", -10.3258], [""nak"", -10.3749]]"
inaja	artimus	-9.7565	"[[""artimus"", -9.7565], [""alus"", -9.7773], [""kukok"", -9.7896], [""nikumek"", -10.3627], [""nikumẽk"", -10.3627], [""nã=kukod"", -10.3851], [""vsta"", -10.3974], [""helũk"", -10.4197], [""kuka-"", -10.4293], [""nu"", -10.5171]]"
inajar	kuka-	-12.6085	"[[""kuka-"", -12.6085], [""kukok"", -12.883], [""nã=kukod"", -13.1856], [""vsta"", -13.2406], [""artimus"", -13.2635], [""tutra-"", -13.278], [""alus"", -13.2845], [""nikumek"", -13.8653], [""nikumẽk"", -13.8653], [""helũk"", -13.9269]]"
inajare	kuka-	-15.3251	"[[""kuka-"", -15.3251], [""tutra-"", -15.7102], [""kukok"", -16.0913], [""nã=kukod"", -16.2734], [""vsta"", -16.3522], [""artimus"", -16.7705], [""alus"", -16.7917], [""nikumẽk"", -17.3659], [""nikumek"", -17.3659], [""helũk"", -17.4341]]"
inajaret	kuka-	-18.2675	"[[""kuka-"", -18.2675], [""tutra-"", -18.5263], [""kukok"", -19.3631], [""nã=kukod"", -19.479], [""vsta"", -19.5768], [""luko-(d)"", -19.8438], [""artimus"", -20.2774], [""alus"", -20.2989], [""tutrlo-"", -20.6161], [""ol-(t)"", -20.6716]]"
inajareta	kukok	-19.5636	"[[""kukok"", -19.5636], [""kuka-"", -21.2942], [""tutra-"", -21.5164], [""luko-(d)"", -22.3348], [""vsta"", -22.5446], [""nikumek"", -22.5457], [""nikumẽk"", -22.5457], [""nã=kukod"", -22.5715], [""kudkit"", -22.7516], [""kʷisk"", -22.8572]]"
inam	=k	-9.1841	"[[""=k"", -9.1841], [""=nak"", -9.7001], [""vsta"", -9.7493], [""nars"", -9.7628], [""nãrs"", -9.7628], [""karʃ-"", -9.7746], [""tro"", -10.0431], [""edkok"", -10.3177], [""blːaso"", -10.3518], [""nik"", -10.3749]]"
inama	edkok	-6.9764	"[[""edkok"", -6.9764], [""kot"", -7.6999], [""sof"", -7.6999], [""aɕtrkoɕ"", -10.015], [""kukok"", -10.0377], [""vsta"", -10.3974], [""ʃanto-"", -10.46], [""kofu"", -11.1486], [""kofuu"", -11.1745], [""=k"", -11.599]]"
inamai	edkok	-10.4835	"[[""edkok"", -10.4835], [""kot"", -11.207], [""sof"", -11.207], [""vsta"", -13.2406], [""ʃanto-"", -13.2811], [""aɕtrkoɕ"", -13.5218], [""kukok"", -13.5435], [""ko-(t)"", -13.7878], [""kofuu"", -13.9753], [""kofu"", -13.9778]]"
inamain	katosn	-13.5407	"[[""katosn"", -13.5407], [""laftsn"", -13.8462], [""edkok"", -13.9906], [""sof"", -14.7141], [""kot"", -14.7141], [""arto-(d)"", -15.8777], [""kof(i)-"", -16.0709], [""vatsvil"", -16.1915], [""pitotsn"", -16.2156], [""vsta"", -16.3522]]"
inamaina	arto-(d)	-15.4769	"[[""arto-(d)"", -15.4769], [""luko-(d)"", -16.0809], [""lafo-(d)"", -16.0809], [""lo-(d)"", -16.1876], [""edkok"", -16.8014], [""Qlːdãns"", -17.0276], [""katosn"", -17.0469], [""laftsn"", -17.3197], [""kot"", -17.5252], [""sof"", -17.5252]]"
inamainaj	kofu	-17.522	"[[""kofu"", -17.522], [""arto-(d)"", -18.2977], [""ko-(t)"", -18.6461], [""luko-(d)"", -18.9017], [""lafo-(d)"", -18.9017], [""lo-(d)"", -19.0085], [""kofuu"", -19.7301], [""edkok"", -20.3089], [""kof(i)-"", -20.5181], [""Qlːdãns"", -20.5335]]"
inamainaja	kofu	-21.0288	"[[""kofu"", -21.0288], [""arto-(d)"", -21.3981], [""ko-(t)"", -21.4486], [""luko-(d)"", -22.0021], [""lafo-(d)"", -22.0021], [""datsuverst"", -22.0757], [""lo-(d)"", -22.109], [""aɕtrkoɕ"", -22.5509], [""labrus"", -22.836], [""kofuu"", -22.9873]]"
inamas	vsta	-8.0989	"[[""vsta"", -8.0989], [""edkok"", -10.4835], [""sof"", -11.207], [""kot"", -11.207], [""sfa"", -11.6063], [""rkali"", -13.2765], [""ʃanto-"", -13.2808], [""aɕtrkoɕ"", -13.5218], [""kukok"", -13.5435], [""fẽnstifi"", -13.5767]]"
inamasi	vsta	-11.6042	"[[""vsta"", -11.6042], [""alːtoka-"", -13.6274], [""astrkota-"", -13.9595], [""edkok"", -13.9906], [""ʃaroka-"", -14.3927], [""saroka-"", -14.3927], [""tfi-"", -14.4574], [""sfa-"", -14.4574], [""sof"", -14.7141], [""kot"", -14.7141]]"
inamasir	vsta	-15.1094	"[[""vsta"", -15.1094], [""alːtoka-"", -16.4517], [""astrkota-"", -16.7837], [""saroka-"", -17.2169], [""ʃaroka-"", -17.2169], [""kof(i)-"", -17.2552], [""tfi-"", -17.2818], [""sfa-"", -17.2818], [""edkok"", -17.4977], [""ofi-"", -17.9699]]"
inamasiru	vsta	-18.6147	"[[""vsta"", -18.6147], [""alːtoka-"", -19.5565], [""kof(i)-"", -19.7062], [""astrkota-"", -19.8886], [""ʃaroka-"", -20.3217], [""saroka-"", -20.3217], [""sfa-"", -20.3866], [""tfi-"", -20.3866], [""edkok"", -21.0048], [""ofi-"", -21.0747]]"
inamasirut	vsta	-22.12	"[[""vsta"", -22.12], [""kof(i)-"", -22.4679], [""alːtoka-"", -22.7773], [""astrkota-"", -23.1095], [""saroka-"", -23.5425], [""ʃaroka-"", -23.5425], [""tfi-"", -23.6075], [""sfa-"", -23.6075], [""trf(i)-"", -23.93], [""[k]asa-"", -24.2861]]"
inu	=tlː	-8.712	"[[""=tlː"", -8.712], [""=dãn"", -8.725], [""da-"", -9.1032], [""ni-"", -9.1032], [""dã-"", -9.1032], [""Mlːim"", -9.1251], [""=nak"", -9.1276], [""ad-"", -9.1314], [""el-"", -9.1314], [""olː"", -9.1314]]"
inui	=tlː	-11.5157	"[[""=tlː"", -11.5157], [""Mlːim"", -11.5566], [""da-"", -11.8206], [""dã-"", -11.8206], [""ni-"", -11.8206], [""=dãn"", -11.9319], [""olː"", -11.9546], [""ad-"", -11.9546], [""wr-"", -11.9546], [""el-"", -11.9546]]"
inuin	=dãn	-12.1011	"[[""=dãn"", -12.1011], [""lẽn"", -12.8306], [""dãn"", -12.8306], [""nin"", -12.8306], [""nãv"", -12.8306], [""nid"", -12.8306], [""nãn"", -12.8306], [""daul"", -12.8613], [""ẽnn"", -13.2538], [""inl"", -13.2538]]"
inuina	Qlːdãns	-11.0468	"[[""Qlːdãns"", -11.0468], [""nars"", -12.8285], [""nãrs"", -12.8285], [""lo-(d)"", -14.5397], [""=nak"", -14.7107], [""elːf"", -15.0369], [""dum(n)"", -15.053], [""=k"", -15.2899], [""nannas"", -15.4181], [""=(i)s"", -15.5082]]"
inuinai	Qlːdãns	-14.5522	"[[""Qlːdãns"", -14.5522], [""nãrs"", -16.3356], [""nars"", -16.3356], [""ol-(t)"", -17.2237], [""in-(t)"", -17.2237], [""lo-(d)"", -17.36], [""dum(n)"", -17.8756], [""=nak"", -18.2002], [""=(i)tʰ"", -18.3601], [""daul-"", -18.5343]]"
inuinaid	Qlːdãns	-18.0567	"[[""Qlːdãns"", -18.0567], [""nãrs"", -19.8427], [""nars"", -19.8427], [""ol-(t)"", -20.0455], [""in-(t)"", -20.0455], [""lo-(d)"", -20.458], [""endo"", -20.949], [""dum(n)"", -20.9781], [""=(i)tʰ"", -21.1828], [""karʃ-"", -21.498]]"
inuinaida	edkok	-19.7608	"[[""edkok"", -19.7608], [""Qlːdãns"", -20.3915], [""kot"", -21.7266], [""sof"", -21.7266], [""aɕtrkoɕ"", -21.8671], [""nars"", -22.6289], [""nãrs"", -22.6289], [""alːtoka-"", -22.6442], [""ʃanto-"", -22.8617], [""ol-(t)"", -23.1102]]"
inuinaidaj	kofu	-21.7247	"[[""kofu"", -21.7247], [""edkok"", -23.2679], [""Qlːdãns"", -23.898], [""lalou"", -23.9954], [""kofuu"", -24.4809], [""alːtoka-"", -24.8249], [""sof"", -25.2337], [""kot"", -25.2337], [""ol-(t)"", -25.338], [""in-(t)"", -25.3382]]"
inuj	nu	-7.0099	"[[""nu"", -7.0099], [""dum-"", -10.3258], [""duve"", -10.4775], [""=tlː"", -11.5157], [""Mlːim"", -11.5566], [""da-"", -11.8206], [""ni-"", -11.8206], [""dã-"", -11.8206], [""lalou"", -11.854], [""=dãn"", -11.9319]]"
inuja	alus	-9.7782	"[[""alus"", -9.7782], [""helũk"", -10.4207], [""nu"", -10.5171], [""labrus"", -11.7607], [""elːf"", -11.9509], [""=k"", -12.0045], [""moːus"", -12.1409], [""=nak"", -12.1445], [""dum-"", -12.5669], [""nãrs"", -12.5704]]"
inujas	alus	-13.2854	"[[""alus"", -13.2854], [""vsta"", -13.6325], [""helũk"", -13.9279], [""nu"", -14.0243], [""avka"", -14.3638], [""anka"", -14.3638], [""rkali"", -14.3831], [""in-(t)"", -14.765], [""ol-(t)"", -14.765], [""tansa"", -15.0114]]"
inujasa	Sãntas	-13.85	"[[""Sãntas"", -13.85], [""=nak"", -14.4402], [""kulumsis"", -14.8702], [""kudkit"", -14.9027], [""vis"", -15.1014], [""nik"", -15.1014], [""nak"", -15.1014], [""kat"", -15.1174], [""fak"", -15.1174], [""alus"", -16.0979]]"
inujasas	vsta	-15.1059	"[[""vsta"", -15.1059], [""fata"", -16.2098], [""Sãntas"", -17.3542], [""=nak"", -17.9464], [""tis-"", -17.9718], [""kat-"", -17.9718], [""fẽnstifi"", -18.0474], [""lakʷrisa"", -18.1049], [""kulumsis"", -18.3737], [""kudkit"", -18.4062]]"
inujasasa	satit	-16.207	"[[""satit"", -16.207], [""titiɕ"", -16.207], [""vsta"", -18.6058], [""lita-"", -19.0182], [""tasa-"", -19.0561], [""tafa-"", -19.0561], [""Sãntas"", -19.2315], [""fasiʃa-"", -19.293], [""isas"", -19.6692], [""fata"", -19.707]]"
inujasasar	titiɕ	-19.7139	"[[""titiɕ"", -19.7139], [""satit"", -19.7139], [""fasiʃa-"", -21.6174], [""lita-"", -21.8479], [""tafa-"", -21.8768], [""tasa-"", -21.8768], [""vsta"", -22.1058], [""[k]asa-"", -22.5749], [""Sãntas"", -22.7387], [""tsati-"", -23.1245]]"
inw	Mlːim	-6.2671	"[[""Mlːim"", -6.2671], [""tarb"", -6.9214], [""=tlː"", -8.712], [""=dãn"", -8.725], [""wr-"", -8.9037], [""=ms"", -9.0981], [""da-"", -9.1032], [""dã-"", -9.1032], [""ni-"", -9.1032], [""=nak"", -9.1276]]"
inwa	=ms	-5.6761	"[[""=ms"", -5.6761], [""lewɕ"", -6.8935], [""=k"", -8.7831], [""=mas"", -9.042], [""=nak"", -9.0478], [""elːf"", -9.1273], [""nars"", -9.3587], [""nãrs"", -9.3587], [""Mlːim"", -9.6699], [""lap-"", -9.7243]]"
inwaz	=ms	-9.1832	"[[""=ms"", -9.1832], [""vsta"", -10.3993], [""lewɕ"", -10.4006], [""armtʰa"", -10.5039], [""avka"", -10.873], [""anka"", -10.873], [""rkali"", -10.8801], [""lapta-"", -11.1841], [""tansa"", -11.512], [""tavsa"", -11.512]]"
inwaza	=mas	-10.2691	"[[""=mas"", -10.2691], [""Sãntas"", -10.4151], [""lapta-"", -10.836], [""=nak"", -10.9429], [""kulumsis"", -11.3762], [""nãpis"", -11.4336], [""kudkit"", -11.5112], [""vis"", -11.5997], [""nak"", -11.5997], [""nik"", -11.5997]]"
inwazaΦ	lapta-	-13.6584	"[[""lapta-"", -13.6584], [""=mas"", -13.7762], [""Sãntas"", -13.9221], [""ʃarpta-(t)"", -14.0675], [""=nak"", -14.4501], [""bif-"", -14.4551], [""tis-"", -14.4658], [""kat-"", -14.4658], [""kulumsis"", -14.8832], [""nãpis"", -14.9406]]"
inwazaΦn	laftsn	-16.2882	"[[""laftsn"", -16.2882], [""witsn"", -16.7034], [""lapta-"", -16.7614], [""ʃarpta-(t)"", -16.7714], [""bif-"", -17.2814], [""=mas"", -17.2834], [""tis-"", -17.2894], [""kat-"", -17.2894], [""Sãntas"", -17.429], [""katosn"", -17.4729]]"
inwazaΦni	sakn-	-17.9685	"[[""sakn-"", -17.9685], [""warptoki-(d)"", -19.2281], [""tarptʰa-(d)"", -19.3228], [""pita-(d)"", -19.5501], [""ʃarpta-(t)"", -19.7059], [""laftsn"", -19.7942], [""lawa-(d)"", -19.9127], [""wniʃlː"", -19.9721], [""brafr-"", -19.9721], [""lapta-"", -19.9804]]"
ipi	=tlː	-11.2432	"[[""=tlː"", -11.2432], [""=k"", -11.3633], [""i-"", -11.3633], [""=iʃ"", -11.5351], [""=ms"", -11.5351], [""=in"", -11.5351], [""=ãk"", -11.5351], [""ẽt-"", -12.1474], [""bi-"", -12.1474], [""ni-"", -12.1474]]"
ipin	=dãn	-11.1374	"[[""=dãn"", -11.1374], [""=in"", -11.3218], [""e͂n"", -11.3595], [""=nak"", -12.2518], [""dãn"", -12.5619], [""nãn"", -12.5619], [""lẽn"", -12.5619], [""nid"", -12.5619], [""nãv"", -12.5619], [""nin"", -12.5619]]"
ipina	=k	-12.0045	"[[""=k"", -12.0045], [""=nak"", -12.1371], [""nars"", -12.5591], [""nãrs"", -12.5591], [""=(i)s"", -12.8292], [""Qlːdãns"", -13.0529], [""u-(d)"", -13.839], [""nik"", -13.8528], [""vis"", -13.8528], [""det"", -13.8528]]"
ipinam	=k	-15.5112	"[[""=k"", -15.5112], [""=nak"", -15.6174], [""=(i)tʰ"", -15.681], [""karʃ-"", -15.6851], [""nãrs"", -16.0653], [""nars"", -16.0653], [""=(i)s"", -16.3319], [""blːaso"", -16.5423], [""Qlːdãns"", -16.5455], [""=tlː"", -16.5617]]"
ipinama	edkok	-13.2988	"[[""edkok"", -13.2988], [""sof"", -14.7141], [""kot"", -14.7141], [""aɕtrkoɕ"", -15.4456], [""ʃanto-"", -16.3711], [""kukok"", -16.5188], [""vsta"", -17.4116], [""Sãntas"", -17.5229], [""=nak"", -17.8142], [""=k"", -18.1064]]"
ipinamai	edkok	-16.8059	"[[""edkok"", -16.8059], [""sof"", -18.2212], [""kot"", -18.2212], [""aɕtrkoɕ"", -18.9526], [""ʃanto-"", -19.1934], [""kukok"", -20.0252], [""vsta"", -20.2548], [""ko-(t)"", -20.655], [""=(i)tʰ"", -20.6874], [""ol-(t)"", -20.901]]"
ipinamain	katosn	-20.0224	"[[""katosn"", -20.0224], [""edkok"", -20.313], [""laftsn"", -20.8422], [""sof"", -21.7283], [""kot"", -21.7283], [""arto-(d)"", -22.1999], [""ʃanto-"", -22.2968], [""aɕtrkoɕ"", -22.4584], [""pitotsn"", -22.4969], [""fẽntsal"", -22.5048]]"
ipinamaina	arto-(d)	-21.7993	"[[""arto-(d)"", -21.7993], [""Qlːdãns"", -22.932], [""lafo-(d)"", -23.0382], [""luko-(d)"", -23.0382], [""edkok"", -23.1239], [""lo-(d)"", -23.1997], [""katosn"", -23.5286], [""katʰtʰirs"", -24.2213], [""laftsn"", -24.3146], [""=tlː"", -24.4567]]"
ipinamas	vsta	-15.1132	"[[""vsta"", -15.1132], [""edkok"", -16.8059], [""sof"", -18.2212], [""kot"", -18.2212], [""sfa"", -18.6189], [""aɕtrkoɕ"", -18.9526], [""ʃanto-"", -19.1933], [""fẽnstifi"", -19.4893], [""alːtoka-"", -19.6518], [""astrkota-"", -19.7371]]"
ipinamasi	vsta	-18.6185	"[[""vsta"", -18.6185], [""alːtoka-"", -19.3051], [""astrkota-"", -19.3901], [""edkok"", -20.313], [""ʃaroka-"", -20.6947], [""saroka-"", -20.6947], [""sfa-"", -21.47], [""tfi-"", -21.47], [""[k]asa-"", -21.4989], [""kot"", -21.7283]]"
ipinamasir	vsta	-22.1238	"[[""vsta"", -22.1238], [""alːtoka-"", -22.1293], [""astrkota-"", -22.2143], [""saroka-"", -23.519], [""ʃaroka-"", -23.519], [""edkok"", -23.8201], [""kof(i)-"", -24.2616], [""tfi-"", -24.2944], [""sfa-"", -24.2944], [""[k]asa-"", -24.3089]]"
ira	=k	-5.678	"[[""=k"", -5.678], [""=(i)s"", -8.4164], [""=ms"", -8.4315], [""=ãk"", -8.4315], [""=iʃ"", -8.4315], [""=nak"", -8.7201], [""=mas"", -8.7201], [""=tlː"", -9.0427], [""sof"", -9.3539], [""kat"", -9.3539]]"
iru	=tlː	-11.2432	"[[""=tlː"", -11.2432], [""=k"", -11.3633], [""i-"", -11.3633], [""=iʃ"", -11.5351], [""=ms"", -11.5351], [""=in"", -11.5351], [""=ãk"", -11.5351], [""ẽt-"", -12.1474], [""bi-"", -12.1474], [""ni-"", -12.1474]]"
irut	=tlː	-13.8491	"[[""=tlː"", -13.8491], [""=k"", -14.4053], [""i-"", -14.4053], [""=ãk"", -14.5247], [""=in"", -14.5247], [""=iʃ"", -14.5247], [""=ms"", -14.5247], [""wr-"", -14.9765], [""eʃ-"", -14.9765], [""bi-"", -14.9765]]"
irute	=tlː	-16.6681	"[[""=tlː"", -16.6681], [""=k"", -17.5387], [""i-"", -17.5387], [""=(i)tʰ"", -17.5502], [""=ãk"", -17.6191], [""=iʃ"", -17.6191], [""=ms"", -17.6191], [""=in"", -17.6191], [""ẽt-"", -17.9765], [""mi-"", -17.9765]]"
irutei	=tlː	-19.6166	"[[""=tlː"", -19.6166], [""=(i)tʰ"", -20.139], [""=k"", -20.7328], [""i-"", -20.7328], [""=ãk"", -20.7824], [""=in"", -20.7824], [""=ms"", -20.7824], [""=iʃ"", -20.7824], [""=(i)s"", -20.9144], [""u-(d)"", -20.9943]]"
iruteid	=tlː	-22.6525	"[[""=tlː"", -22.6525], [""=(i)tʰ"", -22.8571], [""tro"", -23.3101], [""=(i)s"", -23.7794], [""u-(d)"", -23.8414], [""p(i)-"", -23.9226], [""os-"", -23.925], [""olː"", -23.925], [""ow-"", -23.925], [""=k"", -23.9705]]"
iruteidi	elːo-	-24.6038	"[[""elːo-"", -24.6038], [""=(i)tʰ"", -25.6715], [""=tlː"", -25.7518], [""tso-"", -26.1286], [""sulːo-"", -26.3336], [""=(i)s"", -26.7201], [""os-"", -26.729], [""olː"", -26.729], [""ow-"", -26.729], [""u-(d)"", -26.7697]]"
isi	i-	-7.4452	"[[""i-"", -7.4452], [""kʷi-"", -9.8628], [""=ãk"", -10.0294], [""=iʃ"", -10.0294], [""=in"", -10.0294], [""as-"", -10.1108], [""if-"", -10.1108], [""ad-"", -10.1108], [""ak-"", -10.1108], [""bi-"", -10.1366]]"
isir	i-	-10.272	"[[""i-"", -10.272], [""p(i)-"", -12.6575], [""kʷi-"", -12.6801], [""isa-"", -12.7831], [""ara-"", -12.7831], [""ifi-"", -12.7831], [""ama-"", -12.7831], [""ani-"", -12.7831], [""ata-"", -12.7831], [""ada-"", -12.7831]]"
ite	=tlː	-11.2432	"[[""=tlː"", -11.2432], [""=k"", -11.3633], [""i-"", -11.3633], [""=iʃ"", -11.5351], [""=ms"", -11.5351], [""=in"", -11.5351], [""=ãk"", -11.5351], [""ẽt-"", -12.1474], [""bi-"", -12.1474], [""ni-"", -12.1474]]"
ites	=(i)s	-12.6384	"[[""=(i)s"", -12.6384], [""=in"", -13.1138], [""=iʃ"", -13.1138], [""=ãk"", -13.1138], [""alːa"", -13.2235], [""Kile"", -13.324], [""fa"", -13.6496], [""da"", -13.6496], [""ti"", -13.6496], [""bi"", -13.6496]]"
itesi	i-	-14.4356	"[[""i-"", -14.4356], [""=(i)tʰ"", -14.7815], [""=(i)s"", -14.8246], [""kʷi-"", -15.2912], [""=iʃ"", -15.9901], [""=ãk"", -15.9901], [""=in"", -15.9901], [""alːa-"", -16.0524], [""wlːi-"", -16.073], [""Kile"", -16.1304]]"
itesir	=(i)tʰ	-16.9658	"[[""=(i)tʰ"", -16.9658], [""i-"", -17.2725], [""=(i)s"", -17.5385], [""p(i)-"", -18.0755], [""kʷi-"", -18.117], [""al(i)-"", -18.8372], [""alːa-"", -18.8582], [""ed(i)-"", -18.8604], [""wlːi-"", -18.8959], [""=in"", -19.1044]]"
itesira	=(i)s	-14.8635	"[[""=(i)s"", -14.8635], [""=iʃ"", -16.8758], [""=ãk"", -16.8758], [""=(i)tʰ"", -18.1132], [""kʷi=k"", -18.1133], [""=k"", -18.6158], [""=mas"", -19.2337], [""=nak"", -19.2337], [""isas"", -20.1064], [""i-"", -20.3817]]"
itet	=tlː	-13.8491	"[[""=tlː"", -13.8491], [""=k"", -14.4053], [""i-"", -14.4053], [""=ãk"", -14.5247], [""=in"", -14.5247], [""=iʃ"", -14.5247], [""=ms"", -14.5247], [""wr-"", -14.9765], [""eʃ-"", -14.9765], [""bi-"", -14.9765]]"
itete	=tlː	-16.6681	"[[""=tlː"", -16.6681], [""=k"", -17.5387], [""i-"", -17.5387], [""=(i)tʰ"", -17.5502], [""=ãk"", -17.6191], [""=iʃ"", -17.6191], [""=ms"", -17.6191], [""=in"", -17.6191], [""ẽt-"", -17.9765], [""mi-"", -17.9765]]"
iteter	=tlː	-19.6166	"[[""=tlː"", -19.6166], [""=(i)tʰ"", -20.139], [""=k"", -20.7328], [""i-"", -20.7328], [""=ãk"", -20.7824], [""=in"", -20.7824], [""=ms"", -20.7824], [""=iʃ"", -20.7824], [""=(i)s"", -20.9144], [""u-(d)"", -20.9943]]"
itetere	=tlː	-22.6525	"[[""=tlː"", -22.6525], [""=(i)tʰ"", -22.8571], [""=(i)s"", -23.7794], [""u-(d)"", -23.8414], [""p(i)-"", -23.9226], [""=k"", -23.9705], [""i-"", -23.9705], [""=iʃ"", -23.9944], [""=ãk"", -23.9944], [""=in"", -23.9944]]"
iteterep	=(i)tʰ	-25.6715	"[[""=(i)tʰ"", -25.6715], [""=tlː"", -25.7518], [""=(i)s"", -26.7201], [""u-(d)"", -26.7697], [""p(i)-"", -26.8342], [""aktʰα-"", -27.1017], [""=k"", -27.2408], [""i-"", -27.2408], [""=ms"", -27.2426], [""=in"", -27.2426]]"
iti	=tlː	-11.2432	"[[""=tlː"", -11.2432], [""=k"", -11.3633], [""i-"", -11.3633], [""=iʃ"", -11.5351], [""=ms"", -11.5351], [""=in"", -11.5351], [""=ãk"", -11.5351], [""ẽt-"", -12.1474], [""bi-"", -12.1474], [""ni-"", -12.1474]]"
itu	=tlː	-11.2432	"[[""=tlː"", -11.2432], [""=k"", -11.3633], [""i-"", -11.3633], [""=iʃ"", -11.5351], [""=ms"", -11.5351], [""=in"", -11.5351], [""=ãk"", -11.5351], [""ẽt-"", -12.1474], [""bi-"", -12.1474], [""ni-"", -12.1474]]"
ituj	nu	-12.6134	"[[""nu"", -12.6134], [""bu"", -12.6134], [""pu"", -12.6134], [""amu"", -12.8319], [""=tlː"", -13.8491], [""un"", -13.9074], [""=k"", -14.4053], [""i-"", -14.4053], [""=in"", -14.5247], [""=ms"", -14.5247]]"
ituja	=k	-12.0045	"[[""=k"", -12.0045], [""moːus"", -12.1409], [""buk"", -12.6115], [""puk"", -12.6115], [""=(i)s"", -12.8292], [""alus"", -12.83], [""=iʃ"", -14.3659], [""=ãk"", -14.3659], [""=ms"", -14.3659], [""=nak"", -14.5179]]"
itujas	fa	-15.1199	"[[""fa"", -15.1199], [""ti"", -15.1199], [""=k"", -15.5112], [""moːus"", -15.648], [""=(i)tʰ"", -15.6776], [""buk"", -16.1186], [""puk"", -16.1186], [""=(i)s"", -16.2264], [""alus"", -16.337], [""fata"", -16.7536]]"
iΘt	his	-9.7806	"[[""his"", -9.7806], [""=tlː"", -11.2432], [""i-"", -11.3633], [""=k"", -11.3633], [""=iʃ"", -11.5351], [""=ãk"", -11.5351], [""=in"", -11.5351], [""=ms"", -11.5351], [""dã-"", -12.1474], [""ni-"", -12.1474]]"
iΘti	his	-12.8687	"[[""his"", -12.8687], [""=tlː"", -13.8491], [""=k"", -14.4053], [""i-"", -14.4053], [""=ms"", -14.5247], [""=ãk"", -14.5247], [""=in"", -14.5247], [""=iʃ"", -14.5247], [""mu-"", -14.9765], [""dã-"", -14.9765]]"
iΘtij	nu	-15.898	"[[""nu"", -15.898], [""pu"", -15.898], [""bu"", -15.898], [""amu"", -16.0405], [""his"", -16.0745], [""helũk"", -16.2708], [""=tlː"", -16.6681], [""un"", -17.3848], [""=k"", -17.5387], [""i-"", -17.5387]]"
iΘtija	helũk	-12.8608	"[[""helũk"", -12.8608], [""moːus"", -14.9703], [""=k"", -15.2899], [""=(i)s"", -15.5082], [""buk"", -15.896], [""puk"", -15.896], [""alus"", -16.0386], [""his"", -16.0743], [""=iʃ"", -17.5004], [""=ãk"", -17.5004]]"
iΘtijas	helũk	-16.368	"[[""helũk"", -16.368], [""=(i)tʰ"", -18.3579], [""moːus"", -18.4775], [""fa"", -18.627], [""ti"", -18.627], [""=k"", -18.7967], [""=(i)s"", -18.9422], [""puk"", -19.4032], [""buk"", -19.4032], [""his"", -19.5003]]"
iΘtijasa	his	-18.6032	"[[""his"", -18.6032], [""fak"", -18.6244], [""kat"", -18.6244], [""Sãntas"", -18.7015], [""helũk"", -19.1806], [""=ãk"", -19.695], [""=iʃ"", -19.695], [""kuka-"", -19.8324], [""satit"", -19.9664], [""titiɕ"", -19.9664]]"
iΘtijasas	fata	-19.7167	"[[""fata"", -19.7167], [""kat-"", -21.4786], [""tis-"", -21.4786], [""his"", -22.1094], [""sfa"", -22.1189], [""kat"", -22.1297], [""fak"", -22.1297], [""Sãntas"", -22.2017], [""satit"", -22.5997], [""titiɕ"", -22.5997]]"
iΘtijasasa	satit	-19.7138	"[[""satit"", -19.7138], [""titiɕ"", -19.7138], [""tafa-"", -22.5629], [""tasa-"", -22.5629], [""fasiʃa-"", -22.7564], [""[k]asa-"", -23.051], [""isas"", -23.167], [""fata"", -23.214], [""Sãntas"", -23.4989], [""=(i)s"", -23.7664]]"
iΘu	his	-9.7806	"[[""his"", -9.7806], [""=tlː"", -11.2432], [""i-"", -11.3633], [""=k"", -11.3633], [""=iʃ"", -11.5351], [""=ãk"", -11.5351], [""=in"", -11.5351], [""=ms"", -11.5351], [""dã-"", -12.1474], [""ni-"", -12.1474]]"
iΘuj	bu	-12.6134	"[[""bu"", -12.6134], [""pu"", -12.6134], [""nu"", -12.6134], [""amu"", -12.8319], [""his"", -12.8687], [""helũk"", -13.194], [""=tlː"", -13.8491], [""un"", -13.9074], [""=k"", -14.4053], [""i-"", -14.4053]]"
iΘuja	helũk	-9.7733	"[[""helũk"", -9.7733], [""=k"", -12.0045], [""moːus"", -12.1409], [""buk"", -12.6115], [""puk"", -12.6115], [""=(i)s"", -12.8292], [""alus"", -12.83], [""his"", -12.8498], [""=iʃ"", -14.3659], [""=ãk"", -14.3659]]"
iΘut	his	-12.8687	"[[""his"", -12.8687], [""=tlː"", -13.8491], [""=k"", -14.4053], [""i-"", -14.4053], [""=ms"", -14.5247], [""=ãk"", -14.5247], [""=in"", -14.5247], [""=iʃ"", -14.5247], [""mu-"", -14.9765], [""dã-"", -14.9765]]"
iΘuti	his	-16.0745	"[[""his"", -16.0745], [""=tlː"", -16.6681], [""=k"", -17.5387], [""i-"", -17.5387], [""=(i)tʰ"", -17.5502], [""=ms"", -17.6191], [""=ãk"", -17.6191], [""=iʃ"", -17.6191], [""=in"", -17.6191], [""olː"", -17.9765]]"
iΘutin	=dãn	-17.3396	"[[""=dãn"", -17.3396], [""=in"", -17.5004], [""e͂n"", -17.5346], [""helad"", -17.7898], [""=nak"", -18.7508], [""dãn"", -19.146], [""nin"", -19.146], [""nãv"", -19.146], [""nid"", -19.146], [""nãn"", -19.146]]"
iΘutinu	u-(d)	-19.3704	"[[""u-(d)"", -19.3704], [""lo-(d)"", -20.1398], [""ta-(d)"", -20.1414], [""pa-(d)"", -20.1414], [""=tlː"", -20.2976], [""=dãn"", -20.6261], [""=in"", -20.9957], [""e͂n"", -21.0409], [""helad"", -21.1332], [""Mlːim"", -21.5367]]"
iΘutinuj	nu	-21.0387	"[[""nu"", -21.0387], [""u-(d)"", -22.1943], [""lo-(d)"", -22.9591], [""ta-(d)"", -22.9643], [""pa-(d)"", -22.9643], [""helũk"", -22.9886], [""=tlː"", -23.1436], [""pi(d)-"", -23.6178], [""=dãn"", -23.9478], [""Mlːim"", -23.9823]]"
iΘutinuja	helũk	-19.5694	"[[""helũk"", -19.5694], [""alus"", -22.7207], [""moːus"", -24.2385], [""=(i)s"", -24.2685], [""labrus"", -24.2733], [""nu"", -24.5459], [""=nak"", -24.6033], [""Qlːdãns"", -24.821], [""elːf"", -24.8574], [""kʷalmlus"", -25.122]]"
iΘutinujas	helũk	-23.0766	"[[""helũk"", -23.0766], [""alus"", -26.2279], [""=(i)tʰ"", -27.118], [""avka"", -27.3166], [""anka"", -27.3166], [""tansa"", -27.4119], [""tavsa"", -27.4119], [""in-(t)"", -27.5033], [""ol-(t)"", -27.5033], [""vsta"", -27.6312]]"
iΘw	=ms	-9.0981	"[[""=ms"", -9.0981], [""=mas"", -9.1497], [""kim"", -9.7388], [""his"", -9.7806], [""wr-"", -10.3196], [""mi-"", -10.3196], [""bi-"", -10.3196], [""mu-"", -10.3196], [""pu"", -10.4301], [""bi"", -10.4301]]"
iΘwa	=ms	-5.6761	"[[""=ms"", -5.6761], [""=k"", -8.7831], [""=mas"", -9.042], [""lewɕ"", -9.7368], [""his"", -9.7383], [""bis"", -10.3741], [""puk"", -10.3741], [""pis"", -10.3741], [""buk"", -10.3741], [""=(i)s"", -10.3885]]"
iΘwae	=ms	-9.1832	"[[""=ms"", -9.1832], [""=k"", -12.2896], [""=mas"", -12.5219], [""bif-"", -13.2034], [""mẽt-"", -13.2034], [""wsta-"", -13.2207], [""his"", -13.2311], [""=(i)tʰ"", -13.2394], [""lewɕ"", -13.244], [""wits-"", -13.2672]]"
iΘwaea	=ms	-11.9969	"[[""=ms"", -11.9969], [""wsta-"", -13.8227], [""=mas"", -14.7085], [""=k"", -14.8207], [""=(i)s"", -15.3691], [""his"", -15.6793], [""wits-"", -15.8189], [""bif-"", -16.0052], [""mẽt-"", -16.0052], [""=(i)tʰ"", -16.0083]]"
iΘwaead	=ms	-15.5046	"[[""=ms"", -15.5046], [""wsta-"", -16.0543], [""wits-"", -16.6264], [""fabatko"", -17.1992], [""tso-"", -17.987], [""=(i)tʰ"", -17.9954], [""=mas"", -18.2087], [""=k"", -18.328], [""bif-"", -18.4886], [""mẽt-"", -18.4886]]"
iΘwaeadi	tso-	-17.5626	"[[""tso-"", -17.5626], [""wsta-"", -18.7836], [""=ms"", -19.0122], [""takto-"", -19.3724], [""wits-"", -19.4739], [""iʃko-"", -19.628], [""tsito-"", -19.8455], [""sfato-"", -19.8455], [""arkto-"", -19.871], [""sako-"", -20.2093]]"
iΘwaeadik	tso-	-20.3865	"[[""tso-"", -20.3865], [""wsta-"", -21.7312], [""takto-"", -22.1962], [""iʃko-"", -22.452], [""=ms"", -22.5198], [""wits-"", -22.5865], [""sfato-"", -22.6682], [""tsito-"", -22.6682], [""arkto-"", -22.6949], [""sako-"", -23.0333]]"
iΘwaeadiki	tso-	-23.4915	"[[""tso-"", -23.4915], [""tse-"", -23.879], [""wsta-"", -24.8014], [""kʷe-"", -24.9671], [""takto-"", -25.3009], [""iʃko-"", -25.557], [""sfato-"", -25.7714], [""tsito-"", -25.7714], [""arkto-"", -25.7999], [""wits-"", -25.8111]]"
iΘwaj	=ms	-9.1832	"[[""=ms"", -9.1832], [""pu"", -10.5171], [""bu"", -10.5171], [""=k"", -12.2896], [""=mas"", -12.5219], [""kofu"", -12.5591], [""amu"", -12.8875], [""mẽt-"", -13.2034], [""bif-"", -13.2034], [""wsta-"", -13.2207]]"
iΘwaja	buk	-10.5142	"[[""buk"", -10.5142], [""puk"", -10.5142], [""=ms"", -11.9969], [""moːus"", -12.5591], [""helũk"", -12.8591], [""kukok"", -13.2957], [""mu-"", -13.3709], [""wsta-"", -13.8227], [""kuka-"", -13.9362], [""bu"", -14.0243]]"
iΘwajaa	puk	-13.3297	"[[""puk"", -13.3297], [""buk"", -13.3297], [""kukok"", -13.8537], [""=ms"", -15.0982], [""moːus"", -15.3727], [""wsta-"", -15.6695], [""helũk"", -15.6739], [""kuka-"", -15.8926], [""kʷisk"", -16.0657], [""mu-"", -16.1954]]"
iΘwajaad	kukok	-16.721	"[[""kukok"", -16.721], [""puk"", -16.8374], [""buk"", -16.8374], [""wsta-"", -18.1789], [""wits-"", -18.4636], [""kuka-"", -18.4721], [""=ms"", -18.606], [""fabatko"", -18.7932], [""moːus"", -18.8802], [""tutra-"", -18.9261]]"
iΘwajaadi	kukok	-19.8411	"[[""kukok"", -19.8411], [""tutrlo-"", -19.9221], [""tso-"", -19.9758], [""takto-"", -20.1406], [""karfto-"", -20.3048], [""buk"", -20.345], [""puk"", -20.345], [""awkufo-(d)"", -20.5899], [""tsito-"", -20.7893], [""sfato-"", -20.7893]]"
iΘwajaadik	awkufo-(d)	-21.2337	"[[""awkufo-(d)"", -21.2337], [""tutrlo-"", -22.7448], [""tso-"", -22.8004], [""takto-"", -22.9646], [""wtsnaso-(d)"", -23.0138], [""kukok"", -23.07], [""karfto-"", -23.1286], [""sfato-"", -23.613], [""tsito-"", -23.613], [""buk"", -23.8527]]"
iΘwajaaj	puk	-16.8369	"[[""puk"", -16.8369], [""buk"", -16.8369], [""kukok"", -17.3087], [""wsta-"", -18.1789], [""wits-"", -18.4636], [""kuka-"", -18.4717], [""=ms"", -18.606], [""moːus"", -18.8777], [""tutra-"", -18.9257], [""kofu"", -19.1257]]"
iΘwajaaja	kukok	-19.1448	"[[""kukok"", -19.1448], [""puk"", -19.6524], [""buk"", -19.6524], [""moːus"", -20.9037], [""wsta-"", -20.9253], [""kuka-"", -21.1792], [""wits-"", -21.3714], [""kʷisk"", -21.5976], [""tutra-"", -21.6156], [""estsats"", -21.6264]]"
iΘwajaj	buk	-14.0205	"[[""buk"", -14.0205], [""puk"", -14.0205], [""=ms"", -15.5046], [""kofuu"", -16.0293], [""wsta-"", -16.0543], [""moːus"", -16.0628], [""kuka-"", -16.1147], [""mu-"", -16.1875], [""helũk"", -16.3647], [""kukok"", -16.3883]]"
iΘwajaja	puk	-16.4323	"[[""puk"", -16.4323], [""buk"", -16.4323], [""kukok"", -16.6682], [""moːus"", -17.8218], [""kuka-"", -18.5304], [""helũk"", -18.565], [""wsta-"", -18.5884], [""=ms"", -18.6049], [""mu-"", -19.0116], [""tutra-"", -19.1864]]"
iΘwajajaa	kukok	-18.8618	"[[""kukok"", -18.8618], [""puk"", -19.4298], [""buk"", -19.4298], [""moːus"", -20.727], [""kuka-"", -21.1058], [""kʷisk"", -21.1849], [""wsta-"", -21.2249], [""estsats"", -21.4518], [""helũk"", -21.5246], [""tutra-"", -21.6119]]"
iΘwajajad	kukok	-19.5363	"[[""kukok"", -19.5363], [""puk"", -19.9398], [""buk"", -19.9398], [""kuka-"", -21.2096], [""moːus"", -21.3291], [""wsta-"", -21.3428], [""nã=kukod"", -21.3836], [""tutra-"", -21.6217], [""awkufo-(d)"", -21.6442], [""wits-"", -21.8046]]"
iΘwajajadi	kukok	-22.6567	"[[""kukok"", -22.6567], [""tutrlo-"", -22.7298], [""iʃkupto-"", -22.9282], [""awkufo-(d)"", -23.3035], [""buk"", -23.4473], [""puk"", -23.4473], [""tso-"", -23.4802], [""takto-"", -23.621], [""sfato-"", -23.6951], [""tsito-"", -23.6951]]"
iΘwajajai	puk	-19.9398	"[[""puk"", -19.9398], [""buk"", -19.9398], [""kukok"", -20.1234], [""kuka-"", -21.2096], [""moːus"", -21.3292], [""wsta-"", -21.3428], [""tutra-"", -21.6217], [""wits-"", -21.8046], [""helũk"", -22.0724], [""awkufo-(d)"", -22.1086]]"
iΘwajajain	witsn	-22.8154	"[[""witsn"", -22.8154], [""tutra-"", -22.882], [""awkufo-(d)"", -23.0933], [""laftsn"", -23.3242], [""pitotsn"", -23.395], [""nã=kukod"", -23.4143], [""kud"", -23.4467], [""puk"", -23.4473], [""buk"", -23.4473], [""kukok"", -23.5798]]"
iΘwajajaj	puk	-19.9395	"[[""puk"", -19.9395], [""buk"", -19.9395], [""kofuu"", -20.0603], [""kukok"", -20.1233], [""kuka-"", -21.2094], [""moːus"", -21.3279], [""wsta-"", -21.3428], [""tutra-"", -21.6215], [""wits-"", -21.8046], [""helũk"", -22.0719]]"
iΘwajajaja	kukok	-21.9652	"[[""kukok"", -21.9652], [""kusedus pusedus"", -21.9997], [""buk"", -22.7551], [""puk"", -22.7551], [""kofuu"", -23.5644], [""moːus"", -23.6525], [""kuka-"", -23.994], [""wsta-"", -24.2137], [""tutra-"", -24.3782], [""awkufo-(d)"", -24.4615]]"
iΘwajajas	puk	-19.9398	"[[""puk"", -19.9398], [""buk"", -19.9398], [""kukok"", -20.1234], [""kuka-"", -20.2626], [""wiɕɕi"", -20.4037], [""weɕfa"", -20.4037], [""ɡuɡiɕa"", -20.4624], [""wsta-"", -20.4863], [""sfa"", -21.0331], [""moːus"", -21.3292]]"
iΘwajajasa	kuka-	-20.0849	"[[""kuka-"", -20.0849], [""kudkit"", -20.2597], [""wsta-"", -20.3679], [""kulumsis"", -21.0409], [""tsfisa-"", -21.8561], [""kukok"", -21.9792], [""tutra-"", -22.9072], [""buk"", -22.9374], [""puk"", -22.9374], [""[k]asa-"", -23.2032]]"
iΘwajas	buk	-14.0214	"[[""buk"", -14.0214], [""puk"", -14.0214], [""wsta-"", -14.7887], [""kuka-"", -14.8075], [""wiɕɕi"", -14.9156], [""weɕfa"", -14.9157], [""ɡuɡiɕa"", -15.0631], [""sfa"", -15.1126], [""=ms"", -15.5046], [""moːus"", -16.0662]]"
iΘwajase	wsta-	-14.4572	"[[""wsta-"", -14.4572], [""kuka-"", -14.4605], [""buk"", -17.5286], [""puk"", -17.5286], [""tutra-"", -17.68], [""witsi-"", -17.7662], [""masta-"", -17.7662], [""piʃta-"", -17.7662], [""wesfa-"", -17.7663], [""sfa-"", -17.9637]]"
iΘwajasek	wsta-	-17.2816	"[[""wsta-"", -17.2816], [""kuka-"", -17.2847], [""tutra-"", -20.5014], [""piʃta-"", -20.5907], [""masta-"", -20.5907], [""witsi-"", -20.5907], [""wesfa-"", -20.5908], [""tfi-"", -20.7881], [""sfa-"", -20.7881], [""puk"", -21.0358]]"
iΘwajaseka	wsta-	-20.3855	"[[""wsta-"", -20.3855], [""kuka-"", -20.3891], [""kudkit"", -22.0066], [""kʷe(si)=k"", -22.8004], [""kʷi=k"", -22.9324], [""kukok"", -23.0707], [""tutra-"", -23.5807], [""wesfa-"", -23.6927], [""masta-"", -23.6931], [""piʃta-"", -23.6931]]"
iΘwajat	buk	-14.0214	"[[""buk"", -14.0214], [""puk"", -14.0214], [""=ms"", -15.5046], [""wsta-"", -16.0543], [""moːus"", -16.0662], [""kuka-"", -16.1155], [""mu-"", -16.1954], [""helũk"", -16.3662], [""kukok"", -16.3895], [""wits-"", -16.6264]]"
iΘwajatu	buk	-17.5286	"[[""buk"", -17.5286], [""puk"", -17.5286], [""wsta-"", -18.7836], [""kuka-"", -18.8322], [""=ms"", -19.0122], [""tutra-"", -19.2173], [""mu-"", -19.3009], [""wits-"", -19.4739], [""moːus"", -19.5732], [""kukok"", -19.5979]]"
iΘwajatur	puk	-21.0358	"[[""puk"", -21.0358], [""buk"", -21.0358], [""wsta-"", -21.7312], [""kuka-"", -21.7746], [""tutra-"", -22.0335], [""awkufo-(d)"", -22.2295], [""=ms"", -22.5198], [""mu-"", -22.5226], [""wits-"", -22.5865], [""kukok"", -22.8698]]"
iΘwajaturu	puk	-24.543	"[[""puk"", -24.543], [""buk"", -24.543], [""awkufo-(d)"", -24.7192], [""wsta-"", -24.8014], [""kuka-"", -24.8421], [""tutra-"", -25.0265], [""mu-"", -25.8081], [""wits-"", -25.8111], [""=ms"", -26.0274], [""kukok"", -26.1821]]"
jaa	=k	-5.2711	"[[""=k"", -5.2711], [""iʃt"", -6.2721], [""ist"", -6.2721], [""eʃt"", -6.2721], [""buk"", -6.2738], [""puk"", -6.2738], [""kukok"", -6.7357], [""sof"", -6.8408], [""fak"", -6.8408], [""kot"", -6.8408]]"
jaad	tso-	-7.4782	"[[""tso-"", -7.4782], [""=k"", -8.7778], [""sfa-"", -9.0846], [""tfi-"", -9.0846], [""tse-"", -9.0846], [""esk-"", -9.1118], [""kukok"", -9.4172], [""tis-"", -9.6437], [""kat-"", -9.6437], [""kot"", -9.7098]]"
jaadi	tso-	-7.044	"[[""tso-"", -7.044], [""takto-"", -9.7812], [""sfato-"", -9.791], [""tsito-"", -9.791], [""iʃko-"", -9.815], [""sako-"", -10.3831], [""arkto-"", -10.46], [""ʃanto-"", -10.5124], [""tfi-"", -11.797], [""sfa-"", -11.797]]"
jaadik	tso-	-9.8677	"[[""tso-"", -9.8677], [""takto-"", -12.6049], [""tsito-"", -12.613], [""sfato-"", -12.613], [""iʃko-"", -12.6388], [""kowe"", -13.1886], [""sako-"", -13.2068], [""arkto-"", -13.2838], [""ʃanto-"", -13.3361], [""tse-"", -13.6236]]"
jaadiki	tso-	-12.9727	"[[""tso-"", -12.9727], [""tse-"", -13.3603], [""kʷe-"", -14.6283], [""tsuwe-"", -15.7055], [""tsuve-"", -15.7055], [""takto-"", -15.7094], [""tsito-"", -15.7151], [""sfato-"", -15.7151], [""iʃko-"", -15.7438], [""ʃe-"", -16.1814]]"
jaadikit	tse-	-16.1864	"[[""tse-"", -16.1864], [""tso-"", -16.1939], [""kʷe-"", -17.4529], [""tsuwe-"", -18.5304], [""tsuve-"", -18.5304], [""takto-"", -18.9301], [""tsito-"", -18.9327], [""sfato-"", -18.9327], [""iʃko-"", -18.9649], [""ʃe-"", -19.0083]]"
jaadikite	tse-	-19.2924	"[[""tse-"", -19.2924], [""tso-"", -19.4789], [""kʷe-"", -20.558], [""tsuwe-"", -21.6352], [""tsuve-"", -21.6352], [""tseʃi-"", -22.014], [""ʃe-"", -22.1147], [""kʷeːn-"", -22.1691], [""tsito-"", -22.2136], [""sfato-"", -22.2136]]"
jaadikites	tse-	-22.5143	"[[""tse-"", -22.5143], [""tso-"", -22.8044], [""kʷe-"", -23.779], [""tsuve-"", -24.8555], [""tsuwe-"", -24.8555], [""tseʃi-"", -24.9444], [""kʷeːn-"", -24.9967], [""tsato-(d)"", -25.2631], [""luko-(d)"", -25.2904], [""aktʰα-"", -25.3167]]"
jaaj	kofu	-6.8387	"[[""kofu"", -6.8387], [""=k"", -8.7778], [""tse-"", -9.0846], [""tfi-"", -9.0846], [""tso-"", -9.0846], [""sfa-"", -9.0846], [""esk-"", -9.1118], [""kofuu"", -9.5487], [""kat-"", -9.6437], [""tis-"", -9.6437]]"
jaaja	kukok	-9.0366	"[[""kukok"", -9.0366], [""kuka-"", -9.7233], [""tsuni-"", -9.7675], [""tsuve-"", -9.7675], [""tsuwe-"", -9.7675], [""kʷisk"", -10.2468], [""kofu"", -10.3418], [""taats"", -10.4568], [""kʷi=k"", -11.0512], [""=k"", -11.4438]]"
jad	=k	-6.36	"[[""=k"", -6.36], [""puk"", -6.9811], [""buk"", -6.9811], [""kukok"", -7.474], [""kot"", -7.5321], [""sof"", -7.5321], [""tro"", -7.5343], [""kofu"", -7.6624], [""kowe"", -7.6662], [""u-(d)"", -8.3735]]"
jadi	tso-	-9.3814	"[[""tso-"", -9.3814], [""sako-"", -9.799], [""umno-"", -9.805], [""=k"", -9.8641], [""kukok"", -10.3399], [""u-(d)"", -10.3729], [""sof"", -10.4011], [""kot"", -10.4011], [""iʃko-"", -10.4038], [""tulo-"", -10.4456]]"
jadik	kowe	-10.3873	"[[""kowe"", -10.3873], [""tso-"", -12.2044], [""kʷe-"", -12.4313], [""luko-(d)"", -12.5249], [""kʷel-"", -12.5406], [""ko-(t)"", -12.5547], [""tase"", -12.5704], [""kʷen"", -12.5996], [""sako-"", -12.621], [""umno-"", -12.6288]]"
jadiki	kʷe-	-12.0335	"[[""kʷe-"", -12.0335], [""ʃe-"", -13.3669], [""kowe"", -13.8806], [""luko-(d)"", -14.531], [""ko-(t)"", -14.5619], [""kʷel-"", -14.749], [""kʷeːn-"", -14.7908], [""tse-"", -15.1899], [""tso-"", -15.3024], [""kʷen"", -15.4291]]"
jadikit	kʷe-	-14.8575	"[[""kʷe-"", -14.8575], [""ʃe-"", -16.1929], [""kʷeːn-"", -16.9621], [""luko-(d)"", -16.9815], [""ko-(t)"", -17.0127], [""kowe"", -17.3737], [""kʷel-"", -17.4694], [""tʰesa-"", -17.8756], [""kʷela-"", -17.8758], [""tse-"", -18.0281]]"
jadikitu	kʷe-	-17.9623	"[[""kʷe-"", -17.9623], [""ʃe-"", -19.299], [""kʷeːn-"", -19.5749], [""luko-(d)"", -19.6646], [""ko-(t)"", -19.6959], [""kʷel-"", -20.4105], [""tʰesa-"", -20.6924], [""kʷela-"", -20.6926], [""kʷe(si)-"", -20.8274], [""kowe"", -20.8666]]"
jadikituj	kʷe-	-21.183	"[[""kʷe-"", -21.183], [""kʷeːn-"", -22.4019], [""luko-(d)"", -22.4939], [""ʃe-"", -22.5209], [""ko-(t)"", -22.5252], [""kʷe(si)-"", -22.9278], [""kofuu"", -23.3012], [""kofu"", -23.3337], [""kʷel-"", -23.475], [""tʰesa-"", -23.6852]]"
jadikituja	kʷe(si)=k	-22.9156	"[[""kʷe(si)=k"", -22.9156], [""ko-(t)"", -24.3517], [""kʷe-"", -24.4675], [""kʷelis"", -25.0059], [""kukok"", -25.0522], [""sof"", -25.2249], [""kot"", -25.2249], [""moːus"", -25.2853], [""kʷe(si)-"", -25.2876], [""kʷeːn-"", -25.3582]]"
jai	=k	-6.36	"[[""=k"", -6.36], [""buk"", -6.9811], [""puk"", -6.9811], [""u-(d)"", -8.3735], [""=tlː"", -8.44], [""una-"", -8.703], [""kuka-"", -9.0247], [""kat-"", -9.0879], [""tis-"", -9.0879], [""ʃi-"", -9.1032]]"
jain	un	-7.009	"[[""un"", -7.009], [""u-(d)"", -8.9048], [""kʷen"", -9.0986], [""kud"", -9.3617], [""=tlː"", -9.6222], [""kan"", -9.7383], [""sav"", -9.7383], [""ʃawn"", -9.7752], [""tamn"", -9.7752], [""=k"", -9.8641]]"
jainw	u-(d)	-8.5037	"[[""u-(d)"", -8.5037], [""=tlː"", -9.2108], [""tarb"", -9.7363], [""un"", -10.5162], [""uwe-(d)"", -11.871], [""kʷel-"", -11.9379], [""kʷeːn-"", -11.9648], [""Mlːim"", -12.1822], [""sakn-"", -12.2118], [""tutra-"", -12.4772]]"
jainwa	u-(d)	-11.3245	"[[""u-(d)"", -11.3245], [""=ms"", -12.0022], [""=tlː"", -12.0341], [""kʷalmlus"", -12.5628], [""tarp-"", -12.5924], [""ʃawls"", -13.231], [""tarb"", -13.2434], [""lewɕ"", -13.8507], [""kʷi=k"", -13.898], [""trfãn"", -13.9772]]"
jainwaz	tavsa	-14.321	"[[""tavsa"", -14.321], [""tansa"", -14.321], [""u-(d)"", -14.4249], [""trfãn"", -14.9473], [""fra"", -15.1107], [""sfa"", -15.1124], [""=tlː"", -15.1377], [""tarp-"", -15.4156], [""=ms"", -15.5094], [""kʷalmlus"", -16.0654]]"
jainwaza	kulumsis	-13.7827	"[[""kulumsis"", -13.7827], [""kudkit"", -13.9465], [""Sãntas"", -15.893], [""tʰorsa-"", -16.5027], [""=mas"", -16.5961], [""tawsa-"", -16.7904], [""=nak"", -16.875], [""kʷelis"", -17.0939], [""tarplati-"", -17.1057], [""satit"", -17.122]]"
jainwazaΦ	ʃarpta-(t)	-16.8825	"[[""ʃarpta-(t)"", -16.8825], [""kulumsis"", -17.2897], [""kudkit"", -17.4535], [""tʰorsa-"", -19.3255], [""Sãntas"", -19.4], [""tawsa-"", -19.613], [""tarplati-"", -19.8957], [""kʷãn-(t)"", -19.963], [""sfarwa-"", -19.982], [""tarta-"", -19.9928]]"
jainwazaΦn	trfãn	-18.6083	"[[""trfãn"", -18.6083], [""ʃarpta-(t)"", -19.5864], [""kulumsis"", -20.7968], [""kudkit"", -20.9606], [""ʃlːẽtsad"", -20.9634], [""kafolːtsn"", -21.673], [""srfast(i)-"", -22.0681], [""kʷardolːtsn"", -22.2173], [""kʷrata-(d)"", -22.2907], [""trf(i)-"", -22.4206]]"
jaj	kofu	-6.2578	"[[""kofu"", -6.2578], [""=k"", -6.36], [""kup-"", -6.9173], [""kud"", -6.9501], [""buk"", -6.9785], [""puk"", -6.9785], [""u-(d)"", -8.3697], [""=tlː"", -8.44], [""kuka-"", -8.6502], [""una-"", -8.6932]]"
jaja	kukok	-6.2515	"[[""kukok"", -6.2515], [""kuka-"", -6.9141], [""=k"", -8.4937], [""puk"", -8.8871], [""buk"", -8.8871], [""kup-"", -9.0996], [""kʷi=k"", -9.1143], [""kudkit"", -9.2943], [""tutra-"", -9.6261], [""kʷisk"", -9.6448]]"
jajaa	kukok	-6.8347	"[[""kukok"", -6.8347], [""kuka-"", -8.8748], [""kʷisk"", -9.0768], [""tutra-"", -9.7367], [""taats"", -9.7653], [""kudkit"", -10.1401], [""kʷi=k"", -11.0502], [""=k"", -11.3114], [""puk"", -11.8048], [""buk"", -11.8048]]"
jajad	kukok	-7.526	"[[""kukok"", -7.526], [""kuka-"", -9.0971], [""tutra-"", -9.7649], [""tutrlo-"", -10.8165], [""tso-"", -10.9754], [""kup-"", -11.8108], [""=k"", -12.0006], [""tulo-"", -12.0432], [""puk"", -12.3945], [""buk"", -12.3945]]"
jajadi	kukok	-10.3952	"[[""kukok"", -10.3952], [""tutrlo-"", -10.5043], [""tso-"", -10.55], [""kuka-"", -11.8147], [""tutra-"", -12.1993], [""sulːo-"", -12.6308], [""sfato-"", -12.8762], [""tsito-"", -12.8762], [""takto-"", -12.8773], [""tulo-"", -13.1495]]"
jajadik	tutrlo-	-13.3244	"[[""tutrlo-"", -13.3244], [""tso-"", -13.3739], [""kukok"", -13.516], [""kuka-"", -14.7575], [""tutra-"", -15.0161], [""sulːo-"", -15.4521], [""sfato-"", -15.6988], [""tsito-"", -15.6988], [""takto-"", -15.7011], [""awkufo-(d)"", -15.9702]]"
jajadiki	tutrlo-	-16.4237	"[[""tutrlo-"", -16.4237], [""tso-"", -16.4789], [""kukok"", -16.7453], [""tse-"", -16.8664], [""kuka-"", -17.8253], [""kʷe-"", -17.9533], [""awkufo-(d)"", -17.9764], [""tutra-"", -18.0094], [""sulːo-"", -18.5517], [""tsito-"", -18.802]]"
jajadikit	tutrlo-	-19.6377	"[[""tutrlo-"", -19.6377], [""tse-"", -19.6926], [""tso-"", -19.7001], [""kukok"", -20.0352], [""awkufo-(d)"", -20.4268], [""kʷe-"", -20.7786], [""kuka-"", -20.9726], [""tutra-"", -21.1059], [""sulːo-"", -21.7654], [""tsuve-"", -21.9192]]"
jajadikitu	tse-	-22.7987	"[[""tse-"", -22.7987], [""tutrlo-"", -22.9144], [""tso-"", -22.9851], [""awkufo-(d)"", -23.11], [""kukok"", -23.364], [""kʷe-"", -23.884], [""kuka-"", -24.1751], [""tutra-"", -24.2702], [""tsuve-"", -25.0249], [""tsuwe-"", -25.0249]]"
jajai	kuka-	-9.0971	"[[""kuka-"", -9.0971], [""kukok"", -9.3547], [""tutra-"", -9.7649], [""kup-"", -11.8108], [""=k"", -12.0006], [""tutrlo-"", -12.0182], [""tulo-"", -12.2011], [""puk"", -12.3945], [""buk"", -12.3945], [""kudkit"", -12.4929]]"
jajain	tutra-	-10.3199	"[[""tutra-"", -10.3199], [""kud"", -10.5115], [""kuka-"", -11.8147], [""tutrlo-"", -12.4412], [""kukok"", -12.568], [""sfard"", -13.2407], [""un"", -13.3321], [""tulo-"", -13.6869], [""witsn"", -13.9188], [""u-(d)"", -13.9941]]"
jajainw	tutra-	-12.5611	"[[""tutra-"", -12.5611], [""tutrlo-"", -13.1534], [""u-(d)"", -13.627], [""kud"", -14.0187], [""kuka-"", -14.7575], [""=tlː"", -14.8494], [""tarb"", -15.6779], [""kukok"", -15.8428], [""awkufo-(d)"", -15.9475], [""tulo-"", -16.0133]]"
jajainwa	tutra-	-15.2943	"[[""tutra-"", -15.2943], [""tutrlo-"", -15.6159], [""kukok"", -16.0538], [""kudkit"", -16.3378], [""u-(d)"", -16.4505], [""kulumsis"", -16.5825], [""kup-"", -16.8634], [""kud"", -17.5258], [""=tlː"", -17.6743], [""kuka-"", -17.7846]]"
jajainwaz	tutra-	-17.7211	"[[""tutra-"", -17.7211], [""kulumsis"", -18.1743], [""kudkit"", -18.2926], [""tutrlo-"", -18.4427], [""kukok"", -19.5467], [""u-(d)"", -19.5542], [""kup-"", -19.6915], [""ksplːtalː"", -20.2051], [""tavsa"", -20.2575], [""tansa"", -20.2575]]"
jajainwaza	kulumsis	-14.9088	"[[""kulumsis"", -14.9088], [""kudkit"", -15.1055], [""tutra-"", -17.9399], [""sfarwa-"", -20.6378], [""kuka-"", -20.7522], [""tutrlo-"", -21.4411], [""tsfisa-"", -21.7579], [""tʰorsa-"", -21.9518], [""kukok"", -21.9998], [""kumlilis"", -22.0478]]"
jajaj	kuka-	-9.0962	"[[""kuka-"", -9.0962], [""kukok"", -9.3536], [""kofu"", -9.68], [""kofuu"", -9.6971], [""tutra-"", -9.764], [""kup-"", -11.6088], [""=k"", -12.0006], [""tutrlo-"", -12.0174], [""tulo-"", -12.1818], [""kud"", -12.382]]"
jajaja	kukok	-9.6507	"[[""kukok"", -9.6507], [""kuka-"", -11.5134], [""tutra-"", -12.1684], [""kʷisk"", -12.5256], [""kudkit"", -12.9364], [""kofuu"", -13.1719], [""kofu"", -13.1847], [""tsuni-"", -13.2578], [""tsuve-"", -13.2578], [""tsuwe-"", -13.2578]]"
jajajaw	kukok	-13.1059	"[[""kukok"", -13.1059], [""tsuwe-"", -13.8201], [""kuka-"", -14.1933], [""tutra-"", -14.605], [""tsuve-"", -15.6956], [""tsuni-"", -15.6956], [""tsa-(t)"", -15.8593], [""kʷisk"", -16.0285], [""kup-"", -16.081], [""kudkit"", -16.3756]]"
jajajawa	kukok	-14.9631	"[[""kukok"", -14.9631], [""kup-"", -15.7766], [""kulumsis"", -15.8841], [""tsuwe-"", -16.0616], [""istup-"", -16.1003], [""iʃkupto-"", -16.6568], [""kuka-"", -17.0357], [""tutra-"", -17.3671], [""kʷisk"", -17.667], [""kusedus pusedus"", -18.0345]]"
jajas	kuka-	-7.7908	"[[""kuka-"", -7.7908], [""sfa"", -8.0999], [""kukok"", -9.3547], [""tutra-"", -9.6104], [""fata"", -10.7754], [""tesa"", -10.8023], [""vsta"", -10.8556], [""tavsa"", -10.864], [""tansa"", -10.864], [""fa"", -10.9194]]"
jajasa	kuka-	-7.4429	"[[""kuka-"", -7.4429], [""kudkit"", -7.9819], [""kukok"", -9.7038], [""kulumsis"", -10.385], [""tutra-"", -10.6602], [""satit"", -10.7467], [""titiɕ"", -10.7467], [""fak"", -10.9144], [""kat"", -10.9144], [""sfa-"", -10.9482]]"
jajasas	kuka-	-10.2504	"[[""kuka-"", -10.2504], [""kudkit"", -11.4853], [""fata"", -12.0042], [""tsati-"", -12.3648], [""kukok"", -13.1833], [""tutra-"", -13.425], [""[k]asa-"", -13.6427], [""fẽnstifi"", -13.6799], [""sfato-"", -13.6952], [""tsito-"", -13.6952]]"
jajasasa	satit	-11.9989	"[[""satit"", -11.9989], [""titiɕ"", -11.9989], [""tsati-"", -12.0354], [""kuka-"", -12.8598], [""kudkit"", -13.2257], [""[k]asa-"", -13.5113], [""tsfisa-"", -13.5748], [""kʷisk"", -13.7502], [""kʷaʃa-"", -14.1866], [""fasiʃa-"", -14.2977]]"
jajasasar	tsati-	-14.8545	"[[""tsati-"", -14.8545], [""tsaʃi-(t)"", -15.2194], [""titiɕ"", -15.5059], [""satit"", -15.5059], [""kuka-"", -15.9014], [""tsfisa-"", -16.2041], [""[k]asa-"", -16.3304], [""tsa-(t)"", -16.5383], [""kudkit"", -16.7329], [""fasiʃa-"", -16.8642]]"
jajasasara	tsaʃi-(t)	-17.4187	"[[""tsaʃi-(t)"", -17.4187], [""estsats"", -17.7861], [""tsati-"", -17.9522], [""titiɕ"", -18.314], [""satit"", -18.314], [""taats"", -18.9849], [""kʷisk"", -18.9933], [""kuka-"", -19.0918], [""tsfisa-"", -19.0935], [""tsa-(t)"", -19.3029]]"
jajaw	kuka-	-9.0971	"[[""kuka-"", -9.0971], [""kukok"", -9.3547], [""tutra-"", -9.7649], [""kup-"", -10.2747], [""=k"", -12.0006], [""tutrlo-"", -12.0182], [""tulo-"", -12.2011], [""puk"", -12.3885], [""buk"", -12.3885], [""tsuwe-"", -12.3967]]"
jajawa	kukok	-9.7038	"[[""kukok"", -9.7038], [""kup-"", -9.86], [""kuka-"", -11.7075], [""=ms"", -12.0005], [""kulumsis"", -12.1015], [""tutra-"", -12.1895], [""kʷisk"", -12.5256], [""kudkit"", -13.0019], [""istup-"", -13.1616], [""tsiw-"", -13.1706]]"
jar	=k	-6.36	"[[""=k"", -6.36], [""buk"", -6.9811], [""puk"", -6.9811], [""u-(d)"", -8.3735], [""=tlː"", -8.44], [""una-"", -8.703], [""kuka-"", -9.0247], [""kat-"", -9.0879], [""tis-"", -9.0879], [""ʃi-"", -9.1032]]"
jare	=k	-9.8641	"[[""=k"", -9.8641], [""u-(d)"", -10.3729], [""puk"", -10.4881], [""buk"", -10.4881], [""=tlː"", -11.1453], [""kʷi-"", -11.2904], [""kʷe-"", -11.2904], [""una-"", -11.5182], [""kat-"", -11.6953], [""tis-"", -11.6953]]"
jared	u-(d)	-12.8212	"[[""u-(d)"", -12.8212], [""=k"", -13.3674], [""tro"", -13.504], [""kʷe-"", -13.9025], [""kʷi-"", -13.9025], [""puk"", -13.9951], [""buk"", -13.9951], [""=tlː"", -14.077], [""kukok"", -14.3302], [""sof"", -14.441]]"
jaredi	u-(d)	-15.5034	"[[""u-(d)"", -15.5034], [""sulːo-"", -15.6648], [""tso-"", -15.8216], [""umno-"", -16.0859], [""sako-"", -16.1009], [""tutrlo-"", -16.3], [""tulo-"", -16.3482], [""kʷi-"", -16.7294], [""kʷe-"", -16.7294], [""=k"", -16.8699]]"
jaredij	kofu	-17.3167	"[[""kofu"", -17.3167], [""kofuu"", -17.4223], [""u-(d)"", -18.3321], [""sulːo-"", -18.4853], [""tso-"", -18.6736], [""umno-"", -18.9158], [""sako-"", -18.9283], [""tutrlo-"", -19.1262], [""tulo-"", -19.168], [""luko-(d)"", -19.4238]]"
jaredija	kukok	-17.9903	"[[""kukok"", -17.9903], [""sof"", -18.2141], [""kot"", -18.2141], [""moːus"", -19.292], [""kʷi=k"", -19.6817], [""ko-(t)"", -20.0708], [""kofu"", -20.4743], [""kofuu"", -20.5248], [""kʷalmlus"", -20.7006], [""kuka-"", -20.902]]"
jaret	u-(d)	-12.8212	"[[""u-(d)"", -12.8212], [""=k"", -13.3674], [""kʷi-"", -13.9025], [""kʷe-"", -13.9025], [""buk"", -13.9951], [""puk"", -13.9951], [""=tlː"", -14.077], [""una-"", -14.5108], [""tis-"", -14.6175], [""kat-"", -14.6175]]"
jareta	kʷi=k	-13.898	"[[""kʷi=k"", -13.898], [""kʷisk"", -14.9693], [""=k"", -15.1062], [""u-(d)"", -15.5034], [""=(i)s"", -15.5074], [""kukok"", -15.8717], [""kot"", -16.0598], [""fak"", -16.0598], [""kat"", -16.0598], [""sof"", -16.0598]]"
jas	ti	-4.5984	"[[""ti"", -4.5984], [""fa"", -4.5984], [""=k"", -6.36], [""sfa"", -6.9316], [""fata"", -6.9571], [""buk"", -6.9811], [""puk"", -6.9811], [""tesa"", -7.3493], [""kana"", -7.379], [""eta"", -7.3838]]"
jasa	kat	-4.5962	"[[""kat"", -4.5962], [""fak"", -4.5962], [""titiɕ"", -6.6722], [""satit"", -6.6722], [""=ãk"", -6.7656], [""=iʃ"", -6.7656], [""isas"", -7.3522], [""kuka-"", -7.3845], [""Sãntas"", -7.3974], [""ʃi-"", -7.4485]]"
jasas	fata	-5.6889	"[[""fata"", -5.6889], [""kat-"", -7.4511], [""tis-"", -7.4511], [""sfa"", -8.0972], [""fak"", -8.1015], [""kat"", -8.1015], [""satit"", -8.8161], [""titiɕ"", -8.8161], [""tafa-"", -8.8719], [""tasa-"", -8.8719]]"
jasasa	titiɕ	-5.6864	"[[""titiɕ"", -5.6864], [""satit"", -5.6864], [""tafa-"", -8.5358], [""tasa-"", -8.5358], [""fasiʃa-"", -8.9078], [""isas"", -9.1765], [""fata"", -9.1861], [""fak"", -10.2267], [""kat"", -10.2267], [""kat-"", -10.2504]]"
jasasar	titiɕ	-9.1932	"[[""titiɕ"", -9.1932], [""satit"", -9.1932], [""fasiʃa-"", -11.1766], [""tafa-"", -11.3561], [""tasa-"", -11.3561], [""tis-"", -12.6833], [""kat-"", -12.6833], [""isas"", -12.6835], [""fata"", -12.6835], [""tsati-"", -12.9891]]"
jasasara	titiɕ	-11.9985	"[[""titiɕ"", -11.9985], [""satit"", -11.9985], [""taats"", -12.6701], [""katʰtʰirs"", -13.6935], [""kʷisk"", -13.7278], [""fasiʃa-"", -13.8253], [""tasa-"", -14.4556], [""tafa-"", -14.4556], [""estsats"", -14.8224], [""isas"", -15.4942]]"
jasasaram	titiɕ	-15.5059	"[[""titiɕ"", -15.5059], [""satit"", -15.5059], [""fabatko"", -15.7066], [""tsaʃi-(t)"", -16.0444], [""taats"", -16.1764], [""tsa-(t)"", -16.5412], [""fasiʃa-"", -16.6744], [""katʰtʰirs"", -17.1754], [""kʷisk"", -17.2342], [""takto-"", -17.3718]]"
jasasarama	takto-	-17.0458	"[[""takto-"", -17.0458], [""tsito-"", -17.944], [""sfato-"", -17.944], [""katʰtʰirs"", -18.174], [""aɕtrkoɕ"", -18.3709], [""taats"", -18.5901], [""satit"", -18.5931], [""titiɕ"", -18.5931], [""tsaʃi-(t)"", -18.8077], [""fabatko"", -19.2092]]"
jasasarame	takto-	-17.0471	"[[""takto-"", -17.0471], [""sfato-"", -17.9445], [""tsito-"", -17.9445], [""tsaʃi-(t)"", -18.8684], [""titiɕ"", -19.0133], [""satit"", -19.0133], [""fabatko"", -19.2128], [""tsa-(t)"", -19.3735], [""fasiʃa-"", -19.6714], [""taats"", -19.6827]]"
jasau	tis-	-7.4521	"[[""tis-"", -7.4521], [""kat-"", -7.4521], [""fak"", -8.1033], [""kat"", -8.1033], [""titiɕ"", -9.9536], [""satit"", -9.9536], [""tafa-"", -10.139], [""tasa-"", -10.139], [""sako-"", -10.1954], [""sakn-"", -10.1954]]"
jasaun	tis-	-10.2755	"[[""tis-"", -10.2755], [""kat-"", -10.2755], [""katosn"", -10.463], [""fiʃfid"", -10.8263], [""taɕẽv"", -10.8294], [""sakn-"", -11.3706], [""kaʃno-"", -11.4165], [""sav"", -11.5997], [""kan"", -11.5997], [""fak"", -11.6103]]"
jasauna	sakn-	-10.9539	"[[""sakn-"", -10.9539], [""katʰtʰirs"", -12.3696], [""ta-(d)"", -13.0919], [""tis-"", -13.3753], [""kat-"", -13.3753], [""kaʃno-"", -13.6571], [""u-(d)"", -13.7894], [""ʃawls"", -13.8076], [""satit"", -13.8841], [""titiɕ"", -13.8841]]"
jasaunak	fakarse	-10.7969	"[[""fakarse"", -10.7969], [""sakn-"", -13.7779], [""tase"", -14.4156], [""karʃ-"", -14.4496], [""kave"", -15.1038], [""katʰtʰirs"", -15.8332], [""ta-(d)"", -15.9128], [""sfatrtʰa-"", -15.9974], [""tis-"", -16.3742], [""kat-"", -16.3742]]"
jasaunaka	fakarse	-14.3032	"[[""fakarse"", -14.3032], [""katʰtʰirs"", -16.4185], [""sakn-"", -16.8828], [""karʃ-"", -17.2667], [""timleɕ"", -17.3105], [""tase"", -17.9224], [""sfatrtʰa-"", -18.1587], [""ãntʰẽt"", -18.2082], [""karfto-"", -18.3996], [""ʃarẽta-"", -18.5133]]"
jasaunakan	kafolːtsn	-16.3977	"[[""kafolːtsn"", -16.3977], [""fatinẽd"", -17.7815], [""fakarse"", -17.8093], [""taɕẽv"", -17.9186], [""karʃe-(d)"", -19.4285], [""ʃlːẽtsad"", -19.5958], [""katosn"", -19.7547], [""katʰtʰirs"", -19.779], [""fakorfid"", -19.8731], [""karʃ-"", -20.0908]]"
jase	kuka-	-7.3887	"[[""kuka-"", -7.3887], [""ʃi-"", -7.4499], [""ti"", -8.1038], [""fa"", -8.1038], [""sfa-"", -9.7552], [""tfi-"", -9.7552], [""tasa-"", -9.7889], [""tafa-"", -9.7889], [""=k"", -9.8641], [""una-"", -10.0007]]"
jasek	kuka-	-10.2127	"[[""kuka-"", -10.2127], [""ʃi-"", -10.2742], [""tase"", -10.7113], [""kave"", -10.7516], [""fa"", -11.6092], [""ti"", -11.6092], [""kʷe-"", -12.4313], [""tafa-"", -12.4613], [""tasa-"", -12.4613], [""kʷel-"", -12.5406]]"
jaseka	kaweɕ	-10.7496	"[[""kaweɕ"", -10.7496], [""timleɕ"", -10.8595], [""fak"", -11.605], [""kat"", -11.605], [""kʷe-"", -12.0335], [""=(i)s"", -12.4017], [""ãntʰẽt"", -12.4383], [""tʰesa-"", -12.5959], [""kʷelis"", -12.6399], [""kʷi=k"", -13.0356]]"
jasekan	kʷen	-12.6835	"[[""kʷen"", -12.6835], [""katosn"", -13.6646], [""taɕẽv"", -13.8479], [""fẽtamn"", -13.9809], [""kaweɕ"", -14.2567], [""tawɕẽn"", -14.3102], [""timleɕ"", -14.3647], [""kat-"", -14.4549], [""tis-"", -14.4549], [""tʰesa-"", -14.7771]]"
jasekana	sakn-	-14.4586	"[[""sakn-"", -14.4586], [""kʷeːn-"", -14.8829], [""kʷel-"", -15.5372], [""ta-(d)"", -15.5539], [""kʷelis"", -16.0202], [""katʰtʰirs"", -16.0756], [""kʷen"", -16.1906], [""u-(d)"", -16.7929], [""ʃawls"", -17.0558], [""kaweɕ"", -17.058]]"
jasekanas	tavsa	-16.1949	"[[""tavsa"", -16.1949], [""tansa"", -16.1949], [""tesasta"", -17.2495], [""kʷela"", -17.2807], [""sakn-"", -17.2816], [""kʷeːn-"", -17.7058], [""tesa"", -17.9259], [""sareta"", -17.9477], [""karʃ-"", -17.952], [""kʷel-"", -18.3617]]"
jasekanasi	tarta-	-19.0463	"[[""tarta-"", -19.0463], [""tavɕa-"", -19.0463], [""kasta-"", -19.0491], [""tʰesa-"", -19.4328], [""tansa"", -19.7002], [""tavsa"", -19.7002], [""kʷela-"", -20.1251], [""sakn-"", -20.3863], [""sfatrtʰa-"", -20.6972], [""tesasta"", -20.7514]]"
jat	=k	-6.36	"[[""=k"", -6.36], [""buk"", -6.9811], [""puk"", -6.9811], [""u-(d)"", -8.3735], [""=tlː"", -8.44], [""una-"", -8.703], [""kuka-"", -9.0247], [""kat-"", -9.0879], [""tis-"", -9.0879], [""ʃi-"", -9.1032]]"
jata	=k	-8.4937	"[[""=k"", -8.4937], [""kʷi=k"", -9.1143], [""kukok"", -9.575], [""kʷisk"", -9.6448], [""kot"", -9.7098], [""sof"", -9.7098], [""kat"", -9.7098], [""fak"", -9.7098], [""iʃt"", -9.763], [""eʃt"", -9.763]]"
jatai	=k	-12.0006	"[[""=k"", -12.0006], [""tis-"", -12.4981], [""kat-"", -12.4981], [""ko-(t)"", -12.5251], [""tso-"", -12.5462], [""tfi-"", -12.5462], [""tse-"", -12.5462], [""sfa-"", -12.5462], [""esk-"", -12.5858], [""kʷi=k"", -12.609]]"
jataiΘ	tso-	-15.2763	"[[""tso-"", -15.2763], [""tfi-"", -15.2763], [""sfa-"", -15.2763], [""tse-"", -15.2763], [""ko-(t)"", -15.3379], [""tis-"", -15.3403], [""kat-"", -15.3403], [""esk-"", -15.4243], [""karʃ-"", -15.4461], [""u-(d)"", -15.5034]]"
jataiΘu	aktʰα-	-18.0366	"[[""aktʰα-"", -18.0366], [""tfi-"", -18.2243], [""tse-"", -18.2243], [""tso-"", -18.2243], [""sfa-"", -18.2243], [""u-(d)"", -18.3322], [""ko-(t)"", -18.4228], [""tis-"", -18.4427], [""kat-"", -18.4427], [""tsiw-"", -18.5156]]"
jataiΘuj	taakʷu	-18.5454	"[[""taakʷu"", -18.5454], [""kofu"", -20.1434], [""aktʰα-"", -20.3331], [""u-(d)"", -21.2622], [""tfi-"", -21.2946], [""sfa-"", -21.2946], [""tso-"", -21.2946], [""tse-"", -21.2946], [""tsiw-"", -21.5097], [""sfar-"", -21.5097]]"
jataiΘuja	taakʷu	-22.0509	"[[""taakʷu"", -22.0509], [""kʷi=k"", -22.404], [""kʷe(si)=k"", -22.4462], [""kʷisk"", -22.7512], [""kukok"", -22.9417], [""aktʰα-"", -22.9843], [""kʷalmlus"", -23.3915], [""katʰtʰirs"", -23.4748], [""tsa-(t)"", -23.5811], [""kofu"", -23.646]]"
jatu	=k	-9.8641	"[[""=k"", -9.8641], [""u-(d)"", -10.3729], [""puk"", -10.4881], [""buk"", -10.4881], [""=tlː"", -11.1453], [""kʷi-"", -11.2904], [""kʷe-"", -11.2904], [""una-"", -11.5182], [""kat-"", -11.6953], [""tis-"", -11.6953]]"
jatur	u-(d)	-12.8212	"[[""u-(d)"", -12.8212], [""=k"", -13.3674], [""kʷi-"", -13.9025], [""kʷe-"", -13.9025], [""buk"", -13.9951], [""puk"", -13.9951], [""=tlː"", -14.077], [""una-"", -14.5108], [""tis-"", -14.6175], [""kat-"", -14.6175]]"
jaturu	u-(d)	-15.5034	"[[""u-(d)"", -15.5034], [""kʷi-"", -16.7294], [""kʷe-"", -16.7294], [""=k"", -16.8699], [""=tlː"", -17.1341], [""kʷel-"", -17.3261], [""tinV-"", -17.3519], [""aktʰα-"", -17.4211], [""buk"", -17.502], [""puk"", -17.502]]"
jaturus	u-(d)	-18.3322	"[[""u-(d)"", -18.3322], [""ti"", -18.6164], [""fa"", -18.6164], [""kʷida"", -18.7806], [""kʷira"", -18.7806], [""kʷela"", -19.0959], [""kʷi-"", -19.1856], [""kʷe-"", -19.6859], [""kʷi=k"", -19.9735], [""kʷisk"", -20.0333]]"
jaturusa	fak	-18.6139	"[[""fak"", -18.6139], [""kat"", -18.6139], [""kʷelis"", -19.0936], [""kʷi=k"", -19.1377], [""kʷisk"", -19.2225], [""[k]asa-"", -19.223], [""kʷi-"", -19.4307], [""=ãk"", -19.7021], [""=iʃ"", -19.7021], [""kʷaʃa-"", -19.8784]]"
jaturusai	[k]asa-	-21.4655	"[[""[k]asa-"", -21.4655], [""kat-"", -21.4679], [""tis-"", -21.4679], [""kat"", -22.1209], [""fak"", -22.1209], [""kʷaʃa-"", -22.1213], [""kʷi-"", -22.2624], [""kʷisk"", -22.3748], [""kʷãn-(t)"", -22.5305], [""kʷi=k"", -22.5919]]"
jaturusaid	[k]asa-	-24.2051	"[[""[k]asa-"", -24.2051], [""kat-"", -24.2922], [""tis-"", -24.2922], [""kʷaʃa-"", -24.8611], [""kʷaʃãn-"", -25.2899], [""kʷãn-(t)"", -25.345], [""kʷi-"", -25.3685], [""ko-(t)"", -25.5625], [""kʷisk"", -25.6207], [""kat"", -25.628]]"
jaw	=k	-6.36	"[[""=k"", -6.36], [""kim"", -6.8955], [""puk"", -6.9518], [""buk"", -6.9518], [""tarb"", -6.9741], [""u-(d)"", -8.3735], [""=tlː"", -8.44], [""=ms"", -8.5632], [""una-"", -8.703], [""=mas"", -8.7397]]"
jawa	=ms	-5.6754	"[[""=ms"", -5.6754], [""=k"", -8.4937], [""=mas"", -9.0284], [""kup-"", -9.0998], [""kʷi=k"", -9.1143], [""puk"", -9.3617], [""buk"", -9.3617], [""kukok"", -9.575], [""kʷisk"", -9.6448], [""kot"", -9.7098]]"
jawaΦ	=ms	-9.1826	"[[""=ms"", -9.1826], [""kup-"", -11.9159], [""=k"", -12.0006], [""tsiw-"", -12.1849], [""umno-"", -12.1987], [""tawsa-"", -12.491], [""tis-"", -12.4981], [""kat-"", -12.4981], [""=mas"", -12.5088], [""ko-(t)"", -12.5251]]"
kan	e͂n	-2.8509	"[[""e͂n"", -2.8509], [""eʃ-"", -2.8526], [""ẽt-"", -2.8526], [""esan"", -3.388], [""etla-"", -3.4154], [""el"", -3.5027], [""es"", -3.5036], [""eɕ"", -3.5036], [""esk-"", -5.2057], [""eɕa-"", -5.5963]]"
kana	eʃt	-3.499	"[[""eʃt"", -3.499], [""etla-"", -5.5939], [""eʃ-"", -5.6681], [""ẽt-"", -5.6681], [""=tlː"", -5.7078], [""edkok"", -6.2498], [""es"", -6.3186], [""eɕ"", -6.3186], [""e͂n"", -6.3559], [""el-"", -6.3567]]"
kanas	esk-	-6.3501	"[[""esk-"", -6.3501], [""eʃt"", -7.0053], [""eta"", -7.4089], [""etla-"", -7.5078], [""trfãn"", -7.9355], [""tansa"", -7.9863], [""tavsa"", -7.9863], [""mẽtli"", -8.0685], [""weɕfa"", -8.0692], [""sfa"", -8.0999]]"
kanasi	etla-	-7.4355	"[[""etla-"", -7.4355], [""esk-"", -9.1753], [""eɕa-"", -10.2524], [""eʃa-"", -10.2524], [""eʃt"", -10.5116], [""trfãn"", -10.7892], [""tarta-"", -10.8377], [""tavɕa-"", -10.8377], [""tʰorsa-"", -10.8563], [""ẽtamni-"", -10.8945]]"
kanasis	etla-	-10.2554	"[[""etla-"", -10.2554], [""esk-"", -12.2807], [""ẽtwerʃ(i)-"", -12.6213], [""trf(i)-"", -12.6597], [""ed(i)-"", -13.0563], [""eʃa-"", -13.0729], [""eɕa-"", -13.0729], [""trfãn"", -13.6452], [""tarta-"", -13.6538], [""tavɕa-"", -13.6538]]"
kanasisi	etla-	-13.0821	"[[""etla-"", -13.0821], [""ẽtwerʃ(i)-"", -14.7957], [""trf(i)-"", -14.834], [""ed(i)-"", -15.4956], [""esk-"", -15.5021], [""eɕa-"", -15.9006], [""eʃa-"", -15.9006], [""ẽtamni-"", -16.248], [""tavɕa-"", -16.4695], [""tarta-"", -16.4695]]"
kanasisir	ẽtwerʃ(i)-	-15.8127	"[[""ẽtwerʃ(i)-"", -15.8127], [""trf(i)-"", -15.8506], [""etla-"", -16.1883], [""srfast(i)-"", -17.5167], [""ed(i)-"", -17.9589], [""esk-"", -18.7873], [""eʃa-"", -19.0071], [""eɕa-"", -19.0071], [""ẽtam(i)-"", -19.2487], [""ẽtamni-"", -19.2724]]"
ket	el-	-8.3337	"[[""el-"", -8.3337], [""eʃ-"", -8.3337], [""ẽt-"", -8.3337], [""e͂n"", -8.3525], [""eʃa-"", -8.703], [""ẽna-"", -8.703], [""eɕa-"", -8.703], [""esk-"", -8.703], [""ʃe-"", -9.1389], [""ena"", -9.3632]]"
keta	es	-7.009	"[[""es"", -7.009], [""eɕ"", -7.009], [""elːf"", -8.3297], [""=k"", -8.7831], [""eʃt"", -9.0817], [""esk-"", -10.1212], [""ẽt-"", -10.1341], [""eʃ-"", -10.1341], [""eɕa-"", -10.1852], [""eʃa-"", -10.1852]]"
ketan	e͂n	-8.7793	"[[""e͂n"", -8.7793], [""eʃ-"", -9.8598], [""ẽt-"", -9.8598], [""esan"", -10.3448], [""etla-"", -10.4264], [""el"", -10.5153], [""es"", -10.5162], [""eɕ"", -10.5162], [""esk-"", -11.68], [""elːf"", -11.7261]]"
ketana	eʃt	-10.5097	"[[""eʃt"", -10.5097], [""=tlː"", -11.6365], [""e͂n"", -12.2858], [""etla-"", -12.6059], [""eʃ-"", -12.678], [""ẽt-"", -12.678], [""edkok"", -13.1934], [""elːf"", -13.2754], [""eɕ"", -13.3321], [""es"", -13.3321]]"
ketanai	esk-	-13.3571	"[[""esk-"", -13.3571], [""eʃt"", -14.016], [""=tlː"", -14.4591], [""etla-"", -15.3163], [""eʃ-"", -15.503], [""ẽt-"", -15.503], [""e͂n"", -15.792], [""el-"", -16.1901], [""edkok"", -16.319], [""karʃ-"", -16.7058]]"
ketanaiΘ	esk-	-16.1841	"[[""esk-"", -16.1841], [""eʃt"", -17.5223], [""=tlː"", -17.5635], [""etla-"", -18.2542], [""ẽt-"", -18.6088], [""eʃ-"", -18.6088], [""ẽtwerʃ(i)-"", -18.8359], [""trf(i)-"", -18.8877], [""el-"", -19.2968], [""e͂n"", -19.2979]]"
ketanaiΘt	esk-	-19.2902	"[[""esk-"", -19.2902], [""=tlː"", -20.7842], [""ẽtwerʃ(i)-"", -20.8378], [""trf(i)-"", -20.889], [""eʃt"", -21.0287], [""etla-"", -21.3186], [""ẽt-"", -21.8308], [""eʃ-"", -21.8308], [""ẽmi(n)-"", -22.4518], [""el-"", -22.519]]"
ketanaiΘti	esk-	-22.5119	"[[""esk-"", -22.5119], [""ẽtwerʃ(i)-"", -23.2869], [""trf(i)-"", -23.3379], [""=tlː"", -24.0688], [""etla-"", -24.4634], [""eʃt"", -24.535], [""eʃ-"", -25.1165], [""ẽt-"", -25.1165], [""ẽmi(n)-"", -25.4558], [""el-"", -25.8049]]"
kit	el-	-8.3337	"[[""el-"", -8.3337], [""eʃ-"", -8.3337], [""ẽt-"", -8.3337], [""e͂n"", -8.3525], [""eʃa-"", -8.703], [""ẽna-"", -8.703], [""eɕa-"", -8.703], [""esk-"", -8.703], [""ʃe-"", -9.1389], [""ena"", -9.3632]]"
kite	el-	-11.2714	"[[""el-"", -11.2714], [""ẽt-"", -11.2714], [""eʃ-"", -11.2714], [""e͂n"", -11.2927], [""esk-"", -11.5182], [""ẽna-"", -11.5182], [""eʃa-"", -11.5182], [""eɕa-"", -11.5182], [""ʃe-"", -12.2286], [""ena"", -12.5688]]"
kites	emi	-13.5994	"[[""emi"", -13.5994], [""ena"", -13.5994], [""eta"", -13.5994], [""el-"", -14.3361], [""ẽt-"", -14.3361], [""eʃ-"", -14.3361], [""e͂n"", -14.3589], [""ẽna-"", -14.4464], [""eʃa-"", -14.4464], [""eɕa-"", -14.4464]]"
kitesi	ẽna-	-16.267	"[[""ẽna-"", -16.267], [""eɕa-"", -16.267], [""eʃa-"", -16.267], [""etla-"", -16.4745], [""eta"", -17.0847], [""ena"", -17.0847], [""emi"", -17.0847], [""ed(i)-"", -17.1509], [""el-"", -17.4814], [""eʃ-"", -17.4814]]"
kitesir	ed(i)-	-17.9772	"[[""ed(i)-"", -17.9772], [""eɕa-"", -19.1685], [""ẽna-"", -19.1685], [""eʃa-"", -19.1685], [""etla-"", -19.3079], [""=(i)tʰ"", -19.7889], [""ẽnar(i)-"", -20.3147], [""ẽtam(i)-"", -20.3147], [""=(i)s"", -20.3678], [""ena"", -20.5698]]"
kitesira	=(i)s	-17.6945	"[[""=(i)s"", -17.6945], [""=iʃ"", -20.0979], [""=ãk"", -20.0979], [""ed(i)-"", -20.4485], [""elːf"", -20.678], [""=(i)tʰ"", -20.9434], [""eɕ"", -21.0343], [""es"", -21.0343], [""kʷi=k"", -21.1544], [""=k"", -21.9698]]"
kitet	ẽt-	-14.3361	"[[""ẽt-"", -14.3361], [""el-"", -14.3361], [""eʃ-"", -14.3361], [""e͂n"", -14.3589], [""esk-"", -14.5108], [""eɕa-"", -14.5108], [""eʃa-"", -14.5108], [""ẽna-"", -14.5108], [""ʃe-"", -15.4346], [""ed(i)-"", -15.49]]"
kitete	eʃ-	-17.4814	"[[""eʃ-"", -17.4814], [""ẽt-"", -17.4814], [""el-"", -17.4814], [""e͂n"", -17.5052], [""ẽna-"", -17.6068], [""esk-"", -17.6068], [""eʃa-"", -17.6068], [""eɕa-"", -17.6068], [""ed(i)-"", -18.1191], [""ẽmi(n)-"", -18.4581]]"
kiteter	ẽt-	-20.6825	"[[""ẽt-"", -20.6825], [""el-"", -20.6825], [""eʃ-"", -20.6825], [""e͂n"", -20.707], [""eɕa-"", -20.7709], [""ẽna-"", -20.7709], [""esk-"", -20.7709], [""eʃa-"", -20.7709], [""ed(i)-"", -20.8853], [""ẽmi(n)-"", -21.168]]"
kitetere	ed(i)-	-23.7507	"[[""ed(i)-"", -23.7507], [""ẽt-"", -23.9244], [""eʃ-"", -23.9244], [""el-"", -23.9244], [""e͂n"", -23.9494], [""eɕa-"", -23.9832], [""ẽna-"", -23.9832], [""esk-"", -23.9832], [""eʃa-"", -23.9832], [""ẽmi(n)-"", -23.9905]]"
kiteterep	ed(i)-	-26.6914	"[[""ed(i)-"", -26.6914], [""ẽmi(n)-"", -26.8969], [""eʃ-"", -27.1975], [""el-"", -27.1975], [""ẽt-"", -27.1975], [""e͂n"", -27.223], [""esk-"", -27.2316], [""eʃa-"", -27.2316], [""ẽna-"", -27.2316], [""eɕa-"", -27.2316]]"
kitu	el-	-11.2714	"[[""el-"", -11.2714], [""ẽt-"", -11.2714], [""eʃ-"", -11.2714], [""e͂n"", -11.2927], [""esk-"", -11.5182], [""ẽna-"", -11.5182], [""eʃa-"", -11.5182], [""eɕa-"", -11.5182], [""ʃe-"", -12.2286], [""ena"", -12.5688]]"
kituj	eʃ-	-14.3361	"[[""eʃ-"", -14.3361], [""el-"", -14.3361], [""ẽt-"", -14.3361], [""e͂n"", -14.3589], [""esk-"", -14.5108], [""ẽna-"", -14.5108], [""eʃa-"", -14.5108], [""eɕa-"", -14.5108], [""ʃe-"", -15.4346], [""ed(i)-"", -15.49]]"
kituja	eɕ	-14.0216	"[[""eɕ"", -14.0216], [""es"", -14.0216], [""elːf"", -14.3321], [""moːus"", -14.9703], [""=k"", -15.2899], [""=(i)s"", -15.5082], [""eʃt"", -15.6884], [""buk"", -15.896], [""puk"", -15.896], [""helũk"", -15.9431]]"
kitujas	eta	-15.1143	"[[""eta"", -15.1143], [""eʃ-"", -16.8635], [""ẽt-"", -16.8635], [""es"", -17.5288], [""eɕ"", -17.5288], [""elːf"", -17.8382], [""eɕa-"", -18.2432], [""eʃa-"", -18.2432], [""esk-"", -18.3286], [""=(i)tʰ"", -18.3579]]"
mai	os-	-3.5439	"[[""os-"", -3.5439], [""ofi-"", -6.2876], [""=k"", -6.36], [""sof"", -7.5321], [""kot"", -7.5321], [""=tlː"", -8.44], [""olː"", -9.005], [""ow-"", -9.005], [""tis-"", -9.0879], [""kat-"", -9.0879]]"
main	os-	-6.3672	"[[""os-"", -6.3672], [""ofi-"", -9.0041], [""kʷen"", -9.0986], [""=tlː"", -9.6222], [""kan"", -9.7383], [""kud"", -9.7383], [""sav"", -9.7383], [""ʃawn"", -9.7752], [""tamn"", -9.7752], [""=k"", -9.8641]]"
maina	=tlː	-9.2089	"[[""=tlː"", -9.2089], [""os-"", -9.467], [""ʃawls"", -9.7732], [""trfãn"", -10.4754], [""olː"", -10.5491], [""kʷi=k"", -11.2852], [""=k"", -11.7798], [""ofi-"", -11.8839], [""kʷel-"", -11.9377], [""kʷeːn-"", -11.9648]]"
mainaj	=tlː	-12.0316	"[[""=tlː"", -12.0316], [""os-"", -12.468], [""kofu"", -12.5649], [""karʃ-"", -12.5922], [""trfãn"", -13.2798], [""ʃawls"", -13.2804], [""ol-(t)"", -13.3738], [""olː"", -13.3752], [""nu"", -14.0243], [""ko-(t)"", -14.1074]]"
mainaja	kʷalmlus	-14.7472	"[[""kʷalmlus"", -14.7472], [""=tlː"", -15.1344], [""kʷisk"", -15.2653], [""trf(i)-"", -15.3753], [""karʃ-"", -15.4073], [""os-"", -15.6388], [""ol-(t)"", -15.7236], [""kudkit"", -15.9011], [""moːus"", -16.0441], [""artimus"", -16.0462]]"
mainajar	ol-(t)	-16.1462	"[[""ol-(t)"", -16.1462], [""trf(i)-"", -17.3709], [""oʃ (or e!ʃ)"", -17.4377], [""kʷãn-(t)"", -17.5426], [""karʃ-"", -18.2165], [""kʷalmlus"", -18.2544], [""=tlː"", -18.3525], [""tsẽnʃi-(t)"", -18.7365], [""kʷisk"", -18.7696], [""karfto-"", -18.7786]]"
mainajare	ol-(t)	-18.9802	"[[""ol-(t)"", -18.9802], [""trf(i)-"", -19.7563], [""oʃ (or e!ʃ)"", -20.2634], [""kʷãn-(t)"", -20.3721], [""srfast(i)-"", -21.1765], [""karʃ-"", -21.3171], [""kolts(i)-"", -21.3721], [""karfto-"", -21.5077], [""tsẽnʃi-(t)"", -21.5474], [""=tlː"", -21.6341]]"
mainajaret	ol-(t)	-22.0853	"[[""ol-(t)"", -22.0853], [""trf(i)-"", -22.3714], [""srfast(i)-"", -23.1934], [""oʃ (or e!ʃ)"", -23.3644], [""kolts(i)-"", -23.3903], [""kʷãn-(t)"", -23.4753], [""karfto-"", -24.4551], [""otra(/i)-"", -24.4846], [""karʃ-"", -24.5363], [""kuka-"", -24.587]]"
man	os-	-3.5439	"[[""os-"", -3.5439], [""=tlː"", -6.245], [""ofi-"", -6.2876], [""=k"", -6.36], [""kan"", -6.8955], [""kud"", -6.8955], [""sav"", -6.8955], [""kʷen"", -6.9142], [""tro"", -6.9522], [""fra"", -6.9526]]"
mana	=tlː	-5.7078	"[[""=tlː"", -5.7078], [""os-"", -6.3593], [""ʃawls"", -6.972], [""trfãn"", -6.9738], [""olː"", -7.047], [""=k"", -8.4937], [""ofi-"", -8.8967], [""=nak"", -9.0284], [""sakn-"", -9.097], [""kʷi=k"", -9.1143]]"
manad	tro	-7.6973	"[[""tro"", -7.6973], [""=tlː"", -8.5297], [""os-"", -9.182], [""karʃ-"", -9.7493], [""trfãn"", -9.7758], [""olː"", -9.8712], [""ol-(t)"", -10.1741], [""ʃawls"", -10.4791], [""astrko-"", -10.8419], [""ʃanto-"", -10.8735]]"
manada	aɕtrkoɕ	-7.5489	"[[""aɕtrkoɕ"", -7.5489], [""edkok"", -10.0682], [""kukok"", -10.3965], [""astrko-"", -10.4037], [""ʃanto-"", -10.4356], [""sof"", -10.5114], [""kot"", -10.5114], [""tso-"", -10.5481], [""astrkota-"", -10.9691], [""tro"", -11.2035]]"
manadaw	aɕtrkoɕ	-11.056	"[[""aɕtrkoɕ"", -11.056], [""ol-(t)"", -12.6615], [""astrkota-"", -13.1484], [""astrko-"", -13.2265], [""ʃanto-"", -13.2584], [""tso-"", -13.3702], [""edkok"", -13.5753], [""trf(i)-"", -13.8652], [""kukok"", -13.9035], [""sof"", -14.0185]]"
manadawa	aɕtrkoɕ	-13.8681	"[[""aɕtrkoɕ"", -13.8681], [""ol-(t)"", -15.45], [""astrkota-"", -15.7572], [""trf(i)-"", -16.25], [""astrko-"", -16.33], [""ʃanto-"", -16.362], [""edkok"", -16.3877], [""tso-"", -16.4725], [""kukok"", -16.7125], [""kot"", -16.8332]]"
manadawai	aɕtrkoɕ	-17.3757	"[[""aɕtrkoɕ"", -17.3757], [""ol-(t)"", -17.556], [""astrkota-"", -18.5861], [""trf(i)-"", -18.864], [""ko-(t)"", -18.9413], [""srfast(i)-"", -19.4795], [""astrko-"", -19.5492], [""ʃanto-"", -19.5813], [""tso-"", -19.69], [""edkok"", -19.8953]]"
manadawaij	kofu	-20.3371	"[[""kofu"", -20.3371], [""ol-(t)"", -20.5011], [""aɕtrkoɕ"", -20.8832], [""srfast(i)-"", -21.1163], [""astrkota-"", -21.5723], [""trf(i)-"", -21.6211], [""ko-(t)"", -21.7796], [""kofuu"", -22.4123], [""kotsw(i)-"", -22.5014], [""kolts(i)-"", -22.6349]]"
mas	os-	-3.5439	"[[""os-"", -3.5439], [""ti"", -4.5984], [""fa"", -4.5984], [""ofi-"", -4.9793], [""=k"", -6.36], [""sfa"", -6.9316], [""fata"", -6.9571], [""tesa"", -7.3493], [""kana"", -7.379], [""eta"", -7.3838]]"
masi	ofi-	-4.6322	"[[""ofi-"", -4.6322], [""os-"", -6.3672], [""ʃi-"", -7.4499], [""fa"", -8.1038], [""ti"", -8.1038], [""tfi-"", -9.7552], [""sfa-"", -9.7552], [""tafa-"", -9.7889], [""tasa-"", -9.7889], [""=k"", -9.8641]]"
masir	ofi-	-7.4564	"[[""ofi-"", -7.4564], [""os-"", -9.4723], [""ʃi-"", -10.2742], [""ti"", -11.6092], [""fa"", -11.6092], [""tasa-"", -12.4613], [""tafa-"", -12.4613], [""sfa-"", -12.5782], [""tfi-"", -12.5782], [""tinV-"", -12.7038]]"
masiru	ofi-	-10.5613	"[[""ofi-"", -10.5613], [""os-"", -12.6937], [""ʃi-"", -13.379], [""ta-(d)"", -14.9609], [""ti"", -15.1146], [""fa"", -15.1146], [""tinV-"", -15.2277], [""tasa-"", -15.4301], [""tafa-"", -15.4301], [""otra(/i)-"", -15.5235]]"
masirut	ofi-	-13.7821	"[[""ofi-"", -13.7821], [""os-"", -15.9791], [""ʃi-"", -16.5999], [""ta-(d)"", -17.4127], [""otra(/i)-"", -17.7022], [""tinV-"", -17.9973], [""tasa-"", -18.5287], [""tafa-"", -18.5287], [""ti"", -18.6199], [""fa"", -18.6199]]"
masirute	ofi-	-17.0668	"[[""ofi-"", -17.0668], [""os-"", -19.3051], [""ʃi-"", -19.8846], [""ta-(d)"", -20.0965], [""otra(/i)-"", -20.1367], [""tinV-"", -20.9137], [""tasa-"", -21.7024], [""tafa-"", -21.7024], [""kof(i)-"", -21.7272], [""kãna-"", -21.926]]"
mat	os-	-3.5439	"[[""os-"", -3.5439], [""ofi-"", -6.2876], [""=k"", -6.36], [""sof"", -7.5321], [""kot"", -7.5321], [""=tlː"", -8.44], [""olː"", -9.005], [""ow-"", -9.005], [""tis-"", -9.0879], [""kat-"", -9.0879]]"
mate	os-	-6.3672	"[[""os-"", -6.3672], [""ofi-"", -9.0041], [""=k"", -9.8641], [""sof"", -10.9858], [""kot"", -10.9858], [""=tlː"", -11.1453], [""kʷe-"", -11.2904], [""kʷi-"", -11.2904], [""tis-"", -11.6953], [""kat-"", -11.6953]]"
mei	ow-	-9.005	"[[""ow-"", -9.005], [""os-"", -9.005], [""olː"", -9.005], [""ora-"", -9.392], [""ofi-"", -9.392], [""ora"", -10.052], [""=tlː"", -11.2432], [""ol-(t)"", -11.3546], [""i-"", -11.3633], [""=k"", -11.3633]]"
meij	os-	-11.9403	"[[""os-"", -11.9403], [""olː"", -11.9403], [""ow-"", -11.9403], [""ofi-"", -12.2068], [""ora-"", -12.2068], [""pu"", -12.6134], [""bu"", -12.6134], [""nu"", -12.6134], [""amu"", -12.8319], [""moːus"", -13.1985]]"
meija	moːus	-9.7782	"[[""moːus"", -9.7782], [""=k"", -12.0045], [""puk"", -12.6115], [""buk"", -12.6115], [""=(i)s"", -12.8292], [""alus"", -12.83], [""os-"", -14.1567], [""ofi-"", -14.2176], [""=iʃ"", -14.3659], [""=ms"", -14.3659]]"
meijas	moːus	-13.2854	"[[""moːus"", -13.2854], [""os-"", -14.0504], [""ol-(t)"", -14.2515], [""ko-(t)"", -15.0731], [""fa"", -15.1199], [""ti"", -15.1199], [""ofi-"", -15.4486], [""=k"", -15.5112], [""=(i)tʰ"", -15.6776], [""buk"", -16.1186]]"
meijasa	kat	-15.1174	"[[""kat"", -15.1174], [""fak"", -15.1174], [""ofi-"", -15.1456], [""Sãntas"", -15.607], [""oratsit"", -16.0113], [""moːus"", -16.0989], [""=ãk"", -16.3712], [""=iʃ"", -16.3712], [""kuka-"", -16.5462], [""satit"", -16.6045]]"
meijasas	fata	-16.2098	"[[""fata"", -16.2098], [""ofi-"", -17.9537], [""kat-"", -17.9718], [""tis-"", -17.9718], [""sfa"", -18.6135], [""kat"", -18.6227], [""fak"", -18.6227], [""Sãntas"", -19.1059], [""titiɕ"", -19.1507], [""satit"", -19.1507]]"
meijasasa	satit	-16.207	"[[""satit"", -16.207], [""titiɕ"", -16.207], [""oratsit"", -17.7992], [""tafa-"", -19.0561], [""tasa-"", -19.0561], [""fasiʃa-"", -19.293], [""isas"", -19.6692], [""fata"", -19.707], [""[k]asa-"", -19.8346], [""Sãntas"", -20.2665]]"
meijasau	ofi-	-17.9691	"[[""ofi-"", -17.9691], [""kat-"", -17.9727], [""tis-"", -17.9727], [""fak"", -18.6244], [""kat"", -18.6244], [""Sãntas"", -19.1135], [""ol-(t)"", -19.3519], [""kuka-"", -19.3685], [""oratsit"", -19.5025], [""moːus"", -19.6065]]"
meijasaun	tis-	-20.7964	"[[""tis-"", -20.7964], [""kat-"", -20.7964], [""katosn"", -20.9777], [""ofi-"", -21.0728], [""fiʃfid"", -21.3283], [""taɕẽv"", -21.3503], [""sakn-"", -21.8916], [""kaʃno-"", -21.9375], [""sav"", -22.1211], [""kan"", -22.1211]]"
meijasauna	sakn-	-21.4751	"[[""sakn-"", -21.4751], [""katʰtʰirs"", -22.7379], [""ta-(d)"", -23.6098], [""=(i)s"", -23.7895], [""tis-"", -23.8963], [""kat-"", -23.8963], [""kaʃno-"", -24.1782], [""ofi-"", -24.292], [""u-(d)"", -24.303], [""ʃawls"", -24.3286]]"
meit	os-	-11.9403	"[[""os-"", -11.9403], [""ow-"", -11.9403], [""olː"", -11.9403], [""ofi-"", -12.2068], [""ora-"", -12.2068], [""ora"", -13.2567], [""ol-(t)"", -13.549], [""=tlː"", -13.8491], [""=k"", -14.4053], [""i-"", -14.4053]]"
meiti	olː	-15.0034	"[[""olː"", -15.0034], [""os-"", -15.0034], [""ow-"", -15.0034], [""ora-"", -15.199], [""ofi-"", -15.199], [""ol-(t)"", -16.0303], [""ora"", -16.5263], [""=tlː"", -16.6681], [""lo-(d)"", -16.9305], [""ko-(t)"", -16.9305]]"
meu	ow-	-9.005	"[[""ow-"", -9.005], [""os-"", -9.005], [""olː"", -9.005], [""ora-"", -9.392], [""ofi-"", -9.392], [""ora"", -10.052], [""=tlː"", -11.2432], [""ol-(t)"", -11.3546], [""i-"", -11.3633], [""=k"", -11.3633]]"
meun	olː	-10.817	"[[""olː"", -10.817], [""ora-"", -10.8745], [""ora"", -11.0889], [""=dãn"", -11.1374], [""=in"", -11.3218], [""e͂n"", -11.3595], [""ow-"", -11.9403], [""os-"", -11.9403], [""ofi-"", -12.2068], [""=nak"", -12.2518]]"
meuna	olː	-10.5491	"[[""olː"", -10.5491], [""=k"", -12.0045], [""=nak"", -12.1371], [""nãrs"", -12.5591], [""nars"", -12.5591], [""lo-(d)"", -12.6331], [""=(i)s"", -12.8292], [""Qlːdãns"", -13.0529], [""ora-"", -13.2005], [""ol-(t)"", -13.7998]]"
meunak	olː	-13.3752	"[[""olː"", -13.3752], [""ol-(t)"", -13.3775], [""os-"", -14.0504], [""Kile"", -14.8064], [""ko-(t)"", -15.0731], [""Alikre"", -15.3214], [""lo-(d)"", -15.4515], [""=k"", -15.5112], [""fakarse"", -15.5273], [""=nak"", -15.6174]]"
meunaka	det	-14.0214	"[[""det"", -14.0214], [""ol-(t)"", -15.7251], [""ãntʰẽt"", -15.8857], [""oratsit"", -16.4205], [""olː"", -16.4812], [""os-"", -16.8707], [""ʃe-"", -16.8805], [""nikumek"", -17.2927], [""nikumẽk"", -17.2927], [""lewɕ"", -17.3608]]"
meunakan	ol-(t)	-16.1463	"[[""ol-(t)"", -16.1463], [""laftsn"", -17.3709], [""fẽtamn"", -17.4924], [""lẽn"", -17.5285], [""det"", -17.5285], [""ʃlːẽtsad"", -18.7192], [""alːev"", -18.9217], [""fẽntsal"", -19.2046], [""taɕẽv"", -19.3217], [""ãntʰẽt"", -19.3872]]"
meunakana	ol-(t)	-18.9388	"[[""ol-(t)"", -18.9388], [""Qlːdãns"", -19.8622], [""det"", -20.3436], [""oratsit"", -20.5272], [""karʃe-(d)"", -20.7989], [""laftsn"", -20.8421], [""fẽtwinte-"", -20.9056], [""=tlː"", -20.954], [""fẽtamn"", -20.9934], [""eʃt"", -21.0259]]"
meunakanas	tesasta	-20.9585	"[[""tesasta"", -20.9585], [""vsta"", -21.0299], [""ol-(t)"", -21.0532], [""tesa"", -21.4349], [""teli"", -22.1259], [""fẽnstifi"", -22.507], [""brafrsi"", -22.7094], [""oʃ (or e!ʃ)"", -22.7165], [""fẽtwinte-"", -23.0878], [""ʃlːẽtsad"", -23.1561]]"
meunar	olː	-13.3752	"[[""olː"", -13.3752], [""ol-(t)"", -13.3775], [""os-"", -14.0504], [""ko-(t)"", -15.0731], [""lo-(d)"", -15.4515], [""=k"", -15.5112], [""=nak"", -15.6174], [""=(i)tʰ"", -15.681], [""karʃ-"", -15.6851], [""ora-"", -15.9567]]"
meunaru	ol-(t)	-16.1179	"[[""ol-(t)"", -16.1179], [""olː"", -16.4812], [""os-"", -16.8785], [""ko-(t)"", -17.8951], [""=(i)tʰ"", -18.5025], [""karʃ-"", -18.5079], [""lo-(d)"", -18.5469], [""ora-"", -18.9165], [""=k"", -19.0176], [""=nak"", -19.0976]]"
meunaruk	ol-(t)	-19.0993	"[[""ol-(t)"", -19.0993], [""olː"", -19.7031], [""os-"", -19.9852], [""ko-(t)"", -20.9966], [""Alikre"", -21.3443], [""=(i)tʰ"", -21.6035], [""karʃ-"", -21.6122], [""ãntʰẽt"", -21.7057], [""lo-(d)"", -21.7531], [""Kile"", -21.7681]]"
meunaruka	ãntʰẽt	-18.2852	"[[""ãntʰẽt"", -18.2852], [""det"", -21.0339], [""ol-(t)"", -21.4599], [""kʷe-"", -22.5492], [""oratsit"", -22.8276], [""olː"", -22.9888], [""tʰesa-"", -23.1143], [""kʷelis"", -23.1599], [""nikumẽk"", -23.171], [""nikumek"", -23.171]]"
meunarukan	ol-(t)	-21.4723	"[[""ol-(t)"", -21.4723], [""ãntʰẽt"", -21.7924], [""kʷen"", -23.1992], [""laftsn"", -24.3106], [""ʃlːẽtsad"", -24.49], [""fẽtamn"", -24.5045], [""lẽn"", -24.5411], [""det"", -24.5411], [""alːev"", -24.8743], [""tʰesa-"", -25.2938]]"
nad	vsta	-6.243	"[[""vsta"", -6.243], [""=k"", -6.36], [""nik"", -6.8955], [""nak"", -6.8955], [""vis"", -6.8955], [""det"", -6.8955], [""tro"", -6.9224], [""nãrs"", -6.9448], [""nars"", -6.9448], [""lewɕ"", -6.9732]]"
nada	edkok	-4.1614	"[[""edkok"", -4.1614], [""sof"", -4.1928], [""kot"", -4.1928], [""vsta"", -6.8902], [""kukok"", -6.9435], [""kofu"", -7.6416], [""kofuu"", -7.6676], [""=k"", -8.4937], [""nãrs"", -9.0645], [""nars"", -9.0645]]"
nadad	edkok	-7.6667	"[[""edkok"", -7.6667], [""sof"", -7.6981], [""kot"", -7.6981], [""vsta"", -9.7334], [""ko-(t)"", -10.2988], [""kukok"", -10.4178], [""kofu"", -10.4419], [""kofuu"", -10.4665], [""os-"", -10.5452], [""tso-"", -10.7334]]"
nadada	edkok	-9.7756	"[[""edkok"", -9.7756], [""sof"", -9.8231], [""kot"", -9.8231], [""kukok"", -10.3419], [""arkto-"", -10.5118], [""tso-"", -10.5402], [""vsta"", -12.3611], [""ko-(t)"", -12.4592], [""aɕtrkoɕ"", -12.5001], [""kʷisk"", -12.5256]]"
nadadau	ko-(t)	-12.6506	"[[""ko-(t)"", -12.6506], [""edkok"", -13.283], [""kot"", -13.3306], [""sof"", -13.3306], [""arkto-"", -13.3356], [""tso-"", -13.3649], [""kukok"", -13.8489], [""kof(i)-"", -14.5357], [""alːtoka-"", -15.3687], [""vsta"", -15.408]]"
nadadaut	ko-(t)	-15.4772	"[[""ko-(t)"", -15.4772], [""arkto-"", -16.4394], [""tso-"", -16.469], [""edkok"", -16.7904], [""kof(i)-"", -16.8082], [""kot"", -16.838], [""sof"", -16.838], [""kotʰtʰ(i)-"", -17.1079], [""kukok"", -17.356], [""alːtoka-"", -18.0956]]"
nadadauti	kotʰtʰ(i)-	-18.0867	"[[""kotʰtʰ(i)-"", -18.0867], [""ko-(t)"", -18.5765], [""kof(i)-"", -19.3228], [""arkto-"", -19.659], [""tso-"", -19.6888], [""edkok"", -20.2978], [""kot"", -20.3454], [""sof"", -20.3454], [""katoʃ(i)-"", -20.5759], [""katof(i)-"", -20.5759]]"
nadadautin	kotʰtʰ(i)-	-19.999	"[[""kotʰtʰ(i)-"", -19.999], [""laftsn"", -20.8401], [""katosn"", -20.8583], [""pitotsn"", -21.6082], [""ko-(t)"", -21.7871], [""kof(i)-"", -22.0167], [""arkto-"", -22.9424], [""tso-"", -22.9723], [""kotsw(i)-"", -23.0423], [""katof(i)-"", -23.0744]]"
nadaw	edkok	-7.6685	"[[""edkok"", -7.6685], [""sof"", -7.6999], [""kot"", -7.6999], [""vsta"", -9.7334], [""ko-(t)"", -10.2996], [""kukok"", -10.4487], [""kofuu"", -10.4682], [""kofu"", -10.4708], [""os-"", -10.5457], [""kowe"", -11.1158]]"
nadawa	edkok	-10.4807	"[[""edkok"", -10.4807], [""kot"", -10.5123], [""sof"", -10.5123], [""=ms"", -12.0005], [""vsta"", -12.3611], [""ko-(t)"", -12.4681], [""kʷisk"", -12.5256], [""lewɕ"", -12.5435], [""kof(i)-"", -12.5606], [""tsiw-"", -13.1706]]"
nadawai	ko-(t)	-12.6675	"[[""ko-(t)"", -12.6675], [""edkok"", -13.9883], [""kot"", -14.0198], [""sof"", -14.0198], [""kof(i)-"", -14.5559], [""kotsw(i)-"", -15.0712], [""vsta"", -15.408], [""=ms"", -15.5077], [""kotʰtʰ(i)-"", -15.8281], [""tsa-(t)"", -15.8593]]"
nadawaij	kofu	-14.0162	"[[""kofu"", -14.0162], [""ko-(t)"", -15.4968], [""kofuu"", -16.0927], [""kof(i)-"", -16.9409], [""kotsw(i)-"", -17.0018], [""kotʰtʰ(i)-"", -17.1106], [""edkok"", -17.4959], [""sof"", -17.5274], [""kot"", -17.5274], [""taakʷu"", -17.847]]"
nadawaija	kofu	-17.5229	"[[""kofu"", -17.5229], [""kotʰtʰ(i)-"", -18.0889], [""ko-(t)"", -18.5536], [""kotsw(i)-"", -19.376], [""kofuu"", -19.3776], [""artimus"", -19.482], [""kof(i)-"", -19.5556], [""edkok"", -20.5923], [""kot"", -20.6242], [""sof"", -20.6242]]"
nai	vsta	-6.243	"[[""vsta"", -6.243], [""=k"", -6.36], [""det"", -6.8955], [""nik"", -6.8955], [""nak"", -6.8955], [""vis"", -6.8955], [""nãrs"", -6.9448], [""nars"", -6.9448], [""lewɕ"", -6.9732], [""ni-"", -8.3337]]"
naid	vsta	-9.3314	"[[""vsta"", -9.3314], [""=k"", -9.8641], [""tro"", -10.0243], [""nik"", -10.3741], [""det"", -10.3741], [""nak"", -10.3741], [""vis"", -10.3741], [""nãrs"", -10.4459], [""nars"", -10.4459], [""lewɕ"", -10.4741]]"
naida	edkok	-7.6665	"[[""edkok"", -7.6665], [""kot"", -7.6981], [""sof"", -7.6981], [""kukok"", -10.0435], [""vsta"", -10.3673], [""kofu"", -11.1466], [""kofuu"", -11.1726], [""kʷi=k"", -11.2852], [""=k"", -11.7798], [""ãntʰẽt"", -11.786]]"
naidaj	kofu	-7.6962	"[[""kofu"", -7.6962], [""kofuu"", -10.4528], [""edkok"", -11.1737], [""sof"", -11.2052], [""kot"", -11.2052], [""vsta"", -13.2246], [""ko-(t)"", -13.4902], [""lalou"", -13.5345], [""kukok"", -13.5465], [""nu"", -14.0216]]"
naidaja	kofu	-11.2025	"[[""kofu"", -11.2025], [""kofuu"", -13.5549], [""edkok"", -13.9859], [""kot"", -14.0176], [""sof"", -14.0176], [""nã=kukod"", -14.6743], [""kʷisk"", -15.2653], [""kukok"", -15.5126], [""ko-(t)"", -15.7934], [""artimus"", -15.8007]]"
naidajas	vsta	-14.0159	"[[""vsta"", -14.0159], [""kofu"", -14.7088], [""ko-(t)"", -16.1509], [""kofuu"", -16.7747], [""kof(i)-"", -17.3087], [""nã=kukod"", -17.4752], [""edkok"", -17.4935], [""kot"", -17.5252], [""sof"", -17.5252], [""sfa"", -17.5259]]"
naiΘ	vsta	-9.3314	"[[""vsta"", -9.3314], [""=k"", -9.8641], [""det"", -10.3741], [""nik"", -10.3741], [""nak"", -10.3741], [""vis"", -10.3741], [""nars"", -10.4459], [""nãrs"", -10.4459], [""lewɕ"", -10.4741], [""=tlː"", -11.1359]]"
naiΘt	vsta	-12.5375	"[[""vsta"", -12.5375], [""=k"", -13.3674], [""nãʃ(i)-"", -13.7332], [""dẽt(i)-"", -13.7332], [""nãkʷi-"", -13.7741], [""trf(i)-"", -13.8104], [""nak"", -13.8528], [""det"", -13.8528], [""nik"", -13.8528], [""vis"", -13.8528]]"
naiΘti	vsta	-15.8083	"[[""vsta"", -15.8083], [""nãʃ(i)-"", -16.192], [""dẽt(i)-"", -16.192], [""trf(i)-"", -16.2533], [""nãkʷi-"", -16.5996], [""kʷe-"", -16.7294], [""kʷi-"", -16.7294], [""=k"", -16.8699], [""=tlː"", -17.1284], [""tinV-"", -17.3253]]"
naiΘtij	nu	-17.5279	"[[""nu"", -17.5279], [""dẽt(i)-"", -18.8769], [""nãʃ(i)-"", -18.8769], [""trf(i)-"", -18.9297], [""vsta"", -19.1201], [""kofu"", -19.1571], [""nãkʷi-"", -19.5523], [""kʷe-"", -19.6859], [""kʷi-"", -19.6859], [""taakʷu"", -19.7602]]"
naiΘtija	artimus	-19.3039	"[[""artimus"", -19.3039], [""kʷi=k"", -19.6817], [""helũk"", -19.8606], [""kukok"", -20.2919], [""kʷalmlus"", -20.7005], [""labrus"", -20.7339], [""nikumẽk"", -20.7668], [""nikumek"", -20.7668], [""vsta"", -20.7994], [""alus"", -20.8529]]"
naiΘtijas	vsta	-18.6165	"[[""vsta"", -18.6165], [""kuka-"", -21.8178], [""lakʷrisa"", -22.0597], [""sfa"", -22.1248], [""kʷãn-(t)"", -22.5786], [""ko-(t)"", -22.7383], [""artimus"", -22.8109], [""tsa-(t)"", -22.9457], [""kʷi=k"", -23.1578], [""rkali"", -23.2341]]"
naiΘtijasa	kuka-	-21.4698	"[[""kuka-"", -21.4698], [""kudkit"", -21.8974], [""vsta"", -22.1164], [""kulumsis"", -23.4697], [""kukok"", -23.7315], [""titiɕ"", -23.7495], [""satit"", -23.7495], [""nikʷe(si)=k"", -23.8405], [""kʷe(si)=k"", -23.9743], [""[k]asa-"", -24.09]]"
naiΘu	vsta	-12.5375	"[[""vsta"", -12.5375], [""=k"", -13.3674], [""nãʃ(i)-"", -13.7332], [""dẽt(i)-"", -13.7332], [""nãkʷi-"", -13.7741], [""trf(i)-"", -13.8104], [""nak"", -13.8528], [""det"", -13.8528], [""nik"", -13.8528], [""vis"", -13.8528]]"
naiΘut	vsta	-15.8083	"[[""vsta"", -15.8083], [""nãʃ(i)-"", -16.192], [""dẽt(i)-"", -16.192], [""trf(i)-"", -16.2533], [""nãkʷi-"", -16.5996], [""kʷe-"", -16.7294], [""kʷi-"", -16.7294], [""=k"", -16.8699], [""=tlː"", -17.1284], [""tinV-"", -17.3253]]"
naiΘuti	dẽt(i)-	-18.8769	"[[""dẽt(i)-"", -18.8769], [""nãʃ(i)-"", -18.8769], [""trf(i)-"", -18.9297], [""vsta"", -19.1201], [""nãkʷi-"", -19.5523], [""kʷi-"", -19.6859], [""kʷe-"", -19.6859], [""aktʰα-"", -20.0501], [""kʷel-"", -20.1529], [""tinV-"", -20.1552]]"
naiΘutin	kʷen	-20.9742	"[[""kʷen"", -20.9742], [""nãʃ(i)-"", -21.705], [""dẽt(i)-"", -21.705], [""trf(i)-"", -21.7524], [""laftsn"", -21.7531], [""vatsvil"", -22.2692], [""vsta"", -22.4601], [""trfãn"", -22.4637], [""rkali"", -22.4716], [""daul"", -22.4813]]"
naiΘutinu	lo-(d)	-22.2572	"[[""lo-(d)"", -22.2572], [""kʷeːn-"", -22.533], [""luko-(d)"", -22.5777], [""lafo-(d)"", -22.5777], [""arto-(d)"", -22.7068], [""ta-(d)"", -22.7384], [""trfno-(d)"", -22.9347], [""kro-(d)"", -22.9606], [""tdi-(d)"", -22.9606], [""tro-(d)"", -22.9606]]"
naiΘutinuj	lo-(d)	-25.0821	"[[""lo-(d)"", -25.0821], [""kʷeːn-"", -25.3574], [""luko-(d)"", -25.4019], [""lafo-(d)"", -25.4019], [""kʷalːmlːu"", -25.431], [""arto-(d)"", -25.5311], [""ta-(d)"", -25.5627], [""trfno-(d)"", -25.7561], [""tro-(d)"", -25.7827], [""tdi-(d)"", -25.7827]]"
naj	nu	-3.5027	"[[""nu"", -3.5027], [""vsta"", -6.243], [""kofu"", -6.2578], [""=k"", -6.36], [""dum-"", -6.8192], [""nak"", -6.8955], [""vis"", -6.8955], [""det"", -6.8955], [""nik"", -6.8955], [""kup-"", -6.9244]]"
naja	kukok	-6.2835	"[[""kukok"", -6.2835], [""nikumek"", -6.8842], [""nikumẽk"", -6.8842], [""vsta"", -6.8902], [""kuka-"", -6.9224], [""nã=kukod"", -6.9379], [""artimus"", -6.9416], [""alus"", -6.9473], [""nu"", -7.0099], [""=k"", -8.4937]]"
najar	kuka-	-9.1014	"[[""kuka-"", -9.1014], [""kukok"", -9.3765], [""vsta"", -9.7334], [""nã=kukod"", -9.7384], [""tutra-"", -9.771], [""nikumẽk"", -10.3867], [""nikumek"", -10.3867], [""artimus"", -10.4486], [""alus"", -10.4545], [""nu"", -10.5171]]"
najare	kuka-	-11.8179	"[[""kuka-"", -11.8179], [""tutra-"", -12.2031], [""kukok"", -12.5846], [""nã=kukod"", -12.8262], [""vsta"", -12.8451], [""nikumek"", -13.8873], [""nikumẽk"", -13.8873], [""artimus"", -13.9556], [""alus"", -13.9617], [""nu"", -14.0243]]"
najaret	kuka-	-14.7603	"[[""kuka-"", -14.7603], [""tutra-"", -15.0192], [""kukok"", -15.8563], [""nã=kukod"", -16.0318], [""vsta"", -16.0696], [""luko-(d)"", -16.3367], [""tutrlo-"", -17.1091], [""ʃupat(i)-"", -17.3424], [""nikumek"", -17.386], [""nikumẽk"", -17.386]]"
najareta	kukok	-16.0564	"[[""kukok"", -16.0564], [""kuka-"", -17.7871], [""tutra-"", -18.0093], [""luko-(d)"", -18.8277], [""vsta"", -19.0374], [""nikumẽk"", -19.067], [""nikumek"", -19.067], [""nã=kukod"", -19.1241], [""kudkit"", -19.3138], [""kʷisk"", -19.3578]]"
nak	vsta	-6.243	"[[""vsta"", -6.243], [""duve"", -6.2561], [""lale"", -6.2561], [""tase"", -6.2578], [""det"", -6.2597], [""lewɕ"", -6.2855], [""=k"", -6.36], [""lẽm-"", -6.8192], [""nak"", -6.8955], [""nik"", -6.8955]]"
naka	det	-3.4998	"[[""det"", -3.4998], [""ʃe-"", -6.3593], [""ãntʰẽt"", -6.7618], [""lewɕ"", -6.8401], [""nikumẽk"", -6.856], [""nikumek"", -6.856], [""vsta"", -6.8902], [""tesa"", -6.9506], [""kaweɕ"", -6.972], [""eɕ"", -7.009]]"
nakan	laftsn	-6.8724	"[[""laftsn"", -6.8724], [""fẽtamn"", -6.9711], [""lẽn"", -7.007], [""det"", -7.007], [""ʃe-"", -9.1821], [""ʃlːẽtsad"", -9.3305], [""vatsvil"", -9.6133], [""fẽntsal"", -9.6565], [""lametru"", -9.7146], [""taɕẽv"", -9.7285]]"
nakana	det	-9.822	"[[""det"", -9.822], [""laftsn"", -10.3455], [""fẽtwinte-"", -10.3896], [""fẽtamn"", -10.472], [""eʃt"", -10.5097], [""lẽn"", -10.5142], [""=tlː"", -11.3455], [""dẽt(i)-"", -11.8572], [""fedtro-"", -12.0949], [""fẽntsal"", -12.1191]]"
nakanas	tesasta	-10.4392	"[[""tesasta"", -10.4392], [""vsta"", -10.5083], [""tesa"", -10.9133], [""teli"", -11.6043], [""fẽnstifi"", -12.4282], [""fẽtwinte-"", -12.5683], [""dẽt(i)-"", -13.1083], [""fedtro-"", -13.1396], [""det"", -13.3297], [""esk-"", -13.3572]]"
nakanasi	tesasta	-13.9403	"[[""tesasta"", -13.9403], [""vsta"", -14.0137], [""arstʰãnʃi-"", -14.3151], [""tesa"", -14.4187], [""etla-"", -14.4481], [""teli"", -15.1097], [""dẽt(i)-"", -15.1304], [""fẽtwinte-"", -15.2842], [""fedtro-"", -15.6235], [""tʰorsa-"", -15.6401]]"
nam	vsta	-6.243	"[[""vsta"", -6.243], [""=k"", -6.36], [""nik"", -6.8955], [""nak"", -6.8955], [""vis"", -6.8955], [""det"", -6.8955], [""tro"", -6.9224], [""nãrs"", -6.9448], [""nars"", -6.9448], [""lewɕ"", -6.9732]]"
nama	edkok	-4.1614	"[[""edkok"", -4.1614], [""sof"", -4.1928], [""kot"", -4.1928], [""vsta"", -6.8902], [""kukok"", -6.9435], [""kofu"", -7.6416], [""kofuu"", -7.6676], [""=k"", -8.4937], [""nãrs"", -9.0645], [""nars"", -9.0645]]"
namai	edkok	-7.6685	"[[""edkok"", -7.6685], [""sof"", -7.6999], [""kot"", -7.6999], [""vsta"", -9.7334], [""ko-(t)"", -10.2996], [""kukok"", -10.4487], [""kofuu"", -10.4682], [""kofu"", -10.4708], [""os-"", -10.5457], [""tso-"", -11.7058]]"
namain	laftsn	-10.3456	"[[""laftsn"", -10.3456], [""katosn"", -10.4459], [""edkok"", -11.1756], [""sof"", -11.207], [""kot"", -11.207], [""kof(i)-"", -12.5645], [""vatsvil"", -12.711], [""vsta"", -12.8451], [""ko-(t)"", -12.9981], [""luko-(d)"", -13.0029]]"
namaina	luko-(d)	-12.6022	"[[""luko-(d)"", -12.6022], [""lafo-(d)"", -12.6022], [""arto-(d)"", -12.6618], [""lo-(d)"", -12.6809], [""laftsn"", -13.8197], [""katosn"", -13.952], [""edkok"", -13.9862], [""kot"", -14.0181], [""sof"", -14.0181], [""kof(i)-"", -14.5649]]"
namainaj	kofu	-14.0149	"[[""kofu"", -14.0149], [""ko-(t)"", -15.1394], [""lafo-(d)"", -15.4231], [""luko-(d)"", -15.4231], [""arto-(d)"", -15.4827], [""lo-(d)"", -15.5018], [""kofuu"", -16.223], [""kof(i)-"", -17.0112], [""laftsn"", -17.2948], [""katosn"", -17.4581]]"
namainaja	kofu	-17.5216	"[[""kofu"", -17.5216], [""ko-(t)"", -17.9418], [""luko-(d)"", -18.5234], [""lafo-(d)"", -18.5235], [""arto-(d)"", -18.5831], [""datsuverst"", -18.5938], [""lo-(d)"", -18.6023], [""labrus"", -19.3307], [""aɕtrkoɕ"", -19.4676], [""kofuu"", -19.4802]]"
namainajar	ko-(t)	-20.3397	"[[""ko-(t)"", -20.3397], [""kotʰtʰ(i)-"", -20.8781], [""kofu"", -21.0284], [""luko-(d)"", -21.7379], [""lafo-(d)"", -21.7384], [""arto-(d)"", -21.798], [""lo-(d)"", -21.8174], [""datsuverst"", -22.0985], [""tsẽnʃi-(t)"", -22.2062], [""kolts(i)-"", -22.2987]]"
namas	vsta	-4.5917	"[[""vsta"", -4.5917], [""edkok"", -7.6685], [""sof"", -7.6999], [""kot"", -7.6999], [""sfa"", -8.0999], [""rkali"", -9.7697], [""ko-(t)"", -10.2996], [""kukok"", -10.4487], [""kofuu"", -10.4682], [""kofu"", -10.4708]]"
namasi	vsta	-8.097	"[[""vsta"", -8.097], [""tfi-"", -10.9511], [""sfa-"", -10.9511], [""edkok"", -11.1756], [""sof"", -11.207], [""kot"", -11.207], [""alːtoka-"", -11.3929], [""ʃaroka-"", -11.5755], [""saroka-"", -11.5755], [""sfa"", -11.6052]]"
namasir	vsta	-11.6023	"[[""vsta"", -11.6023], [""kof(i)-"", -13.7518], [""tfi-"", -13.7755], [""sfa-"", -13.7755], [""alːtoka-"", -14.2171], [""ʃaroka-"", -14.3997], [""saroka-"", -14.3997], [""ofi-"", -14.4654], [""edkok"", -14.6827], [""kot"", -14.7141]]"
namasiru	vsta	-15.1076	"[[""vsta"", -15.1076], [""kof(i)-"", -16.2028], [""tfi-"", -16.8803], [""sfa-"", -16.8803], [""alːtoka-"", -17.3219], [""ʃaroka-"", -17.5044], [""saroka-"", -17.5044], [""ofi-"", -17.5702], [""edkok"", -18.1898], [""nãʃ(i)-"", -18.2092]]"
namasirut	vsta	-18.6129	"[[""vsta"", -18.6129], [""kof(i)-"", -18.9643], [""tfi-"", -20.1012], [""sfa-"", -20.1012], [""alːtoka-"", -20.5427], [""saroka-"", -20.725], [""ʃaroka-"", -20.725], [""ofi-"", -20.7911], [""tsa-(t)"", -20.9104], [""nãʃ(i)-"", -21.0378]]"
namasirute	kof(i)-	-21.8805	"[[""kof(i)-"", -21.8805], [""vsta"", -22.1182], [""sfa-"", -23.3858], [""tfi-"", -23.3858], [""tsa-(t)"", -23.5958], [""kotʰtʰ(i)-"", -23.6229], [""alːtoka-"", -23.8273], [""saroka-"", -24.0094], [""ʃaroka-"", -24.0094], [""nãʃ(i)-"", -24.037]]"
nar	vsta	-6.243	"[[""vsta"", -6.243], [""=k"", -6.36], [""det"", -6.8955], [""nik"", -6.8955], [""nak"", -6.8955], [""vis"", -6.8955], [""nãrs"", -6.9448], [""nars"", -6.9448], [""lewɕ"", -6.9732], [""ni-"", -8.3337]]"
naru	vsta	-9.3314	"[[""vsta"", -9.3314], [""=k"", -9.8641], [""det"", -10.3741], [""nik"", -10.3741], [""nak"", -10.3741], [""vis"", -10.3741], [""nãrs"", -10.4459], [""nars"", -10.4459], [""lewɕ"", -10.4741], [""=tlː"", -11.1359]]"
naruk	kʷe-	-12.4313	"[[""kʷe-"", -12.4313], [""vsta"", -12.5375], [""kʷel-"", -12.5405], [""lale"", -12.5553], [""duve"", -12.5553], [""ãntʰẽt"", -12.5685], [""tase"", -12.5704], [""kʷen"", -12.5996], [""kʷela"", -12.6514], [""kave"", -12.8535]]"
naruka	ãntʰẽt	-9.1479	"[[""ãntʰẽt"", -9.1479], [""det"", -10.5124], [""kʷe-"", -12.0335], [""tʰesa-"", -12.5989], [""kʷelis"", -12.6458], [""nikumẽk"", -12.7325], [""nikumek"", -12.7325], [""kaweɕ"", -12.8608], [""ʃe-"", -13.3664], [""lewɕ"", -13.7985]]"
narukan	ãntʰẽt	-12.655	"[[""ãntʰẽt"", -12.655], [""kʷen"", -12.6835], [""laftsn"", -13.8155], [""fẽtamn"", -13.9834], [""lẽn"", -14.0196], [""det"", -14.0196], [""ʃlːẽtsad"", -14.7646], [""tʰesa-"", -14.7782], [""kʷe-"", -14.8573], [""kʷelad"", -15.0498]]"
narukana	kʷeːn-	-14.8829	"[[""kʷeːn-"", -14.8829], [""ãntʰẽt"", -15.4682], [""kʷel-"", -15.5372], [""kʷelis"", -16.0205], [""kʷen"", -16.1906], [""det"", -16.8346], [""laftsn"", -17.2876], [""tʰesa-"", -17.3872], [""fẽtwinte-"", -17.4018], [""fẽtamn"", -17.4843]]"
narukanas	kʷela	-17.2807	"[[""kʷela"", -17.2807], [""tesasta"", -17.4475], [""vsta"", -17.5221], [""kʷeːn-"", -17.7058], [""tesa"", -17.9259], [""kʷel-"", -18.3617], [""teli"", -18.6169], [""ãntʰẽt"", -18.9758], [""ʃlːẽtsad"", -19.1887], [""kʷe(si)-"", -19.2071]]"
nas	vsta	-3.7773	"[[""vsta"", -3.7773], [""rkali"", -3.8704], [""avka"", -4.567], [""anka"", -4.567], [""da"", -4.5958], [""ni"", -4.5958], [""fa"", -4.5984], [""ti"", -4.5984], [""=k"", -6.36], [""nak"", -6.6361]]"
nasi	rkali	-6.9614	"[[""rkali"", -6.9614], [""vsta"", -7.2421], [""lita-"", -7.3316], [""lapta-"", -7.4114], [""anka-"", -7.4184], [""mrʃa-"", -7.4185], [""da-"", -7.4407], [""ni-"", -7.4407], [""dã-"", -7.4407], [""ʃi-"", -7.4499]]"
nasii	lita-	-10.1419	"[[""lita-"", -10.1419], [""rkali"", -10.1677], [""lapta-"", -10.2338], [""anka-"", -10.2426], [""mrʃa-"", -10.2428], [""ni-"", -10.2682], [""dã-"", -10.2682], [""da-"", -10.2682], [""ʃi-"", -10.2742], [""vsta"", -10.7075]]"
nasiip	lita-	-13.2326	"[[""lita-"", -13.2326], [""lapta-"", -13.336], [""anka-"", -13.3474], [""mrʃa-"", -13.3476], [""ni-"", -13.3742], [""dã-"", -13.3742], [""da-"", -13.3742], [""ʃi-"", -13.379], [""rkali"", -13.4376], [""vsta"", -14.1736]]"
nasiipi	lita-	-16.4391	"[[""lita-"", -16.4391], [""lapta-"", -16.5535], [""anka-"", -16.5682], [""mrʃa-"", -16.5685], [""da-"", -16.5956], [""ni-"", -16.5956], [""dã-"", -16.5956], [""ʃi-"", -16.5999], [""rkali"", -16.748], [""ta-(d)"", -17.4127]]"
nasiipin	rkali	-18.4116	"[[""rkali"", -18.4116], [""trfãn"", -18.5502], [""dãn"", -18.6112], [""nin"", -18.6112], [""nid"", -18.6112], [""nãv"", -18.6112], [""nãn"", -18.6112], [""kan"", -18.614], [""sav"", -18.614], [""ta-(d)"", -18.745]]"
nasiipina	ta-(d)	-18.3843	"[[""ta-(d)"", -18.3843], [""nãrs"", -18.6092], [""nars"", -18.6092], [""ʃawls"", -20.3843], [""lawa-(d)"", -20.5201], [""tawa-(d)"", -20.8402], [""ʃapi-(d)"", -20.8402], [""tdi-(d)"", -21.0267], [""lafo-(d)"", -21.0575], [""rkali"", -21.3083]]"
nasiipinam	ta-(d)	-21.2082	"[[""ta-(d)"", -21.2082], [""karʃ-"", -21.4677], [""nars"", -22.1164], [""nãrs"", -22.1164], [""ʃanto-"", -22.5922], [""lawa-(d)"", -23.3435], [""laptãni-(t)"", -23.6616], [""tawa-(d)"", -23.6634], [""ʃapi-(d)"", -23.6634], [""tsa-(t)"", -23.6772]]"
nasis	rkali	-8.1934	"[[""rkali"", -8.1934], [""vsta"", -9.726], [""lita-"", -10.1291], [""lapta-"", -10.2206], [""anka-"", -10.2347], [""mrʃa-"", -10.235], [""dã-"", -10.2605], [""da-"", -10.2605], [""ni-"", -10.2605], [""ʃi-"", -10.2664]]"
nasisi	rkali	-11.6321	"[[""rkali"", -11.6321], [""nãkʷi-"", -12.6806], [""lita-"", -12.8044], [""lapta-"", -12.8928], [""anka-"", -13.0545], [""mrʃa-"", -13.0597], [""kʷi-"", -13.0865], [""dã-"", -13.0876], [""ni-"", -13.0876], [""da-"", -13.0876]]"
nasisir	rkali	-15.0735	"[[""rkali"", -15.0735], [""nãʃ(i)-"", -15.4282], [""nãkʷi-"", -15.52], [""dẽt(i)-"", -15.6711], [""trf(i)-"", -15.777], [""lita-"", -15.8563], [""kʷi-"", -15.9216], [""lapta-"", -15.9501], [""anka-"", -16.1583], [""mrʃa-"", -16.1652]]"
nat	vsta	-6.243	"[[""vsta"", -6.243], [""=k"", -6.36], [""det"", -6.8955], [""nik"", -6.8955], [""nak"", -6.8955], [""vis"", -6.8955], [""nãrs"", -6.9448], [""nars"", -6.9448], [""lewɕ"", -6.9732], [""ni-"", -8.3337]]"
nati	vsta	-9.3314	"[[""vsta"", -9.3314], [""=k"", -9.8641], [""det"", -10.3741], [""nik"", -10.3741], [""nak"", -10.3741], [""vis"", -10.3741], [""nãrs"", -10.4459], [""nars"", -10.4459], [""lewɕ"", -10.4741], [""=tlː"", -11.1359]]"
natiΘ	vsta	-12.5375	"[[""vsta"", -12.5375], [""=k"", -13.3674], [""dẽt(i)-"", -13.7332], [""nãʃ(i)-"", -13.7332], [""nãkʷi-"", -13.7741], [""trf(i)-"", -13.8104], [""nak"", -13.8528], [""nik"", -13.8528], [""det"", -13.8528], [""vis"", -13.8528]]"
natiΘw	vsta	-15.8083	"[[""vsta"", -15.8083], [""tarb"", -16.061], [""kim"", -16.0743], [""nãʃ(i)-"", -16.192], [""dẽt(i)-"", -16.192], [""trf(i)-"", -16.2533], [""nãkʷi-"", -16.5996], [""kʷi-"", -16.7294], [""kʷe-"", -16.7294], [""=k"", -16.8699]]"
natiΘwa	=ms	-15.2877	"[[""=ms"", -15.2877], [""lewɕ"", -15.8523], [""kʷi=k"", -16.7252], [""vsta"", -17.3219], [""ãntʰẽt"", -17.796], [""kʷisk"", -17.9699], [""=(i)s"", -18.335], [""=k"", -18.4605], [""kʷalmlus"", -18.4795], [""=mas"", -18.6134]]"
natiΘwaj	=ms	-18.7949	"[[""=ms"", -18.7949], [""kofu"", -19.3476], [""lewɕ"", -19.3595], [""ko-(t)"", -19.8247], [""kʷãn-(t)"", -20.1008], [""tsa-(t)"", -20.1173], [""vsta"", -20.2065], [""kʷi=k"", -20.2302], [""ol-(t)"", -20.2331], [""in-(t)"", -20.2331]]"
natiΘwaja	artimus	-19.5266	"[[""artimus"", -19.5266], [""nã=kukod"", -20.9189], [""puk"", -21.0357], [""buk"", -21.0357], [""kʷalmlus"", -21.1932], [""kʷisk"", -21.2885], [""=ms"", -21.6095], [""labrus"", -22.0021], [""lewɕ"", -22.1715], [""kʷi=k"", -22.4035]]"
nui	ni-	-8.3337	"[[""ni-"", -8.3337], [""dã-"", -8.3337], [""da-"", -8.3337], [""dum-"", -8.703], [""lẽm-"", -8.703], [""lap-"", -8.703], [""wr-"", -9.1389], [""ad-"", -9.1389], [""olː"", -9.1389], [""el-"", -9.1389]]"
nuin	dãn	-9.3426	"[[""dãn"", -9.3426], [""lẽn"", -9.3426], [""nãn"", -9.3426], [""nãv"", -9.3426], [""nin"", -9.3426], [""nid"", -9.3426], [""daul"", -9.3567], [""inl"", -10.4222], [""ẽnn"", -10.4222], [""=dãn"", -10.9778]]"
nuina	nãrs	-9.3406	"[[""nãrs"", -9.3406], [""nars"", -9.3406], [""lo-(d)"", -11.0694], [""Qlːdãns"", -11.4821], [""dum(n)"", -11.5505], [""=k"", -12.0045], [""nannas"", -12.0822], [""=nak"", -12.1185], [""elːf"", -12.2031], [""daul-"", -12.2067]]"
nuinai	nars	-12.8477	"[[""nars"", -12.8477], [""nãrs"", -12.8477], [""lo-(d)"", -13.8895], [""dum(n)"", -14.3729], [""in-(t)"", -14.4133], [""ol-(t)"", -14.4133], [""Qlːdãns"", -14.9848], [""daul-"", -15.031], [""=k"", -15.5112], [""nannas"", -15.5728]]"
nuinaid	nãrs	-16.3548	"[[""nãrs"", -16.3548], [""nars"", -16.3548], [""lo-(d)"", -16.9873], [""ol-(t)"", -17.2344], [""in-(t)"", -17.2344], [""dum(n)"", -17.4752], [""endo"", -18.1146], [""daul-"", -18.1349], [""Qlːdãns"", -18.4841], [""karʃ-"", -18.4988]]"
nuinaida	edkok	-16.5868	"[[""edkok"", -16.5868], [""sof"", -18.2194], [""kot"", -18.2194], [""aɕtrkoɕ"", -18.9391], [""nãrs"", -19.1404], [""nars"", -19.1404], [""alːtoka-"", -19.8091], [""kukok"", -19.8469], [""ʃanto-"", -19.8613], [""vsta"", -20.1918]]"
nuinaidaj	kofu	-18.2176	"[[""kofu"", -18.2176], [""edkok"", -20.094], [""lalou"", -20.5067], [""kofuu"", -20.9739], [""kot"", -21.7266], [""sof"", -21.7266], [""alːtoka-"", -21.9898], [""ol-(t)"", -22.3995], [""in-(t)"", -22.3998], [""aɕtrkoɕ"", -22.446]]"
nuinaidaja	kofu	-21.7239	"[[""kofu"", -21.7239], [""edkok"", -22.9063], [""labrus"", -23.3531], [""nã=kukod"", -23.6331], [""lalou"", -24.0139], [""kofuu"", -24.0761], [""sof"", -24.5391], [""kot"", -24.5391], [""alːtoka-"", -24.5972], [""artimus"", -24.7345]]"
nuj	nu	-3.5027	"[[""nu"", -3.5027], [""dum-"", -6.8192], [""duve"", -6.9732], [""dã-"", -8.3337], [""ni-"", -8.3337], [""da-"", -8.3337], [""lalou"", -8.6527], [""lẽm-"", -8.703], [""lap-"", -8.703], [""olː"", -9.1389]]"
nuja	alus	-6.9482	"[[""alus"", -6.9482], [""nu"", -7.0099], [""labrus"", -8.6558], [""=k"", -8.7831], [""dum-"", -9.0599], [""elːf"", -9.1352], [""nãrs"", -9.348], [""nars"", -9.348], [""nak"", -9.3524], [""vis"", -9.3524]]"
nujas	vsta	-10.1324	"[[""vsta"", -10.1324], [""alus"", -10.4554], [""nu"", -10.5171], [""rkali"", -10.8773], [""avka"", -11.519], [""anka"", -11.519], [""da"", -11.6048], [""ni"", -11.6048], [""fa"", -11.6127], [""ti"", -11.6127]]"
nujasa	nak	-11.5943	"[[""nak"", -11.5943], [""vis"", -11.5943], [""nik"", -11.5943], [""kat"", -11.6103], [""fak"", -11.6103], [""Sãntas"", -12.5384], [""=iʃ"", -13.088], [""=ãk"", -13.088], [""vsta"", -13.0945], [""lita-"", -13.1325]]"
nujasas	vsta	-11.5987	"[[""vsta"", -11.5987], [""fata"", -12.7028], [""kat-"", -14.4649], [""tis-"", -14.4649], [""lakʷrisa"", -14.6137], [""vis"", -15.1006], [""nik"", -15.1006], [""nak"", -15.1006], [""sfa"", -15.1081], [""kat"", -15.1156]]"
nujasasa	titiɕ	-12.7001	"[[""titiɕ"", -12.7001], [""satit"", -12.7001], [""vsta"", -15.0987], [""lita-"", -15.5113], [""tafa-"", -15.5494], [""tasa-"", -15.5494], [""fasiʃa-"", -15.8304], [""isas"", -16.1715], [""fata"", -16.2001], [""[k]asa-"", -16.6763]]"
nujasasar	titiɕ	-16.207	"[[""titiɕ"", -16.207], [""satit"", -16.207], [""fasiʃa-"", -18.1372], [""lita-"", -18.341], [""tafa-"", -18.3699], [""tasa-"", -18.3699], [""vsta"", -18.5987], [""[k]asa-"", -19.4109], [""isas"", -19.6785], [""fata"", -19.6974]]"
nujasasara	titiɕ	-19.0124	"[[""titiɕ"", -19.0124], [""satit"", -19.0124], [""taats"", -19.6838], [""katʰtʰirs"", -20.7058], [""kʷisk"", -20.7288], [""estsats"", -20.786], [""fasiʃa-"", -20.8051], [""nikʷe(si)=k"", -21.053], [""lita-"", -21.445], [""tafa-"", -21.4694]]"
nuΦ	ni-	-8.3337	"[[""ni-"", -8.3337], [""dã-"", -8.3337], [""da-"", -8.3337], [""dum-"", -8.703], [""lẽm-"", -8.703], [""lap-"", -8.703], [""wr-"", -9.1389], [""ad-"", -9.1389], [""olː"", -9.1389], [""el-"", -9.1389]]"
nuΦe	da-	-11.2714	"[[""da-"", -11.2714], [""dã-"", -11.2714], [""ni-"", -11.2714], [""dum-"", -11.5182], [""lap-"", -11.5182], [""lẽm-"", -11.5182], [""ad-"", -12.2286], [""olː"", -12.2286], [""wr-"", -12.2286], [""el-"", -12.2286]]"
nuΦet	ni-	-14.3361	"[[""ni-"", -14.3361], [""dã-"", -14.3361], [""da-"", -14.3361], [""lẽm-"", -14.5108], [""dum-"", -14.5108], [""lap-"", -14.5108], [""lo-(d)"", -15.356], [""wr-"", -15.4346], [""ad-"", -15.4346], [""el-"", -15.4346]]"
nuΦetu	ni-	-17.4814	"[[""ni-"", -17.4814], [""dã-"", -17.4814], [""da-"", -17.4814], [""lẽm-"", -17.6068], [""lap-"", -17.6068], [""dum-"", -17.6068], [""lo-(d)"", -18.02], [""nãʃ(i)-"", -18.4581], [""dẽt(i)-"", -18.4581], [""ad-"", -18.7045]]"
nuΦetum	dã-	-20.6825	"[[""dã-"", -20.6825], [""da-"", -20.6825], [""ni-"", -20.6825], [""dum-"", -20.7709], [""lẽm-"", -20.7709], [""lap-"", -20.7709], [""lo-(d)"", -20.796], [""dẽt(i)-"", -21.168], [""nãʃ(i)-"", -21.168], [""tro"", -21.5422]]"
nuΦetume	elːo-	-22.2266	"[[""elːo-"", -22.2266], [""lo-(d)"", -23.612], [""ni-"", -23.9244], [""da-"", -23.9244], [""dã-"", -23.9244], [""lẽm-"", -23.9832], [""dum-"", -23.9832], [""lap-"", -23.9832], [""nãʃ(i)-"", -23.9905], [""dẽt(i)-"", -23.9905]]"
nuΦetumei	elːo-	-25.0575	"[[""elːo-"", -25.0575], [""lo-(d)"", -25.9317], [""dẽt(i)-"", -26.8969], [""nãʃ(i)-"", -26.8969], [""ni-"", -27.1975], [""da-"", -27.1975], [""dã-"", -27.1975], [""dum-"", -27.2316], [""lẽm-"", -27.2316], [""lap-"", -27.2316]]"
nuΦetumeij	lalou	-26.8257	"[[""lalou"", -26.8257], [""nu"", -28.0469], [""elːo-"", -28.1645], [""lo-(d)"", -28.304], [""=im, =(u)m"", -29.7804], [""nãʃ(i)-"", -29.8684], [""dẽt(i)-"", -29.8684], [""luko-(d)"", -30.0268], [""lafo-(d)"", -30.027], [""dum-"", -30.2019]]"
nwa	=ms	-2.853	"[[""=ms"", -2.853], [""lewɕ"", -3.4149], [""=k"", -5.678], [""=mas"", -6.2203], [""lẽm-"", -6.2451], [""lap-"", -6.2451], [""dum-"", -6.2451], [""nik"", -6.2457], [""vis"", -6.2457], [""nak"", -6.2457]]"
nwaz	=ms	-6.3601	"[[""=ms"", -6.3601], [""vsta"", -6.9015], [""lewɕ"", -6.922], [""rkali"", -7.3743], [""armtʰa"", -7.689], [""lapta-"", -7.7055], [""wiɕɕi"", -8.0296], [""weɕfa"", -8.0313], [""avka"", -8.0429], [""anka"", -8.0429]]"
nwaza	lapta-	-7.3574	"[[""lapta-"", -7.3574], [""=mas"", -7.4447], [""nãpis"", -7.9534], [""nik"", -8.0926], [""nak"", -8.0926], [""vis"", -8.0926], [""pis"", -8.098], [""bis"", -8.098], [""fak"", -8.1033], [""kat"", -8.1033]]"
nwazaΦ	lapta-	-10.1798	"[[""lapta-"", -10.1798], [""bif-"", -10.9482], [""=mas"", -10.9519], [""tis-"", -10.959], [""kat-"", -10.959], [""nãpis"", -11.4605], [""vis"", -11.5997], [""nik"", -11.5997], [""nak"", -11.5997], [""bis"", -11.6051]]"
nwazaΦn	laftsn	-12.7836	"[[""laftsn"", -12.7836], [""witsn"", -13.2107], [""lapta-"", -13.2828], [""bif-"", -13.7745], [""tis-"", -13.7825], [""kat-"", -13.7825], [""katosn"", -13.968], [""fiʃfid"", -14.3279], [""taɕẽv"", -14.3363], [""=mas"", -14.459]]"
nwazaΦni	sakn-	-14.4615	"[[""sakn-"", -14.4615], [""pita-(d)"", -16.0618], [""laftsn"", -16.2895], [""lawa-(d)"", -16.4325], [""lapta-"", -16.5017], [""pa-(d)"", -16.58], [""ta-(d)"", -16.5983], [""witsn"", -16.7132], [""wniʃlː"", -16.727], [""brafr-"", -16.727]]"
oij	i-	-6.7699	"[[""i-"", -6.7699], [""amu"", -7.2853], [""aula"", -8.0661], [""ad-"", -9.3891], [""ak-"", -9.3891], [""if-"", -9.3891], [""as-"", -9.3891], [""bu"", -9.3933], [""pu"", -9.3933], [""nu"", -9.3933]]"
oija	alus	-7.2833	"[[""alus"", -7.2833], [""=k"", -8.7831], [""buk"", -9.3914], [""puk"", -9.3914], [""moːus"", -9.6723], [""imbous"", -9.7257], [""i-"", -9.8745], [""iʃt"", -10.1328], [""ist"", -10.1328], [""isas"", -10.1615]]"
osa	=ãk	-3.9287	"[[""=ãk"", -3.9287], [""=iʃ"", -3.9287], [""isas"", -5.2528], [""=k"", -5.678], [""i-"", -6.3652], [""ist"", -6.4353], [""iʃt"", -6.4353], [""=nak"", -6.8547], [""=mas"", -6.8547], [""fak"", -6.9222]]"
osar	if-	-6.7622	"[[""if-"", -6.7622], [""as-"", -6.7622], [""ak-"", -6.7622], [""=ãk"", -7.4356], [""=iʃ"", -7.4356], [""isas"", -8.6449], [""=k"", -9.1841], [""isa-"", -9.333], [""asa-"", -9.333], [""ifi-"", -9.333]]"
osare	ak-	-9.5861	"[[""ak-"", -9.5861], [""if-"", -9.5861], [""as-"", -9.5861], [""=iʃ"", -10.9424], [""=ãk"", -10.9424], [""isas"", -12.0461], [""ata-"", -12.1039], [""isa-"", -12.1039], [""asa-"", -12.1039], [""ifi-"", -12.1039]]"
osarej	taakʷu	-11.2699	"[[""taakʷu"", -11.2699], [""if-"", -12.6915], [""as-"", -12.6915], [""ak-"", -12.6915], [""aktʰα-"", -14.2515], [""=iʃ"", -14.4492], [""=ãk"", -14.4492], [""ifi-"", -15.0747], [""asa-"", -15.0747], [""ata-"", -15.0747]]"
osareja	iʃt	-14.4218	"[[""iʃt"", -14.4218], [""ist"", -14.4218], [""taakʷu"", -14.7755], [""as-"", -15.9091], [""ak-"", -15.9091], [""if-"", -15.9091], [""artimus"", -16.1042], [""taats"", -16.1042], [""alus"", -16.3381], [""isas"", -16.3753]]"
pin	=dãn	-8.2229	"[[""=dãn"", -8.2229], [""=in"", -8.4315], [""e͂n"", -8.4735], [""=nak"", -9.1497], [""nãv"", -9.3539], [""nin"", -9.3539], [""lẽn"", -9.3539], [""dãn"", -9.3539], [""nid"", -9.3539], [""nãn"", -9.3539]]"
pina	=k	-8.7831	"[[""=k"", -8.7831], [""=nak"", -9.042], [""nãrs"", -9.3508], [""nars"", -9.3508], [""vis"", -10.3741], [""nak"", -10.3741], [""det"", -10.3741], [""nik"", -10.3741], [""=(i)s"", -10.3885], [""vsta"", -10.4545]]"
pinam	=k	-12.2896	"[[""=k"", -12.2896], [""=nak"", -12.5219], [""karʃ-"", -12.5915], [""nars"", -12.8566], [""nãrs"", -12.8566], [""=(i)tʰ"", -13.2394], [""vsta"", -13.2556], [""tro"", -13.2725], [""blːaso"", -13.3948], [""edkok"", -13.4191]]"
pinama	edkok	-10.0787	"[[""edkok"", -10.0787], [""sof"", -11.207], [""kot"", -11.207], [""aɕtrkoɕ"", -12.5624], [""kukok"", -13.2465], [""ʃanto-"", -13.2773], [""vsta"", -13.9045], [""Sãntas"", -14.6321], [""kofu"", -14.6556], [""kofuu"", -14.6815]]"
pinamai	edkok	-13.5858	"[[""edkok"", -13.5858], [""sof"", -14.7141], [""kot"", -14.7141], [""aɕtrkoɕ"", -16.0693], [""ʃanto-"", -16.0993], [""vsta"", -16.7477], [""kukok"", -16.7527], [""ko-(t)"", -17.2442], [""kofuu"", -17.4823], [""kofu"", -17.4849]]"
pinamain	katosn	-16.7499	"[[""katosn"", -16.7499], [""edkok"", -17.093], [""laftsn"", -17.345], [""sof"", -18.2212], [""kot"", -18.2212], [""arto-(d)"", -18.98], [""ʃanto-"", -19.2024], [""pitotsn"", -19.2986], [""fẽntsal"", -19.4021], [""aɕtrkoɕ"", -19.5745]]"
pinamaina	arto-(d)	-18.5792	"[[""arto-(d)"", -18.5792], [""lafo-(d)"", -19.5595], [""luko-(d)"", -19.5595], [""lo-(d)"", -19.694], [""Qlːdãns"", -19.8414], [""edkok"", -19.9038], [""katosn"", -20.2561], [""laftsn"", -20.8179], [""katʰtʰirs"", -20.9541], [""kot"", -21.0324]]"
pinamainaj	kofu	-21.0292	"[[""kofu"", -21.0292], [""arto-(d)"", -21.4], [""ko-(t)"", -22.1524], [""luko-(d)"", -22.3803], [""lafo-(d)"", -22.3803], [""lo-(d)"", -22.5149], [""kofuu"", -23.2372], [""Qlːdãns"", -23.3474], [""edkok"", -23.4113], [""katosn"", -23.7623]]"
pinamas	vsta	-11.606	"[[""vsta"", -11.606], [""edkok"", -13.5858], [""sof"", -14.7141], [""kot"", -14.7141], [""sfa"", -15.1126], [""aɕtrkoɕ"", -16.0693], [""ʃanto-"", -16.0991], [""fẽnstifi"", -16.3952], [""alːtoka-"", -16.7058], [""kukok"", -16.7527]]"
pinamasi	vsta	-15.1113	"[[""vsta"", -15.1113], [""alːtoka-"", -16.3591], [""astrkota-"", -16.5069], [""edkok"", -17.093], [""ʃaroka-"", -17.4862], [""saroka-"", -17.4862], [""sfa-"", -17.9637], [""tfi-"", -17.9637], [""kot"", -18.2212], [""sof"", -18.2212]]"
pinamasir	vsta	-18.6166	"[[""vsta"", -18.6166], [""alːtoka-"", -19.1834], [""astrkota-"", -19.3311], [""saroka-"", -20.3104], [""ʃaroka-"", -20.3104], [""edkok"", -20.6001], [""kof(i)-"", -20.7584], [""tfi-"", -20.7881], [""sfa-"", -20.7881], [""[k]asa-"", -21.0926]]"
pinamasiru	vsta	-22.1219	"[[""vsta"", -22.1219], [""alːtoka-"", -22.2882], [""astrkota-"", -22.436], [""kof(i)-"", -23.2095], [""saroka-"", -23.4152], [""ʃaroka-"", -23.4152], [""tfi-"", -23.893], [""sfa-"", -23.893], [""edkok"", -24.1072], [""[k]asa-"", -24.1825]]"
ram	=k	-6.36	"[[""=k"", -6.36], [""sof"", -7.5321], [""kot"", -7.5321], [""tro"", -7.5343], [""kofu"", -7.6625], [""kowe"", -7.6662], [""=tlː"", -8.44], [""os-"", -9.0111], [""kat-"", -9.0879], [""tis-"", -9.0879]]"
rama	kot	-4.1928	"[[""kot"", -4.1928], [""sof"", -4.1928], [""kukok"", -6.9435], [""edkok"", -7.6104], [""kofu"", -7.6416], [""kofuu"", -7.6676], [""=k"", -8.4937], [""tso-"", -9.0961], [""kʷi=k"", -9.1143], [""kʷisk"", -9.6448]]"
raman	katosn	-6.9416	"[[""katosn"", -6.9416], [""sof"", -7.6999], [""kot"", -7.6999], [""pitotsn"", -10.2813], [""ko-(t)"", -10.2996], [""witsn"", -10.4153], [""sfard"", -10.4359], [""kukok"", -10.4487], [""kofuu"", -10.4682], [""kofu"", -10.4708]]"
ramana	katosn	-10.4478	"[[""katosn"", -10.4478], [""sof"", -10.5123], [""kot"", -10.5123], [""=tlː"", -11.3455], [""ko-(t)"", -12.4681], [""katʰtʰirs"", -12.4685], [""aɕtrkoɕ"", -12.5225], [""kʷisk"", -12.5256], [""kof(i)-"", -12.5606], [""sakn-"", -12.5624]]"
ramanad	ko-(t)	-12.6675	"[[""ko-(t)"", -12.6675], [""astrko-"", -13.7393], [""aɕtrkoɕ"", -13.7864], [""katosn"", -13.9503], [""sof"", -14.0185], [""kot"", -14.0185], [""tro"", -14.02], [""=tlː"", -14.169], [""kof(i)-"", -14.5559], [""sfatrtʰa-"", -14.9539]]"
ramanada	aɕtrkoɕ	-10.4463	"[[""aɕtrkoɕ"", -10.4463], [""astrko-"", -13.3012], [""astrkota-"", -13.8665], [""ko-(t)"", -15.4543], [""kukok"", -16.0532], [""ʃanto-"", -16.0934], [""sof"", -16.4316], [""kot"", -16.4316], [""tso-"", -16.4604], [""edkok"", -16.5397]]"
ramanadaw	aɕtrkoɕ	-13.9534	"[[""aɕtrkoɕ"", -13.9534], [""astrkota-"", -16.0458], [""astrko-"", -16.1241], [""ko-(t)"", -17.554], [""kotʰtʰ(i)-"", -18.0623], [""kolts(i)-"", -18.812], [""ʃanto-"", -18.9164], [""tso-"", -19.2869], [""tsẽnʃi-(t)"", -19.3586], [""karfto-"", -19.4033]]"
ramanadawa	aɕtrkoɕ	-16.7658	"[[""aɕtrkoɕ"", -16.7658], [""astrkota-"", -18.6547], [""astrko-"", -19.2279], [""kolts(i)-"", -19.5176], [""kotʰtʰ(i)-"", -19.9471], [""ko-(t)"", -20.4807], [""kotsw(i)-"", -21.3551], [""ʃanto-"", -22.0202], [""tsẽnʃi-(t)"", -22.0754], [""kof(i)-"", -22.2709]]"
rame	tso-	-9.3814	"[[""tso-"", -9.3814], [""sako-"", -9.799], [""=k"", -9.8641], [""kot"", -10.4011], [""sof"", -10.4011], [""iʃko-"", -10.4038], [""kofu"", -10.4642], [""kowe"", -10.4669], [""tulo-"", -10.5109], [""tro"", -10.9887]]"
ramei	tso-	-12.2044	"[[""tso-"", -12.2044], [""ko-(t)"", -12.5547], [""sako-"", -12.621], [""iʃko-"", -13.2274], [""tulo-"", -13.331], [""=k"", -13.3674], [""kot"", -13.5218], [""sof"", -13.5218], [""kofu"", -13.5519], [""kowe"", -13.5543]]"
rameit	ko-(t)	-14.5619	"[[""ko-(t)"", -14.5619], [""tso-"", -15.3024], [""sako-"", -15.7232], [""iʃko-"", -16.3312], [""tulo-"", -16.4303], [""kʷi-"", -16.7294], [""kʷe-"", -16.7294], [""kot"", -16.751], [""sof"", -16.751], [""kofu"", -16.7572]]"
rameiti	ko-(t)	-17.0127	"[[""ko-(t)"", -17.0127], [""tso-"", -18.515], [""sako-"", -18.9408], [""iʃko-"", -19.5508], [""kof(i)-"", -19.5525], [""tulo-"", -19.6443], [""kʷe-"", -19.6859], [""kʷi-"", -19.6859], [""kofu"", -20.027], [""kowe"", -20.0291]]"
rameu	tso-	-12.2044	"[[""tso-"", -12.2044], [""ko-(t)"", -12.5547], [""sako-"", -12.621], [""iʃko-"", -13.2274], [""tulo-"", -13.331], [""=k"", -13.3674], [""kot"", -13.5218], [""sof"", -13.5218], [""kofu"", -13.5519], [""kowe"", -13.5543]]"
rameun	ko-(t)	-14.5619	"[[""ko-(t)"", -14.5619], [""fadol"", -14.6415], [""kʷen"", -14.7593], [""tso-"", -15.3024], [""sako-"", -15.7232], [""ʃawn"", -16.0679], [""tamn"", -16.0679], [""kud"", -16.0743], [""sav"", -16.0743], [""kan"", -16.0743]]"
rameuna	sof	-14.7088	"[[""sof"", -14.7088], [""kot"", -14.7088], [""ko-(t)"", -15.5499], [""kro-(d)"", -15.9387], [""tro-(d)"", -15.9387], [""ʃawls"", -16.066], [""arto-(d)"", -16.1119], [""lafo-(d)"", -16.1119], [""luko-(d)"", -16.1119], [""=tlː"", -16.2059]]"
rameunak	ko-(t)	-15.1531	"[[""ko-(t)"", -15.1531], [""fakarse"", -17.7762], [""sof"", -18.2159], [""kot"", -18.2159], [""kro-(d)"", -18.7578], [""tro-(d)"", -18.7578], [""karʃ-"", -18.928], [""arto-(d)"", -18.9327], [""lafo-(d)"", -18.9327], [""luko-(d)"", -18.9327]]"
rameunaka	ko-(t)	-17.9509	"[[""ko-(t)"", -17.9509], [""timleɕ"", -19.5672], [""tse-"", -20.3788], [""tseʃi-"", -20.9417], [""kolts(i)-"", -21.0045], [""kot"", -21.0297], [""sof"", -21.0297], [""det"", -21.0357], [""fẽtwinte-"", -21.0807], [""fakarse"", -21.2821]]"
rameunakan	ʃlːẽtsad	-20.2813	"[[""ʃlːẽtsad"", -20.2813], [""kafolːtsn"", -20.2986], [""ko-(t)"", -20.3448], [""pitotsn"", -21.6226], [""kʷen"", -22.2906], [""kolts(i)-"", -22.4049], [""korfi-(d)"", -22.6012], [""tawɕẽn"", -22.8375], [""taɕẽv"", -22.8503], [""fẽntsal"", -22.8843]]"
rameunar	ko-(t)	-15.1531	"[[""ko-(t)"", -15.1531], [""kot"", -18.2159], [""sof"", -18.2159], [""kro-(d)"", -18.7578], [""tro-(d)"", -18.7578], [""karʃ-"", -18.928], [""arto-(d)"", -18.9327], [""lafo-(d)"", -18.9327], [""luko-(d)"", -18.9327], [""=tlː"", -19.0314]]"
rameunaru	ko-(t)	-17.976	"[[""ko-(t)"", -17.976], [""kot"", -21.723], [""sof"", -21.723], [""korfi-(d)"", -21.7352], [""karʃ-"", -21.7515], [""kolts(i)-"", -21.7638], [""kro-(d)"", -21.8545], [""tro-(d)"", -21.8545], [""arto-(d)"", -22.0328], [""lafo-(d)"", -22.0331]]"
rameunaruk	ko-(t)	-21.0792	"[[""ko-(t)"", -21.0792], [""kolts(i)-"", -23.8385], [""korfi-(d)"", -24.0055], [""trf(i)-"", -24.3909], [""fakarse"", -24.7868], [""karʃ-"", -24.8567], [""kof(i)-"", -25.0302], [""tro-(d)"", -25.0627], [""kro-(d)"", -25.0627], [""tʰorsa-"", -25.1916]]"
rat	=k	-6.36	"[[""=k"", -6.36], [""=tlː"", -8.44], [""kat-"", -9.0879], [""tis-"", -9.0879], [""ʃi-"", -9.1032], [""ʃe-"", -9.1032], [""kʷe-"", -9.1226], [""kʷi-"", -9.1226], [""eʃ-"", -9.1314], [""os-"", -9.1314]]"
rate	=k	-9.8641	"[[""=k"", -9.8641], [""=tlː"", -11.1453], [""kʷe-"", -11.2904], [""kʷi-"", -11.2904], [""tis-"", -11.6953], [""kat-"", -11.6953], [""ʃe-"", -11.8206], [""ʃi-"", -11.8206], [""if-"", -11.9546], [""eʃ-"", -11.9546]]"
red	tro	-10.4256	"[[""tro"", -10.4256], [""olː"", -10.8637], [""ow-"", -10.8637], [""os-"", -10.8637], [""ora"", -11.1612], [""=tlː"", -11.2432], [""=k"", -11.3633], [""i-"", -11.3633], [""=ms"", -11.5351], [""=in"", -11.5351]]"
redi	os-	-13.1732	"[[""os-"", -13.1732], [""olː"", -13.1732], [""ow-"", -13.1732], [""elːo-"", -13.206], [""tso-"", -13.2703], [""=tlː"", -13.8491], [""tro"", -13.926], [""ora-"", -13.9344], [""ofi-"", -13.9344], [""ora"", -13.9673]]"
redij	nu	-15.898	"[[""nu"", -15.898], [""pu"", -15.898], [""bu"", -15.898], [""olː"", -15.9275], [""os-"", -15.9275], [""ow-"", -15.9275], [""elːo-"", -16.0249], [""lalou"", -16.0274], [""amu"", -16.0405], [""tso-"", -16.0949]]"
redija	moːus	-12.8444	"[[""moːus"", -12.8444], [""=k"", -15.2899], [""=(i)s"", -15.5082], [""puk"", -15.896], [""buk"", -15.896], [""imbous"", -16.0255], [""alus"", -16.0386], [""kot"", -17.0064], [""sof"", -17.0064], [""=iʃ"", -17.5004]]"
rei	=tlː	-11.2432	"[[""=tlː"", -11.2432], [""=k"", -11.3633], [""i-"", -11.3633], [""=iʃ"", -11.5351], [""=ms"", -11.5351], [""=in"", -11.5351], [""=ãk"", -11.5351], [""ẽt-"", -12.1474], [""bi-"", -12.1474], [""ni-"", -12.1474]]"
reik	Kile	-11.5285	"[[""Kile"", -11.5285], [""ẽt-"", -13.6825], [""eʃ-"", -13.6825], [""el-"", -13.6825], [""=tlː"", -13.8491], [""el"", -13.9074], [""eɕ"", -13.9074], [""es"", -13.9074], [""e͂n"", -13.9503], [""emi"", -13.9814]]"
reike	kʷe-	-14.212	"[[""kʷe-"", -14.212], [""Kile"", -15.032], [""ʃe-"", -15.4237], [""tse-"", -15.681], [""el-"", -16.0165], [""ẽt-"", -16.0165], [""eʃ-"", -16.0165], [""e͂n"", -16.1454], [""=tlː"", -16.6681], [""eʃa-"", -16.7532]]"
reiket	kʷe-	-17.0359	"[[""kʷe-"", -17.0359], [""ʃe-"", -18.2656], [""tse-"", -18.5065], [""Kile"", -18.5336], [""el-"", -18.775], [""eʃ-"", -18.775], [""ẽt-"", -18.775], [""e͂n"", -18.8647], [""kʷeːn-"", -19.14], [""ẽna-"", -19.2039]]"
reiketa	es	-17.5306	"[[""es"", -17.5306], [""eɕ"", -17.5306], [""=(i)s"", -18.3354], [""=k"", -18.6158], [""elːf"", -18.771], [""eʃt"", -19.5805], [""det"", -19.6087], [""kʷe-"", -20.1395], [""ẽt-"", -20.6371], [""eʃ-"", -20.6371]]"
reiketan	e͂n	-19.2979	"[[""e͂n"", -19.2979], [""ẽt-"", -20.381], [""eʃ-"", -20.381], [""esan"", -20.8658], [""etla-"", -20.9479], [""el"", -21.0369], [""es"", -21.0378], [""eɕ"", -21.0378], [""=(i)tʰ"", -21.1869], [""kʷen"", -21.7973]]"
reiketana	eʃt	-21.0312	"[[""eʃt"", -21.0312], [""=tlː"", -21.4691], [""e͂n"", -22.8043], [""kʷeːn-"", -22.9873], [""kʷe(si)=k"", -23.1219], [""etla-"", -23.1275], [""ẽt-"", -23.1994], [""eʃ-"", -23.1994], [""edkok"", -23.7119], [""elːf"", -23.7711]]"
reiketanai	esk-	-23.8784	"[[""esk-"", -23.8784], [""=tlː"", -24.292], [""eʃt"", -24.5375], [""kʷeːn-"", -25.812], [""etla-"", -25.8379], [""ẽt-"", -26.0245], [""eʃ-"", -26.0245], [""e͂n"", -26.3105], [""=(i)tʰ"", -26.4295], [""uwe-(d)"", -26.6064]]"
rej	nu	-9.3933	"[[""nu"", -9.3933], [""pu"", -9.3933], [""bu"", -9.3933], [""amu"", -9.7388], [""un"", -10.4301], [""=tlː"", -11.2432], [""i-"", -11.3633], [""=k"", -11.3633], [""=iʃ"", -11.5351], [""=ms"", -11.5351]]"
reja	=k	-8.7831	"[[""=k"", -8.7831], [""buk"", -9.3914], [""puk"", -9.3914], [""moːus"", -9.6723], [""alus"", -9.7368], [""=(i)s"", -10.3885], [""=ãk"", -11.3218], [""=iʃ"", -11.3218], [""=ms"", -11.3218], [""=nak"", -11.5285]]"
rep	=tlː	-11.2432	"[[""=tlː"", -11.2432], [""=k"", -11.3633], [""i-"", -11.3633], [""=iʃ"", -11.5351], [""=ms"", -11.5351], [""=in"", -11.5351], [""=ãk"", -11.5351], [""ẽt-"", -12.1474], [""bi-"", -12.1474], [""ni-"", -12.1474]]"
ret	=tlː	-11.2432	"[[""=tlː"", -11.2432], [""=k"", -11.3633], [""i-"", -11.3633], [""=iʃ"", -11.5351], [""=ms"", -11.5351], [""=in"", -11.5351], [""=ãk"", -11.5351], [""ẽt-"", -12.1474], [""bi-"", -12.1474], [""ni-"", -12.1474]]"
reta	=k	-8.7831	"[[""=k"", -8.7831], [""=(i)s"", -10.3885], [""=iʃ"", -11.3218], [""=ãk"", -11.3218], [""=ms"", -11.3218], [""=mas"", -11.5285], [""=nak"", -11.5285], [""=tlː"", -12.0787], [""elːf"", -12.1429], [""kat"", -12.5619]]"
rid	tro	-10.4256	"[[""tro"", -10.4256], [""olː"", -10.8637], [""ow-"", -10.8637], [""os-"", -10.8637], [""ora"", -11.1612], [""=tlː"", -11.2432], [""=k"", -11.3633], [""i-"", -11.3633], [""=ms"", -11.5351], [""=in"", -11.5351]]"
rida	=k	-8.7831	"[[""=k"", -8.7831], [""kot"", -10.0339], [""sof"", -10.0339], [""=(i)s"", -10.3885], [""os-"", -11.0789], [""ofi-"", -11.1191], [""=iʃ"", -11.3218], [""=ãk"", -11.3218], [""=ms"", -11.3218], [""=mas"", -11.5285]]"
ridau	os-	-10.5562	"[[""os-"", -10.5562], [""=k"", -12.2896], [""=(i)tʰ"", -13.2394], [""ofi-"", -13.2993], [""sof"", -13.5218], [""kot"", -13.5218], [""=(i)s"", -13.8883], [""=tlː"", -14.3292], [""=ms"", -14.8093], [""=ãk"", -14.8093]]"
ruk	Kile	-8.7201	"[[""Kile"", -8.7201], [""ẽt-"", -10.3196], [""el-"", -10.3196], [""eʃ-"", -10.3196], [""es"", -10.4301], [""eɕ"", -10.4301], [""el"", -10.4301], [""e͂n"", -10.4656], [""eta"", -10.4814], [""eʃt"", -10.4814]]"
ruka	es	-7.0108	"[[""es"", -7.0108], [""eɕ"", -7.0108], [""=k"", -8.7831], [""det"", -9.3914], [""eʃt"", -9.7516], [""elːf"", -10.3131], [""=(i)s"", -10.3885], [""ẽt-"", -10.3992], [""eʃ-"", -10.3992], [""esk-"", -10.4013]]"
rukan	e͂n	-9.86	"[[""e͂n"", -9.86], [""eʃ-"", -9.8669], [""ẽt-"", -9.8669], [""esan"", -10.4021], [""etla-"", -10.4298], [""el"", -10.5171], [""es"", -10.518], [""eɕ"", -10.518], [""kʷen"", -11.8447], [""=tlː"", -12.1687]]"
rukana	eʃt	-10.5133	"[[""eʃt"", -10.5133], [""=tlː"", -11.6365], [""etla-"", -12.6083], [""ẽt-"", -12.6824], [""eʃ-"", -12.6824], [""edkok"", -13.2622], [""eɕ"", -13.333], [""es"", -13.333], [""e͂n"", -13.3651], [""el-"", -13.3709]]"
rukanas	esk-	-13.3644	"[[""esk-"", -13.3644], [""mẽtli"", -13.9859], [""weɕfa"", -13.9866], [""eʃt"", -14.0196], [""eta"", -14.4234], [""=tlː"", -14.4591], [""etla-"", -14.5222], [""tansa"", -14.9433], [""tavsa"", -14.9433], [""trfãn"", -14.9497]]"
rus	=in	-10.0355	"[[""=in"", -10.0355], [""=iʃ"", -10.0355], [""=ãk"", -10.0355], [""=(i)s"", -10.1923], [""Kile"", -10.228], [""ni"", -10.4301], [""ti"", -10.4301], [""da"", -10.4301], [""bi"", -10.4301], [""fa"", -10.4301]]"
rusa	=iʃ	-6.7677	"[[""=iʃ"", -6.7677], [""=ãk"", -6.7677], [""=k"", -8.7831], [""=nak"", -9.4418], [""=mas"", -9.4418], [""=(i)s"", -9.578], [""isas"", -10.1636], [""fak"", -10.4003], [""kat"", -10.4003], [""nik"", -10.4279]]"
rusai	=iʃ	-10.2747	"[[""=iʃ"", -10.2747], [""=ãk"", -10.2747], [""ak-"", -10.9578], [""as-"", -10.9578], [""if-"", -10.9578], [""=k"", -12.2896], [""=(i)tʰ"", -12.3743], [""=mas"", -12.9485], [""=nak"", -12.9485], [""=(i)s"", -13.0137]]"
rusaid	as-	-13.7813	"[[""as-"", -13.7813], [""if-"", -13.7813], [""ak-"", -13.7813], [""=iʃ"", -13.7817], [""=ãk"", -13.7817], [""blːaso"", -14.9525], [""=(i)tʰ"", -15.1695], [""=k"", -15.7958], [""kat-"", -16.064], [""tis-"", -16.064]]"
rusaida	kot	-14.7123	"[[""kot"", -14.7123], [""sof"", -14.7123], [""ist"", -15.1106], [""iʃt"", -15.1106], [""=(i)s"", -15.4833], [""kʷisk"", -16.499], [""kukok"", -16.5325], [""=ãk"", -16.5873], [""=iʃ"", -16.5873], [""aɕtrkoɕ"", -16.801]]"
rusaidaa	iʃt	-17.5214	"[[""iʃt"", -17.5214], [""ist"", -17.5214], [""kot"", -17.5261], [""sof"", -17.5261], [""pitotsn"", -18.0368], [""=(i)s"", -18.1404], [""kʷisk"", -18.1964], [""=(i)tʰ"", -18.2882], [""aɕtrkoɕ"", -19.1772], [""taats"", -19.312]]"
rusaidaau	=(i)tʰ	-20.6376	"[[""=(i)tʰ"", -20.6376], [""pitotsn"", -20.8657], [""iʃt"", -21.0286], [""ist"", -21.0286], [""sof"", -21.0337], [""kot"", -21.0337], [""=(i)s"", -21.6477], [""kʷisk"", -21.7027], [""aktʰα-"", -21.97], [""ko-(t)"", -22.1251]]"
rut	=tlː	-11.2432	"[[""=tlː"", -11.2432], [""=k"", -11.3633], [""i-"", -11.3633], [""=iʃ"", -11.5351], [""=ms"", -11.5351], [""=in"", -11.5351], [""=ãk"", -11.5351], [""ẽt-"", -12.1474], [""bi-"", -12.1474], [""ni-"", -12.1474]]"
rute	=tlː	-13.8491	"[[""=tlː"", -13.8491], [""=k"", -14.4053], [""i-"", -14.4053], [""=ãk"", -14.5247], [""=in"", -14.5247], [""=iʃ"", -14.5247], [""=ms"", -14.5247], [""wr-"", -14.9765], [""eʃ-"", -14.9765], [""bi-"", -14.9765]]"
rutei	=tlː	-16.6681	"[[""=tlː"", -16.6681], [""=k"", -17.5387], [""i-"", -17.5387], [""=(i)tʰ"", -17.5502], [""=ãk"", -17.6191], [""=iʃ"", -17.6191], [""=ms"", -17.6191], [""=in"", -17.6191], [""ẽt-"", -17.9765], [""mi-"", -17.9765]]"
ruteid	=tlː	-19.6166	"[[""=tlː"", -19.6166], [""tro"", -19.998], [""=(i)tʰ"", -20.139], [""olː"", -20.6521], [""os-"", -20.6521], [""ow-"", -20.6521], [""=k"", -20.7328], [""i-"", -20.7328], [""=ãk"", -20.7824], [""=ms"", -20.7824]]"
ruteidi	elːo-	-21.5054	"[[""elːo-"", -21.5054], [""=tlː"", -22.6525], [""tso-"", -22.8244], [""=(i)tʰ"", -22.8571], [""sulːo-"", -23.3331], [""os-"", -23.3514], [""olː"", -23.3514], [""ow-"", -23.3514], [""tro"", -23.5011], [""=(i)s"", -23.7794]]"
sai	if-	-3.9475	"[[""if-"", -3.9475], [""as-"", -3.9475], [""ak-"", -3.9475], [""=k"", -6.36], [""asa-"", -6.6903], [""isa-"", -6.6903], [""ata-"", -6.6903], [""ifi-"", -6.6903], [""i-"", -6.7699], [""iʃt"", -6.9501]]"
said	if-	-6.7708	"[[""if-"", -6.7708], [""ak-"", -6.7708], [""as-"", -6.7708], [""asa-"", -9.4071], [""isa-"", -9.4071], [""ata-"", -9.4071], [""ifi-"", -9.4071], [""iʃko-"", -9.5281], [""ifro-"", -9.6367], [""isla-"", -9.7928]]"
saida	sof	-7.6981	"[[""sof"", -7.6981], [""kot"", -7.6981], [""iʃt"", -8.1], [""ist"", -8.1], [""aɕtrkoɕ"", -9.8699], [""if-"", -9.8706], [""as-"", -9.8706], [""ak-"", -9.8706], [""kukok"", -10.0435], [""iʃko-"", -10.1193]]"
saidaa	ist	-10.5106	"[[""ist"", -10.5106], [""iʃt"", -10.5106], [""sof"", -10.5118], [""kot"", -10.5118], [""kʷisk"", -11.7885], [""pitotsn"", -12.1197], [""aɕtrkoɕ"", -12.2182], [""iʃko-"", -12.5763], [""taats"", -12.8251], [""kukok"", -12.8258]]"
saidaau	ist	-14.0178	"[[""ist"", -14.0178], [""iʃt"", -14.0178], [""sof"", -14.0194], [""kot"", -14.0194], [""pitotsn"", -14.9486], [""aktʰα-"", -14.9699], [""ko-(t)"", -15.1502], [""kʷisk"", -15.294], [""iʃko-"", -15.338], [""aktʰa-"", -15.4561]]"
sar	if-	-3.9475	"[[""if-"", -3.9475], [""as-"", -3.9475], [""ak-"", -3.9475], [""=k"", -6.36], [""asa-"", -6.6903], [""isa-"", -6.6903], [""ata-"", -6.6903], [""ifi-"", -6.6903], [""i-"", -6.7699], [""iʃt"", -6.9501]]"
sara	iʃt	-4.5938	"[[""iʃt"", -4.5938], [""ist"", -4.5938], [""as-"", -6.7629], [""if-"", -6.7629], [""ak-"", -6.7629], [""isas"", -7.2961], [""iʃko-"", -7.9032], [""aɕfãn"", -8.0614], [""asfãn"", -8.0614], [""=k"", -8.4937]]"
saram	iʃt	-8.1001	"[[""iʃt"", -8.1001], [""ist"", -8.1001], [""iʃko-"", -8.5624], [""as-"", -9.5852], [""if-"", -9.5852], [""ak-"", -9.5852], [""aktʰα-"", -9.9841], [""aktʰa-"", -10.1964], [""isas"", -10.7755], [""istup-"", -10.8456]]"
sarama	aɕtrkoɕ	-7.6244	"[[""aɕtrkoɕ"", -7.6244], [""iʃko-"", -8.1347], [""kukok"", -10.3965], [""astrko-"", -10.4579], [""iʃt"", -10.5115], [""ist"", -10.5115], [""kot"", -10.5127], [""sof"", -10.5127], [""tso-"", -10.5481], [""astrkota-"", -11.0445]]"
saraman	katosn	-10.1349	"[[""katosn"", -10.1349], [""iʃko-"", -10.9568], [""aɕtrkoɕ"", -11.1268], [""laftsn"", -11.5093], [""aktʰα-"", -12.9412], [""astrkota-"", -13.2217], [""astrko-"", -13.2314], [""tso-"", -13.3702], [""aɕfãn"", -13.4079], [""asfãn"", -13.4079]]"
saramana	aɕtrkoɕ	-12.8575	"[[""aɕtrkoɕ"", -12.8575], [""katosn"", -13.6412], [""astrko-"", -13.8429], [""iʃko-"", -14.059], [""katʰtʰirs"", -14.8273], [""laftsn"", -15.0135], [""aktʰα-"", -15.1723], [""astrkota-"", -15.4824], [""tso-"", -16.4725], [""kukok"", -16.7125]]"
saramanad	astrko-	-14.4809	"[[""astrko-"", -14.4809], [""aɕtrkoɕ"", -14.4812], [""astrkota-"", -17.0016], [""katosn"", -17.1473], [""iʃko-"", -17.2535], [""aktʰα-"", -17.6386], [""katʰtʰirs"", -18.3338], [""laftsn"", -18.5177], [""sfatrtʰa-"", -18.761], [""tʰorsa-"", -18.952]]"
saramanada	aɕtrkoɕ	-11.1937	"[[""aɕtrkoɕ"", -11.1937], [""astrko-"", -14.0486], [""astrkota-"", -14.613], [""aʃnãnto-"", -19.6106], [""iʃko-"", -19.7742], [""iʃkupto-"", -19.7905], [""aktʰα-"", -20.3248], [""katosn"", -20.6457], [""sfatrtʰa-"", -20.9224], [""katʰtʰirs"", -21.0086]]"
sarame	iʃko-	-8.1366	"[[""iʃko-"", -8.1366], [""astrko-"", -10.48], [""tso-"", -10.55], [""takto-"", -11.3933], [""arkto-"", -11.4484], [""iʃt"", -11.6064], [""ist"", -11.6064], [""aktʰα-"", -11.8653], [""aktʰa-"", -12.3719], [""ak-"", -12.6902]]"
saramei	iʃko-	-10.9605	"[[""iʃko-"", -10.9605], [""aktʰα-"", -12.9691], [""astrko-"", -13.3026], [""tso-"", -13.3739], [""takto-"", -14.2172], [""arkto-"", -14.2724], [""iʃt(i)-"", -14.9533], [""aktʰa-"", -14.9861], [""ist"", -15.1127], [""iʃt"", -15.1127]]"
sarameit	iʃko-	-14.0655	"[[""iʃko-"", -14.0655], [""aktʰα-"", -15.2161], [""astrko-"", -16.4057], [""tso-"", -16.4789], [""takto-"", -17.3221], [""arkto-"", -17.3774], [""iʃt(i)-"", -17.4069], [""iskʷ(i)-"", -17.5444], [""aktʰa-"", -17.8139], [""iʃt"", -18.619]]"
sarameiti	iʃko-	-17.2866	"[[""iʃko-"", -17.2866], [""aktʰα-"", -17.8496], [""astrko-"", -19.6245], [""tso-"", -19.7001], [""iskʷ(i)-"", -19.877], [""iʃt(i)-"", -20.0916], [""takto-"", -20.5431], [""arkto-"", -20.5986], [""aktʰa-"", -20.7707], [""iʃkupto-"", -21.8619]]"
sarameu	iʃko-	-10.9605	"[[""iʃko-"", -10.9605], [""aktʰα-"", -12.9691], [""astrko-"", -13.3026], [""tso-"", -13.3739], [""takto-"", -14.2172], [""arkto-"", -14.2724], [""iʃt(i)-"", -14.9533], [""aktʰa-"", -14.9861], [""ist"", -15.1127], [""iʃt"", -15.1127]]"
sarameun	iʃko-	-14.0655	"[[""iʃko-"", -14.0655], [""aktʰα-"", -15.2161], [""astrko-"", -16.3991], [""tso-"", -16.4789], [""aɕfãn"", -17.1267], [""asfãn"", -17.1267], [""takto-"", -17.3221], [""arkto-"", -17.3774], [""iʃt(i)-"", -17.4069], [""iskʷ(i)-"", -17.5444]]"
sarameuna	iʃko-	-17.2862	"[[""iʃko-"", -17.2862], [""aɕtrkoɕ"", -17.311], [""aktʰα-"", -17.8496], [""astrko-"", -18.2395], [""katʰtʰirs"", -18.5084], [""tsato-(d)"", -18.5147], [""aʃno-(d)"", -19.0918], [""iʃfolla-(d)"", -19.2296], [""arto-(d)"", -19.2927], [""tso-"", -19.6996]]"
sarameunak	aɕtrkoɕ	-20.5649	"[[""aɕtrkoɕ"", -20.5649], [""iʃko-"", -20.5702], [""astrko-"", -20.6012], [""aktʰα-"", -20.6832], [""tsato-(d)"", -21.3355], [""ko-(t)"", -21.4666], [""fakarse"", -21.8774], [""iʃfolla-(d)"", -21.9081], [""aʃno-(d)"", -21.9125], [""katʰtʰirs"", -22.0152]]"
sarameunar	aɕtrkoɕ	-20.5649	"[[""aɕtrkoɕ"", -20.5649], [""iʃko-"", -20.5702], [""astrko-"", -20.6012], [""aktʰα-"", -20.6832], [""tsato-(d)"", -21.3355], [""ko-(t)"", -21.4666], [""iʃfolla-(d)"", -21.9081], [""aʃno-(d)"", -21.9125], [""katʰtʰirs"", -22.0152], [""arto-(d)"", -22.1135]]"
sare	as-	-6.7708	"[[""as-"", -6.7708], [""if-"", -6.7708], [""ak-"", -6.7708], [""ifi-"", -9.4071], [""ata-"", -9.4071], [""asa-"", -9.4071], [""isa-"", -9.4071], [""iʃko-"", -9.7478], [""isla-"", -9.7928], [""atna-"", -9.7928]]"
sarej	ak-	-9.8759	"[[""ak-"", -9.8759], [""if-"", -9.8759], [""as-"", -9.8759], [""aktʰα-"", -11.5781], [""isa-"", -12.3496], [""ifi-"", -12.3496], [""ata-"", -12.3496], [""asa-"", -12.3496], [""iʃko-"", -12.569], [""kofu"", -12.5704]]"
sareja	iʃt	-11.6062	"[[""iʃt"", -11.6062], [""ist"", -11.6062], [""as-"", -13.0933], [""if-"", -13.0933], [""ak-"", -13.0933], [""kukok"", -13.2895], [""alus"", -13.6037], [""isas"", -13.6456], [""artimus"", -13.7745], [""aktʰα-"", -13.8943]]"
sas	as-	-3.947	"[[""as-"", -3.947], [""if-"", -3.947], [""ak-"", -3.947], [""fa"", -4.5975], [""ti"", -4.5975], [""aɕaa"", -4.8869], [""afara"", -4.9653], [""afala"", -4.9653], [""asa-"", -5.3826], [""ifi-"", -5.3826]]"
sasa	isas	-2.1819	"[[""isas"", -2.1819], [""ist"", -4.5919], [""iʃt"", -4.5919], [""kat"", -4.5944], [""fak"", -4.5944], [""afaris"", -4.9614], [""ifi-"", -5.0328], [""isa-"", -5.0328], [""asa-"", -5.0328], [""ata-"", -5.0328]]"
sasar	isas	-5.6889	"[[""isas"", -5.6889], [""tis-"", -7.4486], [""kat-"", -7.4486], [""asa-"", -7.8544], [""ata-"", -7.8544], [""ifi-"", -7.8544], [""isa-"", -7.8544], [""ist"", -8.0973], [""iʃt"", -8.0973], [""fak"", -8.1015]]"
sasara	isas	-8.4968	"[[""isas"", -8.4968], [""iʃt"", -10.2253], [""ist"", -10.2253], [""tis-"", -10.2649], [""kat-"", -10.2649], [""titiɕ"", -10.4984], [""satit"", -10.4984], [""taats"", -10.6133], [""afaris"", -10.8565], [""kat"", -10.9126]]"
sasaram	fabatko	-11.5511	"[[""fabatko"", -11.5511], [""isas"", -12.0042], [""takto-"", -12.0638], [""aktʰα-"", -12.9243], [""tis-"", -13.0867], [""kat-"", -13.0867], [""kasta-"", -13.6326], [""iʃt"", -13.7322], [""ist"", -13.7322], [""satit"", -13.985]]"
sasarama	aɕtrkoɕ	-11.379	"[[""aɕtrkoɕ"", -11.379], [""takto-"", -11.6367], [""katʰtʰirs"", -13.6889], [""iʃko-"", -13.7634], [""astrko-"", -14.2305], [""iʃkupto-"", -14.3865], [""sako-"", -14.4482], [""astrkota-"", -14.7977], [""karfto-"", -14.8741], [""katosn"", -15.0414]]"
sasaraman	katosn	-11.5944	"[[""katosn"", -11.5944], [""kafolːtsn"", -14.2902], [""takto-"", -14.4588], [""aɕtrkoɕ"", -14.8855], [""iʃko-"", -16.5875], [""laftsn"", -16.5962], [""fiʃfid"", -16.9088], [""astrkota-"", -16.9777], [""katʰtʰirs"", -17.0144], [""astrko-"", -17.0471]]"
sasaramana	katosn	-15.1007	"[[""katosn"", -15.1007], [""katʰtʰirs"", -15.3565], [""aɕtrkoɕ"", -17.4942], [""takto-"", -17.561], [""kafolːtsn"", -17.7442], [""fakorfid"", -18.5279], [""astrko-"", -19.2949], [""astrkota-"", -19.5398], [""iʃko-"", -19.6913], [""katof(i)-"", -19.939]]"
sasarame	takto-	-11.6386	"[[""takto-"", -11.6386], [""iʃko-"", -13.7646], [""astrko-"", -14.2345], [""iʃkupto-"", -14.3913], [""sako-"", -14.4487], [""karfto-"", -14.8776], [""fabatko"", -15.0573], [""aktʰα-"", -15.1485], [""isas"", -15.5117], [""sfato-"", -16.0721]]"
sasaramei	takto-	-14.4625	"[[""takto-"", -14.4625], [""iʃko-"", -16.5898], [""astrko-"", -17.0584], [""iʃkupto-"", -17.215], [""sako-"", -17.2752], [""aktʰα-"", -17.5515], [""karfto-"", -17.7016], [""tats(i)-"", -18.449], [""fabatko"", -18.5635], [""sfato-"", -18.8972]]"
sasarameit	takto-	-17.5675	"[[""takto-"", -17.5675], [""iʃko-"", -19.6953], [""astrko-"", -20.1632], [""aktʰα-"", -20.1959], [""iʃkupto-"", -20.3198], [""sako-"", -20.3811], [""karfto-"", -20.8066], [""tats(i)-"", -20.905], [""tsito-"", -22.0025], [""sfato-"", -22.0025]]"
sasarameu	takto-	-14.4625	"[[""takto-"", -14.4625], [""iʃko-"", -16.5898], [""astrko-"", -17.0584], [""iʃkupto-"", -17.215], [""sako-"", -17.2752], [""aktʰα-"", -17.5515], [""karfto-"", -17.7016], [""tats(i)-"", -18.449], [""fabatko"", -18.5635], [""sfato-"", -18.8972]]"
sasarameun	takto-	-17.5675	"[[""takto-"", -17.5675], [""iʃko-"", -19.6953], [""astrko-"", -20.1622], [""aktʰα-"", -20.1959], [""iʃkupto-"", -20.3198], [""sako-"", -20.3811], [""katosn"", -20.4099], [""fiʃfid"", -20.628], [""karfto-"", -20.8066], [""tats(i)-"", -20.905]]"
sau	if-	-3.9475	"[[""if-"", -3.9475], [""as-"", -3.9475], [""ak-"", -3.9475], [""=k"", -6.36], [""asa-"", -6.6903], [""isa-"", -6.6903], [""ata-"", -6.6903], [""ifi-"", -6.6903], [""i-"", -6.7699], [""iʃt"", -6.9501]]"
saun	if-	-6.7708	"[[""if-"", -6.7708], [""as-"", -6.7708], [""ak-"", -6.7708], [""akad"", -7.3244], [""asfãn"", -7.3296], [""aɕfãn"", -7.3296], [""aɕaãv"", -7.3614], [""atna-"", -7.9117], [""isla-"", -7.9117], [""ifro-"", -7.9117]]"
sauna	ist	-8.1	"[[""ist"", -8.1], [""iʃt"", -8.1], [""=tlː"", -9.2089], [""aɕtrkoɕ"", -9.6791], [""ʃawls"", -9.7584], [""as-"", -9.8706], [""ak-"", -9.8706], [""if-"", -9.8706], [""atna-"", -10.1522], [""isla-"", -10.1522]]"
saunak	fakarse	-10.5251	"[[""fakarse"", -10.5251], [""ist"", -11.6063], [""iʃt"", -11.6063], [""=tlː"", -12.0316], [""karʃ-"", -12.4499], [""astrko-"", -12.4999], [""aʃnãnto-"", -12.5546], [""tase"", -12.6453], [""aɕtrkoɕ"", -12.7725], [""ak-"", -12.8711]]"
saunaka	ãntʰẽt	-11.2381	"[[""ãntʰẽt"", -11.2381], [""aɕtrkoɕ"", -13.0874], [""timleɕ"", -13.2583], [""tse-"", -13.3665], [""tseʃi-"", -13.9298], [""iʃt"", -14.0178], [""ist"", -14.0178], [""det"", -14.0213], [""fakarse"", -14.0311], [""atelis"", -14.2545]]"
saunakan	ʃlːẽtsad	-13.2765	"[[""ʃlːẽtsad"", -13.2765], [""alːev"", -14.4488], [""atʰlːe-(d)"", -14.6038], [""atraɕtal"", -14.6653], [""ãntʰẽt"", -14.7403], [""laftsn"", -14.9259], [""kʷen"", -15.782], [""trfãn"", -16.0694], [""tseʃi-"", -16.1091], [""taɕẽv"", -16.1476]]"
saunakana	atʰlːe-(d)	-14.7228	"[[""atʰlːe-(d)"", -14.7228], [""ʃlːẽtsad"", -16.1157], [""aɕtrkoɕ"", -16.6489], [""astrko-"", -17.3985], [""ãntʰẽt"", -17.4087], [""karʃe-(d)"", -17.564], [""atelis"", -17.7481], [""katʰtʰirs"", -17.795], [""alːev"", -17.9558], [""kʷeːn-"", -17.9788]]"
sek	i-	-6.7699	"[[""i-"", -6.7699], [""Kile"", -8.6113], [""ak-"", -9.3891], [""as-"", -9.3891], [""ad-"", -9.3891], [""if-"", -9.3891], [""ata-"", -9.7752], [""asa-"", -9.7752], [""ama-"", -9.7752], [""ifi-"", -9.7752]]"
seka	es	-7.0108	"[[""es"", -7.0108], [""eɕ"", -7.0108], [""ãntʰẽt"", -7.3555], [""=k"", -8.7831], [""det"", -9.3914], [""eʃt"", -9.7516], [""i-"", -9.8745], [""iʃt"", -10.1328], [""ist"", -10.1328], [""isas"", -10.1615]]"
sekan	e͂n	-9.86	"[[""e͂n"", -9.86], [""eʃ-"", -9.8669], [""ẽt-"", -9.8669], [""alːev"", -10.1865], [""esan"", -10.4019], [""etla-"", -10.4298], [""el"", -10.5171], [""eɕ"", -10.518], [""es"", -10.518], [""amẽd"", -10.7756]]"
sekana	eʃt	-10.5133	"[[""eʃt"", -10.5133], [""iʃt"", -11.6008], [""ist"", -11.6008], [""=tlː"", -11.6365], [""etla-"", -12.6083], [""eʃ-"", -12.6824], [""ẽt-"", -12.6824], [""aɕtrkoɕ"", -12.8881], [""edkok"", -13.2622], [""iʃmẽn-"", -13.3184]]"
sekanas	avka	-12.6929	"[[""avka"", -12.6929], [""anka"", -12.6929], [""esk-"", -13.3644], [""mẽtli"", -13.9859], [""weɕfa"", -13.9866], [""eʃt"", -14.0196], [""eta"", -14.4234], [""=tlː"", -14.4591], [""etla-"", -14.5222], [""tansa"", -14.6962]]"
sekanasi	etla-	-14.4499	"[[""etla-"", -14.4499], [""atna-"", -15.5393], [""isla-"", -15.5393], [""anka-"", -15.5443], [""esk-"", -16.1895], [""avka"", -16.1982], [""anka"", -16.1982], [""astrkota-"", -16.8239], [""mẽtli-"", -16.8305], [""wesfa-"", -16.8377]]"
sekanasis	etla-	-17.2698	"[[""etla-"", -17.2698], [""iʃl(i)-"", -17.6535], [""isla-"", -18.3592], [""atna-"", -18.3592], [""anka-"", -18.3608], [""anka"", -19.0151], [""avka"", -19.0151], [""esk-"", -19.295], [""ẽtwerʃ(i)-"", -19.6282], [""astrkota-"", -19.6296]]"
sekanasisi	iʃl(i)-	-20.0927	"[[""iʃl(i)-"", -20.0927], [""etla-"", -20.0965], [""aktʰa-"", -21.1676], [""anka-"", -21.1856], [""atna-"", -21.186], [""isla-"", -21.186], [""ẽtwerʃ(i)-"", -21.8026], [""trf(i)-"", -21.8464], [""ardẽt(i)-"", -22.1467], [""aktʰα-"", -22.2152]]"
ser	i-	-6.7699	"[[""i-"", -6.7699], [""ak-"", -9.3891], [""ad-"", -9.3891], [""if-"", -9.3891], [""as-"", -9.3891], [""asa-"", -9.7752], [""ina-"", -9.7752], [""ada-"", -9.7752], [""ata-"", -9.7752], [""isa-"", -9.7752]]"
sera	=k	-8.7831	"[[""=k"", -8.7831], [""i-"", -9.8745], [""ist"", -10.1328], [""iʃt"", -10.1328], [""isas"", -10.1615], [""=(i)s"", -10.3558], [""alus"", -10.447], [""=iʃ"", -10.7664], [""=ãk"", -10.7664], [""if-"", -11.2123]]"
serat	as-	-10.9508	"[[""as-"", -10.9508], [""if-"", -10.9508], [""ak-"", -10.9508], [""in-(t)"", -12.1382], [""=k"", -12.2896], [""i-"", -13.0953], [""=(i)tʰ"", -13.2068], [""iʃt"", -13.4292], [""ist"", -13.4292], [""isas"", -13.4459]]"
serate	ak-	-13.7769	"[[""ak-"", -13.7769], [""if-"", -13.7769], [""as-"", -13.7769], [""in-(t)"", -14.9586], [""=k"", -15.7958], [""=(i)tʰ"", -16.0263], [""aktʰα-"", -16.2623], [""isa-"", -16.3576], [""ifi-"", -16.3576], [""asa-"", -16.3576]]"
set	i-	-6.7699	"[[""i-"", -6.7699], [""ak-"", -9.3891], [""ad-"", -9.3891], [""if-"", -9.3891], [""as-"", -9.3891], [""asa-"", -9.7752], [""ina-"", -9.7752], [""ada-"", -9.7752], [""ata-"", -9.7752], [""isa-"", -9.7752]]"
seto	i-	-9.8693	"[[""i-"", -9.8693], [""alːa"", -10.4751], [""aara"", -11.2336], [""ama"", -11.3908], [""aɕaa"", -11.4935], [""aula"", -11.532], [""anka"", -11.532], [""avka"", -11.532], [""ad-"", -12.2618], [""as-"", -12.2618]]"
setoi	i-	-12.8721	"[[""i-"", -12.8721], [""alːa-"", -13.3155], [""aktʰa-"", -13.7178], [""awlːa-"", -13.7178], [""alːa"", -13.9726], [""ina-"", -14.1017], [""ada-"", -14.1017], [""ifi-"", -14.1017], [""ama-"", -14.1017], [""isa-"", -14.1017]]"
setoij	i-	-16.0458	"[[""i-"", -16.0458], [""al(i)-"", -16.102], [""alːa-"", -16.1386], [""awl(i)-"", -16.5053], [""iʃt(i)-"", -16.5053], [""iʃl(i)-"", -16.5053], [""awlːa-"", -16.5391], [""aktʰa-"", -16.5391], [""amu"", -16.5846], [""iskʷ(i)-"", -16.8117]]"
setoija	=(i)s	-14.8633	"[[""=(i)s"", -14.8633], [""alus"", -16.5826], [""=iʃ"", -16.8706], [""=ãk"", -16.8706], [""artimus"", -17.568], [""moːus"", -17.9704], [""kʷi=k"", -18.1083], [""=(i)tʰ"", -18.113], [""isas"", -18.2567], [""imbous"", -18.4587]]"
sii	i-	-6.7699	"[[""i-"", -6.7699], [""ak-"", -9.3891], [""ad-"", -9.3891], [""if-"", -9.3891], [""as-"", -9.3891], [""asa-"", -9.7752], [""ina-"", -9.7752], [""ada-"", -9.7752], [""ata-"", -9.7752], [""isa-"", -9.7752]]"
siip	i-	-9.8745	"[[""i-"", -9.8745], [""ad-"", -12.322], [""as-"", -12.322], [""ak-"", -12.322], [""if-"", -12.322], [""ara-"", -12.5942], [""asa-"", -12.5942], [""ama-"", -12.5942], [""ina-"", -12.5942], [""ifi-"", -12.5942]]"
siipi	i-	-13.0953	"[[""i-"", -13.0953], [""aktʰα-"", -14.8846], [""ak-"", -15.3836], [""if-"", -15.3836], [""ad-"", -15.3836], [""as-"", -15.3836], [""asa-"", -15.5887], [""ifi-"", -15.5887], [""ata-"", -15.5887], [""ara-"", -15.5887]]"
siipin	ãn	-15.1093	"[[""ãn"", -15.1093], [""in"", -15.1093], [""an"", -15.1093], [""i-"", -16.3799], [""inl"", -16.7335], [""iran"", -16.7422], [""akad"", -16.913], [""amẽd"", -16.9184], [""=in"", -17.2213], [""=dãn"", -17.3314]]"
siipina	ad-	-17.9505	"[[""ad-"", -17.9505], [""nãrs"", -18.1622], [""nars"", -18.1622], [""ta-(d)"", -18.2384], [""pa-(d)"", -18.2385], [""=(i)s"", -18.3291], [""alus"", -18.3892], [""anka-"", -18.5228], [""anka"", -18.5555], [""avka"", -18.5555]]"
siipinam	antola	-19.2679	"[[""antola"", -19.2679], [""in-(t)"", -19.9944], [""anka-"", -20.7053], [""ad-"", -20.7812], [""astrko-"", -20.8946], [""arkto-"", -20.9053], [""aɕtrkoɕ"", -20.9434], [""ta-(d)"", -21.0621], [""pa-(d)"", -21.0622], [""karʃ-"", -21.0772]]"
siipinama	aɕtrkoɕ	-17.6022	"[[""aɕtrkoɕ"", -17.6022], [""edkok"", -19.9087], [""astrko-"", -20.4566], [""ãntʰẽt"", -20.7001], [""arkto-"", -20.9047], [""astrkota-"", -21.0224], [""kot"", -21.7283], [""sof"", -21.7283], [""ʃanto-"", -21.7637], [""alːtoka-"", -21.9228]]"
siipinamai	aɕtrkoɕ	-21.1093	"[[""aɕtrkoɕ"", -21.1093], [""astrkota-"", -23.2017], [""astrko-"", -23.2786], [""edkok"", -23.4158], [""arkto-"", -23.4711], [""in-(t)"", -23.4754], [""alːtoka-"", -24.1002], [""arto-(d)"", -24.1497], [""ãntʰẽt"", -24.1508], [""ʃanto-"", -24.5865]]"
sir	i-	-6.7699	"[[""i-"", -6.7699], [""ak-"", -9.3891], [""ad-"", -9.3891], [""if-"", -9.3891], [""as-"", -9.3891], [""asa-"", -9.7752], [""ina-"", -9.7752], [""ada-"", -9.7752], [""ata-"", -9.7752], [""isa-"", -9.7752]]"
sira	=k	-8.7831	"[[""=k"", -8.7831], [""i-"", -9.8745], [""ist"", -10.1328], [""iʃt"", -10.1328], [""isas"", -10.1615], [""=(i)s"", -10.3558], [""alus"", -10.447], [""=iʃ"", -10.7664], [""=ãk"", -10.7664], [""if-"", -11.2123]]"
siru	i-	-9.8745	"[[""i-"", -9.8745], [""ad-"", -12.322], [""as-"", -12.322], [""ak-"", -12.322], [""if-"", -12.322], [""ara-"", -12.5942], [""asa-"", -12.5942], [""ama-"", -12.5942], [""ina-"", -12.5942], [""ifi-"", -12.5942]]"
sirut	i-	-13.0953	"[[""i-"", -13.0953], [""aktʰα-"", -14.8846], [""ak-"", -15.3836], [""if-"", -15.3836], [""ad-"", -15.3836], [""as-"", -15.3836], [""asa-"", -15.5887], [""ifi-"", -15.5887], [""ata-"", -15.5887], [""ara-"", -15.5887]]"
sirute	i-	-16.3799	"[[""i-"", -16.3799], [""aktʰα-"", -17.3504], [""if-"", -18.5266], [""as-"", -18.5266], [""ak-"", -18.5266], [""ad-"", -18.5266], [""ada-"", -18.6855], [""ama-"", -18.6855], [""ata-"", -18.6855], [""ara-"", -18.6855]]"
sirutei	i-	-19.705	"[[""i-"", -19.705], [""aktʰα-"", -20.0358], [""ad-"", -21.7259], [""if-"", -21.7259], [""as-"", -21.7259], [""ak-"", -21.7259], [""ata-"", -21.8499], [""isa-"", -21.8499], [""ama-"", -21.8499], [""asa-"", -21.8499]]"
siruteid	aktʰα-	-22.8627	"[[""aktʰα-"", -22.8627], [""i-"", -23.0582], [""iskʷ(i)-"", -24.5696], [""in-(t)"", -24.7425], [""al(i)-"", -24.8], [""if-"", -24.9663], [""as-"", -24.9663], [""ak-"", -24.9663], [""ad-"", -24.9663], [""ani-"", -25.0623]]"
siruteidi	aktʰα-	-25.7887	"[[""aktʰα-"", -25.7887], [""i-"", -26.4318], [""ifro-"", -27.063], [""iʃko-"", -27.063], [""iskʷ(i)-"", -27.3058], [""in-(t)"", -27.6926], [""al(i)-"", -27.7395], [""elːo-"", -27.7685], [""ãna- (ãʃ)"", -27.9557], [""iʃt(i)-"", -27.9856]]"
sis	i-	-6.7621	"[[""i-"", -6.7621], [""alːa"", -7.7746], [""aara"", -8.0319], [""ama"", -8.2654], [""aɕaa"", -8.4032], [""avka"", -8.4468], [""anka"", -8.4468], [""aula"", -8.4468], [""ak-"", -9.2845], [""as-"", -9.2845]]"
sisi	i-	-9.5869	"[[""i-"", -9.5869], [""alːa-"", -10.6143], [""ama-"", -11.0117], [""ani-"", -11.0117], [""asa-"", -11.0117], [""ara-"", -11.0117], [""ata-"", -11.0117], [""ina-"", -11.0117], [""ifi-"", -11.0117], [""isa-"", -11.0117]]"
sisir	i-	-12.6924	"[[""i-"", -12.6924], [""al(i)-"", -13.4051], [""alːa-"", -13.4321], [""ata-"", -13.8507], [""ina-"", -13.8507], [""ada-"", -13.8507], [""ifi-"", -13.8507], [""ama-"", -13.8507], [""asa-"", -13.8507], [""ani-"", -13.8507]]"
tai	=k	-6.36	"[[""=k"", -6.36], [""=tlː"", -8.44], [""kat-"", -9.0879], [""tis-"", -9.0879], [""ʃi-"", -9.1032], [""ʃe-"", -9.1032], [""kʷe-"", -9.1226], [""kʷi-"", -9.1226], [""eʃ-"", -9.1314], [""os-"", -9.1314]]"
taiΘ	=k	-9.8641	"[[""=k"", -9.8641], [""=tlː"", -11.1453], [""kʷe-"", -11.2904], [""kʷi-"", -11.2904], [""tis-"", -11.6953], [""kat-"", -11.6953], [""ʃe-"", -11.8206], [""ʃi-"", -11.8206], [""if-"", -11.9546], [""eʃ-"", -11.9546]]"
taiΘu	=k	-13.3674	"[[""=k"", -13.3674], [""kʷe-"", -13.9025], [""kʷi-"", -13.9025], [""=tlː"", -14.077], [""tis-"", -14.6175], [""kat-"", -14.6175], [""kʷel-"", -14.7035], [""tinV-"", -14.7358], [""ʃi-"", -14.7634], [""ʃe-"", -14.7634]]"
taiΘuj	kofu	-15.8439	"[[""kofu"", -15.8439], [""kʷi-"", -16.7294], [""kʷe-"", -16.7294], [""taakʷu"", -16.8106], [""=k"", -16.8699], [""kup-"", -17.0354], [""=tlː"", -17.1341], [""kʷel-"", -17.3261], [""tinV-"", -17.3519], [""kud"", -17.3837]]"
taiΘuja	kʷi=k	-16.7252	"[[""kʷi=k"", -16.7252], [""helũk"", -16.7804], [""kukok"", -16.7912], [""kuka-"", -17.4373], [""kʷalmlus"", -17.8932], [""kʷisk"", -17.9699], [""moːus"", -17.9704], [""=(i)s"", -18.335], [""=k"", -18.4605], [""puk"", -19.2162]]"
taiΘw	kim	-12.8498	"[[""kim"", -12.8498], [""tarb"", -12.8628], [""=k"", -13.3674], [""kʷi-"", -13.9025], [""kʷe-"", -13.9025], [""=tlː"", -14.077], [""kat-"", -14.6175], [""tis-"", -14.6175], [""kʷel-"", -14.7035], [""tinV-"", -14.7358]]"
taiΘwa	=ms	-12.0022	"[[""=ms"", -12.0022], [""kʷi=k"", -13.898], [""kʷisk"", -14.9693], [""=k"", -15.1062], [""=mas"", -15.3397], [""=(i)s"", -15.5074], [""tsiw-"", -15.6443], [""tam-"", -15.6501], [""saw-"", -15.6501], [""ʃaw-"", -15.6501]]"
taiΘwae	=ms	-15.5094	"[[""=ms"", -15.5094], [""ko-(t)"", -17.0586], [""kʷi=k"", -17.4021], [""tsa-(t)"", -17.4857], [""kʷãn-(t)"", -17.9996], [""tsiw-"", -18.3299], [""=(i)tʰ"", -18.3561], [""kʷisk"", -18.4377], [""tawsa-"", -18.4439], [""kup-"", -18.4911]]"
taiΘwaea	kʷisk	-18.2166	"[[""kʷisk"", -18.2166], [""=ms"", -18.324], [""kʷi=k"", -19.4033], [""taats"", -19.5618], [""ko-(t)"", -19.8512], [""kʷe(si)=k"", -19.9662], [""tsa-(t)"", -20.2336], [""kʷãn-(t)"", -20.7288], [""wsta-"", -20.8195], [""katʰtʰirs"", -20.84]]"
taiΘwaead	fabatko	-20.2969	"[[""fabatko"", -20.2969], [""kʷisk"", -21.7216], [""=ms"", -21.8316], [""ʃarpta-(t)"", -21.8834], [""tsa-(t)"", -22.0444], [""ko-(t)"", -22.1553], [""kʷãn-(t)"", -22.3517], [""kʷi=k"", -22.9092], [""wsta-"", -23.0596], [""taats"", -23.0672]]"
taiΘwaeadi	takto-	-23.0546	"[[""takto-"", -23.0546], [""karfto-"", -23.1044], [""tso-"", -23.4799], [""sfato-"", -23.642], [""tsito-"", -23.642], [""fabatko"", -23.803], [""ʃarpta-(t)"", -24.6965], [""iʃkupto-"", -24.8697], [""tsa-(t)"", -24.9486], [""ko-(t)"", -25.1308]]"
taiΘwaj	=ms	-15.5094	"[[""=ms"", -15.5094], [""kofu"", -16.0577], [""ko-(t)"", -17.0586], [""kʷi=k"", -17.4021], [""tsa-(t)"", -17.4857], [""pu"", -17.5315], [""bu"", -17.5315], [""kʷãn-(t)"", -17.9996], [""kʷalːmlːu"", -18.0204], [""tsiw-"", -18.3299]]"
taiΘwaja	puk	-17.5285	"[[""puk"", -17.5285], [""buk"", -17.5285], [""kʷisk"", -18.2166], [""=ms"", -18.324], [""kʷalmlus"", -18.3655], [""kʷi=k"", -19.4033], [""moːus"", -19.449], [""kukok"", -19.5471], [""taats"", -19.5618], [""kofu"", -19.5632]]"
taiΘwajaa	kukok	-20.1676	"[[""kukok"", -20.1676], [""kʷisk"", -20.2704], [""puk"", -20.344], [""buk"", -20.344], [""kʷalmlus"", -21.1801], [""=ms"", -21.4258], [""taats"", -21.6874], [""kʷe(si)=k"", -21.8023], [""ʃarpta-(t)"", -21.8165], [""tsa-(t)"", -22.0096]]"
taiΘwajaad	fabatko	-22.2811	"[[""fabatko"", -22.2811], [""kukok"", -23.0387], [""ʃarpta-(t)"", -23.5315], [""kʷisk"", -23.7771], [""buk"", -23.8517], [""puk"", -23.8517], [""tsa-(t)"", -24.142], [""tsa- (tsak)"", -24.1652], [""kʷãn-(t)"", -24.5674], [""ko-(t)"", -24.6856]]"
taiΘwajaaj	kofuu	-23.0564	"[[""kofuu"", -23.0564], [""ʃarpta-(t)"", -23.5315], [""kukok"", -23.623], [""kʷisk"", -23.7771], [""puk"", -23.8513], [""buk"", -23.8513], [""tsa-(t)"", -24.142], [""tsa- (tsak)"", -24.1652], [""taakʷu"", -24.3114], [""kʷãn-(t)"", -24.5674]]"
taiΘwajaj	kofuu	-19.5566	"[[""kofuu"", -19.5566], [""buk"", -21.0348], [""puk"", -21.0348], [""taakʷu"", -21.704], [""kofu"", -21.7099], [""kʷisk"", -21.7216], [""=ms"", -21.8316], [""kʷalmlus"", -21.8709], [""ʃarpta-(t)"", -21.8834], [""tsa-(t)"", -22.0444]]"
taiΘwajaja	kukok	-22.9987	"[[""kukok"", -22.9987], [""kofuu"", -23.0611], [""puk"", -23.4467], [""buk"", -23.4467], [""kʷisk"", -23.7679], [""kʷalmlus"", -23.9928], [""kʷe(si)=k"", -24.2535], [""kusedus pusedus"", -24.5264], [""ʃarpta-(t)"", -24.6015], [""katʰtʰirs"", -24.7279]]"
taiΘwajas	sfa	-21.0331	"[[""sfa"", -21.0331], [""puk"", -21.0357], [""buk"", -21.0357], [""kuka-"", -21.1268], [""kʷisk"", -21.7125], [""wsta-"", -21.7979], [""wiɕɕi"", -21.8264], [""weɕfa"", -21.8264], [""=ms"", -21.8316], [""kʷalmlus"", -21.8726]]"
taiΘwajase	kuka-	-20.7813	"[[""kuka-"", -20.7813], [""wsta-"", -21.4679], [""tawsa-"", -23.0847], [""tsfisa-"", -23.4308], [""kasta-"", -23.4553], [""[k]asa-"", -23.5536], [""tfi-"", -23.8785], [""sfa-"", -23.8785], [""tsuni-"", -23.9847], [""tutra-"", -23.997]]"
taiΘwajat	buk	-21.0357	"[[""buk"", -21.0357], [""puk"", -21.0357], [""kʷisk"", -21.7216], [""=ms"", -21.8316], [""kʷalmlus"", -21.8726], [""ʃarpta-(t)"", -21.8834], [""tsa-(t)"", -22.0444], [""ko-(t)"", -22.1555], [""kʷãn-(t)"", -22.3517], [""kuka-"", -22.4305]]"
taiΘwajatu	buk	-24.5429	"[[""buk"", -24.5429], [""puk"", -24.5429], [""ʃarpta-(t)"", -24.6965], [""tsa-(t)"", -24.9486], [""ko-(t)"", -25.1317], [""kuka-"", -25.1496], [""kʷisk"", -25.2266], [""kʷãn-(t)"", -25.2424], [""=ms"", -25.3392], [""kʷalmlus"", -25.3797]]"
tan	=tlː	-6.245	"[[""=tlː"", -6.245], [""=k"", -6.36], [""kud"", -6.8955], [""kan"", -6.8955], [""sav"", -6.8955], [""kʷen"", -6.9142], [""fra"", -6.9526], [""tro"", -6.9526], [""ʃawn"", -6.9741], [""tamn"", -6.9741]]"
tana	=tlː	-5.7078	"[[""=tlː"", -5.7078], [""ʃawls"", -6.972], [""trfãn"", -6.9738], [""=k"", -8.4937], [""=nak"", -9.0284], [""sakn-"", -9.097], [""kʷi=k"", -9.1143], [""nãrs"", -9.35], [""nars"", -9.35], [""aɕtrkoɕ"", -9.6434]]"
tanai	=tlː	-8.5297	"[[""=tlː"", -8.5297], [""karʃ-"", -9.7493], [""trfãn"", -9.7758], [""ʃawls"", -10.4791], [""trf(i)-"", -11.4241], [""sakn-"", -11.9045], [""=k"", -12.0006], [""sfar-"", -12.1849], [""astrko-"", -12.4601], [""ʃanto-"", -12.491]]"
tanaiΘ	=tlː	-11.6335	"[[""=tlː"", -11.6335], [""trf(i)-"", -11.8741], [""karʃ-"", -12.5726], [""trfãn"", -12.8642], [""ʃawls"", -13.9861], [""tinV-"", -14.9618], [""sakn-"", -14.9934], [""sfar-"", -15.0103], [""astrko-"", -15.1755], [""trfno-(d)"", -15.2001]]"
tanaiΘt	trf(i)-	-13.875	"[[""trf(i)-"", -13.875], [""=tlː"", -14.8536], [""karʃ-"", -15.6777], [""trfãn"", -16.0702], [""trfno-(d)"", -17.0752], [""ʃawls"", -17.493], [""tinV-"", -17.7818], [""sfar-"", -18.0091], [""aktʰα-"", -18.0366], [""astrko-"", -18.1168]]"
tanaiΘti	trf(i)-	-16.3238	"[[""trf(i)-"", -16.3238], [""=tlː"", -18.1376], [""karʃ-"", -18.8989], [""trfãn"", -19.3407], [""trfno-(d)"", -19.3872], [""aktʰα-"", -20.3331], [""tinV-"", -20.7724], [""ʃawls"", -20.9998], [""srfast(i)-"", -21.0305], [""sfar-"", -21.1091]]"
tanaiΘtij	trf(i)-	-19.0063	"[[""trf(i)-"", -19.0063], [""=tlː"", -21.4622], [""taakʷu"", -21.7634], [""trfno-(d)"", -21.9426], [""karʃ-"", -22.1841], [""trfãn"", -22.6522], [""aktʰα-"", -22.9844], [""kʷalːmlːu"", -23.4244], [""srfast(i)-"", -23.5937], [""kofu"", -23.6221]]"
tanaiΘtija	trf(i)-	-21.8351	"[[""trf(i)-"", -21.8351], [""trfno-(d)"", -24.6558], [""=tlː"", -24.8141], [""artimus"", -25.2066], [""taakʷu"", -25.2692], [""kʷe(si)=k"", -25.2955], [""kʷalmlus"", -25.4545], [""kʷi=k"", -25.4738], [""karʃ-"", -25.5062], [""aktʰα-"", -25.8283]]"
tanaiΘu	trf(i)-	-13.875	"[[""trf(i)-"", -13.875], [""=tlː"", -14.8536], [""karʃ-"", -15.6777], [""trfãn"", -16.0702], [""trfno-(d)"", -17.0752], [""ʃawls"", -17.493], [""tinV-"", -17.7818], [""sfar-"", -18.0091], [""aktʰα-"", -18.0366], [""astrko-"", -18.1168]]"
tanaiΘut	trf(i)-	-16.3238	"[[""trf(i)-"", -16.3238], [""=tlː"", -18.1376], [""karʃ-"", -18.8989], [""trfãn"", -19.3407], [""trfno-(d)"", -19.3872], [""aktʰα-"", -20.3331], [""tinV-"", -20.7724], [""ʃawls"", -20.9998], [""srfast(i)-"", -21.0305], [""sfar-"", -21.1091]]"
tanaiΘuti	trf(i)-	-19.0063	"[[""trf(i)-"", -19.0063], [""=tlː"", -21.4622], [""trfno-(d)"", -21.9426], [""karʃ-"", -22.1841], [""trfãn"", -22.6522], [""aktʰα-"", -22.9844], [""srfast(i)-"", -23.5937], [""tinV-"", -23.8636], [""trol(i)-"", -24.2477], [""sfar-"", -24.2759]]"
tanaiΘutin	trf(i)-	-21.8351	"[[""trf(i)-"", -21.8351], [""trfãn"", -22.6844], [""trfno-(d)"", -23.3566], [""=tlː"", -24.8058], [""karʃ-"", -25.5088], [""ʃlːẽtsad"", -25.6274], [""aktʰα-"", -25.8283], [""trodn"", -25.8335], [""sfard"", -25.9686], [""fẽntsal"", -26.0025]]"
tei	=tlː	-11.2432	"[[""=tlː"", -11.2432], [""=k"", -11.3633], [""i-"", -11.3633], [""=iʃ"", -11.5351], [""=ms"", -11.5351], [""=in"", -11.5351], [""=ãk"", -11.5351], [""ẽt-"", -12.1474], [""bi-"", -12.1474], [""ni-"", -12.1474]]"
teid	tro	-13.5183	"[[""tro"", -13.5183], [""=tlː"", -13.8491], [""ow-"", -14.1334], [""os-"", -14.1334], [""olː"", -14.1334], [""=k"", -14.4053], [""i-"", -14.4053], [""=iʃ"", -14.5247], [""=ãk"", -14.5247], [""=ms"", -14.5247]]"
teida	=k	-12.0045	"[[""=k"", -12.0045], [""=(i)s"", -12.8292], [""kot"", -13.2584], [""sof"", -13.2584], [""=iʃ"", -14.3659], [""=ms"", -14.3659], [""=ãk"", -14.3659], [""=nak"", -14.5179], [""=mas"", -14.5179], [""os-"", -14.5722]]"
teidaj	kofu	-13.2564	"[[""kofu"", -13.2564], [""os-"", -14.0622], [""=k"", -15.5112], [""=(i)tʰ"", -15.681], [""kofuu"", -16.0053], [""=(i)s"", -16.3319], [""kot"", -16.751], [""sof"", -16.751], [""ofi-"", -16.8047], [""ko-(t)"", -17.3826]]"
teidaja	moːus	-16.0352	"[[""moːus"", -16.0352], [""kofu"", -16.7618], [""kukok"", -16.795], [""os-"", -16.8779], [""kuka-"", -17.4432], [""=k"", -18.1064], [""=(i)s"", -18.1367], [""nã=kukod"", -18.4432], [""=(i)tʰ"", -18.4679], [""imbous"", -18.917]]"
teidajaj	kofuu	-16.7553	"[[""kofuu"", -16.7553], [""kofu"", -18.8903], [""moːus"", -19.5398], [""kuka-"", -19.6217], [""os-"", -19.7009], [""kukok"", -19.8903], [""tutra-"", -20.2912], [""=(i)tʰ"", -20.6874], [""nã=kukod"", -21.2409], [""ko-(t)"", -21.2435]]"
teidajaja	kukok	-20.1751	"[[""kukok"", -20.1751], [""kofuu"", -20.2597], [""moːus"", -21.4751], [""kuka-"", -22.0376], [""kofu"", -22.3968], [""tutra-"", -22.6935], [""os-"", -22.8034], [""kʷisk"", -23.0022], [""nã=kukod"", -23.4346], [""kudkit"", -23.4605]]"
teidi	elːo-	-15.6779	"[[""elːo-"", -15.6779], [""tso-"", -16.3581], [""os-"", -16.5778], [""olː"", -16.5778], [""ow-"", -16.5778], [""=tlː"", -16.6681], [""tro"", -17.0202], [""ora-"", -17.4001], [""ofi-"", -17.4001], [""ora"", -17.4657]]"
ter	=tlː	-11.2432	"[[""=tlː"", -11.2432], [""=k"", -11.3633], [""i-"", -11.3633], [""=iʃ"", -11.5351], [""=ms"", -11.5351], [""=in"", -11.5351], [""=ãk"", -11.5351], [""ẽt-"", -12.1474], [""bi-"", -12.1474], [""ni-"", -12.1474]]"
tere	=tlː	-13.8491	"[[""=tlː"", -13.8491], [""=k"", -14.4053], [""i-"", -14.4053], [""=ãk"", -14.5247], [""=in"", -14.5247], [""=iʃ"", -14.5247], [""=ms"", -14.5247], [""wr-"", -14.9765], [""eʃ-"", -14.9765], [""bi-"", -14.9765]]"
terep	=tlː	-16.6681	"[[""=tlː"", -16.6681], [""=k"", -17.5387], [""i-"", -17.5387], [""=(i)tʰ"", -17.5502], [""=ãk"", -17.6191], [""=iʃ"", -17.6191], [""=ms"", -17.6191], [""=in"", -17.6191], [""ẽt-"", -17.9765], [""mi-"", -17.9765]]"
tes	=in	-10.0355	"[[""=in"", -10.0355], [""=iʃ"", -10.0355], [""=ãk"", -10.0355], [""=(i)s"", -10.1923], [""Kile"", -10.228], [""ni"", -10.4301], [""ti"", -10.4301], [""da"", -10.4301], [""bi"", -10.4301], [""fa"", -10.4301]]"
tesi	i-	-10.9416	"[[""i-"", -10.9416], [""=(i)tʰ"", -12.3365], [""=(i)s"", -12.3699], [""kʷi-"", -12.4072], [""=iʃ"", -12.8869], [""=ãk"", -12.8869], [""=in"", -12.8869], [""Kile"", -13.0296], [""ni-"", -13.198], [""mi-"", -13.198]]"
tesir	i-	-13.7729	"[[""i-"", -13.7729], [""=(i)tʰ"", -14.5118], [""=(i)s"", -15.0782], [""p(i)-"", -15.1978], [""kʷi-"", -15.23], [""asa-"", -15.9481], [""ara-"", -15.9481], [""ama-"", -15.9481], [""ifi-"", -15.9481], [""ani-"", -15.9481]]"
tesira	=(i)s	-12.4017	"[[""=(i)s"", -12.4017], [""=iʃ"", -13.7685], [""=ãk"", -13.7685], [""kʷi=k"", -15.2262], [""=k"", -15.2899], [""=(i)tʰ"", -15.652], [""=nak"", -16.2817], [""=mas"", -16.2817], [""isas"", -16.7623], [""i-"", -16.8801]]"
tet	=tlː	-11.2432	"[[""=tlː"", -11.2432], [""=k"", -11.3633], [""i-"", -11.3633], [""=iʃ"", -11.5351], [""=ms"", -11.5351], [""=in"", -11.5351], [""=ãk"", -11.5351], [""ẽt-"", -12.1474], [""bi-"", -12.1474], [""ni-"", -12.1474]]"
tete	=tlː	-13.8491	"[[""=tlː"", -13.8491], [""=k"", -14.4053], [""i-"", -14.4053], [""=ãk"", -14.5247], [""=in"", -14.5247], [""=iʃ"", -14.5247], [""=ms"", -14.5247], [""wr-"", -14.9765], [""eʃ-"", -14.9765], [""bi-"", -14.9765]]"
teter	=tlː	-16.6681	"[[""=tlː"", -16.6681], [""=k"", -17.5387], [""i-"", -17.5387], [""=(i)tʰ"", -17.5502], [""=ãk"", -17.6191], [""=iʃ"", -17.6191], [""=ms"", -17.6191], [""=in"", -17.6191], [""ẽt-"", -17.9765], [""mi-"", -17.9765]]"
tetere	=tlː	-19.6166	"[[""=tlː"", -19.6166], [""=(i)tʰ"", -20.139], [""=k"", -20.7328], [""i-"", -20.7328], [""=ãk"", -20.7824], [""=in"", -20.7824], [""=ms"", -20.7824], [""=iʃ"", -20.7824], [""=(i)s"", -20.9144], [""u-(d)"", -20.9943]]"
teterep	=tlː	-22.6525	"[[""=tlː"", -22.6525], [""=(i)tʰ"", -22.8571], [""=(i)s"", -23.7794], [""u-(d)"", -23.8414], [""p(i)-"", -23.9226], [""=k"", -23.9705], [""i-"", -23.9705], [""=iʃ"", -23.9944], [""=ãk"", -23.9944], [""=in"", -23.9944]]"
tij	nu	-9.3933	"[[""nu"", -9.3933], [""pu"", -9.3933], [""bu"", -9.3933], [""amu"", -9.7388], [""un"", -10.4301], [""=tlː"", -11.2432], [""i-"", -11.3633], [""=k"", -11.3633], [""=iʃ"", -11.5351], [""=ms"", -11.5351]]"
tija	=k	-8.7831	"[[""=k"", -8.7831], [""buk"", -9.3914], [""puk"", -9.3914], [""moːus"", -9.6723], [""alus"", -9.7368], [""=(i)s"", -10.3885], [""=ãk"", -11.3218], [""=iʃ"", -11.3218], [""=ms"", -11.3218], [""=nak"", -11.5285]]"
tijas	fa	-11.6127	"[[""fa"", -11.6127], [""ti"", -11.6127], [""=k"", -12.2896], [""puk"", -12.8986], [""buk"", -12.8986], [""moːus"", -13.1793], [""=(i)tʰ"", -13.2334], [""alus"", -13.2437], [""fata"", -13.4406], [""sfa"", -13.4548]]"
tijasa	kat	-11.6103	"[[""kat"", -11.6103], [""fak"", -11.6103], [""Sãntas"", -12.6171], [""=ãk"", -13.088], [""=iʃ"", -13.088], [""titiɕ"", -13.2627], [""satit"", -13.2627], [""kuka-"", -13.3234], [""isas"", -13.6889], [""kudkit"", -13.8032]]"
tijasas	fata	-12.7028	"[[""fata"", -12.7028], [""tis-"", -14.4649], [""kat-"", -14.4649], [""sfa"", -15.1081], [""kat"", -15.1156], [""fak"", -15.1156], [""titiɕ"", -15.7036], [""satit"", -15.7036], [""tafa-"", -15.8699], [""tasa-"", -15.8699]]"
tijasasa	titiɕ	-12.7001	"[[""titiɕ"", -12.7001], [""satit"", -12.7001], [""tasa-"", -15.5494], [""tafa-"", -15.5494], [""fasiʃa-"", -15.8304], [""isas"", -16.1715], [""fata"", -16.2001], [""[k]asa-"", -16.6763], [""Sãntas"", -17.0815], [""tsati-"", -17.1033]]"
tijasasar	titiɕ	-16.207	"[[""titiɕ"", -16.207], [""satit"", -16.207], [""fasiʃa-"", -18.1372], [""tafa-"", -18.3699], [""tasa-"", -18.3699], [""[k]asa-"", -19.4109], [""isas"", -19.6785], [""fata"", -19.6974], [""tis-"", -19.6978], [""kat-"", -19.6978]]"
tin	=dãn	-8.2229	"[[""=dãn"", -8.2229], [""=in"", -8.4315], [""e͂n"", -8.4735], [""=nak"", -9.1497], [""nãv"", -9.3539], [""nin"", -9.3539], [""lẽn"", -9.3539], [""dãn"", -9.3539], [""nid"", -9.3539], [""nãn"", -9.3539]]"
tinu	=tlː	-11.2581	"[[""=tlː"", -11.2581], [""=dãn"", -11.3895], [""u-(d)"", -11.5765], [""=in"", -11.9096], [""Mlːim"", -11.9453], [""=nak"", -11.9506], [""e͂n"", -11.9784], [""ad-"", -12.2188], [""olː"", -12.2188], [""el-"", -12.2188]]"
tinui	=tlː	-14.0807	"[[""=tlː"", -14.0807], [""Mlːim"", -14.379], [""u-(d)"", -14.3948], [""=dãn"", -14.6363], [""=nak"", -15.0377], [""olː"", -15.052], [""el-"", -15.052], [""ad-"", -15.052], [""wr-"", -15.052], [""ni-"", -15.3009]]"
tinuin	=dãn	-14.9536	"[[""=dãn"", -14.9536], [""lẽn"", -16.3184], [""nid"", -16.3184], [""nãv"", -16.3184], [""nãn"", -16.3184], [""dãn"", -16.3184], [""nin"", -16.3184], [""ẽnn"", -16.3615], [""inl"", -16.3615], [""daul"", -16.3647]]"
tinuina	Qlːdãns	-13.8519	"[[""Qlːdãns"", -13.8519], [""nars"", -16.3163], [""nãrs"", -16.3163], [""=nak"", -17.7464], [""lo-(d)"", -17.9741], [""elːf"", -18.1422], [""=(i)s"", -18.3354], [""=dãn"", -18.4295], [""dum(n)"", -18.5489], [""=k"", -18.6158]]"
tinuinai	Qlːdãns	-17.3573	"[[""Qlːdãns"", -17.3573], [""nãrs"", -19.8234], [""nars"", -19.8234], [""in-(t)"", -20.3112], [""ol-(t)"", -20.3112], [""lo-(d)"", -20.7963], [""=(i)tʰ"", -21.1869], [""=nak"", -21.2382], [""dum(n)"", -21.3732], [""elːf"", -21.6473]]"
tinuinaid	Qlːdãns	-20.862	"[[""Qlːdãns"", -20.862], [""in-(t)"", -23.1333], [""ol-(t)"", -23.1333], [""nars"", -23.3305], [""nãrs"", -23.3305], [""lo-(d)"", -23.8953], [""=(i)tʰ"", -24.0105], [""endo"", -24.0577], [""dum(n)"", -24.4763], [""karʃ-"", -24.6625]]"
tinuinaida	edkok	-23.0187	"[[""edkok"", -23.0187], [""Qlːdãns"", -23.2054], [""aɕtrkoɕ"", -24.9123], [""kot"", -25.2337], [""sof"", -25.2337], [""alːtoka-"", -25.7499], [""ʃanto-"", -26.0267], [""aʃnãnto-"", -26.05], [""nars"", -26.1173], [""nãrs"", -26.1173]]"
tinuj	nu	-10.5171	"[[""nu"", -10.5171], [""dum-"", -13.832], [""duve"", -13.9818], [""=tlː"", -14.0807], [""Mlːim"", -14.379], [""u-(d)"", -14.3934], [""=dãn"", -14.6363], [""=nak"", -15.0377], [""el-"", -15.052], [""olː"", -15.052]]"
tinuja	alus	-12.8856	"[[""alus"", -12.8856], [""helũk"", -13.2382], [""nu"", -14.0243], [""labrus"", -14.8287], [""moːus"", -14.9703], [""=nak"", -14.9897], [""elːf"", -15.0483], [""=k"", -15.2899], [""=(i)s"", -15.5082], [""nars"", -15.8506]]"
tinujas	alus	-16.3928	"[[""alus"", -16.3928], [""helũk"", -16.7455], [""vsta"", -17.1324], [""anka"", -17.4763], [""avka"", -17.4763], [""nu"", -17.5315], [""in-(t)"", -17.8299], [""ol-(t)"", -17.8299], [""tansa"", -17.8337], [""tavsa"", -17.8337]]"
tinujasa	Sãntas	-16.4673	"[[""Sãntas"", -16.4673], [""=nak"", -17.2685], [""kulumsis"", -17.69], [""kudkit"", -17.7629], [""nik"", -18.6085], [""nak"", -18.6085], [""vis"", -18.6085], [""kat"", -18.6244], [""fak"", -18.6244], [""alus"", -19.2061]]"
tinujasas	vsta	-18.613	"[[""vsta"", -18.613], [""fata"", -19.7167], [""Sãntas"", -19.9721], [""=nak"", -20.7747], [""fẽnstifi"", -20.884], [""kulumsis"", -21.1935], [""kudkit"", -21.2672], [""kat-"", -21.4786], [""tis-"", -21.4786], [""lakʷrisa"", -21.5548]]"
tinujasasa	titiɕ	-19.7138	"[[""titiɕ"", -19.7138], [""satit"", -19.7138], [""Sãntas"", -21.9678], [""vsta"", -22.113], [""lita-"", -22.525], [""tasa-"", -22.5629], [""tafa-"", -22.5629], [""fasiʃa-"", -22.7564], [""kulumsis"", -22.9422], [""oratsit"", -23.0014]]"
tiΘ	his	-10.4814	"[[""his"", -10.4814], [""=tlː"", -11.2432], [""i-"", -11.3633], [""=k"", -11.3633], [""=iʃ"", -11.5351], [""=ãk"", -11.5351], [""=in"", -11.5351], [""=ms"", -11.5351], [""dã-"", -12.1474], [""ni-"", -12.1474]]"
tiΘw	=ms	-12.1927	"[[""=ms"", -12.1927], [""=mas"", -12.2518], [""kim"", -12.8319], [""Mlːim"", -13.2316], [""his"", -13.2847], [""bi-"", -13.6825], [""mu-"", -13.6825], [""mi-"", -13.6825], [""wr-"", -13.6825], [""=tlː"", -13.8491]]"
tiΘwa	=ms	-8.7812	"[[""=ms"", -8.7812], [""=k"", -12.0045], [""=mas"", -12.1371], [""=(i)s"", -12.8292], [""lewɕ"", -12.83], [""his"", -13.2307], [""puk"", -13.8528], [""buk"", -13.8528], [""pis"", -13.8528], [""bis"", -13.8528]]"
tiΘwaj	=ms	-12.2883	"[[""=ms"", -12.2883], [""pu"", -14.0243], [""bu"", -14.0243], [""=k"", -15.5112], [""=mas"", -15.6174], [""=(i)tʰ"", -15.681], [""kofu"", -15.8311], [""amu"", -16.1101], [""=(i)s"", -16.3319], [""lewɕ"", -16.3372]]"
tiΘwaja	puk	-14.0214	"[[""puk"", -14.0214], [""buk"", -14.0214], [""=ms"", -15.1025], [""moːus"", -16.0095], [""helũk"", -16.3638], [""kukok"", -16.8017], [""mu-"", -16.8779], [""wsta-"", -17.3296], [""kuka-"", -17.4432], [""pu"", -17.5315]]"
toi	i-	-7.4452	"[[""i-"", -7.4452], [""kʷi-"", -9.8628], [""=ãk"", -10.0294], [""=iʃ"", -10.0294], [""=in"", -10.0294], [""as-"", -10.1108], [""if-"", -10.1108], [""ad-"", -10.1108], [""ak-"", -10.1108], [""bi-"", -10.1366]]"
toij	i-	-10.272	"[[""i-"", -10.272], [""amu"", -10.7501], [""aula"", -11.5686], [""pu"", -12.6134], [""nu"", -12.6134], [""bu"", -12.6134], [""p(i)-"", -12.6575], [""kʷi-"", -12.6801], [""asa-"", -12.7831], [""ama-"", -12.7831]]"
toija	alus	-10.7482	"[[""alus"", -10.7482], [""=iʃ"", -10.9369], [""=ãk"", -10.9369], [""=(i)s"", -11.7884], [""=k"", -12.0045], [""moːus"", -12.1409], [""puk"", -12.6115], [""buk"", -12.6115], [""kʷi=k"", -12.6761], [""imbous"", -13.1838]]"
tos	i-	-7.43	"[[""i-"", -7.43], [""aɕaa"", -8.4178], [""aara"", -8.4278], [""ama"", -8.7574], [""alːa"", -8.9643], [""aula"", -9.1324], [""avka"", -9.1324], [""anka"", -9.1324], [""=ãk"", -9.4573], [""=in"", -9.4573]]"
tosa	=iʃ	-6.3628	"[[""=iʃ"", -6.3628], [""=ãk"", -6.3628], [""Sãntas"", -8.4605], [""isas"", -8.6436], [""=k"", -8.7831], [""=(i)s"", -8.7924], [""=nak"", -9.1541], [""=mas"", -9.1541], [""kʷi=k"", -9.8147], [""i-"", -9.8693]]"
tosar	=ãk	-9.8699	"[[""=ãk"", -9.8699], [""=iʃ"", -9.8699], [""ak-"", -10.2689], [""if-"", -10.2689], [""as-"", -10.2689], [""=(i)tʰ"", -11.6194], [""Sãntas"", -11.9552], [""isas"", -12.0477], [""=(i)s"", -12.2652], [""=k"", -12.2896]]"
tosare	ak-	-13.0928	"[[""ak-"", -13.0928], [""if-"", -13.0928], [""as-"", -13.0928], [""=iʃ"", -13.377], [""=ãk"", -13.377], [""=(i)tʰ"", -14.4291], [""Sãntas"", -15.4495], [""isas"", -15.4589], [""ifi-"", -15.5902], [""isa-"", -15.5902]]"
tosarej	taakʷu	-14.0462	"[[""taakʷu"", -14.0462], [""ak-"", -16.1982], [""as-"", -16.1982], [""if-"", -16.1982], [""=iʃ"", -16.884], [""=ãk"", -16.884], [""=(i)tʰ"", -17.5116], [""aktʰα-"", -17.7476], [""ata-"", -18.5661], [""ifi-"", -18.5661]]"
tosareja	taakʷu	-17.5519	"[[""taakʷu"", -17.5519], [""ist"", -17.9285], [""iʃt"", -17.9285], [""=(i)s"", -18.6374], [""taats"", -18.8829], [""as-"", -19.4158], [""ak-"", -19.4158], [""if-"", -19.4158], [""artimus"", -19.584], [""kʷisk"", -19.656]]"
tuj	nu	-9.3933	"[[""nu"", -9.3933], [""pu"", -9.3933], [""bu"", -9.3933], [""amu"", -9.7388], [""un"", -10.4301], [""=tlː"", -11.2432], [""i-"", -11.3633], [""=k"", -11.3633], [""=iʃ"", -11.5351], [""=ms"", -11.5351]]"
tuja	=k	-8.7831	"[[""=k"", -8.7831], [""buk"", -9.3914], [""puk"", -9.3914], [""moːus"", -9.6723], [""alus"", -9.7368], [""=(i)s"", -10.3885], [""=ãk"", -11.3218], [""=iʃ"", -11.3218], [""=ms"", -11.3218], [""=nak"", -11.5285]]"
tujas	fa	-11.6127	"[[""fa"", -11.6127], [""ti"", -11.6127], [""=k"", -12.2896], [""puk"", -12.8986], [""buk"", -12.8986], [""moːus"", -13.1793], [""=(i)tʰ"", -13.2334], [""alus"", -13.2437], [""fata"", -13.4406], [""sfa"", -13.4548]]"
tum	tro	-10.4256	"[[""tro"", -10.4256], [""olː"", -10.8637], [""ow-"", -10.8637], [""os-"", -10.8637], [""ora"", -11.1612], [""=tlː"", -11.2432], [""=k"", -11.3633], [""i-"", -11.3633], [""=ms"", -11.5351], [""=in"", -11.5351]]"
tume	os-	-13.1732	"[[""os-"", -13.1732], [""olː"", -13.1732], [""ow-"", -13.1732], [""elːo-"", -13.206], [""tso-"", -13.2703], [""=tlː"", -13.8491], [""tro"", -13.926], [""ora-"", -13.9344], [""ofi-"", -13.9344], [""ora"", -13.9673]]"
tumei	os-	-15.9275	"[[""os-"", -15.9275], [""olː"", -15.9275], [""ow-"", -15.9275], [""elːo-"", -16.0249], [""tso-"", -16.0949], [""ofi-"", -16.3833], [""ora-"", -16.3833], [""=tlː"", -16.6681], [""ora"", -17.0565], [""tro"", -17.4248]]"
tumeij	olː	-18.8871	"[[""olː"", -18.8871], [""os-"", -18.8871], [""ow-"", -18.8871], [""moːus"", -19.1068], [""elːo-"", -19.1207], [""tso-"", -19.1976], [""ora-"", -19.2045], [""ofi-"", -19.2045], [""pu"", -19.2234], [""nu"", -19.2234]]"
tumeija	moːus	-15.6872	"[[""moːus"", -15.6872], [""=(i)s"", -18.3354], [""=k"", -18.6158], [""buk"", -19.2214], [""puk"", -19.2214], [""alus"", -19.3108], [""imbous"", -19.489], [""kot"", -20.4925], [""sof"", -20.4925], [""=iʃ"", -20.6952]]"
tumeijas	moːus	-19.1944	"[[""moːus"", -19.1944], [""ko-(t)"", -20.9421], [""os-"", -21.0624], [""ol-(t)"", -21.1341], [""=(i)tʰ"", -21.1854], [""=(i)s"", -21.7901], [""=k"", -22.1227], [""ti"", -22.1341], [""fa"", -22.1341], [""ofi-"", -22.4606]]"
tumeijasa	Sãntas	-21.8645	"[[""Sãntas"", -21.8645], [""moːus"", -22.008], [""kat"", -22.1315], [""fak"", -22.1315], [""ofi-"", -22.1582], [""oratsit"", -22.9928], [""=ãk"", -23.0467], [""=iʃ"", -23.0467], [""kuka-"", -23.1589], [""satit"", -23.3438]]"
tumeijasas	fata	-23.2237	"[[""fata"", -23.2237], [""ofi-"", -24.9662], [""tis-"", -24.9855], [""kat-"", -24.9855], [""Sãntas"", -25.3656], [""moːus"", -25.5157], [""sfa"", -25.6243], [""kat"", -25.6368], [""fak"", -25.6368], [""kuka-"", -25.9633]]"
tumeijasau	ofi-	-24.9817	"[[""ofi-"", -24.9817], [""tis-"", -24.9864], [""kat-"", -24.9864], [""Sãntas"", -25.3712], [""moːus"", -25.5157], [""fak"", -25.6385], [""kat"", -25.6385], [""kuka-"", -25.9814], [""ko-(t)"", -26.1258], [""=(i)tʰ"", -26.1299]]"
tur	=tlː	-11.2432	"[[""=tlː"", -11.2432], [""=k"", -11.3633], [""i-"", -11.3633], [""=iʃ"", -11.5351], [""=ms"", -11.5351], [""=in"", -11.5351], [""=ãk"", -11.5351], [""ẽt-"", -12.1474], [""bi-"", -12.1474], [""ni-"", -12.1474]]"
turu	=tlː	-13.8491	"[[""=tlː"", -13.8491], [""=k"", -14.4053], [""i-"", -14.4053], [""=ãk"", -14.5247], [""=in"", -14.5247], [""=iʃ"", -14.5247], [""=ms"", -14.5247], [""wr-"", -14.9765], [""eʃ-"", -14.9765], [""bi-"", -14.9765]]"
turus	=(i)s	-15.454	"[[""=(i)s"", -15.454], [""alːa"", -16.058], [""=ãk"", -16.303], [""=iʃ"", -16.303], [""=in"", -16.303], [""Kile"", -16.5342], [""=tlː"", -16.6681], [""ama"", -16.9204], [""fa"", -16.9334], [""ti"", -16.9334]]"
turusa	=iʃ	-13.093	"[[""=iʃ"", -13.093], [""=ãk"", -13.093], [""=(i)s"", -14.7813], [""=k"", -15.2899], [""=mas"", -15.3877], [""=nak"", -15.3877], [""isas"", -16.7461], [""fak"", -16.9144], [""kat"", -16.9144], [""nik"", -16.9311]]"
turusai	=iʃ	-16.6001	"[[""=iʃ"", -16.6001], [""=ãk"", -16.6001], [""=(i)tʰ"", -17.5817], [""as-"", -17.9678], [""if-"", -17.9678], [""ak-"", -17.9678], [""=(i)s"", -18.2233], [""=k"", -18.7967], [""=nak"", -18.8946], [""=mas"", -18.8946]]"
turusaid	=ãk	-20.1072	"[[""=ãk"", -20.1072], [""=iʃ"", -20.1072], [""blːaso"", -20.2549], [""=(i)tʰ"", -20.38], [""ak-"", -20.7917], [""as-"", -20.7917], [""if-"", -20.7917], [""=(i)s"", -21.6456], [""=k"", -22.3033], [""=mas"", -22.4015]]"
turusaida	=(i)s	-20.7863	"[[""=(i)s"", -20.7863], [""kot"", -21.7266], [""sof"", -21.7266], [""iʃt"", -22.1211], [""ist"", -22.1211], [""kʷisk"", -22.4736], [""=ãk"", -22.9163], [""=iʃ"", -22.9163], [""=(i)tʰ"", -23.0926], [""plːaʃo-"", -23.1032]]"
turusaidaa	=(i)s	-23.4522	"[[""=(i)s"", -23.4522], [""=(i)tʰ"", -23.5887], [""ist"", -24.5322], [""iʃt"", -24.5322], [""pitotsn"", -24.54], [""sof"", -24.5404], [""kot"", -24.5404], [""kʷisk"", -24.5705], [""plːaʃo-"", -25.9278], [""taats"", -25.966]]"
uin	=dãn	-8.2229	"[[""=dãn"", -8.2229], [""=in"", -8.4315], [""e͂n"", -8.4735], [""=nak"", -9.1497], [""nãv"", -9.3539], [""nin"", -9.3539], [""lẽn"", -9.3539], [""dãn"", -9.3539], [""nid"", -9.3539], [""nãn"", -9.3539]]"
uina	=k	-8.7831	"[[""=k"", -8.7831], [""=nak"", -9.042], [""nãrs"", -9.3508], [""nars"", -9.3508], [""vis"", -10.3741], [""nak"", -10.3741], [""det"", -10.3741], [""nik"", -10.3741], [""=(i)s"", -10.3885], [""vsta"", -10.4545]]"
uinai	=k	-12.2896	"[[""=k"", -12.2896], [""=nak"", -12.5219], [""karʃ-"", -12.5915], [""nãrs"", -12.8566], [""nars"", -12.8566], [""=(i)tʰ"", -13.2394], [""vsta"", -13.2556], [""=tlː"", -13.5473], [""det"", -13.8543], [""nik"", -13.8543]]"
uinaid	karʃ-	-15.4139	"[[""karʃ-"", -15.4139], [""=k"", -15.7958], [""=nak"", -16.0018], [""=(i)tʰ"", -16.0587], [""vsta"", -16.344], [""nars"", -16.3617], [""nãrs"", -16.3617], [""=tlː"", -16.4647], [""tro"", -16.5505], [""blːaso"", -16.8032]]"
uinaida	edkok	-13.584	"[[""edkok"", -13.584], [""sof"", -14.7123], [""kot"", -14.7123], [""aɕtrkoɕ"", -16.0537], [""kukok"", -16.5325], [""ʃanto-"", -16.7758], [""vsta"", -17.3815], [""ãntʰẽt"", -17.7032], [""Sãntas"", -17.7518], [""=nak"", -17.9902]]"
uinaidaj	kofu	-14.7105	"[[""kofu"", -14.7105], [""edkok"", -17.0911], [""kofuu"", -17.4668], [""sof"", -18.2194], [""kot"", -18.2194], [""aɕtrkoɕ"", -19.5606], [""ʃanto-"", -19.5996], [""kukok"", -20.0371], [""lalou"", -20.0396], [""vsta"", -20.2389]]"
uinaidaja	kofu	-18.2168	"[[""kofu"", -18.2168], [""edkok"", -19.9034], [""kofuu"", -20.569], [""kot"", -21.0319], [""sof"", -21.0319], [""nã=kukod"", -21.6454], [""artimus"", -21.7301], [""kʷisk"", -22.267], [""kukok"", -22.2687], [""aɕtrkoɕ"", -22.3644]]"
uinaidajas	vsta	-21.0303	"[[""vsta"", -21.0303], [""kofu"", -21.7231], [""ko-(t)"", -23.1607], [""edkok"", -23.411], [""kofuu"", -23.7888], [""fẽnstifi"", -23.8386], [""kof(i)-"", -24.3222], [""nã=kukod"", -24.4464], [""sof"", -24.5395], [""kot"", -24.5395]]"
uja	=k	-5.678	"[[""=k"", -5.678], [""puk"", -6.289], [""buk"", -6.289], [""alus"", -6.9214], [""=(i)s"", -8.4164], [""=ãk"", -8.4315], [""=ms"", -8.4315], [""=iʃ"", -8.4315], [""=nak"", -8.7201], [""=mas"", -8.7201]]"
ujas	fa	-8.1056	"[[""fa"", -8.1056], [""ti"", -8.1056], [""=k"", -9.1841], [""buk"", -9.7962], [""puk"", -9.7962], [""sfa"", -10.1633], [""fata"", -10.1675], [""alus"", -10.428], [""tesa"", -10.4434], [""eta"", -10.4861]]"
ujasa	fak	-8.1033	"[[""fak"", -8.1033], [""kat"", -8.1033], [""Sãntas"", -9.8077], [""=ãk"", -9.8687], [""=iʃ"", -9.8687], [""satit"", -9.948], [""titiɕ"", -9.948], [""kuka-"", -10.2156], [""isas"", -10.4641], [""kudkit"", -10.7162]]"
ujasas	fata	-9.1959	"[[""fata"", -9.1959], [""kat-"", -10.958], [""tis-"", -10.958], [""sfa"", -11.6026], [""kat"", -11.6086], [""fak"", -11.6086], [""titiɕ"", -12.2587], [""satit"", -12.2587], [""tasa-"", -12.3709], [""tafa-"", -12.3709]]"
ujasasa	satit	-9.1932	"[[""satit"", -9.1932], [""titiɕ"", -9.1932], [""tasa-"", -12.0426], [""tafa-"", -12.0426], [""fasiʃa-"", -12.3687], [""isas"", -12.674], [""fata"", -12.6931], [""[k]asa-"", -13.6259], [""kat"", -13.7341], [""fak"", -13.7341]]"
ujasasar	titiɕ	-12.7001	"[[""titiɕ"", -12.7001], [""satit"", -12.7001], [""fasiʃa-"", -14.6569], [""tafa-"", -14.863], [""tasa-"", -14.863], [""isas"", -16.181], [""fata"", -16.1905], [""kat-"", -16.1906], [""tis-"", -16.1906], [""tsati-"", -16.3503]]"
ujasasara	satit	-15.5054	"[[""satit"", -15.5054], [""titiɕ"", -15.5054], [""taats"", -16.1769], [""katʰtʰirs"", -17.1997], [""kʷisk"", -17.2291], [""fasiʃa-"", -17.3153], [""estsats"", -17.6794], [""tafa-"", -17.9625], [""tasa-"", -17.9625], [""isas"", -18.993]]"
ujasasaram	satit	-19.0128	"[[""satit"", -19.0128], [""titiɕ"", -19.0128], [""fabatko"", -19.2132], [""tsaʃi-(t)"", -19.3655], [""taats"", -19.6833], [""tsa-(t)"", -20.0401], [""fasiʃa-"", -20.1696], [""katʰtʰirs"", -20.6816], [""kʷisk"", -20.7355], [""takto-"", -20.8791]]"
uka	es	-3.5036	"[[""es"", -3.5036], [""eɕ"", -3.5036], [""=k"", -5.678], [""eʃt"", -6.2597], [""det"", -6.289], [""esk-"", -6.8957], [""eʃ-"", -6.8969], [""ẽt-"", -6.8969], [""elːf"", -6.9144], [""eɕa-"", -6.9244]]"
ukan	e͂n	-6.3559	"[[""e͂n"", -6.3559], [""ẽt-"", -6.3598], [""eʃ-"", -6.3598], [""esan"", -6.8951], [""etla-"", -6.9226], [""el"", -7.0099], [""eɕ"", -7.0108], [""es"", -7.0108], [""esk-"", -8.7029], [""=tlː"", -9.0664]]"
ukana	eʃt	-7.0061	"[[""eʃt"", -7.0061], [""=tlː"", -8.5313], [""etla-"", -9.1011], [""ẽt-"", -9.1752], [""eʃ-"", -9.1752], [""edkok"", -9.756], [""eɕ"", -9.8258], [""es"", -9.8258], [""e͂n"", -9.8609], [""el-"", -9.8638]]"
ukanas	esk-	-9.8573	"[[""esk-"", -9.8573], [""eʃt"", -10.5124], [""mẽtli"", -10.8835], [""weɕfa"", -10.8842], [""eta"", -10.9162], [""etla-"", -11.015], [""=tlː"", -11.3537], [""trfãn"", -11.4426], [""tavsa"", -11.4648], [""tansa"", -11.4648]]"
ume	os-	-9.7498	"[[""os-"", -9.7498], [""olː"", -9.7498], [""ow-"", -9.7498], [""ora-"", -10.4544], [""ofi-"", -10.4544], [""tso-"", -10.4576], [""ora"", -10.4671], [""tro"", -11.1061], [""=tlː"", -11.2432], [""i-"", -11.3633]]"
umei	olː	-12.472	"[[""olː"", -12.472], [""os-"", -12.472], [""ow-"", -12.472], [""ora-"", -12.8903], [""ofi-"", -12.8903], [""tso-"", -13.2779], [""ora"", -13.5548], [""=tlː"", -13.8491], [""=k"", -14.4053], [""i-"", -14.4053]]"
umeij	os-	-15.4171	"[[""os-"", -15.4171], [""ow-"", -15.4171], [""olː"", -15.4171], [""ora-"", -15.7073], [""ofi-"", -15.7073], [""pu"", -15.898], [""bu"", -15.898], [""nu"", -15.898], [""moːus"", -16.0147], [""amu"", -16.0405]]"
umeija	moːus	-12.5945	"[[""moːus"", -12.5945], [""=k"", -15.2899], [""=(i)s"", -15.5082], [""puk"", -15.896], [""buk"", -15.896], [""alus"", -16.0386], [""imbous"", -16.873], [""kot"", -17.3539], [""sof"", -17.3539], [""=iʃ"", -17.5004]]"
umeijas	moːus	-16.1017	"[[""moːus"", -16.1017], [""os-"", -17.5564], [""ol-(t)"", -17.7072], [""ko-(t)"", -17.871], [""=(i)tʰ"", -18.3579], [""ti"", -18.627], [""fa"", -18.627], [""=k"", -18.7967], [""=(i)s"", -18.9422], [""ofi-"", -18.9547]]"
umeijasa	fak	-18.6244	"[[""fak"", -18.6244], [""kat"", -18.6244], [""ofi-"", -18.6519], [""Sãntas"", -18.7015], [""moːus"", -18.9153], [""oratsit"", -19.5038], [""=ãk"", -19.695], [""=iʃ"", -19.695], [""kuka-"", -19.8324], [""satit"", -19.9664]]"
umeijasas	fata	-19.7167	"[[""fata"", -19.7167], [""ofi-"", -21.4599], [""kat-"", -21.4786], [""tis-"", -21.4786], [""sfa"", -22.1189], [""fak"", -22.1297], [""kat"", -22.1297], [""Sãntas"", -22.2017], [""moːus"", -22.4229], [""titiɕ"", -22.5997]]"
umeijasasa	titiɕ	-19.7138	"[[""titiɕ"", -19.7138], [""satit"", -19.7138], [""oratsit"", -21.302], [""tafa-"", -22.5629], [""tasa-"", -22.5629], [""fasiʃa-"", -22.7564], [""[k]asa-"", -23.051], [""isas"", -23.167], [""fata"", -23.214], [""Sãntas"", -23.4989]]"
umeijasau	ofi-	-21.4754	"[[""ofi-"", -21.4754], [""tis-"", -21.4796], [""kat-"", -21.4796], [""fak"", -22.1315], [""kat"", -22.1315], [""Sãntas"", -22.2081], [""moːus"", -22.4229], [""kuka-"", -22.6548], [""ol-(t)"", -22.8179], [""oratsit"", -22.9951]]"
umeijasaun	tis-	-24.3033	"[[""tis-"", -24.3033], [""kat-"", -24.3033], [""katosn"", -24.4797], [""ofi-"", -24.5791], [""fiʃfid"", -24.8272], [""taɕẽv"", -24.8572], [""sakn-"", -25.3986], [""kaʃno-"", -25.4445], [""sav"", -25.6283], [""kan"", -25.6283]]"
una	=k	-5.678	"[[""=k"", -5.678], [""=nak"", -6.2203], [""nars"", -6.2578], [""nãrs"", -6.2578], [""nak"", -6.8955], [""vis"", -6.8955], [""nik"", -6.8955], [""det"", -6.8955], [""vsta"", -6.9483], [""lewɕ"", -6.9741]]"
unak	=k	-9.1841	"[[""=k"", -9.1841], [""Kile"", -9.3247], [""tase"", -9.3508], [""lale"", -9.3587], [""duve"", -9.3587], [""Alikre"", -9.5098], [""=nak"", -9.7001], [""vsta"", -9.7493], [""det"", -9.7521], [""kave"", -9.7624]]"
unaka	det	-7.007	"[[""det"", -7.007], [""ãntʰẽt"", -9.5734], [""ʃe-"", -9.8664], [""nikumek"", -10.3352], [""nikumẽk"", -10.3352], [""lewɕ"", -10.3471], [""vsta"", -10.3974], [""tesa"", -10.4577], [""kaweɕ"", -10.4737], [""eɕ"", -10.5153]]"
unakan	laftsn	-10.3737	"[[""laftsn"", -10.3737], [""fẽtamn"", -10.4782], [""lẽn"", -10.5142], [""det"", -10.5142], [""ʃlːẽtsad"", -12.3191], [""alːev"", -12.6294], [""ʃe-"", -12.6893], [""fẽntsal"", -12.7358], [""taɕẽv"", -12.8325], [""ãntʰẽt"", -13.0748]]"
unakana	det	-13.3292	"[[""det"", -13.3292], [""laftsn"", -13.8461], [""fẽtwinte-"", -13.8961], [""Qlːdãns"", -13.9658], [""fẽtamn"", -13.9792], [""eʃt"", -14.0151], [""lẽn"", -14.0214], [""=tlː"", -14.4493], [""karʃe-(d)"", -14.8884], [""ʃlːẽtsad"", -15.1563]]"
unakanas	tesasta	-13.9457	"[[""tesasta"", -13.9457], [""vsta"", -14.0155], [""tesa"", -14.4205], [""teli"", -15.1115], [""fẽnstifi"", -15.7694], [""fẽtwinte-"", -16.0752], [""brafrsi"", -16.4012], [""dẽt(i)-"", -16.6154], [""fedtro-"", -16.6395], [""ʃlːẽtsad"", -16.7525]]"
unakanasi	arstʰãnʃi-	-17.13	"[[""arstʰãnʃi-"", -17.13], [""tesasta"", -17.4468], [""vsta"", -17.5209], [""tesa"", -17.9259], [""etla-"", -17.9544], [""teli"", -18.6169], [""dẽt(i)-"", -18.6375], [""fẽtwinte-"", -18.7912], [""fẽnstifi"", -19.0745], [""tseʃi-"", -19.1107]]"
unar	=k	-9.1841	"[[""=k"", -9.1841], [""=nak"", -9.7001], [""vsta"", -9.7493], [""nãrs"", -9.7628], [""nars"", -9.7628], [""karʃ-"", -9.7746], [""vis"", -10.3749], [""nik"", -10.3749], [""nak"", -10.3749], [""det"", -10.3749]]"
unaru	karʃ-	-12.5962	"[[""karʃ-"", -12.5962], [""=k"", -12.6898], [""vsta"", -12.8377], [""=nak"", -13.1797], [""nars"", -13.267], [""nãrs"", -13.267], [""=tlː"", -13.5826], [""vis"", -13.8543], [""nik"", -13.8543], [""det"", -13.8543]]"
unaruk	ãntʰẽt	-15.3835	"[[""ãntʰẽt"", -15.3835], [""Alikre"", -15.4623], [""karʃ-"", -15.6989], [""duve"", -15.8439], [""lale"", -15.8439], [""tase"", -15.8506], [""kʷe-"", -15.9363], [""kʷel-"", -16.0379], [""vsta"", -16.0438], [""kave"", -16.0758]]"
unaruka	ãntʰẽt	-11.9629	"[[""ãntʰẽt"", -11.9629], [""det"", -14.0196], [""kʷe-"", -15.5392], [""tʰesa-"", -16.1045], [""kʷelis"", -16.1512], [""nikumek"", -16.2121], [""nikumẽk"", -16.2121], [""kaweɕ"", -16.3656], [""ʃe-"", -16.8735], [""lewɕ"", -17.3054]]"
unarukan	ãntʰẽt	-15.4701	"[[""ãntʰẽt"", -15.4701], [""kʷen"", -16.1891], [""laftsn"", -17.3155], [""fẽtamn"", -17.4904], [""lẽn"", -17.5268], [""det"", -17.5268], [""ʃlːẽtsad"", -17.9344], [""tʰesa-"", -18.2838], [""kʷe-"", -18.3629], [""alːev"", -18.5542]]"
unarukana	ãntʰẽt	-18.2833	"[[""ãntʰẽt"", -18.2833], [""kʷeːn-"", -18.3886], [""kʷel-"", -19.0429], [""kʷelis"", -19.5261], [""kʷen"", -19.6962], [""Qlːdãns"", -20.1705], [""det"", -20.3418], [""ʃlːẽtsad"", -20.7673], [""laftsn"", -20.787], [""tʰesa-"", -20.8928]]"
unarukanas	kʷela	-20.7864	"[[""kʷela"", -20.7864], [""tesasta"", -20.9533], [""vsta"", -21.0293], [""kʷeːn-"", -21.2114], [""tesa"", -21.4331], [""ãntʰẽt"", -21.7908], [""kʷel-"", -21.8674], [""teli"", -22.1241], [""ʃlːẽtsad"", -22.3597], [""kʷe(si)-"", -22.7128]]"
uru	=tlː	-11.2432	"[[""=tlː"", -11.2432], [""=k"", -11.3633], [""i-"", -11.3633], [""=iʃ"", -11.5351], [""=ms"", -11.5351], [""=in"", -11.5351], [""=ãk"", -11.5351], [""ẽt-"", -12.1474], [""bi-"", -12.1474], [""ni-"", -12.1474]]"
urus	=(i)s	-12.6384	"[[""=(i)s"", -12.6384], [""=in"", -13.1138], [""=iʃ"", -13.1138], [""=ãk"", -13.1138], [""alːa"", -13.2235], [""Kile"", -13.324], [""fa"", -13.6496], [""da"", -13.6496], [""ti"", -13.6496], [""bi"", -13.6496]]"
urusa	=iʃ	-9.8723	"[[""=iʃ"", -9.8723], [""=ãk"", -9.8723], [""=k"", -12.0045], [""=(i)s"", -12.0225], [""=nak"", -12.3399], [""=mas"", -12.3399], [""isas"", -13.4348], [""kat"", -13.6265], [""fak"", -13.6265], [""pis"", -13.6473]]"
urusai	=iʃ	-13.3793	"[[""=iʃ"", -13.3793], [""=ãk"", -13.3793], [""ak-"", -14.4628], [""as-"", -14.4628], [""if-"", -14.4628], [""=(i)tʰ"", -14.8194], [""=(i)s"", -15.4596], [""=k"", -15.5112], [""=mas"", -15.8468], [""=nak"", -15.8468]]"
urusaid	=iʃ	-16.8864	"[[""=iʃ"", -16.8864], [""=ãk"", -16.8864], [""if-"", -17.2865], [""ak-"", -17.2865], [""as-"", -17.2865], [""blːaso"", -17.4246], [""=(i)tʰ"", -17.6155], [""=(i)s"", -18.8759], [""=k"", -19.0176], [""tis-"", -19.2938]]"
urusaida	=(i)s	-17.9532	"[[""=(i)s"", -17.9532], [""kot"", -18.2194], [""sof"", -18.2194], [""iʃt"", -18.6159], [""ist"", -18.6159], [""kʷisk"", -19.4176], [""=ãk"", -19.6944], [""=iʃ"", -19.6944], [""kukok"", -19.8469], [""edkok"", -20.231]]"
urusaidaa	=(i)s	-20.6166	"[[""=(i)s"", -20.6166], [""=(i)tʰ"", -20.7576], [""ist"", -21.0268], [""iʃt"", -21.0268], [""kot"", -21.0332], [""sof"", -21.0332], [""pitotsn"", -21.2562], [""kʷisk"", -21.372], [""taats"", -22.6253], [""kukok"", -22.6452]]"
urusaidaau	=(i)tʰ	-23.1117	"[[""=(i)tʰ"", -23.1117], [""pitotsn"", -24.0851], [""=(i)s"", -24.1238], [""ist"", -24.534], [""iʃt"", -24.534], [""kot"", -24.5408], [""sof"", -24.5408], [""kʷisk"", -24.8785], [""aktʰα-"", -25.4698], [""ko-(t)"", -25.5921]]"
usa	=iʃ	-3.9441	"[[""=iʃ"", -3.9441], [""=ãk"", -3.9441], [""=k"", -5.678], [""=mas"", -6.8633], [""=nak"", -6.8633], [""isas"", -6.9553], [""fak"", -7.2849], [""kat"", -7.2849], [""iʃt"", -7.2961], [""ist"", -7.2961]]"
usai	=ãk	-7.451	"[[""=ãk"", -7.451], [""=iʃ"", -7.451], [""if-"", -7.4527], [""as-"", -7.4527], [""ak-"", -7.4527], [""=k"", -9.1841], [""tis-"", -10.1384], [""kat-"", -10.1384], [""ifi-"", -10.1667], [""isa-"", -10.1667]]"
usaid	ak-	-10.276	"[[""ak-"", -10.276], [""as-"", -10.276], [""if-"", -10.276], [""=iʃ"", -10.9578], [""=ãk"", -10.9578], [""=k"", -12.6898], [""isa-"", -12.8928], [""ata-"", -12.8928], [""ifi-"", -12.8928], [""asa-"", -12.8928]]"
usaida	kot	-11.2052	"[[""kot"", -11.2052], [""sof"", -11.2052], [""iʃt"", -11.6053], [""ist"", -11.6053], [""kukok"", -13.2573], [""aɕtrkoɕ"", -13.3399], [""if-"", -13.3759], [""as-"", -13.3759], [""ak-"", -13.3759], [""iʃko-"", -13.6044]]"
usaidaa	ist	-14.016	"[[""ist"", -14.016], [""iʃt"", -14.016], [""sof"", -14.019], [""kot"", -14.019], [""pitotsn"", -14.9349], [""kʷisk"", -15.0214], [""aɕtrkoɕ"", -15.7007], [""taats"", -16.0379], [""kukok"", -16.0475], [""iʃko-"", -16.0676]]"
usaidaau	iʃt	-17.5232	"[[""iʃt"", -17.5232], [""ist"", -17.5232], [""kot"", -17.5265], [""sof"", -17.5265], [""pitotsn"", -17.7638], [""aktʰα-"", -18.47], [""kʷisk"", -18.5273], [""ko-(t)"", -18.6431], [""iʃko-"", -18.8334], [""aktʰa-"", -18.961]]"
ute	=tlː	-11.2432	"[[""=tlː"", -11.2432], [""=k"", -11.3633], [""i-"", -11.3633], [""=iʃ"", -11.5351], [""=ms"", -11.5351], [""=in"", -11.5351], [""=ãk"", -11.5351], [""ẽt-"", -12.1474], [""bi-"", -12.1474], [""ni-"", -12.1474]]"
utei	=tlː	-13.8491	"[[""=tlː"", -13.8491], [""=k"", -14.4053], [""i-"", -14.4053], [""=ãk"", -14.5247], [""=in"", -14.5247], [""=iʃ"", -14.5247], [""=ms"", -14.5247], [""wr-"", -14.9765], [""eʃ-"", -14.9765], [""bi-"", -14.9765]]"
uteid	=tlː	-16.6681	"[[""=tlː"", -16.6681], [""tro"", -16.7263], [""os-"", -17.3908], [""olː"", -17.3908], [""ow-"", -17.3908], [""=k"", -17.5387], [""i-"", -17.5387], [""=(i)tʰ"", -17.5502], [""=iʃ"", -17.6191], [""=ãk"", -17.6191]]"
uteidi	elːo-	-18.5069	"[[""elːo-"", -18.5069], [""tso-"", -19.5599], [""=tlː"", -19.6166], [""olː"", -19.9689], [""ow-"", -19.9689], [""os-"", -19.9689], [""=(i)tʰ"", -20.139], [""tro"", -20.229], [""sulːo-"", -20.4396], [""=k"", -20.7328]]"
uti	=tlː	-11.2432	"[[""=tlː"", -11.2432], [""=k"", -11.3633], [""i-"", -11.3633], [""=iʃ"", -11.5351], [""=ms"", -11.5351], [""=in"", -11.5351], [""=ãk"", -11.5351], [""ẽt-"", -12.1474], [""bi-"", -12.1474], [""ni-"", -12.1474]]"
utin	=dãn	-11.1374	"[[""=dãn"", -11.1374], [""=in"", -11.3218], [""e͂n"", -11.3595], [""=nak"", -12.2518], [""dãn"", -12.5619], [""nãn"", -12.5619], [""lẽn"", -12.5619], [""nid"", -12.5619], [""nãv"", -12.5619], [""nin"", -12.5619]]"
utinu	u-(d)	-13.839	"[[""u-(d)"", -13.839], [""=tlː"", -14.1388], [""=dãn"", -14.3556], [""=in"", -14.8093], [""e͂n"", -14.8652], [""Mlːim"", -15.0454], [""=nak"", -15.0544], [""lo-(d)"", -15.239], [""ta-(d)"", -15.2525], [""pa-(d)"", -15.2525]]"
utinui	u-(d)	-16.6608	"[[""u-(d)"", -16.6608], [""=tlː"", -16.9711], [""Mlːim"", -17.4821], [""=dãn"", -17.6329], [""pi(d)-"", -17.7941], [""lo-(d)"", -18.028], [""pa-(d)"", -18.0704], [""ta-(d)"", -18.0704], [""=nak"", -18.1423], [""wr-"", -18.2656]]"
utinuin	=dãn	-18.0624	"[[""=dãn"", -18.0624], [""ẽnn"", -19.5841], [""inl"", -19.5841], [""u-(d)"", -19.7243], [""nid"", -19.806], [""nin"", -19.806], [""dãn"", -19.806], [""nãv"", -19.806], [""nãn"", -19.806], [""lẽn"", -19.806]]"
utinuina	Qlːdãns	-16.9324	"[[""Qlːdãns"", -16.9324], [""nãrs"", -19.8039], [""nars"", -19.8039], [""=nak"", -20.933], [""=(i)s"", -21.2645], [""lo-(d)"", -21.3349], [""elːf"", -21.3611], [""=dãn"", -21.5427], [""u-(d)"", -21.9327], [""=k"", -21.9698]]"
utinuinai	Qlːdãns	-20.4379	"[[""Qlːdãns"", -20.4379], [""nars"", -23.3111], [""nãrs"", -23.3111], [""in-(t)"", -23.5114], [""ol-(t)"", -23.5114], [""=(i)tʰ"", -24.1156], [""lo-(d)"", -24.1728], [""=nak"", -24.4259], [""=(i)s"", -24.7698], [""dum(n)"", -24.8639]]"
utinuinaid	Qlːdãns	-23.9426	"[[""Qlːdãns"", -23.9426], [""ol-(t)"", -26.3337], [""in-(t)"", -26.3337], [""nãrs"", -26.8181], [""nars"", -26.8181], [""=(i)tʰ"", -26.9398], [""lo-(d)"", -27.2778], [""endo"", -27.2807], [""kʷãn-(t)"", -27.686], [""blːaso"", -27.8936]]"
utinuj	nu	-14.0243	"[[""nu"", -14.0243], [""u-(d)"", -16.6604], [""=tlː"", -16.9711], [""dum-"", -17.3377], [""Mlːim"", -17.4821], [""duve"", -17.486], [""=dãn"", -17.6329], [""pi(d)-"", -17.7941], [""lo-(d)"", -18.028], [""ta-(d)"", -18.0704]]"
utinuja	alus	-16.1082	"[[""alus"", -16.1082], [""helũk"", -16.3321], [""nu"", -17.5315], [""labrus"", -17.931], [""moːus"", -17.9704], [""=nak"", -18.0991], [""elːf"", -18.262], [""=(i)s"", -18.3354], [""=k"", -18.6158], [""Qlːdãns"", -18.9141]]"
utinujas	alus	-19.6154	"[[""alus"", -19.6154], [""helũk"", -19.8393], [""vsta"", -20.6321], [""avka"", -20.7015], [""anka"", -20.7015], [""tavsa"", -20.9292], [""tansa"", -20.9292], [""in-(t)"", -21.0044], [""ol-(t)"", -21.0044], [""nu"", -21.0387]]"
utinujasa	Sãntas	-19.3794	"[[""Sãntas"", -19.3794], [""=nak"", -20.3752], [""kulumsis"", -20.7846], [""kudkit"", -20.872], [""nak"", -22.1155], [""vis"", -22.1155], [""nik"", -22.1155], [""kat"", -22.1315], [""fak"", -22.1315], [""alus"", -22.4292]]"
utinujasas	vsta	-22.1202	"[[""vsta"", -22.1202], [""Sãntas"", -22.8844], [""fata"", -23.2237], [""=nak"", -23.8815], [""fẽnstifi"", -23.982], [""kulumsis"", -24.2881], [""kudkit"", -24.3766], [""lakʷrisa"", -24.9494], [""tis-"", -24.9855], [""kat-"", -24.9855]]"
uΦe	=tlː	-11.2432	"[[""=tlː"", -11.2432], [""=k"", -11.3633], [""i-"", -11.3633], [""=iʃ"", -11.5351], [""=ms"", -11.5351], [""=in"", -11.5351], [""=ãk"", -11.5351], [""ẽt-"", -12.1474], [""bi-"", -12.1474], [""ni-"", -12.1474]]"
uΦet	=tlː	-13.8491	"[[""=tlː"", -13.8491], [""=k"", -14.4053], [""i-"", -14.4053], [""=ãk"", -14.5247], [""=in"", -14.5247], [""=iʃ"", -14.5247], [""=ms"", -14.5247], [""wr-"", -14.9765], [""eʃ-"", -14.9765], [""bi-"", -14.9765]]"
uΦetu	=tlː	-16.6681	"[[""=tlː"", -16.6681], [""=k"", -17.5387], [""i-"", -17.5387], [""=(i)tʰ"", -17.5502], [""=ãk"", -17.6191], [""=iʃ"", -17.6191], [""=ms"", -17.6191], [""=in"", -17.6191], [""ẽt-"", -17.9765], [""mi-"", -17.9765]]"
uΦetum	=tlː	-19.6166	"[[""=tlː"", -19.6166], [""tro"", -19.998], [""=(i)tʰ"", -20.139], [""olː"", -20.6521], [""os-"", -20.6521], [""ow-"", -20.6521], [""=k"", -20.7328], [""i-"", -20.7328], [""=ãk"", -20.7824], [""=ms"", -20.7824]]"
uΦetume	elːo-	-21.5054	"[[""elːo-"", -21.5054], [""=tlː"", -22.6525], [""tso-"", -22.8244], [""=(i)tʰ"", -22.8571], [""sulːo-"", -23.3331], [""os-"", -23.3514], [""olː"", -23.3514], [""ow-"", -23.3514], [""tro"", -23.5011], [""=(i)s"", -23.7794]]"
uΦetumei	elːo-	-24.3319	"[[""elːo-"", -24.3319], [""tso-"", -25.6598], [""=(i)tʰ"", -25.6715], [""=tlː"", -25.7518], [""sulːo-"", -26.1583], [""olː"", -26.2399], [""os-"", -26.2399], [""ow-"", -26.2399], [""=(i)s"", -26.7201], [""u-(d)"", -26.7697]]"
uΦetumeij	=im, =(u)m	-27.1519	"[[""=im, =(u)m"", -27.1519], [""elːo-"", -27.4363], [""=(i)tʰ"", -28.5606], [""lalou"", -28.582], [""tso-"", -28.7674], [""moːus"", -28.8925], [""=tlː"", -28.8991], [""kofu"", -29.0893], [""kofuu"", -29.1357], [""sulːo-"", -29.2605]]"
uΦetumeija	moːus	-25.4768	"[[""moːus"", -25.4768], [""=(i)s"", -27.3298], [""imbous"", -28.5801], [""=k"", -28.7344], [""=im, =(u)m"", -29.3252], [""alus"", -29.3259], [""puk"", -29.339], [""buk"", -29.339], [""kot"", -30.3592], [""sof"", -30.3592]]"
wae	wsta-	-6.21	"[[""wsta-"", -6.21], [""bif-"", -6.2451], [""mẽt-"", -6.2451], [""wits-"", -6.2651], [""=k"", -6.36], [""bis"", -6.8955], [""pis"", -6.8955], [""buk"", -6.8955], [""puk"", -6.8955], [""=ms"", -6.9193]]"
waea	wsta-	-6.8087	"[[""wsta-"", -6.8087], [""=k"", -8.4937], [""wits-"", -8.8263], [""mẽt-"", -9.0459], [""bif-"", -9.0459], [""puk"", -9.0749], [""buk"", -9.0749], [""pis"", -9.0749], [""bis"", -9.0749], [""kʷi=k"", -9.1143]]"
waead	wsta-	-9.0401	"[[""wsta-"", -9.0401], [""wits-"", -9.664], [""tso-"", -10.9754], [""bif-"", -11.513], [""mẽt-"", -11.513], [""blːaso"", -11.5767], [""=k"", -12.0006], [""wastʰa-"", -12.2737], [""masta-"", -12.3197], [""piʃta-"", -12.3197]]"
waeadi	tso-	-10.55	"[[""tso-"", -10.55], [""wsta-"", -11.7693], [""wits-"", -12.5126], [""sfato-"", -12.8762], [""tsito-"", -12.8762], [""takto-"", -12.8773], [""sako-"", -13.2521], [""iʃko-"", -13.3055], [""ʃanto-"", -13.3159], [""arkto-"", -13.9599]]"
waeadik	tso-	-13.3739	"[[""tso-"", -13.3739], [""wsta-"", -14.7169], [""wits-"", -15.6255], [""tsito-"", -15.6988], [""sfato-"", -15.6988], [""takto-"", -15.7011], [""sako-"", -16.076], [""iʃko-"", -16.1295], [""ʃanto-"", -16.1397], [""tase"", -16.6648]]"
waeadiki	tso-	-16.4789	"[[""tso-"", -16.4789], [""tse-"", -16.8664], [""wsta-"", -17.7871], [""kʷe-"", -17.9533], [""sfato-"", -18.802], [""tsito-"", -18.802], [""takto-"", -18.8056], [""wits-"", -18.8503], [""pife-"", -18.9189], [""wtsnaso-(d)"", -19.1648]]"
waeadikit	tse-	-19.6926	"[[""tse-"", -19.6926], [""tso-"", -19.7001], [""kʷe-"", -20.7786], [""wsta-"", -20.9358], [""wtsnaso-(d)"", -21.6145], [""pife-"", -21.7461], [""tsito-"", -22.0208], [""sfato-"", -22.0208], [""takto-"", -22.0261], [""tsuwe-"", -22.034]]"
waeadikite	tse-	-22.7987	"[[""tse-"", -22.7987], [""tso-"", -22.9851], [""kʷe-"", -23.884], [""wsta-"", -24.1391], [""wtsnaso-(d)"", -24.2946], [""pife-"", -24.8525], [""tsuwe-"", -25.1387], [""tsuve-"", -25.1388], [""sfato-"", -25.3031], [""tsito-"", -25.3031]]"
wai	wsta-	-6.21	"[[""wsta-"", -6.21], [""bif-"", -6.2451], [""mẽt-"", -6.2451], [""wits-"", -6.2651], [""=k"", -6.36], [""bis"", -6.8955], [""pis"", -6.8955], [""buk"", -6.8955], [""puk"", -6.8955], [""=ms"", -6.9193]]"
waij	bu	-7.009	"[[""bu"", -7.009], [""pu"", -7.009], [""wsta-"", -8.6554], [""bif-"", -9.0673], [""mẽt-"", -9.0673], [""wits-"", -9.0799], [""kofu"", -9.3587], [""puk"", -9.7516], [""buk"", -9.7516], [""=k"", -9.8641]]"
waija	puk	-7.0061	"[[""puk"", -7.0061], [""buk"", -7.0061], [""moːus"", -8.3275], [""kukok"", -9.787], [""mu-"", -9.8598], [""wsta-"", -10.1713], [""kuka-"", -10.4278], [""bu"", -10.5162], [""pu"", -10.5162], [""kʷi=k"", -11.2852]]"
waj	bu	-3.5027	"[[""bu"", -3.5027], [""pu"", -3.5027], [""wsta-"", -6.21], [""mẽt-"", -6.2451], [""bif-"", -6.2451], [""kofu"", -6.2578], [""puk"", -6.2597], [""buk"", -6.2597], [""wits-"", -6.2651], [""=k"", -6.36]]"
waja	buk	-3.4998	"[[""buk"", -3.4998], [""puk"", -3.4998], [""moːus"", -5.6194], [""kukok"", -6.2835], [""mu-"", -6.3567], [""wsta-"", -6.8087], [""kuka-"", -6.9224], [""pu"", -7.0099], [""bu"", -7.0099], [""=k"", -8.4937]]"
wajaa	puk	-6.3153	"[[""puk"", -6.3153], [""buk"", -6.3153], [""kukok"", -6.8396], [""moːus"", -8.4329], [""wsta-"", -8.6552], [""kuka-"", -8.8784], [""kʷisk"", -9.0768], [""mu-"", -9.1811], [""wits-"", -9.6099], [""tutra-"", -9.7426]]"
wajaad	kukok	-9.7067	"[[""kukok"", -9.7067], [""puk"", -9.823], [""buk"", -9.823], [""wsta-"", -11.1645], [""kuka-"", -11.4578], [""wits-"", -11.4874], [""tutra-"", -11.9118], [""moːus"", -11.9403], [""mu-"", -12.2866], [""kʷisk"", -12.5816]]"
wajaadi	kukok	-12.8268	"[[""kukok"", -12.8268], [""tutrlo-"", -12.9078], [""tso-"", -12.9614], [""takto-"", -13.2074], [""karfto-"", -13.3081], [""puk"", -13.3306], [""buk"", -13.3306], [""sfato-"", -13.7826], [""tsito-"", -13.7826], [""wsta-"", -13.997]]"
wajaadik	awkufo-(d)	-15.3163	"[[""awkufo-(d)"", -15.3163], [""tutrlo-"", -15.7304], [""tso-"", -15.786], [""wtsnaso-(d)"", -15.9997], [""takto-"", -16.0313], [""kukok"", -16.0557], [""karfto-"", -16.1319], [""sfato-"", -16.6063], [""tsito-"", -16.6063], [""puk"", -16.8383]]"
wajaadiki	awkufo-(d)	-17.3329	"[[""awkufo-(d)"", -17.3329], [""wtsnaso-(d)"", -18.0062], [""tutrlo-"", -18.8319], [""tso-"", -18.8912], [""takto-"", -19.1363], [""karfto-"", -19.2369], [""tse-"", -19.2801], [""kukok"", -19.3454], [""sfato-"", -19.7109], [""tsito-"", -19.7109]]"
wajaadikit	awkufo-(d)	-19.7866	"[[""awkufo-(d)"", -19.7866], [""wtsnaso-(d)"", -20.4567], [""tutrlo-"", -22.0483], [""tse-"", -22.1068], [""tso-"", -22.1125], [""takto-"", -22.3574], [""karfto-"", -22.458], [""kukok"", -22.6741], [""tsito-"", -22.9316], [""sfato-"", -22.9316]]"
wajaaj	puk	-9.8225	"[[""puk"", -9.8225], [""buk"", -9.8225], [""kukok"", -10.2945], [""wsta-"", -11.1645], [""kuka-"", -11.4574], [""wits-"", -11.4874], [""tutra-"", -11.9114], [""moːus"", -11.9377], [""kofu"", -12.1506], [""mu-"", -12.2813]]"
wajaaja	kukok	-12.1305	"[[""kukok"", -12.1305], [""puk"", -12.638], [""buk"", -12.638], [""wsta-"", -13.911], [""moːus"", -13.9322], [""kuka-"", -14.1647], [""wits-"", -14.3935], [""kʷisk"", -14.5966], [""tutra-"", -14.6013], [""kudkit"", -15.218]]"
wajaj	buk	-7.0062	"[[""buk"", -7.0062], [""puk"", -7.0062], [""wsta-"", -9.0401], [""kuka-"", -9.1005], [""moːus"", -9.123], [""mu-"", -9.1732], [""kukok"", -9.3754], [""wits-"", -9.664], [""kofu"", -9.68], [""kofuu"", -9.6971]]"
wajaja	puk	-9.4179	"[[""puk"", -9.4179], [""buk"", -9.4179], [""kukok"", -9.6539], [""moːus"", -10.8555], [""kuka-"", -11.5159], [""wsta-"", -11.5742], [""mu-"", -11.9972], [""tutra-"", -12.1722], [""wits-"", -12.4838], [""kʷisk"", -12.5256]]"
wajajaa	kukok	-11.8472	"[[""kukok"", -11.8472], [""buk"", -12.4154], [""puk"", -12.4154], [""moːus"", -13.7582], [""kuka-"", -14.0912], [""kʷisk"", -14.1797], [""wsta-"", -14.2106], [""tutra-"", -14.5974], [""wits-"", -14.8114], [""kudkit"", -14.9864]]"
wajajad	kukok	-12.5217	"[[""kukok"", -12.5217], [""buk"", -12.9254], [""puk"", -12.9254], [""kuka-"", -14.195], [""wsta-"", -14.3285], [""moːus"", -14.3628], [""tutra-"", -14.6071], [""wits-"", -14.8305], [""mu-"", -15.1027], [""tsuni-"", -15.6956]]"
wajajadi	kukok	-15.642	"[[""kukok"", -15.642], [""tutrlo-"", -15.7152], [""puk"", -16.4329], [""buk"", -16.4329], [""tso-"", -16.4658], [""iʃkupto-"", -16.6353], [""sfato-"", -16.6857], [""tsito-"", -16.6857], [""takto-"", -16.6858], [""karfto-"", -16.8087]]"
wajajadik	awkufo-(d)	-18.1058	"[[""awkufo-(d)"", -18.1058], [""tutrlo-"", -18.5387], [""wtsnaso-(d)"", -18.8073], [""kukok"", -18.871], [""tso-"", -19.2914], [""iʃkupto-"", -19.4591], [""tsito-"", -19.5096], [""sfato-"", -19.5096], [""takto-"", -19.5098], [""karfto-"", -19.6325]]"
wajajadiki	awkufo-(d)	-20.1288	"[[""awkufo-(d)"", -20.1288], [""wtsnaso-(d)"", -20.8143], [""tutrlo-"", -21.6405], [""kukok"", -22.1608], [""tsuwe-"", -22.316], [""tsuve-"", -22.316], [""tso-"", -22.3971], [""iʃkupto-"", -22.564], [""tsito-"", -22.6145], [""sfato-"", -22.6145]]"
wajajai	puk	-12.9254	"[[""puk"", -12.9254], [""buk"", -12.9254], [""kukok"", -13.109], [""kuka-"", -14.195], [""wsta-"", -14.3285], [""moːus"", -14.3629], [""tutra-"", -14.6071], [""wits-"", -14.8305], [""mu-"", -15.1027], [""tsuni-"", -15.6956]]"
wajajain	witsn	-15.8358	"[[""witsn"", -15.8358], [""tutra-"", -15.8672], [""kud"", -16.4317], [""puk"", -16.4329], [""buk"", -16.4329], [""pitotsn"", -16.4346], [""kukok"", -16.5654], [""kuka-"", -17.095], [""awkufo-(d)"", -17.1731], [""tsuve-"", -17.1842]]"
wajajainw	awkufo-(d)	-16.8031	"[[""awkufo-(d)"", -16.8031], [""tutra-"", -18.1615], [""wtsnaso-(d)"", -18.6648], [""tutrlo-"", -18.7516], [""witsn"", -19.343], [""tsuni-"", -19.511], [""tsuve-"", -19.511], [""wastnun-"", -19.6483], [""kud"", -19.9389], [""puk"", -19.9404]]"
wajajainwa	awkufo-(d)	-19.6238	"[[""awkufo-(d)"", -19.6238], [""tutra-"", -20.9084], [""tutrlo-"", -21.2244], [""kusedus pusedus"", -21.3249], [""katʰtʰirs"", -21.4469], [""wtsnaso-(d)"", -21.4746], [""kukok"", -21.481], [""kulumsis"", -22.0222], [""kudkit"", -22.2047], [""tsuni-"", -22.2674]]"
wajajaj	puk	-12.9251	"[[""puk"", -12.9251], [""buk"", -12.9251], [""kukok"", -13.109], [""kofuu"", -13.1506], [""kuka-"", -14.1948], [""wsta-"", -14.3285], [""moːus"", -14.3615], [""tutra-"", -14.607], [""wits-"", -14.8305], [""mu-"", -15.1001]]"
wajajaja	kukok	-14.9505	"[[""kukok"", -14.9505], [""kusedus pusedus"", -15.2203], [""puk"", -15.7407], [""buk"", -15.7407], [""kofuu"", -16.6545], [""moːus"", -16.6732], [""kuka-"", -16.9793], [""wsta-"", -17.1994], [""tutra-"", -17.3636], [""kʷisk"", -17.667]]"
wajajas	buk	-12.9254	"[[""buk"", -12.9254], [""puk"", -12.9254], [""kukok"", -13.109], [""kuka-"", -13.2479], [""wiɕɕi"", -13.4242], [""weɕfa"", -13.4242], [""ɡuɡiɕa"", -13.4514], [""wsta-"", -13.4719], [""sfa"", -14.0187], [""moːus"", -14.3629]]"
wajajasa	kuka-	-13.07	"[[""kuka-"", -13.07], [""kudkit"", -13.2452], [""wsta-"", -13.3535], [""kulumsis"", -14.0305], [""tsfisa-"", -14.8516], [""kukok"", -14.9646], [""tutra-"", -15.8925], [""buk"", -15.923], [""puk"", -15.923], [""witsi-"", -16.269]]"
wajajasas	fẽnstifi	-15.4484	"[[""fẽnstifi"", -15.4484], [""tsfisa-"", -15.8614], [""kuka-"", -15.8818], [""wsta-"", -16.1638], [""kudkit"", -16.7497], [""kulumsis"", -17.534], [""ɡuɡiɕa"", -17.6559], [""tsati-"", -18.1234], [""kukok"", -18.4551], [""fata"", -18.6035]]"
wajajasasa	tsfisa-	-15.5316	"[[""tsfisa-"", -15.5316], [""estsats"", -17.8288], [""tsati-"", -17.9483], [""kuka-"", -18.5423], [""satit"", -18.5937], [""titiɕ"", -18.5937], [""kudkit"", -18.6986], [""wsta-"", -18.776], [""fẽnstifi"", -18.9375], [""[k]asa-"", -18.9458]]"
wajas	buk	-7.007	"[[""buk"", -7.007], [""puk"", -7.007], [""wsta-"", -7.7744], [""kuka-"", -7.7932], [""wiɕɕi"", -7.9555], [""weɕfa"", -7.9556], [""ɡuɡiɕa"", -8.0567], [""sfa"", -8.0999], [""moːus"", -9.1265], [""mu-"", -9.1811]]"
wajase	wsta-	-7.4428	"[[""wsta-"", -7.4428], [""kuka-"", -7.4461], [""puk"", -10.5142], [""buk"", -10.5142], [""tutra-"", -10.6658], [""witsi-"", -10.8061], [""piʃta-"", -10.8061], [""masta-"", -10.8061], [""wesfa-"", -10.8062], [""tfi-"", -10.9511]]"
wajasek	wsta-	-10.2672	"[[""wsta-"", -10.2672], [""kuka-"", -10.2704], [""tutra-"", -13.4872], [""piʃta-"", -13.6306], [""masta-"", -13.6306], [""witsi-"", -13.6306], [""wesfa-"", -13.6307], [""tfi-"", -13.7755], [""sfa-"", -13.7755], [""puk"", -14.0215]]"
wajaseka	wsta-	-13.3711	"[[""wsta-"", -13.3711], [""kuka-"", -13.3747], [""kudkit"", -14.9929], [""kʷe(si)=k"", -15.849], [""kʷi=k"", -15.9215], [""kukok"", -16.0564], [""tutra-"", -16.5664], [""wesfa-"", -16.7325], [""piʃta-"", -16.7329], [""masta-"", -16.7329]]"
wajasekan	wsta-	-16.5902	"[[""wsta-"", -16.5902], [""tsa-(t)"", -16.594], [""kuka-"", -16.5947], [""kudkit"", -18.4995], [""kʷen"", -18.6058], [""tsaʃi-(t)"", -18.6172], [""pita-(t)"", -18.6387], [""pslẽn"", -18.8774], [""witsn"", -19.1061], [""tutra-"", -19.2939]]"
wajasekana	tsa-(t)	-19.3721	"[[""tsa-(t)"", -19.3721], [""awkufo-(d)"", -19.7896], [""wsta-"", -19.8718], [""kuka-"", -19.878], [""kʷisk"", -20.7461], [""sakn-"", -20.7768], [""kʷeːn-"", -20.8026], [""kʷe(si)=k"", -20.935], [""pita-(d)"", -21.1043], [""kudkit"", -21.223]]"
wajat	puk	-7.007	"[[""puk"", -7.007], [""buk"", -7.007], [""wsta-"", -9.0401], [""kuka-"", -9.1014], [""moːus"", -9.1265], [""mu-"", -9.1811], [""kukok"", -9.3765], [""wits-"", -9.664], [""tutra-"", -9.771], [""pu"", -10.5171]]"
wajatu	buk	-10.5142	"[[""buk"", -10.5142], [""puk"", -10.5142], [""wsta-"", -11.7693], [""kuka-"", -11.8179], [""tutra-"", -12.2031], [""mu-"", -12.2866], [""wits-"", -12.5126], [""kukok"", -12.5846], [""moːus"", -12.6335], [""pu"", -14.0243]]"
wajatur	buk	-14.0215	"[[""buk"", -14.0215], [""puk"", -14.0215], [""wsta-"", -14.7169], [""kuka-"", -14.7603], [""tutra-"", -15.0192], [""mu-"", -15.5082], [""wits-"", -15.6255], [""kukok"", -15.8563], [""moːus"", -16.1404], [""awkufo-(d)"", -16.3122]]"
wajaturu	puk	-17.5287	"[[""puk"", -17.5287], [""buk"", -17.5287], [""wsta-"", -17.7871], [""kuka-"", -17.8278], [""tutra-"", -18.0122], [""mu-"", -18.7937], [""awkufo-(d)"", -18.8019], [""wits-"", -18.8503], [""kukok"", -19.1684], [""moːus"", -19.6471]]"
wajaturus	wsta-	-20.6714	"[[""wsta-"", -20.6714], [""kuka-"", -20.7028], [""puk"", -21.0359], [""buk"", -21.0359], [""tutra-"", -21.0545], [""awkufo-(d)"", -21.4698], [""wiɕɕi"", -21.9624], [""weɕfa"", -21.9624], [""ɡuɡiɕa"", -22.0411], [""sfa"", -22.114]]"
wajaturusa	wsta-	-21.411	"[[""wsta-"", -21.411], [""kuka-"", -21.4205], [""kudkit"", -21.8902], [""kukok"", -22.6748], [""wastʰa-"", -22.7692], [""tutra-"", -23.0168], [""puk"", -23.8513], [""buk"", -23.8513], [""kulumsis"", -24.2034], [""awkufo-(d)"", -24.2616]]"
waz	wiɕɕi	-4.527	"[[""wiɕɕi"", -4.527], [""weɕfa"", -4.5287], [""bi"", -4.5958], [""ti"", -4.5984], [""fa"", -4.5984], [""wsta-"", -5.9383], [""bif-"", -6.0973], [""mẽt-"", -6.2451], [""wits-"", -6.2556], [""=k"", -6.36]]"
waza	bis	-4.5909	"[[""bis"", -4.5909], [""pis"", -4.5909], [""kat"", -4.5962], [""fak"", -4.5962], [""wsta-"", -6.0727], [""titiɕ"", -6.6722], [""satit"", -6.6722], [""=iʃ"", -6.7656], [""=ãk"", -6.7656], [""wasa-"", -6.9424]]"
wazaΦ	bif-	-7.4413	"[[""bif-"", -7.4413], [""kat-"", -7.4521], [""tis-"", -7.4521], [""bis"", -8.0981], [""pis"", -8.0981], [""fak"", -8.1033], [""kat"", -8.1033], [""wsta-"", -8.5688], [""wits-"", -9.0464], [""wasa-"", -9.4965]]"
wazaΦn	witsn	-9.7177	"[[""witsn"", -9.7177], [""bif-"", -10.2675], [""kat-"", -10.2755], [""tis-"", -10.2755], [""katosn"", -10.463], [""fiʃfid"", -10.8263], [""taɕẽv"", -10.8294], [""sakn-"", -11.3706], [""kaʃno-"", -11.4165], [""wsta-"", -11.4234]]"
wazaΦni	sakn-	-10.9544	"[[""sakn-"", -10.9544], [""pita-(d)"", -12.5733], [""pa-(d)"", -13.0736], [""ta-(d)"", -13.0919], [""witsn"", -13.2202], [""bif-"", -13.3736], [""kat-"", -13.3806], [""tis-"", -13.3806], [""wtsnaso-(d)"", -13.5254], [""brafr-"", -13.5762]]"
waΦ	wsta-	-6.21	"[[""wsta-"", -6.21], [""bif-"", -6.2451], [""mẽt-"", -6.2451], [""wits-"", -6.2651], [""=k"", -6.36], [""bis"", -6.8955], [""pis"", -6.8955], [""buk"", -6.8955], [""puk"", -6.8955], [""=ms"", -6.9193]]"
zaΦ	if-	-3.9475	"[[""if-"", -3.9475], [""as-"", -3.9475], [""ak-"", -3.9475], [""=k"", -6.36], [""asa-"", -6.6903], [""isa-"", -6.6903], [""ata-"", -6.6903], [""ifi-"", -6.6903], [""i-"", -6.7699], [""iʃt"", -6.9501]]"
zaΦn	if-	-6.7708	"[[""if-"", -6.7708], [""as-"", -6.7708], [""ak-"", -6.7708], [""akad"", -7.3244], [""asfãn"", -7.3296], [""aɕfãn"", -7.3296], [""aɕaãv"", -7.3614], [""atna-"", -7.9117], [""isla-"", -7.9117], [""ifro-"", -7.9117]]"
zaΦni	=tlː	-9.2108	"[[""=tlː"", -9.2108], [""as-"", -9.8759], [""if-"", -9.8759], [""ak-"", -9.8759], [""isla-"", -10.1527], [""atna-"", -10.1527], [""ifro-"", -10.1527], [""iʃmẽn-"", -10.2141], [""sakn-"", -10.711], [""akad"", -10.8172]]"
Θti	his	-9.3632	"[[""his"", -9.3632], [""=tlː"", -11.2432], [""=k"", -11.3633], [""i-"", -11.3633], [""=iʃ"", -11.5351], [""=ãk"", -11.5351], [""=in"", -11.5351], [""=ms"", -11.5351], [""helũk"", -12.0942], [""helad"", -12.0942]]"
Θtij	his	-12.5688	"[[""his"", -12.5688], [""pu"", -12.6134], [""nu"", -12.6134], [""bu"", -12.6134], [""helũk"", -12.7655], [""amu"", -12.8319], [""=tlː"", -13.8491], [""un"", -13.9074], [""=k"", -14.4053], [""i-"", -14.4053]]"
Θtija	helũk	-9.3554	"[[""helũk"", -9.3554], [""=k"", -12.0045], [""moːus"", -12.1409], [""his"", -12.5745], [""buk"", -12.6115], [""puk"", -12.6115], [""=(i)s"", -12.8292], [""alus"", -12.83], [""=ms"", -14.3659], [""=ãk"", -14.3659]]"
Θtijas	helũk	-12.8625	"[[""helũk"", -12.8625], [""ti"", -15.1199], [""fa"", -15.1199], [""=k"", -15.5112], [""moːus"", -15.648], [""=(i)tʰ"", -15.6776], [""his"", -15.9998], [""buk"", -16.1186], [""puk"", -16.1186], [""=(i)s"", -16.2264]]"
Θtijasa	his	-15.0961	"[[""his"", -15.0961], [""fak"", -15.1174], [""kat"", -15.1174], [""Sãntas"", -15.607], [""helũk"", -15.6752], [""=iʃ"", -16.3712], [""=ãk"", -16.3712], [""kuka-"", -16.5462], [""satit"", -16.6045], [""titiɕ"", -16.6045]]"
Θtijasas	fata	-16.2098	"[[""fata"", -16.2098], [""kat-"", -17.9718], [""tis-"", -17.9718], [""his"", -18.6024], [""sfa"", -18.6135], [""kat"", -18.6227], [""fak"", -18.6227], [""Sãntas"", -19.1059], [""titiɕ"", -19.1507], [""satit"", -19.1507]]"
Θtijasasa	titiɕ	-16.207	"[[""titiɕ"", -16.207], [""satit"", -16.207], [""tafa-"", -19.0561], [""tasa-"", -19.0561], [""fasiʃa-"", -19.293], [""isas"", -19.6692], [""fata"", -19.707], [""[k]asa-"", -19.8346], [""Sãntas"", -20.2665], [""tsati-"", -20.4748]]"
Θtijasasar	satit	-19.7139	"[[""satit"", -19.7139], [""titiɕ"", -19.7139], [""fasiʃa-"", -21.6174], [""tafa-"", -21.8768], [""tasa-"", -21.8768], [""[k]asa-"", -22.5749], [""tsati-"", -23.1245], [""isas"", -23.1762], [""fata"", -23.2044], [""tis-"", -23.2051]]"
Θuj	his	-9.3632	"[[""his"", -9.3632], [""pu"", -9.3933], [""nu"", -9.3933], [""bu"", -9.3933], [""helũk"", -9.6891], [""amu"", -9.7388], [""un"", -10.4301], [""=tlː"", -11.2432], [""i-"", -11.3633], [""=k"", -11.3633]]"
Θuja	helũk	-6.2683	"[[""helũk"", -6.2683], [""=k"", -8.7831], [""his"", -9.3524], [""buk"", -9.3914], [""puk"", -9.3914], [""moːus"", -9.6723], [""alus"", -9.7368], [""=(i)s"", -10.3885], [""=iʃ"", -11.3218], [""=ãk"", -11.3218]]"
Θut	his	-9.3632	"[[""his"", -9.3632], [""=tlː"", -11.2432], [""=k"", -11.3633], [""i-"", -11.3633], [""=iʃ"", -11.5351], [""=ãk"", -11.5351], [""=in"", -11.5351], [""=ms"", -11.5351], [""helũk"", -12.0942], [""helad"", -12.0942]]"
Θuti	his	-12.5688	"[[""his"", -12.5688], [""=tlː"", -13.8491], [""=k"", -14.4053], [""i-"", -14.4053], [""=ms"", -14.5247], [""=iʃ"", -14.5247], [""=in"", -14.5247], [""=ãk"", -14.5247], [""os-"", -14.9765], [""ẽt-"", -14.9765]]"
Θutin	=dãn	-14.1963	"[[""=dãn"", -14.1963], [""helad"", -14.291], [""=in"", -14.3659], [""e͂n"", -14.4013], [""=nak"", -15.4696], [""dãn"", -15.8337], [""nid"", -15.8337], [""lẽn"", -15.8337], [""nãv"", -15.8337], [""nin"", -15.8337]]"
Θutinu	u-(d)	-16.5063	"[[""u-(d)"", -16.5063], [""=tlː"", -17.173], [""=dãn"", -17.453], [""lo-(d)"", -17.5035], [""pa-(d)"", -17.5074], [""ta-(d)"", -17.5074], [""helad"", -17.6342], [""=in"", -17.8582], [""e͂n"", -17.9074], [""Mlːim"", -18.26]]"
Θutinuj	nu	-17.5315	"[[""nu"", -17.5315], [""u-(d)"", -19.3292], [""helũk"", -19.4887], [""=tlː"", -20.0126], [""lo-(d)"", -20.3166], [""ta-(d)"", -20.3289], [""pa-(d)"", -20.3289], [""pi(d)-"", -20.6213], [""Mlːim"", -20.7006], [""=dãn"", -20.7547]]"
Θutinuja	helũk	-16.0695	"[[""helũk"", -16.0695], [""alus"", -19.3943], [""nu"", -21.0387], [""moːus"", -21.0711], [""labrus"", -21.0805], [""=(i)s"", -21.2645], [""=nak"", -21.3202], [""elːf"", -21.5395], [""Qlːdãns"", -21.8291], [""=k"", -21.9698]]"
Θutinujas	helũk	-19.5767	"[[""helũk"", -19.5767], [""alus"", -22.9015], [""avka"", -23.9891], [""anka"", -23.9891], [""=(i)tʰ"", -24.1144], [""vsta"", -24.1317], [""tavsa"", -24.1389], [""tansa"", -24.1389], [""in-(t)"", -24.2365], [""ol-(t)"", -24.2365]]"
Θutinujasa	helũk	-22.3916	"[[""helũk"", -22.3916], [""Sãntas"", -22.4345], [""=nak"", -23.5975], [""kulumsis"", -23.9938], [""kudkit"", -24.0889], [""his"", -25.6016], [""vis"", -25.6226], [""nik"", -25.6226], [""nak"", -25.6226], [""fak"", -25.6385]]"
Θwa	=ms	-2.853	"[[""=ms"", -2.853], [""=k"", -5.678], [""=mas"", -6.2203], [""his"", -6.2457], [""pis"", -6.8955], [""puk"", -6.8955], [""buk"", -6.8955], [""bis"", -6.8955], [""lewɕ"", -6.9214], [""=(i)s"", -8.4164]]"
Θwae	=ms	-6.3601	"[[""=ms"", -6.3601], [""=k"", -9.1841], [""=mas"", -9.7001], [""wsta-"", -9.7154], [""bif-"", -9.7243], [""mẽt-"", -9.7243], [""his"", -9.7383], [""wits-"", -9.767], [""bis"", -10.3749], [""buk"", -10.3749]]"
Θwaea	=ms	-9.1725	"[[""=ms"", -9.1725], [""wsta-"", -10.3157], [""=k"", -11.599], [""=mas"", -11.869], [""his"", -12.182], [""wits-"", -12.3233], [""bif-"", -12.5256], [""mẽt-"", -12.5256], [""puk"", -12.5673], [""pis"", -12.5673]]"
Θwaead	wsta-	-12.5472	"[[""wsta-"", -12.5472], [""=ms"", -12.6801], [""wits-"", -13.1453], [""fabatko"", -14.3479], [""tso-"", -14.4812], [""mẽt-"", -15.0009], [""bif-"", -15.0009], [""blːaso"", -15.056], [""=k"", -15.1062], [""=mas"", -15.3693]]"
Θwaeadi	tso-	-14.0563	"[[""tso-"", -14.0563], [""wsta-"", -15.2765], [""wits-"", -15.9933], [""takto-"", -16.0951], [""=ms"", -16.1877], [""tsito-"", -16.3612], [""sfato-"", -16.3612], [""iʃko-"", -16.4081], [""sako-"", -16.7307], [""arkto-"", -16.7776]]"
Θwaeadik	tso-	-16.8802	"[[""tso-"", -16.8802], [""wsta-"", -18.224], [""takto-"", -18.9189], [""wits-"", -19.1061], [""sfato-"", -19.1838], [""tsito-"", -19.1838], [""iʃko-"", -19.232], [""sako-"", -19.5546], [""arkto-"", -19.6015], [""ʃanto-"", -19.6415]]"
Θwaeadiki	tso-	-19.9852	"[[""tso-"", -19.9852], [""tse-"", -20.3727], [""wsta-"", -21.2942], [""kʷe-"", -21.4603], [""takto-"", -22.0236], [""sfato-"", -22.287], [""tsito-"", -22.287], [""wits-"", -22.3308], [""iʃko-"", -22.3371], [""pife-"", -22.4116]]"
Θwaeadikit	tse-	-23.1989	"[[""tse-"", -23.1989], [""tso-"", -23.2064], [""kʷe-"", -24.2856], [""wsta-"", -24.4429], [""wtsnaso-(d)"", -25.1157], [""pife-"", -25.2387], [""takto-"", -25.2443], [""sfato-"", -25.5059], [""tsito-"", -25.5059], [""tsuwe-"", -25.5388]]"
Θwaj	=ms	-6.3601	"[[""=ms"", -6.3601], [""pu"", -7.0099], [""bu"", -7.0099], [""=k"", -9.1841], [""kofu"", -9.3508], [""=mas"", -9.7001], [""wsta-"", -9.7154], [""mẽt-"", -9.7243], [""bif-"", -9.7243], [""his"", -9.7383]]"
Θwaja	buk	-7.007	"[[""buk"", -7.007], [""puk"", -7.007], [""moːus"", -9.0963], [""=ms"", -9.1725], [""helũk"", -9.3536], [""kukok"", -9.7896], [""mu-"", -9.8638], [""wsta-"", -10.3157], [""kuka-"", -10.4293], [""bu"", -10.5171]]"
Θwajaa	buk	-9.8225	"[[""buk"", -9.8225], [""puk"", -9.8225], [""kukok"", -10.3466], [""moːus"", -11.9098], [""wsta-"", -12.1624], [""helũk"", -12.1685], [""=ms"", -12.2727], [""kuka-"", -12.3855], [""kʷisk"", -12.5741], [""mu-"", -12.6882]]"
Θwajaad	kukok	-13.2138	"[[""kukok"", -13.2138], [""buk"", -13.3302], [""puk"", -13.3302], [""wsta-"", -14.6717], [""kuka-"", -14.9649], [""wits-"", -14.9756], [""moːus"", -15.4172], [""tutra-"", -15.4189], [""helũk"", -15.6761], [""fabatko"", -15.678]]"
Θwajaadi	kukok	-16.334	"[[""kukok"", -16.334], [""tutrlo-"", -16.415], [""tso-"", -16.4686], [""takto-"", -16.6737], [""karfto-"", -16.8078], [""puk"", -16.8378], [""buk"", -16.8378], [""tsito-"", -17.286], [""sfato-"", -17.286], [""awkufo-(d)"", -17.4875]]"
Θwajaadik	awkufo-(d)	-18.1313	"[[""awkufo-(d)"", -18.1313], [""tutrlo-"", -19.2376], [""tso-"", -19.2932], [""takto-"", -19.4976], [""wtsnaso-(d)"", -19.5068], [""kukok"", -19.5629], [""karfto-"", -19.6316], [""sfato-"", -20.1097], [""tsito-"", -20.1097], [""buk"", -20.3455]]"
Θwajaadiki	awkufo-(d)	-20.1479	"[[""awkufo-(d)"", -20.1479], [""wtsnaso-(d)"", -21.5133], [""tutrlo-"", -22.339], [""tso-"", -22.3984], [""takto-"", -22.6026], [""karfto-"", -22.7365], [""tse-"", -22.7873], [""kukok"", -22.8526], [""sfato-"", -23.2143], [""tsito-"", -23.2143]]"
Θwajaaj	puk	-13.3297	"[[""puk"", -13.3297], [""buk"", -13.3297], [""kukok"", -13.8016], [""wsta-"", -14.6717], [""kuka-"", -14.9645], [""wits-"", -14.9756], [""moːus"", -15.4147], [""tutra-"", -15.4186], [""kofu"", -15.6382], [""helũk"", -15.6752]]"
Θwajaaja	kukok	-15.6377	"[[""kukok"", -15.6377], [""puk"", -16.1452], [""buk"", -16.1452], [""wsta-"", -17.4182], [""moːus"", -17.4212], [""kuka-"", -17.672], [""wits-"", -17.8825], [""kʷisk"", -18.0985], [""tutra-"", -18.1084], [""helũk"", -18.2521]]"
Θwajaj	buk	-10.5133	"[[""buk"", -10.5133], [""puk"", -10.5133], [""wsta-"", -12.5472], [""moːus"", -12.5999], [""kuka-"", -12.6076], [""=ms"", -12.6801], [""mu-"", -12.6804], [""kofuu"", -12.8106], [""helũk"", -12.8593], [""kukok"", -12.8819]]"
Θwajaja	buk	-12.9251	"[[""buk"", -12.9251], [""puk"", -12.9251], [""kukok"", -13.1611], [""moːus"", -14.3424], [""kuka-"", -15.0232], [""helũk"", -15.0594], [""wsta-"", -15.0813], [""mu-"", -15.5044], [""tutra-"", -15.6793], [""=ms"", -15.7785]]"
Θwajajaa	kukok	-15.3545	"[[""kukok"", -15.3545], [""buk"", -15.9226], [""puk"", -15.9226], [""moːus"", -17.2459], [""kuka-"", -17.5985], [""kʷisk"", -17.6833], [""wsta-"", -17.7177], [""helũk"", -18.0189], [""tutra-"", -18.1047], [""estsats"", -18.2759]]"
Θwajajad	kukok	-16.029	"[[""kukok"", -16.029], [""buk"", -16.4326], [""puk"", -16.4326], [""kuka-"", -17.7023], [""wsta-"", -17.8357], [""moːus"", -17.8497], [""tutra-"", -18.1144], [""wits-"", -18.3177], [""awkufo-(d)"", -18.5407], [""helũk"", -18.5668]]"
Θwajajadi	kukok	-19.1494	"[[""kukok"", -19.1494], [""tutrlo-"", -19.2225], [""iʃkupto-"", -19.719], [""buk"", -19.9401], [""puk"", -19.9401], [""tso-"", -19.973], [""takto-"", -20.1531], [""sfato-"", -20.1904], [""tsito-"", -20.1904], [""awkufo-(d)"", -20.1991]]"
Θwajajadik	awkufo-(d)	-20.9283	"[[""awkufo-(d)"", -20.9283], [""tutrlo-"", -22.0461], [""wtsnaso-(d)"", -22.3144], [""kukok"", -22.3784], [""iʃkupto-"", -22.5428], [""tso-"", -22.7987], [""takto-"", -22.9773], [""sfato-"", -23.0143], [""tsito-"", -23.0143], [""karfto-"", -23.1322]]"
Θwajajai	puk	-16.4326	"[[""puk"", -16.4326], [""buk"", -16.4326], [""kukok"", -16.6162], [""kuka-"", -17.7023], [""wsta-"", -17.8357], [""moːus"", -17.8497], [""tutra-"", -18.1144], [""wits-"", -18.3177], [""helũk"", -18.5668], [""mu-"", -18.6099]]"
Θwajajain	witsn	-19.3257	"[[""witsn"", -19.3257], [""tutra-"", -19.3746], [""pitotsn"", -19.9154], [""kud"", -19.9392], [""puk"", -19.9401], [""buk"", -19.9401], [""awkufo-(d)"", -19.9903], [""kukok"", -20.0726], [""laftsn"", -20.2307], [""kuka-"", -20.6023]]"
Θwajajainw	awkufo-(d)	-19.6201	"[[""awkufo-(d)"", -19.6201], [""tutra-"", -21.6689], [""wtsnaso-(d)"", -22.1717], [""tutrlo-"", -22.259], [""witsn"", -22.8329], [""tsuve-"", -23.0162], [""tsuni-"", -23.0162], [""wastnun-"", -23.1326], [""pitotsn"", -23.4225], [""kud"", -23.4464]]"
Θwajajaj	buk	-16.4323	"[[""buk"", -16.4323], [""puk"", -16.4323], [""kofuu"", -16.6048], [""kukok"", -16.6161], [""kuka-"", -17.7021], [""wsta-"", -17.8357], [""moːus"", -17.8484], [""tutra-"", -18.1142], [""wits-"", -18.3177], [""helũk"", -18.5662]]"
Θwajajaja	kukok	-18.4579	"[[""kukok"", -18.4579], [""kusedus pusedus"", -18.6054], [""puk"", -19.2479], [""buk"", -19.2479], [""kofuu"", -20.1088], [""moːus"", -20.1652], [""kuka-"", -20.4867], [""wsta-"", -20.7065], [""tutra-"", -20.8709], [""kʷisk"", -21.1707]]"
Θwajajas	puk	-16.4326	"[[""puk"", -16.4326], [""buk"", -16.4326], [""kukok"", -16.6162], [""kuka-"", -16.7553], [""wiɕɕi"", -16.914], [""weɕfa"", -16.914], [""ɡuɡiɕa"", -16.9569], [""wsta-"", -16.9791], [""sfa"", -17.5259], [""moːus"", -17.8497]]"
Θwajajasa	kuka-	-16.5774	"[[""kuka-"", -16.5774], [""kudkit"", -16.7525], [""wsta-"", -16.8607], [""kulumsis"", -17.5364], [""tsfisa-"", -18.3538], [""kukok"", -18.4719], [""tutra-"", -19.3998], [""puk"", -19.4302], [""buk"", -19.4302], [""masta-"", -19.7589]]"
Θwajajasas	fẽnstifi	-18.948	"[[""fẽnstifi"", -18.948], [""tsfisa-"", -19.3662], [""kuka-"", -19.3892], [""wsta-"", -19.671], [""kudkit"", -20.257], [""kulumsis"", -21.0399], [""ɡuɡiɕa"", -21.1588], [""tsati-"", -21.6302], [""kukok"", -21.9624], [""[k]asa-"", -21.9787]]"
Θwajas	puk	-10.5142	"[[""puk"", -10.5142], [""buk"", -10.5142], [""wsta-"", -11.2815], [""kuka-"", -11.3004], [""wiɕɕi"", -11.4356], [""weɕfa"", -11.4356], [""ɡuɡiɕa"", -11.56], [""sfa"", -11.6063], [""moːus"", -12.6033], [""=ms"", -12.6801]]"
Θwajase	wsta-	-10.95	"[[""wsta-"", -10.95], [""kuka-"", -10.9533], [""buk"", -14.0214], [""puk"", -14.0214], [""tutra-"", -14.1729], [""piʃta-"", -14.2862], [""masta-"", -14.2862], [""witsi-"", -14.2862], [""wesfa-"", -14.2863], [""sfa-"", -14.4574]]"
Θwajasek	wsta-	-13.7744	"[[""wsta-"", -13.7744], [""kuka-"", -13.7775], [""tutra-"", -16.9943], [""witsi-"", -17.1107], [""masta-"", -17.1107], [""piʃta-"", -17.1107], [""wesfa-"", -17.1108], [""tfi-"", -17.2818], [""sfa-"", -17.2818], [""buk"", -17.5286]]"
Θwajaseka	wsta-	-16.8783	"[[""wsta-"", -16.8783], [""kuka-"", -16.8819], [""kudkit"", -18.4998], [""kʷe(si)=k"", -19.334], [""kʷi=k"", -19.4272], [""kukok"", -19.5636], [""tutra-"", -20.0735], [""wesfa-"", -20.2126], [""masta-"", -20.2131], [""witsi-"", -20.2131]]"
Θwajasekan	wsta-	-20.0973	"[[""wsta-"", -20.0973], [""tsa-(t)"", -20.1002], [""kuka-"", -20.1019], [""kudkit"", -22.0064], [""tsaʃi-(t)"", -22.1076], [""kʷen"", -22.1128], [""pita-(t)"", -22.1311], [""pslẽn"", -22.3846], [""witsn"", -22.5996], [""tawɕẽn"", -22.7871]]"
Θwajat	buk	-10.5142	"[[""buk"", -10.5142], [""puk"", -10.5142], [""wsta-"", -12.5472], [""moːus"", -12.6033], [""kuka-"", -12.6085], [""=ms"", -12.6801], [""mu-"", -12.6882], [""helũk"", -12.8608], [""kukok"", -12.883], [""wits-"", -13.1453]]"
Θwajatu	puk	-14.0214	"[[""puk"", -14.0214], [""buk"", -14.0214], [""wsta-"", -15.2765], [""kuka-"", -15.3251], [""tutra-"", -15.7102], [""mu-"", -15.7938], [""wits-"", -15.9933], [""kukok"", -16.0913], [""moːus"", -16.1103], [""=ms"", -16.1877]]"
Θwajatur	buk	-17.5286	"[[""buk"", -17.5286], [""puk"", -17.5286], [""wsta-"", -18.224], [""kuka-"", -18.2675], [""tutra-"", -18.5264], [""mu-"", -19.0154], [""wits-"", -19.1061], [""awkufo-(d)"", -19.1272], [""kukok"", -19.3631], [""moːus"", -19.6172]]"
Θwajaturu	buk	-21.0358	"[[""buk"", -21.0358], [""puk"", -21.0358], [""wsta-"", -21.2942], [""kuka-"", -21.335], [""tutra-"", -21.5194], [""awkufo-(d)"", -21.6169], [""mu-"", -22.3009], [""wits-"", -22.3308], [""kukok"", -22.6753], [""moːus"", -23.124]]"
Θwajaturus	wsta-	-24.1785	"[[""wsta-"", -24.1785], [""kuka-"", -24.21], [""awkufo-(d)"", -24.2848], [""puk"", -24.543], [""buk"", -24.543], [""tutra-"", -24.5617], [""wiɕɕi"", -25.4426], [""weɕfa"", -25.4427], [""ɡuɡiɕa"", -25.5444], [""wits-"", -25.6176]]"
Φet	=tlː	-11.2432	"[[""=tlː"", -11.2432], [""=k"", -11.3633], [""i-"", -11.3633], [""=iʃ"", -11.5351], [""=ms"", -11.5351], [""=in"", -11.5351], [""=ãk"", -11.5351], [""ẽt-"", -12.1474], [""bi-"", -12.1474], [""ni-"", -12.1474]]"
Φetu	=tlː	-13.8491	"[[""=tlː"", -13.8491], [""=k"", -14.4053], [""i-"", -14.4053], [""=ãk"", -14.5247], [""=in"", -14.5247], [""=iʃ"", -14.5247], [""=ms"", -14.5247], [""wr-"", -14.9765], [""eʃ-"", -14.9765], [""bi-"", -14.9765]]"
Φetum	=tlː	-16.6681	"[[""=tlː"", -16.6681], [""tro"", -16.7263], [""os-"", -17.3908], [""olː"", -17.3908], [""ow-"", -17.3908], [""=k"", -17.5387], [""i-"", -17.5387], [""=(i)tʰ"", -17.5502], [""=iʃ"", -17.6191], [""=ãk"", -17.6191]]"
Φetume	elːo-	-18.5069	"[[""elːo-"", -18.5069], [""tso-"", -19.5599], [""=tlː"", -19.6166], [""olː"", -19.9689], [""ow-"", -19.9689], [""os-"", -19.9689], [""=(i)tʰ"", -20.139], [""tro"", -20.229], [""sulːo-"", -20.4396], [""=k"", -20.7328]]"
Φetumei	elːo-	-21.3318	"[[""elːo-"", -21.3318], [""tso-"", -22.3915], [""=tlː"", -22.6525], [""os-"", -22.8097], [""ow-"", -22.8097], [""olː"", -22.8097], [""=(i)tʰ"", -22.8571], [""sulːo-"", -23.2632], [""ofi-"", -23.35], [""ora-"", -23.35]]"
Φetumeij	elːo-	-24.435	"[[""elːo-"", -24.435], [""=im, =(u)m"", -24.6765], [""lalou"", -25.4468], [""tso-"", -25.4976], [""moːus"", -25.583], [""=(i)tʰ"", -25.6715], [""=tlː"", -25.7518], [""kofu"", -25.7764], [""olː"", -25.8089], [""os-"", -25.8089]]"
Φetumeija	moːus	-22.1657	"[[""moːus"", -22.1657], [""=(i)s"", -24.2685], [""=k"", -25.3442], [""imbous"", -25.4448], [""puk"", -25.9491], [""buk"", -25.9491], [""alus"", -25.9644], [""=im, =(u)m"", -26.8477], [""kot"", -27.0265], [""sof"", -27.0265]]"
Φetumeijas	moːus	-25.6729	"[[""moːus"", -25.6729], [""=(i)tʰ"", -27.118], [""ko-(t)"", -27.3642], [""=(i)s"", -27.7448], [""ol-(t)"", -27.9022], [""os-"", -28.0741], [""=k"", -28.8512], [""imbous"", -28.952], [""in-(t)"", -28.9702], [""ti"", -29.1484]]"
Φni	=tlː	-8.712	"[[""=tlː"", -8.712], [""=dãn"", -8.725], [""da-"", -9.1032], [""ni-"", -9.1032], [""dã-"", -9.1032], [""Mlːim"", -9.1251], [""=nak"", -9.1276], [""ad-"", -9.1314], [""el-"", -9.1314], [""olː"", -9.1314]]"
adikite	kʷe-	-14.4562	"[[""kʷe-"", -14.4562], [""ʃe-"", -15.7918], [""kʷeːn-"", -16.0688], [""ko-(t)"", -16.189], [""kʷel-"", -16.9045], [""kʷela-"", -17.1865], [""tʰesa-"", -17.1865], [""kʷe(si)-"", -17.3218], [""kowe"", -17.3595], [""tse-"", -17.8436]]"
adikitete	kʷe-	-20.9613	"[[""kʷe-"", -20.9613], [""kʷeːn-"", -21.8521], [""kʷe(si)-"", -21.8986], [""ko-(t)"", -21.9485], [""ʃe-"", -22.2994], [""kʷel-"", -23.1122], [""kʷela-"", -23.2748], [""tʰesa-"", -23.2748], [""kowe"", -24.3448], [""tse-"", -24.3485]]"
aja	kukok	-2.7773	"[[""kukok"", -2.7773], [""kuka-"", -3.4154], [""kup-"", -5.5959], [""kʷi=k"", -5.6167], [""=k"", -5.6702], [""kudkit"", -5.8123], [""tutra-"", -6.201], [""kʷisk"", -6.208], [""kat"", -6.2311], [""kot"", -6.2311]]"
anatiΘwaja	trf(i)-	-21.2486	"[[""trf(i)-"", -21.2486], [""artimus"", -22.3426], [""tsẽnʃi-(t)"", -22.5242], [""tsa-(t)"", -22.5719], [""kʷãn-(t)"", -22.8433], [""kʷalmlus"", -22.8484], [""kʷisk"", -23.6231], [""srfast(i)-"", -23.722], [""trfno-(d)"", -23.9706], [""kʷe(si)=k"", -24.0672]]"
asasara	titiɕ	-8.4916	"[[""titiɕ"", -8.4916], [""satit"", -8.4916], [""taats"", -9.1632], [""katʰtʰirs"", -10.1872], [""kʷisk"", -10.2249], [""fasiʃa-"", -10.3351], [""tafa-"", -10.9487], [""tasa-"", -10.9487], [""isas"", -11.9954], [""tis-"", -12.173]]"
ataiΘwae	tsa-(t)	-16.996	"[[""tsa-(t)"", -16.996], [""tsiw-"", -18.4456], [""=ms"", -18.7944], [""ko-(t)"", -18.9432], [""kʷãn-(t)"", -18.9883], [""tsaʃi-(t)"", -19.0788], [""kʷisk"", -19.3531], [""kʷi=k"", -19.403], [""sfẽni-(t)"", -19.7083], [""kʷe(si)=k"", -19.7309]]"
ataiΘwaja	tsa-(t)	-19.7889	"[[""tsa-(t)"", -19.7889], [""kʷalmlus"", -20.4196], [""kʷisk"", -20.4243], [""buk"", -21.0357], [""puk"", -21.0357], [""katʰtʰirs"", -21.1161], [""kʷe(si)=k"", -21.1431], [""takʷtula-"", -21.2275], [""tsiw-"", -21.5456], [""=ms"", -21.6093]]"
dada	sof	-4.191	"[[""sof"", -4.191], [""kot"", -4.191], [""os-"", -6.3507], [""kukok"", -6.9435], [""edkok"", -7.6104], [""kofu"", -7.6381], [""kofuu"", -7.6639], [""=k"", -8.4937], [""ofi-"", -8.7947], [""tso-"", -9.0954]]"
damate	sof	-11.2052	"[[""sof"", -11.2052], [""kot"", -11.2052], [""os-"", -11.9999], [""kof(i)-"", -12.5521], [""ko-(t)"", -12.9205], [""kofuu"", -13.5537], [""kofu"", -13.5755], [""kukok"", -13.9537], [""ofi-"", -14.4739], [""ol-(t)"", -14.5477]]"
daserate	ofi-	-17.0643	"[[""ofi-"", -17.0643], [""kat-"", -17.2813], [""tis-"", -17.2813], [""=(i)tʰ"", -18.0785], [""tsa-(t)"", -18.194], [""kat"", -18.6192], [""fak"", -18.6192], [""os-"", -19.0155], [""pita-(t)"", -19.3288], [""=(i)s"", -19.4132]]"
dawa	=ms	-5.6754	"[[""=ms"", -5.6754], [""os-"", -6.3593], [""ow-"", -7.047], [""=k"", -8.4937], [""ofi-"", -8.8967], [""=mas"", -9.0284], [""kʷi=k"", -9.1143], [""sof"", -9.3426], [""kot"", -9.3426], [""kʷisk"", -9.6448]]"
di	os-	-6.3023	"[[""os-"", -6.3023], [""olː"", -6.3023], [""ow-"", -6.3023], [""ora-"", -6.9624], [""ofi-"", -6.9624], [""ora"", -6.9652], [""i-"", -8.4775], [""=k"", -8.4775], [""=ãk"", -8.7268], [""=in"", -8.7268]]"
ida	=k	-5.678	"[[""=k"", -5.678], [""kot"", -6.9224], [""sof"", -6.9224], [""os-"", -7.5825], [""ofi-"", -7.6143], [""=(i)s"", -8.4164], [""=ãk"", -8.4315], [""=iʃ"", -8.4315], [""=ms"", -8.4315], [""=mas"", -8.7201]]"
idaa	os-	-7.0346	"[[""os-"", -7.0346], [""=k"", -8.2727], [""kot"", -9.3424], [""sof"", -9.3424], [""ist"", -9.3695], [""eʃt"", -9.3695], [""iʃt"", -9.3695], [""ofi-"", -9.5706], [""=(i)s"", -10.1952], [""kat"", -10.2947]]"
idi	os-	-9.7498	"[[""os-"", -9.7498], [""olː"", -9.7498], [""ow-"", -9.7498], [""ora-"", -10.4544], [""ofi-"", -10.4544], [""tso-"", -10.4576], [""ora"", -10.4671], [""tro"", -11.1061], [""=tlː"", -11.2432], [""i-"", -11.3633]]"
ija	=k	-5.678	"[[""=k"", -5.678], [""puk"", -6.289], [""buk"", -6.289], [""alus"", -6.9214], [""=(i)s"", -8.4164], [""=ãk"", -8.4315], [""=ms"", -8.4315], [""=iʃ"", -8.4315], [""=nak"", -8.7201], [""=mas"", -8.7201]]"
ijaredija	kukok	-20.8968	"[[""kukok"", -20.8968], [""kot"", -21.7213], [""sof"", -21.7213], [""moːus"", -22.588], [""kʷi=k"", -23.1863], [""ko-(t)"", -23.5751], [""kofu"", -23.963], [""kofuu"", -24.026], [""kʷalmlus"", -24.204], [""=(i)s"", -24.263]]"
inaida	edkok	-10.4816	"[[""edkok"", -10.4816], [""kot"", -11.2052], [""sof"", -11.2052], [""kukok"", -13.2573], [""aɕtrkoɕ"", -13.4959], [""vsta"", -13.8744], [""ʃanto-"", -13.9562], [""ãntʰẽt"", -14.6009], [""kofu"", -14.6535], [""kofuu"", -14.6796]]"
inajareta	kukok	-19.5636	"[[""kukok"", -19.5636], [""kuka-"", -21.2942], [""tutra-"", -21.5164], [""luko-(d)"", -22.3348], [""vsta"", -22.5446], [""nikumek"", -22.5457], [""nikumẽk"", -22.5457], [""nã=kukod"", -22.5715], [""kudkit"", -22.7516], [""kʷisk"", -22.8572]]"
ipi	=tlː	-11.2432	"[[""=tlː"", -11.2432], [""=k"", -11.3633], [""i-"", -11.3633], [""=iʃ"", -11.5351], [""=ms"", -11.5351], [""=in"", -11.5351], [""=ãk"", -11.5351], [""ẽt-"", -12.1474], [""bi-"", -12.1474], [""ni-"", -12.1474]]"
ipinama	edkok	-13.2988	"[[""edkok"", -13.2988], [""sof"", -14.7141], [""kot"", -14.7141], [""aɕtrkoɕ"", -15.4456], [""ʃanto-"", -16.3711], [""kukok"", -16.5188], [""vsta"", -17.4116], [""Sãntas"", -17.5229], [""=nak"", -17.8142], [""=k"", -18.1064]]"
iti	=tlː	-11.2432	"[[""=tlː"", -11.2432], [""=k"", -11.3633], [""i-"", -11.3633], [""=iʃ"", -11.5351], [""=ms"", -11.5351], [""=in"", -11.5351], [""=ãk"", -11.5351], [""ẽt-"", -12.1474], [""bi-"", -12.1474], [""ni-"", -12.1474]]"
ja	=k	-2.855	"[[""=k"", -2.855], [""puk"", -3.4741], [""buk"", -3.4741], [""=ms"", -5.8767], [""=iʃ"", -5.8767], [""=ãk"", -5.8767], [""kukok"", -6.2426], [""sof"", -6.2614], [""kat"", -6.2614], [""kot"", -6.2614]]"
jadikitu	kʷe-	-17.9623	"[[""kʷe-"", -17.9623], [""ʃe-"", -19.299], [""kʷeːn-"", -19.5749], [""luko-(d)"", -19.6646], [""ko-(t)"", -19.6959], [""kʷel-"", -20.4105], [""tʰesa-"", -20.6924], [""kʷela-"", -20.6926], [""kʷe(si)-"", -20.8274], [""kowe"", -20.8666]]"
jainwaza	kulumsis	-13.7827	"[[""kulumsis"", -13.7827], [""kudkit"", -13.9465], [""Sãntas"", -15.893], [""tʰorsa-"", -16.5027], [""=mas"", -16.5961], [""tawsa-"", -16.7904], [""=nak"", -16.875], [""kʷelis"", -17.0939], [""tarplati-"", -17.1057], [""satit"", -17.122]]"
jaja	kukok	-6.2515	"[[""kukok"", -6.2515], [""kuka-"", -6.9141], [""=k"", -8.4937], [""puk"", -8.8871], [""buk"", -8.8871], [""kup-"", -9.0996], [""kʷi=k"", -9.1143], [""kudkit"", -9.2943], [""tutra-"", -9.6261], [""kʷisk"", -9.6448]]"
jasa	kat	-4.5962	"[[""kat"", -4.5962], [""fak"", -4.5962], [""titiɕ"", -6.6722], [""satit"", -6.6722], [""=ãk"", -6.7656], [""=iʃ"", -6.7656], [""isas"", -7.3522], [""kuka-"", -7.3845], [""Sãntas"", -7.3974], [""ʃi-"", -7.4485]]"
jasasa	titiɕ	-5.6864	"[[""titiɕ"", -5.6864], [""satit"", -5.6864], [""tafa-"", -8.5358], [""tasa-"", -8.5358], [""fasiʃa-"", -8.9078], [""isas"", -9.1765], [""fata"", -9.1861], [""fak"", -10.2267], [""kat"", -10.2267], [""kat-"", -10.2504]]"
jasasara	titiɕ	-11.9985	"[[""titiɕ"", -11.9985], [""satit"", -11.9985], [""taats"", -12.6701], [""katʰtʰirs"", -13.6935], [""kʷisk"", -13.7278], [""fasiʃa-"", -13.8253], [""tasa-"", -14.4556], [""tafa-"", -14.4556], [""estsats"", -14.8224], [""isas"", -15.4942]]"
jasasarama	takto-	-17.0458	"[[""takto-"", -17.0458], [""tsito-"", -17.944], [""sfato-"", -17.944], [""katʰtʰirs"", -18.174], [""aɕtrkoɕ"", -18.3709], [""taats"", -18.5901], [""satit"", -18.5931], [""titiɕ"", -18.5931], [""tsaʃi-(t)"", -18.8077], [""fabatko"", -19.2092]]"
jasasarame	takto-	-17.0471	"[[""takto-"", -17.0471], [""sfato-"", -17.9445], [""tsito-"", -17.9445], [""tsaʃi-(t)"", -18.8684], [""titiɕ"", -19.0133], [""satit"", -19.0133], [""fabatko"", -19.2128], [""tsa-(t)"", -19.3735], [""fasiʃa-"", -19.6714], [""taats"", -19.6827]]"
jasaunakanasi	katʰtʰirs	-25.2946	"[[""katʰtʰirs"", -25.2946], [""ʃarẽta-"", -25.3569], [""karʃe-(d)"", -25.3894], [""sfatrtʰa-"", -25.8276], [""arstʰãnʃi-"", -25.9336], [""sareta"", -26.0189], [""takʷtula-"", -26.3888], [""tatsd(i)-"", -26.4448], [""tseʃi-"", -26.6847], [""kafolːtsn"", -26.8291]]"
jataiΘuja	taakʷu	-22.0509	"[[""taakʷu"", -22.0509], [""kʷi=k"", -22.404], [""kʷe(si)=k"", -22.4462], [""kʷisk"", -22.7512], [""kukok"", -22.9417], [""aktʰα-"", -22.9843], [""kʷalmlus"", -23.3915], [""katʰtʰirs"", -23.4748], [""tsa-(t)"", -23.5811], [""kofu"", -23.646]]"
jawa	=ms	-5.6754	"[[""=ms"", -5.6754], [""=k"", -8.4937], [""=mas"", -9.0284], [""kup-"", -9.0998], [""kʷi=k"", -9.1143], [""puk"", -9.3617], [""buk"", -9.3617], [""kukok"", -9.575], [""kʷisk"", -9.6448], [""kot"", -9.7098]]"
jawaΦ	=ms	-9.1826	"[[""=ms"", -9.1826], [""kup-"", -11.9159], [""=k"", -12.0006], [""tsiw-"", -12.1849], [""umno-"", -12.1987], [""tawsa-"", -12.491], [""tis-"", -12.4981], [""kat-"", -12.4981], [""=mas"", -12.5088], [""ko-(t)"", -12.5251]]"
mai	os-	-3.5439	"[[""os-"", -3.5439], [""ofi-"", -6.2876], [""=k"", -6.36], [""sof"", -7.5321], [""kot"", -7.5321], [""=tlː"", -8.44], [""olː"", -9.005], [""ow-"", -9.005], [""tis-"", -9.0879], [""kat-"", -9.0879]]"
me	os-	-6.3023	"[[""os-"", -6.3023], [""olː"", -6.3023], [""ow-"", -6.3023], [""ora-"", -6.9624], [""ofi-"", -6.9624], [""ora"", -6.9652], [""i-"", -8.4775], [""=k"", -8.4775], [""=ãk"", -8.7268], [""=in"", -8.7268]]"
na	=k	-2.855	"[[""=k"", -2.855], [""nak"", -3.4169], [""nik"", -3.4169], [""det"", -3.4169], [""vis"", -3.4169], [""nãrs"", -3.442], [""nars"", -3.442], [""vsta"", -3.442], [""lewɕ"", -3.4705], [""ni-"", -5.6264]]"
nasi	rkali	-6.9614	"[[""rkali"", -6.9614], [""vsta"", -7.2421], [""lita-"", -7.3316], [""lapta-"", -7.4114], [""anka-"", -7.4184], [""mrʃa-"", -7.4185], [""da-"", -7.4407], [""ni-"", -7.4407], [""dã-"", -7.4407], [""ʃi-"", -7.4499]]"
nu	da-	-5.6264	"[[""da-"", -5.6264], [""dã-"", -5.6264], [""ni-"", -5.6264], [""lẽn"", -6.2614], [""nin"", -6.2614], [""dãn"", -6.2614], [""nãn"", -6.2614], [""nãv"", -6.2614], [""nid"", -6.2614], [""lẽm-"", -6.2733]]"
piteri	=tlː	-19.6166	"[[""=tlː"", -19.6166], [""=(i)tʰ"", -20.139], [""=k"", -20.7328], [""i-"", -20.7328], [""=ãk"", -20.7824], [""=in"", -20.7824], [""=ms"", -20.7824], [""=iʃ"", -20.7824], [""=(i)s"", -20.9144], [""u-(d)"", -20.9943]]"
rame	tso-	-9.3814	"[[""tso-"", -9.3814], [""sako-"", -9.799], [""=k"", -9.8641], [""kot"", -10.4011], [""sof"", -10.4011], [""iʃko-"", -10.4038], [""kofu"", -10.4642], [""kowe"", -10.4669], [""tulo-"", -10.5109], [""tro"", -10.9887]]"
re	i-	-8.4775	"[[""i-"", -8.4775], [""=k"", -8.4775], [""=ãk"", -8.7268], [""=iʃ"", -8.7268], [""=in"", -8.7268], [""=ms"", -8.7268], [""=tlː"", -9.0706], [""wr-"", -9.6804], [""ẽt-"", -9.6804], [""as-"", -9.6804]]"
reike	kʷe-	-14.212	"[[""kʷe-"", -14.212], [""Kile"", -15.032], [""ʃe-"", -15.4237], [""tse-"", -15.681], [""el-"", -16.0165], [""ẽt-"", -16.0165], [""eʃ-"", -16.0165], [""e͂n"", -16.1454], [""=tlː"", -16.6681], [""eʃa-"", -16.7532]]"
reja	=k	-8.7831	"[[""=k"", -8.7831], [""buk"", -9.3914], [""puk"", -9.3914], [""moːus"", -9.6723], [""alus"", -9.7368], [""=(i)s"", -10.3885], [""=ãk"", -11.3218], [""=iʃ"", -11.3218], [""=ms"", -11.3218], [""=nak"", -11.5285]]"
ridau	os-	-10.5562	"[[""os-"", -10.5562], [""=k"", -12.2896], [""=(i)tʰ"", -13.2394], [""ofi-"", -13.2993], [""sof"", -13.5218], [""kot"", -13.5218], [""=(i)s"", -13.8883], [""=tlː"", -14.3292], [""=ms"", -14.8093], [""=ãk"", -14.8093]]"
sarame	iʃko-	-8.1366	"[[""iʃko-"", -8.1366], [""astrko-"", -10.48], [""tso-"", -10.55], [""takto-"", -11.3933], [""arkto-"", -11.4484], [""iʃt"", -11.6064], [""ist"", -11.6064], [""aktʰα-"", -11.8653], [""aktʰa-"", -12.3719], [""ak-"", -12.6902]]"
sasarame	takto-	-11.6386	"[[""takto-"", -11.6386], [""iʃko-"", -13.7646], [""astrko-"", -14.2345], [""iʃkupto-"", -14.3913], [""sako-"", -14.4487], [""karfto-"", -14.8776], [""fabatko"", -15.0573], [""aktʰα-"", -15.1485], [""isas"", -15.5117], [""sfato-"", -16.0721]]"
sekanasi	etla-	-14.4499	"[[""etla-"", -14.4499], [""atna-"", -15.5393], [""isla-"", -15.5393], [""anka-"", -15.5443], [""esk-"", -16.1895], [""avka"", -16.1982], [""anka"", -16.1982], [""astrkota-"", -16.8239], [""mẽtli-"", -16.8305], [""wesfa-"", -16.8377]]"
setoija	=(i)s	-14.8633	"[[""=(i)s"", -14.8633], [""alus"", -16.5826], [""=iʃ"", -16.8706], [""=ãk"", -16.8706], [""artimus"", -17.568], [""moːus"", -17.9704], [""kʷi=k"", -18.1083], [""=(i)tʰ"", -18.113], [""isas"", -18.2567], [""imbous"", -18.4587]]"
si	i-	-3.9464	"[[""i-"", -3.9464], [""as-"", -6.6909], [""if-"", -6.6909], [""ak-"", -6.6909], [""ad-"", -6.6909], [""in"", -7.3283], [""an"", -7.3283], [""ãn"", -7.3283], [""ata-"", -7.3372], [""ama-"", -7.3372]]"
siru	i-	-9.8745	"[[""i-"", -9.8745], [""ad-"", -12.322], [""as-"", -12.322], [""ak-"", -12.322], [""if-"", -12.322], [""ara-"", -12.5942], [""asa-"", -12.5942], [""ama-"", -12.5942], [""ina-"", -12.5942], [""ifi-"", -12.5942]]"
sirute	i-	-16.3799	"[[""i-"", -16.3799], [""aktʰα-"", -17.3504], [""if-"", -18.5266], [""as-"", -18.5266], [""ak-"", -18.5266], [""ad-"", -18.5266], [""ada-"", -18.6855], [""ama-"", -18.6855], [""ata-"", -18.6855], [""ara-"", -18.6855]]"
tanaiΘti	trf(i)-	-16.3238	"[[""trf(i)-"", -16.3238], [""=tlː"", -18.1376], [""karʃ-"", -18.8989], [""trfãn"", -19.3407], [""trfno-(d)"", -19.3872], [""aktʰα-"", -20.3331], [""tinV-"", -20.7724], [""ʃawls"", -20.9998], [""srfast(i)-"", -21.0305], [""sfar-"", -21.1091]]"
tanaiΘutinu	trfno-(d)	-23.0142	"[[""trfno-(d)"", -23.0142], [""trf(i)-"", -24.7653], [""kro-(d)"", -25.7356], [""tro-(d)"", -25.7356], [""tdi-(d)"", -25.7356], [""karʃe-(d)"", -26.1244], [""korfi-(d)"", -26.1244], [""trfãn"", -26.1867], [""ʃlːipi-(d)"", -27.1839], [""kʷir-, kʷr-"", -27.5056]]"
tanarateutinu	trfno-(d)	-28.6981	"[[""trfno-(d)"", -28.6981], [""trf(i)-"", -30.5049], [""srfast(i)-"", -30.5746], [""ʃodkʷlːtʰa-(d)"", -30.8069], [""kolts(i)-"", -31.6539], [""karʃe-(d)"", -31.8634], [""korfi-(d)"", -31.8634], [""kro-(d)"", -31.9428], [""tro-(d)"", -31.9428], [""tdi-(d)"", -31.9428]]"
te	i-	-8.4775	"[[""i-"", -8.4775], [""=k"", -8.4775], [""=ãk"", -8.7268], [""=iʃ"", -8.7268], [""=in"", -8.7268], [""=ms"", -8.7268], [""=tlː"", -9.0706], [""wr-"", -9.6804], [""ẽt-"", -9.6804], [""as-"", -9.6804]]"
tosa	=iʃ	-6.3628	"[[""=iʃ"", -6.3628], [""=ãk"", -6.3628], [""Sãntas"", -8.4605], [""isas"", -8.6436], [""=k"", -8.7831], [""=(i)s"", -8.7924], [""=nak"", -9.1541], [""=mas"", -9.1541], [""kʷi=k"", -9.8147], [""i-"", -9.8693]]"
tume	os-	-13.1732	"[[""os-"", -13.1732], [""olː"", -13.1732], [""ow-"", -13.1732], [""elːo-"", -13.206], [""tso-"", -13.2703], [""=tlː"", -13.8491], [""tro"", -13.926], [""ora-"", -13.9344], [""ofi-"", -13.9344], [""ora"", -13.9673]]"
tumei	os-	-15.9275	"[[""os-"", -15.9275], [""olː"", -15.9275], [""ow-"", -15.9275], [""elːo-"", -16.0249], [""tso-"", -16.0949], [""ofi-"", -16.3833], [""ora-"", -16.3833], [""=tlː"", -16.6681], [""ora"", -17.0565], [""tro"", -17.4248]]"
turusa	=iʃ	-13.093	"[[""=iʃ"", -13.093], [""=ãk"", -13.093], [""=(i)s"", -14.7813], [""=k"", -15.2899], [""=mas"", -15.3877], [""=nak"", -15.3877], [""isas"", -16.7461], [""fak"", -16.9144], [""kat"", -16.9144], [""nik"", -16.9311]]"
unaka	det	-7.007	"[[""det"", -7.007], [""ãntʰẽt"", -9.5734], [""ʃe-"", -9.8664], [""nikumek"", -10.3352], [""nikumẽk"", -10.3352], [""lewɕ"", -10.3471], [""vsta"", -10.3974], [""tesa"", -10.4577], [""kaweɕ"", -10.4737], [""eɕ"", -10.5153]]"
unakana	det	-13.3292	"[[""det"", -13.3292], [""laftsn"", -13.8461], [""fẽtwinte-"", -13.8961], [""Qlːdãns"", -13.9658], [""fẽtamn"", -13.9792], [""eʃt"", -14.0151], [""lẽn"", -14.0214], [""=tlː"", -14.4493], [""karʃe-(d)"", -14.8884], [""ʃlːẽtsad"", -15.1563]]"
unakanasi	arstʰãnʃi-	-17.13	"[[""arstʰãnʃi-"", -17.13], [""tesasta"", -17.4468], [""vsta"", -17.5209], [""tesa"", -17.9259], [""etla-"", -17.9544], [""teli"", -18.6169], [""dẽt(i)-"", -18.6375], [""fẽtwinte-"", -18.7912], [""fẽnstifi"", -19.0745], [""tseʃi-"", -19.1107]]"
unarukajasi	tʰesa-	-22.9385	"[[""tʰesa-"", -22.9385], [""kuka-"", -24.2889], [""tesasta"", -24.4545], [""vsta"", -24.5353], [""kʷe(si)-"", -24.5462], [""tesa"", -24.9385], [""ʃlːẽtsad"", -25.2911], [""ãntʰẽt"", -25.2984], [""nikʷe(si)=k"", -25.478], [""kʷe(si)=k"", -25.6221]]"
unarukanasi	tʰesa-	-22.9385	"[[""tʰesa-"", -22.9385], [""kʷela-"", -23.6308], [""arstʰãnʃi-"", -24.0895], [""kʷela"", -24.2918], [""kʷeːn-"", -24.3152], [""tesasta"", -24.4545], [""vsta"", -24.5346], [""kʷe(si)-"", -24.5462], [""tesa"", -24.9385], [""etla-"", -24.9688]]"
unarukanati	kʷeːn-	-24.3152	"[[""kʷeːn-"", -24.3152], [""kʷel-"", -24.9729], [""ãntʰẽt"", -25.2983], [""fẽtwinte-"", -25.8043], [""fedtro-"", -26.134], [""kʷe(si)-"", -26.4568], [""kʷelis"", -26.4877], [""alːẽlː["", -26.6643], [""esk-"", -26.7028], [""lalːẽn(t)-"", -26.7074]]"
utinu	u-(d)	-13.839	"[[""u-(d)"", -13.839], [""=tlː"", -14.1388], [""=dãn"", -14.3556], [""=in"", -14.8093], [""e͂n"", -14.8652], [""Mlːim"", -15.0454], [""=nak"", -15.0544], [""lo-(d)"", -15.239], [""ta-(d)"", -15.2525], [""pa-(d)"", -15.2525]]"
Θwa	=ms	-2.853	"[[""=ms"", -2.853], [""=k"", -5.678], [""=mas"", -6.2203], [""his"", -6.2457], [""pis"", -6.8955], [""puk"", -6.8955], [""buk"", -6.8955], [""bis"", -6.8955], [""lewɕ"", -6.9214], [""=(i)s"", -8.4164]]"
Φe	i-	-8.4775	"[[""i-"", -8.4775], [""=k"", -8.4775], [""=ãk"", -8.7268], [""=iʃ"", -8.7268], [""=in"", -8.7268], [""=ms"", -8.7268], [""=tlː"", -9.0706], [""wr-"", -9.6804], [""ẽt-"", -9.6804], [""as-"", -9.6804]]"
Φniwi	Mlːim	-11.9128	"[[""Mlːim"", -11.9128], [""lẽm-"", -12.5531], [""lap-"", -12.5531], [""dum-"", -12.5531], [""tarp-"", -13.2764], [""tarb"", -13.9297], [""=tlː"", -14.5894], [""da-"", -14.7634], [""dã-"", -14.7634], [""ni-"", -14.7634]]"
