Inscription_ID	Text	IPA	SCA	Source	Date_Approx	Genre	IPA_Source
ud_ancient_greek_ptnk_Septuagint-Genesis-1:1-grc	Ἐν ἀρχῇ ἐποίησεν ὁ θεὸς τὸν οὐρανὸν καὶ τὴν γῆν.	en arkʰɛː epoi̯ɛːsen o tʰeos ton uːranon kai̯ tɛːn ɡɛːn	EN ARKE EPOIESEN O TEOS TON URANON KAI TEN GEN	ud_ancient_greek_ptnk	4th-5th c. CE (Codex Alexandrinus)	religious	translit_map
ud_ancient_greek_ptnk_Septuagint-Genesis-1:2-grc	ἡ δὲ γῆ ἦν ἀόρατος καὶ ἀκατασκεύαστος, καὶ σκότος ἐπάνω τῆς ἀβύσσου, καὶ πνεῦμα θεοῦ ἐπεφέρετο ἐπάνω τοῦ ὕδατος.	ɛː de ɡɛː ɛːn aoratos kai̯ akataskeu̯astos kai̯ skotos epanɔː tɛːs abyssuː kai̯ pneu̯ma tʰeuː epepʰereto epanɔː tuː ydatos	E DE GE EN AORATOS KAI AKATASKEUASTOS KAI SKOTOS EPANO TES ABUSSU KAI PNEUMA TEU EPEPERETO EPANO TU UDATOS	ud_ancient_greek_ptnk	4th-5th c. CE (Codex Alexandrinus)	religious	translit_map
ud_ancient_greek_ptnk_Septuagint-Genesis-1:3-grc	καὶ εἶπεν ὁ θεός· γενηθήτω φῶς. καὶ ἐγένετο φῶς.	kai̯ eːpen o tʰeos ɡenɛːtʰɛːtɔː pʰɔːs kai̯ eɡeneto pʰɔːs	KAI EPEN O TEOS GENETETO POS KAI EGENETO POS	ud_ancient_greek_ptnk	4th-5th c. CE (Codex Alexandrinus)	religious	translit_map
ud_ancient_greek_ptnk_Septuagint-Genesis-1:4-grc	καὶ εἶδεν ὁ θεὸς τὸ φῶς ὅτι καλόν· καὶ διεχώρισεν ὁ θεὸς ἀνὰ μέσον τοῦ φωτὸς καὶ ἀνὰ μέσον τοῦ σκότους.	kai̯ eːden o tʰeos to pʰɔːs oti kalon kai̯ diekʰɔːrisen o tʰeos ana meson tuː pʰɔːtos kai̯ ana meson tuː skotuːs	KAI EDEN O TEOS TO POS OTI KALON KAI DIEKORISEN O TEOS ANA MESON TU POTOS KAI ANA MESON TU SKOTUS	ud_ancient_greek_ptnk	4th-5th c. CE (Codex Alexandrinus)	religious	translit_map
ud_ancient_greek_ptnk_Septuagint-Genesis-1:5-grc	καὶ ἐκάλεσεν ὁ θεὸς τὸ φῶς ἡμέραν καὶ τὸ σκότος ἐκάλεσεν νύκτα. καὶ ἐγένετο ἑσπέρα καὶ ἐγένετο πρωί, ἡμέρα μία.	kai̯ ekalesen o tʰeos to pʰɔːs ɛːmeran kai̯ to skotos ekalesen nykta kai̯ eɡeneto espera kai̯ eɡeneto prɔːi̯ ɛːmera mia	KAI EKALESEN O TEOS TO POS EMERAN KAI TO SKOTOS EKALESEN NUKTA KAI EGENETO ESPERA KAI EGENETO PROI EMERA MIA	ud_ancient_greek_ptnk	4th-5th c. CE (Codex Alexandrinus)	religious	translit_map
ud_ancient_greek_ptnk_Septuagint-Genesis-1:6-grc	Καὶ εἶπεν ὁ θεός, γενηθήτω στερέωμα ἐν μέσῳ τοῦ ὕδατος καὶ ἔστω διαχωρίζον ἀνὰ μέσον ὕδατος καὶ ὕδατος. καὶ ἐγένετο οὕτως.	kai̯ eːpen o tʰeos ɡenɛːtʰɛːtɔː stereɔːma en mesɔː tuː ydatos kai̯ estɔː diakʰɔːrizdon ana meson ydatos kai̯ ydatos kai̯ eɡeneto uːtɔːs	KAI EPEN O TEOS GENETETO STEREOMA EN MESO TU UDATOS KAI ESTO DIAKORISDON ANA MESON UDATOS KAI UDATOS KAI EGENETO UTOS	ud_ancient_greek_ptnk	4th-5th c. CE (Codex Alexandrinus)	religious	translit_map
ud_ancient_greek_ptnk_Septuagint-Genesis-1:7-grc	καὶ ἐποίησεν ὁ θεὸς τὸ στερέωμα, καὶ διεχώρισεν ὁ θεὸς ἀνὰ μέσον τοῦ ὕδατος, ὃ ἦν ὑποκάτω τοῦ στερεώματος, καὶ ἀνὰ μέσον τοῦ ὕδατος τοῦ ἐπάνω τοῦ στερεώματος.	kai̯ epoi̯ɛːsen o tʰeos to stereɔːma kai̯ diekʰɔːrisen o tʰeos ana meson tuː ydatos o ɛːn ypokatɔː tuː stereɔːmatos kai̯ ana meson tuː ydatos tuː epanɔː tuː stereɔːmatos	KAI EPOIESEN O TEOS TO STEREOMA KAI DIEKORISEN O TEOS ANA MESON TU UDATOS O EN UPOKATO TU STEREOMATOS KAI ANA MESON TU UDATOS TU EPANO TU STEREOMATOS	ud_ancient_greek_ptnk	4th-5th c. CE (Codex Alexandrinus)	religious	translit_map
ud_ancient_greek_ptnk_Septuagint-Genesis-1:8-grc	καὶ ἐκάλεσεν ὁ θεὸς τὸ στερέωμα οὐρανόν. καὶ εἶδεν ὁ θεὸς ὅτι καλόν. καὶ ἐγένετο ἑσπέρα καὶ ἐγένετο πρωί, ἡμέρα δευτέρα.	kai̯ ekalesen o tʰeos to stereɔːma uːranon kai̯ eːden o tʰeos oti kalon kai̯ eɡeneto espera kai̯ eɡeneto prɔːi̯ ɛːmera deu̯tera	KAI EKALESEN O TEOS TO STEREOMA URANON KAI EDEN O TEOS OTI KALON KAI EGENETO ESPERA KAI EGENETO PROI EMERA DEUTERA	ud_ancient_greek_ptnk	4th-5th c. CE (Codex Alexandrinus)	religious	translit_map
ud_ancient_greek_ptnk_Septuagint-Genesis-1:9-grc	Καὶ εἶπεν ὁ θεός, συναχθήτω τὸ ὕδωρ τὸ ὑποκάτω τοῦ οὐρανοῦ εἰς συναγωγὴν μίαν, καὶ ὀφθήτω ἡ ξηρά. καὶ ἐγένετο οὕτως. καὶ συνήχθη τὸ ὕδωρ τὸ ὑποκάτω τοῦ οὐρανοῦ εἰς τὰς συναγωγὰς αὐτῶν, καὶ ὤφθη ἡ ξηρά.	kai̯ eːpen o tʰeos synakʰtʰɛːtɔː to ydɔːr to ypokatɔː tuː uːranuː eːs synaɡɔːɡɛːn mian kai̯ opʰtʰɛːtɔː ɛː ksɛːra kai̯ eɡeneto uːtɔːs kai̯ synɛːkʰtʰɛː to ydɔːr to ypokatɔː tuː uːranuː eːs tas synaɡɔːɡas au̯tɔːn kai̯ ɔːpʰtʰɛː ɛː ksɛːra	KAI EPEN O TEOS SUNAKTETO TO UDOR TO UPOKATO TU URANU ES SUNAGOGEN MIAN KAI OPTETO E KSERA KAI EGENETO UTOS KAI SUNEKTE TO UDOR TO UPOKATO TU URANU ES TAS SUNAGOGAS AUTON KAI OPTE E KSERA	ud_ancient_greek_ptnk	4th-5th c. CE (Codex Alexandrinus)	religious	translit_map
ud_ancient_greek_ptnk_Septuagint-Genesis-1:10-grc	καὶ ἐκάλεσεν ὁ θεὸς τὴν ξηρὰν γῆν καὶ τὰ συστήματα τῶν ὑδάτων ἐκάλεσεν θαλάσσας. καὶ εἶδεν ὁ θεὸς ὅτι καλόν.—	kai̯ ekalesen o tʰeos tɛːn ksɛːran ɡɛːn kai̯ ta systɛːmata tɔːn ydatɔːn ekalesen tʰalassas kai̯ eːden o tʰeos oti kalon	KAI EKALESEN O TEOS TEN KSERAN GEN KAI TA SUSTEMATA TON UDATON EKALESEN TALASSAS KAI EDEN O TEOS OTI KALON	ud_ancient_greek_ptnk	4th-5th c. CE (Codex Alexandrinus)	religious	translit_map
ud_ancient_greek_ptnk_Septuagint-Genesis-1:11-grc	καὶ εἶπεν ὁ θεός, βλαστησάτω ἡ γῆ βοτάνην χόρτου, σπεῖρον σπέρμα κατὰ γένος καὶ καθ᾿ ὁμοιότητα, καὶ ξύλον κάρπιμον ποιοῦν καρπόν, οὗ τὸ σπέρμα αὐτοῦ ἐν αὐτῷ κατὰ γένος ἐπὶ τῆς γῆς. καὶ ἐγένετο οὕτως.	kai̯ eːpen o tʰeos blastɛːsatɔː ɛː ɡɛː botanɛːn kʰortuː speːron sperma kata ɡenos kai̯ katʰ omoi̯otɛːta kai̯ ksylon karpimon poi̯uːn karpon uː to sperma au̯tuː en au̯tɔː kata ɡenos epi tɛːs ɡɛːs kai̯ eɡeneto uːtɔːs	KAI EPEN O TEOS BLASTESATO E GE BOTANEN KORTU SPERON SPERMA KATA GENOS KAI KAT OMOIOTETA KAI KSULON KARPIMON POIUN KARPON U TO SPERMA AUTU EN AUTO KATA GENOS EPI TES GES KAI EGENETO UTOS	ud_ancient_greek_ptnk	4th-5th c. CE (Codex Alexandrinus)	religious	translit_map
ud_ancient_greek_ptnk_Septuagint-Genesis-1:12-grc	καὶ ἐξήνεγκεν ἡ γῆ βοτάνην χόρτου, σπεῖρον σπέρμα κατὰ γένος καὶ καθ᾿ ὁμοιότητα, καὶ ξύλον κάρπιμον ποιοῦν καρπόν, οὗ τὸ σπέρμα αὐτοῦ ἐν αὐτῷ κατὰ γένος ἐπὶ τῆς γῆς. καὶ εἶδεν ὁ θεὸς ὅτι καλόν.	kai̯ eksɛːneŋken ɛː ɡɛː botanɛːn kʰortuː speːron sperma kata ɡenos kai̯ katʰ omoi̯otɛːta kai̯ ksylon karpimon poi̯uːn karpon uː to sperma au̯tuː en au̯tɔː kata ɡenos epi tɛːs ɡɛːs kai̯ eːden o tʰeos oti kalon	KAI EKSENENKEN E GE BOTANEN KORTU SPERON SPERMA KATA GENOS KAI KAT OMOIOTETA KAI KSULON KARPIMON POIUN KARPON U TO SPERMA AUTU EN AUTO KATA GENOS EPI TES GES KAI EDEN O TEOS OTI KALON	ud_ancient_greek_ptnk	4th-5th c. CE (Codex Alexandrinus)	religious	translit_map
ud_ancient_greek_ptnk_Septuagint-Genesis-1:13-grc	καὶ ἐγένετο ἑσπέρα καὶ ἐγένετο πρωί, ἡμέρα τρίτη.	kai̯ eɡeneto espera kai̯ eɡeneto prɔːi̯ ɛːmera tritɛː	KAI EGENETO ESPERA KAI EGENETO PROI EMERA TRITE	ud_ancient_greek_ptnk	4th-5th c. CE (Codex Alexandrinus)	religious	translit_map
ud_ancient_greek_ptnk_Septuagint-Genesis-1:14-grc	Καὶ εἶπεν ὁ θεός, γενηθήτωσαν φωστῆρες ἐν τῷ στερεώματι τοῦ οὐρανοῦ εἰς φαῦσιν τῆς γῆς, τοῦ διαχωρίζειν ἀνὰ μέσον τῆς ἡμέρας καὶ ἀνὰ μέσον τῆς νυκτός· καὶ ἔστωσαν εἰς σημεῖα, καὶ εἰς καιρούς, καὶ εἰς ἡμέρας, καὶ εἰς ἐνιαυτούς.	kai̯ eːpen o tʰeos ɡenɛːtʰɛːtɔːsan pʰɔːstɛːres en tɔː stereɔːmati tuː uːranuː eːs pʰau̯sin tɛːs ɡɛːs tuː diakʰɔːrizdeːn ana meson tɛːs ɛːmeras kai̯ ana meson tɛːs nyktos kai̯ estɔːsan eːs sɛːmeːa kai̯ eːs kai̯ruːs kai̯ eːs ɛːmeras kai̯ eːs eniau̯tuːs	KAI EPEN O TEOS GENETETOSAN POSTERES EN TO STEREOMATI TU URANU ES PAUSIN TES GES TU DIAKORISDEN ANA MESON TES EMERAS KAI ANA MESON TES NUKTOS KAI ESTOSAN ES SEMEA KAI ES KAIRUS KAI ES EMERAS KAI ES ENIAUTUS	ud_ancient_greek_ptnk	4th-5th c. CE (Codex Alexandrinus)	religious	translit_map
ud_ancient_greek_ptnk_Septuagint-Genesis-1:15-grc	καὶ ἔστωσαν εἰς φαῦσιν ἐν τῷ στερεώματι τοῦ οὐρανοῦ, ὥστε φαίνειν ἐπὶ τῆς γῆς· καὶ ἐγένετο οὕτως.	kai̯ estɔːsan eːs pʰau̯sin en tɔː stereɔːmati tuː uːranuː ɔːste pʰai̯neːn epi tɛːs ɡɛːs kai̯ eɡeneto uːtɔːs	KAI ESTOSAN ES PAUSIN EN TO STEREOMATI TU URANU OSTE PAINEN EPI TES GES KAI EGENETO UTOS	ud_ancient_greek_ptnk	4th-5th c. CE (Codex Alexandrinus)	religious	translit_map
ud_ancient_greek_ptnk_Septuagint-Genesis-1:16-grc	καὶ ἐποίησεν ὁ θεὸς τοὺς δύο φωστῆρας τοὺς μεγάλους· τὸν φωστῆρα τὸν μέγαν εἰς ἀρχὰς τῆς ἡμέρας, καὶ τὸν φωστῆρα τὸν ἐλάσσω εἰς ἀρχὰς τῆς νυκτός, καὶ τοὺς ἀστέρας.	kai̯ epoi̯ɛːsen o tʰeos tuːs dyo pʰɔːstɛːras tuːs meɡaluːs ton pʰɔːstɛːra ton meɡan eːs arkʰas tɛːs ɛːmeras kai̯ ton pʰɔːstɛːra ton elassɔː eːs arkʰas tɛːs nyktos kai̯ tuːs asteras	KAI EPOIESEN O TEOS TUS DUO POSTERAS TUS MEGALUS TON POSTERA TON MEGAN ES ARKAS TES EMERAS KAI TON POSTERA TON ELASSO ES ARKAS TES NUKTOS KAI TUS ASTERAS	ud_ancient_greek_ptnk	4th-5th c. CE (Codex Alexandrinus)	religious	translit_map
ud_ancient_greek_ptnk_Septuagint-Genesis-1:17-18-grc	καὶ ἔθετο αὐτοὺς ὁ θεὸς ἐν τῷ στερεώματι τοῦ οὐρανοῦ, ὥστε φαίνειν ἐπὶ τῆς γῆς, καὶ ἄρχειν τῆς ἡμέρας καὶ τῆς νυκτός, καὶ διαχωρίζειν ἀνὰ μέσον τοῦ φωτός, καὶ ἀνὰ μέσον τοῦ σκότους· καὶ εἶδεν ὁ θεὸς ὅτι καλόν.	kai̯ etʰeto au̯tuːs o tʰeos en tɔː stereɔːmati tuː uːranuː ɔːste pʰai̯neːn epi tɛːs ɡɛːs kai̯ arkʰeːn tɛːs ɛːmeras kai̯ tɛːs nyktos kai̯ diakʰɔːrizdeːn ana meson tuː pʰɔːtos kai̯ ana meson tuː skotuːs kai̯ eːden o tʰeos oti kalon	KAI ETETO AUTUS O TEOS EN TO STEREOMATI TU URANU OSTE PAINEN EPI TES GES KAI ARKEN TES EMERAS KAI TES NUKTOS KAI DIAKORISDEN ANA MESON TU POTOS KAI ANA MESON TU SKOTUS KAI EDEN O TEOS OTI KALON	ud_ancient_greek_ptnk	4th-5th c. CE (Codex Alexandrinus)	religious	translit_map
ud_ancient_greek_ptnk_Septuagint-Genesis-1:19-grc	καὶ ἐγένετο ἑσπέρα, καὶ ἐγένετο πρωί, ἡμέρα τετάρτη.	kai̯ eɡeneto espera kai̯ eɡeneto prɔːi̯ ɛːmera tetartɛː	KAI EGENETO ESPERA KAI EGENETO PROI EMERA TETARTE	ud_ancient_greek_ptnk	4th-5th c. CE (Codex Alexandrinus)	religious	translit_map
ud_ancient_greek_ptnk_Septuagint-Genesis-1:20-grc	Καὶ εἶπεν ὁ θεός, ἐξαγαγέτω τὰ ὕδατα ἑρπετὰ ψυχῶν ζωσῶν, καὶ πετεινὰ πετόμενα ἐπὶ τῆς γῆς κατὰ τὸ στερέωμα τοῦ οὐρανοῦ· καὶ ἐγένετο οὕτως.	kai̯ eːpen o tʰeos eksaɡaɡetɔː ta ydata erpeta psykʰɔːn zdɔːsɔːn kai̯ peteːna petomena epi tɛːs ɡɛːs kata to stereɔːma tuː uːranuː kai̯ eɡeneto uːtɔːs	KAI EPEN O TEOS EKSAGAGETO TA UDATA ERPETA PSUKON SDOSON KAI PETENA PETOMENA EPI TES GES KATA TO STEREOMA TU URANU KAI EGENETO UTOS	ud_ancient_greek_ptnk	4th-5th c. CE (Codex Alexandrinus)	religious	translit_map
ud_ancient_greek_ptnk_Septuagint-Genesis-1:21-grc	καὶ ἐποίησεν ὁ θεὸς τὰ κήτη τὰ μεγάλα, καὶ πᾶσαν ψυχὴν ζῴων ἑρπετῶν, ἃ ἐξήγαγεν τὰ ὕδατα κατὰ γένη αὐτῶν, καὶ πᾶν πετεινὸν πτερωτὸν κατὰ γένος· καὶ εἶδεν ὁ θεὸς ὅτι καλά.	kai̯ epoi̯ɛːsen o tʰeos ta kɛːtɛː ta meɡala kai̯ pasan psykʰɛːn zdɔːɔːn erpetɔːn a eksɛːɡaɡen ta ydata kata ɡenɛː au̯tɔːn kai̯ pan peteːnon pterɔːton kata ɡenos kai̯ eːden o tʰeos oti kala	KAI EPOIESEN O TEOS TA KETE TA MEGALA KAI PASAN PSUKEN SDOON ERPETON A EKSEGAGEN TA UDATA KATA GENE AUTON KAI PAN PETENON PTEROTON KATA GENOS KAI EDEN O TEOS OTI KALA	ud_ancient_greek_ptnk	4th-5th c. CE (Codex Alexandrinus)	religious	translit_map
ud_ancient_greek_ptnk_Septuagint-Genesis-1:22-grc	καὶ ηὐλόγησεν αὐτὰ ὁ θεός, λέγων, αὐξάνεσθε καὶ πληθύνεσθε καὶ πληρώσατε, τὰ ὕδατα ἐν ταῖς θαλάσσαις, καὶ τὰ πετεινὰ πληθυνέσθωσαν ἐπὶ τῆς γῆς.	kai̯ ɛːyloɡɛːsen au̯ta o tʰeos leɡɔːn au̯ksanestʰe kai̯ plɛːtʰynestʰe kai̯ plɛːrɔːsate ta ydata en tai̯s tʰalassai̯s kai̯ ta peteːna plɛːtʰynestʰɔːsan epi tɛːs ɡɛːs	KAI EULOGESEN AUTA O TEOS LEGON AUKSANESTE KAI PLETUNESTE KAI PLEROSATE TA UDATA EN TAIS TALASSAIS KAI TA PETENA PLETUNESTOSAN EPI TES GES	ud_ancient_greek_ptnk	4th-5th c. CE (Codex Alexandrinus)	religious	translit_map
ud_ancient_greek_ptnk_Septuagint-Genesis-1:23-grc	καὶ ἐγένετο ἑσπέρα, καὶ ἐγένετο πρωί, ἡμέρα πέμπτη.	kai̯ eɡeneto espera kai̯ eɡeneto prɔːi̯ ɛːmera pemptɛː	KAI EGENETO ESPERA KAI EGENETO PROI EMERA PEMPTE	ud_ancient_greek_ptnk	4th-5th c. CE (Codex Alexandrinus)	religious	translit_map
ud_ancient_greek_ptnk_Septuagint-Genesis-1:24-grc	Καὶ εἶπεν ὁ θεός, ἐξαγαγέτω ἡ γῆ ψυχὴν ζῶσαν κατὰ γένος, τετράποδα καὶ ἑρπετά, καὶ θηρία τῆς γῆς κατὰ γένος· καὶ ἐγένετο οὕτως.	kai̯ eːpen o tʰeos eksaɡaɡetɔː ɛː ɡɛː psykʰɛːn zdɔːsan kata ɡenos tetrapoda kai̯ erpeta kai̯ tʰɛːria tɛːs ɡɛːs kata ɡenos kai̯ eɡeneto uːtɔːs	KAI EPEN O TEOS EKSAGAGETO E GE PSUKEN SDOSAN KATA GENOS TETRAPODA KAI ERPETA KAI TERIA TES GES KATA GENOS KAI EGENETO UTOS	ud_ancient_greek_ptnk	4th-5th c. CE (Codex Alexandrinus)	religious	translit_map
ud_ancient_greek_ptnk_Septuagint-Genesis-1:25-grc	καὶ ἐποίησεν ὁ θεὸς τὰ θηρία τῆς γῆς κατὰ γένος, καὶ τὰ κτήνη κατὰ γένος, καὶ πάντα τὰ ἑρπετὰ τῆς γῆς κατὰ γένος αὐτῶν. καὶ εἶδεν ὁ θεὸς ὅτι καλά.	kai̯ epoi̯ɛːsen o tʰeos ta tʰɛːria tɛːs ɡɛːs kata ɡenos kai̯ ta ktɛːnɛː kata ɡenos kai̯ panta ta erpeta tɛːs ɡɛːs kata ɡenos au̯tɔːn kai̯ eːden o tʰeos oti kala	KAI EPOIESEN O TEOS TA TERIA TES GES KATA GENOS KAI TA KTENE KATA GENOS KAI PANTA TA ERPETA TES GES KATA GENOS AUTON KAI EDEN O TEOS OTI KALA	ud_ancient_greek_ptnk	4th-5th c. CE (Codex Alexandrinus)	religious	translit_map
ud_ancient_greek_ptnk_Septuagint-Genesis-1:26-grc	Καὶ εἶπεν ὁ θεός, ποιήσωμεν ἄνθρωπον κατ᾿ εἰκόνα ἡμετέραν καὶ καθ᾿ ὁμοίωσιν· καὶ ἀρχέτωσαν τῶν ἰχθύων τῆς θαλάσσης, καὶ τῶν πετεινῶν τοῦ οὐρανοῦ, καὶ τῶν κτηνῶν καὶ πάσης τῆς γῆς, καὶ πάντων τῶν ἑρπετῶν τῶν ἑρπόντων ἐπὶ τῆς γῆς.	kai̯ eːpen o tʰeos poi̯ɛːsɔːmen antʰrɔːpon kat eːkona ɛːmeteran kai̯ katʰ omoi̯ɔːsin kai̯ arkʰetɔːsan tɔːn ikʰtʰyɔːn tɛːs tʰalassɛːs kai̯ tɔːn peteːnɔːn tuː uːranuː kai̯ tɔːn ktɛːnɔːn kai̯ pasɛːs tɛːs ɡɛːs kai̯ pantɔːn tɔːn erpetɔːn tɔːn erpontɔːn epi tɛːs ɡɛːs	KAI EPEN O TEOS POIESOMEN ANTROPON KAT EKONA EMETERAN KAI KAT OMOIOSIN KAI ARKETOSAN TON IKTUON TES TALASSES KAI TON PETENON TU URANU KAI TON KTENON KAI PASES TES GES KAI PANTON TON ERPETON TON ERPONTON EPI TES GES	ud_ancient_greek_ptnk	4th-5th c. CE (Codex Alexandrinus)	religious	translit_map
ud_ancient_greek_ptnk_Septuagint-Genesis-1:27-grc	καὶ ἐποίησεν ὁ θεὸς τὸν ἄνθρωπον· κατ᾿ εἰκόνα θεοῦ ἐποίησεν αὐτόν· ἄρσεν καὶ θῆλυ ἐποίησεν αὐτούς.	kai̯ epoi̯ɛːsen o tʰeos ton antʰrɔːpon kat eːkona tʰeuː epoi̯ɛːsen au̯ton arsen kai̯ tʰɛːly epoi̯ɛːsen au̯tuːs	KAI EPOIESEN O TEOS TON ANTROPON KAT EKONA TEU EPOIESEN AUTON ARSEN KAI TELU EPOIESEN AUTUS	ud_ancient_greek_ptnk	4th-5th c. CE (Codex Alexandrinus)	religious	translit_map
ud_ancient_greek_ptnk_Septuagint-Genesis-1:28-grc	καὶ ηὐλόγησεν αὐτοὺς ὁ θεός, λέγων, αὐξάνεσθε καὶ πληθύνεσθε, καὶ πληρώσατε τὴν γῆν, καὶ κατακυριεύσατε αὐτῆς· καὶ ἄρχετε τῶν ἰχθύων τῆς θαλάσσης, καὶ τῶν πετεινῶν τοῦ οὐρανοῦ, καὶ πάντων τῶν κτηνῶν, καὶ πάσης τῆς γῆς, καὶ πάντων τῶν ἑρπετῶν τῶν ἑρπόντων ἐπὶ τῆς γῆς.	kai̯ ɛːyloɡɛːsen au̯tuːs o tʰeos leɡɔːn au̯ksanestʰe kai̯ plɛːtʰynestʰe kai̯ plɛːrɔːsate tɛːn ɡɛːn kai̯ katakyrieu̯sate au̯tɛːs kai̯ arkʰete tɔːn ikʰtʰyɔːn tɛːs tʰalassɛːs kai̯ tɔːn peteːnɔːn tuː uːranuː kai̯ pantɔːn tɔːn ktɛːnɔːn kai̯ pasɛːs tɛːs ɡɛːs kai̯ pantɔːn tɔːn erpetɔːn tɔːn erpontɔːn epi tɛːs ɡɛːs	KAI EULOGESEN AUTUS O TEOS LEGON AUKSANESTE KAI PLETUNESTE KAI PLEROSATE TEN GEN KAI KATAKURIEUSATE AUTES KAI ARKETE TON IKTUON TES TALASSES KAI TON PETENON TU URANU KAI PANTON TON KTENON KAI PASES TES GES KAI PANTON TON ERPETON TON ERPONTON EPI TES GES	ud_ancient_greek_ptnk	4th-5th c. CE (Codex Alexandrinus)	religious	translit_map
ud_ancient_greek_ptnk_Septuagint-Genesis-1:29-grc	καὶ εἶπεν ὁ θεός, ἰδοὺ δέδωκα ὑμῖν πᾶν χόρτον σπόριμον σπεῖρον σπέρμα, ὅ ἐστιν ἐπάνω πάσης τῆς γῆς· καὶ πᾶν ξύλον, ὃ ἔχει ἐν ἑαυτῷ καρπὸν σπέρματος σπορίμου, ὑμῖν ἔσται εἰς βρῶσιν,	kai̯ eːpen o tʰeos iduː dedɔːka ymin pan kʰorton sporimon speːron sperma o estin epanɔː pasɛːs tɛːs ɡɛːs kai̯ pan ksylon o ekʰeː en eau̯tɔː karpon spermatos sporimuː ymin estai̯ eːs brɔːsin	KAI EPEN O TEOS IDU DEDOKA UMIN PAN KORTON SPORIMON SPERON SPERMA O ESTIN EPANO PASES TES GES KAI PAN KSULON O EKE EN EAUTO KARPON SPERMATOS SPORIMU UMIN ESTAI ES BROSIN	ud_ancient_greek_ptnk	4th-5th c. CE (Codex Alexandrinus)	religious	translit_map
ud_ancient_greek_ptnk_Septuagint-Genesis-1:30-grc	καὶ πᾶσι τοῖς θηρίοις τῆς γῆς, καὶ πᾶσι τοῖς πετεινοῖς τοῦ οὐρανοῦ, καὶ παντὶ ἑρπετῷ τῷ ἕρποντι ἐπὶ τῆς γῆς, ὃ ἔχει ἐν ἑαυτῷ ψυχὴν ζωῆς, πάντα χόρτον χλωρὸν εἰς βρῶσιν· καὶ ἐγένετο οὕτως.	kai̯ pasi toi̯s tʰɛːrioi̯s tɛːs ɡɛːs kai̯ pasi toi̯s peteːnoi̯s tuː uːranuː kai̯ panti erpetɔː tɔː erponti epi tɛːs ɡɛːs o ekʰeː en eau̯tɔː psykʰɛːn zdɔːɛːs panta kʰorton kʰlɔːron eːs brɔːsin kai̯ eɡeneto uːtɔːs	KAI PASI TOIS TERIOIS TES GES KAI PASI TOIS PETENOIS TU URANU KAI PANTI ERPETO TO ERPONTI EPI TES GES O EKE EN EAUTO PSUKEN SDOES PANTA KORTON KLORON ES BROSIN KAI EGENETO UTOS	ud_ancient_greek_ptnk	4th-5th c. CE (Codex Alexandrinus)	religious	translit_map
ud_ancient_greek_ptnk_Septuagint-Genesis-1:31-grc	καὶ εἶδεν ὁ θεὸς τὰ πάντα, ὅσα ἐποίησεν, καὶ ἰδοὺ καλὰ λίαν· καὶ ἐγένετο ἑσπέρα, καὶ ἐγένετο πρωί, ἡμέρα ἕκτη.	kai̯ eːden o tʰeos ta panta osa epoi̯ɛːsen kai̯ iduː kala lian kai̯ eɡeneto espera kai̯ eɡeneto prɔːi̯ ɛːmera ektɛː	KAI EDEN O TEOS TA PANTA OSA EPOIESEN KAI IDU KALA LIAN KAI EGENETO ESPERA KAI EGENETO PROI EMERA EKTE	ud_ancient_greek_ptnk	4th-5th c. CE (Codex Alexandrinus)	religious	translit_map
ud_ancient_greek_ptnk_Septuagint-Genesis-2:1-grc	Καὶ συνετελέσθησαν ὁ οὐρανὸς καὶ ἡ γῆ, καὶ πᾶς ὁ κόσμος αὐτῶν.	kai̯ synetelestʰɛːsan o uːranos kai̯ ɛː ɡɛː kai̯ pas o kosmos au̯tɔːn	KAI SUNETELESTESAN O URANOS KAI E GE KAI PAS O KOSMOS AUTON	ud_ancient_greek_ptnk	4th-5th c. CE (Codex Alexandrinus)	religious	translit_map
ud_ancient_greek_ptnk_Septuagint-Genesis-2:2-grc	Καὶ συνετέλεσεν ὁ θεὸς ἐν τῇ ἡμέρᾳ τῇ ἕκτῃ τὰ ἔργα αὐτοῦ, ἃ ἐποίησε· καὶ κατέπαυσεν τῇ ἡμέρᾳ τῇ ἑβδόμῃ ἀπὸ πάντων τῶν ἔργων αὐτοῦ ὧν ἐποίησε.	kai̯ synetelesen o tʰeos en tɛː ɛːmera tɛː ektɛː ta erɡa au̯tuː a epoi̯ɛːse kai̯ katepau̯sen tɛː ɛːmera tɛː ebdomɛː apo pantɔːn tɔːn erɡɔːn au̯tuː ɔːn epoi̯ɛːse	KAI SUNETELESEN O TEOS EN TE EMERA TE EKTE TA ERGA AUTU A EPOIESE KAI KATEPAUSEN TE EMERA TE EBDOME APO PANTON TON ERGON AUTU ON EPOIESE	ud_ancient_greek_ptnk	4th-5th c. CE (Codex Alexandrinus)	religious	translit_map
ud_ancient_greek_ptnk_Septuagint-Genesis-2:3-grc	καὶ ηὐλόγησεν ὁ θεὸς τὴν ἡμέραν τὴν ἑβδόμην, καὶ ἡγίασεν αὐτήν, ὅτι ἐν αὐτῇ κατέπαυσεν ἀπὸ πάντων τῶν ἔργων αὐτοῦ, ὧν ἤρξατο ὁ θεὸς ποιῆσαι.	kai̯ ɛːyloɡɛːsen o tʰeos tɛːn ɛːmeran tɛːn ebdomɛːn kai̯ ɛːɡiasen au̯tɛːn oti en au̯tɛː katepau̯sen apo pantɔːn tɔːn erɡɔːn au̯tuː ɔːn ɛːrksato o tʰeos poi̯ɛːsai̯	KAI EULOGESEN O TEOS TEN EMERAN TEN EBDOMEN KAI EGIASEN AUTEN OTI EN AUTE KATEPAUSEN APO PANTON TON ERGON AUTU ON ERKSATO O TEOS POIESAI	ud_ancient_greek_ptnk	4th-5th c. CE (Codex Alexandrinus)	religious	translit_map
ud_ancient_greek_ptnk_Septuagint-Genesis-2:4-grc	Αὕτη ἡ βίβλος γενέσεως οὐρανοῦ καὶ γῆς, ὅτε ἐγένετο, ᾗ ἡμέρᾳ ἐποίησεν ὁ θεὸς τὸν οὐρανὸν καὶ τὴν γῆν,	au̯tɛː ɛː biblos ɡeneseɔːs uːranuː kai̯ ɡɛːs ote eɡeneto ɛː ɛːmera epoi̯ɛːsen o tʰeos ton uːranon kai̯ tɛːn ɡɛːn	AUTE E BIBLOS GENESEOS URANU KAI GES OTE EGENETO E EMERA EPOIESEN O TEOS TON URANON KAI TEN GEN	ud_ancient_greek_ptnk	4th-5th c. CE (Codex Alexandrinus)	religious	translit_map
ud_ancient_greek_ptnk_Septuagint-Genesis-2:5-grc	καὶ πᾶν χλωρὸν ἀγροῦ πρὸ τοῦ γενέσθαι ἐπὶ τῆς γῆς, καὶ πάντα χόρτον ἀγροῦ πρὸ τοῦ ἀνατεῖλαι· οὐ γὰρ ἔβρεξεν ὁ θεὸς ἐπὶ τὴν γῆν, καὶ ἄνθρωπος οὐκ ἦν ἐργάζεσθαι τὴν γῆν.	kai̯ pan kʰlɔːron aɡruː pro tuː ɡenestʰai̯ epi tɛːs ɡɛːs kai̯ panta kʰorton aɡruː pro tuː anateːlai̯ uː ɡar ebreksen o tʰeos epi tɛːn ɡɛːn kai̯ antʰrɔːpos uːk ɛːn erɡazdestʰai̯ tɛːn ɡɛːn	KAI PAN KLORON AGRU PRO TU GENESTAI EPI TES GES KAI PANTA KORTON AGRU PRO TU ANATELAI U GAR EBREKSEN O TEOS EPI TEN GEN KAI ANTROPOS UK EN ERGASDESTAI TEN GEN	ud_ancient_greek_ptnk	4th-5th c. CE (Codex Alexandrinus)	religious	translit_map
ud_ancient_greek_ptnk_Septuagint-Genesis-2:6-grc	πηγὴ δὲ ἀνέβαινεν ἐκ τῆς γῆς, καὶ ἐπότιζεν πᾶν τὸ πρόσωπον τῆς γῆς.	pɛːɡɛː de anebai̯nen ek tɛːs ɡɛːs kai̯ epotizden pan to prosɔːpon tɛːs ɡɛːs	PEGE DE ANEBAINEN EK TES GES KAI EPOTISDEN PAN TO PROSOPON TES GES	ud_ancient_greek_ptnk	4th-5th c. CE (Codex Alexandrinus)	religious	translit_map
ud_ancient_greek_ptnk_Septuagint-Genesis-2:7-grc	καὶ ἔπλασεν ὁ θεὸς τὸν ἄνθρωπον, χοῦν ἀπὸ τῆς γῆς· καὶ ἐνεφύσησεν εἰς τὸ πρόσωπον αὐτοῦ πνοὴν ζωῆς, καὶ ἐγένετο ὁ ἄνθρωπος εἰς ψυχὴν ζῶσαν.	kai̯ eplasen o tʰeos ton antʰrɔːpon kʰuːn apo tɛːs ɡɛːs kai̯ enepʰysɛːsen eːs to prosɔːpon au̯tuː pnoɛːn zdɔːɛːs kai̯ eɡeneto o antʰrɔːpos eːs psykʰɛːn zdɔːsan	KAI EPLASEN O TEOS TON ANTROPON KUN APO TES GES KAI ENEPUSESEN ES TO PROSOPON AUTU PNOEN SDOES KAI EGENETO O ANTROPOS ES PSUKEN SDOSAN	ud_ancient_greek_ptnk	4th-5th c. CE (Codex Alexandrinus)	religious	translit_map
ud_ancient_greek_ptnk_Septuagint-Genesis-2:8-grc	Καὶ ἐφύτευσεν κύριος ὁ θεὸς παράδεισον ἐν Ἐδὲμ κατὰ ἀνατολάς· καὶ ἔθετο ἐκεῖ τὸν ἄνθρωπον, ὃν ἔπλασεν.	kai̯ epʰyteu̯sen kyrios o tʰeos paradeːson en edem kata anatolas kai̯ etʰeto ekeː ton antʰrɔːpon on eplasen	KAI EPUTEUSEN KURIOS O TEOS PARADESON EN EDEM KATA ANATOLAS KAI ETETO EKE TON ANTROPON ON EPLASEN	ud_ancient_greek_ptnk	4th-5th c. CE (Codex Alexandrinus)	religious	translit_map
ud_ancient_greek_ptnk_Septuagint-Genesis-2:9-grc	καὶ ἐξανέτειλεν ὁ θεὸς ἔτι ἐκ τῆς γῆς πᾶν ξύλον ὡραῖον εἰς ὅρασιν, καὶ καλὸν εἰς βρῶσιν, καὶ τὸ ξύλον τῆς ζωῆς ἐν μέσῳ τῷ παραδείσῳ, καὶ τὸ ξύλον τοῦ εἰδέναι γνωστὸν καλοῦ καὶ πονηροῦ.	kai̯ eksaneteːlen o tʰeos eti ek tɛːs ɡɛːs pan ksylon ɔːrai̯on eːs orasin kai̯ kalon eːs brɔːsin kai̯ to ksylon tɛːs zdɔːɛːs en mesɔː tɔː paradeːsɔː kai̯ to ksylon tuː eːdenai̯ ɡnɔːston kaluː kai̯ ponɛːruː	KAI EKSANETELEN O TEOS ETI EK TES GES PAN KSULON ORAION ES ORASIN KAI KALON ES BROSIN KAI TO KSULON TES SDOES EN MESO TO PARADESO KAI TO KSULON TU EDENAI GNOSTON KALU KAI PONERU	ud_ancient_greek_ptnk	4th-5th c. CE (Codex Alexandrinus)	religious	translit_map
ud_ancient_greek_ptnk_Septuagint-Genesis-2:10-grc	ποταμὸς δὲ ἐκπορεύεται ἐξ Ἐδὲμ ποτίζειν τὸν παράδεισον· ἐκεῖθεν ἀφορίζεται εἰς τέσσαρας ἀρχάς.	potamos de ekporeu̯etai̯ eks edem potizdeːn ton paradeːson ekeːtʰen apʰorizdetai̯ eːs tessaras arkʰas	POTAMOS DE EKPOREUETAI EKS EDEM POTISDEN TON PARADESON EKETEN APORISDETAI ES TESSARAS ARKAS	ud_ancient_greek_ptnk	4th-5th c. CE (Codex Alexandrinus)	religious	translit_map
ud_ancient_greek_ptnk_Septuagint-Genesis-2:11-grc	ὄνομα τῷ ἑνί, Φισῶν· οὗτος ὁ κυκλῶν πᾶσαν τὴν γῆν Εὐιλάτ· ἐκεῖ οὗ ἐστιν τὸ χρυσίον.	onoma tɔː eni pʰisɔːn uːtos o kyklɔːn pasan tɛːn ɡɛːn eu̯ilat ekeː uː estin to kʰrysion	ONOMA TO ENI PISON UTOS O KUKLON PASAN TEN GEN EUILAT EKE U ESTIN TO KRUSION	ud_ancient_greek_ptnk	4th-5th c. CE (Codex Alexandrinus)	religious	translit_map
ud_ancient_greek_ptnk_Septuagint-Genesis-2:12-grc	τὸ δὲ χρυσίον τῆς γῆς ἐκείνης καλόν· καὶ ἐκεῖ ἐστιν ὁ ἄνθραξ, καὶ ὁ λίθος ὁ πράσινος.	to de kʰrysion tɛːs ɡɛːs ekeːnɛːs kalon kai̯ ekeː estin o antʰraks kai̯ o litʰos o prasinos	TO DE KRUSION TES GES EKENES KALON KAI EKE ESTIN O ANTRAKS KAI O LITOS O PRASINOS	ud_ancient_greek_ptnk	4th-5th c. CE (Codex Alexandrinus)	religious	translit_map
ud_ancient_greek_ptnk_Septuagint-Genesis-2:13-grc	καὶ ὄνομα τῷ ποταμῷ τῷ δευτέρῳ, Γηῶν· οὗτος ὁ κυκλῶν πᾶσαν τὴν γῆν Αἰθιοπίας.	kai̯ onoma tɔː potamɔː tɔː deu̯terɔː ɡɛːɔːn uːtos o kyklɔːn pasan tɛːn ɡɛːn ai̯tʰiopias	KAI ONOMA TO POTAMO TO DEUTERO GEON UTOS O KUKLON PASAN TEN GEN AITIOPIAS	ud_ancient_greek_ptnk	4th-5th c. CE (Codex Alexandrinus)	religious	translit_map
ud_ancient_greek_ptnk_Septuagint-Genesis-2:14-grc	καὶ ὁ ποταμὸς ὁ τρίτος, Τίγρις· οὗτος ὁ πορευόμενος κατέναντι Ἀσσυρίων· ὁ δὲ ποταμὸς ὁ τέταρτος οὗτος Εὐφράτης.	kai̯ o potamos o tritos tiɡris uːtos o poreu̯omenos katenanti assyriɔːn o de potamos o tetartos uːtos eu̯pʰratɛːs	KAI O POTAMOS O TRITOS TIGRIS UTOS O POREUOMENOS KATENANTI ASSURION O DE POTAMOS O TETARTOS UTOS EUPRATES	ud_ancient_greek_ptnk	4th-5th c. CE (Codex Alexandrinus)	religious	translit_map
ud_ancient_greek_ptnk_Septuagint-Genesis-2:15-grc	καὶ ἔλαβεν κύριος ὁ θεὸς τὸν ἄνθρωπον ὃν ἔπλασε, καὶ ἔθετο αὐτὸν ἐν τῷ παραδείσῳ, ἐργάζεσθαι αὐτὸν καὶ φυλάσσειν.	kai̯ elaben kyrios o tʰeos ton antʰrɔːpon on eplase kai̯ etʰeto au̯ton en tɔː paradeːsɔː erɡazdestʰai̯ au̯ton kai̯ pʰylasseːn	KAI ELABEN KURIOS O TEOS TON ANTROPON ON EPLASE KAI ETETO AUTON EN TO PARADESO ERGASDESTAI AUTON KAI PULASSEN	ud_ancient_greek_ptnk	4th-5th c. CE (Codex Alexandrinus)	religious	translit_map
ud_ancient_greek_ptnk_Septuagint-Genesis-2:16-grc	καὶ ἐνετείλατο κύριος ὁ θεὸς τῷ Ἀδάμ, λέγων, ἀπὸ παντὸς ξύλου τοῦ ἐν τῷ παραδείσῳ βρώσει φάγῃ.	kai̯ eneteːlato kyrios o tʰeos tɔː adam leɡɔːn apo pantos ksyluː tuː en tɔː paradeːsɔː brɔːseː pʰaɡɛː	KAI ENETELATO KURIOS O TEOS TO ADAM LEGON APO PANTOS KSULU TU EN TO PARADESO BROSE PAGE	ud_ancient_greek_ptnk	4th-5th c. CE (Codex Alexandrinus)	religious	translit_map
ud_ancient_greek_ptnk_Septuagint-Genesis-2:17-grc	ἀπὸ δὲ τοῦ ξύλου τοῦ γινώσκειν καλὸν καὶ πονηρόν, οὐ φάγεσθε ἀπ᾿ αὐτοῦ· ᾗ δ᾿ ἄν ἡμέρᾳ φάγητε ἀπ᾿ αὐτοῦ θανάτῳ ἀποθανεῖσθε.	apo de tuː ksyluː tuː ɡinɔːskeːn kalon kai̯ ponɛːron uː pʰaɡestʰe ap au̯tuː ɛː d an ɛːmera pʰaɡɛːte ap au̯tuː tʰanatɔː apotʰaneːstʰe	APO DE TU KSULU TU GINOSKEN KALON KAI PONERON U PAGESTE AP AUTU E D AN EMERA PAGETE AP AUTU TANATO APOTANESTE	ud_ancient_greek_ptnk	4th-5th c. CE (Codex Alexandrinus)	religious	translit_map
ud_ancient_greek_ptnk_Septuagint-Genesis-2:18-grc	Καὶ εἶπεν κύριος ὁ θεός, οὐ καλὸν εἶναι τὸν ἄνθρωπον μόνον· ποιήσωμεν αὐτῷ βοηθὸν κατ᾿ αὐτόν.	kai̯ eːpen kyrios o tʰeos uː kalon eːnai̯ ton antʰrɔːpon monon poi̯ɛːsɔːmen au̯tɔː boɛːtʰon kat au̯ton	KAI EPEN KURIOS O TEOS U KALON ENAI TON ANTROPON MONON POIESOMEN AUTO BOETON KAT AUTON	ud_ancient_greek_ptnk	4th-5th c. CE (Codex Alexandrinus)	religious	translit_map
ud_ancient_greek_ptnk_Septuagint-Genesis-2:19-grc	καὶ ἔπλασεν ὁ θεὸς ἔτι ἐκ τῆς γῆς πάντα τὰ θηρία τοῦ ἀγροῦ, καὶ πάντα τὰ πετεινὰ τοῦ οὐρανοῦ· καὶ ἤγαγεν αὐτὰ πρὸς τὸν Ἀδάμ, ἰδεῖν τί καλέσει αὐτά· καὶ πᾶν ὃ ἐὰν ἐκάλεσεν αὐτὸ Ἀδὰμ ψυχὴν ζῶσαν, τοῦτο ὄνομα αὐτοῦ.	kai̯ eplasen o tʰeos eti ek tɛːs ɡɛːs panta ta tʰɛːria tuː aɡruː kai̯ panta ta peteːna tuː uːranuː kai̯ ɛːɡaɡen au̯ta pros ton adam ideːn ti kaleseː au̯ta kai̯ pan o ean ekalesen au̯to adam psykʰɛːn zdɔːsan tuːto onoma au̯tuː	KAI EPLASEN O TEOS ETI EK TES GES PANTA TA TERIA TU AGRU KAI PANTA TA PETENA TU URANU KAI EGAGEN AUTA PROS TON ADAM IDEN TI KALESE AUTA KAI PAN O EAN EKALESEN AUTO ADAM PSUKEN SDOSAN TUTO ONOMA AUTU	ud_ancient_greek_ptnk	4th-5th c. CE (Codex Alexandrinus)	religious	translit_map
ud_ancient_greek_ptnk_Septuagint-Genesis-2:20-grc	καὶ ἐκάλεσεν Ἀδὰμ ὀνόματα πᾶσιν τοῖς κτήνεσιν, καὶ πᾶσι τοῖς πετεινοῖς τοῦ οὐρανοῦ, καὶ πᾶσι τοῖς θηρίοις τοῦ ἀγροῦ· τῷ δὲ Ἀδὰμ οὐχ εὑρέθη βοηθὸς ὅμοιος αὐτῷ.	kai̯ ekalesen adam onomata pasin toi̯s ktɛːnesin kai̯ pasi toi̯s peteːnoi̯s tuː uːranuː kai̯ pasi toi̯s tʰɛːrioi̯s tuː aɡruː tɔː de adam uːkʰ eu̯retʰɛː boɛːtʰos omoi̯os au̯tɔː	KAI EKALESEN ADAM ONOMATA PASIN TOIS KTENESIN KAI PASI TOIS PETENOIS TU URANU KAI PASI TOIS TERIOIS TU AGRU TO DE ADAM UK EURETE BOETOS OMOIOS AUTO	ud_ancient_greek_ptnk	4th-5th c. CE (Codex Alexandrinus)	religious	translit_map
ud_ancient_greek_ptnk_Septuagint-Genesis-2:21-grc	καὶ ἐπέβαλεν ὁ θεὸς ἔκστασιν ἐπὶ τὸν Ἀδάμ, καὶ ὕπνωσεν· καὶ ἔλαβεν μίαν τῶν πλευρῶν αὐτοῦ, καὶ ἀνεπλήρωσεν σάρκα ἀντ᾿ αὐτῆς.	kai̯ epebalen o tʰeos ekstasin epi ton adam kai̯ ypnɔːsen kai̯ elaben mian tɔːn pleu̯rɔːn au̯tuː kai̯ aneplɛːrɔːsen sarka ant au̯tɛːs	KAI EPEBALEN O TEOS EKSTASIN EPI TON ADAM KAI UPNOSEN KAI ELABEN MIAN TON PLEURON AUTU KAI ANEPLEROSEN SARKA ANT AUTES	ud_ancient_greek_ptnk	4th-5th c. CE (Codex Alexandrinus)	religious	translit_map
ud_ancient_greek_ptnk_Septuagint-Genesis-2:22-grc	καὶ ᾠκοδόμησεν κύριος ὁ θεὸς τὴν πλευράν, ἣν ἔλαβεν ἀπὸ τοῦ Ἀδὰμ εἰς γυναῖκα· καὶ ἤγαγεν αὐτὴν πρὸς τὸν Ἀδάμ.	kai̯ ɔːkodomɛːsen kyrios o tʰeos tɛːn pleu̯ran ɛːn elaben apo tuː adam eːs ɡynai̯ka kai̯ ɛːɡaɡen au̯tɛːn pros ton adam	KAI OKODOMESEN KURIOS O TEOS TEN PLEURAN EN ELABEN APO TU ADAM ES GUNAIKA KAI EGAGEN AUTEN PROS TON ADAM	ud_ancient_greek_ptnk	4th-5th c. CE (Codex Alexandrinus)	religious	translit_map
ud_ancient_greek_ptnk_Septuagint-Genesis-2:23-grc	καὶ εἶπεν Ἀδάμ· τοῦτο νῦν ὀστοῦν ἐκ τῶν ὀστέων μου, καὶ σὰρξ ἐκ τῆς σαρκός μου· αὕτη κληθήσεται γυνή, ὅτι ἐκ τοῦ ἀνδρὸς αὐτῆς ἐλήμφθη αὕτη.	kai̯ eːpen adam tuːto nyn ostuːn ek tɔːn osteɔːn muː kai̯ sarks ek tɛːs sarkos muː au̯tɛː klɛːtʰɛːsetai̯ ɡynɛː oti ek tuː andros au̯tɛːs elɛːmpʰtʰɛː au̯tɛː	KAI EPEN ADAM TUTO NUN OSTUN EK TON OSTEON MU KAI SARKS EK TES SARKOS MU AUTE KLETESETAI GUNE OTI EK TU ANDROS AUTES ELEMPTE AUTE	ud_ancient_greek_ptnk	4th-5th c. CE (Codex Alexandrinus)	religious	translit_map
ud_ancient_greek_ptnk_Septuagint-Genesis-2:24-grc	ἕνεκεν τούτου καταλείψει ἄνθρωπος τὸν πατέρα αὐτοῦ καὶ τὴν μητέρα αὐτοῦ καὶ προσκολληθήσεται πρὸς τὴν γυναῖκα αὐτοῦ, καὶ ἔσονται οἱ δύο εἰς σάρκα μίαν.	eneken tuːtuː kataleːpseː antʰrɔːpos ton patera au̯tuː kai̯ tɛːn mɛːtera au̯tuː kai̯ proskollɛːtʰɛːsetai̯ pros tɛːn ɡynai̯ka au̯tuː kai̯ esontai̯ oi̯ dyo eːs sarka mian	ENEKEN TUTU KATALEPSE ANTROPOS TON PATERA AUTU KAI TEN METERA AUTU KAI PROSKOLLETESETAI PROS TEN GUNAIKA AUTU KAI ESONTAI OI DUO ES SARKA MIAN	ud_ancient_greek_ptnk	4th-5th c. CE (Codex Alexandrinus)	religious	translit_map
ud_ancient_greek_ptnk_Septuagint-Genesis-2:25-grc	καὶ ἦσαν οἱ δύο γυμνοί, ὅ τε Ἀδὰμ καὶ ἡ γυνὴ αὐτοῦ, καὶ οὐκ ᾐσχύνοντο.	kai̯ ɛːsan oi̯ dyo ɡymnoi̯ o te adam kai̯ ɛː ɡynɛː au̯tuː kai̯ uːk ɛːskʰynonto	KAI ESAN OI DUO GUMNOI O TE ADAM KAI E GUNE AUTU KAI UK ESKUNONTO	ud_ancient_greek_ptnk	4th-5th c. CE (Codex Alexandrinus)	religious	translit_map
ud_ancient_greek_ptnk_Septuagint-Genesis-3:1-grc	Ὁ δὲ ὄφις ἦν φρονιμώτατος πάντων τῶν θηρίων τῶν ἐπὶ τῆς γῆς, ὧν ἐποίησεν κύριος ὁ θεός· καὶ εἶπεν ὁ ὄφις τῇ γυναικί, τί ὅτι εἶπεν ὁ θεός, οὐ μὴ φάγητε ἀπὸ παντὸς ξύλου τοῦ ἐν τῷ παραδείσῳ;	o de opʰis ɛːn pʰronimɔːtatos pantɔːn tɔːn tʰɛːriɔːn tɔːn epi tɛːs ɡɛːs ɔːn epoi̯ɛːsen kyrios o tʰeos kai̯ eːpen o opʰis tɛː ɡynai̯ki ti oti eːpen o tʰeos uː mɛː pʰaɡɛːte apo pantos ksyluː tuː en tɔː paradeːsɔː	O DE OPIS EN PRONIMOTATOS PANTON TON TERION TON EPI TES GES ON EPOIESEN KURIOS O TEOS KAI EPEN O OPIS TE GUNAIKI TI OTI EPEN O TEOS U ME PAGETE APO PANTOS KSULU TU EN TO PARADESO	ud_ancient_greek_ptnk	4th-5th c. CE (Codex Alexandrinus)	religious	translit_map
ud_ancient_greek_ptnk_Septuagint-Genesis-3:2-grc	καὶ εἶπεν ἡ γυνὴ τῷ ὄφει, ἀπὸ καρποῦ ξύλου τοῦ παραδείσου φαγόμεθα·	kai̯ eːpen ɛː ɡynɛː tɔː opʰeː apo karpuː ksyluː tuː paradeːsuː pʰaɡometʰa	KAI EPEN E GUNE TO OPE APO KARPU KSULU TU PARADESU PAGOMETA	ud_ancient_greek_ptnk	4th-5th c. CE (Codex Alexandrinus)	religious	translit_map
ud_ancient_greek_ptnk_Septuagint-Genesis-3:3-grc	ἀπὸ δὲ καρποῦ τοῦ ξύλου, ὅ ἐστιν ἐν μέσῳ τοῦ παραδείσου, εἶπεν ὁ θεός, οὐ φάγεσθε ἀπ᾿ αὐτοῦ, οὐδὲ μὴ ἅψησθε αὐτοῦ, ἵνα μὴ ἀποθάνητε.	apo de karpuː tuː ksyluː o estin en mesɔː tuː paradeːsuː eːpen o tʰeos uː pʰaɡestʰe ap au̯tuː uːde mɛː apsɛːstʰe au̯tuː ina mɛː apotʰanɛːte	APO DE KARPU TU KSULU O ESTIN EN MESO TU PARADESU EPEN O TEOS U PAGESTE AP AUTU UDE ME APSESTE AUTU INA ME APOTANETE	ud_ancient_greek_ptnk	4th-5th c. CE (Codex Alexandrinus)	religious	translit_map
ud_ancient_greek_ptnk_Septuagint-Genesis-3:4-grc	καὶ εἶπεν ὁ ὄφις τῇ γυναικί· οὐ θανάτῳ ἀποθανεῖσθε.	kai̯ eːpen o opʰis tɛː ɡynai̯ki uː tʰanatɔː apotʰaneːstʰe	KAI EPEN O OPIS TE GUNAIKI U TANATO APOTANESTE	ud_ancient_greek_ptnk	4th-5th c. CE (Codex Alexandrinus)	religious	translit_map
ud_ancient_greek_ptnk_Septuagint-Genesis-3:5-grc	ᾔδει γὰρ ὁ θεός, ὅτι ἐν ᾗ ἄν ἡμέρᾳ φάγητε ἀπ᾿ αὐτοῦ, διανοιχθήσονται ὑμῶν οἱ ὀφθαλμοί, καὶ ἔσεσθε ὡς θεοί, γινώσκοντες καλὸν καὶ πονηρόν.	ɛːdeː ɡar o tʰeos oti en ɛː an ɛːmera pʰaɡɛːte ap au̯tuː dianoi̯kʰtʰɛːsontai̯ ymɔːn oi̯ opʰtʰalmoi̯ kai̯ esestʰe ɔːs tʰeoi̯ ɡinɔːskontes kalon kai̯ ponɛːron	EDE GAR O TEOS OTI EN E AN EMERA PAGETE AP AUTU DIANOIKTESONTAI UMON OI OPTALMOI KAI ESESTE OS TEOI GINOSKONTES KALON KAI PONERON	ud_ancient_greek_ptnk	4th-5th c. CE (Codex Alexandrinus)	religious	translit_map
ud_ancient_greek_ptnk_Septuagint-Genesis-3:6-grc	καὶ εἶδεν ἡ γυνή, ὅτι καλὸν τὸ ξύλον εἰς βρῶσιν, καὶ ὅτι ἀρεστὸν τοῖς ὀφθαλμοῖς ἰδεῖν, καὶ ὡραῖόν ἐστιν τοῦ κατανοῆσαι· καὶ λαβοῦσα τοῦ καρποῦ αὐτοῦ, ἔφαγεν· καὶ ἔδωκεν καὶ τῷ ἀνδρὶ αὐτῆς μετ᾿ αὐτῆς, καὶ ἔφαγον.	kai̯ eːden ɛː ɡynɛː oti kalon to ksylon eːs brɔːsin kai̯ oti areston toi̯s opʰtʰalmoi̯s ideːn kai̯ ɔːrai̯on estin tuː katanoɛːsai̯ kai̯ labuːsa tuː karpuː au̯tuː epʰaɡen kai̯ edɔːken kai̯ tɔː andri au̯tɛːs met au̯tɛːs kai̯ epʰaɡon	KAI EDEN E GUNE OTI KALON TO KSULON ES BROSIN KAI OTI ARESTON TOIS OPTALMOIS IDEN KAI ORAION ESTIN TU KATANOESAI KAI LABUSA TU KARPU AUTU EPAGEN KAI EDOKEN KAI TO ANDRI AUTES MET AUTES KAI EPAGON	ud_ancient_greek_ptnk	4th-5th c. CE (Codex Alexandrinus)	religious	translit_map
ud_ancient_greek_ptnk_Septuagint-Genesis-3:7-grc	καὶ διηνοίχθησαν οἱ ὀφθαλμοὶ τῶν δύο, καὶ ἔγνωσαν ὅτι γυμνοὶ ἦσαν· καὶ ἔρραψαν φύλλα συκῆς, καὶ ἐποίησαν ἑαυτοῖς περιζώματα.	kai̯ diɛːnoi̯kʰtʰɛːsan oi̯ opʰtʰalmoi̯ tɔːn dyo kai̯ eɡnɔːsan oti ɡymnoi̯ ɛːsan kai̯ errapsan pʰylla sykɛːs kai̯ epoi̯ɛːsan eau̯toi̯s perizdɔːmata	KAI DIENOIKTESAN OI OPTALMOI TON DUO KAI EGNOSAN OTI GUMNOI ESAN KAI ERRAPSAN PULLA SUKES KAI EPOIESAN EAUTOIS PERISDOMATA	ud_ancient_greek_ptnk	4th-5th c. CE (Codex Alexandrinus)	religious	translit_map
ud_ancient_greek_ptnk_Septuagint-Genesis-3:8-grc	καὶ ἤκουσαν τὴν φωνὴν κυρίου τοῦ θεοῦ περιπατοῦντος ἐν τῷ παραδείσῳ τὸ δειλινόν· καὶ ἐκρύβησαν ὅ, τε Ἀδὰμ καὶ ἡ γυνὴ αὐτοῦ ἀπὸ προσώπου κυρίου τοῦ θεοῦ ἐν μέσῳ τοῦ ξύλου τοῦ παραδείσου.	kai̯ ɛːkuːsan tɛːn pʰɔːnɛːn kyriuː tuː tʰeuː peripatuːntos en tɔː paradeːsɔː to deːlinon kai̯ ekrybɛːsan o te adam kai̯ ɛː ɡynɛː au̯tuː apo prosɔːpuː kyriuː tuː tʰeuː en mesɔː tuː ksyluː tuː paradeːsuː	KAI EKUSAN TEN PONEN KURIU TU TEU PERIPATUNTOS EN TO PARADESO TO DELINON KAI EKRUBESAN O TE ADAM KAI E GUNE AUTU APO PROSOPU KURIU TU TEU EN MESO TU KSULU TU PARADESU	ud_ancient_greek_ptnk	4th-5th c. CE (Codex Alexandrinus)	religious	translit_map
ud_ancient_greek_ptnk_Septuagint-Genesis-3:9-grc	καὶ ἐκάλεσεν κύριος ὁ θεὸς τὸν Ἀδάμ, καὶ εἶπεν αὐτῷ· Ἀδὰμ ποῦ εἶ;	kai̯ ekalesen kyrios o tʰeos ton adam kai̯ eːpen au̯tɔː adam puː eː	KAI EKALESEN KURIOS O TEOS TON ADAM KAI EPEN AUTO ADAM PU E	ud_ancient_greek_ptnk	4th-5th c. CE (Codex Alexandrinus)	religious	translit_map
ud_ancient_greek_ptnk_Septuagint-Genesis-3:10-grc	καὶ εἶπεν αὐτῷ· τὴν φωνήν σου ἤκουσα περιπατοῦντος ἐν τῷ παραδείσῳ, καὶ ἐφοβήθην ὅτι γυμνός εἰμι, καὶ ἐκρύβην.	kai̯ eːpen au̯tɔː tɛːn pʰɔːnɛːn suː ɛːkuːsa peripatuːntos en tɔː paradeːsɔː kai̯ epʰobɛːtʰɛːn oti ɡymnos eːmi kai̯ ekrybɛːn	KAI EPEN AUTO TEN PONEN SU EKUSA PERIPATUNTOS EN TO PARADESO KAI EPOBETEN OTI GUMNOS EMI KAI EKRUBEN	ud_ancient_greek_ptnk	4th-5th c. CE (Codex Alexandrinus)	religious	translit_map
ud_ancient_greek_ptnk_Septuagint-Genesis-3:11-grc	καὶ εἶπεν αὐτῷ ὁ θεός, τίς ἀνήγγειλέν σοι ὅτι γυμνὸς εἶ; μὴ ἀπὸ τοῦ ξύλου, οὗ ἐνετειλάμην σοι τούτου μόνου μὴ φαγεῖν, ἀπ᾿ αὐτοῦ ἔφαγες;	kai̯ eːpen au̯tɔː o tʰeos tis anɛːŋɡeːlen soi̯ oti ɡymnos eː mɛː apo tuː ksyluː uː eneteːlamɛːn soi̯ tuːtuː monuː mɛː pʰaɡeːn ap au̯tuː epʰaɡes	KAI EPEN AUTO O TEOS TIS ANENGELEN SOI OTI GUMNOS E ME APO TU KSULU U ENETELAMEN SOI TUTU MONU ME PAGEN AP AUTU EPAGES	ud_ancient_greek_ptnk	4th-5th c. CE (Codex Alexandrinus)	religious	translit_map
ud_ancient_greek_ptnk_Septuagint-Genesis-3:12-grc	καὶ εἶπεν ὁ Ἀδάμ· ἡ γυνή, ἣν ἔδωκας μετ᾿ ἐμοῦ, αὕτη μοι ἔδωκεν ἀπὸ τοῦ ξύλου, καὶ ἔφαγον.	kai̯ eːpen o adam ɛː ɡynɛː ɛːn edɔːkas met emuː au̯tɛː moi̯ edɔːken apo tuː ksyluː kai̯ epʰaɡon	KAI EPEN O ADAM E GUNE EN EDOKAS MET EMU AUTE MOI EDOKEN APO TU KSULU KAI EPAGON	ud_ancient_greek_ptnk	4th-5th c. CE (Codex Alexandrinus)	religious	translit_map
ud_ancient_greek_ptnk_Septuagint-Genesis-3:13-grc	καὶ εἶπεν κύριος ὁ θεὸς τῇ γυναικί· τί τοῦτο ἐποίησας; καὶ εἶπεν ἡ γυνή, ὁ ὄφις ἠπάτησέν με, καὶ ἔφαγον.	kai̯ eːpen kyrios o tʰeos tɛː ɡynai̯ki ti tuːto epoi̯ɛːsas kai̯ eːpen ɛː ɡynɛː o opʰis ɛːpatɛːsen me kai̯ epʰaɡon	KAI EPEN KURIOS O TEOS TE GUNAIKI TI TUTO EPOIESAS KAI EPEN E GUNE O OPIS EPATESEN ME KAI EPAGON	ud_ancient_greek_ptnk	4th-5th c. CE (Codex Alexandrinus)	religious	translit_map
ud_ancient_greek_ptnk_Septuagint-Genesis-3:14-grc	Καὶ εἶπεν κύριος ὁ θεὸς τῷ ὄφει· ὅτι ἐποίησας τοῦτο, ἐπικατάρατος σὺ ἀπὸ πάντων τῶν κτηνῶν, καὶ ἀπὸ πάντων τῶν θηρίων τῆς γῆς· ἐπὶ τῷ στήθει σου καὶ τῇ κοιλίᾳ πορεύσῃ, καὶ γῆν φάγῃ πάσας τὰς ἡμέρας τῆς ζωῆς σου.	kai̯ eːpen kyrios o tʰeos tɔː opʰeː oti epoi̯ɛːsas tuːto epikataratos sy apo pantɔːn tɔːn ktɛːnɔːn kai̯ apo pantɔːn tɔːn tʰɛːriɔːn tɛːs ɡɛːs epi tɔː stɛːtʰeː suː kai̯ tɛː koi̯lia poreu̯sɛː kai̯ ɡɛːn pʰaɡɛː pasas tas ɛːmeras tɛːs zdɔːɛːs suː	KAI EPEN KURIOS O TEOS TO OPE OTI EPOIESAS TUTO EPIKATARATOS SU APO PANTON TON KTENON KAI APO PANTON TON TERION TES GES EPI TO STETE SU KAI TE KOILIA POREUSE KAI GEN PAGE PASAS TAS EMERAS TES SDOES SU	ud_ancient_greek_ptnk	4th-5th c. CE (Codex Alexandrinus)	religious	translit_map
ud_ancient_greek_ptnk_Septuagint-Genesis-3:15-grc	καὶ ἔχθραν θήσω ἀνὰ μέσον σου καὶ ἀνὰ μέσον τῆς γυναικός, καὶ ἀνὰ μέσον τοῦ σπέρματός σου, καὶ ἀνὰ μέσον τοῦ σπέρματος αὐτῆς· αὐτός σου τηρήσει κεφαλήν, καὶ σὺ τηρήσεις αὐτοῦ πτέρναν.	kai̯ ekʰtʰran tʰɛːsɔː ana meson suː kai̯ ana meson tɛːs ɡynai̯kos kai̯ ana meson tuː spermatos suː kai̯ ana meson tuː spermatos au̯tɛːs au̯tos suː tɛːrɛːseː kepʰalɛːn kai̯ sy tɛːrɛːseːs au̯tuː pternan	KAI EKTRAN TESO ANA MESON SU KAI ANA MESON TES GUNAIKOS KAI ANA MESON TU SPERMATOS SU KAI ANA MESON TU SPERMATOS AUTES AUTOS SU TERESE KEPALEN KAI SU TERESES AUTU PTERNAN	ud_ancient_greek_ptnk	4th-5th c. CE (Codex Alexandrinus)	religious	translit_map
ud_ancient_greek_ptnk_Septuagint-Genesis-3:16-grc	καὶ τῇ γυναικὶ εἶπεν· πληθύνων πληθυνῶ τὰς λύπας σου, καὶ τὸν στεναγμόν σου, ἐν λύπαις τέξῃ τέκνα· καὶ πρὸς τὸν ἄνδρα σου ἡ ἀποστροφή σου, καὶ αὐτός σου κυριεύσει.	kai̯ tɛː ɡynai̯ki eːpen plɛːtʰynɔːn plɛːtʰynɔː tas lypas suː kai̯ ton stenaɡmon suː en lypai̯s teksɛː tekna kai̯ pros ton andra suː ɛː apostropʰɛː suː kai̯ au̯tos suː kyrieu̯seː	KAI TE GUNAIKI EPEN PLETUNON PLETUNO TAS LUPAS SU KAI TON STENAGMON SU EN LUPAIS TEKSE TEKNA KAI PROS TON ANDRA SU E APOSTROPE SU KAI AUTOS SU KURIEUSE	ud_ancient_greek_ptnk	4th-5th c. CE (Codex Alexandrinus)	religious	translit_map
ud_ancient_greek_ptnk_Septuagint-Genesis-3:17-grc	τῷ δὲ Ἀδὰμ εἶπεν· ὅτι ἤκουσας τῆς φωνῆς τῆς γυναικός σου, καὶ ἔφαγες ἀπὸ τοῦ ξύλου, οὗ ἐνετειλάμην σοί τούτου μόνου μὴ φαγεῖν, ἀπ᾿ αὐτοῦ ἔφαγες, ἐπικατάρατος ἡ γῆ ἐν τοῖς ἔργοις σου· ἐν λύπαις φάγῃ αὐτὴν πάσας τὰς ἡμέρας τῆς ζωῆς σου.	tɔː de adam eːpen oti ɛːkuːsas tɛːs pʰɔːnɛːs tɛːs ɡynai̯kos suː kai̯ epʰaɡes apo tuː ksyluː uː eneteːlamɛːn soi̯ tuːtuː monuː mɛː pʰaɡeːn ap au̯tuː epʰaɡes epikataratos ɛː ɡɛː en toi̯s erɡoi̯s suː en lypai̯s pʰaɡɛː au̯tɛːn pasas tas ɛːmeras tɛːs zdɔːɛːs suː	TO DE ADAM EPEN OTI EKUSAS TES PONES TES GUNAIKOS SU KAI EPAGES APO TU KSULU U ENETELAMEN SOI TUTU MONU ME PAGEN AP AUTU EPAGES EPIKATARATOS E GE EN TOIS ERGOIS SU EN LUPAIS PAGE AUTEN PASAS TAS EMERAS TES SDOES SU	ud_ancient_greek_ptnk	4th-5th c. CE (Codex Alexandrinus)	religious	translit_map
ud_ancient_greek_ptnk_Septuagint-Genesis-3:18-grc	ἀκάνθας καὶ τριβόλους ἀνατελεῖ σοι, καὶ φάγῃ τὸν χόρτον τοῦ ἀγροῦ.	akantʰas kai̯ triboluːs anateleː soi̯ kai̯ pʰaɡɛː ton kʰorton tuː aɡruː	AKANTAS KAI TRIBOLUS ANATELE SOI KAI PAGE TON KORTON TU AGRU	ud_ancient_greek_ptnk	4th-5th c. CE (Codex Alexandrinus)	religious	translit_map
ud_ancient_greek_ptnk_Septuagint-Genesis-3:19-grc	ἐν ἱδρῶτι τοῦ προσώπου σου φάγῃ τὸν ἄρτον σου, ἕως τοῦ ἀποστρέψαι σὲ εἰς τὴν γῆν ἐξ ἧς ἐλήμφθης· ὅτι γῆ εἶ, καὶ εἰς γῆν ἀπελεύσῃ.	en idrɔːti tuː prosɔːpuː suː pʰaɡɛː ton arton suː eɔːs tuː apostrepsai̯ se eːs tɛːn ɡɛːn eks ɛːs elɛːmpʰtʰɛːs oti ɡɛː eː kai̯ eːs ɡɛːn apeleu̯sɛː	EN IDROTI TU PROSOPU SU PAGE TON ARTON SU EOS TU APOSTREPSAI SE ES TEN GEN EKS ES ELEMPTES OTI GE E KAI ES GEN APELEUSE	ud_ancient_greek_ptnk	4th-5th c. CE (Codex Alexandrinus)	religious	translit_map
ud_ancient_greek_ptnk_Septuagint-Genesis-3:20-grc	καὶ ἐκάλεσεν Ἀδὰμ τὸ ὄνομα τῆς γυναικὸς αὐτοῦ Ζωή, ὅτι αὕτη μήτηρ πάντων τῶν ζώντων.	kai̯ ekalesen adam to onoma tɛːs ɡynai̯kos au̯tuː zdɔːɛː oti au̯tɛː mɛːtɛːr pantɔːn tɔːn zdɔːntɔːn	KAI EKALESEN ADAM TO ONOMA TES GUNAIKOS AUTU SDOE OTI AUTE METER PANTON TON SDONTON	ud_ancient_greek_ptnk	4th-5th c. CE (Codex Alexandrinus)	religious	translit_map
ud_ancient_greek_ptnk_Septuagint-Genesis-3:21-grc	καὶ ἐποίησεν κύριος ὁ θεὸς τῷ Ἀδάμ, καὶ τῇ γυναικὶ αὐτοῦ χιτῶνας δερματίνους καὶ ἐνέδυσεν αὐτούς.	kai̯ epoi̯ɛːsen kyrios o tʰeos tɔː adam kai̯ tɛː ɡynai̯ki au̯tuː kʰitɔːnas dermatinuːs kai̯ enedysen au̯tuːs	KAI EPOIESEN KURIOS O TEOS TO ADAM KAI TE GUNAIKI AUTU KITONAS DERMATINUS KAI ENEDUSEN AUTUS	ud_ancient_greek_ptnk	4th-5th c. CE (Codex Alexandrinus)	religious	translit_map
ud_ancient_greek_ptnk_Septuagint-Genesis-3:22-grc	Καὶ εἶπεν ὁ θεός, ἰδοὺ Ἀδὰμ γέγονεν ὡς εἷς ἐξ ἡμῶν, τοῦ γινώσκειν καλὸν καὶ πονηρόν· καὶ νῦν μήποτε ἐκτείνῃ τὴν χεῖρα αὐτοῦ, καὶ λάβῃ τοῦ ξύλου τῆς ζωῆς καὶ φάγῃ, καὶ ζήσεται εἰς τὸν αἰῶνα.	kai̯ eːpen o tʰeos iduː adam ɡeɡonen ɔːs eːs eks ɛːmɔːn tuː ɡinɔːskeːn kalon kai̯ ponɛːron kai̯ nyn mɛːpote ekteːnɛː tɛːn kʰeːra au̯tuː kai̯ labɛː tuː ksyluː tɛːs zdɔːɛːs kai̯ pʰaɡɛː kai̯ zdɛːsetai̯ eːs ton ai̯ɔːna	KAI EPEN O TEOS IDU ADAM GEGONEN OS ES EKS EMON TU GINOSKEN KALON KAI PONERON KAI NUN MEPOTE EKTENE TEN KERA AUTU KAI LABE TU KSULU TES SDOES KAI PAGE KAI SDESETAI ES TON AIONA	ud_ancient_greek_ptnk	4th-5th c. CE (Codex Alexandrinus)	religious	translit_map
ud_ancient_greek_ptnk_Septuagint-Genesis-3:23-grc	καὶ ἐξαπέστειλεν αὐτὸν κύριος ὁ θεὸς ἐκ τοῦ παραδείσου τῆς τρυφῆς, ἐργάζεσθαι τὴν γῆν ἐξ ἧς ἐλήμφθη.	kai̯ eksapesteːlen au̯ton kyrios o tʰeos ek tuː paradeːsuː tɛːs trypʰɛːs erɡazdestʰai̯ tɛːn ɡɛːn eks ɛːs elɛːmpʰtʰɛː	KAI EKSAPESTELEN AUTON KURIOS O TEOS EK TU PARADESU TES TRUPES ERGASDESTAI TEN GEN EKS ES ELEMPTE	ud_ancient_greek_ptnk	4th-5th c. CE (Codex Alexandrinus)	religious	translit_map
ud_ancient_greek_ptnk_Septuagint-Genesis-3:24-grc	καὶ ἐξέβαλεν τὸν Ἀδάμ, καὶ κατῴκισεν αὐτὸν ἀπέναντι τοῦ παραδείσου τῆς τρυφῆς· καὶ ἔταξεν τὰ Χερουβίν· καὶ τὴν φλογίνην ῥομφαίαν τὴν στρεφομένην, φυλάσσειν τὴν ὁδὸν τοῦ ξύλου τῆς ζωῆς.	kai̯ eksebalen ton adam kai̯ katɔːkisen au̯ton apenanti tuː paradeːsuː tɛːs trypʰɛːs kai̯ etaksen ta kʰeruːbin kai̯ tɛːn pʰloɡinɛːn rompʰai̯an tɛːn strepʰomenɛːn pʰylasseːn tɛːn odon tuː ksyluː tɛːs zdɔːɛːs	KAI EKSEBALEN TON ADAM KAI KATOKISEN AUTON APENANTI TU PARADESU TES TRUPES KAI ETAKSEN TA KERUBIN KAI TEN PLOGINEN ROMPAIAN TEN STREPOMENEN PULASSEN TEN ODON TU KSULU TES SDOES	ud_ancient_greek_ptnk	4th-5th c. CE (Codex Alexandrinus)	religious	translit_map
ud_ancient_greek_ptnk_Septuagint-Genesis-4:1-grc	Ἀδὰμ δὲ ἔγνω Εὔαν τὴν γυναῖκα αὐτοῦ, καὶ συλλαβοῦσα ἔτεκεν τὸν Κάϊν· καὶ εἶπεν, ἐκτησάμην ἄνθρωπον διὰ τοῦ θεοῦ.	adam de eɡnɔː eu̯an tɛːn ɡynai̯ka au̯tuː kai̯ syllabuːsa eteken ton kai̯n kai̯ eːpen ektɛːsamɛːn antʰrɔːpon dia tuː tʰeuː	ADAM DE EGNO EUAN TEN GUNAIKA AUTU KAI SULLABUSA ETEKEN TON KAIN KAI EPEN EKTESAMEN ANTROPON DIA TU TEU	ud_ancient_greek_ptnk	4th-5th c. CE (Codex Alexandrinus)	religious	translit_map
ud_ancient_greek_ptnk_Septuagint-Genesis-4:2-grc	καὶ προσέθηκεν τεκεῖν τὸν ἀδελφὸν αὐτοῦ τὸν Ἄβελ· καὶ ἐγένετο Ἄβελ ποιμὴν προβάτων, Κάϊν δὲ ἦν ἐργαζόμενος τὴν γῆν.	kai̯ prosetʰɛːken tekeːn ton adelpʰon au̯tuː ton abel kai̯ eɡeneto abel poi̯mɛːn probatɔːn kai̯n de ɛːn erɡazdomenos tɛːn ɡɛːn	KAI PROSETEKEN TEKEN TON ADELPON AUTU TON ABEL KAI EGENETO ABEL POIMEN PROBATON KAIN DE EN ERGASDOMENOS TEN GEN	ud_ancient_greek_ptnk	4th-5th c. CE (Codex Alexandrinus)	religious	translit_map
ud_ancient_greek_ptnk_Septuagint-Genesis-4:3-grc	καὶ ἐγένετο μεθ᾿ ἡμέρας ἤνεγκεν Κάϊν ἀπὸ τῶν καρπῶν τῆς γῆς θυσίαν τῷ κυρίῳ.	kai̯ eɡeneto metʰ ɛːmeras ɛːneŋken kai̯n apo tɔːn karpɔːn tɛːs ɡɛːs tʰysian tɔː kyriɔː	KAI EGENETO MET EMERAS ENENKEN KAIN APO TON KARPON TES GES TUSIAN TO KURIO	ud_ancient_greek_ptnk	4th-5th c. CE (Codex Alexandrinus)	religious	translit_map
ud_ancient_greek_ptnk_Septuagint-Genesis-4:4-grc	καὶ Ἄβελ ἤνεγκεν καὶ αὐτὸς ἀπὸ τῶν πρωτοτόκων τῶν προβάτων αὐτοῦ, καὶ ἀπὸ τῶν στεάτων αὐτῶν· καὶ ἐπεῖδεν ὁ θεὸς ἐπὶ Ἄβελ, καὶ ἐπὶ τοῖς δώροις αὐτοῦ.	kai̯ abel ɛːneŋken kai̯ au̯tos apo tɔːn prɔːtotokɔːn tɔːn probatɔːn au̯tuː kai̯ apo tɔːn steatɔːn au̯tɔːn kai̯ epeːden o tʰeos epi abel kai̯ epi toi̯s dɔːroi̯s au̯tuː	KAI ABEL ENENKEN KAI AUTOS APO TON PROTOTOKON TON PROBATON AUTU KAI APO TON STEATON AUTON KAI EPEDEN O TEOS EPI ABEL KAI EPI TOIS DOROIS AUTU	ud_ancient_greek_ptnk	4th-5th c. CE (Codex Alexandrinus)	religious	translit_map
ud_ancient_greek_ptnk_Septuagint-Genesis-4:5-grc	ἐπὶ δὲ Κάϊν, καὶ ἐπὶ ταῖς θυσίαις αὐτοῦ, οὐ προσέσχεν· καὶ ἐλύπησεν τὸν Κάϊν λίαν, καὶ συνέπεσεν τῷ προσώπῳ αὐτοῦ.	epi de kai̯n kai̯ epi tai̯s tʰysiai̯s au̯tuː uː proseskʰen kai̯ elypɛːsen ton kai̯n lian kai̯ synepesen tɔː prosɔːpɔː au̯tuː	EPI DE KAIN KAI EPI TAIS TUSIAIS AUTU U PROSESKEN KAI ELUPESEN TON KAIN LIAN KAI SUNEPESEN TO PROSOPO AUTU	ud_ancient_greek_ptnk	4th-5th c. CE (Codex Alexandrinus)	religious	translit_map
ud_ancient_greek_ptnk_Septuagint-Genesis-4:6-grc	καὶ εἶπεν κύριος ὁ θεὸς τῷ Κάϊν, ἵνα τί περίλυπος ἐγένου, καὶ ἵνα τί συνέπεσεν τὸ πρόσωπόν σου;	kai̯ eːpen kyrios o tʰeos tɔː kai̯n ina ti perilypos eɡenuː kai̯ ina ti synepesen to prosɔːpon suː	KAI EPEN KURIOS O TEOS TO KAIN INA TI PERILUPOS EGENU KAI INA TI SUNEPESEN TO PROSOPON SU	ud_ancient_greek_ptnk	4th-5th c. CE (Codex Alexandrinus)	religious	translit_map
ud_ancient_greek_ptnk_Septuagint-Genesis-4:7-grc	οὐκ ἐὰν ὀρθῶς προσενέγκῃς, ὀρθῶς δὲ μὴ διέλῃς, ἥμαρτες; ἡσύχασον· πρὸς σὲ ἡ ἀποστροφὴ αὐτοῦ, καὶ σὺ ἄρξεις αὐτοῦ.	uːk ean ortʰɔːs proseneŋkɛːs ortʰɔːs de mɛː dielɛːs ɛːmartes ɛːsykʰason pros se ɛː apostropʰɛː au̯tuː kai̯ sy arkseːs au̯tuː	UK EAN ORTOS PROSENENKES ORTOS DE ME DIELES EMARTES ESUKASON PROS SE E APOSTROPE AUTU KAI SU ARKSES AUTU	ud_ancient_greek_ptnk	4th-5th c. CE (Codex Alexandrinus)	religious	translit_map
ud_ancient_greek_ptnk_Septuagint-Genesis-4:8-grc	Καὶ εἶπεν Κάϊν πρὸς Ἄβελ τὸν ἀδελφὸν αὐτοῦ, διέλθωμεν εἰς τὸ πεδίον· καὶ ἐγένετο ἐν τῷ εἶναι αὐτοὺς ἐν τῷ πεδίῳ, ἀνέστη Κάϊν ἐπὶ Ἄβελ τὸν ἀδελφὸν αὐτοῦ, καὶ ἀπέκτεινεν αὐτόν.	kai̯ eːpen kai̯n pros abel ton adelpʰon au̯tuː dieltʰɔːmen eːs to pedion kai̯ eɡeneto en tɔː eːnai̯ au̯tuːs en tɔː pediɔː anestɛː kai̯n epi abel ton adelpʰon au̯tuː kai̯ apekteːnen au̯ton	KAI EPEN KAIN PROS ABEL TON ADELPON AUTU DIELTOMEN ES TO PEDION KAI EGENETO EN TO ENAI AUTUS EN TO PEDIO ANESTE KAIN EPI ABEL TON ADELPON AUTU KAI APEKTENEN AUTON	ud_ancient_greek_ptnk	4th-5th c. CE (Codex Alexandrinus)	religious	translit_map
ud_ancient_greek_ptnk_Septuagint-Genesis-4:9-grc	καὶ εἶπεν κύριος ὁ θεὸς πρὸς Κάϊν· ποῦ ἐστιν Ἄβελ ὁ ἀδελφός σου; καὶ εἶπεν, οὐ γινώσκω· μὴ φύλαξ τοῦ ἀδελφοῦ μού εἰμι ἐγώ;	kai̯ eːpen kyrios o tʰeos pros kai̯n puː estin abel o adelpʰos suː kai̯ eːpen uː ɡinɔːskɔː mɛː pʰylaks tuː adelpʰuː muː eːmi eɡɔː	KAI EPEN KURIOS O TEOS PROS KAIN PU ESTIN ABEL O ADELPOS SU KAI EPEN U GINOSKO ME PULAKS TU ADELPU MU EMI EGO	ud_ancient_greek_ptnk	4th-5th c. CE (Codex Alexandrinus)	religious	translit_map
ud_ancient_greek_ptnk_Septuagint-Genesis-4:10-grc	καὶ εἶπεν κύριος, τί πεποίηκας; φωνὴ αἵματος τοῦ ἀδελφοῦ σου βοᾷ πρός με ἐκ τῆς γῆς.	kai̯ eːpen kyrios ti pepoi̯ɛːkas pʰɔːnɛː ai̯matos tuː adelpʰuː suː boa pros me ek tɛːs ɡɛːs	KAI EPEN KURIOS TI PEPOIEKAS PONE AIMATOS TU ADELPU SU BOA PROS ME EK TES GES	ud_ancient_greek_ptnk	4th-5th c. CE (Codex Alexandrinus)	religious	translit_map
ud_ancient_greek_ptnk_Septuagint-Genesis-4:11-grc	καὶ νῦν ἐπικατάρατος σὺ ἀπὸ τῆς γῆς, ἣ ἔχανεν τὸ στόμα αὐτῆς δέξασθαι τὸ αἷμα τοῦ ἀδελφοῦ σου ἐκ τῆς χειρός σου.	kai̯ nyn epikataratos sy apo tɛːs ɡɛːs ɛː ekʰanen to stoma au̯tɛːs deksastʰai̯ to ai̯ma tuː adelpʰuː suː ek tɛːs kʰeːros suː	KAI NUN EPIKATARATOS SU APO TES GES E EKANEN TO STOMA AUTES DEKSASTAI TO AIMA TU ADELPU SU EK TES KEROS SU	ud_ancient_greek_ptnk	4th-5th c. CE (Codex Alexandrinus)	religious	translit_map
ud_ancient_greek_ptnk_Septuagint-Genesis-4:12-grc	ὅτι ἐργᾷ τὴν γῆν, καὶ οὐ προσθήσει τὴν ἰσχὺν αὐτῆς δοῦναί σοι· στένων καὶ τρέμων ἔσῃ ἐπὶ τῆς γῆς.	oti erɡa tɛːn ɡɛːn kai̯ uː prostʰɛːseː tɛːn iskʰyn au̯tɛːs duːnai̯ soi̯ stenɔːn kai̯ tremɔːn esɛː epi tɛːs ɡɛːs	OTI ERGA TEN GEN KAI U PROSTESE TEN ISKUN AUTES DUNAI SOI STENON KAI TREMON ESE EPI TES GES	ud_ancient_greek_ptnk	4th-5th c. CE (Codex Alexandrinus)	religious	translit_map
ud_ancient_greek_ptnk_Septuagint-Genesis-4:13-grc	καὶ εἶπεν Κάϊν πρὸς κύριον τὸν θεόν, μείζων ἡ αἰτία μου τοῦ ἀφεθῆναί με.	kai̯ eːpen kai̯n pros kyrion ton tʰeon meːzdɔːn ɛː ai̯tia muː tuː apʰetʰɛːnai̯ me	KAI EPEN KAIN PROS KURION TON TEON MESDON E AITIA MU TU APETENAI ME	ud_ancient_greek_ptnk	4th-5th c. CE (Codex Alexandrinus)	religious	translit_map
ud_ancient_greek_ptnk_Septuagint-Genesis-4:14-grc	εἰ ἐκβάλλεις με σήμερον ἀπὸ προσώπου τῆς γῆς, καὶ ἀπὸ τοῦ προσώπου σου κρυβήσομαι, καὶ ἔσομαι στένων καὶ τρέμων ἐπὶ τῆς γῆς, καὶ ἔσται πᾶς ὁ εὑρίσκων με, ἀποκτενεῖ με.	eː ekballeːs me sɛːmeron apo prosɔːpuː tɛːs ɡɛːs kai̯ apo tuː prosɔːpuː suː krybɛːsomai̯ kai̯ esomai̯ stenɔːn kai̯ tremɔːn epi tɛːs ɡɛːs kai̯ estai̯ pas o eu̯riskɔːn me apokteneː me	E EKBALLES ME SEMERON APO PROSOPU TES GES KAI APO TU PROSOPU SU KRUBESOMAI KAI ESOMAI STENON KAI TREMON EPI TES GES KAI ESTAI PAS O EURISKON ME APOKTENE ME	ud_ancient_greek_ptnk	4th-5th c. CE (Codex Alexandrinus)	religious	translit_map
ud_ancient_greek_ptnk_Septuagint-Genesis-4:15-grc	καὶ εἶπεν αὐτῷ κύριος ὁ θεός, οὐχ οὕτως· πᾶς ὁ ἀποκτείνας Κάϊν, ἑπτὰ ἐκδικούμενα παραλύσει. καὶ ἔθετο κύριος ὁ θεὸς σημεῖον τῷ Κάϊν, τοῦ μὴ ἀνελεῖν αὐτὸν πάντα τὸν εὑρίσκοντα αὐτόν.	kai̯ eːpen au̯tɔː kyrios o tʰeos uːkʰ uːtɔːs pas o apokteːnas kai̯n epta ekdikuːmena paralyseː kai̯ etʰeto kyrios o tʰeos sɛːmeːon tɔː kai̯n tuː mɛː aneleːn au̯ton panta ton eu̯riskonta au̯ton	KAI EPEN AUTO KURIOS O TEOS UK UTOS PAS O APOKTENAS KAIN EPTA EKDIKUMENA PARALUSE KAI ETETO KURIOS O TEOS SEMEON TO KAIN TU ME ANELEN AUTON PANTA TON EURISKONTA AUTON	ud_ancient_greek_ptnk	4th-5th c. CE (Codex Alexandrinus)	religious	translit_map
ud_ancient_greek_ptnk_Septuagint-Genesis-4:16-grc	ἐξῆλθεν δὲ Κάϊν ἀπὸ προσώπου τοῦ θεοῦ, καὶ ᾤκησεν ἐν γῇ Ναὶδ κατέναντι Ἐδέμ.	eksɛːltʰen de kai̯n apo prosɔːpuː tuː tʰeuː kai̯ ɔːkɛːsen en ɡɛː nai̯d katenanti edem	EKSELTEN DE KAIN APO PROSOPU TU TEU KAI OKESEN EN GE NAID KATENANTI EDEM	ud_ancient_greek_ptnk	4th-5th c. CE (Codex Alexandrinus)	religious	translit_map
ud_ancient_greek_ptnk_Septuagint-Genesis-4:17-grc	Καὶ ἔγνω Κάϊν τὴν γυναῖκα αὐτοῦ· καὶ συλλαβοῦσα ἔτεκεν τὸν Ἐνώχ. καὶ ἦν οἰκοδομῶν πόλιν· καὶ ἐπωνόμασεν τὴν πόλιν ἐπὶ τῷ ὀνόματι τοῦ υἱοῦ αὐτοῦ, Ἐνώχ.	kai̯ eɡnɔː kai̯n tɛːn ɡynai̯ka au̯tuː kai̯ syllabuːsa eteken ton enɔːkʰ kai̯ ɛːn oi̯kodomɔːn polin kai̯ epɔːnomasen tɛːn polin epi tɔː onomati tuː yi̯uː au̯tuː enɔːkʰ	KAI EGNO KAIN TEN GUNAIKA AUTU KAI SULLABUSA ETEKEN TON ENOK KAI EN OIKODOMON POLIN KAI EPONOMASEN TEN POLIN EPI TO ONOMATI TU UIU AUTU ENOK	ud_ancient_greek_ptnk	4th-5th c. CE (Codex Alexandrinus)	religious	translit_map
ud_ancient_greek_ptnk_Septuagint-Genesis-4:18-grc	ἐγενήθη δὲ τῷ Ἐνὼχ Γαϊδάδ· καὶ Γαϊδὰδ ἐγέννησεν τὸν Μαιήλ· καὶ Μαιὴλ ἐγέννησεν τὸν Μαθουσάλα· καὶ Μαθουσάλα ἐγέννησεν τὸν Λάμεχ.	eɡenɛːtʰɛː de tɔː enɔːkʰ ɡai̯dad kai̯ ɡai̯dad eɡennɛːsen ton mai̯ɛːl kai̯ mai̯ɛːl eɡennɛːsen ton matʰuːsala kai̯ matʰuːsala eɡennɛːsen ton lamekʰ	EGENETE DE TO ENOK GAIDAD KAI GAIDAD EGENNESEN TON MAIEL KAI MAIEL EGENNESEN TON MATUSALA KAI MATUSALA EGENNESEN TON LAMEK	ud_ancient_greek_ptnk	4th-5th c. CE (Codex Alexandrinus)	religious	translit_map
ud_ancient_greek_ptnk_Septuagint-Genesis-4:19-grc	Καὶ ἔλαβεν ἑαυτῷ Λάμεχ δύο γυναῖκας· ὄνομα τῇ μιᾷ. Ἀδὰ καὶ ὄνομα τῇ δευτέρᾳ Σελλά.	kai̯ elaben eau̯tɔː lamekʰ dyo ɡynai̯kas onoma tɛː mia ada kai̯ onoma tɛː deu̯tera sella	KAI ELABEN EAUTO LAMEK DUO GUNAIKAS ONOMA TE MIA ADA KAI ONOMA TE DEUTERA SELLA	ud_ancient_greek_ptnk	4th-5th c. CE (Codex Alexandrinus)	religious	translit_map
ud_ancient_greek_ptnk_Septuagint-Genesis-4:20-grc	καὶ ἔτεκεν Ἀδὰ τὸν Ἰωβέλ· οὗτος ἦν ὁ πατὴρ οἰκούντων ἐν σκηναῖς κτηνοτρόφων.	kai̯ eteken ada ton iɔːbel uːtos ɛːn o patɛːr oi̯kuːntɔːn en skɛːnai̯s ktɛːnotropʰɔːn	KAI ETEKEN ADA TON IOBEL UTOS EN O PATER OIKUNTON EN SKENAIS KTENOTROPON	ud_ancient_greek_ptnk	4th-5th c. CE (Codex Alexandrinus)	religious	translit_map
ud_ancient_greek_ptnk_Septuagint-Genesis-4:21-grc	καὶ ὄνομα τῷ ἀδελφῷ αὐτοῦ, Ἰουβάλ· οὗτος ἦν ὁ καταδείξας ψαλτήριον καὶ κιθάραν.	kai̯ onoma tɔː adelpʰɔː au̯tuː iuːbal uːtos ɛːn o katadeːksas psaltɛːrion kai̯ kitʰaran	KAI ONOMA TO ADELPO AUTU IUBAL UTOS EN O KATADEKSAS PSALTERION KAI KITARAN	ud_ancient_greek_ptnk	4th-5th c. CE (Codex Alexandrinus)	religious	translit_map
ud_ancient_greek_ptnk_Septuagint-Genesis-4:22-grc	Σελλὰ δὲ ἔτεκεν καὶ αὐτὴ τὸν Θοβέλ· καὶ ἦν σφυροκόπος χαλκεὺς χαλκοῦ καὶ σιδήρου· ἀδελφὴ δὲ Θοβέλ, Νοεμά.	sella de eteken kai̯ au̯tɛː ton tʰobel kai̯ ɛːn spʰyrokopos kʰalkeu̯s kʰalkuː kai̯ sidɛːruː adelpʰɛː de tʰobel noema	SELLA DE ETEKEN KAI AUTE TON TOBEL KAI EN SPUROKOPOS KALKEUS KALKU KAI SIDERU ADELPE DE TOBEL NOEMA	ud_ancient_greek_ptnk	4th-5th c. CE (Codex Alexandrinus)	religious	translit_map
ud_ancient_greek_ptnk_Septuagint-Genesis-4:23-grc	εἶπεν δὲ Λάμεχ ταῖς ἑαυτοῦ γυναιξίν, Ἀδὰ καὶ Σελλά, ἀκούσατέ μου τῆς φωνῆς, γυναῖκες Λάμεχ, ἐνωτίσασθέ μου τοὺς λόγους· ὅτι ἄνδρα ἀπέκτεινα εἰς τραῦμα ἐμοί, καὶ νεανίσκον εἰς μώλωπα ἐμοί.	eːpen de lamekʰ tai̯s eau̯tuː ɡynai̯ksin ada kai̯ sella akuːsate muː tɛːs pʰɔːnɛːs ɡynai̯kes lamekʰ enɔːtisastʰe muː tuːs loɡuːs oti andra apekteːna eːs trau̯ma emoi̯ kai̯ neaniskon eːs mɔːlɔːpa emoi̯	EPEN DE LAMEK TAIS EAUTU GUNAIKSIN ADA KAI SELLA AKUSATE MU TES PONES GUNAIKES LAMEK ENOTISASTE MU TUS LOGUS OTI ANDRA APEKTENA ES TRAUMA EMOI KAI NEANISKON ES MOLOPA EMOI	ud_ancient_greek_ptnk	4th-5th c. CE (Codex Alexandrinus)	religious	translit_map
ud_ancient_greek_ptnk_Septuagint-Genesis-4:24-grc	ὅτι ἑπτάκις ἐκδεδίκηται ἐκ Κάϊν· ἐκ δὲ Λάμεχ, ἑβδομηκοντάκις ἑπτά.	oti eptakis ekdedikɛːtai̯ ek kai̯n ek de lamekʰ ebdomɛːkontakis epta	OTI EPTAKIS EKDEDIKETAI EK KAIN EK DE LAMEK EBDOMEKONTAKIS EPTA	ud_ancient_greek_ptnk	4th-5th c. CE (Codex Alexandrinus)	religious	translit_map
ud_ancient_greek_ptnk_Septuagint-Genesis-4:25-grc	Ἔγνω δὲ Ἀδὰμ Εὔαν τὴν γυναῖκα αὐτοῦ· καὶ συλλαβοῦσα ἔτεκεν υἱόν· καὶ ἐπωνόμασεν τὸ ὄνομα αὐτοῦ Σήθ, λέγουσα, ἐξανέστησεν γάρ μοι ὁ θεὸς σπέρμα ἕτερον ἀντὶ Ἄβελ, ὃν ἀπέκτεινεν Κάϊν.	eɡnɔː de adam eu̯an tɛːn ɡynai̯ka au̯tuː kai̯ syllabuːsa eteken yi̯on kai̯ epɔːnomasen to onoma au̯tuː sɛːtʰ leɡuːsa eksanestɛːsen ɡar moi̯ o tʰeos sperma eteron anti abel on apekteːnen kai̯n	EGNO DE ADAM EUAN TEN GUNAIKA AUTU KAI SULLABUSA ETEKEN UION KAI EPONOMASEN TO ONOMA AUTU SET LEGUSA EKSANESTESEN GAR MOI O TEOS SPERMA ETERON ANTI ABEL ON APEKTENEN KAIN	ud_ancient_greek_ptnk	4th-5th c. CE (Codex Alexandrinus)	religious	translit_map
ud_ancient_greek_ptnk_Septuagint-Genesis-4:26-grc	καὶ τῷ Σὴθ ἐγένετο υἱός· ἐπωνόμασεν δὲ τὸ ὄνομα αὐτοῦ, Ἐνώς· οὗτος ἤλπισεν ἐπικαλεῖσθαι τὸ ὄνομα κυρίου τοῦ θεοῦ.	kai̯ tɔː sɛːtʰ eɡeneto yi̯os epɔːnomasen de to onoma au̯tuː enɔːs uːtos ɛːlpisen epikaleːstʰai̯ to onoma kyriuː tuː tʰeuː	KAI TO SET EGENETO UIOS EPONOMASEN DE TO ONOMA AUTU ENOS UTOS ELPISEN EPIKALESTAI TO ONOMA KURIU TU TEU	ud_ancient_greek_ptnk	4th-5th c. CE (Codex Alexandrinus)	religious	translit_map
ud_ancient_greek_ptnk_Septuagint-Genesis-5:1-grc	Αὕτη ἡ βίβλος γενέσεως ἀνθρώπων· ᾗ ἡμέρᾳ ἐποίησεν ὁ θεὸς τὸν Ἀδάμ, κατ᾿ εἰκόνα θεοῦ ἐποίησεν αὐτόν.	au̯tɛː ɛː biblos ɡeneseɔːs antʰrɔːpɔːn ɛː ɛːmera epoi̯ɛːsen o tʰeos ton adam kat eːkona tʰeuː epoi̯ɛːsen au̯ton	AUTE E BIBLOS GENESEOS ANTROPON E EMERA EPOIESEN O TEOS TON ADAM KAT EKONA TEU EPOIESEN AUTON	ud_ancient_greek_ptnk	4th-5th c. CE (Codex Alexandrinus)	religious	translit_map
ud_ancient_greek_ptnk_Septuagint-Genesis-5:2-grc	ἄρσεν καὶ θῆλυ ἐποίησεν αὐτούς· καὶ εὐλόγησεν αὐτούς· καὶ ἐπωνόμασεν τὸ ὄνομα αὐτῶν Ἀδάμ, ᾗ ἡμέρᾳ ἐποίησεν αὐτούς.	arsen kai̯ tʰɛːly epoi̯ɛːsen au̯tuːs kai̯ eu̯loɡɛːsen au̯tuːs kai̯ epɔːnomasen to onoma au̯tɔːn adam ɛː ɛːmera epoi̯ɛːsen au̯tuːs	ARSEN KAI TELU EPOIESEN AUTUS KAI EULOGESEN AUTUS KAI EPONOMASEN TO ONOMA AUTON ADAM E EMERA EPOIESEN AUTUS	ud_ancient_greek_ptnk	4th-5th c. CE (Codex Alexandrinus)	religious	translit_map
ud_ancient_greek_ptnk_Septuagint-Genesis-5:3-grc	ἔζησεν δὲ Ἀδὰμ διακόσια καὶ τριάκοντα ἔτη, καὶ ἐγέννησεν κατὰ τὴν ἰδέαν αὐτοῦ, καὶ κατὰ τὴν εἰκόνα αὐτοῦ, καὶ ἐπωνόμασεν τὸ ὄνομα αὐτοῦ, Σήθ.	ezdɛːsen de adam diakosia kai̯ triakonta etɛː kai̯ eɡennɛːsen kata tɛːn idean au̯tuː kai̯ kata tɛːn eːkona au̯tuː kai̯ epɔːnomasen to onoma au̯tuː sɛːtʰ	ESDESEN DE ADAM DIAKOSIA KAI TRIAKONTA ETE KAI EGENNESEN KATA TEN IDEAN AUTU KAI KATA TEN EKONA AUTU KAI EPONOMASEN TO ONOMA AUTU SET	ud_ancient_greek_ptnk	4th-5th c. CE (Codex Alexandrinus)	religious	translit_map
ud_ancient_greek_ptnk_Septuagint-Genesis-5:4-grc	ἐγένοντο δὲ αἱ ἡμέραι Ἀδάμ, ἃς ἔζησεν μετὰ τὸ γεννῆσαι αὐτὸν τὸν Σήθ, ἑπτακόσια ἔτη· καὶ ἐγέννησεν υἱοὺς καὶ θυγατέρας.	eɡenonto de ai̯ ɛːmerai̯ adam as ezdɛːsen meta to ɡennɛːsai̯ au̯ton ton sɛːtʰ eptakosia etɛː kai̯ eɡennɛːsen yi̯uːs kai̯ tʰyɡateras	EGENONTO DE AI EMERAI ADAM AS ESDESEN META TO GENNESAI AUTON TON SET EPTAKOSIA ETE KAI EGENNESEN UIUS KAI TUGATERAS	ud_ancient_greek_ptnk	4th-5th c. CE (Codex Alexandrinus)	religious	translit_map
ud_ancient_greek_ptnk_Septuagint-Genesis-5:5-grc	καὶ ἐγένοντο πᾶσαι αἱ ἡμέραι Ἀδάμ, ἃς ἔζησεν, ἐννακόσια καὶ τριάκοντα ἔτη· καὶ ἀπέθανεν.	kai̯ eɡenonto pasai̯ ai̯ ɛːmerai̯ adam as ezdɛːsen ennakosia kai̯ triakonta etɛː kai̯ apetʰanen	KAI EGENONTO PASAI AI EMERAI ADAM AS ESDESEN ENNAKOSIA KAI TRIAKONTA ETE KAI APETANEN	ud_ancient_greek_ptnk	4th-5th c. CE (Codex Alexandrinus)	religious	translit_map
ud_ancient_greek_ptnk_Septuagint-Genesis-5:6-grc	ἔζησεν δὲ Σὴθ διακόσια καὶ πέντε ἔτη· καὶ ἐγέννησεν τὸν Ἐνώς.	ezdɛːsen de sɛːtʰ diakosia kai̯ pente etɛː kai̯ eɡennɛːsen ton enɔːs	ESDESEN DE SET DIAKOSIA KAI PENTE ETE KAI EGENNESEN TON ENOS	ud_ancient_greek_ptnk	4th-5th c. CE (Codex Alexandrinus)	religious	translit_map
ud_ancient_greek_ptnk_Septuagint-Genesis-5:7-grc	καὶ ἔζησεν Σὴθ μετὰ τὸ γεννῆσαι αὐτὸν τὸν Ἐνώς, ἑπτακόσια καὶ ἑπτὰ ἔτη· καὶ ἐγέννησεν υἱοὺς καὶ θυγατέρας.	kai̯ ezdɛːsen sɛːtʰ meta to ɡennɛːsai̯ au̯ton ton enɔːs eptakosia kai̯ epta etɛː kai̯ eɡennɛːsen yi̯uːs kai̯ tʰyɡateras	KAI ESDESEN SET META TO GENNESAI AUTON TON ENOS EPTAKOSIA KAI EPTA ETE KAI EGENNESEN UIUS KAI TUGATERAS	ud_ancient_greek_ptnk	4th-5th c. CE (Codex Alexandrinus)	religious	translit_map
ud_ancient_greek_ptnk_Septuagint-Genesis-5:8-grc	καὶ ἐγένοντο πᾶσαι αἱ ἡμέραι Σὴθ ἐννακόσια καὶ δώδεκα ἔτη· καὶ ἀπέθανεν.	kai̯ eɡenonto pasai̯ ai̯ ɛːmerai̯ sɛːtʰ ennakosia kai̯ dɔːdeka etɛː kai̯ apetʰanen	KAI EGENONTO PASAI AI EMERAI SET ENNAKOSIA KAI DODEKA ETE KAI APETANEN	ud_ancient_greek_ptnk	4th-5th c. CE (Codex Alexandrinus)	religious	translit_map
ud_ancient_greek_ptnk_Septuagint-Genesis-5:9-grc	καὶ ἔζησεν Ἐνὼς ἑκατὸν ἐνενήκοντα ἔτη· καὶ ἐγέννησεν τὸν Καϊνᾶν.	kai̯ ezdɛːsen enɔːs ekaton enenɛːkonta etɛː kai̯ eɡennɛːsen ton kai̯nan	KAI ESDESEN ENOS EKATON ENENEKONTA ETE KAI EGENNESEN TON KAINAN	ud_ancient_greek_ptnk	4th-5th c. CE (Codex Alexandrinus)	religious	translit_map
ud_ancient_greek_ptnk_Septuagint-Genesis-5:10-grc	καὶ ἔζησεν Ἐνὼς μετὰ τὸ γεννῆσαι αὐτὸν τὸν Καϊνᾶν, ἑπτακόσια καὶ δέκα πέντε ἔτη· καὶ ἐγέννησεν υἱοὺς καὶ θυγατέρας.	kai̯ ezdɛːsen enɔːs meta to ɡennɛːsai̯ au̯ton ton kai̯nan eptakosia kai̯ deka pente etɛː kai̯ eɡennɛːsen yi̯uːs kai̯ tʰyɡateras	KAI ESDESEN ENOS META TO GENNESAI AUTON TON KAINAN EPTAKOSIA KAI DEKA PENTE ETE KAI EGENNESEN UIUS KAI TUGATERAS	ud_ancient_greek_ptnk	4th-5th c. CE (Codex Alexandrinus)	religious	translit_map
ud_ancient_greek_ptnk_Septuagint-Genesis-5:11-grc	καὶ ἐγένοντο πᾶσαι αἱ ἡμέραι Ἐνὼς ἐννακόσια καὶ πέντε ἔτη· καὶ ἀπέθανεν.	kai̯ eɡenonto pasai̯ ai̯ ɛːmerai̯ enɔːs ennakosia kai̯ pente etɛː kai̯ apetʰanen	KAI EGENONTO PASAI AI EMERAI ENOS ENNAKOSIA KAI PENTE ETE KAI APETANEN	ud_ancient_greek_ptnk	4th-5th c. CE (Codex Alexandrinus)	religious	translit_map
ud_ancient_greek_ptnk_Septuagint-Genesis-5:12-grc	καὶ ἔζησεν Καϊνᾶν ἑκατὸν ἑβδομήκοντα ἔτη· καὶ ἐγέννησεν τὸν Μαλελεήλ.	kai̯ ezdɛːsen kai̯nan ekaton ebdomɛːkonta etɛː kai̯ eɡennɛːsen ton maleleɛːl	KAI ESDESEN KAINAN EKATON EBDOMEKONTA ETE KAI EGENNESEN TON MALELEEL	ud_ancient_greek_ptnk	4th-5th c. CE (Codex Alexandrinus)	religious	translit_map
ud_ancient_greek_ptnk_Septuagint-Genesis-5:13-grc	καὶ ἔζησεν Καϊνᾶν μετὰ τὸ γεννῆσαι αὐτὸν τὸν Μαλελεήλ, ἑπτακόσια καὶ τεσσαράκοντα ἔτη· καὶ ἐγέννησεν υἱοὺς καὶ θυγατέρας.	kai̯ ezdɛːsen kai̯nan meta to ɡennɛːsai̯ au̯ton ton maleleɛːl eptakosia kai̯ tessarakonta etɛː kai̯ eɡennɛːsen yi̯uːs kai̯ tʰyɡateras	KAI ESDESEN KAINAN META TO GENNESAI AUTON TON MALELEEL EPTAKOSIA KAI TESSARAKONTA ETE KAI EGENNESEN UIUS KAI TUGATERAS	ud_ancient_greek_ptnk	4th-5th c. CE (Codex Alexandrinus)	religious	translit_map
ud_ancient_greek_ptnk_Septuagint-Genesis-5:14-grc	καὶ ἐγένοντο πᾶσαι αἱ ἡμέραι Καϊνᾶν ἐννακόσια καὶ δέκα ἔτη· καὶ ἀπέθανεν·	kai̯ eɡenonto pasai̯ ai̯ ɛːmerai̯ kai̯nan ennakosia kai̯ deka etɛː kai̯ apetʰanen	KAI EGENONTO PASAI AI EMERAI KAINAN ENNAKOSIA KAI DEKA ETE KAI APETANEN	ud_ancient_greek_ptnk	4th-5th c. CE (Codex Alexandrinus)	religious	translit_map
ud_ancient_greek_ptnk_Septuagint-Genesis-5:15-grc	Καὶ ἔζησεν Μαλελεὴλ ἑκατὸν καὶ ἑξήκοντα πέντε ἔτη· καὶ ἐγέννησεν τὸν Ἰάρεδ.	kai̯ ezdɛːsen maleleɛːl ekaton kai̯ eksɛːkonta pente etɛː kai̯ eɡennɛːsen ton iared	KAI ESDESEN MALELEEL EKATON KAI EKSEKONTA PENTE ETE KAI EGENNESEN TON IARED	ud_ancient_greek_ptnk	4th-5th c. CE (Codex Alexandrinus)	religious	translit_map
ud_ancient_greek_ptnk_Septuagint-Genesis-5:16-grc	καὶ ἔζησεν Μαλελεὴλ μετὰ τὸ γεννῆσαι αὐτὸν τὸν Ἰάρεδ, ἑπτακόσια καὶ τριάκοντα ἔτη· καὶ ἐγέννησεν υἱοὺς καὶ θυγατέρας.	kai̯ ezdɛːsen maleleɛːl meta to ɡennɛːsai̯ au̯ton ton iared eptakosia kai̯ triakonta etɛː kai̯ eɡennɛːsen yi̯uːs kai̯ tʰyɡateras	KAI ESDESEN MALELEEL META TO GENNESAI AUTON TON IARED EPTAKOSIA KAI TRIAKONTA ETE KAI EGENNESEN UIUS KAI TUGATERAS	ud_ancient_greek_ptnk	4th-5th c. CE (Codex Alexandrinus)	religious	translit_map
ud_ancient_greek_ptnk_Septuagint-Genesis-5:17-grc	καὶ ἐγένοντο πᾶσαι αἱ ἡμέραι Μαλελεήλ, ὀκτακόσια καὶ ἐνενήκοντα πέντε ἔτη· καὶ ἀπέθανεν.	kai̯ eɡenonto pasai̯ ai̯ ɛːmerai̯ maleleɛːl oktakosia kai̯ enenɛːkonta pente etɛː kai̯ apetʰanen	KAI EGENONTO PASAI AI EMERAI MALELEEL OKTAKOSIA KAI ENENEKONTA PENTE ETE KAI APETANEN	ud_ancient_greek_ptnk	4th-5th c. CE (Codex Alexandrinus)	religious	translit_map
ud_ancient_greek_ptnk_Septuagint-Genesis-5:18-grc	καὶ ἔζησεν Ἰάρεδ ἑκατὸν καὶ ἑξήκοντα δύο ἔτη· καὶ ἐγέννησεν τὸν Ἐνώχ.	kai̯ ezdɛːsen iared ekaton kai̯ eksɛːkonta dyo etɛː kai̯ eɡennɛːsen ton enɔːkʰ	KAI ESDESEN IARED EKATON KAI EKSEKONTA DUO ETE KAI EGENNESEN TON ENOK	ud_ancient_greek_ptnk	4th-5th c. CE (Codex Alexandrinus)	religious	translit_map
ud_ancient_greek_ptnk_Septuagint-Genesis-5:19-grc	καὶ ἔζησεν Ἰάρεδ μετὰ τὸ γεννῆσαι αὐτὸν τὸν Ἐνώχ, ὀκτακόσια ἔτη· καὶ ἐγέννησεν υἱοὺς καὶ θυγατέρας.	kai̯ ezdɛːsen iared meta to ɡennɛːsai̯ au̯ton ton enɔːkʰ oktakosia etɛː kai̯ eɡennɛːsen yi̯uːs kai̯ tʰyɡateras	KAI ESDESEN IARED META TO GENNESAI AUTON TON ENOK OKTAKOSIA ETE KAI EGENNESEN UIUS KAI TUGATERAS	ud_ancient_greek_ptnk	4th-5th c. CE (Codex Alexandrinus)	religious	translit_map
ud_ancient_greek_ptnk_Septuagint-Genesis-5:20-grc	καὶ ἐγένοντο πᾶσαι αἱ ἡμέραι Ἰάρεδ, ἐννακόσια καὶ ἑξήκοντα δύο ἔτη· καὶ ἀπέθανεν.	kai̯ eɡenonto pasai̯ ai̯ ɛːmerai̯ iared ennakosia kai̯ eksɛːkonta dyo etɛː kai̯ apetʰanen	KAI EGENONTO PASAI AI EMERAI IARED ENNAKOSIA KAI EKSEKONTA DUO ETE KAI APETANEN	ud_ancient_greek_ptnk	4th-5th c. CE (Codex Alexandrinus)	religious	translit_map
ud_ancient_greek_ptnk_Septuagint-Genesis-5:21-grc	καὶ ἔζησεν Ἐνὼχ ἑκατὸν καὶ ἑξήκοντα πέντε ἔτη· καὶ ἐγέννησεν τὸν Μαθουσάλα.	kai̯ ezdɛːsen enɔːkʰ ekaton kai̯ eksɛːkonta pente etɛː kai̯ eɡennɛːsen ton matʰuːsala	KAI ESDESEN ENOK EKATON KAI EKSEKONTA PENTE ETE KAI EGENNESEN TON MATUSALA	ud_ancient_greek_ptnk	4th-5th c. CE (Codex Alexandrinus)	religious	translit_map
ud_ancient_greek_ptnk_Septuagint-Genesis-5:22-grc	εὐηρέστησεν δὲ Ἐνὼχ τῷ θεῷ μετὰ τὸ γεννῆσαι αὐτὸν τὸν Μαθουσάλα, διακόσια ἔτη· καὶ ἐγέννησεν υἱοὺς καὶ θυγατέρας.	eu̯ɛːrestɛːsen de enɔːkʰ tɔː tʰeɔː meta to ɡennɛːsai̯ au̯ton ton matʰuːsala diakosia etɛː kai̯ eɡennɛːsen yi̯uːs kai̯ tʰyɡateras	EUERESTESEN DE ENOK TO TEO META TO GENNESAI AUTON TON MATUSALA DIAKOSIA ETE KAI EGENNESEN UIUS KAI TUGATERAS	ud_ancient_greek_ptnk	4th-5th c. CE (Codex Alexandrinus)	religious	translit_map
ud_ancient_greek_ptnk_Septuagint-Genesis-5:23-grc	καὶ ἐγένοντο πᾶσαι αἱ ἡμέραι Ἐνώχ, τριακόσια ἑξήκοντα πέντε ἔτη.	kai̯ eɡenonto pasai̯ ai̯ ɛːmerai̯ enɔːkʰ triakosia eksɛːkonta pente etɛː	KAI EGENONTO PASAI AI EMERAI ENOK TRIAKOSIA EKSEKONTA PENTE ETE	ud_ancient_greek_ptnk	4th-5th c. CE (Codex Alexandrinus)	religious	translit_map
ud_ancient_greek_ptnk_Septuagint-Genesis-5:24-grc	καὶ εὐηρέστησεν Ἐνὼχ τῷ θεῷ· καὶ οὐχ ηὑρίσκετο, ὅτι μετέθηκεν αὐτὸν ὁ θεός.	kai̯ eu̯ɛːrestɛːsen enɔːkʰ tɔː tʰeɔː kai̯ uːkʰ ɛːyrisketo oti metetʰɛːken au̯ton o tʰeos	KAI EUERESTESEN ENOK TO TEO KAI UK EURISKETO OTI METETEKEN AUTON O TEOS	ud_ancient_greek_ptnk	4th-5th c. CE (Codex Alexandrinus)	religious	translit_map
ud_ancient_greek_ptnk_Septuagint-Genesis-5:25-grc	καὶ ἔζησεν Μαθουσάλα ἑκατὸν καὶ ἑξήκοντα ἑπτὰ ἔτη· καὶ ἐγέννησεν τὸν Λάμεχ.	kai̯ ezdɛːsen matʰuːsala ekaton kai̯ eksɛːkonta epta etɛː kai̯ eɡennɛːsen ton lamekʰ	KAI ESDESEN MATUSALA EKATON KAI EKSEKONTA EPTA ETE KAI EGENNESEN TON LAMEK	ud_ancient_greek_ptnk	4th-5th c. CE (Codex Alexandrinus)	religious	translit_map
ud_ancient_greek_ptnk_Septuagint-Genesis-5:26-grc	καὶ ἔζησεν Μαθουσάλα μετὰ τὸ γεννῆσαι αὐτὸν τὸν Λάμεχ, ὀκτακόσια δύο ἔτη· καὶ ἐγέννησεν υἱοὺς καὶ θυγατέρας.	kai̯ ezdɛːsen matʰuːsala meta to ɡennɛːsai̯ au̯ton ton lamekʰ oktakosia dyo etɛː kai̯ eɡennɛːsen yi̯uːs kai̯ tʰyɡateras	KAI ESDESEN MATUSALA META TO GENNESAI AUTON TON LAMEK OKTAKOSIA DUO ETE KAI EGENNESEN UIUS KAI TUGATERAS	ud_ancient_greek_ptnk	4th-5th c. CE (Codex Alexandrinus)	religious	translit_map
ud_ancient_greek_ptnk_Septuagint-Genesis-5:27-grc	καὶ ἐγένοντο πᾶσαι αἱ ἡμέραι Μαθουσάλα ἃς ἔζησεν, ἐννακόσια καὶ ἑξήκοντα ἐννέα ἔτη· καὶ ἀπέθανεν.	kai̯ eɡenonto pasai̯ ai̯ ɛːmerai̯ matʰuːsala as ezdɛːsen ennakosia kai̯ eksɛːkonta ennea etɛː kai̯ apetʰanen	KAI EGENONTO PASAI AI EMERAI MATUSALA AS ESDESEN ENNAKOSIA KAI EKSEKONTA ENNEA ETE KAI APETANEN	ud_ancient_greek_ptnk	4th-5th c. CE (Codex Alexandrinus)	religious	translit_map
ud_ancient_greek_ptnk_Septuagint-Genesis-5:28-grc	καὶ ἔζησεν Λάμεχ ἑκατὸν ὀγδοήκοντα ὀκτὼ ἔτη· καὶ ἐγέννησεν υἱόν.	kai̯ ezdɛːsen lamekʰ ekaton oɡdoɛːkonta oktɔː etɛː kai̯ eɡennɛːsen yi̯on	KAI ESDESEN LAMEK EKATON OGDOEKONTA OKTO ETE KAI EGENNESEN UION	ud_ancient_greek_ptnk	4th-5th c. CE (Codex Alexandrinus)	religious	translit_map
ud_ancient_greek_ptnk_Septuagint-Genesis-5:29-grc	καὶ ἐπωνόμασεν τὸ ὄνομα αὐτοῦ Νῶε λέγων, οὗτος διαναπαύσει ἡμᾶς ἀπὸ τῶν ἔργων ἡμῶν, καὶ ἀπὸ τῶν λυπῶν τῶν χειρῶν ἡμῶν, καὶ ἀπὸ τῆς γῆς, ἧς κατηράσατο κύριος ὁ θεός.	kai̯ epɔːnomasen to onoma au̯tuː nɔːe leɡɔːn uːtos dianapau̯seː ɛːmas apo tɔːn erɡɔːn ɛːmɔːn kai̯ apo tɔːn lypɔːn tɔːn kʰeːrɔːn ɛːmɔːn kai̯ apo tɛːs ɡɛːs ɛːs katɛːrasato kyrios o tʰeos	KAI EPONOMASEN TO ONOMA AUTU NOE LEGON UTOS DIANAPAUSE EMAS APO TON ERGON EMON KAI APO TON LUPON TON KERON EMON KAI APO TES GES ES KATERASATO KURIOS O TEOS	ud_ancient_greek_ptnk	4th-5th c. CE (Codex Alexandrinus)	religious	translit_map
ud_ancient_greek_ptnk_Septuagint-Genesis-5:30-grc	καὶ ἔζησεν Λάμεχ μετὰ τὸ γεννῆσαι αὐτὸν τὸν Νῶε, πεντακόσια καὶ ἑξήκοντα πέντε ἔτη· καὶ ἐγέννησεν υἱοὺς καὶ θυγατέρας.	kai̯ ezdɛːsen lamekʰ meta to ɡennɛːsai̯ au̯ton ton nɔːe pentakosia kai̯ eksɛːkonta pente etɛː kai̯ eɡennɛːsen yi̯uːs kai̯ tʰyɡateras	KAI ESDESEN LAMEK META TO GENNESAI AUTON TON NOE PENTAKOSIA KAI EKSEKONTA PENTE ETE KAI EGENNESEN UIUS KAI TUGATERAS	ud_ancient_greek_ptnk	4th-5th c. CE (Codex Alexandrinus)	religious	translit_map
ud_ancient_greek_ptnk_Septuagint-Genesis-5:31-grc	καὶ ἐγένοντο πᾶσαι αἱ ἡμέραι Λάμεχ, ἑπτακόσια καὶ πεντήκοντα τρία ἔτη· καὶ ἀπέθανεν.	kai̯ eɡenonto pasai̯ ai̯ ɛːmerai̯ lamekʰ eptakosia kai̯ pentɛːkonta tria etɛː kai̯ apetʰanen	KAI EGENONTO PASAI AI EMERAI LAMEK EPTAKOSIA KAI PENTEKONTA TRIA ETE KAI APETANEN	ud_ancient_greek_ptnk	4th-5th c. CE (Codex Alexandrinus)	religious	translit_map
ud_ancient_greek_ptnk_Septuagint-Genesis-5:32-grc	καὶ ἦν Νῶε ἐτῶν πεντακοσίων· καὶ ἐγέννησεν[ Νῶε] τρεῖς υἱούς τὸν Σήμ. τὸν Χάμ, τὸν Ἰάφεθ.	kai̯ ɛːn nɔːe etɔːn pentakosiɔːn kai̯ eɡennɛːsen nɔːe treːs yi̯uːs ton sɛːm ton kʰam ton iapʰetʰ	KAI EN NOE ETON PENTAKOSION KAI EGENNESEN NOE TRES UIUS TON SEM TON KAM TON IAPET	ud_ancient_greek_ptnk	4th-5th c. CE (Codex Alexandrinus)	religious	translit_map
ud_ancient_greek_ptnk_Septuagint-Genesis-6:1-grc	Καὶ ἐγένετο ἡνίκα ἤρξαντο οἱ ἄνθρωποι πολλοὶ γίνεσθαι ἐπὶ τῆς γῆς, καὶ θυγατέρες ἐγενήθησαν αὐτοῖς.	kai̯ eɡeneto ɛːnika ɛːrksanto oi̯ antʰrɔːpoi̯ polloi̯ ɡinestʰai̯ epi tɛːs ɡɛːs kai̯ tʰyɡateres eɡenɛːtʰɛːsan au̯toi̯s	KAI EGENETO ENIKA ERKSANTO OI ANTROPOI POLLOI GINESTAI EPI TES GES KAI TUGATERES EGENETESAN AUTOIS	ud_ancient_greek_ptnk	4th-5th c. CE (Codex Alexandrinus)	religious	translit_map
ud_ancient_greek_ptnk_Septuagint-Genesis-6:2-grc	ἰδόντες δὲ οἱ υἱοὶ τοῦ θεοῦ τὰς θυγατέρας τῶν ἀνθρώπων, ὅτι καλαί εἰσιν, ἔλαβον ἑαυτοῖς γυναῖκας ἀπὸ πασῶν, ὧν ἐξελέξαντο.	idontes de oi̯ yi̯oi̯ tuː tʰeuː tas tʰyɡateras tɔːn antʰrɔːpɔːn oti kalai̯ eːsin elabon eau̯toi̯s ɡynai̯kas apo pasɔːn ɔːn ekseleksanto	IDONTES DE OI UIOI TU TEU TAS TUGATERAS TON ANTROPON OTI KALAI ESIN ELABON EAUTOIS GUNAIKAS APO PASON ON EKSELEKSANTO	ud_ancient_greek_ptnk	4th-5th c. CE (Codex Alexandrinus)	religious	translit_map
ud_ancient_greek_ptnk_Septuagint-Genesis-6:3-grc	καὶ εἶπεν κύριος ὁ θεός, οὐ μὴ καταμείνῃ τὸ πνεῦμά μου ἐν τοῖς ἀνθρώποις τούτοις εἰς τὸν αἰῶνα, διὰ τὸ εἶναι αὐτοὺς σάρκας· ἔσονται δὲ αἱ ἡμέραι αὐτῶν, ἑκατὸν εἴκοσι ἔτη.	kai̯ eːpen kyrios o tʰeos uː mɛː katameːnɛː to pneu̯ma muː en toi̯s antʰrɔːpoi̯s tuːtoi̯s eːs ton ai̯ɔːna dia to eːnai̯ au̯tuːs sarkas esontai̯ de ai̯ ɛːmerai̯ au̯tɔːn ekaton eːkosi etɛː	KAI EPEN KURIOS O TEOS U ME KATAMENE TO PNEUMA MU EN TOIS ANTROPOIS TUTOIS ES TON AIONA DIA TO ENAI AUTUS SARKAS ESONTAI DE AI EMERAI AUTON EKATON EKOSI ETE	ud_ancient_greek_ptnk	4th-5th c. CE (Codex Alexandrinus)	religious	translit_map
ud_ancient_greek_ptnk_Septuagint-Genesis-6:4-grc	οἱ δὲ γίγαντες ἦσαν ἐπὶ τῆς γῆς ἐν ταῖς ἡμέραις ἐκείναις, καὶ μετ᾿ ἐκεῖνο, ὡς ἄν εἰσεπορεύοντο οἱ υἱοὶ τοῦ θεοῦ πρὸς τὰς θυγατέρας τῶν ἀνθρώπων, καὶ ἐγεννῶσαν ἑαυτοῖς· ἐκεῖνοι ἦσαν οἱ γίγαντες οἱ ἀπ᾿ αἰῶνος, οἱ ἄνθρωποι οἱ ὀνομαστοί.	oi̯ de ɡiɡantes ɛːsan epi tɛːs ɡɛːs en tai̯s ɛːmerai̯s ekeːnai̯s kai̯ met ekeːno ɔːs an eːseporeu̯onto oi̯ yi̯oi̯ tuː tʰeuː pros tas tʰyɡateras tɔːn antʰrɔːpɔːn kai̯ eɡennɔːsan eau̯toi̯s ekeːnoi̯ ɛːsan oi̯ ɡiɡantes oi̯ ap ai̯ɔːnos oi̯ antʰrɔːpoi̯ oi̯ onomastoi̯	OI DE GIGANTES ESAN EPI TES GES EN TAIS EMERAIS EKENAIS KAI MET EKENO OS AN ESEPOREUONTO OI UIOI TU TEU PROS TAS TUGATERAS TON ANTROPON KAI EGENNOSAN EAUTOIS EKENOI ESAN OI GIGANTES OI AP AIONOS OI ANTROPOI OI ONOMASTOI	ud_ancient_greek_ptnk	4th-5th c. CE (Codex Alexandrinus)	religious	translit_map
ud_ancient_greek_ptnk_Septuagint-Genesis-6:5-grc	Ἰδὼν δὲ κύριος ὁ θεός, ὅτι ἐπληθύνθησαν αἱ κακίαι τῶν ἀνθρώπων ἐπὶ τῆς γῆς, καὶ πᾶς τις διανοεῖται ἐν τῇ καρδίᾳ αὐτοῦ ἐπιμελῶς ἐπὶ τὰ πονηρὰ πάσας τὰς ἡμέρας.	idɔːn de kyrios o tʰeos oti eplɛːtʰyntʰɛːsan ai̯ kakiai̯ tɔːn antʰrɔːpɔːn epi tɛːs ɡɛːs kai̯ pas tis dianoeːtai̯ en tɛː kardia au̯tuː epimelɔːs epi ta ponɛːra pasas tas ɛːmeras	IDON DE KURIOS O TEOS OTI EPLETUNTESAN AI KAKIAI TON ANTROPON EPI TES GES KAI PAS TIS DIANOETAI EN TE KARDIA AUTU EPIMELOS EPI TA PONERA PASAS TAS EMERAS	ud_ancient_greek_ptnk	4th-5th c. CE (Codex Alexandrinus)	religious	translit_map
ud_ancient_greek_ptnk_Septuagint-Genesis-6:6-grc	καὶ ἐνεθυμήθη ὁ θεός, ὅτι ἐποίησεν τὸν ἄνθρωπον ἐπὶ τῆς γῆς, καὶ διενοήθη.	kai̯ enetʰymɛːtʰɛː o tʰeos oti epoi̯ɛːsen ton antʰrɔːpon epi tɛːs ɡɛːs kai̯ dienoɛːtʰɛː	KAI ENETUMETE O TEOS OTI EPOIESEN TON ANTROPON EPI TES GES KAI DIENOETE	ud_ancient_greek_ptnk	4th-5th c. CE (Codex Alexandrinus)	religious	translit_map
ud_ancient_greek_ptnk_Septuagint-Genesis-6:7-grc	καὶ εἶπεν ὁ θεός, ἀπαλείψω τὸν ἄνθρωπον, ὃν ἐποίησα, ἀπὸ προσώπου τῆς γῆς ἀπὸ ἀνθρώπου ἕως κτήνους, καὶ ἀπὸ ἑρπετῶν ἕως τῶν πετεινῶν τοῦ οὐρανοῦ· ὅτι ἐθυμώθην, ὅτι ἐποίησα αὐτούς.	kai̯ eːpen o tʰeos apaleːpsɔː ton antʰrɔːpon on epoi̯ɛːsa apo prosɔːpuː tɛːs ɡɛːs apo antʰrɔːpuː eɔːs ktɛːnuːs kai̯ apo erpetɔːn eɔːs tɔːn peteːnɔːn tuː uːranuː oti etʰymɔːtʰɛːn oti epoi̯ɛːsa au̯tuːs	KAI EPEN O TEOS APALEPSO TON ANTROPON ON EPOIESA APO PROSOPU TES GES APO ANTROPU EOS KTENUS KAI APO ERPETON EOS TON PETENON TU URANU OTI ETUMOTEN OTI EPOIESA AUTUS	ud_ancient_greek_ptnk	4th-5th c. CE (Codex Alexandrinus)	religious	translit_map
ud_ancient_greek_ptnk_Septuagint-Genesis-6:8-grc	Νῶε δὲ εὗρεν χάριν ἐναντίον κυρίου τοῦ θεοῦ.	nɔːe de eu̯ren kʰarin enantion kyriuː tuː tʰeuː	NOE DE EUREN KARIN ENANTION KURIU TU TEU	ud_ancient_greek_ptnk	4th-5th c. CE (Codex Alexandrinus)	religious	translit_map
ud_ancient_greek_ptnk_Septuagint-Genesis-6:9-grc	αὗται δὲ αἱ γενέσεις Νῶε· Νῶε ἄνθρωπος δίκαιος, τέλειος ὢν ἐν τῇ γενεᾷ αὐτοῦ, τῷ θεῷ εὐηρέστησεν Νῶε.	au̯tai̯ de ai̯ ɡeneseːs nɔːe nɔːe antʰrɔːpos dikai̯os teleːos ɔːn en tɛː ɡenea au̯tuː tɔː tʰeɔː eu̯ɛːrestɛːsen nɔːe	AUTAI DE AI GENESES NOE NOE ANTROPOS DIKAIOS TELEOS ON EN TE GENEA AUTU TO TEO EUERESTESEN NOE	ud_ancient_greek_ptnk	4th-5th c. CE (Codex Alexandrinus)	religious	translit_map
ud_ancient_greek_ptnk_Septuagint-Genesis-6:10-grc	ἐγέννησεν δὲ Νῶε τρεῖς υἱούς, τὸν Σήμ, τὸν Χάμ, τὸν Ἰάφεθ.	eɡennɛːsen de nɔːe treːs yi̯uːs ton sɛːm ton kʰam ton iapʰetʰ	EGENNESEN DE NOE TRES UIUS TON SEM TON KAM TON IAPET	ud_ancient_greek_ptnk	4th-5th c. CE (Codex Alexandrinus)	religious	translit_map
ud_ancient_greek_ptnk_Septuagint-Genesis-6:11-grc	ἐφθάρη δὲ ἡ γῆ ἐναντίον τοῦ θεοῦ, καὶ ἐπλήσθη ἡ γῆ ἀδικίας.	epʰtʰarɛː de ɛː ɡɛː enantion tuː tʰeuː kai̯ eplɛːstʰɛː ɛː ɡɛː adikias	EPTARE DE E GE ENANTION TU TEU KAI EPLESTE E GE ADIKIAS	ud_ancient_greek_ptnk	4th-5th c. CE (Codex Alexandrinus)	religious	translit_map
ud_ancient_greek_ptnk_Septuagint-Genesis-6:12-grc	καὶ εἶδεν κύριος ὁ θεὸς τὴν γῆν, καὶ ἦν κατεφθαρμένη· ὅτι κατέφθειρεν πᾶσα σὰρξ τὴν ὁδὸν αὐτοῦ ἐπὶ τῆς γῆς.	kai̯ eːden kyrios o tʰeos tɛːn ɡɛːn kai̯ ɛːn katepʰtʰarmenɛː oti katepʰtʰeːren pasa sarks tɛːn odon au̯tuː epi tɛːs ɡɛːs	KAI EDEN KURIOS O TEOS TEN GEN KAI EN KATEPTARMENE OTI KATEPTEREN PASA SARKS TEN ODON AUTU EPI TES GES	ud_ancient_greek_ptnk	4th-5th c. CE (Codex Alexandrinus)	religious	translit_map
ud_ancient_greek_ptnk_Septuagint-Genesis-6:13-grc	καὶ εἶπεν[ κύριος] ὁ θεὸς[ πρὸς] Νῶε, καιρὸς παντὸς ἀνθρώπου ἥκει ἐναντίον μου, ὅτι ἐπλήσθη ἡ γῆ ἀδικίας ἀπ᾿ αὐτῶν· καὶ ἰδοὺ ἐγὼ καταφθείρω αὐτοὺς καὶ τὴν γῆν.	kai̯ eːpen kyrios o tʰeos pros nɔːe kai̯ros pantos antʰrɔːpuː ɛːkeː enantion muː oti eplɛːstʰɛː ɛː ɡɛː adikias ap au̯tɔːn kai̯ iduː eɡɔː katapʰtʰeːrɔː au̯tuːs kai̯ tɛːn ɡɛːn	KAI EPEN KURIOS O TEOS PROS NOE KAIROS PANTOS ANTROPU EKE ENANTION MU OTI EPLESTE E GE ADIKIAS AP AUTON KAI IDU EGO KATAPTERO AUTUS KAI TEN GEN	ud_ancient_greek_ptnk	4th-5th c. CE (Codex Alexandrinus)	religious	translit_map
ud_ancient_greek_ptnk_Septuagint-Genesis-6:14-grc	Ποίησον οὖν σεαυτῷ κιβωτὸν ἐκ ξύλων τετραγώνων· νοσσιὰς ποιήσεις τὴν κιβωτόν· καὶ ἀσφαλτώσεις ποιήσεις αὐτὴν ἔσωθεν καὶ ἔξωθεν τῇ ἀσφάλτῳ.	poi̯ɛːson uːn seau̯tɔː kibɔːton ek ksylɔːn tetraɡɔːnɔːn nossias poi̯ɛːseːs tɛːn kibɔːton kai̯ aspʰaltɔːseːs poi̯ɛːseːs au̯tɛːn esɔːtʰen kai̯ eksɔːtʰen tɛː aspʰaltɔː	POIESON UN SEAUTO KIBOTON EK KSULON TETRAGONON NOSSIAS POIESES TEN KIBOTON KAI ASPALTOSES POIESES AUTEN ESOTEN KAI EKSOTEN TE ASPALTO	ud_ancient_greek_ptnk	4th-5th c. CE (Codex Alexandrinus)	religious	translit_map
ud_ancient_greek_ptnk_Septuagint-Genesis-6:15-grc	καὶ οὕτως ποιήσεις τὴν κιβωτόν· τριακοσίων πήχεων τὸ μῆκος τῆς κιβωτοῦ, καὶ πεντήκοντα πήχεων τὸ πλάτος, καὶ τριάκοντα πήχεων τὸ ὕψος αὐτῆς.	kai̯ uːtɔːs poi̯ɛːseːs tɛːn kibɔːton triakosiɔːn pɛːkʰeɔːn to mɛːkos tɛːs kibɔːtuː kai̯ pentɛːkonta pɛːkʰeɔːn to platos kai̯ triakonta pɛːkʰeɔːn to ypsos au̯tɛːs	KAI UTOS POIESES TEN KIBOTON TRIAKOSION PEKEON TO MEKOS TES KIBOTU KAI PENTEKONTA PEKEON TO PLATOS KAI TRIAKONTA PEKEON TO UPSOS AUTES	ud_ancient_greek_ptnk	4th-5th c. CE (Codex Alexandrinus)	religious	translit_map
ud_ancient_greek_ptnk_Septuagint-Genesis-6:16-grc	ἐπισυνάγων ποιήσεις τὴν κιβωτόν, καὶ εἰς πῆχυν συντελέσεις αὐτὴν ἄνωθεν· τὴν δὲ θύραν τῆς κιβωτοῦ ποιήσεις ἐκ πλαγίων· κατάγαια διώροφα καὶ τριώροφα ποιήσεις αὐτήν.	episynaɡɔːn poi̯ɛːseːs tɛːn kibɔːton kai̯ eːs pɛːkʰyn synteleseːs au̯tɛːn anɔːtʰen tɛːn de tʰyran tɛːs kibɔːtuː poi̯ɛːseːs ek plaɡiɔːn kataɡai̯a diɔːropʰa kai̯ triɔːropʰa poi̯ɛːseːs au̯tɛːn	EPISUNAGON POIESES TEN KIBOTON KAI ES PEKUN SUNTELESES AUTEN ANOTEN TEN DE TURAN TES KIBOTU POIESES EK PLAGION KATAGAIA DIOROPA KAI TRIOROPA POIESES AUTEN	ud_ancient_greek_ptnk	4th-5th c. CE (Codex Alexandrinus)	religious	translit_map
ud_ancient_greek_ptnk_Septuagint-Genesis-6:17-grc	ἐγὼ δὲ ἰδοὺ ἐπάγω τὸν κατακλυσμόν ὕδωρ ἐπὶ τὴν γῆν, καταφθεῖραι πᾶσαν σάρκα, ἐν ᾗ ἐστιν πνεῦμα ζωῆς ὑποκάτω τοῦ οὐρανοῦ· καὶ ὅσα ἐὰν ᾖ ἐπὶ τῆς γῆς τελευτήσει.	eɡɔː de iduː epaɡɔː ton kataklysmon ydɔːr epi tɛːn ɡɛːn katapʰtʰeːrai̯ pasan sarka en ɛː estin pneu̯ma zdɔːɛːs ypokatɔː tuː uːranuː kai̯ osa ean ɛː epi tɛːs ɡɛːs teleu̯tɛːseː	EGO DE IDU EPAGO TON KATAKLUSMON UDOR EPI TEN GEN KATAPTERAI PASAN SARKA EN E ESTIN PNEUMA SDOES UPOKATO TU URANU KAI OSA EAN E EPI TES GES TELEUTESE	ud_ancient_greek_ptnk	4th-5th c. CE (Codex Alexandrinus)	religious	translit_map
ud_ancient_greek_ptnk_Septuagint-Genesis-6:18-grc	Καὶ στήσω τὴν διαθήκην μου πρὸς σέ· εἰσελεύσῃ δὲ εἰς τὴν κιβωτόν σύ, καὶ οἱ υἱοί σου, καὶ ἡ γυνή σου, καὶ αἱ γυναῖκες τῶν υἱῶν σου μετά σου.	kai̯ stɛːsɔː tɛːn diatʰɛːkɛːn muː pros se eːseleu̯sɛː de eːs tɛːn kibɔːton sy kai̯ oi̯ yi̯oi̯ suː kai̯ ɛː ɡynɛː suː kai̯ ai̯ ɡynai̯kes tɔːn yi̯ɔːn suː meta suː	KAI STESO TEN DIATEKEN MU PROS SE ESELEUSE DE ES TEN KIBOTON SU KAI OI UIOI SU KAI E GUNE SU KAI AI GUNAIKES TON UION SU META SU	ud_ancient_greek_ptnk	4th-5th c. CE (Codex Alexandrinus)	religious	translit_map
ud_ancient_greek_ptnk_Septuagint-Genesis-6:19-grc	καὶ ἀπὸ πάντων τῶν κτηνῶν, καὶ ἀπὸ πάντων τῶν ἑρπετῶν, καὶ ἀπὸ πάντων τῶν θηρίων, καὶ ἀπὸ πάσης σαρκός δύο δύο ἀπὸ πάντων εἰσάξεις εἰς τὴν κιβωτόν, ἵνα τρέφῃς μετὰ σεαυτοῦ· ἄρσεν καὶ θῆλυ ἔσονται.	kai̯ apo pantɔːn tɔːn ktɛːnɔːn kai̯ apo pantɔːn tɔːn erpetɔːn kai̯ apo pantɔːn tɔːn tʰɛːriɔːn kai̯ apo pasɛːs sarkos dyo dyo apo pantɔːn eːsakseːs eːs tɛːn kibɔːton ina trepʰɛːs meta seau̯tuː arsen kai̯ tʰɛːly esontai̯	KAI APO PANTON TON KTENON KAI APO PANTON TON ERPETON KAI APO PANTON TON TERION KAI APO PASES SARKOS DUO DUO APO PANTON ESAKSES ES TEN KIBOTON INA TREPES META SEAUTU ARSEN KAI TELU ESONTAI	ud_ancient_greek_ptnk	4th-5th c. CE (Codex Alexandrinus)	religious	translit_map
ud_ancient_greek_ptnk_Septuagint-Genesis-6:20-grc	ἀπὸ πάντων τῶν ὀρνέων τῶν πετεινῶν κατὰ γένος, καὶ ἀπὸ πάντων τῶν κτηνῶν κατὰ γένος, καὶ ἀπὸ πάντων τῶν ἑρπετῶν τῶν ἑρπόντων ἐπὶ τῆς γῆς κατὰ γένος αὐτῶν, δύο δύο ἀπὸ πάντων εἰσελεύσονται πρὸς σὲ τρέφεσθαι μετὰ σου, ἄρσεν καὶ θῆλυ.	apo pantɔːn tɔːn orneɔːn tɔːn peteːnɔːn kata ɡenos kai̯ apo pantɔːn tɔːn ktɛːnɔːn kata ɡenos kai̯ apo pantɔːn tɔːn erpetɔːn tɔːn erpontɔːn epi tɛːs ɡɛːs kata ɡenos au̯tɔːn dyo dyo apo pantɔːn eːseleu̯sontai̯ pros se trepʰestʰai̯ meta suː arsen kai̯ tʰɛːly	APO PANTON TON ORNEON TON PETENON KATA GENOS KAI APO PANTON TON KTENON KATA GENOS KAI APO PANTON TON ERPETON TON ERPONTON EPI TES GES KATA GENOS AUTON DUO DUO APO PANTON ESELEUSONTAI PROS SE TREPESTAI META SU ARSEN KAI TELU	ud_ancient_greek_ptnk	4th-5th c. CE (Codex Alexandrinus)	religious	translit_map
ud_ancient_greek_ptnk_Septuagint-Genesis-6:21-grc	σὺ δὲ λήμψῃ σεαυτῷ ἀπὸ πάντων τῶν βρωμάτων ἃ ἔδεσθε, καὶ συνάξεις πρὸς σεαυτόν, καὶ ἔσται σοί καὶ ἐκείνοις φαγεῖν.	sy de lɛːmpsɛː seau̯tɔː apo pantɔːn tɔːn brɔːmatɔːn a edestʰe kai̯ synakseːs pros seau̯ton kai̯ estai̯ soi̯ kai̯ ekeːnoi̯s pʰaɡeːn	SU DE LEMPSE SEAUTO APO PANTON TON BROMATON A EDESTE KAI SUNAKSES PROS SEAUTON KAI ESTAI SOI KAI EKENOIS PAGEN	ud_ancient_greek_ptnk	4th-5th c. CE (Codex Alexandrinus)	religious	translit_map
ud_ancient_greek_ptnk_Septuagint-Genesis-6:22-grc	καὶ ἐποίησεν Νῶε πάντα ὅσα ἐνετείλατο αὐτῷ κύριος ὁ θεός, οὕτως ἐποίησεν.	kai̯ epoi̯ɛːsen nɔːe panta osa eneteːlato au̯tɔː kyrios o tʰeos uːtɔːs epoi̯ɛːsen	KAI EPOIESEN NOE PANTA OSA ENETELATO AUTO KURIOS O TEOS UTOS EPOIESEN	ud_ancient_greek_ptnk	4th-5th c. CE (Codex Alexandrinus)	religious	translit_map
ud_ancient_greek_ptnk_Septuagint-Genesis-7:1-grc	καὶ εἶπεν κύριος ὁ θεὸς πρὸς Νῶε, εἴσελθε σὺ καὶ πᾶς ὁ οἶκός σου εἰς τὴν κιβωτόν, ὅτι σὲ εἶδον δίκαιον ἐναντίον μου ἐν τῇ γενεᾷ ταύτῃ.	kai̯ eːpen kyrios o tʰeos pros nɔːe eːseltʰe sy kai̯ pas o oi̯kos suː eːs tɛːn kibɔːton oti se eːdon dikai̯on enantion muː en tɛː ɡenea tau̯tɛː	KAI EPEN KURIOS O TEOS PROS NOE ESELTE SU KAI PAS O OIKOS SU ES TEN KIBOTON OTI SE EDON DIKAION ENANTION MU EN TE GENEA TAUTE	ud_ancient_greek_ptnk	4th-5th c. CE (Codex Alexandrinus)	religious	translit_map
ud_ancient_greek_ptnk_Septuagint-Genesis-7:2-3-grc	ἀπὸ δὲ τῶν κτηνῶν τῶν καθαρῶν εἰσάγαγε πρὸς σὲ ἑπτὰ ἑπτά ἄρσεν καὶ θῆλυ, ἀπὸ δὲ τῶν κτηνῶν τῶν μὴ καθαρῶν δύο δύο ἄρσεν καὶ θῆλυ. καὶ ἀπὸ τῶν πετεινῶν τοῦ οὐρανοῦ τῶν καθαρῶν ἑπτὰ ἑπτά ἄρσεν καὶ θῆλυ, καὶ ἀπὸ τῶν πετεινῶν τῶν μὴ καθαρῶν δύο δύο ἄρσεν καὶ θῆλυ, διαθρέψαι σπέρμα ἐπὶ πᾶσαν τὴν γῆν.	apo de tɔːn ktɛːnɔːn tɔːn katʰarɔːn eːsaɡaɡe pros se epta epta arsen kai̯ tʰɛːly apo de tɔːn ktɛːnɔːn tɔːn mɛː katʰarɔːn dyo dyo arsen kai̯ tʰɛːly kai̯ apo tɔːn peteːnɔːn tuː uːranuː tɔːn katʰarɔːn epta epta arsen kai̯ tʰɛːly kai̯ apo tɔːn peteːnɔːn tɔːn mɛː katʰarɔːn dyo dyo arsen kai̯ tʰɛːly diatʰrepsai̯ sperma epi pasan tɛːn ɡɛːn	APO DE TON KTENON TON KATARON ESAGAGE PROS SE EPTA EPTA ARSEN KAI TELU APO DE TON KTENON TON ME KATARON DUO DUO ARSEN KAI TELU KAI APO TON PETENON TU URANU TON KATARON EPTA EPTA ARSEN KAI TELU KAI APO TON PETENON TON ME KATARON DUO DUO ARSEN KAI TELU DIATREPSAI SPERMA EPI PASAN TEN GEN	ud_ancient_greek_ptnk	4th-5th c. CE (Codex Alexandrinus)	religious	translit_map
ud_ancient_greek_ptnk_Septuagint-Genesis-7:4-grc	ἔτι γὰρ ἡμερῶν ἑπτὰ ἐγὼ ἐπάγω ὑετὸν ἐπὶ τὴν γῆν, τεσσαράκοντα ἡμέρας καὶ τεσσαράκοντα νύκτας· καὶ ἐξαλείψω πᾶσαν τὴν ἐξανάστασιν, ἣν ἐποίησα ἀπὸ προσώπου τῆς γῆς.	eti ɡar ɛːmerɔːn epta eɡɔː epaɡɔː yeton epi tɛːn ɡɛːn tessarakonta ɛːmeras kai̯ tessarakonta nyktas kai̯ eksaleːpsɔː pasan tɛːn eksanastasin ɛːn epoi̯ɛːsa apo prosɔːpuː tɛːs ɡɛːs	ETI GAR EMERON EPTA EGO EPAGO UETON EPI TEN GEN TESSARAKONTA EMERAS KAI TESSARAKONTA NUKTAS KAI EKSALEPSO PASAN TEN EKSANASTASIN EN EPOIESA APO PROSOPU TES GES	ud_ancient_greek_ptnk	4th-5th c. CE (Codex Alexandrinus)	religious	translit_map
ud_ancient_greek_ptnk_Septuagint-Genesis-7:5-grc	καὶ ἐποίησεν Νῶε πάντα, ὅσα ἐνετείλατο αὐτῷ κύριος ὁ θεός.	kai̯ epoi̯ɛːsen nɔːe panta osa eneteːlato au̯tɔː kyrios o tʰeos	KAI EPOIESEN NOE PANTA OSA ENETELATO AUTO KURIOS O TEOS	ud_ancient_greek_ptnk	4th-5th c. CE (Codex Alexandrinus)	religious	translit_map
ud_ancient_greek_ptnk_Septuagint-Genesis-7:6-grc	Νῶε δὲ ἦν ἐτῶν ἑξακοσίων, καὶ ὁ κατακλυσμὸς ἐγένετο ὕδατος ἐπὶ τῆς γῆς.	nɔːe de ɛːn etɔːn eksakosiɔːn kai̯ o kataklysmos eɡeneto ydatos epi tɛːs ɡɛːs	NOE DE EN ETON EKSAKOSION KAI O KATAKLUSMOS EGENETO UDATOS EPI TES GES	ud_ancient_greek_ptnk	4th-5th c. CE (Codex Alexandrinus)	religious	translit_map
ud_ancient_greek_ptnk_Septuagint-Genesis-7:7-grc	εἰσῆλθεν δὲ Νῶε καὶ οἱ υἱοὶ αὐτοῦ, καὶ ἡ γυνὴ αὐτοῦ, καὶ αἱ γυναῖκες τῶν υἱῶν αὐτοῦ μετ᾿ αὐτοῦ εἰς τὴν κιβωτόν, διὰ τὸ ὕδωρ τοῦ κατακλυσμοῦ.	eːsɛːltʰen de nɔːe kai̯ oi̯ yi̯oi̯ au̯tuː kai̯ ɛː ɡynɛː au̯tuː kai̯ ai̯ ɡynai̯kes tɔːn yi̯ɔːn au̯tuː met au̯tuː eːs tɛːn kibɔːton dia to ydɔːr tuː kataklysmuː	ESELTEN DE NOE KAI OI UIOI AUTU KAI E GUNE AUTU KAI AI GUNAIKES TON UION AUTU MET AUTU ES TEN KIBOTON DIA TO UDOR TU KATAKLUSMU	ud_ancient_greek_ptnk	4th-5th c. CE (Codex Alexandrinus)	religious	translit_map
ud_ancient_greek_ptnk_Septuagint-Genesis-7:8-9-grc	καὶ ἀπὸ τῶν πετεινῶν καὶ ἀπὸ τῶν κτηνῶν τῶν καθαρῶν, καὶ ἀπὸ τῶν κτηνῶν τῶν μὴ καθαρῶν, καὶ ἀπὸ πάντων τῶν ἑρπετῶν τῶν ἐπὶ τῆς γῆς, δύο δύο εἰσῆλθον πρὸς Νῶε εἰς τὴν κιβωτόν ἄρσεν καὶ θῆλυ, καθὰ ἐνετείλατο αὐτῷ ὁ θεός.	kai̯ apo tɔːn peteːnɔːn kai̯ apo tɔːn ktɛːnɔːn tɔːn katʰarɔːn kai̯ apo tɔːn ktɛːnɔːn tɔːn mɛː katʰarɔːn kai̯ apo pantɔːn tɔːn erpetɔːn tɔːn epi tɛːs ɡɛːs dyo dyo eːsɛːltʰon pros nɔːe eːs tɛːn kibɔːton arsen kai̯ tʰɛːly katʰa eneteːlato au̯tɔː o tʰeos	KAI APO TON PETENON KAI APO TON KTENON TON KATARON KAI APO TON KTENON TON ME KATARON KAI APO PANTON TON ERPETON TON EPI TES GES DUO DUO ESELTON PROS NOE ES TEN KIBOTON ARSEN KAI TELU KATA ENETELATO AUTO O TEOS	ud_ancient_greek_ptnk	4th-5th c. CE (Codex Alexandrinus)	religious	translit_map
ud_ancient_greek_ptnk_Septuagint-Genesis-7:10-grc	καὶ ἐγένετο μετὰ τὰς ἑπτὰ ἡμέρας, καὶ τὸ ὕδωρ τοῦ κατακλυσμοῦ ἐγένετο ἐπὶ τῆς γῆς.	kai̯ eɡeneto meta tas epta ɛːmeras kai̯ to ydɔːr tuː kataklysmuː eɡeneto epi tɛːs ɡɛːs	KAI EGENETO META TAS EPTA EMERAS KAI TO UDOR TU KATAKLUSMU EGENETO EPI TES GES	ud_ancient_greek_ptnk	4th-5th c. CE (Codex Alexandrinus)	religious	translit_map
ud_ancient_greek_ptnk_Septuagint-Genesis-7:11-grc	ἐν τῷ ἑξακοσιοστῷ ἔτει ἐν τῇ ζωῇ τοῦ Νῶε, τοῦ δευτέρου μηνός, ἑβδόμῃ καὶ εἰκάδι τοῦ μηνός, τῇ ἡμέρᾳ ταύτῃ ἐρράγησαν πᾶσαι αἱ πηγαὶ τῆς ἀβύσσου, καὶ οἱ καταρράκται τοῦ οὐρανοῦ ἠνεῴχθησαν.	en tɔː eksakosiostɔː eteː en tɛː zdɔːɛː tuː nɔːe tuː deu̯teruː mɛːnos ebdomɛː kai̯ eːkadi tuː mɛːnos tɛː ɛːmera tau̯tɛː erraɡɛːsan pasai̯ ai̯ pɛːɡai̯ tɛːs abyssuː kai̯ oi̯ katarraktai̯ tuː uːranuː ɛːneɔːkʰtʰɛːsan	EN TO EKSAKOSIOSTO ETE EN TE SDOE TU NOE TU DEUTERU MENOS EBDOME KAI EKADI TU MENOS TE EMERA TAUTE ERRAGESAN PASAI AI PEGAI TES ABUSSU KAI OI KATARRAKTAI TU URANU ENEOKTESAN	ud_ancient_greek_ptnk	4th-5th c. CE (Codex Alexandrinus)	religious	translit_map
ud_ancient_greek_ptnk_Septuagint-Genesis-7:12-grc	καὶ ἐγένετο ὁ ὑετὸς ἐπὶ τῆς γῆς τεσσαράκοντα ἡμέρας καὶ τεσσαράκοντα νύκτας.	kai̯ eɡeneto o yetos epi tɛːs ɡɛːs tessarakonta ɛːmeras kai̯ tessarakonta nyktas	KAI EGENETO O UETOS EPI TES GES TESSARAKONTA EMERAS KAI TESSARAKONTA NUKTAS	ud_ancient_greek_ptnk	4th-5th c. CE (Codex Alexandrinus)	religious	translit_map
ud_ancient_greek_ptnk_Septuagint-Genesis-7:13-14-grc	ἐν τῇ ἡμέρᾳ ταύτῃ εἰσῆλθεν Νῶε, Σήμ, Χάμ, Ἰάφεθ, υἱοὶ Νῶε, καὶ ἡ γυνὴ Νῶε, καὶ αἱ τρεῖς γυναῖκες τῶν υἱῶν αὐτοῦ, μετ᾿ αὐτοῦ εἰς τὴν κιβωτόν. καὶ πάντα τὰ θηρία κατὰ γένος, καὶ πάντα τὰ κτήνη κατὰ γένος καὶ πᾶν ἑρπετὸν κινούμενον ἐπὶ τῆς γῆς κατὰ γένος, καὶ πᾶν πετεινὸν κατὰ γένος,	en tɛː ɛːmera tau̯tɛː eːsɛːltʰen nɔːe sɛːm kʰam iapʰetʰ yi̯oi̯ nɔːe kai̯ ɛː ɡynɛː nɔːe kai̯ ai̯ treːs ɡynai̯kes tɔːn yi̯ɔːn au̯tuː met au̯tuː eːs tɛːn kibɔːton kai̯ panta ta tʰɛːria kata ɡenos kai̯ panta ta ktɛːnɛː kata ɡenos kai̯ pan erpeton kinuːmenon epi tɛːs ɡɛːs kata ɡenos kai̯ pan peteːnon kata ɡenos	EN TE EMERA TAUTE ESELTEN NOE SEM KAM IAPET UIOI NOE KAI E GUNE NOE KAI AI TRES GUNAIKES TON UION AUTU MET AUTU ES TEN KIBOTON KAI PANTA TA TERIA KATA GENOS KAI PANTA TA KTENE KATA GENOS KAI PAN ERPETON KINUMENON EPI TES GES KATA GENOS KAI PAN PETENON KATA GENOS	ud_ancient_greek_ptnk	4th-5th c. CE (Codex Alexandrinus)	religious	translit_map
ud_ancient_greek_ptnk_Septuagint-Genesis-7:15-grc	εἰσῆλθον πρὸς Νῶε εἰς τὴν κιβωτόν, δύο δύο ἀπὸ πάσης σαρκός, ἐν ᾧ ἐστιν πνεῦμα ζωῆς.	eːsɛːltʰon pros nɔːe eːs tɛːn kibɔːton dyo dyo apo pasɛːs sarkos en ɔː estin pneu̯ma zdɔːɛːs	ESELTON PROS NOE ES TEN KIBOTON DUO DUO APO PASES SARKOS EN O ESTIN PNEUMA SDOES	ud_ancient_greek_ptnk	4th-5th c. CE (Codex Alexandrinus)	religious	translit_map
ud_ancient_greek_ptnk_Septuagint-Genesis-7:16-grc	καὶ τὰ εἰσπορευόμενα ἄρσεν καὶ θῆλυ ἀπὸ πάσης σαρκὸς εἰσῆλθεν, καθὰ ἐνετείλατο ὁ θεὸς τῷ Νῶε· καὶ ἔκλεισεν κύριος ὁ θεὸς ἔξωθεν αὐτοῦ τὴν κιβωτόν.	kai̯ ta eːsporeu̯omena arsen kai̯ tʰɛːly apo pasɛːs sarkos eːsɛːltʰen katʰa eneteːlato o tʰeos tɔː nɔːe kai̯ ekleːsen kyrios o tʰeos eksɔːtʰen au̯tuː tɛːn kibɔːton	KAI TA ESPOREUOMENA ARSEN KAI TELU APO PASES SARKOS ESELTEN KATA ENETELATO O TEOS TO NOE KAI EKLESEN KURIOS O TEOS EKSOTEN AUTU TEN KIBOTON	ud_ancient_greek_ptnk	4th-5th c. CE (Codex Alexandrinus)	religious	translit_map
ud_ancient_greek_ptnk_Septuagint-Genesis-7:17-grc	καὶ ἐγένετο ὁ κατακλυσμὸς τεσσαράκοντα ἡμέρας καὶ τεσσαράκοντα νύκτας ἐπὶ τῆς γῆς· καὶ ἐπληθύνθη τὸ ὕδωρ· καὶ ἐπῆρεν τὴν κιβωτόν, καὶ ὑψώθη ἀπὸ τῆς γῆς.	kai̯ eɡeneto o kataklysmos tessarakonta ɛːmeras kai̯ tessarakonta nyktas epi tɛːs ɡɛːs kai̯ eplɛːtʰyntʰɛː to ydɔːr kai̯ epɛːren tɛːn kibɔːton kai̯ ypsɔːtʰɛː apo tɛːs ɡɛːs	KAI EGENETO O KATAKLUSMOS TESSARAKONTA EMERAS KAI TESSARAKONTA NUKTAS EPI TES GES KAI EPLETUNTE TO UDOR KAI EPEREN TEN KIBOTON KAI UPSOTE APO TES GES	ud_ancient_greek_ptnk	4th-5th c. CE (Codex Alexandrinus)	religious	translit_map
ud_ancient_greek_ptnk_Septuagint-Genesis-7:18-grc	καὶ ἐπεκράτει τὸ ὕδωρ, καὶ ἐπληθύνετο σφόδρα ἐπὶ τῆς γῆς· καὶ ἐπεφέρετο ἡ κιβωτὸς ἐπάνω τοῦ ὕδατος.	kai̯ epekrateː to ydɔːr kai̯ eplɛːtʰyneto spʰodra epi tɛːs ɡɛːs kai̯ epepʰereto ɛː kibɔːtos epanɔː tuː ydatos	KAI EPEKRATE TO UDOR KAI EPLETUNETO SPODRA EPI TES GES KAI EPEPERETO E KIBOTOS EPANO TU UDATOS	ud_ancient_greek_ptnk	4th-5th c. CE (Codex Alexandrinus)	religious	translit_map
ud_ancient_greek_ptnk_Septuagint-Genesis-7:19-grc	τὸ δὲ ὕδωρ ἐπεκράτει σφόδρα σφοδρῶς ἐπὶ τῆς γῆς· καὶ ἐπεκάλυψεν πάντα τὰ ὄρη τὰ ὑψηλά, ἃ ἦν ὑποκάτω τοῦ οὐρανοῦ.	to de ydɔːr epekrateː spʰodra spʰodrɔːs epi tɛːs ɡɛːs kai̯ epekalypsen panta ta orɛː ta ypsɛːla a ɛːn ypokatɔː tuː uːranuː	TO DE UDOR EPEKRATE SPODRA SPODROS EPI TES GES KAI EPEKALUPSEN PANTA TA ORE TA UPSELA A EN UPOKATO TU URANU	ud_ancient_greek_ptnk	4th-5th c. CE (Codex Alexandrinus)	religious	translit_map
ud_ancient_greek_ptnk_Septuagint-Genesis-7:20-grc	δέκα πέντε πήχεις ἐπάνω ὑψώθη τὸ ὕδωρ· καὶ ἐπεκάλυψεν πάντα τὰ ὄρη τὰ ὑψηλά.	deka pente pɛːkʰeːs epanɔː ypsɔːtʰɛː to ydɔːr kai̯ epekalypsen panta ta orɛː ta ypsɛːla	DEKA PENTE PEKES EPANO UPSOTE TO UDOR KAI EPEKALUPSEN PANTA TA ORE TA UPSELA	ud_ancient_greek_ptnk	4th-5th c. CE (Codex Alexandrinus)	religious	translit_map
ud_ancient_greek_ptnk_Septuagint-Genesis-7:21-grc	καὶ ἀπέθανεν πᾶσα σὰρξ κινουμένη ἐπὶ τῆς γῆς τῶν πετεινῶν, καὶ τῶν κτηνῶν, καὶ τῶν θηρίων· καὶ πᾶν ἑρπετὸν κινούμενον ἐπὶ τῆς γῆς, καὶ πᾶς ἄνθρωπος.	kai̯ apetʰanen pasa sarks kinuːmenɛː epi tɛːs ɡɛːs tɔːn peteːnɔːn kai̯ tɔːn ktɛːnɔːn kai̯ tɔːn tʰɛːriɔːn kai̯ pan erpeton kinuːmenon epi tɛːs ɡɛːs kai̯ pas antʰrɔːpos	KAI APETANEN PASA SARKS KINUMENE EPI TES GES TON PETENON KAI TON KTENON KAI TON TERION KAI PAN ERPETON KINUMENON EPI TES GES KAI PAS ANTROPOS	ud_ancient_greek_ptnk	4th-5th c. CE (Codex Alexandrinus)	religious	translit_map
ud_ancient_greek_ptnk_Septuagint-Genesis-7:22-grc	καὶ πάντα ὅσα ἔχει πνοὴν ζωῆς, καὶ πᾶς ὃς ἦν ἐπὶ τῆς ξηρᾶς, ἀπέθανεν.	kai̯ panta osa ekʰeː pnoɛːn zdɔːɛːs kai̯ pas os ɛːn epi tɛːs ksɛːras apetʰanen	KAI PANTA OSA EKE PNOEN SDOES KAI PAS OS EN EPI TES KSERAS APETANEN	ud_ancient_greek_ptnk	4th-5th c. CE (Codex Alexandrinus)	religious	translit_map
ud_ancient_greek_ptnk_Septuagint-Genesis-7:23-grc	καὶ ἐξήλειψεν πᾶν τὸ ἀνάστημα, ὃ ἦν ἐπὶ προσώπου πάσης τῆς γῆς, ἀπὸ ἀνθρώπου ἕως κτήνους, καὶ ἑρπετῶν, καὶ τῶν πετεινῶν τοῦ οὐρανοῦ· καὶ ἐξηλείφθησαν ἀπὸ τῆς γῆς· καὶ κατελείφθη μόνος Νῶε, καὶ οἱ μετ᾿ αὐτοῦ ἐν τῇ κιβωτῷ.	kai̯ eksɛːleːpsen pan to anastɛːma o ɛːn epi prosɔːpuː pasɛːs tɛːs ɡɛːs apo antʰrɔːpuː eɔːs ktɛːnuːs kai̯ erpetɔːn kai̯ tɔːn peteːnɔːn tuː uːranuː kai̯ eksɛːleːpʰtʰɛːsan apo tɛːs ɡɛːs kai̯ kateleːpʰtʰɛː monos nɔːe kai̯ oi̯ met au̯tuː en tɛː kibɔːtɔː	KAI EKSELEPSEN PAN TO ANASTEMA O EN EPI PROSOPU PASES TES GES APO ANTROPU EOS KTENUS KAI ERPETON KAI TON PETENON TU URANU KAI EKSELEPTESAN APO TES GES KAI KATELEPTE MONOS NOE KAI OI MET AUTU EN TE KIBOTO	ud_ancient_greek_ptnk	4th-5th c. CE (Codex Alexandrinus)	religious	translit_map
ud_ancient_greek_ptnk_Septuagint-Genesis-7:24-grc	καὶ ὑψώθη τὸ ὕδωρ ἐπὶ τῆς γῆς ἡμέρας ἑκατὸν πεντήκοντα.	kai̯ ypsɔːtʰɛː to ydɔːr epi tɛːs ɡɛːs ɛːmeras ekaton pentɛːkonta	KAI UPSOTE TO UDOR EPI TES GES EMERAS EKATON PENTEKONTA	ud_ancient_greek_ptnk	4th-5th c. CE (Codex Alexandrinus)	religious	translit_map
ud_ancient_greek_ptnk_Septuagint-Genesis-8:1-grc	καὶ ἐμνήσθη ὁ θεὸς τοῦ Νῶε, καὶ πάντων τῶν θηρίων, καὶ πάντων τῶν κτηνῶν, καὶ πάντων τῶν πετεινῶν, καὶ πάντων τῶν ἑρπετῶν, ὅσα ἦν μετ᾿ αὐτοῦ ἐν τῇ κιβωτῷ, καὶ ἐπήγαγεν ὁ θεὸς πνεῦμα ἐπὶ τὴν γῆν, καὶ ἐκόπασεν τὸ ὕδωρ.	kai̯ emnɛːstʰɛː o tʰeos tuː nɔːe kai̯ pantɔːn tɔːn tʰɛːriɔːn kai̯ pantɔːn tɔːn ktɛːnɔːn kai̯ pantɔːn tɔːn peteːnɔːn kai̯ pantɔːn tɔːn erpetɔːn osa ɛːn met au̯tuː en tɛː kibɔːtɔː kai̯ epɛːɡaɡen o tʰeos pneu̯ma epi tɛːn ɡɛːn kai̯ ekopasen to ydɔːr	KAI EMNESTE O TEOS TU NOE KAI PANTON TON TERION KAI PANTON TON KTENON KAI PANTON TON PETENON KAI PANTON TON ERPETON OSA EN MET AUTU EN TE KIBOTO KAI EPEGAGEN O TEOS PNEUMA EPI TEN GEN KAI EKOPASEN TO UDOR	ud_ancient_greek_ptnk	4th-5th c. CE (Codex Alexandrinus)	religious	translit_map
ud_ancient_greek_ptnk_Septuagint-Genesis-8:2-grc	καὶ ἐπεκαλύφθησαν αἱ πηγαὶ τῆς ἀβύσσου, καὶ οἱ καταρράκται τοῦ οὐρανοῦ, καὶ συνεσχέθη ὁ ὑετὸς ἀπὸ τοῦ οὐρανοῦ.	kai̯ epekalypʰtʰɛːsan ai̯ pɛːɡai̯ tɛːs abyssuː kai̯ oi̯ katarraktai̯ tuː uːranuː kai̯ syneskʰetʰɛː o yetos apo tuː uːranuː	KAI EPEKALUPTESAN AI PEGAI TES ABUSSU KAI OI KATARRAKTAI TU URANU KAI SUNESKETE O UETOS APO TU URANU	ud_ancient_greek_ptnk	4th-5th c. CE (Codex Alexandrinus)	religious	translit_map
ud_ancient_greek_ptnk_Septuagint-Genesis-8:3-grc	καὶ ἐνεδίδου τὸ ὕδωρ πορευόμενον ἀπὸ τῆς γῆς, ἐνεδίδου καὶ ἠλαττονοῦτο τὸ ὕδωρ μετὰ πεντήκοντα καὶ ἑκατὸν ἡμέρας.	kai̯ enediduː to ydɔːr poreu̯omenon apo tɛːs ɡɛːs enediduː kai̯ ɛːlattonuːto to ydɔːr meta pentɛːkonta kai̯ ekaton ɛːmeras	KAI ENEDIDU TO UDOR POREUOMENON APO TES GES ENEDIDU KAI ELATTONUTO TO UDOR META PENTEKONTA KAI EKATON EMERAS	ud_ancient_greek_ptnk	4th-5th c. CE (Codex Alexandrinus)	religious	translit_map
ud_ancient_greek_ptnk_Septuagint-Genesis-8:4-grc	καὶ ἐκάθισεν ἡ κιβωτὸς ἐν μηνὶ τῷ ἑβδόμῳ, ἑβδόμῃ καὶ εἰκάδι τοῦ μηνός, ἐπὶ τὰ ὄρη τὰ Ἀραράτ.	kai̯ ekatʰisen ɛː kibɔːtos en mɛːni tɔː ebdomɔː ebdomɛː kai̯ eːkadi tuː mɛːnos epi ta orɛː ta ararat	KAI EKATISEN E KIBOTOS EN MENI TO EBDOMO EBDOME KAI EKADI TU MENOS EPI TA ORE TA ARARAT	ud_ancient_greek_ptnk	4th-5th c. CE (Codex Alexandrinus)	religious	translit_map
ud_ancient_greek_ptnk_Septuagint-Genesis-8:5-grc	τὸ δὲ ὕδωρ πορευόμενον ἠλαττονοῦτο ἕως τοῦ δεκάτου μηνός· ἐν δὲ τῷ ἑνδεκάτῳ μηνί, τῇ πρώτῃ τοῦ μηνός, ὤφθησαν αἱ κεφαλαὶ τῶν ὀρέων.—	to de ydɔːr poreu̯omenon ɛːlattonuːto eɔːs tuː dekatuː mɛːnos en de tɔː endekatɔː mɛːni tɛː prɔːtɛː tuː mɛːnos ɔːpʰtʰɛːsan ai̯ kepʰalai̯ tɔːn oreɔːn	TO DE UDOR POREUOMENON ELATTONUTO EOS TU DEKATU MENOS EN DE TO ENDEKATO MENI TE PROTE TU MENOS OPTESAN AI KEPALAI TON OREON	ud_ancient_greek_ptnk	4th-5th c. CE (Codex Alexandrinus)	religious	translit_map
ud_ancient_greek_ptnk_Septuagint-Genesis-8:6-grc	καὶ ἐγένετο μετὰ τεσσαράκοντα ἡμέρας ἠνέῳξεν Νῶε τὴν θυρίδα τῆς κιβωτοῦ, ἣν ἐποίησεν.	kai̯ eɡeneto meta tessarakonta ɛːmeras ɛːneɔːksen nɔːe tɛːn tʰyrida tɛːs kibɔːtuː ɛːn epoi̯ɛːsen	KAI EGENETO META TESSARAKONTA EMERAS ENEOKSEN NOE TEN TURIDA TES KIBOTU EN EPOIESEN	ud_ancient_greek_ptnk	4th-5th c. CE (Codex Alexandrinus)	religious	translit_map
ud_ancient_greek_ptnk_Septuagint-Genesis-8:7-grc	καὶ ἀπέστειλεν τὸν κόρακα τοῦ ἰδεῖν εἰ κεκόπακεν τὸ ὕδωρ· καὶ ἐξελθὼν οὐχ ὑπέστρεψεν ἕως τοῦ ξηρανθῆναι τὸ ὕδωρ ἀπὸ τῆς γῆς.	kai̯ apesteːlen ton koraka tuː ideːn eː kekopaken to ydɔːr kai̯ ekseltʰɔːn uːkʰ ypestrepsen eɔːs tuː ksɛːrantʰɛːnai̯ to ydɔːr apo tɛːs ɡɛːs	KAI APESTELEN TON KORAKA TU IDEN E KEKOPAKEN TO UDOR KAI EKSELTON UK UPESTREPSEN EOS TU KSERANTENAI TO UDOR APO TES GES	ud_ancient_greek_ptnk	4th-5th c. CE (Codex Alexandrinus)	religious	translit_map
ud_ancient_greek_ptnk_Septuagint-Genesis-8:8-grc	καὶ ἀπέστειλεν τὴν περιστερὰν ὀπίσω αὐτοῦ, ἰδεῖν εἰ κεκόπακεν τὸ ὕδωρ ἀπὸ προσώπου τῆς γῆς.	kai̯ apesteːlen tɛːn peristeran opisɔː au̯tuː ideːn eː kekopaken to ydɔːr apo prosɔːpuː tɛːs ɡɛːs	KAI APESTELEN TEN PERISTERAN OPISO AUTU IDEN E KEKOPAKEN TO UDOR APO PROSOPU TES GES	ud_ancient_greek_ptnk	4th-5th c. CE (Codex Alexandrinus)	religious	translit_map
ud_ancient_greek_ptnk_Septuagint-Genesis-8:9-grc	καὶ οὐχ εὑροῦσα ἡ περιστερὰ ἀνάπαυσιν τοῖς ποσίν αὐτῆς, ὑπέστρεψεν πρὸς αὐτὸν εἰς τὴν κιβωτόν, ὅτι ὕδωρ ἦν ἐπὶ παντὶ προσώπῳ πάσης τῆς γῆς καὶ ἐκτείνας τὴν χεῖρα αὐτοῦ ἔλαβεν αὐτὴν καὶ εἰσήγαγεν αὐτὴν πρὸς ἑαυτὸν εἰς τὴν κιβωτόν.	kai̯ uːkʰ eu̯ruːsa ɛː peristera anapau̯sin toi̯s posin au̯tɛːs ypestrepsen pros au̯ton eːs tɛːn kibɔːton oti ydɔːr ɛːn epi panti prosɔːpɔː pasɛːs tɛːs ɡɛːs kai̯ ekteːnas tɛːn kʰeːra au̯tuː elaben au̯tɛːn kai̯ eːsɛːɡaɡen au̯tɛːn pros eau̯ton eːs tɛːn kibɔːton	KAI UK EURUSA E PERISTERA ANAPAUSIN TOIS POSIN AUTES UPESTREPSEN PROS AUTON ES TEN KIBOTON OTI UDOR EN EPI PANTI PROSOPO PASES TES GES KAI EKTENAS TEN KERA AUTU ELABEN AUTEN KAI ESEGAGEN AUTEN PROS EAUTON ES TEN KIBOTON	ud_ancient_greek_ptnk	4th-5th c. CE (Codex Alexandrinus)	religious	translit_map
ud_ancient_greek_ptnk_Septuagint-Genesis-8:10-grc	καὶ ἐπισχὼν ἔτι ἡμέρας ἑπτὰ ἑτέρας, πάλιν ἐξαπέστειλεν τὴν περιστερὰν ἐκ τῆς κιβωτοῦ·	kai̯ episkʰɔːn eti ɛːmeras epta eteras palin eksapesteːlen tɛːn peristeran ek tɛːs kibɔːtuː	KAI EPISKON ETI EMERAS EPTA ETERAS PALIN EKSAPESTELEN TEN PERISTERAN EK TES KIBOTU	ud_ancient_greek_ptnk	4th-5th c. CE (Codex Alexandrinus)	religious	translit_map
ud_ancient_greek_ptnk_Septuagint-Genesis-8:11-grc	καὶ ἀνέστρεψεν πρὸς αὐτὸν ἡ περιστερὰ τὸ πρὸς ἑσπέραν καὶ εἶχεν φύλλον ἐλαίας κάρφος ἐν τῷ στόματι αὐτῆς, καὶ ἔγνω Νῶε ὅτι κεκόπακεν τὸ ὕδωρ ἀπὸ τῆς γῆς.	kai̯ anestrepsen pros au̯ton ɛː peristera to pros esperan kai̯ eːkʰen pʰyllon elai̯as karpʰos en tɔː stomati au̯tɛːs kai̯ eɡnɔː nɔːe oti kekopaken to ydɔːr apo tɛːs ɡɛːs	KAI ANESTREPSEN PROS AUTON E PERISTERA TO PROS ESPERAN KAI EKEN PULLON ELAIAS KARPOS EN TO STOMATI AUTES KAI EGNO NOE OTI KEKOPAKEN TO UDOR APO TES GES	ud_ancient_greek_ptnk	4th-5th c. CE (Codex Alexandrinus)	religious	translit_map
ud_ancient_greek_ptnk_Septuagint-Genesis-8:12-grc	καὶ ἐπισχὼν ἔτι ἡμέρας ἑπτὰ ἑτέρας πάλιν ἐξαπέστειλεν τὴν περιστεράν καὶ οὐ προσέθετο τοῦ ἐπιστρέψαι πρὸς αὐτὸν ἔτι.—	kai̯ episkʰɔːn eti ɛːmeras epta eteras palin eksapesteːlen tɛːn peristeran kai̯ uː prosetʰeto tuː epistrepsai̯ pros au̯ton eti	KAI EPISKON ETI EMERAS EPTA ETERAS PALIN EKSAPESTELEN TEN PERISTERAN KAI U PROSETETO TU EPISTREPSAI PROS AUTON ETI	ud_ancient_greek_ptnk	4th-5th c. CE (Codex Alexandrinus)	religious	translit_map
ud_ancient_greek_ptnk_Septuagint-Genesis-8:13-grc	καὶ ἐγένετο ἐν τῷ ἑνὶ καὶ ἑξακοσιοστῷ ἔτει ἐν τῇ ζωῇ τοῦ Νῶε, τοῦ πρώτου μηνός, μιᾷ τοῦ μηνός, ἐξέλιπεν τὸ ὕδωρ ἀπὸ τῆς γῆς· καὶ ἀπεκάλυψεν Νῶε τὴν στέγην τῆς κιβωτοῦ ἣν ἐποίησεν, καὶ εἶδεν ὅτι ἐξέλιπεν τὸ ὕδωρ ἀπὸ προσώπου τῆς γῆς.	kai̯ eɡeneto en tɔː eni kai̯ eksakosiostɔː eteː en tɛː zdɔːɛː tuː nɔːe tuː prɔːtuː mɛːnos mia tuː mɛːnos ekselipen to ydɔːr apo tɛːs ɡɛːs kai̯ apekalypsen nɔːe tɛːn steɡɛːn tɛːs kibɔːtuː ɛːn epoi̯ɛːsen kai̯ eːden oti ekselipen to ydɔːr apo prosɔːpuː tɛːs ɡɛːs	KAI EGENETO EN TO ENI KAI EKSAKOSIOSTO ETE EN TE SDOE TU NOE TU PROTU MENOS MIA TU MENOS EKSELIPEN TO UDOR APO TES GES KAI APEKALUPSEN NOE TEN STEGEN TES KIBOTU EN EPOIESEN KAI EDEN OTI EKSELIPEN TO UDOR APO PROSOPU TES GES	ud_ancient_greek_ptnk	4th-5th c. CE (Codex Alexandrinus)	religious	translit_map
ud_ancient_greek_ptnk_Septuagint-Genesis-8:14-grc	ἐν δὲ τῷ μηνὶ τῷ δευτέρῳ, ἑβδόμῃ καὶ εἰκάδι τοῦ μηνός, ἐξηράνθη ἡ γῆ.	en de tɔː mɛːni tɔː deu̯terɔː ebdomɛː kai̯ eːkadi tuː mɛːnos eksɛːrantʰɛː ɛː ɡɛː	EN DE TO MENI TO DEUTERO EBDOME KAI EKADI TU MENOS EKSERANTE E GE	ud_ancient_greek_ptnk	4th-5th c. CE (Codex Alexandrinus)	religious	translit_map
ud_ancient_greek_ptnk_Septuagint-Genesis-8:15-grc	καὶ εἶπεν κύριος ὁ θεὸς τῷ Νῶε λέγων,	kai̯ eːpen kyrios o tʰeos tɔː nɔːe leɡɔːn	KAI EPEN KURIOS O TEOS TO NOE LEGON	ud_ancient_greek_ptnk	4th-5th c. CE (Codex Alexandrinus)	religious	translit_map
ud_ancient_greek_ptnk_Septuagint-Genesis-8:16-grc	ἔξελθε ἐκ τῆς κιβωτοῦ, σὺ καὶ ἡ γυνή σου καὶ οἱ υἱοί σου καὶ αἱ γυναῖκες τῶν υἱῶν σου μετὰ σου	ekseltʰe ek tɛːs kibɔːtuː sy kai̯ ɛː ɡynɛː suː kai̯ oi̯ yi̯oi̯ suː kai̯ ai̯ ɡynai̯kes tɔːn yi̯ɔːn suː meta suː	EKSELTE EK TES KIBOTU SU KAI E GUNE SU KAI OI UIOI SU KAI AI GUNAIKES TON UION SU META SU	ud_ancient_greek_ptnk	4th-5th c. CE (Codex Alexandrinus)	religious	translit_map
ud_ancient_greek_ptnk_Septuagint-Genesis-8:17-grc	καὶ πάντα τὰ θηρία, ὅσα ἐστὶν μετὰ σου, καὶ πᾶσα σὰρξ ἀπὸ πετεινῶν ἕως κτηνῶν, καὶ πᾶν ἑρπετὸν κινούμενον ἐπὶ τῆς γῆς ἐξάγαγε μετὰ σεαυτοῦ· καὶ αὐξάνεσθε καὶ πληθύνεσθε ἐπὶ τῆς γῆς.	kai̯ panta ta tʰɛːria osa estin meta suː kai̯ pasa sarks apo peteːnɔːn eɔːs ktɛːnɔːn kai̯ pan erpeton kinuːmenon epi tɛːs ɡɛːs eksaɡaɡe meta seau̯tuː kai̯ au̯ksanestʰe kai̯ plɛːtʰynestʰe epi tɛːs ɡɛːs	KAI PANTA TA TERIA OSA ESTIN META SU KAI PASA SARKS APO PETENON EOS KTENON KAI PAN ERPETON KINUMENON EPI TES GES EKSAGAGE META SEAUTU KAI AUKSANESTE KAI PLETUNESTE EPI TES GES	ud_ancient_greek_ptnk	4th-5th c. CE (Codex Alexandrinus)	religious	translit_map
ud_ancient_greek_ptnk_Septuagint-Genesis-8:18-grc	καὶ ἐξῆλθεν Νῶε καὶ ἡ γυνὴ αὐτοῦ καὶ οἱ υἱοὶ αὐτοῦ καὶ αἱ γυναῖκες τῶν υἱῶν αὐτοῦ μετ᾿ αὐτοῦ,	kai̯ eksɛːltʰen nɔːe kai̯ ɛː ɡynɛː au̯tuː kai̯ oi̯ yi̯oi̯ au̯tuː kai̯ ai̯ ɡynai̯kes tɔːn yi̯ɔːn au̯tuː met au̯tuː	KAI EKSELTEN NOE KAI E GUNE AUTU KAI OI UIOI AUTU KAI AI GUNAIKES TON UION AUTU MET AUTU	ud_ancient_greek_ptnk	4th-5th c. CE (Codex Alexandrinus)	religious	translit_map
ud_ancient_greek_ptnk_Septuagint-Genesis-8:19-grc	καὶ πάντα τὰ θηρία καὶ πάντα τὰ κτήνη καὶ πᾶν πετεινὸν καὶ πᾶν ἑρπετὸν κινούμενον ἐπὶ τῆς γῆς κατὰ γένος αὐτῶν ἐξήλθοσαν ἐκ τῆς κιβωτοῦ.	kai̯ panta ta tʰɛːria kai̯ panta ta ktɛːnɛː kai̯ pan peteːnon kai̯ pan erpeton kinuːmenon epi tɛːs ɡɛːs kata ɡenos au̯tɔːn eksɛːltʰosan ek tɛːs kibɔːtuː	KAI PANTA TA TERIA KAI PANTA TA KTENE KAI PAN PETENON KAI PAN ERPETON KINUMENON EPI TES GES KATA GENOS AUTON EKSELTOSAN EK TES KIBOTU	ud_ancient_greek_ptnk	4th-5th c. CE (Codex Alexandrinus)	religious	translit_map
ud_ancient_greek_ptnk_Septuagint-Genesis-8:20-grc	καὶ ᾠκοδόμησεν Νῶε θυσιαστήριον τῷ θεῷ καὶ ἔλαβεν ἀπὸ πάντων τῶν κτηνῶν τῶν καθαρῶν καὶ ἀπὸ πάντων τῶν πετεινῶν τῶν καθαρῶν καὶ ἀνήνεγκεν ὁλοκαρπώσεις ἐπὶ τὸ θυσιαστήριον.	kai̯ ɔːkodomɛːsen nɔːe tʰysiastɛːrion tɔː tʰeɔː kai̯ elaben apo pantɔːn tɔːn ktɛːnɔːn tɔːn katʰarɔːn kai̯ apo pantɔːn tɔːn peteːnɔːn tɔːn katʰarɔːn kai̯ anɛːneŋken olokarpɔːseːs epi to tʰysiastɛːrion	KAI OKODOMESEN NOE TUSIASTERION TO TEO KAI ELABEN APO PANTON TON KTENON TON KATARON KAI APO PANTON TON PETENON TON KATARON KAI ANENENKEN OLOKARPOSES EPI TO TUSIASTERION	ud_ancient_greek_ptnk	4th-5th c. CE (Codex Alexandrinus)	religious	translit_map
ud_ancient_greek_ptnk_Septuagint-Genesis-8:21-grc	καὶ ὠσφράνθη κύριος ὁ θεὸς ὀσμὴν εὐωδίας, καὶ εἶπεν κύριος ὁ θεὸς διανοηθείς, οὐ προσθήσω ἔτι τοῦ καταράσασθαι τὴν γῆν διὰ τὰ ἔργα τῶν ἀνθρώπων, ὅτι ἔγκειται ἡ διάνοια τοῦ ἀνθρώπου ἐπιμελῶς ἐπὶ τὰ πονηρὰ ἐκ νεότητος· οὐ προσθήσω οὖν ἔτι πατάξαι πᾶσαν σάρκα ζῶσαν, καθὼς ἐποίησα.	kai̯ ɔːspʰrantʰɛː kyrios o tʰeos osmɛːn eu̯ɔːdias kai̯ eːpen kyrios o tʰeos dianoɛːtʰeːs uː prostʰɛːsɔː eti tuː katarasastʰai̯ tɛːn ɡɛːn dia ta erɡa tɔːn antʰrɔːpɔːn oti eŋkeːtai̯ ɛː dianoi̯a tuː antʰrɔːpuː epimelɔːs epi ta ponɛːra ek neotɛːtos uː prostʰɛːsɔː uːn eti pataksai̯ pasan sarka zdɔːsan katʰɔːs epoi̯ɛːsa	KAI OSPRANTE KURIOS O TEOS OSMEN EUODIAS KAI EPEN KURIOS O TEOS DIANOETES U PROSTESO ETI TU KATARASASTAI TEN GEN DIA TA ERGA TON ANTROPON OTI ENKETAI E DIANOIA TU ANTROPU EPIMELOS EPI TA PONERA EK NEOTETOS U PROSTESO UN ETI PATAKSAI PASAN SARKA SDOSAN KATOS EPOIESA	ud_ancient_greek_ptnk	4th-5th c. CE (Codex Alexandrinus)	religious	translit_map
ud_ancient_greek_ptnk_Septuagint-Genesis-8:22-grc	πάσας τὰς ἡμέρας τῆς γῆς σπέρμα καὶ θερισμός, ψῦχος καὶ καῦμα, θέρος καὶ ἔαρ ἡμέραν καὶ νύκτα οὐ καταπαύσουσιν.	pasas tas ɛːmeras tɛːs ɡɛːs sperma kai̯ tʰerismos psykʰos kai̯ kau̯ma tʰeros kai̯ ear ɛːmeran kai̯ nykta uː katapau̯suːsin	PASAS TAS EMERAS TES GES SPERMA KAI TERISMOS PSUKOS KAI KAUMA TEROS KAI EAR EMERAN KAI NUKTA U KATAPAUSUSIN	ud_ancient_greek_ptnk	4th-5th c. CE (Codex Alexandrinus)	religious	translit_map
ud_ancient_greek_ptnk_Septuagint-Genesis-9:1-grc	καὶ ηὐλόγησεν ὁ θεὸς τὸν Νῶε καὶ τοὺς υἱοὺς αὐτοῦ καὶ εἶπεν αὐτοῖς, αὐξάνεσθε καὶ πληθύνεσθε καὶ πληρώσατε τὴν γῆν καὶ κατακυριεύσατε αὐτῆς.	kai̯ ɛːyloɡɛːsen o tʰeos ton nɔːe kai̯ tuːs yi̯uːs au̯tuː kai̯ eːpen au̯toi̯s au̯ksanestʰe kai̯ plɛːtʰynestʰe kai̯ plɛːrɔːsate tɛːn ɡɛːn kai̯ katakyrieu̯sate au̯tɛːs	KAI EULOGESEN O TEOS TON NOE KAI TUS UIUS AUTU KAI EPEN AUTOIS AUKSANESTE KAI PLETUNESTE KAI PLEROSATE TEN GEN KAI KATAKURIEUSATE AUTES	ud_ancient_greek_ptnk	4th-5th c. CE (Codex Alexandrinus)	religious	translit_map
ud_ancient_greek_ptnk_Septuagint-Genesis-9:2-grc	καὶ ὁ τρόμος ὑμῶν καὶ ὁ φόβος ἔσται ἐπὶ πᾶσιν τοῖς θηρίοις τῆς γῆς καὶ ἐπὶ πάντα τὰ ὄρνεα τοῦ οὐρανοῦ καὶ ἐπὶ πάντα τὰ κινούμενα ἐπὶ τῆς γῆς καὶ ἐπὶ πάντας τοὺς ἰχθύας τῆς θαλάσσης· ὑπὸ χεῖρας ὑμῖν δέδωκα.	kai̯ o tromos ymɔːn kai̯ o pʰobos estai̯ epi pasin toi̯s tʰɛːrioi̯s tɛːs ɡɛːs kai̯ epi panta ta ornea tuː uːranuː kai̯ epi panta ta kinuːmena epi tɛːs ɡɛːs kai̯ epi pantas tuːs ikʰtʰyas tɛːs tʰalassɛːs ypo kʰeːras ymin dedɔːka	KAI O TROMOS UMON KAI O POBOS ESTAI EPI PASIN TOIS TERIOIS TES GES KAI EPI PANTA TA ORNEA TU URANU KAI EPI PANTA TA KINUMENA EPI TES GES KAI EPI PANTAS TUS IKTUAS TES TALASSES UPO KERAS UMIN DEDOKA	ud_ancient_greek_ptnk	4th-5th c. CE (Codex Alexandrinus)	religious	translit_map
ud_ancient_greek_ptnk_Septuagint-Genesis-9:3-grc	καὶ πᾶν ἑρπετόν, ὅ ἐστιν ζῶν, ὑμῖν ἔσται εἰς βρῶσιν· ὡς λάχανα χόρτου δέδωκα ὑμῖν τὰ πάντα.	kai̯ pan erpeton o estin zdɔːn ymin estai̯ eːs brɔːsin ɔːs lakʰana kʰortuː dedɔːka ymin ta panta	KAI PAN ERPETON O ESTIN SDON UMIN ESTAI ES BROSIN OS LAKANA KORTU DEDOKA UMIN TA PANTA	ud_ancient_greek_ptnk	4th-5th c. CE (Codex Alexandrinus)	religious	translit_map
ud_ancient_greek_ptnk_Septuagint-Genesis-9:4-grc	πλὴν κρέας ἐν αἵματι ψυχῆς οὐ φάγεσθε·	plɛːn kreas en ai̯mati psykʰɛːs uː pʰaɡestʰe	PLEN KREAS EN AIMATI PSUKES U PAGESTE	ud_ancient_greek_ptnk	4th-5th c. CE (Codex Alexandrinus)	religious	translit_map
ud_ancient_greek_ptnk_Septuagint-Genesis-9:5-grc	καὶ γὰρ τὸ ὑμέτερον αἷμα τῶν ψυχῶν ὑμῶν ἐκζητήσω, ἐκ χειρὸς πάντων τῶν θηρίων ἐκζητήσω αὐτὸ καὶ ἐκ χειρὸς ἀνθρώπου ἀδελφοῦ ἐκζητήσω τὴν ψυχὴν τοῦ ἀνθρώπου.	kai̯ ɡar to ymeteron ai̯ma tɔːn psykʰɔːn ymɔːn ekzdɛːtɛːsɔː ek kʰeːros pantɔːn tɔːn tʰɛːriɔːn ekzdɛːtɛːsɔː au̯to kai̯ ek kʰeːros antʰrɔːpuː adelpʰuː ekzdɛːtɛːsɔː tɛːn psykʰɛːn tuː antʰrɔːpuː	KAI GAR TO UMETERON AIMA TON PSUKON UMON EKSDETESO EK KEROS PANTON TON TERION EKSDETESO AUTO KAI EK KEROS ANTROPU ADELPU EKSDETESO TEN PSUKEN TU ANTROPU	ud_ancient_greek_ptnk	4th-5th c. CE (Codex Alexandrinus)	religious	translit_map
ud_ancient_greek_ptnk_Septuagint-Genesis-9:6-grc	ὁ ἐκχέων αἷμα ἀνθρώπου ἀντὶ τοῦ αἵματος αὐτοῦ ἐκχυθήσεται, ὅτι ἐν εἰκόνι θεοῦ ἐποίησα τὸν ἄνθρωπον.	o ekkʰeɔːn ai̯ma antʰrɔːpuː anti tuː ai̯matos au̯tuː ekkʰytʰɛːsetai̯ oti en eːkoni tʰeuː epoi̯ɛːsa ton antʰrɔːpon	O EKKEON AIMA ANTROPU ANTI TU AIMATOS AUTU EKKUTESETAI OTI EN EKONI TEU EPOIESA TON ANTROPON	ud_ancient_greek_ptnk	4th-5th c. CE (Codex Alexandrinus)	religious	translit_map
ud_ancient_greek_ptnk_Septuagint-Genesis-9:7-grc	ὑμεῖς δὲ αὐξάνεσθε καὶ πληθύνεσθε καὶ πληρώσατε τὴν γῆν καὶ πληθύνεσθε ἐπ᾿ αὐτῆς.	ymeːs de au̯ksanestʰe kai̯ plɛːtʰynestʰe kai̯ plɛːrɔːsate tɛːn ɡɛːn kai̯ plɛːtʰynestʰe ep au̯tɛːs	UMES DE AUKSANESTE KAI PLETUNESTE KAI PLEROSATE TEN GEN KAI PLETUNESTE EP AUTES	ud_ancient_greek_ptnk	4th-5th c. CE (Codex Alexandrinus)	religious	translit_map
ud_ancient_greek_ptnk_Septuagint-Genesis-9:8-grc	καὶ εἶπεν ὁ θεὸς τῷ Νῶε καὶ τοῖς υἱοῖς αὐτοῦ μετ᾿ αὐτοῦ λέγων,	kai̯ eːpen o tʰeos tɔː nɔːe kai̯ toi̯s yi̯oi̯s au̯tuː met au̯tuː leɡɔːn	KAI EPEN O TEOS TO NOE KAI TOIS UIOIS AUTU MET AUTU LEGON	ud_ancient_greek_ptnk	4th-5th c. CE (Codex Alexandrinus)	religious	translit_map
ud_ancient_greek_ptnk_Septuagint-Genesis-9:9-10-grc	ἐγὼ ἰδοὺ ἀνίστημι τὴν διαθήκην μου ὑμῖν καὶ τῷ σπέρματι ὑμῶν μεθ᾿ ὑμᾶς καὶ πάσῃ ψυχῇ τῇ ζώσῃ μεθ᾿ ὑμῶν ἀπὸ ὀρνέων καὶ ἀπὸ κτηνῶν καὶ πᾶσι τοῖς θηρίοις τῆς γῆς, ὅσα μεθ᾿ ὑμῶν, ἀπὸ πάντων τῶν ἐξελθόντων ἐκ τῆς κιβωτοῦ.	eɡɔː iduː anistɛːmi tɛːn diatʰɛːkɛːn muː ymin kai̯ tɔː spermati ymɔːn metʰ ymas kai̯ pasɛː psykʰɛː tɛː zdɔːsɛː metʰ ymɔːn apo orneɔːn kai̯ apo ktɛːnɔːn kai̯ pasi toi̯s tʰɛːrioi̯s tɛːs ɡɛːs osa metʰ ymɔːn apo pantɔːn tɔːn ekseltʰontɔːn ek tɛːs kibɔːtuː	EGO IDU ANISTEMI TEN DIATEKEN MU UMIN KAI TO SPERMATI UMON MET UMAS KAI PASE PSUKE TE SDOSE MET UMON APO ORNEON KAI APO KTENON KAI PASI TOIS TERIOIS TES GES OSA MET UMON APO PANTON TON EKSELTONTON EK TES KIBOTU	ud_ancient_greek_ptnk	4th-5th c. CE (Codex Alexandrinus)	religious	translit_map
ud_ancient_greek_ptnk_Septuagint-Genesis-9:11-grc	καὶ στήσω τὴν διαθήκην μου πρὸς ὑμᾶς, καὶ οὐκ ἀποθανεῖται πᾶσα σὰρξ ἔτι ἀπὸ τοῦ ὕδατος τοῦ κατακλυσμοῦ, καὶ οὐκ ἔσται ἔτι κατακλυσμὸς ὕδατος τοῦ καταφθεῖραι πᾶσαν τὴν γῆν.	kai̯ stɛːsɔː tɛːn diatʰɛːkɛːn muː pros ymas kai̯ uːk apotʰaneːtai̯ pasa sarks eti apo tuː ydatos tuː kataklysmuː kai̯ uːk estai̯ eti kataklysmos ydatos tuː katapʰtʰeːrai̯ pasan tɛːn ɡɛːn	KAI STESO TEN DIATEKEN MU PROS UMAS KAI UK APOTANETAI PASA SARKS ETI APO TU UDATOS TU KATAKLUSMU KAI UK ESTAI ETI KATAKLUSMOS UDATOS TU KATAPTERAI PASAN TEN GEN	ud_ancient_greek_ptnk	4th-5th c. CE (Codex Alexandrinus)	religious	translit_map
ud_ancient_greek_ptnk_Septuagint-Genesis-9:12-grc	καὶ εἶπεν κύριος ὁ θεὸς πρὸς Νῶε, τοῦτο τὸ σημεῖον τῆς διαθήκης, ὃ ἐγὼ δίδωμι ἀνὰ μέσον ἐμοῦ καὶ ὑμῶν καὶ ἀνὰ μέσον πάσης ψυχῆς ζώσης, ἥ ἐστιν μεθ᾿ ὑμῶν εἰς γενεὰς αἰωνίους·	kai̯ eːpen kyrios o tʰeos pros nɔːe tuːto to sɛːmeːon tɛːs diatʰɛːkɛːs o eɡɔː didɔːmi ana meson emuː kai̯ ymɔːn kai̯ ana meson pasɛːs psykʰɛːs zdɔːsɛːs ɛː estin metʰ ymɔːn eːs ɡeneas ai̯ɔːniuːs	KAI EPEN KURIOS O TEOS PROS NOE TUTO TO SEMEON TES DIATEKES O EGO DIDOMI ANA MESON EMU KAI UMON KAI ANA MESON PASES PSUKES SDOSES E ESTIN MET UMON ES GENEAS AIONIUS	ud_ancient_greek_ptnk	4th-5th c. CE (Codex Alexandrinus)	religious	translit_map
ud_ancient_greek_ptnk_Septuagint-Genesis-9:13-grc	τὸ τόξον μου τίθημι ἐν τῇ νεφέλῃ, καὶ ἔσται εἰς σημεῖον διαθήκης ἀνὰ μέσον ἐμοῦ καὶ τῆς γῆς.	to tokson muː titʰɛːmi en tɛː nepʰelɛː kai̯ estai̯ eːs sɛːmeːon diatʰɛːkɛːs ana meson emuː kai̯ tɛːs ɡɛːs	TO TOKSON MU TITEMI EN TE NEPELE KAI ESTAI ES SEMEON DIATEKES ANA MESON EMU KAI TES GES	ud_ancient_greek_ptnk	4th-5th c. CE (Codex Alexandrinus)	religious	translit_map
ud_ancient_greek_ptnk_Septuagint-Genesis-9:14-grc	καὶ ἔσται ἐν τῷ συννεφεῖν με νεφέλας ἐπὶ τὴν γῆν ὀφθήσεται τὸ τόξον μου ἐν τῇ νεφέλῃ,	kai̯ estai̯ en tɔː synnepʰeːn me nepʰelas epi tɛːn ɡɛːn opʰtʰɛːsetai̯ to tokson muː en tɛː nepʰelɛː	KAI ESTAI EN TO SUNNEPEN ME NEPELAS EPI TEN GEN OPTESETAI TO TOKSON MU EN TE NEPELE	ud_ancient_greek_ptnk	4th-5th c. CE (Codex Alexandrinus)	religious	translit_map
ud_ancient_greek_ptnk_Septuagint-Genesis-9:15-grc	καὶ μνησθήσομαι τῆς διαθήκης μου, ἥ ἐστιν ἀνὰ μέσον ἐμοῦ καὶ ὑμῶν καὶ ἀνὰ μέσον πάσης ψυχῆς ζώσης ἐν πάσῃ σαρκί, καὶ οὐκ ἔσται ἔτι τὸ ὕδωρ εἰς κατακλυσμὸν ὥστε ἐξαλεῖψαι πᾶσαν σάρκα.	kai̯ mnɛːstʰɛːsomai̯ tɛːs diatʰɛːkɛːs muː ɛː estin ana meson emuː kai̯ ymɔːn kai̯ ana meson pasɛːs psykʰɛːs zdɔːsɛːs en pasɛː sarki kai̯ uːk estai̯ eti to ydɔːr eːs kataklysmon ɔːste eksaleːpsai̯ pasan sarka	KAI MNESTESOMAI TES DIATEKES MU E ESTIN ANA MESON EMU KAI UMON KAI ANA MESON PASES PSUKES SDOSES EN PASE SARKI KAI UK ESTAI ETI TO UDOR ES KATAKLUSMON OSTE EKSALEPSAI PASAN SARKA	ud_ancient_greek_ptnk	4th-5th c. CE (Codex Alexandrinus)	religious	translit_map
ud_ancient_greek_ptnk_Septuagint-Genesis-9:16-grc	καὶ ἔσται τὸ τόξον μου ἐν τῇ νεφέλῃ, καὶ ὄψομαι τοῦ μνησθῆναι διαθήκην αἰώνιον ἀνὰ μέσον ἐμοῦ καὶ ἀνὰ μέσον πάσης ψυχῆς ζώσης ἐν πάσῃ σαρκί, ἥ ἐστιν ἐπὶ τῆς γῆς.	kai̯ estai̯ to tokson muː en tɛː nepʰelɛː kai̯ opsomai̯ tuː mnɛːstʰɛːnai̯ diatʰɛːkɛːn ai̯ɔːnion ana meson emuː kai̯ ana meson pasɛːs psykʰɛːs zdɔːsɛːs en pasɛː sarki ɛː estin epi tɛːs ɡɛːs	KAI ESTAI TO TOKSON MU EN TE NEPELE KAI OPSOMAI TU MNESTENAI DIATEKEN AIONION ANA MESON EMU KAI ANA MESON PASES PSUKES SDOSES EN PASE SARKI E ESTIN EPI TES GES	ud_ancient_greek_ptnk	4th-5th c. CE (Codex Alexandrinus)	religious	translit_map
ud_ancient_greek_ptnk_Septuagint-Genesis-9:17-grc	καὶ εἶπεν ὁ θεὸς τῷ Νῶε, τοῦτο τὸ σημεῖον τῆς διαθήκης, ἧς διεθέμην ἀνὰ μέσον ἐμοῦ καὶ ἀνὰ μέσον πάσης σαρκός, ἥ ἐστιν ἐπὶ τῆς γῆς.	kai̯ eːpen o tʰeos tɔː nɔːe tuːto to sɛːmeːon tɛːs diatʰɛːkɛːs ɛːs dietʰemɛːn ana meson emuː kai̯ ana meson pasɛːs sarkos ɛː estin epi tɛːs ɡɛːs	KAI EPEN O TEOS TO NOE TUTO TO SEMEON TES DIATEKES ES DIETEMEN ANA MESON EMU KAI ANA MESON PASES SARKOS E ESTIN EPI TES GES	ud_ancient_greek_ptnk	4th-5th c. CE (Codex Alexandrinus)	religious	translit_map
ud_ancient_greek_ptnk_Septuagint-Genesis-9:18-grc	ἦσαν δὲ οἱ υἱοὶ Νῶε οἱ ἐξελθόντες ἐκ τῆς κιβωτοῦ Σήμ, Χάμ, Ἰάφεθ· Χὰμ ἦν πατὴρ Χαναάν.	ɛːsan de oi̯ yi̯oi̯ nɔːe oi̯ ekseltʰontes ek tɛːs kibɔːtuː sɛːm kʰam iapʰetʰ kʰam ɛːn patɛːr kʰanaan	ESAN DE OI UIOI NOE OI EKSELTONTES EK TES KIBOTU SEM KAM IAPET KAM EN PATER KANAAN	ud_ancient_greek_ptnk	4th-5th c. CE (Codex Alexandrinus)	religious	translit_map
ud_ancient_greek_ptnk_Septuagint-Genesis-9:19-grc	τρεῖς οὗτοί εἰσιν οἱ υἱοὶ Νῶε· ἀπὸ τούτων διεσπάρησαν ἐπὶ πᾶσαν τὴν γῆν.	treːs uːtoi̯ eːsin oi̯ yi̯oi̯ nɔːe apo tuːtɔːn diesparɛːsan epi pasan tɛːn ɡɛːn	TRES UTOI ESIN OI UIOI NOE APO TUTON DIESPARESAN EPI PASAN TEN GEN	ud_ancient_greek_ptnk	4th-5th c. CE (Codex Alexandrinus)	religious	translit_map
ud_ancient_greek_ptnk_Septuagint-Genesis-9:20-grc	καὶ ἤρξατο Νῶε ἄνθρωπος γεωργὸς γῆς καὶ ἐφύτευσεν ἀμπελῶνα.	kai̯ ɛːrksato nɔːe antʰrɔːpos ɡeɔːrɡos ɡɛːs kai̯ epʰyteu̯sen ampelɔːna	KAI ERKSATO NOE ANTROPOS GEORGOS GES KAI EPUTEUSEN AMPELONA	ud_ancient_greek_ptnk	4th-5th c. CE (Codex Alexandrinus)	religious	translit_map
ud_ancient_greek_ptnk_Septuagint-Genesis-9:21-grc	καὶ ἔπιεν ἐκ τοῦ οἴνου καὶ ἐμεθύσθη καὶ ἐγυμνώθη ἐν τῷ οἴκῳ αὐτοῦ.	kai̯ epien ek tuː oi̯nuː kai̯ emetʰystʰɛː kai̯ eɡymnɔːtʰɛː en tɔː oi̯kɔː au̯tuː	KAI EPIEN EK TU OINU KAI EMETUSTE KAI EGUMNOTE EN TO OIKO AUTU	ud_ancient_greek_ptnk	4th-5th c. CE (Codex Alexandrinus)	religious	translit_map
ud_ancient_greek_ptnk_Septuagint-Genesis-9:22-grc	καὶ εἶδεν Χὰμ ὁ πατὴρ Χαναὰν τὴν γύμνωσιν τοῦ πατρὸς αὐτοῦ καὶ ἐξελθὼν ἀνήγγειλεν τοῖς δυσὶν ἀδελφοῖς αὐτοῦ ἔξω.	kai̯ eːden kʰam o patɛːr kʰanaan tɛːn ɡymnɔːsin tuː patros au̯tuː kai̯ ekseltʰɔːn anɛːŋɡeːlen toi̯s dysin adelpʰoi̯s au̯tuː eksɔː	KAI EDEN KAM O PATER KANAAN TEN GUMNOSIN TU PATROS AUTU KAI EKSELTON ANENGELEN TOIS DUSIN ADELPOIS AUTU EKSO	ud_ancient_greek_ptnk	4th-5th c. CE (Codex Alexandrinus)	religious	translit_map
ud_ancient_greek_ptnk_Septuagint-Genesis-9:23-grc	καὶ λαβόντες Σὴμ καὶ Ἰάφεθ τὸ ἱμάτιον ἐπέθεντο ἐπὶ τὰ δύο νῶτα αὐτῶν, καὶ ἐπορεύθησαν ὀπισθοφανῶς, καὶ συνεκάλυψαν τὴν γύμνωσιν τοῦ πατρὸς αὐτῶν καὶ τὸ πρόσωπον αὐτῶν ὀπισθοφανές καὶ τὴν γύμνωσιν τοῦ πατρὸς αὐτῶν οὐκ εἶδον.	kai̯ labontes sɛːm kai̯ iapʰetʰ to imation epetʰento epi ta dyo nɔːta au̯tɔːn kai̯ eporeu̯tʰɛːsan opistʰopʰanɔːs kai̯ synekalypsan tɛːn ɡymnɔːsin tuː patros au̯tɔːn kai̯ to prosɔːpon au̯tɔːn opistʰopʰanes kai̯ tɛːn ɡymnɔːsin tuː patros au̯tɔːn uːk eːdon	KAI LABONTES SEM KAI IAPET TO IMATION EPETENTO EPI TA DUO NOTA AUTON KAI EPOREUTESAN OPISTOPANOS KAI SUNEKALUPSAN TEN GUMNOSIN TU PATROS AUTON KAI TO PROSOPON AUTON OPISTOPANES KAI TEN GUMNOSIN TU PATROS AUTON UK EDON	ud_ancient_greek_ptnk	4th-5th c. CE (Codex Alexandrinus)	religious	translit_map
ud_ancient_greek_ptnk_Septuagint-Genesis-9:24-grc	ἐξένηψεν δὲ Νῶε ἀπὸ τοῦ οἴνου καὶ ἔγνω ὅσα ἐποίησεν αὐτῷ ὁ υἱὸς αὐτοῦ ὁ νεώτερος,	eksenɛːpsen de nɔːe apo tuː oi̯nuː kai̯ eɡnɔː osa epoi̯ɛːsen au̯tɔː o yi̯os au̯tuː o neɔːteros	EKSENEPSEN DE NOE APO TU OINU KAI EGNO OSA EPOIESEN AUTO O UIOS AUTU O NEOTEROS	ud_ancient_greek_ptnk	4th-5th c. CE (Codex Alexandrinus)	religious	translit_map
ud_ancient_greek_ptnk_Septuagint-Genesis-9:25-grc	καὶ εἶπεν, ἐπικατάρατος Χαναάν· παῖς οἰκέτης ἔσται τοῖς ἀδελφοῖς αὐτοῦ.	kai̯ eːpen epikataratos kʰanaan pai̯s oi̯ketɛːs estai̯ toi̯s adelpʰoi̯s au̯tuː	KAI EPEN EPIKATARATOS KANAAN PAIS OIKETES ESTAI TOIS ADELPOIS AUTU	ud_ancient_greek_ptnk	4th-5th c. CE (Codex Alexandrinus)	religious	translit_map
ud_ancient_greek_ptnk_Septuagint-Genesis-9:26-grc	καὶ εἶπεν, εὐλογητὸς κύριος ὁ θεὸς τοῦ Σήμ, καὶ ἔσται Χαναὰν παῖς αὐτοῦ	kai̯ eːpen eu̯loɡɛːtos kyrios o tʰeos tuː sɛːm kai̯ estai̯ kʰanaan pai̯s au̯tuː	KAI EPEN EULOGETOS KURIOS O TEOS TU SEM KAI ESTAI KANAAN PAIS AUTU	ud_ancient_greek_ptnk	4th-5th c. CE (Codex Alexandrinus)	religious	translit_map
ud_ancient_greek_ptnk_Septuagint-Genesis-9:27-grc	πλατύναι ὁ θεὸς τῷ Ἰάφεθ καὶ κατοικησάτω ἐν τοῖς οἴκοις τοῦ Σήμ, καὶ γενηθήτω Χαναὰν παῖς αὐτῶν.	platynai̯ o tʰeos tɔː iapʰetʰ kai̯ katoi̯kɛːsatɔː en toi̯s oi̯koi̯s tuː sɛːm kai̯ ɡenɛːtʰɛːtɔː kʰanaan pai̯s au̯tɔːn	PLATUNAI O TEOS TO IAPET KAI KATOIKESATO EN TOIS OIKOIS TU SEM KAI GENETETO KANAAN PAIS AUTON	ud_ancient_greek_ptnk	4th-5th c. CE (Codex Alexandrinus)	religious	translit_map
ud_ancient_greek_ptnk_Septuagint-Genesis-9:28-grc	ἔζησεν δὲ Νῶε μετὰ τὸν κατακλυσμὸν τριακόσια πεντήκοντα ἔτη.	ezdɛːsen de nɔːe meta ton kataklysmon triakosia pentɛːkonta etɛː	ESDESEN DE NOE META TON KATAKLUSMON TRIAKOSIA PENTEKONTA ETE	ud_ancient_greek_ptnk	4th-5th c. CE (Codex Alexandrinus)	religious	translit_map
ud_ancient_greek_ptnk_Septuagint-Genesis-9:29-grc	καὶ ἐγένοντο πᾶσαι αἱ ἡμέραι Νῶε ἐννακόσια πεντήκοντα ἔτη, καὶ ἀπέθανεν.	kai̯ eɡenonto pasai̯ ai̯ ɛːmerai̯ nɔːe ennakosia pentɛːkonta etɛː kai̯ apetʰanen	KAI EGENONTO PASAI AI EMERAI NOE ENNAKOSIA PENTEKONTA ETE KAI APETANEN	ud_ancient_greek_ptnk	4th-5th c. CE (Codex Alexandrinus)	religious	translit_map
ud_ancient_greek_ptnk_Septuagint-Genesis-10:1-grc	αὗται δὲ αἱ γενέσεις τῶν υἱῶν Νῶε, Σήμ, Χάμ, Ἰάφεθ, καὶ ἐγενήθησαν αὐτοῖς υἱοὶ μετὰ τὸν κατακλυσμόν.	au̯tai̯ de ai̯ ɡeneseːs tɔːn yi̯ɔːn nɔːe sɛːm kʰam iapʰetʰ kai̯ eɡenɛːtʰɛːsan au̯toi̯s yi̯oi̯ meta ton kataklysmon	AUTAI DE AI GENESES TON UION NOE SEM KAM IAPET KAI EGENETESAN AUTOIS UIOI META TON KATAKLUSMON	ud_ancient_greek_ptnk	4th-5th c. CE (Codex Alexandrinus)	religious	translit_map
ud_ancient_greek_ptnk_Septuagint-Genesis-10:2-grc	υἱοὶ Ἰάφεθ· Γαμὲρ καὶ Μαγὼγ καὶ Μαδαὶ καὶ Ἰωϋάν καὶ Ἐλισὰ καὶ Θοβέλ καὶ Μοσὸχ καὶ Θίρας.	yi̯oi̯ iapʰetʰ ɡamer kai̯ maɡɔːɡ kai̯ madai̯ kai̯ iɔːyan kai̯ elisa kai̯ tʰobel kai̯ mosokʰ kai̯ tʰiras	UIOI IAPET GAMER KAI MAGOG KAI MADAI KAI IOUAN KAI ELISA KAI TOBEL KAI MOSOK KAI TIRAS	ud_ancient_greek_ptnk	4th-5th c. CE (Codex Alexandrinus)	religious	translit_map
ud_ancient_greek_ptnk_Septuagint-Genesis-10:3-grc	καὶ υἱοὶ Γαμέρ· Ἀσχανὰζ καὶ Ῥιφὰθ καὶ Θοργαμά.	kai̯ yi̯oi̯ ɡamer askʰanazd kai̯ ripʰatʰ kai̯ tʰorɡama	KAI UIOI GAMER ASKANASD KAI RIPAT KAI TORGAMA	ud_ancient_greek_ptnk	4th-5th c. CE (Codex Alexandrinus)	religious	translit_map
ud_ancient_greek_ptnk_Septuagint-Genesis-10:4-grc	καὶ υἱοὶ Ἰωϋάν· Ἐλισὰ καὶ Θαρσίς, Κίτιοι, Ῥόδιοι.	kai̯ yi̯oi̯ iɔːyan elisa kai̯ tʰarsis kitioi̯ rodioi̯	KAI UIOI IOUAN ELISA KAI TARSIS KITIOI RODIOI	ud_ancient_greek_ptnk	4th-5th c. CE (Codex Alexandrinus)	religious	translit_map
ud_ancient_greek_ptnk_Septuagint-Genesis-10:5-grc	ἐκ τούτων ἀφωρίσθησαν νῆσοι τῶν ἐθνῶν ἐν τῇ γῇ αὐτῶν, ἕκαστος κατὰ γλῶσσαν ἐν ταῖς φυλαῖς αὐτῶν καὶ ἐν τοῖς ἔθνεσιν αὐτῶν.	ek tuːtɔːn apʰɔːristʰɛːsan nɛːsoi̯ tɔːn etʰnɔːn en tɛː ɡɛː au̯tɔːn ekastos kata ɡlɔːssan en tai̯s pʰylai̯s au̯tɔːn kai̯ en toi̯s etʰnesin au̯tɔːn	EK TUTON APORISTESAN NESOI TON ETNON EN TE GE AUTON EKASTOS KATA GLOSSAN EN TAIS PULAIS AUTON KAI EN TOIS ETNESIN AUTON	ud_ancient_greek_ptnk	4th-5th c. CE (Codex Alexandrinus)	religious	translit_map
ud_ancient_greek_ptnk_Septuagint-Genesis-10:6-grc	υἱοὶ δὲ Χάμ· Χοὺς καὶ Μεσραΐμ, Φοὺδ καὶ Χαναάν.	yi̯oi̯ de kʰam kʰuːs kai̯ mesrai̯m pʰuːd kai̯ kʰanaan	UIOI DE KAM KUS KAI MESRAIM PUD KAI KANAAN	ud_ancient_greek_ptnk	4th-5th c. CE (Codex Alexandrinus)	religious	translit_map
ud_ancient_greek_ptnk_Septuagint-Genesis-10:7-grc	υἱοὶ δὲ Χούς· Σαβὰ καὶ Εὐϊλὰ καὶ Σαβαθὰ καὶ Ῥεγμὰ καὶ Σαβαθακά. υἱοὶ δὲ Ῥεγμά· Σαβὰ καὶ Δαδάν.	yi̯oi̯ de kʰuːs saba kai̯ eu̯ila kai̯ sabatʰa kai̯ reɡma kai̯ sabatʰaka yi̯oi̯ de reɡma saba kai̯ dadan	UIOI DE KUS SABA KAI EUILA KAI SABATA KAI REGMA KAI SABATAKA UIOI DE REGMA SABA KAI DADAN	ud_ancient_greek_ptnk	4th-5th c. CE (Codex Alexandrinus)	religious	translit_map
ud_ancient_greek_ptnk_Septuagint-Genesis-10:8-grc	Χοὺς δὲ ἐγέννησεν τὸν Νεβρώδ, οὗτος ἤρξατο εἶναι γίγας ἐπὶ τῆς γῆς·	kʰuːs de eɡennɛːsen ton nebrɔːd uːtos ɛːrksato eːnai̯ ɡiɡas epi tɛːs ɡɛːs	KUS DE EGENNESEN TON NEBROD UTOS ERKSATO ENAI GIGAS EPI TES GES	ud_ancient_greek_ptnk	4th-5th c. CE (Codex Alexandrinus)	religious	translit_map
ud_ancient_greek_ptnk_Septuagint-Genesis-10:9-grc	οὗτος ἦν γίγας κυνηγὸς ἐναντίον κυρίου τοῦ θεοῦ· διὰ τοῦτο ἐροῦσιν ὡς Νεβρὼδ γίγας κυνηγὸς ἐναντίον κυρίου.	uːtos ɛːn ɡiɡas kynɛːɡos enantion kyriuː tuː tʰeuː dia tuːto eruːsin ɔːs nebrɔːd ɡiɡas kynɛːɡos enantion kyriuː	UTOS EN GIGAS KUNEGOS ENANTION KURIU TU TEU DIA TUTO ERUSIN OS NEBROD GIGAS KUNEGOS ENANTION KURIU	ud_ancient_greek_ptnk	4th-5th c. CE (Codex Alexandrinus)	religious	translit_map
ud_ancient_greek_ptnk_Septuagint-Genesis-10:10-grc	καὶ ἐγένετο ἀρχὴ τῆς βασιλείας αὐτοῦ Βαβυλὼν καὶ Ὀρὲχ καὶ Ἀρχὰδ καὶ Χαλάννη ἐν τῇ γῇ Σενναάρ.	kai̯ eɡeneto arkʰɛː tɛːs basileːas au̯tuː babylɔːn kai̯ orekʰ kai̯ arkʰad kai̯ kʰalannɛː en tɛː ɡɛː sennaar	KAI EGENETO ARKE TES BASILEAS AUTU BABULON KAI OREK KAI ARKAD KAI KALANNE EN TE GE SENNAAR	ud_ancient_greek_ptnk	4th-5th c. CE (Codex Alexandrinus)	religious	translit_map
ud_ancient_greek_ptnk_Septuagint-Genesis-10:11-12-grc	ἐκ τῆς γῆς ἐκείνης ἐξῆλθεν Ἀσσοὺρ καὶ ᾠκοδόμησεν τὴν Νινευὴ καὶ τὴν Ῥοωβὼθ πόλιν καὶ τὴν Χαλὰχ καὶ τὴν Δασὲμ ἀνὰ μέσον Νινευὴ καὶ ἀνὰ μέσον Χαλάχ· αὕτη ἡ πόλις ἡ μεγάλη.	ek tɛːs ɡɛːs ekeːnɛːs eksɛːltʰen assuːr kai̯ ɔːkodomɛːsen tɛːn nineu̯ɛː kai̯ tɛːn roɔːbɔːtʰ polin kai̯ tɛːn kʰalakʰ kai̯ tɛːn dasem ana meson nineu̯ɛː kai̯ ana meson kʰalakʰ au̯tɛː ɛː polis ɛː meɡalɛː	EK TES GES EKENES EKSELTEN ASSUR KAI OKODOMESEN TEN NINEUE KAI TEN ROOBOT POLIN KAI TEN KALAK KAI TEN DASEM ANA MESON NINEUE KAI ANA MESON KALAK AUTE E POLIS E MEGALE	ud_ancient_greek_ptnk	4th-5th c. CE (Codex Alexandrinus)	religious	translit_map
ud_ancient_greek_ptnk_Septuagint-Genesis-10:13-14-grc	καὶ Μεσραῒμ ἐγέννησεν τοὺς Λουδιὶμ καὶ τοὺς Ἐνεμετιὶμ καὶ τοὺς Λαβιὶμ καὶ τοὺς Νεφθαλιὶμ καὶ τοὺς Πατροσωνιὶμ καὶ τοὺς Χασλωνιίμ, ὅθεν ἐξῆλθεν ἐκεῖθεν Φυλιστιίμ, καὶ τοὺς Καφθοριίμ.	kai̯ mesrai̯m eɡennɛːsen tuːs luːdiim kai̯ tuːs enemetiim kai̯ tuːs labiim kai̯ tuːs nepʰtʰaliim kai̯ tuːs patrosɔːniim kai̯ tuːs kʰaslɔːniim otʰen eksɛːltʰen ekeːtʰen pʰylistiim kai̯ tuːs kapʰtʰoriim	KAI MESRAIM EGENNESEN TUS LUDIIM KAI TUS ENEMETIIM KAI TUS LABIIM KAI TUS NEPTALIIM KAI TUS PATROSONIIM KAI TUS KASLONIIM OTEN EKSELTEN EKETEN PULISTIIM KAI TUS KAPTORIIM	ud_ancient_greek_ptnk	4th-5th c. CE (Codex Alexandrinus)	religious	translit_map
ud_ancient_greek_ptnk_Septuagint-Genesis-10:15-18-grc	Χαναὰν δὲ ἐγέννησεν τὸν Σιδῶνα πρωτότοκον καὶ τὸν Χετταῖον καὶ τὸν Ἰεβουσαῖον καὶ τὸν Ἀμορραῖον καὶ τὸν Γεργεσαῖον καὶ τὸν Εὐαῖον καὶ τὸν Ἁρουκαῖον καὶ τὸν Ἁσενναῖον καὶ τὸν Ἀράδιον καὶ τὸν Σαμαραῖον καὶ τὸν Ἀμαθί. καὶ μετὰ τοῦτο διεσπάρησαν αἱ φυλαὶ τῶν Χαναναίων,	kʰanaan de eɡennɛːsen ton sidɔːna prɔːtotokon kai̯ ton kʰettai̯on kai̯ ton iebuːsai̯on kai̯ ton amorrai̯on kai̯ ton ɡerɡesai̯on kai̯ ton eu̯ai̯on kai̯ ton aruːkai̯on kai̯ ton asennai̯on kai̯ ton aradion kai̯ ton samarai̯on kai̯ ton amatʰi kai̯ meta tuːto diesparɛːsan ai̯ pʰylai̯ tɔːn kʰananai̯ɔːn	KANAAN DE EGENNESEN TON SIDONA PROTOTOKON KAI TON KETTAION KAI TON IEBUSAION KAI TON AMORRAION KAI TON GERGESAION KAI TON EUAION KAI TON ARUKAION KAI TON ASENNAION KAI TON ARADION KAI TON SAMARAION KAI TON AMATI KAI META TUTO DIESPARESAN AI PULAI TON KANANAION	ud_ancient_greek_ptnk	4th-5th c. CE (Codex Alexandrinus)	religious	translit_map
ud_ancient_greek_ptnk_Septuagint-Genesis-10:19-grc	καὶ ἐγένοντο τὰ ὅρια τῶν Χαναναίων ἀπὸ Σιδῶνος ἕως ἐλθεῖν εἰς Γέραρα καὶ Γάζα, ἕως ἐλθεῖν Σοδόμων καὶ Γομόρρας, Ἀδαμὰ καὶ Σεβωῒμ, ἕως Λασά.	kai̯ eɡenonto ta oria tɔːn kʰananai̯ɔːn apo sidɔːnos eɔːs eltʰeːn eːs ɡerara kai̯ ɡazda eɔːs eltʰeːn sodomɔːn kai̯ ɡomorras adama kai̯ sebɔːi̯m eɔːs lasa	KAI EGENONTO TA ORIA TON KANANAION APO SIDONOS EOS ELTEN ES GERARA KAI GASDA EOS ELTEN SODOMON KAI GOMORRAS ADAMA KAI SEBOIM EOS LASA	ud_ancient_greek_ptnk	4th-5th c. CE (Codex Alexandrinus)	religious	translit_map
ud_ancient_greek_ptnk_Septuagint-Genesis-10:20-grc	οὗτοι υἱοὶ Χὰμ ἐν ταῖς φυλαῖς αὐτῶν κατὰ γλώσσας αὐτῶν ἐν ταῖς χώραις αὐτῶν καὶ ἐν τοῖς ἔθνεσιν αὐτῶν.	uːtoi̯ yi̯oi̯ kʰam en tai̯s pʰylai̯s au̯tɔːn kata ɡlɔːssas au̯tɔːn en tai̯s kʰɔːrai̯s au̯tɔːn kai̯ en toi̯s etʰnesin au̯tɔːn	UTOI UIOI KAM EN TAIS PULAIS AUTON KATA GLOSSAS AUTON EN TAIS KORAIS AUTON KAI EN TOIS ETNESIN AUTON	ud_ancient_greek_ptnk	4th-5th c. CE (Codex Alexandrinus)	religious	translit_map
ud_ancient_greek_ptnk_Septuagint-Genesis-10:21-grc	καὶ τῷ Σὴμ ἐγενήθη καὶ αὐτῷ, πατρὶ πάντων τῶν υἱῶν Ἕβερ, ἀδελφῷ Ἰάφεθ τοῦ μείζονος.	kai̯ tɔː sɛːm eɡenɛːtʰɛː kai̯ au̯tɔː patri pantɔːn tɔːn yi̯ɔːn eber adelpʰɔː iapʰetʰ tuː meːzdonos	KAI TO SEM EGENETE KAI AUTO PATRI PANTON TON UION EBER ADELPO IAPET TU MESDONOS	ud_ancient_greek_ptnk	4th-5th c. CE (Codex Alexandrinus)	religious	translit_map
ud_ancient_greek_ptnk_Septuagint-Genesis-10:22-grc	υἱοὶ Σήμ· Αἰλὰμ καὶ καὶ Ἀρφαξὰδ καὶ Λοὺδ καὶ Ἀρὰμ καὶ Καϊνᾶν.	yi̯oi̯ sɛːm ai̯lam kai̯ kai̯ arpʰaksad kai̯ luːd kai̯ aram kai̯ kai̯nan	UIOI SEM AILAM KAI KAI ARPAKSAD KAI LUD KAI ARAM KAI KAINAN	ud_ancient_greek_ptnk	4th-5th c. CE (Codex Alexandrinus)	religious	translit_map
ud_ancient_greek_ptnk_Septuagint-Genesis-10:23-grc	καὶ υἱοὶ Ἀράμ· Ὢς καὶ Οὒλ καὶ Γαθὲρ καὶ Μοσόχ.	kai̯ yi̯oi̯ aram ɔːs kai̯ uːl kai̯ ɡatʰer kai̯ mosokʰ	KAI UIOI ARAM OS KAI UL KAI GATER KAI MOSOK	ud_ancient_greek_ptnk	4th-5th c. CE (Codex Alexandrinus)	religious	translit_map
ud_ancient_greek_ptnk_Septuagint-Genesis-10:24-grc	καὶ Ἀρφαξὰδ ἐγέννησεν τὸν Καϊνᾶν, καὶ Καϊνᾶν ἐγέννησεν τὸν Σαλά, Σαλὰ δὲ ἐγέννησεν τὸν Ἕβερ.	kai̯ arpʰaksad eɡennɛːsen ton kai̯nan kai̯ kai̯nan eɡennɛːsen ton sala sala de eɡennɛːsen ton eber	KAI ARPAKSAD EGENNESEN TON KAINAN KAI KAINAN EGENNESEN TON SALA SALA DE EGENNESEN TON EBER	ud_ancient_greek_ptnk	4th-5th c. CE (Codex Alexandrinus)	religious	translit_map
ud_ancient_greek_ptnk_Septuagint-Genesis-10:25-grc	καὶ τῷ Ἕβερ ἐγενήθησαν δύο υἱοί· ὄνομα τῷ ἑνὶ Φάλεκ, ὅτι ἐν ταῖς ἡμέραις αὐτοῦ διεμερίσθη ἡ γῆ, καὶ ὄνομα τῷ ἀδελφῷ αὐτοῦ Ἰεκτάν.	kai̯ tɔː eber eɡenɛːtʰɛːsan dyo yi̯oi̯ onoma tɔː eni pʰalek oti en tai̯s ɛːmerai̯s au̯tuː diemeristʰɛː ɛː ɡɛː kai̯ onoma tɔː adelpʰɔː au̯tuː iektan	KAI TO EBER EGENETESAN DUO UIOI ONOMA TO ENI PALEK OTI EN TAIS EMERAIS AUTU DIEMERISTE E GE KAI ONOMA TO ADELPO AUTU IEKTAN	ud_ancient_greek_ptnk	4th-5th c. CE (Codex Alexandrinus)	religious	translit_map
ud_ancient_greek_ptnk_Septuagint-Genesis-10:26-29-grc	Ἰεκτὰν δὲ ἐγέννησεν τὸν Ἐλμωδὰδ καὶ τὸν Σαλὲφ καὶ Ἀσαρμὼθ καὶ Ἰαρὰχ καὶ Ὁδορρὰ καὶ Αἰζὴλ καὶ Δεκλὰ καὶ Εὐὰλ] καὶ Ἀβιμεὴλ καὶ Σαβεὺ καὶ Οὐφὶρ καὶ Εὐϊλὰ καὶ Ἰωβάβ. πάντες οὗτοι υἱοὶ Ἰεκτάν.	iektan de eɡennɛːsen ton elmɔːdad kai̯ ton salepʰ kai̯ asarmɔːtʰ kai̯ iarakʰ kai̯ odorra kai̯ ai̯zdɛːl kai̯ dekla kai̯ eu̯al kai̯ abimeɛːl kai̯ sabeu̯ kai̯ uːpʰir kai̯ eu̯ila kai̯ iɔːbab pantes uːtoi̯ yi̯oi̯ iektan	IEKTAN DE EGENNESEN TON ELMODAD KAI TON SALEP KAI ASARMOT KAI IARAK KAI ODORRA KAI AISDEL KAI DEKLA KAI EUAL KAI ABIMEEL KAI SABEU KAI UPIR KAI EUILA KAI IOBAB PANTES UTOI UIOI IEKTAN	ud_ancient_greek_ptnk	4th-5th c. CE (Codex Alexandrinus)	religious	translit_map
ud_ancient_greek_ptnk_Septuagint-Genesis-10:30-grc	καὶ ἐγένετο ἡ κατοίκησις αὐτῶν ἀπὸ Μασσῆ ἕως ἐλθεῖν εἰς Σωφηρὰ ὄρος ἀνατολῶν.	kai̯ eɡeneto ɛː katoi̯kɛːsis au̯tɔːn apo massɛː eɔːs eltʰeːn eːs sɔːpʰɛːra oros anatolɔːn	KAI EGENETO E KATOIKESIS AUTON APO MASSE EOS ELTEN ES SOPERA OROS ANATOLON	ud_ancient_greek_ptnk	4th-5th c. CE (Codex Alexandrinus)	religious	translit_map
ud_ancient_greek_ptnk_Septuagint-Genesis-10:31-grc	οὗτοι υἱοὶ Σὴμ ἐν ταῖς φυλαῖς αὐτῶν κατὰ γλώσσας αὐτῶν ἐν ταῖς χώραις αὐτῶν καὶ ἐν τοῖς ἔθνεσιν αὐτῶν.	uːtoi̯ yi̯oi̯ sɛːm en tai̯s pʰylai̯s au̯tɔːn kata ɡlɔːssas au̯tɔːn en tai̯s kʰɔːrai̯s au̯tɔːn kai̯ en toi̯s etʰnesin au̯tɔːn	UTOI UIOI SEM EN TAIS PULAIS AUTON KATA GLOSSAS AUTON EN TAIS KORAIS AUTON KAI EN TOIS ETNESIN AUTON	ud_ancient_greek_ptnk	4th-5th c. CE (Codex Alexandrinus)	religious	translit_map
ud_ancient_greek_ptnk_Septuagint-Genesis-10:32-grc	αὗται αἱ φυλαὶ υἱῶν Νῶε κατὰ γενέσεις αὐτῶν κατὰ τὰ ἔθνη αὐτῶν· ἀπὸ τούτων διεσπάρησαν νῆσοι τῶν ἐθνῶν ἐπὶ τῆς γῆς μετὰ τὸν κατακλυσμόν.	au̯tai̯ ai̯ pʰylai̯ yi̯ɔːn nɔːe kata ɡeneseːs au̯tɔːn kata ta etʰnɛː au̯tɔːn apo tuːtɔːn diesparɛːsan nɛːsoi̯ tɔːn etʰnɔːn epi tɛːs ɡɛːs meta ton kataklysmon	AUTAI AI PULAI UION NOE KATA GENESES AUTON KATA TA ETNE AUTON APO TUTON DIESPARESAN NESOI TON ETNON EPI TES GES META TON KATAKLUSMON	ud_ancient_greek_ptnk	4th-5th c. CE (Codex Alexandrinus)	religious	translit_map
ud_ancient_greek_ptnk_Septuagint-Genesis-11:1-grc	καὶ ἦν πᾶσα ἡ γῆ χεῖλος ἕν, καὶ φωνὴ μία πᾶσιν.	kai̯ ɛːn pasa ɛː ɡɛː kʰeːlos en kai̯ pʰɔːnɛː mia pasin	KAI EN PASA E GE KELOS EN KAI PONE MIA PASIN	ud_ancient_greek_ptnk	4th-5th c. CE (Codex Alexandrinus)	religious	translit_map
ud_ancient_greek_ptnk_Septuagint-Genesis-11:2-grc	καὶ ἐγένετο ἐν τῷ κινῆσαι αὐτοὺς ἀπὸ ἀνατολῶν εὗρον πεδίον ἐν γῇ Σενναὰρ καὶ κατῴκησαν ἐκεῖ.	kai̯ eɡeneto en tɔː kinɛːsai̯ au̯tuːs apo anatolɔːn eu̯ron pedion en ɡɛː sennaar kai̯ katɔːkɛːsan ekeː	KAI EGENETO EN TO KINESAI AUTUS APO ANATOLON EURON PEDION EN GE SENNAAR KAI KATOKESAN EKE	ud_ancient_greek_ptnk	4th-5th c. CE (Codex Alexandrinus)	religious	translit_map
ud_ancient_greek_ptnk_Septuagint-Genesis-11:3-grc	καὶ εἶπεν ἄνθρωπος τῷ πλησίον, δεῦτε πλινθεύσωμεν πλίνθους καὶ ὀπτήσωμεν αὐτὰς πυρί. καὶ ἐγένετο αὐτοῖς ἡ πλίνθος εἰς λίθον, καὶ ἄσφαλτος ἦν αὐτοῖς ὁ πηλός.	kai̯ eːpen antʰrɔːpos tɔː plɛːsion deu̯te plintʰeu̯sɔːmen plintʰuːs kai̯ optɛːsɔːmen au̯tas pyri kai̯ eɡeneto au̯toi̯s ɛː plintʰos eːs litʰon kai̯ aspʰaltos ɛːn au̯toi̯s o pɛːlos	KAI EPEN ANTROPOS TO PLESION DEUTE PLINTEUSOMEN PLINTUS KAI OPTESOMEN AUTAS PURI KAI EGENETO AUTOIS E PLINTOS ES LITON KAI ASPALTOS EN AUTOIS O PELOS	ud_ancient_greek_ptnk	4th-5th c. CE (Codex Alexandrinus)	religious	translit_map
ud_ancient_greek_ptnk_Septuagint-Genesis-11:4-grc	καὶ εἶπαν, δεῦτε οἰκοδομήσωμεν ἑαυτοῖς πόλιν καὶ πύργον, οὗ ἡ κεφαλὴ ἔσται ἕως τοῦ οὐρανοῦ, καὶ ποιήσωμεν ἑαυτοῖς ὄνομα πρὸ τοῦ διασπαρῆναι ἐπὶ προσώπου πάσης τῆς γῆς.	kai̯ eːpan deu̯te oi̯kodomɛːsɔːmen eau̯toi̯s polin kai̯ pyrɡon uː ɛː kepʰalɛː estai̯ eɔːs tuː uːranuː kai̯ poi̯ɛːsɔːmen eau̯toi̯s onoma pro tuː diasparɛːnai̯ epi prosɔːpuː pasɛːs tɛːs ɡɛːs	KAI EPAN DEUTE OIKODOMESOMEN EAUTOIS POLIN KAI PURGON U E KEPALE ESTAI EOS TU URANU KAI POIESOMEN EAUTOIS ONOMA PRO TU DIASPARENAI EPI PROSOPU PASES TES GES	ud_ancient_greek_ptnk	4th-5th c. CE (Codex Alexandrinus)	religious	translit_map
ud_ancient_greek_ptnk_Septuagint-Genesis-11:5-grc	καὶ κατέβη κύριος ἰδεῖν τὴν πόλιν καὶ τὸν πύργον, ὃν ᾠκοδόμησαν οἱ υἱοὶ τῶν ἀνθρώπων.	kai̯ katebɛː kyrios ideːn tɛːn polin kai̯ ton pyrɡon on ɔːkodomɛːsan oi̯ yi̯oi̯ tɔːn antʰrɔːpɔːn	KAI KATEBE KURIOS IDEN TEN POLIN KAI TON PURGON ON OKODOMESAN OI UIOI TON ANTROPON	ud_ancient_greek_ptnk	4th-5th c. CE (Codex Alexandrinus)	religious	translit_map
ud_ancient_greek_ptnk_Septuagint-Genesis-11:6-grc	καὶ εἶπεν κύριος, ἰδοὺ γένος ἓν καὶ χεῖλος ἓν πάντων, καὶ τοῦτο ἤρξαντο ποιῆσαι, καὶ νῦν οὐκ ἐκλείψει ἐξ αὐτῶν πάντα, ὅσα ἄν ἐπιθῶνται ποιεῖν.	kai̯ eːpen kyrios iduː ɡenos en kai̯ kʰeːlos en pantɔːn kai̯ tuːto ɛːrksanto poi̯ɛːsai̯ kai̯ nyn uːk ekleːpseː eks au̯tɔːn panta osa an epitʰɔːntai̯ poi̯eːn	KAI EPEN KURIOS IDU GENOS EN KAI KELOS EN PANTON KAI TUTO ERKSANTO POIESAI KAI NUN UK EKLEPSE EKS AUTON PANTA OSA AN EPITONTAI POIEN	ud_ancient_greek_ptnk	4th-5th c. CE (Codex Alexandrinus)	religious	translit_map
ud_ancient_greek_ptnk_Septuagint-Genesis-11:7-grc	δεῦτε καὶ καταβάντες συγχέωμεν ἐκεῖ αὐτῶν τὴν γλῶσσαν, ἵνα μὴ ἀκούσωσιν ἕκαστος τὴν φωνὴν τοῦ πλησίον.	deu̯te kai̯ katabantes syŋkʰeɔːmen ekeː au̯tɔːn tɛːn ɡlɔːssan ina mɛː akuːsɔːsin ekastos tɛːn pʰɔːnɛːn tuː plɛːsion	DEUTE KAI KATABANTES SUNKEOMEN EKE AUTON TEN GLOSSAN INA ME AKUSOSIN EKASTOS TEN PONEN TU PLESION	ud_ancient_greek_ptnk	4th-5th c. CE (Codex Alexandrinus)	religious	translit_map
ud_ancient_greek_ptnk_Septuagint-Genesis-11:8-grc	καὶ διέσπειρεν αὐτοὺς κύριος ἐκεῖθεν ἐπὶ πρόσωπον πάσης τῆς γῆς, καὶ ἐπαύσαντο οἰκοδομοῦντες τὴν πόλιν καὶ τὸν πύργον.	kai̯ diespeːren au̯tuːs kyrios ekeːtʰen epi prosɔːpon pasɛːs tɛːs ɡɛːs kai̯ epau̯santo oi̯kodomuːntes tɛːn polin kai̯ ton pyrɡon	KAI DIESPEREN AUTUS KURIOS EKETEN EPI PROSOPON PASES TES GES KAI EPAUSANTO OIKODOMUNTES TEN POLIN KAI TON PURGON	ud_ancient_greek_ptnk	4th-5th c. CE (Codex Alexandrinus)	religious	translit_map
ud_ancient_greek_ptnk_Septuagint-Genesis-11:9-grc	διὰ τοῦτο ἐκλήθη τὸ ὄνομα αὐτῆς Σύγχυσις, ὅτι ἐκεῖ συνέχεεν κύριος τὰ χείλη πάσης τῆς γῆς, καὶ ἐκεῖθεν διέσπειρεν αὐτοὺς κύριος ὁ θεὸς ἐπὶ πρόσωπον πάσης τῆς γῆς.	dia tuːto eklɛːtʰɛː to onoma au̯tɛːs syŋkʰysis oti ekeː synekʰeen kyrios ta kʰeːlɛː pasɛːs tɛːs ɡɛːs kai̯ ekeːtʰen diespeːren au̯tuːs kyrios o tʰeos epi prosɔːpon pasɛːs tɛːs ɡɛːs	DIA TUTO EKLETE TO ONOMA AUTES SUNKUSIS OTI EKE SUNEKEEN KURIOS TA KELE PASES TES GES KAI EKETEN DIESPEREN AUTUS KURIOS O TEOS EPI PROSOPON PASES TES GES	ud_ancient_greek_ptnk	4th-5th c. CE (Codex Alexandrinus)	religious	translit_map
ud_ancient_greek_ptnk_Septuagint-Genesis-11:10-grc	καὶ αὗται αἱ γενέσεις Σήμ· Σὴμ υἱὸς ἑκατὸν ἐτῶν, ὅτε ἐγέννησεν τὸν Ἀρφαξάδ, δευτέρου ἔτους μετὰ τὸν κατακλυσμόν.	kai̯ au̯tai̯ ai̯ ɡeneseːs sɛːm sɛːm yi̯os ekaton etɔːn ote eɡennɛːsen ton arpʰaksad deu̯teruː etuːs meta ton kataklysmon	KAI AUTAI AI GENESES SEM SEM UIOS EKATON ETON OTE EGENNESEN TON ARPAKSAD DEUTERU ETUS META TON KATAKLUSMON	ud_ancient_greek_ptnk	4th-5th c. CE (Codex Alexandrinus)	religious	translit_map
ud_ancient_greek_ptnk_Septuagint-Genesis-11:11-grc	καὶ ἔζησεν Σὴμ μετὰ τὸ γεννῆσαι αὐτὸν τὸν Ἀρφαξὰδ πεντακόσια ἔτη καὶ ἐγέννησεν υἱοὺς καὶ θυγατέρας καὶ ἀπέθανεν.	kai̯ ezdɛːsen sɛːm meta to ɡennɛːsai̯ au̯ton ton arpʰaksad pentakosia etɛː kai̯ eɡennɛːsen yi̯uːs kai̯ tʰyɡateras kai̯ apetʰanen	KAI ESDESEN SEM META TO GENNESAI AUTON TON ARPAKSAD PENTAKOSIA ETE KAI EGENNESEN UIUS KAI TUGATERAS KAI APETANEN	ud_ancient_greek_ptnk	4th-5th c. CE (Codex Alexandrinus)	religious	translit_map
ud_ancient_greek_ptnk_Septuagint-Genesis-11:12-grc	καὶ ἔζησεν Ἀρφαξὰδ ἑκατὸν τριάκοντα πέντε ἔτη καὶ ἐγέννησεν τὸν Καϊνᾶν.	kai̯ ezdɛːsen arpʰaksad ekaton triakonta pente etɛː kai̯ eɡennɛːsen ton kai̯nan	KAI ESDESEN ARPAKSAD EKATON TRIAKONTA PENTE ETE KAI EGENNESEN TON KAINAN	ud_ancient_greek_ptnk	4th-5th c. CE (Codex Alexandrinus)	religious	translit_map
ud_ancient_greek_ptnk_Septuagint-Genesis-11:13-grc	καὶ ἔζησεν Ἀρφαξὰδ μετὰ τὸ γεννῆσαι αὐτὸν τὸν Καϊνᾶν ἔτη τετρακόσια τριάκοντα καὶ ἐγέννησεν υἱοὺς καὶ θυγατέρας καὶ ἀπέθανεν. καὶ ἔζησεν Καϊνᾶν ἑκατὸν τριάκοντα ἔτη καὶ ἐγέννησεν τὸν Σαλά. καὶ ἔζησεν Καϊνᾶν μετὰ τὸ γεννῆσαι αὐτὸν τὸν Σαλὰ ἔτη τριακόσια τριάκοντα καὶ ἐγέννησεν υἱοὺς καὶ θυγατέρας καὶ ἀπέθανεν.	kai̯ ezdɛːsen arpʰaksad meta to ɡennɛːsai̯ au̯ton ton kai̯nan etɛː tetrakosia triakonta kai̯ eɡennɛːsen yi̯uːs kai̯ tʰyɡateras kai̯ apetʰanen kai̯ ezdɛːsen kai̯nan ekaton triakonta etɛː kai̯ eɡennɛːsen ton sala kai̯ ezdɛːsen kai̯nan meta to ɡennɛːsai̯ au̯ton ton sala etɛː triakosia triakonta kai̯ eɡennɛːsen yi̯uːs kai̯ tʰyɡateras kai̯ apetʰanen	KAI ESDESEN ARPAKSAD META TO GENNESAI AUTON TON KAINAN ETE TETRAKOSIA TRIAKONTA KAI EGENNESEN UIUS KAI TUGATERAS KAI APETANEN KAI ESDESEN KAINAN EKATON TRIAKONTA ETE KAI EGENNESEN TON SALA KAI ESDESEN KAINAN META TO GENNESAI AUTON TON SALA ETE TRIAKOSIA TRIAKONTA KAI EGENNESEN UIUS KAI TUGATERAS KAI APETANEN	ud_ancient_greek_ptnk	4th-5th c. CE (Codex Alexandrinus)	religious	translit_map
ud_ancient_greek_ptnk_Septuagint-Genesis-11:14-grc	καὶ ἔζησεν Σαλὰ ἑκατὸν τριάκοντα ἔτη καὶ ἐγέννησεν τὸν Ἕβερ.	kai̯ ezdɛːsen sala ekaton triakonta etɛː kai̯ eɡennɛːsen ton eber	KAI ESDESEN SALA EKATON TRIAKONTA ETE KAI EGENNESEN TON EBER	ud_ancient_greek_ptnk	4th-5th c. CE (Codex Alexandrinus)	religious	translit_map
ud_ancient_greek_ptnk_Septuagint-Genesis-11:15-grc	καὶ ἔζησεν Σαλὰ μετὰ τὸ γεννῆσαι αὐτὸν τὸν Ἕβερ τριακόσια τριάκοντα ἔτη καὶ ἐγέννησεν υἱοὺς καὶ θυγατέρας καὶ ἀπέθανεν.	kai̯ ezdɛːsen sala meta to ɡennɛːsai̯ au̯ton ton eber triakosia triakonta etɛː kai̯ eɡennɛːsen yi̯uːs kai̯ tʰyɡateras kai̯ apetʰanen	KAI ESDESEN SALA META TO GENNESAI AUTON TON EBER TRIAKOSIA TRIAKONTA ETE KAI EGENNESEN UIUS KAI TUGATERAS KAI APETANEN	ud_ancient_greek_ptnk	4th-5th c. CE (Codex Alexandrinus)	religious	translit_map
ud_ancient_greek_ptnk_Septuagint-Genesis-11:16-grc	καὶ ἔζησεν Ἕβερ ἑκατὸν τριάκοντα τέσσαρα ἔτη καὶ ἐγέννησεν τὸν Φάλεκ.	kai̯ ezdɛːsen eber ekaton triakonta tessara etɛː kai̯ eɡennɛːsen ton pʰalek	KAI ESDESEN EBER EKATON TRIAKONTA TESSARA ETE KAI EGENNESEN TON PALEK	ud_ancient_greek_ptnk	4th-5th c. CE (Codex Alexandrinus)	religious	translit_map
ud_ancient_greek_ptnk_Septuagint-Genesis-11:17-grc	καὶ ἔζησεν Ἕβερ μετὰ τὸ γεννῆσαι αὐτὸν τὸν Φάλεκ ἔτη τριακόσια ἑβδομήκοντα καὶ ἐγέννησεν υἱοὺς καὶ θυγατέρας καὶ ἀπέθανεν.	kai̯ ezdɛːsen eber meta to ɡennɛːsai̯ au̯ton ton pʰalek etɛː triakosia ebdomɛːkonta kai̯ eɡennɛːsen yi̯uːs kai̯ tʰyɡateras kai̯ apetʰanen	KAI ESDESEN EBER META TO GENNESAI AUTON TON PALEK ETE TRIAKOSIA EBDOMEKONTA KAI EGENNESEN UIUS KAI TUGATERAS KAI APETANEN	ud_ancient_greek_ptnk	4th-5th c. CE (Codex Alexandrinus)	religious	translit_map
ud_ancient_greek_ptnk_Septuagint-Genesis-11:18-grc	καὶ ἔζησεν Φάλεκ ἑκατὸν τριάκοντα ἔτη καὶ ἐγέννησεν τὸν Ῥαγαῦ.	kai̯ ezdɛːsen pʰalek ekaton triakonta etɛː kai̯ eɡennɛːsen ton raɡau̯	KAI ESDESEN PALEK EKATON TRIAKONTA ETE KAI EGENNESEN TON RAGAU	ud_ancient_greek_ptnk	4th-5th c. CE (Codex Alexandrinus)	religious	translit_map
ud_ancient_greek_ptnk_Septuagint-Genesis-11:19-grc	καὶ ἔζησεν Φάλεκ μετὰ τὸ γεννῆσαι αὐτὸν τὸν Ῥαγαῦ διακόσια ἐννέα ἔτη καὶ ἐγέννησεν υἱοὺς καὶ θυγατέρας καὶ ἀπέθανεν.	kai̯ ezdɛːsen pʰalek meta to ɡennɛːsai̯ au̯ton ton raɡau̯ diakosia ennea etɛː kai̯ eɡennɛːsen yi̯uːs kai̯ tʰyɡateras kai̯ apetʰanen	KAI ESDESEN PALEK META TO GENNESAI AUTON TON RAGAU DIAKOSIA ENNEA ETE KAI EGENNESEN UIUS KAI TUGATERAS KAI APETANEN	ud_ancient_greek_ptnk	4th-5th c. CE (Codex Alexandrinus)	religious	translit_map
ud_ancient_greek_ptnk_Septuagint-Genesis-11:20-grc	καὶ ἔζησεν Ῥαγαῦ ἑκατὸν τριάκοντα δύο ἔτη καὶ ἐγέννησεν τὸν Σερούχ.	kai̯ ezdɛːsen raɡau̯ ekaton triakonta dyo etɛː kai̯ eɡennɛːsen ton seruːkʰ	KAI ESDESEN RAGAU EKATON TRIAKONTA DUO ETE KAI EGENNESEN TON SERUK	ud_ancient_greek_ptnk	4th-5th c. CE (Codex Alexandrinus)	religious	translit_map
ud_ancient_greek_ptnk_Septuagint-Genesis-11:21-grc	καὶ ἔζησεν Ῥαγαῦ μετὰ τὸ γεννῆσαι αὐτὸν τὸν Σεροὺχ διακόσια ἑπτὰ ἔτη καὶ ἐγέννησεν υἱοὺς καὶ θυγατέρας καὶ ἀπέθανεν.	kai̯ ezdɛːsen raɡau̯ meta to ɡennɛːsai̯ au̯ton ton seruːkʰ diakosia epta etɛː kai̯ eɡennɛːsen yi̯uːs kai̯ tʰyɡateras kai̯ apetʰanen	KAI ESDESEN RAGAU META TO GENNESAI AUTON TON SERUK DIAKOSIA EPTA ETE KAI EGENNESEN UIUS KAI TUGATERAS KAI APETANEN	ud_ancient_greek_ptnk	4th-5th c. CE (Codex Alexandrinus)	religious	translit_map
ud_ancient_greek_ptnk_Septuagint-Genesis-11:22-grc	καὶ ἔζησεν Σεροὺχ ἑκατὸν τριάκοντα ἔτη καὶ ἐγέννησεν τὸν Ναχώρ.	kai̯ ezdɛːsen seruːkʰ ekaton triakonta etɛː kai̯ eɡennɛːsen ton nakʰɔːr	KAI ESDESEN SERUK EKATON TRIAKONTA ETE KAI EGENNESEN TON NAKOR	ud_ancient_greek_ptnk	4th-5th c. CE (Codex Alexandrinus)	religious	translit_map
ud_ancient_greek_ptnk_Septuagint-Genesis-11:23-grc	καὶ ἔζησεν Σεροὺχ μετὰ τὸ γεννῆσαι αὐτὸν τὸν Ναχὼρ ἔτη διακόσια καὶ ἐγέννησεν υἱοὺς καὶ θυγατέρας καὶ ἀπέθανεν.	kai̯ ezdɛːsen seruːkʰ meta to ɡennɛːsai̯ au̯ton ton nakʰɔːr etɛː diakosia kai̯ eɡennɛːsen yi̯uːs kai̯ tʰyɡateras kai̯ apetʰanen	KAI ESDESEN SERUK META TO GENNESAI AUTON TON NAKOR ETE DIAKOSIA KAI EGENNESEN UIUS KAI TUGATERAS KAI APETANEN	ud_ancient_greek_ptnk	4th-5th c. CE (Codex Alexandrinus)	religious	translit_map
ud_ancient_greek_ptnk_Septuagint-Genesis-11:24-grc	καὶ ἔζησεν Ναχὼρ ἔτη ἑβδομήκοντα ἐννέα καὶ ἐγέννησεν τὸν Θάρα.	kai̯ ezdɛːsen nakʰɔːr etɛː ebdomɛːkonta ennea kai̯ eɡennɛːsen ton tʰara	KAI ESDESEN NAKOR ETE EBDOMEKONTA ENNEA KAI EGENNESEN TON TARA	ud_ancient_greek_ptnk	4th-5th c. CE (Codex Alexandrinus)	religious	translit_map
ud_ancient_greek_ptnk_Septuagint-Genesis-11:25-grc	καὶ ἔζησεν Ναχὼρ μετὰ τὸ γεννῆσαι αὐτὸν τὸν Θάρα ἔτη ἑκατὸν εἴκοσι ἐννέα καὶ ἐγέννησεν υἱοὺς καὶ θυγατέρας καὶ ἀπέθανεν.	kai̯ ezdɛːsen nakʰɔːr meta to ɡennɛːsai̯ au̯ton ton tʰara etɛː ekaton eːkosi ennea kai̯ eɡennɛːsen yi̯uːs kai̯ tʰyɡateras kai̯ apetʰanen	KAI ESDESEN NAKOR META TO GENNESAI AUTON TON TARA ETE EKATON EKOSI ENNEA KAI EGENNESEN UIUS KAI TUGATERAS KAI APETANEN	ud_ancient_greek_ptnk	4th-5th c. CE (Codex Alexandrinus)	religious	translit_map
ud_ancient_greek_ptnk_Septuagint-Genesis-11:26-grc	καὶ ἔζησεν Θάρα ἑβδομήκοντα ἔτη καὶ ἐγέννησεν τὸν Ἅβραμ καὶ τὸν Ναχὼρ καὶ τὸν Ἀρράν.	kai̯ ezdɛːsen tʰara ebdomɛːkonta etɛː kai̯ eɡennɛːsen ton abram kai̯ ton nakʰɔːr kai̯ ton arran	KAI ESDESEN TARA EBDOMEKONTA ETE KAI EGENNESEN TON ABRAM KAI TON NAKOR KAI TON ARRAN	ud_ancient_greek_ptnk	4th-5th c. CE (Codex Alexandrinus)	religious	translit_map
ud_ancient_greek_ptnk_Septuagint-Genesis-11:27-grc	αὗται δὲ αἱ γενέσεις Θάρα· Θάρα ἐγέννησεν τὸν Ἅβραμ καὶ τὸν Ναχὼρ καὶ τὸν Ἀρράν, καὶ Ἀρρὰν ἐγέννησεν τὸν Λώτ.	au̯tai̯ de ai̯ ɡeneseːs tʰara tʰara eɡennɛːsen ton abram kai̯ ton nakʰɔːr kai̯ ton arran kai̯ arran eɡennɛːsen ton lɔːt	AUTAI DE AI GENESES TARA TARA EGENNESEN TON ABRAM KAI TON NAKOR KAI TON ARRAN KAI ARRAN EGENNESEN TON LOT	ud_ancient_greek_ptnk	4th-5th c. CE (Codex Alexandrinus)	religious	translit_map
ud_ancient_greek_ptnk_Septuagint-Genesis-11:28-grc	καὶ ἀπέθανεν Ἀρρὰν ἐνώπιον Θάρα τοῦ πατρὸς αὐτοῦ ἐν τῇ γῇ, ᾗ ἐγενήθη, ἐν τῇ χώρᾳ τῶν Χαλδαίων.	kai̯ apetʰanen arran enɔːpion tʰara tuː patros au̯tuː en tɛː ɡɛː ɛː eɡenɛːtʰɛː en tɛː kʰɔːra tɔːn kʰaldai̯ɔːn	KAI APETANEN ARRAN ENOPION TARA TU PATROS AUTU EN TE GE E EGENETE EN TE KORA TON KALDAION	ud_ancient_greek_ptnk	4th-5th c. CE (Codex Alexandrinus)	religious	translit_map
ud_ancient_greek_ptnk_Septuagint-Genesis-11:29-grc	καὶ ἔλαβον Ἅβραμ καὶ Ναχὼρ ἑαυτοῖς γυναῖκας· ὄνομα τῇ γυναικὶ Ἅβραμ Σάρα, καὶ ὄνομα τῇ γυναικὶ Ναχὼρ Μελχὰ θυγάτηρ Ἀρράν, πατὴρ Μελχὰ καὶ πατὴρ Ἰεσχά.	kai̯ elabon abram kai̯ nakʰɔːr eau̯toi̯s ɡynai̯kas onoma tɛː ɡynai̯ki abram sara kai̯ onoma tɛː ɡynai̯ki nakʰɔːr melkʰa tʰyɡatɛːr arran patɛːr melkʰa kai̯ patɛːr ieskʰa	KAI ELABON ABRAM KAI NAKOR EAUTOIS GUNAIKAS ONOMA TE GUNAIKI ABRAM SARA KAI ONOMA TE GUNAIKI NAKOR MELKA TUGATER ARRAN PATER MELKA KAI PATER IESKA	ud_ancient_greek_ptnk	4th-5th c. CE (Codex Alexandrinus)	religious	translit_map
ud_ancient_greek_ptnk_Septuagint-Genesis-11:30-grc	καὶ ἦν Σάρα στεῖρα καὶ οὐκ ἐτεκνοποίει.	kai̯ ɛːn sara steːra kai̯ uːk eteknopoi̯eː	KAI EN SARA STERA KAI UK ETEKNOPOIE	ud_ancient_greek_ptnk	4th-5th c. CE (Codex Alexandrinus)	religious	translit_map
ud_ancient_greek_ptnk_Septuagint-Genesis-11:31-grc	καὶ ἔλαβεν Θάρα τὸν Ἅβραμ υἱὸν αὐτοῦ καὶ τὸν Λὼτ υἱὸν Ἀρρὰν υἱὸν τοῦ υἱοῦ αὐτοῦ καὶ τὴν Σάραν τὴν νύμφην αὐτοῦ γυναῖκα Ἅβραμ τοῦ υἱοῦ αὐτοῦ καὶ ἐξήγαγεν αὐτοὺς ἐκ τῆς χώρας τῶν Χαλδαίων πορευθῆναι εἰς τὴν γῆν Χαναὰν καὶ ἦλθεν ἕως Χαρρὰν καὶ κατῴκησεν ἐκεῖ.	kai̯ elaben tʰara ton abram yi̯on au̯tuː kai̯ ton lɔːt yi̯on arran yi̯on tuː yi̯uː au̯tuː kai̯ tɛːn saran tɛːn nympʰɛːn au̯tuː ɡynai̯ka abram tuː yi̯uː au̯tuː kai̯ eksɛːɡaɡen au̯tuːs ek tɛːs kʰɔːras tɔːn kʰaldai̯ɔːn poreu̯tʰɛːnai̯ eːs tɛːn ɡɛːn kʰanaan kai̯ ɛːltʰen eɔːs kʰarran kai̯ katɔːkɛːsen ekeː	KAI ELABEN TARA TON ABRAM UION AUTU KAI TON LOT UION ARRAN UION TU UIU AUTU KAI TEN SARAN TEN NUMPEN AUTU GUNAIKA ABRAM TU UIU AUTU KAI EKSEGAGEN AUTUS EK TES KORAS TON KALDAION POREUTENAI ES TEN GEN KANAAN KAI ELTEN EOS KARRAN KAI KATOKESEN EKE	ud_ancient_greek_ptnk	4th-5th c. CE (Codex Alexandrinus)	religious	translit_map
ud_ancient_greek_ptnk_Septuagint-Genesis-11:32-grc	καὶ ἐγένοντο αἱ ἡμέραι Θάρα ἐν Χαρρὰν διακόσια πέντε ἔτη, καὶ ἀπέθανεν Θάρα ἐν Χαρράν.	kai̯ eɡenonto ai̯ ɛːmerai̯ tʰara en kʰarran diakosia pente etɛː kai̯ apetʰanen tʰara en kʰarran	KAI EGENONTO AI EMERAI TARA EN KARRAN DIAKOSIA PENTE ETE KAI APETANEN TARA EN KARRAN	ud_ancient_greek_ptnk	4th-5th c. CE (Codex Alexandrinus)	religious	translit_map
ud_ancient_greek_ptnk_Septuagint-Genesis-12:1-grc	καὶ εἶπεν κύριος τῷ Ἅβραμ, ἔξελθε ἐκ τῆς γῆς σου καὶ ἐκ τῆς συγγενείας σου καὶ ἐκ τοῦ οἴκου τοῦ πατρός σου εἰς τὴν γῆν, ἣν ἄν σοί δείξω·	kai̯ eːpen kyrios tɔː abram ekseltʰe ek tɛːs ɡɛːs suː kai̯ ek tɛːs syŋɡeneːas suː kai̯ ek tuː oi̯kuː tuː patros suː eːs tɛːn ɡɛːn ɛːn an soi̯ deːksɔː	KAI EPEN KURIOS TO ABRAM EKSELTE EK TES GES SU KAI EK TES SUNGENEAS SU KAI EK TU OIKU TU PATROS SU ES TEN GEN EN AN SOI DEKSO	ud_ancient_greek_ptnk	4th-5th c. CE (Codex Alexandrinus)	religious	translit_map
ud_ancient_greek_ptnk_Septuagint-Genesis-12:2-grc	καὶ ποιήσω σὲ εἰς ἔθνος μέγα καὶ εὐλογήσω σὲ καὶ μεγαλυνῶ τὸ ὄνομά σου, καὶ ἔσῃ εὐλογητός	kai̯ poi̯ɛːsɔː se eːs etʰnos meɡa kai̯ eu̯loɡɛːsɔː se kai̯ meɡalynɔː to onoma suː kai̯ esɛː eu̯loɡɛːtos	KAI POIESO SE ES ETNOS MEGA KAI EULOGESO SE KAI MEGALUNO TO ONOMA SU KAI ESE EULOGETOS	ud_ancient_greek_ptnk	4th-5th c. CE (Codex Alexandrinus)	religious	translit_map
ud_ancient_greek_ptnk_Septuagint-Genesis-12:3-grc	καὶ εὐλογήσω τοὺς εὐλογοῦντάς· σε, καὶ τοὺς καταρωμένους σὲ καταράσομαι· καὶ ἐνευλογηθήσονται ἐν σοί πᾶσαι αἱ φυλαὶ τῆς γῆς.	kai̯ eu̯loɡɛːsɔː tuːs eu̯loɡuːntas se kai̯ tuːs katarɔːmenuːs se katarasomai̯ kai̯ eneu̯loɡɛːtʰɛːsontai̯ en soi̯ pasai̯ ai̯ pʰylai̯ tɛːs ɡɛːs	KAI EULOGESO TUS EULOGUNTAS SE KAI TUS KATAROMENUS SE KATARASOMAI KAI ENEULOGETESONTAI EN SOI PASAI AI PULAI TES GES	ud_ancient_greek_ptnk	4th-5th c. CE (Codex Alexandrinus)	religious	translit_map
ud_ancient_greek_ptnk_Septuagint-Genesis-12:4-grc	καὶ ἐπορεύθη Ἅβραμ, καθάπερ ἐλάλησεν αὐτῷ κύριος, καὶ ᾤχετο μετ᾿ αὐτοῦ Λώτ· Ἅβραμ δὲ ἦν ἐτῶν ἑβδομήκοντα πέντε, ὅτε ἐξῆλθεν ἐκ Χαρράν.	kai̯ eporeu̯tʰɛː abram katʰaper elalɛːsen au̯tɔː kyrios kai̯ ɔːkʰeto met au̯tuː lɔːt abram de ɛːn etɔːn ebdomɛːkonta pente ote eksɛːltʰen ek kʰarran	KAI EPOREUTE ABRAM KATAPER ELALESEN AUTO KURIOS KAI OKETO MET AUTU LOT ABRAM DE EN ETON EBDOMEKONTA PENTE OTE EKSELTEN EK KARRAN	ud_ancient_greek_ptnk	4th-5th c. CE (Codex Alexandrinus)	religious	translit_map
ud_ancient_greek_ptnk_Septuagint-Genesis-12:5-grc	καὶ ἔλαβεν Ἅβραμ τὴν Σάραν γυναῖκα αὐτοῦ καὶ τὸν Λὼτ υἱὸν τοῦ ἀδελφοῦ αὐτοῦ καὶ πάντα τὰ ὑπάρχοντα αὐτῶν, ὅσα ἐκτήσαντο ἐκτήσαντο, καὶ πᾶσαν ψυχήν, ἣν ἐκτήσαντο ἐν Χαρράν, καὶ ἐξήλθοσαν πορευθῆναι εἰς γῆν Χαναὰν καὶ ἦλθον εἰς γῆν Χαναάν.	kai̯ elaben abram tɛːn saran ɡynai̯ka au̯tuː kai̯ ton lɔːt yi̯on tuː adelpʰuː au̯tuː kai̯ panta ta yparkʰonta au̯tɔːn osa ektɛːsanto ektɛːsanto kai̯ pasan psykʰɛːn ɛːn ektɛːsanto en kʰarran kai̯ eksɛːltʰosan poreu̯tʰɛːnai̯ eːs ɡɛːn kʰanaan kai̯ ɛːltʰon eːs ɡɛːn kʰanaan	KAI ELABEN ABRAM TEN SARAN GUNAIKA AUTU KAI TON LOT UION TU ADELPU AUTU KAI PANTA TA UPARKONTA AUTON OSA EKTESANTO EKTESANTO KAI PASAN PSUKEN EN EKTESANTO EN KARRAN KAI EKSELTOSAN POREUTENAI ES GEN KANAAN KAI ELTON ES GEN KANAAN	ud_ancient_greek_ptnk	4th-5th c. CE (Codex Alexandrinus)	religious	translit_map
ud_ancient_greek_ptnk_Septuagint-Genesis-12:6-grc	καὶ διώδευσεν Ἅβραμ τὴν γῆν εἰς τὸ μῆκος αὐτῆς ἕως τοῦ τόπου Συχὲμ ἐπὶ τὴν δρῦν τὴν ὑψηλήν· οἱ δὲ Χαναναῖοι τότε κατῴκουν τὴν γῆν.	kai̯ diɔːdeu̯sen abram tɛːn ɡɛːn eːs to mɛːkos au̯tɛːs eɔːs tuː topuː sykʰem epi tɛːn dryn tɛːn ypsɛːlɛːn oi̯ de kʰananai̯oi̯ tote katɔːkuːn tɛːn ɡɛːn	KAI DIODEUSEN ABRAM TEN GEN ES TO MEKOS AUTES EOS TU TOPU SUKEM EPI TEN DRUN TEN UPSELEN OI DE KANANAIOI TOTE KATOKUN TEN GEN	ud_ancient_greek_ptnk	4th-5th c. CE (Codex Alexandrinus)	religious	translit_map
ud_ancient_greek_ptnk_Septuagint-Genesis-12:7-grc	καὶ ὤφθη κύριος τῷ Ἅβραμ καὶ εἶπεν αὐτῷ, τῷ σπέρματί σου δώσω τὴν γῆν ταύτην. καὶ ᾠκοδόμησεν ἐκεῖ Ἅβραμ θυσιαστήριον κυρίῳ τῷ ὀφθέντι αὐτῷ.	kai̯ ɔːpʰtʰɛː kyrios tɔː abram kai̯ eːpen au̯tɔː tɔː spermati suː dɔːsɔː tɛːn ɡɛːn tau̯tɛːn kai̯ ɔːkodomɛːsen ekeː abram tʰysiastɛːrion kyriɔː tɔː opʰtʰenti au̯tɔː	KAI OPTE KURIOS TO ABRAM KAI EPEN AUTO TO SPERMATI SU DOSO TEN GEN TAUTEN KAI OKODOMESEN EKE ABRAM TUSIASTERION KURIO TO OPTENTI AUTO	ud_ancient_greek_ptnk	4th-5th c. CE (Codex Alexandrinus)	religious	translit_map
ud_ancient_greek_ptnk_Septuagint-Genesis-12:8-grc	καὶ ἀπέστη ἐκεῖθεν εἰς τὸ ὄρος κατ᾿ ἀνατολὰς Βαιθὴλ καὶ ἔστησεν ἐκεῖ τὴν σκηνὴν αὐτοῦ, Βαιθὴλ κατὰ θάλασσαν καὶ Ἀγγαὶ κατ᾿ ἀνατολάς· καὶ ᾠκοδόμησεν ἐκεῖ θυσιαστήριον τῷ κυρίῳ καὶ ἐπεκαλέσατο ἐπὶ τῷ ὀνόματι κυρίου.	kai̯ apestɛː ekeːtʰen eːs to oros kat anatolas bai̯tʰɛːl kai̯ estɛːsen ekeː tɛːn skɛːnɛːn au̯tuː bai̯tʰɛːl kata tʰalassan kai̯ aŋɡai̯ kat anatolas kai̯ ɔːkodomɛːsen ekeː tʰysiastɛːrion tɔː kyriɔː kai̯ epekalesato epi tɔː onomati kyriuː	KAI APESTE EKETEN ES TO OROS KAT ANATOLAS BAITEL KAI ESTESEN EKE TEN SKENEN AUTU BAITEL KATA TALASSAN KAI ANGAI KAT ANATOLAS KAI OKODOMESEN EKE TUSIASTERION TO KURIO KAI EPEKALESATO EPI TO ONOMATI KURIU	ud_ancient_greek_ptnk	4th-5th c. CE (Codex Alexandrinus)	religious	translit_map
ud_ancient_greek_ptnk_Septuagint-Genesis-12:9-grc	καὶ ἀπῆρεν Ἅβραμ καὶ πορευθεὶς ἐστρατοπέδευσεν ἐν τῇ ἐρήμῳ.	kai̯ apɛːren abram kai̯ poreu̯tʰeːs estratopedeu̯sen en tɛː erɛːmɔː	KAI APEREN ABRAM KAI POREUTES ESTRATOPEDEUSEN EN TE EREMO	ud_ancient_greek_ptnk	4th-5th c. CE (Codex Alexandrinus)	religious	translit_map
ud_ancient_greek_ptnk_Septuagint-Genesis-12:10-grc	καὶ ἐγένετο λιμὸς ἐπὶ τῆς γῆς, καὶ κατέβη Ἅβραμ εἰς Αἴγυπτον παροικῆσαι ἐκεῖ, ὅτι ἐνίσχυσεν ὁ λιμὸς ἐπὶ τῆς γῆς.	kai̯ eɡeneto limos epi tɛːs ɡɛːs kai̯ katebɛː abram eːs ai̯ɡypton paroi̯kɛːsai̯ ekeː oti eniskʰysen o limos epi tɛːs ɡɛːs	KAI EGENETO LIMOS EPI TES GES KAI KATEBE ABRAM ES AIGUPTON PAROIKESAI EKE OTI ENISKUSEN O LIMOS EPI TES GES	ud_ancient_greek_ptnk	4th-5th c. CE (Codex Alexandrinus)	religious	translit_map
ud_ancient_greek_ptnk_Septuagint-Genesis-12:11-grc	ἐγένετο δὲ ἡνίκα ἤγγισεν Ἅβραμ εἰσελθεῖν εἰς Αἴγυπτον, εἶπεν Ἅβραμ Σάρα τῇ γυναικὶ αὐτοῦ, γινώσκω ἐγὼ ὅτι γυνὴ εὐπρόσωπος εἶ·	eɡeneto de ɛːnika ɛːŋɡisen abram eːseltʰeːn eːs ai̯ɡypton eːpen abram sara tɛː ɡynai̯ki au̯tuː ɡinɔːskɔː eɡɔː oti ɡynɛː eu̯prosɔːpos eː	EGENETO DE ENIKA ENGISEN ABRAM ESELTEN ES AIGUPTON EPEN ABRAM SARA TE GUNAIKI AUTU GINOSKO EGO OTI GUNE EUPROSOPOS E	ud_ancient_greek_ptnk	4th-5th c. CE (Codex Alexandrinus)	religious	translit_map
ud_ancient_greek_ptnk_Septuagint-Genesis-12:12-grc	ἔσται οὖν ὡς ἄν ἴδωσίν σὲ οἱ Αἰγύπτιοι, ἐροῦσιν ὅτι γυνὴ αὐτοῦ αὕτη, καὶ ἀποκτενοῦσίν με, σὲ δὲ περιποιήσονται.	estai̯ uːn ɔːs an idɔːsin se oi̯ ai̯ɡyptioi̯ eruːsin oti ɡynɛː au̯tuː au̯tɛː kai̯ apoktenuːsin me se de peripoi̯ɛːsontai̯	ESTAI UN OS AN IDOSIN SE OI AIGUPTIOI ERUSIN OTI GUNE AUTU AUTE KAI APOKTENUSIN ME SE DE PERIPOIESONTAI	ud_ancient_greek_ptnk	4th-5th c. CE (Codex Alexandrinus)	religious	translit_map
ud_ancient_greek_ptnk_Septuagint-Genesis-12:13-grc	εἰπὸν οὖν ὅτι, ἀδελφὴ αὐτοῦ εἰμι, ὅπως ἄν εὖ μοι γένηται διὰ σέ, καὶ ζήσεται ἡ ψυχή μου ἕνεκεν σου.	eːpon uːn oti adelpʰɛː au̯tuː eːmi opɔːs an eu̯ moi̯ ɡenɛːtai̯ dia se kai̯ zdɛːsetai̯ ɛː psykʰɛː muː eneken suː	EPON UN OTI ADELPE AUTU EMI OPOS AN EU MOI GENETAI DIA SE KAI SDESETAI E PSUKE MU ENEKEN SU	ud_ancient_greek_ptnk	4th-5th c. CE (Codex Alexandrinus)	religious	translit_map
ud_ancient_greek_ptnk_Septuagint-Genesis-12:14-grc	ἐγένετο δὲ ἡνίκα εἰσῆλθεν Ἅβραμ εἰς Αἴγυπτον, ἰδόντες οἱ Αἰγύπτιοι τὴν γυναῖκα ὅτι καλὴ ἦν σφόδρα,	eɡeneto de ɛːnika eːsɛːltʰen abram eːs ai̯ɡypton idontes oi̯ ai̯ɡyptioi̯ tɛːn ɡynai̯ka oti kalɛː ɛːn spʰodra	EGENETO DE ENIKA ESELTEN ABRAM ES AIGUPTON IDONTES OI AIGUPTIOI TEN GUNAIKA OTI KALE EN SPODRA	ud_ancient_greek_ptnk	4th-5th c. CE (Codex Alexandrinus)	religious	translit_map
ud_ancient_greek_ptnk_Septuagint-Genesis-12:15-grc	καὶ εἶδον αὐτὴν οἱ ἄρχοντες Φαραὼ καὶ ἐπῄνεσαν αὐτὴν πρὸς Φαραὼ καὶ εἰσήγαγον αὐτὴν εἰς τὸν οἶκον Φαραώ·	kai̯ eːdon au̯tɛːn oi̯ arkʰontes pʰaraɔː kai̯ epɛːnesan au̯tɛːn pros pʰaraɔː kai̯ eːsɛːɡaɡon au̯tɛːn eːs ton oi̯kon pʰaraɔː	KAI EDON AUTEN OI ARKONTES PARAO KAI EPENESAN AUTEN PROS PARAO KAI ESEGAGON AUTEN ES TON OIKON PARAO	ud_ancient_greek_ptnk	4th-5th c. CE (Codex Alexandrinus)	religious	translit_map
ud_ancient_greek_ptnk_Septuagint-Genesis-12:16-grc	καὶ τῷ Ἅβραμ εὖ ἐχρήσαντο δι᾿ αὐτήν, καὶ ἐγένοντο αὐτῷ πρόβατα καὶ μόσχοι καὶ ὄνοι, παῖδες καὶ παιδίσκαι, ἡμίονοι καὶ κάμηλοι.	kai̯ tɔː abram eu̯ ekʰrɛːsanto di au̯tɛːn kai̯ eɡenonto au̯tɔː probata kai̯ moskʰoi̯ kai̯ onoi̯ pai̯des kai̯ pai̯diskai̯ ɛːmionoi̯ kai̯ kamɛːloi̯	KAI TO ABRAM EU EKRESANTO DI AUTEN KAI EGENONTO AUTO PROBATA KAI MOSKOI KAI ONOI PAIDES KAI PAIDISKAI EMIONOI KAI KAMELOI	ud_ancient_greek_ptnk	4th-5th c. CE (Codex Alexandrinus)	religious	translit_map
ud_ancient_greek_ptnk_Septuagint-Genesis-12:17-grc	καὶ ἤτασεν ὁ θεὸς τὸν Φαραὼ ἐτασμοῖς μεγάλοις καὶ πονηροῖς καὶ τὸν οἶκον αὐτοῦ περὶ περὶ Σάρας τῆς γυναικὸς Ἅβραμ.	kai̯ ɛːtasen o tʰeos ton pʰaraɔː etasmoi̯s meɡaloi̯s kai̯ ponɛːroi̯s kai̯ ton oi̯kon au̯tuː peri peri saras tɛːs ɡynai̯kos abram	KAI ETASEN O TEOS TON PARAO ETASMOIS MEGALOIS KAI PONEROIS KAI TON OIKON AUTU PERI PERI SARAS TES GUNAIKOS ABRAM	ud_ancient_greek_ptnk	4th-5th c. CE (Codex Alexandrinus)	religious	translit_map
ud_ancient_greek_ptnk_Septuagint-Genesis-12:18-grc	καλέσας δὲ Φαραὼ τὸν Ἅβραμ εἶπεν, τί τοῦτο ἐποίησάς μοι ὅτι οὐκ ἀπήγγειλάς μοι, ὅτι γυνή σου ἐστίν;	kalesas de pʰaraɔː ton abram eːpen ti tuːto epoi̯ɛːsas moi̯ oti uːk apɛːŋɡeːlas moi̯ oti ɡynɛː suː estin	KALESAS DE PARAO TON ABRAM EPEN TI TUTO EPOIESAS MOI OTI UK APENGELAS MOI OTI GUNE SU ESTIN	ud_ancient_greek_ptnk	4th-5th c. CE (Codex Alexandrinus)	religious	translit_map
ud_ancient_greek_ptnk_Septuagint-Genesis-12:19-grc	ἵνα τί εἶπας ὅτι ἀδελφή μού ἐστιν; καὶ ἔλαβον αὐτὴν ἐμαυτῷ εἰς γυναῖκα. καὶ νῦν ἰδοὺ ἡ γυνή σου ἐναντίον σου· λαβὼν ἀπότρεχε.	ina ti eːpas oti adelpʰɛː muː estin kai̯ elabon au̯tɛːn emau̯tɔː eːs ɡynai̯ka kai̯ nyn iduː ɛː ɡynɛː suː enantion suː labɔːn apotrekʰe	INA TI EPAS OTI ADELPE MU ESTIN KAI ELABON AUTEN EMAUTO ES GUNAIKA KAI NUN IDU E GUNE SU ENANTION SU LABON APOTREKE	ud_ancient_greek_ptnk	4th-5th c. CE (Codex Alexandrinus)	religious	translit_map
ud_ancient_greek_ptnk_Septuagint-Genesis-12:20-grc	καὶ ἐνετείλατο Φαραὼ ἀνδράσιν περὶ Ἅβραμ συμπροπέμψαι αὐτὸν καὶ τὴν γυναῖκα αὐτοῦ καὶ πάντα, ὅσα ἦν αὐτῷ, καὶ Λὼτ μετ᾿ αὐτοῦ.	kai̯ eneteːlato pʰaraɔː andrasin peri abram sympropempsai̯ au̯ton kai̯ tɛːn ɡynai̯ka au̯tuː kai̯ panta osa ɛːn au̯tɔː kai̯ lɔːt met au̯tuː	KAI ENETELATO PARAO ANDRASIN PERI ABRAM SUMPROPEMPSAI AUTON KAI TEN GUNAIKA AUTU KAI PANTA OSA EN AUTO KAI LOT MET AUTU	ud_ancient_greek_ptnk	4th-5th c. CE (Codex Alexandrinus)	religious	translit_map
ud_ancient_greek_ptnk_Septuagint-Genesis-13:1-grc	ἀνέβη δὲ Ἅβραμ ἐξ Αἰγύπτου, αὐτὸς καὶ ἡ γυνὴ αὐτοῦ καὶ πάντα τὰ αὐτοῦ καὶ Λὼτ μετ᾿ αὐτοῦ, εἰς τὴν ἔρημον.	anebɛː de abram eks ai̯ɡyptuː au̯tos kai̯ ɛː ɡynɛː au̯tuː kai̯ panta ta au̯tuː kai̯ lɔːt met au̯tuː eːs tɛːn erɛːmon	ANEBE DE ABRAM EKS AIGUPTU AUTOS KAI E GUNE AUTU KAI PANTA TA AUTU KAI LOT MET AUTU ES TEN EREMON	ud_ancient_greek_ptnk	4th-5th c. CE (Codex Alexandrinus)	religious	translit_map
ud_ancient_greek_ptnk_Septuagint-Genesis-13:2-grc	Ἅβραμ δὲ ἦν πλούσιος σφόδρα κτήνεσιν καὶ ἀργυρίῳ καὶ χρυσίῳ.	abram de ɛːn pluːsios spʰodra ktɛːnesin kai̯ arɡyriɔː kai̯ kʰrysiɔː	ABRAM DE EN PLUSIOS SPODRA KTENESIN KAI ARGURIO KAI KRUSIO	ud_ancient_greek_ptnk	4th-5th c. CE (Codex Alexandrinus)	religious	translit_map
ud_ancient_greek_ptnk_Septuagint-Genesis-13:3-4-grc	καὶ ἐπορεύθη ὅθεν ἦλθεν, εἰς τὴν ἔρημον ἕως Βαιθὴλ ἕως τοῦ τόπου, οὗ ἦν ἡ σκηνὴ αὐτοῦ τὸ πρότερον, ἀνὰ μέσον Βαιθὴλ καὶ ἀνὰ μέσον Ἀγγαί, εἰς τὸν τόπον τοῦ θυσιαστηρίου, οὗ ἐποίησεν ἐκεῖ τὴν ἀρχήν· καὶ ἐπεκαλέσατο ἐκεῖ Ἅβραμ τὸ ὄνομα κυρίου.	kai̯ eporeu̯tʰɛː otʰen ɛːltʰen eːs tɛːn erɛːmon eɔːs bai̯tʰɛːl eɔːs tuː topuː uː ɛːn ɛː skɛːnɛː au̯tuː to proteron ana meson bai̯tʰɛːl kai̯ ana meson aŋɡai̯ eːs ton topon tuː tʰysiastɛːriuː uː epoi̯ɛːsen ekeː tɛːn arkʰɛːn kai̯ epekalesato ekeː abram to onoma kyriuː	KAI EPOREUTE OTEN ELTEN ES TEN EREMON EOS BAITEL EOS TU TOPU U EN E SKENE AUTU TO PROTERON ANA MESON BAITEL KAI ANA MESON ANGAI ES TON TOPON TU TUSIASTERIU U EPOIESEN EKE TEN ARKEN KAI EPEKALESATO EKE ABRAM TO ONOMA KURIU	ud_ancient_greek_ptnk	4th-5th c. CE (Codex Alexandrinus)	religious	translit_map
ud_ancient_greek_ptnk_Septuagint-Genesis-13:5-grc	καὶ Λὼτ τῷ συμπορευομένῳ μετὰ Ἅβραμ ἦν πρόβατα καὶ βόες καὶ σκηναί.	kai̯ lɔːt tɔː symporeu̯omenɔː meta abram ɛːn probata kai̯ boes kai̯ skɛːnai̯	KAI LOT TO SUMPOREUOMENO META ABRAM EN PROBATA KAI BOES KAI SKENAI	ud_ancient_greek_ptnk	4th-5th c. CE (Codex Alexandrinus)	religious	translit_map
ud_ancient_greek_ptnk_Septuagint-Genesis-13:6-grc	καὶ οὐκ ἐχώρει αὐτοὺς ἡ γῆ κατοικεῖν ἅμα, ὅτι ἦν τὰ ὑπάρχοντα αὐτῶν πολλά, καὶ οὐκ ἐδύναντο κατοικεῖν ἅμα.	kai̯ uːk ekʰɔːreː au̯tuːs ɛː ɡɛː katoi̯keːn ama oti ɛːn ta yparkʰonta au̯tɔːn polla kai̯ uːk edynanto katoi̯keːn ama	KAI UK EKORE AUTUS E GE KATOIKEN AMA OTI EN TA UPARKONTA AUTON POLLA KAI UK EDUNANTO KATOIKEN AMA	ud_ancient_greek_ptnk	4th-5th c. CE (Codex Alexandrinus)	religious	translit_map
ud_ancient_greek_ptnk_Septuagint-Genesis-13:7-grc	καὶ ἐγένετο μάχη ἀνὰ μέσον τῶν ποιμένων τῶν κτηνῶν τοῦ Ἅβραμ καὶ ἀνὰ μέσον τῶν ποιμένων τῶν κτηνῶν τοῦ Λώτ· οἱ δὲ Χαναναῖοι καὶ οἱ Φερεζαῖοι τότε κατῴκουν τὴν γῆν.	kai̯ eɡeneto makʰɛː ana meson tɔːn poi̯menɔːn tɔːn ktɛːnɔːn tuː abram kai̯ ana meson tɔːn poi̯menɔːn tɔːn ktɛːnɔːn tuː lɔːt oi̯ de kʰananai̯oi̯ kai̯ oi̯ pʰerezdai̯oi̯ tote katɔːkuːn tɛːn ɡɛːn	KAI EGENETO MAKE ANA MESON TON POIMENON TON KTENON TU ABRAM KAI ANA MESON TON POIMENON TON KTENON TU LOT OI DE KANANAIOI KAI OI PERESDAIOI TOTE KATOKUN TEN GEN	ud_ancient_greek_ptnk	4th-5th c. CE (Codex Alexandrinus)	religious	translit_map
ud_ancient_greek_ptnk_Septuagint-Genesis-13:8-grc	εἶπεν δὲ Ἅβραμ τῷ Λώτ, μὴ ἔστω μάχη ἀνὰ μέσον ἐμοῦ καὶ σου καὶ ἀνὰ μέσον τῶν ποιμένων μου καὶ ἀνὰ μέσον τῶν ποιμένων σου. ὅτι ἄνθρωποι ἀδελφοὶ ἡμεῖς ἐσμεν.	eːpen de abram tɔː lɔːt mɛː estɔː makʰɛː ana meson emuː kai̯ suː kai̯ ana meson tɔːn poi̯menɔːn muː kai̯ ana meson tɔːn poi̯menɔːn suː oti antʰrɔːpoi̯ adelpʰoi̯ ɛːmeːs esmen	EPEN DE ABRAM TO LOT ME ESTO MAKE ANA MESON EMU KAI SU KAI ANA MESON TON POIMENON MU KAI ANA MESON TON POIMENON SU OTI ANTROPOI ADELPOI EMES ESMEN	ud_ancient_greek_ptnk	4th-5th c. CE (Codex Alexandrinus)	religious	translit_map
ud_ancient_greek_ptnk_Septuagint-Genesis-13:9-grc	οὐκ ἰδοὺ πᾶσα ἡ γῆ ἐναντίον σου ἐστιν; διαχωρίσθητι ἀπ᾿ ἐμοῦ· εἰ σὺ εἰς ἀριστερά, ἐγὼ εἰς δεξιά· εἰ δὲ σὺ εἰς δεξιά, ἐγὼ εἰς ἀριστερά.	uːk iduː pasa ɛː ɡɛː enantion suː estin diakʰɔːristʰɛːti ap emuː eː sy eːs aristera eɡɔː eːs deksia eː de sy eːs deksia eɡɔː eːs aristera	UK IDU PASA E GE ENANTION SU ESTIN DIAKORISTETI AP EMU E SU ES ARISTERA EGO ES DEKSIA E DE SU ES DEKSIA EGO ES ARISTERA	ud_ancient_greek_ptnk	4th-5th c. CE (Codex Alexandrinus)	religious	translit_map
ud_ancient_greek_ptnk_Septuagint-Genesis-13:10-grc	καὶ ἐπάρας Λὼτ τοὺς ὀφθαλμοὺς αὐτοῦ εἶδεν πᾶσαν τὴν περίχωρον τοῦ Ἰορδάνου ὅτι πᾶσα ἦν ποτιζομένη— πρὸ τοῦ καταστρέψαι τὸν θεὸν Σόδομα καὶ Γόμορρα ὡς ὁ παράδεισος τοῦ θεοῦ καὶ ὡς ἡ γῆ Αἰγύπτου ἕως ἐλθεῖν εἰς Ζόγορα.	kai̯ eparas lɔːt tuːs opʰtʰalmuːs au̯tuː eːden pasan tɛːn perikʰɔːron tuː iordanuː oti pasa ɛːn potizdomenɛː pro tuː katastrepsai̯ ton tʰeon sodoma kai̯ ɡomorra ɔːs o paradeːsos tuː tʰeuː kai̯ ɔːs ɛː ɡɛː ai̯ɡyptuː eɔːs eltʰeːn eːs zdoɡora	KAI EPARAS LOT TUS OPTALMUS AUTU EDEN PASAN TEN PERIKORON TU IORDANU OTI PASA EN POTISDOMENE PRO TU KATASTREPSAI TON TEON SODOMA KAI GOMORRA OS O PARADESOS TU TEU KAI OS E GE AIGUPTU EOS ELTEN ES SDOGORA	ud_ancient_greek_ptnk	4th-5th c. CE (Codex Alexandrinus)	religious	translit_map
ud_ancient_greek_ptnk_Septuagint-Genesis-13:11-grc	καὶ ἐξελέξατο ἑαυτῷ Λὼτ πᾶσαν τὴν περίχωρον τοῦ Ἰορδάνου, καὶ ἀπῆρεν Λὼτ ἀπὸ ἀνατολῶν, καὶ διεχωρίσθησαν ἕκαστος ἀπὸ τοῦ ἀδελφοῦ αὐτοῦ.	kai̯ ekseleksato eau̯tɔː lɔːt pasan tɛːn perikʰɔːron tuː iordanuː kai̯ apɛːren lɔːt apo anatolɔːn kai̯ diekʰɔːristʰɛːsan ekastos apo tuː adelpʰuː au̯tuː	KAI EKSELEKSATO EAUTO LOT PASAN TEN PERIKORON TU IORDANU KAI APEREN LOT APO ANATOLON KAI DIEKORISTESAN EKASTOS APO TU ADELPU AUTU	ud_ancient_greek_ptnk	4th-5th c. CE (Codex Alexandrinus)	religious	translit_map
ud_ancient_greek_ptnk_Septuagint-Genesis-13:12-grc	Ἅβραμ δὲ κατῴκησεν ἐν γῇ Χαναάν, Λὼτ δὲ κατῴκησεν ἐν πόλει τῶν περιχώρων καὶ ἐσκήνωσεν ἐν Σοδόμοις·	abram de katɔːkɛːsen en ɡɛː kʰanaan lɔːt de katɔːkɛːsen en poleː tɔːn perikʰɔːrɔːn kai̯ eskɛːnɔːsen en sodomoi̯s	ABRAM DE KATOKESEN EN GE KANAAN LOT DE KATOKESEN EN POLE TON PERIKORON KAI ESKENOSEN EN SODOMOIS	ud_ancient_greek_ptnk	4th-5th c. CE (Codex Alexandrinus)	religious	translit_map
ud_ancient_greek_ptnk_Septuagint-Genesis-13:13-grc	οἱ δὲ ἄνθρωποι οἱ ἐν Σοδόμοις πονηροὶ καὶ ἁμαρτωλοὶ ἐναντίον τοῦ θεοῦ σφόδρα.	oi̯ de antʰrɔːpoi̯ oi̯ en sodomoi̯s ponɛːroi̯ kai̯ amartɔːloi̯ enantion tuː tʰeuː spʰodra	OI DE ANTROPOI OI EN SODOMOIS PONEROI KAI AMARTOLOI ENANTION TU TEU SPODRA	ud_ancient_greek_ptnk	4th-5th c. CE (Codex Alexandrinus)	religious	translit_map
ud_ancient_greek_ptnk_Septuagint-Genesis-13:14-grc	ὁ δὲ θεὸς εἶπεν τῷ Ἅβραμ μετὰ τὸ διαχωρισθῆναι τὸν Λὼτ ἀπ᾿ αὐτοῦ, ἀναβλέψας τοῖς ὀφθαλμοῖς σου ἰδὲ ἀπὸ τοῦ τόπου, οὗ νῦν σὺ εἶ, πρὸς βορρᾶν καὶ λίβα καὶ ἀνατολὰς καὶ θάλασσαν·	o de tʰeos eːpen tɔː abram meta to diakʰɔːristʰɛːnai̯ ton lɔːt ap au̯tuː anablepsas toi̯s opʰtʰalmoi̯s suː ide apo tuː topuː uː nyn sy eː pros borran kai̯ liba kai̯ anatolas kai̯ tʰalassan	O DE TEOS EPEN TO ABRAM META TO DIAKORISTENAI TON LOT AP AUTU ANABLEPSAS TOIS OPTALMOIS SU IDE APO TU TOPU U NUN SU E PROS BORRAN KAI LIBA KAI ANATOLAS KAI TALASSAN	ud_ancient_greek_ptnk	4th-5th c. CE (Codex Alexandrinus)	religious	translit_map
ud_ancient_greek_ptnk_Septuagint-Genesis-13:15-grc	ὅτι πᾶσαν τὴν γῆν, ἣν σὺ ὁρᾷς, σοί δώσω αὐτὴν καὶ τῷ σπέρματί σου ἕως τοῦ αἰῶνος.	oti pasan tɛːn ɡɛːn ɛːn sy oras soi̯ dɔːsɔː au̯tɛːn kai̯ tɔː spermati suː eɔːs tuː ai̯ɔːnos	OTI PASAN TEN GEN EN SU ORAS SOI DOSO AUTEN KAI TO SPERMATI SU EOS TU AIONOS	ud_ancient_greek_ptnk	4th-5th c. CE (Codex Alexandrinus)	religious	translit_map
ud_ancient_greek_ptnk_Septuagint-Genesis-13:16-grc	καὶ ποιήσω τὸ σπέρμα σου ὡς τὴν ἄμμον τῆς γῆς· εἰ δύναταί τις ἐξαριθμῆσαι τὴν ἄμμον τῆς γῆς, καὶ τὸ σπέρμα σου ἐξαριθμηθήσεται.	kai̯ poi̯ɛːsɔː to sperma suː ɔːs tɛːn ammon tɛːs ɡɛːs eː dynatai̯ tis eksaritʰmɛːsai̯ tɛːn ammon tɛːs ɡɛːs kai̯ to sperma suː eksaritʰmɛːtʰɛːsetai̯	KAI POIESO TO SPERMA SU OS TEN AMMON TES GES E DUNATAI TIS EKSARITMESAI TEN AMMON TES GES KAI TO SPERMA SU EKSARITMETESETAI	ud_ancient_greek_ptnk	4th-5th c. CE (Codex Alexandrinus)	religious	translit_map
ud_ancient_greek_ptnk_Septuagint-Genesis-13:17-grc	ἀναστὰς διόδευσον τὴν γῆν εἴς τε τὸ μῆκος αὐτῆς καὶ εἰς τὸ πλάτος, ὅτι σοί δώσω αὐτήν.	anastas diodeu̯son tɛːn ɡɛːn eːs te to mɛːkos au̯tɛːs kai̯ eːs to platos oti soi̯ dɔːsɔː au̯tɛːn	ANASTAS DIODEUSON TEN GEN ES TE TO MEKOS AUTES KAI ES TO PLATOS OTI SOI DOSO AUTEN	ud_ancient_greek_ptnk	4th-5th c. CE (Codex Alexandrinus)	religious	translit_map
ud_ancient_greek_ptnk_Septuagint-Genesis-13:18-grc	καὶ ἀποσκηνώσας Ἅβραμ ἐλθὼν κατῴκησεν παρὰ τὴν δρῦν τὴν Μαμβρῆ, ἣ ἦν ἐν Χεβρών, καὶ ᾠκοδόμησεν ἐκεῖ θυσιαστήριον κυρίῳ.	kai̯ aposkɛːnɔːsas abram eltʰɔːn katɔːkɛːsen para tɛːn dryn tɛːn mambrɛː ɛː ɛːn en kʰebrɔːn kai̯ ɔːkodomɛːsen ekeː tʰysiastɛːrion kyriɔː	KAI APOSKENOSAS ABRAM ELTON KATOKESEN PARA TEN DRUN TEN MAMBRE E EN EN KEBRON KAI OKODOMESEN EKE TUSIASTERION KURIO	ud_ancient_greek_ptnk	4th-5th c. CE (Codex Alexandrinus)	religious	translit_map
ud_ancient_greek_ptnk_Septuagint-Genesis-14:1-grc	ἐγένετο δὲ ἐν τῇ βασιλείᾳ τῇ Ἀμαρφὰλ βασιλέως Σενναάρ, Ἀριὼχ βασιλεὺς Ἑλλασὰρ καὶ Χοδολλογομὸρ βασιλεὺς Αἰλὰμ καὶ Θαργὰλ βασιλεὺς ἐθνῶν	eɡeneto de en tɛː basileːa tɛː amarpʰal basileɔːs sennaar ariɔːkʰ basileu̯s ellasar kai̯ kʰodolloɡomor basileu̯s ai̯lam kai̯ tʰarɡal basileu̯s etʰnɔːn	EGENETO DE EN TE BASILEA TE AMARPAL BASILEOS SENNAAR ARIOK BASILEUS ELLASAR KAI KODOLLOGOMOR BASILEUS AILAM KAI TARGAL BASILEUS ETNON	ud_ancient_greek_ptnk	4th-5th c. CE (Codex Alexandrinus)	religious	translit_map
ud_ancient_greek_ptnk_Septuagint-Genesis-14:2-grc	ἐποίησαν πόλεμον μετὰ Βαλλὰ βασιλέως Σοδόμων καὶ μετὰ Βαρσὰ βασιλέως Γομόρρας καὶ Σενναὰρ βασιλέως Ἀδαμὰ καὶ Συμοβὸρ βασιλέως Σεβωῒμ καὶ βασιλέως Βαλὰκ (αὕτη ἐστὶν Σηγὼρ).	epoi̯ɛːsan polemon meta balla basileɔːs sodomɔːn kai̯ meta barsa basileɔːs ɡomorras kai̯ sennaar basileɔːs adama kai̯ symobor basileɔːs sebɔːi̯m kai̯ basileɔːs balak au̯tɛː estin sɛːɡɔːr	EPOIESAN POLEMON META BALLA BASILEOS SODOMON KAI META BARSA BASILEOS GOMORRAS KAI SENNAAR BASILEOS ADAMA KAI SUMOBOR BASILEOS SEBOIM KAI BASILEOS BALAK AUTE ESTIN SEGOR	ud_ancient_greek_ptnk	4th-5th c. CE (Codex Alexandrinus)	religious	translit_map
ud_ancient_greek_ptnk_Septuagint-Genesis-14:3-grc	πάντες οὗτοι συνεφώνησαν ἐπὶ τὴν φάραγγα τὴν ἁλυκήν (αὕτη ἡ θάλασσα τῶν ἁλῶν).	pantes uːtoi̯ synepʰɔːnɛːsan epi tɛːn pʰaraŋɡa tɛːn alykɛːn au̯tɛː ɛː tʰalassa tɔːn alɔːn	PANTES UTOI SUNEPONESAN EPI TEN PARANGA TEN ALUKEN AUTE E TALASSA TON ALON	ud_ancient_greek_ptnk	4th-5th c. CE (Codex Alexandrinus)	religious	translit_map
ud_ancient_greek_ptnk_Septuagint-Genesis-14:4-grc	δώδεκα ἔτη ἐδούλευον τῷ Χοδολλογομόρ, τῷ δὲ τρισκαιδεκάτῳ ἔτει ἀπέστησαν.	dɔːdeka etɛː eduːleu̯on tɔː kʰodolloɡomor tɔː de triskai̯dekatɔː eteː apestɛːsan	DODEKA ETE EDULEUON TO KODOLLOGOMOR TO DE TRISKAIDEKATO ETE APESTESAN	ud_ancient_greek_ptnk	4th-5th c. CE (Codex Alexandrinus)	religious	translit_map
ud_ancient_greek_ptnk_Septuagint-Genesis-14:5-6-grc	ἐν δὲ τῷ τεσσαρεσκαιδεκάτῳ ἔτει ἦλθεν Χοδολλογομὸρ καὶ οἱ βασιλεῖς οἱ μετ᾿ αὐτοῦ καὶ κατέκοψαν τοὺς γίγαντας τοὺς ἐν Ἀσταρὼθ Καρναὶν καὶ ἔθνη ἰσχυρὰ ἅμα αὐτοῖς καὶ τοὺς Ὀμμαίους τοὺς ἐν Σαυῇ τῇ πόλει καὶ τοὺς Χορραίους τοὺς ἐν τοῖς ὄρεσιν Σηὶρ ἕως τῆς τερεμίνθου τῆς Φαράν, ἥ ἐστιν ἐν τῇ ἐρήμῳ.	en de tɔː tessareskai̯dekatɔː eteː ɛːltʰen kʰodolloɡomor kai̯ oi̯ basileːs oi̯ met au̯tuː kai̯ katekopsan tuːs ɡiɡantas tuːs en astarɔːtʰ karnai̯n kai̯ etʰnɛː iskʰyra ama au̯toi̯s kai̯ tuːs ommai̯uːs tuːs en sau̯ɛː tɛː poleː kai̯ tuːs kʰorrai̯uːs tuːs en toi̯s oresin sɛːi̯r eɔːs tɛːs teremintʰuː tɛːs pʰaran ɛː estin en tɛː erɛːmɔː	EN DE TO TESSARESKAIDEKATO ETE ELTEN KODOLLOGOMOR KAI OI BASILES OI MET AUTU KAI KATEKOPSAN TUS GIGANTAS TUS EN ASTAROT KARNAIN KAI ETNE ISKURA AMA AUTOIS KAI TUS OMMAIUS TUS EN SAUE TE POLE KAI TUS KORRAIUS TUS EN TOIS ORESIN SEIR EOS TES TEREMINTU TES PARAN E ESTIN EN TE EREMO	ud_ancient_greek_ptnk	4th-5th c. CE (Codex Alexandrinus)	religious	translit_map
ud_ancient_greek_ptnk_Septuagint-Genesis-14:7-grc	καὶ ἀναστρέψαντες ἤλθοσαν ἐπὶ τὴν πηγὴν τῆς κρίσεως (αὕτη ἐστὶν Κάδης) καὶ κατέκοψαν πάντας τοὺς ἄρχοντας Ἀμαλὴκ καὶ τοὺς Ἀμορραίους τοὺς κατοικοῦντας ἐν Ἀσασανθαμάρ.	kai̯ anastrepsantes ɛːltʰosan epi tɛːn pɛːɡɛːn tɛːs kriseɔːs au̯tɛː estin kadɛːs kai̯ katekopsan pantas tuːs arkʰontas amalɛːk kai̯ tuːs amorrai̯uːs tuːs katoi̯kuːntas en asasantʰamar	KAI ANASTREPSANTES ELTOSAN EPI TEN PEGEN TES KRISEOS AUTE ESTIN KADES KAI KATEKOPSAN PANTAS TUS ARKONTAS AMALEK KAI TUS AMORRAIUS TUS KATOIKUNTAS EN ASASANTAMAR	ud_ancient_greek_ptnk	4th-5th c. CE (Codex Alexandrinus)	religious	translit_map
ud_ancient_greek_ptnk_Septuagint-Genesis-14:8-9-grc	ἐξῆλθεν δὲ βασιλεὺς Σοδόμων καὶ βασιλεὺς Γομόρρας καὶ βασιλεὺς Ἀδαμὰ καὶ βασιλεὺς Σεβωῒμ καὶ βασιλεὺς Βαλὰκ (αὕτη ἐστὶν Σηγὼρ) καὶ παρετάξαντο αὐτοῖς εἰς πόλεμον ἐν τῇ κοιλάδι τῇ ἁλυκῇ, πρὸς Χοδολλογομὸρ βασιλέα Αἰλὰμ καὶ Θαργὰλ βασιλέα ἐθνῶν καὶ Ἀμαρφὰλ βασιλέα Σενναὰρ καὶ Ἀριὼχ βασιλέα Ἑλλασάρ, οἱ τέσσαρες βασιλεῖς πρὸς τοὺς πέντε.	eksɛːltʰen de basileu̯s sodomɔːn kai̯ basileu̯s ɡomorras kai̯ basileu̯s adama kai̯ basileu̯s sebɔːi̯m kai̯ basileu̯s balak au̯tɛː estin sɛːɡɔːr kai̯ paretaksanto au̯toi̯s eːs polemon en tɛː koi̯ladi tɛː alykɛː pros kʰodolloɡomor basilea ai̯lam kai̯ tʰarɡal basilea etʰnɔːn kai̯ amarpʰal basilea sennaar kai̯ ariɔːkʰ basilea ellasar oi̯ tessares basileːs pros tuːs pente	EKSELTEN DE BASILEUS SODOMON KAI BASILEUS GOMORRAS KAI BASILEUS ADAMA KAI BASILEUS SEBOIM KAI BASILEUS BALAK AUTE ESTIN SEGOR KAI PARETAKSANTO AUTOIS ES POLEMON EN TE KOILADI TE ALUKE PROS KODOLLOGOMOR BASILEA AILAM KAI TARGAL BASILEA ETNON KAI AMARPAL BASILEA SENNAAR KAI ARIOK BASILEA ELLASAR OI TESSARES BASILES PROS TUS PENTE	ud_ancient_greek_ptnk	4th-5th c. CE (Codex Alexandrinus)	religious	translit_map
ud_ancient_greek_ptnk_Septuagint-Genesis-14:10-grc	ἡ δὲ κοιλὰς ἡ ἁλυκὴ φρέατα ἀσφάλτου· ἔφυγεν δὲ βασιλεὺς Σοδόμων καὶ βασιλεὺς Γομόρρας καὶ ἐνέπεσαν ἐκεῖ, οἱ δὲ καταλειφθέντες εἰς τὴν ὀρεινὴν ἔφυγον.	ɛː de koi̯las ɛː alykɛː pʰreata aspʰaltuː epʰyɡen de basileu̯s sodomɔːn kai̯ basileu̯s ɡomorras kai̯ enepesan ekeː oi̯ de kataleːpʰtʰentes eːs tɛːn oreːnɛːn epʰyɡon	E DE KOILAS E ALUKE PREATA ASPALTU EPUGEN DE BASILEUS SODOMON KAI BASILEUS GOMORRAS KAI ENEPESAN EKE OI DE KATALEPTENTES ES TEN ORENEN EPUGON	ud_ancient_greek_ptnk	4th-5th c. CE (Codex Alexandrinus)	religious	translit_map
ud_ancient_greek_ptnk_Septuagint-Genesis-14:11-grc	ἔλαβον δὲ τὴν ἵππον πᾶσαν τὴν Σοδόμων καὶ Γομόρρας καὶ πάντα τὰ βρώματα αὐτῶν καὶ ἀπῆλθον.	elabon de tɛːn ippon pasan tɛːn sodomɔːn kai̯ ɡomorras kai̯ panta ta brɔːmata au̯tɔːn kai̯ apɛːltʰon	ELABON DE TEN IPPON PASAN TEN SODOMON KAI GOMORRAS KAI PANTA TA BROMATA AUTON KAI APELTON	ud_ancient_greek_ptnk	4th-5th c. CE (Codex Alexandrinus)	religious	translit_map
ud_ancient_greek_ptnk_Septuagint-Genesis-14:12-grc	ἔλαβον δὲ καὶ τὸν Λὼτ υἱὸν τοῦ ἀδελφοῦ Ἅβραμ καὶ τὴν ἀποσκευὴν αὐτοῦ καὶ ἀπῴχοντο· ἦν γὰρ κατοικῶν ἐν Σοδόμοις.	elabon de kai̯ ton lɔːt yi̯on tuː adelpʰuː abram kai̯ tɛːn aposkeu̯ɛːn au̯tuː kai̯ apɔːkʰonto ɛːn ɡar katoi̯kɔːn en sodomoi̯s	ELABON DE KAI TON LOT UION TU ADELPU ABRAM KAI TEN APOSKEUEN AUTU KAI APOKONTO EN GAR KATOIKON EN SODOMOIS	ud_ancient_greek_ptnk	4th-5th c. CE (Codex Alexandrinus)	religious	translit_map
ud_ancient_greek_ptnk_Septuagint-Genesis-14:13-grc	παραγενόμενος δὲ τῶν ἀνασωθέντων τις ἀπήγγειλεν Ἅβραμ τῷ περάτῃ· αὐτὸς δὲ κατῴκει πρὸς τῇ δρυὶ τῇ Μαμβρῆ ὁ Ἀμορὶς τοῦ ἀδελφοῦ Ἐσχὼλ καὶ ἀδελφοῦ Αὐνάν, οἳ ἦσαν συνωμόται τοῦ Ἅβραμ.	paraɡenomenos de tɔːn anasɔːtʰentɔːn tis apɛːŋɡeːlen abram tɔː peratɛː au̯tos de katɔːkeː pros tɛː dryi̯ tɛː mambrɛː o amoris tuː adelpʰuː eskʰɔːl kai̯ adelpʰuː au̯nan oi̯ ɛːsan synɔːmotai̯ tuː abram	PARAGENOMENOS DE TON ANASOTENTON TIS APENGELEN ABRAM TO PERATE AUTOS DE KATOKE PROS TE DRUI TE MAMBRE O AMORIS TU ADELPU ESKOL KAI ADELPU AUNAN OI ESAN SUNOMOTAI TU ABRAM	ud_ancient_greek_ptnk	4th-5th c. CE (Codex Alexandrinus)	religious	translit_map
ud_ancient_greek_ptnk_Septuagint-Genesis-14:14-grc	ἀκούσας δὲ Ἅβραμ ὅτι ᾐχμαλώτευται Λὼτ ὁ ἀδελφὸς αὐτοῦ, ἠρίθμησεν τοὺς ἰδίους οἰκογενεῖς αὐτοῦ, τριακοσίους δέκα καὶ ὀκτώ, καὶ κατεδίωξεν ὀπίσω αὐτῶν ἕως Δάν.	akuːsas de abram oti ɛːkʰmalɔːteu̯tai̯ lɔːt o adelpʰos au̯tuː ɛːritʰmɛːsen tuːs idiuːs oi̯koɡeneːs au̯tuː triakosiuːs deka kai̯ oktɔː kai̯ katediɔːksen opisɔː au̯tɔːn eɔːs dan	AKUSAS DE ABRAM OTI EKMALOTEUTAI LOT O ADELPOS AUTU ERITMESEN TUS IDIUS OIKOGENES AUTU TRIAKOSIUS DEKA KAI OKTO KAI KATEDIOKSEN OPISO AUTON EOS DAN	ud_ancient_greek_ptnk	4th-5th c. CE (Codex Alexandrinus)	religious	translit_map
ud_ancient_greek_ptnk_Septuagint-Genesis-14:15-grc	καὶ ἐπέπεσεν ἐπ᾿ αὐτοὺς τὴν νύκτα, αὐτὸς καὶ οἱ παῖδες αὐτοῦ, καὶ ἐπάταξεν αὐτοὺς καὶ ἐδίωξεν αὐτοὺς ἕως Χωβά, ἥ ἐστιν ἐν ἀριστερᾷ Δαμασκοῦ.	kai̯ epepesen ep au̯tuːs tɛːn nykta au̯tos kai̯ oi̯ pai̯des au̯tuː kai̯ epataksen au̯tuːs kai̯ ediɔːksen au̯tuːs eɔːs kʰɔːba ɛː estin en aristera damaskuː	KAI EPEPESEN EP AUTUS TEN NUKTA AUTOS KAI OI PAIDES AUTU KAI EPATAKSEN AUTUS KAI EDIOKSEN AUTUS EOS KOBA E ESTIN EN ARISTERA DAMASKU	ud_ancient_greek_ptnk	4th-5th c. CE (Codex Alexandrinus)	religious	translit_map
ud_ancient_greek_ptnk_Septuagint-Genesis-14:16-grc	καὶ ἀπέστρεψεν πᾶσαν τὴν ἵππον Σοδόμων, καὶ Λὼτ τὸν ἀδελφὸν αὐτοῦ ἀπέστρεψεν καὶ τὰ ὑπάρχοντα αὐτοῦ καὶ τὰς γυναῖκας καὶ τὸν λαόν.	kai̯ apestrepsen pasan tɛːn ippon sodomɔːn kai̯ lɔːt ton adelpʰon au̯tuː apestrepsen kai̯ ta yparkʰonta au̯tuː kai̯ tas ɡynai̯kas kai̯ ton laon	KAI APESTREPSEN PASAN TEN IPPON SODOMON KAI LOT TON ADELPON AUTU APESTREPSEN KAI TA UPARKONTA AUTU KAI TAS GUNAIKAS KAI TON LAON	ud_ancient_greek_ptnk	4th-5th c. CE (Codex Alexandrinus)	religious	translit_map
ud_ancient_greek_ptnk_Septuagint-Genesis-14:17-grc	ἐξῆλθεν δὲ βασιλεὺς Σοδόμων εἰς συνάντησιν αὐτῷ— μετὰ τὸ ἀναστρέψαι αὐτὸν ἀπὸ τῆς κοπῆς τοῦ Χοδολλογομὸρ καὶ τῶν βασιλέων τῶν μετ᾿ αὐτοῦ— εἰς τὴν κοιλάδα τὴν Σαυῇ (τοῦτο ἦν τὸ πεδίον βασιλέως).	eksɛːltʰen de basileu̯s sodomɔːn eːs synantɛːsin au̯tɔː meta to anastrepsai̯ au̯ton apo tɛːs kopɛːs tuː kʰodolloɡomor kai̯ tɔːn basileɔːn tɔːn met au̯tuː eːs tɛːn koi̯lada tɛːn sau̯ɛː tuːto ɛːn to pedion basileɔːs	EKSELTEN DE BASILEUS SODOMON ES SUNANTESIN AUTO META TO ANASTREPSAI AUTON APO TES KOPES TU KODOLLOGOMOR KAI TON BASILEON TON MET AUTU ES TEN KOILADA TEN SAUE TUTO EN TO PEDION BASILEOS	ud_ancient_greek_ptnk	4th-5th c. CE (Codex Alexandrinus)	religious	translit_map
ud_ancient_greek_ptnk_Septuagint-Genesis-14:18-grc	καὶ Μελχισέδεκ βασιλεὺς Σαλὴμ ἐξήνεγκεν ἄρτους καὶ οἶνον· ἦν δὲ ἱερεὺς τοῦ θεοῦ τοῦ ὑψίστου.	kai̯ melkʰisedek basileu̯s salɛːm eksɛːneŋken artuːs kai̯ oi̯non ɛːn de iereu̯s tuː tʰeuː tuː ypsistuː	KAI MELKISEDEK BASILEUS SALEM EKSENENKEN ARTUS KAI OINON EN DE IEREUS TU TEU TU UPSISTU	ud_ancient_greek_ptnk	4th-5th c. CE (Codex Alexandrinus)	religious	translit_map
ud_ancient_greek_ptnk_Septuagint-Genesis-14:19-grc	καὶ ηὐλόγησεν τὸν Ἅβραμ καὶ εἶπεν, εὐλογημένος Ἅβραμ τῷ θεῷ τῷ ὑψίστῳ, ὃς ἔκτισεν τὸν οὐρανὸν καὶ τὴν γῆν,	kai̯ ɛːyloɡɛːsen ton abram kai̯ eːpen eu̯loɡɛːmenos abram tɔː tʰeɔː tɔː ypsistɔː os ektisen ton uːranon kai̯ tɛːn ɡɛːn	KAI EULOGESEN TON ABRAM KAI EPEN EULOGEMENOS ABRAM TO TEO TO UPSISTO OS EKTISEN TON URANON KAI TEN GEN	ud_ancient_greek_ptnk	4th-5th c. CE (Codex Alexandrinus)	religious	translit_map
ud_ancient_greek_ptnk_Septuagint-Genesis-14:20-grc	καὶ εὐλογητὸς ὁ θεὸς ὁ ὕψιστος, ὃς παρέδωκεν τοὺς ἐχθρούς σου ὑποχειρίους σοι. καὶ ἔδωκεν αὐτῷ δεκάτην ἀπὸ πάντων.	kai̯ eu̯loɡɛːtos o tʰeos o ypsistos os paredɔːken tuːs ekʰtʰruːs suː ypokʰeːriuːs soi̯ kai̯ edɔːken au̯tɔː dekatɛːn apo pantɔːn	KAI EULOGETOS O TEOS O UPSISTOS OS PAREDOKEN TUS EKTRUS SU UPOKERIUS SOI KAI EDOKEN AUTO DEKATEN APO PANTON	ud_ancient_greek_ptnk	4th-5th c. CE (Codex Alexandrinus)	religious	translit_map
ud_ancient_greek_ptnk_Septuagint-Genesis-14:21-grc	εἶπεν δὲ βασιλεὺς Σοδόμων πρὸς Ἅβραμ, δός μοι τοὺς ἄνδρας, τὴν δὲ ἵππον λαβὲ σεαυτῷ	eːpen de basileu̯s sodomɔːn pros abram dos moi̯ tuːs andras tɛːn de ippon labe seau̯tɔː	EPEN DE BASILEUS SODOMON PROS ABRAM DOS MOI TUS ANDRAS TEN DE IPPON LABE SEAUTO	ud_ancient_greek_ptnk	4th-5th c. CE (Codex Alexandrinus)	religious	translit_map
ud_ancient_greek_ptnk_Septuagint-Genesis-14:22-grc	εἶπεν δὲ Ἅβραμ πρὸς βασιλέα Σοδόμων, ἐκτενῶ τὴν χεῖρά μου πρὸς τὸν θεὸν τὸν ὕψιστον, ὃς ἔκτισεν τὸν οὐρανὸν καὶ τὴν γῆν,	eːpen de abram pros basilea sodomɔːn ektenɔː tɛːn kʰeːra muː pros ton tʰeon ton ypsiston os ektisen ton uːranon kai̯ tɛːn ɡɛːn	EPEN DE ABRAM PROS BASILEA SODOMON EKTENO TEN KERA MU PROS TON TEON TON UPSISTON OS EKTISEN TON URANON KAI TEN GEN	ud_ancient_greek_ptnk	4th-5th c. CE (Codex Alexandrinus)	religious	translit_map
ud_ancient_greek_ptnk_Septuagint-Genesis-14:23-grc	εἰ ἀπὸ σπαρτίου ἕως σφαιρωτῆρος ὑποδήματος λήμψομαι ἀπὸ πάντων τῶν σῶν, ἵνα μὴ εἴπῃς ὅτι, ἐγὼ ἐπλούτισα τὸν Ἅβραμ·	eː apo spartiuː eɔːs spʰai̯rɔːtɛːros ypodɛːmatos lɛːmpsomai̯ apo pantɔːn tɔːn sɔːn ina mɛː eːpɛːs oti eɡɔː epluːtisa ton abram	E APO SPARTIU EOS SPAIROTEROS UPODEMATOS LEMPSOMAI APO PANTON TON SON INA ME EPES OTI EGO EPLUTISA TON ABRAM	ud_ancient_greek_ptnk	4th-5th c. CE (Codex Alexandrinus)	religious	translit_map
ud_ancient_greek_ptnk_Septuagint-Genesis-14:24-grc	πλὴν ὧν ἔφαγον οἱ νεανίσκοι καὶ τῆς μερίδος τῶν ἀνδρῶν τῶν συμπορευθέντων μετ᾿ ἐμοῦ, Ἐσχώλ, Αὐνάν, Μαμβρῆ, οὗτοι λήμψονται μερίδα.	plɛːn ɔːn epʰaɡon oi̯ neaniskoi̯ kai̯ tɛːs meridos tɔːn andrɔːn tɔːn symporeu̯tʰentɔːn met emuː eskʰɔːl au̯nan mambrɛː uːtoi̯ lɛːmpsontai̯ merida	PLEN ON EPAGON OI NEANISKOI KAI TES MERIDOS TON ANDRON TON SUMPOREUTENTON MET EMU ESKOL AUNAN MAMBRE UTOI LEMPSONTAI MERIDA	ud_ancient_greek_ptnk	4th-5th c. CE (Codex Alexandrinus)	religious	translit_map
ud_ancient_greek_ptnk_Septuagint-Genesis-15:1-grc	μετὰ δὲ τὰ ῥήματα ταῦτα ἐγενήθη ῥῆμα κυρίου πρὸς Ἅβραμ ἐν ὁράματι λέγων, μὴ φοβοῦ, Ἅβραμ· ἐγὼ ὑπερασπίζω σου· ὁ μισθός σου πολὺς ἔσται σφόδρα.	meta de ta rɛːmata tau̯ta eɡenɛːtʰɛː rɛːma kyriuː pros abram en oramati leɡɔːn mɛː pʰobuː abram eɡɔː yperaspizdɔː suː o mistʰos suː polys estai̯ spʰodra	META DE TA REMATA TAUTA EGENETE REMA KURIU PROS ABRAM EN ORAMATI LEGON ME POBU ABRAM EGO UPERASPISDO SU O MISTOS SU POLUS ESTAI SPODRA	ud_ancient_greek_ptnk	4th-5th c. CE (Codex Alexandrinus)	religious	translit_map
ud_ancient_greek_ptnk_Septuagint-Genesis-15:2-grc	λέγει δὲ Ἅβραμ, δέσποτα, τί μοι δώσεις; ἐγὼ δὲ ἀπολύομαι ἄτεκνος· ὁ δὲ υἱὸς Μασὲκ τῆς οἰκογενοῦς μου, οὗτος Δαμασκὸς Ἐλιέζερ.	leɡeː de abram despota ti moi̯ dɔːseːs eɡɔː de apolyomai̯ ateknos o de yi̯os masek tɛːs oi̯koɡenuːs muː uːtos damaskos eliezder	LEGE DE ABRAM DESPOTA TI MOI DOSES EGO DE APOLUOMAI ATEKNOS O DE UIOS MASEK TES OIKOGENUS MU UTOS DAMASKOS ELIESDER	ud_ancient_greek_ptnk	4th-5th c. CE (Codex Alexandrinus)	religious	translit_map
ud_ancient_greek_ptnk_Septuagint-Genesis-15:3-grc	καὶ εἶπεν Ἅβραμ, ἐπειδὴ ἐμοὶ οὐκ ἔδωκας σπέρμα, ὁ δὲ οἰκογενής μου κληρονομήσει με.	kai̯ eːpen abram epeːdɛː emoi̯ uːk edɔːkas sperma o de oi̯koɡenɛːs muː klɛːronomɛːseː me	KAI EPEN ABRAM EPEDE EMOI UK EDOKAS SPERMA O DE OIKOGENES MU KLERONOMESE ME	ud_ancient_greek_ptnk	4th-5th c. CE (Codex Alexandrinus)	religious	translit_map
ud_ancient_greek_ptnk_Septuagint-Genesis-15:4-grc	καὶ εὐθὺς φωνὴ κυρίου ἐγένετο πρὸς αὐτὸν λέγων, οὐ κληρονομήσει σὲ οὗτος, ἀλλ᾿ ὃς ἐξελεύσεται ἐκ σου οὗτος κληρονομήσει σε.	kai̯ eu̯tʰys pʰɔːnɛː kyriuː eɡeneto pros au̯ton leɡɔːn uː klɛːronomɛːseː se uːtos all os ekseleu̯setai̯ ek suː uːtos klɛːronomɛːseː se	KAI EUTUS PONE KURIU EGENETO PROS AUTON LEGON U KLERONOMESE SE UTOS ALL OS EKSELEUSETAI EK SU UTOS KLERONOMESE SE	ud_ancient_greek_ptnk	4th-5th c. CE (Codex Alexandrinus)	religious	translit_map
ud_ancient_greek_ptnk_Septuagint-Genesis-15:5-grc	ἐξήγαγεν δὲ αὐτὸν ἔξω καὶ εἶπεν αὐτῷ, ἀνάβλεψον δὴ εἰς τὸν οὐρανὸν καὶ ἀρίθμησον τοὺς ἀστέρας, εἰ δυνήσῃ ἐξαριθμῆσαι αὐτούς. καὶ εἶπεν, οὕτως ἔσται τὸ σπέρμα σου.	eksɛːɡaɡen de au̯ton eksɔː kai̯ eːpen au̯tɔː anablepson dɛː eːs ton uːranon kai̯ aritʰmɛːson tuːs asteras eː dynɛːsɛː eksaritʰmɛːsai̯ au̯tuːs kai̯ eːpen uːtɔːs estai̯ to sperma suː	EKSEGAGEN DE AUTON EKSO KAI EPEN AUTO ANABLEPSON DE ES TON URANON KAI ARITMESON TUS ASTERAS E DUNESE EKSARITMESAI AUTUS KAI EPEN UTOS ESTAI TO SPERMA SU	ud_ancient_greek_ptnk	4th-5th c. CE (Codex Alexandrinus)	religious	translit_map
ud_ancient_greek_ptnk_Septuagint-Genesis-15:6-grc	καὶ ἐπίστευσεν Ἅβραμ τῷ θεῷ, καὶ ἐλογίσθη αὐτῷ εἰς δικαιοσύνην.	kai̯ episteu̯sen abram tɔː tʰeɔː kai̯ eloɡistʰɛː au̯tɔː eːs dikai̯osynɛːn	KAI EPISTEUSEN ABRAM TO TEO KAI ELOGISTE AUTO ES DIKAIOSUNEN	ud_ancient_greek_ptnk	4th-5th c. CE (Codex Alexandrinus)	religious	translit_map
ud_ancient_greek_ptnk_Septuagint-Genesis-15:7-grc	εἶπεν δὲ πρὸς αὐτόν, ἐγὼ ὁ θεὸς ὁ ἐξαγαγών σὲ ἐκ χώρας Χαλδαίων ὥστε δοῦναί σοί τὴν γῆν ταύτην κληρονομῆσαι.	eːpen de pros au̯ton eɡɔː o tʰeos o eksaɡaɡɔːn se ek kʰɔːras kʰaldai̯ɔːn ɔːste duːnai̯ soi̯ tɛːn ɡɛːn tau̯tɛːn klɛːronomɛːsai̯	EPEN DE PROS AUTON EGO O TEOS O EKSAGAGON SE EK KORAS KALDAION OSTE DUNAI SOI TEN GEN TAUTEN KLERONOMESAI	ud_ancient_greek_ptnk	4th-5th c. CE (Codex Alexandrinus)	religious	translit_map
ud_ancient_greek_ptnk_Septuagint-Genesis-15:8-grc	εἶπεν δέ, δέσποτα κύριε, κατὰ τί γνώσομαι ὅτι κληρονομήσω αὐτήν;	eːpen de despota kyrie kata ti ɡnɔːsomai̯ oti klɛːronomɛːsɔː au̯tɛːn	EPEN DE DESPOTA KURIE KATA TI GNOSOMAI OTI KLERONOMESO AUTEN	ud_ancient_greek_ptnk	4th-5th c. CE (Codex Alexandrinus)	religious	translit_map
ud_ancient_greek_ptnk_Septuagint-Genesis-15:9-grc	εἶπεν δὲ αὐτῷ, λαβέ μοι δάμαλιν τριετίζουσαν καὶ αἶγα τριετίζουσαν καὶ κριὸν τριετίζοντα καὶ τρυγόνα καὶ περιστεράν.	eːpen de au̯tɔː labe moi̯ damalin trietizduːsan kai̯ ai̯ɡa trietizduːsan kai̯ krion trietizdonta kai̯ tryɡona kai̯ peristeran	EPEN DE AUTO LABE MOI DAMALIN TRIETISDUSAN KAI AIGA TRIETISDUSAN KAI KRION TRIETISDONTA KAI TRUGONA KAI PERISTERAN	ud_ancient_greek_ptnk	4th-5th c. CE (Codex Alexandrinus)	religious	translit_map
ud_ancient_greek_ptnk_Septuagint-Genesis-15:10-grc	ἔλαβεν δὲ αὐτῷ πάντα ταῦτα καὶ διεῖλεν αὐτὰ μέσα καὶ ἔθηκεν αὐτὰ ἀντιπρόσωπα ἀλλήλοις, τὰ δὲ ὄρνεα οὐ διεῖλεν.	elaben de au̯tɔː panta tau̯ta kai̯ dieːlen au̯ta mesa kai̯ etʰɛːken au̯ta antiprosɔːpa allɛːloi̯s ta de ornea uː dieːlen	ELABEN DE AUTO PANTA TAUTA KAI DIELEN AUTA MESA KAI ETEKEN AUTA ANTIPROSOPA ALLELOIS TA DE ORNEA U DIELEN	ud_ancient_greek_ptnk	4th-5th c. CE (Codex Alexandrinus)	religious	translit_map
ud_ancient_greek_ptnk_Septuagint-Genesis-15:11-grc	κατέβη δὲ ὄρνεα ἐπὶ τὰ σώματα, τὰ διχοτομήματα αὐτῶν, καὶ συνεκάθισεν αὐτοῖς Ἅβραμ.	katebɛː de ornea epi ta sɔːmata ta dikʰotomɛːmata au̯tɔːn kai̯ synekatʰisen au̯toi̯s abram	KATEBE DE ORNEA EPI TA SOMATA TA DIKOTOMEMATA AUTON KAI SUNEKATISEN AUTOIS ABRAM	ud_ancient_greek_ptnk	4th-5th c. CE (Codex Alexandrinus)	religious	translit_map
ud_ancient_greek_ptnk_Septuagint-Genesis-15:12-grc	περὶ δὲ ἡλίου δυσμὰς ἔκστασις ἐπέπεσεν τῷ Ἅβραμ, καὶ ἰδοὺ φόβος σκοτεινὸς μέγας ἐπιπίπτει αὐτῷ.	peri de ɛːliuː dysmas ekstasis epepesen tɔː abram kai̯ iduː pʰobos skoteːnos meɡas epipipteː au̯tɔː	PERI DE ELIU DUSMAS EKSTASIS EPEPESEN TO ABRAM KAI IDU POBOS SKOTENOS MEGAS EPIPIPTE AUTO	ud_ancient_greek_ptnk	4th-5th c. CE (Codex Alexandrinus)	religious	translit_map
ud_ancient_greek_ptnk_Septuagint-Genesis-15:13-grc	καὶ ἐρρέθη πρὸς Ἅβραμ, γινώσκων γνώσῃ ὅτι πάροικον ἔσται τὸ σπέρμα σου ἐν γῇ οὐκ ἰδίᾳ, καὶ δουλώσουσιν αὐτοὺς καὶ κακώσουσιν αὐτοὺς καὶ ταπεινώσουσιν αὐτοὺς τετρακόσια ἔτη.	kai̯ erretʰɛː pros abram ɡinɔːskɔːn ɡnɔːsɛː oti paroi̯kon estai̯ to sperma suː en ɡɛː uːk idia kai̯ duːlɔːsuːsin au̯tuːs kai̯ kakɔːsuːsin au̯tuːs kai̯ tapeːnɔːsuːsin au̯tuːs tetrakosia etɛː	KAI ERRETE PROS ABRAM GINOSKON GNOSE OTI PAROIKON ESTAI TO SPERMA SU EN GE UK IDIA KAI DULOSUSIN AUTUS KAI KAKOSUSIN AUTUS KAI TAPENOSUSIN AUTUS TETRAKOSIA ETE	ud_ancient_greek_ptnk	4th-5th c. CE (Codex Alexandrinus)	religious	translit_map
ud_ancient_greek_ptnk_Septuagint-Genesis-15:14-grc	τὸ δὲ ἔθνος, ᾧ ἐὰν δουλεύσωσιν, κρινῶ ἐγώ· μετὰ δὲ ταῦτα ἐξελεύσονται ὧδε μετὰ ἀποσκευῆς πολλῆς.	to de etʰnos ɔː ean duːleu̯sɔːsin krinɔː eɡɔː meta de tau̯ta ekseleu̯sontai̯ ɔːde meta aposkeu̯ɛːs pollɛːs	TO DE ETNOS O EAN DULEUSOSIN KRINO EGO META DE TAUTA EKSELEUSONTAI ODE META APOSKEUES POLLES	ud_ancient_greek_ptnk	4th-5th c. CE (Codex Alexandrinus)	religious	translit_map
ud_ancient_greek_ptnk_Septuagint-Genesis-15:15-grc	σὺ δὲ ἀπελεύσῃ πρὸς τοὺς πατέρας σου μετ᾿ εἰρήνης, ταφεὶς ἐν γήρει καλῷ.	sy de apeleu̯sɛː pros tuːs pateras suː met eːrɛːnɛːs tapʰeːs en ɡɛːreː kalɔː	SU DE APELEUSE PROS TUS PATERAS SU MET ERENES TAPES EN GERE KALO	ud_ancient_greek_ptnk	4th-5th c. CE (Codex Alexandrinus)	religious	translit_map
ud_ancient_greek_ptnk_Septuagint-Genesis-15:16-grc	τετάρτη δὲ γενεὰ ἀποστραφήσονται ὧδε· οὔπω γὰρ ἀναπεπλήρωνται αἱ ἁμαρτίαι τῶν Ἀμορραίων ἕως τοῦ νῦν.	tetartɛː de ɡenea apostrapʰɛːsontai̯ ɔːde uːpɔː ɡar anapeplɛːrɔːntai̯ ai̯ amartiai̯ tɔːn amorrai̯ɔːn eɔːs tuː nyn	TETARTE DE GENEA APOSTRAPESONTAI ODE UPO GAR ANAPEPLERONTAI AI AMARTIAI TON AMORRAION EOS TU NUN	ud_ancient_greek_ptnk	4th-5th c. CE (Codex Alexandrinus)	religious	translit_map
ud_ancient_greek_ptnk_Septuagint-Genesis-15:17-grc	ἐπεὶ δὲ ἐγίνετο ὁ ἥλιος πρὸς δυσμαῖς, φλὸξ ἐγένετο, καὶ ἰδοὺ κλίβανος καπνιζόμενος καὶ λαμπάδες πυρός, αἳ διῆλθον ἀνὰ μέσον τῶν διχοτομημάτων τούτων.	epeː de eɡineto o ɛːlios pros dysmai̯s pʰloks eɡeneto kai̯ iduː klibanos kapnizdomenos kai̯ lampades pyros ai̯ diɛːltʰon ana meson tɔːn dikʰotomɛːmatɔːn tuːtɔːn	EPE DE EGINETO O ELIOS PROS DUSMAIS PLOKS EGENETO KAI IDU KLIBANOS KAPNISDOMENOS KAI LAMPADES PUROS AI DIELTON ANA MESON TON DIKOTOMEMATON TUTON	ud_ancient_greek_ptnk	4th-5th c. CE (Codex Alexandrinus)	religious	translit_map
ud_ancient_greek_ptnk_Septuagint-Genesis-15:18-21-grc	ἐν τῇ ἡμέρᾳ ἐκείνῃ διέθετο κύριος τῷ Ἅβραμ διαθήκην λέγων, τῷ σπέρματί σου δώσω τὴν γῆν ταύτην ἀπὸ τοῦ ποταμοῦ Αἰγύπτου ἕως τοῦ ποταμοῦ τοῦ μεγάλου, ποταμοῦ Εὐφράτου, τοὺς Καιναίους καὶ τοὺς Κενεζαίους καὶ τοὺς Κεδμωναίους καὶ τοὺς Χετταίους καὶ τοὺς Φερεζαίους καὶ τοὺς Ῥαφαῒν καὶ τοὺς Ἀμορραίους καὶ τοὺς Χαναναίους καὶ τοὺς Εὐαίους καὶ τοὺς Γεργεσαίους καὶ τοὺς Ἰεβουσαίους.	en tɛː ɛːmera ekeːnɛː dietʰeto kyrios tɔː abram diatʰɛːkɛːn leɡɔːn tɔː spermati suː dɔːsɔː tɛːn ɡɛːn tau̯tɛːn apo tuː potamuː ai̯ɡyptuː eɔːs tuː potamuː tuː meɡaluː potamuː eu̯pʰratuː tuːs kai̯nai̯uːs kai̯ tuːs kenezdai̯uːs kai̯ tuːs kedmɔːnai̯uːs kai̯ tuːs kʰettai̯uːs kai̯ tuːs pʰerezdai̯uːs kai̯ tuːs rapʰai̯n kai̯ tuːs amorrai̯uːs kai̯ tuːs kʰananai̯uːs kai̯ tuːs eu̯ai̯uːs kai̯ tuːs ɡerɡesai̯uːs kai̯ tuːs iebuːsai̯uːs	EN TE EMERA EKENE DIETETO KURIOS TO ABRAM DIATEKEN LEGON TO SPERMATI SU DOSO TEN GEN TAUTEN APO TU POTAMU AIGUPTU EOS TU POTAMU TU MEGALU POTAMU EUPRATU TUS KAINAIUS KAI TUS KENESDAIUS KAI TUS KEDMONAIUS KAI TUS KETTAIUS KAI TUS PERESDAIUS KAI TUS RAPAIN KAI TUS AMORRAIUS KAI TUS KANANAIUS KAI TUS EUAIUS KAI TUS GERGESAIUS KAI TUS IEBUSAIUS	ud_ancient_greek_ptnk	4th-5th c. CE (Codex Alexandrinus)	religious	translit_map
ud_ancient_greek_ptnk_Septuagint-Genesis-16:1-grc	Σάρα δὲ ἡ γυνὴ Ἅβραμ οὐκ ἔτικτεν αὐτῷ. ἦν δὲ αὐτῇ παιδίσκη Αἰγυπτία ᾗ ὄνομα Ἄγαρ.	sara de ɛː ɡynɛː abram uːk etikten au̯tɔː ɛːn de au̯tɛː pai̯diskɛː ai̯ɡyptia ɛː onoma aɡar	SARA DE E GUNE ABRAM UK ETIKTEN AUTO EN DE AUTE PAIDISKE AIGUPTIA E ONOMA AGAR	ud_ancient_greek_ptnk	4th-5th c. CE (Codex Alexandrinus)	religious	translit_map
ud_ancient_greek_ptnk_Septuagint-Genesis-16:2-grc	εἶπεν δὲ Σάρα πρὸς Ἅβραμ, ἰδοὺ συνέκλεισέν με κύριος τοῦ μὴ τίκτειν· εἴσελθε οὖν πρὸς τὴν παιδίσκην μου, ἵνα τεκνοποιήσῃς ἐξ αὐτῆς. ὑπήκουσεν δὲ Ἅβραμ τῆς φωνῆς Σάρας.	eːpen de sara pros abram iduː synekleːsen me kyrios tuː mɛː tikteːn eːseltʰe uːn pros tɛːn pai̯diskɛːn muː ina teknopoi̯ɛːsɛːs eks au̯tɛːs ypɛːkuːsen de abram tɛːs pʰɔːnɛːs saras	EPEN DE SARA PROS ABRAM IDU SUNEKLESEN ME KURIOS TU ME TIKTEN ESELTE UN PROS TEN PAIDISKEN MU INA TEKNOPOIESES EKS AUTES UPEKUSEN DE ABRAM TES PONES SARAS	ud_ancient_greek_ptnk	4th-5th c. CE (Codex Alexandrinus)	religious	translit_map
ud_ancient_greek_ptnk_Septuagint-Genesis-16:3-grc	καὶ λαβοῦσα Σάρα ἡ γυνὴ Ἅβραμ Ἄγαρ τὴν Αἰγυπτίαν τὴν ἑαυτῆς παιδίσκην μετὰ— δέκα ἔτη τοῦ οἰκῆσαι Ἅβραμ ἐν γῇ Χαναάν— καὶ ἔδωκεν αὐτὴν Ἅβραμ τῷ ἀνδρὶ αὐτῆς αὐτῷ γυναῖκα.	kai̯ labuːsa sara ɛː ɡynɛː abram aɡar tɛːn ai̯ɡyptian tɛːn eau̯tɛːs pai̯diskɛːn meta deka etɛː tuː oi̯kɛːsai̯ abram en ɡɛː kʰanaan kai̯ edɔːken au̯tɛːn abram tɔː andri au̯tɛːs au̯tɔː ɡynai̯ka	KAI LABUSA SARA E GUNE ABRAM AGAR TEN AIGUPTIAN TEN EAUTES PAIDISKEN META DEKA ETE TU OIKESAI ABRAM EN GE KANAAN KAI EDOKEN AUTEN ABRAM TO ANDRI AUTES AUTO GUNAIKA	ud_ancient_greek_ptnk	4th-5th c. CE (Codex Alexandrinus)	religious	translit_map
ud_ancient_greek_ptnk_Septuagint-Genesis-16:4-grc	καὶ εἰσῆλθεν πρὸς Ἄγαρ, καὶ συνέλαβεν καὶ εἶδεν ὅτι ἐν γαστρὶ ἔχει, καὶ ἠτιμάσθη ἡ κυρία ἐναντίον αὐτῆς.	kai̯ eːsɛːltʰen pros aɡar kai̯ synelaben kai̯ eːden oti en ɡastri ekʰeː kai̯ ɛːtimastʰɛː ɛː kyria enantion au̯tɛːs	KAI ESELTEN PROS AGAR KAI SUNELABEN KAI EDEN OTI EN GASTRI EKE KAI ETIMASTE E KURIA ENANTION AUTES	ud_ancient_greek_ptnk	4th-5th c. CE (Codex Alexandrinus)	religious	translit_map
ud_ancient_greek_ptnk_Septuagint-Genesis-16:5-grc	εἶπεν δὲ Σάρα πρὸς Ἅβραμ ἀδικοῦμαι ἐκ σου· ἐγὼ δέδωκα τὴν παιδίσκην μου εἰς τὸν κόλπον σου, ἰδοῦσα δὲ ὅτι ἐν γαστρὶ ἔχει, ἠτιμάσθην ἐναντίον αὐτῆς· κρίναι ὁ θεὸς ἀνὰ μέσον ἐμοῦ καὶ σου.	eːpen de sara pros abram adikuːmai̯ ek suː eɡɔː dedɔːka tɛːn pai̯diskɛːn muː eːs ton kolpon suː iduːsa de oti en ɡastri ekʰeː ɛːtimastʰɛːn enantion au̯tɛːs krinai̯ o tʰeos ana meson emuː kai̯ suː	EPEN DE SARA PROS ABRAM ADIKUMAI EK SU EGO DEDOKA TEN PAIDISKEN MU ES TON KOLPON SU IDUSA DE OTI EN GASTRI EKE ETIMASTEN ENANTION AUTES KRINAI O TEOS ANA MESON EMU KAI SU	ud_ancient_greek_ptnk	4th-5th c. CE (Codex Alexandrinus)	religious	translit_map
ud_ancient_greek_ptnk_Septuagint-Genesis-16:6-grc	εἶπεν δὲ Ἅβραμ πρὸς Σάραν, ἰδοὺ ἡ παιδίσκη σου ἐν ταῖς χερσίν σου· χρῶ αὐτῇ, ὡς ἄν σοί ἀρεστὸν ᾖ. καὶ ἐκάκωσεν αὐτὴν Σάρα, καὶ ἀπέδρα ἀπὸ προσώπου αὐτῆς.	eːpen de abram pros saran iduː ɛː pai̯diskɛː suː en tai̯s kʰersin suː kʰrɔː au̯tɛː ɔːs an soi̯ areston ɛː kai̯ ekakɔːsen au̯tɛːn sara kai̯ apedra apo prosɔːpuː au̯tɛːs	EPEN DE ABRAM PROS SARAN IDU E PAIDISKE SU EN TAIS KERSIN SU KRO AUTE OS AN SOI ARESTON E KAI EKAKOSEN AUTEN SARA KAI APEDRA APO PROSOPU AUTES	ud_ancient_greek_ptnk	4th-5th c. CE (Codex Alexandrinus)	religious	translit_map
ud_ancient_greek_ptnk_Septuagint-Genesis-16:7-grc	εὗρεν δὲ αὐτὴν ἄγγελος κυρίου ἐπὶ τῆς πηγῆς τοῦ ὕδατος ἐν τῇ ἐρήμῳ, ἐπὶ τῆς πηγῆς ἐν τῇ ὁδῷ Σούρ.	eu̯ren de au̯tɛːn aŋɡelos kyriuː epi tɛːs pɛːɡɛːs tuː ydatos en tɛː erɛːmɔː epi tɛːs pɛːɡɛːs en tɛː odɔː suːr	EUREN DE AUTEN ANGELOS KURIU EPI TES PEGES TU UDATOS EN TE EREMO EPI TES PEGES EN TE ODO SUR	ud_ancient_greek_ptnk	4th-5th c. CE (Codex Alexandrinus)	religious	translit_map
ud_ancient_greek_ptnk_Septuagint-Genesis-16:8-grc	καὶ εἶπεν αὐτῇ ὁ ἄγγελος κυρίου Ἄγαρ παιδίσκη Σάρας, πόθεν ἔρχῃ καὶ ποῦ πορεύῃ; καὶ εἶπεν, ἀπὸ προσώπου Σάρας τῆς κυρίας μου ἐγὼ ἀποδιδράσκω.	kai̯ eːpen au̯tɛː o aŋɡelos kyriuː aɡar pai̯diskɛː saras potʰen erkʰɛː kai̯ puː poreu̯ɛː kai̯ eːpen apo prosɔːpuː saras tɛːs kyrias muː eɡɔː apodidraskɔː	KAI EPEN AUTE O ANGELOS KURIU AGAR PAIDISKE SARAS POTEN ERKE KAI PU POREUE KAI EPEN APO PROSOPU SARAS TES KURIAS MU EGO APODIDRASKO	ud_ancient_greek_ptnk	4th-5th c. CE (Codex Alexandrinus)	religious	translit_map
ud_ancient_greek_ptnk_Septuagint-Genesis-16:9-grc	εἶπεν δὲ αὐτῇ ὁ ἄγγελος κυρίου, ἀποστράφητι πρὸς τὴν κυρίαν σου καὶ ταπεινώθητι ὑπὸ τὰς χεῖρας αὐτῆς.	eːpen de au̯tɛː o aŋɡelos kyriuː apostrapʰɛːti pros tɛːn kyrian suː kai̯ tapeːnɔːtʰɛːti ypo tas kʰeːras au̯tɛːs	EPEN DE AUTE O ANGELOS KURIU APOSTRAPETI PROS TEN KURIAN SU KAI TAPENOTETI UPO TAS KERAS AUTES	ud_ancient_greek_ptnk	4th-5th c. CE (Codex Alexandrinus)	religious	translit_map
ud_ancient_greek_ptnk_Septuagint-Genesis-16:10-grc	καὶ εἶπεν αὐτῇ ὁ ἄγγελος κυρίου, πληθύνων πληθυνῶ τὸ σπέρμα σου, καὶ οὐκ ἀριθμηθήσεται ἀπὸ τοῦ πλήθους.	kai̯ eːpen au̯tɛː o aŋɡelos kyriuː plɛːtʰynɔːn plɛːtʰynɔː to sperma suː kai̯ uːk aritʰmɛːtʰɛːsetai̯ apo tuː plɛːtʰuːs	KAI EPEN AUTE O ANGELOS KURIU PLETUNON PLETUNO TO SPERMA SU KAI UK ARITMETESETAI APO TU PLETUS	ud_ancient_greek_ptnk	4th-5th c. CE (Codex Alexandrinus)	religious	translit_map
ud_ancient_greek_ptnk_Septuagint-Genesis-16:11-grc	καὶ εἶπεν αὐτῇ ὁ ἄγγελος κυρίου, ἰδοὺ σὺ ἐν γαστρὶ ἔχεις καὶ τέξῃ υἱὸν καὶ καλέσεις τὸ ὄνομα αὐτοῦ Ἰσμαήλ, ὅτι ἐπήκουσεν κύριος τῇ ταπεινώσει σου.	kai̯ eːpen au̯tɛː o aŋɡelos kyriuː iduː sy en ɡastri ekʰeːs kai̯ teksɛː yi̯on kai̯ kaleseːs to onoma au̯tuː ismaɛːl oti epɛːkuːsen kyrios tɛː tapeːnɔːseː suː	KAI EPEN AUTE O ANGELOS KURIU IDU SU EN GASTRI EKES KAI TEKSE UION KAI KALESES TO ONOMA AUTU ISMAEL OTI EPEKUSEN KURIOS TE TAPENOSE SU	ud_ancient_greek_ptnk	4th-5th c. CE (Codex Alexandrinus)	religious	translit_map
ud_ancient_greek_ptnk_Septuagint-Genesis-16:12-grc	οὗτος ἔσται ἄγροικος ἄνθρωπος· αἱ χεῖρες αὐτοῦ ἐπὶ πάντας, καὶ αἱ χεῖρες πάντων ἐπ᾿ αὐτόν, καὶ κατὰ πρόσωπον πάντων τῶν ἀδελφῶν αὐτοῦ κατοικήσει.	uːtos estai̯ aɡroi̯kos antʰrɔːpos ai̯ kʰeːres au̯tuː epi pantas kai̯ ai̯ kʰeːres pantɔːn ep au̯ton kai̯ kata prosɔːpon pantɔːn tɔːn adelpʰɔːn au̯tuː katoi̯kɛːseː	UTOS ESTAI AGROIKOS ANTROPOS AI KERES AUTU EPI PANTAS KAI AI KERES PANTON EP AUTON KAI KATA PROSOPON PANTON TON ADELPON AUTU KATOIKESE	ud_ancient_greek_ptnk	4th-5th c. CE (Codex Alexandrinus)	religious	translit_map
ud_ancient_greek_ptnk_Septuagint-Genesis-16:13-grc	καὶ ἐκάλεσεν Ἄγαρ τὸ ὄνομα κυρίου τοῦ λαλοῦντος πρὸς αὐτήν, σὺ ὁ θεὸς ὁ ἐπιδών με· ὅτι εἶπεν καὶ γὰρ ἐνώπιον εἶδον ὀφθέντα μοι.	kai̯ ekalesen aɡar to onoma kyriuː tuː laluːntos pros au̯tɛːn sy o tʰeos o epidɔːn me oti eːpen kai̯ ɡar enɔːpion eːdon opʰtʰenta moi̯	KAI EKALESEN AGAR TO ONOMA KURIU TU LALUNTOS PROS AUTEN SU O TEOS O EPIDON ME OTI EPEN KAI GAR ENOPION EDON OPTENTA MOI	ud_ancient_greek_ptnk	4th-5th c. CE (Codex Alexandrinus)	religious	translit_map
ud_ancient_greek_ptnk_Septuagint-Genesis-16:14-grc	ἕνεκεν τούτου ἐκάλεσεν τὸ φρέαρ, φρέαρ οὗ ἐνώπιον εἶδον· ἰδοὺ ἀνὰ μέσον Κάδης καὶ ἀνὰ μέσον Βαράδ.	eneken tuːtuː ekalesen to pʰrear pʰrear uː enɔːpion eːdon iduː ana meson kadɛːs kai̯ ana meson barad	ENEKEN TUTU EKALESEN TO PREAR PREAR U ENOPION EDON IDU ANA MESON KADES KAI ANA MESON BARAD	ud_ancient_greek_ptnk	4th-5th c. CE (Codex Alexandrinus)	religious	translit_map
ud_ancient_greek_ptnk_Septuagint-Genesis-16:15-grc	καὶ ἔτεκεν Ἄγαρ τῷ Ἅβραμ υἱόν, καὶ ἐκάλεσεν Ἅβραμ τὸ ὄνομα τοῦ υἱοῦ αὐτοῦ, ὃν ἔτεκεν αὐτῷ Ἄγαρ, Ἰσμαήλ.	kai̯ eteken aɡar tɔː abram yi̯on kai̯ ekalesen abram to onoma tuː yi̯uː au̯tuː on eteken au̯tɔː aɡar ismaɛːl	KAI ETEKEN AGAR TO ABRAM UION KAI EKALESEN ABRAM TO ONOMA TU UIU AUTU ON ETEKEN AUTO AGAR ISMAEL	ud_ancient_greek_ptnk	4th-5th c. CE (Codex Alexandrinus)	religious	translit_map
ud_ancient_greek_ptnk_Septuagint-Genesis-16:16-grc	Ἅβραμ δὲ ἦν ὀγδοήκοντα ἓξ ἐτῶν, ἡνίκα ἔτεκεν Ἄγαρ τὸν Ἰσμαὴλ τῷ Ἅβραμ.	abram de ɛːn oɡdoɛːkonta eks etɔːn ɛːnika eteken aɡar ton ismaɛːl tɔː abram	ABRAM DE EN OGDOEKONTA EKS ETON ENIKA ETEKEN AGAR TON ISMAEL TO ABRAM	ud_ancient_greek_ptnk	4th-5th c. CE (Codex Alexandrinus)	religious	translit_map
ud_ancient_greek_ptnk_Septuagint-Genesis-17:1-grc	ἐγένετο δὲ Ἅβραμ ἐτῶν ἐνενήκοντα ἐννέα, καὶ ὤφθη κύριος τῷ Ἅβραμ καὶ εἶπεν αὐτῷ, ἐγώ εἰμι ὁ θεός σου· εὐαρέστει ἐναντίον ἐμοῦ καὶ γίνου ἄμεμπτος,	eɡeneto de abram etɔːn enenɛːkonta ennea kai̯ ɔːpʰtʰɛː kyrios tɔː abram kai̯ eːpen au̯tɔː eɡɔː eːmi o tʰeos suː eu̯aresteː enantion emuː kai̯ ɡinuː amemptos	EGENETO DE ABRAM ETON ENENEKONTA ENNEA KAI OPTE KURIOS TO ABRAM KAI EPEN AUTO EGO EMI O TEOS SU EUARESTE ENANTION EMU KAI GINU AMEMPTOS	ud_ancient_greek_ptnk	4th-5th c. CE (Codex Alexandrinus)	religious	translit_map
ud_ancient_greek_ptnk_Septuagint-Genesis-17:2-grc	καὶ θήσομαι τὴν διαθήκην μου ἀνὰ μέσον ἐμοῦ καὶ ἀνὰ μέσον σου καὶ πληθυνῶ σὲ σφόδρα.	kai̯ tʰɛːsomai̯ tɛːn diatʰɛːkɛːn muː ana meson emuː kai̯ ana meson suː kai̯ plɛːtʰynɔː se spʰodra	KAI TESOMAI TEN DIATEKEN MU ANA MESON EMU KAI ANA MESON SU KAI PLETUNO SE SPODRA	ud_ancient_greek_ptnk	4th-5th c. CE (Codex Alexandrinus)	religious	translit_map
ud_ancient_greek_ptnk_Septuagint-Genesis-17:3-grc	καὶ ἔπεσεν Ἅβραμ ἐπὶ πρόσωπον αὐτοῦ, καὶ ἐλάλησεν αὐτῷ ὁ θεὸς λέγων,	kai̯ epesen abram epi prosɔːpon au̯tuː kai̯ elalɛːsen au̯tɔː o tʰeos leɡɔːn	KAI EPESEN ABRAM EPI PROSOPON AUTU KAI ELALESEN AUTO O TEOS LEGON	ud_ancient_greek_ptnk	4th-5th c. CE (Codex Alexandrinus)	religious	translit_map
ud_ancient_greek_ptnk_Septuagint-Genesis-17:4-grc	καὶ ἐγὼ ἰδοὺ ἡ διαθήκη μου μετὰ σου, καὶ ἔσῃ πατὴρ πλήθους ἐθνῶν.	kai̯ eɡɔː iduː ɛː diatʰɛːkɛː muː meta suː kai̯ esɛː patɛːr plɛːtʰuːs etʰnɔːn	KAI EGO IDU E DIATEKE MU META SU KAI ESE PATER PLETUS ETNON	ud_ancient_greek_ptnk	4th-5th c. CE (Codex Alexandrinus)	religious	translit_map
ud_ancient_greek_ptnk_Septuagint-Genesis-17:5-grc	καὶ οὐ κληθήσεται ἔτι τὸ ὄνομά σου Ἅβραμ, ἀλλ᾿ ἔσται τὸ ὄνομά σου Ἁβραάμ, ὅτι πατέρα πολλῶν ἐθνῶν τέθεικά σε.	kai̯ uː klɛːtʰɛːsetai̯ eti to onoma suː abram all estai̯ to onoma suː abraam oti patera pollɔːn etʰnɔːn tetʰeːka se	KAI U KLETESETAI ETI TO ONOMA SU ABRAM ALL ESTAI TO ONOMA SU ABRAAM OTI PATERA POLLON ETNON TETEKA SE	ud_ancient_greek_ptnk	4th-5th c. CE (Codex Alexandrinus)	religious	translit_map
ud_ancient_greek_ptnk_Septuagint-Genesis-17:6-grc	καὶ αὐξανῶ σὲ σφόδρα σφόδρα καὶ θήσω σὲ εἰς ἔθνη, καὶ βασιλεῖς ἐκ σου ἐξελεύσονται.	kai̯ au̯ksanɔː se spʰodra spʰodra kai̯ tʰɛːsɔː se eːs etʰnɛː kai̯ basileːs ek suː ekseleu̯sontai̯	KAI AUKSANO SE SPODRA SPODRA KAI TESO SE ES ETNE KAI BASILES EK SU EKSELEUSONTAI	ud_ancient_greek_ptnk	4th-5th c. CE (Codex Alexandrinus)	religious	translit_map
ud_ancient_greek_ptnk_Septuagint-Genesis-17:7-grc	καὶ στήσω τὴν διαθήκην μου ἀνὰ μέσον ἐμοῦ καὶ ἀνὰ μέσον σου καὶ ἀνὰ μέσον τοῦ σπέρματός σου μετὰ σὲ εἰς γενεὰς αὐτῶν εἰς διαθήκην αἰώνιον εἶναί σου θεὸς καὶ τοῦ σπέρματός σου μετὰ σέ.	kai̯ stɛːsɔː tɛːn diatʰɛːkɛːn muː ana meson emuː kai̯ ana meson suː kai̯ ana meson tuː spermatos suː meta se eːs ɡeneas au̯tɔːn eːs diatʰɛːkɛːn ai̯ɔːnion eːnai̯ suː tʰeos kai̯ tuː spermatos suː meta se	KAI STESO TEN DIATEKEN MU ANA MESON EMU KAI ANA MESON SU KAI ANA MESON TU SPERMATOS SU META SE ES GENEAS AUTON ES DIATEKEN AIONION ENAI SU TEOS KAI TU SPERMATOS SU META SE	ud_ancient_greek_ptnk	4th-5th c. CE (Codex Alexandrinus)	religious	translit_map
ud_ancient_greek_ptnk_Septuagint-Genesis-17:8-grc	καὶ δώσω σοί καὶ τῷ σπέρματί σου μετὰ σὲ τὴν γῆν, ἣν παροικεῖς, πᾶσαν τὴν γῆν Χαναάν, εἰς κατάσχεσιν αἰώνιον καὶ ἔσομαι αὐτοῖς θεός.	kai̯ dɔːsɔː soi̯ kai̯ tɔː spermati suː meta se tɛːn ɡɛːn ɛːn paroi̯keːs pasan tɛːn ɡɛːn kʰanaan eːs kataskʰesin ai̯ɔːnion kai̯ esomai̯ au̯toi̯s tʰeos	KAI DOSO SOI KAI TO SPERMATI SU META SE TEN GEN EN PAROIKES PASAN TEN GEN KANAAN ES KATASKESIN AIONION KAI ESOMAI AUTOIS TEOS	ud_ancient_greek_ptnk	4th-5th c. CE (Codex Alexandrinus)	religious	translit_map
ud_ancient_greek_ptnk_Septuagint-Genesis-17:9-grc	καὶ εἶπεν ὁ θεὸς πρὸς Ἁβραάμ, σὺ δὲ τὴν διαθήκην μου διατηρήσεις, σὺ καὶ τὸ σπέρμα σου μετὰ σὲ εἰς τὰς γενεὰς αὐτῶν.	kai̯ eːpen o tʰeos pros abraam sy de tɛːn diatʰɛːkɛːn muː diatɛːrɛːseːs sy kai̯ to sperma suː meta se eːs tas ɡeneas au̯tɔːn	KAI EPEN O TEOS PROS ABRAAM SU DE TEN DIATEKEN MU DIATERESES SU KAI TO SPERMA SU META SE ES TAS GENEAS AUTON	ud_ancient_greek_ptnk	4th-5th c. CE (Codex Alexandrinus)	religious	translit_map
ud_ancient_greek_ptnk_Septuagint-Genesis-17:10-grc	καὶ αὕτη ἡ διαθήκη, ἣν διατηρήσεις, ἀνὰ μέσον ἐμοῦ καὶ ὑμῶν καὶ ἀνὰ μέσον τοῦ σπέρματός σου μετὰ σὲ εἰς τὰς γενεὰς αὐτῶν· περιτμηθήσεται ὑμῶν πᾶν ἀρσενικόν.	kai̯ au̯tɛː ɛː diatʰɛːkɛː ɛːn diatɛːrɛːseːs ana meson emuː kai̯ ymɔːn kai̯ ana meson tuː spermatos suː meta se eːs tas ɡeneas au̯tɔːn peritmɛːtʰɛːsetai̯ ymɔːn pan arsenikon	KAI AUTE E DIATEKE EN DIATERESES ANA MESON EMU KAI UMON KAI ANA MESON TU SPERMATOS SU META SE ES TAS GENEAS AUTON PERITMETESETAI UMON PAN ARSENIKON	ud_ancient_greek_ptnk	4th-5th c. CE (Codex Alexandrinus)	religious	translit_map
ud_ancient_greek_ptnk_Septuagint-Genesis-17:11-grc	καὶ περιτμηθήσεσθε τὴν σάρκα τῆς ἀκροβυστίας ὑμῶν, καὶ ἔσται ἐν σημείῳ διαθήκης ἀνὰ μέσον ἐμοῦ καὶ ὑμῶν.	kai̯ peritmɛːtʰɛːsestʰe tɛːn sarka tɛːs akrobystias ymɔːn kai̯ estai̯ en sɛːmeːɔː diatʰɛːkɛːs ana meson emuː kai̯ ymɔːn	KAI PERITMETESESTE TEN SARKA TES AKROBUSTIAS UMON KAI ESTAI EN SEMEO DIATEKES ANA MESON EMU KAI UMON	ud_ancient_greek_ptnk	4th-5th c. CE (Codex Alexandrinus)	religious	translit_map
ud_ancient_greek_ptnk_Septuagint-Genesis-17:12-grc	καὶ παιδίον ὀκτὼ ἡμερῶν περιτμηθήσεται ὑμῖν πᾶν ἀρσενικὸν εἰς τὰς γενεὰς ὑμῶν, ὁ οἰκογενὴς τῆς οἰκίας σου καὶ ὁ ἀργυρώνητος ἀπὸ παντὸς υἱοῦ ἀλλοτρίου, ὃς οὐκ ἔστιν ἐκ τοῦ σπέρματός σου.	kai̯ pai̯dion oktɔː ɛːmerɔːn peritmɛːtʰɛːsetai̯ ymin pan arsenikon eːs tas ɡeneas ymɔːn o oi̯koɡenɛːs tɛːs oi̯kias suː kai̯ o arɡyrɔːnɛːtos apo pantos yi̯uː allotriuː os uːk estin ek tuː spermatos suː	KAI PAIDION OKTO EMERON PERITMETESETAI UMIN PAN ARSENIKON ES TAS GENEAS UMON O OIKOGENES TES OIKIAS SU KAI O ARGURONETOS APO PANTOS UIU ALLOTRIU OS UK ESTIN EK TU SPERMATOS SU	ud_ancient_greek_ptnk	4th-5th c. CE (Codex Alexandrinus)	religious	translit_map
ud_ancient_greek_ptnk_Septuagint-Genesis-17:13-grc	περιτομῇ περιτμηθήσεται ὁ οἰκογενὴς τῆς οἰκίας σου καὶ ὁ ἀργυρώνητος, καὶ ἔσται ἡ διαθήκη μου ἐπὶ τῆς σαρκὸς ὑμῶν εἰς διαθήκην αἰώνιον.	peritomɛː peritmɛːtʰɛːsetai̯ o oi̯koɡenɛːs tɛːs oi̯kias suː kai̯ o arɡyrɔːnɛːtos kai̯ estai̯ ɛː diatʰɛːkɛː muː epi tɛːs sarkos ymɔːn eːs diatʰɛːkɛːn ai̯ɔːnion	PERITOME PERITMETESETAI O OIKOGENES TES OIKIAS SU KAI O ARGURONETOS KAI ESTAI E DIATEKE MU EPI TES SARKOS UMON ES DIATEKEN AIONION	ud_ancient_greek_ptnk	4th-5th c. CE (Codex Alexandrinus)	religious	translit_map
ud_ancient_greek_ptnk_Septuagint-Genesis-17:14-grc	καὶ ἀπερίτμητος ἄρσην, ὃς οὐ περιτμηθήσεται τὴν σάρκα τῆς ἀκροβυστίας αὐτοῦ τῇ ἡμέρᾳ τῇ ὀγδόῃ, ἐξολεθρευθήσεται ἡ ψυχὴ ἐκείνη ἐκ τοῦ γένους αὐτῆς, ὅτι τὴν διαθήκην μου διεσκέδασεν.	kai̯ aperitmɛːtos arsɛːn os uː peritmɛːtʰɛːsetai̯ tɛːn sarka tɛːs akrobystias au̯tuː tɛː ɛːmera tɛː oɡdoɛː eksoletʰreu̯tʰɛːsetai̯ ɛː psykʰɛː ekeːnɛː ek tuː ɡenuːs au̯tɛːs oti tɛːn diatʰɛːkɛːn muː dieskedasen	KAI APERITMETOS ARSEN OS U PERITMETESETAI TEN SARKA TES AKROBUSTIAS AUTU TE EMERA TE OGDOE EKSOLETREUTESETAI E PSUKE EKENE EK TU GENUS AUTES OTI TEN DIATEKEN MU DIESKEDASEN	ud_ancient_greek_ptnk	4th-5th c. CE (Codex Alexandrinus)	religious	translit_map
ud_ancient_greek_ptnk_Septuagint-Genesis-17:15-grc	εἶπεν δὲ ὁ θεὸς τῷ Ἁβραάμ, Σάρα ἡ γυνή σου, οὐ κληθήσεται τὸ ὄνομα αὐτῆς Σάρα, ἀλλὰ Σάρρα ἔσται τὸ ὄνομα αὐτῆς.	eːpen de o tʰeos tɔː abraam sara ɛː ɡynɛː suː uː klɛːtʰɛːsetai̯ to onoma au̯tɛːs sara alla sarra estai̯ to onoma au̯tɛːs	EPEN DE O TEOS TO ABRAAM SARA E GUNE SU U KLETESETAI TO ONOMA AUTES SARA ALLA SARRA ESTAI TO ONOMA AUTES	ud_ancient_greek_ptnk	4th-5th c. CE (Codex Alexandrinus)	religious	translit_map
ud_ancient_greek_ptnk_Septuagint-Genesis-17:16-grc	εὐλογήσω δὲ αὐτὴν καὶ δώσω σοί ἐξ αὐτῆς τέκνον· καὶ εὐλογήσω αὐτόν, καὶ ἔσται εἰς ἔθνη, καὶ βασιλεῖς ἐθνῶν ἐξ αὐτοῦ ἔσονται.	eu̯loɡɛːsɔː de au̯tɛːn kai̯ dɔːsɔː soi̯ eks au̯tɛːs teknon kai̯ eu̯loɡɛːsɔː au̯ton kai̯ estai̯ eːs etʰnɛː kai̯ basileːs etʰnɔːn eks au̯tuː esontai̯	EULOGESO DE AUTEN KAI DOSO SOI EKS AUTES TEKNON KAI EULOGESO AUTON KAI ESTAI ES ETNE KAI BASILES ETNON EKS AUTU ESONTAI	ud_ancient_greek_ptnk	4th-5th c. CE (Codex Alexandrinus)	religious	translit_map
ud_ancient_greek_ptnk_Septuagint-Genesis-17:17-grc	καὶ ἔπεσεν Ἁβραὰμ ἐπὶ πρόσωπον καὶ ἐγέλασεν καὶ εἶπεν ἐν τῇ διανοίᾳ αὐτοῦ λέγων, εἰ τῷ ἑκατονταετεῖ γενήσεται, καὶ εἰ Σάρρα ἐνενήκοντα ἐτῶν οὖσα τέξεται;	kai̯ epesen abraam epi prosɔːpon kai̯ eɡelasen kai̯ eːpen en tɛː dianoi̯a au̯tuː leɡɔːn eː tɔː ekatontaeteː ɡenɛːsetai̯ kai̯ eː sarra enenɛːkonta etɔːn uːsa teksetai̯	KAI EPESEN ABRAAM EPI PROSOPON KAI EGELASEN KAI EPEN EN TE DIANOIA AUTU LEGON E TO EKATONTAETE GENESETAI KAI E SARRA ENENEKONTA ETON USA TEKSETAI	ud_ancient_greek_ptnk	4th-5th c. CE (Codex Alexandrinus)	religious	translit_map
ud_ancient_greek_ptnk_Septuagint-Genesis-17:18-grc	εἶπεν δὲ Ἁβραὰμ πρὸς τὸν θεόν Ἰσμαὴλ οὗτος ζήτω ἐναντίον σου.	eːpen de abraam pros ton tʰeon ismaɛːl uːtos zdɛːtɔː enantion suː	EPEN DE ABRAAM PROS TON TEON ISMAEL UTOS SDETO ENANTION SU	ud_ancient_greek_ptnk	4th-5th c. CE (Codex Alexandrinus)	religious	translit_map
ud_ancient_greek_ptnk_Septuagint-Genesis-17:19-grc	εἶπεν δὲ ὁ θεὸς τῷ Ἁβραάμ, ναί· ἰδοὺ Σάρρα ἡ γυνή σου τέξεταί σοί υἱόν, καὶ καλέσεις τὸ ὄνομα αὐτοῦ Ἰσαάκ, καὶ στήσω τὴν διαθήκην μου πρὸς αὐτὸν εἰς διαθήκην αἰώνιον καὶ τῷ σπέρματι αὐτοῦ μετ᾿ αὐτόν.	eːpen de o tʰeos tɔː abraam nai̯ iduː sarra ɛː ɡynɛː suː teksetai̯ soi̯ yi̯on kai̯ kaleseːs to onoma au̯tuː isaak kai̯ stɛːsɔː tɛːn diatʰɛːkɛːn muː pros au̯ton eːs diatʰɛːkɛːn ai̯ɔːnion kai̯ tɔː spermati au̯tuː met au̯ton	EPEN DE O TEOS TO ABRAAM NAI IDU SARRA E GUNE SU TEKSETAI SOI UION KAI KALESES TO ONOMA AUTU ISAAK KAI STESO TEN DIATEKEN MU PROS AUTON ES DIATEKEN AIONION KAI TO SPERMATI AUTU MET AUTON	ud_ancient_greek_ptnk	4th-5th c. CE (Codex Alexandrinus)	religious	translit_map
ud_ancient_greek_ptnk_Septuagint-Genesis-17:20-grc	περὶ δὲ Ἰσμαὴλ ἰδοὺ ἐπήκουσά σου· ἰδοὺ εὐλόγησα αὐτὸν καὶ αὐξανῶ αὐτὸν καὶ πληθυνῶ αὐτὸν σφόδρα· δώδεκα ἔθνη γεννήσει καὶ δώσω αὐτὸν εἰς ἔθνος μέγα.	peri de ismaɛːl iduː epɛːkuːsa suː iduː eu̯loɡɛːsa au̯ton kai̯ au̯ksanɔː au̯ton kai̯ plɛːtʰynɔː au̯ton spʰodra dɔːdeka etʰnɛː ɡennɛːseː kai̯ dɔːsɔː au̯ton eːs etʰnos meɡa	PERI DE ISMAEL IDU EPEKUSA SU IDU EULOGESA AUTON KAI AUKSANO AUTON KAI PLETUNO AUTON SPODRA DODEKA ETNE GENNESE KAI DOSO AUTON ES ETNOS MEGA	ud_ancient_greek_ptnk	4th-5th c. CE (Codex Alexandrinus)	religious	translit_map
ud_ancient_greek_ptnk_Septuagint-Genesis-17:21-grc	τὴν δὲ διαθήκην μου στήσω πρὸς Ἰσαάκ, ὃν τέξεταί σοί Σάρρα εἰς τὸν καιρὸν τοῦτον ἐν τῷ ἐνιαυτῷ τῷ ἑτέρῳ.	tɛːn de diatʰɛːkɛːn muː stɛːsɔː pros isaak on teksetai̯ soi̯ sarra eːs ton kai̯ron tuːton en tɔː eniau̯tɔː tɔː eterɔː	TEN DE DIATEKEN MU STESO PROS ISAAK ON TEKSETAI SOI SARRA ES TON KAIRON TUTON EN TO ENIAUTO TO ETERO	ud_ancient_greek_ptnk	4th-5th c. CE (Codex Alexandrinus)	religious	translit_map
ud_ancient_greek_ptnk_Septuagint-Genesis-17:22-grc	συνετέλεσεν δὲ λαλῶν πρὸς αὐτὸν καὶ ἀνέβη ὁ θεὸς ἀπὸ Ἁβραάμ.	synetelesen de lalɔːn pros au̯ton kai̯ anebɛː o tʰeos apo abraam	SUNETELESEN DE LALON PROS AUTON KAI ANEBE O TEOS APO ABRAAM	ud_ancient_greek_ptnk	4th-5th c. CE (Codex Alexandrinus)	religious	translit_map
ud_ancient_greek_ptnk_Septuagint-Genesis-17:23-grc	καὶ ἔλαβεν Ἁβραὰμ Ἰσμαὴλ τὸν υἱὸν αὐτοῦ καὶ πάντας τοὺς οἰκογενεῖς αὐτοῦ καὶ πάντας τοὺς ἀργυρωνήτους καὶ πᾶν ἄρσεν τῶν ἀνδρῶν τῶν ἐν τῷ οἴκῳ Ἁβραὰμ καὶ περιέτεμεν τὰς ἀκροβυστίας αὐτῶν ἐν τῷ καιρῷ τῆς ἡμέρας ἐκείνης, καθὰ ἐλάλησεν αὐτῷ ὁ θεός.	kai̯ elaben abraam ismaɛːl ton yi̯on au̯tuː kai̯ pantas tuːs oi̯koɡeneːs au̯tuː kai̯ pantas tuːs arɡyrɔːnɛːtuːs kai̯ pan arsen tɔːn andrɔːn tɔːn en tɔː oi̯kɔː abraam kai̯ perietemen tas akrobystias au̯tɔːn en tɔː kai̯rɔː tɛːs ɛːmeras ekeːnɛːs katʰa elalɛːsen au̯tɔː o tʰeos	KAI ELABEN ABRAAM ISMAEL TON UION AUTU KAI PANTAS TUS OIKOGENES AUTU KAI PANTAS TUS ARGURONETUS KAI PAN ARSEN TON ANDRON TON EN TO OIKO ABRAAM KAI PERIETEMEN TAS AKROBUSTIAS AUTON EN TO KAIRO TES EMERAS EKENES KATA ELALESEN AUTO O TEOS	ud_ancient_greek_ptnk	4th-5th c. CE (Codex Alexandrinus)	religious	translit_map
ud_ancient_greek_ptnk_Septuagint-Genesis-17:24-grc	Ἁβραὰμ δὲ ἦν ἐνενήκοντα ἐννέα ἐτῶν, ἡνίκα περιέτεμεν τὴν σάρκα τῆς ἀκροβυστίας αὐτοῦ·	abraam de ɛːn enenɛːkonta ennea etɔːn ɛːnika perietemen tɛːn sarka tɛːs akrobystias au̯tuː	ABRAAM DE EN ENENEKONTA ENNEA ETON ENIKA PERIETEMEN TEN SARKA TES AKROBUSTIAS AUTU	ud_ancient_greek_ptnk	4th-5th c. CE (Codex Alexandrinus)	religious	translit_map
ud_ancient_greek_ptnk_Septuagint-Genesis-17:25-grc	Ἰσμαὴλ δὲ ὁ υἱὸς αὐτοῦ ἐτῶν δέκα τριῶν ἦν, ἡνίκα περιετμήθη τὴν σάρκα τῆς ἀκροβυστίας αὐτοῦ.	ismaɛːl de o yi̯os au̯tuː etɔːn deka triɔːn ɛːn ɛːnika perietmɛːtʰɛː tɛːn sarka tɛːs akrobystias au̯tuː	ISMAEL DE O UIOS AUTU ETON DEKA TRION EN ENIKA PERIETMETE TEN SARKA TES AKROBUSTIAS AUTU	ud_ancient_greek_ptnk	4th-5th c. CE (Codex Alexandrinus)	religious	translit_map
ud_ancient_greek_ptnk_Septuagint-Genesis-17:26-grc	ἐν τῷ καιρῷ τῆς ἡμέρας ἐκείνης περιετμήθη Ἁβραὰμ καὶ Ἰσμαὴλ ὁ υἱὸς αὐτοῦ·	en tɔː kai̯rɔː tɛːs ɛːmeras ekeːnɛːs perietmɛːtʰɛː abraam kai̯ ismaɛːl o yi̯os au̯tuː	EN TO KAIRO TES EMERAS EKENES PERIETMETE ABRAAM KAI ISMAEL O UIOS AUTU	ud_ancient_greek_ptnk	4th-5th c. CE (Codex Alexandrinus)	religious	translit_map
ud_ancient_greek_ptnk_Septuagint-Genesis-17:27-grc	καὶ πάντες οἱ ἄνδρες τοῦ οἴκου αὐτοῦ καὶ οἱ οἰκογενεῖς καὶ οἱ ἀργυρώνητοι ἐξ ἀλλογενῶν ἐθνῶν, περιέτεμεν αὐτούς.	kai̯ pantes oi̯ andres tuː oi̯kuː au̯tuː kai̯ oi̯ oi̯koɡeneːs kai̯ oi̯ arɡyrɔːnɛːtoi̯ eks alloɡenɔːn etʰnɔːn perietemen au̯tuːs	KAI PANTES OI ANDRES TU OIKU AUTU KAI OI OIKOGENES KAI OI ARGURONETOI EKS ALLOGENON ETNON PERIETEMEN AUTUS	ud_ancient_greek_ptnk	4th-5th c. CE (Codex Alexandrinus)	religious	translit_map
ud_ancient_greek_ptnk_Septuagint-Genesis-18:1-grc	ὤφθη δὲ αὐτῷ ὁ θεὸς πρὸς τῇ δρυὶ τῇ Μαμβρῆ καθημένου αὐτοῦ ἐπὶ τῆς θύρας τῆς σκηνῆς αὐτοῦ μεσημβρίας.	ɔːpʰtʰɛː de au̯tɔː o tʰeos pros tɛː dryi̯ tɛː mambrɛː katʰɛːmenuː au̯tuː epi tɛːs tʰyras tɛːs skɛːnɛːs au̯tuː mesɛːmbrias	OPTE DE AUTO O TEOS PROS TE DRUI TE MAMBRE KATEMENU AUTU EPI TES TURAS TES SKENES AUTU MESEMBRIAS	ud_ancient_greek_ptnk	4th-5th c. CE (Codex Alexandrinus)	religious	translit_map
ud_ancient_greek_ptnk_Septuagint-Genesis-18:2-grc	ἀναβλέψας δὲ τοῖς ὀφθαλμοῖς αὐτοῦ εἶδεν, καὶ ἰδοὺ τρεῖς ἄνδρες εἱστήκεισαν ἐπάνω αὐτοῦ· καὶ ἰδὼν προσέδραμεν εἰς συνάντησιν αὐτοῖς ἀπὸ τῆς θύρας τῆς σκηνῆς αὐτοῦ καὶ προσεκύνησεν ἐπὶ τὴν γῆν	anablepsas de toi̯s opʰtʰalmoi̯s au̯tuː eːden kai̯ iduː treːs andres eːstɛːkeːsan epanɔː au̯tuː kai̯ idɔːn prosedramen eːs synantɛːsin au̯toi̯s apo tɛːs tʰyras tɛːs skɛːnɛːs au̯tuː kai̯ prosekynɛːsen epi tɛːn ɡɛːn	ANABLEPSAS DE TOIS OPTALMOIS AUTU EDEN KAI IDU TRES ANDRES ESTEKESAN EPANO AUTU KAI IDON PROSEDRAMEN ES SUNANTESIN AUTOIS APO TES TURAS TES SKENES AUTU KAI PROSEKUNESEN EPI TEN GEN	ud_ancient_greek_ptnk	4th-5th c. CE (Codex Alexandrinus)	religious	translit_map
ud_ancient_greek_ptnk_Septuagint-Genesis-18:3-grc	καὶ εἶπεν κύριε, εἰ ἄρα εὗρον χάριν ἐναντίον σου, μὴ παρέλθῃς τὸν παῖδά σου·	kai̯ eːpen kyrie eː ara eu̯ron kʰarin enantion suː mɛː pareltʰɛːs ton pai̯da suː	KAI EPEN KURIE E ARA EURON KARIN ENANTION SU ME PARELTES TON PAIDA SU	ud_ancient_greek_ptnk	4th-5th c. CE (Codex Alexandrinus)	religious	translit_map
ud_ancient_greek_ptnk_Septuagint-Genesis-18:4-grc	λημφθήτω δὴ ὕδωρ, καὶ νιψάτωσαν τοὺς πόδας ὑμῶν, καὶ καταψύξατε ὑπὸ τὸ δένδρον·	lɛːmpʰtʰɛːtɔː dɛː ydɔːr kai̯ nipsatɔːsan tuːs podas ymɔːn kai̯ katapsyksate ypo to dendron	LEMPTETO DE UDOR KAI NIPSATOSAN TUS PODAS UMON KAI KATAPSUKSATE UPO TO DENDRON	ud_ancient_greek_ptnk	4th-5th c. CE (Codex Alexandrinus)	religious	translit_map
ud_ancient_greek_ptnk_Septuagint-Genesis-18:5-grc	καὶ λήμψομαι ἄρτον, καὶ φάγεσθε, καὶ μετὰ τοῦτο παρελεύσεσθε εἰς τὴν ὁδὸν ὑμῶν, οὗ εἵνεκεν ἐξεκλίνατε πρὸς τὸν παῖδα ὑμῶν. καὶ εἶπαν, οὕτως ποίησον, καθὼς εἴρηκας.	kai̯ lɛːmpsomai̯ arton kai̯ pʰaɡestʰe kai̯ meta tuːto pareleu̯sestʰe eːs tɛːn odon ymɔːn uː eːneken ekseklinate pros ton pai̯da ymɔːn kai̯ eːpan uːtɔːs poi̯ɛːson katʰɔːs eːrɛːkas	KAI LEMPSOMAI ARTON KAI PAGESTE KAI META TUTO PARELEUSESTE ES TEN ODON UMON U ENEKEN EKSEKLINATE PROS TON PAIDA UMON KAI EPAN UTOS POIESON KATOS EREKAS	ud_ancient_greek_ptnk	4th-5th c. CE (Codex Alexandrinus)	religious	translit_map
ud_ancient_greek_ptnk_Septuagint-Genesis-18:6-grc	καὶ ἔσπευσεν Ἁβραὰμ ἐπὶ τὴν σκηνὴν πρὸς Σάρραν, καὶ εἶπεν αὐτῇ σπεῦσον καὶ φύρασον τρία μέτρα σεμιδάλεως καὶ ποίησον ἐγκρυφίας.	kai̯ espeu̯sen abraam epi tɛːn skɛːnɛːn pros sarran kai̯ eːpen au̯tɛː speu̯son kai̯ pʰyrason tria metra semidaleɔːs kai̯ poi̯ɛːson eŋkrypʰias	KAI ESPEUSEN ABRAAM EPI TEN SKENEN PROS SARRAN KAI EPEN AUTE SPEUSON KAI PURASON TRIA METRA SEMIDALEOS KAI POIESON ENKRUPIAS	ud_ancient_greek_ptnk	4th-5th c. CE (Codex Alexandrinus)	religious	translit_map
ud_ancient_greek_ptnk_Septuagint-Genesis-18:7-grc	καὶ εἰς τὰς βόας ἔδραμεν Ἁβραὰμ καὶ ἔλαβεν μοσχάριον ἁπαλὸν καὶ καλὸν καὶ ἔδωκεν τῷ παιδί, καὶ ἐτάχυνεν τοῦ ποιῆσαι αὐτό.	kai̯ eːs tas boas edramen abraam kai̯ elaben moskʰarion apalon kai̯ kalon kai̯ edɔːken tɔː pai̯di kai̯ etakʰynen tuː poi̯ɛːsai̯ au̯to	KAI ES TAS BOAS EDRAMEN ABRAAM KAI ELABEN MOSKARION APALON KAI KALON KAI EDOKEN TO PAIDI KAI ETAKUNEN TU POIESAI AUTO	ud_ancient_greek_ptnk	4th-5th c. CE (Codex Alexandrinus)	religious	translit_map
ud_ancient_greek_ptnk_Septuagint-Genesis-18:8-grc	ἔλαβεν δὲ βούτυρον καὶ γάλα καὶ τὸ μοσχάριον, ὃ ἐποίησεν, καὶ παρέθηκεν αὐτοῖς, καὶ ἐφάγοσαν· αὐτὸς δὲ παρειστήκει αὐτοῖς ὑπὸ τὸ δένδρον.	elaben de buːtyron kai̯ ɡala kai̯ to moskʰarion o epoi̯ɛːsen kai̯ paretʰɛːken au̯toi̯s kai̯ epʰaɡosan au̯tos de pareːstɛːkeː au̯toi̯s ypo to dendron	ELABEN DE BUTURON KAI GALA KAI TO MOSKARION O EPOIESEN KAI PARETEKEN AUTOIS KAI EPAGOSAN AUTOS DE PARESTEKE AUTOIS UPO TO DENDRON	ud_ancient_greek_ptnk	4th-5th c. CE (Codex Alexandrinus)	religious	translit_map
ud_ancient_greek_ptnk_Septuagint-Genesis-18:9-grc	εἶπεν δὲ πρὸς αὐτόν, ποῦ Σάρρα ἡ γυνή σου; ὁ δὲ ἀποκριθεὶς εἶπεν ἰδοὺ ἐν τῇ σκηνῇ.	eːpen de pros au̯ton puː sarra ɛː ɡynɛː suː o de apokritʰeːs eːpen iduː en tɛː skɛːnɛː	EPEN DE PROS AUTON PU SARRA E GUNE SU O DE APOKRITES EPEN IDU EN TE SKENE	ud_ancient_greek_ptnk	4th-5th c. CE (Codex Alexandrinus)	religious	translit_map
ud_ancient_greek_ptnk_Septuagint-Genesis-18:10-grc	εἶπεν δέ, ἐπαναστρέφων ἥξω πρὸς σὲ κατὰ τὸν καιρὸν τοῦτον εἰς ὥρας, καὶ ἕξει υἱὸν Σάρρα ἡ γυνή σου. Σάρρα δὲ ἤκουσεν πρὸς τῇ θύρᾳ τῆς σκηνῆς, οὖσα ὄπισθεν αὐτοῦ.	eːpen de epanastrepʰɔːn ɛːksɔː pros se kata ton kai̯ron tuːton eːs ɔːras kai̯ ekseː yi̯on sarra ɛː ɡynɛː suː sarra de ɛːkuːsen pros tɛː tʰyra tɛːs skɛːnɛːs uːsa opistʰen au̯tuː	EPEN DE EPANASTREPON EKSO PROS SE KATA TON KAIRON TUTON ES ORAS KAI EKSE UION SARRA E GUNE SU SARRA DE EKUSEN PROS TE TURA TES SKENES USA OPISTEN AUTU	ud_ancient_greek_ptnk	4th-5th c. CE (Codex Alexandrinus)	religious	translit_map
ud_ancient_greek_ptnk_Septuagint-Genesis-18:11-grc	Ἁβραὰμ δὲ καὶ Σάρρα πρεσβύτεροι προβεβηκότες ἡμερῶν, ἐξέλιπεν δὲ Σάρρα γίνεσθαι τὰ γυναικεῖα.	abraam de kai̯ sarra presbyteroi̯ probebɛːkotes ɛːmerɔːn ekselipen de sarra ɡinestʰai̯ ta ɡynai̯keːa	ABRAAM DE KAI SARRA PRESBUTEROI PROBEBEKOTES EMERON EKSELIPEN DE SARRA GINESTAI TA GUNAIKEA	ud_ancient_greek_ptnk	4th-5th c. CE (Codex Alexandrinus)	religious	translit_map
ud_ancient_greek_ptnk_Septuagint-Genesis-18:12-grc	ἐγέλασεν δὲ Σάρρα ἐν ἑαυτῇ λέγουσα, οὔπω μέν μοι γέγονεν ἕως τοῦ νῦν, ὁ δὲ κύριός μου πρεσβύτερος.	eɡelasen de sarra en eau̯tɛː leɡuːsa uːpɔː men moi̯ ɡeɡonen eɔːs tuː nyn o de kyrios muː presbyteros	EGELASEN DE SARRA EN EAUTE LEGUSA UPO MEN MOI GEGONEN EOS TU NUN O DE KURIOS MU PRESBUTEROS	ud_ancient_greek_ptnk	4th-5th c. CE (Codex Alexandrinus)	religious	translit_map
ud_ancient_greek_ptnk_Septuagint-Genesis-18:13-grc	καὶ εἶπεν κύριος πρὸς Ἁβραάμ, τί ὅτι ἐγέλασεν Σάρρα ἐν ἑαυτῇ λέγουσα, ἆρά γε ἀληθῶς τέξομαι; ἐγὼ δὲ γεγήρακα.	kai̯ eːpen kyrios pros abraam ti oti eɡelasen sarra en eau̯tɛː leɡuːsa ara ɡe alɛːtʰɔːs teksomai̯ eɡɔː de ɡeɡɛːraka	KAI EPEN KURIOS PROS ABRAAM TI OTI EGELASEN SARRA EN EAUTE LEGUSA ARA GE ALETOS TEKSOMAI EGO DE GEGERAKA	ud_ancient_greek_ptnk	4th-5th c. CE (Codex Alexandrinus)	religious	translit_map
ud_ancient_greek_ptnk_Septuagint-Genesis-18:14-grc	μὴ ἀδυνατεῖ παρὰ τῷ θεῷ ῥῆμα; εἰς τὸν καιρὸν τοῦτον ἀναστρέψω πρὸς σὲ εἰς ὥρας, καὶ ἔσται τῇ Σάρρα υἱός.	mɛː adynateː para tɔː tʰeɔː rɛːma eːs ton kai̯ron tuːton anastrepsɔː pros se eːs ɔːras kai̯ estai̯ tɛː sarra yi̯os	ME ADUNATE PARA TO TEO REMA ES TON KAIRON TUTON ANASTREPSO PROS SE ES ORAS KAI ESTAI TE SARRA UIOS	ud_ancient_greek_ptnk	4th-5th c. CE (Codex Alexandrinus)	religious	translit_map
ud_ancient_greek_ptnk_Septuagint-Genesis-18:15-grc	ἠρνήσατο δὲ Σάρρα λέγουσα, οὐκ ἐγέλασα· ἐφοβήθη γάρ. καὶ εἶπεν, οὐχί ἀλλὰ ἐγέλασας.	ɛːrnɛːsato de sarra leɡuːsa uːk eɡelasa epʰobɛːtʰɛː ɡar kai̯ eːpen uːkʰi alla eɡelasas	ERNESATO DE SARRA LEGUSA UK EGELASA EPOBETE GAR KAI EPEN UKI ALLA EGELASAS	ud_ancient_greek_ptnk	4th-5th c. CE (Codex Alexandrinus)	religious	translit_map
ud_ancient_greek_ptnk_Septuagint-Genesis-18:16-grc	ἐξαναστάντες δὲ ἐκεῖθεν οἱ ἄνδρες κατέβλεψαν ἐπὶ πρόσωπον Σοδόμων καὶ Γομόρρας, Ἁβραὰμ δὲ συνεπορεύετο μετ᾿ αὐτῶν συμπροπέμπων αὐτούς.	eksanastantes de ekeːtʰen oi̯ andres kateblepsan epi prosɔːpon sodomɔːn kai̯ ɡomorras abraam de syneporeu̯eto met au̯tɔːn sympropempɔːn au̯tuːs	EKSANASTANTES DE EKETEN OI ANDRES KATEBLEPSAN EPI PROSOPON SODOMON KAI GOMORRAS ABRAAM DE SUNEPOREUETO MET AUTON SUMPROPEMPON AUTUS	ud_ancient_greek_ptnk	4th-5th c. CE (Codex Alexandrinus)	religious	translit_map
ud_ancient_greek_ptnk_Septuagint-Genesis-18:17-grc	ὁ δὲ κύριος εἶπεν, μὴ κρύψω ἐγὼ ἀπὸ Ἁβραὰμ τοῦ παιδὸς μου ἃ ἐγὼ ποιῶ;	o de kyrios eːpen mɛː krypsɔː eɡɔː apo abraam tuː pai̯dos muː a eɡɔː poi̯ɔː	O DE KURIOS EPEN ME KRUPSO EGO APO ABRAAM TU PAIDOS MU A EGO POIO	ud_ancient_greek_ptnk	4th-5th c. CE (Codex Alexandrinus)	religious	translit_map
ud_ancient_greek_ptnk_Septuagint-Genesis-18:18-grc	Ἁβραὰμ δὲ γινόμενος ἔσται εἰς ἔθνος μέγα καὶ πολύ καὶ ἐνευλογηθήσονται ἐν αὐτῷ πάντα τὰ ἔθνη τῆς γῆς.	abraam de ɡinomenos estai̯ eːs etʰnos meɡa kai̯ poly kai̯ eneu̯loɡɛːtʰɛːsontai̯ en au̯tɔː panta ta etʰnɛː tɛːs ɡɛːs	ABRAAM DE GINOMENOS ESTAI ES ETNOS MEGA KAI POLU KAI ENEULOGETESONTAI EN AUTO PANTA TA ETNE TES GES	ud_ancient_greek_ptnk	4th-5th c. CE (Codex Alexandrinus)	religious	translit_map
ud_ancient_greek_ptnk_Septuagint-Genesis-18:19-grc	ᾔδειν γὰρ ὅτι συντάξει τοῖς υἱοῖς αὐτοῦ καὶ τῷ οἴκῳ αὐτοῦ μετ᾿ αὐτόν, καὶ φυλάξουσιν τὰς ὁδοὺς κυρίου ποιεῖν δικαιοσύνην καὶ κρίσιν· ὅπως ἄν ἐπαγάγῃ κύριος ἐπὶ Ἁβραὰμ πάντα, ὅσα ἐλάλησεν πρὸς αὐτόν.	ɛːdeːn ɡar oti syntakseː toi̯s yi̯oi̯s au̯tuː kai̯ tɔː oi̯kɔː au̯tuː met au̯ton kai̯ pʰylaksuːsin tas oduːs kyriuː poi̯eːn dikai̯osynɛːn kai̯ krisin opɔːs an epaɡaɡɛː kyrios epi abraam panta osa elalɛːsen pros au̯ton	EDEN GAR OTI SUNTAKSE TOIS UIOIS AUTU KAI TO OIKO AUTU MET AUTON KAI PULAKSUSIN TAS ODUS KURIU POIEN DIKAIOSUNEN KAI KRISIN OPOS AN EPAGAGE KURIOS EPI ABRAAM PANTA OSA ELALESEN PROS AUTON	ud_ancient_greek_ptnk	4th-5th c. CE (Codex Alexandrinus)	religious	translit_map
ud_ancient_greek_ptnk_Septuagint-Genesis-18:20-grc	εἶπεν δὲ κύριος, κραυγὴ Σοδόμων καὶ Γομόρρας πεπλήθυνται, καὶ αἱ ἁμαρτίαι αὐτῶν μεγάλαι σφόδρα·	eːpen de kyrios krau̯ɡɛː sodomɔːn kai̯ ɡomorras peplɛːtʰyntai̯ kai̯ ai̯ amartiai̯ au̯tɔːn meɡalai̯ spʰodra	EPEN DE KURIOS KRAUGE SODOMON KAI GOMORRAS PEPLETUNTAI KAI AI AMARTIAI AUTON MEGALAI SPODRA	ud_ancient_greek_ptnk	4th-5th c. CE (Codex Alexandrinus)	religious	translit_map
ud_ancient_greek_ptnk_Septuagint-Genesis-18:21-grc	καταβὰς οὖν ὄψομαι εἰ κατὰ τὴν κραυγὴν αὐτῶν τὴν ἐρχομένην πρός με συντελοῦνται, εἰ δὲ μή, ἵνα γνῶ.	katabas uːn opsomai̯ eː kata tɛːn krau̯ɡɛːn au̯tɔːn tɛːn erkʰomenɛːn pros me synteluːntai̯ eː de mɛː ina ɡnɔː	KATABAS UN OPSOMAI E KATA TEN KRAUGEN AUTON TEN ERKOMENEN PROS ME SUNTELUNTAI E DE ME INA GNO	ud_ancient_greek_ptnk	4th-5th c. CE (Codex Alexandrinus)	religious	translit_map
ud_ancient_greek_ptnk_Septuagint-Genesis-18:22-grc	καὶ ἀποστρέψαντες ἐκεῖθεν οἱ ἄνδρες ἦλθον εἰς Σόδομα, Ἁβραὰμ δὲ ἦν ἑστηκὼς ἐναντίον κυρίου.	kai̯ apostrepsantes ekeːtʰen oi̯ andres ɛːltʰon eːs sodoma abraam de ɛːn estɛːkɔːs enantion kyriuː	KAI APOSTREPSANTES EKETEN OI ANDRES ELTON ES SODOMA ABRAAM DE EN ESTEKOS ENANTION KURIU	ud_ancient_greek_ptnk	4th-5th c. CE (Codex Alexandrinus)	religious	translit_map
ud_ancient_greek_ptnk_Septuagint-Genesis-18:23-grc	καὶ ἐγγίσας Ἁβραὰμ εἶπεν, μὴ συναπολέσῃς δίκαιον μετὰ ἀσεβοῦς καὶ ἔσται ὁ δίκαιος ὡς ὁ ἀσεβής;	kai̯ eŋɡisas abraam eːpen mɛː synapolesɛːs dikai̯on meta asebuːs kai̯ estai̯ o dikai̯os ɔːs o asebɛːs	KAI ENGISAS ABRAAM EPEN ME SUNAPOLESES DIKAION META ASEBUS KAI ESTAI O DIKAIOS OS O ASEBES	ud_ancient_greek_ptnk	4th-5th c. CE (Codex Alexandrinus)	religious	translit_map
ud_ancient_greek_ptnk_Septuagint-Genesis-18:24-grc	ἐὰν ὦσιν πεντήκοντα δίκαιοι ἐν τῇ πόλει ἀπολεῖς αὐτούς; οὐκ ἀνήσεις πάντα τὸν τόπον ἕνεκεν τῶν πεντήκοντα δικαίων, ἐὰν ὦσιν ἐν αὐτῇ;	ean ɔːsin pentɛːkonta dikai̯oi̯ en tɛː poleː apoleːs au̯tuːs uːk anɛːseːs panta ton topon eneken tɔːn pentɛːkonta dikai̯ɔːn ean ɔːsin en au̯tɛː	EAN OSIN PENTEKONTA DIKAIOI EN TE POLE APOLES AUTUS UK ANESES PANTA TON TOPON ENEKEN TON PENTEKONTA DIKAION EAN OSIN EN AUTE	ud_ancient_greek_ptnk	4th-5th c. CE (Codex Alexandrinus)	religious	translit_map
ud_ancient_greek_ptnk_Septuagint-Genesis-18:25-grc	μηδαμῶς σὺ ποιήσεις ὡς τὸ ῥῆμα τοῦτο, τοῦ ἀποκτεῖναι δίκαιον μετὰ ἀσεβοῦς, καὶ ἔσται ὁ δίκαιος ὡς ὁ ἀσεβής. μηδαμῶς· ὁ κρίνων πᾶσαν τὴν γῆν οὐ ποιήσεις κρίσιν;	mɛːdamɔːs sy poi̯ɛːseːs ɔːs to rɛːma tuːto tuː apokteːnai̯ dikai̯on meta asebuːs kai̯ estai̯ o dikai̯os ɔːs o asebɛːs mɛːdamɔːs o krinɔːn pasan tɛːn ɡɛːn uː poi̯ɛːseːs krisin	MEDAMOS SU POIESES OS TO REMA TUTO TU APOKTENAI DIKAION META ASEBUS KAI ESTAI O DIKAIOS OS O ASEBES MEDAMOS O KRINON PASAN TEN GEN U POIESES KRISIN	ud_ancient_greek_ptnk	4th-5th c. CE (Codex Alexandrinus)	religious	translit_map
ud_ancient_greek_ptnk_Septuagint-Genesis-18:26-grc	εἶπεν δὲ κύριος, ἐὰν εὕρω ἐν Σοδόμοις πεντήκοντα δικαίους ἐν τῇ πόλει, ἀφήσω πάντα τὸν τόπον δι᾿ αὐτούς.	eːpen de kyrios ean eu̯rɔː en sodomoi̯s pentɛːkonta dikai̯uːs en tɛː poleː apʰɛːsɔː panta ton topon di au̯tuːs	EPEN DE KURIOS EAN EURO EN SODOMOIS PENTEKONTA DIKAIUS EN TE POLE APESO PANTA TON TOPON DI AUTUS	ud_ancient_greek_ptnk	4th-5th c. CE (Codex Alexandrinus)	religious	translit_map
ud_ancient_greek_ptnk_Septuagint-Genesis-18:27-grc	καὶ ἀποκριθεὶς Ἁβραὰμ εἶπεν, νῦν ἠρξάμην λαλῆσαι πρὸς τὸν κύριον, ἐγὼ δέ εἰμι γῆ καὶ σποδός·	kai̯ apokritʰeːs abraam eːpen nyn ɛːrksamɛːn lalɛːsai̯ pros ton kyrion eɡɔː de eːmi ɡɛː kai̯ spodos	KAI APOKRITES ABRAAM EPEN NUN ERKSAMEN LALESAI PROS TON KURION EGO DE EMI GE KAI SPODOS	ud_ancient_greek_ptnk	4th-5th c. CE (Codex Alexandrinus)	religious	translit_map
ud_ancient_greek_ptnk_Septuagint-Genesis-18:28-grc	ἐὰν δὲ ἐλαττονωθῶσιν οἱ πεντήκοντα δίκαιοι πέντε, ἀπολεῖς ἕνεκεν τῶν πέντε πᾶσαν τὴν πόλιν; καὶ εἶπεν, οὐ μὴ ἀπολέσω, ἐὰν εὕρω ἐκεῖ τεσσαράκοντα πέντε.	ean de elattonɔːtʰɔːsin oi̯ pentɛːkonta dikai̯oi̯ pente apoleːs eneken tɔːn pente pasan tɛːn polin kai̯ eːpen uː mɛː apolesɔː ean eu̯rɔː ekeː tessarakonta pente	EAN DE ELATTONOTOSIN OI PENTEKONTA DIKAIOI PENTE APOLES ENEKEN TON PENTE PASAN TEN POLIN KAI EPEN U ME APOLESO EAN EURO EKE TESSARAKONTA PENTE	ud_ancient_greek_ptnk	4th-5th c. CE (Codex Alexandrinus)	religious	translit_map
ud_ancient_greek_ptnk_Septuagint-Genesis-18:29-grc	καὶ προσέθηκεν ἔτι λαλῆσαι πρὸς αὐτὸν καὶ εἶπεν, ἐὰν δὲ εὑρεθῶσιν ἐκεῖ τεσσαράκοντα; καὶ εἶπεν, οὐ μὴ ἀπολέσω ἕνεκεν τῶν τεσσαράκοντα.	kai̯ prosetʰɛːken eti lalɛːsai̯ pros au̯ton kai̯ eːpen ean de eu̯retʰɔːsin ekeː tessarakonta kai̯ eːpen uː mɛː apolesɔː eneken tɔːn tessarakonta	KAI PROSETEKEN ETI LALESAI PROS AUTON KAI EPEN EAN DE EURETOSIN EKE TESSARAKONTA KAI EPEN U ME APOLESO ENEKEN TON TESSARAKONTA	ud_ancient_greek_ptnk	4th-5th c. CE (Codex Alexandrinus)	religious	translit_map
ud_ancient_greek_ptnk_Septuagint-Genesis-18:30-grc	καὶ εἶπεν, μή τι, κύριε, ἐὰν λαλήσω· ἐὰν δὲ εὑρεθῶσιν ἐκεῖ τριάκοντα καὶ εἶπεν, οὐ μὴ ἀπολέσω ἐὰν εὕρω ἐκεῖ τριάκοντα.	kai̯ eːpen mɛː ti kyrie ean lalɛːsɔː ean de eu̯retʰɔːsin ekeː triakonta kai̯ eːpen uː mɛː apolesɔː ean eu̯rɔː ekeː triakonta	KAI EPEN ME TI KURIE EAN LALESO EAN DE EURETOSIN EKE TRIAKONTA KAI EPEN U ME APOLESO EAN EURO EKE TRIAKONTA	ud_ancient_greek_ptnk	4th-5th c. CE (Codex Alexandrinus)	religious	translit_map
ud_ancient_greek_ptnk_Septuagint-Genesis-18:31-grc	καὶ εἶπεν, ἐπειδὴ ἔχω λαλῆσαι πρὸς τὸν κύριον, ἐὰν δὲ εὑρεθῶσιν ἐκεῖ εἴκοσι καὶ εἶπεν, οὐ μὴ ἀπολέσω ἕνεκεν τῶν εἴκοσι.	kai̯ eːpen epeːdɛː ekʰɔː lalɛːsai̯ pros ton kyrion ean de eu̯retʰɔːsin ekeː eːkosi kai̯ eːpen uː mɛː apolesɔː eneken tɔːn eːkosi	KAI EPEN EPEDE EKO LALESAI PROS TON KURION EAN DE EURETOSIN EKE EKOSI KAI EPEN U ME APOLESO ENEKEN TON EKOSI	ud_ancient_greek_ptnk	4th-5th c. CE (Codex Alexandrinus)	religious	translit_map
ud_ancient_greek_ptnk_Septuagint-Genesis-18:32-grc	καὶ εἶπεν, μή τι, κύριε, ἐὰν λαλήσω ἔτι ἅπαξ ἐὰν δὲ εὑρεθῶσιν ἐκεῖ δέκα; καὶ εἶπεν, οὐ μὴ ἀπολέσω ἕνεκεν τῶν δέκα.	kai̯ eːpen mɛː ti kyrie ean lalɛːsɔː eti apaks ean de eu̯retʰɔːsin ekeː deka kai̯ eːpen uː mɛː apolesɔː eneken tɔːn deka	KAI EPEN ME TI KURIE EAN LALESO ETI APAKS EAN DE EURETOSIN EKE DEKA KAI EPEN U ME APOLESO ENEKEN TON DEKA	ud_ancient_greek_ptnk	4th-5th c. CE (Codex Alexandrinus)	religious	translit_map
ud_ancient_greek_ptnk_Septuagint-Genesis-18:33-grc	ἀπῆλθεν δὲ κύριος, ὡς ἐπαύσατο λαλῶν τῷ Ἁβραάμ, καὶ Ἁβραὰμ ἀπέστρεψεν εἰς τὸν τόπον αὐτοῦ.	apɛːltʰen de kyrios ɔːs epau̯sato lalɔːn tɔː abraam kai̯ abraam apestrepsen eːs ton topon au̯tuː	APELTEN DE KURIOS OS EPAUSATO LALON TO ABRAAM KAI ABRAAM APESTREPSEN ES TON TOPON AUTU	ud_ancient_greek_ptnk	4th-5th c. CE (Codex Alexandrinus)	religious	translit_map
ud_ancient_greek_ptnk_Septuagint-Genesis-19:1-grc	ἦλθον δὲ οἱ δύο ἄγγελοι εἰς Σόδομα ἑσπέρας· Λὼτ δὲ ἐκάθητο παρὰ τὴν πύλην Σοδόμων. ἰδὼν δὲ Λὼτ ἐξανέστη εἰς συνάντησιν αὐτοῖς καὶ προσεκύνησεν τῷ προσώπῳ ἐπὶ τὴν γῆν	ɛːltʰon de oi̯ dyo aŋɡeloi̯ eːs sodoma esperas lɔːt de ekatʰɛːto para tɛːn pylɛːn sodomɔːn idɔːn de lɔːt eksanestɛː eːs synantɛːsin au̯toi̯s kai̯ prosekynɛːsen tɔː prosɔːpɔː epi tɛːn ɡɛːn	ELTON DE OI DUO ANGELOI ES SODOMA ESPERAS LOT DE EKATETO PARA TEN PULEN SODOMON IDON DE LOT EKSANESTE ES SUNANTESIN AUTOIS KAI PROSEKUNESEN TO PROSOPO EPI TEN GEN	ud_ancient_greek_ptnk	4th-5th c. CE (Codex Alexandrinus)	religious	translit_map
ud_ancient_greek_ptnk_Septuagint-Genesis-19:2-grc	καὶ εἶπεν, ἰδού, κύριοι, ἐκκλίνατε εἰς τὸν οἶκον τοῦ παιδὸς ὑμῶν καὶ καταλύσατε καὶ νίψασθε τοὺς πόδας ὑμῶν, καὶ ὀρθρίσαντες ἀπελεύσεσθε εἰς τὴν ὁδὸν ὑμῶν. εἶπαν δέ, οὐχί, ἀλλ᾿ ἐν τῇ πλατείᾳ καταλύσομεν.	kai̯ eːpen iduː kyrioi̯ ekklinate eːs ton oi̯kon tuː pai̯dos ymɔːn kai̯ katalysate kai̯ nipsastʰe tuːs podas ymɔːn kai̯ ortʰrisantes apeleu̯sestʰe eːs tɛːn odon ymɔːn eːpan de uːkʰi all en tɛː plateːa katalysomen	KAI EPEN IDU KURIOI EKKLINATE ES TON OIKON TU PAIDOS UMON KAI KATALUSATE KAI NIPSASTE TUS PODAS UMON KAI ORTRISANTES APELEUSESTE ES TEN ODON UMON EPAN DE UKI ALL EN TE PLATEA KATALUSOMEN	ud_ancient_greek_ptnk	4th-5th c. CE (Codex Alexandrinus)	religious	translit_map
ud_ancient_greek_ptnk_Septuagint-Genesis-19:3-grc	καὶ κατεβιάζετο αὐτούς, καὶ ἐξέκλιναν πρὸς αὐτὸν καὶ εἰσῆλθον εἰς τὴν οἰκίαν αὐτοῦ. καὶ ἐποίησεν αὐτοῖς πότον, καὶ ἀζύμους ἔπεψεν αὐτοῖς, καὶ ἔφαγον.	kai̯ katebiazdeto au̯tuːs kai̯ ekseklinan pros au̯ton kai̯ eːsɛːltʰon eːs tɛːn oi̯kian au̯tuː kai̯ epoi̯ɛːsen au̯toi̯s poton kai̯ azdymuːs epepsen au̯toi̯s kai̯ epʰaɡon	KAI KATEBIASDETO AUTUS KAI EKSEKLINAN PROS AUTON KAI ESELTON ES TEN OIKIAN AUTU KAI EPOIESEN AUTOIS POTON KAI ASDUMUS EPEPSEN AUTOIS KAI EPAGON	ud_ancient_greek_ptnk	4th-5th c. CE (Codex Alexandrinus)	religious	translit_map
ud_ancient_greek_ptnk_Septuagint-Genesis-19:4-grc	πρὸ τοῦ κοιμηθῆναι καὶ οἱ ἄνδρες τῆς πόλεως οἱ Σοδομῖται περιεκύκλωσαν τὴν οἰκίαν ἀπὸ νεανίσκου ἕως πρεσβυτέρου, ἅπας ὁ λαὸς ἅμα,	pro tuː koi̯mɛːtʰɛːnai̯ kai̯ oi̯ andres tɛːs poleɔːs oi̯ sodomitai̯ periekyklɔːsan tɛːn oi̯kian apo neaniskuː eɔːs presbyteruː apas o laos ama	PRO TU KOIMETENAI KAI OI ANDRES TES POLEOS OI SODOMITAI PERIEKUKLOSAN TEN OIKIAN APO NEANISKU EOS PRESBUTERU APAS O LAOS AMA	ud_ancient_greek_ptnk	4th-5th c. CE (Codex Alexandrinus)	religious	translit_map
ud_ancient_greek_ptnk_Septuagint-Genesis-19:5-grc	καὶ ἐξεκαλοῦντο τὸν Λὼτ καὶ ἔλεγον πρὸς αὐτόν, ποῦ εἰσιν οἱ ἄνδρες οἱ εἰσελθόντες πρὸς σὲ τὴν νύκτα; ἐξάγαγε αὐτοὺς πρὸς ἡμᾶς, ἵνα συγγενώμεθα αὐτοῖς.	kai̯ eksekaluːnto ton lɔːt kai̯ eleɡon pros au̯ton puː eːsin oi̯ andres oi̯ eːseltʰontes pros se tɛːn nykta eksaɡaɡe au̯tuːs pros ɛːmas ina syŋɡenɔːmetʰa au̯toi̯s	KAI EKSEKALUNTO TON LOT KAI ELEGON PROS AUTON PU ESIN OI ANDRES OI ESELTONTES PROS SE TEN NUKTA EKSAGAGE AUTUS PROS EMAS INA SUNGENOMETA AUTOIS	ud_ancient_greek_ptnk	4th-5th c. CE (Codex Alexandrinus)	religious	translit_map
ud_ancient_greek_ptnk_Septuagint-Genesis-19:6-grc	ἐξῆλθεν δὲ Λὼτ πρὸς αὐτοὺς πρὸς τὸ πρόθυρον, τὴν δὲ θύραν προσέῳξεν ὀπίσω αὐτοῦ.	eksɛːltʰen de lɔːt pros au̯tuːs pros to protʰyron tɛːn de tʰyran proseɔːksen opisɔː au̯tuː	EKSELTEN DE LOT PROS AUTUS PROS TO PROTURON TEN DE TURAN PROSEOKSEN OPISO AUTU	ud_ancient_greek_ptnk	4th-5th c. CE (Codex Alexandrinus)	religious	translit_map
ud_ancient_greek_ptnk_Septuagint-Genesis-19:7-grc	εἶπεν δὲ πρὸς αὐτούς, μηδαμῶς, ἀδελφοί, μὴ πονηρεύσησθε.	eːpen de pros au̯tuːs mɛːdamɔːs adelpʰoi̯ mɛː ponɛːreu̯sɛːstʰe	EPEN DE PROS AUTUS MEDAMOS ADELPOI ME PONEREUSESTE	ud_ancient_greek_ptnk	4th-5th c. CE (Codex Alexandrinus)	religious	translit_map
ud_ancient_greek_ptnk_Septuagint-Genesis-19:8-grc	εἰσὶν δέ μοι δύο θυγατέρες, αἳ οὐκ ἔγνωσαν ἄνδρα· ἐξάξω αὐτὰς πρὸς ὑμᾶς, καὶ χρήσασθε αὐταῖς, καθὰ ἄν ἀρέσκῃ ὑμῖν· μόνον εἰς τοὺς ἄνδρας τούτους μὴ ποιήσητε μηδὲν ἄδικον, οὗ εἵνεκεν εἰσῆλθον ὑπὸ τὴν σκέπην τῶν δοκῶν μου.	eːsin de moi̯ dyo tʰyɡateres ai̯ uːk eɡnɔːsan andra eksaksɔː au̯tas pros ymas kai̯ kʰrɛːsastʰe au̯tai̯s katʰa an areskɛː ymin monon eːs tuːs andras tuːtuːs mɛː poi̯ɛːsɛːte mɛːden adikon uː eːneken eːsɛːltʰon ypo tɛːn skepɛːn tɔːn dokɔːn muː	ESIN DE MOI DUO TUGATERES AI UK EGNOSAN ANDRA EKSAKSO AUTAS PROS UMAS KAI KRESASTE AUTAIS KATA AN ARESKE UMIN MONON ES TUS ANDRAS TUTUS ME POIESETE MEDEN ADIKON U ENEKEN ESELTON UPO TEN SKEPEN TON DOKON MU	ud_ancient_greek_ptnk	4th-5th c. CE (Codex Alexandrinus)	religious	translit_map
ud_ancient_greek_ptnk_Septuagint-Genesis-19:9-grc	εἶπαν δέ, ἀπόστα ἐκεῖ. εἷς ἦλθες παροικεῖν· μὴ καὶ κρίσιν; κρίνειν νῦν οὖν σὲ κακώσομεν μᾶλλον ἢ ἐκείνους. καὶ παρεβιάζοντο τὸν ἄνδρα τὸν Λὼτ σφόδρα καὶ ἤγγισαν συντρῖψαι τὴν θύραν.	eːpan de aposta ekeː eːs ɛːltʰes paroi̯keːn mɛː kai̯ krisin krineːn nyn uːn se kakɔːsomen mallon ɛː ekeːnuːs kai̯ parebiazdonto ton andra ton lɔːt spʰodra kai̯ ɛːŋɡisan syntripsai̯ tɛːn tʰyran	EPAN DE APOSTA EKE ES ELTES PAROIKEN ME KAI KRISIN KRINEN NUN UN SE KAKOSOMEN MALLON E EKENUS KAI PAREBIASDONTO TON ANDRA TON LOT SPODRA KAI ENGISAN SUNTRIPSAI TEN TURAN	ud_ancient_greek_ptnk	4th-5th c. CE (Codex Alexandrinus)	religious	translit_map
ud_ancient_greek_ptnk_Septuagint-Genesis-19:10-grc	ἐκτείναντες δὲ οἱ ἄνδρες τὰς χεῖρας εἰσεσπάσαντο τὸν Λὼτ πρὸς ἑαυτοὺς εἰς τὸν οἶκον καὶ τὴν θύραν τοῦ οἴκου ἀπέκλεισαν·	ekteːnantes de oi̯ andres tas kʰeːras eːsespasanto ton lɔːt pros eau̯tuːs eːs ton oi̯kon kai̯ tɛːn tʰyran tuː oi̯kuː apekleːsan	EKTENANTES DE OI ANDRES TAS KERAS ESESPASANTO TON LOT PROS EAUTUS ES TON OIKON KAI TEN TURAN TU OIKU APEKLESAN	ud_ancient_greek_ptnk	4th-5th c. CE (Codex Alexandrinus)	religious	translit_map
ud_ancient_greek_ptnk_Septuagint-Genesis-19:11-grc	τοὺς δὲ ἄνδρας τοὺς ὄντας ἐπὶ τῆς θύρας τοῦ οἴκου ἐπάταξαν ἀορασίᾳ ἀπὸ μικροῦ ἕως μεγάλου, καὶ παρελύθησαν ζητοῦντες τὴν θύραν.	tuːs de andras tuːs ontas epi tɛːs tʰyras tuː oi̯kuː epataksan aorasia apo mikruː eɔːs meɡaluː kai̯ parelytʰɛːsan zdɛːtuːntes tɛːn tʰyran	TUS DE ANDRAS TUS ONTAS EPI TES TURAS TU OIKU EPATAKSAN AORASIA APO MIKRU EOS MEGALU KAI PARELUTESAN SDETUNTES TEN TURAN	ud_ancient_greek_ptnk	4th-5th c. CE (Codex Alexandrinus)	religious	translit_map
ud_ancient_greek_ptnk_Septuagint-Genesis-19:12-grc	εἶπαν δὲ οἱ ἄνδρες πρὸς Λώτ, ἔστιν τίς σοί ὧδε, γαμβροὶ ἢ υἱοὶ ἢ θυγατέρες; ἢ εἴ τις σοί ἄλλος ἔστιν ἐν τῇ πόλει, ἐξάγαγε ἐκ τοῦ τόπου τούτου·	eːpan de oi̯ andres pros lɔːt estin tis soi̯ ɔːde ɡambroi̯ ɛː yi̯oi̯ ɛː tʰyɡateres ɛː eː tis soi̯ allos estin en tɛː poleː eksaɡaɡe ek tuː topuː tuːtuː	EPAN DE OI ANDRES PROS LOT ESTIN TIS SOI ODE GAMBROI E UIOI E TUGATERES E E TIS SOI ALLOS ESTIN EN TE POLE EKSAGAGE EK TU TOPU TUTU	ud_ancient_greek_ptnk	4th-5th c. CE (Codex Alexandrinus)	religious	translit_map
ud_ancient_greek_ptnk_Septuagint-Genesis-19:13-grc	ὅτι ἀπόλλυμεν ἡμεῖς τὸν τόπον τοῦτον, ὅτι ὑψώθη ἡ κραυγὴ αὐτῶν ἐναντίον κυρίου, καὶ ἀπέστειλεν ἡμᾶς κύριος ἐκτρῖψαι αὐτήν.	oti apollymen ɛːmeːs ton topon tuːton oti ypsɔːtʰɛː ɛː krau̯ɡɛː au̯tɔːn enantion kyriuː kai̯ apesteːlen ɛːmas kyrios ektripsai̯ au̯tɛːn	OTI APOLLUMEN EMES TON TOPON TUTON OTI UPSOTE E KRAUGE AUTON ENANTION KURIU KAI APESTELEN EMAS KURIOS EKTRIPSAI AUTEN	ud_ancient_greek_ptnk	4th-5th c. CE (Codex Alexandrinus)	religious	translit_map
ud_ancient_greek_ptnk_Septuagint-Genesis-19:14-grc	ἐξῆλθεν δὲ Λὼτ καὶ ἐλάλησεν πρὸς τοὺς γαμβροὺς αὐτοῦ τοὺς εἰληφότας τὰς θυγατέρας αὐτοῦ καὶ εἶπεν, ἀνάστητε καὶ ἐξέλθατε ἐκ τοῦ τόπου τούτου, ὅτι ἐκτρίβει κύριος τὴν πόλιν. ἔδοξεν δὲ γελοιάζειν ἐναντίον τῶν γαμβρῶν αὐτοῦ.	eksɛːltʰen de lɔːt kai̯ elalɛːsen pros tuːs ɡambruːs au̯tuː tuːs eːlɛːpʰotas tas tʰyɡateras au̯tuː kai̯ eːpen anastɛːte kai̯ ekseltʰate ek tuː topuː tuːtuː oti ektribeː kyrios tɛːn polin edoksen de ɡeloi̯azdeːn enantion tɔːn ɡambrɔːn au̯tuː	EKSELTEN DE LOT KAI ELALESEN PROS TUS GAMBRUS AUTU TUS ELEPOTAS TAS TUGATERAS AUTU KAI EPEN ANASTETE KAI EKSELTATE EK TU TOPU TUTU OTI EKTRIBE KURIOS TEN POLIN EDOKSEN DE GELOIASDEN ENANTION TON GAMBRON AUTU	ud_ancient_greek_ptnk	4th-5th c. CE (Codex Alexandrinus)	religious	translit_map
ud_ancient_greek_ptnk_Septuagint-Genesis-19:15-grc	ἡνίκα δὲ ὄρθρος ἐγίνετο, ἐπεσπούδαζον οἱ ἄγγελοι τὸν Λὼτ λέγοντες, ἀναστὰς λαβὲ τὴν γυναῖκά σου καὶ τὰς δύο θυγατέρας σου ἃς ἔχεις, καὶ ἔξελθε, ἵνα μὴ συναπόλῃ ταῖς ἀνομίαις τῆς πόλεως.	ɛːnika de ortʰros eɡineto epespuːdazdon oi̯ aŋɡeloi̯ ton lɔːt leɡontes anastas labe tɛːn ɡynai̯ka suː kai̯ tas dyo tʰyɡateras suː as ekʰeːs kai̯ ekseltʰe ina mɛː synapolɛː tai̯s anomiai̯s tɛːs poleɔːs	ENIKA DE ORTROS EGINETO EPESPUDASDON OI ANGELOI TON LOT LEGONTES ANASTAS LABE TEN GUNAIKA SU KAI TAS DUO TUGATERAS SU AS EKES KAI EKSELTE INA ME SUNAPOLE TAIS ANOMIAIS TES POLEOS	ud_ancient_greek_ptnk	4th-5th c. CE (Codex Alexandrinus)	religious	translit_map
ud_ancient_greek_ptnk_Septuagint-Genesis-19:16-grc	καὶ ἐταράχθησαν· καὶ ἐκράτησαν οἱ ἄγγελοι τῆς χειρὸς αὐτοῦ καὶ τῆς χειρὸς τῆς γυναικὸς αὐτοῦ καὶ τῶν χειρῶν τῶν δύο θυγατέρων αὐτοῦ ἐν τῷ φείσασθαι κύριον αὐτοῦ.	kai̯ etarakʰtʰɛːsan kai̯ ekratɛːsan oi̯ aŋɡeloi̯ tɛːs kʰeːros au̯tuː kai̯ tɛːs kʰeːros tɛːs ɡynai̯kos au̯tuː kai̯ tɔːn kʰeːrɔːn tɔːn dyo tʰyɡaterɔːn au̯tuː en tɔː pʰeːsastʰai̯ kyrion au̯tuː	KAI ETARAKTESAN KAI EKRATESAN OI ANGELOI TES KEROS AUTU KAI TES KEROS TES GUNAIKOS AUTU KAI TON KERON TON DUO TUGATERON AUTU EN TO PESASTAI KURION AUTU	ud_ancient_greek_ptnk	4th-5th c. CE (Codex Alexandrinus)	religious	translit_map
ud_ancient_greek_ptnk_Septuagint-Genesis-19:17-grc	καὶ ἐγένετο ἡνίκα ἐξήγαγον αὐτοὺς ἔξω. καὶ εἶπαν σῴζων σῷζε τὴν σεαυτοῦ ψυχήν· μὴ περιβλέψῃς εἰς τὰ ὀπίσω μηδὲ στῇς ἐν πάσῃ τῇ περιχώρῳ· εἰς τὸ ὄρος σῴζου, μήποτε συμπαραλημφθῇς.	kai̯ eɡeneto ɛːnika eksɛːɡaɡon au̯tuːs eksɔː kai̯ eːpan sɔːzdɔːn sɔːzde tɛːn seau̯tuː psykʰɛːn mɛː periblepsɛːs eːs ta opisɔː mɛːde stɛːs en pasɛː tɛː perikʰɔːrɔː eːs to oros sɔːzduː mɛːpote symparalɛːmpʰtʰɛːs	KAI EGENETO ENIKA EKSEGAGON AUTUS EKSO KAI EPAN SOSDON SOSDE TEN SEAUTU PSUKEN ME PERIBLEPSES ES TA OPISO MEDE STES EN PASE TE PERIKORO ES TO OROS SOSDU MEPOTE SUMPARALEMPTES	ud_ancient_greek_ptnk	4th-5th c. CE (Codex Alexandrinus)	religious	translit_map
ud_ancient_greek_ptnk_Septuagint-Genesis-19:18-grc	εἶπεν δὲ Λὼτ πρὸς αὐτούς, δέομαι, κύριε·	eːpen de lɔːt pros au̯tuːs deomai̯ kyrie	EPEN DE LOT PROS AUTUS DEOMAI KURIE	ud_ancient_greek_ptnk	4th-5th c. CE (Codex Alexandrinus)	religious	translit_map
ud_ancient_greek_ptnk_Septuagint-Genesis-19:19-grc	ἐπειδὴ εὗρεν ὁ παῖς σου ἔλεος ἐναντίον σου καὶ ἐμεγάλυνας τὴν δικαιοσύνην σου, ὃ ποιεῖς ἐπ᾿ ἐμέ, τοῦ ζῆν τὴν ψυχήν μου, ἐγὼ δὲ οὐ δυνήσομαι διασωθῆναι εἰς τὸ ὄρος, μὴ καταλάβῃ με τὰ κακὰ καὶ ἀποθάνω,	epeːdɛː eu̯ren o pai̯s suː eleos enantion suː kai̯ emeɡalynas tɛːn dikai̯osynɛːn suː o poi̯eːs ep eme tuː zdɛːn tɛːn psykʰɛːn muː eɡɔː de uː dynɛːsomai̯ diasɔːtʰɛːnai̯ eːs to oros mɛː katalabɛː me ta kaka kai̯ apotʰanɔː	EPEDE EUREN O PAIS SU ELEOS ENANTION SU KAI EMEGALUNAS TEN DIKAIOSUNEN SU O POIES EP EME TU SDEN TEN PSUKEN MU EGO DE U DUNESOMAI DIASOTENAI ES TO OROS ME KATALABE ME TA KAKA KAI APOTANO	ud_ancient_greek_ptnk	4th-5th c. CE (Codex Alexandrinus)	religious	translit_map
ud_ancient_greek_ptnk_Septuagint-Genesis-19:20-grc	ἰδοὺ ἡ πόλις αὕτη ἐγγὺς τοῦ καταφυγεῖν με ἐκεῖ, ἥ ἐστιν μικρά, ἐκεῖ σωθήσομαι· οὐ μικρά ἐστιν; καὶ ζήσεται ἡ ψυχή μου.	iduː ɛː polis au̯tɛː eŋɡys tuː katapʰyɡeːn me ekeː ɛː estin mikra ekeː sɔːtʰɛːsomai̯ uː mikra estin kai̯ zdɛːsetai̯ ɛː psykʰɛː muː	IDU E POLIS AUTE ENGUS TU KATAPUGEN ME EKE E ESTIN MIKRA EKE SOTESOMAI U MIKRA ESTIN KAI SDESETAI E PSUKE MU	ud_ancient_greek_ptnk	4th-5th c. CE (Codex Alexandrinus)	religious	translit_map
ud_ancient_greek_ptnk_Septuagint-Genesis-19:21-grc	καὶ εἶπεν αὐτῷ, ἰδοὺ ἐθαύμασά σου τὸ πρόσωπον καὶ ἐπὶ τῷ ῥήματι τούτῳ τοῦ μὴ καταστρέψαι τὴν πόλιν, περὶ ἧς ἐλάλησας·	kai̯ eːpen au̯tɔː iduː etʰau̯masa suː to prosɔːpon kai̯ epi tɔː rɛːmati tuːtɔː tuː mɛː katastrepsai̯ tɛːn polin peri ɛːs elalɛːsas	KAI EPEN AUTO IDU ETAUMASA SU TO PROSOPON KAI EPI TO REMATI TUTO TU ME KATASTREPSAI TEN POLIN PERI ES ELALESAS	ud_ancient_greek_ptnk	4th-5th c. CE (Codex Alexandrinus)	religious	translit_map
ud_ancient_greek_ptnk_Septuagint-Genesis-19:22-grc	σπεῦσον οὖν τοῦ σωθῆναι ἐκεῖ· οὐ γὰρ δυνήσομαι ποιῆσαι πρᾶγμα ἕως τοῦ σὲ εἰσελθεῖν ἐκεῖ. διὰ τοῦτο ἐκάλεσεν τὸ ὄνομα τῆς πόλεως ἐκείνης Σηγώρ.	speu̯son uːn tuː sɔːtʰɛːnai̯ ekeː uː ɡar dynɛːsomai̯ poi̯ɛːsai̯ praɡma eɔːs tuː se eːseltʰeːn ekeː dia tuːto ekalesen to onoma tɛːs poleɔːs ekeːnɛːs sɛːɡɔːr	SPEUSON UN TU SOTENAI EKE U GAR DUNESOMAI POIESAI PRAGMA EOS TU SE ESELTEN EKE DIA TUTO EKALESEN TO ONOMA TES POLEOS EKENES SEGOR	ud_ancient_greek_ptnk	4th-5th c. CE (Codex Alexandrinus)	religious	translit_map
ud_ancient_greek_ptnk_Septuagint-Genesis-19:23-grc	ὁ ἥλιος ἐξῆλθεν ἐπὶ τὴν γῆν, καὶ Λὼτ εἰσῆλθεν εἰς Σηγώρ,	o ɛːlios eksɛːltʰen epi tɛːn ɡɛːn kai̯ lɔːt eːsɛːltʰen eːs sɛːɡɔːr	O ELIOS EKSELTEN EPI TEN GEN KAI LOT ESELTEN ES SEGOR	ud_ancient_greek_ptnk	4th-5th c. CE (Codex Alexandrinus)	religious	translit_map
ud_ancient_greek_ptnk_Septuagint-Genesis-19:24-grc	καὶ κύριος ἔβρεξεν ἐπὶ Σόδομα καὶ Γόμορρα θεῖον καὶ πῦρ παρὰ κυρίου ἐκ τοῦ οὐρανοῦ	kai̯ kyrios ebreksen epi sodoma kai̯ ɡomorra tʰeːon kai̯ pyr para kyriuː ek tuː uːranuː	KAI KURIOS EBREKSEN EPI SODOMA KAI GOMORRA TEON KAI PUR PARA KURIU EK TU URANU	ud_ancient_greek_ptnk	4th-5th c. CE (Codex Alexandrinus)	religious	translit_map
ud_ancient_greek_ptnk_Septuagint-Genesis-19:25-grc	καὶ κατέστρεψεν τὰς πόλεις ταύτας καὶ πᾶσαν τὴν περίοικον καὶ πάντας τοὺς κατοικοῦντας ἐν ταῖς πόλεσιν καὶ πάντα τὰ ἀνατέλλοντα ἐκ τῆς γῆς.	kai̯ katestrepsen tas poleːs tau̯tas kai̯ pasan tɛːn perioi̯kon kai̯ pantas tuːs katoi̯kuːntas en tai̯s polesin kai̯ panta ta anatellonta ek tɛːs ɡɛːs	KAI KATESTREPSEN TAS POLES TAUTAS KAI PASAN TEN PERIOIKON KAI PANTAS TUS KATOIKUNTAS EN TAIS POLESIN KAI PANTA TA ANATELLONTA EK TES GES	ud_ancient_greek_ptnk	4th-5th c. CE (Codex Alexandrinus)	religious	translit_map
ud_ancient_greek_ptnk_Septuagint-Genesis-19:26-grc	καὶ ἐπέβλεψεν ἡ γυνὴ αὐτοῦ εἰς τὰ ὀπίσω καὶ ἐγένετο στήλη ἁλός.	kai̯ epeblepsen ɛː ɡynɛː au̯tuː eːs ta opisɔː kai̯ eɡeneto stɛːlɛː alos	KAI EPEBLEPSEN E GUNE AUTU ES TA OPISO KAI EGENETO STELE ALOS	ud_ancient_greek_ptnk	4th-5th c. CE (Codex Alexandrinus)	religious	translit_map
ud_ancient_greek_ptnk_Septuagint-Genesis-19:27-grc	ὤρθρισεν δὲ Ἁβραὰμ τὸ πρωῒ εἰς τὸν τόπον, οὗ εἱστήκει ἐναντίον κυρίου,	ɔːrtʰrisen de abraam to prɔːi̯ eːs ton topon uː eːstɛːkeː enantion kyriuː	ORTRISEN DE ABRAAM TO PROI ES TON TOPON U ESTEKE ENANTION KURIU	ud_ancient_greek_ptnk	4th-5th c. CE (Codex Alexandrinus)	religious	translit_map
ud_ancient_greek_ptnk_Septuagint-Genesis-19:28-grc	καὶ ἐπέβλεψεν ἐπὶ πρόσωπον Σοδόμων καὶ Γομόρρας καὶ ἐπὶ πρόσωπον τῆς γῆς τῆς περιχώρου καὶ εἶδεν, καὶ ἰδοὺ ἀνέβαινεν φλὸξ τῆς γῆς ὡσεὶ ἀτμὶς καμίνου.	kai̯ epeblepsen epi prosɔːpon sodomɔːn kai̯ ɡomorras kai̯ epi prosɔːpon tɛːs ɡɛːs tɛːs perikʰɔːruː kai̯ eːden kai̯ iduː anebai̯nen pʰloks tɛːs ɡɛːs ɔːseː atmis kaminuː	KAI EPEBLEPSEN EPI PROSOPON SODOMON KAI GOMORRAS KAI EPI PROSOPON TES GES TES PERIKORU KAI EDEN KAI IDU ANEBAINEN PLOKS TES GES OSE ATMIS KAMINU	ud_ancient_greek_ptnk	4th-5th c. CE (Codex Alexandrinus)	religious	translit_map
ud_ancient_greek_ptnk_Septuagint-Genesis-19:29-grc	καὶ ἐγένετο ἐν τῷ ἐκτρῖψαι κύριον πάσας τὰς πόλεις τῆς περιοίκου ἐμνήσθη ὁ θεὸς τοῦ Ἁβραὰμ καὶ ἐξαπέστειλεν τὸν Λὼτ ἐκ μέσου τῆς καταστροφῆς ἐν τῷ καταστρέψαι κύριον τὰς πόλεις, ἐν αἷς κατῴκει ἐν αὐταῖς Λώτ.	kai̯ eɡeneto en tɔː ektripsai̯ kyrion pasas tas poleːs tɛːs perioi̯kuː emnɛːstʰɛː o tʰeos tuː abraam kai̯ eksapesteːlen ton lɔːt ek mesuː tɛːs katastropʰɛːs en tɔː katastrepsai̯ kyrion tas poleːs en ai̯s katɔːkeː en au̯tai̯s lɔːt	KAI EGENETO EN TO EKTRIPSAI KURION PASAS TAS POLES TES PERIOIKU EMNESTE O TEOS TU ABRAAM KAI EKSAPESTELEN TON LOT EK MESU TES KATASTROPES EN TO KATASTREPSAI KURION TAS POLES EN AIS KATOKE EN AUTAIS LOT	ud_ancient_greek_ptnk	4th-5th c. CE (Codex Alexandrinus)	religious	translit_map
ud_ancient_greek_ptnk_Septuagint-Genesis-19:30-grc	ἀνέβη δὲ Λὼτ ἐκ Σηγὼρ καὶ ἐκάθητο ἐν τῷ ὄρει καὶ αἱ δύο θυγατέρες αὐτοῦ μετ᾿ αὐτοῦ· ἐφοβήθη γὰρ κατοικῆσαι ἐν Σηγώρ. καὶ ᾤκησεν ἐν τῷ σπηλαίῳ, αὐτὸς καὶ αἱ δύο θυγατέρες αὐτοῦ μετ᾿ αὐτοῦ.	anebɛː de lɔːt ek sɛːɡɔːr kai̯ ekatʰɛːto en tɔː oreː kai̯ ai̯ dyo tʰyɡateres au̯tuː met au̯tuː epʰobɛːtʰɛː ɡar katoi̯kɛːsai̯ en sɛːɡɔːr kai̯ ɔːkɛːsen en tɔː spɛːlai̯ɔː au̯tos kai̯ ai̯ dyo tʰyɡateres au̯tuː met au̯tuː	ANEBE DE LOT EK SEGOR KAI EKATETO EN TO ORE KAI AI DUO TUGATERES AUTU MET AUTU EPOBETE GAR KATOIKESAI EN SEGOR KAI OKESEN EN TO SPELAIO AUTOS KAI AI DUO TUGATERES AUTU MET AUTU	ud_ancient_greek_ptnk	4th-5th c. CE (Codex Alexandrinus)	religious	translit_map
ud_ancient_greek_ptnk_Septuagint-Genesis-19:31-grc	εἶπεν δὲ ἡ πρεσβυτέρα πρὸς τὴν νεωτέραν, ὁ πατὴρ ἡμῶν πρεσβύτερος, καὶ οὐδείς ἐστιν ἐπὶ τῆς γῆς, ὃς εἰσελεύσεται πρὸς ἡμᾶς, ὡς καθήκει πάσῃ τῇ γῇ·	eːpen de ɛː presbytera pros tɛːn neɔːteran o patɛːr ɛːmɔːn presbyteros kai̯ uːdeːs estin epi tɛːs ɡɛːs os eːseleu̯setai̯ pros ɛːmas ɔːs katʰɛːkeː pasɛː tɛː ɡɛː	EPEN DE E PRESBUTERA PROS TEN NEOTERAN O PATER EMON PRESBUTEROS KAI UDES ESTIN EPI TES GES OS ESELEUSETAI PROS EMAS OS KATEKE PASE TE GE	ud_ancient_greek_ptnk	4th-5th c. CE (Codex Alexandrinus)	religious	translit_map
ud_ancient_greek_ptnk_Septuagint-Genesis-19:32-grc	δεῦρο καὶ ποτίσωμεν τὸν πατέρα ἡμῶν οἶνον καὶ κοιμηθῶμεν μετ᾿ αὐτοῦ καὶ ἐξαναστήσωμεν ἐκ τοῦ πατρὸς ἡμῶν σπέρμα.	deu̯ro kai̯ potisɔːmen ton patera ɛːmɔːn oi̯non kai̯ koi̯mɛːtʰɔːmen met au̯tuː kai̯ eksanastɛːsɔːmen ek tuː patros ɛːmɔːn sperma	DEURO KAI POTISOMEN TON PATERA EMON OINON KAI KOIMETOMEN MET AUTU KAI EKSANASTESOMEN EK TU PATROS EMON SPERMA	ud_ancient_greek_ptnk	4th-5th c. CE (Codex Alexandrinus)	religious	translit_map
ud_ancient_greek_ptnk_Septuagint-Genesis-19:33-grc	ἐπότισαν δὲ τὸν πατέρα αὐτῶν οἶνον ἐν τῇ νυκτὶ ταύτῃ, καὶ εἰσελθοῦσα ἡ πρεσβυτέρα ἐκοιμήθη μετὰ τοῦ πατρὸς αὐτῆς τὴν νύκτα ἐκείνην, καὶ οὐκ ᾔδει ἐν τῷ κοιμηθῆναι αὐτὴν καὶ ἀναστῆναι.	epotisan de ton patera au̯tɔːn oi̯non en tɛː nykti tau̯tɛː kai̯ eːseltʰuːsa ɛː presbytera ekoi̯mɛːtʰɛː meta tuː patros au̯tɛːs tɛːn nykta ekeːnɛːn kai̯ uːk ɛːdeː en tɔː koi̯mɛːtʰɛːnai̯ au̯tɛːn kai̯ anastɛːnai̯	EPOTISAN DE TON PATERA AUTON OINON EN TE NUKTI TAUTE KAI ESELTUSA E PRESBUTERA EKOIMETE META TU PATROS AUTES TEN NUKTA EKENEN KAI UK EDE EN TO KOIMETENAI AUTEN KAI ANASTENAI	ud_ancient_greek_ptnk	4th-5th c. CE (Codex Alexandrinus)	religious	translit_map
ud_ancient_greek_ptnk_Septuagint-Genesis-19:34-grc	ἐγένετο δὲ τῇ ἐπαύριον καὶ εἶπεν ἡ πρεσβυτέρα πρὸς τὴν νεωτέραν ἰδοὺ ἐκοιμήθην ἐχθὲς μετὰ τοῦ πατρὸς ἡμῶν· ποτίσωμεν αὐτὸν οἶνον καὶ τὴν νύκτα ταύτην, καὶ εἰσελθοῦσα κοιμήθητι μετ᾿ αὐτοῦ, καὶ ἐξαναστήσωμεν ἐκ τοῦ πατρὸς ἡμῶν σπέρμα.	eɡeneto de tɛː epau̯rion kai̯ eːpen ɛː presbytera pros tɛːn neɔːteran iduː ekoi̯mɛːtʰɛːn ekʰtʰes meta tuː patros ɛːmɔːn potisɔːmen au̯ton oi̯non kai̯ tɛːn nykta tau̯tɛːn kai̯ eːseltʰuːsa koi̯mɛːtʰɛːti met au̯tuː kai̯ eksanastɛːsɔːmen ek tuː patros ɛːmɔːn sperma	EGENETO DE TE EPAURION KAI EPEN E PRESBUTERA PROS TEN NEOTERAN IDU EKOIMETEN EKTES META TU PATROS EMON POTISOMEN AUTON OINON KAI TEN NUKTA TAUTEN KAI ESELTUSA KOIMETETI MET AUTU KAI EKSANASTESOMEN EK TU PATROS EMON SPERMA	ud_ancient_greek_ptnk	4th-5th c. CE (Codex Alexandrinus)	religious	translit_map
ud_ancient_greek_ptnk_Septuagint-Genesis-19:35-grc	ἐπότισαν δὲ καὶ ἐν τῇ νυκτὶ ἐκείνῃ τὸν πατέρα αὐτῶν οἶνον, καὶ εἰσελθοῦσα ἡ νεωτέρα ἐκοιμήθη μετὰ τοῦ πατρὸς αὐτῆς, καὶ οὐκ ᾔδει ἐν τῷ κοιμηθῆναι αὐτὴν καὶ ἀναστῆναι.	epotisan de kai̯ en tɛː nykti ekeːnɛː ton patera au̯tɔːn oi̯non kai̯ eːseltʰuːsa ɛː neɔːtera ekoi̯mɛːtʰɛː meta tuː patros au̯tɛːs kai̯ uːk ɛːdeː en tɔː koi̯mɛːtʰɛːnai̯ au̯tɛːn kai̯ anastɛːnai̯	EPOTISAN DE KAI EN TE NUKTI EKENE TON PATERA AUTON OINON KAI ESELTUSA E NEOTERA EKOIMETE META TU PATROS AUTES KAI UK EDE EN TO KOIMETENAI AUTEN KAI ANASTENAI	ud_ancient_greek_ptnk	4th-5th c. CE (Codex Alexandrinus)	religious	translit_map
ud_ancient_greek_ptnk_Septuagint-Genesis-19:36-grc	καὶ συνέλαβον αἱ δύο θυγατέρες Λὼτ ἐκ τοῦ πατρὸς αὐτῶν.	kai̯ synelabon ai̯ dyo tʰyɡateres lɔːt ek tuː patros au̯tɔːn	KAI SUNELABON AI DUO TUGATERES LOT EK TU PATROS AUTON	ud_ancient_greek_ptnk	4th-5th c. CE (Codex Alexandrinus)	religious	translit_map
ud_ancient_greek_ptnk_Septuagint-Genesis-19:37-grc	καὶ ἔτεκεν ἡ πρεσβυτέρα υἱὸν καὶ ἐκάλεσεν τὸ ὄνομα αὐτοῦ Μωὰβ λέγουσα, ἐκ τοῦ πατρός μου· οὗτος πατὴρ Μωαβιτῶν ἕως τῆς σήμερον ἡμέρας.	kai̯ eteken ɛː presbytera yi̯on kai̯ ekalesen to onoma au̯tuː mɔːab leɡuːsa ek tuː patros muː uːtos patɛːr mɔːabitɔːn eɔːs tɛːs sɛːmeron ɛːmeras	KAI ETEKEN E PRESBUTERA UION KAI EKALESEN TO ONOMA AUTU MOAB LEGUSA EK TU PATROS MU UTOS PATER MOABITON EOS TES SEMERON EMERAS	ud_ancient_greek_ptnk	4th-5th c. CE (Codex Alexandrinus)	religious	translit_map
ud_ancient_greek_ptnk_Septuagint-Genesis-19:38-grc	ἔτεκεν δὲ καὶ ἡ νεωτέρα υἱὸν καὶ ἐκάλεσεν τὸ ὄνομα αὐτοῦ Ἀμμὰν υἱὸς τοῦ γένους μου· οὗτος πατὴρ Ἀμμανιτῶν ἕως τῆς σήμερον ἡμέρας.	eteken de kai̯ ɛː neɔːtera yi̯on kai̯ ekalesen to onoma au̯tuː amman yi̯os tuː ɡenuːs muː uːtos patɛːr ammanitɔːn eɔːs tɛːs sɛːmeron ɛːmeras	ETEKEN DE KAI E NEOTERA UION KAI EKALESEN TO ONOMA AUTU AMMAN UIOS TU GENUS MU UTOS PATER AMMANITON EOS TES SEMERON EMERAS	ud_ancient_greek_ptnk	4th-5th c. CE (Codex Alexandrinus)	religious	translit_map
ud_ancient_greek_ptnk_Septuagint-Genesis-20:1-grc	καὶ ἐκίνησεν ἐκεῖθεν Ἁβραὰμ εἰς γῆν πρὸς λίβα καὶ ᾤκησεν ἀνὰ μέσον Κάδης καὶ ἀνὰ μέσον Σοὺρ καὶ παρῴκησεν ἐν Γεράροις.	kai̯ ekinɛːsen ekeːtʰen abraam eːs ɡɛːn pros liba kai̯ ɔːkɛːsen ana meson kadɛːs kai̯ ana meson suːr kai̯ parɔːkɛːsen en ɡeraroi̯s	KAI EKINESEN EKETEN ABRAAM ES GEN PROS LIBA KAI OKESEN ANA MESON KADES KAI ANA MESON SUR KAI PAROKESEN EN GERAROIS	ud_ancient_greek_ptnk	4th-5th c. CE (Codex Alexandrinus)	religious	translit_map
ud_ancient_greek_ptnk_Septuagint-Genesis-20:2-grc	εἶπεν δὲ Ἁβραὰμ περὶ Σάρρας τῆς γυναικὸς αὐτοῦ ὅτι ἀδελφή μού ἐστιν· ἐφοβήθη γὰρ εἰπεῖν ὅτι, γυνή μού ἐστιν, μήποτε ἀποκτείνωσιν αὐτὸν οἱ ἄνδρες τῆς πόλεως δι᾿ αὐτήν. ἀπέστειλεν δὲ Ἀβιμέλεχ βασιλεὺς Γεράρων καὶ ἔλαβεν τὴν Σάρραν.	eːpen de abraam peri sarras tɛːs ɡynai̯kos au̯tuː oti adelpʰɛː muː estin epʰobɛːtʰɛː ɡar eːpeːn oti ɡynɛː muː estin mɛːpote apokteːnɔːsin au̯ton oi̯ andres tɛːs poleɔːs di au̯tɛːn apesteːlen de abimelekʰ basileu̯s ɡerarɔːn kai̯ elaben tɛːn sarran	EPEN DE ABRAAM PERI SARRAS TES GUNAIKOS AUTU OTI ADELPE MU ESTIN EPOBETE GAR EPEN OTI GUNE MU ESTIN MEPOTE APOKTENOSIN AUTON OI ANDRES TES POLEOS DI AUTEN APESTELEN DE ABIMELEK BASILEUS GERARON KAI ELABEN TEN SARRAN	ud_ancient_greek_ptnk	4th-5th c. CE (Codex Alexandrinus)	religious	translit_map
ud_ancient_greek_ptnk_Septuagint-Genesis-20:3-grc	καὶ εἰσῆλθεν ὁ θεὸς πρὸς Ἀβιμέλεχ ἐν ὕπνῳ τὴν νύκτα καὶ εἶπεν, ἰδοὺ σὺ ἀποθνῄσκεις περὶ τῆς γυναικός ἧς ἔλαβες αὕτη δέ ἐστιν συνῳκηκυῖα ἀνδρί.	kai̯ eːsɛːltʰen o tʰeos pros abimelekʰ en ypnɔː tɛːn nykta kai̯ eːpen iduː sy apotʰnɛːskeːs peri tɛːs ɡynai̯kos ɛːs elabes au̯tɛː de estin synɔːkɛːkyi̯a andri	KAI ESELTEN O TEOS PROS ABIMELEK EN UPNO TEN NUKTA KAI EPEN IDU SU APOTNESKES PERI TES GUNAIKOS ES ELABES AUTE DE ESTIN SUNOKEKUIA ANDRI	ud_ancient_greek_ptnk	4th-5th c. CE (Codex Alexandrinus)	religious	translit_map
ud_ancient_greek_ptnk_Septuagint-Genesis-20:4-grc	Ἀβιμέλεχ δὲ οὐχ ἥψατο αὐτῆς καὶ εἶπεν κύριε, ἔθνος ἀγνοοῦν καὶ δίκαιον ἀπολεῖς;	abimelekʰ de uːkʰ ɛːpsato au̯tɛːs kai̯ eːpen kyrie etʰnos aɡnouːn kai̯ dikai̯on apoleːs	ABIMELEK DE UK EPSATO AUTES KAI EPEN KURIE ETNOS AGNOUN KAI DIKAION APOLES	ud_ancient_greek_ptnk	4th-5th c. CE (Codex Alexandrinus)	religious	translit_map
ud_ancient_greek_ptnk_Septuagint-Genesis-20:5-grc	οὐκ αὐτός μοι εἶπεν, ἀδελφή μού ἐστιν; καὶ αὐτή μοι εἶπεν, ἀδελφός μού ἐστιν. ἐν καθαρᾷ καρδίᾳ καὶ ἐν δικαιοσύνῃ χειρῶν ἐποίησα τοῦτο.	uːk au̯tos moi̯ eːpen adelpʰɛː muː estin kai̯ au̯tɛː moi̯ eːpen adelpʰos muː estin en katʰara kardia kai̯ en dikai̯osynɛː kʰeːrɔːn epoi̯ɛːsa tuːto	UK AUTOS MOI EPEN ADELPE MU ESTIN KAI AUTE MOI EPEN ADELPOS MU ESTIN EN KATARA KARDIA KAI EN DIKAIOSUNE KERON EPOIESA TUTO	ud_ancient_greek_ptnk	4th-5th c. CE (Codex Alexandrinus)	religious	translit_map
ud_ancient_greek_ptnk_Septuagint-Genesis-20:6-grc	εἶπεν δὲ αὐτῷ ὁ θεὸς καθ᾿ ὕπνον, κἀγὼ ἔγνων ὅτι ἐν καθαρᾷ καρδίᾳ ἐποίησας τοῦτο, καὶ ἐφεισάμην ἐγώ σου τοῦ μὴ ἁμαρτεῖν σὲ εἰς ἐμέ· ἕνεκεν τούτου οὐκ ἀφῆκά σὲ ἅψασθαι αὐτῆς.	eːpen de au̯tɔː o tʰeos katʰ ypnon kaɡɔː eɡnɔːn oti en katʰara kardia epoi̯ɛːsas tuːto kai̯ epʰeːsamɛːn eɡɔː suː tuː mɛː amarteːn se eːs eme eneken tuːtuː uːk apʰɛːka se apsastʰai̯ au̯tɛːs	EPEN DE AUTO O TEOS KAT UPNON KAGO EGNON OTI EN KATARA KARDIA EPOIESAS TUTO KAI EPESAMEN EGO SU TU ME AMARTEN SE ES EME ENEKEN TUTU UK APEKA SE APSASTAI AUTES	ud_ancient_greek_ptnk	4th-5th c. CE (Codex Alexandrinus)	religious	translit_map
ud_ancient_greek_ptnk_Septuagint-Genesis-20:7-grc	νῦν δὲ ἀπόδος τὴν γυναῖκα τῷ ἀνθρώπῳ, ὅτι προφήτης ἐστὶν καὶ προσεύξεται περὶ σου καὶ ζήσῃ· εἰ δὲ μὴ ἀποδίδως, γνῶθι ὅτι ἀποθανῇ σὺ καὶ πάντα τὰ σά.	nyn de apodos tɛːn ɡynai̯ka tɔː antʰrɔːpɔː oti propʰɛːtɛːs estin kai̯ proseu̯ksetai̯ peri suː kai̯ zdɛːsɛː eː de mɛː apodidɔːs ɡnɔːtʰi oti apotʰanɛː sy kai̯ panta ta sa	NUN DE APODOS TEN GUNAIKA TO ANTROPO OTI PROPETES ESTIN KAI PROSEUKSETAI PERI SU KAI SDESE E DE ME APODIDOS GNOTI OTI APOTANE SU KAI PANTA TA SA	ud_ancient_greek_ptnk	4th-5th c. CE (Codex Alexandrinus)	religious	translit_map
ud_ancient_greek_ptnk_Septuagint-Genesis-20:8-grc	καὶ ὤρθρισεν Ἀβιμέλεχ τὸ πρωῒ καὶ ἐκάλεσεν πάντας τοὺς παῖδας αὐτοῦ καὶ ἐλάλησεν πάντα τὰ ῥήματα ταῦτα εἰς τὰ ὦτα αὐτῶν, ἐφοβήθησαν δὲ πάντες οἱ ἄνθρωποι σφόδρα.	kai̯ ɔːrtʰrisen abimelekʰ to prɔːi̯ kai̯ ekalesen pantas tuːs pai̯das au̯tuː kai̯ elalɛːsen panta ta rɛːmata tau̯ta eːs ta ɔːta au̯tɔːn epʰobɛːtʰɛːsan de pantes oi̯ antʰrɔːpoi̯ spʰodra	KAI ORTRISEN ABIMELEK TO PROI KAI EKALESEN PANTAS TUS PAIDAS AUTU KAI ELALESEN PANTA TA REMATA TAUTA ES TA OTA AUTON EPOBETESAN DE PANTES OI ANTROPOI SPODRA	ud_ancient_greek_ptnk	4th-5th c. CE (Codex Alexandrinus)	religious	translit_map
ud_ancient_greek_ptnk_Septuagint-Genesis-20:9-grc	καὶ ἐκάλεσεν Ἀβιμέλεχ τὸν Ἁβραὰμ καὶ εἶπεν αὐτῷ, τί τοῦτο ἐποίησας ἡμῖν; μή τι ἡμάρτομεν εἰς σέ, ὅτι ἐπήγαγες ἐπ᾿ ἐμὲ καὶ ἐπὶ τὴν βασιλείαν μου ἁμαρτίαν μεγάλην; ἔργον, ὃ οὐδεὶς ποιήσει, πεποίηκάς μοι.	kai̯ ekalesen abimelekʰ ton abraam kai̯ eːpen au̯tɔː ti tuːto epoi̯ɛːsas ɛːmin mɛː ti ɛːmartomen eːs se oti epɛːɡaɡes ep eme kai̯ epi tɛːn basileːan muː amartian meɡalɛːn erɡon o uːdeːs poi̯ɛːseː pepoi̯ɛːkas moi̯	KAI EKALESEN ABIMELEK TON ABRAAM KAI EPEN AUTO TI TUTO EPOIESAS EMIN ME TI EMARTOMEN ES SE OTI EPEGAGES EP EME KAI EPI TEN BASILEAN MU AMARTIAN MEGALEN ERGON O UDES POIESE PEPOIEKAS MOI	ud_ancient_greek_ptnk	4th-5th c. CE (Codex Alexandrinus)	religious	translit_map
ud_ancient_greek_ptnk_Septuagint-Genesis-20:10-grc	εἶπεν δὲ Ἀβιμέλεχ τῷ Ἁβραάμ, τί ἐνιδὼν ἐποίησας τοῦτο;	eːpen de abimelekʰ tɔː abraam ti enidɔːn epoi̯ɛːsas tuːto	EPEN DE ABIMELEK TO ABRAAM TI ENIDON EPOIESAS TUTO	ud_ancient_greek_ptnk	4th-5th c. CE (Codex Alexandrinus)	religious	translit_map
ud_ancient_greek_ptnk_Septuagint-Genesis-20:11-grc	εἶπεν δὲ Ἁβραάμ, εἶπα γάρ, ἄρα οὐκ ἔστιν θεοσέβεια ἐν τῷ τόπῳ τούτῳ, ἐμέ τε ἀποκτενοῦσιν ἕνεκεν τῆς γυναικός μου.	eːpen de abraam eːpa ɡar ara uːk estin tʰeosebeːa en tɔː topɔː tuːtɔː eme te apoktenuːsin eneken tɛːs ɡynai̯kos muː	EPEN DE ABRAAM EPA GAR ARA UK ESTIN TEOSEBEA EN TO TOPO TUTO EME TE APOKTENUSIN ENEKEN TES GUNAIKOS MU	ud_ancient_greek_ptnk	4th-5th c. CE (Codex Alexandrinus)	religious	translit_map
ud_ancient_greek_ptnk_Septuagint-Genesis-20:12-grc	καὶ γὰρ ἀληθῶς ἀδελφή μού ἐστιν ἐκ πατρός, ἀλλ᾿ οὐκ ἐκ μητρός· ἐγενήθη δέ μοι εἰς γυναῖκα.	kai̯ ɡar alɛːtʰɔːs adelpʰɛː muː estin ek patros all uːk ek mɛːtros eɡenɛːtʰɛː de moi̯ eːs ɡynai̯ka	KAI GAR ALETOS ADELPE MU ESTIN EK PATROS ALL UK EK METROS EGENETE DE MOI ES GUNAIKA	ud_ancient_greek_ptnk	4th-5th c. CE (Codex Alexandrinus)	religious	translit_map
ud_ancient_greek_ptnk_Septuagint-Genesis-20:13-grc	ἐγένετο δὲ ἡνίκα ἐξήγαγέν με ὁ θεὸς ἐκ τοῦ οἴκου τοῦ πατρός μου, καὶ εἶπα αὐτῇ, ταύτην τὴν δικαιοσύνην ποιήσεις ἐπ᾿ ἐμέ· εἰς πάντα τόπον, οὗ ἐὰν εἰσέλθωμεν ἐκεῖ, εἰπὸν ἐμὲ ὅτι, ἀδελφός μού ἐστιν.	eɡeneto de ɛːnika eksɛːɡaɡen me o tʰeos ek tuː oi̯kuː tuː patros muː kai̯ eːpa au̯tɛː tau̯tɛːn tɛːn dikai̯osynɛːn poi̯ɛːseːs ep eme eːs panta topon uː ean eːseltʰɔːmen ekeː eːpon eme oti adelpʰos muː estin	EGENETO DE ENIKA EKSEGAGEN ME O TEOS EK TU OIKU TU PATROS MU KAI EPA AUTE TAUTEN TEN DIKAIOSUNEN POIESES EP EME ES PANTA TOPON U EAN ESELTOMEN EKE EPON EME OTI ADELPOS MU ESTIN	ud_ancient_greek_ptnk	4th-5th c. CE (Codex Alexandrinus)	religious	translit_map
ud_ancient_greek_ptnk_Septuagint-Genesis-20:14-grc	ἔλαβεν δὲ Ἀβιμέλεχ χίλια δίδραχμα πρόβατα καὶ μόσχους καὶ παῖδας καὶ παιδίσκας καὶ ἔδωκεν τῷ Ἁβραὰμ καὶ ἀπέδωκεν αὐτῷ Σάρραν τὴν γυναῖκα αὐτοῦ.	elaben de abimelekʰ kʰilia didrakʰma probata kai̯ moskʰuːs kai̯ pai̯das kai̯ pai̯diskas kai̯ edɔːken tɔː abraam kai̯ apedɔːken au̯tɔː sarran tɛːn ɡynai̯ka au̯tuː	ELABEN DE ABIMELEK KILIA DIDRAKMA PROBATA KAI MOSKUS KAI PAIDAS KAI PAIDISKAS KAI EDOKEN TO ABRAAM KAI APEDOKEN AUTO SARRAN TEN GUNAIKA AUTU	ud_ancient_greek_ptnk	4th-5th c. CE (Codex Alexandrinus)	religious	translit_map
ud_ancient_greek_ptnk_Septuagint-Genesis-20:15-grc	καὶ εἶπεν Ἀβιμέλεχ τῷ Ἁβραάμ, ἰδοὺ ἡ γῆ μου ἐναντίον σου· οὗ ἐάν σοί ἀρέσκῃ, κατοίκει.	kai̯ eːpen abimelekʰ tɔː abraam iduː ɛː ɡɛː muː enantion suː uː ean soi̯ areskɛː katoi̯keː	KAI EPEN ABIMELEK TO ABRAAM IDU E GE MU ENANTION SU U EAN SOI ARESKE KATOIKE	ud_ancient_greek_ptnk	4th-5th c. CE (Codex Alexandrinus)	religious	translit_map
ud_ancient_greek_ptnk_Septuagint-Genesis-20:16-grc	τῇ δὲ Σάρρα εἶπεν, ἰδοὺ δέδωκα χίλια δίδραχμα τῷ ἀδελφῷ σου· ταῦτα ἔσται σοί εἰς τιμὴν τοῦ προσώπου σου καὶ πάσαις ταῖς μετὰ σου· καὶ πάντα ἀλήθευσον.	tɛː de sarra eːpen iduː dedɔːka kʰilia didrakʰma tɔː adelpʰɔː suː tau̯ta estai̯ soi̯ eːs timɛːn tuː prosɔːpuː suː kai̯ pasai̯s tai̯s meta suː kai̯ panta alɛːtʰeu̯son	TE DE SARRA EPEN IDU DEDOKA KILIA DIDRAKMA TO ADELPO SU TAUTA ESTAI SOI ES TIMEN TU PROSOPU SU KAI PASAIS TAIS META SU KAI PANTA ALETEUSON	ud_ancient_greek_ptnk	4th-5th c. CE (Codex Alexandrinus)	religious	translit_map
ud_ancient_greek_ptnk_Septuagint-Genesis-20:17-grc	προσηύξατο δὲ Ἁβραὰμ πρὸς τὸν θεόν, καὶ ἰάσατο ὁ θεὸς τὸν Ἀβιμέλεχ καὶ τὴν γυναῖκα αὐτοῦ καὶ τὰς παιδίσκας αὐτοῦ καὶ ἔτεκον·	prosɛːyksato de abraam pros ton tʰeon kai̯ iasato o tʰeos ton abimelekʰ kai̯ tɛːn ɡynai̯ka au̯tuː kai̯ tas pai̯diskas au̯tuː kai̯ etekon	PROSEUKSATO DE ABRAAM PROS TON TEON KAI IASATO O TEOS TON ABIMELEK KAI TEN GUNAIKA AUTU KAI TAS PAIDISKAS AUTU KAI ETEKON	ud_ancient_greek_ptnk	4th-5th c. CE (Codex Alexandrinus)	religious	translit_map
ud_ancient_greek_ptnk_Septuagint-Genesis-20:18-grc	ὅτι συγκλείων συνέκλεισεν κύριος ἔξωθεν πᾶσαν μήτραν ἐν τῷ οἴκῳ τοῦ Ἀβιμέλεχ ἕνεκεν Σάρρας τῆς γυναικὸς Ἁβραάμ.	oti syŋkleːɔːn synekleːsen kyrios eksɔːtʰen pasan mɛːtran en tɔː oi̯kɔː tuː abimelekʰ eneken sarras tɛːs ɡynai̯kos abraam	OTI SUNKLEON SUNEKLESEN KURIOS EKSOTEN PASAN METRAN EN TO OIKO TU ABIMELEK ENEKEN SARRAS TES GUNAIKOS ABRAAM	ud_ancient_greek_ptnk	4th-5th c. CE (Codex Alexandrinus)	religious	translit_map
ud_ancient_greek_ptnk_Septuagint-Genesis-21:1-grc	καὶ κύριος ἐπεσκέψατο τὴν Σάρραν, καθὰ εἶπεν, καὶ ἐποίησεν κύριος τῇ Σάρρα, καθὰ ἐλάλησεν,	kai̯ kyrios epeskepsato tɛːn sarran katʰa eːpen kai̯ epoi̯ɛːsen kyrios tɛː sarra katʰa elalɛːsen	KAI KURIOS EPESKEPSATO TEN SARRAN KATA EPEN KAI EPOIESEN KURIOS TE SARRA KATA ELALESEN	ud_ancient_greek_ptnk	4th-5th c. CE (Codex Alexandrinus)	religious	translit_map
ud_ancient_greek_ptnk_Septuagint-Genesis-21:2-grc	καὶ συλλαβοῦσα ἔτεκεν Σάρρα τῷ Ἁβραὰμ υἱὸν εἰς τὸ γῆρας εἰς τὸν καιρόν, καθὰ ἐλάλησεν αὐτῷ κύριος.	kai̯ syllabuːsa eteken sarra tɔː abraam yi̯on eːs to ɡɛːras eːs ton kai̯ron katʰa elalɛːsen au̯tɔː kyrios	KAI SULLABUSA ETEKEN SARRA TO ABRAAM UION ES TO GERAS ES TON KAIRON KATA ELALESEN AUTO KURIOS	ud_ancient_greek_ptnk	4th-5th c. CE (Codex Alexandrinus)	religious	translit_map
ud_ancient_greek_ptnk_Septuagint-Genesis-21:3-grc	καὶ ἐκάλεσεν Ἁβραὰμ τὸ ὄνομα τοῦ υἱοῦ αὐτοῦ τοῦ γενομένου αὐτῷ, ὃν ἔτεκεν αὐτῷ Σάρρα, Ἰσαάκ.	kai̯ ekalesen abraam to onoma tuː yi̯uː au̯tuː tuː ɡenomenuː au̯tɔː on eteken au̯tɔː sarra isaak	KAI EKALESEN ABRAAM TO ONOMA TU UIU AUTU TU GENOMENU AUTO ON ETEKEN AUTO SARRA ISAAK	ud_ancient_greek_ptnk	4th-5th c. CE (Codex Alexandrinus)	religious	translit_map
ud_ancient_greek_ptnk_Septuagint-Genesis-21:4-grc	περιέτεμεν δὲ Ἁβραὰμ τὸν Ἰσαὰκ τῇ ὀγδόῃ ἡμέρᾳ, καθὰ ἐνετείλατο αὐτῷ ὁ θεός.	perietemen de abraam ton isaak tɛː oɡdoɛː ɛːmera katʰa eneteːlato au̯tɔː o tʰeos	PERIETEMEN DE ABRAAM TON ISAAK TE OGDOE EMERA KATA ENETELATO AUTO O TEOS	ud_ancient_greek_ptnk	4th-5th c. CE (Codex Alexandrinus)	religious	translit_map
ud_ancient_greek_ptnk_Septuagint-Genesis-21:5-grc	Ἁβραὰμ δὲ ἦν ἑκατὸν ἐτῶν, ἡνίκα ἐγένετο αὐτῷ Ἰσαὰκ ὁ υἱὸς αὐτοῦ.	abraam de ɛːn ekaton etɔːn ɛːnika eɡeneto au̯tɔː isaak o yi̯os au̯tuː	ABRAAM DE EN EKATON ETON ENIKA EGENETO AUTO ISAAK O UIOS AUTU	ud_ancient_greek_ptnk	4th-5th c. CE (Codex Alexandrinus)	religious	translit_map
ud_ancient_greek_ptnk_Septuagint-Genesis-21:6-grc	εἶπεν δὲ Σάρρα, γέλωτά μοι ἐποίησεν κύριος· ὃς γὰρ ἄν ἀκούσῃ, συγχαρεῖταί μοι.	eːpen de sarra ɡelɔːta moi̯ epoi̯ɛːsen kyrios os ɡar an akuːsɛː syŋkʰareːtai̯ moi̯	EPEN DE SARRA GELOTA MOI EPOIESEN KURIOS OS GAR AN AKUSE SUNKARETAI MOI	ud_ancient_greek_ptnk	4th-5th c. CE (Codex Alexandrinus)	religious	translit_map
ud_ancient_greek_ptnk_Septuagint-Genesis-21:7-grc	καὶ εἶπεν, τίς ἀναγγελεῖ τῷ Ἁβραὰμ ὅτι θηλάζει παιδίον Σάρρα; ὅτι ἔτεκον υἱὸν ἐν τῷ γήρει μου.	kai̯ eːpen tis anaŋɡeleː tɔː abraam oti tʰɛːlazdeː pai̯dion sarra oti etekon yi̯on en tɔː ɡɛːreː muː	KAI EPEN TIS ANANGELE TO ABRAAM OTI TELASDE PAIDION SARRA OTI ETEKON UION EN TO GERE MU	ud_ancient_greek_ptnk	4th-5th c. CE (Codex Alexandrinus)	religious	translit_map
ud_ancient_greek_ptnk_Septuagint-Genesis-21:8-grc	καὶ ηὐξήθη τὸ παιδίον καὶ ἀπεγαλακτίσθη, καὶ ἐποίησεν Ἁβραὰμ δοχὴν μεγάλην, ᾗ ἡμέρᾳ ἀπεγαλακτίσθη Ἰσαὰκ ὁ υἱὸς αὐτοῦ.	kai̯ ɛːyksɛːtʰɛː to pai̯dion kai̯ apeɡalaktistʰɛː kai̯ epoi̯ɛːsen abraam dokʰɛːn meɡalɛːn ɛː ɛːmera apeɡalaktistʰɛː isaak o yi̯os au̯tuː	KAI EUKSETE TO PAIDION KAI APEGALAKTISTE KAI EPOIESEN ABRAAM DOKEN MEGALEN E EMERA APEGALAKTISTE ISAAK O UIOS AUTU	ud_ancient_greek_ptnk	4th-5th c. CE (Codex Alexandrinus)	religious	translit_map
ud_ancient_greek_ptnk_Septuagint-Genesis-21:9-grc	ἰδοῦσα δὲ Σάρρα τὸν υἱὸν Ἄγαρ τῆς Αἰγυπτίας, ὃς ἐγένετο τῷ Ἁβραάμ, παίζοντα μετὰ Ἰσαὰκ τοῦ υἱοῦ αὐτῆς	iduːsa de sarra ton yi̯on aɡar tɛːs ai̯ɡyptias os eɡeneto tɔː abraam pai̯zdonta meta isaak tuː yi̯uː au̯tɛːs	IDUSA DE SARRA TON UION AGAR TES AIGUPTIAS OS EGENETO TO ABRAAM PAISDONTA META ISAAK TU UIU AUTES	ud_ancient_greek_ptnk	4th-5th c. CE (Codex Alexandrinus)	religious	translit_map
ud_ancient_greek_ptnk_Septuagint-Genesis-21:10-grc	καὶ εἶπεν τῷ Ἁβραάμ, ἔκβαλε τὴν παιδίσκην ταύτην καὶ τὸν υἱὸν αὐτῆς· οὐ γὰρ κληρονομήσει ὁ υἱὸς τῆς παιδίσκης ταύτης μετὰ τοῦ υἱοῦ μου Ἰσαάκ.	kai̯ eːpen tɔː abraam ekbale tɛːn pai̯diskɛːn tau̯tɛːn kai̯ ton yi̯on au̯tɛːs uː ɡar klɛːronomɛːseː o yi̯os tɛːs pai̯diskɛːs tau̯tɛːs meta tuː yi̯uː muː isaak	KAI EPEN TO ABRAAM EKBALE TEN PAIDISKEN TAUTEN KAI TON UION AUTES U GAR KLERONOMESE O UIOS TES PAIDISKES TAUTES META TU UIU MU ISAAK	ud_ancient_greek_ptnk	4th-5th c. CE (Codex Alexandrinus)	religious	translit_map
ud_ancient_greek_ptnk_Septuagint-Genesis-21:11-grc	σκληρὸν δὲ ἐφάνη τὸ ῥῆμα σφόδρα ἐναντίον Ἁβραὰμ περὶ τοῦ υἱοῦ αὐτοῦ.	sklɛːron de epʰanɛː to rɛːma spʰodra enantion abraam peri tuː yi̯uː au̯tuː	SKLERON DE EPANE TO REMA SPODRA ENANTION ABRAAM PERI TU UIU AUTU	ud_ancient_greek_ptnk	4th-5th c. CE (Codex Alexandrinus)	religious	translit_map
ud_ancient_greek_ptnk_Septuagint-Genesis-21:12-grc	εἶπεν δὲ ὁ θεὸς τῷ Ἁβραάμ, μὴ σκληρὸν ἔστω τὸ ῥῆμα ἐναντίον σου περὶ τοῦ παιδίου καὶ περὶ τῆς παιδίσκης· πάντα ὅσα ἐὰν εἴπῃ σοί Σάρρα, ἄκουε τῆς φωνῆς αὐτῆς, ὅτι ἐν Ἰσαὰκ κληθήσεταί σοί σπέρμα.	eːpen de o tʰeos tɔː abraam mɛː sklɛːron estɔː to rɛːma enantion suː peri tuː pai̯diuː kai̯ peri tɛːs pai̯diskɛːs panta osa ean eːpɛː soi̯ sarra akuːe tɛːs pʰɔːnɛːs au̯tɛːs oti en isaak klɛːtʰɛːsetai̯ soi̯ sperma	EPEN DE O TEOS TO ABRAAM ME SKLERON ESTO TO REMA ENANTION SU PERI TU PAIDIU KAI PERI TES PAIDISKES PANTA OSA EAN EPE SOI SARRA AKUE TES PONES AUTES OTI EN ISAAK KLETESETAI SOI SPERMA	ud_ancient_greek_ptnk	4th-5th c. CE (Codex Alexandrinus)	religious	translit_map
ud_ancient_greek_ptnk_Septuagint-Genesis-21:13-grc	καὶ τὸν υἱὸν δὲ τῆς παιδίσκης ταύτης, εἰς ἔθνος μέγα ποιήσω αὐτόν, ὅτι σπέρμα σόν ἐστιν.	kai̯ ton yi̯on de tɛːs pai̯diskɛːs tau̯tɛːs eːs etʰnos meɡa poi̯ɛːsɔː au̯ton oti sperma son estin	KAI TON UION DE TES PAIDISKES TAUTES ES ETNOS MEGA POIESO AUTON OTI SPERMA SON ESTIN	ud_ancient_greek_ptnk	4th-5th c. CE (Codex Alexandrinus)	religious	translit_map
ud_ancient_greek_ptnk_Septuagint-Genesis-21:14-grc	ἀνέστη δὲ Ἁβραὰμ τὸ πρωῒ καὶ ἔλαβεν ἄρτους καὶ ἀσκὸν ὕδατος καὶ ἔδωκεν Ἄγαρ καὶ ἐπέθηκεν ἐπὶ τὸν ὦμον καὶ τὸ παιδίον καὶ ἀπέστειλεν αὐτήν. ἀπελθοῦσα δὲ ἐπλανᾶτο τὴν ἔρημον κατὰ τὸ φρέαρ τοῦ ὅρκου.	anestɛː de abraam to prɔːi̯ kai̯ elaben artuːs kai̯ askon ydatos kai̯ edɔːken aɡar kai̯ epetʰɛːken epi ton ɔːmon kai̯ to pai̯dion kai̯ apesteːlen au̯tɛːn apeltʰuːsa de eplanato tɛːn erɛːmon kata to pʰrear tuː orkuː	ANESTE DE ABRAAM TO PROI KAI ELABEN ARTUS KAI ASKON UDATOS KAI EDOKEN AGAR KAI EPETEKEN EPI TON OMON KAI TO PAIDION KAI APESTELEN AUTEN APELTUSA DE EPLANATO TEN EREMON KATA TO PREAR TU ORKU	ud_ancient_greek_ptnk	4th-5th c. CE (Codex Alexandrinus)	religious	translit_map
ud_ancient_greek_ptnk_Septuagint-Genesis-21:15-grc	ἐξέλιπεν δὲ τὸ ὕδωρ ἐκ τοῦ ἀσκοῦ, καὶ ἔρριψεν τὸ παιδίον ὑποκάτω μιᾶς ἐλάτης.	ekselipen de to ydɔːr ek tuː askuː kai̯ erripsen to pai̯dion ypokatɔː mias elatɛːs	EKSELIPEN DE TO UDOR EK TU ASKU KAI ERRIPSEN TO PAIDION UPOKATO MIAS ELATES	ud_ancient_greek_ptnk	4th-5th c. CE (Codex Alexandrinus)	religious	translit_map
ud_ancient_greek_ptnk_Septuagint-Genesis-21:16-grc	ἀπελθοῦσα δὲ ἐκάθητο ἀπέναντι αὐτοῦ μακρόθεν ὡσεὶ τόξου βολήν· εἶπεν γάρ, οὐ μὴ ἴδω τὸν θάνατον τοῦ παιδίου μου. καὶ ἐκάθισεν ἀπέναντι αὐτοῦ, ἀναβοῆσαν δὲ τὸ παιδίον ἔκλαυσεν.	apeltʰuːsa de ekatʰɛːto apenanti au̯tuː makrotʰen ɔːseː toksuː bolɛːn eːpen ɡar uː mɛː idɔː ton tʰanaton tuː pai̯diuː muː kai̯ ekatʰisen apenanti au̯tuː anaboɛːsan de to pai̯dion eklau̯sen	APELTUSA DE EKATETO APENANTI AUTU MAKROTEN OSE TOKSU BOLEN EPEN GAR U ME IDO TON TANATON TU PAIDIU MU KAI EKATISEN APENANTI AUTU ANABOESAN DE TO PAIDION EKLAUSEN	ud_ancient_greek_ptnk	4th-5th c. CE (Codex Alexandrinus)	religious	translit_map
ud_ancient_greek_ptnk_Septuagint-Genesis-21:17-grc	εἰσήκουσεν δὲ ὁ θεὸς τῆς φωνῆς τοῦ παιδίου ἐκ τοῦ τόπου, οὗ ἦν, καὶ ἐκάλεσεν ἄγγελος τοῦ θεοῦ τὴν Ἄγαρ ἐκ τοῦ οὐρανοῦ καὶ εἶπεν αὐτῇ, τί ἐστιν, Ἄγαρ; μὴ φοβοῦ· ἐπακήκοεν γὰρ ὁ θεὸς τῆς φωνῆς τοῦ παιδίου σου ἐκ τοῦ τόπου, οὗ ἐστιν.	eːsɛːkuːsen de o tʰeos tɛːs pʰɔːnɛːs tuː pai̯diuː ek tuː topuː uː ɛːn kai̯ ekalesen aŋɡelos tuː tʰeuː tɛːn aɡar ek tuː uːranuː kai̯ eːpen au̯tɛː ti estin aɡar mɛː pʰobuː epakɛːkoen ɡar o tʰeos tɛːs pʰɔːnɛːs tuː pai̯diuː suː ek tuː topuː uː estin	ESEKUSEN DE O TEOS TES PONES TU PAIDIU EK TU TOPU U EN KAI EKALESEN ANGELOS TU TEU TEN AGAR EK TU URANU KAI EPEN AUTE TI ESTIN AGAR ME POBU EPAKEKOEN GAR O TEOS TES PONES TU PAIDIU SU EK TU TOPU U ESTIN	ud_ancient_greek_ptnk	4th-5th c. CE (Codex Alexandrinus)	religious	translit_map
ud_ancient_greek_ptnk_Septuagint-Genesis-21:18-grc	ἀνάστηθι, λαβὲ τὸ παιδίον καὶ κράτησον τῇ χειρί σου αὐτό· εἰς γὰρ ἔθνος μέγα ποιήσω αὐτόν.	anastɛːtʰi labe to pai̯dion kai̯ kratɛːson tɛː kʰeːri suː au̯to eːs ɡar etʰnos meɡa poi̯ɛːsɔː au̯ton	ANASTETI LABE TO PAIDION KAI KRATESON TE KERI SU AUTO ES GAR ETNOS MEGA POIESO AUTON	ud_ancient_greek_ptnk	4th-5th c. CE (Codex Alexandrinus)	religious	translit_map
ud_ancient_greek_ptnk_Septuagint-Genesis-21:19-grc	καὶ ἀνέῳξεν ὁ θεὸς τοὺς ὀφθαλμοὺς αὐτῆς, καὶ εἶδεν φρέαρ ὕδατος ζῶντος καὶ ἐπορεύθη καὶ ἔπλησεν τὸν ἀσκὸν ὕδατος καὶ ἐπότισεν τὸ παιδίον.	kai̯ aneɔːksen o tʰeos tuːs opʰtʰalmuːs au̯tɛːs kai̯ eːden pʰrear ydatos zdɔːntos kai̯ eporeu̯tʰɛː kai̯ eplɛːsen ton askon ydatos kai̯ epotisen to pai̯dion	KAI ANEOKSEN O TEOS TUS OPTALMUS AUTES KAI EDEN PREAR UDATOS SDONTOS KAI EPOREUTE KAI EPLESEN TON ASKON UDATOS KAI EPOTISEN TO PAIDION	ud_ancient_greek_ptnk	4th-5th c. CE (Codex Alexandrinus)	religious	translit_map
ud_ancient_greek_ptnk_Septuagint-Genesis-21:20-grc	καὶ ἦν ὁ θεὸς μετὰ τοῦ παιδίου καὶ ηὐξήθη. καὶ κατῴκησεν ἐν τῇ ἐρήμῳ, ἐγένετο δὲ τοξότης.	kai̯ ɛːn o tʰeos meta tuː pai̯diuː kai̯ ɛːyksɛːtʰɛː kai̯ katɔːkɛːsen en tɛː erɛːmɔː eɡeneto de toksotɛːs	KAI EN O TEOS META TU PAIDIU KAI EUKSETE KAI KATOKESEN EN TE EREMO EGENETO DE TOKSOTES	ud_ancient_greek_ptnk	4th-5th c. CE (Codex Alexandrinus)	religious	translit_map
ud_ancient_greek_ptnk_Septuagint-Genesis-21:21-grc	καὶ κατῴκησεν ἐν τῇ ἐρήμῳ τῇ Φαράν, καὶ ἔλαβεν αὐτῷ ἡ μήτηρ γυναῖκα ἐκ γῆς Αἰγύπτου.	kai̯ katɔːkɛːsen en tɛː erɛːmɔː tɛː pʰaran kai̯ elaben au̯tɔː ɛː mɛːtɛːr ɡynai̯ka ek ɡɛːs ai̯ɡyptuː	KAI KATOKESEN EN TE EREMO TE PARAN KAI ELABEN AUTO E METER GUNAIKA EK GES AIGUPTU	ud_ancient_greek_ptnk	4th-5th c. CE (Codex Alexandrinus)	religious	translit_map
ud_ancient_greek_ptnk_Septuagint-Genesis-21:22-grc	ἐγένετο δὲ ἐν τῷ καιρῷ ἐκείνῳ καὶ εἶπεν Ἀβιμέλεχ καὶ Ὁχοζάθ ὁ νυμφαγωγὸς αὐτοῦ καὶ Φικόλ ὁ ἀρχιστράτηγος τῆς δυνάμεως αὐτοῦ πρὸς Ἁβραὰμ λέγων, ὁ θεὸς μετὰ σου ἐν πᾶσιν, οἷς ἐὰν ποιῇς·	eɡeneto de en tɔː kai̯rɔː ekeːnɔː kai̯ eːpen abimelekʰ kai̯ okʰozdatʰ o nympʰaɡɔːɡos au̯tuː kai̯ pʰikol o arkʰistratɛːɡos tɛːs dynameɔːs au̯tuː pros abraam leɡɔːn o tʰeos meta suː en pasin oi̯s ean poi̯ɛːs	EGENETO DE EN TO KAIRO EKENO KAI EPEN ABIMELEK KAI OKOSDAT O NUMPAGOGOS AUTU KAI PIKOL O ARKISTRATEGOS TES DUNAMEOS AUTU PROS ABRAAM LEGON O TEOS META SU EN PASIN OIS EAN POIES	ud_ancient_greek_ptnk	4th-5th c. CE (Codex Alexandrinus)	religious	translit_map
ud_ancient_greek_ptnk_Septuagint-Genesis-21:23-grc	νῦν οὖν ὄμοσόν μοι τὸν θεὸν μὴ ἀδικήσειν με μηδὲ τὸ σπέρμα μου μηδὲ τὸ ὄνομά μου, ἀλλὰ κατὰ τὴν δικαιοσύνην, ἣν ἐποίησα μετὰ σου, ποιήσεις μετ᾿ ἐμοῦ καὶ τῇ γῇ, ᾗ σὺ παρῴκησας ἐν αὐτῇ.	nyn uːn omoson moi̯ ton tʰeon mɛː adikɛːseːn me mɛːde to sperma muː mɛːde to onoma muː alla kata tɛːn dikai̯osynɛːn ɛːn epoi̯ɛːsa meta suː poi̯ɛːseːs met emuː kai̯ tɛː ɡɛː ɛː sy parɔːkɛːsas en au̯tɛː	NUN UN OMOSON MOI TON TEON ME ADIKESEN ME MEDE TO SPERMA MU MEDE TO ONOMA MU ALLA KATA TEN DIKAIOSUNEN EN EPOIESA META SU POIESES MET EMU KAI TE GE E SU PAROKESAS EN AUTE	ud_ancient_greek_ptnk	4th-5th c. CE (Codex Alexandrinus)	religious	translit_map
ud_ancient_greek_ptnk_Septuagint-Genesis-21:24-grc	καὶ εἶπεν Ἁβραάμ, ἐγὼ ὀμοῦμαι.	kai̯ eːpen abraam eɡɔː omuːmai̯	KAI EPEN ABRAAM EGO OMUMAI	ud_ancient_greek_ptnk	4th-5th c. CE (Codex Alexandrinus)	religious	translit_map
ud_ancient_greek_ptnk_Septuagint-Genesis-21:25-grc	καὶ ἤλεγξεν Ἁβραὰμ τὸν Ἀβιμέλεχ περὶ τῶν φρεάτων τοῦ ὕδατος, ὧν ἀφείλαντο οἱ παῖδες τοῦ Ἀβιμέλεχ.	kai̯ ɛːleŋksen abraam ton abimelekʰ peri tɔːn pʰreatɔːn tuː ydatos ɔːn apʰeːlanto oi̯ pai̯des tuː abimelekʰ	KAI ELENKSEN ABRAAM TON ABIMELEK PERI TON PREATON TU UDATOS ON APELANTO OI PAIDES TU ABIMELEK	ud_ancient_greek_ptnk	4th-5th c. CE (Codex Alexandrinus)	religious	translit_map
ud_ancient_greek_ptnk_Septuagint-Genesis-21:26-grc	καὶ εἶπεν αὐτῷ Ἀβιμέλεχ, οὐκ ἔγνων, τίς ἐποίησεν τὸ πρᾶγμα τοῦτο, οὐδὲ σύ μοι ἀπήγγειλας, οὐδὲ ἐγὼ ἤκουσα ἀλλ᾿ ἢ σήμερον.	kai̯ eːpen au̯tɔː abimelekʰ uːk eɡnɔːn tis epoi̯ɛːsen to praɡma tuːto uːde sy moi̯ apɛːŋɡeːlas uːde eɡɔː ɛːkuːsa all ɛː sɛːmeron	KAI EPEN AUTO ABIMELEK UK EGNON TIS EPOIESEN TO PRAGMA TUTO UDE SU MOI APENGELAS UDE EGO EKUSA ALL E SEMERON	ud_ancient_greek_ptnk	4th-5th c. CE (Codex Alexandrinus)	religious	translit_map
ud_ancient_greek_ptnk_Septuagint-Genesis-21:27-grc	καὶ ἔλαβεν Ἁβραὰμ πρόβατα καὶ μόσχους καὶ ἔδωκεν τῷ Ἀβιμέλεχ, καὶ διέθεντο ἀμφότεροι διαθήκην.	kai̯ elaben abraam probata kai̯ moskʰuːs kai̯ edɔːken tɔː abimelekʰ kai̯ dietʰento ampʰoteroi̯ diatʰɛːkɛːn	KAI ELABEN ABRAAM PROBATA KAI MOSKUS KAI EDOKEN TO ABIMELEK KAI DIETENTO AMPOTEROI DIATEKEN	ud_ancient_greek_ptnk	4th-5th c. CE (Codex Alexandrinus)	religious	translit_map
ud_ancient_greek_ptnk_Septuagint-Genesis-21:28-grc	καὶ ἔστησεν Ἁβραὰμ ἑπτὰ ἀμνάδας προβάτων μόνας.	kai̯ estɛːsen abraam epta amnadas probatɔːn monas	KAI ESTESEN ABRAAM EPTA AMNADAS PROBATON MONAS	ud_ancient_greek_ptnk	4th-5th c. CE (Codex Alexandrinus)	religious	translit_map
ud_ancient_greek_ptnk_Septuagint-Genesis-21:29-grc	καὶ εἶπεν Ἀβιμέλεχ τῷ Ἁβραάμ, τί εἰσιν αἱ ἑπτὰ ἀμνάδες τῶν προβάτων τούτων, ἃς ἔστησας μόνας;	kai̯ eːpen abimelekʰ tɔː abraam ti eːsin ai̯ epta amnades tɔːn probatɔːn tuːtɔːn as estɛːsas monas	KAI EPEN ABIMELEK TO ABRAAM TI ESIN AI EPTA AMNADES TON PROBATON TUTON AS ESTESAS MONAS	ud_ancient_greek_ptnk	4th-5th c. CE (Codex Alexandrinus)	religious	translit_map
ud_ancient_greek_ptnk_Septuagint-Genesis-21:30-grc	καὶ εἶπεν Ἁβραὰμ ὅτι, τὰς ἑπτὰ ἀμνάδας ταύτας λήμψῃ παρ᾿ ἐμοῦ, ἵνα ὦσίν μοι εἰς μαρτύριον ὅτι ἐγὼ ὤρυξα τὸ φρέαρ τοῦτο.	kai̯ eːpen abraam oti tas epta amnadas tau̯tas lɛːmpsɛː par emuː ina ɔːsin moi̯ eːs martyrion oti eɡɔː ɔːryksa to pʰrear tuːto	KAI EPEN ABRAAM OTI TAS EPTA AMNADAS TAUTAS LEMPSE PAR EMU INA OSIN MOI ES MARTURION OTI EGO ORUKSA TO PREAR TUTO	ud_ancient_greek_ptnk	4th-5th c. CE (Codex Alexandrinus)	religious	translit_map
ud_ancient_greek_ptnk_Septuagint-Genesis-21:31-grc	διὰ τοῦτο ἐπωνόμασεν τὸ ὄνομα τοῦ τόπου ἐκείνου φρέαρ ὁρκισμοῦ, ὅτι ἐκεῖ ὤμοσαν ἀμφότεροι.	dia tuːto epɔːnomasen to onoma tuː topuː ekeːnuː pʰrear orkismuː oti ekeː ɔːmosan ampʰoteroi̯	DIA TUTO EPONOMASEN TO ONOMA TU TOPU EKENU PREAR ORKISMU OTI EKE OMOSAN AMPOTEROI	ud_ancient_greek_ptnk	4th-5th c. CE (Codex Alexandrinus)	religious	translit_map
ud_ancient_greek_ptnk_Septuagint-Genesis-21:32-grc	καὶ διέθεντο διαθήκην ἐν τῷ φρέατι τοῦ ὅρκου. ἀνέστη δὲ Ἀβιμέλεχ καὶ Ὁχοζὰθ ὁ νυμφαγωγὸς αὐτοῦ καὶ Φικὸλ ὁ ἀρχιστράτηγος τῆς δυνάμεως αὐτοῦ καὶ ἐπέστρεψαν εἰς τὴν γῆν τῶν Φυλιστιίμ.	kai̯ dietʰento diatʰɛːkɛːn en tɔː pʰreati tuː orkuː anestɛː de abimelekʰ kai̯ okʰozdatʰ o nympʰaɡɔːɡos au̯tuː kai̯ pʰikol o arkʰistratɛːɡos tɛːs dynameɔːs au̯tuː kai̯ epestrepsan eːs tɛːn ɡɛːn tɔːn pʰylistiim	KAI DIETENTO DIATEKEN EN TO PREATI TU ORKU ANESTE DE ABIMELEK KAI OKOSDAT O NUMPAGOGOS AUTU KAI PIKOL O ARKISTRATEGOS TES DUNAMEOS AUTU KAI EPESTREPSAN ES TEN GEN TON PULISTIIM	ud_ancient_greek_ptnk	4th-5th c. CE (Codex Alexandrinus)	religious	translit_map
ud_ancient_greek_ptnk_Septuagint-Genesis-21:33-grc	καὶ ἐφύτευσεν Ἁβραὰμ ἄρουραν ἐπὶ τῷ φρέατι τοῦ ὅρκου καὶ ἐπεκαλέσατο ἐκεῖ τὸ ὄνομα κυρίου θεὸς αἰώνιος.	kai̯ epʰyteu̯sen abraam aruːran epi tɔː pʰreati tuː orkuː kai̯ epekalesato ekeː to onoma kyriuː tʰeos ai̯ɔːnios	KAI EPUTEUSEN ABRAAM ARURAN EPI TO PREATI TU ORKU KAI EPEKALESATO EKE TO ONOMA KURIU TEOS AIONIOS	ud_ancient_greek_ptnk	4th-5th c. CE (Codex Alexandrinus)	religious	translit_map
ud_ancient_greek_ptnk_Septuagint-Genesis-21:34-grc	παρῴκησεν δὲ Ἁβραὰμ ἐν τῇ γῇ τῶν Φυλιστιὶμ ἡμέρας πολλάς.	parɔːkɛːsen de abraam en tɛː ɡɛː tɔːn pʰylistiim ɛːmeras pollas	PAROKESEN DE ABRAAM EN TE GE TON PULISTIIM EMERAS POLLAS	ud_ancient_greek_ptnk	4th-5th c. CE (Codex Alexandrinus)	religious	translit_map
ud_ancient_greek_ptnk_Septuagint-Genesis-22:1-grc	καὶ ἐγένετο μετὰ τὰ ῥήματα ταῦτα ὁ θεὸς ἐπείραζεν τὸν Ἁβραὰμ καὶ εἶπεν πρὸς αὐτόν Ἁβραάμ, Ἁβραάμ· ὁ δὲ εἶπεν, ἰδοὺ ἐγώ.	kai̯ eɡeneto meta ta rɛːmata tau̯ta o tʰeos epeːrazden ton abraam kai̯ eːpen pros au̯ton abraam abraam o de eːpen iduː eɡɔː	KAI EGENETO META TA REMATA TAUTA O TEOS EPERASDEN TON ABRAAM KAI EPEN PROS AUTON ABRAAM ABRAAM O DE EPEN IDU EGO	ud_ancient_greek_ptnk	4th-5th c. CE (Codex Alexandrinus)	religious	translit_map
ud_ancient_greek_ptnk_Septuagint-Genesis-22:2-grc	καὶ εἶπεν, λαβὲ τὸν υἱόν σου τὸν ἀγαπητόν, ὃν ἠγάπησας, τὸν Ἰσαάκ, καὶ πορεύθητι εἰς τὴν γῆν τὴν ὑψηλὴν καὶ ἀνένεγκον αὐτὸν ἐκεῖ εἰς ὁλοκάρπωσιν ἐφ᾿ ἓν τῶν ὀρέων, ὧν ἄν σοί εἴπω.	kai̯ eːpen labe ton yi̯on suː ton aɡapɛːton on ɛːɡapɛːsas ton isaak kai̯ poreu̯tʰɛːti eːs tɛːn ɡɛːn tɛːn ypsɛːlɛːn kai̯ aneneŋkon au̯ton ekeː eːs olokarpɔːsin epʰ en tɔːn oreɔːn ɔːn an soi̯ eːpɔː	KAI EPEN LABE TON UION SU TON AGAPETON ON EGAPESAS TON ISAAK KAI POREUTETI ES TEN GEN TEN UPSELEN KAI ANENENKON AUTON EKE ES OLOKARPOSIN EP EN TON OREON ON AN SOI EPO	ud_ancient_greek_ptnk	4th-5th c. CE (Codex Alexandrinus)	religious	translit_map
ud_ancient_greek_ptnk_Septuagint-Genesis-22:3-grc	ἀναστὰς δὲ Ἁβραὰμ τὸ πρωῒ ἐπέσαξεν τὴν ὄνον αὐτοῦ· παρέλαβεν δὲ μεθ᾿ ἑαυτοῦ δύο παῖδας καὶ Ἰσαὰκ τὸν υἱὸν αὐτοῦ καὶ σχίσας ξύλα εἰς ὁλοκάρπωσιν ἀναστὰς ἐπορεύθη καὶ ἦλθεν ἐπὶ τὸν τόπον, ὃν εἶπεν αὐτῷ ὁ θεός.	anastas de abraam to prɔːi̯ epesaksen tɛːn onon au̯tuː parelaben de metʰ eau̯tuː dyo pai̯das kai̯ isaak ton yi̯on au̯tuː kai̯ skʰisas ksyla eːs olokarpɔːsin anastas eporeu̯tʰɛː kai̯ ɛːltʰen epi ton topon on eːpen au̯tɔː o tʰeos	ANASTAS DE ABRAAM TO PROI EPESAKSEN TEN ONON AUTU PARELABEN DE MET EAUTU DUO PAIDAS KAI ISAAK TON UION AUTU KAI SKISAS KSULA ES OLOKARPOSIN ANASTAS EPOREUTE KAI ELTEN EPI TON TOPON ON EPEN AUTO O TEOS	ud_ancient_greek_ptnk	4th-5th c. CE (Codex Alexandrinus)	religious	translit_map
ud_ancient_greek_ptnk_Septuagint-Genesis-22:4-grc	τῇ ἡμέρᾳ τῇ τρίτῃ καὶ ἀναβλέψας Ἁβραὰμ τοῖς ὀφθαλμοῖς εἶδεν τὸν τόπον μακρόθεν.	tɛː ɛːmera tɛː tritɛː kai̯ anablepsas abraam toi̯s opʰtʰalmoi̯s eːden ton topon makrotʰen	TE EMERA TE TRITE KAI ANABLEPSAS ABRAAM TOIS OPTALMOIS EDEN TON TOPON MAKROTEN	ud_ancient_greek_ptnk	4th-5th c. CE (Codex Alexandrinus)	religious	translit_map
ud_ancient_greek_ptnk_Septuagint-Genesis-22:5-grc	καὶ εἶπεν Ἁβραὰμ τοῖς παισὶν αὐτοῦ, καθίσατε αὐτοῦ μετὰ τῆς ὄνου, ἐγὼ δὲ καὶ τὸ παιδάριον διελευσόμεθα ἕως ὧδε καὶ προσκυνήσαντες ἀναστρέψωμεν πρὸς ὑμᾶς.	kai̯ eːpen abraam toi̯s pai̯sin au̯tuː katʰisate au̯tuː meta tɛːs onuː eɡɔː de kai̯ to pai̯darion dieleu̯sometʰa eɔːs ɔːde kai̯ proskynɛːsantes anastrepsɔːmen pros ymas	KAI EPEN ABRAAM TOIS PAISIN AUTU KATISATE AUTU META TES ONU EGO DE KAI TO PAIDARION DIELEUSOMETA EOS ODE KAI PROSKUNESANTES ANASTREPSOMEN PROS UMAS	ud_ancient_greek_ptnk	4th-5th c. CE (Codex Alexandrinus)	religious	translit_map
ud_ancient_greek_ptnk_Septuagint-Genesis-22:6-grc	ἔλαβεν δὲ Ἁβραὰμ τὰ ξύλα τῆς ὁλοκαρπώσεως καὶ ἐπέθηκεν Ἰσαὰκ τῷ υἱῷ αὐτοῦ· ἔλαβεν δὲ καὶ τὸ πῦρ μετὰ χεῖρα καὶ τὴν μάχαιραν, καὶ ἐπορεύθησαν οἱ δύο ἅμα.	elaben de abraam ta ksyla tɛːs olokarpɔːseɔːs kai̯ epetʰɛːken isaak tɔː yi̯ɔː au̯tuː elaben de kai̯ to pyr meta kʰeːra kai̯ tɛːn makʰai̯ran kai̯ eporeu̯tʰɛːsan oi̯ dyo ama	ELABEN DE ABRAAM TA KSULA TES OLOKARPOSEOS KAI EPETEKEN ISAAK TO UIO AUTU ELABEN DE KAI TO PUR META KERA KAI TEN MAKAIRAN KAI EPOREUTESAN OI DUO AMA	ud_ancient_greek_ptnk	4th-5th c. CE (Codex Alexandrinus)	religious	translit_map
ud_ancient_greek_ptnk_Septuagint-Genesis-22:7-grc	εἶπεν δὲ Ἰσαὰκ πρὸς Ἁβραὰμ τὸν πατέρα αὐτοῦ εἴπας, πάτερ. ὁ δὲ εἶπεν, τί ἐστιν, τέκνον; λέγων, ἰδοὺ τὸ πῦρ καὶ τὰ ξύλα· ποῦ ἐστιν τὸ πρόβατον τὸ εἰς ὁλοκάρπωσιν;	eːpen de isaak pros abraam ton patera au̯tuː eːpas pater o de eːpen ti estin teknon leɡɔːn iduː to pyr kai̯ ta ksyla puː estin to probaton to eːs olokarpɔːsin	EPEN DE ISAAK PROS ABRAAM TON PATERA AUTU EPAS PATER O DE EPEN TI ESTIN TEKNON LEGON IDU TO PUR KAI TA KSULA PU ESTIN TO PROBATON TO ES OLOKARPOSIN	ud_ancient_greek_ptnk	4th-5th c. CE (Codex Alexandrinus)	religious	translit_map
ud_ancient_greek_ptnk_Septuagint-Genesis-22:8-grc	εἶπεν δὲ Ἁβραάμ, ὁ θεὸς ὄψεται ἑαυτῷ πρόβατον εἰς ὁλοκάρπωσιν, τέκνον. πορευθέντες δὲ ἀμφότεροι ἅμα	eːpen de abraam o tʰeos opsetai̯ eau̯tɔː probaton eːs olokarpɔːsin teknon poreu̯tʰentes de ampʰoteroi̯ ama	EPEN DE ABRAAM O TEOS OPSETAI EAUTO PROBATON ES OLOKARPOSIN TEKNON POREUTENTES DE AMPOTEROI AMA	ud_ancient_greek_ptnk	4th-5th c. CE (Codex Alexandrinus)	religious	translit_map
ud_ancient_greek_ptnk_Septuagint-Genesis-22:9-grc	ἦλθον ἐπὶ τὸν τόπον, ὃν εἶπεν αὐτῷ ὁ θεός. καὶ ᾠκοδόμησεν ἐκεῖ Ἁβραὰμ θυσιαστήριον καὶ ἐπέθηκεν τὰ ξύλα καὶ συμποδίσας Ἰσαὰκ τὸν υἱὸν αὐτοῦ ἐπέθηκεν αὐτὸν ἐπὶ τὸ θυσιαστήριον ἐπάνω τῶν ξύλων.	ɛːltʰon epi ton topon on eːpen au̯tɔː o tʰeos kai̯ ɔːkodomɛːsen ekeː abraam tʰysiastɛːrion kai̯ epetʰɛːken ta ksyla kai̯ sympodisas isaak ton yi̯on au̯tuː epetʰɛːken au̯ton epi to tʰysiastɛːrion epanɔː tɔːn ksylɔːn	ELTON EPI TON TOPON ON EPEN AUTO O TEOS KAI OKODOMESEN EKE ABRAAM TUSIASTERION KAI EPETEKEN TA KSULA KAI SUMPODISAS ISAAK TON UION AUTU EPETEKEN AUTON EPI TO TUSIASTERION EPANO TON KSULON	ud_ancient_greek_ptnk	4th-5th c. CE (Codex Alexandrinus)	religious	translit_map
ud_ancient_greek_ptnk_Septuagint-Genesis-22:10-grc	καὶ ἐξέτεινεν Ἁβραὰμ τὴν χεῖρα αὐτοῦ λαβεῖν τὴν μάχαιραν σφάξαι τὸν υἱὸν αὐτοῦ.	kai̯ ekseteːnen abraam tɛːn kʰeːra au̯tuː labeːn tɛːn makʰai̯ran spʰaksai̯ ton yi̯on au̯tuː	KAI EKSETENEN ABRAAM TEN KERA AUTU LABEN TEN MAKAIRAN SPAKSAI TON UION AUTU	ud_ancient_greek_ptnk	4th-5th c. CE (Codex Alexandrinus)	religious	translit_map
ud_ancient_greek_ptnk_Septuagint-Genesis-22:11-grc	καὶ ἐκάλεσεν αὐτὸν ἄγγελος κυρίου ἐκ τοῦ οὐρανοῦ καὶ εἶπεν αὐτῷ, Ἁβραάμ, Ἁβραάμ. ὁ δὲ εἶπεν, ἰδοὺ ἐγώ.	kai̯ ekalesen au̯ton aŋɡelos kyriuː ek tuː uːranuː kai̯ eːpen au̯tɔː abraam abraam o de eːpen iduː eɡɔː	KAI EKALESEN AUTON ANGELOS KURIU EK TU URANU KAI EPEN AUTO ABRAAM ABRAAM O DE EPEN IDU EGO	ud_ancient_greek_ptnk	4th-5th c. CE (Codex Alexandrinus)	religious	translit_map
ud_ancient_greek_ptnk_Septuagint-Genesis-22:12-grc	καὶ εἶπεν, μὴ ἐπιβάλῃς τὴν χεῖρά σου ἐπὶ τὸ παιδάριον μηδὲ ποιήσῃς αὐτῷ μηδέν· νῦν γὰρ ἔγνων ὅτι φοβῇ τὸν θεὸν σὺ καὶ οὐκ ἐφείσω τοῦ υἱοῦ σου τοῦ ἀγαπητοῦ δι᾿ ἐμέ.	kai̯ eːpen mɛː epibalɛːs tɛːn kʰeːra suː epi to pai̯darion mɛːde poi̯ɛːsɛːs au̯tɔː mɛːden nyn ɡar eɡnɔːn oti pʰobɛː ton tʰeon sy kai̯ uːk epʰeːsɔː tuː yi̯uː suː tuː aɡapɛːtuː di eme	KAI EPEN ME EPIBALES TEN KERA SU EPI TO PAIDARION MEDE POIESES AUTO MEDEN NUN GAR EGNON OTI POBE TON TEON SU KAI UK EPESO TU UIU SU TU AGAPETU DI EME	ud_ancient_greek_ptnk	4th-5th c. CE (Codex Alexandrinus)	religious	translit_map
ud_ancient_greek_ptnk_Septuagint-Genesis-22:13-grc	καὶ ἀναβλέψας Ἁβραὰμ τοῖς ὀφθαλμοῖς αὐτοῦ εἶδεν, καὶ ἰδοὺ κριὸς εἷς κατεχόμενος ἐν φυτῷ σαβεκ τῶν κεράτων· καὶ ἐπορεύθη Ἁβραὰμ καὶ ἔλαβεν τὸν κριὸν καὶ ἀνήνεγκεν αὐτὸν εἰς ὁλοκάρπωσιν ἀντὶ Ἰσαὰκ τοῦ υἱοῦ αὐτοῦ.	kai̯ anablepsas abraam toi̯s opʰtʰalmoi̯s au̯tuː eːden kai̯ iduː krios eːs katekʰomenos en pʰytɔː sabek tɔːn keratɔːn kai̯ eporeu̯tʰɛː abraam kai̯ elaben ton krion kai̯ anɛːneŋken au̯ton eːs olokarpɔːsin anti isaak tuː yi̯uː au̯tuː	KAI ANABLEPSAS ABRAAM TOIS OPTALMOIS AUTU EDEN KAI IDU KRIOS ES KATEKOMENOS EN PUTO SABEK TON KERATON KAI EPOREUTE ABRAAM KAI ELABEN TON KRION KAI ANENENKEN AUTON ES OLOKARPOSIN ANTI ISAAK TU UIU AUTU	ud_ancient_greek_ptnk	4th-5th c. CE (Codex Alexandrinus)	religious	translit_map
ud_ancient_greek_ptnk_Septuagint-Genesis-22:14-grc	καὶ ἐκάλεσεν Ἁβραὰμ τὸ ὄνομα τοῦ τόπου ἐκείνου κύριος εἶδεν, ἵνα εἴπωσιν σήμερον, ἐν τῷ ὄρει κύριος ὤφθη.	kai̯ ekalesen abraam to onoma tuː topuː ekeːnuː kyrios eːden ina eːpɔːsin sɛːmeron en tɔː oreː kyrios ɔːpʰtʰɛː	KAI EKALESEN ABRAAM TO ONOMA TU TOPU EKENU KURIOS EDEN INA EPOSIN SEMERON EN TO ORE KURIOS OPTE	ud_ancient_greek_ptnk	4th-5th c. CE (Codex Alexandrinus)	religious	translit_map
ud_ancient_greek_ptnk_Septuagint-Genesis-22:15-grc	καὶ ἐκάλεσεν ἄγγελος κυρίου τὸν Ἁβραὰμ δεύτερον ἐκ τοῦ οὐρανοῦ	kai̯ ekalesen aŋɡelos kyriuː ton abraam deu̯teron ek tuː uːranuː	KAI EKALESEN ANGELOS KURIU TON ABRAAM DEUTERON EK TU URANU	ud_ancient_greek_ptnk	4th-5th c. CE (Codex Alexandrinus)	religious	translit_map
ud_ancient_greek_ptnk_Septuagint-Genesis-22:16-17-grc	λέγων, κατ᾿ ἐμαυτοῦ ὤμοσα, λέγει κύριος, οὗ εἵνεκεν ἐποίησας τὸ ῥῆμα τοῦτο καὶ οὐκ ἐφείσω τοῦ υἱοῦ σου τοῦ ἀγαπητοῦ δι᾿ ἐμέ. ἦ μὴν εὐλογῶν εὐλογήσω σὲ καὶ πληθύνων πληθυνῶ τὸ σπέρμα σου ὡς τοὺς ἀστέρας τοῦ οὐρανοῦ καὶ ὡς τὴν ἄμμον τὴν παρὰ τὸ χεῖλος τῆς θαλάσσης, καὶ κληρονομήσει τὸ σπέρμα σου τὰς πόλεις τῶν ὑπεναντίων.	leɡɔːn kat emau̯tuː ɔːmosa leɡeː kyrios uː eːneken epoi̯ɛːsas to rɛːma tuːto kai̯ uːk epʰeːsɔː tuː yi̯uː suː tuː aɡapɛːtuː di eme ɛː mɛːn eu̯loɡɔːn eu̯loɡɛːsɔː se kai̯ plɛːtʰynɔːn plɛːtʰynɔː to sperma suː ɔːs tuːs asteras tuː uːranuː kai̯ ɔːs tɛːn ammon tɛːn para to kʰeːlos tɛːs tʰalassɛːs kai̯ klɛːronomɛːseː to sperma suː tas poleːs tɔːn ypenantiɔːn	LEGON KAT EMAUTU OMOSA LEGE KURIOS U ENEKEN EPOIESAS TO REMA TUTO KAI UK EPESO TU UIU SU TU AGAPETU DI EME E MEN EULOGON EULOGESO SE KAI PLETUNON PLETUNO TO SPERMA SU OS TUS ASTERAS TU URANU KAI OS TEN AMMON TEN PARA TO KELOS TES TALASSES KAI KLERONOMESE TO SPERMA SU TAS POLES TON UPENANTION	ud_ancient_greek_ptnk	4th-5th c. CE (Codex Alexandrinus)	religious	translit_map
ud_ancient_greek_ptnk_Septuagint-Genesis-22:18-grc	καὶ ἐνευλογηθήσονται ἐν τῷ σπέρματί σου πάντα τὰ ἔθνη τῆς γῆς, ἀνθ᾿ ὧν ὑπήκουσας τῆς ἐμῆς φωνῆς.	kai̯ eneu̯loɡɛːtʰɛːsontai̯ en tɔː spermati suː panta ta etʰnɛː tɛːs ɡɛːs antʰ ɔːn ypɛːkuːsas tɛːs emɛːs pʰɔːnɛːs	KAI ENEULOGETESONTAI EN TO SPERMATI SU PANTA TA ETNE TES GES ANT ON UPEKUSAS TES EMES PONES	ud_ancient_greek_ptnk	4th-5th c. CE (Codex Alexandrinus)	religious	translit_map
ud_ancient_greek_ptnk_Septuagint-Genesis-22:19-grc	ἀπεστράφη δὲ Ἁβραὰμ πρὸς τοὺς παῖδας αὐτοῦ, καὶ ἀναστάντες ἐπορεύθησαν ἅμα ἐπὶ τὸ φρέαρ τοῦ ὅρκου. καὶ κατῴκησεν Ἁβραὰμ ἐπὶ τῷ φρέατι τοῦ ὅρκου.	apestrapʰɛː de abraam pros tuːs pai̯das au̯tuː kai̯ anastantes eporeu̯tʰɛːsan ama epi to pʰrear tuː orkuː kai̯ katɔːkɛːsen abraam epi tɔː pʰreati tuː orkuː	APESTRAPE DE ABRAAM PROS TUS PAIDAS AUTU KAI ANASTANTES EPOREUTESAN AMA EPI TO PREAR TU ORKU KAI KATOKESEN ABRAAM EPI TO PREATI TU ORKU	ud_ancient_greek_ptnk	4th-5th c. CE (Codex Alexandrinus)	religious	translit_map
ud_ancient_greek_ptnk_Septuagint-Genesis-22:20-22-grc	ἐγένετο δὲ μετὰ τὰ ῥήματα ταῦτα καὶ ἀνηγγέλη τῷ Ἁβραὰμ λέγοντες, ἰδοὺ τέτοκεν Μελχὰ καὶ αὐτὴ υἱοὺς Ναχὼρ τῷ ἀδελφῷ σου, τὸν Ὤξ πρωτότοκον καὶ τὸν Βαὺξ ἀδελφὸν αὐτοῦ καὶ τὸν Καμουὴλ πατέρα Σύρων καὶ τὸν Χασὰδ καὶ τὸν Ἀζαῦ καὶ τὸν Φαλδάς καὶ τὸν Ἰεδλὰφ καὶ τὸν Βαθουήλ·	eɡeneto de meta ta rɛːmata tau̯ta kai̯ anɛːŋɡelɛː tɔː abraam leɡontes iduː tetoken melkʰa kai̯ au̯tɛː yi̯uːs nakʰɔːr tɔː adelpʰɔː suː ton ɔːks prɔːtotokon kai̯ ton bau̯ks adelpʰon au̯tuː kai̯ ton kamuːɛːl patera syrɔːn kai̯ ton kʰasad kai̯ ton azdau̯ kai̯ ton pʰaldas kai̯ ton iedlapʰ kai̯ ton batʰuːɛːl	EGENETO DE META TA REMATA TAUTA KAI ANENGELE TO ABRAAM LEGONTES IDU TETOKEN MELKA KAI AUTE UIUS NAKOR TO ADELPO SU TON OKS PROTOTOKON KAI TON BAUKS ADELPON AUTU KAI TON KAMUEL PATERA SURON KAI TON KASAD KAI TON ASDAU KAI TON PALDAS KAI TON IEDLAP KAI TON BATUEL	ud_ancient_greek_ptnk	4th-5th c. CE (Codex Alexandrinus)	religious	translit_map
ud_ancient_greek_ptnk_Septuagint-Genesis-22:23-grc	καὶ Βαθουὴλ ἐγέννησεν τὴν Ῥεβέκκαν. ὀκτὼ οὗτοι υἱοί οὓς ἔτεκεν Μελχὰ τῷ Ναχὼρ τῷ ἀδελφῷ Ἁβραάμ.	kai̯ batʰuːɛːl eɡennɛːsen tɛːn rebekkan oktɔː uːtoi̯ yi̯oi̯ uːs eteken melkʰa tɔː nakʰɔːr tɔː adelpʰɔː abraam	KAI BATUEL EGENNESEN TEN REBEKKAN OKTO UTOI UIOI US ETEKEN MELKA TO NAKOR TO ADELPO ABRAAM	ud_ancient_greek_ptnk	4th-5th c. CE (Codex Alexandrinus)	religious	translit_map
ud_ancient_greek_ptnk_Septuagint-Genesis-22:24-grc	καὶ ἡ παλλακὴ αὐτοῦ, ᾗ ὄνομα Ῥεήμα, ἔτεκεν καὶ αὐτὴ τὸν Ταβὲκ καὶ τὸν Γαάμ καὶ τὸν Τοχὸς καὶ τὸν Μωχά.	kai̯ ɛː pallakɛː au̯tuː ɛː onoma reɛːma eteken kai̯ au̯tɛː ton tabek kai̯ ton ɡaam kai̯ ton tokʰos kai̯ ton mɔːkʰa	KAI E PALLAKE AUTU E ONOMA REEMA ETEKEN KAI AUTE TON TABEK KAI TON GAAM KAI TON TOKOS KAI TON MOKA	ud_ancient_greek_ptnk	4th-5th c. CE (Codex Alexandrinus)	religious	translit_map
ud_ancient_greek_ptnk_Septuagint-Genesis-23:1-grc	ἐγένετο δὲ ἡ ζωὴ Σάρρας ἔτη ἑκατὸν εἴκοσι ἑπτά.	eɡeneto de ɛː zdɔːɛː sarras etɛː ekaton eːkosi epta	EGENETO DE E SDOE SARRAS ETE EKATON EKOSI EPTA	ud_ancient_greek_ptnk	4th-5th c. CE (Codex Alexandrinus)	religious	translit_map
ud_ancient_greek_ptnk_Septuagint-Genesis-23:2-grc	καὶ ἀπέθανεν Σάρρα ἐν πόλει Ἀρβόκ, ἥ ἐστιν ἐν τῷ κοιλώματι (αὕτη ἐστὶν Χεβρὼν) ἐν γῇ Χαναάν. ἦλθεν δὲ Ἁβραὰμ κόψασθαι Σάρραν καὶ πενθῆσαι.	kai̯ apetʰanen sarra en poleː arbok ɛː estin en tɔː koi̯lɔːmati au̯tɛː estin kʰebrɔːn en ɡɛː kʰanaan ɛːltʰen de abraam kopsastʰai̯ sarran kai̯ pentʰɛːsai̯	KAI APETANEN SARRA EN POLE ARBOK E ESTIN EN TO KOILOMATI AUTE ESTIN KEBRON EN GE KANAAN ELTEN DE ABRAAM KOPSASTAI SARRAN KAI PENTESAI	ud_ancient_greek_ptnk	4th-5th c. CE (Codex Alexandrinus)	religious	translit_map
ud_ancient_greek_ptnk_Septuagint-Genesis-23:3-grc	καὶ ἀνέστη Ἁβραὰμ ἀπὸ τοῦ νεκροῦ αὐτοῦ καὶ εἶπεν τοῖς υἱοῖς Χὲτ λέγων	kai̯ anestɛː abraam apo tuː nekruː au̯tuː kai̯ eːpen toi̯s yi̯oi̯s kʰet leɡɔːn	KAI ANESTE ABRAAM APO TU NEKRU AUTU KAI EPEN TOIS UIOIS KET LEGON	ud_ancient_greek_ptnk	4th-5th c. CE (Codex Alexandrinus)	religious	translit_map
ud_ancient_greek_ptnk_Septuagint-Genesis-23:4-grc	πάροικος καὶ παρεπίδημος ἐγώ εἰμι μεθ᾿ ὑμῶν· δότε οὖν μοι κτῆσιν τάφου μεθ᾿ ὑμῶν, καὶ θάψω τὸν νεκρόν μου ἀπ᾿ ἐμοῦ.	paroi̯kos kai̯ parepidɛːmos eɡɔː eːmi metʰ ymɔːn dote uːn moi̯ ktɛːsin tapʰuː metʰ ymɔːn kai̯ tʰapsɔː ton nekron muː ap emuː	PAROIKOS KAI PAREPIDEMOS EGO EMI MET UMON DOTE UN MOI KTESIN TAPU MET UMON KAI TAPSO TON NEKRON MU AP EMU	ud_ancient_greek_ptnk	4th-5th c. CE (Codex Alexandrinus)	religious	translit_map
ud_ancient_greek_ptnk_Septuagint-Genesis-23:5-grc	ἀπεκρίθησαν δὲ οἱ υἱοὶ Χὲτ πρὸς Ἁβραὰμ λέγοντες,	apekritʰɛːsan de oi̯ yi̯oi̯ kʰet pros abraam leɡontes	APEKRITESAN DE OI UIOI KET PROS ABRAAM LEGONTES	ud_ancient_greek_ptnk	4th-5th c. CE (Codex Alexandrinus)	religious	translit_map
ud_ancient_greek_ptnk_Septuagint-Genesis-23:6-grc	μή, κύριε· ἄκουσον δὲ ἡμῶν βασιλεὺς παρὰ θεοῦ εἶ σὺ ἐν ἡμῖν ἐν τοῖς ἐκλεκτοῖς μνημείοις ἡμῶν θάψον τὸν νεκρόν σου· οὐδεὶς γὰρ ἡμῶν τὸ μνημεῖον αὐτοῦ κωλύσει ἀπὸ σου τοῦ θάψαι τὸν νεκρόν σου ἐκεῖ.	mɛː kyrie akuːson de ɛːmɔːn basileu̯s para tʰeuː eː sy en ɛːmin en toi̯s eklektoi̯s mnɛːmeːoi̯s ɛːmɔːn tʰapson ton nekron suː uːdeːs ɡar ɛːmɔːn to mnɛːmeːon au̯tuː kɔːlyseː apo suː tuː tʰapsai̯ ton nekron suː ekeː	ME KURIE AKUSON DE EMON BASILEUS PARA TEU E SU EN EMIN EN TOIS EKLEKTOIS MNEMEOIS EMON TAPSON TON NEKRON SU UDES GAR EMON TO MNEMEON AUTU KOLUSE APO SU TU TAPSAI TON NEKRON SU EKE	ud_ancient_greek_ptnk	4th-5th c. CE (Codex Alexandrinus)	religious	translit_map
ud_ancient_greek_ptnk_Septuagint-Genesis-23:7-grc	ἀναστὰς δὲ Ἁβραὰμ προσεκύνησεν τῷ λαῷ τῆς γῆς, τοῖς υἱοῖς Χέτ,	anastas de abraam prosekynɛːsen tɔː laɔː tɛːs ɡɛːs toi̯s yi̯oi̯s kʰet	ANASTAS DE ABRAAM PROSEKUNESEN TO LAO TES GES TOIS UIOIS KET	ud_ancient_greek_ptnk	4th-5th c. CE (Codex Alexandrinus)	religious	translit_map
ud_ancient_greek_ptnk_Septuagint-Genesis-23:8-grc	καὶ ἐλάλησεν πρὸς αὐτοὺς Ἁβραὰμ λέγων, εἰ ἔχετε τῇ ψυχῇ ὑμῶν ὥστε θάψαι τὸν νεκρόν μου ἀπὸ προσώπου μου, ἀκούσατέ μου καὶ λαλήσατε περὶ ἐμοῦ Ἐφρὼν τῷ τοῦ Σαάρ,	kai̯ elalɛːsen pros au̯tuːs abraam leɡɔːn eː ekʰete tɛː psykʰɛː ymɔːn ɔːste tʰapsai̯ ton nekron muː apo prosɔːpuː muː akuːsate muː kai̯ lalɛːsate peri emuː epʰrɔːn tɔː tuː saar	KAI ELALESEN PROS AUTUS ABRAAM LEGON E EKETE TE PSUKE UMON OSTE TAPSAI TON NEKRON MU APO PROSOPU MU AKUSATE MU KAI LALESATE PERI EMU EPRON TO TU SAAR	ud_ancient_greek_ptnk	4th-5th c. CE (Codex Alexandrinus)	religious	translit_map
ud_ancient_greek_ptnk_Septuagint-Genesis-23:9-grc	καὶ δότω μοι τὸ σπήλαιον τὸ διπλοῦν, ὅ ἐστιν αὐτῷ, τὸ ὂν ἐν μέρει τοῦ ἀγροῦ αὐτοῦ· ἀργυρίου τοῦ ἀξίου δότω μοι αὐτὸ ἐν ὑμῖν εἰς κτῆσιν μνημείου.	kai̯ dotɔː moi̯ to spɛːlai̯on to dipluːn o estin au̯tɔː to on en mereː tuː aɡruː au̯tuː arɡyriuː tuː aksiuː dotɔː moi̯ au̯to en ymin eːs ktɛːsin mnɛːmeːuː	KAI DOTO MOI TO SPELAION TO DIPLUN O ESTIN AUTO TO ON EN MERE TU AGRU AUTU ARGURIU TU AKSIU DOTO MOI AUTO EN UMIN ES KTESIN MNEMEU	ud_ancient_greek_ptnk	4th-5th c. CE (Codex Alexandrinus)	religious	translit_map
ud_ancient_greek_ptnk_Septuagint-Genesis-23:10-grc	Ἐφρὼν δὲ ἐκάθητο ἐν μέσῳ τῶν υἱῶν Χέτ· ἀποκριθεὶς δὲ Ἐφρὼν ὁ Χετταῖος πρὸς Ἁβραὰμ εἶπεν ἀκουόντων τῶν υἱῶν Χὲτ καὶ πάντων τῶν εἰσπορευομένων εἰς τὴν πόλιν λέγων,	epʰrɔːn de ekatʰɛːto en mesɔː tɔːn yi̯ɔːn kʰet apokritʰeːs de epʰrɔːn o kʰettai̯os pros abraam eːpen akuːontɔːn tɔːn yi̯ɔːn kʰet kai̯ pantɔːn tɔːn eːsporeu̯omenɔːn eːs tɛːn polin leɡɔːn	EPRON DE EKATETO EN MESO TON UION KET APOKRITES DE EPRON O KETTAIOS PROS ABRAAM EPEN AKUONTON TON UION KET KAI PANTON TON ESPOREUOMENON ES TEN POLIN LEGON	ud_ancient_greek_ptnk	4th-5th c. CE (Codex Alexandrinus)	religious	translit_map
ud_ancient_greek_ptnk_Septuagint-Genesis-23:11-grc	παρ᾿ ἐμοὶ γενοῦ, κύριε, καὶ ἄκουσόν μου. τὸν ἀγρὸν καὶ τὸ σπήλαιον τὸ ἐν αὐτῷ σοί δίδωμι· ἐναντίον πάντων τῶν πολιτῶν μου δέδωκά σοι· θάψον τὸν νεκρόν σου.	par emoi̯ ɡenuː kyrie kai̯ akuːson muː ton aɡron kai̯ to spɛːlai̯on to en au̯tɔː soi̯ didɔːmi enantion pantɔːn tɔːn politɔːn muː dedɔːka soi̯ tʰapson ton nekron suː	PAR EMOI GENU KURIE KAI AKUSON MU TON AGRON KAI TO SPELAION TO EN AUTO SOI DIDOMI ENANTION PANTON TON POLITON MU DEDOKA SOI TAPSON TON NEKRON SU	ud_ancient_greek_ptnk	4th-5th c. CE (Codex Alexandrinus)	religious	translit_map
ud_ancient_greek_ptnk_Septuagint-Genesis-23:12-grc	καὶ προσεκύνησεν Ἁβραὰμ ἐναντίον τοῦ λαοῦ τῆς γῆς	kai̯ prosekynɛːsen abraam enantion tuː lauː tɛːs ɡɛːs	KAI PROSEKUNESEN ABRAAM ENANTION TU LAU TES GES	ud_ancient_greek_ptnk	4th-5th c. CE (Codex Alexandrinus)	religious	translit_map
ud_ancient_greek_ptnk_Septuagint-Genesis-23:13-grc	καὶ εἶπεν τῷ Ἐφρὼν εἰς τὰ ὦτα τοῦ λαοῦ τῆς γῆς, ἐπειδὴ πρὸς ἐμοῦ εἶ, ἄκουσόν μου· τὸ ἀργύριον τοῦ ἀγροῦ λαβὲ παρ᾿ ἐμοῦ, καὶ θάψω τὸν νεκρόν μου ἐκεῖ.	kai̯ eːpen tɔː epʰrɔːn eːs ta ɔːta tuː lauː tɛːs ɡɛːs epeːdɛː pros emuː eː akuːson muː to arɡyrion tuː aɡruː labe par emuː kai̯ tʰapsɔː ton nekron muː ekeː	KAI EPEN TO EPRON ES TA OTA TU LAU TES GES EPEDE PROS EMU E AKUSON MU TO ARGURION TU AGRU LABE PAR EMU KAI TAPSO TON NEKRON MU EKE	ud_ancient_greek_ptnk	4th-5th c. CE (Codex Alexandrinus)	religious	translit_map
ud_ancient_greek_ptnk_Septuagint-Genesis-23:14-grc	ἀπεκρίθη δὲ Ἐφρὼν τῷ Ἁβραὰμ λέγων,	apekritʰɛː de epʰrɔːn tɔː abraam leɡɔːn	APEKRITE DE EPRON TO ABRAAM LEGON	ud_ancient_greek_ptnk	4th-5th c. CE (Codex Alexandrinus)	religious	translit_map
ud_ancient_greek_ptnk_Septuagint-Genesis-23:15-grc	οὐχί, κύριε· ἀκήκοα. γῆ τετρακοσίων διδράχμων ἀργυρίου, ἀνὰ μέσον ἐμοῦ καὶ σου τί ἄν εἴη τοῦτο; σὺ δὲ τὸν νεκρόν σου θάψον.	uːkʰi kyrie akɛːkoa ɡɛː tetrakosiɔːn didrakʰmɔːn arɡyriuː ana meson emuː kai̯ suː ti an eːɛː tuːto sy de ton nekron suː tʰapson	UKI KURIE AKEKOA GE TETRAKOSION DIDRAKMON ARGURIU ANA MESON EMU KAI SU TI AN EE TUTO SU DE TON NEKRON SU TAPSON	ud_ancient_greek_ptnk	4th-5th c. CE (Codex Alexandrinus)	religious	translit_map
ud_ancient_greek_ptnk_Septuagint-Genesis-23:16-grc	καὶ ἤκουσεν Ἁβραὰμ τοῦ Ἐφρών, καὶ ἀπεκατέστησεν Ἁβραὰμ τῷ Ἐφρὼν τὸ ἀργύριον, ὃ ἐλάλησεν εἰς τὰ ὦτα τῶν υἱῶν Χέτ, τετρακόσια δίδραχμα ἀργυρίου δοκίμου ἐμπόροις.	kai̯ ɛːkuːsen abraam tuː epʰrɔːn kai̯ apekatestɛːsen abraam tɔː epʰrɔːn to arɡyrion o elalɛːsen eːs ta ɔːta tɔːn yi̯ɔːn kʰet tetrakosia didrakʰma arɡyriuː dokimuː emporoi̯s	KAI EKUSEN ABRAAM TU EPRON KAI APEKATESTESEN ABRAAM TO EPRON TO ARGURION O ELALESEN ES TA OTA TON UION KET TETRAKOSIA DIDRAKMA ARGURIU DOKIMU EMPOROIS	ud_ancient_greek_ptnk	4th-5th c. CE (Codex Alexandrinus)	religious	translit_map
ud_ancient_greek_ptnk_Septuagint-Genesis-23:17-18-grc	καὶ ἔστη ὁ ἀγρὸς Ἐφρών, ὃς ἦν ἐν τῷ διπλῷ σπηλαίῳ, ὅς ἐστιν κατὰ πρόσωπον Μαμβρῆ, ὁ ἀγρὸς καὶ τὸ σπήλαιον, ὃ ἦν ἐν αὐτῷ, καὶ πᾶν δένδρον, ὃ ἦν ἐν τῷ ἀγρῷ, ὅ ἐστιν ἐν τοῖς ὁρίοις αὐτοῦ κύκλῳ, τῷ Ἁβραὰμ εἰς κτῆσιν ἐναντίον τῶν υἱῶν Χὲτ καὶ πάντων τῶν εἰσπορευομένων εἰς τὴν πόλιν.	kai̯ estɛː o aɡros epʰrɔːn os ɛːn en tɔː diplɔː spɛːlai̯ɔː os estin kata prosɔːpon mambrɛː o aɡros kai̯ to spɛːlai̯on o ɛːn en au̯tɔː kai̯ pan dendron o ɛːn en tɔː aɡrɔː o estin en toi̯s orioi̯s au̯tuː kyklɔː tɔː abraam eːs ktɛːsin enantion tɔːn yi̯ɔːn kʰet kai̯ pantɔːn tɔːn eːsporeu̯omenɔːn eːs tɛːn polin	KAI ESTE O AGROS EPRON OS EN EN TO DIPLO SPELAIO OS ESTIN KATA PROSOPON MAMBRE O AGROS KAI TO SPELAION O EN EN AUTO KAI PAN DENDRON O EN EN TO AGRO O ESTIN EN TOIS ORIOIS AUTU KUKLO TO ABRAAM ES KTESIN ENANTION TON UION KET KAI PANTON TON ESPOREUOMENON ES TEN POLIN	ud_ancient_greek_ptnk	4th-5th c. CE (Codex Alexandrinus)	religious	translit_map
ud_ancient_greek_ptnk_Septuagint-Genesis-23:19-grc	μετὰ ταῦτα ἔθαψεν Ἁβραὰμ Σάρραν τὴν γυναῖκα αὐτοῦ ἐν τῷ σπηλαίῳ τοῦ ἀγροῦ τῷ διπλῷ, ὅ ἐστιν ἀπέναντι Μαμβρῆ (αὕτη ἐστὶν Χεβρὼν) ἐν τῇ γῇ Χαναάν.	meta tau̯ta etʰapsen abraam sarran tɛːn ɡynai̯ka au̯tuː en tɔː spɛːlai̯ɔː tuː aɡruː tɔː diplɔː o estin apenanti mambrɛː au̯tɛː estin kʰebrɔːn en tɛː ɡɛː kʰanaan	META TAUTA ETAPSEN ABRAAM SARRAN TEN GUNAIKA AUTU EN TO SPELAIO TU AGRU TO DIPLO O ESTIN APENANTI MAMBRE AUTE ESTIN KEBRON EN TE GE KANAAN	ud_ancient_greek_ptnk	4th-5th c. CE (Codex Alexandrinus)	religious	translit_map
ud_ancient_greek_ptnk_Septuagint-Genesis-23:20-grc	καὶ ἐκυρώθη ὁ ἀγρὸς καὶ τὸ σπήλαιον, ὃ ἦν ἐν αὐτῷ, τῷ Ἁβραὰμ εἰς κτῆσιν τάφου παρὰ τῶν υἱῶν Χέτ.	kai̯ ekyrɔːtʰɛː o aɡros kai̯ to spɛːlai̯on o ɛːn en au̯tɔː tɔː abraam eːs ktɛːsin tapʰuː para tɔːn yi̯ɔːn kʰet	KAI EKUROTE O AGROS KAI TO SPELAION O EN EN AUTO TO ABRAAM ES KTESIN TAPU PARA TON UION KET	ud_ancient_greek_ptnk	4th-5th c. CE (Codex Alexandrinus)	religious	translit_map
ud_ancient_greek_ptnk_Septuagint-Genesis-24:1-grc	καὶ Ἁβραὰμ ἦν πρεσβύτερος προβεβηκὼς ἡμερῶν, καὶ κύριος εὐλόγησεν τὸν Ἁβραὰμ κατὰ πάντα.	kai̯ abraam ɛːn presbyteros probebɛːkɔːs ɛːmerɔːn kai̯ kyrios eu̯loɡɛːsen ton abraam kata panta	KAI ABRAAM EN PRESBUTEROS PROBEBEKOS EMERON KAI KURIOS EULOGESEN TON ABRAAM KATA PANTA	ud_ancient_greek_ptnk	4th-5th c. CE (Codex Alexandrinus)	religious	translit_map
ud_ancient_greek_ptnk_Septuagint-Genesis-24:2-grc	καὶ εἶπεν Ἁβραὰμ τῷ παιδὶ αὐτοῦ τῷ πρεσβυτέρῳ τῆς οἰκίας αὐτοῦ τῷ ἄρχοντι πάντων τῶν αὐτοῦ θὲς τὴν χεῖρά σου ὑπὸ τὸν μηρόν μου,	kai̯ eːpen abraam tɔː pai̯di au̯tuː tɔː presbyterɔː tɛːs oi̯kias au̯tuː tɔː arkʰonti pantɔːn tɔːn au̯tuː tʰes tɛːn kʰeːra suː ypo ton mɛːron muː	KAI EPEN ABRAAM TO PAIDI AUTU TO PRESBUTERO TES OIKIAS AUTU TO ARKONTI PANTON TON AUTU TES TEN KERA SU UPO TON MERON MU	ud_ancient_greek_ptnk	4th-5th c. CE (Codex Alexandrinus)	religious	translit_map
ud_ancient_greek_ptnk_Septuagint-Genesis-24:3-grc	καὶ ἐξορκιῶ σὲ κύριον τὸν θεὸν τοῦ οὐρανοῦ καὶ τὸν θεὸν τῆς γῆς, ἵνα μὴ λάβῃς γυναῖκα τῷ υἱῷ μου Ἰσαὰκ ἀπὸ τῶν θυγατέρων τῶν Χαναναίων, μεθ᾿ ὧν ἐγὼ οἰκῶ ἐν αὐτοῖς,	kai̯ eksorkiɔː se kyrion ton tʰeon tuː uːranuː kai̯ ton tʰeon tɛːs ɡɛːs ina mɛː labɛːs ɡynai̯ka tɔː yi̯ɔː muː isaak apo tɔːn tʰyɡaterɔːn tɔːn kʰananai̯ɔːn metʰ ɔːn eɡɔː oi̯kɔː en au̯toi̯s	KAI EKSORKIO SE KURION TON TEON TU URANU KAI TON TEON TES GES INA ME LABES GUNAIKA TO UIO MU ISAAK APO TON TUGATERON TON KANANAION MET ON EGO OIKO EN AUTOIS	ud_ancient_greek_ptnk	4th-5th c. CE (Codex Alexandrinus)	religious	translit_map
ud_ancient_greek_ptnk_Septuagint-Genesis-24:4-grc	ἀλλὰ εἰς τὴν γῆν μου, οὗ ἐγενόμην, πορεύσῃ καὶ εἰς τὴν φυλήν μου καὶ λήμψῃ γυναῖκα τῷ υἱῷ μου Ἰσαὰκ ἐκεῖθεν.	alla eːs tɛːn ɡɛːn muː uː eɡenomɛːn poreu̯sɛː kai̯ eːs tɛːn pʰylɛːn muː kai̯ lɛːmpsɛː ɡynai̯ka tɔː yi̯ɔː muː isaak ekeːtʰen	ALLA ES TEN GEN MU U EGENOMEN POREUSE KAI ES TEN PULEN MU KAI LEMPSE GUNAIKA TO UIO MU ISAAK EKETEN	ud_ancient_greek_ptnk	4th-5th c. CE (Codex Alexandrinus)	religious	translit_map
ud_ancient_greek_ptnk_Septuagint-Genesis-24:5-grc	εἶπεν δὲ πρὸς αὐτὸν ὁ παῖς, μήποτε οὐ βούλεται ἡ γυνὴ πορευθῆναι μετ᾿ ἐμοῦ ὀπίσω εἰς τὴν γῆν ταύτην· ἀποστρέψω τὸν υἱόν σου εἰς τὴν γῆν, ὅθεν ἐξῆλθες ἐκεῖθεν;	eːpen de pros au̯ton o pai̯s mɛːpote uː buːletai̯ ɛː ɡynɛː poreu̯tʰɛːnai̯ met emuː opisɔː eːs tɛːn ɡɛːn tau̯tɛːn apostrepsɔː ton yi̯on suː eːs tɛːn ɡɛːn otʰen eksɛːltʰes ekeːtʰen	EPEN DE PROS AUTON O PAIS MEPOTE U BULETAI E GUNE POREUTENAI MET EMU OPISO ES TEN GEN TAUTEN APOSTREPSO TON UION SU ES TEN GEN OTEN EKSELTES EKETEN	ud_ancient_greek_ptnk	4th-5th c. CE (Codex Alexandrinus)	religious	translit_map
ud_ancient_greek_ptnk_Septuagint-Genesis-24:6-grc	εἶπεν δὲ πρὸς αὐτόν, Ἁβραὰμ πρόσεχε σεαυτῷ, μὴ ἀποστρέψῃς τὸν υἱόν μου ἐκεῖ.	eːpen de pros au̯ton abraam prosekʰe seau̯tɔː mɛː apostrepsɛːs ton yi̯on muː ekeː	EPEN DE PROS AUTON ABRAAM PROSEKE SEAUTO ME APOSTREPSES TON UION MU EKE	ud_ancient_greek_ptnk	4th-5th c. CE (Codex Alexandrinus)	religious	translit_map
ud_ancient_greek_ptnk_Septuagint-Genesis-24:7-grc	κύριος ὁ θεὸς τοῦ οὐρανοῦ καὶ ὁ θεὸς τῆς γῆς, ὃς ἔλαβέν με ἐκ τοῦ οἴκου τοῦ πατρός μου καὶ ἐκ τῆς γῆς, ἧς ἐγενήθην, ὃς ἐλάλησέν μοι καὶ ὤμοσέν μοι λέγων, σοί δώσω τὴν γῆν ταύτην καὶ τῷ σπέρματί σου, αὐτὸς ἀποστελεῖ τὸν ἄγγελον αὐτοῦ ἔμπροσθέν σου, καὶ λήμψῃ γυναῖκα τῷ υἱῷ μου Ἰσαὰκ ἐκεῖθεν.	kyrios o tʰeos tuː uːranuː kai̯ o tʰeos tɛːs ɡɛːs os elaben me ek tuː oi̯kuː tuː patros muː kai̯ ek tɛːs ɡɛːs ɛːs eɡenɛːtʰɛːn os elalɛːsen moi̯ kai̯ ɔːmosen moi̯ leɡɔːn soi̯ dɔːsɔː tɛːn ɡɛːn tau̯tɛːn kai̯ tɔː spermati suː au̯tos aposteleː ton aŋɡelon au̯tuː emprostʰen suː kai̯ lɛːmpsɛː ɡynai̯ka tɔː yi̯ɔː muː isaak ekeːtʰen	KURIOS O TEOS TU URANU KAI O TEOS TES GES OS ELABEN ME EK TU OIKU TU PATROS MU KAI EK TES GES ES EGENETEN OS ELALESEN MOI KAI OMOSEN MOI LEGON SOI DOSO TEN GEN TAUTEN KAI TO SPERMATI SU AUTOS APOSTELE TON ANGELON AUTU EMPROSTEN SU KAI LEMPSE GUNAIKA TO UIO MU ISAAK EKETEN	ud_ancient_greek_ptnk	4th-5th c. CE (Codex Alexandrinus)	religious	translit_map
ud_ancient_greek_ptnk_Septuagint-Genesis-24:8-grc	ἐὰν δὲ μὴ θέλῃ ἡ γυνὴ πορευθῆναι μετὰ σου εἰς τὴν γῆν ταύτην, καθαρὸς ἔσῃ ἀπὸ τοῦ ὅρκου τούτου· μόνον τὸν υἱόν μου μὴ ἀποστρέψῃς ἐκεῖ.	ean de mɛː tʰelɛː ɛː ɡynɛː poreu̯tʰɛːnai̯ meta suː eːs tɛːn ɡɛːn tau̯tɛːn katʰaros esɛː apo tuː orkuː tuːtuː monon ton yi̯on muː mɛː apostrepsɛːs ekeː	EAN DE ME TELE E GUNE POREUTENAI META SU ES TEN GEN TAUTEN KATAROS ESE APO TU ORKU TUTU MONON TON UION MU ME APOSTREPSES EKE	ud_ancient_greek_ptnk	4th-5th c. CE (Codex Alexandrinus)	religious	translit_map
ud_ancient_greek_ptnk_Septuagint-Genesis-24:9-grc	καὶ ἔθηκεν ὁ παῖς τὴν χεῖρα αὐτοῦ ὑπὸ τὸν μηρὸν Ἁβραὰμ τοῦ κυρίου αὐτοῦ καὶ ὤμοσεν αὐτῷ περὶ τοῦ ῥήματος τούτου,	kai̯ etʰɛːken o pai̯s tɛːn kʰeːra au̯tuː ypo ton mɛːron abraam tuː kyriuː au̯tuː kai̯ ɔːmosen au̯tɔː peri tuː rɛːmatos tuːtuː	KAI ETEKEN O PAIS TEN KERA AUTU UPO TON MERON ABRAAM TU KURIU AUTU KAI OMOSEN AUTO PERI TU REMATOS TUTU	ud_ancient_greek_ptnk	4th-5th c. CE (Codex Alexandrinus)	religious	translit_map
ud_ancient_greek_ptnk_Septuagint-Genesis-24:10-grc	καὶ ἔλαβεν ὁ παῖς δέκα καμήλους ἀπὸ τῶν καμήλων τοῦ κυρίου αὐτοῦ καὶ ἀπὸ πάντων τῶν ἀγαθῶν τοῦ κυρίου αὐτοῦ μεθ᾿ ἑαυτοῦ καὶ ἀναστὰς ἐπορεύθη εἰς τὴν Μεσοποταμίαν εἰς τὴν πόλιν Ναχώρ.	kai̯ elaben o pai̯s deka kamɛːluːs apo tɔːn kamɛːlɔːn tuː kyriuː au̯tuː kai̯ apo pantɔːn tɔːn aɡatʰɔːn tuː kyriuː au̯tuː metʰ eau̯tuː kai̯ anastas eporeu̯tʰɛː eːs tɛːn mesopotamian eːs tɛːn polin nakʰɔːr	KAI ELABEN O PAIS DEKA KAMELUS APO TON KAMELON TU KURIU AUTU KAI APO PANTON TON AGATON TU KURIU AUTU MET EAUTU KAI ANASTAS EPOREUTE ES TEN MESOPOTAMIAN ES TEN POLIN NAKOR	ud_ancient_greek_ptnk	4th-5th c. CE (Codex Alexandrinus)	religious	translit_map
ud_ancient_greek_ptnk_Septuagint-Genesis-24:11-grc	καὶ ἐκοίμισεν τὰς καμήλους ἔξω τῆς πόλεως παρὰ τὸ φρέαρ τοῦ ὕδατος τὸ πρὸς ὀψέ, ἡνίκα ἐκπορεύονται αἱ ὑδρευόμεναι.	kai̯ ekoi̯misen tas kamɛːluːs eksɔː tɛːs poleɔːs para to pʰrear tuː ydatos to pros opse ɛːnika ekporeu̯ontai̯ ai̯ ydreu̯omenai̯	KAI EKOIMISEN TAS KAMELUS EKSO TES POLEOS PARA TO PREAR TU UDATOS TO PROS OPSE ENIKA EKPOREUONTAI AI UDREUOMENAI	ud_ancient_greek_ptnk	4th-5th c. CE (Codex Alexandrinus)	religious	translit_map
ud_ancient_greek_ptnk_Septuagint-Genesis-24:12-grc	καὶ εἶπεν κύριε ὁ θεὸς τοῦ κυρίου μου Ἁβραάμ, εὐόδωσον ἐναντίον ἐμοῦ σήμερον καὶ ποίησον ἔλεος μετὰ τοῦ κυρίου μου Ἁβραάμ.	kai̯ eːpen kyrie o tʰeos tuː kyriuː muː abraam eu̯odɔːson enantion emuː sɛːmeron kai̯ poi̯ɛːson eleos meta tuː kyriuː muː abraam	KAI EPEN KURIE O TEOS TU KURIU MU ABRAAM EUODOSON ENANTION EMU SEMERON KAI POIESON ELEOS META TU KURIU MU ABRAAM	ud_ancient_greek_ptnk	4th-5th c. CE (Codex Alexandrinus)	religious	translit_map
ud_ancient_greek_ptnk_Septuagint-Genesis-24:13-grc	ἰδοὺ ἐγὼ ἕστηκα ἐπὶ τῆς πηγῆς τοῦ ὕδατος, αἱ δὲ θυγατέρες τῶν οἰκούντων τὴν πόλιν ἐκπορεύονται ἀντλῆσαι ὕδωρ,	iduː eɡɔː estɛːka epi tɛːs pɛːɡɛːs tuː ydatos ai̯ de tʰyɡateres tɔːn oi̯kuːntɔːn tɛːn polin ekporeu̯ontai̯ antlɛːsai̯ ydɔːr	IDU EGO ESTEKA EPI TES PEGES TU UDATOS AI DE TUGATERES TON OIKUNTON TEN POLIN EKPOREUONTAI ANTLESAI UDOR	ud_ancient_greek_ptnk	4th-5th c. CE (Codex Alexandrinus)	religious	translit_map
ud_ancient_greek_ptnk_Septuagint-Genesis-24:14-grc	καὶ ἔσται ἡ παρθένος, ᾗ ἄν ἐγὼ εἴπω, ἐπίκλινον τὴν ὑδρίαν σου, ἵνα πίω, καὶ εἴπῃ μοι, πίε, καὶ τὰς καμήλους σου ποτιῶ, ἕως ἄν παύσωνται πίνουσαι, ταύτην ἡτοίμασας τῷ παιδί σου Ἰσαάκ, καὶ ἐν τούτῳ γνώσομαι ὅτι ἐποίησας ἔλεος τῷ κυρίῳ μου Ἁβραάμ.	kai̯ estai̯ ɛː partʰenos ɛː an eɡɔː eːpɔː epiklinon tɛːn ydrian suː ina piɔː kai̯ eːpɛː moi̯ pie kai̯ tas kamɛːluːs suː potiɔː eɔːs an pau̯sɔːntai̯ pinuːsai̯ tau̯tɛːn ɛːtoi̯masas tɔː pai̯di suː isaak kai̯ en tuːtɔː ɡnɔːsomai̯ oti epoi̯ɛːsas eleos tɔː kyriɔː muː abraam	KAI ESTAI E PARTENOS E AN EGO EPO EPIKLINON TEN UDRIAN SU INA PIO KAI EPE MOI PIE KAI TAS KAMELUS SU POTIO EOS AN PAUSONTAI PINUSAI TAUTEN ETOIMASAS TO PAIDI SU ISAAK KAI EN TUTO GNOSOMAI OTI EPOIESAS ELEOS TO KURIO MU ABRAAM	ud_ancient_greek_ptnk	4th-5th c. CE (Codex Alexandrinus)	religious	translit_map
ud_ancient_greek_ptnk_Septuagint-Genesis-24:15-grc	καὶ ἐγένετο πρὸ τοῦ συντελέσαι αὐτὸν λαλοῦντα ἐν τῇ διανοίᾳ, καὶ ἰδοὺ Ῥεβέκκα ἐξεπορεύετο ἡ τεχθεῖσα Βαθουὴλ υἱῷ Μελχὰς τῆς γυναικὸς Ναχὼρ ἀδελφοῦ δὲ Ἁβραὰμ ἔχουσα τὴν ὑδρίαν ἐπὶ τῶν ὤμων αὐτῆς.	kai̯ eɡeneto pro tuː syntelesai̯ au̯ton laluːnta en tɛː dianoi̯a kai̯ iduː rebekka ekseporeu̯eto ɛː tekʰtʰeːsa batʰuːɛːl yi̯ɔː melkʰas tɛːs ɡynai̯kos nakʰɔːr adelpʰuː de abraam ekʰuːsa tɛːn ydrian epi tɔːn ɔːmɔːn au̯tɛːs	KAI EGENETO PRO TU SUNTELESAI AUTON LALUNTA EN TE DIANOIA KAI IDU REBEKKA EKSEPOREUETO E TEKTESA BATUEL UIO MELKAS TES GUNAIKOS NAKOR ADELPU DE ABRAAM EKUSA TEN UDRIAN EPI TON OMON AUTES	ud_ancient_greek_ptnk	4th-5th c. CE (Codex Alexandrinus)	religious	translit_map
ud_ancient_greek_ptnk_Septuagint-Genesis-24:16-grc	ἡ δὲ παρθένος ἦν καλὴ τῇ ὄψει σφόδρα· παρθένος ἦν, ἀνὴρ οὐκ ἔγνω αὐτήν. καταβᾶσα δὲ ἐπὶ τὴν πηγὴν ἔπλησεν τὴν ὑδρίαν καὶ ἀνέβη.	ɛː de partʰenos ɛːn kalɛː tɛː opseː spʰodra partʰenos ɛːn anɛːr uːk eɡnɔː au̯tɛːn katabasa de epi tɛːn pɛːɡɛːn eplɛːsen tɛːn ydrian kai̯ anebɛː	E DE PARTENOS EN KALE TE OPSE SPODRA PARTENOS EN ANER UK EGNO AUTEN KATABASA DE EPI TEN PEGEN EPLESEN TEN UDRIAN KAI ANEBE	ud_ancient_greek_ptnk	4th-5th c. CE (Codex Alexandrinus)	religious	translit_map
ud_ancient_greek_ptnk_Septuagint-Genesis-24:17-grc	ἐπέδραμεν δὲ ὁ παῖς εἰς συνάντησιν αὐτῆς καὶ εἶπεν, πότισόν με μικρὸν ὕδωρ ἐκ τῆς ὑδρίας σου.	epedramen de o pai̯s eːs synantɛːsin au̯tɛːs kai̯ eːpen potison me mikron ydɔːr ek tɛːs ydrias suː	EPEDRAMEN DE O PAIS ES SUNANTESIN AUTES KAI EPEN POTISON ME MIKRON UDOR EK TES UDRIAS SU	ud_ancient_greek_ptnk	4th-5th c. CE (Codex Alexandrinus)	religious	translit_map
ud_ancient_greek_ptnk_Septuagint-Genesis-24:18-grc	ἡ δὲ εἶπεν, πίε, κύριε. καὶ ἔσπευσεν καὶ καθεῖλεν τὴν ὑδρίαν ἐπὶ τὸν βραχίονα αὐτῆς καὶ ἐπότισεν αὐτόν,	ɛː de eːpen pie kyrie kai̯ espeu̯sen kai̯ katʰeːlen tɛːn ydrian epi ton brakʰiona au̯tɛːs kai̯ epotisen au̯ton	E DE EPEN PIE KURIE KAI ESPEUSEN KAI KATELEN TEN UDRIAN EPI TON BRAKIONA AUTES KAI EPOTISEN AUTON	ud_ancient_greek_ptnk	4th-5th c. CE (Codex Alexandrinus)	religious	translit_map
ud_ancient_greek_ptnk_Septuagint-Genesis-24:19-grc	ἕως ἐπαύσατο πίνων. καὶ εἶπεν, καὶ ταῖς καμήλοις σου ὑδρεύσομαι, ἕως ἄν πᾶσαι πίωσιν.	eɔːs epau̯sato pinɔːn kai̯ eːpen kai̯ tai̯s kamɛːloi̯s suː ydreu̯somai̯ eɔːs an pasai̯ piɔːsin	EOS EPAUSATO PINON KAI EPEN KAI TAIS KAMELOIS SU UDREUSOMAI EOS AN PASAI PIOSIN	ud_ancient_greek_ptnk	4th-5th c. CE (Codex Alexandrinus)	religious	translit_map
ud_ancient_greek_ptnk_Septuagint-Genesis-24:20-grc	καὶ ἔσπευσεν καὶ ἐξεκένωσεν τὴν ὑδρίαν εἰς τὸ ποτιστήριον καὶ ἔδραμεν ἔτι ἐπὶ τὸ φρέαρ ἀντλῆσαι καὶ ὑδρεύσατο πάσαις ταῖς καμήλοις.	kai̯ espeu̯sen kai̯ eksekenɔːsen tɛːn ydrian eːs to potistɛːrion kai̯ edramen eti epi to pʰrear antlɛːsai̯ kai̯ ydreu̯sato pasai̯s tai̯s kamɛːloi̯s	KAI ESPEUSEN KAI EKSEKENOSEN TEN UDRIAN ES TO POTISTERION KAI EDRAMEN ETI EPI TO PREAR ANTLESAI KAI UDREUSATO PASAIS TAIS KAMELOIS	ud_ancient_greek_ptnk	4th-5th c. CE (Codex Alexandrinus)	religious	translit_map
ud_ancient_greek_ptnk_Septuagint-Genesis-24:21-grc	ὁ δὲ ἄνθρωπος κατεμάνθανεν αὐτὴν καὶ παρεσιώπα τοῦ γνῶναι εἰ εὐόδωκεν κύριος τὴν ὁδὸν αὐτοῦ ἢ οὔ.	o de antʰrɔːpos katemantʰanen au̯tɛːn kai̯ paresiɔːpa tuː ɡnɔːnai̯ eː eu̯odɔːken kyrios tɛːn odon au̯tuː ɛː uː	O DE ANTROPOS KATEMANTANEN AUTEN KAI PARESIOPA TU GNONAI E EUODOKEN KURIOS TEN ODON AUTU E U	ud_ancient_greek_ptnk	4th-5th c. CE (Codex Alexandrinus)	religious	translit_map
ud_ancient_greek_ptnk_Septuagint-Genesis-24:22-grc	ἐγένετο δὲ ἡνίκα ἐπαύσαντο πᾶσαι αἱ κάμηλοι πίνουσαι, ἔλαβεν ὁ ἄνθρωπος ἐνώτια χρυσᾶ ἀνὰ δραχμὴν ὁλκῆς καὶ δύο ψέλια ἐπὶ τὰς χεῖρας αὐτῆς, δέκα χρυσῶν ὁλκὴ αὐτῶν.	eɡeneto de ɛːnika epau̯santo pasai̯ ai̯ kamɛːloi̯ pinuːsai̯ elaben o antʰrɔːpos enɔːtia kʰrysa ana drakʰmɛːn olkɛːs kai̯ dyo pselia epi tas kʰeːras au̯tɛːs deka kʰrysɔːn olkɛː au̯tɔːn	EGENETO DE ENIKA EPAUSANTO PASAI AI KAMELOI PINUSAI ELABEN O ANTROPOS ENOTIA KRUSA ANA DRAKMEN OLKES KAI DUO PSELIA EPI TAS KERAS AUTES DEKA KRUSON OLKE AUTON	ud_ancient_greek_ptnk	4th-5th c. CE (Codex Alexandrinus)	religious	translit_map
ud_ancient_greek_ptnk_Septuagint-Genesis-24:23-grc	καὶ ἐπηρώτησεν αὐτὴν καὶ εἶπεν, θυγάτηρ τίνος εἶ; ἀνάγγειλόν μοι· εἰ ἔστιν παρὰ τῷ πατρί σου τόπος ἡμῖν καταλῦσαι;	kai̯ epɛːrɔːtɛːsen au̯tɛːn kai̯ eːpen tʰyɡatɛːr tinos eː anaŋɡeːlon moi̯ eː estin para tɔː patri suː topos ɛːmin katalysai̯	KAI EPEROTESEN AUTEN KAI EPEN TUGATER TINOS E ANANGELON MOI E ESTIN PARA TO PATRI SU TOPOS EMIN KATALUSAI	ud_ancient_greek_ptnk	4th-5th c. CE (Codex Alexandrinus)	religious	translit_map
ud_ancient_greek_ptnk_Septuagint-Genesis-24:24-grc	καὶ εἶπεν αὐτῷ, θυγάτηρ Βαθουὴλ εἰμὶ ἐγὼ τοῦ Μελχάς, ὃν ἔτεκεν τῷ Ναχώρ.	kai̯ eːpen au̯tɔː tʰyɡatɛːr batʰuːɛːl eːmi eɡɔː tuː melkʰas on eteken tɔː nakʰɔːr	KAI EPEN AUTO TUGATER BATUEL EMI EGO TU MELKAS ON ETEKEN TO NAKOR	ud_ancient_greek_ptnk	4th-5th c. CE (Codex Alexandrinus)	religious	translit_map
ud_ancient_greek_ptnk_Septuagint-Genesis-24:25-grc	καὶ εἶπεν αὐτῷ, καὶ ἄχυρα καὶ χορτάσματα πολλὰ παρ᾿ ἡμῖν καὶ τόπος τοῦ καταλῦσαι.	kai̯ eːpen au̯tɔː kai̯ akʰyra kai̯ kʰortasmata polla par ɛːmin kai̯ topos tuː katalysai̯	KAI EPEN AUTO KAI AKURA KAI KORTASMATA POLLA PAR EMIN KAI TOPOS TU KATALUSAI	ud_ancient_greek_ptnk	4th-5th c. CE (Codex Alexandrinus)	religious	translit_map
ud_ancient_greek_ptnk_Septuagint-Genesis-24:26-grc	καὶ εὐδοκήσας ὁ ἄνθρωπος προσεκύνησεν κυρίῳ	kai̯ eu̯dokɛːsas o antʰrɔːpos prosekynɛːsen kyriɔː	KAI EUDOKESAS O ANTROPOS PROSEKUNESEN KURIO	ud_ancient_greek_ptnk	4th-5th c. CE (Codex Alexandrinus)	religious	translit_map
ud_ancient_greek_ptnk_Septuagint-Genesis-24:27-grc	καὶ εἶπεν, εὐλογητὸς κύριος ὁ θεὸς τοῦ κυρίου μου Ἁβραάμ, ὃς οὐκ ἐγκατέλιπεν τὴν δικαιοσύνην αὐτοῦ καὶ τὴν ἀλήθειαν ἀπὸ τοῦ κυρίου μου· ἐμὲ εὐόδωκεν κύριος εἰς οἶκον τοῦ ἀδελφοῦ τοῦ κυρίου μου.	kai̯ eːpen eu̯loɡɛːtos kyrios o tʰeos tuː kyriuː muː abraam os uːk eŋkatelipen tɛːn dikai̯osynɛːn au̯tuː kai̯ tɛːn alɛːtʰeːan apo tuː kyriuː muː eme eu̯odɔːken kyrios eːs oi̯kon tuː adelpʰuː tuː kyriuː muː	KAI EPEN EULOGETOS KURIOS O TEOS TU KURIU MU ABRAAM OS UK ENKATELIPEN TEN DIKAIOSUNEN AUTU KAI TEN ALETEAN APO TU KURIU MU EME EUODOKEN KURIOS ES OIKON TU ADELPU TU KURIU MU	ud_ancient_greek_ptnk	4th-5th c. CE (Codex Alexandrinus)	religious	translit_map
ud_ancient_greek_ptnk_Septuagint-Genesis-24:28-grc	καὶ δραμοῦσα ἡ παῖς ἀπήγγειλεν εἰς τὸν οἶκον τῆς μητρὸς αὐτῆς κατὰ τὰ ῥήματα ταῦτα.	kai̯ dramuːsa ɛː pai̯s apɛːŋɡeːlen eːs ton oi̯kon tɛːs mɛːtros au̯tɛːs kata ta rɛːmata tau̯ta	KAI DRAMUSA E PAIS APENGELEN ES TON OIKON TES METROS AUTES KATA TA REMATA TAUTA	ud_ancient_greek_ptnk	4th-5th c. CE (Codex Alexandrinus)	religious	translit_map
ud_ancient_greek_ptnk_Septuagint-Genesis-24:29-grc	τῇ δὲ Ῥεβέκκα ἀδελφὸς ἦν, ᾧ ὄνομα Λαβάν· καὶ ἔδραμεν Λαβὰν πρὸς τὸν ἄνθρωπον ἔξω ἐπὶ τὴν πηγήν.	tɛː de rebekka adelpʰos ɛːn ɔː onoma laban kai̯ edramen laban pros ton antʰrɔːpon eksɔː epi tɛːn pɛːɡɛːn	TE DE REBEKKA ADELPOS EN O ONOMA LABAN KAI EDRAMEN LABAN PROS TON ANTROPON EKSO EPI TEN PEGEN	ud_ancient_greek_ptnk	4th-5th c. CE (Codex Alexandrinus)	religious	translit_map
ud_ancient_greek_ptnk_Septuagint-Genesis-24:30-grc	καὶ ἐγένετο ἡνίκα εἶδεν τὰ ἐνώτια καὶ τὰ ψέλια ἐπὶ τὰς χεῖρας τῆς ἀδελφῆς αὐτοῦ καὶ ὅτε ἤκουσεν τὰ ῥήματα Ῥεβέκκας τῆς ἀδελφῆς αὐτοῦ λεγούσης, οὕτως λελάληκέν μοι ὁ ἄνθρωπος, καὶ ἦλθεν πρὸς τὸν ἄνθρωπον ἑστηκότος αὐτοῦ ἐπὶ τῶν καμήλων ἐπὶ τῆς πηγῆς	kai̯ eɡeneto ɛːnika eːden ta enɔːtia kai̯ ta pselia epi tas kʰeːras tɛːs adelpʰɛːs au̯tuː kai̯ ote ɛːkuːsen ta rɛːmata rebekkas tɛːs adelpʰɛːs au̯tuː leɡuːsɛːs uːtɔːs lelalɛːken moi̯ o antʰrɔːpos kai̯ ɛːltʰen pros ton antʰrɔːpon estɛːkotos au̯tuː epi tɔːn kamɛːlɔːn epi tɛːs pɛːɡɛːs	KAI EGENETO ENIKA EDEN TA ENOTIA KAI TA PSELIA EPI TAS KERAS TES ADELPES AUTU KAI OTE EKUSEN TA REMATA REBEKKAS TES ADELPES AUTU LEGUSES UTOS LELALEKEN MOI O ANTROPOS KAI ELTEN PROS TON ANTROPON ESTEKOTOS AUTU EPI TON KAMELON EPI TES PEGES	ud_ancient_greek_ptnk	4th-5th c. CE (Codex Alexandrinus)	religious	translit_map
ud_ancient_greek_ptnk_Septuagint-Genesis-24:31-grc	καὶ εἶπεν αὐτῷ, δεῦρο εἴσελθε· εὐλογητὸς κύριος· ἵνα τί ἕστηκας ἔξω; ἐγὼ δὲ ἡτοίμακα τὴν οἰκίαν καὶ τόπον ταῖς καμήλοις.	kai̯ eːpen au̯tɔː deu̯ro eːseltʰe eu̯loɡɛːtos kyrios ina ti estɛːkas eksɔː eɡɔː de ɛːtoi̯maka tɛːn oi̯kian kai̯ topon tai̯s kamɛːloi̯s	KAI EPEN AUTO DEURO ESELTE EULOGETOS KURIOS INA TI ESTEKAS EKSO EGO DE ETOIMAKA TEN OIKIAN KAI TOPON TAIS KAMELOIS	ud_ancient_greek_ptnk	4th-5th c. CE (Codex Alexandrinus)	religious	translit_map
ud_ancient_greek_ptnk_Septuagint-Genesis-24:32-grc	εἰσῆλθεν δὲ ὁ ἄνθρωπος εἰς τὴν οἰκίαν καὶ ἀπέσαξεν τὰς καμήλους. καὶ ἔδωκεν ἄχυρα καὶ χορτάσματα ταῖς καμήλοις καὶ ὕδωρ νίψασθαι τοῖς ποσίν αὐτοῦ καὶ τοῖς ποσίν τῶν ἀνδρῶν τῶν μετ᾿ αὐτοῦ.	eːsɛːltʰen de o antʰrɔːpos eːs tɛːn oi̯kian kai̯ apesaksen tas kamɛːluːs kai̯ edɔːken akʰyra kai̯ kʰortasmata tai̯s kamɛːloi̯s kai̯ ydɔːr nipsastʰai̯ toi̯s posin au̯tuː kai̯ toi̯s posin tɔːn andrɔːn tɔːn met au̯tuː	ESELTEN DE O ANTROPOS ES TEN OIKIAN KAI APESAKSEN TAS KAMELUS KAI EDOKEN AKURA KAI KORTASMATA TAIS KAMELOIS KAI UDOR NIPSASTAI TOIS POSIN AUTU KAI TOIS POSIN TON ANDRON TON MET AUTU	ud_ancient_greek_ptnk	4th-5th c. CE (Codex Alexandrinus)	religious	translit_map
ud_ancient_greek_ptnk_Septuagint-Genesis-24:33-grc	καὶ παρέθηκεν αὐτοῖς ἄρτους φαγεῖν. καὶ εἶπεν, οὐ μὴ φάγω ἕως τοῦ λαλῆσαί με τὰ ῥήματά μου. καὶ εἶπαν λάλησον.	kai̯ paretʰɛːken au̯toi̯s artuːs pʰaɡeːn kai̯ eːpen uː mɛː pʰaɡɔː eɔːs tuː lalɛːsai̯ me ta rɛːmata muː kai̯ eːpan lalɛːson	KAI PARETEKEN AUTOIS ARTUS PAGEN KAI EPEN U ME PAGO EOS TU LALESAI ME TA REMATA MU KAI EPAN LALESON	ud_ancient_greek_ptnk	4th-5th c. CE (Codex Alexandrinus)	religious	translit_map
ud_ancient_greek_ptnk_Septuagint-Genesis-24:34-grc	καὶ εἶπεν, παῖς Ἁβραὰμ ἐγώ εἰμι.	kai̯ eːpen pai̯s abraam eɡɔː eːmi	KAI EPEN PAIS ABRAAM EGO EMI	ud_ancient_greek_ptnk	4th-5th c. CE (Codex Alexandrinus)	religious	translit_map
ud_ancient_greek_ptnk_Septuagint-Genesis-24:35-grc	κύριος δὲ εὐλόγησεν τὸν κύριόν μου σφόδρα, καὶ ὑψώθη· καὶ ἔδωκεν αὐτῷ πρόβατα καὶ μόσχους, ἀργύριον καὶ χρυσίον, παῖδας καὶ παιδίσκας, καμήλους καὶ ὄνους.	kyrios de eu̯loɡɛːsen ton kyrion muː spʰodra kai̯ ypsɔːtʰɛː kai̯ edɔːken au̯tɔː probata kai̯ moskʰuːs arɡyrion kai̯ kʰrysion pai̯das kai̯ pai̯diskas kamɛːluːs kai̯ onuːs	KURIOS DE EULOGESEN TON KURION MU SPODRA KAI UPSOTE KAI EDOKEN AUTO PROBATA KAI MOSKUS ARGURION KAI KRUSION PAIDAS KAI PAIDISKAS KAMELUS KAI ONUS	ud_ancient_greek_ptnk	4th-5th c. CE (Codex Alexandrinus)	religious	translit_map
ud_ancient_greek_ptnk_Septuagint-Genesis-24:36-grc	καὶ ἔτεκεν Σάρρα ἡ γυνὴ τοῦ κυρίου μου υἱὸν ἕνα τῷ κυρίῳ μου μετὰ τὸ γηρᾶσαι αὐτόν, καὶ ἔδωκεν αὐτῷ ὅσα ἦν αὐτῷ.	kai̯ eteken sarra ɛː ɡynɛː tuː kyriuː muː yi̯on ena tɔː kyriɔː muː meta to ɡɛːrasai̯ au̯ton kai̯ edɔːken au̯tɔː osa ɛːn au̯tɔː	KAI ETEKEN SARRA E GUNE TU KURIU MU UION ENA TO KURIO MU META TO GERASAI AUTON KAI EDOKEN AUTO OSA EN AUTO	ud_ancient_greek_ptnk	4th-5th c. CE (Codex Alexandrinus)	religious	translit_map
ud_ancient_greek_ptnk_Septuagint-Genesis-24:37-grc	καὶ ὥρκισέν με ὁ κύριός μου λέγων, οὐ λήμψῃ γυναῖκα τῷ υἱῷ μου ἀπὸ τῶν θυγατέρων τῶν Χαναναίων, ἐν οἷς ἐγὼ παροικῶ ἐν τῇ γῇ αὐτῶν,	kai̯ ɔːrkisen me o kyrios muː leɡɔːn uː lɛːmpsɛː ɡynai̯ka tɔː yi̯ɔː muː apo tɔːn tʰyɡaterɔːn tɔːn kʰananai̯ɔːn en oi̯s eɡɔː paroi̯kɔː en tɛː ɡɛː au̯tɔːn	KAI ORKISEN ME O KURIOS MU LEGON U LEMPSE GUNAIKA TO UIO MU APO TON TUGATERON TON KANANAION EN OIS EGO PAROIKO EN TE GE AUTON	ud_ancient_greek_ptnk	4th-5th c. CE (Codex Alexandrinus)	religious	translit_map
ud_ancient_greek_ptnk_Septuagint-Genesis-24:38-grc	ἀλλ᾿ ἢ εἰς τὸν οἶκον τοῦ πατρός μου πορεύσῃ καὶ εἰς τὴν φυλήν μου καὶ λήμψῃ γυναῖκα τῷ υἱῷ μου ἐκεῖθεν.	all ɛː eːs ton oi̯kon tuː patros muː poreu̯sɛː kai̯ eːs tɛːn pʰylɛːn muː kai̯ lɛːmpsɛː ɡynai̯ka tɔː yi̯ɔː muː ekeːtʰen	ALL E ES TON OIKON TU PATROS MU POREUSE KAI ES TEN PULEN MU KAI LEMPSE GUNAIKA TO UIO MU EKETEN	ud_ancient_greek_ptnk	4th-5th c. CE (Codex Alexandrinus)	religious	translit_map
ud_ancient_greek_ptnk_Septuagint-Genesis-24:39-grc	εἶπα δὲ τῷ κυρίῳ μου, μήποτε οὐ πορεύσεται ἡ γυνὴ μετ᾿ ἐμοῦ.	eːpa de tɔː kyriɔː muː mɛːpote uː poreu̯setai̯ ɛː ɡynɛː met emuː	EPA DE TO KURIO MU MEPOTE U POREUSETAI E GUNE MET EMU	ud_ancient_greek_ptnk	4th-5th c. CE (Codex Alexandrinus)	religious	translit_map
ud_ancient_greek_ptnk_Septuagint-Genesis-24:40-grc	καὶ εἶπέν μοι κύριος, ᾧ εὐηρέστησα ἐναντίον αὐτοῦ, αὐτὸς ἀποστελεῖ τὸν ἄγγελον αὐτοῦ μετὰ σου καὶ εὐοδώσει τὴν ὁδόν σου, καὶ λήμψῃ γυναῖκα τῷ υἱῷ μου ἐκ τῆς φυλῆς μου καὶ ἐκ τοῦ οἴκου τοῦ πατρός μου.	kai̯ eːpen moi̯ kyrios ɔː eu̯ɛːrestɛːsa enantion au̯tuː au̯tos aposteleː ton aŋɡelon au̯tuː meta suː kai̯ eu̯odɔːseː tɛːn odon suː kai̯ lɛːmpsɛː ɡynai̯ka tɔː yi̯ɔː muː ek tɛːs pʰylɛːs muː kai̯ ek tuː oi̯kuː tuː patros muː	KAI EPEN MOI KURIOS O EUERESTESA ENANTION AUTU AUTOS APOSTELE TON ANGELON AUTU META SU KAI EUODOSE TEN ODON SU KAI LEMPSE GUNAIKA TO UIO MU EK TES PULES MU KAI EK TU OIKU TU PATROS MU	ud_ancient_greek_ptnk	4th-5th c. CE (Codex Alexandrinus)	religious	translit_map
ud_ancient_greek_ptnk_Septuagint-Genesis-24:41-grc	τότε ἀθῷος ἔσῃ ἀπὸ τῆς ἀρᾶς μου· ἡνίκα γὰρ ἐὰν ἔλθῃς εἰς τὴν ἐμὴν φυλὴν καὶ μή σοί δῶσιν, καὶ ἔσῃ ἀθῷος ἀπὸ τοῦ ὁρκισμοῦ μου.	tote atʰɔːos esɛː apo tɛːs aras muː ɛːnika ɡar ean eltʰɛːs eːs tɛːn emɛːn pʰylɛːn kai̯ mɛː soi̯ dɔːsin kai̯ esɛː atʰɔːos apo tuː orkismuː muː	TOTE ATOOS ESE APO TES ARAS MU ENIKA GAR EAN ELTES ES TEN EMEN PULEN KAI ME SOI DOSIN KAI ESE ATOOS APO TU ORKISMU MU	ud_ancient_greek_ptnk	4th-5th c. CE (Codex Alexandrinus)	religious	translit_map
ud_ancient_greek_ptnk_Septuagint-Genesis-24:42-grc	καὶ ἐλθὼν σήμερον ἐπὶ τὴν πηγὴν εἶπα, κύριε ὁ θεὸς τοῦ κυρίου μου Ἁβραάμ, εἰ σὺ εὐοδοῖς τὴν ὁδόν μου, ἣν νῦν ἐγὼ πορεύομαι ἐπ᾿ αὐτήν,	kai̯ eltʰɔːn sɛːmeron epi tɛːn pɛːɡɛːn eːpa kyrie o tʰeos tuː kyriuː muː abraam eː sy eu̯odoi̯s tɛːn odon muː ɛːn nyn eɡɔː poreu̯omai̯ ep au̯tɛːn	KAI ELTON SEMERON EPI TEN PEGEN EPA KURIE O TEOS TU KURIU MU ABRAAM E SU EUODOIS TEN ODON MU EN NUN EGO POREUOMAI EP AUTEN	ud_ancient_greek_ptnk	4th-5th c. CE (Codex Alexandrinus)	religious	translit_map
ud_ancient_greek_ptnk_Septuagint-Genesis-24:43-grc	ἰδοὺ ἐγὼ ἐφέστηκα ἐπὶ τῆς πηγῆς τοῦ ὕδατος, καὶ αἱ θυγατέρες τῶν ἀνθρώπων τῆς πόλεως ἐξελεύσονται ὑδρεύσασθαι ὕδωρ, καὶ ἔσται ἡ παρθένος, ᾗ ἄν ἐγὼ εἴπω, πότισόν με μικρὸν ὕδωρ ἐκ τῆς ὑδρίας σου,	iduː eɡɔː epʰestɛːka epi tɛːs pɛːɡɛːs tuː ydatos kai̯ ai̯ tʰyɡateres tɔːn antʰrɔːpɔːn tɛːs poleɔːs ekseleu̯sontai̯ ydreu̯sastʰai̯ ydɔːr kai̯ estai̯ ɛː partʰenos ɛː an eɡɔː eːpɔː potison me mikron ydɔːr ek tɛːs ydrias suː	IDU EGO EPESTEKA EPI TES PEGES TU UDATOS KAI AI TUGATERES TON ANTROPON TES POLEOS EKSELEUSONTAI UDREUSASTAI UDOR KAI ESTAI E PARTENOS E AN EGO EPO POTISON ME MIKRON UDOR EK TES UDRIAS SU	ud_ancient_greek_ptnk	4th-5th c. CE (Codex Alexandrinus)	religious	translit_map
ud_ancient_greek_ptnk_Septuagint-Genesis-24:44-grc	καὶ εἴπῃ μοι, καὶ σὺ πίε, καὶ ταῖς καμήλοις σου ὑδρεύσομαι, αὕτη ἡ γυνή, ἣν ἡτοίμασεν κύριος τῷ ἑαυτοῦ θεράποντι Ἰσαάκ, καὶ ἐν τούτῳ γνώσομαι ὅτι πεποίηκας ἔλεος τῷ κυρίῳ μου Ἁβραάμ.	kai̯ eːpɛː moi̯ kai̯ sy pie kai̯ tai̯s kamɛːloi̯s suː ydreu̯somai̯ au̯tɛː ɛː ɡynɛː ɛːn ɛːtoi̯masen kyrios tɔː eau̯tuː tʰeraponti isaak kai̯ en tuːtɔː ɡnɔːsomai̯ oti pepoi̯ɛːkas eleos tɔː kyriɔː muː abraam	KAI EPE MOI KAI SU PIE KAI TAIS KAMELOIS SU UDREUSOMAI AUTE E GUNE EN ETOIMASEN KURIOS TO EAUTU TERAPONTI ISAAK KAI EN TUTO GNOSOMAI OTI PEPOIEKAS ELEOS TO KURIO MU ABRAAM	ud_ancient_greek_ptnk	4th-5th c. CE (Codex Alexandrinus)	religious	translit_map
ud_ancient_greek_ptnk_Septuagint-Genesis-24:45-grc	καὶ ἐγένετο πρὸ τοῦ συντελέσαι με λαλοῦντα ἐν τῇ διανοίᾳ εὐθὺς Ῥεβέκκα ἐξεπορεύετο ἔχουσα τὴν ὑδρίαν ἐπὶ τῶν ὤμων καὶ κατέβη ἐπὶ τὴν πηγὴν καὶ ὑδρεύσατο. εἶπα δὲ αὐτῇ, πότισόν με.	kai̯ eɡeneto pro tuː syntelesai̯ me laluːnta en tɛː dianoi̯a eu̯tʰys rebekka ekseporeu̯eto ekʰuːsa tɛːn ydrian epi tɔːn ɔːmɔːn kai̯ katebɛː epi tɛːn pɛːɡɛːn kai̯ ydreu̯sato eːpa de au̯tɛː potison me	KAI EGENETO PRO TU SUNTELESAI ME LALUNTA EN TE DIANOIA EUTUS REBEKKA EKSEPOREUETO EKUSA TEN UDRIAN EPI TON OMON KAI KATEBE EPI TEN PEGEN KAI UDREUSATO EPA DE AUTE POTISON ME	ud_ancient_greek_ptnk	4th-5th c. CE (Codex Alexandrinus)	religious	translit_map
ud_ancient_greek_ptnk_Septuagint-Genesis-24:46-grc	καὶ σπεύσασα καθεῖλεν τὴν ὑδρίαν αὐτῆς ἀφ᾿ ἑαυτῆς καὶ εἶπεν, πίε σύ, καὶ τὰς καμήλους σου ποτιῶ. καὶ ἔπιον, καὶ τὰς καμήλους μου ἐπότισεν.	kai̯ speu̯sasa katʰeːlen tɛːn ydrian au̯tɛːs apʰ eau̯tɛːs kai̯ eːpen pie sy kai̯ tas kamɛːluːs suː potiɔː kai̯ epion kai̯ tas kamɛːluːs muː epotisen	KAI SPEUSASA KATELEN TEN UDRIAN AUTES AP EAUTES KAI EPEN PIE SU KAI TAS KAMELUS SU POTIO KAI EPION KAI TAS KAMELUS MU EPOTISEN	ud_ancient_greek_ptnk	4th-5th c. CE (Codex Alexandrinus)	religious	translit_map
ud_ancient_greek_ptnk_Septuagint-Genesis-24:47-grc	καὶ ἠρώτησα αὐτὴν καὶ εἶπα, τίνος εἶ θυγάτηρ ἡ δὲ ἔφη θυγάτηρ; Βαθουὴλ εἰμὶ τοῦ υἱοῦ Ναχώρ, ὃν ἔτεκεν αὐτῷ Μελχά. καὶ περιέθηκα αὐτῇ τὰ ἐνώτια καὶ τὰ ψέλια περὶ τὰς χεῖρας αὐτῆς·	kai̯ ɛːrɔːtɛːsa au̯tɛːn kai̯ eːpa tinos eː tʰyɡatɛːr ɛː de epʰɛː tʰyɡatɛːr batʰuːɛːl eːmi tuː yi̯uː nakʰɔːr on eteken au̯tɔː melkʰa kai̯ perietʰɛːka au̯tɛː ta enɔːtia kai̯ ta pselia peri tas kʰeːras au̯tɛːs	KAI EROTESA AUTEN KAI EPA TINOS E TUGATER E DE EPE TUGATER BATUEL EMI TU UIU NAKOR ON ETEKEN AUTO MELKA KAI PERIETEKA AUTE TA ENOTIA KAI TA PSELIA PERI TAS KERAS AUTES	ud_ancient_greek_ptnk	4th-5th c. CE (Codex Alexandrinus)	religious	translit_map
ud_ancient_greek_ptnk_Septuagint-Genesis-24:48-grc	καὶ εὐδοκήσας προσεκύνησα κυρίῳ καὶ εὐλόγησα κύριον τὸν θεὸν τοῦ κυρίου μου Ἁβραάμ, ὃς εὐόδωσέν μοι ἐν ὁδῷ ἀληθείας λαβεῖν τὴν θυγατέρα τοῦ ἀδελφοῦ τοῦ κυρίου μου τῷ υἱῷ αὐτοῦ.	kai̯ eu̯dokɛːsas prosekynɛːsa kyriɔː kai̯ eu̯loɡɛːsa kyrion ton tʰeon tuː kyriuː muː abraam os eu̯odɔːsen moi̯ en odɔː alɛːtʰeːas labeːn tɛːn tʰyɡatera tuː adelpʰuː tuː kyriuː muː tɔː yi̯ɔː au̯tuː	KAI EUDOKESAS PROSEKUNESA KURIO KAI EULOGESA KURION TON TEON TU KURIU MU ABRAAM OS EUODOSEN MOI EN ODO ALETEAS LABEN TEN TUGATERA TU ADELPU TU KURIU MU TO UIO AUTU	ud_ancient_greek_ptnk	4th-5th c. CE (Codex Alexandrinus)	religious	translit_map
ud_ancient_greek_ptnk_Septuagint-Genesis-24:49-grc	εἰ οὖν ποιεῖτε ὑμεῖς ἔλεος καὶ δικαιοσύνην πρὸς τὸν κύριόν μου, ἀπαγγείλατε μοι, εἰ δὲ μή, ἀπαγγείλατε μοι, ἵνα ἐπιστρέψω εἰς δεξιὰν ἢ εἰς ἀριστεράν.	eː uːn poi̯eːte ymeːs eleos kai̯ dikai̯osynɛːn pros ton kyrion muː apaŋɡeːlate moi̯ eː de mɛː apaŋɡeːlate moi̯ ina epistrepsɔː eːs deksian ɛː eːs aristeran	E UN POIETE UMES ELEOS KAI DIKAIOSUNEN PROS TON KURION MU APANGELATE MOI E DE ME APANGELATE MOI INA EPISTREPSO ES DEKSIAN E ES ARISTERAN	ud_ancient_greek_ptnk	4th-5th c. CE (Codex Alexandrinus)	religious	translit_map
ud_ancient_greek_ptnk_Septuagint-Genesis-24:50-grc	ἀποκριθεὶς δὲ Λαβὰν καὶ Βαθουὴλ εἶπαν, παρὰ κυρίου ἐξῆλθεν τὸ πρόσταγμα τοῦτο· οὐ δυνησόμεθα οὖν σοί ἀντειπεῖν κακὸν καλῷ.	apokritʰeːs de laban kai̯ batʰuːɛːl eːpan para kyriuː eksɛːltʰen to prostaɡma tuːto uː dynɛːsometʰa uːn soi̯ anteːpeːn kakon kalɔː	APOKRITES DE LABAN KAI BATUEL EPAN PARA KURIU EKSELTEN TO PROSTAGMA TUTO U DUNESOMETA UN SOI ANTEPEN KAKON KALO	ud_ancient_greek_ptnk	4th-5th c. CE (Codex Alexandrinus)	religious	translit_map
ud_ancient_greek_ptnk_Septuagint-Genesis-24:51-grc	ἰδοὺ Ῥεβέκκα ἐνώπιόν σου· λαβὼν ἀπότρεχε, καὶ ἔστω γυνὴ τῷ υἱῷ τοῦ κυρίου σου, καθὰ ἐλάλησεν κύριος.	iduː rebekka enɔːpion suː labɔːn apotrekʰe kai̯ estɔː ɡynɛː tɔː yi̯ɔː tuː kyriuː suː katʰa elalɛːsen kyrios	IDU REBEKKA ENOPION SU LABON APOTREKE KAI ESTO GUNE TO UIO TU KURIU SU KATA ELALESEN KURIOS	ud_ancient_greek_ptnk	4th-5th c. CE (Codex Alexandrinus)	religious	translit_map
ud_ancient_greek_ptnk_Septuagint-Genesis-24:52-grc	ἐγένετο δὲ ἐν τῷ ἀκοῦσαι τὸν παῖδα τὸν Ἁβραὰμ τῶν ῥημάτων τούτων προσεκύνησεν ἐπὶ τὴν γῆν κυρίῳ.	eɡeneto de en tɔː akuːsai̯ ton pai̯da ton abraam tɔːn rɛːmatɔːn tuːtɔːn prosekynɛːsen epi tɛːn ɡɛːn kyriɔː	EGENETO DE EN TO AKUSAI TON PAIDA TON ABRAAM TON REMATON TUTON PROSEKUNESEN EPI TEN GEN KURIO	ud_ancient_greek_ptnk	4th-5th c. CE (Codex Alexandrinus)	religious	translit_map
ud_ancient_greek_ptnk_Septuagint-Genesis-24:53-grc	καὶ ἐξενέγκας ὁ παῖς σκεύη ἀργυρᾶ καὶ χρυσᾶ καὶ ἱματισμὸν ἔδωκεν Ῥεβέκκα καὶ δῶρα ἔδωκεν τῷ ἀδελφῷ αὐτῆς καὶ τῇ μητρὶ αὐτῆς.	kai̯ ekseneŋkas o pai̯s skeu̯ɛː arɡyra kai̯ kʰrysa kai̯ imatismon edɔːken rebekka kai̯ dɔːra edɔːken tɔː adelpʰɔː au̯tɛːs kai̯ tɛː mɛːtri au̯tɛːs	KAI EKSENENKAS O PAIS SKEUE ARGURA KAI KRUSA KAI IMATISMON EDOKEN REBEKKA KAI DORA EDOKEN TO ADELPO AUTES KAI TE METRI AUTES	ud_ancient_greek_ptnk	4th-5th c. CE (Codex Alexandrinus)	religious	translit_map
ud_ancient_greek_ptnk_Septuagint-Genesis-24:54-grc	καὶ ἔφαγον καὶ ἔπιον, αὐτὸς καὶ οἱ ἄνδρες οἱ μετ᾿ αὐτοῦ ὄντες, καὶ ἐκοιμήθησαν. καὶ ἀναστὰς πρωῒ εἶπεν, ἐκπέμψατέ με, ἵνα ἀπέλθω πρὸς τὸν κύριόν μου.	kai̯ epʰaɡon kai̯ epion au̯tos kai̯ oi̯ andres oi̯ met au̯tuː ontes kai̯ ekoi̯mɛːtʰɛːsan kai̯ anastas prɔːi̯ eːpen ekpempsate me ina apeltʰɔː pros ton kyrion muː	KAI EPAGON KAI EPION AUTOS KAI OI ANDRES OI MET AUTU ONTES KAI EKOIMETESAN KAI ANASTAS PROI EPEN EKPEMPSATE ME INA APELTO PROS TON KURION MU	ud_ancient_greek_ptnk	4th-5th c. CE (Codex Alexandrinus)	religious	translit_map
ud_ancient_greek_ptnk_Septuagint-Genesis-24:55-grc	εἶπαν δὲ οἱ ἀδελφοὶ αὐτῆς καὶ ἡ μήτηρ, μεινάτω ἡ παρθένος μεθ᾿ ἡμῶν ἡμέρας ὡσεὶ δέκα καὶ μετὰ ταῦτα ἀπελεύσεται.	eːpan de oi̯ adelpʰoi̯ au̯tɛːs kai̯ ɛː mɛːtɛːr meːnatɔː ɛː partʰenos metʰ ɛːmɔːn ɛːmeras ɔːseː deka kai̯ meta tau̯ta apeleu̯setai̯	EPAN DE OI ADELPOI AUTES KAI E METER MENATO E PARTENOS MET EMON EMERAS OSE DEKA KAI META TAUTA APELEUSETAI	ud_ancient_greek_ptnk	4th-5th c. CE (Codex Alexandrinus)	religious	translit_map
ud_ancient_greek_ptnk_Septuagint-Genesis-24:56-grc	ὁ δὲ εἶπεν πρὸς αὐτούς, μὴ κατέχετέ με καὶ κύριος εὐόδωσεν τὴν ὁδόν μου ἐκπέμψατέ με ἵνα ἀπέλθω πρὸς τὸν κύριόν μου.	o de eːpen pros au̯tuːs mɛː katekʰete me kai̯ kyrios eu̯odɔːsen tɛːn odon muː ekpempsate me ina apeltʰɔː pros ton kyrion muː	O DE EPEN PROS AUTUS ME KATEKETE ME KAI KURIOS EUODOSEN TEN ODON MU EKPEMPSATE ME INA APELTO PROS TON KURION MU	ud_ancient_greek_ptnk	4th-5th c. CE (Codex Alexandrinus)	religious	translit_map
ud_ancient_greek_ptnk_Septuagint-Genesis-24:57-grc	οἱ δὲ εἶπαν, καλέσωμεν τὴν παῖδα καὶ ἐρωτήσωμεν τὸ στόμα αὐτῆς.	oi̯ de eːpan kalesɔːmen tɛːn pai̯da kai̯ erɔːtɛːsɔːmen to stoma au̯tɛːs	OI DE EPAN KALESOMEN TEN PAIDA KAI EROTESOMEN TO STOMA AUTES	ud_ancient_greek_ptnk	4th-5th c. CE (Codex Alexandrinus)	religious	translit_map
ud_ancient_greek_ptnk_Septuagint-Genesis-24:58-grc	καὶ ἐκάλεσαν Ῥεβέκκαν καὶ εἶπαν αὐτῇ, πορεύσῃ μετὰ τοῦ ἀνθρώπου τούτου; ἡ δὲ εἶπεν, πορεύσομαι.	kai̯ ekalesan rebekkan kai̯ eːpan au̯tɛː poreu̯sɛː meta tuː antʰrɔːpuː tuːtuː ɛː de eːpen poreu̯somai̯	KAI EKALESAN REBEKKAN KAI EPAN AUTE POREUSE META TU ANTROPU TUTU E DE EPEN POREUSOMAI	ud_ancient_greek_ptnk	4th-5th c. CE (Codex Alexandrinus)	religious	translit_map
ud_ancient_greek_ptnk_Septuagint-Genesis-24:59-grc	καὶ ἐξέπεμψαν Ῥεβέκκαν τὴν ἀδελφὴν αὐτῶν καὶ τὰ ὑπάρχοντα αὐτῆς καὶ τὸν παῖδα τὸν Ἁβραὰμ καὶ τοὺς μετ᾿ αὐτοῦ.	kai̯ eksepempsan rebekkan tɛːn adelpʰɛːn au̯tɔːn kai̯ ta yparkʰonta au̯tɛːs kai̯ ton pai̯da ton abraam kai̯ tuːs met au̯tuː	KAI EKSEPEMPSAN REBEKKAN TEN ADELPEN AUTON KAI TA UPARKONTA AUTES KAI TON PAIDA TON ABRAAM KAI TUS MET AUTU	ud_ancient_greek_ptnk	4th-5th c. CE (Codex Alexandrinus)	religious	translit_map
ud_ancient_greek_ptnk_Septuagint-Genesis-24:60-grc	καὶ εὐλόγησαν Ῥεβέκκαν τὴν ἀδελφὴν αὐτῶν καὶ εἶπαν αὐτῇ ἀδελφὴ ἡμῶν εἶ· γίνου εἰς χιλιάδας μυριάδων, καὶ κληρονομησάτω τὸ σπέρμα σου τὰς πόλεις τῶν ὑπεναντίων.	kai̯ eu̯loɡɛːsan rebekkan tɛːn adelpʰɛːn au̯tɔːn kai̯ eːpan au̯tɛː adelpʰɛː ɛːmɔːn eː ɡinuː eːs kʰiliadas myriadɔːn kai̯ klɛːronomɛːsatɔː to sperma suː tas poleːs tɔːn ypenantiɔːn	KAI EULOGESAN REBEKKAN TEN ADELPEN AUTON KAI EPAN AUTE ADELPE EMON E GINU ES KILIADAS MURIADON KAI KLERONOMESATO TO SPERMA SU TAS POLES TON UPENANTION	ud_ancient_greek_ptnk	4th-5th c. CE (Codex Alexandrinus)	religious	translit_map
ud_ancient_greek_ptnk_Septuagint-Genesis-24:61-grc	ἀναστᾶσα δὲ Ῥεβέκκα καὶ αἱ ἅβραι αὐτῆς ἐπέβησαν ἐπὶ τὰς καμήλους καὶ ἐπορεύθησαν μετὰ τοῦ ἀνθρώπου, καὶ ἀναλαβὼν ὁ παῖς τὴν Ῥεβέκκαν ἀπῆλθεν.	anastasa de rebekka kai̯ ai̯ abrai̯ au̯tɛːs epebɛːsan epi tas kamɛːluːs kai̯ eporeu̯tʰɛːsan meta tuː antʰrɔːpuː kai̯ analabɔːn o pai̯s tɛːn rebekkan apɛːltʰen	ANASTASA DE REBEKKA KAI AI ABRAI AUTES EPEBESAN EPI TAS KAMELUS KAI EPOREUTESAN META TU ANTROPU KAI ANALABON O PAIS TEN REBEKKAN APELTEN	ud_ancient_greek_ptnk	4th-5th c. CE (Codex Alexandrinus)	religious	translit_map
ud_ancient_greek_ptnk_Septuagint-Genesis-24:62-grc	Ἰσαὰκ δὲ ἐπορεύετο διὰ τῆς ἐρήμου κατὰ τὸ φρέαρ τῆς ὁράσεως· αὐτὸς δὲ κατῴκει ἐν τῇ γῇ τῇ πρὸς λίβα.	isaak de eporeu̯eto dia tɛːs erɛːmuː kata to pʰrear tɛːs oraseɔːs au̯tos de katɔːkeː en tɛː ɡɛː tɛː pros liba	ISAAK DE EPOREUETO DIA TES EREMU KATA TO PREAR TES ORASEOS AUTOS DE KATOKE EN TE GE TE PROS LIBA	ud_ancient_greek_ptnk	4th-5th c. CE (Codex Alexandrinus)	religious	translit_map
ud_ancient_greek_ptnk_Septuagint-Genesis-24:63-grc	καὶ ἐξῆλθεν Ἰσαὰκ ἀδολεσχῆσαι εἰς τὸ πεδίον τὸ πρὸς δείλης καὶ ἀναβλέψας τοῖς ὀφθαλμοῖς εἶδεν καμήλους ἐρχομένας.	kai̯ eksɛːltʰen isaak adoleskʰɛːsai̯ eːs to pedion to pros deːlɛːs kai̯ anablepsas toi̯s opʰtʰalmoi̯s eːden kamɛːluːs erkʰomenas	KAI EKSELTEN ISAAK ADOLESKESAI ES TO PEDION TO PROS DELES KAI ANABLEPSAS TOIS OPTALMOIS EDEN KAMELUS ERKOMENAS	ud_ancient_greek_ptnk	4th-5th c. CE (Codex Alexandrinus)	religious	translit_map
ud_ancient_greek_ptnk_Septuagint-Genesis-24:64-grc	καὶ ἀναβλέψασα Ῥεβέκκα τοῖς ὀφθαλμοῖς εἶδεν τὸν Ἰσαὰκ καὶ κατεπήδησεν ἀπὸ τῆς καμήλου	kai̯ anablepsasa rebekka toi̯s opʰtʰalmoi̯s eːden ton isaak kai̯ katepɛːdɛːsen apo tɛːs kamɛːluː	KAI ANABLEPSASA REBEKKA TOIS OPTALMOIS EDEN TON ISAAK KAI KATEPEDESEN APO TES KAMELU	ud_ancient_greek_ptnk	4th-5th c. CE (Codex Alexandrinus)	religious	translit_map
ud_ancient_greek_ptnk_Septuagint-Genesis-24:65-grc	καὶ εἶπεν τῷ παιδί, τίς ἐστιν ὁ ἄνθρωπος ἐκεῖνος ὁ πορευόμενος ἐν τῷ πεδίῳ εἰς συνάντησιν ἡμῖν; εἶπεν δὲ ὁ παῖς, οὗτός ἐστιν ὁ κύριός μου. ἡ δὲ λαβοῦσα τὸ θέριστρον περιεβάλετο.	kai̯ eːpen tɔː pai̯di tis estin o antʰrɔːpos ekeːnos o poreu̯omenos en tɔː pediɔː eːs synantɛːsin ɛːmin eːpen de o pai̯s uːtos estin o kyrios muː ɛː de labuːsa to tʰeristron periebaleto	KAI EPEN TO PAIDI TIS ESTIN O ANTROPOS EKENOS O POREUOMENOS EN TO PEDIO ES SUNANTESIN EMIN EPEN DE O PAIS UTOS ESTIN O KURIOS MU E DE LABUSA TO TERISTRON PERIEBALETO	ud_ancient_greek_ptnk	4th-5th c. CE (Codex Alexandrinus)	religious	translit_map
ud_ancient_greek_ptnk_Septuagint-Genesis-24:66-grc	καὶ διηγήσατο ὁ παῖς τῷ Ἰσαὰκ πάντα τὰ ῥήματα ἃ ἐποίησεν.	kai̯ diɛːɡɛːsato o pai̯s tɔː isaak panta ta rɛːmata a epoi̯ɛːsen	KAI DIEGESATO O PAIS TO ISAAK PANTA TA REMATA A EPOIESEN	ud_ancient_greek_ptnk	4th-5th c. CE (Codex Alexandrinus)	religious	translit_map
ud_ancient_greek_ptnk_Septuagint-Genesis-24:67-grc	εἰσῆλθεν δὲ Ἰσαὰκ εἰς τὸν οἶκον τῆς μητρὸς αὐτοῦ καὶ ἔλαβεν τὴν Ῥεβέκκαν, καὶ ἐγένετο αὐτοῦ γυνή, καὶ ἠγάπησεν αὐτήν· καὶ παρεκλήθη Ἰσαὰκ περὶ Σάρρας τῆς μητρὸς αὐτοῦ.	eːsɛːltʰen de isaak eːs ton oi̯kon tɛːs mɛːtros au̯tuː kai̯ elaben tɛːn rebekkan kai̯ eɡeneto au̯tuː ɡynɛː kai̯ ɛːɡapɛːsen au̯tɛːn kai̯ pareklɛːtʰɛː isaak peri sarras tɛːs mɛːtros au̯tuː	ESELTEN DE ISAAK ES TON OIKON TES METROS AUTU KAI ELABEN TEN REBEKKAN KAI EGENETO AUTU GUNE KAI EGAPESEN AUTEN KAI PAREKLETE ISAAK PERI SARRAS TES METROS AUTU	ud_ancient_greek_ptnk	4th-5th c. CE (Codex Alexandrinus)	religious	translit_map
ud_ancient_greek_ptnk_Septuagint-Genesis-25:1-grc	προσθέμενος δὲ Ἁβραὰμ ἔλαβεν γυναῖκα, ᾗ ὄνομα Χεττούρα.	prostʰemenos de abraam elaben ɡynai̯ka ɛː onoma kʰettuːra	PROSTEMENOS DE ABRAAM ELABEN GUNAIKA E ONOMA KETTURA	ud_ancient_greek_ptnk	4th-5th c. CE (Codex Alexandrinus)	religious	translit_map
ud_ancient_greek_ptnk_Septuagint-Genesis-25:2-grc	ἔτεκεν δὲ αὐτῷ τὸν Ζεμράν καὶ τὸν Ἰεξάν, καὶ τὸν Μαδὰν καὶ τὸν Μαδιὰμ καὶ τὸν Ἰεσβόκ καὶ τὸν Σωύε.	eteken de au̯tɔː ton zdemran kai̯ ton ieksan kai̯ ton madan kai̯ ton madiam kai̯ ton iesbok kai̯ ton sɔːye	ETEKEN DE AUTO TON SDEMRAN KAI TON IEKSAN KAI TON MADAN KAI TON MADIAM KAI TON IESBOK KAI TON SOUE	ud_ancient_greek_ptnk	4th-5th c. CE (Codex Alexandrinus)	religious	translit_map
ud_ancient_greek_ptnk_Septuagint-Genesis-25:3-4-grc	Ἰεξὰν δὲ ἐγέννησεν τὸν Σαβὰ καὶ τὸν Θαιμὰν καὶ τὸν Δαιδὰν υἱοὶ δὲ Δαιδάν· ἐγένοντο Ῥαγουὴλ καὶ Ναβδεήλ καὶ Ἀσσουριίμ καὶ Λατουσιίμ καὶ Λοωμίμ. υἱοὶ δὲ Μαδιάμ· Γαιφὰ καὶ Ἀφέρ καὶ Ἐνὼχ καὶ Ἀβιρά καὶ Ἐλραγά. πάντες οὗτοι ἦσαν υἱοὶ Χεττούρας.	ieksan de eɡennɛːsen ton saba kai̯ ton tʰai̯man kai̯ ton dai̯dan yi̯oi̯ de dai̯dan eɡenonto raɡuːɛːl kai̯ nabdeɛːl kai̯ assuːriim kai̯ latuːsiim kai̯ loɔːmim yi̯oi̯ de madiam ɡai̯pʰa kai̯ apʰer kai̯ enɔːkʰ kai̯ abira kai̯ elraɡa pantes uːtoi̯ ɛːsan yi̯oi̯ kʰettuːras	IEKSAN DE EGENNESEN TON SABA KAI TON TAIMAN KAI TON DAIDAN UIOI DE DAIDAN EGENONTO RAGUEL KAI NABDEEL KAI ASSURIIM KAI LATUSIIM KAI LOOMIM UIOI DE MADIAM GAIPA KAI APER KAI ENOK KAI ABIRA KAI ELRAGA PANTES UTOI ESAN UIOI KETTURAS	ud_ancient_greek_ptnk	4th-5th c. CE (Codex Alexandrinus)	religious	translit_map
ud_ancient_greek_ptnk_Septuagint-Genesis-25:5-grc	ἔδωκεν δὲ Ἁβραὰμ πάντα τὰ ὑπάρχοντα αὐτοῦ Ἰσαὰκ τῷ υἱῷ αὐτοῦ,	edɔːken de abraam panta ta yparkʰonta au̯tuː isaak tɔː yi̯ɔː au̯tuː	EDOKEN DE ABRAAM PANTA TA UPARKONTA AUTU ISAAK TO UIO AUTU	ud_ancient_greek_ptnk	4th-5th c. CE (Codex Alexandrinus)	religious	translit_map
ud_ancient_greek_ptnk_Septuagint-Genesis-25:6-grc	καὶ τοῖς υἱοῖς τῶν παλλακῶν αὐτοῦ ἔδωκεν Ἁβραὰμ δόματα καὶ ἐξαπέστειλεν αὐτοὺς ἀπὸ Ἰσαὰκ τοῦ υἱοῦ αὐτοῦ ἔτι ζῶντος αὐτοῦ πρὸς ἀνατολὰς εἰς γῆν ἀνατολῶν.	kai̯ toi̯s yi̯oi̯s tɔːn pallakɔːn au̯tuː edɔːken abraam domata kai̯ eksapesteːlen au̯tuːs apo isaak tuː yi̯uː au̯tuː eti zdɔːntos au̯tuː pros anatolas eːs ɡɛːn anatolɔːn	KAI TOIS UIOIS TON PALLAKON AUTU EDOKEN ABRAAM DOMATA KAI EKSAPESTELEN AUTUS APO ISAAK TU UIU AUTU ETI SDONTOS AUTU PROS ANATOLAS ES GEN ANATOLON	ud_ancient_greek_ptnk	4th-5th c. CE (Codex Alexandrinus)	religious	translit_map
ud_ancient_greek_ptnk_Septuagint-Genesis-25:7-grc	ταῦτα δὲ τὰ ἔτη ἡμερῶν ζωῆς Ἁβραάμ, ὅσα ἔζησεν· ἑκατὸν ἑβδομήκοντα πέντε ἔτη.	tau̯ta de ta etɛː ɛːmerɔːn zdɔːɛːs abraam osa ezdɛːsen ekaton ebdomɛːkonta pente etɛː	TAUTA DE TA ETE EMERON SDOES ABRAAM OSA ESDESEN EKATON EBDOMEKONTA PENTE ETE	ud_ancient_greek_ptnk	4th-5th c. CE (Codex Alexandrinus)	religious	translit_map
ud_ancient_greek_ptnk_Septuagint-Genesis-25:8-grc	καὶ ἐκλιπὼν ἀπέθανεν Ἁβραὰμ ἐν γήρει καλῷ πρεσβύτης καὶ πλήρης ἡμερῶν καὶ προσετέθη πρὸς τὸν λαὸν αὐτοῦ.	kai̯ eklipɔːn apetʰanen abraam en ɡɛːreː kalɔː presbytɛːs kai̯ plɛːrɛːs ɛːmerɔːn kai̯ prosetetʰɛː pros ton laon au̯tuː	KAI EKLIPON APETANEN ABRAAM EN GERE KALO PRESBUTES KAI PLERES EMERON KAI PROSETETE PROS TON LAON AUTU	ud_ancient_greek_ptnk	4th-5th c. CE (Codex Alexandrinus)	religious	translit_map
ud_ancient_greek_ptnk_Septuagint-Genesis-25:9-grc	καὶ ἔθαψαν αὐτὸν Ἰσαὰκ καὶ Ἰσμαὴλ οἱ υἱοὶ αὐτοῦ εἰς τὸ σπήλαιον τὸ διπλοῦν εἰς τὸν ἀγρὸν Ἐφρὼν τοῦ Σαὰρ τοῦ Χετταίου, ὅ ἐστιν ἀπέναντι Μαμβρῆ.	kai̯ etʰapsan au̯ton isaak kai̯ ismaɛːl oi̯ yi̯oi̯ au̯tuː eːs to spɛːlai̯on to dipluːn eːs ton aɡron epʰrɔːn tuː saar tuː kʰettai̯uː o estin apenanti mambrɛː	KAI ETAPSAN AUTON ISAAK KAI ISMAEL OI UIOI AUTU ES TO SPELAION TO DIPLUN ES TON AGRON EPRON TU SAAR TU KETTAIU O ESTIN APENANTI MAMBRE	ud_ancient_greek_ptnk	4th-5th c. CE (Codex Alexandrinus)	religious	translit_map
ud_ancient_greek_ptnk_Septuagint-Genesis-25:10-grc	τὸν ἀγρὸν καὶ τὸ σπήλαιον, ὃ ἐκτήσατο Ἁβραὰμ παρὰ τῶν υἱῶν Χέτ, ἐκεῖ ἔθαψαν Ἁβραὰμ καὶ Σάρραν τὴν γυναῖκα αὐτοῦ.	ton aɡron kai̯ to spɛːlai̯on o ektɛːsato abraam para tɔːn yi̯ɔːn kʰet ekeː etʰapsan abraam kai̯ sarran tɛːn ɡynai̯ka au̯tuː	TON AGRON KAI TO SPELAION O EKTESATO ABRAAM PARA TON UION KET EKE ETAPSAN ABRAAM KAI SARRAN TEN GUNAIKA AUTU	ud_ancient_greek_ptnk	4th-5th c. CE (Codex Alexandrinus)	religious	translit_map
ud_ancient_greek_ptnk_Septuagint-Genesis-25:11-grc	ἐγένετο δὲ μετὰ τὸ ἀποθανεῖν Ἁβραὰμ εὐλόγησεν ὁ θεὸς Ἰσαὰκ τὸν υἱὸν αὐτοῦ· καὶ κατῴκησεν Ἰσαὰκ παρὰ τὸ φρέαρ τῆς ὁράσεως.	eɡeneto de meta to apotʰaneːn abraam eu̯loɡɛːsen o tʰeos isaak ton yi̯on au̯tuː kai̯ katɔːkɛːsen isaak para to pʰrear tɛːs oraseɔːs	EGENETO DE META TO APOTANEN ABRAAM EULOGESEN O TEOS ISAAK TON UION AUTU KAI KATOKESEN ISAAK PARA TO PREAR TES ORASEOS	ud_ancient_greek_ptnk	4th-5th c. CE (Codex Alexandrinus)	religious	translit_map
ud_ancient_greek_ptnk_Septuagint-Genesis-25:12-grc	αὗται δὲ αἱ γενέσεις Ἰσμαὴλ τοῦ υἱοῦ Ἁβραάμ, ὃν ἔτεκεν Ἄγαρ ἡ παιδίσκη Σάρρας τῷ Ἁβραάμ,	au̯tai̯ de ai̯ ɡeneseːs ismaɛːl tuː yi̯uː abraam on eteken aɡar ɛː pai̯diskɛː sarras tɔː abraam	AUTAI DE AI GENESES ISMAEL TU UIU ABRAAM ON ETEKEN AGAR E PAIDISKE SARRAS TO ABRAAM	ud_ancient_greek_ptnk	4th-5th c. CE (Codex Alexandrinus)	religious	translit_map
ud_ancient_greek_ptnk_Septuagint-Genesis-25:13-grc	καὶ ταῦτα τὰ ὀνόματα τῶν υἱῶν Ἰσμαὴλ κατ᾿ ὄνομα τῶν γενεῶν αὐτοῦ· πρωτότοκος Ἰσμαὴλ Ναβαϊὼθ καὶ Κηδὰρ καὶ Ναβδεὴλ καὶ Μασσὰμ	kai̯ tau̯ta ta onomata tɔːn yi̯ɔːn ismaɛːl kat onoma tɔːn ɡeneɔːn au̯tuː prɔːtotokos ismaɛːl nabai̯ɔːtʰ kai̯ kɛːdar kai̯ nabdeɛːl kai̯ massam	KAI TAUTA TA ONOMATA TON UION ISMAEL KAT ONOMA TON GENEON AUTU PROTOTOKOS ISMAEL NABAIOT KAI KEDAR KAI NABDEEL KAI MASSAM	ud_ancient_greek_ptnk	4th-5th c. CE (Codex Alexandrinus)	religious	translit_map
ud_ancient_greek_ptnk_Septuagint-Genesis-25:14-grc	καὶ Μασμὰ καὶ Ἰδουμὰ καὶ Μασσῆ	kai̯ masma kai̯ iduːma kai̯ massɛː	KAI MASMA KAI IDUMA KAI MASSE	ud_ancient_greek_ptnk	4th-5th c. CE (Codex Alexandrinus)	religious	translit_map
ud_ancient_greek_ptnk_Septuagint-Genesis-25:15-grc	καὶ Χοδδάδ καὶ Θαιμὰν καὶ Ἰετοὺρ καὶ Ναφὲς καὶ Κεδμά.	kai̯ kʰoddad kai̯ tʰai̯man kai̯ ietuːr kai̯ napʰes kai̯ kedma	KAI KODDAD KAI TAIMAN KAI IETUR KAI NAPES KAI KEDMA	ud_ancient_greek_ptnk	4th-5th c. CE (Codex Alexandrinus)	religious	translit_map
ud_ancient_greek_ptnk_Septuagint-Genesis-25:16-grc	οὗτοί εἰσιν οἱ υἱοὶ Ἰσμαὴλ καὶ ταῦτα τὰ ὀνόματα αὐτῶν ἐν ταῖς σκηναῖς αὐτῶν· καὶ ἐν ταῖς ἐπαύλεσιν αὐτῶν δώδεκα ἄρχοντες κατὰ ἔθνη αὐτῶν.	uːtoi̯ eːsin oi̯ yi̯oi̯ ismaɛːl kai̯ tau̯ta ta onomata au̯tɔːn en tai̯s skɛːnai̯s au̯tɔːn kai̯ en tai̯s epau̯lesin au̯tɔːn dɔːdeka arkʰontes kata etʰnɛː au̯tɔːn	UTOI ESIN OI UIOI ISMAEL KAI TAUTA TA ONOMATA AUTON EN TAIS SKENAIS AUTON KAI EN TAIS EPAULESIN AUTON DODEKA ARKONTES KATA ETNE AUTON	ud_ancient_greek_ptnk	4th-5th c. CE (Codex Alexandrinus)	religious	translit_map
ud_ancient_greek_ptnk_Septuagint-Genesis-25:17-grc	καὶ ταῦτα τὰ ἔτη τῆς ζωῆς Ἰσμαήλ· ἑκατὸν τριάκοντα ἑπτὰ ἔτη· καὶ ἐκλιπὼν ἀπέθανεν καὶ προσετέθη πρὸς τὸ γένος αὐτοῦ.	kai̯ tau̯ta ta etɛː tɛːs zdɔːɛːs ismaɛːl ekaton triakonta epta etɛː kai̯ eklipɔːn apetʰanen kai̯ prosetetʰɛː pros to ɡenos au̯tuː	KAI TAUTA TA ETE TES SDOES ISMAEL EKATON TRIAKONTA EPTA ETE KAI EKLIPON APETANEN KAI PROSETETE PROS TO GENOS AUTU	ud_ancient_greek_ptnk	4th-5th c. CE (Codex Alexandrinus)	religious	translit_map
ud_ancient_greek_ptnk_Septuagint-Genesis-25:18-grc	κατῴκησεν δὲ ἀπὸ Εὐιλάτ, ἕως Σοὺρ ἥ ἐστιν κατὰ πρόσωπον Αἰγύπτου ἕως ἐλθεῖν πρὸς Ἀσσυρίους· κατὰ πρόσωπον πάντων τῶν ἀδελφῶν αὐτοῦ κατῴκησεν.	katɔːkɛːsen de apo eu̯ilat eɔːs suːr ɛː estin kata prosɔːpon ai̯ɡyptuː eɔːs eltʰeːn pros assyriuːs kata prosɔːpon pantɔːn tɔːn adelpʰɔːn au̯tuː katɔːkɛːsen	KATOKESEN DE APO EUILAT EOS SUR E ESTIN KATA PROSOPON AIGUPTU EOS ELTEN PROS ASSURIUS KATA PROSOPON PANTON TON ADELPON AUTU KATOKESEN	ud_ancient_greek_ptnk	4th-5th c. CE (Codex Alexandrinus)	religious	translit_map
ud_ancient_greek_ptnk_Septuagint-Genesis-25:19-grc	καὶ αὗται αἱ γενέσεις Ἰσαὰκ τοῦ υἱοῦ Ἁβραάμ· Ἁβραὰμ ἐγέννησεν τὸν Ἰσαάκ.	kai̯ au̯tai̯ ai̯ ɡeneseːs isaak tuː yi̯uː abraam abraam eɡennɛːsen ton isaak	KAI AUTAI AI GENESES ISAAK TU UIU ABRAAM ABRAAM EGENNESEN TON ISAAK	ud_ancient_greek_ptnk	4th-5th c. CE (Codex Alexandrinus)	religious	translit_map
ud_ancient_greek_ptnk_Septuagint-Genesis-25:20-grc	ἦν δὲ Ἰσαὰκ ἐτῶν τεσσαράκοντα, ὅτε ἔλαβεν τὴν Ῥεβέκκαν θυγατέρα Βαθουὴλ τοῦ Σύρου ἐκ τῆς Μεσοποταμίας ἀδελφὴν Λαβὰν τοῦ Σύρου ἑαυτῷ γυναῖκα.	ɛːn de isaak etɔːn tessarakonta ote elaben tɛːn rebekkan tʰyɡatera batʰuːɛːl tuː syruː ek tɛːs mesopotamias adelpʰɛːn laban tuː syruː eau̯tɔː ɡynai̯ka	EN DE ISAAK ETON TESSARAKONTA OTE ELABEN TEN REBEKKAN TUGATERA BATUEL TU SURU EK TES MESOPOTAMIAS ADELPEN LABAN TU SURU EAUTO GUNAIKA	ud_ancient_greek_ptnk	4th-5th c. CE (Codex Alexandrinus)	religious	translit_map
ud_ancient_greek_ptnk_Septuagint-Genesis-25:21-grc	ἐδεῖτο δὲ Ἰσαὰκ κυρίου περὶ Ῥεβέκκας τῆς γυναικὸς αὐτοῦ, ὅτι στεῖρα ἦν· ἐπήκουσεν δὲ αὐτοῦ ὁ θεός, καὶ ἔλαβεν ἐν γαστρὶ Ῥεβέκκα ἡ γυνὴ αὐτοῦ.	edeːto de isaak kyriuː peri rebekkas tɛːs ɡynai̯kos au̯tuː oti steːra ɛːn epɛːkuːsen de au̯tuː o tʰeos kai̯ elaben en ɡastri rebekka ɛː ɡynɛː au̯tuː	EDETO DE ISAAK KURIU PERI REBEKKAS TES GUNAIKOS AUTU OTI STERA EN EPEKUSEN DE AUTU O TEOS KAI ELABEN EN GASTRI REBEKKA E GUNE AUTU	ud_ancient_greek_ptnk	4th-5th c. CE (Codex Alexandrinus)	religious	translit_map
ud_ancient_greek_ptnk_Septuagint-Genesis-25:22-grc	ἐσκίρτων δὲ τὰ παιδία ἐν αὐτῇ· εἶπεν δέ, εἰ οὕτως μοι μέλλει γίνεσθαι, ἵνα τί μοι τοῦτο; ἐπορεύθη δὲ πυθέσθαι παρὰ κυρίου,	eskirtɔːn de ta pai̯dia en au̯tɛː eːpen de eː uːtɔːs moi̯ melleː ɡinestʰai̯ ina ti moi̯ tuːto eporeu̯tʰɛː de pytʰestʰai̯ para kyriuː	ESKIRTON DE TA PAIDIA EN AUTE EPEN DE E UTOS MOI MELLE GINESTAI INA TI MOI TUTO EPOREUTE DE PUTESTAI PARA KURIU	ud_ancient_greek_ptnk	4th-5th c. CE (Codex Alexandrinus)	religious	translit_map
ud_ancient_greek_ptnk_Septuagint-Genesis-25:23-grc	καὶ εἶπεν κύριος αὐτῇ, δύο ἔθνη ἐν τῇ γαστρί σου εἰσιν, καὶ δύο λαοὶ ἐκ τῆς κοιλίας σου διασταλήσονται· καὶ λαὸς λαοῦ ὑπερέξει, καὶ ὁ μείζων δουλεύσει τῷ ἐλάσσονι.	kai̯ eːpen kyrios au̯tɛː dyo etʰnɛː en tɛː ɡastri suː eːsin kai̯ dyo laoi̯ ek tɛːs koi̯lias suː diastalɛːsontai̯ kai̯ laos lauː yperekseː kai̯ o meːzdɔːn duːleu̯seː tɔː elassoni	KAI EPEN KURIOS AUTE DUO ETNE EN TE GASTRI SU ESIN KAI DUO LAOI EK TES KOILIAS SU DIASTALESONTAI KAI LAOS LAU UPEREKSE KAI O MESDON DULEUSE TO ELASSONI	ud_ancient_greek_ptnk	4th-5th c. CE (Codex Alexandrinus)	religious	translit_map
ud_ancient_greek_ptnk_Septuagint-Genesis-25:24-grc	καὶ ἐπληρώθησαν αἱ ἡμέραι τοῦ τεκεῖν αὐτήν, καὶ τῇδε ἦν δίδυμα ἐν τῇ κοιλίᾳ αὐτῆς.	kai̯ eplɛːrɔːtʰɛːsan ai̯ ɛːmerai̯ tuː tekeːn au̯tɛːn kai̯ tɛːde ɛːn didyma en tɛː koi̯lia au̯tɛːs	KAI EPLEROTESAN AI EMERAI TU TEKEN AUTEN KAI TEDE EN DIDUMA EN TE KOILIA AUTES	ud_ancient_greek_ptnk	4th-5th c. CE (Codex Alexandrinus)	religious	translit_map
ud_ancient_greek_ptnk_Septuagint-Genesis-25:25-grc	ἐξῆλθεν δὲ ὁ υἱὸς ὁ πρωτότοκος πυρράκης, ὅλος ὡσεὶ δορὰ δασύς· ἐπωνόμασεν δὲ τὸ ὄνομα αὐτοῦ Ἡσαῦ.	eksɛːltʰen de o yi̯os o prɔːtotokos pyrrakɛːs olos ɔːseː dora dasys epɔːnomasen de to onoma au̯tuː ɛːsau̯	EKSELTEN DE O UIOS O PROTOTOKOS PURRAKES OLOS OSE DORA DASUS EPONOMASEN DE TO ONOMA AUTU ESAU	ud_ancient_greek_ptnk	4th-5th c. CE (Codex Alexandrinus)	religious	translit_map
ud_ancient_greek_ptnk_Septuagint-Genesis-25:26-grc	καὶ μετὰ τοῦτο ἐξῆλθεν ὁ ἀδελφὸς αὐτοῦ, καὶ ἡ χεὶρ αὐτοῦ ἐπειλημμένη τῆς πτέρνης Ἡσαῦ· καὶ ἐκάλεσεν τὸ ὄνομα αὐτοῦ Ἰακώβ. Ἰσαὰκ δὲ ἦν ἐτῶν ἑξήκοντα, ὅτε ἔτεκεν αὐτοὺς Ῥεβέκκα.	kai̯ meta tuːto eksɛːltʰen o adelpʰos au̯tuː kai̯ ɛː kʰeːr au̯tuː epeːlɛːmmenɛː tɛːs pternɛːs ɛːsau̯ kai̯ ekalesen to onoma au̯tuː iakɔːb isaak de ɛːn etɔːn eksɛːkonta ote eteken au̯tuːs rebekka	KAI META TUTO EKSELTEN O ADELPOS AUTU KAI E KER AUTU EPELEMMENE TES PTERNES ESAU KAI EKALESEN TO ONOMA AUTU IAKOB ISAAK DE EN ETON EKSEKONTA OTE ETEKEN AUTUS REBEKKA	ud_ancient_greek_ptnk	4th-5th c. CE (Codex Alexandrinus)	religious	translit_map
ud_ancient_greek_ptnk_Septuagint-Genesis-25:27-grc	ηὐξήθησαν δὲ οἱ νεανίσκοι, καὶ ἦν Ἡσαῦ ἄνθρωπος εἰδὼς κυνηγεῖν ἄγροικος, Ἰακὼβ δὲ ἦν ἄνθρωπος ἄπλαστος οἰκῶν οἰκίαν.	ɛːyksɛːtʰɛːsan de oi̯ neaniskoi̯ kai̯ ɛːn ɛːsau̯ antʰrɔːpos eːdɔːs kynɛːɡeːn aɡroi̯kos iakɔːb de ɛːn antʰrɔːpos aplastos oi̯kɔːn oi̯kian	EUKSETESAN DE OI NEANISKOI KAI EN ESAU ANTROPOS EDOS KUNEGEN AGROIKOS IAKOB DE EN ANTROPOS APLASTOS OIKON OIKIAN	ud_ancient_greek_ptnk	4th-5th c. CE (Codex Alexandrinus)	religious	translit_map
ud_ancient_greek_ptnk_Septuagint-Genesis-25:28-grc	ἠγάπησεν δὲ Ἰσαὰκ τὸν Ἡσαῦ, ὅτι ἡ θήρα αὐτοῦ βρῶσις αὐτῷ· Ῥεβέκκα δὲ ἠγάπα τὸν Ἰακώβ.	ɛːɡapɛːsen de isaak ton ɛːsau̯ oti ɛː tʰɛːra au̯tuː brɔːsis au̯tɔː rebekka de ɛːɡapa ton iakɔːb	EGAPESEN DE ISAAK TON ESAU OTI E TERA AUTU BROSIS AUTO REBEKKA DE EGAPA TON IAKOB	ud_ancient_greek_ptnk	4th-5th c. CE (Codex Alexandrinus)	religious	translit_map
ud_ancient_greek_ptnk_Septuagint-Genesis-25:29-grc	ἥψησεν δὲ Ἰακὼβ ἕψεμα· ἦλθεν δὲ Ἡσαῦ ἐκ τοῦ πεδίου ἐκλείπων,	ɛːpsɛːsen de iakɔːb epsema ɛːltʰen de ɛːsau̯ ek tuː pediuː ekleːpɔːn	EPSESEN DE IAKOB EPSEMA ELTEN DE ESAU EK TU PEDIU EKLEPON	ud_ancient_greek_ptnk	4th-5th c. CE (Codex Alexandrinus)	religious	translit_map
ud_ancient_greek_ptnk_Septuagint-Genesis-25:30-grc	καὶ εἶπεν Ἡσαῦ τῷ Ἰακώβ, γεῦσόν με ἀπὸ τοῦ ἑψέματος τοῦ πυρροῦ τούτου, ὅτι ἐκλείπω. διὰ τοῦτο ἐκλήθη τὸ ὄνομα αὐτοῦ Ἐδώμ.	kai̯ eːpen ɛːsau̯ tɔː iakɔːb ɡeu̯son me apo tuː epsematos tuː pyrruː tuːtuː oti ekleːpɔː dia tuːto eklɛːtʰɛː to onoma au̯tuː edɔːm	KAI EPEN ESAU TO IAKOB GEUSON ME APO TU EPSEMATOS TU PURRU TUTU OTI EKLEPO DIA TUTO EKLETE TO ONOMA AUTU EDOM	ud_ancient_greek_ptnk	4th-5th c. CE (Codex Alexandrinus)	religious	translit_map
ud_ancient_greek_ptnk_Septuagint-Genesis-25:31-grc	εἶπεν δὲ Ἰακὼβ τῷ Ἡσαῦ, ἀπόδου μοι σήμερον τὰ πρωτοτόκιά σου ἐμοί.	eːpen de iakɔːb tɔː ɛːsau̯ apoduː moi̯ sɛːmeron ta prɔːtotokia suː emoi̯	EPEN DE IAKOB TO ESAU APODU MOI SEMERON TA PROTOTOKIA SU EMOI	ud_ancient_greek_ptnk	4th-5th c. CE (Codex Alexandrinus)	religious	translit_map
ud_ancient_greek_ptnk_Septuagint-Genesis-25:32-grc	εἶπεν δὲ Ἡσαῦ, ἰδοὺ ἐγὼ πορεύομαι τελευτᾶν, καὶ ἵνα τί μοι ταῦτα τὰ πρωτοτόκια;	eːpen de ɛːsau̯ iduː eɡɔː poreu̯omai̯ teleu̯tan kai̯ ina ti moi̯ tau̯ta ta prɔːtotokia	EPEN DE ESAU IDU EGO POREUOMAI TELEUTAN KAI INA TI MOI TAUTA TA PROTOTOKIA	ud_ancient_greek_ptnk	4th-5th c. CE (Codex Alexandrinus)	religious	translit_map
ud_ancient_greek_ptnk_Septuagint-Genesis-25:33-grc	καὶ εἶπεν αὐτῷ Ἰακώβ, ὄμοσόν μοι σήμερον. καὶ ὤμοσεν αὐτῷ· ἀπέδοτο δὲ Ἡσαῦ τὰ πρωτοτόκια τῷ Ἰακώβ.	kai̯ eːpen au̯tɔː iakɔːb omoson moi̯ sɛːmeron kai̯ ɔːmosen au̯tɔː apedoto de ɛːsau̯ ta prɔːtotokia tɔː iakɔːb	KAI EPEN AUTO IAKOB OMOSON MOI SEMERON KAI OMOSEN AUTO APEDOTO DE ESAU TA PROTOTOKIA TO IAKOB	ud_ancient_greek_ptnk	4th-5th c. CE (Codex Alexandrinus)	religious	translit_map
ud_ancient_greek_ptnk_Septuagint-Genesis-25:34-grc	Ἰακὼβ δὲ ἔδωκεν τῷ Ἡσαῦ ἄρτον καὶ ἕψεμα φακοῦ, καὶ ἔφαγεν καὶ ἔπιεν καὶ ἀναστὰς ᾤχετο· καὶ ἐφαύλισεν Ἡσαῦ τὰ πρωτοτόκια.	iakɔːb de edɔːken tɔː ɛːsau̯ arton kai̯ epsema pʰakuː kai̯ epʰaɡen kai̯ epien kai̯ anastas ɔːkʰeto kai̯ epʰau̯lisen ɛːsau̯ ta prɔːtotokia	IAKOB DE EDOKEN TO ESAU ARTON KAI EPSEMA PAKU KAI EPAGEN KAI EPIEN KAI ANASTAS OKETO KAI EPAULISEN ESAU TA PROTOTOKIA	ud_ancient_greek_ptnk	4th-5th c. CE (Codex Alexandrinus)	religious	translit_map
ud_ancient_greek_ptnk_Septuagint-Genesis-26:1-grc	ἐγένετο δὲ λιμὸς ἐπὶ τῆς γῆς χωρὶς τοῦ λιμοῦ τοῦ πρότερον, ὃς ἐγένετο ἐν τῷ χρόνῳ τῷ Ἁβραάμ· ἐπορεύθη δὲ Ἰσαὰκ πρὸς Ἀβιμέλεχ βασιλέα Φυλιστιὶμ εἰς Γέραρα.	eɡeneto de limos epi tɛːs ɡɛːs kʰɔːris tuː limuː tuː proteron os eɡeneto en tɔː kʰronɔː tɔː abraam eporeu̯tʰɛː de isaak pros abimelekʰ basilea pʰylistiim eːs ɡerara	EGENETO DE LIMOS EPI TES GES KORIS TU LIMU TU PROTERON OS EGENETO EN TO KRONO TO ABRAAM EPOREUTE DE ISAAK PROS ABIMELEK BASILEA PULISTIIM ES GERARA	ud_ancient_greek_ptnk	4th-5th c. CE (Codex Alexandrinus)	religious	translit_map
ud_ancient_greek_ptnk_Septuagint-Genesis-26:2-grc	ὤφθη δὲ αὐτῷ κύριος καὶ εἶπεν μὴ καταβῇς εἰς Αἴγυπτον· κατοίκησον δὲ ἐν τῇ γῇ, ᾗ ἄν σοί εἴπω.	ɔːpʰtʰɛː de au̯tɔː kyrios kai̯ eːpen mɛː katabɛːs eːs ai̯ɡypton katoi̯kɛːson de en tɛː ɡɛː ɛː an soi̯ eːpɔː	OPTE DE AUTO KURIOS KAI EPEN ME KATABES ES AIGUPTON KATOIKESON DE EN TE GE E AN SOI EPO	ud_ancient_greek_ptnk	4th-5th c. CE (Codex Alexandrinus)	religious	translit_map
ud_ancient_greek_ptnk_Septuagint-Genesis-26:3-grc	καὶ παροίκει ἐν τῇ γῇ ταύτῃ, καὶ ἔσομαι μετὰ σου καὶ εὐλογήσω σε· σοί γὰρ καὶ τῷ σπέρματί σου δώσω πᾶσαν τὴν γῆν ταύτην καὶ στήσω τὸν ὅρκον μου, ὃν ὤμοσα Ἁβραὰμ τῷ πατρί σου.	kai̯ paroi̯keː en tɛː ɡɛː tau̯tɛː kai̯ esomai̯ meta suː kai̯ eu̯loɡɛːsɔː se soi̯ ɡar kai̯ tɔː spermati suː dɔːsɔː pasan tɛːn ɡɛːn tau̯tɛːn kai̯ stɛːsɔː ton orkon muː on ɔːmosa abraam tɔː patri suː	KAI PAROIKE EN TE GE TAUTE KAI ESOMAI META SU KAI EULOGESO SE SOI GAR KAI TO SPERMATI SU DOSO PASAN TEN GEN TAUTEN KAI STESO TON ORKON MU ON OMOSA ABRAAM TO PATRI SU	ud_ancient_greek_ptnk	4th-5th c. CE (Codex Alexandrinus)	religious	translit_map
ud_ancient_greek_ptnk_Septuagint-Genesis-26:4-grc	καὶ πληθυνῶ τὸ σπέρμα σου ὡς τοὺς ἀστέρας τοῦ οὐρανοῦ καὶ δώσω τῷ σπέρματί σου πᾶσαν τὴν γῆν ταύτην, καὶ ἐνευλογηθήσονται ἐν τῷ σπέρματί σου πάντα τὰ ἔθνη τῆς γῆς,	kai̯ plɛːtʰynɔː to sperma suː ɔːs tuːs asteras tuː uːranuː kai̯ dɔːsɔː tɔː spermati suː pasan tɛːn ɡɛːn tau̯tɛːn kai̯ eneu̯loɡɛːtʰɛːsontai̯ en tɔː spermati suː panta ta etʰnɛː tɛːs ɡɛːs	KAI PLETUNO TO SPERMA SU OS TUS ASTERAS TU URANU KAI DOSO TO SPERMATI SU PASAN TEN GEN TAUTEN KAI ENEULOGETESONTAI EN TO SPERMATI SU PANTA TA ETNE TES GES	ud_ancient_greek_ptnk	4th-5th c. CE (Codex Alexandrinus)	religious	translit_map
ud_ancient_greek_ptnk_Septuagint-Genesis-26:5-grc	ἀνθ᾿ ὧν ὑπήκουσεν Ἁβραὰμ ὁ πατήρ σου τῆς ἐμῆς φωνῆς καὶ ἐφύλαξεν τὰ προστάγματά μου καὶ τὰς ἐντολάς μου καὶ τὰ δικαιώματά μου καὶ τὰ νόμιμά μου.	antʰ ɔːn ypɛːkuːsen abraam o patɛːr suː tɛːs emɛːs pʰɔːnɛːs kai̯ epʰylaksen ta prostaɡmata muː kai̯ tas entolas muː kai̯ ta dikai̯ɔːmata muː kai̯ ta nomima muː	ANT ON UPEKUSEN ABRAAM O PATER SU TES EMES PONES KAI EPULAKSEN TA PROSTAGMATA MU KAI TAS ENTOLAS MU KAI TA DIKAIOMATA MU KAI TA NOMIMA MU	ud_ancient_greek_ptnk	4th-5th c. CE (Codex Alexandrinus)	religious	translit_map
ud_ancient_greek_ptnk_Septuagint-Genesis-26:6-grc	καὶ κατῴκησεν Ἰσαὰκ ἐν Γεράροις.	kai̯ katɔːkɛːsen isaak en ɡeraroi̯s	KAI KATOKESEN ISAAK EN GERAROIS	ud_ancient_greek_ptnk	4th-5th c. CE (Codex Alexandrinus)	religious	translit_map
ud_ancient_greek_ptnk_Septuagint-Genesis-26:7-grc	ἐπηρώτησαν δὲ οἱ ἄνδρες τοῦ τόπου περὶ Ῥεβέκκας τῆς γυναικὸς αὐτοῦ, καὶ εἶπεν, ἀδελφή μού ἐστιν· ἐφοβήθη γὰρ εἰπεῖν ὅτι, γυνή μού ἐστιν, μήποτε ἀποκτείνωσιν αὐτὸν οἱ ἄνδρες τοῦ τόπου περὶ Ῥεβέκκας, ὅτι ὡραία τῇ ὄψει ἦν.	epɛːrɔːtɛːsan de oi̯ andres tuː topuː peri rebekkas tɛːs ɡynai̯kos au̯tuː kai̯ eːpen adelpʰɛː muː estin epʰobɛːtʰɛː ɡar eːpeːn oti ɡynɛː muː estin mɛːpote apokteːnɔːsin au̯ton oi̯ andres tuː topuː peri rebekkas oti ɔːrai̯a tɛː opseː ɛːn	EPEROTESAN DE OI ANDRES TU TOPU PERI REBEKKAS TES GUNAIKOS AUTU KAI EPEN ADELPE MU ESTIN EPOBETE GAR EPEN OTI GUNE MU ESTIN MEPOTE APOKTENOSIN AUTON OI ANDRES TU TOPU PERI REBEKKAS OTI ORAIA TE OPSE EN	ud_ancient_greek_ptnk	4th-5th c. CE (Codex Alexandrinus)	religious	translit_map
ud_ancient_greek_ptnk_Septuagint-Genesis-26:8-grc	ἐγένετο δὲ πολυχρόνιος ἐκεῖ· παρακύψας δὲ Ἀβιμέλεχ ὁ βασιλεὺς Γεράρων διὰ τῆς θυρίδος εἶδεν τὸν Ἰσαὰκ παίζοντα μετὰ Ῥεβέκκας τῆς γυναικὸς αὐτοῦ.	eɡeneto de polykʰronios ekeː parakypsas de abimelekʰ o basileu̯s ɡerarɔːn dia tɛːs tʰyridos eːden ton isaak pai̯zdonta meta rebekkas tɛːs ɡynai̯kos au̯tuː	EGENETO DE POLUKRONIOS EKE PARAKUPSAS DE ABIMELEK O BASILEUS GERARON DIA TES TURIDOS EDEN TON ISAAK PAISDONTA META REBEKKAS TES GUNAIKOS AUTU	ud_ancient_greek_ptnk	4th-5th c. CE (Codex Alexandrinus)	religious	translit_map
ud_ancient_greek_ptnk_Septuagint-Genesis-26:9-grc	ἐκάλεσεν δὲ Ἀβιμέλεχ τὸν Ἰσαὰκ καὶ εἶπεν αὐτῷ, ἄρα γε γυνή σου ἐστιν· τί ὅτι εἶπας, ἀδελφή μού ἐστιν; εἶπεν δὲ αὐτῷ Ἰσαάκ, εἶπα γάρ μήποτε ἀποθάνω δι᾿ αὐτήν.	ekalesen de abimelekʰ ton isaak kai̯ eːpen au̯tɔː ara ɡe ɡynɛː suː estin ti oti eːpas adelpʰɛː muː estin eːpen de au̯tɔː isaak eːpa ɡar mɛːpote apotʰanɔː di au̯tɛːn	EKALESEN DE ABIMELEK TON ISAAK KAI EPEN AUTO ARA GE GUNE SU ESTIN TI OTI EPAS ADELPE MU ESTIN EPEN DE AUTO ISAAK EPA GAR MEPOTE APOTANO DI AUTEN	ud_ancient_greek_ptnk	4th-5th c. CE (Codex Alexandrinus)	religious	translit_map
ud_ancient_greek_ptnk_Septuagint-Genesis-26:10-grc	εἶπεν δὲ αὐτῷ Ἀβιμέλεχ, τί τοῦτο ἐποίησας ἡμῖν; μικροῦ ἐκοιμήθη τις τοῦ γένους μου μετὰ τῆς γυναικός σου, καὶ ἐπήγαγες ἐφ᾿ ἡμᾶς ἄγνοιαν.	eːpen de au̯tɔː abimelekʰ ti tuːto epoi̯ɛːsas ɛːmin mikruː ekoi̯mɛːtʰɛː tis tuː ɡenuːs muː meta tɛːs ɡynai̯kos suː kai̯ epɛːɡaɡes epʰ ɛːmas aɡnoi̯an	EPEN DE AUTO ABIMELEK TI TUTO EPOIESAS EMIN MIKRU EKOIMETE TIS TU GENUS MU META TES GUNAIKOS SU KAI EPEGAGES EP EMAS AGNOIAN	ud_ancient_greek_ptnk	4th-5th c. CE (Codex Alexandrinus)	religious	translit_map
ud_ancient_greek_ptnk_Septuagint-Genesis-26:11-grc	συνέταξεν δὲ Ἀβιμέλεχ παντὶ τῷ λαῷ αὐτοῦ λέγων, πᾶς ὁ ἁπτόμενος τοῦ ἀνθρώπου τούτου ἢ τῆς γυναικὸς αὐτοῦ θανάτου ἔνοχος ἔσται.	synetaksen de abimelekʰ panti tɔː laɔː au̯tuː leɡɔːn pas o aptomenos tuː antʰrɔːpuː tuːtuː ɛː tɛːs ɡynai̯kos au̯tuː tʰanatuː enokʰos estai̯	SUNETAKSEN DE ABIMELEK PANTI TO LAO AUTU LEGON PAS O APTOMENOS TU ANTROPU TUTU E TES GUNAIKOS AUTU TANATU ENOKOS ESTAI	ud_ancient_greek_ptnk	4th-5th c. CE (Codex Alexandrinus)	religious	translit_map
ud_ancient_greek_ptnk_Septuagint-Genesis-26:12-grc	ἔσπειρεν δὲ Ἰσαὰκ ἐν τῇ γῇ ἐκείνῃ καὶ εὗρεν ἐν τῷ ἐνιαυτῷ ἐκείνῳ ἑκατοστεύουσαν κριθήν· εὐλόγησεν δὲ αὐτὸν κύριος.	espeːren de isaak en tɛː ɡɛː ekeːnɛː kai̯ eu̯ren en tɔː eniau̯tɔː ekeːnɔː ekatosteu̯uːsan kritʰɛːn eu̯loɡɛːsen de au̯ton kyrios	ESPEREN DE ISAAK EN TE GE EKENE KAI EUREN EN TO ENIAUTO EKENO EKATOSTEUUSAN KRITEN EULOGESEN DE AUTON KURIOS	ud_ancient_greek_ptnk	4th-5th c. CE (Codex Alexandrinus)	religious	translit_map
ud_ancient_greek_ptnk_Septuagint-Genesis-26:13-grc	καὶ ὑψώθη ὁ ἄνθρωπος καὶ προβαίνων μείζων ἐγίνετο, ἕως οὗ μέγας ἐγένετο σφόδρα·	kai̯ ypsɔːtʰɛː o antʰrɔːpos kai̯ probai̯nɔːn meːzdɔːn eɡineto eɔːs uː meɡas eɡeneto spʰodra	KAI UPSOTE O ANTROPOS KAI PROBAINON MESDON EGINETO EOS U MEGAS EGENETO SPODRA	ud_ancient_greek_ptnk	4th-5th c. CE (Codex Alexandrinus)	religious	translit_map
ud_ancient_greek_ptnk_Septuagint-Genesis-26:14-grc	ἐγένετο δὲ αὐτῷ κτήνη προβάτων καὶ κτήνη βοῶν καὶ γεώργια πολλά. ἐζήλωσαν δὲ αὐτὸν οἱ Φυλιστιίμ,	eɡeneto de au̯tɔː ktɛːnɛː probatɔːn kai̯ ktɛːnɛː boɔːn kai̯ ɡeɔːrɡia polla ezdɛːlɔːsan de au̯ton oi̯ pʰylistiim	EGENETO DE AUTO KTENE PROBATON KAI KTENE BOON KAI GEORGIA POLLA ESDELOSAN DE AUTON OI PULISTIIM	ud_ancient_greek_ptnk	4th-5th c. CE (Codex Alexandrinus)	religious	translit_map
ud_ancient_greek_ptnk_Septuagint-Genesis-26:15-grc	καὶ πάντα τὰ φρέατα, ἃ ὤρυξαν οἱ παῖδες τοῦ πατρὸς αὐτοῦ ἐν τῷ χρόνῳ τοῦ πατρὸς αὐτοῦ, ἐνέφραξαν αὐτὰ οἱ Φυλιστιὶμ καὶ ἔπλησαν αὐτὰ γῆς.	kai̯ panta ta pʰreata a ɔːryksan oi̯ pai̯des tuː patros au̯tuː en tɔː kʰronɔː tuː patros au̯tuː enepʰraksan au̯ta oi̯ pʰylistiim kai̯ eplɛːsan au̯ta ɡɛːs	KAI PANTA TA PREATA A ORUKSAN OI PAIDES TU PATROS AUTU EN TO KRONO TU PATROS AUTU ENEPRAKSAN AUTA OI PULISTIIM KAI EPLESAN AUTA GES	ud_ancient_greek_ptnk	4th-5th c. CE (Codex Alexandrinus)	religious	translit_map
ud_ancient_greek_ptnk_Septuagint-Genesis-26:16-grc	εἶπεν δὲ Ἀβιμέλεχ πρὸς Ἰσαάκ, ἄπελθε ἀφ᾿ ἡμῶν, ὅτι δυνατώτερος ἡμῶν ἐγένου σφόδρα.	eːpen de abimelekʰ pros isaak apeltʰe apʰ ɛːmɔːn oti dynatɔːteros ɛːmɔːn eɡenuː spʰodra	EPEN DE ABIMELEK PROS ISAAK APELTE AP EMON OTI DUNATOTEROS EMON EGENU SPODRA	ud_ancient_greek_ptnk	4th-5th c. CE (Codex Alexandrinus)	religious	translit_map
ud_ancient_greek_ptnk_Septuagint-Genesis-26:17-grc	καὶ ἀπῆλθεν ἐκεῖθεν Ἰσαὰκ καὶ κατέλυσεν ἐν τῇ φάραγγι Γεράρων καὶ κατῴκησεν ἐκεῖ.	kai̯ apɛːltʰen ekeːtʰen isaak kai̯ katelysen en tɛː pʰaraŋɡi ɡerarɔːn kai̯ katɔːkɛːsen ekeː	KAI APELTEN EKETEN ISAAK KAI KATELUSEN EN TE PARANGI GERARON KAI KATOKESEN EKE	ud_ancient_greek_ptnk	4th-5th c. CE (Codex Alexandrinus)	religious	translit_map
ud_ancient_greek_ptnk_Septuagint-Genesis-26:18-grc	καὶ πάλιν Ἰσαὰκ ὤρυξεν τὰ φρέατα τοῦ ὕδατος, ἃ ὤρυξαν οἱ παῖδες Ἁβραὰμ τοῦ πατρὸς αὐτοῦ, καὶ ἐνέφραξαν αὐτὰ οἱ Φυλιστιὶμ μετὰ τὸ ἀποθανεῖν Ἁβραὰμ τὸν πατέρα αὐτοῦ καὶ ἐπωνόμασεν αὐτοῖς ὀνόματα κατὰ τὰ ὀνόματα, ἃ ἐπωνόμασεν Ἁβραὰμ ὁ πατὴρ αὐτοῦ.	kai̯ palin isaak ɔːryksen ta pʰreata tuː ydatos a ɔːryksan oi̯ pai̯des abraam tuː patros au̯tuː kai̯ enepʰraksan au̯ta oi̯ pʰylistiim meta to apotʰaneːn abraam ton patera au̯tuː kai̯ epɔːnomasen au̯toi̯s onomata kata ta onomata a epɔːnomasen abraam o patɛːr au̯tuː	KAI PALIN ISAAK ORUKSEN TA PREATA TU UDATOS A ORUKSAN OI PAIDES ABRAAM TU PATROS AUTU KAI ENEPRAKSAN AUTA OI PULISTIIM META TO APOTANEN ABRAAM TON PATERA AUTU KAI EPONOMASEN AUTOIS ONOMATA KATA TA ONOMATA A EPONOMASEN ABRAAM O PATER AUTU	ud_ancient_greek_ptnk	4th-5th c. CE (Codex Alexandrinus)	religious	translit_map
ud_ancient_greek_ptnk_Septuagint-Genesis-26:19-grc	καὶ ὤρυξαν οἱ παῖδες Ἰσαὰκ ἐν τῇ φάραγγι Γεράρων καὶ εὗρον ἐκεῖ φρέαρ ὕδατος ζῶντος.	kai̯ ɔːryksan oi̯ pai̯des isaak en tɛː pʰaraŋɡi ɡerarɔːn kai̯ eu̯ron ekeː pʰrear ydatos zdɔːntos	KAI ORUKSAN OI PAIDES ISAAK EN TE PARANGI GERARON KAI EURON EKE PREAR UDATOS SDONTOS	ud_ancient_greek_ptnk	4th-5th c. CE (Codex Alexandrinus)	religious	translit_map
ud_ancient_greek_ptnk_Septuagint-Genesis-26:20-grc	καὶ ἐμαχέσαντο οἱ ποιμένες Γεράρων μετὰ τῶν ποιμένων Ἰσαὰκ φάσκοντες αὐτῶν εἶναι τὸ ὕδωρ· καὶ ἐκάλεσεν τὸ ὄνομα τοῦ φρέατος Ἀδικία· ἠδίκησαν γὰρ αὐτόν.	kai̯ emakʰesanto oi̯ poi̯menes ɡerarɔːn meta tɔːn poi̯menɔːn isaak pʰaskontes au̯tɔːn eːnai̯ to ydɔːr kai̯ ekalesen to onoma tuː pʰreatos adikia ɛːdikɛːsan ɡar au̯ton	KAI EMAKESANTO OI POIMENES GERARON META TON POIMENON ISAAK PASKONTES AUTON ENAI TO UDOR KAI EKALESEN TO ONOMA TU PREATOS ADIKIA EDIKESAN GAR AUTON	ud_ancient_greek_ptnk	4th-5th c. CE (Codex Alexandrinus)	religious	translit_map
ud_ancient_greek_ptnk_Septuagint-Genesis-26:21-grc	ἀπάρας δὲ Ἰσαὰκ ἐκεῖθεν ὤρυξεν φρέαρ ἕτερον, ἐκρίνοντο δὲ καὶ περὶ ἐκείνου· καὶ ἐπωνόμασεν τὸ ὄνομα αὐτοῦ Ἐχθρία.	aparas de isaak ekeːtʰen ɔːryksen pʰrear eteron ekrinonto de kai̯ peri ekeːnuː kai̯ epɔːnomasen to onoma au̯tuː ekʰtʰria	APARAS DE ISAAK EKETEN ORUKSEN PREAR ETERON EKRINONTO DE KAI PERI EKENU KAI EPONOMASEN TO ONOMA AUTU EKTRIA	ud_ancient_greek_ptnk	4th-5th c. CE (Codex Alexandrinus)	religious	translit_map
ud_ancient_greek_ptnk_Septuagint-Genesis-26:22-grc	ἀπάρας δὲ ἐκεῖθεν ὤρυξεν φρέαρ ἕτερον, καὶ οὐκ ἐμαχέσαντο περὶ αὐτοῦ· καὶ ἐπωνόμασεν τὸ ὄνομα αὐτοῦ Εὐρυχωρία λέγων, διότι νῦν ἐπλάτυνεν κύριος ἡμῖν καὶ ηὔξησεν ἡμᾶς ἐπὶ τῆς γῆς.	aparas de ekeːtʰen ɔːryksen pʰrear eteron kai̯ uːk emakʰesanto peri au̯tuː kai̯ epɔːnomasen to onoma au̯tuː eu̯rykʰɔːria leɡɔːn dioti nyn eplatynen kyrios ɛːmin kai̯ ɛːyksɛːsen ɛːmas epi tɛːs ɡɛːs	APARAS DE EKETEN ORUKSEN PREAR ETERON KAI UK EMAKESANTO PERI AUTU KAI EPONOMASEN TO ONOMA AUTU EURUKORIA LEGON DIOTI NUN EPLATUNEN KURIOS EMIN KAI EUKSESEN EMAS EPI TES GES	ud_ancient_greek_ptnk	4th-5th c. CE (Codex Alexandrinus)	religious	translit_map
ud_ancient_greek_ptnk_Septuagint-Genesis-26:23-grc	ἀνέβη δὲ ἐκεῖθεν ἐπὶ τὸ φρέαρ τοῦ ὅρκου.	anebɛː de ekeːtʰen epi to pʰrear tuː orkuː	ANEBE DE EKETEN EPI TO PREAR TU ORKU	ud_ancient_greek_ptnk	4th-5th c. CE (Codex Alexandrinus)	religious	translit_map
ud_ancient_greek_ptnk_Septuagint-Genesis-26:24-grc	καὶ ὤφθη αὐτῷ κύριος ἐν τῇ νυκτὶ ἐκείνῃ καὶ εἶπεν, ἐγώ εἰμι ὁ θεὸς Ἁβραὰμ τοῦ πατρός σου· μὴ φοβοῦ· μετὰ σου γάρ εἰμι καὶ ηὐλόγηκά σὲ καὶ πληθυνῶ τὸ σπέρμα σου διὰ Ἁβραὰμ τὸν πατέρα σου.	kai̯ ɔːpʰtʰɛː au̯tɔː kyrios en tɛː nykti ekeːnɛː kai̯ eːpen eɡɔː eːmi o tʰeos abraam tuː patros suː mɛː pʰobuː meta suː ɡar eːmi kai̯ ɛːyloɡɛːka se kai̯ plɛːtʰynɔː to sperma suː dia abraam ton patera suː	KAI OPTE AUTO KURIOS EN TE NUKTI EKENE KAI EPEN EGO EMI O TEOS ABRAAM TU PATROS SU ME POBU META SU GAR EMI KAI EULOGEKA SE KAI PLETUNO TO SPERMA SU DIA ABRAAM TON PATERA SU	ud_ancient_greek_ptnk	4th-5th c. CE (Codex Alexandrinus)	religious	translit_map
ud_ancient_greek_ptnk_Septuagint-Genesis-26:25-grc	καὶ ᾠκοδόμησεν ἐκεῖ θυσιαστήριον καὶ ἐπεκαλέσατο τὸ ὄνομα κυρίου καὶ ἔπηξεν ἐκεῖ τὴν σκηνὴν αὐτοῦ· ὤρυξαν δὲ ἐκεῖ οἱ παῖδες Ἰσαὰκ φρέαρ.	kai̯ ɔːkodomɛːsen ekeː tʰysiastɛːrion kai̯ epekalesato to onoma kyriuː kai̯ epɛːksen ekeː tɛːn skɛːnɛːn au̯tuː ɔːryksan de ekeː oi̯ pai̯des isaak pʰrear	KAI OKODOMESEN EKE TUSIASTERION KAI EPEKALESATO TO ONOMA KURIU KAI EPEKSEN EKE TEN SKENEN AUTU ORUKSAN DE EKE OI PAIDES ISAAK PREAR	ud_ancient_greek_ptnk	4th-5th c. CE (Codex Alexandrinus)	religious	translit_map
ud_ancient_greek_ptnk_Septuagint-Genesis-26:26-grc	καὶ Ἀβιμέλεχ ἐπορεύθη πρὸς αὐτὸν ἀπὸ Γεράρων καὶ Ὁχοζὰθ ὁ νυμφαγωγὸς αὐτοῦ καὶ Φικὸλ ὁ ἀρχιστράτηγος τῆς δυνάμεως αὐτοῦ.	kai̯ abimelekʰ eporeu̯tʰɛː pros au̯ton apo ɡerarɔːn kai̯ okʰozdatʰ o nympʰaɡɔːɡos au̯tuː kai̯ pʰikol o arkʰistratɛːɡos tɛːs dynameɔːs au̯tuː	KAI ABIMELEK EPOREUTE PROS AUTON APO GERARON KAI OKOSDAT O NUMPAGOGOS AUTU KAI PIKOL O ARKISTRATEGOS TES DUNAMEOS AUTU	ud_ancient_greek_ptnk	4th-5th c. CE (Codex Alexandrinus)	religious	translit_map
ud_ancient_greek_ptnk_Septuagint-Genesis-26:27-grc	καὶ εἶπεν αὐτοῖς Ἰσαάκ, ἵνα τί ἤλθατε πρός με; ὑμεῖς δὲ ἐμισήσατέ με καὶ ἀπεστείλατέ με ἀφ᾿ ὑμῶν.	kai̯ eːpen au̯toi̯s isaak ina ti ɛːltʰate pros me ymeːs de emisɛːsate me kai̯ apesteːlate me apʰ ymɔːn	KAI EPEN AUTOIS ISAAK INA TI ELTATE PROS ME UMES DE EMISESATE ME KAI APESTELATE ME AP UMON	ud_ancient_greek_ptnk	4th-5th c. CE (Codex Alexandrinus)	religious	translit_map
ud_ancient_greek_ptnk_Septuagint-Genesis-26:28-grc	καὶ εἶπαν, ἰδόντες ἑωράκαμεν ὅτι ἦν κύριος μετὰ σου, καὶ εἴπαμεν γενέσθω ἀρὰ ἀνὰ μέσον ἡμῶν καὶ ἀνὰ μέσον σου, καὶ διαθησόμεθα μετὰ σου διαθήκην	kai̯ eːpan idontes eɔːrakamen oti ɛːn kyrios meta suː kai̯ eːpamen ɡenestʰɔː ara ana meson ɛːmɔːn kai̯ ana meson suː kai̯ diatʰɛːsometʰa meta suː diatʰɛːkɛːn	KAI EPAN IDONTES EORAKAMEN OTI EN KURIOS META SU KAI EPAMEN GENESTO ARA ANA MESON EMON KAI ANA MESON SU KAI DIATESOMETA META SU DIATEKEN	ud_ancient_greek_ptnk	4th-5th c. CE (Codex Alexandrinus)	religious	translit_map
ud_ancient_greek_ptnk_Septuagint-Genesis-26:29-grc	μὴ ποιήσειν μεθ᾿ ἡμῶν κακόν, καθότι ἡμεῖς σὲ οὐκ ἐβδελυξάμεθα, καὶ ὃν τρόπον ἐχρησάμεθά σοί καλῶς καὶ ἐξαπεστείλαμέν σὲ μετ᾿ εἰρήνης· καὶ νῦν σὺ εὐλογητὸς ὑπὸ κυρίου.	mɛː poi̯ɛːseːn metʰ ɛːmɔːn kakon katʰoti ɛːmeːs se uːk ebdelyksametʰa kai̯ on tropon ekʰrɛːsametʰa soi̯ kalɔːs kai̯ eksapesteːlamen se met eːrɛːnɛːs kai̯ nyn sy eu̯loɡɛːtos ypo kyriuː	ME POIESEN MET EMON KAKON KATOTI EMES SE UK EBDELUKSAMETA KAI ON TROPON EKRESAMETA SOI KALOS KAI EKSAPESTELAMEN SE MET ERENES KAI NUN SU EULOGETOS UPO KURIU	ud_ancient_greek_ptnk	4th-5th c. CE (Codex Alexandrinus)	religious	translit_map
ud_ancient_greek_ptnk_Septuagint-Genesis-26:30-grc	καὶ ἐποίησεν αὐτοῖς δοχήν, καὶ ἔφαγον καὶ ἔπιον·	kai̯ epoi̯ɛːsen au̯toi̯s dokʰɛːn kai̯ epʰaɡon kai̯ epion	KAI EPOIESEN AUTOIS DOKEN KAI EPAGON KAI EPION	ud_ancient_greek_ptnk	4th-5th c. CE (Codex Alexandrinus)	religious	translit_map
ud_ancient_greek_ptnk_Septuagint-Genesis-26:31-grc	καὶ ἀναστάντες τὸ πρωῒ ὤμοσαν ἄνθρωπος τῷ πλησίον αὐτοῦ, καὶ ἐξαπέστειλεν αὐτοὺς Ἰσαάκ, καὶ ἀπῴχοντο ἀπ᾿ αὐτοῦ μετὰ σωτηρίας.	kai̯ anastantes to prɔːi̯ ɔːmosan antʰrɔːpos tɔː plɛːsion au̯tuː kai̯ eksapesteːlen au̯tuːs isaak kai̯ apɔːkʰonto ap au̯tuː meta sɔːtɛːrias	KAI ANASTANTES TO PROI OMOSAN ANTROPOS TO PLESION AUTU KAI EKSAPESTELEN AUTUS ISAAK KAI APOKONTO AP AUTU META SOTERIAS	ud_ancient_greek_ptnk	4th-5th c. CE (Codex Alexandrinus)	religious	translit_map
ud_ancient_greek_ptnk_Septuagint-Genesis-26:32-grc	ἐγένετο δὲ ἐν τῇ ἡμέρᾳ ἐκείνῃ καὶ παραγενόμενοι οἱ παῖδες Ἰσαὰκ ἀπήγγειλαν αὐτῷ περὶ τοῦ φρέατος, οὗ ὤρυξαν, καὶ εἶπαν, οὐχ εὕρομεν ὕδωρ.	eɡeneto de en tɛː ɛːmera ekeːnɛː kai̯ paraɡenomenoi̯ oi̯ pai̯des isaak apɛːŋɡeːlan au̯tɔː peri tuː pʰreatos uː ɔːryksan kai̯ eːpan uːkʰ eu̯romen ydɔːr	EGENETO DE EN TE EMERA EKENE KAI PARAGENOMENOI OI PAIDES ISAAK APENGELAN AUTO PERI TU PREATOS U ORUKSAN KAI EPAN UK EUROMEN UDOR	ud_ancient_greek_ptnk	4th-5th c. CE (Codex Alexandrinus)	religious	translit_map
ud_ancient_greek_ptnk_Septuagint-Genesis-26:33-grc	καὶ ἐκάλεσεν αὐτὸ Ὅρκος· διὰ τοῦτο ὄνομα τῇ πόλει Φρέαρ Ὅρκου ἕως τῆς σήμερον ἡμέρας.	kai̯ ekalesen au̯to orkos dia tuːto onoma tɛː poleː pʰrear orkuː eɔːs tɛːs sɛːmeron ɛːmeras	KAI EKALESEN AUTO ORKOS DIA TUTO ONOMA TE POLE PREAR ORKU EOS TES SEMERON EMERAS	ud_ancient_greek_ptnk	4th-5th c. CE (Codex Alexandrinus)	religious	translit_map
ud_ancient_greek_ptnk_Septuagint-Genesis-26:34-grc	ἦν δὲ Ἡσαῦ ἐτῶν τεσσαράκοντα καὶ ἔλαβεν γυναῖκα Ἰουδίν τὴν θυγατέρα Βεήρ τοῦ Χετταίου καὶ τὴν Βασεμμάθ θυγατέρα Αἰλών τοῦ Εὐαίου.	ɛːn de ɛːsau̯ etɔːn tessarakonta kai̯ elaben ɡynai̯ka iuːdin tɛːn tʰyɡatera beɛːr tuː kʰettai̯uː kai̯ tɛːn basemmatʰ tʰyɡatera ai̯lɔːn tuː eu̯ai̯uː	EN DE ESAU ETON TESSARAKONTA KAI ELABEN GUNAIKA IUDIN TEN TUGATERA BEER TU KETTAIU KAI TEN BASEMMAT TUGATERA AILON TU EUAIU	ud_ancient_greek_ptnk	4th-5th c. CE (Codex Alexandrinus)	religious	translit_map
ud_ancient_greek_ptnk_Septuagint-Genesis-26:35-grc	καὶ ἦσαν ἐρίζουσαι τῷ Ἰσαὰκ καὶ τῇ Ῥεβέκκα.	kai̯ ɛːsan erizduːsai̯ tɔː isaak kai̯ tɛː rebekka	KAI ESAN ERISDUSAI TO ISAAK KAI TE REBEKKA	ud_ancient_greek_ptnk	4th-5th c. CE (Codex Alexandrinus)	religious	translit_map
ud_ancient_greek_ptnk_Septuagint-Genesis-27:1-grc	ἐγένετο δὲ μετὰ τὸ γηρᾶσαι Ἰσαὰκ καὶ ἠμβλύνθησαν οἱ ὀφθαλμοὶ αὐτοῦ τοῦ ὁρᾶν, καὶ ἐκάλεσεν Ἡσαῦ τὸν υἱὸν αὐτοῦ τὸν πρεσβύτερον καὶ εἶπεν αὐτῷ, υἱέ μου· καὶ εἶπεν, ἰδοὺ ἐγώ.	eɡeneto de meta to ɡɛːrasai̯ isaak kai̯ ɛːmblyntʰɛːsan oi̯ opʰtʰalmoi̯ au̯tuː tuː oran kai̯ ekalesen ɛːsau̯ ton yi̯on au̯tuː ton presbyteron kai̯ eːpen au̯tɔː yi̯e muː kai̯ eːpen iduː eɡɔː	EGENETO DE META TO GERASAI ISAAK KAI EMBLUNTESAN OI OPTALMOI AUTU TU ORAN KAI EKALESEN ESAU TON UION AUTU TON PRESBUTERON KAI EPEN AUTO UIE MU KAI EPEN IDU EGO	ud_ancient_greek_ptnk	4th-5th c. CE (Codex Alexandrinus)	religious	translit_map
ud_ancient_greek_ptnk_Septuagint-Genesis-27:2-grc	καὶ εἶπεν, ἰδοὺ γεγήρακα καὶ οὐ γινώσκω τὴν ἡμέραν τῆς τελευτῆς μου·	kai̯ eːpen iduː ɡeɡɛːraka kai̯ uː ɡinɔːskɔː tɛːn ɛːmeran tɛːs teleu̯tɛːs muː	KAI EPEN IDU GEGERAKA KAI U GINOSKO TEN EMERAN TES TELEUTES MU	ud_ancient_greek_ptnk	4th-5th c. CE (Codex Alexandrinus)	religious	translit_map
ud_ancient_greek_ptnk_Septuagint-Genesis-27:3-grc	νῦν οὖν λαβὲ τὸ σκεῦός σου, τήν τε φαρέτραν καὶ τὸ τόξον, καὶ ἔξελθε εἰς τὸ πεδίον καὶ θήρευσόν μοι θήραν	nyn uːn labe to skeu̯os suː tɛːn te pʰaretran kai̯ to tokson kai̯ ekseltʰe eːs to pedion kai̯ tʰɛːreu̯son moi̯ tʰɛːran	NUN UN LABE TO SKEUOS SU TEN TE PARETRAN KAI TO TOKSON KAI EKSELTE ES TO PEDION KAI TEREUSON MOI TERAN	ud_ancient_greek_ptnk	4th-5th c. CE (Codex Alexandrinus)	religious	translit_map
ud_ancient_greek_ptnk_Septuagint-Genesis-27:4-grc	καὶ ποίησόν μοι ἐδέσματα, ὡς φιλῶ ἐγώ, καὶ ἔνεγκέ μοι, ἵνα φάγω, ὅπως εὐλογήσῃ σὲ ἡ ψυχή μου πρὶν ἀποθανεῖν με.	kai̯ poi̯ɛːson moi̯ edesmata ɔːs pʰilɔː eɡɔː kai̯ eneŋke moi̯ ina pʰaɡɔː opɔːs eu̯loɡɛːsɛː se ɛː psykʰɛː muː prin apotʰaneːn me	KAI POIESON MOI EDESMATA OS PILO EGO KAI ENENKE MOI INA PAGO OPOS EULOGESE SE E PSUKE MU PRIN APOTANEN ME	ud_ancient_greek_ptnk	4th-5th c. CE (Codex Alexandrinus)	religious	translit_map
ud_ancient_greek_ptnk_Septuagint-Genesis-27:5-grc	Ῥεβέκκα δὲ ἤκουσεν λαλοῦντος Ἰσαὰκ πρὸς Ἡσαῦ τὸν υἱὸν αὐτοῦ. ἐπορεύθη δὲ Ἡσαῦ εἰς τὸ πεδίον θηρεῦσαι θήραν τῷ πατρὶ αὐτοῦ·	rebekka de ɛːkuːsen laluːntos isaak pros ɛːsau̯ ton yi̯on au̯tuː eporeu̯tʰɛː de ɛːsau̯ eːs to pedion tʰɛːreu̯sai̯ tʰɛːran tɔː patri au̯tuː	REBEKKA DE EKUSEN LALUNTOS ISAAK PROS ESAU TON UION AUTU EPOREUTE DE ESAU ES TO PEDION TEREUSAI TERAN TO PATRI AUTU	ud_ancient_greek_ptnk	4th-5th c. CE (Codex Alexandrinus)	religious	translit_map
ud_ancient_greek_ptnk_Septuagint-Genesis-27:6-grc	Ῥεβέκκα δὲ εἶπεν πρὸς Ἰακὼβ τὸν υἱὸν αὐτῆς τὸν ἐλάσσω, ἰδὲ ἐγὼ ἤκουσα τοῦ πατρός σου λαλοῦντος πρὸς Ἡσαῦ τὸν ἀδελφόν σου λέγοντος,	rebekka de eːpen pros iakɔːb ton yi̯on au̯tɛːs ton elassɔː ide eɡɔː ɛːkuːsa tuː patros suː laluːntos pros ɛːsau̯ ton adelpʰon suː leɡontos	REBEKKA DE EPEN PROS IAKOB TON UION AUTES TON ELASSO IDE EGO EKUSA TU PATROS SU LALUNTOS PROS ESAU TON ADELPON SU LEGONTOS	ud_ancient_greek_ptnk	4th-5th c. CE (Codex Alexandrinus)	religious	translit_map
ud_ancient_greek_ptnk_Septuagint-Genesis-27:7-grc	ἔνεγκόν μοι θήραν καὶ ποίησόν μοι ἐδέσματα, καὶ φαγὼν εὐλογήσω σὲ ἐναντίον κυρίου πρὸ τοῦ ἀποθανεῖν με.	eneŋkon moi̯ tʰɛːran kai̯ poi̯ɛːson moi̯ edesmata kai̯ pʰaɡɔːn eu̯loɡɛːsɔː se enantion kyriuː pro tuː apotʰaneːn me	ENENKON MOI TERAN KAI POIESON MOI EDESMATA KAI PAGON EULOGESO SE ENANTION KURIU PRO TU APOTANEN ME	ud_ancient_greek_ptnk	4th-5th c. CE (Codex Alexandrinus)	religious	translit_map
ud_ancient_greek_ptnk_Septuagint-Genesis-27:8-grc	νῦν οὖν, υἱέ, ἄκουσόν μου, καθὰ ἐγώ σοί ἐντέλλομαι,	nyn uːn yi̯e akuːson muː katʰa eɡɔː soi̯ entellomai̯	NUN UN UIE AKUSON MU KATA EGO SOI ENTELLOMAI	ud_ancient_greek_ptnk	4th-5th c. CE (Codex Alexandrinus)	religious	translit_map
ud_ancient_greek_ptnk_Septuagint-Genesis-27:9-grc	καὶ πορευθεὶς εἰς τὰ πρόβατα λαβέ μοι ἐκεῖθεν δύο ἐρίφους ἁπαλοὺς καὶ καλούς, καὶ ποιήσω αὐτοὺς ἐδέσματα τῷ πατρί σου, ὡς φιλεῖ,	kai̯ poreu̯tʰeːs eːs ta probata labe moi̯ ekeːtʰen dyo eripʰuːs apaluːs kai̯ kaluːs kai̯ poi̯ɛːsɔː au̯tuːs edesmata tɔː patri suː ɔːs pʰileː	KAI POREUTES ES TA PROBATA LABE MOI EKETEN DUO ERIPUS APALUS KAI KALUS KAI POIESO AUTUS EDESMATA TO PATRI SU OS PILE	ud_ancient_greek_ptnk	4th-5th c. CE (Codex Alexandrinus)	religious	translit_map
ud_ancient_greek_ptnk_Septuagint-Genesis-27:10-grc	καὶ εἰσοίσεις τῷ πατρί σου, καὶ φάγεται, ὅπως εὐλογήσῃ σὲ ὁ πατήρ σου πρὸ τοῦ ἀποθανεῖν αὐτόν.	kai̯ eːsoi̯seːs tɔː patri suː kai̯ pʰaɡetai̯ opɔːs eu̯loɡɛːsɛː se o patɛːr suː pro tuː apotʰaneːn au̯ton	KAI ESOISES TO PATRI SU KAI PAGETAI OPOS EULOGESE SE O PATER SU PRO TU APOTANEN AUTON	ud_ancient_greek_ptnk	4th-5th c. CE (Codex Alexandrinus)	religious	translit_map
ud_ancient_greek_ptnk_Septuagint-Genesis-27:11-grc	εἶπεν δὲ Ἰακὼβ πρὸς Ῥεβέκκαν τὴν μητέρα αὐτοῦ, ἔστιν Ἡσαῦ ὁ ἀδελφός μου ἀνὴρ δασύς, ἐγὼ δὲ ἀνὴρ λεῖος·	eːpen de iakɔːb pros rebekkan tɛːn mɛːtera au̯tuː estin ɛːsau̯ o adelpʰos muː anɛːr dasys eɡɔː de anɛːr leːos	EPEN DE IAKOB PROS REBEKKAN TEN METERA AUTU ESTIN ESAU O ADELPOS MU ANER DASUS EGO DE ANER LEOS	ud_ancient_greek_ptnk	4th-5th c. CE (Codex Alexandrinus)	religious	translit_map
ud_ancient_greek_ptnk_Septuagint-Genesis-27:12-grc	μήποτε ψηλαφήσῃ με ὁ πατήρ μου, καὶ ἔσομαι ἐναντίον αὐτοῦ ὡς καταφρονῶν καὶ ἐπάξω ἐπ᾿ ἐμαυτὸν κατάραν καὶ οὐκ εὐλογίαν.	mɛːpote psɛːlapʰɛːsɛː me o patɛːr muː kai̯ esomai̯ enantion au̯tuː ɔːs katapʰronɔːn kai̯ epaksɔː ep emau̯ton kataran kai̯ uːk eu̯loɡian	MEPOTE PSELAPESE ME O PATER MU KAI ESOMAI ENANTION AUTU OS KATAPRONON KAI EPAKSO EP EMAUTON KATARAN KAI UK EULOGIAN	ud_ancient_greek_ptnk	4th-5th c. CE (Codex Alexandrinus)	religious	translit_map
ud_ancient_greek_ptnk_Septuagint-Genesis-27:13-grc	εἶπεν δὲ αὐτῷ ἡ μήτηρ, ἐπ᾿ ἐμὲ ἡ κατάρα σου, τέκνον· μόνον ὑπάκουσον τῆς φωνῆς μου καὶ πορευθεὶς ἔνεγκέ μοι.	eːpen de au̯tɔː ɛː mɛːtɛːr ep eme ɛː katara suː teknon monon ypakuːson tɛːs pʰɔːnɛːs muː kai̯ poreu̯tʰeːs eneŋke moi̯	EPEN DE AUTO E METER EP EME E KATARA SU TEKNON MONON UPAKUSON TES PONES MU KAI POREUTES ENENKE MOI	ud_ancient_greek_ptnk	4th-5th c. CE (Codex Alexandrinus)	religious	translit_map
ud_ancient_greek_ptnk_Septuagint-Genesis-27:14-grc	πορευθεὶς δὲ ἔλαβεν καὶ ἤνεγκεν τῇ μητρί, καὶ ἐποίησεν ἡ μήτηρ αὐτοῦ ἐδέσματα, καθὰ ἐφίλει ὁ πατὴρ αὐτοῦ.	poreu̯tʰeːs de elaben kai̯ ɛːneŋken tɛː mɛːtri kai̯ epoi̯ɛːsen ɛː mɛːtɛːr au̯tuː edesmata katʰa epʰileː o patɛːr au̯tuː	POREUTES DE ELABEN KAI ENENKEN TE METRI KAI EPOIESEN E METER AUTU EDESMATA KATA EPILE O PATER AUTU	ud_ancient_greek_ptnk	4th-5th c. CE (Codex Alexandrinus)	religious	translit_map
ud_ancient_greek_ptnk_Septuagint-Genesis-27:15-grc	καὶ λαβοῦσα Ῥεβέκκα τὴν στολὴν Ἡσαῦ τοῦ υἱοῦ αὐτῆς τοῦ πρεσβυτέρου τὴν καλήν, ἣ ἦν παρ᾿ αὐτῇ ἐν τῷ οἴκῳ, ἐνέδυσεν Ἰακὼβ τὸν υἱὸν αὐτῆς τὸν νεώτερον	kai̯ labuːsa rebekka tɛːn stolɛːn ɛːsau̯ tuː yi̯uː au̯tɛːs tuː presbyteruː tɛːn kalɛːn ɛː ɛːn par au̯tɛː en tɔː oi̯kɔː enedysen iakɔːb ton yi̯on au̯tɛːs ton neɔːteron	KAI LABUSA REBEKKA TEN STOLEN ESAU TU UIU AUTES TU PRESBUTERU TEN KALEN E EN PAR AUTE EN TO OIKO ENEDUSEN IAKOB TON UION AUTES TON NEOTERON	ud_ancient_greek_ptnk	4th-5th c. CE (Codex Alexandrinus)	religious	translit_map
ud_ancient_greek_ptnk_Septuagint-Genesis-27:16-grc	καὶ τὰ δέρματα τῶν ἐρίφων περιέθηκεν ἐπὶ τοὺς βραχίονας αὐτοῦ καὶ ἐπὶ τὰ γυμνὰ τοῦ τραχήλου αὐτοῦ	kai̯ ta dermata tɔːn eripʰɔːn perietʰɛːken epi tuːs brakʰionas au̯tuː kai̯ epi ta ɡymna tuː trakʰɛːluː au̯tuː	KAI TA DERMATA TON ERIPON PERIETEKEN EPI TUS BRAKIONAS AUTU KAI EPI TA GUMNA TU TRAKELU AUTU	ud_ancient_greek_ptnk	4th-5th c. CE (Codex Alexandrinus)	religious	translit_map
ud_ancient_greek_ptnk_Septuagint-Genesis-27:17-grc	καὶ ἔδωκεν τὰ ἐδέσματα καὶ τοὺς ἄρτους, οὓς ἐποίησεν εἰς τὰς χεῖρας Ἰακὼβ τοῦ υἱοῦ αὐτῆς.	kai̯ edɔːken ta edesmata kai̯ tuːs artuːs uːs epoi̯ɛːsen eːs tas kʰeːras iakɔːb tuː yi̯uː au̯tɛːs	KAI EDOKEN TA EDESMATA KAI TUS ARTUS US EPOIESEN ES TAS KERAS IAKOB TU UIU AUTES	ud_ancient_greek_ptnk	4th-5th c. CE (Codex Alexandrinus)	religious	translit_map
ud_ancient_greek_ptnk_Septuagint-Genesis-27:18-grc	καὶ εἰσήνεγκεν τῷ πατρὶ αὐτοῦ. εἶπεν δέ, πάτερ. ὁ δὲ εἶπεν, ἰδοὺ ἐγώ· τίς εἶ σύ, τέκνον;	kai̯ eːsɛːneŋken tɔː patri au̯tuː eːpen de pater o de eːpen iduː eɡɔː tis eː sy teknon	KAI ESENENKEN TO PATRI AUTU EPEN DE PATER O DE EPEN IDU EGO TIS E SU TEKNON	ud_ancient_greek_ptnk	4th-5th c. CE (Codex Alexandrinus)	religious	translit_map
ud_ancient_greek_ptnk_Septuagint-Genesis-27:19-grc	καὶ εἶπεν Ἰακὼβ τῷ πατρὶ αὐτοῦ, ἐγὼ Ἡσαῦ ὁ πρωτότοκός σου· ἐποίησα, καθὰ ἐλάλησάς μοι· ἀναστὰς κάθισον καὶ φάγε τῆς θήρας μου, ὅπως εὐλογήσῃ με ἡ ψυχή σου.	kai̯ eːpen iakɔːb tɔː patri au̯tuː eɡɔː ɛːsau̯ o prɔːtotokos suː epoi̯ɛːsa katʰa elalɛːsas moi̯ anastas katʰison kai̯ pʰaɡe tɛːs tʰɛːras muː opɔːs eu̯loɡɛːsɛː me ɛː psykʰɛː suː	KAI EPEN IAKOB TO PATRI AUTU EGO ESAU O PROTOTOKOS SU EPOIESA KATA ELALESAS MOI ANASTAS KATISON KAI PAGE TES TERAS MU OPOS EULOGESE ME E PSUKE SU	ud_ancient_greek_ptnk	4th-5th c. CE (Codex Alexandrinus)	religious	translit_map
ud_ancient_greek_ptnk_Septuagint-Genesis-27:20-grc	εἶπεν δὲ Ἰσαὰκ τῷ υἱῷ αὐτοῦ, τί τοῦτο, ὃ ταχὺ εὗρες, ὦ τέκνον; ὁ δὲ εἶπεν, ὃ παρέδωκεν κύριος ὁ θεός σου ἐναντίον μου.	eːpen de isaak tɔː yi̯ɔː au̯tuː ti tuːto o takʰy eu̯res ɔː teknon o de eːpen o paredɔːken kyrios o tʰeos suː enantion muː	EPEN DE ISAAK TO UIO AUTU TI TUTO O TAKU EURES O TEKNON O DE EPEN O PAREDOKEN KURIOS O TEOS SU ENANTION MU	ud_ancient_greek_ptnk	4th-5th c. CE (Codex Alexandrinus)	religious	translit_map
ud_ancient_greek_ptnk_Septuagint-Genesis-27:21-grc	εἶπεν δὲ Ἰσαὰκ τῷ Ἰακώβ, ἔγγισόν μοι, καὶ ψηλαφήσω σε, τέκνον, εἰ σὺ εἶ ὁ υἱός μου Ἡσαῦ ἢ οὔ.	eːpen de isaak tɔː iakɔːb eŋɡison moi̯ kai̯ psɛːlapʰɛːsɔː se teknon eː sy eː o yi̯os muː ɛːsau̯ ɛː uː	EPEN DE ISAAK TO IAKOB ENGISON MOI KAI PSELAPESO SE TEKNON E SU E O UIOS MU ESAU E U	ud_ancient_greek_ptnk	4th-5th c. CE (Codex Alexandrinus)	religious	translit_map
ud_ancient_greek_ptnk_Septuagint-Genesis-27:22-grc	ἤγγισεν δὲ Ἰακὼβ πρὸς Ἰσαὰκ τὸν πατέρα αὐτοῦ, καὶ ἐψηλάφησεν αὐτὸν καὶ εἶπεν, ἡ μὲν φωνή, φωνὴ Ἰακώβ, αἱ δὲ χεῖρες χεῖρες Ἡσαῦ.	ɛːŋɡisen de iakɔːb pros isaak ton patera au̯tuː kai̯ epsɛːlapʰɛːsen au̯ton kai̯ eːpen ɛː men pʰɔːnɛː pʰɔːnɛː iakɔːb ai̯ de kʰeːres kʰeːres ɛːsau̯	ENGISEN DE IAKOB PROS ISAAK TON PATERA AUTU KAI EPSELAPESEN AUTON KAI EPEN E MEN PONE PONE IAKOB AI DE KERES KERES ESAU	ud_ancient_greek_ptnk	4th-5th c. CE (Codex Alexandrinus)	religious	translit_map
ud_ancient_greek_ptnk_Septuagint-Genesis-27:23-grc	καὶ οὐκ ἐπέγνω αὐτόν· ἦσαν γὰρ αἱ χεῖρες αὐτοῦ ὡς αἱ χεῖρες Ἡσαῦ τοῦ ἀδελφοῦ αὐτοῦ δασεῖαι· καὶ ηὐλόγησεν αὐτόν.	kai̯ uːk epeɡnɔː au̯ton ɛːsan ɡar ai̯ kʰeːres au̯tuː ɔːs ai̯ kʰeːres ɛːsau̯ tuː adelpʰuː au̯tuː daseːai̯ kai̯ ɛːyloɡɛːsen au̯ton	KAI UK EPEGNO AUTON ESAN GAR AI KERES AUTU OS AI KERES ESAU TU ADELPU AUTU DASEAI KAI EULOGESEN AUTON	ud_ancient_greek_ptnk	4th-5th c. CE (Codex Alexandrinus)	religious	translit_map
ud_ancient_greek_ptnk_Septuagint-Genesis-27:24-grc	καὶ εἶπεν, σὺ εἶ ὁ υἱός μου Ἡσαῦ; ὁ δὲ εἶπεν, ἐγώ.	kai̯ eːpen sy eː o yi̯os muː ɛːsau̯ o de eːpen eɡɔː	KAI EPEN SU E O UIOS MU ESAU O DE EPEN EGO	ud_ancient_greek_ptnk	4th-5th c. CE (Codex Alexandrinus)	religious	translit_map
ud_ancient_greek_ptnk_Septuagint-Genesis-27:25-grc	καὶ εἶπεν, προσάγαγέ μοι, καὶ φάγομαι ἀπὸ τῆς θήρας σου, τέκνον, ἵνα εὐλογήσῃ σὲ ἡ ψυχή μου. καὶ προσήγαγεν αὐτῷ, καὶ ἔφαγεν· καὶ εἰσήνεγκεν αὐτῷ οἶνον, καὶ ἔπιεν.	kai̯ eːpen prosaɡaɡe moi̯ kai̯ pʰaɡomai̯ apo tɛːs tʰɛːras suː teknon ina eu̯loɡɛːsɛː se ɛː psykʰɛː muː kai̯ prosɛːɡaɡen au̯tɔː kai̯ epʰaɡen kai̯ eːsɛːneŋken au̯tɔː oi̯non kai̯ epien	KAI EPEN PROSAGAGE MOI KAI PAGOMAI APO TES TERAS SU TEKNON INA EULOGESE SE E PSUKE MU KAI PROSEGAGEN AUTO KAI EPAGEN KAI ESENENKEN AUTO OINON KAI EPIEN	ud_ancient_greek_ptnk	4th-5th c. CE (Codex Alexandrinus)	religious	translit_map
ud_ancient_greek_ptnk_Septuagint-Genesis-27:26-grc	καὶ εἶπεν αὐτῷ Ἰσαὰκ ὁ πατὴρ αὐτοῦ, ἔγγισόν μοι καὶ φίλησόν με, τέκνον.	kai̯ eːpen au̯tɔː isaak o patɛːr au̯tuː eŋɡison moi̯ kai̯ pʰilɛːson me teknon	KAI EPEN AUTO ISAAK O PATER AUTU ENGISON MOI KAI PILESON ME TEKNON	ud_ancient_greek_ptnk	4th-5th c. CE (Codex Alexandrinus)	religious	translit_map
ud_ancient_greek_ptnk_Septuagint-Genesis-27:27-grc	καὶ ἐγγίσας ἐφίλησεν αὐτόν, καὶ ὠσφράνθη τὴν ὀσμὴν τῶν ἱματίων αὐτοῦ καὶ ηὐλόγησεν αὐτὸν καὶ εἶπεν, ἰδοὺ ὀσμὴ τοῦ υἱοῦ μου ὡς ὀσμὴ ἀγροῦ πλήρους ὃν ηὐλόγησεν κύριος.	kai̯ eŋɡisas epʰilɛːsen au̯ton kai̯ ɔːspʰrantʰɛː tɛːn osmɛːn tɔːn imatiɔːn au̯tuː kai̯ ɛːyloɡɛːsen au̯ton kai̯ eːpen iduː osmɛː tuː yi̯uː muː ɔːs osmɛː aɡruː plɛːruːs on ɛːyloɡɛːsen kyrios	KAI ENGISAS EPILESEN AUTON KAI OSPRANTE TEN OSMEN TON IMATION AUTU KAI EULOGESEN AUTON KAI EPEN IDU OSME TU UIU MU OS OSME AGRU PLERUS ON EULOGESEN KURIOS	ud_ancient_greek_ptnk	4th-5th c. CE (Codex Alexandrinus)	religious	translit_map
ud_ancient_greek_ptnk_Septuagint-Genesis-27:28-grc	καὶ δῴη σοί ὁ θεὸς ἀπὸ τῆς δρόσου τοῦ οὐρανοῦ καὶ ἀπὸ τῆς πιότητος τῆς γῆς καὶ πλῆθος σίτου καὶ οἴνου.	kai̯ dɔːɛː soi̯ o tʰeos apo tɛːs drosuː tuː uːranuː kai̯ apo tɛːs piotɛːtos tɛːs ɡɛːs kai̯ plɛːtʰos situː kai̯ oi̯nuː	KAI DOE SOI O TEOS APO TES DROSU TU URANU KAI APO TES PIOTETOS TES GES KAI PLETOS SITU KAI OINU	ud_ancient_greek_ptnk	4th-5th c. CE (Codex Alexandrinus)	religious	translit_map
ud_ancient_greek_ptnk_Septuagint-Genesis-27:29-grc	καὶ δουλευσάτωσάν σοί ἔθνη, καὶ προσκυνήσουσίν σοί ἄρχοντες· καὶ γίνου κύριος τοῦ ἀδελφοῦ σου, καὶ προσκυνήσουσίν σοί οἱ υἱοὶ τοῦ πατρός σου. ὁ καταρώμενός σὲ ἐπικατάρατος, ὁ δὲ εὐλογῶν σὲ εὐλογημένος.	kai̯ duːleu̯satɔːsan soi̯ etʰnɛː kai̯ proskynɛːsuːsin soi̯ arkʰontes kai̯ ɡinuː kyrios tuː adelpʰuː suː kai̯ proskynɛːsuːsin soi̯ oi̯ yi̯oi̯ tuː patros suː o katarɔːmenos se epikataratos o de eu̯loɡɔːn se eu̯loɡɛːmenos	KAI DULEUSATOSAN SOI ETNE KAI PROSKUNESUSIN SOI ARKONTES KAI GINU KURIOS TU ADELPU SU KAI PROSKUNESUSIN SOI OI UIOI TU PATROS SU O KATAROMENOS SE EPIKATARATOS O DE EULOGON SE EULOGEMENOS	ud_ancient_greek_ptnk	4th-5th c. CE (Codex Alexandrinus)	religious	translit_map
ud_ancient_greek_ptnk_Septuagint-Genesis-27:30-grc	καὶ ἐγένετο μετὰ τὸ παύσασθαι Ἰσαὰκ εὐλογοῦντα Ἰακὼβ τὸν υἱὸν αὐτοῦ καὶ ἐγένετο ὡς ἐξῆλθεν Ἰακὼβ ἀπὸ προσώπου Ἰσαὰκ τοῦ πατρὸς αὐτοῦ, καὶ Ἡσαῦ ὁ ἀδελφὸς αὐτοῦ ἦλθεν ἀπὸ τῆς θήρας.	kai̯ eɡeneto meta to pau̯sastʰai̯ isaak eu̯loɡuːnta iakɔːb ton yi̯on au̯tuː kai̯ eɡeneto ɔːs eksɛːltʰen iakɔːb apo prosɔːpuː isaak tuː patros au̯tuː kai̯ ɛːsau̯ o adelpʰos au̯tuː ɛːltʰen apo tɛːs tʰɛːras	KAI EGENETO META TO PAUSASTAI ISAAK EULOGUNTA IAKOB TON UION AUTU KAI EGENETO OS EKSELTEN IAKOB APO PROSOPU ISAAK TU PATROS AUTU KAI ESAU O ADELPOS AUTU ELTEN APO TES TERAS	ud_ancient_greek_ptnk	4th-5th c. CE (Codex Alexandrinus)	religious	translit_map
ud_ancient_greek_ptnk_Septuagint-Genesis-27:31-grc	καὶ ἐποίησεν καὶ αὐτὸς ἐδέσματα καὶ προσήνεγκεν τῷ πατρὶ αὐτοῦ καὶ εἶπεν τῷ πατρί, ἀναστήτω ὁ πατήρ μου καὶ φαγέτω τῆς θήρας τοῦ υἱοῦ αὐτοῦ, ὅπως εὐλογήσῃ με ἡ ψυχή σου.	kai̯ epoi̯ɛːsen kai̯ au̯tos edesmata kai̯ prosɛːneŋken tɔː patri au̯tuː kai̯ eːpen tɔː patri anastɛːtɔː o patɛːr muː kai̯ pʰaɡetɔː tɛːs tʰɛːras tuː yi̯uː au̯tuː opɔːs eu̯loɡɛːsɛː me ɛː psykʰɛː suː	KAI EPOIESEN KAI AUTOS EDESMATA KAI PROSENENKEN TO PATRI AUTU KAI EPEN TO PATRI ANASTETO O PATER MU KAI PAGETO TES TERAS TU UIU AUTU OPOS EULOGESE ME E PSUKE SU	ud_ancient_greek_ptnk	4th-5th c. CE (Codex Alexandrinus)	religious	translit_map
ud_ancient_greek_ptnk_Septuagint-Genesis-27:32-grc	καὶ εἶπεν αὐτῷ Ἰσαὰκ ὁ πατὴρ αὐτοῦ, τίς εἶ σύ; ὁ δὲ εἶπεν, ἐγώ εἰμι ὁ υἱός σου ὁ πρωτότοκος Ἡσαῦ.	kai̯ eːpen au̯tɔː isaak o patɛːr au̯tuː tis eː sy o de eːpen eɡɔː eːmi o yi̯os suː o prɔːtotokos ɛːsau̯	KAI EPEN AUTO ISAAK O PATER AUTU TIS E SU O DE EPEN EGO EMI O UIOS SU O PROTOTOKOS ESAU	ud_ancient_greek_ptnk	4th-5th c. CE (Codex Alexandrinus)	religious	translit_map
ud_ancient_greek_ptnk_Septuagint-Genesis-27:33-grc	ἐξέστη δὲ Ἰσαὰκ ἔκστασιν μεγάλην σφόδρα καὶ εἶπεν, τίς οὖν ὁ θηρεύσας μοι θήραν καὶ εἰσενέγκας μοι; καὶ ἔφαγον ἀπὸ πάντων πρὸ τοῦ σὲ ἐλθεῖν καὶ ηὐλόγησα αὐτόν, καὶ εὐλογημένος ἔστω.	eksestɛː de isaak ekstasin meɡalɛːn spʰodra kai̯ eːpen tis uːn o tʰɛːreu̯sas moi̯ tʰɛːran kai̯ eːseneŋkas moi̯ kai̯ epʰaɡon apo pantɔːn pro tuː se eltʰeːn kai̯ ɛːyloɡɛːsa au̯ton kai̯ eu̯loɡɛːmenos estɔː	EKSESTE DE ISAAK EKSTASIN MEGALEN SPODRA KAI EPEN TIS UN O TEREUSAS MOI TERAN KAI ESENENKAS MOI KAI EPAGON APO PANTON PRO TU SE ELTEN KAI EULOGESA AUTON KAI EULOGEMENOS ESTO	ud_ancient_greek_ptnk	4th-5th c. CE (Codex Alexandrinus)	religious	translit_map
ud_ancient_greek_ptnk_Septuagint-Genesis-27:34-grc	ἐγένετο δὲ ἡνίκα ἤκουσεν Ἡσαῦ τὰ ῥήματα Ἰσαὰκ τοῦ πατρὸς αὐτοῦ, ἀνεβόησεν φωνὴν μεγάλην καὶ πικρὰν σφόδρα καὶ εἶπεν, εὐλόγησον δὴ κἀμέ, πάτερ.	eɡeneto de ɛːnika ɛːkuːsen ɛːsau̯ ta rɛːmata isaak tuː patros au̯tuː aneboɛːsen pʰɔːnɛːn meɡalɛːn kai̯ pikran spʰodra kai̯ eːpen eu̯loɡɛːson dɛː kame pater	EGENETO DE ENIKA EKUSEN ESAU TA REMATA ISAAK TU PATROS AUTU ANEBOESEN PONEN MEGALEN KAI PIKRAN SPODRA KAI EPEN EULOGESON DE KAME PATER	ud_ancient_greek_ptnk	4th-5th c. CE (Codex Alexandrinus)	religious	translit_map
ud_ancient_greek_ptnk_Septuagint-Genesis-27:35-grc	εἶπεν δὲ αὐτῷ, ἐλθὼν ὁ ἀδελφός σου μετὰ δόλου ἔλαβεν τὴν εὐλογίαν σου.	eːpen de au̯tɔː eltʰɔːn o adelpʰos suː meta doluː elaben tɛːn eu̯loɡian suː	EPEN DE AUTO ELTON O ADELPOS SU META DOLU ELABEN TEN EULOGIAN SU	ud_ancient_greek_ptnk	4th-5th c. CE (Codex Alexandrinus)	religious	translit_map
ud_ancient_greek_ptnk_Septuagint-Genesis-27:36-grc	καὶ εἶπεν, δικαίως ἐκλήθη τὸ ὄνομα αὐτοῦ Ἰακώβ· ἐπτέρνικεν γάρ με ἤδη δεύτερον τοῦτο· τά τε πρωτοτόκιά μου εἴληφεν καὶ νῦν εἴληφεν τὴν εὐλογίαν μου. καὶ εἶπεν Ἡσαῦ τῷ πατρὶ αὐτοῦ, οὐχ ὑπελίπω μοι εὐλογίαν, πάτερ;	kai̯ eːpen dikai̯ɔːs eklɛːtʰɛː to onoma au̯tuː iakɔːb epterniken ɡar me ɛːdɛː deu̯teron tuːto ta te prɔːtotokia muː eːlɛːpʰen kai̯ nyn eːlɛːpʰen tɛːn eu̯loɡian muː kai̯ eːpen ɛːsau̯ tɔː patri au̯tuː uːkʰ ypelipɔː moi̯ eu̯loɡian pater	KAI EPEN DIKAIOS EKLETE TO ONOMA AUTU IAKOB EPTERNIKEN GAR ME EDE DEUTERON TUTO TA TE PROTOTOKIA MU ELEPEN KAI NUN ELEPEN TEN EULOGIAN MU KAI EPEN ESAU TO PATRI AUTU UK UPELIPO MOI EULOGIAN PATER	ud_ancient_greek_ptnk	4th-5th c. CE (Codex Alexandrinus)	religious	translit_map
ud_ancient_greek_ptnk_Septuagint-Genesis-27:37-grc	ἀποκριθεὶς δὲ Ἰσαὰκ εἶπεν τῷ Ἡσαῦ, εἰ κύριον αὐτὸν ἐποίησά σου καὶ πάντας τοὺς ἀδελφοὺς αὐτοῦ ἐποίησα αὐτοῦ οἰκέτας, σίτῳ καὶ οἴνῳ ἐστήρισα αὐτόν, σοί δὲ τί ποιήσω, τέκνον;	apokritʰeːs de isaak eːpen tɔː ɛːsau̯ eː kyrion au̯ton epoi̯ɛːsa suː kai̯ pantas tuːs adelpʰuːs au̯tuː epoi̯ɛːsa au̯tuː oi̯ketas sitɔː kai̯ oi̯nɔː estɛːrisa au̯ton soi̯ de ti poi̯ɛːsɔː teknon	APOKRITES DE ISAAK EPEN TO ESAU E KURION AUTON EPOIESA SU KAI PANTAS TUS ADELPUS AUTU EPOIESA AUTU OIKETAS SITO KAI OINO ESTERISA AUTON SOI DE TI POIESO TEKNON	ud_ancient_greek_ptnk	4th-5th c. CE (Codex Alexandrinus)	religious	translit_map
ud_ancient_greek_ptnk_Septuagint-Genesis-27:38-grc	εἶπεν δὲ Ἡσαῦ πρὸς τὸν πατέρα αὐτοῦ, μὴ εὐλογία μία Σοὶ ἐστιν, πάτερ; εὐλόγησον δὴ κἀμέ, πάτερ. κατανυχθέντος δὲ Ἰσαὰκ ἀνεβόησεν φωνὴν Ἡσαῦ καὶ ἔκλαυσεν.	eːpen de ɛːsau̯ pros ton patera au̯tuː mɛː eu̯loɡia mia soi̯ estin pater eu̯loɡɛːson dɛː kame pater katanykʰtʰentos de isaak aneboɛːsen pʰɔːnɛːn ɛːsau̯ kai̯ eklau̯sen	EPEN DE ESAU PROS TON PATERA AUTU ME EULOGIA MIA SOI ESTIN PATER EULOGESON DE KAME PATER KATANUKTENTOS DE ISAAK ANEBOESEN PONEN ESAU KAI EKLAUSEN	ud_ancient_greek_ptnk	4th-5th c. CE (Codex Alexandrinus)	religious	translit_map
ud_ancient_greek_ptnk_Septuagint-Genesis-27:39-grc	ἀποκριθεὶς δὲ Ἰσαὰκ ὁ πατὴρ αὐτοῦ εἶπεν αὐτῷ, ἰδοὺ ἀπὸ τῆς πιότητος τῆς γῆς ἔσται ἡ κατοίκησίς σου καὶ ἀπὸ τῆς δρόσου τοῦ οὐρανοῦ ἄνωθεν·	apokritʰeːs de isaak o patɛːr au̯tuː eːpen au̯tɔː iduː apo tɛːs piotɛːtos tɛːs ɡɛːs estai̯ ɛː katoi̯kɛːsis suː kai̯ apo tɛːs drosuː tuː uːranuː anɔːtʰen	APOKRITES DE ISAAK O PATER AUTU EPEN AUTO IDU APO TES PIOTETOS TES GES ESTAI E KATOIKESIS SU KAI APO TES DROSU TU URANU ANOTEN	ud_ancient_greek_ptnk	4th-5th c. CE (Codex Alexandrinus)	religious	translit_map
ud_ancient_greek_ptnk_Septuagint-Genesis-27:40-grc	καὶ ἐπὶ τῇ μαχαίρῃ σου ζήσῃ καὶ τῷ ἀδελφῷ σου δουλεύσεις· ἔσται δὲ ἡνίκα ἐὰν καθέλῃς, καὶ ἐκλύσεις τὸν ζυγὸν αὐτοῦ ἀπὸ τοῦ τραχήλου σου.	kai̯ epi tɛː makʰai̯rɛː suː zdɛːsɛː kai̯ tɔː adelpʰɔː suː duːleu̯seːs estai̯ de ɛːnika ean katʰelɛːs kai̯ eklyseːs ton zdyɡon au̯tuː apo tuː trakʰɛːluː suː	KAI EPI TE MAKAIRE SU SDESE KAI TO ADELPO SU DULEUSES ESTAI DE ENIKA EAN KATELES KAI EKLUSES TON SDUGON AUTU APO TU TRAKELU SU	ud_ancient_greek_ptnk	4th-5th c. CE (Codex Alexandrinus)	religious	translit_map
ud_ancient_greek_ptnk_Septuagint-Genesis-27:41-grc	καὶ ἐνεκότει Ἡσαῦ τῷ Ἰακὼβ περὶ τῆς εὐλογίας, ἧς εὐλόγησεν αὐτὸν ὁ πατὴρ αὐτοῦ· εἶπεν δὲ Ἡσαῦ ἐν τῇ διανοίᾳ, ἐγγισάτωσαν αἱ ἡμέραι τοῦ πένθους τοῦ πατρός μου, ἵνα ἀποκτείνω Ἰακὼβ τὸν ἀδελφόν μου.	kai̯ enekoteː ɛːsau̯ tɔː iakɔːb peri tɛːs eu̯loɡias ɛːs eu̯loɡɛːsen au̯ton o patɛːr au̯tuː eːpen de ɛːsau̯ en tɛː dianoi̯a eŋɡisatɔːsan ai̯ ɛːmerai̯ tuː pentʰuːs tuː patros muː ina apokteːnɔː iakɔːb ton adelpʰon muː	KAI ENEKOTE ESAU TO IAKOB PERI TES EULOGIAS ES EULOGESEN AUTON O PATER AUTU EPEN DE ESAU EN TE DIANOIA ENGISATOSAN AI EMERAI TU PENTUS TU PATROS MU INA APOKTENO IAKOB TON ADELPON MU	ud_ancient_greek_ptnk	4th-5th c. CE (Codex Alexandrinus)	religious	translit_map
ud_ancient_greek_ptnk_Septuagint-Genesis-27:42-grc	ἀπηγγέλη δὲ Ῥεβέκκα τὰ ῥήματα Ἡσαῦ τοῦ υἱοῦ αὐτῆς τοῦ πρεσβυτέρου, καὶ πέμψασα ἐκάλεσεν Ἰακὼβ τὸν υἱὸν αὐτῆς τὸν νεώτερον καὶ εἶπεν αὐτῷ, ἰδοὺ Ἡσαῦ ὁ ἀδελφός σου ἀπειλεῖ σοί τοῦ ἀποκτεῖναί σε.	apɛːŋɡelɛː de rebekka ta rɛːmata ɛːsau̯ tuː yi̯uː au̯tɛːs tuː presbyteruː kai̯ pempsasa ekalesen iakɔːb ton yi̯on au̯tɛːs ton neɔːteron kai̯ eːpen au̯tɔː iduː ɛːsau̯ o adelpʰos suː apeːleː soi̯ tuː apokteːnai̯ se	APENGELE DE REBEKKA TA REMATA ESAU TU UIU AUTES TU PRESBUTERU KAI PEMPSASA EKALESEN IAKOB TON UION AUTES TON NEOTERON KAI EPEN AUTO IDU ESAU O ADELPOS SU APELE SOI TU APOKTENAI SE	ud_ancient_greek_ptnk	4th-5th c. CE (Codex Alexandrinus)	religious	translit_map
ud_ancient_greek_ptnk_Septuagint-Genesis-27:43-grc	νῦν οὖν, τέκνον, ἄκουσόν μου τῆς φωνῆς καὶ ἀναστὰς ἀπόδραθι εἰς τὴν Μεσοποταμίαν πρὸς Λαβὰν τὸν ἀδελφόν μου εἰς Χαρρὰν	nyn uːn teknon akuːson muː tɛːs pʰɔːnɛːs kai̯ anastas apodratʰi eːs tɛːn mesopotamian pros laban ton adelpʰon muː eːs kʰarran	NUN UN TEKNON AKUSON MU TES PONES KAI ANASTAS APODRATI ES TEN MESOPOTAMIAN PROS LABAN TON ADELPON MU ES KARRAN	ud_ancient_greek_ptnk	4th-5th c. CE (Codex Alexandrinus)	religious	translit_map
ud_ancient_greek_ptnk_Septuagint-Genesis-27:44-45-grc	καὶ οἴκησον μετ᾿ αὐτοῦ ἡμέρας τινὰς ἕως τοῦ ἀποστρέψαι τὸν θυμὸν καὶ τὴν ὀργὴν τοῦ ἀδελφοῦ σου ἀπὸ σου καὶ ἐπιλάθηται ἃ πεποίηκας αὐτῷ, καὶ ἀποστείλασα μεταπέμψομαί σὲ ἐκεῖθεν, μήποτε ἀτεκνωθῶ ἀπὸ τῶν δύο ὑμῶν ἐν ἡμέρᾳ μιᾷ.	kai̯ oi̯kɛːson met au̯tuː ɛːmeras tinas eɔːs tuː apostrepsai̯ ton tʰymon kai̯ tɛːn orɡɛːn tuː adelpʰuː suː apo suː kai̯ epilatʰɛːtai̯ a pepoi̯ɛːkas au̯tɔː kai̯ aposteːlasa metapempsomai̯ se ekeːtʰen mɛːpote ateknɔːtʰɔː apo tɔːn dyo ymɔːn en ɛːmera mia	KAI OIKESON MET AUTU EMERAS TINAS EOS TU APOSTREPSAI TON TUMON KAI TEN ORGEN TU ADELPU SU APO SU KAI EPILATETAI A PEPOIEKAS AUTO KAI APOSTELASA METAPEMPSOMAI SE EKETEN MEPOTE ATEKNOTO APO TON DUO UMON EN EMERA MIA	ud_ancient_greek_ptnk	4th-5th c. CE (Codex Alexandrinus)	religious	translit_map
ud_ancient_greek_ptnk_Septuagint-Genesis-27:46-grc	εἶπεν δὲ Ῥεβέκκα πρὸς Ἰσαάκ, προσώχθικα τῇ ζωῇ μου διὰ τὰς θυγατέρας τῶν υἱῶν Χέτ· εἰ λήμψεται Ἰακὼβ γυναῖκα ἀπὸ τῶν θυγατέρων τῆς γῆς ταύτης, ἵνα τί μοι ζῆν;	eːpen de rebekka pros isaak prosɔːkʰtʰika tɛː zdɔːɛː muː dia tas tʰyɡateras tɔːn yi̯ɔːn kʰet eː lɛːmpsetai̯ iakɔːb ɡynai̯ka apo tɔːn tʰyɡaterɔːn tɛːs ɡɛːs tau̯tɛːs ina ti moi̯ zdɛːn	EPEN DE REBEKKA PROS ISAAK PROSOKTIKA TE SDOE MU DIA TAS TUGATERAS TON UION KET E LEMPSETAI IAKOB GUNAIKA APO TON TUGATERON TES GES TAUTES INA TI MOI SDEN	ud_ancient_greek_ptnk	4th-5th c. CE (Codex Alexandrinus)	religious	translit_map
ud_ancient_greek_ptnk_Septuagint-Genesis-28:1-grc	προσκαλεσάμενος δὲ Ἰσαὰκ τὸν Ἰακὼβ εὐλόγησεν αὐτὸν καὶ ἐνετείλατο αὐτῷ λέγων, οὐ λήμψῃ γυναῖκα ἐκ τῶν θυγατέρων Χαναάν.	proskalesamenos de isaak ton iakɔːb eu̯loɡɛːsen au̯ton kai̯ eneteːlato au̯tɔː leɡɔːn uː lɛːmpsɛː ɡynai̯ka ek tɔːn tʰyɡaterɔːn kʰanaan	PROSKALESAMENOS DE ISAAK TON IAKOB EULOGESEN AUTON KAI ENETELATO AUTO LEGON U LEMPSE GUNAIKA EK TON TUGATERON KANAAN	ud_ancient_greek_ptnk	4th-5th c. CE (Codex Alexandrinus)	religious	translit_map
ud_ancient_greek_ptnk_Septuagint-Genesis-28:2-grc	ἀναστὰς ἀπόδραθι εἰς τὴν Μεσοποταμίαν εἰς τὸν οἶκον Βαθουὴλ τοῦ πατρὸς τῆς μητρός σου καὶ λαβὲ σεαυτῷ ἐκεῖθεν γυναῖκα ἐκ τῶν θυγατέρων Λαβὰν τοῦ ἀδελφοῦ τῆς μητρός σου.	anastas apodratʰi eːs tɛːn mesopotamian eːs ton oi̯kon batʰuːɛːl tuː patros tɛːs mɛːtros suː kai̯ labe seau̯tɔː ekeːtʰen ɡynai̯ka ek tɔːn tʰyɡaterɔːn laban tuː adelpʰuː tɛːs mɛːtros suː	ANASTAS APODRATI ES TEN MESOPOTAMIAN ES TON OIKON BATUEL TU PATROS TES METROS SU KAI LABE SEAUTO EKETEN GUNAIKA EK TON TUGATERON LABAN TU ADELPU TES METROS SU	ud_ancient_greek_ptnk	4th-5th c. CE (Codex Alexandrinus)	religious	translit_map
ud_ancient_greek_ptnk_Septuagint-Genesis-28:3-grc	ὁ δὲ θεός μου εὐλογήσαι σὲ καὶ αὐξήσαι σὲ καὶ πληθύναι σε, καὶ ἔσῃ εἰς συναγωγὰς ἐθνῶν·	o de tʰeos muː eu̯loɡɛːsai̯ se kai̯ au̯ksɛːsai̯ se kai̯ plɛːtʰynai̯ se kai̯ esɛː eːs synaɡɔːɡas etʰnɔːn	O DE TEOS MU EULOGESAI SE KAI AUKSESAI SE KAI PLETUNAI SE KAI ESE ES SUNAGOGAS ETNON	ud_ancient_greek_ptnk	4th-5th c. CE (Codex Alexandrinus)	religious	translit_map
ud_ancient_greek_ptnk_Septuagint-Genesis-28:4-grc	καὶ δῴη σοί τὴν εὐλογίαν Ἁβραὰμ τοῦ πατρός μου, σοί καὶ τῷ σπέρματί σου μετὰ σέ, κληρονομῆσαι τὴν γῆν τῆς παροικήσεώς σου, ἣν ἔδωκεν ὁ θεὸς τῷ Ἁβραάμ.	kai̯ dɔːɛː soi̯ tɛːn eu̯loɡian abraam tuː patros muː soi̯ kai̯ tɔː spermati suː meta se klɛːronomɛːsai̯ tɛːn ɡɛːn tɛːs paroi̯kɛːseɔːs suː ɛːn edɔːken o tʰeos tɔː abraam	KAI DOE SOI TEN EULOGIAN ABRAAM TU PATROS MU SOI KAI TO SPERMATI SU META SE KLERONOMESAI TEN GEN TES PAROIKESEOS SU EN EDOKEN O TEOS TO ABRAAM	ud_ancient_greek_ptnk	4th-5th c. CE (Codex Alexandrinus)	religious	translit_map
ud_ancient_greek_ptnk_Septuagint-Genesis-28:5-grc	καὶ ἀπέστειλεν Ἰσαὰκ τὸν Ἰακώβ, καὶ ἐπορεύθη εἰς τὴν Μεσοποταμίαν πρὸς Λαβὰν τὸν υἱὸν Βαθουὴλ τοῦ Σύρου ἀδελφὸν δὲ Ῥεβέκκας τῆς μητρὸς Ἰακὼβ καὶ Ἡσαῦ.	kai̯ apesteːlen isaak ton iakɔːb kai̯ eporeu̯tʰɛː eːs tɛːn mesopotamian pros laban ton yi̯on batʰuːɛːl tuː syruː adelpʰon de rebekkas tɛːs mɛːtros iakɔːb kai̯ ɛːsau̯	KAI APESTELEN ISAAK TON IAKOB KAI EPOREUTE ES TEN MESOPOTAMIAN PROS LABAN TON UION BATUEL TU SURU ADELPON DE REBEKKAS TES METROS IAKOB KAI ESAU	ud_ancient_greek_ptnk	4th-5th c. CE (Codex Alexandrinus)	religious	translit_map
ud_ancient_greek_ptnk_Septuagint-Genesis-28:6-grc	εἶδεν δὲ Ἡσαῦ ὅτι εὐλόγησεν Ἰσαὰκ τὸν Ἰακὼβ καὶ ἀπῴχετο εἰς τὴν Μεσοποταμίαν Συρίας λαβεῖν ἑαυτῷ ἐκεῖθεν γυναῖκα ἐν τῷ εὐλογεῖν αὐτὸν καὶ ἐνετείλατο αὐτῷ λέγων, οὐ λήμψῃ γυναῖκα ἀπὸ τῶν θυγατέρων Χαναάν,	eːden de ɛːsau̯ oti eu̯loɡɛːsen isaak ton iakɔːb kai̯ apɔːkʰeto eːs tɛːn mesopotamian syrias labeːn eau̯tɔː ekeːtʰen ɡynai̯ka en tɔː eu̯loɡeːn au̯ton kai̯ eneteːlato au̯tɔː leɡɔːn uː lɛːmpsɛː ɡynai̯ka apo tɔːn tʰyɡaterɔːn kʰanaan	EDEN DE ESAU OTI EULOGESEN ISAAK TON IAKOB KAI APOKETO ES TEN MESOPOTAMIAN SURIAS LABEN EAUTO EKETEN GUNAIKA EN TO EULOGEN AUTON KAI ENETELATO AUTO LEGON U LEMPSE GUNAIKA APO TON TUGATERON KANAAN	ud_ancient_greek_ptnk	4th-5th c. CE (Codex Alexandrinus)	religious	translit_map
ud_ancient_greek_ptnk_Septuagint-Genesis-28:7-grc	καὶ ἤκουσεν Ἰακὼβ τοῦ πατρὸς καὶ τῆς μητρὸς αὐτοῦ καὶ ἐπορεύθη εἰς τὴν Μεσοποταμίαν Συρίας,	kai̯ ɛːkuːsen iakɔːb tuː patros kai̯ tɛːs mɛːtros au̯tuː kai̯ eporeu̯tʰɛː eːs tɛːn mesopotamian syrias	KAI EKUSEN IAKOB TU PATROS KAI TES METROS AUTU KAI EPOREUTE ES TEN MESOPOTAMIAN SURIAS	ud_ancient_greek_ptnk	4th-5th c. CE (Codex Alexandrinus)	religious	translit_map
ud_ancient_greek_ptnk_Septuagint-Genesis-28:8-grc	καὶ εἶδεν Ἡσαῦ ὅτι πονηραί εἰσιν αἱ θυγατέρες Χαναὰν ἐναντίον Ἰσαὰκ τοῦ πατρὸς αὐτοῦ,	kai̯ eːden ɛːsau̯ oti ponɛːrai̯ eːsin ai̯ tʰyɡateres kʰanaan enantion isaak tuː patros au̯tuː	KAI EDEN ESAU OTI PONERAI ESIN AI TUGATERES KANAAN ENANTION ISAAK TU PATROS AUTU	ud_ancient_greek_ptnk	4th-5th c. CE (Codex Alexandrinus)	religious	translit_map
ud_ancient_greek_ptnk_Septuagint-Genesis-28:9-grc	καὶ ἐπορεύθη Ἡσαῦ πρὸς Ἰσμαὴλ καὶ ἔλαβεν τὴν Μαελὲθ θυγατέρα Ἰσμαὴλ τοῦ υἱοῦ Ἁβραὰμ ἀδελφὴν Ναβαϊὼθ πρὸς ταῖς γυναιξὶν αὐτοῦ γυναῖκα.	kai̯ eporeu̯tʰɛː ɛːsau̯ pros ismaɛːl kai̯ elaben tɛːn maeletʰ tʰyɡatera ismaɛːl tuː yi̯uː abraam adelpʰɛːn nabai̯ɔːtʰ pros tai̯s ɡynai̯ksin au̯tuː ɡynai̯ka	KAI EPOREUTE ESAU PROS ISMAEL KAI ELABEN TEN MAELET TUGATERA ISMAEL TU UIU ABRAAM ADELPEN NABAIOT PROS TAIS GUNAIKSIN AUTU GUNAIKA	ud_ancient_greek_ptnk	4th-5th c. CE (Codex Alexandrinus)	religious	translit_map
ud_ancient_greek_ptnk_Septuagint-Genesis-28:10-grc	καὶ ἐξῆλθεν Ἰακὼβ ἀπὸ τοῦ φρέατος τοῦ ὅρκου καὶ ἐπορεύθη εἰς Χαρράν.	kai̯ eksɛːltʰen iakɔːb apo tuː pʰreatos tuː orkuː kai̯ eporeu̯tʰɛː eːs kʰarran	KAI EKSELTEN IAKOB APO TU PREATOS TU ORKU KAI EPOREUTE ES KARRAN	ud_ancient_greek_ptnk	4th-5th c. CE (Codex Alexandrinus)	religious	translit_map
ud_ancient_greek_ptnk_Septuagint-Genesis-28:11-grc	καὶ ἀπήντησεν τόπῳ καὶ ἐκοιμήθη ἐκεῖ· ἔδυ γὰρ ὁ ἥλιος· καὶ ἔλαβεν ἀπὸ τῶν λίθων τοῦ τόπου καὶ ἔθηκεν πρὸς κεφαλῆς αὐτοῦ καὶ ἐκοιμήθη ἐν τῷ τόπῳ ἐκείνῳ.	kai̯ apɛːntɛːsen topɔː kai̯ ekoi̯mɛːtʰɛː ekeː edy ɡar o ɛːlios kai̯ elaben apo tɔːn litʰɔːn tuː topuː kai̯ etʰɛːken pros kepʰalɛːs au̯tuː kai̯ ekoi̯mɛːtʰɛː en tɔː topɔː ekeːnɔː	KAI APENTESEN TOPO KAI EKOIMETE EKE EDU GAR O ELIOS KAI ELABEN APO TON LITON TU TOPU KAI ETEKEN PROS KEPALES AUTU KAI EKOIMETE EN TO TOPO EKENO	ud_ancient_greek_ptnk	4th-5th c. CE (Codex Alexandrinus)	religious	translit_map
ud_ancient_greek_ptnk_Septuagint-Genesis-28:12-grc	καὶ ἐνυπνιάσθη, καὶ ἰδοὺ κλίμαξ ἐστηριγμένη ἐν τῇ γῇ, ἧς ἡ κεφαλὴ ἀφικνεῖτο εἰς τὸν οὐρανόν, καὶ οἱ ἄγγελοι τοῦ θεοῦ ἀνέβαινον καὶ κατέβαινον ἐπ᾿ αὐτῆς.	kai̯ enypniastʰɛː kai̯ iduː klimaks estɛːriɡmenɛː en tɛː ɡɛː ɛːs ɛː kepʰalɛː apʰikneːto eːs ton uːranon kai̯ oi̯ aŋɡeloi̯ tuː tʰeuː anebai̯non kai̯ katebai̯non ep au̯tɛːs	KAI ENUPNIASTE KAI IDU KLIMAKS ESTERIGMENE EN TE GE ES E KEPALE APIKNETO ES TON URANON KAI OI ANGELOI TU TEU ANEBAINON KAI KATEBAINON EP AUTES	ud_ancient_greek_ptnk	4th-5th c. CE (Codex Alexandrinus)	religious	translit_map
ud_ancient_greek_ptnk_Septuagint-Genesis-28:13-grc	ὁ δὲ κύριος ἐπεστήρικτο ἐπ᾿ αὐτῆς καὶ εἶπεν, ἐγὼ κύριος ὁ θεὸς Ἁβραὰμ τοῦ πατρός σου καὶ ὁ θεὸς Ἰσαάκ· μὴ φοβοῦ· ἡ γῆ, ἐφ᾿ ἧς σὺ καθεύδεις ἐπ᾿ αὐτῆς, σοί δώσω αὐτὴν καὶ τῷ σπέρματί σου.	o de kyrios epestɛːrikto ep au̯tɛːs kai̯ eːpen eɡɔː kyrios o tʰeos abraam tuː patros suː kai̯ o tʰeos isaak mɛː pʰobuː ɛː ɡɛː epʰ ɛːs sy katʰeu̯deːs ep au̯tɛːs soi̯ dɔːsɔː au̯tɛːn kai̯ tɔː spermati suː	O DE KURIOS EPESTERIKTO EP AUTES KAI EPEN EGO KURIOS O TEOS ABRAAM TU PATROS SU KAI O TEOS ISAAK ME POBU E GE EP ES SU KATEUDES EP AUTES SOI DOSO AUTEN KAI TO SPERMATI SU	ud_ancient_greek_ptnk	4th-5th c. CE (Codex Alexandrinus)	religious	translit_map
ud_ancient_greek_ptnk_Septuagint-Genesis-28:14-grc	καὶ ἔσται τὸ σπέρμα σου ὡς ἡ ἄμμος τῆς γῆς καὶ πλατυνθήσεται ἐπὶ θάλασσαν καὶ ἐπὶ λίβα καὶ ἐπὶ βορρᾶν καὶ ἐπ᾿ ἀνατολάς, καὶ ἐνευλογηθήσονται ἐν σοί πᾶσαι αἱ φυλαὶ τῆς γῆς καὶ ἐν τῷ σπέρματί σου.	kai̯ estai̯ to sperma suː ɔːs ɛː ammos tɛːs ɡɛːs kai̯ platyntʰɛːsetai̯ epi tʰalassan kai̯ epi liba kai̯ epi borran kai̯ ep anatolas kai̯ eneu̯loɡɛːtʰɛːsontai̯ en soi̯ pasai̯ ai̯ pʰylai̯ tɛːs ɡɛːs kai̯ en tɔː spermati suː	KAI ESTAI TO SPERMA SU OS E AMMOS TES GES KAI PLATUNTESETAI EPI TALASSAN KAI EPI LIBA KAI EPI BORRAN KAI EP ANATOLAS KAI ENEULOGETESONTAI EN SOI PASAI AI PULAI TES GES KAI EN TO SPERMATI SU	ud_ancient_greek_ptnk	4th-5th c. CE (Codex Alexandrinus)	religious	translit_map
ud_ancient_greek_ptnk_Septuagint-Genesis-28:15-grc	καὶ ἰδοὺ ἐγὼ μετὰ σου διαφυλάσσων σὲ ἐν τῇ ὁδῷ πάσῃ, οὗ ἐὰν πορευθῇς, καὶ ἀποστρέψω σὲ εἰς τὴν γῆν ταύτην, ὅτι οὐ μή σὲ ἐγκαταλίπω ἕως τοῦ ποιῆσαί με πάντα, ὅσα ἐλάλησά σοι.	kai̯ iduː eɡɔː meta suː diapʰylassɔːn se en tɛː odɔː pasɛː uː ean poreu̯tʰɛːs kai̯ apostrepsɔː se eːs tɛːn ɡɛːn tau̯tɛːn oti uː mɛː se eŋkatalipɔː eɔːs tuː poi̯ɛːsai̯ me panta osa elalɛːsa soi̯	KAI IDU EGO META SU DIAPULASSON SE EN TE ODO PASE U EAN POREUTES KAI APOSTREPSO SE ES TEN GEN TAUTEN OTI U ME SE ENKATALIPO EOS TU POIESAI ME PANTA OSA ELALESA SOI	ud_ancient_greek_ptnk	4th-5th c. CE (Codex Alexandrinus)	religious	translit_map
ud_ancient_greek_ptnk_Septuagint-Genesis-28:16-grc	καὶ ἐξηγέρθη Ἰακὼβ ἀπὸ τοῦ ὕπνου αὐτοῦ καὶ εἶπεν ὅτι, ἔστιν κύριος ἐν τῷ τόπῳ τούτῳ, ἐγὼ δὲ οὐκ ᾔδειν.	kai̯ eksɛːɡertʰɛː iakɔːb apo tuː ypnuː au̯tuː kai̯ eːpen oti estin kyrios en tɔː topɔː tuːtɔː eɡɔː de uːk ɛːdeːn	KAI EKSEGERTE IAKOB APO TU UPNU AUTU KAI EPEN OTI ESTIN KURIOS EN TO TOPO TUTO EGO DE UK EDEN	ud_ancient_greek_ptnk	4th-5th c. CE (Codex Alexandrinus)	religious	translit_map
ud_ancient_greek_ptnk_Septuagint-Genesis-28:17-grc	καὶ ἐφοβήθη καὶ εἶπεν, ὡς φοβερὸς ὁ τόπος οὗτος· οὐκ ἔστιν τοῦτο ἀλλ᾿ ἢ οἶκος θεοῦ, καὶ αὕτη ἡ πύλη τοῦ οὐρανοῦ.	kai̯ epʰobɛːtʰɛː kai̯ eːpen ɔːs pʰoberos o topos uːtos uːk estin tuːto all ɛː oi̯kos tʰeuː kai̯ au̯tɛː ɛː pylɛː tuː uːranuː	KAI EPOBETE KAI EPEN OS POBEROS O TOPOS UTOS UK ESTIN TUTO ALL E OIKOS TEU KAI AUTE E PULE TU URANU	ud_ancient_greek_ptnk	4th-5th c. CE (Codex Alexandrinus)	religious	translit_map
ud_ancient_greek_ptnk_Septuagint-Genesis-28:18-grc	καὶ ἀνέστη Ἰακὼβ τὸ πρωῒ καὶ ἔλαβεν τὸν λίθον, ὃν ὑπέθηκεν ἐκεῖ πρὸς κεφαλῆς αὐτοῦ, καὶ ἔστησεν αὐτὸν στήλην καὶ ἐπέχεεν ἔλαιον ἐπὶ τὸ ἄκρον αὐτῆς.	kai̯ anestɛː iakɔːb to prɔːi̯ kai̯ elaben ton litʰon on ypetʰɛːken ekeː pros kepʰalɛːs au̯tuː kai̯ estɛːsen au̯ton stɛːlɛːn kai̯ epekʰeen elai̯on epi to akron au̯tɛːs	KAI ANESTE IAKOB TO PROI KAI ELABEN TON LITON ON UPETEKEN EKE PROS KEPALES AUTU KAI ESTESEN AUTON STELEN KAI EPEKEEN ELAION EPI TO AKRON AUTES	ud_ancient_greek_ptnk	4th-5th c. CE (Codex Alexandrinus)	religious	translit_map
ud_ancient_greek_ptnk_Septuagint-Genesis-28:19-grc	καὶ ἐκάλεσεν Ἰακὼβ τὸ ὄνομα τοῦ τόπου ἐκείνου, Οἶκος θεοῦ· καί. Οὐλαμλούς ἦν ὄνομα τῇ πόλει τὸ πρότερον.	kai̯ ekalesen iakɔːb to onoma tuː topuː ekeːnuː oi̯kos tʰeuː kai̯ uːlamluːs ɛːn onoma tɛː poleː to proteron	KAI EKALESEN IAKOB TO ONOMA TU TOPU EKENU OIKOS TEU KAI ULAMLUS EN ONOMA TE POLE TO PROTERON	ud_ancient_greek_ptnk	4th-5th c. CE (Codex Alexandrinus)	religious	translit_map
ud_ancient_greek_ptnk_Septuagint-Genesis-28:20-grc	καὶ ηὔξατο Ἰακὼβ εὐχὴν λέγων, ἐὰν ᾖ κύριος ὁ θεὸς μετ᾿ ἐμοῦ καὶ διαφυλάξῃ με ἐν τῇ ὁδῷ ταύτῃ, ᾗ ἐγὼ πορεύομαι, καὶ δῷ μοι ἄρτον φαγεῖν καὶ ἱμάτιον περιβαλέσθαι	kai̯ ɛːyksato iakɔːb eu̯kʰɛːn leɡɔːn ean ɛː kyrios o tʰeos met emuː kai̯ diapʰylaksɛː me en tɛː odɔː tau̯tɛː ɛː eɡɔː poreu̯omai̯ kai̯ dɔː moi̯ arton pʰaɡeːn kai̯ imation peribalestʰai̯	KAI EUKSATO IAKOB EUKEN LEGON EAN E KURIOS O TEOS MET EMU KAI DIAPULAKSE ME EN TE ODO TAUTE E EGO POREUOMAI KAI DO MOI ARTON PAGEN KAI IMATION PERIBALESTAI	ud_ancient_greek_ptnk	4th-5th c. CE (Codex Alexandrinus)	religious	translit_map
ud_ancient_greek_ptnk_Septuagint-Genesis-28:21-grc	καὶ ἀποστρέψῃ με μετὰ σωτηρίας εἰς τὸν οἶκον τοῦ πατρός μου, καὶ ἔσται μοι κύριος εἰς θεόν,	kai̯ apostrepsɛː me meta sɔːtɛːrias eːs ton oi̯kon tuː patros muː kai̯ estai̯ moi̯ kyrios eːs tʰeon	KAI APOSTREPSE ME META SOTERIAS ES TON OIKON TU PATROS MU KAI ESTAI MOI KURIOS ES TEON	ud_ancient_greek_ptnk	4th-5th c. CE (Codex Alexandrinus)	religious	translit_map
ud_ancient_greek_ptnk_Septuagint-Genesis-28:22-grc	καὶ ὁ λίθος οὗτος, ὃν ἔστησα στήλην, ἔσται μοι οἶκος θεοῦ, καὶ πάντων, ὧν ἐάν μοι δῷς, δεκάτην ἀποδεκατώσω αὐτά σοι.	kai̯ o litʰos uːtos on estɛːsa stɛːlɛːn estai̯ moi̯ oi̯kos tʰeuː kai̯ pantɔːn ɔːn ean moi̯ dɔːs dekatɛːn apodekatɔːsɔː au̯ta soi̯	KAI O LITOS UTOS ON ESTESA STELEN ESTAI MOI OIKOS TEU KAI PANTON ON EAN MOI DOS DEKATEN APODEKATOSO AUTA SOI	ud_ancient_greek_ptnk	4th-5th c. CE (Codex Alexandrinus)	religious	translit_map
ud_ancient_greek_ptnk_Septuagint-Genesis-29:1-grc	καὶ ἐξάρας Ἰακὼβ τοὺς πόδας ἐπορεύθη εἰς γῆν ἀνατολῶν πρὸς Λαβὰν τὸν υἱὸν Βαθουὴλ τοῦ Σύρου ἀδελφὸν δὲ Ῥεβέκκας μητρὸς Ἰακὼβ καὶ Ἡσαῦ.	kai̯ eksaras iakɔːb tuːs podas eporeu̯tʰɛː eːs ɡɛːn anatolɔːn pros laban ton yi̯on batʰuːɛːl tuː syruː adelpʰon de rebekkas mɛːtros iakɔːb kai̯ ɛːsau̯	KAI EKSARAS IAKOB TUS PODAS EPOREUTE ES GEN ANATOLON PROS LABAN TON UION BATUEL TU SURU ADELPON DE REBEKKAS METROS IAKOB KAI ESAU	ud_ancient_greek_ptnk	4th-5th c. CE (Codex Alexandrinus)	religious	translit_map
ud_ancient_greek_ptnk_Septuagint-Genesis-29:2-grc	καὶ ὁρᾷ καὶ ἰδοὺ φρέαρ ἐν τῷ πεδίῳ, ἦσαν δὲ ἐκεῖ τρία ποίμνια προβάτων ἀναπαυόμενα ἐπ᾿ αὐτοῦ· ἐκ γὰρ τοῦ φρέατος ἐκείνου ἐπότιζον τὰ ποίμνια, λίθος δὲ ἦν μέγας ἐπὶ τῷ στόματι τοῦ φρέατος,	kai̯ ora kai̯ iduː pʰrear en tɔː pediɔː ɛːsan de ekeː tria poi̯mnia probatɔːn anapau̯omena ep au̯tuː ek ɡar tuː pʰreatos ekeːnuː epotizdon ta poi̯mnia litʰos de ɛːn meɡas epi tɔː stomati tuː pʰreatos	KAI ORA KAI IDU PREAR EN TO PEDIO ESAN DE EKE TRIA POIMNIA PROBATON ANAPAUOMENA EP AUTU EK GAR TU PREATOS EKENU EPOTISDON TA POIMNIA LITOS DE EN MEGAS EPI TO STOMATI TU PREATOS	ud_ancient_greek_ptnk	4th-5th c. CE (Codex Alexandrinus)	religious	translit_map
ud_ancient_greek_ptnk_Septuagint-Genesis-29:3-grc	καὶ συνήγοντο ἐκεῖ πάντα τὰ ποίμνια καὶ ἀπεκύλιον τὸν λίθον ἀπὸ τοῦ στόματος τοῦ φρέατος καὶ ἐπότιζον τὰ πρόβατα καὶ ἀπεκαθίστων τὸν λίθον ἐπὶ τὸ στόμα τοῦ φρέατος εἰς τὸν τόπον αὐτοῦ.	kai̯ synɛːɡonto ekeː panta ta poi̯mnia kai̯ apekylion ton litʰon apo tuː stomatos tuː pʰreatos kai̯ epotizdon ta probata kai̯ apekatʰistɔːn ton litʰon epi to stoma tuː pʰreatos eːs ton topon au̯tuː	KAI SUNEGONTO EKE PANTA TA POIMNIA KAI APEKULION TON LITON APO TU STOMATOS TU PREATOS KAI EPOTISDON TA PROBATA KAI APEKATISTON TON LITON EPI TO STOMA TU PREATOS ES TON TOPON AUTU	ud_ancient_greek_ptnk	4th-5th c. CE (Codex Alexandrinus)	religious	translit_map
ud_ancient_greek_ptnk_Septuagint-Genesis-29:4-grc	εἶπεν δὲ αὐτοῖς Ἰακώβ, ἀδελφοί, πόθεν ἐστὲ ὑμεῖς; οἱ δὲ εἶπαν, ἐκ Χαρρὰν ἐσμέν.	eːpen de au̯toi̯s iakɔːb adelpʰoi̯ potʰen este ymeːs oi̯ de eːpan ek kʰarran esmen	EPEN DE AUTOIS IAKOB ADELPOI POTEN ESTE UMES OI DE EPAN EK KARRAN ESMEN	ud_ancient_greek_ptnk	4th-5th c. CE (Codex Alexandrinus)	religious	translit_map
ud_ancient_greek_ptnk_Septuagint-Genesis-29:5-grc	εἶπεν δὲ αὐτοῖς, γινώσκετε Λαβὰν τὸν υἱὸν Ναχώρ; οἱ δὲ εἶπαν, γινώσκομεν.	eːpen de au̯toi̯s ɡinɔːskete laban ton yi̯on nakʰɔːr oi̯ de eːpan ɡinɔːskomen	EPEN DE AUTOIS GINOSKETE LABAN TON UION NAKOR OI DE EPAN GINOSKOMEN	ud_ancient_greek_ptnk	4th-5th c. CE (Codex Alexandrinus)	religious	translit_map
ud_ancient_greek_ptnk_Septuagint-Genesis-29:6-grc	εἶπεν δὲ αὐτοῖς, ὑγιαίνει; οἱ δὲ εἶπαν, ὑγιαίνει. καὶ ἰδοὺ Ῥαχὴλ ἡ θυγάτηρ αὐτοῦ ἤρχετο μετὰ τῶν προβάτων.	eːpen de au̯toi̯s yɡiai̯neː oi̯ de eːpan yɡiai̯neː kai̯ iduː rakʰɛːl ɛː tʰyɡatɛːr au̯tuː ɛːrkʰeto meta tɔːn probatɔːn	EPEN DE AUTOIS UGIAINE OI DE EPAN UGIAINE KAI IDU RAKEL E TUGATER AUTU ERKETO META TON PROBATON	ud_ancient_greek_ptnk	4th-5th c. CE (Codex Alexandrinus)	religious	translit_map
ud_ancient_greek_ptnk_Septuagint-Genesis-29:7-grc	καὶ εἶπεν Ἰακώβ, ἔτι ἐστὶν ἡμέρα πολλή, οὔπω ὥρα συναχθῆναι τὰ κτήνη· ποτίσαντες τὰ πρόβατα ἀπελθόντες βόσκετε.	kai̯ eːpen iakɔːb eti estin ɛːmera pollɛː uːpɔː ɔːra synakʰtʰɛːnai̯ ta ktɛːnɛː potisantes ta probata apeltʰontes boskete	KAI EPEN IAKOB ETI ESTIN EMERA POLLE UPO ORA SUNAKTENAI TA KTENE POTISANTES TA PROBATA APELTONTES BOSKETE	ud_ancient_greek_ptnk	4th-5th c. CE (Codex Alexandrinus)	religious	translit_map
ud_ancient_greek_ptnk_Septuagint-Genesis-29:8-grc	οἱ δὲ εἶπαν, οὐ δυνησόμεθα ἕως τοῦ συναχθῆναι πάντας τοὺς ποιμένας καὶ ἀποκυλίσωσιν τὸν λίθον ἀπὸ τοῦ στόματος τοῦ φρέατος, καὶ ποτιοῦμεν τὰ πρόβατα.	oi̯ de eːpan uː dynɛːsometʰa eɔːs tuː synakʰtʰɛːnai̯ pantas tuːs poi̯menas kai̯ apokylisɔːsin ton litʰon apo tuː stomatos tuː pʰreatos kai̯ potiuːmen ta probata	OI DE EPAN U DUNESOMETA EOS TU SUNAKTENAI PANTAS TUS POIMENAS KAI APOKULISOSIN TON LITON APO TU STOMATOS TU PREATOS KAI POTIUMEN TA PROBATA	ud_ancient_greek_ptnk	4th-5th c. CE (Codex Alexandrinus)	religious	translit_map
ud_ancient_greek_ptnk_Septuagint-Genesis-29:9-grc	ἔτι αὐτοῦ λαλοῦντος αὐτοῖς καὶ Ῥαχὴλ ἡ θυγάτηρ Λαβὰν ἤρχετο μετὰ τῶν προβάτων τοῦ πατρὸς αὐτῆς· αὐτὴ γὰρ ἔβοσκεν τὰ πρόβατα τοῦ πατρὸς αὐτῆς.	eti au̯tuː laluːntos au̯toi̯s kai̯ rakʰɛːl ɛː tʰyɡatɛːr laban ɛːrkʰeto meta tɔːn probatɔːn tuː patros au̯tɛːs au̯tɛː ɡar ebosken ta probata tuː patros au̯tɛːs	ETI AUTU LALUNTOS AUTOIS KAI RAKEL E TUGATER LABAN ERKETO META TON PROBATON TU PATROS AUTES AUTE GAR EBOSKEN TA PROBATA TU PATROS AUTES	ud_ancient_greek_ptnk	4th-5th c. CE (Codex Alexandrinus)	religious	translit_map
ud_ancient_greek_ptnk_Septuagint-Genesis-29:10-grc	ἐγένετο δὲ ὡς εἶδεν Ἰακὼβ τὴν Ῥαχὴλ θυγατέρα Λαβὰν ἀδελφοῦ τῆς μητρὸς αὐτοῦ καὶ τὰ πρόβατα Λαβὰν ἀδελφοῦ τῆς μητρὸς αὐτοῦ, καὶ προσελθὼν Ἰακὼβ ἀπεκύλισεν τὸν λίθον ἀπὸ τοῦ στόματος τοῦ φρέατος καὶ ἐπότισεν τὰ πρόβατα Λαβὰν τοῦ ἀδελφοῦ τῆς μητρὸς αὐτοῦ.	eɡeneto de ɔːs eːden iakɔːb tɛːn rakʰɛːl tʰyɡatera laban adelpʰuː tɛːs mɛːtros au̯tuː kai̯ ta probata laban adelpʰuː tɛːs mɛːtros au̯tuː kai̯ proseltʰɔːn iakɔːb apekylisen ton litʰon apo tuː stomatos tuː pʰreatos kai̯ epotisen ta probata laban tuː adelpʰuː tɛːs mɛːtros au̯tuː	EGENETO DE OS EDEN IAKOB TEN RAKEL TUGATERA LABAN ADELPU TES METROS AUTU KAI TA PROBATA LABAN ADELPU TES METROS AUTU KAI PROSELTON IAKOB APEKULISEN TON LITON APO TU STOMATOS TU PREATOS KAI EPOTISEN TA PROBATA LABAN TU ADELPU TES METROS AUTU	ud_ancient_greek_ptnk	4th-5th c. CE (Codex Alexandrinus)	religious	translit_map
ud_ancient_greek_ptnk_Septuagint-Genesis-29:11-grc	καὶ ἐφίλησεν Ἰακὼβ τὴν Ῥαχὴλ καὶ βοήσας τῇ φωνῇ αὐτοῦ ἔκλαυσεν.	kai̯ epʰilɛːsen iakɔːb tɛːn rakʰɛːl kai̯ boɛːsas tɛː pʰɔːnɛː au̯tuː eklau̯sen	KAI EPILESEN IAKOB TEN RAKEL KAI BOESAS TE PONE AUTU EKLAUSEN	ud_ancient_greek_ptnk	4th-5th c. CE (Codex Alexandrinus)	religious	translit_map
ud_ancient_greek_ptnk_Septuagint-Genesis-29:12-grc	καὶ ἀνήγγειλεν τῇ Ῥαχὴλ ὅτι ἀδελφὸς τοῦ πατρὸς αὐτῆς ἐστιν καὶ ὅτι υἱὸς Ῥεβέκκας ἐστίν, καὶ δραμοῦσα ἀπήγγειλεν τῷ πατρὶ αὐτῆς κατὰ τὰ ῥήματα ταῦτα.	kai̯ anɛːŋɡeːlen tɛː rakʰɛːl oti adelpʰos tuː patros au̯tɛːs estin kai̯ oti yi̯os rebekkas estin kai̯ dramuːsa apɛːŋɡeːlen tɔː patri au̯tɛːs kata ta rɛːmata tau̯ta	KAI ANENGELEN TE RAKEL OTI ADELPOS TU PATROS AUTES ESTIN KAI OTI UIOS REBEKKAS ESTIN KAI DRAMUSA APENGELEN TO PATRI AUTES KATA TA REMATA TAUTA	ud_ancient_greek_ptnk	4th-5th c. CE (Codex Alexandrinus)	religious	translit_map
ud_ancient_greek_ptnk_Septuagint-Genesis-29:13-grc	ἐγένετο δὲ ὡς ἤκουσεν Λαβὰν τὸ ὄνομα Ἰακὼβ τοῦ υἱοῦ τῆς ἀδελφῆς αὐτοῦ, ἔδραμεν εἰς συνάντησιν αὐτῷ καὶ περιλαβὼν αὐτὸν ἐφίλησεν καὶ εἰσήγαγεν αὐτὸν εἰς τὸν οἶκον αὐτοῦ. καὶ διηγήσατο τῷ Λαβὰν πάντας τοὺς λόγους τούτους.	eɡeneto de ɔːs ɛːkuːsen laban to onoma iakɔːb tuː yi̯uː tɛːs adelpʰɛːs au̯tuː edramen eːs synantɛːsin au̯tɔː kai̯ perilabɔːn au̯ton epʰilɛːsen kai̯ eːsɛːɡaɡen au̯ton eːs ton oi̯kon au̯tuː kai̯ diɛːɡɛːsato tɔː laban pantas tuːs loɡuːs tuːtuːs	EGENETO DE OS EKUSEN LABAN TO ONOMA IAKOB TU UIU TES ADELPES AUTU EDRAMEN ES SUNANTESIN AUTO KAI PERILABON AUTON EPILESEN KAI ESEGAGEN AUTON ES TON OIKON AUTU KAI DIEGESATO TO LABAN PANTAS TUS LOGUS TUTUS	ud_ancient_greek_ptnk	4th-5th c. CE (Codex Alexandrinus)	religious	translit_map
ud_ancient_greek_ptnk_Septuagint-Genesis-29:14-grc	καὶ εἶπεν αὐτῷ Λαβάν, ἐκ τῶν ὀστῶν μου καὶ ἐκ τῆς σαρκός μου εἶ σύ. καὶ ἦν μετ᾿ αὐτοῦ μῆνα ἡμερῶν.	kai̯ eːpen au̯tɔː laban ek tɔːn ostɔːn muː kai̯ ek tɛːs sarkos muː eː sy kai̯ ɛːn met au̯tuː mɛːna ɛːmerɔːn	KAI EPEN AUTO LABAN EK TON OSTON MU KAI EK TES SARKOS MU E SU KAI EN MET AUTU MENA EMERON	ud_ancient_greek_ptnk	4th-5th c. CE (Codex Alexandrinus)	religious	translit_map
ud_ancient_greek_ptnk_Septuagint-Genesis-29:15-grc	εἶπεν δὲ Λαβὰν τῷ Ἰακώβ, ὅτι γὰρ ἀδελφός μου εἶ, οὐ δουλεύσεις μοι δωρεάν· ἀπάγγειλόν μοι, τίς ὁ μισθός σου ἐστιν.	eːpen de laban tɔː iakɔːb oti ɡar adelpʰos muː eː uː duːleu̯seːs moi̯ dɔːrean apaŋɡeːlon moi̯ tis o mistʰos suː estin	EPEN DE LABAN TO IAKOB OTI GAR ADELPOS MU E U DULEUSES MOI DOREAN APANGELON MOI TIS O MISTOS SU ESTIN	ud_ancient_greek_ptnk	4th-5th c. CE (Codex Alexandrinus)	religious	translit_map
ud_ancient_greek_ptnk_Septuagint-Genesis-29:16-grc	τῷ δὲ Λαβὰν δύο θυγατέρες, ὄνομα τῇ μείζονι Λεία, καὶ ὄνομα τῇ νεωτέρᾳ Ῥαχήλ·	tɔː de laban dyo tʰyɡateres onoma tɛː meːzdoni leːa kai̯ onoma tɛː neɔːtera rakʰɛːl	TO DE LABAN DUO TUGATERES ONOMA TE MESDONI LEA KAI ONOMA TE NEOTERA RAKEL	ud_ancient_greek_ptnk	4th-5th c. CE (Codex Alexandrinus)	religious	translit_map
ud_ancient_greek_ptnk_Septuagint-Genesis-29:17-grc	οἱ δὲ ὀφθαλμοὶ Λείας ἀσθενεῖς, Ῥαχὴλ δὲ καλὴ τῷ εἴδει καὶ ὡραία τῇ ὄψει.	oi̯ de opʰtʰalmoi̯ leːas astʰeneːs rakʰɛːl de kalɛː tɔː eːdeː kai̯ ɔːrai̯a tɛː opseː	OI DE OPTALMOI LEAS ASTENES RAKEL DE KALE TO EDE KAI ORAIA TE OPSE	ud_ancient_greek_ptnk	4th-5th c. CE (Codex Alexandrinus)	religious	translit_map
ud_ancient_greek_ptnk_Septuagint-Genesis-29:18-grc	ἠγάπησεν δὲ Ἰακὼβ τὴν Ῥαχὴλ καὶ εἶπεν, δουλεύσω σοί ἑπτὰ ἔτη περὶ Ῥαχὴλ τῆς θυγατρός σου τῆς νεωτέρας.	ɛːɡapɛːsen de iakɔːb tɛːn rakʰɛːl kai̯ eːpen duːleu̯sɔː soi̯ epta etɛː peri rakʰɛːl tɛːs tʰyɡatros suː tɛːs neɔːteras	EGAPESEN DE IAKOB TEN RAKEL KAI EPEN DULEUSO SOI EPTA ETE PERI RAKEL TES TUGATROS SU TES NEOTERAS	ud_ancient_greek_ptnk	4th-5th c. CE (Codex Alexandrinus)	religious	translit_map
ud_ancient_greek_ptnk_Septuagint-Genesis-29:19-grc	εἶπεν δὲ αὐτῷ Λαβάν, βέλτιον δοῦναί με αὐτὴν σοί ἢ δοῦναί με αὐτὴν ἀνδρὶ ἑτέρῳ· οἴκησον μετ᾿ ἐμοῦ.	eːpen de au̯tɔː laban beltion duːnai̯ me au̯tɛːn soi̯ ɛː duːnai̯ me au̯tɛːn andri eterɔː oi̯kɛːson met emuː	EPEN DE AUTO LABAN BELTION DUNAI ME AUTEN SOI E DUNAI ME AUTEN ANDRI ETERO OIKESON MET EMU	ud_ancient_greek_ptnk	4th-5th c. CE (Codex Alexandrinus)	religious	translit_map
ud_ancient_greek_ptnk_Septuagint-Genesis-29:20-grc	καὶ ἐδούλευσεν Ἰακὼβ περὶ Ῥαχὴλ ἔτη ἑπτά, καὶ ἦσαν ἐναντίον αὐτοῦ ὡς ἡμέραι ὀλίγαι παρὰ τὸ ἀγαπᾶν αὐτὸν αὐτήν—	kai̯ eduːleu̯sen iakɔːb peri rakʰɛːl etɛː epta kai̯ ɛːsan enantion au̯tuː ɔːs ɛːmerai̯ oliɡai̯ para to aɡapan au̯ton au̯tɛːn	KAI EDULEUSEN IAKOB PERI RAKEL ETE EPTA KAI ESAN ENANTION AUTU OS EMERAI OLIGAI PARA TO AGAPAN AUTON AUTEN	ud_ancient_greek_ptnk	4th-5th c. CE (Codex Alexandrinus)	religious	translit_map
ud_ancient_greek_ptnk_Septuagint-Genesis-29:21-grc	εἶπεν δὲ Ἰακὼβ πρὸς Λαβάν, ἀπόδος τὴν γυναῖκά μου, πεπλήρωνται γὰρ αἱ ἡμέραι μου, ὅπως εἰσέλθω πρὸς αὐτήν.	eːpen de iakɔːb pros laban apodos tɛːn ɡynai̯ka muː peplɛːrɔːntai̯ ɡar ai̯ ɛːmerai̯ muː opɔːs eːseltʰɔː pros au̯tɛːn	EPEN DE IAKOB PROS LABAN APODOS TEN GUNAIKA MU PEPLERONTAI GAR AI EMERAI MU OPOS ESELTO PROS AUTEN	ud_ancient_greek_ptnk	4th-5th c. CE (Codex Alexandrinus)	religious	translit_map
ud_ancient_greek_ptnk_Septuagint-Genesis-29:22-grc	συνήγαγεν δὲ Λαβὰν πάντας τοὺς ἄνδρας τοῦ τόπου καὶ ἐποίησεν γάμον.	synɛːɡaɡen de laban pantas tuːs andras tuː topuː kai̯ epoi̯ɛːsen ɡamon	SUNEGAGEN DE LABAN PANTAS TUS ANDRAS TU TOPU KAI EPOIESEN GAMON	ud_ancient_greek_ptnk	4th-5th c. CE (Codex Alexandrinus)	religious	translit_map
ud_ancient_greek_ptnk_Septuagint-Genesis-29:23-grc	καὶ ἐγένετο ἑσπέρα καὶ λαβὼν Λαβὰν Λείαν τὴν θυγατέρα αὐτοῦ εἰσήγαγεν αὐτὴν πρὸς Ἰακώβ, καὶ εἰσῆλθεν πρὸς αὐτὴν Ἰακώβ.	kai̯ eɡeneto espera kai̯ labɔːn laban leːan tɛːn tʰyɡatera au̯tuː eːsɛːɡaɡen au̯tɛːn pros iakɔːb kai̯ eːsɛːltʰen pros au̯tɛːn iakɔːb	KAI EGENETO ESPERA KAI LABON LABAN LEAN TEN TUGATERA AUTU ESEGAGEN AUTEN PROS IAKOB KAI ESELTEN PROS AUTEN IAKOB	ud_ancient_greek_ptnk	4th-5th c. CE (Codex Alexandrinus)	religious	translit_map
ud_ancient_greek_ptnk_Septuagint-Genesis-29:24-grc	ἔδωκεν δὲ Λαβὰν Λεία τῇ θυγατρὶ αὐτοῦ Ζέλφαν τὴν παιδίσκην αὐτοῦ αὐτῇ παιδίσκην.	edɔːken de laban leːa tɛː tʰyɡatri au̯tuː zdelpʰan tɛːn pai̯diskɛːn au̯tuː au̯tɛː pai̯diskɛːn	EDOKEN DE LABAN LEA TE TUGATRI AUTU SDELPAN TEN PAIDISKEN AUTU AUTE PAIDISKEN	ud_ancient_greek_ptnk	4th-5th c. CE (Codex Alexandrinus)	religious	translit_map
ud_ancient_greek_ptnk_Septuagint-Genesis-29:25-grc	ἐγένετο δὲ πρωί, καὶ ἰδοὺ ἦν Λεία. εἶπεν δὲ Ἰακώβ, τῷ Λαβὰν τί τοῦτο ἐποίησάς μοι; οὐ περὶ Ῥαχὴλ ἐδούλευσα παρὰ Σοὶ; καὶ ἵνα τί παρελογίσω με;	eɡeneto de prɔːi̯ kai̯ iduː ɛːn leːa eːpen de iakɔːb tɔː laban ti tuːto epoi̯ɛːsas moi̯ uː peri rakʰɛːl eduːleu̯sa para soi̯ kai̯ ina ti pareloɡisɔː me	EGENETO DE PROI KAI IDU EN LEA EPEN DE IAKOB TO LABAN TI TUTO EPOIESAS MOI U PERI RAKEL EDULEUSA PARA SOI KAI INA TI PARELOGISO ME	ud_ancient_greek_ptnk	4th-5th c. CE (Codex Alexandrinus)	religious	translit_map
ud_ancient_greek_ptnk_Septuagint-Genesis-29:26-grc	εἶπεν δὲ Λαβάν, οὐκ ἔστιν οὕτως ἐν τῷ τόπῳ ἡμῶν, δοῦναι τὴν νεωτέραν πρὶν ἢ τὴν πρεσβυτέραν·	eːpen de laban uːk estin uːtɔːs en tɔː topɔː ɛːmɔːn duːnai̯ tɛːn neɔːteran prin ɛː tɛːn presbyteran	EPEN DE LABAN UK ESTIN UTOS EN TO TOPO EMON DUNAI TEN NEOTERAN PRIN E TEN PRESBUTERAN	ud_ancient_greek_ptnk	4th-5th c. CE (Codex Alexandrinus)	religious	translit_map
ud_ancient_greek_ptnk_Septuagint-Genesis-29:27-grc	συντέλεσον οὖν τὰ ἕβδομα ταύτης, καὶ δώσω σοί καὶ ταύτην ἀντὶ τῆς ἐργασίας, ἧς ἐργᾷ παρ᾿ ἐμοὶ ἔτι ἑπτὰ ἔτη ἕτερα.	synteleson uːn ta ebdoma tau̯tɛːs kai̯ dɔːsɔː soi̯ kai̯ tau̯tɛːn anti tɛːs erɡasias ɛːs erɡa par emoi̯ eti epta etɛː etera	SUNTELESON UN TA EBDOMA TAUTES KAI DOSO SOI KAI TAUTEN ANTI TES ERGASIAS ES ERGA PAR EMOI ETI EPTA ETE ETERA	ud_ancient_greek_ptnk	4th-5th c. CE (Codex Alexandrinus)	religious	translit_map
ud_ancient_greek_ptnk_Septuagint-Genesis-29:28-grc	ἐποίησεν δὲ Ἰακὼβ οὕτως καὶ ἀνεπλήρωσεν τὰ ἕβδομα ταύτης, καὶ ἔδωκεν αὐτῷ Λαβὰν Ῥαχὴλ τὴν θυγατέρα αὐτοῦ αὐτῷ γυναῖκα.	epoi̯ɛːsen de iakɔːb uːtɔːs kai̯ aneplɛːrɔːsen ta ebdoma tau̯tɛːs kai̯ edɔːken au̯tɔː laban rakʰɛːl tɛːn tʰyɡatera au̯tuː au̯tɔː ɡynai̯ka	EPOIESEN DE IAKOB UTOS KAI ANEPLEROSEN TA EBDOMA TAUTES KAI EDOKEN AUTO LABAN RAKEL TEN TUGATERA AUTU AUTO GUNAIKA	ud_ancient_greek_ptnk	4th-5th c. CE (Codex Alexandrinus)	religious	translit_map
ud_ancient_greek_ptnk_Septuagint-Genesis-29:29-grc	ἔδωκεν δὲ Λαβὰν Ῥαχὴλ τῇ θυγατρὶ αὐτοῦ Βάλλαν τὴν παιδίσκην αὐτοῦ αὐτῇ παιδίσκην.	edɔːken de laban rakʰɛːl tɛː tʰyɡatri au̯tuː ballan tɛːn pai̯diskɛːn au̯tuː au̯tɛː pai̯diskɛːn	EDOKEN DE LABAN RAKEL TE TUGATRI AUTU BALLAN TEN PAIDISKEN AUTU AUTE PAIDISKEN	ud_ancient_greek_ptnk	4th-5th c. CE (Codex Alexandrinus)	religious	translit_map
ud_ancient_greek_ptnk_Septuagint-Genesis-29:30-grc	καὶ εἰσῆλθεν πρὸς Ῥαχήλ· ἠγάπησεν δὲ Ῥαχὴλ μᾶλλον ἢ Λείαν· καὶ ἐδούλευσεν αὐτῷ ἑπτὰ ἔτη ἕτερα.	kai̯ eːsɛːltʰen pros rakʰɛːl ɛːɡapɛːsen de rakʰɛːl mallon ɛː leːan kai̯ eduːleu̯sen au̯tɔː epta etɛː etera	KAI ESELTEN PROS RAKEL EGAPESEN DE RAKEL MALLON E LEAN KAI EDULEUSEN AUTO EPTA ETE ETERA	ud_ancient_greek_ptnk	4th-5th c. CE (Codex Alexandrinus)	religious	translit_map
ud_ancient_greek_ptnk_Septuagint-Genesis-29:31-grc	ἰδὼν δὲ κύριος ὅτι μισεῖται Λεία, ἤνοιξεν τὴν μήτραν αὐτῆς· Ῥαχὴλ δὲ ἦν στεῖρα.	idɔːn de kyrios oti miseːtai̯ leːa ɛːnoi̯ksen tɛːn mɛːtran au̯tɛːs rakʰɛːl de ɛːn steːra	IDON DE KURIOS OTI MISETAI LEA ENOIKSEN TEN METRAN AUTES RAKEL DE EN STERA	ud_ancient_greek_ptnk	4th-5th c. CE (Codex Alexandrinus)	religious	translit_map
ud_ancient_greek_ptnk_Septuagint-Genesis-29:32-grc	καὶ συνέλαβεν Λεία καὶ ἔτεκεν υἱὸν τῷ Ἰακώβ· ἐκάλεσεν δὲ τὸ ὄνομα αὐτοῦ Ῥουβὴν λέγουσα, διότι εἶδέν μου κύριος τὴν ταπείνωσιν· νῦν με ἀγαπήσει ὁ ἀνήρ μου.	kai̯ synelaben leːa kai̯ eteken yi̯on tɔː iakɔːb ekalesen de to onoma au̯tuː ruːbɛːn leɡuːsa dioti eːden muː kyrios tɛːn tapeːnɔːsin nyn me aɡapɛːseː o anɛːr muː	KAI SUNELABEN LEA KAI ETEKEN UION TO IAKOB EKALESEN DE TO ONOMA AUTU RUBEN LEGUSA DIOTI EDEN MU KURIOS TEN TAPENOSIN NUN ME AGAPESE O ANER MU	ud_ancient_greek_ptnk	4th-5th c. CE (Codex Alexandrinus)	religious	translit_map
ud_ancient_greek_ptnk_Septuagint-Genesis-29:33-grc	καὶ συνέλαβεν πάλιν Λεία καὶ ἔτεκεν υἱὸν δεύτερον τῷ Ἰακὼβ καὶ εἶπεν, ὅτι ἤκουσεν κύριος ὅτι μισοῦμαι καὶ προσέδωκέν μοι καὶ τοῦτον· ἐκάλεσεν δὲ τὸ ὄνομα αὐτοῦ Συμεών.	kai̯ synelaben palin leːa kai̯ eteken yi̯on deu̯teron tɔː iakɔːb kai̯ eːpen oti ɛːkuːsen kyrios oti misuːmai̯ kai̯ prosedɔːken moi̯ kai̯ tuːton ekalesen de to onoma au̯tuː symeɔːn	KAI SUNELABEN PALIN LEA KAI ETEKEN UION DEUTERON TO IAKOB KAI EPEN OTI EKUSEN KURIOS OTI MISUMAI KAI PROSEDOKEN MOI KAI TUTON EKALESEN DE TO ONOMA AUTU SUMEON	ud_ancient_greek_ptnk	4th-5th c. CE (Codex Alexandrinus)	religious	translit_map
ud_ancient_greek_ptnk_Septuagint-Genesis-29:34-grc	καὶ συνέλαβεν ἔτι καὶ ἔτεκεν υἱὸν καὶ εἶπεν, ἐν τῷ νῦν καιρῷ πρὸς ἐμοῦ ἔσται ὁ ἀνήρ μου, ἔτεκον γὰρ αὐτῷ τρεῖς υἱούς· διὰ τοῦτο ἐκάλεσεν τὸ ὄνομα αὐτοῦ Λευί.	kai̯ synelaben eti kai̯ eteken yi̯on kai̯ eːpen en tɔː nyn kai̯rɔː pros emuː estai̯ o anɛːr muː etekon ɡar au̯tɔː treːs yi̯uːs dia tuːto ekalesen to onoma au̯tuː leu̯i	KAI SUNELABEN ETI KAI ETEKEN UION KAI EPEN EN TO NUN KAIRO PROS EMU ESTAI O ANER MU ETEKON GAR AUTO TRES UIUS DIA TUTO EKALESEN TO ONOMA AUTU LEUI	ud_ancient_greek_ptnk	4th-5th c. CE (Codex Alexandrinus)	religious	translit_map
ud_ancient_greek_ptnk_Septuagint-Genesis-29:35-grc	καὶ συλλαβοῦσα ἔτι ἔτεκεν υἱὸν καὶ εἶπεν, νῦν ἔτι τοῦτο ἐξομολογήσομαι κυρίῳ· διὰ τοῦτο ἐκάλεσεν τὸ ὄνομα αὐτοῦ Ἰούδα. καὶ ἔστη τοῦ τίκτειν.	kai̯ syllabuːsa eti eteken yi̯on kai̯ eːpen nyn eti tuːto eksomoloɡɛːsomai̯ kyriɔː dia tuːto ekalesen to onoma au̯tuː iuːda kai̯ estɛː tuː tikteːn	KAI SULLABUSA ETI ETEKEN UION KAI EPEN NUN ETI TUTO EKSOMOLOGESOMAI KURIO DIA TUTO EKALESEN TO ONOMA AUTU IUDA KAI ESTE TU TIKTEN	ud_ancient_greek_ptnk	4th-5th c. CE (Codex Alexandrinus)	religious	translit_map
ud_ancient_greek_ptnk_Septuagint-Genesis-30:1-grc	ἰδοῦσα δὲ Ῥαχὴλ ὅτι οὐ τέτοκεν τῷ Ἰακώβ, καὶ ἐζήλωσεν Ῥαχὴλ τὴν ἀδελφὴν αὐτῆς καὶ εἶπεν τῷ Ἰακώβ, δός μοι τέκνα· εἰ δὲ μή, τελευτήσω ἐγώ.	iduːsa de rakʰɛːl oti uː tetoken tɔː iakɔːb kai̯ ezdɛːlɔːsen rakʰɛːl tɛːn adelpʰɛːn au̯tɛːs kai̯ eːpen tɔː iakɔːb dos moi̯ tekna eː de mɛː teleu̯tɛːsɔː eɡɔː	IDUSA DE RAKEL OTI U TETOKEN TO IAKOB KAI ESDELOSEN RAKEL TEN ADELPEN AUTES KAI EPEN TO IAKOB DOS MOI TEKNA E DE ME TELEUTESO EGO	ud_ancient_greek_ptnk	4th-5th c. CE (Codex Alexandrinus)	religious	translit_map
ud_ancient_greek_ptnk_Septuagint-Genesis-30:2-grc	ἐθυμώθη δὲ Ἰακὼβ τῇ Ῥαχὴλ καὶ εἶπεν αὐτῇ, μὴ ἀντὶ θεοῦ ἐγώ εἰμι, ὃς ἐστέρησέν σὲ καρπὸν κοιλίας;	etʰymɔːtʰɛː de iakɔːb tɛː rakʰɛːl kai̯ eːpen au̯tɛː mɛː anti tʰeuː eɡɔː eːmi os esterɛːsen se karpon koi̯lias	ETUMOTE DE IAKOB TE RAKEL KAI EPEN AUTE ME ANTI TEU EGO EMI OS ESTERESEN SE KARPON KOILIAS	ud_ancient_greek_ptnk	4th-5th c. CE (Codex Alexandrinus)	religious	translit_map
ud_ancient_greek_ptnk_Septuagint-Genesis-30:3-grc	εἶπεν δὲ Ῥαχὴλ τῷ Ἰακώβ, ἰδοὺ ἡ παιδίσκη μου Βαλλά· εἴσελθε πρὸς αὐτήν, καὶ τέξεται ἐπὶ τῶν γονάτων μου, καὶ τεκνοποιήσομαι κἀγὼ ἐξ αὐτῆς.	eːpen de rakʰɛːl tɔː iakɔːb iduː ɛː pai̯diskɛː muː balla eːseltʰe pros au̯tɛːn kai̯ teksetai̯ epi tɔːn ɡonatɔːn muː kai̯ teknopoi̯ɛːsomai̯ kaɡɔː eks au̯tɛːs	EPEN DE RAKEL TO IAKOB IDU E PAIDISKE MU BALLA ESELTE PROS AUTEN KAI TEKSETAI EPI TON GONATON MU KAI TEKNOPOIESOMAI KAGO EKS AUTES	ud_ancient_greek_ptnk	4th-5th c. CE (Codex Alexandrinus)	religious	translit_map
ud_ancient_greek_ptnk_Septuagint-Genesis-30:4-grc	καὶ ἔδωκεν αὐτῷ Βάλλαν τὴν παιδίσκην αὐτῆς αὐτῷ γυναῖκα· εἰσῆλθεν δὲ πρὸς αὐτὴν Ἰακώβ.	kai̯ edɔːken au̯tɔː ballan tɛːn pai̯diskɛːn au̯tɛːs au̯tɔː ɡynai̯ka eːsɛːltʰen de pros au̯tɛːn iakɔːb	KAI EDOKEN AUTO BALLAN TEN PAIDISKEN AUTES AUTO GUNAIKA ESELTEN DE PROS AUTEN IAKOB	ud_ancient_greek_ptnk	4th-5th c. CE (Codex Alexandrinus)	religious	translit_map
ud_ancient_greek_ptnk_Septuagint-Genesis-30:5-grc	καὶ συνέλαβεν Βαλλὰ ἡ παιδίσκη Ῥαχὴλ καὶ ἔτεκεν τῷ Ἰακὼβ υἱόν.	kai̯ synelaben balla ɛː pai̯diskɛː rakʰɛːl kai̯ eteken tɔː iakɔːb yi̯on	KAI SUNELABEN BALLA E PAIDISKE RAKEL KAI ETEKEN TO IAKOB UION	ud_ancient_greek_ptnk	4th-5th c. CE (Codex Alexandrinus)	religious	translit_map
ud_ancient_greek_ptnk_Septuagint-Genesis-30:6-grc	καὶ εἶπεν Ῥαχήλ, ἔκρινέν μοι ὁ θεὸς καὶ ἐπήκουσεν τῆς φωνῆς μου καὶ ἔδωκέν μοι υἱόν· διὰ τοῦτο ἐκάλεσεν τὸ ὄνομα αὐτοῦ Δάν.	kai̯ eːpen rakʰɛːl ekrinen moi̯ o tʰeos kai̯ epɛːkuːsen tɛːs pʰɔːnɛːs muː kai̯ edɔːken moi̯ yi̯on dia tuːto ekalesen to onoma au̯tuː dan	KAI EPEN RAKEL EKRINEN MOI O TEOS KAI EPEKUSEN TES PONES MU KAI EDOKEN MOI UION DIA TUTO EKALESEN TO ONOMA AUTU DAN	ud_ancient_greek_ptnk	4th-5th c. CE (Codex Alexandrinus)	religious	translit_map
ud_ancient_greek_ptnk_Septuagint-Genesis-30:7-grc	καὶ συνέλαβεν ἔτι Βαλλὰ ἡ παιδίσκη Ῥαχὴλ καὶ ἔτεκεν υἱὸν δεύτερον τῷ Ἰακώβ.	kai̯ synelaben eti balla ɛː pai̯diskɛː rakʰɛːl kai̯ eteken yi̯on deu̯teron tɔː iakɔːb	KAI SUNELABEN ETI BALLA E PAIDISKE RAKEL KAI ETEKEN UION DEUTERON TO IAKOB	ud_ancient_greek_ptnk	4th-5th c. CE (Codex Alexandrinus)	religious	translit_map
ud_ancient_greek_ptnk_Septuagint-Genesis-30:8-grc	καὶ εἶπεν Ῥαχὴλ συνελάβετό μοι ὁ θεός, καὶ συνανεστράφην τῇ ἀδελφῇ μου καὶ ἠδυνάσθην· καὶ ἐκάλεσεν τὸ ὄνομα αὐτοῦ Νεφθαλί.	kai̯ eːpen rakʰɛːl synelabeto moi̯ o tʰeos kai̯ synanestrapʰɛːn tɛː adelpʰɛː muː kai̯ ɛːdynastʰɛːn kai̯ ekalesen to onoma au̯tuː nepʰtʰali	KAI EPEN RAKEL SUNELABETO MOI O TEOS KAI SUNANESTRAPEN TE ADELPE MU KAI EDUNASTEN KAI EKALESEN TO ONOMA AUTU NEPTALI	ud_ancient_greek_ptnk	4th-5th c. CE (Codex Alexandrinus)	religious	translit_map
ud_ancient_greek_ptnk_Septuagint-Genesis-30:9-grc	εἶδεν δὲ Λεία ὅτι ἔστη τοῦ τίκτειν καὶ ἔλαβεν Ζέλφαν τὴν παιδίσκην αὐτῆς καὶ ἔδωκεν αὐτὴν τῷ Ἰακώβ. γυναῖκα	eːden de leːa oti estɛː tuː tikteːn kai̯ elaben zdelpʰan tɛːn pai̯diskɛːn au̯tɛːs kai̯ edɔːken au̯tɛːn tɔː iakɔːb ɡynai̯ka	EDEN DE LEA OTI ESTE TU TIKTEN KAI ELABEN SDELPAN TEN PAIDISKEN AUTES KAI EDOKEN AUTEN TO IAKOB GUNAIKA	ud_ancient_greek_ptnk	4th-5th c. CE (Codex Alexandrinus)	religious	translit_map
ud_ancient_greek_ptnk_Septuagint-Genesis-30:10-grc	εἰσῆλθεν δὲ πρὸς αὐτὴν Ἰακὼβ καὶ συνέλαβεν Ζέλφα ἡ παιδίσκη Λείας καὶ ἔτεκεν τῷ Ἰακὼβ υἱόν.	eːsɛːltʰen de pros au̯tɛːn iakɔːb kai̯ synelaben zdelpʰa ɛː pai̯diskɛː leːas kai̯ eteken tɔː iakɔːb yi̯on	ESELTEN DE PROS AUTEN IAKOB KAI SUNELABEN SDELPA E PAIDISKE LEAS KAI ETEKEN TO IAKOB UION	ud_ancient_greek_ptnk	4th-5th c. CE (Codex Alexandrinus)	religious	translit_map
ud_ancient_greek_ptnk_Septuagint-Genesis-30:11-grc	καὶ εἶπεν Λεία, ἐν τύχῃ· καὶ ἐπωνόμασεν τὸ ὄνομα αὐτοῦ Γάδ.	kai̯ eːpen leːa en tykʰɛː kai̯ epɔːnomasen to onoma au̯tuː ɡad	KAI EPEN LEA EN TUKE KAI EPONOMASEN TO ONOMA AUTU GAD	ud_ancient_greek_ptnk	4th-5th c. CE (Codex Alexandrinus)	religious	translit_map
ud_ancient_greek_ptnk_Septuagint-Genesis-30:12-grc	καὶ συνέλαβεν Ζέλφα ἡ παιδίσκη Λείας καὶ ἔτεκεν ἔτι τῷ Ἰακὼβ υἱὸν δεύτερον.	kai̯ synelaben zdelpʰa ɛː pai̯diskɛː leːas kai̯ eteken eti tɔː iakɔːb yi̯on deu̯teron	KAI SUNELABEN SDELPA E PAIDISKE LEAS KAI ETEKEN ETI TO IAKOB UION DEUTERON	ud_ancient_greek_ptnk	4th-5th c. CE (Codex Alexandrinus)	religious	translit_map
ud_ancient_greek_ptnk_Septuagint-Genesis-30:13-grc	καὶ εἶπεν Λεία μακαρία ἐγώ, ὅτι μακαρίζουσίν με αἱ γυναῖκες· καὶ ἐκάλεσεν τὸ ὄνομα αὐτοῦ Ἀσήρ.	kai̯ eːpen leːa makaria eɡɔː oti makarizduːsin me ai̯ ɡynai̯kes kai̯ ekalesen to onoma au̯tuː asɛːr	KAI EPEN LEA MAKARIA EGO OTI MAKARISDUSIN ME AI GUNAIKES KAI EKALESEN TO ONOMA AUTU ASER	ud_ancient_greek_ptnk	4th-5th c. CE (Codex Alexandrinus)	religious	translit_map
ud_ancient_greek_ptnk_Septuagint-Genesis-30:14-grc	ἐπορεύθη δὲ Ῥουβὴν ἐν ἡμέραις θερισμοῦ πυρῶν καὶ εὗρεν μῆλα μανδραγόρου ἐν τῷ ἀγρῷ καὶ ἤνεγκεν αὐτὰ πρὸς Λείαν τὴν μητέρα αὐτοῦ. εἶπεν δὲ Ῥαχὴλ τῇ Λεία, δός μοι τῶν μανδραγορῶν τοῦ υἱοῦ σου.	eporeu̯tʰɛː de ruːbɛːn en ɛːmerai̯s tʰerismuː pyrɔːn kai̯ eu̯ren mɛːla mandraɡoruː en tɔː aɡrɔː kai̯ ɛːneŋken au̯ta pros leːan tɛːn mɛːtera au̯tuː eːpen de rakʰɛːl tɛː leːa dos moi̯ tɔːn mandraɡorɔːn tuː yi̯uː suː	EPOREUTE DE RUBEN EN EMERAIS TERISMU PURON KAI EUREN MELA MANDRAGORU EN TO AGRO KAI ENENKEN AUTA PROS LEAN TEN METERA AUTU EPEN DE RAKEL TE LEA DOS MOI TON MANDRAGORON TU UIU SU	ud_ancient_greek_ptnk	4th-5th c. CE (Codex Alexandrinus)	religious	translit_map
ud_ancient_greek_ptnk_Septuagint-Genesis-30:15-grc	εἶπεν δὲ Λεία, οὐχ ἱκανόν σοί ὅτι ἔλαβες τὸν ἄνδρα μου; μὴ καὶ τοὺς μανδραγόρας τοῦ υἱοῦ μου λήμψῃ; εἶπεν δὲ Ῥαχήλ, οὐχ οὕτως· κοιμηθήτω μετὰ σου τὴν νύκτα ταύτην ἀντὶ τῶν μανδραγορῶν τοῦ υἱοῦ σου.	eːpen de leːa uːkʰ ikanon soi̯ oti elabes ton andra muː mɛː kai̯ tuːs mandraɡoras tuː yi̯uː muː lɛːmpsɛː eːpen de rakʰɛːl uːkʰ uːtɔːs koi̯mɛːtʰɛːtɔː meta suː tɛːn nykta tau̯tɛːn anti tɔːn mandraɡorɔːn tuː yi̯uː suː	EPEN DE LEA UK IKANON SOI OTI ELABES TON ANDRA MU ME KAI TUS MANDRAGORAS TU UIU MU LEMPSE EPEN DE RAKEL UK UTOS KOIMETETO META SU TEN NUKTA TAUTEN ANTI TON MANDRAGORON TU UIU SU	ud_ancient_greek_ptnk	4th-5th c. CE (Codex Alexandrinus)	religious	translit_map
ud_ancient_greek_ptnk_Septuagint-Genesis-30:16-grc	εἰσῆλθεν δὲ Ἰακὼβ ἐξ ἀγροῦ ἑσπέρας, καὶ ἐξῆλθεν Λεία εἰς συνάντησιν αὐτῷ καὶ εἶπεν, πρός με εἰσελεύσῃ σήμερον· μεμίσθωμαι γάρ σὲ ἀντὶ τῶν μανδραγορῶν τοῦ υἱοῦ μου. καὶ ἐκοιμήθη μετ᾿ αὐτῆς τὴν νύκτα ἐκείνην.	eːsɛːltʰen de iakɔːb eks aɡruː esperas kai̯ eksɛːltʰen leːa eːs synantɛːsin au̯tɔː kai̯ eːpen pros me eːseleu̯sɛː sɛːmeron memistʰɔːmai̯ ɡar se anti tɔːn mandraɡorɔːn tuː yi̯uː muː kai̯ ekoi̯mɛːtʰɛː met au̯tɛːs tɛːn nykta ekeːnɛːn	ESELTEN DE IAKOB EKS AGRU ESPERAS KAI EKSELTEN LEA ES SUNANTESIN AUTO KAI EPEN PROS ME ESELEUSE SEMERON MEMISTOMAI GAR SE ANTI TON MANDRAGORON TU UIU MU KAI EKOIMETE MET AUTES TEN NUKTA EKENEN	ud_ancient_greek_ptnk	4th-5th c. CE (Codex Alexandrinus)	religious	translit_map
ud_ancient_greek_ptnk_Septuagint-Genesis-30:17-grc	καὶ ἐπήκουσεν ὁ θεὸς Λείας, καὶ συλλαβοῦσα ἔτεκεν τῷ Ἰακὼβ υἱὸν πέμπτον.	kai̯ epɛːkuːsen o tʰeos leːas kai̯ syllabuːsa eteken tɔː iakɔːb yi̯on pempton	KAI EPEKUSEN O TEOS LEAS KAI SULLABUSA ETEKEN TO IAKOB UION PEMPTON	ud_ancient_greek_ptnk	4th-5th c. CE (Codex Alexandrinus)	religious	translit_map
ud_ancient_greek_ptnk_Septuagint-Genesis-30:18-grc	καὶ εἶπεν Λεία, ἔδωκεν ὁ θεὸς τὸν μισθόν μου ἀνθ᾿ οὗ ἔδωκα τὴν παιδίσκην μου τῷ ἀνδρί μου· καὶ ἐκάλεσεν τὸ ὄνομα αὐτοῦ Ἰσσαχάρ, ὅ ἐστιν Μισθός.	kai̯ eːpen leːa edɔːken o tʰeos ton mistʰon muː antʰ uː edɔːka tɛːn pai̯diskɛːn muː tɔː andri muː kai̯ ekalesen to onoma au̯tuː issakʰar o estin mistʰos	KAI EPEN LEA EDOKEN O TEOS TON MISTON MU ANT U EDOKA TEN PAIDISKEN MU TO ANDRI MU KAI EKALESEN TO ONOMA AUTU ISSAKAR O ESTIN MISTOS	ud_ancient_greek_ptnk	4th-5th c. CE (Codex Alexandrinus)	religious	translit_map
ud_ancient_greek_ptnk_Septuagint-Genesis-30:19-grc	καὶ συνέλαβεν ἔτι Λεία καὶ ἔτεκεν υἱὸν ἕκτον τῷ Ἰακώβ.	kai̯ synelaben eti leːa kai̯ eteken yi̯on ekton tɔː iakɔːb	KAI SUNELABEN ETI LEA KAI ETEKEN UION EKTON TO IAKOB	ud_ancient_greek_ptnk	4th-5th c. CE (Codex Alexandrinus)	religious	translit_map
ud_ancient_greek_ptnk_Septuagint-Genesis-30:20-grc	καὶ εἶπεν Λεία, δεδώρηταί μοι ὁ θεὸς δῶρον καλόν· ἐν τῷ νῦν καιρῷ αἱρετιεῖ με ὁ ἀνήρ μου, ἔτεκον γὰρ αὐτῷ υἱοὺς ἕξ· καὶ ἐκάλεσεν τὸ ὄνομα αὐτοῦ Ζαβουλών.	kai̯ eːpen leːa dedɔːrɛːtai̯ moi̯ o tʰeos dɔːron kalon en tɔː nyn kai̯rɔː ai̯retieː me o anɛːr muː etekon ɡar au̯tɔː yi̯uːs eks kai̯ ekalesen to onoma au̯tuː zdabuːlɔːn	KAI EPEN LEA DEDORETAI MOI O TEOS DORON KALON EN TO NUN KAIRO AIRETIE ME O ANER MU ETEKON GAR AUTO UIUS EKS KAI EKALESEN TO ONOMA AUTU SDABULON	ud_ancient_greek_ptnk	4th-5th c. CE (Codex Alexandrinus)	religious	translit_map
ud_ancient_greek_ptnk_Septuagint-Genesis-30:21-grc	καὶ μετὰ τοῦτο ἔτεκεν θυγατέρα καὶ ἐκάλεσεν τὸ ὄνομα αὐτῆς Δίνα.	kai̯ meta tuːto eteken tʰyɡatera kai̯ ekalesen to onoma au̯tɛːs dina	KAI META TUTO ETEKEN TUGATERA KAI EKALESEN TO ONOMA AUTES DINA	ud_ancient_greek_ptnk	4th-5th c. CE (Codex Alexandrinus)	religious	translit_map
ud_ancient_greek_ptnk_Septuagint-Genesis-30:22-grc	ἐμνήσθη δὲ ὁ θεὸς τῆς Ῥαχήλ, καὶ ἐπήκουσεν αὐτῆς ὁ θεὸς καὶ ἀνέῳξεν αὐτῆς τὴν μήτραν,	emnɛːstʰɛː de o tʰeos tɛːs rakʰɛːl kai̯ epɛːkuːsen au̯tɛːs o tʰeos kai̯ aneɔːksen au̯tɛːs tɛːn mɛːtran	EMNESTE DE O TEOS TES RAKEL KAI EPEKUSEN AUTES O TEOS KAI ANEOKSEN AUTES TEN METRAN	ud_ancient_greek_ptnk	4th-5th c. CE (Codex Alexandrinus)	religious	translit_map
ud_ancient_greek_ptnk_Septuagint-Genesis-30:23-grc	καὶ συλλαβοῦσα ἔτεκεν τῷ Ἰακὼβ υἱόν. εἶπεν δὲ Ῥαχήλ, ἀφεῖλεν ὁ θεός μου τὸ ὄνειδος·	kai̯ syllabuːsa eteken tɔː iakɔːb yi̯on eːpen de rakʰɛːl apʰeːlen o tʰeos muː to oneːdos	KAI SULLABUSA ETEKEN TO IAKOB UION EPEN DE RAKEL APELEN O TEOS MU TO ONEDOS	ud_ancient_greek_ptnk	4th-5th c. CE (Codex Alexandrinus)	religious	translit_map
ud_ancient_greek_ptnk_Septuagint-Genesis-30:24-grc	καὶ ἐκάλεσεν τὸ ὄνομα αὐτοῦ Ἰωσήφ λέγουσα προσθέτω ὁ θεός μοι υἱὸν ἕτερον.	kai̯ ekalesen to onoma au̯tuː iɔːsɛːpʰ leɡuːsa prostʰetɔː o tʰeos moi̯ yi̯on eteron	KAI EKALESEN TO ONOMA AUTU IOSEP LEGUSA PROSTETO O TEOS MOI UION ETERON	ud_ancient_greek_ptnk	4th-5th c. CE (Codex Alexandrinus)	religious	translit_map
ud_ancient_greek_ptnk_Septuagint-Genesis-30:25-grc	ἐγένετο δὲ ὡς ἔτεκεν Ῥαχὴλ τὸν Ἰωσήφ, εἶπεν Ἰακὼβ τῷ Λαβὰν ἀπόστειλόν με, ἵνα ἀπέλθω εἰς τὸν τόπον μου καὶ εἰς τὴν γῆν μου.	eɡeneto de ɔːs eteken rakʰɛːl ton iɔːsɛːpʰ eːpen iakɔːb tɔː laban aposteːlon me ina apeltʰɔː eːs ton topon muː kai̯ eːs tɛːn ɡɛːn muː	EGENETO DE OS ETEKEN RAKEL TON IOSEP EPEN IAKOB TO LABAN APOSTELON ME INA APELTO ES TON TOPON MU KAI ES TEN GEN MU	ud_ancient_greek_ptnk	4th-5th c. CE (Codex Alexandrinus)	religious	translit_map
ud_ancient_greek_ptnk_Septuagint-Genesis-30:26-grc	ἀπόδος τὰς γυναῖκάς μου καὶ τὰ παιδία, περὶ ὧν δεδούλευκά σοι, ἵνα ἀπέλθω· σὺ γὰρ γινώσκεις τὴν δουλείαν, ἣν δεδούλευκά σοι.	apodos tas ɡynai̯kas muː kai̯ ta pai̯dia peri ɔːn deduːleu̯ka soi̯ ina apeltʰɔː sy ɡar ɡinɔːskeːs tɛːn duːleːan ɛːn deduːleu̯ka soi̯	APODOS TAS GUNAIKAS MU KAI TA PAIDIA PERI ON DEDULEUKA SOI INA APELTO SU GAR GINOSKES TEN DULEAN EN DEDULEUKA SOI	ud_ancient_greek_ptnk	4th-5th c. CE (Codex Alexandrinus)	religious	translit_map
ud_ancient_greek_ptnk_Septuagint-Genesis-30:27-grc	εἶπεν δὲ αὐτῷ Λαβάν, εἰ εὗρον χάριν ἐναντίον σου, οἰωνισάμην ἄν· εὐλόγησεν γάρ με ὁ θεὸς τῇ σῇ εἰσόδῳ.	eːpen de au̯tɔː laban eː eu̯ron kʰarin enantion suː oi̯ɔːnisamɛːn an eu̯loɡɛːsen ɡar me o tʰeos tɛː sɛː eːsodɔː	EPEN DE AUTO LABAN E EURON KARIN ENANTION SU OIONISAMEN AN EULOGESEN GAR ME O TEOS TE SE ESODO	ud_ancient_greek_ptnk	4th-5th c. CE (Codex Alexandrinus)	religious	translit_map
ud_ancient_greek_ptnk_Septuagint-Genesis-30:28-grc	διάστειλον τὸν μισθόν σου πρός με, καὶ δώσω.	diasteːlon ton mistʰon suː pros me kai̯ dɔːsɔː	DIASTELON TON MISTON SU PROS ME KAI DOSO	ud_ancient_greek_ptnk	4th-5th c. CE (Codex Alexandrinus)	religious	translit_map
ud_ancient_greek_ptnk_Septuagint-Genesis-30:29-grc	εἶπεν δὲ αὐτῷ Ἰακώβ, σὺ γινώσκεις ἃ δεδούλευκά σοί καὶ ὅσα ἦν κτήνη σου μετ᾿ ἐμοῦ·	eːpen de au̯tɔː iakɔːb sy ɡinɔːskeːs a deduːleu̯ka soi̯ kai̯ osa ɛːn ktɛːnɛː suː met emuː	EPEN DE AUTO IAKOB SU GINOSKES A DEDULEUKA SOI KAI OSA EN KTENE SU MET EMU	ud_ancient_greek_ptnk	4th-5th c. CE (Codex Alexandrinus)	religious	translit_map
ud_ancient_greek_ptnk_Septuagint-Genesis-30:30-grc	μικρὰ γὰρ ἦν ὅσα σοί ἦν ἐναντίον ἐμοῦ, καὶ ηὐξήθη εἰς πλῆθος, καὶ ηὐλόγησέν σὲ κύριος ἐπὶ τῷ ποδί μου. νῦν οὖν πότε ποιήσω κἀγὼ ἐμαυτῷ οἶκον;	mikra ɡar ɛːn osa soi̯ ɛːn enantion emuː kai̯ ɛːyksɛːtʰɛː eːs plɛːtʰos kai̯ ɛːyloɡɛːsen se kyrios epi tɔː podi muː nyn uːn pote poi̯ɛːsɔː kaɡɔː emau̯tɔː oi̯kon	MIKRA GAR EN OSA SOI EN ENANTION EMU KAI EUKSETE ES PLETOS KAI EULOGESEN SE KURIOS EPI TO PODI MU NUN UN POTE POIESO KAGO EMAUTO OIKON	ud_ancient_greek_ptnk	4th-5th c. CE (Codex Alexandrinus)	religious	translit_map
ud_ancient_greek_ptnk_Septuagint-Genesis-30:31-grc	καὶ εἶπεν αὐτῷ Λαβάν, τί σοί δώσω; εἶπεν δὲ αὐτῷ Ἰακώβ, οὐ δώσεις μοι οὐθέν· ἐὰν ποιήσῃς μοι τὸ ῥῆμα τοῦτο, πάλιν ποιμανῶ τὰ πρόβατά σου καὶ φυλάξω.	kai̯ eːpen au̯tɔː laban ti soi̯ dɔːsɔː eːpen de au̯tɔː iakɔːb uː dɔːseːs moi̯ uːtʰen ean poi̯ɛːsɛːs moi̯ to rɛːma tuːto palin poi̯manɔː ta probata suː kai̯ pʰylaksɔː	KAI EPEN AUTO LABAN TI SOI DOSO EPEN DE AUTO IAKOB U DOSES MOI UTEN EAN POIESES MOI TO REMA TUTO PALIN POIMANO TA PROBATA SU KAI PULAKSO	ud_ancient_greek_ptnk	4th-5th c. CE (Codex Alexandrinus)	religious	translit_map
ud_ancient_greek_ptnk_Septuagint-Genesis-30:32-grc	παρελθάτω πάντα τὰ πρόβατά σου σήμερον, καὶ διαχώρισον ἐκεῖθεν πᾶν πρόβατον φαιὸν ἐν τοῖς ἀρνάσιν καὶ πᾶν διάλευκον καὶ ῥαντὸν ἐν ταῖς αἰξίν· ἔσται μοι μισθός.	pareltʰatɔː panta ta probata suː sɛːmeron kai̯ diakʰɔːrison ekeːtʰen pan probaton pʰai̯on en toi̯s arnasin kai̯ pan dialeu̯kon kai̯ ranton en tai̯s ai̯ksin estai̯ moi̯ mistʰos	PARELTATO PANTA TA PROBATA SU SEMERON KAI DIAKORISON EKETEN PAN PROBATON PAION EN TOIS ARNASIN KAI PAN DIALEUKON KAI RANTON EN TAIS AIKSIN ESTAI MOI MISTOS	ud_ancient_greek_ptnk	4th-5th c. CE (Codex Alexandrinus)	religious	translit_map
ud_ancient_greek_ptnk_Septuagint-Genesis-30:33-grc	καὶ ἐπακούσεταί μοι ἡ δικαιοσύνη μου ἐν τῇ ἡμέρᾳ τῇ αὔριον, ὅτι ἐστὶν ὁ μισθός μου ἐνώπιόν σου· πᾶν, ὃ ἐὰν μὴ ᾖ ῥαντὸν καὶ διάλευκον ἐν ταῖς αἰξὶν καὶ φαιὸν ἐν τοῖς ἀρνάσιν, κεκλεμμένον ἔσται παρ᾿ ἐμοί.	kai̯ epakuːsetai̯ moi̯ ɛː dikai̯osynɛː muː en tɛː ɛːmera tɛː au̯rion oti estin o mistʰos muː enɔːpion suː pan o ean mɛː ɛː ranton kai̯ dialeu̯kon en tai̯s ai̯ksin kai̯ pʰai̯on en toi̯s arnasin keklemmenon estai̯ par emoi̯	KAI EPAKUSETAI MOI E DIKAIOSUNE MU EN TE EMERA TE AURION OTI ESTIN O MISTOS MU ENOPION SU PAN O EAN ME E RANTON KAI DIALEUKON EN TAIS AIKSIN KAI PAION EN TOIS ARNASIN KEKLEMMENON ESTAI PAR EMOI	ud_ancient_greek_ptnk	4th-5th c. CE (Codex Alexandrinus)	religious	translit_map
ud_ancient_greek_ptnk_Septuagint-Genesis-30:34-grc	εἶπεν δὲ αὐτῷ Λαβάν, ἔστω κατὰ τὸ ῥῆμά σου.	eːpen de au̯tɔː laban estɔː kata to rɛːma suː	EPEN DE AUTO LABAN ESTO KATA TO REMA SU	ud_ancient_greek_ptnk	4th-5th c. CE (Codex Alexandrinus)	religious	translit_map
ud_ancient_greek_ptnk_Septuagint-Genesis-30:35-grc	καὶ διέστειλεν διέστειλεν ἐν τῇ ἡμέρᾳ ἐκείνῃ τοὺς τράγους τοὺς ῥαντοὺς καὶ τοὺς διαλεύκους καὶ πάσας τὰς αἶγας τὰς ῥαντὰς καὶ τὰς διαλεύκους καὶ πᾶν, ὃ ἦν λευκὸν ἐν αὐτοῖς, καὶ πᾶν, ὃ ἦν φαιὸν ἐν τοῖς ἀρνάσιν, καὶ ἔδωκεν διὰ χειρὸς τῶν υἱῶν αὐτοῦ.	kai̯ diesteːlen diesteːlen en tɛː ɛːmera ekeːnɛː tuːs traɡuːs tuːs rantuːs kai̯ tuːs dialeu̯kuːs kai̯ pasas tas ai̯ɡas tas rantas kai̯ tas dialeu̯kuːs kai̯ pan o ɛːn leu̯kon en au̯toi̯s kai̯ pan o ɛːn pʰai̯on en toi̯s arnasin kai̯ edɔːken dia kʰeːros tɔːn yi̯ɔːn au̯tuː	KAI DIESTELEN DIESTELEN EN TE EMERA EKENE TUS TRAGUS TUS RANTUS KAI TUS DIALEUKUS KAI PASAS TAS AIGAS TAS RANTAS KAI TAS DIALEUKUS KAI PAN O EN LEUKON EN AUTOIS KAI PAN O EN PAION EN TOIS ARNASIN KAI EDOKEN DIA KEROS TON UION AUTU	ud_ancient_greek_ptnk	4th-5th c. CE (Codex Alexandrinus)	religious	translit_map
ud_ancient_greek_ptnk_Septuagint-Genesis-30:36-grc	καὶ ἀπέστησεν ὁδὸν τριῶν ἡμερῶν ἀνὰ μέσον αὐτῶν καὶ ἀνὰ μέσον Ἰακώβ· Ἰακὼβ δὲ ἐποίμαινεν τὰ πρόβατα Λαβὰν τὰ ὑπολειφθέντα.	kai̯ apestɛːsen odon triɔːn ɛːmerɔːn ana meson au̯tɔːn kai̯ ana meson iakɔːb iakɔːb de epoi̯mai̯nen ta probata laban ta ypoleːpʰtʰenta	KAI APESTESEN ODON TRION EMERON ANA MESON AUTON KAI ANA MESON IAKOB IAKOB DE EPOIMAINEN TA PROBATA LABAN TA UPOLEPTENTA	ud_ancient_greek_ptnk	4th-5th c. CE (Codex Alexandrinus)	religious	translit_map
ud_ancient_greek_ptnk_Septuagint-Genesis-30:37-grc	ἔλαβεν δὲ ἑαυτῷ Ἰακὼβ ῥάβδον στυρακίνην χλωρὰν καὶ καρυίνην καὶ πλατάνου, καὶ ἐλέπισεν αὐτὰς Ἰακὼβ λεπίσματα λευκὰ περισύρων τὸ χλωρόν· ἐφαίνετο δὲ ἐπὶ ταῖς ῥάβδοις τὸ λευκόν, ὃ ἐλέπισεν, ποικίλον.	elaben de eau̯tɔː iakɔːb rabdon styrakinɛːn kʰlɔːran kai̯ karyi̯nɛːn kai̯ platanuː kai̯ elepisen au̯tas iakɔːb lepismata leu̯ka perisyrɔːn to kʰlɔːron epʰai̯neto de epi tai̯s rabdoi̯s to leu̯kon o elepisen poi̯kilon	ELABEN DE EAUTO IAKOB RABDON STURAKINEN KLORAN KAI KARUINEN KAI PLATANU KAI ELEPISEN AUTAS IAKOB LEPISMATA LEUKA PERISURON TO KLORON EPAINETO DE EPI TAIS RABDOIS TO LEUKON O ELEPISEN POIKILON	ud_ancient_greek_ptnk	4th-5th c. CE (Codex Alexandrinus)	religious	translit_map
ud_ancient_greek_ptnk_Septuagint-Genesis-30:38-grc	καὶ παρέθηκεν τὰς ῥάβδους, ἃς ἐλέπισεν, ἐν ταῖς ληνοῖς τῶν ποτιστηρίων τοῦ ὕδατος, ἵνα, ὡς ἄν ἔλθωσιν τὰ πρόβατα πιεῖν ἐνώπιον τῶν ῥάβδων, ἐλθόντων αὐτῶν εἰς τὸ πιεῖν,	kai̯ paretʰɛːken tas rabduːs as elepisen en tai̯s lɛːnoi̯s tɔːn potistɛːriɔːn tuː ydatos ina ɔːs an eltʰɔːsin ta probata pieːn enɔːpion tɔːn rabdɔːn eltʰontɔːn au̯tɔːn eːs to pieːn	KAI PARETEKEN TAS RABDUS AS ELEPISEN EN TAIS LENOIS TON POTISTERION TU UDATOS INA OS AN ELTOSIN TA PROBATA PIEN ENOPION TON RABDON ELTONTON AUTON ES TO PIEN	ud_ancient_greek_ptnk	4th-5th c. CE (Codex Alexandrinus)	religious	translit_map
ud_ancient_greek_ptnk_Septuagint-Genesis-30:39-grc	ἐγκισσήσωσιν τὰ πρόβατα εἰς τὰς ῥάβδους· καὶ ἔτικτον τὰ πρόβατα διάλευκα καὶ ποικίλα καὶ σποδοειδῆ ῥαντά.	eŋkissɛːsɔːsin ta probata eːs tas rabduːs kai̯ etikton ta probata dialeu̯ka kai̯ poi̯kila kai̯ spodoeːdɛː ranta	ENKISSESOSIN TA PROBATA ES TAS RABDUS KAI ETIKTON TA PROBATA DIALEUKA KAI POIKILA KAI SPODOEDE RANTA	ud_ancient_greek_ptnk	4th-5th c. CE (Codex Alexandrinus)	religious	translit_map
ud_ancient_greek_ptnk_Septuagint-Genesis-30:40-grc	τοὺς δὲ ἀμνοὺς διέστειλεν Ἰακὼβ καὶ ἔστησεν ἐναντίον τῶν προβάτων κριὸν διάλευκον καὶ πᾶν ποικίλον ἐν τοῖς ἀμνοῖς· καὶ διεχώρισεν ἑαυτῷ ποίμνια καθ᾿ ἑαυτὸν καὶ οὐκ ἔμιξεν αὐτὰ εἰς τὰ πρόβατα Λαβάν.	tuːs de amnuːs diesteːlen iakɔːb kai̯ estɛːsen enantion tɔːn probatɔːn krion dialeu̯kon kai̯ pan poi̯kilon en toi̯s amnoi̯s kai̯ diekʰɔːrisen eau̯tɔː poi̯mnia katʰ eau̯ton kai̯ uːk emiksen au̯ta eːs ta probata laban	TUS DE AMNUS DIESTELEN IAKOB KAI ESTESEN ENANTION TON PROBATON KRION DIALEUKON KAI PAN POIKILON EN TOIS AMNOIS KAI DIEKORISEN EAUTO POIMNIA KAT EAUTON KAI UK EMIKSEN AUTA ES TA PROBATA LABAN	ud_ancient_greek_ptnk	4th-5th c. CE (Codex Alexandrinus)	religious	translit_map
ud_ancient_greek_ptnk_Septuagint-Genesis-30:41-grc	ἐγένετο δὲ ἐν τῷ καιρῷ, ᾧ ἐνεκίσσησεν τὰ πρόβατα ἐν γαστρὶ λαμβάνοντα, ἔθηκεν Ἰακὼβ τὰς ῥάβδους ἐναντίον τῶν προβάτων ἐν ταῖς ληνοῖς τοῦ ἐγκισσῆσαι αὐτὰ κατὰ τὰς ῥάβδους·	eɡeneto de en tɔː kai̯rɔː ɔː enekissɛːsen ta probata en ɡastri lambanonta etʰɛːken iakɔːb tas rabduːs enantion tɔːn probatɔːn en tai̯s lɛːnoi̯s tuː eŋkissɛːsai̯ au̯ta kata tas rabduːs	EGENETO DE EN TO KAIRO O ENEKISSESEN TA PROBATA EN GASTRI LAMBANONTA ETEKEN IAKOB TAS RABDUS ENANTION TON PROBATON EN TAIS LENOIS TU ENKISSESAI AUTA KATA TAS RABDUS	ud_ancient_greek_ptnk	4th-5th c. CE (Codex Alexandrinus)	religious	translit_map
ud_ancient_greek_ptnk_Septuagint-Genesis-30:42-grc	ἡνίκα δ᾿ ἄν ἔτεκον τὰ πρόβατα, οὐκ ἐτίθει· ἐγένετο δὲ τὰ ἄσημα τοῦ Λαβάν, τὰ δὲ ἐπίσημα τοῦ Ἰακώβ.	ɛːnika d an etekon ta probata uːk etitʰeː eɡeneto de ta asɛːma tuː laban ta de episɛːma tuː iakɔːb	ENIKA D AN ETEKON TA PROBATA UK ETITE EGENETO DE TA ASEMA TU LABAN TA DE EPISEMA TU IAKOB	ud_ancient_greek_ptnk	4th-5th c. CE (Codex Alexandrinus)	religious	translit_map
ud_ancient_greek_ptnk_Septuagint-Genesis-30:43-grc	καὶ ἐπλούτησεν ὁ ἄνθρωπος σφόδρα σφόδρα, καὶ ἐγένετο αὐτῷ κτήνη πολλὰ καὶ βόες καὶ παῖδες καὶ παιδίσκαι καὶ κάμηλοι καὶ ὄνοι.	kai̯ epluːtɛːsen o antʰrɔːpos spʰodra spʰodra kai̯ eɡeneto au̯tɔː ktɛːnɛː polla kai̯ boes kai̯ pai̯des kai̯ pai̯diskai̯ kai̯ kamɛːloi̯ kai̯ onoi̯	KAI EPLUTESEN O ANTROPOS SPODRA SPODRA KAI EGENETO AUTO KTENE POLLA KAI BOES KAI PAIDES KAI PAIDISKAI KAI KAMELOI KAI ONOI	ud_ancient_greek_ptnk	4th-5th c. CE (Codex Alexandrinus)	religious	translit_map
ud_ancient_greek_ptnk_Septuagint-Genesis-31:1-grc	ἤκουσεν δὲ Ἰακὼβ τὰ ῥήματα τῶν υἱῶν Λαβὰν λεγόντων, εἴληφεν Ἰακὼβ πάντα τὰ τοῦ πατρὸς ἡμῶν καὶ ἐκ τῶν τοῦ πατρὸς ἡμῶν πεποίηκεν πᾶσαν τὴν δόξαν ταύτην.	ɛːkuːsen de iakɔːb ta rɛːmata tɔːn yi̯ɔːn laban leɡontɔːn eːlɛːpʰen iakɔːb panta ta tuː patros ɛːmɔːn kai̯ ek tɔːn tuː patros ɛːmɔːn pepoi̯ɛːken pasan tɛːn doksan tau̯tɛːn	EKUSEN DE IAKOB TA REMATA TON UION LABAN LEGONTON ELEPEN IAKOB PANTA TA TU PATROS EMON KAI EK TON TU PATROS EMON PEPOIEKEN PASAN TEN DOKSAN TAUTEN	ud_ancient_greek_ptnk	4th-5th c. CE (Codex Alexandrinus)	religious	translit_map
ud_ancient_greek_ptnk_Septuagint-Genesis-31:2-grc	καὶ εἶδεν Ἰακὼβ τὸ πρόσωπον τοῦ Λαβάν, καὶ ἰδοὺ οὐκ ἦν πρὸς αὐτὸν ὡς ἐχθὲς καὶ τρίτην ἡμέραν.	kai̯ eːden iakɔːb to prosɔːpon tuː laban kai̯ iduː uːk ɛːn pros au̯ton ɔːs ekʰtʰes kai̯ tritɛːn ɛːmeran	KAI EDEN IAKOB TO PROSOPON TU LABAN KAI IDU UK EN PROS AUTON OS EKTES KAI TRITEN EMERAN	ud_ancient_greek_ptnk	4th-5th c. CE (Codex Alexandrinus)	religious	translit_map
ud_ancient_greek_ptnk_Septuagint-Genesis-31:3-grc	εἶπεν δὲ κύριος πρὸς Ἰακώβ, ἀποστρέφου εἰς τὴν γῆν τοῦ πατρός σου καὶ εἰς τὴν γενεάν σου, καὶ ἔσομαι μετὰ σου.	eːpen de kyrios pros iakɔːb apostrepʰuː eːs tɛːn ɡɛːn tuː patros suː kai̯ eːs tɛːn ɡenean suː kai̯ esomai̯ meta suː	EPEN DE KURIOS PROS IAKOB APOSTREPU ES TEN GEN TU PATROS SU KAI ES TEN GENEAN SU KAI ESOMAI META SU	ud_ancient_greek_ptnk	4th-5th c. CE (Codex Alexandrinus)	religious	translit_map
ud_ancient_greek_ptnk_Septuagint-Genesis-31:4-grc	ἀποστείλας δὲ Ἰακὼβ ἐκάλεσεν Ῥαχὴλ καὶ Λείαν εἰς τὸ πεδίον, οὗ τὰ ποίμνια,	aposteːlas de iakɔːb ekalesen rakʰɛːl kai̯ leːan eːs to pedion uː ta poi̯mnia	APOSTELAS DE IAKOB EKALESEN RAKEL KAI LEAN ES TO PEDION U TA POIMNIA	ud_ancient_greek_ptnk	4th-5th c. CE (Codex Alexandrinus)	religious	translit_map
ud_ancient_greek_ptnk_Septuagint-Genesis-31:5-grc	καὶ εἶπεν αὐταῖς, ὁρῶ ἐγὼ τὸ πρόσωπον τοῦ πατρὸς ὑμῶν ὅτι οὐκ ἔστιν πρὸς ἐμοῦ ὡς ἐχθὲς καὶ τρίτην ἡμέραν· ὁ δὲ θεὸς τοῦ πατρός μου ἦν μετ᾿ ἐμοῦ.	kai̯ eːpen au̯tai̯s orɔː eɡɔː to prosɔːpon tuː patros ymɔːn oti uːk estin pros emuː ɔːs ekʰtʰes kai̯ tritɛːn ɛːmeran o de tʰeos tuː patros muː ɛːn met emuː	KAI EPEN AUTAIS ORO EGO TO PROSOPON TU PATROS UMON OTI UK ESTIN PROS EMU OS EKTES KAI TRITEN EMERAN O DE TEOS TU PATROS MU EN MET EMU	ud_ancient_greek_ptnk	4th-5th c. CE (Codex Alexandrinus)	religious	translit_map
ud_ancient_greek_ptnk_Septuagint-Genesis-31:6-grc	καὶ αὐταὶ δὲ οἴδατε ὅτι ἐν πάσῃ τῇ ἰσχύϊ μου δεδούλευκα τῷ πατρὶ ὑμῶν.	kai̯ au̯tai̯ de oi̯date oti en pasɛː tɛː iskʰyi̯ muː deduːleu̯ka tɔː patri ymɔːn	KAI AUTAI DE OIDATE OTI EN PASE TE ISKUI MU DEDULEUKA TO PATRI UMON	ud_ancient_greek_ptnk	4th-5th c. CE (Codex Alexandrinus)	religious	translit_map
ud_ancient_greek_ptnk_Septuagint-Genesis-31:7-grc	ὁ δὲ πατὴρ ὑμῶν παρεκρούσατό με καὶ ἤλλαξεν τὸν μισθόν μου τῶν δέκα ἀμνῶν, καὶ οὐκ ἔδωκεν αὐτῷ ὁ θεὸς κακοποιῆσαί με.	o de patɛːr ymɔːn parekruːsato me kai̯ ɛːllaksen ton mistʰon muː tɔːn deka amnɔːn kai̯ uːk edɔːken au̯tɔː o tʰeos kakopoi̯ɛːsai̯ me	O DE PATER UMON PAREKRUSATO ME KAI ELLAKSEN TON MISTON MU TON DEKA AMNON KAI UK EDOKEN AUTO O TEOS KAKOPOIESAI ME	ud_ancient_greek_ptnk	4th-5th c. CE (Codex Alexandrinus)	religious	translit_map
ud_ancient_greek_ptnk_Septuagint-Genesis-31:8-grc	ἐὰν οὕτως εἴπῃ, τὰ ποικίλα ἔσται σου μισθός, καὶ τέξεται πάντα τὰ πρόβατα ποικίλα· ἐὰν δὲ εἴπῃ, τὰ λευκὰ ἔσται σου μισθός, καὶ τέξεται πάντα τὰ πρόβατα λευκά·	ean uːtɔːs eːpɛː ta poi̯kila estai̯ suː mistʰos kai̯ teksetai̯ panta ta probata poi̯kila ean de eːpɛː ta leu̯ka estai̯ suː mistʰos kai̯ teksetai̯ panta ta probata leu̯ka	EAN UTOS EPE TA POIKILA ESTAI SU MISTOS KAI TEKSETAI PANTA TA PROBATA POIKILA EAN DE EPE TA LEUKA ESTAI SU MISTOS KAI TEKSETAI PANTA TA PROBATA LEUKA	ud_ancient_greek_ptnk	4th-5th c. CE (Codex Alexandrinus)	religious	translit_map
ud_ancient_greek_ptnk_Septuagint-Genesis-31:9-grc	καὶ ἀφείλατο ὁ θεὸς πάντα τὰ κτήνη τοῦ πατρὸς ὑμῶν καὶ ἔδωκέν μοι αὐτά.	kai̯ apʰeːlato o tʰeos panta ta ktɛːnɛː tuː patros ymɔːn kai̯ edɔːken moi̯ au̯ta	KAI APELATO O TEOS PANTA TA KTENE TU PATROS UMON KAI EDOKEN MOI AUTA	ud_ancient_greek_ptnk	4th-5th c. CE (Codex Alexandrinus)	religious	translit_map
ud_ancient_greek_ptnk_Septuagint-Genesis-31:10-grc	καὶ ἐγένετο ἡνίκα ἐνεκίσσων τὰ πρόβατα, καὶ εἶδον τοῖς ὀφθαλμοῖς αὐτὰ ἐν τῷ ὕπνῳ, καὶ ἰδοὺ οἱ τράγοι καὶ οἱ κριοὶ ἀναβαίνοντες ἦσαν ἐπὶ τὰ πρόβατα καὶ τὰς αἶγας διάλευκοι καὶ ποικίλοι καὶ σποδοειδεῖς ῥαντοί.	kai̯ eɡeneto ɛːnika enekissɔːn ta probata kai̯ eːdon toi̯s opʰtʰalmoi̯s au̯ta en tɔː ypnɔː kai̯ iduː oi̯ traɡoi̯ kai̯ oi̯ krioi̯ anabai̯nontes ɛːsan epi ta probata kai̯ tas ai̯ɡas dialeu̯koi̯ kai̯ poi̯kiloi̯ kai̯ spodoeːdeːs rantoi̯	KAI EGENETO ENIKA ENEKISSON TA PROBATA KAI EDON TOIS OPTALMOIS AUTA EN TO UPNO KAI IDU OI TRAGOI KAI OI KRIOI ANABAINONTES ESAN EPI TA PROBATA KAI TAS AIGAS DIALEUKOI KAI POIKILOI KAI SPODOEDES RANTOI	ud_ancient_greek_ptnk	4th-5th c. CE (Codex Alexandrinus)	religious	translit_map
ud_ancient_greek_ptnk_Septuagint-Genesis-31:11-grc	καὶ εἶπέν μοι ὁ ἄγγελος τοῦ θεοῦ καθ᾿ ὕπνον Ἰακώβ· ἐγὼ δὲ εἶπα, τί ἐστιν;	kai̯ eːpen moi̯ o aŋɡelos tuː tʰeuː katʰ ypnon iakɔːb eɡɔː de eːpa ti estin	KAI EPEN MOI O ANGELOS TU TEU KAT UPNON IAKOB EGO DE EPA TI ESTIN	ud_ancient_greek_ptnk	4th-5th c. CE (Codex Alexandrinus)	religious	translit_map
ud_ancient_greek_ptnk_Septuagint-Genesis-31:12-grc	καὶ εἶπεν, ἀνάβλεψον τοῖς ὀφθαλμοῖς σου καὶ ἰδὲ τοὺς τράγους καὶ τοὺς κριοὺς ἀναβαίνοντας ἐπὶ τὰ πρόβατα καὶ τὰς αἶγας διαλεύκους καὶ ποικίλους καὶ σποδοειδεῖς ῥαντούς· ἑώρακα γὰρ ὅσα σοί Λαβὰν ποιεῖ.	kai̯ eːpen anablepson toi̯s opʰtʰalmoi̯s suː kai̯ ide tuːs traɡuːs kai̯ tuːs kriuːs anabai̯nontas epi ta probata kai̯ tas ai̯ɡas dialeu̯kuːs kai̯ poi̯kiluːs kai̯ spodoeːdeːs rantuːs eɔːraka ɡar osa soi̯ laban poi̯eː	KAI EPEN ANABLEPSON TOIS OPTALMOIS SU KAI IDE TUS TRAGUS KAI TUS KRIUS ANABAINONTAS EPI TA PROBATA KAI TAS AIGAS DIALEUKUS KAI POIKILUS KAI SPODOEDES RANTUS EORAKA GAR OSA SOI LABAN POIE	ud_ancient_greek_ptnk	4th-5th c. CE (Codex Alexandrinus)	religious	translit_map
ud_ancient_greek_ptnk_Septuagint-Genesis-31:13-grc	ἐγώ εἰμι ὁ θεὸς ὁ ὀφθείς σοί ἐν τόπῳ θεοῦ, οὗ ἤλειψάς μοι ἐκεῖ στήλην καὶ ηὔξω μοι ἐκεῖ εὐχήν· νῦν οὖν ἀνάστηθι καὶ ἔξελθε ἐκ τῆς γῆς ταύτης καὶ ἄπελθε εἰς τὴν γῆν τῆς γενέσεώς σου, καὶ ἔσομαι μετὰ σου.	eɡɔː eːmi o tʰeos o opʰtʰeːs soi̯ en topɔː tʰeuː uː ɛːleːpsas moi̯ ekeː stɛːlɛːn kai̯ ɛːyksɔː moi̯ ekeː eu̯kʰɛːn nyn uːn anastɛːtʰi kai̯ ekseltʰe ek tɛːs ɡɛːs tau̯tɛːs kai̯ apeltʰe eːs tɛːn ɡɛːn tɛːs ɡeneseɔːs suː kai̯ esomai̯ meta suː	EGO EMI O TEOS O OPTES SOI EN TOPO TEU U ELEPSAS MOI EKE STELEN KAI EUKSO MOI EKE EUKEN NUN UN ANASTETI KAI EKSELTE EK TES GES TAUTES KAI APELTE ES TEN GEN TES GENESEOS SU KAI ESOMAI META SU	ud_ancient_greek_ptnk	4th-5th c. CE (Codex Alexandrinus)	religious	translit_map
ud_ancient_greek_ptnk_Septuagint-Genesis-31:14-grc	καὶ ἀποκριθεῖσα Ῥαχὴλ καὶ Λεία εἶπαν αὐτῷ, μὴ ἔστιν ἡμῖν ἔτι μερὶς ἢ κληρονομία ἐν τῷ οἴκῳ τοῦ πατρὸς ἡμῶν;	kai̯ apokritʰeːsa rakʰɛːl kai̯ leːa eːpan au̯tɔː mɛː estin ɛːmin eti meris ɛː klɛːronomia en tɔː oi̯kɔː tuː patros ɛːmɔːn	KAI APOKRITESA RAKEL KAI LEA EPAN AUTO ME ESTIN EMIN ETI MERIS E KLERONOMIA EN TO OIKO TU PATROS EMON	ud_ancient_greek_ptnk	4th-5th c. CE (Codex Alexandrinus)	religious	translit_map
ud_ancient_greek_ptnk_Septuagint-Genesis-31:15-grc	οὐχ ὡς αἱ ἀλλότριαι λελογίσμεθα αὐτῷ; πέπρακεν γὰρ ἡμᾶς καὶ κατέφαγεν καταβρώσει τὸ ἀργύριον ἡμῶν.	uːkʰ ɔːs ai̯ allotriai̯ leloɡismetʰa au̯tɔː pepraken ɡar ɛːmas kai̯ katepʰaɡen katabrɔːseː to arɡyrion ɛːmɔːn	UK OS AI ALLOTRIAI LELOGISMETA AUTO PEPRAKEN GAR EMAS KAI KATEPAGEN KATABROSE TO ARGURION EMON	ud_ancient_greek_ptnk	4th-5th c. CE (Codex Alexandrinus)	religious	translit_map
ud_ancient_greek_ptnk_Septuagint-Genesis-31:16-grc	πάντα τὸν πλοῦτον καὶ τὴν δόξαν, ἣν ἀφείλατο ὁ θεὸς τοῦ πατρὸς ἡμῶν, ἡμῖν ἔσται καὶ τοῖς τέκνοις ἡμῶν. νῦν οὖν ὅσα εἴρηκέν σοί ὁ θεός, ποίει.	panta ton pluːton kai̯ tɛːn doksan ɛːn apʰeːlato o tʰeos tuː patros ɛːmɔːn ɛːmin estai̯ kai̯ toi̯s teknoi̯s ɛːmɔːn nyn uːn osa eːrɛːken soi̯ o tʰeos poi̯eː	PANTA TON PLUTON KAI TEN DOKSAN EN APELATO O TEOS TU PATROS EMON EMIN ESTAI KAI TOIS TEKNOIS EMON NUN UN OSA EREKEN SOI O TEOS POIE	ud_ancient_greek_ptnk	4th-5th c. CE (Codex Alexandrinus)	religious	translit_map
ud_ancient_greek_ptnk_Septuagint-Genesis-31:17-grc	ἀναστὰς δὲ Ἰακὼβ ἔλαβεν τὰς γυναῖκας αὐτοῦ καὶ τὰ παιδία αὐτοῦ ἐπὶ τὰς καμήλους	anastas de iakɔːb elaben tas ɡynai̯kas au̯tuː kai̯ ta pai̯dia au̯tuː epi tas kamɛːluːs	ANASTAS DE IAKOB ELABEN TAS GUNAIKAS AUTU KAI TA PAIDIA AUTU EPI TAS KAMELUS	ud_ancient_greek_ptnk	4th-5th c. CE (Codex Alexandrinus)	religious	translit_map
ud_ancient_greek_ptnk_Septuagint-Genesis-31:18-grc	καὶ ἀπήγαγεν πάντα τὰ ὑπάρχοντα αὐτοῦ καὶ πᾶσαν τὴν ἀποσκευὴν αὐτοῦ, ἣν περιεποιήσατο ἐν τῇ Μεσοποταμίᾳ, καὶ πάντα τὰ αὐτοῦ ἀπελθεῖν πρὸς Ἰσαὰκ τὸν πατέρα αὐτοῦ εἰς γῆν Χαναάν.	kai̯ apɛːɡaɡen panta ta yparkʰonta au̯tuː kai̯ pasan tɛːn aposkeu̯ɛːn au̯tuː ɛːn periepoi̯ɛːsato en tɛː mesopotamia kai̯ panta ta au̯tuː apeltʰeːn pros isaak ton patera au̯tuː eːs ɡɛːn kʰanaan	KAI APEGAGEN PANTA TA UPARKONTA AUTU KAI PASAN TEN APOSKEUEN AUTU EN PERIEPOIESATO EN TE MESOPOTAMIA KAI PANTA TA AUTU APELTEN PROS ISAAK TON PATERA AUTU ES GEN KANAAN	ud_ancient_greek_ptnk	4th-5th c. CE (Codex Alexandrinus)	religious	translit_map
ud_ancient_greek_ptnk_Septuagint-Genesis-31:19-grc	Λαβὰν δὲ ᾤχετο κεῖραι τὰ πρόβατα αὐτοῦ· ἔκλεψεν δὲ Ῥαχὴλ τὰ εἴδωλα τοῦ πατρὸς αὐτῆς.	laban de ɔːkʰeto keːrai̯ ta probata au̯tuː eklepsen de rakʰɛːl ta eːdɔːla tuː patros au̯tɛːs	LABAN DE OKETO KERAI TA PROBATA AUTU EKLEPSEN DE RAKEL TA EDOLA TU PATROS AUTES	ud_ancient_greek_ptnk	4th-5th c. CE (Codex Alexandrinus)	religious	translit_map
ud_ancient_greek_ptnk_Septuagint-Genesis-31:20-grc	ἔκρυψεν δὲ Ἰακὼβ Λαβὰν τὸν Σύρον τοῦ μὴ ἀναγγεῖλαι αὐτῷ ὅτι ἀποδιδράσκει,	ekrypsen de iakɔːb laban ton syron tuː mɛː anaŋɡeːlai̯ au̯tɔː oti apodidraskeː	EKRUPSEN DE IAKOB LABAN TON SURON TU ME ANANGELAI AUTO OTI APODIDRASKE	ud_ancient_greek_ptnk	4th-5th c. CE (Codex Alexandrinus)	religious	translit_map
ud_ancient_greek_ptnk_Septuagint-Genesis-31:21-grc	καὶ ἀπέδρα αὐτὸς καὶ πάντα τὰ αὐτοῦ καὶ διέβη τὸν ποταμὸν καὶ ὥρμησεν εἰς τὸ ὄρος Γαλαάδ.	kai̯ apedra au̯tos kai̯ panta ta au̯tuː kai̯ diebɛː ton potamon kai̯ ɔːrmɛːsen eːs to oros ɡalaad	KAI APEDRA AUTOS KAI PANTA TA AUTU KAI DIEBE TON POTAMON KAI ORMESEN ES TO OROS GALAAD	ud_ancient_greek_ptnk	4th-5th c. CE (Codex Alexandrinus)	religious	translit_map
ud_ancient_greek_ptnk_Septuagint-Genesis-31:22-grc	ἀνηγγέλη δὲ Λαβὰν τῷ Σύρῳ τῇ τρίτῃ ἡμέρᾳ ὅτι ἀπέδρα Ἰακώβ,	anɛːŋɡelɛː de laban tɔː syrɔː tɛː tritɛː ɛːmera oti apedra iakɔːb	ANENGELE DE LABAN TO SURO TE TRITE EMERA OTI APEDRA IAKOB	ud_ancient_greek_ptnk	4th-5th c. CE (Codex Alexandrinus)	religious	translit_map
ud_ancient_greek_ptnk_Septuagint-Genesis-31:23-grc	καὶ παραλαβὼν πάντας τοὺς ἀδελφοὺς αὐτοῦ μεθ᾿ ἑαυτοῦ ἐδίωξεν ὀπίσω αὐτοῦ ὁδὸν ἡμερῶν ἑπτὰ καὶ κατέλαβεν αὐτὸν ἐν τῷ ὄρει τῷ Γαλαάδ.	kai̯ paralabɔːn pantas tuːs adelpʰuːs au̯tuː metʰ eau̯tuː ediɔːksen opisɔː au̯tuː odon ɛːmerɔːn epta kai̯ katelaben au̯ton en tɔː oreː tɔː ɡalaad	KAI PARALABON PANTAS TUS ADELPUS AUTU MET EAUTU EDIOKSEN OPISO AUTU ODON EMERON EPTA KAI KATELABEN AUTON EN TO ORE TO GALAAD	ud_ancient_greek_ptnk	4th-5th c. CE (Codex Alexandrinus)	religious	translit_map
ud_ancient_greek_ptnk_Septuagint-Genesis-31:24-grc	ἦλθεν δὲ ὁ θεὸς πρὸς Λαβὰν τὸν Σύρον καθ᾿ ὕπνον τὴν νύκτα καὶ εἶπεν αὐτῷ φύλαξαι σεαυτόν, μήποτε λαλήσῃς μετὰ Ἰακὼβ πονηρά.	ɛːltʰen de o tʰeos pros laban ton syron katʰ ypnon tɛːn nykta kai̯ eːpen au̯tɔː pʰylaksai̯ seau̯ton mɛːpote lalɛːsɛːs meta iakɔːb ponɛːra	ELTEN DE O TEOS PROS LABAN TON SURON KAT UPNON TEN NUKTA KAI EPEN AUTO PULAKSAI SEAUTON MEPOTE LALESES META IAKOB PONERA	ud_ancient_greek_ptnk	4th-5th c. CE (Codex Alexandrinus)	religious	translit_map
ud_ancient_greek_ptnk_Septuagint-Genesis-31:25-grc	καὶ κατέλαβεν Λαβὰν τὸν Ἰακώβ· Ἰακὼβ δὲ ἔπηξεν τὴν σκηνὴν αὐτοῦ ἐν τῷ ὄρει· Λαβὰν δὲ ἔστησεν τοὺς ἀδελφοὺς αὐτοῦ ἐν τῷ ὄρει Γαλαάδ.	kai̯ katelaben laban ton iakɔːb iakɔːb de epɛːksen tɛːn skɛːnɛːn au̯tuː en tɔː oreː laban de estɛːsen tuːs adelpʰuːs au̯tuː en tɔː oreː ɡalaad	KAI KATELABEN LABAN TON IAKOB IAKOB DE EPEKSEN TEN SKENEN AUTU EN TO ORE LABAN DE ESTESEN TUS ADELPUS AUTU EN TO ORE GALAAD	ud_ancient_greek_ptnk	4th-5th c. CE (Codex Alexandrinus)	religious	translit_map
ud_ancient_greek_ptnk_Septuagint-Genesis-31:26-grc	εἶπεν δὲ Λαβὰν τῷ Ἰακώβ, τί ἐποίησας; ἵνα τί κρυφῇ ἀπέδρας καὶ ἐκλοποφόρησάς με καὶ ἀπήγαγες τὰς θυγατέρας μου ὡς αἰχμαλώτιδας μαχαίρᾳ;	eːpen de laban tɔː iakɔːb ti epoi̯ɛːsas ina ti krypʰɛː apedras kai̯ eklopopʰorɛːsas me kai̯ apɛːɡaɡes tas tʰyɡateras muː ɔːs ai̯kʰmalɔːtidas makʰai̯ra	EPEN DE LABAN TO IAKOB TI EPOIESAS INA TI KRUPE APEDRAS KAI EKLOPOPORESAS ME KAI APEGAGES TAS TUGATERAS MU OS AIKMALOTIDAS MAKAIRA	ud_ancient_greek_ptnk	4th-5th c. CE (Codex Alexandrinus)	religious	translit_map
ud_ancient_greek_ptnk_Septuagint-Genesis-31:27-grc	καὶ εἰ ἀνήγγειλάς μοι, ἐξαπέστειλα ἄν σὲ μετ᾿ εὐφροσύνης καὶ μετὰ μουσικῶν, τυμπάνων καὶ κιθάρας.	kai̯ eː anɛːŋɡeːlas moi̯ eksapesteːla an se met eu̯pʰrosynɛːs kai̯ meta muːsikɔːn tympanɔːn kai̯ kitʰaras	KAI E ANENGELAS MOI EKSAPESTELA AN SE MET EUPROSUNES KAI META MUSIKON TUMPANON KAI KITARAS	ud_ancient_greek_ptnk	4th-5th c. CE (Codex Alexandrinus)	religious	translit_map
ud_ancient_greek_ptnk_Septuagint-Genesis-31:28-grc	οὐκ ἠξιώθην καταφιλῆσαι τὰ παιδία μου καὶ τὰς θυγατέρας μου. νῦν δὲ ἀφρόνως ἔπραξας.	uːk ɛːksiɔːtʰɛːn katapʰilɛːsai̯ ta pai̯dia muː kai̯ tas tʰyɡateras muː nyn de apʰronɔːs epraksas	UK EKSIOTEN KATAPILESAI TA PAIDIA MU KAI TAS TUGATERAS MU NUN DE APRONOS EPRAKSAS	ud_ancient_greek_ptnk	4th-5th c. CE (Codex Alexandrinus)	religious	translit_map
ud_ancient_greek_ptnk_Septuagint-Genesis-31:29-grc	καὶ νῦν ἰσχύει ἡ χείρ μου κακοποιῆσαί σε· ὁ δὲ θεὸς τοῦ πατρός σου ἐχθὲς εἶπεν πρός με λέγων, φύλαξαι σεαυτόν, μήποτε λαλήσῃς μετὰ Ἰακὼβ πονηρά.	kai̯ nyn iskʰyeː ɛː kʰeːr muː kakopoi̯ɛːsai̯ se o de tʰeos tuː patros suː ekʰtʰes eːpen pros me leɡɔːn pʰylaksai̯ seau̯ton mɛːpote lalɛːsɛːs meta iakɔːb ponɛːra	KAI NUN ISKUE E KER MU KAKOPOIESAI SE O DE TEOS TU PATROS SU EKTES EPEN PROS ME LEGON PULAKSAI SEAUTON MEPOTE LALESES META IAKOB PONERA	ud_ancient_greek_ptnk	4th-5th c. CE (Codex Alexandrinus)	religious	translit_map
ud_ancient_greek_ptnk_Septuagint-Genesis-31:30-grc	νῦν οὖν πεπόρευσαι· ἐπιθυμίᾳ γὰρ ἐπεθύμησας ἀπελθεῖν εἰς τὸν οἶκον τοῦ πατρός σου· ἵνα τί ἔκλεψας τοὺς θεούς μου;	nyn uːn peporeu̯sai̯ epitʰymia ɡar epetʰymɛːsas apeltʰeːn eːs ton oi̯kon tuː patros suː ina ti eklepsas tuːs tʰeuːs muː	NUN UN PEPOREUSAI EPITUMIA GAR EPETUMESAS APELTEN ES TON OIKON TU PATROS SU INA TI EKLEPSAS TUS TEUS MU	ud_ancient_greek_ptnk	4th-5th c. CE (Codex Alexandrinus)	religious	translit_map
ud_ancient_greek_ptnk_Septuagint-Genesis-31:31-grc	ἀποκριθεὶς δὲ Ἰακὼβ εἶπεν τῷ Λαβάν, εἶπα γάρ μήποτε ἀφέλῃς τὰς θυγατέρας σου ἀπ᾿ ἐμοῦ καὶ πάντα τὰ ἐμά·	apokritʰeːs de iakɔːb eːpen tɔː laban eːpa ɡar mɛːpote apʰelɛːs tas tʰyɡateras suː ap emuː kai̯ panta ta ema	APOKRITES DE IAKOB EPEN TO LABAN EPA GAR MEPOTE APELES TAS TUGATERAS SU AP EMU KAI PANTA TA EMA	ud_ancient_greek_ptnk	4th-5th c. CE (Codex Alexandrinus)	religious	translit_map
ud_ancient_greek_ptnk_Septuagint-Genesis-31:32-grc	ἐπίγνωθι, τί ἐστιν τῶν σῶν παρ᾿ ἐμοί, καὶ λαβέ. καὶ οὐκ ἐπέγνω παρ᾿ αὐτῷ οὐθέν. καὶ εἶπεν αὐτῷ Ἰακώβ, παρ᾿ ᾧ ἐὰν εὕρῃς τοὺς θεούς σου, οὐ ζήσεται ἐναντίον τῶν ἀδελφῶν ἡμῶν. οὐκ ᾔδει δὲ Ἰακὼβ ὅτι Ῥαχὴλ ἡ γυνὴ αὐτοῦ ἔκλεψεν αὐτούς.	epiɡnɔːtʰi ti estin tɔːn sɔːn par emoi̯ kai̯ labe kai̯ uːk epeɡnɔː par au̯tɔː uːtʰen kai̯ eːpen au̯tɔː iakɔːb par ɔː ean eu̯rɛːs tuːs tʰeuːs suː uː zdɛːsetai̯ enantion tɔːn adelpʰɔːn ɛːmɔːn uːk ɛːdeː de iakɔːb oti rakʰɛːl ɛː ɡynɛː au̯tuː eklepsen au̯tuːs	EPIGNOTI TI ESTIN TON SON PAR EMOI KAI LABE KAI UK EPEGNO PAR AUTO UTEN KAI EPEN AUTO IAKOB PAR O EAN EURES TUS TEUS SU U SDESETAI ENANTION TON ADELPON EMON UK EDE DE IAKOB OTI RAKEL E GUNE AUTU EKLEPSEN AUTUS	ud_ancient_greek_ptnk	4th-5th c. CE (Codex Alexandrinus)	religious	translit_map
ud_ancient_greek_ptnk_Septuagint-Genesis-31:33-grc	εἰσελθὼν δὲ Λαβὰν ἠρεύνησεν εἰς τὸν οἶκον Λείας καὶ οὐχ εὗρεν· καὶ ἐξελθὼν ἐκ τοῦ οἴκου Λείας ἠρεύνησεν τὸν οἶκον Ἰακὼβ καὶ ἐν τῷ οἴκῳ τῶν δύο παιδισκῶν καὶ οὐχ εὗρεν. εἰσῆλθεν δὲ καὶ εἰς τὸν οἶκον Ῥαχήλ.	eːseltʰɔːn de laban ɛːreu̯nɛːsen eːs ton oi̯kon leːas kai̯ uːkʰ eu̯ren kai̯ ekseltʰɔːn ek tuː oi̯kuː leːas ɛːreu̯nɛːsen ton oi̯kon iakɔːb kai̯ en tɔː oi̯kɔː tɔːn dyo pai̯diskɔːn kai̯ uːkʰ eu̯ren eːsɛːltʰen de kai̯ eːs ton oi̯kon rakʰɛːl	ESELTON DE LABAN EREUNESEN ES TON OIKON LEAS KAI UK EUREN KAI EKSELTON EK TU OIKU LEAS EREUNESEN TON OIKON IAKOB KAI EN TO OIKO TON DUO PAIDISKON KAI UK EUREN ESELTEN DE KAI ES TON OIKON RAKEL	ud_ancient_greek_ptnk	4th-5th c. CE (Codex Alexandrinus)	religious	translit_map
ud_ancient_greek_ptnk_Septuagint-Genesis-31:34-grc	Ῥαχὴλ δὲ ἔλαβεν τὰ εἴδωλα καὶ ἐνέβαλεν αὐτὰ εἰς τὰ σάγματα τῆς καμήλου καὶ ἐπεκάθισεν αὐτοῖς	rakʰɛːl de elaben ta eːdɔːla kai̯ enebalen au̯ta eːs ta saɡmata tɛːs kamɛːluː kai̯ epekatʰisen au̯toi̯s	RAKEL DE ELABEN TA EDOLA KAI ENEBALEN AUTA ES TA SAGMATA TES KAMELU KAI EPEKATISEN AUTOIS	ud_ancient_greek_ptnk	4th-5th c. CE (Codex Alexandrinus)	religious	translit_map
ud_ancient_greek_ptnk_Septuagint-Genesis-31:35-grc	καὶ εἶπεν τῷ πατρὶ αὐτῆς, μὴ βαρέως φέρε, κύριε· οὐ δύναμαι ἀναστῆναι ἐνώπιόν σου, ὅτι τὸ κατ᾿ ἐθισμὸν τῶν γυναικῶν μοί ἐστιν. ἠρεύνησεν δὲ Λαβὰν ἐν ὅλῳ τῷ οἴκῳ καὶ οὐχ εὗρεν τὰ εἴδωλα.	kai̯ eːpen tɔː patri au̯tɛːs mɛː bareɔːs pʰere kyrie uː dynamai̯ anastɛːnai̯ enɔːpion suː oti to kat etʰismon tɔːn ɡynai̯kɔːn moi̯ estin ɛːreu̯nɛːsen de laban en olɔː tɔː oi̯kɔː kai̯ uːkʰ eu̯ren ta eːdɔːla	KAI EPEN TO PATRI AUTES ME BAREOS PERE KURIE U DUNAMAI ANASTENAI ENOPION SU OTI TO KAT ETISMON TON GUNAIKON MOI ESTIN EREUNESEN DE LABAN EN OLO TO OIKO KAI UK EUREN TA EDOLA	ud_ancient_greek_ptnk	4th-5th c. CE (Codex Alexandrinus)	religious	translit_map
ud_ancient_greek_ptnk_Septuagint-Genesis-31:36-grc	ὠργίσθη δὲ Ἰακὼβ καὶ ἐμαχέσατο τῷ Λαβάν· ἀποκριθεὶς δὲ Ἰακὼβ εἶπεν τῷ Λαβάν, τί τὸ ἀδίκημά μου καὶ τί τὸ ἁμάρτημά μου, ὅτι κατεδίωξας ὀπίσω μου	ɔːrɡistʰɛː de iakɔːb kai̯ emakʰesato tɔː laban apokritʰeːs de iakɔːb eːpen tɔː laban ti to adikɛːma muː kai̯ ti to amartɛːma muː oti katediɔːksas opisɔː muː	ORGISTE DE IAKOB KAI EMAKESATO TO LABAN APOKRITES DE IAKOB EPEN TO LABAN TI TO ADIKEMA MU KAI TI TO AMARTEMA MU OTI KATEDIOKSAS OPISO MU	ud_ancient_greek_ptnk	4th-5th c. CE (Codex Alexandrinus)	religious	translit_map
ud_ancient_greek_ptnk_Septuagint-Genesis-31:37-grc	καὶ ὅτι ἠρεύνησας πάντα τὰ σκεύη μου; τί εὗρες ἀπὸ πάντων τῶν σκευῶν τοῦ οἴκου σου; θὲς ὧδε ἐναντίον τῶν ἀδελφῶν μου καὶ τῶν ἀδελφῶν σου, καὶ ἐλεγξάτωσαν ἀνὰ μέσον τῶν δύο ἡμῶν.	kai̯ oti ɛːreu̯nɛːsas panta ta skeu̯ɛː muː ti eu̯res apo pantɔːn tɔːn skeu̯ɔːn tuː oi̯kuː suː tʰes ɔːde enantion tɔːn adelpʰɔːn muː kai̯ tɔːn adelpʰɔːn suː kai̯ eleŋksatɔːsan ana meson tɔːn dyo ɛːmɔːn	KAI OTI EREUNESAS PANTA TA SKEUE MU TI EURES APO PANTON TON SKEUON TU OIKU SU TES ODE ENANTION TON ADELPON MU KAI TON ADELPON SU KAI ELENKSATOSAN ANA MESON TON DUO EMON	ud_ancient_greek_ptnk	4th-5th c. CE (Codex Alexandrinus)	religious	translit_map
ud_ancient_greek_ptnk_Septuagint-Genesis-31:38-grc	ταῦτά μοι εἴκοσι ἔτη ἐγώ εἰμι μετὰ σου· τὰ πρόβατά σου καὶ αἱ αἶγές σου οὐκ ἠτεκνώθησαν· κριοὺς τῶν προβάτων σου οὐ κατέφαγον·	tau̯ta moi̯ eːkosi etɛː eɡɔː eːmi meta suː ta probata suː kai̯ ai̯ ai̯ɡes suː uːk ɛːteknɔːtʰɛːsan kriuːs tɔːn probatɔːn suː uː katepʰaɡon	TAUTA MOI EKOSI ETE EGO EMI META SU TA PROBATA SU KAI AI AIGES SU UK ETEKNOTESAN KRIUS TON PROBATON SU U KATEPAGON	ud_ancient_greek_ptnk	4th-5th c. CE (Codex Alexandrinus)	religious	translit_map
ud_ancient_greek_ptnk_Septuagint-Genesis-31:39-grc	θηριάλωτον οὐκ ἀνενήνοχά σοι, ἐγὼ ἀπετίννυον παρ᾿ ἐμαυτοῦ κλέμματα ἡμέρας καὶ κλέμματα νυκτός·	tʰɛːrialɔːton uːk anenɛːnokʰa soi̯ eɡɔː apetinnyon par emau̯tuː klemmata ɛːmeras kai̯ klemmata nyktos	TERIALOTON UK ANENENOKA SOI EGO APETINNUON PAR EMAUTU KLEMMATA EMERAS KAI KLEMMATA NUKTOS	ud_ancient_greek_ptnk	4th-5th c. CE (Codex Alexandrinus)	religious	translit_map
ud_ancient_greek_ptnk_Septuagint-Genesis-31:40-grc	ἐγινόμην τῆς ἡμέρας συγκαιόμενος τῷ καύματι καὶ παγετῷ τῆς νυκτός, καὶ ἀφίστατο ὁ ὕπνος ἀπὸ τῶν ὀφθαλμῶν μου.	eɡinomɛːn tɛːs ɛːmeras syŋkai̯omenos tɔː kau̯mati kai̯ paɡetɔː tɛːs nyktos kai̯ apʰistato o ypnos apo tɔːn opʰtʰalmɔːn muː	EGINOMEN TES EMERAS SUNKAIOMENOS TO KAUMATI KAI PAGETO TES NUKTOS KAI APISTATO O UPNOS APO TON OPTALMON MU	ud_ancient_greek_ptnk	4th-5th c. CE (Codex Alexandrinus)	religious	translit_map
ud_ancient_greek_ptnk_Septuagint-Genesis-31:41-grc	ταῦτά μοι εἴκοσι ἔτη ἐγώ εἰμι ἐν τῇ οἰκίᾳ σου· ἐδούλευσά σοί δέκα τέσσαρα ἔτη ἀντὶ τῶν δύο θυγατέρων σου καὶ ἓξ ἔτη ἐν τοῖς προβάτοις σου, καὶ παρελογίσω τὸν μισθόν μου δέκα ἀμνάσιν.	tau̯ta moi̯ eːkosi etɛː eɡɔː eːmi en tɛː oi̯kia suː eduːleu̯sa soi̯ deka tessara etɛː anti tɔːn dyo tʰyɡaterɔːn suː kai̯ eks etɛː en toi̯s probatoi̯s suː kai̯ pareloɡisɔː ton mistʰon muː deka amnasin	TAUTA MOI EKOSI ETE EGO EMI EN TE OIKIA SU EDULEUSA SOI DEKA TESSARA ETE ANTI TON DUO TUGATERON SU KAI EKS ETE EN TOIS PROBATOIS SU KAI PARELOGISO TON MISTON MU DEKA AMNASIN	ud_ancient_greek_ptnk	4th-5th c. CE (Codex Alexandrinus)	religious	translit_map
ud_ancient_greek_ptnk_Septuagint-Genesis-31:42-grc	εἰ μὴ ὁ θεὸς τοῦ πατρός μου Ἁβραὰμ καὶ ὁ φόβος Ἰσαὰκ ἦν μοι, νῦν ἄν κενόν με ἐξαπέστειλας· τὴν ταπείνωσίν μου καὶ τὸν κόπον τῶν χειρῶν μου εἶδεν ὁ θεὸς καὶ ἤλεγξέν σὲ ἐχθές.	eː mɛː o tʰeos tuː patros muː abraam kai̯ o pʰobos isaak ɛːn moi̯ nyn an kenon me eksapesteːlas tɛːn tapeːnɔːsin muː kai̯ ton kopon tɔːn kʰeːrɔːn muː eːden o tʰeos kai̯ ɛːleŋksen se ekʰtʰes	E ME O TEOS TU PATROS MU ABRAAM KAI O POBOS ISAAK EN MOI NUN AN KENON ME EKSAPESTELAS TEN TAPENOSIN MU KAI TON KOPON TON KERON MU EDEN O TEOS KAI ELENKSEN SE EKTES	ud_ancient_greek_ptnk	4th-5th c. CE (Codex Alexandrinus)	religious	translit_map
ud_ancient_greek_ptnk_Septuagint-Genesis-31:43-grc	ἀποκριθεὶς δὲ Λαβὰν εἶπεν τῷ Ἰακώβ, αἱ θυγατέρες θυγατέρες μου καὶ οἱ υἱοὶ υἱοί μου, καὶ τὰ κτήνη κτήνη μου, καὶ πάντα, ὅσα σὺ ὁρᾷς, ἐμά ἐστιν καὶ τῶν θυγατέρων μου. τί ποιήσω ταύταις σήμερον ἢ τοῖς τέκνοις αὐτῶν, οἷς ἔτεκον;	apokritʰeːs de laban eːpen tɔː iakɔːb ai̯ tʰyɡateres tʰyɡateres muː kai̯ oi̯ yi̯oi̯ yi̯oi̯ muː kai̯ ta ktɛːnɛː ktɛːnɛː muː kai̯ panta osa sy oras ema estin kai̯ tɔːn tʰyɡaterɔːn muː ti poi̯ɛːsɔː tau̯tai̯s sɛːmeron ɛː toi̯s teknoi̯s au̯tɔːn oi̯s etekon	APOKRITES DE LABAN EPEN TO IAKOB AI TUGATERES TUGATERES MU KAI OI UIOI UIOI MU KAI TA KTENE KTENE MU KAI PANTA OSA SU ORAS EMA ESTIN KAI TON TUGATERON MU TI POIESO TAUTAIS SEMERON E TOIS TEKNOIS AUTON OIS ETEKON	ud_ancient_greek_ptnk	4th-5th c. CE (Codex Alexandrinus)	religious	translit_map
ud_ancient_greek_ptnk_Septuagint-Genesis-31:44-grc	νῦν οὖν δεῦρο διαθώμεθα διαθήκην ἐγὼ καὶ σύ, καὶ ἔσται εἰς μαρτύριον ἀνὰ μέσον ἐμοῦ καὶ σου. εἶπεν δὲ αὐτῷ, ἰδοὺ οὐθεὶς μεθ᾿ ἡμῶν ἐστιν, ἰδὲ ὁ θεὸς μάρτυς ἀνὰ μέσον ἐμοῦ καὶ σου.	nyn uːn deu̯ro diatʰɔːmetʰa diatʰɛːkɛːn eɡɔː kai̯ sy kai̯ estai̯ eːs martyrion ana meson emuː kai̯ suː eːpen de au̯tɔː iduː uːtʰeːs metʰ ɛːmɔːn estin ide o tʰeos martys ana meson emuː kai̯ suː	NUN UN DEURO DIATOMETA DIATEKEN EGO KAI SU KAI ESTAI ES MARTURION ANA MESON EMU KAI SU EPEN DE AUTO IDU UTES MET EMON ESTIN IDE O TEOS MARTUS ANA MESON EMU KAI SU	ud_ancient_greek_ptnk	4th-5th c. CE (Codex Alexandrinus)	religious	translit_map
ud_ancient_greek_ptnk_Septuagint-Genesis-31:45-grc	λαβὼν δὲ Ἰακὼβ λίθον ἔστησεν αὐτὸν στήλην.	labɔːn de iakɔːb litʰon estɛːsen au̯ton stɛːlɛːn	LABON DE IAKOB LITON ESTESEN AUTON STELEN	ud_ancient_greek_ptnk	4th-5th c. CE (Codex Alexandrinus)	religious	translit_map
ud_ancient_greek_ptnk_Septuagint-Genesis-31:46-grc	εἶπεν δὲ Ἰακὼβ τοῖς ἀδελφοῖς αὐτοῦ, συλλέγετε λίθους. καὶ συνέλεξαν λίθους καὶ ἐποίησαν βουνόν, καὶ ἔφαγον καὶ ἔπιον ἐκεῖ ἐπὶ τοῦ βουνοῦ. καὶ εἶπεν αὐτῷ Λαβάν, ὁ βουνὸς οὗτος μαρτυρεῖ ἀνὰ μέσον ἐμοῦ καὶ σου σήμερον.	eːpen de iakɔːb toi̯s adelpʰoi̯s au̯tuː sylleɡete litʰuːs kai̯ syneleksan litʰuːs kai̯ epoi̯ɛːsan buːnon kai̯ epʰaɡon kai̯ epion ekeː epi tuː buːnuː kai̯ eːpen au̯tɔː laban o buːnos uːtos martyreː ana meson emuː kai̯ suː sɛːmeron	EPEN DE IAKOB TOIS ADELPOIS AUTU SULLEGETE LITUS KAI SUNELEKSAN LITUS KAI EPOIESAN BUNON KAI EPAGON KAI EPION EKE EPI TU BUNU KAI EPEN AUTO LABAN O BUNOS UTOS MARTURE ANA MESON EMU KAI SU SEMERON	ud_ancient_greek_ptnk	4th-5th c. CE (Codex Alexandrinus)	religious	translit_map
ud_ancient_greek_ptnk_Septuagint-Genesis-31:47-grc	καὶ ἐκάλεσεν αὐτὸν Λαβὰν Βουνὸς τῆς μαρτυρίας, Ἰακὼβ δὲ ἐκάλεσεν αὐτὸν Βουνὸς μάρτυς.	kai̯ ekalesen au̯ton laban buːnos tɛːs martyrias iakɔːb de ekalesen au̯ton buːnos martys	KAI EKALESEN AUTON LABAN BUNOS TES MARTURIAS IAKOB DE EKALESEN AUTON BUNOS MARTUS	ud_ancient_greek_ptnk	4th-5th c. CE (Codex Alexandrinus)	religious	translit_map
ud_ancient_greek_ptnk_Septuagint-Genesis-31:48-49-grc	εἶπεν δὲ Λαβὰν τῷ Ἰακώβ, ἰδοὺ ὁ βουνὸς οὗτος καὶ ἡ στήλη αὕτη, ἣν ἔστησα ἀνὰ μέσον ἐμοῦ καὶ σου, μαρτυρεῖ ὁ βουνὸς οὗτος καὶ μαρτυρεῖ ἡ στήλη αὕτη· διὰ τοῦτο ἐκλήθη τὸ ὄνομα αὐτοῦ Βουνὸς μαρτυρεῖ καί, ἡ ὅρασις, ἣν εἶπεν, ἐπίδοι ὁ θεὸς ἀνὰ μέσον ἐμοῦ καὶ σου, ὅτι ἀποστησόμεθα ἕτερος ἀπὸ τοῦ ἑτέρου.	eːpen de laban tɔː iakɔːb iduː o buːnos uːtos kai̯ ɛː stɛːlɛː au̯tɛː ɛːn estɛːsa ana meson emuː kai̯ suː martyreː o buːnos uːtos kai̯ martyreː ɛː stɛːlɛː au̯tɛː dia tuːto eklɛːtʰɛː to onoma au̯tuː buːnos martyreː kai̯ ɛː orasis ɛːn eːpen epidoi̯ o tʰeos ana meson emuː kai̯ suː oti apostɛːsometʰa eteros apo tuː eteruː	EPEN DE LABAN TO IAKOB IDU O BUNOS UTOS KAI E STELE AUTE EN ESTESA ANA MESON EMU KAI SU MARTURE O BUNOS UTOS KAI MARTURE E STELE AUTE DIA TUTO EKLETE TO ONOMA AUTU BUNOS MARTURE KAI E ORASIS EN EPEN EPIDOI O TEOS ANA MESON EMU KAI SU OTI APOSTESOMETA ETEROS APO TU ETERU	ud_ancient_greek_ptnk	4th-5th c. CE (Codex Alexandrinus)	religious	translit_map
ud_ancient_greek_ptnk_Septuagint-Genesis-31:50-grc	εἰ ταπεινώσεις τὰς θυγατέρας μου, εἰ λήμψῃ γυναῖκας ἐπὶ ταῖς θυγατράσιν μου, ὅρα οὐθεὶς μεθ᾿ ἡμῶν ἐστιν·	eː tapeːnɔːseːs tas tʰyɡateras muː eː lɛːmpsɛː ɡynai̯kas epi tai̯s tʰyɡatrasin muː ora uːtʰeːs metʰ ɛːmɔːn estin	E TAPENOSES TAS TUGATERAS MU E LEMPSE GUNAIKAS EPI TAIS TUGATRASIN MU ORA UTES MET EMON ESTIN	ud_ancient_greek_ptnk	4th-5th c. CE (Codex Alexandrinus)	religious	translit_map
ud_ancient_greek_ptnk_Septuagint-Genesis-31:52-grc	ἐάν τε γὰρ ἐγὼ μὴ διαβῶ πρὸς σὲ μηδὲ σὺ διαβῇς πρός με τὸν βουνὸν τοῦτον καὶ τὴν στήλην ταύτην ἐπὶ κακίᾳ,	ean te ɡar eɡɔː mɛː diabɔː pros se mɛːde sy diabɛːs pros me ton buːnon tuːton kai̯ tɛːn stɛːlɛːn tau̯tɛːn epi kakia	EAN TE GAR EGO ME DIABO PROS SE MEDE SU DIABES PROS ME TON BUNON TUTON KAI TEN STELEN TAUTEN EPI KAKIA	ud_ancient_greek_ptnk	4th-5th c. CE (Codex Alexandrinus)	religious	translit_map
ud_ancient_greek_ptnk_Septuagint-Genesis-31:53-grc	ὁ θεὸς Ἁβραὰμ καὶ ὁ θεὸς Ναχὼρ κρινεῖ ἀνὰ μέσον ἡμῶν καὶ ὤμοσεν Ἰακὼβ κατὰ τοῦ φόβου τοῦ πατρὸς αὐτοῦ Ἰσαάκ.	o tʰeos abraam kai̯ o tʰeos nakʰɔːr krineː ana meson ɛːmɔːn kai̯ ɔːmosen iakɔːb kata tuː pʰobuː tuː patros au̯tuː isaak	O TEOS ABRAAM KAI O TEOS NAKOR KRINE ANA MESON EMON KAI OMOSEN IAKOB KATA TU POBU TU PATROS AUTU ISAAK	ud_ancient_greek_ptnk	4th-5th c. CE (Codex Alexandrinus)	religious	translit_map
ud_ancient_greek_ptnk_Septuagint-Genesis-31:54-grc	καὶ ἔθυσεν Ἰακὼβ θυσίαν ἐν τῷ ὄρει καὶ ἐκάλεσεν τοὺς ἀδελφοὺς αὐτοῦ, καὶ ἔφαγον καὶ ἔπιον καὶ ἐκοιμήθησαν ἐν τῷ ὄρει.	kai̯ etʰysen iakɔːb tʰysian en tɔː oreː kai̯ ekalesen tuːs adelpʰuːs au̯tuː kai̯ epʰaɡon kai̯ epion kai̯ ekoi̯mɛːtʰɛːsan en tɔː oreː	KAI ETUSEN IAKOB TUSIAN EN TO ORE KAI EKALESEN TUS ADELPUS AUTU KAI EPAGON KAI EPION KAI EKOIMETESAN EN TO ORE	ud_ancient_greek_ptnk	4th-5th c. CE (Codex Alexandrinus)	religious	translit_map
ud_ancient_greek_ptnk_Septuagint-Genesis-32:1-grc	καὶ Ἰακὼβ ἀπῆλθεν εἰς τὴν ἑαυτοῦ ὁδόν. καὶ ἀναβλέψας εἶδεν παρεμβολὴν θεοῦ παρεμβεβληκυῖαν, καὶ συνήντησαν αὐτῷ οἱ ἄγγελοι τοῦ θεοῦ.	kai̯ iakɔːb apɛːltʰen eːs tɛːn eau̯tuː odon kai̯ anablepsas eːden parembolɛːn tʰeuː parembeblɛːkyi̯an kai̯ synɛːntɛːsan au̯tɔː oi̯ aŋɡeloi̯ tuː tʰeuː	KAI IAKOB APELTEN ES TEN EAUTU ODON KAI ANABLEPSAS EDEN PAREMBOLEN TEU PAREMBEBLEKUIAN KAI SUNENTESAN AUTO OI ANGELOI TU TEU	ud_ancient_greek_ptnk	4th-5th c. CE (Codex Alexandrinus)	religious	translit_map
ud_ancient_greek_ptnk_Septuagint-Genesis-32:2-grc	εἶπεν δὲ Ἰακώβ, ἡνίκα εἶδεν αὐτούς, Παρεμβολὴ θεοῦ αὕτη· καὶ ἐκάλεσεν τὸ ὄνομα τοῦ τόπου ἐκείνου Παρεμβολαί.	eːpen de iakɔːb ɛːnika eːden au̯tuːs parembolɛː tʰeuː au̯tɛː kai̯ ekalesen to onoma tuː topuː ekeːnuː parembolai̯	EPEN DE IAKOB ENIKA EDEN AUTUS PAREMBOLE TEU AUTE KAI EKALESEN TO ONOMA TU TOPU EKENU PAREMBOLAI	ud_ancient_greek_ptnk	4th-5th c. CE (Codex Alexandrinus)	religious	translit_map
ud_ancient_greek_ptnk_Septuagint-Genesis-32:3-grc	ἀπέστειλεν δὲ Ἰακὼβ ἀγγέλους ἔμπροσθεν αὐτοῦ πρὸς Ἡσαῦ τὸν ἀδελφὸν αὐτοῦ εἰς γῆν Σηὶρ εἰς χώραν Ἐδὼμ	apesteːlen de iakɔːb aŋɡeluːs emprostʰen au̯tuː pros ɛːsau̯ ton adelpʰon au̯tuː eːs ɡɛːn sɛːi̯r eːs kʰɔːran edɔːm	APESTELEN DE IAKOB ANGELUS EMPROSTEN AUTU PROS ESAU TON ADELPON AUTU ES GEN SEIR ES KORAN EDOM	ud_ancient_greek_ptnk	4th-5th c. CE (Codex Alexandrinus)	religious	translit_map
ud_ancient_greek_ptnk_Septuagint-Genesis-32:4-grc	καὶ ἐνετείλατο αὐτοῖς λέγων, οὕτως ἐρεῖτε τῷ κυρίῳ μου Ἡσαῦ, οὕτως λέγει ὁ παῖς σου Ἰακώβ, μετὰ Λαβὰν παρῴκησα καὶ ἐχρόνισα ἕως τοῦ νῦν,	kai̯ eneteːlato au̯toi̯s leɡɔːn uːtɔːs ereːte tɔː kyriɔː muː ɛːsau̯ uːtɔːs leɡeː o pai̯s suː iakɔːb meta laban parɔːkɛːsa kai̯ ekʰronisa eɔːs tuː nyn	KAI ENETELATO AUTOIS LEGON UTOS ERETE TO KURIO MU ESAU UTOS LEGE O PAIS SU IAKOB META LABAN PAROKESA KAI EKRONISA EOS TU NUN	ud_ancient_greek_ptnk	4th-5th c. CE (Codex Alexandrinus)	religious	translit_map
ud_ancient_greek_ptnk_Septuagint-Genesis-32:5-grc	καὶ ἐγένοντό μοι βόες καὶ ὄνοι καὶ πρόβατα καὶ παῖδες καὶ παιδίσκαι, καὶ ἀπέστειλα ἀναγγεῖλαι τῷ κυρίῳ μου Ἡσαῦ, ἵνα εὕρῃ ὁ παῖς σου χάριν ἐναντίον σου.	kai̯ eɡenonto moi̯ boes kai̯ onoi̯ kai̯ probata kai̯ pai̯des kai̯ pai̯diskai̯ kai̯ apesteːla anaŋɡeːlai̯ tɔː kyriɔː muː ɛːsau̯ ina eu̯rɛː o pai̯s suː kʰarin enantion suː	KAI EGENONTO MOI BOES KAI ONOI KAI PROBATA KAI PAIDES KAI PAIDISKAI KAI APESTELA ANANGELAI TO KURIO MU ESAU INA EURE O PAIS SU KARIN ENANTION SU	ud_ancient_greek_ptnk	4th-5th c. CE (Codex Alexandrinus)	religious	translit_map
ud_ancient_greek_ptnk_Septuagint-Genesis-32:6-grc	καὶ ἀνέστρεψαν οἱ ἄγγελοι πρὸς Ἰακὼβ λέγοντες, ἤλθομεν πρὸς τὸν ἀδελφόν σου Ἡσαῦ, καὶ ἰδοὺ αὐτὸς ἔρχεται εἰς συνάντησίν σοί καὶ τετρακόσιοι ἄνδρες μετ᾿ αὐτοῦ.	kai̯ anestrepsan oi̯ aŋɡeloi̯ pros iakɔːb leɡontes ɛːltʰomen pros ton adelpʰon suː ɛːsau̯ kai̯ iduː au̯tos erkʰetai̯ eːs synantɛːsin soi̯ kai̯ tetrakosioi̯ andres met au̯tuː	KAI ANESTREPSAN OI ANGELOI PROS IAKOB LEGONTES ELTOMEN PROS TON ADELPON SU ESAU KAI IDU AUTOS ERKETAI ES SUNANTESIN SOI KAI TETRAKOSIOI ANDRES MET AUTU	ud_ancient_greek_ptnk	4th-5th c. CE (Codex Alexandrinus)	religious	translit_map
ud_ancient_greek_ptnk_Septuagint-Genesis-32:7-grc	ἐφοβήθη δὲ Ἰακὼβ σφόδρα καὶ ἠπορεῖτο. καὶ διεῖλεν τὸν λαὸν τὸν μετ᾿ αὐτοῦ καὶ τοὺς βόας καὶ τὰ πρόβατα εἰς δύο παρεμβολάς,	epʰobɛːtʰɛː de iakɔːb spʰodra kai̯ ɛːporeːto kai̯ dieːlen ton laon ton met au̯tuː kai̯ tuːs boas kai̯ ta probata eːs dyo parembolas	EPOBETE DE IAKOB SPODRA KAI EPORETO KAI DIELEN TON LAON TON MET AUTU KAI TUS BOAS KAI TA PROBATA ES DUO PAREMBOLAS	ud_ancient_greek_ptnk	4th-5th c. CE (Codex Alexandrinus)	religious	translit_map
ud_ancient_greek_ptnk_Septuagint-Genesis-32:8-grc	καὶ εἶπεν Ἰακώβ, ἐὰν ἔλθῃ Ἡσαῦ εἰς παρεμβολὴν μίαν καὶ ἐκκόψῃ αὐτήν, ἔσται ἡ παρεμβολὴ ἡ δευτέρα εἰς τὸ σῴζεσθαι.	kai̯ eːpen iakɔːb ean eltʰɛː ɛːsau̯ eːs parembolɛːn mian kai̯ ekkopsɛː au̯tɛːn estai̯ ɛː parembolɛː ɛː deu̯tera eːs to sɔːzdestʰai̯	KAI EPEN IAKOB EAN ELTE ESAU ES PAREMBOLEN MIAN KAI EKKOPSE AUTEN ESTAI E PAREMBOLE E DEUTERA ES TO SOSDESTAI	ud_ancient_greek_ptnk	4th-5th c. CE (Codex Alexandrinus)	religious	translit_map
ud_ancient_greek_ptnk_Septuagint-Genesis-32:9-grc	εἶπεν δὲ Ἰακώβ, ὁ θεὸς τοῦ πατρός μου Ἁβραὰμ καὶ ὁ θεὸς τοῦ πατρός μου Ἰσαὰκ κύριε ὁ εἴπας μοι, ἀπότρεχε εἰς τὴν γῆν τῆς γενέσεώς σου καὶ εὖ σὲ ποιήσω,	eːpen de iakɔːb o tʰeos tuː patros muː abraam kai̯ o tʰeos tuː patros muː isaak kyrie o eːpas moi̯ apotrekʰe eːs tɛːn ɡɛːn tɛːs ɡeneseɔːs suː kai̯ eu̯ se poi̯ɛːsɔː	EPEN DE IAKOB O TEOS TU PATROS MU ABRAAM KAI O TEOS TU PATROS MU ISAAK KURIE O EPAS MOI APOTREKE ES TEN GEN TES GENESEOS SU KAI EU SE POIESO	ud_ancient_greek_ptnk	4th-5th c. CE (Codex Alexandrinus)	religious	translit_map
ud_ancient_greek_ptnk_Septuagint-Genesis-32:10-grc	ἱκανοῦταί μοι ἀπὸ πάσης δικαιοσύνης καὶ ἀπὸ πάσης ἀληθείας, ἧς ἐποίησας τῷ παιδί σου· ἐν γὰρ τῇ ῥάβδῳ μου διέβην τὸν Ἰορδάνην τοῦτον, νῦν δὲ γέγονα εἰς δύο παρεμβολάς.	ikanuːtai̯ moi̯ apo pasɛːs dikai̯osynɛːs kai̯ apo pasɛːs alɛːtʰeːas ɛːs epoi̯ɛːsas tɔː pai̯di suː en ɡar tɛː rabdɔː muː diebɛːn ton iordanɛːn tuːton nyn de ɡeɡona eːs dyo parembolas	IKANUTAI MOI APO PASES DIKAIOSUNES KAI APO PASES ALETEAS ES EPOIESAS TO PAIDI SU EN GAR TE RABDO MU DIEBEN TON IORDANEN TUTON NUN DE GEGONA ES DUO PAREMBOLAS	ud_ancient_greek_ptnk	4th-5th c. CE (Codex Alexandrinus)	religious	translit_map
ud_ancient_greek_ptnk_Septuagint-Genesis-32:11-grc	ἐξελοῦ με ἐκ χειρὸς τοῦ ἀδελφοῦ μου Ἡσαῦ, ὅτι φοβοῦμαι ἐγὼ αὐτόν, μήποτε ἐλθὼν πατάξῃ με καὶ μητέρα ἐπὶ τέκνοις.	ekseluː me ek kʰeːros tuː adelpʰuː muː ɛːsau̯ oti pʰobuːmai̯ eɡɔː au̯ton mɛːpote eltʰɔːn pataksɛː me kai̯ mɛːtera epi teknoi̯s	EKSELU ME EK KEROS TU ADELPU MU ESAU OTI POBUMAI EGO AUTON MEPOTE ELTON PATAKSE ME KAI METERA EPI TEKNOIS	ud_ancient_greek_ptnk	4th-5th c. CE (Codex Alexandrinus)	religious	translit_map
ud_ancient_greek_ptnk_Septuagint-Genesis-32:12-grc	σὺ δὲ εἶπας, καλῶς εὖ σὲ ποιήσω καὶ θήσω τὸ σπέρμα σου ὡς τὴν ἄμμον τῆς θαλάσσης, ἣ οὐκ ἀριθμηθήσεται ἀπὸ τοῦ πλήθους.	sy de eːpas kalɔːs eu̯ se poi̯ɛːsɔː kai̯ tʰɛːsɔː to sperma suː ɔːs tɛːn ammon tɛːs tʰalassɛːs ɛː uːk aritʰmɛːtʰɛːsetai̯ apo tuː plɛːtʰuːs	SU DE EPAS KALOS EU SE POIESO KAI TESO TO SPERMA SU OS TEN AMMON TES TALASSES E UK ARITMETESETAI APO TU PLETUS	ud_ancient_greek_ptnk	4th-5th c. CE (Codex Alexandrinus)	religious	translit_map
ud_ancient_greek_ptnk_Septuagint-Genesis-32:13-grc	καὶ ἐκοιμήθη ἐκεῖ τὴν νύκτα ἐκείνην. καὶ ἔλαβεν ὧν ἔφερεν δῶρα καὶ ἐξαπέστειλεν Ἡσαῦ τῷ ἀδελφῷ αὐτοῦ,	kai̯ ekoi̯mɛːtʰɛː ekeː tɛːn nykta ekeːnɛːn kai̯ elaben ɔːn epʰeren dɔːra kai̯ eksapesteːlen ɛːsau̯ tɔː adelpʰɔː au̯tuː	KAI EKOIMETE EKE TEN NUKTA EKENEN KAI ELABEN ON EPEREN DORA KAI EKSAPESTELEN ESAU TO ADELPO AUTU	ud_ancient_greek_ptnk	4th-5th c. CE (Codex Alexandrinus)	religious	translit_map
ud_ancient_greek_ptnk_Septuagint-Genesis-32:14-16-grc	αἶγας διακοσίας, τράγους εἴκοσι, πρόβατα διακόσια, κριοὺς εἴκοσι, καμήλους θηλαζούσας καὶ τὰ παιδία αὐτῶν τριάκοντα, βόας τεσσαράκοντα, ταύρους δέκα, ὄνους εἴκοσι καὶ πώλους δέκα. καὶ ἔδωκεν διὰ χειρὸς τοῖς παισὶν αὐτοῦ ποίμνιον κατὰ μόνας. εἶπεν δὲ τοῖς παισὶν αὐτοῦ, προπορεύεσθε ἔμπροσθέν μου καὶ διάστημα ποιεῖτε ἀνὰ μέσον ποίμνης καὶ ποίμνης.	ai̯ɡas diakosias traɡuːs eːkosi probata diakosia kriuːs eːkosi kamɛːluːs tʰɛːlazduːsas kai̯ ta pai̯dia au̯tɔːn triakonta boas tessarakonta tau̯ruːs deka onuːs eːkosi kai̯ pɔːluːs deka kai̯ edɔːken dia kʰeːros toi̯s pai̯sin au̯tuː poi̯mnion kata monas eːpen de toi̯s pai̯sin au̯tuː proporeu̯estʰe emprostʰen muː kai̯ diastɛːma poi̯eːte ana meson poi̯mnɛːs kai̯ poi̯mnɛːs	AIGAS DIAKOSIAS TRAGUS EKOSI PROBATA DIAKOSIA KRIUS EKOSI KAMELUS TELASDUSAS KAI TA PAIDIA AUTON TRIAKONTA BOAS TESSARAKONTA TAURUS DEKA ONUS EKOSI KAI POLUS DEKA KAI EDOKEN DIA KEROS TOIS PAISIN AUTU POIMNION KATA MONAS EPEN DE TOIS PAISIN AUTU PROPOREUESTE EMPROSTEN MU KAI DIASTEMA POIETE ANA MESON POIMNES KAI POIMNES	ud_ancient_greek_ptnk	4th-5th c. CE (Codex Alexandrinus)	religious	translit_map
ud_ancient_greek_ptnk_Septuagint-Genesis-32:17-grc	καὶ ἐνετείλατο τῷ πρώτῳ λέγων, ἐάν σοί συναντήσῃ Ἡσαῦ ὁ ἀδελφός μου καὶ ἐρωτᾷ σὲ λέγων, τίνος εἶ καὶ ποῦ πορεύῃ, καὶ τίνος ταῦτα τὰ προπορευόμενά σου;	kai̯ eneteːlato tɔː prɔːtɔː leɡɔːn ean soi̯ synantɛːsɛː ɛːsau̯ o adelpʰos muː kai̯ erɔːta se leɡɔːn tinos eː kai̯ puː poreu̯ɛː kai̯ tinos tau̯ta ta proporeu̯omena suː	KAI ENETELATO TO PROTO LEGON EAN SOI SUNANTESE ESAU O ADELPOS MU KAI EROTA SE LEGON TINOS E KAI PU POREUE KAI TINOS TAUTA TA PROPOREUOMENA SU	ud_ancient_greek_ptnk	4th-5th c. CE (Codex Alexandrinus)	religious	translit_map
ud_ancient_greek_ptnk_Septuagint-Genesis-32:18-grc	ἐρεῖς, τοῦ παιδὸς σου Ἰακώβ· δῶρα ἀπέσταλκεν τῷ κυρίῳ μου Ἡσαῦ, καὶ ἰδοὺ αὐτὸς ὀπίσω ἡμῶν.	ereːs tuː pai̯dos suː iakɔːb dɔːra apestalken tɔː kyriɔː muː ɛːsau̯ kai̯ iduː au̯tos opisɔː ɛːmɔːn	ERES TU PAIDOS SU IAKOB DORA APESTALKEN TO KURIO MU ESAU KAI IDU AUTOS OPISO EMON	ud_ancient_greek_ptnk	4th-5th c. CE (Codex Alexandrinus)	religious	translit_map
ud_ancient_greek_ptnk_Septuagint-Genesis-32:19-grc	καὶ ἐνετείλατο τῷ πρώτῳ καὶ τῷ δευτέρῳ καὶ τῷ τρίτῳ καὶ πᾶσι τοῖς προπορευομένοις ὀπίσω τῶν ποιμνίων τούτων λέγων, κατὰ τὸ ῥῆμα τοῦτο λαλήσατε Ἡσαῦ ἐν τῷ εὑρεῖν ὑμᾶς αὐτὸν	kai̯ eneteːlato tɔː prɔːtɔː kai̯ tɔː deu̯terɔː kai̯ tɔː tritɔː kai̯ pasi toi̯s proporeu̯omenoi̯s opisɔː tɔːn poi̯mniɔːn tuːtɔːn leɡɔːn kata to rɛːma tuːto lalɛːsate ɛːsau̯ en tɔː eu̯reːn ymas au̯ton	KAI ENETELATO TO PROTO KAI TO DEUTERO KAI TO TRITO KAI PASI TOIS PROPOREUOMENOIS OPISO TON POIMNION TUTON LEGON KATA TO REMA TUTO LALESATE ESAU EN TO EUREN UMAS AUTON	ud_ancient_greek_ptnk	4th-5th c. CE (Codex Alexandrinus)	religious	translit_map
ud_ancient_greek_ptnk_Septuagint-Genesis-32:20-grc	καὶ ἐρεῖτε, ἰδοὺ ὁ παῖς σου Ἰακὼβ παραγίνεται ὀπίσω ἡμῶν. εἶπεν γάρ, ἐξιλάσομαι τὸ πρόσωπον αὐτοῦ, ἐν τοῖς δώροις τοῖς προπορευομένοις αὐτοῦ, καὶ μετὰ τοῦτο ὄψομαι τὸ πρόσωπον αὐτοῦ· ἴσως γὰρ προσδέξεται τὸ πρόσωπόν μου.	kai̯ ereːte iduː o pai̯s suː iakɔːb paraɡinetai̯ opisɔː ɛːmɔːn eːpen ɡar eksilasomai̯ to prosɔːpon au̯tuː en toi̯s dɔːroi̯s toi̯s proporeu̯omenoi̯s au̯tuː kai̯ meta tuːto opsomai̯ to prosɔːpon au̯tuː isɔːs ɡar prosdeksetai̯ to prosɔːpon muː	KAI ERETE IDU O PAIS SU IAKOB PARAGINETAI OPISO EMON EPEN GAR EKSILASOMAI TO PROSOPON AUTU EN TOIS DOROIS TOIS PROPOREUOMENOIS AUTU KAI META TUTO OPSOMAI TO PROSOPON AUTU ISOS GAR PROSDEKSETAI TO PROSOPON MU	ud_ancient_greek_ptnk	4th-5th c. CE (Codex Alexandrinus)	religious	translit_map
ud_ancient_greek_ptnk_Septuagint-Genesis-32:21-grc	καὶ παρεπορεύοντο τὰ δῶρα κατὰ πρόσωπον αὐτοῦ, αὐτὸς δὲ ἐκοιμήθη τὴν νύκτα ἐκείνην ἐν τῇ παρεμβολῇ.	kai̯ pareporeu̯onto ta dɔːra kata prosɔːpon au̯tuː au̯tos de ekoi̯mɛːtʰɛː tɛːn nykta ekeːnɛːn en tɛː parembolɛː	KAI PAREPOREUONTO TA DORA KATA PROSOPON AUTU AUTOS DE EKOIMETE TEN NUKTA EKENEN EN TE PAREMBOLE	ud_ancient_greek_ptnk	4th-5th c. CE (Codex Alexandrinus)	religious	translit_map
ud_ancient_greek_ptnk_Septuagint-Genesis-32:22-grc	ἀναστὰς δὲ τὴν νύκτα ἐκείνην ἔλαβεν τὰς δύο γυναῖκας καὶ τὰς δύο παιδίσκας καὶ τὰ ἕνδεκα παιδία αὐτοῦ καὶ διέβη τὴν διάβασιν τοῦ Ἰαβόκ·	anastas de tɛːn nykta ekeːnɛːn elaben tas dyo ɡynai̯kas kai̯ tas dyo pai̯diskas kai̯ ta endeka pai̯dia au̯tuː kai̯ diebɛː tɛːn diabasin tuː iabok	ANASTAS DE TEN NUKTA EKENEN ELABEN TAS DUO GUNAIKAS KAI TAS DUO PAIDISKAS KAI TA ENDEKA PAIDIA AUTU KAI DIEBE TEN DIABASIN TU IABOK	ud_ancient_greek_ptnk	4th-5th c. CE (Codex Alexandrinus)	religious	translit_map
ud_ancient_greek_ptnk_Septuagint-Genesis-32:23-grc	καὶ ἔλαβεν αὐτοὺς καὶ διέβη τὸν χειμάρρουν καὶ διεβίβασεν πάντα τὰ αὐτοῦ.	kai̯ elaben au̯tuːs kai̯ diebɛː ton kʰeːmarruːn kai̯ diebibasen panta ta au̯tuː	KAI ELABEN AUTUS KAI DIEBE TON KEMARRUN KAI DIEBIBASEN PANTA TA AUTU	ud_ancient_greek_ptnk	4th-5th c. CE (Codex Alexandrinus)	religious	translit_map
ud_ancient_greek_ptnk_Septuagint-Genesis-32:24-grc	ὑπελείφθη δὲ Ἰακὼβ μόνος, καὶ ἐπάλαιεν ἄνθρωπος μετ᾿ αὐτοῦ ἕως πρωί.	ypeleːpʰtʰɛː de iakɔːb monos kai̯ epalai̯en antʰrɔːpos met au̯tuː eɔːs prɔːi̯	UPELEPTE DE IAKOB MONOS KAI EPALAIEN ANTROPOS MET AUTU EOS PROI	ud_ancient_greek_ptnk	4th-5th c. CE (Codex Alexandrinus)	religious	translit_map
ud_ancient_greek_ptnk_Septuagint-Genesis-32:25-grc	εἶδεν δὲ ὅτι οὐ δύναται πρὸς αὐτόν, καὶ ἥψατο τοῦ πλάτους τοῦ μηροῦ αὐτοῦ, καὶ ἐνάρκησεν τὸ πλάτος τοῦ μηροῦ Ἰακὼβ ἐν τῷ παλαίειν αὐτὸν μετ᾿ αὐτοῦ.	eːden de oti uː dynatai̯ pros au̯ton kai̯ ɛːpsato tuː platuːs tuː mɛːruː au̯tuː kai̯ enarkɛːsen to platos tuː mɛːruː iakɔːb en tɔː palai̯eːn au̯ton met au̯tuː	EDEN DE OTI U DUNATAI PROS AUTON KAI EPSATO TU PLATUS TU MERU AUTU KAI ENARKESEN TO PLATOS TU MERU IAKOB EN TO PALAIEN AUTON MET AUTU	ud_ancient_greek_ptnk	4th-5th c. CE (Codex Alexandrinus)	religious	translit_map
ud_ancient_greek_ptnk_Septuagint-Genesis-32:26-grc	καὶ εἶπεν αὐτῷ, ἀπόστειλόν με· ἀνέβη γὰρ ὁ ὄρθρος. ὁ δὲ εἶπεν, οὐ μή σὲ ἀποστείλω, ἐὰν μή με εὐλογήσῃς,	kai̯ eːpen au̯tɔː aposteːlon me anebɛː ɡar o ortʰros o de eːpen uː mɛː se aposteːlɔː ean mɛː me eu̯loɡɛːsɛːs	KAI EPEN AUTO APOSTELON ME ANEBE GAR O ORTROS O DE EPEN U ME SE APOSTELO EAN ME ME EULOGESES	ud_ancient_greek_ptnk	4th-5th c. CE (Codex Alexandrinus)	religious	translit_map
ud_ancient_greek_ptnk_Septuagint-Genesis-32:27-grc	εἶπεν δὲ αὐτῷ, τί τὸ ὄνομά σου ἐστιν; ὁ δὲ εἶπεν Ἰακώβ.	eːpen de au̯tɔː ti to onoma suː estin o de eːpen iakɔːb	EPEN DE AUTO TI TO ONOMA SU ESTIN O DE EPEN IAKOB	ud_ancient_greek_ptnk	4th-5th c. CE (Codex Alexandrinus)	religious	translit_map
ud_ancient_greek_ptnk_Septuagint-Genesis-32:28-grc	εἶπεν δὲ αὐτῷ, οὐ κληθήσεται ἔτι τὸ ὄνομά σου Ἰακώβ, ἀλλὰ Ἰσραὴλ ἔσται τὸ ὄνομά σου, ὅτι ἐνίσχυσας μετὰ θεοῦ καὶ μετὰ ἀνθρώπων δυνατός.	eːpen de au̯tɔː uː klɛːtʰɛːsetai̯ eti to onoma suː iakɔːb alla israɛːl estai̯ to onoma suː oti eniskʰysas meta tʰeuː kai̯ meta antʰrɔːpɔːn dynatos	EPEN DE AUTO U KLETESETAI ETI TO ONOMA SU IAKOB ALLA ISRAEL ESTAI TO ONOMA SU OTI ENISKUSAS META TEU KAI META ANTROPON DUNATOS	ud_ancient_greek_ptnk	4th-5th c. CE (Codex Alexandrinus)	religious	translit_map
ud_ancient_greek_ptnk_Septuagint-Genesis-32:29-grc	ἠρώτησεν δὲ Ἰακὼβ καὶ εἶπεν, ἀνάγγειλόν μοι τὸ ὄνομά σου. καὶ εἶπεν, ἵνα τί τοῦτο ἐρωτᾷς τὸ ὄνομά μου; καὶ ηὐλόγησεν αὐτὸν ἐκεῖ.	ɛːrɔːtɛːsen de iakɔːb kai̯ eːpen anaŋɡeːlon moi̯ to onoma suː kai̯ eːpen ina ti tuːto erɔːtas to onoma muː kai̯ ɛːyloɡɛːsen au̯ton ekeː	EROTESEN DE IAKOB KAI EPEN ANANGELON MOI TO ONOMA SU KAI EPEN INA TI TUTO EROTAS TO ONOMA MU KAI EULOGESEN AUTON EKE	ud_ancient_greek_ptnk	4th-5th c. CE (Codex Alexandrinus)	religious	translit_map
ud_ancient_greek_ptnk_Septuagint-Genesis-32:30-grc	καὶ ἐκάλεσεν Ἰακὼβ τὸ ὄνομα τοῦ τόπου ἐκείνου Εἶδος θεοῦ· εἶδον γὰρ θεὸν πρόσωπον, πρὸς πρόσωπον καὶ ἐσώθη μου ἡ ψυχή.	kai̯ ekalesen iakɔːb to onoma tuː topuː ekeːnuː eːdos tʰeuː eːdon ɡar tʰeon prosɔːpon pros prosɔːpon kai̯ esɔːtʰɛː muː ɛː psykʰɛː	KAI EKALESEN IAKOB TO ONOMA TU TOPU EKENU EDOS TEU EDON GAR TEON PROSOPON PROS PROSOPON KAI ESOTE MU E PSUKE	ud_ancient_greek_ptnk	4th-5th c. CE (Codex Alexandrinus)	religious	translit_map
ud_ancient_greek_ptnk_Septuagint-Genesis-32:31-grc	ἀνέτειλεν δὲ αὐτῷ ὁ ἥλιος, ἡνίκα παρῆλθεν τὸ Εἶδος τοῦ θεοῦ· αὐτὸς δὲ ἐπέσκαζεν τῷ μηρῷ αὐτοῦ.	aneteːlen de au̯tɔː o ɛːlios ɛːnika parɛːltʰen to eːdos tuː tʰeuː au̯tos de epeskazden tɔː mɛːrɔː au̯tuː	ANETELEN DE AUTO O ELIOS ENIKA PARELTEN TO EDOS TU TEU AUTOS DE EPESKASDEN TO MERO AUTU	ud_ancient_greek_ptnk	4th-5th c. CE (Codex Alexandrinus)	religious	translit_map
ud_ancient_greek_ptnk_Septuagint-Genesis-32:32-grc	ἕνεκεν τούτου οὐ μὴ φάγωσιν οἱ υἱοὶ Ἰσραὴλ τὸ νεῦρον, ὃ ἐνάρκησεν, ὅ ἐστιν ἐπὶ τοῦ πλάτους τοῦ μηροῦ, ἕως τῆς ἡμέρας ταύτης, ὅτι ἥψατο τοῦ πλάτους τοῦ μηροῦ Ἰακὼβ τοῦ νεύρου καὶ ἐνάρκησεν.	eneken tuːtuː uː mɛː pʰaɡɔːsin oi̯ yi̯oi̯ israɛːl to neu̯ron o enarkɛːsen o estin epi tuː platuːs tuː mɛːruː eɔːs tɛːs ɛːmeras tau̯tɛːs oti ɛːpsato tuː platuːs tuː mɛːruː iakɔːb tuː neu̯ruː kai̯ enarkɛːsen	ENEKEN TUTU U ME PAGOSIN OI UIOI ISRAEL TO NEURON O ENARKESEN O ESTIN EPI TU PLATUS TU MERU EOS TES EMERAS TAUTES OTI EPSATO TU PLATUS TU MERU IAKOB TU NEURU KAI ENARKESEN	ud_ancient_greek_ptnk	4th-5th c. CE (Codex Alexandrinus)	religious	translit_map
ud_ancient_greek_ptnk_Septuagint-Genesis-33:1-grc	ἀναβλέψας δὲ Ἰακὼβ εἶδεν καὶ ἰδοὺ Ἡσαῦ ὁ ἀδελφὸς αὐτοῦ ἐρχόμενος καὶ τετρακόσιοι ἄνδρες μετ᾿ αὐτοῦ. καὶ ἐπιδιεῖλεν Ἰακὼβ τὰ παιδία ἐπὶ Λείαν καὶ Ῥαχὴλ καὶ τὰς δύο παιδίσκας	anablepsas de iakɔːb eːden kai̯ iduː ɛːsau̯ o adelpʰos au̯tuː erkʰomenos kai̯ tetrakosioi̯ andres met au̯tuː kai̯ epidieːlen iakɔːb ta pai̯dia epi leːan kai̯ rakʰɛːl kai̯ tas dyo pai̯diskas	ANABLEPSAS DE IAKOB EDEN KAI IDU ESAU O ADELPOS AUTU ERKOMENOS KAI TETRAKOSIOI ANDRES MET AUTU KAI EPIDIELEN IAKOB TA PAIDIA EPI LEAN KAI RAKEL KAI TAS DUO PAIDISKAS	ud_ancient_greek_ptnk	4th-5th c. CE (Codex Alexandrinus)	religious	translit_map
ud_ancient_greek_ptnk_Septuagint-Genesis-33:2-grc	καὶ ἐποίησεν τὰς δύο παιδίσκας καὶ τοὺς υἱοὺς αὐτῶν ἐν πρώτοις καὶ Λείαν καὶ τὰ παιδία αὐτῆς ὀπίσω καὶ Ῥαχὴλ καὶ Ἰωσήφ ἐσχάτους.	kai̯ epoi̯ɛːsen tas dyo pai̯diskas kai̯ tuːs yi̯uːs au̯tɔːn en prɔːtoi̯s kai̯ leːan kai̯ ta pai̯dia au̯tɛːs opisɔː kai̯ rakʰɛːl kai̯ iɔːsɛːpʰ eskʰatuːs	KAI EPOIESEN TAS DUO PAIDISKAS KAI TUS UIUS AUTON EN PROTOIS KAI LEAN KAI TA PAIDIA AUTES OPISO KAI RAKEL KAI IOSEP ESKATUS	ud_ancient_greek_ptnk	4th-5th c. CE (Codex Alexandrinus)	religious	translit_map
ud_ancient_greek_ptnk_Septuagint-Genesis-33:3-grc	αὐτὸς δὲ προῆλθεν ἔμπροσθεν αὐτῶν καὶ προσεκύνησεν ἐπὶ τὴν γῆν ἑπτάκις ἕως τοῦ ἐγγίσαι τοῦ ἀδελφοῦ αὐτοῦ.	au̯tos de proɛːltʰen emprostʰen au̯tɔːn kai̯ prosekynɛːsen epi tɛːn ɡɛːn eptakis eɔːs tuː eŋɡisai̯ tuː adelpʰuː au̯tuː	AUTOS DE PROELTEN EMPROSTEN AUTON KAI PROSEKUNESEN EPI TEN GEN EPTAKIS EOS TU ENGISAI TU ADELPU AUTU	ud_ancient_greek_ptnk	4th-5th c. CE (Codex Alexandrinus)	religious	translit_map
ud_ancient_greek_ptnk_Septuagint-Genesis-33:4-grc	καὶ προσέδραμεν Ἡσαῦ εἰς συνάντησιν αὐτῷ καὶ περιλαβὼν αὐτὸν ἐφίλησεν καὶ προσέπεσεν ἐπὶ τὸν τράχηλον αὐτοῦ, καὶ ἔκλαυσαν ἀμφότεροι.	kai̯ prosedramen ɛːsau̯ eːs synantɛːsin au̯tɔː kai̯ perilabɔːn au̯ton epʰilɛːsen kai̯ prosepesen epi ton trakʰɛːlon au̯tuː kai̯ eklau̯san ampʰoteroi̯	KAI PROSEDRAMEN ESAU ES SUNANTESIN AUTO KAI PERILABON AUTON EPILESEN KAI PROSEPESEN EPI TON TRAKELON AUTU KAI EKLAUSAN AMPOTEROI	ud_ancient_greek_ptnk	4th-5th c. CE (Codex Alexandrinus)	religious	translit_map
ud_ancient_greek_ptnk_Septuagint-Genesis-33:5-grc	καὶ ἀναβλέψας εἶδεν τὰς γυναῖκας καὶ τὰ παιδία καὶ εἶπεν, τί ταῦτά Σοὶ ἐστιν; ὁ δὲ εἶπεν, τὰ παιδία, οἷς ἠλέησεν ὁ θεὸς τὸν παῖδά σου.	kai̯ anablepsas eːden tas ɡynai̯kas kai̯ ta pai̯dia kai̯ eːpen ti tau̯ta soi̯ estin o de eːpen ta pai̯dia oi̯s ɛːleɛːsen o tʰeos ton pai̯da suː	KAI ANABLEPSAS EDEN TAS GUNAIKAS KAI TA PAIDIA KAI EPEN TI TAUTA SOI ESTIN O DE EPEN TA PAIDIA OIS ELEESEN O TEOS TON PAIDA SU	ud_ancient_greek_ptnk	4th-5th c. CE (Codex Alexandrinus)	religious	translit_map
ud_ancient_greek_ptnk_Septuagint-Genesis-33:6-grc	καὶ προσήγγισαν αἱ παιδίσκαι καὶ τὰ τέκνα αὐτῶν καὶ προσεκύνησαν,	kai̯ prosɛːŋɡisan ai̯ pai̯diskai̯ kai̯ ta tekna au̯tɔːn kai̯ prosekynɛːsan	KAI PROSENGISAN AI PAIDISKAI KAI TA TEKNA AUTON KAI PROSEKUNESAN	ud_ancient_greek_ptnk	4th-5th c. CE (Codex Alexandrinus)	religious	translit_map
ud_ancient_greek_ptnk_Septuagint-Genesis-33:7-grc	καὶ προσήγγισεν Λεία καὶ τὰ τέκνα αὐτῆς καὶ προσεκύνησαν, καὶ μετὰ ταῦτα προσήγγισεν Ῥαχὴλ καὶ Ἰωσὴφ καὶ προσεκύνησαν.	kai̯ prosɛːŋɡisen leːa kai̯ ta tekna au̯tɛːs kai̯ prosekynɛːsan kai̯ meta tau̯ta prosɛːŋɡisen rakʰɛːl kai̯ iɔːsɛːpʰ kai̯ prosekynɛːsan	KAI PROSENGISEN LEA KAI TA TEKNA AUTES KAI PROSEKUNESAN KAI META TAUTA PROSENGISEN RAKEL KAI IOSEP KAI PROSEKUNESAN	ud_ancient_greek_ptnk	4th-5th c. CE (Codex Alexandrinus)	religious	translit_map
ud_ancient_greek_ptnk_Septuagint-Genesis-33:8-grc	καὶ εἶπεν, τί ταῦτά Σοὶ ἐστιν, πᾶσαι αἱ παρεμβολαὶ αὗται, αἷς ἀπήντηκα; ὁ δὲ εἶπεν, ἵνα εὕρῃ ὁ παῖς σου χάριν ἐναντίον σου, κύριε.	kai̯ eːpen ti tau̯ta soi̯ estin pasai̯ ai̯ parembolai̯ au̯tai̯ ai̯s apɛːntɛːka o de eːpen ina eu̯rɛː o pai̯s suː kʰarin enantion suː kyrie	KAI EPEN TI TAUTA SOI ESTIN PASAI AI PAREMBOLAI AUTAI AIS APENTEKA O DE EPEN INA EURE O PAIS SU KARIN ENANTION SU KURIE	ud_ancient_greek_ptnk	4th-5th c. CE (Codex Alexandrinus)	religious	translit_map
ud_ancient_greek_ptnk_Septuagint-Genesis-33:9-grc	εἶπεν δὲ Ἡσαῦ, ἔστιν μοι πολλά, ἄδελφε· ἔστω σοί τὰ σά.	eːpen de ɛːsau̯ estin moi̯ polla adelpʰe estɔː soi̯ ta sa	EPEN DE ESAU ESTIN MOI POLLA ADELPE ESTO SOI TA SA	ud_ancient_greek_ptnk	4th-5th c. CE (Codex Alexandrinus)	religious	translit_map
ud_ancient_greek_ptnk_Septuagint-Genesis-33:10-grc	εἶπεν δὲ Ἰακώβ, εἰ εὕρηκα χάριν ἐναντίον σου, δέξαι τὰ δῶρα διὰ τῶν ἐμῶν χειρῶν· ἕνεκεν τούτου εἶδον τὸ πρόσωπόν σου, ὡς ἄν τις ἴδοι πρόσωπον θεοῦ, καὶ εὐδοκήσεις με·	eːpen de iakɔːb eː eu̯rɛːka kʰarin enantion suː deksai̯ ta dɔːra dia tɔːn emɔːn kʰeːrɔːn eneken tuːtuː eːdon to prosɔːpon suː ɔːs an tis idoi̯ prosɔːpon tʰeuː kai̯ eu̯dokɛːseːs me	EPEN DE IAKOB E EUREKA KARIN ENANTION SU DEKSAI TA DORA DIA TON EMON KERON ENEKEN TUTU EDON TO PROSOPON SU OS AN TIS IDOI PROSOPON TEU KAI EUDOKESES ME	ud_ancient_greek_ptnk	4th-5th c. CE (Codex Alexandrinus)	religious	translit_map
ud_ancient_greek_ptnk_Septuagint-Genesis-33:11-grc	λαβὲ τὰς εὐλογίας μου, ἃς ἤνεγκά σοι, ὅτι ἠλέησέν με ὁ θεὸς καὶ ἔστιν μοι πάντα. καὶ ἐβιάσατο αὐτόν, καὶ ἔλαβεν.	labe tas eu̯loɡias muː as ɛːneŋka soi̯ oti ɛːleɛːsen me o tʰeos kai̯ estin moi̯ panta kai̯ ebiasato au̯ton kai̯ elaben	LABE TAS EULOGIAS MU AS ENENKA SOI OTI ELEESEN ME O TEOS KAI ESTIN MOI PANTA KAI EBIASATO AUTON KAI ELABEN	ud_ancient_greek_ptnk	4th-5th c. CE (Codex Alexandrinus)	religious	translit_map
ud_ancient_greek_ptnk_Septuagint-Genesis-33:12-grc	καὶ εἶπεν, ἀπάραντες πορευσόμεθα ἐπ᾿ εὐθεῖαν.	kai̯ eːpen aparantes poreu̯sometʰa ep eu̯tʰeːan	KAI EPEN APARANTES POREUSOMETA EP EUTEAN	ud_ancient_greek_ptnk	4th-5th c. CE (Codex Alexandrinus)	religious	translit_map
ud_ancient_greek_ptnk_Septuagint-Genesis-33:13-grc	εἶπεν δὲ αὐτῷ, ὁ κύριός μου γινώσκει ὅτι τὰ παιδία ἁπαλώτερα καὶ τὰ πρόβατα καὶ αἱ βόες λοχεύονται ἐπ᾿ ἐμέ· ἐὰν οὖν καταδιώξω αὐτοὺς ἡμέραν μίαν, ἀποθανοῦνται πάντα τὰ κτήνη.	eːpen de au̯tɔː o kyrios muː ɡinɔːskeː oti ta pai̯dia apalɔːtera kai̯ ta probata kai̯ ai̯ boes lokʰeu̯ontai̯ ep eme ean uːn katadiɔːksɔː au̯tuːs ɛːmeran mian apotʰanuːntai̯ panta ta ktɛːnɛː	EPEN DE AUTO O KURIOS MU GINOSKE OTI TA PAIDIA APALOTERA KAI TA PROBATA KAI AI BOES LOKEUONTAI EP EME EAN UN KATADIOKSO AUTUS EMERAN MIAN APOTANUNTAI PANTA TA KTENE	ud_ancient_greek_ptnk	4th-5th c. CE (Codex Alexandrinus)	religious	translit_map
ud_ancient_greek_ptnk_Septuagint-Genesis-33:14-grc	προελθέτω ὁ κύριός μου ἔμπροσθεν τοῦ παιδός, ἐγὼ δὲ ἐνισχύσω ἐν τῇ ὁδῷ κατὰ σχολὴν τῆς πορεύσεως τῆς ἐναντίον μου καὶ κατὰ πόδα τῶν παιδαρίων ἕως τοῦ με ἐλθεῖν πρὸς τὸν κύριόν μου εἰς Σηίρ.	proeltʰetɔː o kyrios muː emprostʰen tuː pai̯dos eɡɔː de eniskʰysɔː en tɛː odɔː kata skʰolɛːn tɛːs poreu̯seɔːs tɛːs enantion muː kai̯ kata poda tɔːn pai̯dariɔːn eɔːs tuː me eltʰeːn pros ton kyrion muː eːs sɛːi̯r	PROELTETO O KURIOS MU EMPROSTEN TU PAIDOS EGO DE ENISKUSO EN TE ODO KATA SKOLEN TES POREUSEOS TES ENANTION MU KAI KATA PODA TON PAIDARION EOS TU ME ELTEN PROS TON KURION MU ES SEIR	ud_ancient_greek_ptnk	4th-5th c. CE (Codex Alexandrinus)	religious	translit_map
ud_ancient_greek_ptnk_Septuagint-Genesis-33:15-grc	εἶπεν δὲ Ἡσαῦ, καταλείψω μετὰ σου ἀπὸ τοῦ λαοῦ τοῦ μετ᾿ ἐμοῦ. ὁ δὲ εἶπεν, ἵνα τί τοῦτο; ἱκανὸν ὅτι εὗρον χάριν ἐναντίον σου, κύριε.	eːpen de ɛːsau̯ kataleːpsɔː meta suː apo tuː lauː tuː met emuː o de eːpen ina ti tuːto ikanon oti eu̯ron kʰarin enantion suː kyrie	EPEN DE ESAU KATALEPSO META SU APO TU LAU TU MET EMU O DE EPEN INA TI TUTO IKANON OTI EURON KARIN ENANTION SU KURIE	ud_ancient_greek_ptnk	4th-5th c. CE (Codex Alexandrinus)	religious	translit_map
ud_ancient_greek_ptnk_Septuagint-Genesis-33:16-grc	ἀπέστρεψεν δὲ Ἡσαῦ ἐν τῇ ἡμέρᾳ ἐκείνῃ εἰς τὴν ὁδὸν αὐτοῦ εἰς Σηίρ.	apestrepsen de ɛːsau̯ en tɛː ɛːmera ekeːnɛː eːs tɛːn odon au̯tuː eːs sɛːi̯r	APESTREPSEN DE ESAU EN TE EMERA EKENE ES TEN ODON AUTU ES SEIR	ud_ancient_greek_ptnk	4th-5th c. CE (Codex Alexandrinus)	religious	translit_map
ud_ancient_greek_ptnk_Septuagint-Genesis-33:17-grc	καὶ Ἰακὼβ ἀπαίρει εἰς Σκηνάς· καὶ ἐποίησεν ἑαυτῷ ἐκεῖ οἰκίας καὶ τοῖς κτήνεσιν αὐτοῦ ἐποίησεν σκηνάς· διὰ τοῦτο ἐκάλεσεν τὸ ὄνομα τοῦ τόπου ἐκείνου Σκηναί.	kai̯ iakɔːb apai̯reː eːs skɛːnas kai̯ epoi̯ɛːsen eau̯tɔː ekeː oi̯kias kai̯ toi̯s ktɛːnesin au̯tuː epoi̯ɛːsen skɛːnas dia tuːto ekalesen to onoma tuː topuː ekeːnuː skɛːnai̯	KAI IAKOB APAIRE ES SKENAS KAI EPOIESEN EAUTO EKE OIKIAS KAI TOIS KTENESIN AUTU EPOIESEN SKENAS DIA TUTO EKALESEN TO ONOMA TU TOPU EKENU SKENAI	ud_ancient_greek_ptnk	4th-5th c. CE (Codex Alexandrinus)	religious	translit_map
ud_ancient_greek_ptnk_Septuagint-Genesis-33:18-grc	καὶ ἦλθεν Ἰακὼβ εἰς Σαλὴμ πόλιν Σικίμων, ἥ ἐστιν ἐν γῇ Χαναάν, ὅτε ἦλθεν ἐκ τῆς Μεσοποταμίας Συρίας, καὶ παρενέβαλεν κατὰ πρόσωπον τῆς πόλεως.	kai̯ ɛːltʰen iakɔːb eːs salɛːm polin sikimɔːn ɛː estin en ɡɛː kʰanaan ote ɛːltʰen ek tɛːs mesopotamias syrias kai̯ parenebalen kata prosɔːpon tɛːs poleɔːs	KAI ELTEN IAKOB ES SALEM POLIN SIKIMON E ESTIN EN GE KANAAN OTE ELTEN EK TES MESOPOTAMIAS SURIAS KAI PARENEBALEN KATA PROSOPON TES POLEOS	ud_ancient_greek_ptnk	4th-5th c. CE (Codex Alexandrinus)	religious	translit_map
ud_ancient_greek_ptnk_Septuagint-Genesis-33:19-grc	καὶ ἐκτήσατο τὴν μερίδα τοῦ ἀγροῦ, οὗ ἔστησεν ἐκεῖ τὴν σκηνὴν αὐτοῦ, παρὰ Ἑμμὼρ πατρὸς Συχὲμ ἑκατὸν Συχὲμ	kai̯ ektɛːsato tɛːn merida tuː aɡruː uː estɛːsen ekeː tɛːn skɛːnɛːn au̯tuː para emmɔːr patros sykʰem ekaton sykʰem	KAI EKTESATO TEN MERIDA TU AGRU U ESTESEN EKE TEN SKENEN AUTU PARA EMMOR PATROS SUKEM EKATON SUKEM	ud_ancient_greek_ptnk	4th-5th c. CE (Codex Alexandrinus)	religious	translit_map
ud_ancient_greek_ptnk_Septuagint-Genesis-33:20-grc	καὶ ἔστησεν ἐκεῖ θυσιαστήριον καὶ ἐπεκαλέσατο τὸν θεὸν Ἰσραήλ.	kai̯ estɛːsen ekeː tʰysiastɛːrion kai̯ epekalesato ton tʰeon israɛːl	KAI ESTESEN EKE TUSIASTERION KAI EPEKALESATO TON TEON ISRAEL	ud_ancient_greek_ptnk	4th-5th c. CE (Codex Alexandrinus)	religious	translit_map
ud_ancient_greek_ptnk_Septuagint-Genesis-34:1-grc	ἐξῆλθεν δὲ Δίνα ἡ θυγάτηρ Λείας, ἣν ἔτεκεν τῷ Ἰακώβ, καταμαθεῖν τὰς θυγατέρας τῶν ἐγχωρίων.	eksɛːltʰen de dina ɛː tʰyɡatɛːr leːas ɛːn eteken tɔː iakɔːb katamatʰeːn tas tʰyɡateras tɔːn eŋkʰɔːriɔːn	EKSELTEN DE DINA E TUGATER LEAS EN ETEKEN TO IAKOB KATAMATEN TAS TUGATERAS TON ENKORION	ud_ancient_greek_ptnk	4th-5th c. CE (Codex Alexandrinus)	religious	translit_map
ud_ancient_greek_ptnk_Septuagint-Genesis-34:2-grc	καὶ εἶδεν αὐτὴν Συχὲμ ὁ υἱὸς Ἑμμὼρ ὁ Εὐαῖος ὁ ἄρχων τῆς γῆς καὶ λαβὼν αὐτὴν ἐκοιμήθη μετ᾿ αὐτῆς καὶ ἐταπείνωσεν αὐτήν.	kai̯ eːden au̯tɛːn sykʰem o yi̯os emmɔːr o eu̯ai̯os o arkʰɔːn tɛːs ɡɛːs kai̯ labɔːn au̯tɛːn ekoi̯mɛːtʰɛː met au̯tɛːs kai̯ etapeːnɔːsen au̯tɛːn	KAI EDEN AUTEN SUKEM O UIOS EMMOR O EUAIOS O ARKON TES GES KAI LABON AUTEN EKOIMETE MET AUTES KAI ETAPENOSEN AUTEN	ud_ancient_greek_ptnk	4th-5th c. CE (Codex Alexandrinus)	religious	translit_map
ud_ancient_greek_ptnk_Septuagint-Genesis-34:3-grc	καὶ προσέσχεν τῇ ψυχῇ Δίνας τῆς θυγατρὸς Ἰακὼβ καὶ ἠγάπησεν τὴν παρθένον καὶ ἐλάλησεν κατὰ τὴν διάνοιαν τῆς παρθένου αὐτῇ.	kai̯ proseskʰen tɛː psykʰɛː dinas tɛːs tʰyɡatros iakɔːb kai̯ ɛːɡapɛːsen tɛːn partʰenon kai̯ elalɛːsen kata tɛːn dianoi̯an tɛːs partʰenuː au̯tɛː	KAI PROSESKEN TE PSUKE DINAS TES TUGATROS IAKOB KAI EGAPESEN TEN PARTENON KAI ELALESEN KATA TEN DIANOIAN TES PARTENU AUTE	ud_ancient_greek_ptnk	4th-5th c. CE (Codex Alexandrinus)	religious	translit_map
ud_ancient_greek_ptnk_Septuagint-Genesis-34:4-grc	εἶπεν δὲ Συχὲμ πρὸς Ἑμμὼρ τὸν πατέρα αὐτοῦ λέγων, λαβέ μοι τὴν παιδίσκην ταύτην εἰς γυναῖκα.	eːpen de sykʰem pros emmɔːr ton patera au̯tuː leɡɔːn labe moi̯ tɛːn pai̯diskɛːn tau̯tɛːn eːs ɡynai̯ka	EPEN DE SUKEM PROS EMMOR TON PATERA AUTU LEGON LABE MOI TEN PAIDISKEN TAUTEN ES GUNAIKA	ud_ancient_greek_ptnk	4th-5th c. CE (Codex Alexandrinus)	religious	translit_map
ud_ancient_greek_ptnk_Septuagint-Genesis-34:5-grc	Ἰακὼβ δὲ ἤκουσεν ὅτι ἐμίανεν ὁ υἱὸς Ἑμμὼρ Δίναν τὴν θυγατέρα αὐτοῦ· οἱ δὲ υἱοὶ αὐτοῦ ἦσαν μετὰ τῶν κτηνῶν αὐτοῦ ἐν τῷ πεδίῳ, παρεσιώπησεν δὲ Ἰακὼβ ἕως τοῦ ἐλθεῖν αὐτούς.	iakɔːb de ɛːkuːsen oti emianen o yi̯os emmɔːr dinan tɛːn tʰyɡatera au̯tuː oi̯ de yi̯oi̯ au̯tuː ɛːsan meta tɔːn ktɛːnɔːn au̯tuː en tɔː pediɔː paresiɔːpɛːsen de iakɔːb eɔːs tuː eltʰeːn au̯tuːs	IAKOB DE EKUSEN OTI EMIANEN O UIOS EMMOR DINAN TEN TUGATERA AUTU OI DE UIOI AUTU ESAN META TON KTENON AUTU EN TO PEDIO PARESIOPESEN DE IAKOB EOS TU ELTEN AUTUS	ud_ancient_greek_ptnk	4th-5th c. CE (Codex Alexandrinus)	religious	translit_map
ud_ancient_greek_ptnk_Septuagint-Genesis-34:6-grc	ἐξῆλθεν δὲ Ἑμμὼρ ὁ πατὴρ Συχὲμ πρὸς Ἰακὼβ λαλῆσαι αὐτῷ.	eksɛːltʰen de emmɔːr o patɛːr sykʰem pros iakɔːb lalɛːsai̯ au̯tɔː	EKSELTEN DE EMMOR O PATER SUKEM PROS IAKOB LALESAI AUTO	ud_ancient_greek_ptnk	4th-5th c. CE (Codex Alexandrinus)	religious	translit_map
ud_ancient_greek_ptnk_Septuagint-Genesis-34:7-grc	οἱ δὲ υἱοὶ Ἰακὼβ ἦλθον ἐκ τοῦ πεδίου· ὡς δὲ ἤκουσαν, κατενύχθησαν οἱ ἄνδρες, καὶ λυπηρὸν ἦν αὐτοῖς σφόδρα ὅτι ἄσχημον ἐποίησεν ἐν Ἰσραὴλ κοιμηθεὶς μετὰ τῆς θυγατρὸς Ἰακώβ, καὶ οὐχ οὕτως ἔσται.	oi̯ de yi̯oi̯ iakɔːb ɛːltʰon ek tuː pediuː ɔːs de ɛːkuːsan katenykʰtʰɛːsan oi̯ andres kai̯ lypɛːron ɛːn au̯toi̯s spʰodra oti askʰɛːmon epoi̯ɛːsen en israɛːl koi̯mɛːtʰeːs meta tɛːs tʰyɡatros iakɔːb kai̯ uːkʰ uːtɔːs estai̯	OI DE UIOI IAKOB ELTON EK TU PEDIU OS DE EKUSAN KATENUKTESAN OI ANDRES KAI LUPERON EN AUTOIS SPODRA OTI ASKEMON EPOIESEN EN ISRAEL KOIMETES META TES TUGATROS IAKOB KAI UK UTOS ESTAI	ud_ancient_greek_ptnk	4th-5th c. CE (Codex Alexandrinus)	religious	translit_map
ud_ancient_greek_ptnk_Septuagint-Genesis-34:8-grc	καὶ ἐλάλησεν Ἑμμὼρ αὐτοῖς λέγων, Συχὲμ ὁ υἱός μου προείλατο τῇ ψυχῇ τὴν θυγατέρα ὑμῶν· δότε οὖν αὐτὴν αὐτῷ γυναῖκα.	kai̯ elalɛːsen emmɔːr au̯toi̯s leɡɔːn sykʰem o yi̯os muː proeːlato tɛː psykʰɛː tɛːn tʰyɡatera ymɔːn dote uːn au̯tɛːn au̯tɔː ɡynai̯ka	KAI ELALESEN EMMOR AUTOIS LEGON SUKEM O UIOS MU PROELATO TE PSUKE TEN TUGATERA UMON DOTE UN AUTEN AUTO GUNAIKA	ud_ancient_greek_ptnk	4th-5th c. CE (Codex Alexandrinus)	religious	translit_map
ud_ancient_greek_ptnk_Septuagint-Genesis-34:9-grc	ἐπιγαμβρεύσασθε ἡμῖν· τὰς θυγατέρας ὑμῶν δότε ἡμῖν καὶ τὰς θυγατέρας ἡμῶν λάβετε τοῖς υἱοῖς ὑμῶν.	epiɡambreu̯sastʰe ɛːmin tas tʰyɡateras ymɔːn dote ɛːmin kai̯ tas tʰyɡateras ɛːmɔːn labete toi̯s yi̯oi̯s ymɔːn	EPIGAMBREUSASTE EMIN TAS TUGATERAS UMON DOTE EMIN KAI TAS TUGATERAS EMON LABETE TOIS UIOIS UMON	ud_ancient_greek_ptnk	4th-5th c. CE (Codex Alexandrinus)	religious	translit_map
ud_ancient_greek_ptnk_Septuagint-Genesis-34:10-grc	καὶ ἐν ἡμῖν κατοικεῖτε, καὶ ἡ γῆ ἰδοὺ πλατεῖα ἐναντίον ὑμῶν· κατοικεῖτε καὶ ἐμπορεύεσθε ἐπ᾿ αὐτῆς καὶ ἐγκτήσασθε ἐν αὐτῇ.	kai̯ en ɛːmin katoi̯keːte kai̯ ɛː ɡɛː iduː plateːa enantion ymɔːn katoi̯keːte kai̯ emporeu̯estʰe ep au̯tɛːs kai̯ eŋktɛːsastʰe en au̯tɛː	KAI EN EMIN KATOIKETE KAI E GE IDU PLATEA ENANTION UMON KATOIKETE KAI EMPOREUESTE EP AUTES KAI ENKTESASTE EN AUTE	ud_ancient_greek_ptnk	4th-5th c. CE (Codex Alexandrinus)	religious	translit_map
ud_ancient_greek_ptnk_Septuagint-Genesis-34:11-grc	εἶπεν δὲ Συχὲμ πρὸς τὸν πατέρα αὐτῆς καὶ πρὸς τοὺς ἀδελφοὺς αὐτῆς, εὕροιμι χάριν ἐναντίον ὑμῶν, καὶ ὃ ἐὰν εἴπητε, δώσομεν.	eːpen de sykʰem pros ton patera au̯tɛːs kai̯ pros tuːs adelpʰuːs au̯tɛːs eu̯roi̯mi kʰarin enantion ymɔːn kai̯ o ean eːpɛːte dɔːsomen	EPEN DE SUKEM PROS TON PATERA AUTES KAI PROS TUS ADELPUS AUTES EUROIMI KARIN ENANTION UMON KAI O EAN EPETE DOSOMEN	ud_ancient_greek_ptnk	4th-5th c. CE (Codex Alexandrinus)	religious	translit_map
ud_ancient_greek_ptnk_Septuagint-Genesis-34:12-grc	πληθύνατε τὴν φερνὴν σφόδρα, καὶ δώσω, καθότι ἄν εἴπητέ μοι, καὶ δώσετέ μοι τὴν παῖδα ταύτην εἰς γυναῖκα.	plɛːtʰynate tɛːn pʰernɛːn spʰodra kai̯ dɔːsɔː katʰoti an eːpɛːte moi̯ kai̯ dɔːsete moi̯ tɛːn pai̯da tau̯tɛːn eːs ɡynai̯ka	PLETUNATE TEN PERNEN SPODRA KAI DOSO KATOTI AN EPETE MOI KAI DOSETE MOI TEN PAIDA TAUTEN ES GUNAIKA	ud_ancient_greek_ptnk	4th-5th c. CE (Codex Alexandrinus)	religious	translit_map
ud_ancient_greek_ptnk_Septuagint-Genesis-34:13-grc	ἀπεκρίθησαν δὲ οἱ υἱοὶ Ἰακὼβ τῷ Συχὲμ καὶ Ἑμμὼρ τῷ πατρὶ αὐτοῦ μετὰ δόλου καὶ ἐλάλησαν αὐτοῖς, ὅτι ἐμίαναν Δίναν τὴν ἀδελφὴν αὐτῶν,	apekritʰɛːsan de oi̯ yi̯oi̯ iakɔːb tɔː sykʰem kai̯ emmɔːr tɔː patri au̯tuː meta doluː kai̯ elalɛːsan au̯toi̯s oti emianan dinan tɛːn adelpʰɛːn au̯tɔːn	APEKRITESAN DE OI UIOI IAKOB TO SUKEM KAI EMMOR TO PATRI AUTU META DOLU KAI ELALESAN AUTOIS OTI EMIANAN DINAN TEN ADELPEN AUTON	ud_ancient_greek_ptnk	4th-5th c. CE (Codex Alexandrinus)	religious	translit_map
ud_ancient_greek_ptnk_Septuagint-Genesis-34:14-grc	καὶ εἶπαν αὐτοῖς Συμεὼν καὶ Λευὶ οἱ ἀδελφοὶ Δίνας υἱοὶ δὲ Λείας, οὐ δυνησόμεθα ποιῆσαι τὸ ῥῆμα τοῦτο, δοῦναι τὴν ἀδελφὴν ἡμῶν ἀνθρώπῳ, ὃς ἔχει ἀκροβυστίαν· ἔστιν γὰρ ὄνειδος ἡμῖν.	kai̯ eːpan au̯toi̯s symeɔːn kai̯ leu̯i oi̯ adelpʰoi̯ dinas yi̯oi̯ de leːas uː dynɛːsometʰa poi̯ɛːsai̯ to rɛːma tuːto duːnai̯ tɛːn adelpʰɛːn ɛːmɔːn antʰrɔːpɔː os ekʰeː akrobystian estin ɡar oneːdos ɛːmin	KAI EPAN AUTOIS SUMEON KAI LEUI OI ADELPOI DINAS UIOI DE LEAS U DUNESOMETA POIESAI TO REMA TUTO DUNAI TEN ADELPEN EMON ANTROPO OS EKE AKROBUSTIAN ESTIN GAR ONEDOS EMIN	ud_ancient_greek_ptnk	4th-5th c. CE (Codex Alexandrinus)	religious	translit_map
ud_ancient_greek_ptnk_Septuagint-Genesis-34:15-grc	ἐν τούτῳ ὁμοιωθησόμεθα ὑμῖν καὶ κατοικήσομεν ἐν ὑμῖν, ἐὰν γένησθε ὡς ἡμεῖς καὶ ὑμεῖς ἐν τῷ περιτμηθῆναι ὑμῶν πᾶν ἀρσενικόν,	en tuːtɔː omoi̯ɔːtʰɛːsometʰa ymin kai̯ katoi̯kɛːsomen en ymin ean ɡenɛːstʰe ɔːs ɛːmeːs kai̯ ymeːs en tɔː peritmɛːtʰɛːnai̯ ymɔːn pan arsenikon	EN TUTO OMOIOTESOMETA UMIN KAI KATOIKESOMEN EN UMIN EAN GENESTE OS EMES KAI UMES EN TO PERITMETENAI UMON PAN ARSENIKON	ud_ancient_greek_ptnk	4th-5th c. CE (Codex Alexandrinus)	religious	translit_map
ud_ancient_greek_ptnk_Septuagint-Genesis-34:16-grc	καὶ δώσομεν τὰς θυγατέρας ἡμῶν ὑμῖν καὶ ἀπὸ τῶν θυγατέρων ὑμῶν λημψόμεθα ἡμῖν γυναῖκας καὶ οἰκήσομεν παρ᾿ ὑμῖν καὶ ἐσόμεθα ὡς γένος ἕν.	kai̯ dɔːsomen tas tʰyɡateras ɛːmɔːn ymin kai̯ apo tɔːn tʰyɡaterɔːn ymɔːn lɛːmpsometʰa ɛːmin ɡynai̯kas kai̯ oi̯kɛːsomen par ymin kai̯ esometʰa ɔːs ɡenos en	KAI DOSOMEN TAS TUGATERAS EMON UMIN KAI APO TON TUGATERON UMON LEMPSOMETA EMIN GUNAIKAS KAI OIKESOMEN PAR UMIN KAI ESOMETA OS GENOS EN	ud_ancient_greek_ptnk	4th-5th c. CE (Codex Alexandrinus)	religious	translit_map
ud_ancient_greek_ptnk_Septuagint-Genesis-34:17-grc	ἐὰν δὲ μὴ εἰσακούσητε ἡμῶν τοῦ περιτέμνεσθαι λαβόντες τὰς θυγατέρας ἡμῶν ἀπελευσόμεθα.	ean de mɛː eːsakuːsɛːte ɛːmɔːn tuː peritemnestʰai̯ labontes tas tʰyɡateras ɛːmɔːn apeleu̯sometʰa	EAN DE ME ESAKUSETE EMON TU PERITEMNESTAI LABONTES TAS TUGATERAS EMON APELEUSOMETA	ud_ancient_greek_ptnk	4th-5th c. CE (Codex Alexandrinus)	religious	translit_map
ud_ancient_greek_ptnk_Septuagint-Genesis-34:18-grc	καὶ ἤρεσαν οἱ λόγοι ἐναντίον Ἑμμὼρ καὶ ἐναντίον Συχὲμ τοῦ υἱοῦ Ἑμμώρ.	kai̯ ɛːresan oi̯ loɡoi̯ enantion emmɔːr kai̯ enantion sykʰem tuː yi̯uː emmɔːr	KAI ERESAN OI LOGOI ENANTION EMMOR KAI ENANTION SUKEM TU UIU EMMOR	ud_ancient_greek_ptnk	4th-5th c. CE (Codex Alexandrinus)	religious	translit_map
ud_ancient_greek_ptnk_Septuagint-Genesis-34:19-grc	καὶ οὐκ ἐχρόνισεν ὁ νεανίσκος τοῦ ποιῆσαι τὸ ῥῆμα τοῦτο· ἐνέκειτο γὰρ τῇ θυγατρὶ Ἰακώβ· αὐτὸς δὲ ἦν ἐνδοξότατος πάντων τῶν ἐν τῷ οἴκῳ τοῦ πατρὸς αὐτοῦ.	kai̯ uːk ekʰronisen o neaniskos tuː poi̯ɛːsai̯ to rɛːma tuːto enekeːto ɡar tɛː tʰyɡatri iakɔːb au̯tos de ɛːn endoksotatos pantɔːn tɔːn en tɔː oi̯kɔː tuː patros au̯tuː	KAI UK EKRONISEN O NEANISKOS TU POIESAI TO REMA TUTO ENEKETO GAR TE TUGATRI IAKOB AUTOS DE EN ENDOKSOTATOS PANTON TON EN TO OIKO TU PATROS AUTU	ud_ancient_greek_ptnk	4th-5th c. CE (Codex Alexandrinus)	religious	translit_map
ud_ancient_greek_ptnk_Septuagint-Genesis-34:20-grc	ἦλθεν δὲ Ἑμμὼρ καὶ Συχὲμ ὁ υἱὸς αὐτοῦ πρὸς τὴν πύλην τῆς πόλεως αὐτῶν καὶ ἐλάλησαν πρὸς τοὺς ἄνδρας τῆς πόλεως αὐτῶν λέγοντες,	ɛːltʰen de emmɔːr kai̯ sykʰem o yi̯os au̯tuː pros tɛːn pylɛːn tɛːs poleɔːs au̯tɔːn kai̯ elalɛːsan pros tuːs andras tɛːs poleɔːs au̯tɔːn leɡontes	ELTEN DE EMMOR KAI SUKEM O UIOS AUTU PROS TEN PULEN TES POLEOS AUTON KAI ELALESAN PROS TUS ANDRAS TES POLEOS AUTON LEGONTES	ud_ancient_greek_ptnk	4th-5th c. CE (Codex Alexandrinus)	religious	translit_map
ud_ancient_greek_ptnk_Septuagint-Genesis-34:21-grc	οἱ ἄνθρωποι οὗτοι εἰρηνικοί εἰσιν μεθ᾿ ἡμῶν· οἰκείτωσαν ἐπὶ τῆς γῆς καὶ ἐμπορευέσθωσαν αὐτήν, ἡ δὲ γῆ ἰδοὺ πλατεῖα ἐναντίον αὐτῶν. τὰς θυγατέρας αὐτῶν λημψόμεθα ἡμῖν γυναῖκας καὶ τὰς θυγατέρας ἡμῶν δώσομεν αὐτοῖς.	oi̯ antʰrɔːpoi̯ uːtoi̯ eːrɛːnikoi̯ eːsin metʰ ɛːmɔːn oi̯keːtɔːsan epi tɛːs ɡɛːs kai̯ emporeu̯estʰɔːsan au̯tɛːn ɛː de ɡɛː iduː plateːa enantion au̯tɔːn tas tʰyɡateras au̯tɔːn lɛːmpsometʰa ɛːmin ɡynai̯kas kai̯ tas tʰyɡateras ɛːmɔːn dɔːsomen au̯toi̯s	OI ANTROPOI UTOI ERENIKOI ESIN MET EMON OIKETOSAN EPI TES GES KAI EMPOREUESTOSAN AUTEN E DE GE IDU PLATEA ENANTION AUTON TAS TUGATERAS AUTON LEMPSOMETA EMIN GUNAIKAS KAI TAS TUGATERAS EMON DOSOMEN AUTOIS	ud_ancient_greek_ptnk	4th-5th c. CE (Codex Alexandrinus)	religious	translit_map
ud_ancient_greek_ptnk_Septuagint-Genesis-34:22-grc	μόνον ἐν τούτῳ ὁμοιωθήσονται ἡμῖν οἱ ἄνθρωποι τοῦ κατοικεῖν μεθ᾿ ἡμῶν ὥστε εἶναι λαὸν ἕνα, ἐν τῷ περιτέμνεσθαι ἡμῶν πᾶν ἀρσενικόν, καθὰ καὶ αὐτοὶ περιτέτμηνται.	monon en tuːtɔː omoi̯ɔːtʰɛːsontai̯ ɛːmin oi̯ antʰrɔːpoi̯ tuː katoi̯keːn metʰ ɛːmɔːn ɔːste eːnai̯ laon ena en tɔː peritemnestʰai̯ ɛːmɔːn pan arsenikon katʰa kai̯ au̯toi̯ peritetmɛːntai̯	MONON EN TUTO OMOIOTESONTAI EMIN OI ANTROPOI TU KATOIKEN MET EMON OSTE ENAI LAON ENA EN TO PERITEMNESTAI EMON PAN ARSENIKON KATA KAI AUTOI PERITETMENTAI	ud_ancient_greek_ptnk	4th-5th c. CE (Codex Alexandrinus)	religious	translit_map
ud_ancient_greek_ptnk_Septuagint-Genesis-34:23-grc	καὶ τὰ κτήνη αὐτῶν καὶ τὰ ὑπάρχοντα αὐτῶν καὶ τὰ τετράποδα οὐχ ἡμῶν ἔσται; μόνον ἐν τούτῳ ὁμοιωθῶμεν αὐτοῖς καὶ οἰκήσουσιν μεθ᾿ ἡμῶν.	kai̯ ta ktɛːnɛː au̯tɔːn kai̯ ta yparkʰonta au̯tɔːn kai̯ ta tetrapoda uːkʰ ɛːmɔːn estai̯ monon en tuːtɔː omoi̯ɔːtʰɔːmen au̯toi̯s kai̯ oi̯kɛːsuːsin metʰ ɛːmɔːn	KAI TA KTENE AUTON KAI TA UPARKONTA AUTON KAI TA TETRAPODA UK EMON ESTAI MONON EN TUTO OMOIOTOMEN AUTOIS KAI OIKESUSIN MET EMON	ud_ancient_greek_ptnk	4th-5th c. CE (Codex Alexandrinus)	religious	translit_map
ud_ancient_greek_ptnk_Septuagint-Genesis-34:24-grc	καὶ εἰσήκουσαν Ἑμμὼρ καὶ Συχὲμ τοῦ υἱοῦ αὐτοῦ πάντες οἱ ἐκπορευόμενοι τὴν πύλην τῆς πόλεως αὐτῶν καὶ περιετέμοντο τὴν σάρκα τῆς ἀκροβυστίας αὐτῶν, πᾶς ἄρσην.	kai̯ eːsɛːkuːsan emmɔːr kai̯ sykʰem tuː yi̯uː au̯tuː pantes oi̯ ekporeu̯omenoi̯ tɛːn pylɛːn tɛːs poleɔːs au̯tɔːn kai̯ perietemonto tɛːn sarka tɛːs akrobystias au̯tɔːn pas arsɛːn	KAI ESEKUSAN EMMOR KAI SUKEM TU UIU AUTU PANTES OI EKPOREUOMENOI TEN PULEN TES POLEOS AUTON KAI PERIETEMONTO TEN SARKA TES AKROBUSTIAS AUTON PAS ARSEN	ud_ancient_greek_ptnk	4th-5th c. CE (Codex Alexandrinus)	religious	translit_map
ud_ancient_greek_ptnk_Septuagint-Genesis-34:25-grc	ἐγένετο δὲ ἐν τῇ ἡμέρᾳ τῇ τρίτῃ, ὅτε ἦσαν ἐν τῷ πόνῳ, ἔλαβον οἱ δύο υἱοὶ Ἰακὼβ Συμεὼν καὶ Λευὶ οἱ ἀδελφοὶ Δίνας ἕκαστος τὴν μάχαιραν αὐτοῦ καὶ εἰσῆλθον εἰς τὴν πόλιν ἀσφαλῶς καὶ ἀπέκτειναν πᾶν ἀρσενικόν·	eɡeneto de en tɛː ɛːmera tɛː tritɛː ote ɛːsan en tɔː ponɔː elabon oi̯ dyo yi̯oi̯ iakɔːb symeɔːn kai̯ leu̯i oi̯ adelpʰoi̯ dinas ekastos tɛːn makʰai̯ran au̯tuː kai̯ eːsɛːltʰon eːs tɛːn polin aspʰalɔːs kai̯ apekteːnan pan arsenikon	EGENETO DE EN TE EMERA TE TRITE OTE ESAN EN TO PONO ELABON OI DUO UIOI IAKOB SUMEON KAI LEUI OI ADELPOI DINAS EKASTOS TEN MAKAIRAN AUTU KAI ESELTON ES TEN POLIN ASPALOS KAI APEKTENAN PAN ARSENIKON	ud_ancient_greek_ptnk	4th-5th c. CE (Codex Alexandrinus)	religious	translit_map
ud_ancient_greek_ptnk_Septuagint-Genesis-34:26-grc	τόν τε Ἑμμὼρ καὶ Συχὲμ τὸν υἱὸν αὐτοῦ ἀπέκτειναν ἐν στόματι μαχαίρας καὶ ἔλαβον τὴν Δίναν ἐκ τοῦ οἴκου τοῦ Συχὲμ καὶ ἐξῆλθον.	ton te emmɔːr kai̯ sykʰem ton yi̯on au̯tuː apekteːnan en stomati makʰai̯ras kai̯ elabon tɛːn dinan ek tuː oi̯kuː tuː sykʰem kai̯ eksɛːltʰon	TON TE EMMOR KAI SUKEM TON UION AUTU APEKTENAN EN STOMATI MAKAIRAS KAI ELABON TEN DINAN EK TU OIKU TU SUKEM KAI EKSELTON	ud_ancient_greek_ptnk	4th-5th c. CE (Codex Alexandrinus)	religious	translit_map
ud_ancient_greek_ptnk_Septuagint-Genesis-34:27-grc	οἱ δὲ υἱοὶ Ἰακὼβ εἰσῆλθον ἐπὶ τοὺς τραυματίας καὶ διήρπασαν τὴν πόλιν, ἐν ᾗ ἐμίαναν Δίναν τὴν ἀδελφὴν αὐτῶν,	oi̯ de yi̯oi̯ iakɔːb eːsɛːltʰon epi tuːs trau̯matias kai̯ diɛːrpasan tɛːn polin en ɛː emianan dinan tɛːn adelpʰɛːn au̯tɔːn	OI DE UIOI IAKOB ESELTON EPI TUS TRAUMATIAS KAI DIERPASAN TEN POLIN EN E EMIANAN DINAN TEN ADELPEN AUTON	ud_ancient_greek_ptnk	4th-5th c. CE (Codex Alexandrinus)	religious	translit_map
ud_ancient_greek_ptnk_Septuagint-Genesis-34:28-grc	καὶ τὰ πρόβατα αὐτῶν καὶ τοὺς βόας αὐτῶν καὶ τοὺς ὄνους αὐτῶν, ὅσα τε ἦν ἐν τῇ πόλει καὶ ὅσα ἦν ἐν τῷ πεδίῳ, ἔλαβον.	kai̯ ta probata au̯tɔːn kai̯ tuːs boas au̯tɔːn kai̯ tuːs onuːs au̯tɔːn osa te ɛːn en tɛː poleː kai̯ osa ɛːn en tɔː pediɔː elabon	KAI TA PROBATA AUTON KAI TUS BOAS AUTON KAI TUS ONUS AUTON OSA TE EN EN TE POLE KAI OSA EN EN TO PEDIO ELABON	ud_ancient_greek_ptnk	4th-5th c. CE (Codex Alexandrinus)	religious	translit_map
ud_ancient_greek_ptnk_Septuagint-Genesis-34:29-grc	καὶ πάντα τὰ σώματα αὐτῶν καὶ πᾶσαν τὴν ἀποσκευὴν αὐτῶν καὶ τὰς γυναῖκας αὐτῶν ᾐχμαλώτευσαν καὶ διήρπασαν ὅσα τε ἦν ἐν τῇ πόλει καὶ ὅσα ἦν ἐν ταῖς οἰκίαις.	kai̯ panta ta sɔːmata au̯tɔːn kai̯ pasan tɛːn aposkeu̯ɛːn au̯tɔːn kai̯ tas ɡynai̯kas au̯tɔːn ɛːkʰmalɔːteu̯san kai̯ diɛːrpasan osa te ɛːn en tɛː poleː kai̯ osa ɛːn en tai̯s oi̯kiai̯s	KAI PANTA TA SOMATA AUTON KAI PASAN TEN APOSKEUEN AUTON KAI TAS GUNAIKAS AUTON EKMALOTEUSAN KAI DIERPASAN OSA TE EN EN TE POLE KAI OSA EN EN TAIS OIKIAIS	ud_ancient_greek_ptnk	4th-5th c. CE (Codex Alexandrinus)	religious	translit_map
ud_ancient_greek_ptnk_Septuagint-Genesis-34:30-grc	εἶπεν δὲ Ἰακὼβ Συμεὼν καὶ Λευὶ μισητόν με πεποιήκατε ὥστε πονηρόν με εἶναι πᾶσιν τοῖς κατοικοῦσιν τὴν γῆν, ἔν τε τοῖς Χαναναίοις καὶ τοῖς Φερεζαίοις· ἐγὼ δὲ ὀλιγοστός εἰμι ἐν ἀριθμῷ, καὶ συναχθέντες ἐπ᾿ ἐμὲ συγκόψουσίν με, καὶ ἐκτριβήσομαι ἐγὼ καὶ ὁ οἶκός μου.	eːpen de iakɔːb symeɔːn kai̯ leu̯i misɛːton me pepoi̯ɛːkate ɔːste ponɛːron me eːnai̯ pasin toi̯s katoi̯kuːsin tɛːn ɡɛːn en te toi̯s kʰananai̯oi̯s kai̯ toi̯s pʰerezdai̯oi̯s eɡɔː de oliɡostos eːmi en aritʰmɔː kai̯ synakʰtʰentes ep eme syŋkopsuːsin me kai̯ ektribɛːsomai̯ eɡɔː kai̯ o oi̯kos muː	EPEN DE IAKOB SUMEON KAI LEUI MISETON ME PEPOIEKATE OSTE PONERON ME ENAI PASIN TOIS KATOIKUSIN TEN GEN EN TE TOIS KANANAIOIS KAI TOIS PERESDAIOIS EGO DE OLIGOSTOS EMI EN ARITMO KAI SUNAKTENTES EP EME SUNKOPSUSIN ME KAI EKTRIBESOMAI EGO KAI O OIKOS MU	ud_ancient_greek_ptnk	4th-5th c. CE (Codex Alexandrinus)	religious	translit_map
ud_ancient_greek_ptnk_Septuagint-Genesis-34:31-grc	οἱ δὲ εἶπαν, ἀλλ᾿ ὡσεὶ πόρνῃ χρήσωνται τῇ ἀδελφῇ ἡμῶν;	oi̯ de eːpan all ɔːseː pornɛː kʰrɛːsɔːntai̯ tɛː adelpʰɛː ɛːmɔːn	OI DE EPAN ALL OSE PORNE KRESONTAI TE ADELPE EMON	ud_ancient_greek_ptnk	4th-5th c. CE (Codex Alexandrinus)	religious	translit_map
ud_ancient_greek_ptnk_Septuagint-Genesis-35:1-grc	Εἶπεν δὲ ὁ θεὸς πρὸς Ἰακώβ, Ἀναστὰς ἀνάβηθι εἰς τὸν τόπον Βαιθὴλ καὶ οἴκει ἐκεῖ καὶ ποίησον ἐκεῖ θυσιαστήριον τῷ θεῷ τῷ ὀφθέντι σοί ἐν τῷ ἀποδιδράσκειν σὲ ἀπὸ προσώπου Ἡσαῦ τοῦ ἀδελφοῦ σου.	eːpen de o tʰeos pros iakɔːb anastas anabɛːtʰi eːs ton topon bai̯tʰɛːl kai̯ oi̯keː ekeː kai̯ poi̯ɛːson ekeː tʰysiastɛːrion tɔː tʰeɔː tɔː opʰtʰenti soi̯ en tɔː apodidraskeːn se apo prosɔːpuː ɛːsau̯ tuː adelpʰuː suː	EPEN DE O TEOS PROS IAKOB ANASTAS ANABETI ES TON TOPON BAITEL KAI OIKE EKE KAI POIESON EKE TUSIASTERION TO TEO TO OPTENTI SOI EN TO APODIDRASKEN SE APO PROSOPU ESAU TU ADELPU SU	ud_ancient_greek_ptnk	4th-5th c. CE (Codex Alexandrinus)	religious	translit_map
ud_ancient_greek_ptnk_Septuagint-Genesis-35:2-grc	εἶπεν δὲ Ἰακὼβ τῷ οἴκῳ αὐτοῦ καὶ πᾶσιν τοῖς μετ᾿ αὐτοῦ, Ἄρατε τοὺς θεοὺς τοὺς ἀλλοτρίους τοὺς μεθ᾿ ὑμῶν ἐκ μέσου ὑμῶν καὶ καθαρίσασθε καὶ ἀλλάξατε τὰς στολὰς ὑμῶν,	eːpen de iakɔːb tɔː oi̯kɔː au̯tuː kai̯ pasin toi̯s met au̯tuː arate tuːs tʰeuːs tuːs allotriuːs tuːs metʰ ymɔːn ek mesuː ymɔːn kai̯ katʰarisastʰe kai̯ allaksate tas stolas ymɔːn	EPEN DE IAKOB TO OIKO AUTU KAI PASIN TOIS MET AUTU ARATE TUS TEUS TUS ALLOTRIUS TUS MET UMON EK MESU UMON KAI KATARISASTE KAI ALLAKSATE TAS STOLAS UMON	ud_ancient_greek_ptnk	4th-5th c. CE (Codex Alexandrinus)	religious	translit_map
ud_ancient_greek_ptnk_Septuagint-Genesis-35:3-grc	καὶ ἀναστάντες ἀναβῶμεν εἰς Βαιθὴλ καὶ ποιήσωμεν ἐκεῖ θυσιαστήριον τῷ θεῷ τῷ ἐπακούσαντί μοι ἐν ἡμέρᾳ θλίψεως ὃς ἦν μετ᾿ ἐμοῦ καὶ διέσωσέν με ἐν τῇ ὁδῷ ᾗ ἐπορεύθην.	kai̯ anastantes anabɔːmen eːs bai̯tʰɛːl kai̯ poi̯ɛːsɔːmen ekeː tʰysiastɛːrion tɔː tʰeɔː tɔː epakuːsanti moi̯ en ɛːmera tʰlipseɔːs os ɛːn met emuː kai̯ diesɔːsen me en tɛː odɔː ɛː eporeu̯tʰɛːn	KAI ANASTANTES ANABOMEN ES BAITEL KAI POIESOMEN EKE TUSIASTERION TO TEO TO EPAKUSANTI MOI EN EMERA TLIPSEOS OS EN MET EMU KAI DIESOSEN ME EN TE ODO E EPOREUTEN	ud_ancient_greek_ptnk	4th-5th c. CE (Codex Alexandrinus)	religious	translit_map
ud_ancient_greek_ptnk_Septuagint-Genesis-35:4-grc	καὶ ἔδωκαν τῷ Ἰακὼβ τοὺς θεοὺς τοὺς ἀλλοτρίους οἳ ἦσαν ἐν ταῖς χερσὶν αὐτῶν, καὶ τὰ ἐνώτια τὰ ἐν τοῖς ὠσὶν αὐτῶν, καὶ κατέκρυψεν αὐτὰ Ἰακὼβ ὑπὸ τὴν τερέμινθον τὴν ἐν Σικίμοις καὶ ἀπώλεσεν αὐτὰ ἕως τῆς σήμερον ἡμέρας.	kai̯ edɔːkan tɔː iakɔːb tuːs tʰeuːs tuːs allotriuːs oi̯ ɛːsan en tai̯s kʰersin au̯tɔːn kai̯ ta enɔːtia ta en toi̯s ɔːsin au̯tɔːn kai̯ katekrypsen au̯ta iakɔːb ypo tɛːn teremintʰon tɛːn en sikimoi̯s kai̯ apɔːlesen au̯ta eɔːs tɛːs sɛːmeron ɛːmeras	KAI EDOKAN TO IAKOB TUS TEUS TUS ALLOTRIUS OI ESAN EN TAIS KERSIN AUTON KAI TA ENOTIA TA EN TOIS OSIN AUTON KAI KATEKRUPSEN AUTA IAKOB UPO TEN TEREMINTON TEN EN SIKIMOIS KAI APOLESEN AUTA EOS TES SEMERON EMERAS	ud_ancient_greek_ptnk	4th-5th c. CE (Codex Alexandrinus)	religious	translit_map
ud_ancient_greek_ptnk_Septuagint-Genesis-35:5-grc	καὶ ἐξῆρεν Ἰσραὴλ ἐκ Σικίμων, καὶ ἐγένετο φόβος θεοῦ ἐπὶ τὰς πόλεις τὰς κύκλῳ αὐτῶν, καὶ οὐ κατεδίωξαν ὀπίσω τῶν υἱῶν Ἰσραήλ.	kai̯ eksɛːren israɛːl ek sikimɔːn kai̯ eɡeneto pʰobos tʰeuː epi tas poleːs tas kyklɔː au̯tɔːn kai̯ uː katediɔːksan opisɔː tɔːn yi̯ɔːn israɛːl	KAI EKSEREN ISRAEL EK SIKIMON KAI EGENETO POBOS TEU EPI TAS POLES TAS KUKLO AUTON KAI U KATEDIOKSAN OPISO TON UION ISRAEL	ud_ancient_greek_ptnk	4th-5th c. CE (Codex Alexandrinus)	religious	translit_map
ud_ancient_greek_ptnk_Septuagint-Genesis-35:6-grc	ἦλθεν δὲ Ἰακὼβ εἰς Λουζά, ἥ ἐστιν ἐν γῇ Χαναάν, ἥ ἐστιν Βαιθήλ, αὐτὸς καὶ πᾶς ὁ λαός, ὃς ἦν μετ᾿ αὐτοῦ.	ɛːltʰen de iakɔːb eːs luːzda ɛː estin en ɡɛː kʰanaan ɛː estin bai̯tʰɛːl au̯tos kai̯ pas o laos os ɛːn met au̯tuː	ELTEN DE IAKOB ES LUSDA E ESTIN EN GE KANAAN E ESTIN BAITEL AUTOS KAI PAS O LAOS OS EN MET AUTU	ud_ancient_greek_ptnk	4th-5th c. CE (Codex Alexandrinus)	religious	translit_map
ud_ancient_greek_ptnk_Septuagint-Genesis-35:7-grc	καὶ ᾠκοδόμησεν ἐκεῖ θυσιαστήριον καὶ ἐκάλεσεν τὸ ὄνομα τοῦ τόπου Βαιθήλ· ἐκεῖ γὰρ ἐπεφάνη αὐτῷ ὁ θεὸς ἐν τῷ ἀποδιδράσκειν αὐτὸν ἀπὸ προσώπου Ἡσαῦ τοῦ ἀδελφοῦ αὐτοῦ.	kai̯ ɔːkodomɛːsen ekeː tʰysiastɛːrion kai̯ ekalesen to onoma tuː topuː bai̯tʰɛːl ekeː ɡar epepʰanɛː au̯tɔː o tʰeos en tɔː apodidraskeːn au̯ton apo prosɔːpuː ɛːsau̯ tuː adelpʰuː au̯tuː	KAI OKODOMESEN EKE TUSIASTERION KAI EKALESEN TO ONOMA TU TOPU BAITEL EKE GAR EPEPANE AUTO O TEOS EN TO APODIDRASKEN AUTON APO PROSOPU ESAU TU ADELPU AUTU	ud_ancient_greek_ptnk	4th-5th c. CE (Codex Alexandrinus)	religious	translit_map
ud_ancient_greek_ptnk_Septuagint-Genesis-35:8-grc	ἀπέθανεν δὲ Δεββώρα ἡ τροφὸς Ῥεβέκκας κατώτερον Βαιθὴλ ὑπὸ τὴν βάλανον, καὶ ἐκάλεσεν Ἰακὼβ τὸ ὄνομα αὐτῆς Βάλανος πένθους.	apetʰanen de debbɔːra ɛː tropʰos rebekkas katɔːteron bai̯tʰɛːl ypo tɛːn balanon kai̯ ekalesen iakɔːb to onoma au̯tɛːs balanos pentʰuːs	APETANEN DE DEBBORA E TROPOS REBEKKAS KATOTERON BAITEL UPO TEN BALANON KAI EKALESEN IAKOB TO ONOMA AUTES BALANOS PENTUS	ud_ancient_greek_ptnk	4th-5th c. CE (Codex Alexandrinus)	religious	translit_map
ud_ancient_greek_ptnk_Septuagint-Genesis-35:9-grc	Ὤφθη δὲ ὁ θεὸς Ἰακὼβ ἔτι ἐν Λουζά, ὅτε παρεγένετο ἐκ Μεσοποταμίας τῆς Συρίας, καὶ ηὐλόγησεν αὐτὸν ὁ θεός.	ɔːpʰtʰɛː de o tʰeos iakɔːb eti en luːzda ote pareɡeneto ek mesopotamias tɛːs syrias kai̯ ɛːyloɡɛːsen au̯ton o tʰeos	OPTE DE O TEOS IAKOB ETI EN LUSDA OTE PAREGENETO EK MESOPOTAMIAS TES SURIAS KAI EULOGESEN AUTON O TEOS	ud_ancient_greek_ptnk	4th-5th c. CE (Codex Alexandrinus)	religious	translit_map
ud_ancient_greek_ptnk_Septuagint-Genesis-35:10-grc	καὶ εἶπεν αὐτῷ ὁ θεός, Τὸ ὄνομά σου Ἰακώβ· οὐ κληθήσεται ἔτι Ἰακώβ, ἀλλ᾿ Ἰσραὴλ ἔσται τὸ ὄνομά σου·	kai̯ eːpen au̯tɔː o tʰeos to onoma suː iakɔːb uː klɛːtʰɛːsetai̯ eti iakɔːb all israɛːl estai̯ to onoma suː	KAI EPEN AUTO O TEOS TO ONOMA SU IAKOB U KLETESETAI ETI IAKOB ALL ISRAEL ESTAI TO ONOMA SU	ud_ancient_greek_ptnk	4th-5th c. CE (Codex Alexandrinus)	religious	translit_map
ud_ancient_greek_ptnk_Septuagint-Genesis-35:11-grc	εἶπεν δὲ αὐτῷ ὁ θεός, Ἐγὼ ὁ θεός σου· αὐξάνου καὶ πληθύνου· ἔθνη καὶ συναγωγαὶ ἐθνῶν ἔσονται ἐκ σου, καὶ βασιλεῖς ἐκ τῆς ὀσφύος σου ἐξελεύσονται.	eːpen de au̯tɔː o tʰeos eɡɔː o tʰeos suː au̯ksanuː kai̯ plɛːtʰynuː etʰnɛː kai̯ synaɡɔːɡai̯ etʰnɔːn esontai̯ ek suː kai̯ basileːs ek tɛːs ospʰyos suː ekseleu̯sontai̯	EPEN DE AUTO O TEOS EGO O TEOS SU AUKSANU KAI PLETUNU ETNE KAI SUNAGOGAI ETNON ESONTAI EK SU KAI BASILES EK TES OSPUOS SU EKSELEUSONTAI	ud_ancient_greek_ptnk	4th-5th c. CE (Codex Alexandrinus)	religious	translit_map
ud_ancient_greek_ptnk_Septuagint-Genesis-35:12-grc	καὶ τὴν γῆν ἣν δέδωκα Ἁβραὰμ καὶ Ἰσαάκ, σοί δέδωκα αὐτήν· σοί ἔσται, καὶ τῷ σπέρματί σου μετὰ σὲ δώσω τὴν γῆν ταύτην.	kai̯ tɛːn ɡɛːn ɛːn dedɔːka abraam kai̯ isaak soi̯ dedɔːka au̯tɛːn soi̯ estai̯ kai̯ tɔː spermati suː meta se dɔːsɔː tɛːn ɡɛːn tau̯tɛːn	KAI TEN GEN EN DEDOKA ABRAAM KAI ISAAK SOI DEDOKA AUTEN SOI ESTAI KAI TO SPERMATI SU META SE DOSO TEN GEN TAUTEN	ud_ancient_greek_ptnk	4th-5th c. CE (Codex Alexandrinus)	religious	translit_map
ud_ancient_greek_ptnk_Septuagint-Genesis-35:13-grc	ἀνέβη δὲ ὁ θεὸς ἀπ᾿ αὐτοῦ ἐκ τοῦ τόπου, οὗ ἐλάλησεν μετ᾿ αὐτοῦ.	anebɛː de o tʰeos ap au̯tuː ek tuː topuː uː elalɛːsen met au̯tuː	ANEBE DE O TEOS AP AUTU EK TU TOPU U ELALESEN MET AUTU	ud_ancient_greek_ptnk	4th-5th c. CE (Codex Alexandrinus)	religious	translit_map
ud_ancient_greek_ptnk_Septuagint-Genesis-35:14-grc	καὶ ἔστησεν Ἰακὼβ στήλην ἐν τῷ τόπῳ, ᾧ ἐλάλησεν μετ᾿ αὐτοῦ, στήλην λιθίνην, καὶ ἔσπεισεν ἐπ᾿ αὐτὴν σπονδὴν καὶ ἐπέχεεν ἐπ᾿ αὐτὴν ἔλαιον.	kai̯ estɛːsen iakɔːb stɛːlɛːn en tɔː topɔː ɔː elalɛːsen met au̯tuː stɛːlɛːn litʰinɛːn kai̯ espeːsen ep au̯tɛːn spondɛːn kai̯ epekʰeen ep au̯tɛːn elai̯on	KAI ESTESEN IAKOB STELEN EN TO TOPO O ELALESEN MET AUTU STELEN LITINEN KAI ESPESEN EP AUTEN SPONDEN KAI EPEKEEN EP AUTEN ELAION	ud_ancient_greek_ptnk	4th-5th c. CE (Codex Alexandrinus)	religious	translit_map
ud_ancient_greek_ptnk_Septuagint-Genesis-35:15-grc	καὶ ἐκάλεσεν Ἰακὼβ τὸ ὄνομα τοῦ τόπου, ἐν ᾧ ἐλάλησεν μετ᾿ αὐτοῦ ἐκεῖ ὁ θεός, Βαιθήλ.	kai̯ ekalesen iakɔːb to onoma tuː topuː en ɔː elalɛːsen met au̯tuː ekeː o tʰeos bai̯tʰɛːl	KAI EKALESEN IAKOB TO ONOMA TU TOPU EN O ELALESEN MET AUTU EKE O TEOS BAITEL	ud_ancient_greek_ptnk	4th-5th c. CE (Codex Alexandrinus)	religious	translit_map
ud_ancient_greek_ptnk_Septuagint-Genesis-35:16-grc	Ἀπάρας δὲ Ἰακὼβ ἐκ Βαιθὴλ ἔπηξεν τὴν σκηνὴν αὐτοῦ ἐπέκεινα τοῦ πύργου Γαδέρ]. ἐγένετο δὲ ἡνίκα ἤγγισεν Χαβραθὰ εἰς γῆν ἐλθεῖν Ἐφραθᾶ, ἔτεκεν Ῥαχὴλ καὶ ἐδυστόκησεν ἐν τῷ τοκετῷ.	aparas de iakɔːb ek bai̯tʰɛːl epɛːksen tɛːn skɛːnɛːn au̯tuː epekeːna tuː pyrɡuː ɡader eɡeneto de ɛːnika ɛːŋɡisen kʰabratʰa eːs ɡɛːn eltʰeːn epʰratʰa eteken rakʰɛːl kai̯ edystokɛːsen en tɔː toketɔː	APARAS DE IAKOB EK BAITEL EPEKSEN TEN SKENEN AUTU EPEKENA TU PURGU GADER EGENETO DE ENIKA ENGISEN KABRATA ES GEN ELTEN EPRATA ETEKEN RAKEL KAI EDUSTOKESEN EN TO TOKETO	ud_ancient_greek_ptnk	4th-5th c. CE (Codex Alexandrinus)	religious	translit_map
ud_ancient_greek_ptnk_Septuagint-Genesis-35:17-grc	ἐγένετο δὲ ἐν τῷ σκληρῶς αὐτὴν τίκτειν εἶπεν αὐτῇ ἡ μαῖα, θάρσει, καὶ γὰρ οὗτός Σοὶ ἐστιν υἱός.	eɡeneto de en tɔː sklɛːrɔːs au̯tɛːn tikteːn eːpen au̯tɛː ɛː mai̯a tʰarseː kai̯ ɡar uːtos soi̯ estin yi̯os	EGENETO DE EN TO SKLEROS AUTEN TIKTEN EPEN AUTE E MAIA TARSE KAI GAR UTOS SOI ESTIN UIOS	ud_ancient_greek_ptnk	4th-5th c. CE (Codex Alexandrinus)	religious	translit_map
ud_ancient_greek_ptnk_Septuagint-Genesis-35:18-grc	ἐγένετο δὲ ἐν τῷ ἀφιέναι αὐτὴν τὴν ψυχήν— ἀπέθνῃσκεν γάρ— ἐκάλεσεν τὸ ὄνομα αὐτοῦ, Υἱὸς ὀδύνης μου· ὁ δὲ πατὴρ ἐκάλεσεν αὐτὸν Βενιαμίν.	eɡeneto de en tɔː apʰienai̯ au̯tɛːn tɛːn psykʰɛːn apetʰnɛːsken ɡar ekalesen to onoma au̯tuː yios odynɛːs muː o de patɛːr ekalesen au̯ton beniamin	EGENETO DE EN TO APIENAI AUTEN TEN PSUKEN APETNESKEN GAR EKALESEN TO ONOMA AUTU UIOS ODUNES MU O DE PATER EKALESEN AUTON BENIAMIN	ud_ancient_greek_ptnk	4th-5th c. CE (Codex Alexandrinus)	religious	translit_map
ud_ancient_greek_ptnk_Septuagint-Genesis-35:19-grc	ἀπέθανεν δὲ Ῥαχὴλ καὶ ἐτάφη ἐν τῇ ὁδῷ Ἐφραθᾶ (αὕτη ἐστὶν Βηθλεέμ).	apetʰanen de rakʰɛːl kai̯ etapʰɛː en tɛː odɔː epʰratʰa au̯tɛː estin bɛːtʰleem	APETANEN DE RAKEL KAI ETAPE EN TE ODO EPRATA AUTE ESTIN BETLEEM	ud_ancient_greek_ptnk	4th-5th c. CE (Codex Alexandrinus)	religious	translit_map
ud_ancient_greek_ptnk_Septuagint-Genesis-35:20-grc	καὶ ἔστησεν Ἰακὼβ στήλην ἐπὶ τοῦ μνημείου αὐτῆς· αὕτη ἐστὶν στήλη μνημείου Ῥαχὴλ ἕως τῆς σήμερον ἡμέρας.	kai̯ estɛːsen iakɔːb stɛːlɛːn epi tuː mnɛːmeːuː au̯tɛːs au̯tɛː estin stɛːlɛː mnɛːmeːuː rakʰɛːl eɔːs tɛːs sɛːmeron ɛːmeras	KAI ESTESEN IAKOB STELEN EPI TU MNEMEU AUTES AUTE ESTIN STELE MNEMEU RAKEL EOS TES SEMERON EMERAS	ud_ancient_greek_ptnk	4th-5th c. CE (Codex Alexandrinus)	religious	translit_map
ud_ancient_greek_ptnk_Septuagint-Genesis-35:22-grc	Ἐγένετο δὲ ἡνίκα κατῴκησεν Ἰσραὴλ ἐν τῇ γῇ ἐκείνῃ, ἐπορεύθη Ῥουβὴν καὶ ἐκοιμήθη μετὰ Βάλλας τῆς παλλακῆς τοῦ πατρὸς αὐτοῦ· Ἰακὼβ καὶ ἤκουσεν Ἰσραήλ, καὶ πονηρὸν ἐφάνη ἐναντίον αὐτοῦ. Ἦσαν δὲ οἱ υἱοὶ Ἰακώβ, δώδεκα.	eɡeneto de ɛːnika katɔːkɛːsen israɛːl en tɛː ɡɛː ekeːnɛː eporeu̯tʰɛː ruːbɛːn kai̯ ekoi̯mɛːtʰɛː meta ballas tɛːs pallakɛːs tuː patros au̯tuː iakɔːb kai̯ ɛːkuːsen israɛːl kai̯ ponɛːron epʰanɛː enantion au̯tuː ɛːsan de oi̯ yi̯oi̯ iakɔːb dɔːdeka	EGENETO DE ENIKA KATOKESEN ISRAEL EN TE GE EKENE EPOREUTE RUBEN KAI EKOIMETE META BALLAS TES PALLAKES TU PATROS AUTU IAKOB KAI EKUSEN ISRAEL KAI PONERON EPANE ENANTION AUTU ESAN DE OI UIOI IAKOB DODEKA	ud_ancient_greek_ptnk	4th-5th c. CE (Codex Alexandrinus)	religious	translit_map
ud_ancient_greek_ptnk_Septuagint-Genesis-35:23-grc	υἱοὶ Λείας· πρωτότοκος Ἰακὼβ Ῥουβήν, Συμεών, Λευί, Ἰούδας, Ἰσσαχάρ, Ζαβουλών.	yi̯oi̯ leːas prɔːtotokos iakɔːb ruːbɛːn symeɔːn leu̯i iuːdas issakʰar zdabuːlɔːn	UIOI LEAS PROTOTOKOS IAKOB RUBEN SUMEON LEUI IUDAS ISSAKAR SDABULON	ud_ancient_greek_ptnk	4th-5th c. CE (Codex Alexandrinus)	religious	translit_map
ud_ancient_greek_ptnk_Septuagint-Genesis-35:24-grc	υἱοὶ δὲ Ῥαχήλ· Ἰωσὴφ καὶ Βενιαμίν.	yi̯oi̯ de rakʰɛːl iɔːsɛːpʰ kai̯ beniamin	UIOI DE RAKEL IOSEP KAI BENIAMIN	ud_ancient_greek_ptnk	4th-5th c. CE (Codex Alexandrinus)	religious	translit_map
ud_ancient_greek_ptnk_Septuagint-Genesis-35:25-grc	υἱοὶ δὲ Βάλλας παιδίσκης Ῥαχήλ· Δὰν καὶ Νεφθαλί.	yi̯oi̯ de ballas pai̯diskɛːs rakʰɛːl dan kai̯ nepʰtʰali	UIOI DE BALLAS PAIDISKES RAKEL DAN KAI NEPTALI	ud_ancient_greek_ptnk	4th-5th c. CE (Codex Alexandrinus)	religious	translit_map
ud_ancient_greek_ptnk_Septuagint-Genesis-35:26-grc	υἱοὶ δὲ Ζέλφας παιδίσκης Λείας· Γὰδ καὶ Ἀσήρ. οὗτοι υἱοὶ Ἰακώβ, οἳ ἐγένοντο αὐτῷ ἐν Μεσοποταμίᾳ τῆς Συρίας	yi̯oi̯ de zdelpʰas pai̯diskɛːs leːas ɡad kai̯ asɛːr uːtoi̯ yi̯oi̯ iakɔːb oi̯ eɡenonto au̯tɔː en mesopotamia tɛːs syrias	UIOI DE SDELPAS PAIDISKES LEAS GAD KAI ASER UTOI UIOI IAKOB OI EGENONTO AUTO EN MESOPOTAMIA TES SURIAS	ud_ancient_greek_ptnk	4th-5th c. CE (Codex Alexandrinus)	religious	translit_map
ud_ancient_greek_ptnk_Septuagint-Genesis-35:27-grc	Ἦλθεν δὲ Ἰακὼβ πρὸς Ἰσαὰκ τὸν πατέρα αὐτοῦ εἰς Μαμβρῆ εἰς πόλιν τοῦ πεδίου (αὕτη ἐστὶν Χεβρών) ἐν γῇ Χαναάν, οὗ παρῴκησεν Ἁβραὰμ καὶ Ἰσαάκ.	ɛːltʰen de iakɔːb pros isaak ton patera au̯tuː eːs mambrɛː eːs polin tuː pediuː au̯tɛː estin kʰebrɔːn en ɡɛː kʰanaan uː parɔːkɛːsen abraam kai̯ isaak	ELTEN DE IAKOB PROS ISAAK TON PATERA AUTU ES MAMBRE ES POLIN TU PEDIU AUTE ESTIN KEBRON EN GE KANAAN U PAROKESEN ABRAAM KAI ISAAK	ud_ancient_greek_ptnk	4th-5th c. CE (Codex Alexandrinus)	religious	translit_map
ud_ancient_greek_ptnk_Septuagint-Genesis-35:28-grc	ἐγένοντο δὲ αἱ ἡμέραι Ἰσαάκ, ἃς ἔζησεν ἔτη ἑκατὸν ὀγδοήκοντα·	eɡenonto de ai̯ ɛːmerai̯ isaak as ezdɛːsen etɛː ekaton oɡdoɛːkonta	EGENONTO DE AI EMERAI ISAAK AS ESDESEN ETE EKATON OGDOEKONTA	ud_ancient_greek_ptnk	4th-5th c. CE (Codex Alexandrinus)	religious	translit_map
ud_ancient_greek_ptnk_Septuagint-Genesis-35:29-grc	καὶ ἐκλιπὼν ἀπέθανεν καὶ προσετέθη πρὸς τὸ γένος αὐτοῦ πρεσβύτερος καὶ πλήρης ἡμερῶν, καὶ ἔθαψαν αὐτὸν Ἡσαῦ καὶ Ἰακὼβ οἱ υἱοὶ αὐτοῦ.	kai̯ eklipɔːn apetʰanen kai̯ prosetetʰɛː pros to ɡenos au̯tuː presbyteros kai̯ plɛːrɛːs ɛːmerɔːn kai̯ etʰapsan au̯ton ɛːsau̯ kai̯ iakɔːb oi̯ yi̯oi̯ au̯tuː	KAI EKLIPON APETANEN KAI PROSETETE PROS TO GENOS AUTU PRESBUTEROS KAI PLERES EMERON KAI ETAPSAN AUTON ESAU KAI IAKOB OI UIOI AUTU	ud_ancient_greek_ptnk	4th-5th c. CE (Codex Alexandrinus)	religious	translit_map
ud_ancient_greek_ptnk_Septuagint-Genesis-36:1-grc	Αὗται δὲ αἱ γενέσεις Ἡσαῦ (αὐτός ἐστιν Ἐδώμ)·	au̯tai̯ de ai̯ ɡeneseːs ɛːsau̯ au̯tos estin edɔːm	AUTAI DE AI GENESES ESAU AUTOS ESTIN EDOM	ud_ancient_greek_ptnk	4th-5th c. CE (Codex Alexandrinus)	religious	translit_map
ud_ancient_greek_ptnk_Septuagint-Genesis-36:2-3-grc	Ἡσαῦ δὲ ἔλαβεν γυναῖκας ἑαυτῷ ἀπὸ τῶν θυγατέρων τῶν Χαναναίων, τὴν Ἀδὰ θυγατέρα Αἰλὼν τοῦ Χετταίου καὶ τὴν Ἐλιβέμα θυγατέρα Ἀνὰ τοῦ υἱοῦ Σεβεγὼν τοῦ Εὐαίου καὶ τὴν Βασεμμὰθ θυγατέρα Ἰσμαὴλ ἀδελφὴν Ναβαϊώθ.	ɛːsau̯ de elaben ɡynai̯kas eau̯tɔː apo tɔːn tʰyɡaterɔːn tɔːn kʰananai̯ɔːn tɛːn ada tʰyɡatera ai̯lɔːn tuː kʰettai̯uː kai̯ tɛːn elibema tʰyɡatera ana tuː yi̯uː sebeɡɔːn tuː eu̯ai̯uː kai̯ tɛːn basemmatʰ tʰyɡatera ismaɛːl adelpʰɛːn nabai̯ɔːtʰ	ESAU DE ELABEN GUNAIKAS EAUTO APO TON TUGATERON TON KANANAION TEN ADA TUGATERA AILON TU KETTAIU KAI TEN ELIBEMA TUGATERA ANA TU UIU SEBEGON TU EUAIU KAI TEN BASEMMAT TUGATERA ISMAEL ADELPEN NABAIOT	ud_ancient_greek_ptnk	4th-5th c. CE (Codex Alexandrinus)	religious	translit_map
ud_ancient_greek_ptnk_Septuagint-Genesis-36:4-grc	ἔτεκεν δὲ Ἀδὰ τῷ Ἡσαῦ τὸν Ἑλιφάς, καὶ Βασεμμὰθ ἔτεκεν τὸν Ῥαγουήλ,	eteken de ada tɔː ɛːsau̯ ton elipʰas kai̯ basemmatʰ eteken ton raɡuːɛːl	ETEKEN DE ADA TO ESAU TON ELIPAS KAI BASEMMAT ETEKEN TON RAGUEL	ud_ancient_greek_ptnk	4th-5th c. CE (Codex Alexandrinus)	religious	translit_map
ud_ancient_greek_ptnk_Septuagint-Genesis-36:5-grc	καὶ Ἐλιβέμα ἔτεκεν τὸν Ἰεοὺς καὶ τὸν Ἰεγλὸμ καὶ τὸν Κορέ· οὗτοι υἱοὶ Ἡσαῦ οἳ ἐγένοντο αὐτῷ ἐν γῇ Χαναάν.	kai̯ elibema eteken ton ieuːs kai̯ ton ieɡlom kai̯ ton kore uːtoi̯ yi̯oi̯ ɛːsau̯ oi̯ eɡenonto au̯tɔː en ɡɛː kʰanaan	KAI ELIBEMA ETEKEN TON IEUS KAI TON IEGLOM KAI TON KORE UTOI UIOI ESAU OI EGENONTO AUTO EN GE KANAAN	ud_ancient_greek_ptnk	4th-5th c. CE (Codex Alexandrinus)	religious	translit_map
ud_ancient_greek_ptnk_Septuagint-Genesis-36:6-grc	ἔλαβεν δὲ Ἡσαῦ τὰς γυναῖκας αὐτοῦ καὶ τοὺς υἱοὺς καὶ τὰς θυγατέρας καὶ πάντα τὰ σώματα τοῦ οἴκου αὐτοῦ καὶ πάντα τὰ ὑπάρχοντα καὶ πάντα τὰ κτήνη καὶ πάντα, ὅσα ἐκτήσατο καὶ ὅσα περιεποιήσατο ἐν γῇ Χαναάν, καὶ ἐπορεύθη ἐκ γῆς Χαναὰν ἀπὸ προσώπου Ἰακὼβ τοῦ ἀδελφοῦ αὐτοῦ.	elaben de ɛːsau̯ tas ɡynai̯kas au̯tuː kai̯ tuːs yi̯uːs kai̯ tas tʰyɡateras kai̯ panta ta sɔːmata tuː oi̯kuː au̯tuː kai̯ panta ta yparkʰonta kai̯ panta ta ktɛːnɛː kai̯ panta osa ektɛːsato kai̯ osa periepoi̯ɛːsato en ɡɛː kʰanaan kai̯ eporeu̯tʰɛː ek ɡɛːs kʰanaan apo prosɔːpuː iakɔːb tuː adelpʰuː au̯tuː	ELABEN DE ESAU TAS GUNAIKAS AUTU KAI TUS UIUS KAI TAS TUGATERAS KAI PANTA TA SOMATA TU OIKU AUTU KAI PANTA TA UPARKONTA KAI PANTA TA KTENE KAI PANTA OSA EKTESATO KAI OSA PERIEPOIESATO EN GE KANAAN KAI EPOREUTE EK GES KANAAN APO PROSOPU IAKOB TU ADELPU AUTU	ud_ancient_greek_ptnk	4th-5th c. CE (Codex Alexandrinus)	religious	translit_map
ud_ancient_greek_ptnk_Septuagint-Genesis-36:7-grc	ἦν γὰρ αὐτῶν τὰ ὑπάρχοντα πολλὰ τοῦ οἰκεῖν ἅμα, καὶ οὐκ ἐδύνατο ἡ γῆ τῆς παροικήσεως αὐτῶν φέρειν αὐτοὺς ἀπὸ τοῦ πλήθους τῶν ὑπαρχόντων αὐτῶν.	ɛːn ɡar au̯tɔːn ta yparkʰonta polla tuː oi̯keːn ama kai̯ uːk edynato ɛː ɡɛː tɛːs paroi̯kɛːseɔːs au̯tɔːn pʰereːn au̯tuːs apo tuː plɛːtʰuːs tɔːn yparkʰontɔːn au̯tɔːn	EN GAR AUTON TA UPARKONTA POLLA TU OIKEN AMA KAI UK EDUNATO E GE TES PAROIKESEOS AUTON PEREN AUTUS APO TU PLETUS TON UPARKONTON AUTON	ud_ancient_greek_ptnk	4th-5th c. CE (Codex Alexandrinus)	religious	translit_map
ud_ancient_greek_ptnk_Septuagint-Genesis-36:8-grc	ᾤκησεν δὲ Ἡσαῦ ἐν τῷ ὄρει Σηὶρ (Ἡσαῦ αὐτός ἐστιν Ἐδώμ).	ɔːkɛːsen de ɛːsau̯ en tɔː oreː sɛːi̯r ɛːsau̯ au̯tos estin edɔːm	OKESEN DE ESAU EN TO ORE SEIR ESAU AUTOS ESTIN EDOM	ud_ancient_greek_ptnk	4th-5th c. CE (Codex Alexandrinus)	religious	translit_map
ud_ancient_greek_ptnk_Septuagint-Genesis-36:9-grc	Αὗται δὲ αἱ γενέσεις Ἡσαῦ πατρὸς Ἐδὼμ ἐν τῷ ὄρει Σηίρ,	au̯tai̯ de ai̯ ɡeneseːs ɛːsau̯ patros edɔːm en tɔː oreː sɛːi̯r	AUTAI DE AI GENESES ESAU PATROS EDOM EN TO ORE SEIR	ud_ancient_greek_ptnk	4th-5th c. CE (Codex Alexandrinus)	religious	translit_map
ud_ancient_greek_ptnk_Septuagint-Genesis-36:10-grc	καὶ ταῦτα τὰ ὀνόματα τῶν υἱῶν Ἡσαῦ· Ἑλιφὰς υἱὸς Ἀδὰς γυναικὸς Ἡσαῦ καὶ Ῥαγουὴλ υἱὸς Βασεμμὰθ γυναικὸς Ἡσαῦ.	kai̯ tau̯ta ta onomata tɔːn yi̯ɔːn ɛːsau̯ elipʰas yi̯os adas ɡynai̯kos ɛːsau̯ kai̯ raɡuːɛːl yi̯os basemmatʰ ɡynai̯kos ɛːsau̯	KAI TAUTA TA ONOMATA TON UION ESAU ELIPAS UIOS ADAS GUNAIKOS ESAU KAI RAGUEL UIOS BASEMMAT GUNAIKOS ESAU	ud_ancient_greek_ptnk	4th-5th c. CE (Codex Alexandrinus)	religious	translit_map
ud_ancient_greek_ptnk_Septuagint-Genesis-36:11-grc	ἐγένοντο δὲ υἱοὶ Ἑλιφάς· Θαιμάν, Ὠμάρ, Σωφάρ, Γοθόμ· καὶ Κενὲζ	eɡenonto de yi̯oi̯ elipʰas tʰai̯man ɔːmar sɔːpʰar ɡotʰom kai̯ kenezd	EGENONTO DE UIOI ELIPAS TAIMAN OMAR SOPAR GOTOM KAI KENESD	ud_ancient_greek_ptnk	4th-5th c. CE (Codex Alexandrinus)	religious	translit_map
ud_ancient_greek_ptnk_Septuagint-Genesis-36:12-grc	Θαμνὰ δὲ ἦν παλλακὴ Ἑλιφὰς τοῦ υἱοῦ Ἡσαῦ καὶ ἔτεκεν τῷ Ἑλιφὰς τὸν Ἀμαλήκ· οὗτοι υἱοὶ Ἀδὰς γυναικὸς Ἡσαῦ.	tʰamna de ɛːn pallakɛː elipʰas tuː yi̯uː ɛːsau̯ kai̯ eteken tɔː elipʰas ton amalɛːk uːtoi̯ yi̯oi̯ adas ɡynai̯kos ɛːsau̯	TAMNA DE EN PALLAKE ELIPAS TU UIU ESAU KAI ETEKEN TO ELIPAS TON AMALEK UTOI UIOI ADAS GUNAIKOS ESAU	ud_ancient_greek_ptnk	4th-5th c. CE (Codex Alexandrinus)	religious	translit_map
ud_ancient_greek_ptnk_Septuagint-Genesis-36:13-grc	οὗτοι δὲ υἱοὶ Ῥαγουήλ· Ναχόθ, Ζαρέ, Σομέ, καὶ Μοζέ· οὗτοι ἦσαν υἱοὶ Βασεμμὰθ γυναικὸς Ἡσαῦ.	uːtoi̯ de yi̯oi̯ raɡuːɛːl nakʰotʰ zdare some kai̯ mozde uːtoi̯ ɛːsan yi̯oi̯ basemmatʰ ɡynai̯kos ɛːsau̯	UTOI DE UIOI RAGUEL NAKOT SDARE SOME KAI MOSDE UTOI ESAN UIOI BASEMMAT GUNAIKOS ESAU	ud_ancient_greek_ptnk	4th-5th c. CE (Codex Alexandrinus)	religious	translit_map
ud_ancient_greek_ptnk_Septuagint-Genesis-36:14-grc	οὗτοι δὲ ἦσαν υἱοὶ Ἐλιβέμας θυγατρὸς Ἀνὰ τοῦ υἱοῦ Σεβεγών, γυναικὸς Ἡσαῦ· ἔτεκεν δὲ τῷ Ἡσαῦ τὸν Ἰεοὺς καὶ τὸν Ἰεγλὸμ καὶ τὸν Κορέ.—	uːtoi̯ de ɛːsan yi̯oi̯ elibemas tʰyɡatros ana tuː yi̯uː sebeɡɔːn ɡynai̯kos ɛːsau̯ eteken de tɔː ɛːsau̯ ton ieuːs kai̯ ton ieɡlom kai̯ ton kore	UTOI DE ESAN UIOI ELIBEMAS TUGATROS ANA TU UIU SEBEGON GUNAIKOS ESAU ETEKEN DE TO ESAU TON IEUS KAI TON IEGLOM KAI TON KORE	ud_ancient_greek_ptnk	4th-5th c. CE (Codex Alexandrinus)	religious	translit_map
ud_ancient_greek_ptnk_Septuagint-Genesis-36:15-16-grc	οὗτοι ἡγεμόνες υἱοὶ Ἡσαῦ· υἱοὶ Ἑλιφὰς πρωτοτόκου Ἡσαῦ· ἡγεμὼν Θαιμάν, ἡγεμὼν Ὠμάρ, ἡγεμὼν Σωφάρ, ἡγεμὼν Κενέζ, ἡγεμὼν Κορέ, ἡγεμὼν Γοθόμ, ἡγεμὼν Ἀμαλήκ, οὗτοι ἡγεμόνες Ἑλιφὰς ἐν γῇ Ἰδουμαίᾳ· οὗτοι υἱοὶ Ἀδάς.	uːtoi̯ ɛːɡemones yi̯oi̯ ɛːsau̯ yi̯oi̯ elipʰas prɔːtotokuː ɛːsau̯ ɛːɡemɔːn tʰai̯man ɛːɡemɔːn ɔːmar ɛːɡemɔːn sɔːpʰar ɛːɡemɔːn kenezd ɛːɡemɔːn kore ɛːɡemɔːn ɡotʰom ɛːɡemɔːn amalɛːk uːtoi̯ ɛːɡemones elipʰas en ɡɛː iduːmai̯a uːtoi̯ yi̯oi̯ adas	UTOI EGEMONES UIOI ESAU UIOI ELIPAS PROTOTOKU ESAU EGEMON TAIMAN EGEMON OMAR EGEMON SOPAR EGEMON KENESD EGEMON KORE EGEMON GOTOM EGEMON AMALEK UTOI EGEMONES ELIPAS EN GE IDUMAIA UTOI UIOI ADAS	ud_ancient_greek_ptnk	4th-5th c. CE (Codex Alexandrinus)	religious	translit_map
ud_ancient_greek_ptnk_Septuagint-Genesis-36:17-grc	καὶ οὗτοι υἱοὶ Ῥαγουὴλ υἱοῦ Ἡσαῦ· ἡγεμὼν Ναχόθ, ἡγεμὼν Ζαρέ, ἡγεμὼν Σομέ, ἡγεμὼν Μοζέ· οὗτοι ἡγεμόνες Ῥαγουὴλ ἐν γῇ Ἐδώμ· οὗτοι υἱοὶ Βασεμμὰθ γυναικὸς Ἡσαῦ.	kai̯ uːtoi̯ yi̯oi̯ raɡuːɛːl yi̯uː ɛːsau̯ ɛːɡemɔːn nakʰotʰ ɛːɡemɔːn zdare ɛːɡemɔːn some ɛːɡemɔːn mozde uːtoi̯ ɛːɡemones raɡuːɛːl en ɡɛː edɔːm uːtoi̯ yi̯oi̯ basemmatʰ ɡynai̯kos ɛːsau̯	KAI UTOI UIOI RAGUEL UIU ESAU EGEMON NAKOT EGEMON SDARE EGEMON SOME EGEMON MOSDE UTOI EGEMONES RAGUEL EN GE EDOM UTOI UIOI BASEMMAT GUNAIKOS ESAU	ud_ancient_greek_ptnk	4th-5th c. CE (Codex Alexandrinus)	religious	translit_map
ud_ancient_greek_ptnk_Septuagint-Genesis-36:18-grc	οὗτοι δὲ υἱοὶ Ἐλιβέμας γυναικὸς Ἡσαῦ· ἡγεμὼν Ἰεούς, ἡγεμὼν Ἰεγλόμ, ἡγεμὼν Κορέ· οὗτοι ἡγεμόνες Ἐλιβέμας.	uːtoi̯ de yi̯oi̯ elibemas ɡynai̯kos ɛːsau̯ ɛːɡemɔːn ieuːs ɛːɡemɔːn ieɡlom ɛːɡemɔːn kore uːtoi̯ ɛːɡemones elibemas	UTOI DE UIOI ELIBEMAS GUNAIKOS ESAU EGEMON IEUS EGEMON IEGLOM EGEMON KORE UTOI EGEMONES ELIBEMAS	ud_ancient_greek_ptnk	4th-5th c. CE (Codex Alexandrinus)	religious	translit_map
ud_ancient_greek_ptnk_Septuagint-Genesis-36:19-grc	οὗτοι υἱοὶ Ἡσαῦ, καὶ οὗτοι ἡγεμόνες αὐτῶν. οὗτοί εἰσιν υἱοὶ Ἐδώμ.	uːtoi̯ yi̯oi̯ ɛːsau̯ kai̯ uːtoi̯ ɛːɡemones au̯tɔːn uːtoi̯ eːsin yi̯oi̯ edɔːm	UTOI UIOI ESAU KAI UTOI EGEMONES AUTON UTOI ESIN UIOI EDOM	ud_ancient_greek_ptnk	4th-5th c. CE (Codex Alexandrinus)	religious	translit_map
ud_ancient_greek_ptnk_Septuagint-Genesis-36:20-grc	Οὗτοι δὲ υἱοὶ Σηὶρ τοῦ Χορραίου τοῦ κατοικοῦντος τὴν γῆν· Λωτάν, Σωβάλ, Σεβεγών, Ἀνὰ	uːtoi̯ de yi̯oi̯ sɛːi̯r tuː kʰorrai̯uː tuː katoi̯kuːntos tɛːn ɡɛːn lɔːtan sɔːbal sebeɡɔːn ana	UTOI DE UIOI SEIR TU KORRAIU TU KATOIKUNTOS TEN GEN LOTAN SOBAL SEBEGON ANA	ud_ancient_greek_ptnk	4th-5th c. CE (Codex Alexandrinus)	religious	translit_map
ud_ancient_greek_ptnk_Septuagint-Genesis-36:21-grc	καὶ Δησὼν καὶ Ἀσὰρ καὶ Ῥισών· οὗτοι ἡγεμόνες τοῦ Χορραίου τοῦ υἱοῦ Σηὶρ ἐν τῇ γῇ Ἐδώμ.	kai̯ dɛːsɔːn kai̯ asar kai̯ risɔːn uːtoi̯ ɛːɡemones tuː kʰorrai̯uː tuː yi̯uː sɛːi̯r en tɛː ɡɛː edɔːm	KAI DESON KAI ASAR KAI RISON UTOI EGEMONES TU KORRAIU TU UIU SEIR EN TE GE EDOM	ud_ancient_greek_ptnk	4th-5th c. CE (Codex Alexandrinus)	religious	translit_map
ud_ancient_greek_ptnk_Septuagint-Genesis-36:22-grc	ἐγένοντο δὲ υἱοὶ Λωτάν· Χορρὶ καὶ Αἱμάν· ἀδελφὴ δὲ Λωτὰν Θαμνά.	eɡenonto de yi̯oi̯ lɔːtan kʰorri kai̯ ai̯man adelpʰɛː de lɔːtan tʰamna	EGENONTO DE UIOI LOTAN KORRI KAI AIMAN ADELPE DE LOTAN TAMNA	ud_ancient_greek_ptnk	4th-5th c. CE (Codex Alexandrinus)	religious	translit_map
ud_ancient_greek_ptnk_Septuagint-Genesis-36:23-grc	οὗτοι δὲ υἱοὶ Σωβάλ· Γωλὼν καὶ Μαναχὰθ καὶ Γαιβήλ, Σῶφ καὶ Ὠμάν.	uːtoi̯ de yi̯oi̯ sɔːbal ɡɔːlɔːn kai̯ manakʰatʰ kai̯ ɡai̯bɛːl sɔːpʰ kai̯ ɔːman	UTOI DE UIOI SOBAL GOLON KAI MANAKAT KAI GAIBEL SOP KAI OMAN	ud_ancient_greek_ptnk	4th-5th c. CE (Codex Alexandrinus)	religious	translit_map
ud_ancient_greek_ptnk_Septuagint-Genesis-36:24-grc	καὶ οὗτοι υἱοὶ Σεβεγών· Ἀϊέ, καὶ Ὠνάν· οὗτός ἐστιν ὁ Ὠνάς, ὃς εὗρεν τὸν Ἰαμὶν ἐν τῇ ἐρήμῳ, ὅτε ἔνεμεν τὰ ὑποζύγια Σεβεγὼν τοῦ πατρὸς αὐτοῦ.	kai̯ uːtoi̯ yi̯oi̯ sebeɡɔːn ai̯e kai̯ ɔːnan uːtos estin o ɔːnas os eu̯ren ton iamin en tɛː erɛːmɔː ote enemen ta ypozdyɡia sebeɡɔːn tuː patros au̯tuː	KAI UTOI UIOI SEBEGON AIE KAI ONAN UTOS ESTIN O ONAS OS EUREN TON IAMIN EN TE EREMO OTE ENEMEN TA UPOSDUGIA SEBEGON TU PATROS AUTU	ud_ancient_greek_ptnk	4th-5th c. CE (Codex Alexandrinus)	religious	translit_map
ud_ancient_greek_ptnk_Septuagint-Genesis-36:25-grc	οὗτοι δὲ υἱοὶ Ἀνά· Δησών· καὶ Ἐλιβέμα θυγάτηρ Ἀνά.	uːtoi̯ de yi̯oi̯ ana dɛːsɔːn kai̯ elibema tʰyɡatɛːr ana	UTOI DE UIOI ANA DESON KAI ELIBEMA TUGATER ANA	ud_ancient_greek_ptnk	4th-5th c. CE (Codex Alexandrinus)	religious	translit_map
ud_ancient_greek_ptnk_Septuagint-Genesis-36:26-grc	οὗτοι δὲ υἱοὶ Δησών· Ἀμαδὰ καὶ Ἀσβὰν καὶ Ἰεθρὰν καὶ Χαρράν.	uːtoi̯ de yi̯oi̯ dɛːsɔːn amada kai̯ asban kai̯ ietʰran kai̯ kʰarran	UTOI DE UIOI DESON AMADA KAI ASBAN KAI IETRAN KAI KARRAN	ud_ancient_greek_ptnk	4th-5th c. CE (Codex Alexandrinus)	religious	translit_map
ud_ancient_greek_ptnk_Septuagint-Genesis-36:27-grc	οὗτοι δὲ υἱοὶ Ἀσάρ· Βαλαὰν καὶ Ζουκὰμ καὶ Ἰωυκὰμ καὶ Οὐκάν.	uːtoi̯ de yi̯oi̯ asar balaan kai̯ zduːkam kai̯ iɔːykam kai̯ uːkan	UTOI DE UIOI ASAR BALAAN KAI SDUKAM KAI IOUKAM KAI UKAN	ud_ancient_greek_ptnk	4th-5th c. CE (Codex Alexandrinus)	religious	translit_map
ud_ancient_greek_ptnk_Septuagint-Genesis-36:28-grc	οὗτοι δὲ υἱοὶ Ῥισών· Ὢς καὶ Ἀράμ.	uːtoi̯ de yi̯oi̯ risɔːn ɔːs kai̯ aram	UTOI DE UIOI RISON OS KAI ARAM	ud_ancient_greek_ptnk	4th-5th c. CE (Codex Alexandrinus)	religious	translit_map
ud_ancient_greek_ptnk_Septuagint-Genesis-36:29-30-grc	οὗτοι ἡγεμόνες Χορρί· ἡγεμὼν Λωτάν, ἡγεμὼν Σωβάλ, ἡγεμὼν Σεβεγών, ἡγεμὼν Ἀνά, ἡγεμὼν Δησών, ἡγεμὼν Ἀσάρ, ἡγεμὼν Ῥισών. οὗτοι ἡγεμόνες Χορρὶ ἐν ταῖς ἡγεμονίαις αὐτῶν ἐν γῇ Ἐδώμ.	uːtoi̯ ɛːɡemones kʰorri ɛːɡemɔːn lɔːtan ɛːɡemɔːn sɔːbal ɛːɡemɔːn sebeɡɔːn ɛːɡemɔːn ana ɛːɡemɔːn dɛːsɔːn ɛːɡemɔːn asar ɛːɡemɔːn risɔːn uːtoi̯ ɛːɡemones kʰorri en tai̯s ɛːɡemoniai̯s au̯tɔːn en ɡɛː edɔːm	UTOI EGEMONES KORRI EGEMON LOTAN EGEMON SOBAL EGEMON SEBEGON EGEMON ANA EGEMON DESON EGEMON ASAR EGEMON RISON UTOI EGEMONES KORRI EN TAIS EGEMONIAIS AUTON EN GE EDOM	ud_ancient_greek_ptnk	4th-5th c. CE (Codex Alexandrinus)	religious	translit_map
ud_ancient_greek_ptnk_Septuagint-Genesis-36:31-grc	Καὶ οὗτοι οἱ βασιλεῖς οἱ βασιλεύσαντες ἐν Ἐδὼμ πρὸ τοῦ βασιλεῦσαι βασιλέα ἐν Ἰσραήλ.	kai̯ uːtoi̯ oi̯ basileːs oi̯ basileu̯santes en edɔːm pro tuː basileu̯sai̯ basilea en israɛːl	KAI UTOI OI BASILES OI BASILEUSANTES EN EDOM PRO TU BASILEUSAI BASILEA EN ISRAEL	ud_ancient_greek_ptnk	4th-5th c. CE (Codex Alexandrinus)	religious	translit_map
ud_ancient_greek_ptnk_Septuagint-Genesis-36:32-grc	καὶ ἐβασίλευσεν ἐν Ἐδὼμ Βαλὰκ υἱὸς τοῦ Βεώρ, καὶ ὄνομα τῇ πόλει αὐτοῦ Δενναβά.	kai̯ ebasileu̯sen en edɔːm balak yi̯os tuː beɔːr kai̯ onoma tɛː poleː au̯tuː dennaba	KAI EBASILEUSEN EN EDOM BALAK UIOS TU BEOR KAI ONOMA TE POLE AUTU DENNABA	ud_ancient_greek_ptnk	4th-5th c. CE (Codex Alexandrinus)	religious	translit_map
ud_ancient_greek_ptnk_Septuagint-Genesis-36:33-grc	ἀπέθανεν δὲ Βαλάκ, καὶ ἐβασίλευσεν ἀντ᾿ αὐτοῦ Ἰωβὰβ υἱὸς Ζάρα ἐκ Βοσόρρας.	apetʰanen de balak kai̯ ebasileu̯sen ant au̯tuː iɔːbab yi̯os zdara ek bosorras	APETANEN DE BALAK KAI EBASILEUSEN ANT AUTU IOBAB UIOS SDARA EK BOSORRAS	ud_ancient_greek_ptnk	4th-5th c. CE (Codex Alexandrinus)	religious	translit_map
ud_ancient_greek_ptnk_Septuagint-Genesis-36:34-grc	ἀπέθανεν δὲ Ἰωβάβ, καὶ ἐβασίλευσεν ἀντ᾿ αὐτοῦ Ἀσὸμ ἐκ τῆς γῆς Θαιμανών.	apetʰanen de iɔːbab kai̯ ebasileu̯sen ant au̯tuː asom ek tɛːs ɡɛːs tʰai̯manɔːn	APETANEN DE IOBAB KAI EBASILEUSEN ANT AUTU ASOM EK TES GES TAIMANON	ud_ancient_greek_ptnk	4th-5th c. CE (Codex Alexandrinus)	religious	translit_map
ud_ancient_greek_ptnk_Septuagint-Genesis-36:35-grc	ἀπέθανεν δὲ Ἀσόμ, καὶ ἐβασίλευσεν ἀντ᾿ αὐτοῦ Ἀδὰδ υἱὸς Βαρὰδ ὁ ἐκκόψας Μαδιὰμ ἐν τῷ πεδίῳ Μωάβ, καὶ ὄνομα τῇ πόλει αὐτοῦ Γεθθαίμ.	apetʰanen de asom kai̯ ebasileu̯sen ant au̯tuː adad yi̯os barad o ekkopsas madiam en tɔː pediɔː mɔːab kai̯ onoma tɛː poleː au̯tuː ɡetʰtʰai̯m	APETANEN DE ASOM KAI EBASILEUSEN ANT AUTU ADAD UIOS BARAD O EKKOPSAS MADIAM EN TO PEDIO MOAB KAI ONOMA TE POLE AUTU GETTAIM	ud_ancient_greek_ptnk	4th-5th c. CE (Codex Alexandrinus)	religious	translit_map
ud_ancient_greek_ptnk_Septuagint-Genesis-36:36-grc	ἀπέθανεν δὲ Ἀδάδ, καὶ ἐβασίλευσεν ἀντ᾿ αὐτοῦ Σαμαλὰ ἐκ Μασέκκας.	apetʰanen de adad kai̯ ebasileu̯sen ant au̯tuː samala ek masekkas	APETANEN DE ADAD KAI EBASILEUSEN ANT AUTU SAMALA EK MASEKKAS	ud_ancient_greek_ptnk	4th-5th c. CE (Codex Alexandrinus)	religious	translit_map
ud_ancient_greek_ptnk_Septuagint-Genesis-36:37-grc	ἀπέθανεν δὲ Σαμαλά, καὶ ἐβασίλευσεν ἀντ᾿ αὐτοῦ Σαοὺλ ἐκ Ῥοωβὼθ τῆς παρὰ ποταμόν.	apetʰanen de samala kai̯ ebasileu̯sen ant au̯tuː sauːl ek roɔːbɔːtʰ tɛːs para potamon	APETANEN DE SAMALA KAI EBASILEUSEN ANT AUTU SAUL EK ROOBOT TES PARA POTAMON	ud_ancient_greek_ptnk	4th-5th c. CE (Codex Alexandrinus)	religious	translit_map
ud_ancient_greek_ptnk_Septuagint-Genesis-36:38-grc	ἀπέθανεν δὲ Σαούλ, καὶ ἐβασίλευσεν ἀντ᾿ αὐτοῦ Βαλαεννὼν υἱὸς Ἀχοβώρ.	apetʰanen de sauːl kai̯ ebasileu̯sen ant au̯tuː balaennɔːn yi̯os akʰobɔːr	APETANEN DE SAUL KAI EBASILEUSEN ANT AUTU BALAENNON UIOS AKOBOR	ud_ancient_greek_ptnk	4th-5th c. CE (Codex Alexandrinus)	religious	translit_map
ud_ancient_greek_ptnk_Septuagint-Genesis-36:39-grc	ἀπέθανεν δὲ Βαλαεννὼν υἱὸς Ἀχοβώρ, καὶ ἐβασίλευσεν ἀντ᾿ αὐτοῦ Ἀρὰδ υἱὸς Βαράδ, καὶ ὄνομα τῇ πόλει αὐτοῦ Φογώρ, ὄνομα δὲ τῇ γυναικὶ αὐτοῦ Μαιτεβεὴλ θυγάτηρ Ματραὶθ υἱοῦ Μαιζοόβ.	apetʰanen de balaennɔːn yi̯os akʰobɔːr kai̯ ebasileu̯sen ant au̯tuː arad yi̯os barad kai̯ onoma tɛː poleː au̯tuː pʰoɡɔːr onoma de tɛː ɡynai̯ki au̯tuː mai̯tebeɛːl tʰyɡatɛːr matrai̯tʰ yi̯uː mai̯zdoob	APETANEN DE BALAENNON UIOS AKOBOR KAI EBASILEUSEN ANT AUTU ARAD UIOS BARAD KAI ONOMA TE POLE AUTU POGOR ONOMA DE TE GUNAIKI AUTU MAITEBEEL TUGATER MATRAIT UIU MAISDOOB	ud_ancient_greek_ptnk	4th-5th c. CE (Codex Alexandrinus)	religious	translit_map
ud_ancient_greek_ptnk_Septuagint-Genesis-36:40-43-grc	Ταῦτα τὰ ὀνόματα τῶν ἡγεμόνων Ἡσαῦ ἐν ταῖς φυλαῖς αὐτῶν κατὰ τόπον αὐτῶν, ἐν ταῖς χώραις αὐτῶν καὶ ἐν τοῖς ἔθνεσιν αὐτῶν· ἡγεμὼν Θαμνά, ἡγεμὼν Γωλά, ἡγεμὼν Ἰεθὲρ ἡγεμὼν Ἐλιβέμας ἡγεμὼν Ἡλὰς ἡγεμὼν Φινών, ἡγεμὼν Κενέζ, ἡγεμὼν Θαιμάν, ἡγεμὼν Μαζάρ, ἡγεμὼν Μεγεδιήλ, ἡγεμὼν Ζαφωίμ. οὗτοι ἡγεμόνες Ἐδὼμ ἐν ταῖς κατῳκοδομημέναις ἐν τῇ γῇ τῆς κτήσεως αὐτῶν. Οὗτος Ἡσαῦ πατὴρ Ἐδώμ.	tau̯ta ta onomata tɔːn ɛːɡemonɔːn ɛːsau̯ en tai̯s pʰylai̯s au̯tɔːn kata topon au̯tɔːn en tai̯s kʰɔːrai̯s au̯tɔːn kai̯ en toi̯s etʰnesin au̯tɔːn ɛːɡemɔːn tʰamna ɛːɡemɔːn ɡɔːla ɛːɡemɔːn ietʰer ɛːɡemɔːn elibemas ɛːɡemɔːn ɛːlas ɛːɡemɔːn pʰinɔːn ɛːɡemɔːn kenezd ɛːɡemɔːn tʰai̯man ɛːɡemɔːn mazdar ɛːɡemɔːn meɡediɛːl ɛːɡemɔːn zdapʰɔːi̯m uːtoi̯ ɛːɡemones edɔːm en tai̯s katɔːkodomɛːmenai̯s en tɛː ɡɛː tɛːs ktɛːseɔːs au̯tɔːn uːtos ɛːsau̯ patɛːr edɔːm	TAUTA TA ONOMATA TON EGEMONON ESAU EN TAIS PULAIS AUTON KATA TOPON AUTON EN TAIS KORAIS AUTON KAI EN TOIS ETNESIN AUTON EGEMON TAMNA EGEMON GOLA EGEMON IETER EGEMON ELIBEMAS EGEMON ELAS EGEMON PINON EGEMON KENESD EGEMON TAIMAN EGEMON MASDAR EGEMON MEGEDIEL EGEMON SDAPOIM UTOI EGEMONES EDOM EN TAIS KATOKODOMEMENAIS EN TE GE TES KTESEOS AUTON UTOS ESAU PATER EDOM	ud_ancient_greek_ptnk	4th-5th c. CE (Codex Alexandrinus)	religious	translit_map
ud_ancient_greek_ptnk_Septuagint-Genesis-37:1-grc	κατῴκει δὲ Ἰακὼβ ἐν τῇ γῇ, οὗ παρῴκησεν ὁ πατὴρ αὐτοῦ, ἐν γῇ Χαναάν.	katɔːkeː de iakɔːb en tɛː ɡɛː uː parɔːkɛːsen o patɛːr au̯tuː en ɡɛː kʰanaan	KATOKE DE IAKOB EN TE GE U PAROKESEN O PATER AUTU EN GE KANAAN	ud_ancient_greek_ptnk	4th-5th c. CE (Codex Alexandrinus)	religious	translit_map
ud_ancient_greek_ptnk_Septuagint-Genesis-37:2-grc	αὗται δὲ αἱ γενέσεις Ἰακώβ· Ἰωσήφ δέκα ἑπτὰ ἐτῶν ἦν ποιμαίνων μετὰ τῶν ἀδελφῶν αὐτοῦ τὰ πρόβατα ὢν νέος, μετὰ τῶν υἱῶν Βάλλας καὶ μετὰ τῶν υἱῶν Ζέλφας τῶν γυναικῶν τοῦ πατρὸς αὐτοῦ· κατήνεγκεν δὲ Ἰωσήφ ψόγον πονηρὸν πρὸς Ἰσραὴλ τὸν πατέρα αὐτῶν.	au̯tai̯ de ai̯ ɡeneseːs iakɔːb iɔːsɛːpʰ deka epta etɔːn ɛːn poi̯mai̯nɔːn meta tɔːn adelpʰɔːn au̯tuː ta probata ɔːn neos meta tɔːn yi̯ɔːn ballas kai̯ meta tɔːn yi̯ɔːn zdelpʰas tɔːn ɡynai̯kɔːn tuː patros au̯tuː katɛːneŋken de iɔːsɛːpʰ psoɡon ponɛːron pros israɛːl ton patera au̯tɔːn	AUTAI DE AI GENESES IAKOB IOSEP DEKA EPTA ETON EN POIMAINON META TON ADELPON AUTU TA PROBATA ON NEOS META TON UION BALLAS KAI META TON UION SDELPAS TON GUNAIKON TU PATROS AUTU KATENENKEN DE IOSEP PSOGON PONERON PROS ISRAEL TON PATERA AUTON	ud_ancient_greek_ptnk	4th-5th c. CE (Codex Alexandrinus)	religious	translit_map
ud_ancient_greek_ptnk_Septuagint-Genesis-37:3-grc	Ἰακὼβ δὲ ἠγάπα τὸν Ἰωσὴφ παρὰ πάντας τοὺς υἱοὺς αὐτοῦ, ὅτι υἱὸς γήρους ἦν αὐτῷ· ἐποίησεν δὲ αὐτῷ χιτῶνα ποικίλον.	iakɔːb de ɛːɡapa ton iɔːsɛːpʰ para pantas tuːs yi̯uːs au̯tuː oti yi̯os ɡɛːruːs ɛːn au̯tɔː epoi̯ɛːsen de au̯tɔː kʰitɔːna poi̯kilon	IAKOB DE EGAPA TON IOSEP PARA PANTAS TUS UIUS AUTU OTI UIOS GERUS EN AUTO EPOIESEN DE AUTO KITONA POIKILON	ud_ancient_greek_ptnk	4th-5th c. CE (Codex Alexandrinus)	religious	translit_map
ud_ancient_greek_ptnk_Septuagint-Genesis-37:4-grc	ἰδόντες δὲ οἱ ἀδελφοὶ αὐτοῦ ὅτι αὐτὸν ὁ πατὴρ φιλεῖ ἐκ πάντων τῶν υἱῶν αὐτοῦ, ἐμίσησαν αὐτὸν καὶ οὐκ ἐδύναντο λαλεῖν αὐτῷ οὐδὲν εἰρηνικόν.	idontes de oi̯ adelpʰoi̯ au̯tuː oti au̯ton o patɛːr pʰileː ek pantɔːn tɔːn yi̯ɔːn au̯tuː emisɛːsan au̯ton kai̯ uːk edynanto laleːn au̯tɔː uːden eːrɛːnikon	IDONTES DE OI ADELPOI AUTU OTI AUTON O PATER PILE EK PANTON TON UION AUTU EMISESAN AUTON KAI UK EDUNANTO LALEN AUTO UDEN ERENIKON	ud_ancient_greek_ptnk	4th-5th c. CE (Codex Alexandrinus)	religious	translit_map
ud_ancient_greek_ptnk_Septuagint-Genesis-37:5-grc	Ἐνυπνιασθεὶς δὲ Ἰωσήφ ἐνύπνιον ἀπήγγειλεν αὐτὸ τοῖς ἀδελφοῖς αὐτοῦ	enypniastʰeːs de iɔːsɛːpʰ enypnion apɛːŋɡeːlen au̯to toi̯s adelpʰoi̯s au̯tuː	ENUPNIASTES DE IOSEP ENUPNION APENGELEN AUTO TOIS ADELPOIS AUTU	ud_ancient_greek_ptnk	4th-5th c. CE (Codex Alexandrinus)	religious	translit_map
ud_ancient_greek_ptnk_Septuagint-Genesis-37:6-grc	καὶ εἶπεν αὐτοῖς, Ἀκούσατε τοῦ ἐνυπνίου τούτου, οὗ ἐνυπνιάσθην·	kai̯ eːpen au̯toi̯s akuːsate tuː enypniuː tuːtuː uː enypniastʰɛːn	KAI EPEN AUTOIS AKUSATE TU ENUPNIU TUTU U ENUPNIASTEN	ud_ancient_greek_ptnk	4th-5th c. CE (Codex Alexandrinus)	religious	translit_map
ud_ancient_greek_ptnk_Septuagint-Genesis-37:7-grc	ᾤμην ἡμᾶς δεσμεύειν δράγματα ἐν μέσῳ τῷ πεδίῳ, καὶ ἀνέστη τὸ ἐμὸν δράγμα καὶ ὠρθώθη, περιστραφέντα δὲ τὰ δράγματα ὑμῶν προσεκύνησαν τὸ ἐμὸν δράγμα.	ɔːmɛːn ɛːmas desmeu̯eːn draɡmata en mesɔː tɔː pediɔː kai̯ anestɛː to emon draɡma kai̯ ɔːrtʰɔːtʰɛː peristrapʰenta de ta draɡmata ymɔːn prosekynɛːsan to emon draɡma	OMEN EMAS DESMEUEN DRAGMATA EN MESO TO PEDIO KAI ANESTE TO EMON DRAGMA KAI ORTOTE PERISTRAPENTA DE TA DRAGMATA UMON PROSEKUNESAN TO EMON DRAGMA	ud_ancient_greek_ptnk	4th-5th c. CE (Codex Alexandrinus)	religious	translit_map
ud_ancient_greek_ptnk_Septuagint-Genesis-37:8-grc	εἶπαν δὲ αὐτῷ οἱ ἀδελφοί, Μὴ βασιλεύων βασιλεύσεις ἐφ᾿ ἡμᾶς; ἢ κυριεύων κυριεύσεις ἡμῶν καὶ προσέθεντο ἔτι μισεῖν αὐτὸν ἕνεκεν τῶν ἐνυπνίων αὐτοῦ καὶ ἕνεκεν τῶν ῥημάτων αὐτοῦ.	eːpan de au̯tɔː oi̯ adelpʰoi̯ mɛː basileu̯ɔːn basileu̯seːs epʰ ɛːmas ɛː kyrieu̯ɔːn kyrieu̯seːs ɛːmɔːn kai̯ prosetʰento eti miseːn au̯ton eneken tɔːn enypniɔːn au̯tuː kai̯ eneken tɔːn rɛːmatɔːn au̯tuː	EPAN DE AUTO OI ADELPOI ME BASILEUON BASILEUSES EP EMAS E KURIEUON KURIEUSES EMON KAI PROSETENTO ETI MISEN AUTON ENEKEN TON ENUPNION AUTU KAI ENEKEN TON REMATON AUTU	ud_ancient_greek_ptnk	4th-5th c. CE (Codex Alexandrinus)	religious	translit_map
ud_ancient_greek_ptnk_Septuagint-Genesis-37:9-grc	εἶδεν δὲ ἐνύπνιον ἕτερον καὶ διηγήσατο αὐτὸ τῷ πατρὶ αὐτοῦ καὶ τοῖς ἀδελφοῖς αὐτοῦ καὶ εἶπεν, Ἰδοὺ ἐνυπνιασάμην ἐνύπνιον ἕτερον, ὥσπερ ὁ ἥλιος καὶ ἡ σελήνη καὶ ἕνδεκα ἀστέρες προσεκύνουν με.	eːden de enypnion eteron kai̯ diɛːɡɛːsato au̯to tɔː patri au̯tuː kai̯ toi̯s adelpʰoi̯s au̯tuː kai̯ eːpen iduː enypniasamɛːn enypnion eteron ɔːsper o ɛːlios kai̯ ɛː selɛːnɛː kai̯ endeka asteres prosekynuːn me	EDEN DE ENUPNION ETERON KAI DIEGESATO AUTO TO PATRI AUTU KAI TOIS ADELPOIS AUTU KAI EPEN IDU ENUPNIASAMEN ENUPNION ETERON OSPER O ELIOS KAI E SELENE KAI ENDEKA ASTERES PROSEKUNUN ME	ud_ancient_greek_ptnk	4th-5th c. CE (Codex Alexandrinus)	religious	translit_map
ud_ancient_greek_ptnk_Septuagint-Genesis-37:10-grc	καὶ ἐπετίμησεν αὐτῷ ὁ πατὴρ αὐτοῦ καὶ εἶπεν αὐτῷ, Τί τὸ ἐνύπνιον τοῦτο, ὃ ἐνυπνιάσθης; ἆρά γε ἐλθόντες ἐλευσόμεθα ἐγώ τε καὶ ἡ μήτηρ σου καὶ οἱ ἀδελφοί σου προσκυνῆσαί σοί ἐπὶ τὴν γῆν;	kai̯ epetimɛːsen au̯tɔː o patɛːr au̯tuː kai̯ eːpen au̯tɔː ti to enypnion tuːto o enypniastʰɛːs ara ɡe eltʰontes eleu̯sometʰa eɡɔː te kai̯ ɛː mɛːtɛːr suː kai̯ oi̯ adelpʰoi̯ suː proskynɛːsai̯ soi̯ epi tɛːn ɡɛːn	KAI EPETIMESEN AUTO O PATER AUTU KAI EPEN AUTO TI TO ENUPNION TUTO O ENUPNIASTES ARA GE ELTONTES ELEUSOMETA EGO TE KAI E METER SU KAI OI ADELPOI SU PROSKUNESAI SOI EPI TEN GEN	ud_ancient_greek_ptnk	4th-5th c. CE (Codex Alexandrinus)	religious	translit_map
ud_ancient_greek_ptnk_Septuagint-Genesis-37:11-grc	ἐζήλωσαν δὲ αὐτὸν οἱ ἀδελφοὶ αὐτοῦ, ὁ δὲ πατὴρ αὐτοῦ διετήρησεν τὸ ῥῆμα.	ezdɛːlɔːsan de au̯ton oi̯ adelpʰoi̯ au̯tuː o de patɛːr au̯tuː dietɛːrɛːsen to rɛːma	ESDELOSAN DE AUTON OI ADELPOI AUTU O DE PATER AUTU DIETERESEN TO REMA	ud_ancient_greek_ptnk	4th-5th c. CE (Codex Alexandrinus)	religious	translit_map
ud_ancient_greek_ptnk_Septuagint-Genesis-37:12-grc	Ἐπορεύθησαν δὲ οἱ ἀδελφοὶ αὐτοῦ βόσκειν τὰ πρόβατα τοῦ πατρὸς αὐτῶν εἰς Συχέμ.	eporeu̯tʰɛːsan de oi̯ adelpʰoi̯ au̯tuː boskeːn ta probata tuː patros au̯tɔːn eːs sykʰem	EPOREUTESAN DE OI ADELPOI AUTU BOSKEN TA PROBATA TU PATROS AUTON ES SUKEM	ud_ancient_greek_ptnk	4th-5th c. CE (Codex Alexandrinus)	religious	translit_map
ud_ancient_greek_ptnk_Septuagint-Genesis-37:13-grc	καὶ εἶπεν Ἰσραὴλ πρὸς Ἰωσήφ, Οὐχ οἱ ἀδελφοί σου ποιμαίνουσιν ἐν Συχέμ; δεῦρο ἀποστείλω σὲ πρὸς αὐτούς. εἶπεν δὲ αὐτῷ, Ἰδοὺ ἐγώ	kai̯ eːpen israɛːl pros iɔːsɛːpʰ uːkʰ oi̯ adelpʰoi̯ suː poi̯mai̯nuːsin en sykʰem deu̯ro aposteːlɔː se pros au̯tuːs eːpen de au̯tɔː iduː eɡɔː	KAI EPEN ISRAEL PROS IOSEP UK OI ADELPOI SU POIMAINUSIN EN SUKEM DEURO APOSTELO SE PROS AUTUS EPEN DE AUTO IDU EGO	ud_ancient_greek_ptnk	4th-5th c. CE (Codex Alexandrinus)	religious	translit_map
ud_ancient_greek_ptnk_Septuagint-Genesis-37:14-grc	εἶπεν δὲ αὐτῷ Ἰσραήλ, Πορευθεὶς ἰδὲ εἰ ὑγιαίνουσιν οἱ ἀδελφοί σου καὶ τὰ πρόβατα καὶ ἀνάγγειλόν μοι. καὶ ἀπέστειλεν αὐτὸν ἐκ τῆς κοιλάδος τῆς Χεβρών, καὶ ἦλθεν εἰς Συχέμ.	eːpen de au̯tɔː israɛːl poreu̯tʰeːs ide eː yɡiai̯nuːsin oi̯ adelpʰoi̯ suː kai̯ ta probata kai̯ anaŋɡeːlon moi̯ kai̯ apesteːlen au̯ton ek tɛːs koi̯lados tɛːs kʰebrɔːn kai̯ ɛːltʰen eːs sykʰem	EPEN DE AUTO ISRAEL POREUTES IDE E UGIAINUSIN OI ADELPOI SU KAI TA PROBATA KAI ANANGELON MOI KAI APESTELEN AUTON EK TES KOILADOS TES KEBRON KAI ELTEN ES SUKEM	ud_ancient_greek_ptnk	4th-5th c. CE (Codex Alexandrinus)	religious	translit_map
ud_ancient_greek_ptnk_Septuagint-Genesis-37:15-grc	καὶ εὗρεν αὐτὸν ἄνθρωπος πλανώμενον ἐν τῷ πεδίῳ· ἠρώτησεν δὲ αὐτὸν ὁ ἄνθρωπος λέγων, Τί ζητεῖς;	kai̯ eu̯ren au̯ton antʰrɔːpos planɔːmenon en tɔː pediɔː ɛːrɔːtɛːsen de au̯ton o antʰrɔːpos leɡɔːn ti zdɛːteːs	KAI EUREN AUTON ANTROPOS PLANOMENON EN TO PEDIO EROTESEN DE AUTON O ANTROPOS LEGON TI SDETES	ud_ancient_greek_ptnk	4th-5th c. CE (Codex Alexandrinus)	religious	translit_map
ud_ancient_greek_ptnk_Septuagint-Genesis-37:16-grc	ὁ δὲ εἶπεν, Τοὺς ἀδελφούς μου ζητῶ· ἀνάγγειλόν μοι, ποῦ βόσκουσιν.	o de eːpen tuːs adelpʰuːs muː zdɛːtɔː anaŋɡeːlon moi̯ puː boskuːsin	O DE EPEN TUS ADELPUS MU SDETO ANANGELON MOI PU BOSKUSIN	ud_ancient_greek_ptnk	4th-5th c. CE (Codex Alexandrinus)	religious	translit_map
ud_ancient_greek_ptnk_Septuagint-Genesis-37:17-grc	εἶπεν δὲ αὐτῷ ὁ ἄνθρωπος, Ἀπήρκασιν ἐντεῦθεν· ἤκουσα γὰρ αὐτῶν λεγόντων, Πορευθῶμεν εἰς Δωθαῒμ καὶ ἐπορεύθη Ἰωσὴφ κατόπισθεν τῶν ἀδελφῶν αὐτοῦ καὶ εὗρεν αὐτοὺς ἐν Δωθαῒμ	eːpen de au̯tɔː o antʰrɔːpos apɛːrkasin enteu̯tʰen ɛːkuːsa ɡar au̯tɔːn leɡontɔːn poreu̯tʰɔːmen eːs dɔːtʰai̯m kai̯ eporeu̯tʰɛː iɔːsɛːpʰ katopistʰen tɔːn adelpʰɔːn au̯tuː kai̯ eu̯ren au̯tuːs en dɔːtʰai̯m	EPEN DE AUTO O ANTROPOS APERKASIN ENTEUTEN EKUSA GAR AUTON LEGONTON POREUTOMEN ES DOTAIM KAI EPOREUTE IOSEP KATOPISTEN TON ADELPON AUTU KAI EUREN AUTUS EN DOTAIM	ud_ancient_greek_ptnk	4th-5th c. CE (Codex Alexandrinus)	religious	translit_map
ud_ancient_greek_ptnk_Septuagint-Genesis-37:18-grc	προεῖδον δὲ αὐτὸν μακρόθεν πρὸ τοῦ ἐγγίσαι αὐτὸν πρὸς αὐτοὺς καὶ ἐπονηρεύοντο τοῦ ἀποκτεῖναι αὐτόν.	proeːdon de au̯ton makrotʰen pro tuː eŋɡisai̯ au̯ton pros au̯tuːs kai̯ eponɛːreu̯onto tuː apokteːnai̯ au̯ton	PROEDON DE AUTON MAKROTEN PRO TU ENGISAI AUTON PROS AUTUS KAI EPONEREUONTO TU APOKTENAI AUTON	ud_ancient_greek_ptnk	4th-5th c. CE (Codex Alexandrinus)	religious	translit_map
ud_ancient_greek_ptnk_Septuagint-Genesis-37:19-grc	εἶπαν δὲ ἕκαστος πρὸς τὸν ἀδελφὸν αὐτοῦ, Ἰδοὺ ὁ ἐνυπνιαστὴς ἐκεῖνος ἔρχεται·	eːpan de ekastos pros ton adelpʰon au̯tuː iduː o enypniastɛːs ekeːnos erkʰetai̯	EPAN DE EKASTOS PROS TON ADELPON AUTU IDU O ENUPNIASTES EKENOS ERKETAI	ud_ancient_greek_ptnk	4th-5th c. CE (Codex Alexandrinus)	religious	translit_map
ud_ancient_greek_ptnk_Septuagint-Genesis-37:20-grc	νῦν οὖν δεῦτε ἀποκτείνωμεν αὐτὸν καὶ ῥίψωμεν αὐτὸν εἰς ἕνα τῶν λάκκων καὶ ἐροῦμεν, Θηρίον πονηρὸν κατέφαγεν αὐτόν· καὶ ὀψόμεθα, τί ἔσται τὰ ἐνύπνια αὐτοῦ.	nyn uːn deu̯te apokteːnɔːmen au̯ton kai̯ ripsɔːmen au̯ton eːs ena tɔːn lakkɔːn kai̯ eruːmen tʰɛːrion ponɛːron katepʰaɡen au̯ton kai̯ opsometʰa ti estai̯ ta enypnia au̯tuː	NUN UN DEUTE APOKTENOMEN AUTON KAI RIPSOMEN AUTON ES ENA TON LAKKON KAI ERUMEN TERION PONERON KATEPAGEN AUTON KAI OPSOMETA TI ESTAI TA ENUPNIA AUTU	ud_ancient_greek_ptnk	4th-5th c. CE (Codex Alexandrinus)	religious	translit_map
ud_ancient_greek_ptnk_Septuagint-Genesis-37:21-grc	ἀκούσας δὲ Ῥουβὴν ἐξείλατο αὐτὸν ἐκ τῶν χειρῶν αὐτῶν καὶ εἶπεν, Οὐ πατάξομεν αὐτὸν εἰς ψυχήν.	akuːsas de ruːbɛːn ekseːlato au̯ton ek tɔːn kʰeːrɔːn au̯tɔːn kai̯ eːpen uː pataksomen au̯ton eːs psykʰɛːn	AKUSAS DE RUBEN EKSELATO AUTON EK TON KERON AUTON KAI EPEN U PATAKSOMEN AUTON ES PSUKEN	ud_ancient_greek_ptnk	4th-5th c. CE (Codex Alexandrinus)	religious	translit_map
ud_ancient_greek_ptnk_Septuagint-Genesis-37:22-grc	εἶπεν δὲ αὐτοῖς Ῥουβήν, Μὴ ἐκχέητε αἷμα· ἐμβάλετε αὐτὸν εἰς τὸν λάκκον τοῦτον τὸν ἐν τῇ ἐρήμῳ, χεῖρα δὲ μὴ ἐπενέγκητε αὐτῷ· ὅπως ἐξέληται αὐτὸν ἐκ τῶν χειρῶν αὐτῶν καὶ ἀποδῷ αὐτὸν τῷ πατρὶ αὐτοῦ.	eːpen de au̯toi̯s ruːbɛːn mɛː ekkʰeɛːte ai̯ma embalete au̯ton eːs ton lakkon tuːton ton en tɛː erɛːmɔː kʰeːra de mɛː epeneŋkɛːte au̯tɔː opɔːs ekselɛːtai̯ au̯ton ek tɔːn kʰeːrɔːn au̯tɔːn kai̯ apodɔː au̯ton tɔː patri au̯tuː	EPEN DE AUTOIS RUBEN ME EKKEETE AIMA EMBALETE AUTON ES TON LAKKON TUTON TON EN TE EREMO KERA DE ME EPENENKETE AUTO OPOS EKSELETAI AUTON EK TON KERON AUTON KAI APODO AUTON TO PATRI AUTU	ud_ancient_greek_ptnk	4th-5th c. CE (Codex Alexandrinus)	religious	translit_map
ud_ancient_greek_ptnk_Septuagint-Genesis-37:23-grc	ἐγένετο δὲ ἡνίκα ἦλθεν Ἰωσὴφ πρὸς τοὺς ἀδελφοὺς αὐτοῦ, ἐξέδυσαν τὸν Ἰωσὴφ τὸν χιτῶνα τὸν ποικίλον τὸν περὶ αὐτὸν	eɡeneto de ɛːnika ɛːltʰen iɔːsɛːpʰ pros tuːs adelpʰuːs au̯tuː eksedysan ton iɔːsɛːpʰ ton kʰitɔːna ton poi̯kilon ton peri au̯ton	EGENETO DE ENIKA ELTEN IOSEP PROS TUS ADELPUS AUTU EKSEDUSAN TON IOSEP TON KITONA TON POIKILON TON PERI AUTON	ud_ancient_greek_ptnk	4th-5th c. CE (Codex Alexandrinus)	religious	translit_map
ud_ancient_greek_ptnk_Septuagint-Genesis-37:24-grc	καὶ λαβόντες αὐτὸν ἔρριψαν εἰς τὸν λάκκον· ὁ δὲ λάκκος κενός, ὕδωρ οὐκ εἶχεν.	kai̯ labontes au̯ton erripsan eːs ton lakkon o de lakkos kenos ydɔːr uːk eːkʰen	KAI LABONTES AUTON ERRIPSAN ES TON LAKKON O DE LAKKOS KENOS UDOR UK EKEN	ud_ancient_greek_ptnk	4th-5th c. CE (Codex Alexandrinus)	religious	translit_map
ud_ancient_greek_ptnk_Septuagint-Genesis-37:25-grc	Ἐκάθισαν δὲ φαγεῖν ἄρτον καὶ ἀναβλέψαντες τοῖς ὀφθαλμοῖς εἶδον, καὶ ἰδοὺ ὁδοιπόροι Ἰσμαηλῖται ἤρχοντο ἐκ Γαλαάδ, καὶ αἱ κάμηλοι αὐτῶν ἔγεμον θυμιαμάτων καὶ ῥητίνης καὶ στακτῆς· ἐπορεύοντο δὲ καταγαγεῖν εἰς Αἴγυπτον.	ekatʰisan de pʰaɡeːn arton kai̯ anablepsantes toi̯s opʰtʰalmoi̯s eːdon kai̯ iduː odoi̯poroi̯ ismaɛːlitai̯ ɛːrkʰonto ek ɡalaad kai̯ ai̯ kamɛːloi̯ au̯tɔːn eɡemon tʰymiamatɔːn kai̯ rɛːtinɛːs kai̯ staktɛːs eporeu̯onto de kataɡaɡeːn eːs ai̯ɡypton	EKATISAN DE PAGEN ARTON KAI ANABLEPSANTES TOIS OPTALMOIS EDON KAI IDU ODOIPOROI ISMAELITAI ERKONTO EK GALAAD KAI AI KAMELOI AUTON EGEMON TUMIAMATON KAI RETINES KAI STAKTES EPOREUONTO DE KATAGAGEN ES AIGUPTON	ud_ancient_greek_ptnk	4th-5th c. CE (Codex Alexandrinus)	religious	translit_map
ud_ancient_greek_ptnk_Septuagint-Genesis-37:26-grc	εἶπεν δὲ Ἰούδας πρὸς τοὺς ἀδελφοὺς αὐτοῦ, Τί χρήσιμον, ἐὰν ἀποκτείνωμεν τὸν ἀδελφὸν ἡμῶν καὶ κρύψωμεν τὸ αἷμα αὐτοῦ;	eːpen de iuːdas pros tuːs adelpʰuːs au̯tuː ti kʰrɛːsimon ean apokteːnɔːmen ton adelpʰon ɛːmɔːn kai̯ krypsɔːmen to ai̯ma au̯tuː	EPEN DE IUDAS PROS TUS ADELPUS AUTU TI KRESIMON EAN APOKTENOMEN TON ADELPON EMON KAI KRUPSOMEN TO AIMA AUTU	ud_ancient_greek_ptnk	4th-5th c. CE (Codex Alexandrinus)	religious	translit_map
ud_ancient_greek_ptnk_Septuagint-Genesis-37:27-grc	δεῦτε ἀποδώμεθα αὐτὸν τοῖς Ἰσμαηλίταις τούτοις, αἱ δὲ χεῖρες ἡμῶν μὴ ἔστωσαν ἐπ᾿ αὐτόν, ὅτι ἀδελφὸς ἡμῶν καὶ σὰρξ ἡμῶν ἐστιν. ἤκουσαν δὲ οἱ ἀδελφοὶ αὐτοῦ.	deu̯te apodɔːmetʰa au̯ton toi̯s ismaɛːlitai̯s tuːtoi̯s ai̯ de kʰeːres ɛːmɔːn mɛː estɔːsan ep au̯ton oti adelpʰos ɛːmɔːn kai̯ sarks ɛːmɔːn estin ɛːkuːsan de oi̯ adelpʰoi̯ au̯tuː	DEUTE APODOMETA AUTON TOIS ISMAELITAIS TUTOIS AI DE KERES EMON ME ESTOSAN EP AUTON OTI ADELPOS EMON KAI SARKS EMON ESTIN EKUSAN DE OI ADELPOI AUTU	ud_ancient_greek_ptnk	4th-5th c. CE (Codex Alexandrinus)	religious	translit_map
ud_ancient_greek_ptnk_Septuagint-Genesis-37:28-grc	καὶ παρεπορεύοντο οἱ ἄνθρωποι οἱ Μαδιηναῖοι οἱ ἔμποροι, καὶ ἐξείλκυσαν καὶ ἀνεβίβασαν τὸν Ἰωσὴφ ἐκ τοῦ λάκκου καὶ ἀπέδοντο τὸν Ἰωσὴφ τοῖς Ἰσμαηλίταις εἴκοσι χρυσῶν, καὶ κατήγαγον τὸν Ἰωσὴφ εἰς Αἴγυπτον.	kai̯ pareporeu̯onto oi̯ antʰrɔːpoi̯ oi̯ madiɛːnai̯oi̯ oi̯ emporoi̯ kai̯ ekseːlkysan kai̯ anebibasan ton iɔːsɛːpʰ ek tuː lakkuː kai̯ apedonto ton iɔːsɛːpʰ toi̯s ismaɛːlitai̯s eːkosi kʰrysɔːn kai̯ katɛːɡaɡon ton iɔːsɛːpʰ eːs ai̯ɡypton	KAI PAREPOREUONTO OI ANTROPOI OI MADIENAIOI OI EMPOROI KAI EKSELKUSAN KAI ANEBIBASAN TON IOSEP EK TU LAKKU KAI APEDONTO TON IOSEP TOIS ISMAELITAIS EKOSI KRUSON KAI KATEGAGON TON IOSEP ES AIGUPTON	ud_ancient_greek_ptnk	4th-5th c. CE (Codex Alexandrinus)	religious	translit_map
ud_ancient_greek_ptnk_Septuagint-Genesis-37:29-grc	ἀνέστρεψεν δὲ Ῥουβὴν ἐπὶ τὸν λάκκον καὶ οὐχ ὁρᾷ τὸν Ἰωσὴφ ἐν τῷ λάκκῳ καὶ διέρρηξεν τὰ ἱμάτια αὐτοῦ.	anestrepsen de ruːbɛːn epi ton lakkon kai̯ uːkʰ ora ton iɔːsɛːpʰ en tɔː lakkɔː kai̯ dierrɛːksen ta imatia au̯tuː	ANESTREPSEN DE RUBEN EPI TON LAKKON KAI UK ORA TON IOSEP EN TO LAKKO KAI DIERREKSEN TA IMATIA AUTU	ud_ancient_greek_ptnk	4th-5th c. CE (Codex Alexandrinus)	religious	translit_map
ud_ancient_greek_ptnk_Septuagint-Genesis-37:30-grc	καὶ ἀνέστρεψεν πρὸς τοὺς ἀδελφοὺς αὐτοῦ καὶ εἶπεν, Τὸ παιδάριον οὐκ ἔστιν· ἐγὼ δὲ ποῦ πορεύομαι ἔτι;	kai̯ anestrepsen pros tuːs adelpʰuːs au̯tuː kai̯ eːpen to pai̯darion uːk estin eɡɔː de puː poreu̯omai̯ eti	KAI ANESTREPSEN PROS TUS ADELPUS AUTU KAI EPEN TO PAIDARION UK ESTIN EGO DE PU POREUOMAI ETI	ud_ancient_greek_ptnk	4th-5th c. CE (Codex Alexandrinus)	religious	translit_map
ud_ancient_greek_ptnk_Septuagint-Genesis-37:31-grc	Λαβόντες δὲ τὸν χιτῶνα τοῦ Ἰωσὴφ ἔσφαξαν ἔριφον αἰγῶν καὶ ἐμόλυναν τὸν χιτῶνα τῷ αἵματι.	labontes de ton kʰitɔːna tuː iɔːsɛːpʰ espʰaksan eripʰon ai̯ɡɔːn kai̯ emolynan ton kʰitɔːna tɔː ai̯mati	LABONTES DE TON KITONA TU IOSEP ESPAKSAN ERIPON AIGON KAI EMOLUNAN TON KITONA TO AIMATI	ud_ancient_greek_ptnk	4th-5th c. CE (Codex Alexandrinus)	religious	translit_map
ud_ancient_greek_ptnk_Septuagint-Genesis-37:32-grc	καὶ ἀπέστειλαν τὸν χιτῶνα τὸν ποικίλον καὶ εἰσήνεγκαν τῷ πατρὶ αὐτῶν καὶ εἶπαν, Τοῦτον εὕρομεν· ἐπίγνωθι εἰ χιτὼν τοῦ υἱοῦ σου ἐστιν ἢ οὔ.	kai̯ apesteːlan ton kʰitɔːna ton poi̯kilon kai̯ eːsɛːneŋkan tɔː patri au̯tɔːn kai̯ eːpan tuːton eu̯romen epiɡnɔːtʰi eː kʰitɔːn tuː yi̯uː suː estin ɛː uː	KAI APESTELAN TON KITONA TON POIKILON KAI ESENENKAN TO PATRI AUTON KAI EPAN TUTON EUROMEN EPIGNOTI E KITON TU UIU SU ESTIN E U	ud_ancient_greek_ptnk	4th-5th c. CE (Codex Alexandrinus)	religious	translit_map
ud_ancient_greek_ptnk_Septuagint-Genesis-37:33-grc	καὶ ἐπέγνω αὐτὸν καὶ εἶπεν Χιτὼν τοῦ υἱοῦ μού ἐστιν· θηρίον πονηρὸν κατέφαγεν αὐτόν, θηρίον ἥρπασεν τὸν Ἰωσήφ.	kai̯ epeɡnɔː au̯ton kai̯ eːpen kʰitɔːn tuː yi̯uː muː estin tʰɛːrion ponɛːron katepʰaɡen au̯ton tʰɛːrion ɛːrpasen ton iɔːsɛːpʰ	KAI EPEGNO AUTON KAI EPEN KITON TU UIU MU ESTIN TERION PONERON KATEPAGEN AUTON TERION ERPASEN TON IOSEP	ud_ancient_greek_ptnk	4th-5th c. CE (Codex Alexandrinus)	religious	translit_map
ud_ancient_greek_ptnk_Septuagint-Genesis-37:34-grc	διέρρηξεν δὲ Ἰακὼβ τὰ ἱμάτια αὐτοῦ καὶ ἐπέθετο σάκκον ἐπὶ τὴν ὀσφὺν αὐτοῦ καὶ ἐπένθει τὸν υἱὸν αὐτοῦ ἡμέρας πολλάς.	dierrɛːksen de iakɔːb ta imatia au̯tuː kai̯ epetʰeto sakkon epi tɛːn ospʰyn au̯tuː kai̯ epentʰeː ton yi̯on au̯tuː ɛːmeras pollas	DIERREKSEN DE IAKOB TA IMATIA AUTU KAI EPETETO SAKKON EPI TEN OSPUN AUTU KAI EPENTE TON UION AUTU EMERAS POLLAS	ud_ancient_greek_ptnk	4th-5th c. CE (Codex Alexandrinus)	religious	translit_map
ud_ancient_greek_ptnk_Septuagint-Genesis-37:35-grc	συνήχθησαν δὲ πάντες οἱ υἱοὶ αὐτοῦ καὶ αἱ θυγατέρες καὶ ἦλθον παρακαλέσαι αὐτόν, καὶ οὐκ ἤθελεν παρακαλεῖσθαι λέγων ὅτι Καταβήσομαι πρὸς τὸν υἱόν μου πενθῶν εἰς ᾅδου. καὶ ἔκλαυσεν αὐτὸν ὁ πατὴρ αὐτοῦ.	synɛːkʰtʰɛːsan de pantes oi̯ yi̯oi̯ au̯tuː kai̯ ai̯ tʰyɡateres kai̯ ɛːltʰon parakalesai̯ au̯ton kai̯ uːk ɛːtʰelen parakaleːstʰai̯ leɡɔːn oti katabɛːsomai̯ pros ton yi̯on muː pentʰɔːn eːs aduː kai̯ eklau̯sen au̯ton o patɛːr au̯tuː	SUNEKTESAN DE PANTES OI UIOI AUTU KAI AI TUGATERES KAI ELTON PARAKALESAI AUTON KAI UK ETELEN PARAKALESTAI LEGON OTI KATABESOMAI PROS TON UION MU PENTON ES ADU KAI EKLAUSEN AUTON O PATER AUTU	ud_ancient_greek_ptnk	4th-5th c. CE (Codex Alexandrinus)	religious	translit_map
ud_ancient_greek_ptnk_Septuagint-Genesis-37:36-grc	οἱ δὲ Μαδιηναῖοι ἀπέδοντο τὸν Ἰωσὴφ εἰς Αἴγυπτον τῷ Πετεφρῇ τῷ σπάδοντι Φαραώ, ἀρχιμαγείρῳ.	oi̯ de madiɛːnai̯oi̯ apedonto ton iɔːsɛːpʰ eːs ai̯ɡypton tɔː petepʰrɛː tɔː spadonti pʰaraɔː arkʰimaɡeːrɔː	OI DE MADIENAIOI APEDONTO TON IOSEP ES AIGUPTON TO PETEPRE TO SPADONTI PARAO ARKIMAGERO	ud_ancient_greek_ptnk	4th-5th c. CE (Codex Alexandrinus)	religious	translit_map
ud_ancient_greek_ptnk_Septuagint-Genesis-38:1-grc	Ἐγένετο δὲ ἐν τῷ καιρῷ ἐκείνῳ κατέβη Ἰούδας ἀπὸ τῶν ἀδελφῶν αὐτοῦ καὶ ἀφίκετο ἕως πρὸς ἄνθρωπόν τινα Ὀδολλαμίτην, ᾧ ὄνομα Ἱράς.	eɡeneto de en tɔː kai̯rɔː ekeːnɔː katebɛː iuːdas apo tɔːn adelpʰɔːn au̯tuː kai̯ apʰiketo eɔːs pros antʰrɔːpon tina odollamitɛːn ɔː onoma iras	EGENETO DE EN TO KAIRO EKENO KATEBE IUDAS APO TON ADELPON AUTU KAI APIKETO EOS PROS ANTROPON TINA ODOLLAMITEN O ONOMA IRAS	ud_ancient_greek_ptnk	4th-5th c. CE (Codex Alexandrinus)	religious	translit_map
ud_ancient_greek_ptnk_Septuagint-Genesis-38:2-grc	καὶ εἶδεν ἐκεῖ Ἰούδας θυγατέρα ἀνθρώπου Χαναναίου, ᾗ ὄνομα Σαυά, καὶ ἔλαβεν αὐτὴν καὶ εἰσῆλθεν πρὸς αὐτήν.	kai̯ eːden ekeː iuːdas tʰyɡatera antʰrɔːpuː kʰananai̯uː ɛː onoma sau̯a kai̯ elaben au̯tɛːn kai̯ eːsɛːltʰen pros au̯tɛːn	KAI EDEN EKE IUDAS TUGATERA ANTROPU KANANAIU E ONOMA SAUA KAI ELABEN AUTEN KAI ESELTEN PROS AUTEN	ud_ancient_greek_ptnk	4th-5th c. CE (Codex Alexandrinus)	religious	translit_map
ud_ancient_greek_ptnk_Septuagint-Genesis-38:3-grc	καὶ συλλαβοῦσα ἔτεκεν υἱὸν καὶ ἐκάλεσεν τὸ ὄνομα αὐτοῦ Ἤρ.	kai̯ syllabuːsa eteken yi̯on kai̯ ekalesen to onoma au̯tuː ɛːr	KAI SULLABUSA ETEKEN UION KAI EKALESEN TO ONOMA AUTU ER	ud_ancient_greek_ptnk	4th-5th c. CE (Codex Alexandrinus)	religious	translit_map
ud_ancient_greek_ptnk_Septuagint-Genesis-38:4-grc	καὶ συλλαβοῦσα ἔτι ἔτεκεν υἱὸν καὶ ἐκάλεσεν τὸ ὄνομα αὐτοῦ Αὐνάν.	kai̯ syllabuːsa eti eteken yi̯on kai̯ ekalesen to onoma au̯tuː au̯nan	KAI SULLABUSA ETI ETEKEN UION KAI EKALESEN TO ONOMA AUTU AUNAN	ud_ancient_greek_ptnk	4th-5th c. CE (Codex Alexandrinus)	religious	translit_map
ud_ancient_greek_ptnk_Septuagint-Genesis-38:5-grc	καὶ προσθεῖσα ἔτι ἔτεκεν υἱὸν καὶ ἐκάλεσεν τὸ ὄνομα αὐτοῦ Σηλώμ. αὐτὴ δὲ ἦν ἐν Χασβί, ἡνίκα ἔτεκεν αὐτούς.	kai̯ prostʰeːsa eti eteken yi̯on kai̯ ekalesen to onoma au̯tuː sɛːlɔːm au̯tɛː de ɛːn en kʰasbi ɛːnika eteken au̯tuːs	KAI PROSTESA ETI ETEKEN UION KAI EKALESEN TO ONOMA AUTU SELOM AUTE DE EN EN KASBI ENIKA ETEKEN AUTUS	ud_ancient_greek_ptnk	4th-5th c. CE (Codex Alexandrinus)	religious	translit_map
ud_ancient_greek_ptnk_Septuagint-Genesis-38:6-grc	καὶ ἔλαβεν Ἰούδας γυναῖκα Ἢρ τῷ πρωτοτόκῳ αὐτοῦ, ᾗ ὄνομα Θάμαρ.	kai̯ elaben iuːdas ɡynai̯ka ɛːr tɔː prɔːtotokɔː au̯tuː ɛː onoma tʰamar	KAI ELABEN IUDAS GUNAIKA ER TO PROTOTOKO AUTU E ONOMA TAMAR	ud_ancient_greek_ptnk	4th-5th c. CE (Codex Alexandrinus)	religious	translit_map
ud_ancient_greek_ptnk_Septuagint-Genesis-38:7-grc	ἐγένετο δὲ Ἢρ πρωτότοκος Ἰούδα πονηρὸς ἐναντίον κυρίου, καὶ ἀπέκτεινεν αὐτὸν ὁ θεός.	eɡeneto de ɛːr prɔːtotokos iuːda ponɛːros enantion kyriuː kai̯ apekteːnen au̯ton o tʰeos	EGENETO DE ER PROTOTOKOS IUDA PONEROS ENANTION KURIU KAI APEKTENEN AUTON O TEOS	ud_ancient_greek_ptnk	4th-5th c. CE (Codex Alexandrinus)	religious	translit_map
ud_ancient_greek_ptnk_Septuagint-Genesis-38:8-grc	εἶπεν δὲ Ἰούδας τῷ Αὐνάν, Εἴσελθε πρὸς τὴν γυναῖκα τοῦ ἀδελφοῦ σου καὶ γάμβρευσαι αὐτὴν καὶ ἀνάστησον σπέρμα τῷ ἀδελφῷ σου.	eːpen de iuːdas tɔː au̯nan eːseltʰe pros tɛːn ɡynai̯ka tuː adelpʰuː suː kai̯ ɡambreu̯sai̯ au̯tɛːn kai̯ anastɛːson sperma tɔː adelpʰɔː suː	EPEN DE IUDAS TO AUNAN ESELTE PROS TEN GUNAIKA TU ADELPU SU KAI GAMBREUSAI AUTEN KAI ANASTESON SPERMA TO ADELPO SU	ud_ancient_greek_ptnk	4th-5th c. CE (Codex Alexandrinus)	religious	translit_map
ud_ancient_greek_ptnk_Septuagint-Genesis-38:9-grc	γνοὺς δὲ Αὐνὰν ὅτι οὐκ αὐτῷ ἔσται τὸ σπέρμα, ἐγίνετο ὅταν εἰσήρχετο πρὸς τὴν γυναῖκα τοῦ ἀδελφοῦ αὐτοῦ, ἐξέχεεν ἐπὶ τὴν γῆν τοῦ μὴ δοῦναι σπέρμα τῷ ἀδελφῷ αὐτοῦ.	ɡnuːs de au̯nan oti uːk au̯tɔː estai̯ to sperma eɡineto otan eːsɛːrkʰeto pros tɛːn ɡynai̯ka tuː adelpʰuː au̯tuː eksekʰeen epi tɛːn ɡɛːn tuː mɛː duːnai̯ sperma tɔː adelpʰɔː au̯tuː	GNUS DE AUNAN OTI UK AUTO ESTAI TO SPERMA EGINETO OTAN ESERKETO PROS TEN GUNAIKA TU ADELPU AUTU EKSEKEEN EPI TEN GEN TU ME DUNAI SPERMA TO ADELPO AUTU	ud_ancient_greek_ptnk	4th-5th c. CE (Codex Alexandrinus)	religious	translit_map
ud_ancient_greek_ptnk_Septuagint-Genesis-38:10-grc	πονηρὸν δὲ ἐφάνη ἐναντίον τοῦ θεοῦ ὅτι ἐποίησεν τοῦτο, καὶ ἐθανάτωσεν καὶ τοῦτον.	ponɛːron de epʰanɛː enantion tuː tʰeuː oti epoi̯ɛːsen tuːto kai̯ etʰanatɔːsen kai̯ tuːton	PONERON DE EPANE ENANTION TU TEU OTI EPOIESEN TUTO KAI ETANATOSEN KAI TUTON	ud_ancient_greek_ptnk	4th-5th c. CE (Codex Alexandrinus)	religious	translit_map
ud_ancient_greek_ptnk_Septuagint-Genesis-38:11-grc	εἶπεν δὲ Ἰούδας Θάμαρ τῇ νύμφῃ αὐτοῦ, Κάθου χήρα ἐν τῷ οἴκῳ τοῦ πατρός σου· ἕως μέγας γένηται Σηλὼμ ὁ υἱός μου εἶπεν γάρ Μήποτε ἀποθάνῃ καὶ οὗτος ὥσπερ οἱ ἀδελφοὶ αὐτοῦ. ἀπελθοῦσα δὲ Θάμαρ ἐκάθητο ἐν τῷ οἴκῳ τοῦ πατρὸς αὐτῆς.	eːpen de iuːdas tʰamar tɛː nympʰɛː au̯tuː katʰuː kʰɛːra en tɔː oi̯kɔː tuː patros suː eɔːs meɡas ɡenɛːtai̯ sɛːlɔːm o yi̯os muː eːpen ɡar mɛːpote apotʰanɛː kai̯ uːtos ɔːsper oi̯ adelpʰoi̯ au̯tuː apeltʰuːsa de tʰamar ekatʰɛːto en tɔː oi̯kɔː tuː patros au̯tɛːs	EPEN DE IUDAS TAMAR TE NUMPE AUTU KATU KERA EN TO OIKO TU PATROS SU EOS MEGAS GENETAI SELOM O UIOS MU EPEN GAR MEPOTE APOTANE KAI UTOS OSPER OI ADELPOI AUTU APELTUSA DE TAMAR EKATETO EN TO OIKO TU PATROS AUTES	ud_ancient_greek_ptnk	4th-5th c. CE (Codex Alexandrinus)	religious	translit_map
ud_ancient_greek_ptnk_Septuagint-Genesis-38:12-grc	Ἐπληθύνθησαν δὲ αἱ ἡμέραι καὶ ἀπέθανεν Σαυὰ ἡ γυνὴ Ἰούδα· καὶ παρακληθεὶς Ἰούδας ἀνέβη ἐπὶ τοὺς κείροντας τὰ πρόβατα αὐτοῦ, αὐτὸς καὶ Ἱρὰς ὁ ποιμὴν αὐτοῦ ὁ Ὀδολλαμίτης εἰς Θαμνά.	eplɛːtʰyntʰɛːsan de ai̯ ɛːmerai̯ kai̯ apetʰanen sau̯a ɛː ɡynɛː iuːda kai̯ paraklɛːtʰeːs iuːdas anebɛː epi tuːs keːrontas ta probata au̯tuː au̯tos kai̯ iras o poi̯mɛːn au̯tuː o odollamitɛːs eːs tʰamna	EPLETUNTESAN DE AI EMERAI KAI APETANEN SAUA E GUNE IUDA KAI PARAKLETES IUDAS ANEBE EPI TUS KERONTAS TA PROBATA AUTU AUTOS KAI IRAS O POIMEN AUTU O ODOLLAMITES ES TAMNA	ud_ancient_greek_ptnk	4th-5th c. CE (Codex Alexandrinus)	religious	translit_map
ud_ancient_greek_ptnk_Septuagint-Genesis-38:13-grc	καὶ ἀπηγγέλη Θάμαρ τῇ νύμφῃ αὐτοῦ λέγοντες, Ἰδοὺ ὁ πενθερός σου ἀναβαίνει εἰς Θαμνὰ κεῖραι τὰ πρόβατα αὐτοῦ.	kai̯ apɛːŋɡelɛː tʰamar tɛː nympʰɛː au̯tuː leɡontes iduː o pentʰeros suː anabai̯neː eːs tʰamna keːrai̯ ta probata au̯tuː	KAI APENGELE TAMAR TE NUMPE AUTU LEGONTES IDU O PENTEROS SU ANABAINE ES TAMNA KERAI TA PROBATA AUTU	ud_ancient_greek_ptnk	4th-5th c. CE (Codex Alexandrinus)	religious	translit_map
ud_ancient_greek_ptnk_Septuagint-Genesis-38:14-grc	καὶ περιελομένη τὰ ἱμάτια τῆς χηρεύσεως ἀφ᾿ ἑαυτῆς περιεβάλετο θέριστρον καὶ ἐκαλλωπίσατο καὶ ἐκάθισεν πρὸς ταῖς πύλαις Αἰνάν, ἥ ἐστιν ἐν παρόδῳ Θαμνά· εἶδεν γὰρ ὅτι μέγας γέγονεν Σηλώμ, αὐτὸς δὲ οὐκ ἔδωκεν αὐτὴν αὐτῷ γυναῖκα.	kai̯ perielomenɛː ta imatia tɛːs kʰɛːreu̯seɔːs apʰ eau̯tɛːs periebaleto tʰeristron kai̯ ekallɔːpisato kai̯ ekatʰisen pros tai̯s pylai̯s ai̯nan ɛː estin en parodɔː tʰamna eːden ɡar oti meɡas ɡeɡonen sɛːlɔːm au̯tos de uːk edɔːken au̯tɛːn au̯tɔː ɡynai̯ka	KAI PERIELOMENE TA IMATIA TES KEREUSEOS AP EAUTES PERIEBALETO TERISTRON KAI EKALLOPISATO KAI EKATISEN PROS TAIS PULAIS AINAN E ESTIN EN PARODO TAMNA EDEN GAR OTI MEGAS GEGONEN SELOM AUTOS DE UK EDOKEN AUTEN AUTO GUNAIKA	ud_ancient_greek_ptnk	4th-5th c. CE (Codex Alexandrinus)	religious	translit_map
ud_ancient_greek_ptnk_Septuagint-Genesis-38:15-grc	καὶ ἰδὼν αὐτὴν Ἰούδας ἔδοξεν αὐτὴν πόρνην εἶναι· κατεκαλύψατο γὰρ τὸ πρόσωπον αὐτῆς, καὶ οὐκ ἐπέγνω αὐτήν.	kai̯ idɔːn au̯tɛːn iuːdas edoksen au̯tɛːn pornɛːn eːnai̯ katekalypsato ɡar to prosɔːpon au̯tɛːs kai̯ uːk epeɡnɔː au̯tɛːn	KAI IDON AUTEN IUDAS EDOKSEN AUTEN PORNEN ENAI KATEKALUPSATO GAR TO PROSOPON AUTES KAI UK EPEGNO AUTEN	ud_ancient_greek_ptnk	4th-5th c. CE (Codex Alexandrinus)	religious	translit_map
ud_ancient_greek_ptnk_Septuagint-Genesis-38:16-grc	ἐξέκλινεν δὲ πρὸς αὐτὴν τὴν ὁδὸν καὶ εἶπεν αὐτῇ, Ἔασόν με εἰσελθεῖν πρὸς σέ· οὐ γὰρ ἔγνω ὅτι ἡ νύμφη αὐτοῦ ἐστιν. ἡ δὲ εἶπεν, Τί μοι δώσεις, ἐὰν εἰσέλθῃς πρός με;	ekseklinen de pros au̯tɛːn tɛːn odon kai̯ eːpen au̯tɛː eason me eːseltʰeːn pros se uː ɡar eɡnɔː oti ɛː nympʰɛː au̯tuː estin ɛː de eːpen ti moi̯ dɔːseːs ean eːseltʰɛːs pros me	EKSEKLINEN DE PROS AUTEN TEN ODON KAI EPEN AUTE EASON ME ESELTEN PROS SE U GAR EGNO OTI E NUMPE AUTU ESTIN E DE EPEN TI MOI DOSES EAN ESELTES PROS ME	ud_ancient_greek_ptnk	4th-5th c. CE (Codex Alexandrinus)	religious	translit_map
ud_ancient_greek_ptnk_Septuagint-Genesis-38:17-grc	ὁ δὲ εἶπεν, Ἐγώ σοί ἀποστελῶ ἔριφον αἰγῶν ἐκ τῶν προβάτων. ἡ δὲ εἶπεν, Ἐὰν δῷς ἀρραβῶνα ἕως τοῦ ἀποστεῖλαί σε.	o de eːpen eɡɔː soi̯ apostelɔː eripʰon ai̯ɡɔːn ek tɔːn probatɔːn ɛː de eːpen ean dɔːs arrabɔːna eɔːs tuː aposteːlai̯ se	O DE EPEN EGO SOI APOSTELO ERIPON AIGON EK TON PROBATON E DE EPEN EAN DOS ARRABONA EOS TU APOSTELAI SE	ud_ancient_greek_ptnk	4th-5th c. CE (Codex Alexandrinus)	religious	translit_map
ud_ancient_greek_ptnk_Septuagint-Genesis-38:18-grc	ὁ δὲ εἶπεν, Τίνα τὸν ἀρραβῶνά σοί δώσω; ἡ δὲ εἶπεν, Τὸν δακτύλιόν σου καὶ τὸν ὁρμίσκον καὶ τὴν ῥάβδον τὴν ἐν τῇ χειρί σου. καὶ ἔδωκεν αὐτῇ καὶ εἰσῆλθεν πρὸς αὐτήν, καὶ ἐν γαστρὶ ἔλαβεν ἐξ αὐτοῦ.	o de eːpen tina ton arrabɔːna soi̯ dɔːsɔː ɛː de eːpen ton daktylion suː kai̯ ton ormiskon kai̯ tɛːn rabdon tɛːn en tɛː kʰeːri suː kai̯ edɔːken au̯tɛː kai̯ eːsɛːltʰen pros au̯tɛːn kai̯ en ɡastri elaben eks au̯tuː	O DE EPEN TINA TON ARRABONA SOI DOSO E DE EPEN TON DAKTULION SU KAI TON ORMISKON KAI TEN RABDON TEN EN TE KERI SU KAI EDOKEN AUTE KAI ESELTEN PROS AUTEN KAI EN GASTRI ELABEN EKS AUTU	ud_ancient_greek_ptnk	4th-5th c. CE (Codex Alexandrinus)	religious	translit_map
ud_ancient_greek_ptnk_Septuagint-Genesis-38:19-grc	καὶ ἀναστᾶσα ἀπῆλθεν καὶ περιείλατο τὸ θέριστρον ἀφ᾿ ἑαυτῆς καὶ ἐνεδύσατο τὰ ἱμάτια τῆς χηρεύσεως αὐτῆς.	kai̯ anastasa apɛːltʰen kai̯ perieːlato to tʰeristron apʰ eau̯tɛːs kai̯ enedysato ta imatia tɛːs kʰɛːreu̯seɔːs au̯tɛːs	KAI ANASTASA APELTEN KAI PERIELATO TO TERISTRON AP EAUTES KAI ENEDUSATO TA IMATIA TES KEREUSEOS AUTES	ud_ancient_greek_ptnk	4th-5th c. CE (Codex Alexandrinus)	religious	translit_map
ud_ancient_greek_ptnk_Septuagint-Genesis-38:20-grc	ἀπέστειλεν δὲ Ἰούδας τὸν ἔριφον ἐξ αἰγῶν ἐν χειρὶ τοῦ ποιμένος αὐτοῦ τοῦ Ὀδολλαμίτου κομίσασθαι τὸν ἀρραβῶνα παρὰ τῆς γυναικός, καὶ οὐχ εὗρεν αὐτήν.	apesteːlen de iuːdas ton eripʰon eks ai̯ɡɔːn en kʰeːri tuː poi̯menos au̯tuː tuː odollamituː komisastʰai̯ ton arrabɔːna para tɛːs ɡynai̯kos kai̯ uːkʰ eu̯ren au̯tɛːn	APESTELEN DE IUDAS TON ERIPON EKS AIGON EN KERI TU POIMENOS AUTU TU ODOLLAMITU KOMISASTAI TON ARRABONA PARA TES GUNAIKOS KAI UK EUREN AUTEN	ud_ancient_greek_ptnk	4th-5th c. CE (Codex Alexandrinus)	religious	translit_map
ud_ancient_greek_ptnk_Septuagint-Genesis-38:21-grc	ἐπηρώτησεν δὲ τοὺς ἄνδρας τοὺς ἐκ τοῦ τόπου, Ποῦ ἐστιν ἡ πόρνη ἡ γενομένη ἐν Αἰνὰν ἐπὶ τῆς ὁδοῦ; καὶ εἶπαν, Οὐκ ἦν ἐνταῦθα πόρνη.	epɛːrɔːtɛːsen de tuːs andras tuːs ek tuː topuː puː estin ɛː pornɛː ɛː ɡenomenɛː en ai̯nan epi tɛːs oduː kai̯ eːpan uːk ɛːn entau̯tʰa pornɛː	EPEROTESEN DE TUS ANDRAS TUS EK TU TOPU PU ESTIN E PORNE E GENOMENE EN AINAN EPI TES ODU KAI EPAN UK EN ENTAUTA PORNE	ud_ancient_greek_ptnk	4th-5th c. CE (Codex Alexandrinus)	religious	translit_map
ud_ancient_greek_ptnk_Septuagint-Genesis-38:22-grc	καὶ ἀπεστράφη πρὸς Ἰούδαν καὶ εἶπεν, Οὐχ εὗρον, καὶ οἱ ἄνθρωποι οἱ ἐκ τοῦ τόπου λέγουσιν μὴ εἶναι ὧδε πόρνην.	kai̯ apestrapʰɛː pros iuːdan kai̯ eːpen uːkʰ eu̯ron kai̯ oi̯ antʰrɔːpoi̯ oi̯ ek tuː topuː leɡuːsin mɛː eːnai̯ ɔːde pornɛːn	KAI APESTRAPE PROS IUDAN KAI EPEN UK EURON KAI OI ANTROPOI OI EK TU TOPU LEGUSIN ME ENAI ODE PORNEN	ud_ancient_greek_ptnk	4th-5th c. CE (Codex Alexandrinus)	religious	translit_map
ud_ancient_greek_ptnk_Septuagint-Genesis-38:23-grc	εἶπεν δὲ Ἰούδας, Ἐχέτω αὐτά, ἀλλὰ μήποτε καταγελασθῶμεν· ἐγὼ μὲν ἀπέσταλκα τὸν ἔριφον τοῦτον, σὺ δὲ οὐχ εὕρηκας.	eːpen de iuːdas ekʰetɔː au̯ta alla mɛːpote kataɡelastʰɔːmen eɡɔː men apestalka ton eripʰon tuːton sy de uːkʰ eu̯rɛːkas	EPEN DE IUDAS EKETO AUTA ALLA MEPOTE KATAGELASTOMEN EGO MEN APESTALKA TON ERIPON TUTON SU DE UK EUREKAS	ud_ancient_greek_ptnk	4th-5th c. CE (Codex Alexandrinus)	religious	translit_map
ud_ancient_greek_ptnk_Septuagint-Genesis-38:24-grc	Ἐγένετο δὲ μετὰ τρίμηνον ἀπηγγέλη τῷ Ἰούδα λέγοντες, Ἐκπεπόρνευκεν Θάμαρ ἡ νύμφη σου καὶ ἰδοὺ ἐν γαστρὶ ἔχει ἐκ πορνείας. εἶπεν δὲ Ἰούδας, Ἐξαγάγετε αὐτήν, καὶ κατακαυθήτω.	eɡeneto de meta trimɛːnon apɛːŋɡelɛː tɔː iuːda leɡontes ekpeporneu̯ken tʰamar ɛː nympʰɛː suː kai̯ iduː en ɡastri ekʰeː ek porneːas eːpen de iuːdas eksaɡaɡete au̯tɛːn kai̯ katakau̯tʰɛːtɔː	EGENETO DE META TRIMENON APENGELE TO IUDA LEGONTES EKPEPORNEUKEN TAMAR E NUMPE SU KAI IDU EN GASTRI EKE EK PORNEAS EPEN DE IUDAS EKSAGAGETE AUTEN KAI KATAKAUTETO	ud_ancient_greek_ptnk	4th-5th c. CE (Codex Alexandrinus)	religious	translit_map
ud_ancient_greek_ptnk_Septuagint-Genesis-38:25-grc	αὐτὴ δὲ ἀγομένη ἀπέστειλεν πρὸς τὸν πενθερὸν αὐτῆς λέγουσα, Ἐκ τοῦ ἀνθρώπου, τίνος ταῦτά ἐστιν, ἐγὼ ἐν γαστρὶ ἔχω. καὶ εἶπεν, Ἐπίγνωθι τίνος ὁ δακτύλιος καὶ ὁ ὁρμίσκος καὶ ἡ ῥάβδος αὕτη.	au̯tɛː de aɡomenɛː apesteːlen pros ton pentʰeron au̯tɛːs leɡuːsa ek tuː antʰrɔːpuː tinos tau̯ta estin eɡɔː en ɡastri ekʰɔː kai̯ eːpen epiɡnɔːtʰi tinos o daktylios kai̯ o ormiskos kai̯ ɛː rabdos au̯tɛː	AUTE DE AGOMENE APESTELEN PROS TON PENTERON AUTES LEGUSA EK TU ANTROPU TINOS TAUTA ESTIN EGO EN GASTRI EKO KAI EPEN EPIGNOTI TINOS O DAKTULIOS KAI O ORMISKOS KAI E RABDOS AUTE	ud_ancient_greek_ptnk	4th-5th c. CE (Codex Alexandrinus)	religious	translit_map
ud_ancient_greek_ptnk_Septuagint-Genesis-38:26-grc	ἐπέγνω δὲ Ἰούδας καὶ εἶπεν, Δεδικαίωται Θάμαρ ἢ ἐγώ, οὗ εἵνεκεν οὐκ ἔδωκα αὐτὴν Σηλὼμ τῷ υἱῷ μου. καὶ οὐ προσέθετο ἔτι τοῦ γνῶναι αὐτήν.	epeɡnɔː de iuːdas kai̯ eːpen dedikai̯ɔːtai̯ tʰamar ɛː eɡɔː uː eːneken uːk edɔːka au̯tɛːn sɛːlɔːm tɔː yi̯ɔː muː kai̯ uː prosetʰeto eti tuː ɡnɔːnai̯ au̯tɛːn	EPEGNO DE IUDAS KAI EPEN DEDIKAIOTAI TAMAR E EGO U ENEKEN UK EDOKA AUTEN SELOM TO UIO MU KAI U PROSETETO ETI TU GNONAI AUTEN	ud_ancient_greek_ptnk	4th-5th c. CE (Codex Alexandrinus)	religious	translit_map
ud_ancient_greek_ptnk_Septuagint-Genesis-38:27-grc	Ἐγένετο δὲ ἡνίκα ἔτικτεν, καὶ τῇδε ἦν δίδυμα ἐν τῇ γαστρὶ αὐτῆς.	eɡeneto de ɛːnika etikten kai̯ tɛːde ɛːn didyma en tɛː ɡastri au̯tɛːs	EGENETO DE ENIKA ETIKTEN KAI TEDE EN DIDUMA EN TE GASTRI AUTES	ud_ancient_greek_ptnk	4th-5th c. CE (Codex Alexandrinus)	religious	translit_map
ud_ancient_greek_ptnk_Septuagint-Genesis-38:28-grc	ἐγένετο δὲ ἐν τῷ τίκτειν αὐτὴν ὁ εἷς προεξήνεγκεν τὴν χεῖρα· λαβοῦσα δὲ ἡ μαῖα ἔδησεν ἐπὶ τὴν χεῖρα αὐτοῦ κόκκινον λέγουσα, Οὗτος ἐξελεύσεται πρότερος.	eɡeneto de en tɔː tikteːn au̯tɛːn o eːs proeksɛːneŋken tɛːn kʰeːra labuːsa de ɛː mai̯a edɛːsen epi tɛːn kʰeːra au̯tuː kokkinon leɡuːsa uːtos ekseleu̯setai̯ proteros	EGENETO DE EN TO TIKTEN AUTEN O ES PROEKSENENKEN TEN KERA LABUSA DE E MAIA EDESEN EPI TEN KERA AUTU KOKKINON LEGUSA UTOS EKSELEUSETAI PROTEROS	ud_ancient_greek_ptnk	4th-5th c. CE (Codex Alexandrinus)	religious	translit_map
ud_ancient_greek_ptnk_Septuagint-Genesis-38:29-grc	ὡς δὲ ἐπισυνήγαγεν τὴν χεῖρα, καὶ εὐθὺς ἐξῆλθεν ὁ ἀδελφὸς αὐτοῦ. ἡ δὲ εἶπεν, Τί διεκόπη διὰ σὲ φραγμός; καὶ ἐκάλεσεν τὸ ὄνομα αὐτοῦ Φαρές.	ɔːs de episynɛːɡaɡen tɛːn kʰeːra kai̯ eu̯tʰys eksɛːltʰen o adelpʰos au̯tuː ɛː de eːpen ti diekopɛː dia se pʰraɡmos kai̯ ekalesen to onoma au̯tuː pʰares	OS DE EPISUNEGAGEN TEN KERA KAI EUTUS EKSELTEN O ADELPOS AUTU E DE EPEN TI DIEKOPE DIA SE PRAGMOS KAI EKALESEN TO ONOMA AUTU PARES	ud_ancient_greek_ptnk	4th-5th c. CE (Codex Alexandrinus)	religious	translit_map
ud_ancient_greek_ptnk_Septuagint-Genesis-38:30-grc	καὶ μετὰ τοῦτο ἐξῆλθεν ὁ ἀδελφὸς αὐτοῦ, ἐφ᾿ ᾧ ἦν ἐπὶ τῇ χειρὶ αὐτοῦ τὸ κόκκινον· καὶ ἐκάλεσεν τὸ ὄνομα αὐτοῦ Ζάρα.	kai̯ meta tuːto eksɛːltʰen o adelpʰos au̯tuː epʰ ɔː ɛːn epi tɛː kʰeːri au̯tuː to kokkinon kai̯ ekalesen to onoma au̯tuː zdara	KAI META TUTO EKSELTEN O ADELPOS AUTU EP O EN EPI TE KERI AUTU TO KOKKINON KAI EKALESEN TO ONOMA AUTU SDARA	ud_ancient_greek_ptnk	4th-5th c. CE (Codex Alexandrinus)	religious	translit_map
ud_ancient_greek_ptnk_Septuagint-Genesis-39:1-grc	Ἰωσὴφ δὲ κατήχθη εἰς Αἴγυπτον, καὶ ἐκτήσατο αὐτὸν Πετεφρῆς ὁ εὐνοῦχος Φαραώ, ἀρχιμάγειρος, ἀνὴρ Αἰγύπτιος, ἐκ χειρὸς Ἰσμαηλιτῶν, οἳ κατήγαγον αὐτὸν ἐκεῖ.	iɔːsɛːpʰ de katɛːkʰtʰɛː eːs ai̯ɡypton kai̯ ektɛːsato au̯ton petepʰrɛːs o eu̯nuːkʰos pʰaraɔː arkʰimaɡeːros anɛːr ai̯ɡyptios ek kʰeːros ismaɛːlitɔːn oi̯ katɛːɡaɡon au̯ton ekeː	IOSEP DE KATEKTE ES AIGUPTON KAI EKTESATO AUTON PETEPRES O EUNUKOS PARAO ARKIMAGEROS ANER AIGUPTIOS EK KEROS ISMAELITON OI KATEGAGON AUTON EKE	ud_ancient_greek_ptnk	4th-5th c. CE (Codex Alexandrinus)	religious	translit_map
ud_ancient_greek_ptnk_Septuagint-Genesis-39:2-grc	καὶ ἦν κύριος μετὰ Ἰωσήφ, καὶ ἦν ἀνὴρ ἐπιτυγχάνων καὶ ἐγένετο ἐν τῷ οἴκῳ παρὰ τῷ κυρίῳ τῷ Αἰγυπτίῳ.	kai̯ ɛːn kyrios meta iɔːsɛːpʰ kai̯ ɛːn anɛːr epityŋkʰanɔːn kai̯ eɡeneto en tɔː oi̯kɔː para tɔː kyriɔː tɔː ai̯ɡyptiɔː	KAI EN KURIOS META IOSEP KAI EN ANER EPITUNKANON KAI EGENETO EN TO OIKO PARA TO KURIO TO AIGUPTIO	ud_ancient_greek_ptnk	4th-5th c. CE (Codex Alexandrinus)	religious	translit_map
ud_ancient_greek_ptnk_Septuagint-Genesis-39:3-grc	ᾔδει δὲ ὁ κύριος αὐτοῦ ὅτι κύριος μετ᾿ αὐτοῦ καὶ ὅσα ἄν ποιῇ, κύριος εὐοδοῖ ἐν ταῖς χερσὶν αὐτοῦ.	ɛːdeː de o kyrios au̯tuː oti kyrios met au̯tuː kai̯ osa an poi̯ɛː kyrios eu̯odoi̯ en tai̯s kʰersin au̯tuː	EDE DE O KURIOS AUTU OTI KURIOS MET AUTU KAI OSA AN POIE KURIOS EUODOI EN TAIS KERSIN AUTU	ud_ancient_greek_ptnk	4th-5th c. CE (Codex Alexandrinus)	religious	translit_map
ud_ancient_greek_ptnk_Septuagint-Genesis-39:4-grc	καὶ εὗρεν Ἰωσὴφ χάριν ἐναντίον τοῦ κυρίου αὐτοῦ, εὐηρέστει δὲ αὐτῷ καὶ κατέστησεν αὐτὸν ἐπὶ τοῦ οἴκου αὐτοῦ καὶ πάντα, ὅσα ἦν αὐτῷ, ἔδωκεν διὰ χειρὸς Ἰωσήφ.	kai̯ eu̯ren iɔːsɛːpʰ kʰarin enantion tuː kyriuː au̯tuː eu̯ɛːresteː de au̯tɔː kai̯ katestɛːsen au̯ton epi tuː oi̯kuː au̯tuː kai̯ panta osa ɛːn au̯tɔː edɔːken dia kʰeːros iɔːsɛːpʰ	KAI EUREN IOSEP KARIN ENANTION TU KURIU AUTU EUERESTE DE AUTO KAI KATESTESEN AUTON EPI TU OIKU AUTU KAI PANTA OSA EN AUTO EDOKEN DIA KEROS IOSEP	ud_ancient_greek_ptnk	4th-5th c. CE (Codex Alexandrinus)	religious	translit_map
ud_ancient_greek_ptnk_Septuagint-Genesis-39:5-grc	ἐγένετο δὲ μετὰ τὸ κατασταθῆναι αὐτὸν ἐπὶ τοῦ οἴκου αὐτοῦ καὶ ἐπὶ πάντα, ὅσα ἦν αὐτῷ, καὶ ηὐλόγησεν κύριος τὸν οἶκον τοῦ Αἰγυπτίου διὰ Ἰωσήφ, καὶ ἐγενήθη εὐλογία κυρίου ἐν πᾶσιν τοῖς ὑπάρχουσιν αὐτῷ ἐν τῷ οἴκῳ καὶ ἐν τῷ ἀγρῷ.	eɡeneto de meta to katastatʰɛːnai̯ au̯ton epi tuː oi̯kuː au̯tuː kai̯ epi panta osa ɛːn au̯tɔː kai̯ ɛːyloɡɛːsen kyrios ton oi̯kon tuː ai̯ɡyptiuː dia iɔːsɛːpʰ kai̯ eɡenɛːtʰɛː eu̯loɡia kyriuː en pasin toi̯s yparkʰuːsin au̯tɔː en tɔː oi̯kɔː kai̯ en tɔː aɡrɔː	EGENETO DE META TO KATASTATENAI AUTON EPI TU OIKU AUTU KAI EPI PANTA OSA EN AUTO KAI EULOGESEN KURIOS TON OIKON TU AIGUPTIU DIA IOSEP KAI EGENETE EULOGIA KURIU EN PASIN TOIS UPARKUSIN AUTO EN TO OIKO KAI EN TO AGRO	ud_ancient_greek_ptnk	4th-5th c. CE (Codex Alexandrinus)	religious	translit_map
ud_ancient_greek_ptnk_Septuagint-Genesis-39:6-grc	καὶ ἐπέτρεψεν πάντα, ὅσα ἦν αὐτῷ, εἰς χεῖρας Ἰωσὴφ καὶ οὐκ ᾔδει τῶν καθ᾿ ἑαυτὸν οὐδὲν πλὴν τοῦ ἄρτου, οὗ ἤσθιεν αὐτός. Καὶ ἦν Ἰωσὴφ καλὸς τῷ εἴδει καὶ ὡραῖος τῇ ὄψει σφόδρα.	kai̯ epetrepsen panta osa ɛːn au̯tɔː eːs kʰeːras iɔːsɛːpʰ kai̯ uːk ɛːdeː tɔːn katʰ eau̯ton uːden plɛːn tuː artuː uː ɛːstʰien au̯tos kai̯ ɛːn iɔːsɛːpʰ kalos tɔː eːdeː kai̯ ɔːrai̯os tɛː opseː spʰodra	KAI EPETREPSEN PANTA OSA EN AUTO ES KERAS IOSEP KAI UK EDE TON KAT EAUTON UDEN PLEN TU ARTU U ESTIEN AUTOS KAI EN IOSEP KALOS TO EDE KAI ORAIOS TE OPSE SPODRA	ud_ancient_greek_ptnk	4th-5th c. CE (Codex Alexandrinus)	religious	translit_map
ud_ancient_greek_ptnk_Septuagint-Genesis-39:7-grc	καὶ ἐγένετο μετὰ τὰ ῥήματα ταῦτα καὶ ἐπέβαλεν ἡ γυνὴ τοῦ κυρίου αὐτοῦ τοὺς ὀφθαλμοὺς αὐτῆς ἐπὶ Ἰωσὴφ καὶ εἶπεν Κοιμήθητι μετ᾿ ἐμοῦ.	kai̯ eɡeneto meta ta rɛːmata tau̯ta kai̯ epebalen ɛː ɡynɛː tuː kyriuː au̯tuː tuːs opʰtʰalmuːs au̯tɛːs epi iɔːsɛːpʰ kai̯ eːpen koi̯mɛːtʰɛːti met emuː	KAI EGENETO META TA REMATA TAUTA KAI EPEBALEN E GUNE TU KURIU AUTU TUS OPTALMUS AUTES EPI IOSEP KAI EPEN KOIMETETI MET EMU	ud_ancient_greek_ptnk	4th-5th c. CE (Codex Alexandrinus)	religious	translit_map
ud_ancient_greek_ptnk_Septuagint-Genesis-39:8-grc	ὁ δὲ οὐκ ἤθελεν, εἶπεν δὲ τῇ γυναικὶ τοῦ κυρίου αὐτοῦ, Εἰ ὁ κύριός μου οὐ γινώσκει δι᾿ ἐμὲ οὐδὲν ἐν τῷ οἴκῳ αὐτοῦ καὶ πάντα, ὅσα ἐστὶν αὐτῷ, ἔδωκεν εἰς τὰς χεῖράς μου	o de uːk ɛːtʰelen eːpen de tɛː ɡynai̯ki tuː kyriuː au̯tuː eː o kyrios muː uː ɡinɔːskeː di eme uːden en tɔː oi̯kɔː au̯tuː kai̯ panta osa estin au̯tɔː edɔːken eːs tas kʰeːras muː	O DE UK ETELEN EPEN DE TE GUNAIKI TU KURIU AUTU E O KURIOS MU U GINOSKE DI EME UDEN EN TO OIKO AUTU KAI PANTA OSA ESTIN AUTO EDOKEN ES TAS KERAS MU	ud_ancient_greek_ptnk	4th-5th c. CE (Codex Alexandrinus)	religious	translit_map
ud_ancient_greek_ptnk_Septuagint-Genesis-39:9-grc	καὶ οὐχ ὑπερέχει ἐν τῇ οἰκίᾳ ταύτῃ οὐθὲν ἐμοῦ οὐδὲ ὑπεξῄρηται ἀπ᾿ ἐμοῦ οὐδὲν πλὴν σου διὰ τὸ σὲ γυναῖκα αὐτοῦ εἶναι, καὶ πῶς ποιήσω τὸ ῥῆμα τὸ πονηρὸν τοῦτο καὶ ἁμαρτήσομαι ἐναντίον τοῦ θεοῦ;	kai̯ uːkʰ yperekʰeː en tɛː oi̯kia tau̯tɛː uːtʰen emuː uːde ypeksɛːrɛːtai̯ ap emuː uːden plɛːn suː dia to se ɡynai̯ka au̯tuː eːnai̯ kai̯ pɔːs poi̯ɛːsɔː to rɛːma to ponɛːron tuːto kai̯ amartɛːsomai̯ enantion tuː tʰeuː	KAI UK UPEREKE EN TE OIKIA TAUTE UTEN EMU UDE UPEKSERETAI AP EMU UDEN PLEN SU DIA TO SE GUNAIKA AUTU ENAI KAI POS POIESO TO REMA TO PONERON TUTO KAI AMARTESOMAI ENANTION TU TEU	ud_ancient_greek_ptnk	4th-5th c. CE (Codex Alexandrinus)	religious	translit_map
ud_ancient_greek_ptnk_Septuagint-Genesis-39:10-grc	ἡνίκα δὲ ἐλάλει τῷ Ἰωσὴφ ἡμέραν ἐξ ἡμέρας, καὶ οὐχ ὑπήκουσεν αὐτῇ καθεύδειν μετ᾿ αὐτῆς τοῦ συγγενέσθαι αὐτῇ.	ɛːnika de elaleː tɔː iɔːsɛːpʰ ɛːmeran eks ɛːmeras kai̯ uːkʰ ypɛːkuːsen au̯tɛː katʰeu̯deːn met au̯tɛːs tuː syŋɡenestʰai̯ au̯tɛː	ENIKA DE ELALE TO IOSEP EMERAN EKS EMERAS KAI UK UPEKUSEN AUTE KATEUDEN MET AUTES TU SUNGENESTAI AUTE	ud_ancient_greek_ptnk	4th-5th c. CE (Codex Alexandrinus)	religious	translit_map
ud_ancient_greek_ptnk_Septuagint-Genesis-39:11-grc	ἐγένετο δὲ τοιαύτη τις ἡμέρα, εἰσῆλθεν Ἰωσὴφ εἰς τὴν οἰκίαν ποιεῖν τὰ ἔργα αὐτοῦ, καὶ οὐθεὶς ἦν τῶν ἐν τῇ οἰκίᾳ ἔσω,	eɡeneto de toi̯au̯tɛː tis ɛːmera eːsɛːltʰen iɔːsɛːpʰ eːs tɛːn oi̯kian poi̯eːn ta erɡa au̯tuː kai̯ uːtʰeːs ɛːn tɔːn en tɛː oi̯kia esɔː	EGENETO DE TOIAUTE TIS EMERA ESELTEN IOSEP ES TEN OIKIAN POIEN TA ERGA AUTU KAI UTES EN TON EN TE OIKIA ESO	ud_ancient_greek_ptnk	4th-5th c. CE (Codex Alexandrinus)	religious	translit_map
ud_ancient_greek_ptnk_Septuagint-Genesis-39:12-grc	καὶ ἐπεσπάσατο αὐτὸν τῶν ἱματίων λέγουσα, Κοιμήθητι μετ᾿ ἐμοῦ. καὶ καταλιπὼν τὰ ἱμάτια αὐτοῦ ἐν ταῖς χερσὶν αὐτῆς ἔφυγεν καὶ ἐξῆλθεν ἔξω.	kai̯ epespasato au̯ton tɔːn imatiɔːn leɡuːsa koi̯mɛːtʰɛːti met emuː kai̯ katalipɔːn ta imatia au̯tuː en tai̯s kʰersin au̯tɛːs epʰyɡen kai̯ eksɛːltʰen eksɔː	KAI EPESPASATO AUTON TON IMATION LEGUSA KOIMETETI MET EMU KAI KATALIPON TA IMATIA AUTU EN TAIS KERSIN AUTES EPUGEN KAI EKSELTEN EKSO	ud_ancient_greek_ptnk	4th-5th c. CE (Codex Alexandrinus)	religious	translit_map
ud_ancient_greek_ptnk_Septuagint-Genesis-39:13-grc	καὶ ἐγένετο ὡς εἶδεν ὅτι κατέλιπεν τὰ ἱμάτια αὐτοῦ ἐν ταῖς χερσὶν αὐτῆς καὶ ἔφυγεν καὶ ἐξῆλθεν ἔξω,	kai̯ eɡeneto ɔːs eːden oti katelipen ta imatia au̯tuː en tai̯s kʰersin au̯tɛːs kai̯ epʰyɡen kai̯ eksɛːltʰen eksɔː	KAI EGENETO OS EDEN OTI KATELIPEN TA IMATIA AUTU EN TAIS KERSIN AUTES KAI EPUGEN KAI EKSELTEN EKSO	ud_ancient_greek_ptnk	4th-5th c. CE (Codex Alexandrinus)	religious	translit_map
ud_ancient_greek_ptnk_Septuagint-Genesis-39:14-grc	καὶ ἐκάλεσεν τοὺς ὄντας ἐν τῇ οἰκίᾳ καὶ εἶπεν αὐτοῖς λέγουσα, Ἴδετε, εἰσήγαγεν ἡμῖν παῖδα Ἑβραῖον ἐμπαίζειν ἡμῖν· εἰσῆλθεν πρός με λέγων, Κοιμήθητι μετ᾿ ἐμοῦ, καὶ ἐβόησα φωνῇ μεγάλῃ·	kai̯ ekalesen tuːs ontas en tɛː oi̯kia kai̯ eːpen au̯toi̯s leɡuːsa idete eːsɛːɡaɡen ɛːmin pai̯da ebrai̯on empai̯zdeːn ɛːmin eːsɛːltʰen pros me leɡɔːn koi̯mɛːtʰɛːti met emuː kai̯ eboɛːsa pʰɔːnɛː meɡalɛː	KAI EKALESEN TUS ONTAS EN TE OIKIA KAI EPEN AUTOIS LEGUSA IDETE ESEGAGEN EMIN PAIDA EBRAION EMPAISDEN EMIN ESELTEN PROS ME LEGON KOIMETETI MET EMU KAI EBOESA PONE MEGALE	ud_ancient_greek_ptnk	4th-5th c. CE (Codex Alexandrinus)	religious	translit_map
ud_ancient_greek_ptnk_Septuagint-Genesis-39:15-grc	ἐν δὲ τῷ ἀκοῦσαι αὐτὸν ὅτι ὕψωσα τὴν φωνήν μου καὶ ἐβόησα, καταλιπὼν τὰ ἱμάτια αὐτοῦ παρ᾿ ἐμοὶ ἔφυγεν καὶ ἐξῆλθεν ἔξω.	en de tɔː akuːsai̯ au̯ton oti ypsɔːsa tɛːn pʰɔːnɛːn muː kai̯ eboɛːsa katalipɔːn ta imatia au̯tuː par emoi̯ epʰyɡen kai̯ eksɛːltʰen eksɔː	EN DE TO AKUSAI AUTON OTI UPSOSA TEN PONEN MU KAI EBOESA KATALIPON TA IMATIA AUTU PAR EMOI EPUGEN KAI EKSELTEN EKSO	ud_ancient_greek_ptnk	4th-5th c. CE (Codex Alexandrinus)	religious	translit_map
ud_ancient_greek_ptnk_Septuagint-Genesis-39:16-grc	καὶ καταλιμπάνει τὰ ἱμάτια παρ᾿ ἑαυτῇ, ἕως ἦλθεν ὁ κύριος εἰς τὸν οἶκον αὐτοῦ.	kai̯ katalimpaneː ta imatia par eau̯tɛː eɔːs ɛːltʰen o kyrios eːs ton oi̯kon au̯tuː	KAI KATALIMPANE TA IMATIA PAR EAUTE EOS ELTEN O KURIOS ES TON OIKON AUTU	ud_ancient_greek_ptnk	4th-5th c. CE (Codex Alexandrinus)	religious	translit_map
ud_ancient_greek_ptnk_Septuagint-Genesis-39:17-grc	καὶ ἐλάλησεν αὐτῷ κατὰ τὰ ῥήματα ταῦτα λέγουσα, Εἰσῆλθεν πρός με ὁ παῖς ὁ Ἑβραῖος ὃν εἰσήγαγες πρὸς ἡμᾶς, ἐμπαῖξαί μοι καὶ εἶπέν μοι, Κοιμηθήσομαι μετὰ σου·	kai̯ elalɛːsen au̯tɔː kata ta rɛːmata tau̯ta leɡuːsa eːsɛːltʰen pros me o pai̯s o ebrai̯os on eːsɛːɡaɡes pros ɛːmas empai̯ksai̯ moi̯ kai̯ eːpen moi̯ koi̯mɛːtʰɛːsomai̯ meta suː	KAI ELALESEN AUTO KATA TA REMATA TAUTA LEGUSA ESELTEN PROS ME O PAIS O EBRAIOS ON ESEGAGES PROS EMAS EMPAIKSAI MOI KAI EPEN MOI KOIMETESOMAI META SU	ud_ancient_greek_ptnk	4th-5th c. CE (Codex Alexandrinus)	religious	translit_map
ud_ancient_greek_ptnk_Septuagint-Genesis-39:18-grc	ὡς δὲ ἤκουσεν ὅτι ὕψωσα τὴν φωνήν μου καὶ ἐβόησα, κατέλιπεν τὰ ἱμάτια αὐτοῦ παρ᾿ ἐμοὶ καὶ ἔφυγεν καὶ ἐξῆλθεν ἔξω.	ɔːs de ɛːkuːsen oti ypsɔːsa tɛːn pʰɔːnɛːn muː kai̯ eboɛːsa katelipen ta imatia au̯tuː par emoi̯ kai̯ epʰyɡen kai̯ eksɛːltʰen eksɔː	OS DE EKUSEN OTI UPSOSA TEN PONEN MU KAI EBOESA KATELIPEN TA IMATIA AUTU PAR EMOI KAI EPUGEN KAI EKSELTEN EKSO	ud_ancient_greek_ptnk	4th-5th c. CE (Codex Alexandrinus)	religious	translit_map
ud_ancient_greek_ptnk_Septuagint-Genesis-39:19-grc	ἐγένετο δὲ ὡς ἤκουσεν ὁ κύριος αὐτοῦ τὰ ῥήματα τῆς γυναικὸς αὐτοῦ, ὅσα ἐλάλησεν πρὸς αὐτὸν λέγουσα, Οὕτως ἐποίησέν μοι ὁ παῖς σου, καὶ ἐθυμώθη ὀργῇ.	eɡeneto de ɔːs ɛːkuːsen o kyrios au̯tuː ta rɛːmata tɛːs ɡynai̯kos au̯tuː osa elalɛːsen pros au̯ton leɡuːsa uːtɔːs epoi̯ɛːsen moi̯ o pai̯s suː kai̯ etʰymɔːtʰɛː orɡɛː	EGENETO DE OS EKUSEN O KURIOS AUTU TA REMATA TES GUNAIKOS AUTU OSA ELALESEN PROS AUTON LEGUSA UTOS EPOIESEN MOI O PAIS SU KAI ETUMOTE ORGE	ud_ancient_greek_ptnk	4th-5th c. CE (Codex Alexandrinus)	religious	translit_map
ud_ancient_greek_ptnk_Septuagint-Genesis-39:20-grc	καὶ λαβὼν ὁ κύριος Ἰωσὴφ ἐνέβαλεν αὐτὸν εἰς τὸ ὀχύρωμα, εἰς τὸν τόπον, ἐν ᾧ οἱ δεσμῶται τοῦ βασιλέως κατέχονται ἐκεῖ ἐν τῷ ὀχυρώματι.	kai̯ labɔːn o kyrios iɔːsɛːpʰ enebalen au̯ton eːs to okʰyrɔːma eːs ton topon en ɔː oi̯ desmɔːtai̯ tuː basileɔːs katekʰontai̯ ekeː en tɔː okʰyrɔːmati	KAI LABON O KURIOS IOSEP ENEBALEN AUTON ES TO OKUROMA ES TON TOPON EN O OI DESMOTAI TU BASILEOS KATEKONTAI EKE EN TO OKUROMATI	ud_ancient_greek_ptnk	4th-5th c. CE (Codex Alexandrinus)	religious	translit_map
ud_ancient_greek_ptnk_Septuagint-Genesis-39:21-grc	Καὶ ἦν κύριος μετὰ Ἰωσὴφ καὶ κατέχεεν αὐτοῦ ἔλεος καὶ ἔδωκεν αὐτῷ χάριν ἐναντίον τοῦ ἀρχιδεσμοφύλακος,	kai̯ ɛːn kyrios meta iɔːsɛːpʰ kai̯ katekʰeen au̯tuː eleos kai̯ edɔːken au̯tɔː kʰarin enantion tuː arkʰidesmopʰylakos	KAI EN KURIOS META IOSEP KAI KATEKEEN AUTU ELEOS KAI EDOKEN AUTO KARIN ENANTION TU ARKIDESMOPULAKOS	ud_ancient_greek_ptnk	4th-5th c. CE (Codex Alexandrinus)	religious	translit_map
ud_ancient_greek_ptnk_Septuagint-Genesis-39:22-grc	καὶ ἔδωκεν ὁ ἀρχιδεσμοφύλαξ τὸ δεσμωτήριον διὰ χειρὸς Ἰωσὴφ καὶ πάντας τοὺς ἀπηγμένους, ὅσοι ἐν τῷ δεσμωτηρίῳ, καὶ πάντα, ὅσα ποιοῦσιν ἐκεῖ.	kai̯ edɔːken o arkʰidesmopʰylaks to desmɔːtɛːrion dia kʰeːros iɔːsɛːpʰ kai̯ pantas tuːs apɛːɡmenuːs osoi̯ en tɔː desmɔːtɛːriɔː kai̯ panta osa poi̯uːsin ekeː	KAI EDOKEN O ARKIDESMOPULAKS TO DESMOTERION DIA KEROS IOSEP KAI PANTAS TUS APEGMENUS OSOI EN TO DESMOTERIO KAI PANTA OSA POIUSIN EKE	ud_ancient_greek_ptnk	4th-5th c. CE (Codex Alexandrinus)	religious	translit_map
ud_ancient_greek_ptnk_Septuagint-Genesis-39:23-grc	οὐκ ἦν ὁ ἀρχιδεσμοφύλαξ τοῦ δεσμωτηρίου γινώσκων δι᾿ αὐτὸν οὐθέν· πάντα γὰρ ἦν διὰ χειρὸς Ἰωσὴφ διὰ τὸ τὸν κύριον μετ᾿ αὐτοῦ εἶναι, καὶ ὅσα αὐτὸς ἐποίει, κύριος εὐώδου ἐν ταῖς χερσὶν αὐτοῦ.	uːk ɛːn o arkʰidesmopʰylaks tuː desmɔːtɛːriuː ɡinɔːskɔːn di au̯ton uːtʰen panta ɡar ɛːn dia kʰeːros iɔːsɛːpʰ dia to ton kyrion met au̯tuː eːnai̯ kai̯ osa au̯tos epoi̯eː kyrios eu̯ɔːduː en tai̯s kʰersin au̯tuː	UK EN O ARKIDESMOPULAKS TU DESMOTERIU GINOSKON DI AUTON UTEN PANTA GAR EN DIA KEROS IOSEP DIA TO TON KURION MET AUTU ENAI KAI OSA AUTOS EPOIE KURIOS EUODU EN TAIS KERSIN AUTU	ud_ancient_greek_ptnk	4th-5th c. CE (Codex Alexandrinus)	religious	translit_map
ud_ancient_greek_ptnk_Septuagint-Genesis-40:1-grc	Ἐγένετο δὲ μετὰ τὰ ῥήματα ταῦτα ἥμαρτεν ὁ ἀρχιοινοχόος τοῦ βασιλέως Αἰγύπτου καὶ ὁ ἀρχισιτοποιὸς τῷ κυρίῳ αὐτῶν βασιλεῖ Αἰγύπτου.	eɡeneto de meta ta rɛːmata tau̯ta ɛːmarten o arkʰioi̯nokʰoos tuː basileɔːs ai̯ɡyptuː kai̯ o arkʰisitopoi̯os tɔː kyriɔː au̯tɔːn basileː ai̯ɡyptuː	EGENETO DE META TA REMATA TAUTA EMARTEN O ARKIOINOKOOS TU BASILEOS AIGUPTU KAI O ARKISITOPOIOS TO KURIO AUTON BASILE AIGUPTU	ud_ancient_greek_ptnk	4th-5th c. CE (Codex Alexandrinus)	religious	translit_map
ud_ancient_greek_ptnk_Septuagint-Genesis-40:2-grc	καὶ ὠργίσθη Φαραὼ ἐπὶ τοῖς δυσὶν εὐνούχοις αὐτοῦ, ἐπὶ τῷ ἀρχιοινοχόῳ καὶ ἐπὶ τῷ ἀρχισιτοποιῷ,	kai̯ ɔːrɡistʰɛː pʰaraɔː epi toi̯s dysin eu̯nuːkʰoi̯s au̯tuː epi tɔː arkʰioi̯nokʰoɔː kai̯ epi tɔː arkʰisitopoi̯ɔː	KAI ORGISTE PARAO EPI TOIS DUSIN EUNUKOIS AUTU EPI TO ARKIOINOKOO KAI EPI TO ARKISITOPOIO	ud_ancient_greek_ptnk	4th-5th c. CE (Codex Alexandrinus)	religious	translit_map
ud_ancient_greek_ptnk_Septuagint-Genesis-40:3-grc	καὶ ἔθετο αὐτοὺς ἐν φυλακῇ παρὰ τῷ δεσμοφύλακι, εἰς τὸ δεσμωτήριον εἰς τὸν τόπον, οὗ Ἰωσὴφ ἀπῆκτο ἐκεῖ.	kai̯ etʰeto au̯tuːs en pʰylakɛː para tɔː desmopʰylaki eːs to desmɔːtɛːrion eːs ton topon uː iɔːsɛːpʰ apɛːkto ekeː	KAI ETETO AUTUS EN PULAKE PARA TO DESMOPULAKI ES TO DESMOTERION ES TON TOPON U IOSEP APEKTO EKE	ud_ancient_greek_ptnk	4th-5th c. CE (Codex Alexandrinus)	religious	translit_map
ud_ancient_greek_ptnk_Septuagint-Genesis-40:4-grc	καὶ συνέστησεν ὁ ἀρχιδεσμώτης τῷ Ἰωσὴφ αὐτούς, καὶ παρέστη αὐτοῖς· ἦσαν δὲ ἡμέρας ἐν τῇ φυλακῇ.—	kai̯ synestɛːsen o arkʰidesmɔːtɛːs tɔː iɔːsɛːpʰ au̯tuːs kai̯ parestɛː au̯toi̯s ɛːsan de ɛːmeras en tɛː pʰylakɛː	KAI SUNESTESEN O ARKIDESMOTES TO IOSEP AUTUS KAI PARESTE AUTOIS ESAN DE EMERAS EN TE PULAKE	ud_ancient_greek_ptnk	4th-5th c. CE (Codex Alexandrinus)	religious	translit_map
ud_ancient_greek_ptnk_Septuagint-Genesis-40:5-grc	καὶ εἶδον ἀμφότεροι ἐνύπνιον, ἑκάτερος ἐνύπνιον, ἐν μιᾷ νυκτὶ ὅρασις τοῦ ἐνυπνίου αὐτοῦ, ὁ ἀρχιοινοχόος καὶ ὁ ἀρχισιτοποιός, οἳ ἦσαν τῷ βασιλεῖ Αἰγύπτου, οἱ ὄντες ἐν τῷ δεσμωτηρίῳ.	kai̯ eːdon ampʰoteroi̯ enypnion ekateros enypnion en mia nykti orasis tuː enypniuː au̯tuː o arkʰioi̯nokʰoos kai̯ o arkʰisitopoi̯os oi̯ ɛːsan tɔː basileː ai̯ɡyptuː oi̯ ontes en tɔː desmɔːtɛːriɔː	KAI EDON AMPOTEROI ENUPNION EKATEROS ENUPNION EN MIA NUKTI ORASIS TU ENUPNIU AUTU O ARKIOINOKOOS KAI O ARKISITOPOIOS OI ESAN TO BASILE AIGUPTU OI ONTES EN TO DESMOTERIO	ud_ancient_greek_ptnk	4th-5th c. CE (Codex Alexandrinus)	religious	translit_map
ud_ancient_greek_ptnk_Septuagint-Genesis-40:6-grc	εἰσῆλθεν δὲ πρὸς αὐτούς, Ἰωσὴφ τὸ πρωῒ καὶ εἶδεν αὐτούς καὶ ἦσαν τεταραγμένοι.	eːsɛːltʰen de pros au̯tuːs iɔːsɛːpʰ to prɔːi̯ kai̯ eːden au̯tuːs kai̯ ɛːsan tetaraɡmenoi̯	ESELTEN DE PROS AUTUS IOSEP TO PROI KAI EDEN AUTUS KAI ESAN TETARAGMENOI	ud_ancient_greek_ptnk	4th-5th c. CE (Codex Alexandrinus)	religious	translit_map
ud_ancient_greek_ptnk_Septuagint-Genesis-40:7-grc	καὶ ἠρώτα τοὺς εὐνούχους Φαραώ, οἳ ἦσαν μετ᾿ αὐτοῦ ἐν τῇ φυλακῇ παρὰ τῷ κυρίῳ αὐτοῦ, λέγων, Τί ὅτι τὰ πρόσωπα ὑμῶν σκυθρωπὰ σήμερον;	kai̯ ɛːrɔːta tuːs eu̯nuːkʰuːs pʰaraɔː oi̯ ɛːsan met au̯tuː en tɛː pʰylakɛː para tɔː kyriɔː au̯tuː leɡɔːn ti oti ta prosɔːpa ymɔːn skytʰrɔːpa sɛːmeron	KAI EROTA TUS EUNUKUS PARAO OI ESAN MET AUTU EN TE PULAKE PARA TO KURIO AUTU LEGON TI OTI TA PROSOPA UMON SKUTROPA SEMERON	ud_ancient_greek_ptnk	4th-5th c. CE (Codex Alexandrinus)	religious	translit_map
ud_ancient_greek_ptnk_Septuagint-Genesis-40:8-grc	οἱ δὲ εἶπαν αὐτῷ, Ἐνύπνιον εἴδομεν καὶ ὁ συγκρίνων οὐκ ἔστιν αὐτό. εἶπεν δὲ αὐτοῖς Ἰωσήφ, Οὐχὶ διὰ τοῦ θεοῦ ἡ διασάφησις αὐτῶν ἐστιν; διηγήσασθε οὖν μοι.—	oi̯ de eːpan au̯tɔː enypnion eːdomen kai̯ o syŋkrinɔːn uːk estin au̯to eːpen de au̯toi̯s iɔːsɛːpʰ uːkʰi dia tuː tʰeuː ɛː diasapʰɛːsis au̯tɔːn estin diɛːɡɛːsastʰe uːn moi̯	OI DE EPAN AUTO ENUPNION EDOMEN KAI O SUNKRINON UK ESTIN AUTO EPEN DE AUTOIS IOSEP UKI DIA TU TEU E DIASAPESIS AUTON ESTIN DIEGESASTE UN MOI	ud_ancient_greek_ptnk	4th-5th c. CE (Codex Alexandrinus)	religious	translit_map
ud_ancient_greek_ptnk_Septuagint-Genesis-40:9-10-grc	καὶ διηγήσατο ὁ ἀρχιοινοχόος τὸ ἐνύπνιον αὐτοῦ τῷ Ἰωσὴφ καὶ εἶπεν, Ἐν τῷ ὕπνῳ μου ἦν ἄμπελος ἐναντίον μου· ἐν δὲ τῇ ἀμπέλῳ τρεῖς πυθμένες, καὶ αὐτὴ θάλλουσα ἀνενηνοχυῖα βλαστούς· πέπειροι οἱ βότρυες σταφυλῆς.	kai̯ diɛːɡɛːsato o arkʰioi̯nokʰoos to enypnion au̯tuː tɔː iɔːsɛːpʰ kai̯ eːpen en tɔː ypnɔː muː ɛːn ampelos enantion muː en de tɛː ampelɔː treːs pytʰmenes kai̯ au̯tɛː tʰalluːsa anenɛːnokʰyi̯a blastuːs pepeːroi̯ oi̯ botryes stapʰylɛːs	KAI DIEGESATO O ARKIOINOKOOS TO ENUPNION AUTU TO IOSEP KAI EPEN EN TO UPNO MU EN AMPELOS ENANTION MU EN DE TE AMPELO TRES PUTMENES KAI AUTE TALLUSA ANENENOKUIA BLASTUS PEPEROI OI BOTRUES STAPULES	ud_ancient_greek_ptnk	4th-5th c. CE (Codex Alexandrinus)	religious	translit_map
ud_ancient_greek_ptnk_Septuagint-Genesis-40:11-grc	καὶ τὸ ποτήριον Φαραὼ ἐν τῇ χειρί μου· καὶ ἔλαβον τὴν σταφυλὴν καὶ ἐξέθλιψα αὐτὴν εἰς τὸ ποτήριον καὶ ἔδωκα τὸ ποτήριον εἰς τὰς χεῖρας Φαραώ.	kai̯ to potɛːrion pʰaraɔː en tɛː kʰeːri muː kai̯ elabon tɛːn stapʰylɛːn kai̯ eksetʰlipsa au̯tɛːn eːs to potɛːrion kai̯ edɔːka to potɛːrion eːs tas kʰeːras pʰaraɔː	KAI TO POTERION PARAO EN TE KERI MU KAI ELABON TEN STAPULEN KAI EKSETLIPSA AUTEN ES TO POTERION KAI EDOKA TO POTERION ES TAS KERAS PARAO	ud_ancient_greek_ptnk	4th-5th c. CE (Codex Alexandrinus)	religious	translit_map
ud_ancient_greek_ptnk_Septuagint-Genesis-40:12-grc	καὶ εἶπεν αὐτῷ Ἰωσήφ, Τοῦτο ἡ σύγκρισις αὐτοῦ· οἱ τρεῖς πυθμένες τρεῖς ἡμέραι εἰσίν·	kai̯ eːpen au̯tɔː iɔːsɛːpʰ tuːto ɛː syŋkrisis au̯tuː oi̯ treːs pytʰmenes treːs ɛːmerai̯ eːsin	KAI EPEN AUTO IOSEP TUTO E SUNKRISIS AUTU OI TRES PUTMENES TRES EMERAI ESIN	ud_ancient_greek_ptnk	4th-5th c. CE (Codex Alexandrinus)	religious	translit_map
ud_ancient_greek_ptnk_Septuagint-Genesis-40:13-grc	ἔτι τρεῖς ἡμέραι καὶ μνησθήσεται Φαραὼ τῆς ἀρχῆς σου καὶ ἀποκαταστήσει σὲ ἐπὶ τὴν ἀρχιοινοχοΐαν σου, καὶ δώσεις τὸ ποτήριον Φαραὼ εἰς τὴν χεῖρα αὐτοῦ κατὰ τὴν ἀρχήν σου τὴν προτέραν, ὡς ἦσθα οἰνοχοῶν.	eti treːs ɛːmerai̯ kai̯ mnɛːstʰɛːsetai̯ pʰaraɔː tɛːs arkʰɛːs suː kai̯ apokatastɛːseː se epi tɛːn arkʰioi̯nokʰoi̯an suː kai̯ dɔːseːs to potɛːrion pʰaraɔː eːs tɛːn kʰeːra au̯tuː kata tɛːn arkʰɛːn suː tɛːn proteran ɔːs ɛːstʰa oi̯nokʰoɔːn	ETI TRES EMERAI KAI MNESTESETAI PARAO TES ARKES SU KAI APOKATASTESE SE EPI TEN ARKIOINOKOIAN SU KAI DOSES TO POTERION PARAO ES TEN KERA AUTU KATA TEN ARKEN SU TEN PROTERAN OS ESTA OINOKOON	ud_ancient_greek_ptnk	4th-5th c. CE (Codex Alexandrinus)	religious	translit_map
ud_ancient_greek_ptnk_Septuagint-Genesis-40:14-grc	ἀλλὰ μνήσθητί μου διὰ σεαυτοῦ, ὅταν εὖ σοί γένηται, καὶ ποιήσεις ἐν ἐμοὶ ἔλεος καὶ μνησθήσῃ περὶ ἐμοῦ Φαραὼ καὶ ἐξάξεις με ἐκ τοῦ ὀχυρώματος τούτου·	alla mnɛːstʰɛːti muː dia seau̯tuː otan eu̯ soi̯ ɡenɛːtai̯ kai̯ poi̯ɛːseːs en emoi̯ eleos kai̯ mnɛːstʰɛːsɛː peri emuː pʰaraɔː kai̯ eksakseːs me ek tuː okʰyrɔːmatos tuːtuː	ALLA MNESTETI MU DIA SEAUTU OTAN EU SOI GENETAI KAI POIESES EN EMOI ELEOS KAI MNESTESE PERI EMU PARAO KAI EKSAKSES ME EK TU OKUROMATOS TUTU	ud_ancient_greek_ptnk	4th-5th c. CE (Codex Alexandrinus)	religious	translit_map
ud_ancient_greek_ptnk_Septuagint-Genesis-40:15-grc	ὅτι κλοπῇ ἐκλάπην ἐκ γῆς Ἑβραίων καὶ ὧδε οὐκ ἐποίησα οὐδέν, ἀλλ᾿ ἐνέβαλόν με εἰς τὸν λάκκον τοῦτον.—	oti klopɛː eklapɛːn ek ɡɛːs ebrai̯ɔːn kai̯ ɔːde uːk epoi̯ɛːsa uːden all enebalon me eːs ton lakkon tuːton	OTI KLOPE EKLAPEN EK GES EBRAION KAI ODE UK EPOIESA UDEN ALL ENEBALON ME ES TON LAKKON TUTON	ud_ancient_greek_ptnk	4th-5th c. CE (Codex Alexandrinus)	religious	translit_map
ud_ancient_greek_ptnk_Septuagint-Genesis-40:16-grc	καὶ εἶδεν ὁ ἀρχισιτοποιὸς ὅτι ὀρθῶς συνέκρινεν, καὶ εἶπεν τῷ Ἰωσὴφ Κἀγὼ εἶδον ἐνύπνιον καὶ ᾤμην τρία κανᾶ χονδριτῶν αἴρειν ἐπὶ τῆς κεφαλῆς μου·	kai̯ eːden o arkʰisitopoi̯os oti ortʰɔːs synekrinen kai̯ eːpen tɔː iɔːsɛːpʰ kaɡɔː eːdon enypnion kai̯ ɔːmɛːn tria kana kʰondritɔːn ai̯reːn epi tɛːs kepʰalɛːs muː	KAI EDEN O ARKISITOPOIOS OTI ORTOS SUNEKRINEN KAI EPEN TO IOSEP KAGO EDON ENUPNION KAI OMEN TRIA KANA KONDRITON AIREN EPI TES KEPALES MU	ud_ancient_greek_ptnk	4th-5th c. CE (Codex Alexandrinus)	religious	translit_map
ud_ancient_greek_ptnk_Septuagint-Genesis-40:17-grc	ἐν δὲ τῷ κανῷ τῷ ἐπάνω ἀπὸ πάντων τῶν γενῶν, ὧν ὁ βασιλεὺς Φαραὼ ἐσθίει, ἔργον σιτοποιοῦ, καὶ τὰ πετεινὰ τοῦ οὐρανοῦ κατήσθιεν αὐτὰ ἀπὸ τοῦ κανοῦ τοῦ ἐπάνω τῆς κεφαλῆς μου.	en de tɔː kanɔː tɔː epanɔː apo pantɔːn tɔːn ɡenɔːn ɔːn o basileu̯s pʰaraɔː estʰieː erɡon sitopoi̯uː kai̯ ta peteːna tuː uːranuː katɛːstʰien au̯ta apo tuː kanuː tuː epanɔː tɛːs kepʰalɛːs muː	EN DE TO KANO TO EPANO APO PANTON TON GENON ON O BASILEUS PARAO ESTIE ERGON SITOPOIU KAI TA PETENA TU URANU KATESTIEN AUTA APO TU KANU TU EPANO TES KEPALES MU	ud_ancient_greek_ptnk	4th-5th c. CE (Codex Alexandrinus)	religious	translit_map
ud_ancient_greek_ptnk_Septuagint-Genesis-40:18-grc	ἀποκριθεὶς δὲ Ἰωσὴφ εἶπεν αὐτῷ, Αὕτη ἡ σύγκρισις αὐτοῦ· τὰ τρία κανᾶ τρεῖς ἡμέραι εἰσίν·	apokritʰeːs de iɔːsɛːpʰ eːpen au̯tɔː au̯tɛː ɛː syŋkrisis au̯tuː ta tria kana treːs ɛːmerai̯ eːsin	APOKRITES DE IOSEP EPEN AUTO AUTE E SUNKRISIS AUTU TA TRIA KANA TRES EMERAI ESIN	ud_ancient_greek_ptnk	4th-5th c. CE (Codex Alexandrinus)	religious	translit_map
ud_ancient_greek_ptnk_Septuagint-Genesis-40:19-grc	ἔτι τριῶν ἡμερῶν ἀφελεῖ Φαραὼ τὴν κεφαλήν σου ἀπὸ σου καὶ κρεμάσει σὲ ἐπὶ ξύλου, καὶ φάγεται τὰ ὄρνεα τοῦ οὐρανοῦ τὰς σάρκας σου ἀπὸ σου.—	eti triɔːn ɛːmerɔːn apʰeleː pʰaraɔː tɛːn kepʰalɛːn suː apo suː kai̯ kremaseː se epi ksyluː kai̯ pʰaɡetai̯ ta ornea tuː uːranuː tas sarkas suː apo suː	ETI TRION EMERON APELE PARAO TEN KEPALEN SU APO SU KAI KREMASE SE EPI KSULU KAI PAGETAI TA ORNEA TU URANU TAS SARKAS SU APO SU	ud_ancient_greek_ptnk	4th-5th c. CE (Codex Alexandrinus)	religious	translit_map
ud_ancient_greek_ptnk_Septuagint-Genesis-40:20-grc	ἐγένετο δὲ ἐν τῇ ἡμέρᾳ τῇ τρίτῃ ἡμέρα γενέσεως ἦν Φαραώ, καὶ ἐποίει πότον πᾶσι τοῖς παισὶν αὐτοῦ, καὶ ἐμνήσθη τῆς ἀρχῆς τοῦ ἀρχιοινοχόου καὶ τῆς ἀρχῆς τοῦ ἀρχισιτοποιοῦ ἐν μέσῳ τῶν παίδων αὐτοῦ	eɡeneto de en tɛː ɛːmera tɛː tritɛː ɛːmera ɡeneseɔːs ɛːn pʰaraɔː kai̯ epoi̯eː poton pasi toi̯s pai̯sin au̯tuː kai̯ emnɛːstʰɛː tɛːs arkʰɛːs tuː arkʰioi̯nokʰouː kai̯ tɛːs arkʰɛːs tuː arkʰisitopoi̯uː en mesɔː tɔːn pai̯dɔːn au̯tuː	EGENETO DE EN TE EMERA TE TRITE EMERA GENESEOS EN PARAO KAI EPOIE POTON PASI TOIS PAISIN AUTU KAI EMNESTE TES ARKES TU ARKIOINOKOU KAI TES ARKES TU ARKISITOPOIU EN MESO TON PAIDON AUTU	ud_ancient_greek_ptnk	4th-5th c. CE (Codex Alexandrinus)	religious	translit_map
ud_ancient_greek_ptnk_Septuagint-Genesis-40:21-grc	καὶ ἀπεκατέστησεν τὸν ἀρχιοινοχόον ἐπὶ τὴν ἀρχὴν αὐτοῦ, καὶ ἔδωκεν τὸ ποτήριον εἰς τὴν χεῖρα Φαραώ,	kai̯ apekatestɛːsen ton arkʰioi̯nokʰoon epi tɛːn arkʰɛːn au̯tuː kai̯ edɔːken to potɛːrion eːs tɛːn kʰeːra pʰaraɔː	KAI APEKATESTESEN TON ARKIOINOKOON EPI TEN ARKEN AUTU KAI EDOKEN TO POTERION ES TEN KERA PARAO	ud_ancient_greek_ptnk	4th-5th c. CE (Codex Alexandrinus)	religious	translit_map
ud_ancient_greek_ptnk_Septuagint-Genesis-40:22-grc	τὸν δὲ ἀρχισιτοποιὸν ἐκρέμασεν καθὰ συνέκρινεν αὐτοῖς Ἰωσήφ.	ton de arkʰisitopoi̯on ekremasen katʰa synekrinen au̯toi̯s iɔːsɛːpʰ	TON DE ARKISITOPOION EKREMASEN KATA SUNEKRINEN AUTOIS IOSEP	ud_ancient_greek_ptnk	4th-5th c. CE (Codex Alexandrinus)	religious	translit_map
ud_ancient_greek_ptnk_Septuagint-Genesis-40:23-grc	οὐκ ἐμνήσθη δὲ ὁ ἀρχιοινοχόος τοῦ Ἰωσήφ, ἀλλὰ ἐπελάθετο αὐτοῦ.	uːk emnɛːstʰɛː de o arkʰioi̯nokʰoos tuː iɔːsɛːpʰ alla epelatʰeto au̯tuː	UK EMNESTE DE O ARKIOINOKOOS TU IOSEP ALLA EPELATETO AUTU	ud_ancient_greek_ptnk	4th-5th c. CE (Codex Alexandrinus)	religious	translit_map
ud_ancient_greek_ptnk_Septuagint-Genesis-41:1-grc	Ἐγένετο δὲ μετὰ δύο ἔτη ἡμερῶν Φαραὼ εἶδεν ἐνύπνιον. ᾤετο ἑστάναι ἐπὶ τοῦ ποταμοῦ,	eɡeneto de meta dyo etɛː ɛːmerɔːn pʰaraɔː eːden enypnion ɔːeto estanai̯ epi tuː potamuː	EGENETO DE META DUO ETE EMERON PARAO EDEN ENUPNION OETO ESTANAI EPI TU POTAMU	ud_ancient_greek_ptnk	4th-5th c. CE (Codex Alexandrinus)	religious	translit_map
ud_ancient_greek_ptnk_Septuagint-Genesis-41:2-grc	καὶ ἰδοὺ ὥσπερ ἐκ τοῦ ποταμοῦ ἀνέβαινον ἑπτὰ βόες καλαὶ τῷ εἴδει καὶ ἐκλεκταὶ ταῖς σαρξὶν καὶ ἐβόσκοντο ἐν τῷ ἄχει·	kai̯ iduː ɔːsper ek tuː potamuː anebai̯non epta boes kalai̯ tɔː eːdeː kai̯ eklektai̯ tai̯s sarksin kai̯ eboskonto en tɔː akʰeː	KAI IDU OSPER EK TU POTAMU ANEBAINON EPTA BOES KALAI TO EDE KAI EKLEKTAI TAIS SARKSIN KAI EBOSKONTO EN TO AKE	ud_ancient_greek_ptnk	4th-5th c. CE (Codex Alexandrinus)	religious	translit_map
ud_ancient_greek_ptnk_Septuagint-Genesis-41:3-grc	ἄλλαι δὲ ἑπτὰ βόες ἀνέβαινον μετὰ ταύτας ἐκ τοῦ ποταμοῦ αἰσχραὶ τῷ εἴδει καὶ λεπταὶ ταῖς σαρξὶν καὶ ἐνέμοντο παρὰ τὰς βόας παρὰ τὸ χεῖλος τοῦ ποταμοῦ·	allai̯ de epta boes anebai̯non meta tau̯tas ek tuː potamuː ai̯skʰrai̯ tɔː eːdeː kai̯ leptai̯ tai̯s sarksin kai̯ enemonto para tas boas para to kʰeːlos tuː potamuː	ALLAI DE EPTA BOES ANEBAINON META TAUTAS EK TU POTAMU AISKRAI TO EDE KAI LEPTAI TAIS SARKSIN KAI ENEMONTO PARA TAS BOAS PARA TO KELOS TU POTAMU	ud_ancient_greek_ptnk	4th-5th c. CE (Codex Alexandrinus)	religious	translit_map
ud_ancient_greek_ptnk_Septuagint-Genesis-41:4-grc	καὶ κατέφαγον αἱ ἑπτὰ βόες αἱ αἰσχραὶ καὶ λεπταὶ ταῖς σαρξὶν τὰς ἑπτὰ βόας τὰς καλὰς τῷ εἴδει καὶ τὰς ἐκλεκτάς. ἠγέρθη δὲ Φαραώ.—	kai̯ katepʰaɡon ai̯ epta boes ai̯ ai̯skʰrai̯ kai̯ leptai̯ tai̯s sarksin tas epta boas tas kalas tɔː eːdeː kai̯ tas eklektas ɛːɡertʰɛː de pʰaraɔː	KAI KATEPAGON AI EPTA BOES AI AISKRAI KAI LEPTAI TAIS SARKSIN TAS EPTA BOAS TAS KALAS TO EDE KAI TAS EKLEKTAS EGERTE DE PARAO	ud_ancient_greek_ptnk	4th-5th c. CE (Codex Alexandrinus)	religious	translit_map
ud_ancient_greek_ptnk_Septuagint-Genesis-41:5-grc	καὶ ἐνυπνιάσθη τὸ δεύτερον, καὶ ἰδοὺ ἑπτὰ στάχυες ἀνέβαινον ἐν πυθμένι ἑνὶ ἐκλεκτοὶ καὶ καλοί·	kai̯ enypniastʰɛː to deu̯teron kai̯ iduː epta stakʰyes anebai̯non en pytʰmeni eni eklektoi̯ kai̯ kaloi̯	KAI ENUPNIASTE TO DEUTERON KAI IDU EPTA STAKUES ANEBAINON EN PUTMENI ENI EKLEKTOI KAI KALOI	ud_ancient_greek_ptnk	4th-5th c. CE (Codex Alexandrinus)	religious	translit_map
ud_ancient_greek_ptnk_Septuagint-Genesis-41:6-grc	ἄλλοι δὲ ἑπτὰ στάχυες λεπτοὶ καὶ ἀνεμόφθοροι ἀνεφύοντο μετ᾿ αὐτούς·	alloi̯ de epta stakʰyes leptoi̯ kai̯ anemopʰtʰoroi̯ anepʰyonto met au̯tuːs	ALLOI DE EPTA STAKUES LEPTOI KAI ANEMOPTOROI ANEPUONTO MET AUTUS	ud_ancient_greek_ptnk	4th-5th c. CE (Codex Alexandrinus)	religious	translit_map
ud_ancient_greek_ptnk_Septuagint-Genesis-41:7-grc	καὶ κατέπιον οἱ ἑπτὰ στάχυες οἱ λεπτοὶ καὶ ἀνεμόφθοροι τοὺς ἑπτὰ στάχυας τοὺς ἐκλεκτοὺς καὶ τοὺς πλήρεις. ἠγέρθη δὲ Φαραώ, καὶ ἦν ἐνύπνιον.	kai̯ katepion oi̯ epta stakʰyes oi̯ leptoi̯ kai̯ anemopʰtʰoroi̯ tuːs epta stakʰyas tuːs eklektuːs kai̯ tuːs plɛːreːs ɛːɡertʰɛː de pʰaraɔː kai̯ ɛːn enypnion	KAI KATEPION OI EPTA STAKUES OI LEPTOI KAI ANEMOPTOROI TUS EPTA STAKUAS TUS EKLEKTUS KAI TUS PLERES EGERTE DE PARAO KAI EN ENUPNION	ud_ancient_greek_ptnk	4th-5th c. CE (Codex Alexandrinus)	religious	translit_map
ud_ancient_greek_ptnk_Septuagint-Genesis-41:8-grc	Ἐγένετο δὲ πρωῒ καὶ ἐταράχθη ἡ ψυχὴ αὐτοῦ, καὶ ἀποστείλας ἐκάλεσεν πάντας τοὺς ἐξηγητὰς Αἰγύπτου καὶ πάντας τοὺς σοφοὺς αὐτῆς, καὶ διηγήσατο αὐτοῖς Φαραὼ τὸ ἐνύπνιον, καὶ οὐκ ἦν ὁ ἀπαγγέλλων αὐτὸ τῷ Φαραώ.	eɡeneto de prɔːi̯ kai̯ etarakʰtʰɛː ɛː psykʰɛː au̯tuː kai̯ aposteːlas ekalesen pantas tuːs eksɛːɡɛːtas ai̯ɡyptuː kai̯ pantas tuːs sopʰuːs au̯tɛːs kai̯ diɛːɡɛːsato au̯toi̯s pʰaraɔː to enypnion kai̯ uːk ɛːn o apaŋɡellɔːn au̯to tɔː pʰaraɔː	EGENETO DE PROI KAI ETARAKTE E PSUKE AUTU KAI APOSTELAS EKALESEN PANTAS TUS EKSEGETAS AIGUPTU KAI PANTAS TUS SOPUS AUTES KAI DIEGESATO AUTOIS PARAO TO ENUPNION KAI UK EN O APANGELLON AUTO TO PARAO	ud_ancient_greek_ptnk	4th-5th c. CE (Codex Alexandrinus)	religious	translit_map
ud_ancient_greek_ptnk_Septuagint-Genesis-41:9-grc	καὶ ἐλάλησεν ὁ ἀρχιοινοχόος πρὸς Φαραὼ λέγων, Τὴν ἁμαρτίαν μου ἀναμιμνῄσκω σήμερον·	kai̯ elalɛːsen o arkʰioi̯nokʰoos pros pʰaraɔː leɡɔːn tɛːn amartian muː anamimnɛːskɔː sɛːmeron	KAI ELALESEN O ARKIOINOKOOS PROS PARAO LEGON TEN AMARTIAN MU ANAMIMNESKO SEMERON	ud_ancient_greek_ptnk	4th-5th c. CE (Codex Alexandrinus)	religious	translit_map
ud_ancient_greek_ptnk_Septuagint-Genesis-41:10-grc	Φαραὼ ὠργίσθη τοῖς παισὶν αὐτοῦ καὶ ἔθετο ἡμᾶς ἐν φυλακῇ ἐν τῷ οἴκῳ τοῦ ἀρχιμαγείρου, ἐμέ τε καὶ τὸν ἀρχισιτοποιόν.	pʰaraɔː ɔːrɡistʰɛː toi̯s pai̯sin au̯tuː kai̯ etʰeto ɛːmas en pʰylakɛː en tɔː oi̯kɔː tuː arkʰimaɡeːruː eme te kai̯ ton arkʰisitopoi̯on	PARAO ORGISTE TOIS PAISIN AUTU KAI ETETO EMAS EN PULAKE EN TO OIKO TU ARKIMAGERU EME TE KAI TON ARKISITOPOION	ud_ancient_greek_ptnk	4th-5th c. CE (Codex Alexandrinus)	religious	translit_map
ud_ancient_greek_ptnk_Septuagint-Genesis-41:11-grc	καὶ εἴδομεν ἐνύπνιον ἐν νυκτὶ μιᾷ, ἐγώ τε καὶ αὐτός, ἕκαστος κατὰ τὸ αὐτοῦ ἐνύπνιον εἴδομεν.	kai̯ eːdomen enypnion en nykti mia eɡɔː te kai̯ au̯tos ekastos kata to au̯tuː enypnion eːdomen	KAI EDOMEN ENUPNION EN NUKTI MIA EGO TE KAI AUTOS EKASTOS KATA TO AUTU ENUPNION EDOMEN	ud_ancient_greek_ptnk	4th-5th c. CE (Codex Alexandrinus)	religious	translit_map
ud_ancient_greek_ptnk_Septuagint-Genesis-41:12-grc	ἦν δὲ ἐκεῖ μεθ᾿ ἡμῶν νεανίσκος παῖς Ἑβραῖος τοῦ ἀρχιμαγείρου, καὶ διηγησάμεθα αὐτῷ, καὶ συνέκρινεν ἡμῖν.	ɛːn de ekeː metʰ ɛːmɔːn neaniskos pai̯s ebrai̯os tuː arkʰimaɡeːruː kai̯ diɛːɡɛːsametʰa au̯tɔː kai̯ synekrinen ɛːmin	EN DE EKE MET EMON NEANISKOS PAIS EBRAIOS TU ARKIMAGERU KAI DIEGESAMETA AUTO KAI SUNEKRINEN EMIN	ud_ancient_greek_ptnk	4th-5th c. CE (Codex Alexandrinus)	religious	translit_map
ud_ancient_greek_ptnk_Septuagint-Genesis-41:13-grc	ἐγενήθη δὲ καθὼς συνέκρινεν ἡμῖν, οὕτως καὶ συνέβη, ἐμέ τε ἀποκατασταθῆναι ἐπὶ τὴν ἀρχήν μου, ἐκεῖνον δὲ κρεμασθῆναι.	eɡenɛːtʰɛː de katʰɔːs synekrinen ɛːmin uːtɔːs kai̯ synebɛː eme te apokatastatʰɛːnai̯ epi tɛːn arkʰɛːn muː ekeːnon de kremastʰɛːnai̯	EGENETE DE KATOS SUNEKRINEN EMIN UTOS KAI SUNEBE EME TE APOKATASTATENAI EPI TEN ARKEN MU EKENON DE KREMASTENAI	ud_ancient_greek_ptnk	4th-5th c. CE (Codex Alexandrinus)	religious	translit_map
ud_ancient_greek_ptnk_Septuagint-Genesis-41:14-grc	Ἀποστείλας δὲ Φαραὼ ἐκάλεσεν τὸν Ἰωσήφ, καὶ ἐξήγαγον αὐτὸν ἐκ τοῦ ὀχυρώματος καὶ ἐξύρησαν αὐτὸν καὶ ἤλλαξαν τὴν στολὴν αὐτοῦ, καὶ ἦλθεν πρὸς Φαραώ.	aposteːlas de pʰaraɔː ekalesen ton iɔːsɛːpʰ kai̯ eksɛːɡaɡon au̯ton ek tuː okʰyrɔːmatos kai̯ eksyrɛːsan au̯ton kai̯ ɛːllaksan tɛːn stolɛːn au̯tuː kai̯ ɛːltʰen pros pʰaraɔː	APOSTELAS DE PARAO EKALESEN TON IOSEP KAI EKSEGAGON AUTON EK TU OKUROMATOS KAI EKSURESAN AUTON KAI ELLAKSAN TEN STOLEN AUTU KAI ELTEN PROS PARAO	ud_ancient_greek_ptnk	4th-5th c. CE (Codex Alexandrinus)	religious	translit_map
ud_ancient_greek_ptnk_Septuagint-Genesis-41:15-grc	εἶπεν δὲ Φαραὼ τῷ Ἰωσήφ, Ἐνύπνιον ἑώρακα, καὶ ὁ συγκρίνων οὐκ ἔστιν αὐτό· ἐγὼ δὲ ἀκήκοα περὶ σου λεγόντων ἀκούσαντά σὲ ἐνύπνια συγκρῖναι αὐτά.	eːpen de pʰaraɔː tɔː iɔːsɛːpʰ enypnion eɔːraka kai̯ o syŋkrinɔːn uːk estin au̯to eɡɔː de akɛːkoa peri suː leɡontɔːn akuːsanta se enypnia syŋkrinai̯ au̯ta	EPEN DE PARAO TO IOSEP ENUPNION EORAKA KAI O SUNKRINON UK ESTIN AUTO EGO DE AKEKOA PERI SU LEGONTON AKUSANTA SE ENUPNIA SUNKRINAI AUTA	ud_ancient_greek_ptnk	4th-5th c. CE (Codex Alexandrinus)	religious	translit_map
ud_ancient_greek_ptnk_Septuagint-Genesis-41:16-grc	ἀποκριθεὶς δὲ Ἰωσὴφ τῷ Φαραὼ εἶπεν, Ἄνευ τοῦ θεοῦ οὐκ ἀποκριθήσεται τὸ σωτήριον Φαραώ.	apokritʰeːs de iɔːsɛːpʰ tɔː pʰaraɔː eːpen aneu̯ tuː tʰeuː uːk apokritʰɛːsetai̯ to sɔːtɛːrion pʰaraɔː	APOKRITES DE IOSEP TO PARAO EPEN ANEU TU TEU UK APOKRITESETAI TO SOTERION PARAO	ud_ancient_greek_ptnk	4th-5th c. CE (Codex Alexandrinus)	religious	translit_map
ud_ancient_greek_ptnk_Septuagint-Genesis-41:17-grc	ἐλάλησεν δὲ Φαραὼ τῷ Ἰωσὴφ λέγων, Ἐν τῷ ὕπνῳ μου ᾤμην ἑστάναι παρὰ τὸ χεῖλος τοῦ ποταμοῦ,	elalɛːsen de pʰaraɔː tɔː iɔːsɛːpʰ leɡɔːn en tɔː ypnɔː muː ɔːmɛːn estanai̯ para to kʰeːlos tuː potamuː	ELALESEN DE PARAO TO IOSEP LEGON EN TO UPNO MU OMEN ESTANAI PARA TO KELOS TU POTAMU	ud_ancient_greek_ptnk	4th-5th c. CE (Codex Alexandrinus)	religious	translit_map
ud_ancient_greek_ptnk_Septuagint-Genesis-41:18-grc	καὶ ὥσπερ ἐκ τοῦ ποταμοῦ ἀνέβαινον ἑπτὰ βόες καλαὶ τῷ εἴδει καὶ ἐκλεκταὶ ταῖς σαρξὶν καὶ ἐνέμοντο ἐν τῷ ἄχει·	kai̯ ɔːsper ek tuː potamuː anebai̯non epta boes kalai̯ tɔː eːdeː kai̯ eklektai̯ tai̯s sarksin kai̯ enemonto en tɔː akʰeː	KAI OSPER EK TU POTAMU ANEBAINON EPTA BOES KALAI TO EDE KAI EKLEKTAI TAIS SARKSIN KAI ENEMONTO EN TO AKE	ud_ancient_greek_ptnk	4th-5th c. CE (Codex Alexandrinus)	religious	translit_map
ud_ancient_greek_ptnk_Septuagint-Genesis-41:19-grc	καὶ ἰδοὺ ἑπτὰ βόες ἕτεραι ἀνέβαινον ὀπίσω αὐτῶν ἐκ τοῦ ποταμοῦ πονηραὶ καὶ αἰσχραὶ τῷ εἴδει καὶ λεπταὶ ταῖς σαρξίν, οἵας οὐκ εἶδον τοιαύτας ἐν ὅλῃ γῇ Αἰγύπτῳ αἰσχροτέρας·	kai̯ iduː epta boes eterai̯ anebai̯non opisɔː au̯tɔːn ek tuː potamuː ponɛːrai̯ kai̯ ai̯skʰrai̯ tɔː eːdeː kai̯ leptai̯ tai̯s sarksin oi̯as uːk eːdon toi̯au̯tas en olɛː ɡɛː ai̯ɡyptɔː ai̯skʰroteras	KAI IDU EPTA BOES ETERAI ANEBAINON OPISO AUTON EK TU POTAMU PONERAI KAI AISKRAI TO EDE KAI LEPTAI TAIS SARKSIN OIAS UK EDON TOIAUTAS EN OLE GE AIGUPTO AISKROTERAS	ud_ancient_greek_ptnk	4th-5th c. CE (Codex Alexandrinus)	religious	translit_map
ud_ancient_greek_ptnk_Septuagint-Genesis-41:20-grc	καὶ κατέφαγον αἱ ἑπτὰ βόες αἱ αἰσχραὶ καὶ λεπταὶ τὰς ἑπτὰ βόας τὰς πρώτας τὰς καλὰς καὶ ἐκλεκτάς,	kai̯ katepʰaɡon ai̯ epta boes ai̯ ai̯skʰrai̯ kai̯ leptai̯ tas epta boas tas prɔːtas tas kalas kai̯ eklektas	KAI KATEPAGON AI EPTA BOES AI AISKRAI KAI LEPTAI TAS EPTA BOAS TAS PROTAS TAS KALAS KAI EKLEKTAS	ud_ancient_greek_ptnk	4th-5th c. CE (Codex Alexandrinus)	religious	translit_map
ud_ancient_greek_ptnk_Septuagint-Genesis-41:21-grc	καὶ εἰσῆλθον εἰς τὰς κοιλίας αὐτῶν καὶ οὐ διάδηλοι ἐγένοντο ὅτι εἰσῆλθον εἰς τὰς κοιλίας αὐτῶν, καὶ αἱ ὄψεις αὐτῶν αἰσχραὶ καθὰ καὶ τὴν ἀρχήν. ἐξεγερθεὶς δὲ ἐκοιμήθην	kai̯ eːsɛːltʰon eːs tas koi̯lias au̯tɔːn kai̯ uː diadɛːloi̯ eɡenonto oti eːsɛːltʰon eːs tas koi̯lias au̯tɔːn kai̯ ai̯ opseːs au̯tɔːn ai̯skʰrai̯ katʰa kai̯ tɛːn arkʰɛːn ekseɡertʰeːs de ekoi̯mɛːtʰɛːn	KAI ESELTON ES TAS KOILIAS AUTON KAI U DIADELOI EGENONTO OTI ESELTON ES TAS KOILIAS AUTON KAI AI OPSES AUTON AISKRAI KATA KAI TEN ARKEN EKSEGERTES DE EKOIMETEN	ud_ancient_greek_ptnk	4th-5th c. CE (Codex Alexandrinus)	religious	translit_map
ud_ancient_greek_ptnk_Septuagint-Genesis-41:22-grc	καὶ εἶδον πάλιν ἐν τῷ ὕπνῳ μου, καὶ ὥσπερ ἑπτὰ στάχυες ἀνέβαινον ἐν πυθμένι ἑνὶ πλήρεις καὶ καλοί·	kai̯ eːdon palin en tɔː ypnɔː muː kai̯ ɔːsper epta stakʰyes anebai̯non en pytʰmeni eni plɛːreːs kai̯ kaloi̯	KAI EDON PALIN EN TO UPNO MU KAI OSPER EPTA STAKUES ANEBAINON EN PUTMENI ENI PLERES KAI KALOI	ud_ancient_greek_ptnk	4th-5th c. CE (Codex Alexandrinus)	religious	translit_map
ud_ancient_greek_ptnk_Septuagint-Genesis-41:23-grc	ἄλλοι δὲ ἑπτὰ στάχυες λεπτοὶ καὶ ἀνεμόφθοροι ἀνεφύοντο ἐχόμενοι αὐτῶν·	alloi̯ de epta stakʰyes leptoi̯ kai̯ anemopʰtʰoroi̯ anepʰyonto ekʰomenoi̯ au̯tɔːn	ALLOI DE EPTA STAKUES LEPTOI KAI ANEMOPTOROI ANEPUONTO EKOMENOI AUTON	ud_ancient_greek_ptnk	4th-5th c. CE (Codex Alexandrinus)	religious	translit_map
ud_ancient_greek_ptnk_Septuagint-Genesis-41:24-grc	καὶ κατέπιον οἱ ἑπτὰ στάχυες οἱ λεπτοὶ καὶ ἀνεμόφθοροι τοὺς ἑπτὰ στάχυας τοὺς καλοὺς καὶ τοὺς πλήρεις. εἶπα οὖν τοῖς ἐξηγηταῖς, καὶ οὐκ ἦν ὁ ἀπαγγέλλων μοι.	kai̯ katepion oi̯ epta stakʰyes oi̯ leptoi̯ kai̯ anemopʰtʰoroi̯ tuːs epta stakʰyas tuːs kaluːs kai̯ tuːs plɛːreːs eːpa uːn toi̯s eksɛːɡɛːtai̯s kai̯ uːk ɛːn o apaŋɡellɔːn moi̯	KAI KATEPION OI EPTA STAKUES OI LEPTOI KAI ANEMOPTOROI TUS EPTA STAKUAS TUS KALUS KAI TUS PLERES EPA UN TOIS EKSEGETAIS KAI UK EN O APANGELLON MOI	ud_ancient_greek_ptnk	4th-5th c. CE (Codex Alexandrinus)	religious	translit_map
ud_ancient_greek_ptnk_Septuagint-Genesis-41:25-grc	Καὶ εἶπεν Ἰωσὴφ τῷ Φαραώ, Τὸ ἐνύπνιον Φαραὼ ἕν ἐστιν· ὅσα ὁ θεὸς ποιεῖ, ἔδειξεν τῷ Φαραώ.	kai̯ eːpen iɔːsɛːpʰ tɔː pʰaraɔː to enypnion pʰaraɔː en estin osa o tʰeos poi̯eː edeːksen tɔː pʰaraɔː	KAI EPEN IOSEP TO PARAO TO ENUPNION PARAO EN ESTIN OSA O TEOS POIE EDEKSEN TO PARAO	ud_ancient_greek_ptnk	4th-5th c. CE (Codex Alexandrinus)	religious	translit_map
ud_ancient_greek_ptnk_Septuagint-Genesis-41:26-grc	αἱ ἑπτὰ βόες αἱ καλαὶ ἑπτὰ ἔτη ἐστίν, καὶ οἱ ἑπτὰ στάχυες οἱ καλοὶ ἑπτὰ ἔτη ἐστίν· τὸ ἐνύπνιον Φαραὼ ἕν ἐστιν.	ai̯ epta boes ai̯ kalai̯ epta etɛː estin kai̯ oi̯ epta stakʰyes oi̯ kaloi̯ epta etɛː estin to enypnion pʰaraɔː en estin	AI EPTA BOES AI KALAI EPTA ETE ESTIN KAI OI EPTA STAKUES OI KALOI EPTA ETE ESTIN TO ENUPNION PARAO EN ESTIN	ud_ancient_greek_ptnk	4th-5th c. CE (Codex Alexandrinus)	religious	translit_map
ud_ancient_greek_ptnk_Septuagint-Genesis-41:27-grc	καὶ αἱ ἑπτὰ βόες αἱ λεπταὶ αἱ ἀναβαίνουσαι ὀπίσω αὐτῶν ἑπτὰ ἔτη ἐστίν, καὶ οἱ ἑπτὰ στάχυες οἱ λεπτοὶ καὶ ἀνεμόφθοροι ἔσονται ἑπτὰ ἔτη λιμοῦ.	kai̯ ai̯ epta boes ai̯ leptai̯ ai̯ anabai̯nuːsai̯ opisɔː au̯tɔːn epta etɛː estin kai̯ oi̯ epta stakʰyes oi̯ leptoi̯ kai̯ anemopʰtʰoroi̯ esontai̯ epta etɛː limuː	KAI AI EPTA BOES AI LEPTAI AI ANABAINUSAI OPISO AUTON EPTA ETE ESTIN KAI OI EPTA STAKUES OI LEPTOI KAI ANEMOPTOROI ESONTAI EPTA ETE LIMU	ud_ancient_greek_ptnk	4th-5th c. CE (Codex Alexandrinus)	religious	translit_map
ud_ancient_greek_ptnk_Septuagint-Genesis-41:28-grc	τὸ δὲ ῥῆμα, ὃ εἴρηκα Φαραώ, Ὅσα ὁ θεὸς ποιεῖ, ἔδειξεν τῷ Φαραώ,	to de rɛːma o eːrɛːka pʰaraɔː osa o tʰeos poi̯eː edeːksen tɔː pʰaraɔː	TO DE REMA O EREKA PARAO OSA O TEOS POIE EDEKSEN TO PARAO	ud_ancient_greek_ptnk	4th-5th c. CE (Codex Alexandrinus)	religious	translit_map
ud_ancient_greek_ptnk_Septuagint-Genesis-41:29-grc	ἰδοὺ ἑπτὰ ἔτη ἔρχεται εὐθηνία πολλὴ ἐν πάσῃ γῇ Αἰγύπτῳ·	iduː epta etɛː erkʰetai̯ eu̯tʰɛːnia pollɛː en pasɛː ɡɛː ai̯ɡyptɔː	IDU EPTA ETE ERKETAI EUTENIA POLLE EN PASE GE AIGUPTO	ud_ancient_greek_ptnk	4th-5th c. CE (Codex Alexandrinus)	religious	translit_map
ud_ancient_greek_ptnk_Septuagint-Genesis-41:30-grc	ἥξει δὲ ἑπτὰ ἔτη λιμοῦ μετὰ ταῦτα, καὶ ἐπιλήσονται τῆς πλησμονῆς ἐν ὅλῃ γῇ Αἰγύπτῳ, καὶ ἀναλώσει ὁ λιμὸς τὴν γῆν,	ɛːkseː de epta etɛː limuː meta tau̯ta kai̯ epilɛːsontai̯ tɛːs plɛːsmonɛːs en olɛː ɡɛː ai̯ɡyptɔː kai̯ analɔːseː o limos tɛːn ɡɛːn	EKSE DE EPTA ETE LIMU META TAUTA KAI EPILESONTAI TES PLESMONES EN OLE GE AIGUPTO KAI ANALOSE O LIMOS TEN GEN	ud_ancient_greek_ptnk	4th-5th c. CE (Codex Alexandrinus)	religious	translit_map
ud_ancient_greek_ptnk_Septuagint-Genesis-41:31-grc	καὶ οὐκ ἐπιγνωσθήσεται ἡ εὐθηνία ἐπὶ τῆς γῆς ἀπὸ τοῦ λιμοῦ τοῦ ἐσομένου μετὰ ταῦτα· ἰσχυρὸς γὰρ ἔσται σφόδρα.	kai̯ uːk epiɡnɔːstʰɛːsetai̯ ɛː eu̯tʰɛːnia epi tɛːs ɡɛːs apo tuː limuː tuː esomenuː meta tau̯ta iskʰyros ɡar estai̯ spʰodra	KAI UK EPIGNOSTESETAI E EUTENIA EPI TES GES APO TU LIMU TU ESOMENU META TAUTA ISKUROS GAR ESTAI SPODRA	ud_ancient_greek_ptnk	4th-5th c. CE (Codex Alexandrinus)	religious	translit_map
ud_ancient_greek_ptnk_Septuagint-Genesis-41:32-grc	περὶ δὲ τοῦ δευτερῶσαι τὸ ἐνύπνιον Φαραὼ δίς, ὅτι ἀληθὲς ἔσται τὸ ῥῆμα τὸ παρὰ τοῦ θεοῦ, καὶ ταχυνεῖ ὁ θεὸς τοῦ ποιῆσαι αὐτό.	peri de tuː deu̯terɔːsai̯ to enypnion pʰaraɔː dis oti alɛːtʰes estai̯ to rɛːma to para tuː tʰeuː kai̯ takʰyneː o tʰeos tuː poi̯ɛːsai̯ au̯to	PERI DE TU DEUTEROSAI TO ENUPNION PARAO DIS OTI ALETES ESTAI TO REMA TO PARA TU TEU KAI TAKUNE O TEOS TU POIESAI AUTO	ud_ancient_greek_ptnk	4th-5th c. CE (Codex Alexandrinus)	religious	translit_map
ud_ancient_greek_ptnk_Septuagint-Genesis-41:33-grc	νῦν οὖν σκέψαι ἄνθρωπον φρόνιμον καὶ συνετὸν καὶ κατάστησον αὐτὸν ἐπὶ γῆς Αἰγύπτου·	nyn uːn skepsai̯ antʰrɔːpon pʰronimon kai̯ syneton kai̯ katastɛːson au̯ton epi ɡɛːs ai̯ɡyptuː	NUN UN SKEPSAI ANTROPON PRONIMON KAI SUNETON KAI KATASTESON AUTON EPI GES AIGUPTU	ud_ancient_greek_ptnk	4th-5th c. CE (Codex Alexandrinus)	religious	translit_map
ud_ancient_greek_ptnk_Septuagint-Genesis-41:34-grc	καὶ ποιησάτω Φαραὼ καὶ καταστησάτω τοπάρχας ἐπὶ τῆς γῆς, καὶ ἀποπεμπτωσάτωσαν πάντα τὰ γενήματα τῆς γῆς Αἰγύπτου τῶν ἑπτὰ ἐτῶν τῆς εὐθηνίας	kai̯ poi̯ɛːsatɔː pʰaraɔː kai̯ katastɛːsatɔː toparkʰas epi tɛːs ɡɛːs kai̯ apopemptɔːsatɔːsan panta ta ɡenɛːmata tɛːs ɡɛːs ai̯ɡyptuː tɔːn epta etɔːn tɛːs eu̯tʰɛːnias	KAI POIESATO PARAO KAI KATASTESATO TOPARKAS EPI TES GES KAI APOPEMPTOSATOSAN PANTA TA GENEMATA TES GES AIGUPTU TON EPTA ETON TES EUTENIAS	ud_ancient_greek_ptnk	4th-5th c. CE (Codex Alexandrinus)	religious	translit_map
ud_ancient_greek_ptnk_Septuagint-Genesis-41:35-grc	καὶ συναγαγέτωσαν πάντα τὰ βρώματα τῶν ἑπτὰ ἐτῶν τῶν ἐρχομένων τῶν καλῶν τούτων, καὶ συναχθήτω ὁ σῖτος ὑπὸ χεῖρα Φαραώ, βρώματα ἐν ταῖς πόλεσιν φυλαχθήτω·	kai̯ synaɡaɡetɔːsan panta ta brɔːmata tɔːn epta etɔːn tɔːn erkʰomenɔːn tɔːn kalɔːn tuːtɔːn kai̯ synakʰtʰɛːtɔː o sitos ypo kʰeːra pʰaraɔː brɔːmata en tai̯s polesin pʰylakʰtʰɛːtɔː	KAI SUNAGAGETOSAN PANTA TA BROMATA TON EPTA ETON TON ERKOMENON TON KALON TUTON KAI SUNAKTETO O SITOS UPO KERA PARAO BROMATA EN TAIS POLESIN PULAKTETO	ud_ancient_greek_ptnk	4th-5th c. CE (Codex Alexandrinus)	religious	translit_map
ud_ancient_greek_ptnk_Septuagint-Genesis-41:36-grc	καὶ ἔσται τὰ βρώματα πεφυλαγμένα τῇ γῇ εἰς τὰ ἑπτὰ ἔτη τοῦ λιμοῦ, ἃ ἔσονται ἐν γῇ Αἰγύπτῳ, καὶ οὐκ ἐκτριβήσεται ἡ γῆ ἐν τῷ λιμῷ.	kai̯ estai̯ ta brɔːmata pepʰylaɡmena tɛː ɡɛː eːs ta epta etɛː tuː limuː a esontai̯ en ɡɛː ai̯ɡyptɔː kai̯ uːk ektribɛːsetai̯ ɛː ɡɛː en tɔː limɔː	KAI ESTAI TA BROMATA PEPULAGMENA TE GE ES TA EPTA ETE TU LIMU A ESONTAI EN GE AIGUPTO KAI UK EKTRIBESETAI E GE EN TO LIMO	ud_ancient_greek_ptnk	4th-5th c. CE (Codex Alexandrinus)	religious	translit_map
ud_ancient_greek_ptnk_Septuagint-Genesis-41:37-grc	Ἤρεσεν δὲ τὰ ῥήματα ἐναντίον Φαραὼ καὶ ἐναντίον πάντων τῶν παίδων αὐτοῦ,	ɛːresen de ta rɛːmata enantion pʰaraɔː kai̯ enantion pantɔːn tɔːn pai̯dɔːn au̯tuː	ERESEN DE TA REMATA ENANTION PARAO KAI ENANTION PANTON TON PAIDON AUTU	ud_ancient_greek_ptnk	4th-5th c. CE (Codex Alexandrinus)	religious	translit_map
ud_ancient_greek_ptnk_Septuagint-Genesis-41:38-grc	καὶ εἶπεν Φαραὼ πᾶσιν τοῖς παισὶν αὐτοῦ, Μὴ εὑρήσομεν ἄνθρωπον τοιοῦτον, ὃς ἔχει πνεῦμα θεοῦ ἐν αὐτῷ;	kai̯ eːpen pʰaraɔː pasin toi̯s pai̯sin au̯tuː mɛː eu̯rɛːsomen antʰrɔːpon toi̯uːton os ekʰeː pneu̯ma tʰeuː en au̯tɔː	KAI EPEN PARAO PASIN TOIS PAISIN AUTU ME EURESOMEN ANTROPON TOIUTON OS EKE PNEUMA TEU EN AUTO	ud_ancient_greek_ptnk	4th-5th c. CE (Codex Alexandrinus)	religious	translit_map
ud_ancient_greek_ptnk_Septuagint-Genesis-41:39-grc	εἶπεν δὲ Φαραὼ τῷ Ἰωσήφ, Ἐπειδὴ ἔδειξεν ὁ θεός σοί πάντα ταῦτα, οὐκ ἔστιν ἄνθρωπος φρονιμώτερος καὶ συνετώτερός σου·	eːpen de pʰaraɔː tɔː iɔːsɛːpʰ epeːdɛː edeːksen o tʰeos soi̯ panta tau̯ta uːk estin antʰrɔːpos pʰronimɔːteros kai̯ synetɔːteros suː	EPEN DE PARAO TO IOSEP EPEDE EDEKSEN O TEOS SOI PANTA TAUTA UK ESTIN ANTROPOS PRONIMOTEROS KAI SUNETOTEROS SU	ud_ancient_greek_ptnk	4th-5th c. CE (Codex Alexandrinus)	religious	translit_map
ud_ancient_greek_ptnk_Septuagint-Genesis-41:40-grc	σὺ ἔσῃ ἐπὶ τῷ οἴκῳ μου, καὶ ἐπὶ τῷ στόματί σου ὑπακούσεται πᾶς ὁ λαός μου· πλὴν τὸν θρόνον ὑπερέξω σου ἐγώ.	sy esɛː epi tɔː oi̯kɔː muː kai̯ epi tɔː stomati suː ypakuːsetai̯ pas o laos muː plɛːn ton tʰronon ypereksɔː suː eɡɔː	SU ESE EPI TO OIKO MU KAI EPI TO STOMATI SU UPAKUSETAI PAS O LAOS MU PLEN TON TRONON UPEREKSO SU EGO	ud_ancient_greek_ptnk	4th-5th c. CE (Codex Alexandrinus)	religious	translit_map
ud_ancient_greek_ptnk_Septuagint-Genesis-41:41-grc	εἶπεν δὲ Φαραὼ τῷ Ἰωσήφ, Ἰδοὺ καθίστημί σὲ σήμερον ἐπὶ πάσης γῆς Αἰγύπτου.	eːpen de pʰaraɔː tɔː iɔːsɛːpʰ iduː katʰistɛːmi se sɛːmeron epi pasɛːs ɡɛːs ai̯ɡyptuː	EPEN DE PARAO TO IOSEP IDU KATISTEMI SE SEMERON EPI PASES GES AIGUPTU	ud_ancient_greek_ptnk	4th-5th c. CE (Codex Alexandrinus)	religious	translit_map
ud_ancient_greek_ptnk_Septuagint-Genesis-41:42-grc	καὶ περιελόμενος Φαραὼ τὸν δακτύλιον ἀπὸ τῆς χειρὸς αὐτοῦ περιέθηκεν αὐτὸν ἐπὶ τὴν χεῖρα Ἰωσὴφ καὶ ἐνέδυσεν αὐτὸν στολὴν βυσσίνην καὶ περιέθηκεν κλοιὸν χρυσοῦν περὶ τὸν τράχηλον αὐτοῦ·	kai̯ perielomenos pʰaraɔː ton daktylion apo tɛːs kʰeːros au̯tuː perietʰɛːken au̯ton epi tɛːn kʰeːra iɔːsɛːpʰ kai̯ enedysen au̯ton stolɛːn byssinɛːn kai̯ perietʰɛːken kloi̯on kʰrysuːn peri ton trakʰɛːlon au̯tuː	KAI PERIELOMENOS PARAO TON DAKTULION APO TES KEROS AUTU PERIETEKEN AUTON EPI TEN KERA IOSEP KAI ENEDUSEN AUTON STOLEN BUSSINEN KAI PERIETEKEN KLOION KRUSUN PERI TON TRAKELON AUTU	ud_ancient_greek_ptnk	4th-5th c. CE (Codex Alexandrinus)	religious	translit_map
ud_ancient_greek_ptnk_Septuagint-Genesis-41:43-grc	καὶ ἀνεβίβασεν αὐτὸν ἐπὶ τὸ ἅρμα τὸ δεύτερον τῶν αὐτοῦ, καὶ ἐκήρυξεν ἔμπροσθεν αὐτοῦ κῆρυξ· καὶ κατέστησεν αὐτὸν ἐφ᾿ ὅλης γῆς Αἰγύπτου.	kai̯ anebibasen au̯ton epi to arma to deu̯teron tɔːn au̯tuː kai̯ ekɛːryksen emprostʰen au̯tuː kɛːryks kai̯ katestɛːsen au̯ton epʰ olɛːs ɡɛːs ai̯ɡyptuː	KAI ANEBIBASEN AUTON EPI TO ARMA TO DEUTERON TON AUTU KAI EKERUKSEN EMPROSTEN AUTU KERUKS KAI KATESTESEN AUTON EP OLES GES AIGUPTU	ud_ancient_greek_ptnk	4th-5th c. CE (Codex Alexandrinus)	religious	translit_map
ud_ancient_greek_ptnk_Septuagint-Genesis-41:44-grc	εἶπεν δὲ Φαραὼ τῷ Ἰωσήφ, Ἐγὼ Φαραώ· ἄνευ σου οὐκ ἐξαρεῖ οὐθεὶς τὴν χεῖρα αὐτοῦ ἐπὶ πάσῃ γῇ Αἰγύπτου.	eːpen de pʰaraɔː tɔː iɔːsɛːpʰ eɡɔː pʰaraɔː aneu̯ suː uːk eksareː uːtʰeːs tɛːn kʰeːra au̯tuː epi pasɛː ɡɛː ai̯ɡyptuː	EPEN DE PARAO TO IOSEP EGO PARAO ANEU SU UK EKSARE UTES TEN KERA AUTU EPI PASE GE AIGUPTU	ud_ancient_greek_ptnk	4th-5th c. CE (Codex Alexandrinus)	religious	translit_map
ud_ancient_greek_ptnk_Septuagint-Genesis-41:45-grc	καὶ ἐκάλεσεν Φαραὼ τὸ ὄνομα Ἰωσὴφ Ψονθομφανήχ· καὶ ἔδωκεν αὐτῷ τὴν Ἀσεννὲθ θυγατέρα Πετεφρῇ ἱερέως Ἡλίου πόλεως αὐτῷ γυναῖκα.	kai̯ ekalesen pʰaraɔː to onoma iɔːsɛːpʰ psontʰompʰanɛːkʰ kai̯ edɔːken au̯tɔː tɛːn asennetʰ tʰyɡatera petepʰrɛː iereɔːs ɛːliuː poleɔːs au̯tɔː ɡynai̯ka	KAI EKALESEN PARAO TO ONOMA IOSEP PSONTOMPANEK KAI EDOKEN AUTO TEN ASENNET TUGATERA PETEPRE IEREOS ELIU POLEOS AUTO GUNAIKA	ud_ancient_greek_ptnk	4th-5th c. CE (Codex Alexandrinus)	religious	translit_map
ud_ancient_greek_ptnk_Septuagint-Genesis-41:46-grc	Ἰωσὴφ δὲ ἦν ἐτῶν τριάκοντα, ὅτε ἔστη ἐναντίον Φαραὼ βασιλέως Αἰγύπτου. Ἐξῆλθεν δὲ Ἰωσὴφ ἐκ προσώπου Φαραὼ καὶ διῆλθεν πᾶσαν γῆν Αἰγύπτου.	iɔːsɛːpʰ de ɛːn etɔːn triakonta ote estɛː enantion pʰaraɔː basileɔːs ai̯ɡyptuː eksɛːltʰen de iɔːsɛːpʰ ek prosɔːpuː pʰaraɔː kai̯ diɛːltʰen pasan ɡɛːn ai̯ɡyptuː	IOSEP DE EN ETON TRIAKONTA OTE ESTE ENANTION PARAO BASILEOS AIGUPTU EKSELTEN DE IOSEP EK PROSOPU PARAO KAI DIELTEN PASAN GEN AIGUPTU	ud_ancient_greek_ptnk	4th-5th c. CE (Codex Alexandrinus)	religious	translit_map
ud_ancient_greek_ptnk_Septuagint-Genesis-41:47-grc	καὶ ἐποίησεν ἡ γῆ ἐν τοῖς ἑπτὰ ἔτεσιν τῆς εὐθηνίας δράγματα·	kai̯ epoi̯ɛːsen ɛː ɡɛː en toi̯s epta etesin tɛːs eu̯tʰɛːnias draɡmata	KAI EPOIESEN E GE EN TOIS EPTA ETESIN TES EUTENIAS DRAGMATA	ud_ancient_greek_ptnk	4th-5th c. CE (Codex Alexandrinus)	religious	translit_map
ud_ancient_greek_ptnk_Septuagint-Genesis-41:48-grc	καὶ συνήγαγεν πάντα τὰ βρώματα τῶν ἑπτὰ ἐτῶν, ἐν οἷς ἦν ἡ εὐθηνία ἐν γῇ Αἰγύπτου, καὶ ἔθηκεν τὰ βρώματα ἐν ταῖς πόλεσιν, βρώματα τῶν πεδίων τῆς πόλεως τῶν κύκλῳ αὐτῆς ἔθηκεν ἐν αὐτῇ.	kai̯ synɛːɡaɡen panta ta brɔːmata tɔːn epta etɔːn en oi̯s ɛːn ɛː eu̯tʰɛːnia en ɡɛː ai̯ɡyptuː kai̯ etʰɛːken ta brɔːmata en tai̯s polesin brɔːmata tɔːn pediɔːn tɛːs poleɔːs tɔːn kyklɔː au̯tɛːs etʰɛːken en au̯tɛː	KAI SUNEGAGEN PANTA TA BROMATA TON EPTA ETON EN OIS EN E EUTENIA EN GE AIGUPTU KAI ETEKEN TA BROMATA EN TAIS POLESIN BROMATA TON PEDION TES POLEOS TON KUKLO AUTES ETEKEN EN AUTE	ud_ancient_greek_ptnk	4th-5th c. CE (Codex Alexandrinus)	religious	translit_map
ud_ancient_greek_ptnk_Septuagint-Genesis-41:49-grc	καὶ συνήγαγεν Ἰωσὴφ σῖτον ὡσεὶ τὴν ἄμμον τῆς θαλάσσης πολὺν σφόδρα, ἕως οὐκ ἠδύναντο ἀριθμῆσαι, οὐ γὰρ ἦν ἀριθμός.	kai̯ synɛːɡaɡen iɔːsɛːpʰ siton ɔːseː tɛːn ammon tɛːs tʰalassɛːs polyn spʰodra eɔːs uːk ɛːdynanto aritʰmɛːsai̯ uː ɡar ɛːn aritʰmos	KAI SUNEGAGEN IOSEP SITON OSE TEN AMMON TES TALASSES POLUN SPODRA EOS UK EDUNANTO ARITMESAI U GAR EN ARITMOS	ud_ancient_greek_ptnk	4th-5th c. CE (Codex Alexandrinus)	religious	translit_map
ud_ancient_greek_ptnk_Septuagint-Genesis-41:50-grc	Τῷ δὲ Ἰωσὴφ ἐγένοντο υἱοὶ δύο πρὸ τοῦ ἐλθεῖν τὰ ἑπτὰ ἔτη τοῦ λιμοῦ, οὓς ἔτεκεν αὐτῷ Ἀσεννὲθ θυγάτηρ Πετεφρῇ ἱερέως Ἡλίου πόλεως.	tɔː de iɔːsɛːpʰ eɡenonto yi̯oi̯ dyo pro tuː eltʰeːn ta epta etɛː tuː limuː uːs eteken au̯tɔː asennetʰ tʰyɡatɛːr petepʰrɛː iereɔːs ɛːliuː poleɔːs	TO DE IOSEP EGENONTO UIOI DUO PRO TU ELTEN TA EPTA ETE TU LIMU US ETEKEN AUTO ASENNET TUGATER PETEPRE IEREOS ELIU POLEOS	ud_ancient_greek_ptnk	4th-5th c. CE (Codex Alexandrinus)	religious	translit_map
ud_ancient_greek_ptnk_Septuagint-Genesis-41:51-grc	ἐκάλεσεν δὲ Ἰωσὴφ τὸ ὄνομα τοῦ πρωτοτόκου Μανασσῆ, ὅτι Ἐπιλαθέσθαι με ἐποίησεν ὁ θεὸς πάντων τῶν πόνων μου καὶ πάντων τῶν τοῦ πατρός μου.	ekalesen de iɔːsɛːpʰ to onoma tuː prɔːtotokuː manassɛː oti epilatʰestʰai̯ me epoi̯ɛːsen o tʰeos pantɔːn tɔːn ponɔːn muː kai̯ pantɔːn tɔːn tuː patros muː	EKALESEN DE IOSEP TO ONOMA TU PROTOTOKU MANASSE OTI EPILATESTAI ME EPOIESEN O TEOS PANTON TON PONON MU KAI PANTON TON TU PATROS MU	ud_ancient_greek_ptnk	4th-5th c. CE (Codex Alexandrinus)	religious	translit_map
ud_ancient_greek_ptnk_Septuagint-Genesis-41:52-grc	τὸ δὲ ὄνομα τοῦ δευτέρου ἐκάλεσεν Ἐφραίμ, ὅτι Ηὔξησέν με ὁ θεὸς ἐν γῇ ταπεινώσεώς μου.	to de onoma tuː deu̯teruː ekalesen epʰrai̯m oti ɛːyksɛːsen me o tʰeos en ɡɛː tapeːnɔːseɔːs muː	TO DE ONOMA TU DEUTERU EKALESEN EPRAIM OTI EUKSESEN ME O TEOS EN GE TAPENOSEOS MU	ud_ancient_greek_ptnk	4th-5th c. CE (Codex Alexandrinus)	religious	translit_map
ud_ancient_greek_ptnk_Septuagint-Genesis-41:53-grc	Παρῆλθον δὲ τὰ ἑπτὰ ἔτη τῆς εὐθηνίας ἃ ἐγένοντο ἐν γῇ Αἰγύπτῳ,	parɛːltʰon de ta epta etɛː tɛːs eu̯tʰɛːnias a eɡenonto en ɡɛː ai̯ɡyptɔː	PARELTON DE TA EPTA ETE TES EUTENIAS A EGENONTO EN GE AIGUPTO	ud_ancient_greek_ptnk	4th-5th c. CE (Codex Alexandrinus)	religious	translit_map
ud_ancient_greek_ptnk_Septuagint-Genesis-41:54-grc	καὶ ἤρξαντο τὰ ἑπτὰ ἔτη τοῦ λιμοῦ ἔρχεσθαι, καθὰ εἶπεν Ἰωσήφ. καὶ ἐγένετο λιμὸς ἐν πάσῃ τῇ γῇ, ἐν δὲ πάσῃ γῇ Αἰγύπτου ἦσαν ἄρτοι.	kai̯ ɛːrksanto ta epta etɛː tuː limuː erkʰestʰai̯ katʰa eːpen iɔːsɛːpʰ kai̯ eɡeneto limos en pasɛː tɛː ɡɛː en de pasɛː ɡɛː ai̯ɡyptuː ɛːsan artoi̯	KAI ERKSANTO TA EPTA ETE TU LIMU ERKESTAI KATA EPEN IOSEP KAI EGENETO LIMOS EN PASE TE GE EN DE PASE GE AIGUPTU ESAN ARTOI	ud_ancient_greek_ptnk	4th-5th c. CE (Codex Alexandrinus)	religious	translit_map
ud_ancient_greek_ptnk_Septuagint-Genesis-41:55-grc	καὶ ἐπείνασεν πᾶσα ἡ γῆ Αἰγύπτου, ἐκέκραξεν δὲ ὁ λαὸς πρὸς Φαραὼ περὶ ἄρτων· εἶπεν δὲ Φαραὼ πᾶσι τοῖς Αἰγυπτίοις, Πορεύεσθε πρὸς Ἰωσήφ, καὶ ὃ ἐὰν εἴπῃ ὑμῖν, ποιήσατε.	kai̯ epeːnasen pasa ɛː ɡɛː ai̯ɡyptuː ekekraksen de o laos pros pʰaraɔː peri artɔːn eːpen de pʰaraɔː pasi toi̯s ai̯ɡyptioi̯s poreu̯estʰe pros iɔːsɛːpʰ kai̯ o ean eːpɛː ymin poi̯ɛːsate	KAI EPENASEN PASA E GE AIGUPTU EKEKRAKSEN DE O LAOS PROS PARAO PERI ARTON EPEN DE PARAO PASI TOIS AIGUPTIOIS POREUESTE PROS IOSEP KAI O EAN EPE UMIN POIESATE	ud_ancient_greek_ptnk	4th-5th c. CE (Codex Alexandrinus)	religious	translit_map
ud_ancient_greek_ptnk_Septuagint-Genesis-41:56-grc	καὶ ὁ λιμὸς ἦν ἐπὶ προσώπου πάσης τῆς γῆς· ἀνέῳξεν δὲ Ἰωσὴφ πάντας τοὺς σιτοβολῶνας καὶ ἐπώλει πᾶσι τοῖς Αἰγυπτίοις.	kai̯ o limos ɛːn epi prosɔːpuː pasɛːs tɛːs ɡɛːs aneɔːksen de iɔːsɛːpʰ pantas tuːs sitobolɔːnas kai̯ epɔːleː pasi toi̯s ai̯ɡyptioi̯s	KAI O LIMOS EN EPI PROSOPU PASES TES GES ANEOKSEN DE IOSEP PANTAS TUS SITOBOLONAS KAI EPOLE PASI TOIS AIGUPTIOIS	ud_ancient_greek_ptnk	4th-5th c. CE (Codex Alexandrinus)	religious	translit_map
ud_ancient_greek_ptnk_Septuagint-Genesis-41:57-grc	καὶ πᾶσαι αἱ χῶραι ἦλθον εἰς Αἴγυπτον ἀγοράζειν πρὸς Ἰωσήφ· ἐπεκράτησεν γὰρ ὁ λιμὸς ἐν πάσῃ τῇ γῇ.	kai̯ pasai̯ ai̯ kʰɔːrai̯ ɛːltʰon eːs ai̯ɡypton aɡorazdeːn pros iɔːsɛːpʰ epekratɛːsen ɡar o limos en pasɛː tɛː ɡɛː	KAI PASAI AI KORAI ELTON ES AIGUPTON AGORASDEN PROS IOSEP EPEKRATESEN GAR O LIMOS EN PASE TE GE	ud_ancient_greek_ptnk	4th-5th c. CE (Codex Alexandrinus)	religious	translit_map
ud_ancient_greek_ptnk_Septuagint-Genesis-42:1-grc	Ἰδὼν δὲ Ἰακὼβ ὅτι ἔστιν πρᾶσις ἐν Αἰγύπτῳ, εἶπεν τοῖς υἱοῖς αὐτοῦ Ἵνα τί ῥᾳθυμεῖτε;	idɔːn de iakɔːb oti estin prasis en ai̯ɡyptɔː eːpen toi̯s yi̯oi̯s au̯tuː ina ti ratʰymeːte	IDON DE IAKOB OTI ESTIN PRASIS EN AIGUPTO EPEN TOIS UIOIS AUTU INA TI RATUMETE	ud_ancient_greek_ptnk	4th-5th c. CE (Codex Alexandrinus)	religious	translit_map
ud_ancient_greek_ptnk_Septuagint-Genesis-42:2-grc	ἰδοὺ ἀκήκοα ὅτι ἔστιν σῖτος ἐν Αἰγύπτῳ· κατάβητε ἐκεῖ καὶ πρίασθε ἡμῖν μικρὰ βρώματα, ἵνα ζῶμεν καὶ μὴ ἀποθάνωμεν.	iduː akɛːkoa oti estin sitos en ai̯ɡyptɔː katabɛːte ekeː kai̯ priastʰe ɛːmin mikra brɔːmata ina zdɔːmen kai̯ mɛː apotʰanɔːmen	IDU AKEKOA OTI ESTIN SITOS EN AIGUPTO KATABETE EKE KAI PRIASTE EMIN MIKRA BROMATA INA SDOMEN KAI ME APOTANOMEN	ud_ancient_greek_ptnk	4th-5th c. CE (Codex Alexandrinus)	religious	translit_map
ud_ancient_greek_ptnk_Septuagint-Genesis-42:3-grc	κατέβησαν δὲ οἱ ἀδελφοὶ Ἰωσὴφ οἱ δέκα πρίασθαι σῖτον ἐξ Αἰγύπτου·	katebɛːsan de oi̯ adelpʰoi̯ iɔːsɛːpʰ oi̯ deka priastʰai̯ siton eks ai̯ɡyptuː	KATEBESAN DE OI ADELPOI IOSEP OI DEKA PRIASTAI SITON EKS AIGUPTU	ud_ancient_greek_ptnk	4th-5th c. CE (Codex Alexandrinus)	religious	translit_map
ud_ancient_greek_ptnk_Septuagint-Genesis-42:4-grc	τὸν δὲ Βενιαμὶν τὸν ἀδελφὸν Ἰωσὴφ οὐκ ἀπέστειλεν μετὰ τῶν ἀδελφῶν αὐτοῦ· εἶπεν γάρ, Μήποτε συμβῇ αὐτῷ μαλακία.	ton de beniamin ton adelpʰon iɔːsɛːpʰ uːk apesteːlen meta tɔːn adelpʰɔːn au̯tuː eːpen ɡar mɛːpote symbɛː au̯tɔː malakia	TON DE BENIAMIN TON ADELPON IOSEP UK APESTELEN META TON ADELPON AUTU EPEN GAR MEPOTE SUMBE AUTO MALAKIA	ud_ancient_greek_ptnk	4th-5th c. CE (Codex Alexandrinus)	religious	translit_map
ud_ancient_greek_ptnk_Septuagint-Genesis-42:5-grc	Ἦλθον δὲ οἱ υἱοὶ Ἰσραὴλ ἀγοράζειν μετὰ τῶν ἐρχομένων· ἦν γὰρ ὁ λιμὸς ἐν γῇ Χαναάν.	ɛːltʰon de oi̯ yi̯oi̯ israɛːl aɡorazdeːn meta tɔːn erkʰomenɔːn ɛːn ɡar o limos en ɡɛː kʰanaan	ELTON DE OI UIOI ISRAEL AGORASDEN META TON ERKOMENON EN GAR O LIMOS EN GE KANAAN	ud_ancient_greek_ptnk	4th-5th c. CE (Codex Alexandrinus)	religious	translit_map
ud_ancient_greek_ptnk_Septuagint-Genesis-42:6-grc	Ἰωσὴφ δὲ ἦν ἄρχων τῆς γῆς, οὗτος ἐπώλει παντὶ τῷ λαῷ τῆς γῆς· ἐλθόντες δὲ οἱ ἀδελφοὶ Ἰωσήφ προσεκύνησαν αὐτῷ ἐπὶ πρόσωπον ἐπὶ τὴν γῆν.	iɔːsɛːpʰ de ɛːn arkʰɔːn tɛːs ɡɛːs uːtos epɔːleː panti tɔː laɔː tɛːs ɡɛːs eltʰontes de oi̯ adelpʰoi̯ iɔːsɛːpʰ prosekynɛːsan au̯tɔː epi prosɔːpon epi tɛːn ɡɛːn	IOSEP DE EN ARKON TES GES UTOS EPOLE PANTI TO LAO TES GES ELTONTES DE OI ADELPOI IOSEP PROSEKUNESAN AUTO EPI PROSOPON EPI TEN GEN	ud_ancient_greek_ptnk	4th-5th c. CE (Codex Alexandrinus)	religious	translit_map
ud_ancient_greek_ptnk_Septuagint-Genesis-42:7-grc	ἰδὼν δὲ Ἰωσὴφ τοὺς ἀδελφοὺς αὐτοῦ ἐπέγνω καὶ ἠλλοτριοῦτο ἀπ᾿ αὐτῶν καὶ ἐλάλησεν αὐτοῖς σκληρὰ καὶ εἶπεν αὐτοῖς, Πόθεν ἥκατε; οἱ δὲ εἶπαν, Ἐκ γῆς Χαναὰν ἀγοράσαι βρώματα.	idɔːn de iɔːsɛːpʰ tuːs adelpʰuːs au̯tuː epeɡnɔː kai̯ ɛːllotriuːto ap au̯tɔːn kai̯ elalɛːsen au̯toi̯s sklɛːra kai̯ eːpen au̯toi̯s potʰen ɛːkate oi̯ de eːpan ek ɡɛːs kʰanaan aɡorasai̯ brɔːmata	IDON DE IOSEP TUS ADELPUS AUTU EPEGNO KAI ELLOTRIUTO AP AUTON KAI ELALESEN AUTOIS SKLERA KAI EPEN AUTOIS POTEN EKATE OI DE EPAN EK GES KANAAN AGORASAI BROMATA	ud_ancient_greek_ptnk	4th-5th c. CE (Codex Alexandrinus)	religious	translit_map
ud_ancient_greek_ptnk_Septuagint-Genesis-42:8-grc	ἐπέγνω δὲ Ἰωσὴφ τοὺς ἀδελφοὺς αὐτοῦ, αὐτοὶ δὲ οὐκ ἐπέγνωσαν αὐτόν.	epeɡnɔː de iɔːsɛːpʰ tuːs adelpʰuːs au̯tuː au̯toi̯ de uːk epeɡnɔːsan au̯ton	EPEGNO DE IOSEP TUS ADELPUS AUTU AUTOI DE UK EPEGNOSAN AUTON	ud_ancient_greek_ptnk	4th-5th c. CE (Codex Alexandrinus)	religious	translit_map
ud_ancient_greek_ptnk_Septuagint-Genesis-42:9-grc	καὶ ἐμνήσθη Ἰωσὴφ τῶν ἐνυπνίων, ὧν εἶδεν αὐτός, καὶ εἶπεν αὐτοῖς, Κατάσκοποί ἐστε· κατανοῆσαι τὰ ἴχνη τῆς χώρας ἥκατε.	kai̯ emnɛːstʰɛː iɔːsɛːpʰ tɔːn enypniɔːn ɔːn eːden au̯tos kai̯ eːpen au̯toi̯s kataskopoi̯ este katanoɛːsai̯ ta ikʰnɛː tɛːs kʰɔːras ɛːkate	KAI EMNESTE IOSEP TON ENUPNION ON EDEN AUTOS KAI EPEN AUTOIS KATASKOPOI ESTE KATANOESAI TA IKNE TES KORAS EKATE	ud_ancient_greek_ptnk	4th-5th c. CE (Codex Alexandrinus)	religious	translit_map
ud_ancient_greek_ptnk_Septuagint-Genesis-42:10-grc	οἱ δὲ εἶπαν, Οὐχί, κύριε· οἱ παῖδές σου ἤλθομεν πρίασθαι βρώματα·	oi̯ de eːpan uːkʰi kyrie oi̯ pai̯des suː ɛːltʰomen priastʰai̯ brɔːmata	OI DE EPAN UKI KURIE OI PAIDES SU ELTOMEN PRIASTAI BROMATA	ud_ancient_greek_ptnk	4th-5th c. CE (Codex Alexandrinus)	religious	translit_map
ud_ancient_greek_ptnk_Septuagint-Genesis-42:11-grc	πάντες ἐσμὲν υἱοὶ ἑνὸς ἀνθρώπου· εἰρηνικοί ἐσμεν, οὐκ εἰσὶν οἱ παῖδές σου κατάσκοποι.	pantes esmen yi̯oi̯ enos antʰrɔːpuː eːrɛːnikoi̯ esmen uːk eːsin oi̯ pai̯des suː kataskopoi̯	PANTES ESMEN UIOI ENOS ANTROPU ERENIKOI ESMEN UK ESIN OI PAIDES SU KATASKOPOI	ud_ancient_greek_ptnk	4th-5th c. CE (Codex Alexandrinus)	religious	translit_map
ud_ancient_greek_ptnk_Septuagint-Genesis-42:12-grc	εἶπεν δὲ αὐτοῖς, Οὐχί, ἀλλὰ τὰ ἴχνη τῆς γῆς ἤλθατε ἰδεῖν.	eːpen de au̯toi̯s uːkʰi alla ta ikʰnɛː tɛːs ɡɛːs ɛːltʰate ideːn	EPEN DE AUTOIS UKI ALLA TA IKNE TES GES ELTATE IDEN	ud_ancient_greek_ptnk	4th-5th c. CE (Codex Alexandrinus)	religious	translit_map
ud_ancient_greek_ptnk_Septuagint-Genesis-42:13-grc	οἱ δὲ εἶπαν, Δώδεκά ἐσμεν οἱ παῖδές σου ἀδελφοὶ ἐν γῇ Χαναάν, καὶ ἰδοὺ ὁ νεώτερος μετὰ τοῦ πατρὸς ἡμῶν σήμερον, ὁ δὲ ἕτερος οὐχ ὑπάρχει.	oi̯ de eːpan dɔːdeka esmen oi̯ pai̯des suː adelpʰoi̯ en ɡɛː kʰanaan kai̯ iduː o neɔːteros meta tuː patros ɛːmɔːn sɛːmeron o de eteros uːkʰ yparkʰeː	OI DE EPAN DODEKA ESMEN OI PAIDES SU ADELPOI EN GE KANAAN KAI IDU O NEOTEROS META TU PATROS EMON SEMERON O DE ETEROS UK UPARKE	ud_ancient_greek_ptnk	4th-5th c. CE (Codex Alexandrinus)	religious	translit_map
ud_ancient_greek_ptnk_Septuagint-Genesis-42:14-grc	εἶπεν δὲ αὐτοῖς Ἰωσήφ, Τοῦτό ἐστιν, ὃ εἴρηκα ὑμῖν λέγων ὅτι, Κατάσκοποί ἐστε·	eːpen de au̯toi̯s iɔːsɛːpʰ tuːto estin o eːrɛːka ymin leɡɔːn oti kataskopoi̯ este	EPEN DE AUTOIS IOSEP TUTO ESTIN O EREKA UMIN LEGON OTI KATASKOPOI ESTE	ud_ancient_greek_ptnk	4th-5th c. CE (Codex Alexandrinus)	religious	translit_map
ud_ancient_greek_ptnk_Septuagint-Genesis-42:15-grc	ἐν τούτῳ φανεῖσθε· νὴ τὴν ὑγίειαν Φαραώ, οὐ μὴ ἐξέλθητε ἐντεῦθεν, ἐὰν μὴ ὁ ἀδελφὸς ὑμῶν ὁ νεώτερος ἔλθῃ ὧδε.	en tuːtɔː pʰaneːstʰe nɛː tɛːn yɡieːan pʰaraɔː uː mɛː ekseltʰɛːte enteu̯tʰen ean mɛː o adelpʰos ymɔːn o neɔːteros eltʰɛː ɔːde	EN TUTO PANESTE NE TEN UGIEAN PARAO U ME EKSELTETE ENTEUTEN EAN ME O ADELPOS UMON O NEOTEROS ELTE ODE	ud_ancient_greek_ptnk	4th-5th c. CE (Codex Alexandrinus)	religious	translit_map
ud_ancient_greek_ptnk_Septuagint-Genesis-42:16-grc	ἀποστείλατε ἐξ ὑμῶν ἕνα καὶ λάβετε τὸν ἀδελφὸν ὑμῶν, ὑμεῖς δὲ ἀπάχθητε ἕως τοῦ φανερὰ γενέσθαι τὰ ῥήματα ὑμῶν, εἰ ἀληθεύετε ἢ οὔ εἰ δὲ μή, νὴ τὴν ὑγίειαν Φαραώ, ἦ μὴν κατάσκοποί ἐστε.	aposteːlate eks ymɔːn ena kai̯ labete ton adelpʰon ymɔːn ymeːs de apakʰtʰɛːte eɔːs tuː pʰanera ɡenestʰai̯ ta rɛːmata ymɔːn eː alɛːtʰeu̯ete ɛː uː eː de mɛː nɛː tɛːn yɡieːan pʰaraɔː ɛː mɛːn kataskopoi̯ este	APOSTELATE EKS UMON ENA KAI LABETE TON ADELPON UMON UMES DE APAKTETE EOS TU PANERA GENESTAI TA REMATA UMON E ALETEUETE E U E DE ME NE TEN UGIEAN PARAO E MEN KATASKOPOI ESTE	ud_ancient_greek_ptnk	4th-5th c. CE (Codex Alexandrinus)	religious	translit_map
ud_ancient_greek_ptnk_Septuagint-Genesis-42:17-grc	καὶ ἔθετο αὐτοὺς ἐν φυλακῇ ἡμέρας τρεῖς.	kai̯ etʰeto au̯tuːs en pʰylakɛː ɛːmeras treːs	KAI ETETO AUTUS EN PULAKE EMERAS TRES	ud_ancient_greek_ptnk	4th-5th c. CE (Codex Alexandrinus)	religious	translit_map
ud_ancient_greek_ptnk_Septuagint-Genesis-42:18-grc	Εἶπεν δὲ αὐτοῖς τῇ ἡμέρᾳ τῇ τρίτῃ, Τοῦτο ποιήσατε καὶ ζήσεσθε— τὸν θεὸν γὰρ ἐγὼ φοβοῦμαι—·	eːpen de au̯toi̯s tɛː ɛːmera tɛː tritɛː tuːto poi̯ɛːsate kai̯ zdɛːsestʰe ton tʰeon ɡar eɡɔː pʰobuːmai̯	EPEN DE AUTOIS TE EMERA TE TRITE TUTO POIESATE KAI SDESESTE TON TEON GAR EGO POBUMAI	ud_ancient_greek_ptnk	4th-5th c. CE (Codex Alexandrinus)	religious	translit_map
ud_ancient_greek_ptnk_Septuagint-Genesis-42:19-grc	εἰ εἰρηνικοί ἐστε, ἀδελφὸς ὑμῶν εἷς κατασχεθήτω ἐν τῇ φυλακῇ, αὐτοὶ δὲ βαδίσατε καὶ ἀπαγάγετε τὸν ἀγορασμὸν τῆς σιτοδοσίας ὑμῶν	eː eːrɛːnikoi̯ este adelpʰos ymɔːn eːs kataskʰetʰɛːtɔː en tɛː pʰylakɛː au̯toi̯ de badisate kai̯ apaɡaɡete ton aɡorasmon tɛːs sitodosias ymɔːn	E ERENIKOI ESTE ADELPOS UMON ES KATASKETETO EN TE PULAKE AUTOI DE BADISATE KAI APAGAGETE TON AGORASMON TES SITODOSIAS UMON	ud_ancient_greek_ptnk	4th-5th c. CE (Codex Alexandrinus)	religious	translit_map
ud_ancient_greek_ptnk_Septuagint-Genesis-42:20-grc	καὶ τὸν ἀδελφὸν ὑμῶν τὸν νεώτερον ἀγάγετε πρός με, καὶ πιστευθήσονται τὰ ῥήματα ὑμῶν· εἰ δὲ μή, ἀποθανεῖσθε. ἐποίησαν δὲ οὕτως.—	kai̯ ton adelpʰon ymɔːn ton neɔːteron aɡaɡete pros me kai̯ pisteu̯tʰɛːsontai̯ ta rɛːmata ymɔːn eː de mɛː apotʰaneːstʰe epoi̯ɛːsan de uːtɔːs	KAI TON ADELPON UMON TON NEOTERON AGAGETE PROS ME KAI PISTEUTESONTAI TA REMATA UMON E DE ME APOTANESTE EPOIESAN DE UTOS	ud_ancient_greek_ptnk	4th-5th c. CE (Codex Alexandrinus)	religious	translit_map
ud_ancient_greek_ptnk_Septuagint-Genesis-42:21-grc	καὶ εἶπεν ἕκαστος πρὸς τὸν ἀδελφὸν αὐτοῦ Ναί· ἐν ἁμαρτίᾳ γάρ ἐσμεν περὶ τοῦ ἀδελφοῦ ἡμῶν, ὅτι ὑπερείδομεν τὴν θλῖψιν τῆς ψυχῆς αὐτοῦ, ὅτε κατεδέετο ἡμῶν, καὶ οὐκ εἰσηκούσαμεν αὐτοῦ· ἕνεκεν τούτου ἐπῆλθεν ἐφ᾿ ἡμᾶς ἡ θλῖψις αὕτη.	kai̯ eːpen ekastos pros ton adelpʰon au̯tuː nai̯ en amartia ɡar esmen peri tuː adelpʰuː ɛːmɔːn oti ypereːdomen tɛːn tʰlipsin tɛːs psykʰɛːs au̯tuː ote katedeeto ɛːmɔːn kai̯ uːk eːsɛːkuːsamen au̯tuː eneken tuːtuː epɛːltʰen epʰ ɛːmas ɛː tʰlipsis au̯tɛː	KAI EPEN EKASTOS PROS TON ADELPON AUTU NAI EN AMARTIA GAR ESMEN PERI TU ADELPU EMON OTI UPEREDOMEN TEN TLIPSIN TES PSUKES AUTU OTE KATEDEETO EMON KAI UK ESEKUSAMEN AUTU ENEKEN TUTU EPELTEN EP EMAS E TLIPSIS AUTE	ud_ancient_greek_ptnk	4th-5th c. CE (Codex Alexandrinus)	religious	translit_map
ud_ancient_greek_ptnk_Septuagint-Genesis-42:22-grc	ἀποκριθεὶς δὲ Ῥουβὴν εἶπεν αὐτοῖς, Οὐκ ἐλάλησα ὑμῖν λέγων, Μὴ ἀδικήσητε τὸ παιδάριον; καὶ οὐκ εἰσηκούσατέ μου· καὶ ἰδοὺ τὸ αἷμα αὐτοῦ ἐκζητεῖται.	apokritʰeːs de ruːbɛːn eːpen au̯toi̯s uːk elalɛːsa ymin leɡɔːn mɛː adikɛːsɛːte to pai̯darion kai̯ uːk eːsɛːkuːsate muː kai̯ iduː to ai̯ma au̯tuː ekzdɛːteːtai̯	APOKRITES DE RUBEN EPEN AUTOIS UK ELALESA UMIN LEGON ME ADIKESETE TO PAIDARION KAI UK ESEKUSATE MU KAI IDU TO AIMA AUTU EKSDETETAI	ud_ancient_greek_ptnk	4th-5th c. CE (Codex Alexandrinus)	religious	translit_map
ud_ancient_greek_ptnk_Septuagint-Genesis-42:23-grc	αὐτοὶ δὲ οὐκ ᾔδεισαν ὅτι ἀκούει Ἰωσήφ· ὁ γὰρ ἑρμηνευτὴς ἀνὰ μέσον αὐτῶν ἦν.	au̯toi̯ de uːk ɛːdeːsan oti akuːeː iɔːsɛːpʰ o ɡar ermɛːneu̯tɛːs ana meson au̯tɔːn ɛːn	AUTOI DE UK EDESAN OTI AKUE IOSEP O GAR ERMENEUTES ANA MESON AUTON EN	ud_ancient_greek_ptnk	4th-5th c. CE (Codex Alexandrinus)	religious	translit_map
ud_ancient_greek_ptnk_Septuagint-Genesis-42:24-grc	ἀποστραφεὶς δὲ ἀπ᾿ αὐτῶν ἔκλαυσεν Ἰωσήφ.— καὶ πάλιν προσῆλθεν πρὸς αὐτοὺς καὶ εἶπεν αὐτοῖς καὶ ἔλαβεν τὸν Συμεὼν ἀπ᾿ αὐτῶν καὶ ἔδησεν αὐτὸν ἐναντίον αὐτῶν.	apostrapʰeːs de ap au̯tɔːn eklau̯sen iɔːsɛːpʰ kai̯ palin prosɛːltʰen pros au̯tuːs kai̯ eːpen au̯toi̯s kai̯ elaben ton symeɔːn ap au̯tɔːn kai̯ edɛːsen au̯ton enantion au̯tɔːn	APOSTRAPES DE AP AUTON EKLAUSEN IOSEP KAI PALIN PROSELTEN PROS AUTUS KAI EPEN AUTOIS KAI ELABEN TON SUMEON AP AUTON KAI EDESEN AUTON ENANTION AUTON	ud_ancient_greek_ptnk	4th-5th c. CE (Codex Alexandrinus)	religious	translit_map
ud_ancient_greek_ptnk_Septuagint-Genesis-42:25-grc	ἐνετείλατο δὲ Ἰωσὴφ ἐμπλῆσαι τὰ ἀγγεῖα αὐτῶν σίτου καὶ ἀποδοῦναι τὸ ἀργύριον ἑκάστου εἰς τὸν σάκκον αὐτοῦ καὶ δοῦναι αὐτοῖς ἐπισιτισμὸν εἰς τὴν ὁδόν. καὶ ἐγενήθη αὐτοῖς οὕτως.	eneteːlato de iɔːsɛːpʰ emplɛːsai̯ ta aŋɡeːa au̯tɔːn situː kai̯ apoduːnai̯ to arɡyrion ekastuː eːs ton sakkon au̯tuː kai̯ duːnai̯ au̯toi̯s episitismon eːs tɛːn odon kai̯ eɡenɛːtʰɛː au̯toi̯s uːtɔːs	ENETELATO DE IOSEP EMPLESAI TA ANGEA AUTON SITU KAI APODUNAI TO ARGURION EKASTU ES TON SAKKON AUTU KAI DUNAI AUTOIS EPISITISMON ES TEN ODON KAI EGENETE AUTOIS UTOS	ud_ancient_greek_ptnk	4th-5th c. CE (Codex Alexandrinus)	religious	translit_map
ud_ancient_greek_ptnk_Septuagint-Genesis-42:26-grc	καὶ ἐπιθέντες τὸν σῖτον ἐπὶ τοὺς ὄνους αὐτῶν ἀπῆλθον ἐκεῖθεν.—	kai̯ epitʰentes ton siton epi tuːs onuːs au̯tɔːn apɛːltʰon ekeːtʰen	KAI EPITENTES TON SITON EPI TUS ONUS AUTON APELTON EKETEN	ud_ancient_greek_ptnk	4th-5th c. CE (Codex Alexandrinus)	religious	translit_map
ud_ancient_greek_ptnk_Septuagint-Genesis-42:27-grc	λύσας δὲ εἷς τὸν μάρσιππον αὐτοῦ δοῦναι χορτάσματα τοῖς ὄνοις αὐτοῦ, οὗ κατέλυσαν, εἶδεν τὸν δεσμὸν τοῦ ἀργυρίου αὐτοῦ, καὶ ἦν ἐπάνω τοῦ στόματος τοῦ μαρσίππου·	lysas de eːs ton marsippon au̯tuː duːnai̯ kʰortasmata toi̯s onoi̯s au̯tuː uː katelysan eːden ton desmon tuː arɡyriuː au̯tuː kai̯ ɛːn epanɔː tuː stomatos tuː marsippuː	LUSAS DE ES TON MARSIPPON AUTU DUNAI KORTASMATA TOIS ONOIS AUTU U KATELUSAN EDEN TON DESMON TU ARGURIU AUTU KAI EN EPANO TU STOMATOS TU MARSIPPU	ud_ancient_greek_ptnk	4th-5th c. CE (Codex Alexandrinus)	religious	translit_map
ud_ancient_greek_ptnk_Septuagint-Genesis-42:28-grc	καὶ εἶπεν τοῖς ἀδελφοῖς αὐτοῦ, Ἀπεδόθη μοι τὸ ἀργύριον, καὶ ἰδοὺ τοῦτο ἐν τῷ μαρσίππῳ μου. καὶ ἐξέστη ἡ καρδία αὐτῶν, καὶ ἐταράχθησαν πρὸς ἀλλήλους λέγοντες, Τί τοῦτο ἐποίησεν ὁ θεὸς ἡμῖν;	kai̯ eːpen toi̯s adelpʰoi̯s au̯tuː apedotʰɛː moi̯ to arɡyrion kai̯ iduː tuːto en tɔː marsippɔː muː kai̯ eksestɛː ɛː kardia au̯tɔːn kai̯ etarakʰtʰɛːsan pros allɛːluːs leɡontes ti tuːto epoi̯ɛːsen o tʰeos ɛːmin	KAI EPEN TOIS ADELPOIS AUTU APEDOTE MOI TO ARGURION KAI IDU TUTO EN TO MARSIPPO MU KAI EKSESTE E KARDIA AUTON KAI ETARAKTESAN PROS ALLELUS LEGONTES TI TUTO EPOIESEN O TEOS EMIN	ud_ancient_greek_ptnk	4th-5th c. CE (Codex Alexandrinus)	religious	translit_map
ud_ancient_greek_ptnk_Septuagint-Genesis-42:29-grc	Ἦλθον δὲ πρὸς Ἰακὼβ τὸν πατέρα αὐτῶν εἰς γῆν Χαναὰν καὶ ἀπήγγειλαν αὐτῷ πάντα τὰ συμβάντα αὐτοῖς λέγοντες,	ɛːltʰon de pros iakɔːb ton patera au̯tɔːn eːs ɡɛːn kʰanaan kai̯ apɛːŋɡeːlan au̯tɔː panta ta symbanta au̯toi̯s leɡontes	ELTON DE PROS IAKOB TON PATERA AUTON ES GEN KANAAN KAI APENGELAN AUTO PANTA TA SUMBANTA AUTOIS LEGONTES	ud_ancient_greek_ptnk	4th-5th c. CE (Codex Alexandrinus)	religious	translit_map
ud_ancient_greek_ptnk_Septuagint-Genesis-42:30-grc	Λελάληκεν ὁ ἄνθρωπος ὁ κύριος τῆς γῆς πρὸς ἡμᾶς σκληρὰ καὶ ἔθετο ἡμᾶς ἐν φυλακῇ ὡς κατασκοπεύοντας τὴν γῆν.	lelalɛːken o antʰrɔːpos o kyrios tɛːs ɡɛːs pros ɛːmas sklɛːra kai̯ etʰeto ɛːmas en pʰylakɛː ɔːs kataskopeu̯ontas tɛːn ɡɛːn	LELALEKEN O ANTROPOS O KURIOS TES GES PROS EMAS SKLERA KAI ETETO EMAS EN PULAKE OS KATASKOPEUONTAS TEN GEN	ud_ancient_greek_ptnk	4th-5th c. CE (Codex Alexandrinus)	religious	translit_map
ud_ancient_greek_ptnk_Septuagint-Genesis-42:31-grc	εἴπαμεν δὲ αὐτῷ, Εἰρηνικοί ἐσμεν, οὔκ ἐσμεν κατάσκοποι·	eːpamen de au̯tɔː eːrɛːnikoi̯ esmen uːk esmen kataskopoi̯	EPAMEN DE AUTO ERENIKOI ESMEN UK ESMEN KATASKOPOI	ud_ancient_greek_ptnk	4th-5th c. CE (Codex Alexandrinus)	religious	translit_map
ud_ancient_greek_ptnk_Septuagint-Genesis-42:32-grc	δώδεκα ἀδελφοί ἐσμεν, υἱοὶ τοῦ πατρὸς ἡμῶν· ὁ εἷς οὐχ ὑπάρχει, ὁ δὲ μικρότερος μετὰ τοῦ πατρὸς ἡμῶν σήμερον ἐν γῇ Χαναάν.	dɔːdeka adelpʰoi̯ esmen yi̯oi̯ tuː patros ɛːmɔːn o eːs uːkʰ yparkʰeː o de mikroteros meta tuː patros ɛːmɔːn sɛːmeron en ɡɛː kʰanaan	DODEKA ADELPOI ESMEN UIOI TU PATROS EMON O ES UK UPARKE O DE MIKROTEROS META TU PATROS EMON SEMERON EN GE KANAAN	ud_ancient_greek_ptnk	4th-5th c. CE (Codex Alexandrinus)	religious	translit_map
ud_ancient_greek_ptnk_Septuagint-Genesis-42:33-grc	εἶπεν δὲ ἡμῖν ὁ ἄνθρωπος ὁ κύριος τῆς γῆς, Ἐν τούτῳ γνώσομαι ὅτι εἰρηνικοί ἐστε· ἀδελφὸν ἕνα ἄφετε ὧδε μετ᾿ ἐμοῦ, τὸν δὲ ἀγορασμὸν τῆς σιτοδοσίας τοῦ οἴκου ὑμῶν λαβόντες ἀπέλθατε	eːpen de ɛːmin o antʰrɔːpos o kyrios tɛːs ɡɛːs en tuːtɔː ɡnɔːsomai̯ oti eːrɛːnikoi̯ este adelpʰon ena apʰete ɔːde met emuː ton de aɡorasmon tɛːs sitodosias tuː oi̯kuː ymɔːn labontes apeltʰate	EPEN DE EMIN O ANTROPOS O KURIOS TES GES EN TUTO GNOSOMAI OTI ERENIKOI ESTE ADELPON ENA APETE ODE MET EMU TON DE AGORASMON TES SITODOSIAS TU OIKU UMON LABONTES APELTATE	ud_ancient_greek_ptnk	4th-5th c. CE (Codex Alexandrinus)	religious	translit_map
ud_ancient_greek_ptnk_Septuagint-Genesis-42:34-grc	καὶ ἀγάγετε πρός με τὸν ἀδελφὸν ὑμῶν τὸν νεώτερον, καὶ γνώσομαι ὅτι οὐ κατάσκοποί ἐστε, ἀλλ᾿ ὅτι εἰρηνικοί ἐστε, καὶ τὸν ἀδελφὸν ὑμῶν ἀποδώσω ὑμῖν, καὶ τῇ γῇ ἐμπορεύεσθε.	kai̯ aɡaɡete pros me ton adelpʰon ymɔːn ton neɔːteron kai̯ ɡnɔːsomai̯ oti uː kataskopoi̯ este all oti eːrɛːnikoi̯ este kai̯ ton adelpʰon ymɔːn apodɔːsɔː ymin kai̯ tɛː ɡɛː emporeu̯estʰe	KAI AGAGETE PROS ME TON ADELPON UMON TON NEOTERON KAI GNOSOMAI OTI U KATASKOPOI ESTE ALL OTI ERENIKOI ESTE KAI TON ADELPON UMON APODOSO UMIN KAI TE GE EMPOREUESTE	ud_ancient_greek_ptnk	4th-5th c. CE (Codex Alexandrinus)	religious	translit_map
ud_ancient_greek_ptnk_Septuagint-Genesis-42:35-grc	ἐγένετο δὲ ἐν τῷ κατακενοῦν αὐτοὺς τοὺς σάκκους αὐτῶν καὶ ἦν ἑκάστου ὁ δεσμὸς τοῦ ἀργυρίου ἐν τῷ σάκκῳ αὐτῶν· καὶ εἶδον τοὺς δεσμοὺς τοῦ ἀργυρίου αὐτῶν, αὐτοὶ καὶ ὁ πατὴρ αὐτῶν, καὶ ἐφοβήθησαν.	eɡeneto de en tɔː katakenuːn au̯tuːs tuːs sakkuːs au̯tɔːn kai̯ ɛːn ekastuː o desmos tuː arɡyriuː en tɔː sakkɔː au̯tɔːn kai̯ eːdon tuːs desmuːs tuː arɡyriuː au̯tɔːn au̯toi̯ kai̯ o patɛːr au̯tɔːn kai̯ epʰobɛːtʰɛːsan	EGENETO DE EN TO KATAKENUN AUTUS TUS SAKKUS AUTON KAI EN EKASTU O DESMOS TU ARGURIU EN TO SAKKO AUTON KAI EDON TUS DESMUS TU ARGURIU AUTON AUTOI KAI O PATER AUTON KAI EPOBETESAN	ud_ancient_greek_ptnk	4th-5th c. CE (Codex Alexandrinus)	religious	translit_map
ud_ancient_greek_ptnk_Septuagint-Genesis-42:36-grc	εἶπεν δὲ αὐτοῖς Ἰακὼβ ὁ πατὴρ αὐτῶν, Ἐμὲ ἠτεκνώσατε· Ἰωσὴφ οὐκ ἔστιν Συμεὼν οὐκ ἔστιν, καὶ τὸν Βενιαμὶν λήμψεσθε· ἐπ᾿ ἐμὲ ἐγένετο πάντα ταῦτα.	eːpen de au̯toi̯s iakɔːb o patɛːr au̯tɔːn eme ɛːteknɔːsate iɔːsɛːpʰ uːk estin symeɔːn uːk estin kai̯ ton beniamin lɛːmpsestʰe ep eme eɡeneto panta tau̯ta	EPEN DE AUTOIS IAKOB O PATER AUTON EME ETEKNOSATE IOSEP UK ESTIN SUMEON UK ESTIN KAI TON BENIAMIN LEMPSESTE EP EME EGENETO PANTA TAUTA	ud_ancient_greek_ptnk	4th-5th c. CE (Codex Alexandrinus)	religious	translit_map
ud_ancient_greek_ptnk_Septuagint-Genesis-42:37-grc	εἶπεν δὲ Ῥουβὴν τῷ πατρὶ αὐτοῦ λέγων, Τοὺς δύο υἱούς μου ἀπόκτεινον, ἐὰν μὴ ἀγάγω αὐτὸν πρὸς σέ δὸς αὐτὸν εἰς τὴν χεῖρά μου, κἀγὼ ἀνάξω αὐτὸν πρὸς σέ.	eːpen de ruːbɛːn tɔː patri au̯tuː leɡɔːn tuːs dyo yi̯uːs muː apokteːnon ean mɛː aɡaɡɔː au̯ton pros se dos au̯ton eːs tɛːn kʰeːra muː kaɡɔː anaksɔː au̯ton pros se	EPEN DE RUBEN TO PATRI AUTU LEGON TUS DUO UIUS MU APOKTENON EAN ME AGAGO AUTON PROS SE DOS AUTON ES TEN KERA MU KAGO ANAKSO AUTON PROS SE	ud_ancient_greek_ptnk	4th-5th c. CE (Codex Alexandrinus)	religious	translit_map
ud_ancient_greek_ptnk_Septuagint-Genesis-42:38-grc	ὁ δὲ εἶπεν, Οὐ καταβήσεται ὁ υἱός μου μεθ᾿ ὑμῶν, ὅτι ὁ ἀδελφὸς αὐτοῦ ἀπέθανεν καὶ αὐτὸς μόνος καταλέλειπται· καὶ συμβήσεται αὐτὸν μαλακισθῆναι ἐν τῇ ὁδῷ, ᾗ ἄν πορεύησθε, καὶ κατάξετέ μου τὸ γῆρας μετὰ λύπης εἰς ᾅδου.	o de eːpen uː katabɛːsetai̯ o yi̯os muː metʰ ymɔːn oti o adelpʰos au̯tuː apetʰanen kai̯ au̯tos monos kataleleːptai̯ kai̯ symbɛːsetai̯ au̯ton malakistʰɛːnai̯ en tɛː odɔː ɛː an poreu̯ɛːstʰe kai̯ kataksete muː to ɡɛːras meta lypɛːs eːs aduː	O DE EPEN U KATABESETAI O UIOS MU MET UMON OTI O ADELPOS AUTU APETANEN KAI AUTOS MONOS KATALELEPTAI KAI SUMBESETAI AUTON MALAKISTENAI EN TE ODO E AN POREUESTE KAI KATAKSETE MU TO GERAS META LUPES ES ADU	ud_ancient_greek_ptnk	4th-5th c. CE (Codex Alexandrinus)	religious	translit_map
ud_ancient_greek_ptnk_Septuagint-Genesis-43:1-grc	Ὁ δὲ λιμὸς ἐνίσχυσεν ἐπὶ τῆς γῆς.	o de limos eniskʰysen epi tɛːs ɡɛːs	O DE LIMOS ENISKUSEN EPI TES GES	ud_ancient_greek_ptnk	4th-5th c. CE (Codex Alexandrinus)	religious	translit_map
ud_ancient_greek_ptnk_Septuagint-Genesis-43:2-grc	ἐγένετο δὲ ἡνίκα συνετέλεσαν καταφαγεῖν τὸν σῖτον, ὃν ἤνεγκαν ἐξ Αἰγύπτου, καὶ εἶπεν αὐτοῖς ὁ πατὴρ αὐτῶν, Πάλιν πορευθέντες πρίασθε ἡμῖν μικρὰ βρώματα.	eɡeneto de ɛːnika synetelesan katapʰaɡeːn ton siton on ɛːneŋkan eks ai̯ɡyptuː kai̯ eːpen au̯toi̯s o patɛːr au̯tɔːn palin poreu̯tʰentes priastʰe ɛːmin mikra brɔːmata	EGENETO DE ENIKA SUNETELESAN KATAPAGEN TON SITON ON ENENKAN EKS AIGUPTU KAI EPEN AUTOIS O PATER AUTON PALIN POREUTENTES PRIASTE EMIN MIKRA BROMATA	ud_ancient_greek_ptnk	4th-5th c. CE (Codex Alexandrinus)	religious	translit_map
ud_ancient_greek_ptnk_Septuagint-Genesis-43:3-grc	εἶπεν δὲ αὐτῷ Ἰούδας λέγων, διαμαρτυρίᾳ Διαμεμαρτύρηται ἡμῖν ὁ ἄνθρωπος λέγων, Οὐκ ὄψεσθε τὸ πρόσωπόν μου, ἐὰν μὴ ὁ ἀδελφὸς ὑμῶν ὁ νεώτερος μεθ᾿ ὑμῶν ᾖ.	eːpen de au̯tɔː iuːdas leɡɔːn diamartyria diamemartyrɛːtai̯ ɛːmin o antʰrɔːpos leɡɔːn uːk opsestʰe to prosɔːpon muː ean mɛː o adelpʰos ymɔːn o neɔːteros metʰ ymɔːn ɛː	EPEN DE AUTO IUDAS LEGON DIAMARTURIA DIAMEMARTURETAI EMIN O ANTROPOS LEGON UK OPSESTE TO PROSOPON MU EAN ME O ADELPOS UMON O NEOTEROS MET UMON E	ud_ancient_greek_ptnk	4th-5th c. CE (Codex Alexandrinus)	religious	translit_map
ud_ancient_greek_ptnk_Septuagint-Genesis-43:4-grc	εἰ μὲν οὖν ἀποστέλλεις τὸν ἀδελφὸν ἡμῶν μεθ᾿ ἡμῶν, καταβησόμεθα καὶ ἀγοράσωμέν σοί βρώματα·	eː men uːn apostelleːs ton adelpʰon ɛːmɔːn metʰ ɛːmɔːn katabɛːsometʰa kai̯ aɡorasɔːmen soi̯ brɔːmata	E MEN UN APOSTELLES TON ADELPON EMON MET EMON KATABESOMETA KAI AGORASOMEN SOI BROMATA	ud_ancient_greek_ptnk	4th-5th c. CE (Codex Alexandrinus)	religious	translit_map
ud_ancient_greek_ptnk_Septuagint-Genesis-43:5-grc	εἰ δὲ μὴ ἀποστέλλεις τὸν ἀδελφὸν ἡμῶν, μεθ᾿ ἡμῶν, οὐ πορευσόμεθα· ὁ γὰρ ἄνθρωπος εἶπεν ἡμῖν λέγων, Οὐκ ὄψεσθέ μου τὸ πρόσωπον, ἐὰν μὴ ὁ ἀδελφὸς ὑμῶν ὁ νεώτερος μεθ᾿ ὑμῶν ᾖ.	eː de mɛː apostelleːs ton adelpʰon ɛːmɔːn metʰ ɛːmɔːn uː poreu̯sometʰa o ɡar antʰrɔːpos eːpen ɛːmin leɡɔːn uːk opsestʰe muː to prosɔːpon ean mɛː o adelpʰos ymɔːn o neɔːteros metʰ ymɔːn ɛː	E DE ME APOSTELLES TON ADELPON EMON MET EMON U POREUSOMETA O GAR ANTROPOS EPEN EMIN LEGON UK OPSESTE MU TO PROSOPON EAN ME O ADELPOS UMON O NEOTEROS MET UMON E	ud_ancient_greek_ptnk	4th-5th c. CE (Codex Alexandrinus)	religious	translit_map
ud_ancient_greek_ptnk_Septuagint-Genesis-43:6-grc	εἶπεν δὲ Ἰσραήλ, Τί ἐκακοποιήσατέ με ἀναγγείλαντες τῷ ἀνθρώπῳ εἰ ἔστιν ὑμῖν ἀδελφός;	eːpen de israɛːl ti ekakopoi̯ɛːsate me anaŋɡeːlantes tɔː antʰrɔːpɔː eː estin ymin adelpʰos	EPEN DE ISRAEL TI EKAKOPOIESATE ME ANANGELANTES TO ANTROPO E ESTIN UMIN ADELPOS	ud_ancient_greek_ptnk	4th-5th c. CE (Codex Alexandrinus)	religious	translit_map
ud_ancient_greek_ptnk_Septuagint-Genesis-43:7-grc	οἱ δὲ εἶπαν, Ἐρωτῶν ἐπηρώτησεν ἡμᾶς ὁ ἄνθρωπος καὶ τὴν γενεὰν ἡμῶν λέγων, Εἰ ἔτι ὁ πατὴρ ὑμῶν ζῇ; εἰ ἔστιν ὑμῖν ἀδελφός; καὶ ἀπηγγείλαμεν αὐτῷ κατὰ τὴν ἐπερώτησιν ταύτην. μὴ ᾔδειμεν εἰ ἐρεῖ ἡμῖν, ἀγάγετε τὸν ἀδελφὸν ὑμῶν;	oi̯ de eːpan erɔːtɔːn epɛːrɔːtɛːsen ɛːmas o antʰrɔːpos kai̯ tɛːn ɡenean ɛːmɔːn leɡɔːn eː eti o patɛːr ymɔːn zdɛː eː estin ymin adelpʰos kai̯ apɛːŋɡeːlamen au̯tɔː kata tɛːn eperɔːtɛːsin tau̯tɛːn mɛː ɛːdeːmen eː ereː ɛːmin aɡaɡete ton adelpʰon ymɔːn	OI DE EPAN EROTON EPEROTESEN EMAS O ANTROPOS KAI TEN GENEAN EMON LEGON E ETI O PATER UMON SDE E ESTIN UMIN ADELPOS KAI APENGELAMEN AUTO KATA TEN EPEROTESIN TAUTEN ME EDEMEN E ERE EMIN AGAGETE TON ADELPON UMON	ud_ancient_greek_ptnk	4th-5th c. CE (Codex Alexandrinus)	religious	translit_map
ud_ancient_greek_ptnk_Septuagint-Genesis-43:8-grc	εἶπεν δὲ Ἰούδας πρὸς Ἰσραὴλ τὸν πατέρα αὐτοῦ, Ἀπόστειλον τὸ παιδάριον μετ᾿ ἐμοῦ, καὶ ἀναστάντες πορευσόμεθα, ἵνα ζῶμεν καὶ μὴ ἀποθάνωμεν καὶ ἡμεῖς καὶ σὺ καὶ ἡ ἀποσκευὴ ἡμῶν.	eːpen de iuːdas pros israɛːl ton patera au̯tuː aposteːlon to pai̯darion met emuː kai̯ anastantes poreu̯sometʰa ina zdɔːmen kai̯ mɛː apotʰanɔːmen kai̯ ɛːmeːs kai̯ sy kai̯ ɛː aposkeu̯ɛː ɛːmɔːn	EPEN DE IUDAS PROS ISRAEL TON PATERA AUTU APOSTELON TO PAIDARION MET EMU KAI ANASTANTES POREUSOMETA INA SDOMEN KAI ME APOTANOMEN KAI EMES KAI SU KAI E APOSKEUE EMON	ud_ancient_greek_ptnk	4th-5th c. CE (Codex Alexandrinus)	religious	translit_map
ud_ancient_greek_ptnk_Septuagint-Genesis-43:9-grc	ἐγὼ δὲ ἐκδέχομαι αὐτόν, ἐκ χειρός μου ζήτησον αὐτόν· ἐὰν μὴ ἀγάγω αὐτὸν πρὸς σὲ καὶ στήσω αὐτὸν ἐναντίον σου, ἡμαρτηκὼς ἔσομαι πρὸς σὲ πάσας τὰς ἡμέρας.	eɡɔː de ekdekʰomai̯ au̯ton ek kʰeːros muː zdɛːtɛːson au̯ton ean mɛː aɡaɡɔː au̯ton pros se kai̯ stɛːsɔː au̯ton enantion suː ɛːmartɛːkɔːs esomai̯ pros se pasas tas ɛːmeras	EGO DE EKDEKOMAI AUTON EK KEROS MU SDETESON AUTON EAN ME AGAGO AUTON PROS SE KAI STESO AUTON ENANTION SU EMARTEKOS ESOMAI PROS SE PASAS TAS EMERAS	ud_ancient_greek_ptnk	4th-5th c. CE (Codex Alexandrinus)	religious	translit_map
ud_ancient_greek_ptnk_Septuagint-Genesis-43:10-grc	εἰ μὴ γὰρ ἐβραδύναμεν, ἤδη ἄν ὑπεστρέψαμεν δίς.	eː mɛː ɡar ebradynamen ɛːdɛː an ypestrepsamen dis	E ME GAR EBRADUNAMEN EDE AN UPESTREPSAMEN DIS	ud_ancient_greek_ptnk	4th-5th c. CE (Codex Alexandrinus)	religious	translit_map
ud_ancient_greek_ptnk_Septuagint-Genesis-43:11-grc	εἶπεν δὲ αὐτοῖς Ἰσραὴλ ὁ πατὴρ αὐτῶν Εἰ οὕτως ἐστίν, τοῦτο ποιήσατε· λάβετε ἀπὸ τῶν καρπῶν τῆς γῆς ἐν τοῖς ἀγγείοις ὑμῶν καὶ καταγάγετε τῷ ἀνθρώπῳ δῶρα, τῆς ῥητίνης καὶ τοῦ μέλιτος, θυμίαμα καὶ στακτὴν καὶ τερέμινθον καὶ κάρυα.	eːpen de au̯toi̯s israɛːl o patɛːr au̯tɔːn eː uːtɔːs estin tuːto poi̯ɛːsate labete apo tɔːn karpɔːn tɛːs ɡɛːs en toi̯s aŋɡeːoi̯s ymɔːn kai̯ kataɡaɡete tɔː antʰrɔːpɔː dɔːra tɛːs rɛːtinɛːs kai̯ tuː melitos tʰymiama kai̯ staktɛːn kai̯ teremintʰon kai̯ karya	EPEN DE AUTOIS ISRAEL O PATER AUTON E UTOS ESTIN TUTO POIESATE LABETE APO TON KARPON TES GES EN TOIS ANGEOIS UMON KAI KATAGAGETE TO ANTROPO DORA TES RETINES KAI TU MELITOS TUMIAMA KAI STAKTEN KAI TEREMINTON KAI KARUA	ud_ancient_greek_ptnk	4th-5th c. CE (Codex Alexandrinus)	religious	translit_map
ud_ancient_greek_ptnk_Septuagint-Genesis-43:12-grc	καὶ τὸ ἀργύριον δισσὸν λάβετε ἐν ταῖς χερσὶν ὑμῶν· τὸ ἀργύριον τὸ ἀποστραφὲν ἐν τοῖς μαρσίπποις ὑμῶν· ἀποστρέψατε μεθ᾿ ὑμῶν μήποτε ἀγνόημά ἐστιν.	kai̯ to arɡyrion disson labete en tai̯s kʰersin ymɔːn to arɡyrion to apostrapʰen en toi̯s marsippoi̯s ymɔːn apostrepsate metʰ ymɔːn mɛːpote aɡnoɛːma estin	KAI TO ARGURION DISSON LABETE EN TAIS KERSIN UMON TO ARGURION TO APOSTRAPEN EN TOIS MARSIPPOIS UMON APOSTREPSATE MET UMON MEPOTE AGNOEMA ESTIN	ud_ancient_greek_ptnk	4th-5th c. CE (Codex Alexandrinus)	religious	translit_map
ud_ancient_greek_ptnk_Septuagint-Genesis-43:13-grc	καὶ τὸν ἀδελφὸν ὑμῶν λάβετε καὶ ἀναστάντες κατάβητε πρὸς τὸν ἄνθρωπον.	kai̯ ton adelpʰon ymɔːn labete kai̯ anastantes katabɛːte pros ton antʰrɔːpon	KAI TON ADELPON UMON LABETE KAI ANASTANTES KATABETE PROS TON ANTROPON	ud_ancient_greek_ptnk	4th-5th c. CE (Codex Alexandrinus)	religious	translit_map
ud_ancient_greek_ptnk_Septuagint-Genesis-43:14-grc	ὁ δὲ θεός μου δῴη ὑμῖν χάριν ἐναντίον τοῦ ἀνθρώπου, καὶ ἀποστείλαι τὸν ἀδελφὸν ὑμῶν τὸν ἕνα καὶ τὸν Βενιαμὶν ἐγὼ μὲν γάρ, καθὰ ἠτέκνωμαι, ἠτέκνωμαι.	o de tʰeos muː dɔːɛː ymin kʰarin enantion tuː antʰrɔːpuː kai̯ aposteːlai̯ ton adelpʰon ymɔːn ton ena kai̯ ton beniamin eɡɔː men ɡar katʰa ɛːteknɔːmai̯ ɛːteknɔːmai̯	O DE TEOS MU DOE UMIN KARIN ENANTION TU ANTROPU KAI APOSTELAI TON ADELPON UMON TON ENA KAI TON BENIAMIN EGO MEN GAR KATA ETEKNOMAI ETEKNOMAI	ud_ancient_greek_ptnk	4th-5th c. CE (Codex Alexandrinus)	religious	translit_map
ud_ancient_greek_ptnk_Septuagint-Genesis-43:15-grc	Λαβόντες δὲ οἱ ἄνδρες τὰ δῶρα ταῦτα καὶ τὸ ἀργύριον διπλοῦν ἔλαβον ἐν ταῖς χερσὶν αὐτῶν καὶ τὸν Βενιαμὶν καὶ ἀναστάντες κατέβησαν εἰς Αἴγυπτον καὶ ἔστησαν ἐναντίον Ἰωσήφ.	labontes de oi̯ andres ta dɔːra tau̯ta kai̯ to arɡyrion dipluːn elabon en tai̯s kʰersin au̯tɔːn kai̯ ton beniamin kai̯ anastantes katebɛːsan eːs ai̯ɡypton kai̯ estɛːsan enantion iɔːsɛːpʰ	LABONTES DE OI ANDRES TA DORA TAUTA KAI TO ARGURION DIPLUN ELABON EN TAIS KERSIN AUTON KAI TON BENIAMIN KAI ANASTANTES KATEBESAN ES AIGUPTON KAI ESTESAN ENANTION IOSEP	ud_ancient_greek_ptnk	4th-5th c. CE (Codex Alexandrinus)	religious	translit_map
ud_ancient_greek_ptnk_Septuagint-Genesis-43:16-grc	εἶδεν δὲ Ἰωσὴφ αὐτοὺς καὶ τὸν Βενιαμὶν τὸν ἀδελφὸν αὐτοῦ τὸν ὁμομήτριον καὶ εἶπεν τῷ ἐπὶ τῆς οἰκίας αὐτοῦ Εἰσάγαγε τοὺς ἀνθρώπους εἰς τὴν οἰκίαν καὶ σφάξον θύματα καὶ ἑτοίμασον· μετ᾿ ἐμοῦ γὰρ φάγονται οἱ ἄνθρωποι ἄρτους τὴν μεσημβρίαν.	eːden de iɔːsɛːpʰ au̯tuːs kai̯ ton beniamin ton adelpʰon au̯tuː ton omomɛːtrion kai̯ eːpen tɔː epi tɛːs oi̯kias au̯tuː eːsaɡaɡe tuːs antʰrɔːpuːs eːs tɛːn oi̯kian kai̯ spʰakson tʰymata kai̯ etoi̯mason met emuː ɡar pʰaɡontai̯ oi̯ antʰrɔːpoi̯ artuːs tɛːn mesɛːmbrian	EDEN DE IOSEP AUTUS KAI TON BENIAMIN TON ADELPON AUTU TON OMOMETRION KAI EPEN TO EPI TES OIKIAS AUTU ESAGAGE TUS ANTROPUS ES TEN OIKIAN KAI SPAKSON TUMATA KAI ETOIMASON MET EMU GAR PAGONTAI OI ANTROPOI ARTUS TEN MESEMBRIAN	ud_ancient_greek_ptnk	4th-5th c. CE (Codex Alexandrinus)	religious	translit_map
ud_ancient_greek_ptnk_Septuagint-Genesis-43:17-grc	ἐποίησεν δὲ ὁ ἄνθρωπος, καθὰ εἶπεν Ἰωσήφ, καὶ εἰσήγαγεν τοὺς ἀνθρώπους εἰς τὸν οἶκον Ἰωσήφ.—	epoi̯ɛːsen de o antʰrɔːpos katʰa eːpen iɔːsɛːpʰ kai̯ eːsɛːɡaɡen tuːs antʰrɔːpuːs eːs ton oi̯kon iɔːsɛːpʰ	EPOIESEN DE O ANTROPOS KATA EPEN IOSEP KAI ESEGAGEN TUS ANTROPUS ES TON OIKON IOSEP	ud_ancient_greek_ptnk	4th-5th c. CE (Codex Alexandrinus)	religious	translit_map
ud_ancient_greek_ptnk_Septuagint-Genesis-43:18-grc	ἰδόντες δὲ οἱ ἄνθρωποι ὅτι εἰσήχθησαν εἰς τὸν οἶκον Ἰωσήφ, εἶπαν Διὰ τὸ ἀργύριον τὸ ἀποστραφὲν ἐν τοῖς μαρσίπποις ἡμῶν τὴν ἀρχὴν ἡμεῖς εἰσαγόμεθα τοῦ συκοφαντῆσαι ἡμᾶς καὶ ἐπιθέσθαι ἡμῖν τοῦ λαβεῖν ἡμᾶς εἰς παῖδας καὶ τοὺς ὄνους ἡμῶν.	idontes de oi̯ antʰrɔːpoi̯ oti eːsɛːkʰtʰɛːsan eːs ton oi̯kon iɔːsɛːpʰ eːpan dia to arɡyrion to apostrapʰen en toi̯s marsippoi̯s ɛːmɔːn tɛːn arkʰɛːn ɛːmeːs eːsaɡometʰa tuː sykopʰantɛːsai̯ ɛːmas kai̯ epitʰestʰai̯ ɛːmin tuː labeːn ɛːmas eːs pai̯das kai̯ tuːs onuːs ɛːmɔːn	IDONTES DE OI ANTROPOI OTI ESEKTESAN ES TON OIKON IOSEP EPAN DIA TO ARGURION TO APOSTRAPEN EN TOIS MARSIPPOIS EMON TEN ARKEN EMES ESAGOMETA TU SUKOPANTESAI EMAS KAI EPITESTAI EMIN TU LABEN EMAS ES PAIDAS KAI TUS ONUS EMON	ud_ancient_greek_ptnk	4th-5th c. CE (Codex Alexandrinus)	religious	translit_map
ud_ancient_greek_ptnk_Septuagint-Genesis-43:19-grc	προσελθόντες δὲ πρὸς τὸν ἄνθρωπον τὸν ἐπὶ τοῦ οἴκου Ἰωσὴφ ἐλάλησαν αὐτῷ ἐν τῷ πυλῶνι τοῦ οἴκου	proseltʰontes de pros ton antʰrɔːpon ton epi tuː oi̯kuː iɔːsɛːpʰ elalɛːsan au̯tɔː en tɔː pylɔːni tuː oi̯kuː	PROSELTONTES DE PROS TON ANTROPON TON EPI TU OIKU IOSEP ELALESAN AUTO EN TO PULONI TU OIKU	ud_ancient_greek_ptnk	4th-5th c. CE (Codex Alexandrinus)	religious	translit_map
ud_ancient_greek_ptnk_Septuagint-Genesis-43:20-grc	λέγοντες Δεόμεθα κύριε· κατέβημεν τὴν ἀρχὴν πρίασθαι βρώματα·	leɡontes deometʰa kyrie katebɛːmen tɛːn arkʰɛːn priastʰai̯ brɔːmata	LEGONTES DEOMETA KURIE KATEBEMEN TEN ARKEN PRIASTAI BROMATA	ud_ancient_greek_ptnk	4th-5th c. CE (Codex Alexandrinus)	religious	translit_map
ud_ancient_greek_ptnk_Septuagint-Genesis-43:21-grc	ἐγένετο δὲ ἡνίκα ἤλθομεν εἰς τὸ καταλῦσαι καὶ ἠνοίξαμεν τοὺς μαρσίππους ἡμῶν, καὶ τόδε τὸ ἀργύριον ἑκάστου ἐν τῷ μαρσίππῳ αὐτοῦ· τὸ ἀργύριον ἡμῶν ἐν σταθμῷ ἀπεστρέψαμεν νῦν ἐν ταῖς χερσὶν ἡμῶν	eɡeneto de ɛːnika ɛːltʰomen eːs to katalysai̯ kai̯ ɛːnoi̯ksamen tuːs marsippuːs ɛːmɔːn kai̯ tode to arɡyrion ekastuː en tɔː marsippɔː au̯tuː to arɡyrion ɛːmɔːn en statʰmɔː apestrepsamen nyn en tai̯s kʰersin ɛːmɔːn	EGENETO DE ENIKA ELTOMEN ES TO KATALUSAI KAI ENOIKSAMEN TUS MARSIPPUS EMON KAI TODE TO ARGURION EKASTU EN TO MARSIPPO AUTU TO ARGURION EMON EN STATMO APESTREPSAMEN NUN EN TAIS KERSIN EMON	ud_ancient_greek_ptnk	4th-5th c. CE (Codex Alexandrinus)	religious	translit_map
ud_ancient_greek_ptnk_Septuagint-Genesis-43:22-grc	καὶ ἀργύριον ἕτερον ἠνέγκαμεν μεθ᾿ ἑαυτῶν ἀγοράσαι βρώματα· οὐκ οἴδαμεν, τίς ἐνέβαλεν τὸ ἀργύριον εἰς τοὺς μαρσίππους ἡμῶν.	kai̯ arɡyrion eteron ɛːneŋkamen metʰ eau̯tɔːn aɡorasai̯ brɔːmata uːk oi̯damen tis enebalen to arɡyrion eːs tuːs marsippuːs ɛːmɔːn	KAI ARGURION ETERON ENENKAMEN MET EAUTON AGORASAI BROMATA UK OIDAMEN TIS ENEBALEN TO ARGURION ES TUS MARSIPPUS EMON	ud_ancient_greek_ptnk	4th-5th c. CE (Codex Alexandrinus)	religious	translit_map
ud_ancient_greek_ptnk_Septuagint-Genesis-43:23-grc	εἶπεν δὲ αὐτοῖς Ἵλεως ὑμῖν, μὴ φοβεῖσθε· ὁ θεὸς ὑμῶν καὶ ὁ θεὸς τῶν πατέρων ὑμῶν ἔδωκεν ὑμῖν θησαυροὺς ἐν τοῖς μαρσίπποις ὑμῶν, τὸ δὲ ἀργύριον ὑμῶν εὐδοκιμοῦν ἀπέχω. καὶ ἐξήγαγεν πρὸς αὐτοὺς τὸν Συμεὼν	eːpen de au̯toi̯s ileɔːs ymin mɛː pʰobeːstʰe o tʰeos ymɔːn kai̯ o tʰeos tɔːn paterɔːn ymɔːn edɔːken ymin tʰɛːsau̯ruːs en toi̯s marsippoi̯s ymɔːn to de arɡyrion ymɔːn eu̯dokimuːn apekʰɔː kai̯ eksɛːɡaɡen pros au̯tuːs ton symeɔːn	EPEN DE AUTOIS ILEOS UMIN ME POBESTE O TEOS UMON KAI O TEOS TON PATERON UMON EDOKEN UMIN TESAURUS EN TOIS MARSIPPOIS UMON TO DE ARGURION UMON EUDOKIMUN APEKO KAI EKSEGAGEN PROS AUTUS TON SUMEON	ud_ancient_greek_ptnk	4th-5th c. CE (Codex Alexandrinus)	religious	translit_map
ud_ancient_greek_ptnk_Septuagint-Genesis-43:24-grc	καὶ ἤνεγκεν ὕδωρ νίψαι τοὺς πόδας αὐτῶν καὶ ἔδωκεν χορτάσματα τοῖς ὄνοις αὐτῶν.	kai̯ ɛːneŋken ydɔːr nipsai̯ tuːs podas au̯tɔːn kai̯ edɔːken kʰortasmata toi̯s onoi̯s au̯tɔːn	KAI ENENKEN UDOR NIPSAI TUS PODAS AUTON KAI EDOKEN KORTASMATA TOIS ONOIS AUTON	ud_ancient_greek_ptnk	4th-5th c. CE (Codex Alexandrinus)	religious	translit_map
ud_ancient_greek_ptnk_Septuagint-Genesis-43:25-grc	ἡτοίμασαν δὲ τὰ δῶρα ἕως τοῦ ἐλθεῖν Ἰωσὴφ μεσημβρίας· ἤκουσαν γὰρ ὅτι ἐκεῖ μέλλει ἀριστᾶν.	ɛːtoi̯masan de ta dɔːra eɔːs tuː eltʰeːn iɔːsɛːpʰ mesɛːmbrias ɛːkuːsan ɡar oti ekeː melleː aristan	ETOIMASAN DE TA DORA EOS TU ELTEN IOSEP MESEMBRIAS EKUSAN GAR OTI EKE MELLE ARISTAN	ud_ancient_greek_ptnk	4th-5th c. CE (Codex Alexandrinus)	religious	translit_map
ud_ancient_greek_ptnk_Septuagint-Genesis-43:26-grc	Εἰσῆλθεν δὲ Ἰωσὴφ εἰς τὴν οἰκίαν, καὶ προσήνεγκαν αὐτῷ τὰ δῶρα, ἃ εἶχον ἐν ταῖς χερσὶν αὐτῶν, εἰς τὸν οἶκον καὶ προσεκύνησαν αὐτῷ ἐπὶ πρόσωπον ἐπὶ τὴν γῆν.	eːsɛːltʰen de iɔːsɛːpʰ eːs tɛːn oi̯kian kai̯ prosɛːneŋkan au̯tɔː ta dɔːra a eːkʰon en tai̯s kʰersin au̯tɔːn eːs ton oi̯kon kai̯ prosekynɛːsan au̯tɔː epi prosɔːpon epi tɛːn ɡɛːn	ESELTEN DE IOSEP ES TEN OIKIAN KAI PROSENENKAN AUTO TA DORA A EKON EN TAIS KERSIN AUTON ES TON OIKON KAI PROSEKUNESAN AUTO EPI PROSOPON EPI TEN GEN	ud_ancient_greek_ptnk	4th-5th c. CE (Codex Alexandrinus)	religious	translit_map
ud_ancient_greek_ptnk_Septuagint-Genesis-43:27-grc	ἠρώτησεν δὲ αὐτούς Πῶς ἔχετε καὶ εἶπεν αὐτοῖς Εἰ ὑγιαίνει ὁ πατὴρ ὑμῶν ὁ πρεσβύτερος, ὃν εἴπατε; ἔτι ζῇ;	ɛːrɔːtɛːsen de au̯tuːs pɔːs ekʰete kai̯ eːpen au̯toi̯s eː yɡiai̯neː o patɛːr ymɔːn o presbyteros on eːpate eti zdɛː	EROTESEN DE AUTUS POS EKETE KAI EPEN AUTOIS E UGIAINE O PATER UMON O PRESBUTEROS ON EPATE ETI SDE	ud_ancient_greek_ptnk	4th-5th c. CE (Codex Alexandrinus)	religious	translit_map
ud_ancient_greek_ptnk_Septuagint-Genesis-43:28-grc	οἱ δὲ εἶπαν Ὑγιαίνει ὁ παῖς σου ὁ πατὴρ ἡμῶν, ἔτι ζῇ. καὶ εἶπεν Εὐλογητὸς ὁ ἄνθρωπος ἐκεῖνος τῷ θεῷ. καὶ κύψαντες προσεκύνησαν αὐτῷ.	oi̯ de eːpan yɡiai̯neː o pai̯s suː o patɛːr ɛːmɔːn eti zdɛː kai̯ eːpen eu̯loɡɛːtos o antʰrɔːpos ekeːnos tɔː tʰeɔː kai̯ kypsantes prosekynɛːsan au̯tɔː	OI DE EPAN UGIAINE O PAIS SU O PATER EMON ETI SDE KAI EPEN EULOGETOS O ANTROPOS EKENOS TO TEO KAI KUPSANTES PROSEKUNESAN AUTO	ud_ancient_greek_ptnk	4th-5th c. CE (Codex Alexandrinus)	religious	translit_map
ud_ancient_greek_ptnk_Septuagint-Genesis-43:29-grc	ἀναβλέψας δὲ τοῖς ὀφθαλμοῖς Ἰωσὴφ εἶδεν Βενιαμὶν τὸν ἀδελφὸν αὐτοῦ τὸν ὁμομήτριον καὶ εἶπεν Οὗτος ὁ ἀδελφὸς ὑμῶν ὁ νεώτερος, ὃν εἴπατε πρός με ἀγαγεῖν; καὶ εἶπεν Ὁ θεὸς ἐλεήσαι σε, τέκνον.	anablepsas de toi̯s opʰtʰalmoi̯s iɔːsɛːpʰ eːden beniamin ton adelpʰon au̯tuː ton omomɛːtrion kai̯ eːpen uːtos o adelpʰos ymɔːn o neɔːteros on eːpate pros me aɡaɡeːn kai̯ eːpen o tʰeos eleɛːsai̯ se teknon	ANABLEPSAS DE TOIS OPTALMOIS IOSEP EDEN BENIAMIN TON ADELPON AUTU TON OMOMETRION KAI EPEN UTOS O ADELPOS UMON O NEOTEROS ON EPATE PROS ME AGAGEN KAI EPEN O TEOS ELEESAI SE TEKNON	ud_ancient_greek_ptnk	4th-5th c. CE (Codex Alexandrinus)	religious	translit_map
ud_ancient_greek_ptnk_Septuagint-Genesis-43:30-grc	ἐταράχθη δὲ Ἰωσήφ— συνεστρέφετο γὰρ τὰ ἐζήτει αὐτοῦ ἐπὶ τῷ ἀδελφῷ αὐτοῦ— καὶ ἐζήτει κλαῦσαι· εἰσελθὼν δὲ εἰς τὸ ταμιεῖον ἔκλαυσεν ἐκεῖ.	etarakʰtʰɛː de iɔːsɛːpʰ synestrepʰeto ɡar ta ezdɛːteː au̯tuː epi tɔː adelpʰɔː au̯tuː kai̯ ezdɛːteː klau̯sai̯ eːseltʰɔːn de eːs to tamieːon eklau̯sen ekeː	ETARAKTE DE IOSEP SUNESTREPETO GAR TA ESDETE AUTU EPI TO ADELPO AUTU KAI ESDETE KLAUSAI ESELTON DE ES TO TAMIEON EKLAUSEN EKE	ud_ancient_greek_ptnk	4th-5th c. CE (Codex Alexandrinus)	religious	translit_map
ud_ancient_greek_ptnk_Septuagint-Genesis-43:31-grc	καὶ νιψάμενος τὸ πρόσωπον ἐξελθὼν ἐνεκρατεύσατο καὶ εἶπεν Παράθετε ἄρτους.	kai̯ nipsamenos to prosɔːpon ekseltʰɔːn enekrateu̯sato kai̯ eːpen paratʰete artuːs	KAI NIPSAMENOS TO PROSOPON EKSELTON ENEKRATEUSATO KAI EPEN PARATETE ARTUS	ud_ancient_greek_ptnk	4th-5th c. CE (Codex Alexandrinus)	religious	translit_map
ud_ancient_greek_ptnk_Septuagint-Genesis-43:32-grc	καὶ παρέθηκαν αὐτῷ μόνῳ καὶ αὐτοῖς καθ᾿ ἑαυτοὺς καὶ τοῖς Αἰγυπτίοις τοῖς συνδειπνοῦσιν μετ᾿ αὐτοῦ καθ᾿ ἑαυτούς· οὐ γὰρ ἐδύναντο οἱ Αἰγύπτιοι συνεσθίειν μετὰ τῶν Ἑβραίων ἄρτους, βδέλυγμα γάρ ἐστιν τοῖς Αἰγυπτίοις.	kai̯ paretʰɛːkan au̯tɔː monɔː kai̯ au̯toi̯s katʰ eau̯tuːs kai̯ toi̯s ai̯ɡyptioi̯s toi̯s syndeːpnuːsin met au̯tuː katʰ eau̯tuːs uː ɡar edynanto oi̯ ai̯ɡyptioi̯ synestʰieːn meta tɔːn ebrai̯ɔːn artuːs bdelyɡma ɡar estin toi̯s ai̯ɡyptioi̯s	KAI PARETEKAN AUTO MONO KAI AUTOIS KAT EAUTUS KAI TOIS AIGUPTIOIS TOIS SUNDEPNUSIN MET AUTU KAT EAUTUS U GAR EDUNANTO OI AIGUPTIOI SUNESTIEN META TON EBRAION ARTUS BDELUGMA GAR ESTIN TOIS AIGUPTIOIS	ud_ancient_greek_ptnk	4th-5th c. CE (Codex Alexandrinus)	religious	translit_map
ud_ancient_greek_ptnk_Septuagint-Genesis-43:33-grc	ἐκάθισαν δὲ ἐναντίον αὐτοῦ, ὁ πρωτότοκος κατὰ τὰ πρεσβεῖα αὐτοῦ καὶ ὁ νεώτερος κατὰ τὴν νεότητα αὐτοῦ· ἐξίσταντο δὲ οἱ ἄνθρωποι ἕκαστος πρὸς τὸν ἀδελφὸν αὐτοῦ.	ekatʰisan de enantion au̯tuː o prɔːtotokos kata ta presbeːa au̯tuː kai̯ o neɔːteros kata tɛːn neotɛːta au̯tuː eksistanto de oi̯ antʰrɔːpoi̯ ekastos pros ton adelpʰon au̯tuː	EKATISAN DE ENANTION AUTU O PROTOTOKOS KATA TA PRESBEA AUTU KAI O NEOTEROS KATA TEN NEOTETA AUTU EKSISTANTO DE OI ANTROPOI EKASTOS PROS TON ADELPON AUTU	ud_ancient_greek_ptnk	4th-5th c. CE (Codex Alexandrinus)	religious	translit_map
ud_ancient_greek_ptnk_Septuagint-Genesis-43:34-grc	ἦραν δὲ μερίδας παρ᾿ αὐτοῦ πρὸς αὐτούς· ἐμεγαλύνθη δὲ ἡ μερὶς Βενιαμὶν παρὰ τὰς μερίδας πάντων πενταπλασίως πρὸς τὰς ἐκείνων. ἔπιον δὲ καὶ ἐμεθύσθησαν μετ᾿ αὐτοῦ.	ɛːran de meridas par au̯tuː pros au̯tuːs emeɡalyntʰɛː de ɛː meris beniamin para tas meridas pantɔːn pentaplasiɔːs pros tas ekeːnɔːn epion de kai̯ emetʰystʰɛːsan met au̯tuː	ERAN DE MERIDAS PAR AUTU PROS AUTUS EMEGALUNTE DE E MERIS BENIAMIN PARA TAS MERIDAS PANTON PENTAPLASIOS PROS TAS EKENON EPION DE KAI EMETUSTESAN MET AUTU	ud_ancient_greek_ptnk	4th-5th c. CE (Codex Alexandrinus)	religious	translit_map
ud_ancient_greek_ptnk_Septuagint-Genesis-44:1-grc	Καὶ ἐνετείλατο Ἰωσὴφ τῷ ὄντι ἐπὶ τῆς οἰκίας αὐτοῦ λέγων Πλήσατε τοὺς μαρσίππους τῶν ἀνθρώπων βρωμάτων, ὅσα ἐὰν δύνωνται ἆραι, καὶ ἐμβάλατε ἑκάστου τὸ ἀργύριον ἐπὶ τοῦ στόματος τοῦ μαρσίππου	kai̯ eneteːlato iɔːsɛːpʰ tɔː onti epi tɛːs oi̯kias au̯tuː leɡɔːn plɛːsate tuːs marsippuːs tɔːn antʰrɔːpɔːn brɔːmatɔːn osa ean dynɔːntai̯ arai̯ kai̯ embalate ekastuː to arɡyrion epi tuː stomatos tuː marsippuː	KAI ENETELATO IOSEP TO ONTI EPI TES OIKIAS AUTU LEGON PLESATE TUS MARSIPPUS TON ANTROPON BROMATON OSA EAN DUNONTAI ARAI KAI EMBALATE EKASTU TO ARGURION EPI TU STOMATOS TU MARSIPPU	ud_ancient_greek_ptnk	4th-5th c. CE (Codex Alexandrinus)	religious	translit_map
ud_ancient_greek_ptnk_Septuagint-Genesis-44:2-grc	καὶ τὸ κόνδυ μου τὸ ἀργυροῦν ἐμβάλατε εἰς τὸν μάρσιππον τοῦ νεωτέρου καὶ τὴν τιμὴν τοῦ σίτου αὐτοῦ. ἐγενήθη δὲ κατὰ τὸ ῥῆμα Ἰωσήφ, καθὼς εἶπεν.—	kai̯ to kondy muː to arɡyruːn embalate eːs ton marsippon tuː neɔːteruː kai̯ tɛːn timɛːn tuː situː au̯tuː eɡenɛːtʰɛː de kata to rɛːma iɔːsɛːpʰ katʰɔːs eːpen	KAI TO KONDU MU TO ARGURUN EMBALATE ES TON MARSIPPON TU NEOTERU KAI TEN TIMEN TU SITU AUTU EGENETE DE KATA TO REMA IOSEP KATOS EPEN	ud_ancient_greek_ptnk	4th-5th c. CE (Codex Alexandrinus)	religious	translit_map
ud_ancient_greek_ptnk_Septuagint-Genesis-44:3-grc	τὸ πρωῒ διέφαυσεν, καὶ οἱ ἄνθρωποι ἀπεστάλησαν αὐτοὶ καὶ οἱ ὄνοι αὐτῶν.	to prɔːi̯ diepʰau̯sen kai̯ oi̯ antʰrɔːpoi̯ apestalɛːsan au̯toi̯ kai̯ oi̯ onoi̯ au̯tɔːn	TO PROI DIEPAUSEN KAI OI ANTROPOI APESTALESAN AUTOI KAI OI ONOI AUTON	ud_ancient_greek_ptnk	4th-5th c. CE (Codex Alexandrinus)	religious	translit_map
ud_ancient_greek_ptnk_Septuagint-Genesis-44:4-grc	ἐξελθόντων δὲ αὐτῶν τὴν πόλιν (οὐκ ἀπέσχον μακράν) καὶ Ἰωσὴφ εἶπεν τῷ ἐπὶ τῆς οἰκίας αὐτοῦ Ἀναστὰς ἐπιδίωξον ὀπίσω τῶν ἀνθρώπων καὶ καταλήμψῃ αὐτοὺς καὶ ἐρεῖς αὐτοῖς Τί ὅτι ἀνταπεδώκατε πονηρὰ ἀντὶ καλῶν;	ekseltʰontɔːn de au̯tɔːn tɛːn polin uːk apeskʰon makran kai̯ iɔːsɛːpʰ eːpen tɔː epi tɛːs oi̯kias au̯tuː anastas epidiɔːkson opisɔː tɔːn antʰrɔːpɔːn kai̯ katalɛːmpsɛː au̯tuːs kai̯ ereːs au̯toi̯s ti oti antapedɔːkate ponɛːra anti kalɔːn	EKSELTONTON DE AUTON TEN POLIN UK APESKON MAKRAN KAI IOSEP EPEN TO EPI TES OIKIAS AUTU ANASTAS EPIDIOKSON OPISO TON ANTROPON KAI KATALEMPSE AUTUS KAI ERES AUTOIS TI OTI ANTAPEDOKATE PONERA ANTI KALON	ud_ancient_greek_ptnk	4th-5th c. CE (Codex Alexandrinus)	religious	translit_map
ud_ancient_greek_ptnk_Septuagint-Genesis-44:5-grc	ἵνα τί ἐκλέψατέ μου τὸ κόνδυ τὸ ἀργυροῦν; οὐ τοῦτό ἐστιν, ἐν ᾧ πίνει ὁ κύριός μου; αὐτὸς δὲ οἰωνισμῷ οἰωνίζεται ἐν αὐτῷ. πονηρὰ συντετέλεσθε, ἃ πεποιήκατε.	ina ti eklepsate muː to kondy to arɡyruːn uː tuːto estin en ɔː pineː o kyrios muː au̯tos de oi̯ɔːnismɔː oi̯ɔːnizdetai̯ en au̯tɔː ponɛːra syntetelestʰe a pepoi̯ɛːkate	INA TI EKLEPSATE MU TO KONDU TO ARGURUN U TUTO ESTIN EN O PINE O KURIOS MU AUTOS DE OIONISMO OIONISDETAI EN AUTO PONERA SUNTETELESTE A PEPOIEKATE	ud_ancient_greek_ptnk	4th-5th c. CE (Codex Alexandrinus)	religious	translit_map
ud_ancient_greek_ptnk_Septuagint-Genesis-44:6-grc	εὑρὼν δὲ αὐτοὺς εἶπεν αὐτοῖς κατὰ τὰ ῥήματα ταῦτα.	eu̯rɔːn de au̯tuːs eːpen au̯toi̯s kata ta rɛːmata tau̯ta	EURON DE AUTUS EPEN AUTOIS KATA TA REMATA TAUTA	ud_ancient_greek_ptnk	4th-5th c. CE (Codex Alexandrinus)	religious	translit_map
ud_ancient_greek_ptnk_Septuagint-Genesis-44:7-grc	οἱ δὲ εἶπον αὐτῷ Ἵνα τί λαλεῖ ὁ κύριος κατὰ τὰ ῥήματα ταῦτα; μὴ γένοιτο τοῖς παισίν σου ποιῆσαι κατὰ τὸ ῥῆμα τοῦτο.	oi̯ de eːpon au̯tɔː ina ti laleː o kyrios kata ta rɛːmata tau̯ta mɛː ɡenoi̯to toi̯s pai̯sin suː poi̯ɛːsai̯ kata to rɛːma tuːto	OI DE EPON AUTO INA TI LALE O KURIOS KATA TA REMATA TAUTA ME GENOITO TOIS PAISIN SU POIESAI KATA TO REMA TUTO	ud_ancient_greek_ptnk	4th-5th c. CE (Codex Alexandrinus)	religious	translit_map
ud_ancient_greek_ptnk_Septuagint-Genesis-44:8-grc	εἰ τὸ μὲν ἀργύριον, ὃ εὕρομεν ἐν τοῖς μαρσίπποις ἡμῶν, ἀπεστρέψαμεν πρὸς σὲ ἐκ γῆς Χαναάν, πῶς ἄν κλέψαιμεν ἐκ τοῦ οἴκου τοῦ κυρίου σου ἀργύριον ἢ χρυσίον;	eː to men arɡyrion o eu̯romen en toi̯s marsippoi̯s ɛːmɔːn apestrepsamen pros se ek ɡɛːs kʰanaan pɔːs an klepsai̯men ek tuː oi̯kuː tuː kyriuː suː arɡyrion ɛː kʰrysion	E TO MEN ARGURION O EUROMEN EN TOIS MARSIPPOIS EMON APESTREPSAMEN PROS SE EK GES KANAAN POS AN KLEPSAIMEN EK TU OIKU TU KURIU SU ARGURION E KRUSION	ud_ancient_greek_ptnk	4th-5th c. CE (Codex Alexandrinus)	religious	translit_map
ud_ancient_greek_ptnk_Septuagint-Genesis-44:9-grc	παρ᾿ ᾧ ἄν εὑρεθῇ τὸ κόνδυ τῶν παίδων σου, ἀποθνῃσκέτω· καὶ ἡμεῖς δὲ ἐσόμεθα παῖδες τῷ κυρίῳ ἡμῶν.	par ɔː an eu̯retʰɛː to kondy tɔːn pai̯dɔːn suː apotʰnɛːsketɔː kai̯ ɛːmeːs de esometʰa pai̯des tɔː kyriɔː ɛːmɔːn	PAR O AN EURETE TO KONDU TON PAIDON SU APOTNESKETO KAI EMES DE ESOMETA PAIDES TO KURIO EMON	ud_ancient_greek_ptnk	4th-5th c. CE (Codex Alexandrinus)	religious	translit_map
ud_ancient_greek_ptnk_Septuagint-Genesis-44:10-grc	ὁ δὲ εἶπεν Καὶ νῦν ὡς λέγετε, οὕτως ἔσται· ὁ ἄνθρωπος, παρ᾿ ᾧ ἄν εὑρεθῇ τὸ κόνδυ, αὐτὸς ἔσται μου παῖς, ὑμεῖς δὲ ἔσεσθε καθαροί.	o de eːpen kai̯ nyn ɔːs leɡete uːtɔːs estai̯ o antʰrɔːpos par ɔː an eu̯retʰɛː to kondy au̯tos estai̯ muː pai̯s ymeːs de esestʰe katʰaroi̯	O DE EPEN KAI NUN OS LEGETE UTOS ESTAI O ANTROPOS PAR O AN EURETE TO KONDU AUTOS ESTAI MU PAIS UMES DE ESESTE KATAROI	ud_ancient_greek_ptnk	4th-5th c. CE (Codex Alexandrinus)	religious	translit_map
ud_ancient_greek_ptnk_Septuagint-Genesis-44:11-grc	καὶ ἔσπευσαν καὶ καθεῖλαν ἕκαστος τὸν μάρσιππον αὐτοῦ ἐπὶ τὴν γῆν καὶ ἤνοιξαν ἕκαστος τὸν μάρσιππον αὐτοῦ.	kai̯ espeu̯san kai̯ katʰeːlan ekastos ton marsippon au̯tuː epi tɛːn ɡɛːn kai̯ ɛːnoi̯ksan ekastos ton marsippon au̯tuː	KAI ESPEUSAN KAI KATELAN EKASTOS TON MARSIPPON AUTU EPI TEN GEN KAI ENOIKSAN EKASTOS TON MARSIPPON AUTU	ud_ancient_greek_ptnk	4th-5th c. CE (Codex Alexandrinus)	religious	translit_map
ud_ancient_greek_ptnk_Septuagint-Genesis-44:12-grc	ἠρεύνα δὲ ἀπὸ τοῦ πρεσβυτέρου ἀρξάμενος ἕως ἦλθεν ἐπὶ τὸν νεώτερον, καὶ εὗρεν τὸ κόνδυ ἐν τῷ μαρσίππῳ τῷ Βενιαμίν.	ɛːreu̯na de apo tuː presbyteruː arksamenos eɔːs ɛːltʰen epi ton neɔːteron kai̯ eu̯ren to kondy en tɔː marsippɔː tɔː beniamin	EREUNA DE APO TU PRESBUTERU ARKSAMENOS EOS ELTEN EPI TON NEOTERON KAI EUREN TO KONDU EN TO MARSIPPO TO BENIAMIN	ud_ancient_greek_ptnk	4th-5th c. CE (Codex Alexandrinus)	religious	translit_map
ud_ancient_greek_ptnk_Septuagint-Genesis-44:13-grc	καὶ διέρρηξαν τὰ ἱμάτια αὐτῶν καὶ ἐπέθηκαν ἕκαστος τὸν μάρσιππον αὐτοῦ ἐπὶ τὸν ὄνον αὐτοῦ καὶ ἐπέστρεψαν εἰς τὴν πόλιν.	kai̯ dierrɛːksan ta imatia au̯tɔːn kai̯ epetʰɛːkan ekastos ton marsippon au̯tuː epi ton onon au̯tuː kai̯ epestrepsan eːs tɛːn polin	KAI DIERREKSAN TA IMATIA AUTON KAI EPETEKAN EKASTOS TON MARSIPPON AUTU EPI TON ONON AUTU KAI EPESTREPSAN ES TEN POLIN	ud_ancient_greek_ptnk	4th-5th c. CE (Codex Alexandrinus)	religious	translit_map
ud_ancient_greek_ptnk_Septuagint-Genesis-44:14-grc	Εἰσῆλθεν δὲ Ἰούδας καὶ οἱ ἀδελφοὶ αὐτοῦ πρὸς Ἰωσὴφ ἔτι αὐτοῦ ὄντος ἐκεῖ καὶ ἔπεσον ἐναντίον αὐτοῦ ἐπὶ τὴν γῆν.	eːsɛːltʰen de iuːdas kai̯ oi̯ adelpʰoi̯ au̯tuː pros iɔːsɛːpʰ eti au̯tuː ontos ekeː kai̯ epeson enantion au̯tuː epi tɛːn ɡɛːn	ESELTEN DE IUDAS KAI OI ADELPOI AUTU PROS IOSEP ETI AUTU ONTOS EKE KAI EPESON ENANTION AUTU EPI TEN GEN	ud_ancient_greek_ptnk	4th-5th c. CE (Codex Alexandrinus)	religious	translit_map
ud_ancient_greek_ptnk_Septuagint-Genesis-44:15-grc	εἶπεν δὲ αὐτοῖς Ἰωσὴφ Τί τὸ πρᾶγμα τοῦτο, ὃ ἐποιήσατε; οὐκ οἴδατε ὅτι οἰωνισμῷ οἰωνιεῖται ἄνθρωπος οἷος ἐγώ;	eːpen de au̯toi̯s iɔːsɛːpʰ ti to praɡma tuːto o epoi̯ɛːsate uːk oi̯date oti oi̯ɔːnismɔː oi̯ɔːnieːtai̯ antʰrɔːpos oi̯os eɡɔː	EPEN DE AUTOIS IOSEP TI TO PRAGMA TUTO O EPOIESATE UK OIDATE OTI OIONISMO OIONIETAI ANTROPOS OIOS EGO	ud_ancient_greek_ptnk	4th-5th c. CE (Codex Alexandrinus)	religious	translit_map
ud_ancient_greek_ptnk_Septuagint-Genesis-44:16-grc	εἶπεν δὲ Ἰούδας Τί ἀντεροῦμεν τῷ κυρίῳ ἢ τί λαλήσωμεν ἢ τί δικαιωθῶμεν; ὁ δὲ θεὸς εὗρεν τὴν ἀδικίαν τῶν παίδων σου. ἰδού ἐσμεν οἰκέται τῷ κυρίῳ ἡμῶν, καὶ ἡμεῖς καὶ παρ᾿ ᾧ εὑρέθη τὸ κόνδυ.	eːpen de iuːdas ti anteruːmen tɔː kyriɔː ɛː ti lalɛːsɔːmen ɛː ti dikai̯ɔːtʰɔːmen o de tʰeos eu̯ren tɛːn adikian tɔːn pai̯dɔːn suː iduː esmen oi̯ketai̯ tɔː kyriɔː ɛːmɔːn kai̯ ɛːmeːs kai̯ par ɔː eu̯retʰɛː to kondy	EPEN DE IUDAS TI ANTERUMEN TO KURIO E TI LALESOMEN E TI DIKAIOTOMEN O DE TEOS EUREN TEN ADIKIAN TON PAIDON SU IDU ESMEN OIKETAI TO KURIO EMON KAI EMES KAI PAR O EURETE TO KONDU	ud_ancient_greek_ptnk	4th-5th c. CE (Codex Alexandrinus)	religious	translit_map
ud_ancient_greek_ptnk_Septuagint-Genesis-44:17-grc	εἶπεν δὲ Ἰωσὴφ Μή μοι γένοιτο ποιῆσαι τὸ ῥῆμα τοῦτο· ὁ ἄνθρωπος, παρ᾿ ᾧ εὑρέθη τὸ κόνδυ, αὐτὸς ἔσται μου παῖς, ὑμεῖς δὲ ἀνάβητε μετὰ σωτηρίας πρὸς τὸν πατέρα ὑμῶν.	eːpen de iɔːsɛːpʰ mɛː moi̯ ɡenoi̯to poi̯ɛːsai̯ to rɛːma tuːto o antʰrɔːpos par ɔː eu̯retʰɛː to kondy au̯tos estai̯ muː pai̯s ymeːs de anabɛːte meta sɔːtɛːrias pros ton patera ymɔːn	EPEN DE IOSEP ME MOI GENOITO POIESAI TO REMA TUTO O ANTROPOS PAR O EURETE TO KONDU AUTOS ESTAI MU PAIS UMES DE ANABETE META SOTERIAS PROS TON PATERA UMON	ud_ancient_greek_ptnk	4th-5th c. CE (Codex Alexandrinus)	religious	translit_map
ud_ancient_greek_ptnk_Septuagint-Genesis-44:18-grc	Ἐγγίσας δὲ αὐτῷ Ἰούδας εἶπεν Δέομαι, κύριε, λαλησάτω ὁ παῖς σου, ῥῆμα ἐναντίον σου καὶ μὴ θυμωθῇς τῷ παιδί σου, ὅτι σὺ εἶ μετὰ Φαραώ.	eŋɡisas de au̯tɔː iuːdas eːpen deomai̯ kyrie lalɛːsatɔː o pai̯s suː rɛːma enantion suː kai̯ mɛː tʰymɔːtʰɛːs tɔː pai̯di suː oti sy eː meta pʰaraɔː	ENGISAS DE AUTO IUDAS EPEN DEOMAI KURIE LALESATO O PAIS SU REMA ENANTION SU KAI ME TUMOTES TO PAIDI SU OTI SU E META PARAO	ud_ancient_greek_ptnk	4th-5th c. CE (Codex Alexandrinus)	religious	translit_map
ud_ancient_greek_ptnk_Septuagint-Genesis-44:19-grc	κύριε, σὺ ἠρώτησας τοὺς παῖδάς σου λέγων Εἰ ἔχετε πατέρα ἢ ἀδελφόν;	kyrie sy ɛːrɔːtɛːsas tuːs pai̯das suː leɡɔːn eː ekʰete patera ɛː adelpʰon	KURIE SU EROTESAS TUS PAIDAS SU LEGON E EKETE PATERA E ADELPON	ud_ancient_greek_ptnk	4th-5th c. CE (Codex Alexandrinus)	religious	translit_map
ud_ancient_greek_ptnk_Septuagint-Genesis-44:20-grc	καὶ εἴπαμεν τῷ κυρίῳ Ἔστιν ἡμῖν πατὴρ πρεσβύτερος καὶ παιδίον γήρως νεώτερον αὐτῷ, καὶ ὁ ἀδελφὸς αὐτοῦ ἀπέθανεν, αὐτὸς δὲ μόνος ὑπελείφθη τῇ μητρὶ αὐτοῦ, ὁ δὲ πατὴρ αὐτὸν ἠγάπησεν.	kai̯ eːpamen tɔː kyriɔː estin ɛːmin patɛːr presbyteros kai̯ pai̯dion ɡɛːrɔːs neɔːteron au̯tɔː kai̯ o adelpʰos au̯tuː apetʰanen au̯tos de monos ypeleːpʰtʰɛː tɛː mɛːtri au̯tuː o de patɛːr au̯ton ɛːɡapɛːsen	KAI EPAMEN TO KURIO ESTIN EMIN PATER PRESBUTEROS KAI PAIDION GEROS NEOTERON AUTO KAI O ADELPOS AUTU APETANEN AUTOS DE MONOS UPELEPTE TE METRI AUTU O DE PATER AUTON EGAPESEN	ud_ancient_greek_ptnk	4th-5th c. CE (Codex Alexandrinus)	religious	translit_map
ud_ancient_greek_ptnk_Septuagint-Genesis-44:21-grc	εἶπας δὲ τοῖς παισίν σου Καταγάγετε αὐτὸν πρός με, καὶ ἐπιμελοῦμαι αὐτοῦ.	eːpas de toi̯s pai̯sin suː kataɡaɡete au̯ton pros me kai̯ epimeluːmai̯ au̯tuː	EPAS DE TOIS PAISIN SU KATAGAGETE AUTON PROS ME KAI EPIMELUMAI AUTU	ud_ancient_greek_ptnk	4th-5th c. CE (Codex Alexandrinus)	religious	translit_map
ud_ancient_greek_ptnk_Septuagint-Genesis-44:22-grc	καὶ εἴπαμεν τῷ κυρίῳ Οὐ δυνήσεται τὸ παιδίον καταλιπεῖν τὸν πατέρα· ἐὰν δὲ καταλίπῃ τὸν πατέρα, ἀποθανεῖται.	kai̯ eːpamen tɔː kyriɔː uː dynɛːsetai̯ to pai̯dion katalipeːn ton patera ean de katalipɛː ton patera apotʰaneːtai̯	KAI EPAMEN TO KURIO U DUNESETAI TO PAIDION KATALIPEN TON PATERA EAN DE KATALIPE TON PATERA APOTANETAI	ud_ancient_greek_ptnk	4th-5th c. CE (Codex Alexandrinus)	religious	translit_map
ud_ancient_greek_ptnk_Septuagint-Genesis-44:23-grc	σὺ δὲ εἶπας τοῖς παισίν σου Ἐὰν μὴ καταβῇ ὁ ἀδελφὸς ὑμῶν ὁ νεώτερος μεθ᾿ ὑμῶν, οὐ προσθήσεσθε ἔτι ἰδεῖν τὸ πρόσωπόν μου.	sy de eːpas toi̯s pai̯sin suː ean mɛː katabɛː o adelpʰos ymɔːn o neɔːteros metʰ ymɔːn uː prostʰɛːsestʰe eti ideːn to prosɔːpon muː	SU DE EPAS TOIS PAISIN SU EAN ME KATABE O ADELPOS UMON O NEOTEROS MET UMON U PROSTESESTE ETI IDEN TO PROSOPON MU	ud_ancient_greek_ptnk	4th-5th c. CE (Codex Alexandrinus)	religious	translit_map
ud_ancient_greek_ptnk_Septuagint-Genesis-44:24-grc	ἐγένετο δὲ ἡνίκα ἀνέβημεν πρὸς τὸν παῖδά σου πατέρα δὲ ἡμῶν, ἀπηγγείλαμεν αὐτῷ τὰ ῥήματα τοῦ κυρίου.	eɡeneto de ɛːnika anebɛːmen pros ton pai̯da suː patera de ɛːmɔːn apɛːŋɡeːlamen au̯tɔː ta rɛːmata tuː kyriuː	EGENETO DE ENIKA ANEBEMEN PROS TON PAIDA SU PATERA DE EMON APENGELAMEN AUTO TA REMATA TU KURIU	ud_ancient_greek_ptnk	4th-5th c. CE (Codex Alexandrinus)	religious	translit_map
ud_ancient_greek_ptnk_Septuagint-Genesis-44:25-grc	εἶπεν δὲ ἡμῖν ὁ πατὴρ ἡμῶν Βαδίσατε πάλιν, ἀγοράσατε ἡμῖν μικρὰ βρώματα.	eːpen de ɛːmin o patɛːr ɛːmɔːn badisate palin aɡorasate ɛːmin mikra brɔːmata	EPEN DE EMIN O PATER EMON BADISATE PALIN AGORASATE EMIN MIKRA BROMATA	ud_ancient_greek_ptnk	4th-5th c. CE (Codex Alexandrinus)	religious	translit_map
ud_ancient_greek_ptnk_Septuagint-Genesis-44:26-grc	ἡμεῖς δὲ εἴπαμεν Οὐ δυνησόμεθα καταβῆναι· ἀλλ᾿ εἰ μὲν ὁ ἀδελφὸς ἡμῶν ὁ νεώτερος καταβαίνει μεθ᾿ ἡμῶν, καταβησόμεθα· οὐ γὰρ δυνησόμεθα ἰδεῖν τὸ πρόσωπον τοῦ ἀνθρώπου, τοῦ ἀδελφοῦ τοῦ νεωτέρου μὴ ὄντος μεθ᾿ ἡμῶν.	ɛːmeːs de eːpamen uː dynɛːsometʰa katabɛːnai̯ all eː men o adelpʰos ɛːmɔːn o neɔːteros katabai̯neː metʰ ɛːmɔːn katabɛːsometʰa uː ɡar dynɛːsometʰa ideːn to prosɔːpon tuː antʰrɔːpuː tuː adelpʰuː tuː neɔːteruː mɛː ontos metʰ ɛːmɔːn	EMES DE EPAMEN U DUNESOMETA KATABENAI ALL E MEN O ADELPOS EMON O NEOTEROS KATABAINE MET EMON KATABESOMETA U GAR DUNESOMETA IDEN TO PROSOPON TU ANTROPU TU ADELPU TU NEOTERU ME ONTOS MET EMON	ud_ancient_greek_ptnk	4th-5th c. CE (Codex Alexandrinus)	religious	translit_map
ud_ancient_greek_ptnk_Septuagint-Genesis-44:27-grc	εἶπεν δὲ ὁ παῖς σου ὁ πατὴρ ἡμῶν πρὸς ἡμᾶς Ὑμεῖς γινώσκετε ὅτι δύο ἔτεκέν μοι ἡ γυνή·	eːpen de o pai̯s suː o patɛːr ɛːmɔːn pros ɛːmas ymeːs ɡinɔːskete oti dyo eteken moi̯ ɛː ɡynɛː	EPEN DE O PAIS SU O PATER EMON PROS EMAS UMES GINOSKETE OTI DUO ETEKEN MOI E GUNE	ud_ancient_greek_ptnk	4th-5th c. CE (Codex Alexandrinus)	religious	translit_map
ud_ancient_greek_ptnk_Septuagint-Genesis-44:28-grc	καὶ ἐξῆλθεν ὁ εἷς ἀπ᾿ ἐμοῦ, καὶ εἴπατε ὅτι θηριόβρωτος γέγονεν, καὶ οὐκ εἶδον αὐτὸν ἔτι καὶ νῦν·	kai̯ eksɛːltʰen o eːs ap emuː kai̯ eːpate oti tʰɛːriobrɔːtos ɡeɡonen kai̯ uːk eːdon au̯ton eti kai̯ nyn	KAI EKSELTEN O ES AP EMU KAI EPATE OTI TERIOBROTOS GEGONEN KAI UK EDON AUTON ETI KAI NUN	ud_ancient_greek_ptnk	4th-5th c. CE (Codex Alexandrinus)	religious	translit_map
ud_ancient_greek_ptnk_Septuagint-Genesis-44:29-grc	ἐὰν οὖν λάβητε καὶ τοῦτον ἐκ προσώπου μου καὶ συμβῇ αὐτῷ μαλακία ἐν τῇ ὁδῷ, καὶ κατάξετέ μου τὸ γῆρας μετὰ λύπης εἰς ᾅδου.	ean uːn labɛːte kai̯ tuːton ek prosɔːpuː muː kai̯ symbɛː au̯tɔː malakia en tɛː odɔː kai̯ kataksete muː to ɡɛːras meta lypɛːs eːs aduː	EAN UN LABETE KAI TUTON EK PROSOPU MU KAI SUMBE AUTO MALAKIA EN TE ODO KAI KATAKSETE MU TO GERAS META LUPES ES ADU	ud_ancient_greek_ptnk	4th-5th c. CE (Codex Alexandrinus)	religious	translit_map
ud_ancient_greek_ptnk_Septuagint-Genesis-44:30-grc	νῦν οὖν ἐὰν εἰσπορεύωμαι πρὸς τὸν παῖδά σου πατέρα δὲ ἡμῶν καὶ τὸ παιδάριον μὴ ᾖ μεθ᾿ ἡμῶν— ἡ δὲ ψυχὴ αὐτοῦ ἐκκρέμαται ἐκ τῆς τούτου ψυχῆς—,	nyn uːn ean eːsporeu̯ɔːmai̯ pros ton pai̯da suː patera de ɛːmɔːn kai̯ to pai̯darion mɛː ɛː metʰ ɛːmɔːn ɛː de psykʰɛː au̯tuː ekkrematai̯ ek tɛːs tuːtuː psykʰɛːs	NUN UN EAN ESPOREUOMAI PROS TON PAIDA SU PATERA DE EMON KAI TO PAIDARION ME E MET EMON E DE PSUKE AUTU EKKREMATAI EK TES TUTU PSUKES	ud_ancient_greek_ptnk	4th-5th c. CE (Codex Alexandrinus)	religious	translit_map
ud_ancient_greek_ptnk_Septuagint-Genesis-44:31-grc	καὶ ἔσται ἐν τῷ ἰδεῖν αὐτὸν μὴ ὂν τὸ παιδάριον μεθ᾿ ἡμῶν τελευτήσει, καὶ κατάξουσιν οἱ παῖδές σου τὸ γῆρας τοῦ παιδὸς σου πατρὸς δὲ ἡμῶν μετ᾿ ὀδύνης εἰς ᾅδου.	kai̯ estai̯ en tɔː ideːn au̯ton mɛː on to pai̯darion metʰ ɛːmɔːn teleu̯tɛːseː kai̯ kataksuːsin oi̯ pai̯des suː to ɡɛːras tuː pai̯dos suː patros de ɛːmɔːn met odynɛːs eːs aduː	KAI ESTAI EN TO IDEN AUTON ME ON TO PAIDARION MET EMON TELEUTESE KAI KATAKSUSIN OI PAIDES SU TO GERAS TU PAIDOS SU PATROS DE EMON MET ODUNES ES ADU	ud_ancient_greek_ptnk	4th-5th c. CE (Codex Alexandrinus)	religious	translit_map
ud_ancient_greek_ptnk_Septuagint-Genesis-44:32-grc	ὁ γὰρ παῖς σου ἐκδέδεκται τὸ παιδίον παρὰ τοῦ πατρὸς λέγων Ἐὰν μὴ ἀγάγω αὐτὸν πρὸς σὲ καὶ στήσω αὐτὸν ἐναντίον σου, ἡμαρτηκὼς ἔσομαι πρὸς τὸν πατέρα πάσας τὰς ἡμέρας.	o ɡar pai̯s suː ekdedektai̯ to pai̯dion para tuː patros leɡɔːn ean mɛː aɡaɡɔː au̯ton pros se kai̯ stɛːsɔː au̯ton enantion suː ɛːmartɛːkɔːs esomai̯ pros ton patera pasas tas ɛːmeras	O GAR PAIS SU EKDEDEKTAI TO PAIDION PARA TU PATROS LEGON EAN ME AGAGO AUTON PROS SE KAI STESO AUTON ENANTION SU EMARTEKOS ESOMAI PROS TON PATERA PASAS TAS EMERAS	ud_ancient_greek_ptnk	4th-5th c. CE (Codex Alexandrinus)	religious	translit_map
ud_ancient_greek_ptnk_Septuagint-Genesis-44:33-grc	νῦν οὖν παραμενῶ σοί παῖς ἀντὶ τοῦ παιδίου, οἰκέτης τοῦ κυρίου· τὸ δὲ παιδίον ἀναβήτω μετὰ τῶν ἀδελφῶν.	nyn uːn paramenɔː soi̯ pai̯s anti tuː pai̯diuː oi̯ketɛːs tuː kyriuː to de pai̯dion anabɛːtɔː meta tɔːn adelpʰɔːn	NUN UN PARAMENO SOI PAIS ANTI TU PAIDIU OIKETES TU KURIU TO DE PAIDION ANABETO META TON ADELPON	ud_ancient_greek_ptnk	4th-5th c. CE (Codex Alexandrinus)	religious	translit_map
ud_ancient_greek_ptnk_Septuagint-Genesis-44:34-grc	πῶς γὰρ ἀναβήσομαι πρὸς τὸν πατέρα, τοῦ παιδίου μὴ ὄντος μεθ᾿ ἡμῶν; ἵνα μὴ ἴδω τὰ κακά, ἃ εὑρήσει τὸν πατέρα μου.	pɔːs ɡar anabɛːsomai̯ pros ton patera tuː pai̯diuː mɛː ontos metʰ ɛːmɔːn ina mɛː idɔː ta kaka a eu̯rɛːseː ton patera muː	POS GAR ANABESOMAI PROS TON PATERA TU PAIDIU ME ONTOS MET EMON INA ME IDO TA KAKA A EURESE TON PATERA MU	ud_ancient_greek_ptnk	4th-5th c. CE (Codex Alexandrinus)	religious	translit_map
ud_ancient_greek_ptnk_Septuagint-Genesis-45:1-grc	Καὶ οὐκ ἠδύνατο Ἰωσὴφ ἀνέχεσθαι πάντων τῶν παρεστηκότων αὐτῷ, ἀλλ᾿ εἶπεν Ἐξαποστείλατε πάντας ἀπ᾿ ἐμοῦ. καὶ οὐ παρειστήκει οὐδεὶς ἔτι τῷ Ἰωσήφ, ἡνίκα ἀνεγνωρίζετο τοῖς ἀδελφοῖς αὐτοῦ.	kai̯ uːk ɛːdynato iɔːsɛːpʰ anekʰestʰai̯ pantɔːn tɔːn parestɛːkotɔːn au̯tɔː all eːpen eksaposteːlate pantas ap emuː kai̯ uː pareːstɛːkeː uːdeːs eti tɔː iɔːsɛːpʰ ɛːnika aneɡnɔːrizdeto toi̯s adelpʰoi̯s au̯tuː	KAI UK EDUNATO IOSEP ANEKESTAI PANTON TON PARESTEKOTON AUTO ALL EPEN EKSAPOSTELATE PANTAS AP EMU KAI U PARESTEKE UDES ETI TO IOSEP ENIKA ANEGNORISDETO TOIS ADELPOIS AUTU	ud_ancient_greek_ptnk	4th-5th c. CE (Codex Alexandrinus)	religious	translit_map
ud_ancient_greek_ptnk_Septuagint-Genesis-45:2-grc	καὶ ἀφῆκεν φωνὴν μετὰ κλαυθμοῦ· ἤκουσαν δὲ πάντες οἱ Αἰγύπτιοι, καὶ ἀκουστὸν ἐγένετο εἰς τὸν οἶκον Φαραώ.	kai̯ apʰɛːken pʰɔːnɛːn meta klau̯tʰmuː ɛːkuːsan de pantes oi̯ ai̯ɡyptioi̯ kai̯ akuːston eɡeneto eːs ton oi̯kon pʰaraɔː	KAI APEKEN PONEN META KLAUTMU EKUSAN DE PANTES OI AIGUPTIOI KAI AKUSTON EGENETO ES TON OIKON PARAO	ud_ancient_greek_ptnk	4th-5th c. CE (Codex Alexandrinus)	religious	translit_map
ud_ancient_greek_ptnk_Septuagint-Genesis-45:3-grc	εἶπεν δὲ Ἰωσὴφ πρὸς τοὺς ἀδελφοὺς αὐτοῦ Ἐγώ εἰμι Ἰωσήφ· ἔτι ὁ πατήρ μου ζῇ; καὶ οὐκ ἐδύναντο οἱ ἀδελφοὶ ἀποκριθῆναι αὐτῷ· ἐταράχθησαν γάρ.	eːpen de iɔːsɛːpʰ pros tuːs adelpʰuːs au̯tuː eɡɔː eːmi iɔːsɛːpʰ eti o patɛːr muː zdɛː kai̯ uːk edynanto oi̯ adelpʰoi̯ apokritʰɛːnai̯ au̯tɔː etarakʰtʰɛːsan ɡar	EPEN DE IOSEP PROS TUS ADELPUS AUTU EGO EMI IOSEP ETI O PATER MU SDE KAI UK EDUNANTO OI ADELPOI APOKRITENAI AUTO ETARAKTESAN GAR	ud_ancient_greek_ptnk	4th-5th c. CE (Codex Alexandrinus)	religious	translit_map
ud_ancient_greek_ptnk_Septuagint-Genesis-45:4-grc	εἶπεν δὲ Ἰωσὴφ πρὸς τοὺς ἀδελφοὺς αὐτοῦ Ἐγγίσατε πρός με. καὶ ἤγγισαν. καὶ εἶπεν Ἐγώ εἰμι Ἰωσὴφ ὁ ἀδελφὸς ὑμῶν, ὃν ἀπέδοσθε εἰς Αἴγυπτον.	eːpen de iɔːsɛːpʰ pros tuːs adelpʰuːs au̯tuː eŋɡisate pros me kai̯ ɛːŋɡisan kai̯ eːpen eɡɔː eːmi iɔːsɛːpʰ o adelpʰos ymɔːn on apedostʰe eːs ai̯ɡypton	EPEN DE IOSEP PROS TUS ADELPUS AUTU ENGISATE PROS ME KAI ENGISAN KAI EPEN EGO EMI IOSEP O ADELPOS UMON ON APEDOSTE ES AIGUPTON	ud_ancient_greek_ptnk	4th-5th c. CE (Codex Alexandrinus)	religious	translit_map
ud_ancient_greek_ptnk_Septuagint-Genesis-45:5-grc	νῦν οὖν μὴ λυπεῖσθε μηδὲ σκληρὸν ὑμῖν φανήτω ὅτι ἀπέδοσθέ με ὧδε· εἰς γὰρ ζωὴν ἀπέστειλέν με ὁ θεὸς ἔμπροσθεν ὑμῶν·	nyn uːn mɛː lypeːstʰe mɛːde sklɛːron ymin pʰanɛːtɔː oti apedostʰe me ɔːde eːs ɡar zdɔːɛːn apesteːlen me o tʰeos emprostʰen ymɔːn	NUN UN ME LUPESTE MEDE SKLERON UMIN PANETO OTI APEDOSTE ME ODE ES GAR SDOEN APESTELEN ME O TEOS EMPROSTEN UMON	ud_ancient_greek_ptnk	4th-5th c. CE (Codex Alexandrinus)	religious	translit_map
ud_ancient_greek_ptnk_Septuagint-Genesis-45:6-grc	τοῦτο γὰρ δεύτερον ἔτος λιμὸς ἐπὶ τῆς γῆς, καὶ ἔτι λοιπὰ πέντε ἔτη, ἐν οἷς οὐκ ἔσται ἀροτρίασις οὐδὲ ἄμητος·	tuːto ɡar deu̯teron etos limos epi tɛːs ɡɛːs kai̯ eti loi̯pa pente etɛː en oi̯s uːk estai̯ arotriasis uːde amɛːtos	TUTO GAR DEUTERON ETOS LIMOS EPI TES GES KAI ETI LOIPA PENTE ETE EN OIS UK ESTAI AROTRIASIS UDE AMETOS	ud_ancient_greek_ptnk	4th-5th c. CE (Codex Alexandrinus)	religious	translit_map
ud_ancient_greek_ptnk_Septuagint-Genesis-45:7-grc	ἀπέστειλεν γάρ με ὁ θεὸς ἔμπροσθεν ὑμῶν, ὑπολείπεσθαι ὑμῶν κατάλειμμα ἐπὶ τῆς γῆς καὶ ἐκθρέψαι ὑμῶν κατάλειψιν μεγάλην.	apesteːlen ɡar me o tʰeos emprostʰen ymɔːn ypoleːpestʰai̯ ymɔːn kataleːmma epi tɛːs ɡɛːs kai̯ ektʰrepsai̯ ymɔːn kataleːpsin meɡalɛːn	APESTELEN GAR ME O TEOS EMPROSTEN UMON UPOLEPESTAI UMON KATALEMMA EPI TES GES KAI EKTREPSAI UMON KATALEPSIN MEGALEN	ud_ancient_greek_ptnk	4th-5th c. CE (Codex Alexandrinus)	religious	translit_map
ud_ancient_greek_ptnk_Septuagint-Genesis-45:8-grc	νῦν οὖν οὐχ ὑμεῖς με ἀπεστάλκατε ὧδε, ἀλλ᾿ ἢ ὁ θεός, καὶ ἐποίησέν με ὡς πατέρα Φαραὼ καὶ κύριον παντὸς τοῦ οἴκου αὐτοῦ καὶ ἄρχοντα πάσης γῆς Αἰγύπτου.	nyn uːn uːkʰ ymeːs me apestalkate ɔːde all ɛː o tʰeos kai̯ epoi̯ɛːsen me ɔːs patera pʰaraɔː kai̯ kyrion pantos tuː oi̯kuː au̯tuː kai̯ arkʰonta pasɛːs ɡɛːs ai̯ɡyptuː	NUN UN UK UMES ME APESTALKATE ODE ALL E O TEOS KAI EPOIESEN ME OS PATERA PARAO KAI KURION PANTOS TU OIKU AUTU KAI ARKONTA PASES GES AIGUPTU	ud_ancient_greek_ptnk	4th-5th c. CE (Codex Alexandrinus)	religious	translit_map
ud_ancient_greek_ptnk_Septuagint-Genesis-45:9-grc	σπεύσαντες οὖν ἀνάβητε πρὸς τὸν πατέρα μου καὶ εἴπατε αὐτῷ Τάδε λέγει ὁ υἱός σου Ἰωσὴφ Ἐποίησέν με ὁ θεὸς κύριον πάσης γῆς Αἰγύπτου· κατάβηθι οὖν πρός με καὶ μὴ μείνῃς·	speu̯santes uːn anabɛːte pros ton patera muː kai̯ eːpate au̯tɔː tade leɡeː o yi̯os suː iɔːsɛːpʰ epoi̯ɛːsen me o tʰeos kyrion pasɛːs ɡɛːs ai̯ɡyptuː katabɛːtʰi uːn pros me kai̯ mɛː meːnɛːs	SPEUSANTES UN ANABETE PROS TON PATERA MU KAI EPATE AUTO TADE LEGE O UIOS SU IOSEP EPOIESEN ME O TEOS KURION PASES GES AIGUPTU KATABETI UN PROS ME KAI ME MENES	ud_ancient_greek_ptnk	4th-5th c. CE (Codex Alexandrinus)	religious	translit_map
ud_ancient_greek_ptnk_Septuagint-Genesis-45:10-grc	καὶ κατοικήσεις ἐν γῇ Γεσὲμ Ἀραβίας καὶ ἔσῃ ἐγγύς μου, σὺ καὶ οἱ υἱοί σου καὶ οἱ υἱοὶ τῶν υἱῶν σου, τὰ πρόβατά σου καὶ αἱ βόες σου καὶ ὅσα Σοὶ ἐστιν,	kai̯ katoi̯kɛːseːs en ɡɛː ɡesem arabias kai̯ esɛː eŋɡys muː sy kai̯ oi̯ yi̯oi̯ suː kai̯ oi̯ yi̯oi̯ tɔːn yi̯ɔːn suː ta probata suː kai̯ ai̯ boes suː kai̯ osa soi̯ estin	KAI KATOIKESES EN GE GESEM ARABIAS KAI ESE ENGUS MU SU KAI OI UIOI SU KAI OI UIOI TON UION SU TA PROBATA SU KAI AI BOES SU KAI OSA SOI ESTIN	ud_ancient_greek_ptnk	4th-5th c. CE (Codex Alexandrinus)	religious	translit_map
ud_ancient_greek_ptnk_Septuagint-Genesis-45:11-grc	καὶ ἐκθρέψω σὲ ἐκεῖ— ἔτι γὰρ πέντε ἔτη λιμός—, ἵνα μὴ ἐκτριβῇς, σὺ καὶ οἱ υἱοί σου καὶ πάντα τὰ ὑπάρχοντά σου.	kai̯ ektʰrepsɔː se ekeː eti ɡar pente etɛː limos ina mɛː ektribɛːs sy kai̯ oi̯ yi̯oi̯ suː kai̯ panta ta yparkʰonta suː	KAI EKTREPSO SE EKE ETI GAR PENTE ETE LIMOS INA ME EKTRIBES SU KAI OI UIOI SU KAI PANTA TA UPARKONTA SU	ud_ancient_greek_ptnk	4th-5th c. CE (Codex Alexandrinus)	religious	translit_map
ud_ancient_greek_ptnk_Septuagint-Genesis-45:12-grc	ἰδοὺ οἱ ὀφθαλμοὶ ὑμῶν βλέπουσιν καὶ οἱ ὀφθαλμοὶ Βενιαμὶν τοῦ ἀδελφοῦ μου ὅτι τὸ στόμα μου τὸ λαλοῦν πρὸς ὑμᾶς.	iduː oi̯ opʰtʰalmoi̯ ymɔːn blepuːsin kai̯ oi̯ opʰtʰalmoi̯ beniamin tuː adelpʰuː muː oti to stoma muː to laluːn pros ymas	IDU OI OPTALMOI UMON BLEPUSIN KAI OI OPTALMOI BENIAMIN TU ADELPU MU OTI TO STOMA MU TO LALUN PROS UMAS	ud_ancient_greek_ptnk	4th-5th c. CE (Codex Alexandrinus)	religious	translit_map
ud_ancient_greek_ptnk_Septuagint-Genesis-45:13-grc	ἀπαγγείλατε οὖν τῷ πατρί μου πᾶσαν τὴν δόξαν μου τὴν ἐν Αἰγύπτῳ καὶ ὅσα εἴδετε, καὶ ταχύναντες καταγάγετε τὸν πατέρα μου ὧδε.	apaŋɡeːlate uːn tɔː patri muː pasan tɛːn doksan muː tɛːn en ai̯ɡyptɔː kai̯ osa eːdete kai̯ takʰynantes kataɡaɡete ton patera muː ɔːde	APANGELATE UN TO PATRI MU PASAN TEN DOKSAN MU TEN EN AIGUPTO KAI OSA EDETE KAI TAKUNANTES KATAGAGETE TON PATERA MU ODE	ud_ancient_greek_ptnk	4th-5th c. CE (Codex Alexandrinus)	religious	translit_map
ud_ancient_greek_ptnk_Septuagint-Genesis-45:14-grc	καὶ ἐπιπεσὼν ἐπὶ τὸν τράχηλον Βενιαμὶν τοῦ ἀδελφοῦ αὐτοῦ ἔκλαυσεν ἐπ᾿ αὐτῷ, καὶ Βενιαμὶν ἔκλαυσεν ἐπὶ τῷ τραχήλῳ αὐτοῦ.	kai̯ epipesɔːn epi ton trakʰɛːlon beniamin tuː adelpʰuː au̯tuː eklau̯sen ep au̯tɔː kai̯ beniamin eklau̯sen epi tɔː trakʰɛːlɔː au̯tuː	KAI EPIPESON EPI TON TRAKELON BENIAMIN TU ADELPU AUTU EKLAUSEN EP AUTO KAI BENIAMIN EKLAUSEN EPI TO TRAKELO AUTU	ud_ancient_greek_ptnk	4th-5th c. CE (Codex Alexandrinus)	religious	translit_map
ud_ancient_greek_ptnk_Septuagint-Genesis-45:15-grc	καὶ καταφιλήσας πάντας τοὺς ἀδελφοὺς αὐτοῦ ἔκλαυσεν ἐπ᾿ αὐτοῖς, καὶ μετὰ ταῦτα ἐλάλησαν οἱ ἀδελφοὶ αὐτοῦ πρὸς αὐτόν.	kai̯ katapʰilɛːsas pantas tuːs adelpʰuːs au̯tuː eklau̯sen ep au̯toi̯s kai̯ meta tau̯ta elalɛːsan oi̯ adelpʰoi̯ au̯tuː pros au̯ton	KAI KATAPILESAS PANTAS TUS ADELPUS AUTU EKLAUSEN EP AUTOIS KAI META TAUTA ELALESAN OI ADELPOI AUTU PROS AUTON	ud_ancient_greek_ptnk	4th-5th c. CE (Codex Alexandrinus)	religious	translit_map
ud_ancient_greek_ptnk_Septuagint-Genesis-45:16-grc	Καὶ διεβοήθη ἡ φωνὴ εἰς τὸν οἶκον Φαραὼ λέγοντες Ἥκασιν οἱ ἀδελφοὶ Ἰωσήφ. ἐχάρη δὲ Φαραὼ καὶ ἡ θεραπεία αὐτοῦ.	kai̯ dieboɛːtʰɛː ɛː pʰɔːnɛː eːs ton oi̯kon pʰaraɔː leɡontes ɛːkasin oi̯ adelpʰoi̯ iɔːsɛːpʰ ekʰarɛː de pʰaraɔː kai̯ ɛː tʰerapeːa au̯tuː	KAI DIEBOETE E PONE ES TON OIKON PARAO LEGONTES EKASIN OI ADELPOI IOSEP EKARE DE PARAO KAI E TERAPEA AUTU	ud_ancient_greek_ptnk	4th-5th c. CE (Codex Alexandrinus)	religious	translit_map
ud_ancient_greek_ptnk_Septuagint-Genesis-45:17-grc	εἶπεν δὲ Φαραὼ πρὸς Ἰωσὴφ Εἰπὸν τοῖς ἀδελφοῖς σου τοῦτο ποιήσατε· γεμίσατε τὰ πορεῖα ὑμῶν καὶ ἀπέλθατε εἰς γῆν Χαναὰν	eːpen de pʰaraɔː pros iɔːsɛːpʰ eːpon toi̯s adelpʰoi̯s suː tuːto poi̯ɛːsate ɡemisate ta poreːa ymɔːn kai̯ apeltʰate eːs ɡɛːn kʰanaan	EPEN DE PARAO PROS IOSEP EPON TOIS ADELPOIS SU TUTO POIESATE GEMISATE TA POREA UMON KAI APELTATE ES GEN KANAAN	ud_ancient_greek_ptnk	4th-5th c. CE (Codex Alexandrinus)	religious	translit_map
ud_ancient_greek_ptnk_Septuagint-Genesis-45:18-grc	καὶ παραλαβόντες τὸν πατέρα ὑμῶν καὶ τὰ ὑπάρχοντα ὑμῶν ἥκετε πρός με, καὶ δώσω ὑμῖν πάντων τῶν ἀγαθῶν Αἰγύπτου, καὶ φάγεσθε τὸν μυελὸν τῆς γῆς.	kai̯ paralabontes ton patera ymɔːn kai̯ ta yparkʰonta ymɔːn ɛːkete pros me kai̯ dɔːsɔː ymin pantɔːn tɔːn aɡatʰɔːn ai̯ɡyptuː kai̯ pʰaɡestʰe ton myelon tɛːs ɡɛːs	KAI PARALABONTES TON PATERA UMON KAI TA UPARKONTA UMON EKETE PROS ME KAI DOSO UMIN PANTON TON AGATON AIGUPTU KAI PAGESTE TON MUELON TES GES	ud_ancient_greek_ptnk	4th-5th c. CE (Codex Alexandrinus)	religious	translit_map
ud_ancient_greek_ptnk_Septuagint-Genesis-45:19-grc	σὺ δὲ ἔντειλαι ταῦτα, λαβεῖν αὐτοῖς ἁμάξας ἐκ γῆς Αἰγύπτου τοῖς παιδίοις ὑμῶν καὶ ταῖς γυναιξίν, καὶ ἀναλαβόντες τὸν πατέρα ὑμῶν παραγίνεσθε·	sy de enteːlai̯ tau̯ta labeːn au̯toi̯s amaksas ek ɡɛːs ai̯ɡyptuː toi̯s pai̯dioi̯s ymɔːn kai̯ tai̯s ɡynai̯ksin kai̯ analabontes ton patera ymɔːn paraɡinestʰe	SU DE ENTELAI TAUTA LABEN AUTOIS AMAKSAS EK GES AIGUPTU TOIS PAIDIOIS UMON KAI TAIS GUNAIKSIN KAI ANALABONTES TON PATERA UMON PARAGINESTE	ud_ancient_greek_ptnk	4th-5th c. CE (Codex Alexandrinus)	religious	translit_map
ud_ancient_greek_ptnk_Septuagint-Genesis-45:20-grc	καὶ μὴ φείσησθε τοῖς ὀφθαλμοῖς τῶν σκευῶν ὑμῶν, τὰ γὰρ πάντα ἀγαθὰ Αἰγύπτου ὑμῖν ἔσται.	kai̯ mɛː pʰeːsɛːstʰe toi̯s opʰtʰalmoi̯s tɔːn skeu̯ɔːn ymɔːn ta ɡar panta aɡatʰa ai̯ɡyptuː ymin estai̯	KAI ME PESESTE TOIS OPTALMOIS TON SKEUON UMON TA GAR PANTA AGATA AIGUPTU UMIN ESTAI	ud_ancient_greek_ptnk	4th-5th c. CE (Codex Alexandrinus)	religious	translit_map
ud_ancient_greek_ptnk_Septuagint-Genesis-45:21-grc	ἐποίησαν δὲ οὕτως οἱ υἱοὶ Ἰσραήλ· ἔδωκεν δὲ Ἰωσὴφ αὐτοῖς ἁμάξας κατὰ τὰ εἰρημένα ὑπὸ Φαραὼ τοῦ βασιλέως καὶ ἔδωκεν αὐτοῖς ἐπισιτισμὸν εἰς τὴν ὁδόν,	epoi̯ɛːsan de uːtɔːs oi̯ yi̯oi̯ israɛːl edɔːken de iɔːsɛːpʰ au̯toi̯s amaksas kata ta eːrɛːmena ypo pʰaraɔː tuː basileɔːs kai̯ edɔːken au̯toi̯s episitismon eːs tɛːn odon	EPOIESAN DE UTOS OI UIOI ISRAEL EDOKEN DE IOSEP AUTOIS AMAKSAS KATA TA EREMENA UPO PARAO TU BASILEOS KAI EDOKEN AUTOIS EPISITISMON ES TEN ODON	ud_ancient_greek_ptnk	4th-5th c. CE (Codex Alexandrinus)	religious	translit_map
ud_ancient_greek_ptnk_Septuagint-Genesis-45:22-grc	καὶ πᾶσιν ἔδωκεν δισσὰς στολάς, τῷ δὲ Βενιαμὶν ἔδωκεν τριακοσίους χρυσοῦς καὶ πέντε ἐξαλλασσούσας στολάς,	kai̯ pasin edɔːken dissas stolas tɔː de beniamin edɔːken triakosiuːs kʰrysuːs kai̯ pente eksallassuːsas stolas	KAI PASIN EDOKEN DISSAS STOLAS TO DE BENIAMIN EDOKEN TRIAKOSIUS KRUSUS KAI PENTE EKSALLASSUSAS STOLAS	ud_ancient_greek_ptnk	4th-5th c. CE (Codex Alexandrinus)	religious	translit_map
ud_ancient_greek_ptnk_Septuagint-Genesis-45:23-grc	καὶ τῷ πατρὶ αὐτοῦ ἀπέστειλεν κατὰ τὰ αὐτὰ καὶ δέκα ὄνους αἴροντας ἀπὸ πάντων τῶν ἀγαθῶν Αἰγύπτου καὶ δέκα ἡμιόνους ἄρτους τῷ πατρὶ αὐτοῦ εἰς ὁδόν.	kai̯ tɔː patri au̯tuː apesteːlen kata ta au̯ta kai̯ deka onuːs ai̯rontas apo pantɔːn tɔːn aɡatʰɔːn ai̯ɡyptuː kai̯ deka ɛːmionuːs artuːs tɔː patri au̯tuː eːs odon	KAI TO PATRI AUTU APESTELEN KATA TA AUTA KAI DEKA ONUS AIRONTAS APO PANTON TON AGATON AIGUPTU KAI DEKA EMIONUS ARTUS TO PATRI AUTU ES ODON	ud_ancient_greek_ptnk	4th-5th c. CE (Codex Alexandrinus)	religious	translit_map
ud_ancient_greek_ptnk_Septuagint-Genesis-45:24-grc	ἐξαπέστειλεν δὲ τοὺς ἀδελφοὺς αὐτοῦ, καὶ ἐπορεύθησαν· καὶ εἶπεν αὐτοῖς Μὴ ὀργίζεσθε ἐν τῇ ὁδῷ.	eksapesteːlen de tuːs adelpʰuːs au̯tuː kai̯ eporeu̯tʰɛːsan kai̯ eːpen au̯toi̯s mɛː orɡizdestʰe en tɛː odɔː	EKSAPESTELEN DE TUS ADELPUS AUTU KAI EPOREUTESAN KAI EPEN AUTOIS ME ORGISDESTE EN TE ODO	ud_ancient_greek_ptnk	4th-5th c. CE (Codex Alexandrinus)	religious	translit_map
ud_ancient_greek_ptnk_Septuagint-Genesis-45:25-grc	Καὶ ἀνέβησαν ἐξ Αἰγύπτου καὶ ἦλθον εἰς γῆν Χαναὰν πρὸς Ἰακὼβ τὸν πατέρα αὐτῶν	kai̯ anebɛːsan eks ai̯ɡyptuː kai̯ ɛːltʰon eːs ɡɛːn kʰanaan pros iakɔːb ton patera au̯tɔːn	KAI ANEBESAN EKS AIGUPTU KAI ELTON ES GEN KANAAN PROS IAKOB TON PATERA AUTON	ud_ancient_greek_ptnk	4th-5th c. CE (Codex Alexandrinus)	religious	translit_map
ud_ancient_greek_ptnk_Septuagint-Genesis-45:26-grc	καὶ ἀνήγγειλαν αὐτῷ λέγοντες ὅτι Ὁ υἱός σου Ἰωσὴφ ζῇ, καὶ αὐτὸς ἄρχει πάσης γῆς Αἰγύπτου. καὶ ἐξέστη ἡ διάνοια Ἰακώβ· οὐ γὰρ ἐπίστευσεν αὐτοῖς.	kai̯ anɛːŋɡeːlan au̯tɔː leɡontes oti o yi̯os suː iɔːsɛːpʰ zdɛː kai̯ au̯tos arkʰeː pasɛːs ɡɛːs ai̯ɡyptuː kai̯ eksestɛː ɛː dianoi̯a iakɔːb uː ɡar episteu̯sen au̯toi̯s	KAI ANENGELAN AUTO LEGONTES OTI O UIOS SU IOSEP SDE KAI AUTOS ARKE PASES GES AIGUPTU KAI EKSESTE E DIANOIA IAKOB U GAR EPISTEUSEN AUTOIS	ud_ancient_greek_ptnk	4th-5th c. CE (Codex Alexandrinus)	religious	translit_map
ud_ancient_greek_ptnk_Septuagint-Genesis-45:27-grc	ἐλάλησαν δὲ αὐτῷ πάντα τὰ ῥηθέντα ὑπὸ Ἰωσήφ, ὅσα εἶπεν αὐτοῖς. ἰδὼν δὲ τὰς ἁμάξας, ἃς ἀπέστειλεν Ἰωσὴφ ὥστε ἀναλαβεῖν αὐτόν, ἀνεζωπύρησεν τὸ πνεῦμα Ἰακὼβ τοῦ πατρὸς αὐτῶν.	elalɛːsan de au̯tɔː panta ta rɛːtʰenta ypo iɔːsɛːpʰ osa eːpen au̯toi̯s idɔːn de tas amaksas as apesteːlen iɔːsɛːpʰ ɔːste analabeːn au̯ton anezdɔːpyrɛːsen to pneu̯ma iakɔːb tuː patros au̯tɔːn	ELALESAN DE AUTO PANTA TA RETENTA UPO IOSEP OSA EPEN AUTOIS IDON DE TAS AMAKSAS AS APESTELEN IOSEP OSTE ANALABEN AUTON ANESDOPURESEN TO PNEUMA IAKOB TU PATROS AUTON	ud_ancient_greek_ptnk	4th-5th c. CE (Codex Alexandrinus)	religious	translit_map
ud_ancient_greek_ptnk_Septuagint-Genesis-45:28-grc	εἶπεν δὲ Ἰσραὴλ Μέγα μοί ἐστιν, εἰ ἔτι Ἰωσὴφ ὁ υἱός μου ζῇ· πορευθεὶς ὄψομαι αὐτὸν πρὸ τοῦ ἀποθανεῖν με.	eːpen de israɛːl meɡa moi̯ estin eː eti iɔːsɛːpʰ o yi̯os muː zdɛː poreu̯tʰeːs opsomai̯ au̯ton pro tuː apotʰaneːn me	EPEN DE ISRAEL MEGA MOI ESTIN E ETI IOSEP O UIOS MU SDE POREUTES OPSOMAI AUTON PRO TU APOTANEN ME	ud_ancient_greek_ptnk	4th-5th c. CE (Codex Alexandrinus)	religious	translit_map
ud_ancient_greek_ptnk_Septuagint-Genesis-46:1-grc	Ἀπάρας δὲ Ἰσραήλ, αὐτὸς καὶ πάντα τὰ αὐτοῦ, ἦλθεν ἐπὶ τὸ φρέαρ τοῦ ὅρκου καὶ ἔθυσεν θυσίαν τῷ θεῷ τοῦ πατρὸς αὐτοῦ Ἰσαάκ.	aparas de israɛːl au̯tos kai̯ panta ta au̯tuː ɛːltʰen epi to pʰrear tuː orkuː kai̯ etʰysen tʰysian tɔː tʰeɔː tuː patros au̯tuː isaak	APARAS DE ISRAEL AUTOS KAI PANTA TA AUTU ELTEN EPI TO PREAR TU ORKU KAI ETUSEN TUSIAN TO TEO TU PATROS AUTU ISAAK	ud_ancient_greek_ptnk	4th-5th c. CE (Codex Alexandrinus)	religious	translit_map
ud_ancient_greek_ptnk_Septuagint-Genesis-46:2-grc	εἶπεν δὲ ὁ θεὸς Ἰσραὴλ ἐν ὁράματι τῆς νυκτὸς εἴπας Ἰακώβ, Ἰακώβ. ὁ δὲ εἶπεν, Τί ἐστιν;	eːpen de o tʰeos israɛːl en oramati tɛːs nyktos eːpas iakɔːb iakɔːb o de eːpen ti estin	EPEN DE O TEOS ISRAEL EN ORAMATI TES NUKTOS EPAS IAKOB IAKOB O DE EPEN TI ESTIN	ud_ancient_greek_ptnk	4th-5th c. CE (Codex Alexandrinus)	religious	translit_map
ud_ancient_greek_ptnk_Septuagint-Genesis-46:3-grc	λέγων, Ἐγώ εἰμι ὁ θεὸς τῶν πατέρων σου· μὴ φοβοῦ καταβῆναι εἰς Αἴγυπτον· εἰς γὰρ ἔθνος μέγα ποιήσω σὲ ἐκεῖ,	leɡɔːn eɡɔː eːmi o tʰeos tɔːn paterɔːn suː mɛː pʰobuː katabɛːnai̯ eːs ai̯ɡypton eːs ɡar etʰnos meɡa poi̯ɛːsɔː se ekeː	LEGON EGO EMI O TEOS TON PATERON SU ME POBU KATABENAI ES AIGUPTON ES GAR ETNOS MEGA POIESO SE EKE	ud_ancient_greek_ptnk	4th-5th c. CE (Codex Alexandrinus)	religious	translit_map
ud_ancient_greek_ptnk_Septuagint-Genesis-46:4-grc	καὶ ἐγὼ καταβήσομαι μετὰ σου εἰς Αἴγυπτον, καὶ ἐγὼ ἀναβιβάσω σὲ εἰς τέλος, καὶ Ἰωσὴφ ἐπιβαλεῖ τὰς χεῖρας ἐπὶ τοὺς ὀφθαλμούς σου.	kai̯ eɡɔː katabɛːsomai̯ meta suː eːs ai̯ɡypton kai̯ eɡɔː anabibasɔː se eːs telos kai̯ iɔːsɛːpʰ epibaleː tas kʰeːras epi tuːs opʰtʰalmuːs suː	KAI EGO KATABESOMAI META SU ES AIGUPTON KAI EGO ANABIBASO SE ES TELOS KAI IOSEP EPIBALE TAS KERAS EPI TUS OPTALMUS SU	ud_ancient_greek_ptnk	4th-5th c. CE (Codex Alexandrinus)	religious	translit_map
ud_ancient_greek_ptnk_Septuagint-Genesis-46:5-grc	ἀνέστη δὲ Ἰακὼβ ἀπὸ τοῦ φρέατος τοῦ ὅρκου, καὶ ἀνέλαβον οἱ υἱοὶ Ἰσραὴλ τὸν πατέρα αὐτῶν καὶ τὴν ἀποσκευὴν καὶ τὰς γυναῖκας αὐτῶν ἐπὶ τὰς ἁμάξας, ἃς ἀπέστειλεν Ἰωσὴφ ἆραι αὐτόν,	anestɛː de iakɔːb apo tuː pʰreatos tuː orkuː kai̯ anelabon oi̯ yi̯oi̯ israɛːl ton patera au̯tɔːn kai̯ tɛːn aposkeu̯ɛːn kai̯ tas ɡynai̯kas au̯tɔːn epi tas amaksas as apesteːlen iɔːsɛːpʰ arai̯ au̯ton	ANESTE DE IAKOB APO TU PREATOS TU ORKU KAI ANELABON OI UIOI ISRAEL TON PATERA AUTON KAI TEN APOSKEUEN KAI TAS GUNAIKAS AUTON EPI TAS AMAKSAS AS APESTELEN IOSEP ARAI AUTON	ud_ancient_greek_ptnk	4th-5th c. CE (Codex Alexandrinus)	religious	translit_map
ud_ancient_greek_ptnk_Septuagint-Genesis-46:6-grc	καὶ ἀναλαβόντες τὰ ὑπάρχοντα αὐτῶν καὶ πᾶσαν τὴν κτῆσιν, ἣν ἐκτήσαντο ἐν γῇ Χαναάν, εἰσῆλθον εἰς Αἴγυπτον, Ἰακὼβ καὶ πᾶν τὸ σπέρμα αὐτοῦ μετ᾿ αὐτοῦ,	kai̯ analabontes ta yparkʰonta au̯tɔːn kai̯ pasan tɛːn ktɛːsin ɛːn ektɛːsanto en ɡɛː kʰanaan eːsɛːltʰon eːs ai̯ɡypton iakɔːb kai̯ pan to sperma au̯tuː met au̯tuː	KAI ANALABONTES TA UPARKONTA AUTON KAI PASAN TEN KTESIN EN EKTESANTO EN GE KANAAN ESELTON ES AIGUPTON IAKOB KAI PAN TO SPERMA AUTU MET AUTU	ud_ancient_greek_ptnk	4th-5th c. CE (Codex Alexandrinus)	religious	translit_map
ud_ancient_greek_ptnk_Septuagint-Genesis-46:7-grc	υἱοὶ καὶ οἱ υἱοὶ τῶν υἱῶν αὐτοῦ μετ᾿ αὐτοῦ, θυγατέρες καὶ θυγατέρες τῶν υἱῶν αὐτοῦ· καὶ πᾶν τὸ σπέρμα αὐτοῦ ἤγαγεν εἰς Αἴγυπτον.	yi̯oi̯ kai̯ oi̯ yi̯oi̯ tɔːn yi̯ɔːn au̯tuː met au̯tuː tʰyɡateres kai̯ tʰyɡateres tɔːn yi̯ɔːn au̯tuː kai̯ pan to sperma au̯tuː ɛːɡaɡen eːs ai̯ɡypton	UIOI KAI OI UIOI TON UION AUTU MET AUTU TUGATERES KAI TUGATERES TON UION AUTU KAI PAN TO SPERMA AUTU EGAGEN ES AIGUPTON	ud_ancient_greek_ptnk	4th-5th c. CE (Codex Alexandrinus)	religious	translit_map
ud_ancient_greek_ptnk_Septuagint-Genesis-46:8-grc	Ταῦτα δὲ τὰ ὀνόματα τῶν υἱῶν Ἰσραὴλ τῶν εἰσελθόντων εἰς Αἴγυπτον. Ἰακὼβ καὶ οἱ υἱοὶ αὐτοῦ πρωτότοκος Ἰακὼβ Ῥουβήν.	tau̯ta de ta onomata tɔːn yi̯ɔːn israɛːl tɔːn eːseltʰontɔːn eːs ai̯ɡypton iakɔːb kai̯ oi̯ yi̯oi̯ au̯tuː prɔːtotokos iakɔːb ruːbɛːn	TAUTA DE TA ONOMATA TON UION ISRAEL TON ESELTONTON ES AIGUPTON IAKOB KAI OI UIOI AUTU PROTOTOKOS IAKOB RUBEN	ud_ancient_greek_ptnk	4th-5th c. CE (Codex Alexandrinus)	religious	translit_map
ud_ancient_greek_ptnk_Septuagint-Genesis-46:9-grc	υἱοὶ δὲ Ῥουβήν· Ἐνὼχ καὶ Φαλλούς, Ἀσρὼν καὶ Χαρμί.	yi̯oi̯ de ruːbɛːn enɔːkʰ kai̯ pʰalluːs asrɔːn kai̯ kʰarmi	UIOI DE RUBEN ENOK KAI PALLUS ASRON KAI KARMI	ud_ancient_greek_ptnk	4th-5th c. CE (Codex Alexandrinus)	religious	translit_map
ud_ancient_greek_ptnk_Septuagint-Genesis-46:10-grc	υἱοὶ δὲ Συμεών· Ἰεμουὲλ καὶ Ἰαμὶν καὶ Ἀὼδ καὶ Ἰαχὶν καὶ Σαὰρ καὶ Σαοὺλ υἱὸς τῆς Χανανίτιδος.	yi̯oi̯ de symeɔːn iemuːel kai̯ iamin kai̯ aɔːd kai̯ iakʰin kai̯ saar kai̯ sauːl yi̯os tɛːs kʰananitidos	UIOI DE SUMEON IEMUEL KAI IAMIN KAI AOD KAI IAKIN KAI SAAR KAI SAUL UIOS TES KANANITIDOS	ud_ancient_greek_ptnk	4th-5th c. CE (Codex Alexandrinus)	religious	translit_map
ud_ancient_greek_ptnk_Septuagint-Genesis-46:11-grc	υἱοὶ δὲ Λευί· Γηρσών, Καὰθ καὶ Μεραρί.	yi̯oi̯ de leu̯i ɡɛːrsɔːn kaatʰ kai̯ merari	UIOI DE LEUI GERSON KAAT KAI MERARI	ud_ancient_greek_ptnk	4th-5th c. CE (Codex Alexandrinus)	religious	translit_map
ud_ancient_greek_ptnk_Septuagint-Genesis-46:12-grc	υἱοὶ δὲ Ἰούδα· Ἢρ καὶ Αὐνὰν καὶ Σηλὼμ καὶ Φαρὲς καὶ Ζάρα ἀπέθανεν δὲ Ἢρ καὶ Αὐνὰν ἐν γῇ Χαναάν· ἐγένοντο δὲ υἱοὶ Φαρὲς Ἀσρὼν καὶ Ἰεμουέλ.	yi̯oi̯ de iuːda ɛːr kai̯ au̯nan kai̯ sɛːlɔːm kai̯ pʰares kai̯ zdara apetʰanen de ɛːr kai̯ au̯nan en ɡɛː kʰanaan eɡenonto de yi̯oi̯ pʰares asrɔːn kai̯ iemuːel	UIOI DE IUDA ER KAI AUNAN KAI SELOM KAI PARES KAI SDARA APETANEN DE ER KAI AUNAN EN GE KANAAN EGENONTO DE UIOI PARES ASRON KAI IEMUEL	ud_ancient_greek_ptnk	4th-5th c. CE (Codex Alexandrinus)	religious	translit_map
ud_ancient_greek_ptnk_Septuagint-Genesis-46:13-grc	υἱοὶ δὲ Ἰσσαχὰρ Θωλὰ καὶ Φουὰ καὶ Ἰασοὺβ καὶ Ζαμβράμ.	yi̯oi̯ de issakʰar tʰɔːla kai̯ pʰuːa kai̯ iasuːb kai̯ zdambram	UIOI DE ISSAKAR TOLA KAI PUA KAI IASUB KAI SDAMBRAM	ud_ancient_greek_ptnk	4th-5th c. CE (Codex Alexandrinus)	religious	translit_map
ud_ancient_greek_ptnk_Septuagint-Genesis-46:14-grc	υἱοὶ δὲ Ζαβουλών· Σερὲδ καὶ Ἀλλὼν καὶ Ἀλοήλ.	yi̯oi̯ de zdabuːlɔːn sered kai̯ allɔːn kai̯ aloɛːl	UIOI DE SDABULON SERED KAI ALLON KAI ALOEL	ud_ancient_greek_ptnk	4th-5th c. CE (Codex Alexandrinus)	religious	translit_map
ud_ancient_greek_ptnk_Septuagint-Genesis-46:15-grc	οὗτοι υἱοὶ Λείας, οὓς ἔτεκεν τῷ Ἰακὼβ ἐν Μεσοποταμίᾳ τῆς Συρίας, καὶ Δίναν τὴν θυγατέρα αὐτοῦ· πᾶσαι αἱ ψυχαί, υἱοὶ καὶ θυγατέρες, τριάκοντα τρεῖς.	uːtoi̯ yi̯oi̯ leːas uːs eteken tɔː iakɔːb en mesopotamia tɛːs syrias kai̯ dinan tɛːn tʰyɡatera au̯tuː pasai̯ ai̯ psykʰai̯ yi̯oi̯ kai̯ tʰyɡateres triakonta treːs	UTOI UIOI LEAS US ETEKEN TO IAKOB EN MESOPOTAMIA TES SURIAS KAI DINAN TEN TUGATERA AUTU PASAI AI PSUKAI UIOI KAI TUGATERES TRIAKONTA TRES	ud_ancient_greek_ptnk	4th-5th c. CE (Codex Alexandrinus)	religious	translit_map
ud_ancient_greek_ptnk_Septuagint-Genesis-46:16-grc	υἱοὶ δὲ Γάδ· Σαφὼν καὶ Ἀγγὶς καὶ Σαυνὶς καὶ Θασοβὰν καὶ Ἀηδὶς καὶ Ἀροηδὶς καὶ Ἀροηλίς.	yi̯oi̯ de ɡad sapʰɔːn kai̯ aŋɡis kai̯ sau̯nis kai̯ tʰasoban kai̯ aɛːdis kai̯ aroɛːdis kai̯ aroɛːlis	UIOI DE GAD SAPON KAI ANGIS KAI SAUNIS KAI TASOBAN KAI AEDIS KAI AROEDIS KAI AROELIS	ud_ancient_greek_ptnk	4th-5th c. CE (Codex Alexandrinus)	religious	translit_map
ud_ancient_greek_ptnk_Septuagint-Genesis-46:17-grc	υἱοὶ δὲ Ἀσήρ· Ἰεμνὰ καὶ Ἰεσουὰ καὶ Ἰεοὺλ καὶ Βαριά, καὶ Σάρα ἀδελφὴ αὐτῶν. υἱοὶ δὲ Βαριά· Χοβὸρ καὶ Μελχιήλ.	yi̯oi̯ de asɛːr iemna kai̯ iesuːa kai̯ ieuːl kai̯ baria kai̯ sara adelpʰɛː au̯tɔːn yi̯oi̯ de baria kʰobor kai̯ melkʰiɛːl	UIOI DE ASER IEMNA KAI IESUA KAI IEUL KAI BARIA KAI SARA ADELPE AUTON UIOI DE BARIA KOBOR KAI MELKIEL	ud_ancient_greek_ptnk	4th-5th c. CE (Codex Alexandrinus)	religious	translit_map
ud_ancient_greek_ptnk_Septuagint-Genesis-46:18-grc	οὗτοι υἱοὶ Ζέλφας, ἣν ἔδωκεν Λαβὰν Λεία τῇ θυγατρὶ αὐτοῦ, ἣ ἔτεκεν τούτους τῷ Ἰακώβ, δέκα ἓξ ψυχάς.—	uːtoi̯ yi̯oi̯ zdelpʰas ɛːn edɔːken laban leːa tɛː tʰyɡatri au̯tuː ɛː eteken tuːtuːs tɔː iakɔːb deka eks psykʰas	UTOI UIOI SDELPAS EN EDOKEN LABAN LEA TE TUGATRI AUTU E ETEKEN TUTUS TO IAKOB DEKA EKS PSUKAS	ud_ancient_greek_ptnk	4th-5th c. CE (Codex Alexandrinus)	religious	translit_map
ud_ancient_greek_ptnk_Septuagint-Genesis-46:19-grc	υἱοὶ δὲ Ῥαχὴλ γυναικὸς Ἰακώβ· Ἰωσὴφ καὶ Βενιαμίν.	yi̯oi̯ de rakʰɛːl ɡynai̯kos iakɔːb iɔːsɛːpʰ kai̯ beniamin	UIOI DE RAKEL GUNAIKOS IAKOB IOSEP KAI BENIAMIN	ud_ancient_greek_ptnk	4th-5th c. CE (Codex Alexandrinus)	religious	translit_map
ud_ancient_greek_ptnk_Septuagint-Genesis-46:20-grc	ἐγένοντο δὲ υἱοὶ Ἰωσὴφ ἐν γῇ Αἰγύπτῳ, οὓς ἔτεκεν αὐτῷ Ἀσεννὲθ θυγάτηρ Πετεφρῇ ἱερέως Ἡλίου πόλεως, τὸν Μανασσῆ καὶ τὸν Ἐφραὶμ ἐγένοντο δὲ υἱοὶ Μανασσῆ, οὓς ἔτεκεν αὐτῷ ἡ παλλακὴ ἡ Σύρα, τὸν Μαχίρ· Μαχὶρ δὲ ἐγέννησεν τὸν Γαλαάδ. υἱοὶ δὲ Ἐφραὶμ ἀδελφοῦ Μανασσῆ· Σουταλαὰμ καὶ Ταάμ. υἱοὶ δὲ Σουταλαάμ· Ἐδέμ.	eɡenonto de yi̯oi̯ iɔːsɛːpʰ en ɡɛː ai̯ɡyptɔː uːs eteken au̯tɔː asennetʰ tʰyɡatɛːr petepʰrɛː iereɔːs ɛːliuː poleɔːs ton manassɛː kai̯ ton epʰrai̯m eɡenonto de yi̯oi̯ manassɛː uːs eteken au̯tɔː ɛː pallakɛː ɛː syra ton makʰir makʰir de eɡennɛːsen ton ɡalaad yi̯oi̯ de epʰrai̯m adelpʰuː manassɛː suːtalaam kai̯ taam yi̯oi̯ de suːtalaam edem	EGENONTO DE UIOI IOSEP EN GE AIGUPTO US ETEKEN AUTO ASENNET TUGATER PETEPRE IEREOS ELIU POLEOS TON MANASSE KAI TON EPRAIM EGENONTO DE UIOI MANASSE US ETEKEN AUTO E PALLAKE E SURA TON MAKIR MAKIR DE EGENNESEN TON GALAAD UIOI DE EPRAIM ADELPU MANASSE SUTALAAM KAI TAAM UIOI DE SUTALAAM EDEM	ud_ancient_greek_ptnk	4th-5th c. CE (Codex Alexandrinus)	religious	translit_map
ud_ancient_greek_ptnk_Septuagint-Genesis-46:21-grc	υἱοὶ δὲ Βενιαμίν· Βαλὰ καὶ Χοβὼρ καὶ Ἀσβήλ. ἐγένοντο δὲ υἱοὶ Βαλά· Γηρὰ καὶ Νοεμὰν καὶ Ἀγχὶς καὶ Ῥὼς καὶ Μαμφὶν καὶ Ὁφιμίν· Γηρὰ δὲ ἐγέννησεν τὸν Ἀράδ.	yi̯oi̯ de beniamin bala kai̯ kʰobɔːr kai̯ asbɛːl eɡenonto de yi̯oi̯ bala ɡɛːra kai̯ noeman kai̯ aŋkʰis kai̯ rɔːs kai̯ mampʰin kai̯ opʰimin ɡɛːra de eɡennɛːsen ton arad	UIOI DE BENIAMIN BALA KAI KOBOR KAI ASBEL EGENONTO DE UIOI BALA GERA KAI NOEMAN KAI ANKIS KAI ROS KAI MAMPIN KAI OPIMIN GERA DE EGENNESEN TON ARAD	ud_ancient_greek_ptnk	4th-5th c. CE (Codex Alexandrinus)	religious	translit_map
ud_ancient_greek_ptnk_Septuagint-Genesis-46:22-grc	οὗτοι υἱοὶ Ῥαχήλ, οὓς ἔτεκεν τῷ Ἰακώβ· πᾶσαι ψυχαὶ δέκα ὀκτώ.—	uːtoi̯ yi̯oi̯ rakʰɛːl uːs eteken tɔː iakɔːb pasai̯ psykʰai̯ deka oktɔː	UTOI UIOI RAKEL US ETEKEN TO IAKOB PASAI PSUKAI DEKA OKTO	ud_ancient_greek_ptnk	4th-5th c. CE (Codex Alexandrinus)	religious	translit_map
ud_ancient_greek_ptnk_Septuagint-Genesis-46:23-grc	υἱοὶ δὲ Δάν· Ἀσόμ.	yi̯oi̯ de dan asom	UIOI DE DAN ASOM	ud_ancient_greek_ptnk	4th-5th c. CE (Codex Alexandrinus)	religious	translit_map
ud_ancient_greek_ptnk_Septuagint-Genesis-46:24-grc	καὶ υἱοὶ Νεφθαλί· Ἀσιηλὶ καὶ Γωϋνὶ καὶ Ἰσσαὰρ καὶ Συλλήμ.	kai̯ yi̯oi̯ nepʰtʰali asiɛːli kai̯ ɡɔːyni kai̯ issaar kai̯ syllɛːm	KAI UIOI NEPTALI ASIELI KAI GOUNI KAI ISSAAR KAI SULLEM	ud_ancient_greek_ptnk	4th-5th c. CE (Codex Alexandrinus)	religious	translit_map
ud_ancient_greek_ptnk_Septuagint-Genesis-46:25-grc	οὗτοι υἱοὶ Βάλλας, ἣν ἔδωκεν Λαβὰν Ῥαχὴλ τῇ θυγατρὶ αὐτοῦ, ἣ ἔτεκεν τούτους τῷ Ἰακώβ· πᾶσαι ψυχαὶ ἑπτά.—	uːtoi̯ yi̯oi̯ ballas ɛːn edɔːken laban rakʰɛːl tɛː tʰyɡatri au̯tuː ɛː eteken tuːtuːs tɔː iakɔːb pasai̯ psykʰai̯ epta	UTOI UIOI BALLAS EN EDOKEN LABAN RAKEL TE TUGATRI AUTU E ETEKEN TUTUS TO IAKOB PASAI PSUKAI EPTA	ud_ancient_greek_ptnk	4th-5th c. CE (Codex Alexandrinus)	religious	translit_map
ud_ancient_greek_ptnk_Septuagint-Genesis-46:26-grc	πᾶσαι δὲ ψυχαὶ αἱ εἰσελθοῦσαι μετὰ Ἰακὼβ εἰς Αἴγυπτον, οἱ ἐξελθόντες ἐκ τῶν μηρῶν αὐτοῦ, χωρὶς τῶν γυναικῶν υἱῶν Ἰακώβ, πᾶσαι ψυχαὶ ἑξήκοντα ἕξ.	pasai̯ de psykʰai̯ ai̯ eːseltʰuːsai̯ meta iakɔːb eːs ai̯ɡypton oi̯ ekseltʰontes ek tɔːn mɛːrɔːn au̯tuː kʰɔːris tɔːn ɡynai̯kɔːn yi̯ɔːn iakɔːb pasai̯ psykʰai̯ eksɛːkonta eks	PASAI DE PSUKAI AI ESELTUSAI META IAKOB ES AIGUPTON OI EKSELTONTES EK TON MERON AUTU KORIS TON GUNAIKON UION IAKOB PASAI PSUKAI EKSEKONTA EKS	ud_ancient_greek_ptnk	4th-5th c. CE (Codex Alexandrinus)	religious	translit_map
ud_ancient_greek_ptnk_Septuagint-Genesis-46:27-grc	υἱοὶ δὲ Ἰωσὴφ οἱ γενόμενοι αὐτῷ ἐν γῇ Αἰγύπτῳ ψυχαὶ ἐννέα. πᾶσαι ψυχαὶ οἴκου Ἰακὼβ αἱ εἰσελθοῦσαι εἰς Αἴγυπτον ἑβδομήκοντα πέντε.	yi̯oi̯ de iɔːsɛːpʰ oi̯ ɡenomenoi̯ au̯tɔː en ɡɛː ai̯ɡyptɔː psykʰai̯ ennea pasai̯ psykʰai̯ oi̯kuː iakɔːb ai̯ eːseltʰuːsai̯ eːs ai̯ɡypton ebdomɛːkonta pente	UIOI DE IOSEP OI GENOMENOI AUTO EN GE AIGUPTO PSUKAI ENNEA PASAI PSUKAI OIKU IAKOB AI ESELTUSAI ES AIGUPTON EBDOMEKONTA PENTE	ud_ancient_greek_ptnk	4th-5th c. CE (Codex Alexandrinus)	religious	translit_map
ud_ancient_greek_ptnk_Septuagint-Genesis-46:28-grc	Τὸν δὲ Ἰούδαν ἀπέστειλεν ἔμπροσθεν αὐτοῦ πρὸς Ἰωσὴφ συναντῆσαι αὐτῷ καθ᾿ Ἡρώων πόλιν εἰς γῆν Ῥαμεσσῆ.	ton de iuːdan apesteːlen emprostʰen au̯tuː pros iɔːsɛːpʰ synantɛːsai̯ au̯tɔː katʰ ɛːrɔːɔːn polin eːs ɡɛːn ramessɛː	TON DE IUDAN APESTELEN EMPROSTEN AUTU PROS IOSEP SUNANTESAI AUTO KAT EROON POLIN ES GEN RAMESSE	ud_ancient_greek_ptnk	4th-5th c. CE (Codex Alexandrinus)	religious	translit_map
ud_ancient_greek_ptnk_Septuagint-Genesis-46:29-grc	ζεύξας δὲ Ἰωσὴφ τὰ ἅρματα αὐτοῦ ἀνέβη εἰς συνάντησιν Ἰσραὴλ τῷ πατρὶ αὐτοῦ καθ᾿ Ἡρώων πόλιν καὶ ὀφθεὶς αὐτῷ ἐπέπεσεν ἐπὶ τὸν τράχηλον αὐτοῦ καὶ ἔκλαυσεν κλαυθμῷ πλείονι.	zdeu̯ksas de iɔːsɛːpʰ ta armata au̯tuː anebɛː eːs synantɛːsin israɛːl tɔː patri au̯tuː katʰ ɛːrɔːɔːn polin kai̯ opʰtʰeːs au̯tɔː epepesen epi ton trakʰɛːlon au̯tuː kai̯ eklau̯sen klau̯tʰmɔː pleːoni	SDEUKSAS DE IOSEP TA ARMATA AUTU ANEBE ES SUNANTESIN ISRAEL TO PATRI AUTU KAT EROON POLIN KAI OPTES AUTO EPEPESEN EPI TON TRAKELON AUTU KAI EKLAUSEN KLAUTMO PLEONI	ud_ancient_greek_ptnk	4th-5th c. CE (Codex Alexandrinus)	religious	translit_map
ud_ancient_greek_ptnk_Septuagint-Genesis-46:30-grc	καὶ εἶπεν Ἰσραὴλ πρὸς Ἰωσήφ, Ἀποθανοῦμαι ἀπὸ τοῦ νῦν, ἐπεὶ ἑώρακα τὸ πρόσωπόν σου· ἔτι γὰρ σὺ ζῇς.	kai̯ eːpen israɛːl pros iɔːsɛːpʰ apotʰanuːmai̯ apo tuː nyn epeː eɔːraka to prosɔːpon suː eti ɡar sy zdɛːs	KAI EPEN ISRAEL PROS IOSEP APOTANUMAI APO TU NUN EPE EORAKA TO PROSOPON SU ETI GAR SU SDES	ud_ancient_greek_ptnk	4th-5th c. CE (Codex Alexandrinus)	religious	translit_map
ud_ancient_greek_ptnk_Septuagint-Genesis-46:31-grc	εἶπεν δὲ Ἰωσὴφ πρὸς τοὺς ἀδελφοὺς αὐτοῦ, Ἀναβὰς ἀπαγγελῶ τῷ Φαραὼ καὶ ἐρῶ αὐτῷ, Οἱ ἀδελφοί μου καὶ ὁ οἶκος τοῦ πατρός μου, οἳ ἦσαν ἐν γῇ Χαναάν, ἥκασιν πρός με·	eːpen de iɔːsɛːpʰ pros tuːs adelpʰuːs au̯tuː anabas apaŋɡelɔː tɔː pʰaraɔː kai̯ erɔː au̯tɔː oi̯ adelpʰoi̯ muː kai̯ o oi̯kos tuː patros muː oi̯ ɛːsan en ɡɛː kʰanaan ɛːkasin pros me	EPEN DE IOSEP PROS TUS ADELPUS AUTU ANABAS APANGELO TO PARAO KAI ERO AUTO OI ADELPOI MU KAI O OIKOS TU PATROS MU OI ESAN EN GE KANAAN EKASIN PROS ME	ud_ancient_greek_ptnk	4th-5th c. CE (Codex Alexandrinus)	religious	translit_map
ud_ancient_greek_ptnk_Septuagint-Genesis-46:32-grc	οἱ δὲ ἄνδρες εἰσὶν ποιμένες— ἄνδρες γὰρ κτηνοτρόφοι ἦσαν— καὶ τὰ κτήνη καὶ τοὺς βόας καὶ πάντα τὰ αὐτῶν ἀγειόχασιν.	oi̯ de andres eːsin poi̯menes andres ɡar ktɛːnotropʰoi̯ ɛːsan kai̯ ta ktɛːnɛː kai̯ tuːs boas kai̯ panta ta au̯tɔːn aɡeːokʰasin	OI DE ANDRES ESIN POIMENES ANDRES GAR KTENOTROPOI ESAN KAI TA KTENE KAI TUS BOAS KAI PANTA TA AUTON AGEOKASIN	ud_ancient_greek_ptnk	4th-5th c. CE (Codex Alexandrinus)	religious	translit_map
ud_ancient_greek_ptnk_Septuagint-Genesis-46:33-grc	ἐὰν οὖν καλέσῃ ὑμᾶς Φαραὼ καὶ εἴπῃ ὑμῖν, Τί τὸ ἔργον ὑμῶν ἐστιν;	ean uːn kalesɛː ymas pʰaraɔː kai̯ eːpɛː ymin ti to erɡon ymɔːn estin	EAN UN KALESE UMAS PARAO KAI EPE UMIN TI TO ERGON UMON ESTIN	ud_ancient_greek_ptnk	4th-5th c. CE (Codex Alexandrinus)	religious	translit_map
ud_ancient_greek_ptnk_Septuagint-Genesis-46:34-grc	ἐρεῖτε, Ἄνδρες κτηνοτρόφοι ἐσμὲν οἱ παῖδές σου ἐκ παιδὸς ἕως τοῦ νῦν, καὶ ἡμεῖς καὶ οἱ πατέρες ἡμῶν, ἵνα κατοικήσητε ἐν γῇ Γεσὲμ Ἀραβίᾳ· βδέλυγμα γάρ ἐστιν Αἰγυπτίοις πᾶς ποιμὴν προβάτων.	ereːte andres ktɛːnotropʰoi̯ esmen oi̯ pai̯des suː ek pai̯dos eɔːs tuː nyn kai̯ ɛːmeːs kai̯ oi̯ pateres ɛːmɔːn ina katoi̯kɛːsɛːte en ɡɛː ɡesem arabia bdelyɡma ɡar estin ai̯ɡyptioi̯s pas poi̯mɛːn probatɔːn	ERETE ANDRES KTENOTROPOI ESMEN OI PAIDES SU EK PAIDOS EOS TU NUN KAI EMES KAI OI PATERES EMON INA KATOIKESETE EN GE GESEM ARABIA BDELUGMA GAR ESTIN AIGUPTIOIS PAS POIMEN PROBATON	ud_ancient_greek_ptnk	4th-5th c. CE (Codex Alexandrinus)	religious	translit_map
ud_ancient_greek_ptnk_Septuagint-Genesis-47:1-grc	Ἐλθὼν δὲ Ἰωσὴφ ἀπήγγειλεν τῷ Φαραὼ λέγων, Ὁ πατήρ μου καὶ οἱ ἀδελφοί μου καὶ τὰ κτήνη καὶ οἱ βόες αὐτῶν καὶ πάντα τὰ αὐτῶν ἦλθον ἐκ γῆς Χαναὰν καὶ ἰδού εἰσιν ἐν γῇ Γεσέμ.	eltʰɔːn de iɔːsɛːpʰ apɛːŋɡeːlen tɔː pʰaraɔː leɡɔːn o patɛːr muː kai̯ oi̯ adelpʰoi̯ muː kai̯ ta ktɛːnɛː kai̯ oi̯ boes au̯tɔːn kai̯ panta ta au̯tɔːn ɛːltʰon ek ɡɛːs kʰanaan kai̯ iduː eːsin en ɡɛː ɡesem	ELTON DE IOSEP APENGELEN TO PARAO LEGON O PATER MU KAI OI ADELPOI MU KAI TA KTENE KAI OI BOES AUTON KAI PANTA TA AUTON ELTON EK GES KANAAN KAI IDU ESIN EN GE GESEM	ud_ancient_greek_ptnk	4th-5th c. CE (Codex Alexandrinus)	religious	translit_map
ud_ancient_greek_ptnk_Septuagint-Genesis-47:2-grc	ἀπὸ δὲ τῶν ἀδελφῶν αὐτοῦ παρέλαβεν πέντε ἄνδρας καὶ ἔστησεν αὐτοὺς ἐναντίον Φαραώ.	apo de tɔːn adelpʰɔːn au̯tuː parelaben pente andras kai̯ estɛːsen au̯tuːs enantion pʰaraɔː	APO DE TON ADELPON AUTU PARELABEN PENTE ANDRAS KAI ESTESEN AUTUS ENANTION PARAO	ud_ancient_greek_ptnk	4th-5th c. CE (Codex Alexandrinus)	religious	translit_map
ud_ancient_greek_ptnk_Septuagint-Genesis-47:3-grc	καὶ εἶπεν Φαραὼ τοῖς ἀδελφοῖς Ἰωσήφ, Τί τὸ ἔργον ὑμῶν; οἱ δὲ εἶπαν τῷ Φαραώ, Ποιμένες προβάτων οἱ παῖδές σου, καὶ ἡμεῖς καὶ οἱ πατέρες ἡμῶν.	kai̯ eːpen pʰaraɔː toi̯s adelpʰoi̯s iɔːsɛːpʰ ti to erɡon ymɔːn oi̯ de eːpan tɔː pʰaraɔː poi̯menes probatɔːn oi̯ pai̯des suː kai̯ ɛːmeːs kai̯ oi̯ pateres ɛːmɔːn	KAI EPEN PARAO TOIS ADELPOIS IOSEP TI TO ERGON UMON OI DE EPAN TO PARAO POIMENES PROBATON OI PAIDES SU KAI EMES KAI OI PATERES EMON	ud_ancient_greek_ptnk	4th-5th c. CE (Codex Alexandrinus)	religious	translit_map
ud_ancient_greek_ptnk_Septuagint-Genesis-47:4-grc	εἶπαν δὲ τῷ Φαραὼ Παροικεῖν ἐν τῇ γῇ ἥκαμεν· οὐ γάρ ἐστιν νομὴ τοῖς κτήνεσιν τῶν παίδων σου, ἐνίσχυσεν γὰρ ὁ λιμὸς ἐν γῇ Χαναάν· νῦν οὖν κατοικήσομεν οἱ παῖδές σου ἐν γῇ Γεσέμ.	eːpan de tɔː pʰaraɔː paroi̯keːn en tɛː ɡɛː ɛːkamen uː ɡar estin nomɛː toi̯s ktɛːnesin tɔːn pai̯dɔːn suː eniskʰysen ɡar o limos en ɡɛː kʰanaan nyn uːn katoi̯kɛːsomen oi̯ pai̯des suː en ɡɛː ɡesem	EPAN DE TO PARAO PAROIKEN EN TE GE EKAMEN U GAR ESTIN NOME TOIS KTENESIN TON PAIDON SU ENISKUSEN GAR O LIMOS EN GE KANAAN NUN UN KATOIKESOMEN OI PAIDES SU EN GE GESEM	ud_ancient_greek_ptnk	4th-5th c. CE (Codex Alexandrinus)	religious	translit_map
ud_ancient_greek_ptnk_Septuagint-Genesis-47:5-grc	εἶπεν δὲ Φαραὼ τῷ Ἰωσήφ, Κατοικείτωσαν ἐν γῇ Γεσέμ· εἰ δὲ ἐπίστῃ ὅτι εἰσὶν ἐν αὐτοῖς ἄνδρες δυνατοί, κατάστησον αὐτοὺς ἄρχοντας τῶν ἐμῶν κτηνῶν. Ἦλθον δὲ εἰς Αἴγυπτον πρὸς Ἰωσὴφ Ἰακὼβ καὶ οἱ υἱοὶ αὐτοῦ, καὶ ἤκουσεν Φαραὼ βασιλεὺς Αἰγύπτου. καὶ εἶπεν Φαραὼ πρὸς Ἰωσὴφ λέγων, Ὁ πατήρ σου καὶ οἱ ἀδελφοί σου ἥκασι πρὸς σέ·	eːpen de pʰaraɔː tɔː iɔːsɛːpʰ katoi̯keːtɔːsan en ɡɛː ɡesem eː de epistɛː oti eːsin en au̯toi̯s andres dynatoi̯ katastɛːson au̯tuːs arkʰontas tɔːn emɔːn ktɛːnɔːn ɛːltʰon de eːs ai̯ɡypton pros iɔːsɛːpʰ iakɔːb kai̯ oi̯ yi̯oi̯ au̯tuː kai̯ ɛːkuːsen pʰaraɔː basileu̯s ai̯ɡyptuː kai̯ eːpen pʰaraɔː pros iɔːsɛːpʰ leɡɔːn o patɛːr suː kai̯ oi̯ adelpʰoi̯ suː ɛːkasi pros se	EPEN DE PARAO TO IOSEP KATOIKETOSAN EN GE GESEM E DE EPISTE OTI ESIN EN AUTOIS ANDRES DUNATOI KATASTESON AUTUS ARKONTAS TON EMON KTENON ELTON DE ES AIGUPTON PROS IOSEP IAKOB KAI OI UIOI AUTU KAI EKUSEN PARAO BASILEUS AIGUPTU KAI EPEN PARAO PROS IOSEP LEGON O PATER SU KAI OI ADELPOI SU EKASI PROS SE	ud_ancient_greek_ptnk	4th-5th c. CE (Codex Alexandrinus)	religious	translit_map
ud_ancient_greek_ptnk_Septuagint-Genesis-47:6-grc	ἰδοὺ ἡ γῆ Αἰγύπτου ἐναντίον σου ἐστιν· ἐν τῇ βελτίστῃ γῇ κατοίκισον τὸν πατέρα σου καὶ τοὺς ἀδελφούς σου.	iduː ɛː ɡɛː ai̯ɡyptuː enantion suː estin en tɛː beltistɛː ɡɛː katoi̯kison ton patera suː kai̯ tuːs adelpʰuːs suː	IDU E GE AIGUPTU ENANTION SU ESTIN EN TE BELTISTE GE KATOIKISON TON PATERA SU KAI TUS ADELPUS SU	ud_ancient_greek_ptnk	4th-5th c. CE (Codex Alexandrinus)	religious	translit_map
ud_ancient_greek_ptnk_Septuagint-Genesis-47:7-grc	εἰσήγαγεν δὲ Ἰωσὴφ Ἰακὼβ τὸν πατέρα αὐτοῦ καὶ ἔστησεν αὐτὸν ἐναντίον Φαραώ, καὶ εὐλόγησεν Ἰακὼβ τὸν Φαραώ.	eːsɛːɡaɡen de iɔːsɛːpʰ iakɔːb ton patera au̯tuː kai̯ estɛːsen au̯ton enantion pʰaraɔː kai̯ eu̯loɡɛːsen iakɔːb ton pʰaraɔː	ESEGAGEN DE IOSEP IAKOB TON PATERA AUTU KAI ESTESEN AUTON ENANTION PARAO KAI EULOGESEN IAKOB TON PARAO	ud_ancient_greek_ptnk	4th-5th c. CE (Codex Alexandrinus)	religious	translit_map
ud_ancient_greek_ptnk_Septuagint-Genesis-47:8-grc	εἶπεν δὲ Φαραὼ τῷ Ἰακώβ, Πόσα ἔτη ἡμερῶν τῆς ζωῆς σου;	eːpen de pʰaraɔː tɔː iakɔːb posa etɛː ɛːmerɔːn tɛːs zdɔːɛːs suː	EPEN DE PARAO TO IAKOB POSA ETE EMERON TES SDOES SU	ud_ancient_greek_ptnk	4th-5th c. CE (Codex Alexandrinus)	religious	translit_map
ud_ancient_greek_ptnk_Septuagint-Genesis-47:9-grc	καὶ εἶπεν Ἰακὼβ τῷ Φαραώ, Αἱ ἡμέραι τῶν ἐτῶν τῆς ζωῆς μου, ἃς παροικῶ, ἑκατὸν τριάκοντα ἔτη· μικραὶ καὶ πονηραὶ γεγόνασιν αἱ ἡμέραι τῶν ἐτῶν τῆς ζωῆς μου, οὐκ ἀφίκοντο εἰς τὰς ἡμέρας τῶν ἐτῶν τῆς ζωῆς τῶν πατέρων μου, ἃς ἡμέρας παρῴκησαν.	kai̯ eːpen iakɔːb tɔː pʰaraɔː ai̯ ɛːmerai̯ tɔːn etɔːn tɛːs zdɔːɛːs muː as paroi̯kɔː ekaton triakonta etɛː mikrai̯ kai̯ ponɛːrai̯ ɡeɡonasin ai̯ ɛːmerai̯ tɔːn etɔːn tɛːs zdɔːɛːs muː uːk apʰikonto eːs tas ɛːmeras tɔːn etɔːn tɛːs zdɔːɛːs tɔːn paterɔːn muː as ɛːmeras parɔːkɛːsan	KAI EPEN IAKOB TO PARAO AI EMERAI TON ETON TES SDOES MU AS PAROIKO EKATON TRIAKONTA ETE MIKRAI KAI PONERAI GEGONASIN AI EMERAI TON ETON TES SDOES MU UK APIKONTO ES TAS EMERAS TON ETON TES SDOES TON PATERON MU AS EMERAS PAROKESAN	ud_ancient_greek_ptnk	4th-5th c. CE (Codex Alexandrinus)	religious	translit_map
ud_ancient_greek_ptnk_Septuagint-Genesis-47:10-grc	καὶ εὐλογήσας Ἰακὼβ τὸν Φαραὼ ἐξῆλθεν ἀπ᾿ αὐτοῦ.	kai̯ eu̯loɡɛːsas iakɔːb ton pʰaraɔː eksɛːltʰen ap au̯tuː	KAI EULOGESAS IAKOB TON PARAO EKSELTEN AP AUTU	ud_ancient_greek_ptnk	4th-5th c. CE (Codex Alexandrinus)	religious	translit_map
ud_ancient_greek_ptnk_Septuagint-Genesis-47:11-grc	Καὶ κατῴκισεν Ἰωσὴφ τὸν πατέρα καὶ τοὺς ἀδελφοὺς αὐτοῦ καὶ ἔδωκεν αὐτοῖς κατάσχεσιν ἐν γῇ Αἰγύπτου ἐν τῇ βελτίστῃ γῇ ἐν γῇ Ῥαμσσῆ, καθὰ προσέταξεν Φαραώ.	kai̯ katɔːkisen iɔːsɛːpʰ ton patera kai̯ tuːs adelpʰuːs au̯tuː kai̯ edɔːken au̯toi̯s kataskʰesin en ɡɛː ai̯ɡyptuː en tɛː beltistɛː ɡɛː en ɡɛː ramssɛː katʰa prosetaksen pʰaraɔː	KAI KATOKISEN IOSEP TON PATERA KAI TUS ADELPUS AUTU KAI EDOKEN AUTOIS KATASKESIN EN GE AIGUPTU EN TE BELTISTE GE EN GE RAMSSE KATA PROSETAKSEN PARAO	ud_ancient_greek_ptnk	4th-5th c. CE (Codex Alexandrinus)	religious	translit_map
ud_ancient_greek_ptnk_Septuagint-Genesis-47:12-grc	καὶ ἐσιτομέτρει Ἰωσὴφ τῷ πατρὶ καὶ τοῖς ἀδελφοῖς αὐτοῦ καὶ παντὶ τῷ οἴκῳ τοῦ πατρὸς αὐτοῦ σῖτον κατὰ σῶμα,	kai̯ esitometreː iɔːsɛːpʰ tɔː patri kai̯ toi̯s adelpʰoi̯s au̯tuː kai̯ panti tɔː oi̯kɔː tuː patros au̯tuː siton kata sɔːma	KAI ESITOMETRE IOSEP TO PATRI KAI TOIS ADELPOIS AUTU KAI PANTI TO OIKO TU PATROS AUTU SITON KATA SOMA	ud_ancient_greek_ptnk	4th-5th c. CE (Codex Alexandrinus)	religious	translit_map
ud_ancient_greek_ptnk_Septuagint-Genesis-47:13-grc	Σῖτος δὲ οὐκ ἦν ἐν πάσῃ τῇ γῇ· ἐνίσχυσεν γὰρ ὁ λιμὸς σφόδρα· ἐξέλιπεν δὲ ἡ γῆ Αἰγύπτου καὶ ἡ γῆ Χαναὰν ἀπὸ τοῦ λιμοῦ.	sitos de uːk ɛːn en pasɛː tɛː ɡɛː eniskʰysen ɡar o limos spʰodra ekselipen de ɛː ɡɛː ai̯ɡyptuː kai̯ ɛː ɡɛː kʰanaan apo tuː limuː	SITOS DE UK EN EN PASE TE GE ENISKUSEN GAR O LIMOS SPODRA EKSELIPEN DE E GE AIGUPTU KAI E GE KANAAN APO TU LIMU	ud_ancient_greek_ptnk	4th-5th c. CE (Codex Alexandrinus)	religious	translit_map
ud_ancient_greek_ptnk_Septuagint-Genesis-47:14-grc	συνήγαγεν δὲ Ἰωσὴφ πᾶν τὸ ἀργύριον τὸ εὑρεθὲν ἐν γῇ Αἰγύπτου καὶ ἐν γῇ Χαναὰν τοῦ σίτου, οὗ ἠγόραζον καὶ ἐσιτομέτρει αὐτοῖς, καὶ εἰσήνεγκεν Ἰωσὴφ πᾶν τὸ ἀργύριον εἰς τὸν οἶκον Φαραώ.	synɛːɡaɡen de iɔːsɛːpʰ pan to arɡyrion to eu̯retʰen en ɡɛː ai̯ɡyptuː kai̯ en ɡɛː kʰanaan tuː situː uː ɛːɡorazdon kai̯ esitometreː au̯toi̯s kai̯ eːsɛːneŋken iɔːsɛːpʰ pan to arɡyrion eːs ton oi̯kon pʰaraɔː	SUNEGAGEN DE IOSEP PAN TO ARGURION TO EURETEN EN GE AIGUPTU KAI EN GE KANAAN TU SITU U EGORASDON KAI ESITOMETRE AUTOIS KAI ESENENKEN IOSEP PAN TO ARGURION ES TON OIKON PARAO	ud_ancient_greek_ptnk	4th-5th c. CE (Codex Alexandrinus)	religious	translit_map
ud_ancient_greek_ptnk_Septuagint-Genesis-47:15-grc	καὶ ἐξέλιπεν πᾶν τὸ ἀργύριον ἐκ γῆς Αἰγύπτου καὶ ἐκ γῆς Χαναάν. ἦλθον δὲ πάντες οἱ Αἰγύπτιοι πρὸς Ἰωσὴφ λέγοντες, Δὸς ἡμῖν ἄρτους, καὶ ἵνα τί ἀποθνῄσκομεν ἐναντίον σου; ἐκλέλοιπεν γὰρ τὸ ἀργύριον ἡμῶν.	kai̯ ekselipen pan to arɡyrion ek ɡɛːs ai̯ɡyptuː kai̯ ek ɡɛːs kʰanaan ɛːltʰon de pantes oi̯ ai̯ɡyptioi̯ pros iɔːsɛːpʰ leɡontes dos ɛːmin artuːs kai̯ ina ti apotʰnɛːskomen enantion suː ekleloi̯pen ɡar to arɡyrion ɛːmɔːn	KAI EKSELIPEN PAN TO ARGURION EK GES AIGUPTU KAI EK GES KANAAN ELTON DE PANTES OI AIGUPTIOI PROS IOSEP LEGONTES DOS EMIN ARTUS KAI INA TI APOTNESKOMEN ENANTION SU EKLELOIPEN GAR TO ARGURION EMON	ud_ancient_greek_ptnk	4th-5th c. CE (Codex Alexandrinus)	religious	translit_map
ud_ancient_greek_ptnk_Septuagint-Genesis-47:16-grc	εἶπεν δὲ αὐτοῖς Ἰωσὴφ Φέρετε τὰ κτήνη ὑμῶν, καὶ δώσω ὑμῖν ἄρτους ἀντὶ τῶν κτηνῶν ὑμῶν, εἰ ἐκλέλοιπεν τὸ ἀργύριον.	eːpen de au̯toi̯s iɔːsɛːpʰ pʰerete ta ktɛːnɛː ymɔːn kai̯ dɔːsɔː ymin artuːs anti tɔːn ktɛːnɔːn ymɔːn eː ekleloi̯pen to arɡyrion	EPEN DE AUTOIS IOSEP PERETE TA KTENE UMON KAI DOSO UMIN ARTUS ANTI TON KTENON UMON E EKLELOIPEN TO ARGURION	ud_ancient_greek_ptnk	4th-5th c. CE (Codex Alexandrinus)	religious	translit_map
ud_ancient_greek_ptnk_Septuagint-Genesis-47:17-grc	ἤγαγον δὲ τὰ κτήνη πρὸς Ἰωσήφ, καὶ ἔδωκεν αὐτοῖς Ἰωσὴφ ἄρτους ἀντὶ τῶν ἵππων καὶ ἀντὶ τῶν προβάτων καὶ ἀντὶ τῶν βοῶν καὶ ἀντὶ τῶν ὄνων καὶ ἐξέθρεψεν αὐτοὺς ἐν ἄρτοις ἀντὶ πάντων τῶν κτηνῶν αὐτῶν ἐν τῷ ἐνιαυτῷ ἐκείνῳ.—	ɛːɡaɡon de ta ktɛːnɛː pros iɔːsɛːpʰ kai̯ edɔːken au̯toi̯s iɔːsɛːpʰ artuːs anti tɔːn ippɔːn kai̯ anti tɔːn probatɔːn kai̯ anti tɔːn boɔːn kai̯ anti tɔːn onɔːn kai̯ eksetʰrepsen au̯tuːs en artoi̯s anti pantɔːn tɔːn ktɛːnɔːn au̯tɔːn en tɔː eniau̯tɔː ekeːnɔː	EGAGON DE TA KTENE PROS IOSEP KAI EDOKEN AUTOIS IOSEP ARTUS ANTI TON IPPON KAI ANTI TON PROBATON KAI ANTI TON BOON KAI ANTI TON ONON KAI EKSETREPSEN AUTUS EN ARTOIS ANTI PANTON TON KTENON AUTON EN TO ENIAUTO EKENO	ud_ancient_greek_ptnk	4th-5th c. CE (Codex Alexandrinus)	religious	translit_map
ud_ancient_greek_ptnk_Septuagint-Genesis-47:18-grc	ἐξῆλθεν δὲ τὸ ἔτος ἐκεῖνο, καὶ ἦλθον πρὸς αὐτὸν ἐν τῷ ἔτει τῷ δευτέρῳ καὶ εἶπαν αὐτῷ, Μήποτε ἐκτριβῶμεν ἀπὸ τοῦ κυρίου ἡμῶν εἰ γὰρ ἐκλέλοιπεν τὸ ἀργύριον καὶ τὰ ὑπάρχοντα καὶ τὰ κτήνη πρὸς σὲ τὸν κύριον, καὶ οὐχ ὑπολείπεται ἡμῖν ἐναντίον τοῦ κυρίου ἡμῶν ἀλλ᾿ ἢ τὸ ἴδιον σῶμα καὶ ἡ γῆ ἡμῶν.	eksɛːltʰen de to etos ekeːno kai̯ ɛːltʰon pros au̯ton en tɔː eteː tɔː deu̯terɔː kai̯ eːpan au̯tɔː mɛːpote ektribɔːmen apo tuː kyriuː ɛːmɔːn eː ɡar ekleloi̯pen to arɡyrion kai̯ ta yparkʰonta kai̯ ta ktɛːnɛː pros se ton kyrion kai̯ uːkʰ ypoleːpetai̯ ɛːmin enantion tuː kyriuː ɛːmɔːn all ɛː to idion sɔːma kai̯ ɛː ɡɛː ɛːmɔːn	EKSELTEN DE TO ETOS EKENO KAI ELTON PROS AUTON EN TO ETE TO DEUTERO KAI EPAN AUTO MEPOTE EKTRIBOMEN APO TU KURIU EMON E GAR EKLELOIPEN TO ARGURION KAI TA UPARKONTA KAI TA KTENE PROS SE TON KURION KAI UK UPOLEPETAI EMIN ENANTION TU KURIU EMON ALL E TO IDION SOMA KAI E GE EMON	ud_ancient_greek_ptnk	4th-5th c. CE (Codex Alexandrinus)	religious	translit_map
ud_ancient_greek_ptnk_Septuagint-Genesis-47:19-grc	ἵνα οὖν μὴ ἀποθάνωμεν ἐναντίον σου καὶ ἡ γῆ ἐρημωθῇ, κτῆσαι ἡμᾶς καὶ τὴν γῆν ἡμῶν ἀντὶ ἄρτων, καὶ ἐσόμεθα ἡμεῖς καὶ ἡ γῆ ἡμῶν παῖδες Φαραώ· δὸς σπέρμα, ἵνα σπείρωμεν καὶ ζῶμεν καὶ μὴ ἀποθάνωμεν καὶ ἡ γῆ οὐκ ἐρημωθήσεται.	ina uːn mɛː apotʰanɔːmen enantion suː kai̯ ɛː ɡɛː erɛːmɔːtʰɛː ktɛːsai̯ ɛːmas kai̯ tɛːn ɡɛːn ɛːmɔːn anti artɔːn kai̯ esometʰa ɛːmeːs kai̯ ɛː ɡɛː ɛːmɔːn pai̯des pʰaraɔː dos sperma ina speːrɔːmen kai̯ zdɔːmen kai̯ mɛː apotʰanɔːmen kai̯ ɛː ɡɛː uːk erɛːmɔːtʰɛːsetai̯	INA UN ME APOTANOMEN ENANTION SU KAI E GE EREMOTE KTESAI EMAS KAI TEN GEN EMON ANTI ARTON KAI ESOMETA EMES KAI E GE EMON PAIDES PARAO DOS SPERMA INA SPEROMEN KAI SDOMEN KAI ME APOTANOMEN KAI E GE UK EREMOTESETAI	ud_ancient_greek_ptnk	4th-5th c. CE (Codex Alexandrinus)	religious	translit_map
ud_ancient_greek_ptnk_Septuagint-Genesis-47:20-grc	καὶ ἐκτήσατο Ἰωσὴφ πᾶσαν τὴν γῆν τῶν Αἰγυπτίων τῷ Φαραώ· ἀπέδοντο γὰρ οἱ Αἰγύπτιοι τὴν γῆν αὐτῶν τῷ Φαραώ, ἐπεκράτησεν γὰρ αὐτῶν ὁ λιμός· καὶ ἐγένετο ἡ γῆ Φαραώ,	kai̯ ektɛːsato iɔːsɛːpʰ pasan tɛːn ɡɛːn tɔːn ai̯ɡyptiɔːn tɔː pʰaraɔː apedonto ɡar oi̯ ai̯ɡyptioi̯ tɛːn ɡɛːn au̯tɔːn tɔː pʰaraɔː epekratɛːsen ɡar au̯tɔːn o limos kai̯ eɡeneto ɛː ɡɛː pʰaraɔː	KAI EKTESATO IOSEP PASAN TEN GEN TON AIGUPTION TO PARAO APEDONTO GAR OI AIGUPTIOI TEN GEN AUTON TO PARAO EPEKRATESEN GAR AUTON O LIMOS KAI EGENETO E GE PARAO	ud_ancient_greek_ptnk	4th-5th c. CE (Codex Alexandrinus)	religious	translit_map
ud_ancient_greek_ptnk_Septuagint-Genesis-47:21-grc	καὶ τὸν λαὸν κατεδουλώσατο αὐτῷ εἰς παῖδας ἀπ᾿ ἄκρων ὁρίων Αἰγύπτου ἕως τῶν ἄκρων,	kai̯ ton laon kateduːlɔːsato au̯tɔː eːs pai̯das ap akrɔːn oriɔːn ai̯ɡyptuː eɔːs tɔːn akrɔːn	KAI TON LAON KATEDULOSATO AUTO ES PAIDAS AP AKRON ORION AIGUPTU EOS TON AKRON	ud_ancient_greek_ptnk	4th-5th c. CE (Codex Alexandrinus)	religious	translit_map
ud_ancient_greek_ptnk_Septuagint-Genesis-47:22-grc	χωρὶς τῆς γῆς τῶν ἱερέων μόνον· οὐκ ἐκτήσατο ταύτην Ἰωσήφ, ἐν δόσει γὰρ ἔδωκεν δόμα τοῖς ἱερεῦσιν Φαραώ, καὶ ἤσθιον τὴν δόσιν, ἣν ἔδωκεν αὐτοῖς Φαραώ· διὰ τοῦτο οὐκ ἀπέδοντο τὴν γῆν αὐτῶν.	kʰɔːris tɛːs ɡɛːs tɔːn iereɔːn monon uːk ektɛːsato tau̯tɛːn iɔːsɛːpʰ en doseː ɡar edɔːken doma toi̯s iereu̯sin pʰaraɔː kai̯ ɛːstʰion tɛːn dosin ɛːn edɔːken au̯toi̯s pʰaraɔː dia tuːto uːk apedonto tɛːn ɡɛːn au̯tɔːn	KORIS TES GES TON IEREON MONON UK EKTESATO TAUTEN IOSEP EN DOSE GAR EDOKEN DOMA TOIS IEREUSIN PARAO KAI ESTION TEN DOSIN EN EDOKEN AUTOIS PARAO DIA TUTO UK APEDONTO TEN GEN AUTON	ud_ancient_greek_ptnk	4th-5th c. CE (Codex Alexandrinus)	religious	translit_map
ud_ancient_greek_ptnk_Septuagint-Genesis-47:23-grc	εἶπεν δὲ Ἰωσὴφ πᾶσι τοῖς Αἰγυπτίοις, Ἰδοὺ κέκτημαι ὑμᾶς καὶ τὴν γῆν ὑμῶν σήμερον τῷ Φαραώ· λάβετε ἑαυτοῖς σπέρμα καὶ σπείρατε τὴν γῆν,	eːpen de iɔːsɛːpʰ pasi toi̯s ai̯ɡyptioi̯s iduː kektɛːmai̯ ymas kai̯ tɛːn ɡɛːn ymɔːn sɛːmeron tɔː pʰaraɔː labete eau̯toi̯s sperma kai̯ speːrate tɛːn ɡɛːn	EPEN DE IOSEP PASI TOIS AIGUPTIOIS IDU KEKTEMAI UMAS KAI TEN GEN UMON SEMERON TO PARAO LABETE EAUTOIS SPERMA KAI SPERATE TEN GEN	ud_ancient_greek_ptnk	4th-5th c. CE (Codex Alexandrinus)	religious	translit_map
ud_ancient_greek_ptnk_Septuagint-Genesis-47:24-grc	καὶ ἔσται τὰ γενήματα αὐτῆς δώσετε τὸ πέμπτον μέρος τῷ Φαραώ, τὰ δὲ τέσσαρα μέρη ἔσται ὑμῖν αὐτοῖς εἰς σπέρμα τῇ γῇ καὶ εἰς βρῶσιν ὑμῖν καὶ πᾶσιν τοῖς ἐν τοῖς οἴκοις ὑμῶν.	kai̯ estai̯ ta ɡenɛːmata au̯tɛːs dɔːsete to pempton meros tɔː pʰaraɔː ta de tessara merɛː estai̯ ymin au̯toi̯s eːs sperma tɛː ɡɛː kai̯ eːs brɔːsin ymin kai̯ pasin toi̯s en toi̯s oi̯koi̯s ymɔːn	KAI ESTAI TA GENEMATA AUTES DOSETE TO PEMPTON MEROS TO PARAO TA DE TESSARA MERE ESTAI UMIN AUTOIS ES SPERMA TE GE KAI ES BROSIN UMIN KAI PASIN TOIS EN TOIS OIKOIS UMON	ud_ancient_greek_ptnk	4th-5th c. CE (Codex Alexandrinus)	religious	translit_map
ud_ancient_greek_ptnk_Septuagint-Genesis-47:25-grc	καὶ εἶπαν, σέσωκας ἡμᾶς, εὕρομεν χάριν ἐναντίον τοῦ κυρίου ἡμῶν καὶ ἐσόμεθα παῖδες Φαραώ.	kai̯ eːpan sesɔːkas ɛːmas eu̯romen kʰarin enantion tuː kyriuː ɛːmɔːn kai̯ esometʰa pai̯des pʰaraɔː	KAI EPAN SESOKAS EMAS EUROMEN KARIN ENANTION TU KURIU EMON KAI ESOMETA PAIDES PARAO	ud_ancient_greek_ptnk	4th-5th c. CE (Codex Alexandrinus)	religious	translit_map
ud_ancient_greek_ptnk_Septuagint-Genesis-47:26-grc	καὶ ἔθετο αὐτοῖς Ἰωσὴφ εἰς πρόσταγμα ἕως τῆς ἡμέρας ταύτης ἐπὶ γῆν Αἰγύπτου τῷ Φαραὼ ἀποπεμπτοῦν, χωρὶς τῆς γῆς τῶν ἱερέων μόνον· οὐκ ἦν τῷ Φαραώ.	kai̯ etʰeto au̯toi̯s iɔːsɛːpʰ eːs prostaɡma eɔːs tɛːs ɛːmeras tau̯tɛːs epi ɡɛːn ai̯ɡyptuː tɔː pʰaraɔː apopemptuːn kʰɔːris tɛːs ɡɛːs tɔːn iereɔːn monon uːk ɛːn tɔː pʰaraɔː	KAI ETETO AUTOIS IOSEP ES PROSTAGMA EOS TES EMERAS TAUTES EPI GEN AIGUPTU TO PARAO APOPEMPTUN KORIS TES GES TON IEREON MONON UK EN TO PARAO	ud_ancient_greek_ptnk	4th-5th c. CE (Codex Alexandrinus)	religious	translit_map
ud_ancient_greek_ptnk_Septuagint-Genesis-47:27-grc	Κατῴκησεν δὲ Ἰσραὴλ ἐν γῇ Αἰγύπτῳ ἐπὶ τῆς γῆς Γεσὲμ καὶ ἐκληρονόμησαν ἐπ᾿ αὐτῆς καὶ ηὐξήθησαν καὶ ἐπληθύνθησαν σφόδρα.—	katɔːkɛːsen de israɛːl en ɡɛː ai̯ɡyptɔː epi tɛːs ɡɛːs ɡesem kai̯ eklɛːronomɛːsan ep au̯tɛːs kai̯ ɛːyksɛːtʰɛːsan kai̯ eplɛːtʰyntʰɛːsan spʰodra	KATOKESEN DE ISRAEL EN GE AIGUPTO EPI TES GES GESEM KAI EKLERONOMESAN EP AUTES KAI EUKSETESAN KAI EPLETUNTESAN SPODRA	ud_ancient_greek_ptnk	4th-5th c. CE (Codex Alexandrinus)	religious	translit_map
ud_ancient_greek_ptnk_Septuagint-Genesis-47:28-grc	ἐπέζησεν δὲ Ἰακὼβ ἐν γῇ Αἰγύπτῳ δέκα ἑπτὰ ἔτη· ἐγένοντο δὲ αἱ ἡμέραι Ἰακὼβ ἐνιαυτῶν τῆς ζωῆς αὐτοῦ ἑκατὸν τεσσαράκοντα ἑπτὰ ἔτη.	epezdɛːsen de iakɔːb en ɡɛː ai̯ɡyptɔː deka epta etɛː eɡenonto de ai̯ ɛːmerai̯ iakɔːb eniau̯tɔːn tɛːs zdɔːɛːs au̯tuː ekaton tessarakonta epta etɛː	EPESDESEN DE IAKOB EN GE AIGUPTO DEKA EPTA ETE EGENONTO DE AI EMERAI IAKOB ENIAUTON TES SDOES AUTU EKATON TESSARAKONTA EPTA ETE	ud_ancient_greek_ptnk	4th-5th c. CE (Codex Alexandrinus)	religious	translit_map
ud_ancient_greek_ptnk_Septuagint-Genesis-47:29-grc	ἤγγισαν δὲ αἱ ἡμέραι Ἰσραὴλ τοῦ ἀποθανεῖν, καὶ ἐκάλεσεν τὸν υἱὸν αὐτοῦ Ἰωσὴφ καὶ εἶπεν αὐτῷ, Εἰ εὕρηκα χάριν ἐναντίον σου, ὑπόθες τὴν χεῖρά σου ὑπὸ τὸν μηρόν μου καὶ ποιήσεις ἐπ᾿ ἐμὲ ἐλεημοσύνην καὶ ἀλήθειαν τοῦ μή με θάψαι ἐν Αἰγύπτῳ,	ɛːŋɡisan de ai̯ ɛːmerai̯ israɛːl tuː apotʰaneːn kai̯ ekalesen ton yi̯on au̯tuː iɔːsɛːpʰ kai̯ eːpen au̯tɔː eː eu̯rɛːka kʰarin enantion suː ypotʰes tɛːn kʰeːra suː ypo ton mɛːron muː kai̯ poi̯ɛːseːs ep eme eleɛːmosynɛːn kai̯ alɛːtʰeːan tuː mɛː me tʰapsai̯ en ai̯ɡyptɔː	ENGISAN DE AI EMERAI ISRAEL TU APOTANEN KAI EKALESEN TON UION AUTU IOSEP KAI EPEN AUTO E EUREKA KARIN ENANTION SU UPOTES TEN KERA SU UPO TON MERON MU KAI POIESES EP EME ELEEMOSUNEN KAI ALETEAN TU ME ME TAPSAI EN AIGUPTO	ud_ancient_greek_ptnk	4th-5th c. CE (Codex Alexandrinus)	religious	translit_map
ud_ancient_greek_ptnk_Septuagint-Genesis-47:30-grc	ἀλλὰ κοιμηθήσομαι μετὰ τῶν πατέρων μου, καὶ ἀρεῖς με ἐξ Αἰγύπτου καὶ θάψεις με ἐν τῷ τάφῳ αὐτῶν. ὁ δὲ εἶπεν, Ἐγὼ ποιήσω κατὰ τὸ ῥῆμά σου.	alla koi̯mɛːtʰɛːsomai̯ meta tɔːn paterɔːn muː kai̯ areːs me eks ai̯ɡyptuː kai̯ tʰapseːs me en tɔː tapʰɔː au̯tɔːn o de eːpen eɡɔː poi̯ɛːsɔː kata to rɛːma suː	ALLA KOIMETESOMAI META TON PATERON MU KAI ARES ME EKS AIGUPTU KAI TAPSES ME EN TO TAPO AUTON O DE EPEN EGO POIESO KATA TO REMA SU	ud_ancient_greek_ptnk	4th-5th c. CE (Codex Alexandrinus)	religious	translit_map
ud_ancient_greek_ptnk_Septuagint-Genesis-47:31-grc	εἶπεν δέ, Ὄμοσόν μοι. καὶ ὤμοσεν αὐτῷ. καὶ προσεκύνησεν Ἰσραὴλ ἐπὶ τὸ ἄκρον τῆς ῥάβδου αὐτοῦ.	eːpen de omoson moi̯ kai̯ ɔːmosen au̯tɔː kai̯ prosekynɛːsen israɛːl epi to akron tɛːs rabduː au̯tuː	EPEN DE OMOSON MOI KAI OMOSEN AUTO KAI PROSEKUNESEN ISRAEL EPI TO AKRON TES RABDU AUTU	ud_ancient_greek_ptnk	4th-5th c. CE (Codex Alexandrinus)	religious	translit_map
ud_ancient_greek_ptnk_Septuagint-Genesis-48:1-grc	Ἐγένετο δὲ μετὰ τὰ ῥήματα ταῦτα καὶ ἀπηγγέλη τῷ Ἰωσὴφ ὅτι Ὁ πατήρ σου ἐνοχλεῖται. καὶ ἀναλαβὼν τοὺς δύο υἱοὺς αὐτοῦ, τὸν Μανασσῆ καὶ τὸν Ἐφραίμ, ἦλθεν πρὸς Ἰακώβ.	eɡeneto de meta ta rɛːmata tau̯ta kai̯ apɛːŋɡelɛː tɔː iɔːsɛːpʰ oti o patɛːr suː enokʰleːtai̯ kai̯ analabɔːn tuːs dyo yi̯uːs au̯tuː ton manassɛː kai̯ ton epʰrai̯m ɛːltʰen pros iakɔːb	EGENETO DE META TA REMATA TAUTA KAI APENGELE TO IOSEP OTI O PATER SU ENOKLETAI KAI ANALABON TUS DUO UIUS AUTU TON MANASSE KAI TON EPRAIM ELTEN PROS IAKOB	ud_ancient_greek_ptnk	4th-5th c. CE (Codex Alexandrinus)	religious	translit_map
ud_ancient_greek_ptnk_Septuagint-Genesis-48:2-grc	ἀπηγγέλη δὲ τῷ Ἰακὼβ λέγοντες Ἰδοὺ ὁ υἱός σου Ἰωσὴφ ἔρχεται πρὸς σέ. καὶ ἐνισχύσας Ἰσραὴλ ἐκάθισεν ἐπὶ τὴν κλίνην.	apɛːŋɡelɛː de tɔː iakɔːb leɡontes iduː o yi̯os suː iɔːsɛːpʰ erkʰetai̯ pros se kai̯ eniskʰysas israɛːl ekatʰisen epi tɛːn klinɛːn	APENGELE DE TO IAKOB LEGONTES IDU O UIOS SU IOSEP ERKETAI PROS SE KAI ENISKUSAS ISRAEL EKATISEN EPI TEN KLINEN	ud_ancient_greek_ptnk	4th-5th c. CE (Codex Alexandrinus)	religious	translit_map
ud_ancient_greek_ptnk_Septuagint-Genesis-48:3-grc	καὶ εἶπεν Ἰακὼβ τῷ Ἰωσὴφ Ὁ θεός μου ὤφθη μοι ἐν Λουζὰ ἐν γῇ Χαναὰν καὶ εὐλόγησέν με	kai̯ eːpen iakɔːb tɔː iɔːsɛːpʰ o tʰeos muː ɔːpʰtʰɛː moi̯ en luːzda en ɡɛː kʰanaan kai̯ eu̯loɡɛːsen me	KAI EPEN IAKOB TO IOSEP O TEOS MU OPTE MOI EN LUSDA EN GE KANAAN KAI EULOGESEN ME	ud_ancient_greek_ptnk	4th-5th c. CE (Codex Alexandrinus)	religious	translit_map
ud_ancient_greek_ptnk_Septuagint-Genesis-48:4-grc	καὶ εἶπέν μοι Ἰδοὺ ἐγὼ αὐξανῶ σὲ καὶ πληθυνῶ σὲ καὶ ποιήσω σὲ εἰς συναγωγὰς ἐθνῶν καὶ δώσω σοί τὴν γῆν ταύτην καὶ τῷ σπέρματί σου μετὰ σὲ εἰς κατάσχεσιν αἰώνιον.	kai̯ eːpen moi̯ iduː eɡɔː au̯ksanɔː se kai̯ plɛːtʰynɔː se kai̯ poi̯ɛːsɔː se eːs synaɡɔːɡas etʰnɔːn kai̯ dɔːsɔː soi̯ tɛːn ɡɛːn tau̯tɛːn kai̯ tɔː spermati suː meta se eːs kataskʰesin ai̯ɔːnion	KAI EPEN MOI IDU EGO AUKSANO SE KAI PLETUNO SE KAI POIESO SE ES SUNAGOGAS ETNON KAI DOSO SOI TEN GEN TAUTEN KAI TO SPERMATI SU META SE ES KATASKESIN AIONION	ud_ancient_greek_ptnk	4th-5th c. CE (Codex Alexandrinus)	religious	translit_map
ud_ancient_greek_ptnk_Septuagint-Genesis-48:5-grc	νῦν οὖν οἱ δύο υἱοί σου οἱ γενόμενοί σοί ἐν Αἰγύπτῳ πρὸ τοῦ με ἐλθεῖν πρὸς σὲ εἰς Αἴγυπτον ἐμοί εἰσιν, Ἐφραὶμ καὶ Μανασσῆ ὡς Ῥουβὴν καὶ Συμεὼν ἔσονταί μοι·	nyn uːn oi̯ dyo yi̯oi̯ suː oi̯ ɡenomenoi̯ soi̯ en ai̯ɡyptɔː pro tuː me eltʰeːn pros se eːs ai̯ɡypton emoi̯ eːsin epʰrai̯m kai̯ manassɛː ɔːs ruːbɛːn kai̯ symeɔːn esontai̯ moi̯	NUN UN OI DUO UIOI SU OI GENOMENOI SOI EN AIGUPTO PRO TU ME ELTEN PROS SE ES AIGUPTON EMOI ESIN EPRAIM KAI MANASSE OS RUBEN KAI SUMEON ESONTAI MOI	ud_ancient_greek_ptnk	4th-5th c. CE (Codex Alexandrinus)	religious	translit_map
ud_ancient_greek_ptnk_Septuagint-Genesis-48:6-grc	τὰ δὲ ἔκγονα, ἃ ἐὰν γεννήσῃς μετὰ ταῦτα, σοί ἔσονται, ἐπὶ τῷ ὀνόματι τῶν ἀδελφῶν αὐτῶν κληθήσονται ἐν τοῖς ἐκείνων κλήροις.	ta de ekɡona a ean ɡennɛːsɛːs meta tau̯ta soi̯ esontai̯ epi tɔː onomati tɔːn adelpʰɔːn au̯tɔːn klɛːtʰɛːsontai̯ en toi̯s ekeːnɔːn klɛːroi̯s	TA DE EKGONA A EAN GENNESES META TAUTA SOI ESONTAI EPI TO ONOMATI TON ADELPON AUTON KLETESONTAI EN TOIS EKENON KLEROIS	ud_ancient_greek_ptnk	4th-5th c. CE (Codex Alexandrinus)	religious	translit_map
ud_ancient_greek_ptnk_Septuagint-Genesis-48:7-grc	ἐγὼ δὲ ἡνίκα ἠρχόμην ἐκ Μεσοποταμίας τῆς Συρίας, ἀπέθανεν Ῥαχὴλ ἡ μήτηρ σου ἐν γῇ Χαναὰν ἐγγίζοντός μου κατὰ τὸν ἱππόδρομον Χαβραθὰ τῆς γῆς τοῦ ἐλθεῖν Ἐφραθᾶ, καὶ κατώρυξα αὐτὴν ἐν τῇ ὁδῷ τοῦ ἱπποδρόμου (αὕτη ἐστὶν Βαιθλεέμ).	eɡɔː de ɛːnika ɛːrkʰomɛːn ek mesopotamias tɛːs syrias apetʰanen rakʰɛːl ɛː mɛːtɛːr suː en ɡɛː kʰanaan eŋɡizdontos muː kata ton ippodromon kʰabratʰa tɛːs ɡɛːs tuː eltʰeːn epʰratʰa kai̯ katɔːryksa au̯tɛːn en tɛː odɔː tuː ippodromuː au̯tɛː estin bai̯tʰleem	EGO DE ENIKA ERKOMEN EK MESOPOTAMIAS TES SURIAS APETANEN RAKEL E METER SU EN GE KANAAN ENGISDONTOS MU KATA TON IPPODROMON KABRATA TES GES TU ELTEN EPRATA KAI KATORUKSA AUTEN EN TE ODO TU IPPODROMU AUTE ESTIN BAITLEEM	ud_ancient_greek_ptnk	4th-5th c. CE (Codex Alexandrinus)	religious	translit_map
ud_ancient_greek_ptnk_Septuagint-Genesis-48:8-grc	Ἰδὼν δὲ Ἰσραὴλ τοὺς υἱοὺς Ἰωσὴφ εἶπεν Τίνες σοί οὗτοι;	idɔːn de israɛːl tuːs yi̯uːs iɔːsɛːpʰ eːpen tines soi̯ uːtoi̯	IDON DE ISRAEL TUS UIUS IOSEP EPEN TINES SOI UTOI	ud_ancient_greek_ptnk	4th-5th c. CE (Codex Alexandrinus)	religious	translit_map
ud_ancient_greek_ptnk_Septuagint-Genesis-48:9-grc	εἶπεν δὲ Ἰωσὴφ τῷ πατρὶ αὐτοῦ Υἱοί μού εἰσιν, οὓς ἔδωκέν μοι ὁ θεὸς ἐνταῦθα. καὶ εἶπεν Ἰακὼβ Προσάγαγέ μοι αὐτούς, ἵνα εὐλογήσω αὐτούς.	eːpen de iɔːsɛːpʰ tɔː patri au̯tuː yioi̯ muː eːsin uːs edɔːken moi̯ o tʰeos entau̯tʰa kai̯ eːpen iakɔːb prosaɡaɡe moi̯ au̯tuːs ina eu̯loɡɛːsɔː au̯tuːs	EPEN DE IOSEP TO PATRI AUTU UIOI MU ESIN US EDOKEN MOI O TEOS ENTAUTA KAI EPEN IAKOB PROSAGAGE MOI AUTUS INA EULOGESO AUTUS	ud_ancient_greek_ptnk	4th-5th c. CE (Codex Alexandrinus)	religious	translit_map
ud_ancient_greek_ptnk_Septuagint-Genesis-48:10-grc	οἱ δὲ ὀφθαλμοὶ Ἰσραὴλ ἐβαρυώπησαν ἀπὸ τοῦ γήρους, καὶ οὐκ ἠδύνατο βλέπειν· καὶ ἤγγισεν αὐτοὺς πρὸς αὐτόν, καὶ ἐφίλησεν αὐτοὺς καὶ περιέλαβεν αὐτούς.	oi̯ de opʰtʰalmoi̯ israɛːl ebaryɔːpɛːsan apo tuː ɡɛːruːs kai̯ uːk ɛːdynato blepeːn kai̯ ɛːŋɡisen au̯tuːs pros au̯ton kai̯ epʰilɛːsen au̯tuːs kai̯ perielaben au̯tuːs	OI DE OPTALMOI ISRAEL EBARUOPESAN APO TU GERUS KAI UK EDUNATO BLEPEN KAI ENGISEN AUTUS PROS AUTON KAI EPILESEN AUTUS KAI PERIELABEN AUTUS	ud_ancient_greek_ptnk	4th-5th c. CE (Codex Alexandrinus)	religious	translit_map
ud_ancient_greek_ptnk_Septuagint-Genesis-48:11-grc	καὶ εἶπεν Ἰσραὴλ πρὸς Ἰωσὴφ Ἰδοὺ τοῦ προσώπου σου οὐκ ἐστερήθην, καὶ ἰδοὺ ἔδειξέν μοι ὁ θεὸς καὶ τὸ σπέρμα σου.	kai̯ eːpen israɛːl pros iɔːsɛːpʰ iduː tuː prosɔːpuː suː uːk esterɛːtʰɛːn kai̯ iduː edeːksen moi̯ o tʰeos kai̯ to sperma suː	KAI EPEN ISRAEL PROS IOSEP IDU TU PROSOPU SU UK ESTERETEN KAI IDU EDEKSEN MOI O TEOS KAI TO SPERMA SU	ud_ancient_greek_ptnk	4th-5th c. CE (Codex Alexandrinus)	religious	translit_map
ud_ancient_greek_ptnk_Septuagint-Genesis-48:12-grc	καὶ ἐξήγαγεν Ἰωσὴφ αὐτοὺς ἀπὸ τῶν γονάτων αὐτοῦ, καὶ προσεκύνησαν αὐτῷ ἐπὶ πρόσωπον ἐπὶ τῆς γῆς.	kai̯ eksɛːɡaɡen iɔːsɛːpʰ au̯tuːs apo tɔːn ɡonatɔːn au̯tuː kai̯ prosekynɛːsan au̯tɔː epi prosɔːpon epi tɛːs ɡɛːs	KAI EKSEGAGEN IOSEP AUTUS APO TON GONATON AUTU KAI PROSEKUNESAN AUTO EPI PROSOPON EPI TES GES	ud_ancient_greek_ptnk	4th-5th c. CE (Codex Alexandrinus)	religious	translit_map
ud_ancient_greek_ptnk_Septuagint-Genesis-48:13-grc	λαβὼν δὲ Ἰωσὴφ τοὺς δύο υἱοὺς αὐτοῦ, τόν τε Ἐφραὶμ ἐν τῇ δεξιᾷ ἐξ ἀριστερῶν δὲ Ἰσραήλ, τὸν δὲ Μανασσῆ ἐν τῇ ἀριστερᾷ ἐκ δεξιῶν δὲ Ἰσραήλ, ἤγγισεν αὐτοὺς αὐτῷ.	labɔːn de iɔːsɛːpʰ tuːs dyo yi̯uːs au̯tuː ton te epʰrai̯m en tɛː deksia eks aristerɔːn de israɛːl ton de manassɛː en tɛː aristera ek deksiɔːn de israɛːl ɛːŋɡisen au̯tuːs au̯tɔː	LABON DE IOSEP TUS DUO UIUS AUTU TON TE EPRAIM EN TE DEKSIA EKS ARISTERON DE ISRAEL TON DE MANASSE EN TE ARISTERA EK DEKSION DE ISRAEL ENGISEN AUTUS AUTO	ud_ancient_greek_ptnk	4th-5th c. CE (Codex Alexandrinus)	religious	translit_map
ud_ancient_greek_ptnk_Septuagint-Genesis-48:14-grc	ἐκτείνας δὲ Ἰσραὴλ τὴν χεῖρα τὴν δεξιὰν ἐπέβαλεν ἐπὶ τὴν κεφαλὴν Ἐφραίμ— οὗτος δὲ ἦν ὁ νεώτερος— καὶ τὴν ἀριστερὰν ἐπὶ τὴν κεφαλὴν Μανασσῆ, ἐναλλὰξ τὰς χεῖρας.	ekteːnas de israɛːl tɛːn kʰeːra tɛːn deksian epebalen epi tɛːn kepʰalɛːn epʰrai̯m uːtos de ɛːn o neɔːteros kai̯ tɛːn aristeran epi tɛːn kepʰalɛːn manassɛː enallaks tas kʰeːras	EKTENAS DE ISRAEL TEN KERA TEN DEKSIAN EPEBALEN EPI TEN KEPALEN EPRAIM UTOS DE EN O NEOTEROS KAI TEN ARISTERAN EPI TEN KEPALEN MANASSE ENALLAKS TAS KERAS	ud_ancient_greek_ptnk	4th-5th c. CE (Codex Alexandrinus)	religious	translit_map
ud_ancient_greek_ptnk_Septuagint-Genesis-48:15-grc	Καὶ ηὐλόγησεν αὐτοὺς καὶ εἶπεν Ὁ θεός, ᾧ εὐηρέστησαν οἱ πατέρες μου ἐναντίον αὐτοῦ Ἁβραὰμ καὶ Ἰσαάκ, ὁ θεὸς ὁ τρέφων με ἐκ νεότητος ἕως τῆς ἡμέρας ταύτης,	kai̯ ɛːyloɡɛːsen au̯tuːs kai̯ eːpen o tʰeos ɔː eu̯ɛːrestɛːsan oi̯ pateres muː enantion au̯tuː abraam kai̯ isaak o tʰeos o trepʰɔːn me ek neotɛːtos eɔːs tɛːs ɛːmeras tau̯tɛːs	KAI EULOGESEN AUTUS KAI EPEN O TEOS O EUERESTESAN OI PATERES MU ENANTION AUTU ABRAAM KAI ISAAK O TEOS O TREPON ME EK NEOTETOS EOS TES EMERAS TAUTES	ud_ancient_greek_ptnk	4th-5th c. CE (Codex Alexandrinus)	religious	translit_map
ud_ancient_greek_ptnk_Septuagint-Genesis-48:16-grc	ὁ ἄγγελος ὁ ῥυόμενός με ἐκ πάντων τῶν κακῶν εὐλογήσαι τὰ παιδία ταῦτα, καὶ ἐπικληθήσεται ἐν αὐτοῖς τὸ ὄνομά μου καὶ τὸ ὄνομα τῶν πατέρων μου Ἁβραὰμ καὶ Ἰσαάκ, καὶ πληθυνθείησαν εἰς πλῆθος πολὺ ἐπὶ τῆς γῆς.	o aŋɡelos o ryomenos me ek pantɔːn tɔːn kakɔːn eu̯loɡɛːsai̯ ta pai̯dia tau̯ta kai̯ epiklɛːtʰɛːsetai̯ en au̯toi̯s to onoma muː kai̯ to onoma tɔːn paterɔːn muː abraam kai̯ isaak kai̯ plɛːtʰyntʰeːɛːsan eːs plɛːtʰos poly epi tɛːs ɡɛːs	O ANGELOS O RUOMENOS ME EK PANTON TON KAKON EULOGESAI TA PAIDIA TAUTA KAI EPIKLETESETAI EN AUTOIS TO ONOMA MU KAI TO ONOMA TON PATERON MU ABRAAM KAI ISAAK KAI PLETUNTEESAN ES PLETOS POLU EPI TES GES	ud_ancient_greek_ptnk	4th-5th c. CE (Codex Alexandrinus)	religious	translit_map
ud_ancient_greek_ptnk_Septuagint-Genesis-48:17-grc	ἰδὼν δὲ Ἰωσὴφ ὅτι ἐπέβαλεν ὁ πατὴρ τὴν δεξιὰν αὐτοῦ ἐπὶ τὴν κεφαλὴν Ἐφραίμ, βαρὺ αὐτῷ κατεφάνη, καὶ ἀντελάβετο Ἰωσὴφ τῆς χειρὸς τοῦ πατρὸς αὐτοῦ ἀφελεῖν αὐτὴν ἀπὸ τῆς κεφαλῆς Ἐφραὶμ ἐπὶ τὴν κεφαλὴν Μανασσῆ.	idɔːn de iɔːsɛːpʰ oti epebalen o patɛːr tɛːn deksian au̯tuː epi tɛːn kepʰalɛːn epʰrai̯m bary au̯tɔː katepʰanɛː kai̯ antelabeto iɔːsɛːpʰ tɛːs kʰeːros tuː patros au̯tuː apʰeleːn au̯tɛːn apo tɛːs kepʰalɛːs epʰrai̯m epi tɛːn kepʰalɛːn manassɛː	IDON DE IOSEP OTI EPEBALEN O PATER TEN DEKSIAN AUTU EPI TEN KEPALEN EPRAIM BARU AUTO KATEPANE KAI ANTELABETO IOSEP TES KEROS TU PATROS AUTU APELEN AUTEN APO TES KEPALES EPRAIM EPI TEN KEPALEN MANASSE	ud_ancient_greek_ptnk	4th-5th c. CE (Codex Alexandrinus)	religious	translit_map
ud_ancient_greek_ptnk_Septuagint-Genesis-48:18-grc	εἶπεν δὲ Ἰωσὴφ τῷ πατρὶ αὐτοῦ Οὐχ οὕτως, πάτερ· οὗτος γὰρ ὁ πρωτότοκος· ἐπίθες τὴν δεξιάν σου ἐπὶ τὴν κεφαλὴν αὐτοῦ.	eːpen de iɔːsɛːpʰ tɔː patri au̯tuː uːkʰ uːtɔːs pater uːtos ɡar o prɔːtotokos epitʰes tɛːn deksian suː epi tɛːn kepʰalɛːn au̯tuː	EPEN DE IOSEP TO PATRI AUTU UK UTOS PATER UTOS GAR O PROTOTOKOS EPITES TEN DEKSIAN SU EPI TEN KEPALEN AUTU	ud_ancient_greek_ptnk	4th-5th c. CE (Codex Alexandrinus)	religious	translit_map
ud_ancient_greek_ptnk_Septuagint-Genesis-48:19-grc	καὶ οὐκ ἠθέλησεν, ἀλλὰ εἶπεν Οἶδα, τέκνον, οἶδα· καὶ οὗτος ἔσται εἰς λαόν, καὶ οὗτος ὑψωθήσεται, ἀλλὰ ὁ ἀδελφὸς αὐτοῦ ὁ νεώτερος μείζων αὐτοῦ ἔσται, καὶ τὸ σπέρμα αὐτοῦ ἔσται εἰς πλῆθος ἐθνῶν.	kai̯ uːk ɛːtʰelɛːsen alla eːpen oi̯da teknon oi̯da kai̯ uːtos estai̯ eːs laon kai̯ uːtos ypsɔːtʰɛːsetai̯ alla o adelpʰos au̯tuː o neɔːteros meːzdɔːn au̯tuː estai̯ kai̯ to sperma au̯tuː estai̯ eːs plɛːtʰos etʰnɔːn	KAI UK ETELESEN ALLA EPEN OIDA TEKNON OIDA KAI UTOS ESTAI ES LAON KAI UTOS UPSOTESETAI ALLA O ADELPOS AUTU O NEOTEROS MESDON AUTU ESTAI KAI TO SPERMA AUTU ESTAI ES PLETOS ETNON	ud_ancient_greek_ptnk	4th-5th c. CE (Codex Alexandrinus)	religious	translit_map
ud_ancient_greek_ptnk_Septuagint-Genesis-48:20-grc	καὶ εὐλόγησεν αὐτοὺς ἐν τῇ ἡμέρᾳ ἐκείνῃ λέγων Ἐν ὑμῖν εὐλογηθήσεται Ἰσραὴλ λέγοντες Ποιήσαι σὲ ὁ θεὸς ὡς Ἐφραὶμ καὶ ὡς Μανασσῆ· καὶ ἔθηκεν τὸν Ἐφραὶμ ἔμπροσθεν τοῦ Μανασσῆ.—	kai̯ eu̯loɡɛːsen au̯tuːs en tɛː ɛːmera ekeːnɛː leɡɔːn en ymin eu̯loɡɛːtʰɛːsetai̯ israɛːl leɡontes poi̯ɛːsai̯ se o tʰeos ɔːs epʰrai̯m kai̯ ɔːs manassɛː kai̯ etʰɛːken ton epʰrai̯m emprostʰen tuː manassɛː	KAI EULOGESEN AUTUS EN TE EMERA EKENE LEGON EN UMIN EULOGETESETAI ISRAEL LEGONTES POIESAI SE O TEOS OS EPRAIM KAI OS MANASSE KAI ETEKEN TON EPRAIM EMPROSTEN TU MANASSE	ud_ancient_greek_ptnk	4th-5th c. CE (Codex Alexandrinus)	religious	translit_map
ud_ancient_greek_ptnk_Septuagint-Genesis-48:21-grc	εἶπεν δὲ Ἰσραὴλ τῷ Ἰωσὴφ Ἰδοὺ ἐγὼ ἀποθνῄσκω, καὶ ἔσται ὁ θεὸς μεθ᾿ ὑμῶν καὶ ἀποστρέψει ὑμᾶς εἰς τὴν γῆν τῶν πατέρων ὑμῶν·	eːpen de israɛːl tɔː iɔːsɛːpʰ iduː eɡɔː apotʰnɛːskɔː kai̯ estai̯ o tʰeos metʰ ymɔːn kai̯ apostrepseː ymas eːs tɛːn ɡɛːn tɔːn paterɔːn ymɔːn	EPEN DE ISRAEL TO IOSEP IDU EGO APOTNESKO KAI ESTAI O TEOS MET UMON KAI APOSTREPSE UMAS ES TEN GEN TON PATERON UMON	ud_ancient_greek_ptnk	4th-5th c. CE (Codex Alexandrinus)	religious	translit_map
ud_ancient_greek_ptnk_Septuagint-Genesis-48:22-grc	ἐγὼ δὲ δίδωμί σοί Σίκιμα ἐξαίρετον ὑπὲρ τοὺς ἀδελφούς σου, ἣν ἔλαβον ἐκ χειρὸς Ἀμορραίων ἐν μαχαίρᾳ μου καὶ τόξῳ.	eɡɔː de didɔːmi soi̯ sikima eksai̯reton yper tuːs adelpʰuːs suː ɛːn elabon ek kʰeːros amorrai̯ɔːn en makʰai̯ra muː kai̯ toksɔː	EGO DE DIDOMI SOI SIKIMA EKSAIRETON UPER TUS ADELPUS SU EN ELABON EK KEROS AMORRAION EN MAKAIRA MU KAI TOKSO	ud_ancient_greek_ptnk	4th-5th c. CE (Codex Alexandrinus)	religious	translit_map
ud_ancient_greek_ptnk_Septuagint-Genesis-49:1-grc	Ἐκάλεσεν δὲ Ἰακὼβ τοὺς υἱοὺς αὐτοῦ καὶ εἶπεν Συνάχθητε, ἵνα ἀναγγείλω ὑμῖν, τί ἀπαντήσει ὑμῖν ἐπ᾿ ἐσχάτων τῶν ἡμερῶν·	ekalesen de iakɔːb tuːs yi̯uːs au̯tuː kai̯ eːpen synakʰtʰɛːte ina anaŋɡeːlɔː ymin ti apantɛːseː ymin ep eskʰatɔːn tɔːn ɛːmerɔːn	EKALESEN DE IAKOB TUS UIUS AUTU KAI EPEN SUNAKTETE INA ANANGELO UMIN TI APANTESE UMIN EP ESKATON TON EMERON	ud_ancient_greek_ptnk	4th-5th c. CE (Codex Alexandrinus)	religious	translit_map
ud_ancient_greek_ptnk_Septuagint-Genesis-49:2-grc	ἀθροίσθητε καὶ ἀκούσατε, υἱοὶ Ἰακώβ, ἀκούσατε Ἰσραὴλ τοῦ πατρὸς ὑμῶν.	atʰroi̯stʰɛːte kai̯ akuːsate yi̯oi̯ iakɔːb akuːsate israɛːl tuː patros ymɔːn	ATROISTETE KAI AKUSATE UIOI IAKOB AKUSATE ISRAEL TU PATROS UMON	ud_ancient_greek_ptnk	4th-5th c. CE (Codex Alexandrinus)	religious	translit_map
ud_ancient_greek_ptnk_Septuagint-Genesis-49:3-4-grc	Ῥουβήν, πρωτότοκός μου σύ, ἰσχύς μου, καὶ ἀρχὴ τέκνων μου, σκληρὸς φέρεσθαι καὶ σκληρὸς αὐθάδης. ἐξύβρισας ὡς ὕδωρ, μὴ ἐκζέσῃς· ἀνέβης γὰρ ἐπὶ τὴν κοίτην τοῦ πατρός σου· τότε ἐμίανας τὴν στρωμνήν, οὗ ἀνέβης.	ruːbɛːn prɔːtotokos muː sy iskʰys muː kai̯ arkʰɛː teknɔːn muː sklɛːros pʰerestʰai̯ kai̯ sklɛːros au̯tʰadɛːs eksybrisas ɔːs ydɔːr mɛː ekzdesɛːs anebɛːs ɡar epi tɛːn koi̯tɛːn tuː patros suː tote emianas tɛːn strɔːmnɛːn uː anebɛːs	RUBEN PROTOTOKOS MU SU ISKUS MU KAI ARKE TEKNON MU SKLEROS PERESTAI KAI SKLEROS AUTADES EKSUBRISAS OS UDOR ME EKSDESES ANEBES GAR EPI TEN KOITEN TU PATROS SU TOTE EMIANAS TEN STROMNEN U ANEBES	ud_ancient_greek_ptnk	4th-5th c. CE (Codex Alexandrinus)	religious	translit_map
ud_ancient_greek_ptnk_Septuagint-Genesis-49:5-grc	Συμεὼν καὶ Λευὶ ἀδελφοί· συνετέλεσαν ἀδικίαν ἐξ αἱρέσεως αὐτῶν.	symeɔːn kai̯ leu̯i adelpʰoi̯ synetelesan adikian eks ai̯reseɔːs au̯tɔːn	SUMEON KAI LEUI ADELPOI SUNETELESAN ADIKIAN EKS AIRESEOS AUTON	ud_ancient_greek_ptnk	4th-5th c. CE (Codex Alexandrinus)	religious	translit_map
ud_ancient_greek_ptnk_Septuagint-Genesis-49:6-grc	εἰς βουλὴν αὐτῶν μὴ ἔλθοι ἡ ψυχή μου, καὶ ἐπὶ τῇ συστάσει αὐτῶν μὴ ἐρείσαι τὰ ἥπατά μου, ὅτι ἐν τῷ θυμῷ αὐτῶν ἀπέκτειναν ἀνθρώπους καὶ ἐν τῇ ἐπιθυμίᾳ αὐτῶν ἐνευροκόπησαν ταῦρον.	eːs buːlɛːn au̯tɔːn mɛː eltʰoi̯ ɛː psykʰɛː muː kai̯ epi tɛː systaseː au̯tɔːn mɛː ereːsai̯ ta ɛːpata muː oti en tɔː tʰymɔː au̯tɔːn apekteːnan antʰrɔːpuːs kai̯ en tɛː epitʰymia au̯tɔːn eneu̯rokopɛːsan tau̯ron	ES BULEN AUTON ME ELTOI E PSUKE MU KAI EPI TE SUSTASE AUTON ME ERESAI TA EPATA MU OTI EN TO TUMO AUTON APEKTENAN ANTROPUS KAI EN TE EPITUMIA AUTON ENEUROKOPESAN TAURON	ud_ancient_greek_ptnk	4th-5th c. CE (Codex Alexandrinus)	religious	translit_map
ud_ancient_greek_ptnk_Septuagint-Genesis-49:7-grc	ἐπικατάρατος ὁ θυμὸς αὐτῶν, ὅτι αὐθάδης, καὶ ἡ μῆνις αὐτῶν, ὅτι ἐσκληρύνθη· διαμεριῶ αὐτοὺς ἐν Ἰακὼβ καὶ διασπερῶ αὐτοὺς ἐν Ἰσραήλ.	epikataratos o tʰymos au̯tɔːn oti au̯tʰadɛːs kai̯ ɛː mɛːnis au̯tɔːn oti esklɛːryntʰɛː diameriɔː au̯tuːs en iakɔːb kai̯ diasperɔː au̯tuːs en israɛːl	EPIKATARATOS O TUMOS AUTON OTI AUTADES KAI E MENIS AUTON OTI ESKLERUNTE DIAMERIO AUTUS EN IAKOB KAI DIASPERO AUTUS EN ISRAEL	ud_ancient_greek_ptnk	4th-5th c. CE (Codex Alexandrinus)	religious	translit_map
ud_ancient_greek_ptnk_Septuagint-Genesis-49:8-grc	Ἰούδα, σὲ αἰνέσαισαν οἱ ἀδελφοί σου· αἱ χεῖρές σου ἐπὶ νώτου τῶν ἐχθρῶν σου· προσκυνήσουσίν σοί οἱ υἱοὶ τοῦ πατρός σου.	iuːda se ai̯nesai̯san oi̯ adelpʰoi̯ suː ai̯ kʰeːres suː epi nɔːtuː tɔːn ekʰtʰrɔːn suː proskynɛːsuːsin soi̯ oi̯ yi̯oi̯ tuː patros suː	IUDA SE AINESAISAN OI ADELPOI SU AI KERES SU EPI NOTU TON EKTRON SU PROSKUNESUSIN SOI OI UIOI TU PATROS SU	ud_ancient_greek_ptnk	4th-5th c. CE (Codex Alexandrinus)	religious	translit_map
ud_ancient_greek_ptnk_Septuagint-Genesis-49:9-grc	σκύμνος λέοντος Ἰούδα· ἐκ βλαστοῦ υἱέ μου ἀνέβης ἀναπεσὼν ἐκοιμήθης ὡς λέων καὶ ὡς σκύμνος· τίς ἐγερεῖ αὐτόν;	skymnos leontos iuːda ek blastuː yi̯e muː anebɛːs anapesɔːn ekoi̯mɛːtʰɛːs ɔːs leɔːn kai̯ ɔːs skymnos tis eɡereː au̯ton	SKUMNOS LEONTOS IUDA EK BLASTU UIE MU ANEBES ANAPESON EKOIMETES OS LEON KAI OS SKUMNOS TIS EGERE AUTON	ud_ancient_greek_ptnk	4th-5th c. CE (Codex Alexandrinus)	religious	translit_map
ud_ancient_greek_ptnk_Septuagint-Genesis-49:10-11-grc	οὐκ ἐκλείψει ἄρχων ἐξ Ἰούδα καὶ ἡγούμενος ἐκ τῶν μηρῶν αὐτοῦ, ἕως ἄν ἔλθῃ τὰ ἀποκείμενα αὐτῷ, καὶ αὐτὸς προσδοκία ἐθνῶν. δεσμεύων πρὸς ἄμπελον τὸν πῶλον αὐτοῦ καὶ τῇ ἕλικι τὸν πῶλον τῆς ὄνου αὐτοῦ· πλυνεῖ ἐν οἴνῳ τὴν στολὴν αὐτοῦ καὶ ἐν αἵματι σταφυλῆς τὴν περιβολὴν αὐτοῦ·	uːk ekleːpseː arkʰɔːn eks iuːda kai̯ ɛːɡuːmenos ek tɔːn mɛːrɔːn au̯tuː eɔːs an eltʰɛː ta apokeːmena au̯tɔː kai̯ au̯tos prosdokia etʰnɔːn desmeu̯ɔːn pros ampelon ton pɔːlon au̯tuː kai̯ tɛː eliki ton pɔːlon tɛːs onuː au̯tuː plyneː en oi̯nɔː tɛːn stolɛːn au̯tuː kai̯ en ai̯mati stapʰylɛːs tɛːn peribolɛːn au̯tuː	UK EKLEPSE ARKON EKS IUDA KAI EGUMENOS EK TON MERON AUTU EOS AN ELTE TA APOKEMENA AUTO KAI AUTOS PROSDOKIA ETNON DESMEUON PROS AMPELON TON POLON AUTU KAI TE ELIKI TON POLON TES ONU AUTU PLUNE EN OINO TEN STOLEN AUTU KAI EN AIMATI STAPULES TEN PERIBOLEN AUTU	ud_ancient_greek_ptnk	4th-5th c. CE (Codex Alexandrinus)	religious	translit_map
ud_ancient_greek_ptnk_Septuagint-Genesis-49:12-grc	χαροποὶ οἱ ὀφθαλμοὶ αὐτοῦ ἀπὸ οἴνου, καὶ λευκοὶ οἱ ὀδόντες αὐτοῦ ἢ γάλα.	kʰaropoi̯ oi̯ opʰtʰalmoi̯ au̯tuː apo oi̯nuː kai̯ leu̯koi̯ oi̯ odontes au̯tuː ɛː ɡala	KAROPOI OI OPTALMOI AUTU APO OINU KAI LEUKOI OI ODONTES AUTU E GALA	ud_ancient_greek_ptnk	4th-5th c. CE (Codex Alexandrinus)	religious	translit_map
ud_ancient_greek_ptnk_Septuagint-Genesis-49:13-grc	Ζαβουλὼν παράλιος κατοικήσει, καὶ αὐτὸς παρ᾿ ὅρμον πλοίων, καὶ παρατενεῖ ἕως Σιδῶνος.	zdabuːlɔːn paralios katoi̯kɛːseː kai̯ au̯tos par ormon ploi̯ɔːn kai̯ parateneː eɔːs sidɔːnos	SDABULON PARALIOS KATOIKESE KAI AUTOS PAR ORMON PLOION KAI PARATENE EOS SIDONOS	ud_ancient_greek_ptnk	4th-5th c. CE (Codex Alexandrinus)	religious	translit_map
ud_ancient_greek_ptnk_Septuagint-Genesis-49:14-grc	Ἰσσαχὰρ τὸ καλὸν ἐπεθύμησεν ἀναπαυόμενος ἀνὰ μέσον τῶν κλήρων·	issakʰar to kalon epetʰymɛːsen anapau̯omenos ana meson tɔːn klɛːrɔːn	ISSAKAR TO KALON EPETUMESEN ANAPAUOMENOS ANA MESON TON KLERON	ud_ancient_greek_ptnk	4th-5th c. CE (Codex Alexandrinus)	religious	translit_map
ud_ancient_greek_ptnk_Septuagint-Genesis-49:15-grc	καὶ ἰδὼν τὴν ἀνάπαυσιν ὅτι καλή, καὶ τὴν γῆν ὅτι πίων, ὑπέθηκεν τὸν ὦμον αὐτοῦ εἰς τὸ πονεῖν καὶ ἐγενήθη ἀνὴρ γεωργός.	kai̯ idɔːn tɛːn anapau̯sin oti kalɛː kai̯ tɛːn ɡɛːn oti piɔːn ypetʰɛːken ton ɔːmon au̯tuː eːs to poneːn kai̯ eɡenɛːtʰɛː anɛːr ɡeɔːrɡos	KAI IDON TEN ANAPAUSIN OTI KALE KAI TEN GEN OTI PION UPETEKEN TON OMON AUTU ES TO PONEN KAI EGENETE ANER GEORGOS	ud_ancient_greek_ptnk	4th-5th c. CE (Codex Alexandrinus)	religious	translit_map
ud_ancient_greek_ptnk_Septuagint-Genesis-49:16-grc	Δὰν κρινεῖ τὸν ἑαυτοῦ λαὸν ὡσεὶ καὶ μία φυλὴ ἐν Ἰσραήλ.	dan krineː ton eau̯tuː laon ɔːseː kai̯ mia pʰylɛː en israɛːl	DAN KRINE TON EAUTU LAON OSE KAI MIA PULE EN ISRAEL	ud_ancient_greek_ptnk	4th-5th c. CE (Codex Alexandrinus)	religious	translit_map
ud_ancient_greek_ptnk_Septuagint-Genesis-49:17-grc	καὶ γενηθήτω Δὰν ὄφις ἐφ᾿ ὁδοῦ ἐγκαθήμενος ἐπὶ τρίβου, δάκνων πτέρναν ἵππου, καὶ πεσεῖται ὁ ἱππεὺς εἰς τὰ ὀπίσω.	kai̯ ɡenɛːtʰɛːtɔː dan opʰis epʰ oduː eŋkatʰɛːmenos epi tribuː daknɔːn pternan ippuː kai̯ peseːtai̯ o ippeu̯s eːs ta opisɔː	KAI GENETETO DAN OPIS EP ODU ENKATEMENOS EPI TRIBU DAKNON PTERNAN IPPU KAI PESETAI O IPPEUS ES TA OPISO	ud_ancient_greek_ptnk	4th-5th c. CE (Codex Alexandrinus)	religious	translit_map
ud_ancient_greek_ptnk_Septuagint-Genesis-49:18-grc	τὴν σωτηρίαν περιμένω κυρίου.	tɛːn sɔːtɛːrian perimenɔː kyriuː	TEN SOTERIAN PERIMENO KURIU	ud_ancient_greek_ptnk	4th-5th c. CE (Codex Alexandrinus)	religious	translit_map
ud_ancient_greek_ptnk_Septuagint-Genesis-49:19-grc	Γάδ, πειρατήριον πειρατεύσει αὐτόν, αὐτὸς δὲ πειρατεύσει αὐτῶν κατὰ πόδας.	ɡad peːratɛːrion peːrateu̯seː au̯ton au̯tos de peːrateu̯seː au̯tɔːn kata podas	GAD PERATERION PERATEUSE AUTON AUTOS DE PERATEUSE AUTON KATA PODAS	ud_ancient_greek_ptnk	4th-5th c. CE (Codex Alexandrinus)	religious	translit_map
ud_ancient_greek_ptnk_Septuagint-Genesis-49:20-grc	Ἀσήρ, πίων αὐτοῦ ὁ ἄρτος, καὶ αὐτὸς δώσει τρυφὴν ἄρχουσιν.	asɛːr piɔːn au̯tuː o artos kai̯ au̯tos dɔːseː trypʰɛːn arkʰuːsin	ASER PION AUTU O ARTOS KAI AUTOS DOSE TRUPEN ARKUSIN	ud_ancient_greek_ptnk	4th-5th c. CE (Codex Alexandrinus)	religious	translit_map
ud_ancient_greek_ptnk_Septuagint-Genesis-49:21-grc	Νεφθαλὶ στέλεχος ἀνειμένον, ἐπιδιδοὺς ἐν τῷ γενήματι κάλλος.	nepʰtʰali stelekʰos aneːmenon epididuːs en tɔː ɡenɛːmati kallos	NEPTALI STELEKOS ANEMENON EPIDIDUS EN TO GENEMATI KALLOS	ud_ancient_greek_ptnk	4th-5th c. CE (Codex Alexandrinus)	religious	translit_map
ud_ancient_greek_ptnk_Septuagint-Genesis-49:22-grc	Υἱὸς ηὐξημένος Ἰωσήφ, υἱὸς ηὐξημένος ζηλωτός, υἱός μου νεώτατος· πρός με ἀνάστρεψον.	yios ɛːyksɛːmenos iɔːsɛːpʰ yi̯os ɛːyksɛːmenos zdɛːlɔːtos yi̯os muː neɔːtatos pros me anastrepson	UIOS EUKSEMENOS IOSEP UIOS EUKSEMENOS SDELOTOS UIOS MU NEOTATOS PROS ME ANASTREPSON	ud_ancient_greek_ptnk	4th-5th c. CE (Codex Alexandrinus)	religious	translit_map
ud_ancient_greek_ptnk_Septuagint-Genesis-49:23-grc	εἰς ὃν διαβουλευόμενοι ἐλοιδόρουν, καὶ ἐνεῖχον αὐτῷ κύριοι τοξευμάτων·	eːs on diabuːleu̯omenoi̯ eloi̯doruːn kai̯ eneːkʰon au̯tɔː kyrioi̯ tokseu̯matɔːn	ES ON DIABULEUOMENOI ELOIDORUN KAI ENEKON AUTO KURIOI TOKSEUMATON	ud_ancient_greek_ptnk	4th-5th c. CE (Codex Alexandrinus)	religious	translit_map
ud_ancient_greek_ptnk_Septuagint-Genesis-49:24-grc	καὶ συνετρίβη μετὰ κράτους τὰ τόξα αὐτῶν, καὶ ἐξελύθη τὰ νεῦρα βραχιόνων χειρῶν αὐτῶν διὰ χεῖρα δυνάστου Ἰακώβ, ἐκεῖθεν ὁ κατισχύσας Ἰσραήλ·	kai̯ synetribɛː meta kratuːs ta toksa au̯tɔːn kai̯ ekselytʰɛː ta neu̯ra brakʰionɔːn kʰeːrɔːn au̯tɔːn dia kʰeːra dynastuː iakɔːb ekeːtʰen o katiskʰysas israɛːl	KAI SUNETRIBE META KRATUS TA TOKSA AUTON KAI EKSELUTE TA NEURA BRAKIONON KERON AUTON DIA KERA DUNASTU IAKOB EKETEN O KATISKUSAS ISRAEL	ud_ancient_greek_ptnk	4th-5th c. CE (Codex Alexandrinus)	religious	translit_map
ud_ancient_greek_ptnk_Septuagint-Genesis-49:25-grc	παρὰ θεοῦ τοῦ πατρός σου, καὶ ἐβοήθησέν σοί ὁ θεὸς ὁ ἐμὸς καὶ εὐλόγησέν σὲ εὐλογίαν οὐρανοῦ ἄνωθεν καὶ εὐλογίαν γῆς ἐχούσης πάντα· ἕνεκεν εὐλογίας μαστῶν καὶ μήτρας,	para tʰeuː tuː patros suː kai̯ eboɛːtʰɛːsen soi̯ o tʰeos o emos kai̯ eu̯loɡɛːsen se eu̯loɡian uːranuː anɔːtʰen kai̯ eu̯loɡian ɡɛːs ekʰuːsɛːs panta eneken eu̯loɡias mastɔːn kai̯ mɛːtras	PARA TEU TU PATROS SU KAI EBOETESEN SOI O TEOS O EMOS KAI EULOGESEN SE EULOGIAN URANU ANOTEN KAI EULOGIAN GES EKUSES PANTA ENEKEN EULOGIAS MASTON KAI METRAS	ud_ancient_greek_ptnk	4th-5th c. CE (Codex Alexandrinus)	religious	translit_map
ud_ancient_greek_ptnk_Septuagint-Genesis-49:26-grc	εὐλογίας πατρός σου καὶ μητρός σου· ὑπερίσχυσεν ἐπ᾿ εὐλογίαις ὀρέων μονίμων καὶ ἐπ᾿ εὐλογίαις θινῶν ἀενάων· ἔσονται ἐπὶ κεφαλὴν Ἰωσὴφ καὶ ἐπὶ κορυφῆς ὧν ἡγήσατο ἀδελφῶν.	eu̯loɡias patros suː kai̯ mɛːtros suː yperiskʰysen ep eu̯loɡiai̯s oreɔːn monimɔːn kai̯ ep eu̯loɡiai̯s tʰinɔːn aenaɔːn esontai̯ epi kepʰalɛːn iɔːsɛːpʰ kai̯ epi korypʰɛːs ɔːn ɛːɡɛːsato adelpʰɔːn	EULOGIAS PATROS SU KAI METROS SU UPERISKUSEN EP EULOGIAIS OREON MONIMON KAI EP EULOGIAIS TINON AENAON ESONTAI EPI KEPALEN IOSEP KAI EPI KORUPES ON EGESATO ADELPON	ud_ancient_greek_ptnk	4th-5th c. CE (Codex Alexandrinus)	religious	translit_map
ud_ancient_greek_ptnk_Septuagint-Genesis-49:27-grc	Βενιαμὶν λύκος ἅρπαξ· τὸ πρωινὸν ἔδεται ἔτι καὶ εἰς τὸ ἑσπέρας διαδώσει τροφήν.	beniamin lykos arpaks to prɔːi̯non edetai̯ eti kai̯ eːs to esperas diadɔːseː tropʰɛːn	BENIAMIN LUKOS ARPAKS TO PROINON EDETAI ETI KAI ES TO ESPERAS DIADOSE TROPEN	ud_ancient_greek_ptnk	4th-5th c. CE (Codex Alexandrinus)	religious	translit_map
ud_ancient_greek_ptnk_Septuagint-Genesis-49:28-grc	Πάντες οὗτοι υἱοὶ Ἰακὼβ δώδεκα, καὶ ταῦτα ἐλάλησεν αὐτοῖς ὁ πατὴρ αὐτῶν καὶ εὐλόγησεν αὐτούς, ἕκαστον κατὰ τὴν εὐλογίαν αὐτοῦ εὐλόγησεν αὐτούς.	pantes uːtoi̯ yi̯oi̯ iakɔːb dɔːdeka kai̯ tau̯ta elalɛːsen au̯toi̯s o patɛːr au̯tɔːn kai̯ eu̯loɡɛːsen au̯tuːs ekaston kata tɛːn eu̯loɡian au̯tuː eu̯loɡɛːsen au̯tuːs	PANTES UTOI UIOI IAKOB DODEKA KAI TAUTA ELALESEN AUTOIS O PATER AUTON KAI EULOGESEN AUTUS EKASTON KATA TEN EULOGIAN AUTU EULOGESEN AUTUS	ud_ancient_greek_ptnk	4th-5th c. CE (Codex Alexandrinus)	religious	translit_map
ud_ancient_greek_ptnk_Septuagint-Genesis-49:29-grc	καὶ εἶπεν αὐτοῖς Ἐγὼ προστίθεμαι πρὸς τὸν ἐμὸν λαόν θάψατέ με μετὰ τῶν πατέρων μου ἐν τῷ σπηλαίῳ, ὅ ἐστιν ἐν τῷ ἀγρῷ Ἐφρὼν τοῦ Χετταίου,	kai̯ eːpen au̯toi̯s eɡɔː prostitʰemai̯ pros ton emon laon tʰapsate me meta tɔːn paterɔːn muː en tɔː spɛːlai̯ɔː o estin en tɔː aɡrɔː epʰrɔːn tuː kʰettai̯uː	KAI EPEN AUTOIS EGO PROSTITEMAI PROS TON EMON LAON TAPSATE ME META TON PATERON MU EN TO SPELAIO O ESTIN EN TO AGRO EPRON TU KETTAIU	ud_ancient_greek_ptnk	4th-5th c. CE (Codex Alexandrinus)	religious	translit_map
ud_ancient_greek_ptnk_Septuagint-Genesis-49:30-31-grc	ἐν τῷ σπηλαίῳ τῷ διπλῷ τῷ ἀπέναντι Μαμβρῆ ἐν τῇ γῇ Χαναάν, ὃ ἐκτήσατο Ἁβραὰμ τὸ σπήλαιον παρὰ Ἐφρὼν τοῦ Χετταίου ἐν κτήσει μνημείου· ἐκεῖ ἔθαψαν Ἁβραὰμ καὶ Σάρραν τὴν γυναῖκα αὐτοῦ, ἐκεῖ ἔθαψαν Ἰσαὰκ καὶ Ῥεβέκκαν τὴν γυναῖκα αὐτοῦ, καὶ ἐκεῖ ἔθαψα Λείαν	en tɔː spɛːlai̯ɔː tɔː diplɔː tɔː apenanti mambrɛː en tɛː ɡɛː kʰanaan o ektɛːsato abraam to spɛːlai̯on para epʰrɔːn tuː kʰettai̯uː en ktɛːseː mnɛːmeːuː ekeː etʰapsan abraam kai̯ sarran tɛːn ɡynai̯ka au̯tuː ekeː etʰapsan isaak kai̯ rebekkan tɛːn ɡynai̯ka au̯tuː kai̯ ekeː etʰapsa leːan	EN TO SPELAIO TO DIPLO TO APENANTI MAMBRE EN TE GE KANAAN O EKTESATO ABRAAM TO SPELAION PARA EPRON TU KETTAIU EN KTESE MNEMEU EKE ETAPSAN ABRAAM KAI SARRAN TEN GUNAIKA AUTU EKE ETAPSAN ISAAK KAI REBEKKAN TEN GUNAIKA AUTU KAI EKE ETAPSA LEAN	ud_ancient_greek_ptnk	4th-5th c. CE (Codex Alexandrinus)	religious	translit_map
ud_ancient_greek_ptnk_Septuagint-Genesis-49:32-grc	ἐν κτήσει τοῦ ἀγροῦ καὶ τοῦ σπηλαίου τοῦ ὄντος ἐν αὐτῷ παρὰ τῶν υἱῶν Χέτ.	en ktɛːseː tuː aɡruː kai̯ tuː spɛːlai̯uː tuː ontos en au̯tɔː para tɔːn yi̯ɔːn kʰet	EN KTESE TU AGRU KAI TU SPELAIU TU ONTOS EN AUTO PARA TON UION KET	ud_ancient_greek_ptnk	4th-5th c. CE (Codex Alexandrinus)	religious	translit_map
ud_ancient_greek_ptnk_Septuagint-Genesis-49:33-grc	καὶ κατέπαυσεν Ἰακὼβ ἐπιτάσσων τοῖς υἱοῖς αὐτοῦ καὶ ἐξάρας τοὺς πόδας αὐτοῦ ἐπὶ τὴν κλίνην ἐξέλιπεν καὶ προσετέθη πρὸς τὸν λαὸν αὐτοῦ.	kai̯ katepau̯sen iakɔːb epitassɔːn toi̯s yi̯oi̯s au̯tuː kai̯ eksaras tuːs podas au̯tuː epi tɛːn klinɛːn ekselipen kai̯ prosetetʰɛː pros ton laon au̯tuː	KAI KATEPAUSEN IAKOB EPITASSON TOIS UIOIS AUTU KAI EKSARAS TUS PODAS AUTU EPI TEN KLINEN EKSELIPEN KAI PROSETETE PROS TON LAON AUTU	ud_ancient_greek_ptnk	4th-5th c. CE (Codex Alexandrinus)	religious	translit_map
ud_ancient_greek_ptnk_Septuagint-Genesis-50:1-grc	Καὶ ἐπιπεσὼν Ἰωσὴφ ἐπὶ τὸ πρόσωπον τοῦ πατρὸς αὐτοῦ ἔκλαυσεν ἐπ᾿ αὐτὸν καὶ ἐφίλησεν αὐτόν.	kai̯ epipesɔːn iɔːsɛːpʰ epi to prosɔːpon tuː patros au̯tuː eklau̯sen ep au̯ton kai̯ epʰilɛːsen au̯ton	KAI EPIPESON IOSEP EPI TO PROSOPON TU PATROS AUTU EKLAUSEN EP AUTON KAI EPILESEN AUTON	ud_ancient_greek_ptnk	4th-5th c. CE (Codex Alexandrinus)	religious	translit_map
ud_ancient_greek_ptnk_Septuagint-Genesis-50:2-grc	καὶ προσέταξεν Ἰωσὴφ τοῖς παισὶν αὐτοῦ τοῖς ἐνταφιασταῖς ἐνταφιάσαι τὸν πατέρα αὐτοῦ, καὶ ἐνεταφίασαν οἱ ἐνταφιασταὶ τὸν Ἰσραήλ.	kai̯ prosetaksen iɔːsɛːpʰ toi̯s pai̯sin au̯tuː toi̯s entapʰiastai̯s entapʰiasai̯ ton patera au̯tuː kai̯ enetapʰiasan oi̯ entapʰiastai̯ ton israɛːl	KAI PROSETAKSEN IOSEP TOIS PAISIN AUTU TOIS ENTAPIASTAIS ENTAPIASAI TON PATERA AUTU KAI ENETAPIASAN OI ENTAPIASTAI TON ISRAEL	ud_ancient_greek_ptnk	4th-5th c. CE (Codex Alexandrinus)	religious	translit_map
ud_ancient_greek_ptnk_Septuagint-Genesis-50:3-grc	καὶ ἐπλήρωσαν αὐτοῦ τεσσαράκοντα ἡμέρας· οὕτως γὰρ καταριθμοῦνται αἱ ἡμέραι τῆς ταφῆς. καὶ ἐπένθησεν αὐτὸν Αἴγυπτος ἑβδομήκοντα ἡμέρας.	kai̯ eplɛːrɔːsan au̯tuː tessarakonta ɛːmeras uːtɔːs ɡar kataritʰmuːntai̯ ai̯ ɛːmerai̯ tɛːs tapʰɛːs kai̯ epentʰɛːsen au̯ton ai̯ɡyptos ebdomɛːkonta ɛːmeras	KAI EPLEROSAN AUTU TESSARAKONTA EMERAS UTOS GAR KATARITMUNTAI AI EMERAI TES TAPES KAI EPENTESEN AUTON AIGUPTOS EBDOMEKONTA EMERAS	ud_ancient_greek_ptnk	4th-5th c. CE (Codex Alexandrinus)	religious	translit_map
ud_ancient_greek_ptnk_Septuagint-Genesis-50:4-grc	Ἐπειδὴ δὲ παρῆλθον αἱ ἡμέραι τοῦ πένθους, ἐλάλησεν Ἰωσὴφ πρὸς τοὺς δυνάστας Φαραὼ λέγων, Εἰ εὗρον χάριν ἐναντίον ὑμῶν, λαλήσατε περὶ ἐμοῦ εἰς τὰ ὦτα Φαραὼ λέγοντες,	epeːdɛː de parɛːltʰon ai̯ ɛːmerai̯ tuː pentʰuːs elalɛːsen iɔːsɛːpʰ pros tuːs dynastas pʰaraɔː leɡɔːn eː eu̯ron kʰarin enantion ymɔːn lalɛːsate peri emuː eːs ta ɔːta pʰaraɔː leɡontes	EPEDE DE PARELTON AI EMERAI TU PENTUS ELALESEN IOSEP PROS TUS DUNASTAS PARAO LEGON E EURON KARIN ENANTION UMON LALESATE PERI EMU ES TA OTA PARAO LEGONTES	ud_ancient_greek_ptnk	4th-5th c. CE (Codex Alexandrinus)	religious	translit_map
ud_ancient_greek_ptnk_Septuagint-Genesis-50:5-grc	Ὁ πατήρ μου ὥρκισέν με λέγων, Ἐν τῷ μνημείῳ, ᾧ ὤρυξα ἐμαυτῷ ἐν γῇ Χαναάν, ἐκεῖ με θάψεις· νῦν οὖν ἀναβὰς θάψω τὸν πατέρα μου καὶ ἐπανελεύσομαι.	o patɛːr muː ɔːrkisen me leɡɔːn en tɔː mnɛːmeːɔː ɔː ɔːryksa emau̯tɔː en ɡɛː kʰanaan ekeː me tʰapseːs nyn uːn anabas tʰapsɔː ton patera muː kai̯ epaneleu̯somai̯	O PATER MU ORKISEN ME LEGON EN TO MNEMEO O ORUKSA EMAUTO EN GE KANAAN EKE ME TAPSES NUN UN ANABAS TAPSO TON PATERA MU KAI EPANELEUSOMAI	ud_ancient_greek_ptnk	4th-5th c. CE (Codex Alexandrinus)	religious	translit_map
ud_ancient_greek_ptnk_Septuagint-Genesis-50:6-grc	καὶ εἶπεν Φαραὼ Ἀνάβηθι, θάψον τὸν πατέρα σου, καθάπερ ὥρκισέν σε.	kai̯ eːpen pʰaraɔː anabɛːtʰi tʰapson ton patera suː katʰaper ɔːrkisen se	KAI EPEN PARAO ANABETI TAPSON TON PATERA SU KATAPER ORKISEN SE	ud_ancient_greek_ptnk	4th-5th c. CE (Codex Alexandrinus)	religious	translit_map
ud_ancient_greek_ptnk_Septuagint-Genesis-50:7-8-grc	καὶ ἀνέβη Ἰωσὴφ θάψαι τὸν πατέρα αὐτοῦ, καὶ συνανέβησαν μετ᾿ αὐτοῦ πάντες οἱ παῖδες Φαραὼ καὶ οἱ πρεσβύτεροι τοῦ οἴκου αὐτοῦ καὶ πάντες οἱ πρεσβύτεροι τῆς γῆς Αἰγύπτου καὶ πᾶσα ἡ πανοικία Ἰωσὴφ καὶ οἱ ἀδελφοὶ αὐτοῦ καὶ πᾶσα ἡ οἰκία ἡ πατρικὴ αὐτοῦ, καὶ τὴν συγγένειαν καὶ τὰ πρόβατα καὶ τοὺς βόας ὑπελίποντο ἐν γῇ Γεσέμ.	kai̯ anebɛː iɔːsɛːpʰ tʰapsai̯ ton patera au̯tuː kai̯ synanebɛːsan met au̯tuː pantes oi̯ pai̯des pʰaraɔː kai̯ oi̯ presbyteroi̯ tuː oi̯kuː au̯tuː kai̯ pantes oi̯ presbyteroi̯ tɛːs ɡɛːs ai̯ɡyptuː kai̯ pasa ɛː panoi̯kia iɔːsɛːpʰ kai̯ oi̯ adelpʰoi̯ au̯tuː kai̯ pasa ɛː oi̯kia ɛː patrikɛː au̯tuː kai̯ tɛːn syŋɡeneːan kai̯ ta probata kai̯ tuːs boas ypeliponto en ɡɛː ɡesem	KAI ANEBE IOSEP TAPSAI TON PATERA AUTU KAI SUNANEBESAN MET AUTU PANTES OI PAIDES PARAO KAI OI PRESBUTEROI TU OIKU AUTU KAI PANTES OI PRESBUTEROI TES GES AIGUPTU KAI PASA E PANOIKIA IOSEP KAI OI ADELPOI AUTU KAI PASA E OIKIA E PATRIKE AUTU KAI TEN SUNGENEAN KAI TA PROBATA KAI TUS BOAS UPELIPONTO EN GE GESEM	ud_ancient_greek_ptnk	4th-5th c. CE (Codex Alexandrinus)	religious	translit_map
ud_ancient_greek_ptnk_Septuagint-Genesis-50:9-grc	καὶ συνανέβησαν μετ᾿ αὐτοῦ καὶ ἅρματα καὶ ἱππεῖς, καὶ ἐγένετο ἡ παρεμβολὴ μεγάλη σφόδρα.	kai̯ synanebɛːsan met au̯tuː kai̯ armata kai̯ ippeːs kai̯ eɡeneto ɛː parembolɛː meɡalɛː spʰodra	KAI SUNANEBESAN MET AUTU KAI ARMATA KAI IPPES KAI EGENETO E PAREMBOLE MEGALE SPODRA	ud_ancient_greek_ptnk	4th-5th c. CE (Codex Alexandrinus)	religious	translit_map
ud_ancient_greek_ptnk_Septuagint-Genesis-50:10-grc	καὶ παρεγένοντο ἐφ᾿ ἅλωνα Ἀτάδ, ὅ ἐστιν πέραν τοῦ Ἰορδάνου, καὶ ἐκόψαντο αὐτὸν κοπετὸν μέγαν καὶ ἰσχυρὸν σφόδρα· καὶ ἐποίησεν τὸ πένθος τῷ πατρὶ αὐτοῦ ἑπτὰ ἡμέρας.	kai̯ pareɡenonto epʰ alɔːna atad o estin peran tuː iordanuː kai̯ ekopsanto au̯ton kopeton meɡan kai̯ iskʰyron spʰodra kai̯ epoi̯ɛːsen to pentʰos tɔː patri au̯tuː epta ɛːmeras	KAI PAREGENONTO EP ALONA ATAD O ESTIN PERAN TU IORDANU KAI EKOPSANTO AUTON KOPETON MEGAN KAI ISKURON SPODRA KAI EPOIESEN TO PENTOS TO PATRI AUTU EPTA EMERAS	ud_ancient_greek_ptnk	4th-5th c. CE (Codex Alexandrinus)	religious	translit_map
ud_ancient_greek_ptnk_Septuagint-Genesis-50:11-grc	καὶ εἶδον οἱ κάτοικοι τῆς γῆς Χαναὰν τὸ πένθος ἐν ἅλωνι Ἀτὰδ καὶ εἶπαν Πένθος μέγα τοῦτό ἐστιν τοῖς Αἰγυπτίοις· διὰ τοῦτο ἐκάλεσεν τὸ ὄνομα αὐτοῦ Πένθος Αἰγύπτου, ὅ ἐστιν πέραν τοῦ Ἰορδάνου.	kai̯ eːdon oi̯ katoi̯koi̯ tɛːs ɡɛːs kʰanaan to pentʰos en alɔːni atad kai̯ eːpan pentʰos meɡa tuːto estin toi̯s ai̯ɡyptioi̯s dia tuːto ekalesen to onoma au̯tuː pentʰos ai̯ɡyptuː o estin peran tuː iordanuː	KAI EDON OI KATOIKOI TES GES KANAAN TO PENTOS EN ALONI ATAD KAI EPAN PENTOS MEGA TUTO ESTIN TOIS AIGUPTIOIS DIA TUTO EKALESEN TO ONOMA AUTU PENTOS AIGUPTU O ESTIN PERAN TU IORDANU	ud_ancient_greek_ptnk	4th-5th c. CE (Codex Alexandrinus)	religious	translit_map
ud_ancient_greek_ptnk_Septuagint-Genesis-50:12-grc	καὶ ἐποίησαν αὐτῷ οὕτως οἱ υἱοὶ αὐτοῦ καὶ ἔθαψαν αὐτὸν ἐκεῖ.	kai̯ epoi̯ɛːsan au̯tɔː uːtɔːs oi̯ yi̯oi̯ au̯tuː kai̯ etʰapsan au̯ton ekeː	KAI EPOIESAN AUTO UTOS OI UIOI AUTU KAI ETAPSAN AUTON EKE	ud_ancient_greek_ptnk	4th-5th c. CE (Codex Alexandrinus)	religious	translit_map
ud_ancient_greek_ptnk_Septuagint-Genesis-50:13-grc	καὶ ἀνέλαβον αὐτὸν οἱ υἱοὶ αὐτοῦ εἰς γῆν Χαναὰν καὶ ἔθαψαν αὐτὸν εἰς τὸ σπήλαιον τὸ διπλοῦν ὃ ἐκτήσατο Ἁβραὰμ τὸ σπήλαιον ἐν κτήσει μνημείου παρὰ Ἐφρὼν τοῦ Χετταίου κατέναντι Μαμβρῆ.	kai̯ anelabon au̯ton oi̯ yi̯oi̯ au̯tuː eːs ɡɛːn kʰanaan kai̯ etʰapsan au̯ton eːs to spɛːlai̯on to dipluːn o ektɛːsato abraam to spɛːlai̯on en ktɛːseː mnɛːmeːuː para epʰrɔːn tuː kʰettai̯uː katenanti mambrɛː	KAI ANELABON AUTON OI UIOI AUTU ES GEN KANAAN KAI ETAPSAN AUTON ES TO SPELAION TO DIPLUN O EKTESATO ABRAAM TO SPELAION EN KTESE MNEMEU PARA EPRON TU KETTAIU KATENANTI MAMBRE	ud_ancient_greek_ptnk	4th-5th c. CE (Codex Alexandrinus)	religious	translit_map
ud_ancient_greek_ptnk_Septuagint-Genesis-50:14-grc	καὶ ἀπέστρεψεν Ἰωσὴφ εἰς Αἴγυπτον αὐτὸς καὶ οἱ ἀδελφοὶ αὐτοῦ καὶ οἱ συναναβάντες θάψαι τὸν πατέρα αὐτοῦ.	kai̯ apestrepsen iɔːsɛːpʰ eːs ai̯ɡypton au̯tos kai̯ oi̯ adelpʰoi̯ au̯tuː kai̯ oi̯ synanabantes tʰapsai̯ ton patera au̯tuː	KAI APESTREPSEN IOSEP ES AIGUPTON AUTOS KAI OI ADELPOI AUTU KAI OI SUNANABANTES TAPSAI TON PATERA AUTU	ud_ancient_greek_ptnk	4th-5th c. CE (Codex Alexandrinus)	religious	translit_map
ud_ancient_greek_ptnk_Septuagint-Genesis-50:15-grc	Ἰδόντες δὲ οἱ ἀδελφοὶ Ἰωσὴφ ὅτι τέθνηκεν ὁ πατὴρ αὐτῶν, εἶπαν, μήποτε μνησικακήσῃ ἡμῖν Ἰωσὴφ καὶ ἀνταπόδομα ἀνταποδῷ ἡμῖν πάντα τὰ κακά, ἃ ἐνεδειξάμεθα αὐτῷ.	idontes de oi̯ adelpʰoi̯ iɔːsɛːpʰ oti tetʰnɛːken o patɛːr au̯tɔːn eːpan mɛːpote mnɛːsikakɛːsɛː ɛːmin iɔːsɛːpʰ kai̯ antapodoma antapodɔː ɛːmin panta ta kaka a enedeːksametʰa au̯tɔː	IDONTES DE OI ADELPOI IOSEP OTI TETNEKEN O PATER AUTON EPAN MEPOTE MNESIKAKESE EMIN IOSEP KAI ANTAPODOMA ANTAPODO EMIN PANTA TA KAKA A ENEDEKSAMETA AUTO	ud_ancient_greek_ptnk	4th-5th c. CE (Codex Alexandrinus)	religious	translit_map
ud_ancient_greek_ptnk_Septuagint-Genesis-50:16-grc	καὶ παρεγένοντο πρὸς Ἰωσὴφ λέγοντες, Ὁ πατήρ σου ὥρκισεν πρὸ τοῦ τελευτῆσαι αὐτὸν λέγων,	kai̯ pareɡenonto pros iɔːsɛːpʰ leɡontes o patɛːr suː ɔːrkisen pro tuː teleu̯tɛːsai̯ au̯ton leɡɔːn	KAI PAREGENONTO PROS IOSEP LEGONTES O PATER SU ORKISEN PRO TU TELEUTESAI AUTON LEGON	ud_ancient_greek_ptnk	4th-5th c. CE (Codex Alexandrinus)	religious	translit_map
ud_ancient_greek_ptnk_Septuagint-Genesis-50:17-grc	Οὕτως εἴπατε Ἰωσὴφ Ἄφες αὐτοῖς τὴν ἀδικίαν καὶ τὴν ἁμαρτίαν αὐτῶν, ὅτι πονηρά σοί ἐνεδείξαντο· καὶ νῦν δέξαι τὴν ἀδικίαν τῶν θεραπόντων τοῦ θεοῦ τοῦ πατρός σου. καὶ ἔκλαυσεν Ἰωσὴφ λαλούντων αὐτῶν πρὸς αὐτόν.	uːtɔːs eːpate iɔːsɛːpʰ apʰes au̯toi̯s tɛːn adikian kai̯ tɛːn amartian au̯tɔːn oti ponɛːra soi̯ enedeːksanto kai̯ nyn deksai̯ tɛːn adikian tɔːn tʰerapontɔːn tuː tʰeuː tuː patros suː kai̯ eklau̯sen iɔːsɛːpʰ laluːntɔːn au̯tɔːn pros au̯ton	UTOS EPATE IOSEP APES AUTOIS TEN ADIKIAN KAI TEN AMARTIAN AUTON OTI PONERA SOI ENEDEKSANTO KAI NUN DEKSAI TEN ADIKIAN TON TERAPONTON TU TEU TU PATROS SU KAI EKLAUSEN IOSEP LALUNTON AUTON PROS AUTON	ud_ancient_greek_ptnk	4th-5th c. CE (Codex Alexandrinus)	religious	translit_map
ud_ancient_greek_ptnk_Septuagint-Genesis-50:18-grc	καὶ ἐλθόντες πρὸς αὐτὸν εἶπαν, Οἵδε ἡμεῖς σοί οἰκέται.	kai̯ eltʰontes pros au̯ton eːpan oi̯de ɛːmeːs soi̯ oi̯ketai̯	KAI ELTONTES PROS AUTON EPAN OIDE EMES SOI OIKETAI	ud_ancient_greek_ptnk	4th-5th c. CE (Codex Alexandrinus)	religious	translit_map
ud_ancient_greek_ptnk_Septuagint-Genesis-50:19-grc	καὶ εἶπεν αὐτοῖς Ἰωσήφ, Μὴ φοβεῖσθε· τοῦ γὰρ θεοῦ εἰμι ἐγώ.	kai̯ eːpen au̯toi̯s iɔːsɛːpʰ mɛː pʰobeːstʰe tuː ɡar tʰeuː eːmi eɡɔː	KAI EPEN AUTOIS IOSEP ME POBESTE TU GAR TEU EMI EGO	ud_ancient_greek_ptnk	4th-5th c. CE (Codex Alexandrinus)	religious	translit_map
ud_ancient_greek_ptnk_Septuagint-Genesis-50:20-grc	ὑμεῖς ἐβουλεύσασθε κατ᾿ ἐμοῦ εἰς πονηρά, ὁ δὲ θεὸς ἐβουλεύσατο περὶ ἐμοῦ εἰς ἀγαθά, ὅπως ἄν γενηθῇ ὡς σήμερον, ἵνα διατραφῇ λαὸς πολύς.	ymeːs ebuːleu̯sastʰe kat emuː eːs ponɛːra o de tʰeos ebuːleu̯sato peri emuː eːs aɡatʰa opɔːs an ɡenɛːtʰɛː ɔːs sɛːmeron ina diatrapʰɛː laos polys	UMES EBULEUSASTE KAT EMU ES PONERA O DE TEOS EBULEUSATO PERI EMU ES AGATA OPOS AN GENETE OS SEMERON INA DIATRAPE LAOS POLUS	ud_ancient_greek_ptnk	4th-5th c. CE (Codex Alexandrinus)	religious	translit_map
ud_ancient_greek_ptnk_Septuagint-Genesis-50:21-grc	καὶ εἶπεν αὐτοῖς, Μὴ φοβεῖσθε· ἐγὼ διαθρέψω ὑμᾶς καὶ τὰς οἰκίας ὑμῶν. καὶ παρεκάλεσεν αὐτοὺς καὶ ἐλάλησεν αὐτῶν εἰς τὴν καρδίαν.	kai̯ eːpen au̯toi̯s mɛː pʰobeːstʰe eɡɔː diatʰrepsɔː ymas kai̯ tas oi̯kias ymɔːn kai̯ parekalesen au̯tuːs kai̯ elalɛːsen au̯tɔːn eːs tɛːn kardian	KAI EPEN AUTOIS ME POBESTE EGO DIATREPSO UMAS KAI TAS OIKIAS UMON KAI PAREKALESEN AUTUS KAI ELALESEN AUTON ES TEN KARDIAN	ud_ancient_greek_ptnk	4th-5th c. CE (Codex Alexandrinus)	religious	translit_map
ud_ancient_greek_ptnk_Septuagint-Genesis-50:22-grc	Καὶ κατῴκησεν Ἰωσὴφ ἐν Αἰγύπτῳ, αὐτὸς καὶ οἱ ἀδελφοὶ αὐτοῦ καὶ πᾶσα ἡ πανοικία τοῦ πατρὸς αὐτοῦ. καὶ ἔζησεν Ἰωσὴφ ἔτη ἑκατὸν δέκα.	kai̯ katɔːkɛːsen iɔːsɛːpʰ en ai̯ɡyptɔː au̯tos kai̯ oi̯ adelpʰoi̯ au̯tuː kai̯ pasa ɛː panoi̯kia tuː patros au̯tuː kai̯ ezdɛːsen iɔːsɛːpʰ etɛː ekaton deka	KAI KATOKESEN IOSEP EN AIGUPTO AUTOS KAI OI ADELPOI AUTU KAI PASA E PANOIKIA TU PATROS AUTU KAI ESDESEN IOSEP ETE EKATON DEKA	ud_ancient_greek_ptnk	4th-5th c. CE (Codex Alexandrinus)	religious	translit_map
ud_ancient_greek_ptnk_Septuagint-Genesis-50:23-grc	καὶ εἶδεν Ἰωσὴφ Ἐφραὶμ παιδία ἕως τρίτης γενεᾶς, καὶ υἱοὶ Μαχὶρ τοῦ υἱοῦ Μανασσῆ ἐτέχθησαν ἐπὶ μηρῶν Ἰωσήφ.	kai̯ eːden iɔːsɛːpʰ epʰrai̯m pai̯dia eɔːs tritɛːs ɡeneas kai̯ yi̯oi̯ makʰir tuː yi̯uː manassɛː etekʰtʰɛːsan epi mɛːrɔːn iɔːsɛːpʰ	KAI EDEN IOSEP EPRAIM PAIDIA EOS TRITES GENEAS KAI UIOI MAKIR TU UIU MANASSE ETEKTESAN EPI MERON IOSEP	ud_ancient_greek_ptnk	4th-5th c. CE (Codex Alexandrinus)	religious	translit_map
ud_ancient_greek_ptnk_Septuagint-Genesis-50:24-grc	καὶ εἶπεν Ἰωσὴφ τοῖς ἀδελφοῖς αὐτοῦ λέγων, Ἐγὼ ἀποθνῄσκω· ἐπισκοπῇ δὲ ἐπισκέψεται ὑμᾶς ὁ θεὸς καὶ ἀνάξει ὑμᾶς ἐκ τῆς γῆς ταύτης εἰς τὴν γῆν, ἣν ὤμοσεν ὁ θεὸς τοῖς πατράσιν ἡμῶν Ἁβραὰμ καὶ Ἰσαὰκ καὶ Ἰακώβ.	kai̯ eːpen iɔːsɛːpʰ toi̯s adelpʰoi̯s au̯tuː leɡɔːn eɡɔː apotʰnɛːskɔː episkopɛː de episkepsetai̯ ymas o tʰeos kai̯ anakseː ymas ek tɛːs ɡɛːs tau̯tɛːs eːs tɛːn ɡɛːn ɛːn ɔːmosen o tʰeos toi̯s patrasin ɛːmɔːn abraam kai̯ isaak kai̯ iakɔːb	KAI EPEN IOSEP TOIS ADELPOIS AUTU LEGON EGO APOTNESKO EPISKOPE DE EPISKEPSETAI UMAS O TEOS KAI ANAKSE UMAS EK TES GES TAUTES ES TEN GEN EN OMOSEN O TEOS TOIS PATRASIN EMON ABRAAM KAI ISAAK KAI IAKOB	ud_ancient_greek_ptnk	4th-5th c. CE (Codex Alexandrinus)	religious	translit_map
ud_ancient_greek_ptnk_Septuagint-Genesis-50:25-grc	καὶ ὥρκισεν Ἰωσὴφ τοὺς υἱοὺς Ἰσραὴλ λέγων, Ἐν τῇ ἐπισκοπῇ, ᾗ ἐπισκέψεται ὑμᾶς ὁ θεός, καὶ συνανοίσετε τὰ ὀστᾶ μου ἐντεῦθεν μεθ᾿ ὑμῶν.	kai̯ ɔːrkisen iɔːsɛːpʰ tuːs yi̯uːs israɛːl leɡɔːn en tɛː episkopɛː ɛː episkepsetai̯ ymas o tʰeos kai̯ synanoi̯sete ta osta muː enteu̯tʰen metʰ ymɔːn	KAI ORKISEN IOSEP TUS UIUS ISRAEL LEGON EN TE EPISKOPE E EPISKEPSETAI UMAS O TEOS KAI SUNANOISETE TA OSTA MU ENTEUTEN MET UMON	ud_ancient_greek_ptnk	4th-5th c. CE (Codex Alexandrinus)	religious	translit_map
ud_ancient_greek_ptnk_Septuagint-Genesis-50:26-grc	καὶ ἐτελεύτησεν Ἰωσὴφ ἐτῶν ἑκατὸν δέκα· καὶ ἔθαψαν αὐτὸν καὶ ἔθηκαν ἐν τῇ σορῷ ἐν Αἰγύπτῳ.	kai̯ eteleu̯tɛːsen iɔːsɛːpʰ etɔːn ekaton deka kai̯ etʰapsan au̯ton kai̯ etʰɛːkan en tɛː sorɔː en ai̯ɡyptɔː	KAI ETELEUTESEN IOSEP ETON EKATON DEKA KAI ETAPSAN AUTON KAI ETEKAN EN TE SORO EN AIGUPTO	ud_ancient_greek_ptnk	4th-5th c. CE (Codex Alexandrinus)	religious	translit_map
ud_ancient_greek_ptnk_Septuagint-Ruth-1:1-grc	Καὶ ἐγένετο ἐν τῷ κρίνειν τοὺς κριτὰς καὶ ἐγένετο λιμὸς ἐν τῇ γῇ, καὶ ἐπορεύθη ἀνὴρ ἀπὸ Βαιθλεὲμ τῆς Ἰούδα τοῦ παροικῆσαι ἐν ἀγρῷ Μωάβ, αὐτὸς καὶ ἡ γυνὴ αὐτοῦ καὶ οἱ υἱοὶ αὐτοῦ.	kai̯ eɡeneto en tɔː krineːn tuːs kritas kai̯ eɡeneto limos en tɛː ɡɛː kai̯ eporeu̯tʰɛː anɛːr apo bai̯tʰleem tɛːs iuːda tuː paroi̯kɛːsai̯ en aɡrɔː mɔːab au̯tos kai̯ ɛː ɡynɛː au̯tuː kai̯ oi̯ yi̯oi̯ au̯tuː	KAI EGENETO EN TO KRINEN TUS KRITAS KAI EGENETO LIMOS EN TE GE KAI EPOREUTE ANER APO BAITLEEM TES IUDA TU PAROIKESAI EN AGRO MOAB AUTOS KAI E GUNE AUTU KAI OI UIOI AUTU	ud_ancient_greek_ptnk	4th-5th c. CE (Codex Alexandrinus)	religious	translit_map
ud_ancient_greek_ptnk_Septuagint-Ruth-1:2-grc	καὶ ὄνομα τῷ ἀνδρὶ Ἀβιμέλεχ, καὶ ὄνομα τῇ γυναικὶ αὐτοῦ Νωεμίν, καὶ ὄνομα τοῖς δυσὶν υἱοῖς αὐτοῦ Μααλὼν καὶ Χελαιών, Ἐφραθαῖοι ἐκ Βαιθλεὲμ τῆς Ἰούδα· καὶ ἤλθοσαν εἰς ἀγρὸν Μωὰβ καὶ ἦσαν ἐκεῖ.	kai̯ onoma tɔː andri abimelekʰ kai̯ onoma tɛː ɡynai̯ki au̯tuː nɔːemin kai̯ onoma toi̯s dysin yi̯oi̯s au̯tuː maalɔːn kai̯ kʰelai̯ɔːn epʰratʰai̯oi̯ ek bai̯tʰleem tɛːs iuːda kai̯ ɛːltʰosan eːs aɡron mɔːab kai̯ ɛːsan ekeː	KAI ONOMA TO ANDRI ABIMELEK KAI ONOMA TE GUNAIKI AUTU NOEMIN KAI ONOMA TOIS DUSIN UIOIS AUTU MAALON KAI KELAION EPRATAIOI EK BAITLEEM TES IUDA KAI ELTOSAN ES AGRON MOAB KAI ESAN EKE	ud_ancient_greek_ptnk	4th-5th c. CE (Codex Alexandrinus)	religious	translit_map
ud_ancient_greek_ptnk_Septuagint-Ruth-1:3-grc	Καὶ ἀπέθανεν Ἀβιμέλεχ ὁ ἀνὴρ τῆς Νωεμίν, καὶ κατελείφθη αὐτὴ καὶ οἱ δύο υἱοὶ αὐτῆς.	kai̯ apetʰanen abimelekʰ o anɛːr tɛːs nɔːemin kai̯ kateleːpʰtʰɛː au̯tɛː kai̯ oi̯ dyo yi̯oi̯ au̯tɛːs	KAI APETANEN ABIMELEK O ANER TES NOEMIN KAI KATELEPTE AUTE KAI OI DUO UIOI AUTES	ud_ancient_greek_ptnk	4th-5th c. CE (Codex Alexandrinus)	religious	translit_map
ud_ancient_greek_ptnk_Septuagint-Ruth-1:4-grc	καὶ ἐλάβοσαν ἑαυτοῖς γυναῖκας Μωαβίτιδας, ὄνομα τῇ μιᾷ Ὀρφά, καὶ ὄνομα τῇ δευτέρᾳ Ῥούθ· καὶ κατῴκησαν ἐκεῖ ὡς δέκα ἔτη.	kai̯ elabosan eau̯toi̯s ɡynai̯kas mɔːabitidas onoma tɛː mia orpʰa kai̯ onoma tɛː deu̯tera ruːtʰ kai̯ katɔːkɛːsan ekeː ɔːs deka etɛː	KAI ELABOSAN EAUTOIS GUNAIKAS MOABITIDAS ONOMA TE MIA ORPA KAI ONOMA TE DEUTERA RUT KAI KATOKESAN EKE OS DEKA ETE	ud_ancient_greek_ptnk	4th-5th c. CE (Codex Alexandrinus)	religious	translit_map
ud_ancient_greek_ptnk_Septuagint-Ruth-1:5-grc	καὶ ἀπέθανον καὶ γε ἀμφότεροι, Μααλὼν καὶ Χελαιών, καὶ κατελείφθη ἡ γυνὴ ἀπὸ τοῦ ἀνδρὸς αὐτῆς καὶ ἀπὸ τῶν δύο υἱῶν αὐτῆς.	kai̯ apetʰanon kai̯ ɡe ampʰoteroi̯ maalɔːn kai̯ kʰelai̯ɔːn kai̯ kateleːpʰtʰɛː ɛː ɡynɛː apo tuː andros au̯tɛːs kai̯ apo tɔːn dyo yi̯ɔːn au̯tɛːs	KAI APETANON KAI GE AMPOTEROI MAALON KAI KELAION KAI KATELEPTE E GUNE APO TU ANDROS AUTES KAI APO TON DUO UION AUTES	ud_ancient_greek_ptnk	4th-5th c. CE (Codex Alexandrinus)	religious	translit_map
ud_ancient_greek_ptnk_Septuagint-Ruth-1:6-grc	Καὶ ἀνέστη αὐτὴ καὶ αἱ δύο νύμφαι αὐτῆς καὶ ἀπέστρεψαν ἐξ ἀγροῦ Μωάβ, ὅτι ἤκουσαν ἐν ἀγρῷ Μωὰβ ὅτι ἐπέσκεπται κύριος τὸν λαὸν αὐτοῦ δοῦναι αὐτοῖς ἄρτους.	kai̯ anestɛː au̯tɛː kai̯ ai̯ dyo nympʰai̯ au̯tɛːs kai̯ apestrepsan eks aɡruː mɔːab oti ɛːkuːsan en aɡrɔː mɔːab oti epeskeptai̯ kyrios ton laon au̯tuː duːnai̯ au̯toi̯s artuːs	KAI ANESTE AUTE KAI AI DUO NUMPAI AUTES KAI APESTREPSAN EKS AGRU MOAB OTI EKUSAN EN AGRO MOAB OTI EPESKEPTAI KURIOS TON LAON AUTU DUNAI AUTOIS ARTUS	ud_ancient_greek_ptnk	4th-5th c. CE (Codex Alexandrinus)	religious	translit_map
ud_ancient_greek_ptnk_Septuagint-Ruth-1:7-grc	καὶ ἐξῆλθεν ἐκ τοῦ τόπου, οὗ ἦν ἐκεῖ, καὶ αἱ δύο νύμφαι αὐτῆς μετ᾿ αὐτῆς· καὶ ἐπορεύοντο ἐν τῇ ὁδῷ τοῦ ἐπιστρέψαι εἰς τὴν γῆν Ἰούδα.	kai̯ eksɛːltʰen ek tuː topuː uː ɛːn ekeː kai̯ ai̯ dyo nympʰai̯ au̯tɛːs met au̯tɛːs kai̯ eporeu̯onto en tɛː odɔː tuː epistrepsai̯ eːs tɛːn ɡɛːn iuːda	KAI EKSELTEN EK TU TOPU U EN EKE KAI AI DUO NUMPAI AUTES MET AUTES KAI EPOREUONTO EN TE ODO TU EPISTREPSAI ES TEN GEN IUDA	ud_ancient_greek_ptnk	4th-5th c. CE (Codex Alexandrinus)	religious	translit_map
ud_ancient_greek_ptnk_Septuagint-Ruth-1:8-grc	Καὶ εἶπεν Νωεμὶν ταῖς νύμφαις αὐτῆς, πορεύεσθε δὴ ἀποστράφητε ἑκάστη εἰς οἶκον μητρὸς αὐτῆς· ποιήσαι κύριος μεθ᾿ ὑμῶν ἔλεος καθὼς ἐποιήσατε μετὰ τῶν τεθνηκότων καὶ μετ᾿ ἐμοῦ·	kai̯ eːpen nɔːemin tai̯s nympʰai̯s au̯tɛːs poreu̯estʰe dɛː apostrapʰɛːte ekastɛː eːs oi̯kon mɛːtros au̯tɛːs poi̯ɛːsai̯ kyrios metʰ ymɔːn eleos katʰɔːs epoi̯ɛːsate meta tɔːn tetʰnɛːkotɔːn kai̯ met emuː	KAI EPEN NOEMIN TAIS NUMPAIS AUTES POREUESTE DE APOSTRAPETE EKASTE ES OIKON METROS AUTES POIESAI KURIOS MET UMON ELEOS KATOS EPOIESATE META TON TETNEKOTON KAI MET EMU	ud_ancient_greek_ptnk	4th-5th c. CE (Codex Alexandrinus)	religious	translit_map
ud_ancient_greek_ptnk_Septuagint-Ruth-1:9-grc	δῴη κύριος ὑμῖν καὶ εὕροιτε ἀνάπαυσιν ἑκάστη ἐν οἴκῳ ἀνδρὸς αὐτῆς. καὶ κατεφίλησεν αὐτάς, καὶ ἐπῆραν τὴν φωνὴν αὐτῶν καὶ ἔκλαυσαν.	dɔːɛː kyrios ymin kai̯ eu̯roi̯te anapau̯sin ekastɛː en oi̯kɔː andros au̯tɛːs kai̯ katepʰilɛːsen au̯tas kai̯ epɛːran tɛːn pʰɔːnɛːn au̯tɔːn kai̯ eklau̯san	DOE KURIOS UMIN KAI EUROITE ANAPAUSIN EKASTE EN OIKO ANDROS AUTES KAI KATEPILESEN AUTAS KAI EPERAN TEN PONEN AUTON KAI EKLAUSAN	ud_ancient_greek_ptnk	4th-5th c. CE (Codex Alexandrinus)	religious	translit_map
ud_ancient_greek_ptnk_Septuagint-Ruth-1:10-grc	καὶ εἶπαν αὐτῇ, μετὰ σου ἐπιστρέφομεν εἰς τὸν λαόν σου.	kai̯ eːpan au̯tɛː meta suː epistrepʰomen eːs ton laon suː	KAI EPAN AUTE META SU EPISTREPOMEN ES TON LAON SU	ud_ancient_greek_ptnk	4th-5th c. CE (Codex Alexandrinus)	religious	translit_map
ud_ancient_greek_ptnk_Septuagint-Ruth-1:11-grc	Καὶ εἶπεν Νωεμὶν ἐπιστράφητε δή, θυγατέρες μου· καὶ ἵνα τί πορεύεσθε μετ᾿ ἐμοῦ; μὴ ἔτι μοι υἱοὶ ἐν τῇ κοιλίᾳ μου καὶ ἔσονται ὑμῖν εἰς ἄνδρας;	kai̯ eːpen nɔːemin epistrapʰɛːte dɛː tʰyɡateres muː kai̯ ina ti poreu̯estʰe met emuː mɛː eti moi̯ yi̯oi̯ en tɛː koi̯lia muː kai̯ esontai̯ ymin eːs andras	KAI EPEN NOEMIN EPISTRAPETE DE TUGATERES MU KAI INA TI POREUESTE MET EMU ME ETI MOI UIOI EN TE KOILIA MU KAI ESONTAI UMIN ES ANDRAS	ud_ancient_greek_ptnk	4th-5th c. CE (Codex Alexandrinus)	religious	translit_map
ud_ancient_greek_ptnk_Septuagint-Ruth-1:12-grc	ἐπιστράφητε δή, θυγατέρες μου, διότι γεγήρακα τοῦ μὴ εἶναι ἀνδρί· ὅτι εἶπα ὅτι ἔστιν μοι ὑπόστασις τοῦ γενηθῆναί με ἀνδρὶ καὶ τέξομαι υἱούς,	epistrapʰɛːte dɛː tʰyɡateres muː dioti ɡeɡɛːraka tuː mɛː eːnai̯ andri oti eːpa oti estin moi̯ ypostasis tuː ɡenɛːtʰɛːnai̯ me andri kai̯ teksomai̯ yi̯uːs	EPISTRAPETE DE TUGATERES MU DIOTI GEGERAKA TU ME ENAI ANDRI OTI EPA OTI ESTIN MOI UPOSTASIS TU GENETENAI ME ANDRI KAI TEKSOMAI UIUS	ud_ancient_greek_ptnk	4th-5th c. CE (Codex Alexandrinus)	religious	translit_map
ud_ancient_greek_ptnk_Septuagint-Ruth-1:13-grc	μὴ αὐτοὺς προσδέξεσθε ἕως οὗ ἁδρυνθῶσιν; ἢ αὐτοῖς κατασχεθήσεσθε τοῦ μὴ γενέσθαι ἀνδρί; μὴ δή, θυγατέρες μου, ὅτι ἐπικράνθη μοι ὑπὲρ ὑμᾶς ὅτι ἐξῆλθεν ἐν ἐμοὶ χεὶρ κυρίου.	mɛː au̯tuːs prosdeksestʰe eɔːs uː adryntʰɔːsin ɛː au̯toi̯s kataskʰetʰɛːsestʰe tuː mɛː ɡenestʰai̯ andri mɛː dɛː tʰyɡateres muː oti epikrantʰɛː moi̯ yper ymas oti eksɛːltʰen en emoi̯ kʰeːr kyriuː	ME AUTUS PROSDEKSESTE EOS U ADRUNTOSIN E AUTOIS KATASKETESESTE TU ME GENESTAI ANDRI ME DE TUGATERES MU OTI EPIKRANTE MOI UPER UMAS OTI EKSELTEN EN EMOI KER KURIU	ud_ancient_greek_ptnk	4th-5th c. CE (Codex Alexandrinus)	religious	translit_map
ud_ancient_greek_ptnk_Septuagint-Ruth-1:14-grc	Καὶ ἐπῆραν τὴν φωνὴν αὐτῶν καὶ ἔκλαυσαν ἔτι· καὶ κατεφίλησεν Ὀρφὰ τὴν πενθερὰν αὐτῆς καὶ ἐπέστρεψεν εἰς τὸν λαὸν αὐτῆς, Ῥοὺθ δὲ ἠκολούθησεν αὐτῇ.	kai̯ epɛːran tɛːn pʰɔːnɛːn au̯tɔːn kai̯ eklau̯san eti kai̯ katepʰilɛːsen orpʰa tɛːn pentʰeran au̯tɛːs kai̯ epestrepsen eːs ton laon au̯tɛːs ruːtʰ de ɛːkoluːtʰɛːsen au̯tɛː	KAI EPERAN TEN PONEN AUTON KAI EKLAUSAN ETI KAI KATEPILESEN ORPA TEN PENTERAN AUTES KAI EPESTREPSEN ES TON LAON AUTES RUT DE EKOLUTESEN AUTE	ud_ancient_greek_ptnk	4th-5th c. CE (Codex Alexandrinus)	religious	translit_map
ud_ancient_greek_ptnk_Septuagint-Ruth-1:15-grc	Καὶ εἶπεν Νωεμὶν πρὸς Ῥούθ, ἰδοὺ ἀνέστρεψεν ἡ σύννυμφός σου πρὸς λαὸν αὐτῆς καὶ πρὸς τοὺς θεοὺς αὐτῆς· ἐπιστράφητι δὴ καὶ σὺ ὀπίσω τῆς συννύμφου σου.	kai̯ eːpen nɔːemin pros ruːtʰ iduː anestrepsen ɛː synnympʰos suː pros laon au̯tɛːs kai̯ pros tuːs tʰeuːs au̯tɛːs epistrapʰɛːti dɛː kai̯ sy opisɔː tɛːs synnympʰuː suː	KAI EPEN NOEMIN PROS RUT IDU ANESTREPSEN E SUNNUMPOS SU PROS LAON AUTES KAI PROS TUS TEUS AUTES EPISTRAPETI DE KAI SU OPISO TES SUNNUMPU SU	ud_ancient_greek_ptnk	4th-5th c. CE (Codex Alexandrinus)	religious	translit_map
ud_ancient_greek_ptnk_Septuagint-Ruth-1:16-grc	εἶπεν δὲ Ῥούθ, μὴ ἀπαντήσαι ἐμοὶ τοῦ καταλιπεῖν σὲ ἢ ἀποστρέψαι ὄπισθέν σου· ὅτι σὺ ὅπου ἐὰν πορευθῇς, πορεύσομαι, καὶ οὗ ἐὰν αὐλισθῇς, αὐλισθήσομαι· ὁ λαός σου, λαός μου καὶ ὁ θεός σου θεός μου·	eːpen de ruːtʰ mɛː apantɛːsai̯ emoi̯ tuː katalipeːn se ɛː apostrepsai̯ opistʰen suː oti sy opuː ean poreu̯tʰɛːs poreu̯somai̯ kai̯ uː ean au̯listʰɛːs au̯listʰɛːsomai̯ o laos suː laos muː kai̯ o tʰeos suː tʰeos muː	EPEN DE RUT ME APANTESAI EMOI TU KATALIPEN SE E APOSTREPSAI OPISTEN SU OTI SU OPU EAN POREUTES POREUSOMAI KAI U EAN AULISTES AULISTESOMAI O LAOS SU LAOS MU KAI O TEOS SU TEOS MU	ud_ancient_greek_ptnk	4th-5th c. CE (Codex Alexandrinus)	religious	translit_map
ud_ancient_greek_ptnk_Septuagint-Ruth-1:17-grc	καὶ οὗ ἐὰν ἀποθάνῃς, ἀποθανοῦμαι κἀκεῖ ταφήσομαι· τάδε ποιήσαι μοι κύριος καὶ τάδε προσθείη, ὅτι θάνατος διαστελεῖ ἀνὰ μέσον ἐμοῦ καὶ σου.	kai̯ uː ean apotʰanɛːs apotʰanuːmai̯ kakeː tapʰɛːsomai̯ tade poi̯ɛːsai̯ moi̯ kyrios kai̯ tade prostʰeːɛː oti tʰanatos diasteleː ana meson emuː kai̯ suː	KAI U EAN APOTANES APOTANUMAI KAKE TAPESOMAI TADE POIESAI MOI KURIOS KAI TADE PROSTEE OTI TANATOS DIASTELE ANA MESON EMU KAI SU	ud_ancient_greek_ptnk	4th-5th c. CE (Codex Alexandrinus)	religious	translit_map
ud_ancient_greek_ptnk_Septuagint-Ruth-1:18-grc	ἰδοῦσα δὲ Νωεμὶν ὅτι κραταιοῦται αὐτὴ τοῦ πορεύεσθαι μετ᾿ αὐτῆς, ἐκόπασεν τοῦ λαλῆσαι πρὸς αὐτὴν ἔτι.	iduːsa de nɔːemin oti kratai̯uːtai̯ au̯tɛː tuː poreu̯estʰai̯ met au̯tɛːs ekopasen tuː lalɛːsai̯ pros au̯tɛːn eti	IDUSA DE NOEMIN OTI KRATAIUTAI AUTE TU POREUESTAI MET AUTES EKOPASEN TU LALESAI PROS AUTEN ETI	ud_ancient_greek_ptnk	4th-5th c. CE (Codex Alexandrinus)	religious	translit_map
ud_ancient_greek_ptnk_Septuagint-Ruth-1:19-grc	Ἐπορεύθησαν δὲ ἀμφότεραι ἕως τοῦ παραγενέσθαι αὐτὰς εἰς Βαιθλεέμ. καὶ ἤχησεν πᾶσα ἡ πόλις ἐπ᾿ αὐταῖς καὶ εἶπον, αὕτη ἐστὶν Νωεμίν;	eporeu̯tʰɛːsan de ampʰoterai̯ eɔːs tuː paraɡenestʰai̯ au̯tas eːs bai̯tʰleem kai̯ ɛːkʰɛːsen pasa ɛː polis ep au̯tai̯s kai̯ eːpon au̯tɛː estin nɔːemin	EPOREUTESAN DE AMPOTERAI EOS TU PARAGENESTAI AUTAS ES BAITLEEM KAI EKESEN PASA E POLIS EP AUTAIS KAI EPON AUTE ESTIN NOEMIN	ud_ancient_greek_ptnk	4th-5th c. CE (Codex Alexandrinus)	religious	translit_map
ud_ancient_greek_ptnk_Septuagint-Ruth-1:20-grc	καὶ εἶπεν πρὸς αὐτάς, μὴ δὴ καλεῖτέ με Νωεμίν, καλέσατέ με Πικράν, ὅτι ἐπικράνθη ἐν ἐμοὶ ὁ ἱκανὸς σφόδρα·	kai̯ eːpen pros au̯tas mɛː dɛː kaleːte me nɔːemin kalesate me pikran oti epikrantʰɛː en emoi̯ o ikanos spʰodra	KAI EPEN PROS AUTAS ME DE KALETE ME NOEMIN KALESATE ME PIKRAN OTI EPIKRANTE EN EMOI O IKANOS SPODRA	ud_ancient_greek_ptnk	4th-5th c. CE (Codex Alexandrinus)	religious	translit_map
ud_ancient_greek_ptnk_Septuagint-Ruth-1:21-grc	ἐγὼ πλήρης ἐπορεύθην, καὶ κενὴν ἀπέστρεψέν με ὁ κύριος· καὶ ἵνα τί καλεῖτέ με Νωεμίν; καὶ κύριος ἐταπείνωσέν με, καὶ ὁ ἱκανὸς ἐκάκωσέν με.	eɡɔː plɛːrɛːs eporeu̯tʰɛːn kai̯ kenɛːn apestrepsen me o kyrios kai̯ ina ti kaleːte me nɔːemin kai̯ kyrios etapeːnɔːsen me kai̯ o ikanos ekakɔːsen me	EGO PLERES EPOREUTEN KAI KENEN APESTREPSEN ME O KURIOS KAI INA TI KALETE ME NOEMIN KAI KURIOS ETAPENOSEN ME KAI O IKANOS EKAKOSEN ME	ud_ancient_greek_ptnk	4th-5th c. CE (Codex Alexandrinus)	religious	translit_map
ud_ancient_greek_ptnk_Septuagint-Ruth-1:22-grc	Καὶ ἐπέστρεψεν Νωεμὶν καὶ Ῥοὺθ ἡ Μωαβῖτις ἡ νύμφη αὐτῆς ἐπιστρέφουσα ἐξ ἀγροῦ Μωάβ· αὐταὶ δὲ παρεγενήθησαν εἰς Βαιθλεὲμ ἐν ἀρχῇ θερισμοῦ κριθῶν.	kai̯ epestrepsen nɔːemin kai̯ ruːtʰ ɛː mɔːabitis ɛː nympʰɛː au̯tɛːs epistrepʰuːsa eks aɡruː mɔːab au̯tai̯ de pareɡenɛːtʰɛːsan eːs bai̯tʰleem en arkʰɛː tʰerismuː kritʰɔːn	KAI EPESTREPSEN NOEMIN KAI RUT E MOABITIS E NUMPE AUTES EPISTREPUSA EKS AGRU MOAB AUTAI DE PAREGENETESAN ES BAITLEEM EN ARKE TERISMU KRITON	ud_ancient_greek_ptnk	4th-5th c. CE (Codex Alexandrinus)	religious	translit_map
ud_ancient_greek_ptnk_Septuagint-Ruth-2:1-grc	Καὶ τῇ Νωεμὶν ἀνὴρ γνώριμος τῷ ἀνδρὶ αὐτῆς· ὁ δὲ ἀνὴρ δυνατὸς ἰσχύϊ ἐκ τῆς συγγενείας Ἀβιμέλεχ, καὶ ὄνομα αὐτῷ Βοόζ.	kai̯ tɛː nɔːemin anɛːr ɡnɔːrimos tɔː andri au̯tɛːs o de anɛːr dynatos iskʰyi̯ ek tɛːs syŋɡeneːas abimelekʰ kai̯ onoma au̯tɔː boozd	KAI TE NOEMIN ANER GNORIMOS TO ANDRI AUTES O DE ANER DUNATOS ISKUI EK TES SUNGENEAS ABIMELEK KAI ONOMA AUTO BOOSD	ud_ancient_greek_ptnk	4th-5th c. CE (Codex Alexandrinus)	religious	translit_map
ud_ancient_greek_ptnk_Septuagint-Ruth-2:2-grc	καὶ εἶπεν Ῥοὺθ ἡ Μωαβῖτις πρὸς Νωεμίν, πορευθῶ δὴ εἰς ἀγρὸν καὶ συνάξω ἐν τοῖς στάχυσιν κατόπισθεν οὗ ἐὰν εὕρω χάριν ἐν ὀφθαλμοῖς αὐτοῦ. εἶπεν δὲ αὐτῇ, πορεύου θύγατερ.	kai̯ eːpen ruːtʰ ɛː mɔːabitis pros nɔːemin poreu̯tʰɔː dɛː eːs aɡron kai̯ synaksɔː en toi̯s stakʰysin katopistʰen uː ean eu̯rɔː kʰarin en opʰtʰalmoi̯s au̯tuː eːpen de au̯tɛː poreu̯uː tʰyɡater	KAI EPEN RUT E MOABITIS PROS NOEMIN POREUTO DE ES AGRON KAI SUNAKSO EN TOIS STAKUSIN KATOPISTEN U EAN EURO KARIN EN OPTALMOIS AUTU EPEN DE AUTE POREUU TUGATER	ud_ancient_greek_ptnk	4th-5th c. CE (Codex Alexandrinus)	religious	translit_map
ud_ancient_greek_ptnk_Septuagint-Ruth-2:3-grc	καὶ ἐπορεύθη καὶ συνέλεξεν ἐν τῷ ἀγρῷ κατόπισθεν τῶν θεριζόντων· καὶ περιέπεσεν περιπτώματι τῇ μερίδι τοῦ ἀγροῦ Βοὸζ τοῦ ἐκ συγγενείας Ἀβιμέλεχ.	kai̯ eporeu̯tʰɛː kai̯ syneleksen en tɔː aɡrɔː katopistʰen tɔːn tʰerizdontɔːn kai̯ periepesen periptɔːmati tɛː meridi tuː aɡruː boozd tuː ek syŋɡeneːas abimelekʰ	KAI EPOREUTE KAI SUNELEKSEN EN TO AGRO KATOPISTEN TON TERISDONTON KAI PERIEPESEN PERIPTOMATI TE MERIDI TU AGRU BOOSD TU EK SUNGENEAS ABIMELEK	ud_ancient_greek_ptnk	4th-5th c. CE (Codex Alexandrinus)	religious	translit_map
ud_ancient_greek_ptnk_Septuagint-Ruth-2:4-grc	Καὶ ἰδοὺ Βοὸζ ἦλθεν ἐκ Βαιθλεὲμ καὶ εἶπεν τοῖς θερίζουσιν κύριος μεθ᾿ ὑμῶν· καὶ εἶπον αὐτῷ, εὐλογήσαι σὲ κύριος.	kai̯ iduː boozd ɛːltʰen ek bai̯tʰleem kai̯ eːpen toi̯s tʰerizduːsin kyrios metʰ ymɔːn kai̯ eːpon au̯tɔː eu̯loɡɛːsai̯ se kyrios	KAI IDU BOOSD ELTEN EK BAITLEEM KAI EPEN TOIS TERISDUSIN KURIOS MET UMON KAI EPON AUTO EULOGESAI SE KURIOS	ud_ancient_greek_ptnk	4th-5th c. CE (Codex Alexandrinus)	religious	translit_map
ud_ancient_greek_ptnk_Septuagint-Ruth-2:5-grc	καὶ εἶπεν Βοὸζ τῷ παιδαρίῳ αὐτοῦ τῷ ἐφεστῶτι ἐπὶ τοὺς θερίζοντας, τίνος ἡ νεᾶνις αὕτη;	kai̯ eːpen boozd tɔː pai̯dariɔː au̯tuː tɔː epʰestɔːti epi tuːs tʰerizdontas tinos ɛː neanis au̯tɛː	KAI EPEN BOOSD TO PAIDARIO AUTU TO EPESTOTI EPI TUS TERISDONTAS TINOS E NEANIS AUTE	ud_ancient_greek_ptnk	4th-5th c. CE (Codex Alexandrinus)	religious	translit_map
ud_ancient_greek_ptnk_Septuagint-Ruth-2:6-grc	καὶ ἀπεκρίθη τὸ παιδάριον τὸ ἐφεστὸς ἐπὶ τοὺς θερίζοντας καὶ εἶπεν, ἡ παῖς ἡ Μωαβῖτὶς ἐστιν ἡ ἀποστραφεῖσα μετὰ Νωεμὶν ἐξ ἀγροῦ Μωὰβ	kai̯ apekritʰɛː to pai̯darion to epʰestos epi tuːs tʰerizdontas kai̯ eːpen ɛː pai̯s ɛː mɔːabitis estin ɛː apostrapʰeːsa meta nɔːemin eks aɡruː mɔːab	KAI APEKRITE TO PAIDARION TO EPESTOS EPI TUS TERISDONTAS KAI EPEN E PAIS E MOABITIS ESTIN E APOSTRAPESA META NOEMIN EKS AGRU MOAB	ud_ancient_greek_ptnk	4th-5th c. CE (Codex Alexandrinus)	religious	translit_map
ud_ancient_greek_ptnk_Septuagint-Ruth-2:7-grc	καὶ εἶπεν, συλλέξω δὴ καὶ συνάξω ἐν τοῖς δράγμασιν ὄπισθεν τῶν θεριζόντων· καὶ ἦλθεν καὶ ἔστη ἀπὸ πρωίθεν καὶ ἕως ἑσπέρας, οὐ κατέπαυσεν ἐν τῷ ἀγρῷ μικρόν.	kai̯ eːpen sylleksɔː dɛː kai̯ synaksɔː en toi̯s draɡmasin opistʰen tɔːn tʰerizdontɔːn kai̯ ɛːltʰen kai̯ estɛː apo prɔːi̯tʰen kai̯ eɔːs esperas uː katepau̯sen en tɔː aɡrɔː mikron	KAI EPEN SULLEKSO DE KAI SUNAKSO EN TOIS DRAGMASIN OPISTEN TON TERISDONTON KAI ELTEN KAI ESTE APO PROITEN KAI EOS ESPERAS U KATEPAUSEN EN TO AGRO MIKRON	ud_ancient_greek_ptnk	4th-5th c. CE (Codex Alexandrinus)	religious	translit_map
ud_ancient_greek_ptnk_Septuagint-Ruth-2:8-grc	Καὶ εἶπεν Βοὸζ πρὸς Ῥούθ, οὐκ ἤκουσας, θύγατερ; μὴ πορευθῇς ἐν ἀγρῷ συλλέξαι ἑτέρῳ, καὶ σὺ οὐ πορεύσῃ ἐντεῦθεν· ὧδε κολλήθητι μετὰ τῶν κορασίων μου·	kai̯ eːpen boozd pros ruːtʰ uːk ɛːkuːsas tʰyɡater mɛː poreu̯tʰɛːs en aɡrɔː sylleksai̯ eterɔː kai̯ sy uː poreu̯sɛː enteu̯tʰen ɔːde kollɛːtʰɛːti meta tɔːn korasiɔːn muː	KAI EPEN BOOSD PROS RUT UK EKUSAS TUGATER ME POREUTES EN AGRO SULLEKSAI ETERO KAI SU U POREUSE ENTEUTEN ODE KOLLETETI META TON KORASION MU	ud_ancient_greek_ptnk	4th-5th c. CE (Codex Alexandrinus)	religious	translit_map
ud_ancient_greek_ptnk_Septuagint-Ruth-2:9-grc	οἱ ὀφθαλμοί σου εἰς τὸν ἀγρόν, οὗ ἐὰν θερίζωσιν, καὶ πορεύσῃ κατόπισθεν αὐτῶν· ἰδοὺ ἐνετειλάμην τοῖς παιδαρίοις τοῦ μὴ ἅψασθαί σου· καὶ ὅ τι διψήσεις, καὶ πορευθήσῃ εἰς τὰ σκεύη καὶ πίεσαι ὅθεν ἄν ὑδρεύωνται τὰ παιδάρια.	oi̯ opʰtʰalmoi̯ suː eːs ton aɡron uː ean tʰerizdɔːsin kai̯ poreu̯sɛː katopistʰen au̯tɔːn iduː eneteːlamɛːn toi̯s pai̯darioi̯s tuː mɛː apsastʰai̯ suː kai̯ o ti dipsɛːseːs kai̯ poreu̯tʰɛːsɛː eːs ta skeu̯ɛː kai̯ piesai̯ otʰen an ydreu̯ɔːntai̯ ta pai̯daria	OI OPTALMOI SU ES TON AGRON U EAN TERISDOSIN KAI POREUSE KATOPISTEN AUTON IDU ENETELAMEN TOIS PAIDARIOIS TU ME APSASTAI SU KAI O TI DIPSESES KAI POREUTESE ES TA SKEUE KAI PIESAI OTEN AN UDREUONTAI TA PAIDARIA	ud_ancient_greek_ptnk	4th-5th c. CE (Codex Alexandrinus)	religious	translit_map
ud_ancient_greek_ptnk_Septuagint-Ruth-2:10-grc	καὶ ἔπεσεν ἐπὶ πρόσωπον αὐτῆς καὶ προσεκύνησεν ἐπὶ τὴν γῆν καὶ εἶπεν πρὸς αὐτόν, τί ὅτι εὗρον χάριν ἐν ὀφθαλμοῖς σου τοῦ ἐπιγνῶναί με; καὶ ἐγώ εἰμι ξένη.	kai̯ epesen epi prosɔːpon au̯tɛːs kai̯ prosekynɛːsen epi tɛːn ɡɛːn kai̯ eːpen pros au̯ton ti oti eu̯ron kʰarin en opʰtʰalmoi̯s suː tuː epiɡnɔːnai̯ me kai̯ eɡɔː eːmi ksenɛː	KAI EPESEN EPI PROSOPON AUTES KAI PROSEKUNESEN EPI TEN GEN KAI EPEN PROS AUTON TI OTI EURON KARIN EN OPTALMOIS SU TU EPIGNONAI ME KAI EGO EMI KSENE	ud_ancient_greek_ptnk	4th-5th c. CE (Codex Alexandrinus)	religious	translit_map
ud_ancient_greek_ptnk_Septuagint-Ruth-2:11-grc	Καὶ ἀπεκρίθη Βοὸζ καὶ εἶπεν αὐτῇ, ἀπαγγελίᾳ ἀπηγγέλη μοι ὅσα πεποίηκας μετὰ τῆς πενθερᾶς σου μετὰ τὸ ἀποθανεῖν τὸν ἄνδρα σου καὶ πῶς κατέλιπες τὸν πατέρα σου καὶ τὴν μητέρα σου καὶ τὴν γῆν γενέσεώς σου καὶ ἐπορεύθης πρὸς λαὸν ὃν οὐκ ᾔδεις ἐχθὲς καὶ τρίτης·	kai̯ apekritʰɛː boozd kai̯ eːpen au̯tɛː apaŋɡelia apɛːŋɡelɛː moi̯ osa pepoi̯ɛːkas meta tɛːs pentʰeras suː meta to apotʰaneːn ton andra suː kai̯ pɔːs katelipes ton patera suː kai̯ tɛːn mɛːtera suː kai̯ tɛːn ɡɛːn ɡeneseɔːs suː kai̯ eporeu̯tʰɛːs pros laon on uːk ɛːdeːs ekʰtʰes kai̯ tritɛːs	KAI APEKRITE BOOSD KAI EPEN AUTE APANGELIA APENGELE MOI OSA PEPOIEKAS META TES PENTERAS SU META TO APOTANEN TON ANDRA SU KAI POS KATELIPES TON PATERA SU KAI TEN METERA SU KAI TEN GEN GENESEOS SU KAI EPOREUTES PROS LAON ON UK EDES EKTES KAI TRITES	ud_ancient_greek_ptnk	4th-5th c. CE (Codex Alexandrinus)	religious	translit_map
ud_ancient_greek_ptnk_Septuagint-Ruth-2:12-grc	ἀποτείσαι κύριος τὴν ἐργασίαν σου, καὶ γένοιτο ὁ μισθός σου πλήρης παρὰ κυρίου θεοῦ Ἰσραήλ, πρὸς ὃν ἦλθες πεποιθέναι ὑπὸ τὰς πτέρυγας αὐτοῦ.	apoteːsai̯ kyrios tɛːn erɡasian suː kai̯ ɡenoi̯to o mistʰos suː plɛːrɛːs para kyriuː tʰeuː israɛːl pros on ɛːltʰes pepoi̯tʰenai̯ ypo tas pteryɡas au̯tuː	APOTESAI KURIOS TEN ERGASIAN SU KAI GENOITO O MISTOS SU PLERES PARA KURIU TEU ISRAEL PROS ON ELTES PEPOITENAI UPO TAS PTERUGAS AUTU	ud_ancient_greek_ptnk	4th-5th c. CE (Codex Alexandrinus)	religious	translit_map
ud_ancient_greek_ptnk_Septuagint-Ruth-2:13-grc	ἡ δὲ εἶπεν, εὕροιμι χάριν ἐν ὀφθαλμοῖς σου, κύριε, ὅτι παρεκάλεσάς με καὶ ὅτι ἐλάλησας ἐπὶ καρδίαν τῆς δούλης σου, καὶ ἰδοὺ ἐγὼ ἔσομαι ὡς μία τῶν παιδισκῶν σου.	ɛː de eːpen eu̯roi̯mi kʰarin en opʰtʰalmoi̯s suː kyrie oti parekalesas me kai̯ oti elalɛːsas epi kardian tɛːs duːlɛːs suː kai̯ iduː eɡɔː esomai̯ ɔːs mia tɔːn pai̯diskɔːn suː	E DE EPEN EUROIMI KARIN EN OPTALMOIS SU KURIE OTI PAREKALESAS ME KAI OTI ELALESAS EPI KARDIAN TES DULES SU KAI IDU EGO ESOMAI OS MIA TON PAIDISKON SU	ud_ancient_greek_ptnk	4th-5th c. CE (Codex Alexandrinus)	religious	translit_map
ud_ancient_greek_ptnk_Septuagint-Ruth-2:14-grc	Καὶ εἶπεν αὐτῇ Βοόζ, ἤδη ὥρᾳ τοῦ φαγεῖν πρόσελθε ὧδε καὶ φάγεσαι τῶν ἄρτων καὶ βάψεις τὸν ψωμόν σου ἐν τῷ ὄξει. καὶ ἐκάθισεν Ῥοὺθ ἐκ πλαγίων τῶν θεριζόντων, καὶ ἐβούνισεν αὐτῇ Βοὸζ ἄλφιτον, καὶ ἔφαγεν καὶ ἐνεπλήσθη καὶ κατέλιπεν.	kai̯ eːpen au̯tɛː boozd ɛːdɛː ɔːra tuː pʰaɡeːn proseltʰe ɔːde kai̯ pʰaɡesai̯ tɔːn artɔːn kai̯ bapseːs ton psɔːmon suː en tɔː okseː kai̯ ekatʰisen ruːtʰ ek plaɡiɔːn tɔːn tʰerizdontɔːn kai̯ ebuːnisen au̯tɛː boozd alpʰiton kai̯ epʰaɡen kai̯ eneplɛːstʰɛː kai̯ katelipen	KAI EPEN AUTE BOOSD EDE ORA TU PAGEN PROSELTE ODE KAI PAGESAI TON ARTON KAI BAPSES TON PSOMON SU EN TO OKSE KAI EKATISEN RUT EK PLAGION TON TERISDONTON KAI EBUNISEN AUTE BOOSD ALPITON KAI EPAGEN KAI ENEPLESTE KAI KATELIPEN	ud_ancient_greek_ptnk	4th-5th c. CE (Codex Alexandrinus)	religious	translit_map
ud_ancient_greek_ptnk_Septuagint-Ruth-2:15-grc	Καὶ ἀνέστη τοῦ συλλέγειν, καὶ ἐνετείλατο Βοὸζ τοῖς παιδαρίοις αὐτοῦ λέγων, καὶ γε ἀνὰ μέσον τῶν δραγμάτων συλλεγέτω, καὶ μὴ καταισχύνητε αὐτήν·	kai̯ anestɛː tuː sylleɡeːn kai̯ eneteːlato boozd toi̯s pai̯darioi̯s au̯tuː leɡɔːn kai̯ ɡe ana meson tɔːn draɡmatɔːn sylleɡetɔː kai̯ mɛː katai̯skʰynɛːte au̯tɛːn	KAI ANESTE TU SULLEGEN KAI ENETELATO BOOSD TOIS PAIDARIOIS AUTU LEGON KAI GE ANA MESON TON DRAGMATON SULLEGETO KAI ME KATAISKUNETE AUTEN	ud_ancient_greek_ptnk	4th-5th c. CE (Codex Alexandrinus)	religious	translit_map
ud_ancient_greek_ptnk_Septuagint-Ruth-2:16-grc	καὶ βαστάζοντες βαστάξατε αὐτῇ καὶ γε παραβάλλοντες παραβαλεῖτε αὐτῇ ἐκ τῶν βεβουνισμένων, καὶ ἄφετε καὶ συλλέξει, καὶ οὐκ ἐπιτιμήσετε αὐτῇ.	kai̯ bastazdontes bastaksate au̯tɛː kai̯ ɡe paraballontes parabaleːte au̯tɛː ek tɔːn bebuːnismenɔːn kai̯ apʰete kai̯ syllekseː kai̯ uːk epitimɛːsete au̯tɛː	KAI BASTASDONTES BASTAKSATE AUTE KAI GE PARABALLONTES PARABALETE AUTE EK TON BEBUNISMENON KAI APETE KAI SULLEKSE KAI UK EPITIMESETE AUTE	ud_ancient_greek_ptnk	4th-5th c. CE (Codex Alexandrinus)	religious	translit_map
ud_ancient_greek_ptnk_Septuagint-Ruth-2:17-grc	καὶ συνέλεξεν ἐν τῷ ἀγρῷ ἕως ἑσπέρας· καὶ ἐρράβδισεν ἃ συνέλεξεν, καὶ ἐγενήθη ὡς οἰφὶ κριθῶν.	kai̯ syneleksen en tɔː aɡrɔː eɔːs esperas kai̯ errabdisen a syneleksen kai̯ eɡenɛːtʰɛː ɔːs oi̯pʰi kritʰɔːn	KAI SUNELEKSEN EN TO AGRO EOS ESPERAS KAI ERRABDISEN A SUNELEKSEN KAI EGENETE OS OIPI KRITON	ud_ancient_greek_ptnk	4th-5th c. CE (Codex Alexandrinus)	religious	translit_map
ud_ancient_greek_ptnk_Septuagint-Ruth-2:18-grc	Καὶ ἦρεν καὶ εἰσῆλθεν εἰς τὴν πόλιν, καὶ εἶδεν ἡ πενθερὰ αὐτῆς ἃ συνέλεξεν, καὶ ἐξενέγκασα Ῥοὺθ ἔδωκεν αὐτῇ ἃ κατέλιπεν ἐξ ὧν ἐνεπλήσθη.	kai̯ ɛːren kai̯ eːsɛːltʰen eːs tɛːn polin kai̯ eːden ɛː pentʰera au̯tɛːs a syneleksen kai̯ ekseneŋkasa ruːtʰ edɔːken au̯tɛː a katelipen eks ɔːn eneplɛːstʰɛː	KAI EREN KAI ESELTEN ES TEN POLIN KAI EDEN E PENTERA AUTES A SUNELEKSEN KAI EKSENENKASA RUT EDOKEN AUTE A KATELIPEN EKS ON ENEPLESTE	ud_ancient_greek_ptnk	4th-5th c. CE (Codex Alexandrinus)	religious	translit_map
ud_ancient_greek_ptnk_Septuagint-Ruth-2:19-grc	καὶ εἶπεν αὐτῇ ἡ πενθερὰ αὐτῆς, ποῦ συνέλεξας σήμερον καὶ ποῦ ἐποίησας; εἴη ὁ ἐπιγνούς σὲ εὐλογημένος. καὶ ἀπήγγειλεν Ῥοὺθ τῇ πενθερᾷ αὐτῆς ποῦ ἐποίησεν, καὶ εἶπεν, τὸ ὄνομα τοῦ ἀνδρός, μεθ᾿ οὗ ἐποίησα σήμερον, Βοόζ.	kai̯ eːpen au̯tɛː ɛː pentʰera au̯tɛːs puː syneleksas sɛːmeron kai̯ puː epoi̯ɛːsas eːɛː o epiɡnuːs se eu̯loɡɛːmenos kai̯ apɛːŋɡeːlen ruːtʰ tɛː pentʰera au̯tɛːs puː epoi̯ɛːsen kai̯ eːpen to onoma tuː andros metʰ uː epoi̯ɛːsa sɛːmeron boozd	KAI EPEN AUTE E PENTERA AUTES PU SUNELEKSAS SEMERON KAI PU EPOIESAS EE O EPIGNUS SE EULOGEMENOS KAI APENGELEN RUT TE PENTERA AUTES PU EPOIESEN KAI EPEN TO ONOMA TU ANDROS MET U EPOIESA SEMERON BOOSD	ud_ancient_greek_ptnk	4th-5th c. CE (Codex Alexandrinus)	religious	translit_map
ud_ancient_greek_ptnk_Septuagint-Ruth-2:20-grc	καὶ εἶπεν Νωεμὶν τῇ νύμφῃ αὐτῆς, εὐλογητός ἐστιν τῷ κυρίῳ, ὅτι οὐκ ἐγκατέλιπεν τὸ ἔλεος αὐτοῦ μετὰ τῶν ζώντων καὶ μετὰ τῶν τεθνηκότων. καὶ εἶπεν αὐτῇ Νωεμίν, ἐγγίζει ἡμῖν ὁ ἀνήρ, ἐκ τῶν ἀγχιστευόντων ἡμᾶς ἐστιν.	kai̯ eːpen nɔːemin tɛː nympʰɛː au̯tɛːs eu̯loɡɛːtos estin tɔː kyriɔː oti uːk eŋkatelipen to eleos au̯tuː meta tɔːn zdɔːntɔːn kai̯ meta tɔːn tetʰnɛːkotɔːn kai̯ eːpen au̯tɛː nɔːemin eŋɡizdeː ɛːmin o anɛːr ek tɔːn aŋkʰisteu̯ontɔːn ɛːmas estin	KAI EPEN NOEMIN TE NUMPE AUTES EULOGETOS ESTIN TO KURIO OTI UK ENKATELIPEN TO ELEOS AUTU META TON SDONTON KAI META TON TETNEKOTON KAI EPEN AUTE NOEMIN ENGISDE EMIN O ANER EK TON ANKISTEUONTON EMAS ESTIN	ud_ancient_greek_ptnk	4th-5th c. CE (Codex Alexandrinus)	religious	translit_map
ud_ancient_greek_ptnk_Septuagint-Ruth-2:21-grc	καὶ εἶπεν Ῥοὺθ πρὸς τὴν πενθερὰν αὐτῆς, καὶ γε ὅτι εἶπεν πρός με μετὰ τῶν παιδαρίων μου προσκολλήθητι, ἕως ἄν τελέσωσιν ὅλον τὸν ἀμητόν, ὃς ὑπάρχει μοι.	kai̯ eːpen ruːtʰ pros tɛːn pentʰeran au̯tɛːs kai̯ ɡe oti eːpen pros me meta tɔːn pai̯dariɔːn muː proskollɛːtʰɛːti eɔːs an telesɔːsin olon ton amɛːton os yparkʰeː moi̯	KAI EPEN RUT PROS TEN PENTERAN AUTES KAI GE OTI EPEN PROS ME META TON PAIDARION MU PROSKOLLETETI EOS AN TELESOSIN OLON TON AMETON OS UPARKE MOI	ud_ancient_greek_ptnk	4th-5th c. CE (Codex Alexandrinus)	religious	translit_map
ud_ancient_greek_ptnk_Septuagint-Ruth-2:22-grc	Καὶ εἶπεν Νωεμὶν πρὸς Ῥοὺθ τὴν νύμφην αὐτῆς, ἀγαθόν, θύγατερ, ὅτι ἐπορεύθης μετὰ τῶν κορασίων αὐτοῦ, καὶ οὐκ ἀπαντήσονταί σοί ἐν ἀγρῷ ἑτέρῳ.	kai̯ eːpen nɔːemin pros ruːtʰ tɛːn nympʰɛːn au̯tɛːs aɡatʰon tʰyɡater oti eporeu̯tʰɛːs meta tɔːn korasiɔːn au̯tuː kai̯ uːk apantɛːsontai̯ soi̯ en aɡrɔː eterɔː	KAI EPEN NOEMIN PROS RUT TEN NUMPEN AUTES AGATON TUGATER OTI EPOREUTES META TON KORASION AUTU KAI UK APANTESONTAI SOI EN AGRO ETERO	ud_ancient_greek_ptnk	4th-5th c. CE (Codex Alexandrinus)	religious	translit_map
ud_ancient_greek_ptnk_Septuagint-Ruth-2:23-grc	καὶ προσεκολλήθη Ῥοὺθ τοῖς κορασίοις Βοὸζ συλλέγειν ἕως οὗ συνετέλεσεν τὸν θερισμὸν τῶν κριθῶν καὶ τῶν πυρῶν. καὶ ἐκάθισεν μετὰ τῆς πενθερᾶς αὐτῆς.	kai̯ prosekollɛːtʰɛː ruːtʰ toi̯s korasioi̯s boozd sylleɡeːn eɔːs uː synetelesen ton tʰerismon tɔːn kritʰɔːn kai̯ tɔːn pyrɔːn kai̯ ekatʰisen meta tɛːs pentʰeras au̯tɛːs	KAI PROSEKOLLETE RUT TOIS KORASIOIS BOOSD SULLEGEN EOS U SUNETELESEN TON TERISMON TON KRITON KAI TON PURON KAI EKATISEN META TES PENTERAS AUTES	ud_ancient_greek_ptnk	4th-5th c. CE (Codex Alexandrinus)	religious	translit_map
ud_ancient_greek_ptnk_Septuagint-Ruth-3:1-grc	Εἶπεν δὲ αὐτῇ Νωεμὶν ἡ πενθερὰ αὐτῆς θύγατερ, οὐ μὴ ζητήσω σοί ἀνάπαυσιν, ἵνα εὖ γένηταί σοι;	eːpen de au̯tɛː nɔːemin ɛː pentʰera au̯tɛːs tʰyɡater uː mɛː zdɛːtɛːsɔː soi̯ anapau̯sin ina eu̯ ɡenɛːtai̯ soi̯	EPEN DE AUTE NOEMIN E PENTERA AUTES TUGATER U ME SDETESO SOI ANAPAUSIN INA EU GENETAI SOI	ud_ancient_greek_ptnk	4th-5th c. CE (Codex Alexandrinus)	religious	translit_map
ud_ancient_greek_ptnk_Septuagint-Ruth-3:2-grc	καὶ νῦν οὐχὶ Βοὸζ γνώριμος ἡμῶν, οὗ ἦς μετὰ τῶν κορασίων αὐτοῦ; ἰδοὺ αὐτὸς λικμᾷ τὸν ἅλωνα τῶν κριθῶν ταύτῃ τῇ νυκτί.	kai̯ nyn uːkʰi boozd ɡnɔːrimos ɛːmɔːn uː ɛːs meta tɔːn korasiɔːn au̯tuː iduː au̯tos likma ton alɔːna tɔːn kritʰɔːn tau̯tɛː tɛː nykti	KAI NUN UKI BOOSD GNORIMOS EMON U ES META TON KORASION AUTU IDU AUTOS LIKMA TON ALONA TON KRITON TAUTE TE NUKTI	ud_ancient_greek_ptnk	4th-5th c. CE (Codex Alexandrinus)	religious	translit_map
ud_ancient_greek_ptnk_Septuagint-Ruth-3:3-grc	Σὺ δὲ λούσῃ καὶ ἀλείψῃ καὶ περιθήσεις τὸν ἱματισμόν σου ἐπὶ σεαυτῇ καὶ ἀναβήσῃ ἐπὶ τὸν ἅλω· μὴ γνωρισθῇς τῷ ἀνδρὶ ἕως οὗ συντελέσαι αὐτὸν πιεῖν καὶ φαγεῖν·	sy de luːsɛː kai̯ aleːpsɛː kai̯ peritʰɛːseːs ton imatismon suː epi seau̯tɛː kai̯ anabɛːsɛː epi ton alɔː mɛː ɡnɔːristʰɛːs tɔː andri eɔːs uː syntelesai̯ au̯ton pieːn kai̯ pʰaɡeːn	SU DE LUSE KAI ALEPSE KAI PERITESES TON IMATISMON SU EPI SEAUTE KAI ANABESE EPI TON ALO ME GNORISTES TO ANDRI EOS U SUNTELESAI AUTON PIEN KAI PAGEN	ud_ancient_greek_ptnk	4th-5th c. CE (Codex Alexandrinus)	religious	translit_map
ud_ancient_greek_ptnk_Septuagint-Ruth-3:4-grc	καὶ ἔσται ἐν τῷ κοιμηθῆναι αὐτόν, καὶ γνώσῃ τὸν τόπον, ὅπου κοιμᾶται ἐκεῖ, καὶ ἐλεύσῃ καὶ ἀποκαλύψεις τὰ πρὸς ποδῶν αὐτοῦ καὶ κοιμηθήσῃ, καὶ αὐτὸς ἀπαγγελεῖ σοί ἃ ποιήσεις.	kai̯ estai̯ en tɔː koi̯mɛːtʰɛːnai̯ au̯ton kai̯ ɡnɔːsɛː ton topon opuː koi̯matai̯ ekeː kai̯ eleu̯sɛː kai̯ apokalypseːs ta pros podɔːn au̯tuː kai̯ koi̯mɛːtʰɛːsɛː kai̯ au̯tos apaŋɡeleː soi̯ a poi̯ɛːseːs	KAI ESTAI EN TO KOIMETENAI AUTON KAI GNOSE TON TOPON OPU KOIMATAI EKE KAI ELEUSE KAI APOKALUPSES TA PROS PODON AUTU KAI KOIMETESE KAI AUTOS APANGELE SOI A POIESES	ud_ancient_greek_ptnk	4th-5th c. CE (Codex Alexandrinus)	religious	translit_map
ud_ancient_greek_ptnk_Septuagint-Ruth-3:5-grc	εἶπεν δὲ Ῥοὺθ πρὸς αὐτήν, πάντα, ὅσα ἐὰν εἴπῃς, ποιήσω.	eːpen de ruːtʰ pros au̯tɛːn panta osa ean eːpɛːs poi̯ɛːsɔː	EPEN DE RUT PROS AUTEN PANTA OSA EAN EPES POIESO	ud_ancient_greek_ptnk	4th-5th c. CE (Codex Alexandrinus)	religious	translit_map
ud_ancient_greek_ptnk_Septuagint-Ruth-3:6-grc	Καὶ κατέβη εἰς τὸν ἅλω καὶ ἐποίησεν κατὰ πάντα, ὅσα ἐνετείλατο αὐτῇ ἡ πενθερὰ αὐτῆς.	kai̯ katebɛː eːs ton alɔː kai̯ epoi̯ɛːsen kata panta osa eneteːlato au̯tɛː ɛː pentʰera au̯tɛːs	KAI KATEBE ES TON ALO KAI EPOIESEN KATA PANTA OSA ENETELATO AUTE E PENTERA AUTES	ud_ancient_greek_ptnk	4th-5th c. CE (Codex Alexandrinus)	religious	translit_map
ud_ancient_greek_ptnk_Septuagint-Ruth-3:7-grc	καὶ ἔφαγεν Βοόζ, καὶ ἔπιε, καὶ ἠγαθύνθη ἡ καρδία αὐτοῦ, καὶ ἦλθεν κοιμηθῆναι ἐν μερίδι τῆς στοιβῆς· ἡ δὲ ἦλθεν κρυφῇ καὶ ἀπεκάλυψεν τὰ πρὸς ποδῶν αὐτοῦ.	kai̯ epʰaɡen boozd kai̯ epie kai̯ ɛːɡatʰyntʰɛː ɛː kardia au̯tuː kai̯ ɛːltʰen koi̯mɛːtʰɛːnai̯ en meridi tɛːs stoi̯bɛːs ɛː de ɛːltʰen krypʰɛː kai̯ apekalypsen ta pros podɔːn au̯tuː	KAI EPAGEN BOOSD KAI EPIE KAI EGATUNTE E KARDIA AUTU KAI ELTEN KOIMETENAI EN MERIDI TES STOIBES E DE ELTEN KRUPE KAI APEKALUPSEN TA PROS PODON AUTU	ud_ancient_greek_ptnk	4th-5th c. CE (Codex Alexandrinus)	religious	translit_map
ud_ancient_greek_ptnk_Septuagint-Ruth-3:8-grc	ἐγένετο δὲ ἐν τῷ μεσονυκτίῳ καὶ ἐξέστη ὁ ἀνὴρ καὶ ἐταράχθη, καὶ ἰδοὺ γυνὴ κοιμᾶται πρὸς ποδῶν αὐτοῦ.	eɡeneto de en tɔː mesonyktiɔː kai̯ eksestɛː o anɛːr kai̯ etarakʰtʰɛː kai̯ iduː ɡynɛː koi̯matai̯ pros podɔːn au̯tuː	EGENETO DE EN TO MESONUKTIO KAI EKSESTE O ANER KAI ETARAKTE KAI IDU GUNE KOIMATAI PROS PODON AUTU	ud_ancient_greek_ptnk	4th-5th c. CE (Codex Alexandrinus)	religious	translit_map
ud_ancient_greek_ptnk_Septuagint-Ruth-3:9-grc	εἶπεν δέ, τίς εἶ σύ; ἡ δὲ εἶπεν, ἐγώ εἰμι Ῥοὺθ ἡ δούλη σου, καὶ περιβαλεῖς τὸ πτερύγιόν σου ἐπὶ τὴν δούλην σου, ὅτι ἀγχιστεὺς εἶ σύ.	eːpen de tis eː sy ɛː de eːpen eɡɔː eːmi ruːtʰ ɛː duːlɛː suː kai̯ peribaleːs to pteryɡion suː epi tɛːn duːlɛːn suː oti aŋkʰisteu̯s eː sy	EPEN DE TIS E SU E DE EPEN EGO EMI RUT E DULE SU KAI PERIBALES TO PTERUGION SU EPI TEN DULEN SU OTI ANKISTEUS E SU	ud_ancient_greek_ptnk	4th-5th c. CE (Codex Alexandrinus)	religious	translit_map
ud_ancient_greek_ptnk_Septuagint-Ruth-3:10-grc	καὶ εἶπεν Βοόζ, εὐλογημένη σὺ τῷ κυρίῳ θεῷ, θύγατερ, ὅτι ἠγάθυνας τὸ ἔλεός σου τὸ ἔσχατον ὑπὲρ τὸ πρῶτον, τὸ μὴ πορευθῆναί σὲ ὀπίσω νεανιῶν, εἴτοι πτωχὸς εἴτοι πλούσιος.	kai̯ eːpen boozd eu̯loɡɛːmenɛː sy tɔː kyriɔː tʰeɔː tʰyɡater oti ɛːɡatʰynas to eleos suː to eskʰaton yper to prɔːton to mɛː poreu̯tʰɛːnai̯ se opisɔː neaniɔːn eːtoi̯ ptɔːkʰos eːtoi̯ pluːsios	KAI EPEN BOOSD EULOGEMENE SU TO KURIO TEO TUGATER OTI EGATUNAS TO ELEOS SU TO ESKATON UPER TO PROTON TO ME POREUTENAI SE OPISO NEANION ETOI PTOKOS ETOI PLUSIOS	ud_ancient_greek_ptnk	4th-5th c. CE (Codex Alexandrinus)	religious	translit_map
ud_ancient_greek_ptnk_Septuagint-Ruth-3:11-grc	καὶ νῦν, θύγατερ, μὴ φοβοῦ· πάντα, ὅσα ἐὰν εἴπῃς, ποιήσω σοι· οἶδεν γὰρ πᾶσα φυλὴ λαοῦ μου ὅτι γυνὴ δυνάμεως εἶ σύ,	kai̯ nyn tʰyɡater mɛː pʰobuː panta osa ean eːpɛːs poi̯ɛːsɔː soi̯ oi̯den ɡar pasa pʰylɛː lauː muː oti ɡynɛː dynameɔːs eː sy	KAI NUN TUGATER ME POBU PANTA OSA EAN EPES POIESO SOI OIDEN GAR PASA PULE LAU MU OTI GUNE DUNAMEOS E SU	ud_ancient_greek_ptnk	4th-5th c. CE (Codex Alexandrinus)	religious	translit_map
ud_ancient_greek_ptnk_Septuagint-Ruth-3:12-grc	καὶ ὅτι ἀληθῶς ἀγχιστεὺς ἐγώ εἰμι, καὶ γε ἔστιν ἀγχιστεὺς ἐγγίων ὑπὲρ ἐμέ.	kai̯ oti alɛːtʰɔːs aŋkʰisteu̯s eɡɔː eːmi kai̯ ɡe estin aŋkʰisteu̯s eŋɡiɔːn yper eme	KAI OTI ALETOS ANKISTEUS EGO EMI KAI GE ESTIN ANKISTEUS ENGION UPER EME	ud_ancient_greek_ptnk	4th-5th c. CE (Codex Alexandrinus)	religious	translit_map
ud_ancient_greek_ptnk_Septuagint-Ruth-3:13-grc	αὐλίσθητι τὴν νύκτα, καὶ ἔσται τὸ πρωί, ἐὰν ἀγχιστεύσῃ σε, ἀγαθόν, ἀγχιστευέτω· ἐὰν δὲ μὴ βούληται ἀγχιστεῦσαί σε, ἀγχιστεύσω σὲ ἐγώ, ζῇ κύριος· κοιμήθητι ἕως πρωί.	au̯listʰɛːti tɛːn nykta kai̯ estai̯ to prɔːi̯ ean aŋkʰisteu̯sɛː se aɡatʰon aŋkʰisteu̯etɔː ean de mɛː buːlɛːtai̯ aŋkʰisteu̯sai̯ se aŋkʰisteu̯sɔː se eɡɔː zdɛː kyrios koi̯mɛːtʰɛːti eɔːs prɔːi̯	AULISTETI TEN NUKTA KAI ESTAI TO PROI EAN ANKISTEUSE SE AGATON ANKISTEUETO EAN DE ME BULETAI ANKISTEUSAI SE ANKISTEUSO SE EGO SDE KURIOS KOIMETETI EOS PROI	ud_ancient_greek_ptnk	4th-5th c. CE (Codex Alexandrinus)	religious	translit_map
ud_ancient_greek_ptnk_Septuagint-Ruth-3:14-grc	Καὶ ἐκοιμήθη πρὸς ποδῶν αὐτοῦ ἕως πρωί. ἡ δὲ ἀνέστη πρὸ τοῦ ἐπιγνῶναι ἄνδρα τὸν πλησίον αὐτοῦ· καὶ εἶπεν Βοόζ, μὴ γνωσθήτω ὅτι ἦλθεν γυνὴ εἰς τὸν ἅλωνα.	kai̯ ekoi̯mɛːtʰɛː pros podɔːn au̯tuː eɔːs prɔːi̯ ɛː de anestɛː pro tuː epiɡnɔːnai̯ andra ton plɛːsion au̯tuː kai̯ eːpen boozd mɛː ɡnɔːstʰɛːtɔː oti ɛːltʰen ɡynɛː eːs ton alɔːna	KAI EKOIMETE PROS PODON AUTU EOS PROI E DE ANESTE PRO TU EPIGNONAI ANDRA TON PLESION AUTU KAI EPEN BOOSD ME GNOSTETO OTI ELTEN GUNE ES TON ALONA	ud_ancient_greek_ptnk	4th-5th c. CE (Codex Alexandrinus)	religious	translit_map
ud_ancient_greek_ptnk_Septuagint-Ruth-3:15-grc	Καὶ εἶπεν αὐτῇ, φέρε τὸ περίζωμα τὸ ἐπάνω σου. καὶ ἐκράτησεν αὐτό, καὶ ἐμέτρησεν ἓξ κριθῶν καὶ ἐπέθηκεν ἐπ᾿ αὐτήν· καὶ εἰσῆλθεν εἰς τὴν πόλιν.	kai̯ eːpen au̯tɛː pʰere to perizdɔːma to epanɔː suː kai̯ ekratɛːsen au̯to kai̯ emetrɛːsen eks kritʰɔːn kai̯ epetʰɛːken ep au̯tɛːn kai̯ eːsɛːltʰen eːs tɛːn polin	KAI EPEN AUTE PERE TO PERISDOMA TO EPANO SU KAI EKRATESEN AUTO KAI EMETRESEN EKS KRITON KAI EPETEKEN EP AUTEN KAI ESELTEN ES TEN POLIN	ud_ancient_greek_ptnk	4th-5th c. CE (Codex Alexandrinus)	religious	translit_map
ud_ancient_greek_ptnk_Septuagint-Ruth-3:16-grc	Καὶ Ῥοὺθ εἰσῆλθεν πρὸς τὴν πενθερὰν αὐτῆς· ἡ δὲ εἶπεν, τίς εἶ, θύγατερ· καὶ εἶπεν αὐτῇ πάντα, ὅσα ἐποίησεν αὐτῇ ὁ ἀνήρ.	kai̯ ruːtʰ eːsɛːltʰen pros tɛːn pentʰeran au̯tɛːs ɛː de eːpen tis eː tʰyɡater kai̯ eːpen au̯tɛː panta osa epoi̯ɛːsen au̯tɛː o anɛːr	KAI RUT ESELTEN PROS TEN PENTERAN AUTES E DE EPEN TIS E TUGATER KAI EPEN AUTE PANTA OSA EPOIESEN AUTE O ANER	ud_ancient_greek_ptnk	4th-5th c. CE (Codex Alexandrinus)	religious	translit_map
ud_ancient_greek_ptnk_Septuagint-Ruth-3:17-grc	καὶ εἶπεν αὐτῇ, τὰ ἓξ τῶν κριθῶν ταῦτα ἔδωκέν μοι, ὅτι εἶπεν πρός με, μὴ εἰσέλθῃς κενὴ πρὸς τὴν πενθεράν σου.	kai̯ eːpen au̯tɛː ta eks tɔːn kritʰɔːn tau̯ta edɔːken moi̯ oti eːpen pros me mɛː eːseltʰɛːs kenɛː pros tɛːn pentʰeran suː	KAI EPEN AUTE TA EKS TON KRITON TAUTA EDOKEN MOI OTI EPEN PROS ME ME ESELTES KENE PROS TEN PENTERAN SU	ud_ancient_greek_ptnk	4th-5th c. CE (Codex Alexandrinus)	religious	translit_map
ud_ancient_greek_ptnk_Septuagint-Ruth-3:18-grc	ἡ δὲ εἶπεν κάθου, θύγατερ, ἕως τοῦ ἐπιγνῶναί σὲ πῶς οὐ πεσεῖται ῥῆμα· οὐ γὰρ μὴ ἡσυχάσῃ ὁ ἀνήρ, ἕως ἄν τελέσῃ τὸ ῥῆμα σήμερον.	ɛː de eːpen katʰuː tʰyɡater eɔːs tuː epiɡnɔːnai̯ se pɔːs uː peseːtai̯ rɛːma uː ɡar mɛː ɛːsykʰasɛː o anɛːr eɔːs an telesɛː to rɛːma sɛːmeron	E DE EPEN KATU TUGATER EOS TU EPIGNONAI SE POS U PESETAI REMA U GAR ME ESUKASE O ANER EOS AN TELESE TO REMA SEMERON	ud_ancient_greek_ptnk	4th-5th c. CE (Codex Alexandrinus)	religious	translit_map
ud_ancient_greek_ptnk_Septuagint-Ruth-4:1-grc	Καὶ Βοὸζ ἀνέβη ἐπὶ τὴν πύλην καὶ ἐκάθισεν ἐκεῖ, καὶ ἰδοὺ ὁ ἀγχιστεὺς παρεπορεύετο, ὃν εἶπεν Βοόζ. καὶ εἶπεν πρὸς αὐτὸν Βοόζ, ἐκκλίνας κάθισον ὧδε, κρύφιε· καὶ ἐξέκλινεν καὶ ἐκάθισεν.	kai̯ boozd anebɛː epi tɛːn pylɛːn kai̯ ekatʰisen ekeː kai̯ iduː o aŋkʰisteu̯s pareporeu̯eto on eːpen boozd kai̯ eːpen pros au̯ton boozd ekklinas katʰison ɔːde krypʰie kai̯ ekseklinen kai̯ ekatʰisen	KAI BOOSD ANEBE EPI TEN PULEN KAI EKATISEN EKE KAI IDU O ANKISTEUS PAREPOREUETO ON EPEN BOOSD KAI EPEN PROS AUTON BOOSD EKKLINAS KATISON ODE KRUPIE KAI EKSEKLINEN KAI EKATISEN	ud_ancient_greek_ptnk	4th-5th c. CE (Codex Alexandrinus)	religious	translit_map
ud_ancient_greek_ptnk_Septuagint-Ruth-4:2-grc	καὶ ἔλαβεν Βοὸζ δέκα ἄνδρας ἀπὸ τῶν πρεσβυτέρων τῆς πόλεως καὶ εἶπεν, καθίσατε ὧδε· καὶ ἐκάθισαν.	kai̯ elaben boozd deka andras apo tɔːn presbyterɔːn tɛːs poleɔːs kai̯ eːpen katʰisate ɔːde kai̯ ekatʰisan	KAI ELABEN BOOSD DEKA ANDRAS APO TON PRESBUTERON TES POLEOS KAI EPEN KATISATE ODE KAI EKATISAN	ud_ancient_greek_ptnk	4th-5th c. CE (Codex Alexandrinus)	religious	translit_map
ud_ancient_greek_ptnk_Septuagint-Ruth-4:3-grc	Καὶ εἶπεν Βοὸζ τῷ ἀγχιστεῖ, τὴν μερίδα τοῦ ἀγροῦ, ἥ ἐστιν τοῦ ἀδελφοῦ ἡμῶν τοῦ Ἀβιμέλεχ, ἣ δέδοται Νωεμὶν τῇ ἐπιστρεφούσῃ ἐξ ἀγροῦ Μωάβ,	kai̯ eːpen boozd tɔː aŋkʰisteː tɛːn merida tuː aɡruː ɛː estin tuː adelpʰuː ɛːmɔːn tuː abimelekʰ ɛː dedotai̯ nɔːemin tɛː epistrepʰuːsɛː eks aɡruː mɔːab	KAI EPEN BOOSD TO ANKISTE TEN MERIDA TU AGRU E ESTIN TU ADELPU EMON TU ABIMELEK E DEDOTAI NOEMIN TE EPISTREPUSE EKS AGRU MOAB	ud_ancient_greek_ptnk	4th-5th c. CE (Codex Alexandrinus)	religious	translit_map
ud_ancient_greek_ptnk_Septuagint-Ruth-4:4-grc	κἀγὼ εἶπα, ἀποκαλύψω τὸ οὖς σου λέγων, κτῆσαι ἐναντίον τῶν καθημένων καὶ ἐναντίον τῶν πρεσβυτέρων τοῦ λαοῦ μου· εἰ ἀγχιστεύεις, ἀγχίστευε· εἰ δὲ μὴ ἀγχιστεύεις, ἀνάγγειλόν μοι καὶ γνώσομαι· ὅτι οὐκ ἔστιν πάρεξ σου τοῦ ἀγχιστεῦσαι, κἀγώ εἰμι μετὰ σέ. ὁ δὲ εἶπεν, ἐγώ εἰμι ἀγχιστεύσω.	kaɡɔː eːpa apokalypsɔː to uːs suː leɡɔːn ktɛːsai̯ enantion tɔːn katʰɛːmenɔːn kai̯ enantion tɔːn presbyterɔːn tuː lauː muː eː aŋkʰisteu̯eːs aŋkʰisteu̯e eː de mɛː aŋkʰisteu̯eːs anaŋɡeːlon moi̯ kai̯ ɡnɔːsomai̯ oti uːk estin pareks suː tuː aŋkʰisteu̯sai̯ kaɡɔː eːmi meta se o de eːpen eɡɔː eːmi aŋkʰisteu̯sɔː	KAGO EPA APOKALUPSO TO US SU LEGON KTESAI ENANTION TON KATEMENON KAI ENANTION TON PRESBUTERON TU LAU MU E ANKISTEUES ANKISTEUE E DE ME ANKISTEUES ANANGELON MOI KAI GNOSOMAI OTI UK ESTIN PAREKS SU TU ANKISTEUSAI KAGO EMI META SE O DE EPEN EGO EMI ANKISTEUSO	ud_ancient_greek_ptnk	4th-5th c. CE (Codex Alexandrinus)	religious	translit_map
ud_ancient_greek_ptnk_Septuagint-Ruth-4:5-grc	καὶ εἶπεν Βοόζ, ἐν ἡμέρᾳ τοῦ κτήσασθαί σὲ τὸν ἀγρὸν ἐκ χειρὸς Νωεμὶν καὶ παρὰ Ῥοὺθ τῆς Μωαβίτιδος γυναικὸς τοῦ τεθνηκότος, καὶ αὐτὴν κτήσασθαί σὲ δεῖ ὥστε ἀναστῆσαι τὸ ὄνομα τοῦ τεθνηκότος ἐπὶ τῆς κληρονομίας αὐτοῦ.	kai̯ eːpen boozd en ɛːmera tuː ktɛːsastʰai̯ se ton aɡron ek kʰeːros nɔːemin kai̯ para ruːtʰ tɛːs mɔːabitidos ɡynai̯kos tuː tetʰnɛːkotos kai̯ au̯tɛːn ktɛːsastʰai̯ se deː ɔːste anastɛːsai̯ to onoma tuː tetʰnɛːkotos epi tɛːs klɛːronomias au̯tuː	KAI EPEN BOOSD EN EMERA TU KTESASTAI SE TON AGRON EK KEROS NOEMIN KAI PARA RUT TES MOABITIDOS GUNAIKOS TU TETNEKOTOS KAI AUTEN KTESASTAI SE DE OSTE ANASTESAI TO ONOMA TU TETNEKOTOS EPI TES KLERONOMIAS AUTU	ud_ancient_greek_ptnk	4th-5th c. CE (Codex Alexandrinus)	religious	translit_map
ud_ancient_greek_ptnk_Septuagint-Ruth-4:6-grc	καὶ εἶπεν ὁ ἀγχιστεύς, οὐ δυνήσομαι ἀγχιστεῦσαι ἐμαυτῷ, μήποτε διαφθείρω τὴν κληρονομίαν μου· ἀγχίστευσον σεαυτῷ τὴν ἀγχιστείαν μου, ὅτι οὐ δυνήσομαι ἀγχιστεῦσαι.	kai̯ eːpen o aŋkʰisteu̯s uː dynɛːsomai̯ aŋkʰisteu̯sai̯ emau̯tɔː mɛːpote diapʰtʰeːrɔː tɛːn klɛːronomian muː aŋkʰisteu̯son seau̯tɔː tɛːn aŋkʰisteːan muː oti uː dynɛːsomai̯ aŋkʰisteu̯sai̯	KAI EPEN O ANKISTEUS U DUNESOMAI ANKISTEUSAI EMAUTO MEPOTE DIAPTERO TEN KLERONOMIAN MU ANKISTEUSON SEAUTO TEN ANKISTEAN MU OTI U DUNESOMAI ANKISTEUSAI	ud_ancient_greek_ptnk	4th-5th c. CE (Codex Alexandrinus)	religious	translit_map
ud_ancient_greek_ptnk_Septuagint-Ruth-4:7-grc	Καὶ τοῦτο τὸ δικαίωμα ἔμπροσθεν ἐν τῷ Ἰσραὴλ ἐπὶ τὴν ἀγχιστείαν καὶ ἐπὶ τὸ ἀντάλλαγμα τοῦ στῆσαι πᾶν λόγον, καὶ ὑπελύετο ὁ ἀνὴρ τὸ ὑπόδημα αὐτοῦ καὶ ἐδίδου τῷ πλησίον αὐτοῦ τῷ ἀγχιστεύοντι τὴν ἀγχιστείαν αὐτοῦ, καὶ τοῦτο ἦν μαρτύριον ἐν Ἰσραήλ.	kai̯ tuːto to dikai̯ɔːma emprostʰen en tɔː israɛːl epi tɛːn aŋkʰisteːan kai̯ epi to antallaɡma tuː stɛːsai̯ pan loɡon kai̯ ypelyeto o anɛːr to ypodɛːma au̯tuː kai̯ ediduː tɔː plɛːsion au̯tuː tɔː aŋkʰisteu̯onti tɛːn aŋkʰisteːan au̯tuː kai̯ tuːto ɛːn martyrion en israɛːl	KAI TUTO TO DIKAIOMA EMPROSTEN EN TO ISRAEL EPI TEN ANKISTEAN KAI EPI TO ANTALLAGMA TU STESAI PAN LOGON KAI UPELUETO O ANER TO UPODEMA AUTU KAI EDIDU TO PLESION AUTU TO ANKISTEUONTI TEN ANKISTEAN AUTU KAI TUTO EN MARTURION EN ISRAEL	ud_ancient_greek_ptnk	4th-5th c. CE (Codex Alexandrinus)	religious	translit_map
ud_ancient_greek_ptnk_Septuagint-Ruth-4:8-grc	Καὶ εἶπεν ὁ ἀγχιστεὺς τῷ Βοόζ, κτῆσαι σεαυτῷ τὴν ἀγχιστείαν μου· καὶ ὑπελύσατο τὸ ὑπόδημα αὐτοῦ καὶ ἔδωκεν αὐτῷ.	kai̯ eːpen o aŋkʰisteu̯s tɔː boozd ktɛːsai̯ seau̯tɔː tɛːn aŋkʰisteːan muː kai̯ ypelysato to ypodɛːma au̯tuː kai̯ edɔːken au̯tɔː	KAI EPEN O ANKISTEUS TO BOOSD KTESAI SEAUTO TEN ANKISTEAN MU KAI UPELUSATO TO UPODEMA AUTU KAI EDOKEN AUTO	ud_ancient_greek_ptnk	4th-5th c. CE (Codex Alexandrinus)	religious	translit_map
ud_ancient_greek_ptnk_Septuagint-Ruth-4:9-grc	καὶ εἶπεν Βοὸζ τοῖς πρεσβυτέροις καὶ παντὶ τῷ λαῷ, μάρτυρες ὑμεῖς σήμερον ὅτι κέκτημαι πάντα τὰ τοῦ Ἀβιμέλεχ καὶ πάντα, ὅσα ὑπάρχει τῷ Χελαιὼν καὶ τῷ Μααλών, ἐκ χειρὸς Νωεμίν·	kai̯ eːpen boozd toi̯s presbyteroi̯s kai̯ panti tɔː laɔː martyres ymeːs sɛːmeron oti kektɛːmai̯ panta ta tuː abimelekʰ kai̯ panta osa yparkʰeː tɔː kʰelai̯ɔːn kai̯ tɔː maalɔːn ek kʰeːros nɔːemin	KAI EPEN BOOSD TOIS PRESBUTEROIS KAI PANTI TO LAO MARTURES UMES SEMERON OTI KEKTEMAI PANTA TA TU ABIMELEK KAI PANTA OSA UPARKE TO KELAION KAI TO MAALON EK KEROS NOEMIN	ud_ancient_greek_ptnk	4th-5th c. CE (Codex Alexandrinus)	religious	translit_map
ud_ancient_greek_ptnk_Septuagint-Ruth-4:10-grc	καὶ γε Ῥοὺθ τὴν Μωαβῖτιν τὴν γυναῖκα Μααλὼν κέκτημαι ἐμαυτῷ εἰς γυναῖκα τοῦ ἀναστῆσαι τὸ ὄνομα τοῦ τεθνηκότος ἐπὶ τῆς κληρονομίας αὐτοῦ, καὶ οὐκ ἐξολεθρευθήσεται τὸ ὄνομα τοῦ τεθνηκότος ἐκ τῶν ἀδελφῶν αὐτοῦ καὶ ἐκ τῆς φυλῆς λαοῦ αὐτοῦ· μάρτυρες ὑμεῖς σήμερον.	kai̯ ɡe ruːtʰ tɛːn mɔːabitin tɛːn ɡynai̯ka maalɔːn kektɛːmai̯ emau̯tɔː eːs ɡynai̯ka tuː anastɛːsai̯ to onoma tuː tetʰnɛːkotos epi tɛːs klɛːronomias au̯tuː kai̯ uːk eksoletʰreu̯tʰɛːsetai̯ to onoma tuː tetʰnɛːkotos ek tɔːn adelpʰɔːn au̯tuː kai̯ ek tɛːs pʰylɛːs lauː au̯tuː martyres ymeːs sɛːmeron	KAI GE RUT TEN MOABITIN TEN GUNAIKA MAALON KEKTEMAI EMAUTO ES GUNAIKA TU ANASTESAI TO ONOMA TU TETNEKOTOS EPI TES KLERONOMIAS AUTU KAI UK EKSOLETREUTESETAI TO ONOMA TU TETNEKOTOS EK TON ADELPON AUTU KAI EK TES PULES LAU AUTU MARTURES UMES SEMERON	ud_ancient_greek_ptnk	4th-5th c. CE (Codex Alexandrinus)	religious	translit_map
ud_ancient_greek_ptnk_Septuagint-Ruth-4:11-grc	Καὶ εἴποσαν πᾶς ὁ λαὸς οἱ ἐν τῇ πύλῃ, μάρτυρες. καὶ οἱ πρεσβύτεροι εἴποσαν, δῴη κύριος τὴν γυναῖκά σου τὴν εἰσπορευομένην εἰς τὸν οἶκόν σου ὡς Ῥαχὴλ καὶ ὡς Λείαν, αἳ ᾠκοδόμησαν ἀμφότεραι τὸν οἶκον Ἰσραὴλ καὶ ἐποίησαν δύναμιν ἐν Ἐφραθᾶ, καὶ ἔσται ὄνομα ἐν Βαιθλεέμ·	kai̯ eːposan pas o laos oi̯ en tɛː pylɛː martyres kai̯ oi̯ presbyteroi̯ eːposan dɔːɛː kyrios tɛːn ɡynai̯ka suː tɛːn eːsporeu̯omenɛːn eːs ton oi̯kon suː ɔːs rakʰɛːl kai̯ ɔːs leːan ai̯ ɔːkodomɛːsan ampʰoterai̯ ton oi̯kon israɛːl kai̯ epoi̯ɛːsan dynamin en epʰratʰa kai̯ estai̯ onoma en bai̯tʰleem	KAI EPOSAN PAS O LAOS OI EN TE PULE MARTURES KAI OI PRESBUTEROI EPOSAN DOE KURIOS TEN GUNAIKA SU TEN ESPOREUOMENEN ES TON OIKON SU OS RAKEL KAI OS LEAN AI OKODOMESAN AMPOTERAI TON OIKON ISRAEL KAI EPOIESAN DUNAMIN EN EPRATA KAI ESTAI ONOMA EN BAITLEEM	ud_ancient_greek_ptnk	4th-5th c. CE (Codex Alexandrinus)	religious	translit_map
ud_ancient_greek_ptnk_Septuagint-Ruth-4:12-grc	καὶ γένοιτο ὁ οἶκός σου ὡς ὁ οἶκος Φαρές, ὃν ἔτεκεν Θάμαρ τῷ Ἰούδα, ἐκ τοῦ σπέρματος, οὗ δώσει κύριός σοί ἐκ τῆς παιδίσκης ταύτης.	kai̯ ɡenoi̯to o oi̯kos suː ɔːs o oi̯kos pʰares on eteken tʰamar tɔː iuːda ek tuː spermatos uː dɔːseː kyrios soi̯ ek tɛːs pai̯diskɛːs tau̯tɛːs	KAI GENOITO O OIKOS SU OS O OIKOS PARES ON ETEKEN TAMAR TO IUDA EK TU SPERMATOS U DOSE KURIOS SOI EK TES PAIDISKES TAUTES	ud_ancient_greek_ptnk	4th-5th c. CE (Codex Alexandrinus)	religious	translit_map
ud_ancient_greek_ptnk_Septuagint-Ruth-4:13-grc	Καὶ ἔλαβεν Βοὸζ τὴν Ῥούθ, καὶ ἐγενήθη αὐτῷ εἰς γυναῖκα, καὶ εἰσῆλθεν πρὸς αὐτήν, καὶ ἔδωκεν αὐτῇ κύριος κύησιν, καὶ ἔτεκεν υἱόν.	kai̯ elaben boozd tɛːn ruːtʰ kai̯ eɡenɛːtʰɛː au̯tɔː eːs ɡynai̯ka kai̯ eːsɛːltʰen pros au̯tɛːn kai̯ edɔːken au̯tɛː kyrios kyɛːsin kai̯ eteken yi̯on	KAI ELABEN BOOSD TEN RUT KAI EGENETE AUTO ES GUNAIKA KAI ESELTEN PROS AUTEN KAI EDOKEN AUTE KURIOS KUESIN KAI ETEKEN UION	ud_ancient_greek_ptnk	4th-5th c. CE (Codex Alexandrinus)	religious	translit_map
ud_ancient_greek_ptnk_Septuagint-Ruth-4:14-grc	καὶ εἶπαν αἱ γυναῖκες πρὸς Νωεμὶν εὐλογητὸς κύριος, ὃς οὐ κατέλυσέ σοί σήμερον τὸν ἀγχιστέα, καὶ καλέσαι τὸ ὄνομά σου ἐν Ἰσραήλ,	kai̯ eːpan ai̯ ɡynai̯kes pros nɔːemin eu̯loɡɛːtos kyrios os uː katelyse soi̯ sɛːmeron ton aŋkʰistea kai̯ kalesai̯ to onoma suː en israɛːl	KAI EPAN AI GUNAIKES PROS NOEMIN EULOGETOS KURIOS OS U KATELUSE SOI SEMERON TON ANKISTEA KAI KALESAI TO ONOMA SU EN ISRAEL	ud_ancient_greek_ptnk	4th-5th c. CE (Codex Alexandrinus)	religious	translit_map
ud_ancient_greek_ptnk_Septuagint-Ruth-4:15-grc	καὶ ἔσται σοί εἰς ἐπιστρέφοντα ψυχὴν καὶ τοῦ διαθρέψαι τὴν πολιάν σου, ὅτι ἡ νύμφη σου ἡ ἀγαπήσασά σὲ ἔτεκεν αὐτόν, ἥ ἐστιν ἀγαθή σοί ὑπὲρ ἑπτὰ υἱούς.	kai̯ estai̯ soi̯ eːs epistrepʰonta psykʰɛːn kai̯ tuː diatʰrepsai̯ tɛːn polian suː oti ɛː nympʰɛː suː ɛː aɡapɛːsasa se eteken au̯ton ɛː estin aɡatʰɛː soi̯ yper epta yi̯uːs	KAI ESTAI SOI ES EPISTREPONTA PSUKEN KAI TU DIATREPSAI TEN POLIAN SU OTI E NUMPE SU E AGAPESASA SE ETEKEN AUTON E ESTIN AGATE SOI UPER EPTA UIUS	ud_ancient_greek_ptnk	4th-5th c. CE (Codex Alexandrinus)	religious	translit_map
ud_ancient_greek_ptnk_Septuagint-Ruth-4:16-grc	καὶ ἔλαβεν Νωεμὶν τὸ παιδίον καὶ ἔθηκεν εἰς τὸν κόλπον αὐτῆς καὶ ἐγενήθη αὐτῷ εἰς τιθηνόν.	kai̯ elaben nɔːemin to pai̯dion kai̯ etʰɛːken eːs ton kolpon au̯tɛːs kai̯ eɡenɛːtʰɛː au̯tɔː eːs titʰɛːnon	KAI ELABEN NOEMIN TO PAIDION KAI ETEKEN ES TON KOLPON AUTES KAI EGENETE AUTO ES TITENON	ud_ancient_greek_ptnk	4th-5th c. CE (Codex Alexandrinus)	religious	translit_map
ud_ancient_greek_ptnk_Septuagint-Ruth-4:17-grc	Καὶ ἐκάλεσαν αὐτοῦ αἱ γείτονες ὄνομα λέγουσαι, ἐτέχθη υἱὸς τῇ Νωεμίν· καὶ ἐκάλεσαν τὸ ὄνομα αὐτοῦ Ὠβήδ· οὗτος πατὴρ Ἰεσσαὶ πατρὸς Δαυίδ.	kai̯ ekalesan au̯tuː ai̯ ɡeːtones onoma leɡuːsai̯ etekʰtʰɛː yi̯os tɛː nɔːemin kai̯ ekalesan to onoma au̯tuː ɔːbɛːd uːtos patɛːr iessai̯ patros dau̯id	KAI EKALESAN AUTU AI GETONES ONOMA LEGUSAI ETEKTE UIOS TE NOEMIN KAI EKALESAN TO ONOMA AUTU OBED UTOS PATER IESSAI PATROS DAUID	ud_ancient_greek_ptnk	4th-5th c. CE (Codex Alexandrinus)	religious	translit_map
ud_ancient_greek_ptnk_Septuagint-Ruth-4:18-grc	καὶ αὗται αἱ γενέσεις Φαρές· ἐγέννησεν τὸν Ἐσρών,	kai̯ au̯tai̯ ai̯ ɡeneseːs pʰares eɡennɛːsen ton esrɔːn	KAI AUTAI AI GENESES PARES EGENNESEN TON ESRON	ud_ancient_greek_ptnk	4th-5th c. CE (Codex Alexandrinus)	religious	translit_map
ud_ancient_greek_ptnk_Septuagint-Ruth-4:19-grc	Ἐσρὼν δὲ ἐγέννησεν τὸν Ἀρράν, καὶ Ἀρρὰν ἐγέννησεν τὸν Ἀμιναδάβ,	esrɔːn de eɡennɛːsen ton arran kai̯ arran eɡennɛːsen ton aminadab	ESRON DE EGENNESEN TON ARRAN KAI ARRAN EGENNESEN TON AMINADAB	ud_ancient_greek_ptnk	4th-5th c. CE (Codex Alexandrinus)	religious	translit_map
ud_ancient_greek_ptnk_Septuagint-Ruth-4:20-grc	καὶ Ἀμιναδὰβ ἐγέννησεν τὸν Ναασσών, καὶ Ναασσὼν ἐγέννησεν τὸν Σαλμών,	kai̯ aminadab eɡennɛːsen ton naassɔːn kai̯ naassɔːn eɡennɛːsen ton salmɔːn	KAI AMINADAB EGENNESEN TON NAASSON KAI NAASSON EGENNESEN TON SALMON	ud_ancient_greek_ptnk	4th-5th c. CE (Codex Alexandrinus)	religious	translit_map
ud_ancient_greek_ptnk_Septuagint-Ruth-4:21-grc	καὶ Σαλμὼν ἐγέννησεν τὸν Βοόζ, καὶ Βοὸζ ἐγέννησεν τὸν Ὠβήδ,	kai̯ salmɔːn eɡennɛːsen ton boozd kai̯ boozd eɡennɛːsen ton ɔːbɛːd	KAI SALMON EGENNESEN TON BOOSD KAI BOOSD EGENNESEN TON OBED	ud_ancient_greek_ptnk	4th-5th c. CE (Codex Alexandrinus)	religious	translit_map
ud_ancient_greek_ptnk_Septuagint-Ruth-4:22-grc	καὶ Ὠβὴδ ἐγέννησεν τὸν Ἰεσσαί, καὶ Ἰεσσαὶ ἐγέννησεν τὸν Δαυίδ.	kai̯ ɔːbɛːd eɡennɛːsen ton iessai̯ kai̯ iessai̯ eɡennɛːsen ton dau̯id	KAI OBED EGENNESEN TON IESSAI KAI IESSAI EGENNESEN TON DAUID	ud_ancient_greek_ptnk	4th-5th c. CE (Codex Alexandrinus)	religious	translit_map
