lost	top1_known	score	top10
aad	𒀸𒋗𒉿	-8.4226	"[[""𒀸𒋗𒉿"", -8.4226], [""𒀀𒀝𒉌𒅖"", -9.899], [""𒌷𒄩𒀜𒋾"", -9.899], [""𒈪𒋫𒀭𒉌"", -9.899], [""𒌷𒆷𒊍𒉺"", -9.899], [""𒌷𒉈𒂊𒊭𒀸"", -10.7315], [""𒌷𒀀𒉿𒅈𒈾"", -10.7315], [""ku6"", -12.1474], [""aʃ"", -12.8387], [""wa"", -12.8387]]"
aadi	𒀸𒋗𒉿	-10.6439	"[[""𒀸𒋗𒉿"", -10.6439], [""𒀀𒀝𒉌𒅖"", -11.1101], [""𒌷𒆷𒊍𒉺"", -11.1101], [""𒈪𒋫𒀭𒉌"", -11.1101], [""𒌷𒄩𒀜𒋾"", -11.1101], [""𒌷𒀀𒉿𒅈𒈾"", -12.2879], [""𒌷𒉈𒂊𒊭𒀸"", -12.2879], [""ku6"", -14.9765], [""𒋼𒊑𒀉𒋾𒌅𒌋𒉌𒅖"", -15.6251], [""lu"", -16.0479]]"
aadik	𒌷𒆷𒊍𒉺	-13.1999	"[[""𒌷𒆷𒊍𒉺"", -13.1999], [""𒀀𒀝𒉌𒅖"", -13.1999], [""𒌷𒄩𒀜𒋾"", -13.1999], [""𒈪𒋫𒀭𒉌"", -13.1999], [""𒀸𒋗𒉿"", -13.2697], [""𒌷𒀀𒉿𒅈𒈾"", -13.742], [""𒌷𒉈𒂊𒊭𒀸"", -13.742], [""𒋼𒊑𒀉𒋾𒌅𒌋𒉌𒅖"", -16.8346], [""ku6"", -17.9765], [""ke"", -19.3208]]"
aadiki	𒀀𒀝𒉌𒅖	-15.6764	"[[""𒀀𒀝𒉌𒅖"", -15.6764], [""𒌷𒄩𒀜𒋾"", -15.6764], [""𒈪𒋫𒀭𒉌"", -15.6764], [""𒌷𒆷𒊍𒉺"", -15.6764], [""𒌷𒀀𒉿𒅈𒈾"", -15.7621], [""𒌷𒉈𒂊𒊭𒀸"", -15.7621], [""𒀸𒋗𒉿"", -16.1017], [""𒋼𒊑𒀉𒋾𒌅𒌋𒉌𒅖"", -18.0751], [""ku6"", -21.0773], [""lu"", -22.6343]]"
aadikit	𒌷𒀀𒉿𒅈𒈾	-18.1288	"[[""𒌷𒀀𒉿𒅈𒈾"", -18.1288], [""𒌷𒉈𒂊𒊭𒀸"", -18.1288], [""𒌷𒄩𒀜𒋾"", -18.3706], [""𒀀𒀝𒉌𒅖"", -18.3706], [""𒌷𒆷𒊍𒉺"", -18.3706], [""𒈪𒋫𒀭𒉌"", -18.3706], [""𒀸𒋗𒉿"", -19.0604], [""𒋼𒊑𒀉𒋾𒌅𒌋𒉌𒅖"", -19.6834], [""ku6"", -24.2448], [""iːsˤaː́"", -25.6984]]"
aadikite	𒌷𒀀𒉿𒅈𒈾	-20.7122	"[[""𒌷𒀀𒉿𒅈𒈾"", -20.7122], [""𒌷𒉈𒂊𒊭𒀸"", -20.7122], [""𒀀𒀝𒉌𒅖"", -21.2055], [""𒌷𒄩𒀜𒋾"", -21.2055], [""𒈪𒋫𒀭𒉌"", -21.2055], [""𒌷𒆷𒊍𒉺"", -21.2055], [""𒋼𒊑𒀉𒋾𒌅𒌋𒉌𒅖"", -21.435], [""𒀸𒋗𒉿"", -22.1053], [""ku6"", -27.4599], [""iːsˤaː́"", -28.4239]]"
aadikites	𒋼𒊑𒀉𒋾𒌅𒌋𒉌𒅖	-23.4063	"[[""𒋼𒊑𒀉𒋾𒌅𒌋𒉌𒅖"", -23.4063], [""𒌷𒉈𒂊𒊭𒀸"", -23.4428], [""𒌷𒀀𒉿𒅈𒈾"", -23.4428], [""𒀀𒀝𒉌𒅖"", -24.139], [""𒌷𒄩𒀜𒋾"", -24.139], [""𒈪𒋫𒀭𒉌"", -24.139], [""𒌷𒆷𒊍𒉺"", -24.139], [""𒀸𒋗𒉿"", -25.2127], [""apːa"", -28.8211], [""paːi"", -28.8222]]"
aadikitesi	𒋼𒊑𒀉𒋾𒌅𒌋𒉌𒅖	-25.5942	"[[""𒋼𒊑𒀉𒋾𒌅𒌋𒉌𒅖"", -25.5942], [""𒌷𒀀𒉿𒅈𒈾"", -26.2798], [""𒌷𒉈𒂊𒊭𒀸"", -26.2798], [""𒌷𒄩𒀜𒋾"", -27.1456], [""𒀀𒀝𒉌𒅖"", -27.1456], [""𒌷𒆷𒊍𒉺"", -27.1456], [""𒈪𒋫𒀭𒉌"", -27.1456], [""𒀸𒋗𒉿"", -28.3678], [""apːa"", -32.3036], [""paːi"", -32.3079]]"
aaj	𒀸𒋗𒉿	-8.4226	"[[""𒀸𒋗𒉿"", -8.4226], [""eːʃ"", -8.4409], [""aʃ"", -9.3158], [""xuːʃ"", -9.6391], [""𒌷𒄩𒀜𒋾"", -9.899], [""𒀀𒀝𒉌𒅖"", -9.899], [""𒌷𒆷𒊍𒉺"", -9.899], [""𒈪𒋫𒀭𒉌"", -9.899], [""xus"", -10.4601], [""ʃum"", -10.4601]]"
aaja	𒀸𒋗𒉿	-10.6439	"[[""𒀸𒋗𒉿"", -10.6439], [""𒀀𒀝𒉌𒅖"", -11.1101], [""𒌷𒆷𒊍𒉺"", -11.1101], [""𒌷𒄩𒀜𒋾"", -11.1101], [""𒈪𒋫𒀭𒉌"", -11.1101], [""eːʃ"", -11.8594], [""𒌷𒉈𒂊𒊭𒀸"", -12.2879], [""𒌷𒀀𒉿𒅈𒈾"", -12.2879], [""aʃ"", -12.7424], [""xuːʃ"", -13.0457]]"
aau	𒀸𒋗𒉿	-8.4226	"[[""𒀸𒋗𒉿"", -8.4226], [""as"", -9.3933], [""kut"", -9.5934], [""ais"", -9.7388], [""xus"", -9.7388], [""𒀀𒀝𒉌𒅖"", -9.899], [""𒌷𒆷𒊍𒉺"", -9.899], [""𒌷𒄩𒀜𒋾"", -9.899], [""𒈪𒋫𒀭𒉌"", -9.899], [""tuk"", -9.9531]]"
ada	𒀸𒋗𒉿	-8.4226	"[[""𒀸𒋗𒉿"", -8.4226], [""𒀀𒀝𒉌𒅖"", -9.899], [""𒌷𒄩𒀜𒋾"", -9.899], [""𒈪𒋫𒀭𒉌"", -9.899], [""𒌷𒆷𒊍𒉺"", -9.899], [""𒌷𒉈𒂊𒊭𒀸"", -10.7315], [""𒌷𒀀𒉿𒅈𒈾"", -10.7315], [""ku6"", -12.1474], [""aʃ"", -12.8387], [""wa"", -12.8387]]"
adad	𒀸𒋗𒉿	-10.6439	"[[""𒀸𒋗𒉿"", -10.6439], [""𒀀𒀝𒉌𒅖"", -11.1101], [""𒌷𒆷𒊍𒉺"", -11.1101], [""𒈪𒋫𒀭𒉌"", -11.1101], [""𒌷𒄩𒀜𒋾"", -11.1101], [""𒌷𒀀𒉿𒅈𒈾"", -12.2879], [""𒌷𒉈𒂊𒊭𒀸"", -12.2879], [""ku6"", -14.9765], [""𒋼𒊑𒀉𒋾𒌅𒌋𒉌𒅖"", -15.6251], [""lu"", -16.0479]]"
adada	𒌷𒆷𒊍𒉺	-13.1999	"[[""𒌷𒆷𒊍𒉺"", -13.1999], [""𒀀𒀝𒉌𒅖"", -13.1999], [""𒌷𒄩𒀜𒋾"", -13.1999], [""𒈪𒋫𒀭𒉌"", -13.1999], [""𒀸𒋗𒉿"", -13.2697], [""𒌷𒀀𒉿𒅈𒈾"", -13.742], [""𒌷𒉈𒂊𒊭𒀸"", -13.742], [""𒋼𒊑𒀉𒋾𒌅𒌋𒉌𒅖"", -16.8346], [""ku6"", -17.9765], [""ke"", -19.3208]]"
adadau	𒀀𒀝𒉌𒅖	-15.6764	"[[""𒀀𒀝𒉌𒅖"", -15.6764], [""𒌷𒆷𒊍𒉺"", -15.6764], [""𒈪𒋫𒀭𒉌"", -15.6764], [""𒌷𒄩𒀜𒋾"", -15.6764], [""𒌷𒉈𒂊𒊭𒀸"", -15.7621], [""𒌷𒀀𒉿𒅈𒈾"", -15.7621], [""𒀸𒋗𒉿"", -16.1017], [""𒋼𒊑𒀉𒋾𒌅𒌋𒉌𒅖"", -18.0751], [""as"", -19.2234], [""kut"", -19.2541]]"
adadaut	𒌷𒉈𒂊𒊭𒀸	-18.1288	"[[""𒌷𒉈𒂊𒊭𒀸"", -18.1288], [""𒌷𒀀𒉿𒅈𒈾"", -18.1288], [""𒀀𒀝𒉌𒅖"", -18.3706], [""𒌷𒆷𒊍𒉺"", -18.3706], [""𒈪𒋫𒀭𒉌"", -18.3706], [""𒌷𒄩𒀜𒋾"", -18.3706], [""𒀸𒋗𒉿"", -19.0604], [""𒋼𒊑𒀉𒋾𒌅𒌋𒉌𒅖"", -19.6834], [""kut"", -22.7029], [""as"", -22.7256]]"
adadauti	𒌷𒉈𒂊𒊭𒀸	-20.7122	"[[""𒌷𒉈𒂊𒊭𒀸"", -20.7122], [""𒌷𒀀𒉿𒅈𒈾"", -20.7122], [""𒌷𒆷𒊍𒉺"", -21.2055], [""𒀀𒀝𒉌𒅖"", -21.2055], [""𒈪𒋫𒀭𒉌"", -21.2055], [""𒌷𒄩𒀜𒋾"", -21.2055], [""𒋼𒊑𒀉𒋾𒌅𒌋𒉌𒅖"", -21.435], [""𒀸𒋗𒉿"", -22.1053], [""iːsˤaː́"", -25.8407], [""aːsːa"", -25.8816]]"
adadautin	𒋼𒊑𒀉𒋾𒌅𒌋𒉌𒅖	-23.4063	"[[""𒋼𒊑𒀉𒋾𒌅𒌋𒉌𒅖"", -23.4063], [""𒌷𒉈𒂊𒊭𒀸"", -23.4428], [""𒌷𒀀𒉿𒅈𒈾"", -23.4428], [""𒌷𒆷𒊍𒉺"", -24.139], [""𒀀𒀝𒉌𒅖"", -24.139], [""𒈪𒋫𒀭𒉌"", -24.139], [""𒌷𒄩𒀜𒋾"", -24.139], [""𒀸𒋗𒉿"", -25.2127], [""iːsˤaː́"", -27.881], [""aːsːa"", -28.8233]]"
adadautinu	𒋼𒊑𒀉𒋾𒌅𒌋𒉌𒅖	-25.5942	"[[""𒋼𒊑𒀉𒋾𒌅𒌋𒉌𒅖"", -25.5942], [""𒌷𒀀𒉿𒅈𒈾"", -26.2798], [""𒌷𒉈𒂊𒊭𒀸"", -26.2798], [""𒀀𒀝𒉌𒅖"", -27.1456], [""𒈪𒋫𒀭𒉌"", -27.1456], [""𒌷𒄩𒀜𒋾"", -27.1456], [""𒌷𒆷𒊍𒉺"", -27.1456], [""𒀸𒋗𒉿"", -28.3678], [""tasːus"", -30.2498], [""iːsˤaː́"", -30.3402]]"
adau	𒀸𒋗𒉿	-10.6439	"[[""𒀸𒋗𒉿"", -10.6439], [""𒀀𒀝𒉌𒅖"", -11.1101], [""𒌷𒆷𒊍𒉺"", -11.1101], [""𒈪𒋫𒀭𒉌"", -11.1101], [""𒌷𒄩𒀜𒋾"", -11.1101], [""𒌷𒀀𒉿𒅈𒈾"", -12.2879], [""𒌷𒉈𒂊𒊭𒀸"", -12.2879], [""as"", -12.6134], [""kut"", -12.7336], [""ais"", -12.8319]]"
adaut	𒌷𒄩𒀜𒋾	-13.1999	"[[""𒌷𒄩𒀜𒋾"", -13.1999], [""𒀀𒀝𒉌𒅖"", -13.1999], [""𒈪𒋫𒀭𒉌"", -13.1999], [""𒌷𒆷𒊍𒉺"", -13.1999], [""𒀸𒋗𒉿"", -13.2697], [""𒌷𒉈𒂊𒊭𒀸"", -13.742], [""𒌷𒀀𒉿𒅈𒈾"", -13.742], [""as"", -16.113], [""kut"", -16.1471], [""xus"", -16.3369]]"
adauti	𒀀𒀝𒉌𒅖	-15.6764	"[[""𒀀𒀝𒉌𒅖"", -15.6764], [""𒈪𒋫𒀭𒉌"", -15.6764], [""𒌷𒆷𒊍𒉺"", -15.6764], [""𒌷𒄩𒀜𒋾"", -15.6764], [""𒌷𒀀𒉿𒅈𒈾"", -15.7621], [""𒌷𒉈𒂊𒊭𒀸"", -15.7621], [""𒀸𒋗𒉿"", -16.1017], [""𒋼𒊑𒀉𒋾𒌅𒌋𒉌𒅖"", -18.0751], [""kut"", -19.5661], [""tuk"", -19.5844]]"
adautin	𒌷𒀀𒉿𒅈𒈾	-18.1288	"[[""𒌷𒀀𒉿𒅈𒈾"", -18.1288], [""𒌷𒉈𒂊𒊭𒀸"", -18.1288], [""𒌷𒄩𒀜𒋾"", -18.3706], [""𒌷𒆷𒊍𒉺"", -18.3706], [""𒈪𒋫𒀭𒉌"", -18.3706], [""𒀀𒀝𒉌𒅖"", -18.3706], [""𒀸𒋗𒉿"", -19.0604], [""𒋼𒊑𒀉𒋾𒌅𒌋𒉌𒅖"", -19.6834], [""iːsˤaː́"", -21.7222], [""aːsːa"", -22.6493]]"
adautinu	𒌷𒉈𒂊𒊭𒀸	-20.7122	"[[""𒌷𒉈𒂊𒊭𒀸"", -20.7122], [""𒌷𒀀𒉿𒅈𒈾"", -20.7122], [""𒌷𒆷𒊍𒉺"", -21.2055], [""𒀀𒀝𒉌𒅖"", -21.2055], [""𒈪𒋫𒀭𒉌"", -21.2055], [""𒌷𒄩𒀜𒋾"", -21.2055], [""𒋼𒊑𒀉𒋾𒌅𒌋𒉌𒅖"", -21.435], [""𒀸𒋗𒉿"", -22.1053], [""tsak"", -23.5616], [""tsik"", -23.5616]]"
adautinui	𒋼𒊑𒀉𒋾𒌅𒌋𒉌𒅖	-23.4063	"[[""𒋼𒊑𒀉𒋾𒌅𒌋𒉌𒅖"", -23.4063], [""𒌷𒉈𒂊𒊭𒀸"", -23.4428], [""𒌷𒀀𒉿𒅈𒈾"", -23.4428], [""𒀀𒀝𒉌𒅖"", -24.139], [""𒈪𒋫𒀭𒉌"", -24.139], [""𒌷𒄩𒀜𒋾"", -24.139], [""𒌷𒆷𒊍𒉺"", -24.139], [""𒀸𒋗𒉿"", -25.2127], [""tsak"", -26.732], [""tsik"", -26.732]]"
adautinuin	𒋼𒊑𒀉𒋾𒌅𒌋𒉌𒅖	-25.5942	"[[""𒋼𒊑𒀉𒋾𒌅𒌋𒉌𒅖"", -25.5942], [""𒌷𒉈𒂊𒊭𒀸"", -26.2798], [""𒌷𒀀𒉿𒅈𒈾"", -26.2798], [""𒀀𒀝𒉌𒅖"", -27.1456], [""𒌷𒄩𒀜𒋾"", -27.1456], [""𒈪𒋫𒀭𒉌"", -27.1456], [""𒌷𒆷𒊍𒉺"", -27.1456], [""𒀸𒋗𒉿"", -28.3678], [""iːsˤaː́"", -29.6201], [""tsik"", -29.9811]]"
adaw	𒀸𒋗𒉿	-10.6439	"[[""𒀸𒋗𒉿"", -10.6439], [""𒀀𒀝𒉌𒅖"", -11.1101], [""𒌷𒆷𒊍𒉺"", -11.1101], [""𒈪𒋫𒀭𒉌"", -11.1101], [""𒌷𒄩𒀜𒋾"", -11.1101], [""𒌷𒀀𒉿𒅈𒈾"", -12.2879], [""𒌷𒉈𒂊𒊭𒀸"", -12.2879], [""ku6"", -14.9765], [""𒋼𒊑𒀉𒋾𒌅𒌋𒉌𒅖"", -15.6251], [""lu"", -16.0479]]"
adawa	𒌷𒆷𒊍𒉺	-13.1999	"[[""𒌷𒆷𒊍𒉺"", -13.1999], [""𒀀𒀝𒉌𒅖"", -13.1999], [""𒌷𒄩𒀜𒋾"", -13.1999], [""𒈪𒋫𒀭𒉌"", -13.1999], [""𒀸𒋗𒉿"", -13.2697], [""𒌷𒀀𒉿𒅈𒈾"", -13.742], [""𒌷𒉈𒂊𒊭𒀸"", -13.742], [""𒋼𒊑𒀉𒋾𒌅𒌋𒉌𒅖"", -16.8346], [""ku6"", -17.9765], [""ke"", -19.3208]]"
adawai	𒀀𒀝𒉌𒅖	-15.6764	"[[""𒀀𒀝𒉌𒅖"", -15.6764], [""𒌷𒄩𒀜𒋾"", -15.6764], [""𒈪𒋫𒀭𒉌"", -15.6764], [""𒌷𒆷𒊍𒉺"", -15.6764], [""𒌷𒀀𒉿𒅈𒈾"", -15.7621], [""𒌷𒉈𒂊𒊭𒀸"", -15.7621], [""𒀸𒋗𒉿"", -16.1017], [""𒋼𒊑𒀉𒋾𒌅𒌋𒉌𒅖"", -18.0751], [""ku6"", -21.0773], [""lu"", -22.6343]]"
adawaij	𒌷𒉈𒂊𒊭𒀸	-18.1288	"[[""𒌷𒉈𒂊𒊭𒀸"", -18.1288], [""𒌷𒀀𒉿𒅈𒈾"", -18.1288], [""𒌷𒆷𒊍𒉺"", -18.3706], [""𒌷𒄩𒀜𒋾"", -18.3706], [""𒈪𒋫𒀭𒉌"", -18.3706], [""𒀀𒀝𒉌𒅖"", -18.3706], [""𒀸𒋗𒉿"", -19.0604], [""𒋼𒊑𒀉𒋾𒌅𒌋𒉌𒅖"", -19.6834], [""eːʃ"", -20.7229], [""xuːʃ"", -21.0696]]"
adawaija	𒌷𒀀𒉿𒅈𒈾	-20.7122	"[[""𒌷𒀀𒉿𒅈𒈾"", -20.7122], [""𒌷𒉈𒂊𒊭𒀸"", -20.7122], [""𒀀𒀝𒉌𒅖"", -21.2055], [""𒌷𒆷𒊍𒉺"", -21.2055], [""𒌷𒄩𒀜𒋾"", -21.2055], [""𒈪𒋫𒀭𒉌"", -21.2055], [""𒋼𒊑𒀉𒋾𒌅𒌋𒉌𒅖"", -21.435], [""𒀸𒋗𒉿"", -22.1053], [""eːʃ"", -24.2138], [""xuːʃ"", -24.5657]]"
adi	𒀸𒋗𒉿	-8.4226	"[[""𒀸𒋗𒉿"", -8.4226], [""𒀀𒀝𒉌𒅖"", -9.899], [""𒌷𒄩𒀜𒋾"", -9.899], [""𒈪𒋫𒀭𒉌"", -9.899], [""𒌷𒆷𒊍𒉺"", -9.899], [""𒌷𒉈𒂊𒊭𒀸"", -10.7315], [""𒌷𒀀𒉿𒅈𒈾"", -10.7315], [""ku6"", -12.1474], [""aʃ"", -12.8387], [""wa"", -12.8387]]"
adik	𒀸𒋗𒉿	-10.6439	"[[""𒀸𒋗𒉿"", -10.6439], [""𒀀𒀝𒉌𒅖"", -11.1101], [""𒌷𒆷𒊍𒉺"", -11.1101], [""𒈪𒋫𒀭𒉌"", -11.1101], [""𒌷𒄩𒀜𒋾"", -11.1101], [""𒌷𒀀𒉿𒅈𒈾"", -12.2879], [""𒌷𒉈𒂊𒊭𒀸"", -12.2879], [""ku6"", -14.9765], [""𒋼𒊑𒀉𒋾𒌅𒌋𒉌𒅖"", -15.6251], [""lu"", -16.0479]]"
adiki	𒌷𒆷𒊍𒉺	-13.1999	"[[""𒌷𒆷𒊍𒉺"", -13.1999], [""𒀀𒀝𒉌𒅖"", -13.1999], [""𒌷𒄩𒀜𒋾"", -13.1999], [""𒈪𒋫𒀭𒉌"", -13.1999], [""𒀸𒋗𒉿"", -13.2697], [""𒌷𒀀𒉿𒅈𒈾"", -13.742], [""𒌷𒉈𒂊𒊭𒀸"", -13.742], [""𒋼𒊑𒀉𒋾𒌅𒌋𒉌𒅖"", -16.8346], [""ku6"", -17.9765], [""ke"", -19.3208]]"
adikit	𒀀𒀝𒉌𒅖	-15.6764	"[[""𒀀𒀝𒉌𒅖"", -15.6764], [""𒌷𒄩𒀜𒋾"", -15.6764], [""𒈪𒋫𒀭𒉌"", -15.6764], [""𒌷𒆷𒊍𒉺"", -15.6764], [""𒌷𒀀𒉿𒅈𒈾"", -15.7621], [""𒌷𒉈𒂊𒊭𒀸"", -15.7621], [""𒀸𒋗𒉿"", -16.1017], [""𒋼𒊑𒀉𒋾𒌅𒌋𒉌𒅖"", -18.0751], [""ku6"", -21.0773], [""lu"", -22.6343]]"
adikite	𒌷𒀀𒉿𒅈𒈾	-18.1288	"[[""𒌷𒀀𒉿𒅈𒈾"", -18.1288], [""𒌷𒉈𒂊𒊭𒀸"", -18.1288], [""𒌷𒄩𒀜𒋾"", -18.3706], [""𒀀𒀝𒉌𒅖"", -18.3706], [""𒌷𒆷𒊍𒉺"", -18.3706], [""𒈪𒋫𒀭𒉌"", -18.3706], [""𒀸𒋗𒉿"", -19.0604], [""𒋼𒊑𒀉𒋾𒌅𒌋𒉌𒅖"", -19.6834], [""ku6"", -24.2448], [""iːsˤaː́"", -25.6984]]"
adikites	𒌷𒀀𒉿𒅈𒈾	-20.7122	"[[""𒌷𒀀𒉿𒅈𒈾"", -20.7122], [""𒌷𒉈𒂊𒊭𒀸"", -20.7122], [""𒈪𒋫𒀭𒉌"", -21.2055], [""𒌷𒆷𒊍𒉺"", -21.2055], [""𒌷𒄩𒀜𒋾"", -21.2055], [""𒀀𒀝𒉌𒅖"", -21.2055], [""𒋼𒊑𒀉𒋾𒌅𒌋𒉌𒅖"", -21.435], [""𒀸𒋗𒉿"", -22.1053], [""apːa"", -25.6053], [""paːi"", -25.6066]]"
adikitesi	𒋼𒊑𒀉𒋾𒌅𒌋𒉌𒅖	-23.4063	"[[""𒋼𒊑𒀉𒋾𒌅𒌋𒉌𒅖"", -23.4063], [""𒌷𒉈𒂊𒊭𒀸"", -23.4428], [""𒌷𒀀𒉿𒅈𒈾"", -23.4428], [""𒌷𒆷𒊍𒉺"", -24.139], [""𒀀𒀝𒉌𒅖"", -24.139], [""𒌷𒄩𒀜𒋾"", -24.139], [""𒈪𒋫𒀭𒉌"", -24.139], [""𒀸𒋗𒉿"", -25.2127], [""apːa"", -29.0833], [""paːi"", -29.0882]]"
adikitesir	𒋼𒊑𒀉𒋾𒌅𒌋𒉌𒅖	-25.5942	"[[""𒋼𒊑𒀉𒋾𒌅𒌋𒉌𒅖"", -25.5942], [""𒌷𒉈𒂊𒊭𒀸"", -26.2798], [""𒌷𒀀𒉿𒅈𒈾"", -26.2798], [""𒌷𒆷𒊍𒉺"", -27.1456], [""𒀀𒀝𒉌𒅖"", -27.1456], [""𒈪𒋫𒀭𒉌"", -27.1456], [""𒌷𒄩𒀜𒋾"", -27.1456], [""𒀸𒋗𒉿"", -28.3678], [""saːki"", -30.1647], [""waːki"", -30.1647]]"
adikitet	𒌷𒀀𒉿𒅈𒈾	-20.7122	"[[""𒌷𒀀𒉿𒅈𒈾"", -20.7122], [""𒌷𒉈𒂊𒊭𒀸"", -20.7122], [""𒀀𒀝𒉌𒅖"", -21.2055], [""𒌷𒄩𒀜𒋾"", -21.2055], [""𒈪𒋫𒀭𒉌"", -21.2055], [""𒌷𒆷𒊍𒉺"", -21.2055], [""𒋼𒊑𒀉𒋾𒌅𒌋𒉌𒅖"", -21.435], [""𒀸𒋗𒉿"", -22.1053], [""ku6"", -27.4599], [""iːsˤaː́"", -28.4239]]"
adikitete	𒋼𒊑𒀉𒋾𒌅𒌋𒉌𒅖	-23.4063	"[[""𒋼𒊑𒀉𒋾𒌅𒌋𒉌𒅖"", -23.4063], [""𒌷𒉈𒂊𒊭𒀸"", -23.4428], [""𒌷𒀀𒉿𒅈𒈾"", -23.4428], [""𒀀𒀝𒉌𒅖"", -24.139], [""𒌷𒄩𒀜𒋾"", -24.139], [""𒌷𒆷𒊍𒉺"", -24.139], [""𒈪𒋫𒀭𒉌"", -24.139], [""𒀸𒋗𒉿"", -25.2127], [""ku6"", -30.7105], [""iːsˤaː́"", -31.2348]]"
adikiteter	𒋼𒊑𒀉𒋾𒌅𒌋𒉌𒅖	-25.5942	"[[""𒋼𒊑𒀉𒋾𒌅𒌋𒉌𒅖"", -25.5942], [""𒌷𒉈𒂊𒊭𒀸"", -26.2798], [""𒌷𒀀𒉿𒅈𒈾"", -26.2798], [""𒀀𒀝𒉌𒅖"", -27.1456], [""𒌷𒆷𒊍𒉺"", -27.1456], [""𒈪𒋫𒀭𒉌"", -27.1456], [""𒌷𒄩𒀜𒋾"", -27.1456], [""𒀸𒋗𒉿"", -28.3678], [""apːa"", -32.0719], [""paːi"", -32.0729]]"
adikitu	𒌷𒉈𒂊𒊭𒀸	-18.1288	"[[""𒌷𒉈𒂊𒊭𒀸"", -18.1288], [""𒌷𒀀𒉿𒅈𒈾"", -18.1288], [""𒀀𒀝𒉌𒅖"", -18.3706], [""𒌷𒄩𒀜𒋾"", -18.3706], [""𒈪𒋫𒀭𒉌"", -18.3706], [""𒌷𒆷𒊍𒉺"", -18.3706], [""𒀸𒋗𒉿"", -19.0604], [""𒋼𒊑𒀉𒋾𒌅𒌋𒉌𒅖"", -19.6834], [""as"", -22.577], [""kut"", -22.577]]"
adikituj	𒌷𒉈𒂊𒊭𒀸	-20.7122	"[[""𒌷𒉈𒂊𒊭𒀸"", -20.7122], [""𒌷𒀀𒉿𒅈𒈾"", -20.7122], [""𒌷𒆷𒊍𒉺"", -21.2055], [""𒌷𒄩𒀜𒋾"", -21.2055], [""𒈪𒋫𒀭𒉌"", -21.2055], [""𒀀𒀝𒉌𒅖"", -21.2055], [""𒋼𒊑𒀉𒋾𒌅𒌋𒉌𒅖"", -21.435], [""𒀸𒋗𒉿"", -22.1053], [""ke"", -23.5024], [""saːki"", -23.5279]]"
adikituja	𒋼𒊑𒀉𒋾𒌅𒌋𒉌𒅖	-23.4063	"[[""𒋼𒊑𒀉𒋾𒌅𒌋𒉌𒅖"", -23.4063], [""𒌷𒉈𒂊𒊭𒀸"", -23.4428], [""𒌷𒀀𒉿𒅈𒈾"", -23.4428], [""𒀀𒀝𒉌𒅖"", -24.139], [""𒌷𒆷𒊍𒉺"", -24.139], [""𒌷𒄩𒀜𒋾"", -24.139], [""𒈪𒋫𒀭𒉌"", -24.139], [""𒀸𒋗𒉿"", -25.2127], [""ku6"", -26.3423], [""saːki"", -26.8619]]"
adikitujas	𒋼𒊑𒀉𒋾𒌅𒌋𒉌𒅖	-25.5942	"[[""𒋼𒊑𒀉𒋾𒌅𒌋𒉌𒅖"", -25.5942], [""𒌷𒀀𒉿𒅈𒈾"", -26.2798], [""𒌷𒉈𒂊𒊭𒀸"", -26.2798], [""tuk"", -27.0102], [""𒌷𒄩𒀜𒋾"", -27.1456], [""𒀀𒀝𒉌𒅖"", -27.1456], [""𒌷𒆷𒊍𒉺"", -27.1456], [""𒈪𒋫𒀭𒉌"", -27.1456], [""tai"", -27.2903], [""paːi"", -27.7015]]"
aea	𒀸𒋗𒉿	-8.4226	"[[""𒀸𒋗𒉿"", -8.4226], [""𒀀𒀝𒉌𒅖"", -9.899], [""𒌷𒄩𒀜𒋾"", -9.899], [""𒈪𒋫𒀭𒉌"", -9.899], [""𒌷𒆷𒊍𒉺"", -9.899], [""𒌷𒉈𒂊𒊭𒀸"", -10.7315], [""𒌷𒀀𒉿𒅈𒈾"", -10.7315], [""ku6"", -12.1474], [""aʃ"", -12.8387], [""wa"", -12.8387]]"
aead	𒀸𒋗𒉿	-10.6439	"[[""𒀸𒋗𒉿"", -10.6439], [""𒀀𒀝𒉌𒅖"", -11.1101], [""𒌷𒆷𒊍𒉺"", -11.1101], [""𒈪𒋫𒀭𒉌"", -11.1101], [""𒌷𒄩𒀜𒋾"", -11.1101], [""𒌷𒀀𒉿𒅈𒈾"", -12.2879], [""𒌷𒉈𒂊𒊭𒀸"", -12.2879], [""ku6"", -14.9765], [""𒋼𒊑𒀉𒋾𒌅𒌋𒉌𒅖"", -15.6251], [""lu"", -16.0479]]"
aeadi	𒌷𒆷𒊍𒉺	-13.1999	"[[""𒌷𒆷𒊍𒉺"", -13.1999], [""𒀀𒀝𒉌𒅖"", -13.1999], [""𒌷𒄩𒀜𒋾"", -13.1999], [""𒈪𒋫𒀭𒉌"", -13.1999], [""𒀸𒋗𒉿"", -13.2697], [""𒌷𒀀𒉿𒅈𒈾"", -13.742], [""𒌷𒉈𒂊𒊭𒀸"", -13.742], [""𒋼𒊑𒀉𒋾𒌅𒌋𒉌𒅖"", -16.8346], [""ku6"", -17.9765], [""ke"", -19.3208]]"
aeadik	𒀀𒀝𒉌𒅖	-15.6764	"[[""𒀀𒀝𒉌𒅖"", -15.6764], [""𒌷𒄩𒀜𒋾"", -15.6764], [""𒈪𒋫𒀭𒉌"", -15.6764], [""𒌷𒆷𒊍𒉺"", -15.6764], [""𒌷𒀀𒉿𒅈𒈾"", -15.7621], [""𒌷𒉈𒂊𒊭𒀸"", -15.7621], [""𒀸𒋗𒉿"", -16.1017], [""𒋼𒊑𒀉𒋾𒌅𒌋𒉌𒅖"", -18.0751], [""ku6"", -21.0773], [""lu"", -22.6343]]"
aeadiki	𒌷𒀀𒉿𒅈𒈾	-18.1288	"[[""𒌷𒀀𒉿𒅈𒈾"", -18.1288], [""𒌷𒉈𒂊𒊭𒀸"", -18.1288], [""𒌷𒄩𒀜𒋾"", -18.3706], [""𒀀𒀝𒉌𒅖"", -18.3706], [""𒌷𒆷𒊍𒉺"", -18.3706], [""𒈪𒋫𒀭𒉌"", -18.3706], [""𒀸𒋗𒉿"", -19.0604], [""𒋼𒊑𒀉𒋾𒌅𒌋𒉌𒅖"", -19.6834], [""ku6"", -24.2448], [""iːsˤaː́"", -25.6984]]"
aeadikit	𒌷𒀀𒉿𒅈𒈾	-20.7122	"[[""𒌷𒀀𒉿𒅈𒈾"", -20.7122], [""𒌷𒉈𒂊𒊭𒀸"", -20.7122], [""𒀀𒀝𒉌𒅖"", -21.2055], [""𒌷𒄩𒀜𒋾"", -21.2055], [""𒈪𒋫𒀭𒉌"", -21.2055], [""𒌷𒆷𒊍𒉺"", -21.2055], [""𒋼𒊑𒀉𒋾𒌅𒌋𒉌𒅖"", -21.435], [""𒀸𒋗𒉿"", -22.1053], [""ku6"", -27.4599], [""iːsˤaː́"", -28.4239]]"
aeadikite	𒋼𒊑𒀉𒋾𒌅𒌋𒉌𒅖	-23.4063	"[[""𒋼𒊑𒀉𒋾𒌅𒌋𒉌𒅖"", -23.4063], [""𒌷𒉈𒂊𒊭𒀸"", -23.4428], [""𒌷𒀀𒉿𒅈𒈾"", -23.4428], [""𒀀𒀝𒉌𒅖"", -24.139], [""𒌷𒄩𒀜𒋾"", -24.139], [""𒌷𒆷𒊍𒉺"", -24.139], [""𒈪𒋫𒀭𒉌"", -24.139], [""𒀸𒋗𒉿"", -25.2127], [""ku6"", -30.7105], [""iːsˤaː́"", -31.2348]]"
aeadikitet	𒋼𒊑𒀉𒋾𒌅𒌋𒉌𒅖	-25.5942	"[[""𒋼𒊑𒀉𒋾𒌅𒌋𒉌𒅖"", -25.5942], [""𒌷𒉈𒂊𒊭𒀸"", -26.2798], [""𒌷𒀀𒉿𒅈𒈾"", -26.2798], [""𒀀𒀝𒉌𒅖"", -27.1456], [""𒌷𒆷𒊍𒉺"", -27.1456], [""𒈪𒋫𒀭𒉌"", -27.1456], [""𒌷𒄩𒀜𒋾"", -27.1456], [""𒀸𒋗𒉿"", -28.3678], [""ku6"", -33.9888], [""iːsˤaː́"", -34.1135]]"
aid	𒀸𒋗𒉿	-8.4226	"[[""𒀸𒋗𒉿"", -8.4226], [""𒀀𒀝𒉌𒅖"", -9.899], [""𒌷𒄩𒀜𒋾"", -9.899], [""𒈪𒋫𒀭𒉌"", -9.899], [""𒌷𒆷𒊍𒉺"", -9.899], [""𒌷𒉈𒂊𒊭𒀸"", -10.7315], [""𒌷𒀀𒉿𒅈𒈾"", -10.7315], [""ku6"", -12.1474], [""aʃ"", -12.8387], [""wa"", -12.8387]]"
aida	𒀸𒋗𒉿	-10.6439	"[[""𒀸𒋗𒉿"", -10.6439], [""𒀀𒀝𒉌𒅖"", -11.1101], [""𒌷𒆷𒊍𒉺"", -11.1101], [""𒈪𒋫𒀭𒉌"", -11.1101], [""𒌷𒄩𒀜𒋾"", -11.1101], [""𒌷𒀀𒉿𒅈𒈾"", -12.2879], [""𒌷𒉈𒂊𒊭𒀸"", -12.2879], [""ku6"", -14.9765], [""𒋼𒊑𒀉𒋾𒌅𒌋𒉌𒅖"", -15.6251], [""lu"", -16.0479]]"
aidaa	𒌷𒆷𒊍𒉺	-13.1999	"[[""𒌷𒆷𒊍𒉺"", -13.1999], [""𒀀𒀝𒉌𒅖"", -13.1999], [""𒌷𒄩𒀜𒋾"", -13.1999], [""𒈪𒋫𒀭𒉌"", -13.1999], [""𒀸𒋗𒉿"", -13.2697], [""𒌷𒀀𒉿𒅈𒈾"", -13.742], [""𒌷𒉈𒂊𒊭𒀸"", -13.742], [""𒋼𒊑𒀉𒋾𒌅𒌋𒉌𒅖"", -16.8346], [""ku6"", -17.9765], [""ke"", -19.3208]]"
aidaau	𒀀𒀝𒉌𒅖	-15.6764	"[[""𒀀𒀝𒉌𒅖"", -15.6764], [""𒌷𒆷𒊍𒉺"", -15.6764], [""𒈪𒋫𒀭𒉌"", -15.6764], [""𒌷𒄩𒀜𒋾"", -15.6764], [""𒌷𒉈𒂊𒊭𒀸"", -15.7621], [""𒌷𒀀𒉿𒅈𒈾"", -15.7621], [""𒀸𒋗𒉿"", -16.1017], [""𒋼𒊑𒀉𒋾𒌅𒌋𒉌𒅖"", -18.0751], [""as"", -19.2234], [""kut"", -19.2541]]"
aidaj	𒈪𒋫𒀭𒉌	-13.1999	"[[""𒈪𒋫𒀭𒉌"", -13.1999], [""𒀀𒀝𒉌𒅖"", -13.1999], [""𒌷𒄩𒀜𒋾"", -13.1999], [""𒌷𒆷𒊍𒉺"", -13.1999], [""𒀸𒋗𒉿"", -13.2697], [""𒌷𒉈𒂊𒊭𒀸"", -13.742], [""𒌷𒀀𒉿𒅈𒈾"", -13.742], [""eːʃ"", -14.3902], [""xuːʃ"", -14.9647], [""aʃ"", -15.8508]]"
aidaja	𒌷𒆷𒊍𒉺	-15.6764	"[[""𒌷𒆷𒊍𒉺"", -15.6764], [""𒀀𒀝𒉌𒅖"", -15.6764], [""𒌷𒄩𒀜𒋾"", -15.6764], [""𒈪𒋫𒀭𒉌"", -15.6764], [""𒌷𒀀𒉿𒅈𒈾"", -15.7621], [""𒌷𒉈𒂊𒊭𒀸"", -15.7621], [""𒀸𒋗𒉿"", -16.1017], [""eːʃ"", -17.8656], [""𒋼𒊑𒀉𒋾𒌅𒌋𒉌𒅖"", -18.0751], [""xuːʃ"", -18.4486]]"
aidajas	𒌷𒉈𒂊𒊭𒀸	-18.1288	"[[""𒌷𒉈𒂊𒊭𒀸"", -18.1288], [""𒌷𒀀𒉿𒅈𒈾"", -18.1288], [""𒌷𒄩𒀜𒋾"", -18.3706], [""𒀀𒀝𒉌𒅖"", -18.3706], [""𒌷𒆷𒊍𒉺"", -18.3706], [""𒈪𒋫𒀭𒉌"", -18.3706], [""uːxːi"", -18.5973], [""𒀸𒋗𒉿"", -19.0604], [""𒋼𒊑𒀉𒋾𒌅𒌋𒉌𒅖"", -19.6834], [""uxːi"", -19.9407]]"
aij	𒀸𒋗𒉿	-8.4226	"[[""𒀸𒋗𒉿"", -8.4226], [""eːʃ"", -8.4409], [""aʃ"", -9.3158], [""xuːʃ"", -9.6391], [""𒌷𒄩𒀜𒋾"", -9.899], [""𒀀𒀝𒉌𒅖"", -9.899], [""𒌷𒆷𒊍𒉺"", -9.899], [""𒈪𒋫𒀭𒉌"", -9.899], [""xus"", -10.4601], [""ʃum"", -10.4601]]"
aija	𒀸𒋗𒉿	-10.6439	"[[""𒀸𒋗𒉿"", -10.6439], [""𒀀𒀝𒉌𒅖"", -11.1101], [""𒌷𒆷𒊍𒉺"", -11.1101], [""𒌷𒄩𒀜𒋾"", -11.1101], [""𒈪𒋫𒀭𒉌"", -11.1101], [""eːʃ"", -11.8594], [""𒌷𒉈𒂊𒊭𒀸"", -12.2879], [""𒌷𒀀𒉿𒅈𒈾"", -12.2879], [""aʃ"", -12.7424], [""xuːʃ"", -13.0457]]"
ain	𒀸𒋗𒉿	-8.4226	"[[""𒀸𒋗𒉿"", -8.4226], [""𒀀𒀝𒉌𒅖"", -9.899], [""𒌷𒄩𒀜𒋾"", -9.899], [""𒈪𒋫𒀭𒉌"", -9.899], [""𒌷𒆷𒊍𒉺"", -9.899], [""𒌷𒉈𒂊𒊭𒀸"", -10.7315], [""𒌷𒀀𒉿𒅈𒈾"", -10.7315], [""ku6"", -12.1474], [""aʃ"", -12.8387], [""wa"", -12.8387]]"
aina	𒀸𒋗𒉿	-10.6439	"[[""𒀸𒋗𒉿"", -10.6439], [""𒀀𒀝𒉌𒅖"", -11.1101], [""𒌷𒆷𒊍𒉺"", -11.1101], [""𒈪𒋫𒀭𒉌"", -11.1101], [""𒌷𒄩𒀜𒋾"", -11.1101], [""𒌷𒀀𒉿𒅈𒈾"", -12.2879], [""𒌷𒉈𒂊𒊭𒀸"", -12.2879], [""ku6"", -14.9765], [""𒋼𒊑𒀉𒋾𒌅𒌋𒉌𒅖"", -15.6251], [""lu"", -16.0479]]"
ainaj	𒈪𒋫𒀭𒉌	-13.1999	"[[""𒈪𒋫𒀭𒉌"", -13.1999], [""𒀀𒀝𒉌𒅖"", -13.1999], [""𒌷𒄩𒀜𒋾"", -13.1999], [""𒌷𒆷𒊍𒉺"", -13.1999], [""𒀸𒋗𒉿"", -13.2697], [""𒌷𒉈𒂊𒊭𒀸"", -13.742], [""𒌷𒀀𒉿𒅈𒈾"", -13.742], [""eːʃ"", -14.3902], [""xuːʃ"", -14.9647], [""aʃ"", -15.8508]]"
ainaja	𒌷𒆷𒊍𒉺	-15.6764	"[[""𒌷𒆷𒊍𒉺"", -15.6764], [""𒀀𒀝𒉌𒅖"", -15.6764], [""𒌷𒄩𒀜𒋾"", -15.6764], [""𒈪𒋫𒀭𒉌"", -15.6764], [""𒌷𒀀𒉿𒅈𒈾"", -15.7621], [""𒌷𒉈𒂊𒊭𒀸"", -15.7621], [""𒀸𒋗𒉿"", -16.1017], [""eːʃ"", -17.8656], [""𒋼𒊑𒀉𒋾𒌅𒌋𒉌𒅖"", -18.0751], [""xuːʃ"", -18.4486]]"
ainajar	𒌷𒉈𒂊𒊭𒀸	-18.1288	"[[""𒌷𒉈𒂊𒊭𒀸"", -18.1288], [""𒌷𒀀𒉿𒅈𒈾"", -18.1288], [""𒌷𒄩𒀜𒋾"", -18.3706], [""𒀀𒀝𒉌𒅖"", -18.3706], [""𒌷𒆷𒊍𒉺"", -18.3706], [""𒈪𒋫𒀭𒉌"", -18.3706], [""uːxːi"", -18.5973], [""𒀸𒋗𒉿"", -19.0604], [""𒋼𒊑𒀉𒋾𒌅𒌋𒉌𒅖"", -19.6834], [""uxːi"", -19.9407]]"
ainajare	𒌷𒉈𒂊𒊭𒀸	-20.7122	"[[""𒌷𒉈𒂊𒊭𒀸"", -20.7122], [""𒌷𒀀𒉿𒅈𒈾"", -20.7122], [""𒈪𒋫𒀭𒉌"", -21.2055], [""𒀀𒀝𒉌𒅖"", -21.2055], [""𒌷𒄩𒀜𒋾"", -21.2055], [""𒌷𒆷𒊍𒉺"", -21.2055], [""𒋼𒊑𒀉𒋾𒌅𒌋𒉌𒅖"", -21.435], [""uːxːi"", -22.0924], [""𒀸𒋗𒉿"", -22.1053], [""uxːi"", -23.4365]]"
ainajaret	𒋼𒊑𒀉𒋾𒌅𒌋𒉌𒅖	-23.4063	"[[""𒋼𒊑𒀉𒋾𒌅𒌋𒉌𒅖"", -23.4063], [""𒌷𒀀𒉿𒅈𒈾"", -23.4428], [""𒌷𒉈𒂊𒊭𒀸"", -23.4428], [""𒌷𒄩𒀜𒋾"", -24.139], [""𒀀𒀝𒉌𒅖"", -24.139], [""𒌷𒆷𒊍𒉺"", -24.139], [""𒈪𒋫𒀭𒉌"", -24.139], [""𒀸𒋗𒉿"", -25.2127], [""uːxːi"", -25.5831], [""uxːi"", -26.9285]]"
ainajareta	𒋼𒊑𒀉𒋾𒌅𒌋𒉌𒅖	-25.5942	"[[""𒋼𒊑𒀉𒋾𒌅𒌋𒉌𒅖"", -25.5942], [""𒌷𒀀𒉿𒅈𒈾"", -26.2798], [""𒌷𒉈𒂊𒊭𒀸"", -26.2798], [""𒀀𒀝𒉌𒅖"", -27.1456], [""𒌷𒄩𒀜𒋾"", -27.1456], [""𒌷𒆷𒊍𒉺"", -27.1456], [""𒈪𒋫𒀭𒉌"", -27.1456], [""𒀸𒋗𒉿"", -28.3678], [""uːxːi"", -29.0691], [""iːsˤaː́"", -29.8263]]"
ainw	𒀸𒋗𒉿	-10.6439	"[[""𒀸𒋗𒉿"", -10.6439], [""𒀀𒀝𒉌𒅖"", -11.1101], [""𒌷𒆷𒊍𒉺"", -11.1101], [""𒈪𒋫𒀭𒉌"", -11.1101], [""𒌷𒄩𒀜𒋾"", -11.1101], [""𒌷𒀀𒉿𒅈𒈾"", -12.2879], [""𒌷𒉈𒂊𒊭𒀸"", -12.2879], [""ku6"", -14.9765], [""𒋼𒊑𒀉𒋾𒌅𒌋𒉌𒅖"", -15.6251], [""lu"", -16.0479]]"
ainwa	𒌷𒆷𒊍𒉺	-13.1999	"[[""𒌷𒆷𒊍𒉺"", -13.1999], [""𒀀𒀝𒉌𒅖"", -13.1999], [""𒌷𒄩𒀜𒋾"", -13.1999], [""𒈪𒋫𒀭𒉌"", -13.1999], [""𒀸𒋗𒉿"", -13.2697], [""𒌷𒀀𒉿𒅈𒈾"", -13.742], [""𒌷𒉈𒂊𒊭𒀸"", -13.742], [""𒋼𒊑𒀉𒋾𒌅𒌋𒉌𒅖"", -16.8346], [""ku6"", -17.9765], [""ke"", -19.3208]]"
ainwaz	𒀀𒀝𒉌𒅖	-15.6764	"[[""𒀀𒀝𒉌𒅖"", -15.6764], [""𒌷𒄩𒀜𒋾"", -15.6764], [""𒈪𒋫𒀭𒉌"", -15.6764], [""𒌷𒆷𒊍𒉺"", -15.6764], [""𒌷𒀀𒉿𒅈𒈾"", -15.7621], [""𒌷𒉈𒂊𒊭𒀸"", -15.7621], [""𒀸𒋗𒉿"", -16.1017], [""𒋼𒊑𒀉𒋾𒌅𒌋𒉌𒅖"", -18.0751], [""ku6"", -21.0773], [""lu"", -22.6343]]"
ainwaza	𒌷𒀀𒉿𒅈𒈾	-18.1288	"[[""𒌷𒀀𒉿𒅈𒈾"", -18.1288], [""𒌷𒉈𒂊𒊭𒀸"", -18.1288], [""𒌷𒄩𒀜𒋾"", -18.3706], [""𒀀𒀝𒉌𒅖"", -18.3706], [""𒌷𒆷𒊍𒉺"", -18.3706], [""𒈪𒋫𒀭𒉌"", -18.3706], [""𒀸𒋗𒉿"", -19.0604], [""𒋼𒊑𒀉𒋾𒌅𒌋𒉌𒅖"", -19.6834], [""ku6"", -24.2448], [""iːsˤaː́"", -25.6984]]"
ainwazaΦ	𒌷𒀀𒉿𒅈𒈾	-20.7122	"[[""𒌷𒀀𒉿𒅈𒈾"", -20.7122], [""𒌷𒉈𒂊𒊭𒀸"", -20.7122], [""𒀀𒀝𒉌𒅖"", -21.2055], [""𒌷𒄩𒀜𒋾"", -21.2055], [""𒈪𒋫𒀭𒉌"", -21.2055], [""𒌷𒆷𒊍𒉺"", -21.2055], [""𒋼𒊑𒀉𒋾𒌅𒌋𒉌𒅖"", -21.435], [""𒀸𒋗𒉿"", -22.1053], [""ku6"", -27.4599], [""iːsˤaː́"", -28.4239]]"
ainwazaΦn	𒋼𒊑𒀉𒋾𒌅𒌋𒉌𒅖	-23.4063	"[[""𒋼𒊑𒀉𒋾𒌅𒌋𒉌𒅖"", -23.4063], [""𒌷𒉈𒂊𒊭𒀸"", -23.4428], [""𒌷𒀀𒉿𒅈𒈾"", -23.4428], [""𒀀𒀝𒉌𒅖"", -24.139], [""𒌷𒄩𒀜𒋾"", -24.139], [""𒌷𒆷𒊍𒉺"", -24.139], [""𒈪𒋫𒀭𒉌"", -24.139], [""𒀸𒋗𒉿"", -25.2127], [""ku6"", -30.7105], [""iːsˤaː́"", -31.2348]]"
ainwazaΦni	𒋼𒊑𒀉𒋾𒌅𒌋𒉌𒅖	-25.5942	"[[""𒋼𒊑𒀉𒋾𒌅𒌋𒉌𒅖"", -25.5942], [""𒌷𒉈𒂊𒊭𒀸"", -26.2798], [""𒌷𒀀𒉿𒅈𒈾"", -26.2798], [""𒀀𒀝𒉌𒅖"", -27.1456], [""𒌷𒆷𒊍𒉺"", -27.1456], [""𒈪𒋫𒀭𒉌"", -27.1456], [""𒌷𒄩𒀜𒋾"", -27.1456], [""𒀸𒋗𒉿"", -28.3678], [""ku6"", -33.9888], [""iːsˤaː́"", -34.1135]]"
aiΘ	𒀸𒋗𒉿	-8.4226	"[[""𒀸𒋗𒉿"", -8.4226], [""𒀀𒀝𒉌𒅖"", -9.899], [""𒌷𒄩𒀜𒋾"", -9.899], [""𒈪𒋫𒀭𒉌"", -9.899], [""𒌷𒆷𒊍𒉺"", -9.899], [""𒌷𒉈𒂊𒊭𒀸"", -10.7315], [""𒌷𒀀𒉿𒅈𒈾"", -10.7315], [""ku6"", -12.1474], [""aʃ"", -12.8387], [""wa"", -12.8387]]"
aiΘt	𒀸𒋗𒉿	-10.6439	"[[""𒀸𒋗𒉿"", -10.6439], [""𒀀𒀝𒉌𒅖"", -11.1101], [""𒌷𒆷𒊍𒉺"", -11.1101], [""𒈪𒋫𒀭𒉌"", -11.1101], [""𒌷𒄩𒀜𒋾"", -11.1101], [""𒌷𒀀𒉿𒅈𒈾"", -12.2879], [""𒌷𒉈𒂊𒊭𒀸"", -12.2879], [""ku6"", -14.9765], [""𒋼𒊑𒀉𒋾𒌅𒌋𒉌𒅖"", -15.6251], [""lu"", -16.0479]]"
aiΘti	𒌷𒆷𒊍𒉺	-13.1999	"[[""𒌷𒆷𒊍𒉺"", -13.1999], [""𒀀𒀝𒉌𒅖"", -13.1999], [""𒌷𒄩𒀜𒋾"", -13.1999], [""𒈪𒋫𒀭𒉌"", -13.1999], [""𒀸𒋗𒉿"", -13.2697], [""𒌷𒀀𒉿𒅈𒈾"", -13.742], [""𒌷𒉈𒂊𒊭𒀸"", -13.742], [""𒋼𒊑𒀉𒋾𒌅𒌋𒉌𒅖"", -16.8346], [""ku6"", -17.9765], [""ke"", -19.3208]]"
aiΘtij	𒀀𒀝𒉌𒅖	-15.6764	"[[""𒀀𒀝𒉌𒅖"", -15.6764], [""𒌷𒆷𒊍𒉺"", -15.6764], [""𒈪𒋫𒀭𒉌"", -15.6764], [""𒌷𒄩𒀜𒋾"", -15.6764], [""𒌷𒉈𒂊𒊭𒀸"", -15.7621], [""𒌷𒀀𒉿𒅈𒈾"", -15.7621], [""𒀸𒋗𒉿"", -16.1017], [""eːʃ"", -17.5269], [""xuːʃ"", -17.9674], [""𒋼𒊑𒀉𒋾𒌅𒌋𒉌𒅖"", -18.0751]]"
aiΘtija	𒌷𒉈𒂊𒊭𒀸	-18.1288	"[[""𒌷𒉈𒂊𒊭𒀸"", -18.1288], [""𒌷𒀀𒉿𒅈𒈾"", -18.1288], [""𒀀𒀝𒉌𒅖"", -18.3706], [""𒈪𒋫𒀭𒉌"", -18.3706], [""𒌷𒄩𒀜𒋾"", -18.3706], [""𒌷𒆷𒊍𒉺"", -18.3706], [""𒀸𒋗𒉿"", -19.0604], [""𒋼𒊑𒀉𒋾𒌅𒌋𒉌𒅖"", -19.6834], [""eːʃ"", -21.012], [""xuːʃ"", -21.4593]]"
aiΘtijas	𒌷𒀀𒉿𒅈𒈾	-20.7122	"[[""𒌷𒀀𒉿𒅈𒈾"", -20.7122], [""𒌷𒉈𒂊𒊭𒀸"", -20.7122], [""𒈪𒋫𒀭𒉌"", -21.2055], [""𒀀𒀝𒉌𒅖"", -21.2055], [""𒌷𒄩𒀜𒋾"", -21.2055], [""𒌷𒆷𒊍𒉺"", -21.2055], [""𒋼𒊑𒀉𒋾𒌅𒌋𒉌𒅖"", -21.435], [""uːxːi"", -21.7352], [""𒀸𒋗𒉿"", -22.1053], [""uxːi"", -23.254]]"
aiΘtijasa	𒋼𒊑𒀉𒋾𒌅𒌋𒉌𒅖	-23.4063	"[[""𒋼𒊑𒀉𒋾𒌅𒌋𒉌𒅖"", -23.4063], [""𒌷𒉈𒂊𒊭𒀸"", -23.4428], [""𒌷𒀀𒉿𒅈𒈾"", -23.4428], [""𒀀𒀝𒉌𒅖"", -24.139], [""𒌷𒄩𒀜𒋾"", -24.139], [""𒈪𒋫𒀭𒉌"", -24.139], [""𒌷𒆷𒊍𒉺"", -24.139], [""𒀸𒋗𒉿"", -25.2127], [""uːxːi"", -25.2305], [""uxːi"", -26.7503]]"
aiΘtijasas	𒋼𒊑𒀉𒋾𒌅𒌋𒉌𒅖	-25.5942	"[[""𒋼𒊑𒀉𒋾𒌅𒌋𒉌𒅖"", -25.5942], [""𒌷𒀀𒉿𒅈𒈾"", -26.2798], [""𒌷𒉈𒂊𒊭𒀸"", -26.2798], [""𒀀𒀝𒉌𒅖"", -27.1456], [""𒌷𒄩𒀜𒋾"", -27.1456], [""𒈪𒋫𒀭𒉌"", -27.1456], [""𒌷𒆷𒊍𒉺"", -27.1456], [""uːxːi"", -27.3548], [""apːa"", -27.6763], [""xʃap"", -28.2871]]"
aiΘu	𒀸𒋗𒉿	-10.6439	"[[""𒀸𒋗𒉿"", -10.6439], [""𒀀𒀝𒉌𒅖"", -11.1101], [""𒌷𒆷𒊍𒉺"", -11.1101], [""𒈪𒋫𒀭𒉌"", -11.1101], [""𒌷𒄩𒀜𒋾"", -11.1101], [""𒌷𒀀𒉿𒅈𒈾"", -12.2879], [""𒌷𒉈𒂊𒊭𒀸"", -12.2879], [""as"", -12.6134], [""kut"", -12.7336], [""ais"", -12.8319]]"
aiΘuj	ke	-12.9871	"[[""ke"", -12.9871], [""𒌷𒆷𒊍𒉺"", -13.1999], [""𒀀𒀝𒉌𒅖"", -13.1999], [""𒈪𒋫𒀭𒉌"", -13.1999], [""𒌷𒄩𒀜𒋾"", -13.1999], [""𒀸𒋗𒉿"", -13.2697], [""𒌷𒉈𒂊𒊭𒀸"", -13.742], [""𒌷𒀀𒉿𒅈𒈾"", -13.742], [""iti"", -13.9845], [""pata"", -14.021]]"
aiΘuja	𒀀𒀝𒉌𒅖	-15.6764	"[[""𒀀𒀝𒉌𒅖"", -15.6764], [""𒌷𒆷𒊍𒉺"", -15.6764], [""𒌷𒄩𒀜𒋾"", -15.6764], [""𒈪𒋫𒀭𒉌"", -15.6764], [""𒌷𒀀𒉿𒅈𒈾"", -15.7621], [""𒌷𒉈𒂊𒊭𒀸"", -15.7621], [""ku6"", -15.8332], [""𒀸𒋗𒉿"", -16.1017], [""ke"", -16.4913], [""saːki"", -17.4286]]"
aiΘut	𒌷𒄩𒀜𒋾	-13.1999	"[[""𒌷𒄩𒀜𒋾"", -13.1999], [""𒀀𒀝𒉌𒅖"", -13.1999], [""𒈪𒋫𒀭𒉌"", -13.1999], [""𒌷𒆷𒊍𒉺"", -13.1999], [""𒀸𒋗𒉿"", -13.2697], [""𒌷𒉈𒂊𒊭𒀸"", -13.742], [""𒌷𒀀𒉿𒅈𒈾"", -13.742], [""as"", -16.113], [""kut"", -16.1471], [""xus"", -16.3369]]"
aiΘuti	𒀀𒀝𒉌𒅖	-15.6764	"[[""𒀀𒀝𒉌𒅖"", -15.6764], [""𒈪𒋫𒀭𒉌"", -15.6764], [""𒌷𒆷𒊍𒉺"", -15.6764], [""𒌷𒄩𒀜𒋾"", -15.6764], [""𒌷𒀀𒉿𒅈𒈾"", -15.7621], [""𒌷𒉈𒂊𒊭𒀸"", -15.7621], [""𒀸𒋗𒉿"", -16.1017], [""𒋼𒊑𒀉𒋾𒌅𒌋𒉌𒅖"", -18.0751], [""kut"", -19.5661], [""tuk"", -19.5844]]"
aiΘutin	𒌷𒀀𒉿𒅈𒈾	-18.1288	"[[""𒌷𒀀𒉿𒅈𒈾"", -18.1288], [""𒌷𒉈𒂊𒊭𒀸"", -18.1288], [""𒌷𒄩𒀜𒋾"", -18.3706], [""𒌷𒆷𒊍𒉺"", -18.3706], [""𒈪𒋫𒀭𒉌"", -18.3706], [""𒀀𒀝𒉌𒅖"", -18.3706], [""𒀸𒋗𒉿"", -19.0604], [""𒋼𒊑𒀉𒋾𒌅𒌋𒉌𒅖"", -19.6834], [""iːsˤaː́"", -21.7222], [""aːsːa"", -22.6493]]"
aiΘutinu	𒌷𒉈𒂊𒊭𒀸	-20.7122	"[[""𒌷𒉈𒂊𒊭𒀸"", -20.7122], [""𒌷𒀀𒉿𒅈𒈾"", -20.7122], [""𒌷𒆷𒊍𒉺"", -21.2055], [""𒀀𒀝𒉌𒅖"", -21.2055], [""𒈪𒋫𒀭𒉌"", -21.2055], [""𒌷𒄩𒀜𒋾"", -21.2055], [""𒋼𒊑𒀉𒋾𒌅𒌋𒉌𒅖"", -21.435], [""𒀸𒋗𒉿"", -22.1053], [""tsak"", -23.5616], [""tsik"", -23.5616]]"
aiΘutinuj	𒋼𒊑𒀉𒋾𒌅𒌋𒉌𒅖	-23.4063	"[[""𒋼𒊑𒀉𒋾𒌅𒌋𒉌𒅖"", -23.4063], [""𒌷𒉈𒂊𒊭𒀸"", -23.4428], [""𒌷𒀀𒉿𒅈𒈾"", -23.4428], [""𒀀𒀝𒉌𒅖"", -24.139], [""𒈪𒋫𒀭𒉌"", -24.139], [""𒌷𒄩𒀜𒋾"", -24.139], [""𒌷𒆷𒊍𒉺"", -24.139], [""saːki"", -24.1871], [""aːsːa"", -24.7072], [""eʃtsi"", -24.712]]"
aiΘutinuja	𒋼𒊑𒀉𒋾𒌅𒌋𒉌𒅖	-25.5942	"[[""𒋼𒊑𒀉𒋾𒌅𒌋𒉌𒅖"", -25.5942], [""𒌷𒀀𒉿𒅈𒈾"", -26.2798], [""𒌷𒉈𒂊𒊭𒀸"", -26.2798], [""𒀀𒀝𒉌𒅖"", -27.1456], [""𒌷𒄩𒀜𒋾"", -27.1456], [""𒈪𒋫𒀭𒉌"", -27.1456], [""𒌷𒆷𒊍𒉺"", -27.1456], [""saːki"", -27.6697], [""aːsːa"", -28.2007], [""eʃtsi"", -28.2161]]"
aiΘw	𒀸𒋗𒉿	-10.6439	"[[""𒀸𒋗𒉿"", -10.6439], [""𒀀𒀝𒉌𒅖"", -11.1101], [""𒌷𒆷𒊍𒉺"", -11.1101], [""𒈪𒋫𒀭𒉌"", -11.1101], [""𒌷𒄩𒀜𒋾"", -11.1101], [""𒌷𒀀𒉿𒅈𒈾"", -12.2879], [""𒌷𒉈𒂊𒊭𒀸"", -12.2879], [""ku6"", -14.9765], [""𒋼𒊑𒀉𒋾𒌅𒌋𒉌𒅖"", -15.6251], [""lu"", -16.0479]]"
aiΘwa	𒌷𒆷𒊍𒉺	-13.1999	"[[""𒌷𒆷𒊍𒉺"", -13.1999], [""𒀀𒀝𒉌𒅖"", -13.1999], [""𒌷𒄩𒀜𒋾"", -13.1999], [""𒈪𒋫𒀭𒉌"", -13.1999], [""𒀸𒋗𒉿"", -13.2697], [""𒌷𒀀𒉿𒅈𒈾"", -13.742], [""𒌷𒉈𒂊𒊭𒀸"", -13.742], [""𒋼𒊑𒀉𒋾𒌅𒌋𒉌𒅖"", -16.8346], [""ku6"", -17.9765], [""ke"", -19.3208]]"
aiΘwae	𒀀𒀝𒉌𒅖	-15.6764	"[[""𒀀𒀝𒉌𒅖"", -15.6764], [""𒌷𒄩𒀜𒋾"", -15.6764], [""𒈪𒋫𒀭𒉌"", -15.6764], [""𒌷𒆷𒊍𒉺"", -15.6764], [""𒌷𒀀𒉿𒅈𒈾"", -15.7621], [""𒌷𒉈𒂊𒊭𒀸"", -15.7621], [""𒀸𒋗𒉿"", -16.1017], [""𒋼𒊑𒀉𒋾𒌅𒌋𒉌𒅖"", -18.0751], [""ku6"", -21.0773], [""lu"", -22.6343]]"
aiΘwaea	𒌷𒀀𒉿𒅈𒈾	-18.1288	"[[""𒌷𒀀𒉿𒅈𒈾"", -18.1288], [""𒌷𒉈𒂊𒊭𒀸"", -18.1288], [""𒌷𒄩𒀜𒋾"", -18.3706], [""𒀀𒀝𒉌𒅖"", -18.3706], [""𒌷𒆷𒊍𒉺"", -18.3706], [""𒈪𒋫𒀭𒉌"", -18.3706], [""𒀸𒋗𒉿"", -19.0604], [""𒋼𒊑𒀉𒋾𒌅𒌋𒉌𒅖"", -19.6834], [""ku6"", -24.2448], [""iːsˤaː́"", -25.6984]]"
aiΘwaead	𒌷𒀀𒉿𒅈𒈾	-20.7122	"[[""𒌷𒀀𒉿𒅈𒈾"", -20.7122], [""𒌷𒉈𒂊𒊭𒀸"", -20.7122], [""𒀀𒀝𒉌𒅖"", -21.2055], [""𒌷𒄩𒀜𒋾"", -21.2055], [""𒈪𒋫𒀭𒉌"", -21.2055], [""𒌷𒆷𒊍𒉺"", -21.2055], [""𒋼𒊑𒀉𒋾𒌅𒌋𒉌𒅖"", -21.435], [""𒀸𒋗𒉿"", -22.1053], [""ku6"", -27.4599], [""iːsˤaː́"", -28.4239]]"
aiΘwaeadi	𒋼𒊑𒀉𒋾𒌅𒌋𒉌𒅖	-23.4063	"[[""𒋼𒊑𒀉𒋾𒌅𒌋𒉌𒅖"", -23.4063], [""𒌷𒉈𒂊𒊭𒀸"", -23.4428], [""𒌷𒀀𒉿𒅈𒈾"", -23.4428], [""𒀀𒀝𒉌𒅖"", -24.139], [""𒌷𒄩𒀜𒋾"", -24.139], [""𒌷𒆷𒊍𒉺"", -24.139], [""𒈪𒋫𒀭𒉌"", -24.139], [""𒀸𒋗𒉿"", -25.2127], [""ku6"", -30.7105], [""iːsˤaː́"", -31.2348]]"
aiΘwaeadik	𒋼𒊑𒀉𒋾𒌅𒌋𒉌𒅖	-25.5942	"[[""𒋼𒊑𒀉𒋾𒌅𒌋𒉌𒅖"", -25.5942], [""𒌷𒉈𒂊𒊭𒀸"", -26.2798], [""𒌷𒀀𒉿𒅈𒈾"", -26.2798], [""𒀀𒀝𒉌𒅖"", -27.1456], [""𒌷𒆷𒊍𒉺"", -27.1456], [""𒈪𒋫𒀭𒉌"", -27.1456], [""𒌷𒄩𒀜𒋾"", -27.1456], [""𒀸𒋗𒉿"", -28.3678], [""ku6"", -33.9888], [""iːsˤaː́"", -34.1135]]"
aiΘwaj	𒀀𒀝𒉌𒅖	-15.6764	"[[""𒀀𒀝𒉌𒅖"", -15.6764], [""𒌷𒆷𒊍𒉺"", -15.6764], [""𒈪𒋫𒀭𒉌"", -15.6764], [""𒌷𒄩𒀜𒋾"", -15.6764], [""𒌷𒉈𒂊𒊭𒀸"", -15.7621], [""𒌷𒀀𒉿𒅈𒈾"", -15.7621], [""𒀸𒋗𒉿"", -16.1017], [""eːʃ"", -17.5269], [""xuːʃ"", -17.9674], [""𒋼𒊑𒀉𒋾𒌅𒌋𒉌𒅖"", -18.0751]]"
aiΘwaja	𒌷𒉈𒂊𒊭𒀸	-18.1288	"[[""𒌷𒉈𒂊𒊭𒀸"", -18.1288], [""𒌷𒀀𒉿𒅈𒈾"", -18.1288], [""𒀀𒀝𒉌𒅖"", -18.3706], [""𒈪𒋫𒀭𒉌"", -18.3706], [""𒌷𒄩𒀜𒋾"", -18.3706], [""𒌷𒆷𒊍𒉺"", -18.3706], [""𒀸𒋗𒉿"", -19.0604], [""𒋼𒊑𒀉𒋾𒌅𒌋𒉌𒅖"", -19.6834], [""eːʃ"", -21.012], [""xuːʃ"", -21.4593]]"
aiΘwajaa	𒌷𒀀𒉿𒅈𒈾	-20.7122	"[[""𒌷𒀀𒉿𒅈𒈾"", -20.7122], [""𒌷𒉈𒂊𒊭𒀸"", -20.7122], [""𒈪𒋫𒀭𒉌"", -21.2055], [""𒌷𒆷𒊍𒉺"", -21.2055], [""𒌷𒄩𒀜𒋾"", -21.2055], [""𒀀𒀝𒉌𒅖"", -21.2055], [""𒋼𒊑𒀉𒋾𒌅𒌋𒉌𒅖"", -21.435], [""𒀸𒋗𒉿"", -22.1053], [""eːʃ"", -24.4839], [""xuːʃ"", -24.9393]]"
aiΘwajaad	𒋼𒊑𒀉𒋾𒌅𒌋𒉌𒅖	-23.4063	"[[""𒋼𒊑𒀉𒋾𒌅𒌋𒉌𒅖"", -23.4063], [""𒌷𒀀𒉿𒅈𒈾"", -23.4428], [""𒌷𒉈𒂊𒊭𒀸"", -23.4428], [""𒀀𒀝𒉌𒅖"", -24.139], [""𒈪𒋫𒀭𒉌"", -24.139], [""𒌷𒄩𒀜𒋾"", -24.139], [""𒌷𒆷𒊍𒉺"", -24.139], [""𒀸𒋗𒉿"", -25.2127], [""eːʃ"", -27.9441], [""iːsˤaː́"", -28.2585]]"
aiΘwajaadi	𒋼𒊑𒀉𒋾𒌅𒌋𒉌𒅖	-25.5942	"[[""𒋼𒊑𒀉𒋾𒌅𒌋𒉌𒅖"", -25.5942], [""𒌷𒀀𒉿𒅈𒈾"", -26.2798], [""𒌷𒉈𒂊𒊭𒀸"", -26.2798], [""𒈪𒋫𒀭𒉌"", -27.1456], [""𒌷𒄩𒀜𒋾"", -27.1456], [""𒌷𒆷𒊍𒉺"", -27.1456], [""𒀀𒀝𒉌𒅖"", -27.1456], [""𒀸𒋗𒉿"", -28.3678], [""iːsˤaː́"", -31.0647], [""eːʃ"", -31.3941]]"
aiΘwajaaj	𒋼𒊑𒀉𒋾𒌅𒌋𒉌𒅖	-23.4063	"[[""𒋼𒊑𒀉𒋾𒌅𒌋𒉌𒅖"", -23.4063], [""𒌷𒀀𒉿𒅈𒈾"", -23.4428], [""𒌷𒉈𒂊𒊭𒀸"", -23.4428], [""𒀀𒀝𒉌𒅖"", -24.139], [""𒈪𒋫𒀭𒉌"", -24.139], [""𒌷𒆷𒊍𒉺"", -24.139], [""𒌷𒄩𒀜𒋾"", -24.139], [""eːʃ"", -24.506], [""uːxːi"", -24.5196], [""atːaːʃ"", -24.9833]]"
aiΘwajaaja	𒋼𒊑𒀉𒋾𒌅𒌋𒉌𒅖	-25.5942	"[[""𒋼𒊑𒀉𒋾𒌅𒌋𒉌𒅖"", -25.5942], [""𒌷𒀀𒉿𒅈𒈾"", -26.2798], [""𒌷𒉈𒂊𒊭𒀸"", -26.2798], [""𒌷𒄩𒀜𒋾"", -27.1456], [""𒀀𒀝𒉌𒅖"", -27.1456], [""𒈪𒋫𒀭𒉌"", -27.1456], [""𒌷𒆷𒊍𒉺"", -27.1456], [""uːxːi"", -27.9381], [""eːʃ"", -28.0116], [""𒀸𒋗𒉿"", -28.3678]]"
aiΘwajaj	𒌷𒀀𒉿𒅈𒈾	-20.7122	"[[""𒌷𒀀𒉿𒅈𒈾"", -20.7122], [""𒌷𒉈𒂊𒊭𒀸"", -20.7122], [""𒌷𒆷𒊍𒉺"", -21.2055], [""𒈪𒋫𒀭𒉌"", -21.2055], [""𒌷𒄩𒀜𒋾"", -21.2055], [""𒀀𒀝𒉌𒅖"", -21.2055], [""𒋼𒊑𒀉𒋾𒌅𒌋𒉌𒅖"", -21.435], [""eːʃ"", -21.6198], [""uːxːi"", -21.7031], [""𒀸𒋗𒉿"", -22.1053]]"
aiΘwajaja	𒋼𒊑𒀉𒋾𒌅𒌋𒉌𒅖	-23.4063	"[[""𒋼𒊑𒀉𒋾𒌅𒌋𒉌𒅖"", -23.4063], [""𒌷𒀀𒉿𒅈𒈾"", -23.4428], [""𒌷𒉈𒂊𒊭𒀸"", -23.4428], [""𒈪𒋫𒀭𒉌"", -24.139], [""𒀀𒀝𒉌𒅖"", -24.139], [""𒌷𒄩𒀜𒋾"", -24.139], [""𒌷𒆷𒊍𒉺"", -24.139], [""uːxːi"", -25.1142], [""eːʃ"", -25.1239], [""𒀸𒋗𒉿"", -25.2127]]"
aiΘwajajaa	𒋼𒊑𒀉𒋾𒌅𒌋𒉌𒅖	-25.5942	"[[""𒋼𒊑𒀉𒋾𒌅𒌋𒉌𒅖"", -25.5942], [""𒌷𒉈𒂊𒊭𒀸"", -26.2798], [""𒌷𒀀𒉿𒅈𒈾"", -26.2798], [""𒀀𒀝𒉌𒅖"", -27.1456], [""𒌷𒆷𒊍𒉺"", -27.1456], [""𒈪𒋫𒀭𒉌"", -27.1456], [""𒌷𒄩𒀜𒋾"", -27.1456], [""𒀸𒋗𒉿"", -28.3678], [""uːxːi"", -28.4837], [""eːʃ"", -28.6266]]"
aiΘwajajad	𒋼𒊑𒀉𒋾𒌅𒌋𒉌𒅖	-25.5942	"[[""𒋼𒊑𒀉𒋾𒌅𒌋𒉌𒅖"", -25.5942], [""𒌷𒉈𒂊𒊭𒀸"", -26.2798], [""𒌷𒀀𒉿𒅈𒈾"", -26.2798], [""𒀀𒀝𒉌𒅖"", -27.1456], [""𒌷𒆷𒊍𒉺"", -27.1456], [""𒈪𒋫𒀭𒉌"", -27.1456], [""𒌷𒄩𒀜𒋾"", -27.1456], [""𒀸𒋗𒉿"", -28.3678], [""uːxːi"", -28.4837], [""eːʃ"", -28.6266]]"
aiΘwajajai	𒋼𒊑𒀉𒋾𒌅𒌋𒉌𒅖	-25.5942	"[[""𒋼𒊑𒀉𒋾𒌅𒌋𒉌𒅖"", -25.5942], [""𒌷𒉈𒂊𒊭𒀸"", -26.2798], [""𒌷𒀀𒉿𒅈𒈾"", -26.2798], [""𒀀𒀝𒉌𒅖"", -27.1456], [""𒌷𒆷𒊍𒉺"", -27.1456], [""𒈪𒋫𒀭𒉌"", -27.1456], [""𒌷𒄩𒀜𒋾"", -27.1456], [""𒀸𒋗𒉿"", -28.3678], [""uːxːi"", -28.4837], [""eːʃ"", -28.6266]]"
aiΘwajajaj	xuːxːaːʃ	-24.9459	"[[""xuːxːaːʃ"", -24.9459], [""taːʃːuːʃ"", -24.9795], [""xuːʃ"", -25.2113], [""𒋼𒊑𒀉𒋾𒌅𒌋𒉌𒅖"", -25.5942], [""uːxːi"", -25.6906], [""neːʃaʃ"", -26.2749], [""𒌷𒀀𒉿𒅈𒈾"", -26.2798], [""𒌷𒉈𒂊𒊭𒀸"", -26.2798], [""Ḫatːuʃa"", -26.3182], [""iʃxaːʃ"", -26.4879]]"
aiΘwajajas	𒋼𒊑𒀉𒋾𒌅𒌋𒉌𒅖	-25.5942	"[[""𒋼𒊑𒀉𒋾𒌅𒌋𒉌𒅖"", -25.5942], [""uːxːi"", -25.6963], [""𒌷𒀀𒉿𒅈𒈾"", -26.2798], [""𒌷𒉈𒂊𒊭𒀸"", -26.2798], [""Ḫatːuʃa"", -26.3433], [""uxːi"", -26.539], [""𒀀𒀝𒉌𒅖"", -27.1456], [""𒌷𒆷𒊍𒉺"", -27.1456], [""𒈪𒋫𒀭𒉌"", -27.1456], [""𒌷𒄩𒀜𒋾"", -27.1456]]"
aiΘwajas	𒌷𒀀𒉿𒅈𒈾	-20.7122	"[[""𒌷𒀀𒉿𒅈𒈾"", -20.7122], [""𒌷𒉈𒂊𒊭𒀸"", -20.7122], [""𒈪𒋫𒀭𒉌"", -21.2055], [""𒀀𒀝𒉌𒅖"", -21.2055], [""𒌷𒄩𒀜𒋾"", -21.2055], [""𒌷𒆷𒊍𒉺"", -21.2055], [""𒋼𒊑𒀉𒋾𒌅𒌋𒉌𒅖"", -21.435], [""uːxːi"", -21.7352], [""𒀸𒋗𒉿"", -22.1053], [""uxːi"", -23.254]]"
aiΘwajase	𒋼𒊑𒀉𒋾𒌅𒌋𒉌𒅖	-23.4063	"[[""𒋼𒊑𒀉𒋾𒌅𒌋𒉌𒅖"", -23.4063], [""𒌷𒉈𒂊𒊭𒀸"", -23.4428], [""𒌷𒀀𒉿𒅈𒈾"", -23.4428], [""𒀀𒀝𒉌𒅖"", -24.139], [""𒌷𒄩𒀜𒋾"", -24.139], [""𒈪𒋫𒀭𒉌"", -24.139], [""𒌷𒆷𒊍𒉺"", -24.139], [""𒀸𒋗𒉿"", -25.2127], [""uːxːi"", -25.2305], [""uxːi"", -26.7503]]"
aiΘwajasek	𒋼𒊑𒀉𒋾𒌅𒌋𒉌𒅖	-25.5942	"[[""𒋼𒊑𒀉𒋾𒌅𒌋𒉌𒅖"", -25.5942], [""𒌷𒀀𒉿𒅈𒈾"", -26.2798], [""𒌷𒉈𒂊𒊭𒀸"", -26.2798], [""𒀀𒀝𒉌𒅖"", -27.1456], [""𒈪𒋫𒀭𒉌"", -27.1456], [""𒌷𒆷𒊍𒉺"", -27.1456], [""𒌷𒄩𒀜𒋾"", -27.1456], [""𒀸𒋗𒉿"", -28.3678], [""uːxːi"", -28.7219], [""uxːi"", -30.2429]]"
aiΘwajat	𒌷𒀀𒉿𒅈𒈾	-20.7122	"[[""𒌷𒀀𒉿𒅈𒈾"", -20.7122], [""𒌷𒉈𒂊𒊭𒀸"", -20.7122], [""𒈪𒋫𒀭𒉌"", -21.2055], [""𒌷𒆷𒊍𒉺"", -21.2055], [""𒌷𒄩𒀜𒋾"", -21.2055], [""𒀀𒀝𒉌𒅖"", -21.2055], [""𒋼𒊑𒀉𒋾𒌅𒌋𒉌𒅖"", -21.435], [""𒀸𒋗𒉿"", -22.1053], [""eːʃ"", -24.4839], [""xuːʃ"", -24.9393]]"
aiΘwajatu	𒋼𒊑𒀉𒋾𒌅𒌋𒉌𒅖	-23.4063	"[[""𒋼𒊑𒀉𒋾𒌅𒌋𒉌𒅖"", -23.4063], [""𒌷𒉈𒂊𒊭𒀸"", -23.4428], [""𒌷𒀀𒉿𒅈𒈾"", -23.4428], [""𒌷𒆷𒊍𒉺"", -24.139], [""𒀀𒀝𒉌𒅖"", -24.139], [""𒈪𒋫𒀭𒉌"", -24.139], [""𒌷𒄩𒀜𒋾"", -24.139], [""𒀸𒋗𒉿"", -25.2127], [""as"", -25.9068], [""asːus"", -26.3079]]"
aiΘwajatur	𒋼𒊑𒀉𒋾𒌅𒌋𒉌𒅖	-25.5942	"[[""𒋼𒊑𒀉𒋾𒌅𒌋𒉌𒅖"", -25.5942], [""𒌷𒉈𒂊𒊭𒀸"", -26.2798], [""𒌷𒀀𒉿𒅈𒈾"", -26.2798], [""𒌷𒄩𒀜𒋾"", -27.1456], [""𒀀𒀝𒉌𒅖"", -27.1456], [""𒌷𒆷𒊍𒉺"", -27.1456], [""𒈪𒋫𒀭𒉌"", -27.1456], [""iti"", -27.2847], [""eːʃtsi"", -27.6057], [""uːxːi"", -27.6375]]"
aja	𒀸𒋗𒉿	-8.4226	"[[""𒀸𒋗𒉿"", -8.4226], [""eːʃ"", -9.1478], [""aʃ"", -9.5693], [""ʃum"", -9.7665], [""xus"", -9.7665], [""𒌷𒆷𒊍𒉺"", -9.899], [""𒀀𒀝𒉌𒅖"", -9.899], [""𒌷𒄩𒀜𒋾"", -9.899], [""𒈪𒋫𒀭𒉌"", -9.899], [""ku6"", -10.3806]]"
ajaa	𒀸𒋗𒉿	-10.6439	"[[""𒀸𒋗𒉿"", -10.6439], [""𒀀𒀝𒉌𒅖"", -11.1101], [""𒌷𒄩𒀜𒋾"", -11.1101], [""𒈪𒋫𒀭𒉌"", -11.1101], [""𒌷𒆷𒊍𒉺"", -11.1101], [""𒌷𒉈𒂊𒊭𒀸"", -12.2879], [""𒌷𒀀𒉿𒅈𒈾"", -12.2879], [""eːʃ"", -12.3865], [""xus"", -12.8547], [""ʃum"", -12.8547]]"
ajaad	𒌷𒄩𒀜𒋾	-13.1999	"[[""𒌷𒄩𒀜𒋾"", -13.1999], [""𒀀𒀝𒉌𒅖"", -13.1999], [""𒌷𒆷𒊍𒉺"", -13.1999], [""𒈪𒋫𒀭𒉌"", -13.1999], [""𒀸𒋗𒉿"", -13.2697], [""𒌷𒀀𒉿𒅈𒈾"", -13.742], [""𒌷𒉈𒂊𒊭𒀸"", -13.742], [""eːʃ"", -15.6102], [""ʃum"", -16.0608], [""xus"", -16.0608]]"
ajaadi	𒌷𒄩𒀜𒋾	-15.6764	"[[""𒌷𒄩𒀜𒋾"", -15.6764], [""𒀀𒀝𒉌𒅖"", -15.6764], [""𒌷𒆷𒊍𒉺"", -15.6764], [""𒈪𒋫𒀭𒉌"", -15.6764], [""𒌷𒉈𒂊𒊭𒀸"", -15.7621], [""𒌷𒀀𒉿𒅈𒈾"", -15.7621], [""𒀸𒋗𒉿"", -16.1017], [""𒋼𒊑𒀉𒋾𒌅𒌋𒉌𒅖"", -18.0751], [""eːʃ"", -18.8424], [""ʃum"", -19.3314]]"
ajaadik	𒌷𒉈𒂊𒊭𒀸	-18.1288	"[[""𒌷𒉈𒂊𒊭𒀸"", -18.1288], [""𒌷𒀀𒉿𒅈𒈾"", -18.1288], [""𒀀𒀝𒉌𒅖"", -18.3706], [""𒌷𒆷𒊍𒉺"", -18.3706], [""𒌷𒄩𒀜𒋾"", -18.3706], [""𒈪𒋫𒀭𒉌"", -18.3706], [""𒀸𒋗𒉿"", -19.0604], [""𒋼𒊑𒀉𒋾𒌅𒌋𒉌𒅖"", -19.6834], [""eːʃ"", -22.0924], [""iːsˤaː́"", -22.3004]]"
ajaadiki	𒌷𒉈𒂊𒊭𒀸	-20.7122	"[[""𒌷𒉈𒂊𒊭𒀸"", -20.7122], [""𒌷𒀀𒉿𒅈𒈾"", -20.7122], [""𒀀𒀝𒉌𒅖"", -21.2055], [""𒌷𒄩𒀜𒋾"", -21.2055], [""𒌷𒆷𒊍𒉺"", -21.2055], [""𒈪𒋫𒀭𒉌"", -21.2055], [""𒋼𒊑𒀉𒋾𒌅𒌋𒉌𒅖"", -21.435], [""𒀸𒋗𒉿"", -22.1053], [""iːsˤaː́"", -24.9344], [""eːʃ"", -25.3625]]"
ajaadikit	𒋼𒊑𒀉𒋾𒌅𒌋𒉌𒅖	-23.4063	"[[""𒋼𒊑𒀉𒋾𒌅𒌋𒉌𒅖"", -23.4063], [""𒌷𒀀𒉿𒅈𒈾"", -23.4428], [""𒌷𒉈𒂊𒊭𒀸"", -23.4428], [""𒀀𒀝𒉌𒅖"", -24.139], [""𒌷𒄩𒀜𒋾"", -24.139], [""𒌷𒆷𒊍𒉺"", -24.139], [""𒈪𒋫𒀭𒉌"", -24.139], [""𒀸𒋗𒉿"", -25.2127], [""iːsˤaː́"", -27.6782], [""eːʃ"", -28.6518]]"
ajaadikite	𒋼𒊑𒀉𒋾𒌅𒌋𒉌𒅖	-25.5942	"[[""𒋼𒊑𒀉𒋾𒌅𒌋𒉌𒅖"", -25.5942], [""𒌷𒉈𒂊𒊭𒀸"", -26.2798], [""𒌷𒀀𒉿𒅈𒈾"", -26.2798], [""𒀀𒀝𒉌𒅖"", -27.1456], [""𒌷𒆷𒊍𒉺"", -27.1456], [""𒌷𒄩𒀜𒋾"", -27.1456], [""𒈪𒋫𒀭𒉌"", -27.1456], [""𒀸𒋗𒉿"", -28.3678], [""iːsˤaː́"", -30.5081], [""eːʃ"", -31.9586]]"
ajaaj	eːʃ	-10.5478	"[[""eːʃ"", -10.5478], [""xuːʃ"", -11.604], [""aʃ"", -11.8809], [""uːxːi"", -12.4527], [""uxːi"", -12.9869], [""araːʃ"", -13.0582], [""𒀀𒀝𒉌𒅖"", -13.1999], [""𒈪𒋫𒀭𒉌"", -13.1999], [""𒌷𒄩𒀜𒋾"", -13.1999], [""𒌷𒆷𒊍𒉺"", -13.1999]]"
ajaaja	eːʃ	-14.0532	"[[""eːʃ"", -14.0532], [""xuːʃ"", -15.0466], [""aʃ"", -15.3872], [""uːxːi"", -15.4956], [""𒈪𒋫𒀭𒉌"", -15.6764], [""𒌷𒆷𒊍𒉺"", -15.6764], [""𒌷𒄩𒀜𒋾"", -15.6764], [""𒀀𒀝𒉌𒅖"", -15.6764], [""𒌷𒀀𒉿𒅈𒈾"", -15.7621], [""𒌷𒉈𒂊𒊭𒀸"", -15.7621]]"
ajad	𒀸𒋗𒉿	-10.6439	"[[""𒀸𒋗𒉿"", -10.6439], [""𒀀𒀝𒉌𒅖"", -11.1101], [""𒌷𒄩𒀜𒋾"", -11.1101], [""𒈪𒋫𒀭𒉌"", -11.1101], [""𒌷𒆷𒊍𒉺"", -11.1101], [""𒌷𒉈𒂊𒊭𒀸"", -12.2879], [""𒌷𒀀𒉿𒅈𒈾"", -12.2879], [""eːʃ"", -12.3865], [""xus"", -12.8547], [""ʃum"", -12.8547]]"
ajadi	𒌷𒄩𒀜𒋾	-13.1999	"[[""𒌷𒄩𒀜𒋾"", -13.1999], [""𒀀𒀝𒉌𒅖"", -13.1999], [""𒌷𒆷𒊍𒉺"", -13.1999], [""𒈪𒋫𒀭𒉌"", -13.1999], [""𒀸𒋗𒉿"", -13.2697], [""𒌷𒀀𒉿𒅈𒈾"", -13.742], [""𒌷𒉈𒂊𒊭𒀸"", -13.742], [""eːʃ"", -15.6102], [""ʃum"", -16.0608], [""xus"", -16.0608]]"
ajadik	𒌷𒄩𒀜𒋾	-15.6764	"[[""𒌷𒄩𒀜𒋾"", -15.6764], [""𒀀𒀝𒉌𒅖"", -15.6764], [""𒌷𒆷𒊍𒉺"", -15.6764], [""𒈪𒋫𒀭𒉌"", -15.6764], [""𒌷𒉈𒂊𒊭𒀸"", -15.7621], [""𒌷𒀀𒉿𒅈𒈾"", -15.7621], [""𒀸𒋗𒉿"", -16.1017], [""𒋼𒊑𒀉𒋾𒌅𒌋𒉌𒅖"", -18.0751], [""eːʃ"", -18.8424], [""ʃum"", -19.3314]]"
ajadiki	𒌷𒉈𒂊𒊭𒀸	-18.1288	"[[""𒌷𒉈𒂊𒊭𒀸"", -18.1288], [""𒌷𒀀𒉿𒅈𒈾"", -18.1288], [""𒀀𒀝𒉌𒅖"", -18.3706], [""𒌷𒆷𒊍𒉺"", -18.3706], [""𒌷𒄩𒀜𒋾"", -18.3706], [""𒈪𒋫𒀭𒉌"", -18.3706], [""𒀸𒋗𒉿"", -19.0604], [""𒋼𒊑𒀉𒋾𒌅𒌋𒉌𒅖"", -19.6834], [""eːʃ"", -22.0924], [""iːsˤaː́"", -22.3004]]"
ajadikit	𒌷𒉈𒂊𒊭𒀸	-20.7122	"[[""𒌷𒉈𒂊𒊭𒀸"", -20.7122], [""𒌷𒀀𒉿𒅈𒈾"", -20.7122], [""𒀀𒀝𒉌𒅖"", -21.2055], [""𒌷𒄩𒀜𒋾"", -21.2055], [""𒌷𒆷𒊍𒉺"", -21.2055], [""𒈪𒋫𒀭𒉌"", -21.2055], [""𒋼𒊑𒀉𒋾𒌅𒌋𒉌𒅖"", -21.435], [""𒀸𒋗𒉿"", -22.1053], [""iːsˤaː́"", -24.9344], [""eːʃ"", -25.3625]]"
ajadikitu	𒋼𒊑𒀉𒋾𒌅𒌋𒉌𒅖	-23.4063	"[[""𒋼𒊑𒀉𒋾𒌅𒌋𒉌𒅖"", -23.4063], [""𒌷𒀀𒉿𒅈𒈾"", -23.4428], [""𒌷𒉈𒂊𒊭𒀸"", -23.4428], [""𒀀𒀝𒉌𒅖"", -24.139], [""𒌷𒆷𒊍𒉺"", -24.139], [""𒈪𒋫𒀭𒉌"", -24.139], [""𒌷𒄩𒀜𒋾"", -24.139], [""𒀸𒋗𒉿"", -25.2127], [""as"", -25.9034], [""xus"", -25.9783]]"
ajadikituj	𒋼𒊑𒀉𒋾𒌅𒌋𒉌𒅖	-25.5942	"[[""𒋼𒊑𒀉𒋾𒌅𒌋𒉌𒅖"", -25.5942], [""𒌷𒉈𒂊𒊭𒀸"", -26.2798], [""𒌷𒀀𒉿𒅈𒈾"", -26.2798], [""eːʃ"", -26.8381], [""eːʃtsi"", -26.9162], [""𒀀𒀝𒉌𒅖"", -27.1456], [""𒈪𒋫𒀭𒉌"", -27.1456], [""𒌷𒄩𒀜𒋾"", -27.1456], [""𒌷𒆷𒊍𒉺"", -27.1456], [""iti"", -27.2812]]"
ajai	𒀸𒋗𒉿	-10.6439	"[[""𒀸𒋗𒉿"", -10.6439], [""𒀀𒀝𒉌𒅖"", -11.1101], [""𒌷𒄩𒀜𒋾"", -11.1101], [""𒈪𒋫𒀭𒉌"", -11.1101], [""𒌷𒆷𒊍𒉺"", -11.1101], [""𒌷𒉈𒂊𒊭𒀸"", -12.2879], [""𒌷𒀀𒉿𒅈𒈾"", -12.2879], [""eːʃ"", -12.3865], [""xus"", -12.8547], [""ʃum"", -12.8547]]"
ajain	𒌷𒄩𒀜𒋾	-13.1999	"[[""𒌷𒄩𒀜𒋾"", -13.1999], [""𒀀𒀝𒉌𒅖"", -13.1999], [""𒌷𒆷𒊍𒉺"", -13.1999], [""𒈪𒋫𒀭𒉌"", -13.1999], [""𒀸𒋗𒉿"", -13.2697], [""𒌷𒀀𒉿𒅈𒈾"", -13.742], [""𒌷𒉈𒂊𒊭𒀸"", -13.742], [""eːʃ"", -15.6102], [""ʃum"", -16.0608], [""xus"", -16.0608]]"
ajainw	𒌷𒄩𒀜𒋾	-15.6764	"[[""𒌷𒄩𒀜𒋾"", -15.6764], [""𒀀𒀝𒉌𒅖"", -15.6764], [""𒌷𒆷𒊍𒉺"", -15.6764], [""𒈪𒋫𒀭𒉌"", -15.6764], [""𒌷𒉈𒂊𒊭𒀸"", -15.7621], [""𒌷𒀀𒉿𒅈𒈾"", -15.7621], [""𒀸𒋗𒉿"", -16.1017], [""𒋼𒊑𒀉𒋾𒌅𒌋𒉌𒅖"", -18.0751], [""eːʃ"", -18.8424], [""ʃum"", -19.3314]]"
ajainwa	𒌷𒉈𒂊𒊭𒀸	-18.1288	"[[""𒌷𒉈𒂊𒊭𒀸"", -18.1288], [""𒌷𒀀𒉿𒅈𒈾"", -18.1288], [""𒀀𒀝𒉌𒅖"", -18.3706], [""𒌷𒆷𒊍𒉺"", -18.3706], [""𒌷𒄩𒀜𒋾"", -18.3706], [""𒈪𒋫𒀭𒉌"", -18.3706], [""𒀸𒋗𒉿"", -19.0604], [""𒋼𒊑𒀉𒋾𒌅𒌋𒉌𒅖"", -19.6834], [""eːʃ"", -22.0924], [""iːsˤaː́"", -22.3004]]"
ajainwaz	𒌷𒉈𒂊𒊭𒀸	-20.7122	"[[""𒌷𒉈𒂊𒊭𒀸"", -20.7122], [""𒌷𒀀𒉿𒅈𒈾"", -20.7122], [""𒀀𒀝𒉌𒅖"", -21.2055], [""𒌷𒄩𒀜𒋾"", -21.2055], [""𒌷𒆷𒊍𒉺"", -21.2055], [""𒈪𒋫𒀭𒉌"", -21.2055], [""𒋼𒊑𒀉𒋾𒌅𒌋𒉌𒅖"", -21.435], [""𒀸𒋗𒉿"", -22.1053], [""iːsˤaː́"", -24.9344], [""eːʃ"", -25.3625]]"
ajainwaza	𒋼𒊑𒀉𒋾𒌅𒌋𒉌𒅖	-23.4063	"[[""𒋼𒊑𒀉𒋾𒌅𒌋𒉌𒅖"", -23.4063], [""𒌷𒀀𒉿𒅈𒈾"", -23.4428], [""𒌷𒉈𒂊𒊭𒀸"", -23.4428], [""𒀀𒀝𒉌𒅖"", -24.139], [""𒌷𒄩𒀜𒋾"", -24.139], [""𒌷𒆷𒊍𒉺"", -24.139], [""𒈪𒋫𒀭𒉌"", -24.139], [""𒀸𒋗𒉿"", -25.2127], [""iːsˤaː́"", -27.6782], [""eːʃ"", -28.6518]]"
ajainwazaΦ	𒋼𒊑𒀉𒋾𒌅𒌋𒉌𒅖	-25.5942	"[[""𒋼𒊑𒀉𒋾𒌅𒌋𒉌𒅖"", -25.5942], [""𒌷𒉈𒂊𒊭𒀸"", -26.2798], [""𒌷𒀀𒉿𒅈𒈾"", -26.2798], [""𒀀𒀝𒉌𒅖"", -27.1456], [""𒌷𒆷𒊍𒉺"", -27.1456], [""𒌷𒄩𒀜𒋾"", -27.1456], [""𒈪𒋫𒀭𒉌"", -27.1456], [""𒀸𒋗𒉿"", -28.3678], [""iːsˤaː́"", -30.5081], [""eːʃ"", -31.9586]]"
ajaj	eːʃ	-7.7164	"[[""eːʃ"", -7.7164], [""aʃ"", -8.3773], [""xuːʃ"", -8.8405], [""uːxːi"", -9.7303], [""uxːi"", -10.0946], [""xʃap"", -10.4437], [""araːʃ"", -10.4453], [""𒀸𒋗𒉿"", -10.6439], [""xapa"", -10.7386], [""xatːi"", -11.0785]]"
ajaja	eːʃ	-11.2202	"[[""eːʃ"", -11.2202], [""aʃ"", -11.8835], [""xuːʃ"", -12.217], [""uːxːi"", -12.7304], [""𒀀𒀝𒉌𒅖"", -13.1999], [""𒌷𒆷𒊍𒉺"", -13.1999], [""𒈪𒋫𒀭𒉌"", -13.1999], [""𒌷𒄩𒀜𒋾"", -13.1999], [""uxːi"", -13.202], [""xʃap"", -13.2477]]"
ajajaa	eːʃ	-14.7222	"[[""eːʃ"", -14.7222], [""aʃ"", -15.3898], [""xuːʃ"", -15.5405], [""𒈪𒋫𒀭𒉌"", -15.6764], [""𒀀𒀝𒉌𒅖"", -15.6764], [""𒌷𒆷𒊍𒉺"", -15.6764], [""𒌷𒄩𒀜𒋾"", -15.6764], [""uːxːi"", -15.7344], [""𒌷𒉈𒂊𒊭𒀸"", -15.7621], [""𒌷𒀀𒉿𒅈𒈾"", -15.7621]]"
ajajad	eːʃ	-14.7222	"[[""eːʃ"", -14.7222], [""aʃ"", -15.3898], [""xuːʃ"", -15.5405], [""𒈪𒋫𒀭𒉌"", -15.6764], [""𒀀𒀝𒉌𒅖"", -15.6764], [""𒌷𒆷𒊍𒉺"", -15.6764], [""𒌷𒄩𒀜𒋾"", -15.6764], [""uːxːi"", -15.7344], [""𒌷𒉈𒂊𒊭𒀸"", -15.7621], [""𒌷𒀀𒉿𒅈𒈾"", -15.7621]]"
ajajadi	𒌷𒀀𒉿𒅈𒈾	-18.1288	"[[""𒌷𒀀𒉿𒅈𒈾"", -18.1288], [""𒌷𒉈𒂊𒊭𒀸"", -18.1288], [""eːʃ"", -18.2226], [""𒀀𒀝𒉌𒅖"", -18.3706], [""𒌷𒆷𒊍𒉺"", -18.3706], [""𒈪𒋫𒀭𒉌"", -18.3706], [""𒌷𒄩𒀜𒋾"", -18.3706], [""uːxːi"", -18.8027], [""xuːʃ"", -18.8375], [""aʃ"", -18.896]]"
ajajadik	𒌷𒀀𒉿𒅈𒈾	-20.7122	"[[""𒌷𒀀𒉿𒅈𒈾"", -20.7122], [""𒌷𒉈𒂊𒊭𒀸"", -20.7122], [""𒈪𒋫𒀭𒉌"", -21.2055], [""𒌷𒄩𒀜𒋾"", -21.2055], [""𒌷𒆷𒊍𒉺"", -21.2055], [""𒀀𒀝𒉌𒅖"", -21.2055], [""𒋼𒊑𒀉𒋾𒌅𒌋𒉌𒅖"", -21.435], [""eːʃ"", -21.7214], [""uːxːi"", -21.934], [""𒀸𒋗𒉿"", -22.1053]]"
ajajadiki	𒋼𒊑𒀉𒋾𒌅𒌋𒉌𒅖	-23.4063	"[[""𒋼𒊑𒀉𒋾𒌅𒌋𒉌𒅖"", -23.4063], [""𒌷𒉈𒂊𒊭𒀸"", -23.4428], [""𒌷𒀀𒉿𒅈𒈾"", -23.4428], [""𒌷𒆷𒊍𒉺"", -24.139], [""𒀀𒀝𒉌𒅖"", -24.139], [""𒈪𒋫𒀭𒉌"", -24.139], [""𒌷𒄩𒀜𒋾"", -24.139], [""uːxːi"", -25.1167], [""𒀸𒋗𒉿"", -25.2127], [""eːʃ"", -25.2185]]"
ajajadikit	𒋼𒊑𒀉𒋾𒌅𒌋𒉌𒅖	-25.5942	"[[""𒋼𒊑𒀉𒋾𒌅𒌋𒉌𒅖"", -25.5942], [""𒌷𒀀𒉿𒅈𒈾"", -26.2798], [""𒌷𒉈𒂊𒊭𒀸"", -26.2798], [""𒀀𒀝𒉌𒅖"", -27.1456], [""𒈪𒋫𒀭𒉌"", -27.1456], [""𒌷𒄩𒀜𒋾"", -27.1456], [""𒌷𒆷𒊍𒉺"", -27.1456], [""uːxːi"", -28.3401], [""𒀸𒋗𒉿"", -28.3678], [""iːsˤaː́"", -28.6897]]"
ajajai	eːʃ	-14.7222	"[[""eːʃ"", -14.7222], [""aʃ"", -15.3898], [""xuːʃ"", -15.5405], [""𒈪𒋫𒀭𒉌"", -15.6764], [""𒀀𒀝𒉌𒅖"", -15.6764], [""𒌷𒆷𒊍𒉺"", -15.6764], [""𒌷𒄩𒀜𒋾"", -15.6764], [""uːxːi"", -15.7344], [""𒌷𒉈𒂊𒊭𒀸"", -15.7621], [""𒌷𒀀𒉿𒅈𒈾"", -15.7621]]"
ajajain	𒌷𒀀𒉿𒅈𒈾	-18.1288	"[[""𒌷𒀀𒉿𒅈𒈾"", -18.1288], [""𒌷𒉈𒂊𒊭𒀸"", -18.1288], [""eːʃ"", -18.2226], [""𒀀𒀝𒉌𒅖"", -18.3706], [""𒌷𒆷𒊍𒉺"", -18.3706], [""𒈪𒋫𒀭𒉌"", -18.3706], [""𒌷𒄩𒀜𒋾"", -18.3706], [""uːxːi"", -18.8027], [""xuːʃ"", -18.8375], [""aʃ"", -18.896]]"
ajajainw	𒌷𒀀𒉿𒅈𒈾	-20.7122	"[[""𒌷𒀀𒉿𒅈𒈾"", -20.7122], [""𒌷𒉈𒂊𒊭𒀸"", -20.7122], [""𒈪𒋫𒀭𒉌"", -21.2055], [""𒌷𒄩𒀜𒋾"", -21.2055], [""𒌷𒆷𒊍𒉺"", -21.2055], [""𒀀𒀝𒉌𒅖"", -21.2055], [""𒋼𒊑𒀉𒋾𒌅𒌋𒉌𒅖"", -21.435], [""eːʃ"", -21.7214], [""uːxːi"", -21.934], [""𒀸𒋗𒉿"", -22.1053]]"
ajajainwa	𒋼𒊑𒀉𒋾𒌅𒌋𒉌𒅖	-23.4063	"[[""𒋼𒊑𒀉𒋾𒌅𒌋𒉌𒅖"", -23.4063], [""𒌷𒉈𒂊𒊭𒀸"", -23.4428], [""𒌷𒀀𒉿𒅈𒈾"", -23.4428], [""𒌷𒆷𒊍𒉺"", -24.139], [""𒀀𒀝𒉌𒅖"", -24.139], [""𒈪𒋫𒀭𒉌"", -24.139], [""𒌷𒄩𒀜𒋾"", -24.139], [""uːxːi"", -25.1167], [""𒀸𒋗𒉿"", -25.2127], [""eːʃ"", -25.2185]]"
ajajainwaz	𒋼𒊑𒀉𒋾𒌅𒌋𒉌𒅖	-25.5942	"[[""𒋼𒊑𒀉𒋾𒌅𒌋𒉌𒅖"", -25.5942], [""𒌷𒀀𒉿𒅈𒈾"", -26.2798], [""𒌷𒉈𒂊𒊭𒀸"", -26.2798], [""𒀀𒀝𒉌𒅖"", -27.1456], [""𒈪𒋫𒀭𒉌"", -27.1456], [""𒌷𒄩𒀜𒋾"", -27.1456], [""𒌷𒆷𒊍𒉺"", -27.1456], [""uːxːi"", -28.3401], [""𒀸𒋗𒉿"", -28.3678], [""iːsˤaː́"", -28.6897]]"
ajajaj	xuːʃ	-11.2017	"[[""xuːʃ"", -11.2017], [""uːxːi"", -11.9158], [""uxːi"", -12.5738], [""eːʃ"", -13.1439], [""iʃxaːʃ"", -13.4509], [""xaʃːuʃ"", -13.5756], [""xuːxːaːʃ"", -13.9472], [""aʃ"", -14.303], [""atːaːʃ"", -14.5321], [""aːʃxar"", -14.5896]]"
ajajaja	xuːʃ	-14.7042	"[[""xuːʃ"", -14.7042], [""uːxːi"", -15.392], [""uxːi"", -16.0599], [""eːʃ"", -16.6502], [""xaʃːuʃ"", -16.7644], [""iʃxaːʃ"", -16.8913], [""xuːxːaːʃ"", -17.1648], [""aːʃxar"", -17.3968], [""eːʃxar"", -17.3968], [""xʃap"", -17.8069]]"
ajajas	uːxːi	-11.923	"[[""uːxːi"", -11.923], [""uxːi"", -12.5775], [""xʃap"", -13.6731], [""eːʃ"", -14.7218], [""xatːi"", -14.9965], [""xapa"", -15.1838], [""aʃːuwa"", -15.2416], [""eːʃtsi"", -15.3395], [""aʃ"", -15.3889], [""xuːʃ"", -15.473]]"
ajajasa	uːxːi	-15.419	"[[""uːxːi"", -15.419], [""uxːi"", -16.0736], [""xʃap"", -16.9981], [""𒌷𒉈𒂊𒊭𒀸"", -18.1288], [""𒌷𒀀𒉿𒅈𒈾"", -18.1288], [""eːʃ"", -18.2208], [""aʃːuwa"", -18.3642], [""𒈪𒋫𒀭𒉌"", -18.3706], [""𒀀𒀝𒉌𒅖"", -18.3706], [""𒌷𒆷𒊍𒉺"", -18.3706]]"
ajajasas	xʃap	-16.4642	"[[""xʃap"", -16.4642], [""uːxːi"", -17.5727], [""xapa"", -17.8198], [""uxːi"", -18.2342], [""ʃuːpːari"", -19.2215], [""aʃːuwa"", -19.6891], [""apːa"", -19.9817], [""ʃiːetsːi"", -20.0963], [""xaːʃtai"", -20.2148], [""xatːi"", -20.2614]]"
ajajasasa	xʃap	-19.9668	"[[""xʃap"", -19.9668], [""uːxːi"", -21.0759], [""xapa"", -21.313], [""uxːi"", -21.7374], [""ʃuːpːari"", -22.3118], [""aʃːuwa"", -23.0659], [""𒋼𒊑𒀉𒋾𒌅𒌋𒉌𒅖"", -23.4063], [""𒌷𒉈𒂊𒊭𒀸"", -23.4428], [""𒌷𒀀𒉿𒅈𒈾"", -23.4428], [""apːa"", -23.4705]]"
ajajasasar	xʃap	-22.3953	"[[""xʃap"", -22.3953], [""xapa"", -23.2583], [""ʃuːpːari"", -23.3331], [""uːxːi"", -23.779], [""uxːi"", -24.4459], [""ʃaːkitsːi"", -24.6181], [""ʃiːetsːi"", -24.7335], [""aʃːuwa"", -25.1727], [""xaːʃtai"", -25.3342], [""apːa"", -25.3363]]"
ajajaw	eːʃ	-14.7222	"[[""eːʃ"", -14.7222], [""aʃ"", -15.3898], [""xuːʃ"", -15.5405], [""𒈪𒋫𒀭𒉌"", -15.6764], [""𒀀𒀝𒉌𒅖"", -15.6764], [""𒌷𒆷𒊍𒉺"", -15.6764], [""𒌷𒄩𒀜𒋾"", -15.6764], [""uːxːi"", -15.7344], [""𒌷𒉈𒂊𒊭𒀸"", -15.7621], [""𒌷𒀀𒉿𒅈𒈾"", -15.7621]]"
ajajawa	𒌷𒀀𒉿𒅈𒈾	-18.1288	"[[""𒌷𒀀𒉿𒅈𒈾"", -18.1288], [""𒌷𒉈𒂊𒊭𒀸"", -18.1288], [""eːʃ"", -18.2226], [""𒀀𒀝𒉌𒅖"", -18.3706], [""𒌷𒆷𒊍𒉺"", -18.3706], [""𒈪𒋫𒀭𒉌"", -18.3706], [""𒌷𒄩𒀜𒋾"", -18.3706], [""uːxːi"", -18.8027], [""xuːʃ"", -18.8375], [""aʃ"", -18.896]]"
ajar	uk	-9.4749	"[[""uk"", -9.4749], [""uːxːi"", -9.9901], [""uxːi"", -10.2808], [""𒀸𒋗𒉿"", -10.6439], [""xʃap"", -10.6516], [""xapa"", -10.7091], [""xatːi"", -11.0802], [""𒌷𒄩𒀜𒋾"", -11.1101], [""𒌷𒆷𒊍𒉺"", -11.1101], [""𒈪𒋫𒀭𒉌"", -11.1101]]"
ajare	uk	-12.9775	"[[""uk"", -12.9775], [""𒌷𒆷𒊍𒉺"", -13.1999], [""𒌷𒄩𒀜𒋾"", -13.1999], [""𒈪𒋫𒀭𒉌"", -13.1999], [""𒀀𒀝𒉌𒅖"", -13.1999], [""𒀸𒋗𒉿"", -13.2697], [""uːxːi"", -13.4799], [""𒌷𒉈𒂊𒊭𒀸"", -13.742], [""𒌷𒀀𒉿𒅈𒈾"", -13.742], [""uxːi"", -13.7746]]"
ajaret	𒌷𒄩𒀜𒋾	-15.6764	"[[""𒌷𒄩𒀜𒋾"", -15.6764], [""𒀀𒀝𒉌𒅖"", -15.6764], [""𒈪𒋫𒀭𒉌"", -15.6764], [""𒌷𒆷𒊍𒉺"", -15.6764], [""𒌷𒀀𒉿𒅈𒈾"", -15.7621], [""𒌷𒉈𒂊𒊭𒀸"", -15.7621], [""𒀸𒋗𒉿"", -16.1017], [""uk"", -16.48], [""xuːʃ"", -16.7196], [""uːxːi"", -16.9592]]"
ajareta	𒌷𒀀𒉿𒅈𒈾	-18.1288	"[[""𒌷𒀀𒉿𒅈𒈾"", -18.1288], [""𒌷𒉈𒂊𒊭𒀸"", -18.1288], [""𒀀𒀝𒉌𒅖"", -18.3706], [""𒌷𒆷𒊍𒉺"", -18.3706], [""𒈪𒋫𒀭𒉌"", -18.3706], [""𒌷𒄩𒀜𒋾"", -18.3706], [""𒀸𒋗𒉿"", -19.0604], [""xuːʃ"", -19.6644], [""𒋼𒊑𒀉𒋾𒌅𒌋𒉌𒅖"", -19.6834], [""iːsˤaː́"", -19.8696]]"
ajas	uk	-9.4749	"[[""uk"", -9.4749], [""uːxːi"", -9.9901], [""uxːi"", -10.2808], [""𒀸𒋗𒉿"", -10.6439], [""xʃap"", -10.6516], [""xapa"", -10.7091], [""xatːi"", -11.0802], [""𒌷𒄩𒀜𒋾"", -11.1101], [""𒌷𒆷𒊍𒉺"", -11.1101], [""𒈪𒋫𒀭𒉌"", -11.1101]]"
ajasa	uk	-12.9775	"[[""uk"", -12.9775], [""𒌷𒆷𒊍𒉺"", -13.1999], [""𒌷𒄩𒀜𒋾"", -13.1999], [""𒈪𒋫𒀭𒉌"", -13.1999], [""𒀀𒀝𒉌𒅖"", -13.1999], [""𒀸𒋗𒉿"", -13.2697], [""uːxːi"", -13.4799], [""𒌷𒉈𒂊𒊭𒀸"", -13.742], [""𒌷𒀀𒉿𒅈𒈾"", -13.742], [""uxːi"", -13.7746]]"
ajasas	apːa	-13.6756	"[[""apːa"", -13.6756], [""xapa"", -14.7042], [""xʃap"", -14.8996], [""xatːi"", -15.0408], [""uːxːi"", -15.383], [""uk"", -15.3982], [""𒀀𒀝𒉌𒅖"", -15.6764], [""𒌷𒄩𒀜𒋾"", -15.6764], [""𒌷𒆷𒊍𒉺"", -15.6764], [""𒈪𒋫𒀭𒉌"", -15.6764]]"
ajasasa	apːa	-17.1615	"[[""apːa"", -17.1615], [""xapa"", -18.0293], [""𒌷𒉈𒂊𒊭𒀸"", -18.1288], [""𒌷𒀀𒉿𒅈𒈾"", -18.1288], [""𒌷𒆷𒊍𒉺"", -18.3706], [""𒀀𒀝𒉌𒅖"", -18.3706], [""𒌷𒄩𒀜𒋾"", -18.3706], [""𒈪𒋫𒀭𒉌"", -18.3706], [""xʃap"", -18.4012], [""xatːi"", -18.5306]]"
ajasasar	xapa	-17.8207	"[[""xapa"", -17.8207], [""apːa"", -18.929], [""ʃuːpːari"", -19.1176], [""ʃiːetsːi"", -20.1079], [""xatːi"", -20.4407], [""paːi"", -20.5924], [""𒌷𒀀𒉿𒅈𒈾"", -20.7122], [""𒌷𒉈𒂊𒊭𒀸"", -20.7122], [""xaːʃtai"", -20.7304], [""xʃap"", -20.744]]"
ajasasara	xapa	-21.3177	"[[""xapa"", -21.3177], [""ʃuːpːari"", -22.2376], [""apːa"", -22.4272], [""𒋼𒊑𒀉𒋾𒌅𒌋𒉌𒅖"", -23.4063], [""𒌷𒀀𒉿𒅈𒈾"", -23.4428], [""𒌷𒉈𒂊𒊭𒀸"", -23.4428], [""ʃiːetsːi"", -23.5669], [""xatːi"", -23.9398], [""apijaː"", -23.9955], [""paːi"", -24.0799]]"
ajasasaram	xapa	-24.8149	"[[""xapa"", -24.8149], [""ʃuːpːari"", -25.4413], [""𒋼𒊑𒀉𒋾𒌅𒌋𒉌𒅖"", -25.5942], [""apːa"", -25.9221], [""𒌷𒉈𒂊𒊭𒀸"", -26.2798], [""𒌷𒀀𒉿𒅈𒈾"", -26.2798], [""iːsˤaː́"", -26.7951], [""apijaː"", -26.8608], [""ʃiːetsːi"", -26.9883], [""Šï.ia(anta)"", -27.0585]]"
ajase	uk	-12.9775	"[[""uk"", -12.9775], [""𒌷𒆷𒊍𒉺"", -13.1999], [""𒌷𒄩𒀜𒋾"", -13.1999], [""𒈪𒋫𒀭𒉌"", -13.1999], [""𒀀𒀝𒉌𒅖"", -13.1999], [""𒀸𒋗𒉿"", -13.2697], [""uːxːi"", -13.4799], [""𒌷𒉈𒂊𒊭𒀸"", -13.742], [""𒌷𒀀𒉿𒅈𒈾"", -13.742], [""uxːi"", -13.7746]]"
ajasek	𒌷𒄩𒀜𒋾	-15.6764	"[[""𒌷𒄩𒀜𒋾"", -15.6764], [""𒀀𒀝𒉌𒅖"", -15.6764], [""𒈪𒋫𒀭𒉌"", -15.6764], [""𒌷𒆷𒊍𒉺"", -15.6764], [""𒌷𒀀𒉿𒅈𒈾"", -15.7621], [""𒌷𒉈𒂊𒊭𒀸"", -15.7621], [""𒀸𒋗𒉿"", -16.1017], [""uk"", -16.48], [""xuːʃ"", -16.7196], [""uːxːi"", -16.9592]]"
ajaseka	𒌷𒀀𒉿𒅈𒈾	-18.1288	"[[""𒌷𒀀𒉿𒅈𒈾"", -18.1288], [""𒌷𒉈𒂊𒊭𒀸"", -18.1288], [""𒀀𒀝𒉌𒅖"", -18.3706], [""𒌷𒆷𒊍𒉺"", -18.3706], [""𒈪𒋫𒀭𒉌"", -18.3706], [""𒌷𒄩𒀜𒋾"", -18.3706], [""𒀸𒋗𒉿"", -19.0604], [""xuːʃ"", -19.6644], [""𒋼𒊑𒀉𒋾𒌅𒌋𒉌𒅖"", -19.6834], [""iːsˤaː́"", -19.8696]]"
ajasekan	𒌷𒉈𒂊𒊭𒀸	-20.7122	"[[""𒌷𒉈𒂊𒊭𒀸"", -20.7122], [""𒌷𒀀𒉿𒅈𒈾"", -20.7122], [""𒀀𒀝𒉌𒅖"", -21.2055], [""𒌷𒄩𒀜𒋾"", -21.2055], [""𒌷𒆷𒊍𒉺"", -21.2055], [""𒈪𒋫𒀭𒉌"", -21.2055], [""𒋼𒊑𒀉𒋾𒌅𒌋𒉌𒅖"", -21.435], [""𒀸𒋗𒉿"", -22.1053], [""iːsˤaː́"", -22.6737], [""xuːʃ"", -22.7327]]"
ajasekana	𒋼𒊑𒀉𒋾𒌅𒌋𒉌𒅖	-23.4063	"[[""𒋼𒊑𒀉𒋾𒌅𒌋𒉌𒅖"", -23.4063], [""𒌷𒉈𒂊𒊭𒀸"", -23.4428], [""𒌷𒀀𒉿𒅈𒈾"", -23.4428], [""𒌷𒆷𒊍𒉺"", -24.139], [""𒌷𒄩𒀜𒋾"", -24.139], [""𒈪𒋫𒀭𒉌"", -24.139], [""𒀀𒀝𒉌𒅖"", -24.139], [""𒀸𒋗𒉿"", -25.2127], [""iːsˤaː́"", -25.6376], [""xuːʃ"", -25.8799]]"
ajasekanas	𒋼𒊑𒀉𒋾𒌅𒌋𒉌𒅖	-25.5942	"[[""𒋼𒊑𒀉𒋾𒌅𒌋𒉌𒅖"", -25.5942], [""apːa"", -26.1188], [""𒌷𒉈𒂊𒊭𒀸"", -26.2798], [""𒌷𒀀𒉿𒅈𒈾"", -26.2798], [""xatːi"", -27.0814], [""𒌷𒆷𒊍𒉺"", -27.1456], [""𒀀𒀝𒉌𒅖"", -27.1456], [""𒌷𒄩𒀜𒋾"", -27.1456], [""𒈪𒋫𒀭𒉌"", -27.1456], [""ʃuːpːari"", -27.739]]"
ajat	𒀸𒋗𒉿	-10.6439	"[[""𒀸𒋗𒉿"", -10.6439], [""𒀀𒀝𒉌𒅖"", -11.1101], [""𒌷𒄩𒀜𒋾"", -11.1101], [""𒈪𒋫𒀭𒉌"", -11.1101], [""𒌷𒆷𒊍𒉺"", -11.1101], [""𒌷𒉈𒂊𒊭𒀸"", -12.2879], [""𒌷𒀀𒉿𒅈𒈾"", -12.2879], [""eːʃ"", -12.3865], [""xus"", -12.8547], [""ʃum"", -12.8547]]"
ajatu	as	-11.8888	"[[""as"", -11.8888], [""xus"", -12.7068], [""uk"", -12.9792], [""𒌷𒄩𒀜𒋾"", -13.1999], [""𒀀𒀝𒉌𒅖"", -13.1999], [""𒌷𒆷𒊍𒉺"", -13.1999], [""𒈪𒋫𒀭𒉌"", -13.1999], [""𒀸𒋗𒉿"", -13.2697], [""ais"", -13.6831], [""itut"", -13.7264]]"
ajatur	iti	-13.2671	"[[""iti"", -13.2671], [""eːʃtsi"", -14.6857], [""aːsːa"", -14.8734], [""xapa"", -15.0882], [""eːtsːi"", -15.1872], [""aːtar"", -15.2202], [""eʃtsi"", -15.3002], [""as"", -15.395], [""uːxːi"", -15.6357], [""saːki"", -15.6571]]"
ajaturu	itut	-13.2643	"[[""itut"", -13.2643], [""xatkus"", -15.0672], [""xarkis"", -15.3016], [""xus"", -15.3782], [""neːpis"", -15.6608], [""patas"", -15.8126], [""italus"", -16.0346], [""atːas"", -16.0741], [""asːus"", -16.0741], [""kut"", -16.4745]]"
ajaturus	itut	-16.7686	"[[""itut"", -16.7686], [""eːʃtsi"", -17.2146], [""aːsːa"", -17.5671], [""ekutsi"", -17.8069], [""eʃtsi"", -17.8149], [""xapa"", -17.817], [""pata"", -17.8463], [""eːtsːi"", -18.1988], [""xatkus"", -18.2948], [""xastai"", -18.5641]]"
ajaturusa	itut	-20.2729	"[[""itut"", -20.2729], [""eːʃtsi"", -20.7189], [""aːsːa"", -21.059], [""ekutsi"", -21.2815], [""xapa"", -21.3176], [""eʃtsi"", -21.3193], [""pata"", -21.3505], [""eːtsːi"", -21.4641], [""xatkus"", -21.5787], [""xastai"", -21.9679]]"
ajaturusai	iːsˤaː́	-23.1335	"[[""iːsˤaː́"", -23.1335], [""itut"", -23.7771], [""eːʃtsi"", -24.2232], [""aːsːa"", -24.5463], [""eːtsːi"", -24.7096], [""ekutsi"", -24.7561], [""xapa"", -24.8183], [""eʃtsi"", -24.8237], [""pata"", -24.8546], [""xatkus"", -24.8993]]"
ajaw	𒀸𒋗𒉿	-10.6439	"[[""𒀸𒋗𒉿"", -10.6439], [""𒀀𒀝𒉌𒅖"", -11.1101], [""𒌷𒄩𒀜𒋾"", -11.1101], [""𒈪𒋫𒀭𒉌"", -11.1101], [""𒌷𒆷𒊍𒉺"", -11.1101], [""𒌷𒉈𒂊𒊭𒀸"", -12.2879], [""𒌷𒀀𒉿𒅈𒈾"", -12.2879], [""eːʃ"", -12.3865], [""xus"", -12.8547], [""ʃum"", -12.8547]]"
ajawa	𒌷𒄩𒀜𒋾	-13.1999	"[[""𒌷𒄩𒀜𒋾"", -13.1999], [""𒀀𒀝𒉌𒅖"", -13.1999], [""𒌷𒆷𒊍𒉺"", -13.1999], [""𒈪𒋫𒀭𒉌"", -13.1999], [""𒀸𒋗𒉿"", -13.2697], [""𒌷𒀀𒉿𒅈𒈾"", -13.742], [""𒌷𒉈𒂊𒊭𒀸"", -13.742], [""eːʃ"", -15.6102], [""ʃum"", -16.0608], [""xus"", -16.0608]]"
aka	𒀸𒋗𒉿	-8.4226	"[[""𒀸𒋗𒉿"", -8.4226], [""𒀀𒀝𒉌𒅖"", -9.899], [""𒌷𒄩𒀜𒋾"", -9.899], [""𒈪𒋫𒀭𒉌"", -9.899], [""𒌷𒆷𒊍𒉺"", -9.899], [""𒌷𒉈𒂊𒊭𒀸"", -10.7315], [""𒌷𒀀𒉿𒅈𒈾"", -10.7315], [""ku6"", -12.1474], [""aʃ"", -12.8387], [""wa"", -12.8387]]"
akan	𒀸𒋗𒉿	-10.6439	"[[""𒀸𒋗𒉿"", -10.6439], [""𒀀𒀝𒉌𒅖"", -11.1101], [""𒌷𒆷𒊍𒉺"", -11.1101], [""𒈪𒋫𒀭𒉌"", -11.1101], [""𒌷𒄩𒀜𒋾"", -11.1101], [""𒌷𒀀𒉿𒅈𒈾"", -12.2879], [""𒌷𒉈𒂊𒊭𒀸"", -12.2879], [""ku6"", -14.9765], [""𒋼𒊑𒀉𒋾𒌅𒌋𒉌𒅖"", -15.6251], [""lu"", -16.0479]]"
akana	𒌷𒆷𒊍𒉺	-13.1999	"[[""𒌷𒆷𒊍𒉺"", -13.1999], [""𒀀𒀝𒉌𒅖"", -13.1999], [""𒌷𒄩𒀜𒋾"", -13.1999], [""𒈪𒋫𒀭𒉌"", -13.1999], [""𒀸𒋗𒉿"", -13.2697], [""𒌷𒀀𒉿𒅈𒈾"", -13.742], [""𒌷𒉈𒂊𒊭𒀸"", -13.742], [""𒋼𒊑𒀉𒋾𒌅𒌋𒉌𒅖"", -16.8346], [""ku6"", -17.9765], [""ke"", -19.3208]]"
akanas	𒌷𒆷𒊍𒉺	-15.6764	"[[""𒌷𒆷𒊍𒉺"", -15.6764], [""𒀀𒀝𒉌𒅖"", -15.6764], [""𒌷𒄩𒀜𒋾"", -15.6764], [""𒈪𒋫𒀭𒉌"", -15.6764], [""𒌷𒀀𒉿𒅈𒈾"", -15.7621], [""𒌷𒉈𒂊𒊭𒀸"", -15.7621], [""𒀸𒋗𒉿"", -16.1017], [""𒋼𒊑𒀉𒋾𒌅𒌋𒉌𒅖"", -18.0751], [""apːa"", -19.3325], [""paːi"", -19.3343]]"
akanasi	𒌷𒉈𒂊𒊭𒀸	-18.1288	"[[""𒌷𒉈𒂊𒊭𒀸"", -18.1288], [""𒌷𒀀𒉿𒅈𒈾"", -18.1288], [""𒀀𒀝𒉌𒅖"", -18.3706], [""𒌷𒆷𒊍𒉺"", -18.3706], [""𒈪𒋫𒀭𒉌"", -18.3706], [""𒌷𒄩𒀜𒋾"", -18.3706], [""𒀸𒋗𒉿"", -19.0604], [""𒋼𒊑𒀉𒋾𒌅𒌋𒉌𒅖"", -19.6834], [""apːa"", -22.7937], [""paːi"", -22.8004]]"
ama	𒀸𒋗𒉿	-8.4226	"[[""𒀸𒋗𒉿"", -8.4226], [""𒀀𒀝𒉌𒅖"", -9.899], [""𒌷𒄩𒀜𒋾"", -9.899], [""𒈪𒋫𒀭𒉌"", -9.899], [""𒌷𒆷𒊍𒉺"", -9.899], [""𒌷𒉈𒂊𒊭𒀸"", -10.7315], [""𒌷𒀀𒉿𒅈𒈾"", -10.7315], [""ku6"", -12.1474], [""aʃ"", -12.8387], [""wa"", -12.8387]]"
amai	𒀸𒋗𒉿	-10.6439	"[[""𒀸𒋗𒉿"", -10.6439], [""𒀀𒀝𒉌𒅖"", -11.1101], [""𒌷𒆷𒊍𒉺"", -11.1101], [""𒈪𒋫𒀭𒉌"", -11.1101], [""𒌷𒄩𒀜𒋾"", -11.1101], [""𒌷𒀀𒉿𒅈𒈾"", -12.2879], [""𒌷𒉈𒂊𒊭𒀸"", -12.2879], [""ku6"", -14.9765], [""𒋼𒊑𒀉𒋾𒌅𒌋𒉌𒅖"", -15.6251], [""lu"", -16.0479]]"
amain	𒌷𒆷𒊍𒉺	-13.1999	"[[""𒌷𒆷𒊍𒉺"", -13.1999], [""𒀀𒀝𒉌𒅖"", -13.1999], [""𒌷𒄩𒀜𒋾"", -13.1999], [""𒈪𒋫𒀭𒉌"", -13.1999], [""𒀸𒋗𒉿"", -13.2697], [""𒌷𒀀𒉿𒅈𒈾"", -13.742], [""𒌷𒉈𒂊𒊭𒀸"", -13.742], [""𒋼𒊑𒀉𒋾𒌅𒌋𒉌𒅖"", -16.8346], [""ku6"", -17.9765], [""ke"", -19.3208]]"
amaina	𒀀𒀝𒉌𒅖	-15.6764	"[[""𒀀𒀝𒉌𒅖"", -15.6764], [""𒌷𒄩𒀜𒋾"", -15.6764], [""𒈪𒋫𒀭𒉌"", -15.6764], [""𒌷𒆷𒊍𒉺"", -15.6764], [""𒌷𒀀𒉿𒅈𒈾"", -15.7621], [""𒌷𒉈𒂊𒊭𒀸"", -15.7621], [""𒀸𒋗𒉿"", -16.1017], [""𒋼𒊑𒀉𒋾𒌅𒌋𒉌𒅖"", -18.0751], [""ku6"", -21.0773], [""lu"", -22.6343]]"
amainaj	𒌷𒉈𒂊𒊭𒀸	-18.1288	"[[""𒌷𒉈𒂊𒊭𒀸"", -18.1288], [""𒌷𒀀𒉿𒅈𒈾"", -18.1288], [""𒌷𒆷𒊍𒉺"", -18.3706], [""𒌷𒄩𒀜𒋾"", -18.3706], [""𒈪𒋫𒀭𒉌"", -18.3706], [""𒀀𒀝𒉌𒅖"", -18.3706], [""𒀸𒋗𒉿"", -19.0604], [""𒋼𒊑𒀉𒋾𒌅𒌋𒉌𒅖"", -19.6834], [""eːʃ"", -20.7229], [""xuːʃ"", -21.0696]]"
amainaja	𒌷𒀀𒉿𒅈𒈾	-20.7122	"[[""𒌷𒀀𒉿𒅈𒈾"", -20.7122], [""𒌷𒉈𒂊𒊭𒀸"", -20.7122], [""𒀀𒀝𒉌𒅖"", -21.2055], [""𒌷𒆷𒊍𒉺"", -21.2055], [""𒌷𒄩𒀜𒋾"", -21.2055], [""𒈪𒋫𒀭𒉌"", -21.2055], [""𒋼𒊑𒀉𒋾𒌅𒌋𒉌𒅖"", -21.435], [""𒀸𒋗𒉿"", -22.1053], [""eːʃ"", -24.2138], [""xuːʃ"", -24.5657]]"
amainajar	𒋼𒊑𒀉𒋾𒌅𒌋𒉌𒅖	-23.4063	"[[""𒋼𒊑𒀉𒋾𒌅𒌋𒉌𒅖"", -23.4063], [""𒌷𒉈𒂊𒊭𒀸"", -23.4428], [""𒌷𒀀𒉿𒅈𒈾"", -23.4428], [""𒀀𒀝𒉌𒅖"", -24.139], [""𒌷𒄩𒀜𒋾"", -24.139], [""𒈪𒋫𒀭𒉌"", -24.139], [""𒌷𒆷𒊍𒉺"", -24.139], [""uːxːi"", -24.9306], [""𒀸𒋗𒉿"", -25.2127], [""uxːi"", -26.5911]]"
amainajare	𒋼𒊑𒀉𒋾𒌅𒌋𒉌𒅖	-25.5942	"[[""𒋼𒊑𒀉𒋾𒌅𒌋𒉌𒅖"", -25.5942], [""𒌷𒉈𒂊𒊭𒀸"", -26.2798], [""𒌷𒀀𒉿𒅈𒈾"", -26.2798], [""𒀀𒀝𒉌𒅖"", -27.1456], [""𒈪𒋫𒀭𒉌"", -27.1456], [""𒌷𒄩𒀜𒋾"", -27.1456], [""𒌷𒆷𒊍𒉺"", -27.1456], [""𒀸𒋗𒉿"", -28.3678], [""uːxːi"", -28.4261], [""uxːi"", -30.0877]]"
aman	𒀸𒋗𒉿	-10.6439	"[[""𒀸𒋗𒉿"", -10.6439], [""𒀀𒀝𒉌𒅖"", -11.1101], [""𒌷𒆷𒊍𒉺"", -11.1101], [""𒈪𒋫𒀭𒉌"", -11.1101], [""𒌷𒄩𒀜𒋾"", -11.1101], [""𒌷𒀀𒉿𒅈𒈾"", -12.2879], [""𒌷𒉈𒂊𒊭𒀸"", -12.2879], [""ku6"", -14.9765], [""𒋼𒊑𒀉𒋾𒌅𒌋𒉌𒅖"", -15.6251], [""lu"", -16.0479]]"
amana	𒌷𒆷𒊍𒉺	-13.1999	"[[""𒌷𒆷𒊍𒉺"", -13.1999], [""𒀀𒀝𒉌𒅖"", -13.1999], [""𒌷𒄩𒀜𒋾"", -13.1999], [""𒈪𒋫𒀭𒉌"", -13.1999], [""𒀸𒋗𒉿"", -13.2697], [""𒌷𒀀𒉿𒅈𒈾"", -13.742], [""𒌷𒉈𒂊𒊭𒀸"", -13.742], [""𒋼𒊑𒀉𒋾𒌅𒌋𒉌𒅖"", -16.8346], [""ku6"", -17.9765], [""ke"", -19.3208]]"
amanad	𒀀𒀝𒉌𒅖	-15.6764	"[[""𒀀𒀝𒉌𒅖"", -15.6764], [""𒌷𒄩𒀜𒋾"", -15.6764], [""𒈪𒋫𒀭𒉌"", -15.6764], [""𒌷𒆷𒊍𒉺"", -15.6764], [""𒌷𒀀𒉿𒅈𒈾"", -15.7621], [""𒌷𒉈𒂊𒊭𒀸"", -15.7621], [""𒀸𒋗𒉿"", -16.1017], [""𒋼𒊑𒀉𒋾𒌅𒌋𒉌𒅖"", -18.0751], [""ku6"", -21.0773], [""lu"", -22.6343]]"
amanada	𒌷𒀀𒉿𒅈𒈾	-18.1288	"[[""𒌷𒀀𒉿𒅈𒈾"", -18.1288], [""𒌷𒉈𒂊𒊭𒀸"", -18.1288], [""𒌷𒄩𒀜𒋾"", -18.3706], [""𒀀𒀝𒉌𒅖"", -18.3706], [""𒌷𒆷𒊍𒉺"", -18.3706], [""𒈪𒋫𒀭𒉌"", -18.3706], [""𒀸𒋗𒉿"", -19.0604], [""𒋼𒊑𒀉𒋾𒌅𒌋𒉌𒅖"", -19.6834], [""ku6"", -24.2448], [""iːsˤaː́"", -25.6984]]"
amanadaw	𒌷𒀀𒉿𒅈𒈾	-20.7122	"[[""𒌷𒀀𒉿𒅈𒈾"", -20.7122], [""𒌷𒉈𒂊𒊭𒀸"", -20.7122], [""𒀀𒀝𒉌𒅖"", -21.2055], [""𒌷𒄩𒀜𒋾"", -21.2055], [""𒈪𒋫𒀭𒉌"", -21.2055], [""𒌷𒆷𒊍𒉺"", -21.2055], [""𒋼𒊑𒀉𒋾𒌅𒌋𒉌𒅖"", -21.435], [""𒀸𒋗𒉿"", -22.1053], [""ku6"", -27.4599], [""iːsˤaː́"", -28.4239]]"
amanadawa	𒋼𒊑𒀉𒋾𒌅𒌋𒉌𒅖	-23.4063	"[[""𒋼𒊑𒀉𒋾𒌅𒌋𒉌𒅖"", -23.4063], [""𒌷𒉈𒂊𒊭𒀸"", -23.4428], [""𒌷𒀀𒉿𒅈𒈾"", -23.4428], [""𒀀𒀝𒉌𒅖"", -24.139], [""𒌷𒄩𒀜𒋾"", -24.139], [""𒌷𒆷𒊍𒉺"", -24.139], [""𒈪𒋫𒀭𒉌"", -24.139], [""𒀸𒋗𒉿"", -25.2127], [""ku6"", -30.7105], [""iːsˤaː́"", -31.2348]]"
amanadawai	𒋼𒊑𒀉𒋾𒌅𒌋𒉌𒅖	-25.5942	"[[""𒋼𒊑𒀉𒋾𒌅𒌋𒉌𒅖"", -25.5942], [""𒌷𒉈𒂊𒊭𒀸"", -26.2798], [""𒌷𒀀𒉿𒅈𒈾"", -26.2798], [""𒀀𒀝𒉌𒅖"", -27.1456], [""𒌷𒆷𒊍𒉺"", -27.1456], [""𒈪𒋫𒀭𒉌"", -27.1456], [""𒌷𒄩𒀜𒋾"", -27.1456], [""𒀸𒋗𒉿"", -28.3678], [""ku6"", -33.9888], [""iːsˤaː́"", -34.1135]]"
amas	𒀸𒋗𒉿	-10.6439	"[[""𒀸𒋗𒉿"", -10.6439], [""𒀀𒀝𒉌𒅖"", -11.1101], [""𒌷𒆷𒊍𒉺"", -11.1101], [""𒌷𒄩𒀜𒋾"", -11.1101], [""𒈪𒋫𒀭𒉌"", -11.1101], [""𒌷𒉈𒂊𒊭𒀸"", -12.2879], [""𒌷𒀀𒉿𒅈𒈾"", -12.2879], [""apːa"", -13.4828], [""paːi"", -13.4858], [""uk"", -13.4922]]"
amasi	𒀀𒀝𒉌𒅖	-13.1999	"[[""𒀀𒀝𒉌𒅖"", -13.1999], [""𒈪𒋫𒀭𒉌"", -13.1999], [""𒌷𒄩𒀜𒋾"", -13.1999], [""𒌷𒆷𒊍𒉺"", -13.1999], [""𒀸𒋗𒉿"", -13.2697], [""𒌷𒀀𒉿𒅈𒈾"", -13.742], [""𒌷𒉈𒂊𒊭𒀸"", -13.742], [""ku6"", -16.1858], [""praː"", -16.673], [""𒋼𒊑𒀉𒋾𒌅𒌋𒉌𒅖"", -16.8346]]"
amasir	𒌷𒆷𒊍𒉺	-15.6764	"[[""𒌷𒆷𒊍𒉺"", -15.6764], [""𒀀𒀝𒉌𒅖"", -15.6764], [""𒌷𒄩𒀜𒋾"", -15.6764], [""𒈪𒋫𒀭𒉌"", -15.6764], [""𒌷𒉈𒂊𒊭𒀸"", -15.7621], [""𒌷𒀀𒉿𒅈𒈾"", -15.7621], [""𒀸𒋗𒉿"", -16.1017], [""uk"", -16.4697], [""ke"", -16.4749], [""apːa"", -17.3571]]"
amasiru	kut	-16.4723	"[[""kut"", -16.4723], [""ais"", -16.7508], [""ekːus"", -17.35], [""pekːus"", -17.7556], [""neːpis"", -17.9881], [""kuis"", -18.0172], [""kuit"", -18.0172], [""nakːis"", -18.031], [""𒌷𒀀𒉿𒅈𒈾"", -18.1288], [""𒌷𒉈𒂊𒊭𒀸"", -18.1288]]"
amasirut	kut	-19.9792	"[[""kut"", -19.9792], [""ais"", -20.2578], [""𒌷𒀀𒉿𒅈𒈾"", -20.7122], [""𒌷𒉈𒂊𒊭𒀸"", -20.7122], [""ekːus"", -20.84], [""pekːus"", -21.1884], [""𒌷𒄩𒀜𒋾"", -21.2055], [""𒌷𒆷𒊍𒉺"", -21.2055], [""𒈪𒋫𒀭𒉌"", -21.2055], [""𒀀𒀝𒉌𒅖"", -21.2055]]"
amasirute	𒋼𒊑𒀉𒋾𒌅𒌋𒉌𒅖	-23.4063	"[[""𒋼𒊑𒀉𒋾𒌅𒌋𒉌𒅖"", -23.4063], [""𒌷𒉈𒂊𒊭𒀸"", -23.4428], [""𒌷𒀀𒉿𒅈𒈾"", -23.4428], [""kut"", -23.4861], [""ais"", -23.7648], [""𒌷𒄩𒀜𒋾"", -24.139], [""𒀀𒀝𒉌𒅖"", -24.139], [""𒌷𒆷𒊍𒉺"", -24.139], [""𒈪𒋫𒀭𒉌"", -24.139], [""ekːus"", -24.3177]]"
amat	𒀸𒋗𒉿	-10.6439	"[[""𒀸𒋗𒉿"", -10.6439], [""𒀀𒀝𒉌𒅖"", -11.1101], [""𒌷𒆷𒊍𒉺"", -11.1101], [""𒈪𒋫𒀭𒉌"", -11.1101], [""𒌷𒄩𒀜𒋾"", -11.1101], [""𒌷𒀀𒉿𒅈𒈾"", -12.2879], [""𒌷𒉈𒂊𒊭𒀸"", -12.2879], [""ku6"", -14.9765], [""𒋼𒊑𒀉𒋾𒌅𒌋𒉌𒅖"", -15.6251], [""lu"", -16.0479]]"
amate	𒌷𒆷𒊍𒉺	-13.1999	"[[""𒌷𒆷𒊍𒉺"", -13.1999], [""𒀀𒀝𒉌𒅖"", -13.1999], [""𒌷𒄩𒀜𒋾"", -13.1999], [""𒈪𒋫𒀭𒉌"", -13.1999], [""𒀸𒋗𒉿"", -13.2697], [""𒌷𒀀𒉿𒅈𒈾"", -13.742], [""𒌷𒉈𒂊𒊭𒀸"", -13.742], [""𒋼𒊑𒀉𒋾𒌅𒌋𒉌𒅖"", -16.8346], [""ku6"", -17.9765], [""ke"", -19.3208]]"
ame	𒀸𒋗𒉿	-8.4226	"[[""𒀸𒋗𒉿"", -8.4226], [""𒀀𒀝𒉌𒅖"", -9.899], [""𒌷𒄩𒀜𒋾"", -9.899], [""𒈪𒋫𒀭𒉌"", -9.899], [""𒌷𒆷𒊍𒉺"", -9.899], [""𒌷𒉈𒂊𒊭𒀸"", -10.7315], [""𒌷𒀀𒉿𒅈𒈾"", -10.7315], [""ku6"", -12.1474], [""aʃ"", -12.8387], [""wa"", -12.8387]]"
amei	𒀸𒋗𒉿	-10.6439	"[[""𒀸𒋗𒉿"", -10.6439], [""𒀀𒀝𒉌𒅖"", -11.1101], [""𒌷𒆷𒊍𒉺"", -11.1101], [""𒈪𒋫𒀭𒉌"", -11.1101], [""𒌷𒄩𒀜𒋾"", -11.1101], [""𒌷𒀀𒉿𒅈𒈾"", -12.2879], [""𒌷𒉈𒂊𒊭𒀸"", -12.2879], [""ku6"", -14.9765], [""𒋼𒊑𒀉𒋾𒌅𒌋𒉌𒅖"", -15.6251], [""lu"", -16.0479]]"
ameit	𒌷𒆷𒊍𒉺	-13.1999	"[[""𒌷𒆷𒊍𒉺"", -13.1999], [""𒀀𒀝𒉌𒅖"", -13.1999], [""𒌷𒄩𒀜𒋾"", -13.1999], [""𒈪𒋫𒀭𒉌"", -13.1999], [""𒀸𒋗𒉿"", -13.2697], [""𒌷𒀀𒉿𒅈𒈾"", -13.742], [""𒌷𒉈𒂊𒊭𒀸"", -13.742], [""𒋼𒊑𒀉𒋾𒌅𒌋𒉌𒅖"", -16.8346], [""ku6"", -17.9765], [""ke"", -19.3208]]"
ameiti	𒀀𒀝𒉌𒅖	-15.6764	"[[""𒀀𒀝𒉌𒅖"", -15.6764], [""𒌷𒄩𒀜𒋾"", -15.6764], [""𒈪𒋫𒀭𒉌"", -15.6764], [""𒌷𒆷𒊍𒉺"", -15.6764], [""𒌷𒀀𒉿𒅈𒈾"", -15.7621], [""𒌷𒉈𒂊𒊭𒀸"", -15.7621], [""𒀸𒋗𒉿"", -16.1017], [""𒋼𒊑𒀉𒋾𒌅𒌋𒉌𒅖"", -18.0751], [""ku6"", -21.0773], [""lu"", -22.6343]]"
ameu	𒀸𒋗𒉿	-10.6439	"[[""𒀸𒋗𒉿"", -10.6439], [""𒀀𒀝𒉌𒅖"", -11.1101], [""𒌷𒆷𒊍𒉺"", -11.1101], [""𒈪𒋫𒀭𒉌"", -11.1101], [""𒌷𒄩𒀜𒋾"", -11.1101], [""𒌷𒀀𒉿𒅈𒈾"", -12.2879], [""𒌷𒉈𒂊𒊭𒀸"", -12.2879], [""as"", -12.6134], [""kut"", -12.7336], [""ais"", -12.8319]]"
ameun	𒌷𒄩𒀜𒋾	-13.1999	"[[""𒌷𒄩𒀜𒋾"", -13.1999], [""𒀀𒀝𒉌𒅖"", -13.1999], [""𒈪𒋫𒀭𒉌"", -13.1999], [""𒌷𒆷𒊍𒉺"", -13.1999], [""𒀸𒋗𒉿"", -13.2697], [""𒌷𒉈𒂊𒊭𒀸"", -13.742], [""𒌷𒀀𒉿𒅈𒈾"", -13.742], [""as"", -16.113], [""kut"", -16.1471], [""xus"", -16.3369]]"
ameuna	𒀀𒀝𒉌𒅖	-15.6764	"[[""𒀀𒀝𒉌𒅖"", -15.6764], [""𒈪𒋫𒀭𒉌"", -15.6764], [""𒌷𒆷𒊍𒉺"", -15.6764], [""𒌷𒄩𒀜𒋾"", -15.6764], [""𒌷𒀀𒉿𒅈𒈾"", -15.7621], [""𒌷𒉈𒂊𒊭𒀸"", -15.7621], [""𒀸𒋗𒉿"", -16.1017], [""𒋼𒊑𒀉𒋾𒌅𒌋𒉌𒅖"", -18.0751], [""kut"", -19.5661], [""tuk"", -19.5844]]"
ameunak	𒌷𒀀𒉿𒅈𒈾	-18.1288	"[[""𒌷𒀀𒉿𒅈𒈾"", -18.1288], [""𒌷𒉈𒂊𒊭𒀸"", -18.1288], [""𒌷𒄩𒀜𒋾"", -18.3706], [""𒌷𒆷𒊍𒉺"", -18.3706], [""𒈪𒋫𒀭𒉌"", -18.3706], [""𒀀𒀝𒉌𒅖"", -18.3706], [""𒀸𒋗𒉿"", -19.0604], [""𒋼𒊑𒀉𒋾𒌅𒌋𒉌𒅖"", -19.6834], [""iːsˤaː́"", -21.7222], [""aːsːa"", -22.6493]]"
ameunaka	𒌷𒀀𒉿𒅈𒈾	-20.7122	"[[""𒌷𒀀𒉿𒅈𒈾"", -20.7122], [""𒌷𒉈𒂊𒊭𒀸"", -20.7122], [""𒀀𒀝𒉌𒅖"", -21.2055], [""𒌷𒄩𒀜𒋾"", -21.2055], [""𒈪𒋫𒀭𒉌"", -21.2055], [""𒌷𒆷𒊍𒉺"", -21.2055], [""𒋼𒊑𒀉𒋾𒌅𒌋𒉌𒅖"", -21.435], [""𒀸𒋗𒉿"", -22.1053], [""iːsˤaː́"", -24.1745], [""aːsːa"", -25.715]]"
ameunakan	𒋼𒊑𒀉𒋾𒌅𒌋𒉌𒅖	-23.4063	"[[""𒋼𒊑𒀉𒋾𒌅𒌋𒉌𒅖"", -23.4063], [""𒌷𒀀𒉿𒅈𒈾"", -23.4428], [""𒌷𒉈𒂊𒊭𒀸"", -23.4428], [""𒀀𒀝𒉌𒅖"", -24.139], [""𒌷𒆷𒊍𒉺"", -24.139], [""𒈪𒋫𒀭𒉌"", -24.139], [""𒌷𒄩𒀜𒋾"", -24.139], [""𒀸𒋗𒉿"", -25.2127], [""iːsˤaː́"", -26.8582], [""aːsːa"", -28.8604]]"
ameunakana	𒋼𒊑𒀉𒋾𒌅𒌋𒉌𒅖	-25.5942	"[[""𒋼𒊑𒀉𒋾𒌅𒌋𒉌𒅖"", -25.5942], [""𒌷𒀀𒉿𒅈𒈾"", -26.2798], [""𒌷𒉈𒂊𒊭𒀸"", -26.2798], [""𒀀𒀝𒉌𒅖"", -27.1456], [""𒌷𒆷𒊍𒉺"", -27.1456], [""𒈪𒋫𒀭𒉌"", -27.1456], [""𒌷𒄩𒀜𒋾"", -27.1456], [""𒀸𒋗𒉿"", -28.3678], [""iːsˤaː́"", -29.6875], [""aːsːa"", -32.061]]"
ameunar	𒌷𒀀𒉿𒅈𒈾	-18.1288	"[[""𒌷𒀀𒉿𒅈𒈾"", -18.1288], [""𒌷𒉈𒂊𒊭𒀸"", -18.1288], [""𒀀𒀝𒉌𒅖"", -18.3706], [""𒌷𒄩𒀜𒋾"", -18.3706], [""𒈪𒋫𒀭𒉌"", -18.3706], [""𒌷𒆷𒊍𒉺"", -18.3706], [""aːsːa"", -18.4077], [""𒀸𒋗𒉿"", -19.0604], [""𒋼𒊑𒀉𒋾𒌅𒌋𒉌𒅖"", -19.6834], [""etsːi"", -19.7989]]"
ameunaru	tasːus	-19.4731	"[[""tasːus"", -19.4731], [""asːus"", -19.6346], [""atːas"", -19.6346], [""kut"", -19.9832], [""tuk"", -19.9855], [""pekːus"", -20.5475], [""salːis"", -20.5594], [""ekːus"", -20.6176], [""tepus"", -20.6502], [""𒌷𒀀𒉿𒅈𒈾"", -20.7122]]"
ameunaruk	tasːus	-22.8777	"[[""tasːus"", -22.8777], [""asːus"", -23.1378], [""atːas"", -23.1378], [""𒋼𒊑𒀉𒋾𒌅𒌋𒉌𒅖"", -23.4063], [""𒌷𒉈𒂊𒊭𒀸"", -23.4428], [""𒌷𒀀𒉿𒅈𒈾"", -23.4428], [""kut"", -23.4901], [""tuk"", -23.4903], [""pekːus"", -24.0182], [""iːsˤaː́"", -24.0244]]"
ameunaruka	𒋼𒊑𒀉𒋾𒌅𒌋𒉌𒅖	-25.5942	"[[""𒋼𒊑𒀉𒋾𒌅𒌋𒉌𒅖"", -25.5942], [""tasːus"", -26.2073], [""𒌷𒉈𒂊𒊭𒀸"", -26.2798], [""𒌷𒀀𒉿𒅈𒈾"", -26.2798], [""iːsˤaː́"", -26.4928], [""asːus"", -26.6371], [""atːas"", -26.6371], [""tuk"", -26.9951], [""kut"", -26.997], [""𒌷𒆷𒊍𒉺"", -27.1456]]"
ana	𒀸𒋗𒉿	-8.4226	"[[""𒀸𒋗𒉿"", -8.4226], [""𒀀𒀝𒉌𒅖"", -9.899], [""𒌷𒄩𒀜𒋾"", -9.899], [""𒈪𒋫𒀭𒉌"", -9.899], [""𒌷𒆷𒊍𒉺"", -9.899], [""𒌷𒉈𒂊𒊭𒀸"", -10.7315], [""𒌷𒀀𒉿𒅈𒈾"", -10.7315], [""ku6"", -12.1474], [""aʃ"", -12.8387], [""wa"", -12.8387]]"
anad	𒀸𒋗𒉿	-10.6439	"[[""𒀸𒋗𒉿"", -10.6439], [""𒀀𒀝𒉌𒅖"", -11.1101], [""𒌷𒆷𒊍𒉺"", -11.1101], [""𒈪𒋫𒀭𒉌"", -11.1101], [""𒌷𒄩𒀜𒋾"", -11.1101], [""𒌷𒀀𒉿𒅈𒈾"", -12.2879], [""𒌷𒉈𒂊𒊭𒀸"", -12.2879], [""ku6"", -14.9765], [""𒋼𒊑𒀉𒋾𒌅𒌋𒉌𒅖"", -15.6251], [""lu"", -16.0479]]"
anada	𒌷𒆷𒊍𒉺	-13.1999	"[[""𒌷𒆷𒊍𒉺"", -13.1999], [""𒀀𒀝𒉌𒅖"", -13.1999], [""𒌷𒄩𒀜𒋾"", -13.1999], [""𒈪𒋫𒀭𒉌"", -13.1999], [""𒀸𒋗𒉿"", -13.2697], [""𒌷𒀀𒉿𒅈𒈾"", -13.742], [""𒌷𒉈𒂊𒊭𒀸"", -13.742], [""𒋼𒊑𒀉𒋾𒌅𒌋𒉌𒅖"", -16.8346], [""ku6"", -17.9765], [""ke"", -19.3208]]"
anadaw	𒀀𒀝𒉌𒅖	-15.6764	"[[""𒀀𒀝𒉌𒅖"", -15.6764], [""𒌷𒄩𒀜𒋾"", -15.6764], [""𒈪𒋫𒀭𒉌"", -15.6764], [""𒌷𒆷𒊍𒉺"", -15.6764], [""𒌷𒀀𒉿𒅈𒈾"", -15.7621], [""𒌷𒉈𒂊𒊭𒀸"", -15.7621], [""𒀸𒋗𒉿"", -16.1017], [""𒋼𒊑𒀉𒋾𒌅𒌋𒉌𒅖"", -18.0751], [""ku6"", -21.0773], [""lu"", -22.6343]]"
anadawa	𒌷𒀀𒉿𒅈𒈾	-18.1288	"[[""𒌷𒀀𒉿𒅈𒈾"", -18.1288], [""𒌷𒉈𒂊𒊭𒀸"", -18.1288], [""𒌷𒄩𒀜𒋾"", -18.3706], [""𒀀𒀝𒉌𒅖"", -18.3706], [""𒌷𒆷𒊍𒉺"", -18.3706], [""𒈪𒋫𒀭𒉌"", -18.3706], [""𒀸𒋗𒉿"", -19.0604], [""𒋼𒊑𒀉𒋾𒌅𒌋𒉌𒅖"", -19.6834], [""ku6"", -24.2448], [""iːsˤaː́"", -25.6984]]"
anadawai	𒌷𒀀𒉿𒅈𒈾	-20.7122	"[[""𒌷𒀀𒉿𒅈𒈾"", -20.7122], [""𒌷𒉈𒂊𒊭𒀸"", -20.7122], [""𒀀𒀝𒉌𒅖"", -21.2055], [""𒌷𒄩𒀜𒋾"", -21.2055], [""𒈪𒋫𒀭𒉌"", -21.2055], [""𒌷𒆷𒊍𒉺"", -21.2055], [""𒋼𒊑𒀉𒋾𒌅𒌋𒉌𒅖"", -21.435], [""𒀸𒋗𒉿"", -22.1053], [""ku6"", -27.4599], [""iːsˤaː́"", -28.4239]]"
anadawaij	𒋼𒊑𒀉𒋾𒌅𒌋𒉌𒅖	-23.4063	"[[""𒋼𒊑𒀉𒋾𒌅𒌋𒉌𒅖"", -23.4063], [""𒌷𒀀𒉿𒅈𒈾"", -23.4428], [""𒌷𒉈𒂊𒊭𒀸"", -23.4428], [""𒌷𒄩𒀜𒋾"", -24.139], [""𒀀𒀝𒉌𒅖"", -24.139], [""𒌷𒆷𒊍𒉺"", -24.139], [""𒈪𒋫𒀭𒉌"", -24.139], [""𒀸𒋗𒉿"", -25.2127], [""eːʃ"", -27.2326], [""xuːʃ"", -27.4532]]"
anadawaija	𒋼𒊑𒀉𒋾𒌅𒌋𒉌𒅖	-25.5942	"[[""𒋼𒊑𒀉𒋾𒌅𒌋𒉌𒅖"", -25.5942], [""𒌷𒉈𒂊𒊭𒀸"", -26.2798], [""𒌷𒀀𒉿𒅈𒈾"", -26.2798], [""𒌷𒆷𒊍𒉺"", -27.1456], [""𒀀𒀝𒉌𒅖"", -27.1456], [""𒈪𒋫𒀭𒉌"", -27.1456], [""𒌷𒄩𒀜𒋾"", -27.1456], [""𒀸𒋗𒉿"", -28.3678], [""eːʃ"", -30.7299], [""xuːʃ"", -30.9536]]"
anai	𒀸𒋗𒉿	-10.6439	"[[""𒀸𒋗𒉿"", -10.6439], [""𒀀𒀝𒉌𒅖"", -11.1101], [""𒌷𒆷𒊍𒉺"", -11.1101], [""𒈪𒋫𒀭𒉌"", -11.1101], [""𒌷𒄩𒀜𒋾"", -11.1101], [""𒌷𒀀𒉿𒅈𒈾"", -12.2879], [""𒌷𒉈𒂊𒊭𒀸"", -12.2879], [""ku6"", -14.9765], [""𒋼𒊑𒀉𒋾𒌅𒌋𒉌𒅖"", -15.6251], [""lu"", -16.0479]]"
anaiΘ	𒌷𒆷𒊍𒉺	-13.1999	"[[""𒌷𒆷𒊍𒉺"", -13.1999], [""𒀀𒀝𒉌𒅖"", -13.1999], [""𒌷𒄩𒀜𒋾"", -13.1999], [""𒈪𒋫𒀭𒉌"", -13.1999], [""𒀸𒋗𒉿"", -13.2697], [""𒌷𒀀𒉿𒅈𒈾"", -13.742], [""𒌷𒉈𒂊𒊭𒀸"", -13.742], [""𒋼𒊑𒀉𒋾𒌅𒌋𒉌𒅖"", -16.8346], [""ku6"", -17.9765], [""ke"", -19.3208]]"
anaiΘt	𒀀𒀝𒉌𒅖	-15.6764	"[[""𒀀𒀝𒉌𒅖"", -15.6764], [""𒌷𒄩𒀜𒋾"", -15.6764], [""𒈪𒋫𒀭𒉌"", -15.6764], [""𒌷𒆷𒊍𒉺"", -15.6764], [""𒌷𒀀𒉿𒅈𒈾"", -15.7621], [""𒌷𒉈𒂊𒊭𒀸"", -15.7621], [""𒀸𒋗𒉿"", -16.1017], [""𒋼𒊑𒀉𒋾𒌅𒌋𒉌𒅖"", -18.0751], [""ku6"", -21.0773], [""lu"", -22.6343]]"
anaiΘti	𒌷𒀀𒉿𒅈𒈾	-18.1288	"[[""𒌷𒀀𒉿𒅈𒈾"", -18.1288], [""𒌷𒉈𒂊𒊭𒀸"", -18.1288], [""𒌷𒄩𒀜𒋾"", -18.3706], [""𒀀𒀝𒉌𒅖"", -18.3706], [""𒌷𒆷𒊍𒉺"", -18.3706], [""𒈪𒋫𒀭𒉌"", -18.3706], [""𒀸𒋗𒉿"", -19.0604], [""𒋼𒊑𒀉𒋾𒌅𒌋𒉌𒅖"", -19.6834], [""ku6"", -24.2448], [""iːsˤaː́"", -25.6984]]"
anaiΘtij	𒌷𒀀𒉿𒅈𒈾	-20.7122	"[[""𒌷𒀀𒉿𒅈𒈾"", -20.7122], [""𒌷𒉈𒂊𒊭𒀸"", -20.7122], [""𒀀𒀝𒉌𒅖"", -21.2055], [""𒌷𒆷𒊍𒉺"", -21.2055], [""𒈪𒋫𒀭𒉌"", -21.2055], [""𒌷𒄩𒀜𒋾"", -21.2055], [""𒋼𒊑𒀉𒋾𒌅𒌋𒉌𒅖"", -21.435], [""𒀸𒋗𒉿"", -22.1053], [""eːʃ"", -23.9616], [""xuːʃ"", -24.2378]]"
anaiΘtija	𒋼𒊑𒀉𒋾𒌅𒌋𒉌𒅖	-23.4063	"[[""𒋼𒊑𒀉𒋾𒌅𒌋𒉌𒅖"", -23.4063], [""𒌷𒀀𒉿𒅈𒈾"", -23.4428], [""𒌷𒉈𒂊𒊭𒀸"", -23.4428], [""𒈪𒋫𒀭𒉌"", -24.139], [""𒀀𒀝𒉌𒅖"", -24.139], [""𒌷𒄩𒀜𒋾"", -24.139], [""𒌷𒆷𒊍𒉺"", -24.139], [""𒀸𒋗𒉿"", -25.2127], [""eːʃ"", -27.4563], [""xuːʃ"", -27.7365]]"
anaiΘtijas	𒋼𒊑𒀉𒋾𒌅𒌋𒉌𒅖	-25.5942	"[[""𒋼𒊑𒀉𒋾𒌅𒌋𒉌𒅖"", -25.5942], [""𒌷𒀀𒉿𒅈𒈾"", -26.2798], [""𒌷𒉈𒂊𒊭𒀸"", -26.2798], [""𒈪𒋫𒀭𒉌"", -27.1456], [""𒌷𒆷𒊍𒉺"", -27.1456], [""𒌷𒄩𒀜𒋾"", -27.1456], [""𒀀𒀝𒉌𒅖"", -27.1456], [""uːxːi"", -28.1677], [""𒀸𒋗𒉿"", -28.3678], [""Ḫatːuʃa"", -29.6359]]"
anaiΘu	𒀀𒀝𒉌𒅖	-15.6764	"[[""𒀀𒀝𒉌𒅖"", -15.6764], [""𒌷𒆷𒊍𒉺"", -15.6764], [""𒈪𒋫𒀭𒉌"", -15.6764], [""𒌷𒄩𒀜𒋾"", -15.6764], [""𒌷𒉈𒂊𒊭𒀸"", -15.7621], [""𒌷𒀀𒉿𒅈𒈾"", -15.7621], [""𒀸𒋗𒉿"", -16.1017], [""𒋼𒊑𒀉𒋾𒌅𒌋𒉌𒅖"", -18.0751], [""as"", -19.2234], [""kut"", -19.2541]]"
anaiΘut	𒌷𒉈𒂊𒊭𒀸	-18.1288	"[[""𒌷𒉈𒂊𒊭𒀸"", -18.1288], [""𒌷𒀀𒉿𒅈𒈾"", -18.1288], [""𒀀𒀝𒉌𒅖"", -18.3706], [""𒌷𒆷𒊍𒉺"", -18.3706], [""𒈪𒋫𒀭𒉌"", -18.3706], [""𒌷𒄩𒀜𒋾"", -18.3706], [""𒀸𒋗𒉿"", -19.0604], [""𒋼𒊑𒀉𒋾𒌅𒌋𒉌𒅖"", -19.6834], [""kut"", -22.7029], [""as"", -22.7256]]"
anaiΘuti	𒌷𒉈𒂊𒊭𒀸	-20.7122	"[[""𒌷𒉈𒂊𒊭𒀸"", -20.7122], [""𒌷𒀀𒉿𒅈𒈾"", -20.7122], [""𒌷𒆷𒊍𒉺"", -21.2055], [""𒀀𒀝𒉌𒅖"", -21.2055], [""𒈪𒋫𒀭𒉌"", -21.2055], [""𒌷𒄩𒀜𒋾"", -21.2055], [""𒋼𒊑𒀉𒋾𒌅𒌋𒉌𒅖"", -21.435], [""𒀸𒋗𒉿"", -22.1053], [""iːsˤaː́"", -25.8407], [""aːsːa"", -25.8816]]"
anaiΘutin	𒋼𒊑𒀉𒋾𒌅𒌋𒉌𒅖	-23.4063	"[[""𒋼𒊑𒀉𒋾𒌅𒌋𒉌𒅖"", -23.4063], [""𒌷𒉈𒂊𒊭𒀸"", -23.4428], [""𒌷𒀀𒉿𒅈𒈾"", -23.4428], [""𒌷𒆷𒊍𒉺"", -24.139], [""𒀀𒀝𒉌𒅖"", -24.139], [""𒈪𒋫𒀭𒉌"", -24.139], [""𒌷𒄩𒀜𒋾"", -24.139], [""𒀸𒋗𒉿"", -25.2127], [""iːsˤaː́"", -27.881], [""aːsːa"", -28.8233]]"
anaiΘutinu	𒋼𒊑𒀉𒋾𒌅𒌋𒉌𒅖	-25.5942	"[[""𒋼𒊑𒀉𒋾𒌅𒌋𒉌𒅖"", -25.5942], [""𒌷𒀀𒉿𒅈𒈾"", -26.2798], [""𒌷𒉈𒂊𒊭𒀸"", -26.2798], [""𒀀𒀝𒉌𒅖"", -27.1456], [""𒈪𒋫𒀭𒉌"", -27.1456], [""𒌷𒄩𒀜𒋾"", -27.1456], [""𒌷𒆷𒊍𒉺"", -27.1456], [""𒀸𒋗𒉿"", -28.3678], [""tasːus"", -30.2498], [""iːsˤaː́"", -30.3402]]"
anas	𒀸𒋗𒉿	-10.6439	"[[""𒀸𒋗𒉿"", -10.6439], [""𒀀𒀝𒉌𒅖"", -11.1101], [""𒌷𒆷𒊍𒉺"", -11.1101], [""𒌷𒄩𒀜𒋾"", -11.1101], [""𒈪𒋫𒀭𒉌"", -11.1101], [""𒌷𒉈𒂊𒊭𒀸"", -12.2879], [""𒌷𒀀𒉿𒅈𒈾"", -12.2879], [""apːa"", -13.4828], [""paːi"", -13.4858], [""uk"", -13.4922]]"
anasi	𒀀𒀝𒉌𒅖	-13.1999	"[[""𒀀𒀝𒉌𒅖"", -13.1999], [""𒈪𒋫𒀭𒉌"", -13.1999], [""𒌷𒄩𒀜𒋾"", -13.1999], [""𒌷𒆷𒊍𒉺"", -13.1999], [""𒀸𒋗𒉿"", -13.2697], [""𒌷𒀀𒉿𒅈𒈾"", -13.742], [""𒌷𒉈𒂊𒊭𒀸"", -13.742], [""ku6"", -16.1858], [""praː"", -16.673], [""𒋼𒊑𒀉𒋾𒌅𒌋𒉌𒅖"", -16.8346]]"
anasis	𒌷𒆷𒊍𒉺	-15.6764	"[[""𒌷𒆷𒊍𒉺"", -15.6764], [""𒀀𒀝𒉌𒅖"", -15.6764], [""𒌷𒄩𒀜𒋾"", -15.6764], [""𒈪𒋫𒀭𒉌"", -15.6764], [""𒌷𒉈𒂊𒊭𒀸"", -15.7621], [""𒌷𒀀𒉿𒅈𒈾"", -15.7621], [""𒀸𒋗𒉿"", -16.1017], [""uk"", -16.4697], [""ke"", -16.4749], [""apːa"", -17.3571]]"
anasisi	𒌷𒉈𒂊𒊭𒀸	-18.1288	"[[""𒌷𒉈𒂊𒊭𒀸"", -18.1288], [""𒌷𒀀𒉿𒅈𒈾"", -18.1288], [""𒀀𒀝𒉌𒅖"", -18.3706], [""𒌷𒄩𒀜𒋾"", -18.3706], [""𒌷𒆷𒊍𒉺"", -18.3706], [""𒈪𒋫𒀭𒉌"", -18.3706], [""𒀸𒋗𒉿"", -19.0604], [""ku6"", -19.2879], [""𒋼𒊑𒀉𒋾𒌅𒌋𒉌𒅖"", -19.6834], [""uk"", -19.9723]]"
anasisir	apːa	-20.6264	"[[""apːa"", -20.6264], [""paːi"", -20.6341], [""𒌷𒀀𒉿𒅈𒈾"", -20.7122], [""𒌷𒉈𒂊𒊭𒀸"", -20.7122], [""𒀀𒀝𒉌𒅖"", -21.2055], [""𒌷𒄩𒀜𒋾"", -21.2055], [""𒌷𒆷𒊍𒉺"", -21.2055], [""𒈪𒋫𒀭𒉌"", -21.2055], [""pai"", -21.3215], [""𒋼𒊑𒀉𒋾𒌅𒌋𒉌𒅖"", -21.435]]"
anat	𒀸𒋗𒉿	-10.6439	"[[""𒀸𒋗𒉿"", -10.6439], [""𒀀𒀝𒉌𒅖"", -11.1101], [""𒌷𒆷𒊍𒉺"", -11.1101], [""𒈪𒋫𒀭𒉌"", -11.1101], [""𒌷𒄩𒀜𒋾"", -11.1101], [""𒌷𒀀𒉿𒅈𒈾"", -12.2879], [""𒌷𒉈𒂊𒊭𒀸"", -12.2879], [""ku6"", -14.9765], [""𒋼𒊑𒀉𒋾𒌅𒌋𒉌𒅖"", -15.6251], [""lu"", -16.0479]]"
anati	𒌷𒆷𒊍𒉺	-13.1999	"[[""𒌷𒆷𒊍𒉺"", -13.1999], [""𒀀𒀝𒉌𒅖"", -13.1999], [""𒌷𒄩𒀜𒋾"", -13.1999], [""𒈪𒋫𒀭𒉌"", -13.1999], [""𒀸𒋗𒉿"", -13.2697], [""𒌷𒀀𒉿𒅈𒈾"", -13.742], [""𒌷𒉈𒂊𒊭𒀸"", -13.742], [""𒋼𒊑𒀉𒋾𒌅𒌋𒉌𒅖"", -16.8346], [""ku6"", -17.9765], [""ke"", -19.3208]]"
anatiΘ	𒀀𒀝𒉌𒅖	-15.6764	"[[""𒀀𒀝𒉌𒅖"", -15.6764], [""𒌷𒄩𒀜𒋾"", -15.6764], [""𒈪𒋫𒀭𒉌"", -15.6764], [""𒌷𒆷𒊍𒉺"", -15.6764], [""𒌷𒀀𒉿𒅈𒈾"", -15.7621], [""𒌷𒉈𒂊𒊭𒀸"", -15.7621], [""𒀸𒋗𒉿"", -16.1017], [""𒋼𒊑𒀉𒋾𒌅𒌋𒉌𒅖"", -18.0751], [""ku6"", -21.0773], [""lu"", -22.6343]]"
anatiΘw	𒌷𒀀𒉿𒅈𒈾	-18.1288	"[[""𒌷𒀀𒉿𒅈𒈾"", -18.1288], [""𒌷𒉈𒂊𒊭𒀸"", -18.1288], [""𒌷𒄩𒀜𒋾"", -18.3706], [""𒀀𒀝𒉌𒅖"", -18.3706], [""𒌷𒆷𒊍𒉺"", -18.3706], [""𒈪𒋫𒀭𒉌"", -18.3706], [""𒀸𒋗𒉿"", -19.0604], [""𒋼𒊑𒀉𒋾𒌅𒌋𒉌𒅖"", -19.6834], [""ku6"", -24.2448], [""iːsˤaː́"", -25.6984]]"
anatiΘwa	𒌷𒀀𒉿𒅈𒈾	-20.7122	"[[""𒌷𒀀𒉿𒅈𒈾"", -20.7122], [""𒌷𒉈𒂊𒊭𒀸"", -20.7122], [""𒀀𒀝𒉌𒅖"", -21.2055], [""𒌷𒄩𒀜𒋾"", -21.2055], [""𒈪𒋫𒀭𒉌"", -21.2055], [""𒌷𒆷𒊍𒉺"", -21.2055], [""𒋼𒊑𒀉𒋾𒌅𒌋𒉌𒅖"", -21.435], [""𒀸𒋗𒉿"", -22.1053], [""ku6"", -27.4599], [""iːsˤaː́"", -28.4239]]"
anatiΘwaj	𒋼𒊑𒀉𒋾𒌅𒌋𒉌𒅖	-23.4063	"[[""𒋼𒊑𒀉𒋾𒌅𒌋𒉌𒅖"", -23.4063], [""𒌷𒀀𒉿𒅈𒈾"", -23.4428], [""𒌷𒉈𒂊𒊭𒀸"", -23.4428], [""𒌷𒄩𒀜𒋾"", -24.139], [""𒀀𒀝𒉌𒅖"", -24.139], [""𒌷𒆷𒊍𒉺"", -24.139], [""𒈪𒋫𒀭𒉌"", -24.139], [""𒀸𒋗𒉿"", -25.2127], [""eːʃ"", -27.2326], [""xuːʃ"", -27.4532]]"
anatiΘwaja	𒋼𒊑𒀉𒋾𒌅𒌋𒉌𒅖	-25.5942	"[[""𒋼𒊑𒀉𒋾𒌅𒌋𒉌𒅖"", -25.5942], [""𒌷𒉈𒂊𒊭𒀸"", -26.2798], [""𒌷𒀀𒉿𒅈𒈾"", -26.2798], [""𒌷𒆷𒊍𒉺"", -27.1456], [""𒀀𒀝𒉌𒅖"", -27.1456], [""𒈪𒋫𒀭𒉌"", -27.1456], [""𒌷𒄩𒀜𒋾"", -27.1456], [""𒀸𒋗𒉿"", -28.3678], [""eːʃ"", -30.7299], [""xuːʃ"", -30.9536]]"
ara	𒀸𒋗𒉿	-8.4226	"[[""𒀸𒋗𒉿"", -8.4226], [""ku6"", -9.6204], [""𒌷𒄩𒀜𒋾"", -9.899], [""𒀀𒀝𒉌𒅖"", -9.899], [""𒌷𒆷𒊍𒉺"", -9.899], [""𒈪𒋫𒀭𒉌"", -9.899], [""ke"", -10.2889], [""uk"", -10.2889], [""praː"", -10.3051], [""eːʃ"", -10.5077]]"
aram	𒀸𒋗𒉿	-10.6439	"[[""𒀸𒋗𒉿"", -10.6439], [""𒌷𒄩𒀜𒋾"", -11.1101], [""𒀀𒀝𒉌𒅖"", -11.1101], [""𒈪𒋫𒀭𒉌"", -11.1101], [""𒌷𒆷𒊍𒉺"", -11.1101], [""𒌷𒉈𒂊𒊭𒀸"", -12.2879], [""𒌷𒀀𒉿𒅈𒈾"", -12.2879], [""ku6"", -12.3832], [""praː"", -12.8873], [""eːʃ"", -13.2252]]"
arama	𒌷𒄩𒀜𒋾	-13.1999	"[[""𒌷𒄩𒀜𒋾"", -13.1999], [""𒀀𒀝𒉌𒅖"", -13.1999], [""𒈪𒋫𒀭𒉌"", -13.1999], [""𒌷𒆷𒊍𒉺"", -13.1999], [""𒀸𒋗𒉿"", -13.2697], [""𒌷𒉈𒂊𒊭𒀸"", -13.742], [""𒌷𒀀𒉿𒅈𒈾"", -13.742], [""ku6"", -15.3852], [""praː"", -15.7909], [""eːʃ"", -16.1674]]"
araman	𒀀𒀝𒉌𒅖	-15.6764	"[[""𒀀𒀝𒉌𒅖"", -15.6764], [""𒌷𒆷𒊍𒉺"", -15.6764], [""𒈪𒋫𒀭𒉌"", -15.6764], [""𒌷𒄩𒀜𒋾"", -15.6764], [""𒌷𒉈𒂊𒊭𒀸"", -15.7621], [""𒌷𒀀𒉿𒅈𒈾"", -15.7621], [""𒀸𒋗𒉿"", -16.1017], [""𒋼𒊑𒀉𒋾𒌅𒌋𒉌𒅖"", -18.0751], [""ku6"", -18.5028], [""praː"", -18.8407]]"
aramana	𒌷𒀀𒉿𒅈𒈾	-18.1288	"[[""𒌷𒀀𒉿𒅈𒈾"", -18.1288], [""𒌷𒉈𒂊𒊭𒀸"", -18.1288], [""𒀀𒀝𒉌𒅖"", -18.3706], [""𒈪𒋫𒀭𒉌"", -18.3706], [""𒌷𒆷𒊍𒉺"", -18.3706], [""𒌷𒄩𒀜𒋾"", -18.3706], [""𒀸𒋗𒉿"", -19.0604], [""𒋼𒊑𒀉𒋾𒌅𒌋𒉌𒅖"", -19.6834], [""ku6"", -21.6903], [""praː"", -21.9767]]"
aramanad	𒌷𒀀𒉿𒅈𒈾	-20.7122	"[[""𒌷𒀀𒉿𒅈𒈾"", -20.7122], [""𒌷𒉈𒂊𒊭𒀸"", -20.7122], [""𒀀𒀝𒉌𒅖"", -21.2055], [""𒌷𒆷𒊍𒉺"", -21.2055], [""𒈪𒋫𒀭𒉌"", -21.2055], [""𒌷𒄩𒀜𒋾"", -21.2055], [""𒋼𒊑𒀉𒋾𒌅𒌋𒉌𒅖"", -21.435], [""𒀸𒋗𒉿"", -22.1053], [""ku6"", -24.9253], [""iːsˤaː́"", -24.9344]]"
aramanada	𒋼𒊑𒀉𒋾𒌅𒌋𒉌𒅖	-23.4063	"[[""𒋼𒊑𒀉𒋾𒌅𒌋𒉌𒅖"", -23.4063], [""𒌷𒀀𒉿𒅈𒈾"", -23.4428], [""𒌷𒉈𒂊𒊭𒀸"", -23.4428], [""𒀀𒀝𒉌𒅖"", -24.139], [""𒈪𒋫𒀭𒉌"", -24.139], [""𒌷𒆷𒊍𒉺"", -24.139], [""𒌷𒄩𒀜𒋾"", -24.139], [""𒀸𒋗𒉿"", -25.2127], [""iːsˤaː́"", -27.6782], [""ku6"", -28.1949]]"
aramanadaw	𒋼𒊑𒀉𒋾𒌅𒌋𒉌𒅖	-25.5942	"[[""𒋼𒊑𒀉𒋾𒌅𒌋𒉌𒅖"", -25.5942], [""𒌷𒀀𒉿𒅈𒈾"", -26.2798], [""𒌷𒉈𒂊𒊭𒀸"", -26.2798], [""𒌷𒆷𒊍𒉺"", -27.1456], [""𒌷𒄩𒀜𒋾"", -27.1456], [""𒈪𒋫𒀭𒉌"", -27.1456], [""𒀀𒀝𒉌𒅖"", -27.1456], [""𒀸𒋗𒉿"", -28.3678], [""iːsˤaː́"", -30.5081], [""ku6"", -31.491]]"
arame	𒌷𒄩𒀜𒋾	-13.1999	"[[""𒌷𒄩𒀜𒋾"", -13.1999], [""𒀀𒀝𒉌𒅖"", -13.1999], [""𒈪𒋫𒀭𒉌"", -13.1999], [""𒌷𒆷𒊍𒉺"", -13.1999], [""𒀸𒋗𒉿"", -13.2697], [""𒌷𒉈𒂊𒊭𒀸"", -13.742], [""𒌷𒀀𒉿𒅈𒈾"", -13.742], [""ku6"", -15.3852], [""praː"", -15.7909], [""eːʃ"", -16.1674]]"
aramei	𒀀𒀝𒉌𒅖	-15.6764	"[[""𒀀𒀝𒉌𒅖"", -15.6764], [""𒌷𒆷𒊍𒉺"", -15.6764], [""𒈪𒋫𒀭𒉌"", -15.6764], [""𒌷𒄩𒀜𒋾"", -15.6764], [""𒌷𒉈𒂊𒊭𒀸"", -15.7621], [""𒌷𒀀𒉿𒅈𒈾"", -15.7621], [""𒀸𒋗𒉿"", -16.1017], [""𒋼𒊑𒀉𒋾𒌅𒌋𒉌𒅖"", -18.0751], [""ku6"", -18.5028], [""praː"", -18.8407]]"
arameit	𒌷𒀀𒉿𒅈𒈾	-18.1288	"[[""𒌷𒀀𒉿𒅈𒈾"", -18.1288], [""𒌷𒉈𒂊𒊭𒀸"", -18.1288], [""𒀀𒀝𒉌𒅖"", -18.3706], [""𒈪𒋫𒀭𒉌"", -18.3706], [""𒌷𒆷𒊍𒉺"", -18.3706], [""𒌷𒄩𒀜𒋾"", -18.3706], [""𒀸𒋗𒉿"", -19.0604], [""𒋼𒊑𒀉𒋾𒌅𒌋𒉌𒅖"", -19.6834], [""ku6"", -21.6903], [""praː"", -21.9767]]"
arameiti	𒌷𒀀𒉿𒅈𒈾	-20.7122	"[[""𒌷𒀀𒉿𒅈𒈾"", -20.7122], [""𒌷𒉈𒂊𒊭𒀸"", -20.7122], [""𒀀𒀝𒉌𒅖"", -21.2055], [""𒌷𒆷𒊍𒉺"", -21.2055], [""𒈪𒋫𒀭𒉌"", -21.2055], [""𒌷𒄩𒀜𒋾"", -21.2055], [""𒋼𒊑𒀉𒋾𒌅𒌋𒉌𒅖"", -21.435], [""𒀸𒋗𒉿"", -22.1053], [""ku6"", -24.9253], [""iːsˤaː́"", -24.9344]]"
arameu	as	-15.3924	"[[""as"", -15.3924], [""𒀀𒀝𒉌𒅖"", -15.6764], [""𒌷𒆷𒊍𒉺"", -15.6764], [""𒈪𒋫𒀭𒉌"", -15.6764], [""𒌷𒄩𒀜𒋾"", -15.6764], [""𒌷𒀀𒉿𒅈𒈾"", -15.7621], [""𒌷𒉈𒂊𒊭𒀸"", -15.7621], [""𒀸𒋗𒉿"", -16.1017], [""uk"", -16.474], [""kut"", -16.813]]"
arameun	𒌷𒉈𒂊𒊭𒀸	-18.1288	"[[""𒌷𒉈𒂊𒊭𒀸"", -18.1288], [""𒌷𒀀𒉿𒅈𒈾"", -18.1288], [""𒀀𒀝𒉌𒅖"", -18.3706], [""𒈪𒋫𒀭𒉌"", -18.3706], [""𒌷𒄩𒀜𒋾"", -18.3706], [""𒌷𒆷𒊍𒉺"", -18.3706], [""as"", -18.8995], [""𒀸𒋗𒉿"", -19.0604], [""aːsːa"", -19.2901], [""𒋼𒊑𒀉𒋾𒌅𒌋𒉌𒅖"", -19.6834]]"
arameuna	𒌷𒉈𒂊𒊭𒀸	-20.7122	"[[""𒌷𒉈𒂊𒊭𒀸"", -20.7122], [""𒌷𒀀𒉿𒅈𒈾"", -20.7122], [""𒀀𒀝𒉌𒅖"", -21.2055], [""𒈪𒋫𒀭𒉌"", -21.2055], [""𒌷𒄩𒀜𒋾"", -21.2055], [""𒌷𒆷𒊍𒉺"", -21.2055], [""𒋼𒊑𒀉𒋾𒌅𒌋𒉌𒅖"", -21.435], [""iːsˤaː́"", -21.9868], [""aːsːa"", -22.0053], [""𒀸𒋗𒉿"", -22.1053]]"
arameunak	𒋼𒊑𒀉𒋾𒌅𒌋𒉌𒅖	-23.4063	"[[""𒋼𒊑𒀉𒋾𒌅𒌋𒉌𒅖"", -23.4063], [""𒌷𒉈𒂊𒊭𒀸"", -23.4428], [""𒌷𒀀𒉿𒅈𒈾"", -23.4428], [""iːsˤaː́"", -24.0122], [""𒈪𒋫𒀭𒉌"", -24.139], [""𒌷𒄩𒀜𒋾"", -24.139], [""𒀀𒀝𒉌𒅖"", -24.139], [""𒌷𒆷𒊍𒉺"", -24.139], [""aːsːa"", -24.9466], [""𒀸𒋗𒉿"", -25.2127]]"
arameunaka	𒋼𒊑𒀉𒋾𒌅𒌋𒉌𒅖	-25.5942	"[[""𒋼𒊑𒀉𒋾𒌅𒌋𒉌𒅖"", -25.5942], [""𒌷𒀀𒉿𒅈𒈾"", -26.2798], [""𒌷𒉈𒂊𒊭𒀸"", -26.2798], [""iːsˤaː́"", -26.468], [""𒀀𒀝𒉌𒅖"", -27.1456], [""𒌷𒄩𒀜𒋾"", -27.1456], [""𒈪𒋫𒀭𒉌"", -27.1456], [""𒌷𒆷𒊍𒉺"", -27.1456], [""aːsːa"", -28.0131], [""𒀸𒋗𒉿"", -28.3678]]"
arameunar	aːsːa	-20.7049	"[[""aːsːa"", -20.7049], [""eːtsːi"", -22.5684], [""aːitsːi"", -23.3074], [""𒋼𒊑𒀉𒋾𒌅𒌋𒉌𒅖"", -23.4063], [""iːsˤaː́"", -23.4076], [""𒌷𒉈𒂊𒊭𒀸"", -23.4428], [""𒌷𒀀𒉿𒅈𒈾"", -23.4428], [""apːa"", -23.4914], [""iti"", -23.7776], [""etsːi"", -23.9804]]"
arameunaru	asːus	-22.4359	"[[""asːus"", -22.4359], [""atːas"", -22.4359], [""ekːus"", -23.4887], [""itut"", -23.7745], [""aːsːa"", -24.2029], [""pekːus"", -24.7628], [""tasːus"", -24.9104], [""patas"", -25.1552], [""kursas"", -25.4839], [""palsas"", -25.4839]]"
are	𒀸𒋗𒉿	-8.4226	"[[""𒀸𒋗𒉿"", -8.4226], [""ku6"", -9.6204], [""𒌷𒄩𒀜𒋾"", -9.899], [""𒀀𒀝𒉌𒅖"", -9.899], [""𒌷𒆷𒊍𒉺"", -9.899], [""𒈪𒋫𒀭𒉌"", -9.899], [""ke"", -10.2889], [""uk"", -10.2889], [""praː"", -10.3051], [""eːʃ"", -10.5077]]"
ared	𒀸𒋗𒉿	-10.6439	"[[""𒀸𒋗𒉿"", -10.6439], [""𒌷𒄩𒀜𒋾"", -11.1101], [""𒀀𒀝𒉌𒅖"", -11.1101], [""𒈪𒋫𒀭𒉌"", -11.1101], [""𒌷𒆷𒊍𒉺"", -11.1101], [""𒌷𒉈𒂊𒊭𒀸"", -12.2879], [""𒌷𒀀𒉿𒅈𒈾"", -12.2879], [""ku6"", -12.3832], [""praː"", -12.8873], [""eːʃ"", -13.2252]]"
aredi	𒌷𒄩𒀜𒋾	-13.1999	"[[""𒌷𒄩𒀜𒋾"", -13.1999], [""𒀀𒀝𒉌𒅖"", -13.1999], [""𒈪𒋫𒀭𒉌"", -13.1999], [""𒌷𒆷𒊍𒉺"", -13.1999], [""𒀸𒋗𒉿"", -13.2697], [""𒌷𒉈𒂊𒊭𒀸"", -13.742], [""𒌷𒀀𒉿𒅈𒈾"", -13.742], [""ku6"", -15.3852], [""praː"", -15.7909], [""eːʃ"", -16.1674]]"
aredij	eːʃ	-13.6563	"[[""eːʃ"", -13.6563], [""aʃ"", -15.3915], [""𒀀𒀝𒉌𒅖"", -15.6764], [""𒌷𒄩𒀜𒋾"", -15.6764], [""𒌷𒆷𒊍𒉺"", -15.6764], [""𒈪𒋫𒀭𒉌"", -15.6764], [""𒌷𒀀𒉿𒅈𒈾"", -15.7621], [""𒌷𒉈𒂊𒊭𒀸"", -15.7621], [""araːʃ"", -15.9811], [""𒀸𒋗𒉿"", -16.1017]]"
aredija	eːʃ	-17.1623	"[[""eːʃ"", -17.1623], [""𒌷𒉈𒂊𒊭𒀸"", -18.1288], [""𒌷𒀀𒉿𒅈𒈾"", -18.1288], [""𒀀𒀝𒉌𒅖"", -18.3706], [""𒌷𒄩𒀜𒋾"", -18.3706], [""𒈪𒋫𒀭𒉌"", -18.3706], [""𒌷𒆷𒊍𒉺"", -18.3706], [""aʃ"", -18.8978], [""uːxːi"", -18.9404], [""𒀸𒋗𒉿"", -19.0604]]"
arej	eːʃ	-7.7218	"[[""eːʃ"", -7.7218], [""aʃ"", -8.3843], [""ke"", -9.4732], [""xuːʃ"", -10.3741], [""kuiʃ"", -10.4151], [""araːʃ"", -10.4463], [""𒀸𒋗𒉿"", -10.6439], [""uːxːi"", -10.773], [""paːi"", -10.8585], [""apːa"", -10.991]]"
areja	eːʃ	-11.2255	"[[""eːʃ"", -11.2255], [""aʃ"", -11.8905], [""ku6"", -12.3021], [""ke"", -12.9775], [""𒀀𒀝𒉌𒅖"", -13.1999], [""𒌷𒆷𒊍𒉺"", -13.1999], [""𒈪𒋫𒀭𒉌"", -13.1999], [""𒌷𒄩𒀜𒋾"", -13.1999], [""uːxːi"", -13.2319], [""𒀸𒋗𒉿"", -13.2697]]"
aret	𒀸𒋗𒉿	-10.6439	"[[""𒀸𒋗𒉿"", -10.6439], [""𒌷𒄩𒀜𒋾"", -11.1101], [""𒀀𒀝𒉌𒅖"", -11.1101], [""𒈪𒋫𒀭𒉌"", -11.1101], [""𒌷𒆷𒊍𒉺"", -11.1101], [""𒌷𒉈𒂊𒊭𒀸"", -12.2879], [""𒌷𒀀𒉿𒅈𒈾"", -12.2879], [""ku6"", -12.3832], [""praː"", -12.8873], [""eːʃ"", -13.2252]]"
areta	𒌷𒄩𒀜𒋾	-13.1999	"[[""𒌷𒄩𒀜𒋾"", -13.1999], [""𒀀𒀝𒉌𒅖"", -13.1999], [""𒈪𒋫𒀭𒉌"", -13.1999], [""𒌷𒆷𒊍𒉺"", -13.1999], [""𒀸𒋗𒉿"", -13.2697], [""𒌷𒉈𒂊𒊭𒀸"", -13.742], [""𒌷𒀀𒉿𒅈𒈾"", -13.742], [""ku6"", -15.3852], [""praː"", -15.7909], [""eːʃ"", -16.1674]]"
aru	as	-4.8816	"[[""as"", -4.8816], [""uk"", -5.9689], [""kut"", -7.0877], [""ais"", -7.1999], [""itut"", -7.2397], [""kuit"", -7.459], [""kuis"", -7.459], [""xus"", -7.5843], [""iti"", -8.3003], [""𒀸𒋗𒉿"", -8.4226]]"
aruk	as	-8.3887	"[[""as"", -8.3887], [""uk"", -9.4741], [""itut"", -10.4574], [""kut"", -10.5722], [""𒀸𒋗𒉿"", -10.6439], [""ais"", -10.6974], [""kuit"", -10.961], [""kuis"", -10.961], [""asːus"", -11.0509], [""atːas"", -11.0509]]"
aruka	as	-11.8958	"[[""as"", -11.8958], [""uk"", -12.9792], [""𒀀𒀝𒉌𒅖"", -13.1999], [""𒌷𒆷𒊍𒉺"", -13.1999], [""𒌷𒄩𒀜𒋾"", -13.1999], [""𒈪𒋫𒀭𒉌"", -13.1999], [""𒀸𒋗𒉿"", -13.2697], [""atːas"", -13.5493], [""asːus"", -13.5493], [""utːar"", -13.5855]]"
arukan	as	-15.4029	"[[""as"", -15.4029], [""𒀀𒀝𒉌𒅖"", -15.6764], [""𒌷𒄩𒀜𒋾"", -15.6764], [""𒌷𒆷𒊍𒉺"", -15.6764], [""𒈪𒋫𒀭𒉌"", -15.6764], [""𒌷𒀀𒉿𒅈𒈾"", -15.7621], [""𒌷𒉈𒂊𒊭𒀸"", -15.7621], [""𒀸𒋗𒉿"", -16.1017], [""atːas"", -16.3834], [""asːus"", -16.3834]]"
arukana	𒌷𒀀𒉿𒅈𒈾	-18.1288	"[[""𒌷𒀀𒉿𒅈𒈾"", -18.1288], [""𒌷𒉈𒂊𒊭𒀸"", -18.1288], [""𒀀𒀝𒉌𒅖"", -18.3706], [""𒌷𒆷𒊍𒉺"", -18.3706], [""𒌷𒄩𒀜𒋾"", -18.3706], [""𒈪𒋫𒀭𒉌"", -18.3706], [""as"", -18.91], [""𒀸𒋗𒉿"", -19.0604], [""atːas"", -19.3838], [""asːus"", -19.3838]]"
arukanas	apːa	-19.3377	"[[""apːa"", -19.3377], [""Ḫatːuʃa"", -19.786], [""etsːi"", -20.2566], [""iti"", -20.2741], [""𒌷𒉈𒂊𒊭𒀸"", -20.7122], [""𒌷𒀀𒉿𒅈𒈾"", -20.7122], [""aːsːa"", -20.8834], [""xatːi"", -20.9598], [""natːa"", -20.9598], [""ijatːa"", -21.004]]"
asa	𒀸𒋗𒉿	-8.4226	"[[""𒀸𒋗𒉿"", -8.4226], [""ku6"", -9.6204], [""𒌷𒄩𒀜𒋾"", -9.899], [""𒀀𒀝𒉌𒅖"", -9.899], [""𒌷𒆷𒊍𒉺"", -9.899], [""𒈪𒋫𒀭𒉌"", -9.899], [""ke"", -10.2889], [""uk"", -10.2889], [""praː"", -10.3051], [""eːʃ"", -10.5077]]"
asar	uk	-9.468	"[[""uk"", -9.468], [""ke"", -9.4697], [""𒀸𒋗𒉿"", -10.6439], [""paːi"", -10.8577], [""apːa"", -10.861], [""𒌷𒄩𒀜𒋾"", -11.1101], [""𒌷𒆷𒊍𒉺"", -11.1101], [""𒈪𒋫𒀭𒉌"", -11.1101], [""𒀀𒀝𒉌𒅖"", -11.1101], [""pai"", -11.3166]]"
asara	ku6	-12.2952	"[[""ku6"", -12.2952], [""ke"", -12.9705], [""uk"", -12.9705], [""𒀀𒀝𒉌𒅖"", -13.1999], [""𒌷𒄩𒀜𒋾"", -13.1999], [""𒈪𒋫𒀭𒉌"", -13.1999], [""𒌷𒆷𒊍𒉺"", -13.1999], [""𒀸𒋗𒉿"", -13.2697], [""𒌷𒀀𒉿𒅈𒈾"", -13.742], [""𒌷𒉈𒂊𒊭𒀸"", -13.742]]"
asaram	ku6	-15.1289	"[[""ku6"", -15.1289], [""𒌷𒄩𒀜𒋾"", -15.6764], [""𒀀𒀝𒉌𒅖"", -15.6764], [""𒌷𒆷𒊍𒉺"", -15.6764], [""𒈪𒋫𒀭𒉌"", -15.6764], [""𒌷𒉈𒂊𒊭𒀸"", -15.7621], [""𒌷𒀀𒉿𒅈𒈾"", -15.7621], [""𒀸𒋗𒉿"", -16.1017], [""ke"", -16.4714], [""uk"", -16.4731]]"
asarama	𒌷𒀀𒉿𒅈𒈾	-18.1288	"[[""𒌷𒀀𒉿𒅈𒈾"", -18.1288], [""𒌷𒉈𒂊𒊭𒀸"", -18.1288], [""ku6"", -18.2355], [""𒀀𒀝𒉌𒅖"", -18.3706], [""𒌷𒄩𒀜𒋾"", -18.3706], [""𒈪𒋫𒀭𒉌"", -18.3706], [""𒌷𒆷𒊍𒉺"", -18.3706], [""𒀸𒋗𒉿"", -19.0604], [""𒋼𒊑𒀉𒋾𒌅𒌋𒉌𒅖"", -19.6834], [""iːsˤaː́"", -19.8696]]"
asaraman	𒌷𒉈𒂊𒊭𒀸	-20.7122	"[[""𒌷𒉈𒂊𒊭𒀸"", -20.7122], [""𒌷𒀀𒉿𒅈𒈾"", -20.7122], [""𒀀𒀝𒉌𒅖"", -21.2055], [""𒌷𒆷𒊍𒉺"", -21.2055], [""𒈪𒋫𒀭𒉌"", -21.2055], [""𒌷𒄩𒀜𒋾"", -21.2055], [""𒋼𒊑𒀉𒋾𒌅𒌋𒉌𒅖"", -21.435], [""ku6"", -21.4561], [""𒀸𒋗𒉿"", -22.1053], [""iːsˤaː́"", -22.6737]]"
asaramana	𒋼𒊑𒀉𒋾𒌅𒌋𒉌𒅖	-23.4063	"[[""𒋼𒊑𒀉𒋾𒌅𒌋𒉌𒅖"", -23.4063], [""𒌷𒉈𒂊𒊭𒀸"", -23.4428], [""𒌷𒀀𒉿𒅈𒈾"", -23.4428], [""𒀀𒀝𒉌𒅖"", -24.139], [""𒌷𒆷𒊍𒉺"", -24.139], [""𒌷𒄩𒀜𒋾"", -24.139], [""𒈪𒋫𒀭𒉌"", -24.139], [""ku6"", -24.7397], [""𒀸𒋗𒉿"", -25.2127], [""iːsˤaː́"", -25.6376]]"
asaramanad	𒋼𒊑𒀉𒋾𒌅𒌋𒉌𒅖	-25.5942	"[[""𒋼𒊑𒀉𒋾𒌅𒌋𒉌𒅖"", -25.5942], [""𒌷𒉈𒂊𒊭𒀸"", -26.2798], [""𒌷𒀀𒉿𒅈𒈾"", -26.2798], [""𒀀𒀝𒉌𒅖"", -27.1456], [""𒌷𒆷𒊍𒉺"", -27.1456], [""𒌷𒄩𒀜𒋾"", -27.1456], [""𒈪𒋫𒀭𒉌"", -27.1456], [""ku6"", -28.0635], [""𒀸𒋗𒉿"", -28.3678], [""iːsˤaː́"", -28.6897]]"
asarame	𒌷𒀀𒉿𒅈𒈾	-18.1288	"[[""𒌷𒀀𒉿𒅈𒈾"", -18.1288], [""𒌷𒉈𒂊𒊭𒀸"", -18.1288], [""ku6"", -18.2355], [""𒀀𒀝𒉌𒅖"", -18.3706], [""𒌷𒄩𒀜𒋾"", -18.3706], [""𒈪𒋫𒀭𒉌"", -18.3706], [""𒌷𒆷𒊍𒉺"", -18.3706], [""𒀸𒋗𒉿"", -19.0604], [""𒋼𒊑𒀉𒋾𒌅𒌋𒉌𒅖"", -19.6834], [""iːsˤaː́"", -19.8696]]"
asaramei	𒌷𒉈𒂊𒊭𒀸	-20.7122	"[[""𒌷𒉈𒂊𒊭𒀸"", -20.7122], [""𒌷𒀀𒉿𒅈𒈾"", -20.7122], [""𒀀𒀝𒉌𒅖"", -21.2055], [""𒌷𒆷𒊍𒉺"", -21.2055], [""𒈪𒋫𒀭𒉌"", -21.2055], [""𒌷𒄩𒀜𒋾"", -21.2055], [""𒋼𒊑𒀉𒋾𒌅𒌋𒉌𒅖"", -21.435], [""ku6"", -21.4561], [""𒀸𒋗𒉿"", -22.1053], [""iːsˤaː́"", -22.6737]]"
asarameit	𒋼𒊑𒀉𒋾𒌅𒌋𒉌𒅖	-23.4063	"[[""𒋼𒊑𒀉𒋾𒌅𒌋𒉌𒅖"", -23.4063], [""𒌷𒉈𒂊𒊭𒀸"", -23.4428], [""𒌷𒀀𒉿𒅈𒈾"", -23.4428], [""𒀀𒀝𒉌𒅖"", -24.139], [""𒌷𒆷𒊍𒉺"", -24.139], [""𒌷𒄩𒀜𒋾"", -24.139], [""𒈪𒋫𒀭𒉌"", -24.139], [""ku6"", -24.7397], [""𒀸𒋗𒉿"", -25.2127], [""iːsˤaː́"", -25.6376]]"
asarameiti	𒋼𒊑𒀉𒋾𒌅𒌋𒉌𒅖	-25.5942	"[[""𒋼𒊑𒀉𒋾𒌅𒌋𒉌𒅖"", -25.5942], [""𒌷𒉈𒂊𒊭𒀸"", -26.2798], [""𒌷𒀀𒉿𒅈𒈾"", -26.2798], [""𒀀𒀝𒉌𒅖"", -27.1456], [""𒌷𒆷𒊍𒉺"", -27.1456], [""𒌷𒄩𒀜𒋾"", -27.1456], [""𒈪𒋫𒀭𒉌"", -27.1456], [""ku6"", -28.0635], [""𒀸𒋗𒉿"", -28.3678], [""iːsˤaː́"", -28.6897]]"
asarameu	kut	-19.9665	"[[""kut"", -19.9665], [""ais"", -20.2484], [""ekːus"", -20.338], [""𒌷𒉈𒂊𒊭𒀸"", -20.7122], [""𒌷𒀀𒉿𒅈𒈾"", -20.7122], [""𒀀𒀝𒉌𒅖"", -21.2055], [""𒈪𒋫𒀭𒉌"", -21.2055], [""𒌷𒄩𒀜𒋾"", -21.2055], [""𒌷𒆷𒊍𒉺"", -21.2055], [""kuis"", -21.2829]]"
asarameun	𒋼𒊑𒀉𒋾𒌅𒌋𒉌𒅖	-23.4063	"[[""𒋼𒊑𒀉𒋾𒌅𒌋𒉌𒅖"", -23.4063], [""𒌷𒀀𒉿𒅈𒈾"", -23.4428], [""𒌷𒉈𒂊𒊭𒀸"", -23.4428], [""kut"", -23.4734], [""ais"", -23.7554], [""ekːus"", -23.8274], [""𒀀𒀝𒉌𒅖"", -24.139], [""𒌷𒄩𒀜𒋾"", -24.139], [""𒈪𒋫𒀭𒉌"", -24.139], [""𒌷𒆷𒊍𒉺"", -24.139]]"
asarameuna	𒋼𒊑𒀉𒋾𒌅𒌋𒉌𒅖	-25.5942	"[[""𒋼𒊑𒀉𒋾𒌅𒌋𒉌𒅖"", -25.5942], [""𒌷𒉈𒂊𒊭𒀸"", -26.2798], [""𒌷𒀀𒉿𒅈𒈾"", -26.2798], [""kut"", -26.9803], [""𒌷𒆷𒊍𒉺"", -27.1456], [""𒌷𒄩𒀜𒋾"", -27.1456], [""𒈪𒋫𒀭𒉌"", -27.1456], [""𒀀𒀝𒉌𒅖"", -27.1456], [""ais"", -27.2624], [""ekːus"", -27.3095]]"
asas	uk	-9.468	"[[""uk"", -9.468], [""ke"", -9.4697], [""𒀸𒋗𒉿"", -10.6439], [""paːi"", -10.8577], [""apːa"", -10.861], [""𒌷𒄩𒀜𒋾"", -11.1101], [""𒌷𒆷𒊍𒉺"", -11.1101], [""𒈪𒋫𒀭𒉌"", -11.1101], [""𒀀𒀝𒉌𒅖"", -11.1101], [""pai"", -11.3166]]"
asasa	ku6	-12.2952	"[[""ku6"", -12.2952], [""ke"", -12.9705], [""uk"", -12.9705], [""𒀀𒀝𒉌𒅖"", -13.1999], [""𒌷𒄩𒀜𒋾"", -13.1999], [""𒈪𒋫𒀭𒉌"", -13.1999], [""𒌷𒆷𒊍𒉺"", -13.1999], [""𒀸𒋗𒉿"", -13.2697], [""𒌷𒀀𒉿𒅈𒈾"", -13.742], [""𒌷𒉈𒂊𒊭𒀸"", -13.742]]"
asasar	paːi	-13.6489	"[[""paːi"", -13.6489], [""apːa"", -13.6491], [""pai"", -14.3224], [""ku6"", -15.113], [""uk"", -15.3959], [""ke"", -15.3968], [""𒀀𒀝𒉌𒅖"", -15.6764], [""𒌷𒆷𒊍𒉺"", -15.6764], [""𒌷𒄩𒀜𒋾"", -15.6764], [""𒈪𒋫𒀭𒉌"", -15.6764]]"
asasara	paːi	-17.1353	"[[""paːi"", -17.1353], [""apːa"", -17.1355], [""ku6"", -17.7366], [""pai"", -17.8191], [""𒌷𒀀𒉿𒅈𒈾"", -18.1288], [""𒌷𒉈𒂊𒊭𒀸"", -18.1288], [""𒌷𒄩𒀜𒋾"", -18.3706], [""𒌷𒆷𒊍𒉺"", -18.3706], [""𒀀𒀝𒉌𒅖"", -18.3706], [""𒈪𒋫𒀭𒉌"", -18.3706]]"
asasaram	paːi	-20.6127	"[[""paːi"", -20.6127], [""apːa"", -20.6129], [""𒌷𒀀𒉿𒅈𒈾"", -20.7122], [""𒌷𒉈𒂊𒊭𒀸"", -20.7122], [""ku6"", -20.7815], [""𒀀𒀝𒉌𒅖"", -21.2055], [""𒌷𒄩𒀜𒋾"", -21.2055], [""𒌷𒆷𒊍𒉺"", -21.2055], [""𒈪𒋫𒀭𒉌"", -21.2055], [""pai"", -21.3159]]"
asasarama	𒋼𒊑𒀉𒋾𒌅𒌋𒉌𒅖	-23.4063	"[[""𒋼𒊑𒀉𒋾𒌅𒌋𒉌𒅖"", -23.4063], [""𒌷𒀀𒉿𒅈𒈾"", -23.4428], [""𒌷𒉈𒂊𒊭𒀸"", -23.4428], [""ku6"", -23.9733], [""paːi"", -24.0818], [""apːa"", -24.0821], [""𒌷𒆷𒊍𒉺"", -24.139], [""𒈪𒋫𒀭𒉌"", -24.139], [""𒌷𒄩𒀜𒋾"", -24.139], [""𒀀𒀝𒉌𒅖"", -24.139]]"
asasaraman	𒋼𒊑𒀉𒋾𒌅𒌋𒉌𒅖	-25.5942	"[[""𒋼𒊑𒀉𒋾𒌅𒌋𒉌𒅖"", -25.5942], [""𒌷𒀀𒉿𒅈𒈾"", -26.2798], [""𒌷𒉈𒂊𒊭𒀸"", -26.2798], [""𒌷𒆷𒊍𒉺"", -27.1456], [""𒀀𒀝𒉌𒅖"", -27.1456], [""𒌷𒄩𒀜𒋾"", -27.1456], [""𒈪𒋫𒀭𒉌"", -27.1456], [""iːsˤaː́"", -27.234], [""ku6"", -27.2407], [""paːi"", -27.5437]]"
asasarame	𒋼𒊑𒀉𒋾𒌅𒌋𒉌𒅖	-23.4063	"[[""𒋼𒊑𒀉𒋾𒌅𒌋𒉌𒅖"", -23.4063], [""𒌷𒀀𒉿𒅈𒈾"", -23.4428], [""𒌷𒉈𒂊𒊭𒀸"", -23.4428], [""ku6"", -23.9733], [""paːi"", -24.0818], [""apːa"", -24.0821], [""𒌷𒆷𒊍𒉺"", -24.139], [""𒈪𒋫𒀭𒉌"", -24.139], [""𒌷𒄩𒀜𒋾"", -24.139], [""𒀀𒀝𒉌𒅖"", -24.139]]"
asasaramei	𒋼𒊑𒀉𒋾𒌅𒌋𒉌𒅖	-25.5942	"[[""𒋼𒊑𒀉𒋾𒌅𒌋𒉌𒅖"", -25.5942], [""𒌷𒀀𒉿𒅈𒈾"", -26.2798], [""𒌷𒉈𒂊𒊭𒀸"", -26.2798], [""𒌷𒆷𒊍𒉺"", -27.1456], [""𒀀𒀝𒉌𒅖"", -27.1456], [""𒌷𒄩𒀜𒋾"", -27.1456], [""𒈪𒋫𒀭𒉌"", -27.1456], [""iːsˤaː́"", -27.234], [""ku6"", -27.2407], [""paːi"", -27.5437]]"
asasarameu	ekːus	-24.0739	"[[""ekːus"", -24.0739], [""pekːus"", -24.7227], [""kuit"", -24.8067], [""kuis"", -24.8067], [""𒋼𒊑𒀉𒋾𒌅𒌋𒉌𒅖"", -25.5942], [""kut"", -25.9044], [""ais"", -26.1883], [""𒌷𒉈𒂊𒊭𒀸"", -26.2798], [""𒌷𒀀𒉿𒅈𒈾"", -26.2798], [""ekunas"", -26.4186]]"
asau	as	-8.3852	"[[""as"", -8.3852], [""uk"", -9.4706], [""kut"", -10.2547], [""ais"", -10.4069], [""itut"", -10.453], [""kuit"", -10.5048], [""kuis"", -10.5048], [""𒀸𒋗𒉿"", -10.6439], [""xus"", -11.0338], [""𒀀𒀝𒉌𒅖"", -11.1101]]"
asaun	as	-11.8923	"[[""as"", -11.8923], [""uk"", -12.9757], [""𒀀𒀝𒉌𒅖"", -13.1999], [""𒈪𒋫𒀭𒉌"", -13.1999], [""𒌷𒄩𒀜𒋾"", -13.1999], [""𒌷𒆷𒊍𒉺"", -13.1999], [""𒀸𒋗𒉿"", -13.2697], [""aːsːa"", -13.3596], [""itut"", -13.7361], [""𒌷𒀀𒉿𒅈𒈾"", -13.742]]"
asauna	as	-15.3994	"[[""as"", -15.3994], [""𒌷𒆷𒊍𒉺"", -15.6764], [""𒀀𒀝𒉌𒅖"", -15.6764], [""𒌷𒄩𒀜𒋾"", -15.6764], [""𒈪𒋫𒀭𒉌"", -15.6764], [""𒌷𒀀𒉿𒅈𒈾"", -15.7621], [""𒌷𒉈𒂊𒊭𒀸"", -15.7621], [""aːsːa"", -16.0723], [""iːsˤaː́"", -16.0825], [""𒀸𒋗𒉿"", -16.1017]]"
asaunak	iːsˤaː́	-18.0892	"[[""iːsˤaː́"", -18.0892], [""𒌷𒀀𒉿𒅈𒈾"", -18.1288], [""𒌷𒉈𒂊𒊭𒀸"", -18.1288], [""𒌷𒄩𒀜𒋾"", -18.3706], [""𒀀𒀝𒉌𒅖"", -18.3706], [""𒈪𒋫𒀭𒉌"", -18.3706], [""𒌷𒆷𒊍𒉺"", -18.3706], [""as"", -18.9065], [""aːsːa"", -19.012], [""𒀸𒋗𒉿"", -19.0604]]"
asaunaka	iːsˤaː́	-20.5394	"[[""iːsˤaː́"", -20.5394], [""𒌷𒀀𒉿𒅈𒈾"", -20.7122], [""𒌷𒉈𒂊𒊭𒀸"", -20.7122], [""𒀀𒀝𒉌𒅖"", -21.2055], [""𒈪𒋫𒀭𒉌"", -21.2055], [""𒌷𒆷𒊍𒉺"", -21.2055], [""𒌷𒄩𒀜𒋾"", -21.2055], [""𒋼𒊑𒀉𒋾𒌅𒌋𒉌𒅖"", -21.435], [""aːsːa"", -22.0773], [""𒀸𒋗𒉿"", -22.1053]]"
asaunakan	iːsˤaː́	-23.2222	"[[""iːsˤaː́"", -23.2222], [""𒋼𒊑𒀉𒋾𒌅𒌋𒉌𒅖"", -23.4063], [""𒌷𒀀𒉿𒅈𒈾"", -23.4428], [""𒌷𒉈𒂊𒊭𒀸"", -23.4428], [""𒀀𒀝𒉌𒅖"", -24.139], [""𒌷𒆷𒊍𒉺"", -24.139], [""𒌷𒄩𒀜𒋾"", -24.139], [""𒈪𒋫𒀭𒉌"", -24.139], [""𒀸𒋗𒉿"", -25.2127], [""aːsːa"", -25.2224]]"
asaunakana	𒋼𒊑𒀉𒋾𒌅𒌋𒉌𒅖	-25.5942	"[[""𒋼𒊑𒀉𒋾𒌅𒌋𒉌𒅖"", -25.5942], [""iːsˤaː́"", -26.0509], [""𒌷𒉈𒂊𒊭𒀸"", -26.2798], [""𒌷𒀀𒉿𒅈𒈾"", -26.2798], [""𒈪𒋫𒀭𒉌"", -27.1456], [""𒀀𒀝𒉌𒅖"", -27.1456], [""𒌷𒆷𒊍𒉺"", -27.1456], [""𒌷𒄩𒀜𒋾"", -27.1456], [""𒀸𒋗𒉿"", -28.3678], [""aːsːa"", -28.4228]]"
ase	𒀸𒋗𒉿	-8.4226	"[[""𒀸𒋗𒉿"", -8.4226], [""ku6"", -9.6204], [""𒌷𒄩𒀜𒋾"", -9.899], [""𒀀𒀝𒉌𒅖"", -9.899], [""𒌷𒆷𒊍𒉺"", -9.899], [""𒈪𒋫𒀭𒉌"", -9.899], [""ke"", -10.2889], [""uk"", -10.2889], [""praː"", -10.3051], [""eːʃ"", -10.5077]]"
asek	𒀸𒋗𒉿	-10.6439	"[[""𒀸𒋗𒉿"", -10.6439], [""𒌷𒄩𒀜𒋾"", -11.1101], [""𒀀𒀝𒉌𒅖"", -11.1101], [""𒈪𒋫𒀭𒉌"", -11.1101], [""𒌷𒆷𒊍𒉺"", -11.1101], [""𒌷𒉈𒂊𒊭𒀸"", -12.2879], [""𒌷𒀀𒉿𒅈𒈾"", -12.2879], [""ku6"", -12.3832], [""praː"", -12.8873], [""eːʃ"", -13.2252]]"
aseka	𒌷𒄩𒀜𒋾	-13.1999	"[[""𒌷𒄩𒀜𒋾"", -13.1999], [""𒀀𒀝𒉌𒅖"", -13.1999], [""𒈪𒋫𒀭𒉌"", -13.1999], [""𒌷𒆷𒊍𒉺"", -13.1999], [""𒀸𒋗𒉿"", -13.2697], [""𒌷𒉈𒂊𒊭𒀸"", -13.742], [""𒌷𒀀𒉿𒅈𒈾"", -13.742], [""ku6"", -15.3852], [""praː"", -15.7909], [""eːʃ"", -16.1674]]"
asekan	𒀀𒀝𒉌𒅖	-15.6764	"[[""𒀀𒀝𒉌𒅖"", -15.6764], [""𒌷𒆷𒊍𒉺"", -15.6764], [""𒈪𒋫𒀭𒉌"", -15.6764], [""𒌷𒄩𒀜𒋾"", -15.6764], [""𒌷𒉈𒂊𒊭𒀸"", -15.7621], [""𒌷𒀀𒉿𒅈𒈾"", -15.7621], [""𒀸𒋗𒉿"", -16.1017], [""𒋼𒊑𒀉𒋾𒌅𒌋𒉌𒅖"", -18.0751], [""ku6"", -18.5028], [""praː"", -18.8407]]"
asekana	𒌷𒀀𒉿𒅈𒈾	-18.1288	"[[""𒌷𒀀𒉿𒅈𒈾"", -18.1288], [""𒌷𒉈𒂊𒊭𒀸"", -18.1288], [""𒀀𒀝𒉌𒅖"", -18.3706], [""𒈪𒋫𒀭𒉌"", -18.3706], [""𒌷𒆷𒊍𒉺"", -18.3706], [""𒌷𒄩𒀜𒋾"", -18.3706], [""𒀸𒋗𒉿"", -19.0604], [""𒋼𒊑𒀉𒋾𒌅𒌋𒉌𒅖"", -19.6834], [""ku6"", -21.6903], [""praː"", -21.9767]]"
asekanas	𒌷𒉈𒂊𒊭𒀸	-20.7122	"[[""𒌷𒉈𒂊𒊭𒀸"", -20.7122], [""𒌷𒀀𒉿𒅈𒈾"", -20.7122], [""𒌷𒄩𒀜𒋾"", -21.2055], [""𒌷𒆷𒊍𒉺"", -21.2055], [""𒈪𒋫𒀭𒉌"", -21.2055], [""𒀀𒀝𒉌𒅖"", -21.2055], [""𒋼𒊑𒀉𒋾𒌅𒌋𒉌𒅖"", -21.435], [""𒀸𒋗𒉿"", -22.1053], [""aːsːa"", -22.4235], [""uːxːi"", -22.4235]]"
asekanasi	𒋼𒊑𒀉𒋾𒌅𒌋𒉌𒅖	-23.4063	"[[""𒋼𒊑𒀉𒋾𒌅𒌋𒉌𒅖"", -23.4063], [""𒌷𒉈𒂊𒊭𒀸"", -23.4428], [""𒌷𒀀𒉿𒅈𒈾"", -23.4428], [""𒌷𒆷𒊍𒉺"", -24.139], [""𒀀𒀝𒉌𒅖"", -24.139], [""𒌷𒄩𒀜𒋾"", -24.139], [""𒈪𒋫𒀭𒉌"", -24.139], [""𒀸𒋗𒉿"", -25.2127], [""aːsːa"", -25.9214], [""uːxːi"", -25.9214]]"
asekanasis	𒋼𒊑𒀉𒋾𒌅𒌋𒉌𒅖	-25.5942	"[[""𒋼𒊑𒀉𒋾𒌅𒌋𒉌𒅖"", -25.5942], [""𒌷𒉈𒂊𒊭𒀸"", -26.2798], [""𒌷𒀀𒉿𒅈𒈾"", -26.2798], [""𒀀𒀝𒉌𒅖"", -27.1456], [""𒌷𒆷𒊍𒉺"", -27.1456], [""𒈪𒋫𒀭𒉌"", -27.1456], [""𒌷𒄩𒀜𒋾"", -27.1456], [""paːi"", -27.5035], [""apːa"", -27.5175], [""patːaːi"", -27.685]]"
aser	uk	-9.468	"[[""uk"", -9.468], [""ke"", -9.4697], [""𒀸𒋗𒉿"", -10.6439], [""paːi"", -10.8577], [""apːa"", -10.861], [""𒌷𒄩𒀜𒋾"", -11.1101], [""𒌷𒆷𒊍𒉺"", -11.1101], [""𒈪𒋫𒀭𒉌"", -11.1101], [""𒀀𒀝𒉌𒅖"", -11.1101], [""pai"", -11.3166]]"
asera	ku6	-12.2952	"[[""ku6"", -12.2952], [""ke"", -12.9705], [""uk"", -12.9705], [""𒀀𒀝𒉌𒅖"", -13.1999], [""𒌷𒄩𒀜𒋾"", -13.1999], [""𒈪𒋫𒀭𒉌"", -13.1999], [""𒌷𒆷𒊍𒉺"", -13.1999], [""𒀸𒋗𒉿"", -13.2697], [""𒌷𒀀𒉿𒅈𒈾"", -13.742], [""𒌷𒉈𒂊𒊭𒀸"", -13.742]]"
aserat	ku6	-15.1289	"[[""ku6"", -15.1289], [""𒌷𒄩𒀜𒋾"", -15.6764], [""𒀀𒀝𒉌𒅖"", -15.6764], [""𒌷𒆷𒊍𒉺"", -15.6764], [""𒈪𒋫𒀭𒉌"", -15.6764], [""𒌷𒉈𒂊𒊭𒀸"", -15.7621], [""𒌷𒀀𒉿𒅈𒈾"", -15.7621], [""𒀸𒋗𒉿"", -16.1017], [""ke"", -16.4714], [""uk"", -16.4731]]"
aserate	𒌷𒀀𒉿𒅈𒈾	-18.1288	"[[""𒌷𒀀𒉿𒅈𒈾"", -18.1288], [""𒌷𒉈𒂊𒊭𒀸"", -18.1288], [""ku6"", -18.2355], [""𒀀𒀝𒉌𒅖"", -18.3706], [""𒌷𒄩𒀜𒋾"", -18.3706], [""𒈪𒋫𒀭𒉌"", -18.3706], [""𒌷𒆷𒊍𒉺"", -18.3706], [""𒀸𒋗𒉿"", -19.0604], [""𒋼𒊑𒀉𒋾𒌅𒌋𒉌𒅖"", -19.6834], [""iːsˤaː́"", -19.8696]]"
asi	𒀸𒋗𒉿	-8.4226	"[[""𒀸𒋗𒉿"", -8.4226], [""ku6"", -9.6204], [""𒌷𒄩𒀜𒋾"", -9.899], [""𒀀𒀝𒉌𒅖"", -9.899], [""𒌷𒆷𒊍𒉺"", -9.899], [""𒈪𒋫𒀭𒉌"", -9.899], [""ke"", -10.2889], [""uk"", -10.2889], [""praː"", -10.3051], [""eːʃ"", -10.5077]]"
asii	𒀸𒋗𒉿	-10.6439	"[[""𒀸𒋗𒉿"", -10.6439], [""𒌷𒄩𒀜𒋾"", -11.1101], [""𒀀𒀝𒉌𒅖"", -11.1101], [""𒈪𒋫𒀭𒉌"", -11.1101], [""𒌷𒆷𒊍𒉺"", -11.1101], [""𒌷𒉈𒂊𒊭𒀸"", -12.2879], [""𒌷𒀀𒉿𒅈𒈾"", -12.2879], [""ku6"", -12.3832], [""praː"", -12.8873], [""eːʃ"", -13.2252]]"
asiip	𒌷𒄩𒀜𒋾	-13.1999	"[[""𒌷𒄩𒀜𒋾"", -13.1999], [""𒀀𒀝𒉌𒅖"", -13.1999], [""𒈪𒋫𒀭𒉌"", -13.1999], [""𒌷𒆷𒊍𒉺"", -13.1999], [""𒀸𒋗𒉿"", -13.2697], [""𒌷𒉈𒂊𒊭𒀸"", -13.742], [""𒌷𒀀𒉿𒅈𒈾"", -13.742], [""ku6"", -15.3852], [""praː"", -15.7909], [""eːʃ"", -16.1674]]"
asiipi	𒀀𒀝𒉌𒅖	-15.6764	"[[""𒀀𒀝𒉌𒅖"", -15.6764], [""𒌷𒆷𒊍𒉺"", -15.6764], [""𒈪𒋫𒀭𒉌"", -15.6764], [""𒌷𒄩𒀜𒋾"", -15.6764], [""𒌷𒉈𒂊𒊭𒀸"", -15.7621], [""𒌷𒀀𒉿𒅈𒈾"", -15.7621], [""𒀸𒋗𒉿"", -16.1017], [""𒋼𒊑𒀉𒋾𒌅𒌋𒉌𒅖"", -18.0751], [""ku6"", -18.5028], [""praː"", -18.8407]]"
asiipin	𒌷𒀀𒉿𒅈𒈾	-18.1288	"[[""𒌷𒀀𒉿𒅈𒈾"", -18.1288], [""𒌷𒉈𒂊𒊭𒀸"", -18.1288], [""𒀀𒀝𒉌𒅖"", -18.3706], [""𒈪𒋫𒀭𒉌"", -18.3706], [""𒌷𒆷𒊍𒉺"", -18.3706], [""𒌷𒄩𒀜𒋾"", -18.3706], [""𒀸𒋗𒉿"", -19.0604], [""𒋼𒊑𒀉𒋾𒌅𒌋𒉌𒅖"", -19.6834], [""ku6"", -21.6903], [""praː"", -21.9767]]"
asiipina	𒌷𒀀𒉿𒅈𒈾	-20.7122	"[[""𒌷𒀀𒉿𒅈𒈾"", -20.7122], [""𒌷𒉈𒂊𒊭𒀸"", -20.7122], [""𒀀𒀝𒉌𒅖"", -21.2055], [""𒌷𒆷𒊍𒉺"", -21.2055], [""𒈪𒋫𒀭𒉌"", -21.2055], [""𒌷𒄩𒀜𒋾"", -21.2055], [""𒋼𒊑𒀉𒋾𒌅𒌋𒉌𒅖"", -21.435], [""𒀸𒋗𒉿"", -22.1053], [""ku6"", -24.9253], [""iːsˤaː́"", -24.9344]]"
asiipinam	𒋼𒊑𒀉𒋾𒌅𒌋𒉌𒅖	-23.4063	"[[""𒋼𒊑𒀉𒋾𒌅𒌋𒉌𒅖"", -23.4063], [""𒌷𒀀𒉿𒅈𒈾"", -23.4428], [""𒌷𒉈𒂊𒊭𒀸"", -23.4428], [""𒀀𒀝𒉌𒅖"", -24.139], [""𒈪𒋫𒀭𒉌"", -24.139], [""𒌷𒆷𒊍𒉺"", -24.139], [""𒌷𒄩𒀜𒋾"", -24.139], [""𒀸𒋗𒉿"", -25.2127], [""iːsˤaː́"", -27.6782], [""ku6"", -28.1949]]"
asiipinama	𒋼𒊑𒀉𒋾𒌅𒌋𒉌𒅖	-25.5942	"[[""𒋼𒊑𒀉𒋾𒌅𒌋𒉌𒅖"", -25.5942], [""𒌷𒀀𒉿𒅈𒈾"", -26.2798], [""𒌷𒉈𒂊𒊭𒀸"", -26.2798], [""𒌷𒆷𒊍𒉺"", -27.1456], [""𒌷𒄩𒀜𒋾"", -27.1456], [""𒈪𒋫𒀭𒉌"", -27.1456], [""𒀀𒀝𒉌𒅖"", -27.1456], [""𒀸𒋗𒉿"", -28.3678], [""iːsˤaː́"", -30.5081], [""ku6"", -31.491]]"
asir	uk	-9.468	"[[""uk"", -9.468], [""ke"", -9.4697], [""𒀸𒋗𒉿"", -10.6439], [""paːi"", -10.8577], [""apːa"", -10.861], [""𒌷𒄩𒀜𒋾"", -11.1101], [""𒌷𒆷𒊍𒉺"", -11.1101], [""𒈪𒋫𒀭𒉌"", -11.1101], [""𒀀𒀝𒉌𒅖"", -11.1101], [""pai"", -11.3166]]"
asiru	kut	-9.4672	"[[""kut"", -9.4672], [""ais"", -9.7493], [""ekːus"", -10.851], [""as"", -11.2056], [""kuis"", -11.303], [""kuit"", -11.303], [""pekːus"", -11.441], [""patas"", -11.5236], [""asːus"", -11.7135], [""atːas"", -11.7135]]"
asirut	kut	-12.9741	"[[""kut"", -12.9741], [""ais"", -13.2563], [""ekːus"", -14.3298], [""as"", -14.7128], [""kuit"", -14.8041], [""kuis"", -14.8041], [""pekːus"", -14.8067], [""patas"", -14.8089], [""atːas"", -15.1239], [""asːus"", -15.1239]]"
asirute	kut	-16.4809	"[[""kut"", -16.4809], [""ais"", -16.7633], [""ekːus"", -17.7891], [""pekːus"", -18.0819], [""𒌷𒉈𒂊𒊭𒀸"", -18.1288], [""𒌷𒀀𒉿𒅈𒈾"", -18.1288], [""patas"", -18.1299], [""patːai"", -18.1682], [""pitːai"", -18.1682], [""patːar"", -18.1691]]"
asis	uk	-9.468	"[[""uk"", -9.468], [""ke"", -9.4697], [""𒀸𒋗𒉿"", -10.6439], [""paːi"", -10.8577], [""apːa"", -10.861], [""𒌷𒄩𒀜𒋾"", -11.1101], [""𒌷𒆷𒊍𒉺"", -11.1101], [""𒈪𒋫𒀭𒉌"", -11.1101], [""𒀀𒀝𒉌𒅖"", -11.1101], [""pai"", -11.3166]]"
asisi	ku6	-12.2952	"[[""ku6"", -12.2952], [""ke"", -12.9705], [""uk"", -12.9705], [""𒀀𒀝𒉌𒅖"", -13.1999], [""𒌷𒄩𒀜𒋾"", -13.1999], [""𒈪𒋫𒀭𒉌"", -13.1999], [""𒌷𒆷𒊍𒉺"", -13.1999], [""𒀸𒋗𒉿"", -13.2697], [""𒌷𒀀𒉿𒅈𒈾"", -13.742], [""𒌷𒉈𒂊𒊭𒀸"", -13.742]]"
asisir	paːi	-13.6489	"[[""paːi"", -13.6489], [""apːa"", -13.6491], [""pai"", -14.3224], [""ku6"", -15.113], [""uk"", -15.3959], [""ke"", -15.3968], [""𒀀𒀝𒉌𒅖"", -15.6764], [""𒌷𒆷𒊍𒉺"", -15.6764], [""𒌷𒄩𒀜𒋾"", -15.6764], [""𒈪𒋫𒀭𒉌"", -15.6764]]"
ata	𒀸𒋗𒉿	-8.4226	"[[""𒀸𒋗𒉿"", -8.4226], [""𒀀𒀝𒉌𒅖"", -9.899], [""𒌷𒄩𒀜𒋾"", -9.899], [""𒈪𒋫𒀭𒉌"", -9.899], [""𒌷𒆷𒊍𒉺"", -9.899], [""𒌷𒉈𒂊𒊭𒀸"", -10.7315], [""𒌷𒀀𒉿𒅈𒈾"", -10.7315], [""ku6"", -12.1474], [""aʃ"", -12.8387], [""wa"", -12.8387]]"
atai	𒀸𒋗𒉿	-10.6439	"[[""𒀸𒋗𒉿"", -10.6439], [""𒀀𒀝𒉌𒅖"", -11.1101], [""𒌷𒆷𒊍𒉺"", -11.1101], [""𒈪𒋫𒀭𒉌"", -11.1101], [""𒌷𒄩𒀜𒋾"", -11.1101], [""𒌷𒀀𒉿𒅈𒈾"", -12.2879], [""𒌷𒉈𒂊𒊭𒀸"", -12.2879], [""ku6"", -14.9765], [""𒋼𒊑𒀉𒋾𒌅𒌋𒉌𒅖"", -15.6251], [""lu"", -16.0479]]"
ataiΘ	𒌷𒆷𒊍𒉺	-13.1999	"[[""𒌷𒆷𒊍𒉺"", -13.1999], [""𒀀𒀝𒉌𒅖"", -13.1999], [""𒌷𒄩𒀜𒋾"", -13.1999], [""𒈪𒋫𒀭𒉌"", -13.1999], [""𒀸𒋗𒉿"", -13.2697], [""𒌷𒀀𒉿𒅈𒈾"", -13.742], [""𒌷𒉈𒂊𒊭𒀸"", -13.742], [""𒋼𒊑𒀉𒋾𒌅𒌋𒉌𒅖"", -16.8346], [""ku6"", -17.9765], [""ke"", -19.3208]]"
ataiΘu	𒀀𒀝𒉌𒅖	-15.6764	"[[""𒀀𒀝𒉌𒅖"", -15.6764], [""𒌷𒆷𒊍𒉺"", -15.6764], [""𒈪𒋫𒀭𒉌"", -15.6764], [""𒌷𒄩𒀜𒋾"", -15.6764], [""𒌷𒉈𒂊𒊭𒀸"", -15.7621], [""𒌷𒀀𒉿𒅈𒈾"", -15.7621], [""𒀸𒋗𒉿"", -16.1017], [""𒋼𒊑𒀉𒋾𒌅𒌋𒉌𒅖"", -18.0751], [""as"", -19.2234], [""kut"", -19.2541]]"
ataiΘuj	𒌷𒀀𒉿𒅈𒈾	-18.1288	"[[""𒌷𒀀𒉿𒅈𒈾"", -18.1288], [""𒌷𒉈𒂊𒊭𒀸"", -18.1288], [""𒌷𒄩𒀜𒋾"", -18.3706], [""𒀀𒀝𒉌𒅖"", -18.3706], [""𒌷𒆷𒊍𒉺"", -18.3706], [""𒈪𒋫𒀭𒉌"", -18.3706], [""𒀸𒋗𒉿"", -19.0604], [""𒋼𒊑𒀉𒋾𒌅𒌋𒉌𒅖"", -19.6834], [""ke"", -19.9973], [""saːki"", -20.4211]]"
ataiΘuja	𒌷𒉈𒂊𒊭𒀸	-20.7122	"[[""𒌷𒉈𒂊𒊭𒀸"", -20.7122], [""𒌷𒀀𒉿𒅈𒈾"", -20.7122], [""𒀀𒀝𒉌𒅖"", -21.2055], [""𒌷𒆷𒊍𒉺"", -21.2055], [""𒌷𒄩𒀜𒋾"", -21.2055], [""𒈪𒋫𒀭𒉌"", -21.2055], [""𒋼𒊑𒀉𒋾𒌅𒌋𒉌𒅖"", -21.435], [""𒀸𒋗𒉿"", -22.1053], [""ku6"", -22.8396], [""ke"", -23.5016]]"
ataiΘw	𒀀𒀝𒉌𒅖	-15.6764	"[[""𒀀𒀝𒉌𒅖"", -15.6764], [""𒌷𒄩𒀜𒋾"", -15.6764], [""𒈪𒋫𒀭𒉌"", -15.6764], [""𒌷𒆷𒊍𒉺"", -15.6764], [""𒌷𒀀𒉿𒅈𒈾"", -15.7621], [""𒌷𒉈𒂊𒊭𒀸"", -15.7621], [""𒀸𒋗𒉿"", -16.1017], [""𒋼𒊑𒀉𒋾𒌅𒌋𒉌𒅖"", -18.0751], [""ku6"", -21.0773], [""lu"", -22.6343]]"
ataiΘwa	𒌷𒀀𒉿𒅈𒈾	-18.1288	"[[""𒌷𒀀𒉿𒅈𒈾"", -18.1288], [""𒌷𒉈𒂊𒊭𒀸"", -18.1288], [""𒌷𒄩𒀜𒋾"", -18.3706], [""𒀀𒀝𒉌𒅖"", -18.3706], [""𒌷𒆷𒊍𒉺"", -18.3706], [""𒈪𒋫𒀭𒉌"", -18.3706], [""𒀸𒋗𒉿"", -19.0604], [""𒋼𒊑𒀉𒋾𒌅𒌋𒉌𒅖"", -19.6834], [""ku6"", -24.2448], [""iːsˤaː́"", -25.6984]]"
ataiΘwae	𒌷𒀀𒉿𒅈𒈾	-20.7122	"[[""𒌷𒀀𒉿𒅈𒈾"", -20.7122], [""𒌷𒉈𒂊𒊭𒀸"", -20.7122], [""𒀀𒀝𒉌𒅖"", -21.2055], [""𒌷𒄩𒀜𒋾"", -21.2055], [""𒈪𒋫𒀭𒉌"", -21.2055], [""𒌷𒆷𒊍𒉺"", -21.2055], [""𒋼𒊑𒀉𒋾𒌅𒌋𒉌𒅖"", -21.435], [""𒀸𒋗𒉿"", -22.1053], [""ku6"", -27.4599], [""iːsˤaː́"", -28.4239]]"
ataiΘwaea	𒋼𒊑𒀉𒋾𒌅𒌋𒉌𒅖	-23.4063	"[[""𒋼𒊑𒀉𒋾𒌅𒌋𒉌𒅖"", -23.4063], [""𒌷𒉈𒂊𒊭𒀸"", -23.4428], [""𒌷𒀀𒉿𒅈𒈾"", -23.4428], [""𒀀𒀝𒉌𒅖"", -24.139], [""𒌷𒄩𒀜𒋾"", -24.139], [""𒌷𒆷𒊍𒉺"", -24.139], [""𒈪𒋫𒀭𒉌"", -24.139], [""𒀸𒋗𒉿"", -25.2127], [""ku6"", -30.7105], [""iːsˤaː́"", -31.2348]]"
ataiΘwaead	𒋼𒊑𒀉𒋾𒌅𒌋𒉌𒅖	-25.5942	"[[""𒋼𒊑𒀉𒋾𒌅𒌋𒉌𒅖"", -25.5942], [""𒌷𒉈𒂊𒊭𒀸"", -26.2798], [""𒌷𒀀𒉿𒅈𒈾"", -26.2798], [""𒀀𒀝𒉌𒅖"", -27.1456], [""𒌷𒆷𒊍𒉺"", -27.1456], [""𒈪𒋫𒀭𒉌"", -27.1456], [""𒌷𒄩𒀜𒋾"", -27.1456], [""𒀸𒋗𒉿"", -28.3678], [""ku6"", -33.9888], [""iːsˤaː́"", -34.1135]]"
ataiΘwaj	𒌷𒀀𒉿𒅈𒈾	-20.7122	"[[""𒌷𒀀𒉿𒅈𒈾"", -20.7122], [""𒌷𒉈𒂊𒊭𒀸"", -20.7122], [""𒀀𒀝𒉌𒅖"", -21.2055], [""𒌷𒆷𒊍𒉺"", -21.2055], [""𒈪𒋫𒀭𒉌"", -21.2055], [""𒌷𒄩𒀜𒋾"", -21.2055], [""𒋼𒊑𒀉𒋾𒌅𒌋𒉌𒅖"", -21.435], [""𒀸𒋗𒉿"", -22.1053], [""eːʃ"", -23.9616], [""xuːʃ"", -24.2378]]"
ataiΘwaja	𒋼𒊑𒀉𒋾𒌅𒌋𒉌𒅖	-23.4063	"[[""𒋼𒊑𒀉𒋾𒌅𒌋𒉌𒅖"", -23.4063], [""𒌷𒀀𒉿𒅈𒈾"", -23.4428], [""𒌷𒉈𒂊𒊭𒀸"", -23.4428], [""𒈪𒋫𒀭𒉌"", -24.139], [""𒀀𒀝𒉌𒅖"", -24.139], [""𒌷𒄩𒀜𒋾"", -24.139], [""𒌷𒆷𒊍𒉺"", -24.139], [""𒀸𒋗𒉿"", -25.2127], [""eːʃ"", -27.4563], [""xuːʃ"", -27.7365]]"
ataiΘwajaa	𒋼𒊑𒀉𒋾𒌅𒌋𒉌𒅖	-25.5942	"[[""𒋼𒊑𒀉𒋾𒌅𒌋𒉌𒅖"", -25.5942], [""𒌷𒀀𒉿𒅈𒈾"", -26.2798], [""𒌷𒉈𒂊𒊭𒀸"", -26.2798], [""𒌷𒄩𒀜𒋾"", -27.1456], [""𒈪𒋫𒀭𒉌"", -27.1456], [""𒌷𒆷𒊍𒉺"", -27.1456], [""𒀀𒀝𒉌𒅖"", -27.1456], [""𒀸𒋗𒉿"", -28.3678], [""eːʃ"", -30.9432], [""xuːʃ"", -31.2288]]"
ataiΘwajaj	𒋼𒊑𒀉𒋾𒌅𒌋𒉌𒅖	-25.5942	"[[""𒋼𒊑𒀉𒋾𒌅𒌋𒉌𒅖"", -25.5942], [""𒌷𒀀𒉿𒅈𒈾"", -26.2798], [""𒌷𒉈𒂊𒊭𒀸"", -26.2798], [""𒌷𒄩𒀜𒋾"", -27.1456], [""𒀀𒀝𒉌𒅖"", -27.1456], [""𒈪𒋫𒀭𒉌"", -27.1456], [""𒌷𒆷𒊍𒉺"", -27.1456], [""uːxːi"", -28.1486], [""𒀸𒋗𒉿"", -28.3678], [""atːaːʃ"", -28.4058]]"
ataiΘwajas	𒋼𒊑𒀉𒋾𒌅𒌋𒉌𒅖	-25.5942	"[[""𒋼𒊑𒀉𒋾𒌅𒌋𒉌𒅖"", -25.5942], [""𒌷𒀀𒉿𒅈𒈾"", -26.2798], [""𒌷𒉈𒂊𒊭𒀸"", -26.2798], [""𒈪𒋫𒀭𒉌"", -27.1456], [""𒌷𒆷𒊍𒉺"", -27.1456], [""𒌷𒄩𒀜𒋾"", -27.1456], [""𒀀𒀝𒉌𒅖"", -27.1456], [""uːxːi"", -28.1677], [""𒀸𒋗𒉿"", -28.3678], [""Ḫatːuʃa"", -29.6359]]"
ataiΘwajat	𒋼𒊑𒀉𒋾𒌅𒌋𒉌𒅖	-25.5942	"[[""𒋼𒊑𒀉𒋾𒌅𒌋𒉌𒅖"", -25.5942], [""𒌷𒀀𒉿𒅈𒈾"", -26.2798], [""𒌷𒉈𒂊𒊭𒀸"", -26.2798], [""𒌷𒄩𒀜𒋾"", -27.1456], [""𒈪𒋫𒀭𒉌"", -27.1456], [""𒌷𒆷𒊍𒉺"", -27.1456], [""𒀀𒀝𒉌𒅖"", -27.1456], [""𒀸𒋗𒉿"", -28.3678], [""eːʃ"", -30.9432], [""xuːʃ"", -31.2288]]"
ate	𒀸𒋗𒉿	-8.4226	"[[""𒀸𒋗𒉿"", -8.4226], [""𒀀𒀝𒉌𒅖"", -9.899], [""𒌷𒄩𒀜𒋾"", -9.899], [""𒈪𒋫𒀭𒉌"", -9.899], [""𒌷𒆷𒊍𒉺"", -9.899], [""𒌷𒉈𒂊𒊭𒀸"", -10.7315], [""𒌷𒀀𒉿𒅈𒈾"", -10.7315], [""ku6"", -12.1474], [""aʃ"", -12.8387], [""wa"", -12.8387]]"
ati	𒀸𒋗𒉿	-8.4226	"[[""𒀸𒋗𒉿"", -8.4226], [""𒀀𒀝𒉌𒅖"", -9.899], [""𒌷𒄩𒀜𒋾"", -9.899], [""𒈪𒋫𒀭𒉌"", -9.899], [""𒌷𒆷𒊍𒉺"", -9.899], [""𒌷𒉈𒂊𒊭𒀸"", -10.7315], [""𒌷𒀀𒉿𒅈𒈾"", -10.7315], [""ku6"", -12.1474], [""aʃ"", -12.8387], [""wa"", -12.8387]]"
atiΘ	𒀸𒋗𒉿	-10.6439	"[[""𒀸𒋗𒉿"", -10.6439], [""𒀀𒀝𒉌𒅖"", -11.1101], [""𒌷𒆷𒊍𒉺"", -11.1101], [""𒈪𒋫𒀭𒉌"", -11.1101], [""𒌷𒄩𒀜𒋾"", -11.1101], [""𒌷𒀀𒉿𒅈𒈾"", -12.2879], [""𒌷𒉈𒂊𒊭𒀸"", -12.2879], [""ku6"", -14.9765], [""𒋼𒊑𒀉𒋾𒌅𒌋𒉌𒅖"", -15.6251], [""lu"", -16.0479]]"
atiΘw	𒌷𒆷𒊍𒉺	-13.1999	"[[""𒌷𒆷𒊍𒉺"", -13.1999], [""𒀀𒀝𒉌𒅖"", -13.1999], [""𒌷𒄩𒀜𒋾"", -13.1999], [""𒈪𒋫𒀭𒉌"", -13.1999], [""𒀸𒋗𒉿"", -13.2697], [""𒌷𒀀𒉿𒅈𒈾"", -13.742], [""𒌷𒉈𒂊𒊭𒀸"", -13.742], [""𒋼𒊑𒀉𒋾𒌅𒌋𒉌𒅖"", -16.8346], [""ku6"", -17.9765], [""ke"", -19.3208]]"
atiΘwa	𒀀𒀝𒉌𒅖	-15.6764	"[[""𒀀𒀝𒉌𒅖"", -15.6764], [""𒌷𒄩𒀜𒋾"", -15.6764], [""𒈪𒋫𒀭𒉌"", -15.6764], [""𒌷𒆷𒊍𒉺"", -15.6764], [""𒌷𒀀𒉿𒅈𒈾"", -15.7621], [""𒌷𒉈𒂊𒊭𒀸"", -15.7621], [""𒀸𒋗𒉿"", -16.1017], [""𒋼𒊑𒀉𒋾𒌅𒌋𒉌𒅖"", -18.0751], [""ku6"", -21.0773], [""lu"", -22.6343]]"
atiΘwaj	𒌷𒉈𒂊𒊭𒀸	-18.1288	"[[""𒌷𒉈𒂊𒊭𒀸"", -18.1288], [""𒌷𒀀𒉿𒅈𒈾"", -18.1288], [""𒌷𒆷𒊍𒉺"", -18.3706], [""𒌷𒄩𒀜𒋾"", -18.3706], [""𒈪𒋫𒀭𒉌"", -18.3706], [""𒀀𒀝𒉌𒅖"", -18.3706], [""𒀸𒋗𒉿"", -19.0604], [""𒋼𒊑𒀉𒋾𒌅𒌋𒉌𒅖"", -19.6834], [""eːʃ"", -20.7229], [""xuːʃ"", -21.0696]]"
atiΘwaja	𒌷𒀀𒉿𒅈𒈾	-20.7122	"[[""𒌷𒀀𒉿𒅈𒈾"", -20.7122], [""𒌷𒉈𒂊𒊭𒀸"", -20.7122], [""𒀀𒀝𒉌𒅖"", -21.2055], [""𒌷𒆷𒊍𒉺"", -21.2055], [""𒌷𒄩𒀜𒋾"", -21.2055], [""𒈪𒋫𒀭𒉌"", -21.2055], [""𒋼𒊑𒀉𒋾𒌅𒌋𒉌𒅖"", -21.435], [""𒀸𒋗𒉿"", -22.1053], [""eːʃ"", -24.2138], [""xuːʃ"", -24.5657]]"
atu	𒀸𒋗𒉿	-8.4226	"[[""𒀸𒋗𒉿"", -8.4226], [""as"", -9.3933], [""kut"", -9.5934], [""ais"", -9.7388], [""xus"", -9.7388], [""𒀀𒀝𒉌𒅖"", -9.899], [""𒌷𒆷𒊍𒉺"", -9.899], [""𒌷𒄩𒀜𒋾"", -9.899], [""𒈪𒋫𒀭𒉌"", -9.899], [""tuk"", -9.9531]]"
atur	ke	-9.4784	"[[""ke"", -9.4784], [""𒀸𒋗𒉿"", -10.6439], [""iti"", -10.762], [""pata"", -10.8422], [""tuk"", -10.8779], [""tai"", -11.0539], [""𒌷𒄩𒀜𒋾"", -11.1101], [""𒈪𒋫𒀭𒉌"", -11.1101], [""𒌷𒆷𒊍𒉺"", -11.1101], [""𒀀𒀝𒉌𒅖"", -11.1101]]"
aturu	kut	-9.4753	"[[""kut"", -9.4753], [""tuk"", -9.4792], [""patas"", -10.7259], [""tepus"", -10.7361], [""itut"", -10.7497], [""tsik"", -11.4176], [""tsak"", -11.4176], [""sjeus"", -11.8105], [""tetan"", -11.8577], [""as"", -11.88]]"
aturus	pata	-10.853	"[[""pata"", -10.853], [""tuk"", -12.2917], [""kut"", -12.9795], [""tetan"", -13.0579], [""iti"", -13.248], [""tai"", -13.2546], [""tepus"", -13.5018], [""pestsi"", -13.524], [""saːki"", -13.5338], [""sakːi"", -13.5474]]"
aturusa	pata	-14.3571	"[[""pata"", -14.3571], [""tuk"", -15.7955], [""tetan"", -15.9221], [""kut"", -16.4836], [""tepus"", -16.586], [""patas"", -16.6518], [""sakːi"", -16.7136], [""tai"", -16.7515], [""iti"", -16.7524], [""saːki"", -16.9031]]"
aturusai	pata	-17.8613	"[[""pata"", -17.8613], [""tetan"", -19.0405], [""tuk"", -19.2993], [""tepus"", -19.7955], [""tasːus"", -19.8187], [""sakːi"", -19.8629], [""patas"", -19.8718], [""kut"", -19.9878], [""sakan"", -20.0254], [""sikaʃ"", -20.0254]]"
aturusaid	pata	-21.3654	"[[""pata"", -21.3654], [""tetan"", -22.268], [""tuk"", -22.8032], [""tasːus"", -22.8325], [""sakːi"", -23.0338], [""tepus"", -23.0724], [""patas"", -23.1557], [""tekan"", -23.2504], [""sakan"", -23.2504], [""sikaʃ"", -23.2504]]"
aturusaida	pata	-24.8695	"[[""pata"", -24.8695], [""tetan"", -25.5565], [""𒋼𒊑𒀉𒋾𒌅𒌋𒉌𒅖"", -25.5942], [""tasːus"", -25.9414], [""sakːi"", -26.2361], [""𒌷𒉈𒂊𒊭𒀸"", -26.2798], [""𒌷𒀀𒉿𒅈𒈾"", -26.2798], [""tuk"", -26.307], [""iːsˤaː́"", -26.3185], [""tsiːik"", -26.3483]]"
aun	𒀸𒋗𒉿	-8.4226	"[[""𒀸𒋗𒉿"", -8.4226], [""tuk"", -9.6213], [""tur"", -9.7806], [""tai"", -9.7806], [""as"", -9.783], [""𒀀𒀝𒉌𒅖"", -9.899], [""𒌷𒆷𒊍𒉺"", -9.899], [""𒈪𒋫𒀭𒉌"", -9.899], [""𒌷𒄩𒀜𒋾"", -9.899], [""kut"", -9.9363]]"
auna	𒀸𒋗𒉿	-10.6439	"[[""𒀸𒋗𒉿"", -10.6439], [""𒀀𒀝𒉌𒅖"", -11.1101], [""𒌷𒆷𒊍𒉺"", -11.1101], [""𒈪𒋫𒀭𒉌"", -11.1101], [""𒌷𒄩𒀜𒋾"", -11.1101], [""𒌷𒉈𒂊𒊭𒀸"", -12.2879], [""𒌷𒀀𒉿𒅈𒈾"", -12.2879], [""tuk"", -12.7612], [""ku6"", -12.8374], [""tur"", -12.8687]]"
aunak	𒀀𒀝𒉌𒅖	-13.1999	"[[""𒀀𒀝𒉌𒅖"", -13.1999], [""𒌷𒄩𒀜𒋾"", -13.1999], [""𒌷𒆷𒊍𒉺"", -13.1999], [""𒈪𒋫𒀭𒉌"", -13.1999], [""𒀸𒋗𒉿"", -13.2697], [""𒌷𒉈𒂊𒊭𒀸"", -13.742], [""𒌷𒀀𒉿𒅈𒈾"", -13.742], [""ku6"", -15.7846], [""tuk"", -15.994], [""tur"", -16.0745]]"
aunaka	𒀀𒀝𒉌𒅖	-15.6764	"[[""𒀀𒀝𒉌𒅖"", -15.6764], [""𒈪𒋫𒀭𒉌"", -15.6764], [""𒌷𒄩𒀜𒋾"", -15.6764], [""𒌷𒆷𒊍𒉺"", -15.6764], [""𒌷𒉈𒂊𒊭𒀸"", -15.7621], [""𒌷𒀀𒉿𒅈𒈾"", -15.7621], [""𒀸𒋗𒉿"", -16.1017], [""𒋼𒊑𒀉𒋾𒌅𒌋𒉌𒅖"", -18.0751], [""iːsˤaː́"", -18.7486], [""ku6"", -18.8548]]"
aunakan	𒌷𒀀𒉿𒅈𒈾	-18.1288	"[[""𒌷𒀀𒉿𒅈𒈾"", -18.1288], [""𒌷𒉈𒂊𒊭𒀸"", -18.1288], [""𒀀𒀝𒉌𒅖"", -18.3706], [""𒈪𒋫𒀭𒉌"", -18.3706], [""𒌷𒆷𒊍𒉺"", -18.3706], [""𒌷𒄩𒀜𒋾"", -18.3706], [""𒀸𒋗𒉿"", -19.0604], [""𒋼𒊑𒀉𒋾𒌅𒌋𒉌𒅖"", -19.6834], [""iːsˤaː́"", -21.4297], [""ku6"", -22.0036]]"
aunakana	𒌷𒀀𒉿𒅈𒈾	-20.7122	"[[""𒌷𒀀𒉿𒅈𒈾"", -20.7122], [""𒌷𒉈𒂊𒊭𒀸"", -20.7122], [""𒌷𒄩𒀜𒋾"", -21.2055], [""𒀀𒀝𒉌𒅖"", -21.2055], [""𒈪𒋫𒀭𒉌"", -21.2055], [""𒌷𒆷𒊍𒉺"", -21.2055], [""𒋼𒊑𒀉𒋾𒌅𒌋𒉌𒅖"", -21.435], [""𒀸𒋗𒉿"", -22.1053], [""iːsˤaː́"", -24.2569], [""ku6"", -25.2069]]"
aut	𒀸𒋗𒉿	-8.4226	"[[""𒀸𒋗𒉿"", -8.4226], [""tuk"", -9.6213], [""tur"", -9.7806], [""tai"", -9.7806], [""as"", -9.783], [""𒀀𒀝𒉌𒅖"", -9.899], [""𒌷𒆷𒊍𒉺"", -9.899], [""𒈪𒋫𒀭𒉌"", -9.899], [""𒌷𒄩𒀜𒋾"", -9.899], [""kut"", -9.9363]]"
auti	𒀸𒋗𒉿	-10.6439	"[[""𒀸𒋗𒉿"", -10.6439], [""𒀀𒀝𒉌𒅖"", -11.1101], [""𒌷𒆷𒊍𒉺"", -11.1101], [""𒈪𒋫𒀭𒉌"", -11.1101], [""𒌷𒄩𒀜𒋾"", -11.1101], [""𒌷𒉈𒂊𒊭𒀸"", -12.2879], [""𒌷𒀀𒉿𒅈𒈾"", -12.2879], [""tuk"", -12.7612], [""ku6"", -12.8374], [""tur"", -12.8687]]"
autin	𒀀𒀝𒉌𒅖	-13.1999	"[[""𒀀𒀝𒉌𒅖"", -13.1999], [""𒌷𒄩𒀜𒋾"", -13.1999], [""𒌷𒆷𒊍𒉺"", -13.1999], [""𒈪𒋫𒀭𒉌"", -13.1999], [""𒀸𒋗𒉿"", -13.2697], [""𒌷𒉈𒂊𒊭𒀸"", -13.742], [""𒌷𒀀𒉿𒅈𒈾"", -13.742], [""ku6"", -15.7846], [""tuk"", -15.994], [""tur"", -16.0745]]"
autinu	𒀀𒀝𒉌𒅖	-15.6764	"[[""𒀀𒀝𒉌𒅖"", -15.6764], [""𒈪𒋫𒀭𒉌"", -15.6764], [""𒌷𒄩𒀜𒋾"", -15.6764], [""𒌷𒆷𒊍𒉺"", -15.6764], [""𒌷𒀀𒉿𒅈𒈾"", -15.7621], [""𒌷𒉈𒂊𒊭𒀸"", -15.7621], [""𒀸𒋗𒉿"", -16.1017], [""tsak"", -16.5849], [""tsik"", -16.5849], [""kut"", -17.0702]]"
autinui	𒌷𒀀𒉿𒅈𒈾	-18.1288	"[[""𒌷𒀀𒉿𒅈𒈾"", -18.1288], [""𒌷𒉈𒂊𒊭𒀸"", -18.1288], [""𒈪𒋫𒀭𒉌"", -18.3706], [""𒌷𒄩𒀜𒋾"", -18.3706], [""𒌷𒆷𒊍𒉺"", -18.3706], [""𒀀𒀝𒉌𒅖"", -18.3706], [""𒀸𒋗𒉿"", -19.0604], [""𒋼𒊑𒀉𒋾𒌅𒌋𒉌𒅖"", -19.6834], [""tsak"", -19.7448], [""tsik"", -19.7448]]"
autinuin	𒌷𒉈𒂊𒊭𒀸	-20.7122	"[[""𒌷𒉈𒂊𒊭𒀸"", -20.7122], [""𒌷𒀀𒉿𒅈𒈾"", -20.7122], [""𒈪𒋫𒀭𒉌"", -21.2055], [""𒀀𒀝𒉌𒅖"", -21.2055], [""𒌷𒄩𒀜𒋾"", -21.2055], [""𒌷𒆷𒊍𒉺"", -21.2055], [""𒋼𒊑𒀉𒋾𒌅𒌋𒉌𒅖"", -21.435], [""𒀸𒋗𒉿"", -22.1053], [""tsak"", -22.9881], [""tsik"", -22.9881]]"
autinuina	𒋼𒊑𒀉𒋾𒌅𒌋𒉌𒅖	-23.4063	"[[""𒋼𒊑𒀉𒋾𒌅𒌋𒉌𒅖"", -23.4063], [""𒌷𒉈𒂊𒊭𒀸"", -23.4428], [""𒌷𒀀𒉿𒅈𒈾"", -23.4428], [""𒀀𒀝𒉌𒅖"", -24.139], [""𒈪𒋫𒀭𒉌"", -24.139], [""𒌷𒄩𒀜𒋾"", -24.139], [""𒌷𒆷𒊍𒉺"", -24.139], [""𒀸𒋗𒉿"", -25.2127], [""tsik"", -26.2813], [""tsak"", -26.2813]]"
autinuinai	𒋼𒊑𒀉𒋾𒌅𒌋𒉌𒅖	-25.5942	"[[""𒋼𒊑𒀉𒋾𒌅𒌋𒉌𒅖"", -25.5942], [""𒌷𒉈𒂊𒊭𒀸"", -26.2798], [""𒌷𒀀𒉿𒅈𒈾"", -26.2798], [""𒀀𒀝𒉌𒅖"", -27.1456], [""𒌷𒄩𒀜𒋾"", -27.1456], [""𒈪𒋫𒀭𒉌"", -27.1456], [""𒌷𒆷𒊍𒉺"", -27.1456], [""𒀸𒋗𒉿"", -28.3678], [""iːsˤaː́"", -29.5787], [""tsak"", -29.6078]]"
awa	𒀸𒋗𒉿	-8.4226	"[[""𒀸𒋗𒉿"", -8.4226], [""𒀀𒀝𒉌𒅖"", -9.899], [""𒌷𒄩𒀜𒋾"", -9.899], [""𒈪𒋫𒀭𒉌"", -9.899], [""𒌷𒆷𒊍𒉺"", -9.899], [""𒌷𒉈𒂊𒊭𒀸"", -10.7315], [""𒌷𒀀𒉿𒅈𒈾"", -10.7315], [""ku6"", -12.1474], [""aʃ"", -12.8387], [""wa"", -12.8387]]"
awai	𒀸𒋗𒉿	-10.6439	"[[""𒀸𒋗𒉿"", -10.6439], [""𒀀𒀝𒉌𒅖"", -11.1101], [""𒌷𒆷𒊍𒉺"", -11.1101], [""𒈪𒋫𒀭𒉌"", -11.1101], [""𒌷𒄩𒀜𒋾"", -11.1101], [""𒌷𒀀𒉿𒅈𒈾"", -12.2879], [""𒌷𒉈𒂊𒊭𒀸"", -12.2879], [""ku6"", -14.9765], [""𒋼𒊑𒀉𒋾𒌅𒌋𒉌𒅖"", -15.6251], [""lu"", -16.0479]]"
awaij	𒈪𒋫𒀭𒉌	-13.1999	"[[""𒈪𒋫𒀭𒉌"", -13.1999], [""𒀀𒀝𒉌𒅖"", -13.1999], [""𒌷𒄩𒀜𒋾"", -13.1999], [""𒌷𒆷𒊍𒉺"", -13.1999], [""𒀸𒋗𒉿"", -13.2697], [""𒌷𒉈𒂊𒊭𒀸"", -13.742], [""𒌷𒀀𒉿𒅈𒈾"", -13.742], [""eːʃ"", -14.3902], [""xuːʃ"", -14.9647], [""aʃ"", -15.8508]]"
awaija	𒌷𒆷𒊍𒉺	-15.6764	"[[""𒌷𒆷𒊍𒉺"", -15.6764], [""𒀀𒀝𒉌𒅖"", -15.6764], [""𒌷𒄩𒀜𒋾"", -15.6764], [""𒈪𒋫𒀭𒉌"", -15.6764], [""𒌷𒀀𒉿𒅈𒈾"", -15.7621], [""𒌷𒉈𒂊𒊭𒀸"", -15.7621], [""𒀸𒋗𒉿"", -16.1017], [""eːʃ"", -17.8656], [""𒋼𒊑𒀉𒋾𒌅𒌋𒉌𒅖"", -18.0751], [""xuːʃ"", -18.4486]]"
awaΦ	𒀸𒋗𒉿	-10.6439	"[[""𒀸𒋗𒉿"", -10.6439], [""𒀀𒀝𒉌𒅖"", -11.1101], [""𒌷𒆷𒊍𒉺"", -11.1101], [""𒈪𒋫𒀭𒉌"", -11.1101], [""𒌷𒄩𒀜𒋾"", -11.1101], [""𒌷𒀀𒉿𒅈𒈾"", -12.2879], [""𒌷𒉈𒂊𒊭𒀸"", -12.2879], [""ku6"", -14.9765], [""𒋼𒊑𒀉𒋾𒌅𒌋𒉌𒅖"", -15.6251], [""lu"", -16.0479]]"
aza	𒀸𒋗𒉿	-8.4226	"[[""𒀸𒋗𒉿"", -8.4226], [""𒀀𒀝𒉌𒅖"", -9.899], [""𒌷𒄩𒀜𒋾"", -9.899], [""𒈪𒋫𒀭𒉌"", -9.899], [""𒌷𒆷𒊍𒉺"", -9.899], [""𒌷𒉈𒂊𒊭𒀸"", -10.7315], [""𒌷𒀀𒉿𒅈𒈾"", -10.7315], [""ku6"", -12.1474], [""aʃ"", -12.8387], [""wa"", -12.8387]]"
azaΦ	𒀸𒋗𒉿	-10.6439	"[[""𒀸𒋗𒉿"", -10.6439], [""𒀀𒀝𒉌𒅖"", -11.1101], [""𒌷𒆷𒊍𒉺"", -11.1101], [""𒈪𒋫𒀭𒉌"", -11.1101], [""𒌷𒄩𒀜𒋾"", -11.1101], [""𒌷𒀀𒉿𒅈𒈾"", -12.2879], [""𒌷𒉈𒂊𒊭𒀸"", -12.2879], [""ku6"", -14.9765], [""𒋼𒊑𒀉𒋾𒌅𒌋𒉌𒅖"", -15.6251], [""lu"", -16.0479]]"
azaΦn	𒌷𒆷𒊍𒉺	-13.1999	"[[""𒌷𒆷𒊍𒉺"", -13.1999], [""𒀀𒀝𒉌𒅖"", -13.1999], [""𒌷𒄩𒀜𒋾"", -13.1999], [""𒈪𒋫𒀭𒉌"", -13.1999], [""𒀸𒋗𒉿"", -13.2697], [""𒌷𒀀𒉿𒅈𒈾"", -13.742], [""𒌷𒉈𒂊𒊭𒀸"", -13.742], [""𒋼𒊑𒀉𒋾𒌅𒌋𒉌𒅖"", -16.8346], [""ku6"", -17.9765], [""ke"", -19.3208]]"
azaΦni	𒀀𒀝𒉌𒅖	-15.6764	"[[""𒀀𒀝𒉌𒅖"", -15.6764], [""𒌷𒄩𒀜𒋾"", -15.6764], [""𒈪𒋫𒀭𒉌"", -15.6764], [""𒌷𒆷𒊍𒉺"", -15.6764], [""𒌷𒀀𒉿𒅈𒈾"", -15.7621], [""𒌷𒉈𒂊𒊭𒀸"", -15.7621], [""𒀸𒋗𒉿"", -16.1017], [""𒋼𒊑𒀉𒋾𒌅𒌋𒉌𒅖"", -18.0751], [""ku6"", -21.0773], [""lu"", -22.6343]]"
aΦn	𒀸𒋗𒉿	-8.4226	"[[""𒀸𒋗𒉿"", -8.4226], [""𒀀𒀝𒉌𒅖"", -9.899], [""𒌷𒄩𒀜𒋾"", -9.899], [""𒈪𒋫𒀭𒉌"", -9.899], [""𒌷𒆷𒊍𒉺"", -9.899], [""𒌷𒉈𒂊𒊭𒀸"", -10.7315], [""𒌷𒀀𒉿𒅈𒈾"", -10.7315], [""ku6"", -12.1474], [""aʃ"", -12.8387], [""wa"", -12.8387]]"
aΦni	𒀸𒋗𒉿	-10.6439	"[[""𒀸𒋗𒉿"", -10.6439], [""𒀀𒀝𒉌𒅖"", -11.1101], [""𒌷𒆷𒊍𒉺"", -11.1101], [""𒈪𒋫𒀭𒉌"", -11.1101], [""𒌷𒄩𒀜𒋾"", -11.1101], [""𒌷𒀀𒉿𒅈𒈾"", -12.2879], [""𒌷𒉈𒂊𒊭𒀸"", -12.2879], [""ku6"", -14.9765], [""𒋼𒊑𒀉𒋾𒌅𒌋𒉌𒅖"", -15.6251], [""lu"", -16.0479]]"
daa	𒀸𒋗𒉿	-8.4226	"[[""𒀸𒋗𒉿"", -8.4226], [""𒀀𒀝𒉌𒅖"", -9.899], [""𒌷𒄩𒀜𒋾"", -9.899], [""𒈪𒋫𒀭𒉌"", -9.899], [""𒌷𒆷𒊍𒉺"", -9.899], [""𒌷𒉈𒂊𒊭𒀸"", -10.7315], [""𒌷𒀀𒉿𒅈𒈾"", -10.7315], [""ku6"", -12.1474], [""aʃ"", -12.8387], [""wa"", -12.8387]]"
daau	𒀸𒋗𒉿	-10.6439	"[[""𒀸𒋗𒉿"", -10.6439], [""𒀀𒀝𒉌𒅖"", -11.1101], [""𒌷𒆷𒊍𒉺"", -11.1101], [""𒈪𒋫𒀭𒉌"", -11.1101], [""𒌷𒄩𒀜𒋾"", -11.1101], [""𒌷𒀀𒉿𒅈𒈾"", -12.2879], [""𒌷𒉈𒂊𒊭𒀸"", -12.2879], [""as"", -12.6134], [""kut"", -12.7336], [""ais"", -12.8319]]"
dad	𒀸𒋗𒉿	-8.4226	"[[""𒀸𒋗𒉿"", -8.4226], [""𒀀𒀝𒉌𒅖"", -9.899], [""𒌷𒄩𒀜𒋾"", -9.899], [""𒈪𒋫𒀭𒉌"", -9.899], [""𒌷𒆷𒊍𒉺"", -9.899], [""𒌷𒉈𒂊𒊭𒀸"", -10.7315], [""𒌷𒀀𒉿𒅈𒈾"", -10.7315], [""ku6"", -12.1474], [""aʃ"", -12.8387], [""wa"", -12.8387]]"
dada	𒀸𒋗𒉿	-10.6439	"[[""𒀸𒋗𒉿"", -10.6439], [""𒀀𒀝𒉌𒅖"", -11.1101], [""𒌷𒆷𒊍𒉺"", -11.1101], [""𒈪𒋫𒀭𒉌"", -11.1101], [""𒌷𒄩𒀜𒋾"", -11.1101], [""𒌷𒀀𒉿𒅈𒈾"", -12.2879], [""𒌷𒉈𒂊𒊭𒀸"", -12.2879], [""ku6"", -14.9765], [""𒋼𒊑𒀉𒋾𒌅𒌋𒉌𒅖"", -15.6251], [""lu"", -16.0479]]"
dadau	𒀀𒀝𒉌𒅖	-13.1999	"[[""𒀀𒀝𒉌𒅖"", -13.1999], [""𒈪𒋫𒀭𒉌"", -13.1999], [""𒌷𒆷𒊍𒉺"", -13.1999], [""𒌷𒄩𒀜𒋾"", -13.1999], [""𒀸𒋗𒉿"", -13.2697], [""𒌷𒉈𒂊𒊭𒀸"", -13.742], [""𒌷𒀀𒉿𒅈𒈾"", -13.742], [""as"", -15.898], [""kut"", -15.9667], [""ais"", -16.0405]]"
dadaut	𒀀𒀝𒉌𒅖	-15.6764	"[[""𒀀𒀝𒉌𒅖"", -15.6764], [""𒌷𒆷𒊍𒉺"", -15.6764], [""𒈪𒋫𒀭𒉌"", -15.6764], [""𒌷𒄩𒀜𒋾"", -15.6764], [""𒌷𒉈𒂊𒊭𒀸"", -15.7621], [""𒌷𒀀𒉿𒅈𒈾"", -15.7621], [""𒀸𒋗𒉿"", -16.1017], [""𒋼𒊑𒀉𒋾𒌅𒌋𒉌𒅖"", -18.0751], [""as"", -19.3992], [""kut"", -19.4018]]"
dadauti	𒌷𒉈𒂊𒊭𒀸	-18.1288	"[[""𒌷𒉈𒂊𒊭𒀸"", -18.1288], [""𒌷𒀀𒉿𒅈𒈾"", -18.1288], [""𒌷𒆷𒊍𒉺"", -18.3706], [""𒀀𒀝𒉌𒅖"", -18.3706], [""𒈪𒋫𒀭𒉌"", -18.3706], [""𒌷𒄩𒀜𒋾"", -18.3706], [""𒀸𒋗𒉿"", -19.0604], [""𒋼𒊑𒀉𒋾𒌅𒌋𒉌𒅖"", -19.6834], [""iːsˤaː́"", -22.7329], [""aːsːa"", -22.7498]]"
dadautin	𒌷𒉈𒂊𒊭𒀸	-20.7122	"[[""𒌷𒉈𒂊𒊭𒀸"", -20.7122], [""𒌷𒀀𒉿𒅈𒈾"", -20.7122], [""𒌷𒆷𒊍𒉺"", -21.2055], [""𒀀𒀝𒉌𒅖"", -21.2055], [""𒈪𒋫𒀭𒉌"", -21.2055], [""𒌷𒄩𒀜𒋾"", -21.2055], [""𒋼𒊑𒀉𒋾𒌅𒌋𒉌𒅖"", -21.435], [""𒀸𒋗𒉿"", -22.1053], [""iːsˤaː́"", -24.7572], [""aːsːa"", -25.6908]]"
dadautinu	𒋼𒊑𒀉𒋾𒌅𒌋𒉌𒅖	-23.4063	"[[""𒋼𒊑𒀉𒋾𒌅𒌋𒉌𒅖"", -23.4063], [""𒌷𒀀𒉿𒅈𒈾"", -23.4428], [""𒌷𒉈𒂊𒊭𒀸"", -23.4428], [""𒀀𒀝𒉌𒅖"", -24.139], [""𒈪𒋫𒀭𒉌"", -24.139], [""𒌷𒄩𒀜𒋾"", -24.139], [""𒌷𒆷𒊍𒉺"", -24.139], [""𒀸𒋗𒉿"", -25.2127], [""tasːus"", -26.9129], [""tsak"", -27.0498]]"
dadautinui	𒋼𒊑𒀉𒋾𒌅𒌋𒉌𒅖	-25.5942	"[[""𒋼𒊑𒀉𒋾𒌅𒌋𒉌𒅖"", -25.5942], [""𒌷𒉈𒂊𒊭𒀸"", -26.2798], [""𒌷𒀀𒉿𒅈𒈾"", -26.2798], [""𒀀𒀝𒉌𒅖"", -27.1456], [""𒈪𒋫𒀭𒉌"", -27.1456], [""𒌷𒄩𒀜𒋾"", -27.1456], [""𒌷𒆷𒊍𒉺"", -27.1456], [""𒀸𒋗𒉿"", -28.3678], [""iːsˤaː́"", -29.893], [""tsak"", -30.2253]]"
daj	𒀸𒋗𒉿	-8.4226	"[[""𒀸𒋗𒉿"", -8.4226], [""eːʃ"", -8.4409], [""aʃ"", -9.3158], [""xuːʃ"", -9.6391], [""𒌷𒄩𒀜𒋾"", -9.899], [""𒀀𒀝𒉌𒅖"", -9.899], [""𒌷𒆷𒊍𒉺"", -9.899], [""𒈪𒋫𒀭𒉌"", -9.899], [""xus"", -10.4601], [""ʃum"", -10.4601]]"
daja	𒀸𒋗𒉿	-10.6439	"[[""𒀸𒋗𒉿"", -10.6439], [""𒀀𒀝𒉌𒅖"", -11.1101], [""𒌷𒆷𒊍𒉺"", -11.1101], [""𒌷𒄩𒀜𒋾"", -11.1101], [""𒈪𒋫𒀭𒉌"", -11.1101], [""eːʃ"", -11.8594], [""𒌷𒉈𒂊𒊭𒀸"", -12.2879], [""𒌷𒀀𒉿𒅈𒈾"", -12.2879], [""aʃ"", -12.7424], [""xuːʃ"", -13.0457]]"
dajaj	eːʃ	-11.2006	"[[""eːʃ"", -11.2006], [""aʃ"", -11.8783], [""xuːʃ"", -12.2201], [""uːxːi"", -12.5109], [""𒀀𒀝𒉌𒅖"", -13.1999], [""𒈪𒋫𒀭𒉌"", -13.1999], [""𒌷𒆷𒊍𒉺"", -13.1999], [""𒌷𒄩𒀜𒋾"", -13.1999], [""𒀸𒋗𒉿"", -13.2697], [""uxːi"", -13.2956]]"
dajaja	eːʃ	-14.7044	"[[""eːʃ"", -14.7044], [""aʃ"", -15.3846], [""xuːʃ"", -15.6112], [""𒀀𒀝𒉌𒅖"", -15.6764], [""𒈪𒋫𒀭𒉌"", -15.6764], [""𒌷𒄩𒀜𒋾"", -15.6764], [""𒌷𒆷𒊍𒉺"", -15.6764], [""uːxːi"", -15.7331], [""𒌷𒉈𒂊𒊭𒀸"", -15.7621], [""𒌷𒀀𒉿𒅈𒈾"", -15.7621]]"
dajas	uːxːi	-12.6301	"[[""uːxːi"", -12.6301], [""uk"", -12.9792], [""𒈪𒋫𒀭𒉌"", -13.1999], [""𒀀𒀝𒉌𒅖"", -13.1999], [""𒌷𒄩𒀜𒋾"", -13.1999], [""𒌷𒆷𒊍𒉺"", -13.1999], [""𒀸𒋗𒉿"", -13.2697], [""uxːi"", -13.4297], [""𒌷𒀀𒉿𒅈𒈾"", -13.742], [""𒌷𒉈𒂊𒊭𒀸"", -13.742]]"
dam	𒀸𒋗𒉿	-8.4226	"[[""𒀸𒋗𒉿"", -8.4226], [""𒀀𒀝𒉌𒅖"", -9.899], [""𒌷𒄩𒀜𒋾"", -9.899], [""𒈪𒋫𒀭𒉌"", -9.899], [""𒌷𒆷𒊍𒉺"", -9.899], [""𒌷𒉈𒂊𒊭𒀸"", -10.7315], [""𒌷𒀀𒉿𒅈𒈾"", -10.7315], [""ku6"", -12.1474], [""aʃ"", -12.8387], [""wa"", -12.8387]]"
dama	𒀸𒋗𒉿	-10.6439	"[[""𒀸𒋗𒉿"", -10.6439], [""𒀀𒀝𒉌𒅖"", -11.1101], [""𒌷𒆷𒊍𒉺"", -11.1101], [""𒈪𒋫𒀭𒉌"", -11.1101], [""𒌷𒄩𒀜𒋾"", -11.1101], [""𒌷𒀀𒉿𒅈𒈾"", -12.2879], [""𒌷𒉈𒂊𒊭𒀸"", -12.2879], [""ku6"", -14.9765], [""𒋼𒊑𒀉𒋾𒌅𒌋𒉌𒅖"", -15.6251], [""lu"", -16.0479]]"
damat	𒌷𒆷𒊍𒉺	-13.1999	"[[""𒌷𒆷𒊍𒉺"", -13.1999], [""𒀀𒀝𒉌𒅖"", -13.1999], [""𒌷𒄩𒀜𒋾"", -13.1999], [""𒈪𒋫𒀭𒉌"", -13.1999], [""𒀸𒋗𒉿"", -13.2697], [""𒌷𒀀𒉿𒅈𒈾"", -13.742], [""𒌷𒉈𒂊𒊭𒀸"", -13.742], [""𒋼𒊑𒀉𒋾𒌅𒌋𒉌𒅖"", -16.8346], [""ku6"", -17.9765], [""ke"", -19.3208]]"
damate	𒀀𒀝𒉌𒅖	-15.6764	"[[""𒀀𒀝𒉌𒅖"", -15.6764], [""𒌷𒄩𒀜𒋾"", -15.6764], [""𒈪𒋫𒀭𒉌"", -15.6764], [""𒌷𒆷𒊍𒉺"", -15.6764], [""𒌷𒀀𒉿𒅈𒈾"", -15.7621], [""𒌷𒉈𒂊𒊭𒀸"", -15.7621], [""𒀸𒋗𒉿"", -16.1017], [""𒋼𒊑𒀉𒋾𒌅𒌋𒉌𒅖"", -18.0751], [""ku6"", -21.0773], [""lu"", -22.6343]]"
das	𒀸𒋗𒉿	-8.4226	"[[""𒀸𒋗𒉿"", -8.4226], [""𒀀𒀝𒉌𒅖"", -9.899], [""𒌷𒄩𒀜𒋾"", -9.899], [""𒈪𒋫𒀭𒉌"", -9.899], [""𒌷𒆷𒊍𒉺"", -9.899], [""uk"", -10.2251], [""ke"", -10.357], [""pai"", -10.6027], [""wa"", -10.6883], [""lu"", -10.6883]]"
dase	𒀸𒋗𒉿	-10.6439	"[[""𒀸𒋗𒉿"", -10.6439], [""𒌷𒄩𒀜𒋾"", -11.1101], [""𒀀𒀝𒉌𒅖"", -11.1101], [""𒌷𒆷𒊍𒉺"", -11.1101], [""𒈪𒋫𒀭𒉌"", -11.1101], [""𒌷𒉈𒂊𒊭𒀸"", -12.2879], [""𒌷𒀀𒉿𒅈𒈾"", -12.2879], [""ku6"", -12.8883], [""praː"", -13.4461], [""uk"", -13.5419]]"
daser	uk	-12.9688	"[[""uk"", -12.9688], [""ke"", -12.9723], [""𒌷𒆷𒊍𒉺"", -13.1999], [""𒀀𒀝𒉌𒅖"", -13.1999], [""𒌷𒄩𒀜𒋾"", -13.1999], [""𒈪𒋫𒀭𒉌"", -13.1999], [""𒀸𒋗𒉿"", -13.2697], [""𒌷𒀀𒉿𒅈𒈾"", -13.742], [""𒌷𒉈𒂊𒊭𒀸"", -13.742], [""apːa"", -14.0927]]"
dasera	𒀀𒀝𒉌𒅖	-15.6764	"[[""𒀀𒀝𒉌𒅖"", -15.6764], [""𒌷𒄩𒀜𒋾"", -15.6764], [""𒈪𒋫𒀭𒉌"", -15.6764], [""𒌷𒆷𒊍𒉺"", -15.6764], [""𒌷𒀀𒉿𒅈𒈾"", -15.7621], [""𒌷𒉈𒂊𒊭𒀸"", -15.7621], [""ku6"", -15.7916], [""𒀸𒋗𒉿"", -16.1017], [""uk"", -16.4714], [""ke"", -16.4731]]"
daserat	𒌷𒀀𒉿𒅈𒈾	-18.1288	"[[""𒌷𒀀𒉿𒅈𒈾"", -18.1288], [""𒌷𒉈𒂊𒊭𒀸"", -18.1288], [""𒌷𒄩𒀜𒋾"", -18.3706], [""𒀀𒀝𒉌𒅖"", -18.3706], [""𒌷𒆷𒊍𒉺"", -18.3706], [""𒈪𒋫𒀭𒉌"", -18.3706], [""ku6"", -18.6283], [""𒀸𒋗𒉿"", -19.0604], [""𒋼𒊑𒀉𒋾𒌅𒌋𒉌𒅖"", -19.6834], [""uk"", -19.974]]"
daserate	𒌷𒉈𒂊𒊭𒀸	-20.7122	"[[""𒌷𒉈𒂊𒊭𒀸"", -20.7122], [""𒌷𒀀𒉿𒅈𒈾"", -20.7122], [""𒀀𒀝𒉌𒅖"", -21.2055], [""𒌷𒆷𒊍𒉺"", -21.2055], [""𒌷𒄩𒀜𒋾"", -21.2055], [""𒈪𒋫𒀭𒉌"", -21.2055], [""𒋼𒊑𒀉𒋾𒌅𒌋𒉌𒅖"", -21.435], [""ku6"", -21.736], [""𒀸𒋗𒉿"", -22.1053], [""iːsˤaː́"", -23.2691]]"
dau	𒀸𒋗𒉿	-8.4226	"[[""𒀸𒋗𒉿"", -8.4226], [""as"", -9.3933], [""kut"", -9.5934], [""ais"", -9.7388], [""xus"", -9.7388], [""𒀀𒀝𒉌𒅖"", -9.899], [""𒌷𒆷𒊍𒉺"", -9.899], [""𒌷𒄩𒀜𒋾"", -9.899], [""𒈪𒋫𒀭𒉌"", -9.899], [""tuk"", -9.9531]]"
daut	𒀸𒋗𒉿	-10.6439	"[[""𒀸𒋗𒉿"", -10.6439], [""𒀀𒀝𒉌𒅖"", -11.1101], [""𒈪𒋫𒀭𒉌"", -11.1101], [""𒌷𒄩𒀜𒋾"", -11.1101], [""𒌷𒆷𒊍𒉺"", -11.1101], [""𒌷𒀀𒉿𒅈𒈾"", -12.2879], [""𒌷𒉈𒂊𒊭𒀸"", -12.2879], [""as"", -12.8904], [""kut"", -12.9682], [""tuk"", -12.9891]]"
dauti	𒌷𒆷𒊍𒉺	-13.1999	"[[""𒌷𒆷𒊍𒉺"", -13.1999], [""𒀀𒀝𒉌𒅖"", -13.1999], [""𒈪𒋫𒀭𒉌"", -13.1999], [""𒌷𒄩𒀜𒋾"", -13.1999], [""𒀸𒋗𒉿"", -13.2697], [""𒌷𒉈𒂊𒊭𒀸"", -13.742], [""𒌷𒀀𒉿𒅈𒈾"", -13.742], [""tuk"", -16.1696], [""ku6"", -16.2705], [""kut"", -16.3551]]"
dautin	𒀀𒀝𒉌𒅖	-15.6764	"[[""𒀀𒀝𒉌𒅖"", -15.6764], [""𒈪𒋫𒀭𒉌"", -15.6764], [""𒌷𒆷𒊍𒉺"", -15.6764], [""𒌷𒄩𒀜𒋾"", -15.6764], [""𒌷𒀀𒉿𒅈𒈾"", -15.7621], [""𒌷𒉈𒂊𒊭𒀸"", -15.7621], [""𒀸𒋗𒉿"", -16.1017], [""𒋼𒊑𒀉𒋾𒌅𒌋𒉌𒅖"", -18.0751], [""iːsˤaː́"", -18.8408], [""ku6"", -19.2381]]"
dautinu	𒌷𒉈𒂊𒊭𒀸	-18.1288	"[[""𒌷𒉈𒂊𒊭𒀸"", -18.1288], [""𒌷𒀀𒉿𒅈𒈾"", -18.1288], [""𒌷𒆷𒊍𒉺"", -18.3706], [""𒀀𒀝𒉌𒅖"", -18.3706], [""𒈪𒋫𒀭𒉌"", -18.3706], [""𒌷𒄩𒀜𒋾"", -18.3706], [""𒀸𒋗𒉿"", -19.0604], [""𒋼𒊑𒀉𒋾𒌅𒌋𒉌𒅖"", -19.6834], [""tsak"", -20.0733], [""tsik"", -20.0733]]"
dautinui	𒌷𒉈𒂊𒊭𒀸	-20.7122	"[[""𒌷𒉈𒂊𒊭𒀸"", -20.7122], [""𒌷𒀀𒉿𒅈𒈾"", -20.7122], [""𒈪𒋫𒀭𒉌"", -21.2055], [""𒀀𒀝𒉌𒅖"", -21.2055], [""𒌷𒄩𒀜𒋾"", -21.2055], [""𒌷𒆷𒊍𒉺"", -21.2055], [""𒋼𒊑𒀉𒋾𒌅𒌋𒉌𒅖"", -21.435], [""𒀸𒋗𒉿"", -22.1053], [""tsak"", -23.2385], [""tsik"", -23.2385]]"
dautinuin	𒋼𒊑𒀉𒋾𒌅𒌋𒉌𒅖	-23.4063	"[[""𒋼𒊑𒀉𒋾𒌅𒌋𒉌𒅖"", -23.4063], [""𒌷𒉈𒂊𒊭𒀸"", -23.4428], [""𒌷𒀀𒉿𒅈𒈾"", -23.4428], [""𒀀𒀝𒉌𒅖"", -24.139], [""𒈪𒋫𒀭𒉌"", -24.139], [""𒌷𒄩𒀜𒋾"", -24.139], [""𒌷𒆷𒊍𒉺"", -24.139], [""𒀸𒋗𒉿"", -25.2127], [""tsak"", -26.4847], [""tsik"", -26.4847]]"
dautinuina	𒋼𒊑𒀉𒋾𒌅𒌋𒉌𒅖	-25.5942	"[[""𒋼𒊑𒀉𒋾𒌅𒌋𒉌𒅖"", -25.5942], [""𒌷𒀀𒉿𒅈𒈾"", -26.2798], [""𒌷𒉈𒂊𒊭𒀸"", -26.2798], [""𒌷𒄩𒀜𒋾"", -27.1456], [""𒌷𒆷𒊍𒉺"", -27.1456], [""𒈪𒋫𒀭𒉌"", -27.1456], [""𒀀𒀝𒉌𒅖"", -27.1456], [""𒀸𒋗𒉿"", -28.3678], [""iːsˤaː́"", -29.5067], [""tsak"", -29.7797]]"
daw	𒀸𒋗𒉿	-8.4226	"[[""𒀸𒋗𒉿"", -8.4226], [""𒀀𒀝𒉌𒅖"", -9.899], [""𒌷𒄩𒀜𒋾"", -9.899], [""𒈪𒋫𒀭𒉌"", -9.899], [""𒌷𒆷𒊍𒉺"", -9.899], [""𒌷𒉈𒂊𒊭𒀸"", -10.7315], [""𒌷𒀀𒉿𒅈𒈾"", -10.7315], [""ku6"", -12.1474], [""aʃ"", -12.8387], [""wa"", -12.8387]]"
dawa	𒀸𒋗𒉿	-10.6439	"[[""𒀸𒋗𒉿"", -10.6439], [""𒀀𒀝𒉌𒅖"", -11.1101], [""𒌷𒆷𒊍𒉺"", -11.1101], [""𒈪𒋫𒀭𒉌"", -11.1101], [""𒌷𒄩𒀜𒋾"", -11.1101], [""𒌷𒀀𒉿𒅈𒈾"", -12.2879], [""𒌷𒉈𒂊𒊭𒀸"", -12.2879], [""ku6"", -14.9765], [""𒋼𒊑𒀉𒋾𒌅𒌋𒉌𒅖"", -15.6251], [""lu"", -16.0479]]"
dawai	𒌷𒆷𒊍𒉺	-13.1999	"[[""𒌷𒆷𒊍𒉺"", -13.1999], [""𒀀𒀝𒉌𒅖"", -13.1999], [""𒌷𒄩𒀜𒋾"", -13.1999], [""𒈪𒋫𒀭𒉌"", -13.1999], [""𒀸𒋗𒉿"", -13.2697], [""𒌷𒀀𒉿𒅈𒈾"", -13.742], [""𒌷𒉈𒂊𒊭𒀸"", -13.742], [""𒋼𒊑𒀉𒋾𒌅𒌋𒉌𒅖"", -16.8346], [""ku6"", -17.9765], [""ke"", -19.3208]]"
dawaij	𒀀𒀝𒉌𒅖	-15.6764	"[[""𒀀𒀝𒉌𒅖"", -15.6764], [""𒌷𒆷𒊍𒉺"", -15.6764], [""𒈪𒋫𒀭𒉌"", -15.6764], [""𒌷𒄩𒀜𒋾"", -15.6764], [""𒌷𒉈𒂊𒊭𒀸"", -15.7621], [""𒌷𒀀𒉿𒅈𒈾"", -15.7621], [""𒀸𒋗𒉿"", -16.1017], [""eːʃ"", -17.5269], [""xuːʃ"", -17.9674], [""𒋼𒊑𒀉𒋾𒌅𒌋𒉌𒅖"", -18.0751]]"
dawaija	𒌷𒉈𒂊𒊭𒀸	-18.1288	"[[""𒌷𒉈𒂊𒊭𒀸"", -18.1288], [""𒌷𒀀𒉿𒅈𒈾"", -18.1288], [""𒀀𒀝𒉌𒅖"", -18.3706], [""𒈪𒋫𒀭𒉌"", -18.3706], [""𒌷𒄩𒀜𒋾"", -18.3706], [""𒌷𒆷𒊍𒉺"", -18.3706], [""𒀸𒋗𒉿"", -19.0604], [""𒋼𒊑𒀉𒋾𒌅𒌋𒉌𒅖"", -19.6834], [""eːʃ"", -21.012], [""xuːʃ"", -21.4593]]"
dij	𒀸𒋗𒉿	-8.4226	"[[""𒀸𒋗𒉿"", -8.4226], [""eːʃ"", -8.4409], [""aʃ"", -9.3158], [""xuːʃ"", -9.6391], [""𒌷𒄩𒀜𒋾"", -9.899], [""𒀀𒀝𒉌𒅖"", -9.899], [""𒌷𒆷𒊍𒉺"", -9.899], [""𒈪𒋫𒀭𒉌"", -9.899], [""xus"", -10.4601], [""ʃum"", -10.4601]]"
dija	𒀸𒋗𒉿	-10.6439	"[[""𒀸𒋗𒉿"", -10.6439], [""𒀀𒀝𒉌𒅖"", -11.1101], [""𒌷𒆷𒊍𒉺"", -11.1101], [""𒌷𒄩𒀜𒋾"", -11.1101], [""𒈪𒋫𒀭𒉌"", -11.1101], [""eːʃ"", -11.8594], [""𒌷𒉈𒂊𒊭𒀸"", -12.2879], [""𒌷𒀀𒉿𒅈𒈾"", -12.2879], [""aʃ"", -12.7424], [""xuːʃ"", -13.0457]]"
dik	𒀸𒋗𒉿	-8.4226	"[[""𒀸𒋗𒉿"", -8.4226], [""𒀀𒀝𒉌𒅖"", -9.899], [""𒌷𒄩𒀜𒋾"", -9.899], [""𒈪𒋫𒀭𒉌"", -9.899], [""𒌷𒆷𒊍𒉺"", -9.899], [""𒌷𒉈𒂊𒊭𒀸"", -10.7315], [""𒌷𒀀𒉿𒅈𒈾"", -10.7315], [""ku6"", -12.1474], [""aʃ"", -12.8387], [""wa"", -12.8387]]"
diki	𒀸𒋗𒉿	-10.6439	"[[""𒀸𒋗𒉿"", -10.6439], [""𒀀𒀝𒉌𒅖"", -11.1101], [""𒌷𒆷𒊍𒉺"", -11.1101], [""𒈪𒋫𒀭𒉌"", -11.1101], [""𒌷𒄩𒀜𒋾"", -11.1101], [""𒌷𒀀𒉿𒅈𒈾"", -12.2879], [""𒌷𒉈𒂊𒊭𒀸"", -12.2879], [""ku6"", -14.9765], [""𒋼𒊑𒀉𒋾𒌅𒌋𒉌𒅖"", -15.6251], [""lu"", -16.0479]]"
dikit	𒌷𒆷𒊍𒉺	-13.1999	"[[""𒌷𒆷𒊍𒉺"", -13.1999], [""𒀀𒀝𒉌𒅖"", -13.1999], [""𒌷𒄩𒀜𒋾"", -13.1999], [""𒈪𒋫𒀭𒉌"", -13.1999], [""𒀸𒋗𒉿"", -13.2697], [""𒌷𒀀𒉿𒅈𒈾"", -13.742], [""𒌷𒉈𒂊𒊭𒀸"", -13.742], [""𒋼𒊑𒀉𒋾𒌅𒌋𒉌𒅖"", -16.8346], [""ku6"", -17.9765], [""ke"", -19.3208]]"
dikite	𒀀𒀝𒉌𒅖	-15.6764	"[[""𒀀𒀝𒉌𒅖"", -15.6764], [""𒌷𒄩𒀜𒋾"", -15.6764], [""𒈪𒋫𒀭𒉌"", -15.6764], [""𒌷𒆷𒊍𒉺"", -15.6764], [""𒌷𒀀𒉿𒅈𒈾"", -15.7621], [""𒌷𒉈𒂊𒊭𒀸"", -15.7621], [""𒀸𒋗𒉿"", -16.1017], [""𒋼𒊑𒀉𒋾𒌅𒌋𒉌𒅖"", -18.0751], [""ku6"", -21.0773], [""lu"", -22.6343]]"
dikites	𒌷𒀀𒉿𒅈𒈾	-18.1288	"[[""𒌷𒀀𒉿𒅈𒈾"", -18.1288], [""𒌷𒉈𒂊𒊭𒀸"", -18.1288], [""𒀀𒀝𒉌𒅖"", -18.3706], [""𒌷𒆷𒊍𒉺"", -18.3706], [""𒌷𒄩𒀜𒋾"", -18.3706], [""𒈪𒋫𒀭𒉌"", -18.3706], [""𒀸𒋗𒉿"", -19.0604], [""𒋼𒊑𒀉𒋾𒌅𒌋𒉌𒅖"", -19.6834], [""apːa"", -22.4363], [""paːi"", -22.4378]]"
dikitesi	𒌷𒉈𒂊𒊭𒀸	-20.7122	"[[""𒌷𒉈𒂊𒊭𒀸"", -20.7122], [""𒌷𒀀𒉿𒅈𒈾"", -20.7122], [""𒌷𒆷𒊍𒉺"", -21.2055], [""𒈪𒋫𒀭𒉌"", -21.2055], [""𒌷𒄩𒀜𒋾"", -21.2055], [""𒀀𒀝𒉌𒅖"", -21.2055], [""𒋼𒊑𒀉𒋾𒌅𒌋𒉌𒅖"", -21.435], [""𒀸𒋗𒉿"", -22.1053], [""apːa"", -25.9077], [""paːi"", -25.9134]]"
dikitesir	𒋼𒊑𒀉𒋾𒌅𒌋𒉌𒅖	-23.4063	"[[""𒋼𒊑𒀉𒋾𒌅𒌋𒉌𒅖"", -23.4063], [""𒌷𒀀𒉿𒅈𒈾"", -23.4428], [""𒌷𒉈𒂊𒊭𒀸"", -23.4428], [""𒀀𒀝𒉌𒅖"", -24.139], [""𒌷𒆷𒊍𒉺"", -24.139], [""𒈪𒋫𒀭𒉌"", -24.139], [""𒌷𒄩𒀜𒋾"", -24.139], [""𒀸𒋗𒉿"", -25.2127], [""uk"", -26.9726], [""ke"", -26.9827]]"
dikitesira	𒋼𒊑𒀉𒋾𒌅𒌋𒉌𒅖	-25.5942	"[[""𒋼𒊑𒀉𒋾𒌅𒌋𒉌𒅖"", -25.5942], [""𒌷𒉈𒂊𒊭𒀸"", -26.2798], [""𒌷𒀀𒉿𒅈𒈾"", -26.2798], [""𒌷𒄩𒀜𒋾"", -27.1456], [""𒌷𒆷𒊍𒉺"", -27.1456], [""𒈪𒋫𒀭𒉌"", -27.1456], [""𒀀𒀝𒉌𒅖"", -27.1456], [""𒀸𒋗𒉿"", -28.3678], [""ku6"", -29.7753], [""saːki"", -30.473]]"
dikitet	𒌷𒀀𒉿𒅈𒈾	-18.1288	"[[""𒌷𒀀𒉿𒅈𒈾"", -18.1288], [""𒌷𒉈𒂊𒊭𒀸"", -18.1288], [""𒌷𒄩𒀜𒋾"", -18.3706], [""𒀀𒀝𒉌𒅖"", -18.3706], [""𒌷𒆷𒊍𒉺"", -18.3706], [""𒈪𒋫𒀭𒉌"", -18.3706], [""𒀸𒋗𒉿"", -19.0604], [""𒋼𒊑𒀉𒋾𒌅𒌋𒉌𒅖"", -19.6834], [""ku6"", -24.2448], [""iːsˤaː́"", -25.6984]]"
dikitete	𒌷𒀀𒉿𒅈𒈾	-20.7122	"[[""𒌷𒀀𒉿𒅈𒈾"", -20.7122], [""𒌷𒉈𒂊𒊭𒀸"", -20.7122], [""𒀀𒀝𒉌𒅖"", -21.2055], [""𒌷𒄩𒀜𒋾"", -21.2055], [""𒈪𒋫𒀭𒉌"", -21.2055], [""𒌷𒆷𒊍𒉺"", -21.2055], [""𒋼𒊑𒀉𒋾𒌅𒌋𒉌𒅖"", -21.435], [""𒀸𒋗𒉿"", -22.1053], [""ku6"", -27.4599], [""iːsˤaː́"", -28.4239]]"
dikiteter	𒋼𒊑𒀉𒋾𒌅𒌋𒉌𒅖	-23.4063	"[[""𒋼𒊑𒀉𒋾𒌅𒌋𒉌𒅖"", -23.4063], [""𒌷𒉈𒂊𒊭𒀸"", -23.4428], [""𒌷𒀀𒉿𒅈𒈾"", -23.4428], [""𒀀𒀝𒉌𒅖"", -24.139], [""𒌷𒄩𒀜𒋾"", -24.139], [""𒈪𒋫𒀭𒉌"", -24.139], [""𒌷𒆷𒊍𒉺"", -24.139], [""𒀸𒋗𒉿"", -25.2127], [""apːa"", -28.8211], [""paːi"", -28.8222]]"
dikitetere	𒋼𒊑𒀉𒋾𒌅𒌋𒉌𒅖	-25.5942	"[[""𒋼𒊑𒀉𒋾𒌅𒌋𒉌𒅖"", -25.5942], [""𒌷𒀀𒉿𒅈𒈾"", -26.2798], [""𒌷𒉈𒂊𒊭𒀸"", -26.2798], [""𒌷𒄩𒀜𒋾"", -27.1456], [""𒀀𒀝𒉌𒅖"", -27.1456], [""𒌷𒆷𒊍𒉺"", -27.1456], [""𒈪𒋫𒀭𒉌"", -27.1456], [""𒀸𒋗𒉿"", -28.3678], [""apːa"", -32.3036], [""paːi"", -32.3079]]"
dikitu	𒀀𒀝𒉌𒅖	-15.6764	"[[""𒀀𒀝𒉌𒅖"", -15.6764], [""𒌷𒆷𒊍𒉺"", -15.6764], [""𒈪𒋫𒀭𒉌"", -15.6764], [""𒌷𒄩𒀜𒋾"", -15.6764], [""𒌷𒉈𒂊𒊭𒀸"", -15.7621], [""𒌷𒀀𒉿𒅈𒈾"", -15.7621], [""𒀸𒋗𒉿"", -16.1017], [""𒋼𒊑𒀉𒋾𒌅𒌋𒉌𒅖"", -18.0751], [""as"", -19.2234], [""kut"", -19.2541]]"
dikituj	𒌷𒀀𒉿𒅈𒈾	-18.1288	"[[""𒌷𒀀𒉿𒅈𒈾"", -18.1288], [""𒌷𒉈𒂊𒊭𒀸"", -18.1288], [""𒌷𒄩𒀜𒋾"", -18.3706], [""𒀀𒀝𒉌𒅖"", -18.3706], [""𒌷𒆷𒊍𒉺"", -18.3706], [""𒈪𒋫𒀭𒉌"", -18.3706], [""𒀸𒋗𒉿"", -19.0604], [""𒋼𒊑𒀉𒋾𒌅𒌋𒉌𒅖"", -19.6834], [""ke"", -19.9973], [""saːki"", -20.4211]]"
dikituja	𒌷𒉈𒂊𒊭𒀸	-20.7122	"[[""𒌷𒉈𒂊𒊭𒀸"", -20.7122], [""𒌷𒀀𒉿𒅈𒈾"", -20.7122], [""𒀀𒀝𒉌𒅖"", -21.2055], [""𒌷𒆷𒊍𒉺"", -21.2055], [""𒌷𒄩𒀜𒋾"", -21.2055], [""𒈪𒋫𒀭𒉌"", -21.2055], [""𒋼𒊑𒀉𒋾𒌅𒌋𒉌𒅖"", -21.435], [""𒀸𒋗𒉿"", -22.1053], [""ku6"", -22.8396], [""ke"", -23.5016]]"
dikitujas	𒋼𒊑𒀉𒋾𒌅𒌋𒉌𒅖	-23.4063	"[[""𒋼𒊑𒀉𒋾𒌅𒌋𒉌𒅖"", -23.4063], [""𒌷𒀀𒉿𒅈𒈾"", -23.4428], [""𒌷𒉈𒂊𒊭𒀸"", -23.4428], [""tuk"", -23.5032], [""tai"", -23.7834], [""𒀀𒀝𒉌𒅖"", -24.139], [""𒌷𒆷𒊍𒉺"", -24.139], [""𒌷𒄩𒀜𒋾"", -24.139], [""𒈪𒋫𒀭𒉌"", -24.139], [""paːi"", -24.2008]]"
ead	𒀸𒋗𒉿	-8.4226	"[[""𒀸𒋗𒉿"", -8.4226], [""𒀀𒀝𒉌𒅖"", -9.899], [""𒌷𒄩𒀜𒋾"", -9.899], [""𒈪𒋫𒀭𒉌"", -9.899], [""𒌷𒆷𒊍𒉺"", -9.899], [""𒌷𒉈𒂊𒊭𒀸"", -10.7315], [""𒌷𒀀𒉿𒅈𒈾"", -10.7315], [""ku6"", -12.1474], [""aʃ"", -12.8387], [""wa"", -12.8387]]"
eadi	𒀸𒋗𒉿	-10.6439	"[[""𒀸𒋗𒉿"", -10.6439], [""𒀀𒀝𒉌𒅖"", -11.1101], [""𒌷𒆷𒊍𒉺"", -11.1101], [""𒈪𒋫𒀭𒉌"", -11.1101], [""𒌷𒄩𒀜𒋾"", -11.1101], [""𒌷𒀀𒉿𒅈𒈾"", -12.2879], [""𒌷𒉈𒂊𒊭𒀸"", -12.2879], [""ku6"", -14.9765], [""𒋼𒊑𒀉𒋾𒌅𒌋𒉌𒅖"", -15.6251], [""lu"", -16.0479]]"
eadik	𒌷𒆷𒊍𒉺	-13.1999	"[[""𒌷𒆷𒊍𒉺"", -13.1999], [""𒀀𒀝𒉌𒅖"", -13.1999], [""𒌷𒄩𒀜𒋾"", -13.1999], [""𒈪𒋫𒀭𒉌"", -13.1999], [""𒀸𒋗𒉿"", -13.2697], [""𒌷𒀀𒉿𒅈𒈾"", -13.742], [""𒌷𒉈𒂊𒊭𒀸"", -13.742], [""𒋼𒊑𒀉𒋾𒌅𒌋𒉌𒅖"", -16.8346], [""ku6"", -17.9765], [""ke"", -19.3208]]"
eadiki	𒀀𒀝𒉌𒅖	-15.6764	"[[""𒀀𒀝𒉌𒅖"", -15.6764], [""𒌷𒄩𒀜𒋾"", -15.6764], [""𒈪𒋫𒀭𒉌"", -15.6764], [""𒌷𒆷𒊍𒉺"", -15.6764], [""𒌷𒀀𒉿𒅈𒈾"", -15.7621], [""𒌷𒉈𒂊𒊭𒀸"", -15.7621], [""𒀸𒋗𒉿"", -16.1017], [""𒋼𒊑𒀉𒋾𒌅𒌋𒉌𒅖"", -18.0751], [""ku6"", -21.0773], [""lu"", -22.6343]]"
eadikit	𒌷𒀀𒉿𒅈𒈾	-18.1288	"[[""𒌷𒀀𒉿𒅈𒈾"", -18.1288], [""𒌷𒉈𒂊𒊭𒀸"", -18.1288], [""𒌷𒄩𒀜𒋾"", -18.3706], [""𒀀𒀝𒉌𒅖"", -18.3706], [""𒌷𒆷𒊍𒉺"", -18.3706], [""𒈪𒋫𒀭𒉌"", -18.3706], [""𒀸𒋗𒉿"", -19.0604], [""𒋼𒊑𒀉𒋾𒌅𒌋𒉌𒅖"", -19.6834], [""ku6"", -24.2448], [""iːsˤaː́"", -25.6984]]"
eadikite	𒌷𒀀𒉿𒅈𒈾	-20.7122	"[[""𒌷𒀀𒉿𒅈𒈾"", -20.7122], [""𒌷𒉈𒂊𒊭𒀸"", -20.7122], [""𒀀𒀝𒉌𒅖"", -21.2055], [""𒌷𒄩𒀜𒋾"", -21.2055], [""𒈪𒋫𒀭𒉌"", -21.2055], [""𒌷𒆷𒊍𒉺"", -21.2055], [""𒋼𒊑𒀉𒋾𒌅𒌋𒉌𒅖"", -21.435], [""𒀸𒋗𒉿"", -22.1053], [""ku6"", -27.4599], [""iːsˤaː́"", -28.4239]]"
eadikitet	𒋼𒊑𒀉𒋾𒌅𒌋𒉌𒅖	-23.4063	"[[""𒋼𒊑𒀉𒋾𒌅𒌋𒉌𒅖"", -23.4063], [""𒌷𒉈𒂊𒊭𒀸"", -23.4428], [""𒌷𒀀𒉿𒅈𒈾"", -23.4428], [""𒀀𒀝𒉌𒅖"", -24.139], [""𒌷𒄩𒀜𒋾"", -24.139], [""𒌷𒆷𒊍𒉺"", -24.139], [""𒈪𒋫𒀭𒉌"", -24.139], [""𒀸𒋗𒉿"", -25.2127], [""ku6"", -30.7105], [""iːsˤaː́"", -31.2348]]"
eadikitete	𒋼𒊑𒀉𒋾𒌅𒌋𒉌𒅖	-25.5942	"[[""𒋼𒊑𒀉𒋾𒌅𒌋𒉌𒅖"", -25.5942], [""𒌷𒉈𒂊𒊭𒀸"", -26.2798], [""𒌷𒀀𒉿𒅈𒈾"", -26.2798], [""𒀀𒀝𒉌𒅖"", -27.1456], [""𒌷𒆷𒊍𒉺"", -27.1456], [""𒈪𒋫𒀭𒉌"", -27.1456], [""𒌷𒄩𒀜𒋾"", -27.1456], [""𒀸𒋗𒉿"", -28.3678], [""ku6"", -33.9888], [""iːsˤaː́"", -34.1135]]"
edi	𒀸𒋗𒉿	-8.4226	"[[""𒀸𒋗𒉿"", -8.4226], [""𒀀𒀝𒉌𒅖"", -9.899], [""𒌷𒄩𒀜𒋾"", -9.899], [""𒈪𒋫𒀭𒉌"", -9.899], [""𒌷𒆷𒊍𒉺"", -9.899], [""𒌷𒉈𒂊𒊭𒀸"", -10.7315], [""𒌷𒀀𒉿𒅈𒈾"", -10.7315], [""ku6"", -12.1474], [""aʃ"", -12.8387], [""wa"", -12.8387]]"
edij	𒀸𒋗𒉿	-10.6439	"[[""𒀸𒋗𒉿"", -10.6439], [""𒀀𒀝𒉌𒅖"", -11.1101], [""𒌷𒄩𒀜𒋾"", -11.1101], [""𒌷𒆷𒊍𒉺"", -11.1101], [""𒈪𒋫𒀭𒉌"", -11.1101], [""eːʃ"", -11.3418], [""xuːʃ"", -12.1291], [""𒌷𒉈𒂊𒊭𒀸"", -12.2879], [""𒌷𒀀𒉿𒅈𒈾"", -12.2879], [""aʃ"", -12.5547]]"
edija	𒀀𒀝𒉌𒅖	-13.1999	"[[""𒀀𒀝𒉌𒅖"", -13.1999], [""𒌷𒆷𒊍𒉺"", -13.1999], [""𒌷𒄩𒀜𒋾"", -13.1999], [""𒈪𒋫𒀭𒉌"", -13.1999], [""𒀸𒋗𒉿"", -13.2697], [""𒌷𒀀𒉿𒅈𒈾"", -13.742], [""𒌷𒉈𒂊𒊭𒀸"", -13.742], [""eːʃ"", -14.7994], [""xuːʃ"", -15.595], [""aʃ"", -15.9998]]"
eid	𒀸𒋗𒉿	-8.4226	"[[""𒀸𒋗𒉿"", -8.4226], [""𒀀𒀝𒉌𒅖"", -9.899], [""𒌷𒄩𒀜𒋾"", -9.899], [""𒈪𒋫𒀭𒉌"", -9.899], [""𒌷𒆷𒊍𒉺"", -9.899], [""𒌷𒉈𒂊𒊭𒀸"", -10.7315], [""𒌷𒀀𒉿𒅈𒈾"", -10.7315], [""ku6"", -12.1474], [""aʃ"", -12.8387], [""wa"", -12.8387]]"
eida	𒀸𒋗𒉿	-10.6439	"[[""𒀸𒋗𒉿"", -10.6439], [""𒀀𒀝𒉌𒅖"", -11.1101], [""𒌷𒆷𒊍𒉺"", -11.1101], [""𒈪𒋫𒀭𒉌"", -11.1101], [""𒌷𒄩𒀜𒋾"", -11.1101], [""𒌷𒀀𒉿𒅈𒈾"", -12.2879], [""𒌷𒉈𒂊𒊭𒀸"", -12.2879], [""ku6"", -14.9765], [""𒋼𒊑𒀉𒋾𒌅𒌋𒉌𒅖"", -15.6251], [""lu"", -16.0479]]"
eidaj	𒈪𒋫𒀭𒉌	-13.1999	"[[""𒈪𒋫𒀭𒉌"", -13.1999], [""𒀀𒀝𒉌𒅖"", -13.1999], [""𒌷𒄩𒀜𒋾"", -13.1999], [""𒌷𒆷𒊍𒉺"", -13.1999], [""𒀸𒋗𒉿"", -13.2697], [""𒌷𒉈𒂊𒊭𒀸"", -13.742], [""𒌷𒀀𒉿𒅈𒈾"", -13.742], [""eːʃ"", -14.3902], [""xuːʃ"", -14.9647], [""aʃ"", -15.8508]]"
eidaja	𒌷𒆷𒊍𒉺	-15.6764	"[[""𒌷𒆷𒊍𒉺"", -15.6764], [""𒀀𒀝𒉌𒅖"", -15.6764], [""𒌷𒄩𒀜𒋾"", -15.6764], [""𒈪𒋫𒀭𒉌"", -15.6764], [""𒌷𒀀𒉿𒅈𒈾"", -15.7621], [""𒌷𒉈𒂊𒊭𒀸"", -15.7621], [""𒀸𒋗𒉿"", -16.1017], [""eːʃ"", -17.8656], [""𒋼𒊑𒀉𒋾𒌅𒌋𒉌𒅖"", -18.0751], [""xuːʃ"", -18.4486]]"
eidajaj	𒌷𒉈𒂊𒊭𒀸	-18.1288	"[[""𒌷𒉈𒂊𒊭𒀸"", -18.1288], [""𒌷𒀀𒉿𒅈𒈾"", -18.1288], [""eːʃ"", -18.1517], [""𒈪𒋫𒀭𒉌"", -18.3706], [""𒀀𒀝𒉌𒅖"", -18.3706], [""𒌷𒆷𒊍𒉺"", -18.3706], [""𒌷𒄩𒀜𒋾"", -18.3706], [""uːxːi"", -18.5522], [""aʃ"", -18.8805], [""xuːʃ"", -18.9704]]"
eidajaja	𒌷𒀀𒉿𒅈𒈾	-20.7122	"[[""𒌷𒀀𒉿𒅈𒈾"", -20.7122], [""𒌷𒉈𒂊𒊭𒀸"", -20.7122], [""𒌷𒆷𒊍𒉺"", -21.2055], [""𒈪𒋫𒀭𒉌"", -21.2055], [""𒌷𒄩𒀜𒋾"", -21.2055], [""𒀀𒀝𒉌𒅖"", -21.2055], [""𒋼𒊑𒀉𒋾𒌅𒌋𒉌𒅖"", -21.435], [""eːʃ"", -21.6558], [""uːxːi"", -21.9316], [""𒀸𒋗𒉿"", -22.1053]]"
eidi	𒀸𒋗𒉿	-10.6439	"[[""𒀸𒋗𒉿"", -10.6439], [""𒀀𒀝𒉌𒅖"", -11.1101], [""𒌷𒆷𒊍𒉺"", -11.1101], [""𒈪𒋫𒀭𒉌"", -11.1101], [""𒌷𒄩𒀜𒋾"", -11.1101], [""𒌷𒀀𒉿𒅈𒈾"", -12.2879], [""𒌷𒉈𒂊𒊭𒀸"", -12.2879], [""ku6"", -14.9765], [""𒋼𒊑𒀉𒋾𒌅𒌋𒉌𒅖"", -15.6251], [""lu"", -16.0479]]"
eij	𒀸𒋗𒉿	-8.4226	"[[""𒀸𒋗𒉿"", -8.4226], [""eːʃ"", -8.4409], [""aʃ"", -9.3158], [""xuːʃ"", -9.6391], [""𒌷𒄩𒀜𒋾"", -9.899], [""𒀀𒀝𒉌𒅖"", -9.899], [""𒌷𒆷𒊍𒉺"", -9.899], [""𒈪𒋫𒀭𒉌"", -9.899], [""xus"", -10.4601], [""ʃum"", -10.4601]]"
eija	𒀸𒋗𒉿	-10.6439	"[[""𒀸𒋗𒉿"", -10.6439], [""𒀀𒀝𒉌𒅖"", -11.1101], [""𒌷𒆷𒊍𒉺"", -11.1101], [""𒌷𒄩𒀜𒋾"", -11.1101], [""𒈪𒋫𒀭𒉌"", -11.1101], [""eːʃ"", -11.8594], [""𒌷𒉈𒂊𒊭𒀸"", -12.2879], [""𒌷𒀀𒉿𒅈𒈾"", -12.2879], [""aʃ"", -12.7424], [""xuːʃ"", -13.0457]]"
eijas	uːxːi	-12.6301	"[[""uːxːi"", -12.6301], [""uk"", -12.9792], [""𒈪𒋫𒀭𒉌"", -13.1999], [""𒀀𒀝𒉌𒅖"", -13.1999], [""𒌷𒄩𒀜𒋾"", -13.1999], [""𒌷𒆷𒊍𒉺"", -13.1999], [""𒀸𒋗𒉿"", -13.2697], [""uxːi"", -13.4297], [""𒌷𒀀𒉿𒅈𒈾"", -13.742], [""𒌷𒉈𒂊𒊭𒀸"", -13.742]]"
eijasa	𒀀𒀝𒉌𒅖	-15.6764	"[[""𒀀𒀝𒉌𒅖"", -15.6764], [""𒈪𒋫𒀭𒉌"", -15.6764], [""𒌷𒆷𒊍𒉺"", -15.6764], [""𒌷𒄩𒀜𒋾"", -15.6764], [""𒌷𒉈𒂊𒊭𒀸"", -15.7621], [""𒌷𒀀𒉿𒅈𒈾"", -15.7621], [""𒀸𒋗𒉿"", -16.1017], [""uːxːi"", -16.1234], [""uk"", -16.4818], [""uxːi"", -16.9244]]"
eijasas	apːa	-17.1773	"[[""apːa"", -17.1773], [""𒌷𒀀𒉿𒅈𒈾"", -18.1288], [""𒌷𒉈𒂊𒊭𒀸"", -18.1288], [""uːxːi"", -18.1612], [""xapa"", -18.1648], [""xʃap"", -18.2043], [""𒀀𒀝𒉌𒅖"", -18.3706], [""𒌷𒄩𒀜𒋾"", -18.3706], [""𒌷𒆷𒊍𒉺"", -18.3706], [""𒈪𒋫𒀭𒉌"", -18.3706]]"
eijasasa	apːa	-20.6633	"[[""apːa"", -20.6633], [""𒌷𒀀𒉿𒅈𒈾"", -20.7122], [""𒌷𒉈𒂊𒊭𒀸"", -20.7122], [""𒀀𒀝𒉌𒅖"", -21.2055], [""𒌷𒄩𒀜𒋾"", -21.2055], [""𒌷𒆷𒊍𒉺"", -21.2055], [""𒈪𒋫𒀭𒉌"", -21.2055], [""𒋼𒊑𒀉𒋾𒌅𒌋𒉌𒅖"", -21.435], [""xapa"", -21.4974], [""uːxːi"", -21.6624]]"
eijasau	xus	-15.3935	"[[""xus"", -15.3935], [""ais"", -16.7497], [""ekːus"", -17.86], [""xaːras"", -17.9557], [""𒌷𒀀𒉿𒅈𒈾"", -18.1288], [""𒌷𒉈𒂊𒊭𒀸"", -18.1288], [""xʃap"", -18.2074], [""as"", -18.2173], [""𒈪𒋫𒀭𒉌"", -18.3706], [""𒌷𒄩𒀜𒋾"", -18.3706]]"
eijasaun	xus	-18.9007	"[[""xus"", -18.9007], [""ais"", -20.2567], [""𒌷𒉈𒂊𒊭𒀸"", -20.7122], [""𒌷𒀀𒉿𒅈𒈾"", -20.7122], [""xatːi"", -21.013], [""𒀀𒀝𒉌𒅖"", -21.2055], [""𒌷𒆷𒊍𒉺"", -21.2055], [""𒌷𒄩𒀜𒋾"", -21.2055], [""𒈪𒋫𒀭𒉌"", -21.2055], [""ekːus"", -21.3321]]"
eijasauna	xus	-22.4078	"[[""xus"", -22.4078], [""𒋼𒊑𒀉𒋾𒌅𒌋𒉌𒅖"", -23.4063], [""𒌷𒉈𒂊𒊭𒀸"", -23.4428], [""𒌷𒀀𒉿𒅈𒈾"", -23.4428], [""xatːi"", -23.7367], [""ais"", -23.7637], [""𒌷𒄩𒀜𒋾"", -24.139], [""𒌷𒆷𒊍𒉺"", -24.139], [""𒈪𒋫𒀭𒉌"", -24.139], [""𒀀𒀝𒉌𒅖"", -24.139]]"
eijasaunak	𒋼𒊑𒀉𒋾𒌅𒌋𒉌𒅖	-25.5942	"[[""𒋼𒊑𒀉𒋾𒌅𒌋𒉌𒅖"", -25.5942], [""xus"", -25.9149], [""𒌷𒀀𒉿𒅈𒈾"", -26.2798], [""𒌷𒉈𒂊𒊭𒀸"", -26.2798], [""xatːi"", -26.6812], [""iːsˤaː́"", -27.1027], [""𒌷𒆷𒊍𒉺"", -27.1456], [""𒌷𒄩𒀜𒋾"", -27.1456], [""𒈪𒋫𒀭𒉌"", -27.1456], [""𒀀𒀝𒉌𒅖"", -27.1456]]"
eik	𒀸𒋗𒉿	-8.4226	"[[""𒀸𒋗𒉿"", -8.4226], [""𒀀𒀝𒉌𒅖"", -9.899], [""𒌷𒄩𒀜𒋾"", -9.899], [""𒈪𒋫𒀭𒉌"", -9.899], [""𒌷𒆷𒊍𒉺"", -9.899], [""𒌷𒉈𒂊𒊭𒀸"", -10.7315], [""𒌷𒀀𒉿𒅈𒈾"", -10.7315], [""ku6"", -12.1474], [""aʃ"", -12.8387], [""wa"", -12.8387]]"
eike	𒀸𒋗𒉿	-10.6439	"[[""𒀸𒋗𒉿"", -10.6439], [""𒀀𒀝𒉌𒅖"", -11.1101], [""𒌷𒆷𒊍𒉺"", -11.1101], [""𒈪𒋫𒀭𒉌"", -11.1101], [""𒌷𒄩𒀜𒋾"", -11.1101], [""𒌷𒀀𒉿𒅈𒈾"", -12.2879], [""𒌷𒉈𒂊𒊭𒀸"", -12.2879], [""ku6"", -14.9765], [""𒋼𒊑𒀉𒋾𒌅𒌋𒉌𒅖"", -15.6251], [""lu"", -16.0479]]"
eiket	𒌷𒆷𒊍𒉺	-13.1999	"[[""𒌷𒆷𒊍𒉺"", -13.1999], [""𒀀𒀝𒉌𒅖"", -13.1999], [""𒌷𒄩𒀜𒋾"", -13.1999], [""𒈪𒋫𒀭𒉌"", -13.1999], [""𒀸𒋗𒉿"", -13.2697], [""𒌷𒀀𒉿𒅈𒈾"", -13.742], [""𒌷𒉈𒂊𒊭𒀸"", -13.742], [""𒋼𒊑𒀉𒋾𒌅𒌋𒉌𒅖"", -16.8346], [""ku6"", -17.9765], [""ke"", -19.3208]]"
eiketa	𒀀𒀝𒉌𒅖	-15.6764	"[[""𒀀𒀝𒉌𒅖"", -15.6764], [""𒌷𒄩𒀜𒋾"", -15.6764], [""𒈪𒋫𒀭𒉌"", -15.6764], [""𒌷𒆷𒊍𒉺"", -15.6764], [""𒌷𒀀𒉿𒅈𒈾"", -15.7621], [""𒌷𒉈𒂊𒊭𒀸"", -15.7621], [""𒀸𒋗𒉿"", -16.1017], [""𒋼𒊑𒀉𒋾𒌅𒌋𒉌𒅖"", -18.0751], [""ku6"", -21.0773], [""lu"", -22.6343]]"
eiketan	𒌷𒀀𒉿𒅈𒈾	-18.1288	"[[""𒌷𒀀𒉿𒅈𒈾"", -18.1288], [""𒌷𒉈𒂊𒊭𒀸"", -18.1288], [""𒌷𒄩𒀜𒋾"", -18.3706], [""𒀀𒀝𒉌𒅖"", -18.3706], [""𒌷𒆷𒊍𒉺"", -18.3706], [""𒈪𒋫𒀭𒉌"", -18.3706], [""𒀸𒋗𒉿"", -19.0604], [""𒋼𒊑𒀉𒋾𒌅𒌋𒉌𒅖"", -19.6834], [""ku6"", -24.2448], [""iːsˤaː́"", -25.6984]]"
eiketana	𒌷𒀀𒉿𒅈𒈾	-20.7122	"[[""𒌷𒀀𒉿𒅈𒈾"", -20.7122], [""𒌷𒉈𒂊𒊭𒀸"", -20.7122], [""𒀀𒀝𒉌𒅖"", -21.2055], [""𒌷𒄩𒀜𒋾"", -21.2055], [""𒈪𒋫𒀭𒉌"", -21.2055], [""𒌷𒆷𒊍𒉺"", -21.2055], [""𒋼𒊑𒀉𒋾𒌅𒌋𒉌𒅖"", -21.435], [""𒀸𒋗𒉿"", -22.1053], [""ku6"", -27.4599], [""iːsˤaː́"", -28.4239]]"
eiketanai	𒋼𒊑𒀉𒋾𒌅𒌋𒉌𒅖	-23.4063	"[[""𒋼𒊑𒀉𒋾𒌅𒌋𒉌𒅖"", -23.4063], [""𒌷𒉈𒂊𒊭𒀸"", -23.4428], [""𒌷𒀀𒉿𒅈𒈾"", -23.4428], [""𒀀𒀝𒉌𒅖"", -24.139], [""𒌷𒄩𒀜𒋾"", -24.139], [""𒌷𒆷𒊍𒉺"", -24.139], [""𒈪𒋫𒀭𒉌"", -24.139], [""𒀸𒋗𒉿"", -25.2127], [""ku6"", -30.7105], [""iːsˤaː́"", -31.2348]]"
eiketanaiΘ	𒋼𒊑𒀉𒋾𒌅𒌋𒉌𒅖	-25.5942	"[[""𒋼𒊑𒀉𒋾𒌅𒌋𒉌𒅖"", -25.5942], [""𒌷𒉈𒂊𒊭𒀸"", -26.2798], [""𒌷𒀀𒉿𒅈𒈾"", -26.2798], [""𒀀𒀝𒉌𒅖"", -27.1456], [""𒌷𒆷𒊍𒉺"", -27.1456], [""𒈪𒋫𒀭𒉌"", -27.1456], [""𒌷𒄩𒀜𒋾"", -27.1456], [""𒀸𒋗𒉿"", -28.3678], [""ku6"", -33.9888], [""iːsˤaː́"", -34.1135]]"
eit	𒀸𒋗𒉿	-8.4226	"[[""𒀸𒋗𒉿"", -8.4226], [""𒀀𒀝𒉌𒅖"", -9.899], [""𒌷𒄩𒀜𒋾"", -9.899], [""𒈪𒋫𒀭𒉌"", -9.899], [""𒌷𒆷𒊍𒉺"", -9.899], [""𒌷𒉈𒂊𒊭𒀸"", -10.7315], [""𒌷𒀀𒉿𒅈𒈾"", -10.7315], [""ku6"", -12.1474], [""aʃ"", -12.8387], [""wa"", -12.8387]]"
eiti	𒀸𒋗𒉿	-10.6439	"[[""𒀸𒋗𒉿"", -10.6439], [""𒀀𒀝𒉌𒅖"", -11.1101], [""𒌷𒆷𒊍𒉺"", -11.1101], [""𒈪𒋫𒀭𒉌"", -11.1101], [""𒌷𒄩𒀜𒋾"", -11.1101], [""𒌷𒀀𒉿𒅈𒈾"", -12.2879], [""𒌷𒉈𒂊𒊭𒀸"", -12.2879], [""ku6"", -14.9765], [""𒋼𒊑𒀉𒋾𒌅𒌋𒉌𒅖"", -15.6251], [""lu"", -16.0479]]"
eja	𒀸𒋗𒉿	-8.4226	"[[""𒀸𒋗𒉿"", -8.4226], [""eːʃ"", -9.1478], [""aʃ"", -9.5693], [""ʃum"", -9.7665], [""xus"", -9.7665], [""𒌷𒆷𒊍𒉺"", -9.899], [""𒀀𒀝𒉌𒅖"", -9.899], [""𒌷𒄩𒀜𒋾"", -9.899], [""𒈪𒋫𒀭𒉌"", -9.899], [""ku6"", -10.3806]]"
eka	𒀸𒋗𒉿	-8.4226	"[[""𒀸𒋗𒉿"", -8.4226], [""𒀀𒀝𒉌𒅖"", -9.899], [""𒌷𒄩𒀜𒋾"", -9.899], [""𒈪𒋫𒀭𒉌"", -9.899], [""𒌷𒆷𒊍𒉺"", -9.899], [""𒌷𒉈𒂊𒊭𒀸"", -10.7315], [""𒌷𒀀𒉿𒅈𒈾"", -10.7315], [""ku6"", -12.1474], [""aʃ"", -12.8387], [""wa"", -12.8387]]"
ekan	𒀸𒋗𒉿	-10.6439	"[[""𒀸𒋗𒉿"", -10.6439], [""𒀀𒀝𒉌𒅖"", -11.1101], [""𒌷𒆷𒊍𒉺"", -11.1101], [""𒈪𒋫𒀭𒉌"", -11.1101], [""𒌷𒄩𒀜𒋾"", -11.1101], [""𒌷𒀀𒉿𒅈𒈾"", -12.2879], [""𒌷𒉈𒂊𒊭𒀸"", -12.2879], [""ku6"", -14.9765], [""𒋼𒊑𒀉𒋾𒌅𒌋𒉌𒅖"", -15.6251], [""lu"", -16.0479]]"
ekana	𒌷𒆷𒊍𒉺	-13.1999	"[[""𒌷𒆷𒊍𒉺"", -13.1999], [""𒀀𒀝𒉌𒅖"", -13.1999], [""𒌷𒄩𒀜𒋾"", -13.1999], [""𒈪𒋫𒀭𒉌"", -13.1999], [""𒀸𒋗𒉿"", -13.2697], [""𒌷𒀀𒉿𒅈𒈾"", -13.742], [""𒌷𒉈𒂊𒊭𒀸"", -13.742], [""𒋼𒊑𒀉𒋾𒌅𒌋𒉌𒅖"", -16.8346], [""ku6"", -17.9765], [""ke"", -19.3208]]"
ekanas	𒌷𒆷𒊍𒉺	-15.6764	"[[""𒌷𒆷𒊍𒉺"", -15.6764], [""𒀀𒀝𒉌𒅖"", -15.6764], [""𒌷𒄩𒀜𒋾"", -15.6764], [""𒈪𒋫𒀭𒉌"", -15.6764], [""𒌷𒀀𒉿𒅈𒈾"", -15.7621], [""𒌷𒉈𒂊𒊭𒀸"", -15.7621], [""𒀸𒋗𒉿"", -16.1017], [""𒋼𒊑𒀉𒋾𒌅𒌋𒉌𒅖"", -18.0751], [""apːa"", -19.3325], [""paːi"", -19.3343]]"
ekanasi	𒌷𒉈𒂊𒊭𒀸	-18.1288	"[[""𒌷𒉈𒂊𒊭𒀸"", -18.1288], [""𒌷𒀀𒉿𒅈𒈾"", -18.1288], [""𒀀𒀝𒉌𒅖"", -18.3706], [""𒌷𒆷𒊍𒉺"", -18.3706], [""𒈪𒋫𒀭𒉌"", -18.3706], [""𒌷𒄩𒀜𒋾"", -18.3706], [""𒀸𒋗𒉿"", -19.0604], [""𒋼𒊑𒀉𒋾𒌅𒌋𒉌𒅖"", -19.6834], [""apːa"", -22.7937], [""paːi"", -22.8004]]"
ekanasis	𒌷𒀀𒉿𒅈𒈾	-20.7122	"[[""𒌷𒀀𒉿𒅈𒈾"", -20.7122], [""𒌷𒉈𒂊𒊭𒀸"", -20.7122], [""𒀀𒀝𒉌𒅖"", -21.2055], [""𒌷𒆷𒊍𒉺"", -21.2055], [""𒌷𒄩𒀜𒋾"", -21.2055], [""𒈪𒋫𒀭𒉌"", -21.2055], [""𒋼𒊑𒀉𒋾𒌅𒌋𒉌𒅖"", -21.435], [""𒀸𒋗𒉿"", -22.1053], [""uk"", -23.4716], [""ke"", -23.4801]]"
ekanasisi	𒋼𒊑𒀉𒋾𒌅𒌋𒉌𒅖	-23.4063	"[[""𒋼𒊑𒀉𒋾𒌅𒌋𒉌𒅖"", -23.4063], [""𒌷𒉈𒂊𒊭𒀸"", -23.4428], [""𒌷𒀀𒉿𒅈𒈾"", -23.4428], [""𒌷𒆷𒊍𒉺"", -24.139], [""𒀀𒀝𒉌𒅖"", -24.139], [""𒌷𒄩𒀜𒋾"", -24.139], [""𒈪𒋫𒀭𒉌"", -24.139], [""𒀸𒋗𒉿"", -25.2127], [""ku6"", -26.2797], [""uk"", -26.9743]]"
ekanasisir	𒋼𒊑𒀉𒋾𒌅𒌋𒉌𒅖	-25.5942	"[[""𒋼𒊑𒀉𒋾𒌅𒌋𒉌𒅖"", -25.5942], [""𒌷𒉈𒂊𒊭𒀸"", -26.2798], [""𒌷𒀀𒉿𒅈𒈾"", -26.2798], [""𒈪𒋫𒀭𒉌"", -27.1456], [""𒌷𒄩𒀜𒋾"", -27.1456], [""𒌷𒆷𒊍𒉺"", -27.1456], [""𒀀𒀝𒉌𒅖"", -27.1456], [""apːa"", -27.6012], [""paːi"", -27.6162], [""pai"", -28.3208]]"
era	𒀸𒋗𒉿	-8.4226	"[[""𒀸𒋗𒉿"", -8.4226], [""ku6"", -9.6204], [""𒌷𒄩𒀜𒋾"", -9.899], [""𒀀𒀝𒉌𒅖"", -9.899], [""𒌷𒆷𒊍𒉺"", -9.899], [""𒈪𒋫𒀭𒉌"", -9.899], [""ke"", -10.2889], [""uk"", -10.2889], [""praː"", -10.3051], [""eːʃ"", -10.5077]]"
erat	𒀸𒋗𒉿	-10.6439	"[[""𒀸𒋗𒉿"", -10.6439], [""𒌷𒄩𒀜𒋾"", -11.1101], [""𒀀𒀝𒉌𒅖"", -11.1101], [""𒈪𒋫𒀭𒉌"", -11.1101], [""𒌷𒆷𒊍𒉺"", -11.1101], [""𒌷𒉈𒂊𒊭𒀸"", -12.2879], [""𒌷𒀀𒉿𒅈𒈾"", -12.2879], [""ku6"", -12.3832], [""praː"", -12.8873], [""eːʃ"", -13.2252]]"
erate	𒌷𒄩𒀜𒋾	-13.1999	"[[""𒌷𒄩𒀜𒋾"", -13.1999], [""𒀀𒀝𒉌𒅖"", -13.1999], [""𒈪𒋫𒀭𒉌"", -13.1999], [""𒌷𒆷𒊍𒉺"", -13.1999], [""𒀸𒋗𒉿"", -13.2697], [""𒌷𒉈𒂊𒊭𒀸"", -13.742], [""𒌷𒀀𒉿𒅈𒈾"", -13.742], [""ku6"", -15.3852], [""praː"", -15.7909], [""eːʃ"", -16.1674]]"
ere	𒀸𒋗𒉿	-8.4226	"[[""𒀸𒋗𒉿"", -8.4226], [""ku6"", -9.6204], [""𒌷𒄩𒀜𒋾"", -9.899], [""𒀀𒀝𒉌𒅖"", -9.899], [""𒌷𒆷𒊍𒉺"", -9.899], [""𒈪𒋫𒀭𒉌"", -9.899], [""ke"", -10.2889], [""uk"", -10.2889], [""praː"", -10.3051], [""eːʃ"", -10.5077]]"
erep	𒀸𒋗𒉿	-10.6439	"[[""𒀸𒋗𒉿"", -10.6439], [""𒌷𒄩𒀜𒋾"", -11.1101], [""𒀀𒀝𒉌𒅖"", -11.1101], [""𒈪𒋫𒀭𒉌"", -11.1101], [""𒌷𒆷𒊍𒉺"", -11.1101], [""𒌷𒉈𒂊𒊭𒀸"", -12.2879], [""𒌷𒀀𒉿𒅈𒈾"", -12.2879], [""ku6"", -12.3832], [""praː"", -12.8873], [""eːʃ"", -13.2252]]"
esi	𒀸𒋗𒉿	-8.4226	"[[""𒀸𒋗𒉿"", -8.4226], [""ku6"", -9.6204], [""𒌷𒄩𒀜𒋾"", -9.899], [""𒀀𒀝𒉌𒅖"", -9.899], [""𒌷𒆷𒊍𒉺"", -9.899], [""𒈪𒋫𒀭𒉌"", -9.899], [""ke"", -10.2889], [""uk"", -10.2889], [""praː"", -10.3051], [""eːʃ"", -10.5077]]"
esir	uk	-9.468	"[[""uk"", -9.468], [""ke"", -9.4697], [""𒀸𒋗𒉿"", -10.6439], [""paːi"", -10.8577], [""apːa"", -10.861], [""𒌷𒄩𒀜𒋾"", -11.1101], [""𒌷𒆷𒊍𒉺"", -11.1101], [""𒈪𒋫𒀭𒉌"", -11.1101], [""𒀀𒀝𒉌𒅖"", -11.1101], [""pai"", -11.3166]]"
esira	ku6	-12.2952	"[[""ku6"", -12.2952], [""ke"", -12.9705], [""uk"", -12.9705], [""𒀀𒀝𒉌𒅖"", -13.1999], [""𒌷𒄩𒀜𒋾"", -13.1999], [""𒈪𒋫𒀭𒉌"", -13.1999], [""𒌷𒆷𒊍𒉺"", -13.1999], [""𒀸𒋗𒉿"", -13.2697], [""𒌷𒀀𒉿𒅈𒈾"", -13.742], [""𒌷𒉈𒂊𒊭𒀸"", -13.742]]"
eta	𒀸𒋗𒉿	-8.4226	"[[""𒀸𒋗𒉿"", -8.4226], [""𒀀𒀝𒉌𒅖"", -9.899], [""𒌷𒄩𒀜𒋾"", -9.899], [""𒈪𒋫𒀭𒉌"", -9.899], [""𒌷𒆷𒊍𒉺"", -9.899], [""𒌷𒉈𒂊𒊭𒀸"", -10.7315], [""𒌷𒀀𒉿𒅈𒈾"", -10.7315], [""ku6"", -12.1474], [""aʃ"", -12.8387], [""wa"", -12.8387]]"
etan	𒀸𒋗𒉿	-10.6439	"[[""𒀸𒋗𒉿"", -10.6439], [""𒀀𒀝𒉌𒅖"", -11.1101], [""𒌷𒆷𒊍𒉺"", -11.1101], [""𒈪𒋫𒀭𒉌"", -11.1101], [""𒌷𒄩𒀜𒋾"", -11.1101], [""𒌷𒀀𒉿𒅈𒈾"", -12.2879], [""𒌷𒉈𒂊𒊭𒀸"", -12.2879], [""ku6"", -14.9765], [""𒋼𒊑𒀉𒋾𒌅𒌋𒉌𒅖"", -15.6251], [""lu"", -16.0479]]"
etana	𒌷𒆷𒊍𒉺	-13.1999	"[[""𒌷𒆷𒊍𒉺"", -13.1999], [""𒀀𒀝𒉌𒅖"", -13.1999], [""𒌷𒄩𒀜𒋾"", -13.1999], [""𒈪𒋫𒀭𒉌"", -13.1999], [""𒀸𒋗𒉿"", -13.2697], [""𒌷𒀀𒉿𒅈𒈾"", -13.742], [""𒌷𒉈𒂊𒊭𒀸"", -13.742], [""𒋼𒊑𒀉𒋾𒌅𒌋𒉌𒅖"", -16.8346], [""ku6"", -17.9765], [""ke"", -19.3208]]"
etanai	𒀀𒀝𒉌𒅖	-15.6764	"[[""𒀀𒀝𒉌𒅖"", -15.6764], [""𒌷𒄩𒀜𒋾"", -15.6764], [""𒈪𒋫𒀭𒉌"", -15.6764], [""𒌷𒆷𒊍𒉺"", -15.6764], [""𒌷𒀀𒉿𒅈𒈾"", -15.7621], [""𒌷𒉈𒂊𒊭𒀸"", -15.7621], [""𒀸𒋗𒉿"", -16.1017], [""𒋼𒊑𒀉𒋾𒌅𒌋𒉌𒅖"", -18.0751], [""ku6"", -21.0773], [""lu"", -22.6343]]"
etanaiΘ	𒌷𒀀𒉿𒅈𒈾	-18.1288	"[[""𒌷𒀀𒉿𒅈𒈾"", -18.1288], [""𒌷𒉈𒂊𒊭𒀸"", -18.1288], [""𒌷𒄩𒀜𒋾"", -18.3706], [""𒀀𒀝𒉌𒅖"", -18.3706], [""𒌷𒆷𒊍𒉺"", -18.3706], [""𒈪𒋫𒀭𒉌"", -18.3706], [""𒀸𒋗𒉿"", -19.0604], [""𒋼𒊑𒀉𒋾𒌅𒌋𒉌𒅖"", -19.6834], [""ku6"", -24.2448], [""iːsˤaː́"", -25.6984]]"
etanaiΘt	𒌷𒀀𒉿𒅈𒈾	-20.7122	"[[""𒌷𒀀𒉿𒅈𒈾"", -20.7122], [""𒌷𒉈𒂊𒊭𒀸"", -20.7122], [""𒀀𒀝𒉌𒅖"", -21.2055], [""𒌷𒄩𒀜𒋾"", -21.2055], [""𒈪𒋫𒀭𒉌"", -21.2055], [""𒌷𒆷𒊍𒉺"", -21.2055], [""𒋼𒊑𒀉𒋾𒌅𒌋𒉌𒅖"", -21.435], [""𒀸𒋗𒉿"", -22.1053], [""ku6"", -27.4599], [""iːsˤaː́"", -28.4239]]"
etanaiΘti	𒋼𒊑𒀉𒋾𒌅𒌋𒉌𒅖	-23.4063	"[[""𒋼𒊑𒀉𒋾𒌅𒌋𒉌𒅖"", -23.4063], [""𒌷𒉈𒂊𒊭𒀸"", -23.4428], [""𒌷𒀀𒉿𒅈𒈾"", -23.4428], [""𒀀𒀝𒉌𒅖"", -24.139], [""𒌷𒄩𒀜𒋾"", -24.139], [""𒌷𒆷𒊍𒉺"", -24.139], [""𒈪𒋫𒀭𒉌"", -24.139], [""𒀸𒋗𒉿"", -25.2127], [""ku6"", -30.7105], [""iːsˤaː́"", -31.2348]]"
etanaiΘtij	𒋼𒊑𒀉𒋾𒌅𒌋𒉌𒅖	-25.5942	"[[""𒋼𒊑𒀉𒋾𒌅𒌋𒉌𒅖"", -25.5942], [""𒌷𒉈𒂊𒊭𒀸"", -26.2798], [""𒌷𒀀𒉿𒅈𒈾"", -26.2798], [""𒌷𒆷𒊍𒉺"", -27.1456], [""𒈪𒋫𒀭𒉌"", -27.1456], [""𒌷𒄩𒀜𒋾"", -27.1456], [""𒀀𒀝𒉌𒅖"", -27.1456], [""𒀸𒋗𒉿"", -28.3678], [""eːʃ"", -30.529], [""xuːʃ"", -30.704]]"
ete	𒀸𒋗𒉿	-8.4226	"[[""𒀸𒋗𒉿"", -8.4226], [""𒀀𒀝𒉌𒅖"", -9.899], [""𒌷𒄩𒀜𒋾"", -9.899], [""𒈪𒋫𒀭𒉌"", -9.899], [""𒌷𒆷𒊍𒉺"", -9.899], [""𒌷𒉈𒂊𒊭𒀸"", -10.7315], [""𒌷𒀀𒉿𒅈𒈾"", -10.7315], [""ku6"", -12.1474], [""aʃ"", -12.8387], [""wa"", -12.8387]]"
eter	𒀸𒋗𒉿	-10.6439	"[[""𒀸𒋗𒉿"", -10.6439], [""𒀀𒀝𒉌𒅖"", -11.1101], [""𒌷𒆷𒊍𒉺"", -11.1101], [""𒌷𒄩𒀜𒋾"", -11.1101], [""𒈪𒋫𒀭𒉌"", -11.1101], [""𒌷𒉈𒂊𒊭𒀸"", -12.2879], [""𒌷𒀀𒉿𒅈𒈾"", -12.2879], [""apːa"", -13.4828], [""paːi"", -13.4858], [""uk"", -13.4922]]"
etere	𒀀𒀝𒉌𒅖	-13.1999	"[[""𒀀𒀝𒉌𒅖"", -13.1999], [""𒈪𒋫𒀭𒉌"", -13.1999], [""𒌷𒄩𒀜𒋾"", -13.1999], [""𒌷𒆷𒊍𒉺"", -13.1999], [""𒀸𒋗𒉿"", -13.2697], [""𒌷𒀀𒉿𒅈𒈾"", -13.742], [""𒌷𒉈𒂊𒊭𒀸"", -13.742], [""ku6"", -16.1858], [""praː"", -16.673], [""𒋼𒊑𒀉𒋾𒌅𒌋𒉌𒅖"", -16.8346]]"
eterep	𒌷𒆷𒊍𒉺	-15.6764	"[[""𒌷𒆷𒊍𒉺"", -15.6764], [""𒀀𒀝𒉌𒅖"", -15.6764], [""𒌷𒄩𒀜𒋾"", -15.6764], [""𒈪𒋫𒀭𒉌"", -15.6764], [""𒌷𒉈𒂊𒊭𒀸"", -15.7621], [""𒌷𒀀𒉿𒅈𒈾"", -15.7621], [""𒀸𒋗𒉿"", -16.1017], [""𒋼𒊑𒀉𒋾𒌅𒌋𒉌𒅖"", -18.0751], [""ku6"", -19.0094], [""praː"", -19.3701]]"
eto	𒀸𒋗𒉿	-8.4226	"[[""𒀸𒋗𒉿"", -8.4226], [""im"", -9.3158], [""uul"", -9.6187], [""peːr"", -9.6646], [""ker"", -9.7286], [""tur"", -9.7286], [""ʃum"", -9.7286], [""𒌷𒆷𒊍𒉺"", -9.899], [""𒌷𒄩𒀜𒋾"", -9.899], [""𒈪𒋫𒀭𒉌"", -9.899]]"
etoi	𒀸𒋗𒉿	-10.6439	"[[""𒀸𒋗𒉿"", -10.6439], [""𒀀𒀝𒉌𒅖"", -11.1101], [""𒌷𒆷𒊍𒉺"", -11.1101], [""𒈪𒋫𒀭𒉌"", -11.1101], [""𒌷𒄩𒀜𒋾"", -11.1101], [""𒌷𒀀𒉿𒅈𒈾"", -12.2879], [""𒌷𒉈𒂊𒊭𒀸"", -12.2879], [""iwr̩"", -12.4018], [""im"", -12.7424], [""lu"", -12.9736]]"
etoij	eːʃ	-11.2144	"[[""eːʃ"", -11.2144], [""aʃ"", -11.8888], [""lu"", -11.8923], [""wa"", -11.8923], [""𒌷𒄩𒀜𒋾"", -13.1999], [""𒈪𒋫𒀭𒉌"", -13.1999], [""𒌷𒆷𒊍𒉺"", -13.1999], [""𒀀𒀝𒉌𒅖"", -13.1999], [""𒀸𒋗𒉿"", -13.2697], [""araːʃ"", -13.3318]]"
etoija	eːʃ	-14.7181	"[[""eːʃ"", -14.7181], [""aʃ"", -15.395], [""wa"", -15.3968], [""lu"", -15.3968], [""𒀀𒀝𒉌𒅖"", -15.6764], [""𒌷𒄩𒀜𒋾"", -15.6764], [""𒌷𒆷𒊍𒉺"", -15.6764], [""𒈪𒋫𒀭𒉌"", -15.6764], [""𒌷𒀀𒉿𒅈𒈾"", -15.7621], [""𒌷𒉈𒂊𒊭𒀸"", -15.7621]]"
etu	𒀸𒋗𒉿	-8.4226	"[[""𒀸𒋗𒉿"", -8.4226], [""as"", -9.3933], [""kut"", -9.5934], [""ais"", -9.7388], [""xus"", -9.7388], [""𒀀𒀝𒉌𒅖"", -9.899], [""𒌷𒆷𒊍𒉺"", -9.899], [""𒌷𒄩𒀜𒋾"", -9.899], [""𒈪𒋫𒀭𒉌"", -9.899], [""tuk"", -9.9531]]"
etum	𒀸𒋗𒉿	-10.6439	"[[""𒀸𒋗𒉿"", -10.6439], [""𒀀𒀝𒉌𒅖"", -11.1101], [""𒈪𒋫𒀭𒉌"", -11.1101], [""𒌷𒄩𒀜𒋾"", -11.1101], [""𒌷𒆷𒊍𒉺"", -11.1101], [""𒌷𒀀𒉿𒅈𒈾"", -12.2879], [""𒌷𒉈𒂊𒊭𒀸"", -12.2879], [""as"", -12.8904], [""kut"", -12.9682], [""tuk"", -12.9891]]"
etume	𒌷𒆷𒊍𒉺	-13.1999	"[[""𒌷𒆷𒊍𒉺"", -13.1999], [""𒀀𒀝𒉌𒅖"", -13.1999], [""𒈪𒋫𒀭𒉌"", -13.1999], [""𒌷𒄩𒀜𒋾"", -13.1999], [""𒀸𒋗𒉿"", -13.2697], [""𒌷𒉈𒂊𒊭𒀸"", -13.742], [""𒌷𒀀𒉿𒅈𒈾"", -13.742], [""tuk"", -16.1696], [""ku6"", -16.2705], [""kut"", -16.3551]]"
etumei	𒀀𒀝𒉌𒅖	-15.6764	"[[""𒀀𒀝𒉌𒅖"", -15.6764], [""𒈪𒋫𒀭𒉌"", -15.6764], [""𒌷𒆷𒊍𒉺"", -15.6764], [""𒌷𒄩𒀜𒋾"", -15.6764], [""𒌷𒀀𒉿𒅈𒈾"", -15.7621], [""𒌷𒉈𒂊𒊭𒀸"", -15.7621], [""𒀸𒋗𒉿"", -16.1017], [""𒋼𒊑𒀉𒋾𒌅𒌋𒉌𒅖"", -18.0751], [""iːsˤaː́"", -18.8408], [""ku6"", -19.2381]]"
etumeij	𒌷𒉈𒂊𒊭𒀸	-18.1288	"[[""𒌷𒉈𒂊𒊭𒀸"", -18.1288], [""𒌷𒀀𒉿𒅈𒈾"", -18.1288], [""𒌷𒆷𒊍𒉺"", -18.3706], [""𒀀𒀝𒉌𒅖"", -18.3706], [""𒌷𒄩𒀜𒋾"", -18.3706], [""𒈪𒋫𒀭𒉌"", -18.3706], [""aːsːa"", -18.6244], [""𒀸𒋗𒉿"", -19.0604], [""sakːi"", -19.6056], [""𒋼𒊑𒀉𒋾𒌅𒌋𒉌𒅖"", -19.6834]]"
etumeija	𒌷𒀀𒉿𒅈𒈾	-20.7122	"[[""𒌷𒀀𒉿𒅈𒈾"", -20.7122], [""𒌷𒉈𒂊𒊭𒀸"", -20.7122], [""𒀀𒀝𒉌𒅖"", -21.2055], [""𒌷𒄩𒀜𒋾"", -21.2055], [""𒌷𒆷𒊍𒉺"", -21.2055], [""𒈪𒋫𒀭𒉌"", -21.2055], [""𒋼𒊑𒀉𒋾𒌅𒌋𒉌𒅖"", -21.435], [""𒀸𒋗𒉿"", -22.1053], [""aːsːa"", -22.1258], [""ku6"", -22.7945]]"
etumeijas	𒋼𒊑𒀉𒋾𒌅𒌋𒉌𒅖	-23.4063	"[[""𒋼𒊑𒀉𒋾𒌅𒌋𒉌𒅖"", -23.4063], [""𒌷𒀀𒉿𒅈𒈾"", -23.4428], [""𒌷𒉈𒂊𒊭𒀸"", -23.4428], [""tuk"", -23.4921], [""tai"", -23.7614], [""patːaːi"", -23.7902], [""paːi"", -24.1323], [""𒌷𒆷𒊍𒉺"", -24.139], [""𒌷𒄩𒀜𒋾"", -24.139], [""𒈪𒋫𒀭𒉌"", -24.139]]"
etumeijasa	𒋼𒊑𒀉𒋾𒌅𒌋𒉌𒅖	-25.5942	"[[""𒋼𒊑𒀉𒋾𒌅𒌋𒉌𒅖"", -25.5942], [""𒌷𒉈𒂊𒊭𒀸"", -26.2798], [""𒌷𒀀𒉿𒅈𒈾"", -26.2798], [""iːsˤaː́"", -26.6806], [""tuk"", -26.9946], [""𒌷𒆷𒊍𒉺"", -27.1456], [""𒀀𒀝𒉌𒅖"", -27.1456], [""𒈪𒋫𒀭𒉌"", -27.1456], [""𒌷𒄩𒀜𒋾"", -27.1456], [""tai"", -27.2622]]"
eun	𒀸𒋗𒉿	-8.4226	"[[""𒀸𒋗𒉿"", -8.4226], [""tuk"", -9.6213], [""tur"", -9.7806], [""tai"", -9.7806], [""as"", -9.783], [""𒀀𒀝𒉌𒅖"", -9.899], [""𒌷𒆷𒊍𒉺"", -9.899], [""𒈪𒋫𒀭𒉌"", -9.899], [""𒌷𒄩𒀜𒋾"", -9.899], [""kut"", -9.9363]]"
euna	𒀸𒋗𒉿	-10.6439	"[[""𒀸𒋗𒉿"", -10.6439], [""𒀀𒀝𒉌𒅖"", -11.1101], [""𒌷𒆷𒊍𒉺"", -11.1101], [""𒈪𒋫𒀭𒉌"", -11.1101], [""𒌷𒄩𒀜𒋾"", -11.1101], [""𒌷𒉈𒂊𒊭𒀸"", -12.2879], [""𒌷𒀀𒉿𒅈𒈾"", -12.2879], [""tuk"", -12.7612], [""ku6"", -12.8374], [""tur"", -12.8687]]"
eunak	𒀀𒀝𒉌𒅖	-13.1999	"[[""𒀀𒀝𒉌𒅖"", -13.1999], [""𒌷𒄩𒀜𒋾"", -13.1999], [""𒌷𒆷𒊍𒉺"", -13.1999], [""𒈪𒋫𒀭𒉌"", -13.1999], [""𒀸𒋗𒉿"", -13.2697], [""𒌷𒉈𒂊𒊭𒀸"", -13.742], [""𒌷𒀀𒉿𒅈𒈾"", -13.742], [""ku6"", -15.7846], [""tuk"", -15.994], [""tur"", -16.0745]]"
eunaka	𒀀𒀝𒉌𒅖	-15.6764	"[[""𒀀𒀝𒉌𒅖"", -15.6764], [""𒈪𒋫𒀭𒉌"", -15.6764], [""𒌷𒄩𒀜𒋾"", -15.6764], [""𒌷𒆷𒊍𒉺"", -15.6764], [""𒌷𒉈𒂊𒊭𒀸"", -15.7621], [""𒌷𒀀𒉿𒅈𒈾"", -15.7621], [""𒀸𒋗𒉿"", -16.1017], [""𒋼𒊑𒀉𒋾𒌅𒌋𒉌𒅖"", -18.0751], [""iːsˤaː́"", -18.7486], [""ku6"", -18.8548]]"
eunakan	𒌷𒀀𒉿𒅈𒈾	-18.1288	"[[""𒌷𒀀𒉿𒅈𒈾"", -18.1288], [""𒌷𒉈𒂊𒊭𒀸"", -18.1288], [""𒀀𒀝𒉌𒅖"", -18.3706], [""𒈪𒋫𒀭𒉌"", -18.3706], [""𒌷𒆷𒊍𒉺"", -18.3706], [""𒌷𒄩𒀜𒋾"", -18.3706], [""𒀸𒋗𒉿"", -19.0604], [""𒋼𒊑𒀉𒋾𒌅𒌋𒉌𒅖"", -19.6834], [""iːsˤaː́"", -21.4297], [""ku6"", -22.0036]]"
eunakana	𒌷𒀀𒉿𒅈𒈾	-20.7122	"[[""𒌷𒀀𒉿𒅈𒈾"", -20.7122], [""𒌷𒉈𒂊𒊭𒀸"", -20.7122], [""𒌷𒄩𒀜𒋾"", -21.2055], [""𒀀𒀝𒉌𒅖"", -21.2055], [""𒈪𒋫𒀭𒉌"", -21.2055], [""𒌷𒆷𒊍𒉺"", -21.2055], [""𒋼𒊑𒀉𒋾𒌅𒌋𒉌𒅖"", -21.435], [""𒀸𒋗𒉿"", -22.1053], [""iːsˤaː́"", -24.2569], [""ku6"", -25.2069]]"
eunakanas	𒋼𒊑𒀉𒋾𒌅𒌋𒉌𒅖	-23.4063	"[[""𒋼𒊑𒀉𒋾𒌅𒌋𒉌𒅖"", -23.4063], [""𒌷𒉈𒂊𒊭𒀸"", -23.4428], [""𒌷𒀀𒉿𒅈𒈾"", -23.4428], [""𒌷𒆷𒊍𒉺"", -24.139], [""𒀀𒀝𒉌𒅖"", -24.139], [""𒌷𒄩𒀜𒋾"", -24.139], [""𒈪𒋫𒀭𒉌"", -24.139], [""𒀸𒋗𒉿"", -25.2127], [""sakːi"", -25.5486], [""aːsːa"", -25.8873]]"
eunakanasi	𒋼𒊑𒀉𒋾𒌅𒌋𒉌𒅖	-25.5942	"[[""𒋼𒊑𒀉𒋾𒌅𒌋𒉌𒅖"", -25.5942], [""𒌷𒀀𒉿𒅈𒈾"", -26.2798], [""𒌷𒉈𒂊𒊭𒀸"", -26.2798], [""𒀀𒀝𒉌𒅖"", -27.1456], [""𒌷𒄩𒀜𒋾"", -27.1456], [""𒌷𒆷𒊍𒉺"", -27.1456], [""𒈪𒋫𒀭𒉌"", -27.1456], [""𒀸𒋗𒉿"", -28.3678], [""sakːi"", -29.0296], [""aːsːa"", -29.3901]]"
eunar	ke	-12.9766	"[[""ke"", -12.9766], [""aːsːa"", -12.9772], [""𒀀𒀝𒉌𒅖"", -13.1999], [""𒌷𒄩𒀜𒋾"", -13.1999], [""𒈪𒋫𒀭𒉌"", -13.1999], [""𒌷𒆷𒊍𒉺"", -13.1999], [""𒀸𒋗𒉿"", -13.2697], [""sakːi"", -13.3501], [""tuk"", -13.6705], [""𒌷𒉈𒂊𒊭𒀸"", -13.742]]"
eunaru	tuk	-12.9717	"[[""tuk"", -12.9717], [""kut"", -12.9736], [""tasːus"", -13.0505], [""asːus"", -13.3235], [""atːas"", -13.3235], [""salːis"", -13.5616], [""tepus"", -13.7743], [""pekːus"", -14.1281], [""sjeus"", -14.1992], [""ekːus"", -14.3263]]"
eunaruk	tasːus	-16.3795	"[[""tasːus"", -16.3795], [""tuk"", -16.4765], [""kut"", -16.4805], [""atːas"", -16.8228], [""asːus"", -16.8228], [""salːis"", -17.0669], [""tepus"", -17.2126], [""pekːus"", -17.5705], [""sjeus"", -17.7052], [""patas"", -17.734]]"
eunaruka	tasːus	-19.605	"[[""tasːus"", -19.605], [""tuk"", -19.9813], [""kut"", -19.9874], [""asːus"", -20.3146], [""atːas"", -20.3146], [""salːis"", -20.5709], [""tepus"", -20.6534], [""𒌷𒉈𒂊𒊭𒀸"", -20.7122], [""𒌷𒀀𒉿𒅈𒈾"", -20.7122], [""pekːus"", -20.9608]]"
eunarukan	tasːus	-22.7967	"[[""tasːus"", -22.7967], [""𒋼𒊑𒀉𒋾𒌅𒌋𒉌𒅖"", -23.4063], [""𒌷𒉈𒂊𒊭𒀸"", -23.4428], [""𒌷𒀀𒉿𒅈𒈾"", -23.4428], [""tuk"", -23.4861], [""kut"", -23.4943], [""atːas"", -23.7991], [""asːus"", -23.7991], [""iːsˤaː́"", -23.8755], [""salːis"", -24.0732]]"
eunarukana	𒋼𒊑𒀉𒋾𒌅𒌋𒉌𒅖	-25.5942	"[[""𒋼𒊑𒀉𒋾𒌅𒌋𒉌𒅖"", -25.5942], [""tasːus"", -25.9931], [""𒌷𒉈𒂊𒊭𒀸"", -26.2798], [""𒌷𒀀𒉿𒅈𒈾"", -26.2798], [""iːsˤaː́"", -26.8625], [""tuk"", -26.9909], [""kut"", -27.0011], [""𒈪𒋫𒀭𒉌"", -27.1456], [""𒀀𒀝𒉌𒅖"", -27.1456], [""𒌷𒆷𒊍𒉺"", -27.1456]]"
ida	𒀸𒋗𒉿	-8.4226	"[[""𒀸𒋗𒉿"", -8.4226], [""𒀀𒀝𒉌𒅖"", -9.899], [""𒌷𒄩𒀜𒋾"", -9.899], [""𒈪𒋫𒀭𒉌"", -9.899], [""𒌷𒆷𒊍𒉺"", -9.899], [""𒌷𒉈𒂊𒊭𒀸"", -10.7315], [""𒌷𒀀𒉿𒅈𒈾"", -10.7315], [""ku6"", -12.1474], [""aʃ"", -12.8387], [""wa"", -12.8387]]"
idaa	𒀸𒋗𒉿	-10.6439	"[[""𒀸𒋗𒉿"", -10.6439], [""𒀀𒀝𒉌𒅖"", -11.1101], [""𒌷𒆷𒊍𒉺"", -11.1101], [""𒈪𒋫𒀭𒉌"", -11.1101], [""𒌷𒄩𒀜𒋾"", -11.1101], [""𒌷𒀀𒉿𒅈𒈾"", -12.2879], [""𒌷𒉈𒂊𒊭𒀸"", -12.2879], [""ku6"", -14.9765], [""𒋼𒊑𒀉𒋾𒌅𒌋𒉌𒅖"", -15.6251], [""lu"", -16.0479]]"
idaau	𒀀𒀝𒉌𒅖	-13.1999	"[[""𒀀𒀝𒉌𒅖"", -13.1999], [""𒈪𒋫𒀭𒉌"", -13.1999], [""𒌷𒆷𒊍𒉺"", -13.1999], [""𒌷𒄩𒀜𒋾"", -13.1999], [""𒀸𒋗𒉿"", -13.2697], [""𒌷𒉈𒂊𒊭𒀸"", -13.742], [""𒌷𒀀𒉿𒅈𒈾"", -13.742], [""as"", -15.898], [""kut"", -15.9667], [""ais"", -16.0405]]"
idaj	𒀸𒋗𒉿	-10.6439	"[[""𒀸𒋗𒉿"", -10.6439], [""𒀀𒀝𒉌𒅖"", -11.1101], [""𒌷𒄩𒀜𒋾"", -11.1101], [""𒌷𒆷𒊍𒉺"", -11.1101], [""𒈪𒋫𒀭𒉌"", -11.1101], [""eːʃ"", -11.3418], [""xuːʃ"", -12.1291], [""𒌷𒉈𒂊𒊭𒀸"", -12.2879], [""𒌷𒀀𒉿𒅈𒈾"", -12.2879], [""aʃ"", -12.5547]]"
idaja	𒀀𒀝𒉌𒅖	-13.1999	"[[""𒀀𒀝𒉌𒅖"", -13.1999], [""𒌷𒆷𒊍𒉺"", -13.1999], [""𒌷𒄩𒀜𒋾"", -13.1999], [""𒈪𒋫𒀭𒉌"", -13.1999], [""𒀸𒋗𒉿"", -13.2697], [""𒌷𒀀𒉿𒅈𒈾"", -13.742], [""𒌷𒉈𒂊𒊭𒀸"", -13.742], [""eːʃ"", -14.7994], [""xuːʃ"", -15.595], [""aʃ"", -15.9998]]"
idajaj	eːʃ	-14.6789	"[[""eːʃ"", -14.6789], [""aʃ"", -15.3794], [""uːxːi"", -15.4756], [""xuːʃ"", -15.5958], [""𒀀𒀝𒉌𒅖"", -15.6764], [""𒌷𒄩𒀜𒋾"", -15.6764], [""𒌷𒆷𒊍𒉺"", -15.6764], [""𒈪𒋫𒀭𒉌"", -15.6764], [""𒌷𒉈𒂊𒊭𒀸"", -15.7621], [""𒌷𒀀𒉿𒅈𒈾"", -15.7621]]"
idajaja	𒌷𒉈𒂊𒊭𒀸	-18.1288	"[[""𒌷𒉈𒂊𒊭𒀸"", -18.1288], [""𒌷𒀀𒉿𒅈𒈾"", -18.1288], [""eːʃ"", -18.1828], [""𒈪𒋫𒀭𒉌"", -18.3706], [""𒌷𒄩𒀜𒋾"", -18.3706], [""𒌷𒆷𒊍𒉺"", -18.3706], [""𒀀𒀝𒉌𒅖"", -18.3706], [""uːxːi"", -18.8007], [""aʃ"", -18.8856], [""xuːʃ"", -19.0004]]"
idajas	uːxːi	-15.5444	"[[""uːxːi"", -15.5444], [""𒀀𒀝𒉌𒅖"", -15.6764], [""𒌷𒄩𒀜𒋾"", -15.6764], [""𒈪𒋫𒀭𒉌"", -15.6764], [""𒌷𒆷𒊍𒉺"", -15.6764], [""𒌷𒀀𒉿𒅈𒈾"", -15.7621], [""𒌷𒉈𒂊𒊭𒀸"", -15.7621], [""𒀸𒋗𒉿"", -16.1017], [""uk"", -16.4835], [""uxːi"", -16.6605]]"
idau	𒀸𒋗𒉿	-10.6439	"[[""𒀸𒋗𒉿"", -10.6439], [""𒀀𒀝𒉌𒅖"", -11.1101], [""𒌷𒆷𒊍𒉺"", -11.1101], [""𒈪𒋫𒀭𒉌"", -11.1101], [""𒌷𒄩𒀜𒋾"", -11.1101], [""𒌷𒀀𒉿𒅈𒈾"", -12.2879], [""𒌷𒉈𒂊𒊭𒀸"", -12.2879], [""as"", -12.6134], [""kut"", -12.7336], [""ais"", -12.8319]]"
idi	𒀸𒋗𒉿	-8.4226	"[[""𒀸𒋗𒉿"", -8.4226], [""𒀀𒀝𒉌𒅖"", -9.899], [""𒌷𒄩𒀜𒋾"", -9.899], [""𒈪𒋫𒀭𒉌"", -9.899], [""𒌷𒆷𒊍𒉺"", -9.899], [""𒌷𒉈𒂊𒊭𒀸"", -10.7315], [""𒌷𒀀𒉿𒅈𒈾"", -10.7315], [""ku6"", -12.1474], [""aʃ"", -12.8387], [""wa"", -12.8387]]"
iip	𒀸𒋗𒉿	-8.4226	"[[""𒀸𒋗𒉿"", -8.4226], [""𒀀𒀝𒉌𒅖"", -9.899], [""𒌷𒄩𒀜𒋾"", -9.899], [""𒈪𒋫𒀭𒉌"", -9.899], [""𒌷𒆷𒊍𒉺"", -9.899], [""𒌷𒉈𒂊𒊭𒀸"", -10.7315], [""𒌷𒀀𒉿𒅈𒈾"", -10.7315], [""ku6"", -12.1474], [""aʃ"", -12.8387], [""wa"", -12.8387]]"
iipi	𒀸𒋗𒉿	-10.6439	"[[""𒀸𒋗𒉿"", -10.6439], [""𒀀𒀝𒉌𒅖"", -11.1101], [""𒌷𒆷𒊍𒉺"", -11.1101], [""𒈪𒋫𒀭𒉌"", -11.1101], [""𒌷𒄩𒀜𒋾"", -11.1101], [""𒌷𒀀𒉿𒅈𒈾"", -12.2879], [""𒌷𒉈𒂊𒊭𒀸"", -12.2879], [""ku6"", -14.9765], [""𒋼𒊑𒀉𒋾𒌅𒌋𒉌𒅖"", -15.6251], [""lu"", -16.0479]]"
iipin	𒌷𒆷𒊍𒉺	-13.1999	"[[""𒌷𒆷𒊍𒉺"", -13.1999], [""𒀀𒀝𒉌𒅖"", -13.1999], [""𒌷𒄩𒀜𒋾"", -13.1999], [""𒈪𒋫𒀭𒉌"", -13.1999], [""𒀸𒋗𒉿"", -13.2697], [""𒌷𒀀𒉿𒅈𒈾"", -13.742], [""𒌷𒉈𒂊𒊭𒀸"", -13.742], [""𒋼𒊑𒀉𒋾𒌅𒌋𒉌𒅖"", -16.8346], [""ku6"", -17.9765], [""ke"", -19.3208]]"
iipina	𒀀𒀝𒉌𒅖	-15.6764	"[[""𒀀𒀝𒉌𒅖"", -15.6764], [""𒌷𒄩𒀜𒋾"", -15.6764], [""𒈪𒋫𒀭𒉌"", -15.6764], [""𒌷𒆷𒊍𒉺"", -15.6764], [""𒌷𒀀𒉿𒅈𒈾"", -15.7621], [""𒌷𒉈𒂊𒊭𒀸"", -15.7621], [""𒀸𒋗𒉿"", -16.1017], [""𒋼𒊑𒀉𒋾𒌅𒌋𒉌𒅖"", -18.0751], [""ku6"", -21.0773], [""lu"", -22.6343]]"
iipinam	𒌷𒀀𒉿𒅈𒈾	-18.1288	"[[""𒌷𒀀𒉿𒅈𒈾"", -18.1288], [""𒌷𒉈𒂊𒊭𒀸"", -18.1288], [""𒌷𒄩𒀜𒋾"", -18.3706], [""𒀀𒀝𒉌𒅖"", -18.3706], [""𒌷𒆷𒊍𒉺"", -18.3706], [""𒈪𒋫𒀭𒉌"", -18.3706], [""𒀸𒋗𒉿"", -19.0604], [""𒋼𒊑𒀉𒋾𒌅𒌋𒉌𒅖"", -19.6834], [""ku6"", -24.2448], [""iːsˤaː́"", -25.6984]]"
iipinama	𒌷𒀀𒉿𒅈𒈾	-20.7122	"[[""𒌷𒀀𒉿𒅈𒈾"", -20.7122], [""𒌷𒉈𒂊𒊭𒀸"", -20.7122], [""𒀀𒀝𒉌𒅖"", -21.2055], [""𒌷𒄩𒀜𒋾"", -21.2055], [""𒈪𒋫𒀭𒉌"", -21.2055], [""𒌷𒆷𒊍𒉺"", -21.2055], [""𒋼𒊑𒀉𒋾𒌅𒌋𒉌𒅖"", -21.435], [""𒀸𒋗𒉿"", -22.1053], [""ku6"", -27.4599], [""iːsˤaː́"", -28.4239]]"
iipinamai	𒋼𒊑𒀉𒋾𒌅𒌋𒉌𒅖	-23.4063	"[[""𒋼𒊑𒀉𒋾𒌅𒌋𒉌𒅖"", -23.4063], [""𒌷𒉈𒂊𒊭𒀸"", -23.4428], [""𒌷𒀀𒉿𒅈𒈾"", -23.4428], [""𒀀𒀝𒉌𒅖"", -24.139], [""𒌷𒄩𒀜𒋾"", -24.139], [""𒌷𒆷𒊍𒉺"", -24.139], [""𒈪𒋫𒀭𒉌"", -24.139], [""𒀸𒋗𒉿"", -25.2127], [""ku6"", -30.7105], [""iːsˤaː́"", -31.2348]]"
iipinamain	𒋼𒊑𒀉𒋾𒌅𒌋𒉌𒅖	-25.5942	"[[""𒋼𒊑𒀉𒋾𒌅𒌋𒉌𒅖"", -25.5942], [""𒌷𒉈𒂊𒊭𒀸"", -26.2798], [""𒌷𒀀𒉿𒅈𒈾"", -26.2798], [""𒀀𒀝𒉌𒅖"", -27.1456], [""𒌷𒆷𒊍𒉺"", -27.1456], [""𒈪𒋫𒀭𒉌"", -27.1456], [""𒌷𒄩𒀜𒋾"", -27.1456], [""𒀸𒋗𒉿"", -28.3678], [""ku6"", -33.9888], [""iːsˤaː́"", -34.1135]]"
ija	𒀸𒋗𒉿	-8.4226	"[[""𒀸𒋗𒉿"", -8.4226], [""eːʃ"", -9.1478], [""aʃ"", -9.5693], [""ʃum"", -9.7665], [""xus"", -9.7665], [""𒌷𒆷𒊍𒉺"", -9.899], [""𒀀𒀝𒉌𒅖"", -9.899], [""𒌷𒄩𒀜𒋾"", -9.899], [""𒈪𒋫𒀭𒉌"", -9.899], [""ku6"", -10.3806]]"
ijar	uk	-9.4749	"[[""uk"", -9.4749], [""uːxːi"", -9.9901], [""uxːi"", -10.2808], [""𒀸𒋗𒉿"", -10.6439], [""xʃap"", -10.6516], [""xapa"", -10.7091], [""xatːi"", -11.0802], [""𒌷𒄩𒀜𒋾"", -11.1101], [""𒌷𒆷𒊍𒉺"", -11.1101], [""𒈪𒋫𒀭𒉌"", -11.1101]]"
ijare	uk	-12.9775	"[[""uk"", -12.9775], [""𒌷𒆷𒊍𒉺"", -13.1999], [""𒌷𒄩𒀜𒋾"", -13.1999], [""𒈪𒋫𒀭𒉌"", -13.1999], [""𒀀𒀝𒉌𒅖"", -13.1999], [""𒀸𒋗𒉿"", -13.2697], [""uːxːi"", -13.4799], [""𒌷𒉈𒂊𒊭𒀸"", -13.742], [""𒌷𒀀𒉿𒅈𒈾"", -13.742], [""uxːi"", -13.7746]]"
ijared	𒌷𒄩𒀜𒋾	-15.6764	"[[""𒌷𒄩𒀜𒋾"", -15.6764], [""𒀀𒀝𒉌𒅖"", -15.6764], [""𒈪𒋫𒀭𒉌"", -15.6764], [""𒌷𒆷𒊍𒉺"", -15.6764], [""𒌷𒀀𒉿𒅈𒈾"", -15.7621], [""𒌷𒉈𒂊𒊭𒀸"", -15.7621], [""𒀸𒋗𒉿"", -16.1017], [""uk"", -16.48], [""xuːʃ"", -16.7196], [""uːxːi"", -16.9592]]"
ijaredi	𒌷𒀀𒉿𒅈𒈾	-18.1288	"[[""𒌷𒀀𒉿𒅈𒈾"", -18.1288], [""𒌷𒉈𒂊𒊭𒀸"", -18.1288], [""𒀀𒀝𒉌𒅖"", -18.3706], [""𒌷𒆷𒊍𒉺"", -18.3706], [""𒈪𒋫𒀭𒉌"", -18.3706], [""𒌷𒄩𒀜𒋾"", -18.3706], [""𒀸𒋗𒉿"", -19.0604], [""xuːʃ"", -19.6644], [""𒋼𒊑𒀉𒋾𒌅𒌋𒉌𒅖"", -19.6834], [""iːsˤaː́"", -19.8696]]"
ijaredij	xuːʃ	-17.1565	"[[""xuːʃ"", -17.1565], [""apːa"", -19.6172], [""eːʃ"", -19.6988], [""iʃxaːʃ"", -20.078], [""xuːxːaːʃ"", -20.2652], [""atːaːʃ"", -20.453], [""auriːʃ"", -20.5386], [""xaʃːuʃ"", -20.605], [""𒌷𒉈𒂊𒊭𒀸"", -20.7122], [""𒌷𒀀𒉿𒅈𒈾"", -20.7122]]"
ijaredija	xuːʃ	-20.6626	"[[""xuːʃ"", -20.6626], [""apːa"", -23.1188], [""eːʃ"", -23.2053], [""𒋼𒊑𒀉𒋾𒌅𒌋𒉌𒅖"", -23.4063], [""𒌷𒉈𒂊𒊭𒀸"", -23.4428], [""𒌷𒀀𒉿𒅈𒈾"", -23.4428], [""xuːxːaːʃ"", -23.5403], [""iʃxaːʃ"", -23.5824], [""xaʃːuʃ"", -23.7998], [""atːaːʃ"", -23.9544]]"
ijas	uk	-9.4749	"[[""uk"", -9.4749], [""uːxːi"", -9.9901], [""uxːi"", -10.2808], [""𒀸𒋗𒉿"", -10.6439], [""xʃap"", -10.6516], [""xapa"", -10.7091], [""xatːi"", -11.0802], [""𒌷𒄩𒀜𒋾"", -11.1101], [""𒌷𒆷𒊍𒉺"", -11.1101], [""𒈪𒋫𒀭𒉌"", -11.1101]]"
ijasa	uk	-12.9775	"[[""uk"", -12.9775], [""𒌷𒆷𒊍𒉺"", -13.1999], [""𒌷𒄩𒀜𒋾"", -13.1999], [""𒈪𒋫𒀭𒉌"", -13.1999], [""𒀀𒀝𒉌𒅖"", -13.1999], [""𒀸𒋗𒉿"", -13.2697], [""uːxːi"", -13.4799], [""𒌷𒉈𒂊𒊭𒀸"", -13.742], [""𒌷𒀀𒉿𒅈𒈾"", -13.742], [""uxːi"", -13.7746]]"
ijasas	apːa	-13.6756	"[[""apːa"", -13.6756], [""xapa"", -14.7042], [""xʃap"", -14.8996], [""xatːi"", -15.0408], [""uːxːi"", -15.383], [""uk"", -15.3982], [""𒀀𒀝𒉌𒅖"", -15.6764], [""𒌷𒄩𒀜𒋾"", -15.6764], [""𒌷𒆷𒊍𒉺"", -15.6764], [""𒈪𒋫𒀭𒉌"", -15.6764]]"
ijasasa	apːa	-17.1615	"[[""apːa"", -17.1615], [""xapa"", -18.0293], [""𒌷𒉈𒂊𒊭𒀸"", -18.1288], [""𒌷𒀀𒉿𒅈𒈾"", -18.1288], [""𒌷𒆷𒊍𒉺"", -18.3706], [""𒀀𒀝𒉌𒅖"", -18.3706], [""𒌷𒄩𒀜𒋾"", -18.3706], [""𒈪𒋫𒀭𒉌"", -18.3706], [""xʃap"", -18.4012], [""xatːi"", -18.5306]]"
ijasasar	xapa	-17.8207	"[[""xapa"", -17.8207], [""apːa"", -18.929], [""ʃuːpːari"", -19.1176], [""ʃiːetsːi"", -20.1079], [""xatːi"", -20.4407], [""paːi"", -20.5924], [""𒌷𒀀𒉿𒅈𒈾"", -20.7122], [""𒌷𒉈𒂊𒊭𒀸"", -20.7122], [""xaːʃtai"", -20.7304], [""xʃap"", -20.744]]"
ijasau	xus	-11.8873	"[[""xus"", -11.8873], [""ais"", -13.2489], [""ekːus"", -14.4482], [""xaːras"", -14.4729], [""as"", -14.711], [""xʃap"", -14.9029], [""atːas"", -15.199], [""asːus"", -15.199], [""xatːi"", -15.2875], [""uk"", -15.3991]]"
ijasaun	xus	-15.3944	"[[""xus"", -15.3944], [""ais"", -16.756], [""xatːi"", -17.5072], [""ekːus"", -17.917], [""xaːras"", -17.971], [""𒌷𒀀𒉿𒅈𒈾"", -18.1288], [""𒌷𒉈𒂊𒊭𒀸"", -18.1288], [""as"", -18.2182], [""𒌷𒄩𒀜𒋾"", -18.3706], [""𒀀𒀝𒉌𒅖"", -18.3706]]"
ijasauna	xus	-18.9015	"[[""xus"", -18.9015], [""xatːi"", -20.2307], [""ais"", -20.263], [""𒌷𒀀𒉿𒅈𒈾"", -20.7122], [""𒌷𒉈𒂊𒊭𒀸"", -20.7122], [""𒈪𒋫𒀭𒉌"", -21.2055], [""𒌷𒆷𒊍𒉺"", -21.2055], [""𒌷𒄩𒀜𒋾"", -21.2055], [""𒀀𒀝𒉌𒅖"", -21.2055], [""ekːus"", -21.3653]]"
ijasaunak	xus	-22.4087	"[[""xus"", -22.4087], [""xatːi"", -23.1751], [""𒋼𒊑𒀉𒋾𒌅𒌋𒉌𒅖"", -23.4063], [""𒌷𒉈𒂊𒊭𒀸"", -23.4428], [""𒌷𒀀𒉿𒅈𒈾"", -23.4428], [""iːsˤaː́"", -23.6116], [""ais"", -23.77], [""𒈪𒋫𒀭𒉌"", -24.139], [""𒌷𒆷𒊍𒉺"", -24.139], [""𒀀𒀝𒉌𒅖"", -24.139]]"
ijasaunaka	𒋼𒊑𒀉𒋾𒌅𒌋𒉌𒅖	-25.5942	"[[""𒋼𒊑𒀉𒋾𒌅𒌋𒉌𒅖"", -25.5942], [""xus"", -25.9158], [""iːsˤaː́"", -26.121], [""xatːi"", -26.2433], [""𒌷𒀀𒉿𒅈𒈾"", -26.2798], [""𒌷𒉈𒂊𒊭𒀸"", -26.2798], [""𒌷𒆷𒊍𒉺"", -27.1456], [""𒈪𒋫𒀭𒉌"", -27.1456], [""𒌷𒄩𒀜𒋾"", -27.1456], [""𒀀𒀝𒉌𒅖"", -27.1456]]"
ike	𒀸𒋗𒉿	-8.4226	"[[""𒀸𒋗𒉿"", -8.4226], [""𒀀𒀝𒉌𒅖"", -9.899], [""𒌷𒄩𒀜𒋾"", -9.899], [""𒈪𒋫𒀭𒉌"", -9.899], [""𒌷𒆷𒊍𒉺"", -9.899], [""𒌷𒉈𒂊𒊭𒀸"", -10.7315], [""𒌷𒀀𒉿𒅈𒈾"", -10.7315], [""ku6"", -12.1474], [""aʃ"", -12.8387], [""wa"", -12.8387]]"
iket	𒀸𒋗𒉿	-10.6439	"[[""𒀸𒋗𒉿"", -10.6439], [""𒀀𒀝𒉌𒅖"", -11.1101], [""𒌷𒆷𒊍𒉺"", -11.1101], [""𒈪𒋫𒀭𒉌"", -11.1101], [""𒌷𒄩𒀜𒋾"", -11.1101], [""𒌷𒀀𒉿𒅈𒈾"", -12.2879], [""𒌷𒉈𒂊𒊭𒀸"", -12.2879], [""ku6"", -14.9765], [""𒋼𒊑𒀉𒋾𒌅𒌋𒉌𒅖"", -15.6251], [""lu"", -16.0479]]"
iketa	𒌷𒆷𒊍𒉺	-13.1999	"[[""𒌷𒆷𒊍𒉺"", -13.1999], [""𒀀𒀝𒉌𒅖"", -13.1999], [""𒌷𒄩𒀜𒋾"", -13.1999], [""𒈪𒋫𒀭𒉌"", -13.1999], [""𒀸𒋗𒉿"", -13.2697], [""𒌷𒀀𒉿𒅈𒈾"", -13.742], [""𒌷𒉈𒂊𒊭𒀸"", -13.742], [""𒋼𒊑𒀉𒋾𒌅𒌋𒉌𒅖"", -16.8346], [""ku6"", -17.9765], [""ke"", -19.3208]]"
iketan	𒀀𒀝𒉌𒅖	-15.6764	"[[""𒀀𒀝𒉌𒅖"", -15.6764], [""𒌷𒄩𒀜𒋾"", -15.6764], [""𒈪𒋫𒀭𒉌"", -15.6764], [""𒌷𒆷𒊍𒉺"", -15.6764], [""𒌷𒀀𒉿𒅈𒈾"", -15.7621], [""𒌷𒉈𒂊𒊭𒀸"", -15.7621], [""𒀸𒋗𒉿"", -16.1017], [""𒋼𒊑𒀉𒋾𒌅𒌋𒉌𒅖"", -18.0751], [""ku6"", -21.0773], [""lu"", -22.6343]]"
iketana	𒌷𒀀𒉿𒅈𒈾	-18.1288	"[[""𒌷𒀀𒉿𒅈𒈾"", -18.1288], [""𒌷𒉈𒂊𒊭𒀸"", -18.1288], [""𒌷𒄩𒀜𒋾"", -18.3706], [""𒀀𒀝𒉌𒅖"", -18.3706], [""𒌷𒆷𒊍𒉺"", -18.3706], [""𒈪𒋫𒀭𒉌"", -18.3706], [""𒀸𒋗𒉿"", -19.0604], [""𒋼𒊑𒀉𒋾𒌅𒌋𒉌𒅖"", -19.6834], [""ku6"", -24.2448], [""iːsˤaː́"", -25.6984]]"
iketanai	𒌷𒀀𒉿𒅈𒈾	-20.7122	"[[""𒌷𒀀𒉿𒅈𒈾"", -20.7122], [""𒌷𒉈𒂊𒊭𒀸"", -20.7122], [""𒀀𒀝𒉌𒅖"", -21.2055], [""𒌷𒄩𒀜𒋾"", -21.2055], [""𒈪𒋫𒀭𒉌"", -21.2055], [""𒌷𒆷𒊍𒉺"", -21.2055], [""𒋼𒊑𒀉𒋾𒌅𒌋𒉌𒅖"", -21.435], [""𒀸𒋗𒉿"", -22.1053], [""ku6"", -27.4599], [""iːsˤaː́"", -28.4239]]"
iketanaiΘ	𒋼𒊑𒀉𒋾𒌅𒌋𒉌𒅖	-23.4063	"[[""𒋼𒊑𒀉𒋾𒌅𒌋𒉌𒅖"", -23.4063], [""𒌷𒉈𒂊𒊭𒀸"", -23.4428], [""𒌷𒀀𒉿𒅈𒈾"", -23.4428], [""𒀀𒀝𒉌𒅖"", -24.139], [""𒌷𒄩𒀜𒋾"", -24.139], [""𒌷𒆷𒊍𒉺"", -24.139], [""𒈪𒋫𒀭𒉌"", -24.139], [""𒀸𒋗𒉿"", -25.2127], [""ku6"", -30.7105], [""iːsˤaː́"", -31.2348]]"
iketanaiΘt	𒋼𒊑𒀉𒋾𒌅𒌋𒉌𒅖	-25.5942	"[[""𒋼𒊑𒀉𒋾𒌅𒌋𒉌𒅖"", -25.5942], [""𒌷𒉈𒂊𒊭𒀸"", -26.2798], [""𒌷𒀀𒉿𒅈𒈾"", -26.2798], [""𒀀𒀝𒉌𒅖"", -27.1456], [""𒌷𒆷𒊍𒉺"", -27.1456], [""𒈪𒋫𒀭𒉌"", -27.1456], [""𒌷𒄩𒀜𒋾"", -27.1456], [""𒀸𒋗𒉿"", -28.3678], [""ku6"", -33.9888], [""iːsˤaː́"", -34.1135]]"
iki	𒀸𒋗𒉿	-8.4226	"[[""𒀸𒋗𒉿"", -8.4226], [""𒀀𒀝𒉌𒅖"", -9.899], [""𒌷𒄩𒀜𒋾"", -9.899], [""𒈪𒋫𒀭𒉌"", -9.899], [""𒌷𒆷𒊍𒉺"", -9.899], [""𒌷𒉈𒂊𒊭𒀸"", -10.7315], [""𒌷𒀀𒉿𒅈𒈾"", -10.7315], [""ku6"", -12.1474], [""aʃ"", -12.8387], [""wa"", -12.8387]]"
ikit	𒀸𒋗𒉿	-10.6439	"[[""𒀸𒋗𒉿"", -10.6439], [""𒀀𒀝𒉌𒅖"", -11.1101], [""𒌷𒆷𒊍𒉺"", -11.1101], [""𒈪𒋫𒀭𒉌"", -11.1101], [""𒌷𒄩𒀜𒋾"", -11.1101], [""𒌷𒀀𒉿𒅈𒈾"", -12.2879], [""𒌷𒉈𒂊𒊭𒀸"", -12.2879], [""ku6"", -14.9765], [""𒋼𒊑𒀉𒋾𒌅𒌋𒉌𒅖"", -15.6251], [""lu"", -16.0479]]"
ikite	𒌷𒆷𒊍𒉺	-13.1999	"[[""𒌷𒆷𒊍𒉺"", -13.1999], [""𒀀𒀝𒉌𒅖"", -13.1999], [""𒌷𒄩𒀜𒋾"", -13.1999], [""𒈪𒋫𒀭𒉌"", -13.1999], [""𒀸𒋗𒉿"", -13.2697], [""𒌷𒀀𒉿𒅈𒈾"", -13.742], [""𒌷𒉈𒂊𒊭𒀸"", -13.742], [""𒋼𒊑𒀉𒋾𒌅𒌋𒉌𒅖"", -16.8346], [""ku6"", -17.9765], [""ke"", -19.3208]]"
ikites	𒌷𒆷𒊍𒉺	-15.6764	"[[""𒌷𒆷𒊍𒉺"", -15.6764], [""𒀀𒀝𒉌𒅖"", -15.6764], [""𒌷𒄩𒀜𒋾"", -15.6764], [""𒈪𒋫𒀭𒉌"", -15.6764], [""𒌷𒀀𒉿𒅈𒈾"", -15.7621], [""𒌷𒉈𒂊𒊭𒀸"", -15.7621], [""𒀸𒋗𒉿"", -16.1017], [""𒋼𒊑𒀉𒋾𒌅𒌋𒉌𒅖"", -18.0751], [""apːa"", -19.3325], [""paːi"", -19.3343]]"
ikitesi	𒌷𒉈𒂊𒊭𒀸	-18.1288	"[[""𒌷𒉈𒂊𒊭𒀸"", -18.1288], [""𒌷𒀀𒉿𒅈𒈾"", -18.1288], [""𒀀𒀝𒉌𒅖"", -18.3706], [""𒌷𒆷𒊍𒉺"", -18.3706], [""𒈪𒋫𒀭𒉌"", -18.3706], [""𒌷𒄩𒀜𒋾"", -18.3706], [""𒀸𒋗𒉿"", -19.0604], [""𒋼𒊑𒀉𒋾𒌅𒌋𒉌𒅖"", -19.6834], [""apːa"", -22.7937], [""paːi"", -22.8004]]"
ikitesir	𒌷𒀀𒉿𒅈𒈾	-20.7122	"[[""𒌷𒀀𒉿𒅈𒈾"", -20.7122], [""𒌷𒉈𒂊𒊭𒀸"", -20.7122], [""𒀀𒀝𒉌𒅖"", -21.2055], [""𒌷𒆷𒊍𒉺"", -21.2055], [""𒌷𒄩𒀜𒋾"", -21.2055], [""𒈪𒋫𒀭𒉌"", -21.2055], [""𒋼𒊑𒀉𒋾𒌅𒌋𒉌𒅖"", -21.435], [""𒀸𒋗𒉿"", -22.1053], [""uk"", -23.4716], [""ke"", -23.4801]]"
ikitesira	𒋼𒊑𒀉𒋾𒌅𒌋𒉌𒅖	-23.4063	"[[""𒋼𒊑𒀉𒋾𒌅𒌋𒉌𒅖"", -23.4063], [""𒌷𒉈𒂊𒊭𒀸"", -23.4428], [""𒌷𒀀𒉿𒅈𒈾"", -23.4428], [""𒌷𒆷𒊍𒉺"", -24.139], [""𒀀𒀝𒉌𒅖"", -24.139], [""𒌷𒄩𒀜𒋾"", -24.139], [""𒈪𒋫𒀭𒉌"", -24.139], [""𒀸𒋗𒉿"", -25.2127], [""ku6"", -26.2797], [""uk"", -26.9743]]"
ikitet	𒀀𒀝𒉌𒅖	-15.6764	"[[""𒀀𒀝𒉌𒅖"", -15.6764], [""𒌷𒄩𒀜𒋾"", -15.6764], [""𒈪𒋫𒀭𒉌"", -15.6764], [""𒌷𒆷𒊍𒉺"", -15.6764], [""𒌷𒀀𒉿𒅈𒈾"", -15.7621], [""𒌷𒉈𒂊𒊭𒀸"", -15.7621], [""𒀸𒋗𒉿"", -16.1017], [""𒋼𒊑𒀉𒋾𒌅𒌋𒉌𒅖"", -18.0751], [""ku6"", -21.0773], [""lu"", -22.6343]]"
ikitete	𒌷𒀀𒉿𒅈𒈾	-18.1288	"[[""𒌷𒀀𒉿𒅈𒈾"", -18.1288], [""𒌷𒉈𒂊𒊭𒀸"", -18.1288], [""𒌷𒄩𒀜𒋾"", -18.3706], [""𒀀𒀝𒉌𒅖"", -18.3706], [""𒌷𒆷𒊍𒉺"", -18.3706], [""𒈪𒋫𒀭𒉌"", -18.3706], [""𒀸𒋗𒉿"", -19.0604], [""𒋼𒊑𒀉𒋾𒌅𒌋𒉌𒅖"", -19.6834], [""ku6"", -24.2448], [""iːsˤaː́"", -25.6984]]"
ikiteter	𒌷𒀀𒉿𒅈𒈾	-20.7122	"[[""𒌷𒀀𒉿𒅈𒈾"", -20.7122], [""𒌷𒉈𒂊𒊭𒀸"", -20.7122], [""𒈪𒋫𒀭𒉌"", -21.2055], [""𒌷𒆷𒊍𒉺"", -21.2055], [""𒌷𒄩𒀜𒋾"", -21.2055], [""𒀀𒀝𒉌𒅖"", -21.2055], [""𒋼𒊑𒀉𒋾𒌅𒌋𒉌𒅖"", -21.435], [""𒀸𒋗𒉿"", -22.1053], [""apːa"", -25.6053], [""paːi"", -25.6066]]"
ikitetere	𒋼𒊑𒀉𒋾𒌅𒌋𒉌𒅖	-23.4063	"[[""𒋼𒊑𒀉𒋾𒌅𒌋𒉌𒅖"", -23.4063], [""𒌷𒉈𒂊𒊭𒀸"", -23.4428], [""𒌷𒀀𒉿𒅈𒈾"", -23.4428], [""𒌷𒆷𒊍𒉺"", -24.139], [""𒀀𒀝𒉌𒅖"", -24.139], [""𒌷𒄩𒀜𒋾"", -24.139], [""𒈪𒋫𒀭𒉌"", -24.139], [""𒀸𒋗𒉿"", -25.2127], [""apːa"", -29.0833], [""paːi"", -29.0882]]"
ikiteterep	𒋼𒊑𒀉𒋾𒌅𒌋𒉌𒅖	-25.5942	"[[""𒋼𒊑𒀉𒋾𒌅𒌋𒉌𒅖"", -25.5942], [""𒌷𒀀𒉿𒅈𒈾"", -26.2798], [""𒌷𒉈𒂊𒊭𒀸"", -26.2798], [""𒀀𒀝𒉌𒅖"", -27.1456], [""𒌷𒆷𒊍𒉺"", -27.1456], [""𒌷𒄩𒀜𒋾"", -27.1456], [""𒈪𒋫𒀭𒉌"", -27.1456], [""𒀸𒋗𒉿"", -28.3678], [""iːsˤaː́"", -31.7234], [""ku6"", -32.4789]]"
ikitu	𒀀𒀝𒉌𒅖	-13.1999	"[[""𒀀𒀝𒉌𒅖"", -13.1999], [""𒈪𒋫𒀭𒉌"", -13.1999], [""𒌷𒆷𒊍𒉺"", -13.1999], [""𒌷𒄩𒀜𒋾"", -13.1999], [""𒀸𒋗𒉿"", -13.2697], [""𒌷𒉈𒂊𒊭𒀸"", -13.742], [""𒌷𒀀𒉿𒅈𒈾"", -13.742], [""as"", -15.898], [""kut"", -15.9667], [""ais"", -16.0405]]"
ikituj	𒌷𒆷𒊍𒉺	-15.6764	"[[""𒌷𒆷𒊍𒉺"", -15.6764], [""𒀀𒀝𒉌𒅖"", -15.6764], [""𒌷𒄩𒀜𒋾"", -15.6764], [""𒈪𒋫𒀭𒉌"", -15.6764], [""𒌷𒀀𒉿𒅈𒈾"", -15.7621], [""𒌷𒉈𒂊𒊭𒀸"", -15.7621], [""𒀸𒋗𒉿"", -16.1017], [""ke"", -16.4922], [""iti"", -17.2704], [""pata"", -17.2751]]"
ikituja	𒌷𒉈𒂊𒊭𒀸	-18.1288	"[[""𒌷𒉈𒂊𒊭𒀸"", -18.1288], [""𒌷𒀀𒉿𒅈𒈾"", -18.1288], [""𒌷𒄩𒀜𒋾"", -18.3706], [""𒈪𒋫𒀭𒉌"", -18.3706], [""𒌷𒆷𒊍𒉺"", -18.3706], [""𒀀𒀝𒉌𒅖"", -18.3706], [""𒀸𒋗𒉿"", -19.0604], [""ku6"", -19.3366], [""𒋼𒊑𒀉𒋾𒌅𒌋𒉌𒅖"", -19.6834], [""ke"", -19.9964]]"
ikitujas	tuk	-19.9962	"[[""tuk"", -19.9962], [""tai"", -20.2764], [""paːi"", -20.6995], [""𒌷𒉈𒂊𒊭𒀸"", -20.7122], [""𒌷𒀀𒉿𒅈𒈾"", -20.7122], [""𒌷𒄩𒀜𒋾"", -21.2055], [""𒈪𒋫𒀭𒉌"", -21.2055], [""𒌷𒆷𒊍𒉺"", -21.2055], [""𒀀𒀝𒉌𒅖"", -21.2055], [""pai"", -21.3612]]"
ina	𒀸𒋗𒉿	-8.4226	"[[""𒀸𒋗𒉿"", -8.4226], [""𒀀𒀝𒉌𒅖"", -9.899], [""𒌷𒄩𒀜𒋾"", -9.899], [""𒈪𒋫𒀭𒉌"", -9.899], [""𒌷𒆷𒊍𒉺"", -9.899], [""𒌷𒉈𒂊𒊭𒀸"", -10.7315], [""𒌷𒀀𒉿𒅈𒈾"", -10.7315], [""ku6"", -12.1474], [""aʃ"", -12.8387], [""wa"", -12.8387]]"
inai	𒀸𒋗𒉿	-10.6439	"[[""𒀸𒋗𒉿"", -10.6439], [""𒀀𒀝𒉌𒅖"", -11.1101], [""𒌷𒆷𒊍𒉺"", -11.1101], [""𒈪𒋫𒀭𒉌"", -11.1101], [""𒌷𒄩𒀜𒋾"", -11.1101], [""𒌷𒀀𒉿𒅈𒈾"", -12.2879], [""𒌷𒉈𒂊𒊭𒀸"", -12.2879], [""ku6"", -14.9765], [""𒋼𒊑𒀉𒋾𒌅𒌋𒉌𒅖"", -15.6251], [""lu"", -16.0479]]"
inaid	𒌷𒆷𒊍𒉺	-13.1999	"[[""𒌷𒆷𒊍𒉺"", -13.1999], [""𒀀𒀝𒉌𒅖"", -13.1999], [""𒌷𒄩𒀜𒋾"", -13.1999], [""𒈪𒋫𒀭𒉌"", -13.1999], [""𒀸𒋗𒉿"", -13.2697], [""𒌷𒀀𒉿𒅈𒈾"", -13.742], [""𒌷𒉈𒂊𒊭𒀸"", -13.742], [""𒋼𒊑𒀉𒋾𒌅𒌋𒉌𒅖"", -16.8346], [""ku6"", -17.9765], [""ke"", -19.3208]]"
inaida	𒀀𒀝𒉌𒅖	-15.6764	"[[""𒀀𒀝𒉌𒅖"", -15.6764], [""𒌷𒄩𒀜𒋾"", -15.6764], [""𒈪𒋫𒀭𒉌"", -15.6764], [""𒌷𒆷𒊍𒉺"", -15.6764], [""𒌷𒀀𒉿𒅈𒈾"", -15.7621], [""𒌷𒉈𒂊𒊭𒀸"", -15.7621], [""𒀸𒋗𒉿"", -16.1017], [""𒋼𒊑𒀉𒋾𒌅𒌋𒉌𒅖"", -18.0751], [""ku6"", -21.0773], [""lu"", -22.6343]]"
inaidaj	𒌷𒉈𒂊𒊭𒀸	-18.1288	"[[""𒌷𒉈𒂊𒊭𒀸"", -18.1288], [""𒌷𒀀𒉿𒅈𒈾"", -18.1288], [""𒌷𒆷𒊍𒉺"", -18.3706], [""𒌷𒄩𒀜𒋾"", -18.3706], [""𒈪𒋫𒀭𒉌"", -18.3706], [""𒀀𒀝𒉌𒅖"", -18.3706], [""𒀸𒋗𒉿"", -19.0604], [""𒋼𒊑𒀉𒋾𒌅𒌋𒉌𒅖"", -19.6834], [""eːʃ"", -20.7229], [""xuːʃ"", -21.0696]]"
inaidaja	𒌷𒀀𒉿𒅈𒈾	-20.7122	"[[""𒌷𒀀𒉿𒅈𒈾"", -20.7122], [""𒌷𒉈𒂊𒊭𒀸"", -20.7122], [""𒀀𒀝𒉌𒅖"", -21.2055], [""𒌷𒆷𒊍𒉺"", -21.2055], [""𒌷𒄩𒀜𒋾"", -21.2055], [""𒈪𒋫𒀭𒉌"", -21.2055], [""𒋼𒊑𒀉𒋾𒌅𒌋𒉌𒅖"", -21.435], [""𒀸𒋗𒉿"", -22.1053], [""eːʃ"", -24.2138], [""xuːʃ"", -24.5657]]"
inaidajas	𒋼𒊑𒀉𒋾𒌅𒌋𒉌𒅖	-23.4063	"[[""𒋼𒊑𒀉𒋾𒌅𒌋𒉌𒅖"", -23.4063], [""𒌷𒉈𒂊𒊭𒀸"", -23.4428], [""𒌷𒀀𒉿𒅈𒈾"", -23.4428], [""𒀀𒀝𒉌𒅖"", -24.139], [""𒌷𒄩𒀜𒋾"", -24.139], [""𒈪𒋫𒀭𒉌"", -24.139], [""𒌷𒆷𒊍𒉺"", -24.139], [""uːxːi"", -24.9306], [""𒀸𒋗𒉿"", -25.2127], [""uxːi"", -26.5911]]"
inaj	𒀸𒋗𒉿	-10.6439	"[[""𒀸𒋗𒉿"", -10.6439], [""𒀀𒀝𒉌𒅖"", -11.1101], [""𒌷𒄩𒀜𒋾"", -11.1101], [""𒌷𒆷𒊍𒉺"", -11.1101], [""𒈪𒋫𒀭𒉌"", -11.1101], [""eːʃ"", -11.3418], [""xuːʃ"", -12.1291], [""𒌷𒉈𒂊𒊭𒀸"", -12.2879], [""𒌷𒀀𒉿𒅈𒈾"", -12.2879], [""aʃ"", -12.5547]]"
inaja	𒀀𒀝𒉌𒅖	-13.1999	"[[""𒀀𒀝𒉌𒅖"", -13.1999], [""𒌷𒆷𒊍𒉺"", -13.1999], [""𒌷𒄩𒀜𒋾"", -13.1999], [""𒈪𒋫𒀭𒉌"", -13.1999], [""𒀸𒋗𒉿"", -13.2697], [""𒌷𒀀𒉿𒅈𒈾"", -13.742], [""𒌷𒉈𒂊𒊭𒀸"", -13.742], [""eːʃ"", -14.7994], [""xuːʃ"", -15.595], [""aʃ"", -15.9998]]"
inajar	uːxːi	-15.5444	"[[""uːxːi"", -15.5444], [""𒀀𒀝𒉌𒅖"", -15.6764], [""𒌷𒄩𒀜𒋾"", -15.6764], [""𒈪𒋫𒀭𒉌"", -15.6764], [""𒌷𒆷𒊍𒉺"", -15.6764], [""𒌷𒀀𒉿𒅈𒈾"", -15.7621], [""𒌷𒉈𒂊𒊭𒀸"", -15.7621], [""𒀸𒋗𒉿"", -16.1017], [""uk"", -16.4835], [""uxːi"", -16.6605]]"
inajare	𒌷𒀀𒉿𒅈𒈾	-18.1288	"[[""𒌷𒀀𒉿𒅈𒈾"", -18.1288], [""𒌷𒉈𒂊𒊭𒀸"", -18.1288], [""𒌷𒄩𒀜𒋾"", -18.3706], [""𒈪𒋫𒀭𒉌"", -18.3706], [""𒌷𒆷𒊍𒉺"", -18.3706], [""𒀀𒀝𒉌𒅖"", -18.3706], [""uːxːi"", -19.0388], [""𒀸𒋗𒉿"", -19.0604], [""𒋼𒊑𒀉𒋾𒌅𒌋𒉌𒅖"", -19.6834], [""uk"", -19.986]]"
inajaret	𒌷𒀀𒉿𒅈𒈾	-20.7122	"[[""𒌷𒀀𒉿𒅈𒈾"", -20.7122], [""𒌷𒉈𒂊𒊭𒀸"", -20.7122], [""𒌷𒄩𒀜𒋾"", -21.2055], [""𒀀𒀝𒉌𒅖"", -21.2055], [""𒈪𒋫𒀭𒉌"", -21.2055], [""𒌷𒆷𒊍𒉺"", -21.2055], [""𒋼𒊑𒀉𒋾𒌅𒌋𒉌𒅖"", -21.435], [""𒀸𒋗𒉿"", -22.1053], [""uːxːi"", -22.5284], [""uk"", -23.4886]]"
inajareta	𒋼𒊑𒀉𒋾𒌅𒌋𒉌𒅖	-23.4063	"[[""𒋼𒊑𒀉𒋾𒌅𒌋𒉌𒅖"", -23.4063], [""𒌷𒀀𒉿𒅈𒈾"", -23.4428], [""𒌷𒉈𒂊𒊭𒀸"", -23.4428], [""𒀀𒀝𒉌𒅖"", -24.139], [""𒌷𒄩𒀜𒋾"", -24.139], [""𒌷𒆷𒊍𒉺"", -24.139], [""𒈪𒋫𒀭𒉌"", -24.139], [""𒀸𒋗𒉿"", -25.2127], [""uːxːi"", -26.0123], [""iːsˤaː́"", -26.5864]]"
inam	𒀸𒋗𒉿	-10.6439	"[[""𒀸𒋗𒉿"", -10.6439], [""𒀀𒀝𒉌𒅖"", -11.1101], [""𒌷𒆷𒊍𒉺"", -11.1101], [""𒈪𒋫𒀭𒉌"", -11.1101], [""𒌷𒄩𒀜𒋾"", -11.1101], [""𒌷𒀀𒉿𒅈𒈾"", -12.2879], [""𒌷𒉈𒂊𒊭𒀸"", -12.2879], [""ku6"", -14.9765], [""𒋼𒊑𒀉𒋾𒌅𒌋𒉌𒅖"", -15.6251], [""lu"", -16.0479]]"
inama	𒌷𒆷𒊍𒉺	-13.1999	"[[""𒌷𒆷𒊍𒉺"", -13.1999], [""𒀀𒀝𒉌𒅖"", -13.1999], [""𒌷𒄩𒀜𒋾"", -13.1999], [""𒈪𒋫𒀭𒉌"", -13.1999], [""𒀸𒋗𒉿"", -13.2697], [""𒌷𒀀𒉿𒅈𒈾"", -13.742], [""𒌷𒉈𒂊𒊭𒀸"", -13.742], [""𒋼𒊑𒀉𒋾𒌅𒌋𒉌𒅖"", -16.8346], [""ku6"", -17.9765], [""ke"", -19.3208]]"
inamai	𒀀𒀝𒉌𒅖	-15.6764	"[[""𒀀𒀝𒉌𒅖"", -15.6764], [""𒌷𒄩𒀜𒋾"", -15.6764], [""𒈪𒋫𒀭𒉌"", -15.6764], [""𒌷𒆷𒊍𒉺"", -15.6764], [""𒌷𒀀𒉿𒅈𒈾"", -15.7621], [""𒌷𒉈𒂊𒊭𒀸"", -15.7621], [""𒀸𒋗𒉿"", -16.1017], [""𒋼𒊑𒀉𒋾𒌅𒌋𒉌𒅖"", -18.0751], [""ku6"", -21.0773], [""lu"", -22.6343]]"
inamain	𒌷𒀀𒉿𒅈𒈾	-18.1288	"[[""𒌷𒀀𒉿𒅈𒈾"", -18.1288], [""𒌷𒉈𒂊𒊭𒀸"", -18.1288], [""𒌷𒄩𒀜𒋾"", -18.3706], [""𒀀𒀝𒉌𒅖"", -18.3706], [""𒌷𒆷𒊍𒉺"", -18.3706], [""𒈪𒋫𒀭𒉌"", -18.3706], [""𒀸𒋗𒉿"", -19.0604], [""𒋼𒊑𒀉𒋾𒌅𒌋𒉌𒅖"", -19.6834], [""ku6"", -24.2448], [""iːsˤaː́"", -25.6984]]"
inamaina	𒌷𒀀𒉿𒅈𒈾	-20.7122	"[[""𒌷𒀀𒉿𒅈𒈾"", -20.7122], [""𒌷𒉈𒂊𒊭𒀸"", -20.7122], [""𒀀𒀝𒉌𒅖"", -21.2055], [""𒌷𒄩𒀜𒋾"", -21.2055], [""𒈪𒋫𒀭𒉌"", -21.2055], [""𒌷𒆷𒊍𒉺"", -21.2055], [""𒋼𒊑𒀉𒋾𒌅𒌋𒉌𒅖"", -21.435], [""𒀸𒋗𒉿"", -22.1053], [""ku6"", -27.4599], [""iːsˤaː́"", -28.4239]]"
inamainaj	𒋼𒊑𒀉𒋾𒌅𒌋𒉌𒅖	-23.4063	"[[""𒋼𒊑𒀉𒋾𒌅𒌋𒉌𒅖"", -23.4063], [""𒌷𒀀𒉿𒅈𒈾"", -23.4428], [""𒌷𒉈𒂊𒊭𒀸"", -23.4428], [""𒌷𒄩𒀜𒋾"", -24.139], [""𒀀𒀝𒉌𒅖"", -24.139], [""𒌷𒆷𒊍𒉺"", -24.139], [""𒈪𒋫𒀭𒉌"", -24.139], [""𒀸𒋗𒉿"", -25.2127], [""eːʃ"", -27.2326], [""xuːʃ"", -27.4532]]"
inamainaja	𒋼𒊑𒀉𒋾𒌅𒌋𒉌𒅖	-25.5942	"[[""𒋼𒊑𒀉𒋾𒌅𒌋𒉌𒅖"", -25.5942], [""𒌷𒉈𒂊𒊭𒀸"", -26.2798], [""𒌷𒀀𒉿𒅈𒈾"", -26.2798], [""𒌷𒆷𒊍𒉺"", -27.1456], [""𒀀𒀝𒉌𒅖"", -27.1456], [""𒈪𒋫𒀭𒉌"", -27.1456], [""𒌷𒄩𒀜𒋾"", -27.1456], [""𒀸𒋗𒉿"", -28.3678], [""eːʃ"", -30.7299], [""xuːʃ"", -30.9536]]"
inamas	𒌷𒆷𒊍𒉺	-15.6764	"[[""𒌷𒆷𒊍𒉺"", -15.6764], [""𒀀𒀝𒉌𒅖"", -15.6764], [""𒌷𒄩𒀜𒋾"", -15.6764], [""𒈪𒋫𒀭𒉌"", -15.6764], [""𒌷𒀀𒉿𒅈𒈾"", -15.7621], [""𒌷𒉈𒂊𒊭𒀸"", -15.7621], [""𒀸𒋗𒉿"", -16.1017], [""𒋼𒊑𒀉𒋾𒌅𒌋𒉌𒅖"", -18.0751], [""apːa"", -19.3325], [""paːi"", -19.3343]]"
inamasi	𒌷𒉈𒂊𒊭𒀸	-18.1288	"[[""𒌷𒉈𒂊𒊭𒀸"", -18.1288], [""𒌷𒀀𒉿𒅈𒈾"", -18.1288], [""𒀀𒀝𒉌𒅖"", -18.3706], [""𒌷𒆷𒊍𒉺"", -18.3706], [""𒈪𒋫𒀭𒉌"", -18.3706], [""𒌷𒄩𒀜𒋾"", -18.3706], [""𒀸𒋗𒉿"", -19.0604], [""𒋼𒊑𒀉𒋾𒌅𒌋𒉌𒅖"", -19.6834], [""apːa"", -22.7937], [""paːi"", -22.8004]]"
inamasir	𒌷𒀀𒉿𒅈𒈾	-20.7122	"[[""𒌷𒀀𒉿𒅈𒈾"", -20.7122], [""𒌷𒉈𒂊𒊭𒀸"", -20.7122], [""𒀀𒀝𒉌𒅖"", -21.2055], [""𒌷𒆷𒊍𒉺"", -21.2055], [""𒌷𒄩𒀜𒋾"", -21.2055], [""𒈪𒋫𒀭𒉌"", -21.2055], [""𒋼𒊑𒀉𒋾𒌅𒌋𒉌𒅖"", -21.435], [""𒀸𒋗𒉿"", -22.1053], [""uk"", -23.4716], [""ke"", -23.4801]]"
inamasiru	𒋼𒊑𒀉𒋾𒌅𒌋𒉌𒅖	-23.4063	"[[""𒋼𒊑𒀉𒋾𒌅𒌋𒉌𒅖"", -23.4063], [""𒌷𒉈𒂊𒊭𒀸"", -23.4428], [""𒌷𒀀𒉿𒅈𒈾"", -23.4428], [""kut"", -23.4775], [""ais"", -23.7525], [""neːpis"", -23.8757], [""ekːus"", -23.9514], [""𒌷𒄩𒀜𒋾"", -24.139], [""𒈪𒋫𒀭𒉌"", -24.139], [""𒀀𒀝𒉌𒅖"", -24.139]]"
inamasirut	𒋼𒊑𒀉𒋾𒌅𒌋𒉌𒅖	-25.5942	"[[""𒋼𒊑𒀉𒋾𒌅𒌋𒉌𒅖"", -25.5942], [""𒌷𒉈𒂊𒊭𒀸"", -26.2798], [""𒌷𒀀𒉿𒅈𒈾"", -26.2798], [""kut"", -26.9844], [""𒀀𒀝𒉌𒅖"", -27.1456], [""𒌷𒆷𒊍𒉺"", -27.1456], [""𒈪𒋫𒀭𒉌"", -27.1456], [""𒌷𒄩𒀜𒋾"", -27.1456], [""ais"", -27.2595], [""neːpis"", -27.3809]]"
inu	𒀸𒋗𒉿	-8.4226	"[[""𒀸𒋗𒉿"", -8.4226], [""as"", -9.3933], [""kut"", -9.5934], [""ais"", -9.7388], [""xus"", -9.7388], [""𒀀𒀝𒉌𒅖"", -9.899], [""𒌷𒆷𒊍𒉺"", -9.899], [""𒌷𒄩𒀜𒋾"", -9.899], [""𒈪𒋫𒀭𒉌"", -9.899], [""tuk"", -9.9531]]"
inui	𒀸𒋗𒉿	-10.6439	"[[""𒀸𒋗𒉿"", -10.6439], [""𒀀𒀝𒉌𒅖"", -11.1101], [""𒈪𒋫𒀭𒉌"", -11.1101], [""𒌷𒄩𒀜𒋾"", -11.1101], [""𒌷𒆷𒊍𒉺"", -11.1101], [""𒌷𒀀𒉿𒅈𒈾"", -12.2879], [""𒌷𒉈𒂊𒊭𒀸"", -12.2879], [""as"", -12.8904], [""kut"", -12.9682], [""tuk"", -12.9891]]"
inuin	𒌷𒆷𒊍𒉺	-13.1999	"[[""𒌷𒆷𒊍𒉺"", -13.1999], [""𒀀𒀝𒉌𒅖"", -13.1999], [""𒈪𒋫𒀭𒉌"", -13.1999], [""𒌷𒄩𒀜𒋾"", -13.1999], [""𒀸𒋗𒉿"", -13.2697], [""𒌷𒉈𒂊𒊭𒀸"", -13.742], [""𒌷𒀀𒉿𒅈𒈾"", -13.742], [""tuk"", -16.1696], [""ku6"", -16.2705], [""kut"", -16.3551]]"
inuina	𒀀𒀝𒉌𒅖	-15.6764	"[[""𒀀𒀝𒉌𒅖"", -15.6764], [""𒈪𒋫𒀭𒉌"", -15.6764], [""𒌷𒆷𒊍𒉺"", -15.6764], [""𒌷𒄩𒀜𒋾"", -15.6764], [""𒌷𒀀𒉿𒅈𒈾"", -15.7621], [""𒌷𒉈𒂊𒊭𒀸"", -15.7621], [""𒀸𒋗𒉿"", -16.1017], [""𒋼𒊑𒀉𒋾𒌅𒌋𒉌𒅖"", -18.0751], [""iːsˤaː́"", -18.8408], [""ku6"", -19.2381]]"
inuinai	𒌷𒀀𒉿𒅈𒈾	-18.1288	"[[""𒌷𒀀𒉿𒅈𒈾"", -18.1288], [""𒌷𒉈𒂊𒊭𒀸"", -18.1288], [""𒌷𒄩𒀜𒋾"", -18.3706], [""𒀀𒀝𒉌𒅖"", -18.3706], [""𒌷𒆷𒊍𒉺"", -18.3706], [""𒈪𒋫𒀭𒉌"", -18.3706], [""𒀸𒋗𒉿"", -19.0604], [""𒋼𒊑𒀉𒋾𒌅𒌋𒉌𒅖"", -19.6834], [""iːsˤaː́"", -21.2907], [""ku6"", -22.3199]]"
inuinaid	𒌷𒀀𒉿𒅈𒈾	-20.7122	"[[""𒌷𒀀𒉿𒅈𒈾"", -20.7122], [""𒌷𒉈𒂊𒊭𒀸"", -20.7122], [""𒀀𒀝𒉌𒅖"", -21.2055], [""𒌷𒆷𒊍𒉺"", -21.2055], [""𒌷𒄩𒀜𒋾"", -21.2055], [""𒈪𒋫𒀭𒉌"", -21.2055], [""𒋼𒊑𒀉𒋾𒌅𒌋𒉌𒅖"", -21.435], [""𒀸𒋗𒉿"", -22.1053], [""iːsˤaː́"", -23.9733], [""ku6"", -25.4761]]"
inuinaida	𒋼𒊑𒀉𒋾𒌅𒌋𒉌𒅖	-23.4063	"[[""𒋼𒊑𒀉𒋾𒌅𒌋𒉌𒅖"", -23.4063], [""𒌷𒉈𒂊𒊭𒀸"", -23.4428], [""𒌷𒀀𒉿𒅈𒈾"", -23.4428], [""𒀀𒀝𒉌𒅖"", -24.139], [""𒌷𒆷𒊍𒉺"", -24.139], [""𒈪𒋫𒀭𒉌"", -24.139], [""𒌷𒄩𒀜𒋾"", -24.139], [""𒀸𒋗𒉿"", -25.2127], [""iːsˤaː́"", -26.8017], [""ku6"", -28.6847]]"
inuinaidaj	𒋼𒊑𒀉𒋾𒌅𒌋𒉌𒅖	-25.5942	"[[""𒋼𒊑𒀉𒋾𒌅𒌋𒉌𒅖"", -25.5942], [""𒌷𒀀𒉿𒅈𒈾"", -26.2798], [""𒌷𒉈𒂊𒊭𒀸"", -26.2798], [""𒀀𒀝𒉌𒅖"", -27.1456], [""𒌷𒆷𒊍𒉺"", -27.1456], [""𒌷𒄩𒀜𒋾"", -27.1456], [""𒈪𒋫𒀭𒉌"", -27.1456], [""𒀸𒋗𒉿"", -28.3678], [""aːsːa"", -28.4443], [""atːaːʃ"", -28.5701]]"
inuj	ke	-9.482	"[[""ke"", -9.482], [""𒀸𒋗𒉿"", -10.6439], [""iti"", -10.762], [""pata"", -10.8431], [""tai"", -11.0539], [""𒌷𒄩𒀜𒋾"", -11.1101], [""𒀀𒀝𒉌𒅖"", -11.1101], [""𒌷𒆷𒊍𒉺"", -11.1101], [""𒈪𒋫𒀭𒉌"", -11.1101], [""teri"", -11.1683]]"
inuja	ku6	-12.3294	"[[""ku6"", -12.3294], [""ke"", -12.9862], [""𒌷𒄩𒀜𒋾"", -13.1999], [""𒀀𒀝𒉌𒅖"", -13.1999], [""𒌷𒆷𒊍𒉺"", -13.1999], [""𒈪𒋫𒀭𒉌"", -13.1999], [""𒀸𒋗𒉿"", -13.2697], [""𒌷𒀀𒉿𒅈𒈾"", -13.742], [""𒌷𒉈𒂊𒊭𒀸"", -13.742], [""tai"", -14.1686]]"
inujas	tuk	-12.9822	"[[""tuk"", -12.9822], [""tai"", -13.2624], [""paːi"", -13.6947], [""pai"", -14.3517], [""saːki"", -14.7768], [""sakːi"", -14.9267], [""tsak"", -14.9962], [""tsik"", -14.9962], [""ku6"", -15.1462], [""aːsːa"", -15.4785]]"
inujasa	tuk	-16.4848	"[[""tuk"", -16.4848], [""tai"", -16.7631], [""paːi"", -17.1854], [""pai"", -17.8519], [""saːki"", -17.8969], [""sakːi"", -17.953], [""ku6"", -17.9707], [""𒌷𒀀𒉿𒅈𒈾"", -18.1288], [""𒌷𒉈𒂊𒊭𒀸"", -18.1288], [""𒈪𒋫𒀭𒉌"", -18.3706]]"
inujasas	saːki	-17.1725	"[[""saːki"", -17.1725], [""sakːi"", -17.1819], [""tuk"", -18.904], [""paːi"", -19.1179], [""tsiːik"", -19.1757], [""tai"", -19.1876], [""supːari"", -19.8666], [""patːaːi"", -20.0136], [""pai"", -20.2728], [""kuiʃki"", -20.3633]]"
inujasasa	saːki	-20.6612	"[[""saːki"", -20.6612], [""sakːi"", -20.6678], [""tuk"", -22.4094], [""paːi"", -22.6175], [""tsiːik"", -22.667], [""tai"", -22.6921], [""teːpuːʃ"", -22.7581], [""supːari"", -22.9774], [""𒋼𒊑𒀉𒋾𒌅𒌋𒉌𒅖"", -23.4063], [""𒌷𒉈𒂊𒊭𒀸"", -23.4428]]"
inujasasar	saːki	-22.4312	"[[""saːki"", -22.4312], [""sakːi"", -22.4353], [""supːari"", -24.1708], [""tsiːik"", -24.3753], [""xapa"", -24.8286], [""patːaːi"", -25.0367], [""paːi"", -25.0408], [""teːpuːʃ"", -25.0511], [""kiːklupa"", -25.1606], [""tuk"", -25.2283]]"
inw	𒀸𒋗𒉿	-8.4226	"[[""𒀸𒋗𒉿"", -8.4226], [""𒀀𒀝𒉌𒅖"", -9.899], [""𒌷𒄩𒀜𒋾"", -9.899], [""𒈪𒋫𒀭𒉌"", -9.899], [""𒌷𒆷𒊍𒉺"", -9.899], [""𒌷𒉈𒂊𒊭𒀸"", -10.7315], [""𒌷𒀀𒉿𒅈𒈾"", -10.7315], [""ku6"", -12.1474], [""aʃ"", -12.8387], [""wa"", -12.8387]]"
inwa	𒀸𒋗𒉿	-10.6439	"[[""𒀸𒋗𒉿"", -10.6439], [""𒀀𒀝𒉌𒅖"", -11.1101], [""𒌷𒆷𒊍𒉺"", -11.1101], [""𒈪𒋫𒀭𒉌"", -11.1101], [""𒌷𒄩𒀜𒋾"", -11.1101], [""𒌷𒀀𒉿𒅈𒈾"", -12.2879], [""𒌷𒉈𒂊𒊭𒀸"", -12.2879], [""ku6"", -14.9765], [""𒋼𒊑𒀉𒋾𒌅𒌋𒉌𒅖"", -15.6251], [""lu"", -16.0479]]"
inwaz	𒌷𒆷𒊍𒉺	-13.1999	"[[""𒌷𒆷𒊍𒉺"", -13.1999], [""𒀀𒀝𒉌𒅖"", -13.1999], [""𒌷𒄩𒀜𒋾"", -13.1999], [""𒈪𒋫𒀭𒉌"", -13.1999], [""𒀸𒋗𒉿"", -13.2697], [""𒌷𒀀𒉿𒅈𒈾"", -13.742], [""𒌷𒉈𒂊𒊭𒀸"", -13.742], [""𒋼𒊑𒀉𒋾𒌅𒌋𒉌𒅖"", -16.8346], [""ku6"", -17.9765], [""ke"", -19.3208]]"
inwaza	𒀀𒀝𒉌𒅖	-15.6764	"[[""𒀀𒀝𒉌𒅖"", -15.6764], [""𒌷𒄩𒀜𒋾"", -15.6764], [""𒈪𒋫𒀭𒉌"", -15.6764], [""𒌷𒆷𒊍𒉺"", -15.6764], [""𒌷𒀀𒉿𒅈𒈾"", -15.7621], [""𒌷𒉈𒂊𒊭𒀸"", -15.7621], [""𒀸𒋗𒉿"", -16.1017], [""𒋼𒊑𒀉𒋾𒌅𒌋𒉌𒅖"", -18.0751], [""ku6"", -21.0773], [""lu"", -22.6343]]"
inwazaΦ	𒌷𒀀𒉿𒅈𒈾	-18.1288	"[[""𒌷𒀀𒉿𒅈𒈾"", -18.1288], [""𒌷𒉈𒂊𒊭𒀸"", -18.1288], [""𒌷𒄩𒀜𒋾"", -18.3706], [""𒀀𒀝𒉌𒅖"", -18.3706], [""𒌷𒆷𒊍𒉺"", -18.3706], [""𒈪𒋫𒀭𒉌"", -18.3706], [""𒀸𒋗𒉿"", -19.0604], [""𒋼𒊑𒀉𒋾𒌅𒌋𒉌𒅖"", -19.6834], [""ku6"", -24.2448], [""iːsˤaː́"", -25.6984]]"
inwazaΦn	𒌷𒀀𒉿𒅈𒈾	-20.7122	"[[""𒌷𒀀𒉿𒅈𒈾"", -20.7122], [""𒌷𒉈𒂊𒊭𒀸"", -20.7122], [""𒀀𒀝𒉌𒅖"", -21.2055], [""𒌷𒄩𒀜𒋾"", -21.2055], [""𒈪𒋫𒀭𒉌"", -21.2055], [""𒌷𒆷𒊍𒉺"", -21.2055], [""𒋼𒊑𒀉𒋾𒌅𒌋𒉌𒅖"", -21.435], [""𒀸𒋗𒉿"", -22.1053], [""ku6"", -27.4599], [""iːsˤaː́"", -28.4239]]"
inwazaΦni	𒋼𒊑𒀉𒋾𒌅𒌋𒉌𒅖	-23.4063	"[[""𒋼𒊑𒀉𒋾𒌅𒌋𒉌𒅖"", -23.4063], [""𒌷𒉈𒂊𒊭𒀸"", -23.4428], [""𒌷𒀀𒉿𒅈𒈾"", -23.4428], [""𒀀𒀝𒉌𒅖"", -24.139], [""𒌷𒄩𒀜𒋾"", -24.139], [""𒌷𒆷𒊍𒉺"", -24.139], [""𒈪𒋫𒀭𒉌"", -24.139], [""𒀸𒋗𒉿"", -25.2127], [""ku6"", -30.7105], [""iːsˤaː́"", -31.2348]]"
ipi	𒀸𒋗𒉿	-8.4226	"[[""𒀸𒋗𒉿"", -8.4226], [""𒀀𒀝𒉌𒅖"", -9.899], [""𒌷𒄩𒀜𒋾"", -9.899], [""𒈪𒋫𒀭𒉌"", -9.899], [""𒌷𒆷𒊍𒉺"", -9.899], [""𒌷𒉈𒂊𒊭𒀸"", -10.7315], [""𒌷𒀀𒉿𒅈𒈾"", -10.7315], [""ku6"", -12.1474], [""aʃ"", -12.8387], [""wa"", -12.8387]]"
ipin	𒀸𒋗𒉿	-10.6439	"[[""𒀸𒋗𒉿"", -10.6439], [""𒀀𒀝𒉌𒅖"", -11.1101], [""𒌷𒆷𒊍𒉺"", -11.1101], [""𒈪𒋫𒀭𒉌"", -11.1101], [""𒌷𒄩𒀜𒋾"", -11.1101], [""𒌷𒀀𒉿𒅈𒈾"", -12.2879], [""𒌷𒉈𒂊𒊭𒀸"", -12.2879], [""ku6"", -14.9765], [""𒋼𒊑𒀉𒋾𒌅𒌋𒉌𒅖"", -15.6251], [""lu"", -16.0479]]"
ipina	𒌷𒆷𒊍𒉺	-13.1999	"[[""𒌷𒆷𒊍𒉺"", -13.1999], [""𒀀𒀝𒉌𒅖"", -13.1999], [""𒌷𒄩𒀜𒋾"", -13.1999], [""𒈪𒋫𒀭𒉌"", -13.1999], [""𒀸𒋗𒉿"", -13.2697], [""𒌷𒀀𒉿𒅈𒈾"", -13.742], [""𒌷𒉈𒂊𒊭𒀸"", -13.742], [""𒋼𒊑𒀉𒋾𒌅𒌋𒉌𒅖"", -16.8346], [""ku6"", -17.9765], [""ke"", -19.3208]]"
ipinam	𒀀𒀝𒉌𒅖	-15.6764	"[[""𒀀𒀝𒉌𒅖"", -15.6764], [""𒌷𒄩𒀜𒋾"", -15.6764], [""𒈪𒋫𒀭𒉌"", -15.6764], [""𒌷𒆷𒊍𒉺"", -15.6764], [""𒌷𒀀𒉿𒅈𒈾"", -15.7621], [""𒌷𒉈𒂊𒊭𒀸"", -15.7621], [""𒀸𒋗𒉿"", -16.1017], [""𒋼𒊑𒀉𒋾𒌅𒌋𒉌𒅖"", -18.0751], [""ku6"", -21.0773], [""lu"", -22.6343]]"
ipinama	𒌷𒀀𒉿𒅈𒈾	-18.1288	"[[""𒌷𒀀𒉿𒅈𒈾"", -18.1288], [""𒌷𒉈𒂊𒊭𒀸"", -18.1288], [""𒌷𒄩𒀜𒋾"", -18.3706], [""𒀀𒀝𒉌𒅖"", -18.3706], [""𒌷𒆷𒊍𒉺"", -18.3706], [""𒈪𒋫𒀭𒉌"", -18.3706], [""𒀸𒋗𒉿"", -19.0604], [""𒋼𒊑𒀉𒋾𒌅𒌋𒉌𒅖"", -19.6834], [""ku6"", -24.2448], [""iːsˤaː́"", -25.6984]]"
ipinamai	𒌷𒀀𒉿𒅈𒈾	-20.7122	"[[""𒌷𒀀𒉿𒅈𒈾"", -20.7122], [""𒌷𒉈𒂊𒊭𒀸"", -20.7122], [""𒀀𒀝𒉌𒅖"", -21.2055], [""𒌷𒄩𒀜𒋾"", -21.2055], [""𒈪𒋫𒀭𒉌"", -21.2055], [""𒌷𒆷𒊍𒉺"", -21.2055], [""𒋼𒊑𒀉𒋾𒌅𒌋𒉌𒅖"", -21.435], [""𒀸𒋗𒉿"", -22.1053], [""ku6"", -27.4599], [""iːsˤaː́"", -28.4239]]"
ipinamain	𒋼𒊑𒀉𒋾𒌅𒌋𒉌𒅖	-23.4063	"[[""𒋼𒊑𒀉𒋾𒌅𒌋𒉌𒅖"", -23.4063], [""𒌷𒉈𒂊𒊭𒀸"", -23.4428], [""𒌷𒀀𒉿𒅈𒈾"", -23.4428], [""𒀀𒀝𒉌𒅖"", -24.139], [""𒌷𒄩𒀜𒋾"", -24.139], [""𒌷𒆷𒊍𒉺"", -24.139], [""𒈪𒋫𒀭𒉌"", -24.139], [""𒀸𒋗𒉿"", -25.2127], [""ku6"", -30.7105], [""iːsˤaː́"", -31.2348]]"
ipinamaina	𒋼𒊑𒀉𒋾𒌅𒌋𒉌𒅖	-25.5942	"[[""𒋼𒊑𒀉𒋾𒌅𒌋𒉌𒅖"", -25.5942], [""𒌷𒉈𒂊𒊭𒀸"", -26.2798], [""𒌷𒀀𒉿𒅈𒈾"", -26.2798], [""𒀀𒀝𒉌𒅖"", -27.1456], [""𒌷𒆷𒊍𒉺"", -27.1456], [""𒈪𒋫𒀭𒉌"", -27.1456], [""𒌷𒄩𒀜𒋾"", -27.1456], [""𒀸𒋗𒉿"", -28.3678], [""ku6"", -33.9888], [""iːsˤaː́"", -34.1135]]"
ipinamas	𒌷𒀀𒉿𒅈𒈾	-20.7122	"[[""𒌷𒀀𒉿𒅈𒈾"", -20.7122], [""𒌷𒉈𒂊𒊭𒀸"", -20.7122], [""𒈪𒋫𒀭𒉌"", -21.2055], [""𒌷𒆷𒊍𒉺"", -21.2055], [""𒌷𒄩𒀜𒋾"", -21.2055], [""𒀀𒀝𒉌𒅖"", -21.2055], [""𒋼𒊑𒀉𒋾𒌅𒌋𒉌𒅖"", -21.435], [""𒀸𒋗𒉿"", -22.1053], [""apːa"", -25.6053], [""paːi"", -25.6066]]"
ipinamasi	𒋼𒊑𒀉𒋾𒌅𒌋𒉌𒅖	-23.4063	"[[""𒋼𒊑𒀉𒋾𒌅𒌋𒉌𒅖"", -23.4063], [""𒌷𒉈𒂊𒊭𒀸"", -23.4428], [""𒌷𒀀𒉿𒅈𒈾"", -23.4428], [""𒌷𒆷𒊍𒉺"", -24.139], [""𒀀𒀝𒉌𒅖"", -24.139], [""𒌷𒄩𒀜𒋾"", -24.139], [""𒈪𒋫𒀭𒉌"", -24.139], [""𒀸𒋗𒉿"", -25.2127], [""apːa"", -29.0833], [""paːi"", -29.0882]]"
ipinamasir	𒋼𒊑𒀉𒋾𒌅𒌋𒉌𒅖	-25.5942	"[[""𒋼𒊑𒀉𒋾𒌅𒌋𒉌𒅖"", -25.5942], [""𒌷𒉈𒂊𒊭𒀸"", -26.2798], [""𒌷𒀀𒉿𒅈𒈾"", -26.2798], [""𒌷𒆷𒊍𒉺"", -27.1456], [""𒀀𒀝𒉌𒅖"", -27.1456], [""𒈪𒋫𒀭𒉌"", -27.1456], [""𒌷𒄩𒀜𒋾"", -27.1456], [""𒀸𒋗𒉿"", -28.3678], [""saːki"", -30.1647], [""waːki"", -30.1647]]"
ira	𒀸𒋗𒉿	-8.4226	"[[""𒀸𒋗𒉿"", -8.4226], [""ku6"", -9.6204], [""𒌷𒄩𒀜𒋾"", -9.899], [""𒀀𒀝𒉌𒅖"", -9.899], [""𒌷𒆷𒊍𒉺"", -9.899], [""𒈪𒋫𒀭𒉌"", -9.899], [""ke"", -10.2889], [""uk"", -10.2889], [""praː"", -10.3051], [""eːʃ"", -10.5077]]"
iru	as	-4.8816	"[[""as"", -4.8816], [""uk"", -5.9689], [""kut"", -7.0877], [""ais"", -7.1999], [""itut"", -7.2397], [""kuit"", -7.459], [""kuis"", -7.459], [""xus"", -7.5843], [""iti"", -8.3003], [""𒀸𒋗𒉿"", -8.4226]]"
irut	as	-8.3887	"[[""as"", -8.3887], [""uk"", -9.4741], [""itut"", -10.4574], [""kut"", -10.5722], [""𒀸𒋗𒉿"", -10.6439], [""ais"", -10.6974], [""kuit"", -10.961], [""kuis"", -10.961], [""asːus"", -11.0509], [""atːas"", -11.0509]]"
irute	as	-11.8958	"[[""as"", -11.8958], [""uk"", -12.9792], [""𒀀𒀝𒉌𒅖"", -13.1999], [""𒌷𒆷𒊍𒉺"", -13.1999], [""𒌷𒄩𒀜𒋾"", -13.1999], [""𒈪𒋫𒀭𒉌"", -13.1999], [""𒀸𒋗𒉿"", -13.2697], [""atːas"", -13.5493], [""asːus"", -13.5493], [""utːar"", -13.5855]]"
irutei	as	-15.4029	"[[""as"", -15.4029], [""𒀀𒀝𒉌𒅖"", -15.6764], [""𒌷𒄩𒀜𒋾"", -15.6764], [""𒌷𒆷𒊍𒉺"", -15.6764], [""𒈪𒋫𒀭𒉌"", -15.6764], [""𒌷𒀀𒉿𒅈𒈾"", -15.7621], [""𒌷𒉈𒂊𒊭𒀸"", -15.7621], [""𒀸𒋗𒉿"", -16.1017], [""atːas"", -16.3834], [""asːus"", -16.3834]]"
iruteid	𒌷𒀀𒉿𒅈𒈾	-18.1288	"[[""𒌷𒀀𒉿𒅈𒈾"", -18.1288], [""𒌷𒉈𒂊𒊭𒀸"", -18.1288], [""𒀀𒀝𒉌𒅖"", -18.3706], [""𒌷𒆷𒊍𒉺"", -18.3706], [""𒌷𒄩𒀜𒋾"", -18.3706], [""𒈪𒋫𒀭𒉌"", -18.3706], [""as"", -18.91], [""𒀸𒋗𒉿"", -19.0604], [""atːas"", -19.3838], [""asːus"", -19.3838]]"
iruteidi	𒌷𒉈𒂊𒊭𒀸	-20.7122	"[[""𒌷𒉈𒂊𒊭𒀸"", -20.7122], [""𒌷𒀀𒉿𒅈𒈾"", -20.7122], [""𒀀𒀝𒉌𒅖"", -21.2055], [""𒈪𒋫𒀭𒉌"", -21.2055], [""𒌷𒆷𒊍𒉺"", -21.2055], [""𒌷𒄩𒀜𒋾"", -21.2055], [""𒋼𒊑𒀉𒋾𒌅𒌋𒉌𒅖"", -21.435], [""𒀸𒋗𒉿"", -22.1053], [""as"", -22.4172], [""asːus"", -22.4839]]"
isi	𒀸𒋗𒉿	-8.4226	"[[""𒀸𒋗𒉿"", -8.4226], [""ku6"", -9.6204], [""𒌷𒄩𒀜𒋾"", -9.899], [""𒀀𒀝𒉌𒅖"", -9.899], [""𒌷𒆷𒊍𒉺"", -9.899], [""𒈪𒋫𒀭𒉌"", -9.899], [""ke"", -10.2889], [""uk"", -10.2889], [""praː"", -10.3051], [""eːʃ"", -10.5077]]"
isir	uk	-9.468	"[[""uk"", -9.468], [""ke"", -9.4697], [""𒀸𒋗𒉿"", -10.6439], [""paːi"", -10.8577], [""apːa"", -10.861], [""𒌷𒄩𒀜𒋾"", -11.1101], [""𒌷𒆷𒊍𒉺"", -11.1101], [""𒈪𒋫𒀭𒉌"", -11.1101], [""𒀀𒀝𒉌𒅖"", -11.1101], [""pai"", -11.3166]]"
ite	𒀸𒋗𒉿	-8.4226	"[[""𒀸𒋗𒉿"", -8.4226], [""𒀀𒀝𒉌𒅖"", -9.899], [""𒌷𒄩𒀜𒋾"", -9.899], [""𒈪𒋫𒀭𒉌"", -9.899], [""𒌷𒆷𒊍𒉺"", -9.899], [""𒌷𒉈𒂊𒊭𒀸"", -10.7315], [""𒌷𒀀𒉿𒅈𒈾"", -10.7315], [""ku6"", -12.1474], [""aʃ"", -12.8387], [""wa"", -12.8387]]"
ites	𒀸𒋗𒉿	-10.6439	"[[""𒀸𒋗𒉿"", -10.6439], [""𒀀𒀝𒉌𒅖"", -11.1101], [""𒌷𒆷𒊍𒉺"", -11.1101], [""𒌷𒄩𒀜𒋾"", -11.1101], [""𒈪𒋫𒀭𒉌"", -11.1101], [""𒌷𒉈𒂊𒊭𒀸"", -12.2879], [""𒌷𒀀𒉿𒅈𒈾"", -12.2879], [""apːa"", -13.4828], [""paːi"", -13.4858], [""uk"", -13.4922]]"
itesi	𒀀𒀝𒉌𒅖	-13.1999	"[[""𒀀𒀝𒉌𒅖"", -13.1999], [""𒈪𒋫𒀭𒉌"", -13.1999], [""𒌷𒄩𒀜𒋾"", -13.1999], [""𒌷𒆷𒊍𒉺"", -13.1999], [""𒀸𒋗𒉿"", -13.2697], [""𒌷𒀀𒉿𒅈𒈾"", -13.742], [""𒌷𒉈𒂊𒊭𒀸"", -13.742], [""ku6"", -16.1858], [""praː"", -16.673], [""𒋼𒊑𒀉𒋾𒌅𒌋𒉌𒅖"", -16.8346]]"
itesir	𒌷𒆷𒊍𒉺	-15.6764	"[[""𒌷𒆷𒊍𒉺"", -15.6764], [""𒀀𒀝𒉌𒅖"", -15.6764], [""𒌷𒄩𒀜𒋾"", -15.6764], [""𒈪𒋫𒀭𒉌"", -15.6764], [""𒌷𒉈𒂊𒊭𒀸"", -15.7621], [""𒌷𒀀𒉿𒅈𒈾"", -15.7621], [""𒀸𒋗𒉿"", -16.1017], [""uk"", -16.4697], [""ke"", -16.4749], [""apːa"", -17.3571]]"
itesira	𒌷𒉈𒂊𒊭𒀸	-18.1288	"[[""𒌷𒉈𒂊𒊭𒀸"", -18.1288], [""𒌷𒀀𒉿𒅈𒈾"", -18.1288], [""𒀀𒀝𒉌𒅖"", -18.3706], [""𒌷𒄩𒀜𒋾"", -18.3706], [""𒌷𒆷𒊍𒉺"", -18.3706], [""𒈪𒋫𒀭𒉌"", -18.3706], [""𒀸𒋗𒉿"", -19.0604], [""ku6"", -19.2879], [""𒋼𒊑𒀉𒋾𒌅𒌋𒉌𒅖"", -19.6834], [""uk"", -19.9723]]"
itet	𒀸𒋗𒉿	-10.6439	"[[""𒀸𒋗𒉿"", -10.6439], [""𒀀𒀝𒉌𒅖"", -11.1101], [""𒌷𒆷𒊍𒉺"", -11.1101], [""𒈪𒋫𒀭𒉌"", -11.1101], [""𒌷𒄩𒀜𒋾"", -11.1101], [""𒌷𒀀𒉿𒅈𒈾"", -12.2879], [""𒌷𒉈𒂊𒊭𒀸"", -12.2879], [""ku6"", -14.9765], [""𒋼𒊑𒀉𒋾𒌅𒌋𒉌𒅖"", -15.6251], [""lu"", -16.0479]]"
itete	𒌷𒆷𒊍𒉺	-13.1999	"[[""𒌷𒆷𒊍𒉺"", -13.1999], [""𒀀𒀝𒉌𒅖"", -13.1999], [""𒌷𒄩𒀜𒋾"", -13.1999], [""𒈪𒋫𒀭𒉌"", -13.1999], [""𒀸𒋗𒉿"", -13.2697], [""𒌷𒀀𒉿𒅈𒈾"", -13.742], [""𒌷𒉈𒂊𒊭𒀸"", -13.742], [""𒋼𒊑𒀉𒋾𒌅𒌋𒉌𒅖"", -16.8346], [""ku6"", -17.9765], [""ke"", -19.3208]]"
iteter	𒌷𒆷𒊍𒉺	-15.6764	"[[""𒌷𒆷𒊍𒉺"", -15.6764], [""𒀀𒀝𒉌𒅖"", -15.6764], [""𒌷𒄩𒀜𒋾"", -15.6764], [""𒈪𒋫𒀭𒉌"", -15.6764], [""𒌷𒀀𒉿𒅈𒈾"", -15.7621], [""𒌷𒉈𒂊𒊭𒀸"", -15.7621], [""𒀸𒋗𒉿"", -16.1017], [""𒋼𒊑𒀉𒋾𒌅𒌋𒉌𒅖"", -18.0751], [""apːa"", -19.3325], [""paːi"", -19.3343]]"
itetere	𒌷𒉈𒂊𒊭𒀸	-18.1288	"[[""𒌷𒉈𒂊𒊭𒀸"", -18.1288], [""𒌷𒀀𒉿𒅈𒈾"", -18.1288], [""𒀀𒀝𒉌𒅖"", -18.3706], [""𒌷𒆷𒊍𒉺"", -18.3706], [""𒈪𒋫𒀭𒉌"", -18.3706], [""𒌷𒄩𒀜𒋾"", -18.3706], [""𒀸𒋗𒉿"", -19.0604], [""𒋼𒊑𒀉𒋾𒌅𒌋𒉌𒅖"", -19.6834], [""apːa"", -22.7937], [""paːi"", -22.8004]]"
iteterep	𒌷𒉈𒂊𒊭𒀸	-20.7122	"[[""𒌷𒉈𒂊𒊭𒀸"", -20.7122], [""𒌷𒀀𒉿𒅈𒈾"", -20.7122], [""𒀀𒀝𒉌𒅖"", -21.2055], [""𒌷𒆷𒊍𒉺"", -21.2055], [""𒈪𒋫𒀭𒉌"", -21.2055], [""𒌷𒄩𒀜𒋾"", -21.2055], [""𒋼𒊑𒀉𒋾𒌅𒌋𒉌𒅖"", -21.435], [""𒀸𒋗𒉿"", -22.1053], [""ku6"", -25.7189], [""iːsˤaː́"", -25.7982]]"
iti	𒀸𒋗𒉿	-8.4226	"[[""𒀸𒋗𒉿"", -8.4226], [""𒀀𒀝𒉌𒅖"", -9.899], [""𒌷𒄩𒀜𒋾"", -9.899], [""𒈪𒋫𒀭𒉌"", -9.899], [""𒌷𒆷𒊍𒉺"", -9.899], [""𒌷𒉈𒂊𒊭𒀸"", -10.7315], [""𒌷𒀀𒉿𒅈𒈾"", -10.7315], [""ku6"", -12.1474], [""aʃ"", -12.8387], [""wa"", -12.8387]]"
itu	𒀸𒋗𒉿	-8.4226	"[[""𒀸𒋗𒉿"", -8.4226], [""as"", -9.3933], [""kut"", -9.5934], [""ais"", -9.7388], [""xus"", -9.7388], [""𒀀𒀝𒉌𒅖"", -9.899], [""𒌷𒆷𒊍𒉺"", -9.899], [""𒌷𒄩𒀜𒋾"", -9.899], [""𒈪𒋫𒀭𒉌"", -9.899], [""tuk"", -9.9531]]"
ituj	ke	-9.482	"[[""ke"", -9.482], [""𒀸𒋗𒉿"", -10.6439], [""iti"", -10.762], [""pata"", -10.8431], [""tai"", -11.0539], [""𒌷𒄩𒀜𒋾"", -11.1101], [""𒀀𒀝𒉌𒅖"", -11.1101], [""𒌷𒆷𒊍𒉺"", -11.1101], [""𒈪𒋫𒀭𒉌"", -11.1101], [""teri"", -11.1683]]"
ituja	ku6	-12.3294	"[[""ku6"", -12.3294], [""ke"", -12.9862], [""𒌷𒄩𒀜𒋾"", -13.1999], [""𒀀𒀝𒉌𒅖"", -13.1999], [""𒌷𒆷𒊍𒉺"", -13.1999], [""𒈪𒋫𒀭𒉌"", -13.1999], [""𒀸𒋗𒉿"", -13.2697], [""𒌷𒀀𒉿𒅈𒈾"", -13.742], [""𒌷𒉈𒂊𒊭𒀸"", -13.742], [""tai"", -14.1686]]"
itujas	tuk	-12.9822	"[[""tuk"", -12.9822], [""tai"", -13.2624], [""paːi"", -13.6947], [""pai"", -14.3517], [""saːki"", -14.7768], [""sakːi"", -14.9267], [""tsak"", -14.9962], [""tsik"", -14.9962], [""ku6"", -15.1462], [""aːsːa"", -15.4785]]"
iΘt	𒀸𒋗𒉿	-8.4226	"[[""𒀸𒋗𒉿"", -8.4226], [""𒀀𒀝𒉌𒅖"", -9.899], [""𒌷𒄩𒀜𒋾"", -9.899], [""𒈪𒋫𒀭𒉌"", -9.899], [""𒌷𒆷𒊍𒉺"", -9.899], [""𒌷𒉈𒂊𒊭𒀸"", -10.7315], [""𒌷𒀀𒉿𒅈𒈾"", -10.7315], [""ku6"", -12.1474], [""aʃ"", -12.8387], [""wa"", -12.8387]]"
iΘti	𒀸𒋗𒉿	-10.6439	"[[""𒀸𒋗𒉿"", -10.6439], [""𒀀𒀝𒉌𒅖"", -11.1101], [""𒌷𒆷𒊍𒉺"", -11.1101], [""𒈪𒋫𒀭𒉌"", -11.1101], [""𒌷𒄩𒀜𒋾"", -11.1101], [""𒌷𒀀𒉿𒅈𒈾"", -12.2879], [""𒌷𒉈𒂊𒊭𒀸"", -12.2879], [""ku6"", -14.9765], [""𒋼𒊑𒀉𒋾𒌅𒌋𒉌𒅖"", -15.6251], [""lu"", -16.0479]]"
iΘtij	𒈪𒋫𒀭𒉌	-13.1999	"[[""𒈪𒋫𒀭𒉌"", -13.1999], [""𒀀𒀝𒉌𒅖"", -13.1999], [""𒌷𒄩𒀜𒋾"", -13.1999], [""𒌷𒆷𒊍𒉺"", -13.1999], [""𒀸𒋗𒉿"", -13.2697], [""𒌷𒉈𒂊𒊭𒀸"", -13.742], [""𒌷𒀀𒉿𒅈𒈾"", -13.742], [""eːʃ"", -14.3902], [""xuːʃ"", -14.9647], [""aʃ"", -15.8508]]"
iΘtija	𒌷𒆷𒊍𒉺	-15.6764	"[[""𒌷𒆷𒊍𒉺"", -15.6764], [""𒀀𒀝𒉌𒅖"", -15.6764], [""𒌷𒄩𒀜𒋾"", -15.6764], [""𒈪𒋫𒀭𒉌"", -15.6764], [""𒌷𒀀𒉿𒅈𒈾"", -15.7621], [""𒌷𒉈𒂊𒊭𒀸"", -15.7621], [""𒀸𒋗𒉿"", -16.1017], [""eːʃ"", -17.8656], [""𒋼𒊑𒀉𒋾𒌅𒌋𒉌𒅖"", -18.0751], [""xuːʃ"", -18.4486]]"
iΘtijas	𒌷𒉈𒂊𒊭𒀸	-18.1288	"[[""𒌷𒉈𒂊𒊭𒀸"", -18.1288], [""𒌷𒀀𒉿𒅈𒈾"", -18.1288], [""𒌷𒄩𒀜𒋾"", -18.3706], [""𒀀𒀝𒉌𒅖"", -18.3706], [""𒌷𒆷𒊍𒉺"", -18.3706], [""𒈪𒋫𒀭𒉌"", -18.3706], [""uːxːi"", -18.5973], [""𒀸𒋗𒉿"", -19.0604], [""𒋼𒊑𒀉𒋾𒌅𒌋𒉌𒅖"", -19.6834], [""uxːi"", -19.9407]]"
iΘtijasa	𒌷𒉈𒂊𒊭𒀸	-20.7122	"[[""𒌷𒉈𒂊𒊭𒀸"", -20.7122], [""𒌷𒀀𒉿𒅈𒈾"", -20.7122], [""𒈪𒋫𒀭𒉌"", -21.2055], [""𒀀𒀝𒉌𒅖"", -21.2055], [""𒌷𒄩𒀜𒋾"", -21.2055], [""𒌷𒆷𒊍𒉺"", -21.2055], [""𒋼𒊑𒀉𒋾𒌅𒌋𒉌𒅖"", -21.435], [""uːxːi"", -22.0924], [""𒀸𒋗𒉿"", -22.1053], [""uxːi"", -23.4365]]"
iΘtijasas	𒋼𒊑𒀉𒋾𒌅𒌋𒉌𒅖	-23.4063	"[[""𒋼𒊑𒀉𒋾𒌅𒌋𒉌𒅖"", -23.4063], [""𒌷𒀀𒉿𒅈𒈾"", -23.4428], [""𒌷𒉈𒂊𒊭𒀸"", -23.4428], [""𒀀𒀝𒉌𒅖"", -24.139], [""𒌷𒆷𒊍𒉺"", -24.139], [""𒌷𒄩𒀜𒋾"", -24.139], [""𒈪𒋫𒀭𒉌"", -24.139], [""apːa"", -24.1776], [""uːxːi"", -24.2029], [""xʃap"", -24.906]]"
iΘtijasasa	𒋼𒊑𒀉𒋾𒌅𒌋𒉌𒅖	-25.5942	"[[""𒋼𒊑𒀉𒋾𒌅𒌋𒉌𒅖"", -25.5942], [""𒌷𒀀𒉿𒅈𒈾"", -26.2798], [""𒌷𒉈𒂊𒊭𒀸"", -26.2798], [""𒌷𒄩𒀜𒋾"", -27.1456], [""𒀀𒀝𒉌𒅖"", -27.1456], [""𒌷𒆷𒊍𒉺"", -27.1456], [""𒈪𒋫𒀭𒉌"", -27.1456], [""apːa"", -27.6638], [""uːxːi"", -27.7054], [""𒀸𒋗𒉿"", -28.3678]]"
iΘu	𒀸𒋗𒉿	-8.4226	"[[""𒀸𒋗𒉿"", -8.4226], [""as"", -9.3933], [""kut"", -9.5934], [""ais"", -9.7388], [""xus"", -9.7388], [""𒀀𒀝𒉌𒅖"", -9.899], [""𒌷𒆷𒊍𒉺"", -9.899], [""𒌷𒄩𒀜𒋾"", -9.899], [""𒈪𒋫𒀭𒉌"", -9.899], [""tuk"", -9.9531]]"
iΘuj	ke	-9.482	"[[""ke"", -9.482], [""𒀸𒋗𒉿"", -10.6439], [""iti"", -10.762], [""pata"", -10.8431], [""tai"", -11.0539], [""𒌷𒄩𒀜𒋾"", -11.1101], [""𒀀𒀝𒉌𒅖"", -11.1101], [""𒌷𒆷𒊍𒉺"", -11.1101], [""𒈪𒋫𒀭𒉌"", -11.1101], [""teri"", -11.1683]]"
iΘuja	ku6	-12.3294	"[[""ku6"", -12.3294], [""ke"", -12.9862], [""𒌷𒄩𒀜𒋾"", -13.1999], [""𒀀𒀝𒉌𒅖"", -13.1999], [""𒌷𒆷𒊍𒉺"", -13.1999], [""𒈪𒋫𒀭𒉌"", -13.1999], [""𒀸𒋗𒉿"", -13.2697], [""𒌷𒀀𒉿𒅈𒈾"", -13.742], [""𒌷𒉈𒂊𒊭𒀸"", -13.742], [""tai"", -14.1686]]"
iΘut	𒀸𒋗𒉿	-10.6439	"[[""𒀸𒋗𒉿"", -10.6439], [""𒀀𒀝𒉌𒅖"", -11.1101], [""𒈪𒋫𒀭𒉌"", -11.1101], [""𒌷𒄩𒀜𒋾"", -11.1101], [""𒌷𒆷𒊍𒉺"", -11.1101], [""𒌷𒀀𒉿𒅈𒈾"", -12.2879], [""𒌷𒉈𒂊𒊭𒀸"", -12.2879], [""as"", -12.8904], [""kut"", -12.9682], [""tuk"", -12.9891]]"
iΘuti	𒌷𒆷𒊍𒉺	-13.1999	"[[""𒌷𒆷𒊍𒉺"", -13.1999], [""𒀀𒀝𒉌𒅖"", -13.1999], [""𒈪𒋫𒀭𒉌"", -13.1999], [""𒌷𒄩𒀜𒋾"", -13.1999], [""𒀸𒋗𒉿"", -13.2697], [""𒌷𒉈𒂊𒊭𒀸"", -13.742], [""𒌷𒀀𒉿𒅈𒈾"", -13.742], [""tuk"", -16.1696], [""ku6"", -16.2705], [""kut"", -16.3551]]"
iΘutin	𒀀𒀝𒉌𒅖	-15.6764	"[[""𒀀𒀝𒉌𒅖"", -15.6764], [""𒈪𒋫𒀭𒉌"", -15.6764], [""𒌷𒆷𒊍𒉺"", -15.6764], [""𒌷𒄩𒀜𒋾"", -15.6764], [""𒌷𒀀𒉿𒅈𒈾"", -15.7621], [""𒌷𒉈𒂊𒊭𒀸"", -15.7621], [""𒀸𒋗𒉿"", -16.1017], [""𒋼𒊑𒀉𒋾𒌅𒌋𒉌𒅖"", -18.0751], [""iːsˤaː́"", -18.8408], [""ku6"", -19.2381]]"
iΘutinu	𒌷𒉈𒂊𒊭𒀸	-18.1288	"[[""𒌷𒉈𒂊𒊭𒀸"", -18.1288], [""𒌷𒀀𒉿𒅈𒈾"", -18.1288], [""𒌷𒆷𒊍𒉺"", -18.3706], [""𒀀𒀝𒉌𒅖"", -18.3706], [""𒈪𒋫𒀭𒉌"", -18.3706], [""𒌷𒄩𒀜𒋾"", -18.3706], [""𒀸𒋗𒉿"", -19.0604], [""𒋼𒊑𒀉𒋾𒌅𒌋𒉌𒅖"", -19.6834], [""tsak"", -20.0733], [""tsik"", -20.0733]]"
iΘutinuj	saːki	-20.7102	"[[""saːki"", -20.7102], [""𒌷𒉈𒂊𒊭𒀸"", -20.7122], [""𒌷𒀀𒉿𒅈𒈾"", -20.7122], [""𒀀𒀝𒉌𒅖"", -21.2055], [""𒌷𒆷𒊍𒉺"", -21.2055], [""𒌷𒄩𒀜𒋾"", -21.2055], [""𒈪𒋫𒀭𒉌"", -21.2055], [""𒋼𒊑𒀉𒋾𒌅𒌋𒉌𒅖"", -21.435], [""eʃtsi"", -21.6158], [""aːsːa"", -21.8095]]"
iΘutinuja	𒋼𒊑𒀉𒋾𒌅𒌋𒉌𒅖	-23.4063	"[[""𒋼𒊑𒀉𒋾𒌅𒌋𒉌𒅖"", -23.4063], [""𒌷𒉈𒂊𒊭𒀸"", -23.4428], [""𒌷𒀀𒉿𒅈𒈾"", -23.4428], [""𒌷𒆷𒊍𒉺"", -24.139], [""𒀀𒀝𒉌𒅖"", -24.139], [""𒌷𒄩𒀜𒋾"", -24.139], [""𒈪𒋫𒀭𒉌"", -24.139], [""saːki"", -24.1921], [""tsak"", -24.9834], [""tsik"", -24.9834]]"
iΘutinujas	tsik	-23.4949	"[[""tsik"", -23.4949], [""tsak"", -23.4949], [""tsiːik"", -24.9747], [""𒋼𒊑𒀉𒋾𒌅𒌋𒉌𒅖"", -25.5942], [""eːtsːi"", -25.99], [""𒌷𒀀𒉿𒅈𒈾"", -26.2798], [""𒌷𒉈𒂊𒊭𒀸"", -26.2798], [""tuk"", -26.3068], [""xastai"", -26.4857], [""tai"", -26.5869]]"
iΘw	𒀸𒋗𒉿	-8.4226	"[[""𒀸𒋗𒉿"", -8.4226], [""𒀀𒀝𒉌𒅖"", -9.899], [""𒌷𒄩𒀜𒋾"", -9.899], [""𒈪𒋫𒀭𒉌"", -9.899], [""𒌷𒆷𒊍𒉺"", -9.899], [""𒌷𒉈𒂊𒊭𒀸"", -10.7315], [""𒌷𒀀𒉿𒅈𒈾"", -10.7315], [""ku6"", -12.1474], [""aʃ"", -12.8387], [""wa"", -12.8387]]"
iΘwa	𒀸𒋗𒉿	-10.6439	"[[""𒀸𒋗𒉿"", -10.6439], [""𒀀𒀝𒉌𒅖"", -11.1101], [""𒌷𒆷𒊍𒉺"", -11.1101], [""𒈪𒋫𒀭𒉌"", -11.1101], [""𒌷𒄩𒀜𒋾"", -11.1101], [""𒌷𒀀𒉿𒅈𒈾"", -12.2879], [""𒌷𒉈𒂊𒊭𒀸"", -12.2879], [""ku6"", -14.9765], [""𒋼𒊑𒀉𒋾𒌅𒌋𒉌𒅖"", -15.6251], [""lu"", -16.0479]]"
iΘwae	𒌷𒆷𒊍𒉺	-13.1999	"[[""𒌷𒆷𒊍𒉺"", -13.1999], [""𒀀𒀝𒉌𒅖"", -13.1999], [""𒌷𒄩𒀜𒋾"", -13.1999], [""𒈪𒋫𒀭𒉌"", -13.1999], [""𒀸𒋗𒉿"", -13.2697], [""𒌷𒀀𒉿𒅈𒈾"", -13.742], [""𒌷𒉈𒂊𒊭𒀸"", -13.742], [""𒋼𒊑𒀉𒋾𒌅𒌋𒉌𒅖"", -16.8346], [""ku6"", -17.9765], [""ke"", -19.3208]]"
iΘwaea	𒀀𒀝𒉌𒅖	-15.6764	"[[""𒀀𒀝𒉌𒅖"", -15.6764], [""𒌷𒄩𒀜𒋾"", -15.6764], [""𒈪𒋫𒀭𒉌"", -15.6764], [""𒌷𒆷𒊍𒉺"", -15.6764], [""𒌷𒀀𒉿𒅈𒈾"", -15.7621], [""𒌷𒉈𒂊𒊭𒀸"", -15.7621], [""𒀸𒋗𒉿"", -16.1017], [""𒋼𒊑𒀉𒋾𒌅𒌋𒉌𒅖"", -18.0751], [""ku6"", -21.0773], [""lu"", -22.6343]]"
iΘwaead	𒌷𒀀𒉿𒅈𒈾	-18.1288	"[[""𒌷𒀀𒉿𒅈𒈾"", -18.1288], [""𒌷𒉈𒂊𒊭𒀸"", -18.1288], [""𒌷𒄩𒀜𒋾"", -18.3706], [""𒀀𒀝𒉌𒅖"", -18.3706], [""𒌷𒆷𒊍𒉺"", -18.3706], [""𒈪𒋫𒀭𒉌"", -18.3706], [""𒀸𒋗𒉿"", -19.0604], [""𒋼𒊑𒀉𒋾𒌅𒌋𒉌𒅖"", -19.6834], [""ku6"", -24.2448], [""iːsˤaː́"", -25.6984]]"
iΘwaeadi	𒌷𒀀𒉿𒅈𒈾	-20.7122	"[[""𒌷𒀀𒉿𒅈𒈾"", -20.7122], [""𒌷𒉈𒂊𒊭𒀸"", -20.7122], [""𒀀𒀝𒉌𒅖"", -21.2055], [""𒌷𒄩𒀜𒋾"", -21.2055], [""𒈪𒋫𒀭𒉌"", -21.2055], [""𒌷𒆷𒊍𒉺"", -21.2055], [""𒋼𒊑𒀉𒋾𒌅𒌋𒉌𒅖"", -21.435], [""𒀸𒋗𒉿"", -22.1053], [""ku6"", -27.4599], [""iːsˤaː́"", -28.4239]]"
iΘwaeadik	𒋼𒊑𒀉𒋾𒌅𒌋𒉌𒅖	-23.4063	"[[""𒋼𒊑𒀉𒋾𒌅𒌋𒉌𒅖"", -23.4063], [""𒌷𒉈𒂊𒊭𒀸"", -23.4428], [""𒌷𒀀𒉿𒅈𒈾"", -23.4428], [""𒀀𒀝𒉌𒅖"", -24.139], [""𒌷𒄩𒀜𒋾"", -24.139], [""𒌷𒆷𒊍𒉺"", -24.139], [""𒈪𒋫𒀭𒉌"", -24.139], [""𒀸𒋗𒉿"", -25.2127], [""ku6"", -30.7105], [""iːsˤaː́"", -31.2348]]"
iΘwaeadiki	𒋼𒊑𒀉𒋾𒌅𒌋𒉌𒅖	-25.5942	"[[""𒋼𒊑𒀉𒋾𒌅𒌋𒉌𒅖"", -25.5942], [""𒌷𒉈𒂊𒊭𒀸"", -26.2798], [""𒌷𒀀𒉿𒅈𒈾"", -26.2798], [""𒀀𒀝𒉌𒅖"", -27.1456], [""𒌷𒆷𒊍𒉺"", -27.1456], [""𒈪𒋫𒀭𒉌"", -27.1456], [""𒌷𒄩𒀜𒋾"", -27.1456], [""𒀸𒋗𒉿"", -28.3678], [""ku6"", -33.9888], [""iːsˤaː́"", -34.1135]]"
iΘwaj	𒈪𒋫𒀭𒉌	-13.1999	"[[""𒈪𒋫𒀭𒉌"", -13.1999], [""𒀀𒀝𒉌𒅖"", -13.1999], [""𒌷𒄩𒀜𒋾"", -13.1999], [""𒌷𒆷𒊍𒉺"", -13.1999], [""𒀸𒋗𒉿"", -13.2697], [""𒌷𒉈𒂊𒊭𒀸"", -13.742], [""𒌷𒀀𒉿𒅈𒈾"", -13.742], [""eːʃ"", -14.3902], [""xuːʃ"", -14.9647], [""aʃ"", -15.8508]]"
iΘwaja	𒌷𒆷𒊍𒉺	-15.6764	"[[""𒌷𒆷𒊍𒉺"", -15.6764], [""𒀀𒀝𒉌𒅖"", -15.6764], [""𒌷𒄩𒀜𒋾"", -15.6764], [""𒈪𒋫𒀭𒉌"", -15.6764], [""𒌷𒀀𒉿𒅈𒈾"", -15.7621], [""𒌷𒉈𒂊𒊭𒀸"", -15.7621], [""𒀸𒋗𒉿"", -16.1017], [""eːʃ"", -17.8656], [""𒋼𒊑𒀉𒋾𒌅𒌋𒉌𒅖"", -18.0751], [""xuːʃ"", -18.4486]]"
iΘwajaa	𒌷𒀀𒉿𒅈𒈾	-18.1288	"[[""𒌷𒀀𒉿𒅈𒈾"", -18.1288], [""𒌷𒉈𒂊𒊭𒀸"", -18.1288], [""𒈪𒋫𒀭𒉌"", -18.3706], [""𒌷𒆷𒊍𒉺"", -18.3706], [""𒌷𒄩𒀜𒋾"", -18.3706], [""𒀀𒀝𒉌𒅖"", -18.3706], [""𒀸𒋗𒉿"", -19.0604], [""𒋼𒊑𒀉𒋾𒌅𒌋𒉌𒅖"", -19.6834], [""eːʃ"", -21.3228], [""xuːʃ"", -21.9146]]"
iΘwajaad	𒌷𒀀𒉿𒅈𒈾	-20.7122	"[[""𒌷𒀀𒉿𒅈𒈾"", -20.7122], [""𒌷𒉈𒂊𒊭𒀸"", -20.7122], [""𒀀𒀝𒉌𒅖"", -21.2055], [""𒈪𒋫𒀭𒉌"", -21.2055], [""𒌷𒄩𒀜𒋾"", -21.2055], [""𒌷𒆷𒊍𒉺"", -21.2055], [""𒋼𒊑𒀉𒋾𒌅𒌋𒉌𒅖"", -21.435], [""𒀸𒋗𒉿"", -22.1053], [""eːʃ"", -24.7644], [""xuːʃ"", -25.3609]]"
iΘwajaadi	𒋼𒊑𒀉𒋾𒌅𒌋𒉌𒅖	-23.4063	"[[""𒋼𒊑𒀉𒋾𒌅𒌋𒉌𒅖"", -23.4063], [""𒌷𒀀𒉿𒅈𒈾"", -23.4428], [""𒌷𒉈𒂊𒊭𒀸"", -23.4428], [""𒌷𒄩𒀜𒋾"", -24.139], [""𒀀𒀝𒉌𒅖"", -24.139], [""𒌷𒆷𒊍𒉺"", -24.139], [""𒈪𒋫𒀭𒉌"", -24.139], [""𒀸𒋗𒉿"", -25.2127], [""iːsˤaː́"", -28.193], [""eːʃ"", -28.1933]]"
iΘwajaadik	𒋼𒊑𒀉𒋾𒌅𒌋𒉌𒅖	-25.5942	"[[""𒋼𒊑𒀉𒋾𒌅𒌋𒉌𒅖"", -25.5942], [""𒌷𒀀𒉿𒅈𒈾"", -26.2798], [""𒌷𒉈𒂊𒊭𒀸"", -26.2798], [""𒌷𒄩𒀜𒋾"", -27.1456], [""𒌷𒆷𒊍𒉺"", -27.1456], [""𒈪𒋫𒀭𒉌"", -27.1456], [""𒀀𒀝𒉌𒅖"", -27.1456], [""𒀸𒋗𒉿"", -28.3678], [""iːsˤaː́"", -31.1173], [""eːʃ"", -31.6127]]"
iΘwajaaj	𒌷𒉈𒂊𒊭𒀸	-20.7122	"[[""𒌷𒉈𒂊𒊭𒀸"", -20.7122], [""𒌷𒀀𒉿𒅈𒈾"", -20.7122], [""eːʃ"", -21.0209], [""𒈪𒋫𒀭𒉌"", -21.2055], [""𒀀𒀝𒉌𒅖"", -21.2055], [""𒌷𒆷𒊍𒉺"", -21.2055], [""𒌷𒄩𒀜𒋾"", -21.2055], [""uːxːi"", -21.3617], [""𒋼𒊑𒀉𒋾𒌅𒌋𒉌𒅖"", -21.435], [""xuːʃ"", -21.8117]]"
iΘwajaaja	𒋼𒊑𒀉𒋾𒌅𒌋𒉌𒅖	-23.4063	"[[""𒋼𒊑𒀉𒋾𒌅𒌋𒉌𒅖"", -23.4063], [""𒌷𒉈𒂊𒊭𒀸"", -23.4428], [""𒌷𒀀𒉿𒅈𒈾"", -23.4428], [""𒈪𒋫𒀭𒉌"", -24.139], [""𒀀𒀝𒉌𒅖"", -24.139], [""𒌷𒆷𒊍𒉺"", -24.139], [""𒌷𒄩𒀜𒋾"", -24.139], [""eːʃ"", -24.5264], [""uːxːi"", -24.7492], [""𒀸𒋗𒉿"", -25.2127]]"
iΘwajaj	𒌷𒉈𒂊𒊭𒀸	-18.1288	"[[""𒌷𒉈𒂊𒊭𒀸"", -18.1288], [""𒌷𒀀𒉿𒅈𒈾"", -18.1288], [""eːʃ"", -18.1517], [""𒈪𒋫𒀭𒉌"", -18.3706], [""𒀀𒀝𒉌𒅖"", -18.3706], [""𒌷𒆷𒊍𒉺"", -18.3706], [""𒌷𒄩𒀜𒋾"", -18.3706], [""uːxːi"", -18.5522], [""aʃ"", -18.8805], [""xuːʃ"", -18.9704]]"
iΘwajaja	𒌷𒀀𒉿𒅈𒈾	-20.7122	"[[""𒌷𒀀𒉿𒅈𒈾"", -20.7122], [""𒌷𒉈𒂊𒊭𒀸"", -20.7122], [""𒌷𒆷𒊍𒉺"", -21.2055], [""𒈪𒋫𒀭𒉌"", -21.2055], [""𒌷𒄩𒀜𒋾"", -21.2055], [""𒀀𒀝𒉌𒅖"", -21.2055], [""𒋼𒊑𒀉𒋾𒌅𒌋𒉌𒅖"", -21.435], [""eːʃ"", -21.6558], [""uːxːi"", -21.9316], [""𒀸𒋗𒉿"", -22.1053]]"
iΘwajajaa	𒋼𒊑𒀉𒋾𒌅𒌋𒉌𒅖	-23.4063	"[[""𒋼𒊑𒀉𒋾𒌅𒌋𒉌𒅖"", -23.4063], [""𒌷𒀀𒉿𒅈𒈾"", -23.4428], [""𒌷𒉈𒂊𒊭𒀸"", -23.4428], [""𒌷𒆷𒊍𒉺"", -24.139], [""𒀀𒀝𒉌𒅖"", -24.139], [""𒌷𒄩𒀜𒋾"", -24.139], [""𒈪𒋫𒀭𒉌"", -24.139], [""eːʃ"", -25.1583], [""𒀸𒋗𒉿"", -25.2127], [""uːxːi"", -25.2611]]"
iΘwajajad	𒋼𒊑𒀉𒋾𒌅𒌋𒉌𒅖	-23.4063	"[[""𒋼𒊑𒀉𒋾𒌅𒌋𒉌𒅖"", -23.4063], [""𒌷𒀀𒉿𒅈𒈾"", -23.4428], [""𒌷𒉈𒂊𒊭𒀸"", -23.4428], [""𒌷𒆷𒊍𒉺"", -24.139], [""𒀀𒀝𒉌𒅖"", -24.139], [""𒌷𒄩𒀜𒋾"", -24.139], [""𒈪𒋫𒀭𒉌"", -24.139], [""eːʃ"", -25.1583], [""𒀸𒋗𒉿"", -25.2127], [""uːxːi"", -25.2611]]"
iΘwajajadi	𒋼𒊑𒀉𒋾𒌅𒌋𒉌𒅖	-25.5942	"[[""𒋼𒊑𒀉𒋾𒌅𒌋𒉌𒅖"", -25.5942], [""𒌷𒉈𒂊𒊭𒀸"", -26.2798], [""𒌷𒀀𒉿𒅈𒈾"", -26.2798], [""𒀀𒀝𒉌𒅖"", -27.1456], [""𒌷𒆷𒊍𒉺"", -27.1456], [""𒌷𒄩𒀜𒋾"", -27.1456], [""𒈪𒋫𒀭𒉌"", -27.1456], [""𒀸𒋗𒉿"", -28.3678], [""uːxːi"", -28.565], [""eːʃ"", -28.6592]]"
iΘwajajai	𒋼𒊑𒀉𒋾𒌅𒌋𒉌𒅖	-23.4063	"[[""𒋼𒊑𒀉𒋾𒌅𒌋𒉌𒅖"", -23.4063], [""𒌷𒀀𒉿𒅈𒈾"", -23.4428], [""𒌷𒉈𒂊𒊭𒀸"", -23.4428], [""𒌷𒆷𒊍𒉺"", -24.139], [""𒀀𒀝𒉌𒅖"", -24.139], [""𒌷𒄩𒀜𒋾"", -24.139], [""𒈪𒋫𒀭𒉌"", -24.139], [""eːʃ"", -25.1583], [""𒀸𒋗𒉿"", -25.2127], [""uːxːi"", -25.2611]]"
iΘwajajain	𒋼𒊑𒀉𒋾𒌅𒌋𒉌𒅖	-25.5942	"[[""𒋼𒊑𒀉𒋾𒌅𒌋𒉌𒅖"", -25.5942], [""𒌷𒉈𒂊𒊭𒀸"", -26.2798], [""𒌷𒀀𒉿𒅈𒈾"", -26.2798], [""𒀀𒀝𒉌𒅖"", -27.1456], [""𒌷𒆷𒊍𒉺"", -27.1456], [""𒌷𒄩𒀜𒋾"", -27.1456], [""𒈪𒋫𒀭𒉌"", -27.1456], [""𒀸𒋗𒉿"", -28.3678], [""uːxːi"", -28.565], [""eːʃ"", -28.6592]]"
iΘwajajaj	xuːʃ	-21.7094	"[[""xuːʃ"", -21.7094], [""xuːxːaːʃ"", -21.9186], [""taːʃːuːʃ"", -21.9735], [""uːxːi"", -22.2616], [""uxːi"", -23.0452], [""iʃxaːʃ"", -23.159], [""neːʃaʃ"", -23.2537], [""xaʃːuʃ"", -23.3145], [""𒋼𒊑𒀉𒋾𒌅𒌋𒉌𒅖"", -23.4063], [""𒌷𒀀𒉿𒅈𒈾"", -23.4428]]"
iΘwajajaja	xuːʃ	-25.2119	"[[""xuːʃ"", -25.2119], [""xuːxːaːʃ"", -25.388], [""taːʃːuːʃ"", -25.4638], [""𒋼𒊑𒀉𒋾𒌅𒌋𒉌𒅖"", -25.5942], [""uːxːi"", -25.7415], [""𒌷𒀀𒉿𒅈𒈾"", -26.2798], [""𒌷𒉈𒂊𒊭𒀸"", -26.2798], [""uxːi"", -26.532], [""iʃxaːʃ"", -26.6179], [""xaʃːuʃ"", -26.6577]]"
iΘwajajas	uːxːi	-22.2677	"[[""uːxːi"", -22.2677], [""uxːi"", -23.0486], [""𒋼𒊑𒀉𒋾𒌅𒌋𒉌𒅖"", -23.4063], [""𒌷𒉈𒂊𒊭𒀸"", -23.4428], [""𒌷𒀀𒉿𒅈𒈾"", -23.4428], [""Ḫatːuʃa"", -23.4956], [""xʃap"", -24.0205], [""𒈪𒋫𒀭𒉌"", -24.139], [""𒀀𒀝𒉌𒅖"", -24.139], [""𒌷𒄩𒀜𒋾"", -24.139]]"
iΘwajajasa	𒋼𒊑𒀉𒋾𒌅𒌋𒉌𒅖	-25.5942	"[[""𒋼𒊑𒀉𒋾𒌅𒌋𒉌𒅖"", -25.5942], [""uːxːi"", -25.7645], [""𒌷𒉈𒂊𒊭𒀸"", -26.2798], [""𒌷𒀀𒉿𒅈𒈾"", -26.2798], [""uxːi"", -26.545], [""Ḫatːuʃa"", -26.9948], [""𒌷𒄩𒀜𒋾"", -27.1456], [""𒀀𒀝𒉌𒅖"", -27.1456], [""𒈪𒋫𒀭𒉌"", -27.1456], [""𒌷𒆷𒊍𒉺"", -27.1456]]"
iΘwajas	𒌷𒉈𒂊𒊭𒀸	-18.1288	"[[""𒌷𒉈𒂊𒊭𒀸"", -18.1288], [""𒌷𒀀𒉿𒅈𒈾"", -18.1288], [""𒌷𒄩𒀜𒋾"", -18.3706], [""𒀀𒀝𒉌𒅖"", -18.3706], [""𒌷𒆷𒊍𒉺"", -18.3706], [""𒈪𒋫𒀭𒉌"", -18.3706], [""uːxːi"", -18.5973], [""𒀸𒋗𒉿"", -19.0604], [""𒋼𒊑𒀉𒋾𒌅𒌋𒉌𒅖"", -19.6834], [""uxːi"", -19.9407]]"
iΘwajase	𒌷𒉈𒂊𒊭𒀸	-20.7122	"[[""𒌷𒉈𒂊𒊭𒀸"", -20.7122], [""𒌷𒀀𒉿𒅈𒈾"", -20.7122], [""𒈪𒋫𒀭𒉌"", -21.2055], [""𒀀𒀝𒉌𒅖"", -21.2055], [""𒌷𒄩𒀜𒋾"", -21.2055], [""𒌷𒆷𒊍𒉺"", -21.2055], [""𒋼𒊑𒀉𒋾𒌅𒌋𒉌𒅖"", -21.435], [""uːxːi"", -22.0924], [""𒀸𒋗𒉿"", -22.1053], [""uxːi"", -23.4365]]"
iΘwajasek	𒋼𒊑𒀉𒋾𒌅𒌋𒉌𒅖	-23.4063	"[[""𒋼𒊑𒀉𒋾𒌅𒌋𒉌𒅖"", -23.4063], [""𒌷𒀀𒉿𒅈𒈾"", -23.4428], [""𒌷𒉈𒂊𒊭𒀸"", -23.4428], [""𒌷𒄩𒀜𒋾"", -24.139], [""𒀀𒀝𒉌𒅖"", -24.139], [""𒌷𒆷𒊍𒉺"", -24.139], [""𒈪𒋫𒀭𒉌"", -24.139], [""𒀸𒋗𒉿"", -25.2127], [""uːxːi"", -25.5831], [""uxːi"", -26.9285]]"
iΘwajaseka	𒋼𒊑𒀉𒋾𒌅𒌋𒉌𒅖	-25.5942	"[[""𒋼𒊑𒀉𒋾𒌅𒌋𒉌𒅖"", -25.5942], [""𒌷𒀀𒉿𒅈𒈾"", -26.2798], [""𒌷𒉈𒂊𒊭𒀸"", -26.2798], [""𒀀𒀝𒉌𒅖"", -27.1456], [""𒌷𒄩𒀜𒋾"", -27.1456], [""𒌷𒆷𒊍𒉺"", -27.1456], [""𒈪𒋫𒀭𒉌"", -27.1456], [""𒀸𒋗𒉿"", -28.3678], [""uːxːi"", -29.0691], [""iːsˤaː́"", -29.8263]]"
iΘwajat	𒌷𒀀𒉿𒅈𒈾	-18.1288	"[[""𒌷𒀀𒉿𒅈𒈾"", -18.1288], [""𒌷𒉈𒂊𒊭𒀸"", -18.1288], [""𒈪𒋫𒀭𒉌"", -18.3706], [""𒌷𒆷𒊍𒉺"", -18.3706], [""𒌷𒄩𒀜𒋾"", -18.3706], [""𒀀𒀝𒉌𒅖"", -18.3706], [""𒀸𒋗𒉿"", -19.0604], [""𒋼𒊑𒀉𒋾𒌅𒌋𒉌𒅖"", -19.6834], [""eːʃ"", -21.3228], [""xuːʃ"", -21.9146]]"
iΘwajatu	𒌷𒉈𒂊𒊭𒀸	-20.7122	"[[""𒌷𒉈𒂊𒊭𒀸"", -20.7122], [""𒌷𒀀𒉿𒅈𒈾"", -20.7122], [""𒌷𒄩𒀜𒋾"", -21.2055], [""𒀀𒀝𒉌𒅖"", -21.2055], [""𒌷𒆷𒊍𒉺"", -21.2055], [""𒈪𒋫𒀭𒉌"", -21.2055], [""𒋼𒊑𒀉𒋾𒌅𒌋𒉌𒅖"", -21.435], [""𒀸𒋗𒉿"", -22.1053], [""as"", -22.4023], [""xus"", -23.0249]]"
iΘwajatur	𒋼𒊑𒀉𒋾𒌅𒌋𒉌𒅖	-23.4063	"[[""𒋼𒊑𒀉𒋾𒌅𒌋𒉌𒅖"", -23.4063], [""𒌷𒉈𒂊𒊭𒀸"", -23.4428], [""𒌷𒀀𒉿𒅈𒈾"", -23.4428], [""iti"", -23.7803], [""𒌷𒄩𒀜𒋾"", -24.139], [""𒀀𒀝𒉌𒅖"", -24.139], [""𒈪𒋫𒀭𒉌"", -24.139], [""𒌷𒆷𒊍𒉺"", -24.139], [""eːʃtsi"", -24.3596], [""uːxːi"", -24.4835]]"
iΘwajaturu	itut	-23.7771	"[[""itut"", -23.7771], [""neːpis"", -25.2015], [""patas"", -25.5065], [""xatkus"", -25.5173], [""𒋼𒊑𒀉𒋾𒌅𒌋𒉌𒅖"", -25.5942], [""xarkis"", -25.7911], [""xus"", -25.8941], [""𒌷𒉈𒂊𒊭𒀸"", -26.2798], [""𒌷𒀀𒉿𒅈𒈾"", -26.2798], [""tepus"", -26.4739]]"
jaa	𒀸𒋗𒉿	-8.4226	"[[""𒀸𒋗𒉿"", -8.4226], [""xus"", -9.3562], [""ʃum"", -9.3562], [""eːʃ"", -9.715], [""𒀀𒀝𒉌𒅖"", -9.899], [""𒌷𒆷𒊍𒉺"", -9.899], [""𒈪𒋫𒀭𒉌"", -9.899], [""𒌷𒄩𒀜𒋾"", -9.899], [""aʃ"", -9.9098], [""iwr̩"", -10.0769]]"
jaad	𒀸𒋗𒉿	-10.6439	"[[""𒀸𒋗𒉿"", -10.6439], [""𒀀𒀝𒉌𒅖"", -11.1101], [""𒌷𒆷𒊍𒉺"", -11.1101], [""𒈪𒋫𒀭𒉌"", -11.1101], [""𒌷𒄩𒀜𒋾"", -11.1101], [""𒌷𒉈𒂊𒊭𒀸"", -12.2879], [""𒌷𒀀𒉿𒅈𒈾"", -12.2879], [""ʃum"", -12.5619], [""xus"", -12.5619], [""eːʃ"", -12.6606]]"
jaadi	𒀀𒀝𒉌𒅖	-13.1999	"[[""𒀀𒀝𒉌𒅖"", -13.1999], [""𒈪𒋫𒀭𒉌"", -13.1999], [""𒌷𒄩𒀜𒋾"", -13.1999], [""𒌷𒆷𒊍𒉺"", -13.1999], [""𒀸𒋗𒉿"", -13.2697], [""𒌷𒉈𒂊𒊭𒀸"", -13.742], [""𒌷𒀀𒉿𒅈𒈾"", -13.742], [""eːʃ"", -15.729], [""ʃum"", -15.8323], [""xus"", -15.8323]]"
jaadik	𒌷𒄩𒀜𒋾	-15.6764	"[[""𒌷𒄩𒀜𒋾"", -15.6764], [""𒀀𒀝𒉌𒅖"", -15.6764], [""𒌷𒆷𒊍𒉺"", -15.6764], [""𒈪𒋫𒀭𒉌"", -15.6764], [""𒌷𒀀𒉿𒅈𒈾"", -15.7621], [""𒌷𒉈𒂊𒊭𒀸"", -15.7621], [""𒀸𒋗𒉿"", -16.1017], [""𒋼𒊑𒀉𒋾𒌅𒌋𒉌𒅖"", -18.0751], [""eːʃ"", -18.8762], [""iːsˤaː́"", -18.908]]"
jaadiki	𒌷𒉈𒂊𒊭𒀸	-18.1288	"[[""𒌷𒉈𒂊𒊭𒀸"", -18.1288], [""𒌷𒀀𒉿𒅈𒈾"", -18.1288], [""𒌷𒆷𒊍𒉺"", -18.3706], [""𒀀𒀝𒉌𒅖"", -18.3706], [""𒈪𒋫𒀭𒉌"", -18.3706], [""𒌷𒄩𒀜𒋾"", -18.3706], [""𒀸𒋗𒉿"", -19.0604], [""𒋼𒊑𒀉𒋾𒌅𒌋𒉌𒅖"", -19.6834], [""iːsˤaː́"", -21.5014], [""eːʃ"", -22.0781]]"
jaadikit	𒌷𒉈𒂊𒊭𒀸	-20.7122	"[[""𒌷𒉈𒂊𒊭𒀸"", -20.7122], [""𒌷𒀀𒉿𒅈𒈾"", -20.7122], [""𒀀𒀝𒉌𒅖"", -21.2055], [""𒌷𒄩𒀜𒋾"", -21.2055], [""𒌷𒆷𒊍𒉺"", -21.2055], [""𒈪𒋫𒀭𒉌"", -21.2055], [""𒋼𒊑𒀉𒋾𒌅𒌋𒉌𒅖"", -21.435], [""𒀸𒋗𒉿"", -22.1053], [""iːsˤaː́"", -24.222], [""eːʃ"", -25.3204]]"
jaadikite	𒋼𒊑𒀉𒋾𒌅𒌋𒉌𒅖	-23.4063	"[[""𒋼𒊑𒀉𒋾𒌅𒌋𒉌𒅖"", -23.4063], [""𒌷𒀀𒉿𒅈𒈾"", -23.4428], [""𒌷𒉈𒂊𒊭𒀸"", -23.4428], [""𒀀𒀝𒉌𒅖"", -24.139], [""𒌷𒆷𒊍𒉺"", -24.139], [""𒌷𒄩𒀜𒋾"", -24.139], [""𒈪𒋫𒀭𒉌"", -24.139], [""𒀸𒋗𒉿"", -25.2127], [""iːsˤaː́"", -27.0379], [""eːʃ"", -28.5936]]"
jaadikites	𒋼𒊑𒀉𒋾𒌅𒌋𒉌𒅖	-25.5942	"[[""𒋼𒊑𒀉𒋾𒌅𒌋𒉌𒅖"", -25.5942], [""𒌷𒀀𒉿𒅈𒈾"", -26.2798], [""𒌷𒉈𒂊𒊭𒀸"", -26.2798], [""𒀀𒀝𒉌𒅖"", -27.1456], [""𒌷𒆷𒊍𒉺"", -27.1456], [""𒌷𒄩𒀜𒋾"", -27.1456], [""𒈪𒋫𒀭𒉌"", -27.1456], [""uːxːi"", -28.2233], [""aːsːa"", -28.2274], [""𒀸𒋗𒉿"", -28.3678]]"
jaaj	eːʃ	-7.0503	"[[""eːʃ"", -7.0503], [""xuːʃ"", -8.2029], [""aʃ"", -8.3799], [""uːxːi"", -9.8231], [""uxːi"", -9.9196], [""araːʃ"", -10.0501], [""xatːi"", -10.0505], [""xʃap"", -10.4392], [""xapa"", -10.4437], [""aːsːa"", -10.5285]]"
jaaja	eːʃ	-10.5557	"[[""eːʃ"", -10.5557], [""xuːʃ"", -11.6386], [""aʃ"", -11.8861], [""uːxːi"", -12.4541], [""uxːi"", -13.0823], [""𒈪𒋫𒀭𒉌"", -13.1999], [""𒀀𒀝𒉌𒅖"", -13.1999], [""𒌷𒄩𒀜𒋾"", -13.1999], [""𒌷𒆷𒊍𒉺"", -13.1999], [""xʃap"", -13.2452]]"
jad	𒀸𒋗𒉿	-8.4226	"[[""𒀸𒋗𒉿"", -8.4226], [""xus"", -9.3562], [""ʃum"", -9.3562], [""eːʃ"", -9.715], [""𒀀𒀝𒉌𒅖"", -9.899], [""𒌷𒆷𒊍𒉺"", -9.899], [""𒈪𒋫𒀭𒉌"", -9.899], [""𒌷𒄩𒀜𒋾"", -9.899], [""aʃ"", -9.9098], [""iwr̩"", -10.0769]]"
jadi	𒀸𒋗𒉿	-10.6439	"[[""𒀸𒋗𒉿"", -10.6439], [""𒀀𒀝𒉌𒅖"", -11.1101], [""𒌷𒆷𒊍𒉺"", -11.1101], [""𒈪𒋫𒀭𒉌"", -11.1101], [""𒌷𒄩𒀜𒋾"", -11.1101], [""𒌷𒉈𒂊𒊭𒀸"", -12.2879], [""𒌷𒀀𒉿𒅈𒈾"", -12.2879], [""ʃum"", -12.5619], [""xus"", -12.5619], [""eːʃ"", -12.6606]]"
jadik	𒀀𒀝𒉌𒅖	-13.1999	"[[""𒀀𒀝𒉌𒅖"", -13.1999], [""𒈪𒋫𒀭𒉌"", -13.1999], [""𒌷𒄩𒀜𒋾"", -13.1999], [""𒌷𒆷𒊍𒉺"", -13.1999], [""𒀸𒋗𒉿"", -13.2697], [""𒌷𒉈𒂊𒊭𒀸"", -13.742], [""𒌷𒀀𒉿𒅈𒈾"", -13.742], [""eːʃ"", -15.729], [""ʃum"", -15.8323], [""xus"", -15.8323]]"
jadiki	𒌷𒄩𒀜𒋾	-15.6764	"[[""𒌷𒄩𒀜𒋾"", -15.6764], [""𒀀𒀝𒉌𒅖"", -15.6764], [""𒌷𒆷𒊍𒉺"", -15.6764], [""𒈪𒋫𒀭𒉌"", -15.6764], [""𒌷𒀀𒉿𒅈𒈾"", -15.7621], [""𒌷𒉈𒂊𒊭𒀸"", -15.7621], [""𒀸𒋗𒉿"", -16.1017], [""𒋼𒊑𒀉𒋾𒌅𒌋𒉌𒅖"", -18.0751], [""eːʃ"", -18.8762], [""iːsˤaː́"", -18.908]]"
jadikit	𒌷𒉈𒂊𒊭𒀸	-18.1288	"[[""𒌷𒉈𒂊𒊭𒀸"", -18.1288], [""𒌷𒀀𒉿𒅈𒈾"", -18.1288], [""𒌷𒆷𒊍𒉺"", -18.3706], [""𒀀𒀝𒉌𒅖"", -18.3706], [""𒈪𒋫𒀭𒉌"", -18.3706], [""𒌷𒄩𒀜𒋾"", -18.3706], [""𒀸𒋗𒉿"", -19.0604], [""𒋼𒊑𒀉𒋾𒌅𒌋𒉌𒅖"", -19.6834], [""iːsˤaː́"", -21.5014], [""eːʃ"", -22.0781]]"
jadikitu	𒌷𒀀𒉿𒅈𒈾	-20.7122	"[[""𒌷𒀀𒉿𒅈𒈾"", -20.7122], [""𒌷𒉈𒂊𒊭𒀸"", -20.7122], [""𒀀𒀝𒉌𒅖"", -21.2055], [""𒌷𒄩𒀜𒋾"", -21.2055], [""𒈪𒋫𒀭𒉌"", -21.2055], [""𒌷𒆷𒊍𒉺"", -21.2055], [""𒋼𒊑𒀉𒋾𒌅𒌋𒉌𒅖"", -21.435], [""𒀸𒋗𒉿"", -22.1053], [""as"", -22.3988], [""xus"", -22.5069]]"
jadikituj	eːʃ	-23.3355	"[[""eːʃ"", -23.3355], [""𒋼𒊑𒀉𒋾𒌅𒌋𒉌𒅖"", -23.4063], [""𒌷𒉈𒂊𒊭𒀸"", -23.4428], [""𒌷𒀀𒉿𒅈𒈾"", -23.4428], [""eːʃtsi"", -23.4761], [""iti"", -23.7768], [""xuːʃ"", -23.8645], [""aːsːa"", -24.0502], [""𒌷𒄩𒀜𒋾"", -24.139], [""𒌷𒆷𒊍𒉺"", -24.139]]"
jadikituja	𒋼𒊑𒀉𒋾𒌅𒌋𒉌𒅖	-25.5942	"[[""𒋼𒊑𒀉𒋾𒌅𒌋𒉌𒅖"", -25.5942], [""𒌷𒀀𒉿𒅈𒈾"", -26.2798], [""𒌷𒉈𒂊𒊭𒀸"", -26.2798], [""eːʃ"", -26.8422], [""eːʃtsi"", -26.9725], [""𒈪𒋫𒀭𒉌"", -27.1456], [""𒌷𒆷𒊍𒉺"", -27.1456], [""𒌷𒄩𒀜𒋾"", -27.1456], [""𒀀𒀝𒉌𒅖"", -27.1456], [""iti"", -27.2812]]"
jai	𒀸𒋗𒉿	-8.4226	"[[""𒀸𒋗𒉿"", -8.4226], [""xus"", -9.3562], [""ʃum"", -9.3562], [""eːʃ"", -9.715], [""𒀀𒀝𒉌𒅖"", -9.899], [""𒌷𒆷𒊍𒉺"", -9.899], [""𒈪𒋫𒀭𒉌"", -9.899], [""𒌷𒄩𒀜𒋾"", -9.899], [""aʃ"", -9.9098], [""iwr̩"", -10.0769]]"
jain	𒀸𒋗𒉿	-10.6439	"[[""𒀸𒋗𒉿"", -10.6439], [""𒀀𒀝𒉌𒅖"", -11.1101], [""𒌷𒆷𒊍𒉺"", -11.1101], [""𒈪𒋫𒀭𒉌"", -11.1101], [""𒌷𒄩𒀜𒋾"", -11.1101], [""𒌷𒉈𒂊𒊭𒀸"", -12.2879], [""𒌷𒀀𒉿𒅈𒈾"", -12.2879], [""ʃum"", -12.5619], [""xus"", -12.5619], [""eːʃ"", -12.6606]]"
jainw	𒀀𒀝𒉌𒅖	-13.1999	"[[""𒀀𒀝𒉌𒅖"", -13.1999], [""𒈪𒋫𒀭𒉌"", -13.1999], [""𒌷𒄩𒀜𒋾"", -13.1999], [""𒌷𒆷𒊍𒉺"", -13.1999], [""𒀸𒋗𒉿"", -13.2697], [""𒌷𒉈𒂊𒊭𒀸"", -13.742], [""𒌷𒀀𒉿𒅈𒈾"", -13.742], [""eːʃ"", -15.729], [""ʃum"", -15.8323], [""xus"", -15.8323]]"
jainwa	𒌷𒄩𒀜𒋾	-15.6764	"[[""𒌷𒄩𒀜𒋾"", -15.6764], [""𒀀𒀝𒉌𒅖"", -15.6764], [""𒌷𒆷𒊍𒉺"", -15.6764], [""𒈪𒋫𒀭𒉌"", -15.6764], [""𒌷𒀀𒉿𒅈𒈾"", -15.7621], [""𒌷𒉈𒂊𒊭𒀸"", -15.7621], [""𒀸𒋗𒉿"", -16.1017], [""𒋼𒊑𒀉𒋾𒌅𒌋𒉌𒅖"", -18.0751], [""eːʃ"", -18.8762], [""iːsˤaː́"", -18.908]]"
jainwaz	𒌷𒉈𒂊𒊭𒀸	-18.1288	"[[""𒌷𒉈𒂊𒊭𒀸"", -18.1288], [""𒌷𒀀𒉿𒅈𒈾"", -18.1288], [""𒌷𒆷𒊍𒉺"", -18.3706], [""𒀀𒀝𒉌𒅖"", -18.3706], [""𒈪𒋫𒀭𒉌"", -18.3706], [""𒌷𒄩𒀜𒋾"", -18.3706], [""𒀸𒋗𒉿"", -19.0604], [""𒋼𒊑𒀉𒋾𒌅𒌋𒉌𒅖"", -19.6834], [""iːsˤaː́"", -21.5014], [""eːʃ"", -22.0781]]"
jainwaza	𒌷𒉈𒂊𒊭𒀸	-20.7122	"[[""𒌷𒉈𒂊𒊭𒀸"", -20.7122], [""𒌷𒀀𒉿𒅈𒈾"", -20.7122], [""𒀀𒀝𒉌𒅖"", -21.2055], [""𒌷𒄩𒀜𒋾"", -21.2055], [""𒌷𒆷𒊍𒉺"", -21.2055], [""𒈪𒋫𒀭𒉌"", -21.2055], [""𒋼𒊑𒀉𒋾𒌅𒌋𒉌𒅖"", -21.435], [""𒀸𒋗𒉿"", -22.1053], [""iːsˤaː́"", -24.222], [""eːʃ"", -25.3204]]"
jainwazaΦ	𒋼𒊑𒀉𒋾𒌅𒌋𒉌𒅖	-23.4063	"[[""𒋼𒊑𒀉𒋾𒌅𒌋𒉌𒅖"", -23.4063], [""𒌷𒀀𒉿𒅈𒈾"", -23.4428], [""𒌷𒉈𒂊𒊭𒀸"", -23.4428], [""𒀀𒀝𒉌𒅖"", -24.139], [""𒌷𒆷𒊍𒉺"", -24.139], [""𒌷𒄩𒀜𒋾"", -24.139], [""𒈪𒋫𒀭𒉌"", -24.139], [""𒀸𒋗𒉿"", -25.2127], [""iːsˤaː́"", -27.0379], [""eːʃ"", -28.5936]]"
jainwazaΦn	𒋼𒊑𒀉𒋾𒌅𒌋𒉌𒅖	-25.5942	"[[""𒋼𒊑𒀉𒋾𒌅𒌋𒉌𒅖"", -25.5942], [""𒌷𒀀𒉿𒅈𒈾"", -26.2798], [""𒌷𒉈𒂊𒊭𒀸"", -26.2798], [""𒌷𒄩𒀜𒋾"", -27.1456], [""𒈪𒋫𒀭𒉌"", -27.1456], [""𒌷𒆷𒊍𒉺"", -27.1456], [""𒀀𒀝𒉌𒅖"", -27.1456], [""𒀸𒋗𒉿"", -28.3678], [""iːsˤaː́"", -29.9279], [""iwr̩"", -31.872]]"
jaj	eːʃ	-4.2259	"[[""eːʃ"", -4.2259], [""aʃ"", -4.8763], [""xuːʃ"", -5.4533], [""xʃap"", -6.9471], [""uxːi"", -7.0003], [""xapa"", -7.2394], [""uːxːi"", -7.2681], [""xatːi"", -7.5918], [""araːʃ"", -7.6064], [""xus"", -7.9895]]"
jaja	eːʃ	-7.7295	"[[""eːʃ"", -7.7295], [""aʃ"", -8.3825], [""xuːʃ"", -8.8145], [""uːxːi"", -9.7328], [""xʃap"", -9.7498], [""uxːi"", -9.9564], [""xapa"", -10.45], [""𒀸𒋗𒉿"", -10.6439], [""xus"", -10.8892], [""ʃum"", -10.8892]]"
jajaa	eːʃ	-11.2315	"[[""eːʃ"", -11.2315], [""aʃ"", -11.8888], [""xuːʃ"", -12.1199], [""uːxːi"", -12.514], [""xʃap"", -12.8381], [""uxːi"", -12.9356], [""𒀀𒀝𒉌𒅖"", -13.1999], [""𒌷𒄩𒀜𒋾"", -13.1999], [""𒈪𒋫𒀭𒉌"", -13.1999], [""𒌷𒆷𒊍𒉺"", -13.1999]]"
jajad	eːʃ	-11.2315	"[[""eːʃ"", -11.2315], [""aʃ"", -11.8888], [""xuːʃ"", -12.1199], [""uːxːi"", -12.514], [""xʃap"", -12.8381], [""uxːi"", -12.9356], [""𒀀𒀝𒉌𒅖"", -13.1999], [""𒌷𒄩𒀜𒋾"", -13.1999], [""𒈪𒋫𒀭𒉌"", -13.1999], [""𒌷𒆷𒊍𒉺"", -13.1999]]"
jajadi	eːʃ	-14.7318	"[[""eːʃ"", -14.7318], [""aʃ"", -15.395], [""xuːʃ"", -15.4002], [""uːxːi"", -15.4787], [""𒀀𒀝𒉌𒅖"", -15.6764], [""𒌷𒄩𒀜𒋾"", -15.6764], [""𒈪𒋫𒀭𒉌"", -15.6764], [""𒌷𒆷𒊍𒉺"", -15.6764], [""𒌷𒀀𒉿𒅈𒈾"", -15.7621], [""𒌷𒉈𒂊𒊭𒀸"", -15.7621]]"
jajadik	𒌷𒀀𒉿𒅈𒈾	-18.1288	"[[""𒌷𒀀𒉿𒅈𒈾"", -18.1288], [""𒌷𒉈𒂊𒊭𒀸"", -18.1288], [""eːʃ"", -18.2304], [""𒀀𒀝𒉌𒅖"", -18.3706], [""𒌷𒄩𒀜𒋾"", -18.3706], [""𒌷𒆷𒊍𒉺"", -18.3706], [""𒈪𒋫𒀭𒉌"", -18.3706], [""uːxːi"", -18.5554], [""xuːʃ"", -18.6757], [""aʃ"", -18.9013]]"
jajadiki	𒌷𒀀𒉿𒅈𒈾	-20.7122	"[[""𒌷𒀀𒉿𒅈𒈾"", -20.7122], [""𒌷𒉈𒂊𒊭𒀸"", -20.7122], [""𒀀𒀝𒉌𒅖"", -21.2055], [""𒌷𒆷𒊍𒉺"", -21.2055], [""𒈪𒋫𒀭𒉌"", -21.2055], [""𒌷𒄩𒀜𒋾"", -21.2055], [""𒋼𒊑𒀉𒋾𒌅𒌋𒉌𒅖"", -21.435], [""uːxːi"", -21.7062], [""eːʃ"", -21.7274], [""xuːʃ"", -21.9576]]"
jajadikit	𒋼𒊑𒀉𒋾𒌅𒌋𒉌𒅖	-23.4063	"[[""𒋼𒊑𒀉𒋾𒌅𒌋𒉌𒅖"", -23.4063], [""𒌷𒀀𒉿𒅈𒈾"", -23.4428], [""𒌷𒉈𒂊𒊭𒀸"", -23.4428], [""𒀀𒀝𒉌𒅖"", -24.139], [""𒈪𒋫𒀭𒉌"", -24.139], [""𒌷𒄩𒀜𒋾"", -24.139], [""𒌷𒆷𒊍𒉺"", -24.139], [""uːxːi"", -24.9094], [""𒀸𒋗𒉿"", -25.2127], [""iːsˤaː́"", -25.2186]]"
jajadikitu	𒋼𒊑𒀉𒋾𒌅𒌋𒉌𒅖	-25.5942	"[[""𒋼𒊑𒀉𒋾𒌅𒌋𒉌𒅖"", -25.5942], [""xaːras"", -25.617], [""xus"", -25.874], [""𒌷𒉈𒂊𒊭𒀸"", -26.2798], [""𒌷𒀀𒉿𒅈𒈾"", -26.2798], [""xʃap"", -26.9453], [""𒈪𒋫𒀭𒉌"", -27.1456], [""𒌷𒆷𒊍𒉺"", -27.1456], [""𒌷𒄩𒀜𒋾"", -27.1456], [""𒀀𒀝𒉌𒅖"", -27.1456]]"
jajai	eːʃ	-11.2315	"[[""eːʃ"", -11.2315], [""aʃ"", -11.8888], [""xuːʃ"", -12.1199], [""uːxːi"", -12.514], [""xʃap"", -12.8381], [""uxːi"", -12.9356], [""𒀀𒀝𒉌𒅖"", -13.1999], [""𒌷𒄩𒀜𒋾"", -13.1999], [""𒈪𒋫𒀭𒉌"", -13.1999], [""𒌷𒆷𒊍𒉺"", -13.1999]]"
jajain	eːʃ	-14.7318	"[[""eːʃ"", -14.7318], [""aʃ"", -15.395], [""xuːʃ"", -15.4002], [""uːxːi"", -15.4787], [""𒀀𒀝𒉌𒅖"", -15.6764], [""𒌷𒄩𒀜𒋾"", -15.6764], [""𒈪𒋫𒀭𒉌"", -15.6764], [""𒌷𒆷𒊍𒉺"", -15.6764], [""𒌷𒀀𒉿𒅈𒈾"", -15.7621], [""𒌷𒉈𒂊𒊭𒀸"", -15.7621]]"
jajainw	𒌷𒀀𒉿𒅈𒈾	-18.1288	"[[""𒌷𒀀𒉿𒅈𒈾"", -18.1288], [""𒌷𒉈𒂊𒊭𒀸"", -18.1288], [""eːʃ"", -18.2304], [""𒀀𒀝𒉌𒅖"", -18.3706], [""𒌷𒄩𒀜𒋾"", -18.3706], [""𒌷𒆷𒊍𒉺"", -18.3706], [""𒈪𒋫𒀭𒉌"", -18.3706], [""uːxːi"", -18.5554], [""xuːʃ"", -18.6757], [""aʃ"", -18.9013]]"
jajainwa	𒌷𒀀𒉿𒅈𒈾	-20.7122	"[[""𒌷𒀀𒉿𒅈𒈾"", -20.7122], [""𒌷𒉈𒂊𒊭𒀸"", -20.7122], [""𒀀𒀝𒉌𒅖"", -21.2055], [""𒌷𒆷𒊍𒉺"", -21.2055], [""𒈪𒋫𒀭𒉌"", -21.2055], [""𒌷𒄩𒀜𒋾"", -21.2055], [""𒋼𒊑𒀉𒋾𒌅𒌋𒉌𒅖"", -21.435], [""uːxːi"", -21.7062], [""eːʃ"", -21.7274], [""xuːʃ"", -21.9576]]"
jajainwaz	𒋼𒊑𒀉𒋾𒌅𒌋𒉌𒅖	-23.4063	"[[""𒋼𒊑𒀉𒋾𒌅𒌋𒉌𒅖"", -23.4063], [""𒌷𒀀𒉿𒅈𒈾"", -23.4428], [""𒌷𒉈𒂊𒊭𒀸"", -23.4428], [""𒀀𒀝𒉌𒅖"", -24.139], [""𒈪𒋫𒀭𒉌"", -24.139], [""𒌷𒄩𒀜𒋾"", -24.139], [""𒌷𒆷𒊍𒉺"", -24.139], [""uːxːi"", -24.9094], [""𒀸𒋗𒉿"", -25.2127], [""iːsˤaː́"", -25.2186]]"
jajainwaza	𒋼𒊑𒀉𒋾𒌅𒌋𒉌𒅖	-25.5942	"[[""𒋼𒊑𒀉𒋾𒌅𒌋𒉌𒅖"", -25.5942], [""𒌷𒀀𒉿𒅈𒈾"", -26.2798], [""𒌷𒉈𒂊𒊭𒀸"", -26.2798], [""𒈪𒋫𒀭𒉌"", -27.1456], [""𒌷𒄩𒀜𒋾"", -27.1456], [""𒌷𒆷𒊍𒉺"", -27.1456], [""𒀀𒀝𒉌𒅖"", -27.1456], [""uːxːi"", -28.1516], [""iːsˤaː́"", -28.3215], [""𒀸𒋗𒉿"", -28.3678]]"
jajaj	xuːʃ	-7.6985	"[[""xuːʃ"", -7.6985], [""uːxːi"", -8.4403], [""uxːi"", -9.0833], [""eːʃ"", -9.6432], [""iʃxaːʃ"", -10.4501], [""xaʃːuʃ"", -10.5262], [""xuːxːaːʃ"", -10.6978], [""aʃ"", -10.7985], [""atːaːʃ"", -11.1515], [""eːʃxar"", -11.1535]]"
jajaja	xuːʃ	-11.2009	"[[""xuːʃ"", -11.2009], [""uːxːi"", -11.9159], [""uxːi"", -12.5691], [""eːʃ"", -13.1495], [""xaʃːuʃ"", -13.5729], [""xuːxːaːʃ"", -13.8669], [""iʃxaːʃ"", -13.8701], [""eːʃxar"", -13.9551], [""aːʃxar"", -13.9551], [""xʃap"", -14.3017]]"
jajajaw	xuːʃ	-14.7009	"[[""xuːʃ"", -14.7009], [""uːxːi"", -15.3766], [""uxːi"", -16.0457], [""xaʃːuʃ"", -16.5479], [""eːʃ"", -16.6552], [""xuːxːaːʃ"", -16.8952], [""aːʃxar"", -17.0415], [""eːʃxar"", -17.0415], [""iʃxaːʃ"", -17.2368], [""xʃap"", -17.4293]]"
jajajawa	xuːʃ	-18.1984	"[[""xuːʃ"", -18.1984], [""uːxːi"", -18.8245], [""uxːi"", -19.514], [""xaʃːuʃ"", -19.5764], [""xuːxːaːʃ"", -19.8796], [""eːʃ"", -20.1604], [""eːʃxar"", -20.2451], [""aːʃxar"", -20.2451], [""iʃxaːʃ"", -20.5607], [""xʃap"", -20.6604]]"
jajas	uːxːi	-8.4477	"[[""uːxːi"", -8.4477], [""uxːi"", -9.087], [""xʃap"", -10.2314], [""eːʃ"", -11.231], [""xatːi"", -11.4932], [""xapa"", -11.6783], [""aʃːuwa"", -11.785], [""eːʃtsi"", -11.8595], [""aʃ"", -11.8879], [""xuːʃ"", -12.0464]]"
jajasa	uːxːi	-11.9436	"[[""uːxːi"", -11.9436], [""uxːi"", -12.583], [""xʃap"", -13.5454], [""eːʃ"", -14.73], [""xapa"", -14.8864], [""aʃːuwa"", -14.8966], [""xatːi"", -14.9791], [""xuːʃ"", -15.1912], [""xuːxːaːʃ"", -15.2329], [""eːʃtsi"", -15.3526]]"
jajasas	xʃap	-12.9597	"[[""xʃap"", -12.9597], [""uːxːi"", -14.0885], [""xapa"", -14.3136], [""uxːi"", -14.7376], [""ʃuːpːari"", -15.7176], [""aʃːuwa"", -16.2013], [""apːa"", -16.4773], [""ʃiːetsːi"", -16.5986], [""xatːi"", -16.7558], [""xaːʃtai"", -16.7606]]"
jajasasa	xʃap	-16.4623	"[[""xʃap"", -16.4623], [""uːxːi"", -17.5917], [""xapa"", -17.8067], [""uxːi"", -18.2409], [""ʃuːpːari"", -18.8077], [""aʃːuwa"", -19.577], [""apːa"", -19.966], [""ʃiːetsːi"", -20.0516], [""xuːxːaːʃ"", -20.2198], [""xaːʃtai"", -20.2419]]"
jajasasar	xʃap	-18.8899	"[[""xʃap"", -18.8899], [""xapa"", -19.7515], [""ʃuːpːari"", -19.8283], [""uːxːi"", -20.2923], [""uxːi"", -20.9477], [""ʃaːkitsːi"", -21.1138], [""ʃiːetsːi"", -21.2302], [""aʃːuwa"", -21.679], [""apːa"", -21.8304], [""xaːʃtai"", -21.8539]]"
jajasasara	xʃap	-22.3953	"[[""xʃap"", -22.3953], [""ʃuːpːari"", -23.1223], [""xapa"", -23.2529], [""uːxːi"", -23.7974], [""uxːi"", -24.4529], [""ʃaːkitsːi"", -24.5637], [""ʃiːetsːi"", -24.7148], [""aʃːuwa"", -25.1204], [""apːa"", -25.3298], [""xaːʃtai"", -25.3484]]"
jajaw	eːʃ	-11.2315	"[[""eːʃ"", -11.2315], [""aʃ"", -11.8888], [""xuːʃ"", -12.1199], [""uːxːi"", -12.514], [""xʃap"", -12.8381], [""uxːi"", -12.9356], [""𒀀𒀝𒉌𒅖"", -13.1999], [""𒌷𒄩𒀜𒋾"", -13.1999], [""𒈪𒋫𒀭𒉌"", -13.1999], [""𒌷𒆷𒊍𒉺"", -13.1999]]"
jajawa	eːʃ	-14.7318	"[[""eːʃ"", -14.7318], [""aʃ"", -15.395], [""xuːʃ"", -15.4002], [""uːxːi"", -15.4787], [""𒀀𒀝𒉌𒅖"", -15.6764], [""𒌷𒄩𒀜𒋾"", -15.6764], [""𒈪𒋫𒀭𒉌"", -15.6764], [""𒌷𒆷𒊍𒉺"", -15.6764], [""𒌷𒀀𒉿𒅈𒈾"", -15.7621], [""𒌷𒉈𒂊𒊭𒀸"", -15.7621]]"
jar	uk	-5.9707	"[[""uk"", -5.9707], [""xapa"", -7.2131], [""xʃap"", -7.2925], [""uxːi"", -7.2963], [""xatːi"", -7.5935], [""apːa"", -8.049], [""xus"", -8.0747], [""ʃum"", -8.0747], [""ʃaer"", -8.2628], [""xuːʃ"", -8.2954]]"
jare	uk	-9.4732	"[[""uk"", -9.4732], [""xapa"", -10.4129], [""xuːʃ"", -10.4965], [""𒀸𒋗𒉿"", -10.6439], [""xʃap"", -10.7599], [""uxːi"", -10.7884], [""ʃum"", -10.9837], [""xus"", -10.9837], [""xatːi"", -11.0005], [""apːa"", -11.0225]]"
jared	uk	-12.9757	"[[""uk"", -12.9757], [""𒌷𒄩𒀜𒋾"", -13.1999], [""𒀀𒀝𒉌𒅖"", -13.1999], [""𒌷𒆷𒊍𒉺"", -13.1999], [""𒈪𒋫𒀭𒉌"", -13.1999], [""xuːʃ"", -13.2171], [""𒀸𒋗𒉿"", -13.2697], [""xapa"", -13.679], [""𒌷𒉈𒂊𒊭𒀸"", -13.742], [""𒌷𒀀𒉿𒅈𒈾"", -13.742]]"
jaredi	𒀀𒀝𒉌𒅖	-15.6764	"[[""𒀀𒀝𒉌𒅖"", -15.6764], [""𒌷𒄩𒀜𒋾"", -15.6764], [""𒌷𒆷𒊍𒉺"", -15.6764], [""𒈪𒋫𒀭𒉌"", -15.6764], [""𒌷𒀀𒉿𒅈𒈾"", -15.7621], [""𒌷𒉈𒂊𒊭𒀸"", -15.7621], [""𒀸𒋗𒉿"", -16.1017], [""xuːʃ"", -16.1605], [""iːsˤaː́"", -16.4063], [""uk"", -16.4783]]"
jaredij	xuːʃ	-13.651	"[[""xuːʃ"", -13.651], [""apːa"", -16.1135], [""eːʃ"", -16.1947], [""xuːxːaːʃ"", -17.0144], [""auriːʃ"", -17.0601], [""atːaːʃ"", -17.0611], [""xatːi"", -17.3267], [""araːʃ"", -17.4092], [""xarkiːʃ"", -17.4636], [""xaʃːuʃ"", -17.5414]]"
jaredija	xuːʃ	-17.157	"[[""xuːʃ"", -17.157], [""apːa"", -19.6151], [""eːʃ"", -19.7012], [""xuːxːaːʃ"", -20.2319], [""auriːʃ"", -20.5612], [""atːaːʃ"", -20.5621], [""xaʃːuʃ"", -20.5987], [""𒌷𒉈𒂊𒊭𒀸"", -20.7122], [""𒌷𒀀𒉿𒅈𒈾"", -20.7122], [""xatːi"", -20.8249]]"
jaret	uk	-12.9757	"[[""uk"", -12.9757], [""𒌷𒄩𒀜𒋾"", -13.1999], [""𒀀𒀝𒉌𒅖"", -13.1999], [""𒌷𒆷𒊍𒉺"", -13.1999], [""𒈪𒋫𒀭𒉌"", -13.1999], [""xuːʃ"", -13.2171], [""𒀸𒋗𒉿"", -13.2697], [""xapa"", -13.679], [""𒌷𒉈𒂊𒊭𒀸"", -13.742], [""𒌷𒀀𒉿𒅈𒈾"", -13.742]]"
jareta	𒀀𒀝𒉌𒅖	-15.6764	"[[""𒀀𒀝𒉌𒅖"", -15.6764], [""𒌷𒄩𒀜𒋾"", -15.6764], [""𒌷𒆷𒊍𒉺"", -15.6764], [""𒈪𒋫𒀭𒉌"", -15.6764], [""𒌷𒀀𒉿𒅈𒈾"", -15.7621], [""𒌷𒉈𒂊𒊭𒀸"", -15.7621], [""𒀸𒋗𒉿"", -16.1017], [""xuːʃ"", -16.1605], [""iːsˤaː́"", -16.4063], [""uk"", -16.4783]]"
jas	uk	-5.9707	"[[""uk"", -5.9707], [""xapa"", -7.2131], [""xʃap"", -7.2925], [""uxːi"", -7.2963], [""xatːi"", -7.5935], [""apːa"", -8.049], [""xus"", -8.0747], [""ʃum"", -8.0747], [""ʃaer"", -8.2628], [""xuːʃ"", -8.2954]]"
jasa	uk	-9.4732	"[[""uk"", -9.4732], [""xapa"", -10.4129], [""xuːʃ"", -10.4965], [""𒀸𒋗𒉿"", -10.6439], [""xʃap"", -10.7599], [""uxːi"", -10.7884], [""ʃum"", -10.9837], [""xus"", -10.9837], [""xatːi"", -11.0005], [""apːa"", -11.0225]]"
jasas	apːa	-10.173	"[[""apːa"", -10.173], [""xapa"", -11.2456], [""xatːi"", -11.5377], [""xʃap"", -11.6462], [""uk"", -11.8926], [""ʃamlu"", -12.4823], [""uxːi"", -12.7755], [""ʃaer"", -12.85], [""ammuːk"", -12.9204], [""uːxːi"", -12.9319]]"
jasasa	apːa	-13.6588	"[[""apːa"", -13.6588], [""xapa"", -14.5628], [""xatːi"", -15.0274], [""xʃap"", -15.1475], [""uk"", -15.3979], [""𒀀𒀝𒉌𒅖"", -15.6764], [""𒌷𒄩𒀜𒋾"", -15.6764], [""𒌷𒆷𒊍𒉺"", -15.6764], [""𒈪𒋫𒀭𒉌"", -15.6764], [""ʃaer"", -15.755]]"
jasasar	xapa	-14.3163	"[[""xapa"", -14.3163], [""apːa"", -15.4245], [""ʃuːpːari"", -15.6262], [""ʃiːetsːi"", -16.6103], [""xatːi"", -16.9357], [""paːi"", -17.1205], [""xaːʃtai"", -17.2328], [""xastai"", -17.3082], [""xʃap"", -17.4604], [""ʃaːkitsːi"", -17.8017]]"
jasasara	xapa	-17.8133	"[[""xapa"", -17.8133], [""ʃuːpːari"", -18.7433], [""apːa"", -18.9227], [""ʃiːetsːi"", -20.069], [""xatːi"", -20.4347], [""apijaː"", -20.494], [""paːi"", -20.6074], [""xaːʃtai"", -20.7092], [""𒌷𒉈𒂊𒊭𒀸"", -20.7122], [""𒌷𒀀𒉿𒅈𒈾"", -20.7122]]"
jasasaram	xapa	-21.3105	"[[""xapa"", -21.3105], [""ʃuːpːari"", -21.9453], [""apːa"", -22.4176], [""iːsˤaː́"", -23.3014], [""apijaː"", -23.3585], [""𒋼𒊑𒀉𒋾𒌅𒌋𒉌𒅖"", -23.4063], [""𒌷𒉈𒂊𒊭𒀸"", -23.4428], [""𒌷𒀀𒉿𒅈𒈾"", -23.4428], [""ʃiːetsːi"", -23.4899], [""xatːi"", -23.9301]]"
jasasarama	xapa	-24.8077	"[[""xapa"", -24.8077], [""ʃuːpːari"", -25.1939], [""𒋼𒊑𒀉𒋾𒌅𒌋𒉌𒅖"", -25.5942], [""apːa"", -25.9093], [""iːsˤaː́"", -26.0825], [""𒌷𒀀𒉿𒅈𒈾"", -26.2798], [""𒌷𒉈𒂊𒊭𒀸"", -26.2798], [""apijaː"", -26.4403], [""ʃiːetsːi"", -26.8693], [""𒌷𒄩𒀜𒋾"", -27.1456]]"
jasasarame	xapa	-24.8077	"[[""xapa"", -24.8077], [""ʃuːpːari"", -25.1939], [""𒋼𒊑𒀉𒋾𒌅𒌋𒉌𒅖"", -25.5942], [""apːa"", -25.9093], [""iːsˤaː́"", -26.0825], [""𒌷𒀀𒉿𒅈𒈾"", -26.2798], [""𒌷𒉈𒂊𒊭𒀸"", -26.2798], [""apijaː"", -26.4403], [""ʃiːetsːi"", -26.8693], [""𒌷𒄩𒀜𒋾"", -27.1456]]"
jasau	xus	-8.3811	"[[""xus"", -8.3811], [""ais"", -9.7482], [""xaːras"", -10.9865], [""ekːus"", -10.9948], [""as"", -11.2047], [""xʃap"", -11.6497], [""xatːi"", -11.7825], [""asːus"", -11.8061], [""atːas"", -11.8061], [""uk"", -11.8935]]"
jasaun	xus	-11.8882	"[[""xus"", -11.8882], [""ais"", -13.2552], [""xatːi"", -14.0013], [""ekːus"", -14.4616], [""xaːras"", -14.4844], [""as"", -14.7119], [""xʃap"", -15.1546], [""asːus"", -15.2072], [""atːas"", -15.2072], [""uk"", -15.3997]]"
jasauna	xus	-15.3953	"[[""xus"", -15.3953], [""xatːi"", -16.7246], [""ais"", -16.7622], [""ekːus"", -17.9069], [""iːsˤaː́"", -17.9268], [""xaːras"", -17.9763], [""𒌷𒉈𒂊𒊭𒀸"", -18.1288], [""𒌷𒀀𒉿𒅈𒈾"", -18.1288], [""aːsːa"", -18.2024], [""as"", -18.2191]]"
jasaunak	xus	-18.9024	"[[""xus"", -18.9024], [""xatːi"", -19.6689], [""iːsˤaː́"", -20.1128], [""ais"", -20.2692], [""𒌷𒉈𒂊𒊭𒀸"", -20.7122], [""𒌷𒀀𒉿𒅈𒈾"", -20.7122], [""aːsːa"", -21.1497], [""𒀀𒀝𒉌𒅖"", -21.2055], [""𒌷𒄩𒀜𒋾"", -21.2055], [""𒌷𒆷𒊍𒉺"", -21.2055]]"
jasaunaka	xus	-22.4095	"[[""xus"", -22.4095], [""iːsˤaː́"", -22.6201], [""xatːi"", -22.7371], [""𒋼𒊑𒀉𒋾𒌅𒌋𒉌𒅖"", -23.4063], [""𒌷𒉈𒂊𒊭𒀸"", -23.4428], [""𒌷𒀀𒉿𒅈𒈾"", -23.4428], [""ais"", -23.7762], [""𒀀𒀝𒉌𒅖"", -24.139], [""𒌷𒄩𒀜𒋾"", -24.139], [""𒈪𒋫𒀭𒉌"", -24.139]]"
jasaunakan	iːsˤaː́	-25.328	"[[""iːsˤaː́"", -25.328], [""𒋼𒊑𒀉𒋾𒌅𒌋𒉌𒅖"", -25.5942], [""xatːi"", -25.8845], [""xus"", -25.9166], [""𒌷𒉈𒂊𒊭𒀸"", -26.2798], [""𒌷𒀀𒉿𒅈𒈾"", -26.2798], [""𒈪𒋫𒀭𒉌"", -27.1456], [""𒀀𒀝𒉌𒅖"", -27.1456], [""𒌷𒄩𒀜𒋾"", -27.1456], [""𒌷𒆷𒊍𒉺"", -27.1456]]"
jase	uk	-9.4732	"[[""uk"", -9.4732], [""xapa"", -10.4129], [""xuːʃ"", -10.4965], [""𒀸𒋗𒉿"", -10.6439], [""xʃap"", -10.7599], [""uxːi"", -10.7884], [""ʃum"", -10.9837], [""xus"", -10.9837], [""xatːi"", -11.0005], [""apːa"", -11.0225]]"
jasek	uk	-12.9757	"[[""uk"", -12.9757], [""𒌷𒄩𒀜𒋾"", -13.1999], [""𒀀𒀝𒉌𒅖"", -13.1999], [""𒌷𒆷𒊍𒉺"", -13.1999], [""𒈪𒋫𒀭𒉌"", -13.1999], [""xuːʃ"", -13.2171], [""𒀸𒋗𒉿"", -13.2697], [""xapa"", -13.679], [""𒌷𒉈𒂊𒊭𒀸"", -13.742], [""𒌷𒀀𒉿𒅈𒈾"", -13.742]]"
jaseka	𒀀𒀝𒉌𒅖	-15.6764	"[[""𒀀𒀝𒉌𒅖"", -15.6764], [""𒌷𒄩𒀜𒋾"", -15.6764], [""𒌷𒆷𒊍𒉺"", -15.6764], [""𒈪𒋫𒀭𒉌"", -15.6764], [""𒌷𒀀𒉿𒅈𒈾"", -15.7621], [""𒌷𒉈𒂊𒊭𒀸"", -15.7621], [""𒀸𒋗𒉿"", -16.1017], [""xuːʃ"", -16.1605], [""iːsˤaː́"", -16.4063], [""uk"", -16.4783]]"
jasekan	𒌷𒀀𒉿𒅈𒈾	-18.1288	"[[""𒌷𒀀𒉿𒅈𒈾"", -18.1288], [""𒌷𒉈𒂊𒊭𒀸"", -18.1288], [""𒀀𒀝𒉌𒅖"", -18.3706], [""𒌷𒆷𒊍𒉺"", -18.3706], [""𒌷𒄩𒀜𒋾"", -18.3706], [""𒈪𒋫𒀭𒉌"", -18.3706], [""𒀸𒋗𒉿"", -19.0604], [""iːsˤaː́"", -19.2074], [""xuːʃ"", -19.2281], [""𒋼𒊑𒀉𒋾𒌅𒌋𒉌𒅖"", -19.6834]]"
jasekana	𒌷𒉈𒂊𒊭𒀸	-20.7122	"[[""𒌷𒉈𒂊𒊭𒀸"", -20.7122], [""𒌷𒀀𒉿𒅈𒈾"", -20.7122], [""𒈪𒋫𒀭𒉌"", -21.2055], [""𒀀𒀝𒉌𒅖"", -21.2055], [""𒌷𒆷𒊍𒉺"", -21.2055], [""𒌷𒄩𒀜𒋾"", -21.2055], [""𒋼𒊑𒀉𒋾𒌅𒌋𒉌𒅖"", -21.435], [""𒀸𒋗𒉿"", -22.1053], [""iːsˤaː́"", -22.1689], [""xuːʃ"", -22.375]]"
jasekanas	apːa	-22.6148	"[[""apːa"", -22.6148], [""𒋼𒊑𒀉𒋾𒌅𒌋𒉌𒅖"", -23.4063], [""𒌷𒀀𒉿𒅈𒈾"", -23.4428], [""𒌷𒉈𒂊𒊭𒀸"", -23.4428], [""xatːi"", -23.5758], [""𒀀𒀝𒉌𒅖"", -24.139], [""𒌷𒄩𒀜𒋾"", -24.139], [""𒌷𒆷𒊍𒉺"", -24.139], [""𒈪𒋫𒀭𒉌"", -24.139], [""ʃuːpːari"", -24.2804]]"
jasekanasi	𒋼𒊑𒀉𒋾𒌅𒌋𒉌𒅖	-25.5942	"[[""𒋼𒊑𒀉𒋾𒌅𒌋𒉌𒅖"", -25.5942], [""apːa"", -26.1155], [""𒌷𒀀𒉿𒅈𒈾"", -26.2798], [""𒌷𒉈𒂊𒊭𒀸"", -26.2798], [""xatːi"", -27.0766], [""𒌷𒄩𒀜𒋾"", -27.1456], [""𒀀𒀝𒉌𒅖"", -27.1456], [""𒌷𒆷𒊍𒉺"", -27.1456], [""𒈪𒋫𒀭𒉌"", -27.1456], [""ʃuːpːari"", -27.4442]]"
jat	𒀸𒋗𒉿	-8.4226	"[[""𒀸𒋗𒉿"", -8.4226], [""xus"", -9.3562], [""ʃum"", -9.3562], [""eːʃ"", -9.715], [""𒀀𒀝𒉌𒅖"", -9.899], [""𒌷𒆷𒊍𒉺"", -9.899], [""𒈪𒋫𒀭𒉌"", -9.899], [""𒌷𒄩𒀜𒋾"", -9.899], [""aʃ"", -9.9098], [""iwr̩"", -10.0769]]"
jata	𒀸𒋗𒉿	-10.6439	"[[""𒀸𒋗𒉿"", -10.6439], [""𒀀𒀝𒉌𒅖"", -11.1101], [""𒌷𒆷𒊍𒉺"", -11.1101], [""𒈪𒋫𒀭𒉌"", -11.1101], [""𒌷𒄩𒀜𒋾"", -11.1101], [""𒌷𒉈𒂊𒊭𒀸"", -12.2879], [""𒌷𒀀𒉿𒅈𒈾"", -12.2879], [""ʃum"", -12.5619], [""xus"", -12.5619], [""eːʃ"", -12.6606]]"
jatai	𒀀𒀝𒉌𒅖	-13.1999	"[[""𒀀𒀝𒉌𒅖"", -13.1999], [""𒈪𒋫𒀭𒉌"", -13.1999], [""𒌷𒄩𒀜𒋾"", -13.1999], [""𒌷𒆷𒊍𒉺"", -13.1999], [""𒀸𒋗𒉿"", -13.2697], [""𒌷𒉈𒂊𒊭𒀸"", -13.742], [""𒌷𒀀𒉿𒅈𒈾"", -13.742], [""eːʃ"", -15.729], [""ʃum"", -15.8323], [""xus"", -15.8323]]"
jataiΘ	𒌷𒄩𒀜𒋾	-15.6764	"[[""𒌷𒄩𒀜𒋾"", -15.6764], [""𒀀𒀝𒉌𒅖"", -15.6764], [""𒌷𒆷𒊍𒉺"", -15.6764], [""𒈪𒋫𒀭𒉌"", -15.6764], [""𒌷𒀀𒉿𒅈𒈾"", -15.7621], [""𒌷𒉈𒂊𒊭𒀸"", -15.7621], [""𒀸𒋗𒉿"", -16.1017], [""𒋼𒊑𒀉𒋾𒌅𒌋𒉌𒅖"", -18.0751], [""eːʃ"", -18.8762], [""iːsˤaː́"", -18.908]]"
jataiΘu	𒌷𒀀𒉿𒅈𒈾	-18.1288	"[[""𒌷𒀀𒉿𒅈𒈾"", -18.1288], [""𒌷𒉈𒂊𒊭𒀸"", -18.1288], [""𒀀𒀝𒉌𒅖"", -18.3706], [""𒌷𒄩𒀜𒋾"", -18.3706], [""𒈪𒋫𒀭𒉌"", -18.3706], [""𒌷𒆷𒊍𒉺"", -18.3706], [""as"", -18.8952], [""𒀸𒋗𒉿"", -19.0604], [""xus"", -19.1477], [""𒋼𒊑𒀉𒋾𒌅𒌋𒉌𒅖"", -19.6834]]"
jataiΘuj	eːʃ	-19.9832	"[[""eːʃ"", -19.9832], [""iti"", -20.2733], [""eːʃtsi"", -20.3107], [""xuːʃ"", -20.6157], [""𒌷𒉈𒂊𒊭𒀸"", -20.7122], [""𒌷𒀀𒉿𒅈𒈾"", -20.7122], [""aːsːa"", -20.7987], [""eːtsːi"", -21.0421], [""𒀀𒀝𒉌𒅖"", -21.2055], [""𒌷𒆷𒊍𒉺"", -21.2055]]"
jataiΘuja	𒋼𒊑𒀉𒋾𒌅𒌋𒉌𒅖	-23.4063	"[[""𒋼𒊑𒀉𒋾𒌅𒌋𒉌𒅖"", -23.4063], [""𒌷𒉈𒂊𒊭𒀸"", -23.4428], [""𒌷𒀀𒉿𒅈𒈾"", -23.4428], [""eːʃ"", -23.4898], [""iti"", -23.7776], [""eːʃtsi"", -23.806], [""aːsːa"", -24.0663], [""xuːʃ"", -24.108], [""𒀀𒀝𒉌𒅖"", -24.139], [""𒌷𒄩𒀜𒋾"", -24.139]]"
jatu	as	-8.3843	"[[""as"", -8.3843], [""xus"", -9.2776], [""uk"", -9.4749], [""ais"", -10.3999], [""xʃap"", -10.4113], [""itut"", -10.445], [""aːsːa"", -10.5132], [""aːtar"", -10.5214], [""𒀸𒋗𒉿"", -10.6439], [""𒌷𒄩𒀜𒋾"", -11.1101]]"
jatur	iti	-9.7628	"[[""iti"", -9.7628], [""aːsːa"", -11.3744], [""eːʃtsi"", -11.3957], [""xapa"", -11.6526], [""eːtsːi"", -11.6887], [""aːtar"", -11.7201], [""as"", -11.8905], [""eʃtsi"", -11.9269], [""uk"", -12.2913], [""xatːi"", -12.5467]]"
jaturu	itut	-9.7601	"[[""itut"", -9.7601], [""xatkus"", -11.5839], [""xarkis"", -11.804], [""xus"", -11.8729], [""italus"", -12.5328], [""atːas"", -12.5845], [""asːus"", -12.5845], [""neːpis"", -12.8431], [""patas"", -12.8635], [""kut"", -12.9749]]"
jaturus	itut	-13.2643	"[[""itut"", -13.2643], [""aːsːa"", -14.0669], [""xapa"", -14.3135], [""pata"", -14.3496], [""ekutsi"", -14.3973], [""eːʃtsi"", -14.4893], [""eːtsːi"", -14.699], [""eʃtsi"", -14.7347], [""xatkus"", -14.8095], [""xastai"", -15.078]]"
jaturusa	itut	-16.7686	"[[""itut"", -16.7686], [""aːsːa"", -17.5588], [""xapa"", -17.8142], [""pata"", -17.8538], [""ekutsi"", -17.8689], [""eːtsːi"", -17.9643], [""eːʃtsi"", -17.9935], [""xatkus"", -18.092], [""eʃtsi"", -18.239], [""xastai"", -18.4859]]"
jaturusai	iːsˤaː́	-19.6334	"[[""iːsˤaː́"", -19.6334], [""itut"", -20.2728], [""aːsːa"", -21.046], [""eːtsːi"", -21.2097], [""xapa"", -21.3148], [""ekutsi"", -21.3407], [""pata"", -21.3579], [""xatkus"", -21.4116], [""eːʃtsi"", -21.4977], [""eʃtsi"", -21.7434]]"
jaturusaid	iːsˤaː́	-22.1248	"[[""iːsˤaː́"", -22.1248], [""itut"", -23.7771], [""eːtsːi"", -24.4582], [""aːsːa"", -24.5289], [""xaːtkuːʃ"", -24.7494], [""xatkus"", -24.7573], [""ekutsi"", -24.8127], [""xapa"", -24.8155], [""pata"", -24.862], [""eːʃtsi"", -25.0019]]"
jaw	𒀸𒋗𒉿	-8.4226	"[[""𒀸𒋗𒉿"", -8.4226], [""xus"", -9.3562], [""ʃum"", -9.3562], [""eːʃ"", -9.715], [""𒀀𒀝𒉌𒅖"", -9.899], [""𒌷𒆷𒊍𒉺"", -9.899], [""𒈪𒋫𒀭𒉌"", -9.899], [""𒌷𒄩𒀜𒋾"", -9.899], [""aʃ"", -9.9098], [""iwr̩"", -10.0769]]"
jawa	𒀸𒋗𒉿	-10.6439	"[[""𒀸𒋗𒉿"", -10.6439], [""𒀀𒀝𒉌𒅖"", -11.1101], [""𒌷𒆷𒊍𒉺"", -11.1101], [""𒈪𒋫𒀭𒉌"", -11.1101], [""𒌷𒄩𒀜𒋾"", -11.1101], [""𒌷𒉈𒂊𒊭𒀸"", -12.2879], [""𒌷𒀀𒉿𒅈𒈾"", -12.2879], [""ʃum"", -12.5619], [""xus"", -12.5619], [""eːʃ"", -12.6606]]"
jawaΦ	𒀀𒀝𒉌𒅖	-13.1999	"[[""𒀀𒀝𒉌𒅖"", -13.1999], [""𒈪𒋫𒀭𒉌"", -13.1999], [""𒌷𒄩𒀜𒋾"", -13.1999], [""𒌷𒆷𒊍𒉺"", -13.1999], [""𒀸𒋗𒉿"", -13.2697], [""𒌷𒉈𒂊𒊭𒀸"", -13.742], [""𒌷𒀀𒉿𒅈𒈾"", -13.742], [""eːʃ"", -15.729], [""ʃum"", -15.8323], [""xus"", -15.8323]]"
kan	𒀸𒋗𒉿	-8.4226	"[[""𒀸𒋗𒉿"", -8.4226], [""𒀀𒀝𒉌𒅖"", -9.899], [""𒌷𒄩𒀜𒋾"", -9.899], [""𒈪𒋫𒀭𒉌"", -9.899], [""𒌷𒆷𒊍𒉺"", -9.899], [""𒌷𒉈𒂊𒊭𒀸"", -10.7315], [""𒌷𒀀𒉿𒅈𒈾"", -10.7315], [""ku6"", -12.1474], [""aʃ"", -12.8387], [""wa"", -12.8387]]"
kana	𒀸𒋗𒉿	-10.6439	"[[""𒀸𒋗𒉿"", -10.6439], [""𒀀𒀝𒉌𒅖"", -11.1101], [""𒌷𒆷𒊍𒉺"", -11.1101], [""𒈪𒋫𒀭𒉌"", -11.1101], [""𒌷𒄩𒀜𒋾"", -11.1101], [""𒌷𒀀𒉿𒅈𒈾"", -12.2879], [""𒌷𒉈𒂊𒊭𒀸"", -12.2879], [""ku6"", -14.9765], [""𒋼𒊑𒀉𒋾𒌅𒌋𒉌𒅖"", -15.6251], [""lu"", -16.0479]]"
kanas	𒌷𒄩𒀜𒋾	-13.1999	"[[""𒌷𒄩𒀜𒋾"", -13.1999], [""𒀀𒀝𒉌𒅖"", -13.1999], [""𒌷𒆷𒊍𒉺"", -13.1999], [""𒈪𒋫𒀭𒉌"", -13.1999], [""𒀸𒋗𒉿"", -13.2697], [""𒌷𒉈𒂊𒊭𒀸"", -13.742], [""𒌷𒀀𒉿𒅈𒈾"", -13.742], [""apːa"", -16.3263], [""paːi"", -16.3286], [""uxːi"", -16.3416]]"
kanasi	𒀀𒀝𒉌𒅖	-15.6764	"[[""𒀀𒀝𒉌𒅖"", -15.6764], [""𒌷𒄩𒀜𒋾"", -15.6764], [""𒌷𒆷𒊍𒉺"", -15.6764], [""𒈪𒋫𒀭𒉌"", -15.6764], [""𒌷𒀀𒉿𒅈𒈾"", -15.7621], [""𒌷𒉈𒂊𒊭𒀸"", -15.7621], [""𒀸𒋗𒉿"", -16.1017], [""𒋼𒊑𒀉𒋾𒌅𒌋𒉌𒅖"", -18.0751], [""ku6"", -19.5054], [""apːa"", -19.7696]]"
kanasis	𒌷𒉈𒂊𒊭𒀸	-18.1288	"[[""𒌷𒉈𒂊𒊭𒀸"", -18.1288], [""𒌷𒀀𒉿𒅈𒈾"", -18.1288], [""𒌷𒆷𒊍𒉺"", -18.3706], [""𒀀𒀝𒉌𒅖"", -18.3706], [""𒌷𒄩𒀜𒋾"", -18.3706], [""𒈪𒋫𒀭𒉌"", -18.3706], [""𒀸𒋗𒉿"", -19.0604], [""𒋼𒊑𒀉𒋾𒌅𒌋𒉌𒅖"", -19.6834], [""uk"", -19.9706], [""ke"", -19.9774]]"
kanasisi	𒌷𒉈𒂊𒊭𒀸	-20.7122	"[[""𒌷𒉈𒂊𒊭𒀸"", -20.7122], [""𒌷𒀀𒉿𒅈𒈾"", -20.7122], [""𒀀𒀝𒉌𒅖"", -21.2055], [""𒌷𒄩𒀜𒋾"", -21.2055], [""𒌷𒆷𒊍𒉺"", -21.2055], [""𒈪𒋫𒀭𒉌"", -21.2055], [""𒋼𒊑𒀉𒋾𒌅𒌋𒉌𒅖"", -21.435], [""𒀸𒋗𒉿"", -22.1053], [""ku6"", -22.7839], [""uk"", -23.4733]]"
kanasisir	𒋼𒊑𒀉𒋾𒌅𒌋𒉌𒅖	-23.4063	"[[""𒋼𒊑𒀉𒋾𒌅𒌋𒉌𒅖"", -23.4063], [""𒌷𒀀𒉿𒅈𒈾"", -23.4428], [""𒌷𒉈𒂊𒊭𒀸"", -23.4428], [""apːa"", -24.1141], [""paːi"", -24.1255], [""𒀀𒀝𒉌𒅖"", -24.139], [""𒌷𒄩𒀜𒋾"", -24.139], [""𒌷𒆷𒊍𒉺"", -24.139], [""𒈪𒋫𒀭𒉌"", -24.139], [""pai"", -24.8211]]"
ket	𒀸𒋗𒉿	-8.4226	"[[""𒀸𒋗𒉿"", -8.4226], [""𒀀𒀝𒉌𒅖"", -9.899], [""𒌷𒄩𒀜𒋾"", -9.899], [""𒈪𒋫𒀭𒉌"", -9.899], [""𒌷𒆷𒊍𒉺"", -9.899], [""𒌷𒉈𒂊𒊭𒀸"", -10.7315], [""𒌷𒀀𒉿𒅈𒈾"", -10.7315], [""ku6"", -12.1474], [""aʃ"", -12.8387], [""wa"", -12.8387]]"
keta	𒀸𒋗𒉿	-10.6439	"[[""𒀸𒋗𒉿"", -10.6439], [""𒀀𒀝𒉌𒅖"", -11.1101], [""𒌷𒆷𒊍𒉺"", -11.1101], [""𒈪𒋫𒀭𒉌"", -11.1101], [""𒌷𒄩𒀜𒋾"", -11.1101], [""𒌷𒀀𒉿𒅈𒈾"", -12.2879], [""𒌷𒉈𒂊𒊭𒀸"", -12.2879], [""ku6"", -14.9765], [""𒋼𒊑𒀉𒋾𒌅𒌋𒉌𒅖"", -15.6251], [""lu"", -16.0479]]"
ketan	𒌷𒆷𒊍𒉺	-13.1999	"[[""𒌷𒆷𒊍𒉺"", -13.1999], [""𒀀𒀝𒉌𒅖"", -13.1999], [""𒌷𒄩𒀜𒋾"", -13.1999], [""𒈪𒋫𒀭𒉌"", -13.1999], [""𒀸𒋗𒉿"", -13.2697], [""𒌷𒀀𒉿𒅈𒈾"", -13.742], [""𒌷𒉈𒂊𒊭𒀸"", -13.742], [""𒋼𒊑𒀉𒋾𒌅𒌋𒉌𒅖"", -16.8346], [""ku6"", -17.9765], [""ke"", -19.3208]]"
ketana	𒀀𒀝𒉌𒅖	-15.6764	"[[""𒀀𒀝𒉌𒅖"", -15.6764], [""𒌷𒄩𒀜𒋾"", -15.6764], [""𒈪𒋫𒀭𒉌"", -15.6764], [""𒌷𒆷𒊍𒉺"", -15.6764], [""𒌷𒀀𒉿𒅈𒈾"", -15.7621], [""𒌷𒉈𒂊𒊭𒀸"", -15.7621], [""𒀸𒋗𒉿"", -16.1017], [""𒋼𒊑𒀉𒋾𒌅𒌋𒉌𒅖"", -18.0751], [""ku6"", -21.0773], [""lu"", -22.6343]]"
ketanai	𒌷𒀀𒉿𒅈𒈾	-18.1288	"[[""𒌷𒀀𒉿𒅈𒈾"", -18.1288], [""𒌷𒉈𒂊𒊭𒀸"", -18.1288], [""𒌷𒄩𒀜𒋾"", -18.3706], [""𒀀𒀝𒉌𒅖"", -18.3706], [""𒌷𒆷𒊍𒉺"", -18.3706], [""𒈪𒋫𒀭𒉌"", -18.3706], [""𒀸𒋗𒉿"", -19.0604], [""𒋼𒊑𒀉𒋾𒌅𒌋𒉌𒅖"", -19.6834], [""ku6"", -24.2448], [""iːsˤaː́"", -25.6984]]"
ketanaiΘ	𒌷𒀀𒉿𒅈𒈾	-20.7122	"[[""𒌷𒀀𒉿𒅈𒈾"", -20.7122], [""𒌷𒉈𒂊𒊭𒀸"", -20.7122], [""𒀀𒀝𒉌𒅖"", -21.2055], [""𒌷𒄩𒀜𒋾"", -21.2055], [""𒈪𒋫𒀭𒉌"", -21.2055], [""𒌷𒆷𒊍𒉺"", -21.2055], [""𒋼𒊑𒀉𒋾𒌅𒌋𒉌𒅖"", -21.435], [""𒀸𒋗𒉿"", -22.1053], [""ku6"", -27.4599], [""iːsˤaː́"", -28.4239]]"
ketanaiΘt	𒋼𒊑𒀉𒋾𒌅𒌋𒉌𒅖	-23.4063	"[[""𒋼𒊑𒀉𒋾𒌅𒌋𒉌𒅖"", -23.4063], [""𒌷𒉈𒂊𒊭𒀸"", -23.4428], [""𒌷𒀀𒉿𒅈𒈾"", -23.4428], [""𒀀𒀝𒉌𒅖"", -24.139], [""𒌷𒄩𒀜𒋾"", -24.139], [""𒌷𒆷𒊍𒉺"", -24.139], [""𒈪𒋫𒀭𒉌"", -24.139], [""𒀸𒋗𒉿"", -25.2127], [""ku6"", -30.7105], [""iːsˤaː́"", -31.2348]]"
ketanaiΘti	𒋼𒊑𒀉𒋾𒌅𒌋𒉌𒅖	-25.5942	"[[""𒋼𒊑𒀉𒋾𒌅𒌋𒉌𒅖"", -25.5942], [""𒌷𒉈𒂊𒊭𒀸"", -26.2798], [""𒌷𒀀𒉿𒅈𒈾"", -26.2798], [""𒀀𒀝𒉌𒅖"", -27.1456], [""𒌷𒆷𒊍𒉺"", -27.1456], [""𒈪𒋫𒀭𒉌"", -27.1456], [""𒌷𒄩𒀜𒋾"", -27.1456], [""𒀸𒋗𒉿"", -28.3678], [""ku6"", -33.9888], [""iːsˤaː́"", -34.1135]]"
kit	𒀸𒋗𒉿	-8.4226	"[[""𒀸𒋗𒉿"", -8.4226], [""𒀀𒀝𒉌𒅖"", -9.899], [""𒌷𒄩𒀜𒋾"", -9.899], [""𒈪𒋫𒀭𒉌"", -9.899], [""𒌷𒆷𒊍𒉺"", -9.899], [""𒌷𒉈𒂊𒊭𒀸"", -10.7315], [""𒌷𒀀𒉿𒅈𒈾"", -10.7315], [""ku6"", -12.1474], [""aʃ"", -12.8387], [""wa"", -12.8387]]"
kite	𒀸𒋗𒉿	-10.6439	"[[""𒀸𒋗𒉿"", -10.6439], [""𒀀𒀝𒉌𒅖"", -11.1101], [""𒌷𒆷𒊍𒉺"", -11.1101], [""𒈪𒋫𒀭𒉌"", -11.1101], [""𒌷𒄩𒀜𒋾"", -11.1101], [""𒌷𒀀𒉿𒅈𒈾"", -12.2879], [""𒌷𒉈𒂊𒊭𒀸"", -12.2879], [""ku6"", -14.9765], [""𒋼𒊑𒀉𒋾𒌅𒌋𒉌𒅖"", -15.6251], [""lu"", -16.0479]]"
kites	𒌷𒄩𒀜𒋾	-13.1999	"[[""𒌷𒄩𒀜𒋾"", -13.1999], [""𒀀𒀝𒉌𒅖"", -13.1999], [""𒌷𒆷𒊍𒉺"", -13.1999], [""𒈪𒋫𒀭𒉌"", -13.1999], [""𒀸𒋗𒉿"", -13.2697], [""𒌷𒉈𒂊𒊭𒀸"", -13.742], [""𒌷𒀀𒉿𒅈𒈾"", -13.742], [""apːa"", -16.3263], [""paːi"", -16.3286], [""uxːi"", -16.3416]]"
kitesi	𒀀𒀝𒉌𒅖	-15.6764	"[[""𒀀𒀝𒉌𒅖"", -15.6764], [""𒌷𒄩𒀜𒋾"", -15.6764], [""𒌷𒆷𒊍𒉺"", -15.6764], [""𒈪𒋫𒀭𒉌"", -15.6764], [""𒌷𒀀𒉿𒅈𒈾"", -15.7621], [""𒌷𒉈𒂊𒊭𒀸"", -15.7621], [""𒀸𒋗𒉿"", -16.1017], [""𒋼𒊑𒀉𒋾𒌅𒌋𒉌𒅖"", -18.0751], [""ku6"", -19.5054], [""apːa"", -19.7696]]"
kitesir	𒌷𒉈𒂊𒊭𒀸	-18.1288	"[[""𒌷𒉈𒂊𒊭𒀸"", -18.1288], [""𒌷𒀀𒉿𒅈𒈾"", -18.1288], [""𒌷𒆷𒊍𒉺"", -18.3706], [""𒀀𒀝𒉌𒅖"", -18.3706], [""𒌷𒄩𒀜𒋾"", -18.3706], [""𒈪𒋫𒀭𒉌"", -18.3706], [""𒀸𒋗𒉿"", -19.0604], [""𒋼𒊑𒀉𒋾𒌅𒌋𒉌𒅖"", -19.6834], [""uk"", -19.9706], [""ke"", -19.9774]]"
kitesira	𒌷𒉈𒂊𒊭𒀸	-20.7122	"[[""𒌷𒉈𒂊𒊭𒀸"", -20.7122], [""𒌷𒀀𒉿𒅈𒈾"", -20.7122], [""𒀀𒀝𒉌𒅖"", -21.2055], [""𒌷𒄩𒀜𒋾"", -21.2055], [""𒌷𒆷𒊍𒉺"", -21.2055], [""𒈪𒋫𒀭𒉌"", -21.2055], [""𒋼𒊑𒀉𒋾𒌅𒌋𒉌𒅖"", -21.435], [""𒀸𒋗𒉿"", -22.1053], [""ku6"", -22.7839], [""uk"", -23.4733]]"
kitet	𒌷𒆷𒊍𒉺	-13.1999	"[[""𒌷𒆷𒊍𒉺"", -13.1999], [""𒀀𒀝𒉌𒅖"", -13.1999], [""𒌷𒄩𒀜𒋾"", -13.1999], [""𒈪𒋫𒀭𒉌"", -13.1999], [""𒀸𒋗𒉿"", -13.2697], [""𒌷𒀀𒉿𒅈𒈾"", -13.742], [""𒌷𒉈𒂊𒊭𒀸"", -13.742], [""𒋼𒊑𒀉𒋾𒌅𒌋𒉌𒅖"", -16.8346], [""ku6"", -17.9765], [""ke"", -19.3208]]"
kitete	𒀀𒀝𒉌𒅖	-15.6764	"[[""𒀀𒀝𒉌𒅖"", -15.6764], [""𒌷𒄩𒀜𒋾"", -15.6764], [""𒈪𒋫𒀭𒉌"", -15.6764], [""𒌷𒆷𒊍𒉺"", -15.6764], [""𒌷𒀀𒉿𒅈𒈾"", -15.7621], [""𒌷𒉈𒂊𒊭𒀸"", -15.7621], [""𒀸𒋗𒉿"", -16.1017], [""𒋼𒊑𒀉𒋾𒌅𒌋𒉌𒅖"", -18.0751], [""ku6"", -21.0773], [""lu"", -22.6343]]"
kiteter	𒌷𒀀𒉿𒅈𒈾	-18.1288	"[[""𒌷𒀀𒉿𒅈𒈾"", -18.1288], [""𒌷𒉈𒂊𒊭𒀸"", -18.1288], [""𒀀𒀝𒉌𒅖"", -18.3706], [""𒌷𒆷𒊍𒉺"", -18.3706], [""𒌷𒄩𒀜𒋾"", -18.3706], [""𒈪𒋫𒀭𒉌"", -18.3706], [""𒀸𒋗𒉿"", -19.0604], [""𒋼𒊑𒀉𒋾𒌅𒌋𒉌𒅖"", -19.6834], [""apːa"", -22.4363], [""paːi"", -22.4378]]"
kitetere	𒌷𒉈𒂊𒊭𒀸	-20.7122	"[[""𒌷𒉈𒂊𒊭𒀸"", -20.7122], [""𒌷𒀀𒉿𒅈𒈾"", -20.7122], [""𒌷𒆷𒊍𒉺"", -21.2055], [""𒈪𒋫𒀭𒉌"", -21.2055], [""𒌷𒄩𒀜𒋾"", -21.2055], [""𒀀𒀝𒉌𒅖"", -21.2055], [""𒋼𒊑𒀉𒋾𒌅𒌋𒉌𒅖"", -21.435], [""𒀸𒋗𒉿"", -22.1053], [""apːa"", -25.9077], [""paːi"", -25.9134]]"
kiteterep	𒋼𒊑𒀉𒋾𒌅𒌋𒉌𒅖	-23.4063	"[[""𒋼𒊑𒀉𒋾𒌅𒌋𒉌𒅖"", -23.4063], [""𒌷𒀀𒉿𒅈𒈾"", -23.4428], [""𒌷𒉈𒂊𒊭𒀸"", -23.4428], [""𒀀𒀝𒉌𒅖"", -24.139], [""𒌷𒆷𒊍𒉺"", -24.139], [""𒌷𒄩𒀜𒋾"", -24.139], [""𒈪𒋫𒀭𒉌"", -24.139], [""𒀸𒋗𒉿"", -25.2127], [""iːsˤaː́"", -28.724], [""ku6"", -29.0938]]"
kitu	𒀸𒋗𒉿	-10.6439	"[[""𒀸𒋗𒉿"", -10.6439], [""𒀀𒀝𒉌𒅖"", -11.1101], [""𒌷𒆷𒊍𒉺"", -11.1101], [""𒈪𒋫𒀭𒉌"", -11.1101], [""𒌷𒄩𒀜𒋾"", -11.1101], [""𒌷𒀀𒉿𒅈𒈾"", -12.2879], [""𒌷𒉈𒂊𒊭𒀸"", -12.2879], [""as"", -12.6134], [""kut"", -12.7336], [""ais"", -12.8319]]"
kituj	ke	-12.9871	"[[""ke"", -12.9871], [""𒌷𒆷𒊍𒉺"", -13.1999], [""𒀀𒀝𒉌𒅖"", -13.1999], [""𒈪𒋫𒀭𒉌"", -13.1999], [""𒌷𒄩𒀜𒋾"", -13.1999], [""𒀸𒋗𒉿"", -13.2697], [""𒌷𒉈𒂊𒊭𒀸"", -13.742], [""𒌷𒀀𒉿𒅈𒈾"", -13.742], [""iti"", -13.9845], [""pata"", -14.021]]"
kituja	𒀀𒀝𒉌𒅖	-15.6764	"[[""𒀀𒀝𒉌𒅖"", -15.6764], [""𒌷𒆷𒊍𒉺"", -15.6764], [""𒌷𒄩𒀜𒋾"", -15.6764], [""𒈪𒋫𒀭𒉌"", -15.6764], [""𒌷𒀀𒉿𒅈𒈾"", -15.7621], [""𒌷𒉈𒂊𒊭𒀸"", -15.7621], [""ku6"", -15.8332], [""𒀸𒋗𒉿"", -16.1017], [""ke"", -16.4913], [""saːki"", -17.4286]]"
kitujas	tuk	-16.4892	"[[""tuk"", -16.4892], [""tai"", -16.7694], [""paːi"", -17.1974], [""pai"", -17.8564], [""𒌷𒀀𒉿𒅈𒈾"", -18.1288], [""𒌷𒉈𒂊𒊭𒀸"", -18.1288], [""saːki"", -18.239], [""tsak"", -18.296], [""tsik"", -18.296], [""𒌷𒄩𒀜𒋾"", -18.3706]]"
mai	𒀸𒋗𒉿	-8.4226	"[[""𒀸𒋗𒉿"", -8.4226], [""𒀀𒀝𒉌𒅖"", -9.899], [""𒌷𒄩𒀜𒋾"", -9.899], [""𒈪𒋫𒀭𒉌"", -9.899], [""𒌷𒆷𒊍𒉺"", -9.899], [""𒌷𒉈𒂊𒊭𒀸"", -10.7315], [""𒌷𒀀𒉿𒅈𒈾"", -10.7315], [""ku6"", -12.1474], [""aʃ"", -12.8387], [""wa"", -12.8387]]"
main	𒀸𒋗𒉿	-10.6439	"[[""𒀸𒋗𒉿"", -10.6439], [""𒀀𒀝𒉌𒅖"", -11.1101], [""𒌷𒆷𒊍𒉺"", -11.1101], [""𒈪𒋫𒀭𒉌"", -11.1101], [""𒌷𒄩𒀜𒋾"", -11.1101], [""𒌷𒀀𒉿𒅈𒈾"", -12.2879], [""𒌷𒉈𒂊𒊭𒀸"", -12.2879], [""ku6"", -14.9765], [""𒋼𒊑𒀉𒋾𒌅𒌋𒉌𒅖"", -15.6251], [""lu"", -16.0479]]"
maina	𒌷𒆷𒊍𒉺	-13.1999	"[[""𒌷𒆷𒊍𒉺"", -13.1999], [""𒀀𒀝𒉌𒅖"", -13.1999], [""𒌷𒄩𒀜𒋾"", -13.1999], [""𒈪𒋫𒀭𒉌"", -13.1999], [""𒀸𒋗𒉿"", -13.2697], [""𒌷𒀀𒉿𒅈𒈾"", -13.742], [""𒌷𒉈𒂊𒊭𒀸"", -13.742], [""𒋼𒊑𒀉𒋾𒌅𒌋𒉌𒅖"", -16.8346], [""ku6"", -17.9765], [""ke"", -19.3208]]"
mainaj	𒀀𒀝𒉌𒅖	-15.6764	"[[""𒀀𒀝𒉌𒅖"", -15.6764], [""𒌷𒆷𒊍𒉺"", -15.6764], [""𒈪𒋫𒀭𒉌"", -15.6764], [""𒌷𒄩𒀜𒋾"", -15.6764], [""𒌷𒉈𒂊𒊭𒀸"", -15.7621], [""𒌷𒀀𒉿𒅈𒈾"", -15.7621], [""𒀸𒋗𒉿"", -16.1017], [""eːʃ"", -17.5269], [""xuːʃ"", -17.9674], [""𒋼𒊑𒀉𒋾𒌅𒌋𒉌𒅖"", -18.0751]]"
mainaja	𒌷𒉈𒂊𒊭𒀸	-18.1288	"[[""𒌷𒉈𒂊𒊭𒀸"", -18.1288], [""𒌷𒀀𒉿𒅈𒈾"", -18.1288], [""𒀀𒀝𒉌𒅖"", -18.3706], [""𒈪𒋫𒀭𒉌"", -18.3706], [""𒌷𒄩𒀜𒋾"", -18.3706], [""𒌷𒆷𒊍𒉺"", -18.3706], [""𒀸𒋗𒉿"", -19.0604], [""𒋼𒊑𒀉𒋾𒌅𒌋𒉌𒅖"", -19.6834], [""eːʃ"", -21.012], [""xuːʃ"", -21.4593]]"
mainajar	𒌷𒀀𒉿𒅈𒈾	-20.7122	"[[""𒌷𒀀𒉿𒅈𒈾"", -20.7122], [""𒌷𒉈𒂊𒊭𒀸"", -20.7122], [""𒈪𒋫𒀭𒉌"", -21.2055], [""𒀀𒀝𒉌𒅖"", -21.2055], [""𒌷𒄩𒀜𒋾"", -21.2055], [""𒌷𒆷𒊍𒉺"", -21.2055], [""𒋼𒊑𒀉𒋾𒌅𒌋𒉌𒅖"", -21.435], [""uːxːi"", -21.7352], [""𒀸𒋗𒉿"", -22.1053], [""uxːi"", -23.254]]"
mainajare	𒋼𒊑𒀉𒋾𒌅𒌋𒉌𒅖	-23.4063	"[[""𒋼𒊑𒀉𒋾𒌅𒌋𒉌𒅖"", -23.4063], [""𒌷𒉈𒂊𒊭𒀸"", -23.4428], [""𒌷𒀀𒉿𒅈𒈾"", -23.4428], [""𒀀𒀝𒉌𒅖"", -24.139], [""𒌷𒄩𒀜𒋾"", -24.139], [""𒈪𒋫𒀭𒉌"", -24.139], [""𒌷𒆷𒊍𒉺"", -24.139], [""𒀸𒋗𒉿"", -25.2127], [""uːxːi"", -25.2305], [""uxːi"", -26.7503]]"
mainajaret	𒋼𒊑𒀉𒋾𒌅𒌋𒉌𒅖	-25.5942	"[[""𒋼𒊑𒀉𒋾𒌅𒌋𒉌𒅖"", -25.5942], [""𒌷𒀀𒉿𒅈𒈾"", -26.2798], [""𒌷𒉈𒂊𒊭𒀸"", -26.2798], [""𒀀𒀝𒉌𒅖"", -27.1456], [""𒈪𒋫𒀭𒉌"", -27.1456], [""𒌷𒆷𒊍𒉺"", -27.1456], [""𒌷𒄩𒀜𒋾"", -27.1456], [""𒀸𒋗𒉿"", -28.3678], [""uːxːi"", -28.7219], [""uxːi"", -30.2429]]"
man	𒀸𒋗𒉿	-8.4226	"[[""𒀸𒋗𒉿"", -8.4226], [""𒀀𒀝𒉌𒅖"", -9.899], [""𒌷𒄩𒀜𒋾"", -9.899], [""𒈪𒋫𒀭𒉌"", -9.899], [""𒌷𒆷𒊍𒉺"", -9.899], [""𒌷𒉈𒂊𒊭𒀸"", -10.7315], [""𒌷𒀀𒉿𒅈𒈾"", -10.7315], [""ku6"", -12.1474], [""aʃ"", -12.8387], [""wa"", -12.8387]]"
mana	𒀸𒋗𒉿	-10.6439	"[[""𒀸𒋗𒉿"", -10.6439], [""𒀀𒀝𒉌𒅖"", -11.1101], [""𒌷𒆷𒊍𒉺"", -11.1101], [""𒈪𒋫𒀭𒉌"", -11.1101], [""𒌷𒄩𒀜𒋾"", -11.1101], [""𒌷𒀀𒉿𒅈𒈾"", -12.2879], [""𒌷𒉈𒂊𒊭𒀸"", -12.2879], [""ku6"", -14.9765], [""𒋼𒊑𒀉𒋾𒌅𒌋𒉌𒅖"", -15.6251], [""lu"", -16.0479]]"
manad	𒌷𒆷𒊍𒉺	-13.1999	"[[""𒌷𒆷𒊍𒉺"", -13.1999], [""𒀀𒀝𒉌𒅖"", -13.1999], [""𒌷𒄩𒀜𒋾"", -13.1999], [""𒈪𒋫𒀭𒉌"", -13.1999], [""𒀸𒋗𒉿"", -13.2697], [""𒌷𒀀𒉿𒅈𒈾"", -13.742], [""𒌷𒉈𒂊𒊭𒀸"", -13.742], [""𒋼𒊑𒀉𒋾𒌅𒌋𒉌𒅖"", -16.8346], [""ku6"", -17.9765], [""ke"", -19.3208]]"
manada	𒀀𒀝𒉌𒅖	-15.6764	"[[""𒀀𒀝𒉌𒅖"", -15.6764], [""𒌷𒄩𒀜𒋾"", -15.6764], [""𒈪𒋫𒀭𒉌"", -15.6764], [""𒌷𒆷𒊍𒉺"", -15.6764], [""𒌷𒀀𒉿𒅈𒈾"", -15.7621], [""𒌷𒉈𒂊𒊭𒀸"", -15.7621], [""𒀸𒋗𒉿"", -16.1017], [""𒋼𒊑𒀉𒋾𒌅𒌋𒉌𒅖"", -18.0751], [""ku6"", -21.0773], [""lu"", -22.6343]]"
manadaw	𒌷𒀀𒉿𒅈𒈾	-18.1288	"[[""𒌷𒀀𒉿𒅈𒈾"", -18.1288], [""𒌷𒉈𒂊𒊭𒀸"", -18.1288], [""𒌷𒄩𒀜𒋾"", -18.3706], [""𒀀𒀝𒉌𒅖"", -18.3706], [""𒌷𒆷𒊍𒉺"", -18.3706], [""𒈪𒋫𒀭𒉌"", -18.3706], [""𒀸𒋗𒉿"", -19.0604], [""𒋼𒊑𒀉𒋾𒌅𒌋𒉌𒅖"", -19.6834], [""ku6"", -24.2448], [""iːsˤaː́"", -25.6984]]"
manadawa	𒌷𒀀𒉿𒅈𒈾	-20.7122	"[[""𒌷𒀀𒉿𒅈𒈾"", -20.7122], [""𒌷𒉈𒂊𒊭𒀸"", -20.7122], [""𒀀𒀝𒉌𒅖"", -21.2055], [""𒌷𒄩𒀜𒋾"", -21.2055], [""𒈪𒋫𒀭𒉌"", -21.2055], [""𒌷𒆷𒊍𒉺"", -21.2055], [""𒋼𒊑𒀉𒋾𒌅𒌋𒉌𒅖"", -21.435], [""𒀸𒋗𒉿"", -22.1053], [""ku6"", -27.4599], [""iːsˤaː́"", -28.4239]]"
manadawai	𒋼𒊑𒀉𒋾𒌅𒌋𒉌𒅖	-23.4063	"[[""𒋼𒊑𒀉𒋾𒌅𒌋𒉌𒅖"", -23.4063], [""𒌷𒉈𒂊𒊭𒀸"", -23.4428], [""𒌷𒀀𒉿𒅈𒈾"", -23.4428], [""𒀀𒀝𒉌𒅖"", -24.139], [""𒌷𒄩𒀜𒋾"", -24.139], [""𒌷𒆷𒊍𒉺"", -24.139], [""𒈪𒋫𒀭𒉌"", -24.139], [""𒀸𒋗𒉿"", -25.2127], [""ku6"", -30.7105], [""iːsˤaː́"", -31.2348]]"
manadawaij	𒋼𒊑𒀉𒋾𒌅𒌋𒉌𒅖	-25.5942	"[[""𒋼𒊑𒀉𒋾𒌅𒌋𒉌𒅖"", -25.5942], [""𒌷𒉈𒂊𒊭𒀸"", -26.2798], [""𒌷𒀀𒉿𒅈𒈾"", -26.2798], [""𒌷𒆷𒊍𒉺"", -27.1456], [""𒈪𒋫𒀭𒉌"", -27.1456], [""𒌷𒄩𒀜𒋾"", -27.1456], [""𒀀𒀝𒉌𒅖"", -27.1456], [""𒀸𒋗𒉿"", -28.3678], [""eːʃ"", -30.529], [""xuːʃ"", -30.704]]"
mas	𒀸𒋗𒉿	-8.4226	"[[""𒀸𒋗𒉿"", -8.4226], [""𒀀𒀝𒉌𒅖"", -9.899], [""𒌷𒄩𒀜𒋾"", -9.899], [""𒈪𒋫𒀭𒉌"", -9.899], [""𒌷𒆷𒊍𒉺"", -9.899], [""uk"", -10.2251], [""ke"", -10.357], [""pai"", -10.6027], [""wa"", -10.6883], [""lu"", -10.6883]]"
masi	𒀸𒋗𒉿	-10.6439	"[[""𒀸𒋗𒉿"", -10.6439], [""𒌷𒄩𒀜𒋾"", -11.1101], [""𒀀𒀝𒉌𒅖"", -11.1101], [""𒌷𒆷𒊍𒉺"", -11.1101], [""𒈪𒋫𒀭𒉌"", -11.1101], [""𒌷𒉈𒂊𒊭𒀸"", -12.2879], [""𒌷𒀀𒉿𒅈𒈾"", -12.2879], [""ku6"", -12.8883], [""praː"", -13.4461], [""uk"", -13.5419]]"
masir	uk	-12.9688	"[[""uk"", -12.9688], [""ke"", -12.9723], [""𒌷𒆷𒊍𒉺"", -13.1999], [""𒀀𒀝𒉌𒅖"", -13.1999], [""𒌷𒄩𒀜𒋾"", -13.1999], [""𒈪𒋫𒀭𒉌"", -13.1999], [""𒀸𒋗𒉿"", -13.2697], [""𒌷𒀀𒉿𒅈𒈾"", -13.742], [""𒌷𒉈𒂊𒊭𒀸"", -13.742], [""apːa"", -14.0927]]"
masiru	kut	-12.9697	"[[""kut"", -12.9697], [""ais"", -13.25], [""ekːus"", -14.0844], [""pekːus"", -14.5478], [""kuis"", -14.6492], [""kuit"", -14.6492], [""as"", -14.7119], [""nakːis"", -14.9408], [""patas"", -15.0084], [""asːus"", -15.0277]]"
masirut	kut	-16.4766	"[[""kut"", -16.4766], [""ais"", -16.757], [""ekːus"", -17.5698], [""pekːus"", -17.9569], [""𒌷𒀀𒉿𒅈𒈾"", -18.1288], [""𒌷𒉈𒂊𒊭𒀸"", -18.1288], [""kuis"", -18.1512], [""kuit"", -18.1512], [""as"", -18.2191], [""patas"", -18.2972]]"
masirute	kut	-19.9835	"[[""kut"", -19.9835], [""ais"", -20.264], [""𒌷𒉈𒂊𒊭𒀸"", -20.7122], [""𒌷𒀀𒉿𒅈𒈾"", -20.7122], [""ekːus"", -21.04], [""𒌷𒆷𒊍𒉺"", -21.2055], [""𒀀𒀝𒉌𒅖"", -21.2055], [""𒌷𒄩𒀜𒋾"", -21.2055], [""𒈪𒋫𒀭𒉌"", -21.2055], [""pekːus"", -21.2948]]"
mat	𒀸𒋗𒉿	-8.4226	"[[""𒀸𒋗𒉿"", -8.4226], [""𒀀𒀝𒉌𒅖"", -9.899], [""𒌷𒄩𒀜𒋾"", -9.899], [""𒈪𒋫𒀭𒉌"", -9.899], [""𒌷𒆷𒊍𒉺"", -9.899], [""𒌷𒉈𒂊𒊭𒀸"", -10.7315], [""𒌷𒀀𒉿𒅈𒈾"", -10.7315], [""ku6"", -12.1474], [""aʃ"", -12.8387], [""wa"", -12.8387]]"
mate	𒀸𒋗𒉿	-10.6439	"[[""𒀸𒋗𒉿"", -10.6439], [""𒀀𒀝𒉌𒅖"", -11.1101], [""𒌷𒆷𒊍𒉺"", -11.1101], [""𒈪𒋫𒀭𒉌"", -11.1101], [""𒌷𒄩𒀜𒋾"", -11.1101], [""𒌷𒀀𒉿𒅈𒈾"", -12.2879], [""𒌷𒉈𒂊𒊭𒀸"", -12.2879], [""ku6"", -14.9765], [""𒋼𒊑𒀉𒋾𒌅𒌋𒉌𒅖"", -15.6251], [""lu"", -16.0479]]"
mei	𒀸𒋗𒉿	-8.4226	"[[""𒀸𒋗𒉿"", -8.4226], [""𒀀𒀝𒉌𒅖"", -9.899], [""𒌷𒄩𒀜𒋾"", -9.899], [""𒈪𒋫𒀭𒉌"", -9.899], [""𒌷𒆷𒊍𒉺"", -9.899], [""𒌷𒉈𒂊𒊭𒀸"", -10.7315], [""𒌷𒀀𒉿𒅈𒈾"", -10.7315], [""ku6"", -12.1474], [""aʃ"", -12.8387], [""wa"", -12.8387]]"
meij	𒀸𒋗𒉿	-10.6439	"[[""𒀸𒋗𒉿"", -10.6439], [""𒀀𒀝𒉌𒅖"", -11.1101], [""𒌷𒄩𒀜𒋾"", -11.1101], [""𒌷𒆷𒊍𒉺"", -11.1101], [""𒈪𒋫𒀭𒉌"", -11.1101], [""eːʃ"", -11.3418], [""xuːʃ"", -12.1291], [""𒌷𒉈𒂊𒊭𒀸"", -12.2879], [""𒌷𒀀𒉿𒅈𒈾"", -12.2879], [""aʃ"", -12.5547]]"
meija	𒀀𒀝𒉌𒅖	-13.1999	"[[""𒀀𒀝𒉌𒅖"", -13.1999], [""𒌷𒆷𒊍𒉺"", -13.1999], [""𒌷𒄩𒀜𒋾"", -13.1999], [""𒈪𒋫𒀭𒉌"", -13.1999], [""𒀸𒋗𒉿"", -13.2697], [""𒌷𒀀𒉿𒅈𒈾"", -13.742], [""𒌷𒉈𒂊𒊭𒀸"", -13.742], [""eːʃ"", -14.7994], [""xuːʃ"", -15.595], [""aʃ"", -15.9998]]"
meijas	uːxːi	-15.5444	"[[""uːxːi"", -15.5444], [""𒀀𒀝𒉌𒅖"", -15.6764], [""𒌷𒄩𒀜𒋾"", -15.6764], [""𒈪𒋫𒀭𒉌"", -15.6764], [""𒌷𒆷𒊍𒉺"", -15.6764], [""𒌷𒀀𒉿𒅈𒈾"", -15.7621], [""𒌷𒉈𒂊𒊭𒀸"", -15.7621], [""𒀸𒋗𒉿"", -16.1017], [""uk"", -16.4835], [""uxːi"", -16.6605]]"
meijasa	𒌷𒀀𒉿𒅈𒈾	-18.1288	"[[""𒌷𒀀𒉿𒅈𒈾"", -18.1288], [""𒌷𒉈𒂊𒊭𒀸"", -18.1288], [""𒌷𒄩𒀜𒋾"", -18.3706], [""𒈪𒋫𒀭𒉌"", -18.3706], [""𒌷𒆷𒊍𒉺"", -18.3706], [""𒀀𒀝𒉌𒅖"", -18.3706], [""uːxːi"", -19.0388], [""𒀸𒋗𒉿"", -19.0604], [""𒋼𒊑𒀉𒋾𒌅𒌋𒉌𒅖"", -19.6834], [""uk"", -19.986]]"
meijasas	apːa	-20.678	"[[""apːa"", -20.678], [""𒌷𒀀𒉿𒅈𒈾"", -20.7122], [""𒌷𒉈𒂊𒊭𒀸"", -20.7122], [""uːxːi"", -21.1256], [""𒀀𒀝𒉌𒅖"", -21.2055], [""𒈪𒋫𒀭𒉌"", -21.2055], [""𒌷𒆷𒊍𒉺"", -21.2055], [""𒌷𒄩𒀜𒋾"", -21.2055], [""𒋼𒊑𒀉𒋾𒌅𒌋𒉌𒅖"", -21.435], [""xʃap"", -21.5431]]"
meijasasa	𒋼𒊑𒀉𒋾𒌅𒌋𒉌𒅖	-23.4063	"[[""𒋼𒊑𒀉𒋾𒌅𒌋𒉌𒅖"", -23.4063], [""𒌷𒀀𒉿𒅈𒈾"", -23.4428], [""𒌷𒉈𒂊𒊭𒀸"", -23.4428], [""𒌷𒆷𒊍𒉺"", -24.139], [""𒀀𒀝𒉌𒅖"", -24.139], [""𒌷𒄩𒀜𒋾"", -24.139], [""𒈪𒋫𒀭𒉌"", -24.139], [""apːa"", -24.164], [""uːxːi"", -24.6277], [""xapa"", -24.9667]]"
meijasau	xus	-18.8998	"[[""xus"", -18.8998], [""ais"", -20.2506], [""𒌷𒀀𒉿𒅈𒈾"", -20.7122], [""𒌷𒉈𒂊𒊭𒀸"", -20.7122], [""𒀀𒀝𒉌𒅖"", -21.2055], [""𒌷𒆷𒊍𒉺"", -21.2055], [""𒈪𒋫𒀭𒉌"", -21.2055], [""𒌷𒄩𒀜𒋾"", -21.2055], [""ekːus"", -21.2399], [""xaːras"", -21.4334]]"
meijasaun	xus	-22.4069	"[[""xus"", -22.4069], [""𒋼𒊑𒀉𒋾𒌅𒌋𒉌𒅖"", -23.4063], [""𒌷𒉈𒂊𒊭𒀸"", -23.4428], [""𒌷𒀀𒉿𒅈𒈾"", -23.4428], [""ais"", -23.7576], [""𒀀𒀝𒉌𒅖"", -24.139], [""𒌷𒆷𒊍𒉺"", -24.139], [""𒌷𒄩𒀜𒋾"", -24.139], [""𒈪𒋫𒀭𒉌"", -24.139], [""xatːi"", -24.5186]]"
meijasauna	𒋼𒊑𒀉𒋾𒌅𒌋𒉌𒅖	-25.5942	"[[""𒋼𒊑𒀉𒋾𒌅𒌋𒉌𒅖"", -25.5942], [""xus"", -25.914], [""𒌷𒀀𒉿𒅈𒈾"", -26.2798], [""𒌷𒉈𒂊𒊭𒀸"", -26.2798], [""𒌷𒄩𒀜𒋾"", -27.1456], [""𒌷𒆷𒊍𒉺"", -27.1456], [""𒈪𒋫𒀭𒉌"", -27.1456], [""𒀀𒀝𒉌𒅖"", -27.1456], [""xatːi"", -27.2426], [""ais"", -27.2646]]"
meit	𒀸𒋗𒉿	-10.6439	"[[""𒀸𒋗𒉿"", -10.6439], [""𒀀𒀝𒉌𒅖"", -11.1101], [""𒌷𒆷𒊍𒉺"", -11.1101], [""𒈪𒋫𒀭𒉌"", -11.1101], [""𒌷𒄩𒀜𒋾"", -11.1101], [""𒌷𒀀𒉿𒅈𒈾"", -12.2879], [""𒌷𒉈𒂊𒊭𒀸"", -12.2879], [""ku6"", -14.9765], [""𒋼𒊑𒀉𒋾𒌅𒌋𒉌𒅖"", -15.6251], [""lu"", -16.0479]]"
meiti	𒌷𒆷𒊍𒉺	-13.1999	"[[""𒌷𒆷𒊍𒉺"", -13.1999], [""𒀀𒀝𒉌𒅖"", -13.1999], [""𒌷𒄩𒀜𒋾"", -13.1999], [""𒈪𒋫𒀭𒉌"", -13.1999], [""𒀸𒋗𒉿"", -13.2697], [""𒌷𒀀𒉿𒅈𒈾"", -13.742], [""𒌷𒉈𒂊𒊭𒀸"", -13.742], [""𒋼𒊑𒀉𒋾𒌅𒌋𒉌𒅖"", -16.8346], [""ku6"", -17.9765], [""ke"", -19.3208]]"
meu	𒀸𒋗𒉿	-8.4226	"[[""𒀸𒋗𒉿"", -8.4226], [""as"", -9.3933], [""kut"", -9.5934], [""ais"", -9.7388], [""xus"", -9.7388], [""𒀀𒀝𒉌𒅖"", -9.899], [""𒌷𒆷𒊍𒉺"", -9.899], [""𒌷𒄩𒀜𒋾"", -9.899], [""𒈪𒋫𒀭𒉌"", -9.899], [""tuk"", -9.9531]]"
meun	𒀸𒋗𒉿	-10.6439	"[[""𒀸𒋗𒉿"", -10.6439], [""𒀀𒀝𒉌𒅖"", -11.1101], [""𒈪𒋫𒀭𒉌"", -11.1101], [""𒌷𒄩𒀜𒋾"", -11.1101], [""𒌷𒆷𒊍𒉺"", -11.1101], [""𒌷𒀀𒉿𒅈𒈾"", -12.2879], [""𒌷𒉈𒂊𒊭𒀸"", -12.2879], [""as"", -12.8904], [""kut"", -12.9682], [""tuk"", -12.9891]]"
meuna	𒌷𒆷𒊍𒉺	-13.1999	"[[""𒌷𒆷𒊍𒉺"", -13.1999], [""𒀀𒀝𒉌𒅖"", -13.1999], [""𒈪𒋫𒀭𒉌"", -13.1999], [""𒌷𒄩𒀜𒋾"", -13.1999], [""𒀸𒋗𒉿"", -13.2697], [""𒌷𒉈𒂊𒊭𒀸"", -13.742], [""𒌷𒀀𒉿𒅈𒈾"", -13.742], [""tuk"", -16.1696], [""ku6"", -16.2705], [""kut"", -16.3551]]"
meunak	𒀀𒀝𒉌𒅖	-15.6764	"[[""𒀀𒀝𒉌𒅖"", -15.6764], [""𒈪𒋫𒀭𒉌"", -15.6764], [""𒌷𒆷𒊍𒉺"", -15.6764], [""𒌷𒄩𒀜𒋾"", -15.6764], [""𒌷𒀀𒉿𒅈𒈾"", -15.7621], [""𒌷𒉈𒂊𒊭𒀸"", -15.7621], [""𒀸𒋗𒉿"", -16.1017], [""𒋼𒊑𒀉𒋾𒌅𒌋𒉌𒅖"", -18.0751], [""iːsˤaː́"", -18.8408], [""ku6"", -19.2381]]"
meunaka	𒌷𒀀𒉿𒅈𒈾	-18.1288	"[[""𒌷𒀀𒉿𒅈𒈾"", -18.1288], [""𒌷𒉈𒂊𒊭𒀸"", -18.1288], [""𒌷𒄩𒀜𒋾"", -18.3706], [""𒀀𒀝𒉌𒅖"", -18.3706], [""𒌷𒆷𒊍𒉺"", -18.3706], [""𒈪𒋫𒀭𒉌"", -18.3706], [""𒀸𒋗𒉿"", -19.0604], [""𒋼𒊑𒀉𒋾𒌅𒌋𒉌𒅖"", -19.6834], [""iːsˤaː́"", -21.2907], [""ku6"", -22.3199]]"
meunakan	𒌷𒀀𒉿𒅈𒈾	-20.7122	"[[""𒌷𒀀𒉿𒅈𒈾"", -20.7122], [""𒌷𒉈𒂊𒊭𒀸"", -20.7122], [""𒀀𒀝𒉌𒅖"", -21.2055], [""𒌷𒆷𒊍𒉺"", -21.2055], [""𒌷𒄩𒀜𒋾"", -21.2055], [""𒈪𒋫𒀭𒉌"", -21.2055], [""𒋼𒊑𒀉𒋾𒌅𒌋𒉌𒅖"", -21.435], [""𒀸𒋗𒉿"", -22.1053], [""iːsˤaː́"", -23.9733], [""ku6"", -25.4761]]"
meunakana	𒋼𒊑𒀉𒋾𒌅𒌋𒉌𒅖	-23.4063	"[[""𒋼𒊑𒀉𒋾𒌅𒌋𒉌𒅖"", -23.4063], [""𒌷𒉈𒂊𒊭𒀸"", -23.4428], [""𒌷𒀀𒉿𒅈𒈾"", -23.4428], [""𒀀𒀝𒉌𒅖"", -24.139], [""𒌷𒆷𒊍𒉺"", -24.139], [""𒈪𒋫𒀭𒉌"", -24.139], [""𒌷𒄩𒀜𒋾"", -24.139], [""𒀸𒋗𒉿"", -25.2127], [""iːsˤaː́"", -26.8017], [""ku6"", -28.6847]]"
meunakanas	𒋼𒊑𒀉𒋾𒌅𒌋𒉌𒅖	-25.5942	"[[""𒋼𒊑𒀉𒋾𒌅𒌋𒉌𒅖"", -25.5942], [""𒌷𒀀𒉿𒅈𒈾"", -26.2798], [""𒌷𒉈𒂊𒊭𒀸"", -26.2798], [""𒌷𒄩𒀜𒋾"", -27.1456], [""𒀀𒀝𒉌𒅖"", -27.1456], [""𒌷𒆷𒊍𒉺"", -27.1456], [""𒈪𒋫𒀭𒉌"", -27.1456], [""𒀸𒋗𒉿"", -28.3678], [""aːsːa"", -28.4443], [""sakːi"", -28.9724]]"
meunar	aːsːa	-15.5214	"[[""aːsːa"", -15.5214], [""𒀀𒀝𒉌𒅖"", -15.6764], [""𒌷𒄩𒀜𒋾"", -15.6764], [""𒌷𒆷𒊍𒉺"", -15.6764], [""𒈪𒋫𒀭𒉌"", -15.6764], [""𒌷𒀀𒉿𒅈𒈾"", -15.7621], [""𒌷𒉈𒂊𒊭𒀸"", -15.7621], [""𒀸𒋗𒉿"", -16.1017], [""ke"", -16.4818], [""sakːi"", -16.69]]"
meunaru	tasːus	-16.223	"[[""tasːus"", -16.223], [""asːus"", -16.421], [""atːas"", -16.421], [""kut"", -16.4784], [""tuk"", -16.4786], [""salːis"", -17.0621], [""tepus"", -17.2109], [""pekːus"", -17.2998], [""ekːus"", -17.4154], [""patas"", -17.5285]]"
meunaruk	tasːus	-19.5994	"[[""tasːus"", -19.5994], [""asːus"", -19.9229], [""atːas"", -19.9229], [""tuk"", -19.9834], [""kut"", -19.9853], [""salːis"", -20.5674], [""tepus"", -20.6538], [""𒌷𒉈𒂊𒊭𒀸"", -20.7122], [""𒌷𒀀𒉿𒅈𒈾"", -20.7122], [""pekːus"", -20.7601]]"
meunaruka	tasːus	-22.8881	"[[""tasːus"", -22.8881], [""𒋼𒊑𒀉𒋾𒌅𒌋𒉌𒅖"", -23.4063], [""asːus"", -23.4197], [""atːas"", -23.4197], [""𒌷𒉈𒂊𒊭𒀸"", -23.4428], [""𒌷𒀀𒉿𒅈𒈾"", -23.4428], [""tuk"", -23.4882], [""kut"", -23.4922], [""iːsˤaː́"", -23.6049], [""salːis"", -24.0715]]"
meunarukan	𒋼𒊑𒀉𒋾𒌅𒌋𒉌𒅖	-25.5942	"[[""𒋼𒊑𒀉𒋾𒌅𒌋𒉌𒅖"", -25.5942], [""tasːus"", -26.1355], [""𒌷𒉈𒂊𒊭𒀸"", -26.2798], [""𒌷𒀀𒉿𒅈𒈾"", -26.2798], [""iːsˤaː́"", -26.4317], [""asːus"", -26.9115], [""atːas"", -26.9115], [""tuk"", -26.993], [""kut"", -26.9991], [""𒌷𒆷𒊍𒉺"", -27.1456]]"
nad	𒀸𒋗𒉿	-8.4226	"[[""𒀸𒋗𒉿"", -8.4226], [""𒀀𒀝𒉌𒅖"", -9.899], [""𒌷𒄩𒀜𒋾"", -9.899], [""𒈪𒋫𒀭𒉌"", -9.899], [""𒌷𒆷𒊍𒉺"", -9.899], [""𒌷𒉈𒂊𒊭𒀸"", -10.7315], [""𒌷𒀀𒉿𒅈𒈾"", -10.7315], [""ku6"", -12.1474], [""aʃ"", -12.8387], [""wa"", -12.8387]]"
nada	𒀸𒋗𒉿	-10.6439	"[[""𒀸𒋗𒉿"", -10.6439], [""𒀀𒀝𒉌𒅖"", -11.1101], [""𒌷𒆷𒊍𒉺"", -11.1101], [""𒈪𒋫𒀭𒉌"", -11.1101], [""𒌷𒄩𒀜𒋾"", -11.1101], [""𒌷𒀀𒉿𒅈𒈾"", -12.2879], [""𒌷𒉈𒂊𒊭𒀸"", -12.2879], [""ku6"", -14.9765], [""𒋼𒊑𒀉𒋾𒌅𒌋𒉌𒅖"", -15.6251], [""lu"", -16.0479]]"
nadad	𒌷𒆷𒊍𒉺	-13.1999	"[[""𒌷𒆷𒊍𒉺"", -13.1999], [""𒀀𒀝𒉌𒅖"", -13.1999], [""𒌷𒄩𒀜𒋾"", -13.1999], [""𒈪𒋫𒀭𒉌"", -13.1999], [""𒀸𒋗𒉿"", -13.2697], [""𒌷𒀀𒉿𒅈𒈾"", -13.742], [""𒌷𒉈𒂊𒊭𒀸"", -13.742], [""𒋼𒊑𒀉𒋾𒌅𒌋𒉌𒅖"", -16.8346], [""ku6"", -17.9765], [""ke"", -19.3208]]"
nadada	𒀀𒀝𒉌𒅖	-15.6764	"[[""𒀀𒀝𒉌𒅖"", -15.6764], [""𒌷𒄩𒀜𒋾"", -15.6764], [""𒈪𒋫𒀭𒉌"", -15.6764], [""𒌷𒆷𒊍𒉺"", -15.6764], [""𒌷𒀀𒉿𒅈𒈾"", -15.7621], [""𒌷𒉈𒂊𒊭𒀸"", -15.7621], [""𒀸𒋗𒉿"", -16.1017], [""𒋼𒊑𒀉𒋾𒌅𒌋𒉌𒅖"", -18.0751], [""ku6"", -21.0773], [""lu"", -22.6343]]"
nadadau	𒌷𒉈𒂊𒊭𒀸	-18.1288	"[[""𒌷𒉈𒂊𒊭𒀸"", -18.1288], [""𒌷𒀀𒉿𒅈𒈾"", -18.1288], [""𒀀𒀝𒉌𒅖"", -18.3706], [""𒌷𒄩𒀜𒋾"", -18.3706], [""𒈪𒋫𒀭𒉌"", -18.3706], [""𒌷𒆷𒊍𒉺"", -18.3706], [""𒀸𒋗𒉿"", -19.0604], [""𒋼𒊑𒀉𒋾𒌅𒌋𒉌𒅖"", -19.6834], [""as"", -22.577], [""kut"", -22.577]]"
nadadaut	𒌷𒉈𒂊𒊭𒀸	-20.7122	"[[""𒌷𒉈𒂊𒊭𒀸"", -20.7122], [""𒌷𒀀𒉿𒅈𒈾"", -20.7122], [""𒀀𒀝𒉌𒅖"", -21.2055], [""𒌷𒆷𒊍𒉺"", -21.2055], [""𒈪𒋫𒀭𒉌"", -21.2055], [""𒌷𒄩𒀜𒋾"", -21.2055], [""𒋼𒊑𒀉𒋾𒌅𒌋𒉌𒅖"", -21.435], [""𒀸𒋗𒉿"", -22.1053], [""kut"", -26.0353], [""as"", -26.0799]]"
nadadauti	𒋼𒊑𒀉𒋾𒌅𒌋𒉌𒅖	-23.4063	"[[""𒋼𒊑𒀉𒋾𒌅𒌋𒉌𒅖"", -23.4063], [""𒌷𒀀𒉿𒅈𒈾"", -23.4428], [""𒌷𒉈𒂊𒊭𒀸"", -23.4428], [""𒌷𒆷𒊍𒉺"", -24.139], [""𒌷𒄩𒀜𒋾"", -24.139], [""𒀀𒀝𒉌𒅖"", -24.139], [""𒈪𒋫𒀭𒉌"", -24.139], [""𒀸𒋗𒉿"", -25.2127], [""iːsˤaː́"", -29.0001], [""aːsːa"", -29.0738]]"
nadadautin	𒋼𒊑𒀉𒋾𒌅𒌋𒉌𒅖	-25.5942	"[[""𒋼𒊑𒀉𒋾𒌅𒌋𒉌𒅖"", -25.5942], [""𒌷𒀀𒉿𒅈𒈾"", -26.2798], [""𒌷𒉈𒂊𒊭𒀸"", -26.2798], [""𒀀𒀝𒉌𒅖"", -27.1456], [""𒈪𒋫𒀭𒉌"", -27.1456], [""𒌷𒆷𒊍𒉺"", -27.1456], [""𒌷𒄩𒀜𒋾"", -27.1456], [""𒀸𒋗𒉿"", -28.3678], [""iːsˤaː́"", -31.0622], [""aːsːa"", -32.0162]]"
nadaw	𒌷𒆷𒊍𒉺	-13.1999	"[[""𒌷𒆷𒊍𒉺"", -13.1999], [""𒀀𒀝𒉌𒅖"", -13.1999], [""𒌷𒄩𒀜𒋾"", -13.1999], [""𒈪𒋫𒀭𒉌"", -13.1999], [""𒀸𒋗𒉿"", -13.2697], [""𒌷𒀀𒉿𒅈𒈾"", -13.742], [""𒌷𒉈𒂊𒊭𒀸"", -13.742], [""𒋼𒊑𒀉𒋾𒌅𒌋𒉌𒅖"", -16.8346], [""ku6"", -17.9765], [""ke"", -19.3208]]"
nadawa	𒀀𒀝𒉌𒅖	-15.6764	"[[""𒀀𒀝𒉌𒅖"", -15.6764], [""𒌷𒄩𒀜𒋾"", -15.6764], [""𒈪𒋫𒀭𒉌"", -15.6764], [""𒌷𒆷𒊍𒉺"", -15.6764], [""𒌷𒀀𒉿𒅈𒈾"", -15.7621], [""𒌷𒉈𒂊𒊭𒀸"", -15.7621], [""𒀸𒋗𒉿"", -16.1017], [""𒋼𒊑𒀉𒋾𒌅𒌋𒉌𒅖"", -18.0751], [""ku6"", -21.0773], [""lu"", -22.6343]]"
nadawai	𒌷𒀀𒉿𒅈𒈾	-18.1288	"[[""𒌷𒀀𒉿𒅈𒈾"", -18.1288], [""𒌷𒉈𒂊𒊭𒀸"", -18.1288], [""𒌷𒄩𒀜𒋾"", -18.3706], [""𒀀𒀝𒉌𒅖"", -18.3706], [""𒌷𒆷𒊍𒉺"", -18.3706], [""𒈪𒋫𒀭𒉌"", -18.3706], [""𒀸𒋗𒉿"", -19.0604], [""𒋼𒊑𒀉𒋾𒌅𒌋𒉌𒅖"", -19.6834], [""ku6"", -24.2448], [""iːsˤaː́"", -25.6984]]"
nadawaij	𒌷𒀀𒉿𒅈𒈾	-20.7122	"[[""𒌷𒀀𒉿𒅈𒈾"", -20.7122], [""𒌷𒉈𒂊𒊭𒀸"", -20.7122], [""𒀀𒀝𒉌𒅖"", -21.2055], [""𒌷𒆷𒊍𒉺"", -21.2055], [""𒈪𒋫𒀭𒉌"", -21.2055], [""𒌷𒄩𒀜𒋾"", -21.2055], [""𒋼𒊑𒀉𒋾𒌅𒌋𒉌𒅖"", -21.435], [""𒀸𒋗𒉿"", -22.1053], [""eːʃ"", -23.9616], [""xuːʃ"", -24.2378]]"
nadawaija	𒋼𒊑𒀉𒋾𒌅𒌋𒉌𒅖	-23.4063	"[[""𒋼𒊑𒀉𒋾𒌅𒌋𒉌𒅖"", -23.4063], [""𒌷𒀀𒉿𒅈𒈾"", -23.4428], [""𒌷𒉈𒂊𒊭𒀸"", -23.4428], [""𒈪𒋫𒀭𒉌"", -24.139], [""𒀀𒀝𒉌𒅖"", -24.139], [""𒌷𒄩𒀜𒋾"", -24.139], [""𒌷𒆷𒊍𒉺"", -24.139], [""𒀸𒋗𒉿"", -25.2127], [""eːʃ"", -27.4563], [""xuːʃ"", -27.7365]]"
nai	𒀸𒋗𒉿	-8.4226	"[[""𒀸𒋗𒉿"", -8.4226], [""𒀀𒀝𒉌𒅖"", -9.899], [""𒌷𒄩𒀜𒋾"", -9.899], [""𒈪𒋫𒀭𒉌"", -9.899], [""𒌷𒆷𒊍𒉺"", -9.899], [""𒌷𒉈𒂊𒊭𒀸"", -10.7315], [""𒌷𒀀𒉿𒅈𒈾"", -10.7315], [""ku6"", -12.1474], [""aʃ"", -12.8387], [""wa"", -12.8387]]"
naid	𒀸𒋗𒉿	-10.6439	"[[""𒀸𒋗𒉿"", -10.6439], [""𒀀𒀝𒉌𒅖"", -11.1101], [""𒌷𒆷𒊍𒉺"", -11.1101], [""𒈪𒋫𒀭𒉌"", -11.1101], [""𒌷𒄩𒀜𒋾"", -11.1101], [""𒌷𒀀𒉿𒅈𒈾"", -12.2879], [""𒌷𒉈𒂊𒊭𒀸"", -12.2879], [""ku6"", -14.9765], [""𒋼𒊑𒀉𒋾𒌅𒌋𒉌𒅖"", -15.6251], [""lu"", -16.0479]]"
naida	𒌷𒆷𒊍𒉺	-13.1999	"[[""𒌷𒆷𒊍𒉺"", -13.1999], [""𒀀𒀝𒉌𒅖"", -13.1999], [""𒌷𒄩𒀜𒋾"", -13.1999], [""𒈪𒋫𒀭𒉌"", -13.1999], [""𒀸𒋗𒉿"", -13.2697], [""𒌷𒀀𒉿𒅈𒈾"", -13.742], [""𒌷𒉈𒂊𒊭𒀸"", -13.742], [""𒋼𒊑𒀉𒋾𒌅𒌋𒉌𒅖"", -16.8346], [""ku6"", -17.9765], [""ke"", -19.3208]]"
naidaj	𒀀𒀝𒉌𒅖	-15.6764	"[[""𒀀𒀝𒉌𒅖"", -15.6764], [""𒌷𒆷𒊍𒉺"", -15.6764], [""𒈪𒋫𒀭𒉌"", -15.6764], [""𒌷𒄩𒀜𒋾"", -15.6764], [""𒌷𒉈𒂊𒊭𒀸"", -15.7621], [""𒌷𒀀𒉿𒅈𒈾"", -15.7621], [""𒀸𒋗𒉿"", -16.1017], [""eːʃ"", -17.5269], [""xuːʃ"", -17.9674], [""𒋼𒊑𒀉𒋾𒌅𒌋𒉌𒅖"", -18.0751]]"
naidaja	𒌷𒉈𒂊𒊭𒀸	-18.1288	"[[""𒌷𒉈𒂊𒊭𒀸"", -18.1288], [""𒌷𒀀𒉿𒅈𒈾"", -18.1288], [""𒀀𒀝𒉌𒅖"", -18.3706], [""𒈪𒋫𒀭𒉌"", -18.3706], [""𒌷𒄩𒀜𒋾"", -18.3706], [""𒌷𒆷𒊍𒉺"", -18.3706], [""𒀸𒋗𒉿"", -19.0604], [""𒋼𒊑𒀉𒋾𒌅𒌋𒉌𒅖"", -19.6834], [""eːʃ"", -21.012], [""xuːʃ"", -21.4593]]"
naidajas	𒌷𒀀𒉿𒅈𒈾	-20.7122	"[[""𒌷𒀀𒉿𒅈𒈾"", -20.7122], [""𒌷𒉈𒂊𒊭𒀸"", -20.7122], [""𒈪𒋫𒀭𒉌"", -21.2055], [""𒀀𒀝𒉌𒅖"", -21.2055], [""𒌷𒄩𒀜𒋾"", -21.2055], [""𒌷𒆷𒊍𒉺"", -21.2055], [""𒋼𒊑𒀉𒋾𒌅𒌋𒉌𒅖"", -21.435], [""uːxːi"", -21.7352], [""𒀸𒋗𒉿"", -22.1053], [""uxːi"", -23.254]]"
naiΘ	𒀸𒋗𒉿	-10.6439	"[[""𒀸𒋗𒉿"", -10.6439], [""𒀀𒀝𒉌𒅖"", -11.1101], [""𒌷𒆷𒊍𒉺"", -11.1101], [""𒈪𒋫𒀭𒉌"", -11.1101], [""𒌷𒄩𒀜𒋾"", -11.1101], [""𒌷𒀀𒉿𒅈𒈾"", -12.2879], [""𒌷𒉈𒂊𒊭𒀸"", -12.2879], [""ku6"", -14.9765], [""𒋼𒊑𒀉𒋾𒌅𒌋𒉌𒅖"", -15.6251], [""lu"", -16.0479]]"
naiΘt	𒌷𒆷𒊍𒉺	-13.1999	"[[""𒌷𒆷𒊍𒉺"", -13.1999], [""𒀀𒀝𒉌𒅖"", -13.1999], [""𒌷𒄩𒀜𒋾"", -13.1999], [""𒈪𒋫𒀭𒉌"", -13.1999], [""𒀸𒋗𒉿"", -13.2697], [""𒌷𒀀𒉿𒅈𒈾"", -13.742], [""𒌷𒉈𒂊𒊭𒀸"", -13.742], [""𒋼𒊑𒀉𒋾𒌅𒌋𒉌𒅖"", -16.8346], [""ku6"", -17.9765], [""ke"", -19.3208]]"
naiΘti	𒀀𒀝𒉌𒅖	-15.6764	"[[""𒀀𒀝𒉌𒅖"", -15.6764], [""𒌷𒄩𒀜𒋾"", -15.6764], [""𒈪𒋫𒀭𒉌"", -15.6764], [""𒌷𒆷𒊍𒉺"", -15.6764], [""𒌷𒀀𒉿𒅈𒈾"", -15.7621], [""𒌷𒉈𒂊𒊭𒀸"", -15.7621], [""𒀸𒋗𒉿"", -16.1017], [""𒋼𒊑𒀉𒋾𒌅𒌋𒉌𒅖"", -18.0751], [""ku6"", -21.0773], [""lu"", -22.6343]]"
naiΘtij	𒌷𒉈𒂊𒊭𒀸	-18.1288	"[[""𒌷𒉈𒂊𒊭𒀸"", -18.1288], [""𒌷𒀀𒉿𒅈𒈾"", -18.1288], [""𒌷𒆷𒊍𒉺"", -18.3706], [""𒌷𒄩𒀜𒋾"", -18.3706], [""𒈪𒋫𒀭𒉌"", -18.3706], [""𒀀𒀝𒉌𒅖"", -18.3706], [""𒀸𒋗𒉿"", -19.0604], [""𒋼𒊑𒀉𒋾𒌅𒌋𒉌𒅖"", -19.6834], [""eːʃ"", -20.7229], [""xuːʃ"", -21.0696]]"
naiΘtija	𒌷𒀀𒉿𒅈𒈾	-20.7122	"[[""𒌷𒀀𒉿𒅈𒈾"", -20.7122], [""𒌷𒉈𒂊𒊭𒀸"", -20.7122], [""𒀀𒀝𒉌𒅖"", -21.2055], [""𒌷𒆷𒊍𒉺"", -21.2055], [""𒌷𒄩𒀜𒋾"", -21.2055], [""𒈪𒋫𒀭𒉌"", -21.2055], [""𒋼𒊑𒀉𒋾𒌅𒌋𒉌𒅖"", -21.435], [""𒀸𒋗𒉿"", -22.1053], [""eːʃ"", -24.2138], [""xuːʃ"", -24.5657]]"
naiΘtijas	𒋼𒊑𒀉𒋾𒌅𒌋𒉌𒅖	-23.4063	"[[""𒋼𒊑𒀉𒋾𒌅𒌋𒉌𒅖"", -23.4063], [""𒌷𒉈𒂊𒊭𒀸"", -23.4428], [""𒌷𒀀𒉿𒅈𒈾"", -23.4428], [""𒀀𒀝𒉌𒅖"", -24.139], [""𒌷𒄩𒀜𒋾"", -24.139], [""𒈪𒋫𒀭𒉌"", -24.139], [""𒌷𒆷𒊍𒉺"", -24.139], [""uːxːi"", -24.9306], [""𒀸𒋗𒉿"", -25.2127], [""uxːi"", -26.5911]]"
naiΘtijasa	𒋼𒊑𒀉𒋾𒌅𒌋𒉌𒅖	-25.5942	"[[""𒋼𒊑𒀉𒋾𒌅𒌋𒉌𒅖"", -25.5942], [""𒌷𒉈𒂊𒊭𒀸"", -26.2798], [""𒌷𒀀𒉿𒅈𒈾"", -26.2798], [""𒀀𒀝𒉌𒅖"", -27.1456], [""𒈪𒋫𒀭𒉌"", -27.1456], [""𒌷𒄩𒀜𒋾"", -27.1456], [""𒌷𒆷𒊍𒉺"", -27.1456], [""𒀸𒋗𒉿"", -28.3678], [""uːxːi"", -28.4261], [""uxːi"", -30.0877]]"
naiΘu	𒀀𒀝𒉌𒅖	-13.1999	"[[""𒀀𒀝𒉌𒅖"", -13.1999], [""𒈪𒋫𒀭𒉌"", -13.1999], [""𒌷𒆷𒊍𒉺"", -13.1999], [""𒌷𒄩𒀜𒋾"", -13.1999], [""𒀸𒋗𒉿"", -13.2697], [""𒌷𒉈𒂊𒊭𒀸"", -13.742], [""𒌷𒀀𒉿𒅈𒈾"", -13.742], [""as"", -15.898], [""kut"", -15.9667], [""ais"", -16.0405]]"
naiΘut	𒀀𒀝𒉌𒅖	-15.6764	"[[""𒀀𒀝𒉌𒅖"", -15.6764], [""𒌷𒆷𒊍𒉺"", -15.6764], [""𒈪𒋫𒀭𒉌"", -15.6764], [""𒌷𒄩𒀜𒋾"", -15.6764], [""𒌷𒉈𒂊𒊭𒀸"", -15.7621], [""𒌷𒀀𒉿𒅈𒈾"", -15.7621], [""𒀸𒋗𒉿"", -16.1017], [""𒋼𒊑𒀉𒋾𒌅𒌋𒉌𒅖"", -18.0751], [""as"", -19.3992], [""kut"", -19.4018]]"
naiΘuti	𒌷𒉈𒂊𒊭𒀸	-18.1288	"[[""𒌷𒉈𒂊𒊭𒀸"", -18.1288], [""𒌷𒀀𒉿𒅈𒈾"", -18.1288], [""𒌷𒆷𒊍𒉺"", -18.3706], [""𒀀𒀝𒉌𒅖"", -18.3706], [""𒈪𒋫𒀭𒉌"", -18.3706], [""𒌷𒄩𒀜𒋾"", -18.3706], [""𒀸𒋗𒉿"", -19.0604], [""𒋼𒊑𒀉𒋾𒌅𒌋𒉌𒅖"", -19.6834], [""iːsˤaː́"", -22.7329], [""aːsːa"", -22.7498]]"
naiΘutin	𒌷𒉈𒂊𒊭𒀸	-20.7122	"[[""𒌷𒉈𒂊𒊭𒀸"", -20.7122], [""𒌷𒀀𒉿𒅈𒈾"", -20.7122], [""𒌷𒆷𒊍𒉺"", -21.2055], [""𒀀𒀝𒉌𒅖"", -21.2055], [""𒈪𒋫𒀭𒉌"", -21.2055], [""𒌷𒄩𒀜𒋾"", -21.2055], [""𒋼𒊑𒀉𒋾𒌅𒌋𒉌𒅖"", -21.435], [""𒀸𒋗𒉿"", -22.1053], [""iːsˤaː́"", -24.7572], [""aːsːa"", -25.6908]]"
naiΘutinu	𒋼𒊑𒀉𒋾𒌅𒌋𒉌𒅖	-23.4063	"[[""𒋼𒊑𒀉𒋾𒌅𒌋𒉌𒅖"", -23.4063], [""𒌷𒀀𒉿𒅈𒈾"", -23.4428], [""𒌷𒉈𒂊𒊭𒀸"", -23.4428], [""𒀀𒀝𒉌𒅖"", -24.139], [""𒈪𒋫𒀭𒉌"", -24.139], [""𒌷𒄩𒀜𒋾"", -24.139], [""𒌷𒆷𒊍𒉺"", -24.139], [""𒀸𒋗𒉿"", -25.2127], [""tasːus"", -26.9129], [""tsak"", -27.0498]]"
naiΘutinuj	𒋼𒊑𒀉𒋾𒌅𒌋𒉌𒅖	-25.5942	"[[""𒋼𒊑𒀉𒋾𒌅𒌋𒉌𒅖"", -25.5942], [""𒌷𒀀𒉿𒅈𒈾"", -26.2798], [""𒌷𒉈𒂊𒊭𒀸"", -26.2798], [""𒌷𒆷𒊍𒉺"", -27.1456], [""𒈪𒋫𒀭𒉌"", -27.1456], [""𒌷𒄩𒀜𒋾"", -27.1456], [""𒀀𒀝𒉌𒅖"", -27.1456], [""saːki"", -27.6572], [""aːsːa"", -27.7546], [""eʃtsi"", -27.9217]]"
naj	𒀸𒋗𒉿	-8.4226	"[[""𒀸𒋗𒉿"", -8.4226], [""eːʃ"", -8.4409], [""aʃ"", -9.3158], [""xuːʃ"", -9.6391], [""𒌷𒄩𒀜𒋾"", -9.899], [""𒀀𒀝𒉌𒅖"", -9.899], [""𒌷𒆷𒊍𒉺"", -9.899], [""𒈪𒋫𒀭𒉌"", -9.899], [""xus"", -10.4601], [""ʃum"", -10.4601]]"
naja	𒀸𒋗𒉿	-10.6439	"[[""𒀸𒋗𒉿"", -10.6439], [""𒀀𒀝𒉌𒅖"", -11.1101], [""𒌷𒆷𒊍𒉺"", -11.1101], [""𒌷𒄩𒀜𒋾"", -11.1101], [""𒈪𒋫𒀭𒉌"", -11.1101], [""eːʃ"", -11.8594], [""𒌷𒉈𒂊𒊭𒀸"", -12.2879], [""𒌷𒀀𒉿𒅈𒈾"", -12.2879], [""aʃ"", -12.7424], [""xuːʃ"", -13.0457]]"
najar	uːxːi	-12.6301	"[[""uːxːi"", -12.6301], [""uk"", -12.9792], [""𒈪𒋫𒀭𒉌"", -13.1999], [""𒀀𒀝𒉌𒅖"", -13.1999], [""𒌷𒄩𒀜𒋾"", -13.1999], [""𒌷𒆷𒊍𒉺"", -13.1999], [""𒀸𒋗𒉿"", -13.2697], [""uxːi"", -13.4297], [""𒌷𒀀𒉿𒅈𒈾"", -13.742], [""𒌷𒉈𒂊𒊭𒀸"", -13.742]]"
najare	𒀀𒀝𒉌𒅖	-15.6764	"[[""𒀀𒀝𒉌𒅖"", -15.6764], [""𒈪𒋫𒀭𒉌"", -15.6764], [""𒌷𒆷𒊍𒉺"", -15.6764], [""𒌷𒄩𒀜𒋾"", -15.6764], [""𒌷𒉈𒂊𒊭𒀸"", -15.7621], [""𒌷𒀀𒉿𒅈𒈾"", -15.7621], [""𒀸𒋗𒉿"", -16.1017], [""uːxːi"", -16.1234], [""uk"", -16.4818], [""uxːi"", -16.9244]]"
najaret	𒌷𒀀𒉿𒅈𒈾	-18.1288	"[[""𒌷𒀀𒉿𒅈𒈾"", -18.1288], [""𒌷𒉈𒂊𒊭𒀸"", -18.1288], [""𒌷𒄩𒀜𒋾"", -18.3706], [""𒌷𒆷𒊍𒉺"", -18.3706], [""𒈪𒋫𒀭𒉌"", -18.3706], [""𒀀𒀝𒉌𒅖"", -18.3706], [""𒀸𒋗𒉿"", -19.0604], [""uːxːi"", -19.6104], [""𒋼𒊑𒀉𒋾𒌅𒌋𒉌𒅖"", -19.6834], [""uk"", -19.9843]]"
najareta	𒌷𒀀𒉿𒅈𒈾	-20.7122	"[[""𒌷𒀀𒉿𒅈𒈾"", -20.7122], [""𒌷𒉈𒂊𒊭𒀸"", -20.7122], [""𒀀𒀝𒉌𒅖"", -21.2055], [""𒌷𒄩𒀜𒋾"", -21.2055], [""𒌷𒆷𒊍𒉺"", -21.2055], [""𒈪𒋫𒀭𒉌"", -21.2055], [""𒋼𒊑𒀉𒋾𒌅𒌋𒉌𒅖"", -21.435], [""𒀸𒋗𒉿"", -22.1053], [""uːxːi"", -23.0898], [""xuːʃ"", -23.1531]]"
nak	𒀸𒋗𒉿	-8.4226	"[[""𒀸𒋗𒉿"", -8.4226], [""𒀀𒀝𒉌𒅖"", -9.899], [""𒌷𒄩𒀜𒋾"", -9.899], [""𒈪𒋫𒀭𒉌"", -9.899], [""𒌷𒆷𒊍𒉺"", -9.899], [""𒌷𒉈𒂊𒊭𒀸"", -10.7315], [""𒌷𒀀𒉿𒅈𒈾"", -10.7315], [""ku6"", -12.1474], [""aʃ"", -12.8387], [""wa"", -12.8387]]"
naka	𒀸𒋗𒉿	-10.6439	"[[""𒀸𒋗𒉿"", -10.6439], [""𒀀𒀝𒉌𒅖"", -11.1101], [""𒌷𒆷𒊍𒉺"", -11.1101], [""𒈪𒋫𒀭𒉌"", -11.1101], [""𒌷𒄩𒀜𒋾"", -11.1101], [""𒌷𒀀𒉿𒅈𒈾"", -12.2879], [""𒌷𒉈𒂊𒊭𒀸"", -12.2879], [""ku6"", -14.9765], [""𒋼𒊑𒀉𒋾𒌅𒌋𒉌𒅖"", -15.6251], [""lu"", -16.0479]]"
nakan	𒌷𒆷𒊍𒉺	-13.1999	"[[""𒌷𒆷𒊍𒉺"", -13.1999], [""𒀀𒀝𒉌𒅖"", -13.1999], [""𒌷𒄩𒀜𒋾"", -13.1999], [""𒈪𒋫𒀭𒉌"", -13.1999], [""𒀸𒋗𒉿"", -13.2697], [""𒌷𒀀𒉿𒅈𒈾"", -13.742], [""𒌷𒉈𒂊𒊭𒀸"", -13.742], [""𒋼𒊑𒀉𒋾𒌅𒌋𒉌𒅖"", -16.8346], [""ku6"", -17.9765], [""ke"", -19.3208]]"
nakana	𒀀𒀝𒉌𒅖	-15.6764	"[[""𒀀𒀝𒉌𒅖"", -15.6764], [""𒌷𒄩𒀜𒋾"", -15.6764], [""𒈪𒋫𒀭𒉌"", -15.6764], [""𒌷𒆷𒊍𒉺"", -15.6764], [""𒌷𒀀𒉿𒅈𒈾"", -15.7621], [""𒌷𒉈𒂊𒊭𒀸"", -15.7621], [""𒀸𒋗𒉿"", -16.1017], [""𒋼𒊑𒀉𒋾𒌅𒌋𒉌𒅖"", -18.0751], [""ku6"", -21.0773], [""lu"", -22.6343]]"
nakanas	𒌷𒀀𒉿𒅈𒈾	-18.1288	"[[""𒌷𒀀𒉿𒅈𒈾"", -18.1288], [""𒌷𒉈𒂊𒊭𒀸"", -18.1288], [""𒀀𒀝𒉌𒅖"", -18.3706], [""𒌷𒆷𒊍𒉺"", -18.3706], [""𒌷𒄩𒀜𒋾"", -18.3706], [""𒈪𒋫𒀭𒉌"", -18.3706], [""𒀸𒋗𒉿"", -19.0604], [""𒋼𒊑𒀉𒋾𒌅𒌋𒉌𒅖"", -19.6834], [""apːa"", -22.4363], [""paːi"", -22.4378]]"
nakanasi	𒌷𒉈𒂊𒊭𒀸	-20.7122	"[[""𒌷𒉈𒂊𒊭𒀸"", -20.7122], [""𒌷𒀀𒉿𒅈𒈾"", -20.7122], [""𒌷𒆷𒊍𒉺"", -21.2055], [""𒈪𒋫𒀭𒉌"", -21.2055], [""𒌷𒄩𒀜𒋾"", -21.2055], [""𒀀𒀝𒉌𒅖"", -21.2055], [""𒋼𒊑𒀉𒋾𒌅𒌋𒉌𒅖"", -21.435], [""𒀸𒋗𒉿"", -22.1053], [""apːa"", -25.9077], [""paːi"", -25.9134]]"
nam	𒀸𒋗𒉿	-8.4226	"[[""𒀸𒋗𒉿"", -8.4226], [""𒀀𒀝𒉌𒅖"", -9.899], [""𒌷𒄩𒀜𒋾"", -9.899], [""𒈪𒋫𒀭𒉌"", -9.899], [""𒌷𒆷𒊍𒉺"", -9.899], [""𒌷𒉈𒂊𒊭𒀸"", -10.7315], [""𒌷𒀀𒉿𒅈𒈾"", -10.7315], [""ku6"", -12.1474], [""aʃ"", -12.8387], [""wa"", -12.8387]]"
nama	𒀸𒋗𒉿	-10.6439	"[[""𒀸𒋗𒉿"", -10.6439], [""𒀀𒀝𒉌𒅖"", -11.1101], [""𒌷𒆷𒊍𒉺"", -11.1101], [""𒈪𒋫𒀭𒉌"", -11.1101], [""𒌷𒄩𒀜𒋾"", -11.1101], [""𒌷𒀀𒉿𒅈𒈾"", -12.2879], [""𒌷𒉈𒂊𒊭𒀸"", -12.2879], [""ku6"", -14.9765], [""𒋼𒊑𒀉𒋾𒌅𒌋𒉌𒅖"", -15.6251], [""lu"", -16.0479]]"
namai	𒌷𒆷𒊍𒉺	-13.1999	"[[""𒌷𒆷𒊍𒉺"", -13.1999], [""𒀀𒀝𒉌𒅖"", -13.1999], [""𒌷𒄩𒀜𒋾"", -13.1999], [""𒈪𒋫𒀭𒉌"", -13.1999], [""𒀸𒋗𒉿"", -13.2697], [""𒌷𒀀𒉿𒅈𒈾"", -13.742], [""𒌷𒉈𒂊𒊭𒀸"", -13.742], [""𒋼𒊑𒀉𒋾𒌅𒌋𒉌𒅖"", -16.8346], [""ku6"", -17.9765], [""ke"", -19.3208]]"
namain	𒀀𒀝𒉌𒅖	-15.6764	"[[""𒀀𒀝𒉌𒅖"", -15.6764], [""𒌷𒄩𒀜𒋾"", -15.6764], [""𒈪𒋫𒀭𒉌"", -15.6764], [""𒌷𒆷𒊍𒉺"", -15.6764], [""𒌷𒀀𒉿𒅈𒈾"", -15.7621], [""𒌷𒉈𒂊𒊭𒀸"", -15.7621], [""𒀸𒋗𒉿"", -16.1017], [""𒋼𒊑𒀉𒋾𒌅𒌋𒉌𒅖"", -18.0751], [""ku6"", -21.0773], [""lu"", -22.6343]]"
namaina	𒌷𒀀𒉿𒅈𒈾	-18.1288	"[[""𒌷𒀀𒉿𒅈𒈾"", -18.1288], [""𒌷𒉈𒂊𒊭𒀸"", -18.1288], [""𒌷𒄩𒀜𒋾"", -18.3706], [""𒀀𒀝𒉌𒅖"", -18.3706], [""𒌷𒆷𒊍𒉺"", -18.3706], [""𒈪𒋫𒀭𒉌"", -18.3706], [""𒀸𒋗𒉿"", -19.0604], [""𒋼𒊑𒀉𒋾𒌅𒌋𒉌𒅖"", -19.6834], [""ku6"", -24.2448], [""iːsˤaː́"", -25.6984]]"
namainaj	𒌷𒀀𒉿𒅈𒈾	-20.7122	"[[""𒌷𒀀𒉿𒅈𒈾"", -20.7122], [""𒌷𒉈𒂊𒊭𒀸"", -20.7122], [""𒀀𒀝𒉌𒅖"", -21.2055], [""𒌷𒆷𒊍𒉺"", -21.2055], [""𒈪𒋫𒀭𒉌"", -21.2055], [""𒌷𒄩𒀜𒋾"", -21.2055], [""𒋼𒊑𒀉𒋾𒌅𒌋𒉌𒅖"", -21.435], [""𒀸𒋗𒉿"", -22.1053], [""eːʃ"", -23.9616], [""xuːʃ"", -24.2378]]"
namainaja	𒋼𒊑𒀉𒋾𒌅𒌋𒉌𒅖	-23.4063	"[[""𒋼𒊑𒀉𒋾𒌅𒌋𒉌𒅖"", -23.4063], [""𒌷𒀀𒉿𒅈𒈾"", -23.4428], [""𒌷𒉈𒂊𒊭𒀸"", -23.4428], [""𒈪𒋫𒀭𒉌"", -24.139], [""𒀀𒀝𒉌𒅖"", -24.139], [""𒌷𒄩𒀜𒋾"", -24.139], [""𒌷𒆷𒊍𒉺"", -24.139], [""𒀸𒋗𒉿"", -25.2127], [""eːʃ"", -27.4563], [""xuːʃ"", -27.7365]]"
namainajar	𒋼𒊑𒀉𒋾𒌅𒌋𒉌𒅖	-25.5942	"[[""𒋼𒊑𒀉𒋾𒌅𒌋𒉌𒅖"", -25.5942], [""𒌷𒀀𒉿𒅈𒈾"", -26.2798], [""𒌷𒉈𒂊𒊭𒀸"", -26.2798], [""𒈪𒋫𒀭𒉌"", -27.1456], [""𒌷𒆷𒊍𒉺"", -27.1456], [""𒌷𒄩𒀜𒋾"", -27.1456], [""𒀀𒀝𒉌𒅖"", -27.1456], [""uːxːi"", -28.1677], [""𒀸𒋗𒉿"", -28.3678], [""Ḫatːuʃa"", -29.6359]]"
namas	𒌷𒄩𒀜𒋾	-13.1999	"[[""𒌷𒄩𒀜𒋾"", -13.1999], [""𒀀𒀝𒉌𒅖"", -13.1999], [""𒌷𒆷𒊍𒉺"", -13.1999], [""𒈪𒋫𒀭𒉌"", -13.1999], [""𒀸𒋗𒉿"", -13.2697], [""𒌷𒉈𒂊𒊭𒀸"", -13.742], [""𒌷𒀀𒉿𒅈𒈾"", -13.742], [""apːa"", -16.3263], [""paːi"", -16.3286], [""uxːi"", -16.3416]]"
namasi	𒀀𒀝𒉌𒅖	-15.6764	"[[""𒀀𒀝𒉌𒅖"", -15.6764], [""𒌷𒄩𒀜𒋾"", -15.6764], [""𒌷𒆷𒊍𒉺"", -15.6764], [""𒈪𒋫𒀭𒉌"", -15.6764], [""𒌷𒀀𒉿𒅈𒈾"", -15.7621], [""𒌷𒉈𒂊𒊭𒀸"", -15.7621], [""𒀸𒋗𒉿"", -16.1017], [""𒋼𒊑𒀉𒋾𒌅𒌋𒉌𒅖"", -18.0751], [""ku6"", -19.5054], [""apːa"", -19.7696]]"
namasir	𒌷𒉈𒂊𒊭𒀸	-18.1288	"[[""𒌷𒉈𒂊𒊭𒀸"", -18.1288], [""𒌷𒀀𒉿𒅈𒈾"", -18.1288], [""𒌷𒆷𒊍𒉺"", -18.3706], [""𒀀𒀝𒉌𒅖"", -18.3706], [""𒌷𒄩𒀜𒋾"", -18.3706], [""𒈪𒋫𒀭𒉌"", -18.3706], [""𒀸𒋗𒉿"", -19.0604], [""𒋼𒊑𒀉𒋾𒌅𒌋𒉌𒅖"", -19.6834], [""uk"", -19.9706], [""ke"", -19.9774]]"
namasiru	kut	-19.9749	"[[""kut"", -19.9749], [""ais"", -20.2516], [""ekːus"", -20.6407], [""𒌷𒉈𒂊𒊭𒀸"", -20.7122], [""𒌷𒀀𒉿𒅈𒈾"", -20.7122], [""neːpis"", -20.8568], [""pekːus"", -21.0199], [""𒀀𒀝𒉌𒅖"", -21.2055], [""𒌷𒄩𒀜𒋾"", -21.2055], [""𒌷𒆷𒊍𒉺"", -21.2055]]"
namasirut	𒋼𒊑𒀉𒋾𒌅𒌋𒉌𒅖	-23.4063	"[[""𒋼𒊑𒀉𒋾𒌅𒌋𒉌𒅖"", -23.4063], [""𒌷𒉈𒂊𒊭𒀸"", -23.4428], [""𒌷𒀀𒉿𒅈𒈾"", -23.4428], [""kut"", -23.4818], [""ais"", -23.7586], [""ekːus"", -24.1339], [""𒈪𒋫𒀭𒉌"", -24.139], [""𒌷𒄩𒀜𒋾"", -24.139], [""𒌷𒆷𒊍𒉺"", -24.139], [""𒀀𒀝𒉌𒅖"", -24.139]]"
namasirute	𒋼𒊑𒀉𒋾𒌅𒌋𒉌𒅖	-25.5942	"[[""𒋼𒊑𒀉𒋾𒌅𒌋𒉌𒅖"", -25.5942], [""𒌷𒀀𒉿𒅈𒈾"", -26.2798], [""𒌷𒉈𒂊𒊭𒀸"", -26.2798], [""kut"", -26.9887], [""𒀀𒀝𒉌𒅖"", -27.1456], [""𒌷𒄩𒀜𒋾"", -27.1456], [""𒌷𒆷𒊍𒉺"", -27.1456], [""𒈪𒋫𒀭𒉌"", -27.1456], [""ais"", -27.2656], [""ekːus"", -27.6171]]"
nar	𒀸𒋗𒉿	-8.4226	"[[""𒀸𒋗𒉿"", -8.4226], [""𒀀𒀝𒉌𒅖"", -9.899], [""𒌷𒄩𒀜𒋾"", -9.899], [""𒈪𒋫𒀭𒉌"", -9.899], [""𒌷𒆷𒊍𒉺"", -9.899], [""uk"", -10.2251], [""ke"", -10.357], [""pai"", -10.6027], [""wa"", -10.6883], [""lu"", -10.6883]]"
naru	as	-8.3861	"[[""as"", -8.3861], [""uk"", -9.4697], [""kut"", -10.3294], [""ais"", -10.4142], [""itut"", -10.4471], [""kuit"", -10.5971], [""kuis"", -10.5971], [""𒀸𒋗𒉿"", -10.6439], [""xus"", -10.6859], [""ekːus"", -10.9531]]"
naruk	as	-11.8932	"[[""as"", -11.8932], [""uk"", -12.9749], [""𒈪𒋫𒀭𒉌"", -13.1999], [""𒀀𒀝𒉌𒅖"", -13.1999], [""𒌷𒆷𒊍𒉺"", -13.1999], [""𒌷𒄩𒀜𒋾"", -13.1999], [""𒀸𒋗𒉿"", -13.2697], [""itut"", -13.7316], [""𒌷𒀀𒉿𒅈𒈾"", -13.742], [""𒌷𒉈𒂊𒊭𒀸"", -13.742]]"
naruka	as	-15.4003	"[[""as"", -15.4003], [""𒌷𒄩𒀜𒋾"", -15.6764], [""𒌷𒆷𒊍𒉺"", -15.6764], [""𒈪𒋫𒀭𒉌"", -15.6764], [""𒀀𒀝𒉌𒅖"", -15.6764], [""𒌷𒀀𒉿𒅈𒈾"", -15.7621], [""𒌷𒉈𒂊𒊭𒀸"", -15.7621], [""𒀸𒋗𒉿"", -16.1017], [""uk"", -16.48], [""asːus"", -16.76]]"
narukan	𒌷𒀀𒉿𒅈𒈾	-18.1288	"[[""𒌷𒀀𒉿𒅈𒈾"", -18.1288], [""𒌷𒉈𒂊𒊭𒀸"", -18.1288], [""𒀀𒀝𒉌𒅖"", -18.3706], [""𒌷𒄩𒀜𒋾"", -18.3706], [""𒌷𒆷𒊍𒉺"", -18.3706], [""𒈪𒋫𒀭𒉌"", -18.3706], [""as"", -18.9074], [""𒀸𒋗𒉿"", -19.0604], [""𒋼𒊑𒀉𒋾𒌅𒌋𒉌𒅖"", -19.6834], [""atːas"", -19.7272]]"
narukana	𒌷𒀀𒉿𒅈𒈾	-20.7122	"[[""𒌷𒀀𒉿𒅈𒈾"", -20.7122], [""𒌷𒉈𒂊𒊭𒀸"", -20.7122], [""𒀀𒀝𒉌𒅖"", -21.2055], [""𒌷𒄩𒀜𒋾"", -21.2055], [""𒌷𒆷𒊍𒉺"", -21.2055], [""𒈪𒋫𒀭𒉌"", -21.2055], [""𒋼𒊑𒀉𒋾𒌅𒌋𒉌𒅖"", -21.435], [""𒀸𒋗𒉿"", -22.1053], [""as"", -22.4145], [""atːas"", -22.7885]]"
narukanas	Ḫatːuʃa	-22.6097	"[[""Ḫatːuʃa"", -22.6097], [""apːa"", -22.8373], [""𒋼𒊑𒀉𒋾𒌅𒌋𒉌𒅖"", -23.4063], [""𒌷𒉈𒂊𒊭𒀸"", -23.4428], [""𒌷𒀀𒉿𒅈𒈾"", -23.4428], [""etsːi"", -23.7331], [""iti"", -23.7785], [""xatːi"", -24.0614], [""natːa"", -24.0614], [""ijatːa"", -24.0963]]"
nas	𒀸𒋗𒉿	-8.4226	"[[""𒀸𒋗𒉿"", -8.4226], [""𒀀𒀝𒉌𒅖"", -9.899], [""𒌷𒄩𒀜𒋾"", -9.899], [""𒈪𒋫𒀭𒉌"", -9.899], [""𒌷𒆷𒊍𒉺"", -9.899], [""uk"", -10.2251], [""ke"", -10.357], [""pai"", -10.6027], [""wa"", -10.6883], [""lu"", -10.6883]]"
nasi	𒀸𒋗𒉿	-10.6439	"[[""𒀸𒋗𒉿"", -10.6439], [""𒌷𒄩𒀜𒋾"", -11.1101], [""𒀀𒀝𒉌𒅖"", -11.1101], [""𒌷𒆷𒊍𒉺"", -11.1101], [""𒈪𒋫𒀭𒉌"", -11.1101], [""𒌷𒉈𒂊𒊭𒀸"", -12.2879], [""𒌷𒀀𒉿𒅈𒈾"", -12.2879], [""ku6"", -12.8883], [""praː"", -13.4461], [""uk"", -13.5419]]"
nasii	𒀀𒀝𒉌𒅖	-13.1999	"[[""𒀀𒀝𒉌𒅖"", -13.1999], [""𒌷𒆷𒊍𒉺"", -13.1999], [""𒈪𒋫𒀭𒉌"", -13.1999], [""𒌷𒄩𒀜𒋾"", -13.1999], [""𒀸𒋗𒉿"", -13.2697], [""𒌷𒉈𒂊𒊭𒀸"", -13.742], [""𒌷𒀀𒉿𒅈𒈾"", -13.742], [""ku6"", -15.6826], [""praː"", -16.0994], [""eːʃ"", -16.7177]]"
nasiip	𒀀𒀝𒉌𒅖	-15.6764	"[[""𒀀𒀝𒉌𒅖"", -15.6764], [""𒌷𒆷𒊍𒉺"", -15.6764], [""𒌷𒄩𒀜𒋾"", -15.6764], [""𒈪𒋫𒀭𒉌"", -15.6764], [""𒌷𒉈𒂊𒊭𒀸"", -15.7621], [""𒌷𒀀𒉿𒅈𒈾"", -15.7621], [""𒀸𒋗𒉿"", -16.1017], [""𒋼𒊑𒀉𒋾𒌅𒌋𒉌𒅖"", -18.0751], [""ku6"", -18.7091], [""praː"", -19.0513]]"
nasiipi	𒌷𒉈𒂊𒊭𒀸	-18.1288	"[[""𒌷𒉈𒂊𒊭𒀸"", -18.1288], [""𒌷𒀀𒉿𒅈𒈾"", -18.1288], [""𒀀𒀝𒉌𒅖"", -18.3706], [""𒌷𒆷𒊍𒉺"", -18.3706], [""𒈪𒋫𒀭𒉌"", -18.3706], [""𒌷𒄩𒀜𒋾"", -18.3706], [""𒀸𒋗𒉿"", -19.0604], [""𒋼𒊑𒀉𒋾𒌅𒌋𒉌𒅖"", -19.6834], [""ku6"", -21.846], [""praː"", -22.1362]]"
nasiipin	𒌷𒉈𒂊𒊭𒀸	-20.7122	"[[""𒌷𒉈𒂊𒊭𒀸"", -20.7122], [""𒌷𒀀𒉿𒅈𒈾"", -20.7122], [""𒌷𒄩𒀜𒋾"", -21.2055], [""𒌷𒆷𒊍𒉺"", -21.2055], [""𒈪𒋫𒀭𒉌"", -21.2055], [""𒀀𒀝𒉌𒅖"", -21.2055], [""𒋼𒊑𒀉𒋾𒌅𒌋𒉌𒅖"", -21.435], [""𒀸𒋗𒉿"", -22.1053], [""ku6"", -25.0492], [""praː"", -25.2989]]"
nasiipina	𒋼𒊑𒀉𒋾𒌅𒌋𒉌𒅖	-23.4063	"[[""𒋼𒊑𒀉𒋾𒌅𒌋𒉌𒅖"", -23.4063], [""𒌷𒀀𒉿𒅈𒈾"", -23.4428], [""𒌷𒉈𒂊𒊭𒀸"", -23.4428], [""𒌷𒄩𒀜𒋾"", -24.139], [""𒀀𒀝𒉌𒅖"", -24.139], [""𒈪𒋫𒀭𒉌"", -24.139], [""𒌷𒆷𒊍𒉺"", -24.139], [""𒀸𒋗𒉿"", -25.2127], [""iːsˤaː́"", -28.1499], [""ku6"", -28.2971]]"
nasiipinam	𒋼𒊑𒀉𒋾𒌅𒌋𒉌𒅖	-25.5942	"[[""𒋼𒊑𒀉𒋾𒌅𒌋𒉌𒅖"", -25.5942], [""𒌷𒀀𒉿𒅈𒈾"", -26.2798], [""𒌷𒉈𒂊𒊭𒀸"", -26.2798], [""𒌷𒆷𒊍𒉺"", -27.1456], [""𒌷𒄩𒀜𒋾"", -27.1456], [""𒈪𒋫𒀭𒉌"", -27.1456], [""𒀀𒀝𒉌𒅖"", -27.1456], [""𒀸𒋗𒉿"", -28.3678], [""iːsˤaː́"", -30.9826], [""ku6"", -31.5776]]"
nasis	uk	-12.9688	"[[""uk"", -12.9688], [""ke"", -12.9723], [""𒌷𒆷𒊍𒉺"", -13.1999], [""𒀀𒀝𒉌𒅖"", -13.1999], [""𒌷𒄩𒀜𒋾"", -13.1999], [""𒈪𒋫𒀭𒉌"", -13.1999], [""𒀸𒋗𒉿"", -13.2697], [""𒌷𒀀𒉿𒅈𒈾"", -13.742], [""𒌷𒉈𒂊𒊭𒀸"", -13.742], [""apːa"", -14.0927]]"
nasisi	𒀀𒀝𒉌𒅖	-15.6764	"[[""𒀀𒀝𒉌𒅖"", -15.6764], [""𒌷𒄩𒀜𒋾"", -15.6764], [""𒈪𒋫𒀭𒉌"", -15.6764], [""𒌷𒆷𒊍𒉺"", -15.6764], [""𒌷𒀀𒉿𒅈𒈾"", -15.7621], [""𒌷𒉈𒂊𒊭𒀸"", -15.7621], [""ku6"", -15.7916], [""𒀸𒋗𒉿"", -16.1017], [""uk"", -16.4714], [""ke"", -16.4731]]"
nasisir	apːa	-17.1381	"[[""apːa"", -17.1381], [""paːi"", -17.1419], [""pai"", -17.8219], [""𒌷𒉈𒂊𒊭𒀸"", -18.1288], [""𒌷𒀀𒉿𒅈𒈾"", -18.1288], [""𒀀𒀝𒉌𒅖"", -18.3706], [""𒌷𒆷𒊍𒉺"", -18.3706], [""𒌷𒄩𒀜𒋾"", -18.3706], [""𒈪𒋫𒀭𒉌"", -18.3706], [""ku6"", -18.6126]]"
nat	𒀸𒋗𒉿	-8.4226	"[[""𒀸𒋗𒉿"", -8.4226], [""𒀀𒀝𒉌𒅖"", -9.899], [""𒌷𒄩𒀜𒋾"", -9.899], [""𒈪𒋫𒀭𒉌"", -9.899], [""𒌷𒆷𒊍𒉺"", -9.899], [""𒌷𒉈𒂊𒊭𒀸"", -10.7315], [""𒌷𒀀𒉿𒅈𒈾"", -10.7315], [""ku6"", -12.1474], [""aʃ"", -12.8387], [""wa"", -12.8387]]"
nati	𒀸𒋗𒉿	-10.6439	"[[""𒀸𒋗𒉿"", -10.6439], [""𒀀𒀝𒉌𒅖"", -11.1101], [""𒌷𒆷𒊍𒉺"", -11.1101], [""𒈪𒋫𒀭𒉌"", -11.1101], [""𒌷𒄩𒀜𒋾"", -11.1101], [""𒌷𒀀𒉿𒅈𒈾"", -12.2879], [""𒌷𒉈𒂊𒊭𒀸"", -12.2879], [""ku6"", -14.9765], [""𒋼𒊑𒀉𒋾𒌅𒌋𒉌𒅖"", -15.6251], [""lu"", -16.0479]]"
natiΘ	𒌷𒆷𒊍𒉺	-13.1999	"[[""𒌷𒆷𒊍𒉺"", -13.1999], [""𒀀𒀝𒉌𒅖"", -13.1999], [""𒌷𒄩𒀜𒋾"", -13.1999], [""𒈪𒋫𒀭𒉌"", -13.1999], [""𒀸𒋗𒉿"", -13.2697], [""𒌷𒀀𒉿𒅈𒈾"", -13.742], [""𒌷𒉈𒂊𒊭𒀸"", -13.742], [""𒋼𒊑𒀉𒋾𒌅𒌋𒉌𒅖"", -16.8346], [""ku6"", -17.9765], [""ke"", -19.3208]]"
natiΘw	𒀀𒀝𒉌𒅖	-15.6764	"[[""𒀀𒀝𒉌𒅖"", -15.6764], [""𒌷𒄩𒀜𒋾"", -15.6764], [""𒈪𒋫𒀭𒉌"", -15.6764], [""𒌷𒆷𒊍𒉺"", -15.6764], [""𒌷𒀀𒉿𒅈𒈾"", -15.7621], [""𒌷𒉈𒂊𒊭𒀸"", -15.7621], [""𒀸𒋗𒉿"", -16.1017], [""𒋼𒊑𒀉𒋾𒌅𒌋𒉌𒅖"", -18.0751], [""ku6"", -21.0773], [""lu"", -22.6343]]"
natiΘwa	𒌷𒀀𒉿𒅈𒈾	-18.1288	"[[""𒌷𒀀𒉿𒅈𒈾"", -18.1288], [""𒌷𒉈𒂊𒊭𒀸"", -18.1288], [""𒌷𒄩𒀜𒋾"", -18.3706], [""𒀀𒀝𒉌𒅖"", -18.3706], [""𒌷𒆷𒊍𒉺"", -18.3706], [""𒈪𒋫𒀭𒉌"", -18.3706], [""𒀸𒋗𒉿"", -19.0604], [""𒋼𒊑𒀉𒋾𒌅𒌋𒉌𒅖"", -19.6834], [""ku6"", -24.2448], [""iːsˤaː́"", -25.6984]]"
natiΘwaj	𒌷𒀀𒉿𒅈𒈾	-20.7122	"[[""𒌷𒀀𒉿𒅈𒈾"", -20.7122], [""𒌷𒉈𒂊𒊭𒀸"", -20.7122], [""𒀀𒀝𒉌𒅖"", -21.2055], [""𒌷𒆷𒊍𒉺"", -21.2055], [""𒈪𒋫𒀭𒉌"", -21.2055], [""𒌷𒄩𒀜𒋾"", -21.2055], [""𒋼𒊑𒀉𒋾𒌅𒌋𒉌𒅖"", -21.435], [""𒀸𒋗𒉿"", -22.1053], [""eːʃ"", -23.9616], [""xuːʃ"", -24.2378]]"
natiΘwaja	𒋼𒊑𒀉𒋾𒌅𒌋𒉌𒅖	-23.4063	"[[""𒋼𒊑𒀉𒋾𒌅𒌋𒉌𒅖"", -23.4063], [""𒌷𒀀𒉿𒅈𒈾"", -23.4428], [""𒌷𒉈𒂊𒊭𒀸"", -23.4428], [""𒈪𒋫𒀭𒉌"", -24.139], [""𒀀𒀝𒉌𒅖"", -24.139], [""𒌷𒄩𒀜𒋾"", -24.139], [""𒌷𒆷𒊍𒉺"", -24.139], [""𒀸𒋗𒉿"", -25.2127], [""eːʃ"", -27.4563], [""xuːʃ"", -27.7365]]"
nui	𒀸𒋗𒉿	-8.4226	"[[""𒀸𒋗𒉿"", -8.4226], [""tuk"", -9.6213], [""tur"", -9.7806], [""tai"", -9.7806], [""as"", -9.783], [""𒀀𒀝𒉌𒅖"", -9.899], [""𒌷𒆷𒊍𒉺"", -9.899], [""𒈪𒋫𒀭𒉌"", -9.899], [""𒌷𒄩𒀜𒋾"", -9.899], [""kut"", -9.9363]]"
nuin	𒀸𒋗𒉿	-10.6439	"[[""𒀸𒋗𒉿"", -10.6439], [""𒀀𒀝𒉌𒅖"", -11.1101], [""𒌷𒆷𒊍𒉺"", -11.1101], [""𒈪𒋫𒀭𒉌"", -11.1101], [""𒌷𒄩𒀜𒋾"", -11.1101], [""𒌷𒉈𒂊𒊭𒀸"", -12.2879], [""𒌷𒀀𒉿𒅈𒈾"", -12.2879], [""tuk"", -12.7612], [""ku6"", -12.8374], [""tur"", -12.8687]]"
nuina	𒀀𒀝𒉌𒅖	-13.1999	"[[""𒀀𒀝𒉌𒅖"", -13.1999], [""𒌷𒄩𒀜𒋾"", -13.1999], [""𒌷𒆷𒊍𒉺"", -13.1999], [""𒈪𒋫𒀭𒉌"", -13.1999], [""𒀸𒋗𒉿"", -13.2697], [""𒌷𒉈𒂊𒊭𒀸"", -13.742], [""𒌷𒀀𒉿𒅈𒈾"", -13.742], [""ku6"", -15.7846], [""tuk"", -15.994], [""tur"", -16.0745]]"
nuinai	𒀀𒀝𒉌𒅖	-15.6764	"[[""𒀀𒀝𒉌𒅖"", -15.6764], [""𒈪𒋫𒀭𒉌"", -15.6764], [""𒌷𒄩𒀜𒋾"", -15.6764], [""𒌷𒆷𒊍𒉺"", -15.6764], [""𒌷𒉈𒂊𒊭𒀸"", -15.7621], [""𒌷𒀀𒉿𒅈𒈾"", -15.7621], [""𒀸𒋗𒉿"", -16.1017], [""𒋼𒊑𒀉𒋾𒌅𒌋𒉌𒅖"", -18.0751], [""iːsˤaː́"", -18.7486], [""ku6"", -18.8548]]"
nuinaid	𒌷𒀀𒉿𒅈𒈾	-18.1288	"[[""𒌷𒀀𒉿𒅈𒈾"", -18.1288], [""𒌷𒉈𒂊𒊭𒀸"", -18.1288], [""𒀀𒀝𒉌𒅖"", -18.3706], [""𒈪𒋫𒀭𒉌"", -18.3706], [""𒌷𒆷𒊍𒉺"", -18.3706], [""𒌷𒄩𒀜𒋾"", -18.3706], [""𒀸𒋗𒉿"", -19.0604], [""𒋼𒊑𒀉𒋾𒌅𒌋𒉌𒅖"", -19.6834], [""iːsˤaː́"", -21.4297], [""ku6"", -22.0036]]"
nuinaida	𒌷𒀀𒉿𒅈𒈾	-20.7122	"[[""𒌷𒀀𒉿𒅈𒈾"", -20.7122], [""𒌷𒉈𒂊𒊭𒀸"", -20.7122], [""𒌷𒄩𒀜𒋾"", -21.2055], [""𒀀𒀝𒉌𒅖"", -21.2055], [""𒈪𒋫𒀭𒉌"", -21.2055], [""𒌷𒆷𒊍𒉺"", -21.2055], [""𒋼𒊑𒀉𒋾𒌅𒌋𒉌𒅖"", -21.435], [""𒀸𒋗𒉿"", -22.1053], [""iːsˤaː́"", -24.2569], [""ku6"", -25.2069]]"
nuinaidaj	𒋼𒊑𒀉𒋾𒌅𒌋𒉌𒅖	-23.4063	"[[""𒋼𒊑𒀉𒋾𒌅𒌋𒉌𒅖"", -23.4063], [""𒌷𒉈𒂊𒊭𒀸"", -23.4428], [""𒌷𒀀𒉿𒅈𒈾"", -23.4428], [""𒀀𒀝𒉌𒅖"", -24.139], [""𒌷𒄩𒀜𒋾"", -24.139], [""𒈪𒋫𒀭𒉌"", -24.139], [""𒌷𒆷𒊍𒉺"", -24.139], [""𒀸𒋗𒉿"", -25.2127], [""atːaːʃ"", -25.4701], [""teːpuːʃ"", -25.5211]]"
nuinaidaja	𒋼𒊑𒀉𒋾𒌅𒌋𒉌𒅖	-25.5942	"[[""𒋼𒊑𒀉𒋾𒌅𒌋𒉌𒅖"", -25.5942], [""𒌷𒉈𒂊𒊭𒀸"", -26.2798], [""𒌷𒀀𒉿𒅈𒈾"", -26.2798], [""𒀀𒀝𒉌𒅖"", -27.1456], [""𒌷𒄩𒀜𒋾"", -27.1456], [""𒌷𒆷𒊍𒉺"", -27.1456], [""𒈪𒋫𒀭𒉌"", -27.1456], [""𒀸𒋗𒉿"", -28.3678], [""atːaːʃ"", -28.9369], [""teːpuːʃ"", -29.016]]"
nuj	ke	-5.9768	"[[""ke"", -5.9768], [""tai"", -7.561], [""iti"", -7.6548], [""tawa"", -7.664], [""taru"", -7.664], [""teri"", -7.664], [""pata"", -7.8133], [""kuiʃ"", -7.832], [""tuk"", -8.1415], [""tur"", -8.1756]]"
nuja	ku6	-8.8253	"[[""ku6"", -8.8253], [""ke"", -9.4811], [""𒀸𒋗𒉿"", -10.6439], [""tai"", -10.671], [""taru"", -10.7543], [""tawa"", -10.7543], [""teri"", -10.7543], [""tuk"", -11.0217], [""tur"", -11.0398], [""saːki"", -11.0907]]"
nujas	tuk	-9.4752	"[[""tuk"", -9.4752], [""tai"", -9.7554], [""paːi"", -10.1912], [""pai"", -10.8469], [""saːki"", -11.2936], [""sakːi"", -11.4468], [""ku6"", -11.6416], [""tsak"", -11.7511], [""tsik"", -11.7511], [""tawa"", -12.1889]]"
nujasa	tuk	-12.9778	"[[""tuk"", -12.9778], [""tai"", -13.2561], [""paːi"", -13.6819], [""pai"", -14.3472], [""saːki"", -14.4061], [""sakːi"", -14.4628], [""ku6"", -14.4657], [""tsak"", -15.2518], [""tsik"", -15.2518], [""tawa"", -15.6127]]"
nujasas	saːki	-13.6661	"[[""saːki"", -13.6661], [""sakːi"", -13.6755], [""tuk"", -15.3969], [""paːi"", -15.6133], [""tai"", -15.6805], [""tsiːik"", -15.9303], [""supːari"", -16.3625], [""patːaːi"", -16.7281], [""pai"", -16.7677], [""kuiʃki"", -16.8675]]"
nujasasa	saːki	-17.1548	"[[""saːki"", -17.1548], [""sakːi"", -17.1614], [""tuk"", -18.9023], [""paːi"", -19.1129], [""tai"", -19.185], [""teːpuːʃ"", -19.253], [""tsiːik"", -19.4211], [""supːari"", -19.4725], [""patːaːi"", -20.2039], [""sikaʃ"", -20.2644]]"
nujasasar	saːki	-18.9243	"[[""saːki"", -18.9243], [""sakːi"", -18.9284], [""supːari"", -20.6644], [""tsiːik"", -21.111], [""xapa"", -21.3246], [""paːi"", -21.5356], [""teːpuːʃ"", -21.5449], [""kiːklupa"", -21.6641], [""patːaːi"", -21.6963], [""tuk"", -21.7212]]"
nujasasara	saːki	-22.4235	"[[""saːki"", -22.4235], [""sakːi"", -22.4266], [""supːari"", -24.0014], [""teːpuːʃ"", -24.1421], [""tsiːik"", -24.6111], [""xapa"", -24.8217], [""paːi"", -25.0379], [""kiːklupa"", -25.1161], [""patːaːi"", -25.1885], [""tuk"", -25.2275]]"
nuΦ	𒀸𒋗𒉿	-8.4226	"[[""𒀸𒋗𒉿"", -8.4226], [""tuk"", -9.6213], [""tur"", -9.7806], [""tai"", -9.7806], [""as"", -9.783], [""𒀀𒀝𒉌𒅖"", -9.899], [""𒌷𒆷𒊍𒉺"", -9.899], [""𒈪𒋫𒀭𒉌"", -9.899], [""𒌷𒄩𒀜𒋾"", -9.899], [""kut"", -9.9363]]"
nuΦe	𒀸𒋗𒉿	-10.6439	"[[""𒀸𒋗𒉿"", -10.6439], [""𒀀𒀝𒉌𒅖"", -11.1101], [""𒌷𒆷𒊍𒉺"", -11.1101], [""𒈪𒋫𒀭𒉌"", -11.1101], [""𒌷𒄩𒀜𒋾"", -11.1101], [""𒌷𒉈𒂊𒊭𒀸"", -12.2879], [""𒌷𒀀𒉿𒅈𒈾"", -12.2879], [""tuk"", -12.7612], [""ku6"", -12.8374], [""tur"", -12.8687]]"
nuΦet	𒀀𒀝𒉌𒅖	-13.1999	"[[""𒀀𒀝𒉌𒅖"", -13.1999], [""𒌷𒄩𒀜𒋾"", -13.1999], [""𒌷𒆷𒊍𒉺"", -13.1999], [""𒈪𒋫𒀭𒉌"", -13.1999], [""𒀸𒋗𒉿"", -13.2697], [""𒌷𒉈𒂊𒊭𒀸"", -13.742], [""𒌷𒀀𒉿𒅈𒈾"", -13.742], [""ku6"", -15.7846], [""tuk"", -15.994], [""tur"", -16.0745]]"
nuΦetu	𒀀𒀝𒉌𒅖	-15.6764	"[[""𒀀𒀝𒉌𒅖"", -15.6764], [""𒈪𒋫𒀭𒉌"", -15.6764], [""𒌷𒄩𒀜𒋾"", -15.6764], [""𒌷𒆷𒊍𒉺"", -15.6764], [""𒌷𒀀𒉿𒅈𒈾"", -15.7621], [""𒌷𒉈𒂊𒊭𒀸"", -15.7621], [""𒀸𒋗𒉿"", -16.1017], [""tsak"", -16.5849], [""tsik"", -16.5849], [""kut"", -17.0702]]"
nuΦetum	𒌷𒀀𒉿𒅈𒈾	-18.1288	"[[""𒌷𒀀𒉿𒅈𒈾"", -18.1288], [""𒌷𒉈𒂊𒊭𒀸"", -18.1288], [""𒈪𒋫𒀭𒉌"", -18.3706], [""𒌷𒄩𒀜𒋾"", -18.3706], [""𒌷𒆷𒊍𒉺"", -18.3706], [""𒀀𒀝𒉌𒅖"", -18.3706], [""𒀸𒋗𒉿"", -19.0604], [""𒋼𒊑𒀉𒋾𒌅𒌋𒉌𒅖"", -19.6834], [""tsak"", -19.7448], [""tsik"", -19.7448]]"
nuΦetume	𒌷𒉈𒂊𒊭𒀸	-20.7122	"[[""𒌷𒉈𒂊𒊭𒀸"", -20.7122], [""𒌷𒀀𒉿𒅈𒈾"", -20.7122], [""𒈪𒋫𒀭𒉌"", -21.2055], [""𒀀𒀝𒉌𒅖"", -21.2055], [""𒌷𒄩𒀜𒋾"", -21.2055], [""𒌷𒆷𒊍𒉺"", -21.2055], [""𒋼𒊑𒀉𒋾𒌅𒌋𒉌𒅖"", -21.435], [""𒀸𒋗𒉿"", -22.1053], [""tsak"", -22.9881], [""tsik"", -22.9881]]"
nuΦetumei	𒋼𒊑𒀉𒋾𒌅𒌋𒉌𒅖	-23.4063	"[[""𒋼𒊑𒀉𒋾𒌅𒌋𒉌𒅖"", -23.4063], [""𒌷𒉈𒂊𒊭𒀸"", -23.4428], [""𒌷𒀀𒉿𒅈𒈾"", -23.4428], [""𒀀𒀝𒉌𒅖"", -24.139], [""𒈪𒋫𒀭𒉌"", -24.139], [""𒌷𒄩𒀜𒋾"", -24.139], [""𒌷𒆷𒊍𒉺"", -24.139], [""𒀸𒋗𒉿"", -25.2127], [""tsik"", -26.2813], [""tsak"", -26.2813]]"
nuΦetumeij	𒋼𒊑𒀉𒋾𒌅𒌋𒉌𒅖	-25.5942	"[[""𒋼𒊑𒀉𒋾𒌅𒌋𒉌𒅖"", -25.5942], [""𒌷𒀀𒉿𒅈𒈾"", -26.2798], [""𒌷𒉈𒂊𒊭𒀸"", -26.2798], [""eːtsːi"", -26.5468], [""etsːi"", -26.8736], [""teːpuːʃ"", -26.8969], [""sakːi"", -27.1138], [""𒌷𒄩𒀜𒋾"", -27.1456], [""𒌷𒆷𒊍𒉺"", -27.1456], [""𒀀𒀝𒉌𒅖"", -27.1456]]"
nwa	𒀸𒋗𒉿	-8.4226	"[[""𒀸𒋗𒉿"", -8.4226], [""𒀀𒀝𒉌𒅖"", -9.899], [""𒌷𒄩𒀜𒋾"", -9.899], [""𒈪𒋫𒀭𒉌"", -9.899], [""𒌷𒆷𒊍𒉺"", -9.899], [""𒌷𒉈𒂊𒊭𒀸"", -10.7315], [""𒌷𒀀𒉿𒅈𒈾"", -10.7315], [""ku6"", -12.1474], [""aʃ"", -12.8387], [""wa"", -12.8387]]"
nwaz	𒀸𒋗𒉿	-10.6439	"[[""𒀸𒋗𒉿"", -10.6439], [""𒀀𒀝𒉌𒅖"", -11.1101], [""𒌷𒆷𒊍𒉺"", -11.1101], [""𒈪𒋫𒀭𒉌"", -11.1101], [""𒌷𒄩𒀜𒋾"", -11.1101], [""𒌷𒀀𒉿𒅈𒈾"", -12.2879], [""𒌷𒉈𒂊𒊭𒀸"", -12.2879], [""ku6"", -14.9765], [""𒋼𒊑𒀉𒋾𒌅𒌋𒉌𒅖"", -15.6251], [""lu"", -16.0479]]"
nwaza	𒌷𒆷𒊍𒉺	-13.1999	"[[""𒌷𒆷𒊍𒉺"", -13.1999], [""𒀀𒀝𒉌𒅖"", -13.1999], [""𒌷𒄩𒀜𒋾"", -13.1999], [""𒈪𒋫𒀭𒉌"", -13.1999], [""𒀸𒋗𒉿"", -13.2697], [""𒌷𒀀𒉿𒅈𒈾"", -13.742], [""𒌷𒉈𒂊𒊭𒀸"", -13.742], [""𒋼𒊑𒀉𒋾𒌅𒌋𒉌𒅖"", -16.8346], [""ku6"", -17.9765], [""ke"", -19.3208]]"
nwazaΦ	𒀀𒀝𒉌𒅖	-15.6764	"[[""𒀀𒀝𒉌𒅖"", -15.6764], [""𒌷𒄩𒀜𒋾"", -15.6764], [""𒈪𒋫𒀭𒉌"", -15.6764], [""𒌷𒆷𒊍𒉺"", -15.6764], [""𒌷𒀀𒉿𒅈𒈾"", -15.7621], [""𒌷𒉈𒂊𒊭𒀸"", -15.7621], [""𒀸𒋗𒉿"", -16.1017], [""𒋼𒊑𒀉𒋾𒌅𒌋𒉌𒅖"", -18.0751], [""ku6"", -21.0773], [""lu"", -22.6343]]"
nwazaΦn	𒌷𒀀𒉿𒅈𒈾	-18.1288	"[[""𒌷𒀀𒉿𒅈𒈾"", -18.1288], [""𒌷𒉈𒂊𒊭𒀸"", -18.1288], [""𒌷𒄩𒀜𒋾"", -18.3706], [""𒀀𒀝𒉌𒅖"", -18.3706], [""𒌷𒆷𒊍𒉺"", -18.3706], [""𒈪𒋫𒀭𒉌"", -18.3706], [""𒀸𒋗𒉿"", -19.0604], [""𒋼𒊑𒀉𒋾𒌅𒌋𒉌𒅖"", -19.6834], [""ku6"", -24.2448], [""iːsˤaː́"", -25.6984]]"
nwazaΦni	𒌷𒀀𒉿𒅈𒈾	-20.7122	"[[""𒌷𒀀𒉿𒅈𒈾"", -20.7122], [""𒌷𒉈𒂊𒊭𒀸"", -20.7122], [""𒀀𒀝𒉌𒅖"", -21.2055], [""𒌷𒄩𒀜𒋾"", -21.2055], [""𒈪𒋫𒀭𒉌"", -21.2055], [""𒌷𒆷𒊍𒉺"", -21.2055], [""𒋼𒊑𒀉𒋾𒌅𒌋𒉌𒅖"", -21.435], [""𒀸𒋗𒉿"", -22.1053], [""ku6"", -27.4599], [""iːsˤaː́"", -28.4239]]"
oij	eːʃ	-4.2259	"[[""eːʃ"", -4.2259], [""wa"", -4.8798], [""lu"", -4.8798], [""aʃ"", -4.8798], [""waki"", -7.2416], [""uːxːi"", -7.287], [""araːʃ"", -7.401], [""natːa"", -7.5935], [""xuːʃ"", -7.6083], [""uxːi"", -7.652]]"
oija	eːʃ	-7.7296	"[[""eːʃ"", -7.7296], [""lu"", -8.3843], [""wa"", -8.3843], [""aʃ"", -8.3861], [""uːxːi"", -9.7395], [""uxːi"", -10.2836], [""waki"", -10.4551], [""𒀸𒋗𒉿"", -10.6439], [""araːʃ"", -10.8528], [""waːki"", -10.995]]"
osa	wa	-4.8807	"[[""wa"", -4.8807], [""lu"", -4.8807], [""uk"", -5.9716], [""waki"", -7.2134], [""waːki"", -7.5656], [""praː"", -7.6613], [""apːa"", -7.9246], [""uru"", -8.0283], [""ara"", -8.0283], [""𒀸𒋗𒉿"", -8.4226]]"
osar	apːa	-6.6826	"[[""apːa"", -6.6826], [""waːki"", -7.6129], [""wa"", -7.6989], [""lu"", -7.6989], [""waki"", -7.9791], [""natːa"", -8.2202], [""uk"", -8.3878], [""welku"", -8.4685], [""neːpis"", -8.7082], [""jaː́nu"", -8.7536]]"
osare	apːa	-10.1682	"[[""apːa"", -10.1682], [""waːki"", -10.7781], [""wa"", -11.2052], [""lu"", -11.2052], [""waki"", -11.2514], [""neːpis"", -11.5054], [""natːa"", -11.7072], [""jaː́nu"", -11.8375], [""uk"", -11.8932], [""welku"", -11.9378]]"
osarej	waːki	-10.1673	"[[""waːki"", -10.1673], [""waki"", -10.8274], [""neːʃaʃ"", -11.3817], [""neknaʃ"", -11.6372], [""apːa"", -11.9254], [""luːkːari"", -12.2146], [""araːaʃ"", -12.2372], [""auriːʃ"", -12.5978], [""alpuʃ"", -12.6122], [""eːʃ"", -12.6877]]"
osareja	waːki	-13.669	"[[""waːki"", -13.669], [""waki"", -14.331], [""neːʃaʃ"", -14.7509], [""neknaʃ"", -15.1377], [""luːkːari"", -15.3244], [""apːa"", -15.4261], [""araːaʃ"", -15.739], [""auriːʃ"", -16.0996], [""alpuʃ"", -16.1168], [""nakːis"", -16.1637]]"
pin	𒀸𒋗𒉿	-8.4226	"[[""𒀸𒋗𒉿"", -8.4226], [""𒀀𒀝𒉌𒅖"", -9.899], [""𒌷𒄩𒀜𒋾"", -9.899], [""𒈪𒋫𒀭𒉌"", -9.899], [""𒌷𒆷𒊍𒉺"", -9.899], [""𒌷𒉈𒂊𒊭𒀸"", -10.7315], [""𒌷𒀀𒉿𒅈𒈾"", -10.7315], [""ku6"", -12.1474], [""aʃ"", -12.8387], [""wa"", -12.8387]]"
pina	𒀸𒋗𒉿	-10.6439	"[[""𒀸𒋗𒉿"", -10.6439], [""𒀀𒀝𒉌𒅖"", -11.1101], [""𒌷𒆷𒊍𒉺"", -11.1101], [""𒈪𒋫𒀭𒉌"", -11.1101], [""𒌷𒄩𒀜𒋾"", -11.1101], [""𒌷𒀀𒉿𒅈𒈾"", -12.2879], [""𒌷𒉈𒂊𒊭𒀸"", -12.2879], [""ku6"", -14.9765], [""𒋼𒊑𒀉𒋾𒌅𒌋𒉌𒅖"", -15.6251], [""lu"", -16.0479]]"
pinam	𒌷𒆷𒊍𒉺	-13.1999	"[[""𒌷𒆷𒊍𒉺"", -13.1999], [""𒀀𒀝𒉌𒅖"", -13.1999], [""𒌷𒄩𒀜𒋾"", -13.1999], [""𒈪𒋫𒀭𒉌"", -13.1999], [""𒀸𒋗𒉿"", -13.2697], [""𒌷𒀀𒉿𒅈𒈾"", -13.742], [""𒌷𒉈𒂊𒊭𒀸"", -13.742], [""𒋼𒊑𒀉𒋾𒌅𒌋𒉌𒅖"", -16.8346], [""ku6"", -17.9765], [""ke"", -19.3208]]"
pinama	𒀀𒀝𒉌𒅖	-15.6764	"[[""𒀀𒀝𒉌𒅖"", -15.6764], [""𒌷𒄩𒀜𒋾"", -15.6764], [""𒈪𒋫𒀭𒉌"", -15.6764], [""𒌷𒆷𒊍𒉺"", -15.6764], [""𒌷𒀀𒉿𒅈𒈾"", -15.7621], [""𒌷𒉈𒂊𒊭𒀸"", -15.7621], [""𒀸𒋗𒉿"", -16.1017], [""𒋼𒊑𒀉𒋾𒌅𒌋𒉌𒅖"", -18.0751], [""ku6"", -21.0773], [""lu"", -22.6343]]"
pinamai	𒌷𒀀𒉿𒅈𒈾	-18.1288	"[[""𒌷𒀀𒉿𒅈𒈾"", -18.1288], [""𒌷𒉈𒂊𒊭𒀸"", -18.1288], [""𒌷𒄩𒀜𒋾"", -18.3706], [""𒀀𒀝𒉌𒅖"", -18.3706], [""𒌷𒆷𒊍𒉺"", -18.3706], [""𒈪𒋫𒀭𒉌"", -18.3706], [""𒀸𒋗𒉿"", -19.0604], [""𒋼𒊑𒀉𒋾𒌅𒌋𒉌𒅖"", -19.6834], [""ku6"", -24.2448], [""iːsˤaː́"", -25.6984]]"
pinamain	𒌷𒀀𒉿𒅈𒈾	-20.7122	"[[""𒌷𒀀𒉿𒅈𒈾"", -20.7122], [""𒌷𒉈𒂊𒊭𒀸"", -20.7122], [""𒀀𒀝𒉌𒅖"", -21.2055], [""𒌷𒄩𒀜𒋾"", -21.2055], [""𒈪𒋫𒀭𒉌"", -21.2055], [""𒌷𒆷𒊍𒉺"", -21.2055], [""𒋼𒊑𒀉𒋾𒌅𒌋𒉌𒅖"", -21.435], [""𒀸𒋗𒉿"", -22.1053], [""ku6"", -27.4599], [""iːsˤaː́"", -28.4239]]"
pinamaina	𒋼𒊑𒀉𒋾𒌅𒌋𒉌𒅖	-23.4063	"[[""𒋼𒊑𒀉𒋾𒌅𒌋𒉌𒅖"", -23.4063], [""𒌷𒉈𒂊𒊭𒀸"", -23.4428], [""𒌷𒀀𒉿𒅈𒈾"", -23.4428], [""𒀀𒀝𒉌𒅖"", -24.139], [""𒌷𒄩𒀜𒋾"", -24.139], [""𒌷𒆷𒊍𒉺"", -24.139], [""𒈪𒋫𒀭𒉌"", -24.139], [""𒀸𒋗𒉿"", -25.2127], [""ku6"", -30.7105], [""iːsˤaː́"", -31.2348]]"
pinamainaj	𒋼𒊑𒀉𒋾𒌅𒌋𒉌𒅖	-25.5942	"[[""𒋼𒊑𒀉𒋾𒌅𒌋𒉌𒅖"", -25.5942], [""𒌷𒉈𒂊𒊭𒀸"", -26.2798], [""𒌷𒀀𒉿𒅈𒈾"", -26.2798], [""𒌷𒆷𒊍𒉺"", -27.1456], [""𒈪𒋫𒀭𒉌"", -27.1456], [""𒌷𒄩𒀜𒋾"", -27.1456], [""𒀀𒀝𒉌𒅖"", -27.1456], [""𒀸𒋗𒉿"", -28.3678], [""eːʃ"", -30.529], [""xuːʃ"", -30.704]]"
pinamas	𒌷𒀀𒉿𒅈𒈾	-18.1288	"[[""𒌷𒀀𒉿𒅈𒈾"", -18.1288], [""𒌷𒉈𒂊𒊭𒀸"", -18.1288], [""𒀀𒀝𒉌𒅖"", -18.3706], [""𒌷𒆷𒊍𒉺"", -18.3706], [""𒌷𒄩𒀜𒋾"", -18.3706], [""𒈪𒋫𒀭𒉌"", -18.3706], [""𒀸𒋗𒉿"", -19.0604], [""𒋼𒊑𒀉𒋾𒌅𒌋𒉌𒅖"", -19.6834], [""apːa"", -22.4363], [""paːi"", -22.4378]]"
pinamasi	𒌷𒉈𒂊𒊭𒀸	-20.7122	"[[""𒌷𒉈𒂊𒊭𒀸"", -20.7122], [""𒌷𒀀𒉿𒅈𒈾"", -20.7122], [""𒌷𒆷𒊍𒉺"", -21.2055], [""𒈪𒋫𒀭𒉌"", -21.2055], [""𒌷𒄩𒀜𒋾"", -21.2055], [""𒀀𒀝𒉌𒅖"", -21.2055], [""𒋼𒊑𒀉𒋾𒌅𒌋𒉌𒅖"", -21.435], [""𒀸𒋗𒉿"", -22.1053], [""apːa"", -25.9077], [""paːi"", -25.9134]]"
pinamasir	𒋼𒊑𒀉𒋾𒌅𒌋𒉌𒅖	-23.4063	"[[""𒋼𒊑𒀉𒋾𒌅𒌋𒉌𒅖"", -23.4063], [""𒌷𒀀𒉿𒅈𒈾"", -23.4428], [""𒌷𒉈𒂊𒊭𒀸"", -23.4428], [""𒀀𒀝𒉌𒅖"", -24.139], [""𒌷𒆷𒊍𒉺"", -24.139], [""𒈪𒋫𒀭𒉌"", -24.139], [""𒌷𒄩𒀜𒋾"", -24.139], [""𒀸𒋗𒉿"", -25.2127], [""uk"", -26.9726], [""ke"", -26.9827]]"
pinamasiru	𒋼𒊑𒀉𒋾𒌅𒌋𒉌𒅖	-25.5942	"[[""𒋼𒊑𒀉𒋾𒌅𒌋𒉌𒅖"", -25.5942], [""𒌷𒀀𒉿𒅈𒈾"", -26.2798], [""𒌷𒉈𒂊𒊭𒀸"", -26.2798], [""kut"", -26.9801], [""neːpis"", -26.9869], [""𒀀𒀝𒉌𒅖"", -27.1456], [""𒌷𒆷𒊍𒉺"", -27.1456], [""𒌷𒄩𒀜𒋾"", -27.1456], [""𒈪𒋫𒀭𒉌"", -27.1456], [""ais"", -27.2534]]"
ram	𒀸𒋗𒉿	-8.4226	"[[""𒀸𒋗𒉿"", -8.4226], [""ku6"", -9.1227], [""eːʃ"", -9.7284], [""praː"", -9.7797], [""𒀀𒀝𒉌𒅖"", -9.899], [""𒌷𒄩𒀜𒋾"", -9.899], [""𒌷𒆷𒊍𒉺"", -9.899], [""𒈪𒋫𒀭𒉌"", -9.899], [""iwr̩"", -10.0769], [""ke"", -10.2251]]"
rama	𒀸𒋗𒉿	-10.6439	"[[""𒀸𒋗𒉿"", -10.6439], [""𒀀𒀝𒉌𒅖"", -11.1101], [""𒌷𒄩𒀜𒋾"", -11.1101], [""𒌷𒆷𒊍𒉺"", -11.1101], [""𒈪𒋫𒀭𒉌"", -11.1101], [""ku6"", -12.0934], [""𒌷𒀀𒉿𒅈𒈾"", -12.2879], [""𒌷𒉈𒂊𒊭𒀸"", -12.2879], [""praː"", -12.5976], [""eːʃ"", -12.6683]]"
raman	𒌷𒆷𒊍𒉺	-13.1999	"[[""𒌷𒆷𒊍𒉺"", -13.1999], [""𒀀𒀝𒉌𒅖"", -13.1999], [""𒈪𒋫𒀭𒉌"", -13.1999], [""𒌷𒄩𒀜𒋾"", -13.1999], [""𒀸𒋗𒉿"", -13.2697], [""𒌷𒉈𒂊𒊭𒀸"", -13.742], [""𒌷𒀀𒉿𒅈𒈾"", -13.742], [""ku6"", -15.1857], [""praː"", -15.5914], [""eːʃ"", -15.7339]]"
ramana	𒀀𒀝𒉌𒅖	-15.6764	"[[""𒀀𒀝𒉌𒅖"", -15.6764], [""𒈪𒋫𒀭𒉌"", -15.6764], [""𒌷𒄩𒀜𒋾"", -15.6764], [""𒌷𒆷𒊍𒉺"", -15.6764], [""𒌷𒉈𒂊𒊭𒀸"", -15.7621], [""𒌷𒀀𒉿𒅈𒈾"", -15.7621], [""𒀸𒋗𒉿"", -16.1017], [""𒋼𒊑𒀉𒋾𒌅𒌋𒉌𒅖"", -18.0751], [""ku6"", -18.3529], [""praː"", -18.6878]]"
ramanad	𒌷𒉈𒂊𒊭𒀸	-18.1288	"[[""𒌷𒉈𒂊𒊭𒀸"", -18.1288], [""𒌷𒀀𒉿𒅈𒈾"", -18.1288], [""𒀀𒀝𒉌𒅖"", -18.3706], [""𒈪𒋫𒀭𒉌"", -18.3706], [""𒌷𒄩𒀜𒋾"", -18.3706], [""𒌷𒆷𒊍𒉺"", -18.3706], [""𒀸𒋗𒉿"", -19.0604], [""𒋼𒊑𒀉𒋾𒌅𒌋𒉌𒅖"", -19.6834], [""iːsˤaː́"", -21.5014], [""ku6"", -21.5713]]"
ramanada	𒌷𒉈𒂊𒊭𒀸	-20.7122	"[[""𒌷𒉈𒂊𒊭𒀸"", -20.7122], [""𒌷𒀀𒉿𒅈𒈾"", -20.7122], [""𒀀𒀝𒉌𒅖"", -21.2055], [""𒈪𒋫𒀭𒉌"", -21.2055], [""𒌷𒄩𒀜𒋾"", -21.2055], [""𒌷𒆷𒊍𒉺"", -21.2055], [""𒋼𒊑𒀉𒋾𒌅𒌋𒉌𒅖"", -21.435], [""𒀸𒋗𒉿"", -22.1053], [""iːsˤaː́"", -24.222], [""ku6"", -24.8273]]"
ramanadaw	𒋼𒊑𒀉𒋾𒌅𒌋𒉌𒅖	-23.4063	"[[""𒋼𒊑𒀉𒋾𒌅𒌋𒉌𒅖"", -23.4063], [""𒌷𒉈𒂊𒊭𒀸"", -23.4428], [""𒌷𒀀𒉿𒅈𒈾"", -23.4428], [""𒀀𒀝𒉌𒅖"", -24.139], [""𒈪𒋫𒀭𒉌"", -24.139], [""𒌷𒄩𒀜𒋾"", -24.139], [""𒌷𒆷𒊍𒉺"", -24.139], [""𒀸𒋗𒉿"", -25.2127], [""iːsˤaː́"", -27.0379], [""ku6"", -28.112]]"
ramanadawa	𒋼𒊑𒀉𒋾𒌅𒌋𒉌𒅖	-25.5942	"[[""𒋼𒊑𒀉𒋾𒌅𒌋𒉌𒅖"", -25.5942], [""𒌷𒀀𒉿𒅈𒈾"", -26.2798], [""𒌷𒉈𒂊𒊭𒀸"", -26.2798], [""𒀀𒀝𒉌𒅖"", -27.1456], [""𒈪𒋫𒀭𒉌"", -27.1456], [""𒌷𒆷𒊍𒉺"", -27.1456], [""𒌷𒄩𒀜𒋾"", -27.1456], [""𒀸𒋗𒉿"", -28.3678], [""iːsˤaː́"", -29.9279], [""ku6"", -31.4194]]"
rame	𒀸𒋗𒉿	-10.6439	"[[""𒀸𒋗𒉿"", -10.6439], [""𒀀𒀝𒉌𒅖"", -11.1101], [""𒌷𒄩𒀜𒋾"", -11.1101], [""𒌷𒆷𒊍𒉺"", -11.1101], [""𒈪𒋫𒀭𒉌"", -11.1101], [""ku6"", -12.0934], [""𒌷𒀀𒉿𒅈𒈾"", -12.2879], [""𒌷𒉈𒂊𒊭𒀸"", -12.2879], [""praː"", -12.5976], [""eːʃ"", -12.6683]]"
ramei	𒌷𒆷𒊍𒉺	-13.1999	"[[""𒌷𒆷𒊍𒉺"", -13.1999], [""𒀀𒀝𒉌𒅖"", -13.1999], [""𒈪𒋫𒀭𒉌"", -13.1999], [""𒌷𒄩𒀜𒋾"", -13.1999], [""𒀸𒋗𒉿"", -13.2697], [""𒌷𒉈𒂊𒊭𒀸"", -13.742], [""𒌷𒀀𒉿𒅈𒈾"", -13.742], [""ku6"", -15.1857], [""praː"", -15.5914], [""eːʃ"", -15.7339]]"
rameit	𒀀𒀝𒉌𒅖	-15.6764	"[[""𒀀𒀝𒉌𒅖"", -15.6764], [""𒈪𒋫𒀭𒉌"", -15.6764], [""𒌷𒄩𒀜𒋾"", -15.6764], [""𒌷𒆷𒊍𒉺"", -15.6764], [""𒌷𒉈𒂊𒊭𒀸"", -15.7621], [""𒌷𒀀𒉿𒅈𒈾"", -15.7621], [""𒀸𒋗𒉿"", -16.1017], [""𒋼𒊑𒀉𒋾𒌅𒌋𒉌𒅖"", -18.0751], [""ku6"", -18.3529], [""praː"", -18.6878]]"
rameiti	𒌷𒉈𒂊𒊭𒀸	-18.1288	"[[""𒌷𒉈𒂊𒊭𒀸"", -18.1288], [""𒌷𒀀𒉿𒅈𒈾"", -18.1288], [""𒀀𒀝𒉌𒅖"", -18.3706], [""𒈪𒋫𒀭𒉌"", -18.3706], [""𒌷𒄩𒀜𒋾"", -18.3706], [""𒌷𒆷𒊍𒉺"", -18.3706], [""𒀸𒋗𒉿"", -19.0604], [""𒋼𒊑𒀉𒋾𒌅𒌋𒉌𒅖"", -19.6834], [""iːsˤaː́"", -21.5014], [""ku6"", -21.5713]]"
rameu	as	-11.8879	"[[""as"", -11.8879], [""uk"", -12.9731], [""𒀀𒀝𒉌𒅖"", -13.1999], [""𒈪𒋫𒀭𒉌"", -13.1999], [""𒌷𒄩𒀜𒋾"", -13.1999], [""𒌷𒆷𒊍𒉺"", -13.1999], [""𒀸𒋗𒉿"", -13.2697], [""kut"", -13.454], [""aːsːa"", -13.6092], [""aːtar"", -13.6228]]"
rameun	as	-15.395	"[[""as"", -15.395], [""𒀀𒀝𒉌𒅖"", -15.6764], [""𒈪𒋫𒀭𒉌"", -15.6764], [""𒌷𒄩𒀜𒋾"", -15.6764], [""𒌷𒆷𒊍𒉺"", -15.6764], [""𒌷𒉈𒂊𒊭𒀸"", -15.7621], [""𒌷𒀀𒉿𒅈𒈾"", -15.7621], [""aːsːa"", -15.7886], [""𒀸𒋗𒉿"", -16.1017], [""aːtar"", -16.4257]]"
rameuna	𒌷𒉈𒂊𒊭𒀸	-18.1288	"[[""𒌷𒉈𒂊𒊭𒀸"", -18.1288], [""𒌷𒀀𒉿𒅈𒈾"", -18.1288], [""𒀀𒀝𒉌𒅖"", -18.3706], [""𒈪𒋫𒀭𒉌"", -18.3706], [""𒌷𒄩𒀜𒋾"", -18.3706], [""𒌷𒆷𒊍𒉺"", -18.3706], [""iːsˤaː́"", -18.4887], [""aːsːa"", -18.5038], [""as"", -18.9021], [""𒀸𒋗𒉿"", -19.0604]]"
rameunak	iːsˤaː́	-20.5117	"[[""iːsˤaː́"", -20.5117], [""𒌷𒀀𒉿𒅈𒈾"", -20.7122], [""𒌷𒉈𒂊𒊭𒀸"", -20.7122], [""𒀀𒀝𒉌𒅖"", -21.2055], [""𒈪𒋫𒀭𒉌"", -21.2055], [""𒌷𒄩𒀜𒋾"", -21.2055], [""𒌷𒆷𒊍𒉺"", -21.2055], [""𒋼𒊑𒀉𒋾𒌅𒌋𒉌𒅖"", -21.435], [""aːsːa"", -21.445], [""𒀸𒋗𒉿"", -22.1053]]"
rameunaka	iːsˤaː́	-22.9669	"[[""iːsˤaː́"", -22.9669], [""𒋼𒊑𒀉𒋾𒌅𒌋𒉌𒅖"", -23.4063], [""𒌷𒀀𒉿𒅈𒈾"", -23.4428], [""𒌷𒉈𒂊𒊭𒀸"", -23.4428], [""𒌷𒄩𒀜𒋾"", -24.139], [""𒌷𒆷𒊍𒉺"", -24.139], [""𒈪𒋫𒀭𒉌"", -24.139], [""𒀀𒀝𒉌𒅖"", -24.139], [""aːsːa"", -24.5115], [""𒀸𒋗𒉿"", -25.2127]]"
rameunakan	𒋼𒊑𒀉𒋾𒌅𒌋𒉌𒅖	-25.5942	"[[""𒋼𒊑𒀉𒋾𒌅𒌋𒉌𒅖"", -25.5942], [""iːsˤaː́"", -25.6521], [""𒌷𒀀𒉿𒅈𒈾"", -26.2798], [""𒌷𒉈𒂊𒊭𒀸"", -26.2798], [""𒀀𒀝𒉌𒅖"", -27.1456], [""𒈪𒋫𒀭𒉌"", -27.1456], [""𒌷𒄩𒀜𒋾"", -27.1456], [""𒌷𒆷𒊍𒉺"", -27.1456], [""aːsːa"", -27.6578], [""𒀸𒋗𒉿"", -28.3678]]"
rameunar	aːsːa	-17.2033	"[[""aːsːa"", -17.2033], [""eːtsːi"", -19.0682], [""aːitsːi"", -19.8505], [""iːsˤaː́"", -19.9066], [""apːa"", -19.9978], [""iti"", -20.2732], [""etsːi"", -20.4932], [""𒌷𒉈𒂊𒊭𒀸"", -20.7122], [""𒌷𒀀𒉿𒅈𒈾"", -20.7122], [""ietsːi"", -20.8696]]"
rameunaru	asːus	-18.9317	"[[""asːus"", -18.9317], [""atːas"", -18.9317], [""ekːus"", -19.9953], [""itut"", -20.2702], [""aːsːa"", -20.7012], [""pekːus"", -21.4234], [""patas"", -21.79], [""tasːus"", -21.9093], [""iːsˤaː́"", -21.9984], [""kursas"", -22.0035]]"
rameunaruk	asːus	-22.4385	"[[""asːus"", -22.4385], [""atːas"", -22.4385], [""iːsˤaː́"", -22.8202], [""ekːus"", -23.502], [""itut"", -23.7771], [""aːsːa"", -24.1936], [""pekːus"", -24.925], [""patas"", -25.2857], [""tasːus"", -25.3799], [""eːtsːi"", -25.4865]]"
rat	𒀸𒋗𒉿	-8.4226	"[[""𒀸𒋗𒉿"", -8.4226], [""ku6"", -9.1227], [""eːʃ"", -9.7284], [""praː"", -9.7797], [""𒀀𒀝𒉌𒅖"", -9.899], [""𒌷𒄩𒀜𒋾"", -9.899], [""𒌷𒆷𒊍𒉺"", -9.899], [""𒈪𒋫𒀭𒉌"", -9.899], [""iwr̩"", -10.0769], [""ke"", -10.2251]]"
rate	𒀸𒋗𒉿	-10.6439	"[[""𒀸𒋗𒉿"", -10.6439], [""𒀀𒀝𒉌𒅖"", -11.1101], [""𒌷𒄩𒀜𒋾"", -11.1101], [""𒌷𒆷𒊍𒉺"", -11.1101], [""𒈪𒋫𒀭𒉌"", -11.1101], [""ku6"", -12.0934], [""𒌷𒀀𒉿𒅈𒈾"", -12.2879], [""𒌷𒉈𒂊𒊭𒀸"", -12.2879], [""praː"", -12.5976], [""eːʃ"", -12.6683]]"
red	𒀸𒋗𒉿	-8.4226	"[[""𒀸𒋗𒉿"", -8.4226], [""ku6"", -9.1227], [""eːʃ"", -9.7284], [""praː"", -9.7797], [""𒀀𒀝𒉌𒅖"", -9.899], [""𒌷𒄩𒀜𒋾"", -9.899], [""𒌷𒆷𒊍𒉺"", -9.899], [""𒈪𒋫𒀭𒉌"", -9.899], [""iwr̩"", -10.0769], [""ke"", -10.2251]]"
redi	𒀸𒋗𒉿	-10.6439	"[[""𒀸𒋗𒉿"", -10.6439], [""𒀀𒀝𒉌𒅖"", -11.1101], [""𒌷𒄩𒀜𒋾"", -11.1101], [""𒌷𒆷𒊍𒉺"", -11.1101], [""𒈪𒋫𒀭𒉌"", -11.1101], [""ku6"", -12.0934], [""𒌷𒀀𒉿𒅈𒈾"", -12.2879], [""𒌷𒉈𒂊𒊭𒀸"", -12.2879], [""praː"", -12.5976], [""eːʃ"", -12.6683]]"
redij	eːʃ	-10.1546	"[[""eːʃ"", -10.1546], [""aʃ"", -11.887], [""uːxːi"", -12.6662], [""araːʃ"", -12.8705], [""ke"", -12.974], [""aːsːa"", -13.1422], [""𒀀𒀝𒉌𒅖"", -13.1999], [""𒌷𒄩𒀜𒋾"", -13.1999], [""𒌷𒆷𒊍𒉺"", -13.1999], [""𒈪𒋫𒀭𒉌"", -13.1999]]"
redija	eːʃ	-13.6607	"[[""eːʃ"", -13.6607], [""aʃ"", -15.3933], [""uːxːi"", -15.4412], [""𒌷𒄩𒀜𒋾"", -15.6764], [""𒀀𒀝𒉌𒅖"", -15.6764], [""𒈪𒋫𒀭𒉌"", -15.6764], [""𒌷𒆷𒊍𒉺"", -15.6764], [""𒌷𒉈𒂊𒊭𒀸"", -15.7621], [""𒌷𒀀𒉿𒅈𒈾"", -15.7621], [""ku6"", -15.7755]]"
rei	𒀸𒋗𒉿	-8.4226	"[[""𒀸𒋗𒉿"", -8.4226], [""ku6"", -9.1227], [""eːʃ"", -9.7284], [""praː"", -9.7797], [""𒀀𒀝𒉌𒅖"", -9.899], [""𒌷𒄩𒀜𒋾"", -9.899], [""𒌷𒆷𒊍𒉺"", -9.899], [""𒈪𒋫𒀭𒉌"", -9.899], [""iwr̩"", -10.0769], [""ke"", -10.2251]]"
reik	𒀸𒋗𒉿	-10.6439	"[[""𒀸𒋗𒉿"", -10.6439], [""𒀀𒀝𒉌𒅖"", -11.1101], [""𒌷𒄩𒀜𒋾"", -11.1101], [""𒌷𒆷𒊍𒉺"", -11.1101], [""𒈪𒋫𒀭𒉌"", -11.1101], [""ku6"", -12.0934], [""𒌷𒀀𒉿𒅈𒈾"", -12.2879], [""𒌷𒉈𒂊𒊭𒀸"", -12.2879], [""praː"", -12.5976], [""eːʃ"", -12.6683]]"
reike	𒌷𒆷𒊍𒉺	-13.1999	"[[""𒌷𒆷𒊍𒉺"", -13.1999], [""𒀀𒀝𒉌𒅖"", -13.1999], [""𒈪𒋫𒀭𒉌"", -13.1999], [""𒌷𒄩𒀜𒋾"", -13.1999], [""𒀸𒋗𒉿"", -13.2697], [""𒌷𒉈𒂊𒊭𒀸"", -13.742], [""𒌷𒀀𒉿𒅈𒈾"", -13.742], [""ku6"", -15.1857], [""praː"", -15.5914], [""eːʃ"", -15.7339]]"
reiket	𒀀𒀝𒉌𒅖	-15.6764	"[[""𒀀𒀝𒉌𒅖"", -15.6764], [""𒈪𒋫𒀭𒉌"", -15.6764], [""𒌷𒄩𒀜𒋾"", -15.6764], [""𒌷𒆷𒊍𒉺"", -15.6764], [""𒌷𒉈𒂊𒊭𒀸"", -15.7621], [""𒌷𒀀𒉿𒅈𒈾"", -15.7621], [""𒀸𒋗𒉿"", -16.1017], [""𒋼𒊑𒀉𒋾𒌅𒌋𒉌𒅖"", -18.0751], [""ku6"", -18.3529], [""praː"", -18.6878]]"
reiketa	𒌷𒉈𒂊𒊭𒀸	-18.1288	"[[""𒌷𒉈𒂊𒊭𒀸"", -18.1288], [""𒌷𒀀𒉿𒅈𒈾"", -18.1288], [""𒀀𒀝𒉌𒅖"", -18.3706], [""𒈪𒋫𒀭𒉌"", -18.3706], [""𒌷𒄩𒀜𒋾"", -18.3706], [""𒌷𒆷𒊍𒉺"", -18.3706], [""𒀸𒋗𒉿"", -19.0604], [""𒋼𒊑𒀉𒋾𒌅𒌋𒉌𒅖"", -19.6834], [""iːsˤaː́"", -21.5014], [""ku6"", -21.5713]]"
reiketan	𒌷𒉈𒂊𒊭𒀸	-20.7122	"[[""𒌷𒉈𒂊𒊭𒀸"", -20.7122], [""𒌷𒀀𒉿𒅈𒈾"", -20.7122], [""𒀀𒀝𒉌𒅖"", -21.2055], [""𒈪𒋫𒀭𒉌"", -21.2055], [""𒌷𒄩𒀜𒋾"", -21.2055], [""𒌷𒆷𒊍𒉺"", -21.2055], [""𒋼𒊑𒀉𒋾𒌅𒌋𒉌𒅖"", -21.435], [""𒀸𒋗𒉿"", -22.1053], [""iːsˤaː́"", -24.222], [""ku6"", -24.8273]]"
reiketana	𒋼𒊑𒀉𒋾𒌅𒌋𒉌𒅖	-23.4063	"[[""𒋼𒊑𒀉𒋾𒌅𒌋𒉌𒅖"", -23.4063], [""𒌷𒉈𒂊𒊭𒀸"", -23.4428], [""𒌷𒀀𒉿𒅈𒈾"", -23.4428], [""𒀀𒀝𒉌𒅖"", -24.139], [""𒈪𒋫𒀭𒉌"", -24.139], [""𒌷𒄩𒀜𒋾"", -24.139], [""𒌷𒆷𒊍𒉺"", -24.139], [""𒀸𒋗𒉿"", -25.2127], [""iːsˤaː́"", -27.0379], [""ku6"", -28.112]]"
reiketanai	𒋼𒊑𒀉𒋾𒌅𒌋𒉌𒅖	-25.5942	"[[""𒋼𒊑𒀉𒋾𒌅𒌋𒉌𒅖"", -25.5942], [""𒌷𒀀𒉿𒅈𒈾"", -26.2798], [""𒌷𒉈𒂊𒊭𒀸"", -26.2798], [""𒀀𒀝𒉌𒅖"", -27.1456], [""𒈪𒋫𒀭𒉌"", -27.1456], [""𒌷𒆷𒊍𒉺"", -27.1456], [""𒌷𒄩𒀜𒋾"", -27.1456], [""𒀸𒋗𒉿"", -28.3678], [""iːsˤaː́"", -29.9279], [""ku6"", -31.4194]]"
rej	eːʃ	-4.2259	"[[""eːʃ"", -4.2259], [""aʃ"", -4.8798], [""ke"", -5.9707], [""kuiʃ"", -7.2086], [""uːxːi"", -7.287], [""paːi"", -7.595], [""araːʃ"", -7.6064], [""xuːʃ"", -7.6083], [""uxːi"", -7.652], [""apːa"", -7.8569]]"
reja	eːʃ	-7.7296	"[[""eːʃ"", -7.7296], [""aʃ"", -8.3861], [""ku6"", -8.8055], [""ke"", -9.4749], [""uːxːi"", -9.7395], [""uxːi"", -10.2836], [""kuiʃ"", -10.6031], [""𒀸𒋗𒉿"", -10.6439], [""paːi"", -10.7311], [""araːʃ"", -11.0842]]"
rep	𒀸𒋗𒉿	-8.4226	"[[""𒀸𒋗𒉿"", -8.4226], [""ku6"", -9.1227], [""eːʃ"", -9.7284], [""praː"", -9.7797], [""𒀀𒀝𒉌𒅖"", -9.899], [""𒌷𒄩𒀜𒋾"", -9.899], [""𒌷𒆷𒊍𒉺"", -9.899], [""𒈪𒋫𒀭𒉌"", -9.899], [""iwr̩"", -10.0769], [""ke"", -10.2251]]"
ret	𒀸𒋗𒉿	-8.4226	"[[""𒀸𒋗𒉿"", -8.4226], [""ku6"", -9.1227], [""eːʃ"", -9.7284], [""praː"", -9.7797], [""𒀀𒀝𒉌𒅖"", -9.899], [""𒌷𒄩𒀜𒋾"", -9.899], [""𒌷𒆷𒊍𒉺"", -9.899], [""𒈪𒋫𒀭𒉌"", -9.899], [""iwr̩"", -10.0769], [""ke"", -10.2251]]"
reta	𒀸𒋗𒉿	-10.6439	"[[""𒀸𒋗𒉿"", -10.6439], [""𒀀𒀝𒉌𒅖"", -11.1101], [""𒌷𒄩𒀜𒋾"", -11.1101], [""𒌷𒆷𒊍𒉺"", -11.1101], [""𒈪𒋫𒀭𒉌"", -11.1101], [""ku6"", -12.0934], [""𒌷𒀀𒉿𒅈𒈾"", -12.2879], [""𒌷𒉈𒂊𒊭𒀸"", -12.2879], [""praː"", -12.5976], [""eːʃ"", -12.6683]]"
rid	𒀸𒋗𒉿	-8.4226	"[[""𒀸𒋗𒉿"", -8.4226], [""ku6"", -9.1227], [""eːʃ"", -9.7284], [""praː"", -9.7797], [""𒀀𒀝𒉌𒅖"", -9.899], [""𒌷𒄩𒀜𒋾"", -9.899], [""𒌷𒆷𒊍𒉺"", -9.899], [""𒈪𒋫𒀭𒉌"", -9.899], [""iwr̩"", -10.0769], [""ke"", -10.2251]]"
rida	𒀸𒋗𒉿	-10.6439	"[[""𒀸𒋗𒉿"", -10.6439], [""𒀀𒀝𒉌𒅖"", -11.1101], [""𒌷𒄩𒀜𒋾"", -11.1101], [""𒌷𒆷𒊍𒉺"", -11.1101], [""𒈪𒋫𒀭𒉌"", -11.1101], [""ku6"", -12.0934], [""𒌷𒀀𒉿𒅈𒈾"", -12.2879], [""𒌷𒉈𒂊𒊭𒀸"", -12.2879], [""praː"", -12.5976], [""eːʃ"", -12.6683]]"
ridau	as	-11.8879	"[[""as"", -11.8879], [""uk"", -12.9731], [""𒀀𒀝𒉌𒅖"", -13.1999], [""𒈪𒋫𒀭𒉌"", -13.1999], [""𒌷𒄩𒀜𒋾"", -13.1999], [""𒌷𒆷𒊍𒉺"", -13.1999], [""𒀸𒋗𒉿"", -13.2697], [""kut"", -13.454], [""aːsːa"", -13.6092], [""aːtar"", -13.6228]]"
ruk	as	-4.8842	"[[""as"", -4.8842], [""uk"", -5.9733], [""itut"", -7.2432], [""kut"", -7.4172], [""ais"", -7.6005], [""atːas"", -7.6191], [""asːus"", -7.6191], [""utːar"", -7.6498], [""atːaʃ"", -7.6498], [""iti"", -7.6548]]"
ruka	as	-8.3914	"[[""as"", -8.3914], [""uk"", -9.4784], [""asːus"", -10.0708], [""atːas"", -10.0708], [""atːaʃ"", -10.0814], [""utːar"", -10.0814], [""itut"", -10.4535], [""𒀸𒋗𒉿"", -10.6439], [""iti"", -10.762], [""apːa"", -10.8145]]"
rukan	as	-11.8985	"[[""as"", -11.8985], [""asːus"", -12.8921], [""atːas"", -12.8921], [""atːaʃ"", -12.8974], [""utːar"", -12.8974], [""uk"", -12.9836], [""𒌷𒄩𒀜𒋾"", -13.1999], [""𒌷𒆷𒊍𒉺"", -13.1999], [""𒈪𒋫𒀭𒉌"", -13.1999], [""𒀀𒀝𒉌𒅖"", -13.1999]]"
rukana	as	-15.4056	"[[""as"", -15.4056], [""𒀀𒀝𒉌𒅖"", -15.6764], [""𒈪𒋫𒀭𒉌"", -15.6764], [""𒌷𒆷𒊍𒉺"", -15.6764], [""𒌷𒄩𒀜𒋾"", -15.6764], [""𒌷𒉈𒂊𒊭𒀸"", -15.7621], [""𒌷𒀀𒉿𒅈𒈾"", -15.7621], [""atːas"", -15.8873], [""asːus"", -15.8873], [""atːaʃ"", -15.8905]]"
rukanas	apːa	-15.838	"[[""apːa"", -15.838], [""iti"", -16.7698], [""etsːi"", -16.7802], [""aːsːa"", -17.645], [""eːtsːi"", -17.8654], [""atːas"", -17.8767], [""asːus"", -17.8767], [""atːaʃ"", -17.8774], [""utːar"", -17.8774], [""ietsːi"", -18.0126]]"
rus	iti	-2.7558	"[[""iti"", -2.7558], [""as"", -4.8834], [""uk"", -5.2833], [""ke"", -5.2833], [""pata"", -5.2894], [""itut"", -5.9504], [""etsːi"", -6.1139], [""eʃtsi"", -6.1875], [""apːa"", -6.5781], [""ekan"", -7.0428]]"
rusa	iti	-6.2602	"[[""iti"", -6.2602], [""ku6"", -8.1236], [""as"", -8.3896], [""pata"", -8.7622], [""ke"", -8.786], [""uk"", -8.7886], [""itut"", -8.8592], [""apijaː"", -9.4339], [""ekaːn"", -9.4707], [""etsːi"", -9.5692]]"
rusai	iti	-9.7645	"[[""iti"", -9.7645], [""ku6"", -10.9514], [""as"", -11.8958], [""itut"", -11.9941], [""apijaː"", -12.037], [""ekaːn"", -12.1841], [""pata"", -12.2352], [""ke"", -12.2887], [""uk"", -12.2939], [""atːas"", -12.8254]]"
rusaid	iti	-13.2689	"[[""iti"", -13.2689], [""ku6"", -14.0565], [""apijaː"", -14.9536], [""ekaːn"", -15.1237], [""itut"", -15.2302], [""as"", -15.4021], [""𒀀𒀝𒉌𒅖"", -15.6764], [""𒌷𒄩𒀜𒋾"", -15.6764], [""𒈪𒋫𒀭𒉌"", -15.6764], [""𒌷𒆷𒊍𒉺"", -15.6764]]"
rusaida	iti	-16.7733	"[[""iti"", -16.7733], [""ku6"", -17.2769], [""apijaː"", -18.0119], [""𒌷𒀀𒉿𒅈𒈾"", -18.1288], [""𒌷𒉈𒂊𒊭𒀸"", -18.1288], [""ekaːn"", -18.1885], [""𒌷𒆷𒊍𒉺"", -18.3706], [""𒌷𒄩𒀜𒋾"", -18.3706], [""𒈪𒋫𒀭𒉌"", -18.3706], [""𒀀𒀝𒉌𒅖"", -18.3706]]"
rusaidaa	iti	-20.2776	"[[""iti"", -20.2776], [""ku6"", -20.5607], [""𒌷𒉈𒂊𒊭𒀸"", -20.7122], [""𒌷𒀀𒉿𒅈𒈾"", -20.7122], [""apijaː"", -21.1535], [""𒌷𒆷𒊍𒉺"", -21.2055], [""𒈪𒋫𒀭𒉌"", -21.2055], [""𒀀𒀝𒉌𒅖"", -21.2055], [""𒌷𒄩𒀜𒋾"", -21.2055], [""ekaːn"", -21.3332]]"
rusaidaau	itut	-20.2702	"[[""itut"", -20.2702], [""italus"", -21.7397], [""atːas"", -21.8695], [""asːus"", -21.8695], [""ekːus"", -22.4377], [""patas"", -22.6209], [""kut"", -22.7863], [""ekunas"", -22.8075], [""kursas"", -23.3423], [""palsas"", -23.3423]]"
rut	as	-4.8842	"[[""as"", -4.8842], [""uk"", -5.9733], [""itut"", -7.2432], [""kut"", -7.4172], [""ais"", -7.6005], [""atːas"", -7.6191], [""asːus"", -7.6191], [""utːar"", -7.6498], [""atːaʃ"", -7.6498], [""iti"", -7.6548]]"
rute	as	-8.3914	"[[""as"", -8.3914], [""uk"", -9.4784], [""asːus"", -10.0708], [""atːas"", -10.0708], [""atːaʃ"", -10.0814], [""utːar"", -10.0814], [""itut"", -10.4535], [""𒀸𒋗𒉿"", -10.6439], [""iti"", -10.762], [""apːa"", -10.8145]]"
rutei	as	-11.8985	"[[""as"", -11.8985], [""asːus"", -12.8921], [""atːas"", -12.8921], [""atːaʃ"", -12.8974], [""utːar"", -12.8974], [""uk"", -12.9836], [""𒌷𒄩𒀜𒋾"", -13.1999], [""𒌷𒆷𒊍𒉺"", -13.1999], [""𒈪𒋫𒀭𒉌"", -13.1999], [""𒀀𒀝𒉌𒅖"", -13.1999]]"
ruteid	as	-15.4056	"[[""as"", -15.4056], [""𒀀𒀝𒉌𒅖"", -15.6764], [""𒈪𒋫𒀭𒉌"", -15.6764], [""𒌷𒆷𒊍𒉺"", -15.6764], [""𒌷𒄩𒀜𒋾"", -15.6764], [""𒌷𒉈𒂊𒊭𒀸"", -15.7621], [""𒌷𒀀𒉿𒅈𒈾"", -15.7621], [""atːas"", -15.8873], [""asːus"", -15.8873], [""atːaʃ"", -15.8905]]"
ruteidi	𒌷𒉈𒂊𒊭𒀸	-18.1288	"[[""𒌷𒉈𒂊𒊭𒀸"", -18.1288], [""𒌷𒀀𒉿𒅈𒈾"", -18.1288], [""𒀀𒀝𒉌𒅖"", -18.3706], [""𒈪𒋫𒀭𒉌"", -18.3706], [""𒌷𒆷𒊍𒉺"", -18.3706], [""𒌷𒄩𒀜𒋾"", -18.3706], [""as"", -18.9127], [""atːas"", -18.9848], [""asːus"", -18.9848], [""atːaʃ"", -18.9869]]"
sai	𒀸𒋗𒉿	-8.4226	"[[""𒀸𒋗𒉿"", -8.4226], [""ku6"", -9.1227], [""eːʃ"", -9.7284], [""praː"", -9.7797], [""𒀀𒀝𒉌𒅖"", -9.899], [""𒌷𒄩𒀜𒋾"", -9.899], [""𒌷𒆷𒊍𒉺"", -9.899], [""𒈪𒋫𒀭𒉌"", -9.899], [""iwr̩"", -10.0769], [""ke"", -10.2251]]"
said	𒀸𒋗𒉿	-10.6439	"[[""𒀸𒋗𒉿"", -10.6439], [""𒀀𒀝𒉌𒅖"", -11.1101], [""𒌷𒄩𒀜𒋾"", -11.1101], [""𒌷𒆷𒊍𒉺"", -11.1101], [""𒈪𒋫𒀭𒉌"", -11.1101], [""ku6"", -12.0934], [""𒌷𒀀𒉿𒅈𒈾"", -12.2879], [""𒌷𒉈𒂊𒊭𒀸"", -12.2879], [""praː"", -12.5976], [""eːʃ"", -12.6683]]"
saida	𒌷𒆷𒊍𒉺	-13.1999	"[[""𒌷𒆷𒊍𒉺"", -13.1999], [""𒀀𒀝𒉌𒅖"", -13.1999], [""𒈪𒋫𒀭𒉌"", -13.1999], [""𒌷𒄩𒀜𒋾"", -13.1999], [""𒀸𒋗𒉿"", -13.2697], [""𒌷𒉈𒂊𒊭𒀸"", -13.742], [""𒌷𒀀𒉿𒅈𒈾"", -13.742], [""ku6"", -15.1857], [""praː"", -15.5914], [""eːʃ"", -15.7339]]"
saidaa	𒀀𒀝𒉌𒅖	-15.6764	"[[""𒀀𒀝𒉌𒅖"", -15.6764], [""𒈪𒋫𒀭𒉌"", -15.6764], [""𒌷𒄩𒀜𒋾"", -15.6764], [""𒌷𒆷𒊍𒉺"", -15.6764], [""𒌷𒉈𒂊𒊭𒀸"", -15.7621], [""𒌷𒀀𒉿𒅈𒈾"", -15.7621], [""𒀸𒋗𒉿"", -16.1017], [""𒋼𒊑𒀉𒋾𒌅𒌋𒉌𒅖"", -18.0751], [""ku6"", -18.3529], [""praː"", -18.6878]]"
saidaau	𒌷𒉈𒂊𒊭𒀸	-18.1288	"[[""𒌷𒉈𒂊𒊭𒀸"", -18.1288], [""𒌷𒀀𒉿𒅈𒈾"", -18.1288], [""𒌷𒆷𒊍𒉺"", -18.3706], [""𒌷𒄩𒀜𒋾"", -18.3706], [""𒈪𒋫𒀭𒉌"", -18.3706], [""𒀀𒀝𒉌𒅖"", -18.3706], [""as"", -18.8952], [""𒀸𒋗𒉿"", -19.0604], [""𒋼𒊑𒀉𒋾𒌅𒌋𒉌𒅖"", -19.6834], [""uk"", -19.9766]]"
sar	uk	-5.9672	"[[""uk"", -5.9672], [""ke"", -5.9672], [""paːi"", -7.5939], [""apːa"", -7.6737], [""pai"", -8.0028], [""kenu"", -8.3201], [""pata"", -8.3201], [""uxːi"", -8.3283], [""aːsːa"", -8.3531], [""uːxːi"", -8.3531]]"
sara	ku6	-8.7985	"[[""ku6"", -8.7985], [""ke"", -9.468], [""uk"", -9.4697], [""𒀸𒋗𒉿"", -10.6439], [""paːi"", -10.7282], [""apːa"", -10.7833], [""𒌷𒆷𒊍𒉺"", -11.1101], [""𒌷𒄩𒀜𒋾"", -11.1101], [""𒈪𒋫𒀭𒉌"", -11.1101], [""𒀀𒀝𒉌𒅖"", -11.1101]]"
saram	ku6	-11.6293	"[[""ku6"", -11.6293], [""ke"", -12.9688], [""uk"", -12.9723], [""𒀀𒀝𒉌𒅖"", -13.1999], [""𒌷𒄩𒀜𒋾"", -13.1999], [""𒌷𒆷𒊍𒉺"", -13.1999], [""𒈪𒋫𒀭𒉌"", -13.1999], [""𒀸𒋗𒉿"", -13.2697], [""𒌷𒉈𒂊𒊭𒀸"", -13.742], [""𒌷𒀀𒉿𒅈𒈾"", -13.742]]"
sarama	ku6	-14.7349	"[[""ku6"", -14.7349], [""𒀀𒀝𒉌𒅖"", -15.6764], [""𒌷𒄩𒀜𒋾"", -15.6764], [""𒈪𒋫𒀭𒉌"", -15.6764], [""𒌷𒆷𒊍𒉺"", -15.6764], [""𒌷𒀀𒉿𒅈𒈾"", -15.7621], [""𒌷𒉈𒂊𒊭𒀸"", -15.7621], [""𒀸𒋗𒉿"", -16.1017], [""iːsˤaː́"", -16.4063], [""ke"", -16.4697]]"
saraman	ku6	-17.955	"[[""ku6"", -17.955], [""𒌷𒉈𒂊𒊭𒀸"", -18.1288], [""𒌷𒀀𒉿𒅈𒈾"", -18.1288], [""𒀀𒀝𒉌𒅖"", -18.3706], [""𒌷𒆷𒊍𒉺"", -18.3706], [""𒈪𒋫𒀭𒉌"", -18.3706], [""𒌷𒄩𒀜𒋾"", -18.3706], [""𒀸𒋗𒉿"", -19.0604], [""iːsˤaː́"", -19.2074], [""𒋼𒊑𒀉𒋾𒌅𒌋𒉌𒅖"", -19.6834]]"
saramana	𒌷𒉈𒂊𒊭𒀸	-20.7122	"[[""𒌷𒉈𒂊𒊭𒀸"", -20.7122], [""𒌷𒀀𒉿𒅈𒈾"", -20.7122], [""𒀀𒀝𒉌𒅖"", -21.2055], [""𒌷𒄩𒀜𒋾"", -21.2055], [""𒈪𒋫𒀭𒉌"", -21.2055], [""𒌷𒆷𒊍𒉺"", -21.2055], [""ku6"", -21.2383], [""𒋼𒊑𒀉𒋾𒌅𒌋𒉌𒅖"", -21.435], [""𒀸𒋗𒉿"", -22.1053], [""iːsˤaː́"", -22.1689]]"
saramanad	𒋼𒊑𒀉𒋾𒌅𒌋𒉌𒅖	-23.4063	"[[""𒋼𒊑𒀉𒋾𒌅𒌋𒉌𒅖"", -23.4063], [""𒌷𒉈𒂊𒊭𒀸"", -23.4428], [""𒌷𒀀𒉿𒅈𒈾"", -23.4428], [""𒀀𒀝𒉌𒅖"", -24.139], [""𒌷𒄩𒀜𒋾"", -24.139], [""𒈪𒋫𒀭𒉌"", -24.139], [""𒌷𒆷𒊍𒉺"", -24.139], [""ku6"", -24.5618], [""𒀸𒋗𒉿"", -25.2127], [""iːsˤaː́"", -25.2186]]"
saramanada	𒋼𒊑𒀉𒋾𒌅𒌋𒉌𒅖	-25.5942	"[[""𒋼𒊑𒀉𒋾𒌅𒌋𒉌𒅖"", -25.5942], [""𒌷𒉈𒂊𒊭𒀸"", -26.2798], [""𒌷𒀀𒉿𒅈𒈾"", -26.2798], [""𒌷𒆷𒊍𒉺"", -27.1456], [""𒈪𒋫𒀭𒉌"", -27.1456], [""𒌷𒄩𒀜𒋾"", -27.1456], [""𒀀𒀝𒉌𒅖"", -27.1456], [""ku6"", -27.9132], [""iːsˤaː́"", -28.3215], [""𒀸𒋗𒉿"", -28.3678]]"
sarame	ku6	-14.7349	"[[""ku6"", -14.7349], [""𒀀𒀝𒉌𒅖"", -15.6764], [""𒌷𒄩𒀜𒋾"", -15.6764], [""𒈪𒋫𒀭𒉌"", -15.6764], [""𒌷𒆷𒊍𒉺"", -15.6764], [""𒌷𒀀𒉿𒅈𒈾"", -15.7621], [""𒌷𒉈𒂊𒊭𒀸"", -15.7621], [""𒀸𒋗𒉿"", -16.1017], [""iːsˤaː́"", -16.4063], [""ke"", -16.4697]]"
saramei	ku6	-17.955	"[[""ku6"", -17.955], [""𒌷𒉈𒂊𒊭𒀸"", -18.1288], [""𒌷𒀀𒉿𒅈𒈾"", -18.1288], [""𒀀𒀝𒉌𒅖"", -18.3706], [""𒌷𒆷𒊍𒉺"", -18.3706], [""𒈪𒋫𒀭𒉌"", -18.3706], [""𒌷𒄩𒀜𒋾"", -18.3706], [""𒀸𒋗𒉿"", -19.0604], [""iːsˤaː́"", -19.2074], [""𒋼𒊑𒀉𒋾𒌅𒌋𒉌𒅖"", -19.6834]]"
sarameit	𒌷𒉈𒂊𒊭𒀸	-20.7122	"[[""𒌷𒉈𒂊𒊭𒀸"", -20.7122], [""𒌷𒀀𒉿𒅈𒈾"", -20.7122], [""𒀀𒀝𒉌𒅖"", -21.2055], [""𒌷𒄩𒀜𒋾"", -21.2055], [""𒈪𒋫𒀭𒉌"", -21.2055], [""𒌷𒆷𒊍𒉺"", -21.2055], [""ku6"", -21.2383], [""𒋼𒊑𒀉𒋾𒌅𒌋𒉌𒅖"", -21.435], [""𒀸𒋗𒉿"", -22.1053], [""iːsˤaː́"", -22.1689]]"
sarameiti	𒋼𒊑𒀉𒋾𒌅𒌋𒉌𒅖	-23.4063	"[[""𒋼𒊑𒀉𒋾𒌅𒌋𒉌𒅖"", -23.4063], [""𒌷𒉈𒂊𒊭𒀸"", -23.4428], [""𒌷𒀀𒉿𒅈𒈾"", -23.4428], [""𒀀𒀝𒉌𒅖"", -24.139], [""𒌷𒄩𒀜𒋾"", -24.139], [""𒈪𒋫𒀭𒉌"", -24.139], [""𒌷𒆷𒊍𒉺"", -24.139], [""ku6"", -24.5618], [""𒀸𒋗𒉿"", -25.2127], [""iːsˤaː́"", -25.2186]]"
sarameu	kut	-16.4639	"[[""kut"", -16.4639], [""ais"", -16.7476], [""ekːus"", -16.939], [""kuit"", -17.8841], [""kuis"", -17.8841], [""ku6"", -17.9545], [""patas"", -17.9621], [""purut"", -18.1097], [""𒌷𒉈𒂊𒊭𒀸"", -18.1288], [""𒌷𒀀𒉿𒅈𒈾"", -18.1288]]"
sarameun	kut	-19.9708	"[[""kut"", -19.9708], [""ais"", -20.2546], [""ekːus"", -20.4265], [""𒌷𒀀𒉿𒅈𒈾"", -20.7122], [""𒌷𒉈𒂊𒊭𒀸"", -20.7122], [""𒌷𒆷𒊍𒉺"", -21.2055], [""𒀀𒀝𒉌𒅖"", -21.2055], [""𒈪𒋫𒀭𒉌"", -21.2055], [""𒌷𒄩𒀜𒋾"", -21.2055], [""ku6"", -21.2369]]"
sarameuna	𒋼𒊑𒀉𒋾𒌅𒌋𒉌𒅖	-23.4063	"[[""𒋼𒊑𒀉𒋾𒌅𒌋𒉌𒅖"", -23.4063], [""𒌷𒉈𒂊𒊭𒀸"", -23.4428], [""𒌷𒀀𒉿𒅈𒈾"", -23.4428], [""kut"", -23.4777], [""ais"", -23.7616], [""ekːus"", -23.9059], [""𒀀𒀝𒉌𒅖"", -24.139], [""𒈪𒋫𒀭𒉌"", -24.139], [""𒌷𒄩𒀜𒋾"", -24.139], [""𒌷𒆷𒊍𒉺"", -24.139]]"
sarameunak	𒋼𒊑𒀉𒋾𒌅𒌋𒉌𒅖	-25.5942	"[[""𒋼𒊑𒀉𒋾𒌅𒌋𒉌𒅖"", -25.5942], [""𒌷𒉈𒂊𒊭𒀸"", -26.2798], [""𒌷𒀀𒉿𒅈𒈾"", -26.2798], [""iːsˤaː́"", -26.4158], [""kut"", -26.9846], [""𒌷𒄩𒀜𒋾"", -27.1456], [""𒌷𒆷𒊍𒉺"", -27.1456], [""𒈪𒋫𒀭𒉌"", -27.1456], [""𒀀𒀝𒉌𒅖"", -27.1456], [""ais"", -27.2686]]"
sarameunar	aːsːa	-23.2421	"[[""aːsːa"", -23.2421], [""aːitsːi"", -24.4392], [""pata"", -24.8483], [""eːtsːi"", -24.9934], [""ietsːi"", -25.2625], [""patːaːi"", -25.3303], [""apːa"", -25.4356], [""𒋼𒊑𒀉𒋾𒌅𒌋𒉌𒅖"", -25.5942], [""patːai"", -25.7163], [""pitːai"", -25.7163]]"
sare	ku6	-8.7985	"[[""ku6"", -8.7985], [""ke"", -9.468], [""uk"", -9.4697], [""𒀸𒋗𒉿"", -10.6439], [""paːi"", -10.7282], [""apːa"", -10.7833], [""𒌷𒆷𒊍𒉺"", -11.1101], [""𒌷𒄩𒀜𒋾"", -11.1101], [""𒈪𒋫𒀭𒉌"", -11.1101], [""𒀀𒀝𒉌𒅖"", -11.1101]]"
sarej	eːʃ	-9.8679	"[[""eːʃ"", -9.8679], [""paːi"", -10.1552], [""apːa"", -10.1632], [""kaːaʃ"", -10.6573], [""pai"", -10.8234], [""kuwaːʃ"", -11.1312], [""atːaːʃ"", -11.1555], [""kuiʃ"", -11.1881], [""aʃ"", -11.2043], [""auriːʃ"", -11.4093]]"
sareja	eːʃ	-13.3737	"[[""eːʃ"", -13.3737], [""paːi"", -13.6414], [""apːa"", -13.6592], [""kaːaʃ"", -14.0898], [""ku6"", -14.235], [""pai"", -14.3204], [""kuwaːʃ"", -14.6245], [""kuiʃ"", -14.6395], [""atːaːʃ"", -14.6541], [""aʃ"", -14.711]]"
sas	uk	-5.9672	"[[""uk"", -5.9672], [""ke"", -5.9672], [""paːi"", -7.5939], [""apːa"", -7.6737], [""pai"", -8.0028], [""kenu"", -8.3201], [""pata"", -8.3201], [""uxːi"", -8.3283], [""aːsːa"", -8.3531], [""uːxːi"", -8.3531]]"
sasa	ku6	-8.7985	"[[""ku6"", -8.7985], [""ke"", -9.468], [""uk"", -9.4697], [""𒀸𒋗𒉿"", -10.6439], [""paːi"", -10.7282], [""apːa"", -10.7833], [""𒌷𒆷𒊍𒉺"", -11.1101], [""𒌷𒄩𒀜𒋾"", -11.1101], [""𒈪𒋫𒀭𒉌"", -11.1101], [""𒀀𒀝𒉌𒅖"", -11.1101]]"
sasar	paːi	-10.1552	"[[""paːi"", -10.1552], [""apːa"", -10.1596], [""pai"", -10.8229], [""ku6"", -11.6133], [""ke"", -11.8914], [""uk"", -11.8914], [""paraːi"", -12.4878], [""patːaːi"", -12.7818], [""parai"", -12.8734], [""ammuːk"", -12.9204]]"
sasara	paːi	-13.6414	"[[""paːi"", -13.6414], [""apːa"", -13.6457], [""ku6"", -14.2336], [""pai"", -14.3196], [""ke"", -15.3959], [""uk"", -15.3968], [""𒈪𒋫𒀭𒉌"", -15.6764], [""𒌷𒆷𒊍𒉺"", -15.6764], [""𒌷𒄩𒀜𒋾"", -15.6764], [""𒀀𒀝𒉌𒅖"", -15.6764]]"
sasaram	paːi	-17.1184	"[[""paːi"", -17.1184], [""apːa"", -17.1226], [""ku6"", -17.2776], [""pai"", -17.8163], [""𒌷𒀀𒉿𒅈𒈾"", -18.1288], [""𒌷𒉈𒂊𒊭𒀸"", -18.1288], [""iːsˤaː́"", -18.2432], [""𒀀𒀝𒉌𒅖"", -18.3706], [""𒈪𒋫𒀭𒉌"", -18.3706], [""𒌷𒆷𒊍𒉺"", -18.3706]]"
sasarama	ku6	-20.469	"[[""ku6"", -20.469], [""paːi"", -20.5872], [""apːa"", -20.5913], [""𒌷𒉈𒂊𒊭𒀸"", -20.7122], [""𒌷𒀀𒉿𒅈𒈾"", -20.7122], [""iːsˤaː́"", -20.8605], [""𒌷𒄩𒀜𒋾"", -21.2055], [""𒀀𒀝𒉌𒅖"", -21.2055], [""𒈪𒋫𒀭𒉌"", -21.2055], [""𒌷𒆷𒊍𒉺"", -21.2055]]"
sasaraman	𒋼𒊑𒀉𒋾𒌅𒌋𒉌𒅖	-23.4063	"[[""𒋼𒊑𒀉𒋾𒌅𒌋𒉌𒅖"", -23.4063], [""𒌷𒉈𒂊𒊭𒀸"", -23.4428], [""𒌷𒀀𒉿𒅈𒈾"", -23.4428], [""ku6"", -23.7361], [""iːsˤaː́"", -23.7442], [""paːi"", -24.0487], [""apːa"", -24.0527], [""𒌷𒆷𒊍𒉺"", -24.139], [""𒌷𒄩𒀜𒋾"", -24.139], [""𒈪𒋫𒀭𒉌"", -24.139]]"
sasaramana	𒋼𒊑𒀉𒋾𒌅𒌋𒉌𒅖	-25.5942	"[[""𒋼𒊑𒀉𒋾𒌅𒌋𒉌𒅖"", -25.5942], [""𒌷𒉈𒂊𒊭𒀸"", -26.2798], [""𒌷𒀀𒉿𒅈𒈾"", -26.2798], [""iːsˤaː́"", -26.7694], [""ku6"", -27.0496], [""𒌷𒄩𒀜𒋾"", -27.1456], [""𒀀𒀝𒉌𒅖"", -27.1456], [""𒌷𒆷𒊍𒉺"", -27.1456], [""𒈪𒋫𒀭𒉌"", -27.1456], [""paːi"", -27.5038]]"
sasarame	ku6	-20.469	"[[""ku6"", -20.469], [""paːi"", -20.5872], [""apːa"", -20.5913], [""𒌷𒉈𒂊𒊭𒀸"", -20.7122], [""𒌷𒀀𒉿𒅈𒈾"", -20.7122], [""iːsˤaː́"", -20.8605], [""𒌷𒄩𒀜𒋾"", -21.2055], [""𒀀𒀝𒉌𒅖"", -21.2055], [""𒈪𒋫𒀭𒉌"", -21.2055], [""𒌷𒆷𒊍𒉺"", -21.2055]]"
sasaramei	𒋼𒊑𒀉𒋾𒌅𒌋𒉌𒅖	-23.4063	"[[""𒋼𒊑𒀉𒋾𒌅𒌋𒉌𒅖"", -23.4063], [""𒌷𒉈𒂊𒊭𒀸"", -23.4428], [""𒌷𒀀𒉿𒅈𒈾"", -23.4428], [""ku6"", -23.7361], [""iːsˤaː́"", -23.7442], [""paːi"", -24.0487], [""apːa"", -24.0527], [""𒌷𒆷𒊍𒉺"", -24.139], [""𒌷𒄩𒀜𒋾"", -24.139], [""𒈪𒋫𒀭𒉌"", -24.139]]"
sasarameit	𒋼𒊑𒀉𒋾𒌅𒌋𒉌𒅖	-25.5942	"[[""𒋼𒊑𒀉𒋾𒌅𒌋𒉌𒅖"", -25.5942], [""𒌷𒉈𒂊𒊭𒀸"", -26.2798], [""𒌷𒀀𒉿𒅈𒈾"", -26.2798], [""iːsˤaː́"", -26.7694], [""ku6"", -27.0496], [""𒌷𒄩𒀜𒋾"", -27.1456], [""𒀀𒀝𒉌𒅖"", -27.1456], [""𒌷𒆷𒊍𒉺"", -27.1456], [""𒈪𒋫𒀭𒉌"", -27.1456], [""paːi"", -27.5038]]"
sasarameu	ekːus	-20.5832	"[[""ekːus"", -20.5832], [""pekːus"", -21.3057], [""kuis"", -21.307], [""kuit"", -21.307], [""kut"", -22.3991], [""ais"", -22.6839], [""ekunas"", -22.9352], [""pankus"", -23.1199], [""patas"", -23.2387], [""purut"", -23.3124]]"
sasarameun	ekːus	-24.0885	"[[""ekːus"", -24.0885], [""pekːus"", -24.7946], [""kuit"", -24.8139], [""kuis"", -24.8139], [""𒋼𒊑𒀉𒋾𒌅𒌋𒉌𒅖"", -25.5942], [""kut"", -25.9062], [""ais"", -26.191], [""𒌷𒉈𒂊𒊭𒀸"", -26.2798], [""𒌷𒀀𒉿𒅈𒈾"", -26.2798], [""ekunas"", -26.4409]]"
sau	as	-4.8807	"[[""as"", -4.8807], [""uk"", -5.9698], [""kut"", -6.9915], [""ais"", -7.1904], [""itut"", -7.2386], [""kuit"", -7.3286], [""kuis"", -7.3286], [""aːsːa"", -7.6941], [""aːtar"", -7.6991], [""xus"", -8.1671]]"
saun	as	-8.3878	"[[""as"", -8.3878], [""uk"", -9.4749], [""aːsːa"", -9.8642], [""itut"", -10.4563], [""kut"", -10.4781], [""aːtar"", -10.4985], [""𒀸𒋗𒉿"", -10.6439], [""ais"", -10.688], [""kuit"", -10.8311], [""kuis"", -10.8311]]"
sauna	as	-11.8949	"[[""as"", -11.8949], [""aːsːa"", -12.5766], [""iːsˤaː́"", -12.5906], [""uk"", -12.9801], [""𒌷𒄩𒀜𒋾"", -13.1999], [""𒀀𒀝𒉌𒅖"", -13.1999], [""𒈪𒋫𒀭𒉌"", -13.1999], [""𒌷𒆷𒊍𒉺"", -13.1999], [""𒀸𒋗𒉿"", -13.2697], [""atːas"", -13.5412]]"
saunak	iːsˤaː́	-14.5948	"[[""iːsˤaː́"", -14.5948], [""as"", -15.4021], [""aːsːa"", -15.5162], [""𒀀𒀝𒉌𒅖"", -15.6764], [""𒌷𒄩𒀜𒋾"", -15.6764], [""𒈪𒋫𒀭𒉌"", -15.6764], [""𒌷𒆷𒊍𒉺"", -15.6764], [""𒌷𒀀𒉿𒅈𒈾"", -15.7621], [""𒌷𒉈𒂊𒊭𒀸"", -15.7621], [""𒀸𒋗𒉿"", -16.1017]]"
saunaka	iːsˤaː́	-17.0443	"[[""iːsˤaː́"", -17.0443], [""𒌷𒉈𒂊𒊭𒀸"", -18.1288], [""𒌷𒀀𒉿𒅈𒈾"", -18.1288], [""𒀀𒀝𒉌𒅖"", -18.3706], [""𒈪𒋫𒀭𒉌"", -18.3706], [""𒌷𒄩𒀜𒋾"", -18.3706], [""𒌷𒆷𒊍𒉺"", -18.3706], [""aːsːa"", -18.5815], [""as"", -18.9092], [""𒀸𒋗𒉿"", -19.0604]]"
saunakan	iːsˤaː́	-19.7268	"[[""iːsˤaː́"", -19.7268], [""𒌷𒀀𒉿𒅈𒈾"", -20.7122], [""𒌷𒉈𒂊𒊭𒀸"", -20.7122], [""𒀀𒀝𒉌𒅖"", -21.2055], [""𒈪𒋫𒀭𒉌"", -21.2055], [""𒌷𒄩𒀜𒋾"", -21.2055], [""𒌷𒆷𒊍𒉺"", -21.2055], [""𒋼𒊑𒀉𒋾𒌅𒌋𒉌𒅖"", -21.435], [""aːsːa"", -21.7266], [""𒀸𒋗𒉿"", -22.1053]]"
saunakana	iːsˤaː́	-22.5553	"[[""iːsˤaː́"", -22.5553], [""𒋼𒊑𒀉𒋾𒌅𒌋𒉌𒅖"", -23.4063], [""𒌷𒀀𒉿𒅈𒈾"", -23.4428], [""𒌷𒉈𒂊𒊭𒀸"", -23.4428], [""𒀀𒀝𒉌𒅖"", -24.139], [""𒈪𒋫𒀭𒉌"", -24.139], [""𒌷𒄩𒀜𒋾"", -24.139], [""𒌷𒆷𒊍𒉺"", -24.139], [""aːsːa"", -24.9269], [""𒀸𒋗𒉿"", -25.2127]]"
sek	𒀸𒋗𒉿	-8.4226	"[[""𒀸𒋗𒉿"", -8.4226], [""ku6"", -9.1227], [""eːʃ"", -9.7284], [""praː"", -9.7797], [""𒀀𒀝𒉌𒅖"", -9.899], [""𒌷𒄩𒀜𒋾"", -9.899], [""𒌷𒆷𒊍𒉺"", -9.899], [""𒈪𒋫𒀭𒉌"", -9.899], [""iwr̩"", -10.0769], [""ke"", -10.2251]]"
seka	𒀸𒋗𒉿	-10.6439	"[[""𒀸𒋗𒉿"", -10.6439], [""𒀀𒀝𒉌𒅖"", -11.1101], [""𒌷𒄩𒀜𒋾"", -11.1101], [""𒌷𒆷𒊍𒉺"", -11.1101], [""𒈪𒋫𒀭𒉌"", -11.1101], [""ku6"", -12.0934], [""𒌷𒀀𒉿𒅈𒈾"", -12.2879], [""𒌷𒉈𒂊𒊭𒀸"", -12.2879], [""praː"", -12.5976], [""eːʃ"", -12.6683]]"
sekan	𒌷𒆷𒊍𒉺	-13.1999	"[[""𒌷𒆷𒊍𒉺"", -13.1999], [""𒀀𒀝𒉌𒅖"", -13.1999], [""𒈪𒋫𒀭𒉌"", -13.1999], [""𒌷𒄩𒀜𒋾"", -13.1999], [""𒀸𒋗𒉿"", -13.2697], [""𒌷𒉈𒂊𒊭𒀸"", -13.742], [""𒌷𒀀𒉿𒅈𒈾"", -13.742], [""ku6"", -15.1857], [""praː"", -15.5914], [""eːʃ"", -15.7339]]"
sekana	𒀀𒀝𒉌𒅖	-15.6764	"[[""𒀀𒀝𒉌𒅖"", -15.6764], [""𒈪𒋫𒀭𒉌"", -15.6764], [""𒌷𒄩𒀜𒋾"", -15.6764], [""𒌷𒆷𒊍𒉺"", -15.6764], [""𒌷𒉈𒂊𒊭𒀸"", -15.7621], [""𒌷𒀀𒉿𒅈𒈾"", -15.7621], [""𒀸𒋗𒉿"", -16.1017], [""𒋼𒊑𒀉𒋾𒌅𒌋𒉌𒅖"", -18.0751], [""ku6"", -18.3529], [""praː"", -18.6878]]"
sekanas	𒌷𒉈𒂊𒊭𒀸	-18.1288	"[[""𒌷𒉈𒂊𒊭𒀸"", -18.1288], [""𒌷𒀀𒉿𒅈𒈾"", -18.1288], [""𒈪𒋫𒀭𒉌"", -18.3706], [""𒌷𒆷𒊍𒉺"", -18.3706], [""𒌷𒄩𒀜𒋾"", -18.3706], [""𒀀𒀝𒉌𒅖"", -18.3706], [""aːsːa"", -18.9251], [""uːxːi"", -18.9251], [""𒀸𒋗𒉿"", -19.0604], [""eːtsːi"", -19.3912]]"
sekanasi	𒌷𒉈𒂊𒊭𒀸	-20.7122	"[[""𒌷𒉈𒂊𒊭𒀸"", -20.7122], [""𒌷𒀀𒉿𒅈𒈾"", -20.7122], [""𒀀𒀝𒉌𒅖"", -21.2055], [""𒌷𒄩𒀜𒋾"", -21.2055], [""𒌷𒆷𒊍𒉺"", -21.2055], [""𒈪𒋫𒀭𒉌"", -21.2055], [""𒋼𒊑𒀉𒋾𒌅𒌋𒉌𒅖"", -21.435], [""𒀸𒋗𒉿"", -22.1053], [""uːxːi"", -22.423], [""aːsːa"", -22.423]]"
sekanasis	𒋼𒊑𒀉𒋾𒌅𒌋𒉌𒅖	-23.4063	"[[""𒋼𒊑𒀉𒋾𒌅𒌋𒉌𒅖"", -23.4063], [""𒌷𒉈𒂊𒊭𒀸"", -23.4428], [""𒌷𒀀𒉿𒅈𒈾"", -23.4428], [""paːi"", -24.0265], [""apːa"", -24.0503], [""𒀀𒀝𒉌𒅖"", -24.139], [""𒌷𒆷𒊍𒉺"", -24.139], [""𒈪𒋫𒀭𒉌"", -24.139], [""𒌷𒄩𒀜𒋾"", -24.139], [""patːaːi"", -24.21]]"
sekanasisi	𒋼𒊑𒀉𒋾𒌅𒌋𒉌𒅖	-25.5942	"[[""𒋼𒊑𒀉𒋾𒌅𒌋𒉌𒅖"", -25.5942], [""𒌷𒉈𒂊𒊭𒀸"", -26.2798], [""𒌷𒀀𒉿𒅈𒈾"", -26.2798], [""iːsˤaː́"", -26.9673], [""𒀀𒀝𒉌𒅖"", -27.1456], [""𒌷𒄩𒀜𒋾"", -27.1456], [""𒈪𒋫𒀭𒉌"", -27.1456], [""𒌷𒆷𒊍𒉺"", -27.1456], [""paːi"", -27.5153], [""apːa"", -27.5387]]"
ser	uk	-5.9672	"[[""uk"", -5.9672], [""ke"", -5.9672], [""paːi"", -7.5939], [""apːa"", -7.6737], [""pai"", -8.0028], [""kenu"", -8.3201], [""pata"", -8.3201], [""uxːi"", -8.3283], [""aːsːa"", -8.3531], [""uːxːi"", -8.3531]]"
sera	ku6	-8.7985	"[[""ku6"", -8.7985], [""ke"", -9.468], [""uk"", -9.4697], [""𒀸𒋗𒉿"", -10.6439], [""paːi"", -10.7282], [""apːa"", -10.7833], [""𒌷𒆷𒊍𒉺"", -11.1101], [""𒌷𒄩𒀜𒋾"", -11.1101], [""𒈪𒋫𒀭𒉌"", -11.1101], [""𒀀𒀝𒉌𒅖"", -11.1101]]"
serat	ku6	-11.6293	"[[""ku6"", -11.6293], [""ke"", -12.9688], [""uk"", -12.9723], [""𒀀𒀝𒉌𒅖"", -13.1999], [""𒌷𒄩𒀜𒋾"", -13.1999], [""𒌷𒆷𒊍𒉺"", -13.1999], [""𒈪𒋫𒀭𒉌"", -13.1999], [""𒀸𒋗𒉿"", -13.2697], [""𒌷𒉈𒂊𒊭𒀸"", -13.742], [""𒌷𒀀𒉿𒅈𒈾"", -13.742]]"
serate	ku6	-14.7349	"[[""ku6"", -14.7349], [""𒀀𒀝𒉌𒅖"", -15.6764], [""𒌷𒄩𒀜𒋾"", -15.6764], [""𒈪𒋫𒀭𒉌"", -15.6764], [""𒌷𒆷𒊍𒉺"", -15.6764], [""𒌷𒀀𒉿𒅈𒈾"", -15.7621], [""𒌷𒉈𒂊𒊭𒀸"", -15.7621], [""𒀸𒋗𒉿"", -16.1017], [""iːsˤaː́"", -16.4063], [""ke"", -16.4697]]"
set	𒀸𒋗𒉿	-8.4226	"[[""𒀸𒋗𒉿"", -8.4226], [""ku6"", -9.1227], [""eːʃ"", -9.7284], [""praː"", -9.7797], [""𒀀𒀝𒉌𒅖"", -9.899], [""𒌷𒄩𒀜𒋾"", -9.899], [""𒌷𒆷𒊍𒉺"", -9.899], [""𒈪𒋫𒀭𒉌"", -9.899], [""iwr̩"", -10.0769], [""ke"", -10.2251]]"
seto	im	-8.3834	"[[""im"", -8.3834], [""peːr"", -9.0978], [""ke"", -9.4723], [""ekaːn"", -9.9955], [""aleːl"", -10.0405], [""aːtar"", -10.0599], [""ker"", -10.134], [""uul"", -10.339], [""paːi"", -10.4126], [""alel"", -10.4388]]"
setoi	im	-11.8897	"[[""im"", -11.8897], [""ku6"", -12.2921], [""peːr"", -12.546], [""ke"", -12.9766], [""iwr̩"", -13.0034], [""𒌷𒆷𒊍𒉺"", -13.1999], [""𒀀𒀝𒉌𒅖"", -13.1999], [""𒌷𒄩𒀜𒋾"", -13.1999], [""𒈪𒋫𒀭𒉌"", -13.1999], [""𒀸𒋗𒉿"", -13.2697]]"
setoij	eːʃ	-13.1525	"[[""eːʃ"", -13.1525], [""ara"", -13.2612], [""uru"", -13.2612], [""araːʃ"", -13.5293], [""paːi"", -13.6396], [""kaːaʃ"", -13.6697], [""atːaːʃ"", -13.8543], [""arxaʃ"", -14.0207], [""kuwaːʃ"", -14.1256], [""annaʃ"", -14.2451]]"
setoija	praː	-15.8132	"[[""praː"", -15.8132], [""eːʃ"", -16.6586], [""uru"", -16.7655], [""ara"", -16.7655], [""araːʃ"", -16.9275], [""paːi"", -17.131], [""kaːaʃ"", -17.1337], [""arxaʃ"", -17.2869], [""atːaːʃ"", -17.3551], [""kuwaːʃ"", -17.5925]]"
sii	𒀸𒋗𒉿	-8.4226	"[[""𒀸𒋗𒉿"", -8.4226], [""ku6"", -9.1227], [""eːʃ"", -9.7284], [""praː"", -9.7797], [""𒀀𒀝𒉌𒅖"", -9.899], [""𒌷𒄩𒀜𒋾"", -9.899], [""𒌷𒆷𒊍𒉺"", -9.899], [""𒈪𒋫𒀭𒉌"", -9.899], [""iwr̩"", -10.0769], [""ke"", -10.2251]]"
siip	𒀸𒋗𒉿	-10.6439	"[[""𒀸𒋗𒉿"", -10.6439], [""𒀀𒀝𒉌𒅖"", -11.1101], [""𒌷𒄩𒀜𒋾"", -11.1101], [""𒌷𒆷𒊍𒉺"", -11.1101], [""𒈪𒋫𒀭𒉌"", -11.1101], [""ku6"", -12.0934], [""𒌷𒀀𒉿𒅈𒈾"", -12.2879], [""𒌷𒉈𒂊𒊭𒀸"", -12.2879], [""praː"", -12.5976], [""eːʃ"", -12.6683]]"
siipi	𒌷𒆷𒊍𒉺	-13.1999	"[[""𒌷𒆷𒊍𒉺"", -13.1999], [""𒀀𒀝𒉌𒅖"", -13.1999], [""𒈪𒋫𒀭𒉌"", -13.1999], [""𒌷𒄩𒀜𒋾"", -13.1999], [""𒀸𒋗𒉿"", -13.2697], [""𒌷𒉈𒂊𒊭𒀸"", -13.742], [""𒌷𒀀𒉿𒅈𒈾"", -13.742], [""ku6"", -15.1857], [""praː"", -15.5914], [""eːʃ"", -15.7339]]"
siipin	𒀀𒀝𒉌𒅖	-15.6764	"[[""𒀀𒀝𒉌𒅖"", -15.6764], [""𒈪𒋫𒀭𒉌"", -15.6764], [""𒌷𒄩𒀜𒋾"", -15.6764], [""𒌷𒆷𒊍𒉺"", -15.6764], [""𒌷𒉈𒂊𒊭𒀸"", -15.7621], [""𒌷𒀀𒉿𒅈𒈾"", -15.7621], [""𒀸𒋗𒉿"", -16.1017], [""𒋼𒊑𒀉𒋾𒌅𒌋𒉌𒅖"", -18.0751], [""ku6"", -18.3529], [""praː"", -18.6878]]"
siipina	𒌷𒉈𒂊𒊭𒀸	-18.1288	"[[""𒌷𒉈𒂊𒊭𒀸"", -18.1288], [""𒌷𒀀𒉿𒅈𒈾"", -18.1288], [""𒀀𒀝𒉌𒅖"", -18.3706], [""𒈪𒋫𒀭𒉌"", -18.3706], [""𒌷𒄩𒀜𒋾"", -18.3706], [""𒌷𒆷𒊍𒉺"", -18.3706], [""𒀸𒋗𒉿"", -19.0604], [""𒋼𒊑𒀉𒋾𒌅𒌋𒉌𒅖"", -19.6834], [""iːsˤaː́"", -21.5014], [""ku6"", -21.5713]]"
siipinam	𒌷𒉈𒂊𒊭𒀸	-20.7122	"[[""𒌷𒉈𒂊𒊭𒀸"", -20.7122], [""𒌷𒀀𒉿𒅈𒈾"", -20.7122], [""𒀀𒀝𒉌𒅖"", -21.2055], [""𒈪𒋫𒀭𒉌"", -21.2055], [""𒌷𒄩𒀜𒋾"", -21.2055], [""𒌷𒆷𒊍𒉺"", -21.2055], [""𒋼𒊑𒀉𒋾𒌅𒌋𒉌𒅖"", -21.435], [""𒀸𒋗𒉿"", -22.1053], [""iːsˤaː́"", -24.222], [""ku6"", -24.8273]]"
siipinama	𒋼𒊑𒀉𒋾𒌅𒌋𒉌𒅖	-23.4063	"[[""𒋼𒊑𒀉𒋾𒌅𒌋𒉌𒅖"", -23.4063], [""𒌷𒉈𒂊𒊭𒀸"", -23.4428], [""𒌷𒀀𒉿𒅈𒈾"", -23.4428], [""𒀀𒀝𒉌𒅖"", -24.139], [""𒈪𒋫𒀭𒉌"", -24.139], [""𒌷𒄩𒀜𒋾"", -24.139], [""𒌷𒆷𒊍𒉺"", -24.139], [""𒀸𒋗𒉿"", -25.2127], [""iːsˤaː́"", -27.0379], [""ku6"", -28.112]]"
siipinamai	𒋼𒊑𒀉𒋾𒌅𒌋𒉌𒅖	-25.5942	"[[""𒋼𒊑𒀉𒋾𒌅𒌋𒉌𒅖"", -25.5942], [""𒌷𒀀𒉿𒅈𒈾"", -26.2798], [""𒌷𒉈𒂊𒊭𒀸"", -26.2798], [""𒀀𒀝𒉌𒅖"", -27.1456], [""𒈪𒋫𒀭𒉌"", -27.1456], [""𒌷𒆷𒊍𒉺"", -27.1456], [""𒌷𒄩𒀜𒋾"", -27.1456], [""𒀸𒋗𒉿"", -28.3678], [""iːsˤaː́"", -29.9279], [""ku6"", -31.4194]]"
sir	uk	-5.9672	"[[""uk"", -5.9672], [""ke"", -5.9672], [""paːi"", -7.5939], [""apːa"", -7.6737], [""pai"", -8.0028], [""kenu"", -8.3201], [""pata"", -8.3201], [""uxːi"", -8.3283], [""aːsːa"", -8.3531], [""uːxːi"", -8.3531]]"
sira	ku6	-8.7985	"[[""ku6"", -8.7985], [""ke"", -9.468], [""uk"", -9.4697], [""𒀸𒋗𒉿"", -10.6439], [""paːi"", -10.7282], [""apːa"", -10.7833], [""𒌷𒆷𒊍𒉺"", -11.1101], [""𒌷𒄩𒀜𒋾"", -11.1101], [""𒈪𒋫𒀭𒉌"", -11.1101], [""𒀀𒀝𒉌𒅖"", -11.1101]]"
siru	kut	-5.9646	"[[""kut"", -5.9646], [""ais"", -6.2486], [""ekːus"", -7.6608], [""as"", -7.6993], [""kuit"", -7.9869], [""kuis"", -7.9869], [""patas"", -8.0365], [""purut"", -8.3167], [""atːas"", -8.3222], [""asːus"", -8.3222]]"
sirut	kut	-9.4715	"[[""kut"", -9.4715], [""ais"", -9.7556], [""ekːus"", -11.1294], [""as"", -11.2065], [""patas"", -11.3187], [""kuis"", -11.4867], [""kuit"", -11.4867], [""ku6"", -11.6257], [""atːas"", -11.7215], [""asːus"", -11.7215]]"
sirute	kut	-12.9784	"[[""kut"", -12.9784], [""ais"", -13.2626], [""ekːus"", -14.5723], [""patas"", -14.6376], [""pitːai"", -14.6659], [""patːai"", -14.6659], [""kesːar"", -14.6667], [""patːar"", -14.6667], [""as"", -14.7137], [""ku6"", -14.7296]]"
sirutei	kut	-16.4853	"[[""kut"", -16.4853], [""ais"", -16.7696], [""iːsˤaː́"", -17.2689], [""pitːai"", -17.483], [""patːai"", -17.483], [""patːar"", -17.4834], [""kesːar"", -17.4834], [""ku6"", -17.948], [""patas"", -17.9824], [""ekːus"", -17.9936]]"
siruteid	iːsˤaː́	-19.7761	"[[""iːsˤaː́"", -19.7761], [""kut"", -19.9922], [""ais"", -20.2766], [""patːai"", -20.4766], [""pitːai"", -20.4766], [""kesːar"", -20.4768], [""patːar"", -20.4768], [""𒌷𒉈𒂊𒊭𒀸"", -20.7122], [""𒌷𒀀𒉿𒅈𒈾"", -20.7122], [""𒌷𒄩𒀜𒋾"", -21.2055]]"
siruteidi	iːsˤaː́	-22.4867	"[[""iːsˤaː́"", -22.4867], [""𒋼𒊑𒀉𒋾𒌅𒌋𒉌𒅖"", -23.4063], [""𒌷𒉈𒂊𒊭𒀸"", -23.4428], [""𒌷𒀀𒉿𒅈𒈾"", -23.4428], [""kut"", -23.499], [""pitːai"", -23.5732], [""patːai"", -23.5732], [""kesːar"", -23.5733], [""patːar"", -23.5733], [""ais"", -23.7836]]"
sis	uk	-5.9672	"[[""uk"", -5.9672], [""ke"", -5.9672], [""paːi"", -7.5939], [""apːa"", -7.6737], [""pai"", -8.0028], [""kenu"", -8.3201], [""pata"", -8.3201], [""uxːi"", -8.3283], [""aːsːa"", -8.3531], [""uːxːi"", -8.3531]]"
sisi	ku6	-8.7985	"[[""ku6"", -8.7985], [""ke"", -9.468], [""uk"", -9.4697], [""𒀸𒋗𒉿"", -10.6439], [""paːi"", -10.7282], [""apːa"", -10.7833], [""𒌷𒆷𒊍𒉺"", -11.1101], [""𒌷𒄩𒀜𒋾"", -11.1101], [""𒈪𒋫𒀭𒉌"", -11.1101], [""𒀀𒀝𒉌𒅖"", -11.1101]]"
sisir	paːi	-10.1552	"[[""paːi"", -10.1552], [""apːa"", -10.1596], [""pai"", -10.8229], [""ku6"", -11.6133], [""ke"", -11.8914], [""uk"", -11.8914], [""paraːi"", -12.4878], [""patːaːi"", -12.7818], [""parai"", -12.8734], [""ammuːk"", -12.9204]]"
tai	𒀸𒋗𒉿	-8.4226	"[[""𒀸𒋗𒉿"", -8.4226], [""𒀀𒀝𒉌𒅖"", -9.899], [""𒌷𒄩𒀜𒋾"", -9.899], [""𒈪𒋫𒀭𒉌"", -9.899], [""𒌷𒆷𒊍𒉺"", -9.899], [""𒌷𒉈𒂊𒊭𒀸"", -10.7315], [""𒌷𒀀𒉿𒅈𒈾"", -10.7315], [""ku6"", -12.1474], [""aʃ"", -12.8387], [""wa"", -12.8387]]"
taiΘ	𒀸𒋗𒉿	-10.6439	"[[""𒀸𒋗𒉿"", -10.6439], [""𒀀𒀝𒉌𒅖"", -11.1101], [""𒌷𒆷𒊍𒉺"", -11.1101], [""𒈪𒋫𒀭𒉌"", -11.1101], [""𒌷𒄩𒀜𒋾"", -11.1101], [""𒌷𒀀𒉿𒅈𒈾"", -12.2879], [""𒌷𒉈𒂊𒊭𒀸"", -12.2879], [""ku6"", -14.9765], [""𒋼𒊑𒀉𒋾𒌅𒌋𒉌𒅖"", -15.6251], [""lu"", -16.0479]]"
taiΘu	𒀀𒀝𒉌𒅖	-13.1999	"[[""𒀀𒀝𒉌𒅖"", -13.1999], [""𒈪𒋫𒀭𒉌"", -13.1999], [""𒌷𒆷𒊍𒉺"", -13.1999], [""𒌷𒄩𒀜𒋾"", -13.1999], [""𒀸𒋗𒉿"", -13.2697], [""𒌷𒉈𒂊𒊭𒀸"", -13.742], [""𒌷𒀀𒉿𒅈𒈾"", -13.742], [""as"", -15.898], [""kut"", -15.9667], [""ais"", -16.0405]]"
taiΘuj	𒌷𒆷𒊍𒉺	-15.6764	"[[""𒌷𒆷𒊍𒉺"", -15.6764], [""𒀀𒀝𒉌𒅖"", -15.6764], [""𒌷𒄩𒀜𒋾"", -15.6764], [""𒈪𒋫𒀭𒉌"", -15.6764], [""𒌷𒀀𒉿𒅈𒈾"", -15.7621], [""𒌷𒉈𒂊𒊭𒀸"", -15.7621], [""𒀸𒋗𒉿"", -16.1017], [""ke"", -16.4922], [""iti"", -17.2704], [""pata"", -17.2751]]"
taiΘuja	𒌷𒉈𒂊𒊭𒀸	-18.1288	"[[""𒌷𒉈𒂊𒊭𒀸"", -18.1288], [""𒌷𒀀𒉿𒅈𒈾"", -18.1288], [""𒌷𒄩𒀜𒋾"", -18.3706], [""𒈪𒋫𒀭𒉌"", -18.3706], [""𒌷𒆷𒊍𒉺"", -18.3706], [""𒀀𒀝𒉌𒅖"", -18.3706], [""𒀸𒋗𒉿"", -19.0604], [""ku6"", -19.3366], [""𒋼𒊑𒀉𒋾𒌅𒌋𒉌𒅖"", -19.6834], [""ke"", -19.9964]]"
taiΘw	𒌷𒆷𒊍𒉺	-13.1999	"[[""𒌷𒆷𒊍𒉺"", -13.1999], [""𒀀𒀝𒉌𒅖"", -13.1999], [""𒌷𒄩𒀜𒋾"", -13.1999], [""𒈪𒋫𒀭𒉌"", -13.1999], [""𒀸𒋗𒉿"", -13.2697], [""𒌷𒀀𒉿𒅈𒈾"", -13.742], [""𒌷𒉈𒂊𒊭𒀸"", -13.742], [""𒋼𒊑𒀉𒋾𒌅𒌋𒉌𒅖"", -16.8346], [""ku6"", -17.9765], [""ke"", -19.3208]]"
taiΘwa	𒀀𒀝𒉌𒅖	-15.6764	"[[""𒀀𒀝𒉌𒅖"", -15.6764], [""𒌷𒄩𒀜𒋾"", -15.6764], [""𒈪𒋫𒀭𒉌"", -15.6764], [""𒌷𒆷𒊍𒉺"", -15.6764], [""𒌷𒀀𒉿𒅈𒈾"", -15.7621], [""𒌷𒉈𒂊𒊭𒀸"", -15.7621], [""𒀸𒋗𒉿"", -16.1017], [""𒋼𒊑𒀉𒋾𒌅𒌋𒉌𒅖"", -18.0751], [""ku6"", -21.0773], [""lu"", -22.6343]]"
taiΘwae	𒌷𒀀𒉿𒅈𒈾	-18.1288	"[[""𒌷𒀀𒉿𒅈𒈾"", -18.1288], [""𒌷𒉈𒂊𒊭𒀸"", -18.1288], [""𒌷𒄩𒀜𒋾"", -18.3706], [""𒀀𒀝𒉌𒅖"", -18.3706], [""𒌷𒆷𒊍𒉺"", -18.3706], [""𒈪𒋫𒀭𒉌"", -18.3706], [""𒀸𒋗𒉿"", -19.0604], [""𒋼𒊑𒀉𒋾𒌅𒌋𒉌𒅖"", -19.6834], [""ku6"", -24.2448], [""iːsˤaː́"", -25.6984]]"
taiΘwaea	𒌷𒀀𒉿𒅈𒈾	-20.7122	"[[""𒌷𒀀𒉿𒅈𒈾"", -20.7122], [""𒌷𒉈𒂊𒊭𒀸"", -20.7122], [""𒀀𒀝𒉌𒅖"", -21.2055], [""𒌷𒄩𒀜𒋾"", -21.2055], [""𒈪𒋫𒀭𒉌"", -21.2055], [""𒌷𒆷𒊍𒉺"", -21.2055], [""𒋼𒊑𒀉𒋾𒌅𒌋𒉌𒅖"", -21.435], [""𒀸𒋗𒉿"", -22.1053], [""ku6"", -27.4599], [""iːsˤaː́"", -28.4239]]"
taiΘwaead	𒋼𒊑𒀉𒋾𒌅𒌋𒉌𒅖	-23.4063	"[[""𒋼𒊑𒀉𒋾𒌅𒌋𒉌𒅖"", -23.4063], [""𒌷𒉈𒂊𒊭𒀸"", -23.4428], [""𒌷𒀀𒉿𒅈𒈾"", -23.4428], [""𒀀𒀝𒉌𒅖"", -24.139], [""𒌷𒄩𒀜𒋾"", -24.139], [""𒌷𒆷𒊍𒉺"", -24.139], [""𒈪𒋫𒀭𒉌"", -24.139], [""𒀸𒋗𒉿"", -25.2127], [""ku6"", -30.7105], [""iːsˤaː́"", -31.2348]]"
taiΘwaeadi	𒋼𒊑𒀉𒋾𒌅𒌋𒉌𒅖	-25.5942	"[[""𒋼𒊑𒀉𒋾𒌅𒌋𒉌𒅖"", -25.5942], [""𒌷𒉈𒂊𒊭𒀸"", -26.2798], [""𒌷𒀀𒉿𒅈𒈾"", -26.2798], [""𒀀𒀝𒉌𒅖"", -27.1456], [""𒌷𒆷𒊍𒉺"", -27.1456], [""𒈪𒋫𒀭𒉌"", -27.1456], [""𒌷𒄩𒀜𒋾"", -27.1456], [""𒀸𒋗𒉿"", -28.3678], [""ku6"", -33.9888], [""iːsˤaː́"", -34.1135]]"
taiΘwaj	𒌷𒉈𒂊𒊭𒀸	-18.1288	"[[""𒌷𒉈𒂊𒊭𒀸"", -18.1288], [""𒌷𒀀𒉿𒅈𒈾"", -18.1288], [""𒌷𒆷𒊍𒉺"", -18.3706], [""𒌷𒄩𒀜𒋾"", -18.3706], [""𒈪𒋫𒀭𒉌"", -18.3706], [""𒀀𒀝𒉌𒅖"", -18.3706], [""𒀸𒋗𒉿"", -19.0604], [""𒋼𒊑𒀉𒋾𒌅𒌋𒉌𒅖"", -19.6834], [""eːʃ"", -20.7229], [""xuːʃ"", -21.0696]]"
taiΘwaja	𒌷𒀀𒉿𒅈𒈾	-20.7122	"[[""𒌷𒀀𒉿𒅈𒈾"", -20.7122], [""𒌷𒉈𒂊𒊭𒀸"", -20.7122], [""𒀀𒀝𒉌𒅖"", -21.2055], [""𒌷𒆷𒊍𒉺"", -21.2055], [""𒌷𒄩𒀜𒋾"", -21.2055], [""𒈪𒋫𒀭𒉌"", -21.2055], [""𒋼𒊑𒀉𒋾𒌅𒌋𒉌𒅖"", -21.435], [""𒀸𒋗𒉿"", -22.1053], [""eːʃ"", -24.2138], [""xuːʃ"", -24.5657]]"
taiΘwajaa	𒋼𒊑𒀉𒋾𒌅𒌋𒉌𒅖	-23.4063	"[[""𒋼𒊑𒀉𒋾𒌅𒌋𒉌𒅖"", -23.4063], [""𒌷𒉈𒂊𒊭𒀸"", -23.4428], [""𒌷𒀀𒉿𒅈𒈾"", -23.4428], [""𒌷𒄩𒀜𒋾"", -24.139], [""𒀀𒀝𒉌𒅖"", -24.139], [""𒈪𒋫𒀭𒉌"", -24.139], [""𒌷𒆷𒊍𒉺"", -24.139], [""𒀸𒋗𒉿"", -25.2127], [""eːʃ"", -27.6948], [""xuːʃ"", -28.0534]]"
taiΘwajaad	𒋼𒊑𒀉𒋾𒌅𒌋𒉌𒅖	-25.5942	"[[""𒋼𒊑𒀉𒋾𒌅𒌋𒉌𒅖"", -25.5942], [""𒌷𒀀𒉿𒅈𒈾"", -26.2798], [""𒌷𒉈𒂊𒊭𒀸"", -26.2798], [""𒀀𒀝𒉌𒅖"", -27.1456], [""𒌷𒄩𒀜𒋾"", -27.1456], [""𒌷𒆷𒊍𒉺"", -27.1456], [""𒈪𒋫𒀭𒉌"", -27.1456], [""𒀸𒋗𒉿"", -28.3678], [""eːʃ"", -31.1667], [""iːsˤaː́"", -31.1972]]"
taiΘwajaaj	𒋼𒊑𒀉𒋾𒌅𒌋𒉌𒅖	-25.5942	"[[""𒋼𒊑𒀉𒋾𒌅𒌋𒉌𒅖"", -25.5942], [""𒌷𒉈𒂊𒊭𒀸"", -26.2798], [""𒌷𒀀𒉿𒅈𒈾"", -26.2798], [""𒌷𒄩𒀜𒋾"", -27.1456], [""𒈪𒋫𒀭𒉌"", -27.1456], [""𒌷𒆷𒊍𒉺"", -27.1456], [""𒀀𒀝𒉌𒅖"", -27.1456], [""uːxːi"", -27.7279], [""eːʃ"", -27.9885], [""atːaːʃ"", -28.0847]]"
taiΘwajaj	𒋼𒊑𒀉𒋾𒌅𒌋𒉌𒅖	-23.4063	"[[""𒋼𒊑𒀉𒋾𒌅𒌋𒉌𒅖"", -23.4063], [""𒌷𒀀𒉿𒅈𒈾"", -23.4428], [""𒌷𒉈𒂊𒊭𒀸"", -23.4428], [""𒌷𒄩𒀜𒋾"", -24.139], [""𒌷𒆷𒊍𒉺"", -24.139], [""𒈪𒋫𒀭𒉌"", -24.139], [""𒀀𒀝𒉌𒅖"", -24.139], [""uːxːi"", -24.9064], [""eːʃ"", -25.0836], [""𒀸𒋗𒉿"", -25.2127]]"
taiΘwajaja	𒋼𒊑𒀉𒋾𒌅𒌋𒉌𒅖	-25.5942	"[[""𒋼𒊑𒀉𒋾𒌅𒌋𒉌𒅖"", -25.5942], [""𒌷𒉈𒂊𒊭𒀸"", -26.2798], [""𒌷𒀀𒉿𒅈𒈾"", -26.2798], [""𒈪𒋫𒀭𒉌"", -27.1456], [""𒀀𒀝𒉌𒅖"", -27.1456], [""𒌷𒆷𒊍𒉺"", -27.1456], [""𒌷𒄩𒀜𒋾"", -27.1456], [""uːxːi"", -28.3375], [""𒀸𒋗𒉿"", -28.3678], [""eːʃ"", -28.5879]]"
taiΘwajas	𒋼𒊑𒀉𒋾𒌅𒌋𒉌𒅖	-23.4063	"[[""𒋼𒊑𒀉𒋾𒌅𒌋𒉌𒅖"", -23.4063], [""𒌷𒉈𒂊𒊭𒀸"", -23.4428], [""𒌷𒀀𒉿𒅈𒈾"", -23.4428], [""𒀀𒀝𒉌𒅖"", -24.139], [""𒌷𒄩𒀜𒋾"", -24.139], [""𒈪𒋫𒀭𒉌"", -24.139], [""𒌷𒆷𒊍𒉺"", -24.139], [""uːxːi"", -24.9306], [""𒀸𒋗𒉿"", -25.2127], [""uxːi"", -26.5911]]"
taiΘwajase	𒋼𒊑𒀉𒋾𒌅𒌋𒉌𒅖	-25.5942	"[[""𒋼𒊑𒀉𒋾𒌅𒌋𒉌𒅖"", -25.5942], [""𒌷𒉈𒂊𒊭𒀸"", -26.2798], [""𒌷𒀀𒉿𒅈𒈾"", -26.2798], [""𒀀𒀝𒉌𒅖"", -27.1456], [""𒈪𒋫𒀭𒉌"", -27.1456], [""𒌷𒄩𒀜𒋾"", -27.1456], [""𒌷𒆷𒊍𒉺"", -27.1456], [""𒀸𒋗𒉿"", -28.3678], [""uːxːi"", -28.4261], [""uxːi"", -30.0877]]"
taiΘwajat	𒋼𒊑𒀉𒋾𒌅𒌋𒉌𒅖	-23.4063	"[[""𒋼𒊑𒀉𒋾𒌅𒌋𒉌𒅖"", -23.4063], [""𒌷𒉈𒂊𒊭𒀸"", -23.4428], [""𒌷𒀀𒉿𒅈𒈾"", -23.4428], [""𒌷𒄩𒀜𒋾"", -24.139], [""𒀀𒀝𒉌𒅖"", -24.139], [""𒈪𒋫𒀭𒉌"", -24.139], [""𒌷𒆷𒊍𒉺"", -24.139], [""𒀸𒋗𒉿"", -25.2127], [""eːʃ"", -27.6948], [""xuːʃ"", -28.0534]]"
taiΘwajatu	𒋼𒊑𒀉𒋾𒌅𒌋𒉌𒅖	-25.5942	"[[""𒋼𒊑𒀉𒋾𒌅𒌋𒉌𒅖"", -25.5942], [""𒌷𒀀𒉿𒅈𒈾"", -26.2798], [""𒌷𒉈𒂊𒊭𒀸"", -26.2798], [""𒀀𒀝𒉌𒅖"", -27.1456], [""𒌷𒄩𒀜𒋾"", -27.1456], [""𒈪𒋫𒀭𒉌"", -27.1456], [""𒌷𒆷𒊍𒉺"", -27.1456], [""𒀸𒋗𒉿"", -28.3678], [""as"", -29.4113], [""atːas"", -29.421]]"
tan	𒀸𒋗𒉿	-8.4226	"[[""𒀸𒋗𒉿"", -8.4226], [""𒀀𒀝𒉌𒅖"", -9.899], [""𒌷𒄩𒀜𒋾"", -9.899], [""𒈪𒋫𒀭𒉌"", -9.899], [""𒌷𒆷𒊍𒉺"", -9.899], [""𒌷𒉈𒂊𒊭𒀸"", -10.7315], [""𒌷𒀀𒉿𒅈𒈾"", -10.7315], [""ku6"", -12.1474], [""aʃ"", -12.8387], [""wa"", -12.8387]]"
tana	𒀸𒋗𒉿	-10.6439	"[[""𒀸𒋗𒉿"", -10.6439], [""𒀀𒀝𒉌𒅖"", -11.1101], [""𒌷𒆷𒊍𒉺"", -11.1101], [""𒈪𒋫𒀭𒉌"", -11.1101], [""𒌷𒄩𒀜𒋾"", -11.1101], [""𒌷𒀀𒉿𒅈𒈾"", -12.2879], [""𒌷𒉈𒂊𒊭𒀸"", -12.2879], [""ku6"", -14.9765], [""𒋼𒊑𒀉𒋾𒌅𒌋𒉌𒅖"", -15.6251], [""lu"", -16.0479]]"
tanai	𒌷𒆷𒊍𒉺	-13.1999	"[[""𒌷𒆷𒊍𒉺"", -13.1999], [""𒀀𒀝𒉌𒅖"", -13.1999], [""𒌷𒄩𒀜𒋾"", -13.1999], [""𒈪𒋫𒀭𒉌"", -13.1999], [""𒀸𒋗𒉿"", -13.2697], [""𒌷𒀀𒉿𒅈𒈾"", -13.742], [""𒌷𒉈𒂊𒊭𒀸"", -13.742], [""𒋼𒊑𒀉𒋾𒌅𒌋𒉌𒅖"", -16.8346], [""ku6"", -17.9765], [""ke"", -19.3208]]"
tanaiΘ	𒀀𒀝𒉌𒅖	-15.6764	"[[""𒀀𒀝𒉌𒅖"", -15.6764], [""𒌷𒄩𒀜𒋾"", -15.6764], [""𒈪𒋫𒀭𒉌"", -15.6764], [""𒌷𒆷𒊍𒉺"", -15.6764], [""𒌷𒀀𒉿𒅈𒈾"", -15.7621], [""𒌷𒉈𒂊𒊭𒀸"", -15.7621], [""𒀸𒋗𒉿"", -16.1017], [""𒋼𒊑𒀉𒋾𒌅𒌋𒉌𒅖"", -18.0751], [""ku6"", -21.0773], [""lu"", -22.6343]]"
tanaiΘt	𒌷𒀀𒉿𒅈𒈾	-18.1288	"[[""𒌷𒀀𒉿𒅈𒈾"", -18.1288], [""𒌷𒉈𒂊𒊭𒀸"", -18.1288], [""𒌷𒄩𒀜𒋾"", -18.3706], [""𒀀𒀝𒉌𒅖"", -18.3706], [""𒌷𒆷𒊍𒉺"", -18.3706], [""𒈪𒋫𒀭𒉌"", -18.3706], [""𒀸𒋗𒉿"", -19.0604], [""𒋼𒊑𒀉𒋾𒌅𒌋𒉌𒅖"", -19.6834], [""ku6"", -24.2448], [""iːsˤaː́"", -25.6984]]"
tanaiΘti	𒌷𒀀𒉿𒅈𒈾	-20.7122	"[[""𒌷𒀀𒉿𒅈𒈾"", -20.7122], [""𒌷𒉈𒂊𒊭𒀸"", -20.7122], [""𒀀𒀝𒉌𒅖"", -21.2055], [""𒌷𒄩𒀜𒋾"", -21.2055], [""𒈪𒋫𒀭𒉌"", -21.2055], [""𒌷𒆷𒊍𒉺"", -21.2055], [""𒋼𒊑𒀉𒋾𒌅𒌋𒉌𒅖"", -21.435], [""𒀸𒋗𒉿"", -22.1053], [""ku6"", -27.4599], [""iːsˤaː́"", -28.4239]]"
tanaiΘtij	𒋼𒊑𒀉𒋾𒌅𒌋𒉌𒅖	-23.4063	"[[""𒋼𒊑𒀉𒋾𒌅𒌋𒉌𒅖"", -23.4063], [""𒌷𒀀𒉿𒅈𒈾"", -23.4428], [""𒌷𒉈𒂊𒊭𒀸"", -23.4428], [""𒌷𒄩𒀜𒋾"", -24.139], [""𒀀𒀝𒉌𒅖"", -24.139], [""𒌷𒆷𒊍𒉺"", -24.139], [""𒈪𒋫𒀭𒉌"", -24.139], [""𒀸𒋗𒉿"", -25.2127], [""eːʃ"", -27.2326], [""xuːʃ"", -27.4532]]"
tanaiΘtija	𒋼𒊑𒀉𒋾𒌅𒌋𒉌𒅖	-25.5942	"[[""𒋼𒊑𒀉𒋾𒌅𒌋𒉌𒅖"", -25.5942], [""𒌷𒉈𒂊𒊭𒀸"", -26.2798], [""𒌷𒀀𒉿𒅈𒈾"", -26.2798], [""𒌷𒆷𒊍𒉺"", -27.1456], [""𒀀𒀝𒉌𒅖"", -27.1456], [""𒈪𒋫𒀭𒉌"", -27.1456], [""𒌷𒄩𒀜𒋾"", -27.1456], [""𒀸𒋗𒉿"", -28.3678], [""eːʃ"", -30.7299], [""xuːʃ"", -30.9536]]"
tanaiΘu	𒌷𒉈𒂊𒊭𒀸	-18.1288	"[[""𒌷𒉈𒂊𒊭𒀸"", -18.1288], [""𒌷𒀀𒉿𒅈𒈾"", -18.1288], [""𒀀𒀝𒉌𒅖"", -18.3706], [""𒌷𒄩𒀜𒋾"", -18.3706], [""𒈪𒋫𒀭𒉌"", -18.3706], [""𒌷𒆷𒊍𒉺"", -18.3706], [""𒀸𒋗𒉿"", -19.0604], [""𒋼𒊑𒀉𒋾𒌅𒌋𒉌𒅖"", -19.6834], [""as"", -22.577], [""kut"", -22.577]]"
tanaiΘut	𒌷𒉈𒂊𒊭𒀸	-20.7122	"[[""𒌷𒉈𒂊𒊭𒀸"", -20.7122], [""𒌷𒀀𒉿𒅈𒈾"", -20.7122], [""𒀀𒀝𒉌𒅖"", -21.2055], [""𒌷𒆷𒊍𒉺"", -21.2055], [""𒈪𒋫𒀭𒉌"", -21.2055], [""𒌷𒄩𒀜𒋾"", -21.2055], [""𒋼𒊑𒀉𒋾𒌅𒌋𒉌𒅖"", -21.435], [""𒀸𒋗𒉿"", -22.1053], [""kut"", -26.0353], [""as"", -26.0799]]"
tanaiΘuti	𒋼𒊑𒀉𒋾𒌅𒌋𒉌𒅖	-23.4063	"[[""𒋼𒊑𒀉𒋾𒌅𒌋𒉌𒅖"", -23.4063], [""𒌷𒀀𒉿𒅈𒈾"", -23.4428], [""𒌷𒉈𒂊𒊭𒀸"", -23.4428], [""𒌷𒆷𒊍𒉺"", -24.139], [""𒌷𒄩𒀜𒋾"", -24.139], [""𒀀𒀝𒉌𒅖"", -24.139], [""𒈪𒋫𒀭𒉌"", -24.139], [""𒀸𒋗𒉿"", -25.2127], [""iːsˤaː́"", -29.0001], [""aːsːa"", -29.0738]]"
tanaiΘutin	𒋼𒊑𒀉𒋾𒌅𒌋𒉌𒅖	-25.5942	"[[""𒋼𒊑𒀉𒋾𒌅𒌋𒉌𒅖"", -25.5942], [""𒌷𒀀𒉿𒅈𒈾"", -26.2798], [""𒌷𒉈𒂊𒊭𒀸"", -26.2798], [""𒀀𒀝𒉌𒅖"", -27.1456], [""𒈪𒋫𒀭𒉌"", -27.1456], [""𒌷𒆷𒊍𒉺"", -27.1456], [""𒌷𒄩𒀜𒋾"", -27.1456], [""𒀸𒋗𒉿"", -28.3678], [""iːsˤaː́"", -31.0622], [""aːsːa"", -32.0162]]"
tei	𒀸𒋗𒉿	-8.4226	"[[""𒀸𒋗𒉿"", -8.4226], [""𒀀𒀝𒉌𒅖"", -9.899], [""𒌷𒄩𒀜𒋾"", -9.899], [""𒈪𒋫𒀭𒉌"", -9.899], [""𒌷𒆷𒊍𒉺"", -9.899], [""𒌷𒉈𒂊𒊭𒀸"", -10.7315], [""𒌷𒀀𒉿𒅈𒈾"", -10.7315], [""ku6"", -12.1474], [""aʃ"", -12.8387], [""wa"", -12.8387]]"
teid	𒀸𒋗𒉿	-10.6439	"[[""𒀸𒋗𒉿"", -10.6439], [""𒀀𒀝𒉌𒅖"", -11.1101], [""𒌷𒆷𒊍𒉺"", -11.1101], [""𒈪𒋫𒀭𒉌"", -11.1101], [""𒌷𒄩𒀜𒋾"", -11.1101], [""𒌷𒀀𒉿𒅈𒈾"", -12.2879], [""𒌷𒉈𒂊𒊭𒀸"", -12.2879], [""ku6"", -14.9765], [""𒋼𒊑𒀉𒋾𒌅𒌋𒉌𒅖"", -15.6251], [""lu"", -16.0479]]"
teida	𒌷𒆷𒊍𒉺	-13.1999	"[[""𒌷𒆷𒊍𒉺"", -13.1999], [""𒀀𒀝𒉌𒅖"", -13.1999], [""𒌷𒄩𒀜𒋾"", -13.1999], [""𒈪𒋫𒀭𒉌"", -13.1999], [""𒀸𒋗𒉿"", -13.2697], [""𒌷𒀀𒉿𒅈𒈾"", -13.742], [""𒌷𒉈𒂊𒊭𒀸"", -13.742], [""𒋼𒊑𒀉𒋾𒌅𒌋𒉌𒅖"", -16.8346], [""ku6"", -17.9765], [""ke"", -19.3208]]"
teidaj	𒀀𒀝𒉌𒅖	-15.6764	"[[""𒀀𒀝𒉌𒅖"", -15.6764], [""𒌷𒆷𒊍𒉺"", -15.6764], [""𒈪𒋫𒀭𒉌"", -15.6764], [""𒌷𒄩𒀜𒋾"", -15.6764], [""𒌷𒉈𒂊𒊭𒀸"", -15.7621], [""𒌷𒀀𒉿𒅈𒈾"", -15.7621], [""𒀸𒋗𒉿"", -16.1017], [""eːʃ"", -17.5269], [""xuːʃ"", -17.9674], [""𒋼𒊑𒀉𒋾𒌅𒌋𒉌𒅖"", -18.0751]]"
teidaja	𒌷𒉈𒂊𒊭𒀸	-18.1288	"[[""𒌷𒉈𒂊𒊭𒀸"", -18.1288], [""𒌷𒀀𒉿𒅈𒈾"", -18.1288], [""𒀀𒀝𒉌𒅖"", -18.3706], [""𒈪𒋫𒀭𒉌"", -18.3706], [""𒌷𒄩𒀜𒋾"", -18.3706], [""𒌷𒆷𒊍𒉺"", -18.3706], [""𒀸𒋗𒉿"", -19.0604], [""𒋼𒊑𒀉𒋾𒌅𒌋𒉌𒅖"", -19.6834], [""eːʃ"", -21.012], [""xuːʃ"", -21.4593]]"
teidajaj	𒌷𒀀𒉿𒅈𒈾	-20.7122	"[[""𒌷𒀀𒉿𒅈𒈾"", -20.7122], [""𒌷𒉈𒂊𒊭𒀸"", -20.7122], [""𒌷𒆷𒊍𒉺"", -21.2055], [""𒈪𒋫𒀭𒉌"", -21.2055], [""𒌷𒄩𒀜𒋾"", -21.2055], [""𒀀𒀝𒉌𒅖"", -21.2055], [""𒋼𒊑𒀉𒋾𒌅𒌋𒉌𒅖"", -21.435], [""eːʃ"", -21.6198], [""uːxːi"", -21.7031], [""𒀸𒋗𒉿"", -22.1053]]"
teidajaja	𒋼𒊑𒀉𒋾𒌅𒌋𒉌𒅖	-23.4063	"[[""𒋼𒊑𒀉𒋾𒌅𒌋𒉌𒅖"", -23.4063], [""𒌷𒀀𒉿𒅈𒈾"", -23.4428], [""𒌷𒉈𒂊𒊭𒀸"", -23.4428], [""𒈪𒋫𒀭𒉌"", -24.139], [""𒀀𒀝𒉌𒅖"", -24.139], [""𒌷𒄩𒀜𒋾"", -24.139], [""𒌷𒆷𒊍𒉺"", -24.139], [""uːxːi"", -25.1142], [""eːʃ"", -25.1239], [""𒀸𒋗𒉿"", -25.2127]]"
teidi	𒌷𒆷𒊍𒉺	-13.1999	"[[""𒌷𒆷𒊍𒉺"", -13.1999], [""𒀀𒀝𒉌𒅖"", -13.1999], [""𒌷𒄩𒀜𒋾"", -13.1999], [""𒈪𒋫𒀭𒉌"", -13.1999], [""𒀸𒋗𒉿"", -13.2697], [""𒌷𒀀𒉿𒅈𒈾"", -13.742], [""𒌷𒉈𒂊𒊭𒀸"", -13.742], [""𒋼𒊑𒀉𒋾𒌅𒌋𒉌𒅖"", -16.8346], [""ku6"", -17.9765], [""ke"", -19.3208]]"
ter	𒀸𒋗𒉿	-8.4226	"[[""𒀸𒋗𒉿"", -8.4226], [""𒀀𒀝𒉌𒅖"", -9.899], [""𒌷𒄩𒀜𒋾"", -9.899], [""𒈪𒋫𒀭𒉌"", -9.899], [""𒌷𒆷𒊍𒉺"", -9.899], [""uk"", -10.2251], [""ke"", -10.357], [""pai"", -10.6027], [""wa"", -10.6883], [""lu"", -10.6883]]"
tere	𒀸𒋗𒉿	-10.6439	"[[""𒀸𒋗𒉿"", -10.6439], [""𒌷𒄩𒀜𒋾"", -11.1101], [""𒀀𒀝𒉌𒅖"", -11.1101], [""𒌷𒆷𒊍𒉺"", -11.1101], [""𒈪𒋫𒀭𒉌"", -11.1101], [""𒌷𒉈𒂊𒊭𒀸"", -12.2879], [""𒌷𒀀𒉿𒅈𒈾"", -12.2879], [""ku6"", -12.8883], [""praː"", -13.4461], [""uk"", -13.5419]]"
terep	𒀀𒀝𒉌𒅖	-13.1999	"[[""𒀀𒀝𒉌𒅖"", -13.1999], [""𒌷𒆷𒊍𒉺"", -13.1999], [""𒈪𒋫𒀭𒉌"", -13.1999], [""𒌷𒄩𒀜𒋾"", -13.1999], [""𒀸𒋗𒉿"", -13.2697], [""𒌷𒉈𒂊𒊭𒀸"", -13.742], [""𒌷𒀀𒉿𒅈𒈾"", -13.742], [""ku6"", -15.6826], [""praː"", -16.0994], [""eːʃ"", -16.7177]]"
tes	𒀸𒋗𒉿	-8.4226	"[[""𒀸𒋗𒉿"", -8.4226], [""𒀀𒀝𒉌𒅖"", -9.899], [""𒌷𒄩𒀜𒋾"", -9.899], [""𒈪𒋫𒀭𒉌"", -9.899], [""𒌷𒆷𒊍𒉺"", -9.899], [""uk"", -10.2251], [""ke"", -10.357], [""pai"", -10.6027], [""wa"", -10.6883], [""lu"", -10.6883]]"
tesi	𒀸𒋗𒉿	-10.6439	"[[""𒀸𒋗𒉿"", -10.6439], [""𒌷𒄩𒀜𒋾"", -11.1101], [""𒀀𒀝𒉌𒅖"", -11.1101], [""𒌷𒆷𒊍𒉺"", -11.1101], [""𒈪𒋫𒀭𒉌"", -11.1101], [""𒌷𒉈𒂊𒊭𒀸"", -12.2879], [""𒌷𒀀𒉿𒅈𒈾"", -12.2879], [""ku6"", -12.8883], [""praː"", -13.4461], [""uk"", -13.5419]]"
tesir	uk	-12.9688	"[[""uk"", -12.9688], [""ke"", -12.9723], [""𒌷𒆷𒊍𒉺"", -13.1999], [""𒀀𒀝𒉌𒅖"", -13.1999], [""𒌷𒄩𒀜𒋾"", -13.1999], [""𒈪𒋫𒀭𒉌"", -13.1999], [""𒀸𒋗𒉿"", -13.2697], [""𒌷𒀀𒉿𒅈𒈾"", -13.742], [""𒌷𒉈𒂊𒊭𒀸"", -13.742], [""apːa"", -14.0927]]"
tesira	𒀀𒀝𒉌𒅖	-15.6764	"[[""𒀀𒀝𒉌𒅖"", -15.6764], [""𒌷𒄩𒀜𒋾"", -15.6764], [""𒈪𒋫𒀭𒉌"", -15.6764], [""𒌷𒆷𒊍𒉺"", -15.6764], [""𒌷𒀀𒉿𒅈𒈾"", -15.7621], [""𒌷𒉈𒂊𒊭𒀸"", -15.7621], [""ku6"", -15.7916], [""𒀸𒋗𒉿"", -16.1017], [""uk"", -16.4714], [""ke"", -16.4731]]"
tet	𒀸𒋗𒉿	-8.4226	"[[""𒀸𒋗𒉿"", -8.4226], [""𒀀𒀝𒉌𒅖"", -9.899], [""𒌷𒄩𒀜𒋾"", -9.899], [""𒈪𒋫𒀭𒉌"", -9.899], [""𒌷𒆷𒊍𒉺"", -9.899], [""𒌷𒉈𒂊𒊭𒀸"", -10.7315], [""𒌷𒀀𒉿𒅈𒈾"", -10.7315], [""ku6"", -12.1474], [""aʃ"", -12.8387], [""wa"", -12.8387]]"
tete	𒀸𒋗𒉿	-10.6439	"[[""𒀸𒋗𒉿"", -10.6439], [""𒀀𒀝𒉌𒅖"", -11.1101], [""𒌷𒆷𒊍𒉺"", -11.1101], [""𒈪𒋫𒀭𒉌"", -11.1101], [""𒌷𒄩𒀜𒋾"", -11.1101], [""𒌷𒀀𒉿𒅈𒈾"", -12.2879], [""𒌷𒉈𒂊𒊭𒀸"", -12.2879], [""ku6"", -14.9765], [""𒋼𒊑𒀉𒋾𒌅𒌋𒉌𒅖"", -15.6251], [""lu"", -16.0479]]"
teter	𒌷𒄩𒀜𒋾	-13.1999	"[[""𒌷𒄩𒀜𒋾"", -13.1999], [""𒀀𒀝𒉌𒅖"", -13.1999], [""𒌷𒆷𒊍𒉺"", -13.1999], [""𒈪𒋫𒀭𒉌"", -13.1999], [""𒀸𒋗𒉿"", -13.2697], [""𒌷𒉈𒂊𒊭𒀸"", -13.742], [""𒌷𒀀𒉿𒅈𒈾"", -13.742], [""apːa"", -16.3263], [""paːi"", -16.3286], [""uxːi"", -16.3416]]"
tetere	𒀀𒀝𒉌𒅖	-15.6764	"[[""𒀀𒀝𒉌𒅖"", -15.6764], [""𒌷𒄩𒀜𒋾"", -15.6764], [""𒌷𒆷𒊍𒉺"", -15.6764], [""𒈪𒋫𒀭𒉌"", -15.6764], [""𒌷𒀀𒉿𒅈𒈾"", -15.7621], [""𒌷𒉈𒂊𒊭𒀸"", -15.7621], [""𒀸𒋗𒉿"", -16.1017], [""𒋼𒊑𒀉𒋾𒌅𒌋𒉌𒅖"", -18.0751], [""ku6"", -19.5054], [""apːa"", -19.7696]]"
teterep	𒌷𒉈𒂊𒊭𒀸	-18.1288	"[[""𒌷𒉈𒂊𒊭𒀸"", -18.1288], [""𒌷𒀀𒉿𒅈𒈾"", -18.1288], [""𒀀𒀝𒉌𒅖"", -18.3706], [""𒌷𒆷𒊍𒉺"", -18.3706], [""𒈪𒋫𒀭𒉌"", -18.3706], [""𒌷𒄩𒀜𒋾"", -18.3706], [""𒀸𒋗𒉿"", -19.0604], [""𒋼𒊑𒀉𒋾𒌅𒌋𒉌𒅖"", -19.6834], [""ku6"", -22.3563], [""praː"", -22.6784]]"
tij	𒀸𒋗𒉿	-8.4226	"[[""𒀸𒋗𒉿"", -8.4226], [""eːʃ"", -8.4409], [""aʃ"", -9.3158], [""xuːʃ"", -9.6391], [""𒌷𒄩𒀜𒋾"", -9.899], [""𒀀𒀝𒉌𒅖"", -9.899], [""𒌷𒆷𒊍𒉺"", -9.899], [""𒈪𒋫𒀭𒉌"", -9.899], [""xus"", -10.4601], [""ʃum"", -10.4601]]"
tija	𒀸𒋗𒉿	-10.6439	"[[""𒀸𒋗𒉿"", -10.6439], [""𒀀𒀝𒉌𒅖"", -11.1101], [""𒌷𒆷𒊍𒉺"", -11.1101], [""𒌷𒄩𒀜𒋾"", -11.1101], [""𒈪𒋫𒀭𒉌"", -11.1101], [""eːʃ"", -11.8594], [""𒌷𒉈𒂊𒊭𒀸"", -12.2879], [""𒌷𒀀𒉿𒅈𒈾"", -12.2879], [""aʃ"", -12.7424], [""xuːʃ"", -13.0457]]"
tijas	uːxːi	-12.6301	"[[""uːxːi"", -12.6301], [""uk"", -12.9792], [""𒈪𒋫𒀭𒉌"", -13.1999], [""𒀀𒀝𒉌𒅖"", -13.1999], [""𒌷𒄩𒀜𒋾"", -13.1999], [""𒌷𒆷𒊍𒉺"", -13.1999], [""𒀸𒋗𒉿"", -13.2697], [""uxːi"", -13.4297], [""𒌷𒀀𒉿𒅈𒈾"", -13.742], [""𒌷𒉈𒂊𒊭𒀸"", -13.742]]"
tijasa	𒀀𒀝𒉌𒅖	-15.6764	"[[""𒀀𒀝𒉌𒅖"", -15.6764], [""𒈪𒋫𒀭𒉌"", -15.6764], [""𒌷𒆷𒊍𒉺"", -15.6764], [""𒌷𒄩𒀜𒋾"", -15.6764], [""𒌷𒉈𒂊𒊭𒀸"", -15.7621], [""𒌷𒀀𒉿𒅈𒈾"", -15.7621], [""𒀸𒋗𒉿"", -16.1017], [""uːxːi"", -16.1234], [""uk"", -16.4818], [""uxːi"", -16.9244]]"
tijasas	apːa	-17.1773	"[[""apːa"", -17.1773], [""𒌷𒀀𒉿𒅈𒈾"", -18.1288], [""𒌷𒉈𒂊𒊭𒀸"", -18.1288], [""uːxːi"", -18.1612], [""xapa"", -18.1648], [""xʃap"", -18.2043], [""𒀀𒀝𒉌𒅖"", -18.3706], [""𒌷𒄩𒀜𒋾"", -18.3706], [""𒌷𒆷𒊍𒉺"", -18.3706], [""𒈪𒋫𒀭𒉌"", -18.3706]]"
tijasasa	apːa	-20.6633	"[[""apːa"", -20.6633], [""𒌷𒀀𒉿𒅈𒈾"", -20.7122], [""𒌷𒉈𒂊𒊭𒀸"", -20.7122], [""𒀀𒀝𒉌𒅖"", -21.2055], [""𒌷𒄩𒀜𒋾"", -21.2055], [""𒌷𒆷𒊍𒉺"", -21.2055], [""𒈪𒋫𒀭𒉌"", -21.2055], [""𒋼𒊑𒀉𒋾𒌅𒌋𒉌𒅖"", -21.435], [""xapa"", -21.4974], [""uːxːi"", -21.6624]]"
tijasasar	xapa	-21.3251	"[[""xapa"", -21.3251], [""apːa"", -22.4333], [""ʃuːpːari"", -22.6077], [""𒋼𒊑𒀉𒋾𒌅𒌋𒉌𒅖"", -23.4063], [""𒌷𒉈𒂊𒊭𒀸"", -23.4428], [""𒌷𒀀𒉿𒅈𒈾"", -23.4428], [""ʃiːetsːi"", -23.6027], [""xatːi"", -23.9455], [""paːi"", -24.0643], [""xʃap"", -24.0686]]"
tin	𒀸𒋗𒉿	-8.4226	"[[""𒀸𒋗𒉿"", -8.4226], [""𒀀𒀝𒉌𒅖"", -9.899], [""𒌷𒄩𒀜𒋾"", -9.899], [""𒈪𒋫𒀭𒉌"", -9.899], [""𒌷𒆷𒊍𒉺"", -9.899], [""𒌷𒉈𒂊𒊭𒀸"", -10.7315], [""𒌷𒀀𒉿𒅈𒈾"", -10.7315], [""ku6"", -12.1474], [""aʃ"", -12.8387], [""wa"", -12.8387]]"
tinu	𒀸𒋗𒉿	-10.6439	"[[""𒀸𒋗𒉿"", -10.6439], [""𒀀𒀝𒉌𒅖"", -11.1101], [""𒌷𒆷𒊍𒉺"", -11.1101], [""𒈪𒋫𒀭𒉌"", -11.1101], [""𒌷𒄩𒀜𒋾"", -11.1101], [""𒌷𒀀𒉿𒅈𒈾"", -12.2879], [""𒌷𒉈𒂊𒊭𒀸"", -12.2879], [""as"", -12.6134], [""kut"", -12.7336], [""ais"", -12.8319]]"
tinui	𒌷𒄩𒀜𒋾	-13.1999	"[[""𒌷𒄩𒀜𒋾"", -13.1999], [""𒀀𒀝𒉌𒅖"", -13.1999], [""𒈪𒋫𒀭𒉌"", -13.1999], [""𒌷𒆷𒊍𒉺"", -13.1999], [""𒀸𒋗𒉿"", -13.2697], [""𒌷𒉈𒂊𒊭𒀸"", -13.742], [""𒌷𒀀𒉿𒅈𒈾"", -13.742], [""as"", -16.113], [""kut"", -16.1471], [""xus"", -16.3369]]"
tinuin	𒀀𒀝𒉌𒅖	-15.6764	"[[""𒀀𒀝𒉌𒅖"", -15.6764], [""𒈪𒋫𒀭𒉌"", -15.6764], [""𒌷𒆷𒊍𒉺"", -15.6764], [""𒌷𒄩𒀜𒋾"", -15.6764], [""𒌷𒀀𒉿𒅈𒈾"", -15.7621], [""𒌷𒉈𒂊𒊭𒀸"", -15.7621], [""𒀸𒋗𒉿"", -16.1017], [""𒋼𒊑𒀉𒋾𒌅𒌋𒉌𒅖"", -18.0751], [""kut"", -19.5661], [""tuk"", -19.5844]]"
tinuina	𒌷𒀀𒉿𒅈𒈾	-18.1288	"[[""𒌷𒀀𒉿𒅈𒈾"", -18.1288], [""𒌷𒉈𒂊𒊭𒀸"", -18.1288], [""𒌷𒄩𒀜𒋾"", -18.3706], [""𒌷𒆷𒊍𒉺"", -18.3706], [""𒈪𒋫𒀭𒉌"", -18.3706], [""𒀀𒀝𒉌𒅖"", -18.3706], [""𒀸𒋗𒉿"", -19.0604], [""𒋼𒊑𒀉𒋾𒌅𒌋𒉌𒅖"", -19.6834], [""iːsˤaː́"", -21.7222], [""aːsːa"", -22.6493]]"
tinuinai	𒌷𒀀𒉿𒅈𒈾	-20.7122	"[[""𒌷𒀀𒉿𒅈𒈾"", -20.7122], [""𒌷𒉈𒂊𒊭𒀸"", -20.7122], [""𒀀𒀝𒉌𒅖"", -21.2055], [""𒌷𒄩𒀜𒋾"", -21.2055], [""𒈪𒋫𒀭𒉌"", -21.2055], [""𒌷𒆷𒊍𒉺"", -21.2055], [""𒋼𒊑𒀉𒋾𒌅𒌋𒉌𒅖"", -21.435], [""𒀸𒋗𒉿"", -22.1053], [""iːsˤaː́"", -24.1745], [""aːsːa"", -25.715]]"
tinuinaid	𒋼𒊑𒀉𒋾𒌅𒌋𒉌𒅖	-23.4063	"[[""𒋼𒊑𒀉𒋾𒌅𒌋𒉌𒅖"", -23.4063], [""𒌷𒀀𒉿𒅈𒈾"", -23.4428], [""𒌷𒉈𒂊𒊭𒀸"", -23.4428], [""𒀀𒀝𒉌𒅖"", -24.139], [""𒌷𒆷𒊍𒉺"", -24.139], [""𒈪𒋫𒀭𒉌"", -24.139], [""𒌷𒄩𒀜𒋾"", -24.139], [""𒀸𒋗𒉿"", -25.2127], [""iːsˤaː́"", -26.8582], [""aːsːa"", -28.8604]]"
tinuinaida	𒋼𒊑𒀉𒋾𒌅𒌋𒉌𒅖	-25.5942	"[[""𒋼𒊑𒀉𒋾𒌅𒌋𒉌𒅖"", -25.5942], [""𒌷𒀀𒉿𒅈𒈾"", -26.2798], [""𒌷𒉈𒂊𒊭𒀸"", -26.2798], [""𒀀𒀝𒉌𒅖"", -27.1456], [""𒌷𒆷𒊍𒉺"", -27.1456], [""𒈪𒋫𒀭𒉌"", -27.1456], [""𒌷𒄩𒀜𒋾"", -27.1456], [""𒀸𒋗𒉿"", -28.3678], [""iːsˤaː́"", -29.6875], [""aːsːa"", -32.061]]"
tinuj	ke	-12.9871	"[[""ke"", -12.9871], [""𒌷𒆷𒊍𒉺"", -13.1999], [""𒀀𒀝𒉌𒅖"", -13.1999], [""𒈪𒋫𒀭𒉌"", -13.1999], [""𒌷𒄩𒀜𒋾"", -13.1999], [""𒀸𒋗𒉿"", -13.2697], [""𒌷𒉈𒂊𒊭𒀸"", -13.742], [""𒌷𒀀𒉿𒅈𒈾"", -13.742], [""iti"", -13.9845], [""pata"", -14.021]]"
tinuja	𒀀𒀝𒉌𒅖	-15.6764	"[[""𒀀𒀝𒉌𒅖"", -15.6764], [""𒌷𒆷𒊍𒉺"", -15.6764], [""𒌷𒄩𒀜𒋾"", -15.6764], [""𒈪𒋫𒀭𒉌"", -15.6764], [""𒌷𒀀𒉿𒅈𒈾"", -15.7621], [""𒌷𒉈𒂊𒊭𒀸"", -15.7621], [""ku6"", -15.8332], [""𒀸𒋗𒉿"", -16.1017], [""ke"", -16.4913], [""saːki"", -17.4286]]"
tinujas	tuk	-16.4892	"[[""tuk"", -16.4892], [""tai"", -16.7694], [""paːi"", -17.1974], [""pai"", -17.8564], [""𒌷𒀀𒉿𒅈𒈾"", -18.1288], [""𒌷𒉈𒂊𒊭𒀸"", -18.1288], [""saːki"", -18.239], [""tsak"", -18.296], [""tsik"", -18.296], [""𒌷𒄩𒀜𒋾"", -18.3706]]"
tinujasa	tuk	-19.9918	"[[""tuk"", -19.9918], [""tai"", -20.2701], [""paːi"", -20.6882], [""𒌷𒉈𒂊𒊭𒀸"", -20.7122], [""𒌷𒀀𒉿𒅈𒈾"", -20.7122], [""𒌷𒆷𒊍𒉺"", -21.2055], [""𒌷𒄩𒀜𒋾"", -21.2055], [""𒈪𒋫𒀭𒉌"", -21.2055], [""𒀀𒀝𒉌𒅖"", -21.2055], [""pai"", -21.3567]]"
tinujasas	saːki	-20.6785	"[[""saːki"", -20.6785], [""sakːi"", -20.6883], [""tuk"", -22.4111], [""tsiːik"", -22.4752], [""paːi"", -22.6224], [""tai"", -22.6947], [""patːaːi"", -23.3327], [""supːari"", -23.3706], [""𒋼𒊑𒀉𒋾𒌅𒌋𒉌𒅖"", -23.4063], [""𒌷𒀀𒉿𒅈𒈾"", -23.4428]]"
tinujasasa	saːki	-24.1672	"[[""saːki"", -24.1672], [""sakːi"", -24.1742], [""𒋼𒊑𒀉𒋾𒌅𒌋𒉌𒅖"", -25.5942], [""tuk"", -25.9165], [""tsiːik"", -25.9668], [""paːi"", -26.122], [""tai"", -26.1992], [""teːpuːʃ"", -26.2616], [""𒌷𒉈𒂊𒊭𒀸"", -26.2798], [""𒌷𒀀𒉿𒅈𒈾"", -26.2798]]"
tiΘ	𒀸𒋗𒉿	-8.4226	"[[""𒀸𒋗𒉿"", -8.4226], [""𒀀𒀝𒉌𒅖"", -9.899], [""𒌷𒄩𒀜𒋾"", -9.899], [""𒈪𒋫𒀭𒉌"", -9.899], [""𒌷𒆷𒊍𒉺"", -9.899], [""𒌷𒉈𒂊𒊭𒀸"", -10.7315], [""𒌷𒀀𒉿𒅈𒈾"", -10.7315], [""ku6"", -12.1474], [""aʃ"", -12.8387], [""wa"", -12.8387]]"
tiΘw	𒀸𒋗𒉿	-10.6439	"[[""𒀸𒋗𒉿"", -10.6439], [""𒀀𒀝𒉌𒅖"", -11.1101], [""𒌷𒆷𒊍𒉺"", -11.1101], [""𒈪𒋫𒀭𒉌"", -11.1101], [""𒌷𒄩𒀜𒋾"", -11.1101], [""𒌷𒀀𒉿𒅈𒈾"", -12.2879], [""𒌷𒉈𒂊𒊭𒀸"", -12.2879], [""ku6"", -14.9765], [""𒋼𒊑𒀉𒋾𒌅𒌋𒉌𒅖"", -15.6251], [""lu"", -16.0479]]"
tiΘwa	𒌷𒆷𒊍𒉺	-13.1999	"[[""𒌷𒆷𒊍𒉺"", -13.1999], [""𒀀𒀝𒉌𒅖"", -13.1999], [""𒌷𒄩𒀜𒋾"", -13.1999], [""𒈪𒋫𒀭𒉌"", -13.1999], [""𒀸𒋗𒉿"", -13.2697], [""𒌷𒀀𒉿𒅈𒈾"", -13.742], [""𒌷𒉈𒂊𒊭𒀸"", -13.742], [""𒋼𒊑𒀉𒋾𒌅𒌋𒉌𒅖"", -16.8346], [""ku6"", -17.9765], [""ke"", -19.3208]]"
tiΘwaj	𒀀𒀝𒉌𒅖	-15.6764	"[[""𒀀𒀝𒉌𒅖"", -15.6764], [""𒌷𒆷𒊍𒉺"", -15.6764], [""𒈪𒋫𒀭𒉌"", -15.6764], [""𒌷𒄩𒀜𒋾"", -15.6764], [""𒌷𒉈𒂊𒊭𒀸"", -15.7621], [""𒌷𒀀𒉿𒅈𒈾"", -15.7621], [""𒀸𒋗𒉿"", -16.1017], [""eːʃ"", -17.5269], [""xuːʃ"", -17.9674], [""𒋼𒊑𒀉𒋾𒌅𒌋𒉌𒅖"", -18.0751]]"
tiΘwaja	𒌷𒉈𒂊𒊭𒀸	-18.1288	"[[""𒌷𒉈𒂊𒊭𒀸"", -18.1288], [""𒌷𒀀𒉿𒅈𒈾"", -18.1288], [""𒀀𒀝𒉌𒅖"", -18.3706], [""𒈪𒋫𒀭𒉌"", -18.3706], [""𒌷𒄩𒀜𒋾"", -18.3706], [""𒌷𒆷𒊍𒉺"", -18.3706], [""𒀸𒋗𒉿"", -19.0604], [""𒋼𒊑𒀉𒋾𒌅𒌋𒉌𒅖"", -19.6834], [""eːʃ"", -21.012], [""xuːʃ"", -21.4593]]"
toi	𒀸𒋗𒉿	-8.4226	"[[""𒀸𒋗𒉿"", -8.4226], [""iwr̩"", -9.4693], [""lu"", -9.5693], [""im"", -9.5693], [""wa"", -9.5693], [""𒈪𒋫𒀭𒉌"", -9.899], [""𒌷𒆷𒊍𒉺"", -9.899], [""𒌷𒄩𒀜𒋾"", -9.899], [""𒀀𒀝𒉌𒅖"", -9.899], [""uul"", -10.0198]]"
toij	eːʃ	-7.7218	"[[""eːʃ"", -7.7218], [""aʃ"", -8.3843], [""wa"", -8.3861], [""lu"", -8.3861], [""araːʃ"", -10.2362], [""xuːʃ"", -10.3741], [""𒀸𒋗𒉿"", -10.6439], [""waki"", -10.7408], [""uːxːi"", -10.773], [""uru"", -10.8876]]"
toija	eːʃ	-11.2255	"[[""eːʃ"", -11.2255], [""lu"", -11.8905], [""wa"", -11.8905], [""aʃ"", -11.8905], [""𒈪𒋫𒀭𒉌"", -13.1999], [""𒌷𒆷𒊍𒉺"", -13.1999], [""𒀀𒀝𒉌𒅖"", -13.1999], [""𒌷𒄩𒀜𒋾"", -13.1999], [""uːxːi"", -13.2319], [""𒀸𒋗𒉿"", -13.2697]]"
tos	wa	-4.8825	"[[""wa"", -4.8825], [""lu"", -4.8825], [""uk"", -5.9733], [""ara"", -7.5034], [""uru"", -7.5034], [""waki"", -7.6246], [""kenu"", -8.278], [""teri"", -8.2801], [""tawa"", -8.2801], [""taru"", -8.2801]]"
tosa	wa	-8.3869	"[[""wa"", -8.3869], [""lu"", -8.3869], [""uk"", -9.4758], [""praː"", -10.4681], [""𒀸𒋗𒉿"", -10.6439], [""waki"", -10.7086], [""uru"", -10.9825], [""ara"", -10.9825], [""waːki"", -11.0619], [""𒈪𒋫𒀭𒉌"", -11.1101]]"
tosar	apːa	-10.1858	"[[""apːa"", -10.1858], [""waːki"", -11.1072], [""lu"", -11.2056], [""wa"", -11.2056], [""waki"", -11.4251], [""welku"", -11.6447], [""natːa"", -11.7247], [""uk"", -11.8935], [""ammuːk"", -11.9534], [""neːpis"", -12.2119]]"
tosare	apːa	-13.6714	"[[""apːa"", -13.6714], [""waːki"", -14.2756], [""waki"", -14.7096], [""wa"", -14.7119], [""lu"", -14.7119], [""neːpis"", -15.0093], [""welku"", -15.1228], [""natːa"", -15.2117], [""jaː́nu"", -15.3385], [""uk"", -15.3988]]"
tosarej	waːki	-13.6722	"[[""waːki"", -13.6722], [""waki"", -14.3317], [""neːʃaʃ"", -14.8867], [""neknaʃ"", -15.1333], [""araːaʃ"", -15.1727], [""apːa"", -15.43], [""alpuʃ"", -15.5766], [""xarkiːʃ"", -15.6888], [""auriːʃ"", -15.7007], [""luːkːari"", -15.718]]"
tosareja	waːki	-17.174	"[[""waːki"", -17.174], [""waki"", -17.8354], [""neːʃaʃ"", -18.2561], [""neknaʃ"", -18.6339], [""araːaʃ"", -18.6751], [""luːkːari"", -18.8283], [""apːa"", -18.9308], [""alpuʃ"", -19.0815], [""xarkiːʃ"", -19.1912], [""auriːʃ"", -19.2037]]"
tuj	ke	-5.9768	"[[""ke"", -5.9768], [""tai"", -7.561], [""iti"", -7.6548], [""tawa"", -7.664], [""taru"", -7.664], [""teri"", -7.664], [""pata"", -7.8133], [""kuiʃ"", -7.832], [""tuk"", -8.1415], [""tur"", -8.1756]]"
tuja	ku6	-8.8253	"[[""ku6"", -8.8253], [""ke"", -9.4811], [""𒀸𒋗𒉿"", -10.6439], [""tai"", -10.671], [""taru"", -10.7543], [""tawa"", -10.7543], [""teri"", -10.7543], [""tuk"", -11.0217], [""tur"", -11.0398], [""saːki"", -11.0907]]"
tujas	tuk	-9.4752	"[[""tuk"", -9.4752], [""tai"", -9.7554], [""paːi"", -10.1912], [""pai"", -10.8469], [""saːki"", -11.2936], [""sakːi"", -11.4468], [""ku6"", -11.6416], [""tsak"", -11.7511], [""tsik"", -11.7511], [""tawa"", -12.1889]]"
tum	𒀸𒋗𒉿	-8.4226	"[[""𒀸𒋗𒉿"", -8.4226], [""tuk"", -9.6213], [""tur"", -9.7806], [""tai"", -9.7806], [""as"", -9.783], [""𒀀𒀝𒉌𒅖"", -9.899], [""𒌷𒆷𒊍𒉺"", -9.899], [""𒈪𒋫𒀭𒉌"", -9.899], [""𒌷𒄩𒀜𒋾"", -9.899], [""kut"", -9.9363]]"
tume	𒀸𒋗𒉿	-10.6439	"[[""𒀸𒋗𒉿"", -10.6439], [""𒀀𒀝𒉌𒅖"", -11.1101], [""𒌷𒆷𒊍𒉺"", -11.1101], [""𒈪𒋫𒀭𒉌"", -11.1101], [""𒌷𒄩𒀜𒋾"", -11.1101], [""𒌷𒉈𒂊𒊭𒀸"", -12.2879], [""𒌷𒀀𒉿𒅈𒈾"", -12.2879], [""tuk"", -12.7612], [""ku6"", -12.8374], [""tur"", -12.8687]]"
tumei	𒀀𒀝𒉌𒅖	-13.1999	"[[""𒀀𒀝𒉌𒅖"", -13.1999], [""𒌷𒄩𒀜𒋾"", -13.1999], [""𒌷𒆷𒊍𒉺"", -13.1999], [""𒈪𒋫𒀭𒉌"", -13.1999], [""𒀸𒋗𒉿"", -13.2697], [""𒌷𒉈𒂊𒊭𒀸"", -13.742], [""𒌷𒀀𒉿𒅈𒈾"", -13.742], [""ku6"", -15.7846], [""tuk"", -15.994], [""tur"", -16.0745]]"
tumeij	𒀀𒀝𒉌𒅖	-15.6764	"[[""𒀀𒀝𒉌𒅖"", -15.6764], [""𒌷𒄩𒀜𒋾"", -15.6764], [""𒌷𒆷𒊍𒉺"", -15.6764], [""𒈪𒋫𒀭𒉌"", -15.6764], [""𒌷𒀀𒉿𒅈𒈾"", -15.7621], [""𒌷𒉈𒂊𒊭𒀸"", -15.7621], [""aːsːa"", -16.0779], [""𒀸𒋗𒉿"", -16.1017], [""sakːi"", -16.2343], [""ke"", -16.4818]]"
tumeija	𒌷𒉈𒂊𒊭𒀸	-18.1288	"[[""𒌷𒉈𒂊𒊭𒀸"", -18.1288], [""𒌷𒀀𒉿𒅈𒈾"", -18.1288], [""𒀀𒀝𒉌𒅖"", -18.3706], [""𒌷𒆷𒊍𒉺"", -18.3706], [""𒌷𒄩𒀜𒋾"", -18.3706], [""𒈪𒋫𒀭𒉌"", -18.3706], [""𒀸𒋗𒉿"", -19.0604], [""ku6"", -19.2913], [""aːsːa"", -19.5791], [""𒋼𒊑𒀉𒋾𒌅𒌋𒉌𒅖"", -19.6834]]"
tumeijas	tuk	-19.9851	"[[""tuk"", -19.9851], [""tai"", -20.2544], [""paːi"", -20.6305], [""𒌷𒀀𒉿𒅈𒈾"", -20.7122], [""𒌷𒉈𒂊𒊭𒀸"", -20.7122], [""patːaːi"", -20.7514], [""tsiːik"", -20.8232], [""𒌷𒄩𒀜𒋾"", -21.2055], [""𒌷𒆷𒊍𒉺"", -21.2055], [""𒈪𒋫𒀭𒉌"", -21.2055]]"
tumeijasa	𒋼𒊑𒀉𒋾𒌅𒌋𒉌𒅖	-23.4063	"[[""𒋼𒊑𒀉𒋾𒌅𒌋𒉌𒅖"", -23.4063], [""𒌷𒉈𒂊𒊭𒀸"", -23.4428], [""𒌷𒀀𒉿𒅈𒈾"", -23.4428], [""tuk"", -23.4876], [""tai"", -23.7552], [""paːi"", -24.1223], [""iːsˤaː́"", -24.1333], [""𒀀𒀝𒉌𒅖"", -24.139], [""𒌷𒄩𒀜𒋾"", -24.139], [""𒈪𒋫𒀭𒉌"", -24.139]]"
tumeijasas	saːki	-24.1407	"[[""saːki"", -24.1407], [""sakːi"", -24.1739], [""tsiːik"", -25.4288], [""𒋼𒊑𒀉𒋾𒌅𒌋𒉌𒅖"", -25.5942], [""patːaːi"", -25.8464], [""tuk"", -25.911], [""paːi"", -26.099], [""tai"", -26.1909], [""𒌷𒉈𒂊𒊭𒀸"", -26.2798], [""𒌷𒀀𒉿𒅈𒈾"", -26.2798]]"
tumeijasau	kuit	-24.8364	"[[""kuit"", -24.8364], [""kuis"", -24.8364], [""tasːus"", -24.8839], [""salːis"", -25.0772], [""tepus"", -25.3562], [""palxis"", -25.4123], [""tsiːik"", -25.4366], [""pekːus"", -25.5721], [""𒋼𒊑𒀉𒋾𒌅𒌋𒉌𒅖"", -25.5942], [""sjeus"", -25.5981]]"
tur	ke	-5.9733	"[[""ke"", -5.9733], [""tuk"", -7.4024], [""tai"", -7.561], [""iti"", -7.6548], [""tawa"", -7.664], [""taru"", -7.664], [""teri"", -7.664], [""pata"", -7.8119], [""tsak"", -7.9348], [""tsik"", -7.9348]]"
turu	kut	-5.9705	"[[""kut"", -5.9705], [""tuk"", -5.9723], [""tepus"", -7.3517], [""patas"", -7.6322], [""itut"", -7.6378], [""tsak"", -8.1509], [""tsik"", -8.1509], [""sjeus"", -8.31], [""tetan"", -8.3528], [""as"", -8.379]]"
turus	pata	-7.3486	"[[""pata"", -7.3486], [""tuk"", -8.7847], [""kut"", -9.4747], [""tetan"", -9.5512], [""tai"", -9.7476], [""iti"", -9.7505], [""saːki"", -10.0498], [""sakːi"", -10.0504], [""tepus"", -10.0514], [""pestsi"", -10.0611]]"
turusa	pata	-10.8527	"[[""pata"", -10.8527], [""tuk"", -12.2885], [""tetan"", -12.4153], [""kut"", -12.9788], [""tepus"", -13.1157], [""sakːi"", -13.2137], [""tai"", -13.2445], [""iti"", -13.2549], [""patas"", -13.2675], [""sikaʃ"", -13.4035]]"
turusai	pata	-14.3568	"[[""pata"", -14.3568], [""tetan"", -15.5337], [""tuk"", -15.7923], [""tepus"", -16.3156], [""tasːus"", -16.3175], [""sakːi"", -16.3609], [""patas"", -16.456], [""kut"", -16.483], [""sikaʃ"", -16.5186], [""sakan"", -16.5186]]"
turusaid	pata	-17.8609	"[[""pata"", -17.8609], [""tetan"", -18.7611], [""tuk"", -19.2962], [""tasːus"", -19.3292], [""sakːi"", -19.5303], [""tepus"", -19.587], [""patas"", -19.7215], [""sakan"", -19.7436], [""sikaʃ"", -19.7436], [""tekan"", -19.7436]]"
turusaida	pata	-21.3651	"[[""pata"", -21.3651], [""tetan"", -22.0496], [""tasːus"", -22.4371], [""sakːi"", -22.7317], [""tuk"", -22.8], [""tsiːik"", -22.851], [""tepus"", -22.9025], [""sakan"", -23.0299], [""tekan"", -23.0299], [""sikaʃ"", -23.0299]]"
turusaidaa	pata	-24.8692	"[[""pata"", -24.8692], [""tetan"", -25.3771], [""𒋼𒊑𒀉𒋾𒌅𒌋𒉌𒅖"", -25.5942], [""tasːus"", -25.6092], [""tsiːik"", -25.9569], [""sakːi"", -25.9644], [""tepus"", -26.2481], [""𒌷𒀀𒉿𒅈𒈾"", -26.2798], [""𒌷𒉈𒂊𒊭𒀸"", -26.2798], [""tuk"", -26.3039]]"
uin	𒀸𒋗𒉿	-8.4226	"[[""𒀸𒋗𒉿"", -8.4226], [""tuk"", -9.3601], [""tai"", -9.3632], [""tur"", -9.3632], [""ku6"", -9.3891], [""praː"", -9.7933], [""𒀀𒀝𒉌𒅖"", -9.899], [""𒈪𒋫𒀭𒉌"", -9.899], [""𒌷𒆷𒊍𒉺"", -9.899], [""𒌷𒄩𒀜𒋾"", -9.899]]"
uina	𒀸𒋗𒉿	-10.6439	"[[""𒀸𒋗𒉿"", -10.6439], [""𒌷𒆷𒊍𒉺"", -11.1101], [""𒀀𒀝𒉌𒅖"", -11.1101], [""𒈪𒋫𒀭𒉌"", -11.1101], [""𒌷𒄩𒀜𒋾"", -11.1101], [""𒌷𒀀𒉿𒅈𒈾"", -12.2879], [""𒌷𒉈𒂊𒊭𒀸"", -12.2879], [""ku6"", -12.322], [""tuk"", -12.5665], [""tai"", -12.5688]]"
uinai	𒀀𒀝𒉌𒅖	-13.1999	"[[""𒀀𒀝𒉌𒅖"", -13.1999], [""𒌷𒄩𒀜𒋾"", -13.1999], [""𒈪𒋫𒀭𒉌"", -13.1999], [""𒌷𒆷𒊍𒉺"", -13.1999], [""𒀸𒋗𒉿"", -13.2697], [""𒌷𒉈𒂊𒊭𒀸"", -13.742], [""𒌷𒀀𒉿𒅈𒈾"", -13.742], [""ku6"", -15.3836], [""praː"", -15.5995], [""tuk"", -15.8373]]"
uinaid	𒌷𒆷𒊍𒉺	-15.6764	"[[""𒌷𒆷𒊍𒉺"", -15.6764], [""𒀀𒀝𒉌𒅖"", -15.6764], [""𒌷𒄩𒀜𒋾"", -15.6764], [""𒈪𒋫𒀭𒉌"", -15.6764], [""𒌷𒀀𒉿𒅈𒈾"", -15.7621], [""𒌷𒉈𒂊𒊭𒀸"", -15.7621], [""𒀸𒋗𒉿"", -16.1017], [""𒋼𒊑𒀉𒋾𒌅𒌋𒉌𒅖"", -18.0751], [""ku6"", -18.5266], [""praː"", -18.6945]]"
uinaida	𒌷𒀀𒉿𒅈𒈾	-18.1288	"[[""𒌷𒀀𒉿𒅈𒈾"", -18.1288], [""𒌷𒉈𒂊𒊭𒀸"", -18.1288], [""𒌷𒆷𒊍𒉺"", -18.3706], [""𒀀𒀝𒉌𒅖"", -18.3706], [""𒌷𒄩𒀜𒋾"", -18.3706], [""𒈪𒋫𒀭𒉌"", -18.3706], [""𒀸𒋗𒉿"", -19.0604], [""𒋼𒊑𒀉𒋾𒌅𒌋𒉌𒅖"", -19.6834], [""ku6"", -21.7259], [""praː"", -21.8575]]"
uinaidaj	𒌷𒉈𒂊𒊭𒀸	-20.7122	"[[""𒌷𒉈𒂊𒊭𒀸"", -20.7122], [""𒌷𒀀𒉿𒅈𒈾"", -20.7122], [""𒀀𒀝𒉌𒅖"", -21.2055], [""𒌷𒆷𒊍𒉺"", -21.2055], [""𒈪𒋫𒀭𒉌"", -21.2055], [""𒌷𒄩𒀜𒋾"", -21.2055], [""𒋼𒊑𒀉𒋾𒌅𒌋𒉌𒅖"", -21.435], [""teːpuːʃ"", -22.0371], [""𒀸𒋗𒉿"", -22.1053], [""sakːi"", -22.1358]]"
uinaidaja	𒋼𒊑𒀉𒋾𒌅𒌋𒉌𒅖	-23.4063	"[[""𒋼𒊑𒀉𒋾𒌅𒌋𒉌𒅖"", -23.4063], [""𒌷𒉈𒂊𒊭𒀸"", -23.4428], [""𒌷𒀀𒉿𒅈𒈾"", -23.4428], [""𒌷𒆷𒊍𒉺"", -24.139], [""𒌷𒄩𒀜𒋾"", -24.139], [""𒈪𒋫𒀭𒉌"", -24.139], [""𒀀𒀝𒉌𒅖"", -24.139], [""𒀸𒋗𒉿"", -25.2127], [""teːpuːʃ"", -25.532], [""sakːi"", -25.6331]]"
uinaidajas	𒋼𒊑𒀉𒋾𒌅𒌋𒉌𒅖	-25.5942	"[[""𒋼𒊑𒀉𒋾𒌅𒌋𒉌𒅖"", -25.5942], [""𒌷𒀀𒉿𒅈𒈾"", -26.2798], [""𒌷𒉈𒂊𒊭𒀸"", -26.2798], [""tsiːik"", -26.6626], [""tuk"", -26.988], [""𒌷𒄩𒀜𒋾"", -27.1456], [""𒀀𒀝𒉌𒅖"", -27.1456], [""𒌷𒆷𒊍𒉺"", -27.1456], [""𒈪𒋫𒀭𒉌"", -27.1456], [""tai"", -27.2468]]"
uja	ku6	-5.3209	"[[""ku6"", -5.3209], [""ke"", -5.976], [""tai"", -7.1732], [""taru"", -7.2484], [""tawa"", -7.2484], [""teri"", -7.2484], [""tuk"", -7.5323], [""tur"", -7.5328], [""saːki"", -7.6082], [""kuiʃ"", -7.6501]]"
ujas	tuk	-5.9682	"[[""tuk"", -5.9682], [""tai"", -6.2484], [""paːi"", -6.6871], [""pai"", -7.3421], [""saːki"", -7.7885], [""sakːi"", -7.9664], [""ku6"", -8.1368], [""tsik"", -8.6003], [""tsak"", -8.6003], [""taru"", -8.6821]]"
ujasa	tuk	-9.4707	"[[""tuk"", -9.4707], [""tai"", -9.7491], [""paːi"", -10.1778], [""pai"", -10.8424], [""saːki"", -10.9004], [""ku6"", -10.9607], [""sakːi"", -10.972], [""tsak"", -12.1002], [""tsik"", -12.1002], [""tawa"", -12.1058]]"
ujasas	saːki	-10.1592	"[[""saːki"", -10.1592], [""sakːi"", -10.169], [""tuk"", -11.8898], [""paːi"", -12.1084], [""tai"", -12.1734], [""tsiːik"", -12.7783], [""supːari"", -12.8582], [""pai"", -13.2625], [""kuiʃki"", -13.3688], [""patːaːi"", -13.4938]]"
ujasasa	saːki	-13.6479	"[[""saːki"", -13.6479], [""sakːi"", -13.6549], [""tuk"", -15.3951], [""paːi"", -15.608], [""tai"", -15.6778], [""teːpuːʃ"", -15.7462], [""supːari"", -15.9675], [""tsiːik"", -16.2682], [""sikaʃ"", -16.7579], [""tepus"", -16.7588]]"
ujasasar	saːki	-15.4173	"[[""saːki"", -15.4173], [""sakːi"", -15.4215], [""supːari"", -17.158], [""xapa"", -17.8207], [""tsiːik"", -17.9254], [""paːi"", -18.0303], [""teːpuːʃ"", -18.038], [""kiːklupa"", -18.1606], [""tuk"", -18.214], [""patːaːi"", -18.3822]]"
ujasasara	saːki	-18.9165	"[[""saːki"", -18.9165], [""sakːi"", -18.9197], [""supːari"", -20.4949], [""teːpuːʃ"", -20.6351], [""xapa"", -21.3177], [""tsiːik"", -21.4251], [""paːi"", -21.5326], [""kiːklupa"", -21.6125], [""tuk"", -21.7203], [""patːaːi"", -21.8733]]"
ujasasaram	sakːi	-22.4145	"[[""sakːi"", -22.4145], [""saːki"", -22.4155], [""teːpuːʃ"", -23.4932], [""supːari"", -23.85], [""xapa"", -24.8149], [""tsiːik"", -24.9244], [""paːi"", -25.0333], [""kiːklupa"", -25.0654], [""tuk"", -25.2266], [""patːaːi"", -25.3571]]"
uka	𒀸𒋗𒉿	-8.4226	"[[""𒀸𒋗𒉿"", -8.4226], [""tuk"", -9.3601], [""tai"", -9.3632], [""tur"", -9.3632], [""ku6"", -9.3891], [""praː"", -9.7933], [""𒀀𒀝𒉌𒅖"", -9.899], [""𒈪𒋫𒀭𒉌"", -9.899], [""𒌷𒆷𒊍𒉺"", -9.899], [""𒌷𒄩𒀜𒋾"", -9.899]]"
ukan	𒀸𒋗𒉿	-10.6439	"[[""𒀸𒋗𒉿"", -10.6439], [""𒌷𒆷𒊍𒉺"", -11.1101], [""𒀀𒀝𒉌𒅖"", -11.1101], [""𒈪𒋫𒀭𒉌"", -11.1101], [""𒌷𒄩𒀜𒋾"", -11.1101], [""𒌷𒀀𒉿𒅈𒈾"", -12.2879], [""𒌷𒉈𒂊𒊭𒀸"", -12.2879], [""ku6"", -12.322], [""tuk"", -12.5665], [""tai"", -12.5688]]"
ukana	𒀀𒀝𒉌𒅖	-13.1999	"[[""𒀀𒀝𒉌𒅖"", -13.1999], [""𒌷𒄩𒀜𒋾"", -13.1999], [""𒈪𒋫𒀭𒉌"", -13.1999], [""𒌷𒆷𒊍𒉺"", -13.1999], [""𒀸𒋗𒉿"", -13.2697], [""𒌷𒉈𒂊𒊭𒀸"", -13.742], [""𒌷𒀀𒉿𒅈𒈾"", -13.742], [""ku6"", -15.3836], [""praː"", -15.5995], [""tuk"", -15.8373]]"
ukanas	𒌷𒆷𒊍𒉺	-15.6764	"[[""𒌷𒆷𒊍𒉺"", -15.6764], [""𒀀𒀝𒉌𒅖"", -15.6764], [""𒈪𒋫𒀭𒉌"", -15.6764], [""𒌷𒄩𒀜𒋾"", -15.6764], [""𒌷𒉈𒂊𒊭𒀸"", -15.7621], [""𒌷𒀀𒉿𒅈𒈾"", -15.7621], [""sakːi"", -15.8642], [""𒀸𒋗𒉿"", -16.1017], [""ke"", -16.4748], [""paːi"", -16.7145]]"
ume	𒀸𒋗𒉿	-8.4226	"[[""𒀸𒋗𒉿"", -8.4226], [""tuk"", -9.3601], [""tai"", -9.3632], [""tur"", -9.3632], [""ku6"", -9.3891], [""praː"", -9.7933], [""𒀀𒀝𒉌𒅖"", -9.899], [""𒈪𒋫𒀭𒉌"", -9.899], [""𒌷𒆷𒊍𒉺"", -9.899], [""𒌷𒄩𒀜𒋾"", -9.899]]"
umei	𒀸𒋗𒉿	-10.6439	"[[""𒀸𒋗𒉿"", -10.6439], [""𒌷𒆷𒊍𒉺"", -11.1101], [""𒀀𒀝𒉌𒅖"", -11.1101], [""𒈪𒋫𒀭𒉌"", -11.1101], [""𒌷𒄩𒀜𒋾"", -11.1101], [""𒌷𒀀𒉿𒅈𒈾"", -12.2879], [""𒌷𒉈𒂊𒊭𒀸"", -12.2879], [""ku6"", -12.322], [""tuk"", -12.5665], [""tai"", -12.5688]]"
umeij	sakːi	-12.8786	"[[""sakːi"", -12.8786], [""ke"", -12.9766], [""𒀀𒀝𒉌𒅖"", -13.1999], [""𒌷𒄩𒀜𒋾"", -13.1999], [""𒌷𒆷𒊍𒉺"", -13.1999], [""𒈪𒋫𒀭𒉌"", -13.1999], [""𒀸𒋗𒉿"", -13.2697], [""kuiʃ"", -13.5856], [""paːi"", -13.6324], [""tai"", -13.6619]]"
umeija	𒀀𒀝𒉌𒅖	-15.6764	"[[""𒀀𒀝𒉌𒅖"", -15.6764], [""𒌷𒆷𒊍𒉺"", -15.6764], [""𒈪𒋫𒀭𒉌"", -15.6764], [""𒌷𒄩𒀜𒋾"", -15.6764], [""𒌷𒀀𒉿𒅈𒈾"", -15.7621], [""𒌷𒉈𒂊𒊭𒀸"", -15.7621], [""ku6"", -15.7877], [""𒀸𒋗𒉿"", -16.1017], [""sakːi"", -16.3621], [""ke"", -16.4809]]"
umeijas	tuk	-16.4781	"[[""tuk"", -16.4781], [""tai"", -16.7474], [""paːi"", -17.1281], [""tsiːik"", -17.3639], [""pai"", -17.8347], [""sakːi"", -17.9377], [""patːaːi"", -18.1121], [""𒌷𒀀𒉿𒅈𒈾"", -18.1288], [""𒌷𒉈𒂊𒊭𒀸"", -18.1288], [""saːki"", -18.2271]]"
umeijasa	tuk	-19.9806	"[[""tuk"", -19.9806], [""tai"", -20.2482], [""paːi"", -20.6198], [""𒌷𒀀𒉿𒅈𒈾"", -20.7122], [""𒌷𒉈𒂊𒊭𒀸"", -20.7122], [""tsiːik"", -20.8385], [""taːʃːuːʃ"", -21.0577], [""sakːi"", -21.1221], [""𒌷𒄩𒀜𒋾"", -21.2055], [""𒌷𒆷𒊍𒉺"", -21.2055]]"
umeijasas	saːki	-20.6341	"[[""saːki"", -20.6341], [""sakːi"", -20.6684], [""tsiːik"", -22.0469], [""tuk"", -22.4039], [""paːi"", -22.5947], [""tai"", -22.6838], [""kuiʃki"", -22.9019], [""patːaːi"", -22.9624], [""supːari"", -23.2741], [""𒋼𒊑𒀉𒋾𒌅𒌋𒉌𒅖"", -23.4063]]"
umeijasasa	saːki	-24.1232	"[[""saːki"", -24.1232], [""sakːi"", -24.1545], [""tsiːik"", -25.5427], [""𒋼𒊑𒀉𒋾𒌅𒌋𒉌𒅖"", -25.5942], [""tuk"", -25.9092], [""paːi"", -26.0945], [""taːʃːuːʃ"", -26.1423], [""tai"", -26.1883], [""teːpuːʃ"", -26.2134], [""𒌷𒉈𒂊𒊭𒀸"", -26.2798]]"
umeijasau	kuit	-21.3315	"[[""kuit"", -21.3315], [""kuis"", -21.3315], [""tasːus"", -21.5639], [""salːis"", -21.5713], [""tepus"", -21.8614], [""palxis"", -21.911], [""tsiːik"", -22.0545], [""sjeus"", -22.097], [""pekːus"", -22.1886], [""tuk"", -22.4047]]"
umeijasaun	kuit	-24.8386	"[[""kuit"", -24.8386], [""kuis"", -24.8386], [""tasːus"", -25.0198], [""salːis"", -25.0778], [""tepus"", -25.3503], [""palxis"", -25.4181], [""tsiːik"", -25.5579], [""𒋼𒊑𒀉𒋾𒌅𒌋𒉌𒅖"", -25.5942], [""sjeus"", -25.604], [""pekːus"", -25.6685]]"
una	𒀸𒋗𒉿	-8.4226	"[[""𒀸𒋗𒉿"", -8.4226], [""tuk"", -9.3601], [""tai"", -9.3632], [""tur"", -9.3632], [""ku6"", -9.3891], [""praː"", -9.7933], [""𒀀𒀝𒉌𒅖"", -9.899], [""𒈪𒋫𒀭𒉌"", -9.899], [""𒌷𒆷𒊍𒉺"", -9.899], [""𒌷𒄩𒀜𒋾"", -9.899]]"
unak	𒀸𒋗𒉿	-10.6439	"[[""𒀸𒋗𒉿"", -10.6439], [""𒌷𒆷𒊍𒉺"", -11.1101], [""𒀀𒀝𒉌𒅖"", -11.1101], [""𒈪𒋫𒀭𒉌"", -11.1101], [""𒌷𒄩𒀜𒋾"", -11.1101], [""𒌷𒀀𒉿𒅈𒈾"", -12.2879], [""𒌷𒉈𒂊𒊭𒀸"", -12.2879], [""ku6"", -12.322], [""tuk"", -12.5665], [""tai"", -12.5688]]"
unaka	𒀀𒀝𒉌𒅖	-13.1999	"[[""𒀀𒀝𒉌𒅖"", -13.1999], [""𒌷𒄩𒀜𒋾"", -13.1999], [""𒈪𒋫𒀭𒉌"", -13.1999], [""𒌷𒆷𒊍𒉺"", -13.1999], [""𒀸𒋗𒉿"", -13.2697], [""𒌷𒉈𒂊𒊭𒀸"", -13.742], [""𒌷𒀀𒉿𒅈𒈾"", -13.742], [""ku6"", -15.3836], [""praː"", -15.5995], [""tuk"", -15.8373]]"
unakan	𒌷𒆷𒊍𒉺	-15.6764	"[[""𒌷𒆷𒊍𒉺"", -15.6764], [""𒀀𒀝𒉌𒅖"", -15.6764], [""𒌷𒄩𒀜𒋾"", -15.6764], [""𒈪𒋫𒀭𒉌"", -15.6764], [""𒌷𒀀𒉿𒅈𒈾"", -15.7621], [""𒌷𒉈𒂊𒊭𒀸"", -15.7621], [""𒀸𒋗𒉿"", -16.1017], [""𒋼𒊑𒀉𒋾𒌅𒌋𒉌𒅖"", -18.0751], [""ku6"", -18.5266], [""praː"", -18.6945]]"
unakana	𒌷𒀀𒉿𒅈𒈾	-18.1288	"[[""𒌷𒀀𒉿𒅈𒈾"", -18.1288], [""𒌷𒉈𒂊𒊭𒀸"", -18.1288], [""𒌷𒆷𒊍𒉺"", -18.3706], [""𒀀𒀝𒉌𒅖"", -18.3706], [""𒌷𒄩𒀜𒋾"", -18.3706], [""𒈪𒋫𒀭𒉌"", -18.3706], [""𒀸𒋗𒉿"", -19.0604], [""𒋼𒊑𒀉𒋾𒌅𒌋𒉌𒅖"", -19.6834], [""ku6"", -21.7259], [""praː"", -21.8575]]"
unakanas	𒌷𒉈𒂊𒊭𒀸	-20.7122	"[[""𒌷𒉈𒂊𒊭𒀸"", -20.7122], [""𒌷𒀀𒉿𒅈𒈾"", -20.7122], [""𒌷𒄩𒀜𒋾"", -21.2055], [""𒌷𒆷𒊍𒉺"", -21.2055], [""𒈪𒋫𒀭𒉌"", -21.2055], [""𒀀𒀝𒉌𒅖"", -21.2055], [""𒋼𒊑𒀉𒋾𒌅𒌋𒉌𒅖"", -21.435], [""𒀸𒋗𒉿"", -22.1053], [""sakːi"", -22.1292], [""paːi"", -23.0743]]"
unakanasi	𒋼𒊑𒀉𒋾𒌅𒌋𒉌𒅖	-23.4063	"[[""𒋼𒊑𒀉𒋾𒌅𒌋𒉌𒅖"", -23.4063], [""𒌷𒉈𒂊𒊭𒀸"", -23.4428], [""𒌷𒀀𒉿𒅈𒈾"", -23.4428], [""𒀀𒀝𒉌𒅖"", -24.139], [""𒌷𒄩𒀜𒋾"", -24.139], [""𒈪𒋫𒀭𒉌"", -24.139], [""𒌷𒆷𒊍𒉺"", -24.139], [""𒀸𒋗𒉿"", -25.2127], [""sakːi"", -25.6083], [""ku6"", -26.221]]"
unar	ke	-9.4715	"[[""ke"", -9.4715], [""sakːi"", -10.0358], [""tuk"", -10.1782], [""tai"", -10.3802], [""tsak"", -10.3864], [""tsik"", -10.3864], [""taru"", -10.4514], [""teri"", -10.4514], [""tawa"", -10.4514], [""𒀸𒋗𒉿"", -10.6439]]"
unaru	tuk	-9.4648	"[[""tuk"", -9.4648], [""kut"", -9.4688], [""tasːus"", -10.0308], [""salːis"", -10.0583], [""tepus"", -10.3405], [""atːas"", -10.5073], [""asːus"", -10.5073], [""sjeus"", -10.6941], [""tsiːik"", -11.0887], [""pekːus"", -11.1053]]"
unaruk	tuk	-12.9696	"[[""tuk"", -12.9696], [""kut"", -12.9757], [""tasːus"", -13.2623], [""salːis"", -13.5637], [""tepus"", -13.7739], [""atːas"", -13.9991], [""asːus"", -13.9991], [""sjeus"", -14.2002], [""pekːus"", -14.5098], [""tsiːik"", -14.5795]]"
unaruka	tasːus	-16.3772	"[[""tasːus"", -16.3772], [""tuk"", -16.4744], [""kut"", -16.4826], [""salːis"", -17.0677], [""tepus"", -17.2101], [""atːas"", -17.4764], [""asːus"", -17.4764], [""sjeus"", -17.7061], [""tetan"", -17.7412], [""sakːi"", -17.7438]]"
unarukan	tasːus	-19.4853	"[[""tasːus"", -19.4853], [""tuk"", -19.9792], [""kut"", -19.9895], [""salːis"", -20.57], [""tepus"", -20.6491], [""sakːi"", -20.7122], [""𒌷𒀀𒉿𒅈𒈾"", -20.7122], [""𒌷𒉈𒂊𒊭𒀸"", -20.7122], [""asːus"", -20.9401], [""atːas"", -20.9401]]"
unarukana	tasːus	-22.6256	"[[""tasːus"", -22.6256], [""𒋼𒊑𒀉𒋾𒌅𒌋𒉌𒅖"", -23.4063], [""𒌷𒉈𒂊𒊭𒀸"", -23.4428], [""𒌷𒀀𒉿𒅈𒈾"", -23.4428], [""tuk"", -23.484], [""kut"", -23.4963], [""sakːi"", -23.7918], [""patːai"", -23.9789], [""pitːai"", -23.9789], [""patːar"", -23.9796]]"
unarukanas	sakːi	-22.8313	"[[""sakːi"", -22.8313], [""patːaːi"", -23.943], [""sietsːi"", -24.7727], [""tasːus"", -24.8163], [""patːai"", -24.8233], [""pitːai"", -24.8233], [""pata"", -24.8599], [""supːari"", -25.0078], [""𒋼𒊑𒀉𒋾𒌅𒌋𒉌𒅖"", -25.5942], [""Ḫatːuʃa"", -25.7135]]"
uru	tuk	-2.4654	"[[""tuk"", -2.4654], [""kut"", -2.4657], [""tepus"", -3.9799], [""itut"", -4.7945], [""sjeus"", -4.8076], [""patas"", -4.8141], [""tetan"", -4.8478], [""as"", -4.8781], [""tsak"", -4.9612], [""tsik"", -4.9612]]"
urus	pata	-3.8441	"[[""pata"", -3.8441], [""tuk"", -5.2776], [""kut"", -5.9699], [""tetan"", -6.0445], [""tai"", -6.2406], [""iti"", -6.2531], [""sakːi"", -6.553], [""saːki"", -6.553], [""pestsi"", -6.5889], [""tepus"", -6.6025]]"
urusa	pata	-7.3482	"[[""pata"", -7.3482], [""tuk"", -8.7815], [""tetan"", -8.9085], [""kut"", -9.474], [""tepus"", -9.6457], [""sakːi"", -9.7135], [""tai"", -9.7375], [""iti"", -9.7575], [""patas"", -9.8963], [""tekan"", -9.8967]]"
urusai	pata	-10.8523	"[[""pata"", -10.8523], [""tetan"", -12.0268], [""tuk"", -12.2853], [""tasːus"", -12.8154], [""tepus"", -12.8357], [""sakːi"", -12.8587], [""kut"", -12.9782], [""sikaʃ"", -13.0119], [""sakan"", -13.0119], [""tekan"", -13.0119]]"
urusaid	pata	-14.3565	"[[""pata"", -14.3565], [""tetan"", -15.2543], [""tuk"", -15.7891], [""tasːus"", -15.8254], [""sakːi"", -16.0267], [""tepus"", -16.1013], [""sakan"", -16.2368], [""tekan"", -16.2368], [""sikaʃ"", -16.2368], [""patas"", -16.2908]]"
urusaida	pata	-17.8606	"[[""pata"", -17.8606], [""tetan"", -18.5427], [""tasːus"", -18.9323], [""sakːi"", -19.2272], [""tuk"", -19.293], [""tsiːik"", -19.3535], [""tepus"", -19.4131], [""tekan"", -19.5231], [""sikaʃ"", -19.5231], [""sakan"", -19.5231]]"
urusaidaa	pata	-21.3647	"[[""pata"", -21.3647], [""tetan"", -21.8703], [""tasːus"", -22.1039], [""tsiːik"", -22.4574], [""sakːi"", -22.4593], [""tepus"", -22.7561], [""tuk"", -22.7969], [""sakan"", -22.8485], [""tekan"", -22.8485], [""sikaʃ"", -22.8485]]"
urusaidaau	tepus	-21.3311	"[[""tepus"", -21.3311], [""patas"", -21.357], [""tasːus"", -21.8632], [""sakawis"", -22.8024], [""tsiːik"", -23.3096], [""tsik"", -23.4688], [""tsak"", -23.4688], [""pekːus"", -23.509], [""itut"", -23.7641], [""pesnas"", -24.1881]]"
usa	ku6	-5.3137	"[[""ku6"", -5.3137], [""ke"", -5.9689], [""tuk"", -7.077], [""tai"", -7.1732], [""taru"", -7.2484], [""teri"", -7.2484], [""tawa"", -7.2484], [""tur"", -7.5328], [""saːki"", -7.5715], [""paːi"", -7.8692]]"
usai	ku6	-8.1374	"[[""ku6"", -8.1374], [""ke"", -9.4697], [""saːki"", -10.044], [""tuk"", -10.3212], [""tai"", -10.3943], [""tawa"", -10.4536], [""teri"", -10.4536], [""taru"", -10.4536], [""𒀸𒋗𒉿"", -10.6439], [""tur"", -10.6513]]"
usaid	ku6	-11.2406	"[[""ku6"", -11.2406], [""saːki"", -12.8724], [""ke"", -12.9705], [""𒀀𒀝𒉌𒅖"", -13.1999], [""𒈪𒋫𒀭𒉌"", -13.1999], [""𒌷𒆷𒊍𒉺"", -13.1999], [""𒌷𒄩𒀜𒋾"", -13.1999], [""𒀸𒋗𒉿"", -13.2697], [""tuk"", -13.62], [""tai"", -13.6789]]"
usaida	ku6	-14.4595	"[[""ku6"", -14.4595], [""𒀀𒀝𒉌𒅖"", -15.6764], [""𒌷𒆷𒊍𒉺"", -15.6764], [""𒌷𒄩𒀜𒋾"", -15.6764], [""𒈪𒋫𒀭𒉌"", -15.6764], [""𒌷𒉈𒂊𒊭𒀸"", -15.7621], [""𒌷𒀀𒉿𒅈𒈾"", -15.7621], [""saːki"", -15.8708], [""𒀸𒋗𒉿"", -16.1017], [""ke"", -16.4714]]"
usaidaa	ku6	-17.7421	"[[""ku6"", -17.7421], [""𒌷𒉈𒂊𒊭𒀸"", -18.1288], [""𒌷𒀀𒉿𒅈𒈾"", -18.1288], [""𒀀𒀝𒉌𒅖"", -18.3706], [""𒈪𒋫𒀭𒉌"", -18.3706], [""𒌷𒄩𒀜𒋾"", -18.3706], [""𒌷𒆷𒊍𒉺"", -18.3706], [""saːki"", -18.9699], [""𒀸𒋗𒉿"", -19.0604], [""𒋼𒊑𒀉𒋾𒌅𒌋𒉌𒅖"", -19.6834]]"
usaidaau	kut	-19.9645	"[[""kut"", -19.9645], [""tuk"", -19.9733], [""tiːtan"", -20.1164], [""tepus"", -20.2865], [""𒌷𒉈𒂊𒊭𒀸"", -20.7122], [""𒌷𒀀𒉿𒅈𒈾"", -20.7122], [""saːki"", -20.917], [""tasːus"", -21.0311], [""salːis"", -21.0481], [""ku6"", -21.0648]]"
ute	𒀸𒋗𒉿	-8.4226	"[[""𒀸𒋗𒉿"", -8.4226], [""tuk"", -9.3601], [""tai"", -9.3632], [""tur"", -9.3632], [""ku6"", -9.3891], [""praː"", -9.7933], [""𒀀𒀝𒉌𒅖"", -9.899], [""𒈪𒋫𒀭𒉌"", -9.899], [""𒌷𒆷𒊍𒉺"", -9.899], [""𒌷𒄩𒀜𒋾"", -9.899]]"
utei	𒀸𒋗𒉿	-10.6439	"[[""𒀸𒋗𒉿"", -10.6439], [""𒌷𒆷𒊍𒉺"", -11.1101], [""𒀀𒀝𒉌𒅖"", -11.1101], [""𒈪𒋫𒀭𒉌"", -11.1101], [""𒌷𒄩𒀜𒋾"", -11.1101], [""𒌷𒀀𒉿𒅈𒈾"", -12.2879], [""𒌷𒉈𒂊𒊭𒀸"", -12.2879], [""ku6"", -12.322], [""tuk"", -12.5665], [""tai"", -12.5688]]"
uteid	𒀀𒀝𒉌𒅖	-13.1999	"[[""𒀀𒀝𒉌𒅖"", -13.1999], [""𒌷𒄩𒀜𒋾"", -13.1999], [""𒈪𒋫𒀭𒉌"", -13.1999], [""𒌷𒆷𒊍𒉺"", -13.1999], [""𒀸𒋗𒉿"", -13.2697], [""𒌷𒉈𒂊𒊭𒀸"", -13.742], [""𒌷𒀀𒉿𒅈𒈾"", -13.742], [""ku6"", -15.3836], [""praː"", -15.5995], [""tuk"", -15.8373]]"
uteidi	𒌷𒆷𒊍𒉺	-15.6764	"[[""𒌷𒆷𒊍𒉺"", -15.6764], [""𒀀𒀝𒉌𒅖"", -15.6764], [""𒌷𒄩𒀜𒋾"", -15.6764], [""𒈪𒋫𒀭𒉌"", -15.6764], [""𒌷𒀀𒉿𒅈𒈾"", -15.7621], [""𒌷𒉈𒂊𒊭𒀸"", -15.7621], [""𒀸𒋗𒉿"", -16.1017], [""𒋼𒊑𒀉𒋾𒌅𒌋𒉌𒅖"", -18.0751], [""ku6"", -18.5266], [""praː"", -18.6945]]"
uti	𒀸𒋗𒉿	-8.4226	"[[""𒀸𒋗𒉿"", -8.4226], [""tuk"", -9.3601], [""tai"", -9.3632], [""tur"", -9.3632], [""ku6"", -9.3891], [""praː"", -9.7933], [""𒀀𒀝𒉌𒅖"", -9.899], [""𒈪𒋫𒀭𒉌"", -9.899], [""𒌷𒆷𒊍𒉺"", -9.899], [""𒌷𒄩𒀜𒋾"", -9.899]]"
utin	𒀸𒋗𒉿	-10.6439	"[[""𒀸𒋗𒉿"", -10.6439], [""𒌷𒆷𒊍𒉺"", -11.1101], [""𒀀𒀝𒉌𒅖"", -11.1101], [""𒈪𒋫𒀭𒉌"", -11.1101], [""𒌷𒄩𒀜𒋾"", -11.1101], [""𒌷𒀀𒉿𒅈𒈾"", -12.2879], [""𒌷𒉈𒂊𒊭𒀸"", -12.2879], [""ku6"", -12.322], [""tuk"", -12.5665], [""tai"", -12.5688]]"
utinu	tsak	-13.0963	"[[""tsak"", -13.0963], [""tsik"", -13.0963], [""𒈪𒋫𒀭𒉌"", -13.1999], [""𒌷𒄩𒀜𒋾"", -13.1999], [""𒌷𒆷𒊍𒉺"", -13.1999], [""𒀀𒀝𒉌𒅖"", -13.1999], [""𒀸𒋗𒉿"", -13.2697], [""tuk"", -13.5794], [""kut"", -13.6052], [""kuis"", -13.6499]]"
utinui	𒈪𒋫𒀭𒉌	-15.6764	"[[""𒈪𒋫𒀭𒉌"", -15.6764], [""𒌷𒄩𒀜𒋾"", -15.6764], [""𒌷𒆷𒊍𒉺"", -15.6764], [""𒀀𒀝𒉌𒅖"", -15.6764], [""𒌷𒉈𒂊𒊭𒀸"", -15.7621], [""𒌷𒀀𒉿𒅈𒈾"", -15.7621], [""𒀸𒋗𒉿"", -16.1017], [""tsak"", -16.2511], [""tsik"", -16.2511], [""tuk"", -17.0456]]"
utinuin	𒌷𒀀𒉿𒅈𒈾	-18.1288	"[[""𒌷𒀀𒉿𒅈𒈾"", -18.1288], [""𒌷𒉈𒂊𒊭𒀸"", -18.1288], [""𒈪𒋫𒀭𒉌"", -18.3706], [""𒌷𒆷𒊍𒉺"", -18.3706], [""𒌷𒄩𒀜𒋾"", -18.3706], [""𒀀𒀝𒉌𒅖"", -18.3706], [""𒀸𒋗𒉿"", -19.0604], [""tsak"", -19.4914], [""tsik"", -19.4914], [""𒋼𒊑𒀉𒋾𒌅𒌋𒉌𒅖"", -19.6834]]"
utinuina	𒌷𒀀𒉿𒅈𒈾	-20.7122	"[[""𒌷𒀀𒉿𒅈𒈾"", -20.7122], [""𒌷𒉈𒂊𒊭𒀸"", -20.7122], [""𒈪𒋫𒀭𒉌"", -21.2055], [""𒌷𒄩𒀜𒋾"", -21.2055], [""𒌷𒆷𒊍𒉺"", -21.2055], [""𒀀𒀝𒉌𒅖"", -21.2055], [""𒋼𒊑𒀉𒋾𒌅𒌋𒉌𒅖"", -21.435], [""𒀸𒋗𒉿"", -22.1053], [""tsik"", -22.7827], [""tsak"", -22.7827]]"
utinuinai	𒋼𒊑𒀉𒋾𒌅𒌋𒉌𒅖	-23.4063	"[[""𒋼𒊑𒀉𒋾𒌅𒌋𒉌𒅖"", -23.4063], [""𒌷𒉈𒂊𒊭𒀸"", -23.4428], [""𒌷𒀀𒉿𒅈𒈾"", -23.4428], [""𒀀𒀝𒉌𒅖"", -24.139], [""𒈪𒋫𒀭𒉌"", -24.139], [""𒌷𒄩𒀜𒋾"", -24.139], [""𒌷𒆷𒊍𒉺"", -24.139], [""𒀸𒋗𒉿"", -25.2127], [""tsak"", -26.108], [""tsik"", -26.108]]"
utinuinaid	𒋼𒊑𒀉𒋾𒌅𒌋𒉌𒅖	-25.5942	"[[""𒋼𒊑𒀉𒋾𒌅𒌋𒉌𒅖"", -25.5942], [""𒌷𒉈𒂊𒊭𒀸"", -26.2798], [""𒌷𒀀𒉿𒅈𒈾"", -26.2798], [""𒀀𒀝𒉌𒅖"", -27.1456], [""𒈪𒋫𒀭𒉌"", -27.1456], [""𒌷𒄩𒀜𒋾"", -27.1456], [""𒌷𒆷𒊍𒉺"", -27.1456], [""𒀸𒋗𒉿"", -28.3678], [""tsik"", -29.4574], [""tsak"", -29.4574]]"
utinuj	saːki	-13.7343	"[[""saːki"", -13.7343], [""pata"", -14.9701], [""tsik"", -15.05], [""tsak"", -15.05], [""teːpuːʃ"", -15.2332], [""𒌷𒆷𒊍𒉺"", -15.6764], [""𒌷𒄩𒀜𒋾"", -15.6764], [""𒀀𒀝𒉌𒅖"", -15.6764], [""𒈪𒋫𒀭𒉌"", -15.6764], [""𒌷𒉈𒂊𒊭𒀸"", -15.7621]]"
utinuja	saːki	-17.2154	"[[""saːki"", -17.2154], [""tsik"", -17.9751], [""tsak"", -17.9751], [""tsiːik"", -18.0838], [""𒌷𒀀𒉿𒅈𒈾"", -18.1288], [""𒌷𒉈𒂊𒊭𒀸"", -18.1288], [""𒀀𒀝𒉌𒅖"", -18.3706], [""𒌷𒄩𒀜𒋾"", -18.3706], [""𒈪𒋫𒀭𒉌"", -18.3706], [""𒌷𒆷𒊍𒉺"", -18.3706]]"
utinujas	tsak	-16.4823	"[[""tsak"", -16.4823], [""tsik"", -16.4823], [""tsiːik"", -17.9678], [""tuk"", -19.2918], [""tai"", -19.5718], [""saːki"", -19.7555], [""paːi"", -19.966], [""sakːi"", -20.1099], [""pai"", -20.6636], [""𒌷𒉈𒂊𒊭𒀸"", -20.7122]]"
utinujasa	tsak	-19.9848	"[[""tsak"", -19.9848], [""tsik"", -19.9848], [""tsiːik"", -21.2246], [""tuk"", -22.7943], [""tai"", -23.0726], [""saːki"", -23.1429], [""𒋼𒊑𒀉𒋾𒌅𒌋𒉌𒅖"", -23.4063], [""sakːi"", -23.4325], [""𒌷𒉈𒂊𒊭𒀸"", -23.4428], [""𒌷𒀀𒉿𒅈𒈾"", -23.4428]]"
utinujasas	tsiːik	-20.6621	"[[""tsiːik"", -20.6621], [""tsak"", -22.4037], [""tsik"", -22.4037], [""saːki"", -23.4237], [""sakːi"", -23.4515], [""patːaːi"", -24.5682], [""tuk"", -25.2212], [""pitːai"", -25.2929], [""patːai"", -25.2929], [""paːi"", -25.4244]]"
uΦe	𒀸𒋗𒉿	-8.4226	"[[""𒀸𒋗𒉿"", -8.4226], [""tuk"", -9.3601], [""tai"", -9.3632], [""tur"", -9.3632], [""ku6"", -9.3891], [""praː"", -9.7933], [""𒀀𒀝𒉌𒅖"", -9.899], [""𒈪𒋫𒀭𒉌"", -9.899], [""𒌷𒆷𒊍𒉺"", -9.899], [""𒌷𒄩𒀜𒋾"", -9.899]]"
uΦet	𒀸𒋗𒉿	-10.6439	"[[""𒀸𒋗𒉿"", -10.6439], [""𒌷𒆷𒊍𒉺"", -11.1101], [""𒀀𒀝𒉌𒅖"", -11.1101], [""𒈪𒋫𒀭𒉌"", -11.1101], [""𒌷𒄩𒀜𒋾"", -11.1101], [""𒌷𒀀𒉿𒅈𒈾"", -12.2879], [""𒌷𒉈𒂊𒊭𒀸"", -12.2879], [""ku6"", -12.322], [""tuk"", -12.5665], [""tai"", -12.5688]]"
uΦetu	tsak	-13.0963	"[[""tsak"", -13.0963], [""tsik"", -13.0963], [""𒈪𒋫𒀭𒉌"", -13.1999], [""𒌷𒄩𒀜𒋾"", -13.1999], [""𒌷𒆷𒊍𒉺"", -13.1999], [""𒀀𒀝𒉌𒅖"", -13.1999], [""𒀸𒋗𒉿"", -13.2697], [""tuk"", -13.5794], [""kut"", -13.6052], [""kuis"", -13.6499]]"
uΦetum	𒈪𒋫𒀭𒉌	-15.6764	"[[""𒈪𒋫𒀭𒉌"", -15.6764], [""𒌷𒄩𒀜𒋾"", -15.6764], [""𒌷𒆷𒊍𒉺"", -15.6764], [""𒀀𒀝𒉌𒅖"", -15.6764], [""𒌷𒉈𒂊𒊭𒀸"", -15.7621], [""𒌷𒀀𒉿𒅈𒈾"", -15.7621], [""𒀸𒋗𒉿"", -16.1017], [""tsak"", -16.2511], [""tsik"", -16.2511], [""tuk"", -17.0456]]"
uΦetume	𒌷𒀀𒉿𒅈𒈾	-18.1288	"[[""𒌷𒀀𒉿𒅈𒈾"", -18.1288], [""𒌷𒉈𒂊𒊭𒀸"", -18.1288], [""𒈪𒋫𒀭𒉌"", -18.3706], [""𒌷𒆷𒊍𒉺"", -18.3706], [""𒌷𒄩𒀜𒋾"", -18.3706], [""𒀀𒀝𒉌𒅖"", -18.3706], [""𒀸𒋗𒉿"", -19.0604], [""tsak"", -19.4914], [""tsik"", -19.4914], [""𒋼𒊑𒀉𒋾𒌅𒌋𒉌𒅖"", -19.6834]]"
uΦetumei	𒌷𒀀𒉿𒅈𒈾	-20.7122	"[[""𒌷𒀀𒉿𒅈𒈾"", -20.7122], [""𒌷𒉈𒂊𒊭𒀸"", -20.7122], [""𒈪𒋫𒀭𒉌"", -21.2055], [""𒌷𒄩𒀜𒋾"", -21.2055], [""𒌷𒆷𒊍𒉺"", -21.2055], [""𒀀𒀝𒉌𒅖"", -21.2055], [""𒋼𒊑𒀉𒋾𒌅𒌋𒉌𒅖"", -21.435], [""𒀸𒋗𒉿"", -22.1053], [""tsik"", -22.7827], [""tsak"", -22.7827]]"
uΦetumeij	teːpuːʃ	-23.4056	"[[""teːpuːʃ"", -23.4056], [""𒋼𒊑𒀉𒋾𒌅𒌋𒉌𒅖"", -23.4063], [""𒌷𒉈𒂊𒊭𒀸"", -23.4428], [""𒌷𒀀𒉿𒅈𒈾"", -23.4428], [""sakːi"", -23.6267], [""etsːi"", -24.0427], [""𒈪𒋫𒀭𒉌"", -24.139], [""𒌷𒄩𒀜𒋾"", -24.139], [""𒀀𒀝𒉌𒅖"", -24.139], [""𒌷𒆷𒊍𒉺"", -24.139]]"
uΦetumeija	𒋼𒊑𒀉𒋾𒌅𒌋𒉌𒅖	-25.5942	"[[""𒋼𒊑𒀉𒋾𒌅𒌋𒉌𒅖"", -25.5942], [""𒌷𒉈𒂊𒊭𒀸"", -26.2798], [""𒌷𒀀𒉿𒅈𒈾"", -26.2798], [""teːpuːʃ"", -26.8737], [""sakːi"", -27.1272], [""𒌷𒆷𒊍𒉺"", -27.1456], [""𒀀𒀝𒉌𒅖"", -27.1456], [""𒈪𒋫𒀭𒉌"", -27.1456], [""𒌷𒄩𒀜𒋾"", -27.1456], [""etsːi"", -27.5443]]"
wae	𒀸𒋗𒉿	-8.4226	"[[""𒀸𒋗𒉿"", -8.4226], [""𒀀𒀝𒉌𒅖"", -9.899], [""𒌷𒄩𒀜𒋾"", -9.899], [""𒈪𒋫𒀭𒉌"", -9.899], [""𒌷𒆷𒊍𒉺"", -9.899], [""𒌷𒉈𒂊𒊭𒀸"", -10.7315], [""𒌷𒀀𒉿𒅈𒈾"", -10.7315], [""ku6"", -12.1474], [""aʃ"", -12.8387], [""wa"", -12.8387]]"
waea	𒀸𒋗𒉿	-10.6439	"[[""𒀸𒋗𒉿"", -10.6439], [""𒀀𒀝𒉌𒅖"", -11.1101], [""𒌷𒆷𒊍𒉺"", -11.1101], [""𒈪𒋫𒀭𒉌"", -11.1101], [""𒌷𒄩𒀜𒋾"", -11.1101], [""𒌷𒀀𒉿𒅈𒈾"", -12.2879], [""𒌷𒉈𒂊𒊭𒀸"", -12.2879], [""ku6"", -14.9765], [""𒋼𒊑𒀉𒋾𒌅𒌋𒉌𒅖"", -15.6251], [""lu"", -16.0479]]"
waead	𒌷𒆷𒊍𒉺	-13.1999	"[[""𒌷𒆷𒊍𒉺"", -13.1999], [""𒀀𒀝𒉌𒅖"", -13.1999], [""𒌷𒄩𒀜𒋾"", -13.1999], [""𒈪𒋫𒀭𒉌"", -13.1999], [""𒀸𒋗𒉿"", -13.2697], [""𒌷𒀀𒉿𒅈𒈾"", -13.742], [""𒌷𒉈𒂊𒊭𒀸"", -13.742], [""𒋼𒊑𒀉𒋾𒌅𒌋𒉌𒅖"", -16.8346], [""ku6"", -17.9765], [""ke"", -19.3208]]"
waeadi	𒀀𒀝𒉌𒅖	-15.6764	"[[""𒀀𒀝𒉌𒅖"", -15.6764], [""𒌷𒄩𒀜𒋾"", -15.6764], [""𒈪𒋫𒀭𒉌"", -15.6764], [""𒌷𒆷𒊍𒉺"", -15.6764], [""𒌷𒀀𒉿𒅈𒈾"", -15.7621], [""𒌷𒉈𒂊𒊭𒀸"", -15.7621], [""𒀸𒋗𒉿"", -16.1017], [""𒋼𒊑𒀉𒋾𒌅𒌋𒉌𒅖"", -18.0751], [""ku6"", -21.0773], [""lu"", -22.6343]]"
waeadik	𒌷𒀀𒉿𒅈𒈾	-18.1288	"[[""𒌷𒀀𒉿𒅈𒈾"", -18.1288], [""𒌷𒉈𒂊𒊭𒀸"", -18.1288], [""𒌷𒄩𒀜𒋾"", -18.3706], [""𒀀𒀝𒉌𒅖"", -18.3706], [""𒌷𒆷𒊍𒉺"", -18.3706], [""𒈪𒋫𒀭𒉌"", -18.3706], [""𒀸𒋗𒉿"", -19.0604], [""𒋼𒊑𒀉𒋾𒌅𒌋𒉌𒅖"", -19.6834], [""ku6"", -24.2448], [""iːsˤaː́"", -25.6984]]"
waeadiki	𒌷𒀀𒉿𒅈𒈾	-20.7122	"[[""𒌷𒀀𒉿𒅈𒈾"", -20.7122], [""𒌷𒉈𒂊𒊭𒀸"", -20.7122], [""𒀀𒀝𒉌𒅖"", -21.2055], [""𒌷𒄩𒀜𒋾"", -21.2055], [""𒈪𒋫𒀭𒉌"", -21.2055], [""𒌷𒆷𒊍𒉺"", -21.2055], [""𒋼𒊑𒀉𒋾𒌅𒌋𒉌𒅖"", -21.435], [""𒀸𒋗𒉿"", -22.1053], [""ku6"", -27.4599], [""iːsˤaː́"", -28.4239]]"
waeadikit	𒋼𒊑𒀉𒋾𒌅𒌋𒉌𒅖	-23.4063	"[[""𒋼𒊑𒀉𒋾𒌅𒌋𒉌𒅖"", -23.4063], [""𒌷𒉈𒂊𒊭𒀸"", -23.4428], [""𒌷𒀀𒉿𒅈𒈾"", -23.4428], [""𒀀𒀝𒉌𒅖"", -24.139], [""𒌷𒄩𒀜𒋾"", -24.139], [""𒌷𒆷𒊍𒉺"", -24.139], [""𒈪𒋫𒀭𒉌"", -24.139], [""𒀸𒋗𒉿"", -25.2127], [""ku6"", -30.7105], [""iːsˤaː́"", -31.2348]]"
waeadikite	𒋼𒊑𒀉𒋾𒌅𒌋𒉌𒅖	-25.5942	"[[""𒋼𒊑𒀉𒋾𒌅𒌋𒉌𒅖"", -25.5942], [""𒌷𒉈𒂊𒊭𒀸"", -26.2798], [""𒌷𒀀𒉿𒅈𒈾"", -26.2798], [""𒀀𒀝𒉌𒅖"", -27.1456], [""𒌷𒆷𒊍𒉺"", -27.1456], [""𒈪𒋫𒀭𒉌"", -27.1456], [""𒌷𒄩𒀜𒋾"", -27.1456], [""𒀸𒋗𒉿"", -28.3678], [""ku6"", -33.9888], [""iːsˤaː́"", -34.1135]]"
wai	𒀸𒋗𒉿	-8.4226	"[[""𒀸𒋗𒉿"", -8.4226], [""𒀀𒀝𒉌𒅖"", -9.899], [""𒌷𒄩𒀜𒋾"", -9.899], [""𒈪𒋫𒀭𒉌"", -9.899], [""𒌷𒆷𒊍𒉺"", -9.899], [""𒌷𒉈𒂊𒊭𒀸"", -10.7315], [""𒌷𒀀𒉿𒅈𒈾"", -10.7315], [""ku6"", -12.1474], [""aʃ"", -12.8387], [""wa"", -12.8387]]"
waij	𒀸𒋗𒉿	-10.6439	"[[""𒀸𒋗𒉿"", -10.6439], [""𒀀𒀝𒉌𒅖"", -11.1101], [""𒌷𒄩𒀜𒋾"", -11.1101], [""𒌷𒆷𒊍𒉺"", -11.1101], [""𒈪𒋫𒀭𒉌"", -11.1101], [""eːʃ"", -11.3418], [""xuːʃ"", -12.1291], [""𒌷𒉈𒂊𒊭𒀸"", -12.2879], [""𒌷𒀀𒉿𒅈𒈾"", -12.2879], [""aʃ"", -12.5547]]"
waija	𒀀𒀝𒉌𒅖	-13.1999	"[[""𒀀𒀝𒉌𒅖"", -13.1999], [""𒌷𒆷𒊍𒉺"", -13.1999], [""𒌷𒄩𒀜𒋾"", -13.1999], [""𒈪𒋫𒀭𒉌"", -13.1999], [""𒀸𒋗𒉿"", -13.2697], [""𒌷𒀀𒉿𒅈𒈾"", -13.742], [""𒌷𒉈𒂊𒊭𒀸"", -13.742], [""eːʃ"", -14.7994], [""xuːʃ"", -15.595], [""aʃ"", -15.9998]]"
waj	𒀸𒋗𒉿	-8.4226	"[[""𒀸𒋗𒉿"", -8.4226], [""eːʃ"", -8.4409], [""aʃ"", -9.3158], [""xuːʃ"", -9.6391], [""𒌷𒄩𒀜𒋾"", -9.899], [""𒀀𒀝𒉌𒅖"", -9.899], [""𒌷𒆷𒊍𒉺"", -9.899], [""𒈪𒋫𒀭𒉌"", -9.899], [""xus"", -10.4601], [""ʃum"", -10.4601]]"
waja	𒀸𒋗𒉿	-10.6439	"[[""𒀸𒋗𒉿"", -10.6439], [""𒀀𒀝𒉌𒅖"", -11.1101], [""𒌷𒆷𒊍𒉺"", -11.1101], [""𒌷𒄩𒀜𒋾"", -11.1101], [""𒈪𒋫𒀭𒉌"", -11.1101], [""eːʃ"", -11.8594], [""𒌷𒉈𒂊𒊭𒀸"", -12.2879], [""𒌷𒀀𒉿𒅈𒈾"", -12.2879], [""aʃ"", -12.7424], [""xuːʃ"", -13.0457]]"
wajaa	𒀀𒀝𒉌𒅖	-13.1999	"[[""𒀀𒀝𒉌𒅖"", -13.1999], [""𒌷𒄩𒀜𒋾"", -13.1999], [""𒈪𒋫𒀭𒉌"", -13.1999], [""𒌷𒆷𒊍𒉺"", -13.1999], [""𒀸𒋗𒉿"", -13.2697], [""𒌷𒀀𒉿𒅈𒈾"", -13.742], [""𒌷𒉈𒂊𒊭𒀸"", -13.742], [""eːʃ"", -15.2359], [""aʃ"", -16.1749], [""ku6"", -16.2889]]"
wajaad	𒀀𒀝𒉌𒅖	-15.6764	"[[""𒀀𒀝𒉌𒅖"", -15.6764], [""𒌷𒄩𒀜𒋾"", -15.6764], [""𒌷𒆷𒊍𒉺"", -15.6764], [""𒈪𒋫𒀭𒉌"", -15.6764], [""𒌷𒀀𒉿𒅈𒈾"", -15.7621], [""𒌷𒉈𒂊𒊭𒀸"", -15.7621], [""𒀸𒋗𒉿"", -16.1017], [""𒋼𒊑𒀉𒋾𒌅𒌋𒉌𒅖"", -18.0751], [""eːʃ"", -18.5858], [""ku6"", -19.3934]]"
wajaadi	𒌷𒀀𒉿𒅈𒈾	-18.1288	"[[""𒌷𒀀𒉿𒅈𒈾"", -18.1288], [""𒌷𒉈𒂊𒊭𒀸"", -18.1288], [""𒀀𒀝𒉌𒅖"", -18.3706], [""𒌷𒄩𒀜𒋾"", -18.3706], [""𒌷𒆷𒊍𒉺"", -18.3706], [""𒈪𒋫𒀭𒉌"", -18.3706], [""𒀸𒋗𒉿"", -19.0604], [""𒋼𒊑𒀉𒋾𒌅𒌋𒉌𒅖"", -19.6834], [""eːʃ"", -21.9219], [""uːxːi"", -22.5863]]"
wajaadik	𒌷𒉈𒂊𒊭𒀸	-20.7122	"[[""𒌷𒉈𒂊𒊭𒀸"", -20.7122], [""𒌷𒀀𒉿𒅈𒈾"", -20.7122], [""𒀀𒀝𒉌𒅖"", -21.2055], [""𒌷𒄩𒀜𒋾"", -21.2055], [""𒌷𒆷𒊍𒉺"", -21.2055], [""𒈪𒋫𒀭𒉌"", -21.2055], [""𒋼𒊑𒀉𒋾𒌅𒌋𒉌𒅖"", -21.435], [""𒀸𒋗𒉿"", -22.1053], [""eːʃ"", -25.2536], [""iːsˤaː́"", -25.3795]]"
wajaadiki	𒋼𒊑𒀉𒋾𒌅𒌋𒉌𒅖	-23.4063	"[[""𒋼𒊑𒀉𒋾𒌅𒌋𒉌𒅖"", -23.4063], [""𒌷𒉈𒂊𒊭𒀸"", -23.4428], [""𒌷𒀀𒉿𒅈𒈾"", -23.4428], [""𒀀𒀝𒉌𒅖"", -24.139], [""𒌷𒄩𒀜𒋾"", -24.139], [""𒌷𒆷𒊍𒉺"", -24.139], [""𒈪𒋫𒀭𒉌"", -24.139], [""𒀸𒋗𒉿"", -25.2127], [""iːsˤaː́"", -28.1499], [""eːʃ"", -28.5869]]"
wajaadikit	𒋼𒊑𒀉𒋾𒌅𒌋𒉌𒅖	-25.5942	"[[""𒋼𒊑𒀉𒋾𒌅𒌋𒉌𒅖"", -25.5942], [""𒌷𒉈𒂊𒊭𒀸"", -26.2798], [""𒌷𒀀𒉿𒅈𒈾"", -26.2798], [""𒀀𒀝𒉌𒅖"", -27.1456], [""𒌷𒆷𒊍𒉺"", -27.1456], [""𒌷𒄩𒀜𒋾"", -27.1456], [""𒈪𒋫𒀭𒉌"", -27.1456], [""𒀸𒋗𒉿"", -28.3678], [""iːsˤaː́"", -30.9826], [""eːʃ"", -31.9252]]"
wajaaj	eːʃ	-14.0419	"[[""eːʃ"", -14.0419], [""xuːʃ"", -15.0054], [""uːxːi"", -15.2865], [""aʃ"", -15.382], [""𒈪𒋫𒀭𒉌"", -15.6764], [""𒀀𒀝𒉌𒅖"", -15.6764], [""𒌷𒄩𒀜𒋾"", -15.6764], [""𒌷𒆷𒊍𒉺"", -15.6764], [""𒌷𒀀𒉿𒅈𒈾"", -15.7621], [""𒌷𒉈𒂊𒊭𒀸"", -15.7621]]"
wajaaja	eːʃ	-17.5474	"[[""eːʃ"", -17.5474], [""𒌷𒉈𒂊𒊭𒀸"", -18.1288], [""𒌷𒀀𒉿𒅈𒈾"", -18.1288], [""𒌷𒄩𒀜𒋾"", -18.3706], [""𒈪𒋫𒀭𒉌"", -18.3706], [""𒀀𒀝𒉌𒅖"", -18.3706], [""𒌷𒆷𒊍𒉺"", -18.3706], [""xuːʃ"", -18.4543], [""uːxːi"", -18.5256], [""aʃ"", -18.8882]]"
wajaj	eːʃ	-11.2006	"[[""eːʃ"", -11.2006], [""aʃ"", -11.8783], [""xuːʃ"", -12.2201], [""uːxːi"", -12.5109], [""𒀀𒀝𒉌𒅖"", -13.1999], [""𒈪𒋫𒀭𒉌"", -13.1999], [""𒌷𒆷𒊍𒉺"", -13.1999], [""𒌷𒄩𒀜𒋾"", -13.1999], [""𒀸𒋗𒉿"", -13.2697], [""uxːi"", -13.2956]]"
wajaja	eːʃ	-14.7044	"[[""eːʃ"", -14.7044], [""aʃ"", -15.3846], [""xuːʃ"", -15.6112], [""𒀀𒀝𒉌𒅖"", -15.6764], [""𒈪𒋫𒀭𒉌"", -15.6764], [""𒌷𒄩𒀜𒋾"", -15.6764], [""𒌷𒆷𒊍𒉺"", -15.6764], [""uːxːi"", -15.7331], [""𒌷𒉈𒂊𒊭𒀸"", -15.7621], [""𒌷𒀀𒉿𒅈𒈾"", -15.7621]]"
wajajaa	𒌷𒉈𒂊𒊭𒀸	-18.1288	"[[""𒌷𒉈𒂊𒊭𒀸"", -18.1288], [""𒌷𒀀𒉿𒅈𒈾"", -18.1288], [""eːʃ"", -18.2066], [""𒌷𒄩𒀜𒋾"", -18.3706], [""𒀀𒀝𒉌𒅖"", -18.3706], [""𒈪𒋫𒀭𒉌"", -18.3706], [""𒌷𒆷𒊍𒉺"", -18.3706], [""aʃ"", -18.8908], [""uːxːi"", -18.8994], [""xuːʃ"", -18.9527]]"
wajajad	𒌷𒉈𒂊𒊭𒀸	-18.1288	"[[""𒌷𒉈𒂊𒊭𒀸"", -18.1288], [""𒌷𒀀𒉿𒅈𒈾"", -18.1288], [""eːʃ"", -18.2066], [""𒌷𒄩𒀜𒋾"", -18.3706], [""𒀀𒀝𒉌𒅖"", -18.3706], [""𒈪𒋫𒀭𒉌"", -18.3706], [""𒌷𒆷𒊍𒉺"", -18.3706], [""aʃ"", -18.8908], [""uːxːi"", -18.8994], [""xuːʃ"", -18.9527]]"
wajajadi	𒌷𒉈𒂊𒊭𒀸	-20.7122	"[[""𒌷𒉈𒂊𒊭𒀸"", -20.7122], [""𒌷𒀀𒉿𒅈𒈾"", -20.7122], [""𒀀𒀝𒉌𒅖"", -21.2055], [""𒌷𒄩𒀜𒋾"", -21.2055], [""𒌷𒆷𒊍𒉺"", -21.2055], [""𒈪𒋫𒀭𒉌"", -21.2055], [""𒋼𒊑𒀉𒋾𒌅𒌋𒉌𒅖"", -21.435], [""eːʃ"", -21.7071], [""uːxːi"", -22.0687], [""𒀸𒋗𒉿"", -22.1053]]"
wajajadik	𒋼𒊑𒀉𒋾𒌅𒌋𒉌𒅖	-23.4063	"[[""𒋼𒊑𒀉𒋾𒌅𒌋𒉌𒅖"", -23.4063], [""𒌷𒀀𒉿𒅈𒈾"", -23.4428], [""𒌷𒉈𒂊𒊭𒀸"", -23.4428], [""𒀀𒀝𒉌𒅖"", -24.139], [""𒌷𒆷𒊍𒉺"", -24.139], [""𒈪𒋫𒀭𒉌"", -24.139], [""𒌷𒄩𒀜𒋾"", -24.139], [""eːʃ"", -25.2061], [""𒀸𒋗𒉿"", -25.2127], [""uːxːi"", -25.2626]]"
wajajadiki	𒋼𒊑𒀉𒋾𒌅𒌋𒉌𒅖	-25.5942	"[[""𒋼𒊑𒀉𒋾𒌅𒌋𒉌𒅖"", -25.5942], [""𒌷𒀀𒉿𒅈𒈾"", -26.2798], [""𒌷𒉈𒂊𒊭𒀸"", -26.2798], [""𒀀𒀝𒉌𒅖"", -27.1456], [""𒌷𒆷𒊍𒉺"", -27.1456], [""𒌷𒄩𒀜𒋾"", -27.1456], [""𒈪𒋫𒀭𒉌"", -27.1456], [""𒀸𒋗𒉿"", -28.3678], [""uːxːi"", -28.4855], [""eːʃ"", -28.7035]]"
wajajai	𒌷𒉈𒂊𒊭𒀸	-18.1288	"[[""𒌷𒉈𒂊𒊭𒀸"", -18.1288], [""𒌷𒀀𒉿𒅈𒈾"", -18.1288], [""eːʃ"", -18.2066], [""𒌷𒄩𒀜𒋾"", -18.3706], [""𒀀𒀝𒉌𒅖"", -18.3706], [""𒈪𒋫𒀭𒉌"", -18.3706], [""𒌷𒆷𒊍𒉺"", -18.3706], [""aʃ"", -18.8908], [""uːxːi"", -18.8994], [""xuːʃ"", -18.9527]]"
wajajain	𒌷𒉈𒂊𒊭𒀸	-20.7122	"[[""𒌷𒉈𒂊𒊭𒀸"", -20.7122], [""𒌷𒀀𒉿𒅈𒈾"", -20.7122], [""𒀀𒀝𒉌𒅖"", -21.2055], [""𒌷𒄩𒀜𒋾"", -21.2055], [""𒌷𒆷𒊍𒉺"", -21.2055], [""𒈪𒋫𒀭𒉌"", -21.2055], [""𒋼𒊑𒀉𒋾𒌅𒌋𒉌𒅖"", -21.435], [""eːʃ"", -21.7071], [""uːxːi"", -22.0687], [""𒀸𒋗𒉿"", -22.1053]]"
wajajainw	𒋼𒊑𒀉𒋾𒌅𒌋𒉌𒅖	-23.4063	"[[""𒋼𒊑𒀉𒋾𒌅𒌋𒉌𒅖"", -23.4063], [""𒌷𒀀𒉿𒅈𒈾"", -23.4428], [""𒌷𒉈𒂊𒊭𒀸"", -23.4428], [""𒀀𒀝𒉌𒅖"", -24.139], [""𒌷𒆷𒊍𒉺"", -24.139], [""𒈪𒋫𒀭𒉌"", -24.139], [""𒌷𒄩𒀜𒋾"", -24.139], [""eːʃ"", -25.2061], [""𒀸𒋗𒉿"", -25.2127], [""uːxːi"", -25.2626]]"
wajajainwa	𒋼𒊑𒀉𒋾𒌅𒌋𒉌𒅖	-25.5942	"[[""𒋼𒊑𒀉𒋾𒌅𒌋𒉌𒅖"", -25.5942], [""𒌷𒀀𒉿𒅈𒈾"", -26.2798], [""𒌷𒉈𒂊𒊭𒀸"", -26.2798], [""𒀀𒀝𒉌𒅖"", -27.1456], [""𒌷𒆷𒊍𒉺"", -27.1456], [""𒌷𒄩𒀜𒋾"", -27.1456], [""𒈪𒋫𒀭𒉌"", -27.1456], [""𒀸𒋗𒉿"", -28.3678], [""uːxːi"", -28.4855], [""eːʃ"", -28.7035]]"
wajajaj	xuːʃ	-14.7046	"[[""xuːʃ"", -14.7046], [""uːxːi"", -15.3765], [""uxːi"", -16.0643], [""xuːxːaːʃ"", -16.3434], [""taːʃːuːʃ"", -16.5993], [""iʃxaːʃ"", -16.616], [""eːʃ"", -16.6426], [""xaʃːuʃ"", -16.7604], [""atːaːʃ"", -17.7288], [""neːʃaʃ"", -17.7903]]"
wajajaja	xuːʃ	-18.2071	"[[""xuːʃ"", -18.2071], [""uːxːi"", -18.8537], [""uxːi"", -19.5506], [""xuːxːaːʃ"", -19.7343], [""xaʃːuʃ"", -20.0245], [""iʃxaːʃ"", -20.0658], [""taːʃːuːʃ"", -20.0702], [""eːʃ"", -20.1489], [""𒌷𒀀𒉿𒅈𒈾"", -20.7122], [""𒌷𒉈𒂊𒊭𒀸"", -20.7122]]"
wajajas	uːxːi	-15.3834	"[[""uːxːi"", -15.3834], [""uxːi"", -16.0679], [""xʃap"", -17.1188], [""𒌷𒀀𒉿𒅈𒈾"", -18.1288], [""𒌷𒉈𒂊𒊭𒀸"", -18.1288], [""eːʃ"", -18.2062], [""𒀀𒀝𒉌𒅖"", -18.3706], [""𒌷𒄩𒀜𒋾"", -18.3706], [""𒈪𒋫𒀭𒉌"", -18.3706], [""𒌷𒆷𒊍𒉺"", -18.3706]]"
wajajasa	uːxːi	-18.8796	"[[""uːxːi"", -18.8796], [""uxːi"", -19.5641], [""xʃap"", -20.4535], [""𒌷𒀀𒉿𒅈𒈾"", -20.7122], [""𒌷𒉈𒂊𒊭𒀸"", -20.7122], [""𒌷𒄩𒀜𒋾"", -21.2055], [""𒈪𒋫𒀭𒉌"", -21.2055], [""𒌷𒆷𒊍𒉺"", -21.2055], [""𒀀𒀝𒉌𒅖"", -21.2055], [""𒋼𒊑𒀉𒋾𒌅𒌋𒉌𒅖"", -21.435]]"
wajajasas	xʃap	-19.9687	"[[""xʃap"", -19.9687], [""uːxːi"", -21.0468], [""xapa"", -21.3261], [""uxːi"", -21.7307], [""ʃuːpːari"", -22.7253], [""aʃːuwa"", -23.1766], [""𒋼𒊑𒀉𒋾𒌅𒌋𒉌𒅖"", -23.4063], [""𒌷𒉈𒂊𒊭𒀸"", -23.4428], [""𒌷𒀀𒉿𒅈𒈾"", -23.4428], [""apːa"", -23.4854]]"
wajajasasa	xʃap	-23.4713	"[[""xʃap"", -23.4713], [""uːxːi"", -24.5501], [""xapa"", -24.8192], [""uxːi"", -25.234], [""𒋼𒊑𒀉𒋾𒌅𒌋𒉌𒅖"", -25.5942], [""ʃuːpːari"", -25.8157], [""𒌷𒉈𒂊𒊭𒀸"", -26.2798], [""𒌷𒀀𒉿𒅈𒈾"", -26.2798], [""aʃːuwa"", -26.5544], [""apːa"", -26.9743]]"
wajas	uːxːi	-12.6301	"[[""uːxːi"", -12.6301], [""uk"", -12.9792], [""𒈪𒋫𒀭𒉌"", -13.1999], [""𒀀𒀝𒉌𒅖"", -13.1999], [""𒌷𒄩𒀜𒋾"", -13.1999], [""𒌷𒆷𒊍𒉺"", -13.1999], [""𒀸𒋗𒉿"", -13.2697], [""uxːi"", -13.4297], [""𒌷𒀀𒉿𒅈𒈾"", -13.742], [""𒌷𒉈𒂊𒊭𒀸"", -13.742]]"
wajase	𒀀𒀝𒉌𒅖	-15.6764	"[[""𒀀𒀝𒉌𒅖"", -15.6764], [""𒈪𒋫𒀭𒉌"", -15.6764], [""𒌷𒆷𒊍𒉺"", -15.6764], [""𒌷𒄩𒀜𒋾"", -15.6764], [""𒌷𒉈𒂊𒊭𒀸"", -15.7621], [""𒌷𒀀𒉿𒅈𒈾"", -15.7621], [""𒀸𒋗𒉿"", -16.1017], [""uːxːi"", -16.1234], [""uk"", -16.4818], [""uxːi"", -16.9244]]"
wajasek	𒌷𒀀𒉿𒅈𒈾	-18.1288	"[[""𒌷𒀀𒉿𒅈𒈾"", -18.1288], [""𒌷𒉈𒂊𒊭𒀸"", -18.1288], [""𒌷𒄩𒀜𒋾"", -18.3706], [""𒌷𒆷𒊍𒉺"", -18.3706], [""𒈪𒋫𒀭𒉌"", -18.3706], [""𒀀𒀝𒉌𒅖"", -18.3706], [""𒀸𒋗𒉿"", -19.0604], [""uːxːi"", -19.6104], [""𒋼𒊑𒀉𒋾𒌅𒌋𒉌𒅖"", -19.6834], [""uk"", -19.9843]]"
wajaseka	𒌷𒀀𒉿𒅈𒈾	-20.7122	"[[""𒌷𒀀𒉿𒅈𒈾"", -20.7122], [""𒌷𒉈𒂊𒊭𒀸"", -20.7122], [""𒀀𒀝𒉌𒅖"", -21.2055], [""𒌷𒄩𒀜𒋾"", -21.2055], [""𒌷𒆷𒊍𒉺"", -21.2055], [""𒈪𒋫𒀭𒉌"", -21.2055], [""𒋼𒊑𒀉𒋾𒌅𒌋𒉌𒅖"", -21.435], [""𒀸𒋗𒉿"", -22.1053], [""uːxːi"", -23.0898], [""xuːʃ"", -23.1531]]"
wajasekan	𒋼𒊑𒀉𒋾𒌅𒌋𒉌𒅖	-23.4063	"[[""𒋼𒊑𒀉𒋾𒌅𒌋𒉌𒅖"", -23.4063], [""𒌷𒉈𒂊𒊭𒀸"", -23.4428], [""𒌷𒀀𒉿𒅈𒈾"", -23.4428], [""𒌷𒆷𒊍𒉺"", -24.139], [""𒌷𒄩𒀜𒋾"", -24.139], [""𒀀𒀝𒉌𒅖"", -24.139], [""𒈪𒋫𒀭𒉌"", -24.139], [""𒀸𒋗𒉿"", -25.2127], [""iːsˤaː́"", -26.0853], [""xuːʃ"", -26.2274]]"
wajasekana	𒋼𒊑𒀉𒋾𒌅𒌋𒉌𒅖	-25.5942	"[[""𒋼𒊑𒀉𒋾𒌅𒌋𒉌𒅖"", -25.5942], [""𒌷𒉈𒂊𒊭𒀸"", -26.2798], [""𒌷𒀀𒉿𒅈𒈾"", -26.2798], [""𒀀𒀝𒉌𒅖"", -27.1456], [""𒌷𒄩𒀜𒋾"", -27.1456], [""𒈪𒋫𒀭𒉌"", -27.1456], [""𒌷𒆷𒊍𒉺"", -27.1456], [""𒀸𒋗𒉿"", -28.3678], [""iːsˤaː́"", -29.0571], [""xuːʃ"", -29.378]]"
wajat	𒀀𒀝𒉌𒅖	-13.1999	"[[""𒀀𒀝𒉌𒅖"", -13.1999], [""𒌷𒄩𒀜𒋾"", -13.1999], [""𒈪𒋫𒀭𒉌"", -13.1999], [""𒌷𒆷𒊍𒉺"", -13.1999], [""𒀸𒋗𒉿"", -13.2697], [""𒌷𒀀𒉿𒅈𒈾"", -13.742], [""𒌷𒉈𒂊𒊭𒀸"", -13.742], [""eːʃ"", -15.2359], [""aʃ"", -16.1749], [""ku6"", -16.2889]]"
wajatu	as	-15.3933	"[[""as"", -15.3933], [""𒀀𒀝𒉌𒅖"", -15.6764], [""𒌷𒄩𒀜𒋾"", -15.6764], [""𒌷𒆷𒊍𒉺"", -15.6764], [""𒈪𒋫𒀭𒉌"", -15.6764], [""𒌷𒉈𒂊𒊭𒀸"", -15.7621], [""𒌷𒀀𒉿𒅈𒈾"", -15.7621], [""𒀸𒋗𒉿"", -16.1017], [""xus"", -16.1416], [""uk"", -16.4835]]"
wajatur	iti	-16.7715	"[[""iti"", -16.7715], [""eːʃtsi"", -17.9156], [""𒌷𒉈𒂊𒊭𒀸"", -18.1288], [""𒌷𒀀𒉿𒅈𒈾"", -18.1288], [""aːsːa"", -18.3696], [""𒀀𒀝𒉌𒅖"", -18.3706], [""𒌷𒆷𒊍𒉺"", -18.3706], [""𒈪𒋫𒀭𒉌"", -18.3706], [""𒌷𒄩𒀜𒋾"", -18.3706], [""uːxːi"", -18.4313]]"
wajaturu	itut	-16.7686	"[[""itut"", -16.7686], [""xatkus"", -18.5506], [""neːpis"", -18.7452], [""xarkis"", -18.7987], [""xus"", -18.8835], [""patas"", -18.9632], [""italus"", -19.5363], [""atːas"", -19.5532], [""asːus"", -19.5532], [""tepus"", -19.8681]]"
wajaturus	eːʃtsi	-20.0847	"[[""eːʃtsi"", -20.0847], [""itut"", -20.2729], [""eʃtsi"", -21.0241], [""aːsːa"", -21.0656], [""ekutsi"", -21.2225], [""xapa"", -21.3205], [""pata"", -21.3431], [""eːtsːi"", -21.6965], [""xatkus"", -21.7802], [""xastai"", -22.0502]]"
wajaturusa	eːʃtsi	-23.589	"[[""eːʃtsi"", -23.589], [""itut"", -23.7771], [""eʃtsi"", -24.5285], [""aːsːa"", -24.5576], [""ekutsi"", -24.6995], [""xapa"", -24.8211], [""pata"", -24.8473], [""eːtsːi"", -24.962], [""xatkus"", -25.0654], [""xastai"", -25.4501]]"
waz	𒀸𒋗𒉿	-8.4226	"[[""𒀸𒋗𒉿"", -8.4226], [""𒀀𒀝𒉌𒅖"", -9.899], [""𒌷𒄩𒀜𒋾"", -9.899], [""𒈪𒋫𒀭𒉌"", -9.899], [""𒌷𒆷𒊍𒉺"", -9.899], [""𒌷𒉈𒂊𒊭𒀸"", -10.7315], [""𒌷𒀀𒉿𒅈𒈾"", -10.7315], [""ku6"", -12.1474], [""aʃ"", -12.8387], [""wa"", -12.8387]]"
waza	𒀸𒋗𒉿	-10.6439	"[[""𒀸𒋗𒉿"", -10.6439], [""𒀀𒀝𒉌𒅖"", -11.1101], [""𒌷𒆷𒊍𒉺"", -11.1101], [""𒈪𒋫𒀭𒉌"", -11.1101], [""𒌷𒄩𒀜𒋾"", -11.1101], [""𒌷𒀀𒉿𒅈𒈾"", -12.2879], [""𒌷𒉈𒂊𒊭𒀸"", -12.2879], [""ku6"", -14.9765], [""𒋼𒊑𒀉𒋾𒌅𒌋𒉌𒅖"", -15.6251], [""lu"", -16.0479]]"
wazaΦ	𒌷𒆷𒊍𒉺	-13.1999	"[[""𒌷𒆷𒊍𒉺"", -13.1999], [""𒀀𒀝𒉌𒅖"", -13.1999], [""𒌷𒄩𒀜𒋾"", -13.1999], [""𒈪𒋫𒀭𒉌"", -13.1999], [""𒀸𒋗𒉿"", -13.2697], [""𒌷𒀀𒉿𒅈𒈾"", -13.742], [""𒌷𒉈𒂊𒊭𒀸"", -13.742], [""𒋼𒊑𒀉𒋾𒌅𒌋𒉌𒅖"", -16.8346], [""ku6"", -17.9765], [""ke"", -19.3208]]"
wazaΦn	𒀀𒀝𒉌𒅖	-15.6764	"[[""𒀀𒀝𒉌𒅖"", -15.6764], [""𒌷𒄩𒀜𒋾"", -15.6764], [""𒈪𒋫𒀭𒉌"", -15.6764], [""𒌷𒆷𒊍𒉺"", -15.6764], [""𒌷𒀀𒉿𒅈𒈾"", -15.7621], [""𒌷𒉈𒂊𒊭𒀸"", -15.7621], [""𒀸𒋗𒉿"", -16.1017], [""𒋼𒊑𒀉𒋾𒌅𒌋𒉌𒅖"", -18.0751], [""ku6"", -21.0773], [""lu"", -22.6343]]"
wazaΦni	𒌷𒀀𒉿𒅈𒈾	-18.1288	"[[""𒌷𒀀𒉿𒅈𒈾"", -18.1288], [""𒌷𒉈𒂊𒊭𒀸"", -18.1288], [""𒌷𒄩𒀜𒋾"", -18.3706], [""𒀀𒀝𒉌𒅖"", -18.3706], [""𒌷𒆷𒊍𒉺"", -18.3706], [""𒈪𒋫𒀭𒉌"", -18.3706], [""𒀸𒋗𒉿"", -19.0604], [""𒋼𒊑𒀉𒋾𒌅𒌋𒉌𒅖"", -19.6834], [""ku6"", -24.2448], [""iːsˤaː́"", -25.6984]]"
waΦ	𒀸𒋗𒉿	-8.4226	"[[""𒀸𒋗𒉿"", -8.4226], [""𒀀𒀝𒉌𒅖"", -9.899], [""𒌷𒄩𒀜𒋾"", -9.899], [""𒈪𒋫𒀭𒉌"", -9.899], [""𒌷𒆷𒊍𒉺"", -9.899], [""𒌷𒉈𒂊𒊭𒀸"", -10.7315], [""𒌷𒀀𒉿𒅈𒈾"", -10.7315], [""ku6"", -12.1474], [""aʃ"", -12.8387], [""wa"", -12.8387]]"
zaΦ	𒀸𒋗𒉿	-8.4226	"[[""𒀸𒋗𒉿"", -8.4226], [""𒀀𒀝𒉌𒅖"", -9.899], [""𒌷𒄩𒀜𒋾"", -9.899], [""𒈪𒋫𒀭𒉌"", -9.899], [""𒌷𒆷𒊍𒉺"", -9.899], [""𒌷𒉈𒂊𒊭𒀸"", -10.7315], [""𒌷𒀀𒉿𒅈𒈾"", -10.7315], [""ku6"", -12.1474], [""aʃ"", -12.8387], [""wa"", -12.8387]]"
zaΦn	𒀸𒋗𒉿	-10.6439	"[[""𒀸𒋗𒉿"", -10.6439], [""𒀀𒀝𒉌𒅖"", -11.1101], [""𒌷𒆷𒊍𒉺"", -11.1101], [""𒈪𒋫𒀭𒉌"", -11.1101], [""𒌷𒄩𒀜𒋾"", -11.1101], [""𒌷𒀀𒉿𒅈𒈾"", -12.2879], [""𒌷𒉈𒂊𒊭𒀸"", -12.2879], [""ku6"", -14.9765], [""𒋼𒊑𒀉𒋾𒌅𒌋𒉌𒅖"", -15.6251], [""lu"", -16.0479]]"
zaΦni	𒌷𒆷𒊍𒉺	-13.1999	"[[""𒌷𒆷𒊍𒉺"", -13.1999], [""𒀀𒀝𒉌𒅖"", -13.1999], [""𒌷𒄩𒀜𒋾"", -13.1999], [""𒈪𒋫𒀭𒉌"", -13.1999], [""𒀸𒋗𒉿"", -13.2697], [""𒌷𒀀𒉿𒅈𒈾"", -13.742], [""𒌷𒉈𒂊𒊭𒀸"", -13.742], [""𒋼𒊑𒀉𒋾𒌅𒌋𒉌𒅖"", -16.8346], [""ku6"", -17.9765], [""ke"", -19.3208]]"
Θti	𒀸𒋗𒉿	-8.4226	"[[""𒀸𒋗𒉿"", -8.4226], [""𒀀𒀝𒉌𒅖"", -9.899], [""𒌷𒄩𒀜𒋾"", -9.899], [""𒈪𒋫𒀭𒉌"", -9.899], [""𒌷𒆷𒊍𒉺"", -9.899], [""𒌷𒉈𒂊𒊭𒀸"", -10.7315], [""𒌷𒀀𒉿𒅈𒈾"", -10.7315], [""ku6"", -12.1474], [""aʃ"", -12.8387], [""wa"", -12.8387]]"
Θtij	𒀸𒋗𒉿	-10.6439	"[[""𒀸𒋗𒉿"", -10.6439], [""𒀀𒀝𒉌𒅖"", -11.1101], [""𒌷𒄩𒀜𒋾"", -11.1101], [""𒌷𒆷𒊍𒉺"", -11.1101], [""𒈪𒋫𒀭𒉌"", -11.1101], [""eːʃ"", -11.3418], [""xuːʃ"", -12.1291], [""𒌷𒉈𒂊𒊭𒀸"", -12.2879], [""𒌷𒀀𒉿𒅈𒈾"", -12.2879], [""aʃ"", -12.5547]]"
Θtija	𒀀𒀝𒉌𒅖	-13.1999	"[[""𒀀𒀝𒉌𒅖"", -13.1999], [""𒌷𒆷𒊍𒉺"", -13.1999], [""𒌷𒄩𒀜𒋾"", -13.1999], [""𒈪𒋫𒀭𒉌"", -13.1999], [""𒀸𒋗𒉿"", -13.2697], [""𒌷𒀀𒉿𒅈𒈾"", -13.742], [""𒌷𒉈𒂊𒊭𒀸"", -13.742], [""eːʃ"", -14.7994], [""xuːʃ"", -15.595], [""aʃ"", -15.9998]]"
Θtijas	uːxːi	-15.5444	"[[""uːxːi"", -15.5444], [""𒀀𒀝𒉌𒅖"", -15.6764], [""𒌷𒄩𒀜𒋾"", -15.6764], [""𒈪𒋫𒀭𒉌"", -15.6764], [""𒌷𒆷𒊍𒉺"", -15.6764], [""𒌷𒀀𒉿𒅈𒈾"", -15.7621], [""𒌷𒉈𒂊𒊭𒀸"", -15.7621], [""𒀸𒋗𒉿"", -16.1017], [""uk"", -16.4835], [""uxːi"", -16.6605]]"
Θtijasa	𒌷𒀀𒉿𒅈𒈾	-18.1288	"[[""𒌷𒀀𒉿𒅈𒈾"", -18.1288], [""𒌷𒉈𒂊𒊭𒀸"", -18.1288], [""𒌷𒄩𒀜𒋾"", -18.3706], [""𒈪𒋫𒀭𒉌"", -18.3706], [""𒌷𒆷𒊍𒉺"", -18.3706], [""𒀀𒀝𒉌𒅖"", -18.3706], [""uːxːi"", -19.0388], [""𒀸𒋗𒉿"", -19.0604], [""𒋼𒊑𒀉𒋾𒌅𒌋𒉌𒅖"", -19.6834], [""uk"", -19.986]]"
Θtijasas	apːa	-20.678	"[[""apːa"", -20.678], [""𒌷𒀀𒉿𒅈𒈾"", -20.7122], [""𒌷𒉈𒂊𒊭𒀸"", -20.7122], [""uːxːi"", -21.1256], [""𒀀𒀝𒉌𒅖"", -21.2055], [""𒈪𒋫𒀭𒉌"", -21.2055], [""𒌷𒆷𒊍𒉺"", -21.2055], [""𒌷𒄩𒀜𒋾"", -21.2055], [""𒋼𒊑𒀉𒋾𒌅𒌋𒉌𒅖"", -21.435], [""xʃap"", -21.5431]]"
Θtijasasa	𒋼𒊑𒀉𒋾𒌅𒌋𒉌𒅖	-23.4063	"[[""𒋼𒊑𒀉𒋾𒌅𒌋𒉌𒅖"", -23.4063], [""𒌷𒀀𒉿𒅈𒈾"", -23.4428], [""𒌷𒉈𒂊𒊭𒀸"", -23.4428], [""𒌷𒆷𒊍𒉺"", -24.139], [""𒀀𒀝𒉌𒅖"", -24.139], [""𒌷𒄩𒀜𒋾"", -24.139], [""𒈪𒋫𒀭𒉌"", -24.139], [""apːa"", -24.164], [""uːxːi"", -24.6277], [""xapa"", -24.9667]]"
Θtijasasar	xapa	-24.8294	"[[""xapa"", -24.8294], [""𒋼𒊑𒀉𒋾𒌅𒌋𒉌𒅖"", -25.5942], [""apːa"", -25.9374], [""ʃuːpːari"", -26.0965], [""𒌷𒀀𒉿𒅈𒈾"", -26.2798], [""𒌷𒉈𒂊𒊭𒀸"", -26.2798], [""ʃiːetsːi"", -27.0948], [""𒌷𒆷𒊍𒉺"", -27.1456], [""𒈪𒋫𒀭𒉌"", -27.1456], [""𒀀𒀝𒉌𒅖"", -27.1456]]"
Θuj	ke	-5.9768	"[[""ke"", -5.9768], [""tai"", -7.561], [""iti"", -7.6548], [""tawa"", -7.664], [""taru"", -7.664], [""teri"", -7.664], [""pata"", -7.8133], [""kuiʃ"", -7.832], [""tuk"", -8.1415], [""tur"", -8.1756]]"
Θuja	ku6	-8.8253	"[[""ku6"", -8.8253], [""ke"", -9.4811], [""𒀸𒋗𒉿"", -10.6439], [""tai"", -10.671], [""taru"", -10.7543], [""tawa"", -10.7543], [""teri"", -10.7543], [""tuk"", -11.0217], [""tur"", -11.0398], [""saːki"", -11.0907]]"
Θut	𒀸𒋗𒉿	-8.4226	"[[""𒀸𒋗𒉿"", -8.4226], [""tuk"", -9.6213], [""tur"", -9.7806], [""tai"", -9.7806], [""as"", -9.783], [""𒀀𒀝𒉌𒅖"", -9.899], [""𒌷𒆷𒊍𒉺"", -9.899], [""𒈪𒋫𒀭𒉌"", -9.899], [""𒌷𒄩𒀜𒋾"", -9.899], [""kut"", -9.9363]]"
Θuti	𒀸𒋗𒉿	-10.6439	"[[""𒀸𒋗𒉿"", -10.6439], [""𒀀𒀝𒉌𒅖"", -11.1101], [""𒌷𒆷𒊍𒉺"", -11.1101], [""𒈪𒋫𒀭𒉌"", -11.1101], [""𒌷𒄩𒀜𒋾"", -11.1101], [""𒌷𒉈𒂊𒊭𒀸"", -12.2879], [""𒌷𒀀𒉿𒅈𒈾"", -12.2879], [""tuk"", -12.7612], [""ku6"", -12.8374], [""tur"", -12.8687]]"
Θutin	𒀀𒀝𒉌𒅖	-13.1999	"[[""𒀀𒀝𒉌𒅖"", -13.1999], [""𒌷𒄩𒀜𒋾"", -13.1999], [""𒌷𒆷𒊍𒉺"", -13.1999], [""𒈪𒋫𒀭𒉌"", -13.1999], [""𒀸𒋗𒉿"", -13.2697], [""𒌷𒉈𒂊𒊭𒀸"", -13.742], [""𒌷𒀀𒉿𒅈𒈾"", -13.742], [""ku6"", -15.7846], [""tuk"", -15.994], [""tur"", -16.0745]]"
Θutinu	𒀀𒀝𒉌𒅖	-15.6764	"[[""𒀀𒀝𒉌𒅖"", -15.6764], [""𒈪𒋫𒀭𒉌"", -15.6764], [""𒌷𒄩𒀜𒋾"", -15.6764], [""𒌷𒆷𒊍𒉺"", -15.6764], [""𒌷𒀀𒉿𒅈𒈾"", -15.7621], [""𒌷𒉈𒂊𒊭𒀸"", -15.7621], [""𒀸𒋗𒉿"", -16.1017], [""tsak"", -16.5849], [""tsik"", -16.5849], [""kut"", -17.0702]]"
Θutinuj	saːki	-17.226	"[[""saːki"", -17.226], [""𒌷𒉈𒂊𒊭𒀸"", -18.1288], [""𒌷𒀀𒉿𒅈𒈾"", -18.1288], [""𒌷𒄩𒀜𒋾"", -18.3706], [""𒀀𒀝𒉌𒅖"", -18.3706], [""𒌷𒆷𒊍𒉺"", -18.3706], [""𒈪𒋫𒀭𒉌"", -18.3706], [""pata"", -18.4354], [""tsik"", -18.5525], [""tsak"", -18.5525]]"
Θutinuja	saːki	-20.7075	"[[""saːki"", -20.7075], [""𒌷𒉈𒂊𒊭𒀸"", -20.7122], [""𒌷𒀀𒉿𒅈𒈾"", -20.7122], [""𒀀𒀝𒉌𒅖"", -21.2055], [""𒌷𒄩𒀜𒋾"", -21.2055], [""𒈪𒋫𒀭𒉌"", -21.2055], [""𒌷𒆷𒊍𒉺"", -21.2055], [""𒋼𒊑𒀉𒋾𒌅𒌋𒉌𒅖"", -21.435], [""tsak"", -21.4793], [""tsik"", -21.4793]]"
Θutinujas	tsik	-19.9886	"[[""tsik"", -19.9886], [""tsak"", -19.9886], [""tsiːik"", -21.4713], [""tuk"", -22.7993], [""tai"", -23.0794], [""saːki"", -23.2513], [""𒋼𒊑𒀉𒋾𒌅𒌋𒉌𒅖"", -23.4063], [""eːtsːi"", -23.425], [""𒌷𒀀𒉿𒅈𒈾"", -23.4428], [""𒌷𒉈𒂊𒊭𒀸"", -23.4428]]"
Θutinujasa	tsak	-23.4911	"[[""tsak"", -23.4911], [""tsik"", -23.4911], [""tsiːik"", -24.7287], [""𒋼𒊑𒀉𒋾𒌅𒌋𒉌𒅖"", -25.5942], [""𒌷𒉈𒂊𒊭𒀸"", -26.2798], [""𒌷𒀀𒉿𒅈𒈾"", -26.2798], [""tuk"", -26.3019], [""tai"", -26.5802], [""saːki"", -26.6399], [""sakːi"", -26.92]]"
Θwa	𒀸𒋗𒉿	-8.4226	"[[""𒀸𒋗𒉿"", -8.4226], [""𒀀𒀝𒉌𒅖"", -9.899], [""𒌷𒄩𒀜𒋾"", -9.899], [""𒈪𒋫𒀭𒉌"", -9.899], [""𒌷𒆷𒊍𒉺"", -9.899], [""𒌷𒉈𒂊𒊭𒀸"", -10.7315], [""𒌷𒀀𒉿𒅈𒈾"", -10.7315], [""ku6"", -12.1474], [""aʃ"", -12.8387], [""wa"", -12.8387]]"
Θwae	𒀸𒋗𒉿	-10.6439	"[[""𒀸𒋗𒉿"", -10.6439], [""𒀀𒀝𒉌𒅖"", -11.1101], [""𒌷𒆷𒊍𒉺"", -11.1101], [""𒈪𒋫𒀭𒉌"", -11.1101], [""𒌷𒄩𒀜𒋾"", -11.1101], [""𒌷𒀀𒉿𒅈𒈾"", -12.2879], [""𒌷𒉈𒂊𒊭𒀸"", -12.2879], [""ku6"", -14.9765], [""𒋼𒊑𒀉𒋾𒌅𒌋𒉌𒅖"", -15.6251], [""lu"", -16.0479]]"
Θwaea	𒌷𒆷𒊍𒉺	-13.1999	"[[""𒌷𒆷𒊍𒉺"", -13.1999], [""𒀀𒀝𒉌𒅖"", -13.1999], [""𒌷𒄩𒀜𒋾"", -13.1999], [""𒈪𒋫𒀭𒉌"", -13.1999], [""𒀸𒋗𒉿"", -13.2697], [""𒌷𒀀𒉿𒅈𒈾"", -13.742], [""𒌷𒉈𒂊𒊭𒀸"", -13.742], [""𒋼𒊑𒀉𒋾𒌅𒌋𒉌𒅖"", -16.8346], [""ku6"", -17.9765], [""ke"", -19.3208]]"
Θwaead	𒀀𒀝𒉌𒅖	-15.6764	"[[""𒀀𒀝𒉌𒅖"", -15.6764], [""𒌷𒄩𒀜𒋾"", -15.6764], [""𒈪𒋫𒀭𒉌"", -15.6764], [""𒌷𒆷𒊍𒉺"", -15.6764], [""𒌷𒀀𒉿𒅈𒈾"", -15.7621], [""𒌷𒉈𒂊𒊭𒀸"", -15.7621], [""𒀸𒋗𒉿"", -16.1017], [""𒋼𒊑𒀉𒋾𒌅𒌋𒉌𒅖"", -18.0751], [""ku6"", -21.0773], [""lu"", -22.6343]]"
Θwaeadi	𒌷𒀀𒉿𒅈𒈾	-18.1288	"[[""𒌷𒀀𒉿𒅈𒈾"", -18.1288], [""𒌷𒉈𒂊𒊭𒀸"", -18.1288], [""𒌷𒄩𒀜𒋾"", -18.3706], [""𒀀𒀝𒉌𒅖"", -18.3706], [""𒌷𒆷𒊍𒉺"", -18.3706], [""𒈪𒋫𒀭𒉌"", -18.3706], [""𒀸𒋗𒉿"", -19.0604], [""𒋼𒊑𒀉𒋾𒌅𒌋𒉌𒅖"", -19.6834], [""ku6"", -24.2448], [""iːsˤaː́"", -25.6984]]"
Θwaeadik	𒌷𒀀𒉿𒅈𒈾	-20.7122	"[[""𒌷𒀀𒉿𒅈𒈾"", -20.7122], [""𒌷𒉈𒂊𒊭𒀸"", -20.7122], [""𒀀𒀝𒉌𒅖"", -21.2055], [""𒌷𒄩𒀜𒋾"", -21.2055], [""𒈪𒋫𒀭𒉌"", -21.2055], [""𒌷𒆷𒊍𒉺"", -21.2055], [""𒋼𒊑𒀉𒋾𒌅𒌋𒉌𒅖"", -21.435], [""𒀸𒋗𒉿"", -22.1053], [""ku6"", -27.4599], [""iːsˤaː́"", -28.4239]]"
Θwaeadiki	𒋼𒊑𒀉𒋾𒌅𒌋𒉌𒅖	-23.4063	"[[""𒋼𒊑𒀉𒋾𒌅𒌋𒉌𒅖"", -23.4063], [""𒌷𒉈𒂊𒊭𒀸"", -23.4428], [""𒌷𒀀𒉿𒅈𒈾"", -23.4428], [""𒀀𒀝𒉌𒅖"", -24.139], [""𒌷𒄩𒀜𒋾"", -24.139], [""𒌷𒆷𒊍𒉺"", -24.139], [""𒈪𒋫𒀭𒉌"", -24.139], [""𒀸𒋗𒉿"", -25.2127], [""ku6"", -30.7105], [""iːsˤaː́"", -31.2348]]"
Θwaeadikit	𒋼𒊑𒀉𒋾𒌅𒌋𒉌𒅖	-25.5942	"[[""𒋼𒊑𒀉𒋾𒌅𒌋𒉌𒅖"", -25.5942], [""𒌷𒉈𒂊𒊭𒀸"", -26.2798], [""𒌷𒀀𒉿𒅈𒈾"", -26.2798], [""𒀀𒀝𒉌𒅖"", -27.1456], [""𒌷𒆷𒊍𒉺"", -27.1456], [""𒈪𒋫𒀭𒉌"", -27.1456], [""𒌷𒄩𒀜𒋾"", -27.1456], [""𒀸𒋗𒉿"", -28.3678], [""ku6"", -33.9888], [""iːsˤaː́"", -34.1135]]"
Θwaj	𒀸𒋗𒉿	-10.6439	"[[""𒀸𒋗𒉿"", -10.6439], [""𒀀𒀝𒉌𒅖"", -11.1101], [""𒌷𒄩𒀜𒋾"", -11.1101], [""𒌷𒆷𒊍𒉺"", -11.1101], [""𒈪𒋫𒀭𒉌"", -11.1101], [""eːʃ"", -11.3418], [""xuːʃ"", -12.1291], [""𒌷𒉈𒂊𒊭𒀸"", -12.2879], [""𒌷𒀀𒉿𒅈𒈾"", -12.2879], [""aʃ"", -12.5547]]"
Θwaja	𒀀𒀝𒉌𒅖	-13.1999	"[[""𒀀𒀝𒉌𒅖"", -13.1999], [""𒌷𒆷𒊍𒉺"", -13.1999], [""𒌷𒄩𒀜𒋾"", -13.1999], [""𒈪𒋫𒀭𒉌"", -13.1999], [""𒀸𒋗𒉿"", -13.2697], [""𒌷𒀀𒉿𒅈𒈾"", -13.742], [""𒌷𒉈𒂊𒊭𒀸"", -13.742], [""eːʃ"", -14.7994], [""xuːʃ"", -15.595], [""aʃ"", -15.9998]]"
Θwajaa	𒌷𒆷𒊍𒉺	-15.6764	"[[""𒌷𒆷𒊍𒉺"", -15.6764], [""𒀀𒀝𒉌𒅖"", -15.6764], [""𒈪𒋫𒀭𒉌"", -15.6764], [""𒌷𒄩𒀜𒋾"", -15.6764], [""𒌷𒀀𒉿𒅈𒈾"", -15.7621], [""𒌷𒉈𒂊𒊭𒀸"", -15.7621], [""𒀸𒋗𒉿"", -16.1017], [""𒋼𒊑𒀉𒋾𒌅𒌋𒉌𒅖"", -18.0751], [""eːʃ"", -18.2302], [""xuːʃ"", -19.03]]"
Θwajaad	𒌷𒀀𒉿𒅈𒈾	-18.1288	"[[""𒌷𒀀𒉿𒅈𒈾"", -18.1288], [""𒌷𒉈𒂊𒊭𒀸"", -18.1288], [""𒌷𒄩𒀜𒋾"", -18.3706], [""𒀀𒀝𒉌𒅖"", -18.3706], [""𒌷𒆷𒊍𒉺"", -18.3706], [""𒈪𒋫𒀭𒉌"", -18.3706], [""𒀸𒋗𒉿"", -19.0604], [""𒋼𒊑𒀉𒋾𒌅𒌋𒉌𒅖"", -19.6834], [""eːʃ"", -21.6399], [""xuːʃ"", -22.4335]]"
Θwajaadi	𒌷𒀀𒉿𒅈𒈾	-20.7122	"[[""𒌷𒀀𒉿𒅈𒈾"", -20.7122], [""𒌷𒉈𒂊𒊭𒀸"", -20.7122], [""𒀀𒀝𒉌𒅖"", -21.2055], [""𒌷𒄩𒀜𒋾"", -21.2055], [""𒌷𒆷𒊍𒉺"", -21.2055], [""𒈪𒋫𒀭𒉌"", -21.2055], [""𒋼𒊑𒀉𒋾𒌅𒌋𒉌𒅖"", -21.435], [""𒀸𒋗𒉿"", -22.1053], [""eːʃ"", -25.0347], [""iːsˤaː́"", -25.4119]]"
Θwajaadik	𒋼𒊑𒀉𒋾𒌅𒌋𒉌𒅖	-23.4063	"[[""𒋼𒊑𒀉𒋾𒌅𒌋𒉌𒅖"", -23.4063], [""𒌷𒀀𒉿𒅈𒈾"", -23.4428], [""𒌷𒉈𒂊𒊭𒀸"", -23.4428], [""𒌷𒄩𒀜𒋾"", -24.139], [""𒌷𒆷𒊍𒉺"", -24.139], [""𒈪𒋫𒀭𒉌"", -24.139], [""𒀀𒀝𒉌𒅖"", -24.139], [""𒀸𒋗𒉿"", -25.2127], [""iːsˤaː́"", -28.2596], [""eːʃ"", -28.42]]"
Θwajaadiki	𒋼𒊑𒀉𒋾𒌅𒌋𒉌𒅖	-25.5942	"[[""𒋼𒊑𒀉𒋾𒌅𒌋𒉌𒅖"", -25.5942], [""𒌷𒀀𒉿𒅈𒈾"", -26.2798], [""𒌷𒉈𒂊𒊭𒀸"", -26.2798], [""𒌷𒄩𒀜𒋾"", -27.1456], [""𒀀𒀝𒉌𒅖"", -27.1456], [""𒌷𒆷𒊍𒉺"", -27.1456], [""𒈪𒋫𒀭𒉌"", -27.1456], [""𒀸𒋗𒉿"", -28.3678], [""iːsˤaː́"", -31.1694], [""eːʃ"", -31.8001]]"
Θwajaaj	eːʃ	-17.5329	"[[""eːʃ"", -17.5329], [""𒌷𒉈𒂊𒊭𒀸"", -18.1288], [""𒌷𒀀𒉿𒅈𒈾"", -18.1288], [""uːxːi"", -18.2734], [""𒌷𒆷𒊍𒉺"", -18.3706], [""𒀀𒀝𒉌𒅖"", -18.3706], [""𒌷𒄩𒀜𒋾"", -18.3706], [""𒈪𒋫𒀭𒉌"", -18.3706], [""xuːʃ"", -18.4078], [""aʃ"", -18.8831]]"
Θwajaaja	𒌷𒉈𒂊𒊭𒀸	-20.7122	"[[""𒌷𒉈𒂊𒊭𒀸"", -20.7122], [""𒌷𒀀𒉿𒅈𒈾"", -20.7122], [""eːʃ"", -21.0384], [""𒀀𒀝𒉌𒅖"", -21.2055], [""𒌷𒆷𒊍𒉺"", -21.2055], [""𒌷𒄩𒀜𒋾"", -21.2055], [""𒈪𒋫𒀭𒉌"", -21.2055], [""𒋼𒊑𒀉𒋾𒌅𒌋𒉌𒅖"", -21.435], [""uːxːi"", -21.6088], [""xuːʃ"", -21.8622]]"
Θwajaj	eːʃ	-14.6789	"[[""eːʃ"", -14.6789], [""aʃ"", -15.3794], [""uːxːi"", -15.4756], [""xuːʃ"", -15.5958], [""𒀀𒀝𒉌𒅖"", -15.6764], [""𒌷𒄩𒀜𒋾"", -15.6764], [""𒌷𒆷𒊍𒉺"", -15.6764], [""𒈪𒋫𒀭𒉌"", -15.6764], [""𒌷𒉈𒂊𒊭𒀸"", -15.7621], [""𒌷𒀀𒉿𒅈𒈾"", -15.7621]]"
Θwajaja	𒌷𒉈𒂊𒊭𒀸	-18.1288	"[[""𒌷𒉈𒂊𒊭𒀸"", -18.1288], [""𒌷𒀀𒉿𒅈𒈾"", -18.1288], [""eːʃ"", -18.1828], [""𒈪𒋫𒀭𒉌"", -18.3706], [""𒌷𒄩𒀜𒋾"", -18.3706], [""𒌷𒆷𒊍𒉺"", -18.3706], [""𒀀𒀝𒉌𒅖"", -18.3706], [""uːxːi"", -18.8007], [""aʃ"", -18.8856], [""xuːʃ"", -19.0004]]"
Θwajajaa	𒌷𒉈𒂊𒊭𒀸	-20.7122	"[[""𒌷𒉈𒂊𒊭𒀸"", -20.7122], [""𒌷𒀀𒉿𒅈𒈾"", -20.7122], [""𒌷𒄩𒀜𒋾"", -21.2055], [""𒀀𒀝𒉌𒅖"", -21.2055], [""𒌷𒆷𒊍𒉺"", -21.2055], [""𒈪𒋫𒀭𒉌"", -21.2055], [""𒋼𒊑𒀉𒋾𒌅𒌋𒉌𒅖"", -21.435], [""eːʃ"", -21.6851], [""uːxːi"", -22.0678], [""𒀸𒋗𒉿"", -22.1053]]"
Θwajajad	𒌷𒉈𒂊𒊭𒀸	-20.7122	"[[""𒌷𒉈𒂊𒊭𒀸"", -20.7122], [""𒌷𒀀𒉿𒅈𒈾"", -20.7122], [""𒌷𒄩𒀜𒋾"", -21.2055], [""𒀀𒀝𒉌𒅖"", -21.2055], [""𒌷𒆷𒊍𒉺"", -21.2055], [""𒈪𒋫𒀭𒉌"", -21.2055], [""𒋼𒊑𒀉𒋾𒌅𒌋𒉌𒅖"", -21.435], [""eːʃ"", -21.6851], [""uːxːi"", -22.0678], [""𒀸𒋗𒉿"", -22.1053]]"
Θwajajadi	𒋼𒊑𒀉𒋾𒌅𒌋𒉌𒅖	-23.4063	"[[""𒋼𒊑𒀉𒋾𒌅𒌋𒉌𒅖"", -23.4063], [""𒌷𒀀𒉿𒅈𒈾"", -23.4428], [""𒌷𒉈𒂊𒊭𒀸"", -23.4428], [""𒌷𒆷𒊍𒉺"", -24.139], [""𒀀𒀝𒉌𒅖"", -24.139], [""𒌷𒄩𒀜𒋾"", -24.139], [""𒈪𒋫𒀭𒉌"", -24.139], [""eːʃ"", -25.1858], [""𒀸𒋗𒉿"", -25.2127], [""uːxːi"", -25.3154]]"
Θwajajadik	𒋼𒊑𒀉𒋾𒌅𒌋𒉌𒅖	-25.5942	"[[""𒋼𒊑𒀉𒋾𒌅𒌋𒉌𒅖"", -25.5942], [""𒌷𒀀𒉿𒅈𒈾"", -26.2798], [""𒌷𒉈𒂊𒊭𒀸"", -26.2798], [""𒀀𒀝𒉌𒅖"", -27.1456], [""𒌷𒄩𒀜𒋾"", -27.1456], [""𒌷𒆷𒊍𒉺"", -27.1456], [""𒈪𒋫𒀭𒉌"", -27.1456], [""𒀸𒋗𒉿"", -28.3678], [""uːxːi"", -28.5656], [""eːʃ"", -28.685]]"
Θwajajai	𒌷𒉈𒂊𒊭𒀸	-20.7122	"[[""𒌷𒉈𒂊𒊭𒀸"", -20.7122], [""𒌷𒀀𒉿𒅈𒈾"", -20.7122], [""𒌷𒄩𒀜𒋾"", -21.2055], [""𒀀𒀝𒉌𒅖"", -21.2055], [""𒌷𒆷𒊍𒉺"", -21.2055], [""𒈪𒋫𒀭𒉌"", -21.2055], [""𒋼𒊑𒀉𒋾𒌅𒌋𒉌𒅖"", -21.435], [""eːʃ"", -21.6851], [""uːxːi"", -22.0678], [""𒀸𒋗𒉿"", -22.1053]]"
Θwajajain	𒋼𒊑𒀉𒋾𒌅𒌋𒉌𒅖	-23.4063	"[[""𒋼𒊑𒀉𒋾𒌅𒌋𒉌𒅖"", -23.4063], [""𒌷𒀀𒉿𒅈𒈾"", -23.4428], [""𒌷𒉈𒂊𒊭𒀸"", -23.4428], [""𒌷𒆷𒊍𒉺"", -24.139], [""𒀀𒀝𒉌𒅖"", -24.139], [""𒌷𒄩𒀜𒋾"", -24.139], [""𒈪𒋫𒀭𒉌"", -24.139], [""eːʃ"", -25.1858], [""𒀸𒋗𒉿"", -25.2127], [""uːxːi"", -25.3154]]"
Θwajajainw	𒋼𒊑𒀉𒋾𒌅𒌋𒉌𒅖	-25.5942	"[[""𒋼𒊑𒀉𒋾𒌅𒌋𒉌𒅖"", -25.5942], [""𒌷𒀀𒉿𒅈𒈾"", -26.2798], [""𒌷𒉈𒂊𒊭𒀸"", -26.2798], [""𒀀𒀝𒉌𒅖"", -27.1456], [""𒌷𒄩𒀜𒋾"", -27.1456], [""𒌷𒆷𒊍𒉺"", -27.1456], [""𒈪𒋫𒀭𒉌"", -27.1456], [""𒀸𒋗𒉿"", -28.3678], [""uːxːi"", -28.5656], [""eːʃ"", -28.685]]"
Θwajajaj	xuːʃ	-18.2071	"[[""xuːʃ"", -18.2071], [""uːxːi"", -18.8243], [""xuːxːaːʃ"", -19.0229], [""taːʃːuːʃ"", -19.1267], [""uxːi"", -19.5548], [""iʃxaːʃ"", -19.8629], [""xaʃːuʃ"", -20.0158], [""eːʃ"", -20.1393], [""neːʃaʃ"", -20.3812], [""𒌷𒉈𒂊𒊭𒀸"", -20.7122]]"
Θwajajaja	xuːʃ	-21.7097	"[[""xuːʃ"", -21.7097], [""uːxːi"", -22.3028], [""xuːxːaːʃ"", -22.4705], [""taːʃːuːʃ"", -22.6119], [""uxːi"", -23.0413], [""iʃxaːʃ"", -23.3182], [""xaʃːuʃ"", -23.3269], [""𒋼𒊑𒀉𒋾𒌅𒌋𒉌𒅖"", -23.4063], [""𒌷𒀀𒉿𒅈𒈾"", -23.4428], [""𒌷𒉈𒂊𒊭𒀸"", -23.4428]]"
Θwajajas	uːxːi	-18.8308	"[[""uːxːi"", -18.8308], [""uxːi"", -19.5583], [""xʃap"", -20.5681], [""𒌷𒀀𒉿𒅈𒈾"", -20.7122], [""𒌷𒉈𒂊𒊭𒀸"", -20.7122], [""Ḫatːuʃa"", -20.8253], [""𒌷𒄩𒀜𒋾"", -21.2055], [""𒈪𒋫𒀭𒉌"", -21.2055], [""𒌷𒆷𒊍𒉺"", -21.2055], [""𒀀𒀝𒉌𒅖"", -21.2055]]"
Θwajajasa	uːxːi	-22.3273	"[[""uːxːi"", -22.3273], [""uxːi"", -23.0546], [""𒋼𒊑𒀉𒋾𒌅𒌋𒉌𒅖"", -23.4063], [""𒌷𒉈𒂊𒊭𒀸"", -23.4428], [""𒌷𒀀𒉿𒅈𒈾"", -23.4428], [""xʃap"", -23.9115], [""𒀀𒀝𒉌𒅖"", -24.139], [""𒌷𒄩𒀜𒋾"", -24.139], [""𒈪𒋫𒀭𒉌"", -24.139], [""𒌷𒆷𒊍𒉺"", -24.139]]"
Θwajajasas	xʃap	-23.4732	"[[""xʃap"", -23.4732], [""uːxːi"", -24.5119], [""xapa"", -24.8324], [""uxːi"", -25.2273], [""𒋼𒊑𒀉𒋾𒌅𒌋𒉌𒅖"", -25.5942], [""ʃuːpːari"", -26.2287], [""𒌷𒀀𒉿𒅈𒈾"", -26.2798], [""𒌷𒉈𒂊𒊭𒀸"", -26.2798], [""aʃːuwa"", -26.6637], [""apːa"", -26.9885]]"
Θwajas	uːxːi	-15.5444	"[[""uːxːi"", -15.5444], [""𒀀𒀝𒉌𒅖"", -15.6764], [""𒌷𒄩𒀜𒋾"", -15.6764], [""𒈪𒋫𒀭𒉌"", -15.6764], [""𒌷𒆷𒊍𒉺"", -15.6764], [""𒌷𒀀𒉿𒅈𒈾"", -15.7621], [""𒌷𒉈𒂊𒊭𒀸"", -15.7621], [""𒀸𒋗𒉿"", -16.1017], [""uk"", -16.4835], [""uxːi"", -16.6605]]"
Θwajase	𒌷𒀀𒉿𒅈𒈾	-18.1288	"[[""𒌷𒀀𒉿𒅈𒈾"", -18.1288], [""𒌷𒉈𒂊𒊭𒀸"", -18.1288], [""𒌷𒄩𒀜𒋾"", -18.3706], [""𒈪𒋫𒀭𒉌"", -18.3706], [""𒌷𒆷𒊍𒉺"", -18.3706], [""𒀀𒀝𒉌𒅖"", -18.3706], [""uːxːi"", -19.0388], [""𒀸𒋗𒉿"", -19.0604], [""𒋼𒊑𒀉𒋾𒌅𒌋𒉌𒅖"", -19.6834], [""uk"", -19.986]]"
Θwajasek	𒌷𒀀𒉿𒅈𒈾	-20.7122	"[[""𒌷𒀀𒉿𒅈𒈾"", -20.7122], [""𒌷𒉈𒂊𒊭𒀸"", -20.7122], [""𒌷𒄩𒀜𒋾"", -21.2055], [""𒀀𒀝𒉌𒅖"", -21.2055], [""𒈪𒋫𒀭𒉌"", -21.2055], [""𒌷𒆷𒊍𒉺"", -21.2055], [""𒋼𒊑𒀉𒋾𒌅𒌋𒉌𒅖"", -21.435], [""𒀸𒋗𒉿"", -22.1053], [""uːxːi"", -22.5284], [""uk"", -23.4886]]"
Θwajaseka	𒋼𒊑𒀉𒋾𒌅𒌋𒉌𒅖	-23.4063	"[[""𒋼𒊑𒀉𒋾𒌅𒌋𒉌𒅖"", -23.4063], [""𒌷𒀀𒉿𒅈𒈾"", -23.4428], [""𒌷𒉈𒂊𒊭𒀸"", -23.4428], [""𒀀𒀝𒉌𒅖"", -24.139], [""𒌷𒄩𒀜𒋾"", -24.139], [""𒌷𒆷𒊍𒉺"", -24.139], [""𒈪𒋫𒀭𒉌"", -24.139], [""𒀸𒋗𒉿"", -25.2127], [""uːxːi"", -26.0123], [""iːsˤaː́"", -26.5864]]"
Θwajasekan	𒋼𒊑𒀉𒋾𒌅𒌋𒉌𒅖	-25.5942	"[[""𒋼𒊑𒀉𒋾𒌅𒌋𒉌𒅖"", -25.5942], [""𒌷𒉈𒂊𒊭𒀸"", -26.2798], [""𒌷𒀀𒉿𒅈𒈾"", -26.2798], [""𒀀𒀝𒉌𒅖"", -27.1456], [""𒌷𒄩𒀜𒋾"", -27.1456], [""𒌷𒆷𒊍𒉺"", -27.1456], [""𒈪𒋫𒀭𒉌"", -27.1456], [""𒀸𒋗𒉿"", -28.3678], [""iːsˤaː́"", -29.4254], [""uːxːi"", -29.4899]]"
Θwajat	𒌷𒆷𒊍𒉺	-15.6764	"[[""𒌷𒆷𒊍𒉺"", -15.6764], [""𒀀𒀝𒉌𒅖"", -15.6764], [""𒈪𒋫𒀭𒉌"", -15.6764], [""𒌷𒄩𒀜𒋾"", -15.6764], [""𒌷𒀀𒉿𒅈𒈾"", -15.7621], [""𒌷𒉈𒂊𒊭𒀸"", -15.7621], [""𒀸𒋗𒉿"", -16.1017], [""𒋼𒊑𒀉𒋾𒌅𒌋𒉌𒅖"", -18.0751], [""eːʃ"", -18.2302], [""xuːʃ"", -19.03]]"
Θwajatu	𒌷𒀀𒉿𒅈𒈾	-18.1288	"[[""𒌷𒀀𒉿𒅈𒈾"", -18.1288], [""𒌷𒉈𒂊𒊭𒀸"", -18.1288], [""𒀀𒀝𒉌𒅖"", -18.3706], [""𒈪𒋫𒀭𒉌"", -18.3706], [""𒌷𒄩𒀜𒋾"", -18.3706], [""𒌷𒆷𒊍𒉺"", -18.3706], [""as"", -18.8978], [""𒀸𒋗𒉿"", -19.0604], [""xus"", -19.5811], [""𒋼𒊑𒀉𒋾𒌅𒌋𒉌𒅖"", -19.6834]]"
Θwajatur	iti	-20.2759	"[[""iti"", -20.2759], [""𒌷𒉈𒂊𒊭𒀸"", -20.7122], [""𒌷𒀀𒉿𒅈𒈾"", -20.7122], [""eːʃtsi"", -21.1325], [""𒀀𒀝𒉌𒅖"", -21.2055], [""𒌷𒆷𒊍𒉺"", -21.2055], [""𒈪𒋫𒀭𒉌"", -21.2055], [""𒌷𒄩𒀜𒋾"", -21.2055], [""uːxːi"", -21.4027], [""𒋼𒊑𒀉𒋾𒌅𒌋𒉌𒅖"", -21.435]]"
Θwajaturu	itut	-20.2729	"[[""itut"", -20.2729], [""neːpis"", -21.9421], [""xatkus"", -22.0339], [""patas"", -22.2076], [""xarkis"", -22.2952], [""xus"", -22.3888], [""asːus"", -23.0224], [""atːas"", -23.0224], [""italus"", -23.0377], [""tepus"", -23.1506]]"
Θwajaturus	eːʃtsi	-23.088	"[[""eːʃtsi"", -23.088], [""itut"", -23.7771], [""eʃtsi"", -24.3022], [""aːsːa"", -24.5625], [""ekutsi"", -24.6432], [""xapa"", -24.8239], [""pata"", -24.84], [""eːtsːi"", -25.1921], [""xaːʃtai"", -25.2507], [""xatkus"", -25.2657]]"
Φet	𒀸𒋗𒉿	-8.4226	"[[""𒀸𒋗𒉿"", -8.4226], [""𒀀𒀝𒉌𒅖"", -9.899], [""𒌷𒄩𒀜𒋾"", -9.899], [""𒈪𒋫𒀭𒉌"", -9.899], [""𒌷𒆷𒊍𒉺"", -9.899], [""𒌷𒉈𒂊𒊭𒀸"", -10.7315], [""𒌷𒀀𒉿𒅈𒈾"", -10.7315], [""ku6"", -12.1474], [""aʃ"", -12.8387], [""wa"", -12.8387]]"
Φetu	𒀸𒋗𒉿	-10.6439	"[[""𒀸𒋗𒉿"", -10.6439], [""𒀀𒀝𒉌𒅖"", -11.1101], [""𒌷𒆷𒊍𒉺"", -11.1101], [""𒈪𒋫𒀭𒉌"", -11.1101], [""𒌷𒄩𒀜𒋾"", -11.1101], [""𒌷𒀀𒉿𒅈𒈾"", -12.2879], [""𒌷𒉈𒂊𒊭𒀸"", -12.2879], [""as"", -12.6134], [""kut"", -12.7336], [""ais"", -12.8319]]"
Φetum	𒌷𒄩𒀜𒋾	-13.1999	"[[""𒌷𒄩𒀜𒋾"", -13.1999], [""𒀀𒀝𒉌𒅖"", -13.1999], [""𒈪𒋫𒀭𒉌"", -13.1999], [""𒌷𒆷𒊍𒉺"", -13.1999], [""𒀸𒋗𒉿"", -13.2697], [""𒌷𒉈𒂊𒊭𒀸"", -13.742], [""𒌷𒀀𒉿𒅈𒈾"", -13.742], [""as"", -16.113], [""kut"", -16.1471], [""xus"", -16.3369]]"
Φetume	𒀀𒀝𒉌𒅖	-15.6764	"[[""𒀀𒀝𒉌𒅖"", -15.6764], [""𒈪𒋫𒀭𒉌"", -15.6764], [""𒌷𒆷𒊍𒉺"", -15.6764], [""𒌷𒄩𒀜𒋾"", -15.6764], [""𒌷𒀀𒉿𒅈𒈾"", -15.7621], [""𒌷𒉈𒂊𒊭𒀸"", -15.7621], [""𒀸𒋗𒉿"", -16.1017], [""𒋼𒊑𒀉𒋾𒌅𒌋𒉌𒅖"", -18.0751], [""kut"", -19.5661], [""tuk"", -19.5844]]"
Φetumei	𒌷𒀀𒉿𒅈𒈾	-18.1288	"[[""𒌷𒀀𒉿𒅈𒈾"", -18.1288], [""𒌷𒉈𒂊𒊭𒀸"", -18.1288], [""𒌷𒄩𒀜𒋾"", -18.3706], [""𒌷𒆷𒊍𒉺"", -18.3706], [""𒈪𒋫𒀭𒉌"", -18.3706], [""𒀀𒀝𒉌𒅖"", -18.3706], [""𒀸𒋗𒉿"", -19.0604], [""𒋼𒊑𒀉𒋾𒌅𒌋𒉌𒅖"", -19.6834], [""iːsˤaː́"", -21.7222], [""aːsːa"", -22.6493]]"
Φetumeij	𒌷𒀀𒉿𒅈𒈾	-20.7122	"[[""𒌷𒀀𒉿𒅈𒈾"", -20.7122], [""𒌷𒉈𒂊𒊭𒀸"", -20.7122], [""𒀀𒀝𒉌𒅖"", -21.2055], [""𒌷𒄩𒀜𒋾"", -21.2055], [""𒌷𒆷𒊍𒉺"", -21.2055], [""𒈪𒋫𒀭𒉌"", -21.2055], [""𒋼𒊑𒀉𒋾𒌅𒌋𒉌𒅖"", -21.435], [""aːsːa"", -21.5115], [""𒀸𒋗𒉿"", -22.1053], [""etsːi"", -22.8897]]"
Φetumeija	𒋼𒊑𒀉𒋾𒌅𒌋𒉌𒅖	-23.4063	"[[""𒋼𒊑𒀉𒋾𒌅𒌋𒉌𒅖"", -23.4063], [""𒌷𒀀𒉿𒅈𒈾"", -23.4428], [""𒌷𒉈𒂊𒊭𒀸"", -23.4428], [""𒀀𒀝𒉌𒅖"", -24.139], [""𒌷𒄩𒀜𒋾"", -24.139], [""𒌷𒆷𒊍𒉺"", -24.139], [""𒈪𒋫𒀭𒉌"", -24.139], [""aːsːa"", -25.013], [""𒀸𒋗𒉿"", -25.2127], [""iːsˤaː́"", -26.1278]]"
Φetumeijas	𒋼𒊑𒀉𒋾𒌅𒌋𒉌𒅖	-25.5942	"[[""𒋼𒊑𒀉𒋾𒌅𒌋𒉌𒅖"", -25.5942], [""𒌷𒉈𒂊𒊭𒀸"", -26.2798], [""𒌷𒀀𒉿𒅈𒈾"", -26.2798], [""patːaːi"", -26.9717], [""tuk"", -26.9991], [""iːsˤaː́"", -27.0985], [""𒀀𒀝𒉌𒅖"", -27.1456], [""𒈪𒋫𒀭𒉌"", -27.1456], [""𒌷𒄩𒀜𒋾"", -27.1456], [""𒌷𒆷𒊍𒉺"", -27.1456]]"
Φni	𒀸𒋗𒉿	-8.4226	"[[""𒀸𒋗𒉿"", -8.4226], [""𒀀𒀝𒉌𒅖"", -9.899], [""𒌷𒄩𒀜𒋾"", -9.899], [""𒈪𒋫𒀭𒉌"", -9.899], [""𒌷𒆷𒊍𒉺"", -9.899], [""𒌷𒉈𒂊𒊭𒀸"", -10.7315], [""𒌷𒀀𒉿𒅈𒈾"", -10.7315], [""ku6"", -12.1474], [""aʃ"", -12.8387], [""wa"", -12.8387]]"
adikite	𒌷𒀀𒉿𒅈𒈾	-18.1288	"[[""𒌷𒀀𒉿𒅈𒈾"", -18.1288], [""𒌷𒉈𒂊𒊭𒀸"", -18.1288], [""𒌷𒄩𒀜𒋾"", -18.3706], [""𒀀𒀝𒉌𒅖"", -18.3706], [""𒌷𒆷𒊍𒉺"", -18.3706], [""𒈪𒋫𒀭𒉌"", -18.3706], [""𒀸𒋗𒉿"", -19.0604], [""𒋼𒊑𒀉𒋾𒌅𒌋𒉌𒅖"", -19.6834], [""ku6"", -24.2448], [""iːsˤaː́"", -25.6984]]"
adikitete	𒋼𒊑𒀉𒋾𒌅𒌋𒉌𒅖	-23.4063	"[[""𒋼𒊑𒀉𒋾𒌅𒌋𒉌𒅖"", -23.4063], [""𒌷𒉈𒂊𒊭𒀸"", -23.4428], [""𒌷𒀀𒉿𒅈𒈾"", -23.4428], [""𒀀𒀝𒉌𒅖"", -24.139], [""𒌷𒄩𒀜𒋾"", -24.139], [""𒌷𒆷𒊍𒉺"", -24.139], [""𒈪𒋫𒀭𒉌"", -24.139], [""𒀸𒋗𒉿"", -25.2127], [""ku6"", -30.7105], [""iːsˤaː́"", -31.2348]]"
aja	𒀸𒋗𒉿	-8.4226	"[[""𒀸𒋗𒉿"", -8.4226], [""eːʃ"", -9.1478], [""aʃ"", -9.5693], [""ʃum"", -9.7665], [""xus"", -9.7665], [""𒌷𒆷𒊍𒉺"", -9.899], [""𒀀𒀝𒉌𒅖"", -9.899], [""𒌷𒄩𒀜𒋾"", -9.899], [""𒈪𒋫𒀭𒉌"", -9.899], [""ku6"", -10.3806]]"
anatiΘwaja	𒋼𒊑𒀉𒋾𒌅𒌋𒉌𒅖	-25.5942	"[[""𒋼𒊑𒀉𒋾𒌅𒌋𒉌𒅖"", -25.5942], [""𒌷𒉈𒂊𒊭𒀸"", -26.2798], [""𒌷𒀀𒉿𒅈𒈾"", -26.2798], [""𒌷𒆷𒊍𒉺"", -27.1456], [""𒀀𒀝𒉌𒅖"", -27.1456], [""𒈪𒋫𒀭𒉌"", -27.1456], [""𒌷𒄩𒀜𒋾"", -27.1456], [""𒀸𒋗𒉿"", -28.3678], [""eːʃ"", -30.7299], [""xuːʃ"", -30.9536]]"
asasara	paːi	-17.1353	"[[""paːi"", -17.1353], [""apːa"", -17.1355], [""ku6"", -17.7366], [""pai"", -17.8191], [""𒌷𒀀𒉿𒅈𒈾"", -18.1288], [""𒌷𒉈𒂊𒊭𒀸"", -18.1288], [""𒌷𒄩𒀜𒋾"", -18.3706], [""𒌷𒆷𒊍𒉺"", -18.3706], [""𒀀𒀝𒉌𒅖"", -18.3706], [""𒈪𒋫𒀭𒉌"", -18.3706]]"
ataiΘwae	𒌷𒀀𒉿𒅈𒈾	-20.7122	"[[""𒌷𒀀𒉿𒅈𒈾"", -20.7122], [""𒌷𒉈𒂊𒊭𒀸"", -20.7122], [""𒀀𒀝𒉌𒅖"", -21.2055], [""𒌷𒄩𒀜𒋾"", -21.2055], [""𒈪𒋫𒀭𒉌"", -21.2055], [""𒌷𒆷𒊍𒉺"", -21.2055], [""𒋼𒊑𒀉𒋾𒌅𒌋𒉌𒅖"", -21.435], [""𒀸𒋗𒉿"", -22.1053], [""ku6"", -27.4599], [""iːsˤaː́"", -28.4239]]"
ataiΘwaja	𒋼𒊑𒀉𒋾𒌅𒌋𒉌𒅖	-23.4063	"[[""𒋼𒊑𒀉𒋾𒌅𒌋𒉌𒅖"", -23.4063], [""𒌷𒀀𒉿𒅈𒈾"", -23.4428], [""𒌷𒉈𒂊𒊭𒀸"", -23.4428], [""𒈪𒋫𒀭𒉌"", -24.139], [""𒀀𒀝𒉌𒅖"", -24.139], [""𒌷𒄩𒀜𒋾"", -24.139], [""𒌷𒆷𒊍𒉺"", -24.139], [""𒀸𒋗𒉿"", -25.2127], [""eːʃ"", -27.4563], [""xuːʃ"", -27.7365]]"
dada	𒀸𒋗𒉿	-10.6439	"[[""𒀸𒋗𒉿"", -10.6439], [""𒀀𒀝𒉌𒅖"", -11.1101], [""𒌷𒆷𒊍𒉺"", -11.1101], [""𒈪𒋫𒀭𒉌"", -11.1101], [""𒌷𒄩𒀜𒋾"", -11.1101], [""𒌷𒀀𒉿𒅈𒈾"", -12.2879], [""𒌷𒉈𒂊𒊭𒀸"", -12.2879], [""ku6"", -14.9765], [""𒋼𒊑𒀉𒋾𒌅𒌋𒉌𒅖"", -15.6251], [""lu"", -16.0479]]"
damate	𒀀𒀝𒉌𒅖	-15.6764	"[[""𒀀𒀝𒉌𒅖"", -15.6764], [""𒌷𒄩𒀜𒋾"", -15.6764], [""𒈪𒋫𒀭𒉌"", -15.6764], [""𒌷𒆷𒊍𒉺"", -15.6764], [""𒌷𒀀𒉿𒅈𒈾"", -15.7621], [""𒌷𒉈𒂊𒊭𒀸"", -15.7621], [""𒀸𒋗𒉿"", -16.1017], [""𒋼𒊑𒀉𒋾𒌅𒌋𒉌𒅖"", -18.0751], [""ku6"", -21.0773], [""lu"", -22.6343]]"
daserate	𒌷𒉈𒂊𒊭𒀸	-20.7122	"[[""𒌷𒉈𒂊𒊭𒀸"", -20.7122], [""𒌷𒀀𒉿𒅈𒈾"", -20.7122], [""𒀀𒀝𒉌𒅖"", -21.2055], [""𒌷𒆷𒊍𒉺"", -21.2055], [""𒌷𒄩𒀜𒋾"", -21.2055], [""𒈪𒋫𒀭𒉌"", -21.2055], [""𒋼𒊑𒀉𒋾𒌅𒌋𒉌𒅖"", -21.435], [""ku6"", -21.736], [""𒀸𒋗𒉿"", -22.1053], [""iːsˤaː́"", -23.2691]]"
dawa	𒀸𒋗𒉿	-10.6439	"[[""𒀸𒋗𒉿"", -10.6439], [""𒀀𒀝𒉌𒅖"", -11.1101], [""𒌷𒆷𒊍𒉺"", -11.1101], [""𒈪𒋫𒀭𒉌"", -11.1101], [""𒌷𒄩𒀜𒋾"", -11.1101], [""𒌷𒀀𒉿𒅈𒈾"", -12.2879], [""𒌷𒉈𒂊𒊭𒀸"", -12.2879], [""ku6"", -14.9765], [""𒋼𒊑𒀉𒋾𒌅𒌋𒉌𒅖"", -15.6251], [""lu"", -16.0479]]"
di	𒀸𒋗𒉿	-7.5983	"[[""𒀸𒋗𒉿"", -7.5983], [""𒌷𒄩𒀜𒋾"", -8.3809], [""𒀀𒀝𒉌𒅖"", -8.3809], [""𒈪𒋫𒀭𒉌"", -8.3809], [""𒌷𒆷𒊍𒉺"", -8.3809], [""ku6"", -9.6804], [""wa"", -9.7452], [""lu"", -9.7452], [""aʃ"", -9.7452], [""ke"", -9.7452]]"
ida	𒀸𒋗𒉿	-8.4226	"[[""𒀸𒋗𒉿"", -8.4226], [""𒀀𒀝𒉌𒅖"", -9.899], [""𒌷𒄩𒀜𒋾"", -9.899], [""𒈪𒋫𒀭𒉌"", -9.899], [""𒌷𒆷𒊍𒉺"", -9.899], [""𒌷𒉈𒂊𒊭𒀸"", -10.7315], [""𒌷𒀀𒉿𒅈𒈾"", -10.7315], [""ku6"", -12.1474], [""aʃ"", -12.8387], [""wa"", -12.8387]]"
idaa	𒀸𒋗𒉿	-10.6439	"[[""𒀸𒋗𒉿"", -10.6439], [""𒀀𒀝𒉌𒅖"", -11.1101], [""𒌷𒆷𒊍𒉺"", -11.1101], [""𒈪𒋫𒀭𒉌"", -11.1101], [""𒌷𒄩𒀜𒋾"", -11.1101], [""𒌷𒀀𒉿𒅈𒈾"", -12.2879], [""𒌷𒉈𒂊𒊭𒀸"", -12.2879], [""ku6"", -14.9765], [""𒋼𒊑𒀉𒋾𒌅𒌋𒉌𒅖"", -15.6251], [""lu"", -16.0479]]"
idi	𒀸𒋗𒉿	-8.4226	"[[""𒀸𒋗𒉿"", -8.4226], [""𒀀𒀝𒉌𒅖"", -9.899], [""𒌷𒄩𒀜𒋾"", -9.899], [""𒈪𒋫𒀭𒉌"", -9.899], [""𒌷𒆷𒊍𒉺"", -9.899], [""𒌷𒉈𒂊𒊭𒀸"", -10.7315], [""𒌷𒀀𒉿𒅈𒈾"", -10.7315], [""ku6"", -12.1474], [""aʃ"", -12.8387], [""wa"", -12.8387]]"
ija	𒀸𒋗𒉿	-8.4226	"[[""𒀸𒋗𒉿"", -8.4226], [""eːʃ"", -9.1478], [""aʃ"", -9.5693], [""ʃum"", -9.7665], [""xus"", -9.7665], [""𒌷𒆷𒊍𒉺"", -9.899], [""𒀀𒀝𒉌𒅖"", -9.899], [""𒌷𒄩𒀜𒋾"", -9.899], [""𒈪𒋫𒀭𒉌"", -9.899], [""ku6"", -10.3806]]"
ijaredija	xuːʃ	-20.6626	"[[""xuːʃ"", -20.6626], [""apːa"", -23.1188], [""eːʃ"", -23.2053], [""𒋼𒊑𒀉𒋾𒌅𒌋𒉌𒅖"", -23.4063], [""𒌷𒉈𒂊𒊭𒀸"", -23.4428], [""𒌷𒀀𒉿𒅈𒈾"", -23.4428], [""xuːxːaːʃ"", -23.5403], [""iʃxaːʃ"", -23.5824], [""xaʃːuʃ"", -23.7998], [""atːaːʃ"", -23.9544]]"
inaida	𒀀𒀝𒉌𒅖	-15.6764	"[[""𒀀𒀝𒉌𒅖"", -15.6764], [""𒌷𒄩𒀜𒋾"", -15.6764], [""𒈪𒋫𒀭𒉌"", -15.6764], [""𒌷𒆷𒊍𒉺"", -15.6764], [""𒌷𒀀𒉿𒅈𒈾"", -15.7621], [""𒌷𒉈𒂊𒊭𒀸"", -15.7621], [""𒀸𒋗𒉿"", -16.1017], [""𒋼𒊑𒀉𒋾𒌅𒌋𒉌𒅖"", -18.0751], [""ku6"", -21.0773], [""lu"", -22.6343]]"
inajareta	𒋼𒊑𒀉𒋾𒌅𒌋𒉌𒅖	-23.4063	"[[""𒋼𒊑𒀉𒋾𒌅𒌋𒉌𒅖"", -23.4063], [""𒌷𒀀𒉿𒅈𒈾"", -23.4428], [""𒌷𒉈𒂊𒊭𒀸"", -23.4428], [""𒀀𒀝𒉌𒅖"", -24.139], [""𒌷𒄩𒀜𒋾"", -24.139], [""𒌷𒆷𒊍𒉺"", -24.139], [""𒈪𒋫𒀭𒉌"", -24.139], [""𒀸𒋗𒉿"", -25.2127], [""uːxːi"", -26.0123], [""iːsˤaː́"", -26.5864]]"
ipi	𒀸𒋗𒉿	-8.4226	"[[""𒀸𒋗𒉿"", -8.4226], [""𒀀𒀝𒉌𒅖"", -9.899], [""𒌷𒄩𒀜𒋾"", -9.899], [""𒈪𒋫𒀭𒉌"", -9.899], [""𒌷𒆷𒊍𒉺"", -9.899], [""𒌷𒉈𒂊𒊭𒀸"", -10.7315], [""𒌷𒀀𒉿𒅈𒈾"", -10.7315], [""ku6"", -12.1474], [""aʃ"", -12.8387], [""wa"", -12.8387]]"
ipinama	𒌷𒀀𒉿𒅈𒈾	-18.1288	"[[""𒌷𒀀𒉿𒅈𒈾"", -18.1288], [""𒌷𒉈𒂊𒊭𒀸"", -18.1288], [""𒌷𒄩𒀜𒋾"", -18.3706], [""𒀀𒀝𒉌𒅖"", -18.3706], [""𒌷𒆷𒊍𒉺"", -18.3706], [""𒈪𒋫𒀭𒉌"", -18.3706], [""𒀸𒋗𒉿"", -19.0604], [""𒋼𒊑𒀉𒋾𒌅𒌋𒉌𒅖"", -19.6834], [""ku6"", -24.2448], [""iːsˤaː́"", -25.6984]]"
iti	𒀸𒋗𒉿	-8.4226	"[[""𒀸𒋗𒉿"", -8.4226], [""𒀀𒀝𒉌𒅖"", -9.899], [""𒌷𒄩𒀜𒋾"", -9.899], [""𒈪𒋫𒀭𒉌"", -9.899], [""𒌷𒆷𒊍𒉺"", -9.899], [""𒌷𒉈𒂊𒊭𒀸"", -10.7315], [""𒌷𒀀𒉿𒅈𒈾"", -10.7315], [""ku6"", -12.1474], [""aʃ"", -12.8387], [""wa"", -12.8387]]"
ja	ʃum	-6.2685	"[[""ʃum"", -6.2685], [""xus"", -6.2685], [""aʃ"", -6.5682], [""eːʃ"", -6.9865], [""uk"", -7.5867], [""as"", -7.5867], [""im"", -7.5867], [""𒀸𒋗𒉿"", -7.5983], [""ku6"", -7.6171], [""uul"", -7.6234]]"
jadikitu	𒌷𒀀𒉿𒅈𒈾	-20.7122	"[[""𒌷𒀀𒉿𒅈𒈾"", -20.7122], [""𒌷𒉈𒂊𒊭𒀸"", -20.7122], [""𒀀𒀝𒉌𒅖"", -21.2055], [""𒌷𒄩𒀜𒋾"", -21.2055], [""𒈪𒋫𒀭𒉌"", -21.2055], [""𒌷𒆷𒊍𒉺"", -21.2055], [""𒋼𒊑𒀉𒋾𒌅𒌋𒉌𒅖"", -21.435], [""𒀸𒋗𒉿"", -22.1053], [""as"", -22.3988], [""xus"", -22.5069]]"
jainwaza	𒌷𒉈𒂊𒊭𒀸	-20.7122	"[[""𒌷𒉈𒂊𒊭𒀸"", -20.7122], [""𒌷𒀀𒉿𒅈𒈾"", -20.7122], [""𒀀𒀝𒉌𒅖"", -21.2055], [""𒌷𒄩𒀜𒋾"", -21.2055], [""𒌷𒆷𒊍𒉺"", -21.2055], [""𒈪𒋫𒀭𒉌"", -21.2055], [""𒋼𒊑𒀉𒋾𒌅𒌋𒉌𒅖"", -21.435], [""𒀸𒋗𒉿"", -22.1053], [""iːsˤaː́"", -24.222], [""eːʃ"", -25.3204]]"
jaja	eːʃ	-7.7295	"[[""eːʃ"", -7.7295], [""aʃ"", -8.3825], [""xuːʃ"", -8.8145], [""uːxːi"", -9.7328], [""xʃap"", -9.7498], [""uxːi"", -9.9564], [""xapa"", -10.45], [""𒀸𒋗𒉿"", -10.6439], [""xus"", -10.8892], [""ʃum"", -10.8892]]"
jasa	uk	-9.4732	"[[""uk"", -9.4732], [""xapa"", -10.4129], [""xuːʃ"", -10.4965], [""𒀸𒋗𒉿"", -10.6439], [""xʃap"", -10.7599], [""uxːi"", -10.7884], [""ʃum"", -10.9837], [""xus"", -10.9837], [""xatːi"", -11.0005], [""apːa"", -11.0225]]"
jasasa	apːa	-13.6588	"[[""apːa"", -13.6588], [""xapa"", -14.5628], [""xatːi"", -15.0274], [""xʃap"", -15.1475], [""uk"", -15.3979], [""𒀀𒀝𒉌𒅖"", -15.6764], [""𒌷𒄩𒀜𒋾"", -15.6764], [""𒌷𒆷𒊍𒉺"", -15.6764], [""𒈪𒋫𒀭𒉌"", -15.6764], [""ʃaer"", -15.755]]"
jasasara	xapa	-17.8133	"[[""xapa"", -17.8133], [""ʃuːpːari"", -18.7433], [""apːa"", -18.9227], [""ʃiːetsːi"", -20.069], [""xatːi"", -20.4347], [""apijaː"", -20.494], [""paːi"", -20.6074], [""xaːʃtai"", -20.7092], [""𒌷𒉈𒂊𒊭𒀸"", -20.7122], [""𒌷𒀀𒉿𒅈𒈾"", -20.7122]]"
jasasarama	xapa	-24.8077	"[[""xapa"", -24.8077], [""ʃuːpːari"", -25.1939], [""𒋼𒊑𒀉𒋾𒌅𒌋𒉌𒅖"", -25.5942], [""apːa"", -25.9093], [""iːsˤaː́"", -26.0825], [""𒌷𒀀𒉿𒅈𒈾"", -26.2798], [""𒌷𒉈𒂊𒊭𒀸"", -26.2798], [""apijaː"", -26.4403], [""ʃiːetsːi"", -26.8693], [""𒌷𒄩𒀜𒋾"", -27.1456]]"
jasasarame	xapa	-24.8077	"[[""xapa"", -24.8077], [""ʃuːpːari"", -25.1939], [""𒋼𒊑𒀉𒋾𒌅𒌋𒉌𒅖"", -25.5942], [""apːa"", -25.9093], [""iːsˤaː́"", -26.0825], [""𒌷𒀀𒉿𒅈𒈾"", -26.2798], [""𒌷𒉈𒂊𒊭𒀸"", -26.2798], [""apijaː"", -26.4403], [""ʃiːetsːi"", -26.8693], [""𒌷𒄩𒀜𒋾"", -27.1456]]"
jasaunakanasi	xatːi	-31.868	"[[""xatːi"", -31.868], [""𒋼𒊑𒀉𒋾𒌅𒌋𒉌𒅖"", -33.0815], [""aːsːa"", -33.3499], [""iːsˤaː́"", -33.8058], [""ʃuːpːari"", -33.9681], [""ʃiːetsːi"", -34.077], [""aːitsːi"", -34.1209], [""ietsːi"", -34.798], [""eːtsːi"", -34.9206], [""ʃaːkitsːi"", -34.9875]]"
jataiΘuja	𒋼𒊑𒀉𒋾𒌅𒌋𒉌𒅖	-23.4063	"[[""𒋼𒊑𒀉𒋾𒌅𒌋𒉌𒅖"", -23.4063], [""𒌷𒉈𒂊𒊭𒀸"", -23.4428], [""𒌷𒀀𒉿𒅈𒈾"", -23.4428], [""eːʃ"", -23.4898], [""iti"", -23.7776], [""eːʃtsi"", -23.806], [""aːsːa"", -24.0663], [""xuːʃ"", -24.108], [""𒀀𒀝𒉌𒅖"", -24.139], [""𒌷𒄩𒀜𒋾"", -24.139]]"
jawa	𒀸𒋗𒉿	-10.6439	"[[""𒀸𒋗𒉿"", -10.6439], [""𒀀𒀝𒉌𒅖"", -11.1101], [""𒌷𒆷𒊍𒉺"", -11.1101], [""𒈪𒋫𒀭𒉌"", -11.1101], [""𒌷𒄩𒀜𒋾"", -11.1101], [""𒌷𒉈𒂊𒊭𒀸"", -12.2879], [""𒌷𒀀𒉿𒅈𒈾"", -12.2879], [""ʃum"", -12.5619], [""xus"", -12.5619], [""eːʃ"", -12.6606]]"
jawaΦ	𒀀𒀝𒉌𒅖	-13.1999	"[[""𒀀𒀝𒉌𒅖"", -13.1999], [""𒈪𒋫𒀭𒉌"", -13.1999], [""𒌷𒄩𒀜𒋾"", -13.1999], [""𒌷𒆷𒊍𒉺"", -13.1999], [""𒀸𒋗𒉿"", -13.2697], [""𒌷𒉈𒂊𒊭𒀸"", -13.742], [""𒌷𒀀𒉿𒅈𒈾"", -13.742], [""eːʃ"", -15.729], [""ʃum"", -15.8323], [""xus"", -15.8323]]"
mai	𒀸𒋗𒉿	-8.4226	"[[""𒀸𒋗𒉿"", -8.4226], [""𒀀𒀝𒉌𒅖"", -9.899], [""𒌷𒄩𒀜𒋾"", -9.899], [""𒈪𒋫𒀭𒉌"", -9.899], [""𒌷𒆷𒊍𒉺"", -9.899], [""𒌷𒉈𒂊𒊭𒀸"", -10.7315], [""𒌷𒀀𒉿𒅈𒈾"", -10.7315], [""ku6"", -12.1474], [""aʃ"", -12.8387], [""wa"", -12.8387]]"
me	𒀸𒋗𒉿	-7.5983	"[[""𒀸𒋗𒉿"", -7.5983], [""𒌷𒄩𒀜𒋾"", -8.3809], [""𒀀𒀝𒉌𒅖"", -8.3809], [""𒈪𒋫𒀭𒉌"", -8.3809], [""𒌷𒆷𒊍𒉺"", -8.3809], [""ku6"", -9.6804], [""wa"", -9.7452], [""lu"", -9.7452], [""aʃ"", -9.7452], [""ke"", -9.7452]]"
na	𒀸𒋗𒉿	-7.5983	"[[""𒀸𒋗𒉿"", -7.5983], [""𒌷𒄩𒀜𒋾"", -8.3809], [""𒀀𒀝𒉌𒅖"", -8.3809], [""𒈪𒋫𒀭𒉌"", -8.3809], [""𒌷𒆷𒊍𒉺"", -8.3809], [""ku6"", -9.6804], [""wa"", -9.7452], [""lu"", -9.7452], [""aʃ"", -9.7452], [""ke"", -9.7452]]"
nasi	𒀸𒋗𒉿	-10.6439	"[[""𒀸𒋗𒉿"", -10.6439], [""𒌷𒄩𒀜𒋾"", -11.1101], [""𒀀𒀝𒉌𒅖"", -11.1101], [""𒌷𒆷𒊍𒉺"", -11.1101], [""𒈪𒋫𒀭𒉌"", -11.1101], [""𒌷𒉈𒂊𒊭𒀸"", -12.2879], [""𒌷𒀀𒉿𒅈𒈾"", -12.2879], [""ku6"", -12.8883], [""praː"", -13.4461], [""uk"", -13.5419]]"
nu	as	-6.291	"[[""as"", -6.291], [""kut"", -6.6512], [""tuk"", -6.6793], [""xus"", -6.9234], [""ais"", -6.9234], [""tai"", -6.9795], [""tur"", -6.9795], [""uk"", -7.3283], [""𒀸𒋗𒉿"", -7.5983], [""ku6"", -7.9006]]"
piteri	𒀀𒀝𒉌𒅖	-15.6764	"[[""𒀀𒀝𒉌𒅖"", -15.6764], [""𒌷𒄩𒀜𒋾"", -15.6764], [""𒌷𒆷𒊍𒉺"", -15.6764], [""𒈪𒋫𒀭𒉌"", -15.6764], [""𒌷𒀀𒉿𒅈𒈾"", -15.7621], [""𒌷𒉈𒂊𒊭𒀸"", -15.7621], [""𒀸𒋗𒉿"", -16.1017], [""𒋼𒊑𒀉𒋾𒌅𒌋𒉌𒅖"", -18.0751], [""ku6"", -19.5054], [""apːa"", -19.7696]]"
rame	𒀸𒋗𒉿	-10.6439	"[[""𒀸𒋗𒉿"", -10.6439], [""𒀀𒀝𒉌𒅖"", -11.1101], [""𒌷𒄩𒀜𒋾"", -11.1101], [""𒌷𒆷𒊍𒉺"", -11.1101], [""𒈪𒋫𒀭𒉌"", -11.1101], [""ku6"", -12.0934], [""𒌷𒀀𒉿𒅈𒈾"", -12.2879], [""𒌷𒉈𒂊𒊭𒀸"", -12.2879], [""praː"", -12.5976], [""eːʃ"", -12.6683]]"
re	ku6	-6.394	"[[""ku6"", -6.394], [""eːʃ"", -7.016], [""ke"", -7.0345], [""uk"", -7.1231], [""pai"", -7.3357], [""praː"", -7.3438], [""ker"", -7.3461], [""kut"", -7.3461], [""im"", -7.5867], [""as"", -7.5867]]"
reike	𒌷𒆷𒊍𒉺	-13.1999	"[[""𒌷𒆷𒊍𒉺"", -13.1999], [""𒀀𒀝𒉌𒅖"", -13.1999], [""𒈪𒋫𒀭𒉌"", -13.1999], [""𒌷𒄩𒀜𒋾"", -13.1999], [""𒀸𒋗𒉿"", -13.2697], [""𒌷𒉈𒂊𒊭𒀸"", -13.742], [""𒌷𒀀𒉿𒅈𒈾"", -13.742], [""ku6"", -15.1857], [""praː"", -15.5914], [""eːʃ"", -15.7339]]"
reja	eːʃ	-7.7296	"[[""eːʃ"", -7.7296], [""aʃ"", -8.3861], [""ku6"", -8.8055], [""ke"", -9.4749], [""uːxːi"", -9.7395], [""uxːi"", -10.2836], [""kuiʃ"", -10.6031], [""𒀸𒋗𒉿"", -10.6439], [""paːi"", -10.7311], [""araːʃ"", -11.0842]]"
ridau	as	-11.8879	"[[""as"", -11.8879], [""uk"", -12.9731], [""𒀀𒀝𒉌𒅖"", -13.1999], [""𒈪𒋫𒀭𒉌"", -13.1999], [""𒌷𒄩𒀜𒋾"", -13.1999], [""𒌷𒆷𒊍𒉺"", -13.1999], [""𒀸𒋗𒉿"", -13.2697], [""kut"", -13.454], [""aːsːa"", -13.6092], [""aːtar"", -13.6228]]"
sarame	ku6	-14.7349	"[[""ku6"", -14.7349], [""𒀀𒀝𒉌𒅖"", -15.6764], [""𒌷𒄩𒀜𒋾"", -15.6764], [""𒈪𒋫𒀭𒉌"", -15.6764], [""𒌷𒆷𒊍𒉺"", -15.6764], [""𒌷𒀀𒉿𒅈𒈾"", -15.7621], [""𒌷𒉈𒂊𒊭𒀸"", -15.7621], [""𒀸𒋗𒉿"", -16.1017], [""iːsˤaː́"", -16.4063], [""ke"", -16.4697]]"
sasarame	ku6	-20.469	"[[""ku6"", -20.469], [""paːi"", -20.5872], [""apːa"", -20.5913], [""𒌷𒉈𒂊𒊭𒀸"", -20.7122], [""𒌷𒀀𒉿𒅈𒈾"", -20.7122], [""iːsˤaː́"", -20.8605], [""𒌷𒄩𒀜𒋾"", -21.2055], [""𒀀𒀝𒉌𒅖"", -21.2055], [""𒈪𒋫𒀭𒉌"", -21.2055], [""𒌷𒆷𒊍𒉺"", -21.2055]]"
sekanasi	𒌷𒉈𒂊𒊭𒀸	-20.7122	"[[""𒌷𒉈𒂊𒊭𒀸"", -20.7122], [""𒌷𒀀𒉿𒅈𒈾"", -20.7122], [""𒀀𒀝𒉌𒅖"", -21.2055], [""𒌷𒄩𒀜𒋾"", -21.2055], [""𒌷𒆷𒊍𒉺"", -21.2055], [""𒈪𒋫𒀭𒉌"", -21.2055], [""𒋼𒊑𒀉𒋾𒌅𒌋𒉌𒅖"", -21.435], [""𒀸𒋗𒉿"", -22.1053], [""uːxːi"", -22.423], [""aːsːa"", -22.423]]"
setoija	praː	-15.8132	"[[""praː"", -15.8132], [""eːʃ"", -16.6586], [""uru"", -16.7655], [""ara"", -16.7655], [""araːʃ"", -16.9275], [""paːi"", -17.131], [""kaːaʃ"", -17.1337], [""arxaʃ"", -17.2869], [""atːaːʃ"", -17.3551], [""kuwaːʃ"", -17.5925]]"
si	ku6	-6.394	"[[""ku6"", -6.394], [""eːʃ"", -7.016], [""ke"", -7.0345], [""uk"", -7.1231], [""pai"", -7.3357], [""praː"", -7.3438], [""ker"", -7.3461], [""kut"", -7.3461], [""im"", -7.5867], [""as"", -7.5867]]"
siru	kut	-5.9646	"[[""kut"", -5.9646], [""ais"", -6.2486], [""ekːus"", -7.6608], [""as"", -7.6993], [""kuit"", -7.9869], [""kuis"", -7.9869], [""patas"", -8.0365], [""purut"", -8.3167], [""atːas"", -8.3222], [""asːus"", -8.3222]]"
sirute	kut	-12.9784	"[[""kut"", -12.9784], [""ais"", -13.2626], [""ekːus"", -14.5723], [""patas"", -14.6376], [""pitːai"", -14.6659], [""patːai"", -14.6659], [""kesːar"", -14.6667], [""patːar"", -14.6667], [""as"", -14.7137], [""ku6"", -14.7296]]"
tanaiΘti	𒌷𒀀𒉿𒅈𒈾	-20.7122	"[[""𒌷𒀀𒉿𒅈𒈾"", -20.7122], [""𒌷𒉈𒂊𒊭𒀸"", -20.7122], [""𒀀𒀝𒉌𒅖"", -21.2055], [""𒌷𒄩𒀜𒋾"", -21.2055], [""𒈪𒋫𒀭𒉌"", -21.2055], [""𒌷𒆷𒊍𒉺"", -21.2055], [""𒋼𒊑𒀉𒋾𒌅𒌋𒉌𒅖"", -21.435], [""𒀸𒋗𒉿"", -22.1053], [""ku6"", -27.4599], [""iːsˤaː́"", -28.4239]]"
tanaiΘutinu	𒋼𒊑𒀉𒋾𒌅𒌋𒉌𒅖	-27.9595	"[[""𒋼𒊑𒀉𒋾𒌅𒌋𒉌𒅖"", -27.9595], [""𒌷𒉈𒂊𒊭𒀸"", -29.1973], [""𒌷𒀀𒉿𒅈𒈾"", -29.1973], [""𒀀𒀝𒉌𒅖"", -30.2086], [""𒈪𒋫𒀭𒉌"", -30.2086], [""𒌷𒆷𒊍𒉺"", -30.2086], [""𒌷𒄩𒀜𒋾"", -30.2086], [""𒀸𒋗𒉿"", -31.5602], [""iːsˤaː́"", -33.5276], [""tasːus"", -33.6065]]"
tanarateutinu	𒋼𒊑𒀉𒋾𒌅𒌋𒉌𒅖	-33.0815	"[[""𒋼𒊑𒀉𒋾𒌅𒌋𒉌𒅖"", -33.0815], [""𒌷𒀀𒉿𒅈𒈾"", -35.2094], [""𒌷𒉈𒂊𒊭𒀸"", -35.2094], [""𒀀𒀝𒉌𒅖"", -36.4613], [""𒈪𒋫𒀭𒉌"", -36.4613], [""𒌷𒄩𒀜𒋾"", -36.4613], [""𒌷𒆷𒊍𒉺"", -36.4613], [""iːsˤaː́"", -36.9445], [""atːas"", -37.102], [""asːus"", -37.102]]"
te	𒀸𒋗𒉿	-7.5983	"[[""𒀸𒋗𒉿"", -7.5983], [""𒌷𒄩𒀜𒋾"", -8.3809], [""𒀀𒀝𒉌𒅖"", -8.3809], [""𒈪𒋫𒀭𒉌"", -8.3809], [""𒌷𒆷𒊍𒉺"", -8.3809], [""ku6"", -9.6804], [""wa"", -9.7452], [""lu"", -9.7452], [""aʃ"", -9.7452], [""ke"", -9.7452]]"
tosa	wa	-8.3869	"[[""wa"", -8.3869], [""lu"", -8.3869], [""uk"", -9.4758], [""praː"", -10.4681], [""𒀸𒋗𒉿"", -10.6439], [""waki"", -10.7086], [""uru"", -10.9825], [""ara"", -10.9825], [""waːki"", -11.0619], [""𒈪𒋫𒀭𒉌"", -11.1101]]"
tume	𒀸𒋗𒉿	-10.6439	"[[""𒀸𒋗𒉿"", -10.6439], [""𒀀𒀝𒉌𒅖"", -11.1101], [""𒌷𒆷𒊍𒉺"", -11.1101], [""𒈪𒋫𒀭𒉌"", -11.1101], [""𒌷𒄩𒀜𒋾"", -11.1101], [""𒌷𒉈𒂊𒊭𒀸"", -12.2879], [""𒌷𒀀𒉿𒅈𒈾"", -12.2879], [""tuk"", -12.7612], [""ku6"", -12.8374], [""tur"", -12.8687]]"
tumei	𒀀𒀝𒉌𒅖	-13.1999	"[[""𒀀𒀝𒉌𒅖"", -13.1999], [""𒌷𒄩𒀜𒋾"", -13.1999], [""𒌷𒆷𒊍𒉺"", -13.1999], [""𒈪𒋫𒀭𒉌"", -13.1999], [""𒀸𒋗𒉿"", -13.2697], [""𒌷𒉈𒂊𒊭𒀸"", -13.742], [""𒌷𒀀𒉿𒅈𒈾"", -13.742], [""ku6"", -15.7846], [""tuk"", -15.994], [""tur"", -16.0745]]"
turusa	pata	-10.8527	"[[""pata"", -10.8527], [""tuk"", -12.2885], [""tetan"", -12.4153], [""kut"", -12.9788], [""tepus"", -13.1157], [""sakːi"", -13.2137], [""tai"", -13.2445], [""iti"", -13.2549], [""patas"", -13.2675], [""sikaʃ"", -13.4035]]"
unaka	𒀀𒀝𒉌𒅖	-13.1999	"[[""𒀀𒀝𒉌𒅖"", -13.1999], [""𒌷𒄩𒀜𒋾"", -13.1999], [""𒈪𒋫𒀭𒉌"", -13.1999], [""𒌷𒆷𒊍𒉺"", -13.1999], [""𒀸𒋗𒉿"", -13.2697], [""𒌷𒉈𒂊𒊭𒀸"", -13.742], [""𒌷𒀀𒉿𒅈𒈾"", -13.742], [""ku6"", -15.3836], [""praː"", -15.5995], [""tuk"", -15.8373]]"
unakana	𒌷𒀀𒉿𒅈𒈾	-18.1288	"[[""𒌷𒀀𒉿𒅈𒈾"", -18.1288], [""𒌷𒉈𒂊𒊭𒀸"", -18.1288], [""𒌷𒆷𒊍𒉺"", -18.3706], [""𒀀𒀝𒉌𒅖"", -18.3706], [""𒌷𒄩𒀜𒋾"", -18.3706], [""𒈪𒋫𒀭𒉌"", -18.3706], [""𒀸𒋗𒉿"", -19.0604], [""𒋼𒊑𒀉𒋾𒌅𒌋𒉌𒅖"", -19.6834], [""ku6"", -21.7259], [""praː"", -21.8575]]"
unakanasi	𒋼𒊑𒀉𒋾𒌅𒌋𒉌𒅖	-23.4063	"[[""𒋼𒊑𒀉𒋾𒌅𒌋𒉌𒅖"", -23.4063], [""𒌷𒉈𒂊𒊭𒀸"", -23.4428], [""𒌷𒀀𒉿𒅈𒈾"", -23.4428], [""𒀀𒀝𒉌𒅖"", -24.139], [""𒌷𒄩𒀜𒋾"", -24.139], [""𒈪𒋫𒀭𒉌"", -24.139], [""𒌷𒆷𒊍𒉺"", -24.139], [""𒀸𒋗𒉿"", -25.2127], [""sakːi"", -25.6083], [""ku6"", -26.221]]"
unarukajasi	patːaːi	-24.2	"[[""patːaːi"", -24.2], [""patːai"", -24.8734], [""pitːai"", -24.8734], [""sakːi"", -25.9289], [""Ḫatːuʃa"", -26.5411], [""taːʃːuːʃ"", -26.9494], [""tsak"", -26.982], [""tsik"", -26.982], [""supːari"", -27.0698], [""tasːus"", -27.2204]]"
unarukanasi	sakːi	-26.3323	"[[""sakːi"", -26.3323], [""patːaːi"", -27.2133], [""tasːus"", -27.7622], [""𒋼𒊑𒀉𒋾𒌅𒌋𒉌𒅖"", -27.9595], [""patːai"", -28.1032], [""pitːai"", -28.1032], [""supːari"", -28.2635], [""sietsːi"", -28.2741], [""pata"", -28.3641], [""patːar"", -28.8853]]"
unarukanati	𒋼𒊑𒀉𒋾𒌅𒌋𒉌𒅖	-27.9595	"[[""𒋼𒊑𒀉𒋾𒌅𒌋𒉌𒅖"", -27.9595], [""tasːus"", -29.0198], [""𒌷𒉈𒂊𒊭𒀸"", -29.1973], [""𒌷𒀀𒉿𒅈𒈾"", -29.1973], [""sakːi"", -30.1513], [""𒌷𒆷𒊍𒉺"", -30.2086], [""𒀀𒀝𒉌𒅖"", -30.2086], [""𒌷𒄩𒀜𒋾"", -30.2086], [""𒈪𒋫𒀭𒉌"", -30.2086], [""pitːai"", -30.2407]]"
utinu	tsak	-13.0963	"[[""tsak"", -13.0963], [""tsik"", -13.0963], [""𒈪𒋫𒀭𒉌"", -13.1999], [""𒌷𒄩𒀜𒋾"", -13.1999], [""𒌷𒆷𒊍𒉺"", -13.1999], [""𒀀𒀝𒉌𒅖"", -13.1999], [""𒀸𒋗𒉿"", -13.2697], [""tuk"", -13.5794], [""kut"", -13.6052], [""kuis"", -13.6499]]"
Θwa	𒀸𒋗𒉿	-8.4226	"[[""𒀸𒋗𒉿"", -8.4226], [""𒀀𒀝𒉌𒅖"", -9.899], [""𒌷𒄩𒀜𒋾"", -9.899], [""𒈪𒋫𒀭𒉌"", -9.899], [""𒌷𒆷𒊍𒉺"", -9.899], [""𒌷𒉈𒂊𒊭𒀸"", -10.7315], [""𒌷𒀀𒉿𒅈𒈾"", -10.7315], [""ku6"", -12.1474], [""aʃ"", -12.8387], [""wa"", -12.8387]]"
Φe	𒀸𒋗𒉿	-7.5983	"[[""𒀸𒋗𒉿"", -7.5983], [""𒌷𒄩𒀜𒋾"", -8.3809], [""𒀀𒀝𒉌𒅖"", -8.3809], [""𒈪𒋫𒀭𒉌"", -8.3809], [""𒌷𒆷𒊍𒉺"", -8.3809], [""ku6"", -9.6804], [""wa"", -9.7452], [""lu"", -9.7452], [""aʃ"", -9.7452], [""ke"", -9.7452]]"
Φniwi	𒌷𒆷𒊍𒉺	-13.1999	"[[""𒌷𒆷𒊍𒉺"", -13.1999], [""𒀀𒀝𒉌𒅖"", -13.1999], [""𒌷𒄩𒀜𒋾"", -13.1999], [""𒈪𒋫𒀭𒉌"", -13.1999], [""𒀸𒋗𒉿"", -13.2697], [""𒌷𒀀𒉿𒅈𒈾"", -13.742], [""𒌷𒉈𒂊𒊭𒀸"", -13.742], [""𒋼𒊑𒀉𒋾𒌅𒌋𒉌𒅖"", -16.8346], [""ku6"", -17.9765], [""ke"", -19.3208]]"
